<?xml version='1.0' encoding='utf-8'?>
<data>
  <row>
    <pope>ALEXANDER III.</pope>
    <date>1161 „ 30.</date>
    <place>Paenerte</place>
    <number>10668 (7174)</number>
    <text>Hugoni, episcopo Suessionensi, praecipit, ut secundum privilegia ecclesiae S. Martini Sparnacensis „in ecclesia S. Martini de Montefelici uni de fratribus Spar- nacensibus curam animarum committat“. Duchesne H. Fr. SS. IV. 593, Bouquet Rec. XV. 770, Mansi XXI. 980, Migne 200 p. 122. — „Quae a sede apostolica“.</text>
    <page_nr>154</page_nr>
  </row>
</data>
