<?xml version='1.0' encoding='utf-8'?>
<data>
  <row>
    <pope>ALEXANDER III.</pope>
    <date>prev_page</date>
    <place>prev_page</place>
    <number>prev_page</number>
    <text>praelatis per Marchiam constitutis nunciat, se „VIII. id. Iunii (d. 6. Iun.) Urbem tenuisse et a clero et populo Romano apud ecclesiam S. Mariae novae solemniter fuisse receptum, sequenti quoque die dominico (11. Iunii) in Lateranensi ecclesia missarum sollemnia celebrasse“. Hortatur, ut fidi sibi maneant. Tengnagel Vet. mon. p. 399, Mansi XXI. 1036, Migne 200 p. 121. — „Licet aliquando“.</text>
    <page_nr>154</page_nr>
  </row>
</data>
