<?xml version="1.0" encoding="UTF-8"  standalone="yes"?>
<PcGts xmlns="http://schema.primaresearch.org/PAGE/gts/pagecontent/2019-07-15" xmlns:xsi="http://www.w3.org/2001/XMLSchema-instance" xsi:schemaLocation="http://schema.primaresearch.org/PAGE/gts/pagecontent/2019-07-15 http://schema.primaresearch.org/PAGE/gts/pagecontent/2019-07-15/pagecontent.xsd">
  <Metadata externalRef="pdf//regestapontificu02cath.pdf">
	<Creator>escriptorium</Creator>
	<Created>2026-01-31T10:23:37.577576+00:00</Created>
        <LastChange>2026-02-04T21:30:24.110763+00:00</LastChange>
  </Metadata>
  <Page imageFilename="regestapontificu02cath.pdf_page_93.png" imageWidth="3007" imageHeight="3975">
    <TextRegion id="eSc_textblock_cc8e9214"  custom="structure {type:default;}">
      <Coords points="2554,273 2697,291 2671,397 2680,3584 106,3575 70,412 106,318 421,300 642,335 671,300 795,291 2554,273"/>
      <TextLine id="eSc_line_1a0a8712" custom="structure {type:default;}">
        <Coords points="693,298 673,298 667,300 649,322 651,359 651,386 808,384 828,388 859,399 861,399 863,399 919,388 930,388 945,388 1031,399 1034,399 1144,388 1186,386 1197,388 1212,395 1215,395 1217,395 1219,395 1221,395 1228,388 1241,382 1325,388 1387,395 1389,395 1416,388 1460,379 1634,379 1707,388 1749,395 1752,395 1754,395 1771,388 1813,377 1853,388 1864,393 1866,393 1869,393 2198,388 2198,351 2191,302 1926,306 1922,302 1908,293 1908,291 1906,291 1904,291 1811,289 1809,289 1807,289 1805,289 1780,304 1771,311 1509,311 1504,306 1484,291 1482,291 1480,291 1425,291 1422,291 1354,306 1336,311 1243,309 994,300 992,300 943,311 932,313 925,311 888,295 885,295 715,295 693,298"/>
        <Baseline points="651,359 2198,351"/>
        <TextEquiv conf="0.9646622565255236">
          <Unicode>1152. (Int. 15. pont. a. 7. — 18. 146,. — S. 1151. 25. Mart. 1132.)</Unicode>
        </TextEquiv>
      </TextLine>
      <TextLine id="eSc_line_29d63047" custom="structure {type:default;}">
        <Coords points="676,415 673,437 691,448 693,448 695,448 698,448 2649,439 2651,419 2649,384 676,384 676,415"/>
        <Baseline points="676,415 2651,419"/>
        <TextEquiv conf="0.99982848518035">
          <Unicode>9604 Episcopos et abbates apud Cistercium congregatos rogat, ut regulae Cisterciensis</Unicode>
        </TextEquiv>
      </TextLine>
      <TextLine id="eSc_line_aea18209" custom="structure {type:default;}">
        <Coords points="375,424 375,446 612,457 614,417 609,368 373,366 375,424"/>
        <Baseline points="375,424 614,417"/>
        <TextEquiv conf="0.9999752706951566">
          <Unicode>(Signiae)</Unicode>
        </TextEquiv>
      </TextLine>
      <TextLine id="eSc_line_27c3b361" custom="structure {type:default;}">
        <Coords points="108,426 108,468 141,468 143,468 167,490 167,492 170,492 172,492 174,492 307,474 307,426 307,384 194,357 192,357 190,357 108,382 108,426"/>
        <Baseline points="108,426 307,426"/>
        <TextEquiv conf="0.9995472192764282">
          <Unicode>(Aug)</Unicode>
        </TextEquiv>
      </TextLine>
      <TextLine id="eSc_line_c913e0ba" custom="structure {type:default;}">
        <Coords points="731,474 731,499 2646,499 2649,470 2642,443 729,446 731,474"/>
        <Baseline points="731,474 2649,470"/>
        <TextEquiv conf="0.989542415389767">
          <Unicode>rigore tempcrato, monasterium S. Anastasii (ad Aquas salvias Romanum) castrum</Unicode>
        </TextEquiv>
      </TextLine>
      <TextLine id="eSc_line_7b00b81c" custom="structure {type:default;}">
        <Coords points="733,530 733,556 2646,549 2649,525 2642,499 731,499 733,530"/>
        <Baseline points="733,530 2649,525"/>
        <TextEquiv conf="0.9999189957976341">
          <Unicode>quoddam aliasque possessiones retinere permittant, cum ad fratrum sustentationem</Unicode>
        </TextEquiv>
      </TextLine>
      <TextLine id="eSc_line_d764ea64" custom="structure {type:default;}">
        <Coords points="733,585 733,609 2651,609 2651,585 2651,556 733,556 733,585"/>
        <Baseline points="733,585 2651,585"/>
        <TextEquiv conf="0.9948980983184732">
          <Unicode>necessaria sint. Archivio della soc. Rom. di stor. patr. IV. 400. — „Quod ad clarificandas“.</Unicode>
        </TextEquiv>
      </TextLine>
      <TextLine id="eSc_line_98f9078f" custom="structure {type:default;}">
        <Coords points="678,638 678,664 2653,664 2653,638 2653,609 678,609 678,638"/>
        <Baseline points="678,638 2653,638"/>
        <TextEquiv conf="0.9991520597964902">
          <Unicode>9605 (6659) E(berhardum) Salzburgensem, A(rtwicum) Bremensem, H(illinum) Trevi-</Unicode>
        </TextEquiv>
      </TextLine>
      <TextLine id="eSc_line_628dbdf4" custom="structure {type:default;}">
        <Coords points="165,649 167,671 214,653 247,666 251,669 254,669 256,671 362,671 362,669 364,669 366,669 366,666 368,666 373,662 380,653 430,658 512,666 514,666 517,666 567,651 567,644 558,605 519,620 163,620 165,649"/>
        <Baseline points="165,649 567,644"/>
        <TextEquiv conf="0.9992686882615089">
          <Unicode>„ 17.  „</Unicode>
        </TextEquiv>
      </TextLine>
      <TextLine id="eSc_line_87009676" custom="structure {type:default;}">
        <Coords points="733,693 731,713 2646,719 2651,697 2649,666 733,662 733,693"/>
        <Baseline points="733,693 2651,697"/>
        <TextEquiv conf="0.9992673069238662">
          <Unicode>rensem archiepiscopos, et E(berhardum) Bambergensem, H(ermannum) Constantiensem,</Unicode>
        </TextEquiv>
      </TextLine>
      <TextLine id="eSc_line_21f9bc2b" custom="structure {type:default;}">
        <Coords points="733,750 733,775 2653,775 2653,750 2653,722 733,722 733,750"/>
        <Baseline points="733,750 2653,750"/>
        <TextEquiv conf="0.995018780985965">
          <Unicode>H(enricum) Ratisponensem, O(ttonem) Frisingensem, C(onradum) Passaviensem, D(a-</Unicode>
        </TextEquiv>
      </TextLine>
      <TextLine id="eSc_line_9a623be0" custom="structure {type:default;}">
        <Coords points="733,808 733,830 2651,823 2653,801 2646,772 731,777 733,808"/>
        <Baseline points="733,808 2653,801"/>
        <TextEquiv conf="0.9902955905387276">
          <Unicode>nielem) Pragensem, A(nselmum) Havelbergensem, B(urkardum) Eichstetensem epi-</Unicode>
        </TextEquiv>
      </TextLine>
      <TextLine id="eSc_line_452715e3" custom="structure {type:default;}">
        <Coords points="733,863 733,883 2651,878 2653,859 2646,830 731,832 733,863"/>
        <Baseline points="733,863 2653,859"/>
        <TextEquiv conf="0.9964435673677005">
          <Unicode>scopos reprehendit, quod C(uicmanno), de sede Cixensi ad Magdeburgensem contra</Unicode>
        </TextEquiv>
      </TextLine>
      <TextLine id="eSc_line_9704af00" custom="structure {type:default;}">
        <Coords points="731,916 731,938 2653,938 2653,916 2653,887 731,887 731,916"/>
        <Baseline points="731,916 2653,916"/>
        <TextEquiv conf="0.9937714496745339">
          <Unicode>canones translato, faveant. Hortatur, F(ridericum) regem moneant, „ut et ipse a</Unicode>
        </TextEquiv>
      </TextLine>
      <TextLine id="eSc_line_abdb7c35" custom="structure {type:default;}">
        <Coords points="733,971 733,989 2649,993 2651,971 2651,942 733,942 733,971"/>
        <Baseline points="733,971 2651,971"/>
        <TextEquiv conf="0.9942207836810454">
          <Unicode>sua super hoc intentione desistat“. Ottonis Fris. Gesta Frid. L. II. c. 8 in Mon.</Unicode>
        </TextEquiv>
      </TextLine>
      <TextLine id="eSc_line_520bbbdf" custom="structure {type:default;}">
        <Coords points="731,1020 729,1040 2646,1055 2651,1029 2651,998 2622,984 2620,984 2618,984 2333,995 2317,995 2313,995 2262,984 2260,984 2258,984 2220,995 2218,995 2213,995 2171,982 2169,982 1933,982 1931,982 1928,982 1926,982 1911,993 1908,993 1895,993 1639,982 1637,982 731,987 731,1020"/>
        <Baseline points="731,1020 2651,1029"/>
        <TextEquiv conf="0.9979940905020788">
          <Unicode>Germ. SS. XX. 393. Jaffé Bibl. I. 535, (Martene Coll. II. 554, Mansi XXI. 631,</Unicode>
        </TextEquiv>
      </TextLine>
      <TextLine id="eSc_line_6c999e34" custom="structure {type:default;}">
        <Coords points="733,1082 733,1099 821,1113 824,1113 983,1099 994,1099 996,1099 1027,1113 1029,1113 1031,1113 1034,1113 1071,1099 1073,1099 1078,1099 1197,1113 1199,1113 1201,1113 1246,1097 1252,1097 1303,1097 1305,1097 1316,1108 1316,1110 1319,1110 1321,1110 1323,1113 1504,1113 1504,1110 1506,1110 1509,1110 1522,1099 1533,1110 1535,1110 1537,1110 1539,1113 1623,1113 1623,1110 1626,1110 1628,1110 1639,1099 1679,1110 1681,1110 1683,1110 1769,1095 1771,1077 1767,1051 1347,1040 1345,1040 1254,1051 1246,1053 731,1053 733,1082"/>
        <Baseline points="733,1082 1771,1077"/>
        <TextEquiv conf="0.9951620499293009">
          <Unicode>Migne 180 p. 1544). — „Literas, quas pro“.</Unicode>
        </TextEquiv>
      </TextLine>
      <TextLine id="eSc_line_4d12ac2c" custom="structure {type:default;}">
        <Coords points="680,1132 680,1159 2655,1159 2655,1132 2655,1104 680,1097 680,1132"/>
        <Baseline points="680,1132 2655,1132"/>
        <TextEquiv conf="0.9896703158752828">
          <Unicode>9606 (6660) Wibaldum), abbatem Corbeiensem, hortatur, ut A(delgotum), episcopum</Unicode>
        </TextEquiv>
      </TextLine>
      <TextLine id="eSc_line_3785c18e" custom="structure {type:default;}">
        <Coords points="167,1141 167,1170 192,1174 194,1174 196,1174 198,1174 209,1166 227,1152 247,1161 271,1172 273,1172 276,1172 326,1168 329,1168 331,1168 331,1166 346,1148 346,1135 340,1084 269,1090 267,1090 265,1090 260,1095 243,1110 165,1110 167,1141"/>
        <Baseline points="167,1141 346,1135"/>
        <TextEquiv conf="0.9999979257583618">
          <Unicode>„ 20.</Unicode>
        </TextEquiv>
      </TextLine>
      <TextLine id="eSc_line_c0fa14f1" custom="structure {type:default;}">
        <Coords points="459,1150 459,1185 505,1201 508,1201 510,1201 512,1201 565,1181 565,1146 558,1115 528,1115 512,1099 505,1095 505,1093 503,1093 501,1093 455,1084 459,1150"/>
        <Baseline points="459,1150 565,1146"/>
        <TextEquiv conf="0.9999984502792358">
          <Unicode>„</Unicode>
        </TextEquiv>
      </TextLine>
      <TextLine id="eSc_line_683cdd3c" custom="structure {type:default;}">
        <Coords points="733,1188 731,1207 2646,1221 2651,1192 2649,1161 733,1159 733,1188"/>
        <Baseline points="733,1188 2651,1192"/>
        <TextEquiv conf="0.9984416765502736">
          <Unicode>Curiensem, F(riderico) Romanorum regi commendet, „ne inhoneste verbis et facto,</Unicode>
        </TextEquiv>
      </TextLine>
      <TextLine id="eSc_line_ce690dd0" custom="structure {type:default;}">
        <Coords points="735,1247 735,1269 2651,1269 2653,1243 2646,1214 733,1216 735,1247"/>
        <Baseline points="735,1247 2653,1243"/>
        <TextEquiv conf="0.9998502814492514">
          <Unicode>sicut alia vice factum sit, possit impune tractari vel ecclesia illius debita iusticia</Unicode>
        </TextEquiv>
      </TextLine>
      <TextLine id="eSc_line_c5430a96" custom="structure {type:default;}">
        <Coords points="733,1302 733,1325 2651,1325 2653,1298 2646,1272 731,1274 733,1302"/>
        <Baseline points="733,1302 2653,1298"/>
        <TextEquiv conf="0.9925588339567184">
          <Unicode>defraudari“. Indignatur, in curia Ulmae statutum esse, ne qui bona ecclesiastica</Unicode>
        </TextEquiv>
      </TextLine>
      <TextLine id="eSc_line_11137c6e" custom="structure {type:default;}">
        <Coords points="733,1355 733,1380 2653,1380 2653,1355 2653,1329 733,1329 733,1355"/>
        <Baseline points="733,1355 2653,1355"/>
        <TextEquiv conf="0.9905102143927318">
          <Unicode>diripuerint vel incenderint, „nisi prius in laicorum iudicio damnationis sententia</Unicode>
        </TextEquiv>
      </TextLine>
      <TextLine id="eSc_line_6d8828c6" custom="structure {type:default;}">
        <Coords points="733,1411 733,1435 2655,1435 2655,1411 2655,1384 733,1384 733,1411"/>
        <Baseline points="733,1411 2655,1411"/>
        <TextEquiv conf="0.9993751458374851">
          <Unicode>feriantur“, in excommunicationem incurrant. Nunciat, quae, „faciente Ar(noldo) hae-</Unicode>
        </TextEquiv>
      </TextLine>
      <TextLine id="eSc_line_ff346b20" custom="structure {type:default;}">
        <Coords points="735,1468 735,1488 2651,1495 2653,1468 2653,1439 735,1439 735,1468"/>
        <Baseline points="735,1468 2653,1468"/>
        <TextEquiv conf="0.9995608294711393">
          <Unicode>retico, rusticana turba absque nobilium et maiorum scientia nuper sit in Urbe molita;</Unicode>
        </TextEquiv>
      </TextLine>
      <TextLine id="eSc_line_c976cd09" custom="structure {type:default;}">
        <Coords points="735,1523 735,1545 2649,1543 2651,1517 2644,1490 733,1495 735,1523"/>
        <Baseline points="735,1523 2651,1517"/>
        <TextEquiv conf="0.9931415544777382">
          <Unicode>circiter enim duo millia in unum esse secretius coniuratos et in proximis kalendis</Unicode>
        </TextEquiv>
      </TextLine>
      <TextLine id="eSc_line_739e9b45" custom="structure {type:default;}">
        <Coords points="733,1578 733,1601 2651,1598 2653,1574 2646,1548 731,1548 733,1578"/>
        <Baseline points="733,1578 2653,1574"/>
        <TextEquiv conf="0.9945402529678846">
          <Unicode>Novembris centum perpetuos sectatores malorum operum, et duos consules, unum</Unicode>
        </TextEquiv>
      </TextLine>
      <TextLine id="eSc_line_569e4d00" custom="structure {type:default;}">
        <Coords points="733,1634 733,1656 2651,1654 2653,1627 2646,1601 731,1603 733,1634"/>
        <Baseline points="733,1634 2653,1627"/>
        <TextEquiv conf="0.9944409416165463">
          <Unicode>autem, quem velint imperatorem dicere, creaturos esse“; quod Friderico regi „secretius</Unicode>
        </TextEquiv>
      </TextLine>
      <TextLine id="eSc_line_94be8980" custom="structure {type:default;}">
        <Coords points="737,1691 737,1711 2653,1707 2655,1687 2651,1656 1798,1645 1796,1645 1690,1656 850,1647 848,1647 735,1658 737,1691"/>
        <Baseline points="737,1691 2655,1687"/>
        <TextEquiv conf="0.9872652495779642">
          <Unicode>nunciari“ iubet. Jaffé Bibl. I. 537, (Martene Coll. II. 553, Mansi XXI. 766, Migne</Unicode>
        </TextEquiv>
      </TextLine>
      <TextLine id="eSc_line_f788c417" custom="structure {type:default;}">
        <Coords points="740,1744 740,1764 1615,1764 1615,1744 1615,1715 740,1715 740,1744"/>
        <Baseline points="740,1744 1615,1744"/>
        <TextEquiv conf="0.9994947025270173">
          <Unicode>180 p. 1545). — „De quorum pura“.</Unicode>
        </TextEquiv>
      </TextLine>
      <TextLine id="eSc_line_a132a59f" custom="structure {type:default;}">
        <Coords points="167,1802 167,1828 229,1817 236,1824 251,1837 251,1839 254,1839 256,1839 258,1841 289,1841 289,1839 291,1839 346,1815 346,1802 346,1715 289,1715 287,1715 285,1715 282,1715 282,1718 260,1735 251,1746 167,1760 167,1802"/>
        <Baseline points="167,1802 346,1802"/>
        <TextEquiv conf="0.9944879412651062">
          <Unicode>„ 27.</Unicode>
        </TextEquiv>
      </TextLine>
      <TextLine id="eSc_line_5db86556" custom="structure {type:default;}">
        <Coords points="475,1802 475,1817 581,1817 581,1802 581,1773 543,1773 528,1755 508,1737 508,1735 505,1735 503,1735 501,1735 475,1737 475,1802"/>
        <Baseline points="475,1802 581,1802"/>
        <TextEquiv conf="0.9998199343681335">
          <Unicode>„</Unicode>
        </TextEquiv>
      </TextLine>
      <TextLine id="eSc_line_5862ad30" custom="structure {type:default;}">
        <Coords points="678,1802 678,1821 2651,1813 2653,1793 2646,1764 2116,1766 2114,1766 2098,1755 2096,1755 2094,1755 2092,1755 2090,1755 2087,1755 2072,1766 2070,1768 1871,1768 1871,1766 1836,1755 1833,1755 1831,1755 1829,1755 1802,1766 1769,1757 1767,1757 1765,1757 1665,1768 1654,1768 1652,1768 1628,1757 1626,1757 1623,1757 1524,1768 1520,1768 1493,1757 1491,1757 1489,1757 1418,1768 1380,1757 1378,1757 1376,1757 1374,1757 1352,1768 1290,1757 1288,1757 1285,1757 1261,1768 1228,1757 1226,1757 1224,1757 1221,1757 1219,1757 1201,1768 1073,1760 1071,1760 1069,1760 1067,1760 1051,1771 1036,1760 1034,1760 1031,1760 693,1760 691,1760 689,1760 687,1760 676,1764 678,1802"/>
        <Baseline points="678,1802 2653,1793"/>
        <TextEquiv conf="0.999685442591288">
          <Unicode>9607 (6661) Ecclesiae b. Mariae Fanensis protectionem suscipit et possessiones con-</Unicode>
        </TextEquiv>
      </TextLine>
      <TextLine id="eSc_line_d94551ac" custom="structure {type:default;}">
        <Coords points="737,1855 737,1872 2651,1881 2653,1855 2653,1826 737,1826 737,1855"/>
        <Baseline points="737,1855 2653,1855"/>
        <TextEquiv conf="0.985647188205468">
          <Unicode>firmat, petente Benedicto priore. Amiani Memorie di Fano II. sommario p. IX,</Unicode>
        </TextEquiv>
      </TextLine>
      <TextLine id="eSc_line_9bbf5860" custom="structure {type:default;}">
        <Coords points="737,1908 737,1925 795,1938 797,1938 883,1927 965,1938 967,1938 969,1938 972,1938 987,1927 1000,1938 1003,1938 1005,1938 1007,1938 1009,1938 1058,1927 1274,1927 1285,1936 1285,1938 1288,1938 1290,1938 1292,1938 1833,1925 1833,1908 1831,1877 737,1877 737,1908"/>
        <Baseline points="737,1908 1833,1908"/>
        <TextEquiv conf="0.9910608218474821">
          <Unicode>Migne 180 p. 1546. — „Desiderium (quod) ad“.</Unicode>
        </TextEquiv>
      </TextLine>
      <TextLine id="eSc_line_2878c094" custom="structure {type:default;}">
        <Coords points="123,1958 121,2020 196,2022 198,2022 201,2022 212,2016 227,2009 238,2016 258,2025 260,2025 262,2025 265,2025 267,2025 267,2022 278,2014 280,2011 340,2011 342,1963 342,1912 304,1903 302,1903 300,1903 245,1914 238,1914 231,1914 174,1899 172,1899 170,1899 167,1899 123,1912 123,1958"/>
        <Baseline points="123,1958 342,1963"/>
        <TextEquiv conf="0.9681856376784188">
          <Unicode>Oet. 1.</Unicode>
        </TextEquiv>
      </TextLine>
      <TextLine id="eSc_line_26db2033" custom="structure {type:default;}">
        <Coords points="477,1965 475,1989 581,1974 583,1969 583,1936 477,1936 477,1965"/>
        <Baseline points="477,1965 583,1969"/>
        <TextEquiv conf="1.0">
          <Unicode>„</Unicode>
        </TextEquiv>
      </TextLine>
      <TextLine id="eSc_line_02aa35d0" custom="structure {type:default;}">
        <Coords points="680,1965 680,1987 2655,1980 2657,1958 2653,1930 1345,1921 1343,1921 1341,1921 1338,1921 1325,1932 700,1923 698,1923 695,1923 693,1923 678,1930 680,1965"/>
        <Baseline points="680,1965 2657,1958"/>
        <TextEquiv conf="0.9976107457104851">
          <Unicode>9608 (6662) Monasterium S. Iohannis Baptistae (de Turtal apud Toggios) tuendum susci-</Unicode>
        </TextEquiv>
      </TextLine>
      <TextLine id="eSc_line_e2544414" custom="structure {type:default;}">
        <Coords points="737,2022 737,2047 2653,2042 2655,2016 2649,1987 735,1991 737,2022"/>
        <Baseline points="737,2022 2655,2016"/>
        <TextEquiv conf="0.9925547664678549">
          <Unicode>pit, eiusque bona ac iura confirmat, petente Bruchardo abbate. Neugart C. D. A.</Unicode>
        </TextEquiv>
      </TextLine>
      <TextLine id="eSc_line_672de0af" custom="structure {type:default;}">
        <Coords points="740,2073 740,2097 2655,2093 2657,2069 2651,2040 737,2042 740,2073"/>
        <Baseline points="740,2073 2657,2069"/>
        <TextEquiv conf="0.9998661148838881">
          <Unicode>II. 83, Hartmann Urk. d. Abt. St.-Gallen III. 42, Meyer Thurg. Urk. II. 123, Migne</Unicode>
        </TextEquiv>
      </TextLine>
      <TextLine id="eSc_line_e1ba4ba9" custom="structure {type:default;}">
        <Coords points="737,2128 737,2144 764,2157 766,2157 768,2157 832,2146 843,2155 843,2157 846,2157 848,2157 850,2157 903,2146 936,2157 938,2157 941,2157 1577,2144 1577,2128 1577,2100 737,2100 737,2128"/>
        <Baseline points="737,2128 1577,2128"/>
        <TextEquiv conf="0.9970073331804836">
          <Unicode>180 p. 1548. — „Quotiens illud a“.</Unicode>
        </TextEquiv>
      </TextLine>
      <TextLine id="eSc_line_d26b708f" custom="structure {type:default;}">
        <Coords points="472,2184 472,2201 488,2212 490,2212 492,2212 494,2212 497,2212 528,2197 528,2184 528,2157 472,2146 472,2184"/>
        <Baseline points="472,2184 528,2184"/>
        <TextEquiv conf="0.9999990463256836">
          <Unicode>„</Unicode>
        </TextEquiv>
      </TextLine>
      <TextLine id="eSc_line_727065b2" custom="structure {type:default;}">
        <Coords points="687,2184 687,2203 2129,2203 2132,2184 2129,2155 1981,2142 1979,2142 1922,2153 1917,2153 1913,2153 1847,2142 1844,2142 1842,2142 1816,2153 1813,2153 1811,2153 1778,2142 1776,2142 1774,2142 1725,2153 1721,2153 1716,2153 1683,2142 1681,2142 1679,2142 1610,2150 1595,2155 1394,2155 1389,2150 1378,2142 1376,2142 1374,2142 1372,2142 1369,2142 1349,2150 1343,2155 1162,2155 1151,2148 1129,2142 1126,2142 1124,2142 1122,2142 1093,2148 1078,2153 1062,2148 1031,2142 1029,2142 1027,2142 1025,2142 1011,2148 1003,2153 989,2148 969,2142 967,2142 965,2142 963,2142 945,2148 934,2153 687,2148 687,2184"/>
        <Baseline points="687,2184 2132,2184"/>
        <TextEquiv conf="0.9855823360505651">
          <Unicode>Vide Acta S. Chclidoniae c. S ct 9 in Actis SS. Oct. VI. 367.</Unicode>
        </TextEquiv>
      </TextLine>
      <TextLine id="eSc_line_e6af4643" custom="structure {type:default;}">
        <Coords points="174,2188 176,2212 231,2192 271,2199 322,2208 324,2208 326,2208 329,2208 329,2206 342,2192 342,2181 335,2128 287,2131 285,2131 282,2131 282,2133 276,2139 258,2157 172,2157 174,2188"/>
        <Baseline points="174,2188 342,2181"/>
        <TextEquiv conf="0.9996586889028549">
          <Unicode>„ 9.</Unicode>
        </TextEquiv>
      </TextLine>
      <TextLine id="eSc_line_3a2cde78" custom="structure {type:default;}">
        <Coords points="678,2234 676,2254 733,2267 735,2267 2657,2263 2660,2239 2660,2208 678,2203 678,2234"/>
        <Baseline points="678,2234 2660,2239"/>
        <TextEquiv conf="0.9994865758919421">
          <Unicode>9609 W(illelmo) praeposito S. Mariae de Bellomonte petente, regulam S. Augustini,</Unicode>
        </TextEquiv>
      </TextLine>
      <TextLine id="eSc_line_e86b7378" custom="structure {type:default;}">
        <Coords points="428,2237 428,2279 587,2254 587,2237 587,2203 428,2186 428,2237"/>
        <Baseline points="428,2237 587,2237"/>
        <TextEquiv conf="0.8825121998786927">
          <Unicode>Albae</Unicode>
        </TextEquiv>
      </TextLine>
      <TextLine id="eSc_line_7f40fbd8" custom="structure {type:default;}">
        <Coords points="163,2243 163,2261 198,2270 201,2270 203,2270 236,2256 243,2254 249,2254 311,2265 313,2265 315,2265 344,2248 344,2237 338,2190 273,2195 271,2195 269,2195 269,2197 247,2210 161,2208 163,2243"/>
        <Baseline points="163,2243 344,2237"/>
        <TextEquiv conf="1.0">
          <Unicode>„ 19.</Unicode>
        </TextEquiv>
      </TextLine>
      <TextLine id="eSc_line_ba51fdb3" custom="structure {type:default;}">
        <Coords points="740,2294 740,2325 2657,2312 2660,2290 2653,2263 737,2265 740,2294"/>
        <Baseline points="740,2294 2660,2290"/>
        <TextEquiv conf="0.9887939213320266">
          <Unicode>„iuxta observantiam fratrum S. Ruffi“, in ecclesia eius institutam confirmat. In bibl.</Unicode>
        </TextEquiv>
      </TextLine>
      <TextLine id="eSc_line_e6f177a5" custom="structure {type:default;}">
        <Coords points="737,2351 737,2373 2655,2373 2655,2351 2655,2320 737,2320 737,2351"/>
        <Baseline points="737,2351 2655,2351"/>
        <TextEquiv conf="0.9957119754769586">
          <Unicode>nat. Paris. Coll. Doat t. 137. f. 19, (Chevalier Coll. de cartul. Dauphin. IV. 6. n. 1).</Unicode>
        </TextEquiv>
      </TextLine>
      <TextLine id="eSc_line_acbfd74a" custom="structure {type:default;}">
        <Coords points="735,2398 733,2413 804,2415 817,2429 817,2431 819,2431 821,2431 824,2431 1122,2422 1135,2433 1135,2435 1137,2435 1140,2435 1142,2435 1274,2420 1277,2404 1274,2376 735,2369 735,2398"/>
        <Baseline points="735,2398 1277,2404"/>
        <TextEquiv conf="0.9965669683047703">
          <Unicode>— „Quotiens ea quae“.</Unicode>
        </TextEquiv>
      </TextLine>
      <TextLine id="eSc_line_b44e29ba" custom="structure {type:default;}">
        <Coords points="680,2455 680,2482 2660,2482 2660,2455 2657,2424 680,2426 680,2455"/>
        <Baseline points="680,2455 2660,2455"/>
        <TextEquiv conf="0.9980423234403133">
          <Unicode>9610 (6663) De castro Manvascae compositionem inter Raimundum, hospitalis Hiero-</Unicode>
        </TextEquiv>
      </TextLine>
      <TextLine id="eSc_line_c796d022" custom="structure {type:default;}">
        <Coords points="165,2464 165,2486 322,2486 322,2484 324,2484 346,2471 346,2460 342,2429 262,2415 260,2415 258,2415 256,2415 256,2418 245,2429 240,2433 163,2429 165,2464"/>
        <Baseline points="165,2464 346,2460"/>
        <TextEquiv conf="0.9999994277954102">
          <Unicode>„ 23.</Unicode>
        </TextEquiv>
      </TextLine>
      <TextLine id="eSc_line_e5a2cd24" custom="structure {type:default;}">
        <Coords points="477,2468 477,2475 556,2486 558,2468 558,2442 477,2442 477,2468"/>
        <Baseline points="477,2468 558,2468"/>
        <TextEquiv conf="0.9996914565563202">
          <Unicode>„„</Unicode>
        </TextEquiv>
      </TextLine>
      <TextLine id="eSc_line_5f737ef4" custom="structure {type:default;}">
        <Coords points="740,2515 740,2539 2655,2535 2657,2510 2653,2484 737,2484 740,2515"/>
        <Baseline points="740,2515 2657,2510"/>
        <TextEquiv conf="0.9988052312065573">
          <Unicode>solymitani magistrum, et Guillelmum, comitem Focalquerii, a G(uillelmo) archiepiscopo</Unicode>
        </TextEquiv>
      </TextLine>
      <TextLine id="eSc_line_481d8675" custom="structure {type:default;}">
        <Coords points="740,2566 737,2585 2651,2590 2655,2570 2653,2541 740,2535 740,2566"/>
        <Baseline points="740,2566 2655,2570"/>
        <TextEquiv conf="0.999745611846447">
          <Unicode>Ebredunensi, apostolicae sedis legato, factam confirmat. Bouche L&#x27;Hist. de Prov.</Unicode>
        </TextEquiv>
      </TextLine>
      <TextLine id="eSc_line_d2eeac46" custom="structure {type:default;}">
        <Coords points="742,2627 742,2647 2651,2641 2653,2621 2649,2592 2105,2581 2103,2581 2021,2592 2010,2594 740,2594 742,2627"/>
        <Baseline points="742,2627 2653,2621"/>
        <TextEquiv conf="0.9909872768855676">
          <Unicode>II. 141, Cod. dipl. del ord. Geros. I. 308, Migne 180 p. 1550, (Cocqu. II. 320). —</Unicode>
        </TextEquiv>
      </TextLine>
      <TextLine id="eSc_line_f549c47b" custom="structure {type:default;}">
        <Coords points="740,2680 740,2703 1427,2700 1427,2680 1427,2652 740,2652 740,2680"/>
        <Baseline points="740,2680 1427,2680"/>
        <TextEquiv conf="0.9994221618098598">
          <Unicode>„Sicut nostri administratione“.</Unicode>
        </TextEquiv>
      </TextLine>
      <TextLine id="eSc_line_9f3f74fa" custom="structure {type:default;}">
        <Coords points="132,2731 132,2782 163,2797 165,2797 167,2800 245,2800 245,2797 247,2797 249,2797 293,2769 300,2767 349,2767 349,2731 349,2687 132,2680 132,2731"/>
        <Baseline points="132,2731 349,2731"/>
        <TextEquiv conf="0.9995454634938922">
          <Unicode>Nov. 5.</Unicode>
        </TextEquiv>
      </TextLine>
      <TextLine id="eSc_line_fadd9ed0" custom="structure {type:default;}">
        <Coords points="682,2733 682,2758 2660,2758 2660,2733 2657,2703 682,2703 682,2733"/>
        <Baseline points="682,2733 2660,2733"/>
        <TextEquiv conf="0.9977545710497124">
          <Unicode>9611 Roberto episcopo Exoniensi mandat, ut ecclesiam de Budelega (lege: Ludelega) Wil-</Unicode>
        </TextEquiv>
      </TextLine>
      <TextLine id="eSc_line_554a1c19" custom="structure {type:default;}">
        <Coords points="466,2747 466,2758 543,2771 545,2771 547,2771 550,2771 570,2758 570,2742 565,2714 463,2700 466,2747"/>
        <Baseline points="466,2747 570,2742"/>
        <TextEquiv conf="0.999953031539917">
          <Unicode>„</Unicode>
        </TextEquiv>
      </TextLine>
      <TextLine id="eSc_line_4eb347ba" custom="structure {type:default;}">
        <Coords points="740,2789 740,2811 2660,2806 2660,2784 2653,2758 737,2758 740,2789"/>
        <Baseline points="740,2789 2660,2784"/>
        <TextEquiv conf="0.9943600236014887">
          <Unicode>lelmo Giffard restituat et Willelmum Cummin noviter per ipsum restitutum detrudat. Cata-</Unicode>
        </TextEquiv>
      </TextLine>
      <TextLine id="eSc_line_4808b19c" custom="structure {type:default;}">
        <Coords points="737,2844 737,2868 2651,2864 2653,2839 2646,2813 735,2815 737,2844"/>
        <Baseline points="737,2844 2653,2839"/>
        <TextEquiv conf="0.9946213030553126">
          <Unicode>log. cod. ms. colleg. Oxoniens. ed. Coxe p. 52. Mihi misit Ed. Bishop. — „Sicut que iuste“.</Unicode>
        </TextEquiv>
      </TextLine>
      <TextLine id="eSc_line_7dced82f" custom="structure {type:default;}">
        <Coords points="682,2897 682,2923 2657,2923 2657,2897 2657,2870 682,2870 682,2897"/>
        <Baseline points="682,2897 2657,2897"/>
        <TextEquiv conf="0.9991799740309126">
          <Unicode>9612 Ecclesiae S. Maclovii de Insula protectionem suscipit, et possessiones ac privilegia</Unicode>
        </TextEquiv>
      </TextLine>
      <TextLine id="eSc_line_8ec5e00b" custom="structure {type:default;}">
        <Coords points="170,2901 170,2923 251,2910 271,2928 273,2928 273,2930 276,2930 278,2930 280,2930 349,2928 349,2895 342,2853 167,2870 170,2901"/>
        <Baseline points="170,2901 349,2895"/>
        <TextEquiv conf="0.999999737739563">
          <Unicode>„ 10.</Unicode>
        </TextEquiv>
      </TextLine>
      <TextLine id="eSc_line_28f0fbea" custom="structure {type:default;}">
        <Coords points="463,2910 463,2919 545,2932 547,2932 550,2932 552,2932 572,2917 572,2906 567,2877 461,2870 463,2910"/>
        <Baseline points="463,2910 572,2906"/>
        <TextEquiv conf="0.9999998807907104">
          <Unicode>„</Unicode>
        </TextEquiv>
      </TextLine>
      <TextLine id="eSc_line_b82ffa58" custom="structure {type:default;}">
        <Coords points="737,2956 737,2979 2653,2976 2655,2950 2649,2923 735,2928 737,2956"/>
        <Baseline points="737,2956 2655,2950"/>
        <TextEquiv conf="0.9982765008168049">
          <Unicode>confirmat, Iohanne episcopo et Alberto priore petentibus. Chartonnet De canonicorum</Unicode>
        </TextEquiv>
      </TextLine>
      <TextLine id="eSc_line_f8762849" custom="structure {type:default;}">
        <Coords points="735,3009 735,3029 1000,3040 1003,3040 1005,3040 1038,3029 1040,3029 1042,3029 1080,3040 1082,3040 1084,3040 1087,3040 1111,3029 1115,3029 1201,3040 1204,3040 1206,3040 1241,3029 1325,3040 1327,3040 1997,3025 1999,3005 1992,2979 733,2981 735,3009"/>
        <Baseline points="735,3009 1999,3005"/>
        <TextEquiv conf="0.9995846218532987">
          <Unicode>ordine disqu. p. 528. — „Commissae nobis apostolicae“.</Unicode>
        </TextEquiv>
      </TextLine>
      <TextLine id="eSc_line_00ad46b2" custom="structure {type:default;}">
        <Coords points="684,3058 682,3080 2653,3085 2657,3062 2655,3034 684,3029 684,3058"/>
        <Baseline points="684,3058 2657,3062"/>
        <TextEquiv conf="0.9994124291855612">
          <Unicode>9613 Controversiam inter abbates S. Sergii et S. Albini Andegavenses super tribus</Unicode>
        </TextEquiv>
      </TextLine>
      <TextLine id="eSc_line_1876b7db" custom="structure {type:default;}">
        <Coords points="170,3065 170,3087 190,3093 192,3093 194,3093 196,3093 225,3080 243,3074 251,3078 276,3091 278,3091 280,3091 333,3089 335,3089 338,3089 360,3069 360,3058 351,2963 309,2965 307,2965 304,2965 304,2968 278,2990 234,3034 167,3034 170,3065"/>
        <Baseline points="170,3065 360,3058"/>
        <TextEquiv conf="0.9985201209783554">
          <Unicode>„ „„</Unicode>
        </TextEquiv>
      </TextLine>
      <TextLine id="eSc_line_136047b8" custom="structure {type:default;}">
        <Coords points="463,3067 461,3074 514,3091 517,3091 519,3091 521,3091 567,3076 570,3071 570,3040 521,3014 519,3014 517,3014 514,3014 463,3034 463,3067"/>
        <Baseline points="463,3067 570,3071"/>
        <TextEquiv conf="1.0">
          <Unicode>„</Unicode>
        </TextEquiv>
      </TextLine>
      <TextLine id="eSc_line_a1a417ae" custom="structure {type:default;}">
        <Coords points="740,3115 737,3135 2653,3140 2657,3120 2655,3091 740,3082 740,3115"/>
        <Baseline points="740,3115 2657,3120"/>
        <TextEquiv conf="0.9952498756606003">
          <Unicode>ecclesiis de Balgiaco agitatam diiudicat. In bibl. nat. Paris. ms. lat. 12696. (Monast.</Unicode>
        </TextEquiv>
      </TextLine>
      <TextLine id="eSc_line_db81e2fe" custom="structure {type:default;}">
        <Coords points="737,3171 735,3186 757,3202 760,3202 762,3202 764,3204 941,3204 941,3202 943,3202 945,3202 945,3199 954,3193 963,3202 965,3202 967,3202 969,3204 1168,3204 1168,3202 1170,3202 1173,3202 1173,3199 1186,3188 1219,3199 1221,3199 1224,3199 1226,3199 1228,3199 1241,3186 1294,3202 1296,3202 1299,3202 1385,3186 1427,3197 1429,3197 1431,3197 1592,3188 1641,3204 1643,3204 1646,3204 1820,3199 1822,3199 1824,3199 1840,3188 1917,3204 1919,3204 2076,3186 2079,3175 2076,3146 737,3142 737,3171"/>
        <Baseline points="737,3171 2079,3175"/>
        <TextEquiv conf="0.9811017544646012">
          <Unicode>benedict. XXXIX.) f. 300“. — „ . . „ emergente siquidem“.</Unicode>
        </TextEquiv>
      </TextLine>
      <TextLine id="eSc_line_1de06b95" custom="structure {type:default;}">
        <Coords points="170,3228 170,3257 247,3244 289,3261 298,3266 300,3266 302,3266 349,3263 349,3228 346,3164 296,3168 293,3168 291,3168 282,3175 251,3199 170,3199 170,3228"/>
        <Baseline points="170,3228 349,3228"/>
        <TextEquiv conf="0.9456886053085327">
          <Unicode>„ 16.</Unicode>
        </TextEquiv>
      </TextLine>
      <TextLine id="eSc_line_8746631f" custom="structure {type:default;}">
        <Coords points="682,3228 682,3250 2657,3246 2657,3224 2651,3197 680,3197 682,3228"/>
        <Baseline points="682,3228 2657,3224"/>
        <TextEquiv conf="0.997169766315194">
          <Unicode>9614 Monasterii S. Albini Andegavensis protectionem suscipit bonaque confirmat. (Frag-</Unicode>
        </TextEquiv>
      </TextLine>
      <TextLine id="eSc_line_30645b86" custom="structure {type:default;}">
        <Coords points="466,3241 466,3248 574,3244 576,3235 572,3206 461,3204 466,3241"/>
        <Baseline points="466,3241 576,3235"/>
        <TextEquiv conf="0.9999969005584717">
          <Unicode>„</Unicode>
        </TextEquiv>
      </TextLine>
      <TextLine id="eSc_line_2612d5f0" custom="structure {type:default;}">
        <Coords points="740,3283 740,3305 2655,3303 2657,3279 2651,3250 737,3252 740,3283"/>
        <Baseline points="740,3283 2657,3279"/>
        <TextEquiv conf="0.9970430179340083">
          <Unicode>mentum) ms. lat. 12658. (Monast. Benedict. I.) f. 169 et ms. lat. 17126. f. 173 in</Unicode>
        </TextEquiv>
      </TextLine>
      <TextLine id="eSc_line_daea22fb" custom="structure {type:default;}">
        <Coords points="740,3336 737,3354 2010,3358 2014,3341 2012,3310 740,3305 740,3336"/>
        <Baseline points="740,3336 2014,3341"/>
        <TextEquiv conf="0.9997791030577251">
          <Unicode>bibl. nat. Paris., (Bilard Analyse des documents p. 51).</Unicode>
        </TextEquiv>
      </TextLine>
      <TextLine id="eSc_line_72238045" custom="structure {type:default;}">
        <Coords points="687,3387 684,3411 2651,3420 2655,3392 2653,3363 687,3358 687,3387"/>
        <Baseline points="687,3387 2655,3392"/>
        <TextEquiv conf="0.9997532437014025">
          <Unicode>9615 (6664) Monasterii SS. Alexandri et Theodori Ottenbeurensis protectionem suscipit,</Unicode>
        </TextEquiv>
      </TextLine>
      <TextLine id="eSc_line_cd94a16c" custom="structure {type:default;}">
        <Coords points="172,3394 174,3418 231,3403 267,3414 282,3418 285,3418 287,3418 355,3407 355,3387 349,3339 170,3363 172,3394"/>
        <Baseline points="172,3394 355,3387"/>
        <TextEquiv conf="0.9999980688095093">
          <Unicode>„ 21.</Unicode>
        </TextEquiv>
      </TextLine>
      <TextLine id="eSc_line_2cefe73b" custom="structure {type:default;}">
        <Coords points="468,3405 468,3414 574,3418 576,3400 574,3363 532,3352 530,3352 528,3352 525,3352 523,3352 523,3354 521,3354 512,3365 512,3367 466,3367 468,3405"/>
        <Baseline points="468,3405 576,3400"/>
        <TextEquiv conf="1.0">
          <Unicode>„</Unicode>
        </TextEquiv>
      </TextLine>
      <TextLine id="eSc_line_5ab18097" custom="structure {type:default;}">
        <Coords points="742,3445 740,3467 2651,3471 2655,3449 2653,3420 742,3414 742,3445"/>
        <Baseline points="742,3445 2655,3449"/>
        <TextEquiv conf="0.9994398592466331">
          <Unicode>bonaquc ac iura confirmat, petente Isengrino abbate. Feyerabend Des ehem. Reichsst.</Unicode>
        </TextEquiv>
      </TextLine>
      <TextLine id="eSc_line_c357770a" custom="structure {type:default;}">
        <Coords points="740,3502 740,3533 802,3533 806,3533 855,3553 857,3553 859,3555 1146,3555 1146,3553 1321,3531 1332,3531 1358,3531 1732,3544 1734,3544 1964,3526 1966,3495 1959,3469 737,3473 740,3502"/>
        <Baseline points="740,3502 1966,3495"/>
        <TextEquiv conf="0.9874472975730896">
          <Unicode>Ottenbeuren Jahrb. II. 823. — „Quoniam sine vero““</Unicode>
        </TextEquiv>
      </TextLine>
      <TextLine id="eSc_line_311cd44c" custom="structure {type:default;}">
        <Coords points="165,3548 163,3601 373,3590 477,3597 634,3608 636,3608 718,3590 720,3553 718,3506 598,3515 581,3504 574,3500 572,3500 570,3500 567,3500 532,3504 477,3513 165,3504 165,3548"/>
        <Baseline points="165,3548 720,3553"/>
        <TextEquiv conf="0.7646419066190719">
          <Unicode>u-eaaCant leanm et er. „.</Unicode>
        </TextEquiv>
      </TextLine>
      <TextLine id="eSc_line_a000dcf0" custom="structure {type:default;}">
        <Coords points="2322,3566 2322,3595 2379,3588 2379,3566 2377,3533 2322,3533 2322,3566"/>
        <Baseline points="2322,3566 2379,3566"/>
        <TextEquiv conf="0.9999808073043823">
          <Unicode>11</Unicode>
        </TextEquiv>
      </TextLine>
    </TextRegion>
    <TextRegion id="eSc_textblock_c94b720e"  custom="structure {type:default;}">
      <Coords points="1210,132 1807,141 1824,218 1807,245 927,236 945,141 1210,132"/>
      <TextLine id="eSc_line_6623169c" custom="structure {type:default;}">
        <Coords points="945,209 945,231 1111,245 1113,245 1115,245 1140,231 1153,245 1155,245 1157,245 1159,247 1221,247 1221,245 1224,245 1274,231 1319,245 1321,245 1323,245 1385,229 1391,229 1402,229 1489,242 1491,242 1681,231 1738,242 1741,242 1743,242 1800,227 1800,205 1798,161 1736,141 1734,141 1732,141 1639,161 1396,161 1349,143 1347,143 1345,143 1343,143 1281,161 1241,143 1239,143 1237,143 1091,145 1089,145 1087,145 1073,156 998,143 996,143 994,143 943,163 945,209"/>
        <Baseline points="945,209 1800,205"/>
        <TextEquiv conf="0.9900440621376038">
          <Unicode>EL&#x27;GENILS III. 1145 1153.</Unicode>
        </TextEquiv>
      </TextLine>
    </TextRegion>
    <TextRegion id="eSc_textblock_129a2612"  custom="structure {type:default;}">
      <Coords points="2607,141 2688,167 2688,218 2558,253 2540,167 2607,141"/>
      <TextLine id="eSc_line_15712c27" custom="structure {type:default;}">
        <Coords points="2562,212 2562,223 2642,229 2644,212 2644,170 2589,156 2587,156 2585,156 2562,167 2562,212"/>
        <Baseline points="2562,212 2644,212"/>
        <TextEquiv conf="1.0">
          <Unicode>81</Unicode>
        </TextEquiv>
      </TextLine>
    </TextRegion>
  </Page>
</PcGts>
