<?xml version="1.0" encoding="UTF-8"  standalone="yes"?>
<PcGts xmlns="http://schema.primaresearch.org/PAGE/gts/pagecontent/2019-07-15" xmlns:xsi="http://www.w3.org/2001/XMLSchema-instance" xsi:schemaLocation="http://schema.primaresearch.org/PAGE/gts/pagecontent/2019-07-15 http://schema.primaresearch.org/PAGE/gts/pagecontent/2019-07-15/pagecontent.xsd">
  <Metadata externalRef="pdf//regestapontificu02cath.pdf">
	<Creator>escriptorium</Creator>
	<Created>2026-01-31T10:24:00.224026+00:00</Created>
        <LastChange>2026-02-04T22:53:44.946020+00:00</LastChange>
  </Metadata>
  <Page imageFilename="regestapontificu02cath.pdf_page_104.png" imageWidth="3007" imageHeight="3975">
    <TextRegion id="eSc_textblock_795f1708"  custom="structure {type:default;}">
      <Coords points="338,150 421,159 421,218 326,236 309,176 338,150"/>
      <TextLine id="eSc_line_a6334c3b" custom="structure {type:default;}">
        <Coords points="320,161 324,205 324,240 408,242 410,200 404,156 320,159 320,161"/>
        <Baseline points="324,205 410,200"/>
        <TextEquiv conf="1.0">
          <Unicode>92</Unicode>
        </TextEquiv>
      </TextLine>
    </TextRegion>
    <TextRegion id="eSc_textblock_86e93335"  custom="structure {type:default;}">
      <Coords points="2757,282 2900,291 2900,3495 980,3531 892,3504 855,3416 819,3451 653,3416 618,3372 607,3248 572,3416 528,3442 388,3442 318,3407 291,724 326,291 572,300 589,415 636,368 592,315 618,291 2757,282"/>
      <TextLine id="eSc_line_a6396368" custom="structure {type:default;}">
        <Coords points="872,351 872,384 1252,368 1380,379 1385,379 1387,379 1389,379 1442,366 1517,377 1520,377 1524,377 1734,364 1820,373 1822,340 1818,300 1694,287 1692,287 1637,298 1626,300 870,298 872,351"/>
        <Baseline points="872,351 1822,340"/>
        <TextEquiv conf="0.9925041699951346">
          <Unicode>1153. (Int. 1. — 25. Sept. — 2. pont. a. 1.)</Unicode>
        </TextEquiv>
      </TextLine>
      <TextLine id="eSc_line_ed721025" custom="structure {type:default;}">
        <Coords points="952,412 952,432 2863,435 2867,408 2863,373 1999,362 1997,362 1904,373 1133,364 1131,364 950,375 952,412"/>
        <Baseline points="952,412 2867,408"/>
        <TextEquiv conf="0.9937051303684712">
          <Unicode>dulfo abbate. Botazzi Antich.; d. chiesa di Tortona p. 138 teste Pflugk-Harttung</Unicode>
        </TextEquiv>
      </TextLine>
      <TextLine id="eSc_line_bf738775" custom="structure {type:default;}">
        <Coords points="952,465 952,483 1204,494 1206,494 1316,483 1354,494 1356,494 1358,494 1551,481 1568,481 1584,481 1763,492 1765,492 1831,479 1833,461 1827,428 950,430 952,465"/>
        <Baseline points="952,465 1833,461"/>
        <TextEquiv conf="0.9821435167239263">
          <Unicode>Iter p. 248. — „Religiosis desideriis“.</Unicode>
        </TextEquiv>
      </TextLine>
      <TextLine id="eSc_line_33324cc1" custom="structure {type:default;}">
        <Coords points="342,516 340,574 410,563 459,578 461,578 463,578 466,578 468,578 486,565 552,583 558,523 558,477 483,461 481,461 479,461 477,461 459,472 388,459 386,459 342,468 342,516"/>
        <Baseline points="342,516 558,523"/>
        <TextEquiv conf="0.9666095886911664">
          <Unicode>Dec. 8.</Unicode>
        </TextEquiv>
      </TextLine>
      <TextLine id="eSc_line_11ebbe50" custom="structure {type:default;}">
        <Coords points="614,521 614,578 773,589 775,589 777,589 835,571 835,521 832,474 614,481 614,521"/>
        <Baseline points="614,521 835,521"/>
        <TextEquiv conf="0.9999061524868011">
          <Unicode>Laterani</Unicode>
        </TextEquiv>
      </TextLine>
      <TextLine id="eSc_line_b7fbef8c" custom="structure {type:default;}">
        <Coords points="897,518 897,543 2870,543 2872,514 2867,488 2733,474 2730,474 2728,474 2682,485 2680,485 2677,485 2551,474 2549,474 2443,485 2436,485 2428,485 2333,474 2330,474 2255,485 2246,488 1911,488 1908,485 1886,474 1884,474 1882,474 1833,483 1813,490 1710,490 1701,483 1692,477 1690,477 1687,477 1685,477 1683,477 1661,483 1648,488 1617,483 1562,477 1559,477 1520,483 1493,488 1464,483 1420,477 1418,477 1416,477 1394,483 1376,488 1319,483 1241,477 1239,477 894,481 897,518"/>
        <Baseline points="897,518 2872,514"/>
        <TextEquiv conf="0.9992313748452721">
          <Unicode>9769 (6742) Monasterii S. Dionysii possessioncs quasdam confirmat, bulla ad Odonem</Unicode>
        </TextEquiv>
      </TextLine>
      <TextLine id="eSc_line_6800e55d" custom="structure {type:default;}">
        <Coords points="952,576 952,596 2865,605 2867,576 2867,545 952,545 952,576"/>
        <Baseline points="952,576 2867,576"/>
        <TextEquiv conf="0.9999166055570675">
          <Unicode>abbatem. (Pro: „VI Dec.“ legendum est: „VI. id. Dec.“, ut docet Autogr. in tab.</Unicode>
        </TextEquiv>
      </TextLine>
      <TextLine id="eSc_line_af5813f1" custom="structure {type:default;}">
        <Coords points="954,633 954,653 2865,651 2867,624 2863,596 2545,585 2543,585 2397,596 2383,596 2344,596 1942,587 1939,587 1937,587 1908,596 1904,600 952,600 954,633"/>
        <Baseline points="954,633 2867,624"/>
        <TextEquiv conf="0.988791443225814">
          <Unicode>nat. Paris. L. 229. n. 5 asservatum.) Doublet Hist. de St. Denys p. 498, Migne 188</Unicode>
        </TextEquiv>
      </TextLine>
      <TextLine id="eSc_line_6bda6ae6" custom="structure {type:default;}">
        <Coords points="952,686 952,704 1396,713 1398,713 1577,700 1581,700 1621,711 1623,711 1626,711 1853,695 1855,677 1851,651 1400,642 1398,642 950,658 952,686"/>
        <Baseline points="952,686 1855,677"/>
        <TextEquiv conf="0.9875916885702234">
          <Unicode>p. 1004. — „Quotiens illa confirmare“.</Unicode>
        </TextEquiv>
      </TextLine>
      <TextLine id="eSc_line_f64bb3eb" custom="structure {type:default;}">
        <Coords points="371,753 371,764 558,764 558,742 554,693 512,689 510,689 508,689 505,689 490,704 475,717 433,726 368,726 371,753"/>
        <Baseline points="371,753 558,742"/>
        <TextEquiv conf="0.9998650699853897">
          <Unicode>„ S.</Unicode>
        </TextEquiv>
      </TextLine>
      <TextLine id="eSc_line_2eb3fff1" custom="structure {type:default;}">
        <Coords points="702,748 702,770 799,753 799,746 795,717 700,711 702,748"/>
        <Baseline points="702,748 799,746"/>
        <TextEquiv conf="0.998754620552063">
          <Unicode>„</Unicode>
        </TextEquiv>
      </TextLine>
      <TextLine id="eSc_line_ec6bd830" custom="structure {type:default;}">
        <Coords points="899,742 899,764 2870,757 2872,735 2867,706 2213,695 2211,695 2209,695 2207,695 2187,706 912,700 910,700 908,700 905,700 897,704 899,742"/>
        <Baseline points="899,742 2872,735"/>
        <TextEquiv conf="0.9891020605363041">
          <Unicode>9770 Compositionem inter monasterium S. Dionysii et S. Michaelis super quinque mar-</Unicode>
        </TextEquiv>
      </TextLine>
      <TextLine id="eSc_line_7886871e" custom="structure {type:default;}">
        <Coords points="952,792 952,819 2867,819 2870,788 2863,761 950,764 952,792"/>
        <Baseline points="952,792 2870,788"/>
        <TextEquiv conf="0.9997575986079681">
          <Unicode>carum censu annuo, a Matthaeo quondam episcopo Albanensi aliisque factam et ab</Unicode>
        </TextEquiv>
      </TextLine>
      <TextLine id="eSc_line_7a74f325" custom="structure {type:default;}">
        <Coords points="956,848 956,867 1902,867 1904,867 1926,878 1928,878 1931,878 2867,867 2870,852 2867,821 956,814 956,848"/>
        <Baseline points="956,848 2870,852"/>
        <TextEquiv conf="0.9986209467053413">
          <Unicode>Innocentio II roboratam confirmat. (Cf. supra 9764.) Autogr. in tab. nat. Paris.</Unicode>
        </TextEquiv>
      </TextLine>
      <TextLine id="eSc_line_5f358aa5" custom="structure {type:default;}">
        <Coords points="952,907 952,925 1104,934 1106,934 1109,934 1111,934 1111,931 1120,925 1122,923 1140,925 1224,931 1226,931 1316,923 1334,920 1338,923 1349,931 1352,931 1354,931 1356,934 1475,934 1475,931 1478,931 1480,931 1497,920 1504,920 1648,929 1650,929 1652,929 1676,918 1679,918 1736,929 1738,929 1741,929 1785,916 1785,901 1780,874 1226,865 1224,865 1221,865 1219,865 1201,876 958,867 956,867 954,867 952,867 952,870 950,870 952,907"/>
        <Baseline points="952,907 1785,901"/>
        <TextEquiv conf="0.9991669582598137">
          <Unicode>L. 229 n. 3. — „Sicut equum est“.</Unicode>
        </TextEquiv>
      </TextLine>
      <TextLine id="eSc_line_d51de5cd" custom="structure {type:default;}">
        <Coords points="377,969 380,1015 413,1015 413,1013 415,1013 417,1013 426,1004 455,980 486,991 505,1000 508,1000 510,1000 512,1000 570,973 570,958 561,883 505,887 503,887 501,887 501,889 494,896 461,931 373,923 377,969"/>
        <Baseline points="377,969 570,958"/>
        <TextEquiv conf="0.9673032760620117">
          <Unicode>„ 9.</Unicode>
        </TextEquiv>
      </TextLine>
      <TextLine id="eSc_line_734c33a4" custom="structure {type:default;}">
        <Coords points="695,967 698,1002 724,991 726,993 733,1000 735,1000 737,1000 740,1000 742,1000 744,1000 782,976 782,965 777,936 693,936 695,967"/>
        <Baseline points="695,967 782,965"/>
        <TextEquiv conf="0.9999984502792358">
          <Unicode>„„</Unicode>
        </TextEquiv>
      </TextLine>
      <TextLine id="eSc_line_e9ccd157" custom="structure {type:default;}">
        <Coords points="899,960 899,982 2865,984 2870,954 2865,923 897,918 899,960"/>
        <Baseline points="899,960 2870,954"/>
        <TextEquiv conf="0.9994465567171573">
          <Unicode>9771 (6743) Monasterium S. Genesii Brixellensc, rogatu Pacifici abbatis, tuendum</Unicode>
        </TextEquiv>
      </TextLine>
      <TextLine id="eSc_line_48e322af" custom="structure {type:default;}">
        <Coords points="958,1013 958,1037 2867,1037 2870,1009 2863,976 956,978 958,1013"/>
        <Baseline points="958,1013 2870,1009"/>
        <TextEquiv conf="0.9981028692024511">
          <Unicode>suscipit, eiusquc iura et possessiones confirmat, imposito monachis aurei bizantii</Unicode>
        </TextEquiv>
      </TextLine>
      <TextLine id="eSc_line_4b9a3d85" custom="structure {type:default;}">
        <Coords points="954,1066 954,1090 1316,1090 1323,1090 1405,1104 1407,1106 1497,1106 1497,1104 1500,1104 1524,1090 1526,1090 1528,1090 1551,1101 1553,1101 1555,1101 1754,1093 1805,1090 1827,1093 1919,1104 1922,1104 1924,1104 1926,1104 1942,1093 1944,1090 1948,1093 1975,1104 1977,1104 1979,1104 2068,1093 2096,1090 2127,1093 2209,1104 2211,1104 2361,1095 2432,1090 2514,1090 2523,1095 2534,1104 2536,1104 2538,1104 2540,1106 2675,1106 2675,1104 2677,1104 2693,1095 2704,1090 2715,1095 2735,1104 2737,1104 2739,1104 2874,1095 2874,1066 2874,1040 954,1037 954,1066"/>
        <Baseline points="954,1066 2874,1066"/>
        <TextEquiv conf="0.9895368847582076">
          <Unicode>censu annuo. Muratori Ant. It. V. 1021, Migue 188 p. 1004. — „Quum (Cur)</Unicode>
        </TextEquiv>
      </TextLine>
      <TextLine id="eSc_line_f41e9076" custom="structure {type:default;}">
        <Coords points="954,1124 954,1139 1053,1157 1056,1157 1190,1132 1190,1119 1184,1088 952,1093 954,1124"/>
        <Baseline points="954,1124 1190,1119"/>
        <TextEquiv conf="0.9999049835734897">
          <Unicode>omnibus“.</Unicode>
        </TextEquiv>
      </TextLine>
      <TextLine id="eSc_line_5f37e17a" custom="structure {type:default;}">
        <Coords points="384,1185 386,1214 444,1196 494,1212 499,1212 501,1212 503,1212 565,1207 565,1179 558,1130 382,1154 384,1185"/>
        <Baseline points="384,1185 565,1179"/>
        <TextEquiv conf="0.9996897578239441">
          <Unicode>„ 9.</Unicode>
        </TextEquiv>
      </TextLine>
      <TextLine id="eSc_line_d0e81b58" custom="structure {type:default;}">
        <Coords points="702,1185 702,1196 764,1192 764,1183 757,1141 700,1150 702,1185"/>
        <Baseline points="702,1185 764,1183"/>
        <TextEquiv conf="0.9999998807907104">
          <Unicode>„</Unicode>
        </TextEquiv>
      </TextLine>
      <TextLine id="eSc_line_8d06bbe6" custom="structure {type:default;}">
        <Coords points="899,1183 899,1201 2867,1203 2872,1177 2865,1141 897,1146 899,1183"/>
        <Baseline points="899,1183 2872,1177"/>
        <TextEquiv conf="0.9981416907252335">
          <Unicode>9772 (6744) Ordinis Cisterciensis statuta („cartam charitatis“) confirmat. Walbran</Unicode>
        </TextEquiv>
      </TextLine>
      <TextLine id="eSc_line_e585220d" custom="structure {type:default;}">
        <Coords points="961,1234 961,1254 2867,1258 2870,1234 2870,1203 961,1196 961,1234"/>
        <Baseline points="961,1234 2870,1234"/>
        <TextEquiv conf="0.9953516729084062">
          <Unicode>Memor. of Fountains II. 1. 71, (HIenriqucz Regula p. 54). — „Sacrosancta Romana“.</Unicode>
        </TextEquiv>
      </TextLine>
      <TextLine id="eSc_line_14c855db" custom="structure {type:default;}">
        <Coords points="377,1298 377,1309 388,1320 388,1322 391,1322 393,1322 395,1322 397,1322 428,1307 439,1302 558,1316 561,1291 556,1243 505,1243 503,1243 501,1243 499,1243 499,1245 492,1249 475,1265 375,1265 377,1298"/>
        <Baseline points="377,1298 561,1291"/>
        <TextEquiv conf="0.999823808670044">
          <Unicode>„ 9.</Unicode>
        </TextEquiv>
      </TextLine>
      <TextLine id="eSc_line_7caca969" custom="structure {type:default;}">
        <Coords points="707,1296 709,1340 797,1309 797,1294 793,1252 702,1236 707,1296"/>
        <Baseline points="707,1296 797,1294"/>
        <TextEquiv conf="1.0">
          <Unicode>„</Unicode>
        </TextEquiv>
      </TextLine>
      <TextLine id="eSc_line_0fa1da36" custom="structure {type:default;}">
        <Coords points="894,1294 894,1309 1219,1309 1243,1311 1316,1322 1319,1322 1579,1313 1767,1307 1780,1313 1789,1320 1791,1320 1794,1320 1796,1322 1977,1322 1977,1320 2014,1316 2074,1307 2160,1316 2207,1320 2209,1320 2211,1320 2222,1316 2255,1305 2335,1316 2348,1318 2350,1320 2604,1320 2604,1318 2607,1318 2609,1318 2642,1305 2660,1318 2662,1318 2664,1318 2666,1320 2867,1320 2870,1287 2865,1256 2735,1245 2733,1245 2730,1245 2710,1256 2706,1258 2536,1258 2534,1256 2518,1245 2516,1245 2514,1245 2512,1245 2509,1245 2474,1256 2472,1258 2293,1258 2251,1258 2220,1245 2218,1245 2216,1245 2158,1258 2151,1258 2118,1258 1858,1247 1855,1247 1712,1258 1672,1247 1670,1247 1668,1247 1588,1258 1564,1247 1562,1247 1559,1247 1460,1260 1453,1260 1449,1260 1411,1249 1409,1249 1407,1249 1283,1260 1279,1260 1277,1260 1230,1249 1228,1249 1226,1249 1224,1249 1221,1249 1204,1260 1201,1260 919,1249 916,1249 914,1249 892,1258 894,1294"/>
        <Baseline points="894,1294 2870,1287"/>
        <TextEquiv conf="0.9999881342605308">
          <Unicode>9773 Domus hospitalis de Aquaduce patrocinium suscipit et possessiones confirmat,</Unicode>
        </TextEquiv>
      </TextLine>
      <TextLine id="eSc_line_61c208fc" custom="structure {type:default;}">
        <Coords points="956,1344 956,1366 2867,1373 2872,1340 2865,1309 954,1311 956,1344"/>
        <Baseline points="956,1344 2872,1340"/>
        <TextEquiv conf="0.9923532434872219">
          <Unicode>lohanne Bello aliisque fratribus petentibus. In tabular. Mediolanensi. Inter schedas</Unicode>
        </TextEquiv>
      </TextLine>
      <TextLine id="eSc_line_c764ba5d" custom="structure {type:default;}">
        <Coords points="952,1397 952,1415 1005,1428 1007,1428 1102,1417 1182,1417 1193,1426 1193,1428 1195,1428 1197,1428 1199,1428 1438,1417 1833,1428 1836,1428 1838,1428 1886,1415 1886,1397 1886,1369 952,1369 952,1397"/>
        <Baseline points="952,1397 1886,1397"/>
        <TextEquiv conf="0.999963113447515">
          <Unicode>Jafféi. — „Religiosis desideriis dignum“.</Unicode>
        </TextEquiv>
      </TextLine>
      <TextLine id="eSc_line_aa9ea0e0" custom="structure {type:default;}">
        <Coords points="382,1497 410,1497 410,1495 413,1495 415,1495 415,1492 417,1492 435,1468 486,1466 514,1488 517,1488 519,1488 521,1488 563,1486 563,1453 554,1386 512,1389 510,1389 508,1389 508,1391 505,1391 481,1419 452,1422 380,1404 382,1464 382,1497"/>
        <Baseline points="382,1464 563,1453"/>
        <TextEquiv conf="0.9772117882966995">
          <Unicode>„ 2.</Unicode>
        </TextEquiv>
      </TextLine>
      <TextLine id="eSc_line_7a573f6c" custom="structure {type:default;}">
        <Coords points="695,1459 698,1530 788,1497 788,1457 782,1386 693,1400 695,1459"/>
        <Baseline points="695,1459 788,1457"/>
        <TextEquiv conf="0.9996522665023804">
          <Unicode>„</Unicode>
        </TextEquiv>
      </TextLine>
      <TextLine id="eSc_line_93a39a54" custom="structure {type:default;}">
        <Coords points="892,1455 892,1477 2870,1468 2872,1446 2865,1415 890,1422 892,1455"/>
        <Baseline points="892,1455 2872,1446"/>
        <TextEquiv conf="0.998895953324708">
          <Unicode>9774 Parthenonis S. Petri Flumicellensis patrocinium suscipit, possessionesque et privi-</Unicode>
        </TextEquiv>
      </TextLine>
      <TextLine id="eSc_line_508dbe7c" custom="structure {type:default;}">
        <Coords points="954,1510 954,1534 1288,1534 1290,1534 1332,1548 1334,1548 1336,1548 1402,1537 1467,1548 1469,1548 1471,1548 1511,1534 1588,1548 1590,1548 1654,1532 1663,1532 1670,1532 1734,1545 1736,1545 1860,1532 1869,1532 1875,1532 1957,1545 1959,1545 2048,1532 2052,1532 2056,1532 2200,1545 2202,1545 2204,1545 2242,1530 2246,1530 2251,1530 2291,1543 2293,1543 2295,1545 2646,1545 2646,1543 2649,1543 2651,1543 2668,1530 2671,1530 2748,1543 2750,1543 2865,1528 2867,1503 2861,1472 952,1472 954,1510"/>
        <Baseline points="954,1510 2867,1503"/>
        <TextEquiv conf="0.9939440414309502">
          <Unicode>legia, petente Imila abbatissa, confirmat. Luchi Monum. mon. Leonensis p. 194. —</Unicode>
        </TextEquiv>
      </TextLine>
      <TextLine id="eSc_line_c711ca2c" custom="structure {type:default;}">
        <Coords points="961,1567 961,1585 1531,1578 1533,1561 1528,1530 1164,1521 1162,1521 1159,1521 1120,1532 987,1523 985,1523 983,1523 958,1532 961,1567"/>
        <Baseline points="961,1567 1533,1561"/>
        <TextEquiv conf="0.9995690250396728">
          <Unicode>„Prudentibus virginibus“.</Unicode>
        </TextEquiv>
      </TextLine>
      <TextLine id="eSc_line_e38943b5" custom="structure {type:default;}">
        <Coords points="384,1625 384,1647 391,1654 391,1656 393,1656 395,1656 397,1656 399,1656 402,1656 424,1638 426,1638 463,1638 470,1638 543,1656 545,1656 547,1656 550,1656 552,1656 552,1654 567,1636 567,1620 563,1583 382,1581 384,1625"/>
        <Baseline points="384,1625 567,1620"/>
        <TextEquiv conf="0.9999905586242676">
          <Unicode>„ 10.</Unicode>
        </TextEquiv>
      </TextLine>
      <TextLine id="eSc_line_b43df605" custom="structure {type:default;}">
        <Coords points="689,1623 689,1687 737,1689 740,1689 742,1689 808,1656 808,1623 808,1585 689,1563 689,1623"/>
        <Baseline points="689,1623 808,1623"/>
        <TextEquiv conf="1.0">
          <Unicode>„</Unicode>
        </TextEquiv>
      </TextLine>
      <TextLine id="eSc_line_d2747319" custom="structure {type:default;}">
        <Coords points="894,1623 894,1638 2874,1631 2876,1614 2872,1583 2558,1570 2556,1570 2554,1570 2551,1570 2534,1583 2434,1583 2381,1570 2379,1570 2377,1570 2348,1583 2348,1585 2070,1585 2068,1583 2017,1572 2014,1572 2012,1572 1986,1583 1981,1583 1683,1574 1681,1574 1679,1574 1641,1585 1637,1585 1632,1585 1597,1574 1595,1574 1592,1574 1590,1574 1551,1585 1546,1585 1537,1585 1460,1574 1458,1574 1372,1585 1349,1587 1345,1585 1332,1576 1330,1576 1327,1576 1325,1576 892,1585 894,1623"/>
        <Baseline points="894,1623 2876,1614"/>
        <TextEquiv conf="0.9957736504488978">
          <Unicode>0775 Monasterii S. Petri Insulae Germanicae tutelam suscipit, possessionesqne et prisi-</Unicode>
        </TextEquiv>
      </TextLine>
      <TextLine id="eSc_line_0254bf67" custom="structure {type:default;}">
        <Coords points="954,1676 954,1693 2870,1698 2874,1671 2870,1643 1913,1631 1911,1631 1908,1631 1880,1643 967,1634 965,1634 963,1634 961,1634 952,1640 954,1676"/>
        <Baseline points="954,1676 2874,1671"/>
        <TextEquiv conf="0.9976358935236931">
          <Unicode>legia confirmat, petente Petro abbate. Pflugk-Harttung Acta I. 214, Lalore Coll.</Unicode>
        </TextEquiv>
      </TextLine>
      <TextLine id="eSc_line_2aa64f65" custom="structure {type:default;}">
        <Coords points="954,1726 954,1744 1091,1757 1093,1757 1168,1746 1327,1757 1330,1757 1414,1746 2386,1757 2388,1757 2390,1757 2434,1744 2434,1726 2434,1698 954,1698 954,1726"/>
        <Baseline points="954,1726 2434,1726"/>
        <TextEquiv conf="0.9999789941695428">
          <Unicode>des cart. de Troyes VI. 206. — „Religiosam vitam eligentibns“.</Unicode>
        </TextEquiv>
      </TextLine>
      <TextLine id="eSc_line_4e193d32" custom="structure {type:default;}">
        <Coords points="384,1788 384,1830 565,1808 565,1784 558,1737 382,1757 384,1788"/>
        <Baseline points="384,1788 565,1784"/>
        <TextEquiv conf="0.9344943284988403">
          <Unicode>„ 10.</Unicode>
        </TextEquiv>
      </TextLine>
      <TextLine id="eSc_line_8a9c1377" custom="structure {type:default;}">
        <Coords points="707,1850 775,1855 777,1788 777,1746 742,1746 711,1724 707,1788 707,1850"/>
        <Baseline points="707,1788 777,1788"/>
        <TextEquiv conf="1.0">
          <Unicode>„</Unicode>
        </TextEquiv>
      </TextLine>
      <TextLine id="eSc_line_d2a0a14c" custom="structure {type:default;}">
        <Coords points="899,1784 899,1804 2872,1802 2874,1779 2870,1751 921,1742 919,1742 916,1742 897,1751 899,1784"/>
        <Baseline points="899,1784 2874,1779"/>
        <TextEquiv conf="0.9991150340401983">
          <Unicode>9776 Monasterii S. Aygulfi Pruvinensis possessiones et iura confirmat. Lalore Coll.</Unicode>
        </TextEquiv>
      </TextLine>
      <TextLine id="eSc_line_79925465" custom="structure {type:default;}">
        <Coords points="956,1837 956,1861 1051,1872 1053,1872 1212,1861 1263,1859 1294,1861 1391,1872 1394,1872 1396,1872 1398,1872 1414,1861 1418,1859 1520,1859 1562,1861 1741,1872 1743,1872 1745,1872 1767,1861 1769,1861 1942,1872 1944,1872 2074,1859 2090,1859 2092,1859 2116,1872 2118,1872 2121,1874 2220,1874 2220,1872 2222,1872 2224,1872 2242,1859 2244,1859 2377,1859 2381,1859 2448,1872 2450,1872 2452,1872 2454,1872 2474,1859 2476,1859 2549,1859 2551,1859 2591,1872 2593,1872 2596,1872 2664,1859 2666,1859 2750,1872 2752,1872 2876,1857 2876,1837 2876,1808 956,1808 956,1837"/>
        <Baseline points="956,1837 2876,1837"/>
        <TextEquiv conf="0.9885199773742492">
          <Unicode>des cart. de Troyes VI. Introd. p. XIII, (Neues Archiv VII. 94). — „ . . . . prede-</Unicode>
        </TextEquiv>
      </TextLine>
      <TextLine id="eSc_line_b9fcd3e0" custom="structure {type:default;}">
        <Coords points="956,1892 956,1910 980,1923 983,1923 985,1925 1117,1925 1117,1923 1120,1923 1146,1910 1265,1923 1268,1923 1270,1923 1327,1908 1327,1892 1327,1863 956,1863 956,1892"/>
        <Baseline points="956,1892 1327,1892"/>
        <TextEquiv conf="0.97262862850638">
          <Unicode>cessoris nostri“.</Unicode>
        </TextEquiv>
      </TextLine>
      <TextLine id="eSc_line_ac231654" custom="structure {type:default;}">
        <Coords points="393,1952 395,1980 448,1965 481,1974 494,1978 497,1978 499,1978 565,1967 565,1945 558,1914 391,1916 393,1952"/>
        <Baseline points="393,1952 565,1945"/>
        <TextEquiv conf="0.9999971389770508">
          <Unicode>„ 10.</Unicode>
        </TextEquiv>
      </TextLine>
      <TextLine id="eSc_line_e0a76df1" custom="structure {type:default;}">
        <Coords points="700,1954 700,1969 784,1972 786,1954 786,1908 700,1901 700,1954"/>
        <Baseline points="700,1954 786,1954"/>
        <TextEquiv conf="1.0">
          <Unicode>„</Unicode>
        </TextEquiv>
      </TextLine>
      <TextLine id="eSc_line_0f6ce5e5" custom="structure {type:default;}">
        <Coords points="899,1949 899,1980 969,1969 1822,1969 1836,1976 1840,1980 1842,1980 1844,1980 1847,1980 1849,1980 1862,1976 1889,1967 2032,1967 2048,1974 2056,1978 2059,1978 2061,1978 2116,1974 2202,1967 2308,1972 2417,1978 2419,1978 2874,1967 2876,1945 2872,1912 1911,1901 1908,1901 1906,1901 1882,1912 927,1903 925,1903 923,1903 897,1912 899,1949"/>
        <Baseline points="899,1949 2876,1945"/>
        <TextEquiv conf="0.9972058204283197">
          <Unicode>9777 Cellae S. Sereni, ad monasterium S. Petri Insulae Germanicae pertinentis, bona</Unicode>
        </TextEquiv>
      </TextLine>
      <TextLine id="eSc_line_01563a02" custom="structure {type:default;}">
        <Coords points="956,2002 956,2022 2598,2020 2600,1998 2593,1969 954,1972 956,2002"/>
        <Baseline points="956,2002 2600,1998"/>
        <TextEquiv conf="0.9868166728152169">
          <Unicode>et iura confirmat. Lalore Coll. des cart. de Troyes VI. Introd. p. XIII.</Unicode>
        </TextEquiv>
      </TextLine>
      <TextLine id="eSc_line_587e0510" custom="structure {type:default;}">
        <Coords points="388,2064 388,2093 565,2073 567,2053 561,2011 386,2031 388,2064"/>
        <Baseline points="388,2064 567,2053"/>
        <TextEquiv conf="0.9999999523162841">
          <Unicode>„ 10.</Unicode>
        </TextEquiv>
      </TextLine>
      <TextLine id="eSc_line_27823ffe" custom="structure {type:default;}">
        <Coords points="684,2084 782,2082 784,2067 782,2007 746,2009 691,1989 687,2062 684,2084"/>
        <Baseline points="687,2062 784,2067"/>
        <TextEquiv conf="0.9433501362800598">
          <Unicode>„</Unicode>
        </TextEquiv>
      </TextLine>
      <TextLine id="eSc_line_5ebe27d6" custom="structure {type:default;}">
        <Coords points="903,2060 903,2082 2870,2086 2874,2053 2870,2027 2741,2014 2739,2014 2246,2025 2220,2014 2218,2014 2216,2014 2145,2027 1915,2016 1913,2016 1725,2027 1694,2016 1692,2016 1690,2016 1590,2027 1562,2016 1559,2016 1557,2016 1418,2029 1363,2018 1360,2018 1261,2029 1243,2018 1241,2018 1239,2018 925,2018 923,2018 921,2018 919,2018 901,2027 903,2060"/>
        <Baseline points="903,2060 2874,2053"/>
        <TextEquiv conf="0.9937588437682107">
          <Unicode>9778 (6745) Ecclesiae Magalonensis protectionem suscipit, possessionesque confirmat,</Unicode>
        </TextEquiv>
      </TextLine>
      <TextLine id="eSc_line_83644162" custom="structure {type:default;}">
        <Coords points="963,2115 963,2146 2872,2137 2874,2108 2867,2080 961,2084 963,2115"/>
        <Baseline points="963,2115 2874,2108"/>
        <TextEquiv conf="0.9944231495799789">
          <Unicode>petente Raimundo episcopo. Gariel Scr. I. 193, Gall. Chr. VI. Instr. 357, Migne 188</Unicode>
        </TextEquiv>
      </TextLine>
      <TextLine id="eSc_line_7385d568" custom="structure {type:default;}">
        <Coords points="958,2170 958,2188 1522,2197 1524,2197 1526,2197 1528,2197 1548,2186 1551,2184 1555,2184 1584,2195 1586,2195 1588,2195 1847,2181 1849,2164 1844,2137 1285,2128 1283,2128 1281,2128 1248,2139 1040,2131 1038,2131 956,2142 958,2170"/>
        <Baseline points="958,2170 1849,2164"/>
        <TextEquiv conf="0.997802006231772">
          <Unicode>p. 1007. — „In eminenti apostolicae“.</Unicode>
        </TextEquiv>
      </TextLine>
      <TextLine id="eSc_line_ee95d88d" custom="structure {type:default;}">
        <Coords points="393,2228 393,2263 574,2241 574,2221 570,2190 517,2179 514,2179 391,2192 393,2228"/>
        <Baseline points="393,2228 574,2221"/>
        <TextEquiv conf="0.9952866435050964">
          <Unicode>„ 15.</Unicode>
        </TextEquiv>
      </TextLine>
      <TextLine id="eSc_line_768287c9" custom="structure {type:default;}">
        <Coords points="698,2230 700,2283 729,2283 729,2281 731,2281 733,2281 733,2279 753,2259 764,2243 790,2241 790,2223 784,2175 693,2177 698,2230"/>
        <Baseline points="698,2230 790,2223"/>
        <TextEquiv conf="0.9998300075531006">
          <Unicode>„</Unicode>
        </TextEquiv>
      </TextLine>
      <TextLine id="eSc_line_649604ec" custom="structure {type:default;}">
        <Coords points="903,2223 903,2245 2874,2239 2876,2217 2872,2184 923,2181 921,2181 919,2181 916,2181 901,2188 903,2223"/>
        <Baseline points="903,2223 2876,2217"/>
        <TextEquiv conf="0.9844015056178683">
          <Unicode>9779 Universis fidelibus apud ecclesiam S. Cuthberti Dunelmensem congregandis pecca-</Unicode>
        </TextEquiv>
      </TextLine>
      <TextLine id="eSc_line_43fb35ed" custom="structure {type:default;}">
        <Coords points="961,2279 961,2298 2872,2305 2876,2274 2870,2245 958,2248 961,2279"/>
        <Baseline points="961,2279 2876,2274"/>
        <TextEquiv conf="0.9920267774945214">
          <Unicode>torum remissionem promittit, eisque, qui de facultatibus suis fratres ibi servientes</Unicode>
        </TextEquiv>
      </TextLine>
      <TextLine id="eSc_line_a86bdd7f" custom="structure {type:default;}">
        <Coords points="963,2334 963,2356 2874,2354 2876,2329 2870,2301 961,2303 963,2334"/>
        <Baseline points="963,2334 2876,2329"/>
        <TextEquiv conf="0.994238463843741">
          <Unicode>iuverint, quadraginta dies iniunctae poenitentiae indulget. Hist. Dunelmensis Scr.</Unicode>
        </TextEquiv>
      </TextLine>
      <TextLine id="eSc_line_72e16ab4" custom="structure {type:default;}">
        <Coords points="961,2391 961,2407 996,2420 998,2420 1000,2422 1184,2422 1184,2420 1186,2420 1188,2420 1208,2407 1270,2415 1272,2415 1274,2415 1299,2404 1301,2404 1378,2404 1391,2415 1391,2418 1394,2418 1396,2418 1398,2418 1495,2415 1497,2415 1500,2415 1500,2413 1509,2404 1531,2415 1533,2415 1535,2418 1847,2418 1847,2415 1849,2415 1902,2400 1902,2385 1895,2356 958,2360 961,2391"/>
        <Baseline points="961,2391 1902,2385"/>
        <TextEquiv conf="0.9991786763072014">
          <Unicode>append. p. 34. — „Qui celestis patriae“.</Unicode>
        </TextEquiv>
      </TextLine>
      <TextLine id="eSc_line_730e6db1" custom="structure {type:default;}">
        <Coords points="393,2449 393,2466 556,2468 558,2468 561,2468 563,2468 563,2466 574,2453 574,2444 567,2400 391,2409 393,2449"/>
        <Baseline points="393,2449 574,2444"/>
        <TextEquiv conf="0.9999998092651368">
          <Unicode>„ 18.</Unicode>
        </TextEquiv>
      </TextLine>
      <TextLine id="eSc_line_baf9aadd" custom="structure {type:default;}">
        <Coords points="687,2446 687,2473 753,2475 755,2475 757,2475 793,2455 793,2440 788,2407 746,2393 744,2393 742,2393 740,2393 684,2411 687,2446"/>
        <Baseline points="687,2446 793,2440"/>
        <TextEquiv conf="0.9999972184499105">
          <Unicode>(„)</Unicode>
        </TextEquiv>
      </TextLine>
      <TextLine id="eSc_line_8c31f0bc" custom="structure {type:default;}">
        <Coords points="905,2442 905,2466 2878,2460 2881,2435 2874,2409 903,2413 905,2442"/>
        <Baseline points="905,2442 2881,2435"/>
        <TextEquiv conf="0.994831239602652">
          <Unicode>9780 Pactum super possessione in „exarchatu Ravennatensi“ sita factum inter fratres</Unicode>
        </TextEquiv>
      </TextLine>
      <TextLine id="eSc_line_ce0ac610" custom="structure {type:default;}">
        <Coords points="961,2499 961,2521 2876,2526 2881,2491 2874,2462 958,2468 961,2499"/>
        <Baseline points="961,2499 2881,2491"/>
        <TextEquiv conf="0.9979119588347042">
          <Unicode>S. Mariae de Porto et fratres S. Mariae et S. Andreae in insula Serra (prope Istriam)</Unicode>
        </TextEquiv>
      </TextLine>
      <TextLine id="eSc_line_a6e4daf7" custom="structure {type:default;}">
        <Coords points="961,2548 958,2566 1007,2581 1009,2581 1011,2581 1230,2570 1429,2583 1431,2583 1886,2570 1889,2552 1886,2524 1449,2524 1444,2521 1429,2510 1427,2510 1425,2510 1422,2510 961,2517 961,2548"/>
        <Baseline points="961,2548 1889,2552"/>
        <TextEquiv conf="0.9880996208924514">
          <Unicode>confirmat. Pflugk-Harttung Iter p. 807.</Unicode>
        </TextEquiv>
      </TextLine>
      <TextLine id="eSc_line_e3603fff" custom="structure {type:default;}">
        <Coords points="395,2608 395,2634 430,2638 433,2638 435,2638 437,2638 448,2630 459,2621 483,2625 550,2634 552,2634 554,2634 556,2634 556,2632 574,2614 574,2603 570,2574 499,2563 497,2563 393,2577 395,2608"/>
        <Baseline points="395,2608 574,2603"/>
        <TextEquiv conf="0.9998178362846375">
          <Unicode>„ 20.</Unicode>
        </TextEquiv>
      </TextLine>
      <TextLine id="eSc_line_a99c52a8" custom="structure {type:default;}">
        <Coords points="704,2614 704,2621 764,2621 766,2612 760,2579 702,2583 704,2614"/>
        <Baseline points="704,2614 766,2612"/>
        <TextEquiv conf="0.9988605976104736">
          <Unicode>„</Unicode>
        </TextEquiv>
      </TextLine>
      <TextLine id="eSc_line_9e70bb19" custom="structure {type:default;}">
        <Coords points="908,2612 908,2630 1341,2627 1358,2627 1455,2638 1458,2638 1544,2627 1566,2625 1690,2627 2176,2634 2178,2634 2878,2619 2881,2599 2876,2570 923,2570 921,2570 919,2570 916,2570 905,2577 908,2612"/>
        <Baseline points="908,2612 2881,2599"/>
        <TextEquiv conf="0.9924489046846118">
          <Unicode>9781 Ecclesiae S. Iacobi de Almiro tutelam suscipit, eiusquc possessioncs, praecipue</Unicode>
        </TextEquiv>
      </TextLine>
      <TextLine id="eSc_line_389ed7ee" custom="structure {type:default;}">
        <Coords points="965,2658 963,2683 1042,2696 1045,2696 2876,2687 2878,2663 2876,2632 965,2627 965,2658"/>
        <Baseline points="965,2658 2878,2663"/>
        <TextEquiv conf="0.988961744876135">
          <Unicode>ecclesiam S. Nicolai, confirmat, petente Ricio priore. Müller Documenti sulle relaz.</Unicode>
        </TextEquiv>
      </TextLine>
      <TextLine id="eSc_line_19247760" custom="structure {type:default;}">
        <Coords points="967,2718 967,2736 1453,2747 1455,2747 1948,2731 1950,2714 1946,2687 1573,2676 1570,2676 965,2687 967,2718"/>
        <Baseline points="967,2718 1950,2714"/>
        <TextEquiv conf="0.9985672290935073">
          <Unicode>Tosc. p. 5. — „Piae postulatio voluntatis“.</Unicode>
        </TextEquiv>
      </TextLine>
      <TextLine id="eSc_line_5a56a450" custom="structure {type:default;}">
        <Coords points="395,2773 395,2813 437,2813 437,2811 439,2811 441,2811 441,2809 446,2806 461,2789 587,2786 587,2767 583,2711 444,2694 441,2694 439,2694 391,2707 395,2773"/>
        <Baseline points="395,2773 587,2767"/>
        <TextEquiv conf="0.9976099133491516">
          <Unicode>„ 20.</Unicode>
        </TextEquiv>
      </TextLine>
      <TextLine id="eSc_line_4b19c9c0" custom="structure {type:default;}">
        <Coords points="623,2767 623,2780 671,2795 673,2795 676,2795 797,2793 799,2793 802,2793 828,2775 828,2762 821,2698 764,2698 742,2689 700,2674 698,2674 695,2674 620,2678 623,2767"/>
        <Baseline points="623,2767 828,2762"/>
        <TextEquiv conf="0.9462093949317932">
          <Unicode>Romae</Unicode>
        </TextEquiv>
      </TextLine>
      <TextLine id="eSc_line_34e6a31c" custom="structure {type:default;}">
        <Coords points="908,2771 908,2793 2876,2797 2881,2764 2876,2736 905,2736 908,2771"/>
        <Baseline points="908,2771 2881,2764"/>
        <TextEquiv conf="0.9904388091232204">
          <Unicode>Hugonem episcopum Dunelmensem consecrat „dominica ante natale domini“. Chronica</Unicode>
        </TextEquiv>
      </TextLine>
      <TextLine id="eSc_line_95cd7671" custom="structure {type:default;}">
        <Coords points="965,2826 965,2846 2551,2844 2554,2822 2549,2795 1778,2784 1776,2784 1774,2784 1771,2784 1752,2795 987,2786 985,2786 983,2786 963,2795 965,2826"/>
        <Baseline points="965,2826 2554,2822"/>
        <TextEquiv conf="0.9956983212214797">
          <Unicode>de Mailros 1153 ap. Fell Rer. Angl. SS. p. 167, ed Stevenson p. 75.</Unicode>
        </TextEquiv>
      </TextLine>
      <TextLine id="eSc_line_0f2e1a50" custom="structure {type:default;}">
        <Coords points="397,2886 399,2908 457,2895 570,2903 574,2879 570,2850 512,2839 510,2839 395,2855 397,2886"/>
        <Baseline points="397,2886 574,2879"/>
        <TextEquiv conf="0.9966658115386963">
          <Unicode>„ 20.</Unicode>
        </TextEquiv>
      </TextLine>
      <TextLine id="eSc_line_5798ab10" custom="structure {type:default;}">
        <Coords points="625,2879 625,2908 848,2903 848,2879 848,2846 625,2846 625,2879"/>
        <Baseline points="625,2879 848,2879"/>
        <TextEquiv conf="1.0">
          <Unicode>Laterani</Unicode>
        </TextEquiv>
      </TextLine>
      <TextLine id="eSc_line_44325e74" custom="structure {type:default;}">
        <Coords points="908,2881 908,2906 2878,2899 2881,2875 2876,2844 930,2839 927,2839 925,2839 905,2848 908,2881"/>
        <Baseline points="908,2881 2881,2875"/>
        <TextEquiv conf="0.9999112170862864">
          <Unicode>9782 (6746) R(aimundo) Arelatensi, P(ontio) Aquensi, G(uilielmo) Ebredunensi archi-</Unicode>
        </TextEquiv>
      </TextLine>
      <TextLine id="eSc_line_b626d649" custom="structure {type:default;}">
        <Coords points="969,2937 969,2959 2878,2952 2881,2930 2874,2901 967,2906 969,2937"/>
        <Baseline points="969,2937 2881,2930"/>
        <TextEquiv conf="0.9989340950460995">
          <Unicode>episcopis praecipit, „ut possessiones omnes, quas monasterium S. Victoris Massiliense</Unicode>
        </TextEquiv>
      </TextLine>
      <TextLine id="eSc_line_6d67f05f" custom="structure {type:default;}">
        <Coords points="967,2992 967,3018 2874,3018 2876,2985 2870,2959 965,2961 967,2992"/>
        <Baseline points="967,2992 2876,2985"/>
        <TextEquiv conf="0.9959616578077968">
          <Unicode>per quadraginta et eo amplius annos quiete tenuisse cognoscatur, decimas etiam,</Unicode>
        </TextEquiv>
      </TextLine>
      <TextLine id="eSc_line_ac47f3fd" custom="structure {type:default;}">
        <Coords points="967,3045 967,3069 2876,3065 2878,3040 2872,3014 965,3016 967,3045"/>
        <Baseline points="967,3045 2878,3040"/>
        <TextEquiv conf="0.9999954786645361">
          <Unicode>quas per eiusdem temporis spatium tenuisse probetur, quietas illi etiam in posterum</Unicode>
        </TextEquiv>
      </TextLine>
      <TextLine id="eSc_line_9886f699" custom="structure {type:default;}">
        <Coords points="967,3098 967,3120 2876,3129 2881,3093 2874,3060 965,3067 967,3098"/>
        <Baseline points="967,3098 2881,3093"/>
        <TextEquiv conf="0.9876408716778696">
          <Unicode>dimittant“. Coll. de Cartulaires IX. 257, (L&#x27;Antiqnité de Marseille I. 471, Migne</Unicode>
        </TextEquiv>
      </TextLine>
      <TextLine id="eSc_line_ff9ef84c" custom="structure {type:default;}">
        <Coords points="969,3155 969,3173 1277,3184 1279,3184 1380,3173 1383,3173 1458,3184 1460,3184 1657,3182 1659,3182 1661,3182 1661,3180 1670,3171 1694,3182 1696,3182 1699,3184 1959,3184 1959,3182 1961,3182 2008,3168 2008,3151 2003,3124 983,3115 980,3115 978,3115 976,3115 967,3122 969,3155"/>
        <Baseline points="969,3155 2008,3151"/>
        <TextEquiv conf="0.9999792320387704">
          <Unicode>188 p. 1007). — „Massiliense monasterium“.</Unicode>
        </TextEquiv>
      </TextLine>
      <TextLine id="eSc_line_1f09adc0" custom="structure {type:default;}">
        <Coords points="395,3217 397,3257 428,3257 428,3255 430,3255 433,3255 433,3252 435,3250 457,3228 512,3241 525,3244 528,3244 576,3233 576,3208 572,3162 391,3160 395,3217"/>
        <Baseline points="395,3217 576,3208"/>
        <TextEquiv conf="0.9999492287635803">
          <Unicode>„ 25.</Unicode>
        </TextEquiv>
      </TextLine>
      <TextLine id="eSc_line_42b7bf08" custom="structure {type:default;}">
        <Coords points="715,3219 718,3277 771,3294 771,3215 762,3175 711,3188 715,3219"/>
        <Baseline points="715,3219 771,3215"/>
        <TextEquiv conf="1.0">
          <Unicode>„</Unicode>
        </TextEquiv>
      </TextLine>
      <TextLine id="eSc_line_fb39b868" custom="structure {type:default;}">
        <Coords points="905,3215 905,3235 1047,3235 1064,3246 1067,3246 1069,3246 1071,3246 1157,3235 1179,3248 1182,3248 1184,3248 1186,3248 1188,3248 1190,3248 1210,3235 1431,3246 1433,3246 1436,3246 1438,3246 1460,3233 1553,3244 1555,3244 1663,3233 1734,3244 1736,3244 1981,3228 2218,3241 2220,3241 2721,3224 2839,3237 2841,3237 2843,3237 2881,3219 2881,3202 2874,3173 2255,3175 2253,3175 2231,3164 2229,3164 2227,3164 2224,3164 2196,3177 2191,3180 1953,3180 1953,3177 1911,3166 1908,3166 1906,3166 1833,3180 1824,3180 1807,3180 1632,3168 1630,3168 1628,3168 1626,3168 1610,3180 1559,3168 1557,3168 1462,3182 1458,3182 1442,3171 1440,3171 1438,3171 1228,3171 1226,3171 1224,3171 1221,3171 1206,3182 932,3173 930,3173 927,3173 903,3182 905,3215"/>
        <Baseline points="905,3215 2881,3202"/>
        <TextEquiv conf="0.9997086540445105">
          <Unicode>9783 (6747) A(ndream) archiepiscopum et P. comitem clerumque ac populum Ragu-</Unicode>
        </TextEquiv>
      </TextLine>
      <TextLine id="eSc_line_011e70a8" custom="structure {type:default;}">
        <Coords points="969,3266 969,3288 1376,3288 1383,3288 1442,3299 1444,3299 1447,3299 1473,3288 1480,3286 2876,3286 2878,3257 2872,3230 967,3237 969,3266"/>
        <Baseline points="969,3266 2878,3257"/>
        <TextEquiv conf="0.9981470741331577">
          <Unicode>sanum de officiis erga Henricum subdiaconum, legatum suum, laudat. Huius decreta</Unicode>
        </TextEquiv>
      </TextLine>
      <TextLine id="eSc_line_2bb77a7e" custom="structure {type:default;}">
        <Coords points="969,3319 969,3345 2876,3336 2878,3312 2872,3283 967,3288 969,3319"/>
        <Baseline points="969,3319 2878,3312"/>
        <TextEquiv conf="0.999125081651351">
          <Unicode>probat, quibus (Petrus) Drivastensis et (Iohannes) Dulchiniensis episcopi deiecti, et</Unicode>
        </TextEquiv>
      </TextLine>
      <TextLine id="eSc_line_cc165fc3" custom="structure {type:default;}">
        <Coords points="969,3372 969,3396 2881,3389 2881,3365 2874,3339 967,3343 969,3372"/>
        <Baseline points="969,3372 2881,3365"/>
        <TextEquiv conf="0.9985049465123345">
          <Unicode>(Nicephoro) episcopo Catharinensi sacrificiis interdictum, ac comes Catharinensis ex-</Unicode>
        </TextEquiv>
      </TextLine>
      <TextLine id="eSc_line_b0281064" custom="structure {type:default;}">
        <Coords points="969,3427 969,3453 1056,3469 1058,3469 1060,3469 1106,3456 1109,3456 1113,3456 1239,3469 1241,3469 1243,3469 1274,3456 1279,3456 1299,3456 1455,3469 1458,3469 1712,3467 1714,3467 1716,3467 1725,3458 1732,3456 1767,3460 1862,3469 1864,3469 1866,3469 1900,3460 1917,3456 1946,3460 1997,3469 1999,3471 2083,3471 2083,3469 2085,3469 2087,3469 2098,3460 2109,3456 2191,3462 2264,3467 2266,3467 2269,3467 2282,3462 2299,3456 2317,3462 2333,3469 2335,3469 2337,3469 2370,3462 2406,3456 2443,3462 2474,3469 2476,3469 2872,3464 2874,3427 2870,3398 969,3398 969,3427"/>
        <Baseline points="969,3427 2874,3427"/>
        <TextEquiv conf="0.9997228931548984">
          <Unicode>communicatus sit. (Fragmentum.) Farlati III. sacr. VI. 65, Mon. Hung. hist. I. XX. 96,</Unicode>
        </TextEquiv>
      </TextLine>
      <TextLine id="eSc_line_f72b3ece" custom="structure {type:default;}">
        <Coords points="972,3478 969,3509 1045,3528 1047,3528 1049,3528 1102,3511 1115,3506 1228,3506 1230,3511 1241,3520 1241,3522 1243,3522 1246,3522 1248,3522 1250,3522 1281,3511 1288,3509 1296,3511 1321,3520 1323,3520 1325,3520 1422,3511 1464,3509 1471,3513 1493,3531 1495,3531 1497,3531 1564,3533 1566,3533 1568,3533 1570,3533 1590,3520 1758,3533 1760,3533 1763,3533 1811,3513 1820,3511 1858,3513 1862,3484 1860,3453 972,3442 972,3478"/>
        <Baseline points="972,3478 1862,3484"/>
        <TextEquiv conf="0.9957560476134805">
          <Unicode>Migne 188 p. 1008. — „Et quoniam“.</Unicode>
        </TextEquiv>
      </TextLine>
    </TextRegion>
    <TextRegion id="eSc_textblock_31a2826c"  custom="structure {type:default;}">
      <Coords points="1151,132 2043,132 2070,209 2043,236 1137,236 1111,167 1151,132"/>
      <TextLine id="eSc_line_828516cd" custom="structure {type:default;}">
        <Coords points="1135,203 1135,216 1155,227 1157,227 1159,227 2045,214 2045,194 2041,154 1975,139 1972,139 1970,139 1968,139 1953,154 1864,154 1836,139 1833,139 1831,139 1829,139 1791,154 1774,143 1771,143 1769,143 1767,143 1520,156 1360,136 1358,136 1270,150 1173,139 1170,139 1168,139 1166,139 1133,159 1135,203"/>
        <Baseline points="1135,203 2045,194"/>
        <TextEquiv conf="0.9777800440788269">
          <Unicode>AX4874811*S IV. 1153—1134.</Unicode>
        </TextEquiv>
      </TextLine>
    </TextRegion>
  </Page>
</PcGts>
