<?xml version="1.0" encoding="UTF-8"  standalone="yes"?>
<PcGts xmlns="http://schema.primaresearch.org/PAGE/gts/pagecontent/2019-07-15" xmlns:xsi="http://www.w3.org/2001/XMLSchema-instance" xsi:schemaLocation="http://schema.primaresearch.org/PAGE/gts/pagecontent/2019-07-15 http://schema.primaresearch.org/PAGE/gts/pagecontent/2019-07-15/pagecontent.xsd">
  <Metadata externalRef="pdf//regestapontificu02cath.pdf">
	<Creator>escriptorium</Creator>
	<Created>2026-01-31T10:23:11.737651+00:00</Created>
        <LastChange>2026-02-01T14:29:09.605679+00:00</LastChange>
  </Metadata>
  <Page imageFilename="regestapontificu02cath.pdf_page_83.png" imageWidth="3007" imageHeight="3975">
    <TextRegion id="eSc_textblock_286a94c5"  custom="structure {type:default;}">
      <Coords points="1743,335 2688,353 2680,3584 760,3601 689,3592 651,3548 486,3566 397,3557 368,3522 289,3557 132,3548 97,3142 123,388 1743,335"/>
      <TextLine id="eSc_line_b3bc75b9" custom="structure {type:default;}">
        <Coords points="919,362 910,362 859,362 852,364 830,364 808,364 786,366 764,366 742,366 720,368 698,368 676,368 653,371 656,412 656,437 2560,430 2560,399 2554,353 2386,359 2324,355 2251,348 2249,348 2165,357 2109,362 2081,357 2032,351 2030,351 2028,351 2026,351 2017,359 2010,364 1880,364 1871,359 1853,353 1851,353 1608,351 1606,351 1425,355 1422,355 1420,355 1405,366 1402,366 1312,351 1310,351 921,359 919,362"/>
        <Baseline points="656,412 2560,399"/>
        <TextEquiv conf="0.976054203950546">
          <Unicode>1151. (Ind. 14. — 25. Sept. — 15, pont. a. G. — 18. Frtr. — 7, 1150). — 25. Mart. 1131.)</Unicode>
        </TextEquiv>
      </TextLine>
      <TextLine id="eSc_line_f2b12fda" custom="structure {type:default;}">
        <Coords points="132,474 132,514 289,530 291,530 293,530 296,530 322,510 331,505 386,505 417,507 592,525 594,525 596,525 598,525 598,523 618,503 618,468 616,426 572,412 570,412 567,412 130,426 132,474"/>
        <Baseline points="132,474 618,468"/>
        <TextEquiv conf="0.9886115569817392">
          <Unicode>Febr. 14. Ferentini</Unicode>
        </TextEquiv>
      </TextLine>
      <TextLine id="eSc_line_dc4efbed" custom="structure {type:default;}">
        <Coords points="680,472 680,494 1036,505 1038,505 1129,494 1133,494 1137,494 1232,505 1235,505 1312,494 1330,505 1332,505 1334,505 1336,505 1562,492 1586,492 1670,492 2448,501 2450,501 2653,488 2655,465 2651,435 2006,421 2003,421 2001,421 1999,421 1979,435 1933,424 1931,424 1928,424 1855,435 1654,424 1652,424 1650,424 1610,437 1334,437 715,426 713,426 711,426 678,437 680,472"/>
        <Baseline points="680,472 2655,465"/>
        <TextEquiv conf="0.9945222088476506">
          <Unicode>9447 G(ertrudi) abbatissae parthenonis S. Mariae et S. Godehardi Hugesdorfensis et</Unicode>
        </TextEquiv>
      </TextLine>
      <TextLine id="eSc_line_de8f1d53" custom="structure {type:default;}">
        <Coords points="740,530 740,554 2649,556 2653,523 2649,494 2085,483 2083,483 2014,494 2010,494 1977,494 1444,485 1442,485 737,496 740,530"/>
        <Baseline points="740,530 2653,523"/>
        <TextEquiv conf="0.9987801528254221">
          <Unicode>Alb(erto) eiusdem loci praeposito significat, confirmare se libertates, quas Albertus,</Unicode>
        </TextEquiv>
      </TextLine>
      <TextLine id="eSc_line_fd8ab3a8" custom="structure {type:default;}">
        <Coords points="737,583 737,609 2651,609 2653,576 2646,543 735,549 737,583"/>
        <Baseline points="737,583 2653,576"/>
        <TextEquiv conf="0.9923858116654789">
          <Unicode>archiscopus Moguntinus, de electione abbatissae et praepositi, de advocato removendo,</Unicode>
        </TextEquiv>
      </TextLine>
      <TextLine id="eSc_line_3b117992" custom="structure {type:default;}">
        <Coords points="737,636 737,660 2651,660 2653,631 2646,602 735,605 737,636"/>
        <Baseline points="737,636 2653,631"/>
        <TextEquiv conf="0.996889878064394">
          <Unicode>de sepultura libera aliisque concesserit. Rein Thuringia sacra II. 115. — „Sicut</Unicode>
        </TextEquiv>
      </TextLine>
      <TextLine id="eSc_line_05ad359e" custom="structure {type:default;}">
        <Coords points="735,693 735,708 768,724 771,724 773,726 890,726 890,724 892,724 956,706 961,706 963,706 994,722 996,722 998,722 1133,704 1135,689 1129,658 733,660 735,693"/>
        <Baseline points="735,693 1135,689"/>
        <TextEquiv conf="0.9952839182482826">
          <Unicode>apostolice sedis“.</Unicode>
        </TextEquiv>
      </TextLine>
      <TextLine id="eSc_line_1141c83f" custom="structure {type:default;}">
        <Coords points="178,750 176,770 245,759 260,770 265,775 267,775 269,775 271,775 419,766 470,764 475,764 510,779 512,779 514,779 517,779 554,761 556,757 552,728 435,728 413,726 307,708 304,708 178,722 178,750"/>
        <Baseline points="178,750 556,757"/>
        <TextEquiv conf="0.999744713306427">
          <Unicode>„ 19. „</Unicode>
        </TextEquiv>
      </TextLine>
      <TextLine id="eSc_line_923dd3c0" custom="structure {type:default;}">
        <Coords points="682,746 682,770 2651,775 2655,742 2649,702 680,713 682,746"/>
        <Baseline points="682,746 2655,742"/>
        <TextEquiv conf="0.9974613345804668">
          <Unicode>9448 Ecclesiae Augustodunensis possessiones et privilegia confirmat, rogatu Heinrici</Unicode>
        </TextEquiv>
      </TextLine>
      <TextLine id="eSc_line_e43878df" custom="structure {type:default;}">
        <Coords points="735,801 735,821 2653,823 2655,801 2655,775 735,775 735,801"/>
        <Baseline points="735,801 2655,801"/>
        <TextEquiv conf="0.9964704430555995">
          <Unicode>episcopi, a sese pallio decorati. Charmasse Cart. de l&#x27;év. d&#x27;Autun p. 11. — „In</Unicode>
        </TextEquiv>
      </TextLine>
      <TextLine id="eSc_line_f3eb6d38" custom="structure {type:default;}">
        <Coords points="735,852 733,870 793,889 795,889 797,889 952,874 980,892 983,892 985,892 987,892 989,892 1031,881 1168,892 1170,892 1173,892 1232,874 1235,856 1232,828 735,821 735,852"/>
        <Baseline points="735,852 1235,856"/>
        <TextEquiv conf="0.9998145699501038">
          <Unicode>eminenti apostolicae“.</Unicode>
        </TextEquiv>
      </TextLine>
      <TextLine id="eSc_line_8c5a0038" custom="structure {type:default;}">
        <Coords points="167,918 167,938 192,947 194,947 196,947 198,947 201,947 201,945 207,940 216,929 251,929 265,940 267,942 269,942 271,942 273,942 362,940 362,912 355,836 313,839 311,839 309,839 287,854 240,887 165,887 167,918"/>
        <Baseline points="167,918 362,912"/>
        <TextEquiv conf="0.9999840974807739">
          <Unicode>„ 23.</Unicode>
        </TextEquiv>
      </TextLine>
      <TextLine id="eSc_line_424b6f67" custom="structure {type:default;}">
        <Coords points="452,918 450,927 554,951 558,923 556,872 452,887 452,918"/>
        <Baseline points="452,918 558,923"/>
        <TextEquiv conf="1.0">
          <Unicode>„</Unicode>
        </TextEquiv>
      </TextLine>
      <TextLine id="eSc_line_d0e6cf0e" custom="structure {type:default;}">
        <Coords points="684,909 684,936 2653,929 2655,903 2649,872 682,878 684,909"/>
        <Baseline points="684,909 2655,903"/>
        <TextEquiv conf="0.9985808219228473">
          <Unicode>9449 (6559) Pontio, abbati Vixeliacensi, praecipit, ut „proximis octavis b. Martini“</Unicode>
        </TextEquiv>
      </TextLine>
      <TextLine id="eSc_line_bf56d096" custom="structure {type:default;}">
        <Coords points="737,969 737,991 2653,984 2655,962 2651,931 762,925 760,925 757,925 735,934 737,969"/>
        <Baseline points="737,969 2655,962"/>
        <TextEquiv conf="0.9999007119851954">
          <Unicode>(18. Nov.), nisi cum He(nrico) episcopo Eduensi in gratiam redierit, ad sese aut ipse</Unicode>
        </TextEquiv>
      </TextLine>
      <TextLine id="eSc_line_3ebc0eeb" custom="structure {type:default;}">
        <Coords points="740,1024 740,1044 2651,1048 2655,1020 2649,991 737,993 740,1024"/>
        <Baseline points="740,1024 2655,1020"/>
        <TextEquiv conf="0.9990632481212858">
          <Unicode>veniat, aut legatos mittat. Aliam rem apud Hugonem, episcopum Altissiodorensem,</Unicode>
        </TextEquiv>
      </TextLine>
      <TextLine id="eSc_line_ea5bc45d" custom="structure {type:default;}">
        <Coords points="740,1077 740,1101 2655,1099 2657,1073 2653,1044 737,1044 740,1077"/>
        <Baseline points="740,1077 2657,1073"/>
        <TextEquiv conf="0.9942698695442893">
          <Unicode>agi vult. D&#x27;Achery Spic. II. 510, Bouquet Rec. XV. 462, Mansi XXI. 657, Migne</Unicode>
        </TextEquiv>
      </TextLine>
      <TextLine id="eSc_line_8db9665f" custom="structure {type:default;}">
        <Coords points="740,1128 737,1150 748,1159 751,1159 753,1159 755,1159 1179,1148 1197,1159 1199,1159 1201,1159 1204,1159 1360,1150 1376,1161 1378,1161 1380,1161 1383,1163 1683,1163 1683,1161 1749,1148 1752,1132 1749,1097 740,1097 740,1128"/>
        <Baseline points="740,1128 1752,1132"/>
        <TextEquiv conf="0.9824520468711853">
          <Unicode>180 p. 1451. — „Veniens ad praesentiam“.</Unicode>
        </TextEquiv>
      </TextLine>
      <TextLine id="eSc_line_4919310f" custom="structure {type:default;}">
        <Coords points="170,1196 170,1225 260,1214 276,1216 331,1230 333,1230 335,1230 338,1230 364,1210 364,1192 355,1117 307,1132 293,1128 269,1119 267,1119 265,1119 262,1119 260,1119 260,1121 243,1137 227,1152 167,1152 170,1196"/>
        <Baseline points="170,1196 364,1192"/>
        <TextEquiv conf="0.9999810934066773">
          <Unicode>„ 24.</Unicode>
        </TextEquiv>
      </TextLine>
      <TextLine id="eSc_line_29d1a9e0" custom="structure {type:default;}">
        <Coords points="437,1196 435,1225 466,1227 479,1238 503,1256 505,1256 508,1256 510,1258 558,1258 563,1201 561,1170 437,1168 437,1196"/>
        <Baseline points="437,1196 563,1201"/>
        <TextEquiv conf="1.0">
          <Unicode>„</Unicode>
        </TextEquiv>
      </TextLine>
      <TextLine id="eSc_line_a38aba59" custom="structure {type:default;}">
        <Coords points="684,1183 682,1203 2649,1214 2653,1188 2651,1152 684,1148 684,1183"/>
        <Baseline points="684,1183 2653,1188"/>
        <TextEquiv conf="0.9997648339379918">
          <Unicode>9450 (6560) Monasterium S. Trinitatis et S. Michaelis Miletense, rogatu Roberti abbatis,</Unicode>
        </TextEquiv>
      </TextLine>
      <TextLine id="eSc_line_ef41c43e" custom="structure {type:default;}">
        <Coords points="737,1243 737,1265 2651,1263 2653,1236 2646,1205 735,1214 737,1243"/>
        <Baseline points="737,1243 2653,1236"/>
        <TextEquiv conf="0.9976186575712981">
          <Unicode>tuendum suscipit et eius possessiones ac iura confirmat, ea lege, ut monachi auri</Unicode>
        </TextEquiv>
      </TextLine>
      <TextLine id="eSc_line_ff26ce89" custom="structure {type:default;}">
        <Coords points="740,1296 740,1320 2653,1327 2655,1296 2655,1267 740,1267 740,1296"/>
        <Baseline points="740,1296 2655,1296"/>
        <TextEquiv conf="0.9939312025904655">
          <Unicode>unciam sedi Romanae quotannis pendant. (Huius bullae fides addubitatur in Storia</Unicode>
        </TextEquiv>
      </TextLine>
      <TextLine id="eSc_line_3b1b5683" custom="structure {type:default;}">
        <Coords points="737,1351 737,1373 2653,1375 2655,1351 2653,1318 737,1318 737,1351"/>
        <Baseline points="737,1351 2655,1351"/>
        <TextEquiv conf="0.9931205169456762">
          <Unicode>d. bad. della S. Trinità di Mileto p. 120, ut mecum communicat de Backer.) Ughelli</Unicode>
        </TextEquiv>
      </TextLine>
      <TextLine id="eSc_line_734521b2" custom="structure {type:default;}">
        <Coords points="737,1408 737,1428 2655,1424 2657,1404 2653,1375 1732,1364 1729,1364 1727,1364 1694,1375 1692,1378 735,1378 737,1408"/>
        <Baseline points="737,1408 2657,1404"/>
        <TextEquiv conf="0.9942935675382614">
          <Unicode>It. sacr. I. 952, Pirri Sic. sacr. II. 1259, Migne 180 p. 1452. — „Cum omnibus“.</Unicode>
        </TextEquiv>
      </TextLine>
      <TextLine id="eSc_line_958d1015" custom="structure {type:default;}">
        <Coords points="167,1468 167,1492 351,1492 351,1461 346,1406 269,1386 267,1386 265,1386 262,1386 227,1408 225,1411 165,1411 167,1468"/>
        <Baseline points="167,1468 351,1461"/>
        <TextEquiv conf="0.9992947101593017">
          <Unicode>„ 25.</Unicode>
        </TextEquiv>
      </TextLine>
      <TextLine id="eSc_line_ed52aa7f" custom="structure {type:default;}">
        <Coords points="472,1472 472,1499 556,1497 556,1472 556,1408 472,1400 472,1472"/>
        <Baseline points="472,1472 556,1472"/>
        <TextEquiv conf="0.9999513626098633">
          <Unicode>„</Unicode>
        </TextEquiv>
      </TextLine>
      <TextLine id="eSc_line_c893d4c4" custom="structure {type:default;}">
        <Coords points="684,1461 684,1488 2657,1488 2657,1461 2657,1431 684,1431 684,1461"/>
        <Baseline points="684,1461 2657,1461"/>
        <TextEquiv conf="0.9948799532084238">
          <Unicode>9451 (6561) Ludovicum, Francorum regem, hortatur, ut quaedam ecclesiae Bellovacensis</Unicode>
        </TextEquiv>
      </TextLine>
      <TextLine id="eSc_line_0a10e920" custom="structure {type:default;}">
        <Coords points="740,1517 740,1541 2660,1541 2660,1517 2660,1486 740,1481 740,1517"/>
        <Baseline points="740,1517 2660,1517"/>
        <TextEquiv conf="0.9999848928632615">
          <Unicode>beneficia a militum quorundam iniuriis defendat. Martene Coll. II. 630, Bouquet</Unicode>
        </TextEquiv>
      </TextLine>
      <TextLine id="eSc_line_d131598c" custom="structure {type:default;}">
        <Coords points="740,1572 740,1594 2255,1587 2258,1565 2253,1539 737,1537 740,1572"/>
        <Baseline points="740,1572 2258,1565"/>
        <TextEquiv conf="0.9930439822135433">
          <Unicode>Rec. XV. 463, Migne 180 p. 1454. — „Catholici regis industria“</Unicode>
        </TextEquiv>
      </TextLine>
      <TextLine id="eSc_line_fb31fd94" custom="structure {type:default;}">
        <Coords points="150,1638 150,1660 245,1660 245,1634 236,1554 145,1574 150,1638"/>
        <Baseline points="150,1638 245,1634"/>
        <TextEquiv conf="0.9999997218449911">
          <Unicode>(„)</Unicode>
        </TextEquiv>
      </TextLine>
      <TextLine id="eSc_line_85dc06c3" custom="structure {type:default;}">
        <Coords points="463,1636 463,1671 565,1654 565,1636 565,1576 463,1576 463,1636"/>
        <Baseline points="463,1636 565,1636"/>
        <TextEquiv conf="0.9999992847442627">
          <Unicode>(„)</Unicode>
        </TextEquiv>
      </TextLine>
      <TextLine id="eSc_line_1751117c" custom="structure {type:default;}">
        <Coords points="684,1620 682,1643 1679,1658 1681,1658 2655,1647 2657,1625 2655,1596 684,1592 684,1620"/>
        <Baseline points="684,1620 2657,1625"/>
        <TextEquiv conf="0.9990102150860954">
          <Unicode>9452 (6562) Henrico, episcopo Bellovacensi, de superiore epistola significat. Martene</Unicode>
        </TextEquiv>
      </TextLine>
      <TextLine id="eSc_line_83ed2779" custom="structure {type:default;}">
        <Coords points="735,1682 735,1704 1212,1715 1215,1715 1288,1704 1365,1715 1367,1715 1369,1715 1372,1715 1391,1702 1396,1702 1458,1702 1970,1713 1972,1713 1975,1713 1977,1713 1995,1702 2626,1711 2629,1711 2631,1711 2655,1698 2655,1676 2651,1649 2284,1638 2282,1638 733,1651 735,1682"/>
        <Baseline points="735,1682 2655,1676"/>
        <TextEquiv conf="0.9898965724309285">
          <Unicode>Coll. II. 631, Bouquet Rec. XV. 463, Migne 180 p. 1455. — „Litteras et nun-</Unicode>
        </TextEquiv>
      </TextLine>
      <TextLine id="eSc_line_9b175049" custom="structure {type:default;}">
        <Coords points="735,1737 735,1749 837,1762 839,1762 841,1762 894,1742 894,1731 888,1698 733,1702 735,1737"/>
        <Baseline points="735,1737 894,1731"/>
        <TextEquiv conf="0.9495035608609518">
          <Unicode>tium“.</Unicode>
        </TextEquiv>
      </TextLine>
      <TextLine id="eSc_line_a2311ab6" custom="structure {type:default;}">
        <Coords points="167,1799 167,1835 318,1835 320,1835 355,1819 355,1795 351,1762 280,1744 278,1744 276,1744 256,1753 231,1762 220,1749 214,1744 214,1742 212,1742 209,1742 207,1742 165,1742 167,1799"/>
        <Baseline points="167,1799 355,1795"/>
        <TextEquiv conf="0.9999522805213928">
          <Unicode>„ 25.</Unicode>
        </TextEquiv>
      </TextLine>
      <TextLine id="eSc_line_d6b34a19" custom="structure {type:default;}">
        <Coords points="457,1804 455,1832 554,1835 558,1806 558,1751 536,1733 534,1733 532,1733 530,1733 528,1733 457,1751 457,1804"/>
        <Baseline points="457,1804 558,1806"/>
        <TextEquiv conf="0.9999998807907104">
          <Unicode>„</Unicode>
        </TextEquiv>
      </TextLine>
      <TextLine id="eSc_line_12a9eb00" custom="structure {type:default;}">
        <Coords points="684,1790 684,1813 2653,1824 2655,1790 2655,1762 684,1755 684,1790"/>
        <Baseline points="684,1790 2655,1790"/>
        <TextEquiv conf="0.9957150625593868">
          <Unicode>9453 (6563) Hugoni, episcopo Altissiodorensi, et Bernhardo, abbati Clarevallensi,</Unicode>
        </TextEquiv>
      </TextLine>
      <TextLine id="eSc_line_5f5cfff2" custom="structure {type:default;}">
        <Coords points="740,1843 737,1866 2651,1870 2655,1848 2651,1810 740,1810 740,1843"/>
        <Baseline points="740,1843 2655,1848"/>
        <TextEquiv conf="0.9996841430664063">
          <Unicode>mandat, ut inter Ludovicum, Francorum regem, et eius fratrem Henricum, episcopum</Unicode>
        </TextEquiv>
      </TextLine>
      <TextLine id="eSc_line_f73949c4" custom="structure {type:default;}">
        <Coords points="742,1899 740,1919 2653,1927 2657,1903 2655,1872 742,1861 742,1899"/>
        <Baseline points="742,1899 2657,1903"/>
        <TextEquiv conf="0.9997849541825133">
          <Unicode>Bellovacensem, pacem concilient. Martene Coll. II. 633, Bouquet Rec. XV. 464,</Unicode>
        </TextEquiv>
      </TextLine>
      <TextLine id="eSc_line_0a49d433" custom="structure {type:default;}">
        <Coords points="742,1956 742,1974 779,1987 782,1987 784,1987 888,1976 998,1976 1014,1987 1016,1987 1018,1987 1020,1987 1022,1987 1067,1976 1124,1987 1126,1987 1217,1976 1294,1976 1305,1985 1305,1987 1307,1987 1310,1987 1312,1987 1913,1974 1913,1956 1913,1927 742,1916 742,1956"/>
        <Baseline points="742,1956 1913,1956"/>
        <TextEquiv conf="0.99271659394528">
          <Unicode>Migne 180 p. 1456. — „Notitiam vestram latere“.</Unicode>
        </TextEquiv>
      </TextLine>
      <TextLine id="eSc_line_31446c37" custom="structure {type:default;}">
        <Coords points="167,2018 167,2044 203,2053 205,2053 207,2053 220,2049 249,2040 344,2055 346,2018 346,1980 298,1963 296,1963 258,1963 256,1963 254,1963 251,1963 251,1965 236,1978 234,1980 167,1978 167,2018"/>
        <Baseline points="167,2018 346,2018"/>
        <TextEquiv conf="0.9999548554420471">
          <Unicode>„ 25.</Unicode>
        </TextEquiv>
      </TextLine>
      <TextLine id="eSc_line_4b9509b5" custom="structure {type:default;}">
        <Coords points="472,2031 472,2058 558,2040 558,2031 558,2005 472,1983 472,2031"/>
        <Baseline points="472,2031 558,2031"/>
        <TextEquiv conf="1.0">
          <Unicode>„</Unicode>
        </TextEquiv>
      </TextLine>
      <TextLine id="eSc_line_2fad400c" custom="structure {type:default;}">
        <Coords points="684,2009 684,2036 2655,2031 2657,2005 2651,1978 682,1980 684,2009"/>
        <Baseline points="684,2009 2657,2005"/>
        <TextEquiv conf="0.9998402617326597">
          <Unicode>9454 (6564) Hugoni, archiepiscopo Rotomagensi, mandat, ut milites ecclesiam Bello-</Unicode>
        </TextEquiv>
      </TextLine>
      <TextLine id="eSc_line_5da5bab9" custom="structure {type:default;}">
        <Coords points="742,2062 740,2082 2651,2093 2655,2069 2653,2038 742,2029 742,2062"/>
        <Baseline points="742,2062 2655,2069"/>
        <TextEquiv conf="0.9969519497383208">
          <Unicode>vacensem vexantes et excommunicatione et interdicto afficiat. Martene Coll. II. 634,</Unicode>
        </TextEquiv>
      </TextLine>
      <TextLine id="eSc_line_15bb334e" custom="structure {type:default;}">
        <Coords points="740,2115 737,2135 837,2150 839,2150 934,2139 1391,2150 1394,2150 1460,2139 1564,2150 1566,2150 1628,2142 1643,2153 1646,2153 1648,2153 1650,2153 1774,2142 1975,2153 1977,2153 2463,2139 2465,2120 2463,2091 740,2086 740,2115"/>
        <Baseline points="740,2115 2465,2120"/>
        <TextEquiv conf="0.9915734774926129">
          <Unicode>Bouquet Rec. XV. 464, Migne 180 p. 1457. — „Veniens ad praesentiam“.</Unicode>
        </TextEquiv>
      </TextLine>
      <TextLine id="eSc_line_c9f953b6" custom="structure {type:default;}">
        <Coords points="134,2226 159,2239 161,2239 163,2239 165,2239 167,2239 176,2232 194,2223 254,2223 276,2245 285,2252 285,2254 287,2254 289,2254 291,2256 353,2256 353,2179 353,2115 238,2102 236,2102 234,2102 223,2106 203,2115 190,2104 187,2102 185,2102 183,2102 181,2102 178,2102 176,2102 174,2104 161,2113 136,2102 134,2179 134,2226"/>
        <Baseline points="134,2179 353,2179"/>
        <TextEquiv conf="0.8879128446181616">
          <Unicode>Na. 3.</Unicode>
        </TextEquiv>
      </TextLine>
      <TextLine id="eSc_line_7129280d" custom="structure {type:default;}">
        <Coords points="470,2195 470,2206 477,2212 477,2214 479,2214 481,2214 483,2214 570,2203 570,2195 570,2168 470,2168 470,2195"/>
        <Baseline points="470,2195 570,2195"/>
        <TextEquiv conf="0.9999962449073792">
          <Unicode>„)</Unicode>
        </TextEquiv>
      </TextLine>
      <TextLine id="eSc_line_cd11ed7c" custom="structure {type:default;}">
        <Coords points="687,2177 687,2199 2655,2197 2657,2173 2651,2142 684,2146 687,2177"/>
        <Baseline points="687,2177 2657,2173"/>
        <TextEquiv conf="0.9898647375404834">
          <Unicode>9455 (6565) G. rectorem et populum Bononiensem cohortatur, ut habitatores Sancti</Unicode>
        </TextEquiv>
      </TextLine>
      <TextLine id="eSc_line_96b11cad" custom="structure {type:default;}">
        <Coords points="740,2232 740,2256 2657,2252 2660,2228 2655,2199 737,2199 740,2232"/>
        <Baseline points="740,2232 2660,2228"/>
        <TextEquiv conf="0.9975292629833463">
          <Unicode>Cassiani et R(udolphum), episcopum Imolensem, ab Imolensium iniuriis constanter</Unicode>
        </TextEquiv>
      </TextLine>
      <TextLine id="eSc_line_648f475f" custom="structure {type:default;}">
        <Coords points="740,2285 740,2307 2655,2309 2657,2285 2657,2256 740,2256 740,2285"/>
        <Baseline points="740,2285 2657,2285"/>
        <TextEquiv conf="0.994486116743707">
          <Unicode>defendant. Savioli Ann. Bol. I. II. 224, Migne 180 p. 1457. —— „Predecessorum</Unicode>
        </TextEquiv>
      </TextLine>
      <TextLine id="eSc_line_c54ac96d" custom="structure {type:default;}">
        <Coords points="740,2336 737,2354 755,2367 757,2367 760,2367 762,2367 1003,2354 1005,2340 1003,2312 740,2307 740,2336"/>
        <Baseline points="740,2336 1005,2340"/>
        <TextEquiv conf="1.0">
          <Unicode>vestrorum“.</Unicode>
        </TextEquiv>
      </TextLine>
      <TextLine id="eSc_line_a517805a" custom="structure {type:default;}">
        <Coords points="172,2409 172,2435 265,2415 355,2438 362,2404 360,2376 322,2360 320,2360 318,2360 315,2360 273,2373 262,2376 170,2371 172,2409"/>
        <Baseline points="172,2409 362,2404"/>
        <TextEquiv conf="0.9720304161310196">
          <Unicode>„ 7.</Unicode>
        </TextEquiv>
      </TextLine>
      <TextLine id="eSc_line_a3c9e325" custom="structure {type:default;}">
        <Coords points="452,2407 450,2442 567,2442 570,2411 570,2356 543,2354 541,2354 539,2354 536,2354 536,2356 528,2362 510,2380 452,2380 452,2407"/>
        <Baseline points="452,2407 570,2411"/>
        <TextEquiv conf="1.0">
          <Unicode>„</Unicode>
        </TextEquiv>
      </TextLine>
      <TextLine id="eSc_line_a776228e" custom="structure {type:default;}">
        <Coords points="684,2400 684,2422 2657,2413 2660,2391 2655,2362 682,2362 684,2400"/>
        <Baseline points="684,2400 2660,2391"/>
        <TextEquiv conf="0.9987663910156344">
          <Unicode>9456 (6566) Ecclesiam b. Petri Bellovacensem tuendam suscipit et possessiones eius</Unicode>
        </TextEquiv>
      </TextLine>
      <TextLine id="eSc_line_7411ae90" custom="structure {type:default;}">
        <Coords points="742,2451 742,2475 2657,2473 2660,2446 2653,2418 740,2420 742,2451"/>
        <Baseline points="742,2451 2660,2446"/>
        <TextEquiv conf="0.9999876603668119">
          <Unicode>confirmat, petente Henrico episcopo. Gall. Chr. X. Instr. p. 259, Louvet Hist. de</Unicode>
        </TextEquiv>
      </TextLine>
      <TextLine id="eSc_line_0a482327" custom="structure {type:default;}">
        <Coords points="742,2506 742,2526 994,2526 1031,2537 1034,2537 1036,2537 1038,2537 1062,2526 1148,2537 1151,2537 1153,2537 1190,2526 1252,2537 1254,2537 1341,2526 1398,2537 1400,2537 1402,2537 1447,2526 1460,2537 1462,2537 1464,2537 1467,2537 1469,2537 1517,2526 1570,2537 1573,2537 1668,2526 1986,2537 1988,2537 2043,2526 2059,2537 2061,2537 2063,2537 2065,2537 2138,2524 2138,2506 2138,2475 742,2475 742,2506"/>
        <Baseline points="742,2506 2138,2506"/>
        <TextEquiv conf="0.9999416593847603">
          <Unicode>Beauvaisis II. 286, Migne 180 p. 1458. — „Venerabilis in“.</Unicode>
        </TextEquiv>
      </TextLine>
      <TextLine id="eSc_line_057ab66b" custom="structure {type:default;}">
        <Coords points="170,2568 170,2610 265,2592 355,2608 357,2563 351,2475 276,2491 273,2491 271,2491 271,2493 265,2497 236,2528 167,2526 170,2568"/>
        <Baseline points="170,2568 357,2563"/>
        <TextEquiv conf="0.9920155853033066">
          <Unicode>„ 8.</Unicode>
        </TextEquiv>
      </TextLine>
      <TextLine id="eSc_line_76f040de" custom="structure {type:default;}">
        <Coords points="463,2572 461,2579 514,2599 517,2599 519,2599 521,2599 567,2581 570,2577 567,2541 463,2537 463,2572"/>
        <Baseline points="463,2572 570,2577"/>
        <TextEquiv conf="0.9965007305145264">
          <Unicode>„</Unicode>
        </TextEquiv>
      </TextLine>
      <TextLine id="eSc_line_44f2411e" custom="structure {type:default;}">
        <Coords points="687,2559 687,2585 2660,2585 2660,2559 2660,2532 687,2532 687,2559"/>
        <Baseline points="687,2559 2660,2559"/>
        <TextEquiv conf="0.9944902245293964">
          <Unicode>9457 (6567) Henrico, episcopo Bellovacensi, per litteras „propria manu scriptas“ respon-</Unicode>
        </TextEquiv>
      </TextLine>
      <TextLine id="eSc_line_b3bf4fbc" custom="structure {type:default;}">
        <Coords points="740,2614 740,2638 2657,2647 2660,2614 2657,2581 740,2583 740,2614"/>
        <Baseline points="740,2614 2660,2614"/>
        <TextEquiv conf="0.9979609215960783">
          <Unicode>det haec: „nec in camera nostra, nec alio loco vel tempore, cum de tua illa singulari</Unicode>
        </TextEquiv>
      </TextLine>
      <TextLine id="eSc_line_8616d39f" custom="structure {type:default;}">
        <Coords points="742,2672 742,2694 2657,2687 2660,2665 2655,2636 764,2630 762,2630 760,2630 740,2638 742,2672"/>
        <Baseline points="742,2672 2660,2665"/>
        <TextEquiv conf="0.9999617718788515">
          <Unicode>et secreta petitione nobus locutus fuisti, tibi assensum dedimus“. Monet, ut redire</Unicode>
        </TextEquiv>
      </TextLine>
      <TextLine id="eSc_line_c889a6bb" custom="structure {type:default;}">
        <Coords points="742,2727 742,2749 1374,2758 1376,2758 1672,2747 1701,2747 1710,2747 1802,2758 1805,2758 1807,2758 1809,2758 1822,2747 1836,2758 1838,2758 1840,2758 1842,2760 1977,2760 1977,2758 1979,2758 2021,2744 2028,2744 2269,2744 2271,2744 2293,2756 2295,2756 2297,2756 2657,2742 2660,2720 2655,2691 766,2687 764,2687 762,2687 740,2696 742,2727"/>
        <Baseline points="742,2727 2660,2720"/>
        <TextEquiv conf="0.9849909319506063">
          <Unicode>ad ecclesiam festinet. Martene Coll. II. 635, Bouquet Rec. XV. 465, Migne 180</Unicode>
        </TextEquiv>
      </TextLine>
      <TextLine id="eSc_line_8618975c" custom="structure {type:default;}">
        <Coords points="740,2782 740,2804 1504,2813 1506,2813 1509,2813 1557,2800 1557,2782 1557,2753 740,2753 740,2782"/>
        <Baseline points="740,2782 1557,2782"/>
        <TextEquiv conf="0.9991831202059984">
          <Unicode>p. 1459. — „Ut responsum super“.</Unicode>
        </TextEquiv>
      </TextLine>
      <TextLine id="eSc_line_6f11c235" custom="structure {type:default;}">
        <Coords points="170,2844 170,2868 258,2853 278,2857 318,2868 320,2868 322,2868 324,2868 326,2868 349,2850 349,2839 346,2811 307,2791 304,2791 302,2791 300,2791 262,2802 220,2813 167,2791 170,2844"/>
        <Baseline points="170,2844 349,2839"/>
        <TextEquiv conf="0.999958050251007">
          <Unicode>„ 10.</Unicode>
        </TextEquiv>
      </TextLine>
      <TextLine id="eSc_line_aa19d533" custom="structure {type:default;}">
        <Coords points="470,2864 512,2877 514,2877 517,2877 519,2877 567,2859 567,2853 565,2813 468,2784 470,2857 470,2864"/>
        <Baseline points="470,2857 567,2853"/>
        <TextEquiv conf="0.9990660548210144">
          <Unicode>„</Unicode>
        </TextEquiv>
      </TextLine>
      <TextLine id="eSc_line_19657b26" custom="structure {type:default;}">
        <Coords points="689,2831 687,2855 2653,2859 2657,2835 2655,2804 1652,2791 1650,2791 1378,2793 753,2800 689,2789 689,2831"/>
        <Baseline points="689,2831 2657,2835"/>
        <TextEquiv conf="0.9996778041124343">
          <Unicode>9458 (6568) Hugoni, archiepiscopo Rotomagensi, mandat, cogat Hugonem de Gornaco,</Unicode>
        </TextEquiv>
      </TextLine>
      <TextLine id="eSc_line_6fa70339" custom="structure {type:default;}">
        <Coords points="742,2892 742,2917 2655,2917 2657,2888 2653,2862 784,2853 782,2853 779,2853 740,2864 742,2892"/>
        <Baseline points="742,2892 2657,2888"/>
        <TextEquiv conf="0.9988206366458571">
          <Unicode>ut Erquerino, civi Burgensi, libras Bellovacenses 72 et marcas argenti 2 restituat.</Unicode>
        </TextEquiv>
      </TextLine>
      <TextLine id="eSc_line_58329f9a" custom="structure {type:default;}">
        <Coords points="742,2945 742,2968 1140,2968 1212,2979 1215,2981 1383,2981 1383,2979 1385,2979 1387,2979 1400,2968 1502,2968 1517,2979 1520,2979 1522,2979 1524,2979 1577,2968 1630,2979 1632,2979 1727,2968 2436,2968 2436,2945 2436,2917 742,2915 742,2945"/>
        <Baseline points="742,2945 2436,2945"/>
        <TextEquiv conf="0.9895715999276671">
          <Unicode>Martene Coll. II. 635, Migne 180 p. 1460. — „Venerabilis fratris nostri“.</Unicode>
        </TextEquiv>
      </TextLine>
      <TextLine id="eSc_line_e63e0758" custom="structure {type:default;}">
        <Coords points="170,3007 170,3025 256,3018 260,3021 276,3034 278,3034 280,3034 282,3034 329,3032 331,3032 333,3032 353,3014 353,3001 346,2950 167,2965 170,3007"/>
        <Baseline points="170,3007 353,3001"/>
        <TextEquiv conf="0.9999541759490966">
          <Unicode>„ 11.</Unicode>
        </TextEquiv>
      </TextLine>
      <TextLine id="eSc_line_8575e22a" custom="structure {type:default;}">
        <Coords points="486,3029 492,3036 492,3038 494,3038 497,3038 499,3038 570,3025 570,3018 567,2985 525,2990 490,2968 486,3018 486,3029"/>
        <Baseline points="486,3018 570,3018"/>
        <TextEquiv conf="0.9976016879081726">
          <Unicode>„</Unicode>
        </TextEquiv>
      </TextLine>
      <TextLine id="eSc_line_86ae0494" custom="structure {type:default;}">
        <Coords points="687,3001 687,3027 2660,3027 2660,3001 2660,2970 687,2968 687,3001"/>
        <Baseline points="687,3001 2660,3001"/>
        <TextEquiv conf="0.9998192133673702">
          <Unicode>9459 (6569) Henrico, episcopo Bellovacensi, episcopalis muneris deponendi licentiam</Unicode>
        </TextEquiv>
      </TextLine>
      <TextLine id="eSc_line_8bb86112" custom="structure {type:default;}">
        <Coords points="740,3056 740,3076 1586,3087 1588,3087 1590,3087 1639,3074 1643,3074 1648,3074 1676,3085 1679,3085 1681,3087 1796,3087 1796,3085 1798,3085 1800,3085 1816,3074 1818,3074 1842,3085 1844,3085 1847,3085 1972,3074 1986,3074 2008,3074 2273,3085 2275,3085 2277,3085 2308,3074 2322,3085 2324,3085 2326,3085 2328,3087 2498,3087 2498,3085 2501,3085 2547,3071 2547,3051 2543,3025 1712,3014 1710,3014 1643,3025 1637,3027 737,3027 740,3056"/>
        <Baseline points="740,3056 2547,3051"/>
        <TextEquiv conf="0.9883010943193693">
          <Unicode>denegat. Martene Coll. II. 636, Migne 180 p. 1460. — „Si semper quotiens“.</Unicode>
        </TextEquiv>
      </TextLine>
      <TextLine id="eSc_line_b7a5980e" custom="structure {type:default;}">
        <Coords points="170,3115 170,3131 254,3124 267,3127 311,3138 313,3138 315,3138 318,3138 351,3120 351,3111 346,3085 267,3071 265,3071 262,3071 260,3071 260,3074 247,3085 247,3087 167,3087 170,3115"/>
        <Baseline points="170,3115 351,3111"/>
        <TextEquiv conf="0.9962339997291565">
          <Unicode>„ 11.</Unicode>
        </TextEquiv>
      </TextLine>
      <TextLine id="eSc_line_4468bcb6" custom="structure {type:default;}">
        <Coords points="477,3127 477,3135 492,3146 494,3146 497,3146 499,3146 567,3133 567,3127 567,3100 477,3100 477,3127"/>
        <Baseline points="477,3127 567,3127"/>
        <TextEquiv conf="0.776284247636795">
          <Unicode>„)</Unicode>
        </TextEquiv>
      </TextLine>
      <TextLine id="eSc_line_81ace6a8" custom="structure {type:default;}">
        <Coords points="689,3104 687,3127 726,3140 729,3140 731,3140 1075,3131 1224,3142 1226,3142 1323,3131 1696,3144 1699,3144 1866,3133 1948,3144 1950,3144 2112,3133 2512,3144 2514,3144 2657,3131 2660,3109 2657,3080 689,3076 689,3104"/>
        <Baseline points="689,3104 2660,3109"/>
        <TextEquiv conf="0.9932508099646795">
          <Unicode>9460 *Ecclesiae S. Mariae Celsonensis possessiones confirmat. Villanueva Viage lite-</Unicode>
        </TextEquiv>
      </TextLine>
      <TextLine id="eSc_line_22ac72c7" custom="structure {type:default;}">
        <Coords points="740,3164 740,3182 1056,3193 1058,3164 1058,3135 740,3135 740,3164"/>
        <Baseline points="740,3164 1058,3164"/>
        <TextEquiv conf="0.9994449065281794">
          <Unicode>rario IX. 62.</Unicode>
        </TextEquiv>
      </TextLine>
      <TextLine id="eSc_line_bb3a289b" custom="structure {type:default;}">
        <Coords points="170,3221 170,3248 212,3257 214,3257 216,3257 218,3257 218,3255 223,3252 236,3239 265,3239 293,3255 296,3257 298,3257 300,3257 302,3259 355,3259 355,3221 355,3191 338,3175 338,3173 335,3173 333,3173 285,3173 282,3173 280,3173 278,3173 278,3175 260,3193 170,3193 170,3221"/>
        <Baseline points="170,3221 355,3221"/>
        <TextEquiv conf="0.9998721599578857">
          <Unicode>„ 15.</Unicode>
        </TextEquiv>
      </TextLine>
      <TextLine id="eSc_line_c37c9cce" custom="structure {type:default;}">
        <Coords points="472,3237 475,3263 574,3237 574,3230 567,3202 470,3202 472,3237"/>
        <Baseline points="472,3237 574,3230"/>
        <TextEquiv conf="0.999803751707077">
          <Unicode>„„</Unicode>
        </TextEquiv>
      </TextLine>
      <TextLine id="eSc_line_52f791c6" custom="structure {type:default;}">
        <Coords points="689,3219 689,3244 2657,3237 2660,3213 2655,3184 1345,3175 1343,3175 1252,3186 704,3177 702,3177 700,3177 698,3177 687,3184 689,3219"/>
        <Baseline points="689,3219 2660,3213"/>
        <TextEquiv conf="0.9995138007541036">
          <Unicode>9461 (6570) Monasterium Michaelsteinense tuendum suscipit, eiusque disciplinam Cister-</Unicode>
        </TextEquiv>
      </TextLine>
      <TextLine id="eSc_line_c2111e5f" custom="structure {type:default;}">
        <Coords points="742,3274 742,3297 2657,3292 2660,3270 2653,3244 740,3244 742,3274"/>
        <Baseline points="742,3274 2660,3270"/>
        <TextEquiv conf="0.9996750843094055">
          <Unicode>ciensem, a Beatrice abbatissa Quedlinburgensi ibidem institutam, et possessiones ac</Unicode>
        </TextEquiv>
      </TextLine>
      <TextLine id="eSc_line_a4c048c9" custom="structure {type:default;}">
        <Coords points="744,3327 742,3352 2651,3354 2655,3332 2653,3301 744,3297 744,3327"/>
        <Baseline points="744,3327 2655,3332"/>
        <TextEquiv conf="0.9958447727812342">
          <Unicode>privilegia confirmat, petente Rogero abbate. Leuckfeld Antiqu. Michaelstein. p. 87,</Unicode>
        </TextEquiv>
      </TextLine>
      <TextLine id="eSc_line_db8131a2" custom="structure {type:default;}">
        <Coords points="742,3383 742,3405 1539,3416 1542,3416 1597,3405 1599,3405 2224,3414 2227,3414 2229,3414 2253,3403 2505,3403 2507,3378 2501,3352 740,3354 742,3383"/>
        <Baseline points="742,3383 2507,3378"/>
        <TextEquiv conf="0.998997897737556">
          <Unicode>Erath Cod. dipl. Quedl. p. 88, Migne 180 p. 1460. — „Quoniam sine vero“.</Unicode>
        </TextEquiv>
      </TextLine>
      <TextLine id="eSc_line_685e8ef8" custom="structure {type:default;}">
        <Coords points="172,3445 172,3482 231,3478 280,3511 304,3528 307,3528 309,3528 311,3531 355,3531 355,3445 355,3378 311,3378 309,3378 307,3378 304,3378 291,3387 249,3416 172,3409 172,3445"/>
        <Baseline points="172,3445 355,3445"/>
        <TextEquiv conf="0.7466669790446758">
          <Unicode>„ 1.</Unicode>
        </TextEquiv>
      </TextLine>
      <TextLine id="eSc_line_e0ecda51" custom="structure {type:default;}">
        <Coords points="466,3456 466,3464 532,3473 534,3473 536,3473 570,3460 570,3449 565,3420 461,3418 466,3456"/>
        <Baseline points="466,3456 570,3449"/>
        <TextEquiv conf="0.9998171925544739">
          <Unicode>„</Unicode>
        </TextEquiv>
      </TextLine>
      <TextLine id="eSc_line_71685da9" custom="structure {type:default;}">
        <Coords points="691,3429 689,3456 2657,3464 2662,3436 2657,3396 691,3396 691,3429"/>
        <Baseline points="691,3429 2662,3436"/>
        <TextEquiv conf="0.9898186907356168">
          <Unicode>9462 (6571) Ecclesiam b. Iohannis Valeiacensem (Carnoti) tuendam suscipit et eius</Unicode>
        </TextEquiv>
      </TextLine>
      <TextLine id="eSc_line_83c3806a" custom="structure {type:default;}">
        <Coords points="748,3489 746,3511 934,3528 936,3528 1082,3515 1230,3528 1232,3528 1752,3517 1789,3531 1791,3531 1794,3533 1915,3533 1915,3531 1917,3531 1953,3517 1986,3531 1988,3531 1990,3531 2083,3517 2085,3517 2470,3517 2472,3517 2489,3531 2492,3531 2494,3531 2496,3531 2655,3517 2657,3493 2655,3464 748,3456 748,3489"/>
        <Baseline points="748,3489 2657,3493"/>
        <TextEquiv conf="0.9910479545593261">
          <Unicode>bona legesque confirmat, petente Guarino abbate. Gall. Chr. VIII. Instr. p. 332,</Unicode>
        </TextEquiv>
      </TextLine>
      <TextLine id="eSc_line_a87648a3" custom="structure {type:default;}">
        <Coords points="748,3546 748,3610 863,3610 863,3608 866,3608 947,3575 1007,3575 1020,3586 1020,3588 1022,3588 1025,3588 1027,3588 1029,3588 1060,3575 1292,3575 1312,3586 1314,3586 1316,3586 1319,3586 1321,3586 1345,3577 1420,3606 1427,3608 1429,3608 1431,3610 1489,3610 1489,3608 1491,3608 1493,3608 1493,3606 1495,3606 1506,3595 1555,3606 1573,3608 1575,3608 1694,3604 1694,3546 1694,3520 748,3517 748,3546"/>
        <Baseline points="748,3546 1694,3546"/>
        <TextEquiv conf="0.9831467011036017">
          <Unicode>Mligne 180 p. 1462. — „Quotiens istud“.</Unicode>
        </TextEquiv>
      </TextLine>
    </TextRegion>
    <TextRegion id="eSc_textblock_bb20e09d"  custom="structure {type:default;}">
      <Coords points="1122,185 1824,194 1833,280 936,289 936,203 1122,185"/>
      <TextLine id="eSc_line_93aaa232" custom="structure {type:default;}">
        <Coords points="996,196 976,196 954,209 954,258 952,280 985,293 987,293 989,293 1813,282 1816,262 1816,214 1749,196 1747,196 1745,196 1650,214 1639,214 1626,212 1517,198 1515,198 1513,198 1511,198 1489,212 1484,216 1389,216 1385,212 1360,196 1358,196 1356,196 1354,196 1270,212 1254,198 1254,196 1252,196 1250,196 1248,196 1177,205 1080,194 1018,194 996,196"/>
        <Baseline points="954,258 1816,262"/>
        <TextEquiv conf="0.9799446725845337">
          <Unicode>ET(IEXIUS III. 1145—1153.</Unicode>
        </TextEquiv>
      </TextLine>
    </TextRegion>
    <TextRegion id="eSc_textblock_899d9d5f"  custom="structure {type:default;}">
      <Coords points="2589,194 2688,220 2653,298 2558,289 2549,229 2589,194"/>
      <TextLine id="eSc_line_68b3fe4f" custom="structure {type:default;}">
        <Coords points="2631,205 2618,200 2580,198 2565,209 2571,265 2578,366 2655,362 2649,258 2642,207 2631,205"/>
        <Baseline points="2571,265 2649,258"/>
        <TextEquiv conf="0.9999465346336365">
          <Unicode>„)</Unicode>
        </TextEquiv>
      </TextLine>
    </TextRegion>
  </Page>
</PcGts>
