<?xml version="1.0" encoding="UTF-8"  standalone="yes"?>
<PcGts xmlns="http://schema.primaresearch.org/PAGE/gts/pagecontent/2019-07-15" xmlns:xsi="http://www.w3.org/2001/XMLSchema-instance" xsi:schemaLocation="http://schema.primaresearch.org/PAGE/gts/pagecontent/2019-07-15 http://schema.primaresearch.org/PAGE/gts/pagecontent/2019-07-15/pagecontent.xsd">
  <Metadata externalRef="pdf//regestapontificu02cath.pdf">
	<Creator>escriptorium</Creator>
	<Created>2026-01-31T10:25:29.285155+00:00</Created>
        <LastChange>2026-02-01T14:42:49.882214+00:00</LastChange>
  </Metadata>
  <Page imageFilename="regestapontificu02cath.pdf_page_142.png" imageWidth="3007" imageHeight="3975">
    <TextRegion id="eSc_textblock_b40144a8"  custom="structure {type:default;}">
      <Coords points="338,150 448,150 466,218 318,245 309,176 338,150"/>
      <TextLine id="eSc_line_1aa0fa8e" custom="structure {type:default;}">
        <Coords points="388,150 371,150 324,165 329,212 329,238 446,238 444,203 437,154 395,150 388,150"/>
        <Baseline points="329,212 444,203"/>
        <TextEquiv conf="0.9999247590700785">
          <Unicode>130</Unicode>
        </TextEquiv>
      </TextLine>
    </TextRegion>
    <TextRegion id="eSc_textblock_3b3da2fa"  custom="structure {type:default;}">
      <Coords points="340,291 837,300 848,335 883,300 2892,300 2883,3522 963,3548 855,3504 592,3504 581,3345 554,3513 309,3504 291,565 300,309 340,291"/>
      <TextLine id="eSc_line_386a3903" custom="structure {type:default;}">
        <Coords points="1137,300 1135,300 1040,318 914,302 912,302 910,302 861,322 863,362 863,382 927,397 930,397 1005,382 1173,393 1175,393 1177,393 1179,393 1197,377 1197,355 1195,318 1140,300 1137,300"/>
        <Baseline points="863,362 1197,355"/>
        <TextEquiv conf="0.9887657057155262">
          <Unicode>1156— 1158.</Unicode>
        </TextEquiv>
      </TextLine>
      <TextLine id="eSc_line_d12355b3" custom="structure {type:default;}">
        <Coords points="950,421 950,443 2870,439 2872,417 2867,386 2691,386 2671,373 2668,373 2666,373 2664,373 2582,384 2525,368 2523,368 2520,368 2518,368 2485,386 2090,386 1977,368 1975,368 1972,368 1904,386 1802,371 1800,371 1725,386 1612,371 1610,371 1608,371 1546,386 1478,371 1475,371 1473,371 1429,386 1405,371 1402,371 1400,371 1398,371 1396,371 1367,382 1190,371 1188,371 1075,386 969,373 967,373 965,373 963,373 947,384 950,421"/>
        <Baseline points="950,421 2872,417"/>
        <TextEquiv conf="0.9940407789030741">
          <Unicode>Laterani XII. kal. Ian.“ in autogr. Libl. nat. Paris. Coll. Lorraine t. 981. Non recte</Unicode>
        </TextEquiv>
      </TextLine>
      <TextLine id="eSc_line_99b3e3fb" custom="structure {type:default;}">
        <Coords points="950,477 950,499 2870,499 2870,477 2870,446 950,446 950,477"/>
        <Baseline points="950,477 2870,477"/>
        <TextEquiv conf="0.9999233925784076">
          <Unicode>igitur huius bullae fidem addubitat Pabst in Pertz Archiv XII. 131.) Chron. Brun-</Unicode>
        </TextEquiv>
      </TextLine>
      <TextLine id="eSc_line_966e6c44" custom="structure {type:default;}">
        <Coords points="952,530 952,558 2870,554 2870,530 2870,501 952,501 952,530"/>
        <Baseline points="952,530 2870,530"/>
        <TextEquiv conf="0.9940619071324667">
          <Unicode>wylrense in Annal. d. hist. Ver. f. d. Niederrhein XVII. 148. — „Apostolice sedis</Unicode>
        </TextEquiv>
      </TextLine>
      <TextLine id="eSc_line_c4db83c7" custom="structure {type:default;}">
        <Coords points="947,583 947,600 963,611 965,611 967,611 969,611 1210,598 1210,583 1210,549 947,543 947,583"/>
        <Baseline points="947,583 1210,583"/>
        <TextEquiv conf="0.9999830776994879">
          <Unicode>clementia“.</Unicode>
        </TextEquiv>
      </TextLine>
      <TextLine id="eSc_line_6123f609" custom="structure {type:default;}">
        <Coords points="338,642 338,664 558,673 561,673 612,662 656,675 658,675 660,675 735,664 786,673 788,673 790,673 826,658 826,636 819,576 788,578 786,578 784,578 784,580 762,600 623,591 620,591 565,602 554,594 541,583 541,580 539,580 536,580 494,580 492,580 490,580 410,602 402,605 397,602 357,585 355,585 353,585 351,585 349,585 349,587 335,598 338,642"/>
        <Baseline points="338,642 826,636"/>
        <TextEquiv conf="0.9983098892604604">
          <Unicode>Dec. 23. Laterani</Unicode>
        </TextEquiv>
      </TextLine>
      <TextLine id="eSc_line_0cb43ebc" custom="structure {type:default;}">
        <Coords points="899,640 899,662 1763,660 1787,662 1891,671 1893,671 1895,671 1928,660 1933,660 1935,660 1948,671 1950,671 1953,671 1955,673 2198,673 2198,671 2867,658 2870,633 2865,605 897,602 899,640"/>
        <Baseline points="899,640 2870,633"/>
        <TextEquiv conf="0.9957552757756464">
          <Unicode>10360 Acardo abbati et fratribus S. Victoris Parisiensibus indulget, ut „liberos et ab-</Unicode>
        </TextEquiv>
      </TextLine>
      <TextLine id="eSc_line_58aa48ee" custom="structure {type:default;}">
        <Coords points="950,695 950,728 2861,717 2863,691 2856,662 947,662 950,695"/>
        <Baseline points="950,695 2863,691"/>
        <TextEquiv conf="0.9995913442443399">
          <Unicode>solutos“ clericos vel laicos recipiant. Autogr. in tabul. nat. Paris. L. 229. n. 3. —</Unicode>
        </TextEquiv>
      </TextLine>
      <TextLine id="eSc_line_dbb105c9" custom="structure {type:default;}">
        <Coords points="950,753 950,770 1294,779 1296,779 1520,764 1522,746 1515,713 947,717 950,753"/>
        <Baseline points="950,753 1522,746"/>
        <TextEquiv conf="0.9998766779899597">
          <Unicode>„Implenda sunt semper“.</Unicode>
        </TextEquiv>
      </TextLine>
      <TextLine id="eSc_line_4cc2ae78" custom="structure {type:default;}">
        <Coords points="377,814 377,848 435,848 435,845 437,845 439,845 439,843 441,841 463,821 523,836 558,845 561,845 563,845 565,845 567,845 583,832 600,821 678,821 684,825 707,843 709,843 711,843 713,843 715,843 775,819 775,812 764,770 746,786 576,786 543,779 477,766 475,766 472,766 470,766 470,768 457,781 441,768 441,766 439,766 437,766 386,766 384,766 382,766 380,766 380,768 377,768 375,768 377,814"/>
        <Baseline points="377,814 775,812"/>
        <TextEquiv conf="0.9623816353934151">
          <Unicode>„ 23. „</Unicode>
        </TextEquiv>
      </TextLine>
      <TextLine id="eSc_line_0c506f8b" custom="structure {type:default;}">
        <Coords points="899,803 899,825 2870,832 2872,803 2872,775 899,775 899,803"/>
        <Baseline points="899,803 2872,803"/>
        <TextEquiv conf="0.9952524289852236">
          <Unicode>10361 (7023) Monachos S. Vedasti hortatur, ut cum virtute vitam degant. Martene et</Unicode>
        </TextEquiv>
      </TextLine>
      <TextLine id="eSc_line_3b49a7d2" custom="structure {type:default;}">
        <Coords points="952,861 952,883 1687,894 1690,894 1752,883 1794,894 1796,894 1798,894 1922,881 1939,881 1944,881 1968,892 1970,892 1972,892 2019,881 2026,881 2030,881 2059,892 2061,892 2063,894 2202,894 2202,892 2204,892 2207,892 2224,881 2229,881 2280,892 2282,894 2445,894 2445,892 2448,892 2474,881 2507,892 2509,892 2512,894 2748,894 2748,892 2861,878 2863,856 2856,828 950,828 952,861"/>
        <Baseline points="952,861 2863,856"/>
        <TextEquiv conf="0.9936574205756188">
          <Unicode>Dur. Vet. Script. I. 848, Guimann Cart. de St.-Vaast p. 83, Migne 188 p. 1545. —</Unicode>
        </TextEquiv>
      </TextLine>
      <TextLine id="eSc_line_70338f59" custom="structure {type:default;}">
        <Coords points="952,916 952,931 1067,947 1069,947 1071,947 1073,947 1091,931 1126,947 1129,947 1131,947 1133,947 1182,931 1193,940 1193,942 1195,942 1197,942 1327,945 1330,945 1458,927 1460,912 1455,883 950,881 952,916"/>
        <Baseline points="952,916 1460,912"/>
        <TextEquiv conf="0.9976652711629868">
          <Unicode>„Vos, qui Aegyptum“.</Unicode>
        </TextEquiv>
      </TextLine>
      <TextLine id="eSc_line_a157b1cc" custom="structure {type:default;}">
        <Coords points="371,976 368,1011 393,1020 395,1020 397,1020 399,1020 426,1011 446,1004 452,1011 463,1020 463,1022 466,1022 468,1022 470,1022 472,1022 514,1009 530,1004 534,1009 552,1024 552,1026 554,1026 556,1026 620,1029 623,1029 625,1029 667,1007 691,1022 693,1022 695,1022 698,1022 771,1004 773,980 773,947 649,940 572,909 570,909 466,909 463,909 461,909 459,909 459,912 428,940 371,940 371,976"/>
        <Baseline points="371,976 773,980"/>
        <TextEquiv conf="0.9997234046459198">
          <Unicode>„ 2: „</Unicode>
        </TextEquiv>
      </TextLine>
      <TextLine id="eSc_line_ed9b1397" custom="structure {type:default;}">
        <Coords points="899,969 899,991 2867,989 2870,965 2863,934 897,934 899,969"/>
        <Baseline points="899,969 2870,965"/>
        <TextEquiv conf="0.9968152755782718">
          <Unicode>10362 (7024) E. comiti de Leon et filiis eius, vicecomiti de Lamvio, et filiis Iveni</Unicode>
        </TextEquiv>
      </TextLine>
      <TextLine id="eSc_line_7229e1eb" custom="structure {type:default;}">
        <Coords points="950,1024 950,1046 2867,1053 2870,1024 2867,993 950,995 950,1024"/>
        <Baseline points="950,1024 2870,1024"/>
        <TextEquiv conf="0.9999551094031032">
          <Unicode>Gueni et Iveni Galli Hugonem, archiepiscopum Dolensem, commendat. Martene Thes.</Unicode>
        </TextEquiv>
      </TextLine>
      <TextLine id="eSc_line_1ed2b142" custom="structure {type:default;}">
        <Coords points="952,1079 952,1104 2867,1110 2870,1079 2870,1048 952,1048 952,1079"/>
        <Baseline points="952,1079 2870,1079"/>
        <TextEquiv conf="0.9983452301991137">
          <Unicode>III. 900, Morice Mém. de Bret. I. 628, Bouquet Rec. XV. 687, Migne 188 p. 1546.</Unicode>
        </TextEquiv>
      </TextLine>
      <TextLine id="eSc_line_96d038e8" custom="structure {type:default;}">
        <Coords points="952,1135 952,1148 1159,1163 1162,1166 1219,1166 1219,1163 1221,1163 1224,1163 1237,1150 1270,1163 1272,1163 1274,1166 1458,1166 1458,1163 1460,1163 1511,1148 1511,1135 1511,1099 952,1099 952,1135"/>
        <Baseline points="952,1135 1511,1135"/>
        <TextEquiv conf="0.9788024574518204">
          <Unicode>— „Vestrae nobilitatis“.</Unicode>
        </TextEquiv>
      </TextLine>
      <TextLine id="eSc_line_eae132f3" custom="structure {type:default;}">
        <Coords points="375,1201 375,1230 556,1212 558,1194 554,1166 483,1150 481,1150 479,1150 477,1150 455,1168 450,1172 373,1172 375,1201"/>
        <Baseline points="375,1201 558,1194"/>
        <TextEquiv conf="0.9469115734100342">
          <Unicode>„ 29.</Unicode>
        </TextEquiv>
      </TextLine>
      <TextLine id="eSc_line_c0ca1b81" custom="structure {type:default;}">
        <Coords points="647,1199 645,1207 702,1227 704,1227 707,1227 709,1227 760,1212 762,1203 762,1172 707,1159 704,1159 647,1166 647,1199"/>
        <Baseline points="647,1199 762,1203"/>
        <TextEquiv conf="1.0">
          <Unicode>„</Unicode>
        </TextEquiv>
      </TextLine>
      <TextLine id="eSc_line_4c4d7f26" custom="structure {type:default;}">
        <Coords points="901,1188 899,1207 2865,1216 2870,1192 2867,1159 901,1154 901,1188"/>
        <Baseline points="901,1188 2870,1192"/>
        <TextEquiv conf="0.999875524923915">
          <Unicode>10363 (Hugoni) archiepiscopo Rotomagensi et (Theoderico) episcopo Ambianensi mandat,</Unicode>
        </TextEquiv>
      </TextLine>
      <TextLine id="eSc_line_a8f61dba" custom="structure {type:default;}">
        <Coords points="945,1245 945,1267 2870,1265 2872,1238 2865,1212 943,1216 945,1245"/>
        <Baseline points="945,1245 2872,1238"/>
        <TextEquiv conf="0.9995905518531799">
          <Unicode>hortentur R. de S. Walerico, ut de domo infra coemiterium ecclesiae Rotomagensis</Unicode>
        </TextEquiv>
      </TextLine>
      <TextLine id="eSc_line_98efa181" custom="structure {type:default;}">
        <Coords points="945,1296 943,1316 2867,1320 2872,1300 2870,1269 945,1265 945,1296"/>
        <Baseline points="945,1296 2872,1300"/>
        <TextEquiv conf="0.9996144049307879">
          <Unicode>exstructa et de corporibus mortuorum eiectis canonicis eius satisfaciat. Pflugk-Hart-</Unicode>
        </TextEquiv>
      </TextLine>
      <TextLine id="eSc_line_f85d3610" custom="structure {type:default;}">
        <Coords points="947,1355 947,1380 2730,1380 2733,1351 2728,1322 1100,1313 1098,1313 945,1325 947,1355"/>
        <Baseline points="947,1355 2733,1351"/>
        <TextEquiv conf="0.9934284750620525">
          <Unicode>tung Acta I. 223. (Cf. Histor. Jahrbuch II. 116). — „Ad apostolicae sedis“.</Unicode>
        </TextEquiv>
      </TextLine>
      <TextLine id="eSc_line_ae05b346" custom="structure {type:default;}">
        <Coords points="863,1475 863,1492 1159,1501 1162,1501 1164,1501 1201,1488 1201,1470 1195,1426 861,1428 863,1475"/>
        <Baseline points="863,1475 1201,1470"/>
        <TextEquiv conf="0.9999974608421326">
          <Unicode>1157—1158.</Unicode>
        </TextEquiv>
      </TextLine>
      <TextLine id="eSc_line_018dc615" custom="structure {type:default;}">
        <Coords points="340,1578 340,1618 472,1609 488,1614 517,1623 519,1623 521,1623 523,1623 554,1609 554,1574 550,1530 338,1530 340,1578"/>
        <Baseline points="340,1578 554,1574"/>
        <TextEquiv conf="0.9999854394367763">
          <Unicode>Ian. 2.</Unicode>
        </TextEquiv>
      </TextLine>
      <TextLine id="eSc_line_771cc934" custom="structure {type:default;}">
        <Coords points="609,1574 609,1598 819,1603 824,1570 813,1492 768,1530 709,1530 645,1497 642,1497 607,1497 609,1574"/>
        <Baseline points="609,1574 824,1570"/>
        <TextEquiv conf="0.9997987523674965">
          <Unicode>Laterani</Unicode>
        </TextEquiv>
      </TextLine>
      <TextLine id="eSc_line_e2019e2a" custom="structure {type:default;}">
        <Coords points="897,1574 897,1598 2870,1594 2872,1570 2867,1541 2503,1528 2501,1528 2498,1528 2496,1528 2478,1541 2158,1541 2105,1528 2103,1528 1877,1541 1681,1530 1679,1530 1486,1541 1438,1530 1436,1530 1433,1530 1334,1541 1268,1530 1265,1530 1263,1530 1232,1541 1188,1530 1186,1530 1184,1530 1182,1530 1179,1530 1166,1541 1151,1530 1148,1530 1146,1530 919,1530 916,1530 914,1530 912,1530 894,1539 897,1574"/>
        <Baseline points="897,1574 2872,1570"/>
        <TextEquiv conf="0.9972305533497833">
          <Unicode>10364 E(berhardo), archiepiscopo Salzburgensi, concedit, ut „cum in partibus eius con-</Unicode>
        </TextEquiv>
      </TextLine>
      <TextLine id="eSc_line_09624496" custom="structure {type:default;}">
        <Coords points="950,1629 950,1654 2865,1649 2867,1625 2861,1598 947,1598 950,1629"/>
        <Baseline points="950,1629 2867,1625"/>
        <TextEquiv conf="0.9999887233688718">
          <Unicode>suetudo inoleverit, quod diaconi et presbyteri solummodo in quatuor temporibus ordi-</Unicode>
        </TextEquiv>
      </TextLine>
      <TextLine id="eSc_line_151b3e86" custom="structure {type:default;}">
        <Coords points="945,1684 945,1702 1140,1715 1142,1715 1144,1715 1146,1715 1164,1704 1170,1702 1389,1702 1396,1704 1420,1715 1422,1715 1425,1715 1570,1704 1641,1700 1665,1704 1712,1715 1714,1718 1838,1718 1838,1715 1840,1715 1842,1715 1855,1704 1860,1702 1886,1704 1961,1715 1964,1715 2381,1713 2421,1707 2474,1698 2507,1707 2529,1713 2531,1713 2534,1713 2867,1707 2870,1678 2863,1647 943,1654 945,1684"/>
        <Baseline points="945,1684 2870,1678"/>
        <TextEquiv conf="0.9854881934735967">
          <Unicode>narentur, . . . . . . . necessitate cogente, in sabbato ante passionem atque in sabbato</Unicode>
        </TextEquiv>
      </TextLine>
      <TextLine id="eSc_line_b4a343f6" custom="structure {type:default;}">
        <Coords points="950,1740 950,1768 2863,1762 2865,1735 2861,1704 1051,1698 1049,1698 947,1709 950,1740"/>
        <Baseline points="950,1740 2865,1735"/>
        <TextEquiv conf="0.9995957110301558">
          <Unicode>paschae eos ordinet“. Pflugk-Harttung Acta II. 363, (Meiller Reg. arch. Salisb. 78.</Unicode>
        </TextEquiv>
      </TextLine>
      <TextLine id="eSc_line_6ec1e575" custom="structure {type:default;}">
        <Coords points="947,1795 947,1813 1120,1826 1122,1826 1124,1826 1126,1826 1146,1813 1151,1813 1232,1813 1235,1813 1270,1826 1272,1826 1274,1826 1391,1813 1396,1813 1425,1826 1427,1826 1429,1826 1431,1826 1455,1813 1467,1824 1467,1826 1469,1826 1471,1826 1473,1828 1546,1828 1546,1826 1692,1810 1692,1795 1692,1764 1676,1755 1674,1755 1672,1755 1670,1755 1668,1755 1628,1766 1272,1755 1270,1755 1268,1755 1265,1755 1265,1757 1254,1768 1137,1768 1126,1757 1126,1755 1124,1755 1122,1755 1040,1755 1038,1755 947,1766 947,1795"/>
        <Baseline points="947,1795 1692,1795"/>
        <TextEquiv conf="0.9999569462191674">
          <Unicode>n. 118). — „Talis in partibus“.</Unicode>
        </TextEquiv>
      </TextLine>
      <TextLine id="eSc_line_7444a56a" custom="structure {type:default;}">
        <Coords points="340,1850 338,1905 382,1908 384,1908 386,1908 410,1899 466,1877 561,1881 565,1855 563,1799 461,1808 340,1795 340,1850"/>
        <Baseline points="340,1850 565,1855"/>
        <TextEquiv conf="0.9936687880092197">
          <Unicode>Mart. 30.</Unicode>
        </TextEquiv>
      </TextLine>
      <TextLine id="eSc_line_1466b550" custom="structure {type:default;}">
        <Coords points="671,1857 669,1874 766,1868 768,1859 768,1830 671,1828 671,1857"/>
        <Baseline points="671,1857 768,1859"/>
        <TextEquiv conf="0.9999992251396179">
          <Unicode>„„</Unicode>
        </TextEquiv>
      </TextLine>
      <TextLine id="eSc_line_d6de7aed" custom="structure {type:default;}">
        <Coords points="899,1850 899,1874 2870,1870 2872,1846 2867,1813 919,1806 916,1806 914,1806 912,1806 897,1813 899,1850"/>
        <Baseline points="899,1850 2872,1846"/>
        <TextEquiv conf="0.9970848991953093">
          <Unicode>10365 (7025) P(etro) episcopo et canonicis Massiliensibus significat, se Pontio, archi-</Unicode>
        </TextEquiv>
      </TextLine>
      <TextLine id="eSc_line_81f5491b" custom="structure {type:default;}">
        <Coords points="945,1903 945,1927 2872,1927 2872,1903 2872,1874 945,1874 945,1903"/>
        <Baseline points="945,1903 2872,1903"/>
        <TextEquiv conf="0.996745193446124">
          <Unicode>episcopo Aquensi, mandasse, ut inter eos et monachos S. Victoris iudicium faciat.</Unicode>
        </TextEquiv>
      </TextLine>
      <TextLine id="eSc_line_968e774c" custom="structure {type:default;}">
        <Coords points="945,1958 945,1983 2865,1983 2865,1958 2865,1930 945,1930 945,1958"/>
        <Baseline points="945,1958 2865,1958"/>
        <TextEquiv conf="0.9995691674511608">
          <Unicode>Coll. des Cartul. VIII. 637, L&#x27;Antiquité de Marseille I. 476, Migne 188 p. 1546. —</Unicode>
        </TextEquiv>
      </TextLine>
      <TextLine id="eSc_line_336bee19" custom="structure {type:default;}">
        <Coords points="950,2016 950,2038 1102,2047 1104,2047 1106,2047 1124,2038 1129,2036 1133,2038 1162,2047 1164,2047 1166,2047 1221,2036 1230,2036 1237,2036 1303,2047 1305,2047 1385,2033 1385,2016 1385,1987 950,1987 950,2016"/>
        <Baseline points="950,2016 1385,2016"/>
        <TextEquiv conf="0.9739686783991361">
          <Unicode>„Illam, que inter“.</Unicode>
        </TextEquiv>
      </TextLine>
      <TextLine id="eSc_line_03f88362" custom="structure {type:default;}">
        <Coords points="375,2078 375,2102 470,2111 472,2111 570,2095 572,2073 563,1996 530,2009 497,2007 455,2005 452,2005 450,2005 448,2005 424,2020 406,2031 373,2031 375,2078"/>
        <Baseline points="375,2078 572,2073"/>
        <TextEquiv conf="0.9999693632125854">
          <Unicode>„ 30.</Unicode>
        </TextEquiv>
      </TextLine>
      <TextLine id="eSc_line_811cb638" custom="structure {type:default;}">
        <Coords points="660,2075 658,2097 722,2102 724,2102 726,2102 766,2086 768,2080 768,2047 660,2047 660,2075"/>
        <Baseline points="660,2075 768,2080"/>
        <TextEquiv conf="1.0">
          <Unicode>„</Unicode>
        </TextEquiv>
      </TextLine>
      <TextLine id="eSc_line_41e92692" custom="structure {type:default;}">
        <Coords points="901,2067 901,2093 2867,2093 2870,2067 2865,2033 901,2033 901,2067"/>
        <Baseline points="901,2067 2870,2067"/>
        <TextEquiv conf="0.9990895896456963">
          <Unicode>10366 Canonicis Agathensibus praecipit, ut fratribus Massiliensibus ablatas decimas et</Unicode>
        </TextEquiv>
      </TextLine>
      <TextLine id="eSc_line_6febd61e" custom="structure {type:default;}">
        <Coords points="950,2126 950,2153 2863,2146 2865,2122 2861,2082 1953,2082 1950,2082 1948,2082 1922,2089 1902,2093 1654,2091 1115,2084 1113,2084 947,2095 950,2126"/>
        <Baseline points="950,2126 2865,2122"/>
        <TextEquiv conf="0.999323284113279">
          <Unicode>possessiones restituant ac de illatis iniuriis satisfaciant. Coll. des Cartulaires VIII. 638.</Unicode>
        </TextEquiv>
      </TextLine>
      <TextLine id="eSc_line_704ca9a0" custom="structure {type:default;}">
        <Coords points="947,2177 947,2197 1022,2197 1034,2206 1034,2208 1036,2208 1038,2208 1040,2208 1741,2195 1741,2177 1741,2150 947,2150 947,2177"/>
        <Baseline points="947,2177 1741,2177"/>
        <TextEquiv conf="0.9999963492155075">
          <Unicode>— „Mandavit vobis praedecessor“.</Unicode>
        </TextEquiv>
      </TextLine>
      <TextLine id="eSc_line_0c094b0b" custom="structure {type:default;}">
        <Coords points="340,2237 340,2265 561,2263 561,2232 554,2199 338,2199 340,2237"/>
        <Baseline points="340,2237 561,2232"/>
        <TextEquiv conf="0.9999915659427643">
          <Unicode>Mai. 27.</Unicode>
        </TextEquiv>
      </TextLine>
      <TextLine id="eSc_line_7ca52829" custom="structure {type:default;}">
        <Coords points="676,2239 673,2265 722,2270 724,2270 726,2270 766,2252 768,2243 766,2214 676,2210 676,2239"/>
        <Baseline points="676,2239 768,2243"/>
        <TextEquiv conf="1.0">
          <Unicode>„„</Unicode>
        </TextEquiv>
      </TextLine>
      <TextLine id="eSc_line_29eb5bd1" custom="structure {type:default;}">
        <Coords points="899,2232 899,2256 2865,2254 2867,2228 2861,2199 897,2201 899,2232"/>
        <Baseline points="899,2232 2867,2228"/>
        <TextEquiv conf="0.9997234018076033">
          <Unicode>10367 (7099) Clericos et laicos de Murmiralio hortatur, ut Hugoni, archiepiscopo Do-</Unicode>
        </TextEquiv>
      </TextLine>
      <TextLine id="eSc_line_8efd3441" custom="structure {type:default;}">
        <Coords points="947,2285 945,2305 2861,2312 2865,2290 2863,2256 947,2252 947,2285"/>
        <Baseline points="947,2285 2865,2290"/>
        <TextEquiv conf="0.9915000767242618">
          <Unicode>lensi. obediant. Martene Thes. III. 902, Morice Mém. de Bret. I. 628, Bouquet Rec.</Unicode>
        </TextEquiv>
      </TextLine>
      <TextLine id="eSc_line_c5216815" custom="structure {type:default;}">
        <Coords points="947,2345 947,2362 1274,2373 1277,2373 1343,2362 1345,2362 1347,2362 1380,2373 1383,2373 1385,2373 1440,2362 1480,2373 1482,2373 1484,2373 1486,2373 1489,2373 1509,2362 1511,2362 1924,2371 1926,2371 1928,2371 1950,2360 1959,2369 1959,2371 1961,2371 1964,2371 1966,2373 2050,2373 2050,2371 2163,2358 2165,2340 2160,2312 958,2303 956,2303 954,2303 952,2303 952,2305 945,2309 947,2345"/>
        <Baseline points="947,2345 2165,2340"/>
        <TextEquiv conf="0.9969085683213904">
          <Unicode>XV. 685, Migne 188 p. 1607. — „Quanto amplius“.</Unicode>
        </TextEquiv>
      </TextLine>
      <TextLine id="eSc_line_6c60fa94" custom="structure {type:default;}">
        <Coords points="371,2407 371,2440 404,2440 404,2438 406,2438 408,2438 408,2435 410,2433 428,2418 477,2426 530,2435 532,2435 534,2435 536,2435 556,2420 556,2402 552,2371 466,2358 463,2358 461,2358 459,2358 439,2373 437,2376 368,2376 371,2407"/>
        <Baseline points="371,2407 556,2402"/>
        <TextEquiv conf="0.9999998569488525">
          <Unicode>„ 27.</Unicode>
        </TextEquiv>
      </TextLine>
      <TextLine id="eSc_line_44dfec54" custom="structure {type:default;}">
        <Coords points="689,2409 691,2464 757,2442 757,2409 757,2371 689,2360 689,2409"/>
        <Baseline points="689,2409 757,2409"/>
        <TextEquiv conf="0.9999003410339355">
          <Unicode>„</Unicode>
        </TextEquiv>
      </TextLine>
      <TextLine id="eSc_line_7bd76728" custom="structure {type:default;}">
        <Coords points="899,2400 899,2420 2850,2426 2852,2426 2854,2426 2856,2426 2870,2415 2870,2393 2865,2365 1555,2356 1553,2356 1551,2356 1520,2367 914,2358 912,2358 910,2358 908,2358 897,2365 899,2400"/>
        <Baseline points="899,2400 2870,2393"/>
        <TextEquiv conf="0.9966373879735063">
          <Unicode>10368 Monasterio S. Dionysii ecclesiam de Vallis asserit, fratrumque compositionem</Unicode>
        </TextEquiv>
      </TextLine>
      <TextLine id="eSc_line_e89e1103" custom="structure {type:default;}">
        <Coords points="945,2453 945,2479 2863,2479 2865,2449 2858,2418 943,2422 945,2453"/>
        <Baseline points="945,2453 2865,2449"/>
        <TextEquiv conf="0.9967829175293446">
          <Unicode>cum Belli-montis comite super possessionibus Fontis Bohodii prope villam Maflers</Unicode>
        </TextEquiv>
      </TextLine>
      <TextLine id="eSc_line_219354ec" custom="structure {type:default;}">
        <Coords points="945,2508 945,2528 2865,2528 2865,2508 2865,2471 945,2468 945,2508"/>
        <Baseline points="945,2508 2865,2508"/>
        <TextEquiv conf="0.9934232330616609">
          <Unicode>factam comprobat. Autogr. in tab. nat. Paris. L. 229. n. 9. — „Quotiens a viris“.</Unicode>
        </TextEquiv>
      </TextLine>
      <TextLine id="eSc_line_00dd879e" custom="structure {type:default;}">
        <Coords points="373,2572 375,2610 417,2610 417,2608 419,2608 439,2599 461,2585 490,2590 530,2594 532,2594 534,2594 536,2594 550,2581 550,2563 545,2535 494,2526 492,2526 371,2541 373,2572"/>
        <Baseline points="373,2572 550,2563"/>
        <TextEquiv conf="0.9461582779884339">
          <Unicode>„ 27.</Unicode>
        </TextEquiv>
      </TextLine>
      <TextLine id="eSc_line_c793f9e2" custom="structure {type:default;}">
        <Coords points="691,2570 691,2601 790,2592 790,2570 788,2524 691,2526 691,2570"/>
        <Baseline points="691,2570 790,2570"/>
        <TextEquiv conf="0.9999821186065674">
          <Unicode>„</Unicode>
        </TextEquiv>
      </TextLine>
      <TextLine id="eSc_line_536adccc" custom="structure {type:default;}">
        <Coords points="897,2563 897,2585 2863,2581 2865,2559 2858,2528 894,2530 897,2563"/>
        <Baseline points="897,2563 2865,2559"/>
        <TextEquiv conf="0.9996696769455333">
          <Unicode>10369 (Petro) Bituricensi, (Samsoni) Remensi, (Hugoni) Senonensi, (Hugoni) Rotho-</Unicode>
        </TextEquiv>
      </TextLine>
      <TextLine id="eSc_line_35050f55" custom="structure {type:default;}">
        <Coords points="945,2621 945,2645 2863,2641 2865,2612 2858,2581 943,2588 945,2621"/>
        <Baseline points="945,2621 2865,2612"/>
        <TextEquiv conf="0.9913312089012329">
          <Unicode>magensi, (Godefrido) Burdigalensi, (Theobaldo) Cantuariensi, (Arnoldo) Maguntino et</Unicode>
        </TextEquiv>
      </TextLine>
      <TextLine id="eSc_line_cc124e98" custom="structure {type:default;}">
        <Coords points="943,2674 943,2696 2865,2689 2867,2667 2863,2636 965,2634 963,2634 961,2634 941,2643 943,2674"/>
        <Baseline points="943,2674 2867,2667"/>
        <TextEquiv conf="0.9921113692224026">
          <Unicode>(Hillino) Trevirensi archiepiscopis mandat, ut „quicunque in parochiis eorum pro</Unicode>
        </TextEquiv>
      </TextLine>
      <TextLine id="eSc_line_0b82578e" custom="structure {type:default;}">
        <Coords points="945,2727 945,2749 2865,2744 2867,2722 2861,2696 943,2698 945,2727"/>
        <Baseline points="945,2727 2867,2722"/>
        <TextEquiv conf="0.9919998623706676">
          <Unicode>rebus ad monasterium S. Dionysii pertinentibus ablatis vel pro iniuriis et damnis</Unicode>
        </TextEquiv>
      </TextLine>
      <TextLine id="eSc_line_19743a77" custom="structure {type:default;}">
        <Coords points="947,2784 947,2806 2863,2804 2865,2778 2861,2751 2498,2740 2496,2740 945,2753 947,2784"/>
        <Baseline points="947,2784 2865,2778"/>
        <TextEquiv conf="0.9919027465361135">
          <Unicode>illatis fuerint a fratribus rationabiliter excommunicati, excommunicationem ipsam</Unicode>
        </TextEquiv>
      </TextLine>
      <TextLine id="eSc_line_2cd30db6" custom="structure {type:default;}">
        <Coords points="947,2839 947,2862 2863,2859 2865,2831 2858,2800 945,2806 947,2839"/>
        <Baseline points="947,2839 2865,2831"/>
        <TextEquiv conf="0.9961398586459543">
          <Unicode>ratam habentes faciant eam per dioceses suas inviolabiliter observari et si eos interim</Unicode>
        </TextEquiv>
      </TextLine>
      <TextLine id="eSc_line_0c5f811e" custom="structure {type:default;}">
        <Coords points="945,2895 945,2917 2863,2912 2865,2888 2858,2857 943,2864 945,2895"/>
        <Baseline points="945,2895 2865,2888"/>
        <TextEquiv conf="0.9998031258583069">
          <Unicode>mori contigerit, donec quae abstulerint reddantur, eos christianorum sepulturam habere</Unicode>
        </TextEquiv>
      </TextLine>
      <TextLine id="eSc_line_357c768e" custom="structure {type:default;}">
        <Coords points="945,2948 945,2968 1228,2979 1230,2979 1774,2968 1778,2968 1844,2979 1847,2979 1986,2968 2034,2976 2037,2976 2039,2976 2041,2976 2056,2965 2061,2965 2129,2965 2719,2976 2721,2976 2786,2963 2788,2943 2783,2915 1009,2908 1007,2908 943,2919 945,2948"/>
        <Baseline points="945,2948 2788,2943"/>
        <TextEquiv conf="0.9999939056185932">
          <Unicode>nullatenus permittant“. Loewenfeld Epistolae p. 127. — „In loco apostolorum“.</Unicode>
        </TextEquiv>
      </TextLine>
      <TextLine id="eSc_line_9a7331f7" custom="structure {type:default;}">
        <Coords points="375,3012 377,3040 433,3025 457,3032 488,3040 490,3040 492,3040 494,3040 552,3021 552,3005 547,2963 477,2945 475,2945 373,2970 375,3012"/>
        <Baseline points="375,3012 552,3005"/>
        <TextEquiv conf="0.9499458909034729">
          <Unicode>„ 30.</Unicode>
        </TextEquiv>
      </TextLine>
      <TextLine id="eSc_line_a7ab4894" custom="structure {type:default;}">
        <Coords points="684,3012 684,3029 709,3047 711,3047 713,3047 715,3047 718,3047 782,3027 782,3007 773,2961 742,2976 682,2965 684,3012"/>
        <Baseline points="684,3012 782,3007"/>
        <TextEquiv conf="1.0">
          <Unicode>„</Unicode>
        </TextEquiv>
      </TextLine>
      <TextLine id="eSc_line_66c883f2" custom="structure {type:default;}">
        <Coords points="901,3003 901,3023 2163,3032 2165,3032 2867,3016 2867,2996 2861,2968 899,2972 901,3003"/>
        <Baseline points="901,3003 2867,2996"/>
        <TextEquiv conf="0.9995895573278752">
          <Unicode>10370 R(aimundo) abbati et capitulo S. Ruffi nuntiat, confirmare se concessionem a</Unicode>
        </TextEquiv>
      </TextLine>
      <TextLine id="eSc_line_4ca98828" custom="structure {type:default;}">
        <Coords points="947,3058 947,3078 2863,3076 2865,3054 2861,3025 1908,3014 1906,3014 1796,3025 961,3016 958,3016 956,3016 954,3016 945,3023 947,3058"/>
        <Baseline points="947,3058 2865,3054"/>
        <TextEquiv conf="0.9886801350547607">
          <Unicode>R. de Arenis et C., eius fratre, G(aufrido) episcopo Avinionensi factam. Cod. dipl.</Unicode>
        </TextEquiv>
      </TextLine>
      <TextLine id="eSc_line_9d9ab99a" custom="structure {type:default;}">
        <Coords points="947,3113 947,3135 2863,3129 2865,3107 2861,3080 2255,3069 2253,3069 2251,3069 2220,3080 1007,3074 1005,3074 945,3085 947,3113"/>
        <Baseline points="947,3113 2865,3107"/>
        <TextEquiv conf="0.999230815870006">
          <Unicode>ord. S. Ruffi f. 11“, quem composuit et possidet U. Chevalier Romanensis. — „Devo-</Unicode>
        </TextEquiv>
      </TextLine>
      <TextLine id="eSc_line_1d53b77e" custom="structure {type:default;}">
        <Coords points="945,3168 945,3182 1228,3193 1230,3193 1232,3193 1281,3177 1281,3164 1274,3135 943,3138 945,3168"/>
        <Baseline points="945,3168 1281,3164"/>
        <TextEquiv conf="0.999997353553772">
          <Unicode>tioni vestrae“.</Unicode>
        </TextEquiv>
      </TextLine>
      <TextLine id="eSc_line_15cac50e" custom="structure {type:default;}">
        <Coords points="340,3221 338,3246 340,3248 342,3248 342,3250 344,3250 346,3250 349,3252 428,3252 428,3250 430,3250 433,3250 433,3248 439,3244 446,3237 550,3250 554,3226 547,3184 532,3193 523,3186 523,3184 521,3184 519,3184 517,3184 514,3184 512,3184 488,3195 340,3188 340,3221"/>
        <Baseline points="340,3221 554,3226"/>
        <TextEquiv conf="0.9996785606656756">
          <Unicode>lun. 1.</Unicode>
        </TextEquiv>
      </TextLine>
      <TextLine id="eSc_line_2d8eb0d2" custom="structure {type:default;}">
        <Coords points="687,3230 687,3244 704,3257 707,3257 709,3257 711,3257 713,3257 760,3241 760,3230 757,3188 687,3188 687,3230"/>
        <Baseline points="687,3230 760,3230"/>
        <TextEquiv conf="0.9965715408325195">
          <Unicode>„</Unicode>
        </TextEquiv>
      </TextLine>
      <TextLine id="eSc_line_a998d719" custom="structure {type:default;}">
        <Coords points="899,3221 899,3244 2861,3241 2863,3217 2856,3186 897,3186 899,3221"/>
        <Baseline points="899,3221 2863,3217"/>
        <TextEquiv conf="0.9946536429226398">
          <Unicode>10371 (7026) Canonicis S. Eusebii Autissiodorensibus praebendas quasdam asserit.</Unicode>
        </TextEquiv>
      </TextLine>
      <TextLine id="eSc_line_6406840b" custom="structure {type:default;}">
        <Coords points="952,3277 952,3297 2456,3290 2459,3270 2454,3244 2074,3233 2072,3233 1964,3244 1950,3246 950,3246 952,3277"/>
        <Baseline points="952,3277 2459,3270"/>
        <TextEquiv conf="0.9933386445045471">
          <Unicode>Martene Thes. I. 440, Migne 188 p. 1547. — „Quotiens a viris“.</Unicode>
        </TextEquiv>
      </TextLine>
      <TextLine id="eSc_line_a4a99fb0" custom="structure {type:default;}">
        <Coords points="371,3343 373,3365 417,3352 457,3363 463,3365 466,3365 468,3365 552,3361 552,3334 545,3305 368,3312 371,3343"/>
        <Baseline points="371,3343 552,3334"/>
        <TextEquiv conf="0.9769817590713501">
          <Unicode>„„ 1.</Unicode>
        </TextEquiv>
      </TextLine>
      <TextLine id="eSc_line_f23522ef" custom="structure {type:default;}">
        <Coords points="680,3343 684,3418 735,3427 737,3427 740,3427 771,3409 766,3336 762,3301 676,3299 680,3343"/>
        <Baseline points="680,3343 766,3336"/>
        <TextEquiv conf="1.0">
          <Unicode>„</Unicode>
        </TextEquiv>
      </TextLine>
      <TextLine id="eSc_line_f16e2392" custom="structure {type:default;}">
        <Coords points="899,3330 899,3352 2865,3345 2865,3323 2858,3297 897,3301 899,3330"/>
        <Baseline points="899,3330 2865,3323"/>
        <TextEquiv conf="0.9999577132768409">
          <Unicode>10372 (7027) N(ormanno) decano et toti capitulo Suessionensi asserit ius „malefactores</Unicode>
        </TextEquiv>
      </TextLine>
      <TextLine id="eSc_line_df96dc21" custom="structure {type:default;}">
        <Coords points="945,3387 945,3405 1889,3414 1891,3414 2863,3398 2863,3378 2856,3352 943,3358 945,3387"/>
        <Baseline points="945,3387 2863,3378"/>
        <TextEquiv conf="0.9997558340430259">
          <Unicode>suos sive eorum terras interdicendi et absolvendi, episcopo inconsulto“. Martene</Unicode>
        </TextEquiv>
      </TextLine>
      <TextLine id="eSc_line_048462cd" custom="structure {type:default;}">
        <Coords points="947,3440 947,3462 2856,3467 2858,3440 2858,3411 947,3411 947,3440"/>
        <Baseline points="947,3440 2858,3440"/>
        <TextEquiv conf="0.9996684238880496">
          <Unicode>Coll. II. 646, Bouquet Rec. XV. 680, Pecheur Cart. de S. Léger de Soiss. p. 38,</Unicode>
        </TextEquiv>
      </TextLine>
      <TextLine id="eSc_line_9790354b" custom="structure {type:default;}">
        <Coords points="950,3495 950,3546 1047,3546 1047,3544 1064,3542 1197,3517 1239,3533 1241,3533 1243,3533 1246,3533 1268,3522 1387,3531 1389,3531 1475,3515 1489,3528 1500,3537 1500,3539 1502,3539 1504,3539 1506,3542 1573,3542 1573,3539 1575,3539 1606,3526 1623,3517 1679,3524 1752,3531 1754,3531 1756,3531 1800,3520 1818,3515 1827,3520 1853,3531 1855,3531 1858,3531 1981,3513 1981,3491 1975,3460 947,3460 950,3495"/>
        <Baseline points="950,3495 1981,3491"/>
        <TextEquiv conf="0.9757680863868899">
          <Unicode>Migne 188 p. 1547. — „Ex iniuncto nobis“.</Unicode>
        </TextEquiv>
      </TextLine>
    </TextRegion>
    <TextRegion id="eSc_textblock_8c3dbd85"  custom="structure {type:default;}">
      <Coords points="1195,141 2043,150 2052,236 1120,236 1120,167 1195,141"/>
      <TextLine id="eSc_line_602545f1" custom="structure {type:default;}">
        <Coords points="1137,212 1137,231 1159,242 1162,242 1164,242 2034,231 2034,212 2034,172 1942,156 1939,156 1875,172 1787,172 1763,156 1760,156 1758,156 1756,156 1615,170 1548,156 1546,156 1544,156 1542,156 1522,170 1497,156 1495,156 1162,154 1159,154 1157,154 1155,154 1137,165 1137,212"/>
        <Baseline points="1137,212 2034,212"/>
        <TextEquiv conf="0.9999886155128479">
          <Unicode>HADRIANUS IV. 1154—1159.</Unicode>
        </TextEquiv>
      </TextLine>
    </TextRegion>
  </Page>
</PcGts>
