<?xml version="1.0" encoding="UTF-8"  standalone="yes"?>
<PcGts xmlns="http://schema.primaresearch.org/PAGE/gts/pagecontent/2019-07-15" xmlns:xsi="http://www.w3.org/2001/XMLSchema-instance" xsi:schemaLocation="http://schema.primaresearch.org/PAGE/gts/pagecontent/2019-07-15 http://schema.primaresearch.org/PAGE/gts/pagecontent/2019-07-15/pagecontent.xsd">
  <Metadata externalRef="pdf//regestapontificu02cath.pdf">
	<Creator>escriptorium</Creator>
	<Created>2026-01-31T10:25:03.307864+00:00</Created>
        <LastChange>2026-02-01T14:40:37.609652+00:00</LastChange>
  </Metadata>
  <Page imageFilename="regestapontificu02cath.pdf_page_131.png" imageWidth="3007" imageHeight="3975">
    <TextRegion id="eSc_textblock_68019ad2"  custom="structure {type:default;}">
      <Coords points="2642,291 2697,326 2662,3522 768,3548 653,3531 634,3495 380,3495 360,2241 324,2508 324,3495 141,3486 79,1879 79,662 141,309 342,309 368,335 380,300 2642,291"/>
      <TextLine id="eSc_line_2d5b7472" custom="structure {type:default;}">
        <Coords points="649,362 649,395 813,386 1000,395 1007,395 1009,395 1011,395 1034,384 1104,395 1111,395 1113,395 1124,395 1230,384 1323,393 1347,395 1349,395 1586,393 1588,393 1592,390 1610,382 1672,390 1690,393 1692,393 1712,390 1787,379 1869,390 1884,390 1886,390 1889,390 1891,390 1891,388 1906,379 1939,388 1946,390 1948,390 1950,390 1990,388 2125,379 2235,386 2269,388 2271,388 2273,388 2277,386 2299,377 2483,384 2487,351 2483,311 647,311 649,362"/>
        <Baseline points="649,362 2487,351"/>
        <TextEquiv conf="0.9801350761862362">
          <Unicode>1156. (Ind. 4. — 25. Sept. — 5, pont. a. 2. — 5. Dec. — 3, 1155. — 25. Mart. — 1156.)</Unicode>
        </TextEquiv>
      </TextLine>
      <TextLine id="eSc_line_01e6c87d" custom="structure {type:default;}">
        <Coords points="731,419 729,437 2640,448 2644,424 2642,390 731,386 731,419"/>
        <Baseline points="731,419 2644,424"/>
        <TextEquiv conf="0.9960178618247693">
          <Unicode>O. P. A. II. Pr. p. 536, Mon. Boic. VI. 484, Hund III. 353, Migne 188 p. 1463.</Unicode>
        </TextEquiv>
      </TextLine>
      <TextLine id="eSc_line_e35a57c7" custom="structure {type:default;}">
        <Coords points="733,479 733,499 2644,507 2646,479 2646,448 733,443 733,479"/>
        <Baseline points="733,479 2646,479"/>
        <TextEquiv conf="0.990455147731735">
          <Unicode>(Hoc privilegium cur anno 1156 abstulerit et a. 1158 attribuerit Fechner Udalr. vV.</Unicode>
        </TextEquiv>
      </TextLine>
      <TextLine id="eSc_line_0c88cda5" custom="structure {type:default;}">
        <Coords points="733,534 733,556 2642,560 2646,530 2640,499 731,501 733,534"/>
        <Baseline points="733,534 2646,530"/>
        <TextEquiv conf="0.9999477922180553">
          <Unicode>Aquil. in Archiv f. K. österr. Gesch.-Qu. XXI. 334, non intellego.) — „Religiosam</Unicode>
        </TextEquiv>
      </TextLine>
      <TextLine id="eSc_line_44d22c44" custom="structure {type:default;}">
        <Coords points="731,589 731,605 879,605 881,605 941,620 943,620 945,620 1111,618 1113,618 1115,618 1115,616 1131,602 1164,602 1166,585 1159,556 729,558 731,589"/>
        <Baseline points="731,589 1166,585"/>
        <TextEquiv conf="0.9999633462805497">
          <Unicode>vitam eligentibus“.</Unicode>
        </TextEquiv>
      </TextLine>
      <TextLine id="eSc_line_ad80d7e2" custom="structure {type:default;}">
        <Coords points="680,651 680,677 2646,677 2649,651 2646,618 680,618 680,651"/>
        <Baseline points="680,651 2649,651"/>
        <TextEquiv conf="0.9964428738106129">
          <Unicode>10181 (6936) Monasterii S. Afrae Augustensis protectionem suscipit, possessionesque ac</Unicode>
        </TextEquiv>
      </TextLine>
      <TextLine id="eSc_line_b5ece92e" custom="structure {type:default;}">
        <Coords points="375,717 512,724 514,724 517,724 519,724 539,708 543,706 618,704 618,655 612,585 561,591 543,578 512,556 510,556 508,556 457,556 455,556 452,556 450,556 433,571 406,594 375,567 375,662 375,717"/>
        <Baseline points="375,662 618,655"/>
        <TextEquiv conf="0.9268297791481018">
          <Unicode>Lvenn</Unicode>
        </TextEquiv>
      </TextLine>
      <TextLine id="eSc_line_136bf87f" custom="structure {type:default;}">
        <Coords points="123,664 123,711 346,695 346,664 340,618 326,629 285,616 282,616 280,616 218,629 194,607 194,605 192,605 190,605 123,600 123,664"/>
        <Baseline points="123,664 346,664"/>
        <TextEquiv conf="0.9996000613485064">
          <Unicode>lun. 1.</Unicode>
        </TextEquiv>
      </TextLine>
      <TextLine id="eSc_line_fc87fbc7" custom="structure {type:default;}">
        <Coords points="731,713 733,742 777,730 1157,739 1215,739 1217,739 1241,739 1372,728 2644,728 2646,706 2642,675 2008,664 2006,664 2003,664 1970,675 784,669 782,669 729,680 731,713"/>
        <Baseline points="731,713 2646,706"/>
        <TextEquiv conf="0.9948126937769637">
          <Unicode>privilegia, petente Hezilone abbate, confirmat. Mon. Boic. XXII. 176, Migne 188</Unicode>
        </TextEquiv>
      </TextLine>
      <TextLine id="eSc_line_b42d97ae" custom="structure {type:default;}">
        <Coords points="729,766 729,792 1011,781 1018,788 1025,792 1025,795 1027,795 1029,795 1031,797 1142,797 1142,795 1144,795 1162,786 1173,779 1199,783 1239,792 1241,792 1296,783 1321,779 1356,781 1482,792 1484,792 1557,777 1559,761 1555,735 808,726 806,726 726,737 729,766"/>
        <Baseline points="729,766 1559,761"/>
        <TextEquiv conf="0.9973174064390121">
          <Unicode>p. 1465. — „Quae mater omnium“.</Unicode>
        </TextEquiv>
      </TextLine>
      <TextLine id="eSc_line_72583a71" custom="structure {type:default;}">
        <Coords points="680,830 680,850 2644,852 2649,830 2646,795 1385,783 1383,783 1380,783 1336,795 1321,783 1319,783 1316,783 1314,783 1312,783 1281,795 1248,783 1246,783 1243,783 1084,795 1078,795 1071,795 850,783 848,783 680,795 680,830"/>
        <Baseline points="680,830 2649,830"/>
        <TextEquiv conf="0.996903134953408">
          <Unicode>10182 (6960) Bferengarium) electum Narbonensem confirmat. In bibl. nat. Paris. Coll.</Unicode>
        </TextEquiv>
      </TextLine>
      <TextLine id="eSc_line_34f229b8" custom="structure {type:default;}">
        <Coords points="154,845 154,876 225,876 227,876 229,876 229,874 247,856 335,867 338,841 333,808 240,797 238,797 152,808 154,845"/>
        <Baseline points="154,845 338,841"/>
        <TextEquiv conf="0.8765755444765091">
          <Unicode>„ 1.</Unicode>
        </TextEquiv>
      </TextLine>
      <TextLine id="eSc_line_f59acc93" custom="structure {type:default;}">
        <Coords points="468,850 466,874 545,881 550,854 550,799 470,797 468,850"/>
        <Baseline points="468,850 550,854"/>
        <TextEquiv conf="1.0">
          <Unicode>„</Unicode>
        </TextEquiv>
      </TextLine>
      <TextLine id="eSc_line_e7af36ea" custom="structure {type:default;}">
        <Coords points="731,885 731,907 1098,907 1102,907 1170,918 1173,918 1175,918 1204,907 1241,920 1243,920 1246,923 1367,923 1367,920 1469,905 1482,905 1531,905 1970,918 1972,918 1975,918 2003,903 2008,903 2253,903 2255,903 2293,916 2295,916 2297,918 2434,918 2434,916 2436,916 2439,916 2459,903 2540,916 2543,916 2640,901 2642,878 2638,850 2045,839 2043,839 2041,839 2001,850 1999,850 1966,850 1411,841 1409,841 729,852 731,885"/>
        <Baseline points="731,885 2642,878"/>
        <TextEquiv conf="0.9908688980412771">
          <Unicode>Baluze t. 82. f. 34, ms. lat. 12774. f. 294, GGall. Chr. VI. 53 et Instr. p. 40). —</Unicode>
        </TextEquiv>
      </TextLine>
      <TextLine id="eSc_line_0810d446" custom="structure {type:default;}">
        <Coords points="731,942 731,962 1009,969 1011,969 1014,969 1042,958 1045,958 1073,969 1075,969 1078,969 1252,954 1254,936 1250,905 760,898 757,898 755,898 729,907 731,942"/>
        <Baseline points="731,942 1254,936"/>
        <TextEquiv conf="0.9999948429024738">
          <Unicode>„Narbonensis ecclesia“.</Unicode>
        </TextEquiv>
      </TextLine>
      <TextLine id="eSc_line_e2419f0a" custom="structure {type:default;}">
        <Coords points="678,1004 678,1029 1608,1040 1610,1040 1913,1037 1915,1037 1917,1037 1933,1026 1942,1026 2026,1037 2028,1040 2178,1040 2178,1037 2180,1037 2182,1037 2198,1026 2238,1037 2240,1037 2242,1037 2448,1026 2450,1026 2452,1026 2587,1037 2589,1037 2644,1024 2646,1000 2640,969 2147,969 2140,969 2094,958 2092,958 2090,958 2054,969 2050,969 2041,969 1959,958 1957,958 1877,969 1871,969 1853,958 1851,958 1849,958 1710,958 1707,958 1705,958 1663,969 1652,971 1610,969 1473,960 1471,960 1469,960 1467,960 1453,969 1451,971 1447,969 1427,960 1425,960 1422,960 1319,969 1288,973 1078,973 1073,969 1060,960 1058,960 1056,960 1053,960 1051,960 1011,969 1005,971 1000,969 976,960 974,960 972,960 676,969 678,1004"/>
        <Baseline points="678,1004 2646,1000"/>
        <TextEquiv conf="0.9935360787862755">
          <Unicode>10183 (6937) Clero et praeposito Augustensi significat, Chanradum episcopum cum ad-</Unicode>
        </TextEquiv>
      </TextLine>
      <TextLine id="eSc_line_053e1dfc" custom="structure {type:default;}">
        <Coords points="156,1020 156,1046 245,1031 273,1042 289,1048 291,1048 293,1048 338,1037 338,1015 333,987 267,971 265,971 262,971 260,971 236,989 231,991 154,991 156,1020"/>
        <Baseline points="156,1020 338,1015"/>
        <TextEquiv conf="0.9969487190246582">
          <Unicode>„ 6.</Unicode>
        </TextEquiv>
      </TextLine>
      <TextLine id="eSc_line_3bf6d299" custom="structure {type:default;}">
        <Coords points="466,1026 463,1033 547,1035 550,1031 545,987 466,987 466,1026"/>
        <Baseline points="466,1026 550,1031"/>
        <TextEquiv conf="1.0">
          <Unicode>„</Unicode>
        </TextEquiv>
      </TextLine>
      <TextLine id="eSc_line_ca1a49fc" custom="structure {type:default;}">
        <Coords points="731,1060 731,1079 2640,1088 2642,1060 2642,1029 731,1029 731,1060"/>
        <Baseline points="731,1060 2642,1060"/>
        <TextEquiv conf="0.9999505600758961">
          <Unicode>versariis clericis monachisque ad sese venisse, crimineque se expediisse. Praecipit,</Unicode>
        </TextEquiv>
      </TextLine>
      <TextLine id="eSc_line_6bb46332" custom="structure {type:default;}">
        <Coords points="731,1119 731,1148 813,1137 2644,1137 2646,1113 2642,1084 788,1077 786,1077 729,1088 731,1119"/>
        <Baseline points="731,1119 2646,1113"/>
        <TextEquiv conf="0.9946794551961562">
          <Unicode>„ut cuncti, qui in hac infamatione fuerint, discalceatis pedibus infra octo dies post</Unicode>
        </TextEquiv>
      </TextLine>
      <TextLine id="eSc_line_b95cbc7b" custom="structure {type:default;}">
        <Coords points="726,1170 726,1190 932,1190 934,1190 950,1201 952,1201 954,1201 956,1203 1089,1203 1089,1201 1091,1201 1111,1190 1113,1190 1129,1201 1131,1201 1133,1201 1135,1201 1195,1190 1206,1190 1212,1192 1241,1201 1243,1201 1246,1201 1449,1192 1513,1190 1520,1192 1531,1201 1533,1201 1535,1201 1537,1203 1681,1203 1681,1201 1683,1201 1699,1194 1707,1190 1734,1194 1785,1201 1787,1201 1855,1194 1902,1190 2642,1196 2644,1170 2644,1141 726,1141 726,1170"/>
        <Baseline points="726,1170 2644,1170"/>
        <TextEquiv conf="0.9983077451780245">
          <Unicode>reditum episcopi per quamcunque portam voluerit ad ecclesiam maiorem veniant,</Unicode>
        </TextEquiv>
      </TextLine>
      <TextLine id="eSc_line_69598998" custom="structure {type:default;}">
        <Coords points="726,1227 726,1252 2642,1243 2644,1221 2638,1192 724,1196 726,1227"/>
        <Baseline points="726,1227 2644,1221"/>
        <TextEquiv conf="0.9999979911027131">
          <Unicode>pro sua praesumptione veniam postulantes“. Pez Thes. anecd. VI. I. 381, Migne 188</Unicode>
        </TextEquiv>
      </TextLine>
      <TextLine id="eSc_line_39451241" custom="structure {type:default;}">
        <Coords points="726,1280 726,1302 1056,1294 1060,1298 1067,1302 1067,1305 1069,1305 1071,1305 1073,1307 1204,1307 1204,1305 1290,1294 1307,1291 1310,1294 1321,1302 1321,1305 1323,1305 1325,1305 1327,1307 1440,1307 1440,1305 1442,1305 1489,1289 1489,1276 1484,1247 815,1238 813,1238 724,1249 726,1280"/>
        <Baseline points="726,1280 1489,1276"/>
        <TextEquiv conf="0.9782983455806971">
          <Unicode>p. 1466. — „Venerabilis frater“.</Unicode>
        </TextEquiv>
      </TextLine>
      <TextLine id="eSc_line_7c2ce1fb" custom="structure {type:default;}">
        <Coords points="678,1340 676,1360 2638,1373 2642,1347 2640,1309 678,1307 678,1340"/>
        <Baseline points="678,1340 2642,1347"/>
        <TextEquiv conf="0.9980437502093699">
          <Unicode>10184 Monasterio S. Vincentii Silvanectensi altare Montiniaci, petente Balduino abbate,</Unicode>
        </TextEquiv>
      </TextLine>
      <TextLine id="eSc_line_6a4cfee6" custom="structure {type:default;}">
        <Coords points="150,1364 150,1384 207,1397 209,1397 212,1397 214,1397 238,1380 249,1375 331,1375 333,1358 329,1316 145,1305 150,1364"/>
        <Baseline points="150,1364 333,1358"/>
        <TextEquiv conf="0.9999743103981018">
          <Unicode>„ 7.</Unicode>
        </TextEquiv>
      </TextLine>
      <TextLine id="eSc_line_e9287441" custom="structure {type:default;}">
        <Coords points="472,1366 475,1413 499,1415 501,1415 503,1415 505,1415 539,1391 539,1362 532,1318 468,1325 472,1366"/>
        <Baseline points="472,1366 539,1362"/>
        <TextEquiv conf="1.0">
          <Unicode>„</Unicode>
        </TextEquiv>
      </TextLine>
      <TextLine id="eSc_line_c946ae51" custom="structure {type:default;}">
        <Coords points="724,1402 724,1422 2642,1417 2644,1397 2640,1369 1683,1358 1681,1358 1612,1369 1606,1371 722,1371 724,1402"/>
        <Baseline points="724,1402 2644,1397"/>
        <TextEquiv conf="0.9915504941233882">
          <Unicode>asserit. Ex autogr. in Arch. de IOise à Beauvais. Misit Delisle. — „Cum omnibus“.</Unicode>
        </TextEquiv>
      </TextLine>
      <TextLine id="eSc_line_09bbc4bd" custom="structure {type:default;}">
        <Coords points="676,1466 676,1488 2642,1490 2646,1459 2640,1426 673,1431 676,1466"/>
        <Baseline points="676,1466 2646,1459"/>
        <TextEquiv conf="0.9889526542495278">
          <Unicode>10185 Guifredo praeposito et fratribus ecclesiae S. Eustorgii (Mediolanensis) asserit</Unicode>
        </TextEquiv>
      </TextLine>
      <TextLine id="eSc_line_1d5880b8" custom="structure {type:default;}">
        <Coords points="152,1479 154,1503 205,1486 267,1495 307,1499 309,1499 311,1499 333,1488 333,1475 329,1442 260,1431 258,1431 256,1431 254,1431 238,1442 231,1444 150,1444 152,1479"/>
        <Baseline points="152,1479 333,1475"/>
        <TextEquiv conf="0.9814929217100143">
          <Unicode>„ 7.</Unicode>
        </TextEquiv>
      </TextLine>
      <TextLine id="eSc_line_9c081c3f" custom="structure {type:default;}">
        <Coords points="466,1486 466,1543 545,1541 545,1486 545,1446 466,1428 466,1486"/>
        <Baseline points="466,1486 545,1486"/>
        <TextEquiv conf="1.0">
          <Unicode>„</Unicode>
        </TextEquiv>
      </TextLine>
      <TextLine id="eSc_line_51b5775e" custom="structure {type:default;}">
        <Coords points="726,1519 726,1541 2640,1550 2642,1519 2642,1488 726,1488 726,1519"/>
        <Baseline points="726,1519 2642,1519"/>
        <TextEquiv conf="0.9914288261357476">
          <Unicode>hospitalem in suburbio portae Ticinensis a b. m. Robaldo, archiepiscopo Mediolanensi,</Unicode>
        </TextEquiv>
      </TextLine>
      <TextLine id="eSc_line_8682601a" custom="structure {type:default;}">
        <Coords points="726,1572 724,1587 797,1603 799,1605 961,1605 961,1603 963,1603 965,1603 978,1592 1031,1603 1034,1605 1184,1605 1184,1603 1186,1603 1188,1603 1206,1592 1533,1603 1535,1603 1537,1603 1568,1592 1687,1605 1690,1605 1794,1594 1875,1605 1877,1605 1880,1605 1917,1594 1944,1605 1946,1605 1948,1605 2642,1592 2644,1576 2644,1545 2629,1534 2626,1534 2624,1534 2439,1534 2436,1534 2434,1534 2410,1545 2317,1534 2315,1534 2258,1545 2132,1534 2129,1534 2127,1534 2087,1545 2043,1534 2041,1534 2039,1534 2037,1534 2010,1545 1986,1534 1984,1534 1981,1534 1906,1545 1904,1545 1902,1545 1847,1534 1844,1534 1747,1545 1741,1545 1736,1545 1679,1532 1676,1532 1564,1545 1433,1545 1416,1532 1414,1532 1411,1532 1409,1532 1303,1543 1301,1543 1299,1543 1237,1532 1235,1532 1232,1532 1230,1532 1212,1543 1210,1543 726,1543 726,1572"/>
        <Baseline points="726,1572 2644,1576"/>
        <TextEquiv conf="0.9938269680059408">
          <Unicode>concessam. Autogr. in tabul. reg. Mediolan. Ex schedis Jafféi: „VII. Id. Iun.“.</Unicode>
        </TextEquiv>
      </TextLine>
      <TextLine id="eSc_line_7b1f0474" custom="structure {type:default;}">
        <Coords points="731,1631 731,1649 1087,1660 1089,1660 1500,1647 1531,1647 1537,1647 1621,1658 1623,1658 1626,1658 1628,1658 1643,1647 1703,1658 1705,1658 1707,1658 1710,1658 1723,1647 1816,1658 1818,1658 1820,1658 1822,1658 1838,1645 1840,1645 1851,1645 1950,1656 1953,1658 2346,1658 2346,1656 2348,1656 2388,1643 2388,1625 2383,1596 729,1596 731,1631"/>
        <Baseline points="731,1631 2388,1625"/>
        <TextEquiv conf="0.9945011258125305">
          <Unicode>Wiener Sitzungsber. XCIV. 666: „VIII. id. Iun.“. — „Quotiens illud a“.</Unicode>
        </TextEquiv>
      </TextLine>
      <TextLine id="eSc_line_daca1113" custom="structure {type:default;}">
        <Coords points="676,1696 676,1720 2644,1711 2646,1689 2642,1662 673,1662 676,1696"/>
        <Baseline points="676,1696 2646,1689"/>
        <TextEquiv conf="0.9999754620187077">
          <Unicode>10186 (6938) Ecclesiam S. Vincentii Bergomatem tuendam suscipit et eius bona con-</Unicode>
        </TextEquiv>
      </TextLine>
      <TextLine id="eSc_line_f57e4089" custom="structure {type:default;}">
        <Coords points="150,1711 150,1737 181,1740 183,1740 185,1740 187,1740 196,1733 212,1722 243,1726 311,1737 313,1737 315,1737 318,1737 318,1735 335,1715 335,1704 329,1651 273,1654 271,1654 269,1654 269,1656 262,1660 243,1680 148,1680 150,1711"/>
        <Baseline points="150,1711 335,1704"/>
        <TextEquiv conf="0.9998795092105865">
          <Unicode>„ 8.</Unicode>
        </TextEquiv>
      </TextLine>
      <TextLine id="eSc_line_396712e1" custom="structure {type:default;}">
        <Coords points="466,1711 463,1720 475,1731 475,1733 477,1733 479,1733 481,1733 543,1720 545,1715 545,1678 497,1662 494,1662 492,1662 490,1662 466,1669 466,1711"/>
        <Baseline points="466,1711 545,1715"/>
        <TextEquiv conf="1.0">
          <Unicode>„</Unicode>
        </TextEquiv>
      </TextLine>
      <TextLine id="eSc_line_2b2027c6" custom="structure {type:default;}">
        <Coords points="724,1751 724,1773 1559,1784 1562,1784 1670,1771 1685,1771 1699,1771 1778,1782 1780,1782 1782,1782 1824,1771 1831,1771 1886,1771 2357,1782 2359,1782 2361,1782 2386,1771 2518,1782 2520,1782 2523,1782 2545,1771 2604,1782 2607,1782 2609,1782 2646,1768 2646,1746 2640,1718 722,1720 724,1751"/>
        <Baseline points="724,1751 2646,1746"/>
        <TextEquiv conf="0.9959592339280364">
          <Unicode>firmat, petente lohanne archipresbytero. Lupi C. D. Berg. II. 1149, Migne 188</Unicode>
        </TextEquiv>
      </TextLine>
      <TextLine id="eSc_line_6a4b7880" custom="structure {type:default;}">
        <Coords points="724,1808 724,1828 1011,1824 1020,1826 1051,1835 1053,1835 1056,1835 1230,1821 1254,1821 1257,1821 1265,1830 1265,1832 1268,1832 1270,1832 1272,1835 1369,1835 1369,1832 1372,1832 1418,1819 1418,1804 1414,1775 1069,1762 1067,1762 1064,1762 1062,1762 1040,1775 813,1764 810,1764 722,1777 724,1808"/>
        <Baseline points="724,1808 1418,1804"/>
        <TextEquiv conf="0.9871502156768527">
          <Unicode>p. 1466. — „Effectum iusta“.</Unicode>
        </TextEquiv>
      </TextLine>
      <TextLine id="eSc_line_e40e0f63" custom="structure {type:default;}">
        <Coords points="673,1870 673,1892 2644,1888 2646,1866 2640,1835 671,1835 673,1870"/>
        <Baseline points="673,1870 2646,1866"/>
        <TextEquiv conf="0.9964990225576219">
          <Unicode>10187 (6939) Canonicorum ecclesiae S. Mariae Pisanae possessiones et privilegia con-</Unicode>
        </TextEquiv>
      </TextLine>
      <TextLine id="eSc_line_6b1eb54a" custom="structure {type:default;}">
        <Coords points="152,1883 152,1905 159,1912 159,1914 161,1914 163,1914 165,1914 167,1914 170,1914 187,1903 192,1901 243,1903 247,1908 260,1919 260,1921 262,1921 265,1921 267,1921 335,1914 335,1879 333,1846 311,1832 309,1832 307,1832 240,1832 238,1832 236,1832 234,1832 234,1835 218,1850 218,1852 150,1852 152,1883"/>
        <Baseline points="152,1883 335,1879"/>
        <TextEquiv conf="0.9997830539941788">
          <Unicode>„ 9.</Unicode>
        </TextEquiv>
      </TextLine>
      <TextLine id="eSc_line_accfb8fd" custom="structure {type:default;}">
        <Coords points="470,1890 472,1932 541,1927 539,1885 532,1828 466,1837 470,1890"/>
        <Baseline points="470,1890 539,1885"/>
        <TextEquiv conf="0.9811892509460449">
          <Unicode>„</Unicode>
        </TextEquiv>
      </TextLine>
      <TextLine id="eSc_line_9e5673d0" custom="structure {type:default;}">
        <Coords points="724,1921 722,1941 857,1954 859,1954 1551,1945 1690,1956 1692,1956 2642,1945 2644,1925 2642,1894 724,1890 724,1921"/>
        <Baseline points="724,1921 2644,1925"/>
        <TextEquiv conf="0.9967219815021608">
          <Unicode>firmat. (Fragmentum.) Ughelli It. sacr. III. 397. Cf. Pflugk-Harttung Iter p. 255.</Unicode>
        </TextEquiv>
      </TextLine>
      <TextLine id="eSc_line_89cd1da5" custom="structure {type:default;}">
        <Coords points="698,1974 695,1989 782,2007 1020,2009 1022,2009 1025,2009 1027,2009 1042,1996 1064,2007 1067,2007 1069,2007 1204,1994 1206,1978 1204,1949 698,1945 698,1974"/>
        <Baseline points="698,1974 1206,1978"/>
        <TextEquiv conf="0.9883782920383272">
          <Unicode>— „Apostolice sedis“.</Unicode>
        </TextEquiv>
      </TextLine>
      <TextLine id="eSc_line_f19a6cfc" custom="structure {type:default;}">
        <Coords points="673,2047 673,2069 2644,2062 2646,2040 2642,2011 671,2007 673,2047"/>
        <Baseline points="673,2047 2646,2040"/>
        <TextEquiv conf="0.9998785018920898">
          <Unicode>10188 (6940) Eugenii III. sententiam de canonicorum S. Alexandri et S. Vincentii Ber-</Unicode>
        </TextEquiv>
      </TextLine>
      <TextLine id="eSc_line_a6875e47" custom="structure {type:default;}">
        <Coords points="150,2062 150,2073 265,2067 271,2067 307,2078 309,2078 311,2078 313,2078 315,2078 338,2064 338,2055 331,2009 148,2033 150,2062"/>
        <Baseline points="150,2062 338,2055"/>
        <TextEquiv conf="0.9999696910381317">
          <Unicode>„ 9.</Unicode>
        </TextEquiv>
      </TextLine>
      <TextLine id="eSc_line_c2242251" custom="structure {type:default;}">
        <Coords points="463,2064 461,2084 543,2100 547,2069 547,2040 463,2029 463,2064"/>
        <Baseline points="463,2064 547,2069"/>
        <TextEquiv conf="0.9999992847442627">
          <Unicode>„</Unicode>
        </TextEquiv>
      </TextLine>
      <TextLine id="eSc_line_e1636f8a" custom="structure {type:default;}">
        <Coords points="724,2102 724,2126 1526,2122 1581,2128 1612,2133 1615,2133 1617,2133 1626,2128 1646,2122 1866,2131 1908,2131 1911,2131 1924,2131 2017,2120 2129,2131 2140,2131 2143,2131 2145,2131 2167,2120 2470,2131 2478,2131 2481,2131 2483,2131 2505,2120 2640,2131 2644,2097 2638,2069 722,2071 724,2102"/>
        <Baseline points="724,2102 2644,2097"/>
        <TextEquiv conf="0.9926738793199713">
          <Unicode>gomatum controversia confirmat. Lupi C. D. Berg. II. 1151, Migne 188 p. 1468.</Unicode>
        </TextEquiv>
      </TextLine>
      <TextLine id="eSc_line_c7a0dd6b" custom="structure {type:default;}">
        <Coords points="724,2155 724,2175 799,2175 813,2186 813,2188 815,2188 817,2188 819,2188 927,2175 998,2188 1000,2188 1330,2186 1332,2186 1334,2186 1334,2184 1343,2177 1358,2186 1360,2186 1363,2186 1365,2186 1367,2186 1369,2186 1380,2175 1380,2155 1380,2128 724,2128 724,2155"/>
        <Baseline points="724,2155 1380,2155"/>
        <TextEquiv conf="0.999706541116421">
          <Unicode>— „Que a predecessoribus“.</Unicode>
        </TextEquiv>
      </TextLine>
      <TextLine id="eSc_line_5ba36d84" custom="structure {type:default;}">
        <Coords points="673,2221 673,2243 2642,2241 2644,2217 2640,2188 689,2179 687,2179 684,2179 682,2179 671,2186 673,2221"/>
        <Baseline points="673,2221 2644,2217"/>
        <TextEquiv conf="0.9994763538061854">
          <Unicode>10189 Capitulo Pisano scribit, controversiam eius cum monachis S. Ruxorii, de parte</Unicode>
        </TextEquiv>
      </TextLine>
      <TextLine id="eSc_line_8ad6eb60" custom="structure {type:default;}">
        <Coords points="150,2265 335,2270 338,2234 338,2195 289,2184 287,2184 285,2184 251,2188 207,2197 152,2181 150,2234 150,2265"/>
        <Baseline points="150,2234 338,2234"/>
        <TextEquiv conf="0.9534822702407837">
          <Unicode>„ 9.</Unicode>
        </TextEquiv>
      </TextLine>
      <TextLine id="eSc_line_884e0a2b" custom="structure {type:default;}">
        <Coords points="459,2243 459,2267 547,2270 550,2239 543,2186 455,2188 459,2243"/>
        <Baseline points="459,2243 550,2239"/>
        <TextEquiv conf="0.9995468258857727">
          <Unicode>„</Unicode>
        </TextEquiv>
      </TextLine>
      <TextLine id="eSc_line_9f7cf196" custom="structure {type:default;}">
        <Coords points="724,2276 724,2307 2644,2307 2646,2272 2640,2245 722,2248 724,2276"/>
        <Baseline points="724,2276 2646,2272"/>
        <TextEquiv conf="0.9947397128129617">
          <Unicode>quadam Tumuli agitatam, compositam esse. Pflugk-Harttung Iter p. 255. — „Sicut</Unicode>
        </TextEquiv>
      </TextLine>
      <TextLine id="eSc_line_b685631f" custom="structure {type:default;}">
        <Coords points="722,2334 722,2347 782,2365 784,2365 786,2365 892,2349 954,2360 956,2360 958,2360 1009,2340 1009,2327 1003,2294 720,2298 722,2334"/>
        <Baseline points="722,2334 1009,2327"/>
        <TextEquiv conf="0.9998043287884105">
          <Unicode>equum est“.</Unicode>
        </TextEquiv>
      </TextLine>
      <TextLine id="eSc_line_8ecf5f34" custom="structure {type:default;}">
        <Coords points="671,2396 671,2424 2646,2424 2646,2396 2646,2365 671,2365 671,2396"/>
        <Baseline points="671,2396 2646,2396"/>
        <TextEquiv conf="0.9980042081281363">
          <Unicode>10189a Udalrico, episcopo Halberstadensi, 1) mandat, ut „ad monasterium in Gernroda</Unicode>
        </TextEquiv>
      </TextLine>
      <TextLine id="eSc_line_b6433175" custom="structure {type:default;}">
        <Coords points="326,2338 326,2338 269,2340 267,2340 251,2347 198,2371 148,2362 150,2413 150,2453 207,2457 209,2457 212,2457 236,2446 243,2442 247,2444 265,2455 267,2455 269,2455 271,2455 273,2455 333,2435 333,2407 331,2404 326,2338"/>
        <Baseline points="150,2413 333,2407"/>
        <TextEquiv conf="0.9210460782051086">
          <Unicode>„ 11.</Unicode>
        </TextEquiv>
      </TextLine>
      <TextLine id="eSc_line_fbe33a01" custom="structure {type:default;}">
        <Coords points="448,2422 450,2455 550,2438 550,2413 543,2385 444,2393 448,2422"/>
        <Baseline points="448,2422 550,2413"/>
        <TextEquiv conf="0.9999998807907104">
          <Unicode>„</Unicode>
        </TextEquiv>
      </TextLine>
      <TextLine id="eSc_line_6a72765b" custom="structure {type:default;}">
        <Coords points="722,2451 722,2477 2642,2473 2644,2446 2638,2418 720,2420 722,2451"/>
        <Baseline points="722,2451 2644,2446"/>
        <TextEquiv conf="0.9973115761612736">
          <Unicode>assumptis sibi viris religiosis infra 40 dies post susceptionem litterarum praesentium</Unicode>
        </TextEquiv>
      </TextLine>
      <TextLine id="eSc_line_9db01448" custom="structure {type:default;}">
        <Coords points="722,2508 722,2530 2642,2528 2644,2504 2640,2477 1712,2466 1710,2466 1608,2477 830,2468 828,2468 720,2479 722,2508"/>
        <Baseline points="722,2508 2644,2504"/>
        <TextEquiv conf="0.9931835915361132">
          <Unicode>accedat, et si abbatissa, inutilis et perniciosa, ut dicatur; inventa fuerit, eandem</Unicode>
        </TextEquiv>
      </TextLine>
      <TextLine id="eSc_line_7c3deec2" custom="structure {type:default;}">
        <Coords points="722,2561 722,2583 2644,2583 2644,2561 2644,2535 722,2535 722,2561"/>
        <Baseline points="722,2561 2644,2561"/>
        <TextEquiv conf="0.9965427854481865">
          <Unicode>removeat et cum consilio religiosorum et electione sororum aliam substituat“; 2) sta-</Unicode>
        </TextEquiv>
      </TextLine>
      <TextLine id="eSc_line_ca0d9d90" custom="structure {type:default;}">
        <Coords points="724,2619 724,2643 2642,2638 2644,2614 2638,2583 722,2585 724,2619"/>
        <Baseline points="724,2619 2644,2614"/>
        <TextEquiv conf="0.9960107322198799">
          <Unicode>tuit, „ut praepositus eiusdem loci temporalia disponenda a monasterii episcopo more</Unicode>
        </TextEquiv>
      </TextLine>
      <TextLine id="eSc_line_8ed5bfcf" custom="structure {type:default;}">
        <Coords points="722,2674 722,2696 2642,2689 2644,2667 2638,2638 720,2645 722,2674"/>
        <Baseline points="722,2674 2644,2667"/>
        <TextEquiv conf="0.9994772098413328">
          <Unicode>consueto recipiat, ita tamen ut monialibus istis idem praepositus iuxta facultates</Unicode>
        </TextEquiv>
      </TextLine>
      <TextLine id="eSc_line_34ca9159" custom="structure {type:default;}">
        <Coords points="722,2727 722,2749 2644,2749 2644,2727 2644,2700 722,2700 722,2727"/>
        <Baseline points="722,2727 2644,2727"/>
        <TextEquiv conf="0.9989122013713039">
          <Unicode>ecclesiae sufficienter necessaria subministret. Ipse vero praepositus in spiritualibus</Unicode>
        </TextEquiv>
      </TextLine>
      <TextLine id="eSc_line_add9361a" custom="structure {type:default;}">
        <Coords points="722,2782 722,2806 2642,2804 2644,2778 2640,2751 720,2751 722,2782"/>
        <Baseline points="722,2782 2644,2778"/>
        <TextEquiv conf="0.9937419482441836">
          <Unicode>humiliter episcopo obediat, abbatissa in claustro religioni providente; 3) ut „abbates</Unicode>
        </TextEquiv>
      </TextLine>
      <TextLine id="eSc_line_0d33933d" custom="structure {type:default;}">
        <Coords points="722,2837 722,2862 2642,2857 2644,2833 2638,2804 720,2806 722,2837"/>
        <Baseline points="722,2837 2644,2833"/>
        <TextEquiv conf="0.9940282127191854">
          <Unicode>Cisterciensis ordinis occasione privilegiorum Romanorum pontificum de fundis ac villis</Unicode>
        </TextEquiv>
      </TextLine>
      <TextLine id="eSc_line_df99bc2e" custom="structure {type:default;}">
        <Coords points="724,2890 724,2912 2450,2921 2452,2921 2644,2908 2644,2886 2638,2859 722,2862 724,2890"/>
        <Baseline points="724,2890 2644,2886"/>
        <TextEquiv conf="0.9928487735636095">
          <Unicode>emptis, de quibus olim decimas iuste habere consueverit, ipsas episcopo nulla ratione</Unicode>
        </TextEquiv>
      </TextLine>
      <TextLine id="eSc_line_a17c15f2" custom="structure {type:default;}">
        <Coords points="722,2950 722,2972 2640,2963 2642,2941 2638,2915 1681,2906 1679,2906 1676,2906 1674,2906 1654,2917 1208,2908 1206,2908 1091,2919 773,2910 771,2910 720,2921 722,2950"/>
        <Baseline points="722,2950 2642,2941"/>
        <TextEquiv conf="0.9998983806226311">
          <Unicode>subtrahant; nos enim“ inquit „religiosis viris decimas novalium solum duximus con-</Unicode>
        </TextEquiv>
      </TextLine>
      <TextLine id="eSc_line_8d24b2d0" custom="structure {type:default;}">
        <Coords points="722,3001 722,3027 2640,3027 2642,2994 2635,2968 720,2972 722,3001"/>
        <Baseline points="722,3001 2642,2994"/>
        <TextEquiv conf="0.9987593255465543">
          <Unicode>cedendas; 4) ut „moniales iuxta Huysborg, iuxta monachos circa eandem ecclesiam</Unicode>
        </TextEquiv>
      </TextLine>
      <TextLine id="eSc_line_93776863" custom="structure {type:default;}">
        <Coords points="722,3056 722,3078 2640,3082 2642,3056 2642,3027 722,3027 722,3056"/>
        <Baseline points="722,3056 2642,3056"/>
        <TextEquiv conf="0.9960994443228078">
          <Unicode>noviter habitantes, a monachis amoveantur“; 5) „clerici de claustro proprio fugientes,</Unicode>
        </TextEquiv>
      </TextLine>
      <TextLine id="eSc_line_0a979eb7" custom="structure {type:default;}">
        <Coords points="724,3113 724,3135 2640,3133 2642,3107 2635,3080 722,3085 724,3113"/>
        <Baseline points="724,3113 2642,3107"/>
        <TextEquiv conf="0.9948509686133441">
          <Unicode>qui dum extra sint, ordines canonice receperint, post peractam condignam poenitentiam</Unicode>
        </TextEquiv>
      </TextLine>
      <TextLine id="eSc_line_70109f98" custom="structure {type:default;}">
        <Coords points="724,3166 724,3188 2640,3186 2642,3157 2635,3131 722,3135 724,3166"/>
        <Baseline points="724,3166 2642,3157"/>
        <TextEquiv conf="0.9909430502474993">
          <Unicode>in iisdem ordinibus remaneant“; 6) „clerici vero a laicis ecclesias nulla ratione reci-</Unicode>
        </TextEquiv>
      </TextLine>
      <TextLine id="eSc_line_5227dc2d" custom="structure {type:default;}">
        <Coords points="722,3221 722,3252 2638,3237 2640,3213 2633,3184 720,3191 722,3221"/>
        <Baseline points="722,3221 2640,3213"/>
        <TextEquiv conf="0.9961121867342693">
          <Unicode>piant“. 7) Haec addit: „Statuimus insuper, ut litteris, quas preterito anno caris-</Unicode>
        </TextEquiv>
      </TextLine>
      <TextLine id="eSc_line_c60178d4" custom="structure {type:default;}">
        <Coords points="722,3272 720,3290 2633,3301 2638,3277 2635,3244 722,3239 722,3272"/>
        <Baseline points="722,3272 2638,3277"/>
        <TextEquiv conf="0.9928181284949893">
          <Unicode>simo in Christi filio nostro, Friderico Romanorum imperatori, contra te concessimus,</Unicode>
        </TextEquiv>
      </TextLine>
      <TextLine id="eSc_line_277efc27" custom="structure {type:default;}">
        <Coords points="724,3330 724,3354 2638,3354 2640,3323 2633,3297 722,3299 724,3330"/>
        <Baseline points="724,3330 2640,3323"/>
        <TextEquiv conf="0.9896443266978209">
          <Unicode>officio tuo tibi plenarie restituto, de cetero astrictus nullatenus teneraris“. Schmidt</Unicode>
        </TextEquiv>
      </TextLine>
      <TextLine id="eSc_line_7ceb44b8" custom="structure {type:default;}">
        <Coords points="724,3383 724,3407 2635,3409 2640,3378 2633,3350 722,3350 724,3383"/>
        <Baseline points="724,3383 2640,3378"/>
        <TextEquiv conf="0.9966445915400982">
          <Unicode>Urk. d. Hochstifts Halberst. I. 215, Heinemann Cod. dipl. Anhalt. V. 291. (Huius</Unicode>
        </TextEquiv>
      </TextLine>
      <TextLine id="eSc_line_fd608a6f" custom="structure {type:default;}">
        <Coords points="722,3440 722,3462 2633,3464 2635,3433 2631,3405 2255,3394 2253,3394 720,3407 722,3440"/>
        <Baseline points="722,3440 2635,3433"/>
        <TextEquiv conf="0.9963322371244431">
          <Unicode>epistolae partiunculam in alio praeterea libro moderno inveni, cuius titulum iam</Unicode>
        </TextEquiv>
      </TextLine>
      <TextLine id="eSc_line_e01596ff" custom="structure {type:default;}">
        <Coords points="724,3495 724,3551 790,3551 790,3548 793,3548 795,3548 795,3546 810,3533 996,3544 998,3544 1062,3533 1089,3546 1091,3546 1093,3546 1159,3539 1239,3548 1270,3553 1272,3553 1274,3553 1283,3548 1330,3531 1482,3548 1497,3551 1500,3551 1526,3548 1665,3539 1891,3548 1893,3491 1886,3462 722,3464 724,3495"/>
        <Baseline points="724,3495 1893,3491"/>
        <TextEquiv conf="0.9562723454163999">
          <Unicode>nom recordari me piget.) — „„ Fraternitati tuae“.</Unicode>
        </TextEquiv>
      </TextLine>
    </TextRegion>
    <TextRegion id="eSc_textblock_851ee647"  custom="structure {type:default;}">
      <Coords points="974,141 1816,141 1851,150 1860,227 927,245 919,150 974,141"/>
      <TextLine id="eSc_line_c6823ea5" custom="structure {type:default;}">
        <Coords points="936,214 936,245 1164,251 1166,251 1241,240 1296,231 1475,231 1486,234 1526,249 1528,249 1531,249 1630,231 1648,229 1654,231 1692,247 1694,247 1696,249 1778,249 1778,247 1780,247 1831,227 1831,207 1827,167 1754,152 1752,152 1749,152 1747,152 1732,165 1732,167 1612,167 1610,165 1592,150 1590,150 1588,150 1586,150 1500,163 1475,167 1442,163 1352,152 1349,152 1347,152 1345,152 1330,163 1321,167 1288,163 1219,152 1166,152 1164,152 1162,152 1159,152 1159,154 1151,161 1144,167 1098,161 1031,152 1029,152 934,159 936,214"/>
        <Baseline points="936,214 1831,207"/>
        <TextEquiv conf="0.9998292997479439">
          <Unicode>HADRIANUS IV. 1154—1159.</Unicode>
        </TextEquiv>
      </TextLine>
    </TextRegion>
    <TextRegion id="eSc_textblock_e5e4efbb"  custom="structure {type:default;}">
      <Coords points="2527,150 2688,159 2688,227 2523,253 2527,150"/>
      <TextLine id="eSc_line_aad157e3" custom="structure {type:default;}">
        <Coords points="2589,152 2576,152 2531,167 2525,183 2527,220 2527,234 2585,245 2587,245 2649,229 2649,216 2644,165 2598,152 2589,152"/>
        <Baseline points="2527,220 2649,216"/>
        <TextEquiv conf="1.0">
          <Unicode>119</Unicode>
        </TextEquiv>
      </TextLine>
    </TextRegion>
  </Page>
</PcGts>
