<?xml version="1.0" encoding="UTF-8"  standalone="yes"?>
<PcGts xmlns="http://schema.primaresearch.org/PAGE/gts/pagecontent/2019-07-15" xmlns:xsi="http://www.w3.org/2001/XMLSchema-instance" xsi:schemaLocation="http://schema.primaresearch.org/PAGE/gts/pagecontent/2019-07-15 http://schema.primaresearch.org/PAGE/gts/pagecontent/2019-07-15/pagecontent.xsd">
  <Metadata externalRef="pdf//regestapontificu02cath.pdf">
	<Creator>escriptorium</Creator>
	<Created>2026-01-31T10:22:18.060177+00:00</Created>
        <LastChange>2026-02-05T07:37:36.446749+00:00</LastChange>
  </Metadata>
  <Page imageFilename="regestapontificu02cath.pdf_page_63.png" imageWidth="3007" imageHeight="3975">
    <TextRegion id="eSc_textblock_3063c965"  custom="structure {type:default;}">
      <Coords points="720,335 2706,335 2688,3584 2514,3584 2414,3619 751,3601 671,3548 669,3160 642,3531 406,3522 386,3151 360,3531 159,3522 114,3133 114,441 167,362 342,353 377,379 395,1961 406,362 669,371 720,335"/>
      <TextLine id="eSc_line_d0132f68" custom="structure {type:default;}">
        <Coords points="2286,335 2264,335 2242,335 2220,335 2198,335 2176,335 2154,335 2132,335 2109,335 2087,335 2065,335 2043,335 2021,335 1999,335 1977,335 1955,335 1944,335 1886,344 1882,344 1880,344 1849,335 1844,335 1822,335 1800,335 1778,335 1774,335 1661,344 1646,335 1646,335 1623,335 1604,335 1564,342 1396,335 1380,335 1358,335 1336,335 1330,335 1312,346 1310,348 1285,346 1142,335 1140,335 1137,335 1106,348 1104,348 1091,348 996,340 994,340 992,340 965,348 961,351 956,348 936,340 934,340 932,340 850,348 830,351 813,348 711,337 695,348 673,364 676,397 676,417 790,430 793,430 795,430 797,430 817,417 819,417 826,417 866,426 868,426 956,417 996,415 1040,417 1173,428 1175,428 1268,417 1312,412 1358,417 1431,426 1433,426 1513,417 1539,415 1564,417 1617,424 1619,424 1621,424 1643,417 1668,410 1727,417 1789,424 1791,424 1997,421 1999,421 2001,421 2008,417 2019,408 2054,417 2079,421 2081,421 2112,417 2160,408 2224,417 2266,421 2269,421 2596,415 2596,384 2591,342 2291,335 2286,335"/>
        <Baseline points="676,397 2596,384"/>
        <TextEquiv conf="0.9767346032137094">
          <Unicode>1148. (Ind. 11. — 25. Sept. — 12, pont. a. 3. — 18. Eadlr. — 4. 11(7. 25. Mact. 1178.)</Unicode>
        </TextEquiv>
      </TextLine>
      <TextLine id="eSc_line_73b555a8" custom="structure {type:default;}">
        <Coords points="150,465 150,483 214,499 216,499 218,499 236,494 271,485 291,501 298,507 300,507 302,507 368,510 371,465 368,412 256,421 150,406 150,465"/>
        <Baseline points="150,465 371,465"/>
        <TextEquiv conf="0.997986875474453">
          <Unicode>Lan. 13.</Unicode>
        </TextEquiv>
      </TextLine>
      <TextLine id="eSc_line_db3411e4" custom="structure {type:default;}">
        <Coords points="433,461 433,541 475,541 475,538 477,538 479,538 479,536 488,530 501,514 592,496 634,503 636,461 634,408 543,410 433,388 433,461"/>
        <Baseline points="433,461 636,461"/>
        <TextEquiv conf="0.8680689856410027">
          <Unicode>Paevert.</Unicode>
        </TextEquiv>
      </TextLine>
      <TextLine id="eSc_line_9eb7af10" custom="structure {type:default;}">
        <Coords points="702,457 702,485 2677,485 2680,452 2675,421 1800,410 1798,410 1685,421 952,412 950,412 700,424 702,457"/>
        <Baseline points="702,457 2680,452"/>
        <TextEquiv conf="0.9981125579638914">
          <Unicode>ecclesiam S. Matthiae dedicat. Vide relat. ap. Acta SS. Febr. T. III. 453, Gesta Trevir.</Unicode>
        </TextEquiv>
      </TextLine>
      <TextLine id="eSc_line_bcd83f5b" custom="structure {type:default;}">
        <Coords points="755,512 755,530 1555,534 1559,507 1555,477 802,468 799,468 797,468 753,479 755,512"/>
        <Baseline points="755,512 1559,507"/>
        <TextEquiv conf="0.9999204482883215">
          <Unicode>cont. c. 7 in MG. SS. XXIV. 378.</Unicode>
        </TextEquiv>
      </TextLine>
      <TextLine id="eSc_line_3bd808e9" custom="structure {type:default;}">
        <Coords points="187,574 187,600 198,609 201,609 203,609 205,609 207,609 209,609 209,607 218,600 234,587 269,587 360,607 364,569 357,532 185,541 187,574"/>
        <Baseline points="187,574 364,569"/>
        <TextEquiv conf="1.0">
          <Unicode>„ 20.</Unicode>
        </TextEquiv>
      </TextLine>
      <TextLine id="eSc_line_c173770b" custom="structure {type:default;}">
        <Coords points="490,589 490,622 583,609 583,589 581,556 490,556 490,589"/>
        <Baseline points="490,589 583,589"/>
        <TextEquiv conf="1.0">
          <Unicode>„</Unicode>
        </TextEquiv>
      </TextLine>
      <TextLine id="eSc_line_0c7c3537" custom="structure {type:default;}">
        <Coords points="704,569 704,591 2677,587 2680,560 2675,532 1204,525 1201,525 1199,525 1197,525 1184,536 720,527 718,527 715,527 713,527 702,534 704,569"/>
        <Baseline points="704,569 2680,560"/>
        <TextEquiv conf="0.9938856323113602">
          <Unicode>9174 (6377) Monasterii Lacensis protectionem suscipit, possessionesque confirmat, petente</Unicode>
        </TextEquiv>
      </TextLine>
      <TextLine id="eSc_line_25509c77" custom="structure {type:default;}">
        <Coords points="757,622 757,644 2677,638 2680,616 2675,587 779,580 777,580 775,580 755,589 757,622"/>
        <Baseline points="757,622 2680,616"/>
        <TextEquiv conf="0.9939983970978681">
          <Unicode>Gisleberto abbate. Güinther Cod. dipl. Rh. Mosel. I. 303, Beyer M. U. I. 602, Heine--</Unicode>
        </TextEquiv>
      </TextLine>
      <TextLine id="eSc_line_b86f5116" custom="structure {type:default;}">
        <Coords points="757,677 757,697 2613,693 2615,673 2609,642 755,644 757,677"/>
        <Baseline points="757,677 2615,673"/>
        <TextEquiv conf="0.9999409534714438">
          <Unicode>mann C. D. Anhalt. I. 256, Migne 180 p. 1301. — „Piae postulatio voluntatis“.</Unicode>
        </TextEquiv>
      </TextLine>
      <TextLine id="eSc_line_bdbd97b8" custom="structure {type:default;}">
        <Coords points="185,753 185,775 214,781 216,781 218,781 251,768 267,761 273,766 289,779 291,779 293,779 296,779 344,777 346,777 349,777 349,775 364,757 364,746 360,717 298,706 296,706 183,722 185,753"/>
        <Baseline points="185,753 364,746"/>
        <TextEquiv conf="0.999969744682312">
          <Unicode>„ 20.</Unicode>
        </TextEquiv>
      </TextLine>
      <TextLine id="eSc_line_c9cd58c0" custom="structure {type:default;}">
        <Coords points="492,766 492,797 536,808 539,808 541,808 587,786 587,761 581,722 490,735 492,766"/>
        <Baseline points="492,766 587,761"/>
        <TextEquiv conf="1.0">
          <Unicode>„</Unicode>
        </TextEquiv>
      </TextLine>
      <TextLine id="eSc_line_b7ed39f8" custom="structure {type:default;}">
        <Coords points="707,746 707,768 2675,759 2677,737 2671,702 704,711 707,746"/>
        <Baseline points="707,746 2677,737"/>
        <TextEquiv conf="0.9999991865719066">
          <Unicode>9175 Monasterii Savignciensis protectionem suscipit, possessionesque ac decimarum im-</Unicode>
        </TextEquiv>
      </TextLine>
      <TextLine id="eSc_line_5e90c51d" custom="structure {type:default;}">
        <Coords points="757,801 757,823 2675,814 2677,792 2673,761 788,757 786,757 784,757 755,768 757,801"/>
        <Baseline points="757,801 2677,792"/>
        <TextEquiv conf="0.9932892831360421">
          <Unicode>munitatem confirmat, petente Serlone abbate. Cartulaire de Savigny s. XIII. f. 152</Unicode>
        </TextEquiv>
      </TextLine>
      <TextLine id="eSc_line_4a4a69bf" custom="structure {type:default;}">
        <Coords points="757,854 757,872 1058,883 1060,883 1175,872 1177,872 1179,872 1217,883 1219,883 1221,883 1224,883 1246,872 1268,883 1270,883 1272,883 1732,870 1741,870 1756,881 1758,881 1760,881 1763,883 1886,883 1886,881 1988,878 1990,878 1992,878 2003,867 2006,867 2017,867 2143,878 2145,878 2229,867 2231,867 2253,878 2255,878 2258,881 2406,881 2406,878 2408,878 2452,865 2452,848 2448,819 1886,808 1884,808 1774,819 1372,810 1369,810 1316,821 773,812 771,812 768,812 766,812 755,819 757,854"/>
        <Baseline points="757,854 2452,848"/>
        <TextEquiv conf="0.992625226437206">
          <Unicode>in Arch. dép. de la Manche in St.-L6. — „Religiosis desideriis dignum“.</Unicode>
        </TextEquiv>
      </TextLine>
      <TextLine id="eSc_line_92efea47" custom="structure {type:default;}">
        <Coords points="185,927 185,947 267,938 282,940 340,951 342,951 344,951 346,951 366,934 366,923 364,896 326,881 324,881 282,881 280,881 278,881 276,881 258,894 251,898 183,894 185,927"/>
        <Baseline points="185,927 366,923"/>
        <TextEquiv conf="0.9999999046325684">
          <Unicode>„ 20.</Unicode>
        </TextEquiv>
      </TextLine>
      <TextLine id="eSc_line_79781af6" custom="structure {type:default;}">
        <Coords points="486,940 486,967 530,984 532,984 534,984 536,984 585,958 585,936 578,874 481,887 486,940"/>
        <Baseline points="486,940 585,936"/>
        <TextEquiv conf="1.0">
          <Unicode>„</Unicode>
        </TextEquiv>
      </TextLine>
      <TextLine id="eSc_line_e782c567" custom="structure {type:default;}">
        <Coords points="704,923 704,942 2677,936 2680,916 2675,885 1363,876 1360,876 1259,887 720,878 718,878 715,878 713,878 702,885 704,923"/>
        <Baseline points="704,923 2680,916"/>
        <TextEquiv conf="0.9968023544334503">
          <Unicode>9176 Isembaldo abbate Gorziensi petente, confirmat sententiam inter Guarnerum, eius</Unicode>
        </TextEquiv>
      </TextLine>
      <TextLine id="eSc_line_0da2feca" custom="structure {type:default;}">
        <Coords points="757,978 757,1004 2677,989 2680,969 2675,942 1237,936 1235,936 1232,936 1206,947 863,938 861,938 755,949 757,978"/>
        <Baseline points="757,978 2680,969"/>
        <TextEquiv conf="0.9961929399716226">
          <Unicode>praedecessorem, et Wethelonem, advocatum Amellae, super ipsa villa a Poppone</Unicode>
        </TextEquiv>
      </TextLine>
      <TextLine id="eSc_line_5b2818eb" custom="structure {type:default;}">
        <Coords points="755,1029 755,1051 2677,1057 2680,1029 2680,1000 755,1000 755,1029"/>
        <Baseline points="755,1029 2680,1029"/>
        <TextEquiv conf="0.992901594607861">
          <Unicode>quondam episcopo Metensi latam. Pflugk-Harttung Acta I. 200. — „Sicut iniusta</Unicode>
        </TextEquiv>
      </TextLine>
      <TextLine id="eSc_line_d7cffd09" custom="structure {type:default;}">
        <Coords points="755,1086 755,1108 1060,1108 1060,1086 1060,1055 755,1055 755,1086"/>
        <Baseline points="755,1086 1060,1086"/>
        <TextEquiv conf="0.9769364916361295">
          <Unicode>poscentibus“.</Unicode>
        </TextEquiv>
      </TextLine>
      <TextLine id="eSc_line_c7e1355c" custom="structure {type:default;}">
        <Coords points="183,1159 183,1177 267,1170 287,1172 340,1183 342,1183 344,1183 346,1183 366,1170 366,1154 362,1119 282,1113 280,1113 278,1113 276,1113 276,1115 265,1124 258,1130 181,1130 183,1159"/>
        <Baseline points="183,1159 366,1154"/>
        <TextEquiv conf="0.9999999523162841">
          <Unicode>„ 27.</Unicode>
        </TextEquiv>
      </TextLine>
      <TextLine id="eSc_line_ac2b4c81" custom="structure {type:default;}">
        <Coords points="490,1172 490,1219 523,1234 525,1234 528,1234 530,1234 578,1219 578,1172 576,1113 490,1124 490,1172"/>
        <Baseline points="490,1172 578,1172"/>
        <TextEquiv conf="0.9999991655349731">
          <Unicode>„</Unicode>
        </TextEquiv>
      </TextLine>
      <TextLine id="eSc_line_03fc3218" custom="structure {type:default;}">
        <Coords points="704,1152 704,1172 2680,1166 2680,1146 2675,1115 1372,1106 1369,1106 1367,1106 1365,1106 1352,1117 720,1108 718,1108 715,1108 713,1108 702,1115 704,1152"/>
        <Baseline points="704,1152 2680,1146"/>
        <TextEquiv conf="0.9937504246121361">
          <Unicode>9177 (6378) Monasterium S. Petri (in nigra silva) tuendum suscipit et eius bona con-</Unicode>
        </TextEquiv>
      </TextLine>
      <TextLine id="eSc_line_39c4a9ca" custom="structure {type:default;}">
        <Coords points="753,1207 753,1230 2675,1225 2677,1199 2673,1166 1235,1166 1232,1166 1122,1177 768,1168 766,1168 764,1168 762,1168 751,1174 753,1207"/>
        <Baseline points="753,1207 2677,1199"/>
        <TextEquiv conf="0.9978820299490904">
          <Unicode>firmat, petente Adelberto priore. Dümgé Reg. Bad. p. 137. — „Apostolicae sedis</Unicode>
        </TextEquiv>
      </TextLine>
      <TextLine id="eSc_line_9385ab72" custom="structure {type:default;}">
        <Coords points="751,1260 751,1276 883,1287 885,1287 1036,1272 1038,1256 1031,1230 748,1232 751,1260"/>
        <Baseline points="751,1260 1038,1256"/>
        <TextEquiv conf="0.9999999908300546">
          <Unicode>auctoritate“.</Unicode>
        </TextEquiv>
      </TextLine>
      <TextLine id="eSc_line_02920609" custom="structure {type:default;}">
        <Coords points="185,1327 185,1344 362,1351 364,1322 357,1276 183,1289 185,1327"/>
        <Baseline points="185,1327 364,1322"/>
        <TextEquiv conf="0.9999999046325684">
          <Unicode>„ 28.</Unicode>
        </TextEquiv>
      </TextLine>
      <TextLine id="eSc_line_bc5ee947" custom="structure {type:default;}">
        <Coords points="490,1336 490,1395 510,1408 512,1408 514,1408 517,1408 519,1408 574,1393 574,1336 574,1307 490,1307 490,1336"/>
        <Baseline points="490,1336 574,1336"/>
        <TextEquiv conf="1.0">
          <Unicode>„</Unicode>
        </TextEquiv>
      </TextLine>
      <TextLine id="eSc_line_322d8c47" custom="structure {type:default;}">
        <Coords points="704,1316 704,1338 2675,1342 2677,1316 2677,1285 704,1285 704,1316"/>
        <Baseline points="704,1316 2677,1316"/>
        <TextEquiv conf="0.9963436553424055">
          <Unicode>9178 (6379) Monasterii Heilsbronnensis protectionem suscipit, possessionesque confirmat,</Unicode>
        </TextEquiv>
      </TextLine>
      <TextLine id="eSc_line_add6a695" custom="structure {type:default;}">
        <Coords points="757,1373 757,1402 2675,1393 2677,1366 2673,1336 824,1331 821,1331 755,1342 757,1373"/>
        <Baseline points="757,1373 2677,1366"/>
        <TextEquiv conf="0.9973045705180419">
          <Unicode>petente Raboto abbate. Hocker Supplem. zum Heilsbr. Antiqu. II. 74. — „Desi-</Unicode>
        </TextEquiv>
      </TextLine>
      <TextLine id="eSc_line_706df71a" custom="structure {type:default;}">
        <Coords points="753,1426 753,1444 925,1457 927,1457 930,1457 932,1457 932,1455 943,1446 956,1457 958,1457 961,1457 963,1457 1175,1439 1177,1422 1170,1395 751,1397 753,1426"/>
        <Baseline points="753,1426 1177,1422"/>
        <TextEquiv conf="0.9999967042137595">
          <Unicode>derium, quod ad“.</Unicode>
        </TextEquiv>
      </TextLine>
      <TextLine id="eSc_line_37544c6a" custom="structure {type:default;}">
        <Coords points="183,1503 185,1530 245,1514 280,1519 333,1525 335,1525 338,1525 340,1525 364,1510 364,1497 357,1428 311,1431 309,1431 307,1431 291,1444 256,1475 181,1475 183,1503"/>
        <Baseline points="183,1503 364,1497"/>
        <TextEquiv conf="0.9468517184257508">
          <Unicode>„ 28.</Unicode>
        </TextEquiv>
      </TextLine>
      <TextLine id="eSc_line_95644144" custom="structure {type:default;}">
        <Coords points="499,1506 499,1565 596,1572 598,1506 598,1450 499,1450 499,1506"/>
        <Baseline points="499,1506 598,1506"/>
        <TextEquiv conf="1.0">
          <Unicode>„</Unicode>
        </TextEquiv>
      </TextLine>
      <TextLine id="eSc_line_f7a8380c" custom="structure {type:default;}">
        <Coords points="702,1495 702,1517 2675,1508 2677,1486 2671,1455 700,1461 702,1495"/>
        <Baseline points="702,1495 2677,1486"/>
        <TextEquiv conf="0.9996396461165095">
          <Unicode>9179 (6380) Monasterii Ebracensis protectionem suscipit, bonaque confirmat, petente</Unicode>
        </TextEquiv>
      </TextLine>
      <TextLine id="eSc_line_6b594e1d" custom="structure {type:default;}">
        <Coords points="757,1552 757,1574 2673,1574 2675,1543 2671,1514 2459,1514 2425,1501 2423,1501 2421,1501 2191,1514 2169,1503 2167,1503 2165,1503 2163,1503 2138,1514 1972,1503 1970,1503 1902,1514 1818,1503 1816,1503 1813,1503 1767,1514 1718,1503 1716,1503 1714,1503 1712,1503 1663,1517 1604,1506 1601,1506 1506,1517 1491,1506 1489,1506 1486,1506 1484,1506 1365,1517 1237,1506 1235,1506 1175,1519 1144,1508 1142,1508 1140,1508 852,1519 777,1508 775,1508 773,1508 771,1508 755,1517 757,1552"/>
        <Baseline points="757,1552 2675,1543"/>
        <TextEquiv conf="0.9886433281004429">
          <Unicode>Ada abbate. Pflugk-Harttung Acta II. 347, (Lang Regesta I. 191, cf. Brev. notit.</Unicode>
        </TextEquiv>
      </TextLine>
      <TextLine id="eSc_line_125e5cba" custom="structure {type:default;}">
        <Coords points="751,1603 751,1623 1018,1634 1020,1634 1022,1634 1025,1634 1036,1623 1073,1634 1075,1634 1078,1634 1080,1634 1115,1623 1117,1623 1186,1634 1188,1634 1190,1634 1237,1623 1246,1620 1254,1620 1307,1631 1310,1631 1741,1618 1743,1598 1738,1572 1343,1561 1341,1561 748,1574 751,1603"/>
        <Baseline points="751,1603 1743,1598"/>
        <TextEquiv conf="0.9992228252131764">
          <Unicode>mon. Ebrac. p. 67). — „Quotiens illud a“.</Unicode>
        </TextEquiv>
      </TextLine>
      <TextLine id="eSc_line_949562b5" custom="structure {type:default;}">
        <Coords points="178,1678 178,1698 267,1687 273,1691 282,1700 282,1702 285,1702 287,1702 289,1704 340,1704 340,1702 342,1702 344,1702 344,1700 362,1682 362,1673 360,1643 329,1629 326,1629 324,1629 278,1638 249,1645 176,1636 178,1678"/>
        <Baseline points="178,1678 362,1673"/>
        <TextEquiv conf="1.0">
          <Unicode>„ 28.</Unicode>
        </TextEquiv>
      </TextLine>
      <TextLine id="eSc_line_06dea753" custom="structure {type:default;}">
        <Coords points="499,1684 499,1689 534,1704 536,1704 539,1704 541,1704 581,1687 581,1680 574,1654 497,1656 499,1684"/>
        <Baseline points="499,1684 581,1680"/>
        <TextEquiv conf="0.9999803304672241">
          <Unicode>„)</Unicode>
        </TextEquiv>
      </TextLine>
      <TextLine id="eSc_line_43ff081a" custom="structure {type:default;}">
        <Coords points="702,1667 702,1691 2677,1691 2677,1667 2677,1638 702,1638 702,1667"/>
        <Baseline points="702,1667 2677,1667"/>
        <TextEquiv conf="0.9958875900091126">
          <Unicode>9180 Ecclesiae S. Mariae Magdalenae Virdunensis tutelam suscipit, possessionesque con-</Unicode>
        </TextEquiv>
      </TextLine>
      <TextLine id="eSc_line_ab1da6e1" custom="structure {type:default;}">
        <Coords points="753,1729 753,1749 2673,1746 2675,1722 2671,1693 766,1687 764,1687 762,1687 760,1687 751,1693 753,1729"/>
        <Baseline points="753,1729 2675,1722"/>
        <TextEquiv conf="0.9874659561249147">
          <Unicode>firmat, petente Andrea praeposito. In bibl. nat. Paris. Coll. Moreau t. 63. f. 151.</Unicode>
        </TextEquiv>
      </TextLine>
      <TextLine id="eSc_line_8d1b0414" custom="structure {type:default;}">
        <Coords points="755,1782 755,1797 903,1810 905,1810 1067,1797 1215,1806 1217,1806 1219,1806 1274,1790 1274,1775 1268,1746 753,1751 755,1782"/>
        <Baseline points="755,1782 1274,1775"/>
        <TextEquiv conf="0.9779852259726751">
          <Unicode>— „Quotiens illud a“.</Unicode>
        </TextEquiv>
      </TextLine>
      <TextLine id="eSc_line_9df3baae" custom="structure {type:default;}">
        <Coords points="178,1855 178,1870 260,1863 265,1866 278,1877 280,1877 282,1877 285,1877 342,1874 344,1874 346,1874 346,1872 362,1857 362,1848 357,1819 278,1806 276,1806 273,1806 271,1806 271,1808 258,1821 256,1826 176,1826 178,1855"/>
        <Baseline points="178,1855 362,1848"/>
        <TextEquiv conf="0.99395192861557">
          <Unicode>„ 31.</Unicode>
        </TextEquiv>
      </TextLine>
      <TextLine id="eSc_line_f50b32cc" custom="structure {type:default;}">
        <Coords points="499,1861 499,1870 523,1881 525,1881 528,1881 530,1881 561,1863 561,1857 558,1830 532,1819 530,1819 528,1819 525,1819 497,1832 499,1861"/>
        <Baseline points="499,1861 561,1857"/>
        <TextEquiv conf="0.9998425245285034">
          <Unicode>„</Unicode>
        </TextEquiv>
      </TextLine>
      <TextLine id="eSc_line_791e3dbf" custom="structure {type:default;}">
        <Coords points="702,1846 702,1868 2666,1877 2671,1846 2671,1815 2646,1802 2644,1802 2642,1802 2640,1802 2593,1813 2562,1802 2560,1802 2558,1802 2556,1802 2523,1813 2160,1802 2158,1802 2156,1802 2125,1813 2063,1802 2061,1802 2059,1802 2017,1813 1928,1802 1926,1802 1924,1802 1922,1802 1904,1815 1800,1815 1727,1802 1725,1802 1723,1802 1685,1813 1668,1802 1665,1802 1663,1802 1661,1802 1259,1813 1095,1802 1093,1802 1091,1802 1069,1813 1031,1802 1029,1802 1027,1802 930,1813 912,1802 910,1802 908,1802 905,1802 903,1802 879,1815 702,1815 702,1846"/>
        <Baseline points="702,1846 2671,1846"/>
        <TextEquiv conf="0.9988121843036217">
          <Unicode>monasterium S. Paulini consecrat „2. kal. Febr.“. Vide Hontheim Prodrom. I. 89,</Unicode>
        </TextEquiv>
      </TextLine>
      <TextLine id="eSc_line_4a7c354f" custom="structure {type:default;}">
        <Coords points="751,1894 748,1914 773,1927 775,1927 777,1927 1073,1916 1115,1930 1117,1930 1120,1930 1193,1919 1639,1932 1641,1932 1849,1919 1851,1901 1849,1868 751,1855 751,1894"/>
        <Baseline points="751,1894 1851,1901"/>
        <TextEquiv conf="0.9888182204702626">
          <Unicode>Gesta Trevir. cont. c. 7 in MG. SS. XXIV. 378.</Unicode>
        </TextEquiv>
      </TextLine>
      <TextLine id="eSc_line_9b3edd11" custom="structure {type:default;}">
        <Coords points="143,1958 143,1980 238,1987 240,1987 243,1987 289,1974 296,1974 300,1974 335,1985 338,1985 340,1985 342,1985 344,1985 364,1972 364,1954 360,1921 159,1908 156,1908 154,1908 152,1908 141,1914 143,1958"/>
        <Baseline points="143,1958 364,1954"/>
        <TextEquiv conf="0.9999883770942688">
          <Unicode>Febr. 6.</Unicode>
        </TextEquiv>
      </TextLine>
      <TextLine id="eSc_line_797b8efa" custom="structure {type:default;}">
        <Coords points="492,1969 492,1980 508,1996 508,1998 510,1998 512,1998 514,1998 517,1998 589,1976 589,1969 589,1943 492,1943 492,1969"/>
        <Baseline points="492,1969 589,1969"/>
        <TextEquiv conf="0.9906821648279825">
          <Unicode>„„„</Unicode>
        </TextEquiv>
      </TextLine>
      <TextLine id="eSc_line_c70113fc" custom="structure {type:default;}">
        <Coords points="702,1961 702,1983 2671,1983 2673,1949 2668,1921 2302,1921 2235,1908 2233,1908 2231,1908 2193,1921 2187,1923 1999,1923 1986,1921 1902,1908 1900,1908 1897,1908 1873,1921 1866,1925 1778,1925 1769,1921 1754,1910 1752,1910 1749,1910 1747,1910 1641,1921 1601,1923 1595,1921 1579,1910 1577,1910 1575,1910 1573,1910 1495,1912 1493,1912 1478,1921 1464,1925 1389,1921 1290,1912 1288,1912 1285,1912 1270,1921 1261,1925 1252,1921 1241,1912 1239,1912 1237,1912 1235,1912 1148,1921 1087,1925 1073,1921 1062,1914 1060,1914 1058,1914 700,1919 702,1961"/>
        <Baseline points="702,1961 2673,1949"/>
        <TextEquiv conf="0.9970720838097965">
          <Unicode>9181 (6381) Monasterii S. Eucharii Trevirensis protectionem suscipit, possessionesque</Unicode>
        </TextEquiv>
      </TextLine>
      <TextLine id="eSc_line_2946e950" custom="structure {type:default;}">
        <Coords points="753,2011 753,2033 2671,2029 2673,2005 2668,1978 2045,1967 2043,1967 2041,1967 2039,1967 2026,1978 1473,1969 1471,1969 1387,1980 841,1972 839,1972 751,1983 753,2011"/>
        <Baseline points="753,2011 2673,2005"/>
        <TextEquiv conf="0.9983190327882767">
          <Unicode>confirmat, petente Bertulpho abbate. Günther Cod. dipl. Rh. Mosel. I. 308, Beyer</Unicode>
        </TextEquiv>
      </TextLine>
      <TextLine id="eSc_line_01ccb332" custom="structure {type:default;}">
        <Coords points="753,2067 753,2084 1212,2095 1215,2095 1217,2095 1248,2084 1250,2084 1323,2095 1325,2095 1327,2095 1330,2095 1343,2084 1385,2095 1387,2095 1389,2095 1391,2095 1418,2084 1433,2095 1436,2095 1438,2095 1440,2095 1542,2082 1557,2082 1632,2082 1634,2082 1643,2091 1643,2093 1646,2093 1648,2093 1650,2093 2136,2080 2138,2062 2134,2033 766,2025 764,2025 762,2025 760,2025 751,2031 753,2067"/>
        <Baseline points="753,2067 2138,2062"/>
        <TextEquiv conf="0.9980871145214353">
          <Unicode>M. U. I. 604, Migne 180 p. 1303. — „Ad hoc universalis“.</Unicode>
        </TextEquiv>
      </TextLine>
      <TextLine id="eSc_line_f2bfe1b3" custom="structure {type:default;}">
        <Coords points="185,2139 187,2164 229,2144 293,2144 311,2155 318,2161 320,2161 322,2161 324,2161 326,2161 362,2150 362,2135 355,2102 183,2108 185,2139"/>
        <Baseline points="185,2139 362,2135"/>
        <TextEquiv conf="0.9995000809431076">
          <Unicode>„ 6.</Unicode>
        </TextEquiv>
      </TextLine>
      <TextLine id="eSc_line_7c46e15f" custom="structure {type:default;}">
        <Coords points="492,2161 534,2166 536,2166 539,2166 581,2148 581,2142 578,2113 536,2095 534,2095 532,2095 530,2095 528,2095 528,2097 519,2104 510,2111 492,2100 492,2146 492,2161"/>
        <Baseline points="492,2146 581,2142"/>
        <TextEquiv conf="0.9999970197677612">
          <Unicode>„</Unicode>
        </TextEquiv>
      </TextLine>
      <TextLine id="eSc_line_ec167b2c" custom="structure {type:default;}">
        <Coords points="700,2135 700,2155 2673,2150 2675,2128 2671,2097 698,2093 700,2135"/>
        <Baseline points="700,2135 2675,2128"/>
        <TextEquiv conf="0.9941565051846121">
          <Unicode>9182 (6382) Monasterii Wiblingensis patrocinium suscipit, possessionesque et privilegia</Unicode>
        </TextEquiv>
      </TextLine>
      <TextLine id="eSc_line_d8b2f481" custom="structure {type:default;}">
        <Coords points="751,2188 751,2208 1327,2219 1330,2219 1394,2208 1396,2208 1398,2208 1500,2219 1502,2219 1562,2208 1564,2208 1873,2217 1875,2217 1877,2217 1880,2217 1895,2206 1897,2206 2174,2206 2176,2206 2207,2217 2209,2217 2211,2217 2383,2206 2401,2217 2403,2217 2406,2217 2408,2219 2633,2219 2633,2217 2635,2217 2671,2203 2671,2184 2664,2153 748,2157 751,2188"/>
        <Baseline points="751,2188 2671,2184"/>
        <TextEquiv conf="0.9945801518857479">
          <Unicode>confirmat, petente Stephano abbate. Wirtemberg. Urkundenb. II. 46. — „Pie postu-</Unicode>
        </TextEquiv>
      </TextLine>
      <TextLine id="eSc_line_157d66c5" custom="structure {type:default;}">
        <Coords points="751,2243 751,2259 943,2270 945,2270 1142,2254 1144,2239 1140,2210 945,2199 943,2199 941,2199 938,2199 921,2210 762,2201 760,2201 757,2201 755,2201 755,2203 748,2208 751,2243"/>
        <Baseline points="751,2243 1144,2239"/>
        <TextEquiv conf="0.9942435688442655">
          <Unicode>latio voluntatis“.</Unicode>
        </TextEquiv>
      </TextLine>
      <TextLine id="eSc_line_7e2536aa" custom="structure {type:default;}">
        <Coords points="178,2303 181,2334 231,2314 273,2320 333,2329 335,2329 338,2329 340,2329 340,2327 360,2307 360,2298 357,2267 324,2239 322,2239 320,2239 280,2239 278,2239 276,2239 273,2239 273,2241 243,2272 243,2274 176,2274 178,2303"/>
        <Baseline points="178,2303 360,2298"/>
        <TextEquiv conf="0.9999880790710449">
          <Unicode>„ 13.</Unicode>
        </TextEquiv>
      </TextLine>
      <TextLine id="eSc_line_de6d23ce" custom="structure {type:default;}">
        <Coords points="490,2316 490,2329 576,2316 576,2309 572,2263 486,2263 490,2316"/>
        <Baseline points="490,2316 576,2309"/>
        <TextEquiv conf="1.0">
          <Unicode>„</Unicode>
        </TextEquiv>
      </TextLine>
      <TextLine id="eSc_line_d7081181" custom="structure {type:default;}">
        <Coords points="700,2296 700,2320 2671,2316 2673,2292 2668,2265 698,2263 700,2296"/>
        <Baseline points="700,2296 2673,2292"/>
        <TextEquiv conf="0.9947319037692491">
          <Unicode>9183 (6383) Monasterii S. Mariae Lonnicensis protectionem suscipit, possessionesque ac</Unicode>
        </TextEquiv>
      </TextLine>
      <TextLine id="eSc_line_63238c12" custom="structure {type:default;}">
        <Coords points="753,2356 753,2380 2666,2380 2668,2349 2664,2320 2037,2309 2034,2309 2032,2309 2030,2309 2017,2320 1414,2312 1411,2312 1409,2312 1385,2323 810,2314 808,2314 751,2325 753,2356"/>
        <Baseline points="753,2356 2668,2349"/>
        <TextEquiv conf="0.9873392546033285">
          <Unicode>privilegia confirmat, petente Folmaro abbate. Günther Cod. dipl. Rh. Mosel. I. 306,</Unicode>
        </TextEquiv>
      </TextLine>
      <TextLine id="eSc_line_1c9d6828" custom="structure {type:default;}">
        <Coords points="751,2409 751,2426 1332,2438 1334,2438 1493,2426 1517,2438 1520,2438 1522,2438 1524,2438 1559,2424 1564,2424 1789,2424 1791,2424 1802,2435 1805,2435 1807,2435 1809,2438 2023,2438 2023,2435 2026,2435 2028,2435 2039,2424 2054,2435 2056,2435 2059,2435 2061,2435 2143,2424 2145,2424 2244,2435 2246,2435 2249,2435 2297,2422 2297,2404 2291,2376 748,2378 751,2409"/>
        <Baseline points="751,2409 2297,2404"/>
        <TextEquiv conf="0.9936068546576579">
          <Unicode>Beyer M. U. I. 605, Migne 180 p. 1304. — „Quoniam sine vere“.</Unicode>
        </TextEquiv>
      </TextLine>
      <TextLine id="eSc_line_c7a76bbd" custom="structure {type:default;}">
        <Coords points="181,2497 243,2488 269,2491 340,2499 342,2499 344,2499 346,2499 346,2497 362,2482 362,2473 357,2444 291,2431 289,2431 287,2431 285,2431 269,2442 258,2449 192,2449 181,2440 181,2479 181,2497"/>
        <Baseline points="181,2479 362,2473"/>
        <TextEquiv conf="0.9999871492385864">
          <Unicode>„ 13.</Unicode>
        </TextEquiv>
      </TextLine>
      <TextLine id="eSc_line_271337cc" custom="structure {type:default;}">
        <Coords points="488,2488 488,2497 523,2508 525,2508 528,2508 530,2508 574,2493 574,2484 567,2460 486,2460 488,2488"/>
        <Baseline points="488,2488 574,2484"/>
        <TextEquiv conf="0.9999996423721313">
          <Unicode>„„</Unicode>
        </TextEquiv>
      </TextLine>
      <TextLine id="eSc_line_b4ab7ebe" custom="structure {type:default;}">
        <Coords points="698,2473 698,2497 2673,2497 2673,2473 2671,2440 698,2442 698,2473"/>
        <Baseline points="698,2473 2673,2473"/>
        <TextEquiv conf="0.9926051036878065">
          <Unicode>9184 (6384) Presbyteris, clericis, laicis per Archoe et Zulphechoe parochias constitutis</Unicode>
        </TextEquiv>
      </TextLine>
      <TextLine id="eSc_line_d349c518" custom="structure {type:default;}">
        <Coords points="751,2528 751,2552 2671,2552 2671,2528 2671,2499 751,2497 751,2528"/>
        <Baseline points="751,2528 2671,2528"/>
        <TextEquiv conf="0.9941124508652506">
          <Unicode>controversiam inter G(erardum) Bonnensem et Fred(ericum) S. Georgii praepositos</Unicode>
        </TextEquiv>
      </TextLine>
      <TextLine id="eSc_line_34daf53f" custom="structure {type:default;}">
        <Coords points="751,2583 751,2605 2671,2605 2671,2583 2671,2555 751,2555 751,2583"/>
        <Baseline points="751,2583 2671,2583"/>
        <TextEquiv conf="0.9975051603666166">
          <Unicode>diremptam nunciat. Praecipit, ut G(erardo), ius archidiaconatus habenti, obediant.</Unicode>
        </TextEquiv>
      </TextLine>
      <TextLine id="eSc_line_72a1a9da" custom="structure {type:default;}">
        <Coords points="751,2638 751,2663 2671,2663 2671,2638 2671,2608 751,2601 751,2638"/>
        <Baseline points="751,2638 2671,2638"/>
        <TextEquiv conf="0.9974988202253977">
          <Unicode>Günther Cod. dipl. Rh. Mosel. I. 339, Eichhof Materialien I. 582, Migne 180 p. 1305.</Unicode>
        </TextEquiv>
      </TextLine>
      <TextLine id="eSc_line_e338e748" custom="structure {type:default;}">
        <Coords points="751,2691 751,2711 927,2725 930,2725 1188,2722 1190,2722 1193,2722 1206,2711 1279,2722 1281,2722 1283,2722 1327,2707 1327,2687 1321,2654 748,2663 751,2691"/>
        <Baseline points="751,2691 1327,2687"/>
        <TextEquiv conf="0.9999969212905221">
          <Unicode>— „Controversiam, que“.</Unicode>
        </TextEquiv>
      </TextLine>
      <TextLine id="eSc_line_11ef6a8a" custom="structure {type:default;}">
        <Coords points="178,2753 178,2793 229,2793 231,2793 234,2793 234,2791 236,2791 238,2786 249,2773 280,2782 307,2786 309,2786 311,2786 357,2769 357,2747 353,2716 282,2700 280,2700 278,2700 276,2700 276,2703 260,2716 258,2716 176,2716 178,2753"/>
        <Baseline points="178,2753 357,2747"/>
        <TextEquiv conf="0.9978213310241699">
          <Unicode>„ 13.</Unicode>
        </TextEquiv>
      </TextLine>
      <TextLine id="eSc_line_7d6de221" custom="structure {type:default;}">
        <Coords points="497,2760 497,2784 525,2800 528,2800 530,2800 532,2800 574,2784 574,2760 574,2711 497,2711 497,2760"/>
        <Baseline points="497,2760 574,2760"/>
        <TextEquiv conf="1.0">
          <Unicode>„</Unicode>
        </TextEquiv>
      </TextLine>
      <TextLine id="eSc_line_875f1fbe" custom="structure {type:default;}">
        <Coords points="700,2744 698,2764 2664,2771 2668,2749 2666,2718 700,2714 700,2744"/>
        <Baseline points="700,2744 2668,2749"/>
        <TextEquiv conf="0.9976851526428672">
          <Unicode>0185 Gerardo, praeposito Bonnensi, asserit ius „visitandi et circumeundi decanias, in</Unicode>
        </TextEquiv>
      </TextLine>
      <TextLine id="eSc_line_06d62914" custom="structure {type:default;}">
        <Coords points="751,2804 751,2824 2664,2826 2668,2800 2664,2773 1729,2762 1727,2762 1725,2762 1703,2773 786,2764 784,2764 782,2764 748,2775 751,2804"/>
        <Baseline points="751,2804 2668,2800"/>
        <TextEquiv conf="0.9960752406290599">
          <Unicode>eius archidiaconatu consistentes“, in his decaniam Friderici, praepositi S. Georgii.</Unicode>
        </TextEquiv>
      </TextLine>
      <TextLine id="eSc_line_03706680" custom="structure {type:default;}">
        <Coords points="751,2862 751,2881 1341,2888 1343,2888 1447,2877 1458,2877 1460,2877 1469,2886 1469,2888 1471,2888 1473,2888 1475,2890 1630,2890 1630,2888 1683,2877 1712,2888 1714,2888 1716,2888 1800,2877 2001,2886 2003,2886 2006,2886 2043,2873 2043,2853 2037,2826 1544,2826 1520,2815 1517,2815 1515,2815 1513,2815 1511,2815 1495,2826 1319,2817 1316,2817 1252,2828 1224,2817 1221,2817 1219,2817 1159,2828 1078,2817 1075,2817 1073,2817 1071,2817 1053,2831 1029,2820 1027,2820 757,2820 755,2820 753,2820 751,2820 751,2822 748,2822 751,2862"/>
        <Baseline points="751,2862 2043,2853"/>
        <TextEquiv conf="0.9916643743161802">
          <Unicode>Eichhof Materialien I. 581. — „Quando inter personas“.</Unicode>
        </TextEquiv>
      </TextLine>
      <TextLine id="eSc_line_6ba34dbf" custom="structure {type:default;}">
        <Coords points="156,2928 156,2968 258,2954 258,2928 258,2873 156,2864 156,2928"/>
        <Baseline points="156,2928 258,2928"/>
        <TextEquiv conf="0.9999998013178507">
          <Unicode>(„)</Unicode>
        </TextEquiv>
      </TextLine>
      <TextLine id="eSc_line_18d6b805" custom="structure {type:default;}">
        <Coords points="475,2943 492,2959 494,2959 497,2959 499,2959 581,2939 581,2930 581,2892 543,2877 541,2877 539,2877 536,2877 503,2886 488,2890 479,2884 475,2930 475,2943"/>
        <Baseline points="475,2930 581,2930"/>
        <TextEquiv conf="0.9999946753184">
          <Unicode>(„)</Unicode>
        </TextEquiv>
      </TextLine>
      <TextLine id="eSc_line_7181639d" custom="structure {type:default;}">
        <Coords points="698,2919 695,2941 2664,2945 2668,2923 2666,2892 698,2888 698,2919"/>
        <Baseline points="698,2919 2668,2923"/>
        <TextEquiv conf="0.9996854481817801">
          <Unicode>9186 (6385) Monachos Corbeienses, ut Wibaldo abbati obediant in recuperandisque</Unicode>
        </TextEquiv>
      </TextLine>
      <TextLine id="eSc_line_571585eb" custom="structure {type:default;}">
        <Coords points="751,2981 751,3003 2668,3003 2668,2981 2668,2950 751,2950 751,2981"/>
        <Baseline points="751,2981 2668,2981"/>
        <TextEquiv conf="0.9962575956322681">
          <Unicode>monasterii bonis assint, hortatur. Jaffé Bibl. I. 151, cf. ibid. p. 245, (Martene Coll.</Unicode>
        </TextEquiv>
      </TextLine>
      <TextLine id="eSc_line_38896bb7" custom="structure {type:default;}">
        <Coords points="751,3034 751,3056 764,3065 766,3065 768,3065 771,3065 773,3065 819,3054 850,3065 852,3065 855,3067 932,3067 932,3065 934,3065 936,3065 936,3062 947,3054 1009,3065 1011,3065 1095,3054 1201,3054 1212,3062 1212,3065 1215,3065 1217,3065 1219,3065 1274,3054 1356,3065 1358,3065 1438,3054 1520,3054 1531,3062 1531,3065 1533,3065 1535,3065 1537,3065 2094,3051 2094,3034 2094,3005 751,3003 751,3034"/>
        <Baseline points="751,3034 2094,3034"/>
        <TextEquiv conf="0.9925842363879366">
          <Unicode>II. 229, Migne 180 p. 1306). — „Memores sumus, quod“.</Unicode>
        </TextEquiv>
      </TextLine>
      <TextLine id="eSc_line_78213f87" custom="structure {type:default;}">
        <Coords points="161,3096 161,3151 271,3133 271,3096 271,3062 243,3062 238,3058 225,3045 225,3043 223,3043 220,3043 218,3043 161,3045 161,3096"/>
        <Baseline points="161,3096 271,3096"/>
        <TextEquiv conf="0.9994893670082092">
          <Unicode>(„)</Unicode>
        </TextEquiv>
      </TextLine>
      <TextLine id="eSc_line_4dcd3398" custom="structure {type:default;}">
        <Coords points="470,3096 470,3102 519,3122 521,3122 523,3122 525,3122 581,3098 581,3091 576,3060 497,3043 494,3043 492,3043 490,3043 468,3056 470,3096"/>
        <Baseline points="470,3096 581,3091"/>
        <TextEquiv conf="0.9999951124191284">
          <Unicode>(„)</Unicode>
        </TextEquiv>
      </TextLine>
      <TextLine id="eSc_line_e9b680a8" custom="structure {type:default;}">
        <Coords points="687,3089 687,3111 2666,3107 2666,3085 2660,3054 684,3056 687,3089"/>
        <Baseline points="687,3089 2666,3085"/>
        <TextEquiv conf="0.9914241749120046">
          <Unicode>„ 9187 (6386) Henrico, episcopo Leodiensi, mandat, cogat Eustachium et Macharium do</Unicode>
        </TextEquiv>
      </TextLine>
      <TextLine id="eSc_line_cee2e420" custom="structure {type:default;}">
        <Coords points="751,3142 751,3166 2666,3166 2666,3142 2666,3113 751,3111 751,3142"/>
        <Baseline points="751,3142 2666,3142"/>
        <TextEquiv conf="0.9974391583989306">
          <Unicode>Suingeis, ut monasterio Stabulensi ablata restituant. Jaffé Bibl. I. 151, (Martene</Unicode>
        </TextEquiv>
      </TextLine>
      <TextLine id="eSc_line_a6efaa77" custom="structure {type:default;}">
        <Coords points="748,3195 746,3213 775,3226 777,3226 779,3226 1405,3217 1533,3228 1535,3228 2313,3217 2315,3199 2313,3168 748,3164 748,3195"/>
        <Baseline points="748,3195 2315,3199"/>
        <TextEquiv conf="0.99669038607524">
          <Unicode>Coll. II. 230, Migne 180 p. 1306). — „Aecclesiasticorum bonorum“.</Unicode>
        </TextEquiv>
      </TextLine>
      <TextLine id="eSc_line_295ba00e" custom="structure {type:default;}">
        <Coords points="477,3268 477,3283 494,3299 497,3299 499,3299 501,3299 585,3279 585,3268 585,3237 503,3219 501,3219 499,3219 497,3219 477,3233 477,3268"/>
        <Baseline points="477,3268 585,3268"/>
        <TextEquiv conf="0.9999998410542806">
          <Unicode>(„)</Unicode>
        </TextEquiv>
      </TextLine>
      <TextLine id="eSc_line_0a735805" custom="structure {type:default;}">
        <Coords points="695,3263 695,3288 2664,3283 2666,3259 2660,3230 693,3233 695,3263"/>
        <Baseline points="695,3263 2666,3259"/>
        <TextEquiv conf="0.9998283350751513">
          <Unicode>9188 Hildegardi, praepositae parthenonis Montis S. Roberti „gratiam Dei, qua secreta</Unicode>
        </TextEquiv>
      </TextLine>
      <TextLine id="eSc_line_e88cf3eb" custom="structure {type:default;}">
        <Coords points="755,3314 753,3334 2660,3339 2664,3319 2662,3286 755,3277 755,3314"/>
        <Baseline points="755,3314 2664,3319"/>
        <TextEquiv conf="0.9967405398686727">
          <Unicode>videat et intellegat, gratulatur“ et secundum S. Benedicti regulam cum sororibus vi-</Unicode>
        </TextEquiv>
      </TextLine>
      <TextLine id="eSc_line_6feda008" custom="structure {type:default;}">
        <Coords points="757,3369 755,3389 828,3403 830,3403 2662,3396 2664,3374 2662,3345 757,3341 757,3369"/>
        <Baseline points="757,3369 2664,3374"/>
        <TextEquiv conf="0.9885655015329772">
          <Unicode>vendi facultatem concedit. S. Hildeg. Opp. ap. Migne 197 p. 145. (Papam synodum</Unicode>
        </TextEquiv>
      </TextLine>
      <TextLine id="eSc_line_19603d0a" custom="structure {type:default;}">
        <Coords points="757,3422 755,3442 799,3458 802,3458 804,3458 943,3447 985,3458 987,3458 989,3460 1201,3460 1201,3458 1204,3458 1206,3458 1224,3447 1509,3458 1511,3458 1513,3458 1559,3447 1573,3458 1575,3458 1577,3458 1579,3458 1833,3449 1886,3460 1889,3460 1968,3449 2045,3460 2048,3460 2107,3449 2244,3460 2246,3460 2249,3460 2288,3449 2660,3449 2662,3427 2660,3398 1486,3385 1484,3385 1327,3387 810,3394 757,3383 757,3422"/>
        <Baseline points="757,3422 2662,3427"/>
        <TextEquiv conf="0.9940864415395827">
          <Unicode>Treveris celebrasse, colligi minime potest ex verbis Vitae Hildeg. L. I. c. 5, ibid.</Unicode>
        </TextEquiv>
      </TextLine>
      <TextLine id="eSc_line_e38dfec0" custom="structure {type:default;}">
        <Coords points="755,3484 755,3513 2655,3517 2660,3484 2657,3451 755,3451 755,3484"/>
        <Baseline points="755,3484 2660,3484"/>
        <TextEquiv conf="0.9998419292001839">
          <Unicode>p. 94, quam sub oculis habuisse videtur Auctor Annal. Stadens. in MG. SS. XVI. 330,</Unicode>
        </TextEquiv>
      </TextLine>
      <TextLine id="eSc_line_87c73f96" custom="structure {type:default;}">
        <Coords points="755,3533 753,3557 832,3570 835,3570 1000,3562 1040,3559 2023,3570 2028,3537 2026,3509 755,3504 755,3533"/>
        <Baseline points="755,3533 2028,3537"/>
        <TextEquiv conf="0.9880366431815284">
          <Unicode>de „concilio Trevirensi“ loquens.) — „Miramur, o filia“.</Unicode>
        </TextEquiv>
      </TextLine>
    </TextRegion>
    <TextRegion id="eSc_textblock_af0b9991"  custom="structure {type:default;}">
      <Coords points="1131,167 1842,176 1851,262 963,271 963,185 1131,167"/>
      <TextLine id="eSc_line_598350f5" custom="structure {type:default;}">
        <Coords points="976,245 976,265 989,273 992,273 994,273 996,273 1060,260 1064,260 1067,260 1093,273 1095,273 1098,276 1283,276 1283,273 1285,273 1288,273 1288,271 1299,262 1301,260 1316,262 1380,271 1383,271 1385,271 1407,262 1422,258 1475,258 1482,262 1491,271 1493,271 1495,271 1497,271 1559,265 1610,258 1829,265 1833,240 1831,200 1798,187 1796,187 1794,187 1409,198 1380,185 1378,185 1221,185 1219,185 974,198 976,245"/>
        <Baseline points="976,245 1833,240"/>
        <TextEquiv conf="0.9999908730387688">
          <Unicode>EUGEXIUS III. 1145—1153.</Unicode>
        </TextEquiv>
      </TextLine>
    </TextRegion>
    <TextRegion id="eSc_textblock_25e542fa"  custom="structure {type:default;}">
      <Coords points="2624,176 2706,194 2680,280 2576,271 2576,194 2624,176"/>
      <TextLine id="eSc_line_acb901d1" custom="structure {type:default;}">
        <Coords points="2591,247 2593,289 2677,287 2675,242 2668,196 2587,198 2591,247"/>
        <Baseline points="2591,247 2675,242"/>
        <TextEquiv conf="1.0">
          <Unicode>51</Unicode>
        </TextEquiv>
      </TextLine>
    </TextRegion>
  </Page>
</PcGts>
