<?xml version="1.0" encoding="UTF-8"  standalone="yes"?>
<PcGts xmlns="http://schema.primaresearch.org/PAGE/gts/pagecontent/2019-07-15" xmlns:xsi="http://www.w3.org/2001/XMLSchema-instance" xsi:schemaLocation="http://schema.primaresearch.org/PAGE/gts/pagecontent/2019-07-15 http://schema.primaresearch.org/PAGE/gts/pagecontent/2019-07-15/pagecontent.xsd">
  <Metadata externalRef="pdf//regestapontificu02cath.pdf">
	<Creator>escriptorium</Creator>
	<Created>2026-01-31T10:22:36.369923+00:00</Created>
        <LastChange>2026-02-01T14:26:12.632759+00:00</LastChange>
  </Metadata>
  <Page imageFilename="regestapontificu02cath.pdf_page_70.png" imageWidth="3007" imageHeight="3975">
    <TextRegion id="eSc_textblock_9ddafae5"  custom="structure {type:default;}">
      <Coords points="311,203 404,212 404,271 300,289 282,229 311,203"/>
      <TextLine id="eSc_line_c1c806ca" custom="structure {type:default;}">
        <Coords points="307,265 309,293 391,284 391,258 384,216 300,220 307,265"/>
        <Baseline points="307,265 391,258"/>
        <TextEquiv conf="0.9999905824661255">
          <Unicode>58</Unicode>
        </TextEquiv>
      </TextLine>
    </TextRegion>
    <TextRegion id="eSc_textblock_92ecb297"  custom="structure {type:default;}">
      <Coords points="304,353 528,371 556,432 583,371 866,353 2874,353 2856,3557 945,3584 846,3531 282,3522 265,618 273,397 304,353"/>
      <TextLine id="eSc_line_046fef20" custom="structure {type:default;}">
        <Coords points="2282,353 2260,353 2238,353 2216,353 2193,353 2171,353 2167,353 2143,368 2008,353 1995,353 1972,353 1953,353 1889,368 1687,359 1685,359 1460,371 1363,355 1343,353 1341,353 1338,353 1330,355 1279,373 846,357 848,412 848,437 2761,437 2763,404 2755,353 2710,368 2328,368 2297,353 2282,353"/>
        <Baseline points="848,412 2763,404"/>
        <TextEquiv conf="0.9791342904058735">
          <Unicode>1148. (Ind. 11. — 25. Sept. — 12, pont. a. 3. — 18. Febr. — 4, 1147. — 25. Mart. — 1148.)</Unicode>
        </TextEquiv>
      </TextLine>
      <TextLine id="eSc_line_ca85b726" custom="structure {type:default;}">
        <Coords points="322,474 322,512 1579,512 1579,510 1581,510 1584,510 1601,499 2836,507 2841,470 2834,437 2741,437 2735,435 2702,424 2699,424 2697,424 2695,424 2668,435 2664,437 2299,435 1679,428 1676,428 1621,432 1517,439 1365,430 1272,426 653,426 651,426 649,426 645,428 623,439 320,428 322,474"/>
        <Baseline points="322,474 2841,470"/>
        <TextEquiv conf="0.9981967714699832">
          <Unicode>Mai. 2C. ap. S. Mau- 9269 Monasterii Paterniacensis tutelam suscipit, possessionesque ac privilegia confirmat,</Unicode>
        </TextEquiv>
      </TextLine>
      <TextLine id="eSc_line_2526936f" custom="structure {type:default;}">
        <Coords points="609,530 609,554 775,558 777,525 773,494 642,485 640,485 638,485 607,496 609,530"/>
        <Baseline points="609,530 777,525"/>
        <TextEquiv conf="0.999998410542806">
          <Unicode>ritium</Unicode>
        </TextEquiv>
      </TextLine>
      <TextLine id="eSc_line_0dcfe05b" custom="structure {type:default;}">
        <Coords points="921,527 921,558 2839,547 2841,523 2834,494 919,494 921,527"/>
        <Baseline points="921,527 2841,523"/>
        <TextEquiv conf="0.9963632027308146">
          <Unicode>petente Gigone priore. Solothurnisches Wochenblatt 1829 p. 617, Archives de la</Unicode>
        </TextEquiv>
      </TextLine>
      <TextLine id="eSc_line_a0d815d3" custom="structure {type:default;}">
        <Coords points="925,580 925,605 2839,605 2839,580 2839,547 925,547 925,580"/>
        <Baseline points="925,580 2839,580"/>
        <TextEquiv conf="0.9965962292103285">
          <Unicode>soc. d&#x27;hist. de Fribourg I. 375, Fontes rer. Bern. I. 424. — „Sicut iniusta poscentibus“.</Unicode>
        </TextEquiv>
      </TextLine>
      <TextLine id="eSc_line_3c37cf84" custom="structure {type:default;}">
        <Coords points="351,640 351,691 419,691 419,689 421,689 424,689 424,686 428,684 452,662 497,666 508,680 517,686 517,689 519,689 521,689 523,691 574,691 574,689 576,689 609,671 634,660 713,664 790,669 793,669 795,669 832,655 832,636 830,600 779,585 777,585 775,585 583,602 532,602 517,587 514,587 512,587 510,587 402,598 375,587 373,587 371,587 368,587 366,587 349,598 351,640"/>
        <Baseline points="351,640 832,636"/>
        <TextEquiv conf="0.9999495323966531">
          <Unicode>„ 27. ap. Ottodo-</Unicode>
        </TextEquiv>
      </TextLine>
      <TextLine id="eSc_line_4c1e0ffd" custom="structure {type:default;}">
        <Coords points="870,638 870,660 2836,653 2839,631 2832,605 2370,605 2368,605 2271,594 2269,594 2185,607 2174,607 2129,607 1796,596 1794,596 1694,607 1542,596 1539,596 1537,596 1535,596 1517,607 890,598 888,598 885,598 883,598 868,605 870,638"/>
        <Baseline points="870,638 2839,631"/>
        <TextEquiv conf="0.9947681710487459">
          <Unicode>9270 (6438) Monasterii Rochersbergensis protectionem suscipit possessionesque con-</Unicode>
        </TextEquiv>
      </TextLine>
      <TextLine id="eSc_line_fa2bf20d" custom="structure {type:default;}">
        <Coords points="638,695 640,728 755,724 755,689 748,658 634,660 638,695"/>
        <Baseline points="638,695 755,689"/>
        <TextEquiv conf="0.9999393820762634">
          <Unicode>rum</Unicode>
        </TextEquiv>
      </TextLine>
      <TextLine id="eSc_line_7bddf70f" custom="structure {type:default;}">
        <Coords points="925,693 925,719 1648,717 1659,717 1877,728 1880,728 1968,715 1975,715 1992,715 2231,726 2233,726 2399,713 2410,713 2434,724 2436,724 2439,724 2441,724 2483,713 2485,713 2498,713 2812,724 2814,724 2816,724 2819,724 2839,711 2839,684 2832,658 923,658 925,693"/>
        <Baseline points="925,693 2839,684"/>
        <TextEquiv conf="0.9967899977424999">
          <Unicode>firmat, petente Ulrico priore. Solothurnisches Wochenblatt 1829 p. 555, Zeerleder</Unicode>
        </TextEquiv>
      </TextLine>
      <TextLine id="eSc_line_ec12d95c" custom="structure {type:default;}">
        <Coords points="925,746 925,770 2741,770 2741,746 2741,713 925,713 925,746"/>
        <Baseline points="925,746 2741,746"/>
        <TextEquiv conf="0.9977519435760303">
          <Unicode>Urk. für Bern I. 88, Fontes Rer. Bern. I. 426. — „Piae postulatio voluntatis“.</Unicode>
        </TextEquiv>
      </TextLine>
      <TextLine id="eSc_line_d103d6f5" custom="structure {type:default;}">
        <Coords points="318,801 318,836 441,828 459,830 505,839 508,839 510,839 536,825 536,801 536,761 318,755 318,801"/>
        <Baseline points="318,801 536,801"/>
        <TextEquiv conf="0.9811535999178886">
          <Unicode>Iun. 15.</Unicode>
        </TextEquiv>
      </TextLine>
      <TextLine id="eSc_line_df322fcc" custom="structure {type:default;}">
        <Coords points="592,799 594,848 634,830 671,841 695,848 698,848 700,848 810,828 810,799 810,757 592,753 592,799"/>
        <Baseline points="592,799 810,799"/>
        <TextEquiv conf="0.999953548113505">
          <Unicode>Vercellis</Unicode>
        </TextEquiv>
      </TextLine>
      <TextLine id="eSc_line_b1a4f07f" custom="structure {type:default;}">
        <Coords points="870,797 868,812 919,830 921,830 923,830 1000,819 1078,830 1080,830 1692,819 1809,832 1811,832 1917,819 1919,819 2081,830 2083,830 2165,819 2171,819 2176,819 2220,832 2222,832 2224,832 2834,821 2836,803 2834,768 870,759 870,797"/>
        <Baseline points="870,797 2836,803"/>
        <TextEquiv conf="0.9925172512347882">
          <Unicode>9271 Hug(utioni episcopo) . . . . . . . ceterisque canonicis Vercellensibus bullam tribuit.</Unicode>
        </TextEquiv>
      </TextLine>
      <TextLine id="eSc_line_972fb2df" custom="structure {type:default;}">
        <Coords points="923,859 923,878 1031,892 1034,892 1115,881 1215,892 1217,892 1219,892 1261,881 1323,892 1325,892 1409,881 1471,892 1473,892 1553,881 1648,892 1650,892 1652,892 1676,881 1758,892 1760,892 2604,878 2604,859 2602,825 923,825 923,859"/>
        <Baseline points="923,859 2604,859"/>
        <TextEquiv conf="0.9943632160623869">
          <Unicode>(Fragmentum.) Hist. Patr. Mon. Leg. municip. II. II. Praef. p. XI. n. 2.</Unicode>
        </TextEquiv>
      </TextLine>
      <TextLine id="eSc_line_35fa1cd3" custom="structure {type:default;}">
        <Coords points="353,918 353,942 528,934 530,912 523,872 351,876 353,918"/>
        <Baseline points="353,918 530,912"/>
        <TextEquiv conf="0.9999999523162841">
          <Unicode>„ 16.</Unicode>
        </TextEquiv>
      </TextLine>
      <TextLine id="eSc_line_6eab23e2" custom="structure {type:default;}">
        <Coords points="651,923 651,945 698,958 700,958 702,958 704,958 753,936 753,923 751,894 651,894 651,923"/>
        <Baseline points="651,923 753,923"/>
        <TextEquiv conf="1.0">
          <Unicode>„</Unicode>
        </TextEquiv>
      </TextLine>
      <TextLine id="eSc_line_34a64570" custom="structure {type:default;}">
        <Coords points="872,914 872,938 1257,949 1259,949 2841,931 2841,905 2836,874 888,872 885,872 883,872 881,872 870,878 872,914"/>
        <Baseline points="872,914 2841,905"/>
        <TextEquiv conf="0.9807485182617985">
          <Unicode>9272 (6439) Sugerio, abbati S. Dionysii, scribit haec: „praeceptum, quod pro religione</Unicode>
        </TextEquiv>
      </TextLine>
      <TextLine id="eSc_line_f77dd111" custom="structure {type:default;}">
        <Coords points="925,967 925,989 2834,991 2839,962 2832,927 923,934 925,967"/>
        <Baseline points="925,967 2839,962"/>
        <TextEquiv conf="0.9977543826510267">
          <Unicode>monastica in ecclesia S. Genovefae dedisse meminimus, pro bono pacis, si regulares</Unicode>
        </TextEquiv>
      </TextLine>
      <TextLine id="eSc_line_93e22d2e" custom="structure {type:default;}">
        <Coords points="925,1022 925,1044 2832,1048 2836,1018 2830,989 923,993 925,1022"/>
        <Baseline points="925,1022 2836,1018"/>
        <TextEquiv conf="0.9976426117560443">
          <Unicode>canonicos eiusdem ecclesiae canonici, salvis eorum praebendis, receperint, immutamus;</Unicode>
        </TextEquiv>
      </TextLine>
      <TextLine id="eSc_line_94dd49de" custom="structure {type:default;}">
        <Coords points="925,1077 925,1104 2836,1106 2839,1077 2839,1048 925,1046 925,1077"/>
        <Baseline points="925,1077 2839,1077"/>
        <TextEquiv conf="0.9987647997778516">
          <Unicode>praecipientes, ut beneficia, quae monachis, si in praefata ecclesia fuissent suscepti,</Unicode>
        </TextEquiv>
      </TextLine>
      <TextLine id="eSc_line_a8657587" custom="structure {type:default;}">
        <Coords points="925,1130 925,1154 2839,1154 2839,1130 2839,1097 925,1097 925,1130"/>
        <Baseline points="925,1130 2839,1130"/>
        <TextEquiv conf="0.9943297968970405">
          <Unicode>duximus deputanda, canonicis ipsis deputentur“. Duchesne H. Fr. SS. IV. 502, Bou-</Unicode>
        </TextEquiv>
      </TextLine>
      <TextLine id="eSc_line_ccdcb1ec" custom="structure {type:default;}">
        <Coords points="925,1188 925,1205 2832,1201 2834,1183 2828,1148 923,1152 925,1188"/>
        <Baseline points="925,1188 2834,1183"/>
        <TextEquiv conf="0.9896698128687192">
          <Unicode>quet Rec. XV. 451, Mansi XXI. 638, Migne 180 p. 1354. — „Cum dominus ac“.</Unicode>
        </TextEquiv>
      </TextLine>
      <TextLine id="eSc_line_ef6583d9" custom="structure {type:default;}">
        <Coords points="349,1245 349,1265 384,1274 386,1274 388,1274 428,1258 439,1254 444,1256 461,1272 463,1272 466,1272 468,1272 514,1269 517,1269 519,1269 519,1267 536,1249 536,1238 530,1192 397,1210 346,1196 349,1245"/>
        <Baseline points="349,1245 536,1238"/>
        <TextEquiv conf="0.9986588478088378">
          <Unicode>„ 16.</Unicode>
        </TextEquiv>
      </TextLine>
      <TextLine id="eSc_line_98d9aac1" custom="structure {type:default;}">
        <Coords points="660,1249 660,1256 740,1256 740,1245 729,1152 653,1172 660,1249"/>
        <Baseline points="660,1249 740,1245"/>
        <TextEquiv>
          <Unicode></Unicode>
        </TextEquiv>
      </TextLine>
      <TextLine id="eSc_line_fc86e907" custom="structure {type:default;}">
        <Coords points="870,1241 870,1265 1042,1265 1045,1265 1062,1278 1064,1278 1067,1278 1069,1280 1184,1280 1184,1278 1186,1278 1215,1267 1219,1265 1330,1265 1336,1267 1352,1278 1354,1278 1356,1278 1358,1280 1455,1280 1455,1278 1458,1278 1460,1278 1473,1267 1480,1265 1517,1267 1621,1278 1623,1280 1787,1280 1787,1278 1789,1278 1805,1269 1816,1265 1833,1269 1858,1278 1860,1278 1862,1280 1972,1280 1972,1278 1975,1278 1992,1272 2010,1265 2043,1272 2079,1278 2081,1278 2136,1272 2204,1265 2231,1274 2246,1278 2249,1278 2251,1280 2540,1280 2540,1278 2543,1278 2551,1276 2582,1265 2626,1276 2642,1278 2644,1278 2836,1276 2836,1241 2836,1212 870,1210 870,1241"/>
        <Baseline points="870,1241 2836,1241"/>
        <TextEquiv conf="0.9960841696436812">
          <Unicode>9273 Ecclesiae S. Mariae Vetiolanensis tutelam suscipit possessionesque confirmat,</Unicode>
        </TextEquiv>
      </TextLine>
      <TextLine id="eSc_line_a175bc3d" custom="structure {type:default;}">
        <Coords points="923,1296 923,1329 2836,1320 2839,1291 2832,1263 921,1263 923,1296"/>
        <Baseline points="923,1296 2839,1291"/>
        <TextEquiv conf="0.9934597994074409">
          <Unicode>petente Andrea praeposito. Decimas a monachis exigi vetat. Miscell. di stor. Ita-</Unicode>
        </TextEquiv>
      </TextLine>
      <TextLine id="eSc_line_2643a9b4" custom="structure {type:default;}">
        <Coords points="923,1349 923,1369 1113,1369 1124,1378 1124,1380 1126,1380 1129,1380 1131,1380 1228,1369 1305,1369 1316,1378 1316,1380 1319,1380 1321,1380 1323,1380 1754,1366 1754,1349 1752,1318 923,1318 923,1349"/>
        <Baseline points="923,1349 1754,1349"/>
        <TextEquiv conf="0.9990239415849959">
          <Unicode>liana I. 298. — „Quotiens illud a“.</Unicode>
        </TextEquiv>
      </TextLine>
      <TextLine id="eSc_line_d2758ae2" custom="structure {type:default;}">
        <Coords points="349,1408 349,1439 388,1442 391,1442 393,1442 413,1433 437,1419 452,1426 483,1439 486,1439 488,1439 490,1439 492,1439 525,1417 525,1404 521,1369 457,1360 455,1360 452,1360 397,1375 393,1375 391,1375 371,1362 368,1362 366,1362 364,1362 362,1362 360,1362 346,1369 349,1408"/>
        <Baseline points="349,1408 525,1404"/>
        <TextEquiv conf="0.9941972255706787">
          <Unicode>„ 23.</Unicode>
        </TextEquiv>
      </TextLine>
      <TextLine id="eSc_line_ba110b4b" custom="structure {type:default;}">
        <Coords points="603,1406 605,1448 627,1439 634,1446 638,1450 638,1453 640,1453 642,1453 645,1455 742,1455 742,1453 744,1453 784,1437 784,1406 784,1369 603,1364 603,1406"/>
        <Baseline points="603,1406 784,1406"/>
        <TextEquiv conf="0.9999746680259705">
          <Unicode>Papiae</Unicode>
        </TextEquiv>
      </TextLine>
      <TextLine id="eSc_line_d7c3eb60" custom="structure {type:default;}">
        <Coords points="870,1402 870,1426 1025,1439 1027,1439 1471,1428 1559,1442 1562,1442 1741,1428 1891,1442 1893,1444 2242,1444 2242,1442 2372,1428 2598,1442 2600,1442 2602,1442 2604,1442 2624,1428 2841,1428 2841,1402 2839,1369 870,1369 870,1402"/>
        <Baseline points="870,1402 2841,1402"/>
        <TextEquiv conf="0.996913648786999">
          <Unicode>9274 (6410) * Monasterii Clarae-vallis Mediolanensis possessiones confirmat. Giulini</Unicode>
        </TextEquiv>
      </TextLine>
      <TextLine id="eSc_line_f4d5574c" custom="structure {type:default;}">
        <Coords points="927,1459 927,1477 1007,1490 1009,1490 1011,1490 1053,1477 1056,1477 1058,1477 1080,1488 1082,1488 1084,1488 1307,1477 1314,1477 1356,1490 1358,1490 1360,1490 1442,1477 1528,1490 1531,1490 1533,1490 1566,1475 1566,1459 1566,1431 1089,1417 1087,1417 1011,1428 941,1417 938,1417 936,1417 934,1417 934,1419 927,1426 927,1459"/>
        <Baseline points="927,1459 1566,1459"/>
        <TextEquiv conf="0.9992228746414185">
          <Unicode>Mem. di Mil. V. 478— 479.</Unicode>
        </TextEquiv>
      </TextLine>
      <TextLine id="eSc_line_82d5ac23" custom="structure {type:default;}">
        <Coords points="351,1519 351,1543 519,1548 521,1548 523,1548 525,1548 525,1545 528,1545 532,1539 532,1514 528,1486 439,1470 437,1470 435,1470 433,1470 433,1472 415,1488 349,1488 351,1519"/>
        <Baseline points="351,1519 532,1514"/>
        <TextEquiv conf="0.9999995708465577">
          <Unicode>„ 30.</Unicode>
        </TextEquiv>
      </TextLine>
      <TextLine id="eSc_line_72a6ef3e" custom="structure {type:default;}">
        <Coords points="673,1521 673,1543 751,1530 753,1519 746,1490 671,1490 673,1521"/>
        <Baseline points="673,1521 753,1519"/>
        <TextEquiv conf="0.9997065663337708">
          <Unicode>„„</Unicode>
        </TextEquiv>
      </TextLine>
      <TextLine id="eSc_line_0a50da8a" custom="structure {type:default;}">
        <Coords points="866,1517 866,1541 2832,1545 2836,1510 2830,1466 863,1479 866,1517"/>
        <Baseline points="866,1517 2836,1510"/>
        <TextEquiv conf="0.988000216809186">
          <Unicode>9275 (6441) AGlberoni), archiepiscopo Trevirensi, et (Alberoni), episcopo Virdunensi, et</Unicode>
        </TextEquiv>
      </TextLine>
      <TextLine id="eSc_line_cd0b50d7" custom="structure {type:default;}">
        <Coords points="925,1570 925,1594 2834,1587 2836,1563 2832,1534 923,1532 925,1570"/>
        <Baseline points="925,1570 2836,1563"/>
        <TextEquiv conf="0.9999945110235459">
          <Unicode>Metensis Tullensisque ecclesiarum archidiaconis mandat, Mathaeum ducem (Lotha-</Unicode>
        </TextEquiv>
      </TextLine>
      <TextLine id="eSc_line_3c74d48f" custom="structure {type:default;}">
        <Coords points="921,1625 921,1649 2836,1645 2839,1620 2832,1594 919,1596 921,1625"/>
        <Baseline points="921,1625 2839,1620"/>
        <TextEquiv conf="0.9974479151935112">
          <Unicode>ringiae superioris) sub excommunicationis poena admoneant, ut castrum prope Tullum</Unicode>
        </TextEquiv>
      </TextLine>
      <TextLine id="eSc_line_dbe59443" custom="structure {type:default;}">
        <Coords points="923,1680 923,1702 2832,1702 2834,1676 2828,1647 921,1649 923,1680"/>
        <Baseline points="923,1680 2834,1676"/>
        <TextEquiv conf="0.9938793241977691">
          <Unicode>aedificatum destruat. Calmet Hist. de Lorr. II. Pr. p. 334, Hontheim Hist. Trev.</Unicode>
        </TextEquiv>
      </TextLine>
      <TextLine id="eSc_line_d50a9540" custom="structure {type:default;}">
        <Coords points="919,1737 919,1760 2830,1762 2834,1731 2830,1700 2202,1689 2200,1689 2198,1689 2160,1700 934,1693 932,1693 930,1693 927,1693 916,1700 919,1737"/>
        <Baseline points="919,1737 2834,1731"/>
        <TextEquiv conf="0.9909295696246473">
          <Unicode>I. 561, Benoit Hist. de Toul p. CXXVI, Bouquet Rec. XV. 451, Migne 180 p. 1354.</Unicode>
        </TextEquiv>
      </TextLine>
      <TextLine id="eSc_line_bdd4dca8" custom="structure {type:default;}">
        <Coords points="923,1788 923,1804 1221,1819 1224,1819 1334,1817 1336,1817 1376,1802 1400,1817 1402,1817 1405,1817 1407,1819 1513,1819 1513,1817 1515,1817 1566,1799 1566,1784 1559,1757 921,1757 923,1788"/>
        <Baseline points="923,1788 1566,1784"/>
        <TextEquiv conf="0.9958679727886034">
          <Unicode>— „Quemadmodum sancta“.</Unicode>
        </TextEquiv>
      </TextLine>
      <TextLine id="eSc_line_9572c753" custom="structure {type:default;}">
        <Coords points="349,1850 349,1870 430,1861 435,1863 446,1874 448,1874 450,1874 452,1877 505,1877 505,1874 508,1874 510,1874 510,1872 525,1855 525,1843 521,1815 439,1804 437,1804 435,1804 433,1804 433,1806 419,1819 417,1821 346,1821 349,1850"/>
        <Baseline points="349,1850 525,1843"/>
        <TextEquiv conf="0.9999999761581421">
          <Unicode>„ 30.</Unicode>
        </TextEquiv>
      </TextLine>
      <TextLine id="eSc_line_39399308" custom="structure {type:default;}">
        <Coords points="658,1855 658,1861 684,1874 687,1874 689,1874 691,1874 724,1857 724,1850 718,1824 656,1824 658,1855"/>
        <Baseline points="658,1855 724,1850"/>
        <TextEquiv conf="1.0">
          <Unicode>„</Unicode>
        </TextEquiv>
      </TextLine>
      <TextLine id="eSc_line_612c07b8" custom="structure {type:default;}">
        <Coords points="866,1843 866,1870 1520,1881 1522,1881 1663,1870 1676,1870 1679,1870 1701,1879 1703,1879 1705,1879 1707,1879 1710,1879 1721,1870 1727,1868 1774,1870 1919,1879 1922,1879 1924,1879 1944,1870 1948,1868 1959,1870 2001,1879 2003,1879 2169,1870 2253,1866 2357,1870 2531,1877 2534,1877 2834,1868 2836,1837 2830,1804 863,1813 866,1843"/>
        <Baseline points="866,1843 2836,1837"/>
        <TextEquiv conf="0.9918792061058872">
          <Unicode>9276 Brunoni abbati Claravallensi (d. Mediol.) monasterium Cerretense aliasque pos-</Unicode>
        </TextEquiv>
      </TextLine>
      <TextLine id="eSc_line_49d46d59" custom="structure {type:default;}">
        <Coords points="919,1899 919,1921 1243,1932 1246,1932 1352,1921 1354,1921 1356,1921 1425,1932 1427,1932 1513,1919 1528,1919 1553,1919 1690,1930 1692,1930 1966,1919 1975,1919 1977,1919 2019,1930 2021,1930 2023,1930 2383,1916 2408,1916 2432,1927 2434,1927 2436,1930 2695,1930 2695,1927 2697,1927 2746,1914 2746,1892 2739,1863 916,1868 919,1899"/>
        <Baseline points="919,1899 2746,1892"/>
        <TextEquiv conf="0.9910574027254612">
          <Unicode>sessiones asserit. Vignati Cod. dipl. Laud. I. 164. — „Quotiens illud a nobis“.</Unicode>
        </TextEquiv>
      </TextLine>
      <TextLine id="eSc_line_d8dbda0b" custom="structure {type:default;}">
        <Coords points="311,1956 311,1983 406,1989 408,1989 410,1989 413,1989 413,1987 426,1978 430,1974 466,1974 470,1974 497,1987 499,1987 501,1987 503,1987 505,1987 525,1974 525,1956 523,1914 404,1923 364,1901 360,1896 357,1896 355,1896 311,1896 311,1956"/>
        <Baseline points="311,1956 525,1956"/>
        <TextEquiv conf="0.9911974838801793">
          <Unicode>lul. 7.</Unicode>
        </TextEquiv>
      </TextLine>
      <TextLine id="eSc_line_be139749" custom="structure {type:default;}">
        <Coords points="585,1956 585,1969 755,1980 757,1980 760,1980 786,1965 786,1952 779,1916 669,1916 665,1914 647,1901 645,1901 642,1901 640,1901 583,1912 585,1956"/>
        <Baseline points="585,1956 786,1952"/>
        <TextEquiv conf="0.999909112850825">
          <Unicode>Cremae</Unicode>
        </TextEquiv>
      </TextLine>
      <TextLine id="eSc_line_a1f062a4" custom="structure {type:default;}">
        <Coords points="868,1952 868,1976 2834,1976 2836,1952 2834,1923 868,1919 868,1952"/>
        <Baseline points="868,1952 2836,1952"/>
        <TextEquiv conf="0.998862873017788">
          <Unicode>9277 (6442) Episcopatus Cremonensis ecclesias iubet Oberto episcopo obtemperare.</Unicode>
        </TextEquiv>
      </TextLine>
      <TextLine id="eSc_line_f5dad33b" custom="structure {type:default;}">
        <Coords points="921,2009 921,2033 2834,2029 2836,2005 2830,1974 919,1976 921,2009"/>
        <Baseline points="921,2009 2836,2005"/>
        <TextEquiv conf="0.9987303593329021">
          <Unicode>Ughelli It. sacr. IV. 604, Zacharias Crem. ep. ser. p. 115, Migne 180 p. 1355. — „Ad</Unicode>
        </TextEquiv>
      </TextLine>
      <TextLine id="eSc_line_fd01a486" custom="structure {type:default;}">
        <Coords points="919,2064 919,2082 1098,2093 1100,2093 1195,2073 1195,2058 1188,2027 916,2031 919,2064"/>
        <Baseline points="919,2064 1195,2058"/>
        <TextEquiv conf="0.9997059255838394">
          <Unicode>hoc sancti“.</Unicode>
        </TextEquiv>
      </TextLine>
      <TextLine id="eSc_line_4261ca1f" custom="structure {type:default;}">
        <Coords points="349,2126 349,2170 426,2170 428,2170 430,2170 430,2168 435,2166 457,2142 634,2148 755,2153 757,2153 760,2153 806,2133 806,2117 799,2078 346,2080 349,2126"/>
        <Baseline points="349,2126 806,2117"/>
        <TextEquiv conf="0.9739577678533701">
          <Unicode>„ 7. Cremonae</Unicode>
        </TextEquiv>
      </TextLine>
      <TextLine id="eSc_line_49bfd676" custom="structure {type:default;}">
        <Coords points="863,2117 863,2139 2836,2135 2839,2113 2832,2080 861,2082 863,2117"/>
        <Baseline points="863,2117 2839,2113"/>
        <TextEquiv conf="0.9998711631065462">
          <Unicode>9278 (6443) Monasterium Tollense tuendum suscipit, eiusque bona et privilegia con-</Unicode>
        </TextEquiv>
      </TextLine>
      <TextLine id="eSc_line_dbbfb2e6" custom="structure {type:default;}">
        <Coords points="916,2173 916,2195 1871,2206 1873,2206 1942,2192 1953,2192 2001,2192 2293,2203 2295,2203 2297,2203 2299,2203 2313,2192 2344,2203 2346,2203 2348,2203 2830,2190 2832,2168 2825,2139 914,2142 916,2173"/>
        <Baseline points="916,2173 2832,2168"/>
        <TextEquiv conf="0.9972342383570787">
          <Unicode>firmat, petente Alberto abbate. Campi Hist. di Piac. I. 544., Migne 180 p. 1356. —</Unicode>
        </TextEquiv>
      </TextLine>
      <TextLine id="eSc_line_d46c37d1" custom="structure {type:default;}">
        <Coords points="921,2230 921,2256 1109,2261 1111,2261 1113,2261 1146,2252 1164,2248 1182,2250 1221,2259 1224,2259 1226,2259 1263,2248 1279,2245 1294,2248 1356,2259 1358,2259 1436,2243 1438,2226 1431,2195 919,2197 921,2230"/>
        <Baseline points="921,2230 1438,2226"/>
        <TextEquiv conf="0.9998829109328133">
          <Unicode>„Quoniam sine verae“.</Unicode>
        </TextEquiv>
      </TextLine>
      <TextLine id="eSc_line_79870b9e" custom="structure {type:default;}">
        <Coords points="349,2292 351,2316 408,2298 528,2307 530,2285 523,2232 475,2234 472,2234 470,2234 470,2237 468,2239 455,2252 346,2252 349,2292"/>
        <Baseline points="349,2292 530,2285"/>
        <TextEquiv conf="0.9999904632568359">
          <Unicode>„ 7.</Unicode>
        </TextEquiv>
      </TextLine>
      <TextLine id="eSc_line_d238f8ce" custom="structure {type:default;}">
        <Coords points="642,2290 642,2298 742,2298 742,2290 742,2261 642,2256 642,2290"/>
        <Baseline points="642,2290 742,2290"/>
        <TextEquiv conf="0.5615602731704712">
          <Unicode>„</Unicode>
        </TextEquiv>
      </TextLine>
      <TextLine id="eSc_line_9dd8d25b" custom="structure {type:default;}">
        <Coords points="868,2283 868,2305 2839,2303 2839,2276 2832,2245 866,2250 868,2283"/>
        <Baseline points="868,2283 2839,2276"/>
        <TextEquiv conf="0.9999980983963932">
          <Unicode>9279 (6444) Ecclesiae Ulciensi ecclesiam b. Mariae Secusiensem a sese addictam esse</Unicode>
        </TextEquiv>
      </TextLine>
      <TextLine id="eSc_line_1694c0b9" custom="structure {type:default;}">
        <Coords points="919,2336 919,2354 2275,2358 2277,2336 2277,2307 2063,2294 2061,2294 2001,2305 1948,2294 1946,2294 1813,2305 1789,2294 1787,2294 1785,2294 1782,2294 1752,2307 1577,2307 1551,2294 1548,2294 1546,2294 1480,2305 1433,2294 1431,2294 1429,2294 1427,2294 1396,2307 919,2307 919,2336"/>
        <Baseline points="919,2336 2277,2336"/>
        <TextEquiv conf="0.9943049043416977">
          <Unicode>testatur. Ulciensis eccl. chartar. p. 18. — „Ne oblivionis“.</Unicode>
        </TextEquiv>
      </TextLine>
      <TextLine id="eSc_line_f2759269" custom="structure {type:default;}">
        <Coords points="342,2402 342,2424 375,2429 377,2429 380,2429 404,2420 433,2409 461,2415 499,2422 501,2422 503,2422 505,2422 523,2411 523,2393 517,2338 338,2349 342,2402"/>
        <Baseline points="342,2402 523,2393"/>
        <TextEquiv conf="0.9999797940254211">
          <Unicode>„ 7.</Unicode>
        </TextEquiv>
      </TextLine>
      <TextLine id="eSc_line_e3c58d9a" custom="structure {type:default;}">
        <Coords points="640,2398 638,2411 740,2418 744,2404 744,2373 640,2367 640,2398"/>
        <Baseline points="640,2398 744,2404"/>
        <TextEquiv conf="0.816820353269577">
          <Unicode>„„</Unicode>
        </TextEquiv>
      </TextLine>
      <TextLine id="eSc_line_9fa34586" custom="structure {type:default;}">
        <Coords points="866,2389 866,2413 2836,2413 2836,2389 2836,2360 866,2351 866,2389"/>
        <Baseline points="866,2389 2836,2389"/>
        <TextEquiv conf="0.9959784413492957">
          <Unicode>9280 Monasterii S. Petri Coeli-aurei Papiensis tutelam suscipit, bonaque et privilegia</Unicode>
        </TextEquiv>
      </TextLine>
      <TextLine id="eSc_line_03f5f2a6" custom="structure {type:default;}">
        <Coords points="916,2446 916,2473 1217,2482 1219,2482 1292,2475 1345,2471 1380,2475 1422,2482 1425,2482 1592,2477 1767,2471 1829,2477 1873,2482 1875,2482 1877,2482 1889,2477 1913,2468 1942,2477 1950,2479 1953,2479 1955,2479 2061,2477 2481,2468 2505,2479 2507,2479 2509,2482 2834,2482 2836,2442 2832,2415 1946,2404 1944,2404 1864,2415 1005,2407 1003,2407 914,2418 916,2446"/>
        <Baseline points="916,2446 2836,2442"/>
        <TextEquiv conf="0.9949667004795818">
          <Unicode>confirmat, petente Anselmo abbate. Wiener Sitzungsb. XCIV. 662. — „Cum omnium</Unicode>
        </TextEquiv>
      </TextLine>
      <TextLine id="eSc_line_40020501" custom="structure {type:default;}">
        <Coords points="916,2497 914,2515 956,2530 958,2530 1140,2532 1142,2532 1217,2517 1219,2502 1217,2466 916,2462 916,2497"/>
        <Baseline points="916,2497 1219,2502"/>
        <TextEquiv conf="0.9999726919027475">
          <Unicode>ecclesiarum“.</Unicode>
        </TextEquiv>
      </TextLine>
      <TextLine id="eSc_line_9d45dfeb" custom="structure {type:default;}">
        <Coords points="318,2568 318,2581 351,2597 353,2597 355,2599 382,2599 382,2597 384,2597 386,2597 386,2594 388,2594 395,2583 402,2577 536,2592 539,2561 530,2506 433,2532 377,2532 368,2524 357,2515 357,2513 355,2513 353,2513 351,2513 349,2513 315,2526 318,2568"/>
        <Baseline points="318,2568 539,2561"/>
        <TextEquiv conf="1.0">
          <Unicode>(„ 7.)</Unicode>
        </TextEquiv>
      </TextLine>
      <TextLine id="eSc_line_84cb4ef8" custom="structure {type:default;}">
        <Coords points="625,2566 625,2583 653,2603 656,2603 658,2603 660,2603 662,2603 744,2581 744,2566 744,2539 625,2539 625,2566"/>
        <Baseline points="625,2566 744,2566"/>
        <TextEquiv conf="0.9998034834861755">
          <Unicode>„</Unicode>
        </TextEquiv>
      </TextLine>
      <TextLine id="eSc_line_d8a702d4" custom="structure {type:default;}">
        <Coords points="861,2557 861,2577 2834,2574 2836,2550 2830,2513 1610,2521 1606,2519 1584,2510 1581,2510 1579,2510 1451,2521 1416,2524 1385,2521 1274,2513 1272,2513 1270,2513 1250,2524 1246,2526 1115,2526 1106,2524 1003,2513 1000,2513 934,2524 885,2513 883,2513 881,2513 879,2513 859,2521 861,2557"/>
        <Baseline points="861,2557 2836,2550"/>
        <TextEquiv conf="0.990869360110339">
          <Unicode>Concilium cum Italiae episcopis, in quo 1) lis „de praecessione“ inter (Mosem) Raven-</Unicode>
        </TextEquiv>
      </TextLine>
      <TextLine id="eSc_line_29580695" custom="structure {type:default;}">
        <Coords points="916,2610 916,2636 1654,2647 1657,2647 1736,2636 1871,2647 1873,2647 1875,2647 1900,2634 1902,2634 1911,2634 1970,2645 1972,2645 2032,2634 2041,2634 2052,2634 2149,2645 2151,2645 2288,2634 2297,2634 2302,2634 2377,2645 2379,2647 2794,2647 2794,2645 2797,2645 2834,2632 2834,2605 2828,2579 914,2581 916,2610"/>
        <Baseline points="916,2610 2834,2605"/>
        <TextEquiv conf="0.9922343628952303">
          <Unicode>natem et (Ubertum) Mediolanensem archiepiscopos diu agitata terminatur; 2.) „Medio-</Unicode>
        </TextEquiv>
      </TextLine>
      <TextLine id="eSc_line_fa0de958" custom="structure {type:default;}">
        <Coords points="916,2667 916,2691 2830,2694 2834,2661 2828,2627 914,2632 916,2667"/>
        <Baseline points="916,2667 2834,2661"/>
        <TextEquiv conf="0.9914753532409668">
          <Unicode>lanensis (Syrum) lanuensem archiepiscopum tamquam de iure suffragancum suum</Unicode>
        </TextEquiv>
      </TextLine>
      <TextLine id="eSc_line_063a576b" custom="structure {type:default;}">
        <Coords points="921,2720 921,2744 2834,2740 2836,2716 2830,2685 919,2687 921,2720"/>
        <Baseline points="921,2720 2836,2716"/>
        <TextEquiv conf="0.9955393373966217">
          <Unicode>vendicat, Ravennas (Iohannem) Placentinum“; 3) (Airardus) episcopus Maurianensis</Unicode>
        </TextEquiv>
      </TextLine>
      <TextLine id="eSc_line_bac25098" custom="structure {type:default;}">
        <Coords points="921,2775 921,2797 2834,2793 2836,2771 2832,2744 919,2744 921,2775"/>
        <Baseline points="921,2775 2836,2771"/>
        <TextEquiv conf="0.9999266870610126">
          <Unicode>adversus Mediolanensem „quaestionem proponit finium regundorum, rogans ut eum</Unicode>
        </TextEquiv>
      </TextLine>
      <TextLine id="eSc_line_4fc2bd41" custom="structure {type:default;}">
        <Coords points="919,2833 919,2853 1093,2853 1098,2853 1133,2864 1135,2864 1137,2864 1140,2864 1164,2853 1166,2853 1341,2853 1345,2853 1433,2864 1436,2864 1522,2853 1723,2862 1725,2862 1727,2862 1729,2862 1745,2850 1747,2850 1767,2850 1990,2862 1992,2862 2052,2850 2074,2862 2076,2862 2079,2862 2273,2859 2275,2859 2302,2848 2304,2848 2322,2848 2470,2859 2472,2859 2527,2848 2529,2848 2556,2859 2558,2859 2560,2862 2790,2862 2790,2859 2792,2859 2836,2846 2836,2826 2830,2797 916,2800 919,2833"/>
        <Baseline points="919,2833 2836,2826"/>
        <TextEquiv conf="0.9996454112323714">
          <Unicode>liceret egredi de cavernis montium“; 4) civitas Mutinensis (propter vexationes in</Unicode>
        </TextEquiv>
      </TextLine>
      <TextLine id="eSc_line_76cf34b0" custom="structure {type:default;}">
        <Coords points="919,2886 919,2910 2834,2903 2836,2879 2830,2848 916,2853 919,2886"/>
        <Baseline points="919,2886 2836,2879"/>
        <TextEquiv conf="0.9999891268201622">
          <Unicode>abbatiam Nonantulanam) dignitate episcopali privatur et eius dioecesis „per quatuor</Unicode>
        </TextEquiv>
      </TextLine>
      <TextLine id="eSc_line_9119438a" custom="structure {type:default;}">
        <Coords points="921,2937 921,2961 2834,2956 2836,2932 2830,2901 919,2908 921,2937"/>
        <Baseline points="921,2937 2836,2932"/>
        <TextEquiv conf="0.9974457351934343">
          <Unicode>vicinos episcopatus distribuitur“, cf. etiam ep. 9331; 5) eadem decreta ac in synodo</Unicode>
        </TextEquiv>
      </TextLine>
      <TextLine id="eSc_line_6b5e2cdc" custom="structure {type:default;}">
        <Coords points="921,2994 921,3018 1372,3029 1374,3029 1497,3018 1555,3029 1557,3029 1648,3016 1657,3016 1665,3016 1763,3027 1765,3027 2193,3014 2238,3014 2282,3014 2810,3025 2812,3025 2814,3025 2816,3025 2836,3012 2836,2987 2830,2956 919,2963 921,2994"/>
        <Baseline points="921,2994 2836,2987"/>
        <TextEquiv conf="0.9988803329405846">
          <Unicode>Remensi promulgantur. Histor. pontif. c. 21 in MG. SS. XX. 533. Cf. Bernhardi</Unicode>
        </TextEquiv>
      </TextLine>
      <TextLine id="eSc_line_c050be8c" custom="structure {type:default;}">
        <Coords points="923,3051 923,3071 1305,3071 1305,3051 1305,3018 923,3016 923,3051"/>
        <Baseline points="923,3051 1305,3051"/>
        <TextEquiv conf="0.9999979734420776">
          <Unicode>Konrad II. 731.</Unicode>
        </TextEquiv>
      </TextLine>
      <TextLine id="eSc_line_87788eed" custom="structure {type:default;}">
        <Coords points="344,3109 349,3144 391,3118 444,3118 457,3129 468,3138 468,3140 470,3140 472,3140 475,3142 503,3142 503,3140 505,3140 508,3140 508,3138 523,3118 523,3104 521,3058 468,3043 466,3043 463,3043 461,3043 459,3043 450,3049 435,3062 393,3062 371,3040 368,3040 368,3038 366,3038 364,3038 342,3038 344,3109"/>
        <Baseline points="344,3109 523,3104"/>
        <TextEquiv conf="0.9996409714221954">
          <Unicode>„ 9.</Unicode>
        </TextEquiv>
      </TextLine>
      <TextLine id="eSc_line_5fff7bf3" custom="structure {type:default;}">
        <Coords points="589,3104 589,3133 802,3131 802,3104 802,3060 589,3060 589,3104"/>
        <Baseline points="589,3104 802,3104"/>
        <TextEquiv conf="1.0">
          <Unicode>Brixiam</Unicode>
        </TextEquiv>
      </TextLine>
      <TextLine id="eSc_line_fc374456" custom="structure {type:default;}">
        <Coords points="870,3104 870,3135 1060,3124 1336,3135 1360,3135 1363,3135 1365,3135 1391,3124 1504,3135 1517,3135 1520,3138 1734,3138 1734,3135 1736,3135 1741,3135 1769,3124 1818,3135 1827,3135 1829,3135 1831,3135 1833,3135 1858,3122 1931,3133 1933,3133 1935,3133 2209,3122 2253,3133 2255,3133 2258,3133 2264,3133 2344,3122 2379,3133 2381,3133 2383,3133 2386,3133 2388,3133 2390,3133 2423,3122 2836,3131 2839,3100 2834,3067 2006,3054 2003,3054 1871,3067 1849,3067 1807,3067 1588,3056 1586,3056 1473,3067 1451,3067 1436,3067 1363,3056 1360,3056 868,3065 870,3104"/>
        <Baseline points="870,3104 2839,3100"/>
        <TextEquiv conf="0.9885396562426924">
          <Unicode>pervenit „VII. id. Iulii“. Fragmentum ap. Zaccaria Della badia di Leno p. 30. n. 7,</Unicode>
        </TextEquiv>
      </TextLine>
      <TextLine id="eSc_line_a5db5141" custom="structure {type:default;}">
        <Coords points="925,3160 925,3180 1752,3175 1754,3155 1749,3129 923,3127 925,3160"/>
        <Baseline points="925,3160 1754,3155"/>
        <TextEquiv conf="0.9999634430688971">
          <Unicode>Luchi Mon. monast. Leonensis p. 9.</Unicode>
        </TextEquiv>
      </TextLine>
      <TextLine id="eSc_line_1eb28529" custom="structure {type:default;}">
        <Coords points="346,3215 346,3237 428,3226 444,3230 477,3241 479,3241 481,3241 483,3241 528,3224 528,3215 528,3182 508,3166 505,3166 503,3166 452,3166 450,3166 448,3166 446,3166 424,3184 346,3184 346,3215"/>
        <Baseline points="346,3215 528,3215"/>
        <TextEquiv conf="0.9999999046325684">
          <Unicode>„ 15.</Unicode>
        </TextEquiv>
      </TextLine>
      <TextLine id="eSc_line_0286869e" custom="structure {type:default;}">
        <Coords points="587,3213 587,3261 782,3277 784,3208 777,3171 585,3173 587,3213"/>
        <Baseline points="587,3213 784,3208"/>
        <TextEquiv conf="0.9990405780928475">
          <Unicode>Briaiae</Unicode>
        </TextEquiv>
      </TextLine>
      <TextLine id="eSc_line_e2fd2917" custom="structure {type:default;}">
        <Coords points="872,3210 872,3241 2839,3233 2841,3202 2834,3173 870,3180 872,3210"/>
        <Baseline points="872,3210 2841,3202"/>
        <TextEquiv conf="0.9988404654643752">
          <Unicode>9281 (6445) Universo clero Romano praecipit, ut Arnaldi (Brixiensis) schismatici errores</Unicode>
        </TextEquiv>
      </TextLine>
      <TextLine id="eSc_line_a70b1107" custom="structure {type:default;}">
        <Coords points="927,3266 927,3292 2836,3288 2839,3261 2832,3230 925,3233 927,3266"/>
        <Baseline points="927,3266 2839,3261"/>
        <TextEquiv conf="0.9970947002822702">
          <Unicode>vitent; quod nisi fecerint, eos tam officiis quam beneficiis ecclesiasticis privatum iri</Unicode>
        </TextEquiv>
      </TextLine>
      <TextLine id="eSc_line_3f09eab5" custom="structure {type:default;}">
        <Coords points="925,3321 925,3345 2828,3341 2830,3316 2823,3286 923,3288 925,3321"/>
        <Baseline points="925,3321 2830,3316"/>
        <TextEquiv conf="0.9991919163026308">
          <Unicode>denunciat. Mansi XXI. 628. Manrique Ann. Cist. II. 116, Migne 180 p. 1358. —</Unicode>
        </TextEquiv>
      </TextLine>
      <TextLine id="eSc_line_16e661ed" custom="structure {type:default;}">
        <Coords points="927,3378 927,3409 1387,3392 1389,3374 1385,3345 956,3336 954,3336 952,3336 925,3345 927,3378"/>
        <Baseline points="927,3378 1389,3374"/>
        <TextEquiv conf="0.9999994933605194">
          <Unicode>„Fallax et invidus“.</Unicode>
        </TextEquiv>
      </TextLine>
      <TextLine id="eSc_line_1c8ba0e9" custom="structure {type:default;}">
        <Coords points="338,3436 338,3458 353,3469 355,3469 357,3469 360,3469 362,3469 364,3469 364,3467 371,3460 386,3447 419,3447 452,3473 466,3484 468,3484 470,3484 472,3484 525,3482 525,3429 519,3376 448,3378 446,3378 444,3378 444,3380 433,3389 419,3407 335,3407 338,3436"/>
        <Baseline points="338,3436 525,3429"/>
        <TextEquiv conf="0.999795401096344">
          <Unicode>„ 16.</Unicode>
        </TextEquiv>
      </TextLine>
      <TextLine id="eSc_line_84b35490" custom="structure {type:default;}">
        <Coords points="667,3438 667,3502 751,3520 753,3436 746,3407 665,3407 667,3438"/>
        <Baseline points="667,3438 753,3436"/>
        <TextEquiv conf="1.0">
          <Unicode>„</Unicode>
        </TextEquiv>
      </TextLine>
      <TextLine id="eSc_line_13c48fd7" custom="structure {type:default;}">
        <Coords points="872,3431 872,3456 2839,3458 2841,3425 2834,3394 870,3394 872,3431"/>
        <Baseline points="872,3431 2841,3425"/>
        <TextEquiv conf="0.9974885582923889">
          <Unicode>9282 Ecclesiae S. Agathae Cremonensis tutelam suscipit, possessionesque et privilegia</Unicode>
        </TextEquiv>
      </TextLine>
      <TextLine id="eSc_line_bfcefecb" custom="structure {type:default;}">
        <Coords points="927,3484 927,3515 1226,3513 1248,3515 1365,3526 1367,3526 1469,3515 1539,3526 1542,3526 1862,3511 1877,3511 1880,3511 1897,3524 1900,3524 1902,3524 1904,3526 2187,3526 2187,3524 2335,3509 2337,3509 2434,3522 2436,3522 2664,3509 2684,3522 2686,3522 2688,3522 2691,3524 2790,3524 2790,3522 2792,3522 2836,3504 2836,3478 2830,3449 925,3451 927,3484"/>
        <Baseline points="927,3484 2836,3478"/>
        <TextEquiv conf="0.9944711961323702">
          <Unicode>confirmat, petente Lanfranco praeposito. Wiener Sitzungsber. XCVII. 62. — „Quo-</Unicode>
        </TextEquiv>
      </TextLine>
      <TextLine id="eSc_line_67958a82" custom="structure {type:default;}">
        <Coords points="930,3539 930,3559 1261,3557 1261,3535 1254,3509 927,3511 930,3539"/>
        <Baseline points="930,3539 1261,3535"/>
        <TextEquiv conf="0.9999892155329386">
          <Unicode>tiens illud a“.</Unicode>
        </TextEquiv>
      </TextLine>
    </TextRegion>
    <TextRegion id="eSc_textblock_0f4b50e3"  custom="structure {type:default;}">
      <Coords points="1177,194 2008,203 2017,280 1129,289 1129,203 1177,194"/>
      <TextLine id="eSc_line_b20cba55" custom="structure {type:default;}">
        <Coords points="1939,200 1917,200 1895,200 1884,209 1871,218 1776,218 1749,207 1723,198 1718,198 1703,198 1692,207 1676,216 1668,209 1668,207 1665,207 1663,207 1661,207 1575,218 1511,205 1509,205 1506,205 1504,205 1467,218 1422,203 1409,198 1407,198 1279,198 1277,198 1274,198 1268,200 1241,212 1144,200 1146,265 1146,282 1241,298 1243,300 1429,300 1429,298 1431,298 1453,287 1462,282 1999,291 2001,258 1997,212 1944,200 1939,200"/>
        <Baseline points="1146,265 2001,258"/>
        <TextEquiv conf="0.9990731254220009">
          <Unicode>ECGEXIUS III. 1145—1153.</Unicode>
        </TextEquiv>
      </TextLine>
    </TextRegion>
  </Page>
</PcGts>
