<?xml version="1.0" encoding="UTF-8"  standalone="yes"?>
<PcGts xmlns="http://schema.primaresearch.org/PAGE/gts/pagecontent/2019-07-15" xmlns:xsi="http://www.w3.org/2001/XMLSchema-instance" xsi:schemaLocation="http://schema.primaresearch.org/PAGE/gts/pagecontent/2019-07-15 http://schema.primaresearch.org/PAGE/gts/pagecontent/2019-07-15/pagecontent.xsd">
  <Metadata externalRef="pdf//regestapontificu02cath.pdf">
	<Creator>escriptorium</Creator>
	<Created>2026-01-31T10:22:34.186338+00:00</Created>
        <LastChange>2026-02-01T14:26:18.602064+00:00</LastChange>
  </Metadata>
  <Page imageFilename="regestapontificu02cath.pdf_page_69.png" imageWidth="3007" imageHeight="3975">
    <TextRegion id="eSc_textblock_cb365d6b"  custom="structure {type:default;}">
      <Coords points="2686,335 2786,353 2777,474 2724,512 2706,618 2697,3610 150,3601 114,1949 132,750 106,636 176,379 406,353 669,379 680,353 813,344 2686,335"/>
      <TextLine id="eSc_line_dca3da97" custom="structure {type:default;}">
        <Coords points="2218,335 2198,335 2187,342 2174,348 1858,348 1822,344 1774,337 1754,337 1732,340 1729,340 1705,344 1681,348 1659,344 1630,340 1621,340 1599,340 1579,340 1551,346 1535,348 1506,346 1442,340 1422,340 1400,340 1378,340 1356,340 1334,340 1312,340 1296,340 1283,340 1268,342 1246,342 1091,348 1038,351 996,351 821,342 804,344 782,344 760,346 737,348 715,348 693,351 671,366 673,404 673,424 707,441 709,441 711,441 835,426 879,437 881,437 883,437 1104,426 1131,441 1133,441 1135,441 1137,441 1265,439 1268,439 1314,424 1316,424 1411,439 1414,441 1634,441 1634,439 1637,439 1670,424 1866,439 1869,439 1871,439 1873,439 1895,421 1897,421 1953,421 1959,421 2017,437 2019,437 2021,439 2121,439 2121,437 2123,437 2125,437 2147,421 2151,421 2200,421 2202,421 2222,437 2224,437 2227,437 2229,437 2372,421 2386,421 2399,421 2565,437 2567,437 2569,437 2596,421 2596,397 2589,340 2339,346 2284,340 2235,335 2218,335"/>
        <Baseline points="673,404 2596,397"/>
        <TextEquiv conf="0.978311961126882">
          <Unicode>1148. (Int. 11. — 25. Sept. — 12. pont. a. 3. — 1s. La6r. — 1. 1117. 25. Mert. — 114.)</Unicode>
        </TextEquiv>
      </TextLine>
      <TextLine id="eSc_line_3b078226" custom="structure {type:default;}">
        <Coords points="757,468 757,490 2664,492 2668,461 2662,419 755,421 757,468"/>
        <Baseline points="757,468 2668,461"/>
        <TextEquiv conf="0.9952733211574101">
          <Unicode>retentum esse. Rosam auream per P(etrum) episcopum Segoviensem mittit. Gratias agit.</Unicode>
        </TextEquiv>
      </TextLine>
      <TextLine id="eSc_line_994fe4d0" custom="structure {type:default;}">
        <Coords points="760,518 757,545 1277,554 1279,554 1321,545 1338,543 1365,545 1438,554 1440,554 1502,545 1524,543 1559,545 1665,554 1668,554 1670,554 1703,545 1714,543 1782,545 2048,556 2050,556 2052,556 2090,545 2092,545 2353,545 2355,545 2414,556 2417,556 2419,556 2450,545 2666,545 2668,523 2666,494 760,490 760,518"/>
        <Baseline points="760,518 2668,523"/>
        <TextEquiv conf="0.9988859119238677">
          <Unicode>quod episcopos interesse concilio Remensi voluerit. Mansi XXI. 672, Aguirre Conc.</Unicode>
        </TextEquiv>
      </TextLine>
      <TextLine id="eSc_line_f6ed7de5" custom="structure {type:default;}">
        <Coords points="764,571 762,591 863,607 866,607 921,596 943,607 945,607 947,607 1482,598 1500,609 1502,609 1504,609 1506,609 2012,596 2014,576 2012,543 764,538 764,571"/>
        <Baseline points="764,571 2014,576"/>
        <TextEquiv conf="0.9990999853610992">
          <Unicode>V. 64, Migne 180 p. 1345. — „In pastorum specula“.</Unicode>
        </TextEquiv>
      </TextLine>
      <TextLine id="eSc_line_fd7e1eed" custom="structure {type:default;}">
        <Coords points="152,636 152,660 198,675 201,675 203,675 377,655 377,629 373,567 148,567 152,636"/>
        <Baseline points="152,636 377,629"/>
        <TextEquiv conf="0.9999652355909348">
          <Unicode>Apr. 26.</Unicode>
        </TextEquiv>
      </TextLine>
      <TextLine id="eSc_line_e4a34abd" custom="structure {type:default;}">
        <Coords points="413,684 638,677 638,629 638,543 479,534 477,534 475,534 468,536 437,545 415,534 413,629 413,684"/>
        <Baseline points="413,629 638,629"/>
        <TextEquiv conf="0.8558671985353742">
          <Unicode>Laaani-</Unicode>
        </TextEquiv>
      </TextLine>
      <TextLine id="eSc_line_6da9a33c" custom="structure {type:default;}">
        <Coords points="704,631 704,655 2668,649 2671,624 2666,594 702,594 704,631"/>
        <Baseline points="704,631 2671,624"/>
        <TextEquiv conf="0.9951558226630801">
          <Unicode>9256 (6431) Sugerio, abbati S. Dionysii, mandat, ut Abbatis-villae priorem ecclesiac</Unicode>
        </TextEquiv>
      </TextLine>
      <TextLine id="eSc_line_4de1221b" custom="structure {type:default;}">
        <Coords points="755,686 755,706 2668,704 2671,682 2666,653 753,651 755,686"/>
        <Baseline points="755,686 2671,682"/>
        <TextEquiv conf="0.9970880325247602">
          <Unicode>S. Genovefae abbatem praeficiat, eique octo fratres ecclesiae S. Martini de Campis</Unicode>
        </TextEquiv>
      </TextLine>
      <TextLine id="eSc_line_88fc18d9" custom="structure {type:default;}">
        <Coords points="757,739 757,772 976,761 1259,770 1314,770 1316,770 2668,757 2671,735 2664,706 755,706 757,739"/>
        <Baseline points="757,739 2671,735"/>
        <TextEquiv conf="0.9904244013979465">
          <Unicode>adiungat. Mabillon Ann. ord. Ben. VI. 415, Duchesne Hist. Fr. SS. IV. 501, Bou-</Unicode>
        </TextEquiv>
      </TextLine>
      <TextLine id="eSc_line_ace9965b" custom="structure {type:default;}">
        <Coords points="757,795 757,819 2671,817 2671,795 2671,764 757,761 757,795"/>
        <Baseline points="757,795 2671,795"/>
        <TextEquiv conf="0.9898804286857704">
          <Unicode>quet Rec. XV. 449, Mansi XXI. 637, Migne 180 p. 1347. — „Officii nostri nos“.</Unicode>
        </TextEquiv>
      </TextLine>
      <TextLine id="eSc_line_2adbee1e" custom="structure {type:default;}">
        <Coords points="190,867 190,907 231,909 234,909 236,909 238,909 238,907 240,907 251,892 366,901 366,859 360,812 265,828 185,819 190,867"/>
        <Baseline points="190,867 366,859"/>
        <TextEquiv conf="0.9245076298713684">
          <Unicode>„ 29.</Unicode>
        </TextEquiv>
      </TextLine>
      <TextLine id="eSc_line_e04637be" custom="structure {type:default;}">
        <Coords points="486,874 486,905 585,898 585,870 581,814 543,803 541,803 539,803 481,810 486,874"/>
        <Baseline points="486,874 585,870"/>
        <TextEquiv conf="0.9999998807907104">
          <Unicode>„</Unicode>
        </TextEquiv>
      </TextLine>
      <TextLine id="eSc_line_6f98170e" custom="structure {type:default;}">
        <Coords points="702,863 702,881 2666,885 2671,859 2666,830 2224,830 2207,817 2204,817 2202,817 2200,817 2198,817 2196,817 2178,830 2059,830 2039,817 2037,817 2034,817 2032,817 1866,828 1840,817 1838,817 1836,817 1758,828 1743,817 1741,817 1738,817 1736,817 1637,830 1592,819 1590,819 1588,819 1586,819 1553,830 1522,819 1520,819 1517,819 1442,830 1336,819 1334,819 1217,830 1179,819 1177,819 715,819 713,819 711,819 709,819 700,823 702,863"/>
        <Baseline points="702,863 2671,859"/>
        <TextEquiv conf="0.996360727821488">
          <Unicode>9257 (6432) Canonicos ecclesiae S. Genovefae de superiore epistola certiores facit.</Unicode>
        </TextEquiv>
      </TextLine>
      <TextLine id="eSc_line_ba65e7ac" custom="structure {type:default;}">
        <Coords points="757,916 757,945 2666,945 2668,909 2662,881 755,881 757,916"/>
        <Baseline points="757,916 2668,909"/>
        <TextEquiv conf="0.9943151891916647">
          <Unicode>Praecipit, ut priorem Abbatis-villae et fratres S. Martini de Campis honeste recipiant:</Unicode>
        </TextEquiv>
      </TextLine>
      <TextLine id="eSc_line_e6186583" custom="structure {type:default;}">
        <Coords points="760,971 760,993 2671,991 2673,965 2668,938 2171,938 2114,925 2112,925 2109,925 2107,925 2092,936 1889,927 1886,927 1747,938 1736,938 1729,938 1654,927 1652,927 1586,938 1581,938 1579,938 1546,927 1544,927 1542,927 1467,938 1464,938 1460,938 1398,927 1396,927 1321,938 1316,940 757,940 760,971"/>
        <Baseline points="760,971 2673,965"/>
        <TextEquiv conf="0.9974305835508165">
          <Unicode>quorum „sustentationi beneficium decanatus, et praebendas Silvanectensis episcopi et</Unicode>
        </TextEquiv>
      </TextLine>
      <TextLine id="eSc_line_84775e39" custom="structure {type:default;}">
        <Coords points="757,1024 757,1044 2668,1046 2671,1024 2671,995 757,995 757,1024"/>
        <Baseline points="757,1024 2671,1024"/>
        <TextEquiv conf="0.9964753864776521">
          <Unicode>Gregorii diaconi cardinalis et Autissiodorensis thesaurarii deputat“. Duchesne Hist.</Unicode>
        </TextEquiv>
      </TextLine>
      <TextLine id="eSc_line_51a6d7a0" custom="structure {type:default;}">
        <Coords points="760,1082 760,1104 2668,1099 2671,1077 2664,1046 1984,1046 1953,1035 1950,1035 1948,1035 1855,1046 1721,1037 1718,1037 1716,1037 1714,1037 1701,1048 1486,1037 1484,1037 1409,1048 1374,1037 1372,1037 1369,1037 1301,1048 1164,1037 1162,1037 1159,1037 1131,1048 1056,1037 1053,1037 1051,1037 1025,1048 1009,1037 1007,1037 1005,1037 870,1037 868,1037 866,1037 819,1048 777,1037 775,1037 773,1037 771,1037 768,1037 757,1046 760,1082"/>
        <Baseline points="760,1082 2671,1077"/>
        <TextEquiv conf="0.9904610443115235">
          <Unicode>Fr. SS. IV. 501, Bouquet Rec. XV. 450, Mansi XXI. 637, Migne 180 p. 1347. —</Unicode>
        </TextEquiv>
      </TextLine>
      <TextLine id="eSc_line_28a997b8" custom="structure {type:default;}">
        <Coords points="760,1135 760,1157 1367,1150 1369,1130 1363,1095 757,1097 760,1135"/>
        <Baseline points="760,1135 1369,1130"/>
        <TextEquiv conf="0.9972297421523503">
          <Unicode>„Quisquis catholicae fidei“.</Unicode>
        </TextEquiv>
      </TextLine>
      <TextLine id="eSc_line_ec444e62" custom="structure {type:default;}">
        <Coords points="187,1199 187,1221 240,1210 2673,1210 2675,1185 2673,1154 2635,1143 2633,1143 2631,1143 2629,1143 2604,1157 1820,1157 1785,1141 1782,1141 1780,1141 1716,1154 1480,1143 1478,1143 1416,1154 1360,1141 1358,1141 1188,1141 1186,1141 1124,1154 938,1141 936,1141 832,1154 808,1143 806,1143 804,1143 525,1152 477,1141 475,1141 472,1141 185,1157 187,1199"/>
        <Baseline points="187,1199 446,1185 2675,1185"/>
        <TextEquiv conf="0.9990852046938776">
          <Unicode>„ 30. In territorio 9258 G(uillelmo) episcopo Rotensi iterum mandat, ut Dodoni episcopo Oscensi adiudi-</Unicode>
        </TextEquiv>
      </TextLine>
      <TextLine id="eSc_line_a631c06c" custom="structure {type:default;}">
        <Coords points="393,1245 393,1265 501,1276 503,1278 503,1276 658,1260 660,1241 653,1212 391,1214 393,1245"/>
        <Baseline points="393,1245 660,1241"/>
        <TextEquiv conf="0.9999900698661804">
          <Unicode>Lingonensi</Unicode>
        </TextEquiv>
      </TextLine>
      <TextLine id="eSc_line_637a5153" custom="structure {type:default;}">
        <Coords points="755,1245 755,1267 2675,1267 2675,1245 2675,1216 755,1216 755,1245"/>
        <Baseline points="755,1245 2675,1245"/>
        <TextEquiv conf="0.9956768497653391">
          <Unicode>catas ecclesias, remota omni dilatione, restituat. (Pro „II. kal. Mad.“ fortasse legen-</Unicode>
        </TextEquiv>
      </TextLine>
      <TextLine id="eSc_line_2b0ac8cb" custom="structure {type:default;}">
        <Coords points="757,1300 757,1316 837,1329 839,1329 841,1329 868,1316 870,1316 1058,1316 1060,1316 1071,1327 1073,1327 1075,1327 1078,1327 1157,1316 1159,1316 1173,1327 1175,1327 1177,1327 1319,1329 1321,1329 1323,1329 1367,1316 1389,1329 1391,1329 1394,1329 1396,1329 1504,1327 1506,1327 1509,1327 1520,1316 1544,1327 1546,1327 1548,1327 1672,1325 1674,1325 1676,1325 1687,1313 1690,1313 1699,1313 1838,1327 1840,1327 1919,1313 1922,1313 1924,1313 1995,1327 1997,1329 2204,1329 2204,1327 2207,1327 2209,1327 2227,1313 2273,1327 2275,1327 2277,1327 2280,1327 2317,1311 2317,1296 2313,1265 777,1258 775,1258 773,1258 771,1258 755,1265 757,1300"/>
        <Baseline points="757,1300 2317,1296"/>
        <TextEquiv conf="0.9953673289668176">
          <Unicode>dum est „V. kal. Mad.“.) Neues Archiv VI. 354. — „Miramur et“.</Unicode>
        </TextEquiv>
      </TextLine>
      <TextLine id="eSc_line_d747aa1c" custom="structure {type:default;}">
        <Coords points="150,1369 150,1395 220,1402 223,1402 225,1402 276,1389 298,1382 304,1386 331,1400 333,1400 335,1400 338,1400 340,1400 366,1382 366,1364 362,1331 159,1318 156,1318 154,1318 152,1318 152,1320 148,1322 150,1369"/>
        <Baseline points="150,1369 366,1364"/>
        <TextEquiv conf="0.9975982308387756">
          <Unicode>Mai. 5.</Unicode>
        </TextEquiv>
      </TextLine>
      <TextLine id="eSc_line_ab20e705" custom="structure {type:default;}">
        <Coords points="424,1366 424,1391 629,1386 631,1362 627,1329 583,1318 581,1318 545,1322 494,1331 421,1316 424,1366"/>
        <Baseline points="424,1366 631,1362"/>
        <TextEquiv conf="0.9999999701976776">
          <Unicode>Bisuntii</Unicode>
        </TextEquiv>
      </TextLine>
      <TextLine id="eSc_line_78be628f" custom="structure {type:default;}">
        <Coords points="704,1366 704,1389 2673,1389 2675,1362 2671,1333 702,1333 704,1366"/>
        <Baseline points="704,1366 2675,1362"/>
        <TextEquiv conf="0.9905982858994428">
          <Unicode>Ecclesiam S. Iohannis consecrat „3. non. Maii“. Martyrol. Vesont. in Act. SS. Iun. T.</Unicode>
        </TextEquiv>
      </TextLine>
      <TextLine id="eSc_line_9f93a68d" custom="structure {type:default;}">
        <Coords points="757,1419 757,1435 841,1446 843,1446 936,1431 936,1415 932,1386 846,1373 843,1373 841,1373 839,1373 824,1386 777,1375 775,1375 773,1375 771,1375 768,1375 755,1384 757,1419"/>
        <Baseline points="757,1419 936,1415"/>
        <TextEquiv conf="0.9998765076909747">
          <Unicode>I. 699.</Unicode>
        </TextEquiv>
      </TextLine>
      <TextLine id="eSc_line_f85e7470" custom="structure {type:default;}">
        <Coords points="190,1486 190,1499 205,1510 207,1510 209,1510 212,1510 214,1510 216,1510 227,1499 240,1488 273,1488 357,1506 362,1479 360,1453 302,1437 300,1437 298,1437 296,1437 293,1437 267,1455 262,1457 187,1457 190,1486"/>
        <Baseline points="190,1486 362,1479"/>
        <TextEquiv conf="0.8878442943096161">
          <Unicode>„ 7.</Unicode>
        </TextEquiv>
      </TextLine>
      <TextLine id="eSc_line_cd2fdfbe" custom="structure {type:default;}">
        <Coords points="499,1486 499,1497 528,1510 530,1510 532,1510 534,1510 583,1492 583,1481 576,1446 497,1453 499,1486"/>
        <Baseline points="499,1486 583,1481"/>
        <TextEquiv conf="0.9998727142810822">
          <Unicode>„„</Unicode>
        </TextEquiv>
      </TextLine>
      <TextLine id="eSc_line_a777cba0" custom="structure {type:default;}">
        <Coords points="702,1472 702,1497 2673,1490 2675,1464 2671,1437 718,1433 715,1433 713,1433 711,1433 700,1439 702,1472"/>
        <Baseline points="702,1472 2675,1464"/>
        <TextEquiv conf="0.9948456079460853">
          <Unicode>9259 (6433) Hugoni, episcopo Autissiodorensi, concedit, ne S. Germani abbas ab abliate</Unicode>
        </TextEquiv>
      </TextLine>
      <TextLine id="eSc_line_e4e10403" custom="structure {type:default;}">
        <Coords points="760,1528 760,1550 2673,1548 2675,1523 2668,1497 757,1499 760,1528"/>
        <Baseline points="760,1528 2675,1523"/>
        <TextEquiv conf="0.9999630278851612">
          <Unicode>Cluniacensi posthac per baculum investiatur. Gall. Chr. XII. Instr. p. 122, Bouquct</Unicode>
        </TextEquiv>
      </TextLine>
      <TextLine id="eSc_line_9fa018bb" custom="structure {type:default;}">
        <Coords points="760,1583 760,1603 2242,1603 2244,1583 2242,1554 760,1550 760,1583"/>
        <Baseline points="760,1583 2244,1583"/>
        <TextEquiv conf="0.9965257523423534">
          <Unicode>Rec. XV. 450, Migne 180 p. 1348. — „Postquam controversia“.</Unicode>
        </TextEquiv>
      </TextLine>
      <TextLine id="eSc_line_4f6e24cb" custom="structure {type:default;}">
        <Coords points="185,1649 185,1704 240,1704 240,1702 243,1702 245,1702 256,1696 298,1669 335,1669 353,1682 360,1645 355,1605 183,1603 185,1649"/>
        <Baseline points="185,1649 360,1645"/>
        <TextEquiv conf="0.9658307731151581">
          <Unicode>„ 7.</Unicode>
        </TextEquiv>
      </TextLine>
      <TextLine id="eSc_line_01c5232d" custom="structure {type:default;}">
        <Coords points="505,1645 505,1656 576,1651 576,1645 576,1618 505,1618 505,1645"/>
        <Baseline points="505,1645 576,1645"/>
        <TextEquiv conf="0.9999995231628418">
          <Unicode>„</Unicode>
        </TextEquiv>
      </TextLine>
      <TextLine id="eSc_line_a8154329" custom="structure {type:default;}">
        <Coords points="704,1631 702,1654 2673,1658 2677,1636 2677,1607 704,1601 704,1631"/>
        <Baseline points="704,1631 2677,1636"/>
        <TextEquiv conf="0.9960751365212833">
          <Unicode>0260 (6434) Ecclesiae S. Sepulcri Hierosolymitanae protectionem suscipit bonaque con-</Unicode>
        </TextEquiv>
      </TextLine>
      <TextLine id="eSc_line_6bc7a269" custom="structure {type:default;}">
        <Coords points="760,1693 760,1718 2671,1709 2673,1684 2666,1658 757,1665 760,1693"/>
        <Baseline points="760,1693 2673,1684"/>
        <TextEquiv conf="0.9921940206045128">
          <Unicode>firmat, petente Petro priore. Roziére Cartulaire du saint sépulcre p. 42, Migne 180</Unicode>
        </TextEquiv>
      </TextLine>
      <TextLine id="eSc_line_0e36065c" custom="structure {type:default;}">
        <Coords points="760,1751 760,1773 1562,1764 1564,1766 1573,1773 1573,1775 1575,1775 1577,1775 1579,1777 1778,1777 1778,1775 1780,1775 1824,1762 1824,1746 1820,1718 1290,1707 1288,1707 1285,1707 1283,1707 1268,1718 837,1709 835,1709 757,1720 760,1751"/>
        <Baseline points="760,1751 1824,1746"/>
        <TextEquiv conf="0.9995826913955363">
          <Unicode>p. 1348. — „Incomprehensibilis et ineffabilis“.</Unicode>
        </TextEquiv>
      </TextLine>
      <TextLine id="eSc_line_c8434756" custom="structure {type:default;}">
        <Coords points="192,1828 192,1861 227,1861 227,1859 229,1859 231,1859 231,1857 245,1846 258,1832 300,1832 300,1824 291,1777 254,1788 238,1775 236,1773 236,1771 234,1771 231,1771 229,1771 187,1771 192,1828"/>
        <Baseline points="192,1828 300,1824"/>
        <TextEquiv conf="0.9999996423721313">
          <Unicode>„</Unicode>
        </TextEquiv>
      </TextLine>
      <TextLine id="eSc_line_9ddaa838" custom="structure {type:default;}">
        <Coords points="386,1819 386,1832 607,1846 609,1846 967,1835 1087,1832 1182,1837 1365,1843 1367,1843 1429,1837 1467,1832 1475,1837 1491,1843 1493,1843 1495,1843 1497,1843 1517,1837 1537,1830 1595,1837 1634,1841 1637,1841 1659,1837 1696,1830 2664,1839 2668,1815 2662,1775 384,1775 386,1819"/>
        <Baseline points="386,1819 2668,1815"/>
        <TextEquiv conf="0.9954160574785212">
          <Unicode>in montanis, Iurensibus, inter Pontem-Arleium et villam Iuniam. Vide Petri venerab. epist. L. VI.</Unicode>
        </TextEquiv>
      </TextLine>
      <TextLine id="eSc_line_736a52ee" custom="structure {type:default;}">
        <Coords points="760,1868 760,1890 2039,1890 2041,1866 2037,1839 870,1828 868,1828 757,1839 760,1868"/>
        <Baseline points="760,1868 2041,1866"/>
        <TextEquiv conf="0.995554319134465">
          <Unicode>ep. 43 in Bibl. Cluniac. p. 947, ap. Migne 189 p. 461.</Unicode>
        </TextEquiv>
      </TextLine>
      <TextLine id="eSc_line_bd776459" custom="structure {type:default;}">
        <Coords points="194,1932 194,1956 258,1969 260,1969 368,1945 368,1927 362,1885 192,1896 194,1932"/>
        <Baseline points="194,1932 368,1927"/>
        <TextEquiv conf="0.9693878412246704">
          <Unicode>„ 14.</Unicode>
        </TextEquiv>
      </TextLine>
      <TextLine id="eSc_line_8acca406" custom="structure {type:default;}">
        <Coords points="406,1925 406,1947 486,1965 488,1965 658,1941 658,1919 649,1874 625,1888 404,1888 406,1925"/>
        <Baseline points="406,1925 658,1919"/>
        <TextEquiv conf="1.0">
          <Unicode>Lausaniae</Unicode>
        </TextEquiv>
      </TextLine>
      <TextLine id="eSc_line_8d75ca8e" custom="structure {type:default;}">
        <Coords points="695,1921 695,1947 2675,1947 2675,1921 2675,1894 695,1894 695,1921"/>
        <Baseline points="695,1921 2675,1921"/>
        <TextEquiv conf="0.9993133193039032">
          <Unicode>9261 (6435) Ecclesiae ad Plebem martyrum (Ulciensis) protectionem suscipit, posses-</Unicode>
        </TextEquiv>
      </TextLine>
      <TextLine id="eSc_line_fc8cd253" custom="structure {type:default;}">
        <Coords points="762,1978 762,1998 2668,2005 2673,1974 2666,1947 760,1949 762,1978"/>
        <Baseline points="762,1978 2673,1974"/>
        <TextEquiv conf="0.9916142709553242">
          <Unicode>sionesque confirmat, petente Petro praeposito. Hist. Patr. Mon. Script. II. 398,</Unicode>
        </TextEquiv>
      </TextLine>
      <TextLine id="eSc_line_c28a620d" custom="structure {type:default;}">
        <Coords points="764,2033 764,2058 2673,2055 2675,2027 2671,2000 762,2000 764,2033"/>
        <Baseline points="764,2033 2675,2027"/>
        <TextEquiv conf="0.9987383973167603">
          <Unicode>Migne 180 p. 1350, (Ulciensis eccl. chartar. p. 5, cum additam. in Miscel. di stor.</Unicode>
        </TextEquiv>
      </TextLine>
      <TextLine id="eSc_line_9b0d2b08" custom="structure {type:default;}">
        <Coords points="760,2089 760,2106 1557,2115 1559,2115 1562,2115 1610,2102 1610,2084 1606,2055 773,2047 771,2047 768,2047 766,2047 757,2051 760,2089"/>
        <Baseline points="760,2089 1610,2084"/>
        <TextEquiv conf="0.9978082014454736">
          <Unicode>ital. XX. 563). — „Piae postulatio“.</Unicode>
        </TextEquiv>
      </TextLine>
      <TextLine id="eSc_line_79addb9e" custom="structure {type:default;}">
        <Coords points="192,2150 192,2199 234,2206 236,2206 238,2206 240,2206 245,2201 273,2175 320,2175 364,2201 371,2146 366,2113 293,2102 291,2102 289,2102 265,2115 262,2115 260,2115 227,2104 225,2104 223,2104 220,2104 190,2113 192,2150"/>
        <Baseline points="192,2150 371,2146"/>
        <TextEquiv conf="0.9990758299827576">
          <Unicode>„ 17.</Unicode>
        </TextEquiv>
      </TextLine>
      <TextLine id="eSc_line_3b60b104" custom="structure {type:default;}">
        <Coords points="505,2153 508,2203 609,2157 609,2148 603,2120 541,2122 503,2108 505,2153"/>
        <Baseline points="505,2153 609,2148"/>
        <TextEquiv conf="0.996553897857666">
          <Unicode>„„</Unicode>
        </TextEquiv>
      </TextLine>
      <TextLine id="eSc_line_aecf27fb" custom="structure {type:default;}">
        <Coords points="704,2146 704,2166 2675,2159 2677,2137 2673,2108 720,2104 718,2104 715,2104 713,2104 702,2111 704,2146"/>
        <Baseline points="704,2146 2677,2137"/>
        <TextEquiv conf="0.99538996849937">
          <Unicode>9262 (6436) Monasterii Bellelagiensis protectionem suscipit, bonaque confirmat, petente</Unicode>
        </TextEquiv>
      </TextLine>
      <TextLine id="eSc_line_7bee677a" custom="structure {type:default;}">
        <Coords points="760,2199 760,2219 2675,2217 2677,2192 2673,2164 1398,2155 1396,2155 1394,2155 1365,2166 779,2157 777,2157 775,2157 773,2157 757,2164 760,2199"/>
        <Baseline points="760,2199 2677,2192"/>
        <TextEquiv conf="0.9932540956838631">
          <Unicode>Giraldo abbate. Hugo O. P. A. I. Pr. p. 217, Trouillat Mon. de Bale I. 311, Gall.</Unicode>
        </TextEquiv>
      </TextLine>
      <TextLine id="eSc_line_5f0639aa" custom="structure {type:default;}">
        <Coords points="760,2252 760,2274 1162,2285 1164,2285 1166,2285 1197,2274 1199,2274 1201,2274 1296,2285 1299,2285 1301,2285 1303,2285 1321,2274 1414,2283 1416,2283 1557,2272 1575,2272 1579,2272 1619,2283 1621,2283 1623,2283 1626,2283 1628,2283 1646,2272 1648,2272 1869,2272 1871,2272 1915,2283 1917,2283 1919,2283 2591,2267 2593,2245 2589,2219 1981,2208 1979,2208 1977,2208 1975,2208 1957,2219 777,2212 775,2212 773,2212 771,2212 757,2219 760,2252"/>
        <Baseline points="760,2252 2593,2245"/>
        <TextEquiv conf="0.9981304438490617">
          <Unicode>Chr. XV. Instr. p. 205, Migne 180 p. 1352. — „Religiosam vitam eligentibus“.</Unicode>
        </TextEquiv>
      </TextLine>
      <TextLine id="eSc_line_4792b567" custom="structure {type:default;}">
        <Coords points="192,2343 278,2334 296,2347 298,2347 300,2347 371,2349 373,2318 366,2256 313,2259 311,2259 309,2259 302,2265 262,2294 207,2294 192,2279 192,2323 192,2343"/>
        <Baseline points="192,2323 373,2318"/>
        <TextEquiv conf="0.9967759728431702">
          <Unicode>„ 17.</Unicode>
        </TextEquiv>
      </TextLine>
      <TextLine id="eSc_line_3d5afdfd" custom="structure {type:default;}">
        <Coords points="505,2325 505,2332 547,2351 550,2351 552,2351 554,2351 556,2351 556,2349 558,2349 574,2329 598,2329 600,2320 594,2283 503,2294 505,2325"/>
        <Baseline points="505,2325 600,2320"/>
        <TextEquiv conf="1.0">
          <Unicode>„</Unicode>
        </TextEquiv>
      </TextLine>
      <TextLine id="eSc_line_97ebefc0" custom="structure {type:default;}">
        <Coords points="707,2318 707,2343 2675,2336 2677,2312 2673,2285 2149,2274 2147,2274 2001,2285 1992,2285 1961,2285 1409,2276 1407,2276 704,2287 707,2318"/>
        <Baseline points="707,2318 2677,2312"/>
        <TextEquiv conf="0.9924994809874172">
          <Unicode>9263 Monasterii S. Mariae de Argonia patrocinium suscipit, ac disciplinam possessiones-</Unicode>
        </TextEquiv>
      </TextLine>
      <TextLine id="eSc_line_0101fb5f" custom="structure {type:default;}">
        <Coords points="764,2373 764,2393 2677,2393 2677,2373 2677,2345 764,2345 764,2373"/>
        <Baseline points="764,2373 2677,2373"/>
        <TextEquiv conf="0.9998666234314442">
          <Unicode>que confirmat, petente G(ervasio) abbate. Cartul. de Moutier-en-Argonne ms. lat.</Unicode>
        </TextEquiv>
      </TextLine>
      <TextLine id="eSc_line_e1c715ea" custom="structure {type:default;}">
        <Coords points="766,2426 766,2449 2673,2444 2675,2422 2668,2393 764,2396 766,2426"/>
        <Baseline points="766,2426 2675,2422"/>
        <TextEquiv conf="0.9877038605072919">
          <Unicode>10946. s. XII. f. 2, ms. lat. 9905. s. XVI. f. 47 in bibl. nat. Paris., (Neues Archiv</Unicode>
        </TextEquiv>
      </TextLine>
      <TextLine id="eSc_line_70e63918" custom="structure {type:default;}">
        <Coords points="766,2482 766,2502 1159,2513 1162,2513 1471,2499 1493,2499 1517,2510 1520,2510 1522,2513 1727,2513 1727,2510 1729,2510 1774,2497 1774,2477 1769,2451 764,2451 766,2482"/>
        <Baseline points="766,2482 1774,2477"/>
        <TextEquiv conf="0.9912034625356848">
          <Unicode>VII. 93). — „Apostolicae sedis auctoritate“.</Unicode>
        </TextEquiv>
      </TextLine>
      <TextLine id="eSc_line_f0ee44fa" custom="structure {type:default;}">
        <Coords points="194,2541 194,2579 231,2579 231,2577 234,2577 236,2577 236,2574 256,2557 298,2570 300,2570 302,2570 304,2570 335,2563 340,2568 349,2574 349,2577 351,2577 353,2577 355,2577 357,2577 375,2566 375,2541 375,2457 329,2457 326,2457 324,2457 322,2457 322,2460 307,2473 276,2506 245,2506 229,2493 220,2484 218,2484 216,2484 214,2484 212,2484 209,2484 194,2495 194,2541"/>
        <Baseline points="194,2541 375,2541"/>
        <TextEquiv conf="0.9330002903938294">
          <Unicode>„ 11.</Unicode>
        </TextEquiv>
      </TextLine>
      <TextLine id="eSc_line_5594a271" custom="structure {type:default;}">
        <Coords points="505,2546 505,2555 596,2548 596,2541 587,2502 558,2515 503,2510 505,2546"/>
        <Baseline points="505,2546 596,2541"/>
        <TextEquiv conf="0.8913532793521881">
          <Unicode>„„</Unicode>
        </TextEquiv>
      </TextLine>
      <TextLine id="eSc_line_15570127" custom="structure {type:default;}">
        <Coords points="709,2537 709,2559 2677,2555 2680,2532 2675,2506 1696,2495 1694,2495 1692,2495 1661,2506 1659,2508 707,2508 709,2537"/>
        <Baseline points="709,2537 2680,2532"/>
        <TextEquiv conf="0.9880527056926904">
          <Unicode>9264 Siginando, praeposito ecclesiae Grandivallensis, petente, possessiones domus pau-</Unicode>
        </TextEquiv>
      </TextLine>
      <TextLine id="eSc_line_00768f67" custom="structure {type:default;}">
        <Coords points="764,2594 764,2623 2675,2612 2677,2588 2671,2559 762,2563 764,2594"/>
        <Baseline points="764,2594 2677,2588"/>
        <TextEquiv conf="0.997090501029317">
          <Unicode>perum in Villa Monasteriensi constructae confirmat. Trouillat Mon. de Bale I. 308.</Unicode>
        </TextEquiv>
      </TextLine>
      <TextLine id="eSc_line_5b4c707e" custom="structure {type:default;}">
        <Coords points="764,2645 764,2663 908,2676 910,2676 912,2676 947,2663 1009,2674 1011,2674 1014,2674 1049,2661 1051,2661 1067,2674 1069,2674 1071,2674 1073,2674 1075,2674 1120,2661 1133,2674 1135,2674 1137,2674 1140,2676 1219,2676 1219,2674 1221,2674 1263,2658 1263,2641 1257,2614 762,2616 764,2645"/>
        <Baseline points="764,2645 1263,2641"/>
        <TextEquiv conf="0.9594294303341916">
          <Unicode>— „Ad hoc in sede“.</Unicode>
        </TextEquiv>
      </TextLine>
      <TextLine id="eSc_line_ea0bbb88" custom="structure {type:default;}">
        <Coords points="196,2705 198,2733 256,2714 298,2720 351,2729 353,2729 355,2729 357,2729 357,2727 371,2711 371,2698 368,2672 338,2658 335,2658 333,2658 194,2676 196,2705"/>
        <Baseline points="196,2705 371,2698"/>
        <TextEquiv conf="0.9999989986419677">
          <Unicode>„ 20.</Unicode>
        </TextEquiv>
      </TextLine>
      <TextLine id="eSc_line_2de5901b" custom="structure {type:default;}">
        <Coords points="505,2711 505,2725 594,2718 594,2711 592,2676 505,2683 505,2711"/>
        <Baseline points="505,2711 594,2711"/>
        <TextEquiv conf="0.9970257878303528">
          <Unicode>„</Unicode>
        </TextEquiv>
      </TextLine>
      <TextLine id="eSc_line_d66dcdb8" custom="structure {type:default;}">
        <Coords points="707,2700 707,2725 2677,2720 2680,2696 2675,2669 704,2667 707,2700"/>
        <Baseline points="707,2700 2680,2696"/>
        <TextEquiv conf="0.9956883192062378">
          <Unicode>9265 Ecclesiae S. Stephani Vesontionensis protectionem suscipit, possessionesque et iura</Unicode>
        </TextEquiv>
      </TextLine>
      <TextLine id="eSc_line_79a1dff3" custom="structure {type:default;}">
        <Coords points="764,2756 764,2778 2680,2778 2680,2756 2680,2727 764,2727 764,2756"/>
        <Baseline points="764,2756 2680,2756"/>
        <TextEquiv conf="0.9999179783321562">
          <Unicode>confirmat, petente Petro decano. (Pro „12. kal. Ian.“ leg. „13. kal. Iun.“) In bibl.</Unicode>
        </TextEquiv>
      </TextLine>
      <TextLine id="eSc_line_008386b7" custom="structure {type:default;}">
        <Coords points="762,2811 762,2831 2547,2826 2549,2806 2545,2780 1654,2769 1652,2769 1562,2780 832,2771 830,2771 760,2782 762,2811"/>
        <Baseline points="762,2811 2549,2806"/>
        <TextEquiv conf="0.9914753578603268">
          <Unicode>nat. Paris. Coll. Moreau t. 866. f. 505“. — „Incomprehensibilis et ineffabilis“.</Unicode>
        </TextEquiv>
      </TextLine>
      <TextLine id="eSc_line_974a69f4" custom="structure {type:default;}">
        <Coords points="194,2868 194,2870 269,2873 285,2888 287,2888 289,2888 291,2890 360,2890 360,2888 362,2888 364,2888 364,2886 366,2886 373,2877 373,2864 366,2793 322,2800 320,2800 318,2800 313,2804 278,2831 238,2822 218,2820 216,2820 214,2820 192,2831 194,2868"/>
        <Baseline points="194,2868 373,2864"/>
        <TextEquiv conf="0.9999993145465851">
          <Unicode> 20.</Unicode>
        </TextEquiv>
      </TextLine>
      <TextLine id="eSc_line_87af7930" custom="structure {type:default;}">
        <Coords points="508,2875 510,2910 539,2910 539,2908 541,2908 543,2908 543,2906 545,2906 561,2888 598,2899 603,2870 598,2831 530,2815 528,2815 525,2815 523,2815 503,2828 508,2875"/>
        <Baseline points="508,2875 603,2870"/>
        <TextEquiv conf="0.9999921321868896">
          <Unicode>„</Unicode>
        </TextEquiv>
      </TextLine>
      <TextLine id="eSc_line_2cb98a2e" custom="structure {type:default;}">
        <Coords points="709,2868 709,2888 2677,2881 2680,2862 2675,2835 2507,2835 2489,2822 2487,2822 2485,2822 2483,2822 2481,2822 2478,2822 2461,2835 2273,2835 2216,2822 2213,2822 2211,2822 2209,2822 2189,2833 1685,2824 1683,2824 1681,2824 1648,2835 1621,2824 1619,2824 1617,2824 1517,2835 1475,2824 1473,2824 1471,2824 1391,2835 1367,2824 1365,2824 1363,2824 1228,2837 1190,2826 1188,2826 1186,2826 1051,2837 1007,2826 1005,2826 724,2826 722,2826 720,2826 718,2826 707,2833 709,2868"/>
        <Baseline points="709,2868 2680,2862"/>
        <TextEquiv conf="0.9953988072547045">
          <Unicode>9266 Ecclesiae S. Iohannis Vesontionensis tutelam suscipit, possessionesque et iura con-</Unicode>
        </TextEquiv>
      </TextLine>
      <TextLine id="eSc_line_7c6cd254" custom="structure {type:default;}">
        <Coords points="760,2921 760,2939 2680,2934 2680,2917 2673,2888 757,2890 760,2921"/>
        <Baseline points="760,2921 2680,2917"/>
        <TextEquiv conf="0.9991979686225333">
          <Unicode>firmat, petente Landrico decano. In bibl. nat. Paris. Coll. Moreau t. 866. f. 512.</Unicode>
        </TextEquiv>
      </TextLine>
      <TextLine id="eSc_line_cd07d195" custom="structure {type:default;}">
        <Coords points="762,2976 762,2996 2478,2992 2481,2972 2476,2943 779,2934 777,2934 775,2934 773,2934 760,2941 762,2976"/>
        <Baseline points="762,2976 2481,2972"/>
        <TextEquiv conf="0.9907477653189881">
          <Unicode>(Fragm. ap. Chifflet Hist. de Tournus Pr. p. 393.) — „Ex iniuncto nobis“.</Unicode>
        </TextEquiv>
      </TextLine>
      <TextLine id="eSc_line_25df72f7" custom="structure {type:default;}">
        <Coords points="196,3043 196,3069 214,3076 216,3076 218,3076 220,3076 223,3076 223,3074 227,3069 240,3058 276,3058 287,3069 293,3074 293,3076 296,3076 298,3076 300,3076 373,3067 373,3043 373,2970 318,2970 315,2970 313,2970 311,2970 280,2990 247,3009 196,3009 196,3043"/>
        <Baseline points="196,3043 373,3043"/>
        <TextEquiv conf="0.999993085861206">
          <Unicode>„ 20.</Unicode>
        </TextEquiv>
      </TextLine>
      <TextLine id="eSc_line_13604fe1" custom="structure {type:default;}">
        <Coords points="508,3049 508,3060 514,3067 514,3069 517,3069 519,3069 521,3069 523,3069 554,3056 563,3054 603,3058 605,3045 600,3001 539,2996 536,2996 534,2996 505,3009 508,3049"/>
        <Baseline points="508,3049 605,3045"/>
        <TextEquiv conf="0.9981815814971924">
          <Unicode>„</Unicode>
        </TextEquiv>
      </TextLine>
      <TextLine id="eSc_line_0cb844e1" custom="structure {type:default;}">
        <Coords points="709,3040 709,3060 2673,3065 2677,3040 2675,3012 709,3012 709,3040"/>
        <Baseline points="709,3040 2677,3040"/>
        <TextEquiv conf="0.9999321217996529">
          <Unicode>9267 Ecclesiae S. Pauli Vesontionensis tutelam suscipit, possessionesque confirmat,</Unicode>
        </TextEquiv>
      </TextLine>
      <TextLine id="eSc_line_76adf99e" custom="structure {type:default;}">
        <Coords points="766,3096 766,3131 919,3129 921,3129 923,3129 943,3118 1102,3118 1124,3131 1126,3131 1129,3131 1131,3133 1252,3133 1252,3131 1254,3131 1257,3131 1290,3118 1334,3129 1336,3129 1338,3129 1341,3129 1380,3118 1590,3129 1592,3129 1595,3129 1626,3115 1685,3129 1687,3129 1769,3115 1809,3129 1811,3129 1813,3129 1893,3115 2030,3129 2037,3129 2039,3129 2043,3129 2138,3113 2673,3127 2677,3089 2671,3060 764,3065 766,3096"/>
        <Baseline points="766,3096 2677,3089"/>
        <TextEquiv conf="0.9933996737003327">
          <Unicode>petente Petro priore. In bibl. nat. Paris. Coll. Moreau t. 973. f. 78“. — „Sicut</Unicode>
        </TextEquiv>
      </TextLine>
      <TextLine id="eSc_line_46ef5e34" custom="structure {type:default;}">
        <Coords points="764,3149 764,3168 985,3180 987,3180 1230,3164 1232,3144 1226,3118 762,3120 764,3149"/>
        <Baseline points="764,3149 1232,3144"/>
        <TextEquiv conf="0.9999747077624003">
          <Unicode>iniusta poscentibus“.</Unicode>
        </TextEquiv>
      </TextLine>
      <TextLine id="eSc_line_28d3ee62" custom="structure {type:default;}">
        <Coords points="196,3206 196,3210 254,3208 276,3221 289,3230 291,3230 293,3230 296,3233 373,3233 373,3199 368,3149 313,3142 311,3142 309,3142 307,3142 285,3160 262,3173 194,3173 196,3206"/>
        <Baseline points="196,3206 373,3199"/>
        <TextEquiv conf="0.998101145029068">
          <Unicode> 20.</Unicode>
        </TextEquiv>
      </TextLine>
      <TextLine id="eSc_line_b35a1ea2" custom="structure {type:default;}">
        <Coords points="512,3213 514,3270 547,3270 547,3268 550,3268 552,3268 600,3228 600,3206 592,3133 505,3146 512,3213"/>
        <Baseline points="512,3213 600,3206"/>
        <TextEquiv conf="1.0">
          <Unicode>„</Unicode>
        </TextEquiv>
      </TextLine>
      <TextLine id="eSc_line_6fbcd6fb" custom="structure {type:default;}">
        <Coords points="707,3206 707,3244 786,3228 952,3228 974,3241 976,3241 978,3241 980,3241 983,3241 985,3241 1003,3228 1060,3239 1062,3239 1064,3239 1067,3239 1157,3226 1363,3235 1447,3239 1449,3239 1451,3239 1469,3235 1493,3228 1533,3233 1562,3237 1564,3237 1566,3237 1568,3237 1573,3233 1590,3224 1774,3230 1911,3235 1913,3235 1915,3235 1917,3235 1928,3228 1939,3221 2003,3228 2087,3235 2090,3235 2092,3235 2094,3235 2107,3226 2112,3224 2149,3226 2249,3230 2251,3230 2308,3224 2341,3219 2361,3221 2412,3233 2414,3233 2675,3217 2677,3195 2673,3164 704,3164 707,3206"/>
        <Baseline points="707,3206 2677,3195"/>
        <TextEquiv conf="0.9967672585070818">
          <Unicode>9268 (6437) H(umberto), archiepiscopo Vesontionensi, P(etro) decano et capitulo S. Ste-</Unicode>
        </TextEquiv>
      </TextLine>
      <TextLine id="eSc_line_63b19f19" custom="structure {type:default;}">
        <Coords points="766,3259 766,3283 2675,3277 2677,3252 2671,3226 764,3228 766,3259"/>
        <Baseline points="766,3259 2677,3252"/>
        <TextEquiv conf="0.9999994507857731">
          <Unicode>phani mandat, ut ab Aymone, ecclesiae Biliacensis ad ecclesiam Balmensem pertinentis</Unicode>
        </TextEquiv>
      </TextLine>
      <TextLine id="eSc_line_76fb348b" custom="structure {type:default;}">
        <Coords points="766,3314 766,3339 2677,3334 2677,3308 2671,3279 764,3283 766,3314"/>
        <Baseline points="766,3314 2677,3308"/>
        <TextEquiv conf="0.9968036787632184">
          <Unicode>presbytero, qui adversus excommunicationem a sese prolatam sacra procuraverit,</Unicode>
        </TextEquiv>
      </TextLine>
      <TextLine id="eSc_line_b8fc1113" custom="structure {type:default;}">
        <Coords points="768,3367 768,3396 2673,3389 2675,3363 2668,3334 766,3334 768,3367"/>
        <Baseline points="768,3367 2675,3363"/>
        <TextEquiv conf="0.9972167324416245">
          <Unicode>poenas petant. Ecclesiae Balmensi ablata ab eodem reddi iubet. Bullar. Cluniac.</Unicode>
        </TextEquiv>
      </TextLine>
      <TextLine id="eSc_line_c0badeef" custom="structure {type:default;}">
        <Coords points="766,3425 768,3456 815,3442 1049,3453 1071,3453 1073,3453 1080,3453 1126,3442 1548,3449 1798,3451 1800,3451 1802,3451 1818,3445 1833,3440 1851,3445 1875,3451 1877,3451 1880,3451 2167,3442 2302,3438 2370,3440 2615,3449 2618,3449 2671,3436 2673,3418 2668,3389 1411,3380 1409,3380 1407,3380 1374,3392 848,3383 846,3383 764,3394 766,3425"/>
        <Baseline points="766,3425 2673,3418"/>
        <TextEquiv conf="0.9952567998568217">
          <Unicode>p. 60, Bouquet Rec. XV. 481, Migne 180 p. 1353. — „Ex parte Cluniacensium“.</Unicode>
        </TextEquiv>
      </TextLine>
      <TextLine id="eSc_line_6efa5935" custom="structure {type:default;}">
        <Coords points="194,3480 196,3513 256,3491 293,3498 346,3509 349,3509 351,3509 353,3509 380,3486 380,3473 373,3409 313,3416 311,3416 309,3416 309,3418 304,3422 273,3447 192,3445 194,3480"/>
        <Baseline points="194,3480 380,3473"/>
        <TextEquiv conf="0.9999996900558472">
          <Unicode>„ 25.</Unicode>
        </TextEquiv>
      </TextLine>
      <TextLine id="eSc_line_7cd399e5" custom="structure {type:default;}">
        <Coords points="437,3478 437,3493 514,3522 517,3522 519,3522 660,3489 660,3473 651,3418 620,3436 565,3436 556,3427 552,3422 552,3420 550,3420 547,3420 545,3420 435,3436 437,3478"/>
        <Baseline points="437,3478 660,3473"/>
        <TextEquiv conf="0.9999999602635702">
          <Unicode>Agauni</Unicode>
        </TextEquiv>
      </TextLine>
      <TextLine id="eSc_line_5cb34061" custom="structure {type:default;}">
        <Coords points="698,3473 698,3511 1073,3511 1078,3511 1104,3528 1106,3528 1109,3528 1111,3531 1352,3531 1352,3528 1354,3528 1402,3513 1411,3511 1420,3513 1475,3528 1478,3528 1480,3528 1703,3515 1767,3511 1800,3515 1900,3528 1902,3528 2114,3515 2178,3513 2187,3517 2207,3526 2209,3526 2211,3528 2299,3528 2299,3526 2302,3526 2324,3517 2339,3511 2386,3517 2465,3528 2467,3528 2673,3517 2673,3473 2671,3440 698,3442 698,3473"/>
        <Baseline points="698,3473 2673,3473"/>
        <TextEquiv conf="0.9884318702600219">
          <Unicode>ecclesiam S. Mauritii dedicat „VIII. kal. Iunii“. Vide bullar Coelestini II1. ap. Auber“</Unicode>
        </TextEquiv>
      </TextLine>
      <TextLine id="eSc_line_8353df3c" custom="structure {type:default;}">
        <Coords points="768,3528 768,3557 850,3575 852,3575 855,3575 908,3559 950,3575 952,3575 954,3575 1109,3557 1109,3528 1109,3500 768,3500 768,3528"/>
        <Baseline points="768,3528 1109,3528"/>
        <TextEquiv conf="0.9999810584953853">
          <Unicode>Trésor p. 223.</Unicode>
        </TextEquiv>
      </TextLine>
      <TextLine id="eSc_line_5f83b647" custom="structure {type:default;}">
        <Coords points="194,3577 192,3626 444,3615 492,3621 574,3632 576,3632 578,3632 612,3617 614,3617 631,3634 631,3637 634,3637 636,3637 638,3639 737,3639 737,3637 740,3637 742,3637 742,3634 762,3615 764,3581 764,3546 731,3533 729,3533 726,3533 194,3539 194,3577"/>
        <Baseline points="194,3577 764,3581"/>
        <TextEquiv conf="0.8847371500272018">
          <Unicode>Rereea Pont Ronan. rd ec „</Unicode>
        </TextEquiv>
      </TextLine>
    </TextRegion>
    <TextRegion id="eSc_textblock_70c297a7"  custom="structure {type:default;}">
      <Coords points="992,185 1798,185 1851,194 1860,271 963,289 954,203 992,185"/>
      <TextLine id="eSc_line_7e9b9f23" custom="structure {type:default;}">
        <Coords points="972,256 972,282 1177,291 1179,291 1268,280 1307,276 1312,280 1323,289 1323,291 1325,291 1327,291 1330,293 1394,293 1394,291 1396,291 1398,291 1398,289 1411,280 1418,273 1612,273 1661,276 1811,289 1813,289 1816,289 1818,289 1833,276 1833,251 1831,212 1807,198 1805,198 1802,198 1800,198 1798,198 1774,209 1758,198 1756,198 1754,198 1752,198 1610,212 1592,198 1590,198 1588,198 1586,198 1584,198 1551,214 1402,214 1031,198 1029,198 985,200 983,200 980,200 980,203 969,212 972,256"/>
        <Baseline points="972,256 1833,251"/>
        <TextEquiv conf="0.990884929895401">
          <Unicode>EUGENIUS III. 1145—1153.</Unicode>
        </TextEquiv>
      </TextLine>
    </TextRegion>
    <TextRegion id="eSc_textblock_d5480aa6"  custom="structure {type:default;}">
      <Coords points="2545,194 2768,212 2768,262 2726,227 2724,262 2662,298 2531,289 2514,212 2545,194"/>
      <TextLine id="eSc_line_d291c396" custom="structure {type:default;}">
        <Coords points="2551,249 2551,282 2587,273 2604,280 2631,289 2633,289 2635,289 2638,289 2662,276 2664,256 2664,209 2551,194 2551,249"/>
        <Baseline points="2551,249 2664,256"/>
        <TextEquiv conf="1.0">
          <Unicode>57</Unicode>
        </TextEquiv>
      </TextLine>
    </TextRegion>
  </Page>
</PcGts>
