<?xml version="1.0" encoding="UTF-8"  standalone="yes"?>
<PcGts xmlns="http://schema.primaresearch.org/PAGE/gts/pagecontent/2019-07-15" xmlns:xsi="http://www.w3.org/2001/XMLSchema-instance" xsi:schemaLocation="http://schema.primaresearch.org/PAGE/gts/pagecontent/2019-07-15 http://schema.primaresearch.org/PAGE/gts/pagecontent/2019-07-15/pagecontent.xsd">
  <Metadata externalRef="pdf//regestapontificu02cath.pdf">
	<Creator>escriptorium</Creator>
	<Created>2026-01-31T10:22:40.603844+00:00</Created>
        <LastChange>2026-02-01T14:26:02.402687+00:00</LastChange>
  </Metadata>
  <Page imageFilename="regestapontificu02cath.pdf_page_72.png" imageWidth="3007" imageHeight="3975">
    <TextRegion id="eSc_textblock_e1e75e5b"  custom="structure {type:default;}">
      <Coords points="311,203 404,203 421,262 318,306 291,280 311,203"/>
      <TextLine id="eSc_line_f085fb51" custom="structure {type:default;}">
        <Coords points="309,209 309,253 309,284 368,291 371,291 373,291 402,276 402,253 402,218 313,207 309,209"/>
        <Baseline points="309,253 402,253"/>
        <TextEquiv conf="1.0">
          <Unicode>60</Unicode>
        </TextEquiv>
      </TextLine>
    </TextRegion>
    <TextRegion id="eSc_textblock_68c4a0a7"  custom="structure {type:default;}">
      <Coords points="2394,344 2883,353 2883,3451 963,3486 874,3469 837,3372 802,3407 627,3380 574,3221 545,3478 475,3504 291,3478 291,362 837,353 855,388 892,353 2394,344"/>
      <TextLine id="eSc_line_189ad9ca" custom="structure {type:default;}">
        <Coords points="877,364 855,384 857,408 857,435 2752,439 2755,439 2757,439 2759,439 2770,428 2770,404 2768,368 2728,353 2726,353 2724,353 2631,368 2319,368 2284,351 2282,351 2202,351 2200,351 2198,351 2145,366 1957,353 1955,353 1953,353 1911,366 1816,355 1813,355 1668,368 1542,353 1539,353 1332,368 1303,353 1301,353 894,353 877,364"/>
        <Baseline points="857,408 2770,404"/>
        <TextEquiv conf="0.9836161213644435">
          <Unicode>1148. (Ind. 11. — 25. Sept. — 12, pont. a. 3. — 18. Febr. — 4, 1147. — 25. Mart. — 1148.)</Unicode>
        </TextEquiv>
      </TextLine>
      <TextLine id="eSc_line_5cd55d55" custom="structure {type:default;}">
        <Coords points="881,468 879,494 1034,507 1036,507 2854,505 2856,472 2852,432 1166,435 881,424 881,468"/>
        <Baseline points="881,468 2856,472"/>
        <TextEquiv conf="0.9938492340200088">
          <Unicode>9297 (6454) Sugerium, abbatem S. Dionysii, laudat, quod statum ecclesiae S. Genovefae</Unicode>
        </TextEquiv>
      </TextLine>
      <TextLine id="eSc_line_7d9783e0" custom="structure {type:default;}">
        <Coords points="936,525 936,549 2854,552 2856,525 2856,496 936,494 936,525"/>
        <Baseline points="936,525 2856,525"/>
        <TextEquiv conf="0.9995939679443836">
          <Unicode>ordinaverit; cuius „thesaurum et instrumenta, quae adhuc per seculares canonicos</Unicode>
        </TextEquiv>
      </TextLine>
      <TextLine id="eSc_line_bbd95ba0" custom="structure {type:default;}">
        <Coords points="938,578 936,605 2843,611 2847,585 2845,547 938,543 938,578"/>
        <Baseline points="938,578 2847,585"/>
        <TextEquiv conf="0.9984728097915649">
          <Unicode>detineantur, abbati et fratribus assignari“ iubet. Duchesne H. Fr. SS. IV. 508,</Unicode>
        </TextEquiv>
      </TextLine>
      <TextLine id="eSc_line_0df9b246" custom="structure {type:default;}">
        <Coords points="936,631 934,651 1040,669 1042,669 1131,655 1440,655 1469,669 1471,669 1473,669 1475,669 1478,669 1495,658 1577,669 1579,669 1648,658 1657,658 1679,658 1893,671 1895,671 1897,671 1924,660 1931,658 1937,660 1966,671 1968,671 1970,673 2059,673 2059,671 2061,671 2079,662 2090,658 2196,658 2202,662 2216,673 2218,673 2220,673 2222,673 2224,673 2253,662 2264,660 2512,660 2523,664 2534,673 2536,673 2538,673 2540,673 2852,666 2854,638 2852,607 936,591 936,631"/>
        <Baseline points="936,631 2854,638"/>
        <TextEquiv conf="0.9959963866642543">
          <Unicode>Bouquet Rec. XV. 452, Mansi XXI. 640, Migne 180 p. 1368. — „Quoniam ad</Unicode>
        </TextEquiv>
      </TextLine>
      <TextLine id="eSc_line_dae6cf2f" custom="structure {type:default;}">
        <Coords points="936,684 934,704 974,722 976,722 978,722 1257,706 1259,689 1257,660 936,655 936,684"/>
        <Baseline points="936,684 1259,689"/>
        <TextEquiv conf="0.998278238943645">
          <Unicode>religiosorum“.</Unicode>
        </TextEquiv>
      </TextLine>
      <TextLine id="eSc_line_656968c6" custom="structure {type:default;}">
        <Coords points="324,739 322,770 497,781 499,781 501,781 519,772 552,759 618,759 631,775 636,777 636,779 638,779 640,779 642,779 777,775 779,744 777,682 653,704 627,704 607,684 607,682 605,682 603,682 600,682 503,684 501,684 499,684 499,686 483,700 324,689 324,739"/>
        <Baseline points="324,739 779,744"/>
        <TextEquiv conf="0.9963423524584089">
          <Unicode>Oct. 18. Pisis</Unicode>
        </TextEquiv>
      </TextLine>
      <TextLine id="eSc_line_41275d56" custom="structure {type:default;}">
        <Coords points="883,744 881,772 2852,775 2856,748 2854,708 883,702 883,744"/>
        <Baseline points="883,744 2856,748"/>
        <TextEquiv conf="0.9950600741784784">
          <Unicode>altare S. Pauli consecrat „15. kal. Nov.“. Vide titulum ap. Tronci Mem. di Pisa</Unicode>
        </TextEquiv>
      </TextLine>
      <TextLine id="eSc_line_752ba9dd" custom="structure {type:default;}">
        <Coords points="936,801 936,821 1184,825 1186,825 1188,825 1190,825 1190,823 1193,823 1197,817 1197,795 1190,764 934,768 936,801"/>
        <Baseline points="936,801 1197,795"/>
        <TextEquiv conf="0.9999462528662248">
          <Unicode>p. 79 — 80.</Unicode>
        </TextEquiv>
      </TextLine>
      <TextLine id="eSc_line_81c05fc2" custom="structure {type:default;}">
        <Coords points="373,856 371,887 408,889 410,889 413,889 415,889 421,883 430,876 437,883 444,887 444,889 446,889 448,889 450,892 490,892 490,889 492,889 525,874 539,867 600,867 603,859 600,828 437,806 435,806 433,806 430,806 430,808 410,828 408,828 373,828 373,856"/>
        <Baseline points="373,856 603,859"/>
        <TextEquiv conf="0.9912060499191284">
          <Unicode>„ 19.</Unicode>
        </TextEquiv>
      </TextLine>
      <TextLine id="eSc_line_453a15b4" custom="structure {type:default;}">
        <Coords points="647,859 645,883 687,912 689,912 691,912 726,916 729,916 731,916 733,916 748,901 753,865 753,834 647,830 647,859"/>
        <Baseline points="647,859 753,865"/>
        <TextEquiv conf="0.999998927116394">
          <Unicode>„</Unicode>
        </TextEquiv>
      </TextLine>
      <TextLine id="eSc_line_9f55ce13" custom="structure {type:default;}">
        <Coords points="885,848 883,872 901,883 903,883 905,883 908,883 1497,874 1542,885 1544,885 1546,885 2854,876 2856,854 2854,823 885,812 885,848"/>
        <Baseline points="885,848 2856,854"/>
        <TextEquiv conf="0.9913974951866061">
          <Unicode>9298 (6455) Monasterii S. Mariae in monte Silentii (seu in Arena) Vratislaviensis pro-</Unicode>
        </TextEquiv>
      </TextLine>
      <TextLine id="eSc_line_65f7c284" custom="structure {type:default;}">
        <Coords points="936,909 936,936 2850,940 2854,905 2847,876 934,878 936,909"/>
        <Baseline points="936,909 2854,905"/>
        <TextEquiv conf="0.9957283792041597">
          <Unicode>tectionem suscipit ac possessiones confirmat, petente Arnulfo abbate. Adler Aelteste</Unicode>
        </TextEquiv>
      </TextLine>
      <TextLine id="eSc_line_032801bf" custom="structure {type:default;}">
        <Coords points="934,960 934,989 2845,987 2847,965 2845,931 934,927 934,960"/>
        <Baseline points="934,960 2847,965"/>
        <TextEquiv conf="0.9981184332835965">
          <Unicode>Gesch. p. 23, (Stenzel SS. R. Sil. II. 164 not. 1, Cod. dipl. Silesiae VII. 27). —</Unicode>
        </TextEquiv>
      </TextLine>
      <TextLine id="eSc_line_125746fe" custom="structure {type:default;}">
        <Coords points="938,1020 938,1040 1378,1037 1378,1020 1378,987 1354,976 1352,976 1349,976 1347,976 1314,987 1069,976 1067,976 1064,976 1027,987 985,976 983,976 980,976 978,976 938,987 938,1020"/>
        <Baseline points="938,1020 1378,1020"/>
        <TextEquiv conf="0.9996670610026309">
          <Unicode>„Quotiens illud a“.</Unicode>
        </TextEquiv>
      </TextLine>
      <TextLine id="eSc_line_424e1ab8" custom="structure {type:default;}">
        <Coords points="338,1113 428,1128 430,1128 433,1128 488,1113 492,1113 497,1113 530,1126 532,1126 534,1126 607,1113 609,1077 609,1035 539,1035 519,1022 490,1000 488,1000 486,1000 483,1000 421,1007 397,1009 342,995 340,1071 338,1113"/>
        <Baseline points="340,1071 609,1077"/>
        <TextEquiv conf="0.9146862966673714">
          <Unicode>Nov. 2.</Unicode>
        </TextEquiv>
      </TextLine>
      <TextLine id="eSc_line_0d93f10b" custom="structure {type:default;}">
        <Coords points="627,1077 627,1106 653,1097 671,1101 698,1110 700,1110 702,1113 702,1110 704,1110 751,1095 753,1084 753,1055 627,1048 627,1077"/>
        <Baseline points="627,1077 753,1084"/>
        <TextEquiv conf="0.9088707566261292">
          <Unicode>„</Unicode>
        </TextEquiv>
      </TextLine>
      <TextLine id="eSc_line_8ffd805e" custom="structure {type:default;}">
        <Coords points="883,1068 881,1093 1018,1095 1034,1108 1036,1108 1038,1108 1040,1110 1164,1110 1164,1108 1166,1108 1168,1108 1184,1097 1230,1108 1232,1108 1235,1108 1438,1097 1440,1097 1442,1097 1511,1108 1513,1108 1816,1097 1869,1097 1877,1099 1931,1110 1933,1110 2132,1099 2149,1099 2156,1099 2211,1110 2213,1110 2854,1101 2856,1073 2854,1040 883,1033 883,1068"/>
        <Baseline points="883,1068 2856,1073"/>
        <TextEquiv conf="0.9952039814289705">
          <Unicode>9299 (6456) lohannem, electum Placentinum, graviter increpat, quod festo S. Lucae</Unicode>
        </TextEquiv>
      </TextLine>
      <TextLine id="eSc_line_5bb97dc7" custom="structure {type:default;}">
        <Coords points="938,1128 938,1161 2856,1159 2856,1128 2856,1097 938,1097 938,1128"/>
        <Baseline points="938,1128 2856,1128"/>
        <TextEquiv conf="0.9897053851967766">
          <Unicode>(18. Oct.) nec ad sese accesserit nec litteras responsales miserit. Praecipit ei, ut</Unicode>
        </TextEquiv>
      </TextLine>
      <TextLine id="eSc_line_61fb97a7" custom="structure {type:default;}">
        <Coords points="938,1185 938,1207 2852,1205 2854,1179 2850,1148 2251,1137 2249,1137 2246,1137 2209,1148 1005,1141 1003,1141 936,1152 938,1185"/>
        <Baseline points="938,1185 2854,1179"/>
        <TextEquiv conf="0.997201736097212">
          <Unicode>„usque ad octavas epiphaniae (13. Ian. 1149) Moysen Ravennatem archiepiscopum</Unicode>
        </TextEquiv>
      </TextLine>
      <TextLine id="eSc_line_acbde960" custom="structure {type:default;}">
        <Coords points="938,1238 938,1256 1067,1274 1069,1274 1071,1274 1073,1274 1095,1258 1323,1258 1327,1258 1418,1274 1420,1274 1524,1258 1533,1258 1604,1258 1646,1258 1674,1274 1676,1274 1679,1274 1833,1258 1849,1258 1851,1258 1873,1274 1875,1274 1877,1274 1880,1274 2017,1260 2034,1258 2048,1260 2136,1274 2138,1274 2379,1260 2390,1260 2399,1260 2540,1274 2543,1274 2545,1274 2578,1260 2585,1258 2629,1260 2812,1274 2814,1274 2816,1274 2856,1260 2856,1238 2856,1210 938,1210 938,1238"/>
        <Baseline points="938,1238 2856,1238"/>
        <TextEquiv conf="0.9976522542536259">
          <Unicode>adeat, et ab eo tamquam metropolitano proprio consecrationem accipiat“. Muratori</Unicode>
        </TextEquiv>
      </TextLine>
      <TextLine id="eSc_line_26b42cc7" custom="structure {type:default;}">
        <Coords points="936,1294 936,1313 1557,1327 1559,1327 1562,1327 1599,1313 1648,1327 1650,1327 1652,1327 1741,1311 1752,1311 1763,1311 1851,1325 1853,1325 1855,1325 1902,1311 1906,1311 1981,1311 1984,1311 1997,1325 1999,1325 2001,1325 2003,1327 2140,1327 2140,1325 2143,1325 2145,1325 2158,1313 2202,1325 2204,1325 2207,1325 2209,1325 2262,1311 2383,1325 2386,1325 2388,1325 2445,1309 2445,1289 2441,1260 950,1252 947,1252 945,1252 943,1252 934,1256 936,1294"/>
        <Baseline points="936,1294 2445,1289"/>
        <TextEquiv conf="0.9922894154276166">
          <Unicode>R. It. SS. II. I. 208, Migne 180 p. 1369. — „Nobis non exstat“.</Unicode>
        </TextEquiv>
      </TextLine>
      <TextLine id="eSc_line_51253d74" custom="structure {type:default;}">
        <Coords points="353,1358 353,1369 375,1380 377,1380 380,1380 437,1369 466,1386 468,1386 470,1386 472,1386 596,1364 598,1353 594,1298 532,1296 523,1289 512,1278 510,1278 508,1278 505,1278 503,1278 490,1285 452,1300 424,1276 415,1267 413,1267 410,1267 351,1267 353,1358"/>
        <Baseline points="353,1358 598,1353"/>
        <TextEquiv conf="0.9999969601631165">
          <Unicode>„ 2.</Unicode>
        </TextEquiv>
      </TextLine>
      <TextLine id="eSc_line_53c622f1" custom="structure {type:default;}">
        <Coords points="649,1353 647,1382 667,1384 667,1386 689,1413 691,1413 691,1415 693,1415 695,1415 698,1415 751,1402 755,1360 755,1331 718,1313 715,1313 713,1313 649,1325 649,1353"/>
        <Baseline points="649,1353 755,1360"/>
        <TextEquiv conf="0.9999053478240967">
          <Unicode>„</Unicode>
        </TextEquiv>
      </TextLine>
      <TextLine id="eSc_line_0860f50f" custom="structure {type:default;}">
        <Coords points="883,1349 883,1373 2854,1371 2856,1344 2850,1311 881,1313 883,1349"/>
        <Baseline points="883,1349 2856,1344"/>
        <TextEquiv conf="0.9998357655054115">
          <Unicode>9300 (6457) Clerum populumque Placentinum iubet (Moysi) metropolitae, archiepiscopo</Unicode>
        </TextEquiv>
      </TextLine>
      <TextLine id="eSc_line_13f78c6b" custom="structure {type:default;}">
        <Coords points="938,1402 938,1431 2003,1426 2178,1435 2213,1437 2216,1437 2242,1437 2379,1426 2425,1437 2432,1437 2434,1437 2436,1437 2439,1437 2454,1426 2668,1426 2686,1437 2688,1437 2691,1437 2693,1439 2856,1439 2856,1402 2856,1373 938,1371 938,1402"/>
        <Baseline points="938,1402 2856,1402"/>
        <TextEquiv conf="0.9990455340116452">
          <Unicode>Ravennati, parere. Muratori R. It. SS. II. r. 208, Migne 180 p. 1369. — „Sicut</Unicode>
        </TextEquiv>
      </TextLine>
      <TextLine id="eSc_line_916159a6" custom="structure {type:default;}">
        <Coords points="936,1455 936,1470 954,1484 956,1484 958,1484 961,1486 1129,1486 1129,1484 1131,1484 1175,1468 1175,1455 1175,1428 936,1428 936,1455"/>
        <Baseline points="936,1455 1175,1455"/>
        <TextEquiv conf="0.9999877214431763">
          <Unicode>obediens“.</Unicode>
        </TextEquiv>
      </TextLine>
      <TextLine id="eSc_line_923d23a3" custom="structure {type:default;}">
        <Coords points="377,1517 375,1541 499,1543 501,1543 503,1543 528,1534 561,1525 676,1525 680,1530 711,1543 713,1543 715,1543 718,1543 751,1525 753,1521 751,1486 658,1486 653,1481 634,1464 631,1464 629,1464 627,1464 625,1464 623,1464 603,1479 598,1484 592,1479 563,1461 561,1461 558,1461 556,1461 377,1470 377,1517"/>
        <Baseline points="377,1517 753,1521"/>
        <TextEquiv conf="0.9997988258089338">
          <Unicode>„ 10. „</Unicode>
        </TextEquiv>
      </TextLine>
      <TextLine id="eSc_line_f4d9b21e" custom="structure {type:default;}">
        <Coords points="885,1514 885,1539 2854,1532 2856,1508 2850,1468 883,1470 885,1514"/>
        <Baseline points="885,1514 2856,1508"/>
        <TextEquiv conf="0.9936123740943995">
          <Unicode>9301 (6458) Moysi, archiepiscopo Ravennati, eiusque successoribus asserit ius consecran-</Unicode>
        </TextEquiv>
      </TextLine>
      <TextLine id="eSc_line_b7ec8add" custom="structure {type:default;}">
        <Coords points="941,1563 938,1590 2850,1596 2854,1570 2852,1537 941,1525 941,1563"/>
        <Baseline points="941,1563 2854,1570"/>
        <TextEquiv conf="0.991938373872212">
          <Unicode>dorum episcoporum Placentinorum. Rubei Hist. Rav. p. 332, Ughelli It. sacr. II. 215,</Unicode>
        </TextEquiv>
      </TextLine>
      <TextLine id="eSc_line_71e702bc" custom="structure {type:default;}">
        <Coords points="941,1620 941,1640 1436,1651 1438,1651 1509,1640 1535,1651 1537,1651 1539,1651 1595,1638 1599,1638 1612,1649 1615,1649 1617,1649 1619,1649 1621,1649 1663,1638 1668,1638 1672,1638 1699,1649 1701,1649 1703,1649 1763,1638 1769,1638 1794,1638 2079,1649 2081,1649 2083,1649 2085,1649 2085,1647 2096,1638 2176,1649 2178,1649 2180,1649 2218,1636 2218,1616 2213,1587 938,1581 941,1620"/>
        <Baseline points="941,1620 2218,1616"/>
        <TextEquiv conf="0.9958519541992331">
          <Unicode>Mansi XXI. 665, Migne 180 p. 1370. — „Dilecti filii“.</Unicode>
        </TextEquiv>
      </TextLine>
      <TextLine id="eSc_line_6754d1c6" custom="structure {type:default;}">
        <Coords points="364,1682 362,1715 428,1718 430,1718 433,1718 435,1718 441,1711 466,1698 525,1700 528,1700 530,1700 532,1700 547,1687 649,1687 669,1700 689,1713 691,1713 693,1713 695,1713 698,1713 760,1693 762,1689 762,1656 669,1656 662,1647 653,1638 653,1636 651,1636 649,1636 547,1636 545,1636 543,1636 541,1636 530,1647 512,1634 510,1631 510,1629 508,1629 505,1629 470,1629 468,1629 466,1629 463,1629 439,1647 415,1625 413,1623 413,1620 410,1620 408,1620 364,1620 364,1682"/>
        <Baseline points="364,1682 554,1678 762,1689"/>
        <TextEquiv conf="0.9828556776046753">
          <Unicode>„ 11. „</Unicode>
        </TextEquiv>
      </TextLine>
      <TextLine id="eSc_line_5a41ff4e" custom="structure {type:default;}">
        <Coords points="885,1671 883,1698 2852,1704 2856,1678 2854,1645 885,1640 885,1671"/>
        <Baseline points="885,1671 2856,1678"/>
        <TextEquiv conf="0.9983317048050636">
          <Unicode>9302 (6459) Ecclesiam S. Mariae Lunensem, petente Gotifredo episcopo, tuendam suscipit</Unicode>
        </TextEquiv>
      </TextLine>
      <TextLine id="eSc_line_8e8f1ccc" custom="structure {type:default;}">
        <Coords points="936,1731 936,1757 2856,1755 2856,1731 2856,1700 936,1696 936,1731"/>
        <Baseline points="936,1731 2856,1731"/>
        <TextEquiv conf="0.9938400168962116">
          <Unicode>eiusque bona confirmat. Ughelli It. sacr. I. 845, Migne 180 p. 1371. — „In emi-</Unicode>
        </TextEquiv>
      </TextLine>
      <TextLine id="eSc_line_d9a39856" custom="structure {type:default;}">
        <Coords points="936,1786 936,1808 1235,1808 1235,1786 1235,1751 936,1744 936,1786"/>
        <Baseline points="936,1786 1235,1786"/>
        <TextEquiv conf="0.9999981109912579">
          <Unicode>nenti sedis“.</Unicode>
        </TextEquiv>
      </TextLine>
      <TextLine id="eSc_line_69c1eba8" custom="structure {type:default;}">
        <Coords points="364,1846 364,1881 413,1881 413,1879 415,1879 417,1879 417,1877 435,1863 547,1877 550,1846 550,1813 472,1797 470,1797 468,1797 455,1802 428,1810 415,1797 410,1795 410,1793 408,1793 406,1793 364,1793 364,1846"/>
        <Baseline points="364,1846 550,1846"/>
        <TextEquiv conf="0.9994789361953735">
          <Unicode>„ 13.</Unicode>
        </TextEquiv>
      </TextLine>
      <TextLine id="eSc_line_9090ebe3" custom="structure {type:default;}">
        <Coords points="658,1850 656,1879 693,1903 695,1903 698,1903 700,1903 737,1901 740,1901 742,1901 742,1899 760,1879 762,1852 762,1797 722,1782 720,1782 718,1782 715,1782 658,1804 658,1850"/>
        <Baseline points="658,1850 762,1852"/>
        <TextEquiv conf="1.0">
          <Unicode>„</Unicode>
        </TextEquiv>
      </TextLine>
      <TextLine id="eSc_line_def6e5bd" custom="structure {type:default;}">
        <Coords points="883,1843 883,1868 2852,1870 2856,1839 2852,1810 2721,1797 2719,1797 2717,1797 2686,1808 2684,1808 2675,1808 2494,1797 2492,1797 2489,1797 2487,1797 2472,1808 2467,1810 2238,1810 2233,1806 2213,1797 2211,1797 2209,1797 2145,1806 2127,1808 2121,1806 2098,1797 2096,1797 2094,1797 2041,1806 2023,1808 2019,1806 2006,1797 2003,1797 2001,1797 1999,1797 1997,1797 1995,1797 1984,1806 1979,1808 1957,1806 1915,1799 1913,1799 1882,1806 1851,1810 1794,1804 1741,1799 1738,1799 1736,1799 1721,1804 1701,1810 1679,1804 1661,1799 1659,1799 1657,1799 1599,1804 1517,1810 1500,1804 1491,1799 1489,1799 1486,1799 1484,1799 1473,1804 1451,1810 1431,1804 1422,1799 1420,1799 1040,1799 1038,1799 1036,1799 1034,1799 1031,1802 1018,1810 1005,1802 1003,1799 1000,1799 998,1799 996,1799 881,1799 883,1843"/>
        <Baseline points="883,1843 2856,1839"/>
        <TextEquiv conf="0.9955557833115259">
          <Unicode>9303 (6460) Monasterii Camaldulensis, rogatu Azonis prioris, possessiones confirmat,</Unicode>
        </TextEquiv>
      </TextLine>
      <TextLine id="eSc_line_9d197a51" custom="structure {type:default;}">
        <Coords points="936,1899 936,1923 2845,1927 2850,1894 2843,1863 934,1863 936,1899"/>
        <Baseline points="936,1899 2850,1894"/>
        <TextEquiv conf="0.9933806378630143">
          <Unicode>a leronimo, episcopo Aretino, concessas. Mittarelli Ann. Cam. III. app. p. 446,</Unicode>
        </TextEquiv>
      </TextLine>
      <TextLine id="eSc_line_739f2702" custom="structure {type:default;}">
        <Coords points="938,1952 938,1974 2070,1967 2072,1947 2068,1916 936,1912 938,1952"/>
        <Baseline points="938,1952 2072,1947"/>
        <TextEquiv conf="0.9893102781339125">
          <Unicode>Migne 180 p. 1372. — „Locorum venerabilium“.</Unicode>
        </TextEquiv>
      </TextLine>
      <TextLine id="eSc_line_7f771f6d" custom="structure {type:default;}">
        <Coords points="362,2009 362,2042 547,2025 547,2002 541,1954 360,1976 362,2009"/>
        <Baseline points="362,2009 547,2002"/>
        <TextEquiv conf="0.9999999523162841">
          <Unicode>„ 15.</Unicode>
        </TextEquiv>
      </TextLine>
      <TextLine id="eSc_line_ac5e2bfd" custom="structure {type:default;}">
        <Coords points="665,2014 662,2029 707,2047 709,2047 711,2047 713,2047 751,2033 753,2018 753,1945 702,1934 700,1934 698,1934 667,1943 665,2014"/>
        <Baseline points="665,2014 753,2018"/>
        <TextEquiv conf="1.0">
          <Unicode>„</Unicode>
        </TextEquiv>
      </TextLine>
      <TextLine id="eSc_line_431f0a8f" custom="structure {type:default;}">
        <Coords points="888,2005 888,2029 2854,2027 2856,2005 2854,1976 888,1976 888,2005"/>
        <Baseline points="888,2005 2856,2005"/>
        <TextEquiv conf="0.9959466935590257">
          <Unicode>9304 (6461) Parthenonis S. Hilari protectionem suscipit, et possessiones ac privilegia</Unicode>
        </TextEquiv>
      </TextLine>
      <TextLine id="eSc_line_3e26a6f5" custom="structure {type:default;}">
        <Coords points="938,2058 936,2080 961,2093 963,2093 965,2093 1829,2084 1900,2095 1902,2095 2854,2084 2856,2062 2854,2031 938,2027 938,2058"/>
        <Baseline points="938,2058 2856,2062"/>
        <TextEquiv conf="0.9993288615081883">
          <Unicode>confirmat, petente Agnete abbatissa. Lami Del. erud. 1737 p. 213, Soldani Hist.</Unicode>
        </TextEquiv>
      </TextLine>
      <TextLine id="eSc_line_ac2effaa" custom="structure {type:default;}">
        <Coords points="936,2117 936,2137 2551,2133 2554,2113 2549,2080 934,2080 936,2117"/>
        <Baseline points="936,2117 2554,2113"/>
        <TextEquiv conf="0.9998360322071955">
          <Unicode>mon. de Passin. p. 128, Migne 180 p. 1373. — „Quoniam sine vero“.</Unicode>
        </TextEquiv>
      </TextLine>
      <TextLine id="eSc_line_ca5df0ee" custom="structure {type:default;}">
        <Coords points="366,2177 366,2217 415,2217 415,2214 417,2214 419,2214 435,2206 457,2190 468,2199 470,2199 472,2199 475,2199 547,2186 550,2170 543,2128 364,2144 366,2177"/>
        <Baseline points="366,2177 550,2170"/>
        <TextEquiv conf="0.999974274635315">
          <Unicode>„ 18.</Unicode>
        </TextEquiv>
      </TextLine>
      <TextLine id="eSc_line_a4669c8d" custom="structure {type:default;}">
        <Coords points="658,2177 656,2195 709,2223 711,2223 713,2223 762,2212 764,2181 764,2148 724,2131 722,2131 720,2131 658,2137 658,2177"/>
        <Baseline points="658,2177 764,2181"/>
        <TextEquiv conf="1.0">
          <Unicode>„</Unicode>
        </TextEquiv>
      </TextLine>
      <TextLine id="eSc_line_5e3734a8" custom="structure {type:default;}">
        <Coords points="885,2173 885,2192 2850,2199 2852,2173 2852,2139 885,2137 885,2173"/>
        <Baseline points="885,2173 2852,2173"/>
        <TextEquiv conf="0.999891480519658">
          <Unicode>9305 (6462) Parthenonem S. Martini Agellensem tuendum suscipit, eiusque disciplinam,</Unicode>
        </TextEquiv>
      </TextLine>
      <TextLine id="eSc_line_c5914a14" custom="structure {type:default;}">
        <Coords points="943,2223 941,2250 1581,2263 1584,2263 2023,2252 2063,2252 2065,2252 2079,2263 2081,2263 2083,2263 2216,2265 2218,2265 2220,2265 2264,2254 2346,2265 2348,2265 2492,2254 2728,2254 2772,2265 2775,2265 2777,2265 2850,2252 2852,2230 2850,2199 943,2192 943,2223"/>
        <Baseline points="943,2223 2852,2230"/>
        <TextEquiv conf="0.9920977566434049">
          <Unicode>possessiones, privilegia confirmat, petente Agnete abbatissa. Muratori Ant. If. V. 997,</Unicode>
        </TextEquiv>
      </TextLine>
      <TextLine id="eSc_line_3263616f" custom="structure {type:default;}">
        <Coords points="943,2283 943,2307 1109,2301 1142,2307 1175,2312 1177,2312 1179,2312 1193,2305 1204,2301 1215,2305 1230,2314 1232,2314 1235,2316 1235,2314 1237,2314 1254,2305 1263,2301 1285,2305 1321,2312 1323,2312 1447,2303 1493,2301 1497,2303 1506,2312 1509,2312 1511,2312 1513,2314 1787,2314 1787,2312 1789,2312 1818,2298 1820,2298 1822,2298 1842,2312 1844,2312 1847,2312 1849,2314 2026,2314 2026,2312 2028,2312 2076,2296 2076,2279 2070,2248 941,2248 943,2283"/>
        <Baseline points="943,2283 2076,2279"/>
        <TextEquiv conf="0.9999883187853772">
          <Unicode>Migne 180 p. 1375. — „Prudentibus virginibus“.</Unicode>
        </TextEquiv>
      </TextLine>
      <TextLine id="eSc_line_c65567e7" custom="structure {type:default;}">
        <Coords points="349,2343 351,2389 448,2385 448,2338 444,2294 382,2274 380,2274 377,2274 375,2274 373,2274 346,2292 349,2343"/>
        <Baseline points="349,2343 448,2338"/>
        <TextEquiv conf="0.9999999205271403">
          <Unicode>(„)</Unicode>
        </TextEquiv>
      </TextLine>
      <TextLine id="eSc_line_0f8dcae0" custom="structure {type:default;}">
        <Coords points="667,2349 665,2376 744,2373 746,2351 746,2309 713,2292 711,2292 709,2292 707,2292 667,2307 667,2349"/>
        <Baseline points="667,2349 746,2351"/>
        <TextEquiv conf="0.9999997615814209">
          <Unicode>„</Unicode>
        </TextEquiv>
      </TextLine>
      <TextLine id="eSc_line_a40d3c9c" custom="structure {type:default;}">
        <Coords points="888,2336 888,2358 2850,2365 2854,2332 2850,2298 885,2296 888,2336"/>
        <Baseline points="888,2336 2854,2332"/>
        <TextEquiv conf="0.9999974249374299">
          <Unicode>9306 (6463) H(ugoni) Autissiodorensi et G(osleno) Suessionensi episcopis et Sugerio,</Unicode>
        </TextEquiv>
      </TextLine>
      <TextLine id="eSc_line_f6fc3e5b" custom="structure {type:default;}">
        <Coords points="943,2391 943,2413 2852,2409 2854,2387 2847,2358 941,2360 943,2391"/>
        <Baseline points="943,2391 2854,2387"/>
        <TextEquiv conf="0.9997166198928181">
          <Unicode>abbati S. Dionysii, mandat, si H. magister post appellationem ad apostolicam sedem</Unicode>
        </TextEquiv>
      </TextLine>
      <TextLine id="eSc_line_2a6c9224" custom="structure {type:default;}">
        <Coords points="943,2442 941,2466 2850,2468 2854,2446 2852,2413 943,2411 943,2442"/>
        <Baseline points="943,2442 2854,2446"/>
        <TextEquiv conf="0.9996370587004236">
          <Unicode>factam episcopus Atrebatensis electus sit, ut electionem rescindant. Duchesne Hist.</Unicode>
        </TextEquiv>
      </TextLine>
      <TextLine id="eSc_line_4da6a3a8" custom="structure {type:default;}">
        <Coords points="943,2502 943,2524 2847,2519 2850,2497 2845,2466 941,2466 943,2502"/>
        <Baseline points="943,2502 2850,2497"/>
        <TextEquiv conf="0.9999130233128866">
          <Unicode>Fr. SS. IV. 510, Bouquet Rec. XV. 452, Mansi XXI. 641, Migne 180 p. 1376. —</Unicode>
        </TextEquiv>
      </TextLine>
      <TextLine id="eSc_line_fa2bb288" custom="structure {type:default;}">
        <Coords points="943,2557 943,2579 1531,2570 1533,2550 1526,2517 1259,2524 1246,2524 1177,2513 1175,2513 1173,2513 1170,2513 1170,2515 1159,2524 1159,2526 1140,2526 1053,2526 972,2515 969,2515 967,2515 941,2526 943,2557"/>
        <Baseline points="943,2557 1533,2550"/>
        <TextEquiv conf="0.9833275432939883">
          <Unicode>„Dilectus filius noster I.“</Unicode>
        </TextEquiv>
      </TextLine>
      <TextLine id="eSc_line_3fffffcc" custom="structure {type:default;}">
        <Coords points="366,2614 366,2647 410,2652 413,2652 415,2652 417,2652 419,2650 435,2638 475,2650 483,2652 486,2652 488,2652 490,2652 492,2652 494,2650 521,2634 565,2634 592,2652 594,2652 596,2652 598,2652 600,2652 603,2652 656,2636 855,2654 857,2605 848,2532 779,2568 645,2568 623,2552 605,2537 603,2537 600,2537 523,2537 521,2537 448,2552 446,2552 444,2552 444,2555 426,2570 421,2574 364,2574 366,2614"/>
        <Baseline points="366,2614 857,2605"/>
        <TextEquiv conf="0.9974272847175598">
          <Unicode>„ 22. ap. S. Gemi-</Unicode>
        </TextEquiv>
      </TextLine>
      <TextLine id="eSc_line_3b5b0922" custom="structure {type:default;}">
        <Coords points="879,2610 879,2647 1003,2636 1290,2645 1349,2647 1352,2647 1418,2645 1632,2634 1774,2641 1864,2645 1866,2645 2048,2638 2156,2634 2165,2636 2189,2645 2191,2645 2193,2645 2251,2636 2277,2632 2295,2636 2330,2643 2333,2645 2622,2645 2622,2643 2675,2632 2677,2632 2680,2632 2830,2643 2832,2643 2834,2643 2836,2643 2854,2630 2854,2603 2850,2568 877,2568 879,2610"/>
        <Baseline points="879,2610 2854,2603"/>
        <TextEquiv conf="0.9979332775570625">
          <Unicode>9307 (6464) Monasterii S. Mariae Morronensis tutelam suscipit, possessionesque ac iura</Unicode>
        </TextEquiv>
      </TextLine>
      <TextLine id="eSc_line_2f2869bf" custom="structure {type:default;}">
        <Coords points="612,2667 612,2703 804,2698 806,2663 799,2630 609,2632 612,2667"/>
        <Baseline points="612,2667 806,2663"/>
        <TextEquiv conf="0.9999995827674866">
          <Unicode>nianum</Unicode>
        </TextEquiv>
      </TextLine>
      <TextLine id="eSc_line_45d54bd8" custom="structure {type:default;}">
        <Coords points="938,2665 938,2689 1692,2700 1694,2700 1780,2689 1893,2700 1895,2700 2087,2687 2109,2687 2176,2687 2812,2698 2814,2698 2816,2698 2856,2685 2856,2661 2850,2632 936,2634 938,2665"/>
        <Baseline points="938,2665 2856,2661"/>
        <TextEquiv conf="0.9940619003481981">
          <Unicode>confirmat, petente Guidone abbate. Mittarelli Ann. Cam. III. app. p. 447, Muratori</Unicode>
        </TextEquiv>
      </TextLine>
      <TextLine id="eSc_line_6c57bf88" custom="structure {type:default;}">
        <Coords points="943,2720 943,2740 2448,2736 2450,2716 2443,2685 941,2687 943,2720"/>
        <Baseline points="943,2720 2450,2716"/>
        <TextEquiv conf="0.9920952072510353">
          <Unicode>Ant. It. III. 1163, Migne 180 p. 1377. — „Religiosis desideriis“.</Unicode>
        </TextEquiv>
      </TextLine>
      <TextLine id="eSc_line_041bee34" custom="structure {type:default;}">
        <Coords points="368,2773 366,2795 505,2804 508,2804 510,2804 554,2791 556,2778 556,2744 466,2718 463,2718 461,2718 459,2718 415,2742 368,2742 368,2773"/>
        <Baseline points="368,2773 556,2778"/>
        <TextEquiv conf="0.9991837859153747">
          <Unicode>„ 23.</Unicode>
        </TextEquiv>
      </TextLine>
      <TextLine id="eSc_line_90282bb0" custom="structure {type:default;}">
        <Coords points="625,2780 623,2786 707,2813 709,2813 711,2813 713,2813 751,2793 753,2786 751,2758 625,2742 625,2780"/>
        <Baseline points="625,2780 753,2786"/>
        <TextEquiv conf="1.0">
          <Unicode>„</Unicode>
        </TextEquiv>
      </TextLine>
      <TextLine id="eSc_line_d78ff1ae" custom="structure {type:default;}">
        <Coords points="892,2775 892,2797 1303,2795 1307,2795 1338,2809 1341,2809 1343,2809 1411,2795 1427,2793 1444,2795 1506,2804 1509,2804 1511,2804 1513,2804 1526,2795 1531,2793 1592,2793 1871,2802 1873,2802 2019,2791 2037,2791 2041,2791 2087,2804 2090,2804 2092,2804 2094,2804 2136,2791 2138,2791 2143,2791 2246,2804 2249,2804 2251,2804 2253,2804 2275,2791 2353,2802 2355,2802 2454,2789 2459,2789 2465,2789 2560,2802 2562,2804 2832,2804 2832,2802 2834,2802 2836,2802 2856,2786 2856,2767 2852,2738 890,2736 892,2775"/>
        <Baseline points="892,2775 2856,2767"/>
        <TextEquiv conf="0.9958845563232899">
          <Unicode>Ecclesiam dedicat „IX. cal. Dec.“. Vide titulum ap. Coppi Annali di Sangimignano</Unicode>
        </TextEquiv>
      </TextLine>
      <TextLine id="eSc_line_bb66a967" custom="structure {type:default;}">
        <Coords points="943,2831 943,2855 2854,2857 2856,2831 2856,2800 943,2800 943,2831"/>
        <Baseline points="943,2831 2856,2831"/>
        <TextEquiv conf="0.9913900597595874">
          <Unicode>p. 52, sed in titulo ap. Pecori Storia di San Gimignano p. 633 legitur: „XI. kal.</Unicode>
        </TextEquiv>
      </TextLine>
      <TextLine id="eSc_line_756677a1" custom="structure {type:default;}">
        <Coords points="943,2884 943,2903 1347,2903 1347,2884 1347,2853 943,2853 943,2884"/>
        <Baseline points="943,2884 1347,2884"/>
        <TextEquiv conf="0.9998405751060037">
          <Unicode>Dec.“ (21. Nov.).</Unicode>
        </TextEquiv>
      </TextLine>
      <TextLine id="eSc_line_5c85b3e7" custom="structure {type:default;}">
        <Coords points="368,2939 368,2979 415,2979 415,2976 417,2976 419,2976 419,2974 421,2972 439,2959 519,2965 530,2965 532,2965 534,2965 539,2963 581,2948 618,2948 629,2956 645,2970 647,2970 649,2970 651,2970 757,2968 760,2968 762,2968 793,2945 793,2934 790,2901 746,2879 744,2879 682,2879 680,2879 678,2879 609,2899 536,2890 534,2890 532,2890 530,2890 530,2892 519,2901 472,2886 470,2886 468,2886 466,2886 433,2903 366,2903 368,2939"/>
        <Baseline points="368,2939 793,2934"/>
        <TextEquiv conf="0.9550053715705872">
          <Unicode>„ 23. Sene</Unicode>
        </TextEquiv>
      </TextLine>
      <TextLine id="eSc_line_f738f07b" custom="structure {type:default;}">
        <Coords points="885,2937 885,2961 2852,2956 2854,2932 2847,2892 883,2897 885,2937"/>
        <Baseline points="885,2937 2854,2932"/>
        <TextEquiv conf="0.9999837778335394">
          <Unicode>9308 (6465) Monasterii Scotorum S. Iacobi Ratisponensis protectionem suscipit, posses-</Unicode>
        </TextEquiv>
      </TextLine>
      <TextLine id="eSc_line_72b9dd90" custom="structure {type:default;}">
        <Coords points="941,2994 941,3018 1109,3029 1111,3029 1197,3018 1208,3018 1210,3018 1237,3029 1239,3029 1241,3029 1243,3029 1274,3018 1277,3018 1279,3018 1323,3029 1325,3029 1327,3029 1330,3029 1360,3018 1378,3032 1380,3032 1383,3032 1385,3034 1528,3034 1528,3032 1599,3018 1601,3018 1604,3018 1648,3032 1650,3032 1652,3034 1791,3034 1791,3032 1794,3032 1796,3032 1818,3018 1908,3029 1911,3032 1977,3032 1977,3029 1979,3029 1981,3029 1999,3016 2006,3016 2061,3029 2063,3029 2147,3016 2158,3016 2204,3016 2655,3029 2657,3029 2847,3014 2850,2990 2845,2959 976,2952 974,2952 972,2952 938,2963 941,2994"/>
        <Baseline points="941,2994 2850,2990"/>
        <TextEquiv conf="0.9997826799934293">
          <Unicode>sionesque confirmat, petente Christiano abbate. Ried I. 219, Migne 180 p. 1378. —</Unicode>
        </TextEquiv>
      </TextLine>
      <TextLine id="eSc_line_0b286657" custom="structure {type:default;}">
        <Coords points="943,3051 943,3071 1228,3080 1230,3080 1378,3065 1380,3045 1374,3014 941,3018 943,3051"/>
        <Baseline points="943,3051 1380,3045"/>
        <TextEquiv conf="0.9709419514003553">
          <Unicode>„Quotiens illud a“.</Unicode>
        </TextEquiv>
      </TextLine>
      <TextLine id="eSc_line_4442c42d" custom="structure {type:default;}">
        <Coords points="364,3107 364,3120 375,3131 375,3133 377,3133 380,3133 382,3133 384,3133 415,3118 457,3133 459,3133 461,3133 561,3111 561,3102 556,3074 457,3049 455,3049 452,3049 450,3049 450,3051 430,3074 362,3076 364,3107"/>
        <Baseline points="364,3107 561,3102"/>
        <TextEquiv conf="0.9106606125831604">
          <Unicode>„ 29.</Unicode>
        </TextEquiv>
      </TextLine>
      <TextLine id="eSc_line_d85e5dc5" custom="structure {type:default;}">
        <Coords points="603,3102 600,3120 640,3133 642,3133 645,3133 782,3124 784,3104 784,3067 603,3067 603,3102"/>
        <Baseline points="603,3102 784,3104"/>
        <TextEquiv conf="0.9999841690063477">
          <Unicode>Senis</Unicode>
        </TextEquiv>
      </TextLine>
      <TextLine id="eSc_line_c7db1cc3" custom="structure {type:default;}">
        <Coords points="890,3102 890,3127 2856,3127 2856,3096 2850,3060 888,3065 890,3102"/>
        <Baseline points="890,3102 2856,3096"/>
        <TextEquiv conf="0.9921530751621022">
          <Unicode>9309 Parthenonem S. Ambrosii de Monte Cellensi tuendum suscipit, eiusque possessiones</Unicode>
        </TextEquiv>
      </TextLine>
      <TextLine id="eSc_line_6cd1a35c" custom="structure {type:default;}">
        <Coords points="941,3160 941,3177 1570,3175 1588,3175 1741,3186 1743,3186 2121,3173 2145,3173 2158,3173 2370,3184 2372,3184 2567,3182 2569,3182 2571,3182 2587,3171 2611,3182 2613,3182 2615,3184 2803,3184 2803,3182 2805,3182 2852,3168 2852,3151 2847,3122 1418,3115 1416,3115 1414,3115 1374,3127 983,3118 980,3118 978,3118 938,3129 941,3160"/>
        <Baseline points="941,3160 2852,3151"/>
        <TextEquiv conf="0.9985875310721221">
          <Unicode>et iura confirmat. Wiener Sitzungsber. XCIV. 662. — „Piae postulatio voluntatis“.</Unicode>
        </TextEquiv>
      </TextLine>
      <TextLine id="eSc_line_d44f60a5" custom="structure {type:default;}">
        <Coords points="333,3208 333,3299 406,3299 406,3297 408,3297 459,3268 499,3248 554,3248 554,3208 554,3175 481,3160 479,3160 402,3173 355,3160 353,3160 351,3160 349,3160 346,3160 333,3168 333,3208"/>
        <Baseline points="333,3208 554,3208"/>
        <TextEquiv conf="0.9825881570577621">
          <Unicode>Bec. 90.</Unicode>
        </TextEquiv>
      </TextLine>
      <TextLine id="eSc_line_0844c3d4" custom="structure {type:default;}">
        <Coords points="616,3210 616,3255 691,3252 702,3259 718,3270 720,3270 722,3270 724,3270 815,3259 815,3208 810,3173 631,3162 629,3162 627,3162 625,3162 614,3168 616,3210"/>
        <Baseline points="616,3210 815,3208"/>
        <TextEquiv conf="0.9709579944610596">
          <Unicode>Viterbii</Unicode>
        </TextEquiv>
      </TextLine>
      <TextLine id="eSc_line_572ce8aa" custom="structure {type:default;}">
        <Coords points="888,3210 888,3244 1007,3233 1067,3244 1084,3246 1087,3248 1294,3248 1294,3246 1334,3241 1400,3233 1414,3241 1420,3246 1422,3246 1425,3246 1427,3248 1491,3248 1491,3246 1542,3239 1601,3233 1652,3239 1705,3246 1707,3246 1710,3246 1734,3239 1754,3233 1771,3239 1791,3246 1794,3246 1796,3246 1798,3246 1818,3237 1831,3233 1858,3237 1902,3246 1904,3246 1946,3237 1968,3233 1990,3237 2037,3246 2039,3246 2123,3235 2151,3233 2156,3235 2171,3246 2174,3246 2176,3246 2178,3246 2258,3235 2262,3235 2269,3235 2341,3246 2344,3246 2463,3233 2476,3233 2485,3233 2562,3246 2565,3246 2673,3233 2741,3246 2744,3246 2746,3246 2783,3230 2783,3210 2783,3180 888,3180 888,3210"/>
        <Baseline points="888,3210 2783,3210"/>
        <TextEquiv conf="0.9912681544110888">
          <Unicode>„III. kal. lanuarias“. Epist. Wibaldi ap. Jaffé Bibl. I. 264, Martene Coll. II. 327.</Unicode>
        </TextEquiv>
      </TextLine>
      <TextLine id="eSc_line_bf07213a" custom="structure {type:default;}">
        <Coords points="892,3266 892,3290 2852,3286 2854,3261 2847,3230 890,3233 892,3266"/>
        <Baseline points="892,3266 2854,3261"/>
        <TextEquiv conf="0.9906744431881678">
          <Unicode>9310 Monasterii S. Crispini de Cavea Suessionensis tutelam suscipit, possessionesque</Unicode>
        </TextEquiv>
      </TextLine>
      <TextLine id="eSc_line_3ef2e5fa" custom="structure {type:default;}">
        <Coords points="943,3321 943,3343 2852,3343 2854,3316 2850,3286 941,3283 943,3321"/>
        <Baseline points="943,3321 2854,3316"/>
        <TextEquiv conf="0.9954318028120768">
          <Unicode>confirmat, petente Rogero abbate. Ex Coll. Baluze t. 73. f. 229 in bibl. nat. Paris.</Unicode>
        </TextEquiv>
      </TextLine>
      <TextLine id="eSc_line_f1fcaa7d" custom="structure {type:default;}">
        <Coords points="945,3376 945,3405 1133,3403 1151,3405 1219,3416 1221,3416 1285,3405 1296,3403 1307,3405 1387,3416 1389,3416 1646,3403 1687,3400 1716,3400 1891,3414 1893,3414 2394,3398 2467,3396 2472,3396 2487,3409 2489,3409 2492,3409 2494,3411 2585,3411 2585,3409 2587,3409 2631,3396 2633,3396 2635,3396 2668,3409 2671,3409 2673,3409 2847,3394 2847,3367 2841,3339 943,3345 945,3376"/>
        <Baseline points="945,3376 2847,3367"/>
        <TextEquiv conf="0.9915699890026679">
          <Unicode>misit Delisle; Chartularium S. Crispini ms. lat. 18372. f. 14 in eadem bibl. —</Unicode>
        </TextEquiv>
      </TextLine>
      <TextLine id="eSc_line_0468db40" custom="structure {type:default;}">
        <Coords points="947,3431 947,3475 1173,3489 1175,3489 1177,3489 1204,3475 1210,3473 1310,3473 1312,3475 1323,3484 1325,3484 1327,3484 1330,3484 1391,3473 1398,3473 1400,3473 1416,3486 1416,3489 1418,3489 1420,3489 1422,3491 1489,3491 1489,3489 1491,3489 1493,3489 1513,3475 1661,3489 1663,3489 1800,3471 1800,3431 1800,3398 947,3398 947,3431"/>
        <Baseline points="947,3431 1800,3431"/>
        <TextEquiv conf="0.9813506511541513">
          <Unicode>„Honestis (an Religiosis“) desideriis“.</Unicode>
        </TextEquiv>
      </TextLine>
    </TextRegion>
    <TextRegion id="eSc_textblock_14a92074"  custom="structure {type:default;}">
      <Coords points="1159,194 2001,194 2034,280 1190,298 1137,289 1129,229 1159,194"/>
      <TextLine id="eSc_line_1c279f69" custom="structure {type:default;}">
        <Coords points="2006,216 1955,200 1953,200 1950,200 1948,200 1897,218 1893,223 1796,223 1789,218 1736,200 1734,200 1732,200 1729,200 1672,218 1661,220 1637,218 1548,207 1546,207 1497,218 1482,220 1478,218 1462,205 1460,205 1458,205 1455,205 1385,212 1354,200 1352,200 1188,200 1186,200 1184,200 1155,214 1155,262 1155,291 2012,291 2012,262 2012,231 2006,216"/>
        <Baseline points="1155,262 2012,262"/>
        <TextEquiv conf="0.9848449917939993">
          <Unicode>EUGENIUS III. 1145 — 1153.</Unicode>
        </TextEquiv>
      </TextLine>
    </TextRegion>
    <TextRegion id="eSc_textblock_f8433375"  custom="structure {type:default;}">
      <Coords points="457,3511 397,3513 397,3506 457,3506 457,3511"/>
    </TextRegion>
  </Page>
</PcGts>
