<?xml version="1.0" encoding="UTF-8"  standalone="yes"?>
<PcGts xmlns="http://schema.primaresearch.org/PAGE/gts/pagecontent/2019-07-15" xmlns:xsi="http://www.w3.org/2001/XMLSchema-instance" xsi:schemaLocation="http://schema.primaresearch.org/PAGE/gts/pagecontent/2019-07-15 http://schema.primaresearch.org/PAGE/gts/pagecontent/2019-07-15/pagecontent.xsd">
  <Metadata externalRef="pdf//regestapontificu02cath.pdf">
	<Creator>escriptorium</Creator>
	<Created>2026-01-31T10:25:20.843480+00:00</Created>
        <LastChange>2026-02-01T14:42:27.899196+00:00</LastChange>
  </Metadata>
  <Page imageFilename="regestapontificu02cath.pdf_page_138.png" imageWidth="3007" imageHeight="3975">
    <TextRegion id="eSc_textblock_38c28bec"  custom="structure {type:default;}">
      <Coords points="338,150 439,159 448,218 291,236 291,167 338,150"/>
      <TextLine id="eSc_line_c45077a9" custom="structure {type:default;}">
        <Coords points="417,156 393,154 391,152 307,165 311,212 311,240 428,240 428,203 419,156 417,156"/>
        <Baseline points="311,212 428,203"/>
        <TextEquiv conf="0.9999999205271403">
          <Unicode>126</Unicode>
        </TextEquiv>
      </TextLine>
    </TextRegion>
    <TextRegion id="eSc_textblock_d5a9d37e"  custom="structure {type:default;}">
      <Coords points="331,291 539,318 2883,300 2874,3522 954,3539 866,3513 846,3451 653,3478 291,3442 273,335 331,291"/>
      <TextLine id="eSc_line_2fdf115d" custom="structure {type:default;}">
        <Coords points="2410,302 2408,302 2383,304 2324,313 2299,304 2295,302 2286,304 2264,304 2242,304 2238,304 2218,306 2056,324 1984,324 1948,306 1933,306 1911,306 1889,306 1873,306 1847,322 1760,311 1758,311 1657,322 1584,309 1579,309 1557,309 1535,309 1515,309 1458,324 1402,309 1402,311 1380,311 1358,311 1336,311 1314,311 1292,311 1270,311 1268,311 1243,326 1142,326 1089,313 1071,313 1049,313 1036,313 1011,324 989,313 983,313 961,313 938,313 916,313 894,313 872,313 850,313 852,359 852,384 2686,384 2688,353 2682,304 2554,322 2461,322 2419,304 2412,302 2410,302"/>
        <Baseline points="852,359 2688,353"/>
        <TextEquiv conf="0.9917098269743078">
          <Unicode>1157. (Ind. 5. — 25. Sept. — 6, pont. a. 3. — 5. Dec. — 4, 1136. — 25. Mart. — 1157.)</Unicode>
        </TextEquiv>
      </TextLine>
      <TextLine id="eSc_line_f83c0176" custom="structure {type:default;}">
        <Coords points="324,421 324,439 519,448 521,448 523,448 525,448 545,435 545,417 541,373 430,355 428,355 322,375 324,421"/>
        <Baseline points="324,421 545,417"/>
        <TextEquiv conf="0.9998266398906708">
          <Unicode>lun. 13.</Unicode>
        </TextEquiv>
      </TextLine>
      <TextLine id="eSc_line_c91506d3" custom="structure {type:default;}">
        <Coords points="605,419 605,448 2850,450 2852,417 2847,384 2052,384 2048,379 2023,368 2021,368 1800,368 1798,368 1747,379 1736,382 1729,379 1705,371 1703,371 1701,371 1581,379 1535,382 1464,379 1265,368 1263,368 1120,377 1051,382 1036,377 1016,371 1014,371 1011,371 943,377 892,384 813,384 802,377 790,368 788,368 786,368 784,368 603,375 605,419"/>
        <Baseline points="605,419 2852,417"/>
        <TextEquiv conf="0.9953818419477442">
          <Unicode>Laterani 10295 (6984) Ecclesiam Gradensem, petente Henrico patriarcha, tuendam suscipit, et</Unicode>
        </TextEquiv>
      </TextLine>
      <TextLine id="eSc_line_4e66fbd4" custom="structure {type:default;}">
        <Coords points="934,474 932,496 998,510 1000,510 2090,503 2211,514 2213,514 2850,503 2852,481 2850,448 934,441 934,474"/>
        <Baseline points="934,474 2852,481"/>
        <TextEquiv conf="0.9920126494239359">
          <Unicode>eius possessiones ac privilegia confirmat. Ughelli It. sacr. V. 1124, Mansi XXI. 822,</Unicode>
        </TextEquiv>
      </TextLine>
      <TextLine id="eSc_line_8e90b657" custom="structure {type:default;}">
        <Coords points="934,530 934,552 2012,552 2012,530 2012,496 934,496 934,530"/>
        <Baseline points="934,530 2012,530"/>
        <TextEquiv conf="0.9983045540072701">
          <Unicode>Migne 188 p. 1516. — „Apostolicae officium“.</Unicode>
        </TextEquiv>
      </TextLine>
      <TextLine id="eSc_line_0afeb299" custom="structure {type:default;}">
        <Coords points="362,591 362,636 539,622 541,587 536,523 483,523 481,523 479,523 477,523 477,525 461,538 435,560 360,560 362,591"/>
        <Baseline points="362,591 541,587"/>
        <TextEquiv conf="0.9995458483695984">
          <Unicode>„ 13.</Unicode>
        </TextEquiv>
      </TextLine>
      <TextLine id="eSc_line_914ed894" custom="structure {type:default;}">
        <Coords points="682,594 682,644 733,655 735,655 737,655 786,640 786,589 782,560 680,554 682,594"/>
        <Baseline points="682,594 786,589"/>
        <TextEquiv conf="1.0">
          <Unicode>„</Unicode>
        </TextEquiv>
      </TextLine>
      <TextLine id="eSc_line_94220fe5" custom="structure {type:default;}">
        <Coords points="872,591 872,620 2850,607 2852,583 2847,549 2611,536 2609,536 2607,536 2604,536 2587,549 2116,549 2030,536 2028,536 2026,536 1975,549 1241,541 1239,541 1237,541 1199,554 1184,543 1182,543 1179,543 932,541 930,541 927,541 870,556 872,591"/>
        <Baseline points="872,591 2852,583"/>
        <TextEquiv conf="0.9901459483539357">
          <Unicode>10296 (6985) Henrico, patriarchae Gradensi, concedit, „ut in Constantinopolitana urbe</Unicode>
        </TextEquiv>
      </TextLine>
      <TextLine id="eSc_line_7084736b" custom="structure {type:default;}">
        <Coords points="936,642 936,664 1809,675 1811,675 1917,662 1931,662 1942,662 2008,673 2010,673 2341,662 2366,662 2370,662 2419,673 2421,675 2805,675 2805,673 2808,673 2854,660 2854,638 2847,609 934,611 936,642"/>
        <Baseline points="936,642 2854,638"/>
        <TextEquiv conf="0.9935127058248411">
          <Unicode>et in aliis civitatibus, in Constantinopolitano dumtaxat imperio constitutis, in quibus</Unicode>
        </TextEquiv>
      </TextLine>
      <TextLine id="eSc_line_5af81a1e" custom="structure {type:default;}">
        <Coords points="938,691 936,715 996,728 998,728 2850,724 2852,695 2850,662 938,658 938,691"/>
        <Baseline points="938,691 2852,695"/>
        <TextEquiv conf="0.9994704730370465">
          <Unicode>Veneti plures habeant ecclesias, liceat ei episcopum ordinare“ et consecrare. Ughelli</Unicode>
        </TextEquiv>
      </TextLine>
      <TextLine id="eSc_line_08e847d4" custom="structure {type:default;}">
        <Coords points="936,750 936,772 2850,777 2854,746 2850,711 934,711 936,750"/>
        <Baseline points="936,750 2854,746"/>
        <TextEquiv conf="0.9983047419472745">
          <Unicode>It. sacr. V. 1126, Mansi XXI. 824, Migne 188 p. 1519, (Archives des missions</Unicode>
        </TextEquiv>
      </TextLine>
      <TextLine id="eSc_line_b9faa907" custom="structure {type:default;}">
        <Coords points="934,801 932,821 1201,832 1204,832 1254,821 1261,821 1265,821 1288,832 1290,832 1292,832 1345,821 1354,821 1367,821 1449,832 1451,832 1453,832 1478,821 1482,821 1493,821 1570,834 1573,836 1696,836 1696,834 1699,834 1701,834 1701,832 1712,823 1743,834 1745,834 1747,834 1869,823 1981,834 1984,834 1986,834 2028,821 2030,806 2030,775 1988,761 1986,761 1984,761 1981,761 1950,772 1948,772 1942,772 1829,761 1827,761 1824,761 1822,761 1822,764 1813,770 1811,775 1484,775 1464,766 1444,759 1442,759 1440,759 1283,764 1034,770 934,759 934,801"/>
        <Baseline points="934,801 2030,806"/>
        <TextEquiv conf="0.990795936435461">
          <Unicode>scient. 2. sér. IV. 427). — „Inter omnia coeli“.</Unicode>
        </TextEquiv>
      </TextLine>
      <TextLine id="eSc_line_6f0cd1c1" custom="structure {type:default;}">
        <Coords points="362,865 362,885 439,883 457,898 470,909 470,912 472,912 475,912 477,912 543,907 543,859 536,779 501,781 499,781 497,781 497,783 483,795 441,834 404,834 391,823 382,814 380,814 377,814 375,814 373,814 371,814 371,817 360,825 362,865"/>
        <Baseline points="362,865 543,859"/>
        <TextEquiv conf="0.9601062297821045">
          <Unicode>„ 13.</Unicode>
        </TextEquiv>
      </TextLine>
      <TextLine id="eSc_line_aa510971" custom="structure {type:default;}">
        <Coords points="678,865 680,940 788,907 788,865 788,823 678,814 678,865"/>
        <Baseline points="678,865 788,865"/>
        <TextEquiv conf="0.9999998807907104">
          <Unicode>„</Unicode>
        </TextEquiv>
      </TextLine>
      <TextLine id="eSc_line_0e9d85c2" custom="structure {type:default;}">
        <Coords points="872,863 872,901 1036,887 2850,894 2854,859 2850,828 894,819 892,819 890,819 870,828 872,863"/>
        <Baseline points="872,863 2854,859"/>
        <TextEquiv conf="0.9990975476801396">
          <Unicode>10297 (6986) Episcopis, duci, populo Venetiarum Henricum, patriarcham Gradensem,</Unicode>
        </TextEquiv>
      </TextLine>
      <TextLine id="eSc_line_9f86e79a" custom="structure {type:default;}">
        <Coords points="879,905 877,929 2850,938 2854,914 2852,883 879,874 879,905"/>
        <Baseline points="879,905 2854,914"/>
        <TextEquiv conf="0.9962111189041609">
          <Unicode>s commendat. Nunciat, eidem ab (Lampridio) archiepiscopo Iadertino promissam obe-</Unicode>
        </TextEquiv>
      </TextLine>
      <TextLine id="eSc_line_b18537c4" custom="structure {type:default;}">
        <Coords points="934,969 934,993 2843,989 2845,965 2841,934 956,927 954,927 952,927 932,936 934,969"/>
        <Baseline points="934,969 2845,965"/>
        <TextEquiv conf="0.9945962543670948">
          <Unicode>dientiam esse. Ughelli It. sacr. V. 1128, Mansi XXI. 825, Migne 188 p. 1520. —</Unicode>
        </TextEquiv>
      </TextLine>
      <TextLine id="eSc_line_5523445e" custom="structure {type:default;}">
        <Coords points="936,1024 936,1040 1162,1053 1164,1053 1246,1037 1252,1037 1270,1051 1272,1051 1274,1051 1402,1053 1405,1053 1407,1053 1467,1035 1467,1020 1460,984 1345,991 1316,987 1272,980 1270,980 1212,991 1190,993 1173,991 1124,982 1122,982 1045,993 965,982 963,982 961,982 934,993 936,1024"/>
        <Baseline points="936,1024 1467,1020"/>
        <TextEquiv conf="0.9979485788128593">
          <Unicode>„Venerabilem fratrem“.</Unicode>
        </TextEquiv>
      </TextLine>
      <TextLine id="eSc_line_43f2b672" custom="structure {type:default;}">
        <Coords points="362,1084 364,1128 419,1110 539,1121 541,1079 536,1018 457,1009 455,1009 452,1009 450,1009 428,1026 419,1035 360,1035 362,1084"/>
        <Baseline points="362,1084 541,1079"/>
        <TextEquiv conf="0.9752211570739746">
          <Unicode>„ 15.</Unicode>
        </TextEquiv>
      </TextLine>
      <TextLine id="eSc_line_90ce4810" custom="structure {type:default;}">
        <Coords points="676,1086 676,1099 713,1110 715,1110 718,1110 720,1110 751,1095 751,1084 748,1013 718,1002 715,1002 713,1002 711,1002 673,1020 676,1086"/>
        <Baseline points="676,1086 751,1084"/>
        <TextEquiv conf="0.9999991655349731">
          <Unicode>„</Unicode>
        </TextEquiv>
      </TextLine>
      <TextLine id="eSc_line_853fda9d" custom="structure {type:default;}">
        <Coords points="879,1084 879,1108 2852,1110 2856,1077 2850,1042 877,1044 879,1084"/>
        <Baseline points="879,1084 2856,1077"/>
        <TextEquiv conf="0.9979574538412548">
          <Unicode>10298 (6987) Rodulfo, priori Camaldulensi, eiusque successoribus asserit monasterium</Unicode>
        </TextEquiv>
      </TextLine>
      <TextLine id="eSc_line_4549b9bf" custom="structure {type:default;}">
        <Coords points="934,1137 934,1159 2852,1159 2854,1132 2847,1097 932,1099 934,1137"/>
        <Baseline points="934,1137 2854,1132"/>
        <TextEquiv conf="0.9902640304914335">
          <Unicode>Prataliense, a Ieronimo, episcopo Aretino, donatum. Mittarelli Ann. Cam. III. app.</Unicode>
        </TextEquiv>
      </TextLine>
      <TextLine id="eSc_line_fbbbbdca" custom="structure {type:default;}">
        <Coords points="932,1190 932,1207 1208,1219 1210,1219 1277,1207 1283,1207 1288,1207 1358,1219 1360,1219 1363,1219 1365,1219 1380,1207 1416,1219 1418,1219 1420,1219 1422,1219 1460,1207 1537,1219 1539,1219 1542,1219 1586,1205 1592,1205 1674,1205 1676,1205 1685,1214 1685,1216 1687,1216 1690,1216 1692,1219 1889,1219 1889,1216 1891,1216 1893,1216 1908,1205 1928,1216 1931,1216 1933,1219 2023,1219 2023,1216 2026,1216 2028,1216 2028,1214 2037,1207 2050,1216 2052,1216 2054,1216 2056,1216 2059,1216 2090,1205 2092,1205 2191,1216 2193,1216 2253,1203 2255,1185 2251,1152 2143,1143 2140,1143 2138,1143 2136,1143 2125,1152 2118,1159 1979,1159 1964,1152 1937,1146 1935,1146 1933,1146 1895,1154 1880,1157 1864,1154 1822,1143 1820,1143 1818,1143 1765,1154 1754,1157 1752,1154 1741,1146 1741,1143 1738,1143 1736,1143 1734,1143 1732,1143 1729,1143 1712,1154 1705,1159 1579,1159 1555,1157 1489,1146 1486,1146 1484,1146 1462,1157 1455,1161 1378,1161 1376,1157 1363,1146 1360,1146 1358,1146 1303,1146 1301,1146 1243,1159 1235,1159 1224,1159 1126,1146 1124,1146 1122,1146 1120,1146 1106,1157 1093,1146 1091,1146 1089,1146 1022,1146 1020,1146 930,1159 932,1190"/>
        <Baseline points="932,1190 2255,1185"/>
        <TextEquiv conf="0.9904595580365922">
          <Unicode>p. 496, Migne 188 p. 1521. — „Quotiens illud a nobis“.</Unicode>
        </TextEquiv>
      </TextLine>
      <TextLine id="eSc_line_baf9def5" custom="structure {type:default;}">
        <Coords points="357,1243 357,1276 541,1276 541,1243 541,1199 466,1183 463,1183 461,1183 459,1183 428,1205 419,1212 357,1212 357,1243"/>
        <Baseline points="357,1243 541,1243"/>
        <TextEquiv conf="0.9424690485000611">
          <Unicode>„ 28.</Unicode>
        </TextEquiv>
      </TextLine>
      <TextLine id="eSc_line_bd82a04a" custom="structure {type:default;}">
        <Coords points="669,1252 669,1307 733,1322 735,1322 737,1322 782,1300 782,1249 775,1159 667,1179 669,1252"/>
        <Baseline points="669,1252 782,1249"/>
        <TextEquiv conf="0.9999996423721313">
          <Unicode>„</Unicode>
        </TextEquiv>
      </TextLine>
      <TextLine id="eSc_line_2bed6575" custom="structure {type:default;}">
        <Coords points="877,1247 877,1276 2854,1269 2856,1238 2852,1210 1372,1203 1369,1203 1367,1203 1341,1214 899,1205 897,1205 894,1205 874,1214 877,1247"/>
        <Baseline points="877,1247 2856,1238"/>
        <TextEquiv conf="0.9955657358410992">
          <Unicode>10299 Monasterium SS. Cosmae et Damiani (Micam Auream) tuendum suscipit eiusque</Unicode>
        </TextEquiv>
      </TextLine>
      <TextLine id="eSc_line_95947fa4" custom="structure {type:default;}">
        <Coords points="934,1300 934,1329 2845,1320 2847,1296 2841,1263 932,1265 934,1300"/>
        <Baseline points="934,1300 2847,1296"/>
        <TextEquiv conf="0.998280531243433">
          <Unicode>possessiones confirmat, petente Iohanne abbate. Pflugk-Harttung Acta II. 360. —</Unicode>
        </TextEquiv>
      </TextLine>
      <TextLine id="eSc_line_de0aa47a" custom="structure {type:default;}">
        <Coords points="934,1358 934,1375 1652,1369 1654,1351 1650,1318 969,1311 967,1311 965,1311 932,1322 934,1358"/>
        <Baseline points="934,1358 1654,1351"/>
        <TextEquiv conf="0.9847489806913561">
          <Unicode>„Religiosam vitam eligentibus“.</Unicode>
        </TextEquiv>
      </TextLine>
      <TextLine id="eSc_line_3a2773de" custom="structure {type:default;}">
        <Coords points="682,1413 682,1431 779,1415 782,1408 777,1364 729,1344 726,1344 724,1344 722,1344 678,1362 682,1413"/>
        <Baseline points="682,1413 782,1408"/>
        <TextEquiv conf="0.9939217567443848">
          <Unicode>„</Unicode>
        </TextEquiv>
      </TextLine>
      <TextLine id="eSc_line_e1070933" custom="structure {type:default;}">
        <Coords points="874,1411 874,1437 1155,1448 1157,1448 1159,1448 1184,1437 1186,1437 1248,1448 1250,1448 1425,1435 1444,1435 1453,1435 1517,1448 1520,1448 1672,1435 1676,1435 1679,1435 1763,1448 1765,1448 1855,1433 1866,1433 1875,1433 1964,1446 1966,1446 2061,1433 2065,1433 2068,1433 2105,1446 2107,1446 2109,1448 2220,1448 2220,1446 2222,1446 2271,1433 2355,1446 2357,1446 2638,1444 2640,1444 2642,1444 2662,1431 2814,1444 2816,1444 2819,1444 2854,1428 2854,1402 2847,1371 872,1373 874,1411"/>
        <Baseline points="874,1411 2854,1402"/>
        <TextEquiv conf="0.9959143804407667">
          <Unicode>10300 Monasterii S. Syri lanuensis tutelam suscipit, bonaque et iura confirmat. Pflugk-</Unicode>
        </TextEquiv>
      </TextLine>
      <TextLine id="eSc_line_4b58337c" custom="structure {type:default;}">
        <Coords points="934,1466 934,1488 1922,1484 1924,1461 1917,1431 932,1433 934,1466"/>
        <Baseline points="934,1466 1924,1461"/>
        <TextEquiv conf="0.9915277681699614">
          <Unicode>Harttung Iter p. 258. — „Effectum iusta“.</Unicode>
        </TextEquiv>
      </TextLine>
      <TextLine id="eSc_line_b946bfcc" custom="structure {type:default;}">
        <Coords points="324,1519 324,1563 362,1561 368,1565 382,1576 384,1576 386,1576 388,1578 433,1578 433,1576 435,1576 437,1576 450,1565 459,1556 481,1565 510,1576 512,1576 514,1576 517,1576 541,1565 541,1519 539,1433 475,1437 472,1437 470,1437 468,1439 448,1457 324,1457 324,1519"/>
        <Baseline points="324,1519 541,1519"/>
        <TextEquiv conf="0.9653108020623525">
          <Unicode>Aor. „</Unicode>
        </TextEquiv>
      </TextLine>
      <TextLine id="eSc_line_35d753ff" custom="structure {type:default;}">
        <Coords points="609,1517 609,1545 821,1541 821,1517 821,1468 709,1459 707,1459 609,1472 609,1517"/>
        <Baseline points="609,1517 821,1517"/>
        <TextEquiv conf="0.9533359919275556">
          <Unicode>Signiae</Unicode>
        </TextEquiv>
      </TextLine>
      <TextLine id="eSc_line_e6d84693" custom="structure {type:default;}">
        <Coords points="861,1517 861,1541 2852,1543 2856,1517 2852,1475 861,1479 861,1517"/>
        <Baseline points="861,1517 2856,1517"/>
        <TextEquiv conf="0.9946883536246885">
          <Unicode>10301 Ecclesiam sanctae Crucis Colimbriensem tuendam suscipit, eiusque bona et iura</Unicode>
        </TextEquiv>
      </TextLine>
      <TextLine id="eSc_line_526693cd" custom="structure {type:default;}">
        <Coords points="934,1570 932,1590 1075,1605 1078,1605 1758,1594 1895,1607 1897,1607 2030,1596 2083,1607 2085,1607 2744,1596 2770,1607 2772,1607 2775,1607 2850,1594 2852,1574 2847,1537 934,1539 934,1570"/>
        <Baseline points="934,1570 2852,1574"/>
        <TextEquiv conf="0.9886541322963994">
          <Unicode>confirmat, petente Teotonio priore. Portugalliae monum. hist. SS. I. 70. 71. — „Ad</Unicode>
        </TextEquiv>
      </TextLine>
      <TextLine id="eSc_line_1abf5481" custom="structure {type:default;}">
        <Coords points="934,1629 934,1649 965,1662 967,1662 969,1662 972,1662 1020,1651 1098,1662 1100,1662 1323,1649 1323,1629 1323,1601 934,1601 934,1629"/>
        <Baseline points="934,1629 1323,1629"/>
        <TextEquiv conf="0.9993814019595876">
          <Unicode>hoc universalis“.</Unicode>
        </TextEquiv>
      </TextLine>
      <TextLine id="eSc_line_d100a288" custom="structure {type:default;}">
        <Coords points="357,1687 357,1713 521,1713 521,1711 523,1711 525,1711 539,1698 539,1682 534,1647 444,1634 441,1634 439,1634 437,1634 437,1636 419,1651 415,1656 355,1656 357,1687"/>
        <Baseline points="357,1687 539,1682"/>
        <TextEquiv conf="0.9971215844154357">
          <Unicode>„ 10.</Unicode>
        </TextEquiv>
      </TextLine>
      <TextLine id="eSc_line_d559d585" custom="structure {type:default;}">
        <Coords points="676,1689 676,1700 718,1718 720,1718 722,1718 724,1718 726,1718 757,1698 757,1687 753,1658 673,1658 676,1689"/>
        <Baseline points="676,1689 757,1687"/>
        <TextEquiv conf="0.9996678829193115">
          <Unicode>„</Unicode>
        </TextEquiv>
      </TextLine>
      <TextLine id="eSc_line_b76a95ba" custom="structure {type:default;}">
        <Coords points="879,1687 879,1726 985,1711 2852,1713 2856,1676 2850,1638 877,1649 879,1687"/>
        <Baseline points="879,1687 2856,1676"/>
        <TextEquiv conf="0.9952275344495023">
          <Unicode>10302 Ecclesiae Aberdonensis tutelam suscipit, possessionesque confirmat, petente Edwardo</Unicode>
        </TextEquiv>
      </TextLine>
      <TextLine id="eSc_line_b9eb8d7f" custom="structure {type:default;}">
        <Coords points="934,1740 934,1757 1396,1768 1398,1768 1400,1768 1429,1757 1473,1768 1475,1768 1478,1768 1480,1768 1515,1757 1597,1768 1599,1768 1670,1755 1681,1755 1690,1755 1756,1766 1758,1766 1760,1766 1789,1755 1794,1755 1873,1755 1884,1764 1884,1766 1886,1766 1889,1766 1891,1766 2328,1753 2330,1735 2326,1704 1950,1693 1948,1693 1946,1693 1913,1704 1908,1704 1539,1696 1537,1696 1535,1696 1533,1696 1533,1698 1522,1707 1522,1709 1427,1709 1409,1709 1398,1698 1398,1696 1396,1696 1394,1696 1190,1696 1188,1696 1120,1707 996,1696 994,1696 932,1709 934,1740"/>
        <Baseline points="934,1740 2330,1735"/>
        <TextEquiv conf="0.9999977454804537">
          <Unicode>episcopo. Registrum ep. Aberd. I. 5. — „Cum ex iniuncto“.</Unicode>
        </TextEquiv>
      </TextLine>
      <TextLine id="eSc_line_ee036f9d" custom="structure {type:default;}">
        <Coords points="320,1793 320,1828 435,1835 437,1835 543,1819 543,1793 543,1749 424,1749 404,1731 393,1722 391,1722 388,1722 320,1722 320,1793"/>
        <Baseline points="320,1793 543,1793"/>
        <TextEquiv conf="0.9860414001676772">
          <Unicode>Sept. 11.</Unicode>
        </TextEquiv>
      </TextLine>
      <TextLine id="eSc_line_0899f2d0" custom="structure {type:default;}">
        <Coords points="589,1793 589,1830 830,1824 830,1788 826,1746 587,1742 589,1793"/>
        <Baseline points="589,1793 830,1788"/>
        <TextEquiv conf="0.9999972879886627">
          <Unicode>Anagniae</Unicode>
        </TextEquiv>
      </TextLine>
      <TextLine id="eSc_line_99fa8671" custom="structure {type:default;}">
        <Coords points="870,1793 870,1815 2850,1821 2854,1788 2850,1762 1871,1751 1869,1751 1866,1751 1820,1762 890,1753 888,1753 885,1753 883,1753 868,1760 870,1793"/>
        <Baseline points="870,1793 2854,1788"/>
        <TextEquiv conf="0.9941061677702938">
          <Unicode>10303 (6989) Ecclesiam Ravellensem tuendam suscipit et possessiones eius confirmat,</Unicode>
        </TextEquiv>
      </TextLine>
      <TextLine id="eSc_line_8866bb28" custom="structure {type:default;}">
        <Coords points="934,1850 934,1879 2850,1881 2854,1843 2847,1813 932,1813 934,1850"/>
        <Baseline points="934,1850 2854,1843"/>
        <TextEquiv conf="0.9947728476946867">
          <Unicode>petente lohanne episcopo. Ughelli It. sacr. I. 1185, Migne 188 p. 1522. — „Piae</Unicode>
        </TextEquiv>
      </TextLine>
      <TextLine id="eSc_line_9d885cf5" custom="structure {type:default;}">
        <Coords points="934,1905 934,1923 1433,1919 1436,1901 1429,1866 932,1868 934,1905"/>
        <Baseline points="934,1905 1436,1901"/>
        <TextEquiv conf="0.9999402087667714">
          <Unicode>postulatio voluntatis“.</Unicode>
        </TextEquiv>
      </TextLine>
      <TextLine id="eSc_line_1d3d989d" custom="structure {type:default;}">
        <Coords points="364,1961 364,2016 439,2016 441,2016 444,2016 468,1998 481,1989 536,1985 536,1954 532,1910 362,1908 364,1961"/>
        <Baseline points="364,1961 536,1954"/>
        <TextEquiv conf="0.9997363328933716">
          <Unicode>„ 20.</Unicode>
        </TextEquiv>
      </TextLine>
      <TextLine id="eSc_line_99127091" custom="structure {type:default;}">
        <Coords points="671,1963 671,2029 707,2051 709,2051 711,2051 713,2051 715,2051 735,2042 746,2036 775,2051 779,1963 779,1934 671,1914 671,1963"/>
        <Baseline points="671,1963 779,1963"/>
        <TextEquiv conf="1.0">
          <Unicode>„</Unicode>
        </TextEquiv>
      </TextLine>
      <TextLine id="eSc_line_8bc42129" custom="structure {type:default;}">
        <Coords points="881,1958 881,1985 2854,1985 2856,1954 2850,1914 2403,1923 2392,1916 2379,1908 2377,1908 2375,1908 2324,1908 2322,1908 2319,1908 2299,1916 2288,1925 2213,1925 2189,1919 2138,1908 2136,1908 2134,1908 2109,1919 2101,1923 2045,1919 1970,1914 1968,1914 1714,1923 1595,1925 1590,1923 1564,1910 1562,1910 1484,1910 1482,1910 1418,1925 1411,1925 1407,1925 1374,1912 1372,1912 1104,1910 1102,1910 1036,1925 978,1910 976,1910 974,1910 879,1927 881,1958"/>
        <Baseline points="881,1958 2856,1954"/>
        <TextEquiv conf="0.9980729040576191">
          <Unicode>10304 (6991) Friderico, Romanorum imperatori, exprobrat, quod sacrilegam E(skilli)</Unicode>
        </TextEquiv>
      </TextLine>
      <TextLine id="eSc_line_30f7ca80" custom="structure {type:default;}">
        <Coords points="934,2014 934,2047 2852,2044 2854,2009 2847,1980 932,1980 934,2014"/>
        <Baseline points="934,2014 2854,2009"/>
        <TextEquiv conf="0.997500546184587">
          <Unicode>archiepiscopi Lundensis comprehensionem, neglectis admonitionibus suis, impunitam</Unicode>
        </TextEquiv>
      </TextLine>
      <TextLine id="eSc_line_0e3dc211" custom="structure {type:default;}">
        <Coords points="936,2069 936,2097 2850,2097 2852,2064 2845,2031 934,2031 936,2069"/>
        <Baseline points="936,2069 2852,2064"/>
        <TextEquiv conf="0.9981409654021263">
          <Unicode>adhuc tulerit. Memorat coronam imperatoriam a sese ei „collatam“, additque haec:</Unicode>
        </TextEquiv>
      </TextLine>
      <TextLine id="eSc_line_61d0850f" custom="structure {type:default;}">
        <Coords points="938,2126 938,2150 2852,2146 2854,2120 2847,2082 1908,2089 1891,2089 1809,2078 1807,2078 1805,2078 1802,2078 1789,2089 1787,2091 1497,2091 1473,2091 1290,2080 1288,2080 1285,2080 1243,2091 1133,2080 1131,2080 1129,2080 1093,2091 1020,2080 1018,2080 936,2093 938,2126"/>
        <Baseline points="938,2126 2854,2120"/>
        <TextEquiv conf="0.9934188019798462">
          <Unicode>„neque tamen poeniteret nos tuae desideria voluntatis in omnibus implevisse, sed si</Unicode>
        </TextEquiv>
      </TextLine>
      <TextLine id="eSc_line_1ec5b795" custom="structure {type:default;}">
        <Coords points="936,2179 936,2201 1188,2212 1190,2212 1451,2201 1458,2201 1462,2201 1573,2212 1575,2212 1577,2212 1615,2199 1621,2199 1679,2199 2052,2210 2054,2210 2105,2199 2107,2199 2123,2199 2728,2208 2730,2208 2852,2195 2854,2173 2847,2146 934,2150 936,2179"/>
        <Baseline points="936,2179 2854,2173"/>
        <TextEquiv conf="0.9988455595793547">
          <Unicode>maiora beneficia excellentia tua de manu nostra suscepisset, si fieri posset, non</Unicode>
        </TextEquiv>
      </TextLine>
      <TextLine id="eSc_line_5336126d" custom="structure {type:default;}">
        <Coords points="936,2234 936,2265 2854,2265 2856,2230 2852,2197 934,2197 936,2234"/>
        <Baseline points="936,2234 2856,2230"/>
        <TextEquiv conf="0.9943326711654663">
          <Unicode>immerito gauderemus“. Veretur autem, „ne forte suggestione perversi hominis, zizania</Unicode>
        </TextEquiv>
      </TextLine>
      <TextLine id="eSc_line_abb4c7d4" custom="structure {type:default;}">
        <Coords points="936,2287 936,2309 2854,2305 2856,2283 2850,2252 934,2252 936,2287"/>
        <Baseline points="936,2287 2856,2283"/>
        <TextEquiv conf="0.9990416896807683">
          <Unicode>seminantis, adversus Romanam ecclesiam et se ipsum indignationem aliquam con-</Unicode>
        </TextEquiv>
      </TextLine>
      <TextLine id="eSc_line_46a60e10" custom="structure {type:default;}">
        <Coords points="936,2343 936,2365 2854,2360 2856,2338 2850,2309 934,2312 936,2343"/>
        <Baseline points="936,2343 2856,2338"/>
        <TextEquiv conf="0.9995335855601747">
          <Unicode>ceperit“. Bernhardum, S. Clementis presbyterum, et Rolandum, S. Marci presbyterum</Unicode>
        </TextEquiv>
      </TextLine>
      <TextLine id="eSc_line_401b6372" custom="structure {type:default;}">
        <Coords points="936,2398 936,2420 2854,2429 2856,2398 2856,2367 936,2367 936,2398"/>
        <Baseline points="936,2398 2856,2398"/>
        <TextEquiv conf="0.9987575271983206">
          <Unicode>cardinalem et cancellarium, legatos suos, commendat. Ragewini Gest. Frid. L. III.</Unicode>
        </TextEquiv>
      </TextLine>
      <TextLine id="eSc_line_31340700" custom="structure {type:default;}">
        <Coords points="934,2453 934,2477 2852,2482 2856,2446 2850,2415 932,2420 934,2453"/>
        <Baseline points="934,2453 2856,2446"/>
        <TextEquiv conf="0.9997488477013328">
          <Unicode>c. 9 in MG. SS. XX. 420, (Mansi XXI. 789, Migne 188 p. 1525). — „Imperatoriae</Unicode>
        </TextEquiv>
      </TextLine>
      <TextLine id="eSc_line_1dfa3459" custom="structure {type:default;}">
        <Coords points="934,2506 934,2528 1142,2532 1144,2532 1146,2532 1186,2519 1186,2502 1182,2462 932,2462 934,2506"/>
        <Baseline points="934,2506 1186,2502"/>
        <TextEquiv conf="0.9999549172141335">
          <Unicode>maiestati“.</Unicode>
        </TextEquiv>
      </TextLine>
      <TextLine id="eSc_line_bb2630c9" custom="structure {type:default;}">
        <Coords points="362,2568 362,2614 402,2614 404,2614 406,2614 406,2612 415,2605 435,2585 457,2597 468,2601 470,2601 472,2601 475,2601 543,2577 543,2559 539,2513 430,2504 428,2504 357,2519 362,2568"/>
        <Baseline points="362,2568 543,2559"/>
        <TextEquiv conf="0.9999270796775818">
          <Unicode>„ 26.</Unicode>
        </TextEquiv>
      </TextLine>
      <TextLine id="eSc_line_52d8060b" custom="structure {type:default;}">
        <Coords points="662,2572 662,2592 698,2610 700,2610 702,2610 704,2610 764,2592 764,2572 764,2530 744,2517 742,2517 740,2517 737,2517 662,2530 662,2572"/>
        <Baseline points="662,2572 764,2572"/>
        <TextEquiv conf="0.9999890327453613">
          <Unicode>„</Unicode>
        </TextEquiv>
      </TextLine>
      <TextLine id="eSc_line_ae4f8c2f" custom="structure {type:default;}">
        <Coords points="885,2559 885,2583 978,2597 980,2597 983,2597 1031,2585 1082,2597 1084,2597 1334,2585 1586,2585 1619,2597 1621,2597 1623,2597 1800,2585 1884,2597 1886,2597 2006,2585 2523,2597 2525,2597 2598,2585 2646,2597 2649,2597 2651,2597 2858,2583 2858,2559 2858,2528 885,2517 885,2559"/>
        <Baseline points="885,2559 2858,2559"/>
        <TextEquiv conf="0.9990167717138926">
          <Unicode>10305 Monasterium S. Petri de Cella (seu S. Ulrici) tuendum suscipit, bonaque eius et iura</Unicode>
        </TextEquiv>
      </TextLine>
      <TextLine id="eSc_line_5e20214c" custom="structure {type:default;}">
        <Coords points="936,2616 936,2645 2768,2636 2770,2612 2763,2583 934,2585 936,2616"/>
        <Baseline points="936,2616 2770,2612"/>
        <TextEquiv conf="0.9976801520738846">
          <Unicode>confirmat, petente Girardo priore. Neues Archiv II. 211. — „Apostolice sedis“.</Unicode>
        </TextEquiv>
      </TextLine>
      <TextLine id="eSc_line_b701ffb0" custom="structure {type:default;}">
        <Coords points="360,2676 360,2729 406,2729 406,2727 408,2727 410,2727 410,2725 419,2716 439,2696 539,2694 541,2672 534,2610 430,2634 357,2630 360,2676"/>
        <Baseline points="360,2676 541,2672"/>
        <TextEquiv conf="0.9945523291826248">
          <Unicode>„ 28</Unicode>
        </TextEquiv>
      </TextLine>
      <TextLine id="eSc_line_62f335ed" custom="structure {type:default;}">
        <Coords points="665,2683 665,2727 704,2736 707,2736 709,2736 711,2736 755,2707 755,2678 751,2641 698,2627 695,2627 693,2627 691,2627 660,2636 665,2683"/>
        <Baseline points="665,2683 755,2678"/>
        <TextEquiv conf="0.9986176490783691">
          <Unicode>„</Unicode>
        </TextEquiv>
      </TextLine>
      <TextLine id="eSc_line_b7392068" custom="structure {type:default;}">
        <Coords points="883,2674 883,2705 2854,2696 2856,2667 2850,2630 881,2632 883,2674"/>
        <Baseline points="883,2674 2856,2667"/>
        <TextEquiv conf="0.9994728658572737">
          <Unicode>10306 Ecclesiae S. Leonardi de Lamavolaria tutelam suscipit possessionesque et iura</Unicode>
        </TextEquiv>
      </TextLine>
      <TextLine id="eSc_line_7cd03187" custom="structure {type:default;}">
        <Coords points="936,2727 936,2751 2854,2742 2856,2718 2850,2689 934,2696 936,2727"/>
        <Baseline points="936,2727 2856,2718"/>
        <TextEquiv conf="0.999118042997567">
          <Unicode>confirmat, ea lege, ut uncia auri (quotannis) Lateranensi palatio solvatur. Pflugk-</Unicode>
        </TextEquiv>
      </TextLine>
      <TextLine id="eSc_line_028dd5de" custom="structure {type:default;}">
        <Coords points="936,2780 936,2802 1135,2815 1137,2815 1259,2802 1261,2802 1299,2815 1301,2815 1303,2815 1305,2815 1341,2802 1387,2815 1389,2815 1391,2815 1394,2815 1440,2800 1444,2800 1528,2800 1531,2800 1542,2811 1542,2813 1544,2813 1546,2813 1548,2815 1747,2815 1747,2813 1749,2813 1752,2813 1765,2800 1789,2813 1791,2813 1794,2815 1877,2815 1877,2813 1880,2813 1926,2797 1926,2775 1919,2749 934,2751 936,2780"/>
        <Baseline points="936,2780 1926,2775"/>
        <TextEquiv conf="0.9975861485411481">
          <Unicode>Harttung Iter p. 258. — „Effectum iusta“.</Unicode>
        </TextEquiv>
      </TextLine>
      <TextLine id="eSc_line_470bbbb2" custom="structure {type:default;}">
        <Coords points="322,2833 320,2855 534,2862 539,2837 536,2800 461,2797 410,2769 408,2769 362,2769 360,2769 357,2769 355,2769 322,2789 322,2833"/>
        <Baseline points="322,2833 539,2837"/>
        <TextEquiv conf="0.9741599038243294">
          <Unicode>Oct. 11.</Unicode>
        </TextEquiv>
      </TextLine>
      <TextLine id="eSc_line_9e294297" custom="structure {type:default;}">
        <Coords points="888,2833 888,2862 2854,2857 2856,2828 2852,2797 885,2797 888,2833"/>
        <Baseline points="888,2833 2856,2828"/>
        <TextEquiv conf="0.9937886863612058">
          <Unicode>10307 Aldebrandino et Bernardino, filiis Ubolini, comitis de Calinangiare (al. Calmaiare)</Unicode>
        </TextEquiv>
      </TextLine>
      <TextLine id="eSc_line_599dc0e8" custom="structure {type:default;}">
        <Coords points="936,2892 936,2915 2854,2908 2856,2886 2852,2853 1007,2846 1005,2846 934,2857 936,2892"/>
        <Baseline points="936,2892 2856,2886"/>
        <TextEquiv conf="0.9952342638915236">
          <Unicode>ac Scarlatano de Radicofano et Orlandino, eius fratri., et filiis Belizi praedia quaedam</Unicode>
        </TextEquiv>
      </TextLine>
      <TextLine id="eSc_line_02087225" custom="structure {type:default;}">
        <Coords points="936,2948 936,2970 1064,2981 1067,2981 1159,2972 1188,2970 1193,2972 1206,2981 1208,2981 1210,2981 1212,2981 1343,2972 1400,2970 1451,2974 1573,2983 1575,2983 1617,2974 1648,2968 1681,2974 1714,2981 1716,2981 1771,2974 1838,2968 1942,2976 2017,2981 2019,2981 2043,2976 2083,2968 2266,2976 2313,2979 2315,2979 2317,2979 2319,2979 2319,2976 2339,2965 2520,2965 2547,2979 2549,2979 2551,2979 2554,2981 2854,2981 2856,2941 2852,2910 950,2906 947,2906 945,2906 943,2906 934,2912 936,2948"/>
        <Baseline points="936,2948 2856,2941"/>
        <TextEquiv conf="0.9988838986114219">
          <Unicode>Romanae ecclesiae beneficiaria tribuit. Muratori Ant. It. I. 631, Pflugk-Harttung</Unicode>
        </TextEquiv>
      </TextLine>
      <TextLine id="eSc_line_9eb396d0" custom="structure {type:default;}">
        <Coords points="936,3001 936,3023 1352,3034 1354,3034 1414,3023 1559,3032 1562,3032 1805,3021 1811,3021 1813,3021 1829,3032 1831,3032 1833,3032 1836,3034 1979,3034 1979,3032 2083,3018 2094,3018 2098,3018 2132,3029 2134,3029 2136,3029 2240,3018 2249,3018 2260,3018 2448,3029 2450,3029 2452,3029 2503,3016 2503,2994 2496,2965 934,2970 936,3001"/>
        <Baseline points="936,3001 2503,2994"/>
        <TextEquiv conf="0.9949058015500346">
          <Unicode>Acta II. 361, Migne 188 p. 1532. — „In nomine“ „Ego Adrianus“.</Unicode>
        </TextEquiv>
      </TextLine>
      <TextLine id="eSc_line_f31a2e6b" custom="structure {type:default;}">
        <Coords points="324,3056 324,3085 552,3085 552,3056 550,3005 324,3007 324,3056"/>
        <Baseline points="324,3056 552,3056"/>
        <TextEquiv conf="0.9998920219285148">
          <Unicode>Nov. 4.</Unicode>
        </TextEquiv>
      </TextLine>
      <TextLine id="eSc_line_dea6ddcd" custom="structure {type:default;}">
        <Coords points="589,3056 589,3080 813,3091 815,3056 815,3001 589,3001 589,3056"/>
        <Baseline points="589,3056 815,3056"/>
        <TextEquiv conf="0.9999995082616806">
          <Unicode>Laterani</Unicode>
        </TextEquiv>
      </TextLine>
      <TextLine id="eSc_line_f42564f0" custom="structure {type:default;}">
        <Coords points="885,3056 885,3080 2854,3078 2856,3049 2850,3014 883,3014 885,3056"/>
        <Baseline points="885,3056 2856,3049"/>
        <TextEquiv conf="0.9941183377143948">
          <Unicode>10308 (6992) Hospitalis S. Blasii iuxta Modoetiam possessiones confirmat. Giulini Mem.</Unicode>
        </TextEquiv>
      </TextLine>
      <TextLine id="eSc_line_6aab729d" custom="structure {type:default;}">
        <Coords points="936,3109 936,3131 1444,3142 1447,3142 1449,3142 1475,3131 1520,3142 1522,3142 1524,3142 1526,3142 1570,3131 1575,3129 1579,3129 1608,3140 1610,3140 1612,3140 1796,3129 1816,3129 1818,3129 1838,3140 1840,3140 1842,3140 1933,3129 1939,3129 1953,3129 2145,3140 2147,3140 2149,3140 2185,3129 2209,3140 2211,3140 2213,3140 2286,3127 2297,3127 2317,3127 2445,3138 2448,3138 2450,3138 2476,3127 2478,3127 2487,3127 2585,3138 2587,3138 2852,3124 2854,3102 2847,3074 934,3078 936,3109"/>
        <Baseline points="936,3109 2854,3102"/>
        <TextEquiv conf="0.9928097307682038">
          <Unicode>d. Mil. VI. 529, cf. p. 79. (Pro „II. Nov.“ leg. „II. non. Nov.“.) — „Religiosam</Unicode>
        </TextEquiv>
      </TextLine>
      <TextLine id="eSc_line_4022319f" custom="structure {type:default;}">
        <Coords points="936,3162 934,3175 954,3191 956,3191 958,3191 1025,3199 1027,3199 1029,3199 1109,3175 1111,3166 1106,3124 936,3127 936,3162"/>
        <Baseline points="936,3162 1111,3166"/>
        <TextEquiv conf="0.9998043860707965">
          <Unicode>vitam“.</Unicode>
        </TextEquiv>
      </TextLine>
      <TextLine id="eSc_line_c1f2391b" custom="structure {type:default;}">
        <Coords points="364,3224 366,3248 410,3235 481,3244 523,3248 525,3248 528,3248 530,3248 539,3241 554,3233 676,3233 682,3235 715,3248 718,3248 720,3248 722,3248 760,3230 760,3224 760,3197 642,3197 607,3168 605,3168 603,3168 514,3168 512,3168 364,3195 364,3224"/>
        <Baseline points="364,3224 760,3224"/>
        <TextEquiv conf="0.9812748687607902">
          <Unicode>„ 10. „</Unicode>
        </TextEquiv>
      </TextLine>
      <TextLine id="eSc_line_7f954d1c" custom="structure {type:default;}">
        <Coords points="888,3221 888,3248 2854,3244 2856,3210 2852,3175 943,3173 941,3173 885,3184 888,3221"/>
        <Baseline points="888,3221 2856,3210"/>
        <TextEquiv conf="0.9853898319135229">
          <Unicode>10309 (6993) Monasterium S. Dionysii Mediolanense tuendum suscipit, eiusque bona et</Unicode>
        </TextEquiv>
      </TextLine>
      <TextLine id="eSc_line_61c7ecc3" custom="structure {type:default;}">
        <Coords points="938,3277 938,3301 2852,3297 2854,3263 2850,3233 1257,3230 1254,3230 1252,3230 1210,3241 983,3233 980,3233 978,3233 936,3244 938,3277"/>
        <Baseline points="938,3277 2854,3263"/>
        <TextEquiv conf="0.9879765776266535">
          <Unicode>privilegia confirmat, petente Wilfredo abbate. Muratori Ant. It. V. 1035, Migne 188</Unicode>
        </TextEquiv>
      </TextLine>
      <TextLine id="eSc_line_a01bfe91" custom="structure {type:default;}">
        <Coords points="938,3330 938,3356 1011,3347 1082,3354 1126,3358 1129,3358 1159,3352 1197,3345 1219,3352 1239,3358 1241,3358 1243,3361 1374,3361 1374,3358 1376,3358 1378,3358 1378,3356 1387,3347 1391,3345 1442,3347 1621,3356 1623,3356 1712,3341 1714,3323 1710,3297 1453,3286 1451,3286 1449,3286 1447,3286 1447,3288 1444,3288 1438,3297 1431,3297 1268,3288 1265,3288 936,3299 938,3330"/>
        <Baseline points="938,3330 1714,3323"/>
        <TextEquiv conf="0.9961543065128904">
          <Unicode>p. 1527. — „Iustis religiosorum“.</Unicode>
        </TextEquiv>
      </TextLine>
      <TextLine id="eSc_line_a8b54095" custom="structure {type:default;}">
        <Coords points="355,3392 355,3464 430,3473 433,3473 435,3473 437,3473 437,3471 448,3462 490,3502 510,3520 510,3522 512,3522 514,3522 517,3522 558,3520 556,3385 547,3332 523,3343 501,3339 481,3334 479,3334 477,3334 475,3334 461,3343 441,3358 353,3358 355,3392"/>
        <Baseline points="355,3392 556,3385"/>
        <TextEquiv conf="0.5952100157737732">
          <Unicode>„</Unicode>
        </TextEquiv>
      </TextLine>
      <TextLine id="eSc_line_6429eb74" custom="structure {type:default;}">
        <Coords points="623,3383 620,3396 748,3411 753,3389 753,3343 671,3314 669,3314 667,3314 665,3314 625,3325 623,3383"/>
        <Baseline points="623,3383 753,3389"/>
        <TextEquiv conf="0.9999934434890747">
          <Unicode>„</Unicode>
        </TextEquiv>
      </TextLine>
      <TextLine id="eSc_line_942d90e5" custom="structure {type:default;}">
        <Coords points="890,3383 890,3414 2854,3414 2854,3372 2847,3343 888,3352 890,3383"/>
        <Baseline points="890,3383 2854,3372"/>
        <TextEquiv conf="0.9914445969320479">
          <Unicode>10310 (6994) Parthenonis S. Nicolai Fussenichensis protectionem suscipit, bonaque ac</Unicode>
        </TextEquiv>
      </TextLine>
      <TextLine id="eSc_line_28461626" custom="structure {type:default;}">
        <Coords points="945,3440 945,3464 2852,3467 2854,3431 2847,3398 943,3405 945,3440"/>
        <Baseline points="945,3440 2854,3431"/>
        <TextEquiv conf="0.9961027068856322">
          <Unicode>privilegia confirmat, petente Iepa priorissa. Hugo O. P. A. Pr. p. 570, Lacomblet</Unicode>
        </TextEquiv>
      </TextLine>
      <TextLine id="eSc_line_eb15e253" custom="structure {type:default;}">
        <Coords points="945,3493 945,3517 1034,3520 1064,3539 1067,3539 1069,3539 1071,3542 1133,3542 1133,3539 1135,3539 1175,3520 1219,3539 1221,3539 1224,3542 1274,3542 1274,3539 1277,3539 1319,3520 1400,3520 1425,3539 1427,3539 1429,3539 1431,3539 1615,3537 1617,3537 1619,3537 1646,3520 1749,3533 1752,3533 1900,3517 1900,3493 1900,3462 1449,3451 1447,3451 1444,3451 1442,3451 1442,3453 1431,3462 1431,3464 1310,3464 1307,3462 1235,3451 1232,3451 1230,3451 1199,3462 1129,3451 1126,3451 1124,3451 1095,3462 974,3451 972,3451 969,3451 945,3462 945,3493"/>
        <Baseline points="945,3493 1900,3493"/>
        <TextEquiv conf="0.9984410221760089">
          <Unicode>Urkdb. IV. 775. — „Prudentes virgines“.</Unicode>
        </TextEquiv>
      </TextLine>
    </TextRegion>
    <TextRegion id="eSc_textblock_4ef435d5"  custom="structure {type:default;}">
      <Coords points="1168,141 2034,150 2052,227 1120,245 1111,150 1168,141"/>
      <TextLine id="eSc_line_86461a01" custom="structure {type:default;}">
        <Coords points="1900,147 1869,154 1824,163 1760,154 1694,145 1692,145 1690,145 1687,145 1674,154 1663,163 1601,154 1557,150 1555,150 1553,150 1535,156 1513,163 1495,156 1471,145 1469,145 1467,145 1341,156 1310,159 1301,156 1265,145 1263,145 1261,145 1126,156 1126,212 1126,245 1665,236 1701,238 1805,247 1807,247 1902,236 1904,236 1908,236 1997,247 1999,247 2001,247 2023,234 2023,212 2023,154 1902,147 1900,147"/>
        <Baseline points="1126,212 2023,212"/>
        <TextEquiv conf="0.9998687828580538">
          <Unicode>HADRIANUS IV. 1154—1159.</Unicode>
        </TextEquiv>
      </TextLine>
    </TextRegion>
  </Page>
</PcGts>
