<?xml version="1.0" encoding="UTF-8"  standalone="yes"?>
<PcGts xmlns="http://schema.primaresearch.org/PAGE/gts/pagecontent/2019-07-15" xmlns:xsi="http://www.w3.org/2001/XMLSchema-instance" xsi:schemaLocation="http://schema.primaresearch.org/PAGE/gts/pagecontent/2019-07-15 http://schema.primaresearch.org/PAGE/gts/pagecontent/2019-07-15/pagecontent.xsd">
  <Metadata externalRef="pdf//regestapontificu02cath.pdf">
	<Creator>escriptorium</Creator>
	<Created>2026-01-31T10:22:47.855512+00:00</Created>
        <LastChange>2026-02-01T14:27:37.267130+00:00</LastChange>
  </Metadata>
  <Page imageFilename="regestapontificu02cath.pdf_page_75.png" imageWidth="3007" imageHeight="3975">
    <TextRegion id="eSc_textblock_f144f332"  custom="structure {type:default;}">
      <Coords points="2554,335 2653,335 2697,379 2671,653 2653,3566 2618,3592 671,3584 625,3522 388,3539 360,3513 333,3557 114,3557 70,3257 106,397 132,371 333,371 368,459 397,362 642,388 689,353 2554,335"/>
      <TextLine id="eSc_line_8eff1ed5" custom="structure {type:default;}">
        <Coords points="665,368 642,384 645,415 645,443 2200,437 2200,401 2193,353 678,355 665,368"/>
        <Baseline points="645,415 2200,401"/>
        <TextEquiv conf="0.9820903150571717">
          <Unicode>1149. (Indf. 12, pont. a. 1. — 18. Pabr. — 5, 1118. — 25. Mart. — 1119.)</Unicode>
        </TextEquiv>
      </TextLine>
      <TextLine id="eSc_line_0a2bf707" custom="structure {type:default;}">
        <Coords points="125,483 125,514 335,516 338,479 331,435 254,435 223,415 203,401 201,401 198,401 121,399 125,483"/>
        <Baseline points="125,483 338,479"/>
        <TextEquiv conf="0.9995459829057965">
          <Unicode>Mai. 6.</Unicode>
        </TextEquiv>
      </TextLine>
      <TextLine id="eSc_line_53b24616" custom="structure {type:default;}">
        <Coords points="386,481 386,525 607,518 609,477 603,432 490,437 455,417 444,408 441,408 439,408 437,408 384,408 386,481"/>
        <Baseline points="386,481 609,477"/>
        <TextEquiv conf="0.9570052358839247">
          <Unicode>Tunenlani</Unicode>
        </TextEquiv>
      </TextLine>
      <TextLine id="eSc_line_9aca442c" custom="structure {type:default;}">
        <Coords points="673,474 673,499 2642,503 2646,470 2642,441 2249,430 2246,430 2244,430 2242,430 2227,441 2224,443 2043,443 1743,443 1672,430 1670,430 1668,430 1665,430 1646,441 1018,432 1016,432 901,443 877,432 874,432 709,432 707,432 704,432 671,443 673,474"/>
        <Baseline points="673,474 2646,470"/>
        <TextEquiv conf="0.9990555549209769">
          <Unicode>9338 Monasterii Cavensis protectionem suscipit, possessionesque ac privilegia confirmat,</Unicode>
        </TextEquiv>
      </TextLine>
      <TextLine id="eSc_line_d048647c" custom="structure {type:default;}">
        <Coords points="731,534 731,558 2646,547 2649,525 2644,496 729,494 731,534"/>
        <Baseline points="731,534 2649,525"/>
        <TextEquiv conf="0.9950505686111939">
          <Unicode>Marino abbate petente. Guillaume Labbaye de Cava App. p. 32. — „Commisse nobis</Unicode>
        </TextEquiv>
      </TextLine>
      <TextLine id="eSc_line_4120accc" custom="structure {type:default;}">
        <Coords points="724,585 724,600 757,616 760,616 762,616 938,613 941,613 996,596 996,580 992,549 890,538 888,538 722,552 724,585"/>
        <Baseline points="724,585 996,580"/>
        <TextEquiv conf="0.9999742805957794">
          <Unicode>apostolice“.</Unicode>
        </TextEquiv>
      </TextLine>
      <TextLine id="eSc_line_7bed1b8a" custom="structure {type:default;}">
        <Coords points="161,647 163,675 205,655 256,662 315,671 318,671 320,671 322,671 344,651 344,642 340,600 271,594 269,594 267,594 265,594 265,596 251,607 240,616 159,616 161,647"/>
        <Baseline points="161,647 344,642"/>
        <TextEquiv conf="0.9999865531921387">
          <Unicode>„ 16.</Unicode>
        </TextEquiv>
      </TextLine>
      <TextLine id="eSc_line_0bffb572" custom="structure {type:default;}">
        <Coords points="461,655 459,691 554,691 556,660 554,631 461,627 461,655"/>
        <Baseline points="461,655 556,660"/>
        <TextEquiv conf="1.0">
          <Unicode>„</Unicode>
        </TextEquiv>
      </TextLine>
      <TextLine id="eSc_line_7962fd25" custom="structure {type:default;}">
        <Coords points="676,642 676,680 788,664 826,675 828,675 830,675 1003,664 1093,675 1111,677 1113,677 1137,675 1261,662 1422,673 1480,675 1482,675 1531,671 1628,662 1641,671 1650,675 1652,675 1654,675 1657,675 1659,675 1661,675 1668,669 1679,664 1785,669 1862,671 1864,671 1866,671 1869,671 1873,666 1886,660 1975,666 2072,673 2074,673 2167,664 2235,658 2366,658 2370,662 2383,671 2386,671 2388,671 2390,671 2646,658 2649,633 2644,605 2381,605 2381,602 2333,591 2330,591 2328,591 2326,591 2324,591 2308,602 2306,605 1961,605 1946,602 1875,589 1873,589 1597,591 1595,591 1592,591 1577,602 1568,609 1349,609 1334,602 1303,591 1301,591 1299,591 1029,594 1027,594 1025,594 1014,602 1003,609 985,602 963,594 961,594 958,594 673,600 676,642"/>
        <Baseline points="676,642 2649,633"/>
        <TextEquiv conf="0.9985228304739122">
          <Unicode>9339 (6483a) (Hugonem) Senonensem et (Hugonem) Rotomagensem archiepiscopos et</Unicode>
        </TextEquiv>
      </TextLine>
      <TextLine id="eSc_line_0bec9ff8" custom="structure {type:default;}">
        <Coords points="729,695 729,724 2644,717 2646,689 2640,660 726,664 729,695"/>
        <Baseline points="729,695 2646,689"/>
        <TextEquiv conf="0.9959179057350641">
          <Unicode>(Goslenum) Carnotensem, (Manassem) Meldensem, (Balduinum) Noviomensem episcopos</Unicode>
        </TextEquiv>
      </TextLine>
      <TextLine id="eSc_line_386ca153" custom="structure {type:default;}">
        <Coords points="729,750 729,770 2644,772 2646,750 2646,719 729,719 729,750"/>
        <Baseline points="729,750 2646,750"/>
        <TextEquiv conf="0.9991504886571099">
          <Unicode>hortatur, ut parochianos suos, qui damna et iniurias ecclesiae Parisiensi intulerint,</Unicode>
        </TextEquiv>
      </TextLine>
      <TextLine id="eSc_line_513cb34b" custom="structure {type:default;}">
        <Coords points="731,808 731,828 2644,823 2646,799 2640,770 729,777 731,808"/>
        <Baseline points="731,808 2646,799"/>
        <TextEquiv conf="0.999192358611466">
          <Unicode>ad satisfaciendum cogant. Cartul. de Notre-Dame (Suite des pastoraux) s. XII.</Unicode>
        </TextEquiv>
      </TextLine>
      <TextLine id="eSc_line_ef2724bc" custom="structure {type:default;}">
        <Coords points="726,863 726,885 2644,883 2646,852 2642,823 1939,814 1937,814 1877,825 1873,825 1849,825 1504,817 1502,817 1409,828 1402,828 1385,828 1140,819 1137,819 724,830 726,863"/>
        <Baseline points="726,863 2646,852"/>
        <TextEquiv conf="0.9911878995952152">
          <Unicode>LL. 177. p. 246 in tab. nat. Paris., (Collection des Cartulaires IV. 226). — „Filius</Unicode>
        </TextEquiv>
      </TextLine>
      <TextLine id="eSc_line_4a2649e0" custom="structure {type:default;}">
        <Coords points="726,916 726,931 1067,942 1069,942 1071,942 1120,927 1120,912 1113,881 724,883 726,916"/>
        <Baseline points="726,916 1120,912"/>
        <TextEquiv conf="0.9988677129149437">
          <Unicode>noster Clemens“.</Unicode>
        </TextEquiv>
      </TextLine>
      <TextLine id="eSc_line_606d8b48" custom="structure {type:default;}">
        <Coords points="161,976 161,1015 282,1004 287,1007 304,1015 307,1015 309,1015 311,1015 344,1000 344,969 340,916 238,898 236,898 234,898 156,920 161,976"/>
        <Baseline points="161,976 344,969"/>
        <TextEquiv conf="0.9994076371192933">
          <Unicode>„ 20.</Unicode>
        </TextEquiv>
      </TextLine>
      <TextLine id="eSc_line_581c2f0a" custom="structure {type:default;}">
        <Coords points="452,978 450,1000 501,1009 503,1009 505,1009 547,991 550,984 547,940 452,947 452,978"/>
        <Baseline points="452,978 550,984"/>
        <TextEquiv conf="1.0">
          <Unicode>„</Unicode>
        </TextEquiv>
      </TextLine>
      <TextLine id="eSc_line_5f6a4394" custom="structure {type:default;}">
        <Coords points="673,967 673,993 2649,993 2649,967 2649,934 673,927 673,967"/>
        <Baseline points="673,967 2649,967"/>
        <TextEquiv conf="0.9949017763137817">
          <Unicode>9340 (6484) H(ugoni), archiepiscopo Viennensi, mandat, iudicet inter Petrum, abbatem</Unicode>
        </TextEquiv>
      </TextLine>
      <TextLine id="eSc_line_a174cc6b" custom="structure {type:default;}">
        <Coords points="726,1026 726,1048 2644,1042 2646,1020 2640,991 724,995 726,1026"/>
        <Baseline points="726,1026 2646,1020"/>
        <TextEquiv conf="0.9912984055208872">
          <Unicode>Cluniacensem, et (Henricum), episcopum Eduensem, de ecclesiis Poloniacensibus liti-</Unicode>
        </TextEquiv>
      </TextLine>
      <TextLine id="eSc_line_d73cec6c" custom="structure {type:default;}">
        <Coords points="726,1084 726,1106 2638,1095 2640,1073 2633,1044 724,1053 726,1084"/>
        <Baseline points="726,1084 2640,1073"/>
        <TextEquiv conf="0.9940575836478053">
          <Unicode>gantes. Bullar. Cluniac. p. 62, Bouquet Rec. XV. 453, Migne 180 p. 1391. —</Unicode>
        </TextEquiv>
      </TextLine>
      <TextLine id="eSc_line_e119b993" custom="structure {type:default;}">
        <Coords points="729,1137 729,1157 1064,1163 1067,1163 1069,1163 1071,1163 1084,1152 1089,1152 1122,1163 1124,1163 1126,1163 1232,1150 1235,1132 1228,1095 726,1099 729,1137"/>
        <Baseline points="729,1137 1235,1132"/>
        <TextEquiv conf="0.9999996044419028">
          <Unicode>„Controversiae, quae“.</Unicode>
        </TextEquiv>
      </TextLine>
      <TextLine id="eSc_line_5e00b7f7" custom="structure {type:default;}">
        <Coords points="673,1185 671,1210 2640,1214 2644,1190 2642,1157 673,1152 673,1185"/>
        <Baseline points="673,1185 2644,1190"/>
        <TextEquiv conf="0.9955536134102765">
          <Unicode>9341 (6485) Hugoni abbati S. Augustini Cantuariensi concedit, ut, sublato interdicto,</Unicode>
        </TextEquiv>
      </TextLine>
      <TextLine id="eSc_line_37edd5a2" custom="structure {type:default;}">
        <Coords points="729,1245 729,1269 2640,1269 2642,1241 2635,1214 726,1214 729,1245"/>
        <Baseline points="729,1245 2642,1241"/>
        <TextEquiv conf="0.9997618243664126">
          <Unicode>inde a die 1. m. Augusti sacra in monasterio procurentur. Chronica W. Thorn ap.</Unicode>
        </TextEquiv>
      </TextLine>
      <TextLine id="eSc_line_237e2e72" custom="structure {type:default;}">
        <Coords points="731,1300 731,1327 2642,1322 2642,1300 2642,1269 731,1265 731,1300"/>
        <Baseline points="731,1300 2642,1300"/>
        <TextEquiv conf="0.9942428084408365">
          <Unicode>Twysden H. A. SS. II. 1809, Hist. mon. S. August. Cant. p. 599, Migne 180 p. 1391.</Unicode>
        </TextEquiv>
      </TextLine>
      <TextLine id="eSc_line_32098db5" custom="structure {type:default;}">
        <Coords points="726,1353 726,1371 799,1371 810,1380 810,1382 813,1382 815,1382 817,1382 1179,1369 1179,1353 1179,1318 855,1311 852,1311 850,1311 848,1311 837,1322 835,1325 726,1325 726,1353"/>
        <Baseline points="726,1353 1179,1353"/>
        <TextEquiv conf="0.999993085861206">
          <Unicode>— „Obedientia et“.</Unicode>
        </TextEquiv>
      </TextLine>
      <TextLine id="eSc_line_cc47f1b9" custom="structure {type:default;}">
        <Coords points="673,1406 673,1435 2644,1435 2644,1406 2644,1380 2461,1380 2459,1378 2441,1366 2439,1366 2436,1366 2434,1366 2432,1366 2430,1366 2412,1378 2235,1366 2233,1366 2231,1366 2187,1378 2185,1380 1979,1380 1977,1378 1961,1366 1959,1366 1957,1366 1955,1366 1953,1366 1931,1378 1928,1380 1813,1380 1811,1378 1796,1366 1794,1366 1791,1366 1789,1366 1787,1366 1785,1366 1767,1378 1758,1378 1632,1366 1630,1366 1628,1366 1606,1378 1604,1380 1109,1380 1106,1378 1091,1366 1089,1366 1087,1366 1084,1366 673,1375 673,1406"/>
        <Baseline points="673,1406 2644,1406"/>
        <TextEquiv conf="0.9988945818495476">
          <Unicode>9342 (6486) Theobaldo, archiepiscopo Cantuariensi, exprobrat, quod (Silvestrum) priorem</Unicode>
        </TextEquiv>
      </TextLine>
      <TextLine id="eSc_line_00d27582" custom="structure {type:default;}">
        <Coords points="726,1464 726,1488 2640,1484 2642,1459 2635,1431 724,1433 726,1464"/>
        <Baseline points="726,1464 2642,1459"/>
        <TextEquiv conf="0.9925151803554633">
          <Unicode>et Willelmum monachum S. Augustini nondum absolverit; quod fieri iubet. Repre-</Unicode>
        </TextEquiv>
      </TextLine>
      <TextLine id="eSc_line_65b784f2" custom="structure {type:default;}">
        <Coords points="726,1519 726,1545 2644,1545 2644,1519 2644,1488 726,1477 726,1519"/>
        <Baseline points="726,1519 2644,1519"/>
        <TextEquiv conf="0.9937955714762211">
          <Unicode>hendit eum, quod „homines eiusdem monasterii pro participatione excommunicatorum</Unicode>
        </TextEquiv>
      </TextLine>
      <TextLine id="eSc_line_6cc77f85" custom="structure {type:default;}">
        <Coords points="729,1578 729,1605 2640,1596 2642,1572 2635,1543 726,1548 729,1578"/>
        <Baseline points="729,1578 2642,1572"/>
        <TextEquiv conf="0.9945648595690727">
          <Unicode>praeter ecclesiasticam poenam ad redemptionem coegerit“; praecipit, ut expressam</Unicode>
        </TextEquiv>
      </TextLine>
      <TextLine id="eSc_line_9f21962d" custom="structure {type:default;}">
        <Coords points="726,1631 726,1656 2640,1651 2642,1627 2635,1598 724,1601 726,1631"/>
        <Baseline points="726,1631 2642,1627"/>
        <TextEquiv conf="0.998667555970031">
          <Unicode>pecuniam reddat. Chronica W. Thorn ap. Twysden H. A. SS. II. 1809, Hist. mon.</Unicode>
        </TextEquiv>
      </TextLine>
      <TextLine id="eSc_line_16225182" custom="structure {type:default;}">
        <Coords points="724,1682 724,1711 2355,1704 2355,1682 2355,1654 724,1649 724,1682"/>
        <Baseline points="724,1682 2355,1682"/>
        <TextEquiv conf="0.9918903094071608">
          <Unicode>S. August. Cant. p. 599, Migne 180 p. 1392. — „Quoniam personam“.</Unicode>
        </TextEquiv>
      </TextLine>
      <TextLine id="eSc_line_f4d80454" custom="structure {type:default;}">
        <Coords points="117,1740 117,1788 338,1779 338,1740 338,1693 304,1676 302,1676 300,1676 117,1691 117,1740"/>
        <Baseline points="117,1740 338,1740"/>
        <TextEquiv conf="0.9998723343014717">
          <Unicode>Lan. 14.</Unicode>
        </TextEquiv>
      </TextLine>
      <TextLine id="eSc_line_5f26daf7" custom="structure {type:default;}">
        <Coords points="459,1755 459,1764 503,1777 505,1777 508,1777 510,1777 552,1762 552,1755 545,1700 503,1726 459,1726 459,1755"/>
        <Baseline points="459,1755 552,1755"/>
        <TextEquiv conf="1.0">
          <Unicode>„</Unicode>
        </TextEquiv>
      </TextLine>
      <TextLine id="eSc_line_f8f9a0ea" custom="structure {type:default;}">
        <Coords points="673,1737 673,1764 2644,1764 2644,1737 2644,1711 673,1711 673,1737"/>
        <Baseline points="673,1737 2644,1737"/>
        <TextEquiv conf="0.9976259650186051">
          <Unicode>9343 (6487) (Hugoni) archiepiscopo et capitulo Turonensi respondct, se litteras ad ex-</Unicode>
        </TextEquiv>
      </TextLine>
      <TextLine id="eSc_line_5813b6f9" custom="structure {type:default;}">
        <Coords points="724,1793 724,1817 2644,1817 2644,1793 2644,1766 724,1766 724,1793"/>
        <Baseline points="724,1793 2644,1793"/>
        <TextEquiv conf="0.9986985309918721">
          <Unicode>communicatas Dolensem et Briocensem ecclesias non putasse mittendas. Excom-</Unicode>
        </TextEquiv>
      </TextLine>
      <TextLine id="eSc_line_047a6c7d" custom="structure {type:default;}">
        <Coords points="724,1852 724,1877 2640,1877 2642,1846 2638,1817 1376,1808 1374,1808 1307,1819 760,1810 757,1810 755,1810 722,1821 724,1852"/>
        <Baseline points="724,1852 2642,1846"/>
        <TextEquiv conf="0.9981698917179573">
          <Unicode>municationis sententiam, ab archiepiscopo in eas prolatam et in concilio Remensi a</Unicode>
        </TextEquiv>
      </TextLine>
      <TextLine id="eSc_line_ae08d2fa" custom="structure {type:default;}">
        <Coords points="724,1905 724,1930 2640,1925 2642,1901 2638,1872 1743,1861 1741,1861 1683,1872 1676,1874 722,1874 724,1905"/>
        <Baseline points="724,1905 2642,1901"/>
        <TextEquiv conf="0.9965527256329855">
          <Unicode>sese confirmatam, valere iubet, donec ad ecclesiae Turonensis obedientiam redierint.</Unicode>
        </TextEquiv>
      </TextLine>
      <TextLine id="eSc_line_8452597a" custom="structure {type:default;}">
        <Coords points="724,1958 724,1983 2638,1978 2640,1954 2635,1925 722,1925 724,1958"/>
        <Baseline points="724,1958 2640,1954"/>
        <TextEquiv conf="0.9884883143007756">
          <Unicode>Martene et Dur. Vet. SS. I. 812, Bouquet Rec. XV. 453, Mansi XXI. 690, Migne 180</Unicode>
        </TextEquiv>
      </TextLine>
      <TextLine id="eSc_line_93bda191" custom="structure {type:default;}">
        <Coords points="722,2016 722,2038 1210,2044 1212,2044 1215,2044 1246,2033 1250,2033 1263,2033 1385,2044 1387,2044 1389,2044 1438,2031 1438,2016 1438,1987 722,1987 722,2016"/>
        <Baseline points="722,2016 1438,2016"/>
        <TextEquiv conf="0.986156948407491">
          <Unicode>p. 1392. — „Litteras vestras“.</Unicode>
        </TextEquiv>
      </TextLine>
      <TextLine id="eSc_line_1431bd0d" custom="structure {type:default;}">
        <Coords points="152,2073 152,2093 209,2093 220,2100 247,2117 249,2117 251,2117 254,2117 331,2102 331,2067 326,2031 262,2022 260,2022 258,2022 256,2022 236,2038 229,2042 150,2042 152,2073"/>
        <Baseline points="152,2073 331,2067"/>
        <TextEquiv conf="0.9999996423721313">
          <Unicode>„ 23.</Unicode>
        </TextEquiv>
      </TextLine>
      <TextLine id="eSc_line_bec2ac35" custom="structure {type:default;}">
        <Coords points="439,2084 441,2128 488,2104 547,2100 547,2080 536,2018 499,2040 492,2033 490,2033 490,2031 488,2031 486,2031 483,2031 481,2031 437,2049 439,2084"/>
        <Baseline points="439,2084 547,2080"/>
        <TextEquiv conf="1.0">
          <Unicode>„</Unicode>
        </TextEquiv>
      </TextLine>
      <TextLine id="eSc_line_e3dc6d28" custom="structure {type:default;}">
        <Coords points="669,2069 669,2095 2644,2095 2644,2069 2644,2040 669,2040 669,2069"/>
        <Baseline points="669,2069 2644,2069"/>
        <TextEquiv conf="0.9946071460843087">
          <Unicode>9344 (6488) C(onradum) Romanorum regem, Hierosolyma redeuntem, de acceptis cala-</Unicode>
        </TextEquiv>
      </TextLine>
      <TextLine id="eSc_line_1cbb7ad7" custom="structure {type:default;}">
        <Coords points="724,2126 724,2148 2640,2142 2642,2120 2635,2093 722,2097 724,2126"/>
        <Baseline points="724,2126 2642,2120"/>
        <TextEquiv conf="0.9941643118858338">
          <Unicode>mitatibus consolatur. Scribit, „postquam eum ad Lombardiae partes incolumem per-</Unicode>
        </TextEquiv>
      </TextLine>
      <TextLine id="eSc_line_c78c9d81" custom="structure {type:default;}">
        <Coords points="724,2177 722,2199 2635,2206 2640,2181 2638,2153 724,2148 724,2177"/>
        <Baseline points="724,2177 2640,2181"/>
        <TextEquiv conf="0.9995720607263071">
          <Unicode>venisse acceperit, sicut per Ar(tvicum), Bremensem archiepiscopum, et A(nselmum),</Unicode>
        </TextEquiv>
      </TextLine>
      <TextLine id="eSc_line_2b0d288a" custom="structure {type:default;}">
        <Coords points="724,2234 724,2259 2644,2259 2644,2234 2644,2208 724,2201 724,2234"/>
        <Baseline points="724,2234 2644,2234"/>
        <TextEquiv conf="0.9973273185037431">
          <Unicode>Havelbergensem episcopum, ei significaverit“, se ad eum legatos misisse, „qui siqui-</Unicode>
        </TextEquiv>
      </TextLine>
      <TextLine id="eSc_line_32fd81af" custom="structure {type:default;}">
        <Coords points="722,2290 722,2314 2642,2314 2642,2290 2642,2263 722,2263 722,2290"/>
        <Baseline points="722,2290 2642,2290"/>
        <TextEquiv conf="0.9969556733965874">
          <Unicode>dem“ inquit „usque in Tusciam progressi, ex quo te ad Teutonicas partes pertran-</Unicode>
        </TextEquiv>
      </TextLine>
      <TextLine id="eSc_line_f014d702" custom="structure {type:default;}">
        <Coords points="722,2345 722,2367 1520,2378 1522,2378 1822,2365 1862,2365 1886,2365 2041,2376 2043,2376 2045,2376 2068,2365 2070,2365 2096,2365 2381,2376 2383,2376 2386,2376 2432,2365 2434,2365 2485,2376 2487,2376 2638,2362 2640,2340 2633,2314 720,2316 722,2345"/>
        <Baseline points="722,2345 2640,2340"/>
        <TextEquiv conf="0.9993768812697611">
          <Unicode>siisse noverunt, ad nostram praesentiam redierunt“. Mittit Franconem, per quem de</Unicode>
        </TextEquiv>
      </TextLine>
      <TextLine id="eSc_line_074d7f43" custom="structure {type:default;}">
        <Coords points="724,2398 722,2415 768,2429 771,2429 773,2429 1661,2420 1683,2431 1685,2431 1687,2431 2635,2420 2638,2402 2635,2371 724,2367 724,2398"/>
        <Baseline points="724,2398 2638,2402"/>
        <TextEquiv conf="0.9994953727147665">
          <Unicode>regni statu instrui cupit. Ottonis Fris. Gest. Frid. L. I. c. 61, in Mon. Germ. SS.</Unicode>
        </TextEquiv>
      </TextLine>
      <TextLine id="eSc_line_313bb37b" custom="structure {type:default;}">
        <Coords points="724,2453 722,2475 2633,2482 2638,2457 2635,2424 724,2418 724,2453"/>
        <Baseline points="724,2453 2638,2457"/>
        <TextEquiv conf="0.9996090133984884">
          <Unicode>XX. 387: „S. kal. Iul.“; Jaffé Bibl. I. 304: „9. kal. Iul.“, (Martene Coll. II. 357,</Unicode>
        </TextEquiv>
      </TextLine>
      <TextLine id="eSc_line_89b9d5d2" custom="structure {type:default;}">
        <Coords points="724,2506 722,2524 757,2539 760,2539 762,2539 866,2528 976,2539 978,2541 1117,2541 1117,2539 1120,2539 1122,2539 1135,2528 1436,2539 1438,2539 1440,2539 1469,2528 1546,2541 1548,2541 1626,2530 1716,2541 1718,2541 2224,2528 2227,2510 2224,2482 724,2475 724,2506"/>
        <Baseline points="724,2506 2227,2510"/>
        <TextEquiv conf="0.9998655371498644">
          <Unicode>Mansi XXI. 629, Migne 180 p. 1393). — „Cum in hoc mundo“.</Unicode>
        </TextEquiv>
      </TextLine>
      <TextLine id="eSc_line_bcd67540" custom="structure {type:default;}">
        <Coords points="119,2561 119,2585 349,2574 349,2561 349,2499 333,2493 331,2493 329,2493 326,2493 324,2493 324,2495 318,2499 298,2521 212,2526 165,2493 163,2493 161,2493 119,2493 119,2561"/>
        <Baseline points="119,2561 349,2561"/>
        <TextEquiv conf="0.9353577664920262">
          <Unicode>Iul. 8.</Unicode>
        </TextEquiv>
      </TextLine>
      <TextLine id="eSc_line_8ff50131" custom="structure {type:default;}">
        <Coords points="433,2568 430,2579 468,2597 470,2597 530,2599 532,2599 534,2599 536,2599 536,2597 545,2585 547,2574 547,2548 433,2539 433,2568"/>
        <Baseline points="433,2568 547,2574"/>
        <TextEquiv conf="0.9999936819076538">
          <Unicode>„</Unicode>
        </TextEquiv>
      </TextLine>
      <TextLine id="eSc_line_797eeec4" custom="structure {type:default;}">
        <Coords points="667,2561 667,2590 2640,2590 2640,2561 2638,2530 667,2532 667,2561"/>
        <Baseline points="667,2561 2640,2561"/>
        <TextEquiv conf="0.9920076903174905">
          <Unicode>9345 (6489) H(ugoni), archiepiscopo Senonensi, eiusque suffraganeis mandat, ut, Ludo-</Unicode>
        </TextEquiv>
      </TextLine>
      <TextLine id="eSc_line_37b4b901" custom="structure {type:default;}">
        <Coords points="724,2619 724,2645 2638,2645 2638,2619 2635,2585 724,2590 724,2619"/>
        <Baseline points="724,2619 2638,2619"/>
        <TextEquiv conf="0.9944136307900211">
          <Unicode>vico rege in partibus Hierosolymitanis commorante, congressu facto pertinaces regni</Unicode>
        </TextEquiv>
      </TextLine>
      <TextLine id="eSc_line_92bc3531" custom="structure {type:default;}">
        <Coords points="722,2672 720,2698 2633,2700 2638,2678 2635,2647 722,2641 722,2672"/>
        <Baseline points="722,2672 2638,2678"/>
        <TextEquiv conf="0.9949158190227136">
          <Unicode>perturbatores excommunicent. Duchesne Hist. Fr. SS. IV. 523, Bouquet Rec. XV. 454,</Unicode>
        </TextEquiv>
      </TextLine>
      <TextLine id="eSc_line_6be2ba55" custom="structure {type:default;}">
        <Coords points="722,2725 720,2747 735,2758 737,2758 740,2758 742,2758 866,2747 1087,2760 1089,2760 1091,2760 1120,2749 1179,2760 1182,2760 1374,2749 1387,2760 1389,2760 1391,2760 1394,2760 1672,2751 1683,2760 1683,2762 1685,2762 1687,2762 1789,2764 1791,2764 2143,2751 2145,2733 2143,2703 722,2691 722,2725"/>
        <Baseline points="722,2725 2145,2733"/>
        <TextEquiv conf="0.9927001148462296">
          <Unicode>Mansi XXI. 643, Migne 180 p. 1394. — „Quanta devotione“.</Unicode>
        </TextEquiv>
      </TextLine>
      <TextLine id="eSc_line_251bc0d6" custom="structure {type:default;}">
        <Coords points="148,2786 148,2806 249,2791 278,2797 311,2806 313,2806 315,2806 318,2806 346,2791 346,2782 338,2720 234,2758 145,2742 148,2786"/>
        <Baseline points="148,2786 346,2782"/>
        <TextEquiv conf="0.9999312311410904">
          <Unicode>„ 8.</Unicode>
        </TextEquiv>
      </TextLine>
      <TextLine id="eSc_line_6af40841" custom="structure {type:default;}">
        <Coords points="439,2789 437,2804 468,2822 470,2822 472,2822 545,2815 547,2793 545,2764 439,2749 439,2789"/>
        <Baseline points="439,2789 547,2793"/>
        <TextEquiv conf="1.0">
          <Unicode>„</Unicode>
        </TextEquiv>
      </TextLine>
      <TextLine id="eSc_line_da3eb6a4" custom="structure {type:default;}">
        <Coords points="665,2782 665,2809 2638,2809 2638,2782 2638,2753 665,2747 665,2782"/>
        <Baseline points="665,2782 2638,2782"/>
        <TextEquiv conf="0.9999397628447588">
          <Unicode>9346 (6490) Sugerium, abbatem S. Dionysii, iubet molestias fortiter ferre. Significat</Unicode>
        </TextEquiv>
      </TextLine>
      <TextLine id="eSc_line_ba0b8c74" custom="structure {type:default;}">
        <Coords points="720,2837 720,2862 2635,2862 2635,2837 2635,2809 720,2809 720,2837"/>
        <Baseline points="720,2837 2635,2837"/>
        <TextEquiv conf="0.9961035062627095">
          <Unicode>de litteris ad archiepiscopos de perturbatoribus regni missis. Duchesne H. Fr. SS.</Unicode>
        </TextEquiv>
      </TextLine>
      <TextLine id="eSc_line_774da346" custom="structure {type:default;}">
        <Coords points="720,2890 718,2910 903,2923 905,2923 2633,2919 2635,2897 2633,2866 720,2855 720,2890"/>
        <Baseline points="720,2890 2635,2897"/>
        <TextEquiv conf="0.9984121670970669">
          <Unicode>IV. 523, Bouquet Rec. XV. 453, Mansi XXI. 643, Migne 180 p. 1395. — „Literas,</Unicode>
        </TextEquiv>
      </TextLine>
      <TextLine id="eSc_line_7084f4e7" custom="structure {type:default;}">
        <Coords points="718,2948 718,2965 733,2976 735,2976 737,2976 740,2976 839,2963 943,2976 945,2976 1011,2961 1011,2948 1011,2919 718,2919 718,2948"/>
        <Baseline points="718,2948 1011,2948"/>
        <TextEquiv conf="0.9979269852240881">
          <Unicode>quas nobis“.</Unicode>
        </TextEquiv>
      </TextLine>
      <TextLine id="eSc_line_e3f41663" custom="structure {type:default;}">
        <Coords points="119,2996 119,3036 251,3029 260,3032 289,3040 291,3040 293,3040 296,3040 340,3027 340,2996 338,2941 243,2956 119,2950 119,2996"/>
        <Baseline points="119,2996 340,2996"/>
        <TextEquiv conf="0.9999932050704956">
          <Unicode>Aug. 15.</Unicode>
        </TextEquiv>
      </TextLine>
      <TextLine id="eSc_line_ebac8e3e" custom="structure {type:default;}">
        <Coords points="448,3005 446,3012 490,3032 492,3032 494,3032 497,3032 536,3014 539,3009 536,2981 448,2972 448,3005"/>
        <Baseline points="448,3005 539,3009"/>
        <TextEquiv conf="1.0">
          <Unicode>„</Unicode>
        </TextEquiv>
      </TextLine>
      <TextLine id="eSc_line_22602e7b" custom="structure {type:default;}">
        <Coords points="667,3001 667,3029 2633,3029 2635,3001 2631,2968 667,2968 667,3001"/>
        <Baseline points="667,3001 2635,3001"/>
        <TextEquiv conf="0.9986314054193168">
          <Unicode>9347 (6491) Sugerio, abbati S. Dionysii, haec nunciat: „Rex Siciliae suis literis inti-</Unicode>
        </TextEquiv>
      </TextLine>
      <TextLine id="eSc_line_de4a3343" custom="structure {type:default;}">
        <Coords points="720,3054 718,3074 2629,3082 2633,3060 2631,3032 720,3025 720,3054"/>
        <Baseline points="720,3054 2633,3060"/>
        <TextEquiv conf="0.9948022852583629">
          <Unicode>mavit, sibi relatum fuisse, quod Ludovicus rex Franciae in regno suo applicuisset,</Unicode>
        </TextEquiv>
      </TextLine>
      <TextLine id="eSc_line_2e45c2f6" custom="structure {type:default;}">
        <Coords points="722,3107 720,3129 1027,3142 1029,3142 1623,3133 1681,3144 1683,3144 2633,3133 2635,3111 2633,3082 722,3078 722,3107"/>
        <Baseline points="722,3107 2635,3111"/>
        <TextEquiv conf="0.9972742001215616">
          <Unicode>et versus Siciliam tenderet, obviaturus reginae, putans eam ex partibus Barbariae</Unicode>
        </TextEquiv>
      </TextLine>
      <TextLine id="eSc_line_b983348c" custom="structure {type:default;}">
        <Coords points="722,3164 720,3186 2631,3193 2635,3168 2633,3138 722,3131 722,3164"/>
        <Baseline points="722,3164 2635,3168"/>
        <TextEquiv conf="0.9992628069151015">
          <Unicode>illuc advenisse“. Duchesne H. Fr. SS. IV. 522, Bouquet Rec. XV. 454, Mansi XXI. 642,</Unicode>
        </TextEquiv>
      </TextLine>
      <TextLine id="eSc_line_669a5ab9" custom="structure {type:default;}">
        <Coords points="722,3217 720,3244 1820,3244 1822,3221 1820,3191 722,3182 722,3217"/>
        <Baseline points="722,3217 1822,3221"/>
        <TextEquiv conf="0.9877209053798155">
          <Unicode>Migne 180 p. 1396. — „Benedictus Deus, qni“.</Unicode>
        </TextEquiv>
      </TextLine>
      <TextLine id="eSc_line_59658208" custom="structure {type:default;}">
        <Coords points="112,3266 110,3297 335,3294 338,3270 335,3224 231,3233 203,3226 145,3215 143,3215 141,3215 112,3226 112,3266"/>
        <Baseline points="112,3266 338,3270"/>
        <TextEquiv conf="0.9998753443360329">
          <Unicode>Sept. 7.</Unicode>
        </TextEquiv>
      </TextLine>
      <TextLine id="eSc_line_71128303" custom="structure {type:default;}">
        <Coords points="455,3303 547,3299 550,3283 550,3259 459,3233 457,3279 455,3303"/>
        <Baseline points="457,3279 550,3283"/>
        <TextEquiv conf="1.0">
          <Unicode>„</Unicode>
        </TextEquiv>
      </TextLine>
      <TextLine id="eSc_line_0f9ae8ff" custom="structure {type:default;}">
        <Coords points="669,3270 667,3292 2631,3301 2635,3277 2633,3246 669,3239 669,3270"/>
        <Baseline points="669,3270 2635,3277"/>
        <TextEquiv conf="0.9999410630691619">
          <Unicode>9348 (6492) Sororibus Fontis-Ebraldi respondet, se de dedicanda abbatissa M(athilde)</Unicode>
        </TextEquiv>
      </TextLine>
      <TextLine id="eSc_line_b510bf2d" custom="structure {type:default;}">
        <Coords points="722,3330 722,3354 2635,3354 2635,3330 2635,3301 722,3301 722,3330"/>
        <Baseline points="722,3330 2635,3330"/>
        <TextEquiv conf="0.9994802316987371">
          <Unicode>quod petierint facturum. Pavillon Vie de Rob. d&#x27;Arbr. p. 631, Gall. Chr. II. Instr.</Unicode>
        </TextEquiv>
      </TextLine>
      <TextLine id="eSc_line_8502eec7" custom="structure {type:default;}">
        <Coords points="722,3380 722,3409 2520,3407 2523,3387 2520,3356 722,3350 722,3380"/>
        <Baseline points="722,3380 2523,3387"/>
        <TextEquiv conf="0.9959323879790632">
          <Unicode>p. 362, Bouquet Rec. XV. 455, Migne 1e0 p. 1396. — „Sicut ex litterarum“.</Unicode>
        </TextEquiv>
      </TextLine>
      <TextLine id="eSc_line_2c14018f" custom="structure {type:default;}">
        <Coords points="114,3425 112,3478 260,3462 333,3484 340,3429 338,3389 114,3389 114,3425"/>
        <Baseline points="114,3425 340,3429"/>
        <TextEquiv conf="0.9985337257385254">
          <Unicode>Oct. 6.</Unicode>
        </TextEquiv>
      </TextLine>
      <TextLine id="eSc_line_a6f29492" custom="structure {type:default;}">
        <Coords points="455,3464 505,3486 508,3486 510,3486 512,3486 514,3486 525,3478 530,3473 554,3482 556,3440 547,3396 472,3416 455,3403 455,3447 455,3464"/>
        <Baseline points="455,3447 556,3440"/>
        <TextEquiv conf="0.9999998807907104">
          <Unicode>„</Unicode>
        </TextEquiv>
      </TextLine>
      <TextLine id="eSc_line_8688b27b" custom="structure {type:default;}">
        <Coords points="667,3431 665,3458 2629,3464 2633,3438 2631,3407 667,3400 667,3431"/>
        <Baseline points="667,3431 2633,3438"/>
        <TextEquiv conf="0.9911993159804233">
          <Unicode>9349 (6493) C(onrado), Romanorum regi, respondet. se T(iebaldo), eius capellano, prae-</Unicode>
        </TextEquiv>
      </TextLine>
      <TextLine id="eSc_line_0c332230" custom="structure {type:default;}">
        <Coords points="724,3489 722,3517 2626,3520 2631,3495 2629,3467 724,3460 724,3489"/>
        <Baseline points="724,3489 2631,3495"/>
        <TextEquiv conf="0.9933812792708234">
          <Unicode>posituram Xantensem ea lege asseruisse, ut eam, quam ante habuisset, praeposituram</Unicode>
        </TextEquiv>
      </TextLine>
      <TextLine id="eSc_line_52fe1348" custom="structure {type:default;}">
        <Coords points="724,3546 722,3575 744,3586 746,3586 748,3586 1087,3577 1164,3590 1166,3590 1168,3590 1210,3579 1259,3592 1261,3592 1263,3592 1559,3577 1581,3592 1584,3592 1586,3592 1679,3595 1681,3597 2021,3597 2021,3595 2023,3595 2059,3584 2090,3592 2092,3592 2094,3592 2154,3581 2246,3592 2249,3592 2251,3592 2253,3592 2275,3579 2392,3595 2394,3595 2520,3579 2545,3595 2547,3595 2549,3595 2551,3595 2626,3577 2629,3551 2626,3520 724,3517 724,3546"/>
        <Baseline points="724,3546 2629,3551"/>
        <TextEquiv conf="0.9999019180435732">
          <Unicode>(S. Severini Coloniensem) deponeret. Henrico, iuniori regi, salutem ascribit. Jaffé</Unicode>
        </TextEquiv>
      </TextLine>
    </TextRegion>
    <TextRegion id="eSc_textblock_b339f1e7"  custom="structure {type:default;}">
      <Coords points="956,194 1816,203 1824,280 945,298 927,229 956,194"/>
      <TextLine id="eSc_line_3dc88756" custom="structure {type:default;}">
        <Coords points="1763,200 1741,200 1718,200 1696,200 1674,200 1661,200 1650,214 1612,214 1601,200 1599,200 1599,198 1586,198 1564,198 1542,198 1520,198 1497,198 1493,198 1478,200 1372,214 1341,198 1334,196 1332,196 1330,196 1314,198 1254,214 1232,198 1230,198 1228,198 956,198 945,200 947,265 947,291 1802,282 1805,260 1800,203 1767,200 1763,200"/>
        <Baseline points="947,265 1805,260"/>
        <TextEquiv conf="0.9956338818256671">
          <Unicode>ELH(IENIUS III. 1145—1153.</Unicode>
        </TextEquiv>
      </TextLine>
    </TextRegion>
    <TextRegion id="eSc_textblock_740eaaaa"  custom="structure {type:default;}">
      <Coords points="2589,203 2671,220 2653,298 2549,289 2531,238 2589,203"/>
      <TextLine id="eSc_line_2278560c" custom="structure {type:default;}">
        <Coords points="2624,209 2613,207 2576,207 2558,216 2562,265 2562,284 2649,293 2651,260 2646,216 2624,209"/>
        <Baseline points="2562,265 2651,260"/>
        <TextEquiv conf="1.0">
          <Unicode>63</Unicode>
        </TextEquiv>
      </TextLine>
    </TextRegion>
  </Page>
</PcGts>
