<?xml version="1.0" encoding="UTF-8"  standalone="yes"?>
<PcGts xmlns="http://schema.primaresearch.org/PAGE/gts/pagecontent/2019-07-15" xmlns:xsi="http://www.w3.org/2001/XMLSchema-instance" xsi:schemaLocation="http://schema.primaresearch.org/PAGE/gts/pagecontent/2019-07-15 http://schema.primaresearch.org/PAGE/gts/pagecontent/2019-07-15/pagecontent.xsd">
  <Metadata externalRef="pdf//regestapontificu02cath.pdf">
	<Creator>escriptorium</Creator>
	<Created>2026-01-31T10:21:41.582632+00:00</Created>
        <LastChange>2026-02-01T13:46:38.898209+00:00</LastChange>
  </Metadata>
  <Page imageFilename="regestapontificu02cath.pdf_page_47.png" imageWidth="3007" imageHeight="3975">
    <TextRegion id="eSc_textblock_a72a34b1"  custom="structure {type:default;}">
      <Coords points="2076,326 2715,335 2724,371 2688,3548 2399,3584 2353,3628 2273,3592 1931,3575 689,3575 669,3531 642,3557 433,3566 388,3548 386,3478 351,3566 150,3548 114,3451 106,1519 123,441 159,362 351,344 386,379 395,2005 415,344 634,344 669,397 707,335 2076,326"/>
      <TextLine id="eSc_line_d27632e1" custom="structure {type:default;}">
        <Coords points="682,368 684,397 684,430 830,415 859,426 861,426 863,426 1093,415 1190,428 1193,428 1299,412 1405,428 1407,428 1626,410 1765,426 1767,426 1877,412 2081,424 2083,424 2085,424 2136,408 2187,424 2189,424 2191,424 2359,410 2410,424 2412,424 2414,426 2549,426 2551,388 2547,353 2094,331 2092,331 2090,331 2014,353 1716,335 1714,335 1712,335 1710,335 1681,353 1369,337 1367,337 1243,355 1221,340 1219,340 1217,340 1151,335 1148,335 1146,335 1102,357 1102,359 1034,359 1034,357 985,337 983,337 740,337 737,337 735,337 689,353 682,368"/>
        <Baseline points="684,397 2551,388"/>
        <TextEquiv conf="0.9792014994593554">
          <Unicode>1146. (Ind. 3. — 1. Sept. — 10, pont a. 1. — 18. Febr. — 2, 1145. — e5. Mart. — 1116.)</Unicode>
        </TextEquiv>
      </TextLine>
      <TextLine id="eSc_line_7a839602" custom="structure {type:default;}">
        <Coords points="441,459 441,516 629,530 631,459 629,399 441,410 441,459"/>
        <Baseline points="441,459 631,459"/>
        <TextEquiv conf="0.9079914859363011">
          <Unicode>Viterbi</Unicode>
        </TextEquiv>
      </TextLine>
      <TextLine id="eSc_line_3a20b02e" custom="structure {type:default;}">
        <Coords points="709,459 709,485 2680,485 2680,459 2680,424 709,417 709,459"/>
        <Baseline points="709,459 2680,459"/>
        <TextEquiv conf="0.9957866926252106">
          <Unicode>8931 (6249) Wladislaum, Bohemorum ducem, rerum ecclesiasticarum studiosum laudat.</Unicode>
        </TextEquiv>
      </TextLine>
      <TextLine id="eSc_line_4a06a32b" custom="structure {type:default;}">
        <Coords points="159,465 159,503 273,485 371,503 373,465 373,406 353,395 351,395 349,395 346,395 287,406 273,408 159,401 159,465"/>
        <Baseline points="159,465 373,465"/>
        <TextEquiv conf="0.9997863854680743">
          <Unicode>lan. 2.</Unicode>
        </TextEquiv>
      </TextLine>
      <TextLine id="eSc_line_1a64ff50" custom="structure {type:default;}">
        <Coords points="766,516 766,538 2680,532 2682,510 2677,481 2114,470 2112,470 2026,481 1924,470 1922,470 1796,481 1619,470 1617,470 1615,470 1568,481 1436,470 1433,470 1431,470 1389,483 1325,472 1323,472 1321,472 1296,483 1272,472 1270,472 1268,472 1131,483 1027,472 1025,472 1022,472 996,483 972,472 969,472 779,472 777,472 775,472 773,472 764,479 766,516"/>
        <Baseline points="766,516 2682,510"/>
        <TextEquiv conf="0.9995078532784073">
          <Unicode>Uxori eius Gertrudi salutem ascribit. Heinricum episcopum Moraviensem et Danielem</Unicode>
        </TextEquiv>
      </TextLine>
      <TextLine id="eSc_line_a922d64b" custom="structure {type:default;}">
        <Coords points="760,571 760,596 2680,591 2682,567 2677,538 1752,527 1749,527 1747,527 1714,538 938,530 936,530 757,541 760,571"/>
        <Baseline points="760,571 2682,567"/>
        <TextEquiv conf="0.9986746830817981">
          <Unicode>praepositum Pragensem commendat. Boczek C. D. M. I. 249, Theineri Disqu. crit.</Unicode>
        </TextEquiv>
      </TextLine>
      <TextLine id="eSc_line_c1f9b1e1" custom="structure {type:default;}">
        <Coords points="762,624 762,649 1113,655 1115,655 1188,647 1206,644 1212,647 1243,655 1246,655 1248,655 1250,655 1252,655 1265,644 1272,642 1495,642 1497,642 1506,651 1506,653 1509,653 1511,653 1513,655 1716,655 1716,653 1718,653 1763,640 1763,620 1756,591 760,594 762,624"/>
        <Baseline points="762,624 1763,620"/>
        <TextEquiv conf="0.997440867125988">
          <Unicode>p. 209, Migne 180 p. 1143. — „Si iuxta“.</Unicode>
        </TextEquiv>
      </TextLine>
      <TextLine id="eSc_line_291e98ec" custom="structure {type:default;}">
        <Coords points="709,671 707,697 2677,702 2682,677 2680,647 709,640 709,671"/>
        <Baseline points="709,671 2682,677"/>
        <TextEquiv conf="0.9918045153778591">
          <Unicode>8932 (6250) Monasterii Stabulensis protectionem suscipit et privilegia confirmat, petente</Unicode>
        </TextEquiv>
      </TextLine>
      <TextLine id="eSc_line_65b44588" custom="structure {type:default;}">
        <Coords points="192,686 192,711 225,713 227,713 229,713 231,713 231,711 234,708 249,695 302,695 322,706 333,713 335,713 338,713 340,713 342,713 373,702 373,686 373,631 309,631 307,631 304,631 302,631 296,636 271,655 192,647 192,686"/>
        <Baseline points="192,686 373,686"/>
        <TextEquiv conf="0.9991699159145355">
          <Unicode>„ 6.</Unicode>
        </TextEquiv>
      </TextLine>
      <TextLine id="eSc_line_cd713bee" custom="structure {type:default;}">
        <Coords points="503,697 503,704 576,708 578,697 576,660 503,669 503,697"/>
        <Baseline points="503,697 578,697"/>
        <TextEquiv conf="1.0">
          <Unicode>„„</Unicode>
        </TextEquiv>
      </TextLine>
      <TextLine id="eSc_line_3352468e" custom="structure {type:default;}">
        <Coords points="768,733 768,755 1179,755 1182,755 1215,770 1217,770 1219,772 1292,772 1292,770 1367,755 1369,755 1374,755 1467,766 1469,766 1570,755 1573,755 1721,770 1723,770 1844,753 1855,753 1864,753 1975,768 1977,768 1979,768 2026,753 2028,753 2034,753 2145,768 2147,768 2149,768 2182,753 2209,753 2253,753 2273,768 2275,768 2277,768 2280,770 2472,770 2472,768 2474,768 2529,753 2631,764 2633,764 2635,764 2680,750 2680,728 2675,702 766,702 768,733"/>
        <Baseline points="768,733 2680,728"/>
        <TextEquiv conf="0.9951350251330605">
          <Unicode>Wibaldo abbate. Martene Coll. II. 121, (Migne 180 p. 1144). — „Apostolici mode-</Unicode>
        </TextEquiv>
      </TextLine>
      <TextLine id="eSc_line_91a4cf6c" custom="structure {type:default;}">
        <Coords points="760,792 760,810 912,823 914,823 916,823 954,808 956,808 963,808 1069,823 1071,823 1228,803 1230,786 1224,755 757,759 760,792"/>
        <Baseline points="760,792 1230,786"/>
        <TextEquiv conf="0.9944916576147079">
          <Unicode>raminis clementiae“.</Unicode>
        </TextEquiv>
      </TextLine>
      <TextLine id="eSc_line_afe4ec7d" custom="structure {type:default;}">
        <Coords points="707,843 707,870 2677,865 2680,839 2673,806 704,806 707,843"/>
        <Baseline points="707,843 2680,839"/>
        <TextEquiv conf="0.9991996759592101">
          <Unicode>8933 Godefrido episcopo Lingonensi petente, fratribus S. Stephani Divionensibus eccle-</Unicode>
        </TextEquiv>
      </TextLine>
      <TextLine id="eSc_line_dbe946d9" custom="structure {type:default;}">
        <Coords points="187,856 187,870 216,881 218,881 220,881 223,881 225,881 243,870 249,865 265,870 289,876 291,876 293,876 371,867 371,850 366,803 300,799 298,799 296,799 293,799 293,801 280,812 269,825 185,825 187,856"/>
        <Baseline points="187,856 371,850"/>
        <TextEquiv conf="0.9999999523162841">
          <Unicode>„ 12.</Unicode>
        </TextEquiv>
      </TextLine>
      <TextLine id="eSc_line_5acdfc43" custom="structure {type:default;}">
        <Coords points="497,887 578,874 581,863 578,810 532,812 503,795 499,859 497,887"/>
        <Baseline points="499,859 581,863"/>
        <TextEquiv conf="1.0">
          <Unicode>„</Unicode>
        </TextEquiv>
      </TextLine>
      <TextLine id="eSc_line_fc25d29c" custom="structure {type:default;}">
        <Coords points="764,901 764,923 2677,925 2682,894 2675,865 762,865 764,901"/>
        <Baseline points="764,901 2682,894"/>
        <TextEquiv conf="0.9935719782923474">
          <Unicode>siam de Tart asserit. Fyot Hist. de St.-Estienne de Diion Pr. p. 100. — „Quotiens</Unicode>
        </TextEquiv>
      </TextLine>
      <TextLine id="eSc_line_990ae873" custom="structure {type:default;}">
        <Coords points="760,956 760,969 857,980 859,980 861,980 863,980 879,967 916,978 919,978 921,978 923,978 965,962 965,951 958,920 757,923 760,956"/>
        <Baseline points="760,956 965,951"/>
        <TextEquiv conf="0.9999938805898031">
          <Unicode>illud a“.</Unicode>
        </TextEquiv>
      </TextLine>
      <TextLine id="eSc_line_9ff5734b" custom="structure {type:default;}">
        <Coords points="709,1009 709,1033 2684,1026 2684,1004 2677,976 707,978 709,1009"/>
        <Baseline points="709,1009 2684,1004"/>
        <TextEquiv conf="0.9936188640473764">
          <Unicode>8934 G(uillelmum) episcopum Rotensem reprehendit, quod postquam iam antea falsa</Unicode>
        </TextEquiv>
      </TextLine>
      <TextLine id="eSc_line_431cb333" custom="structure {type:default;}">
        <Coords points="187,1018 187,1033 371,1035 373,1018 373,954 313,954 311,954 309,954 307,954 289,969 265,991 187,991 187,1018"/>
        <Baseline points="187,1018 373,1018"/>
        <TextEquiv conf="0.995853042602539">
          <Unicode>„ 14.</Unicode>
        </TextEquiv>
      </TextLine>
      <TextLine id="eSc_line_94232db0" custom="structure {type:default;}">
        <Coords points="499,1029 499,1035 585,1048 587,1029 587,1002 499,1002 499,1029"/>
        <Baseline points="499,1029 587,1029"/>
        <TextEquiv conf="0.9999732375144958">
          <Unicode>1?</Unicode>
        </TextEquiv>
      </TextLine>
      <TextLine id="eSc_line_b4805d63" custom="structure {type:default;}">
        <Coords points="762,1066 762,1088 2680,1084 2682,1062 2677,1033 1732,1022 1729,1022 1727,1022 1725,1022 1712,1033 804,1024 802,1024 799,1024 760,1035 762,1066"/>
        <Baseline points="762,1066 2682,1062"/>
        <TextEquiv conf="0.992805216131331">
          <Unicode>scripta praesentaverit, nunc sententiam inter eum et Dodonem Oscensem episcopum</Unicode>
        </TextEquiv>
      </TextLine>
      <TextLine id="eSc_line_0c4eaa87" custom="structure {type:default;}">
        <Coords points="762,1121 762,1150 2680,1139 2682,1117 2675,1088 760,1090 762,1121"/>
        <Baseline points="762,1121 2682,1117"/>
        <TextEquiv conf="0.9994955098345166">
          <Unicode>promulgatam contemnat. Mandat, ut ecclesias de Belsa, de Gestal et de Alchezar infra</Unicode>
        </TextEquiv>
      </TextLine>
      <TextLine id="eSc_line_be5c96d3" custom="structure {type:default;}">
        <Coords points="760,1174 760,1196 2487,1196 2487,1174 2487,1146 760,1143 760,1174"/>
        <Baseline points="760,1174 2487,1174"/>
        <TextEquiv conf="0.9902416484943335">
          <Unicode>tres menses Dodoni restituat. Neues Archiv VI. 354. — „Quam benigne“.</Unicode>
        </TextEquiv>
      </TextLine>
      <TextLine id="eSc_line_476c99f0" custom="structure {type:default;}">
        <Coords points="709,1230 709,1254 2682,1254 2682,1230 2682,1196 709,1196 709,1230"/>
        <Baseline points="709,1230 2682,1230"/>
        <TextEquiv conf="0.990591671186335">
          <Unicode>8935 B(ernardo) archiepiscopo Tarraconensi nuntiat, sese, damnatis falsis privilegiis</Unicode>
        </TextEquiv>
      </TextLine>
      <TextLine id="eSc_line_c66e1485" custom="structure {type:default;}">
        <Coords points="187,1238 190,1265 249,1247 285,1252 344,1260 346,1260 349,1260 351,1260 371,1243 371,1232 366,1181 300,1172 298,1172 296,1172 293,1172 258,1194 245,1203 185,1203 187,1238"/>
        <Baseline points="187,1238 371,1232"/>
        <TextEquiv conf="0.9999991178512573">
          <Unicode>„ 14.</Unicode>
        </TextEquiv>
      </TextLine>
      <TextLine id="eSc_line_df95ae14" custom="structure {type:default;}">
        <Coords points="492,1247 492,1274 594,1256 594,1247 594,1221 492,1216 492,1247"/>
        <Baseline points="492,1247 594,1247"/>
        <TextEquiv conf="0.999992847442627">
          <Unicode>„)</Unicode>
        </TextEquiv>
      </TextLine>
      <TextLine id="eSc_line_3a5cfbba" custom="structure {type:default;}">
        <Coords points="760,1287 760,1309 2677,1302 2680,1280 2673,1252 757,1252 760,1287"/>
        <Baseline points="760,1287 2680,1280"/>
        <TextEquiv conf="0.999800819673656">
          <Unicode>a (Guillelmo) episcopo Rotensi praesentatis, ecclesias de Barbastro, de Belsa, de</Unicode>
        </TextEquiv>
      </TextLine>
      <TextLine id="eSc_line_9916cb81" custom="structure {type:default;}">
        <Coords points="760,1340 760,1362 1316,1362 1319,1362 1360,1373 1363,1373 1365,1373 1506,1371 1509,1371 1511,1371 1524,1362 1526,1360 1533,1362 1566,1371 1568,1371 1570,1371 1705,1362 1732,1360 1743,1360 1805,1371 1807,1371 1917,1360 1935,1360 2677,1360 2680,1333 2673,1307 757,1311 760,1340"/>
        <Baseline points="760,1340 2680,1333"/>
        <TextEquiv conf="0.9993793306412635">
          <Unicode>Gestal et de Alchezar (Dodoni) episcopo Oscensi adiudicasse. Mandat, hortetur</Unicode>
        </TextEquiv>
      </TextLine>
      <TextLine id="eSc_line_03d47a67" custom="structure {type:default;}">
        <Coords points="757,1393 757,1417 2675,1417 2675,1393 2675,1364 757,1362 757,1393"/>
        <Baseline points="757,1393 2675,1393"/>
        <TextEquiv conf="0.9987976636205401">
          <Unicode>Guillelmum, ut quae iussa sint, ad effectum perducat. Neues Archiv VI. 354. —</Unicode>
        </TextEquiv>
      </TextLine>
      <TextLine id="eSc_line_52f01de1" custom="structure {type:default;}">
        <Coords points="760,1453 760,1472 1248,1470 1248,1453 1248,1422 810,1408 808,1408 806,1408 760,1419 760,1453"/>
        <Baseline points="760,1453 1248,1453"/>
        <TextEquiv conf="0.999979671679045">
          <Unicode>„Ad tuam credimus“.</Unicode>
        </TextEquiv>
      </TextLine>
      <TextLine id="eSc_line_35112b2e" custom="structure {type:default;}">
        <Coords points="707,1508 707,1530 2677,1523 2680,1501 2673,1470 704,1475 707,1508"/>
        <Baseline points="707,1508 2680,1501"/>
        <TextEquiv conf="0.9929668189566813">
          <Unicode>8936 R. comiti Barcinonensi eadem, quae superiore ep. 8935, scribit. Neues Archiv</Unicode>
        </TextEquiv>
      </TextLine>
      <TextLine id="eSc_line_4126b0bf" custom="structure {type:default;}">
        <Coords points="187,1514 187,1539 214,1541 216,1541 218,1541 220,1541 220,1539 223,1539 225,1537 236,1521 269,1521 282,1530 291,1537 293,1537 296,1537 298,1537 360,1521 360,1506 355,1475 183,1470 187,1514"/>
        <Baseline points="187,1514 360,1506"/>
        <TextEquiv conf="0.9999986171722413">
          <Unicode>„ 14.</Unicode>
        </TextEquiv>
      </TextLine>
      <TextLine id="eSc_line_cb2e6797" custom="structure {type:default;}">
        <Coords points="494,1521 494,1532 585,1528 585,1521 585,1492 558,1479 556,1479 554,1479 494,1490 494,1521"/>
        <Baseline points="494,1521 585,1521"/>
        <TextEquiv conf="1.0">
          <Unicode>„</Unicode>
        </TextEquiv>
      </TextLine>
      <TextLine id="eSc_line_c6d8f7db" custom="structure {type:default;}">
        <Coords points="764,1561 764,1581 1047,1581 1049,1581 1115,1592 1117,1592 1336,1578 1347,1578 1354,1578 1462,1590 1464,1590 1467,1590 1515,1576 1515,1556 1509,1528 762,1528 764,1561"/>
        <Baseline points="764,1561 1515,1556"/>
        <TextEquiv conf="0.9939598123232524">
          <Unicode>VI. 354. — „Nobilitatem tuam“.</Unicode>
        </TextEquiv>
      </TextLine>
      <TextLine id="eSc_line_df1295b0" custom="structure {type:default;}">
        <Coords points="702,1607 700,1631 2673,1638 2677,1614 2675,1583 702,1572 702,1607"/>
        <Baseline points="702,1607 2677,1614"/>
        <TextEquiv conf="0.9974041964815951">
          <Unicode>8937 (6251) Heinrico., episcopo Moraviensi, significat, se excommunicationis sententiam</Unicode>
        </TextEquiv>
      </TextLine>
      <TextLine id="eSc_line_2d73792c" custom="structure {type:default;}">
        <Coords points="152,1616 150,1636 190,1656 192,1656 194,1656 196,1656 229,1645 258,1634 287,1634 304,1651 309,1656 309,1658 311,1658 313,1658 315,1660 364,1660 366,1620 366,1576 322,1565 320,1565 318,1565 289,1574 262,1583 227,1574 178,1563 176,1563 174,1563 152,1572 152,1616"/>
        <Baseline points="152,1616 366,1620"/>
        <TextEquiv conf="0.9943055851118905">
          <Unicode>Iul. 2.</Unicode>
        </TextEquiv>
      </TextLine>
      <TextLine id="eSc_line_f87eb937" custom="structure {type:default;}">
        <Coords points="479,1634 479,1698 505,1698 505,1696 508,1696 510,1696 525,1682 547,1662 592,1660 592,1634 592,1607 479,1605 479,1634"/>
        <Baseline points="479,1634 592,1634"/>
        <TextEquiv conf="0.9988290667533875">
          <Unicode>„„</Unicode>
        </TextEquiv>
      </TextLine>
      <TextLine id="eSc_line_733c9343" custom="structure {type:default;}">
        <Coords points="760,1673 760,1693 2677,1689 2680,1669 2673,1640 757,1643 760,1673"/>
        <Baseline points="760,1673 2680,1669"/>
        <TextEquiv conf="0.9998910235769954">
          <Unicode>a C(onrado) archiepiscopo Salzburgensi et (Henrico) episcopo Ratisponensi in Hen-</Unicode>
        </TextEquiv>
      </TextLine>
      <TextLine id="eSc_line_d2619f55" custom="structure {type:default;}">
        <Coords points="757,1729 757,1753 2673,1755 2677,1724 2671,1696 755,1698 757,1729"/>
        <Baseline points="757,1729 2677,1724"/>
        <TextEquiv conf="0.9954719141125679">
          <Unicode>ricum (Bavariae) ducem, Bohemiae ducem, Fridericum advocatum, palatinum comitem,</Unicode>
        </TextEquiv>
      </TextLine>
      <TextLine id="eSc_line_9dc6bdb2" custom="structure {type:default;}">
        <Coords points="757,1782 757,1806 2677,1804 2677,1782 2677,1751 757,1742 757,1782"/>
        <Baseline points="757,1782 2677,1782"/>
        <TextEquiv conf="0.99342452187136">
          <Unicode>alios, qui ecclesiam Ratisponensem vastaverint, pronunciatam, de parochianis tantum</Unicode>
        </TextEquiv>
      </TextLine>
      <TextLine id="eSc_line_e31619b5" custom="structure {type:default;}">
        <Coords points="757,1837 757,1859 2680,1855 2680,1832 2675,1806 755,1806 757,1837"/>
        <Baseline points="757,1837 2680,1832"/>
        <TextEquiv conf="0.9999998092651368">
          <Unicode>episcoporum illorum confirmasse. Mandat, ut Bohemiae ducem ad reddendam captivis</Unicode>
        </TextEquiv>
      </TextLine>
      <TextLine id="eSc_line_829f9041" custom="structure {type:default;}">
        <Coords points="757,1892 757,1921 2673,1914 2675,1888 2668,1859 755,1859 757,1892"/>
        <Baseline points="757,1892 2675,1888"/>
        <TextEquiv conf="0.9996306055212674">
          <Unicode>libertatem hortetur. Boczek C. D. M. I. 250, Migne 180 p. 1145. — „Quanto</Unicode>
        </TextEquiv>
      </TextLine>
      <TextLine id="eSc_line_b1df3cb1" custom="structure {type:default;}">
        <Coords points="753,1949 753,1963 899,1978 901,1978 903,1978 978,1956 978,1943 972,1908 751,1910 753,1949"/>
        <Baseline points="753,1949 978,1943"/>
        <TextEquiv conf="0.995296385553148">
          <Unicode>amplius“.</Unicode>
        </TextEquiv>
      </TextLine>
      <TextLine id="eSc_line_48991e54" custom="structure {type:default;}">
        <Coords points="704,1998 702,2018 2673,2022 2677,2002 2675,1969 2545,1956 2543,1956 2540,1956 2514,1967 2512,1969 2355,1969 2350,1965 2337,1956 2335,1956 2333,1956 2330,1956 2328,1956 2291,1965 2280,1969 1942,1969 1928,1963 1911,1956 1908,1956 1906,1956 1818,1961 1727,1967 1705,1961 1685,1954 1683,1954 1681,1954 1575,1961 1478,1965 1365,1958 1294,1954 1292,1954 1274,1958 1239,1965 1142,1956 1106,1954 1104,1954 1087,1956 1027,1965 963,1954 952,1954 950,1954 947,1954 945,1954 927,1967 828,1967 704,1954 704,1998"/>
        <Baseline points="704,1998 2677,2002"/>
        <TextEquiv conf="0.9897161758527523">
          <Unicode>8938 *Domum leprosorum Belli-loci tuendam suscipit eiusque possessiones confirmat.</Unicode>
        </TextEquiv>
      </TextLine>
      <TextLine id="eSc_line_15abdaab" custom="structure {type:default;}">
        <Coords points="183,2011 183,2033 342,2033 342,2031 344,2031 346,2031 364,2018 364,2007 353,1954 338,1963 329,1954 322,1949 322,1947 320,1947 318,1947 273,1947 271,1947 269,1947 256,1954 229,1967 181,1954 183,2011"/>
        <Baseline points="183,2011 364,2007"/>
        <TextEquiv conf="0.9999730885028839">
          <Unicode>„ 2.</Unicode>
        </TextEquiv>
      </TextLine>
      <TextLine id="eSc_line_bb8a38e0" custom="structure {type:default;}">
        <Coords points="488,2014 486,2031 572,2047 576,2018 576,1991 488,1987 488,2014"/>
        <Baseline points="488,2014 576,2018"/>
        <TextEquiv conf="0.9999871850013733">
          <Unicode>„„</Unicode>
        </TextEquiv>
      </TextLine>
      <TextLine id="eSc_line_73b90c53" custom="structure {type:default;}">
        <Coords points="757,2058 757,2078 2675,2084 2677,2058 2677,2029 757,2027 757,2058"/>
        <Baseline points="757,2058 2677,2058"/>
        <TextEquiv conf="0.9999496859662673">
          <Unicode>In bibl. nat. Paris. Cartul. de la léproserie du Grand Beaulieu, ms. lat. nouv. acqu.</Unicode>
        </TextEquiv>
      </TextLine>
      <TextLine id="eSc_line_3da92944" custom="structure {type:default;}">
        <Coords points="755,2115 755,2137 1493,2131 1495,2111 1491,2082 1197,2071 1195,2071 753,2084 755,2115"/>
        <Baseline points="755,2115 1495,2111"/>
        <TextEquiv conf="0.995631504803896">
          <Unicode>p. 1408, foliis nondum signatis.</Unicode>
        </TextEquiv>
      </TextLine>
      <TextLine id="eSc_line_bbeed4c3" custom="structure {type:default;}">
        <Coords points="704,2168 704,2192 2673,2186 2675,2161 2671,2133 720,2126 718,2126 715,2126 713,2126 702,2133 704,2168"/>
        <Baseline points="704,2168 2675,2161"/>
        <TextEquiv conf="0.9936513419855725">
          <Unicode>8939 (6252) Ecclesiae S. Sepulcri Hierosolymitanae protectionem suscipit possessionesque</Unicode>
        </TextEquiv>
      </TextLine>
      <TextLine id="eSc_line_9195904f" custom="structure {type:default;}">
        <Coords points="183,2173 183,2197 364,2188 366,2166 360,2093 181,2131 183,2173"/>
        <Baseline points="183,2173 366,2166"/>
        <TextEquiv conf="0.9895100831985474">
          <Unicode>„ 13.</Unicode>
        </TextEquiv>
      </TextLine>
      <TextLine id="eSc_line_63ff5d28" custom="structure {type:default;}">
        <Coords points="488,2184 488,2195 581,2190 581,2184 581,2157 488,2144 488,2184"/>
        <Baseline points="488,2184 581,2184"/>
        <TextEquiv conf="1.0">
          <Unicode>„</Unicode>
        </TextEquiv>
      </TextLine>
      <TextLine id="eSc_line_8be41707" custom="structure {type:default;}">
        <Coords points="753,2221 753,2245 2675,2245 2675,2221 2675,2195 753,2195 753,2221"/>
        <Baseline points="753,2221 2675,2221"/>
        <TextEquiv conf="0.9919790996284019">
          <Unicode>confirmat, petente Petro priore. Roziere Cartulaire du saint sépulcre p. 36, Migne</Unicode>
        </TextEquiv>
      </TextLine>
      <TextLine id="eSc_line_2e3271e4" custom="structure {type:default;}">
        <Coords points="757,2279 757,2296 1031,2307 1034,2307 1151,2296 1153,2296 1190,2307 1193,2307 1195,2307 1248,2296 1277,2307 1279,2307 1281,2307 1500,2294 1515,2294 1517,2294 1548,2305 1551,2305 1553,2307 1769,2307 1769,2305 1771,2305 1820,2292 1820,2274 1816,2248 771,2239 768,2239 766,2239 764,2239 755,2245 757,2279"/>
        <Baseline points="757,2279 1820,2274"/>
        <TextEquiv conf="0.9860793823419616">
          <Unicode>180 p. 1145. — „Si mansuetudo apostolicae“.</Unicode>
        </TextEquiv>
      </TextLine>
      <TextLine id="eSc_line_2aeb94dd" custom="structure {type:default;}">
        <Coords points="704,2327 702,2347 746,2360 748,2360 751,2360 1316,2351 1360,2362 1363,2362 1365,2362 2673,2354 2675,2334 2673,2301 704,2294 704,2327"/>
        <Baseline points="704,2327 2675,2334"/>
        <TextEquiv conf="0.9998441216273185">
          <Unicode>8940 (6253) Theobaldum, episcopum Veronensem, laudat, quod propter canonicorum</Unicode>
        </TextEquiv>
      </TextLine>
      <TextLine id="eSc_line_316699ea" custom="structure {type:default;}">
        <Coords points="185,2340 185,2362 201,2369 203,2369 205,2369 207,2369 223,2360 245,2349 271,2360 287,2367 289,2367 291,2367 362,2360 362,2334 355,2285 183,2307 185,2340"/>
        <Baseline points="185,2340 362,2334"/>
        <TextEquiv conf="0.9999994993209839">
          <Unicode>„ 19.</Unicode>
        </TextEquiv>
      </TextLine>
      <TextLine id="eSc_line_35235186" custom="structure {type:default;}">
        <Coords points="488,2345 486,2367 534,2376 536,2376 539,2376 572,2358 574,2349 572,2320 488,2305 488,2345"/>
        <Baseline points="488,2345 574,2349"/>
        <TextEquiv conf="0.9999488592147827">
          <Unicode>„</Unicode>
        </TextEquiv>
      </TextLine>
      <TextLine id="eSc_line_b609e686" custom="structure {type:default;}">
        <Coords points="753,2387 753,2409 2675,2404 2677,2382 2673,2356 751,2356 753,2387"/>
        <Baseline points="753,2387 2677,2382"/>
        <TextEquiv conf="0.9969030574516013">
          <Unicode>bona a civibus occupata urbi suae sacrificiis interdixerit. Mandat, ut excommuni-</Unicode>
        </TextEquiv>
      </TextLine>
      <TextLine id="eSc_line_10c5da14" custom="structure {type:default;}">
        <Coords points="751,2444 751,2466 2675,2462 2677,2440 2671,2413 748,2415 751,2444"/>
        <Baseline points="751,2444 2677,2440"/>
        <TextEquiv conf="0.9999742522472288">
          <Unicode>cationis sententiam, eadem de causa in nobiles quosdam a (Guidone) presbytero car-</Unicode>
        </TextEquiv>
      </TextLine>
      <TextLine id="eSc_line_e4fbad50" custom="structure {type:default;}">
        <Coords points="753,2495 751,2515 779,2528 782,2528 784,2528 1701,2519 1723,2530 1725,2530 1727,2530 2673,2519 2675,2499 2673,2468 753,2464 753,2495"/>
        <Baseline points="753,2495 2675,2499"/>
        <TextEquiv conf="0.9954584900821958">
          <Unicode>dinali pronunciatam, observandam curet. Ughelli It. sacr. V. 785, Migne 180 p. 1149.</Unicode>
        </TextEquiv>
      </TextLine>
      <TextLine id="eSc_line_04ed5add" custom="structure {type:default;}">
        <Coords points="755,2552 755,2570 824,2570 837,2581 837,2583 839,2583 841,2583 843,2583 1111,2568 1111,2552 1111,2526 755,2526 755,2552"/>
        <Baseline points="755,2552 1111,2552"/>
        <TextEquiv conf="0.9863676978991582">
          <Unicode>— „Ex parte“.</Unicode>
        </TextEquiv>
      </TextLine>
      <TextLine id="eSc_line_ece7cc86" custom="structure {type:default;}">
        <Coords points="704,2603 702,2625 2671,2630 2675,2608 2673,2572 704,2572 704,2603"/>
        <Baseline points="704,2603 2675,2608"/>
        <TextEquiv conf="0.9924811124801636">
          <Unicode>8941 (6254) A(ltmanno) Tridentino, L(othario) Vicentino, B(ellino) Patavino episcopis</Unicode>
        </TextEquiv>
      </TextLine>
      <TextLine id="eSc_line_e096ff82" custom="structure {type:default;}">
        <Coords points="183,2614 183,2632 209,2641 212,2641 214,2641 216,2641 218,2641 218,2638 220,2638 227,2630 231,2623 265,2623 271,2627 287,2638 289,2638 291,2638 293,2638 353,2636 355,2636 357,2636 357,2634 360,2634 366,2625 366,2608 362,2535 271,2530 269,2530 267,2530 265,2530 227,2559 216,2566 181,2566 183,2614"/>
        <Baseline points="183,2614 366,2608"/>
        <TextEquiv conf="0.998236107826233">
          <Unicode>„ 19.</Unicode>
        </TextEquiv>
      </TextLine>
      <TextLine id="eSc_line_d84ac940" custom="structure {type:default;}">
        <Coords points="483,2627 570,2638 574,2623 574,2583 488,2541 486,2621 483,2627"/>
        <Baseline points="486,2621 574,2623"/>
        <TextEquiv conf="1.0">
          <Unicode>„</Unicode>
        </TextEquiv>
      </TextLine>
      <TextLine id="eSc_line_7404ab00" custom="structure {type:default;}">
        <Coords points="753,2665 753,2687 2671,2685 2673,2661 2666,2632 751,2634 753,2665"/>
        <Baseline points="753,2665 2673,2661"/>
        <TextEquiv conf="0.9996698915958404">
          <Unicode>mandat, ut nobiles quosdam occupata canonicorum Veronensium bona reddere cogant.</Unicode>
        </TextEquiv>
      </TextLine>
      <TextLine id="eSc_line_a6b532d7" custom="structure {type:default;}">
        <Coords points="757,2718 757,2740 2668,2742 2673,2714 2668,2683 755,2683 757,2718"/>
        <Baseline points="757,2718 2673,2714"/>
        <TextEquiv conf="0.998063703845529">
          <Unicode>Ughelli It. sacr. V. 785, Riccardi Stor. dei vesc. Vincent. p. 52, Barbarano Hist. di</Unicode>
        </TextEquiv>
      </TextLine>
      <TextLine id="eSc_line_e0a75f53" custom="structure {type:default;}">
        <Coords points="760,2769 760,2795 2668,2795 2671,2773 2668,2742 1718,2742 1705,2733 1699,2729 1696,2729 1694,2729 1692,2729 1429,2731 819,2738 760,2727 760,2769"/>
        <Baseline points="760,2769 2671,2773"/>
        <TextEquiv conf="0.9905930691295199">
          <Unicode>Vicenza L. IV. 36, Gloria Cod. dipl. Pad. I. 341, Migne 180 p. 1150: „XIIII. kal.</Unicode>
        </TextEquiv>
      </TextLine>
      <TextLine id="eSc_line_e95ec36d" custom="structure {type:default;}">
        <Coords points="757,2831 757,2853 2671,2853 2671,2831 2671,2800 757,2800 757,2831"/>
        <Baseline points="757,2831 2671,2831"/>
        <TextEquiv conf="0.9931738023404721">
          <Unicode>Aug.“, (Wiener Sitzungsber. XCIV. 661: „XIII. kal. Aug.“). — „Ex parte filiorum“.</Unicode>
        </TextEquiv>
      </TextLine>
      <TextLine id="eSc_line_13a288fd" custom="structure {type:default;}">
        <Coords points="702,2881 702,2906 2668,2901 2671,2877 2664,2839 700,2844 702,2881"/>
        <Baseline points="702,2881 2671,2877"/>
        <TextEquiv conf="0.9942367312348919">
          <Unicode>8942 (6255) Canonicis Veronensibus asserit castrum Ceretense, a Widone presbytero</Unicode>
        </TextEquiv>
      </TextLine>
      <TextLine id="eSc_line_a994d60e" custom="structure {type:default;}">
        <Coords points="183,2901 366,2901 366,2884 362,2850 282,2837 280,2837 249,2844 205,2853 183,2839 183,2888 183,2901"/>
        <Baseline points="183,2888 366,2884"/>
        <TextEquiv conf="0.9998514890670777">
          <Unicode>„ 19.</Unicode>
        </TextEquiv>
      </TextLine>
      <TextLine id="eSc_line_42536f3e" custom="structure {type:default;}">
        <Coords points="488,2892 486,2901 570,2921 574,2897 574,2868 488,2862 488,2892"/>
        <Baseline points="488,2892 574,2897"/>
        <TextEquiv conf="1.0">
          <Unicode>„)</Unicode>
        </TextEquiv>
      </TextLine>
      <TextLine id="eSc_line_f96c97a9" custom="structure {type:default;}">
        <Coords points="751,2939 751,2959 2668,2968 2671,2939 2671,2908 751,2908 751,2939"/>
        <Baseline points="751,2939 2671,2939"/>
        <TextEquiv conf="0.9939071208965488">
          <Unicode>cardinali iis adiudicatum. Ughelli It. sacr. V. 783, Dondi Dissert. V. doc. p. 86,</Unicode>
        </TextEquiv>
      </TextLine>
      <TextLine id="eSc_line_7cae76b6" custom="structure {type:default;}">
        <Coords points="755,2992 755,3012 815,3025 817,3025 899,3014 963,3025 965,3025 967,3025 1005,3014 1027,3025 1029,3025 1031,3025 1034,3025 1073,3014 1102,3025 1104,3025 1106,3025 1665,3012 1665,2992 1665,2963 755,2963 755,2992"/>
        <Baseline points="755,2992 1665,2992"/>
        <TextEquiv conf="0.9902511176310087">
          <Unicode>Migne 180 p. 1151. — „Officii nostri“.</Unicode>
        </TextEquiv>
      </TextLine>
      <TextLine id="eSc_line_830a1a49" custom="structure {type:default;}">
        <Coords points="702,3045 702,3071 2673,3071 2673,3045 2673,3016 702,3014 702,3045"/>
        <Baseline points="702,3045 2673,3045"/>
        <TextEquiv conf="0.9935241731313559">
          <Unicode>8943 (6256) Episcopatum Tornacensem e Noviomensium episcoporum potestate exem-</Unicode>
        </TextEquiv>
      </TextLine>
      <TextLine id="eSc_line_070f9486" custom="structure {type:default;}">
        <Coords points="185,3049 185,3071 205,3082 207,3082 209,3082 212,3082 214,3082 214,3080 220,3074 231,3065 269,3065 298,3080 304,3082 307,3082 309,3085 366,3085 366,3049 366,3016 291,3005 289,3005 287,3005 285,3005 285,3007 271,3018 267,3021 185,3021 185,3049"/>
        <Baseline points="185,3049 366,3049"/>
        <TextEquiv conf="0.9999997615814209">
          <Unicode>„ 24.</Unicode>
        </TextEquiv>
      </TextLine>
      <TextLine id="eSc_line_fb944efa" custom="structure {type:default;}">
        <Coords points="486,3060 483,3067 528,3080 530,3080 532,3080 534,3080 572,3069 574,3065 574,3036 534,3025 532,3025 530,3025 486,3032 486,3060"/>
        <Baseline points="486,3060 574,3065"/>
        <TextEquiv conf="0.6342383623123169">
          <Unicode>„</Unicode>
        </TextEquiv>
      </TextLine>
      <TextLine id="eSc_line_20d737dc" custom="structure {type:default;}">
        <Coords points="755,3107 755,3131 2666,3122 2668,3098 2664,3069 753,3067 755,3107"/>
        <Baseline points="755,3107 2668,3098"/>
        <TextEquiv conf="0.9999162714655806">
          <Unicode>ptum, petente Anselmo episcopo, confirmat. Cousin Hist. de Tournay II. 236, Gallia</Unicode>
        </TextEquiv>
      </TextLine>
      <TextLine id="eSc_line_3ebe454a" custom="structure {type:default;}">
        <Coords points="753,3157 753,3182 2666,3177 2668,3153 2662,3124 751,3127 753,3157"/>
        <Baseline points="753,3157 2668,3153"/>
        <TextEquiv conf="0.995245661362108">
          <Unicode>Chr. X. Instr. p. 378, Marlot Metr. Rem. II. 350, Miraei Opp, dipl. II. 1166, Migne</Unicode>
        </TextEquiv>
      </TextLine>
      <TextLine id="eSc_line_79ccd153" custom="structure {type:default;}">
        <Coords points="757,3213 757,3230 804,3244 806,3244 808,3244 810,3244 848,3233 870,3244 872,3244 874,3244 877,3244 916,3233 945,3244 947,3244 950,3244 1069,3233 1151,3233 1162,3241 1162,3244 1164,3244 1166,3244 1168,3244 1464,3233 1674,3244 1676,3244 1679,3244 1727,3230 1727,3213 1727,3184 757,3184 757,3213"/>
        <Baseline points="757,3213 1727,3213"/>
        <TextEquiv conf="0.9999288320541382">
          <Unicode>180 p. 1151. — „Sacrosanctae Romanae“.</Unicode>
        </TextEquiv>
      </TextLine>
      <TextLine id="eSc_line_796ffb9c" custom="structure {type:default;}">
        <Coords points="704,3261 704,3292 2668,3292 2668,3261 2668,3233 704,3233 704,3261"/>
        <Baseline points="704,3261 2668,3261"/>
        <TextEquiv conf="0.9908341648934902">
          <Unicode>8944 Monasterii S. Udalrici et S. Afrae Kreuzlingensis patrocinium suscipit, ac posses-</Unicode>
        </TextEquiv>
      </TextLine>
      <TextLine id="eSc_line_ff6a85d9" custom="structure {type:default;}">
        <Coords points="183,3268 183,3288 207,3299 209,3299 212,3299 214,3299 216,3299 216,3297 218,3297 223,3290 229,3281 265,3281 278,3292 282,3294 282,3297 285,3297 287,3297 289,3297 366,3294 368,3261 364,3228 280,3217 278,3217 181,3235 183,3268"/>
        <Baseline points="183,3268 368,3261"/>
        <TextEquiv conf="0.9764702439308166">
          <Unicode>„ 24.</Unicode>
        </TextEquiv>
      </TextLine>
      <TextLine id="eSc_line_c926bf53" custom="structure {type:default;}">
        <Coords points="483,3277 481,3286 572,3299 576,3281 576,3252 483,3248 483,3277"/>
        <Baseline points="483,3277 576,3281"/>
        <TextEquiv conf="0.9999999403953552">
          <Unicode>„)</Unicode>
        </TextEquiv>
      </TextLine>
      <TextLine id="eSc_line_b270c110" custom="structure {type:default;}">
        <Coords points="755,3321 755,3343 2668,3341 2668,3321 2668,3292 755,3292 755,3321"/>
        <Baseline points="755,3321 2668,3321"/>
        <TextEquiv conf="0.9977425366640091">
          <Unicode>siones et privilegia confirmat, petente Heinrico abbate. Meyer Thurgauisches UB.</Unicode>
        </TextEquiv>
      </TextLine>
      <TextLine id="eSc_line_7b77c3ab" custom="structure {type:default;}">
        <Coords points="753,3378 753,3398 1473,3407 1475,3407 1478,3407 1480,3407 1493,3396 1495,3396 1522,3396 1847,3405 1849,3405 1851,3405 1880,3394 1882,3394 1889,3394 1957,3405 1959,3405 1961,3405 1984,3394 1992,3403 1992,3405 1995,3405 1997,3405 1999,3407 2193,3407 2193,3405 2258,3392 2260,3374 2253,3345 751,3347 753,3378"/>
        <Baseline points="753,3378 2260,3374"/>
        <TextEquiv conf="0.997752727009356">
          <Unicode>p. 66, (Schweizer. Urkundenreg. II. 28). — „Ad hoc universalis“.</Unicode>
        </TextEquiv>
      </TextLine>
      <TextLine id="eSc_line_80914b4b" custom="structure {type:default;}">
        <Coords points="143,3422 141,3462 364,3449 366,3431 366,3392 256,3367 254,3367 251,3367 205,3380 190,3383 143,3376 143,3422"/>
        <Baseline points="143,3422 366,3431"/>
        <TextEquiv conf="0.9998570755124092">
          <Unicode>Sept. 2.</Unicode>
        </TextEquiv>
      </TextLine>
      <TextLine id="eSc_line_1b5ab0cc" custom="structure {type:default;}">
        <Coords points="702,3427 702,3456 2664,3460 2666,3427 2666,3398 702,3398 702,3427"/>
        <Baseline points="702,3427 2666,3427"/>
        <TextEquiv conf="0.9990526839588465">
          <Unicode>8945 Monasterii Marcianensis protectionem suscipit, possessionesque et privilegia, rogatu</Unicode>
        </TextEquiv>
      </TextLine>
      <TextLine id="eSc_line_ea87db09" custom="structure {type:default;}">
        <Coords points="475,3445 475,3453 521,3464 523,3464 525,3464 576,3449 576,3440 570,3411 472,3411 475,3445"/>
        <Baseline points="475,3445 576,3440"/>
        <TextEquiv conf="1.0">
          <Unicode>„</Unicode>
        </TextEquiv>
      </TextLine>
      <TextLine id="eSc_line_26c83f79" custom="structure {type:default;}">
        <Coords points="755,3486 755,3513 2662,3515 2666,3482 2662,3451 753,3451 755,3486"/>
        <Baseline points="755,3486 2666,3482"/>
        <TextEquiv conf="0.9959797049746101">
          <Unicode>Ingramni abbatis, confirmat, imposito monachis quatuor byzantiorum aureorum censu</Unicode>
        </TextEquiv>
      </TextLine>
      <TextLine id="eSc_line_8d123206" custom="structure {type:default;}">
        <Coords points="753,3537 751,3559 1018,3568 1049,3590 1051,3590 1053,3590 1056,3590 1058,3590 1060,3590 1087,3573 1129,3590 1131,3590 1133,3592 1290,3592 1290,3590 1292,3590 1294,3590 1325,3570 1347,3588 1347,3590 1349,3590 1352,3590 1354,3592 1436,3592 1436,3590 1438,3590 1500,3566 1570,3579 1573,3579 1685,3566 1732,3581 1734,3581 1736,3581 1738,3581 1763,3575 1782,3590 1782,3592 1785,3592 1787,3592 1789,3592 1906,3570 1937,3592 1939,3592 1942,3592 1944,3595 1984,3595 1984,3592 1986,3592 2039,3566 2158,3566 2160,3542 2158,3511 753,3506 753,3537"/>
        <Baseline points="753,3537 2160,3542"/>
        <TextEquiv conf="0.9895303360486435">
          <Unicode>annuo. Pflugk-Harttung Acta I. 188. — „Officii nostri nos“.</Unicode>
        </TextEquiv>
      </TextLine>
      <TextLine id="eSc_line_1d0e2aef" custom="structure {type:default;}">
        <Coords points="2370,3559 2359,3559 2359,3601 2361,3623 2377,3615 2377,3601 2377,3597 2370,3559"/>
        <Baseline points="2359,3601 2377,3601"/>
        <TextEquiv>
          <Unicode></Unicode>
        </TextEquiv>
      </TextLine>
    </TextRegion>
    <TextRegion id="eSc_textblock_a1790aa5"  custom="structure {type:default;}">
      <Coords points="992,176 1860,185 1860,271 972,280 954,220 992,176"/>
      <TextLine id="eSc_line_618dfed8" custom="structure {type:default;}">
        <Coords points="1354,178 1332,178 1310,178 1288,178 1265,178 1243,178 1228,178 987,181 978,187 980,247 980,267 1296,278 1299,278 1301,278 1303,278 1314,267 1316,267 1838,267 1840,242 1836,200 1405,200 1387,189 1363,178 1354,178"/>
        <Baseline points="980,247 1840,242"/>
        <TextEquiv conf="0.9917015600204467">
          <Unicode>EUCENIIS III. 1145— 1153.</Unicode>
        </TextEquiv>
      </TextLine>
    </TextRegion>
    <TextRegion id="eSc_textblock_9fd14733"  custom="structure {type:default;}">
      <Coords points="2607,194 2697,203 2706,253 2593,271 2576,212 2607,194"/>
      <TextLine id="eSc_line_0c15a2cb" custom="structure {type:default;}">
        <Coords points="2596,249 2598,287 2684,280 2684,242 2680,205 2626,196 2624,196 2622,196 2591,207 2596,249"/>
        <Baseline points="2596,249 2684,242"/>
        <TextEquiv conf="1.0">
          <Unicode>35</Unicode>
        </TextEquiv>
      </TextLine>
    </TextRegion>
  </Page>
</PcGts>
