<?xml version="1.0" encoding="UTF-8"  standalone="yes"?>
<PcGts xmlns="http://schema.primaresearch.org/PAGE/gts/pagecontent/2019-07-15" xmlns:xsi="http://www.w3.org/2001/XMLSchema-instance" xsi:schemaLocation="http://schema.primaresearch.org/PAGE/gts/pagecontent/2019-07-15 http://schema.primaresearch.org/PAGE/gts/pagecontent/2019-07-15/pagecontent.xsd">
  <Metadata externalRef="pdf//regestapontificu02cath.pdf">
	<Creator>escriptorium</Creator>
	<Created>2026-01-31T10:25:46.363955+00:00</Created>
        <LastChange>2026-02-01T14:45:05.323148+00:00</LastChange>
  </Metadata>
  <Page imageFilename="regestapontificu02cath.pdf_page_149.png" imageWidth="3007" imageHeight="3975">
    <TextRegion id="eSc_textblock_8d1e5991"  custom="structure {type:default;}">
      <Coords points="693,273 2697,282 2680,3495 2399,3513 2397,3557 2344,3575 2116,3539 2079,3495 804,3504 731,3566 203,3575 114,3548 79,2983 88,468 150,282 693,273"/>
      <TextLine id="eSc_line_7801229d" custom="structure {type:default;}">
        <Coords points="656,340 656,364 987,371 989,340 989,302 855,284 852,284 850,284 848,284 848,287 832,300 709,289 707,289 656,300 656,340"/>
        <Baseline points="656,340 989,340"/>
        <TextEquiv conf="0.9935718828981573">
          <Unicode>1154— 1159.</Unicode>
        </TextEquiv>
      </TextLine>
      <TextLine id="eSc_line_581464cb" custom="structure {type:default;}">
        <Coords points="740,399 737,424 839,439 841,439 956,426 965,426 967,426 1000,439 1003,439 1005,439 1007,439 1009,439 1025,428 1129,439 1131,439 1217,428 1239,426 1274,428 1372,437 1374,437 1480,430 1544,426 1553,430 1564,439 1566,439 1568,439 1703,441 1705,441 1780,432 1816,428 1836,432 1873,441 1875,441 1877,443 1959,443 1959,441 1961,441 1964,441 1975,432 1986,428 2657,437 2662,404 2660,366 740,355 740,399"/>
        <Baseline points="740,399 2662,404"/>
        <TextEquiv conf="0.9971264406859156">
          <Unicode>desiderat, quia spiritu miraculorum Dei imbuta dicatur“. S. HIildeg. Opp. ap. Migne</Unicode>
        </TextEquiv>
      </TextLine>
      <TextLine id="eSc_line_5a2a258d" custom="structure {type:default;}">
        <Coords points="740,454 740,483 1109,477 1113,479 1122,488 1122,490 1124,490 1126,490 1129,492 1486,492 1486,490 1489,490 1528,474 1528,454 1528,424 740,424 740,454"/>
        <Baseline points="740,454 1528,454"/>
        <TextEquiv conf="0.9920736290514469">
          <Unicode>197 p. 153. — „Gaudemus, filia“.</Unicode>
        </TextEquiv>
      </TextLine>
      <TextLine id="eSc_line_ac459f12" custom="structure {type:default;}">
        <Coords points="689,507 687,530 2655,534 2660,512 2657,477 689,474 689,507"/>
        <Baseline points="689,507 2660,512"/>
        <TextEquiv conf="0.994647755680314">
          <Unicode>10462 Monasterii S. Fridiswidae de Oxonia possessiones confirmat, bulla ad Robertum</Unicode>
        </TextEquiv>
      </TextLine>
      <TextLine id="eSc_line_218191fa" custom="structure {type:default;}">
        <Coords points="742,569 742,602 2662,602 2664,565 2660,538 1741,527 1738,527 1736,527 1696,538 793,530 790,530 740,541 742,569"/>
        <Baseline points="742,569 2664,565"/>
        <TextEquiv conf="0.9980550176137454">
          <Unicode>priorem. (Fragmentum.) Monast. Anglic. I. 175, nov. ed. II. 147. — „. . infra</Unicode>
        </TextEquiv>
      </TextLine>
      <TextLine id="eSc_line_859a9d9a" custom="structure {type:default;}">
        <Coords points="740,620 737,640 757,655 760,655 762,655 1060,658 1062,658 1144,640 1146,624 1144,594 740,589 740,620"/>
        <Baseline points="740,620 1146,624"/>
        <TextEquiv conf="0.9943553559920367">
          <Unicode>ipsam civitatem“.</Unicode>
        </TextEquiv>
      </TextLine>
      <TextLine id="eSc_line_b229f665" custom="structure {type:default;}">
        <Coords points="656,704 656,724 989,717 989,700 985,662 848,649 846,649 843,649 790,664 786,664 782,664 682,649 680,649 678,649 653,660 656,704"/>
        <Baseline points="656,704 989,700"/>
        <TextEquiv conf="0.9985134243965149">
          <Unicode>1155—1159.</Unicode>
        </TextEquiv>
      </TextLine>
      <TextLine id="eSc_line_13de24aa" custom="structure {type:default;}">
        <Coords points="689,755 687,777 2653,781 2657,759 2653,719 689,722 689,755"/>
        <Baseline points="689,755 2657,759"/>
        <TextEquiv conf="0.9998672892065609">
          <Unicode>10463 (7072) Marchwardo, abbati Fuldensi, concedit, ut, „si de malefactoribus suis et</Unicode>
        </TextEquiv>
      </TextLine>
      <TextLine id="eSc_line_ba07c729" custom="structure {type:default;}">
        <Coords points="128,759 128,781 187,788 190,788 192,788 231,777 260,770 267,777 282,790 282,792 285,792 287,792 289,795 331,795 331,792 333,792 335,792 335,790 338,790 346,779 346,755 338,671 258,697 245,684 236,677 236,675 234,675 231,675 229,675 227,675 125,704 128,759"/>
        <Baseline points="128,759 346,755"/>
        <TextEquiv conf="0.9603399378912789">
          <Unicode>Iui. 6.</Unicode>
        </TextEquiv>
      </TextLine>
      <TextLine id="eSc_line_930bcb7e" custom="structure {type:default;}">
        <Coords points="740,814 740,836 2657,843 2660,814 2660,788 740,788 740,814"/>
        <Baseline points="740,814 2660,814"/>
        <TextEquiv conf="0.9940123698290657">
          <Unicode>ecclesiae et invasoribus bonorum ipsius ad episcopos, ad quos cura illorum pertineat,</Unicode>
        </TextEquiv>
      </TextLine>
      <TextLine id="eSc_line_ff95b0bc" custom="structure {type:default;}">
        <Coords points="742,867 742,894 2657,889 2660,863 2653,836 740,839 742,867"/>
        <Baseline points="742,867 2660,863"/>
        <TextEquiv conf="0.9933949916550283">
          <Unicode>querelam secundo tertiove pertulerit, et ipsi iustitiam facere recusaverint, malefactores</Unicode>
        </TextEquiv>
      </TextLine>
      <TextLine id="eSc_line_748afa32" custom="structure {type:default;}">
        <Coords points="742,925 742,945 2660,942 2662,920 2655,894 740,894 742,925"/>
        <Baseline points="742,925 2662,920"/>
        <TextEquiv conf="0.9994914160055273">
          <Unicode>illos excommunicationis sententia innodet“. (Textus librarii vitio depravatus est. De</Unicode>
        </TextEquiv>
      </TextLine>
      <TextLine id="eSc_line_c9d73a5b" custom="structure {type:default;}">
        <Coords points="742,976 740,995 2655,1002 2660,980 2657,949 742,945 742,976"/>
        <Baseline points="742,976 2660,980"/>
        <TextEquiv conf="0.9913510469401755">
          <Unicode>fide tabulae dubitat Harttung Dipl.-hist. Forsch. p. 505.) Dronke Cod. dipl. Fuld.</Unicode>
        </TextEquiv>
      </TextLine>
      <TextLine id="eSc_line_015dc528" custom="structure {type:default;}">
        <Coords points="742,1037 742,1057 2101,1051 2103,1033 2101,1007 2072,993 2070,993 2068,993 2065,993 2063,993 2048,1004 1948,993 1946,993 1747,1004 1712,993 1710,993 1707,993 1705,993 1676,1004 1535,995 1533,995 1418,1007 1372,995 1369,995 1367,995 1186,1007 1106,995 1104,995 1102,995 1067,1007 936,995 934,995 932,995 905,1007 828,995 826,995 740,1009 742,1037"/>
        <Baseline points="742,1037 2103,1033"/>
        <TextEquiv conf="0.9996740535685891">
          <Unicode>p. 404, Migne 188 p. 1591. — „Inter universas ecclesias“.</Unicode>
        </TextEquiv>
      </TextLine>
      <TextLine id="eSc_line_a3974cc8" custom="structure {type:default;}">
        <Coords points="132,1090 132,1119 172,1132 174,1132 176,1132 223,1124 249,1119 349,1128 351,1086 346,1051 152,1040 150,1040 148,1040 130,1048 132,1090"/>
        <Baseline points="132,1090 351,1086"/>
        <TextEquiv conf="0.9988684430718422">
          <Unicode>Aug. 13.</Unicode>
        </TextEquiv>
      </TextLine>
      <TextLine id="eSc_line_58a64bfe" custom="structure {type:default;}">
        <Coords points="397,1090 397,1115 510,1143 512,1143 514,1143 563,1117 629,1110 629,1086 625,1026 505,1004 503,1004 444,1007 441,1007 439,1007 439,1009 417,1029 417,1031 395,1031 397,1090"/>
        <Baseline points="397,1090 629,1086"/>
        <TextEquiv conf="0.9120360985398293">
          <Unicode>Anaeniar</Unicode>
        </TextEquiv>
      </TextLine>
      <TextLine id="eSc_line_a667e8bf" custom="structure {type:default;}">
        <Coords points="689,1090 689,1113 2660,1108 2662,1086 2657,1060 2403,1060 2383,1046 2381,1046 2379,1046 2377,1046 2271,1057 1665,1048 1663,1048 1661,1048 1628,1060 711,1048 709,1048 707,1048 704,1048 687,1057 689,1090"/>
        <Baseline points="689,1090 2662,1086"/>
        <TextEquiv conf="0.9999068488435048">
          <Unicode>10464 (7073) (Hugonem), archiepiscopum Rotomagenscm, hortatur, ut (Willelmum) epi-</Unicode>
        </TextEquiv>
      </TextLine>
      <TextLine id="eSc_line_fd2a1ca0" custom="structure {type:default;}">
        <Coords points="742,1146 742,1168 2662,1168 2662,1146 2662,1117 742,1117 742,1146"/>
        <Baseline points="742,1146 2662,1146"/>
        <TextEquiv conf="0.994226123392582">
          <Unicode>scopum Cenomannensem, iudicem in causa quadam constitutum, si opus sit, adiuvet.</Unicode>
        </TextEquiv>
      </TextLine>
      <TextLine id="eSc_line_2e6fe219" custom="structure {type:default;}">
        <Coords points="742,1201 742,1219 2330,1225 2333,1201 2333,1172 742,1170 742,1201"/>
        <Baseline points="742,1201 2333,1201"/>
        <TextEquiv conf="0.9994657809917743">
          <Unicode>Martene Coll. II. 642, Migne 188 p. 1592. — „Causam, quae inter“.</Unicode>
        </TextEquiv>
      </TextLine>
      <TextLine id="eSc_line_a11e9926" custom="structure {type:default;}">
        <Coords points="689,1249 687,1272 2660,1276 2664,1254 2662,1225 689,1219 689,1249"/>
        <Baseline points="689,1249 2664,1254"/>
        <TextEquiv conf="0.9974374203796846">
          <Unicode>10465 (7074) Ludovico, Francorum regi, Pontium abbatem Vizeliacensem tuenti gratias</Unicode>
        </TextEquiv>
      </TextLine>
      <TextLine id="eSc_line_32d007fb" custom="structure {type:default;}">
        <Coords points="742,1311 742,1333 1036,1344 1038,1344 1040,1344 1042,1344 1058,1333 1060,1333 1089,1333 1634,1340 1637,1340 1862,1329 1877,1329 1880,1329 1895,1340 1897,1340 1900,1340 1902,1342 2174,1342 2174,1340 2308,1327 2319,1327 2339,1327 2624,1338 2626,1338 2629,1338 2660,1325 2660,1302 2653,1276 740,1283 742,1311"/>
        <Baseline points="742,1311 2660,1302"/>
        <TextEquiv conf="0.9988458164036274">
          <Unicode>agit. Monet, ut monasterium defendere a comite Nivernensi pergat, domosque lapi-</Unicode>
        </TextEquiv>
      </TextLine>
      <TextLine id="eSc_line_8cff8365" custom="structure {type:default;}">
        <Coords points="742,1366 742,1384 2657,1389 2660,1366 2660,1338 742,1338 742,1366"/>
        <Baseline points="742,1366 2660,1366"/>
        <TextEquiv conf="0.9999377153537892">
          <Unicode>deas burgensium Vizeliacensium dirui iubeat. D&#x27;Achery Spic. II. 516, Bouquet Rec.</Unicode>
        </TextEquiv>
      </TextLine>
      <TextLine id="eSc_line_ccad1e4f" custom="structure {type:default;}">
        <Coords points="742,1415 742,1442 2476,1442 2478,1419 2476,1389 742,1384 742,1415"/>
        <Baseline points="742,1415 2478,1419"/>
        <TextEquiv conf="0.9988627754040619">
          <Unicode>XV. 671, Mansi XXI. 814, Migne 188 p. 1592. — „Gratum et acceptum“.</Unicode>
        </TextEquiv>
      </TextLine>
      <TextLine id="eSc_line_b11799ca" custom="structure {type:default;}">
        <Coords points="689,1475 689,1499 2660,1495 2662,1470 2657,1444 704,1435 702,1435 700,1435 698,1435 687,1442 689,1475"/>
        <Baseline points="689,1475 2662,1470"/>
        <TextEquiv conf="0.9991438808766279">
          <Unicode>10466 Fratribus Cluniacensibus asserit ecclesiam de Namech (d. Leodiensis); possessiones</Unicode>
        </TextEquiv>
      </TextLine>
      <TextLine id="eSc_line_078538e4" custom="structure {type:default;}">
        <Coords points="740,1532 740,1552 2660,1554 2662,1532 2662,1503 740,1499 740,1532"/>
        <Baseline points="740,1532 2662,1532"/>
        <TextEquiv conf="0.9805760741233825">
          <Unicode>huius et privilegia confirmat. (Suspecta. „Dat. . . . II. . . . Iulii“.) Miraei Opp. dipl.</Unicode>
        </TextEquiv>
      </TextLine>
      <TextLine id="eSc_line_51baf16e" custom="structure {type:default;}">
        <Coords points="737,1590 737,1605 1261,1616 1263,1616 1265,1616 1268,1616 1285,1603 1299,1614 1301,1614 1303,1614 1305,1616 1522,1616 1522,1614 1524,1614 1568,1598 1568,1583 1564,1554 1402,1545 1400,1545 1281,1554 1250,1556 1243,1554 1219,1545 1217,1545 1215,1545 1168,1554 1159,1556 1148,1556 1084,1545 1082,1545 1080,1545 1078,1545 1078,1548 1069,1556 1067,1559 735,1559 737,1590"/>
        <Baseline points="737,1590 1568,1583"/>
        <TextEquiv conf="0.9966906110445658">
          <Unicode>II. 1172. — „Canonica sanctorum“.</Unicode>
        </TextEquiv>
      </TextLine>
      <TextLine id="eSc_line_d21bb784" custom="structure {type:default;}">
        <Coords points="656,1667 656,1684 989,1680 989,1660 985,1618 863,1609 861,1609 859,1609 835,1620 832,1620 828,1620 773,1612 771,1612 653,1623 656,1667"/>
        <Baseline points="656,1667 989,1660"/>
        <TextEquiv conf="0.9998972296714783">
          <Unicode>1156—1159.</Unicode>
        </TextEquiv>
      </TextLine>
      <TextLine id="eSc_line_04207cdb" custom="structure {type:default;}">
        <Coords points="689,1722 689,1746 2664,1746 2664,1718 2660,1689 715,1680 713,1680 711,1680 687,1689 689,1722"/>
        <Baseline points="689,1722 2664,1718"/>
        <TextEquiv conf="0.9870376542210579">
          <Unicode>10467 Monachis S. Ruxorii mandat, ut concordiam inter ipsos et capitulum Pisanum</Unicode>
        </TextEquiv>
      </TextLine>
      <TextLine id="eSc_line_5d8ef5f9" custom="structure {type:default;}">
        <Coords points="737,1782 737,1804 2655,1806 2660,1773 2653,1742 735,1749 737,1782"/>
        <Baseline points="737,1782 2660,1773"/>
        <TextEquiv conf="0.9895616360457546">
          <Unicode>in praesentia sua factam observent. (Cf. supra 10101.) Pflugk-Harttung Iter p. 260.</Unicode>
        </TextEquiv>
      </TextLine>
      <TextLine id="eSc_line_dd0c3e4f" custom="structure {type:default;}">
        <Coords points="740,1835 740,1848 923,1861 925,1861 927,1861 963,1846 967,1846 972,1846 1031,1859 1034,1859 1131,1843 1133,1830 1129,1804 945,1793 943,1793 941,1793 914,1804 857,1795 855,1795 737,1806 740,1835"/>
        <Baseline points="740,1835 1133,1830"/>
        <TextEquiv conf="0.9999046921730042">
          <Unicode>— „Quot mala“.</Unicode>
        </TextEquiv>
      </TextLine>
      <TextLine id="eSc_line_8af23908" custom="structure {type:default;}">
        <Coords points="687,1888 687,1912 2655,1916 2660,1883 2653,1855 684,1857 687,1888"/>
        <Baseline points="687,1888 2660,1883"/>
        <TextEquiv conf="0.9975537752563303">
          <Unicode>10468 (7062) Berengario, archiepiscopo Narbonensi, apostolicae sedis legato, et Artaldo,</Unicode>
        </TextEquiv>
      </TextLine>
      <TextLine id="eSc_line_5c385869" custom="structure {type:default;}">
        <Coords points="735,1945 735,1967 2660,1963 2662,1941 2655,1912 733,1914 735,1945"/>
        <Baseline points="735,1945 2662,1941"/>
        <TextEquiv conf="0.997321713261488">
          <Unicode>episcopo Elenensi, atque universis baronibus per Elenensem episcopatum constitutis</Unicode>
        </TextEquiv>
      </TextLine>
      <TextLine id="eSc_line_c077bd3b" custom="structure {type:default;}">
        <Coords points="737,2002 737,2022 2662,2022 2662,1994 2657,1963 843,1961 841,1961 735,1972 737,2002"/>
        <Baseline points="737,2002 2662,1994"/>
        <TextEquiv conf="0.9974165794096495">
          <Unicode>mandat, ut excommunicationis sententiam ab Eugenio III. in Gaufredum comitem</Unicode>
        </TextEquiv>
      </TextLine>
      <TextLine id="eSc_line_39b92afa" custom="structure {type:default;}">
        <Coords points="733,2055 733,2075 2655,2073 2657,2049 2651,2022 731,2025 733,2055"/>
        <Baseline points="733,2055 2657,2049"/>
        <TextEquiv conf="0.9990922406315803">
          <Unicode>(Ruscinonensem) eiusque pellicem prolatam observent. Decernit, ut „filii cius ex</Unicode>
        </TextEquiv>
      </TextLine>
      <TextLine id="eSc_line_ae7c6826" custom="structure {type:default;}">
        <Coords points="735,2108 735,2131 2655,2128 2657,2104 2651,2078 733,2078 735,2108"/>
        <Baseline points="735,2108 2657,2104"/>
        <TextEquiv conf="0.9956623287086027">
          <Unicode>adultera in adulterio procreati perpetuo paterna hereditate careant“. Baluzii Misc.</Unicode>
        </TextEquiv>
      </TextLine>
      <TextLine id="eSc_line_00b38cbc" custom="structure {type:default;}">
        <Coords points="740,2164 740,2188 2657,2181 2660,2157 2653,2128 737,2133 740,2164"/>
        <Baseline points="740,2164 2660,2157"/>
        <TextEquiv conf="0.998093024476782">
          <Unicode>III. 72, Aguirre Conc. V. 74, Bouquet Rec. XV. 677, Mansi XXI. 829, Mignc 188</Unicode>
        </TextEquiv>
      </TextLine>
      <TextLine id="eSc_line_afe33e07" custom="structure {type:default;}">
        <Coords points="737,2226 737,2250 1617,2239 1639,2248 1641,2248 1643,2248 1646,2248 1648,2248 1661,2237 1661,2219 1657,2190 1356,2179 1354,2179 1352,2179 1349,2179 1349,2181 1347,2181 1341,2190 1069,2181 1067,2181 1064,2181 1038,2192 815,2184 813,2184 735,2195 737,2226"/>
        <Baseline points="737,2226 1661,2219"/>
        <TextEquiv conf="0.996746847758422">
          <Unicode>p. 1582. — „Quae a praedecessoribus“.</Unicode>
        </TextEquiv>
      </TextLine>
      <TextLine id="eSc_line_964aec20" custom="structure {type:default;}">
        <Coords points="653,2314 653,2336 985,2325 985,2305 980,2265 848,2250 846,2250 843,2250 841,2250 841,2252 821,2270 788,2270 707,2252 704,2252 702,2252 651,2270 653,2314"/>
        <Baseline points="653,2314 985,2305"/>
        <TextEquiv conf="0.9999572038650513">
          <Unicode>1157—1159.</Unicode>
        </TextEquiv>
      </TextLine>
      <TextLine id="eSc_line_70fcdf4a" custom="structure {type:default;}">
        <Coords points="132,2382 132,2420 143,2431 145,2431 148,2431 150,2433 207,2433 207,2431 209,2431 212,2431 229,2418 231,2415 231,2418 258,2431 260,2431 262,2431 324,2429 326,2429 329,2429 329,2426 338,2420 344,2413 609,2424 612,2376 600,2316 581,2334 510,2318 497,2316 494,2316 492,2316 481,2318 410,2336 262,2325 254,2325 251,2325 249,2325 247,2325 220,2336 209,2325 205,2323 205,2320 203,2320 201,2320 198,2320 130,2327 132,2382"/>
        <Baseline points="132,2382 612,2376"/>
        <TextEquiv conf="0.99977832660079">
          <Unicode>Lan. 4. Laterani</Unicode>
        </TextEquiv>
      </TextLine>
      <TextLine id="eSc_line_1335d036" custom="structure {type:default;}">
        <Coords points="689,2382 689,2407 2662,2407 2662,2382 2662,2349 2461,2338 2459,2338 2456,2338 2454,2338 2441,2349 2436,2351 2246,2351 2233,2349 2147,2338 2145,2338 2143,2338 2121,2349 2118,2351 1922,2351 1913,2349 1838,2338 1836,2338 1833,2338 1831,2338 1816,2349 1813,2351 1385,2351 1378,2349 1272,2338 1270,2338 1195,2349 1193,2349 1188,2349 1047,2338 1045,2338 1042,2338 1005,2349 881,2338 879,2338 877,2338 843,2349 771,2338 768,2338 689,2349 689,2382"/>
        <Baseline points="689,2382 2662,2382"/>
        <TextEquiv conf="0.9994965738888029">
          <Unicode>10469 (7075) Odonem abbatem monachosque S. Dionysii cohortatur, ut S. Benedicti</Unicode>
        </TextEquiv>
      </TextLine>
      <TextLine id="eSc_line_2a6c67ea" custom="structure {type:default;}">
        <Coords points="740,2440 740,2460 1135,2473 1137,2473 1201,2460 1204,2460 1208,2460 1372,2473 1374,2473 1376,2473 1378,2473 1396,2457 1398,2457 1551,2457 1553,2457 1568,2468 1570,2468 1573,2468 1575,2468 1705,2457 1716,2457 1723,2457 1809,2471 1811,2473 1926,2473 1926,2471 1928,2471 1931,2471 1950,2457 1975,2471 1977,2471 1979,2471 2056,2468 2059,2468 2061,2468 2076,2455 2079,2455 2085,2455 2140,2468 2143,2468 2227,2455 2235,2455 2244,2455 2357,2468 2359,2468 2653,2453 2655,2433 2651,2407 1422,2398 1420,2398 1360,2409 821,2400 819,2400 737,2411 740,2440"/>
        <Baseline points="740,2440 2655,2433"/>
        <TextEquiv conf="0.9958388977929166">
          <Unicode>vestigiis insistant. Doublet Hist. de St. Denys p. 502, Migne 188 p. 1593. —</Unicode>
        </TextEquiv>
      </TextLine>
      <TextLine id="eSc_line_eeed38b1" custom="structure {type:default;}">
        <Coords points="742,2495 742,2521 998,2526 1000,2526 1003,2526 1040,2517 1051,2515 1064,2517 1137,2528 1140,2528 1215,2513 1215,2495 1215,2464 742,2464 742,2495"/>
        <Baseline points="742,2495 1215,2495"/>
        <TextEquiv conf="0.9999960409967523">
          <Unicode>„Monasticam vitam“.</Unicode>
        </TextEquiv>
      </TextLine>
      <TextLine id="eSc_line_15af2b19" custom="structure {type:default;}">
        <Coords points="687,2550 687,2572 2631,2577 2633,2577 2635,2577 2660,2563 2660,2544 2653,2515 684,2519 687,2550"/>
        <Baseline points="687,2550 2660,2544"/>
        <TextEquiv conf="0.9971950137337973">
          <Unicode>10470 Godescalco episcopo Atrebatensi eiusque successoribus custodiam ecclesiae S. Ma-</Unicode>
        </TextEquiv>
      </TextLine>
      <TextLine id="eSc_line_c56efba6" custom="structure {type:default;}">
        <Coords points="163,2555 163,2568 190,2579 192,2579 194,2579 196,2579 198,2579 198,2577 201,2574 214,2559 251,2559 291,2588 302,2597 304,2597 307,2597 309,2597 344,2594 344,2548 340,2499 282,2497 280,2497 278,2497 276,2497 276,2499 265,2508 254,2524 161,2524 163,2555"/>
        <Baseline points="163,2555 344,2548"/>
        <TextEquiv conf="0.9998088330030441">
          <Unicode>„ 4.</Unicode>
        </TextEquiv>
      </TextLine>
      <TextLine id="eSc_line_b79c4cf8" custom="structure {type:default;}">
        <Coords points="472,2563 472,2577 510,2594 512,2594 514,2594 517,2594 561,2574 561,2559 554,2530 470,2532 472,2563"/>
        <Baseline points="472,2563 561,2559"/>
        <TextEquiv conf="1.0">
          <Unicode>„</Unicode>
        </TextEquiv>
      </TextLine>
      <TextLine id="eSc_line_76dcaeb7" custom="structure {type:default;}">
        <Coords points="735,2605 735,2627 2655,2627 2657,2601 2651,2572 733,2572 735,2605"/>
        <Baseline points="735,2605 2657,2601"/>
        <TextEquiv conf="0.9964913028042491">
          <Unicode>riae et omnia ad eam pertinentia asserit. In bibl. nat. Paris. Coll. Moreau t. 69.</Unicode>
        </TextEquiv>
      </TextLine>
      <TextLine id="eSc_line_d2d31b18" custom="structure {type:default;}">
        <Coords points="733,2661 733,2678 755,2689 757,2689 760,2689 762,2689 764,2689 784,2678 956,2678 969,2689 969,2691 972,2691 974,2691 976,2691 1109,2678 1111,2678 1115,2678 1204,2691 1206,2694 1272,2694 1272,2691 1274,2691 1277,2691 1277,2689 1288,2680 1296,2689 1296,2691 1299,2691 1301,2691 1303,2691 1568,2678 1568,2661 1568,2632 733,2632 733,2661"/>
        <Baseline points="733,2661 1568,2661"/>
        <TextEquiv conf="0.9809803068637848">
          <Unicode>f. 77. — „Sicut iniusta petentibus“.</Unicode>
        </TextEquiv>
      </TextLine>
      <TextLine id="eSc_line_17f6e2c1" custom="structure {type:default;}">
        <Coords points="163,2714 163,2740 256,2731 267,2736 291,2747 293,2747 296,2747 298,2747 346,2731 346,2714 342,2661 265,2680 163,2676 163,2714"/>
        <Baseline points="163,2714 346,2714"/>
        <TextEquiv conf="0.9998892396688461">
          <Unicode>„ 9.</Unicode>
        </TextEquiv>
      </TextLine>
      <TextLine id="eSc_line_98710ece" custom="structure {type:default;}">
        <Coords points="687,2714 687,2738 2657,2738 2657,2714 2657,2683 687,2683 687,2714"/>
        <Baseline points="687,2714 2657,2714"/>
        <TextEquiv conf="0.9991220566961501">
          <Unicode>10471 Quae Odo, abbas S. Dionysii, ad utilitatem monasterii emerat, ea confirmat.</Unicode>
        </TextEquiv>
      </TextLine>
      <TextLine id="eSc_line_d2ef059f" custom="structure {type:default;}">
        <Coords points="477,2722 477,2733 486,2742 488,2742 490,2742 492,2742 561,2729 561,2722 561,2694 477,2694 477,2722"/>
        <Baseline points="477,2722 561,2722"/>
        <TextEquiv conf="0.9999998807907104">
          <Unicode>„)</Unicode>
        </TextEquiv>
      </TextLine>
      <TextLine id="eSc_line_b51f7bd6" custom="structure {type:default;}">
        <Coords points="737,2771 737,2791 2315,2786 2317,2767 2313,2738 735,2733 737,2771"/>
        <Baseline points="737,2771 2317,2767"/>
        <TextEquiv conf="0.9907771096085057">
          <Unicode>Autogr. in tab. nat. Paris. L. 229. n. 5. — „Quoniam universarum“.</Unicode>
        </TextEquiv>
      </TextLine>
      <TextLine id="eSc_line_9895193d" custom="structure {type:default;}">
        <Coords points="687,2824 687,2844 2657,2842 2657,2820 2653,2791 700,2784 698,2784 695,2784 693,2784 684,2789 687,2824"/>
        <Baseline points="687,2824 2657,2820"/>
        <TextEquiv conf="0.9999825157398401">
          <Unicode>10472 Infra parochias ecclesiae S. Marcelli Parisiensis, sine canonicorum vel episcopi</Unicode>
        </TextEquiv>
      </TextLine>
      <TextLine id="eSc_line_5239419e" custom="structure {type:default;}">
        <Coords points="165,2846 254,2833 262,2839 273,2848 276,2848 278,2848 280,2848 324,2846 326,2846 329,2846 344,2833 344,2817 338,2773 194,2795 163,2782 165,2826 165,2846"/>
        <Baseline points="165,2826 344,2817"/>
        <TextEquiv conf="0.9999998569488525">
          <Unicode>„ 18.</Unicode>
        </TextEquiv>
      </TextLine>
      <TextLine id="eSc_line_6f36412d" custom="structure {type:default;}">
        <Coords points="475,2835 475,2857 561,2839 561,2833 556,2804 472,2797 475,2835"/>
        <Baseline points="475,2835 561,2833"/>
        <TextEquiv conf="0.9999676942825317">
          <Unicode>„</Unicode>
        </TextEquiv>
      </TextLine>
      <TextLine id="eSc_line_54e3ebbc" custom="structure {type:default;}">
        <Coords points="735,2879 735,2903 2653,2899 2655,2875 2649,2848 733,2850 735,2879"/>
        <Baseline points="735,2879 2655,2875"/>
        <TextEquiv conf="0.9963465908939919">
          <Unicode>diocesani licentia, ecclesiam. vel oratorium edificari vetat. Autogr. in tab. nat. Paris.</Unicode>
        </TextEquiv>
      </TextLine>
      <TextLine id="eSc_line_83e5d546" custom="structure {type:default;}">
        <Coords points="735,2930 733,2948 779,2961 782,2961 784,2961 1159,2952 1303,2963 1305,2963 1824,2952 1827,2934 1824,2903 735,2899 735,2930"/>
        <Baseline points="735,2930 1827,2934"/>
        <TextEquiv conf="0.9997228853245999">
          <Unicode>L. 229. n. 17. — „Iustis petentium desideriis“.</Unicode>
        </TextEquiv>
      </TextLine>
      <TextLine id="eSc_line_fdb62231" custom="structure {type:default;}">
        <Coords points="163,2987 163,3005 178,3016 181,3016 183,3016 185,3016 187,3016 190,3016 203,3005 212,2998 346,3012 349,2983 344,2954 262,2941 260,2941 258,2941 256,2941 238,2956 236,2959 161,2959 163,2987"/>
        <Baseline points="163,2987 349,2983"/>
        <TextEquiv conf="0.9999861478805542">
          <Unicode>„ 21.</Unicode>
        </TextEquiv>
      </TextLine>
      <TextLine id="eSc_line_648cae27" custom="structure {type:default;}">
        <Coords points="687,2987 687,3012 2653,3007 2655,2983 2651,2954 700,2948 698,2948 695,2948 693,2948 684,2952 687,2987"/>
        <Baseline points="687,2987 2655,2983"/>
        <TextEquiv conf="0.9975747976984296">
          <Unicode>10473 (7076) Hugoni, cancellario Ludovici regis Francorum, asserit maiorem ecclesiae</Unicode>
        </TextEquiv>
      </TextLine>
      <TextLine id="eSc_line_63b06f36" custom="structure {type:default;}">
        <Coords points="475,2998 475,3005 512,3016 514,3016 517,3016 519,3016 567,3001 567,2994 563,2959 503,2945 501,2945 499,2945 472,2959 475,2998"/>
        <Baseline points="475,2998 567,2994"/>
        <TextEquiv conf="0.9923018217086792">
          <Unicode>„</Unicode>
        </TextEquiv>
      </TextLine>
      <TextLine id="eSc_line_4304db42" custom="structure {type:default;}">
        <Coords points="740,3043 740,3067 2651,3065 2653,3038 2646,3012 737,3014 740,3043"/>
        <Baseline points="740,3043 2653,3038"/>
        <TextEquiv conf="0.9975934624671936">
          <Unicode>Atrebatensis archidiaconatum, a Godefrido (Godescalco) episcopo concessum. Duchesne</Unicode>
        </TextEquiv>
      </TextLine>
      <TextLine id="eSc_line_df41553a" custom="structure {type:default;}">
        <Coords points="735,3098 735,3124 2655,3124 2655,3098 2655,3067 735,3067 735,3098"/>
        <Baseline points="735,3098 2655,3098"/>
        <TextEquiv conf="0.9950596848620644">
          <Unicode>Hist. Fr. SS. IV. 586, Bouquet Rec. XV. 678, Mansi XXI. 803, Migne 188 p. 1593.</Unicode>
        </TextEquiv>
      </TextLine>
      <TextLine id="eSc_line_1c8351ec" custom="structure {type:default;}">
        <Coords points="740,3151 740,3171 810,3171 821,3180 821,3182 824,3182 826,3182 828,3182 903,3171 1402,3182 1405,3182 1407,3182 1451,3168 1451,3151 1451,3122 740,3122 740,3151"/>
        <Baseline points="740,3151 1451,3151"/>
        <TextEquiv conf="0.9976772492931735">
          <Unicode>— „Si rationabilibus filiorum“.</Unicode>
        </TextEquiv>
      </TextLine>
      <TextLine id="eSc_line_fec50bcf" custom="structure {type:default;}">
        <Coords points="125,3204 125,3230 271,3219 302,3248 304,3250 304,3252 307,3252 309,3252 311,3255 349,3255 349,3204 349,3129 315,3129 313,3129 311,3129 309,3129 309,3131 271,3166 125,3144 125,3204"/>
        <Baseline points="125,3204 349,3204"/>
        <TextEquiv conf="0.9060006439685822">
          <Unicode>Febr. 6.</Unicode>
        </TextEquiv>
      </TextLine>
      <TextLine id="eSc_line_498c690d" custom="structure {type:default;}">
        <Coords points="689,3206 689,3228 2651,3224 2653,3202 2649,3175 687,3175 689,3206"/>
        <Baseline points="689,3206 2653,3202"/>
        <TextEquiv conf="0.9999831580534214">
          <Unicode>10474 (7077) Monasterii S. Dionysii privilegia a Roberto et Dagoberto regibus con-</Unicode>
        </TextEquiv>
      </TextLine>
      <TextLine id="eSc_line_651d6381" custom="structure {type:default;}">
        <Coords points="463,3226 561,3224 563,3219 563,3191 497,3191 470,3173 466,3215 463,3226"/>
        <Baseline points="466,3215 563,3219"/>
        <TextEquiv conf="1.0">
          <Unicode>„</Unicode>
        </TextEquiv>
      </TextLine>
      <TextLine id="eSc_line_75053e7d" custom="structure {type:default;}">
        <Coords points="735,3263 735,3288 1321,3299 1323,3299 1325,3299 1352,3288 1822,3297 1824,3297 1827,3297 1855,3286 1946,3297 1948,3297 1950,3297 1953,3297 1972,3286 2377,3294 2379,3294 2489,3283 2505,3294 2507,3294 2509,3294 2512,3297 2620,3297 2620,3294 2622,3294 2653,3281 2653,3257 2646,3228 733,3233 735,3263"/>
        <Baseline points="735,3263 2653,3257"/>
        <TextEquiv conf="0.9950104631483555">
          <Unicode>stituta confirmat. Doublet Hist. de St. Denys p. 504, Migne 188 p. 1594. — „Quae</Unicode>
        </TextEquiv>
      </TextLine>
      <TextLine id="eSc_line_67c1c554" custom="structure {type:default;}">
        <Coords points="733,3316 733,3332 843,3345 846,3345 954,3330 961,3330 967,3330 1049,3343 1051,3343 1053,3343 1098,3327 1098,3312 1091,3281 731,3283 733,3316"/>
        <Baseline points="733,3316 1098,3312"/>
        <TextEquiv conf="0.9999992648760477">
          <Unicode>religiosis viris“.</Unicode>
        </TextEquiv>
      </TextLine>
      <TextLine id="eSc_line_bbfaa89e" custom="structure {type:default;}">
        <Coords points="684,3369 684,3394 2651,3394 2653,3369 2649,3339 684,3339 684,3369"/>
        <Baseline points="684,3369 2653,3369"/>
        <TextEquiv conf="0.9956643312442593">
          <Unicode>10475 Capitulum Berchtesgadense adhortatur, ut invicem sese quasi fratres diligant</Unicode>
        </TextEquiv>
      </TextLine>
      <TextLine id="eSc_line_b2523096" custom="structure {type:default;}">
        <Coords points="165,3372 167,3394 214,3380 342,3394 344,3372 344,3343 322,3332 320,3332 318,3332 165,3336 165,3372"/>
        <Baseline points="165,3372 344,3372"/>
        <TextEquiv conf="0.9995918124914169">
          <Unicode>„ 6.</Unicode>
        </TextEquiv>
      </TextLine>
      <TextLine id="eSc_line_51c01a69" custom="structure {type:default;}">
        <Coords points="479,3380 479,3392 488,3400 490,3400 492,3400 494,3400 497,3400 545,3387 545,3378 539,3345 477,3350 479,3380"/>
        <Baseline points="479,3380 545,3378"/>
        <TextEquiv conf="0.999735563993454">
          <Unicode>„„</Unicode>
        </TextEquiv>
      </TextLine>
      <TextLine id="eSc_line_b4be1448" custom="structure {type:default;}">
        <Coords points="737,3427 737,3475 894,3458 1064,3458 1120,3473 1122,3473 1124,3473 1126,3473 1252,3471 1254,3471 1285,3458 1374,3471 1398,3473 1400,3473 1502,3471 1504,3471 1506,3471 1509,3469 1528,3458 1659,3469 1705,3471 1707,3473 1895,3473 1895,3471 1897,3471 1900,3471 1906,3467 1919,3456 1948,3464 1966,3471 1968,3471 1970,3473 2039,3473 2039,3471 2041,3471 2043,3471 2052,3464 2065,3456 2322,3456 2350,3462 2390,3471 2392,3471 2646,3458 2649,3422 2642,3394 735,3394 737,3427"/>
        <Baseline points="737,3427 2649,3422"/>
        <TextEquiv conf="0.9972205393016338">
          <Unicode>praepositoque H(einrico) obediant. Pflugk- Harttung Acta II. 363. — „Quod (Qui“)</Unicode>
        </TextEquiv>
      </TextLine>
      <TextLine id="eSc_line_1f6d9ebd" custom="structure {type:default;}">
        <Coords points="740,3478 737,3522 1084,3526 1089,3482 1087,3449 740,3445 740,3478"/>
        <Baseline points="740,3478 1089,3482"/>
        <TextEquiv conf="0.9999999602635702">
          <Unicode>unam domum“.</Unicode>
        </TextEquiv>
      </TextLine>
      <TextLine id="eSc_line_105ec345" custom="structure {type:default;}">
        <Coords points="159,3528 156,3581 254,3584 256,3584 258,3584 267,3581 293,3570 315,3579 326,3584 329,3584 477,3586 479,3586 547,3575 567,3573 576,3575 607,3586 609,3586 612,3586 737,3570 740,3533 737,3498 159,3486 159,3528"/>
        <Baseline points="159,3528 740,3533"/>
        <TextEquiv conf="0.9028703607618809">
          <Unicode>Regete Font. Roman. Ed. ces. II.</Unicode>
        </TextEquiv>
      </TextLine>
      <TextLine id="eSc_line_1580ed92" custom="structure {type:default;}">
        <Coords points="2315,3542 2317,3579 2368,3584 2368,3537 2361,3489 2311,3495 2315,3542"/>
        <Baseline points="2315,3542 2368,3537"/>
        <TextEquiv conf="0.9999951124191284">
          <Unicode>18</Unicode>
        </TextEquiv>
      </TextLine>
    </TextRegion>
    <TextRegion id="eSc_textblock_378db408"  custom="structure {type:default;}">
      <Coords points="1000,123 1824,123 1851,209 927,227 927,132 1000,123"/>
      <TextLine id="eSc_line_27b34c93" custom="structure {type:default;}">
        <Coords points="1829,152 1497,141 1495,141 1442,147 1414,152 1402,147 1374,136 1372,136 1369,136 1367,136 1330,147 1312,152 1303,147 1285,134 1283,134 1281,134 1279,134 936,141 936,192 936,214 1226,225 1228,225 1296,214 1301,214 1473,214 1670,214 1687,225 1690,225 1692,225 1694,227 1813,227 1813,225 1816,225 1818,225 1833,214 1833,192 1833,163 1829,152"/>
        <Baseline points="936,192 1833,192"/>
        <TextEquiv conf="0.9990267629424731">
          <Unicode>HADRIANUS IV. 1154—1159.</Unicode>
        </TextEquiv>
      </TextLine>
    </TextRegion>
    <TextRegion id="eSc_textblock_58df4a9f"  custom="structure {type:default;}">
      <Coords points="2554,132 2680,141 2697,200 2531,227 2514,167 2554,132"/>
      <TextLine id="eSc_line_66eb36c0" custom="structure {type:default;}">
        <Coords points="2540,194 2540,220 2633,223 2635,223 2638,223 2640,223 2655,212 2655,189 2649,143 2536,145 2540,194"/>
        <Baseline points="2540,194 2655,189"/>
        <TextEquiv conf="1.0">
          <Unicode>137</Unicode>
        </TextEquiv>
      </TextLine>
    </TextRegion>
  </Page>
</PcGts>
