<?xml version="1.0" encoding="UTF-8"  standalone="yes"?>
<PcGts xmlns="http://schema.primaresearch.org/PAGE/gts/pagecontent/2019-07-15" xmlns:xsi="http://www.w3.org/2001/XMLSchema-instance" xsi:schemaLocation="http://schema.primaresearch.org/PAGE/gts/pagecontent/2019-07-15 http://schema.primaresearch.org/PAGE/gts/pagecontent/2019-07-15/pagecontent.xsd">
  <Metadata externalRef="pdf//regestapontificu02cath.pdf">
	<Creator>escriptorium</Creator>
	<Created>2026-01-31T10:20:22.992595+00:00</Created>
        <LastChange>2026-02-01T13:19:18.230912+00:00</LastChange>
  </Metadata>
  <Page imageFilename="regestapontificu02cath.pdf_page_14.png" imageWidth="3007" imageHeight="3975">
    <TextRegion id="eSc_textblock_c8524336"  custom="structure {type:default;}">
      <Coords points="338,159 386,176 360,236 318,218 338,159"/>
      <TextLine id="eSc_line_99abfacf" custom="structure {type:default;}">
        <Coords points="360,183 335,183 340,212 344,231 371,223 368,207 366,203 360,183"/>
        <Baseline points="340,212 368,207"/>
        <TextEquiv conf="0.9973894953727722">
          <Unicode>„„</Unicode>
        </TextEquiv>
      </TextLine>
    </TextRegion>
    <TextRegion id="eSc_textblock_b468c51f"  custom="structure {type:default;}">
      <Coords points="950,291 2883,300 2874,3495 936,3513 828,3451 819,3478 609,3469 581,3389 545,3469 309,3460 309,344 335,300 855,326 950,291"/>
      <TextLine id="eSc_line_ab125245" custom="structure {type:default;}">
        <Coords points="905,304 883,313 861,322 863,348 863,373 965,382 967,382 1020,371 1025,371 1047,382 1049,382 1051,382 1164,368 1166,368 1170,368 1246,379 1248,379 1411,366 1458,377 1460,377 1462,377 1464,377 1467,377 1486,364 1486,342 1484,311 1464,300 1462,300 1460,300 1458,300 1334,311 1283,295 1281,295 1279,295 1277,295 1274,295 1274,298 1259,313 1073,298 1071,298 1069,298 1031,315 985,300 983,300 919,300 905,304"/>
        <Baseline points="863,348 1486,342"/>
        <TextEquiv conf="0.9828572560239721">
          <Unicode>1143. (Ind. 7, pont. a. 1.)</Unicode>
        </TextEquiv>
      </TextLine>
      <TextLine id="eSc_line_b5be06fb" custom="structure {type:default;}">
        <Coords points="338,415 338,435 497,435 514,443 554,463 556,463 558,463 623,461 625,461 627,461 640,450 651,443 817,459 819,410 817,371 802,355 802,353 799,353 797,353 711,353 709,353 707,353 623,375 607,379 435,379 430,377 406,357 404,357 402,357 364,355 362,355 360,355 357,355 335,371 338,415"/>
        <Baseline points="338,415 819,410"/>
        <TextEquiv conf="0.9942062683403492">
          <Unicode>Nov. 6. Laterani</Unicode>
        </TextEquiv>
      </TextLine>
      <TextLine id="eSc_line_b926e289" custom="structure {type:default;}">
        <Coords points="890,412 890,439 2834,439 2834,437 2836,437 2839,437 2856,426 2856,401 2852,366 2666,355 2664,355 888,373 890,412"/>
        <Baseline points="890,412 2856,401"/>
        <TextEquiv conf="0.9997516959563069">
          <Unicode>8436 (5979) Alviso, episcopo Atrebatensi, significat, se eius „de consanguinitate inter</Unicode>
        </TextEquiv>
      </TextLine>
      <TextLine id="eSc_line_d8289b9a" custom="structure {type:default;}">
        <Coords points="943,468 943,488 2852,485 2854,457 2850,421 1482,421 1480,421 1314,432 965,424 963,424 961,424 941,432 943,468"/>
        <Baseline points="943,468 2854,457"/>
        <TextEquiv conf="0.9994687785704931">
          <Unicode>Stephani Blesensis comitis filium et filiam Theodorici Flandrensis comitis“ litteras</Unicode>
        </TextEquiv>
      </TextLine>
      <TextLine id="eSc_line_a7738627" custom="structure {type:default;}">
        <Coords points="943,521 943,543 2850,543 2852,512 2847,485 2397,474 2394,474 2392,474 2364,485 2346,485 1897,477 1895,477 1893,477 1855,488 1853,488 1827,488 1493,479 1491,479 1425,490 1414,492 941,492 943,521"/>
        <Baseline points="943,521 2852,512"/>
        <TextEquiv conf="0.9975958853960037">
          <Unicode>accepisse; „verum quoniam“ inquit „episcopos Galliae in iustitia et observatione</Unicode>
        </TextEquiv>
      </TextLine>
      <TextLine id="eSc_line_1ef09ca1" custom="structure {type:default;}">
        <Coords points="945,574 945,596 2850,598 2854,569 2847,538 943,543 945,574"/>
        <Baseline points="945,574 2854,569"/>
        <TextEquiv conf="0.9874237713425659">
          <Unicode>mandatorum sedis apostolicae tepidos invenimus, et . . . . . comes in causa matrimonii</Unicode>
        </TextEquiv>
      </TextLine>
      <TextLine id="eSc_line_82f4280a" custom="structure {type:default;}">
        <Coords points="945,629 945,651 2852,649 2854,622 2847,585 943,596 945,629"/>
        <Baseline points="945,629 2854,622"/>
        <TextEquiv conf="0.9996044825105106">
          <Unicode>R. de Perona contra iustitiam ab ipsis tractatus est, causam ipsam iudicio sedis apo-</Unicode>
        </TextEquiv>
      </TextLine>
      <TextLine id="eSc_line_494b7c93" custom="structure {type:default;}">
        <Coords points="945,686 945,704 2852,700 2854,680 2850,640 1626,640 1623,640 1475,651 1449,651 1396,651 1003,642 1000,642 943,653 945,686"/>
        <Baseline points="945,686 2854,680"/>
        <TextEquiv conf="0.9966618762566493">
          <Unicode>stolicae duximus reservandam“. In proximam dominicam, qua cantatur: „Isti snnt</Unicode>
        </TextEquiv>
      </TextLine>
      <TextLine id="eSc_line_8bbfd4ce" custom="structure {type:default;}">
        <Coords points="945,739 945,757 985,770 987,770 989,770 1047,759 1056,757 1064,759 1104,770 1106,770 1109,770 1170,759 1186,757 1250,759 1458,770 1460,770 1462,770 1484,761 1495,757 1546,761 1641,770 1643,770 1701,761 1725,759 1734,761 1754,770 1756,770 1758,770 1827,764 1902,755 1964,764 1981,766 1984,766 2012,764 2121,755 2136,766 2140,768 2143,768 2145,768 2147,768 2185,766 2293,755 2501,766 2503,766 2505,766 2529,755 2607,768 2615,768 2618,768 2620,768 2622,768 2646,757 2673,768 2675,768 2677,770 2852,770 2854,735 2850,704 2132,693 2129,693 2074,704 2056,693 2054,693 2052,693 2050,693 2048,693 2019,706 1484,706 1469,695 1467,695 1464,695 1358,695 1356,695 1263,706 1197,695 1195,695 1193,695 1190,695 1175,706 1104,695 1102,695 1100,695 1073,706 969,695 967,695 965,695 963,695 943,706 945,739"/>
        <Baseline points="945,739 2854,735"/>
        <TextEquiv conf="0.9936050733962616">
          <Unicode>dies“ (12. Mart. 1144) utramque partem evocat. Baluzii Misc. II. 167, Bouquet</Unicode>
        </TextEquiv>
      </TextLine>
      <TextLine id="eSc_line_832e6af2" custom="structure {type:default;}">
        <Coords points="943,795 943,814 1360,825 1363,825 1557,812 1570,812 1573,812 1610,823 1612,823 1615,825 1782,825 1782,823 1842,810 1849,810 1886,810 2134,819 2136,819 2196,808 2204,808 2211,808 2244,819 2246,819 2249,821 2580,821 2580,819 2582,819 2626,806 2626,786 2622,757 2275,744 2273,744 2200,757 1889,746 1886,746 1884,746 1882,746 1864,757 1422,748 1420,748 1303,750 1301,750 1299,750 1285,761 1259,750 1257,750 1254,750 1164,761 1071,750 1069,750 1067,750 1034,761 958,750 956,750 954,750 952,750 941,757 943,795"/>
        <Baseline points="943,795 2626,786"/>
        <TextEquiv conf="0.9911991544623873">
          <Unicode>Rec. XV. 409, Mansi XXI. 595, Migne 179 p. 767. — „Litteras a tua“.</Unicode>
        </TextEquiv>
      </TextLine>
      <TextLine id="eSc_line_0935657e" custom="structure {type:default;}">
        <Coords points="377,856 377,867 413,876 415,876 417,876 419,876 419,874 430,865 433,861 483,861 490,861 534,874 536,874 539,874 541,874 543,874 556,861 556,852 550,825 375,825 377,856"/>
        <Baseline points="377,856 556,852"/>
        <TextEquiv conf="0.9951433539390564">
          <Unicode>„ 6.</Unicode>
        </TextEquiv>
      </TextLine>
      <TextLine id="eSc_line_ce08332b" custom="structure {type:default;}">
        <Coords points="687,856 689,892 775,881 775,852 768,799 682,810 687,856"/>
        <Baseline points="687,856 775,852"/>
        <TextEquiv conf="1.0">
          <Unicode>„</Unicode>
        </TextEquiv>
      </TextLine>
      <TextLine id="eSc_line_4b12986e" custom="structure {type:default;}">
        <Coords points="888,848 888,870 2852,867 2854,841 2847,806 885,812 888,848"/>
        <Baseline points="888,848 2854,841"/>
        <TextEquiv conf="0.9873794877385519">
          <Unicode>8437 (5980) A. praeposito et canonicis Rosatensibus praecipit, ne ducemas a sancti-</Unicode>
        </TextEquiv>
      </TextLine>
      <TextLine id="eSc_line_801dc922" custom="structure {type:default;}">
        <Coords points="945,903 945,923 1416,923 1427,923 1502,934 1504,934 1685,923 1738,920 1749,923 1776,931 1778,931 1780,931 1902,923 1944,920 2847,920 2852,896 2847,856 2288,856 2286,856 2255,861 2211,867 1959,863 1657,859 1654,859 1599,867 1575,870 1455,867 1049,861 1047,861 943,872 945,903"/>
        <Baseline points="945,903 2852,896"/>
        <TextEquiv conf="0.9910098699534812">
          <Unicode>monialibus S. Mariae Montanensibus exigant. Giulini Mem. d. Mil. V. 578, Migne 179</Unicode>
        </TextEquiv>
      </TextLine>
      <TextLine id="eSc_line_6a40271f" custom="structure {type:default;}">
        <Coords points="943,960 943,984 1199,973 1212,980 1232,989 1235,989 1237,989 1239,989 1270,978 1288,973 1307,978 1360,989 1363,989 1365,989 1407,976 1414,973 1414,976 1427,987 1429,987 1431,987 1433,989 1626,989 1626,987 1628,987 1672,969 1672,954 1665,925 941,925 943,960"/>
        <Baseline points="943,960 1672,954"/>
        <TextEquiv conf="0.9756150821844737">
          <Unicode>p. 768. — „A sede apostolica“.</Unicode>
        </TextEquiv>
      </TextLine>
      <TextLine id="eSc_line_3c6fdf67" custom="structure {type:default;}">
        <Coords points="373,1020 373,1073 413,1073 413,1071 415,1071 417,1071 417,1068 426,1062 441,1046 490,1051 532,1053 534,1053 536,1053 539,1053 550,1042 550,1015 543,965 446,982 371,973 373,1020"/>
        <Baseline points="373,1020 550,1015"/>
        <TextEquiv conf="0.9977626323699951">
          <Unicode>„ 15.</Unicode>
        </TextEquiv>
      </TextLine>
      <TextLine id="eSc_line_35bf8d71" custom="structure {type:default;}">
        <Coords points="689,1018 689,1033 793,1051 795,1018 793,978 689,989 689,1018"/>
        <Baseline points="689,1018 795,1018"/>
        <TextEquiv conf="0.9999998807907104">
          <Unicode>„</Unicode>
        </TextEquiv>
      </TextLine>
      <TextLine id="eSc_line_330b05d8" custom="structure {type:default;}">
        <Coords points="885,1015 885,1051 978,1048 980,1048 1018,1033 1467,1042 1469,1042 1732,1031 1756,1046 1758,1046 1760,1046 1763,1046 1787,1046 2050,1029 2118,1040 2121,1040 2191,1029 2288,1042 2293,1042 2295,1042 2854,1037 2856,1007 2850,971 883,978 885,1015"/>
        <Baseline points="885,1015 2856,1007"/>
        <TextEquiv conf="0.9928921503680093">
          <Unicode>8438 Consules Mediolanenses miratur „de discordia inter canonicos et monachos S. Am-</Unicode>
        </TextEquiv>
      </TextLine>
      <TextLine id="eSc_line_b4e28537" custom="structure {type:default;}">
        <Coords points="945,1066 945,1088 2854,1082 2856,1060 2852,1031 943,1026 945,1066"/>
        <Baseline points="945,1066 2856,1060"/>
        <TextEquiv conf="0.9999077264652696">
          <Unicode>brosii se intromisisse et ab utraque parte pignora suscepisse, privilegia quoque eius-</Unicode>
        </TextEquiv>
      </TextLine>
      <TextLine id="eSc_line_176f7d3e" custom="structure {type:default;}">
        <Coords points="943,1119 943,1139 1294,1152 1296,1152 1455,1141 1670,1152 1672,1154 1882,1154 1882,1152 1884,1152 1906,1141 2691,1152 2693,1152 2854,1139 2854,1119 2854,1090 943,1090 943,1119"/>
        <Baseline points="943,1119 2854,1119"/>
        <TextEquiv conf="0.9956638448378619">
          <Unicode>dem ecclesiae detinere“. Praecipit, „quia laicis nulla de ecclesiasticis facultatibus</Unicode>
        </TextEquiv>
      </TextLine>
      <TextLine id="eSc_line_19f27a1a" custom="structure {type:default;}">
        <Coords points="943,1177 943,1207 1765,1196 2116,1205 2207,1207 2209,1207 2227,1205 2299,1194 2372,1205 2379,1205 2381,1207 2578,1207 2578,1205 2580,1205 2582,1205 2598,1194 2631,1205 2635,1205 2638,1205 2640,1205 2847,1203 2850,1170 2845,1141 941,1141 943,1177"/>
        <Baseline points="943,1177 2850,1170"/>
        <TextEquiv conf="0.9967324620201474">
          <Unicode>aliquid disponendi legatur attributa facultas“, ut pignora et privilegia restituant;</Unicode>
        </TextEquiv>
      </TextLine>
      <TextLine id="eSc_line_75acc4b5" custom="structure {type:default;}">
        <Coords points="943,1234 943,1254 2847,1247 2850,1227 2845,1196 987,1190 985,1190 983,1190 941,1201 943,1234"/>
        <Baseline points="943,1234 2850,1227"/>
        <TextEquiv conf="0.9971458269999578">
          <Unicode>utque „munitionem, quam monachi super ecclesiam construxerint, dirui faciant“.</Unicode>
        </TextEquiv>
      </TextLine>
      <TextLine id="eSc_line_563452cf" custom="structure {type:default;}">
        <Coords points="936,1287 936,1309 2847,1307 2850,1280 2843,1245 934,1256 936,1287"/>
        <Baseline points="936,1287 2850,1280"/>
        <TextEquiv conf="0.9949908098542547">
          <Unicode>(Fragmenta.) Sormanus In causa praeeminentiae p. 68. — „Cum ecclesiastica negotia“.</Unicode>
        </TextEquiv>
      </TextLine>
      <TextLine id="eSc_line_dcfeac64" custom="structure {type:default;}">
        <Coords points="373,1349 373,1360 534,1369 536,1369 539,1369 541,1369 541,1366 552,1358 554,1353 678,1353 687,1353 740,1366 742,1366 744,1366 802,1351 802,1344 799,1309 775,1296 773,1296 771,1296 768,1296 766,1296 764,1296 764,1298 746,1311 744,1311 702,1309 631,1245 629,1245 627,1245 581,1245 578,1245 519,1247 517,1247 514,1247 514,1249 448,1313 448,1316 371,1316 373,1349"/>
        <Baseline points="373,1349 802,1344"/>
        <TextEquiv conf="0.9699433644612631">
          <Unicode>„ „„ —</Unicode>
        </TextEquiv>
      </TextLine>
      <TextLine id="eSc_line_c4cb47e6" custom="structure {type:default;}">
        <Coords points="879,1344 879,1366 2850,1369 2854,1336 2847,1298 877,1307 879,1344"/>
        <Baseline points="879,1344 2854,1336"/>
        <TextEquiv conf="0.9941701189971265">
          <Unicode>8439 Monasterium S. Laurentii, iuxta fluvium Anso situm, tuendum suscipit eiusque</Unicode>
        </TextEquiv>
      </TextLine>
      <TextLine id="eSc_line_ec2666b2" custom="structure {type:default;}">
        <Coords points="943,1395 943,1419 1131,1419 1135,1422 1153,1431 1155,1431 1157,1431 1159,1431 1179,1422 1184,1419 1204,1422 1292,1433 1294,1433 1296,1433 1338,1422 1352,1419 1411,1422 1557,1431 1559,1431 1562,1431 1577,1422 1588,1417 1643,1424 1696,1428 1699,1428 1756,1424 1824,1417 1853,1424 1880,1431 1882,1431 1884,1431 2028,1424 2238,1415 2850,1426 2854,1389 2847,1360 941,1362 943,1395"/>
        <Baseline points="943,1395 2854,1389"/>
        <TextEquiv conf="0.9926045137115672">
          <Unicode>bona et privilegia confirmat. Wiener Sitzungsber. XCIV. 658. — „Piae postulatio</Unicode>
        </TextEquiv>
      </TextLine>
      <TextLine id="eSc_line_c50bc37e" custom="structure {type:default;}">
        <Coords points="941,1450 941,1466 1157,1477 1159,1477 1162,1477 1208,1461 1208,1446 1204,1415 1071,1404 1069,1404 938,1417 941,1450"/>
        <Baseline points="941,1450 1208,1446"/>
        <TextEquiv conf="0.9999960859616598">
          <Unicode>voluntatis“.</Unicode>
        </TextEquiv>
      </TextLine>
      <TextLine id="eSc_line_0a1435c0" custom="structure {type:default;}">
        <Coords points="373,1510 373,1545 455,1545 483,1561 497,1570 499,1570 501,1570 581,1572 581,1503 574,1464 525,1464 521,1459 497,1439 497,1437 494,1437 492,1437 490,1437 371,1453 373,1510"/>
        <Baseline points="373,1510 581,1503"/>
        <TextEquiv conf="0.9968489855527878">
          <Unicode>„ „„</Unicode>
        </TextEquiv>
      </TextLine>
      <TextLine id="eSc_line_4d3376eb" custom="structure {type:default;}">
        <Coords points="618,1506 616,1528 667,1530 673,1537 709,1565 711,1565 713,1565 715,1565 806,1552 808,1510 806,1477 771,1477 771,1475 729,1439 726,1439 724,1439 691,1439 689,1439 687,1439 684,1439 684,1442 647,1475 645,1475 618,1475 618,1506"/>
        <Baseline points="618,1506 808,1510"/>
        <TextEquiv conf="1.0">
          <Unicode>„</Unicode>
        </TextEquiv>
      </TextLine>
      <TextLine id="eSc_line_0bc31f4e" custom="structure {type:default;}">
        <Coords points="874,1510 874,1545 1003,1525 1042,1539 1045,1539 1047,1539 1049,1539 1102,1525 1164,1537 1166,1537 1168,1537 1170,1537 1188,1525 1365,1534 1367,1534 1369,1534 1409,1523 1568,1541 1570,1541 1699,1523 1818,1534 1820,1534 1995,1521 2028,1539 2030,1539 2032,1539 2034,1539 2068,1528 2227,1539 2229,1539 2231,1539 2288,1521 2341,1534 2344,1534 2346,1534 2348,1534 2350,1534 2366,1523 2386,1537 2388,1537 2390,1537 2392,1537 2456,1525 2551,1537 2554,1537 2556,1537 2613,1519 2664,1534 2666,1534 2847,1537 2852,1501 2847,1468 2445,1457 2443,1457 2441,1457 2412,1468 2412,1470 2202,1470 2200,1470 2185,1459 2182,1459 2180,1459 2178,1459 2176,1459 2174,1459 2158,1470 2156,1472 1995,1472 1995,1470 1957,1457 1955,1457 1953,1457 1950,1457 1948,1457 1928,1470 1718,1459 1716,1459 1617,1472 1612,1472 1608,1472 1447,1459 1444,1459 1442,1459 1440,1459 1418,1472 1212,1461 1210,1461 1208,1461 1206,1461 1184,1475 1137,1461 1135,1461 903,1461 901,1461 899,1461 872,1472 874,1510"/>
        <Baseline points="874,1510 2852,1501"/>
        <TextEquiv conf="0.9965711626268569">
          <Unicode>8440 (5981) Ecclesiae S. lohannis Modoetiensis possessiones et privilegia confirmat,</Unicode>
        </TextEquiv>
      </TextLine>
      <TextLine id="eSc_line_2e0f2724" custom="structure {type:default;}">
        <Coords points="941,1563 941,1592 1606,1596 1608,1596 1650,1592 1736,1585 1798,1592 1829,1596 1831,1596 1833,1596 1836,1596 1840,1592 1851,1585 1908,1592 1924,1594 1926,1594 1944,1592 2034,1583 2174,1592 2202,1594 2204,1594 2222,1592 2313,1583 2361,1592 2370,1594 2372,1594 2536,1592 2538,1592 2540,1592 2556,1581 2847,1592 2852,1554 2847,1525 1418,1519 1416,1519 1414,1519 1391,1530 1005,1521 1003,1521 938,1532 941,1563"/>
        <Baseline points="941,1563 2852,1554"/>
        <TextEquiv conf="0.9950804641613593">
          <Unicode>petente Ubrando archipresbytero. Frisi Mem. de Monza II. 56, Migne 179 p. 768.</Unicode>
        </TextEquiv>
      </TextLine>
      <TextLine id="eSc_line_42769544" custom="structure {type:default;}">
        <Coords points="941,1612 941,1631 1011,1631 1025,1643 1025,1645 1027,1645 1029,1645 1031,1645 1378,1643 1380,1643 1429,1629 1429,1612 1429,1583 941,1583 941,1612"/>
        <Baseline points="941,1612 1429,1612"/>
        <TextEquiv conf="0.9840374231338501">
          <Unicode>— „Piae postulatio“.</Unicode>
        </TextEquiv>
      </TextLine>
      <TextLine id="eSc_line_48837e0f" custom="structure {type:default;}">
        <Coords points="368,1678 371,1713 413,1693 450,1702 490,1711 492,1711 494,1711 550,1687 550,1673 543,1598 366,1616 368,1678"/>
        <Baseline points="368,1678 550,1673"/>
        <TextEquiv conf="0.9757937073707581">
          <Unicode>„ 21.</Unicode>
        </TextEquiv>
      </TextLine>
      <TextLine id="eSc_line_2a9c571d" custom="structure {type:default;}">
        <Coords points="676,1676 676,1684 788,1684 788,1676 788,1649 676,1649 676,1676"/>
        <Baseline points="676,1676 788,1676"/>
        <TextEquiv conf="0.998977541923523">
          <Unicode>„</Unicode>
        </TextEquiv>
      </TextLine>
      <TextLine id="eSc_line_b0f1d91c" custom="structure {type:default;}">
        <Coords points="879,1671 879,1691 2191,1700 2193,1700 2852,1687 2854,1665 2847,1634 2366,1634 2326,1623 2324,1623 2322,1623 2319,1623 2288,1636 2216,1636 2138,1636 2136,1636 2121,1625 2118,1625 2116,1625 2114,1625 2112,1625 2109,1625 2094,1636 2092,1638 1992,1638 1970,1638 1950,1625 1948,1625 1946,1625 1944,1625 1886,1636 1858,1625 1855,1625 1690,1625 1687,1625 1685,1625 1650,1636 1429,1627 1427,1627 1363,1638 1338,1627 1336,1627 1042,1627 1040,1627 1038,1627 1016,1638 901,1627 899,1627 897,1627 894,1627 877,1636 879,1671"/>
        <Baseline points="879,1671 2854,1665"/>
        <TextEquiv conf="0.9901101701399859">
          <Unicode>8441 (5982) Ecclesiae Cellae superioris Wirzeburgensis protectionem suscipit, bonaque</Unicode>
        </TextEquiv>
      </TextLine>
      <TextLine id="eSc_line_9c51f7ae" custom="structure {type:default;}">
        <Coords points="938,1720 936,1753 1447,1757 1449,1757 1511,1753 1575,1746 1586,1751 1592,1757 1595,1757 1597,1757 1599,1760 1714,1760 1714,1757 1811,1751 1884,1746 1908,1751 1955,1760 1957,1760 1959,1760 1997,1751 2008,1749 2143,1751 2759,1760 2761,1760 2850,1746 2852,1724 2850,1691 938,1689 938,1720"/>
        <Baseline points="938,1720 2852,1724"/>
        <TextEquiv conf="0.9940946527889797">
          <Unicode>confirmat, petente Conrado praeposito. Hugo O. P. A. I. Pr. p. 385, Migne 179</Unicode>
        </TextEquiv>
      </TextLine>
      <TextLine id="eSc_line_00c77fe6" custom="structure {type:default;}">
        <Coords points="936,1782 936,1804 1195,1797 1199,1802 1208,1808 1208,1810 1210,1810 1212,1810 1215,1813 1380,1813 1380,1810 1551,1797 1588,1795 1592,1797 1621,1808 1623,1808 1626,1810 1796,1810 1796,1808 1798,1808 1844,1793 1844,1777 1838,1742 934,1749 936,1782"/>
        <Baseline points="936,1782 1844,1777"/>
        <TextEquiv conf="0.988125666593894">
          <Unicode>p. 770. — „Piae postulatio voluntatis“.</Unicode>
        </TextEquiv>
      </TextLine>
      <TextLine id="eSc_line_75847c12" custom="structure {type:default;}">
        <Coords points="373,1839 375,1868 421,1852 483,1863 508,1866 510,1866 563,1857 563,1835 556,1773 468,1786 466,1786 463,1786 457,1790 435,1808 371,1808 373,1839"/>
        <Baseline points="373,1839 563,1835"/>
        <TextEquiv conf="0.9999794244766236">
          <Unicode>„ 26.</Unicode>
        </TextEquiv>
      </TextLine>
      <TextLine id="eSc_line_daf0fa6c" custom="structure {type:default;}">
        <Coords points="669,1837 667,1910 731,1912 733,1912 735,1912 737,1912 762,1892 771,1885 797,1885 799,1839 797,1790 669,1760 669,1837"/>
        <Baseline points="669,1837 799,1839"/>
        <TextEquiv conf="1.0">
          <Unicode>„</Unicode>
        </TextEquiv>
      </TextLine>
      <TextLine id="eSc_line_97a708ff" custom="structure {type:default;}">
        <Coords points="874,1837 874,1857 2850,1861 2854,1832 2852,1799 2821,1786 2819,1786 2816,1786 2050,1797 1977,1786 1975,1786 1858,1799 1082,1788 1080,1788 1016,1799 998,1788 996,1788 994,1788 992,1788 989,1788 954,1799 919,1788 916,1788 914,1788 912,1788 872,1799 874,1837"/>
        <Baseline points="874,1837 2854,1832"/>
        <TextEquiv conf="0.9997846196679508">
          <Unicode>8442 (5983) Maioris ecclesiae Augustensis tutelam suscipit et possessiones confirmat,</Unicode>
        </TextEquiv>
      </TextLine>
      <TextLine id="eSc_line_35eb9dbc" custom="structure {type:default;}">
        <Coords points="941,1888 941,1919 1062,1927 1064,1927 1100,1921 1131,1914 1175,1921 1219,1927 1221,1927 1272,1921 1327,1914 1338,1921 1345,1927 1347,1927 1349,1927 1352,1927 1354,1927 1369,1921 1383,1916 1464,1923 1542,1927 1544,1927 1573,1923 1615,1914 1661,1923 1685,1927 1687,1927 1690,1927 1705,1923 1738,1914 1807,1923 1840,1927 1842,1927 1844,1927 1847,1927 1851,1923 1869,1914 1902,1925 1906,1925 1908,1925 1911,1925 1942,1925 2118,1914 2167,1925 2180,1927 2182,1927 2185,1927 2189,1925 2211,1914 2315,1925 2335,1927 2337,1927 2339,1927 2341,1927 2341,1925 2364,1914 2448,1914 2481,1927 2483,1927 2485,1927 2487,1927 2489,1927 2492,1927 2518,1914 2691,1914 2710,1927 2713,1927 2715,1927 2717,1930 2856,1930 2856,1888 2856,1859 941,1859 941,1888"/>
        <Baseline points="941,1888 2856,1888"/>
        <TextEquiv conf="0.9999430908097161">
          <Unicode>petente Sigefrido praeposito. Mon. Boic. XXXIII. I. 24, Migne 179 p. 771. — „Com-</Unicode>
        </TextEquiv>
      </TextLine>
      <TextLine id="eSc_line_0feca62f" custom="structure {type:default;}">
        <Coords points="936,1941 936,1963 1003,1976 1005,1976 1067,1965 1129,1976 1131,1976 1480,1963 1480,1941 1480,1914 936,1914 936,1941"/>
        <Baseline points="936,1941 1480,1941"/>
        <TextEquiv conf="0.9833597838878632">
          <Unicode>misse nobis apostolice“.</Unicode>
        </TextEquiv>
      </TextLine>
      <TextLine id="eSc_line_a3c3cb01" custom="structure {type:default;}">
        <Coords points="373,2002 373,2022 435,2022 441,2027 459,2042 461,2042 463,2042 466,2042 561,2031 563,1998 556,1921 510,1923 508,1923 505,1923 475,1943 424,1972 371,1972 373,2002"/>
        <Baseline points="373,2002 563,1998"/>
        <TextEquiv conf="0.9863639235496521">
          <Unicode>„ 26.</Unicode>
        </TextEquiv>
      </TextLine>
      <TextLine id="eSc_line_a4540378" custom="structure {type:default;}">
        <Coords points="669,2002 669,2106 731,2108 733,2108 735,2108 737,2108 777,2082 790,2073 815,2073 815,2002 815,1965 669,1945 669,2002"/>
        <Baseline points="669,2002 815,2002"/>
        <TextEquiv conf="0.9999996423721313">
          <Unicode>„</Unicode>
        </TextEquiv>
      </TextLine>
      <TextLine id="eSc_line_28228b81" custom="structure {type:default;}">
        <Coords points="872,2002 872,2025 2854,2018 2856,1996 2850,1952 1853,1961 1840,1958 1813,1949 1811,1949 1809,1949 1807,1949 1805,1949 1794,1958 1787,1963 1641,1963 1626,1958 1568,1949 1566,1949 1511,1961 1491,1965 1257,1965 1228,1963 1082,1952 1080,1952 1014,1963 1009,1963 1007,1963 908,1952 905,1952 903,1952 870,1961 872,2002"/>
        <Baseline points="872,2002 2856,1996"/>
        <TextEquiv conf="0.9986163270042603">
          <Unicode>8443 (5984) Monasterii S. Martini Ahusani protectionem suscipit, possessionesque ac</Unicode>
        </TextEquiv>
      </TextLine>
      <TextLine id="eSc_line_dd0fc0ad" custom="structure {type:default;}">
        <Coords points="941,2053 941,2075 2852,2078 2854,2053 2852,2020 941,2022 941,2053"/>
        <Baseline points="941,2053 2854,2053"/>
        <TextEquiv conf="0.9988735577639412">
          <Unicode>privilegia confirmat, petente Gualtero, episcopo Augustensi. Besold Doc. red. p. 202,</Unicode>
        </TextEquiv>
      </TextLine>
      <TextLine id="eSc_line_67702193" custom="structure {type:default;}">
        <Coords points="938,2108 938,2133 1573,2144 1575,2144 1648,2133 1670,2131 1707,2133 1818,2142 1820,2142 2847,2131 2850,2102 2843,2073 936,2078 938,2108"/>
        <Baseline points="938,2108 2850,2102"/>
        <TextEquiv conf="0.997308099269867">
          <Unicode>Petri Suev. eccl. p. 91, Steichele Beiträge I. 259, Wirtemb. Urkdb. II. 30, Migne 179</Unicode>
        </TextEquiv>
      </TextLine>
      <TextLine id="eSc_line_ca64e770" custom="structure {type:default;}">
        <Coords points="941,2164 941,2186 1615,2192 1617,2192 1619,2192 1621,2192 1641,2179 1683,2192 1685,2192 1687,2192 1690,2192 1741,2177 1741,2159 1736,2128 1016,2124 1014,2124 938,2135 941,2164"/>
        <Baseline points="941,2164 1741,2159"/>
        <TextEquiv conf="0.9926602803170681">
          <Unicode>p. 772. — „Desiderium, quod ad“.</Unicode>
        </TextEquiv>
      </TextLine>
      <TextLine id="eSc_line_cbc777f1" custom="structure {type:default;}">
        <Coords points="373,2221 375,2243 417,2232 466,2241 488,2243 490,2243 574,2234 574,2221 567,2184 558,2192 541,2184 521,2175 519,2175 472,2175 470,2175 468,2175 466,2175 466,2177 455,2186 448,2192 373,2190 373,2221"/>
        <Baseline points="373,2221 574,2221"/>
        <TextEquiv conf="0.9999833822250366">
          <Unicode>„ 26.</Unicode>
        </TextEquiv>
      </TextLine>
      <TextLine id="eSc_line_5c830141" custom="structure {type:default;}">
        <Coords points="594,2221 596,2254 623,2243 634,2252 656,2270 658,2270 660,2270 662,2272 753,2272 753,2270 755,2270 757,2270 757,2267 782,2243 784,2243 813,2243 813,2221 813,2190 656,2159 653,2159 651,2159 649,2159 649,2161 620,2190 594,2190 594,2221"/>
        <Baseline points="594,2221 813,2221"/>
        <TextEquiv conf="1.0">
          <Unicode>„</Unicode>
        </TextEquiv>
      </TextLine>
      <TextLine id="eSc_line_00939341" custom="structure {type:default;}">
        <Coords points="874,2221 874,2241 2852,2239 2854,2217 2850,2188 2783,2188 2763,2173 2761,2173 2759,2173 2757,2173 2677,2186 2461,2173 2459,2173 2456,2173 2454,2173 2430,2188 1950,2188 1926,2175 1924,2175 1922,2175 1829,2188 1718,2177 1716,2177 1714,2177 1690,2190 1526,2190 1509,2177 1506,2177 1504,2177 1502,2177 1500,2177 1475,2188 1440,2175 1438,2175 1281,2175 1279,2175 1277,2175 1248,2188 1217,2175 1215,2175 903,2175 901,2175 899,2175 872,2188 874,2221"/>
        <Baseline points="874,2221 2854,2217"/>
        <TextEquiv conf="0.9965270600099673">
          <Unicode>8444 Hospitalis S. Crucis Augustensis protectionem suscipit, petente Gualtero episcopo.</Unicode>
        </TextEquiv>
      </TextLine>
      <TextLine id="eSc_line_f61cbe1a" custom="structure {type:default;}">
        <Coords points="943,2274 943,2292 1157,2305 1159,2305 1365,2292 1376,2292 1380,2292 1460,2307 1462,2307 1464,2307 1467,2307 1486,2292 1511,2305 1513,2305 1515,2305 1632,2292 1690,2305 1692,2305 1694,2305 1787,2290 1798,2290 1813,2290 1992,2305 1995,2305 1997,2305 1999,2305 1999,2303 2017,2290 2085,2290 2103,2303 2103,2305 2105,2305 2107,2305 2109,2307 2306,2307 2306,2305 2308,2305 2337,2292 2434,2305 2436,2305 2439,2305 2483,2287 2483,2270 2476,2237 941,2241 943,2274"/>
        <Baseline points="943,2274 2483,2270"/>
        <TextEquiv conf="0.9933584256777688">
          <Unicode>Lang Regesta IV. 735, Neues Archiv VII. 90. — „Quotiens illud“.</Unicode>
        </TextEquiv>
      </TextLine>
      <TextLine id="eSc_line_b065475e" custom="structure {type:default;}">
        <Coords points="371,2329 373,2367 417,2343 437,2362 437,2365 439,2365 441,2365 479,2367 481,2369 552,2369 552,2367 554,2367 556,2367 556,2365 567,2356 581,2343 669,2343 682,2349 718,2367 720,2367 722,2367 724,2367 802,2340 802,2329 799,2303 558,2303 552,2298 539,2285 539,2283 536,2283 534,2283 441,2283 439,2283 437,2283 435,2283 435,2285 421,2296 415,2303 371,2296 371,2329"/>
        <Baseline points="371,2329 802,2329"/>
        <TextEquiv conf="0.9996234476566315">
          <Unicode>„ 291. „</Unicode>
        </TextEquiv>
      </TextLine>
      <TextLine id="eSc_line_218de4eb" custom="structure {type:default;}">
        <Coords points="872,2332 872,2354 2850,2360 2854,2327 2850,2294 905,2285 903,2285 901,2285 870,2294 872,2332"/>
        <Baseline points="872,2332 2854,2327"/>
        <TextEquiv conf="0.9976757154745214">
          <Unicode>8445 (5985) Monasterii Thenoliensis protectionem suscipit, et possessiones confirmat,</Unicode>
        </TextEquiv>
      </TextLine>
      <TextLine id="eSc_line_e426931c" custom="structure {type:default;}">
        <Coords points="943,2385 943,2415 1937,2415 1937,2413 1939,2413 1942,2413 1948,2407 1955,2402 1979,2407 2010,2413 2012,2415 2165,2415 2165,2413 2167,2413 2169,2413 2180,2407 2187,2402 2202,2407 2233,2413 2235,2413 2238,2415 2456,2415 2456,2413 2459,2413 2461,2413 2474,2404 2476,2402 2478,2404 2501,2413 2503,2413 2505,2415 2633,2415 2633,2413 2635,2413 2638,2413 2655,2402 2662,2402 2757,2413 2759,2413 2847,2400 2850,2380 2845,2349 987,2340 985,2340 983,2340 941,2351 943,2385"/>
        <Baseline points="943,2385 2850,2380"/>
        <TextEquiv conf="0.9993526774483759">
          <Unicode>petente Walfrido abbate. Hugo O. P. A. II. Pr. p. 582, Migne 179 p. 774. —</Unicode>
        </TextEquiv>
      </TextLine>
      <TextLine id="eSc_line_c6aeccae" custom="structure {type:default;}">
        <Coords points="943,2435 943,2455 1226,2464 1228,2464 1230,2464 1232,2464 1243,2455 1252,2462 1252,2464 1254,2464 1257,2464 1259,2466 1345,2466 1345,2464 1347,2464 1376,2453 1431,2464 1433,2464 1436,2464 1480,2451 1480,2431 1475,2404 976,2393 974,2393 972,2393 941,2404 943,2435"/>
        <Baseline points="943,2435 1480,2431"/>
        <TextEquiv conf="0.9999876808036458">
          <Unicode>„Desiderium, quod ad“.</Unicode>
        </TextEquiv>
      </TextLine>
      <TextLine id="eSc_line_0a276536" custom="structure {type:default;}">
        <Coords points="344,2488 342,2537 463,2546 466,2546 468,2546 470,2546 490,2532 519,2515 539,2530 554,2544 554,2546 556,2546 558,2546 561,2546 563,2546 565,2546 585,2528 605,2515 645,2515 660,2526 687,2548 689,2548 691,2548 693,2550 729,2550 729,2548 731,2548 733,2548 766,2521 777,2515 810,2519 815,2493 813,2464 627,2464 616,2453 592,2431 592,2429 589,2429 587,2429 512,2429 510,2429 508,2429 505,2429 505,2431 490,2444 472,2460 430,2455 410,2440 395,2429 393,2429 391,2429 388,2429 344,2435 344,2488"/>
        <Baseline points="344,2488 815,2493"/>
        <TextEquiv conf="0.9815845489501953">
          <Unicode>per. 1. „</Unicode>
        </TextEquiv>
      </TextLine>
      <TextLine id="eSc_line_3f53258d" custom="structure {type:default;}">
        <Coords points="874,2493 874,2517 1303,2517 1330,2519 1398,2528 1400,2528 1402,2528 1422,2519 1431,2517 1515,2519 1648,2526 1650,2526 1732,2521 1833,2515 1942,2521 2014,2526 2017,2526 2019,2526 2037,2521 2068,2515 2121,2521 2149,2526 2151,2526 2169,2521 2211,2513 2244,2524 2249,2524 2251,2524 2253,2524 2273,2524 2386,2513 2432,2524 2439,2524 2441,2526 2854,2526 2856,2486 2852,2455 2196,2444 2193,2444 2121,2455 1794,2446 1791,2446 1528,2457 903,2449 901,2449 899,2449 872,2457 874,2493"/>
        <Baseline points="874,2493 2856,2486"/>
        <TextEquiv conf="0.9958251365299883">
          <Unicode>8446 (5986) Sententiam inter canonicos S. Alexandri et S. Vincentii Bergomates ab Inno-</Unicode>
        </TextEquiv>
      </TextLine>
      <TextLine id="eSc_line_7447e497" custom="structure {type:default;}">
        <Coords points="943,2546 943,2568 1321,2568 1330,2568 1400,2579 1402,2579 1562,2568 1570,2568 1575,2568 1650,2579 1652,2579 1853,2568 1893,2579 1895,2579 1897,2579 2065,2566 2087,2566 2227,2566 2229,2566 2244,2577 2246,2577 2249,2577 2251,2577 2852,2563 2854,2541 2847,2513 941,2515 943,2546"/>
        <Baseline points="943,2546 2854,2541"/>
        <TextEquiv conf="0.9992080492737853">
          <Unicode>centio II. latam approbat. Ecclesiae S. Alexandri bona ac privilegia quaedam con-</Unicode>
        </TextEquiv>
      </TextLine>
      <TextLine id="eSc_line_790b8f30" custom="structure {type:default;}">
        <Coords points="938,2601 938,2621 1866,2632 1869,2632 1871,2632 1922,2619 1926,2619 1928,2619 1948,2630 1950,2630 1953,2632 2083,2632 2083,2630 2085,2630 2087,2630 2105,2619 2132,2630 2134,2630 2136,2630 2218,2619 2227,2619 2266,2619 2748,2630 2750,2630 2752,2630 2801,2616 2801,2597 2797,2568 961,2559 958,2559 956,2559 936,2568 938,2601"/>
        <Baseline points="938,2601 2801,2597"/>
        <TextEquiv conf="0.9889038388545697">
          <Unicode>firmat. Lupi C. D. Berg. II. 1043, Migne 179 p. 775. — „Iustitie et rationis“.</Unicode>
        </TextEquiv>
      </TextLine>
      <TextLine id="eSc_line_3a48f760" custom="structure {type:default;}">
        <Coords points="353,2698 410,2700 413,2700 415,2700 417,2700 437,2680 448,2674 481,2674 483,2656 479,2612 393,2612 351,2594 353,2661 353,2698"/>
        <Baseline points="353,2661 483,2656"/>
        <TextEquiv conf="0.9999949932098389">
          <Unicode>(„)</Unicode>
        </TextEquiv>
      </TextLine>
      <TextLine id="eSc_line_e6919df5" custom="structure {type:default;}">
        <Coords points="658,2658 658,2689 742,2703 744,2703 746,2703 830,2676 830,2654 824,2623 793,2623 790,2623 751,2592 748,2592 746,2592 744,2592 709,2597 707,2597 704,2597 704,2599 678,2623 673,2625 656,2623 658,2658"/>
        <Baseline points="658,2658 830,2654"/>
        <TextEquiv conf="0.9999999602635702">
          <Unicode>(„)</Unicode>
        </TextEquiv>
      </TextLine>
      <TextLine id="eSc_line_5463080c" custom="structure {type:default;}">
        <Coords points="866,2656 866,2680 1129,2680 1133,2680 1153,2691 1155,2691 1157,2691 1206,2683 1215,2680 1217,2683 1230,2691 1232,2691 1235,2691 1237,2691 1239,2691 1241,2691 1257,2683 1259,2680 1261,2683 1285,2691 1288,2691 1290,2691 1292,2691 1323,2683 1332,2680 1356,2683 1433,2691 1436,2691 1438,2691 1464,2683 1475,2680 1482,2683 1497,2691 1500,2691 1502,2691 1628,2685 1705,2680 1747,2685 1798,2691 1800,2694 2856,2694 2856,2656 2856,2625 866,2625 866,2656"/>
        <Baseline points="866,2656 2856,2656"/>
        <TextEquiv conf="0.9861381649971008">
          <Unicode>8447 (5987) G(regorium), episcopum Bergomatem, de praecedente approbatione certiorem</Unicode>
        </TextEquiv>
      </TextLine>
      <TextLine id="eSc_line_2dadefb4" custom="structure {type:default;}">
        <Coords points="941,2711 941,2740 1374,2733 1425,2738 1478,2744 1480,2744 1482,2744 1500,2738 1515,2733 1648,2738 1858,2744 1860,2744 1957,2736 1992,2733 2001,2736 2028,2744 2030,2744 2032,2744 2034,2744 2065,2736 2076,2733 2085,2736 2127,2744 2129,2744 2240,2733 2258,2733 2260,2733 2273,2744 2275,2744 2277,2744 2280,2747 2655,2747 2655,2744 2708,2731 2708,2711 2708,2680 941,2678 941,2711"/>
        <Baseline points="941,2711 2708,2711"/>
        <TextEquiv conf="0.9940903428438548">
          <Unicode>facit. Lupi C. D. Berg. II. 1047, Migne 179 p. 777. — „Fraternitati tuae“.</Unicode>
        </TextEquiv>
      </TextLine>
      <TextLine id="eSc_line_23056d60" custom="structure {type:default;}">
        <Coords points="375,2767 377,2797 417,2778 468,2778 490,2797 492,2800 492,2802 494,2802 497,2802 499,2804 552,2804 552,2802 554,2802 556,2802 556,2800 558,2800 578,2778 623,2778 645,2800 647,2800 647,2802 649,2802 651,2802 653,2804 693,2804 693,2802 695,2802 702,2800 779,2778 813,2802 819,2767 819,2733 771,2722 768,2722 766,2722 764,2722 762,2722 746,2736 742,2740 583,2740 578,2738 556,2722 554,2722 552,2722 497,2722 494,2722 492,2722 490,2722 490,2725 475,2738 475,2740 375,2740 375,2767"/>
        <Baseline points="375,2767 819,2767"/>
        <TextEquiv conf="0.9953668713569641">
          <Unicode>„ 3. „</Unicode>
        </TextEquiv>
      </TextLine>
      <TextLine id="eSc_line_97f9c288" custom="structure {type:default;}">
        <Coords points="872,2769 872,2791 1880,2800 1882,2800 1931,2795 2003,2789 2109,2795 2167,2800 2169,2800 2171,2800 2180,2795 2202,2786 2218,2797 2220,2797 2222,2797 2224,2800 2852,2800 2854,2762 2850,2727 901,2725 899,2725 897,2725 870,2733 872,2769"/>
        <Baseline points="872,2769 2854,2762"/>
        <TextEquiv conf="0.9954095822434093">
          <Unicode>8448 *Ecclesiae Faventinae possessiones, petente Roberto episcopo, confirmat. Scaletta</Unicode>
        </TextEquiv>
      </TextLine>
      <TextLine id="eSc_line_70569fef" custom="structure {type:default;}">
        <Coords points="943,2820 943,2842 1272,2839 1274,2815 1270,2784 941,2775 943,2820"/>
        <Baseline points="943,2820 1274,2815"/>
        <TextEquiv conf="0.9999989186014447">
          <Unicode>Notizie p. 39.</Unicode>
        </TextEquiv>
      </TextLine>
      <TextLine id="eSc_line_9ccf3e0d" custom="structure {type:default;}">
        <Coords points="373,2877 373,2910 457,2903 483,2919 505,2930 508,2930 510,2930 578,2921 581,2875 574,2820 428,2839 371,2817 373,2877"/>
        <Baseline points="373,2877 581,2875"/>
        <TextEquiv conf="0.9998127371072769">
          <Unicode>„ „„</Unicode>
        </TextEquiv>
      </TextLine>
      <TextLine id="eSc_line_8ecab5a9" custom="structure {type:default;}">
        <Coords points="603,2939 631,2963 634,2963 636,2963 638,2965 700,2965 700,2963 702,2963 704,2963 704,2961 746,2923 748,2919 815,2917 815,2875 813,2835 651,2846 605,2835 603,2875 603,2939"/>
        <Baseline points="603,2875 815,2875"/>
        <TextEquiv conf="0.9987576007843018">
          <Unicode>„</Unicode>
        </TextEquiv>
      </TextLine>
      <TextLine id="eSc_line_4ffb1c76" custom="structure {type:default;}">
        <Coords points="872,2877 872,2899 1195,2899 1224,2901 1314,2912 1316,2912 1372,2903 1394,2899 1497,2903 1672,2910 1674,2910 1732,2903 1798,2897 1809,2903 1813,2908 1816,2908 1818,2908 1820,2908 1822,2908 1833,2903 1849,2899 1904,2906 1957,2910 1959,2910 1986,2906 2026,2897 2134,2906 2191,2910 2193,2910 2196,2910 2204,2906 2220,2899 2339,2906 2370,2908 2372,2908 2375,2908 2379,2908 2414,2895 2514,2908 2525,2908 2527,2910 2854,2910 2856,2870 2852,2839 1579,2831 1577,2831 1475,2842 1462,2844 870,2844 872,2877"/>
        <Baseline points="872,2877 2856,2870"/>
        <TextEquiv conf="0.994012752483631">
          <Unicode>8449 (5988) Monasterium SS. Salvatoris et Quirici tuendum suscipit et eius possessiones</Unicode>
        </TextEquiv>
      </TextLine>
      <TextLine id="eSc_line_12bf8152" custom="structure {type:default;}">
        <Coords points="943,2928 941,2948 2850,2963 2854,2934 2852,2897 943,2895 943,2928"/>
        <Baseline points="943,2928 2854,2934"/>
        <TextEquiv conf="0.9983322426497218">
          <Unicode>ac privilegia confirmat, petente Alberto abbate. Ughelli It. sacr. III. 711, Cocqu.</Unicode>
        </TextEquiv>
      </TextLine>
      <TextLine id="eSc_line_3d60ee43" custom="structure {type:default;}">
        <Coords points="941,2983 941,3001 1111,3014 1113,3014 1115,3014 1137,3003 1204,3014 1206,3014 1283,3003 1314,3014 1316,3014 1319,3014 1389,3003 1411,3014 1414,3014 1416,3014 1418,3014 1464,3003 1546,3014 1548,3014 1551,3014 1586,3003 2052,3014 2054,3014 2121,3001 2121,2983 2121,2954 1120,2954 1071,2941 1069,2941 1067,2941 1007,2952 961,2941 958,2941 956,2941 954,2941 952,2941 941,2948 941,2983"/>
        <Baseline points="941,2983 2121,2983"/>
        <TextEquiv conf="0.9977963078022003">
          <Unicode>II. 262, Migne 179 p. 777. — „Officii nostri nos“.</Unicode>
        </TextEquiv>
      </TextLine>
      <TextLine id="eSc_line_2cf9b6cd" custom="structure {type:default;}">
        <Coords points="377,3038 380,3080 426,3069 466,3071 528,3076 530,3076 532,3076 567,3060 567,3034 565,2992 523,2972 521,2972 519,2972 517,2972 470,2990 448,2996 375,2987 377,3038"/>
        <Baseline points="377,3038 567,3034"/>
        <TextEquiv conf="0.9998898655176163">
          <Unicode>„ 6.</Unicode>
        </TextEquiv>
      </TextLine>
      <TextLine id="eSc_line_4d1b0e3f" custom="structure {type:default;}">
        <Coords points="623,3038 625,3069 645,3056 658,3067 676,3082 678,3082 680,3082 682,3085 742,3085 742,3082 744,3082 813,3054 815,3040 815,3007 764,3007 764,3005 751,2994 751,2992 748,2992 746,2992 744,2992 623,3003 623,3038"/>
        <Baseline points="623,3038 815,3040"/>
        <TextEquiv conf="0.9913767278194427">
          <Unicode>„„</Unicode>
        </TextEquiv>
      </TextLine>
      <TextLine id="eSc_line_fe944c09" custom="structure {type:default;}">
        <Coords points="874,3040 874,3062 2856,3062 2856,3040 2856,3009 874,3009 874,3040"/>
        <Baseline points="874,3040 2856,3040"/>
        <TextEquiv conf="0.9999786909888773">
          <Unicode>8450 (5989) Monasterii Praemonstratensis protectionem suscipit, bonaque ac privilegia</Unicode>
        </TextEquiv>
      </TextLine>
      <TextLine id="eSc_line_461597a2" custom="structure {type:default;}">
        <Coords points="941,3091 938,3111 1045,3127 1657,3129 1659,3129 1732,3118 1913,3129 1915,3129 2293,3120 2311,3131 2313,3131 2315,3131 2317,3131 2319,3131 2361,3120 2432,3131 2434,3131 2489,3120 2529,3131 2531,3131 2534,3131 2852,3118 2854,3098 2852,3067 941,3060 941,3091"/>
        <Baseline points="941,3091 2854,3098"/>
        <TextEquiv conf="0.9961549066877985">
          <Unicode>confirmat, petente Hugone abbate. Le Paige Bibl. Praem. p. 428, Hugo O. P. A.</Unicode>
        </TextEquiv>
      </TextLine>
      <TextLine id="eSc_line_7803ab44" custom="structure {type:default;}">
        <Coords points="941,3149 941,3168 1080,3168 1091,3177 1091,3180 1093,3180 1095,3180 1098,3180 1100,3180 1140,3168 1219,3180 1221,3180 1224,3180 1226,3180 1241,3168 1307,3180 1310,3180 1391,3168 1500,3168 1511,3177 1511,3180 1513,3180 1515,3180 1517,3180 1520,3180 1568,3168 1628,3180 1630,3182 1630,3180 1692,3168 1769,3168 1780,3177 1780,3180 1782,3180 1785,3180 1787,3180 1937,3168 2271,3180 2273,3180 2275,3180 2324,3166 2324,3149 2322,3120 941,3120 941,3149"/>
        <Baseline points="941,3149 2324,3149"/>
        <TextEquiv conf="0.9685076588186724">
          <Unicode>I. Pr. p. 14, Migne 179 p. 778. — „Iustis votis assensum“.</Unicode>
        </TextEquiv>
      </TextLine>
      <TextLine id="eSc_line_98a57037" custom="structure {type:default;}">
        <Coords points="373,3204 373,3266 406,3266 406,3263 408,3263 410,3263 461,3230 543,3259 547,3199 543,3146 497,3140 494,3140 492,3140 490,3140 470,3151 446,3166 371,3162 373,3204"/>
        <Baseline points="373,3204 547,3199"/>
        <TextEquiv conf="0.9064085632562637">
          <Unicode>„ (.</Unicode>
        </TextEquiv>
      </TextLine>
      <TextLine id="eSc_line_167d88c4" custom="structure {type:default;}">
        <Coords points="687,3208 687,3272 733,3281 735,3281 737,3281 740,3281 795,3246 795,3204 790,3146 707,3138 704,3138 702,3138 682,3146 687,3208"/>
        <Baseline points="687,3208 795,3204"/>
        <TextEquiv conf="0.9999842643737793">
          <Unicode>„</Unicode>
        </TextEquiv>
      </TextLine>
      <TextLine id="eSc_line_c78c45eb" custom="structure {type:default;}">
        <Coords points="879,3206 879,3228 1270,3228 1274,3228 1349,3241 1352,3241 1354,3241 1356,3241 1374,3228 1453,3239 1455,3239 1458,3239 1482,3226 1486,3226 1584,3226 1588,3226 1606,3239 1608,3239 1610,3239 1612,3239 1780,3228 1818,3239 1820,3239 1822,3239 1824,3239 1871,3228 1990,3237 1992,3237 1995,3237 1997,3237 2014,3226 2017,3224 2037,3226 2136,3235 2138,3237 2819,3237 2819,3235 2821,3235 2854,3221 2854,3197 2847,3168 2330,3171 2328,3171 2293,3160 2291,3160 2288,3160 2286,3160 2251,3171 2249,3173 2140,3173 1997,3173 1968,3157 1966,3157 1964,3157 1961,3157 1959,3157 1939,3171 1924,3160 1922,3160 1919,3160 1917,3160 1915,3160 1862,3173 1860,3175 1787,3175 1506,3175 1486,3160 1484,3160 1482,3160 1372,3160 1369,3160 1188,3173 1170,3162 1168,3162 1166,3162 905,3162 903,3162 901,3162 899,3162 877,3173 879,3206"/>
        <Baseline points="879,3206 2854,3197"/>
        <TextEquiv conf="0.9994278935825124">
          <Unicode>8451 (5990) Archiepiscopis et episcopis praecipit, ne annuos abbatum praepositorumque</Unicode>
        </TextEquiv>
      </TextLine>
      <TextLine id="eSc_line_c468f33c" custom="structure {type:default;}">
        <Coords points="943,3257 943,3281 1151,3294 1153,3294 1261,3283 1590,3294 1592,3297 1858,3297 1858,3294 1860,3294 1889,3283 1942,3294 1944,3294 2001,3283 2503,3294 2505,3294 2507,3294 2540,3283 2556,3294 2558,3294 2560,3294 2562,3297 2763,3297 2763,3294 2856,3281 2856,3257 2856,3230 943,3221 943,3257"/>
        <Baseline points="943,3257 2856,3257"/>
        <TextEquiv conf="0.999221269186441">
          <Unicode>Praemonstratensium conventus impediant. Le Paige Bibl. Praem. p. 422, Launoii</Unicode>
        </TextEquiv>
      </TextLine>
      <TextLine id="eSc_line_f86e97a6" custom="structure {type:default;}">
        <Coords points="941,3305 938,3327 987,3343 989,3343 992,3343 1058,3332 1610,3345 1612,3345 1782,3334 1866,3334 1880,3345 1882,3345 1884,3345 1886,3345 2474,3334 2476,3312 2474,3277 941,3274 941,3305"/>
        <Baseline points="941,3305 2476,3312"/>
        <TextEquiv conf="0.9892564538925414">
          <Unicode>Opp. III. I. 456, Migne 179 p. 781. — „Desiderium nostrum est“.</Unicode>
        </TextEquiv>
      </TextLine>
      <TextLine id="eSc_line_d5f03315" custom="structure {type:default;}">
        <Coords points="375,3369 375,3405 415,3405 417,3405 419,3405 419,3403 439,3385 547,3400 550,3363 543,3319 452,3336 373,3327 375,3369"/>
        <Baseline points="375,3369 550,3363"/>
        <TextEquiv conf="0.9704667925834656">
          <Unicode>„ 6.</Unicode>
        </TextEquiv>
      </TextLine>
      <TextLine id="eSc_line_faae5a4b" custom="structure {type:default;}">
        <Coords points="680,3369 680,3409 806,3409 806,3367 802,3319 704,3303 702,3303 700,3303 698,3303 678,3314 680,3369"/>
        <Baseline points="680,3369 806,3367"/>
        <TextEquiv conf="0.9340940117835999">
          <Unicode>„</Unicode>
        </TextEquiv>
      </TextLine>
      <TextLine id="eSc_line_24cba968" custom="structure {type:default;}">
        <Coords points="879,3365 877,3385 2847,3398 2852,3369 2850,3334 879,3330 879,3365"/>
        <Baseline points="879,3365 2852,3369"/>
        <TextEquiv conf="0.9985962637833187">
          <Unicode>8452 Monasterii SS. martyrum Crispini et Crispiniani Suessionensis tutelam suscipit,</Unicode>
        </TextEquiv>
      </TextLine>
      <TextLine id="eSc_line_401e697f" custom="structure {type:default;}">
        <Coords points="943,3418 943,3458 1003,3445 1208,3445 1226,3456 1228,3456 1230,3456 1232,3456 1433,3445 1509,3460 1513,3460 1515,3460 1522,3460 1630,3445 1659,3460 1661,3460 1663,3462 1787,3462 1787,3460 1789,3460 1864,3445 1935,3460 1944,3462 1946,3464 2037,3464 2037,3462 2039,3462 2041,3462 2061,3449 2076,3460 2079,3460 2081,3460 2105,3462 2218,3462 2220,3462 2222,3462 2224,3462 2253,3447 2284,3462 2286,3462 2288,3462 2291,3464 2388,3464 2388,3462 2390,3462 2392,3462 2430,3447 2492,3447 2525,3462 2527,3462 2529,3462 2534,3462 2653,3447 2843,3462 2847,3422 2845,3394 943,3378 943,3418"/>
        <Baseline points="943,3418 2847,3422"/>
        <TextEquiv conf="0.9928913675708535">
          <Unicode>possessionesque ac libertates confirmat, petente Ernaldo abbate. Autogr. in bibl.</Unicode>
        </TextEquiv>
      </TextLine>
      <TextLine id="eSc_line_4cac4844" custom="structure {type:default;}">
        <Coords points="943,3475 943,3517 1020,3517 1040,3533 1042,3533 1045,3533 1047,3533 1049,3533 1109,3517 1159,3517 1182,3533 1184,3533 1186,3533 1188,3533 1190,3533 1239,3517 1279,3533 1281,3533 1283,3533 1515,3515 1517,3515 1687,3528 1690,3528 1692,3528 1694,3528 1694,3526 1707,3513 1710,3513 1714,3513 1813,3528 1816,3528 1818,3528 1853,3517 2076,3517 2109,3531 2112,3531 2114,3533 2231,3533 2231,3531 2233,3531 2284,3511 2284,3471 2277,3442 941,3442 943,3475"/>
        <Baseline points="943,3475 2284,3471"/>
        <TextEquiv conf="0.9808224295747692">
          <Unicode>wat. Taris. Coll. CGrenier f. 294. — „Desiderium quod ad“.</Unicode>
        </TextEquiv>
      </TextLine>
    </TextRegion>
    <TextRegion id="eSc_textblock_331e9967"  custom="structure {type:default;}">
      <Coords points="1204,132 2070,132 2087,209 2061,236 1120,227 1120,141 1204,132"/>
      <TextLine id="eSc_line_d842e4c0" custom="structure {type:default;}">
        <Coords points="1778,132 1765,132 1745,141 1712,152 1621,143 1595,141 1592,141 1590,141 1581,143 1555,152 1544,145 1526,132 1524,132 1522,132 1513,132 1491,132 1469,132 1447,132 1425,132 1402,132 1380,132 1358,132 1336,132 1314,132 1292,132 1270,132 1248,132 1226,132 1215,132 1137,152 1137,198 1137,216 1219,234 1221,236 1535,236 1535,234 1537,234 1539,234 1539,231 1555,218 1608,234 1610,234 1612,234 1615,234 1659,218 1745,218 1760,231 1760,234 1763,234 1765,234 1767,234 1946,218 1966,234 1968,234 1970,234 1972,236 2032,236 2032,234 2034,234 2063,216 2063,198 2061,134 1847,152 1831,139 1829,136 1829,134 1827,134 1824,134 1800,132 1778,132"/>
        <Baseline points="1137,198 2063,198"/>
        <TextEquiv conf="0.9830630421638489">
          <Unicode>COEITSTIXUS II. 1143—1144</Unicode>
        </TextEquiv>
      </TextLine>
    </TextRegion>
  </Page>
</PcGts>
