<?xml version="1.0" encoding="UTF-8"  standalone="yes"?>
<PcGts xmlns="http://schema.primaresearch.org/PAGE/gts/pagecontent/2019-07-15" xmlns:xsi="http://www.w3.org/2001/XMLSchema-instance" xsi:schemaLocation="http://schema.primaresearch.org/PAGE/gts/pagecontent/2019-07-15 http://schema.primaresearch.org/PAGE/gts/pagecontent/2019-07-15/pagecontent.xsd">
  <Metadata externalRef="pdf//regestapontificu02cath.pdf">
	<Creator>escriptorium</Creator>
	<Created>2026-01-31T10:23:35.366027+00:00</Created>
        <LastChange>2026-02-04T21:30:03.319682+00:00</LastChange>
  </Metadata>
  <Page imageFilename="regestapontificu02cath.pdf_page_92.png" imageWidth="3007" imageHeight="3975">
    <TextRegion id="eSc_textblock_46394afb"  custom="structure {type:default;}">
      <Coords points="329,132 413,141 421,200 300,227 291,167 329,132"/>
      <TextLine id="eSc_line_dc33bf05" custom="structure {type:default;}">
        <Coords points="311,194 313,218 402,218 399,185 393,145 329,141 326,141 324,141 322,141 307,150 311,194"/>
        <Baseline points="311,194 399,185"/>
        <TextEquiv conf="1.0">
          <Unicode>80</Unicode>
        </TextEquiv>
      </TextLine>
    </TextRegion>
    <TextRegion id="eSc_textblock_43339513"  custom="structure {type:default;}">
      <Coords points="2262,273 2883,282 2874,3486 2467,3522 963,3522 866,3495 846,3407 704,3451 589,3407 501,3442 300,3407 273,2391 291,326 574,291 828,291 855,318 857,291 919,282 2262,273"/>
      <TextLine id="eSc_line_7103e81f" custom="structure {type:default;}">
        <Coords points="852,315 855,342 855,364 2406,357 2406,335 2401,306 2085,291 2083,291 1959,304 1957,304 1911,289 1908,289 1906,289 1904,289 1849,304 1842,306 1836,304 1798,291 1796,291 1794,291 1791,291 1747,304 1738,306 1723,304 1626,291 1623,291 1621,291 1619,291 1599,304 1595,306 1504,306 1504,304 1486,291 1486,289 1484,289 1482,289 1480,289 1391,304 1367,309 1354,304 1336,298 1334,298 1332,298 1270,304 1230,309 1221,304 1208,293 1206,293 1204,293 1201,293 1199,293 1164,304 1151,309 1146,304 1133,293 1133,291 1131,291 1129,291 1087,289 872,289 852,315"/>
        <Baseline points="855,342 2406,335"/>
        <TextEquiv conf="0.990078547171184">
          <Unicode>1152. (Ind. 15, pont. a. 7. — 18. Febr. — 8, 1151. —25. Mart. — 1152.)</Unicode>
        </TextEquiv>
      </TextLine>
      <TextLine id="eSc_line_12811a40" custom="structure {type:default;}">
        <Coords points="936,404 936,426 1093,439 1095,439 1259,428 1391,439 1394,439 1579,428 1771,439 1774,439 1829,428 1900,439 1902,439 2733,428 2823,439 2825,439 2828,439 2858,426 2858,404 2858,373 936,373 936,404"/>
        <Baseline points="936,404 2858,404"/>
        <TextEquiv conf="0.9996080514861316">
          <Unicode>eum spoliasse. Causa igitur Theobaldo archiepiscopo remissa, Elienses iterum sedis</Unicode>
        </TextEquiv>
      </TextLine>
      <TextLine id="eSc_line_c412bab5" custom="structure {type:default;}">
        <Coords points="936,459 936,490 2854,479 2856,454 2852,426 934,426 936,459"/>
        <Baseline points="936,459 2856,454"/>
        <TextEquiv conf="0.9999951982782">
          <Unicode>apostolicae auxilium postulasse. Quia vero partes imparatae ad sese rediissent, con-</Unicode>
        </TextEquiv>
      </TextLine>
      <TextLine id="eSc_line_b70dbc1f" custom="structure {type:default;}">
        <Coords points="938,510 936,527 2850,536 2854,516 2852,485 938,477 938,510"/>
        <Baseline points="938,510 2854,516"/>
        <TextEquiv conf="0.9901665743295248">
          <Unicode>troversiam ei terminandam commissam esse. Ex Mus. Brit. ms. Tit. A. 1. f. 41.</Unicode>
        </TextEquiv>
      </TextLine>
      <TextLine id="eSc_line_f687e918" custom="structure {type:default;}">
        <Coords points="936,567 936,583 1042,596 1045,596 1047,596 1082,585 1102,598 1104,598 1106,598 1109,598 1369,585 1447,585 1460,596 1460,598 1462,598 1464,598 1467,600 1610,600 1610,598 1612,598 1639,585 1670,598 1672,598 1674,598 1789,583 1789,567 1789,538 936,538 936,567"/>
        <Baseline points="936,567 1789,567"/>
        <TextEquiv conf="0.998331474535393">
          <Unicode>Dedit Liebermann. — „Causa quae“.</Unicode>
        </TextEquiv>
      </TextLine>
      <TextLine id="eSc_line_c3685335" custom="structure {type:default;}">
        <Coords points="324,629 324,658 417,671 419,671 541,653 541,624 534,507 426,534 424,534 421,534 415,541 382,569 322,569 324,629"/>
        <Baseline points="324,629 541,624"/>
        <TextEquiv conf="0.9879816889762878">
          <Unicode>(r. a</Unicode>
        </TextEquiv>
      </TextLine>
      <TextLine id="eSc_line_e7d0734e" custom="structure {type:default;}">
        <Coords points="612,627 612,664 673,680 676,680 808,658 808,620 804,574 669,558 667,558 665,558 609,576 612,627"/>
        <Baseline points="612,627 808,620"/>
        <TextEquiv conf="0.9957912053380694">
          <Unicode>Signiae</Unicode>
        </TextEquiv>
      </TextLine>
      <TextLine id="eSc_line_daec5b4c" custom="structure {type:default;}">
        <Coords points="883,618 881,642 2850,647 2854,622 2852,589 883,585 883,618"/>
        <Baseline points="883,618 2854,622"/>
        <TextEquiv conf="0.9969233389360359">
          <Unicode>9592 (6650) (Henrico), episcopo Eduensi, praecipit, ut vocatus ad G(odefridum) epi-</Unicode>
        </TextEquiv>
      </TextLine>
      <TextLine id="eSc_line_9e4434de" custom="structure {type:default;}">
        <Coords points="936,677 936,704 2856,702 2856,677 2856,640 936,640 936,677"/>
        <Baseline points="936,677 2856,677"/>
        <TextEquiv conf="0.9987803388790912">
          <Unicode>scopum Lingonensem accedat, de damnis monasterio Vizeliacensi illatis rationem red-</Unicode>
        </TextEquiv>
      </TextLine>
      <TextLine id="eSc_line_a5173f38" custom="structure {type:default;}">
        <Coords points="936,730 936,753 1330,768 1332,768 1334,768 1363,755 1405,768 1407,768 1409,768 1489,755 1679,755 1736,768 1738,768 1741,768 1871,755 2799,768 2801,768 2803,768 2854,753 2854,730 2852,693 936,695 936,730"/>
        <Baseline points="936,730 2854,730"/>
        <TextEquiv conf="0.9868874236941337">
          <Unicode>diturus. D&#x27;Achery Spic. II. 511. Bouquet Rec. XV. 475, Mansi XXI. 659, Migne 180</Unicode>
        </TextEquiv>
      </TextLine>
      <TextLine id="eSc_line_21ba67e3" custom="structure {type:default;}">
        <Coords points="936,790 936,817 1221,803 1228,810 1237,817 1237,819 1239,819 1241,819 1243,821 1402,821 1402,819 1405,819 1407,819 1407,817 1418,806 1420,803 1422,806 1433,814 1433,817 1436,817 1438,817 1440,817 1524,803 1537,801 1544,803 1592,817 1595,817 1597,817 1599,817 1652,799 1652,783 1646,755 934,755 936,790"/>
        <Baseline points="936,790 1652,783"/>
        <TextEquiv conf="0.9999931369509015">
          <Unicode>p. 1537. — „Opera, quae de“.</Unicode>
        </TextEquiv>
      </TextLine>
      <TextLine id="eSc_line_29d4d7dd" custom="structure {type:default;}">
        <Coords points="362,854 362,883 382,896 384,896 386,896 388,896 391,896 393,896 419,878 494,892 497,892 499,892 543,867 543,845 541,817 494,795 492,795 490,795 446,797 444,797 441,797 441,799 419,821 419,823 360,823 362,854"/>
        <Baseline points="362,854 543,845"/>
        <TextEquiv conf="0.999993085861206">
          <Unicode>„ 21.</Unicode>
        </TextEquiv>
      </TextLine>
      <TextLine id="eSc_line_c3e424f9" custom="structure {type:default;}">
        <Coords points="665,856 665,907 731,916 733,916 735,916 737,916 760,903 760,856 760,825 665,819 665,856"/>
        <Baseline points="665,856 760,856"/>
        <TextEquiv conf="1.0">
          <Unicode>„</Unicode>
        </TextEquiv>
      </TextLine>
      <TextLine id="eSc_line_ab3935d9" custom="structure {type:default;}">
        <Coords points="885,839 883,865 2850,867 2854,843 2852,803 885,801 885,839"/>
        <Baseline points="885,839 2854,843"/>
        <TextEquiv conf="0.9970216176339558">
          <Unicode>9593 (6651) Ecclesiae S. Iohannis Senonensis bona confirmat, petente Fulcone abbate.</Unicode>
        </TextEquiv>
      </TextLine>
      <TextLine id="eSc_line_e60dc70a" custom="structure {type:default;}">
        <Coords points="936,896 936,918 2847,918 2847,896 2847,867 936,856 936,896"/>
        <Baseline points="936,896 2847,896"/>
        <TextEquiv conf="0.9961326486104495">
          <Unicode>Gall. Chr. XII. Instr. p. 40, Quantin Cart. gén. I. 502, Migne 180 p. 1538. —</Unicode>
        </TextEquiv>
      </TextLine>
      <TextLine id="eSc_line_6d33f56a" custom="structure {type:default;}">
        <Coords points="936,954 936,976 1228,967 1248,969 1301,978 1303,978 1389,965 1391,949 1387,920 978,912 976,912 974,912 934,923 936,954"/>
        <Baseline points="936,954 1391,949"/>
        <TextEquiv conf="0.9950108684991535">
          <Unicode>„Quotiens a nobis“.</Unicode>
        </TextEquiv>
      </TextLine>
      <TextLine id="eSc_line_ee3305ac" custom="structure {type:default;}">
        <Coords points="364,1018 364,1055 541,1031 541,1011 534,947 362,978 364,1018"/>
        <Baseline points="364,1018 541,1011"/>
        <TextEquiv conf="0.9980203151702881">
          <Unicode>„ 22.</Unicode>
        </TextEquiv>
      </TextLine>
      <TextLine id="eSc_line_a2cbfe3d" custom="structure {type:default;}">
        <Coords points="667,1020 667,1042 762,1048 764,1020 764,936 740,925 737,925 735,925 667,934 667,1020"/>
        <Baseline points="667,1020 764,1020"/>
        <TextEquiv conf="0.999864935874939">
          <Unicode>„</Unicode>
        </TextEquiv>
      </TextLine>
      <TextLine id="eSc_line_a8af043d" custom="structure {type:default;}">
        <Coords points="885,1004 885,1033 2858,1033 2858,1004 2858,973 885,973 885,1004"/>
        <Baseline points="885,1004 2858,1004"/>
        <TextEquiv conf="0.9946000654618818">
          <Unicode>9594 (6652) Cunctos fideles hortatur, „ut viriliter se accingant ad bellum contra infideles</Unicode>
        </TextEquiv>
      </TextLine>
      <TextLine id="eSc_line_4fa8b33e" custom="structure {type:default;}">
        <Coords points="941,1062 941,1086 2854,1079 2856,1057 2852,1024 938,1024 941,1062"/>
        <Baseline points="941,1062 2856,1057"/>
        <TextEquiv conf="0.9964723528167347">
          <Unicode>inimicos crucis Christi, nec dubitent ire cum Raymundo Barcinonensi comite“. Man-</Unicode>
        </TextEquiv>
      </TextLine>
      <TextLine id="eSc_line_36a78a50" custom="structure {type:default;}">
        <Coords points="936,1117 936,1135 987,1148 989,1148 1071,1137 1486,1148 1489,1148 2498,1135 2498,1117 2498,1088 936,1084 936,1117"/>
        <Baseline points="936,1117 2498,1117"/>
        <TextEquiv conf="0.9923105528578162">
          <Unicode>rique Ann. Cist. II. 117, Migne 180 p. 1539. — „Quapropter vos“.</Unicode>
        </TextEquiv>
      </TextLine>
      <TextLine id="eSc_line_8a6aac48" custom="structure {type:default;}">
        <Coords points="324,1216 552,1201 552,1181 552,1082 512,1082 510,1082 508,1082 505,1082 501,1086 444,1132 353,1124 329,1104 324,1181 324,1216"/>
        <Baseline points="324,1181 552,1181"/>
        <TextEquiv conf="0.9501243034998575">
          <Unicode>aal „.</Unicode>
        </TextEquiv>
      </TextLine>
      <TextLine id="eSc_line_dd687401" custom="structure {type:default;}">
        <Coords points="647,1181 647,1219 684,1207 702,1221 702,1223 704,1223 707,1223 709,1225 766,1225 768,1185 768,1157 711,1154 691,1132 682,1126 682,1124 680,1124 678,1124 647,1121 647,1181"/>
        <Baseline points="647,1181 768,1185"/>
        <TextEquiv conf="0.9999974966049194">
          <Unicode>„</Unicode>
        </TextEquiv>
      </TextLine>
      <TextLine id="eSc_line_69a50aa6" custom="structure {type:default;}">
        <Coords points="883,1172 883,1196 2852,1203 2856,1168 2852,1139 1869,1128 1866,1128 1864,1128 1831,1139 897,1130 894,1130 892,1130 890,1130 881,1135 883,1172"/>
        <Baseline points="883,1172 2856,1168"/>
        <TextEquiv conf="0.9981063562280992">
          <Unicode>9595 R(ichardo) episcopo Abrincensi praecipit, ut R(ichardum) electum S. Michaelis de</Unicode>
        </TextEquiv>
      </TextLine>
      <TextLine id="eSc_line_1e99e68b" custom="structure {type:default;}">
        <Coords points="936,1223 934,1241 983,1254 985,1254 987,1254 1451,1245 1537,1245 1544,1247 1575,1256 1577,1256 1579,1258 2854,1258 2856,1230 2854,1192 936,1188 936,1223"/>
        <Baseline points="936,1223 2856,1230"/>
        <TextEquiv conf="0.9978610545396804">
          <Unicode>Periculo maris abbatem, timore H(enrici) ducis Normanniae postposito, benedicat,</Unicode>
        </TextEquiv>
      </TextLine>
      <TextLine id="eSc_line_2b4f8843" custom="structure {type:default;}">
        <Coords points="936,1276 934,1300 2852,1305 2856,1280 2854,1252 936,1241 936,1276"/>
        <Baseline points="936,1276 2856,1280"/>
        <TextEquiv conf="0.9999831923066753">
          <Unicode>intrusum vero, nisi infra 8 dies post commonitionem eius locum dimiserit,</Unicode>
        </TextEquiv>
      </TextLine>
      <TextLine id="eSc_line_e2e78e1e" custom="structure {type:default;}">
        <Coords points="936,1333 936,1353 1071,1369 1073,1369 1270,1355 1345,1369 1347,1371 1544,1371 1544,1369 1546,1369 1595,1355 1634,1369 1637,1369 1639,1371 1869,1371 1869,1369 1871,1369 1873,1369 1895,1355 2125,1355 2145,1369 2147,1369 2149,1369 2151,1369 2253,1355 2463,1369 2465,1369 2545,1355 2591,1369 2593,1369 2596,1369 2598,1369 2640,1355 2684,1369 2686,1369 2688,1369 2856,1353 2856,1333 2856,1307 936,1307 936,1333"/>
        <Baseline points="936,1333 2856,1333"/>
        <TextEquiv conf="0.9977637159992272">
          <Unicode>excommunicet. Loewenfeld Epistolae p. 109. — „Ex venientium ad“ „Et ve-</Unicode>
        </TextEquiv>
      </TextLine>
      <TextLine id="eSc_line_6721c7be" custom="structure {type:default;}">
        <Coords points="936,1391 936,1408 1067,1424 1069,1424 1122,1422 1124,1422 1126,1422 1144,1406 1173,1422 1175,1422 1177,1422 1257,1404 1259,1386 1252,1358 934,1360 936,1391"/>
        <Baseline points="936,1391 1259,1386"/>
        <TextEquiv conf="0.9999926823836106">
          <Unicode>nientium ad“.</Unicode>
        </TextEquiv>
      </TextLine>
      <TextLine id="eSc_line_643104f3" custom="structure {type:default;}">
        <Coords points="357,1461 357,1497 388,1503 391,1503 393,1503 408,1497 448,1479 536,1492 536,1453 528,1393 444,1422 355,1424 357,1461"/>
        <Baseline points="357,1461 536,1453"/>
        <TextEquiv conf="0.997632622718811">
          <Unicode>„ 2.</Unicode>
        </TextEquiv>
      </TextLine>
      <TextLine id="eSc_line_41d5b0aa" custom="structure {type:default;}">
        <Coords points="673,1470 755,1477 757,1455 746,1400 702,1428 671,1417 673,1459 673,1470"/>
        <Baseline points="673,1459 757,1455"/>
        <TextEquiv conf="0.8854135274887085">
          <Unicode>„</Unicode>
        </TextEquiv>
      </TextLine>
      <TextLine id="eSc_line_fcc9895f" custom="structure {type:default;}">
        <Coords points="883,1446 883,1468 2852,1470 2856,1439 2850,1406 881,1411 883,1446"/>
        <Baseline points="883,1446 2856,1439"/>
        <TextEquiv conf="0.995912931431299">
          <Unicode>9596 (6653) Silvestro, electo monasterii S. Augustini Cantuariensis abbati, nunciat, se</Unicode>
        </TextEquiv>
      </TextLine>
      <TextLine id="eSc_line_28135ec2" custom="structure {type:default;}">
        <Coords points="936,1499 936,1523 2856,1523 2856,1499 2856,1470 936,1470 936,1499"/>
        <Baseline points="936,1499 2856,1499"/>
        <TextEquiv conf="0.9944546230045366">
          <Unicode>archiepiscopum, ut eum dedicaret, iterum monuisse. Interdicit ei, ne „obedientiae</Unicode>
        </TextEquiv>
      </TextLine>
      <TextLine id="eSc_line_87cd6254" custom="structure {type:default;}">
        <Coords points="938,1554 938,1587 2138,1581 2169,1583 2264,1592 2266,1592 2386,1581 2410,1581 2448,1581 2695,1592 2697,1592 2699,1592 2735,1581 2770,1592 2772,1592 2775,1592 2858,1578 2858,1554 2858,1525 938,1525 938,1554"/>
        <Baseline points="938,1554 2858,1554"/>
        <TextEquiv conf="0.9947020823572889">
          <Unicode>professionem“ archiepiscopo exhibeat. Monet, si dedicationem archiepiscopus recu-</Unicode>
        </TextEquiv>
      </TextLine>
      <TextLine id="eSc_line_a5be5d21" custom="structure {type:default;}">
        <Coords points="938,1609 938,1634 2854,1629 2856,1605 2850,1572 936,1576 938,1609"/>
        <Baseline points="938,1609 2856,1605"/>
        <TextEquiv conf="0.9939015794403946">
          <Unicode>saverit, ut aequam servet animam, „quoniam“ inquit „postquam monasterii admini-</Unicode>
        </TextEquiv>
      </TextLine>
      <TextLine id="eSc_line_15edc3aa" custom="structure {type:default;}">
        <Coords points="936,1665 936,1689 2854,1682 2856,1658 2852,1631 1577,1623 1575,1623 1475,1634 967,1625 965,1625 963,1625 934,1634 936,1665"/>
        <Baseline points="936,1665 2856,1658"/>
        <TextEquiv conf="0.9997033998370171">
          <Unicode>strationem per nostrae confirmationis auctoritatem canonice obtinuisti, pro subtractione</Unicode>
        </TextEquiv>
      </TextLine>
      <TextLine id="eSc_line_c77cd049" custom="structure {type:default;}">
        <Coords points="936,1718 936,1742 2852,1737 2854,1713 2847,1687 934,1687 936,1718"/>
        <Baseline points="936,1718 2854,1713"/>
        <TextEquiv conf="0.9999726531149327">
          <Unicode>benedictionis illius non minorem potestatem super animas commissi tibi gregis habebis“.</Unicode>
        </TextEquiv>
      </TextLine>
      <TextLine id="eSc_line_d9afb00c" custom="structure {type:default;}">
        <Coords points="936,1775 936,1797 2852,1802 2854,1775 2854,1744 936,1742 936,1775"/>
        <Baseline points="936,1775 2854,1775"/>
        <TextEquiv conf="0.9929818819804364">
          <Unicode>Hist. mon. S. Aug. Cant. p. 404, (Chronica W. Thorn ap. Twysden H. A. SS. II. 1813,</Unicode>
        </TextEquiv>
      </TextLine>
      <TextLine id="eSc_line_6383e236" custom="structure {type:default;}">
        <Coords points="936,1830 936,1848 1400,1859 1402,1859 1405,1859 1427,1848 1429,1848 1650,1857 1652,1857 1780,1846 1787,1846 1789,1846 1822,1857 1824,1857 1827,1857 1829,1857 1855,1846 1862,1846 2032,1857 2034,1857 2037,1857 2081,1843 2081,1826 2074,1795 934,1795 936,1830"/>
        <Baseline points="936,1830 2081,1826"/>
        <TextEquiv conf="0.9936809202899104">
          <Unicode>Migne 180 p. 1539). — „Laboribus et expensis“.</Unicode>
        </TextEquiv>
      </TextLine>
      <TextLine id="eSc_line_4b5cd7bf" custom="structure {type:default;}">
        <Coords points="355,1901 355,1930 452,1914 550,1930 552,1896 543,1804 530,1808 525,1804 501,1782 501,1779 499,1779 497,1779 494,1779 492,1779 452,1790 428,1782 426,1782 424,1782 421,1782 419,1782 419,1784 382,1817 380,1821 353,1821 355,1901"/>
        <Baseline points="355,1901 552,1896"/>
        <TextEquiv conf="0.999957799911499">
          <Unicode>„„</Unicode>
        </TextEquiv>
      </TextLine>
      <TextLine id="eSc_line_d2a52463" custom="structure {type:default;}">
        <Coords points="656,1899 656,1956 709,1965 711,1965 713,1965 755,1949 755,1899 755,1855 698,1837 695,1837 693,1837 691,1837 656,1855 656,1899"/>
        <Baseline points="656,1899 755,1899"/>
        <TextEquiv conf="1.0">
          <Unicode>„</Unicode>
        </TextEquiv>
      </TextLine>
      <TextLine id="eSc_line_e7ac829e" custom="structure {type:default;}">
        <Coords points="881,1885 881,1910 2854,1910 2856,1879 2852,1848 879,1846 881,1885"/>
        <Baseline points="881,1885 2856,1879"/>
        <TextEquiv conf="0.9982737655992862">
          <Unicode>9597 (6654) Theobaldo, archiepiscopo Cantuariensi, iterum mandat, ut (Silvestrum)</Unicode>
        </TextEquiv>
      </TextLine>
      <TextLine id="eSc_line_e49b64b0" custom="structure {type:default;}">
        <Coords points="934,1941 934,1961 1011,1974 1014,1974 1106,1963 1115,1963 1124,1963 1237,1974 1239,1974 1385,1965 1427,1963 1438,1965 1467,1974 1469,1974 1471,1976 1630,1976 1630,1974 1632,1974 1650,1967 1661,1963 1705,1967 1771,1974 1774,1974 1824,1967 1866,1963 1900,1967 1931,1974 1933,1974 1966,1969 2003,1963 2083,1969 2138,1974 2140,1974 2196,1969 2302,1963 2850,1974 2852,1941 2852,1910 934,1908 934,1941"/>
        <Baseline points="934,1941 2852,1941"/>
        <TextEquiv conf="0.999906258818544">
          <Unicode>electum monasterii S. Augustini abbatem dedicet. Hist. mon. S. Aug. Cant. p. 400,</Unicode>
        </TextEquiv>
      </TextLine>
      <TextLine id="eSc_line_c4737ed6" custom="structure {type:default;}">
        <Coords points="934,1996 934,2020 2211,2027 2213,2027 2297,2016 2313,2016 2852,2016 2854,1989 2847,1958 932,1963 934,1996"/>
        <Baseline points="934,1996 2854,1989"/>
        <TextEquiv conf="0.9884434235401642">
          <Unicode>(Chronica W. Thorn ap. Twysden H. A. SS. II. 1812, Migne 180 p. 1540). — „Quo-</Unicode>
        </TextEquiv>
      </TextLine>
      <TextLine id="eSc_line_da5f1ae1" custom="structure {type:default;}">
        <Coords points="934,2049 934,2067 1038,2078 1040,2078 1042,2078 1073,2067 1102,2078 1104,2078 1106,2078 1283,2062 1285,2044 1281,2014 976,2005 974,2005 972,2005 932,2016 934,2049"/>
        <Baseline points="934,2049 1285,2044"/>
        <TextEquiv conf="0.999473546232496">
          <Unicode>niam electum“.</Unicode>
        </TextEquiv>
      </TextLine>
      <TextLine id="eSc_line_d64a85c8" custom="structure {type:default;}">
        <Coords points="355,2117 355,2137 380,2150 382,2150 384,2150 386,2150 388,2150 388,2148 404,2133 410,2128 450,2128 455,2131 466,2142 466,2144 468,2144 470,2144 472,2144 519,2135 539,2150 539,2153 541,2153 543,2153 545,2153 547,2153 623,2126 645,2146 645,2148 647,2148 649,2148 726,2150 729,2150 731,2150 733,2150 768,2124 768,2113 764,2080 660,2062 658,2062 656,2062 653,2062 653,2064 638,2080 605,2080 561,2062 558,2062 556,2062 353,2082 355,2117"/>
        <Baseline points="355,2117 768,2113"/>
        <TextEquiv conf="0.9999651312828064">
          <Unicode>„ 15. „</Unicode>
        </TextEquiv>
      </TextLine>
      <TextLine id="eSc_line_3785ab9a" custom="structure {type:default;}">
        <Coords points="879,2111 879,2142 965,2128 1122,2128 1148,2139 1151,2139 1153,2139 1155,2139 1157,2139 1175,2126 1493,2126 1524,2135 1531,2137 1533,2137 1535,2137 1575,2135 1714,2124 2014,2131 2180,2133 2182,2133 2211,2128 2258,2120 2324,2126 2368,2131 2370,2133 2514,2133 2514,2131 2516,2131 2518,2131 2525,2124 2534,2117 2547,2124 2556,2128 2558,2128 2560,2128 2854,2120 2856,2097 2850,2064 877,2069 879,2111"/>
        <Baseline points="879,2111 2856,2097"/>
        <TextEquiv conf="0.9984304975060856">
          <Unicode>9598 (6655) Conventui S. Augustini Cantuariensi praecipit, ut Silvestro electo abbati</Unicode>
        </TextEquiv>
      </TextLine>
      <TextLine id="eSc_line_0b66e4ed" custom="structure {type:default;}">
        <Coords points="934,2159 934,2181 2852,2177 2854,2155 2847,2124 932,2128 934,2159"/>
        <Baseline points="934,2159 2854,2155"/>
        <TextEquiv conf="0.9976133398711682">
          <Unicode>obediant, etiamsi archiepiscopus dedicare eum noluerit. Hist. mon. S. Aug. Cant.</Unicode>
        </TextEquiv>
      </TextLine>
      <TextLine id="eSc_line_be7b79f0" custom="structure {type:default;}">
        <Coords points="934,2217 934,2245 2854,2232 2856,2210 2852,2179 1027,2173 1025,2173 932,2184 934,2217"/>
        <Baseline points="934,2217 2856,2210"/>
        <TextEquiv conf="0.9816749133641207">
          <Unicode>p. 401, (Chronica W. Thorn ap. Twysden HI. A. SS. II. 1813, Migne 180 p. 1540).</Unicode>
        </TextEquiv>
      </TextLine>
      <TextLine id="eSc_line_899ddbe5" custom="structure {type:default;}">
        <Coords points="934,2267 934,2285 1486,2287 1489,2267 1486,2234 934,2239 934,2267"/>
        <Baseline points="934,2267 1489,2267"/>
        <TextEquiv conf="0.9986191202293743">
          <Unicode>— „Quod causa electi“.</Unicode>
        </TextEquiv>
      </TextLine>
      <TextLine id="eSc_line_4942bfc6" custom="structure {type:default;}">
        <Coords points="357,2334 357,2351 430,2349 483,2360 539,2371 541,2371 543,2371 545,2371 554,2365 574,2349 620,2349 642,2369 656,2382 656,2385 658,2385 660,2385 662,2385 764,2376 764,2334 764,2296 733,2274 731,2274 729,2274 695,2274 693,2274 691,2274 689,2274 658,2301 572,2301 543,2274 541,2274 539,2274 426,2274 424,2274 421,2274 419,2274 419,2276 395,2301 357,2301 357,2334"/>
        <Baseline points="357,2334 764,2334"/>
        <TextEquiv conf="0.9607971972889371">
          <Unicode>„ 28. — „</Unicode>
        </TextEquiv>
      </TextLine>
      <TextLine id="eSc_line_0b8da355" custom="structure {type:default;}">
        <Coords points="879,2325 879,2351 2801,2354 2803,2354 2856,2340 2856,2316 2850,2283 877,2292 879,2325"/>
        <Baseline points="879,2325 2856,2316"/>
        <TextEquiv conf="0.9994532087269952">
          <Unicode>9599 (6656) Moysi, archiepiscopo Ravennati, lohannem, episcopum Placentinum, adversis</Unicode>
        </TextEquiv>
      </TextLine>
      <TextLine id="eSc_line_468955f3" custom="structure {type:default;}">
        <Coords points="936,2378 936,2400 2847,2396 2850,2373 2843,2345 934,2347 936,2378"/>
        <Baseline points="936,2378 2850,2373"/>
        <TextEquiv conf="0.9994168561181904">
          <Unicode>rebus afflictum, commendat, „ne eum ad tuam obedientiam se humiliasse poeniteat“.</Unicode>
        </TextEquiv>
      </TextLine>
      <TextLine id="eSc_line_d1216d1d" custom="structure {type:default;}">
        <Coords points="934,2435 934,2462 2304,2451 2419,2460 2432,2460 2434,2460 2448,2460 2585,2449 2847,2457 2852,2424 2845,2389 932,2396 934,2435"/>
        <Baseline points="934,2435 2852,2424"/>
        <TextEquiv conf="0.99695149799446">
          <Unicode>Ughelli It. sacr. II. 216, Rubei Hist. Rav. p. 334, Mansi XXI. 666, Migne 180</Unicode>
        </TextEquiv>
      </TextLine>
      <TextLine id="eSc_line_b411daef" custom="structure {type:default;}">
        <Coords points="932,2491 932,2515 1219,2506 1243,2508 1294,2517 1296,2517 1358,2506 1380,2504 1387,2506 1409,2515 1411,2515 1414,2515 1619,2513 1672,2499 1674,2482 1670,2455 1356,2446 1354,2446 930,2462 932,2491"/>
        <Baseline points="932,2491 1674,2482"/>
        <TextEquiv conf="0.9993545750776927">
          <Unicode>p. 1541. — „Quod venerabilis“.</Unicode>
        </TextEquiv>
      </TextLine>
      <TextLine id="eSc_line_8833374b" custom="structure {type:default;}">
        <Coords points="322,2552 322,2572 364,2588 366,2588 368,2590 421,2590 421,2588 424,2588 426,2588 426,2585 439,2572 450,2563 492,2572 514,2577 517,2577 519,2577 521,2577 525,2572 545,2563 625,2563 640,2572 658,2588 660,2588 662,2588 665,2590 740,2590 740,2588 742,2588 744,2588 744,2585 753,2577 753,2552 753,2473 645,2471 642,2471 640,2471 638,2471 638,2473 625,2486 594,2517 514,2517 486,2502 483,2502 481,2502 479,2502 441,2515 428,2506 386,2477 384,2477 382,2477 380,2477 377,2477 375,2477 322,2513 322,2552"/>
        <Baseline points="322,2552 753,2552"/>
        <TextEquiv conf="0.9999355872472128">
          <Unicode>Aax. 1. -</Unicode>
        </TextEquiv>
      </TextLine>
      <TextLine id="eSc_line_0862be33" custom="structure {type:default;}">
        <Coords points="877,2544 877,2566 1153,2577 1155,2577 1157,2577 1177,2568 1182,2566 1407,2566 1444,2568 1526,2577 1528,2577 1604,2570 1661,2563 1696,2570 1727,2574 1729,2574 1791,2570 1871,2563 1884,2570 1893,2574 1895,2574 1897,2577 2079,2577 2079,2574 2081,2574 2092,2570 2114,2563 2465,2572 2512,2572 2514,2572 2523,2572 2615,2561 2631,2572 2633,2572 2635,2572 2638,2574 2852,2574 2854,2537 2847,2504 874,2508 877,2544"/>
        <Baseline points="877,2544 2854,2537"/>
        <TextEquiv conf="0.9941564972807722">
          <Unicode>9600 (6657) Ordinis Cisterciensis statuta („chartam charitatis“) sancit. Henriquez</Unicode>
        </TextEquiv>
      </TextLine>
      <TextLine id="eSc_line_dfcfd394" custom="structure {type:default;}">
        <Coords points="936,2599 936,2623 2847,2619 2850,2594 2845,2561 934,2559 936,2599"/>
        <Baseline points="936,2599 2850,2594"/>
        <TextEquiv conf="0.9996840264890101">
          <Unicode>Regula p. 53, Manrique Ann. Cist. II. 205, Mansi XXI. 669, Migne 180 p. 1541,</Unicode>
        </TextEquiv>
      </TextLine>
      <TextLine id="eSc_line_3c9da7f0" custom="structure {type:default;}">
        <Coords points="936,2656 936,2676 2847,2672 2850,2650 2845,2619 2211,2608 2209,2608 2207,2608 2185,2619 2156,2619 1661,2610 1659,2610 1553,2621 1539,2623 934,2623 936,2656"/>
        <Baseline points="936,2656 2850,2650"/>
        <TextEquiv conf="0.9905694120070514">
          <Unicode>(Huius bullae copia s. XV. in tabulario Rothomagensi, sub G. 1504 asservata, praebet:</Unicode>
        </TextEquiv>
      </TextLine>
      <TextLine id="eSc_line_340c6319" custom="structure {type:default;}">
        <Coords points="932,2709 932,2731 1179,2740 1182,2740 1184,2740 1186,2740 1204,2729 1210,2727 1288,2727 1296,2729 1330,2740 1332,2740 1334,2740 1566,2727 1599,2725 1601,2725 1621,2736 1623,2736 1774,2738 1776,2738 1778,2738 1831,2722 1831,2705 1824,2676 930,2678 932,2709"/>
        <Baseline points="932,2709 1831,2705"/>
        <TextEquiv conf="0.9898028638627794">
          <Unicode>„Id. Aug.“). — „Sacrosancta Romana“.</Unicode>
        </TextEquiv>
      </TextLine>
      <TextLine id="eSc_line_5ca06b74" custom="structure {type:default;}">
        <Coords points="353,2778 353,2817 437,2820 439,2820 441,2820 444,2820 457,2809 483,2786 510,2802 539,2817 541,2817 543,2817 545,2817 603,2793 625,2782 665,2782 673,2786 698,2804 700,2804 702,2804 704,2804 707,2804 755,2778 755,2769 748,2738 616,2740 607,2733 585,2714 585,2711 583,2711 581,2711 578,2711 501,2714 499,2714 497,2714 477,2731 463,2740 452,2731 446,2725 444,2725 441,2725 439,2725 437,2725 426,2729 402,2740 351,2729 353,2778"/>
        <Baseline points="353,2778 755,2769"/>
        <TextEquiv conf="0.9404447823762894">
          <Unicode>„ 1. — „</Unicode>
        </TextEquiv>
      </TextLine>
      <TextLine id="eSc_line_d1694959" custom="structure {type:default;}">
        <Coords points="877,2760 877,2789 2854,2789 2854,2756 2847,2725 874,2727 877,2760"/>
        <Baseline points="877,2760 2854,2756"/>
        <TextEquiv conf="0.9997980248096378">
          <Unicode>9601 Monasterii S. Mariae Trium-fontium tutelam suscipit, possessionesque ac decumarum</Unicode>
        </TextEquiv>
      </TextLine>
      <TextLine id="eSc_line_c80b773c" custom="structure {type:default;}">
        <Coords points="934,2817 934,2839 2843,2833 2845,2809 2839,2778 932,2784 934,2817"/>
        <Baseline points="934,2817 2845,2809"/>
        <TextEquiv conf="0.9998435308406879">
          <Unicode>immunitatem confirmat, petente Toroldo abbate. Pflugk-Hurttung Acta I. 207. —</Unicode>
        </TextEquiv>
      </TextLine>
      <TextLine id="eSc_line_be161b60" custom="structure {type:default;}">
        <Coords points="934,2875 934,2895 1637,2888 1639,2870 1634,2842 963,2833 961,2833 958,2833 932,2842 934,2875"/>
        <Baseline points="934,2875 1639,2870"/>
        <TextEquiv conf="0.9856783382354244">
          <Unicode>„Effectum iusta postulantibus“.</Unicode>
        </TextEquiv>
      </TextLine>
      <TextLine id="eSc_line_c4786d3f" custom="structure {type:default;}">
        <Coords points="349,2941 349,2956 364,2972 364,2974 366,2974 368,2974 371,2974 521,2972 523,2972 525,2972 556,2952 561,2948 665,2948 671,2952 684,2963 684,2965 687,2965 689,2965 691,2965 693,2965 695,2965 715,2952 724,2948 762,2952 766,2934 760,2903 609,2903 583,2890 550,2868 547,2868 545,2868 543,2868 481,2881 461,2886 455,2879 446,2873 444,2873 441,2873 439,2873 437,2873 426,2877 406,2886 346,2873 349,2941"/>
        <Baseline points="349,2941 766,2934"/>
        <TextEquiv conf="0.9796832501888275">
          <Unicode>„ 1. „</Unicode>
        </TextEquiv>
      </TextLine>
      <TextLine id="eSc_line_67b206bf" custom="structure {type:default;}">
        <Coords points="879,2930 879,2950 1159,2961 1162,2961 1279,2950 1296,2950 2847,2950 2847,2919 2843,2888 1272,2884 1270,2884 1268,2884 1265,2884 1246,2895 894,2886 892,2886 890,2886 888,2886 877,2892 879,2930"/>
        <Baseline points="879,2930 2847,2919"/>
        <TextEquiv conf="0.9949636452169304">
          <Unicode>9602 (6658) Universo capitulo Magdeburgensi scribit, audiisse se, „post electionem,</Unicode>
        </TextEquiv>
      </TextLine>
      <TextLine id="eSc_line_bd1524ba" custom="structure {type:default;}">
        <Coords points="934,2985 934,3007 2847,2994 2850,2974 2843,2943 932,2952 934,2985"/>
        <Baseline points="934,2985 2850,2974"/>
        <TextEquiv conf="0.9959668084979058">
          <Unicode>quam de persona G(erhardi) praepositi Magdeburgensis omnes praeter septem fecis-</Unicode>
        </TextEquiv>
      </TextLine>
      <TextLine id="eSc_line_25fa6e4c" custom="structure {type:default;}">
        <Coords points="934,3036 934,3058 2847,3051 2850,3029 2845,3003 2211,2992 2209,2992 2125,3003 1022,2996 1020,2996 932,3007 934,3036"/>
        <Baseline points="934,3036 2850,3029"/>
        <TextEquiv conf="0.9983843580672616">
          <Unicode>sent, (Wichmannum) Cizensem episcopum contra constitutionem sanctorum patrum</Unicode>
        </TextEquiv>
      </TextLine>
      <TextLine id="eSc_line_e6d3672c" custom="structure {type:default;}">
        <Coords points="934,3091 934,3113 1303,3124 1305,3124 1451,3113 1455,3113 1464,3113 1789,3122 1791,3122 1871,3111 1891,3109 1904,3111 1939,3120 1942,3120 1944,3120 2014,3111 2034,3109 2269,3109 2273,3109 2286,3120 2288,3120 2291,3120 2293,3120 2847,3107 2850,3082 2843,3056 932,3062 934,3091"/>
        <Baseline points="934,3091 2850,3082"/>
        <TextEquiv conf="0.9954766172102127">
          <Unicode>se in eorum ecclesiam regio favore ingerere nisum esse et ab ipso principe investituram</Unicode>
        </TextEquiv>
      </TextLine>
      <TextLine id="eSc_line_2def5c56" custom="structure {type:default;}">
        <Coords points="936,3146 936,3166 987,3180 989,3180 1075,3166 1084,3166 1093,3166 1219,3180 1221,3180 1325,3166 1327,3166 1497,3177 1500,3177 1721,3166 1796,3177 1798,3177 1800,3177 1802,3177 1824,3164 2107,3175 2109,3175 2112,3175 2143,3162 2238,3162 2240,3162 2344,3175 2346,3175 2622,3160 2633,3160 2664,3173 2666,3173 2668,3175 2777,3175 2777,3173 2845,3157 2847,3138 2843,3111 934,3111 936,3146"/>
        <Baseline points="936,3146 2847,3138"/>
        <TextEquiv conf="0.9991912208497524">
          <Unicode>illicite suscepisse“. Praecipit, ut „ab eo tamquam ab invasore penitus caveant“.</Unicode>
        </TextEquiv>
      </TextLine>
      <TextLine id="eSc_line_bf5e4211" custom="structure {type:default;}">
        <Coords points="934,3204 934,3226 2845,3224 2847,3191 2841,3157 932,3164 934,3204"/>
        <Baseline points="934,3204 2847,3191"/>
        <TextEquiv conf="0.9969667456088922">
          <Unicode>Jaffé Bibl. I. 534, (Martene Coll. II. 550, Migne 180 p. 1543). — „Pervenit ad</Unicode>
        </TextEquiv>
      </TextLine>
      <TextLine id="eSc_line_1d81cdcf" custom="structure {type:default;}">
        <Coords points="932,3257 932,3268 983,3286 985,3286 987,3286 1100,3261 1100,3250 1093,3217 930,3221 932,3257"/>
        <Baseline points="932,3257 1100,3250"/>
        <TextEquiv conf="1.0">
          <Unicode>aures“</Unicode>
        </TextEquiv>
      </TextLine>
      <TextLine id="eSc_line_1e70708f" custom="structure {type:default;}">
        <Coords points="357,3323 357,3358 397,3380 399,3380 402,3380 494,3369 528,3387 530,3387 532,3387 618,3385 620,3385 623,3385 647,3365 662,3352 724,3352 748,3367 755,3314 748,3252 722,3252 718,3250 689,3226 687,3226 684,3226 651,3226 649,3226 647,3226 645,3226 618,3248 612,3255 581,3248 523,3235 521,3235 519,3235 481,3246 450,3255 433,3244 415,3233 413,3233 410,3233 408,3233 355,3241 357,3323"/>
        <Baseline points="357,3323 755,3314"/>
        <TextEquiv conf="0.9498449802398682">
          <Unicode>„ „ „</Unicode>
        </TextEquiv>
      </TextLine>
      <TextLine id="eSc_line_4bcdb710" custom="structure {type:default;}">
        <Coords points="874,3310 874,3339 2850,3339 2850,3301 2845,3266 2355,3259 2353,3259 2350,3259 2348,3259 2339,3268 2335,3272 2143,3272 2134,3268 2090,3257 2087,3257 1917,3257 1915,3257 1913,3257 1884,3270 1882,3272 1696,3272 1690,3272 1646,3259 1643,3259 1473,3259 1471,3259 1469,3259 1414,3272 1411,3272 1409,3272 1265,3261 1263,3261 1190,3274 1184,3274 1162,3274 903,3263 901,3263 899,3263 872,3272 874,3310"/>
        <Baseline points="874,3310 2850,3301"/>
        <TextEquiv conf="0.9895715657402487">
          <Unicode>9603 (6549) G(oswino) Cisterciensi et universis abbatibus apud Cistercium congregatis</Unicode>
        </TextEquiv>
      </TextLine>
      <TextLine id="eSc_line_9c38f057" custom="structure {type:default;}">
        <Coords points="934,3365 934,3385 2845,3378 2845,3356 2839,3325 932,3325 934,3365"/>
        <Baseline points="934,3365 2845,3356"/>
        <TextEquiv conf="0.9996056764958853">
          <Unicode>scribit, se, nisi officia obstarent, ad eorum conventum libenter accessurum fuisse.</Unicode>
        </TextEquiv>
      </TextLine>
      <TextLine id="eSc_line_5d68f50d" custom="structure {type:default;}">
        <Coords points="938,3416 938,3440 2847,3440 2847,3416 2847,3387 938,3376 938,3416"/>
        <Baseline points="938,3416 2847,3416"/>
        <TextEquiv conf="0.9981248073279858">
          <Unicode>Monet, ut patrum virtutes sequantur. S. Bernhardi Opp. I. 267, Migne 182 p. 476,</Unicode>
        </TextEquiv>
      </TextLine>
      <TextLine id="eSc_line_db8d1f88" custom="structure {type:default;}">
        <Coords points="938,3473 938,3506 1069,3524 1071,3526 1259,3526 1259,3524 1261,3524 1299,3509 1478,3520 1480,3520 1482,3520 1526,3506 1844,3522 1847,3522 2242,3520 2244,3520 2246,3520 2269,3502 2324,3502 2613,3517 2615,3517 2618,3517 2649,3502 2710,3511 2713,3511 2788,3498 2788,3464 2781,3438 936,3440 938,3473"/>
        <Baseline points="938,3473 2788,3464"/>
        <TextEquiv conf="0.9894300022242982">
          <Unicode>Pflugk-Hlarttung Acta II. 355, qui datum epistolae praebiet. — „Optaremus filii“.</Unicode>
        </TextEquiv>
      </TextLine>
    </TextRegion>
    <TextRegion id="eSc_textblock_4ee050a4"  custom="structure {type:default;}">
      <Coords points="1177,123 2017,132 2026,218 1155,227 1129,141 1177,123"/>
      <TextLine id="eSc_line_f6dae4c3" custom="structure {type:default;}">
        <Coords points="1153,194 1153,214 1241,227 1243,229 1551,229 1551,227 1553,227 1592,216 1926,227 1928,227 2008,214 2008,194 2008,152 1968,139 1966,139 1964,139 1849,152 1504,141 1502,141 1500,141 1475,152 1363,136 1360,136 1164,141 1162,141 1159,141 1159,143 1153,150 1153,194"/>
        <Baseline points="1153,194 2008,194"/>
        <TextEquiv conf="0.9986726890007654">
          <Unicode>EUGENIUS III. 1145—1153.</Unicode>
        </TextEquiv>
      </TextLine>
    </TextRegion>
  </Page>
</PcGts>
