<?xml version="1.0" encoding="UTF-8"  standalone="yes"?>
<PcGts xmlns="http://schema.primaresearch.org/PAGE/gts/pagecontent/2019-07-15" xmlns:xsi="http://www.w3.org/2001/XMLSchema-instance" xsi:schemaLocation="http://schema.primaresearch.org/PAGE/gts/pagecontent/2019-07-15 http://schema.primaresearch.org/PAGE/gts/pagecontent/2019-07-15/pagecontent.xsd">
  <Metadata externalRef="pdf//regestapontificu02cath.pdf">
	<Creator>escriptorium</Creator>
	<Created>2026-01-31T10:22:38.584557+00:00</Created>
        <LastChange>2026-02-01T14:26:14.486866+00:00</LastChange>
  </Metadata>
  <Page imageFilename="regestapontificu02cath.pdf_page_71.png" imageWidth="3007" imageHeight="3975">
    <TextRegion id="eSc_textblock_73d23644"  custom="structure {type:default;}">
      <Coords points="2545,335 2706,344 2688,3566 2434,3575 2344,3610 2229,3584 768,3592 689,3566 651,3486 397,3478 377,3177 342,3522 159,3522 114,3195 97,1835 106,459 141,379 360,362 386,424 397,353 642,353 669,379 680,344 2545,335"/>
      <TextLine id="eSc_line_734108c0" custom="structure {type:default;}">
        <Coords points="2567,335 2565,335 2445,348 2242,340 2240,340 2238,340 2198,351 1964,342 1853,337 1851,337 1807,344 1743,353 1674,346 1604,337 1595,340 1584,340 1575,346 1564,355 1431,357 1290,357 1281,351 1254,340 1252,340 1250,340 1093,355 1073,355 1051,355 799,342 797,342 676,359 667,377 669,406 669,446 1051,428 1243,443 1246,443 1248,443 1250,443 1274,428 1546,441 1548,441 1650,426 1743,426 1763,439 1765,439 1767,439 1769,441 2096,441 2096,439 2098,439 2147,426 2200,439 2202,439 2204,439 2439,421 2463,437 2465,437 2467,437 2470,439 2589,439 2591,395 2585,335 2567,335"/>
        <Baseline points="669,406 2591,395"/>
        <TextEquiv conf="0.9539407782348586">
          <Unicode>1148. (Ln. 11.  25. V„t. — 12. pont. a. 3. — 18. rc4. — 4. 1117. — 25 Mart. 117.)</Unicode>
        </TextEquiv>
      </TextLine>
      <TextLine id="eSc_line_96362e6a" custom="structure {type:default;}">
        <Coords points="150,472 150,510 223,512 225,512 227,512 229,512 229,510 240,501 254,490 368,490 371,470 366,437 148,424 150,472"/>
        <Baseline points="150,472 371,470"/>
        <TextEquiv conf="0.9867051318287849">
          <Unicode>lul. 21.</Unicode>
        </TextEquiv>
      </TextLine>
      <TextLine id="eSc_line_815adf5f" custom="structure {type:default;}">
        <Coords points="417,470 417,527 483,516 609,523 612,463 607,417 543,406 541,406 415,424 417,470"/>
        <Baseline points="417,470 612,463"/>
        <TextEquiv conf="0.9492983477456229">
          <Unicode>Brfuine</Unicode>
        </TextEquiv>
      </TextLine>
      <TextLine id="eSc_line_876b41bb" custom="structure {type:default;}">
        <Coords points="698,465 698,488 2668,483 2671,461 2664,428 695,430 698,465"/>
        <Baseline points="698,465 2671,461"/>
        <TextEquiv conf="0.9995407603681088">
          <Unicode>9283 (6446) Ecclesiam S. Ambrosii Mediolanensem tuendam suscipit eiusque posses-</Unicode>
        </TextEquiv>
      </TextLine>
      <TextLine id="eSc_line_18e90e69" custom="structure {type:default;}">
        <Coords points="755,523 755,547 1252,558 1254,558 1257,558 1301,547 1305,547 1310,547 1389,558 1391,558 1533,547 1562,545 1570,547 1608,556 1610,556 1612,556 2668,543 2671,516 2664,488 753,492 755,523"/>
        <Baseline points="755,523 2671,516"/>
        <TextEquiv conf="0.9969969936359075">
          <Unicode>siones, petente Martino praeposito, confirmat. Giulini Mem. d. Mil. V. 592, Migne</Unicode>
        </TextEquiv>
      </TextLine>
      <TextLine id="eSc_line_9d0da5e1" custom="structure {type:default;}">
        <Coords points="757,578 757,607 1146,594 1157,600 1164,607 1166,607 1168,607 1170,609 1369,609 1369,607 1372,607 1374,607 1374,605 1385,596 1387,594 1394,596 1438,607 1440,607 1442,607 1542,591 1544,574 1537,543 755,545 757,578"/>
        <Baseline points="757,578 1544,574"/>
        <TextEquiv conf="0.995295275002718">
          <Unicode>180 p. 1358. — „Quotiens illud“.</Unicode>
        </TextEquiv>
      </TextLine>
      <TextLine id="eSc_line_c2955cca" custom="structure {type:default;}">
        <Coords points="185,638 185,684 366,666 366,631 360,576 300,587 265,578 260,578 258,578 256,578 254,578 251,578 234,591 183,583 185,638"/>
        <Baseline points="185,638 366,631"/>
        <TextEquiv conf="0.9999977588653565">
          <Unicode>„ 22.</Unicode>
        </TextEquiv>
      </TextLine>
      <TextLine id="eSc_line_3fe6764a" custom="structure {type:default;}">
        <Coords points="497,640 497,675 572,673 572,640 570,609 497,611 497,640"/>
        <Baseline points="497,640 572,640"/>
        <TextEquiv conf="1.0">
          <Unicode>„</Unicode>
        </TextEquiv>
      </TextLine>
      <TextLine id="eSc_line_8d939049" custom="structure {type:default;}">
        <Coords points="698,633 698,658 2671,658 2673,627 2668,594 2123,583 2121,583 2014,594 2008,594 1984,594 1577,585 1575,585 695,596 698,633"/>
        <Baseline points="698,633 2673,627"/>
        <TextEquiv conf="0.9949187306796803">
          <Unicode>9284 (6448) Canonicis ecclesiae S. Antonini Placentinae praecipit, ut „infra triginta</Unicode>
        </TextEquiv>
      </TextLine>
      <TextLine id="eSc_line_2be190e3" custom="structure {type:default;}">
        <Coords points="751,686 751,708 2668,708 2671,680 2664,653 748,658 751,686"/>
        <Baseline points="751,686 2671,680"/>
        <TextEquiv conf="0.9982004563013712">
          <Unicode>dies chrisma et oleum ad opus capellae de Roncalia a Iohanne electo (episcopo) et</Unicode>
        </TextEquiv>
      </TextLine>
      <TextLine id="eSc_line_5d5ad3ec" custom="structure {type:default;}">
        <Coords points="753,739 753,777 883,764 1151,772 1212,775 1215,775 1217,775 1219,775 1221,772 1235,761 1265,772 1268,772 1270,772 1272,775 1615,775 1615,772 1654,768 1712,759 1754,766 1780,770 1782,770 1922,764 2045,759 2054,764 2072,770 2074,770 2076,770 2079,770 2096,761 2105,759 2216,761 2545,768 2547,768 2549,768 2571,757 2613,768 2615,768 2618,768 2671,755 2673,730 2666,704 751,706 753,739"/>
        <Baseline points="753,739 2673,730"/>
        <TextEquiv conf="0.9875603572624486">
          <Unicode>a Placentina ecclesia humiliter postulent“. Campi Hist. di Piac. I. 545, Migne 180</Unicode>
        </TextEquiv>
      </TextLine>
      <TextLine id="eSc_line_1bf98797" custom="structure {type:default;}">
        <Coords points="757,801 760,832 804,819 952,819 969,830 972,830 974,830 976,830 1091,819 1288,828 1290,828 1292,828 1294,828 1310,817 1520,828 1522,828 1615,817 1661,828 1663,828 1665,828 2059,814 2083,825 2085,825 2087,825 2174,814 2286,823 2288,823 2291,823 2293,823 2313,812 2668,823 2673,792 2666,757 755,764 757,801"/>
        <Baseline points="757,801 2673,792"/>
        <TextEquiv conf="0.9930874310344099">
          <Unicode>p. 1361 („XI. kal. Aug.“, cf. Wiener Sitzungsber. XCIV. 638. n. 2). — „Universitati</Unicode>
        </TextEquiv>
      </TextLine>
      <TextLine id="eSc_line_581f1c41" custom="structure {type:default;}">
        <Coords points="755,845 753,863 771,876 773,876 775,876 890,878 892,878 961,861 963,850 961,814 755,810 755,845"/>
        <Baseline points="755,845 963,850"/>
        <TextEquiv conf="0.9996840092870924">
          <Unicode>vestrae“.</Unicode>
        </TextEquiv>
      </TextLine>
      <TextLine id="eSc_line_7f73e179" custom="structure {type:default;}">
        <Coords points="183,909 185,947 234,929 278,938 329,947 331,947 333,947 368,927 368,909 368,854 282,841 280,841 278,841 276,841 276,843 251,865 245,874 183,874 183,909"/>
        <Baseline points="183,909 368,909"/>
        <TextEquiv conf="0.9999947786331177">
          <Unicode>„ 22.</Unicode>
        </TextEquiv>
      </TextLine>
      <TextLine id="eSc_line_761bee68" custom="structure {type:default;}">
        <Coords points="428,909 426,967 461,969 466,976 494,1002 494,1004 497,1004 499,1004 501,1004 572,993 574,912 574,865 505,852 503,852 501,852 499,852 481,865 477,867 428,867 428,909"/>
        <Baseline points="428,909 574,912"/>
        <TextEquiv conf="1.0">
          <Unicode>„</Unicode>
        </TextEquiv>
      </TextLine>
      <TextLine id="eSc_line_3bfa4ecb" custom="structure {type:default;}">
        <Coords points="700,905 700,929 1526,940 1528,940 1690,927 1699,927 1703,927 1758,938 1760,940 1760,938 1818,927 1820,927 1824,927 2006,938 2008,938 2010,938 2012,938 2030,927 2052,938 2054,938 2056,938 2134,927 2149,938 2151,938 2154,938 2156,940 2364,940 2364,938 2366,938 2368,938 2386,927 2631,936 2633,936 2635,936 2673,923 2673,901 2668,872 720,863 718,863 715,863 713,863 698,870 700,905"/>
        <Baseline points="700,905 2673,901"/>
        <TextEquiv conf="0.9973245585665983">
          <Unicode>0285 Ecclesiam S. Antonini Placentinam tuendam suscipit, possessionesque et iura con-</Unicode>
        </TextEquiv>
      </TextLine>
      <TextLine id="eSc_line_753b12bb" custom="structure {type:default;}">
        <Coords points="751,960 751,980 1299,991 1301,991 1303,991 1327,980 1394,991 1396,991 1398,991 1400,991 1414,980 1427,989 1429,989 1431,989 1433,989 1436,989 1473,978 1478,978 1484,978 1520,989 1522,989 1524,989 1592,978 1601,978 1641,978 2014,989 2017,989 2074,976 2076,956 2072,927 748,927 751,960"/>
        <Baseline points="751,960 2076,956"/>
        <TextEquiv conf="0.9927386662789753">
          <Unicode>firmat. Pflugk-Harttung Iter p. 242. — „Quotiens illud“.</Unicode>
        </TextEquiv>
      </TextLine>
      <TextLine id="eSc_line_97f3490f" custom="structure {type:default;}">
        <Coords points="183,1020 185,1064 254,1040 276,1051 300,1062 302,1062 304,1062 307,1062 366,1035 366,1013 362,980 291,962 289,962 181,984 183,1020"/>
        <Baseline points="183,1020 366,1013"/>
        <TextEquiv conf="0.9999752044677734">
          <Unicode>„ 29.</Unicode>
        </TextEquiv>
      </TextLine>
      <TextLine id="eSc_line_5aee0293" custom="structure {type:default;}">
        <Coords points="479,1022 477,1075 567,1088 572,1024 570,995 479,993 479,1022"/>
        <Baseline points="479,1022 572,1024"/>
        <TextEquiv conf="1.0">
          <Unicode>„</Unicode>
        </TextEquiv>
      </TextLine>
      <TextLine id="eSc_line_f6c46803" custom="structure {type:default;}">
        <Coords points="702,1015 702,1037 2668,1031 2671,1009 2664,978 700,982 702,1015"/>
        <Baseline points="702,1015 2671,1009"/>
        <TextEquiv conf="0.9750841634218083">
          <Unicode>9286 (6447) Parthenonis S. Mauritii Mediolanensis protectionem suscipit, possessiones-</Unicode>
        </TextEquiv>
      </TextLine>
      <TextLine id="eSc_line_8384398f" custom="structure {type:default;}">
        <Coords points="753,1071 753,1090 2666,1093 2671,1066 2666,1035 945,1029 943,1029 751,1040 753,1071"/>
        <Baseline points="753,1071 2671,1066"/>
        <TextEquiv conf="0.9996516268427779">
          <Unicode>que confirmat, petente Margarita abbatissa. Muratori Ant. It. V. 563, Puricelli De</Unicode>
        </TextEquiv>
      </TextLine>
      <TextLine id="eSc_line_c3ec490a" custom="structure {type:default;}">
        <Coords points="753,1124 753,1146 824,1159 826,1161 1184,1161 1184,1159 1186,1159 1188,1159 1204,1148 1347,1159 1349,1159 1478,1148 1533,1159 1535,1159 1537,1159 1577,1148 1623,1159 1626,1159 1628,1159 2138,1148 2158,1159 2160,1159 2163,1159 2165,1159 2253,1148 2269,1159 2271,1159 2273,1159 2275,1161 2370,1161 2370,1159 2527,1146 2527,1124 2527,1095 753,1095 753,1124"/>
        <Baseline points="753,1124 2527,1124"/>
        <TextEquiv conf="0.9981386709857631">
          <Unicode>SS. martyr. Nazario et Celso p. 95, Migne 180 p. 1360. — „Pia postulatio“.</Unicode>
        </TextEquiv>
      </TextLine>
      <TextLine id="eSc_line_943366e4" custom="structure {type:default;}">
        <Coords points="161,1190 161,1243 194,1254 196,1254 198,1254 201,1254 282,1227 282,1190 282,1139 161,1128 161,1190"/>
        <Baseline points="161,1190 282,1190"/>
        <TextEquiv conf="0.9999996026357015">
          <Unicode>(„)</Unicode>
        </TextEquiv>
      </TextLine>
      <TextLine id="eSc_line_f86f42f1" custom="structure {type:default;}">
        <Coords points="490,1192 490,1236 523,1252 525,1252 528,1252 530,1252 570,1236 570,1192 570,1166 490,1159 490,1192"/>
        <Baseline points="490,1192 570,1192"/>
        <TextEquiv conf="1.0">
          <Unicode>„</Unicode>
        </TextEquiv>
      </TextLine>
      <TextLine id="eSc_line_616ee042" custom="structure {type:default;}">
        <Coords points="702,1179 702,1212 2668,1212 2671,1174 2666,1141 700,1141 702,1179"/>
        <Baseline points="702,1179 2671,1174"/>
        <TextEquiv conf="0.999466655484165">
          <Unicode>9287 *Episcopis totius Angliae mandat, commoneant (Stephanum) regem, ut (Theobaldo)</Unicode>
        </TextEquiv>
      </TextLine>
      <TextLine id="eSc_line_3fac4baa" custom="structure {type:default;}">
        <Coords points="751,1234 751,1256 2668,1249 2671,1227 2666,1201 2076,1190 2074,1190 2021,1201 2019,1201 1984,1201 1409,1192 1407,1192 748,1203 751,1234"/>
        <Baseline points="751,1234 2671,1227"/>
        <TextEquiv conf="0.9997674885918112">
          <Unicode>archiepiscopo Cantuariensi ablata reddat et de iniuriis illatis satisfaciat. Nisi ob-</Unicode>
        </TextEquiv>
      </TextLine>
      <TextLine id="eSc_line_5740ece7" custom="structure {type:default;}">
        <Coords points="751,1289 751,1313 2668,1309 2671,1285 2664,1256 748,1258 751,1289"/>
        <Baseline points="751,1289 2671,1285"/>
        <TextEquiv conf="0.9972344861311071">
          <Unicode>temperaverit, terram eius interdicto subiectum ipsumque in proximo festo S. Michaelis</Unicode>
        </TextEquiv>
      </TextLine>
      <TextLine id="eSc_line_eceae68e" custom="structure {type:default;}">
        <Coords points="751,1344 751,1369 2618,1364 2618,1344 2618,1311 751,1311 751,1344"/>
        <Baseline points="751,1344 2618,1344"/>
        <TextEquiv conf="0.9999940005632547">
          <Unicode>(Sept. 29) excommunicatum iri scribit. Hist. Pontif. c. 18 in MG. SS. XX. 532.</Unicode>
        </TextEquiv>
      </TextLine>
      <TextLine id="eSc_line_c6ae6373" custom="structure {type:default;}">
        <Coords points="156,1404 154,1439 258,1446 262,1408 262,1369 156,1353 156,1404"/>
        <Baseline points="156,1404 262,1408"/>
        <TextEquiv conf="0.9999998410542806">
          <Unicode>(„)</Unicode>
        </TextEquiv>
      </TextLine>
      <TextLine id="eSc_line_43e11f48" custom="structure {type:default;}">
        <Coords points="492,1415 492,1442 576,1442 576,1415 576,1355 492,1355 492,1415"/>
        <Baseline points="492,1415 576,1415"/>
        <TextEquiv conf="1.0">
          <Unicode>„</Unicode>
        </TextEquiv>
      </TextLine>
      <TextLine id="eSc_line_7526a321" custom="structure {type:default;}">
        <Coords points="698,1397 698,1422 2668,1422 2671,1393 2664,1360 695,1366 698,1397"/>
        <Baseline points="698,1397 2671,1393"/>
        <TextEquiv conf="0.9947979472577572">
          <Unicode>9288 *Episcopos et principes regni Francorum rogat, ut Theobaldum archiepiscopum</Unicode>
        </TextEquiv>
      </TextLine>
      <TextLine id="eSc_line_871b1821" custom="structure {type:default;}">
        <Coords points="748,1455 748,1472 2666,1475 2668,1455 2668,1426 748,1424 748,1455"/>
        <Baseline points="748,1455 2668,1455"/>
        <TextEquiv conf="0.999985308945179">
          <Unicode>Cantuariensem „in oportunitatibus suis“ adiuvent. Hist. Pontif. c. 18 in MG. SS.</Unicode>
        </TextEquiv>
      </TextLine>
      <TextLine id="eSc_line_bbf19468" custom="structure {type:default;}">
        <Coords points="748,1510 748,1530 958,1541 961,1541 963,1541 965,1541 987,1525 987,1506 983,1475 762,1466 760,1466 757,1466 755,1466 746,1472 748,1510"/>
        <Baseline points="748,1510 987,1506"/>
        <TextEquiv conf="0.9999986588954926">
          <Unicode>XX. 532.</Unicode>
        </TextEquiv>
      </TextLine>
      <TextLine id="eSc_line_1077c819" custom="structure {type:default;}">
        <Coords points="161,1567 159,1603 212,1616 214,1616 216,1616 262,1590 265,1572 265,1530 163,1508 161,1567"/>
        <Baseline points="161,1567 265,1572"/>
        <TextEquiv conf="0.999998410542806">
          <Unicode>(„)</Unicode>
        </TextEquiv>
      </TextLine>
      <TextLine id="eSc_line_8b74136f" custom="structure {type:default;}">
        <Coords points="490,1581 490,1605 576,1585 576,1576 570,1530 488,1548 490,1581"/>
        <Baseline points="490,1581 576,1576"/>
        <TextEquiv conf="0.9999998807907104">
          <Unicode>„</Unicode>
        </TextEquiv>
      </TextLine>
      <TextLine id="eSc_line_8f3afc0f" custom="structure {type:default;}">
        <Coords points="698,1565 698,1590 2666,1585 2668,1561 2662,1528 695,1530 698,1565"/>
        <Baseline points="698,1565 2668,1561"/>
        <TextEquiv conf="0.9970533805234092">
          <Unicode>5289 *Clero populoque provinciae Cantuariensis praecipit, ut Theobaldo, Cantuariensi</Unicode>
        </TextEquiv>
      </TextLine>
      <TextLine id="eSc_line_4df3241f" custom="structure {type:default;}">
        <Coords points="751,1620 751,1643 2668,1643 2668,1620 2668,1592 751,1592 751,1620"/>
        <Baseline points="751,1620 2668,1620"/>
        <TextEquiv conf="0.9988635218287089">
          <Unicode>archiepiscopo, obediant et „ad vocationem eius veniant, tamquam esset in sede sua“.</Unicode>
        </TextEquiv>
      </TextLine>
      <TextLine id="eSc_line_8b399134" custom="structure {type:default;}">
        <Coords points="748,1673 748,1696 762,1704 764,1704 766,1704 768,1704 868,1693 938,1704 941,1704 1007,1693 1157,1693 1168,1702 1168,1704 1170,1704 1173,1704 1175,1704 1177,1704 1212,1693 1239,1704 1241,1704 1243,1704 1553,1693 1628,1704 1630,1704 1632,1704 1659,1691 1659,1673 1659,1643 748,1643 748,1673"/>
        <Baseline points="748,1673 1659,1673"/>
        <TextEquiv conf="0.9982436202667855">
          <Unicode>Hist. Pont. c. 18 in MG. SS. XX. 532.</Unicode>
        </TextEquiv>
      </TextLine>
      <TextLine id="eSc_line_0dd73663" custom="structure {type:default;}">
        <Coords points="143,1729 143,1753 247,1775 249,1775 362,1746 362,1724 353,1665 311,1680 300,1669 298,1669 296,1669 293,1669 291,1669 289,1669 289,1671 276,1684 229,1684 216,1671 214,1671 214,1669 212,1669 209,1669 207,1669 141,1676 143,1729"/>
        <Baseline points="143,1729 362,1724"/>
        <TextEquiv conf="0.9814707785844803">
          <Unicode>Aug. 13.</Unicode>
        </TextEquiv>
      </TextLine>
      <TextLine id="eSc_line_33e7146a" custom="structure {type:default;}">
        <Coords points="488,1768 565,1760 567,1742 567,1709 492,1687 490,1737 488,1768"/>
        <Baseline points="490,1737 567,1742"/>
        <TextEquiv conf="0.9997507929801941">
          <Unicode>„</Unicode>
        </TextEquiv>
      </TextLine>
      <TextLine id="eSc_line_47a8708b" custom="structure {type:default;}">
        <Coords points="695,1729 695,1753 2668,1753 2668,1729 2668,1698 695,1691 695,1729"/>
        <Baseline points="695,1729 2668,1729"/>
        <TextEquiv conf="0.9946601031774498">
          <Unicode>ad S. Petrum in Oliveto pervenit „Idibus Augusti, propter infirmitatem“. Fragmentum</Unicode>
        </TextEquiv>
      </TextLine>
      <TextLine id="eSc_line_819fe836" custom="structure {type:default;}">
        <Coords points="748,1786 748,1808 2664,1808 2666,1782 2662,1753 1752,1742 1749,1742 1747,1742 1701,1753 850,1744 848,1744 746,1755 748,1786"/>
        <Baseline points="748,1786 2666,1782"/>
        <TextEquiv conf="0.9979986584330179">
          <Unicode>ap. Zaccaria Della badia di Leno p. 30. n. 7, et Luchi Mon. monast. Leonensis p. 9.</Unicode>
        </TextEquiv>
      </TextLine>
      <TextLine id="eSc_line_dc0eb0fe" custom="structure {type:default;}">
        <Coords points="178,1839 178,1874 267,1863 287,1866 329,1874 331,1874 333,1874 335,1874 357,1861 357,1835 353,1804 265,1786 262,1786 260,1786 258,1786 258,1788 243,1804 176,1806 178,1839"/>
        <Baseline points="178,1839 357,1835"/>
        <TextEquiv conf="0.9999966382980346">
          <Unicode>„ 20.</Unicode>
        </TextEquiv>
      </TextLine>
      <TextLine id="eSc_line_c310e727" custom="structure {type:default;}">
        <Coords points="486,1872 554,1874 558,1855 561,1810 492,1784 488,1850 486,1872"/>
        <Baseline points="488,1850 558,1855"/>
        <TextEquiv conf="1.0">
          <Unicode>„</Unicode>
        </TextEquiv>
      </TextLine>
      <TextLine id="eSc_line_01f65070" custom="structure {type:default;}">
        <Coords points="695,1839 695,1863 2662,1863 2664,1835 2660,1808 711,1799 709,1799 707,1799 704,1799 693,1806 695,1839"/>
        <Baseline points="695,1839 2664,1835"/>
        <TextEquiv conf="0.9909160733222961">
          <Unicode>9290 (6449) Ecclesiae S. Salvatoris Venetae tutelam suscipit, possessionesque et iura</Unicode>
        </TextEquiv>
      </TextLine>
      <TextLine id="eSc_line_3986f3a3" custom="structure {type:default;}">
        <Coords points="746,1894 746,1914 877,1927 879,1927 976,1916 1089,1927 1091,1927 1195,1916 1235,1927 1237,1927 1239,1927 1321,1916 1402,1927 1405,1927 1407,1927 1447,1916 1568,1927 1570,1927 1676,1916 1707,1927 1710,1927 1712,1930 1970,1930 1970,1927 1972,1927 1997,1916 2448,1927 2450,1927 2509,1916 2569,1927 2571,1927 2666,1914 2666,1894 2666,1863 746,1863 746,1894"/>
        <Baseline points="746,1894 2666,1894"/>
        <TextEquiv conf="0.9982176132500171">
          <Unicode>confirmat. Cornelii Eccl. Ven. XIV. 93, Migne 180 p. 1361. — „Religiosam vitam“.</Unicode>
        </TextEquiv>
      </TextLine>
      <TextLine id="eSc_line_55979526" custom="structure {type:default;}">
        <Coords points="178,1952 178,1974 196,1983 198,1983 201,1983 203,1983 227,1972 238,1965 247,1969 269,1980 271,1980 273,1980 355,1967 355,1945 349,1892 176,1919 178,1952"/>
        <Baseline points="178,1952 355,1945"/>
        <TextEquiv conf="0.9999994516372681">
          <Unicode>„ 24.</Unicode>
        </TextEquiv>
      </TextLine>
      <TextLine id="eSc_line_cb0828fb" custom="structure {type:default;}">
        <Coords points="481,1967 481,1976 567,1976 567,1967 567,1941 481,1941 481,1967"/>
        <Baseline points="481,1967 567,1967"/>
        <TextEquiv conf="1.0">
          <Unicode>„)</Unicode>
        </TextEquiv>
      </TextLine>
      <TextLine id="eSc_line_c1abf8cd" custom="structure {type:default;}">
        <Coords points="693,1949 693,1974 2664,1969 2666,1945 2660,1914 691,1916 693,1949"/>
        <Baseline points="693,1949 2666,1945"/>
        <TextEquiv conf="0.9959018122066151">
          <Unicode>9291 (6450) Gerardum, episcopum Bononiensem, laudat, quod consules populumque</Unicode>
        </TextEquiv>
      </TextLine>
      <TextLine id="eSc_line_e57539bb" custom="structure {type:default;}">
        <Coords points="751,2005 751,2027 2666,2020 2666,2000 2660,1972 748,1972 751,2005"/>
        <Baseline points="751,2005 2666,2000"/>
        <TextEquiv conf="0.996847680429133">
          <Unicode>Bononiensem induxerit, ut Nonantulanis succurrerent contra Mutinenses. Nuntiat, se</Unicode>
        </TextEquiv>
      </TextLine>
      <TextLine id="eSc_line_5ee4bed2" custom="structure {type:default;}">
        <Coords points="748,2060 748,2082 2662,2078 2664,2055 2660,2029 746,2022 748,2060"/>
        <Baseline points="748,2060 2664,2055"/>
        <TextEquiv conf="0.9992538163295159">
          <Unicode>Reginos ac Parmenses, ne Mutinensibus subvenirent, dehortatum esse, Mutinamque</Unicode>
        </TextEquiv>
      </TextLine>
      <TextLine id="eSc_line_fc9dd9e7" custom="structure {type:default;}">
        <Coords points="746,2117 746,2139 2662,2131 2664,2108 2657,2080 744,2086 746,2117"/>
        <Baseline points="746,2117 2664,2108"/>
        <TextEquiv conf="0.997090381312083">
          <Unicode>urbem sede episcopali in perpetuum privasse. Savioli An. Bol. I. II. 216, Migne 180</Unicode>
        </TextEquiv>
      </TextLine>
      <TextLine id="eSc_line_8967dea1" custom="structure {type:default;}">
        <Coords points="744,2168 744,2197 1034,2188 1040,2192 1045,2197 1045,2199 1047,2199 1049,2199 1051,2201 1151,2201 1151,2199 1199,2190 1217,2188 1232,2190 1277,2199 1279,2199 1281,2199 1283,2199 1283,2197 1292,2190 1294,2188 1299,2190 1343,2199 1345,2199 1451,2186 1451,2168 1451,2142 744,2139 744,2168"/>
        <Baseline points="744,2168 1451,2168"/>
        <TextEquiv conf="0.9995536633900234">
          <Unicode>p. 1363. — „Super eo, quod“.</Unicode>
        </TextEquiv>
      </TextLine>
      <TextLine id="eSc_line_edd9ab76" custom="structure {type:default;}">
        <Coords points="174,2226 174,2263 357,2237 357,2219 346,2150 326,2166 296,2159 256,2153 254,2153 251,2153 249,2153 249,2155 234,2170 225,2179 172,2179 174,2226"/>
        <Baseline points="174,2226 357,2219"/>
        <TextEquiv conf="0.9999996185302734">
          <Unicode>„ 29.</Unicode>
        </TextEquiv>
      </TextLine>
      <TextLine id="eSc_line_8f95798d" custom="structure {type:default;}">
        <Coords points="475,2239 475,2259 523,2283 525,2283 528,2285 570,2285 570,2239 570,2181 475,2175 475,2239"/>
        <Baseline points="475,2239 570,2239"/>
        <TextEquiv conf="1.0">
          <Unicode>„</Unicode>
        </TextEquiv>
      </TextLine>
      <TextLine id="eSc_line_255d01e3" custom="structure {type:default;}">
        <Coords points="695,2223 695,2245 2662,2245 2662,2223 2662,2195 695,2192 695,2223"/>
        <Baseline points="695,2223 2662,2223"/>
        <TextEquiv conf="0.9968159157176351">
          <Unicode>in ecclesia S. Petri in Oliveto „Africanum archiepiscopum“ consecrat „IV. kal. Sept.“.</Unicode>
        </TextEquiv>
      </TextLine>
      <TextLine id="eSc_line_46ae5b25" custom="structure {type:default;}">
        <Coords points="748,2276 748,2303 2662,2298 2664,2272 2657,2245 746,2248 748,2276"/>
        <Baseline points="748,2276 2664,2272"/>
        <TextEquiv conf="0.9960595242679119">
          <Unicode>Fragmentum ap. Zaccaria Della badia di Leno p. 30. n. 7, Luchi Mon. monast. Leo-</Unicode>
        </TextEquiv>
      </TextLine>
      <TextLine id="eSc_line_7c077291" custom="structure {type:default;}">
        <Coords points="746,2334 746,2356 1031,2356 1031,2334 1031,2305 746,2305 746,2334"/>
        <Baseline points="746,2334 1031,2334"/>
        <TextEquiv conf="0.9999992648760477">
          <Unicode>nensis p. 9.</Unicode>
        </TextEquiv>
      </TextLine>
      <TextLine id="eSc_line_4170bbf2" custom="structure {type:default;}">
        <Coords points="139,2385 139,2404 227,2418 229,2418 231,2418 291,2398 311,2413 313,2413 315,2413 318,2413 320,2413 357,2393 357,2380 353,2347 309,2336 307,2336 285,2340 249,2347 136,2327 139,2385"/>
        <Baseline points="139,2385 357,2380"/>
        <TextEquiv conf="0.9893305897712708">
          <Unicode>Sept. 6.</Unicode>
        </TextEquiv>
      </TextLine>
      <TextLine id="eSc_line_9a765236" custom="structure {type:default;}">
        <Coords points="470,2402 470,2409 514,2422 517,2422 519,2422 521,2422 572,2404 572,2398 567,2369 466,2351 470,2402"/>
        <Baseline points="470,2402 572,2398"/>
        <TextEquiv conf="1.0">
          <Unicode>„</Unicode>
        </TextEquiv>
      </TextLine>
      <TextLine id="eSc_line_223ab0c6" custom="structure {type:default;}">
        <Coords points="695,2387 695,2411 2662,2411 2664,2382 2660,2356 1679,2345 1676,2345 1674,2345 1672,2345 1657,2356 711,2347 709,2347 707,2347 704,2347 693,2354 695,2387"/>
        <Baseline points="695,2387 2664,2382"/>
        <TextEquiv conf="0.9945594260964212">
          <Unicode>9292 Guilelmo abbati S. Benedicti super Padum monasterium S. Mariae de Pratalia</Unicode>
        </TextEquiv>
      </TextLine>
      <TextLine id="eSc_line_169b2bc6" custom="structure {type:default;}">
        <Coords points="744,2444 744,2462 2660,2466 2662,2444 2662,2415 744,2415 744,2444"/>
        <Baseline points="744,2444 2662,2444"/>
        <TextEquiv conf="0.9940847960802225">
          <Unicode>et monasterium SS. Firmi et Rustici in Paduano episcopatu sita asserit. Fragm.</Unicode>
        </TextEquiv>
      </TextLine>
      <TextLine id="eSc_line_28544784" custom="structure {type:default;}">
        <Coords points="746,2499 746,2524 2655,2515 2657,2493 2653,2464 1383,2455 1380,2455 1378,2455 1376,2455 1360,2466 861,2457 859,2457 744,2468 746,2499"/>
        <Baseline points="746,2499 2657,2493"/>
        <TextEquiv conf="0.993320494126051">
          <Unicode>ap. Gloria Cod. dipl. Pad. I. 378, Regest. in Wiener Sitzungsber. XCVII. 63. —</Unicode>
        </TextEquiv>
      </TextLine>
      <TextLine id="eSc_line_7408f11c" custom="structure {type:default;}">
        <Coords points="748,2555 748,2581 1007,2572 1071,2577 1186,2583 1188,2583 1190,2583 1193,2583 1208,2572 1215,2570 1248,2572 1341,2581 1343,2581 1433,2568 1436,2548 1429,2517 746,2521 748,2555"/>
        <Baseline points="748,2555 1436,2548"/>
        <TextEquiv conf="0.9990746378898621">
          <Unicode>„Religiosis desideriis dignum“.</Unicode>
        </TextEquiv>
      </TextLine>
      <TextLine id="eSc_line_e24e2c43" custom="structure {type:default;}">
        <Coords points="181,2610 181,2650 225,2652 227,2652 229,2652 231,2652 231,2650 240,2641 251,2630 276,2636 326,2647 329,2647 331,2647 333,2647 357,2625 357,2603 351,2537 300,2539 298,2539 296,2539 285,2550 251,2574 178,2572 181,2610"/>
        <Baseline points="181,2610 357,2603"/>
        <TextEquiv conf="0.9282500594854355">
          <Unicode>„ 8.</Unicode>
        </TextEquiv>
      </TextLine>
      <TextLine id="eSc_line_12df3adc" custom="structure {type:default;}">
        <Coords points="483,2625 483,2638 512,2652 514,2652 517,2652 561,2641 561,2621 554,2568 479,2583 483,2625"/>
        <Baseline points="483,2625 561,2621"/>
        <TextEquiv conf="0.9992188215255737">
          <Unicode>„</Unicode>
        </TextEquiv>
      </TextLine>
      <TextLine id="eSc_line_7f2895e1" custom="structure {type:default;}">
        <Coords points="695,2605 695,2632 2662,2632 2664,2605 2662,2577 695,2568 695,2605"/>
        <Baseline points="695,2605 2664,2605"/>
        <TextEquiv conf="0.9990765017621658">
          <Unicode>9293 (6451) Parthenonem S. Salvatoris et S. Iuliae Brixiensem tuendum suscipit, eius-</Unicode>
        </TextEquiv>
      </TextLine>
      <TextLine id="eSc_line_aa2f7b31" custom="structure {type:default;}">
        <Coords points="746,2665 746,2689 2662,2689 2662,2665 2662,2632 746,2632 746,2665"/>
        <Baseline points="746,2665 2662,2665"/>
        <TextEquiv conf="0.9924890115493681">
          <Unicode>que bona ac privilegia confirmat, petente Richilda abbatissa. Margarini Bull. Cas.</Unicode>
        </TextEquiv>
      </TextLine>
      <TextLine id="eSc_line_5d9ee01d" custom="structure {type:default;}">
        <Coords points="746,2718 746,2742 1204,2738 1212,2740 1239,2749 1241,2749 1243,2749 1246,2749 1263,2740 1270,2736 1497,2736 1500,2738 1509,2744 1509,2747 1511,2747 1513,2747 1515,2749 1621,2749 1621,2747 1623,2747 1654,2736 1657,2736 1670,2747 1672,2747 1674,2747 1676,2749 1816,2749 1816,2747 1884,2733 1886,2714 1880,2683 744,2683 746,2718"/>
        <Baseline points="746,2718 1886,2714"/>
        <TextEquiv conf="0.996668978170915">
          <Unicode>II. 167, Migne 180 p. 1363. — „Cum omnibus“.</Unicode>
        </TextEquiv>
      </TextLine>
      <TextLine id="eSc_line_9eb1961e" custom="structure {type:default;}">
        <Coords points="349,2709 225,2729 174,2716 176,2773 178,2802 236,2782 353,2797 355,2767 349,2709"/>
        <Baseline points="176,2773 355,2767"/>
        <TextEquiv conf="0.9804674685001373">
          <Unicode>„ 8.</Unicode>
        </TextEquiv>
      </TextLine>
      <TextLine id="eSc_line_1f44ca29" custom="structure {type:default;}">
        <Coords points="428,2773 428,2789 514,2802 517,2802 605,2789 605,2773 605,2742 428,2700 428,2773"/>
        <Baseline points="428,2773 605,2773"/>
        <TextEquiv conf="0.999070276816686">
          <Unicode>Brixia</Unicode>
        </TextEquiv>
      </TextLine>
      <TextLine id="eSc_line_20cdb9ad" custom="structure {type:default;}">
        <Coords points="693,2769 691,2789 841,2802 843,2802 2660,2800 2662,2773 2660,2742 1305,2729 1303,2729 1210,2729 771,2738 693,2727 693,2769"/>
        <Baseline points="693,2769 2662,2773"/>
        <TextEquiv conf="0.9900410814983088">
          <Unicode>discedit „VI. id. Sept.“. Fragmentum ap. Zaccaria Della badia di Leno p. 30. n. 7,</Unicode>
        </TextEquiv>
      </TextLine>
      <TextLine id="eSc_line_9837e9f4" custom="structure {type:default;}">
        <Coords points="748,2824 746,2844 773,2857 775,2857 777,2857 1025,2846 1036,2855 1036,2857 1038,2857 1040,2857 1042,2857 1217,2848 1396,2859 1398,2859 1400,2859 1444,2848 1475,2859 1478,2859 1480,2859 1575,2846 1577,2828 1575,2795 748,2793 748,2824"/>
        <Baseline points="748,2824 1577,2828"/>
        <TextEquiv conf="0.9997184434357811">
          <Unicode>Luchi Mon. monast. Leonensis p. 9.</Unicode>
        </TextEquiv>
      </TextLine>
      <TextLine id="eSc_line_060b3b14" custom="structure {type:default;}">
        <Coords points="178,2881 181,2912 265,2888 309,2906 315,2908 318,2908 320,2908 355,2901 357,2877 351,2828 176,2837 178,2881"/>
        <Baseline points="178,2881 357,2877"/>
        <TextEquiv conf="0.9999561458826065">
          <Unicode>„ 9.</Unicode>
        </TextEquiv>
      </TextLine>
      <TextLine id="eSc_line_6c809a7d" custom="structure {type:default;}">
        <Coords points="408,2884 408,2903 618,2903 618,2877 612,2835 406,2839 408,2884"/>
        <Baseline points="408,2884 618,2877"/>
        <TextEquiv conf="0.9997208969933646">
          <Unicode>Lenense</Unicode>
        </TextEquiv>
      </TextLine>
      <TextLine id="eSc_line_ca6f268c" custom="structure {type:default;}">
        <Coords points="693,2884 693,2906 2664,2899 2664,2879 2660,2850 691,2846 693,2884"/>
        <Baseline points="693,2884 2664,2879"/>
        <TextEquiv conf="0.9994682551902018">
          <Unicode>S. Benedicti monasterium consecrat „altera die“. Fragmentum ap. Zaccaria I. I. et</Unicode>
        </TextEquiv>
      </TextLine>
      <TextLine id="eSc_line_55228ba5" custom="structure {type:default;}">
        <Coords points="744,2939 744,2959 994,2954 996,2934 992,2901 757,2892 755,2892 753,2892 751,2892 742,2899 744,2939"/>
        <Baseline points="744,2939 996,2934"/>
        <TextEquiv conf="0.9994741949168119">
          <Unicode>Luchi I. I.</Unicode>
        </TextEquiv>
      </TextLine>
      <TextLine id="eSc_line_172ba61e" custom="structure {type:default;}">
        <Coords points="174,2994 174,3014 190,3023 192,3023 194,3023 196,3023 198,3023 198,3021 207,3014 209,3009 318,3009 331,3018 353,3036 355,3036 357,3036 360,3036 362,3036 388,3025 647,3029 651,2985 645,2959 525,2959 481,2943 479,2943 477,2943 475,2943 435,2959 395,2939 393,2939 302,2939 300,2939 298,2939 296,2939 269,2963 238,2948 236,2948 234,2948 231,2948 229,2948 229,2950 214,2963 214,2965 172,2965 174,2994"/>
        <Baseline points="174,2994 651,2985"/>
        <TextEquiv conf="0.9714011374641868">
          <Unicode>„ 9.  ap. Lenense</Unicode>
        </TextEquiv>
      </TextLine>
      <TextLine id="eSc_line_1a766f1e" custom="structure {type:default;}">
        <Coords points="689,2992 689,3012 1670,3023 1672,3023 1836,3012 2626,3021 2629,3021 2631,3021 2662,3007 2662,2987 2655,2956 687,2959 689,2992"/>
        <Baseline points="689,2992 2662,2987"/>
        <TextEquiv conf="0.9993607121355393">
          <Unicode>9294 Ecclesiam S. Crucis Colimbriensem tuendam suscipit, eiusque possessiones ac pri-</Unicode>
        </TextEquiv>
      </TextLine>
      <TextLine id="eSc_line_2eba3025" custom="structure {type:default;}">
        <Coords points="371,3047 371,3089 541,3074 589,3109 596,3115 598,3115 600,3115 603,3115 653,3113 653,3043 647,3014 368,3016 371,3047"/>
        <Baseline points="371,3047 653,3043"/>
        <TextEquiv conf="0.9972579804333773">
          <Unicode>monasterium</Unicode>
        </TextEquiv>
      </TextLine>
      <TextLine id="eSc_line_342e5700" custom="structure {type:default;}">
        <Coords points="746,3047 746,3071 2655,3065 2657,3040 2651,3014 744,3018 746,3047"/>
        <Baseline points="746,3047 2657,3040"/>
        <TextEquiv conf="0.9951891164954115">
          <Unicode>vilegia confirmat, petente Teutonio priore. Portugalliae monum. hist. SS. I. 69. —</Unicode>
        </TextEquiv>
      </TextLine>
      <TextLine id="eSc_line_84ab9a8e" custom="structure {type:default;}">
        <Coords points="748,3104 748,3124 1449,3118 1451,3098 1447,3065 795,3058 793,3058 790,3058 746,3069 748,3104"/>
        <Baseline points="748,3104 1451,3098"/>
        <TextEquiv conf="0.9985546078532934">
          <Unicode>„Apostolicae sedis auctoritate“.</Unicode>
        </TextEquiv>
      </TextLine>
      <TextLine id="eSc_line_46fa3952" custom="structure {type:default;}">
        <Coords points="178,3155 178,3177 203,3182 205,3182 207,3182 209,3182 214,3177 238,3162 355,3175 357,3149 351,3085 296,3093 293,3093 291,3093 289,3096 258,3122 176,3122 178,3155"/>
        <Baseline points="178,3155 357,3149"/>
        <TextEquiv conf="0.9999626874923706">
          <Unicode>„ 9.</Unicode>
        </TextEquiv>
      </TextLine>
      <TextLine id="eSc_line_04b47096" custom="structure {type:default;}">
        <Coords points="486,3168 486,3177 523,3188 525,3188 528,3188 530,3188 554,3175 554,3168 554,3142 486,3142 486,3168"/>
        <Baseline points="486,3168 554,3168"/>
        <TextEquiv conf="0.8829468786716461">
          <Unicode>„)</Unicode>
        </TextEquiv>
      </TextLine>
      <TextLine id="eSc_line_3fb83f2c" custom="structure {type:default;}">
        <Coords points="698,3149 695,3173 2657,3177 2662,3153 2660,3124 698,3111 698,3149"/>
        <Baseline points="698,3149 2662,3153"/>
        <TextEquiv conf="0.9989372264771235">
          <Unicode>9295 (6452) Ecclesiae S. Mariae Brixiensis protectionem suscipit canonicorumque pos-</Unicode>
        </TextEquiv>
      </TextLine>
      <TextLine id="eSc_line_9f4b00be" custom="structure {type:default;}">
        <Coords points="748,3210 748,3235 1003,3244 1005,3244 1007,3244 1009,3244 1020,3235 1027,3233 1241,3233 1265,3235 1391,3246 1394,3246 1396,3246 1447,3233 1451,3233 1455,3233 1489,3246 1491,3246 1493,3246 1588,3235 1696,3246 1699,3246 1776,3233 1787,3230 1794,3233 1827,3244 1829,3244 1831,3246 2034,3246 2034,3244 2037,3244 2081,3230 2085,3230 2096,3230 2216,3244 2218,3244 2220,3244 2249,3230 2269,3244 2271,3244 2273,3244 2275,3246 2355,3246 2355,3244 2450,3230 2470,3244 2472,3244 2474,3244 2476,3246 2620,3246 2620,3244 2622,3244 2660,3228 2660,3206 2653,3177 746,3180 748,3210"/>
        <Baseline points="748,3210 2660,3206"/>
        <TextEquiv conf="0.9995877546600148">
          <Unicode>sessiones confirmat. Gradonici Pont. Brix. p. 205, Migne 180 p. 1366. — „Aequi-</Unicode>
        </TextEquiv>
      </TextLine>
      <TextLine id="eSc_line_28e570a9" custom="structure {type:default;}">
        <Coords points="744,3263 744,3279 813,3297 815,3297 817,3297 859,3281 998,3297 1000,3299 1102,3299 1102,3297 1104,3297 1106,3297 1106,3294 1122,3281 1159,3281 1159,3263 1159,3233 744,3233 744,3263"/>
        <Baseline points="744,3263 1159,3263"/>
        <TextEquiv conf="0.9757169663906098">
          <Unicode>tatis et iustitiae“.</Unicode>
        </TextEquiv>
      </TextLine>
      <TextLine id="eSc_line_9c07cac0" custom="structure {type:default;}">
        <Coords points="176,3319 176,3352 357,3350 357,3319 357,3286 324,3268 322,3268 320,3268 282,3268 280,3268 278,3268 276,3268 276,3270 260,3286 256,3288 176,3281 176,3319"/>
        <Baseline points="176,3319 357,3319"/>
        <TextEquiv conf="0.999999737739563">
          <Unicode>„ 13.</Unicode>
        </TextEquiv>
      </TextLine>
      <TextLine id="eSc_line_c9ca2a66" custom="structure {type:default;}">
        <Coords points="419,3319 419,3354 455,3354 457,3354 472,3367 472,3369 475,3369 477,3369 479,3369 620,3358 620,3312 618,3268 556,3248 554,3248 552,3248 550,3248 479,3272 475,3274 417,3274 419,3319"/>
        <Baseline points="419,3319 620,3312"/>
        <TextEquiv conf="0.9413752754529318">
          <Unicode>Aparme</Unicode>
        </TextEquiv>
      </TextLine>
      <TextLine id="eSc_line_f482c390" custom="structure {type:default;}">
        <Coords points="691,3316 691,3341 2660,3336 2662,3312 2655,3281 689,3283 691,3316"/>
        <Baseline points="691,3316 2662,3312"/>
        <TextEquiv conf="0.9980628192424774">
          <Unicode>9296 (6453) Heinrico, episcopo Moraviensi, commendat G(uidonis) diaconi cardinalis</Unicode>
        </TextEquiv>
      </TextLine>
      <TextLine id="eSc_line_cb985936" custom="structure {type:default;}">
        <Coords points="748,3374 748,3396 2662,3396 2662,3374 2662,3345 748,3343 748,3374"/>
        <Baseline points="748,3374 2662,3374"/>
        <TextEquiv conf="0.9999952388097004">
          <Unicode>(S. Mariae in Porticu), legati in Poloniam missi, negotia tam ibidem, „quam in alia</Unicode>
        </TextEquiv>
      </TextLine>
      <TextLine id="eSc_line_02b230f5" custom="structure {type:default;}">
        <Coords points="751,3427 751,3447 2655,3449 2657,3427 2657,3398 751,3398 751,3427"/>
        <Baseline points="751,3427 2657,3427"/>
        <TextEquiv conf="0.9944484365540881">
          <Unicode>terra illa, quae noviter luce Christianae fidei est perfusa“, efficienda. Boczek C. D.</Unicode>
        </TextEquiv>
      </TextLine>
      <TextLine id="eSc_line_db236514" custom="structure {type:default;}">
        <Coords points="751,3484 751,3506 2651,3511 2655,3480 2651,3449 748,3449 751,3484"/>
        <Baseline points="751,3484 2655,3480"/>
        <TextEquiv conf="0.9970335399820691">
          <Unicode>M. I. 251, Theineri Disqu. crit. p. 211, Bielowski Mon. Pol. hist. II. 9, Cod. dipl.</Unicode>
        </TextEquiv>
      </TextLine>
      <TextLine id="eSc_line_3430edba" custom="structure {type:default;}">
        <Coords points="751,3539 751,3559 1084,3559 1144,3575 1146,3575 1148,3575 1299,3573 1301,3573 1303,3573 1303,3570 1319,3557 1321,3557 1332,3557 1409,3568 1411,3568 1414,3568 1416,3568 1429,3559 1444,3570 1444,3573 1447,3573 1449,3573 1451,3573 1632,3568 1634,3568 1668,3557 1681,3555 1718,3555 1723,3557 1734,3568 1734,3570 1736,3570 1738,3570 1741,3570 2147,3557 2147,3533 2143,3504 1215,3495 1212,3495 748,3509 751,3539"/>
        <Baseline points="751,3539 2147,3533"/>
        <TextEquiv conf="0.9986243174787153">
          <Unicode>mai. Polon. I. 20, Migne 180 p. 1368. — „Qui de fratrum“.</Unicode>
        </TextEquiv>
      </TextLine>
    </TextRegion>
    <TextRegion id="eSc_textblock_e7ba2153"  custom="structure {type:default;}">
      <Coords points="1219,176 1816,185 1842,280 945,271 954,194 1219,176"/>
      <TextLine id="eSc_line_95fe42c6" custom="structure {type:default;}">
        <Coords points="1813,205 1511,192 1509,192 1422,205 1398,189 1396,189 1394,189 1391,189 1263,207 1000,189 998,189 996,189 994,189 967,205 969,258 969,289 1250,293 1252,293 1254,293 1279,284 1292,280 1305,284 1325,291 1327,291 1330,291 1416,282 1464,278 1471,282 1486,291 1489,291 1491,291 1493,293 1573,293 1573,291 1575,291 1577,291 1590,280 1592,278 1732,278 1745,289 1745,291 1747,291 1749,291 1752,293 1798,293 1798,291 1800,291 1802,291 1824,276 1824,253 1820,227 1813,205"/>
        <Baseline points="969,258 1824,253"/>
        <TextEquiv conf="0.9585650699834029">
          <Unicode>ECGLN1CS III. 1145 1153.</Unicode>
        </TextEquiv>
      </TextLine>
    </TextRegion>
    <TextRegion id="eSc_textblock_bc3bc43c"  custom="structure {type:default;}">
      <Coords points="2607,194 2697,212 2680,289 2567,280 2558,220 2607,194"/>
      <TextLine id="eSc_line_3f7e9eec" custom="structure {type:default;}">
        <Coords points="2666,205 2657,203 2578,207 2582,253 2582,284 2671,287 2673,249 2666,205 2666,205"/>
        <Baseline points="2582,253 2673,249"/>
        <TextEquiv conf="1.0">
          <Unicode>59</Unicode>
        </TextEquiv>
      </TextLine>
    </TextRegion>
  </Page>
</PcGts>
