<?xml version="1.0" encoding="UTF-8"  standalone="yes"?>
<PcGts xmlns="http://schema.primaresearch.org/PAGE/gts/pagecontent/2019-07-15" xmlns:xsi="http://www.w3.org/2001/XMLSchema-instance" xsi:schemaLocation="http://schema.primaresearch.org/PAGE/gts/pagecontent/2019-07-15 http://schema.primaresearch.org/PAGE/gts/pagecontent/2019-07-15/pagecontent.xsd">
  <Metadata externalRef="pdf//regestapontificu02cath.pdf">
	<Creator>escriptorium</Creator>
	<Created>2026-01-31T10:21:54.380027+00:00</Created>
        <LastChange>2026-02-01T13:56:47.356309+00:00</LastChange>
  </Metadata>
  <Page imageFilename="regestapontificu02cath.pdf_page_52.png" imageWidth="3007" imageHeight="3975">
    <TextRegion id="eSc_textblock_6153fb97"  custom="structure {type:default;}">
      <Coords points="329,194 413,194 430,262 318,289 329,194"/>
      <TextLine id="eSc_line_8e35f5a5" custom="structure {type:default;}">
        <Coords points="326,220 326,253 326,269 351,280 353,280 355,280 357,280 410,262 410,249 404,198 338,203 326,220"/>
        <Baseline points="326,253 410,249"/>
        <TextEquiv conf="0.9678294062614441">
          <Unicode>40</Unicode>
        </TextEquiv>
      </TextLine>
    </TextRegion>
    <TextRegion id="eSc_textblock_18034b9b"  custom="structure {type:default;}">
      <Coords points="2288,326 2900,335 2900,3557 1091,3592 326,3557 300,3266 300,379 335,344 2288,326"/>
      <TextLine id="eSc_line_ae8a7b54" custom="structure {type:default;}">
        <Coords points="863,397 863,415 2790,415 2790,390 2788,359 2721,342 2719,342 2717,342 2631,357 2631,359 2549,359 2549,357 2503,342 2501,342 2498,342 2403,357 2399,359 2196,359 2193,357 2171,346 2169,346 2167,346 2165,346 2163,346 2147,357 2143,359 2121,357 2023,344 2021,344 1946,357 1924,359 1895,357 1827,348 1824,348 1765,357 1736,359 1729,355 1707,344 1705,344 1703,344 1573,355 1502,362 1480,355 1449,346 1447,346 1444,346 1360,355 1296,362 1263,355 1232,348 1230,348 1190,355 1159,359 1144,355 1122,346 1120,346 1064,346 1062,346 1060,346 1045,355 1031,362 1016,355 998,346 996,346 994,346 861,353 863,397"/>
        <Baseline points="863,397 2790,390"/>
        <TextEquiv conf="0.9937736820638849">
          <Unicode>1147. (Ind. 10. — 25. Sept. — 11, ponf. a. 2. — 18. Febr. — 3, 1146. — 25. Mart. — 1147.)</Unicode>
        </TextEquiv>
      </TextLine>
      <TextLine id="eSc_line_1f9ef87c" custom="structure {type:default;}">
        <Coords points="950,459 950,490 2867,481 2867,459 2865,417 950,421 950,459"/>
        <Baseline points="950,459 2867,459"/>
        <TextEquiv conf="0.9944989840189616">
          <Unicode>privilegia confirmat, petente Hugone abbate. (Pro „Pont. a. II.“ leg. „III.“, cf. Schweiz.</Unicode>
        </TextEquiv>
      </TextLine>
      <TextLine id="eSc_line_bc9f909a" custom="structure {type:default;}">
        <Coords points="950,512 950,532 2540,527 2543,507 2538,479 983,470 980,470 978,470 947,481 950,512"/>
        <Baseline points="950,512 2543,507"/>
        <TextEquiv conf="0.992558971978724">
          <Unicode>Urkundenreg. II. 34.) Aubert Trésor 218. — „Qnoniam sine yorae“.</Unicode>
        </TextEquiv>
      </TextLine>
      <TextLine id="eSc_line_d2a0cc1a" custom="structure {type:default;}">
        <Coords points="342,571 342,609 441,613 444,613 446,613 457,609 501,596 813,609 817,565 813,518 746,507 744,507 742,507 731,512 709,518 695,507 645,468 642,468 640,468 545,468 543,468 541,468 539,468 539,470 514,492 483,525 421,525 340,479 342,571"/>
        <Baseline points="342,571 817,565"/>
        <TextEquiv conf="0.9246736522763968">
          <Unicode>Marr. a clantaci</Unicode>
        </TextEquiv>
      </TextLine>
      <TextLine id="eSc_line_e0de8c64" custom="structure {type:default;}">
        <Coords points="894,567 894,591 2870,587 2872,563 2865,530 892,536 894,567"/>
        <Baseline points="894,567 2872,563"/>
        <TextEquiv conf="0.9999922246768557">
          <Unicode>9011 (6293) Monasterii Bonaevallensis protectionem suscipit ac possessiones privilegia-</Unicode>
        </TextEquiv>
      </TextLine>
      <TextLine id="eSc_line_3e3b9990" custom="structure {type:default;}">
        <Coords points="952,622 952,649 1261,660 1263,660 1265,660 1310,649 1312,649 1314,649 1338,660 1341,660 1343,660 1455,649 1486,647 1725,647 1732,649 1760,658 1763,658 1765,660 1873,660 1873,658 1875,658 1902,649 1913,644 1931,647 1970,655 1972,655 2867,644 2870,613 2863,587 950,594 952,622"/>
        <Baseline points="952,622 2870,613"/>
        <TextEquiv conf="0.9988900681859568">
          <Unicode>que confirmat, petente Gozuino abbate. Manrique Ann. Cist. II. 82, Migne 180</Unicode>
        </TextEquiv>
      </TextLine>
      <TextLine id="eSc_line_d8d2cd3d" custom="structure {type:default;}">
        <Coords points="950,675 950,697 1531,706 1533,706 1535,706 1537,706 1537,704 1548,695 1621,706 1623,706 1703,693 1705,673 1699,644 947,644 950,675"/>
        <Baseline points="950,675 1705,673"/>
        <TextEquiv conf="0.9999958117802937">
          <Unicode>p. 1198. — „Desiderium, quod“.</Unicode>
        </TextEquiv>
      </TextLine>
      <TextLine id="eSc_line_b858a095" custom="structure {type:default;}">
        <Coords points="377,742 380,766 437,750 475,755 534,764 536,764 539,764 541,764 561,746 561,735 558,706 497,689 494,689 492,689 490,689 488,689 455,708 448,713 375,713 377,742"/>
        <Baseline points="377,742 561,735"/>
        <TextEquiv conf="0.9999914407730103">
          <Unicode>„ 26.</Unicode>
        </TextEquiv>
      </TextLine>
      <TextLine id="eSc_line_005a5cf3" custom="structure {type:default;}">
        <Coords points="680,742 678,770 748,777 753,744 751,713 680,711 680,742"/>
        <Baseline points="680,742 753,744"/>
        <TextEquiv conf="0.9999750852584839">
          <Unicode>„</Unicode>
        </TextEquiv>
      </TextLine>
      <TextLine id="eSc_line_6fc93730" custom="structure {type:default;}">
        <Coords points="899,724 897,746 2867,753 2872,730 2870,700 899,693 899,724"/>
        <Baseline points="899,724 2872,730"/>
        <TextEquiv conf="0.9981943472873333">
          <Unicode>0012 Monasterii Leoncellensis tutelam suscipit ac possessiones confirmat, petente Fal-</Unicode>
        </TextEquiv>
      </TextLine>
      <TextLine id="eSc_line_50f2b90f" custom="structure {type:default;}">
        <Coords points="952,786 952,808 1153,825 1155,828 1224,828 1224,825 1226,825 1254,810 1257,810 1380,825 1383,828 1497,828 1497,825 1500,825 1502,825 1524,810 1526,810 1760,810 1765,810 1791,825 1794,825 1796,825 1864,810 1871,810 1877,810 1955,825 1957,825 2171,810 2200,810 2366,810 2370,812 2388,825 2390,825 2392,825 2394,828 2611,828 2611,825 2613,825 2644,814 2657,825 2660,825 2662,825 2664,828 2850,828 2850,825 2852,825 2874,812 2874,786 2874,757 952,757 952,786"/>
        <Baseline points="952,786 2874,786"/>
        <TextEquiv conf="0.9871527055899302">
          <Unicode>cone abbate. Chevalier Coll. de cart. Dauphin. IV. 5. — „Religiosis desideriis</Unicode>
        </TextEquiv>
      </TextLine>
      <TextLine id="eSc_line_c1a42b83" custom="structure {type:default;}">
        <Coords points="950,843 950,856 1018,874 1020,874 1168,850 1168,836 1164,803 947,801 950,843"/>
        <Baseline points="950,843 1168,836"/>
        <TextEquiv conf="0.9903545081615448">
          <Unicode>dignum“.</Unicode>
        </TextEquiv>
      </TextLine>
      <TextLine id="eSc_line_b3eadffd" custom="structure {type:default;}">
        <Coords points="377,903 377,925 446,918 450,923 459,929 459,931 461,931 463,931 466,934 519,934 519,931 521,931 558,912 558,898 554,863 463,845 461,845 459,845 457,845 421,867 375,867 377,903"/>
        <Baseline points="377,903 558,898"/>
        <TextEquiv conf="0.9899724364280701">
          <Unicode>„ 30.</Unicode>
        </TextEquiv>
      </TextLine>
      <TextLine id="eSc_line_2b25e663" custom="structure {type:default;}">
        <Coords points="623,901 623,931 832,918 832,896 828,841 620,828 623,901"/>
        <Baseline points="623,901 832,896"/>
        <TextEquiv conf="0.9999887772968837">
          <Unicode>Divione</Unicode>
        </TextEquiv>
      </TextLine>
      <TextLine id="eSc_line_523a90a2" custom="structure {type:default;}">
        <Coords points="888,898 888,918 2872,914 2874,894 2870,859 1729,848 1727,848 1657,859 1520,848 1517,848 1515,848 1475,859 1325,848 1323,848 1235,859 1162,848 1159,848 885,861 888,898"/>
        <Baseline points="888,898 2874,894"/>
        <TextEquiv conf="0.9965352263206091">
          <Unicode>cum Ludovico, Francorum rege, „dominica mediae quadragesimae“, Annales S. Ben.</Unicode>
        </TextEquiv>
      </TextLine>
      <TextLine id="eSc_line_38207d76" custom="structure {type:default;}">
        <Coords points="952,951 952,973 1657,973 1663,978 1672,984 1674,984 1676,984 1679,984 1771,978 1842,973 2423,982 2598,984 2600,984 2602,984 2604,984 2622,973 2638,984 2640,984 2642,984 2644,987 2870,987 2870,951 2870,920 2841,909 2839,909 2836,909 2752,920 2717,909 2715,909 2713,909 2710,909 2682,920 2682,923 2525,923 2523,920 2509,909 2507,909 2505,909 2503,909 2445,920 2443,920 2441,920 2414,909 2412,909 2410,909 2335,920 2326,920 2313,920 2198,909 2196,909 2193,909 2171,920 2169,920 2158,920 2092,909 2090,909 2087,909 2054,918 2045,920 2023,918 1928,909 1926,909 1871,918 1855,920 1842,918 1807,909 1805,909 1802,909 1800,909 1780,918 1774,920 1763,918 1727,909 1725,909 1723,909 1721,909 1701,918 1694,923 1542,923 1535,918 1524,909 1522,909 1520,909 1517,909 1515,909 1486,916 1471,920 1460,916 1442,909 1440,909 1438,909 1436,909 1405,916 1389,920 1372,916 1345,909 1343,909 1341,909 1296,916 1265,920 1230,916 1182,909 1179,909 952,914 952,951"/>
        <Baseline points="952,951 2870,951"/>
        <TextEquiv conf="0.9951591756608751">
          <Unicode>Div. 1147 in MG. SS. V. 44. „Tertio kal. Aprilis“, Epist. Wibaldi ap. Jaffé Bibl.</Unicode>
        </TextEquiv>
      </TextLine>
      <TextLine id="eSc_line_3cc6c8ed" custom="structure {type:default;}">
        <Coords points="950,1011 950,1037 1129,1035 1129,1011 1129,976 1073,962 1071,962 950,973 950,1011"/>
        <Baseline points="950,1011 1129,1011"/>
        <TextEquiv conf="0.9991595234189715">
          <Unicode>I. 242.</Unicode>
        </TextEquiv>
      </TextLine>
      <TextLine id="eSc_line_e35065c9" custom="structure {type:default;}">
        <Coords points="382,1064 384,1093 430,1077 477,1086 512,1090 514,1090 517,1090 561,1077 561,1064 558,1022 382,1035 382,1064"/>
        <Baseline points="382,1064 561,1064"/>
        <TextEquiv conf="0.9997479557991028">
          <Unicode>„ 31.</Unicode>
        </TextEquiv>
      </TextLine>
      <TextLine id="eSc_line_a3158520" custom="structure {type:default;}">
        <Coords points="894,1064 894,1084 2799,1084 2801,1060 2797,1029 1873,1018 1871,1018 1727,1029 936,1020 934,1020 932,1020 892,1031 894,1064"/>
        <Baseline points="894,1064 2801,1060"/>
        <TextEquiv conf="0.9979269014937537">
          <Unicode>ecclesiam consecrat „in crastino, 2 videlicet feria“. Annal. S. Ben. Div. 1147 I. I.</Unicode>
        </TextEquiv>
      </TextLine>
      <TextLine id="eSc_line_9368273d" custom="structure {type:default;}">
        <Coords points="344,1119 344,1146 399,1157 402,1157 404,1157 461,1143 492,1135 499,1141 528,1163 530,1163 532,1163 534,1166 605,1166 605,1163 607,1163 662,1135 667,1132 671,1135 684,1143 687,1143 689,1143 835,1146 837,1146 839,1146 868,1128 868,1115 861,1086 837,1086 835,1086 815,1068 815,1066 813,1066 810,1066 808,1066 806,1066 771,1077 757,1064 755,1064 753,1064 689,1064 687,1064 684,1064 587,1088 585,1088 583,1088 508,1073 505,1073 503,1073 501,1073 501,1075 483,1090 437,1090 360,1071 357,1071 355,1071 353,1071 353,1073 342,1082 344,1119"/>
        <Baseline points="344,1119 868,1115"/>
        <TextEquiv conf="0.9988945157904374">
          <Unicode>Apr. 3. ap. Masnile</Unicode>
        </TextEquiv>
      </TextLine>
      <TextLine id="eSc_line_b670f67d" custom="structure {type:default;}">
        <Coords points="881,1115 881,1141 2874,1141 2874,1115 2872,1084 881,1084 881,1115"/>
        <Baseline points="881,1115 2874,1115"/>
        <TextEquiv conf="0.9872188325538191">
          <Unicode>9013 (6294) Parthenonis Tartensis, petente. Elisabeth abbatissa, protectionem suscipit</Unicode>
        </TextEquiv>
      </TextLine>
      <TextLine id="eSc_line_5848b2ef" custom="structure {type:default;}">
        <Coords points="609,1174 609,1210 835,1214 837,1170 830,1139 607,1141 609,1174"/>
        <Baseline points="609,1174 837,1170"/>
        <TextEquiv conf="0.9999955495198568">
          <Unicode>Lamtrerti</Unicode>
        </TextEquiv>
      </TextLine>
      <TextLine id="eSc_line_313d1cde" custom="structure {type:default;}">
        <Coords points="945,1174 945,1194 1042,1207 1045,1207 1299,1196 1305,1196 1307,1196 1405,1207 1407,1207 2872,1196 2872,1174 2872,1143 945,1143 945,1174"/>
        <Baseline points="945,1174 2872,1174"/>
        <TextEquiv conf="0.9951224734143513">
          <Unicode>ac possessiones et privilegia confirmat. Plancher Hist. de Bourgogne I. Pr. p. 47,</Unicode>
        </TextEquiv>
      </TextLine>
      <TextLine id="eSc_line_89268221" custom="structure {type:default;}">
        <Coords points="954,1225 954,1245 992,1258 994,1258 996,1258 1102,1247 1226,1258 1228,1258 1230,1258 1274,1247 1509,1247 1520,1256 1520,1258 1522,1258 1524,1258 1526,1258 2048,1245 2048,1225 2048,1194 954,1194 954,1225"/>
        <Baseline points="954,1225 2048,1225"/>
        <TextEquiv conf="0.9995351974354234">
          <Unicode>Migne 180 p. 1199. — „Desiderium, quod ad“.</Unicode>
        </TextEquiv>
      </TextLine>
      <TextLine id="eSc_line_3f3597c8" custom="structure {type:default;}">
        <Coords points="373,1291 373,1318 419,1322 421,1322 424,1322 426,1322 433,1318 466,1298 554,1313 556,1287 550,1238 371,1258 373,1291"/>
        <Baseline points="373,1291 556,1287"/>
        <TextEquiv conf="0.9999997615814209">
          <Unicode>„ 4.</Unicode>
        </TextEquiv>
      </TextLine>
      <TextLine id="eSc_line_de9de91c" custom="structure {type:default;}">
        <Coords points="691,1294 691,1305 737,1316 740,1316 742,1316 766,1302 766,1294 766,1267 691,1267 691,1294"/>
        <Baseline points="691,1294 766,1294"/>
        <TextEquiv conf="0.9923510253429413">
          <Unicode>„)</Unicode>
        </TextEquiv>
      </TextLine>
      <TextLine id="eSc_line_926d6231" custom="structure {type:default;}">
        <Coords points="901,1280 901,1305 2872,1300 2874,1276 2870,1245 2182,1232 2180,1232 2094,1243 2019,1232 2017,1232 1877,1245 1853,1245 1765,1245 1319,1234 1316,1234 1250,1245 1237,1245 1219,1245 1129,1234 1126,1234 899,1243 901,1280"/>
        <Baseline points="901,1280 2874,1276"/>
        <TextEquiv conf="0.9991119068402511">
          <Unicode>9014 (6295) (Amedeo) Lugdunensi et (Humberto) Vesontionensi archiepiscopis, et</Unicode>
        </TextEquiv>
      </TextLine>
      <TextLine id="eSc_line_f746be5b" custom="structure {type:default;}">
        <Coords points="954,1338 954,1362 976,1373 978,1373 980,1373 983,1373 1007,1360 1009,1360 1020,1360 1120,1371 1122,1371 1124,1371 1126,1371 1142,1360 1146,1360 1177,1360 1374,1369 1376,1369 1425,1360 1449,1358 1495,1360 1619,1371 1621,1371 1897,1362 2087,1355 2107,1362 2125,1369 2127,1369 2129,1369 2235,1362 2311,1358 2341,1362 2383,1369 2386,1369 2423,1362 2478,1353 2870,1362 2874,1329 2870,1302 1913,1294 1911,1294 1822,1305 974,1298 972,1298 969,1298 967,1298 952,1305 954,1338"/>
        <Baseline points="954,1338 2874,1329"/>
        <TextEquiv conf="0.9951042017818968">
          <Unicode>(Pontio) Matisconensi ac (Walterio) Cabilonensi episcopis scribit de conservandis</Unicode>
        </TextEquiv>
      </TextLine>
      <TextLine id="eSc_line_829d70fe" custom="structure {type:default;}">
        <Coords points="952,1393 952,1419 2872,1419 2874,1389 2867,1358 950,1360 952,1393"/>
        <Baseline points="952,1393 2874,1389"/>
        <TextEquiv conf="0.9989256695622489">
          <Unicode>monasterii Trenorciensis finibus. Juenin Nouv. hist. de Tournus. Pr. p. 163, Bouquet</Unicode>
        </TextEquiv>
      </TextLine>
      <TextLine id="eSc_line_bd4a89c5" custom="structure {type:default;}">
        <Coords points="954,1446 954,1466 1407,1477 1409,1477 1562,1466 1610,1477 1612,1477 1615,1477 1617,1477 1619,1477 1634,1466 2167,1475 2169,1475 2171,1475 2198,1464 2207,1472 2207,1475 2209,1475 2211,1475 2213,1477 2333,1477 2333,1475 2335,1475 2379,1461 2379,1442 2372,1411 952,1411 954,1446"/>
        <Baseline points="954,1446 2379,1442"/>
        <TextEquiv conf="0.9988700967085989">
          <Unicode>Rec. XV. 443, Migne 180 p. 1201. — „Praedecessor noster“.</Unicode>
        </TextEquiv>
      </TextLine>
      <TextLine id="eSc_line_842af5cd" custom="structure {type:default;}">
        <Coords points="384,1508 386,1534 426,1519 468,1528 497,1532 499,1532 552,1519 552,1503 545,1453 490,1455 488,1455 486,1455 479,1461 457,1477 382,1477 384,1508"/>
        <Baseline points="384,1508 552,1503"/>
        <TextEquiv conf="0.9999999046325684">
          <Unicode>„ 10.</Unicode>
        </TextEquiv>
      </TextLine>
      <TextLine id="eSc_line_e45bac93" custom="structure {type:default;}">
        <Coords points="642,1506 642,1521 713,1532 715,1532 808,1517 808,1501 802,1466 640,1468 642,1506"/>
        <Baseline points="642,1506 808,1501"/>
        <TextEquiv conf="1.0">
          <Unicode>Trecis</Unicode>
        </TextEquiv>
      </TextLine>
      <TextLine id="eSc_line_4cc8dd01" custom="structure {type:default;}">
        <Coords points="901,1497 899,1519 914,1530 916,1530 919,1530 921,1530 2874,1521 2876,1501 2876,1468 901,1464 901,1497"/>
        <Baseline points="901,1497 2876,1501"/>
        <TextEquiv conf="0.9968979152349325">
          <Unicode>9015 (6296) Monasterium Ranshovense protegendum suscipit, eiusque bona ac iura</Unicode>
        </TextEquiv>
      </TextLine>
      <TextLine id="eSc_line_47692581" custom="structure {type:default;}">
        <Coords points="954,1554 952,1574 998,1587 1000,1587 1003,1587 1911,1578 1935,1590 1937,1590 1939,1590 2870,1578 2872,1559 2870,1525 954,1523 954,1554"/>
        <Baseline points="954,1554 2872,1559"/>
        <TextEquiv conf="0.99997760900637">
          <Unicode>confirmat, petente Manegoldo praeposito. Mon. Boic. III. 316, Hund III. 208, Orig.</Unicode>
        </TextEquiv>
      </TextLine>
      <TextLine id="eSc_line_c8b17df0" custom="structure {type:default;}">
        <Coords points="954,1614 954,1636 2870,1634 2872,1609 2867,1578 976,1570 974,1570 972,1570 952,1578 954,1614"/>
        <Baseline points="954,1614 2872,1609"/>
        <TextEquiv conf="0.9961370176229721">
          <Unicode>Guelf. III. 471, Urkundenb. des Landes ob der Enns II. 225, Migne 180 p. 1201.</Unicode>
        </TextEquiv>
      </TextLine>
      <TextLine id="eSc_line_2b859b76" custom="structure {type:default;}">
        <Coords points="954,1667 954,1684 1221,1696 1224,1696 1226,1696 1228,1696 1243,1682 1246,1682 1252,1682 1310,1693 1312,1693 1531,1680 1533,1662 1528,1631 1060,1625 1058,1625 952,1636 954,1667"/>
        <Baseline points="954,1667 1533,1662"/>
        <TextEquiv conf="0.9999990566917087">
          <Unicode>— „Ad hoc universalis“.</Unicode>
        </TextEquiv>
      </TextLine>
      <TextLine id="eSc_line_b1a889f9" custom="structure {type:default;}">
        <Coords points="384,1731 384,1755 479,1749 547,1757 596,1764 598,1764 600,1764 603,1764 614,1757 636,1744 676,1757 684,1760 687,1760 689,1760 863,1755 863,1722 857,1660 737,1676 709,1671 687,1667 684,1667 682,1667 667,1673 629,1691 545,1684 499,1680 497,1680 494,1680 479,1689 463,1698 382,1698 384,1731"/>
        <Baseline points="384,1731 863,1722"/>
        <TextEquiv conf="0.9808812580610576">
          <Unicode>„ 11. in territorio</Unicode>
        </TextEquiv>
      </TextLine>
      <TextLine id="eSc_line_6dc582e7" custom="structure {type:default;}">
        <Coords points="899,1722 899,1749 1539,1760 1542,1760 1606,1746 1615,1746 1626,1746 1696,1757 1699,1757 1800,1746 1813,1746 1831,1746 2017,1757 2019,1757 2021,1757 2068,1746 2083,1757 2085,1757 2087,1757 2090,1760 2211,1760 2211,1757 2213,1757 2235,1746 2693,1755 2695,1755 2870,1742 2872,1715 2865,1680 897,1687 899,1722"/>
        <Baseline points="899,1722 2872,1715"/>
        <TextEquiv conf="0.994136513665665">
          <Unicode>9016 Parthenonis Burburgensis tutelam suscipit ac possessiones confirmat, Claricia ab-</Unicode>
        </TextEquiv>
      </TextLine>
      <TextLine id="eSc_line_eb1587da" custom="structure {type:default;}">
        <Coords points="618,1775 616,1819 678,1830 680,1830 682,1830 684,1830 693,1826 715,1813 786,1813 821,1832 828,1779 826,1744 618,1740 618,1775"/>
        <Baseline points="618,1775 828,1779"/>
        <TextEquiv conf="0.9999116733670235">
          <Unicode>Trecensi</Unicode>
        </TextEquiv>
      </TextLine>
      <TextLine id="eSc_line_afc5ce45" custom="structure {type:default;}">
        <Coords points="956,1779 956,1802 2867,1806 2872,1773 2865,1742 954,1742 956,1779"/>
        <Baseline points="956,1779 2872,1773"/>
        <TextEquiv conf="0.9949960287024335">
          <Unicode>batissa et Bernardo abbate Claravallensi petentibus. In Bibl. nat. Paris. Chartul.</Unicode>
        </TextEquiv>
      </TextLine>
      <TextLine id="eSc_line_c671e08b" custom="structure {type:default;}">
        <Coords points="954,1835 954,1857 1796,1866 1798,1866 1800,1866 1802,1866 1818,1855 2039,1863 2041,1863 2454,1850 2478,1850 2481,1850 2494,1861 2496,1861 2498,1861 2501,1863 2850,1863 2850,1861 2852,1861 2854,1861 2874,1848 2874,1826 2870,1797 952,1797 954,1835"/>
        <Baseline points="954,1835 2874,1826"/>
        <TextEquiv conf="0.9965128324118006">
          <Unicode>Broburg. ms. lat. 9921 sec. livre f. 3“, ms. lat. 9126 f. 196“. — „Religiosis desi-</Unicode>
        </TextEquiv>
      </TextLine>
      <TextLine id="eSc_line_fd3d597c" custom="structure {type:default;}">
        <Coords points="954,1888 954,1905 1069,1916 1071,1916 1073,1916 1102,1905 1117,1916 1120,1916 1122,1916 1124,1916 1314,1901 1316,1883 1312,1857 1142,1846 1140,1846 1137,1846 1109,1857 974,1848 972,1848 969,1848 967,1848 952,1855 954,1888"/>
        <Baseline points="954,1888 1316,1883"/>
        <TextEquiv conf="0.9999995470046997">
          <Unicode>deriis dignum“.</Unicode>
        </TextEquiv>
      </TextLine>
      <TextLine id="eSc_line_122fc554" custom="structure {type:default;}">
        <Coords points="375,1952 375,1969 519,1987 521,1987 523,1987 565,1965 565,1947 558,1894 373,1916 375,1952"/>
        <Baseline points="375,1952 565,1947"/>
        <TextEquiv conf="0.9995097279548645">
          <Unicode>„ 11.</Unicode>
        </TextEquiv>
      </TextLine>
      <TextLine id="eSc_line_6d393a76" custom="structure {type:default;}">
        <Coords points="678,1956 678,1974 768,1963 768,1956 768,1930 678,1930 678,1956"/>
        <Baseline points="678,1956 768,1956"/>
        <TextEquiv conf="0.9993269741535187">
          <Unicode>„„</Unicode>
        </TextEquiv>
      </TextLine>
      <TextLine id="eSc_line_e83b5c17" custom="structure {type:default;}">
        <Coords points="905,1936 903,1963 2874,1967 2878,1941 2876,1910 905,1905 905,1936"/>
        <Baseline points="905,1936 2878,1941"/>
        <TextEquiv conf="0.999923116471394">
          <Unicode>9017 (6297) Omnibus sociis belli cum „Slavis ceterisque paganis habitantibus versus</Unicode>
        </TextEquiv>
      </TextLine>
      <TextLine id="eSc_line_9d43f22d" custom="structure {type:default;}">
        <Coords points="954,1998 954,2027 2874,2022 2876,1991 2870,1958 952,1961 954,1998"/>
        <Baseline points="954,1998 2876,1991"/>
        <TextEquiv conf="0.9985071486089288">
          <Unicode>aquilonem“ suscipiendi eamdem delictorum veniam tribuit, qua fruantur Hierosolymam</Unicode>
        </TextEquiv>
      </TextLine>
      <TextLine id="eSc_line_b346223f" custom="structure {type:default;}">
        <Coords points="956,2053 956,2075 2867,2082 2872,2049 2865,2022 954,2025 956,2053"/>
        <Baseline points="956,2053 2872,2049"/>
        <TextEquiv conf="0.9999460338092432">
          <Unicode>euntes; eorum bona tuenda suscipit; eosque, ut A(nselmi), episcopi Havelbergensis,</Unicode>
        </TextEquiv>
      </TextLine>
      <TextLine id="eSc_line_c1e33a1a" custom="structure {type:default;}">
        <Coords points="958,2108 958,2133 1486,2144 1489,2144 1491,2144 1520,2133 1641,2142 1643,2142 1734,2131 1747,2131 1765,2131 1939,2144 1942,2144 2028,2131 2030,2131 2032,2131 2109,2144 2112,2144 2114,2144 2143,2131 2174,2144 2176,2144 2178,2144 2284,2128 2295,2128 2313,2142 2315,2142 2317,2142 2319,2144 2465,2144 2465,2142 2467,2142 2470,2142 2487,2128 2529,2142 2531,2142 2534,2142 2680,2128 2682,2128 2686,2128 2812,2142 2814,2142 2816,2142 2876,2126 2876,2102 2870,2075 956,2078 958,2108"/>
        <Baseline points="958,2108 2876,2102"/>
        <TextEquiv conf="0.9991286487518987">
          <Unicode>utantur consiliis, monet. Fidem christianam vetat pretio paganis remitti. Regem</Unicode>
        </TextEquiv>
      </TextLine>
      <TextLine id="eSc_line_908c124b" custom="structure {type:default;}">
        <Coords points="958,2164 958,2186 2874,2181 2876,2159 2870,2128 956,2131 958,2164"/>
        <Baseline points="958,2164 2876,2159"/>
        <TextEquiv conf="0.9999997283838973">
          <Unicode>Hispaniarum quoque scribit bellum contra Saracenos Iberiae comparare. Boczek C.</Unicode>
        </TextEquiv>
      </TextLine>
      <TextLine id="eSc_line_7616a216" custom="structure {type:default;}">
        <Coords points="956,2221 956,2243 1478,2243 1480,2243 1548,2254 1551,2254 1615,2241 1623,2241 1913,2241 1924,2241 2092,2252 2094,2252 2151,2241 2299,2250 2302,2250 2304,2250 2306,2250 2324,2239 2326,2239 2520,2239 2523,2239 2538,2250 2540,2250 2543,2250 2545,2252 2843,2252 2843,2250 2845,2250 2876,2237 2876,2214 2872,2184 954,2184 956,2221"/>
        <Baseline points="956,2221 2876,2214"/>
        <TextEquiv conf="0.9992349609732628">
          <Unicode>D. M. I. 244, Meklenburg. Urkundenb. I. 36, Migne 180 p. 1203. — „Divini dispen-</Unicode>
        </TextEquiv>
      </TextLine>
      <TextLine id="eSc_line_2999b920" custom="structure {type:default;}">
        <Coords points="956,2270 954,2285 972,2298 974,2298 976,2298 1069,2301 1071,2301 1162,2285 1164,2274 1162,2243 956,2239 956,2270"/>
        <Baseline points="956,2270 1164,2274"/>
        <TextEquiv conf="0.9986286560694376">
          <Unicode>satione“.</Unicode>
        </TextEquiv>
      </TextLine>
      <TextLine id="eSc_line_8640db26" custom="structure {type:default;}">
        <Coords points="386,2338 386,2356 567,2356 567,2329 561,2281 384,2307 386,2338"/>
        <Baseline points="386,2338 567,2329"/>
        <TextEquiv conf="0.9999225378036499">
          <Unicode>„ 13.</Unicode>
        </TextEquiv>
      </TextLine>
      <TextLine id="eSc_line_961ec569" custom="structure {type:default;}">
        <Coords points="625,2332 625,2356 755,2371 757,2371 760,2371 826,2349 826,2325 821,2276 748,2265 746,2265 623,2283 625,2332"/>
        <Baseline points="625,2332 826,2325"/>
        <TextEquiv conf="0.9999718580927167">
          <Unicode>Provini</Unicode>
        </TextEquiv>
      </TextLine>
      <TextLine id="eSc_line_5fb77117" custom="structure {type:default;}">
        <Coords points="903,2327 903,2356 2870,2349 2872,2320 2865,2287 901,2292 903,2327"/>
        <Baseline points="903,2327 2872,2320"/>
        <TextEquiv conf="0.9983394690501837">
          <Unicode>9018 Eustachio, abbati Gemeticensi, privilegium concedit. Neues Archiv VII. 92. —</Unicode>
        </TextEquiv>
      </TextLine>
      <TextLine id="eSc_line_db7bb922" custom="structure {type:default;}">
        <Coords points="961,2385 961,2407 1363,2404 1363,2385 1363,2351 961,2351 961,2385"/>
        <Baseline points="961,2385 1363,2385"/>
        <TextEquiv conf="0.999999052948422">
          <Unicode>„Piae postulatio“.</Unicode>
        </TextEquiv>
      </TextLine>
      <TextLine id="eSc_line_d93c3aea" custom="structure {type:default;}">
        <Coords points="384,2446 386,2497 428,2497 428,2495 430,2495 433,2495 433,2493 459,2471 563,2488 563,2440 561,2393 525,2380 523,2380 521,2380 519,2380 455,2400 446,2402 441,2400 404,2385 402,2385 399,2385 397,2385 395,2385 395,2387 382,2398 384,2446"/>
        <Baseline points="384,2446 563,2440"/>
        <TextEquiv conf="0.9977126479148865">
          <Unicode>„ 14.</Unicode>
        </TextEquiv>
      </TextLine>
      <TextLine id="eSc_line_73bd7b33" custom="structure {type:default;}">
        <Coords points="905,2433 905,2460 2881,2460 2881,2433 2881,2407 905,2407 905,2433"/>
        <Baseline points="905,2433 2881,2433"/>
        <TextEquiv conf="0.9942629174107597">
          <Unicode>9019 Monasterii S. Lupi Trecensis patrocinium suscipit, possessionesque et iura con-</Unicode>
        </TextEquiv>
      </TextLine>
      <TextLine id="eSc_line_abd307d8" custom="structure {type:default;}">
        <Coords points="963,2495 963,2521 2878,2521 2881,2488 2874,2460 961,2462 963,2495"/>
        <Baseline points="963,2495 2881,2488"/>
        <TextEquiv conf="0.9748583252613361">
          <Unicode>firmat, petente Evrardo abbate. (Clausula mendosa). Lalore Cart. de S. Loup de</Unicode>
        </TextEquiv>
      </TextLine>
      <TextLine id="eSc_line_b4f916aa" custom="structure {type:default;}">
        <Coords points="963,2548 963,2568 1586,2579 1588,2579 1690,2566 1701,2566 1705,2566 1738,2577 1741,2577 1743,2579 1931,2579 1931,2577 1933,2577 1935,2577 1935,2574 1944,2568 1957,2577 1959,2577 1961,2577 1964,2577 2048,2566 2050,2566 2052,2566 2174,2577 2176,2577 2178,2577 2224,2563 2224,2544 2218,2515 961,2515 963,2548"/>
        <Baseline points="963,2548 2224,2544"/>
        <TextEquiv conf="0.9978766967268551">
          <Unicode>Troyes p. 33. — „Quum (corr.: Quoniam) sine verae“.</Unicode>
        </TextEquiv>
      </TextLine>
      <TextLine id="eSc_line_5971af48" custom="structure {type:default;}">
        <Coords points="386,2608 386,2625 410,2636 413,2636 415,2636 417,2636 419,2636 419,2634 428,2625 433,2623 536,2623 541,2625 603,2638 605,2638 607,2638 609,2638 629,2625 638,2619 662,2625 704,2636 707,2636 709,2636 870,2623 872,2599 863,2552 819,2566 795,2555 788,2552 786,2552 784,2552 678,2555 676,2555 653,2561 627,2570 545,2570 545,2568 534,2559 534,2557 532,2557 530,2557 528,2557 384,2574 386,2608"/>
        <Baseline points="386,2608 872,2599"/>
        <TextEquiv conf="0.954924928514581">
          <Unicode>„ 15. in territorio</Unicode>
        </TextEquiv>
      </TextLine>
      <TextLine id="eSc_line_346436cd" custom="structure {type:default;}">
        <Coords points="905,2603 905,2627 2876,2632 2881,2599 2874,2568 2545,2570 2523,2568 2456,2559 2454,2559 2452,2559 2450,2559 2436,2568 2432,2572 2271,2572 2264,2570 2231,2559 2229,2559 2227,2559 2224,2559 2222,2559 2209,2570 2204,2572 1964,2572 1961,2570 1944,2559 1942,2559 1939,2559 1937,2559 1866,2570 1851,2572 1782,2570 1489,2561 1486,2561 1402,2572 1394,2572 1369,2572 1075,2561 1073,2561 1071,2561 1045,2572 934,2561 932,2561 930,2561 903,2570 905,2603"/>
        <Baseline points="905,2603 2881,2599"/>
        <TextEquiv conf="0.9998696411357206">
          <Unicode>9020 (6298) Monasterii Fusniacensis protectionem suscipit, possessionesque confirmat,</Unicode>
        </TextEquiv>
      </TextLine>
      <TextLine id="eSc_line_7d7d8964" custom="structure {type:default;}">
        <Coords points="616,2661 616,2696 802,2698 804,2698 806,2698 841,2683 841,2656 837,2627 625,2614 623,2614 620,2614 618,2614 618,2616 616,2616 614,2619 616,2661"/>
        <Baseline points="616,2661 841,2656"/>
        <TextEquiv conf="0.981435127556324">
          <Unicode>Meldensi</Unicode>
        </TextEquiv>
      </TextLine>
      <TextLine id="eSc_line_6137df1e" custom="structure {type:default;}">
        <Coords points="963,2658 963,2689 2878,2683 2881,2654 2876,2627 1922,2616 1919,2616 1917,2616 1886,2627 1155,2619 1153,2619 961,2630 963,2658"/>
        <Baseline points="963,2658 2881,2654"/>
        <TextEquiv conf="0.9981823032949029">
          <Unicode>petente Goswino abbate. De Lancy Hist. Fusniac. coenobii p. 24, Migne 180 p. 1204.</Unicode>
        </TextEquiv>
      </TextLine>
      <TextLine id="eSc_line_7db56272" custom="structure {type:default;}">
        <Coords points="963,2714 963,2733 1036,2733 1049,2744 1049,2747 1051,2747 1053,2747 1056,2747 1290,2733 1628,2747 1630,2747 1743,2731 1743,2714 1743,2683 963,2683 963,2714"/>
        <Baseline points="963,2714 1743,2714"/>
        <TextEquiv conf="0.995479677662705">
          <Unicode>— „Religiosis desideriis dignum“.</Unicode>
        </TextEquiv>
      </TextLine>
      <TextLine id="eSc_line_170ab3be" custom="structure {type:default;}">
        <Coords points="399,2773 402,2802 430,2789 534,2800 572,2804 574,2804 605,2800 660,2791 868,2795 872,2769 868,2738 830,2738 804,2716 802,2716 799,2716 797,2716 640,2720 623,2707 623,2705 620,2705 618,2705 552,2705 550,2705 547,2705 479,2738 475,2738 397,2738 399,2773"/>
        <Baseline points="399,2773 872,2769"/>
        <TextEquiv conf="0.9990597806478801">
          <Unicode>„ 19. ap. S. Diony-</Unicode>
        </TextEquiv>
      </TextLine>
      <TextLine id="eSc_line_3f3b306f" custom="structure {type:default;}">
        <Coords points="908,2769 908,2793 2878,2786 2881,2762 2876,2725 905,2725 908,2769"/>
        <Baseline points="908,2769 2881,2762"/>
        <TextEquiv conf="0.9982926395050314">
          <Unicode>9021 Monasterii Bellipratensis protectionem suscipit, possessionesque ac decumarum im-</Unicode>
        </TextEquiv>
      </TextLine>
      <TextLine id="eSc_line_03e39444" custom="structure {type:default;}">
        <Coords points="658,2824 658,2866 799,2846 799,2824 799,2793 658,2793 658,2824"/>
        <Baseline points="658,2824 799,2824"/>
        <TextEquiv conf="0.9999999105930328">
          <Unicode>sium</Unicode>
        </TextEquiv>
      </TextLine>
      <TextLine id="eSc_line_ac2b5ad7" custom="structure {type:default;}">
        <Coords points="961,2824 961,2846 1595,2857 1597,2857 1599,2857 1641,2844 1648,2844 1657,2844 1716,2855 1718,2855 1836,2844 1851,2844 1884,2844 2227,2855 2229,2855 2231,2855 2233,2855 2249,2844 2463,2853 2465,2853 2467,2853 2487,2842 2492,2842 2872,2842 2874,2817 2867,2791 958,2795 961,2824"/>
        <Baseline points="961,2824 2874,2817"/>
        <TextEquiv conf="0.9998918771743774">
          <Unicode>munitatem confirmat, petente Hugone abbate. Pflugk-Harttung Acta I. 194. —</Unicode>
        </TextEquiv>
      </TextLine>
      <TextLine id="eSc_line_1bede675" custom="structure {type:default;}">
        <Coords points="963,2881 963,2901 1166,2912 1168,2912 1170,2912 1201,2901 1208,2901 1380,2910 1383,2910 1449,2899 1455,2899 1462,2899 1584,2912 1586,2912 1654,2897 1657,2877 1652,2848 1323,2837 1321,2837 1224,2848 994,2839 992,2839 989,2839 961,2850 963,2881"/>
        <Baseline points="963,2881 1657,2877"/>
        <TextEquiv conf="0.9946717889078202">
          <Unicode>„Religiosis desideriis dignum“.</Unicode>
        </TextEquiv>
      </TextLine>
      <TextLine id="eSc_line_835f383e" custom="structure {type:default;}">
        <Coords points="391,2939 391,2952 415,2965 417,2965 419,2965 421,2965 424,2965 424,2963 426,2963 433,2956 437,2948 475,2948 492,2959 497,2963 499,2963 501,2963 503,2965 567,2965 567,2934 561,2879 388,2901 391,2939"/>
        <Baseline points="391,2939 567,2934"/>
        <TextEquiv conf="0.9043019056320191">
          <Unicode>„ 20.</Unicode>
        </TextEquiv>
      </TextLine>
      <TextLine id="eSc_line_05bc4ba2" custom="structure {type:default;}">
        <Coords points="634,2934 634,2954 832,2952 832,2930 826,2892 631,2895 634,2934"/>
        <Baseline points="634,2934 832,2930"/>
        <TextEquiv conf="1.0">
          <Unicode>Parisiis</Unicode>
        </TextEquiv>
      </TextLine>
      <TextLine id="eSc_line_ca1631b9" custom="structure {type:default;}">
        <Coords points="914,2939 914,2965 2878,2948 2881,2926 2874,2892 912,2903 914,2939"/>
        <Baseline points="914,2939 2881,2926"/>
        <TextEquiv conf="0.993913460208709">
          <Unicode>„Pascha“. Balderici Gesta Alber. c. 22 in MG. SS. VIII. 254, Annal. Casinenses 1147</Unicode>
        </TextEquiv>
      </TextLine>
      <TextLine id="eSc_line_4c5ea0a7" custom="structure {type:default;}">
        <Coords points="963,2990 963,3009 1338,3009 1338,2990 1338,2956 989,2943 987,2943 985,2943 963,2954 963,2990"/>
        <Baseline points="963,2990 1338,2990"/>
        <TextEquiv conf="0.9988989949226379">
          <Unicode>ibid. XIX. 310.</Unicode>
        </TextEquiv>
      </TextLine>
      <TextLine id="eSc_line_50e66a10" custom="structure {type:default;}">
        <Coords points="391,3047 391,3076 399,3082 402,3082 404,3082 406,3082 461,3074 475,3071 479,3074 499,3091 499,3093 501,3093 503,3093 505,3093 570,3080 609,3091 612,3091 614,3091 616,3091 645,3080 667,3071 872,3087 874,3040 870,3014 726,2996 724,2996 722,2996 720,2996 720,2998 707,3014 680,3001 678,3001 676,3001 673,3001 645,3014 603,2994 600,2994 550,2994 547,2994 545,2994 475,3016 472,3018 388,3018 391,3047"/>
        <Baseline points="391,3047 874,3040"/>
        <TextEquiv conf="0.9661512531732258">
          <Unicode>„ 20. ap. S. Diony-</Unicode>
        </TextEquiv>
      </TextLine>
      <TextLine id="eSc_line_ff385e6d" custom="structure {type:default;}">
        <Coords points="910,3043 910,3065 945,3080 947,3080 950,3080 1031,3067 1288,3067 1319,3080 1321,3080 1323,3080 1513,3067 1559,3080 1562,3080 1564,3080 1687,3065 1763,3076 1765,3076 1849,3067 1873,3078 1875,3078 1877,3078 1880,3078 1882,3078 1897,3067 1913,3078 1915,3078 1917,3078 1919,3080 2222,3080 2222,3078 2224,3078 2255,3062 2810,3076 2812,3076 2885,3058 2885,3036 2881,3007 930,3001 927,3001 925,3001 923,3001 908,3007 910,3043"/>
        <Baseline points="910,3043 2885,3036"/>
        <TextEquiv conf="0.9988378711130427">
          <Unicode>9022 Ecclesiae Verdensis tutelam suscipit, possessionesque et libertates confirmat, pe-</Unicode>
        </TextEquiv>
      </TextLine>
      <TextLine id="eSc_line_b78a04d2" custom="structure {type:default;}">
        <Coords points="665,3100 667,3144 718,3131 797,3133 799,3100 799,3062 665,3062 665,3100"/>
        <Baseline points="665,3100 799,3100"/>
        <TextEquiv conf="0.9999992847442627">
          <Unicode>sium</Unicode>
        </TextEquiv>
      </TextLine>
      <TextLine id="eSc_line_7efb0ed2" custom="structure {type:default;}">
        <Coords points="965,3098 965,3120 1294,3131 1296,3131 1360,3122 1374,3120 1376,3122 1394,3135 1396,3135 1398,3135 1400,3135 1526,3133 1528,3133 1564,3122 1577,3118 1608,3122 1690,3133 1692,3133 1995,3131 1997,3131 2017,3122 2023,3120 2041,3122 2098,3131 2101,3131 2103,3131 2129,3122 2151,3115 2163,3122 2169,3127 2171,3127 2174,3127 2176,3127 2251,3122 2406,3113 2487,3113 2503,3122 2512,3129 2514,3129 2516,3129 2518,3129 2878,3122 2881,3089 2874,3062 963,3069 965,3098"/>
        <Baseline points="965,3098 2881,3089"/>
        <TextEquiv conf="0.994284014995784">
          <Unicode>tente Thietmaro episcopo. Pflngk-Harttung Acta I. 191. — „Commissae nobis</Unicode>
        </TextEquiv>
      </TextLine>
      <TextLine id="eSc_line_777dd50b" custom="structure {type:default;}">
        <Coords points="963,3155 963,3171 994,3184 996,3184 998,3184 1199,3182 1201,3182 1252,3166 1252,3151 1248,3120 1124,3109 1122,3109 1120,3109 1117,3109 1098,3122 961,3122 963,3155"/>
        <Baseline points="963,3155 1252,3151"/>
        <TextEquiv conf="0.9999924256251409">
          <Unicode>apostolicae“.</Unicode>
        </TextEquiv>
      </TextLine>
      <TextLine id="eSc_line_e495b7f1" custom="structure {type:default;}">
        <Coords points="395,3215 395,3233 477,3224 494,3241 501,3246 501,3248 503,3248 505,3248 508,3248 570,3244 570,3208 563,3149 508,3151 505,3151 503,3151 483,3164 457,3184 393,3184 395,3215"/>
        <Baseline points="395,3215 570,3208"/>
        <TextEquiv conf="0.9999515414237976">
          <Unicode>„ 20.</Unicode>
        </TextEquiv>
      </TextLine>
      <TextLine id="eSc_line_c7f2f53f" custom="structure {type:default;}">
        <Coords points="704,3219 704,3233 782,3230 782,3219 782,3193 704,3193 704,3219"/>
        <Baseline points="704,3219 782,3219"/>
        <TextEquiv conf="1.0">
          <Unicode>„„</Unicode>
        </TextEquiv>
      </TextLine>
      <TextLine id="eSc_line_f97ab56b" custom="structure {type:default;}">
        <Coords points="916,3208 916,3230 2881,3224 2883,3202 2876,3173 914,3175 916,3208"/>
        <Baseline points="916,3208 2883,3202"/>
        <TextEquiv conf="0.9999902553336565">
          <Unicode>9023 Monasterii Hasnoniensis protectionem suscipit, possessionesque confirmat, petente</Unicode>
        </TextEquiv>
      </TextLine>
      <TextLine id="eSc_line_17786777" custom="structure {type:default;}">
        <Coords points="963,3266 963,3294 2883,3283 2883,3257 2878,3228 1442,3221 1440,3221 1438,3221 1411,3233 976,3224 974,3224 972,3224 969,3224 961,3230 963,3266"/>
        <Baseline points="963,3266 2883,3257"/>
        <TextEquiv conf="0.9956746039719417">
          <Unicode>Fulcone abbate. In Bibl. nat. Paris. Coll. Moreau t. 63. f. 4. — „Religiosis desideriis</Unicode>
        </TextEquiv>
      </TextLine>
      <TextLine id="eSc_line_078e4fb6" custom="structure {type:default;}">
        <Coords points="963,3319 963,3341 1184,3341 1184,3319 1184,3286 963,3286 963,3319"/>
        <Baseline points="963,3319 1184,3319"/>
        <TextEquiv conf="0.9995444715023041">
          <Unicode>dignum“.</Unicode>
        </TextEquiv>
      </TextLine>
      <TextLine id="eSc_line_ff75a651" custom="structure {type:default;}">
        <Coords points="395,3378 397,3407 457,3389 494,3394 556,3403 558,3403 561,3403 563,3403 563,3400 581,3383 581,3372 576,3314 503,3303 501,3303 499,3303 497,3303 497,3305 468,3330 455,3343 393,3343 395,3378"/>
        <Baseline points="395,3378 581,3372"/>
        <TextEquiv conf="0.9999969005584717">
          <Unicode>„ 20.</Unicode>
        </TextEquiv>
      </TextLine>
      <TextLine id="eSc_line_e1015ee1" custom="structure {type:default;}">
        <Coords points="676,3378 673,3400 777,3403 782,3383 782,3350 676,3350 676,3378"/>
        <Baseline points="676,3378 782,3383"/>
        <TextEquiv conf="0.9994927644729614">
          <Unicode>„</Unicode>
        </TextEquiv>
      </TextLine>
      <TextLine id="eSc_line_1bbea591" custom="structure {type:default;}">
        <Coords points="916,3378 916,3409 987,3398 1014,3409 1016,3409 1018,3409 1630,3394 2143,3400 2145,3400 2147,3400 2149,3400 2165,3389 2180,3400 2182,3400 2185,3400 2187,3403 2311,3403 2315,3403 2315,3400 2432,3389 2545,3398 2547,3398 2549,3398 2571,3387 2593,3398 2596,3398 2598,3398 2657,3385 2673,3396 2675,3396 2677,3396 2680,3398 2878,3398 2881,3363 2874,3332 914,3345 916,3378"/>
        <Baseline points="916,3378 2881,3363"/>
        <TextEquiv conf="0.9966134041188711">
          <Unicode>„in pascha magnifice suscipitur et coronatur“. Chron. S. Dionysii 1146 ap. D&#x27;Achery</Unicode>
        </TextEquiv>
      </TextLine>
      <TextLine id="eSc_line_ca5dcf86" custom="structure {type:default;}">
        <Coords points="967,3429 967,3449 1042,3462 1045,3462 1047,3462 1084,3451 1440,3462 1442,3462 1444,3462 1473,3449 1802,3460 1805,3460 1807,3460 1809,3460 1827,3449 2109,3458 2112,3458 2114,3458 2116,3458 2134,3447 2189,3458 2191,3458 2297,3447 2346,3458 2348,3458 2350,3458 2353,3458 2386,3447 2834,3453 2836,3453 2839,3453 2881,3440 2881,3420 2874,3389 965,3398 967,3429"/>
        <Baseline points="967,3429 2881,3420"/>
        <TextEquiv conf="0.9997082511080971">
          <Unicode>Spic. II. 495; Sugerii Liber de reb. in adm. sua gestis ap. Duchesne H. Fr. SS.</Unicode>
        </TextEquiv>
      </TextLine>
      <TextLine id="eSc_line_57e419a8" custom="structure {type:default;}">
        <Coords points="969,3484 969,3511 1829,3524 1831,3524 2032,3522 2034,3522 2037,3522 2041,3517 2054,3509 2083,3517 2094,3522 2096,3522 2098,3524 2322,3524 2322,3522 2337,3520 2394,3509 2434,3520 2441,3522 2443,3522 2445,3522 2470,3520 2587,3511 2604,3522 2607,3522 2609,3522 2611,3524 2874,3524 2876,3480 2870,3447 967,3449 969,3484"/>
        <Baseline points="969,3484 2876,3480"/>
        <TextEquiv conf="0.9946154485265892">
          <Unicode>IV. 345, Bouquet Rec. XII. 99, Odo de Diogilo ap. Chifflet S. Bernardi genus p. 15,</Unicode>
        </TextEquiv>
      </TextLine>
      <TextLine id="eSc_line_db094e9a" custom="structure {type:default;}">
        <Coords points="969,3535 967,3566 1491,3573 1495,3539 1493,3504 969,3500 969,3535"/>
        <Baseline points="969,3535 1495,3539"/>
        <TextEquiv conf="0.9999763397943406">
          <Unicode>Bouquet Rec. XII. 93.</Unicode>
        </TextEquiv>
      </TextLine>
    </TextRegion>
    <TextRegion id="eSc_textblock_c85018d2"  custom="structure {type:default;}">
      <Coords points="1248,176 2026,185 2043,262 1146,271 1155,185 1248,176"/>
      <TextLine id="eSc_line_f7e5d5ec" custom="structure {type:default;}">
        <Coords points="1162,247 1162,265 2012,271 2017,242 2012,203 1805,203 1776,187 1774,187 1771,187 1663,200 1188,189 1186,189 1184,189 1182,189 1159,200 1162,247"/>
        <Baseline points="1162,247 2017,242"/>
        <TextEquiv conf="0.999509759247303">
          <Unicode>ECGENIUS III. 1145—1153.</Unicode>
        </TextEquiv>
      </TextLine>
    </TextRegion>
  </Page>
</PcGts>
