<?xml version="1.0" encoding="UTF-8"  standalone="yes"?>
<PcGts xmlns="http://schema.primaresearch.org/PAGE/gts/pagecontent/2019-07-15" xmlns:xsi="http://www.w3.org/2001/XMLSchema-instance" xsi:schemaLocation="http://schema.primaresearch.org/PAGE/gts/pagecontent/2019-07-15 http://schema.primaresearch.org/PAGE/gts/pagecontent/2019-07-15/pagecontent.xsd">
  <Metadata externalRef="pdf//regestapontificu02cath.pdf">
	<Creator>escriptorium</Creator>
	<Created>2026-01-31T10:25:35.493360+00:00</Created>
        <LastChange>2026-02-01T14:44:24.569923+00:00</LastChange>
  </Metadata>
  <Page imageFilename="regestapontificu02cath.pdf_page_145.png" imageWidth="3007" imageHeight="3975">
    <TextRegion id="eSc_textblock_6fcc5180"  custom="structure {type:default;}">
      <Coords points="1442,291 2706,300 2688,3513 793,3548 377,3495 167,3513 114,3469 88,3336 79,680 123,344 150,300 1442,291"/>
      <TextLine id="eSc_line_04e0b439" custom="structure {type:default;}">
        <Coords points="2125,295 2103,295 2081,295 2059,293 2054,293 2037,293 2014,293 1992,293 1970,293 1948,293 1926,293 1904,293 1882,293 1860,293 1853,293 1798,304 1778,306 1774,304 1756,291 1749,291 1515,293 1513,293 1493,304 1480,309 645,304 647,359 647,399 786,386 2496,382 2498,346 2494,304 2143,295 2125,295"/>
        <Baseline points="647,359 2498,346"/>
        <TextEquiv conf="0.9846692344721626">
          <Unicode>1158. (Ind. 6. — 25. Nept. — 7. pont. a. 4. — 5. LMr. — 5. 1157. — 25. Mart. — 1178.)</Unicode>
        </TextEquiv>
      </TextLine>
      <TextLine id="eSc_line_a15e80b6" custom="structure {type:default;}">
        <Coords points="740,421 740,443 2660,439 2662,417 2657,382 737,377 740,421"/>
        <Baseline points="740,421 2662,417"/>
        <TextEquiv conf="0.9935058118349098">
          <Unicode>Wattenbach in Archiv f. K. österr. Gesch. XIV. 89, cf. ibidem Jaffci commentationem</Unicode>
        </TextEquiv>
      </TextLine>
      <TextLine id="eSc_line_c510dfee" custom="structure {type:default;}">
        <Coords points="735,474 735,501 1710,507 1712,507 1822,499 1851,496 1869,499 1944,507 1946,507 2039,496 2052,496 2054,496 2068,507 2070,507 2072,507 2074,510 2242,510 2242,507 2308,496 2315,496 2322,496 2419,507 2421,507 2476,496 2492,507 2494,507 2496,507 2498,510 2604,510 2604,507 2660,494 2660,474 2660,446 735,446 735,474"/>
        <Baseline points="735,474 2660,474"/>
        <TextEquiv conf="0.9909358907628942">
          <Unicode>p. 60, (Hahn Coll. Mon. I. 122, Pertz Archiv IV. 428). — „Quoniam absque quiete“.</Unicode>
        </TextEquiv>
      </TextLine>
      <TextLine id="eSc_line_2bd2e41e" custom="structure {type:default;}">
        <Coords points="128,530 128,558 612,567 614,530 614,479 446,472 408,443 406,443 404,443 313,443 311,443 309,443 307,443 282,463 260,454 258,454 256,454 254,454 251,454 238,465 223,477 128,463 128,530"/>
        <Baseline points="128,530 614,530"/>
        <TextEquiv conf="0.9192268153031667">
          <Unicode>Mara. 12. Laterani</Unicode>
        </TextEquiv>
      </TextLine>
      <TextLine id="eSc_line_9ea1a2ea" custom="structure {type:default;}">
        <Coords points="667,532 667,556 2653,558 2657,527 2651,496 665,499 667,532"/>
        <Baseline points="667,532 2657,527"/>
        <TextEquiv conf="0.9981622628951341">
          <Unicode>10394 Monasterii S. Martini Coloniensis protectionem suscipit, possessionesque confirmat,</Unicode>
        </TextEquiv>
      </TextLine>
      <TextLine id="eSc_line_3ce433db" custom="structure {type:default;}">
        <Coords points="740,587 740,616 2660,605 2662,583 2657,552 1703,541 1701,541 1597,552 810,543 808,543 737,554 740,587"/>
        <Baseline points="740,587 2662,583"/>
        <TextEquiv conf="0.9978912465083294">
          <Unicode>petente Adelardo abbate. Ennen und Eckertz Quellen I. 548. — „Religiosis desi-</Unicode>
        </TextEquiv>
      </TextLine>
      <TextLine id="eSc_line_f65872e6" custom="structure {type:default;}">
        <Coords points="731,642 731,658 835,669 837,669 839,669 883,655 888,655 892,655 972,673 974,673 1095,651 1098,636 1091,605 729,611 731,642"/>
        <Baseline points="731,642 1098,636"/>
        <TextEquiv conf="0.9999999602635702">
          <Unicode>deriis dignum“.</Unicode>
        </TextEquiv>
      </TextLine>
      <TextLine id="eSc_line_c0614530" custom="structure {type:default;}">
        <Coords points="154,695 154,713 351,733 353,695 346,638 333,649 307,642 278,638 276,638 273,638 271,638 260,649 245,660 154,660 154,695"/>
        <Baseline points="154,695 353,695"/>
        <TextEquiv conf="0.9968139290809631">
          <Unicode>„ 19.</Unicode>
        </TextEquiv>
      </TextLine>
      <TextLine id="eSc_line_7165e32e" custom="structure {type:default;}">
        <Coords points="452,700 452,713 472,728 475,728 477,728 479,728 616,708 616,700 616,673 486,655 483,655 481,655 452,669 452,700"/>
        <Baseline points="452,700 616,700"/>
        <TextEquiv conf="0.9999198714892069">
          <Unicode>(„)</Unicode>
        </TextEquiv>
      </TextLine>
      <TextLine id="eSc_line_8ecf8a48" custom="structure {type:default;}">
        <Coords points="669,697 669,717 2657,717 2660,691 2655,660 2006,649 2003,649 1942,660 1369,651 1367,651 1365,651 1327,662 709,653 707,653 704,653 667,664 669,697"/>
        <Baseline points="669,697 2660,691"/>
        <TextEquiv conf="0.9917819756408071">
          <Unicode>10395 *Ecclesiae Senonensis iura et possessiones confirmat. Quantin Cart. gén. I. 540.</Unicode>
        </TextEquiv>
      </TextLine>
      <TextLine id="eSc_line_9c8a1fb5" custom="structure {type:default;}">
        <Coords points="130,750 130,777 342,781 346,746 342,713 128,704 130,750"/>
        <Baseline points="130,750 346,746"/>
        <TextEquiv conf="0.9570553228259087">
          <Unicode>Apr. 13.</Unicode>
        </TextEquiv>
      </TextLine>
      <TextLine id="eSc_line_3d9399ee" custom="structure {type:default;}">
        <Coords points="472,755 470,779 510,801 512,801 514,801 547,799 550,757 547,730 472,724 472,755"/>
        <Baseline points="472,755 550,757"/>
        <TextEquiv conf="0.9999951124191284">
          <Unicode>„</Unicode>
        </TextEquiv>
      </TextLine>
      <TextLine id="eSc_line_271c2a2e" custom="structure {type:default;}">
        <Coords points="682,753 682,777 2660,777 2662,746 2655,713 680,717 682,753"/>
        <Baseline points="682,753 2662,746"/>
        <TextEquiv conf="0.9972995325922966">
          <Unicode>10396 Ecclesiam S. Donati Lucensem tuendam suscipit eiusque possessiones et iura</Unicode>
        </TextEquiv>
      </TextLine>
      <TextLine id="eSc_line_64b71104" custom="structure {type:default;}">
        <Coords points="735,806 735,825 1126,836 1129,836 1365,834 1367,834 1369,834 1369,832 1380,823 1389,823 1522,834 1524,834 1526,834 1557,823 1639,834 1641,834 1643,834 1668,821 1672,821 1745,821 1756,830 1756,832 1758,832 1760,832 1763,834 1975,834 1975,832 1977,832 1979,832 1979,830 1990,821 2096,832 2098,832 2101,832 2136,819 2136,799 2132,772 1201,764 1199,764 1197,764 1155,775 828,766 826,766 733,777 735,806"/>
        <Baseline points="735,806 2136,799"/>
        <TextEquiv conf="0.9904775558891943">
          <Unicode>confirmat. Pflugk-Harttung Iter p. 259. — „Quotiens illud“.</Unicode>
        </TextEquiv>
      </TextLine>
      <TextLine id="eSc_line_a480a008" custom="structure {type:default;}">
        <Coords points="161,865 161,887 178,896 181,896 183,896 185,896 216,887 220,885 220,887 249,912 251,912 254,912 256,914 315,914 315,912 318,912 320,912 346,892 346,861 342,819 262,810 260,810 258,810 256,810 256,812 238,828 229,836 159,836 161,865"/>
        <Baseline points="161,865 346,861"/>
        <TextEquiv conf="0.9977687001228333">
          <Unicode>„ 14.</Unicode>
        </TextEquiv>
      </TextLine>
      <TextLine id="eSc_line_394a6460" custom="structure {type:default;}">
        <Coords points="475,865 475,905 532,876 572,896 578,867 576,834 475,832 475,865"/>
        <Baseline points="475,865 578,867"/>
        <TextEquiv conf="0.9999997615814209">
          <Unicode>„</Unicode>
        </TextEquiv>
      </TextLine>
      <TextLine id="eSc_line_8d60874e" custom="structure {type:default;}">
        <Coords points="680,865 680,892 2461,878 2653,887 2657,854 2653,823 1075,819 1073,819 700,821 698,821 678,830 680,865"/>
        <Baseline points="680,865 2657,854"/>
        <TextEquiv conf="0.9999729890421213">
          <Unicode>10397 R(aginaldo) priori S. Radegundis et magistro scholarum Pictaviensibus mandat,</Unicode>
        </TextEquiv>
      </TextLine>
      <TextLine id="eSc_line_300a8ed4" custom="structure {type:default;}">
        <Coords points="737,916 737,938 2660,936 2662,909 2655,881 735,885 737,916"/>
        <Baseline points="737,916 2662,909"/>
        <TextEquiv conf="0.9975616721118369">
          <Unicode>ut (Aimerico) abbati Malleonensi super ecclesia de Cantelupo iustitiam faciant. In</Unicode>
        </TextEquiv>
      </TextLine>
      <TextLine id="eSc_line_0565207e" custom="structure {type:default;}">
        <Coords points="735,969 735,993 2660,989 2662,965 2655,936 733,938 735,969"/>
        <Baseline points="735,969 2662,965"/>
        <TextEquiv conf="0.9990481035208997">
          <Unicode>bibl. nat. Paris. ms. lat. 18392. (Dom Fonteneau XVII.) f. 26. — „Dilectus filius</Unicode>
        </TextEquiv>
      </TextLine>
      <TextLine id="eSc_line_bf1ee0c5" custom="structure {type:default;}">
        <Coords points="735,1026 735,1037 793,1055 795,1055 797,1055 923,1031 923,1020 916,993 733,998 735,1026"/>
        <Baseline points="735,1026 923,1020"/>
        <TextEquiv conf="0.9946364504950387">
          <Unicode>noster“</Unicode>
        </TextEquiv>
      </TextLine>
      <TextLine id="eSc_line_db1219b5" custom="structure {type:default;}">
        <Coords points="161,1082 161,1113 254,1104 342,1113 344,1077 338,1031 159,1046 161,1082"/>
        <Baseline points="161,1082 344,1077"/>
        <TextEquiv conf="0.9999855279922485">
          <Unicode>„ 15.</Unicode>
        </TextEquiv>
      </TextLine>
      <TextLine id="eSc_line_07cadb59" custom="structure {type:default;}">
        <Coords points="486,1086 483,1097 517,1108 519,1108 521,1108 523,1108 525,1108 525,1106 539,1095 581,1095 583,1088 581,1055 486,1055 486,1086"/>
        <Baseline points="486,1086 583,1088"/>
        <TextEquiv conf="1.0">
          <Unicode>„</Unicode>
        </TextEquiv>
      </TextLine>
      <TextLine id="eSc_line_b08a47ed" custom="structure {type:default;}">
        <Coords points="680,1084 680,1106 2660,1104 2662,1077 2657,1044 1341,1035 1338,1035 839,1046 729,1037 726,1037 724,1037 678,1048 680,1084"/>
        <Baseline points="680,1084 2662,1077"/>
        <TextEquiv conf="0.9942022246472976">
          <Unicode>10398 Parthenonis Verga-villensis tutelam suscipit ac possessiones confirmat. Ex cop.</Unicode>
        </TextEquiv>
      </TextLine>
      <TextLine id="eSc_line_91060b3a" custom="structure {type:default;}">
        <Coords points="737,1139 737,1159 2660,1157 2662,1130 2657,1099 2191,1088 2189,1088 2187,1088 2163,1099 1248,1093 1246,1093 1243,1093 1197,1104 808,1095 806,1095 735,1106 737,1139"/>
        <Baseline points="737,1139 2662,1130"/>
        <TextEquiv conf="0.981633030059861">
          <Unicode>Ss. XV in Monast. bened. XLVI. ms. lat. 12703, fol. 205 in bibl. nat. Paris. Misit</Unicode>
        </TextEquiv>
      </TextLine>
      <TextLine id="eSc_line_75ddf4d9" custom="structure {type:default;}">
        <Coords points="733,1192 733,1210 1153,1219 1155,1219 1157,1219 1159,1219 1177,1207 1232,1219 1235,1219 1486,1203 1489,1185 1484,1159 1372,1159 1360,1148 1360,1146 1358,1146 1356,1146 1354,1146 1230,1159 1042,1148 1040,1148 978,1161 746,1150 744,1150 742,1150 740,1150 740,1152 731,1159 733,1192"/>
        <Baseline points="733,1192 1489,1185"/>
        <TextEquiv conf="0.9863126085085028">
          <Unicode>Delisle. — „Officii nostri decet“.</Unicode>
        </TextEquiv>
      </TextLine>
      <TextLine id="eSc_line_49102130" custom="structure {type:default;}">
        <Coords points="165,1249 167,1278 216,1260 262,1269 298,1276 300,1276 302,1276 346,1260 346,1245 344,1216 311,1203 309,1203 307,1203 256,1214 229,1219 163,1212 165,1249"/>
        <Baseline points="165,1249 346,1245"/>
        <TextEquiv conf="0.9999992370605468">
          <Unicode>„ 15.</Unicode>
        </TextEquiv>
      </TextLine>
      <TextLine id="eSc_line_8673ea36" custom="structure {type:default;}">
        <Coords points="477,1254 477,1274 581,1258 581,1252 574,1223 475,1223 477,1254"/>
        <Baseline points="477,1254 581,1252"/>
        <TextEquiv conf="0.9570677876472473">
          <Unicode>„</Unicode>
        </TextEquiv>
      </TextLine>
      <TextLine id="eSc_line_677e36e8" custom="structure {type:default;}">
        <Coords points="682,1247 682,1267 2660,1269 2664,1241 2660,1212 680,1210 682,1247"/>
        <Baseline points="682,1247 2664,1241"/>
        <TextEquiv conf="0.9999481187147252">
          <Unicode>10399 Compositionem inter fratres S. Ruffi. et Malleonenses super ecclesiis quibusdam</Unicode>
        </TextEquiv>
      </TextLine>
      <TextLine id="eSc_line_0f72cfba" custom="structure {type:default;}">
        <Coords points="735,1302 735,1322 2662,1320 2664,1294 2657,1267 733,1274 735,1302"/>
        <Baseline points="735,1302 2664,1294"/>
        <TextEquiv conf="0.9977143859561486">
          <Unicode>factam confirmat. Codex dipl. ord. S. Ruffi, quem composuit et possidet Ulysses</Unicode>
        </TextEquiv>
      </TextLine>
      <TextLine id="eSc_line_47dcab1a" custom="structure {type:default;}">
        <Coords points="733,1355 733,1375 1935,1371 1937,1351 1933,1325 1345,1313 1343,1313 1341,1313 1303,1325 751,1316 748,1316 746,1316 744,1316 731,1322 733,1355"/>
        <Baseline points="733,1355 1937,1351"/>
        <TextEquiv conf="0.9826799472984002">
          <Unicode>Chevalier Romanensis f. 10. — „Sicut aequum est“.</Unicode>
        </TextEquiv>
      </TextLine>
      <TextLine id="eSc_line_1c0f5097" custom="structure {type:default;}">
        <Coords points="163,1415 163,1439 344,1426 344,1408 338,1369 161,1384 163,1415"/>
        <Baseline points="163,1415 344,1408"/>
        <TextEquiv conf="0.9999824285507202">
          <Unicode>„ 16.</Unicode>
        </TextEquiv>
      </TextLine>
      <TextLine id="eSc_line_4037b4d5" custom="structure {type:default;}">
        <Coords points="475,1413 472,1439 589,1422 592,1417 592,1384 525,1371 523,1371 521,1371 505,1378 501,1371 499,1371 499,1369 497,1369 494,1369 492,1369 490,1369 475,1375 475,1413"/>
        <Baseline points="475,1413 592,1417"/>
        <TextEquiv conf="0.999993085861206">
          <Unicode>„</Unicode>
        </TextEquiv>
      </TextLine>
      <TextLine id="eSc_line_726f1f43" custom="structure {type:default;}">
        <Coords points="676,1413 676,1433 2631,1439 2633,1439 2635,1439 2664,1426 2664,1406 2657,1375 673,1380 676,1413"/>
        <Baseline points="676,1413 2664,1406"/>
        <TextEquiv conf="0.9956637727362769">
          <Unicode>10400 Monasterii Malleonensis tutelam suscipit possessionesque ac privilegia, rogatu</Unicode>
        </TextEquiv>
      </TextLine>
      <TextLine id="eSc_line_3a73cf79" custom="structure {type:default;}">
        <Coords points="737,1468 737,1490 2660,1486 2662,1461 2657,1433 2050,1422 2048,1422 2045,1422 2017,1433 2014,1435 735,1435 737,1468"/>
        <Baseline points="737,1468 2662,1461"/>
        <TextEquiv conf="0.9927777780426873">
          <Unicode>Aimerici abbatis, confirmat, imposito fratribus duorum byzantiorum tributo annuo.</Unicode>
        </TextEquiv>
      </TextLine>
      <TextLine id="eSc_line_67097632" custom="structure {type:default;}">
        <Coords points="735,1523 735,1545 2662,1539 2664,1517 2660,1488 2021,1477 2019,1477 1908,1488 1904,1488 1884,1488 1387,1479 1385,1479 1383,1479 1380,1479 1367,1490 1365,1492 733,1492 735,1523"/>
        <Baseline points="735,1523 2664,1517"/>
        <TextEquiv conf="0.991147420686834">
          <Unicode>In bibl. nat. Paris. ms. lat. 18392. (Dom Fonteneau XVII.) f. 28. — „Religiosis votis</Unicode>
        </TextEquiv>
      </TextLine>
      <TextLine id="eSc_line_b551cd91" custom="structure {type:default;}">
        <Coords points="499,1585 499,1605 558,1592 558,1585 558,1559 499,1559 499,1585"/>
        <Baseline points="499,1585 558,1585"/>
        <TextEquiv conf="0.9997134804725647">
          <Unicode>„</Unicode>
        </TextEquiv>
      </TextLine>
      <TextLine id="eSc_line_1ee197cc" custom="structure {type:default;}">
        <Coords points="729,1578 729,1592 810,1605 813,1605 961,1587 963,1574 956,1543 726,1545 729,1578"/>
        <Baseline points="729,1578 963,1574"/>
        <TextEquiv conf="0.9999754627545675">
          <Unicode>annuere“.</Unicode>
        </TextEquiv>
      </TextLine>
      <TextLine id="eSc_line_11126c64" custom="structure {type:default;}">
        <Coords points="163,1634 163,1656 342,1660 344,1629 340,1594 265,1581 262,1581 260,1581 258,1581 238,1598 231,1605 161,1605 163,1634"/>
        <Baseline points="163,1634 344,1629"/>
        <TextEquiv conf="0.9999988079071045">
          <Unicode>„ 16.</Unicode>
        </TextEquiv>
      </TextLine>
      <TextLine id="eSc_line_a8544b3b" custom="structure {type:default;}">
        <Coords points="682,1631 682,1654 2662,1647 2664,1625 2660,1598 698,1592 695,1592 693,1592 691,1592 680,1598 682,1631"/>
        <Baseline points="682,1631 2664,1625"/>
        <TextEquiv conf="0.9999438495863051">
          <Unicode>10401 Ecclesiam de Elsa tuendam suscipit eiusque possessiones et iura confirmat, im-</Unicode>
        </TextEquiv>
      </TextLine>
      <TextLine id="eSc_line_0c005927" custom="structure {type:default;}">
        <Coords points="737,1687 737,1718 2662,1707 2664,1682 2657,1654 735,1656 737,1687"/>
        <Baseline points="737,1687 2664,1682"/>
        <TextEquiv conf="0.9935040175914764">
          <Unicode>posito ei duodecim solidorum censu annuo. Pflugk-Harttung Iter p. 259. — „Effectum</Unicode>
        </TextEquiv>
      </TextLine>
      <TextLine id="eSc_line_f7076751" custom="structure {type:default;}">
        <Coords points="735,1742 735,1762 897,1762 897,1742 897,1713 735,1713 735,1742"/>
        <Baseline points="735,1742 897,1742"/>
        <TextEquiv conf="0.9999999829701015">
          <Unicode>iusta“.</Unicode>
        </TextEquiv>
      </TextLine>
      <TextLine id="eSc_line_c72e1cdc" custom="structure {type:default;}">
        <Coords points="165,1799 167,1824 225,1808 265,1813 320,1819 322,1819 324,1819 326,1819 344,1806 344,1793 340,1766 260,1749 258,1749 256,1749 254,1749 254,1751 236,1768 236,1771 163,1771 165,1799"/>
        <Baseline points="165,1799 344,1793"/>
        <TextEquiv conf="0.9686957597732544">
          <Unicode>„ 22.</Unicode>
        </TextEquiv>
      </TextLine>
      <TextLine id="eSc_line_e1e0044a" custom="structure {type:default;}">
        <Coords points="470,1804 470,1828 583,1810 583,1804 581,1771 470,1775 470,1804"/>
        <Baseline points="470,1804 583,1804"/>
        <TextEquiv conf="0.9999942779541016">
          <Unicode>„</Unicode>
        </TextEquiv>
      </TextLine>
      <TextLine id="eSc_line_e13b2fa7" custom="structure {type:default;}">
        <Coords points="680,1802 680,1824 2657,1824 2660,1793 2655,1762 2593,1751 2591,1751 2330,1760 2302,1749 2299,1749 2297,1749 2204,1760 2169,1749 2167,1749 2165,1749 2163,1749 2129,1762 1831,1751 1829,1751 1827,1751 1824,1751 1807,1764 1699,1764 1672,1751 1670,1751 1668,1751 1575,1764 1327,1753 1325,1753 1323,1753 1321,1753 1307,1764 1292,1753 1290,1753 1288,1753 1285,1753 1159,1766 1115,1755 1113,1755 1111,1755 1016,1766 1000,1755 998,1755 996,1755 702,1755 700,1755 698,1755 695,1755 678,1764 680,1802"/>
        <Baseline points="680,1802 2660,1793"/>
        <TextEquiv conf="0.9996249058667351">
          <Unicode>10402 Ricardo episcopo et Philippo archidiacono Constantiensi (dioec. Rotom.) mandat,</Unicode>
        </TextEquiv>
      </TextLine>
      <TextLine id="eSc_line_03cad7a8" custom="structure {type:default;}">
        <Coords points="737,1852 737,1874 2660,1866 2662,1843 2657,1817 751,1813 748,1813 746,1813 744,1813 735,1819 737,1852"/>
        <Baseline points="737,1852 2662,1843"/>
        <TextEquiv conf="0.9997778086014736">
          <Unicode>iudicium faciant inter abbatem Montisburgi et priorem S. Cosmae, de ecclesia Mor-</Unicode>
        </TextEquiv>
      </TextLine>
      <TextLine id="eSc_line_1bb666e8" custom="structure {type:default;}">
        <Coords points="735,1908 735,1930 2660,1930 2662,1901 2657,1874 2039,1863 2037,1863 2034,1863 2032,1863 2012,1874 1402,1866 1400,1866 1336,1877 790,1868 788,1868 733,1879 735,1908"/>
        <Baseline points="735,1908 2662,1901"/>
        <TextEquiv conf="0.9999965116381645">
          <Unicode>salinorum litigantes. Toustain de Billy Hist. de Cout. I. 220. — „Conquerentibus</Unicode>
        </TextEquiv>
      </TextLine>
      <TextLine id="eSc_line_70caf897" custom="structure {type:default;}">
        <Coords points="733,1961 733,1974 804,1989 806,1989 943,1969 943,1956 936,1925 731,1927 733,1961"/>
        <Baseline points="733,1961 943,1956"/>
        <TextEquiv conf="0.999877542257309">
          <Unicode>dilectis“.</Unicode>
        </TextEquiv>
      </TextLine>
      <TextLine id="eSc_line_540ff6f2" custom="structure {type:default;}">
        <Coords points="165,2018 165,2040 229,2031 238,2038 245,2044 247,2044 249,2044 311,2047 313,2047 315,2047 357,2027 357,2014 349,1941 329,1949 315,1945 276,1934 273,1934 271,1934 269,1934 223,1958 205,1969 163,1969 165,2018"/>
        <Baseline points="165,2018 357,2014"/>
        <TextEquiv conf="0.9998337745666503">
          <Unicode>„ 21.</Unicode>
        </TextEquiv>
      </TextLine>
      <TextLine id="eSc_line_8aeaa811" custom="structure {type:default;}">
        <Coords points="463,2018 461,2042 468,2049 470,2049 470,2051 472,2051 475,2051 477,2053 525,2053 525,2051 528,2051 530,2051 530,2049 550,2031 581,2031 583,2022 583,1994 463,1989 463,2018"/>
        <Baseline points="463,2018 583,2022"/>
        <TextEquiv conf="1.0">
          <Unicode>„ „</Unicode>
        </TextEquiv>
      </TextLine>
      <TextLine id="eSc_line_1158d855" custom="structure {type:default;}">
        <Coords points="680,2018 680,2040 2662,2036 2664,2011 2657,1980 678,1985 680,2018"/>
        <Baseline points="680,2018 2664,2011"/>
        <TextEquiv conf="0.9896923041059857">
          <Unicode>10403 (7041) Ecclesiam S. Feliculae Parmensem tuendam suscipit, et eius possessiones</Unicode>
        </TextEquiv>
      </TextLine>
      <TextLine id="eSc_line_2b5cb4f7" custom="structure {type:default;}">
        <Coords points="735,2073 735,2097 2662,2097 2664,2064 2657,2036 733,2042 735,2073"/>
        <Baseline points="735,2073 2664,2064"/>
        <TextEquiv conf="0.9960940238795702">
          <Unicode>ac iura confirmat, petente Gerardo priore. Affo St. di Parma II. 369, Migne 188</Unicode>
        </TextEquiv>
      </TextLine>
      <TextLine id="eSc_line_24800c8c" custom="structure {type:default;}">
        <Coords points="735,2128 735,2148 1345,2153 1347,2153 1349,2153 1389,2139 1389,2122 1383,2093 733,2097 735,2128"/>
        <Baseline points="735,2128 1389,2122"/>
        <TextEquiv conf="0.9971871420189187">
          <Unicode>p. 1562. — „Quoties illud“.</Unicode>
        </TextEquiv>
      </TextLine>
      <TextLine id="eSc_line_0ce87ab4" custom="structure {type:default;}">
        <Coords points="165,2184 165,2212 236,2199 247,2206 265,2217 267,2217 269,2217 271,2219 322,2219 322,2217 324,2217 326,2217 353,2199 353,2184 353,2137 254,2117 251,2117 249,2117 207,2142 203,2144 165,2144 165,2184"/>
        <Baseline points="165,2184 353,2184"/>
        <TextEquiv conf="0.9998498797416687">
          <Unicode>„ 24.</Unicode>
        </TextEquiv>
      </TextLine>
      <TextLine id="eSc_line_031f8bb9" custom="structure {type:default;}">
        <Coords points="470,2186 468,2217 479,2228 479,2230 481,2230 483,2230 486,2230 488,2230 519,2221 532,2217 572,2230 578,2190 576,2150 470,2153 470,2186"/>
        <Baseline points="470,2186 578,2190"/>
        <TextEquiv conf="0.9866059422492981">
          <Unicode>„</Unicode>
        </TextEquiv>
      </TextLine>
      <TextLine id="eSc_line_67d394c2" custom="structure {type:default;}">
        <Coords points="682,2184 682,2206 2660,2199 2662,2175 2657,2146 1177,2139 1175,2139 1067,2150 702,2142 700,2142 698,2142 695,2142 680,2148 682,2184"/>
        <Baseline points="682,2184 2662,2175"/>
        <TextEquiv conf="0.9998493049033853">
          <Unicode>10404 Ecclesiae SS. Petri et Pauli Evaunensis patrocinium suscipit, possessionesque ac</Unicode>
        </TextEquiv>
      </TextLine>
      <TextLine id="eSc_line_66414486" custom="structure {type:default;}">
        <Coords points="737,2241 737,2265 2662,2252 2664,2232 2660,2203 2231,2192 2229,2192 2176,2203 788,2199 786,2199 735,2210 737,2241"/>
        <Baseline points="737,2241 2664,2232"/>
        <TextEquiv conf="0.9999073887445841">
          <Unicode>privilegia confirmat, petente Gaufrido praeposito. Mém. de l&#x27;acad. de Clermont-Fer-</Unicode>
        </TextEquiv>
      </TextLine>
      <TextLine id="eSc_line_848c7ec5" custom="structure {type:default;}">
        <Coords points="733,2294 733,2314 2580,2309 2582,2290 2578,2261 1676,2250 1674,2250 1672,2250 1670,2250 1650,2261 826,2252 824,2252 731,2263 733,2294"/>
        <Baseline points="733,2294 2582,2290"/>
        <TextEquiv conf="0.9984528257658607">
          <Unicode>rand XIX. 92, Mon. pont. Arverniae p. 240. — „Religiosam vitam eligentibus“.</Unicode>
        </TextEquiv>
      </TextLine>
      <TextLine id="eSc_line_63e99e96" custom="structure {type:default;}">
        <Coords points="163,2351 163,2367 190,2378 192,2378 194,2378 196,2378 218,2367 225,2362 236,2367 262,2373 265,2373 267,2373 346,2362 346,2345 340,2296 161,2320 163,2351"/>
        <Baseline points="163,2351 346,2345"/>
        <TextEquiv conf="0.9999903917312623">
          <Unicode>„ 26.</Unicode>
        </TextEquiv>
      </TextLine>
      <TextLine id="eSc_line_a6af7c72" custom="structure {type:default;}">
        <Coords points="490,2356 490,2367 583,2360 585,2354 578,2327 488,2327 490,2356"/>
        <Baseline points="490,2356 585,2354"/>
        <TextEquiv conf="0.999995768070221">
          <Unicode>„„</Unicode>
        </TextEquiv>
      </TextLine>
      <TextLine id="eSc_line_30e07bef" custom="structure {type:default;}">
        <Coords points="680,2349 680,2369 2655,2373 2660,2345 2655,2316 700,2307 698,2307 695,2307 693,2307 678,2314 680,2349"/>
        <Baseline points="680,2349 2660,2345"/>
        <TextEquiv conf="0.9926382664884075">
          <Unicode>10405 Monasterii S. Mariae Crassensis patrocinium suscipit, ac disciplinam, possessiones,</Unicode>
        </TextEquiv>
      </TextLine>
      <TextLine id="eSc_line_571c2a9f" custom="structure {type:default;}">
        <Coords points="737,2407 737,2438 2660,2422 2662,2398 2657,2369 2313,2358 2311,2358 2154,2369 2147,2369 2134,2369 1774,2360 1771,2360 1699,2371 1692,2371 1652,2371 1230,2362 1228,2362 1168,2373 1159,2376 735,2376 737,2407"/>
        <Baseline points="737,2407 2662,2398"/>
        <TextEquiv conf="0.9947329580065716">
          <Unicode>privilegia, petente Guillelmo abbate, confirmat, imposito monachis quinque aureorum</Unicode>
        </TextEquiv>
      </TextLine>
      <TextLine id="eSc_line_f4b33774" custom="structure {type:default;}">
        <Coords points="735,2457 735,2477 2657,2473 2660,2453 2655,2426 784,2418 782,2418 779,2418 733,2429 735,2457"/>
        <Baseline points="735,2457 2660,2453"/>
        <TextEquiv conf="0.9973671487191829">
          <Unicode>tributo annuo. Mahul Cart. de Carcassonne II. 253. — „Piae postulatio voluntatis“.</Unicode>
        </TextEquiv>
      </TextLine>
      <TextLine id="eSc_line_edd32094" custom="structure {type:default;}">
        <Coords points="128,2508 128,2561 207,2561 207,2559 209,2559 212,2559 225,2548 243,2532 262,2541 285,2552 287,2552 289,2552 291,2552 293,2552 293,2550 311,2535 315,2532 344,2532 344,2504 338,2451 125,2453 128,2508"/>
        <Baseline points="128,2508 344,2504"/>
        <TextEquiv conf="0.9806205257773399">
          <Unicode>Nai. 10.</Unicode>
        </TextEquiv>
      </TextLine>
      <TextLine id="eSc_line_f2b1dc26" custom="structure {type:default;}">
        <Coords points="483,2517 483,2528 576,2524 576,2517 576,2491 483,2491 483,2517"/>
        <Baseline points="483,2517 576,2517"/>
        <TextEquiv conf="0.9012838304042816">
          <Unicode>„„</Unicode>
        </TextEquiv>
      </TextLine>
      <TextLine id="eSc_line_ad33c658" custom="structure {type:default;}">
        <Coords points="680,2515 680,2537 2657,2530 2660,2508 2655,2479 2211,2468 2209,2468 2008,2479 1995,2479 1964,2479 1455,2471 1453,2471 1347,2482 1334,2484 678,2484 680,2515"/>
        <Baseline points="680,2515 2660,2508"/>
        <TextEquiv conf="0.9941745249704382">
          <Unicode>10406 (7042) Ecclesiae S. Sanxonis Aurelianensis protectionem suscipit, possessionesque</Unicode>
        </TextEquiv>
      </TextLine>
      <TextLine id="eSc_line_2563009e" custom="structure {type:default;}">
        <Coords points="735,2568 735,2590 2660,2585 2662,2563 2657,2537 1699,2526 1696,2526 1694,2526 1654,2537 868,2528 866,2528 733,2539 735,2568"/>
        <Baseline points="735,2568 2662,2563"/>
        <TextEquiv conf="0.991269029048552">
          <Unicode>ac privilegia confirmat. Saussey Ann. eccl. Aurel. p. 446, Marrier Mon. S. Mart. de</Unicode>
        </TextEquiv>
      </TextLine>
      <TextLine id="eSc_line_a00825a4" custom="structure {type:default;}">
        <Coords points="733,2621 733,2643 2264,2643 2264,2621 2264,2592 733,2592 733,2621"/>
        <Baseline points="733,2621 2264,2621"/>
        <TextEquiv conf="0.998568992766123">
          <Unicode>Camp. p. 41, Migne 188 p. 1564. — „Piae voluntatis postulatio“.</Unicode>
        </TextEquiv>
      </TextLine>
      <TextLine id="eSc_line_9ed3a596" custom="structure {type:default;}">
        <Coords points="163,2678 163,2698 181,2707 183,2707 185,2707 187,2707 229,2694 240,2689 243,2691 258,2705 260,2705 262,2705 265,2705 326,2703 329,2703 331,2703 331,2700 344,2685 344,2672 342,2643 282,2627 280,2627 278,2627 276,2627 243,2645 240,2647 161,2647 163,2678"/>
        <Baseline points="163,2678 344,2672"/>
        <TextEquiv conf="0.9999959230422973">
          <Unicode>„ 11.</Unicode>
        </TextEquiv>
      </TextLine>
      <TextLine id="eSc_line_829eb426" custom="structure {type:default;}">
        <Coords points="483,2687 483,2698 558,2691 561,2685 554,2656 481,2656 483,2687"/>
        <Baseline points="483,2687 561,2685"/>
        <TextEquiv conf="0.9772616624832153">
          <Unicode>„</Unicode>
        </TextEquiv>
      </TextLine>
      <TextLine id="eSc_line_4e32476d" custom="structure {type:default;}">
        <Coords points="684,2678 684,2700 2660,2694 2662,2672 2657,2645 698,2638 695,2638 693,2638 691,2638 682,2643 684,2678"/>
        <Baseline points="684,2678 2662,2672"/>
        <TextEquiv conf="0.99959512894181">
          <Unicode>10407 (7043) Parthenonis Visbeccensis protectionem suscipit, bonaque ac privilegia con-</Unicode>
        </TextEquiv>
      </TextLine>
      <TextLine id="eSc_line_7c64a58a" custom="structure {type:default;}">
        <Coords points="737,2733 737,2756 2657,2756 2660,2729 2653,2698 735,2703 737,2733"/>
        <Baseline points="737,2733 2660,2729"/>
        <TextEquiv conf="0.9941096186637879">
          <Unicode>firmat, petente Themode abbatissa. (Signa chronologica sunt corrupta.) Würdtwein</Unicode>
        </TextEquiv>
      </TextLine>
      <TextLine id="eSc_line_5ae0c8af" custom="structure {type:default;}">
        <Coords points="733,2789 733,2806 1188,2817 1190,2817 1193,2817 1195,2817 1208,2806 1210,2806 1299,2817 1301,2817 1369,2806 1372,2806 1374,2806 1504,2817 1506,2817 1509,2817 1531,2806 2098,2815 2101,2815 2103,2815 2125,2804 2143,2815 2145,2815 2147,2815 2149,2817 2337,2817 2337,2815 2339,2815 2388,2802 2388,2784 2383,2756 746,2747 744,2747 742,2747 740,2747 731,2751 733,2789"/>
        <Baseline points="733,2789 2388,2784"/>
        <TextEquiv conf="0.9965210829462324">
          <Unicode>Subs. dipl. VI. 334, Migne 188 p. 1565. — „Pie postulatio voluntatis“.</Unicode>
        </TextEquiv>
      </TextLine>
      <TextLine id="eSc_line_71d90818" custom="structure {type:default;}">
        <Coords points="163,2842 163,2855 318,2866 320,2866 322,2866 346,2853 346,2842 344,2806 163,2811 163,2842"/>
        <Baseline points="163,2842 346,2842"/>
        <TextEquiv conf="0.999602735042572">
          <Unicode>„ 14.</Unicode>
        </TextEquiv>
      </TextLine>
      <TextLine id="eSc_line_9a00fd10" custom="structure {type:default;}">
        <Coords points="490,2850 492,2870 539,2857 574,2866 581,2848 576,2822 488,2802 490,2850"/>
        <Baseline points="490,2850 581,2848"/>
        <TextEquiv conf="0.9996142387390137">
          <Unicode>„</Unicode>
        </TextEquiv>
      </TextLine>
      <TextLine id="eSc_line_ab4a61c3" custom="structure {type:default;}">
        <Coords points="682,2844 682,2864 2660,2862 2662,2837 2657,2809 2001,2797 1999,2797 1997,2797 1950,2809 1372,2800 1369,2800 1301,2811 698,2802 695,2802 693,2802 691,2802 680,2809 682,2844"/>
        <Baseline points="682,2844 2662,2837"/>
        <TextEquiv conf="0.9992785453796387">
          <Unicode>10408 Monasterium S. Petri de Villa magna tuendum suscipit, eiusque possessiones et</Unicode>
        </TextEquiv>
      </TextLine>
      <TextLine id="eSc_line_a09b9737" custom="structure {type:default;}">
        <Coords points="737,2897 737,2917 1475,2928 1478,2928 1575,2915 1584,2915 1586,2915 1597,2926 1599,2926 1601,2926 1604,2926 1650,2915 1657,2915 1718,2915 2246,2926 2249,2926 2251,2926 2297,2912 2297,2892 2291,2866 735,2866 737,2897"/>
        <Baseline points="737,2897 2297,2892"/>
        <TextEquiv conf="0.9950980553121278">
          <Unicode>iura confirmat. Pflugk-Harttung Iter p. 259. — „Iustis petentium“.</Unicode>
        </TextEquiv>
      </TextLine>
      <TextLine id="eSc_line_ff519360" custom="structure {type:default;}">
        <Coords points="167,2952 167,2972 225,2963 254,2972 262,2976 265,2976 267,2976 344,2970 344,2945 338,2897 165,2921 167,2952"/>
        <Baseline points="167,2952 344,2945"/>
        <TextEquiv conf="0.938326895236969">
          <Unicode>„ 16.</Unicode>
        </TextEquiv>
      </TextLine>
      <TextLine id="eSc_line_d88d431f" custom="structure {type:default;}">
        <Coords points="481,2961 481,2972 514,2985 517,2985 519,2985 521,2985 565,2965 565,2959 558,2928 479,2928 481,2961"/>
        <Baseline points="481,2961 565,2959"/>
        <TextEquiv conf="0.9999369382858276">
          <Unicode>„</Unicode>
        </TextEquiv>
      </TextLine>
      <TextLine id="eSc_line_cfbe41b6" custom="structure {type:default;}">
        <Coords points="687,2950 687,2974 2662,2974 2662,2950 2662,2921 687,2921 687,2950"/>
        <Baseline points="687,2950 2662,2950"/>
        <TextEquiv conf="0.9999911785125732">
          <Unicode>10409 Ecclesiae S. Stephani Drocensis protectionem suscipit, bonaque et iura con-</Unicode>
        </TextEquiv>
      </TextLine>
      <TextLine id="eSc_line_54af15bc" custom="structure {type:default;}">
        <Coords points="737,3009 737,3029 2657,3027 2660,3003 2655,2974 2076,2963 2074,2963 1908,2974 1902,2974 1882,2974 1387,2965 1385,2965 1383,2965 1352,2976 1347,2979 735,2979 737,3009"/>
        <Baseline points="737,3009 2660,3003"/>
        <TextEquiv conf="0.9973599697862353">
          <Unicode>firmat. (Notae temporis corruptae.) In bibl. nat. Paris. Cartul. de Drocis, ms. lat.</Unicode>
        </TextEquiv>
      </TextLine>
      <TextLine id="eSc_line_83dae9a6" custom="structure {type:default;}">
        <Coords points="740,3060 740,3076 868,3089 870,3089 872,3089 905,3078 936,3089 938,3089 941,3089 943,3089 965,3078 989,3089 992,3089 994,3089 1078,3078 1159,3089 1162,3089 1217,3078 1853,3089 1855,3089 1908,3076 1908,3060 1908,3032 740,3032 740,3060"/>
        <Baseline points="740,3060 1908,3060"/>
        <TextEquiv conf="0.9976169138538594">
          <Unicode>10106. s. XV. f. 16“. — „Quotiens illud a nobis“.</Unicode>
        </TextEquiv>
      </TextLine>
      <TextLine id="eSc_line_12d9eb39" custom="structure {type:default;}">
        <Coords points="167,3118 167,3146 251,3131 260,3138 269,3146 269,3149 271,3149 273,3149 276,3151 315,3151 315,3149 318,3149 351,3129 351,3118 351,3058 280,3054 278,3054 276,3054 273,3054 245,3071 227,3085 167,3085 167,3118"/>
        <Baseline points="167,3118 351,3118"/>
        <TextEquiv conf="0.9999947786331177">
          <Unicode>„ 20.</Unicode>
        </TextEquiv>
      </TextLine>
      <TextLine id="eSc_line_e3c78fa8" custom="structure {type:default;}">
        <Coords points="466,3122 466,3127 517,3140 519,3140 521,3140 576,3124 576,3118 570,3091 463,3093 466,3122"/>
        <Baseline points="466,3122 576,3118"/>
        <TextEquiv conf="0.6889808177947998">
          <Unicode>„</Unicode>
        </TextEquiv>
      </TextLine>
      <TextLine id="eSc_line_fa4e2d8f" custom="structure {type:default;}">
        <Coords points="684,3118 684,3138 2657,3135 2660,3111 2655,3082 2054,3071 2052,3071 1970,3082 1959,3085 682,3085 684,3118"/>
        <Baseline points="684,3118 2660,3111"/>
        <TextEquiv conf="0.9979748912604458">
          <Unicode>10410 (7044) Monasterii SS. Nazarii et Celsi Veronensis disciplinam ac possessiones</Unicode>
        </TextEquiv>
      </TextLine>
      <TextLine id="eSc_line_f2acd2ab" custom="structure {type:default;}">
        <Coords points="737,3171 737,3193 976,3193 978,3193 1016,3204 1018,3204 1020,3204 1376,3191 1405,3191 1409,3191 1467,3202 1469,3202 1610,3191 1646,3202 1648,3202 1650,3202 1767,3188 1780,3188 1805,3188 2045,3199 2048,3199 2050,3199 2081,3188 2169,3199 2171,3199 2174,3199 2207,3186 2209,3186 2231,3197 2233,3197 2235,3197 2357,3186 2366,3186 2377,3186 2620,3197 2622,3197 2624,3197 2655,3184 2655,3162 2649,3133 735,3142 737,3171"/>
        <Baseline points="737,3171 2655,3162"/>
        <TextEquiv conf="0.9922128010399734">
          <Unicode>confirmat, petente Clemente abbate. (Verba „Guido pr. card. tit. S. Chrysogoni“</Unicode>
        </TextEquiv>
      </TextLine>
      <TextLine id="eSc_line_b28bab75" custom="structure {type:default;}">
        <Coords points="740,3224 740,3250 2660,3246 2660,3224 2657,3193 740,3193 740,3224"/>
        <Baseline points="740,3224 2660,3224"/>
        <TextEquiv conf="0.995438238720835">
          <Unicode>mendum aperte continent, cum iam mense Aprili a. 1158 Bonadies huius tituli pres-</Unicode>
        </TextEquiv>
      </TextLine>
      <TextLine id="eSc_line_92e5ba04" custom="structure {type:default;}">
        <Coords points="737,3274 735,3294 764,3310 766,3310 768,3310 1281,3299 1597,3312 1599,3312 1601,3312 1634,3301 1685,3312 1687,3312 2156,3303 2180,3314 2182,3314 2185,3314 2428,3303 2489,3314 2492,3314 2494,3314 2496,3314 2516,3303 2657,3303 2660,3281 2657,3250 737,3244 737,3274"/>
        <Baseline points="737,3274 2660,3281"/>
        <TextEquiv conf="0.9835985600948334">
          <Unicode>byter appareat in bullis 10404. 10405.) Ughelli It. sacr. V. 798, Migne 188 p. 1567.</Unicode>
        </TextEquiv>
      </TextLine>
      <TextLine id="eSc_line_7736ac38" custom="structure {type:default;}">
        <Coords points="740,3325 737,3343 912,3365 914,3365 1047,3350 1124,3367 1126,3367 1204,3350 1206,3332 1204,3299 740,3297 740,3325"/>
        <Baseline points="740,3325 1206,3332"/>
        <TextEquiv conf="0.999754482193997">
          <Unicode>— „Quotiens illud“.</Unicode>
        </TextEquiv>
      </TextLine>
      <TextLine id="eSc_line_8bdd7783" custom="structure {type:default;}">
        <Coords points="130,3387 130,3429 225,3436 291,3500 291,3502 293,3502 296,3502 298,3504 406,3504 406,3502 408,3502 410,3502 410,3500 475,3440 547,3445 550,3445 552,3445 589,3427 589,3387 589,3350 541,3327 539,3327 477,3327 475,3327 472,3327 470,3327 450,3343 441,3352 318,3352 285,3334 267,3327 265,3327 262,3327 260,3327 240,3332 196,3345 176,3330 176,3327 174,3327 172,3327 130,3327 130,3387"/>
        <Baseline points="130,3387 589,3387"/>
        <TextEquiv conf="0.8684588624880865">
          <Unicode>len te. Sers.</Unicode>
        </TextEquiv>
      </TextLine>
      <TextLine id="eSc_line_414a25a1" custom="structure {type:default;}">
        <Coords points="687,3387 687,3429 832,3409 863,3422 866,3422 868,3425 989,3425 989,3422 992,3422 1027,3409 1383,3422 1469,3425 1471,3425 1502,3420 1586,3409 1805,3418 1990,3425 1992,3425 1995,3425 1997,3425 2012,3416 2026,3407 2072,3414 2132,3425 2134,3425 2136,3425 2178,3414 2204,3407 2311,3411 2556,3425 2558,3425 2560,3425 2562,3425 2587,3409 2591,3407 2655,3407 2660,3383 2653,3352 684,3354 687,3387"/>
        <Baseline points="687,3387 2660,3383"/>
        <TextEquiv conf="0.9946267406145731">
          <Unicode>10411 (7045) Monasterium Selboldense tuendum suscipit, eiusque bona confirmat, ac</Unicode>
        </TextEquiv>
      </TextLine>
      <TextLine id="eSc_line_4ecbdfe6" custom="structure {type:default;}">
        <Coords points="740,3440 737,3460 846,3473 848,3473 2651,3471 2653,3445 2651,3414 740,3409 740,3440"/>
        <Baseline points="740,3440 2653,3445"/>
        <TextEquiv conf="0.9998058503187155">
          <Unicode>iura auget, petente Gerbodone praeposito. Wenck Hess. Landesg. II. Urk. p. 105,</Unicode>
        </TextEquiv>
      </TextLine>
      <TextLine id="eSc_line_33f2bf49" custom="structure {type:default;}">
        <Coords points="742,3495 742,3548 815,3562 817,3562 819,3562 821,3562 821,3559 832,3551 859,3528 1000,3528 1018,3539 1020,3539 1022,3539 1025,3539 1027,3539 1067,3528 1100,3544 1102,3544 1104,3544 1290,3528 1365,3557 1383,3564 1385,3564 1387,3564 1389,3564 1402,3557 1420,3548 1429,3557 1431,3559 1431,3562 1433,3562 1436,3562 1610,3564 1612,3564 1615,3564 1621,3562 1652,3544 1668,3559 1668,3562 1670,3562 1672,3562 1674,3562 1676,3562 1679,3562 1710,3551 1745,3562 1749,3495 1749,3469 742,3462 742,3495"/>
        <Baseline points="742,3495 1749,3495"/>
        <TextEquiv conf="0.9759202514375959">
          <Unicode>Migne 188 p. 1868. — „Officii nostri nos“.</Unicode>
        </TextEquiv>
      </TextLine>
    </TextRegion>
    <TextRegion id="eSc_textblock_e1157419"  custom="structure {type:default;}">
      <Coords points="965,141 1824,141 1860,218 1842,245 927,245 919,150 965,141"/>
      <TextLine id="eSc_line_8d071c3a" custom="structure {type:default;}">
        <Coords points="934,209 934,247 1288,247 1288,245 1290,245 1292,245 1292,242 1296,240 1307,229 1478,229 1506,236 1546,245 1548,245 1641,234 1681,229 1703,231 1767,245 1769,245 1833,229 1833,209 1833,170 1767,152 1765,152 1763,152 1670,170 1555,152 1553,152 1551,152 1513,167 1495,159 1493,159 1491,159 1411,170 1374,154 1372,154 1369,154 1367,154 1307,170 1292,156 1290,156 1288,156 1087,152 1084,152 1082,152 1080,152 1064,165 958,156 956,156 954,156 952,156 934,167 934,209"/>
        <Baseline points="934,209 1833,209"/>
        <TextEquiv conf="0.9996321673194567">
          <Unicode>HADRIANUS IV. 1154—1159.</Unicode>
        </TextEquiv>
      </TextLine>
    </TextRegion>
    <TextRegion id="eSc_textblock_b08534f4"  custom="structure {type:default;}">
      <Coords points="2615,141 2688,159 2697,218 2531,245 2531,159 2615,141"/>
      <TextLine id="eSc_line_e9c67244" custom="structure {type:default;}">
        <Coords points="2655,150 2635,145 2545,156 2545,209 2545,245 2662,245 2662,209 2660,150 2655,150"/>
        <Baseline points="2545,209 2662,209"/>
        <TextEquiv conf="0.9999644160270691">
          <Unicode>133)</Unicode>
        </TextEquiv>
      </TextLine>
    </TextRegion>
  </Page>
</PcGts>
