<?xml version="1.0" encoding="UTF-8"  standalone="yes"?>
<PcGts xmlns="http://schema.primaresearch.org/PAGE/gts/pagecontent/2019-07-15" xmlns:xsi="http://www.w3.org/2001/XMLSchema-instance" xsi:schemaLocation="http://schema.primaresearch.org/PAGE/gts/pagecontent/2019-07-15 http://schema.primaresearch.org/PAGE/gts/pagecontent/2019-07-15/pagecontent.xsd">
  <Metadata externalRef="pdf//regestapontificu02cath.pdf">
	<Creator>escriptorium</Creator>
	<Created>2026-01-31T10:25:44.283575+00:00</Created>
        <LastChange>2026-02-01T14:44:55.667212+00:00</LastChange>
  </Metadata>
  <Page imageFilename="regestapontificu02cath.pdf_page_148.png" imageWidth="3007" imageHeight="3975">
    <TextRegion id="eSc_textblock_2890399c"  custom="structure {type:default;}">
      <Coords points="302,132 421,132 439,200 291,227 273,176 302,132"/>
      <TextLine id="eSc_line_b954826f" custom="structure {type:default;}">
        <Coords points="386,132 364,132 342,132 329,132 298,141 302,192 307,313 421,322 419,187 415,134 399,132 386,132"/>
        <Baseline points="302,192 419,187"/>
        <TextEquiv conf="0.9938909014066061">
          <Unicode>18*</Unicode>
        </TextEquiv>
      </TextLine>
    </TextRegion>
    <TextRegion id="eSc_textblock_831ccdc9"  custom="structure {type:default;}">
      <Coords points="976,273 2883,282 2883,3425 2847,3522 936,3531 866,3504 839,3407 848,450 804,326 857,282 976,273"/>
      <TextLine id="eSc_line_f9544297" custom="structure {type:default;}">
        <Coords points="843,340 843,364 1170,359 1170,333 1166,287 950,278 947,278 841,291 843,340"/>
        <Baseline points="843,340 1170,333"/>
        <TextEquiv conf="0.9991613626480103">
          <Unicode>1154 1159.</Unicode>
        </TextEquiv>
      </TextLine>
      <TextLine id="eSc_line_ff4bd44a" custom="structure {type:default;}">
        <Coords points="874,397 872,419 1045,432 1047,432 1745,424 1864,435 1866,435 2847,424 2850,401 2847,366 874,355 874,397"/>
        <Baseline points="874,397 2850,401"/>
        <TextEquiv conf="0.9994934553449805">
          <Unicode>10445 (7068) Eberardo, archiepiscopo Salaburgensi, respondet, servorum coniugia, invitis</Unicode>
        </TextEquiv>
      </TextLine>
      <TextLine id="eSc_line_91630e33" custom="structure {type:default;}">
        <Coords points="925,457 925,485 2847,483 2847,457 2847,426 925,426 925,457"/>
        <Baseline points="925,457 2847,457"/>
        <TextEquiv conf="0.9999000339568416">
          <Unicode>dominis contracta, non esse dissolvenda. Append. conc. Lat. XLV. 7, Coll. Cass.</Unicode>
        </TextEquiv>
      </TextLine>
      <TextLine id="eSc_line_d366dd0e" custom="structure {type:default;}">
        <Coords points="925,507 923,525 2841,534 2845,514 2843,481 2755,468 2752,468 2430,479 2377,481 2207,481 2200,477 2178,468 2176,468 2174,468 1999,477 1970,477 1966,477 1942,465 1939,465 1937,465 1798,474 1763,477 925,472 925,507"/>
        <Baseline points="925,507 2845,514"/>
        <TextEquiv conf="0.9859424037091872">
          <Unicode>IXV. 1. Comp. I. LI. IV. t. 9. c. 1, (Decr. Greg. L. IV. t. 9. c. 1, Mansi XXII. 411.</Unicode>
        </TextEquiv>
      </TextLine>
      <TextLine id="eSc_line_3d3606a6" custom="structure {type:default;}">
        <Coords points="925,563 925,587 2847,587 2847,563 2847,534 925,532 925,563"/>
        <Baseline points="925,563 2847,563"/>
        <TextEquiv conf="0.995804487957674">
          <Unicode>In bibl. nat. Paris. ms. lat. 14664. f. 151 epistolae inscriptio haec est: „Alexander</Unicode>
        </TextEquiv>
      </TextLine>
      <TextLine id="eSc_line_6ee956cd" custom="structure {type:default;}">
        <Coords points="923,620 923,647 2845,655 2847,620 2847,589 923,589 923,620"/>
        <Baseline points="923,620 2847,620"/>
        <TextEquiv conf="0.995673024228641">
          <Unicode>tertius Salzeburgensi archiep.“, cf. Neues Archiv VII. 167.) — „Dignum est et“ („Tua</Unicode>
        </TextEquiv>
      </TextLine>
      <TextLine id="eSc_line_e9141106" custom="structure {type:default;}">
        <Coords points="921,675 921,700 1219,695 1221,671 1215,638 919,640 921,675"/>
        <Baseline points="921,675 1221,671"/>
        <TextEquiv conf="0.999999965940203">
          <Unicode>fraternitas“).</Unicode>
        </TextEquiv>
      </TextLine>
      <TextLine id="eSc_line_b996693e" custom="structure {type:default;}">
        <Coords points="874,724 872,744 945,757 947,757 2845,755 2847,730 2845,697 874,686 874,724"/>
        <Baseline points="874,724 2847,730"/>
        <TextEquiv conf="0.9977355606584664">
          <Unicode>10446 (7069) Ecclesiae Lcodiensis protectionem suscipit, possessionesque confirmat,</Unicode>
        </TextEquiv>
      </TextLine>
      <TextLine id="eSc_line_14b65a8c" custom="structure {type:default;}">
        <Coords points="925,786 925,814 2845,814 2845,786 2845,757 925,757 925,786"/>
        <Baseline points="925,786 2845,786"/>
        <TextEquiv conf="0.9930462248354073">
          <Unicode>petente Henrico episcopo. Aegidii Aureaevall. Gest. epp. Leod. L. III. c. 30 in MG.</Unicode>
        </TextEquiv>
      </TextLine>
      <TextLine id="eSc_line_2c1655aa" custom="structure {type:default;}">
        <Coords points="925,841 925,865 2845,865 2845,841 2845,808 925,808 925,841"/>
        <Baseline points="925,841 2845,841"/>
        <TextEquiv conf="0.9937986671170101">
          <Unicode>SS. XXV. 104, (Miraei Opp. dipl. II. 825, Migne 188 p. 1587. Goerz Mittelrhein.</Unicode>
        </TextEquiv>
      </TextLine>
      <TextLine id="eSc_line_c53539f4" custom="structure {type:default;}">
        <Coords points="923,896 923,916 2797,916 2797,896 2797,863 923,863 923,896"/>
        <Baseline points="923,896 2797,896"/>
        <TextEquiv conf="0.9990652965593941">
          <Unicode>Reg. II. 26 anno 1155 bullam ascribit; qua causa nescio). — „Iniuncti nobis a“.</Unicode>
        </TextEquiv>
      </TextLine>
      <TextLine id="eSc_line_66a7aabe" custom="structure {type:default;}">
        <Coords points="874,947 874,971 2845,971 2845,947 2843,916 874,916 874,947"/>
        <Baseline points="874,947 2845,947"/>
        <TextEquiv conf="0.9980261127154032">
          <Unicode>10447 O(berto) archiepiscopo Mediolanensi ita scribit: „Pessimam consuetudinem et</Unicode>
        </TextEquiv>
      </TextLine>
      <TextLine id="eSc_line_d0dc81af" custom="structure {type:default;}">
        <Coords points="925,1004 925,1029 1391,1029 1418,1031 1482,1040 1484,1040 1542,1031 1584,1026 1646,1033 1705,1037 1707,1037 1822,1033 1966,1026 1981,1033 1992,1037 1995,1037 1997,1040 2204,1040 2204,1037 2235,1033 2311,1024 2355,1035 2359,1035 2361,1035 2364,1035 2366,1035 2370,1035 2408,1024 2733,1035 2748,1035 2750,1035 2752,1035 2792,1024 2839,1035 2845,998 2839,971 923,973 925,1004"/>
        <Baseline points="925,1004 2845,998"/>
        <TextEquiv conf="0.9895477875486597">
          <Unicode>sacrorum canonum sanctioni contrariam in archiepiscopatu tuo inter Adduam et.</Unicode>
        </TextEquiv>
      </TextLine>
      <TextLine id="eSc_line_f3ec891d" custom="structure {type:default;}">
        <Coords points="925,1060 925,1082 2847,1082 2847,1060 2847,1029 925,1026 925,1060"/>
        <Baseline points="925,1060 2847,1060"/>
        <TextEquiv conf="0.9958401203155518">
          <Unicode>Ticinum inolevisse accepimus, quod videlicet rustici de fructibus laborum suorum</Unicode>
        </TextEquiv>
      </TextLine>
      <TextLine id="eSc_line_a3797436" custom="structure {type:default;}">
        <Coords points="925,1115 925,1135 2841,1141 2845,1110 2839,1082 923,1086 925,1115"/>
        <Baseline points="925,1115 2845,1110"/>
        <TextEquiv conf="0.9998498544096946">
          <Unicode>semen (?) et omnes expensas prius accipiunt et vix de reliquo decimas exsolvunt;</Unicode>
        </TextEquiv>
      </TextLine>
      <TextLine id="eSc_line_c5ffaca3" custom="structure {type:default;}">
        <Coords points="925,1170 925,1194 2151,1203 2154,1203 2211,1190 2218,1190 2333,1190 2335,1190 2350,1201 2353,1201 2355,1201 2357,1201 2478,1190 2485,1190 2494,1190 2710,1201 2713,1201 2715,1201 2717,1201 2733,1190 2812,1201 2814,1201 2816,1201 2847,1188 2847,1163 2841,1137 923,1141 925,1170"/>
        <Baseline points="925,1170 2847,1163"/>
        <TextEquiv conf="0.9952202523455901">
          <Unicode>domini quoque rusticorum de redditibus fructuum, quos a suis colonis accipiunt, deci-</Unicode>
        </TextEquiv>
      </TextLine>
      <TextLine id="eSc_line_eb182336" custom="structure {type:default;}">
        <Coords points="923,1225 923,1247 2845,1254 2847,1225 2845,1192 923,1192 923,1225"/>
        <Baseline points="923,1225 2847,1225"/>
        <TextEquiv conf="0.9966253758985785">
          <Unicode>mas nullatenus reddunt“. Quam consuetudinem ut eradicet, mandat. Ex cod. Vatic.</Unicode>
        </TextEquiv>
      </TextLine>
      <TextLine id="eSc_line_753e8e1a" custom="structure {type:default;}">
        <Coords points="925,1278 925,1300 2297,1296 2297,1278 2297,1247 925,1236 925,1278"/>
        <Baseline points="925,1278 2297,1278"/>
        <TextEquiv conf="0.9999451758684935">
          <Unicode>1362. f. 128. Dedit Ewald. — „Pessimam consuetudinem“.</Unicode>
        </TextEquiv>
      </TextLine>
      <TextLine id="eSc_line_d00d5636" custom="structure {type:default;}">
        <Coords points="874,1329 872,1351 2112,1364 2114,1364 2847,1353 2850,1333 2850,1305 874,1294 874,1329"/>
        <Baseline points="874,1329 2850,1333"/>
        <TextEquiv conf="0.9987220854698857">
          <Unicode>10448 Capitulum Meldense vacantem praebendam cuilibet assignare vetat, antequam</Unicode>
        </TextEquiv>
      </TextLine>
      <TextLine id="eSc_line_40dbeb2d" custom="structure {type:default;}">
        <Coords points="925,1389 925,1411 1031,1424 1034,1424 1215,1413 1232,1413 1237,1413 1279,1424 1281,1424 1283,1424 1391,1413 1409,1413 1425,1415 1495,1424 1497,1426 1610,1426 1610,1424 1612,1424 1615,1424 1628,1415 1632,1413 2845,1419 2847,1389 2847,1360 925,1360 925,1389"/>
        <Baseline points="925,1389 2847,1389"/>
        <TextEquiv conf="0.9992414236068725">
          <Unicode>dimidiae praebendae integratae sint. Loewenfeld Epistolae p. 129. — „Ex suscepte</Unicode>
        </TextEquiv>
      </TextLine>
      <TextLine id="eSc_line_b631d315" custom="structure {type:default;}">
        <Coords points="921,1444 921,1461 1014,1475 1016,1475 1277,1457 1279,1439 1272,1408 919,1411 921,1444"/>
        <Baseline points="921,1444 1279,1439"/>
        <TextEquiv conf="0.999995693564415">
          <Unicode>dispensationis“.</Unicode>
        </TextEquiv>
      </TextLine>
      <TextLine id="eSc_line_d35e1904" custom="structure {type:default;}">
        <Coords points="872,1499 872,1521 2845,1514 2847,1492 2841,1461 870,1466 872,1499"/>
        <Baseline points="872,1499 2847,1492"/>
        <TextEquiv conf="0.994083643677723">
          <Unicode>10449 Theobaldo, archiepiscopo Cantuariensi, mandat, ut domos duas a laicis quibus-</Unicode>
        </TextEquiv>
      </TextLine>
      <TextLine id="eSc_line_60df2204" custom="structure {type:default;}">
        <Coords points="925,1552 925,1574 952,1587 954,1587 956,1587 1034,1574 1188,1587 1190,1590 1296,1590 1296,1587 1299,1587 1325,1574 1327,1574 1612,1574 1615,1574 1641,1587 1643,1587 1646,1587 1767,1574 1780,1574 1862,1574 1864,1574 1882,1587 1884,1587 1886,1587 1889,1587 2850,1576 2850,1552 2850,1523 925,1523 925,1552"/>
        <Baseline points="925,1552 2850,1552"/>
        <TextEquiv conf="0.9996915832161903">
          <Unicode>dam in cimiterio ecclesiae S. Mariae de Arcubus Londoniensis constructas amoveri</Unicode>
        </TextEquiv>
      </TextLine>
      <TextLine id="eSc_line_a2a8d805" custom="structure {type:default;}">
        <Coords points="921,1612 921,1631 2176,1640 2178,1640 2180,1640 2204,1629 2792,1638 2794,1638 2797,1638 2847,1625 2847,1605 2843,1576 941,1570 938,1570 936,1570 934,1570 919,1576 921,1612"/>
        <Baseline points="921,1612 2847,1605"/>
        <TextEquiv conf="0.9936616434937432">
          <Unicode>faciat. (Fragmenta.) Fifth report of histor. manuscr. p. 446. — „Ex iniuncto nobis“.</Unicode>
        </TextEquiv>
      </TextLine>
      <TextLine id="eSc_line_9102abb9" custom="structure {type:default;}">
        <Coords points="872,1662 872,1682 2845,1691 2847,1662 2847,1631 872,1631 872,1662"/>
        <Baseline points="872,1662 2847,1662"/>
        <TextEquiv conf="0.9941210775840573">
          <Unicode>10450 Ecclesiae S. Mariae Atrebatensis tutelam suscipit possessionesque confirmat,</Unicode>
        </TextEquiv>
      </TextLine>
      <TextLine id="eSc_line_976ff57f" custom="structure {type:default;}">
        <Coords points="925,1720 925,1742 2845,1740 2847,1715 2843,1687 945,1678 943,1678 941,1678 938,1678 923,1684 925,1720"/>
        <Baseline points="925,1720 2847,1715"/>
        <TextEquiv conf="0.9940446529043726">
          <Unicode>Clarembaldo praeposito et Nicolao decano petentibus. Cartul. d&#x27;Arras ms. lat. 9930.</Unicode>
        </TextEquiv>
      </TextLine>
      <TextLine id="eSc_line_732b53aa" custom="structure {type:default;}">
        <Coords points="923,1773 923,1795 1303,1795 1305,1795 1352,1808 1354,1808 1356,1808 1734,1793 1745,1793 1760,1806 1763,1806 1765,1806 1767,1808 1935,1808 1935,1806 1937,1806 1981,1790 1986,1790 1988,1790 2032,1804 2034,1804 2037,1806 2406,1806 2406,1804 2408,1804 2454,1788 2454,1766 2448,1740 921,1744 923,1773"/>
        <Baseline points="923,1773 2454,1766"/>
        <TextEquiv conf="0.9989506330560235">
          <Unicode>s. XIII. f. 1 in bibl. nat. Paris. — „Effectum iusta postulantibus“.</Unicode>
        </TextEquiv>
      </TextLine>
      <TextLine id="eSc_line_dccd3af3" custom="structure {type:default;}">
        <Coords points="874,1828 874,1852 2850,1848 2852,1824 2845,1788 872,1793 874,1828"/>
        <Baseline points="874,1828 2852,1824"/>
        <TextEquiv conf="0.9949157672769883">
          <Unicode>10451 Ecclesiae Atrebatensi, rogatu Clarembaldi praepositi et Nicolai decani, asserit</Unicode>
        </TextEquiv>
      </TextLine>
      <TextLine id="eSc_line_fac95f4b" custom="structure {type:default;}">
        <Coords points="925,1885 925,1905 2850,1901 2852,1881 2847,1855 923,1852 925,1885"/>
        <Baseline points="925,1885 2852,1881"/>
        <TextEquiv conf="0.9985812799430188">
          <Unicode>ea, quae ecclesia de Falinis a 40 annis possidet. Addit de praebendis canonicorum</Unicode>
        </TextEquiv>
      </TextLine>
      <TextLine id="eSc_line_613d40ca" custom="structure {type:default;}">
        <Coords points="923,1941 923,1958 1159,1972 1162,1972 1219,1958 1224,1958 1241,1958 1482,1967 1484,1967 1705,1956 1721,1956 1745,1967 1747,1967 1749,1967 1752,1967 1780,1956 1800,1969 1802,1969 1805,1969 1807,1969 1809,1969 1811,1969 1827,1956 1913,1956 1928,1956 1957,1969 1959,1969 1961,1969 2138,1967 2140,1967 2169,1954 2191,1967 2193,1967 2196,1967 2198,1969 2295,1969 2295,1967 2297,1967 2299,1967 2315,1954 2430,1965 2432,1965 2434,1965 2483,1952 2483,1934 2478,1903 941,1901 938,1901 936,1901 934,1901 921,1908 923,1941"/>
        <Baseline points="923,1941 2483,1934"/>
        <TextEquiv conf="0.9948957891606572">
          <Unicode>defunctorum. Cartul. d&#x27;Arras I. I. f. 4“. — „Quotiens super bonis“.</Unicode>
        </TextEquiv>
      </TextLine>
      <TextLine id="eSc_line_1e5a12f7" custom="structure {type:default;}">
        <Coords points="872,1994 872,2018 2845,2014 2847,1989 2843,1958 870,1958 872,1994"/>
        <Baseline points="872,1994 2847,1989"/>
        <TextEquiv conf="0.9991579518598669">
          <Unicode>10452 Monasterii S. Mariae Montisburgensis possessiones, petente Galtero abbate, con-</Unicode>
        </TextEquiv>
      </TextLine>
      <TextLine id="eSc_line_974db0f0" custom="structure {type:default;}">
        <Coords points="925,2049 925,2071 2843,2067 2845,2044 2841,2014 923,2011 925,2049"/>
        <Baseline points="925,2049 2845,2044"/>
        <TextEquiv conf="0.9995656363666058">
          <Unicode>firmat. Ex cartul. Montisburg. n. 1, penes dominum de Beaufort. Misit Delisle. —</Unicode>
        </TextEquiv>
      </TextLine>
      <TextLine id="eSc_line_a6f44d18" custom="structure {type:default;}">
        <Coords points="927,2106 927,2126 1383,2117 1385,2100 1380,2071 1078,2062 1075,2062 1073,2062 1071,2062 1058,2073 958,2064 956,2064 954,2064 925,2075 927,2106"/>
        <Baseline points="927,2106 1385,2100"/>
        <TextEquiv conf="0.9750401409048783">
          <Unicode>„Religiosam vitam“.</Unicode>
        </TextEquiv>
      </TextLine>
      <TextLine id="eSc_line_16e77ecc" custom="structure {type:default;}">
        <Coords points="874,2159 874,2184 2845,2184 2847,2153 2841,2113 872,2126 874,2159"/>
        <Baseline points="874,2159 2847,2153"/>
        <TextEquiv conf="0.9943573534488678">
          <Unicode>10453 Monasterii Cerasiensis bona, petente Hugone abbate, confirmat. Ex chartul.</Unicode>
        </TextEquiv>
      </TextLine>
      <TextLine id="eSc_line_4113478a" custom="structure {type:default;}">
        <Coords points="923,2214 923,2237 2295,2237 2297,2208 2291,2179 921,2184 923,2214"/>
        <Baseline points="923,2214 2297,2208"/>
        <TextEquiv conf="0.9991178492019916">
          <Unicode>Ceras. p. 17 in Archives dép. de la Manche. Misit Delisle.</Unicode>
        </TextEquiv>
      </TextLine>
      <TextLine id="eSc_line_00ca0466" custom="structure {type:default;}">
        <Coords points="874,2267 874,2292 2847,2285 2850,2261 2845,2232 921,2226 919,2226 916,2226 872,2237 874,2267"/>
        <Baseline points="874,2267 2850,2261"/>
        <TextEquiv conf="0.9979118263020235">
          <Unicode>10454 *Lundensi archiepiscopo primatum Suetiae asserit. Epist. Innoc. III. ed. Baluxe</Unicode>
        </TextEquiv>
      </TextLine>
      <TextLine id="eSc_line_40053fe8" custom="structure {type:default;}">
        <Coords points="930,2325 930,2349 1102,2349 1109,2351 1129,2360 1131,2360 1133,2360 1135,2360 1164,2351 1175,2349 1193,2351 1252,2362 1254,2362 1321,2354 1347,2349 1396,2354 1506,2362 1509,2362 1511,2362 1531,2354 1544,2349 1663,2349 1692,2354 1732,2362 1734,2362 1736,2362 1756,2356 1771,2349 1824,2356 1884,2362 1886,2362 1919,2356 1964,2347 1988,2356 1999,2360 2001,2360 2003,2362 2123,2362 2123,2360 2125,2360 2132,2358 2151,2347 2180,2358 2189,2360 2191,2360 2193,2362 2346,2362 2346,2360 2348,2360 2353,2358 2375,2347 2684,2360 2702,2360 2704,2360 2706,2360 2733,2347 2755,2360 2757,2360 2759,2360 2761,2362 2843,2362 2845,2320 2839,2290 927,2292 930,2325"/>
        <Baseline points="930,2325 2845,2320"/>
        <TextEquiv conf="0.9938524141907692">
          <Unicode>I. 247 ap. Migne 214 p. 395. (Cf. Rydberg Sverges Traktater I. 74, Potthast Reg.</Unicode>
        </TextEquiv>
      </TextLine>
      <TextLine id="eSc_line_111e8423" custom="structure {type:default;}">
        <Coords points="927,2380 927,2400 1405,2396 1407,2376 1400,2345 925,2347 927,2380"/>
        <Baseline points="927,2380 1407,2376"/>
        <TextEquiv conf="0.9995403007457131">
          <Unicode>Pont. Rom. n. 435.)</Unicode>
        </TextEquiv>
      </TextLine>
      <TextLine id="eSc_line_c3d70dce" custom="structure {type:default;}">
        <Coords points="874,2433 874,2455 2850,2453 2852,2426 2847,2387 901,2387 899,2387 897,2387 872,2396 874,2433"/>
        <Baseline points="874,2433 2852,2426"/>
        <TextEquiv conf="0.9998198669581186">
          <Unicode>10455 Ecclesiam S. Petri Diensem tuendam suscipit ac disciplinam, possessiones, pri-</Unicode>
        </TextEquiv>
      </TextLine>
      <TextLine id="eSc_line_f4eeb00b" custom="structure {type:default;}">
        <Coords points="927,2488 927,2508 1378,2519 1380,2519 2014,2506 2037,2506 2039,2506 2109,2517 2112,2517 2235,2504 2255,2504 2299,2504 2593,2515 2596,2515 2598,2515 2624,2504 2631,2504 2786,2515 2788,2515 2847,2502 2850,2482 2843,2446 925,2457 927,2488"/>
        <Baseline points="927,2488 2850,2482"/>
        <TextEquiv conf="0.9997830499963063">
          <Unicode>vilegia confirmat, petente Petro priore. Codex dipl. ord. S. Ruffi, quem composuit</Unicode>
        </TextEquiv>
      </TextLine>
      <TextLine id="eSc_line_3aec866f" custom="structure {type:default;}">
        <Coords points="925,2544 925,2566 1866,2574 1869,2574 1871,2574 1873,2574 1886,2563 1889,2563 2072,2563 2074,2563 2167,2574 2169,2574 2311,2572 2313,2572 2315,2572 2328,2561 2333,2561 2375,2572 2377,2572 2379,2572 2551,2561 2558,2561 2567,2561 2735,2572 2737,2572 2792,2559 2794,2537 2788,2499 923,2513 925,2544"/>
        <Baseline points="925,2544 2794,2537"/>
        <TextEquiv conf="0.9911082990467548">
          <Unicode>et possidet Ulyxes Chevalier Romanensis, f. 9. — „Religiosis desideriis dignum“.</Unicode>
        </TextEquiv>
      </TextLine>
      <TextLine id="eSc_line_4f86876c" custom="structure {type:default;}">
        <Coords points="874,2597 874,2621 2847,2616 2850,2590 2843,2561 872,2566 874,2597"/>
        <Baseline points="874,2597 2850,2590"/>
        <TextEquiv conf="0.9999791766390388">
          <Unicode>10456 Ecclesiae S. Mariae de Bellomonte patrocinium suscipit bonaque et iura con-</Unicode>
        </TextEquiv>
      </TextLine>
      <TextLine id="eSc_line_aeebfdd0" custom="structure {type:default;}">
        <Coords points="927,2654 927,2676 1144,2687 1146,2687 1486,2676 1493,2676 1495,2676 1564,2687 1566,2687 1736,2674 1756,2674 1787,2674 2059,2685 2061,2685 2193,2674 2218,2672 2264,2672 2531,2683 2534,2683 2536,2683 2538,2683 2556,2672 2560,2672 2631,2683 2633,2683 2847,2669 2850,2647 2843,2619 925,2623 927,2654"/>
        <Baseline points="927,2654 2850,2647"/>
        <TextEquiv conf="0.99583373489705">
          <Unicode>firmat, petente Guillelmo praeposito. Codex dipl. ord. S. Ruffi l. I. f. 11. — „Piae po-</Unicode>
        </TextEquiv>
      </TextLine>
      <TextLine id="eSc_line_b9b39b7d" custom="structure {type:default;}">
        <Coords points="925,2707 925,2727 956,2742 958,2742 961,2742 1093,2729 1098,2729 1102,2729 1312,2742 1314,2742 1378,2729 1378,2707 1378,2678 925,2678 925,2707"/>
        <Baseline points="925,2707 1378,2707"/>
        <TextEquiv conf="0.9999902872812181">
          <Unicode>stulatio voluntatis“.</Unicode>
        </TextEquiv>
      </TextLine>
      <TextLine id="eSc_line_f3d7363a" custom="structure {type:default;}">
        <Coords points="874,2762 874,2786 2854,2778 2854,2753 2847,2722 872,2729 874,2762"/>
        <Baseline points="874,2762 2854,2753"/>
        <TextEquiv conf="0.9997612925136791">
          <Unicode>10457 Ecclesiae cuiusdam, ad monasterium S. Ruffi pertinentis, tutelam suscipit, pos-</Unicode>
        </TextEquiv>
      </TextLine>
      <TextLine id="eSc_line_2cf344a5" custom="structure {type:default;}">
        <Coords points="925,2817 925,2842 2843,2844 2847,2811 2843,2780 1575,2771 1573,2771 1570,2771 1537,2782 967,2773 965,2773 963,2773 923,2784 925,2817"/>
        <Baseline points="925,2817 2847,2811"/>
        <TextEquiv conf="0.9894865161917182">
          <Unicode>sessionesque et privilegia confirmat, petente Bernardo priore. Codex dipl. ord. S. Ruffi,</Unicode>
        </TextEquiv>
      </TextLine>
      <TextLine id="eSc_line_1ac454be" custom="structure {type:default;}">
        <Coords points="925,2875 925,2890 1509,2901 1511,2901 1513,2901 1562,2888 1575,2899 1575,2901 1577,2901 1579,2901 1581,2901 1701,2886 1710,2886 1712,2886 1743,2899 1745,2899 1747,2901 1939,2901 1939,2899 1942,2899 1990,2884 1990,2868 1986,2839 936,2833 934,2833 932,2833 930,2833 930,2835 923,2839 925,2875"/>
        <Baseline points="925,2875 1990,2868"/>
        <TextEquiv conf="0.9998440314894137">
          <Unicode>I. I. f. 13. — „Religiosam vitam eligentibus“.</Unicode>
        </TextEquiv>
      </TextLine>
      <TextLine id="eSc_line_913174bc" custom="structure {type:default;}">
        <Coords points="877,2928 877,2952 1798,2961 1800,2961 1802,2961 1805,2961 1811,2954 1824,2948 1849,2954 1860,2959 1862,2959 1864,2959 1884,2956 1922,2948 1990,2956 2037,2961 2039,2961 2041,2961 2052,2956 2072,2945 2114,2956 2127,2959 2129,2959 2132,2959 2193,2956 2392,2945 2430,2956 2439,2959 2441,2959 2443,2959 2487,2956 2702,2943 2735,2956 2737,2956 2739,2959 2847,2959 2850,2917 2843,2886 874,2897 877,2928"/>
        <Baseline points="877,2928 2850,2917"/>
        <TextEquiv conf="0.9993507211858575">
          <Unicode>10458 lacobo abbati omnium sanctorum in Insula Catalaunensi bullam dat. Neues</Unicode>
        </TextEquiv>
      </TextLine>
      <TextLine id="eSc_line_4e861a5d" custom="structure {type:default;}">
        <Coords points="927,2983 927,2998 954,3012 956,3012 958,3012 1082,2998 1084,2998 1087,2998 1193,3009 1195,3009 1197,3009 1199,3009 1215,2996 1228,3007 1230,3007 1232,3007 1235,3007 1374,2996 1376,2996 1389,3007 1389,3009 1391,3009 1394,3009 1396,3012 1506,3012 1506,3009 1621,3005 1623,3005 1626,3005 1639,2994 1641,2994 1747,3007 1749,3007 1752,3007 1800,2992 1800,2976 1794,2945 925,2950 927,2983"/>
        <Baseline points="927,2983 1800,2976"/>
        <TextEquiv conf="0.9993398656716218">
          <Unicode>Archiv VII. 96. — „Religiosis votis“.</Unicode>
        </TextEquiv>
      </TextLine>
      <TextLine id="eSc_line_6ca7d6f5" custom="structure {type:default;}">
        <Coords points="877,3036 877,3058 2852,3051 2852,3029 2847,3001 2193,2990 2191,2990 2189,2990 2158,3001 1548,2992 1546,2992 1544,2992 1542,2992 1526,3003 905,2994 903,2994 901,2994 874,3003 877,3036"/>
        <Baseline points="877,3036 2852,3029"/>
        <TextEquiv conf="0.9984149731868921">
          <Unicode>10459 Monachis de Astino (al. Austino) praecipit, ut presbytero de Lavare (al. Lanate)</Unicode>
        </TextEquiv>
      </TextLine>
      <TextLine id="eSc_line_9f16c1a2" custom="structure {type:default;}">
        <Coords points="925,3091 925,3113 1745,3124 1747,3124 1749,3124 1752,3124 1769,3113 1769,3111 1917,3111 1928,3111 1986,3122 1988,3122 2056,3111 2065,3111 2070,3111 2096,3122 2098,3122 2101,3122 2845,3109 2847,3087 2843,3058 1886,3047 1884,3047 1813,3058 954,3049 952,3049 950,3049 923,3058 925,3091"/>
        <Baseline points="925,3091 2847,3087"/>
        <TextEquiv conf="0.9970096823496696">
          <Unicode>debitam decimae partem exsolvant. Coll. Lips. XXIII. 5, Comp. I. L. IV. t. 26.</Unicode>
        </TextEquiv>
      </TextLine>
      <TextLine id="eSc_line_096ea64f" custom="structure {type:default;}">
        <Coords points="925,3149 925,3164 1316,3177 1319,3177 1420,3162 1429,3162 1433,3162 1469,3175 1471,3175 1473,3175 1716,3160 1718,3144 1712,3115 923,3118 925,3149"/>
        <Baseline points="925,3149 1718,3144"/>
        <TextEquiv conf="0.9999221116304398">
          <Unicode>c. 16. — „Presbyteri de Lavare“.</Unicode>
        </TextEquiv>
      </TextLine>
      <TextLine id="eSc_line_efc8d804" custom="structure {type:default;}">
        <Coords points="881,3202 881,3224 2847,3215 2850,3193 2845,3155 1416,3155 1414,3155 1354,3166 1347,3166 1312,3166 923,3157 921,3157 919,3157 879,3168 881,3202"/>
        <Baseline points="881,3202 2850,3193"/>
        <TextEquiv conf="0.9961232479129519">
          <Unicode>10460 Monasterii S. Winnoci Bergensis tutelam suscipit, possessionesque et iura con-</Unicode>
        </TextEquiv>
      </TextLine>
      <TextLine id="eSc_line_cb23c1e2" custom="structure {type:default;}">
        <Coords points="927,3259 927,3281 2845,3270 2847,3246 2841,3215 925,3226 927,3259"/>
        <Baseline points="927,3259 2847,3246"/>
        <TextEquiv conf="0.9908842602408076">
          <Unicode>firmat, petente Theoderico abbate. (Clausula, quae addita est, ad Lucii III. bullam</Unicode>
        </TextEquiv>
      </TextLine>
      <TextLine id="eSc_line_60d3e125" custom="structure {type:default;}">
        <Coords points="927,3312 927,3336 1692,3343 1694,3343 1900,3332 1913,3332 1922,3332 2076,3343 2079,3343 2182,3330 2193,3330 2204,3330 2324,3341 2326,3341 2487,3327 2509,3327 2540,3327 2799,3339 2801,3339 2803,3339 2850,3325 2850,3301 2843,3274 925,3283 927,3312"/>
        <Baseline points="927,3312 2850,3301"/>
        <TextEquiv conf="0.9930839696562433">
          <Unicode>d. 3. Ian. 1184 datam pertinet; recta vero desideratur.) Pruvost Chron. de Bergues-</Unicode>
        </TextEquiv>
      </TextLine>
      <TextLine id="eSc_line_a3bddc5c" custom="structure {type:default;}">
        <Coords points="927,3365 927,3387 2116,3380 2118,3358 2112,3330 925,3334 927,3365"/>
        <Baseline points="927,3365 2118,3358"/>
        <TextEquiv conf="0.9933875027824851">
          <Unicode>St.-Winoc I. 116. — „Religiosis desideriis dignum“.</Unicode>
        </TextEquiv>
      </TextLine>
      <TextLine id="eSc_line_617fdfab" custom="structure {type:default;}">
        <Coords points="879,3418 879,3442 2850,3433 2850,3409 2843,3383 877,3389 879,3418"/>
        <Baseline points="879,3418 2850,3409"/>
        <TextEquiv conf="0.9992029817625024">
          <Unicode>10461 Hildegardem, praepositam Montis S. Roberti, hortatur, ut in „sancta conversatione</Unicode>
        </TextEquiv>
      </TextLine>
      <TextLine id="eSc_line_688e002d" custom="structure {type:default;}">
        <Coords points="932,3475 932,3517 2233,3524 2235,3524 2238,3524 2255,3520 2302,3509 2470,3520 2503,3522 2505,3522 2507,3522 2509,3522 2512,3520 2536,3506 2748,3506 2770,3520 2770,3522 2772,3522 2775,3522 2777,3522 2847,3520 2847,3467 2841,3438 930,3445 932,3475"/>
        <Baseline points="932,3475 2847,3467"/>
        <TextEquiv conf="0.9833301204172048">
          <Unicode>persistat“ et sorores ei commissas „operibus salutis“ instruat. „Commonitoria eius verba</Unicode>
        </TextEquiv>
      </TextLine>
    </TextRegion>
    <TextRegion id="eSc_textblock_17213044"  custom="structure {type:default;}">
      <Coords points="1142,114 2026,123 2043,200 2017,227 1102,218 1093,132 1142,114"/>
      <TextLine id="eSc_line_f05ac0f9" custom="structure {type:default;}">
        <Coords points="1120,194 1120,229 1358,229 1358,227 1387,223 1484,209 1665,209 1674,218 1679,220 1679,223 1681,223 1683,223 1685,223 1794,220 1796,220 1798,220 1798,218 1800,216 1811,207 1838,216 1862,223 1864,223 1866,223 2017,212 2017,187 2014,147 1953,130 1950,130 1948,130 1860,145 1714,132 1712,132 1710,132 1707,132 1694,143 1683,134 1681,134 1679,134 1676,134 1674,134 1672,134 1672,136 1659,147 1659,150 1634,150 1595,150 1557,130 1555,130 1553,130 1551,130 1497,147 1422,130 1420,130 1182,141 1140,130 1137,130 1135,130 1133,130 1131,130 1131,132 1117,143 1120,194"/>
        <Baseline points="1120,194 2017,187"/>
        <TextEquiv conf="0.977499378224214">
          <Unicode>HADRIANUS IV. 1154—1159.</Unicode>
        </TextEquiv>
      </TextLine>
    </TextRegion>
  </Page>
</PcGts>
