<?xml version="1.0" encoding="UTF-8"  standalone="yes"?>
<PcGts xmlns="http://schema.primaresearch.org/PAGE/gts/pagecontent/2019-07-15" xmlns:xsi="http://www.w3.org/2001/XMLSchema-instance" xsi:schemaLocation="http://schema.primaresearch.org/PAGE/gts/pagecontent/2019-07-15 http://schema.primaresearch.org/PAGE/gts/pagecontent/2019-07-15/pagecontent.xsd">
  <Metadata externalRef="pdf//regestapontificu02cath.pdf">
	<Creator>escriptorium</Creator>
	<Created>2026-01-31T10:23:41.729451+00:00</Created>
        <LastChange>2026-02-01T14:31:58.863252+00:00</LastChange>
  </Metadata>
  <Page imageFilename="regestapontificu02cath.pdf_page_95.png" imageWidth="3007" imageHeight="3975">
    <TextRegion id="eSc_textblock_970b3b4f"  custom="structure {type:default;}">
      <Coords points="2554,247 2706,265 2671,3486 2390,3504 2397,3548 2344,3566 2293,3566 2238,3513 2061,3495 680,3504 653,3433 662,1934 636,1746 662,273 2554,247"/>
      <TextLine id="eSc_line_0196f188" custom="structure {type:default;}">
        <Coords points="660,331 660,353 711,371 713,371 715,371 777,364 779,364 782,364 782,362 784,362 793,351 795,351 956,366 958,366 961,366 963,366 987,346 987,324 983,287 905,271 903,271 790,287 771,273 768,273 766,273 764,273 762,273 722,284 687,276 684,276 682,276 680,276 678,276 658,287 660,331"/>
        <Baseline points="660,331 987,324"/>
        <TextEquiv conf="0.9767088294029236">
          <Unicode>1145— 1153.</Unicode>
        </TextEquiv>
      </TextLine>
      <TextLine id="eSc_line_8a857bd0" custom="structure {type:default;}">
        <Coords points="740,388 737,406 956,426 958,426 1159,410 1184,426 1186,426 1188,426 1190,426 1330,410 1372,426 1374,426 1376,428 1524,428 1524,426 1526,426 1559,410 1699,410 2032,428 2034,428 2419,412 2512,428 2514,428 2657,410 2660,393 2657,333 2383,324 2381,324 2379,324 2341,333 2297,344 2233,333 2169,324 1847,324 1844,324 1842,324 1840,324 1824,335 1809,346 1763,346 1615,344 1597,337 1573,329 1570,329 1568,329 1566,329 1548,337 1537,344 1387,344 1378,337 1363,329 1360,329 1358,329 1356,329 1299,337 1296,337 1294,337 1184,326 1182,326 1117,340 1100,342 740,342 740,388"/>
        <Baseline points="740,388 2660,393"/>
        <TextEquiv conf="0.9909021563308184">
          <Unicode>comnfirmat. petente Algario episcopo. Gall. Chr. XI. Instr. p. 239. Migne 180 p. 1357.</Unicode>
        </TextEquiv>
      </TextLine>
      <TextLine id="eSc_line_56b20175" custom="structure {type:default;}">
        <Coords points="744,446 744,463 1159,461 1159,446 1159,419 744,417 744,446"/>
        <Baseline points="744,446 1159,446"/>
        <TextEquiv conf="0.985753241707297">
          <Unicode>„ „„Ex iniuIcto“.</Unicode>
        </TextEquiv>
      </TextLine>
      <TextLine id="eSc_line_dc19f04b" custom="structure {type:default;}">
        <Coords points="682,499 682,525 2657,525 2660,494 2653,463 680,468 682,499"/>
        <Baseline points="682,499 2660,494"/>
        <TextEquiv conf="0.9998593960296024">
          <Unicode>9632 Fratres monasterii S. Benedicti super Ligerim (Floriacensis) hortatur, ut M(acario)</Unicode>
        </TextEquiv>
      </TextLine>
      <TextLine id="eSc_line_86ad090f" custom="structure {type:default;}">
        <Coords points="740,554 740,578 2662,578 2662,554 2662,525 740,525 740,554"/>
        <Baseline points="740,554 2662,554"/>
        <TextEquiv conf="0.9993703205411028">
          <Unicode>abbati obediant eumque in reformanda disciplina et possessionibus recuperandis ad-</Unicode>
        </TextEquiv>
      </TextLine>
      <TextLine id="eSc_line_9c318bf4" custom="structure {type:default;}">
        <Coords points="737,611 737,631 2213,624 2216,605 2211,578 1230,569 1228,569 1226,569 1201,580 748,571 746,571 744,571 742,571 742,574 735,578 737,611"/>
        <Baseline points="737,611 2216,605"/>
        <TextEquiv conf="0.9903913208695708">
          <Unicode>iuvent. Loewenfeld Epistolae p. 110. — „Quanto b. Benedicti“.</Unicode>
        </TextEquiv>
      </TextLine>
      <TextLine id="eSc_line_37baa73e" custom="structure {type:default;}">
        <Coords points="682,666 682,689 2660,682 2662,660 2657,633 1343,624 1341,624 1215,636 698,627 695,627 693,627 691,627 680,633 682,666"/>
        <Baseline points="682,666 2662,660"/>
        <TextEquiv conf="0.9954108934343597">
          <Unicode>9633 Monasterii S. Mariae de Ruricourte possessiones, petente Aymaro abbate. con-</Unicode>
        </TextEquiv>
      </TextLine>
      <TextLine id="eSc_line_b6e179b4" custom="structure {type:default;}">
        <Coords points="735,722 735,744 2655,748 2660,715 2653,686 733,691 735,722"/>
        <Baseline points="735,722 2660,715"/>
        <TextEquiv conf="0.9939173594826743">
          <Unicode>firmat. Ex apogr. in tabulario nat. Paris. S. 6269. n. 19. Misit Delisle. — „Quoties</Unicode>
        </TextEquiv>
      </TextLine>
      <TextLine id="eSc_line_d1c3bba9" custom="structure {type:default;}">
        <Coords points="733,777 733,797 980,797 980,777 980,746 733,746 733,777"/>
        <Baseline points="733,777 980,777"/>
        <TextEquiv conf="0.9998322996226224">
          <Unicode>(illud a)“.</Unicode>
        </TextEquiv>
      </TextLine>
      <TextLine id="eSc_line_ad9d5ff3" custom="structure {type:default;}">
        <Coords points="682,825 680,845 2657,850 2662,830 2660,797 682,795 682,825"/>
        <Baseline points="682,825 2662,830"/>
        <TextEquiv conf="0.9934254616833804">
          <Unicode>0634 Monasterio S. Victoris Parisiensis asserit bona a viris religiosis collata. Ex bibl.</Unicode>
        </TextEquiv>
      </TextLine>
      <TextLine id="eSc_line_da6b4157" custom="structure {type:default;}">
        <Coords points="737,887 737,905 2452,901 2454,883 2450,854 1610,843 1608,843 1606,843 1604,843 1590,854 1588,856 735,856 737,887"/>
        <Baseline points="737,887 2454,883"/>
        <TextEquiv conf="0.989615219670373">
          <Unicode>nat. Paris. ms. lat. 14673. fol. 283. Misit Delisle. — „Desiderium, quod“.</Unicode>
        </TextEquiv>
      </TextLine>
      <TextLine id="eSc_line_271f7de1" custom="structure {type:default;}">
        <Coords points="682,940 682,962 2662,962 2662,940 2662,912 682,912 682,940"/>
        <Baseline points="682,940 2662,940"/>
        <TextEquiv conf="0.9993524308814559">
          <Unicode>9635 Monasterii S. Leodegarii Suessionensis protectionem suscipit ac possessiones con-</Unicode>
        </TextEquiv>
      </TextLine>
      <TextLine id="eSc_line_325df4b0" custom="structure {type:default;}">
        <Coords points="737,995 737,1018 2651,1011 2653,989 2646,962 735,967 737,995"/>
        <Baseline points="737,995 2653,989"/>
        <TextEquiv conf="0.9986658294995626">
          <Unicode>firmat, petente Petro abbate. Pécheur Cartul. de S. Léger de Soissons p. 31. —</Unicode>
        </TextEquiv>
      </TextLine>
      <TextLine id="eSc_line_9440fa57" custom="structure {type:default;}">
        <Coords points="737,1055 737,1073 1175,1064 1177,1046 1173,1018 1064,1007 1062,1007 1060,1007 1058,1007 1058,1009 1047,1018 861,1011 859,1011 735,1024 737,1055"/>
        <Baseline points="737,1055 1177,1046"/>
        <TextEquiv conf="0.9999881418127763">
          <Unicode>„Quotiens illud a“.</Unicode>
        </TextEquiv>
      </TextLine>
      <TextLine id="eSc_line_9b7dfa80" custom="structure {type:default;}">
        <Coords points="682,1101 680,1124 2655,1128 2660,1108 2657,1075 682,1068 682,1101"/>
        <Baseline points="682,1101 2660,1108"/>
        <TextEquiv conf="0.998537789285183">
          <Unicode>9636 Fratribus S. Aegidii apud Pontem Audomari bullam dat. Neues Archiv VII. 94.</Unicode>
        </TextEquiv>
      </TextLine>
      <TextLine id="eSc_line_5b81741c" custom="structure {type:default;}">
        <Coords points="740,1161 740,1181 1261,1181 1261,1161 1261,1130 1246,1121 1243,1121 1241,1121 1239,1121 992,1132 952,1121 950,1121 947,1121 945,1121 912,1132 866,1121 863,1121 861,1121 859,1121 857,1121 857,1124 846,1135 740,1135 740,1161"/>
        <Baseline points="740,1161 1261,1161"/>
        <TextEquiv conf="0.9997916022936503">
          <Unicode>— „Quotiens illud a“.</Unicode>
        </TextEquiv>
      </TextLine>
      <TextLine id="eSc_line_89743227" custom="structure {type:default;}">
        <Coords points="684,1210 682,1234 693,1243 695,1243 698,1243 700,1243 2657,1234 2660,1214 2657,1183 684,1181 684,1210"/>
        <Baseline points="684,1210 2660,1214"/>
        <TextEquiv conf="0.9997432345435733">
          <Unicode>9637 Archiepiscopis et episcopis, in quorum dioecesibus ecclesiae S. Genovefae Pari-</Unicode>
        </TextEquiv>
      </TextLine>
      <TextLine id="eSc_line_1e48e7a8" custom="structure {type:default;}">
        <Coords points="740,1272 740,1294 2660,1289 2662,1267 2655,1241 737,1243 740,1272"/>
        <Baseline points="740,1272 2662,1267"/>
        <TextEquiv conf="0.9988403241318392">
          <Unicode>siensis consistunt, praecipit, ut de parochianis, qui monasterii bona invaserint ac</Unicode>
        </TextEquiv>
      </TextLine>
      <TextLine id="eSc_line_be45cd0d" custom="structure {type:default;}">
        <Coords points="735,1331 735,1353 2655,1349 2657,1322 2653,1294 1696,1285 1694,1285 1692,1285 1690,1285 1672,1296 1268,1287 1265,1287 1175,1298 799,1289 797,1289 733,1300 735,1331"/>
        <Baseline points="735,1331 2657,1322"/>
        <TextEquiv conf="0.9943453593309536">
          <Unicode>retinuerint, canonicam iustitiam faciant. In bibl. nat. Paris. ms. lat. 14664. f. 129.</Unicode>
        </TextEquiv>
      </TextLine>
      <TextLine id="eSc_line_dd7ad113" custom="structure {type:default;}">
        <Coords points="737,1378 735,1393 806,1395 819,1408 819,1411 821,1411 824,1411 1078,1413 1080,1413 1343,1397 1345,1382 1343,1353 737,1349 737,1378"/>
        <Baseline points="737,1378 1345,1382"/>
        <TextEquiv conf="0.9997378849983215">
          <Unicode>— „Ecclesiarum praelati“.</Unicode>
        </TextEquiv>
      </TextLine>
      <TextLine id="eSc_line_093d3653" custom="structure {type:default;}">
        <Coords points="684,1437 684,1457 2657,1459 2662,1433 2657,1404 700,1395 698,1395 695,1395 693,1395 682,1402 684,1437"/>
        <Baseline points="684,1437 2662,1433"/>
        <TextEquiv conf="0.9989931899380972">
          <Unicode>9638 Monachis montis S. Michaelis (seu de Periculo-maris) litteras dat. (Fragmentum</Unicode>
        </TextEquiv>
      </TextLine>
      <TextLine id="eSc_line_d835e35c" custom="structure {type:default;}">
        <Coords points="735,1492 735,1512 2651,1508 2653,1488 2646,1459 733,1461 735,1492"/>
        <Baseline points="735,1492 2653,1488"/>
        <TextEquiv conf="0.9993205688893795">
          <Unicode>exiguum.) In folio ms. 82 bibl. Abrincensis praefixo saec. XII. Misit Delisle. —</Unicode>
        </TextEquiv>
      </TextLine>
      <TextLine id="eSc_line_31822e3b" custom="structure {type:default;}">
        <Coords points="737,1552 737,1572 1391,1561 1394,1541 1389,1514 762,1512 760,1512 757,1512 735,1521 737,1552"/>
        <Baseline points="737,1552 1394,1541"/>
        <TextEquiv conf="0.9999999900658926">
          <Unicode>„Non modicum ammiramur“.</Unicode>
        </TextEquiv>
      </TextLine>
      <TextLine id="eSc_line_d49e7ca2" custom="structure {type:default;}">
        <Coords points="682,1601 682,1625 2660,1625 2660,1601 2657,1570 682,1570 682,1601"/>
        <Baseline points="682,1601 2660,1601"/>
        <TextEquiv conf="0.9999745715232122">
          <Unicode>9639 R. priori et fratribus S. Michaelis de Periculo-maris litteras dat. (Fragmentum</Unicode>
        </TextEquiv>
      </TextLine>
      <TextLine id="eSc_line_33dffd12" custom="structure {type:default;}">
        <Coords points="733,1658 733,1676 954,1687 956,1687 958,1687 1003,1676 1020,1687 1022,1687 1025,1687 1027,1687 1029,1687 1051,1676 1087,1684 1089,1684 1091,1684 1254,1673 1272,1673 1288,1673 1431,1684 1433,1684 1436,1684 1438,1684 1438,1682 1449,1673 1493,1673 1522,1673 1537,1684 1539,1684 1542,1684 1544,1684 1758,1682 1760,1682 1763,1682 1763,1680 1771,1673 1787,1682 1789,1682 1791,1682 1794,1682 1796,1682 1842,1671 1911,1682 1913,1682 1915,1682 1955,1669 1955,1651 1950,1625 1146,1616 1144,1616 1142,1616 1140,1616 1140,1618 1137,1618 1131,1627 797,1618 795,1618 731,1629 733,1658"/>
        <Baseline points="733,1658 1955,1651"/>
        <TextEquiv conf="0.9937019610404968">
          <Unicode>exiguum.) I. I. Misit Delisle. — „Quoniam ut ait“.</Unicode>
        </TextEquiv>
      </TextLine>
      <TextLine id="eSc_line_0f9eb885" custom="structure {type:default;}">
        <Coords points="658,1707 658,1737 2657,1733 2660,1711 2660,1682 658,1678 658,1707"/>
        <Baseline points="658,1707 2660,1711"/>
        <TextEquiv conf="0.9972165206844887">
          <Unicode>p9640 Universis episcopis et archiepiscopis scribit, sese Maioris-monasterii protectionem</Unicode>
        </TextEquiv>
      </TextLine>
      <TextLine id="eSc_line_8d408aac" custom="structure {type:default;}">
        <Coords points="737,1771 737,1793 2657,1793 2660,1766 2655,1737 832,1729 830,1729 735,1740 737,1771"/>
        <Baseline points="737,1771 2660,1766"/>
        <TextEquiv conf="0.9979736284277905">
          <Unicode>suscipisse, bonaque et privilegia confirmasse. In bibl. nat. Paris. Coll. Moreau t. 62.</Unicode>
        </TextEquiv>
      </TextLine>
      <TextLine id="eSc_line_501910fb" custom="structure {type:default;}">
        <Coords points="733,1826 733,1841 961,1841 998,1852 1000,1852 1003,1852 1095,1839 1106,1839 1120,1839 1250,1850 1252,1850 1312,1837 1321,1837 1323,1837 1345,1848 1347,1848 1349,1848 1597,1835 1599,1819 1595,1790 751,1786 748,1786 746,1786 744,1786 731,1793 733,1826"/>
        <Baseline points="733,1826 1599,1819"/>
        <TextEquiv conf="0.9934478667047288">
          <Unicode>f. 40. — „Cum universis catholicae“.</Unicode>
        </TextEquiv>
      </TextLine>
      <TextLine id="eSc_line_6c173fb1" custom="structure {type:default;}">
        <Coords points="684,1879 684,1901 2657,1894 2660,1872 2653,1843 682,1848 684,1879"/>
        <Baseline points="684,1879 2660,1872"/>
        <TextEquiv conf="0.996322545336514">
          <Unicode>9641 (6676) Clero et populo Toletano mandat, ne patiantur eos, qui Mux-arabes nun-</Unicode>
        </TextEquiv>
      </TextLine>
      <TextLine id="eSc_line_bbfd3b1a" custom="structure {type:default;}">
        <Coords points="735,1934 735,1956 2657,1952 2660,1927 2653,1901 733,1905 735,1934"/>
        <Baseline points="735,1934 2660,1927"/>
        <TextEquiv conf="0.9988843658824026">
          <Unicode>cupentur, archiepiscopo Toletano obedientiam denegare, ecclesias de manu laicorum</Unicode>
        </TextEquiv>
      </TextLine>
      <TextLine id="eSc_line_3461a24a" custom="structure {type:default;}">
        <Coords points="735,1989 735,2011 2657,2007 2660,1985 2653,1954 733,1961 735,1989"/>
        <Baseline points="735,1989 2660,1985"/>
        <TextEquiv conf="0.999931016872669">
          <Unicode>recipere et in sacramentis missarum et aliis divinis officiis, tonsura quoque clericali</Unicode>
        </TextEquiv>
      </TextLine>
      <TextLine id="eSc_line_31bb4faf" custom="structure {type:default;}">
        <Coords points="737,2044 737,2067 2657,2064 2660,2038 2653,2011 735,2011 737,2044"/>
        <Baseline points="737,2044 2660,2038"/>
        <TextEquiv conf="0.9914302272456033">
          <Unicode>et vestimentis, suam antiquam consuetudinem subsequentes, ab apostolica sede diversa</Unicode>
        </TextEquiv>
      </TextLine>
      <TextLine id="eSc_line_de452159" custom="structure {type:default;}">
        <Coords points="735,2100 735,2120 1263,2120 1356,2131 1358,2131 1360,2131 1363,2131 1378,2117 1383,2117 1431,2128 1433,2128 1807,2117 1809,2117 1811,2117 2006,2128 2008,2128 2074,2117 2222,2126 2224,2126 2227,2126 2249,2115 2282,2126 2284,2126 2286,2126 2408,2115 2631,2126 2633,2126 2635,2126 2660,2113 2660,2093 2653,2064 733,2069 735,2100"/>
        <Baseline points="735,2100 2660,2093"/>
        <TextEquiv conf="0.9940916999181112">
          <Unicode>sentire“. Mansi XXI. 677, Aguirre Conc. V. 68, Migne 180 p. 1559. — „Inobe-</Unicode>
        </TextEquiv>
      </TextLine>
      <TextLine id="eSc_line_e40774b1" custom="structure {type:default;}">
        <Coords points="733,2155 733,2173 817,2184 819,2184 927,2170 934,2170 938,2170 994,2181 996,2181 1131,2166 1133,2148 1126,2113 731,2124 733,2155"/>
        <Baseline points="733,2155 1133,2148"/>
        <TextEquiv conf="0.9999461805119234">
          <Unicode>dientiae crimen“.</Unicode>
        </TextEquiv>
      </TextLine>
      <TextLine id="eSc_line_eca2ffec" custom="structure {type:default;}">
        <Coords points="682,2203 680,2228 691,2237 693,2237 695,2237 698,2237 2657,2234 2660,2210 2657,2177 682,2173 682,2203"/>
        <Baseline points="682,2203 2660,2210"/>
        <TextEquiv conf="0.9985117117563883">
          <Unicode>9642 (6678) Ecclesiae Mechlinensis protectionem suscipit, possessionesque confirmat,</Unicode>
        </TextEquiv>
      </TextLine>
      <TextLine id="eSc_line_a79399ae" custom="structure {type:default;}">
        <Coords points="737,2267 737,2298 797,2287 1416,2292 1694,2294 1696,2294 1699,2294 1714,2290 1738,2283 1935,2287 2158,2292 2160,2292 2657,2279 2660,2259 2655,2230 1701,2221 1699,2221 1632,2232 1341,2223 1338,2223 1204,2234 802,2226 799,2226 735,2237 737,2267"/>
        <Baseline points="737,2267 2660,2259"/>
        <TextEquiv conf="0.9928972488873965">
          <Unicode>petente Roberto decano. Miraei Opp. dipl. IV. 19, Migne 180 p. 1559. — „Desi-</Unicode>
        </TextEquiv>
      </TextLine>
      <TextLine id="eSc_line_f5bf806a" custom="structure {type:default;}">
        <Coords points="733,2320 733,2338 996,2349 998,2349 1000,2349 1042,2334 1047,2334 1049,2334 1082,2345 1084,2345 1087,2345 1155,2332 1157,2314 1151,2287 731,2292 733,2320"/>
        <Baseline points="733,2320 1157,2314"/>
        <TextEquiv conf="0.999999908839955">
          <Unicode>derium, quod ad“.</Unicode>
        </TextEquiv>
      </TextLine>
      <TextLine id="eSc_line_55acde75" custom="structure {type:default;}">
        <Coords points="680,2373 680,2396 2657,2396 2657,2373 2657,2343 680,2343 680,2373"/>
        <Baseline points="680,2373 2657,2373"/>
        <TextEquiv conf="0.9976061979929606">
          <Unicode>9643 *Monasterio Walciodorensi locum Hasteriensem subiicit. (Videtur esse fragmentum</Unicode>
        </TextEquiv>
      </TextLine>
      <TextLine id="eSc_line_55a990ea" custom="structure {type:default;}">
        <Coords points="740,2433 740,2457 2655,2449 2657,2429 2653,2400 795,2391 793,2391 737,2402 740,2433"/>
        <Baseline points="740,2433 2657,2429"/>
        <TextEquiv conf="0.999754379192988">
          <Unicode>privilegii, quo Eugenius III. monasterii possessiones et iura confirmat.) Vide Hist.</Unicode>
        </TextEquiv>
      </TextLine>
      <TextLine id="eSc_line_db347b57" custom="structure {type:default;}">
        <Coords points="742,2482 740,2499 2653,2504 2657,2486 2655,2453 742,2449 742,2482"/>
        <Baseline points="742,2482 2657,2486"/>
        <TextEquiv conf="0.9924104034182537">
          <Unicode>Walciodor. mon. in MG. SS. XIV. 534; cf. infra bullam Hadriani d. d. 17. Mai. 1155.</Unicode>
        </TextEquiv>
      </TextLine>
      <TextLine id="eSc_line_f4b43736" custom="structure {type:default;}">
        <Coords points="680,2541 680,2561 1997,2568 1999,2568 2001,2568 2028,2557 2032,2557 2657,2557 2660,2535 2655,2506 1341,2497 1338,2497 1239,2508 700,2499 698,2499 695,2499 693,2499 678,2506 680,2541"/>
        <Baseline points="680,2541 2660,2535"/>
        <TextEquiv conf="0.99489663020674">
          <Unicode>9644 Monasterii S. Benedicti Hulmensis tutelam suscipit, bonaque et privilegia con-</Unicode>
        </TextEquiv>
      </TextLine>
      <TextLine id="eSc_line_b817675c" custom="structure {type:default;}">
        <Coords points="733,2594 733,2614 2501,2610 2503,2590 2498,2559 755,2555 753,2555 751,2555 731,2563 733,2594"/>
        <Baseline points="733,2594 2503,2590"/>
        <TextEquiv conf="0.9915623486816109">
          <Unicode>firmat. Monast. Anglic. nov. edit. III. 89. — „Religiosis desideriis dignum“.</Unicode>
        </TextEquiv>
      </TextLine>
      <TextLine id="eSc_line_5f779c6f" custom="structure {type:default;}">
        <Coords points="682,2650 682,2669 2660,2665 2660,2645 2655,2616 1670,2605 1668,2605 1665,2605 1632,2616 731,2608 729,2608 726,2608 680,2619 682,2650"/>
        <Baseline points="682,2650 2660,2645"/>
        <TextEquiv conf="0.9964380352334543">
          <Unicode>9645 Monasterii S. Petri et S. Hildae Wytebiensis tutelam suscipit. possessionesque con-</Unicode>
        </TextEquiv>
      </TextLine>
      <TextLine id="eSc_line_303df5e6" custom="structure {type:default;}">
        <Coords points="737,2707 737,2727 2655,2725 2657,2700 2653,2672 1378,2663 1376,2663 1374,2663 1349,2674 757,2665 755,2665 753,2665 751,2665 735,2672 737,2707"/>
        <Baseline points="737,2707 2657,2700"/>
        <TextEquiv conf="0.9996627154229563">
          <Unicode>firmat, petente Benedicto abbate. Cartularium abb. de Whiteby I. 117. (Charlton</Unicode>
        </TextEquiv>
      </TextLine>
      <TextLine id="eSc_line_458f8824" custom="structure {type:default;}">
        <Coords points="733,2762 733,2782 2651,2775 2653,2756 2649,2727 1385,2718 1383,2718 1288,2729 746,2720 744,2720 742,2720 740,2720 731,2725 733,2762"/>
        <Baseline points="733,2762 2653,2756"/>
        <TextEquiv conf="0.9949361517511565">
          <Unicode>Hist. of Mhitby p. 107, ubi bulla anglice reddita est.) — „Piae postulatio voluntatis“.</Unicode>
        </TextEquiv>
      </TextLine>
      <TextLine id="eSc_line_3c287131" custom="structure {type:default;}">
        <Coords points="680,2813 680,2839 2657,2839 2657,2813 2655,2782 680,2782 680,2813"/>
        <Baseline points="680,2813 2657,2813"/>
        <TextEquiv conf="0.9989006434168134">
          <Unicode>9646 (6680) Ecclesiam S. Laurentii Ianuensem tuendam suscipit, Syrique archiepiscopi</Unicode>
        </TextEquiv>
      </TextLine>
      <TextLine id="eSc_line_f4dc3873" custom="structure {type:default;}">
        <Coords points="737,2870 737,2895 2651,2895 2653,2866 2646,2837 735,2839 737,2870"/>
        <Baseline points="737,2870 2653,2866"/>
        <TextEquiv conf="0.9941457341699039">
          <Unicode>ac successorum possessiones. confirmat. Ughelli It. sacr. IV. 865, Migne 180 p. 1562.</Unicode>
        </TextEquiv>
      </TextLine>
      <TextLine id="eSc_line_ed2fe7b3" custom="structure {type:default;}">
        <Coords points="740,2926 740,2941 910,2952 912,2952 914,2952 916,2952 932,2941 954,2952 956,2952 958,2952 1184,2937 1186,2921 1179,2895 737,2897 740,2926"/>
        <Baseline points="740,2926 1186,2921"/>
        <TextEquiv conf="0.9999848827719688">
          <Unicode>— „Ex commisso“.</Unicode>
        </TextEquiv>
      </TextLine>
      <TextLine id="eSc_line_95784a3b" custom="structure {type:default;}">
        <Coords points="684,2979 684,3003 2657,3003 2657,2979 2657,2950 684,2950 684,2979"/>
        <Baseline points="684,2979 2657,2979"/>
        <TextEquiv conf="0.9992225404027142">
          <Unicode>9647 (6681) Villano, archiepiscopo Pisano, mandat, ut inter A(ymonem) episcopum</Unicode>
        </TextEquiv>
      </TextLine>
      <TextLine id="eSc_line_2873598a" custom="structure {type:default;}">
        <Coords points="740,3036 740,3056 2653,3062 2655,3036 2655,3007 740,3007 740,3036"/>
        <Baseline points="740,3036 2655,3036"/>
        <TextEquiv conf="0.9962554530399602">
          <Unicode>Sulciensem et Rainaldum abbatem Casinensem de sex ecclesiis controversiam dirimat,</Unicode>
        </TextEquiv>
      </TextLine>
      <TextLine id="eSc_line_7b7a67bb" custom="structure {type:default;}">
        <Coords points="737,3087 735,3104 2651,3109 2655,3091 2653,3062 737,3058 737,3087"/>
        <Baseline points="737,3087 2655,3091"/>
        <TextEquiv conf="0.9999594919383525">
          <Unicode>iudicetque inter archipresbyterum Turritanum et monasterium S. Mariae de Thergo.</Unicode>
        </TextEquiv>
      </TextLine>
      <TextLine id="eSc_line_e8511daa" custom="structure {type:default;}">
        <Coords points="735,3144 735,3164 2631,3173 2633,3173 2635,3173 2657,3160 2657,3140 2651,3111 733,3113 735,3144"/>
        <Baseline points="735,3144 2657,3140"/>
        <TextEquiv conf="0.9986276022799603">
          <Unicode>Gattula Hist. Cas. p. 155, Hist. Patr. Mon. X. 204, Migne 180 p. 1563. — „Ad-</Unicode>
        </TextEquiv>
      </TextLine>
      <TextLine id="eSc_line_63a2119c" custom="structure {type:default;}">
        <Coords points="740,3195 737,3215 755,3226 757,3226 760,3226 762,3226 1228,3215 1230,3199 1228,3168 740,3166 740,3195"/>
        <Baseline points="740,3195 1230,3199"/>
        <TextEquiv conf="0.99997738301754">
          <Unicode>versum venerabilem“.</Unicode>
        </TextEquiv>
      </TextLine>
      <TextLine id="eSc_line_642ad333" custom="structure {type:default;}">
        <Coords points="684,3248 682,3270 2651,3274 2655,3252 2651,3215 684,3217 684,3248"/>
        <Baseline points="684,3248 2655,3252"/>
        <TextEquiv conf="0.9936292613253874">
          <Unicode>9648 (6682) Ecclesiae S. Mariae Secusiensis protectionem suscipit, possessionesque ac</Unicode>
        </TextEquiv>
      </TextLine>
      <TextLine id="eSc_line_38a69e00" custom="structure {type:default;}">
        <Coords points="740,3312 740,3339 2651,3325 2653,3305 2646,3277 737,3281 740,3312"/>
        <Baseline points="740,3312 2653,3305"/>
        <TextEquiv conf="0.9926619730716528">
          <Unicode>privilegia confirmat, petente Bernardo praeposito. Ulciensis eccl. chartar. p. 4, Sac-</Unicode>
        </TextEquiv>
      </TextLine>
      <TextLine id="eSc_line_fdd23570" custom="structure {type:default;}">
        <Coords points="740,3363 740,3385 2074,3385 2074,3363 2074,3336 740,3334 740,3363"/>
        <Baseline points="740,3363 2074,3363"/>
        <TextEquiv conf="0.9953895619041041">
          <Unicode>chetti Mem. d. chiesa di Susa p. 39. — „Piae postulatio“.</Unicode>
        </TextEquiv>
      </TextLine>
      <TextLine id="eSc_line_b19669b6" custom="structure {type:default;}">
        <Coords points="687,3411 684,3436 700,3445 702,3445 704,3445 707,3445 994,3436 1226,3447 1228,3449 2649,3449 2651,3420 2649,3389 687,3380 687,3411"/>
        <Baseline points="687,3411 2651,3420"/>
        <TextEquiv conf="0.9921127160390218">
          <Unicode>9649 (6683) Archipresbytero tituli S. Marci mandat, hortetur capellanum de Pinea,</Unicode>
        </TextEquiv>
      </TextLine>
      <TextLine id="eSc_line_a9a0d818" custom="structure {type:default;}">
        <Coords points="746,3475 746,3509 2624,3509 2624,3506 2626,3506 2653,3493 2653,3469 2646,3442 744,3445 746,3475"/>
        <Baseline points="746,3475 2653,3469"/>
        <TextEquiv conf="0.9935024009972084">
          <Unicode>„ut secundum antiquam et rationabilem consuetudinem ecclesiae S. Marci obedientiam</Unicode>
        </TextEquiv>
      </TextLine>
      <TextLine id="eSc_line_79c9f082" custom="structure {type:default;}">
        <Coords points="2293,3539 2295,3564 2375,3564 2372,3531 2366,3498 2288,3506 2293,3539"/>
        <Baseline points="2293,3539 2372,3531"/>
        <TextEquiv conf="0.9999997615814209">
          <Unicode>1;*</Unicode>
        </TextEquiv>
      </TextLine>
    </TextRegion>
    <TextRegion id="eSc_textblock_a3917dac"  custom="structure {type:default;}">
      <Coords points="974,106 1807,114 1824,192 945,209 936,123 974,106"/>
      <TextLine id="eSc_line_c2f17287" custom="structure {type:default;}">
        <Coords points="958,176 958,196 1155,205 1157,205 1221,200 1296,194 1310,200 1314,205 1316,205 1319,205 1321,205 1367,200 1453,194 1537,203 1559,205 1562,205 1579,203 1657,194 1668,203 1668,205 1670,205 1672,205 1674,207 1805,207 1805,176 1805,134 1484,114 1482,114 1480,114 1478,114 1455,134 1387,134 1369,117 1369,114 1367,114 1365,114 1327,114 1325,114 1323,114 1277,132 1230,114 1228,114 1091,114 1089,114 1087,114 1084,114 1064,130 958,132 958,176"/>
        <Baseline points="958,176 1805,176"/>
        <TextEquiv conf="0.9464644265174865">
          <Unicode>EL-iEXIIS III. 1145 —1133</Unicode>
        </TextEquiv>
      </TextLine>
    </TextRegion>
    <TextRegion id="eSc_textblock_1d4fc083"  custom="structure {type:default;}">
      <Coords points="2571,123 2662,123 2688,192 2567,218 2571,123"/>
      <TextLine id="eSc_line_2db06cb1" custom="structure {type:default;}">
        <Coords points="2569,143 2573,183 2576,216 2662,212 2660,176 2653,136 2569,141 2569,143"/>
        <Baseline points="2573,183 2660,176"/>
        <TextEquiv conf="1.0">
          <Unicode>83</Unicode>
        </TextEquiv>
      </TextLine>
    </TextRegion>
  </Page>
</PcGts>
