<?xml version="1.0" encoding="UTF-8"  standalone="yes"?>
<PcGts xmlns="http://schema.primaresearch.org/PAGE/gts/pagecontent/2019-07-15" xmlns:xsi="http://www.w3.org/2001/XMLSchema-instance" xsi:schemaLocation="http://schema.primaresearch.org/PAGE/gts/pagecontent/2019-07-15 http://schema.primaresearch.org/PAGE/gts/pagecontent/2019-07-15/pagecontent.xsd">
  <Metadata externalRef="pdf//regestapontificu02cath.pdf">
	<Creator>escriptorium</Creator>
	<Created>2026-01-31T10:24:50.283555+00:00</Created>
        <LastChange>2026-02-04T22:55:41.772772+00:00</LastChange>
  </Metadata>
  <Page imageFilename="regestapontificu02cath.pdf_page_125.png" imageWidth="3007" imageHeight="3975">
    <TextRegion id="eSc_textblock_ef22bd23"  custom="structure {type:default;}">
      <Coords points="2383,300 2680,309 2662,3522 2390,3539 2370,3584 2123,3531 1031,3531 581,3592 106,3575 79,3380 88,1272 61,962 97,424 220,395 106,386 106,362 342,318 368,424 362,318 625,318 634,344 671,309 2383,300"/>
      <TextLine id="eSc_line_67a22102" custom="structure {type:default;}">
        <Coords points="1566,302 1564,302 1526,313 1517,318 656,318 642,329 645,366 645,395 2465,388 2467,353 2461,311 1745,313 1721,313 1568,302 1566,302"/>
        <Baseline points="645,366 2467,353"/>
        <TextEquiv conf="0.988016079453861">
          <Unicode>1155. (Indt. 3. — 25. Sept. — 4, pont a. 1. — 5. Der. — 2, 1151. — 25. Mart. — 1135.)</Unicode>
        </TextEquiv>
      </TextLine>
      <TextLine id="eSc_line_7367e3f9" custom="structure {type:default;}">
        <Coords points="724,430 724,454 1458,465 1460,465 1462,465 1491,450 1493,450 1533,450 1833,463 1836,463 1838,463 1871,448 1875,448 1886,448 1979,461 1981,461 2039,448 2041,448 2043,448 2074,459 2076,459 2079,459 2432,446 2454,446 2456,446 2474,459 2476,459 2478,459 2481,461 2567,461 2567,459 2640,443 2642,419 2635,390 2132,390 2107,379 2105,379 2103,379 2048,390 1798,382 1796,382 1794,382 1791,382 1771,395 1661,395 1568,382 1566,382 1564,382 1562,382 1544,393 1369,384 1367,384 1312,395 1290,384 1288,384 1106,384 1104,384 965,397 813,386 810,386 722,399 724,430"/>
        <Baseline points="724,430 2642,419"/>
        <TextEquiv conf="0.9924846822168769">
          <Unicode>p. 1434. Cf. Diehamp in Mitth. d. Inst. f. 5sterr. Gesch. III. 590 n. 3. — „Sacro-</Unicode>
        </TextEquiv>
      </TextLine>
      <TextLine id="eSc_line_567907df" custom="structure {type:default;}">
        <Coords points="722,481 722,501 830,514 832,514 1117,501 1117,481 1117,448 722,448 722,481"/>
        <Baseline points="722,481 1117,481"/>
        <TextEquiv conf="0.9743201414744059">
          <Unicode>sancta Romana“.</Unicode>
        </TextEquiv>
      </TextLine>
      <TextLine id="eSc_line_c7d35aef" custom="structure {type:default;}">
        <Coords points="647,536 647,563 2638,569 2640,536 2640,501 647,490 647,536"/>
        <Baseline points="647,536 2640,536"/>
        <TextEquiv conf="0.9997104004025459">
          <Unicode>110089 (6895) (Arnoldo) archiepiscopo Moguntino mandat, ut monasterium Werbense,</Unicode>
        </TextEquiv>
      </TextLine>
      <TextLine id="eSc_line_84593f0c" custom="structure {type:default;}">
        <Coords points="731,591 731,616 817,629 819,629 821,629 866,616 870,616 912,616 1310,629 1312,629 1314,629 1316,629 1334,616 1358,627 1360,627 1363,629 1774,629 1774,627 1882,613 1902,627 1904,627 1906,627 1908,629 2003,629 2003,627 2006,627 2041,611 2045,611 2052,611 2112,624 2114,624 2216,611 2227,611 2454,611 2456,611 2474,624 2476,624 2478,624 2481,624 2640,609 2642,585 2638,558 729,558 731,591"/>
        <Baseline points="731,591 2642,585"/>
        <TextEquiv conf="0.9972817628848843">
          <Unicode>Wibaldo abbati Corbeiensi subiectum, a Bobbonis comitis tueatur iniuriis. (Ex lit-</Unicode>
        </TextEquiv>
      </TextLine>
      <TextLine id="eSc_line_66d83221" custom="structure {type:default;}">
        <Coords points="726,644 726,675 2638,671 2640,640 2633,613 724,616 726,644"/>
        <Baseline points="726,644 2640,640"/>
        <TextEquiv conf="0.9974148061540392">
          <Unicode>teris Victoris antipapae male praeparatam esse epistolam, annotat Jaffé Bibl. I. 603 not.)</Unicode>
        </TextEquiv>
      </TextLine>
      <TextLine id="eSc_line_d3ee3418" custom="structure {type:default;}">
        <Coords points="724,702 724,724 2465,719 2467,697 2461,669 722,671 724,702"/>
        <Baseline points="724,702 2467,697"/>
        <TextEquiv conf="0.9954315390385372">
          <Unicode>Martene Coll. II. 620, Migne 188 p. 1434. — „Praedecessorum nostrorum“.</Unicode>
        </TextEquiv>
      </TextLine>
      <TextLine id="eSc_line_93382482" custom="structure {type:default;}">
        <Coords points="671,753 671,779 2642,779 2642,753 2640,724 671,724 671,753"/>
        <Baseline points="671,753 2642,753"/>
        <TextEquiv conf="0.9989483765808933">
          <Unicode>10090 (6896) Raynerio, episcopo Senensi, ecclesiae in fundo Montis Bonizi condendae</Unicode>
        </TextEquiv>
      </TextLine>
      <TextLine id="eSc_line_1d2b51cc" custom="structure {type:default;}">
        <Coords points="117,757 117,797 176,797 176,795 178,795 181,795 203,777 258,788 260,788 349,777 391,792 393,792 395,792 397,792 399,792 426,775 634,790 636,753 629,719 523,719 517,715 508,708 505,708 503,708 501,708 499,708 481,715 472,719 463,715 410,682 408,682 406,682 404,682 300,684 298,684 296,684 258,711 240,722 214,708 205,706 203,706 201,706 114,706 117,757"/>
        <Baseline points="117,757 636,753"/>
        <TextEquiv conf="0.9878683334047144">
          <Unicode>Lal. 21. ap. civitatem</Unicode>
        </TextEquiv>
      </TextLine>
      <TextLine id="eSc_line_6b56b7cf" custom="structure {type:default;}">
        <Coords points="724,810 724,845 2640,832 2642,803 2635,777 722,781 724,810"/>
        <Baseline points="724,810 2642,803"/>
        <TextEquiv conf="0.9968459146568575">
          <Unicode>facultatem ea lege concedit, ut quotannis byzantium unum sibi suisque successoribus</Unicode>
        </TextEquiv>
      </TextLine>
      <TextLine id="eSc_line_db5872a2" custom="structure {type:default;}">
        <Coords points="351,812 351,854 631,836 631,808 627,779 349,775 351,812"/>
        <Baseline points="351,812 631,808"/>
        <TextEquiv conf="0.9999987970698964">
          <Unicode>Castellanar</Unicode>
        </TextEquiv>
      </TextLine>
      <TextLine id="eSc_line_af223121" custom="structure {type:default;}">
        <Coords points="726,867 726,892 2638,889 2640,863 2635,832 724,832 726,867"/>
        <Baseline points="726,867 2640,863"/>
        <TextEquiv conf="0.9942222897495542">
          <Unicode>persolvat. Muratori Ant. It. V. 811, Ughelli It. sacr. III. 545, Lami eccl. Fl. mon.</Unicode>
        </TextEquiv>
      </TextLine>
      <TextLine id="eSc_line_da77c3e9" custom="structure {type:default;}">
        <Coords points="726,923 726,942 1091,954 1093,954 1177,942 1179,942 1184,942 1259,954 1261,954 1367,942 1418,951 1420,951 1422,951 1425,951 1440,940 1444,940 1475,940 1705,951 1707,951 1710,951 1734,940 1741,940 1880,951 1882,951 1884,951 1906,940 1957,951 1959,951 2034,938 2045,938 2056,938 2140,949 2143,949 2585,936 2587,916 2582,885 737,881 735,881 733,881 731,881 731,883 724,887 726,923"/>
        <Baseline points="726,923 2587,916"/>
        <TextEquiv conf="0.9996407518261358">
          <Unicode>IV. 13, Pecci Stor. di Siena p. 159, Migne 188 p. 1435. — „Cum ex iniuncto“.</Unicode>
        </TextEquiv>
      </TextLine>
      <TextLine id="eSc_line_71d3de14" custom="structure {type:default;}">
        <Coords points="95,973 92,1007 139,1022 141,1022 324,1024 329,978 329,934 276,923 273,923 271,923 236,934 229,936 227,934 214,923 212,923 209,923 207,923 95,934 95,973"/>
        <Baseline points="95,973 329,978"/>
        <TextEquiv conf="0.9555944204330444">
          <Unicode>e. Spt. 29.</Unicode>
        </TextEquiv>
      </TextLine>
      <TextLine id="eSc_line_32acbfc8" custom="structure {type:default;}">
        <Coords points="671,978 671,1004 1699,1015 1701,1015 1703,1015 1743,1000 1747,1000 1752,1000 1805,1015 1807,1015 1809,1018 1981,1018 1981,1015 1984,1015 1986,1015 2003,1000 2008,998 2026,1000 2138,1013 2140,1013 2246,1000 2311,1013 2313,1013 2377,998 2381,998 2640,998 2642,971 2635,942 669,947 671,978"/>
        <Baseline points="671,978 2642,971"/>
        <TextEquiv conf="0.9960929772188497">
          <Unicode>proficiscitur S. Germanum versus „circa festum b. Michaelis“. Bosonis card. Vita Hadr.</Unicode>
        </TextEquiv>
      </TextLine>
      <TextLine id="eSc_line_9dfa98e1" custom="structure {type:default;}">
        <Coords points="722,1033 722,1053 1248,1060 1252,1029 1248,998 985,987 983,987 720,998 722,1033"/>
        <Baseline points="722,1033 1252,1029"/>
        <TextEquiv conf="0.9881719594652002">
          <Unicode>ap. Watterich II. 332.</Unicode>
        </TextEquiv>
      </TextLine>
      <TextLine id="eSc_line_d51415c6" custom="structure {type:default;}">
        <Coords points="671,1082 671,1110 2644,1110 2644,1082 2644,1051 671,1051 671,1082"/>
        <Baseline points="671,1082 2644,1082"/>
        <TextEquiv conf="0.9979859320230262">
          <Unicode>10091 Ecclesiae Anagninae tutelam suscipit, possessionesque et iura confirmat, petente</Unicode>
        </TextEquiv>
      </TextLine>
      <TextLine id="eSc_line_89dc78a9" custom="structure {type:default;}">
        <Coords points="110,1086 110,1115 227,1126 229,1126 338,1110 338,1086 335,1037 110,1042 110,1086"/>
        <Baseline points="110,1086 338,1086"/>
        <TextEquiv conf="0.9999785290824043">
          <Unicode>Sept. 30.</Unicode>
        </TextEquiv>
      </TextLine>
      <TextLine id="eSc_line_74bc8ddb" custom="structure {type:default;}">
        <Coords points="380,1086 380,1117 391,1128 393,1128 395,1128 397,1130 463,1130 463,1128 612,1110 612,1086 612,1042 380,1042 380,1086"/>
        <Baseline points="380,1086 612,1086"/>
        <TextEquiv conf="0.9999965031941732">
          <Unicode>Ferentini</Unicode>
        </TextEquiv>
      </TextLine>
      <TextLine id="eSc_line_df85b582" custom="structure {type:default;}">
        <Coords points="722,1137 720,1154 766,1170 768,1170 771,1170 1148,1159 1478,1172 1480,1172 1482,1172 1524,1161 1615,1161 1628,1172 1630,1172 1632,1172 1634,1172 1687,1161 1889,1161 1902,1172 1904,1172 1906,1172 1908,1172 2227,1159 2229,1141 2227,1110 722,1108 722,1137"/>
        <Baseline points="722,1137 2229,1141"/>
        <TextEquiv conf="0.9992970549871051">
          <Unicode>Lotario episcopo. Pflugk-Harttung Iter p. 254. — „In eminenti“.</Unicode>
        </TextEquiv>
      </TextLine>
      <TextLine id="eSc_line_bcf14a21" custom="structure {type:default;}">
        <Coords points="110,1194 110,1227 220,1225 238,1243 247,1249 247,1252 249,1252 251,1252 254,1254 333,1254 333,1194 331,1159 110,1166 110,1194"/>
        <Baseline points="110,1194 333,1194"/>
        <TextEquiv conf="0.980598509311676">
          <Unicode>Oct. 4.</Unicode>
        </TextEquiv>
      </TextLine>
      <TextLine id="eSc_line_308c5b3c" custom="structure {type:default;}">
        <Coords points="673,1194 673,1221 2644,1216 2644,1190 2640,1163 1672,1152 1670,1152 1668,1152 1665,1152 1652,1163 1650,1166 671,1166 673,1194"/>
        <Baseline points="673,1194 2644,1190"/>
        <TextEquiv conf="0.9965925038545981">
          <Unicode>10092 (6898) Monasterii S. Michaelis Pisani tutelam suscipit, possessionesque et privi-</Unicode>
        </TextEquiv>
      </TextLine>
      <TextLine id="eSc_line_409d5165" custom="structure {type:default;}">
        <Coords points="457,1212 457,1219 547,1227 550,1207 543,1179 455,1181 457,1212"/>
        <Baseline points="457,1212 550,1207"/>
        <TextEquiv conf="1.0">
          <Unicode>„</Unicode>
        </TextEquiv>
      </TextLine>
      <TextLine id="eSc_line_acebfb9c" custom="structure {type:default;}">
        <Coords points="724,1249 724,1274 1327,1285 1330,1285 1478,1272 1497,1272 1546,1272 1911,1283 1913,1283 1915,1283 1917,1283 1931,1272 1997,1283 1999,1283 2059,1269 2068,1269 2074,1269 2129,1280 2132,1280 2635,1267 2638,1243 2631,1214 722,1214 724,1249"/>
        <Baseline points="724,1249 2638,1243"/>
        <TextEquiv conf="0.9948734719502298">
          <Unicode>legia confirmat. Mittarelli Ann. Cam. III. app. p. 482, Migne 188 p. 1436. —</Unicode>
        </TextEquiv>
      </TextLine>
      <TextLine id="eSc_line_1428a0dd" custom="structure {type:default;}">
        <Coords points="722,1307 722,1325 1073,1320 1075,1302 1071,1274 762,1265 760,1265 757,1265 720,1276 722,1307"/>
        <Baseline points="722,1307 1075,1302"/>
        <TextEquiv conf="0.9999985133900362">
          <Unicode>„Officii nostri“.</Unicode>
        </TextEquiv>
      </TextLine>
      <TextLine id="eSc_line_bb439795" custom="structure {type:default;}">
        <Coords points="671,1355 671,1384 2638,1384 2640,1355 2638,1329 671,1329 671,1355"/>
        <Baseline points="671,1355 2640,1355"/>
        <TextEquiv conf="0.9990201333919203">
          <Unicode>10093 Fratribus monasterii Bonae-spei permittit, ut, decendente eorum abbate, alium</Unicode>
        </TextEquiv>
      </TextLine>
      <TextLine id="eSc_line_fe9daf0d" custom="structure {type:default;}">
        <Coords points="152,1371 152,1397 329,1411 331,1364 326,1331 273,1318 271,1318 269,1318 267,1318 267,1320 265,1320 258,1329 249,1322 247,1322 245,1322 243,1322 150,1336 152,1371"/>
        <Baseline points="152,1371 331,1364"/>
        <TextEquiv conf="0.9999646842479706">
          <Unicode>„ 6.</Unicode>
        </TextEquiv>
      </TextLine>
      <TextLine id="eSc_line_884057ff" custom="structure {type:default;}">
        <Coords points="468,1375 468,1402 530,1397 530,1375 530,1336 468,1322 468,1375"/>
        <Baseline points="468,1375 530,1375"/>
        <TextEquiv conf="0.9674850106239319">
          <Unicode>„</Unicode>
        </TextEquiv>
      </TextLine>
      <TextLine id="eSc_line_2dc0f363" custom="structure {type:default;}">
        <Coords points="724,1413 724,1442 2642,1442 2642,1413 2642,1384 724,1384 724,1413"/>
        <Baseline points="724,1413 2642,1413"/>
        <TextEquiv conf="0.9999775915970037">
          <Unicode>sibi eligant. (Pro „Florentini“ legendum puto „Ferentini“.) Maghe Chronicum eccl.</Unicode>
        </TextEquiv>
      </TextLine>
      <TextLine id="eSc_line_0bca35a9" custom="structure {type:default;}">
        <Coords points="724,1468 724,1490 1995,1490 1995,1468 1992,1435 724,1437 724,1468"/>
        <Baseline points="724,1468 1995,1468"/>
        <TextEquiv conf="0.9979307982656691">
          <Unicode>Bonae-spei p. 66 teste Wauters Table chronol. II. 410.</Unicode>
        </TextEquiv>
      </TextLine>
      <TextLine id="eSc_line_b5da38bc" custom="structure {type:default;}">
        <Coords points="671,1523 671,1548 2638,1543 2640,1519 2633,1490 669,1492 671,1523"/>
        <Baseline points="671,1523 2640,1519"/>
        <TextEquiv conf="0.9959908651142586">
          <Unicode>10094 (6899) S(tephano) Metensi, Henrico Tullensi, A(lberoni) Virdunensi episcopis</Unicode>
        </TextEquiv>
      </TextLine>
      <TextLine id="eSc_line_88822f10" custom="structure {type:default;}">
        <Coords points="410,1528 413,1574 585,1561 585,1521 581,1475 406,1468 410,1528"/>
        <Baseline points="410,1528 585,1521"/>
        <TextEquiv conf="0.9683296283086141">
          <Unicode>Alatri</Unicode>
        </TextEquiv>
      </TextLine>
      <TextLine id="eSc_line_48bb0010" custom="structure {type:default;}">
        <Coords points="150,1534 154,1590 176,1574 324,1578 326,1530 318,1475 258,1492 234,1486 214,1479 212,1479 209,1479 207,1479 148,1495 150,1534"/>
        <Baseline points="150,1534 326,1530"/>
        <TextEquiv conf="0.8765339702367783">
          <Unicode>„ 7.</Unicode>
        </TextEquiv>
      </TextLine>
      <TextLine id="eSc_line_0cf39392" custom="structure {type:default;}">
        <Coords points="722,1578 722,1603 2638,1601 2640,1574 2633,1548 720,1548 722,1578"/>
        <Baseline points="722,1578 2640,1574"/>
        <TextEquiv conf="0.9952810662133353">
          <Unicode>Hillinum, archiepiscopum Trevirensem, „per universum Teutonicum regnum“ sedis</Unicode>
        </TextEquiv>
      </TextLine>
      <TextLine id="eSc_line_c845f0d5" custom="structure {type:default;}">
        <Coords points="724,1636 724,1660 2640,1660 2640,1636 2640,1603 724,1598 724,1636"/>
        <Baseline points="724,1636 2640,1636"/>
        <TextEquiv conf="0.9925343408817198">
          <Unicode>apostolicae legatum constitutum nunciat. Hontheim Hist. Trev. I. 580, Bouquet Rec.</Unicode>
        </TextEquiv>
      </TextLine>
      <TextLine id="eSc_line_c00079b1" custom="structure {type:default;}">
        <Coords points="724,1689 724,1709 2481,1711 2483,1689 2481,1654 724,1656 724,1689"/>
        <Baseline points="724,1689 2483,1689"/>
        <TextEquiv conf="0.9986249619806317">
          <Unicode>XV. 672, Beyer M. U. I. 651, Migne 188 p. 1438. — „Quanto venerabilis“.</Unicode>
        </TextEquiv>
      </TextLine>
      <TextLine id="eSc_line_a59ce81d" custom="structure {type:default;}">
        <Coords points="667,1737 665,1775 691,1786 693,1786 695,1786 698,1786 735,1773 751,1768 779,1773 859,1786 861,1786 863,1786 901,1773 914,1768 934,1773 989,1786 1668,1788 1670,1788 1672,1788 1725,1771 1727,1771 1729,1771 1758,1786 1760,1786 1880,1788 1882,1788 1884,1788 1939,1771 1942,1771 1966,1786 1968,1786 1970,1786 2107,1788 2109,1788 2191,1771 2196,1771 2640,1771 2642,1742 2642,1713 667,1709 667,1737"/>
        <Baseline points="667,1737 2642,1742"/>
        <TextEquiv conf="0.9949886074549035">
          <Unicode>ecclesiam S. Mariae consecrat „7. id. Oct.“. Annal. Ceccanenses 1155 in MC. SS.</Unicode>
        </TextEquiv>
      </TextLine>
      <TextLine id="eSc_line_dc376d41" custom="structure {type:default;}">
        <Coords points="410,1746 410,1768 468,1788 470,1788 472,1788 550,1786 552,1786 554,1786 578,1771 578,1740 572,1698 408,1707 410,1746"/>
        <Baseline points="410,1746 578,1740"/>
        <TextEquiv conf="0.9788511872291565">
          <Unicode>Sorae</Unicode>
        </TextEquiv>
      </TextLine>
      <TextLine id="eSc_line_77f12b7e" custom="structure {type:default;}">
        <Coords points="152,1749 152,1788 335,1784 335,1749 333,1696 152,1711 152,1749"/>
        <Baseline points="152,1749 335,1749"/>
        <TextEquiv conf="0.9999958574771881">
          <Unicode>„ 9.</Unicode>
        </TextEquiv>
      </TextLine>
      <TextLine id="eSc_line_b6b439c1" custom="structure {type:default;}">
        <Coords points="722,1799 722,1826 978,1826 980,1795 976,1764 760,1755 757,1755 755,1755 720,1766 722,1799"/>
        <Baseline points="722,1799 980,1795"/>
        <TextEquiv conf="0.9985572364595201">
          <Unicode>XIX. 284.</Unicode>
        </TextEquiv>
      </TextLine>
      <TextLine id="eSc_line_68af1517" custom="structure {type:default;}">
        <Coords points="671,1850 669,1872 2635,1877 2640,1855 2638,1819 671,1815 671,1850"/>
        <Baseline points="671,1850 2640,1855"/>
        <TextEquiv conf="0.9965029837087144">
          <Unicode>10095 S(amsoni) Remensi, ap. sed. legato, et (Hugoni) Senonensi archiepiscopis mandat,</Unicode>
        </TextEquiv>
      </TextLine>
      <TextLine id="eSc_line_dbe74de2" custom="structure {type:default;}">
        <Coords points="377,1855 377,1877 612,1874 612,1848 607,1808 375,1795 377,1855"/>
        <Baseline points="377,1855 612,1848"/>
        <TextEquiv conf="0.9999943441814847">
          <Unicode>Ferentini</Unicode>
        </TextEquiv>
      </TextLine>
      <TextLine id="eSc_line_bc3dd0db" custom="structure {type:default;}">
        <Coords points="150,1859 150,1879 335,1877 335,1855 324,1795 304,1808 148,1808 150,1859"/>
        <Baseline points="150,1859 335,1855"/>
        <TextEquiv conf="0.9999960660934448">
          <Unicode>„ 17.</Unicode>
        </TextEquiv>
      </TextLine>
      <TextLine id="eSc_line_6a5a57ec" custom="structure {type:default;}">
        <Coords points="722,1908 722,1930 1506,1941 1509,1941 1511,1941 1513,1941 1528,1930 1531,1930 1634,1930 1639,1930 1674,1941 1676,1941 1679,1941 2635,1927 2638,1903 2631,1877 720,1879 722,1908"/>
        <Baseline points="722,1908 2638,1903"/>
        <TextEquiv conf="0.9996964584423017">
          <Unicode>ut Henricum comitem (Trecensem) sub interdicti poena ab iniuriis in monasterium</Unicode>
        </TextEquiv>
      </TextLine>
      <TextLine id="eSc_line_586e8b74" custom="structure {type:default;}">
        <Coords points="722,1965 722,1987 1274,1998 1277,1998 1279,1998 1305,1987 1312,1987 1877,1996 1880,1996 1882,1996 1884,1996 1902,1985 1904,1985 1913,1985 2439,1994 2441,1994 2635,1980 2638,1958 2631,1927 720,1927 722,1965"/>
        <Baseline points="722,1965 2638,1958"/>
        <TextEquiv conf="0.9972794085741044">
          <Unicode>Latiniacense dehortentur. Loewenfeld Epistolae p. 122. — „Ad apostolicae sedis“.</Unicode>
        </TextEquiv>
      </TextLine>
      <TextLine id="eSc_line_cb7953c8" custom="structure {type:default;}">
        <Coords points="357,2020 357,2053 625,2047 627,2016 620,1978 355,1980 357,2020"/>
        <Baseline points="357,2020 627,2016"/>
        <TextEquiv conf="0.999939349564639">
          <Unicode>ap. S. Ger-</Unicode>
        </TextEquiv>
      </TextLine>
      <TextLine id="eSc_line_e11c4aa7" custom="structure {type:default;}">
        <Coords points="669,2020 669,2047 2640,2038 2642,2014 2635,1985 667,1987 669,2020"/>
        <Baseline points="669,2020 2642,2014"/>
        <TextEquiv conf="0.9994463612051571">
          <Unicode>„recipit fidelitatem et homagium a Roberto, principe Capuano, et Andrea comite aliis-</Unicode>
        </TextEquiv>
      </TextLine>
      <TextLine id="eSc_line_21a1bd2b" custom="structure {type:default;}">
        <Coords points="154,2031 154,2053 214,2053 216,2029 209,1974 152,1974 154,2031"/>
        <Baseline points="154,2031 216,2029"/>
        <TextEquiv conf="1.0">
          <Unicode>„</Unicode>
        </TextEquiv>
      </TextLine>
      <TextLine id="eSc_line_6a2862f8" custom="structure {type:default;}">
        <Coords points="402,2073 402,2093 592,2093 592,2073 592,2038 402,2038 402,2073"/>
        <Baseline points="402,2073 592,2073"/>
        <TextEquiv conf="1.0">
          <Unicode>manum</Unicode>
        </TextEquiv>
      </TextLine>
      <TextLine id="eSc_line_95b46b5b" custom="structure {type:default;}">
        <Coords points="722,2073 722,2095 2249,2095 2249,2073 2249,2047 722,2044 722,2073"/>
        <Baseline points="722,2073 2249,2073"/>
        <TextEquiv conf="0.9864661740139127">
          <Unicode>que nobilibus illarum partium“. Bosonis card. Vita Hadr. p. 332.</Unicode>
        </TextEquiv>
      </TextLine>
      <TextLine id="eSc_line_58a7ba05" custom="structure {type:default;}">
        <Coords points="673,2126 671,2144 709,2157 711,2157 713,2157 1990,2148 1992,2131 1990,2100 673,2095 673,2126"/>
        <Baseline points="673,2126 1992,2131"/>
        <TextEquiv conf="0.997152368588881">
          <Unicode>Mignani (al. Magnani). Bosonis card. Vita Hadr. p. 332.</Unicode>
        </TextEquiv>
      </TextLine>
      <TextLine id="eSc_line_508a9a1a" custom="structure {type:default;}">
        <Coords points="382,2128 382,2146 455,2146 488,2159 490,2159 492,2159 605,2142 607,2124 600,2097 380,2100 382,2128"/>
        <Baseline points="382,2128 607,2124"/>
        <TextEquiv conf="0.9999989006254408">
          <Unicode>in castro</Unicode>
        </TextEquiv>
      </TextLine>
      <TextLine id="eSc_line_3e5a2185" custom="structure {type:default;}">
        <Coords points="165,2139 167,2164 196,2148 196,2139 192,2086 165,2093 165,2139"/>
        <Baseline points="165,2139 196,2139"/>
        <TextEquiv conf="1.0">
          <Unicode>„</Unicode>
        </TextEquiv>
      </TextLine>
      <TextLine id="eSc_line_dd989a83" custom="structure {type:default;}">
        <Coords points="671,2177 669,2201 2635,2206 2640,2181 2638,2150 671,2146 671,2177"/>
        <Baseline points="671,2177 2640,2181"/>
        <TextEquiv conf="0.9997576438350442">
          <Unicode>Bosonis card. Vita Hadr. p. 332: cf. Annal. Ceccanenses 1155 in MG. SS. XIX. 284.</Unicode>
        </TextEquiv>
      </TextLine>
      <TextLine id="eSc_line_2e91da07" custom="structure {type:default;}">
        <Coords points="395,2181 395,2212 587,2212 587,2181 585,2153 395,2153 395,2181"/>
        <Baseline points="395,2181 587,2181"/>
        <TextEquiv conf="1.0">
          <Unicode>Capuae</Unicode>
        </TextEquiv>
      </TextLine>
      <TextLine id="eSc_line_1a62cbcb" custom="structure {type:default;}">
        <Coords points="156,2212 194,2210 194,2190 187,2153 152,2144 156,2195 156,2212"/>
        <Baseline points="156,2195 194,2190"/>
        <TextEquiv conf="0.9999996423721313">
          <Unicode>„</Unicode>
        </TextEquiv>
      </TextLine>
      <TextLine id="eSc_line_0d329213" custom="structure {type:default;}">
        <Coords points="673,2234 671,2254 724,2267 726,2267 1440,2259 1670,2270 1672,2270 2638,2259 2640,2239 2638,2206 673,2201 673,2234"/>
        <Baseline points="673,2234 2640,2239"/>
        <TextEquiv conf="0.9996577152391759">
          <Unicode>10096 Adae, sacristae ecclesiae S. Ruffi, possessiones confirmat. Codex dipl. ord.</Unicode>
        </TextEquiv>
      </TextLine>
      <TextLine id="eSc_line_c39f140c" custom="structure {type:default;}">
        <Coords points="150,2241 150,2272 240,2259 333,2274 335,2241 333,2190 150,2208 150,2241"/>
        <Baseline points="150,2241 335,2241"/>
        <TextEquiv conf="0.999736213684082">
          <Unicode>„ 31.</Unicode>
        </TextEquiv>
      </TextLine>
      <TextLine id="eSc_line_29d5986b" custom="structure {type:default;}">
        <Coords points="463,2254 463,2261 525,2259 528,2252 521,2223 461,2223 463,2254"/>
        <Baseline points="463,2254 528,2252"/>
        <TextEquiv conf="1.0">
          <Unicode>„„</Unicode>
        </TextEquiv>
      </TextLine>
      <TextLine id="eSc_line_258f6cac" custom="structure {type:default;}">
        <Coords points="722,2294 722,2316 2635,2318 2640,2290 2635,2263 720,2263 722,2294"/>
        <Baseline points="722,2294 2640,2290"/>
        <TextEquiv conf="0.9897394846012066">
          <Unicode>S. Ruffi, quem composuit et possidet Ulyxes Chevalier Romanensis f. 11. — „In</Unicode>
        </TextEquiv>
      </TextLine>
      <TextLine id="eSc_line_70ecf34e" custom="structure {type:default;}">
        <Coords points="722,2347 722,2365 934,2365 965,2380 967,2380 969,2380 1166,2378 1168,2378 1170,2378 1170,2376 1186,2362 1221,2362 1224,2343 1217,2314 720,2318 722,2347"/>
        <Baseline points="722,2347 1224,2343"/>
        <TextEquiv conf="0.9996291913769462">
          <Unicode>eminenti apostolicae“.</Unicode>
        </TextEquiv>
      </TextLine>
      <TextLine id="eSc_line_ee90ae9d" custom="structure {type:default;}">
        <Coords points="114,2400 112,2429 212,2440 214,2440 216,2440 236,2431 245,2426 251,2431 298,2462 300,2462 302,2462 364,2464 366,2464 368,2464 421,2438 483,2446 486,2446 614,2433 616,2404 612,2358 466,2360 448,2351 397,2318 395,2318 393,2318 360,2316 304,2316 302,2316 300,2316 298,2316 267,2343 247,2360 201,2360 172,2340 161,2332 159,2332 156,2332 154,2332 114,2336 114,2400"/>
        <Baseline points="114,2400 616,2404"/>
        <TextEquiv conf="0.9438151277993855">
          <Unicode>Nor. 21. neneventi.</Unicode>
        </TextEquiv>
      </TextLine>
      <TextLine id="eSc_line_dc109d58" custom="structure {type:default;}">
        <Coords points="676,2400 676,2429 2638,2424 2640,2396 2633,2367 673,2369 676,2400"/>
        <Baseline points="676,2400 2640,2396"/>
        <TextEquiv conf="0.9981906580370526">
          <Unicode>10097 (6900) (Pontio) abbati Vizeliacensi praecipit, ut „tabulam nummulariorum, contra</Unicode>
        </TextEquiv>
      </TextLine>
      <TextLine id="eSc_line_f7a03667" custom="structure {type:default;}">
        <Coords points="726,2455 726,2482 2642,2477 2644,2451 2640,2424 724,2420 726,2455"/>
        <Baseline points="726,2455 2644,2451"/>
        <TextEquiv conf="0.9977421494851629">
          <Unicode>tenorem privilegiorum apostolicae sedis Simoni de Silviniaco concessam, ad proprie-</Unicode>
        </TextEquiv>
      </TextLine>
      <TextLine id="eSc_line_41007d16" custom="structure {type:default;}">
        <Coords points="726,2513 726,2535 762,2548 764,2548 766,2548 857,2537 930,2548 932,2548 1109,2537 1117,2537 1356,2537 1358,2537 1394,2548 1396,2548 1398,2548 1400,2548 1425,2537 1427,2537 1429,2537 1469,2548 1471,2548 1473,2548 1537,2537 1546,2537 1557,2537 1643,2548 1646,2548 1721,2537 1734,2537 1749,2537 1838,2548 1840,2548 2642,2539 2642,2513 2642,2484 726,2484 726,2513"/>
        <Baseline points="726,2513 2642,2513"/>
        <TextEquiv conf="0.9986197316065067">
          <Unicode>tatem monasterii velociter revocet, et quae ad proprietatem monasterii pertineant,</Unicode>
        </TextEquiv>
      </TextLine>
      <TextLine id="eSc_line_5917ca94" custom="structure {type:default;}">
        <Coords points="726,2568 726,2590 1420,2601 1422,2601 1531,2590 1592,2601 1595,2601 1701,2588 1714,2588 1721,2588 1763,2599 1765,2599 1767,2599 2337,2588 2344,2588 2348,2588 2607,2599 2609,2599 2611,2599 2644,2585 2644,2563 2638,2535 724,2537 726,2568"/>
        <Baseline points="726,2568 2644,2563"/>
        <TextEquiv conf="0.9951643015764937">
          <Unicode>donare, vendere vel quomodolibet alienare nullatenus praesumat“. D&#x27;Achery Spic.</Unicode>
        </TextEquiv>
      </TextLine>
      <TextLine id="eSc_line_b8288f24" custom="structure {type:default;}">
        <Coords points="724,2623 724,2645 2642,2641 2644,2619 2638,2588 722,2590 724,2623"/>
        <Baseline points="724,2623 2644,2619"/>
        <TextEquiv conf="0.9931703138351441">
          <Unicode>II. 517, Bouquet Rec. XV. 672, Mansi XXI. 815, Migne 188 p. 1438. — „Quanto</Unicode>
        </TextEquiv>
      </TextLine>
      <TextLine id="eSc_line_32e89fe1" custom="structure {type:default;}">
        <Coords points="724,2672 722,2691 753,2705 755,2705 998,2707 1000,2707 1003,2707 1005,2707 1020,2696 1071,2707 1073,2707 1250,2694 1252,2676 1250,2643 724,2643 724,2672"/>
        <Baseline points="724,2672 1252,2676"/>
        <TextEquiv conf="0.9999999545869374">
          <Unicode>monasterium vestrum“.</Unicode>
        </TextEquiv>
      </TextLine>
      <TextLine id="eSc_line_6484de9d" custom="structure {type:default;}">
        <Coords points="114,2729 114,2795 338,2795 338,2729 338,2689 114,2672 114,2729"/>
        <Baseline points="114,2729 338,2729"/>
        <TextEquiv conf="0.996659480035305">
          <Unicode>Dec. 18.</Unicode>
        </TextEquiv>
      </TextLine>
      <TextLine id="eSc_line_5ccaf6ef" custom="structure {type:default;}">
        <Coords points="678,2729 678,2758 2642,2758 2642,2729 2642,2700 678,2696 678,2729"/>
        <Baseline points="678,2729 2642,2729"/>
        <TextEquiv conf="0.9920655668499958">
          <Unicode>10098 Monasterium S. Aygulfi (Pruvinense) tuendum suscipit, eiusque possessiones et</Unicode>
        </TextEquiv>
      </TextLine>
      <TextLine id="eSc_line_aa201ef7" custom="structure {type:default;}">
        <Coords points="466,2744 466,2782 547,2767 547,2744 547,2718 466,2709 466,2744"/>
        <Baseline points="466,2744 547,2744"/>
        <TextEquiv conf="0.9927977919578552">
          <Unicode>„</Unicode>
        </TextEquiv>
      </TextLine>
      <TextLine id="eSc_line_beff5ee8" custom="structure {type:default;}">
        <Coords points="726,2789 726,2813 2640,2806 2642,2782 2635,2749 724,2756 726,2789"/>
        <Baseline points="726,2789 2642,2782"/>
        <TextEquiv conf="0.9965404988754363">
          <Unicode>iura confirmat, bulla Petro abbati (S. Petri Insulae Germanicae) et Ioscelino priori</Unicode>
        </TextEquiv>
      </TextLine>
      <TextLine id="eSc_line_e8e59aa8" custom="structure {type:default;}">
        <Coords points="724,2842 724,2862 1113,2873 1115,2873 1380,2862 1394,2862 1398,2862 1482,2873 1484,2873 1486,2873 1513,2862 1515,2862 1668,2873 1670,2873 1747,2859 1756,2859 1763,2859 1800,2870 1802,2870 1805,2870 2615,2857 2618,2837 2611,2809 722,2811 724,2842"/>
        <Baseline points="724,2842 2618,2837"/>
        <TextEquiv conf="0.9894790813840669">
          <Unicode>S. Aygulfi inscripta. Lalore Coll. des cartul. VI. 211. — „ . . praedecessoris nostri“.</Unicode>
        </TextEquiv>
      </TextLine>
      <TextLine id="eSc_line_f4d02be4" custom="structure {type:default;}">
        <Coords points="680,2895 680,2917 2640,2921 2642,2895 2642,2868 680,2868 680,2895"/>
        <Baseline points="680,2895 2642,2895"/>
        <TextEquiv conf="0.9984471571596363">
          <Unicode>10099 Cellam S. Sereni, ad monasterium S. Petri Insulae Germanicae pertinentem,</Unicode>
        </TextEquiv>
      </TextLine>
      <TextLine id="eSc_line_5d74201a" custom="structure {type:default;}">
        <Coords points="159,2899 159,2923 225,2932 227,2932 229,2932 231,2932 247,2919 251,2917 338,2915 338,2895 333,2862 156,2855 159,2899"/>
        <Baseline points="159,2899 338,2895"/>
        <TextEquiv conf="0.9999976873397827">
          <Unicode>„ 19.</Unicode>
        </TextEquiv>
      </TextLine>
      <TextLine id="eSc_line_60620c06" custom="structure {type:default;}">
        <Coords points="463,2921 547,2926 550,2912 550,2844 466,2820 463,2912 463,2921"/>
        <Baseline points="463,2912 550,2912"/>
        <TextEquiv conf="1.0">
          <Unicode>„</Unicode>
        </TextEquiv>
      </TextLine>
      <TextLine id="eSc_line_88b8b69d" custom="structure {type:default;}">
        <Coords points="726,2950 726,2979 2640,2972 2642,2943 2635,2915 724,2915 726,2950"/>
        <Baseline points="726,2950 2642,2943"/>
        <TextEquiv conf="0.9924441782044776">
          <Unicode>tuendam suscipit bonaque eius et iura confirmat, Petro abbate (S. Petri) et Thoma</Unicode>
        </TextEquiv>
      </TextLine>
      <TextLine id="eSc_line_df9f1817" custom="structure {type:default;}">
        <Coords points="731,3007 731,3034 2642,3023 2644,3001 2640,2972 1416,2963 1414,2963 1321,2974 788,2965 786,2965 729,2976 731,3007"/>
        <Baseline points="731,3007 2644,3001"/>
        <TextEquiv conf="0.9926670309973926">
          <Unicode>priore Cellae S. Sereni petentibus. Lalore Coll. de cartul. VI. 214. — „Religiosis</Unicode>
        </TextEquiv>
      </TextLine>
      <TextLine id="eSc_line_3ce5b283" custom="structure {type:default;}">
        <Coords points="726,3058 726,3076 859,3089 861,3089 958,3078 978,3091 980,3091 983,3091 985,3091 1170,3076 1170,3058 1170,3027 726,3027 726,3058"/>
        <Baseline points="726,3058 1170,3058"/>
        <TextEquiv conf="0.9794672068796659">
          <Unicode>desideriis dignum“.</Unicode>
        </TextEquiv>
      </TextLine>
      <TextLine id="eSc_line_3216844c" custom="structure {type:default;}">
        <Coords points="678,3113 678,3138 855,3138 877,3151 879,3151 881,3151 883,3153 1115,3153 1115,3151 1117,3151 1168,3138 1219,3151 1221,3151 1224,3153 1290,3153 1290,3151 1292,3151 1294,3151 1312,3138 1405,3151 1407,3153 1517,3153 1517,3151 1520,3151 1522,3151 1537,3140 1551,3151 1553,3151 1555,3151 1557,3153 1807,3153 1807,3151 1809,3151 1811,3151 1833,3138 1886,3151 1889,3151 1891,3153 2121,3153 2121,3151 2123,3151 2125,3151 2147,3138 2193,3151 2196,3151 2198,3151 2324,3138 2607,3151 2609,3151 2611,3151 2642,3135 2642,3113 2642,3085 678,3085 678,3113"/>
        <Baseline points="678,3113 2642,3113"/>
        <TextEquiv conf="0.9942782001617627">
          <Unicode>10100 Monasterio S. Petri Cellensi (seu Insulae Germanicae) bullam dat. (Frag-</Unicode>
        </TextEquiv>
      </TextLine>
      <TextLine id="eSc_line_36acc6bf" custom="structure {type:default;}">
        <Coords points="156,3118 156,3146 249,3135 335,3151 338,3113 333,3076 269,3062 267,3062 265,3062 247,3069 223,3078 207,3065 201,3060 198,3060 196,3060 194,3060 154,3060 156,3118"/>
        <Baseline points="156,3118 338,3113"/>
        <TextEquiv conf="0.9425259709358216">
          <Unicode>„ 19.</Unicode>
        </TextEquiv>
      </TextLine>
      <TextLine id="eSc_line_c2d6c274" custom="structure {type:default;}">
        <Coords points="466,3131 466,3149 552,3149 554,3127 550,3071 461,3062 466,3131"/>
        <Baseline points="466,3131 554,3127"/>
        <TextEquiv conf="0.9999686479568481">
          <Unicode>„</Unicode>
        </TextEquiv>
      </TextLine>
      <TextLine id="eSc_line_cec15a55" custom="structure {type:default;}">
        <Coords points="729,3168 729,3188 925,3204 927,3204 930,3204 932,3204 950,3188 952,3188 976,3188 1254,3202 1257,3202 1259,3202 1299,3188 1305,3188 1502,3199 1504,3199 1573,3186 1584,3186 1637,3186 2147,3202 2149,3202 2317,3199 2319,3199 2368,3184 2368,3164 2364,3135 726,3135 729,3168"/>
        <Baseline points="729,3168 2368,3164"/>
        <TextEquiv conf="0.993728218783795">
          <Unicode>mentum.) Neues Archiv VII. 95. — „ . . vestris iustis postulationibus“.</Unicode>
        </TextEquiv>
      </TextLine>
      <TextLine id="eSc_line_89518a4f" custom="structure {type:default;}">
        <Coords points="156,3224 156,3261 340,3266 344,3219 338,3164 154,3180 156,3224"/>
        <Baseline points="156,3224 344,3219"/>
        <TextEquiv conf="0.9106408834457398">
          <Unicode>„ 20.</Unicode>
        </TextEquiv>
      </TextLine>
      <TextLine id="eSc_line_84fd3e8a" custom="structure {type:default;}">
        <Coords points="680,3224 680,3248 2640,3239 2642,3215 2635,3186 678,3193 680,3224"/>
        <Baseline points="680,3224 2642,3215"/>
        <TextEquiv conf="0.9996980123741682">
          <Unicode>10101 R(ainerio) Senensi et G(regorio) Lucensi episcopis iterum mandat, ut litem inter</Unicode>
        </TextEquiv>
      </TextLine>
      <TextLine id="eSc_line_4b12fe92" custom="structure {type:default;}">
        <Coords points="448,3239 448,3283 556,3288 558,3239 558,3202 448,3195 448,3239"/>
        <Baseline points="448,3239 558,3239"/>
        <TextEquiv conf="1.0">
          <Unicode>„</Unicode>
        </TextEquiv>
      </TextLine>
      <TextLine id="eSc_line_a9611832" custom="structure {type:default;}">
        <Coords points="731,3277 731,3303 967,3303 1005,3314 1007,3314 1009,3314 1131,3303 1367,3314 1369,3314 1699,3303 1756,3314 1758,3314 1842,3303 1873,3314 1875,3314 1877,3314 1986,3303 2026,3314 2028,3314 2030,3314 2198,3303 2492,3314 2494,3314 2642,3301 2642,3277 2642,3250 731,3250 731,3277"/>
        <Baseline points="731,3277 2642,3277"/>
        <TextEquiv conf="0.9999629382963304">
          <Unicode>canonicos Pisanos et monachos S. Ruxorii super parte quadam Tumuli componant.</Unicode>
        </TextEquiv>
      </TextLine>
      <TextLine id="eSc_line_2a217e58" custom="structure {type:default;}">
        <Coords points="729,3330 726,3350 817,3367 819,3367 885,3354 901,3367 903,3367 905,3367 908,3367 1471,3356 1484,3367 1484,3369 1486,3369 1489,3369 1491,3369 1990,3354 1992,3334 1990,3303 729,3299 729,3330"/>
        <Baseline points="729,3330 1992,3334"/>
        <TextEquiv conf="0.9862316498216593">
          <Unicode>Pflugk-Harttung Iter p. 255. — „Controversiam illam“.</Unicode>
        </TextEquiv>
      </TextLine>
      <TextLine id="eSc_line_dcada217" custom="structure {type:default;}">
        <Coords points="680,3387 680,3431 874,3414 1248,3427 1250,3427 1252,3427 1254,3427 1305,3411 1341,3422 1343,3422 1345,3422 1546,3416 1564,3425 1564,3427 1566,3427 1568,3427 1570,3427 1592,3425 1674,3416 1743,3425 1756,3425 1758,3425 1760,3425 1763,3425 1787,3409 1975,3422 2023,3425 2026,3425 2127,3422 2129,3422 2132,3422 2134,3420 2151,3409 2235,3420 2293,3427 2295,3427 2366,3418 2452,3409 2635,3416 2640,3383 2633,3352 678,3354 680,3387"/>
        <Baseline points="680,3387 2640,3383"/>
        <TextEquiv conf="0.9899467160535413">
          <Unicode>10192 (6994) Archiepiscopo Turonensi, praecipit, ut oum Hugone, archiepiscopo Dolensi,</Unicode>
        </TextEquiv>
      </TextLine>
      <TextLine id="eSc_line_d01c13f1" custom="structure {type:default;}">
        <Coords points="159,3389 159,3418 344,3418 344,3385 338,3347 156,3350 159,3389"/>
        <Baseline points="159,3389 344,3385"/>
        <TextEquiv conf="0.9999926805496215">
          <Unicode>„ 20.</Unicode>
        </TextEquiv>
      </TextLine>
      <TextLine id="eSc_line_b87ab433" custom="structure {type:default;}">
        <Coords points="461,3396 459,3411 472,3420 475,3420 477,3420 479,3420 545,3407 547,3400 545,3372 461,3354 461,3396"/>
        <Baseline points="461,3396 547,3400"/>
        <TextEquiv conf="1.0">
          <Unicode>„</Unicode>
        </TextEquiv>
      </TextLine>
      <TextLine id="eSc_line_23ce555a" custom="structure {type:default;}">
        <Coords points="731,3442 731,3467 1277,3475 1279,3475 1281,3475 1310,3464 1312,3464 1334,3464 1579,3473 1581,3473 1727,3462 1738,3462 1749,3462 1959,3473 1961,3473 2050,3460 2059,3460 2079,3460 2319,3471 2322,3471 2642,3456 2642,3436 2635,3409 729,3414 731,3442"/>
        <Baseline points="731,3442 2642,3436"/>
        <TextEquiv conf="0.9999105972903115">
          <Unicode>„de suffraganeis episcopis amicabili pactione componat, vel usque ad proximam festi-</Unicode>
        </TextEquiv>
      </TextLine>
      <TextLine id="eSc_line_91b829f1" custom="structure {type:default;}">
        <Coords points="733,3491 731,3542 1071,3555 1073,3555 1173,3542 1177,3539 1296,3539 1301,3542 1321,3553 1323,3553 1325,3553 1327,3553 1577,3542 1743,3557 1745,3557 1747,3557 1780,3542 1811,3557 1813,3557 1816,3559 1990,3559 1990,3557 2116,3537 2125,3537 2136,3537 2260,3557 2262,3557 2264,3557 2266,3557 2295,3537 2297,3537 2633,3537 2635,3495 2633,3467 733,3462 733,3491"/>
        <Baseline points="733,3491 2635,3495"/>
        <TextEquiv conf="0.972275115089652">
          <Unicode>vitatem omnium sanctorum“ (1. Nov. 1156) ad sese accedat. Nartene Ihes. I1I. 899.</Unicode>
        </TextEquiv>
      </TextLine>
      <TextLine id="eSc_line_450598a3" custom="structure {type:default;}">
        <Coords points="159,3548 159,3601 660,3599 660,3544 656,3515 419,3495 417,3495 415,3495 373,3515 181,3502 178,3502 176,3502 174,3502 156,3513 159,3548"/>
        <Baseline points="159,3548 660,3544"/>
        <TextEquiv conf="0.8931980689366659">
          <Unicode>Segesdta Pont. Ronnnn. cd. „„„</Unicode>
        </TextEquiv>
      </TextLine>
      <TextLine id="eSc_line_15f5e873" custom="structure {type:default;}">
        <Coords points="2302,3559 2302,3590 2364,3584 2364,3555 2357,3517 2297,3524 2302,3559"/>
        <Baseline points="2302,3559 2364,3555"/>
        <TextEquiv conf="1.0">
          <Unicode>15</Unicode>
        </TextEquiv>
      </TextLine>
    </TextRegion>
    <TextRegion id="eSc_textblock_5b57905f"  custom="structure {type:default;}">
      <Coords points="1027,141 1833,150 1842,236 910,245 910,159 1027,141"/>
      <TextLine id="eSc_line_89749896" custom="structure {type:default;}">
        <Coords points="927,218 927,242 1369,253 1372,253 1374,253 1407,240 1411,240 1425,240 1528,251 1531,253 1785,253 1785,251 1787,251 1822,238 1822,214 1818,159 925,156 927,218"/>
        <Baseline points="927,218 1822,214"/>
        <TextEquiv conf="0.9850256705284118">
          <Unicode>HADRIANUS IV. 1154— 1159.</Unicode>
        </TextEquiv>
      </TextLine>
    </TextRegion>
    <TextRegion id="eSc_textblock_4f4e9f21"  custom="structure {type:default;}">
      <Coords points="2536,150 2680,167 2680,227 2514,253 2496,185 2536,150"/>
      <TextLine id="eSc_line_815eef74" custom="structure {type:default;}">
        <Coords points="2523,220 2523,245 2644,242 2644,216 2638,170 2518,172 2523,220"/>
        <Baseline points="2523,220 2644,216"/>
        <TextEquiv conf="0.9999913771947225">
          <Unicode>113</Unicode>
        </TextEquiv>
      </TextLine>
    </TextRegion>
  </Page>
</PcGts>
