<?xml version="1.0" encoding="UTF-8"  standalone="yes"?>
<PcGts xmlns="http://schema.primaresearch.org/PAGE/gts/pagecontent/2019-07-15" xmlns:xsi="http://www.w3.org/2001/XMLSchema-instance" xsi:schemaLocation="http://schema.primaresearch.org/PAGE/gts/pagecontent/2019-07-15 http://schema.primaresearch.org/PAGE/gts/pagecontent/2019-07-15/pagecontent.xsd">
  <Metadata externalRef="pdf//regestapontificu02cath.pdf">
	<Creator>escriptorium</Creator>
	<Created>2026-01-31T10:21:26.770839+00:00</Created>
        <LastChange>2026-02-01T13:34:51.020964+00:00</LastChange>
  </Metadata>
  <Page imageFilename="regestapontificu02cath.pdf_page_40.png" imageWidth="3007" imageHeight="3975">
    <TextRegion id="eSc_textblock_57850f09"  custom="structure {type:default;}">
      <Coords points="338,194 421,194 439,262 326,298 309,229 338,194"/>
      <TextLine id="eSc_line_7e9d7f7a" custom="structure {type:default;}">
        <Coords points="391,194 368,194 366,194 326,205 331,256 331,271 415,273 417,249 413,198 397,194 391,194"/>
        <Baseline points="331,256 417,249"/>
        <TextEquiv conf="1.0">
          <Unicode>28</Unicode>
        </TextEquiv>
      </TextLine>
    </TextRegion>
    <TextRegion id="eSc_textblock_5c47c45d"  custom="structure {type:default;}">
      <Coords points="1045,335 2892,344 2892,3539 1473,3539 1453,3566 1100,3575 883,3566 872,3539 326,3539 291,2550 300,397 335,344 1045,335"/>
      <TextLine id="eSc_line_aafae20c" custom="structure {type:default;}">
        <Coords points="877,397 877,421 905,441 908,441 910,441 912,441 1003,421 1009,421 1018,421 1133,441 1135,441 1210,426 1210,397 1210,355 1159,340 1157,340 1155,340 1007,355 945,340 943,340 941,340 938,340 877,355 877,397"/>
        <Baseline points="877,397 1210,397"/>
        <TextEquiv conf="0.9996700584888458">
          <Unicode>1145 — 1146.</Unicode>
        </TextEquiv>
      </TextLine>
      <TextLine id="eSc_line_9161bc24" custom="structure {type:default;}">
        <Coords points="961,459 961,485 2872,485 2874,463 2872,421 961,417 961,459"/>
        <Baseline points="961,459 2874,463"/>
        <TextEquiv conf="0.9904749645906337">
          <Unicode>II. Cod. dipl. p. 69. De notis temporis cf. Diekamp. in Mittheil. d. Inst. f. 6sterr.</Unicode>
        </TextEquiv>
      </TextLine>
      <TextLine id="eSc_line_1c779a76" custom="structure {type:default;}">
        <Coords points="954,510 952,530 1036,543 1038,543 2870,534 2872,514 2870,481 954,479 954,510"/>
        <Baseline points="954,510 2872,514"/>
        <TextEquiv conf="0.9852370555911746">
          <Unicode>Gesch. III. 589: „Dat. Viterbii a. dom. MCLIII. kal. X. Iun.“. — „Decimas a populo“.</Unicode>
        </TextEquiv>
      </TextLine>
      <TextLine id="eSc_line_fda6dd38" custom="structure {type:default;}">
        <Coords points="346,574 346,591 565,587 565,567 558,510 344,518 346,574"/>
        <Baseline points="346,574 565,567"/>
        <TextEquiv conf="0.9589104801416397">
          <Unicode>Iun. 16.</Unicode>
        </TextEquiv>
      </TextLine>
      <TextLine id="eSc_line_e17aca98" custom="structure {type:default;}">
        <Coords points="631,569 631,594 757,613 760,613 806,607 808,607 810,607 810,605 826,587 826,563 819,507 629,512 631,569"/>
        <Baseline points="631,569 826,563"/>
        <TextEquiv conf="0.9974392801523209">
          <Unicode>Viterbii</Unicode>
        </TextEquiv>
      </TextLine>
      <TextLine id="eSc_line_a57d1dc6" custom="structure {type:default;}">
        <Coords points="901,571 901,596 1875,607 1877,607 1880,607 1919,594 1937,607 1939,607 1942,607 1944,609 2098,609 2098,607 2101,607 2103,607 2123,594 2346,605 2348,605 2350,605 2353,605 2370,591 2461,591 2489,591 2492,591 2540,605 2543,605 2545,607 2841,607 2841,605 2843,605 2872,589 2872,565 2867,538 923,532 921,532 919,532 899,541 901,571"/>
        <Baseline points="901,571 2872,565"/>
        <TextEquiv conf="0.9997701469589683">
          <Unicode>8819 Fratribus Bellae-vallis asserit grangias quasdam et ecclesiam ab Humberto archi-</Unicode>
        </TextEquiv>
      </TextLine>
      <TextLine id="eSc_line_a894ab60" custom="structure {type:default;}">
        <Coords points="958,627 958,647 2867,649 2870,627 2870,594 958,594 958,627"/>
        <Baseline points="958,627 2870,627"/>
        <TextEquiv conf="0.9975112087842894">
          <Unicode>episcopo Vesontionensi concessam. In bibl. nat. Paris. Cartul. de Bellevaux, Coll.</Unicode>
        </TextEquiv>
      </TextLine>
      <TextLine id="eSc_line_d94d53fd" custom="structure {type:default;}">
        <Coords points="961,675 958,697 1369,695 1389,700 1425,706 1427,706 1480,700 1509,695 1579,697 1776,708 1778,708 2056,695 2059,680 2056,640 961,638 961,675"/>
        <Baseline points="961,675 2059,680"/>
        <TextEquiv conf="0.9947234340336012">
          <Unicode>Moreau t. 870. f. 1368. — „Quotiens illud ad“.</Unicode>
        </TextEquiv>
      </TextLine>
      <TextLine id="eSc_line_012998e0" custom="structure {type:default;}">
        <Coords points="351,739 351,761 364,770 366,770 368,770 371,770 439,759 459,757 565,761 567,735 565,700 508,682 505,682 503,682 501,682 475,693 450,702 349,684 351,739"/>
        <Baseline points="351,739 567,735"/>
        <TextEquiv conf="0.9990364164113998">
          <Unicode>Iul. 12.</Unicode>
        </TextEquiv>
      </TextLine>
      <TextLine id="eSc_line_0c9f3608" custom="structure {type:default;}">
        <Coords points="698,744 698,783 777,770 777,744 777,715 698,708 698,744"/>
        <Baseline points="698,744 777,744"/>
        <TextEquiv conf="0.9999935626983643">
          <Unicode>„</Unicode>
        </TextEquiv>
      </TextLine>
      <TextLine id="eSc_line_e596e196" custom="structure {type:default;}">
        <Coords points="903,735 903,759 1146,759 1170,770 1173,770 1175,770 1177,770 1179,770 1197,759 1296,770 1299,770 1444,759 1449,759 1451,759 1493,770 1495,770 1497,770 1575,759 1577,759 1592,770 1595,770 1597,770 1599,770 2874,759 2874,735 2874,702 2852,691 2850,691 2847,691 2772,704 2642,704 2624,691 2622,691 2620,691 2618,691 2565,704 2489,704 2406,704 2406,702 2388,691 2386,691 2383,691 2381,691 2304,702 2299,704 2083,704 2081,702 2065,691 2063,691 2061,691 2059,691 2056,691 2017,702 2012,702 1984,702 1723,691 1721,691 1665,700 1654,704 1548,704 1544,700 1531,691 1528,691 1526,691 1524,691 1522,691 1520,691 1504,700 1502,702 1475,700 1372,691 1369,691 903,697 903,735"/>
        <Baseline points="903,735 2874,735"/>
        <TextEquiv conf="0.9911108009698915">
          <Unicode>8820 (6189) Gregorium episcopum Bergomatem vituperat, quod clericorum S. Alexandri</Unicode>
        </TextEquiv>
      </TextLine>
      <TextLine id="eSc_line_634ba492" custom="structure {type:default;}">
        <Coords points="961,788 961,814 2874,814 2874,788 2874,759 961,759 961,788"/>
        <Baseline points="961,788 2874,788"/>
        <TextEquiv conf="0.9999524613460863">
          <Unicode>et S. Vincentii inimicitias cum debeat compescere, augeat. Iubet palam fieri, pres-</Unicode>
        </TextEquiv>
      </TextLine>
      <TextLine id="eSc_line_728ca5d6" custom="structure {type:default;}">
        <Coords points="961,843 961,867 2872,870 2874,843 2874,810 961,810 961,843"/>
        <Baseline points="961,843 2874,843"/>
        <TextEquiv conf="0.998485401798697">
          <Unicode>byteros quosdam, qui clericis S. Alexandri fidelitatem non fecissent, officiis a sese</Unicode>
        </TextEquiv>
      </TextLine>
      <TextLine id="eSc_line_9c0dc0d7" custom="structure {type:default;}">
        <Coords points="961,898 961,925 1177,920 1206,925 1248,931 1250,931 1305,925 1334,920 1358,925 1416,934 1418,934 1420,934 1440,923 1449,920 1542,920 1581,923 1725,934 1727,934 1729,934 1732,934 1747,923 1752,920 1785,923 1959,931 1961,931 1964,931 1992,920 2001,918 2012,920 2061,931 2063,931 2165,920 2182,918 2185,920 2209,931 2211,931 2213,931 2216,931 2244,918 2249,918 2269,918 2401,929 2403,929 2478,918 2481,918 2496,929 2498,929 2501,929 2717,931 2719,931 2721,931 2768,918 2845,931 2847,931 2850,931 2852,931 2874,916 2874,894 2870,865 1924,854 1922,854 1866,865 1025,856 1022,856 958,867 961,898"/>
        <Baseline points="961,898 2874,894"/>
        <TextEquiv conf="0.9944664369790982">
          <Unicode>privatos esse. Lupi C. D. Berg. II. 1059, Ughelli It. sacr. IV. 459, Migne 180</Unicode>
        </TextEquiv>
      </TextLine>
      <TextLine id="eSc_line_580ddacf" custom="structure {type:default;}">
        <Coords points="958,956 958,978 965,984 965,987 967,987 969,987 972,987 974,987 1011,973 1142,987 1144,987 1146,987 1148,987 1164,973 1246,973 1283,987 1285,987 1288,987 1367,984 1369,984 1372,984 1391,971 1418,984 1420,984 1422,984 1425,984 1467,971 1493,984 1495,984 1497,987 1592,987 1592,984 1595,984 1639,969 1639,951 1634,925 1296,914 1294,914 1292,914 1290,914 1279,925 1277,925 1259,925 1036,916 1034,916 956,925 958,956"/>
        <Baseline points="958,956 1639,951"/>
        <TextEquiv conf="0.9943549251556396">
          <Unicode>p. 1082. — „Cum ad tuum“.</Unicode>
        </TextEquiv>
      </TextLine>
      <TextLine id="eSc_line_d0a2c0dd" custom="structure {type:default;}">
        <Coords points="384,1015 384,1029 410,1042 413,1042 415,1042 417,1042 419,1042 419,1040 433,1029 437,1026 446,1029 494,1040 497,1040 570,1026 570,1011 567,982 534,967 532,967 488,967 486,967 483,967 481,967 481,969 470,978 463,984 382,976 384,1015"/>
        <Baseline points="384,1015 570,1011"/>
        <TextEquiv conf="0.9998461484909058">
          <Unicode>„ 16.</Unicode>
        </TextEquiv>
      </TextLine>
      <TextLine id="eSc_line_7f2dc03e" custom="structure {type:default;}">
        <Coords points="695,1015 693,1031 773,1026 775,1020 775,991 695,989 695,1015"/>
        <Baseline points="695,1015 775,1020"/>
        <TextEquiv conf="0.9999995827674866">
          <Unicode>„„</Unicode>
        </TextEquiv>
      </TextLine>
      <TextLine id="eSc_line_84f30070" custom="structure {type:default;}">
        <Coords points="903,1004 901,1029 2870,1033 2874,1009 2872,973 903,969 903,1004"/>
        <Baseline points="903,1004 2874,1009"/>
        <TextEquiv conf="0.9944463792969199">
          <Unicode>8821 Omnes ecclesiae praelatos hortatur, ut propositis indulgentiis populum admoneant</Unicode>
        </TextEquiv>
      </TextLine>
      <TextLine id="eSc_line_925fa586" custom="structure {type:default;}">
        <Coords points="961,1064 961,1088 2870,1086 2872,1060 2865,1026 958,1029 961,1064"/>
        <Baseline points="961,1064 2872,1060"/>
        <TextEquiv conf="0.9931290390945616">
          <Unicode>ad collectas in Templariorum usum faciendas. De aliis eorum privilegiis addit. Prutz</Unicode>
        </TextEquiv>
      </TextLine>
      <TextLine id="eSc_line_403361b2" custom="structure {type:default;}">
        <Coords points="963,1119 963,1139 1882,1139 1882,1119 1882,1086 1866,1077 1864,1077 1862,1077 1860,1077 1482,1084 1261,1088 1206,1079 1184,1077 1182,1077 1155,1079 1069,1088 963,1077 963,1119"/>
        <Baseline points="963,1119 1882,1119"/>
        <TextEquiv conf="0.9985806284806668">
          <Unicode>Malteser Urk. p. 37. — Milites templi“.</Unicode>
        </TextEquiv>
      </TextLine>
      <TextLine id="eSc_line_73d201db" custom="structure {type:default;}">
        <Coords points="380,1181 382,1205 441,1190 472,1194 541,1205 543,1205 545,1205 547,1205 547,1203 565,1183 565,1174 558,1099 508,1101 505,1101 503,1101 481,1119 446,1148 377,1148 380,1181"/>
        <Baseline points="380,1181 565,1174"/>
        <TextEquiv conf="0.9999319314956665">
          <Unicode>„ 22.</Unicode>
        </TextEquiv>
      </TextLine>
      <TextLine id="eSc_line_d87012cc" custom="structure {type:default;}">
        <Coords points="702,1179 700,1207 768,1212 773,1183 768,1132 702,1150 702,1179"/>
        <Baseline points="702,1179 773,1183"/>
        <TextEquiv conf="0.9999996423721313">
          <Unicode>„</Unicode>
        </TextEquiv>
      </TextLine>
      <TextLine id="eSc_line_b0459270" custom="structure {type:default;}">
        <Coords points="903,1170 901,1196 930,1210 932,1210 934,1210 1022,1199 1087,1210 1089,1210 1235,1199 1288,1210 1290,1210 1391,1199 1687,1210 1690,1210 1692,1210 1725,1199 1897,1212 1900,1212 2870,1199 2872,1174 2870,1141 903,1135 903,1170"/>
        <Baseline points="903,1170 2872,1174"/>
        <TextEquiv conf="0.9998836874961853">
          <Unicode>8822 Aldrico, abbati S. Theoderici Remensis, bullam dat. Neues Archiy VII. 91. —</Unicode>
        </TextEquiv>
      </TextLine>
      <TextLine id="eSc_line_427e96c5" custom="structure {type:default;}">
        <Coords points="961,1232 961,1247 1257,1256 1259,1256 1261,1256 1303,1243 1303,1227 1299,1194 1009,1185 1007,1185 1005,1185 958,1196 961,1232"/>
        <Baseline points="961,1232 1303,1227"/>
        <TextEquiv conf="0.9992359677950541">
          <Unicode>„Quae iudicii“.</Unicode>
        </TextEquiv>
      </TextLine>
      <TextLine id="eSc_line_3f94e528" custom="structure {type:default;}">
        <Coords points="351,1287 351,1307 413,1322 415,1322 417,1322 461,1309 477,1307 492,1311 530,1320 532,1320 534,1320 536,1320 567,1311 567,1283 565,1241 519,1227 517,1227 514,1227 512,1227 486,1241 483,1241 472,1241 391,1230 388,1230 349,1238 351,1287"/>
        <Baseline points="351,1287 567,1283"/>
        <TextEquiv conf="0.999573104083538">
          <Unicode>Aug. 16.</Unicode>
        </TextEquiv>
      </TextLine>
      <TextLine id="eSc_line_46a8effc" custom="structure {type:default;}">
        <Coords points="700,1291 700,1397 729,1397 729,1395 731,1395 733,1395 779,1362 779,1291 777,1252 700,1260 700,1291"/>
        <Baseline points="700,1291 779,1291"/>
        <TextEquiv conf="0.9170647859573364">
          <Unicode>„</Unicode>
        </TextEquiv>
      </TextLine>
      <TextLine id="eSc_line_3c289e4a" custom="structure {type:default;}">
        <Coords points="905,1283 905,1307 2872,1307 2874,1283 2872,1247 2713,1234 2710,1234 2633,1245 2626,1245 2624,1245 2593,1232 2591,1232 2492,1232 2489,1232 2487,1232 2461,1243 2456,1245 2425,1243 2282,1234 2280,1234 2277,1234 2260,1243 2253,1247 2107,1247 2098,1243 2074,1232 2072,1232 2070,1232 1975,1241 1931,1245 1911,1241 1877,1232 1875,1232 1873,1232 1323,1234 1321,1234 1312,1238 1296,1245 905,1236 905,1283"/>
        <Baseline points="905,1283 2874,1283"/>
        <TextEquiv conf="0.9986878992563271">
          <Unicode>8823 G(arnerio) abbati Maioris-monasterii praecipit, ut episcopo Aletensi ecclesiam</Unicode>
        </TextEquiv>
      </TextLine>
      <TextLine id="eSc_line_23fa30f2" custom="structure {type:default;}">
        <Coords points="958,1340 958,1364 2872,1366 2874,1340 2874,1307 958,1307 958,1340"/>
        <Baseline points="958,1340 2874,1340"/>
        <TextEquiv conf="0.9979076776239607">
          <Unicode>S. Maclovii reddat. Ex chartul. Mai.-mon. III. 155, ms. lat. 5441, bibl. nat. Paris. Misit</Unicode>
        </TextEquiv>
      </TextLine>
      <TextLine id="eSc_line_bc2cfc19" custom="structure {type:default;}">
        <Coords points="961,1395 961,1419 1462,1419 1467,1419 1553,1431 1555,1431 2105,1417 2121,1417 2125,1417 2229,1428 2231,1428 2867,1413 2870,1389 2863,1358 958,1358 961,1395"/>
        <Baseline points="961,1395 2870,1389"/>
        <TextEquiv conf="0.9902177292567033">
          <Unicode>Delisle; In eiusdem bibl. Coll. Moreau t. 62. f. 47, Ms. lat. 12897. f. 131. —</Unicode>
        </TextEquiv>
      </TextLine>
      <TextLine id="eSc_line_6aec946c" custom="structure {type:default;}">
        <Coords points="963,1448 963,1475 1449,1466 1449,1448 1449,1415 963,1415 963,1448"/>
        <Baseline points="963,1448 1449,1448"/>
        <TextEquiv conf="0.9997734562917189">
          <Unicode>„Venerabiles fratres“.</Unicode>
        </TextEquiv>
      </TextLine>
      <TextLine id="eSc_line_7db499e6" custom="structure {type:default;}">
        <Coords points="351,1506 351,1523 393,1543 395,1543 397,1545 461,1545 461,1543 463,1543 466,1543 486,1525 528,1539 530,1539 532,1539 534,1539 567,1523 567,1506 567,1470 528,1459 525,1459 523,1459 492,1464 459,1470 448,1459 444,1457 444,1455 441,1455 439,1455 351,1450 351,1506"/>
        <Baseline points="351,1506 567,1506"/>
        <TextEquiv conf="0.999532513320446">
          <Unicode>Sept. 4.</Unicode>
        </TextEquiv>
      </TextLine>
      <TextLine id="eSc_line_ce3d5da6" custom="structure {type:default;}">
        <Coords points="693,1512 691,1521 773,1539 777,1517 773,1484 693,1484 693,1512"/>
        <Baseline points="693,1512 777,1517"/>
        <TextEquiv conf="0.9998677968978882">
          <Unicode>„</Unicode>
        </TextEquiv>
      </TextLine>
      <TextLine id="eSc_line_214ad29d" custom="structure {type:default;}">
        <Coords points="905,1503 905,1528 2876,1523 2878,1499 2874,1470 2242,1470 2222,1457 2220,1457 2218,1457 2030,1455 2028,1455 1889,1470 1844,1459 1842,1459 1840,1459 1641,1470 1520,1457 1517,1457 1515,1457 1484,1472 1265,1472 1241,1457 1239,1457 1237,1457 1235,1457 1040,1468 958,1457 956,1457 954,1457 903,1472 905,1503"/>
        <Baseline points="905,1503 2878,1499"/>
        <TextEquiv conf="0.9929607169012006">
          <Unicode>8824 (6190) P. priori et fratribus ecclesiae S. Frigdiani Lucensis significat, se propter</Unicode>
        </TextEquiv>
      </TextLine>
      <TextLine id="eSc_line_ed8e2017" custom="structure {type:default;}">
        <Coords points="963,1556 961,1578 1062,1592 1064,1592 2872,1585 2874,1561 2872,1528 963,1521 963,1556"/>
        <Baseline points="963,1556 2874,1561"/>
        <TextEquiv conf="0.9911675284890568">
          <Unicode>iniurias iis illatas monachos S. Georgii interdicto affecisse. Baluzii Misc. IV. 594,</Unicode>
        </TextEquiv>
      </TextLine>
      <TextLine id="eSc_line_8a75c38f" custom="structure {type:default;}">
        <Coords points="961,1614 961,1645 1420,1645 1420,1643 1422,1643 1425,1643 1431,1636 1440,1631 1579,1636 1858,1643 1860,1643 1913,1629 1915,1609 1911,1578 958,1572 961,1614"/>
        <Baseline points="961,1614 1915,1609"/>
        <TextEquiv conf="0.9965547258789474">
          <Unicode>Migne 180 p. 1083. — „Si a monachis“.</Unicode>
        </TextEquiv>
      </TextLine>
      <TextLine id="eSc_line_dcf443f5" custom="structure {type:default;}">
        <Coords points="384,1676 384,1713 424,1713 424,1711 426,1711 444,1702 475,1684 499,1693 532,1704 534,1704 536,1704 539,1704 541,1704 563,1684 563,1671 561,1625 541,1614 539,1614 536,1614 486,1623 426,1631 382,1618 384,1676"/>
        <Baseline points="384,1676 563,1671"/>
        <TextEquiv conf="0.9940600246191025">
          <Unicode>„ 1.</Unicode>
        </TextEquiv>
      </TextLine>
      <TextLine id="eSc_line_1354229c" custom="structure {type:default;}">
        <Coords points="695,1715 771,1715 771,1680 760,1563 715,1572 689,1561 695,1684 695,1715"/>
        <Baseline points="695,1684 771,1680"/>
        <TextEquiv conf="0.9999996423721313">
          <Unicode>„</Unicode>
        </TextEquiv>
      </TextLine>
      <TextLine id="eSc_line_5632ce5a" custom="structure {type:default;}">
        <Coords points="908,1669 908,1693 2876,1687 2878,1662 2874,1634 2273,1634 2224,1620 2222,1620 2220,1620 2056,1634 2054,1634 1873,1623 1871,1623 1544,1636 1522,1636 1489,1636 934,1625 932,1625 930,1625 905,1634 908,1669"/>
        <Baseline points="908,1669 2878,1662"/>
        <TextEquiv conf="0.9952698262889733">
          <Unicode>8825 (6191) Abbati et fratribus S. Georgii Lucensis interdicit, ne sacra procurent, donec</Unicode>
        </TextEquiv>
      </TextLine>
      <TextLine id="eSc_line_5d1e7526" custom="structure {type:default;}">
        <Coords points="963,1724 963,1753 2872,1755 2876,1720 2872,1691 978,1682 976,1682 974,1682 972,1682 961,1689 963,1724"/>
        <Baseline points="963,1724 2876,1720"/>
        <TextEquiv conf="0.9856692648482048">
          <Unicode>fratribus S. Frigdiani de illata iniuria satisfaciant. Baluzii Misc. IV. 594, Migne 180</Unicode>
        </TextEquiv>
      </TextLine>
      <TextLine id="eSc_line_3a8d8a2e" custom="structure {type:default;}">
        <Coords points="961,1782 963,1810 1014,1797 1217,1806 1319,1808 1321,1808 1411,1799 1475,1795 1520,1797 1637,1806 1639,1806 1641,1806 1687,1793 1687,1777 1683,1742 1045,1740 1042,1740 958,1751 961,1782"/>
        <Baseline points="961,1782 1687,1777"/>
        <TextEquiv conf="0.9792740509427827">
          <Unicode>p. 1083. — „Quamvis statuta“.</Unicode>
        </TextEquiv>
      </TextLine>
      <TextLine id="eSc_line_dd63a7b7" custom="structure {type:default;}">
        <Coords points="349,1828 346,1872 528,1863 565,1881 572,1832 570,1799 349,1779 349,1828"/>
        <Baseline points="349,1828 572,1832"/>
        <TextEquiv conf="0.9995362907648087">
          <Unicode>Oct. 17.</Unicode>
        </TextEquiv>
      </TextLine>
      <TextLine id="eSc_line_4f1d5957" custom="structure {type:default;}">
        <Coords points="691,1839 687,1892 773,1905 779,1843 779,1779 693,1782 691,1839"/>
        <Baseline points="691,1839 779,1843"/>
        <TextEquiv conf="1.0">
          <Unicode>„</Unicode>
        </TextEquiv>
      </TextLine>
      <TextLine id="eSc_line_112ed12f" custom="structure {type:default;}">
        <Coords points="910,1832 910,1857 2876,1852 2878,1828 2874,1795 1003,1786 1000,1786 908,1797 910,1832"/>
        <Baseline points="910,1832 2878,1828"/>
        <TextEquiv conf="0.9935271143913269">
          <Unicode>8826 Inter Hieronymum, episcopum Aretinum, et nobilem virum, Henricum de Bivignano</Unicode>
        </TextEquiv>
      </TextLine>
      <TextLine id="eSc_line_e726ec55" custom="structure {type:default;}">
        <Coords points="961,1885 961,1910 2876,1912 2878,1885 2878,1859 961,1859 961,1885"/>
        <Baseline points="961,1885 2878,1885"/>
        <TextEquiv conf="0.9962441602418589">
          <Unicode>controversiam, super castro Sexetum (al. Sancto) ortam, in favorem episcopi diiudicat.</Unicode>
        </TextEquiv>
      </TextLine>
      <TextLine id="eSc_line_dcad8348" custom="structure {type:default;}">
        <Coords points="967,1941 967,1967 1299,1980 1301,1980 1414,1969 1429,1969 1460,1969 1672,1980 1674,1980 1723,1972 1734,1969 1747,1972 1809,1980 1811,1980 2878,1974 2878,1941 2878,1912 967,1908 967,1941"/>
        <Baseline points="967,1941 2878,1941"/>
        <TextEquiv conf="0.9992526965705972">
          <Unicode>Wiener Sitzungsber. XCIV. 661, Pflugk-Harttung Iter p. 240. — „Controversiam</Unicode>
        </TextEquiv>
      </TextLine>
      <TextLine id="eSc_line_82a7d8e1" custom="structure {type:default;}">
        <Coords points="958,1994 956,2011 974,2027 974,2029 976,2029 978,2029 980,2029 1113,2009 1115,1998 1113,1965 958,1961 958,1994"/>
        <Baseline points="958,1994 1115,1998"/>
        <TextEquiv conf="0.9999997019767761">
          <Unicode>quae“.</Unicode>
        </TextEquiv>
      </TextLine>
      <TextLine id="eSc_line_eb6aba03" custom="structure {type:default;}">
        <Coords points="391,2060 393,2091 430,2075 481,2082 539,2089 541,2089 543,2089 578,2071 578,2055 576,2005 536,1983 534,1983 532,1983 479,1983 477,1983 475,1983 472,1983 433,2016 428,2020 388,2020 391,2060"/>
        <Baseline points="391,2060 578,2055"/>
        <TextEquiv conf="0.9999994039535522">
          <Unicode>„ 22.</Unicode>
        </TextEquiv>
      </TextLine>
      <TextLine id="eSc_line_49b64e88" custom="structure {type:default;}">
        <Coords points="629,2089 665,2106 667,2106 669,2106 779,2095 782,2064 777,2020 755,2029 722,2016 713,2014 711,2014 709,2014 707,2014 700,2016 665,2027 634,2011 631,2060 629,2089"/>
        <Baseline points="631,2060 782,2064"/>
        <TextEquiv conf="1.0">
          <Unicode>„</Unicode>
        </TextEquiv>
      </TextLine>
      <TextLine id="eSc_line_f53841de" custom="structure {type:default;}">
        <Coords points="908,2049 908,2078 2874,2078 2876,2053 2874,2011 2704,2002 2702,2002 2699,2002 2697,2002 2686,2009 2673,2018 2587,2018 2551,2009 2520,2002 2518,2002 2487,2009 2448,2016 2406,2007 2377,2002 2375,2002 2372,2002 2361,2007 2344,2018 2196,2018 2158,2007 2143,2002 2140,2002 2138,2002 2074,2005 1911,2016 1889,2005 1880,2000 1877,2000 1716,2000 1714,2000 1661,2002 1528,2014 1455,2002 1438,2000 1436,2000 1422,2002 1367,2014 1120,2002 1117,2002 985,2014 908,2000 908,2049"/>
        <Baseline points="908,2049 2876,2053"/>
        <TextEquiv conf="0.993515389807084">
          <Unicode>8827 (6192) Ecclesiae S. Iohannis Kaltenbornensis tutelam suscipit et bona confirmat,</Unicode>
        </TextEquiv>
      </TextLine>
      <TextLine id="eSc_line_095f2edf" custom="structure {type:default;}">
        <Coords points="961,2108 961,2139 2876,2137 2878,2102 2872,2075 958,2080 961,2108"/>
        <Baseline points="961,2108 2878,2102"/>
        <TextEquiv conf="0.999698781222105">
          <Unicode>petente Godescalco praeposito. Schöttgen et Kreysig Diplomat. II. 698, Migne 180</Unicode>
        </TextEquiv>
      </TextLine>
      <TextLine id="eSc_line_01e0e469" custom="structure {type:default;}">
        <Coords points="961,2166 961,2184 1712,2192 1714,2192 1716,2192 1763,2179 1763,2161 1758,2128 1051,2122 1049,2122 958,2133 961,2166"/>
        <Baseline points="961,2166 1763,2161"/>
        <TextEquiv conf="0.9912766201155526">
          <Unicode>p. 1084. — „Religiosis desideriis“.</Unicode>
        </TextEquiv>
      </TextLine>
      <TextLine id="eSc_line_473c33dd" custom="structure {type:default;}">
        <Coords points="384,2226 384,2250 470,2234 528,2279 547,2294 550,2294 552,2294 554,2294 609,2292 609,2221 605,2150 523,2150 521,2150 519,2150 517,2150 517,2153 494,2173 470,2195 382,2195 384,2226"/>
        <Baseline points="384,2226 609,2221"/>
        <TextEquiv conf="0.999169647693634">
          <Unicode>„ 37.</Unicode>
        </TextEquiv>
      </TextLine>
      <TextLine id="eSc_line_d2b96711" custom="structure {type:default;}">
        <Coords points="667,2223 665,2263 724,2279 726,2279 729,2279 731,2279 748,2263 755,2259 775,2263 782,2228 782,2199 667,2195 667,2223"/>
        <Baseline points="667,2223 782,2228"/>
        <TextEquiv conf="1.0">
          <Unicode>„</Unicode>
        </TextEquiv>
      </TextLine>
      <TextLine id="eSc_line_39c1ccdd" custom="structure {type:default;}">
        <Coords points="912,2212 910,2239 2878,2241 2883,2217 2883,2179 912,2173 912,2212"/>
        <Baseline points="912,2212 2883,2217"/>
        <TextEquiv conf="0.9992691682673048">
          <Unicode>8828 (6193) P(etro) Reiensi et B(ertrando) Foroiuliensi episcopis praecipit, ut „nullas</Unicode>
        </TextEquiv>
      </TextLine>
      <TextLine id="eSc_line_757d2ef7" custom="structure {type:default;}">
        <Coords points="963,2276 963,2298 1319,2298 1343,2309 1345,2309 1347,2309 1349,2309 1376,2298 1407,2312 1409,2312 1411,2312 1548,2298 1595,2312 1597,2312 1599,2312 1710,2301 1767,2309 1769,2309 1771,2309 1774,2309 1791,2296 1889,2309 1891,2312 2034,2312 2034,2309 2037,2309 2039,2309 2059,2296 2196,2309 2198,2309 2200,2309 2240,2294 2242,2294 2244,2294 2288,2307 2291,2307 2293,2309 2470,2309 2470,2307 2472,2307 2501,2296 2819,2307 2821,2307 2823,2307 2881,2292 2881,2270 2874,2241 961,2245 963,2276"/>
        <Baseline points="963,2276 2881,2270"/>
        <TextEquiv conf="0.993021177834478">
          <Unicode>novas exactiones, neque receptiones, vel pastus, vel alia inconsueta in ecclesiis, quas</Unicode>
        </TextEquiv>
      </TextLine>
      <TextLine id="eSc_line_190ba20f" custom="structure {type:default;}">
        <Coords points="963,2327 963,2354 2876,2354 2876,2327 2876,2296 963,2296 963,2327"/>
        <Baseline points="963,2327 2876,2327"/>
        <TextEquiv conf="0.999913099975813">
          <Unicode>ecclesia b. Petri Bariolensis possidet, imponant, nec ab earum presbyteris exigant“.</Unicode>
        </TextEquiv>
      </TextLine>
      <TextLine id="eSc_line_0b812c50" custom="structure {type:default;}">
        <Coords points="961,2382 961,2407 1374,2407 1427,2418 1429,2418 1665,2407 2841,2418 2843,2418 2845,2418 2878,2404 2878,2382 2878,2349 961,2349 961,2382"/>
        <Baseline points="961,2382 2878,2382"/>
        <TextEquiv conf="0.9999099885806059">
          <Unicode>Baluzii Misc. III. 19, Bouquet Rec. XV. 429, Migne 180 p. 1085. — „Bariolensis</Unicode>
        </TextEquiv>
      </TextLine>
      <TextLine id="eSc_line_20e02b7e" custom="structure {type:default;}">
        <Coords points="958,2438 958,2453 1064,2464 1067,2464 1177,2449 1179,2433 1173,2391 956,2404 958,2438"/>
        <Baseline points="958,2438 1179,2433"/>
        <TextEquiv conf="0.9999674379825592">
          <Unicode>ecclesia“.</Unicode>
        </TextEquiv>
      </TextLine>
      <TextLine id="eSc_line_f86682a8" custom="structure {type:default;}">
        <Coords points="393,2499 395,2521 435,2508 490,2513 550,2517 552,2517 554,2517 578,2504 578,2495 572,2433 391,2464 393,2499"/>
        <Baseline points="393,2499 578,2495"/>
        <TextEquiv conf="0.9999906301498414">
          <Unicode>„ 27.</Unicode>
        </TextEquiv>
      </TextLine>
      <TextLine id="eSc_line_f6360a54" custom="structure {type:default;}">
        <Coords points="636,2499 636,2521 682,2510 707,2515 755,2526 757,2526 760,2526 762,2526 775,2513 777,2504 777,2453 737,2431 735,2431 733,2431 731,2431 636,2446 636,2499"/>
        <Baseline points="636,2499 777,2504"/>
        <TextEquiv conf="1.0">
          <Unicode>„</Unicode>
        </TextEquiv>
      </TextLine>
      <TextLine id="eSc_line_02a42db2" custom="structure {type:default;}">
        <Coords points="908,2491 908,2521 2878,2521 2878,2491 2878,2460 2772,2446 2770,2446 2558,2457 2518,2446 2516,2446 2224,2446 2222,2446 908,2457 908,2491"/>
        <Baseline points="908,2491 2878,2491"/>
        <TextEquiv conf="0.9903502594465496">
          <Unicode>8829 Omnibus ecclesiae praelatis eadem, quae superiore bulla 8821 scribit. Pflugk-Hart-</Unicode>
        </TextEquiv>
      </TextLine>
      <TextLine id="eSc_line_c2467d4f" custom="structure {type:default;}">
        <Coords points="963,2548 963,2568 1800,2577 1802,2577 1805,2577 1849,2563 1849,2544 1842,2513 961,2515 963,2548"/>
        <Baseline points="963,2548 1849,2544"/>
        <TextEquiv conf="0.9972750125704585">
          <Unicode>tung Acta I. 183. — „Milites templi“.</Unicode>
        </TextEquiv>
      </TextLine>
      <TextLine id="eSc_line_9226638d" custom="structure {type:default;}">
        <Coords points="351,2603 351,2636 461,2638 463,2638 466,2638 468,2638 479,2630 486,2623 499,2627 534,2638 536,2638 539,2638 541,2638 589,2621 589,2603 589,2572 351,2555 351,2603"/>
        <Baseline points="351,2603 589,2603"/>
        <TextEquiv conf="0.9998560547828674">
          <Unicode>Nov. S.</Unicode>
        </TextEquiv>
      </TextLine>
      <TextLine id="eSc_line_22521c36" custom="structure {type:default;}">
        <Coords points="614,2603 614,2612 693,2612 709,2625 715,2630 715,2632 718,2632 720,2632 779,2634 784,2608 782,2581 614,2574 614,2603"/>
        <Baseline points="614,2603 784,2608"/>
        <TextEquiv conf="0.9344838559627533">
          <Unicode> „</Unicode>
        </TextEquiv>
      </TextLine>
      <TextLine id="eSc_line_03a3b0de" custom="structure {type:default;}">
        <Coords points="908,2603 908,2625 2874,2621 2876,2599 2870,2559 2337,2563 2302,2561 2191,2552 2189,2552 2187,2552 2185,2552 2171,2561 2167,2566 1961,2566 1959,2563 1924,2552 1922,2552 1919,2552 1820,2563 1800,2568 1385,2568 1045,2568 943,2555 941,2555 938,2555 905,2566 908,2603"/>
        <Baseline points="908,2603 2876,2599"/>
        <TextEquiv conf="0.9987626885190423">
          <Unicode>8830 B. priori S. Pontii mandat, ut (Petro) episcopo Niciensi debitam obedientiam</Unicode>
        </TextEquiv>
      </TextLine>
      <TextLine id="eSc_line_4ea9bebb" custom="structure {type:default;}">
        <Coords points="961,2656 961,2678 1091,2694 1093,2694 1170,2680 1272,2694 1274,2694 1363,2683 1654,2694 1657,2694 1659,2694 1661,2694 1681,2680 1699,2694 1701,2694 1703,2694 1705,2694 1707,2694 1745,2680 1791,2694 1794,2694 1796,2694 1866,2680 1948,2680 1964,2694 1966,2694 1968,2694 1970,2696 2149,2696 2149,2694 2151,2694 2187,2680 2200,2691 2200,2694 2202,2694 2204,2694 2207,2696 2275,2696 2275,2694 2353,2678 2353,2656 2353,2625 2339,2616 2337,2616 2335,2616 2333,2616 2330,2616 2291,2627 2213,2616 2211,2616 2209,2616 2167,2627 1780,2616 1778,2616 1776,2616 1774,2616 1774,2619 1763,2630 1639,2630 1601,2616 1599,2616 1597,2616 1595,2616 1592,2616 1592,2619 1581,2630 1427,2630 1414,2616 1411,2616 1409,2616 1221,2616 1219,2616 1217,2616 1215,2616 1215,2619 1204,2630 1133,2630 1022,2616 1020,2616 961,2627 961,2656"/>
        <Baseline points="961,2656 2353,2656"/>
        <TextEquiv conf="0.9922090485944586">
          <Unicode>exhibeat. Pflugk-Harttung Iter p. 806. — „Qualiter frater“.</Unicode>
        </TextEquiv>
      </TextLine>
      <TextLine id="eSc_line_f5b57624" custom="structure {type:default;}">
        <Coords points="386,2720 386,2740 468,2733 483,2736 552,2747 554,2747 556,2747 558,2747 583,2729 583,2716 578,2687 486,2674 483,2674 481,2674 479,2674 479,2676 477,2676 466,2689 466,2691 384,2691 386,2720"/>
        <Baseline points="386,2720 583,2716"/>
        <TextEquiv conf="0.9999890565872193">
          <Unicode>„ 21.</Unicode>
        </TextEquiv>
      </TextLine>
      <TextLine id="eSc_line_6ecd5bd1" custom="structure {type:default;}">
        <Coords points="625,2718 623,2727 682,2727 684,2729 695,2738 695,2740 698,2740 700,2740 702,2740 782,2731 784,2720 784,2689 625,2689 625,2718"/>
        <Baseline points="625,2718 784,2720"/>
        <TextEquiv conf="0.9335946242014567">
          <Unicode> „„</Unicode>
        </TextEquiv>
      </TextLine>
      <TextLine id="eSc_line_848406bc" custom="structure {type:default;}">
        <Coords points="908,2714 908,2738 2876,2733 2876,2709 2870,2678 905,2680 908,2714"/>
        <Baseline points="908,2714 2876,2709"/>
        <TextEquiv conf="0.9992872778373428">
          <Unicode>8831 (6194) Heinricum, episcopum Moraviensem, rogat, ut monachi quidam, a mona-</Unicode>
        </TextEquiv>
      </TextLine>
      <TextLine id="eSc_line_c5836c4c" custom="structure {type:default;}">
        <Coords points="963,2769 963,2791 2874,2791 2874,2769 2874,2736 963,2736 963,2769"/>
        <Baseline points="963,2769 2874,2769"/>
        <TextEquiv conf="0.9900819792467005">
          <Unicode>sterio montis Syonis sine eius abbatisque licentia egressi, recipiantur. Boczek C. D.</Unicode>
        </TextEquiv>
      </TextLine>
      <TextLine id="eSc_line_adda2598" custom="structure {type:default;}">
        <Coords points="961,2824 961,2842 1307,2853 1310,2853 1380,2842 1385,2842 1387,2842 1460,2853 1462,2853 1464,2853 1467,2853 1467,2850 1478,2842 1531,2853 1533,2853 1535,2853 1559,2842 1581,2853 1584,2853 1586,2853 1681,2839 1696,2839 1710,2839 1789,2850 1791,2853 2244,2853 2244,2850 2246,2850 2284,2839 2324,2850 2326,2850 2328,2850 2330,2850 2381,2837 2381,2820 2379,2793 2344,2780 2341,2780 2339,2780 2337,2780 2313,2793 1858,2793 1818,2780 1816,2780 1813,2780 1811,2780 1809,2780 1809,2782 1798,2791 1604,2782 1601,2782 1599,2782 1557,2793 1113,2782 1111,2782 1109,2782 1084,2793 1053,2782 1051,2782 1049,2782 1047,2782 1045,2782 1031,2793 974,2782 972,2782 969,2782 967,2782 967,2784 958,2791 961,2824"/>
        <Baseline points="961,2824 2381,2820"/>
        <TextEquiv conf="0.997174178299151">
          <Unicode>M. I. 238, Migne 180 p. 1085. — „Latores praesentium ad“.</Unicode>
        </TextEquiv>
      </TextLine>
      <TextLine id="eSc_line_c6c0e871" custom="structure {type:default;}">
        <Coords points="393,2884 393,2901 576,2901 576,2879 570,2820 503,2822 501,2822 499,2822 499,2824 488,2835 470,2855 391,2855 393,2884"/>
        <Baseline points="393,2884 576,2879"/>
        <TextEquiv conf="0.9997475266456604">
          <Unicode>„ 28.</Unicode>
        </TextEquiv>
      </TextLine>
      <TextLine id="eSc_line_dad7ada5" custom="structure {type:default;}">
        <Coords points="631,2881 629,2906 698,2892 713,2901 731,2912 733,2912 735,2912 737,2912 740,2912 775,2895 777,2890 777,2857 631,2848 631,2881"/>
        <Baseline points="631,2881 777,2890"/>
        <TextEquiv conf="0.9897214770317078">
          <Unicode>„„</Unicode>
        </TextEquiv>
      </TextLine>
      <TextLine id="eSc_line_c8608fa0" custom="structure {type:default;}">
        <Coords points="908,2877 908,2906 2872,2899 2874,2870 2870,2837 963,2835 961,2835 905,2846 908,2877"/>
        <Baseline points="908,2877 2874,2870"/>
        <TextEquiv conf="0.9876396039898476">
          <Unicode>8832 Fratribus Bellae-vallis addicit pascua de Valleriaco, a canonicis S. Stephani Veson-</Unicode>
        </TextEquiv>
      </TextLine>
      <TextLine id="eSc_line_92c29db7" custom="structure {type:default;}">
        <Coords points="961,2932 961,2954 2872,2950 2874,2928 2867,2897 958,2897 961,2932"/>
        <Baseline points="961,2932 2874,2928"/>
        <TextEquiv conf="0.9981182225239582">
          <Unicode>tionensibus iniuste occupata. Monasterii bona quaedam confirmat. In bibl. nat.</Unicode>
        </TextEquiv>
      </TextLine>
      <TextLine id="eSc_line_ac5125e8" custom="structure {type:default;}">
        <Coords points="963,2987 963,3007 2746,3016 2748,2987 2746,2950 1827,2954 1822,2952 1802,2943 1800,2943 1643,2943 1641,2943 1486,2954 1462,2954 1451,2954 1380,2943 1378,2943 1330,2954 1325,2954 1312,2954 1153,2943 1151,2943 1075,2954 1036,2943 1034,2943 1031,2943 963,2954 963,2987"/>
        <Baseline points="963,2987 2748,2987"/>
        <TextEquiv conf="0.9961799443522587">
          <Unicode>Paris. Cartul. de Bellevaux, Coll. Moreau t. 870. f. 137. — „Sicut privilegia“.</Unicode>
        </TextEquiv>
      </TextLine>
      <TextLine id="eSc_line_e9fd27eb" custom="structure {type:default;}">
        <Coords points="386,3047 386,3074 417,3089 419,3089 421,3089 424,3089 450,3076 490,3109 492,3109 494,3109 497,3111 550,3111 550,3109 552,3109 554,3109 554,3107 574,3082 574,3043 567,2972 512,2974 510,2974 479,2990 439,3012 384,3012 386,3047"/>
        <Baseline points="386,3047 574,3043"/>
        <TextEquiv conf="0.8984450578689576">
          <Unicode>„ 29.</Unicode>
        </TextEquiv>
      </TextLine>
      <TextLine id="eSc_line_1f4c9988" custom="structure {type:default;}">
        <Coords points="634,3045 629,3135 640,3146 640,3149 642,3149 645,3149 647,3149 720,3133 740,3129 768,3135 777,3049 768,3007 760,3016 751,3007 744,3003 744,3001 742,3001 740,3001 737,3001 735,3001 713,3007 689,3016 634,3012 634,3045"/>
        <Baseline points="634,3045 777,3049"/>
        <TextEquiv conf="0.9997859597206116">
          <Unicode>„</Unicode>
        </TextEquiv>
      </TextLine>
      <TextLine id="eSc_line_482c02c3" custom="structure {type:default;}">
        <Coords points="912,3040 912,3065 1889,3076 1891,3076 1893,3076 1926,3062 1928,3062 1931,3062 1944,3074 1946,3074 1948,3074 1950,3076 2211,3076 2211,3074 2213,3074 2216,3074 2231,3062 2255,3074 2258,3074 2260,3076 2739,3076 2739,3074 2872,3060 2874,3036 2867,3009 910,3012 912,3040"/>
        <Baseline points="912,3040 2874,3036"/>
        <TextEquiv conf="0.99594775055136">
          <Unicode>8833 Canonicis S. Stephani Vesontionensibus praecipit, ut privilegium, quo pascua de</Unicode>
        </TextEquiv>
      </TextLine>
      <TextLine id="eSc_line_7ecf7871" custom="structure {type:default;}">
        <Coords points="969,3098 969,3127 2872,3122 2874,3091 2870,3060 967,3060 969,3098"/>
        <Baseline points="969,3098 2874,3091"/>
        <TextEquiv conf="0.999619644263695">
          <Unicode>Valeriaco ad monasterium Bellae-vallis pertinentia eis confirmaverit, „proximis octavis</Unicode>
        </TextEquiv>
      </TextLine>
      <TextLine id="eSc_line_b15b3107" custom="structure {type:default;}">
        <Coords points="963,3153 963,3180 2874,3171 2874,3146 2867,3113 961,3118 963,3153"/>
        <Baseline points="963,3153 2874,3146"/>
        <TextEquiv conf="0.986908998431229">
          <Unicode>paschae sibi reportent et de subreptione respondeant“. Loewenfeld Epistolae p. 98.</Unicode>
        </TextEquiv>
      </TextLine>
      <TextLine id="eSc_line_bf3d385a" custom="structure {type:default;}">
        <Coords points="963,3202 961,3219 1025,3224 1040,3239 1040,3241 1042,3241 1045,3241 1047,3244 1208,3244 1208,3241 1210,3241 1212,3241 1232,3228 1265,3244 1268,3244 1270,3246 1336,3246 1336,3244 1431,3228 1449,3244 1449,3246 1451,3246 1453,3246 1455,3246 1597,3226 1599,3208 1599,3180 1588,3168 1588,3166 1586,3166 1584,3166 1447,3166 1444,3166 1442,3166 1440,3166 1425,3177 1385,3164 1383,3164 1380,3164 963,3171 963,3202"/>
        <Baseline points="963,3202 1599,3208"/>
        <TextEquiv conf="0.9700722122192382">
          <Unicode>— „Quanto amplius beati“.</Unicode>
        </TextEquiv>
      </TextLine>
      <TextLine id="eSc_line_9046863b" custom="structure {type:default;}">
        <Coords points="879,3327 881,3369 936,3350 1003,3350 1040,3367 1042,3367 1045,3367 1047,3367 1104,3350 1204,3365 1206,3365 1208,3365 1210,3365 1237,3347 1416,3365 1418,3365 1420,3365 1422,3365 1449,3347 1592,3361 1595,3361 1597,3361 1623,3347 1838,3343 1924,3361 1926,3361 2090,3343 2147,3358 2149,3358 2151,3358 2562,3339 2613,3356 2615,3356 2618,3358 2741,3358 2744,3314 2737,3274 2536,3274 2534,3274 2505,3255 2503,3255 2501,3255 2423,3255 2421,3255 2419,3255 2417,3255 2388,3274 2388,3277 2326,3277 2311,3277 2134,3257 2132,3257 2129,3257 2127,3257 2103,3277 2098,3279 2081,3277 1926,3259 1924,3259 1807,3279 1789,3281 1763,3279 1612,3266 1610,3266 1608,3266 1606,3266 1588,3279 1546,3268 1544,3268 1542,3268 1455,3281 1440,3283 1436,3281 1416,3268 1414,3268 1411,3268 1321,3266 1319,3266 1316,3266 1314,3266 1290,3283 1285,3286 1235,3286 1230,3283 1182,3263 1179,3263 1177,3263 930,3266 927,3266 877,3281 879,3327"/>
        <Baseline points="879,3327 2744,3314"/>
        <TextEquiv conf="0.9735928577455607">
          <Unicode>1146. (Ind. 9. — 1. Seyt. — 10. pont. a. 1. — 1s. Feb,. — 2, 1145. — 25. Marct. — 1146.)</Unicode>
        </TextEquiv>
      </TextLine>
      <TextLine id="eSc_line_474c2ab3" custom="structure {type:default;}">
        <Coords points="910,3418 908,3442 2865,3458 2870,3425 2867,3392 2797,3378 2794,3378 2792,3378 2768,3389 2768,3392 2551,3392 2543,3387 2520,3378 2518,3378 2516,3378 2271,3385 2109,3387 2096,3383 2079,3374 2076,3374 2074,3374 2037,3380 2006,3387 1886,3380 1794,3374 1791,3374 1752,3378 1670,3387 1595,3376 1562,3372 1559,3372 1557,3372 1542,3376 1506,3387 1307,3387 1281,3372 1279,3372 1277,3372 1274,3372 1248,3372 1064,3383 910,3369 910,3418"/>
        <Baseline points="910,3418 2870,3425"/>
        <TextEquiv conf="0.990514326526458">
          <Unicode>s834 (6195) Monasterium S. Mariae in Regula Imolense tuendum suscipit et bona eius,</Unicode>
        </TextEquiv>
      </TextLine>
      <TextLine id="eSc_line_43b8063a" custom="structure {type:default;}">
        <Coords points="961,3480 961,3526 1089,3509 1433,3509 1484,3524 1486,3524 1489,3524 1491,3524 1942,3522 2056,3520 2059,3520 2098,3506 2160,3520 2171,3522 2174,3522 2176,3522 2182,3520 2229,3506 2372,3506 2419,3520 2430,3522 2432,3522 2434,3524 2551,3524 2551,3522 2554,3522 2556,3522 2560,3517 2578,3506 2609,3517 2622,3522 2624,3522 2626,3522 2867,3515 2870,3475 2863,3445 958,3447 961,3480"/>
        <Baseline points="961,3480 2870,3475"/>
        <TextEquiv conf="0.9860477112233639">
          <Unicode>petente Rodulfo abbate, confirmat. Fantuszi Mon. Rav. VI. 46, Migne 180 p. 1085.</Unicode>
        </TextEquiv>
      </TextLine>
      <TextLine id="eSc_line_bde82492" custom="structure {type:default;}">
        <Coords points="961,3533 961,3559 1047,3573 1049,3573 1453,3568 1453,3533 1451,3498 961,3498 961,3533"/>
        <Baseline points="961,3533 1453,3533"/>
        <TextEquiv conf="0.9971141576766968">
          <Unicode>— „Quoties illud a“.</Unicode>
        </TextEquiv>
      </TextLine>
    </TextRegion>
    <TextRegion id="eSc_textblock_be30d12b"  custom="structure {type:default;}">
      <Coords points="1248,176 2034,185 2043,271 1164,280 1155,194 1248,176"/>
      <TextLine id="eSc_line_cb4286e5" custom="structure {type:default;}">
        <Coords points="1173,251 1173,271 2028,271 2028,251 2028,205 1986,194 1984,194 1981,194 1862,205 1849,205 1840,205 1774,194 1771,194 1703,203 1681,205 1623,203 1418,189 1416,189 1414,189 1380,200 1367,203 1354,198 1316,189 1314,189 1312,189 1173,196 1173,251"/>
        <Baseline points="1173,251 2028,251"/>
        <TextEquiv conf="0.9689618224898974">
          <Unicode>EUGENIUS III. 1145—1153.</Unicode>
        </TextEquiv>
      </TextLine>
    </TextRegion>
  </Page>
</PcGts>
