<?xml version="1.0" encoding="UTF-8"  standalone="yes"?>
<PcGts xmlns="http://schema.primaresearch.org/PAGE/gts/pagecontent/2019-07-15" xmlns:xsi="http://www.w3.org/2001/XMLSchema-instance" xsi:schemaLocation="http://schema.primaresearch.org/PAGE/gts/pagecontent/2019-07-15 http://schema.primaresearch.org/PAGE/gts/pagecontent/2019-07-15/pagecontent.xsd">
  <Metadata externalRef="pdf//regestapontificu02cath.pdf">
	<Creator>escriptorium</Creator>
	<Created>2026-01-31T10:24:37.599481+00:00</Created>
        <LastChange>2026-02-01T14:37:52.147869+00:00</LastChange>
  </Metadata>
  <Page imageFilename="regestapontificu02cath.pdf_page_119.png" imageWidth="3007" imageHeight="3975">
    <TextRegion id="eSc_textblock_7f6ba849"  custom="structure {type:default;}">
      <Coords points="2554,273 2697,291 2688,3531 2425,3539 2441,3557 2319,3575 2034,3539 742,3539 651,3495 132,3504 106,2400 106,371 132,318 342,309 368,379 380,300 616,300 642,326 662,291 2554,273"/>
      <TextLine id="eSc_line_9620ef6f" custom="structure {type:default;}">
        <Coords points="645,315 647,353 647,382 824,384 826,384 828,384 837,382 866,373 912,382 934,384 936,384 938,384 952,379 989,371 1129,379 1177,382 1179,382 1182,382 1193,379 1228,368 1283,377 1307,382 1310,382 1341,377 1391,371 1455,377 1509,382 1511,382 1537,377 1581,366 1621,375 1639,379 1641,379 1643,379 1646,379 1657,375 1681,366 1813,366 1829,375 1838,379 1840,379 1842,379 1844,379 1906,373 1961,368 1984,373 2008,379 2010,379 2012,379 2014,379 2028,373 2045,364 2167,371 2258,377 2260,377 2262,377 2277,371 2295,364 2313,371 2324,375 2326,375 2328,375 2472,368 2472,344 2465,300 649,306 645,315"/>
        <Baseline points="647,353 2472,344"/>
        <TextEquiv conf="0.9822093662093667">
          <Unicode>1155. (Ind. 3. — 25. Sept. — 4, ponf. a. 1. — 5. Dcr. — 2, 1154. — 25. Uart. — 1155.)</Unicode>
        </TextEquiv>
      </TextLine>
      <TextLine id="eSc_line_ea9825e8" custom="structure {type:default;}">
        <Coords points="678,412 678,432 2644,432 2646,408 2642,377 1822,366 1820,366 676,379 678,412"/>
        <Baseline points="678,412 2646,408"/>
        <TextEquiv conf="0.9949922975970478">
          <Unicode>10004 Monasterii S. Mariae de Valle losaphat ecclesias quasdam confirmat, iniuncto</Unicode>
        </TextEquiv>
      </TextLine>
      <TextLine id="eSc_line_8c9c95ad" custom="structure {type:default;}">
        <Coords points="128,421 128,443 223,461 225,461 227,461 229,461 229,459 251,441 256,437 278,437 285,439 324,459 326,459 329,461 380,461 380,459 382,459 384,459 384,457 399,439 499,435 541,432 543,432 585,452 587,452 589,452 592,452 631,430 631,412 625,382 426,382 402,375 382,371 380,371 377,371 355,375 313,384 300,373 296,368 293,368 291,368 289,368 287,368 278,373 256,384 243,373 240,371 240,368 238,368 236,368 234,368 125,368 128,421"/>
        <Baseline points="128,421 631,412"/>
        <TextEquiv conf="0.9797399357745522">
          <Unicode>Mart. 1.  Romae ap.</Unicode>
        </TextEquiv>
      </TextLine>
      <TextLine id="eSc_line_54726577" custom="structure {type:default;}">
        <Coords points="731,468 731,490 2638,485 2640,463 2635,435 729,432 731,468"/>
        <Baseline points="731,468 2640,463"/>
        <TextEquiv conf="0.9990564350840412">
          <Unicode>fratribus auri unciae tributo annuo. Delaborde Chartes de Terre Sainte p. 71. —</Unicode>
        </TextEquiv>
      </TextLine>
      <TextLine id="eSc_line_eef9b4e7" custom="structure {type:default;}">
        <Coords points="377,472 377,512 450,512 457,518 483,541 483,543 486,543 488,543 490,543 623,532 623,468 618,439 391,430 388,430 386,430 384,430 375,437 377,472"/>
        <Baseline points="377,472 623,468"/>
        <TextEquiv conf="0.998985124958886">
          <Unicode>S. Petrum</Unicode>
        </TextEquiv>
      </TextLine>
      <TextLine id="eSc_line_f644c0f0" custom="structure {type:default;}">
        <Coords points="733,523 733,547 1301,538 1303,518 1299,488 768,483 766,483 764,483 731,494 733,523"/>
        <Baseline points="733,523 1303,518"/>
        <TextEquiv conf="0.9999995877345403">
          <Unicode>„Cum omnibus ecclesiis“.</Unicode>
        </TextEquiv>
      </TextLine>
      <TextLine id="eSc_line_9aa517a7" custom="structure {type:default;}">
        <Coords points="682,576 682,600 2649,600 2649,576 2649,547 682,547 682,576"/>
        <Baseline points="682,576 2649,576"/>
        <TextEquiv conf="0.9992313270109245">
          <Unicode>10005 Monasterium S. Salvatoris de Alba-terra tuendum suscipit eiusque possessiones</Unicode>
        </TextEquiv>
      </TextLine>
      <TextLine id="eSc_line_b2482960" custom="structure {type:default;}">
        <Coords points="167,589 167,605 229,605 243,613 265,629 267,629 269,629 271,629 331,618 331,585 324,518 267,521 265,521 262,521 240,538 216,558 165,558 167,589"/>
        <Baseline points="167,589 331,585"/>
        <TextEquiv conf="0.9246823638677597">
          <Unicode>„ 2.</Unicode>
        </TextEquiv>
      </TextLine>
      <TextLine id="eSc_line_2dd4996d" custom="structure {type:default;}">
        <Coords points="477,594 477,624 550,611 550,594 550,567 477,567 477,594"/>
        <Baseline points="477,594 550,594"/>
        <TextEquiv conf="0.9999945163726807">
          <Unicode>„„</Unicode>
        </TextEquiv>
      </TextLine>
      <TextLine id="eSc_line_109cc130" custom="structure {type:default;}">
        <Coords points="731,633 731,655 2638,649 2640,627 2633,598 729,602 731,633"/>
        <Baseline points="731,633 2640,627"/>
        <TextEquiv conf="0.999368524977139">
          <Unicode>confirmat, petente Petro abbate. In bibl. nat. Paris. Coll. Baluze t. 269. f. 128. —</Unicode>
        </TextEquiv>
      </TextLine>
      <TextLine id="eSc_line_d0251f99" custom="structure {type:default;}">
        <Coords points="735,689 735,711 1170,702 1173,684 1166,655 733,658 735,689"/>
        <Baseline points="735,689 1173,684"/>
        <TextEquiv conf="0.9999986573269493">
          <Unicode>„Quotiens illud a“.</Unicode>
        </TextEquiv>
      </TextLine>
      <TextLine id="eSc_line_22260dd2" custom="structure {type:default;}">
        <Coords points="687,735 687,764 2649,764 2651,739 2646,704 687,704 687,735"/>
        <Baseline points="687,735 2651,739"/>
        <TextEquiv conf="0.999885664646884">
          <Unicode>10006 (6844) Dioecesis Placentinae praelatis omnibus Hugonem episcopum, a sese con-</Unicode>
        </TextEquiv>
      </TextLine>
      <TextLine id="eSc_line_3e7a9668" custom="structure {type:default;}">
        <Coords points="167,750 167,770 183,781 185,781 187,781 190,781 192,781 194,781 207,770 209,768 342,781 344,750 344,704 329,689 329,686 326,686 324,686 267,682 265,682 262,682 167,706 167,750"/>
        <Baseline points="167,750 344,750"/>
        <TextEquiv conf="0.9973739981651306">
          <Unicode>„ 4.</Unicode>
        </TextEquiv>
      </TextLine>
      <TextLine id="eSc_line_98172b79" custom="structure {type:default;}">
        <Coords points="479,764 550,772 552,757 552,722 481,704 479,757 479,764"/>
        <Baseline points="479,757 552,757"/>
        <TextEquiv conf="1.0">
          <Unicode>„</Unicode>
        </TextEquiv>
      </TextLine>
      <TextLine id="eSc_line_a3c50308" custom="structure {type:default;}">
        <Coords points="735,799 735,821 2649,817 2651,790 2644,761 733,768 735,799"/>
        <Baseline points="735,799 2651,790"/>
        <TextEquiv conf="0.9933495356375912">
          <Unicode>secratum, commendat. Ughelli It. sacr. II. 217, Campi Hist. di Piac. II. 354, Mansi</Unicode>
        </TextEquiv>
      </TextLine>
      <TextLine id="eSc_line_608c60f5" custom="structure {type:default;}">
        <Coords points="735,852 735,872 1981,872 1981,852 1981,821 1950,810 1948,810 1946,810 1944,810 1915,821 1347,810 1345,810 1250,821 1201,810 1199,810 1197,810 1080,821 1005,810 1003,810 1000,810 967,821 930,810 927,810 925,810 859,821 848,812 848,810 846,810 843,810 751,810 748,810 746,810 744,810 735,817 735,852"/>
        <Baseline points="735,852 1981,852"/>
        <TextEquiv conf="0.990105996131897">
          <Unicode>XXI, 820, Migne 188 p. 1392. — „Tribulationes et“.</Unicode>
        </TextEquiv>
      </TextLine>
      <TextLine id="eSc_line_9e8cdc15" custom="structure {type:default;}">
        <Coords points="687,907 687,929 2651,925 2653,901 2646,863 684,874 687,907"/>
        <Baseline points="687,907 2653,901"/>
        <TextEquiv conf="0.9953495086850347">
          <Unicode>10007 (6845) Clero et populo Placentino Hugonem episcopum commendat. Campi</Unicode>
        </TextEquiv>
      </TextLine>
      <TextLine id="eSc_line_5f5efd30" custom="structure {type:default;}">
        <Coords points="170,916 172,951 229,923 256,923 278,942 285,947 285,949 287,949 289,949 291,949 344,936 344,909 338,852 289,854 287,854 285,854 285,856 278,861 254,885 167,883 170,916"/>
        <Baseline points="170,916 344,909"/>
        <TextEquiv conf="0.9996769428253174">
          <Unicode>„ 1.</Unicode>
        </TextEquiv>
      </TextLine>
      <TextLine id="eSc_line_ec8c7293" custom="structure {type:default;}">
        <Coords points="481,918 479,938 545,936 547,923 547,892 481,883 481,918"/>
        <Baseline points="481,918 547,923"/>
        <TextEquiv conf="1.0">
          <Unicode>„</Unicode>
        </TextEquiv>
      </TextLine>
      <TextLine id="eSc_line_d571765b" custom="structure {type:default;}">
        <Coords points="733,958 733,982 2348,982 2348,958 2346,927 733,927 733,958"/>
        <Baseline points="733,958 2348,958"/>
        <TextEquiv conf="0.9930399967276532">
          <Unicode>Hist. di Piac. II. 354, Migne 188 p. 1392. — „Placentinae ecclesiae“.</Unicode>
        </TextEquiv>
      </TextLine>
      <TextLine id="eSc_line_1540f1ac" custom="structure {type:default;}">
        <Coords points="682,1018 682,1040 2653,1035 2655,1011 2651,982 702,976 700,976 698,976 695,976 680,982 682,1018"/>
        <Baseline points="682,1018 2655,1011"/>
        <TextEquiv conf="0.9946720703788425">
          <Unicode>10008 (7067) (Stephano) Metensi et (Alberoni) Virdunensi episcopis ac G(odefrido) praeposito</Unicode>
        </TextEquiv>
      </TextLine>
      <TextLine id="eSc_line_ce1c1d43" custom="structure {type:default;}">
        <Coords points="170,1029 172,1068 234,1068 234,1066 236,1066 238,1066 243,1062 258,1051 293,1060 311,1064 313,1064 315,1064 349,1055 349,1020 344,967 293,962 291,962 289,962 287,962 260,980 234,998 167,998 170,1029"/>
        <Baseline points="170,1029 349,1020"/>
        <TextEquiv conf="0.9987849146127701">
          <Unicode>„ 5.</Unicode>
        </TextEquiv>
      </TextLine>
      <TextLine id="eSc_line_7f1c7ab8" custom="structure {type:default;}">
        <Coords points="470,1033 470,1042 488,1055 490,1055 492,1055 494,1055 558,1046 558,1033 558,1007 470,1002 470,1033"/>
        <Baseline points="470,1033 558,1033"/>
        <TextEquiv conf="0.9942165911197662">
          <Unicode>„„</Unicode>
        </TextEquiv>
      </TextLine>
      <TextLine id="eSc_line_d8d26d51" custom="structure {type:default;}">
        <Coords points="735,1071 735,1093 2651,1099 2653,1071 2653,1042 735,1042 735,1071"/>
        <Baseline points="735,1071 2653,1071"/>
        <TextEquiv conf="0.9948823839785105">
          <Unicode>et R(udolfo) decano ecclesiae Trevirensis mandat, ut Mathaeum ducem (Lotharingiae),</Unicode>
        </TextEquiv>
      </TextLine>
      <TextLine id="eSc_line_fbcc5e92" custom="structure {type:default;}">
        <Coords points="737,1126 737,1150 2653,1146 2655,1121 2649,1088 735,1097 737,1126"/>
        <Baseline points="737,1126 2655,1121"/>
        <TextEquiv conf="0.9972533452801589">
          <Unicode>qui Tullensi ecclesiae bona quaedam abstulerit, excommunicatum denuncient. Baluxii</Unicode>
        </TextEquiv>
      </TextLine>
      <TextLine id="eSc_line_6fcd6b7b" custom="structure {type:default;}">
        <Coords points="733,1181 733,1205 2171,1210 2174,1210 2653,1196 2655,1172 2651,1146 1696,1137 1694,1137 1692,1137 1690,1137 1676,1148 755,1141 753,1141 751,1141 731,1150 733,1181"/>
        <Baseline points="733,1181 2655,1172"/>
        <TextEquiv conf="0.9955847018804306">
          <Unicode>Capitularia II. 1559, Bouquet Rec. XV. 673, Migne 188. p. 1587; Clausulam epi-</Unicode>
        </TextEquiv>
      </TextLine>
      <TextLine id="eSc_line_8793f4fa" custom="structure {type:default;}">
        <Coords points="737,1236 737,1258 2655,1254 2657,1232 2651,1203 735,1205 737,1236"/>
        <Baseline points="737,1236 2657,1232"/>
        <TextEquiv conf="0.9856636330138805">
          <Unicode>stolae: „Dat. Rom. ap. S. Petr. 3 non. Marcii“ affert ms. lat. 16991 f. 230“. in bibl.</Unicode>
        </TextEquiv>
      </TextLine>
      <TextLine id="eSc_line_279da2ba" custom="structure {type:default;}">
        <Coords points="740,1291 740,1311 1639,1311 1639,1291 1639,1263 740,1263 740,1291"/>
        <Baseline points="740,1291 1639,1291"/>
        <TextEquiv conf="0.997506409078031">
          <Unicode>nat. Paris. — „Notitiam vestram non“.</Unicode>
        </TextEquiv>
      </TextLine>
      <TextLine id="eSc_line_ba6867ff" custom="structure {type:default;}">
        <Coords points="689,1344 689,1369 2662,1369 2662,1344 2660,1313 689,1313 689,1344"/>
        <Baseline points="689,1344 2662,1344"/>
        <TextEquiv conf="0.9979907114331316">
          <Unicode>10009 (6846) Uberto, praeposito Pratensi, concedit ius provocationis ad sedem apo-</Unicode>
        </TextEquiv>
      </TextLine>
      <TextLine id="eSc_line_991c1aa2" custom="structure {type:default;}">
        <Coords points="174,1355 174,1400 229,1400 229,1397 231,1397 234,1397 234,1395 240,1391 258,1375 344,1378 346,1349 338,1285 265,1311 172,1311 174,1355"/>
        <Baseline points="174,1355 346,1349"/>
        <TextEquiv conf="0.9196890473365784">
          <Unicode>„ 10.</Unicode>
        </TextEquiv>
      </TextLine>
      <TextLine id="eSc_line_50a7bbc5" custom="structure {type:default;}">
        <Coords points="479,1364 479,1389 517,1389 517,1386 519,1386 521,1386 521,1384 523,1384 525,1380 534,1369 561,1373 563,1360 558,1322 475,1311 479,1364"/>
        <Baseline points="479,1364 563,1360"/>
        <TextEquiv conf="1.0">
          <Unicode>„</Unicode>
        </TextEquiv>
      </TextLine>
      <TextLine id="eSc_line_2baaf7d4" custom="structure {type:default;}">
        <Coords points="740,1402 740,1422 996,1422 1000,1422 1049,1433 1051,1433 1400,1419 1451,1419 1464,1419 1546,1431 1548,1431 1551,1431 1553,1431 1566,1419 1568,1419 1575,1419 1657,1431 1659,1431 1718,1419 1721,1419 1734,1431 1736,1431 1738,1431 1741,1433 1877,1433 1877,1431 1880,1431 1882,1431 1897,1419 1911,1431 1913,1431 1915,1431 1917,1431 2026,1417 2039,1417 2052,1417 2132,1428 2134,1428 2578,1415 2580,1395 2576,1369 1358,1360 1356,1360 1354,1360 1352,1360 1338,1371 777,1362 775,1362 773,1362 737,1373 740,1402"/>
        <Baseline points="740,1402 2580,1395"/>
        <TextEquiv conf="0.9996264722102728">
          <Unicode>stolicam. Ughell It. sacr. III. 332, Migne 188 p. 1393. — „Apostolicae sedis“.</Unicode>
        </TextEquiv>
      </TextLine>
      <TextLine id="eSc_line_b59ade79" custom="structure {type:default;}">
        <Coords points="689,1455 689,1475 2664,1472 2664,1450 2660,1424 709,1415 707,1415 704,1415 702,1415 687,1422 689,1455"/>
        <Baseline points="689,1455 2664,1450"/>
        <TextEquiv conf="0.9979025977988576">
          <Unicode>10010 (6847) Ecclesiae S. Simeonis Trevirensis tutelam suscipit, bonaque et privilegia</Unicode>
        </TextEquiv>
      </TextLine>
      <TextLine id="eSc_line_c9ee8f13" custom="structure {type:default;}">
        <Coords points="170,1464 172,1490 216,1477 273,1484 326,1488 329,1488 331,1488 349,1477 349,1459 342,1413 167,1422 170,1464"/>
        <Baseline points="170,1464 349,1459"/>
        <TextEquiv conf="0.9912088632583618">
          <Unicode>„ 11.</Unicode>
        </TextEquiv>
      </TextLine>
      <TextLine id="eSc_line_199336f2" custom="structure {type:default;}">
        <Coords points="486,1468 486,1484 565,1481 565,1468 565,1439 486,1431 486,1468"/>
        <Baseline points="486,1468 565,1468"/>
        <TextEquiv conf="0.9746073484420776">
          <Unicode>„</Unicode>
        </TextEquiv>
      </TextLine>
      <TextLine id="eSc_line_2dc3506a" custom="structure {type:default;}">
        <Coords points="740,1510 740,1530 2019,1530 2019,1510 2019,1481 740,1481 740,1510"/>
        <Baseline points="740,1510 2019,1510"/>
        <TextEquiv conf="0.9977787269486321">
          <Unicode>confirmat. Beyer M. U. I. 634. — „Officii nostri nos“.</Unicode>
        </TextEquiv>
      </TextLine>
      <TextLine id="eSc_line_fa991c01" custom="structure {type:default;}">
        <Coords points="693,1565 693,1590 2660,1585 2662,1561 2657,1534 709,1525 707,1525 704,1525 702,1525 691,1532 693,1565"/>
        <Baseline points="693,1565 2662,1561"/>
        <TextEquiv conf="0.9866374023258686">
          <Unicode>10011 Canonicis S. Simeonis Trevirensibus asserit decimam de Hoinga et theloneum</Unicode>
        </TextEquiv>
      </TextLine>
      <TextLine id="eSc_line_a118c2de" custom="structure {type:default;}">
        <Coords points="176,1574 176,1598 353,1583 353,1567 349,1539 291,1528 289,1528 287,1528 260,1541 256,1543 174,1543 176,1574"/>
        <Baseline points="176,1574 353,1567"/>
        <TextEquiv conf="0.999998927116394">
          <Unicode>„ 11.</Unicode>
        </TextEquiv>
      </TextLine>
      <TextLine id="eSc_line_77a53699" custom="structure {type:default;}">
        <Coords points="475,1581 475,1662 512,1673 514,1673 517,1673 519,1673 563,1658 563,1581 561,1525 475,1528 475,1581"/>
        <Baseline points="475,1581 563,1581"/>
        <TextEquiv conf="0.999881386756897">
          <Unicode>„</Unicode>
        </TextEquiv>
      </TextLine>
      <TextLine id="eSc_line_772ccb53" custom="structure {type:default;}">
        <Coords points="742,1623 742,1645 2660,1638 2662,1616 2655,1585 740,1592 742,1623"/>
        <Baseline points="742,1623 2662,1616"/>
        <TextEquiv conf="0.9935160520530882">
          <Unicode>Confluentiae, exceptis serviciis et bonis quibusdam, ad Baldricum praepositum perti-</Unicode>
        </TextEquiv>
      </TextLine>
      <TextLine id="eSc_line_57f44080" custom="structure {type:default;}">
        <Coords points="742,1676 742,1691 872,1704 874,1704 954,1693 1042,1704 1045,1704 1129,1693 1157,1704 1159,1704 1162,1704 1164,1704 1210,1693 1239,1704 1241,1704 1243,1704 1246,1704 1283,1693 1299,1704 1301,1704 1303,1704 1305,1704 1307,1704 1343,1693 2028,1704 2030,1704 2032,1704 2076,1691 2076,1676 2076,1647 742,1647 742,1676"/>
        <Baseline points="742,1676 2076,1676"/>
        <TextEquiv conf="0.9938115679791996">
          <Unicode>nentibus. Beyer M. U. I. 646. — „Universalis ecclesiae“.</Unicode>
        </TextEquiv>
      </TextLine>
      <TextLine id="eSc_line_3a197e92" custom="structure {type:default;}">
        <Coords points="695,1729 695,1753 2660,1749 2662,1724 2657,1698 735,1689 733,1689 731,1689 693,1700 695,1729"/>
        <Baseline points="695,1729 2662,1724"/>
        <TextEquiv conf="0.9974953881124171">
          <Unicode>10012 (6848) Compositionem inter Baldericum, praepositum S. Simeonis, et canonicos</Unicode>
        </TextEquiv>
      </TextLine>
      <TextLine id="eSc_line_02e1e8bd" custom="structure {type:default;}">
        <Coords points="176,1740 176,1786 227,1786 229,1786 231,1786 231,1784 236,1782 249,1771 273,1777 307,1784 309,1784 311,1784 353,1766 353,1735 349,1689 298,1678 296,1678 293,1678 265,1691 243,1702 174,1698 176,1740"/>
        <Baseline points="176,1740 353,1735"/>
        <TextEquiv conf="0.9876346349716186">
          <Unicode>„ 14.</Unicode>
        </TextEquiv>
      </TextLine>
      <TextLine id="eSc_line_c17ce1f2" custom="structure {type:default;}">
        <Coords points="558,1709 514,1711 481,1696 483,1746 486,1784 565,1749 565,1742 558,1709"/>
        <Baseline points="483,1746 565,1742"/>
        <TextEquiv conf="1.0">
          <Unicode>„</Unicode>
        </TextEquiv>
      </TextLine>
      <TextLine id="eSc_line_18bbe253" custom="structure {type:default;}">
        <Coords points="748,1784 748,1810 2660,1806 2662,1777 2655,1751 746,1751 748,1784"/>
        <Baseline points="748,1784 2662,1777"/>
        <TextEquiv conf="0.9915104522424586">
          <Unicode>Trevirenses factam a S. (Gregorio) episcopo Sabinensi, et Ariberto tit. S. Anastasiae</Unicode>
        </TextEquiv>
      </TextLine>
      <TextLine id="eSc_line_cec87be6" custom="structure {type:default;}">
        <Coords points="744,1839 744,1861 2664,1861 2664,1839 2664,1810 744,1810 744,1839"/>
        <Baseline points="744,1839 2664,1839"/>
        <TextEquiv conf="0.9975639199033196">
          <Unicode>et Hubaldo tit. S. Crucis presbyteris, et O(ddone) S. Nicolai in carcere Tulliano</Unicode>
        </TextEquiv>
      </TextLine>
      <TextLine id="eSc_line_49573e00" custom="structure {type:default;}">
        <Coords points="742,1896 742,1916 2507,1912 2509,1892 2505,1866 762,1857 760,1857 757,1857 755,1857 740,1863 742,1896"/>
        <Baseline points="742,1896 2509,1892"/>
        <TextEquiv conf="0.9940957864125569">
          <Unicode>diacono, cardinalibus, confirmat. Beyer M. U. I. 644. — „Quotiens perlate“.</Unicode>
        </TextEquiv>
      </TextLine>
      <TextLine id="eSc_line_2495cfdd" custom="structure {type:default;}">
        <Coords points="693,1949 693,1974 2666,1974 2666,1949 2666,1921 693,1921 693,1949"/>
        <Baseline points="693,1949 2666,1949"/>
        <TextEquiv conf="0.9999416485065367">
          <Unicode>10013 (6849) Ecclesiam S. Mariae de Portu Ravennatem tuendam suscipit et eius bona</Unicode>
        </TextEquiv>
      </TextLine>
      <TextLine id="eSc_line_ff7107b0" custom="structure {type:default;}">
        <Coords points="176,1961 178,1987 223,1974 355,1974 357,1952 353,1916 172,1914 176,1961"/>
        <Baseline points="176,1961 357,1952"/>
        <TextEquiv conf="0.9999986171722413">
          <Unicode>„ 14.</Unicode>
        </TextEquiv>
      </TextLine>
      <TextLine id="eSc_line_f3486e67" custom="structure {type:default;}">
        <Coords points="483,1969 483,1978 521,1987 523,1987 525,1987 570,1972 570,1965 565,1941 481,1941 483,1969"/>
        <Baseline points="483,1969 570,1965"/>
        <TextEquiv conf="0.9999959468841553">
          <Unicode>„„</Unicode>
        </TextEquiv>
      </TextLine>
      <TextLine id="eSc_line_336c7697" custom="structure {type:default;}">
        <Coords points="746,2007 746,2031 2664,2025 2666,2000 2660,1972 744,1976 746,2007"/>
        <Baseline points="746,2007 2666,2000"/>
        <TextEquiv conf="0.9899489815746035">
          <Unicode>ac privilegia, petente Manfredo priore, confirmat. Fantuzzi Mon. Rav. II. 131, Migne</Unicode>
        </TextEquiv>
      </TextLine>
      <TextLine id="eSc_line_fe868020" custom="structure {type:default;}">
        <Coords points="748,2062 748,2080 1599,2075 1601,2058 1595,2029 746,2031 748,2062"/>
        <Baseline points="748,2062 1601,2058"/>
        <TextEquiv conf="0.9999923778302742">
          <Unicode>188 p. 1393. — „Commissae nobis“.</Unicode>
        </TextEquiv>
      </TextLine>
      <TextLine id="eSc_line_04fc6c6f" custom="structure {type:default;}">
        <Coords points="698,2115 698,2139 2662,2137 2664,2108 2660,2080 718,2073 715,2073 713,2073 711,2073 695,2080 698,2115"/>
        <Baseline points="698,2115 2664,2108"/>
        <TextEquiv conf="0.9929037101297493">
          <Unicode>10014 (6850) Parthenonis S. Mariae in Horreo (Trevirensis) disciplinam Benedictinam</Unicode>
        </TextEquiv>
      </TextLine>
      <TextLine id="eSc_line_6c005961" custom="structure {type:default;}">
        <Coords points="178,2126 178,2166 229,2166 231,2166 234,2166 234,2164 236,2164 238,2159 251,2144 278,2153 287,2155 289,2155 291,2155 353,2139 355,2120 353,2091 322,2073 320,2073 318,2073 176,2093 178,2126"/>
        <Baseline points="178,2126 355,2120"/>
        <TextEquiv conf="0.9982806205749511">
          <Unicode>„ 14.</Unicode>
        </TextEquiv>
      </TextLine>
      <TextLine id="eSc_line_9f0964e6" custom="structure {type:default;}">
        <Coords points="483,2133 483,2146 534,2166 536,2166 539,2166 541,2166 572,2155 572,2133 570,2097 483,2104 483,2133"/>
        <Baseline points="483,2133 572,2133"/>
        <TextEquiv conf="1.0">
          <Unicode>„</Unicode>
        </TextEquiv>
      </TextLine>
      <TextLine id="eSc_line_ccee016a" custom="structure {type:default;}">
        <Coords points="744,2170 744,2192 2664,2186 2666,2164 2660,2135 742,2139 744,2170"/>
        <Baseline points="744,2170 2666,2164"/>
        <TextEquiv conf="0.999076960178522">
          <Unicode>confirmat. Martene et Dur. Vet. SS. I. 833, Hontheim Hist. Trev. I. 574, Migne</Unicode>
        </TextEquiv>
      </TextLine>
      <TextLine id="eSc_line_2a35f82b" custom="structure {type:default;}">
        <Coords points="748,2226 748,2243 1022,2254 1025,2254 1131,2243 1159,2254 1162,2254 1164,2254 1365,2252 1367,2252 1369,2252 1369,2250 1378,2243 1389,2252 1391,2252 1394,2252 1396,2254 1491,2254 1491,2252 1493,2252 1495,2252 1495,2250 1506,2241 1537,2252 1539,2252 1542,2252 1544,2252 1586,2239 1586,2221 1581,2195 768,2186 766,2186 764,2186 762,2186 746,2192 748,2226"/>
        <Baseline points="748,2226 1586,2221"/>
        <TextEquiv conf="0.9991553390727324">
          <Unicode>188 p. 1395. — „Quotiens illud a“.</Unicode>
        </TextEquiv>
      </TextLine>
      <TextLine id="eSc_line_038da793" custom="structure {type:default;}">
        <Coords points="698,2281 698,2303 2666,2298 2668,2276 2664,2248 695,2241 698,2281"/>
        <Baseline points="698,2281 2668,2276"/>
        <TextEquiv conf="0.9967040103602122">
          <Unicode>10015 (6851) Congregationis Camaldulensis tutelam suscipit, petente Rodulfo priore.</Unicode>
        </TextEquiv>
      </TextLine>
      <TextLine id="eSc_line_894f3776" custom="structure {type:default;}">
        <Coords points="181,2287 183,2312 223,2301 353,2305 355,2287 355,2252 181,2243 181,2287"/>
        <Baseline points="181,2287 355,2287"/>
        <TextEquiv conf="0.9986552953720093">
          <Unicode>„ 14.</Unicode>
        </TextEquiv>
      </TextLine>
      <TextLine id="eSc_line_17b9bd9f" custom="structure {type:default;}">
        <Coords points="490,2294 488,2305 525,2323 528,2323 530,2323 532,2323 565,2309 567,2298 567,2263 490,2259 490,2294"/>
        <Baseline points="490,2294 567,2298"/>
        <TextEquiv conf="1.0">
          <Unicode>„</Unicode>
        </TextEquiv>
      </TextLine>
      <TextLine id="eSc_line_c9cd5331" custom="structure {type:default;}">
        <Coords points="751,2336 751,2356 2472,2351 2474,2332 2470,2298 748,2298 751,2336"/>
        <Baseline points="751,2336 2474,2332"/>
        <TextEquiv conf="0.9992590079436431">
          <Unicode>Mittarelli Ann. Cam. III. app. 475, Migne 188 p. 1396. — „Officii nostri“.</Unicode>
        </TextEquiv>
      </TextLine>
      <TextLine id="eSc_line_3616d11c" custom="structure {type:default;}">
        <Coords points="698,2389 698,2413 2666,2407 2668,2382 2662,2356 695,2360 698,2389"/>
        <Baseline points="698,2389 2668,2382"/>
        <TextEquiv conf="0.9958242982266897">
          <Unicode>10016 Monasterii Formoselensis tutelam suscipit, possessionesque ac privilegia con-</Unicode>
        </TextEquiv>
      </TextLine>
      <TextLine id="eSc_line_538e8c32" custom="structure {type:default;}">
        <Coords points="181,2398 181,2415 267,2404 271,2409 282,2418 282,2420 285,2420 287,2420 289,2422 340,2422 340,2420 342,2420 344,2420 344,2418 360,2400 360,2393 353,2360 178,2360 181,2398"/>
        <Baseline points="181,2398 360,2393"/>
        <TextEquiv conf="0.9579102247953415">
          <Unicode>„14.</Unicode>
        </TextEquiv>
      </TextLine>
      <TextLine id="eSc_line_4530e56f" custom="structure {type:default;}">
        <Coords points="486,2473 545,2460 576,2475 581,2404 576,2354 543,2365 490,2332 486,2404 486,2473"/>
        <Baseline points="486,2404 581,2404"/>
        <TextEquiv conf="0.9999203681945801">
          <Unicode>„</Unicode>
        </TextEquiv>
      </TextLine>
      <TextLine id="eSc_line_5d6f28f8" custom="structure {type:default;}">
        <Coords points="748,2444 748,2468 2668,2468 2668,2444 2668,2415 748,2411 748,2444"/>
        <Baseline points="748,2444 2668,2444"/>
        <TextEquiv conf="0.9997082563435159">
          <Unicode>firmat, petente Isaac abbate. Chronicon Vormeselense p. 28. — „Iustis religiosorum</Unicode>
        </TextEquiv>
      </TextLine>
      <TextLine id="eSc_line_2b919098" custom="structure {type:default;}">
        <Coords points="748,2497 748,2515 830,2528 832,2528 1000,2510 1003,2493 996,2464 746,2466 748,2497"/>
        <Baseline points="748,2497 1003,2493"/>
        <TextEquiv conf="0.9999809116125107">
          <Unicode>desideriis“.</Unicode>
        </TextEquiv>
      </TextLine>
      <TextLine id="eSc_line_4ebf46ab" custom="structure {type:default;}">
        <Coords points="700,2548 698,2570 2664,2574 2668,2552 2666,2515 700,2513 700,2548"/>
        <Baseline points="700,2548 2668,2552"/>
        <TextEquiv conf="0.9968266882092119">
          <Unicode>10017 (6852) Monachis S. Silvestri de Monte-suavi praecipit, ut priori Camaldulensi</Unicode>
        </TextEquiv>
      </TextLine>
      <TextLine id="eSc_line_f38c1626" custom="structure {type:default;}">
        <Coords points="181,2561 181,2603 227,2603 227,2601 229,2601 231,2601 231,2599 251,2581 362,2592 364,2561 364,2532 331,2519 329,2519 326,2519 181,2530 181,2561"/>
        <Baseline points="181,2561 364,2561"/>
        <TextEquiv conf="0.9999964952468872">
          <Unicode>„ 15.</Unicode>
        </TextEquiv>
      </TextLine>
      <TextLine id="eSc_line_82087870" custom="structure {type:default;}">
        <Coords points="494,2577 501,2583 501,2585 503,2585 505,2585 508,2585 576,2572 576,2566 574,2495 525,2502 497,2486 494,2566 494,2577"/>
        <Baseline points="494,2566 576,2566"/>
        <TextEquiv conf="0.9999982118606567">
          <Unicode>„</Unicode>
        </TextEquiv>
      </TextLine>
      <TextLine id="eSc_line_d1b1ca05" custom="structure {type:default;}">
        <Coords points="751,2608 751,2632 2668,2632 2668,2608 2668,2579 751,2579 751,2608"/>
        <Baseline points="751,2608 2668,2608"/>
        <TextEquiv conf="0.9939273873513396">
          <Unicode>obediant. Mittarelli Ann. Cam. III. app. 494, Migne 188 p. 1398. — „Predecessor noster“.</Unicode>
        </TextEquiv>
      </TextLine>
      <TextLine id="eSc_line_52a2ec83" custom="structure {type:default;}">
        <Coords points="702,2665 702,2687 2666,2685 2668,2661 2664,2632 718,2623 715,2623 713,2623 711,2623 700,2630 702,2665"/>
        <Baseline points="702,2665 2668,2661"/>
        <TextEquiv conf="0.9994220333763316">
          <Unicode>10018 Domus hospitalis de Serra patrocinium suscipit. Wiener Sitzungsber. XCIV.</Unicode>
        </TextEquiv>
      </TextLine>
      <TextLine id="eSc_line_bbfcbfd6" custom="structure {type:default;}">
        <Coords points="185,2672 185,2689 362,2683 362,2665 357,2634 183,2632 185,2672"/>
        <Baseline points="185,2672 362,2665"/>
        <TextEquiv conf="0.9999864816665649">
          <Unicode>„ 16.</Unicode>
        </TextEquiv>
      </TextLine>
      <TextLine id="eSc_line_3aaaa1c6" custom="structure {type:default;}">
        <Coords points="497,2672 494,2680 514,2696 517,2696 519,2696 521,2696 523,2696 565,2683 567,2678 567,2650 499,2636 497,2672"/>
        <Baseline points="497,2672 567,2678"/>
        <TextEquiv conf="1.0">
          <Unicode>„</Unicode>
        </TextEquiv>
      </TextLine>
      <TextLine id="eSc_line_5a9e5555" custom="structure {type:default;}">
        <Coords points="751,2718 751,2736 1095,2749 1098,2749 1184,2747 1186,2747 1188,2747 1188,2744 1199,2733 1228,2747 1230,2747 1232,2749 1409,2749 1409,2747 1411,2747 1460,2731 1460,2714 1453,2685 748,2687 751,2718"/>
        <Baseline points="751,2718 1460,2714"/>
        <TextEquiv conf="0.9980659580999806">
          <Unicode>666. — „Religiosis desideriis“.</Unicode>
        </TextEquiv>
      </TextLine>
      <TextLine id="eSc_line_dc9783f2" custom="structure {type:default;}">
        <Coords points="702,2773 702,2795 2666,2791 2668,2769 2664,2740 700,2740 702,2773"/>
        <Baseline points="702,2773 2668,2769"/>
        <TextEquiv conf="0.9994420051574707">
          <Unicode>10019 Ecclesiae S. Leonardi de Lacu, rogatu Rodulfi prioris, tutelam suscipit ac pos-</Unicode>
        </TextEquiv>
      </TextLine>
      <TextLine id="eSc_line_7a2a40ba" custom="structure {type:default;}">
        <Coords points="185,2780 185,2797 262,2789 269,2793 282,2804 285,2804 287,2804 289,2804 342,2802 344,2802 346,2802 346,2800 362,2782 362,2773 360,2744 322,2733 320,2733 318,2733 183,2749 185,2780"/>
        <Baseline points="185,2780 362,2773"/>
        <TextEquiv conf="0.9999815464019776">
          <Unicode>„ 16.</Unicode>
        </TextEquiv>
      </TextLine>
      <TextLine id="eSc_line_803380e6" custom="structure {type:default;}">
        <Coords points="492,2786 492,2797 572,2811 574,2786 574,2753 521,2738 519,2738 517,2738 514,2738 512,2738 492,2751 492,2786"/>
        <Baseline points="492,2786 574,2786"/>
        <TextEquiv conf="0.9989350438117981">
          <Unicode>„</Unicode>
        </TextEquiv>
      </TextLine>
      <TextLine id="eSc_line_0349ad96" custom="structure {type:default;}">
        <Coords points="751,2824 748,2844 2664,2848 2668,2828 2666,2800 751,2795 751,2824"/>
        <Baseline points="751,2824 2668,2828"/>
        <TextEquiv conf="0.9993112403226186">
          <Unicode>sessiones confirmat. Qui orationis causa ad S. Leonardnm accedant, eos laedi vetat.</Unicode>
        </TextEquiv>
      </TextLine>
      <TextLine id="eSc_line_865b65a2" custom="structure {type:default;}">
        <Coords points="751,2884 751,2906 2666,2901 2668,2879 2662,2853 748,2853 751,2884"/>
        <Baseline points="751,2884 2668,2879"/>
        <TextEquiv conf="0.9997005070510664">
          <Unicode>Fratribus pensionem duorum solidorum Lucensium quotannis Lateranensi palatio</Unicode>
        </TextEquiv>
      </TextLine>
      <TextLine id="eSc_line_fa92a204" custom="structure {type:default;}">
        <Coords points="751,2939 751,2961 2664,2954 2666,2932 2660,2906 748,2906 751,2939"/>
        <Baseline points="751,2939 2666,2932"/>
        <TextEquiv conf="0.9925095095353968">
          <Unicode>solvendam iniungit. Autogr. in bibl. regia Berolin. — „Effectum iusta postulantibus“.</Unicode>
        </TextEquiv>
      </TextLine>
      <TextLine id="eSc_line_2cf1838c" custom="structure {type:default;}">
        <Coords points="704,2987 702,3009 2664,3014 2668,2992 2666,2961 704,2956 704,2987"/>
        <Baseline points="704,2987 2668,2992"/>
        <TextEquiv conf="0.9997515217179344">
          <Unicode>10020 (6853) Ecclesiae S. Mariae de Reno ecclesiam S. Potentianae (tit. Pastoris Ro-</Unicode>
        </TextEquiv>
      </TextLine>
      <TextLine id="eSc_line_ec0eaaaf" custom="structure {type:default;}">
        <Coords points="187,3001 190,3027 245,3007 273,3018 285,3023 287,3023 289,3023 362,3007 364,2994 360,2959 282,2950 280,2950 278,2950 276,2950 276,2952 260,2965 256,2972 185,2972 187,3001"/>
        <Baseline points="187,3001 364,2994"/>
        <TextEquiv conf="0.9999996662139893">
          <Unicode>„ 17.</Unicode>
        </TextEquiv>
      </TextLine>
      <TextLine id="eSc_line_1a4eca7a" custom="structure {type:default;}">
        <Coords points="492,3003 490,3023 572,3027 576,3007 574,2979 492,2974 492,3003"/>
        <Baseline points="492,3003 576,3007"/>
        <TextEquiv conf="0.99974125623703">
          <Unicode>„)</Unicode>
        </TextEquiv>
      </TextLine>
      <TextLine id="eSc_line_a228414e" custom="structure {type:default;}">
        <Coords points="753,3047 753,3071 2668,3071 2668,3047 2666,3014 753,3016 753,3047"/>
        <Baseline points="753,3047 2668,3047"/>
        <TextEquiv conf="0.9853488591652882">
          <Unicode>manam) regendam tradit, petente Guidone presbytero cardinali. Trombelli Mem. di</Unicode>
        </TextEquiv>
      </TextLine>
      <TextLine id="eSc_line_b9d3dfe4" custom="structure {type:default;}">
        <Coords points="753,3102 753,3124 2560,3124 2560,3102 2560,3074 753,3071 753,3102"/>
        <Baseline points="753,3102 2560,3102"/>
        <TextEquiv conf="0.9946596989892933">
          <Unicode>Reno p. 404, Bull. Lat. p. 40, Migne 188 p. 1399. — „Decor domus domini“.</Unicode>
        </TextEquiv>
      </TextLine>
      <TextLine id="eSc_line_01b39824" custom="structure {type:default;}">
        <Coords points="707,3151 707,3182 2668,3182 2671,3155 2671,3124 707,3120 707,3151"/>
        <Baseline points="707,3151 2671,3155"/>
        <TextEquiv conf="0.9938690059241795">
          <Unicode>10021 (6854) (Wibaldum), abbatem Stabulensem, rogat, ut Friderico regi Berardingense</Unicode>
        </TextEquiv>
      </TextLine>
      <TextLine id="eSc_line_a5dc0b7d" custom="structure {type:default;}">
        <Coords points="190,3162 190,3182 269,3173 362,3186 366,3157 364,3129 329,3115 326,3115 324,3115 322,3115 278,3127 258,3131 187,3127 190,3162"/>
        <Baseline points="190,3162 366,3157"/>
        <TextEquiv conf="0.9930753827095031">
          <Unicode>„ 19.</Unicode>
        </TextEquiv>
      </TextLine>
      <TextLine id="eSc_line_e5c0b0f7" custom="structure {type:default;}">
        <Coords points="492,3166 490,3191 530,3206 532,3206 534,3206 536,3206 570,3193 572,3168 570,3087 492,3104 492,3166"/>
        <Baseline points="492,3166 572,3168"/>
        <TextEquiv conf="1.0">
          <Unicode>„</Unicode>
        </TextEquiv>
      </TextLine>
      <TextLine id="eSc_line_775e9d56" custom="structure {type:default;}">
        <Coords points="755,3213 755,3235 2666,3230 2668,3206 2662,3180 753,3184 755,3213"/>
        <Baseline points="755,3213 2668,3206"/>
        <TextEquiv conf="0.9962735560875905">
          <Unicode>et Rotense monasteria, in episcopatu Aretino sita, commendet, ne detrimento per</Unicode>
        </TextEquiv>
      </TextLine>
      <TextLine id="eSc_line_e94f8c32" custom="structure {type:default;}">
        <Coords points="755,3266 755,3288 2664,3286 2666,3261 2660,3233 753,3235 755,3266"/>
        <Baseline points="755,3266 2666,3261"/>
        <TextEquiv conf="0.9949836107187493">
          <Unicode>exercitum afficiantur. Jaffé Bibl. I. 572, Martene Coll. II. 589, Mittarelli Ann. Cam.</Unicode>
        </TextEquiv>
      </TextLine>
      <TextLine id="eSc_line_f3851e78" custom="structure {type:default;}">
        <Coords points="757,3321 757,3341 1126,3352 1129,3352 1131,3352 1153,3341 1155,3341 1159,3341 1243,3352 1246,3352 1405,3341 1407,3341 1447,3352 1449,3352 1451,3352 1453,3352 1455,3352 1473,3341 1562,3350 1564,3350 1612,3339 1621,3339 1679,3339 2048,3350 2050,3350 2052,3350 2054,3350 2068,3341 2079,3350 2081,3350 2083,3350 2085,3352 2324,3352 2324,3350 2386,3336 2388,3316 2381,3283 755,3290 757,3321"/>
        <Baseline points="757,3321 2388,3316"/>
        <TextEquiv conf="0.9990307154940136">
          <Unicode>III. app. p. 478, Migne 188 p. 1400. — „Licet omnium aecclesiarum“.</Unicode>
        </TextEquiv>
      </TextLine>
      <TextLine id="eSc_line_9378ef48" custom="structure {type:default;}">
        <Coords points="707,3369 704,3392 2666,3396 2671,3374 2668,3345 707,3336 707,3369"/>
        <Baseline points="707,3369 2671,3374"/>
        <TextEquiv conf="0.9974195497581758">
          <Unicode>10022 Canonicos S. Simeonis Trevirensis hortatur, ut (Baldrico) praepesito, contro-</Unicode>
        </TextEquiv>
      </TextLine>
      <TextLine id="eSc_line_8e7cac20" custom="structure {type:default;}">
        <Coords points="413,3431 517,3418 534,3433 534,3436 536,3436 539,3436 541,3436 543,3436 545,3436 556,3427 567,3436 576,3385 576,3332 539,3314 536,3314 534,3314 532,3314 501,3323 472,3330 417,3310 415,3380 413,3431"/>
        <Baseline points="415,3380 576,3385"/>
        <TextEquiv conf="1.0">
          <Unicode>„</Unicode>
        </TextEquiv>
      </TextLine>
      <TextLine id="eSc_line_3c1e831c" custom="structure {type:default;}">
        <Coords points="190,3383 192,3469 289,3436 340,3482 344,3486 344,3489 346,3489 349,3489 351,3489 388,3486 388,3378 384,3350 187,3350 190,3383"/>
        <Baseline points="190,3383 388,3378"/>
        <TextEquiv conf="0.9908096790313721">
          <Unicode>„</Unicode>
        </TextEquiv>
      </TextLine>
      <TextLine id="eSc_line_dc688896" custom="structure {type:default;}">
        <Coords points="760,3427 757,3449 2662,3453 2666,3431 2664,3398 760,3396 760,3427"/>
        <Baseline points="760,3427 2666,3431"/>
        <TextEquiv conf="0.9954584744069483">
          <Unicode>versia terminata (v. supra 10012), debitam obedientiam exhibeant. Beyer M. U.</Unicode>
        </TextEquiv>
      </TextLine>
      <TextLine id="eSc_line_9db5aa24" custom="structure {type:default;}">
        <Coords points="760,3482 757,3511 806,3511 808,3511 828,3528 830,3528 832,3528 835,3528 910,3511 916,3511 919,3511 941,3526 943,3526 945,3526 947,3526 1049,3517 1168,3531 1170,3533 1221,3533 1221,3531 1224,3531 1226,3531 1248,3513 1577,3513 1579,3486 1577,3453 760,3449 760,3482"/>
        <Baseline points="760,3482 1579,3486"/>
        <TextEquiv conf="0.9985384515353611">
          <Unicode>I. 645. — „Proposita in audientia“.</Unicode>
        </TextEquiv>
      </TextLine>
      <TextLine id="eSc_line_e14c75da" custom="structure {type:default;}">
        <Coords points="2308,3546 2308,3570 2357,3579 2359,3579 2361,3579 2392,3564 2392,3539 2386,3495 2304,3500 2308,3546"/>
        <Baseline points="2308,3546 2392,3539"/>
        <TextEquiv conf="1.0">
          <Unicode>14*</Unicode>
        </TextEquiv>
      </TextLine>
    </TextRegion>
    <TextRegion id="eSc_textblock_f871c668"  custom="structure {type:default;}">
      <Coords points="938,132 1816,132 1842,218 919,236 901,176 938,132"/>
      <TextLine id="eSc_line_78442e3b" custom="structure {type:default;}">
        <Coords points="927,200 927,225 950,240 952,240 954,240 956,242 1274,242 1274,240 1277,240 1279,240 1279,238 1299,220 1299,218 1301,220 1327,234 1330,234 1332,234 1334,234 1367,220 1380,216 1458,216 1464,220 1473,229 1475,229 1478,229 1480,229 1531,220 1562,216 1570,220 1581,229 1584,229 1586,229 1588,229 1590,229 1592,229 1601,220 1608,216 1654,216 1661,220 1670,229 1670,231 1672,231 1674,231 1676,231 1813,220 1816,196 1811,159 1716,141 1714,141 1617,156 1592,139 1590,139 1588,139 1522,139 1520,139 1517,139 1515,139 1515,141 1500,156 1460,156 1115,141 1113,141 1111,141 1109,141 1109,143 1098,154 925,156 927,200"/>
        <Baseline points="927,200 1816,196"/>
        <TextEquiv conf="0.9995370358228683">
          <Unicode>HADRIANUS IV. 1154—1159.</Unicode>
        </TextEquiv>
      </TextLine>
    </TextRegion>
    <TextRegion id="eSc_textblock_c7656a71"  custom="structure {type:default;}">
      <Coords points="2518,141 2680,150 2697,209 2644,245 2514,245 2518,141"/>
      <TextLine id="eSc_line_177b033e" custom="structure {type:default;}">
        <Coords points="2516,178 2518,205 2518,225 2554,240 2556,240 2558,240 2624,236 2626,236 2629,236 2629,234 2631,234 2638,223 2638,198 2631,152 2523,161 2516,178"/>
        <Baseline points="2518,205 2638,198"/>
        <TextEquiv conf="0.9999999602635702">
          <Unicode>107</Unicode>
        </TextEquiv>
      </TextLine>
    </TextRegion>
  </Page>
</PcGts>
