<?xml version="1.0" encoding="UTF-8"  standalone="yes"?>
<PcGts xmlns="http://schema.primaresearch.org/PAGE/gts/pagecontent/2019-07-15" xmlns:xsi="http://www.w3.org/2001/XMLSchema-instance" xsi:schemaLocation="http://schema.primaresearch.org/PAGE/gts/pagecontent/2019-07-15 http://schema.primaresearch.org/PAGE/gts/pagecontent/2019-07-15/pagecontent.xsd">
  <Metadata externalRef="pdf//regestapontificu02cath.pdf">
	<Creator>escriptorium</Creator>
	<Created>2026-01-31T10:21:56.421930+00:00</Created>
        <LastChange>2026-02-01T13:56:53.722061+00:00</LastChange>
  </Metadata>
  <Page imageFilename="regestapontificu02cath.pdf_page_53.png" imageWidth="3007" imageHeight="3975">
    <TextRegion id="eSc_textblock_4d68926d"  custom="structure {type:default;}">
      <Coords points="2651,318 2697,326 2662,3575 2443,3575 2344,3610 1005,3592 961,3566 795,3566 704,3601 132,3601 97,3230 114,2296 88,2223 114,371 150,344 342,344 377,441 397,335 2651,318"/>
      <TextLine id="eSc_line_4b3342a2" custom="structure {type:default;}">
        <Coords points="656,386 656,408 1115,417 1117,417 1120,417 1122,417 1131,410 1142,406 1314,406 1400,410 1500,417 1502,417 1504,417 1506,417 1515,410 1526,406 1727,412 1849,415 1851,415 1875,412 1931,404 1944,412 1946,415 1948,415 1950,415 1953,417 2094,417 2094,415 2112,412 2176,401 2202,412 2204,412 2207,415 2573,415 2576,377 2569,344 1911,346 1853,340 1763,331 1760,331 1758,331 1727,340 1705,346 1643,340 1615,337 1612,337 1610,337 1608,337 1606,340 1592,351 1504,351 1482,340 1473,335 1471,335 1469,335 1467,335 1449,340 1409,351 1254,351 1177,337 1135,333 1133,333 1102,337 1031,351 941,337 921,335 919,335 653,335 656,386"/>
        <Baseline points="656,386 2576,377"/>
        <TextEquiv conf="0.9952213549881839">
          <Unicode>1147. (Ind. 10. — 25. Sept. — 11, pont. a. 2. — 18. Febr. — 3, 1146. — 25. Mart. — 1147.)</Unicode>
        </TextEquiv>
      </TextLine>
      <TextLine id="eSc_line_9d6619a0" custom="structure {type:default;}">
        <Coords points="134,448 134,490 353,490 353,441 351,390 309,373 307,373 304,373 302,373 300,373 285,384 269,395 216,395 130,373 134,448"/>
        <Baseline points="134,448 353,441"/>
        <TextEquiv conf="0.9955102056264877">
          <Unicode>Apr. 21.</Unicode>
        </TextEquiv>
      </TextLine>
      <TextLine id="eSc_line_eb24e1e1" custom="structure {type:default;}">
        <Coords points="408,448 408,488 433,488 435,488 463,512 466,512 468,512 470,512 600,496 600,448 600,412 408,401 408,448"/>
        <Baseline points="408,448 600,448"/>
        <TextEquiv conf="0.9482237100601196">
          <Unicode>Parisis</Unicode>
        </TextEquiv>
      </TextLine>
      <TextLine id="eSc_line_e0bbc5ba" custom="structure {type:default;}">
        <Coords points="687,448 687,472 2655,483 2657,448 2657,419 687,419 687,448"/>
        <Baseline points="687,448 2657,448"/>
        <TextEquiv conf="0.9977100224330507">
          <Unicode>9024 (6299) G(regorio), episcopo Lucensi, praecipit, ut fratres S. Frigdiani intra dies</Unicode>
        </TextEquiv>
      </TextLine>
      <TextLine id="eSc_line_ba276494" custom="structure {type:default;}">
        <Coords points="742,501 740,530 2653,534 2657,505 2655,470 742,465 742,501"/>
        <Baseline points="742,501 2657,505"/>
        <TextEquiv conf="0.9951335468462535">
          <Unicode>20 in S. Pantaleonis ecclesiae possessionem mittat. Baluzii Misc. IV. 593, Migne 180</Unicode>
        </TextEquiv>
      </TextLine>
      <TextLine id="eSc_line_f17ecaa1" custom="structure {type:default;}">
        <Coords points="740,563 740,580 1029,578 1042,578 1111,589 1113,589 1347,576 1374,576 1376,576 1389,587 1391,587 1394,587 1396,589 1566,589 1566,587 1568,587 1615,574 1615,558 1610,530 1224,516 1221,516 1219,516 1173,530 1135,518 1133,518 1131,518 936,530 925,521 925,518 923,518 921,518 819,518 817,518 737,532 740,563"/>
        <Baseline points="740,563 1615,558"/>
        <TextEquiv conf="0.9998073663030352">
          <Unicode>p. 1205. — „Momoriter te credimus“.</Unicode>
        </TextEquiv>
      </TextLine>
      <TextLine id="eSc_line_8699c2f5" custom="structure {type:default;}">
        <Coords points="170,616 170,662 205,664 207,664 209,664 212,664 220,658 231,649 258,653 304,660 307,660 309,660 344,642 344,609 342,574 285,558 282,558 280,558 278,558 234,578 231,580 167,580 170,616"/>
        <Baseline points="170,616 344,609"/>
        <TextEquiv conf="0.9999557971954346">
          <Unicode>„ 25.</Unicode>
        </TextEquiv>
      </TextLine>
      <TextLine id="eSc_line_0f9f8cac" custom="structure {type:default;}">
        <Coords points="479,622 481,680 561,658 561,620 558,565 525,554 523,554 521,554 519,554 477,571 479,622"/>
        <Baseline points="479,622 561,620"/>
        <TextEquiv conf="1.0">
          <Unicode>„</Unicode>
        </TextEquiv>
      </TextLine>
      <TextLine id="eSc_line_fa61bbc5" custom="structure {type:default;}">
        <Coords points="689,616 689,640 2655,633 2657,609 2651,580 687,585 689,616"/>
        <Baseline points="689,616 2657,609"/>
        <TextEquiv conf="0.9851070057068553">
          <Unicode>„in letania maiore sollemni processione recipitur apud. S. Genovefam, praesente rege</Unicode>
        </TextEquiv>
      </TextLine>
      <TextLine id="eSc_line_e72d6608" custom="structure {type:default;}">
        <Coords points="742,666 740,686 868,700 870,700 1429,693 1670,691 1681,695 1696,702 1699,702 1701,704 2649,704 2651,671 2649,640 742,636 742,666"/>
        <Baseline points="742,666 2651,671"/>
        <TextEquiv conf="0.9999051576928247">
          <Unicode>Francorum“. Radufi de Diceto Abbrev. chronic. ap. Twysden H. A. Scr. I. p. 508,</Unicode>
        </TextEquiv>
      </TextLine>
      <TextLine id="eSc_line_7f80a275" custom="structure {type:default;}">
        <Coords points="740,719 737,739 1164,744 1168,724 1166,689 740,686 740,719"/>
        <Baseline points="740,719 1168,724"/>
        <TextEquiv conf="0.9998779396216074">
          <Unicode>cd. Stubbs I. 256.</Unicode>
        </TextEquiv>
      </TextLine>
      <TextLine id="eSc_line_e8280f9d" custom="structure {type:default;}">
        <Coords points="167,777 167,821 355,797 357,772 349,724 322,730 300,726 260,715 258,715 256,715 254,715 223,728 214,733 165,733 167,777"/>
        <Baseline points="167,777 357,772"/>
        <TextEquiv conf="0.9999998807907104">
          <Unicode>„ 25.</Unicode>
        </TextEquiv>
      </TextLine>
      <TextLine id="eSc_line_2a95d835" custom="structure {type:default;}">
        <Coords points="450,781 448,839 561,832 563,783 561,724 450,737 450,781"/>
        <Baseline points="450,781 563,783"/>
        <TextEquiv conf="1.0">
          <Unicode>„</Unicode>
        </TextEquiv>
      </TextLine>
      <TextLine id="eSc_line_ab05707a" custom="structure {type:default;}">
        <Coords points="687,777 687,803 2662,803 2662,777 2662,750 687,746 687,777"/>
        <Baseline points="687,777 2662,777"/>
        <TextEquiv conf="0.9998732735944349">
          <Unicode>9025 Monasterii Loci-regii protectionem suscipit, possessionesque ac decumarum immuni-</Unicode>
        </TextEquiv>
      </TextLine>
      <TextLine id="eSc_line_5b36cbc5" custom="structure {type:default;}">
        <Coords points="742,834 742,856 950,870 952,870 1219,859 1360,870 1363,870 2653,856 2653,834 2653,806 742,806 742,834"/>
        <Baseline points="742,834 2653,834"/>
        <TextEquiv conf="0.9972078358425813">
          <Unicode>tatem confirmat, petente Blihardo abbate. Autogr. in tab. nat. Paris. L. 228. n. 2. —</Unicode>
        </TextEquiv>
      </TextLine>
      <TextLine id="eSc_line_215d4f8e" custom="structure {type:default;}">
        <Coords points="740,889 740,912 916,920 919,920 1011,909 1029,907 1031,909 1040,916 1040,918 1042,918 1045,918 1047,920 1137,920 1137,918 1140,918 1142,918 1159,907 1199,918 1201,918 1204,918 1257,905 1259,885 1252,856 737,859 740,889"/>
        <Baseline points="740,889 1259,885"/>
        <TextEquiv conf="0.9848376285462153">
          <Unicode>„Desiderium quod ad“.</Unicode>
        </TextEquiv>
      </TextLine>
      <TextLine id="eSc_line_9a501ec3" custom="structure {type:default;}">
        <Coords points="167,942 167,984 251,991 254,991 256,991 346,967 346,938 344,894 315,874 313,874 311,874 262,874 260,874 258,874 256,874 223,903 218,907 165,907 167,942"/>
        <Baseline points="167,942 346,938"/>
        <TextEquiv conf="0.9999502182006836">
          <Unicode>„ 25.</Unicode>
        </TextEquiv>
      </TextLine>
      <TextLine id="eSc_line_a88a7c35" custom="structure {type:default;}">
        <Coords points="472,954 472,1015 510,1035 512,1035 514,1035 517,1035 565,1020 565,954 563,920 472,923 472,954"/>
        <Baseline points="472,954 565,954"/>
        <TextEquiv conf="1.0">
          <Unicode>„</Unicode>
        </TextEquiv>
      </TextLine>
      <TextLine id="eSc_line_6ba4e3fe" custom="structure {type:default;}">
        <Coords points="687,938 684,960 2655,967 2660,945 2655,901 2299,912 2273,901 2271,901 2059,901 2056,901 2001,912 1915,901 1900,898 1897,898 1882,901 1807,909 1712,901 1694,898 1692,898 1690,898 1683,901 1646,909 1606,901 1599,898 1597,898 1595,898 1592,898 1586,901 1544,909 687,901 687,938"/>
        <Baseline points="687,938 2660,945"/>
        <TextEquiv conf="0.9946245370909225">
          <Unicode>9026 Monasterii S. Mariae de Valle patrocinium suscipit, possessionesque et privilegia</Unicode>
        </TextEquiv>
      </TextLine>
      <TextLine id="eSc_line_767b46b3" custom="structure {type:default;}">
        <Coords points="740,995 737,1015 2651,1020 2655,1000 2653,971 740,967 740,995"/>
        <Baseline points="740,995 2655,1000"/>
        <TextEquiv conf="0.990423196181655">
          <Unicode>confirmat, petentc Theobaldo abbate. Autogr. in tab. nat. Paris. L. 228. H. 3. —</Unicode>
        </TextEquiv>
      </TextLine>
      <TextLine id="eSc_line_4e9c0136" custom="structure {type:default;}">
        <Coords points="742,1055 742,1077 1175,1071 1177,1051 1170,1022 740,1024 742,1055"/>
        <Baseline points="742,1055 1177,1051"/>
        <TextEquiv conf="0.9988520772833573">
          <Unicode>„Quotiens illud a“.</Unicode>
        </TextEquiv>
      </TextLine>
      <TextLine id="eSc_line_9051b559" custom="structure {type:default;}">
        <Coords points="167,1106 167,1128 178,1137 181,1137 183,1137 185,1137 187,1137 190,1137 209,1121 212,1121 320,1135 322,1135 324,1135 326,1135 353,1117 353,1101 344,1035 309,1053 293,1044 285,1037 282,1037 280,1037 278,1037 276,1037 240,1053 207,1066 165,1066 167,1106"/>
        <Baseline points="167,1106 353,1101"/>
        <TextEquiv conf="0.9999998569488525">
          <Unicode>„ 25.</Unicode>
        </TextEquiv>
      </TextLine>
      <TextLine id="eSc_line_87c6e06b" custom="structure {type:default;}">
        <Coords points="426,1108 424,1115 517,1130 519,1130 521,1130 561,1119 563,1115 561,1086 508,1084 505,1079 494,1064 492,1064 492,1062 490,1062 488,1062 486,1062 426,1071 426,1108"/>
        <Baseline points="426,1108 563,1115"/>
        <TextEquiv conf="0.9584536552429199">
          <Unicode>„</Unicode>
        </TextEquiv>
      </TextLine>
      <TextLine id="eSc_line_4bfaf468" custom="structure {type:default;}">
        <Coords points="687,1106 684,1126 2655,1139 2660,1110 2657,1079 687,1075 687,1106"/>
        <Baseline points="687,1106 2660,1110"/>
        <TextEquiv conf="0.9999498553574085">
          <Unicode>9027 Monasterium b. Mariae Pratense tuendum suscipit, bonaque et jura confirmat,</Unicode>
        </TextEquiv>
      </TextLine>
      <TextLine id="eSc_line_69d952ae" custom="structure {type:default;}">
        <Coords points="742,1166 742,1192 2660,1181 2662,1161 2655,1132 740,1135 742,1166"/>
        <Baseline points="742,1166 2662,1161"/>
        <TextEquiv conf="0.9980357984701792">
          <Unicode>petente Petro abbate. In bibl. nat. Paris. Coll. Moreau t. 63. f. 9, Chartul. Belli-</Unicode>
        </TextEquiv>
      </TextLine>
      <TextLine id="eSc_line_300d7566" custom="structure {type:default;}">
        <Coords points="740,1223 740,1243 1692,1249 1694,1249 1906,1241 1948,1238 1953,1238 1966,1249 1968,1249 1970,1249 1972,1252 2196,1252 2196,1249 2198,1249 2222,1238 2224,1238 2240,1238 2421,1249 2423,1249 2425,1249 2445,1238 2461,1249 2463,1249 2465,1249 2467,1252 2611,1252 2611,1249 2613,1249 2657,1236 2657,1219 2653,1188 1729,1177 1727,1177 1725,1177 1692,1188 832,1179 830,1179 737,1190 740,1223"/>
        <Baseline points="740,1223 2657,1219"/>
        <TextEquiv conf="0.9893157005310058">
          <Unicode>prati Bellovacenis, s. XIII. ms. lat. 9973. f. 127. — „Religiosis desideriis dignum“.</Unicode>
        </TextEquiv>
      </TextLine>
      <TextLine id="eSc_line_facb4d12" custom="structure {type:default;}">
        <Coords points="170,1274 170,1294 243,1294 245,1294 258,1307 260,1307 262,1307 265,1307 351,1296 351,1269 349,1234 324,1214 322,1214 320,1214 273,1214 271,1214 269,1214 225,1238 223,1241 167,1241 170,1274"/>
        <Baseline points="170,1274 351,1269"/>
        <TextEquiv conf="0.9995075106620789">
          <Unicode>„ 27.</Unicode>
        </TextEquiv>
      </TextLine>
      <TextLine id="eSc_line_2872e971" custom="structure {type:default;}">
        <Coords points="468,1285 468,1291 514,1302 517,1302 519,1302 570,1287 570,1280 563,1252 466,1254 468,1285"/>
        <Baseline points="468,1285 570,1280"/>
        <TextEquiv conf="0.9997122287750244">
          <Unicode>„„</Unicode>
        </TextEquiv>
      </TextLine>
      <TextLine id="eSc_line_c90f6f1d" custom="structure {type:default;}">
        <Coords points="691,1269 689,1289 784,1302 786,1302 1586,1294 1676,1305 1679,1305 2657,1294 2660,1274 2657,1241 691,1234 691,1269"/>
        <Baseline points="691,1269 2660,1274"/>
        <TextEquiv conf="0.985533426079569">
          <Unicode>Vide tabulam Bernardi de Ballolio in Monast. Angl. II. 523: „Hoc donum in capi-</Unicode>
        </TextEquiv>
      </TextLine>
      <TextLine id="eSc_line_475eb11f" custom="structure {type:default;}">
        <Coords points="742,1331 742,1353 2657,1349 2660,1325 2655,1298 757,1291 755,1291 753,1291 751,1291 740,1298 742,1331"/>
        <Baseline points="742,1331 2660,1325"/>
        <TextEquiv conf="0.994515446410782">
          <Unicode>tolio, quod in octavis paschae Parisiis fecit, feci domino apostolico Eugenio praesente</Unicode>
        </TextEquiv>
      </TextLine>
      <TextLine id="eSc_line_38944496" custom="structure {type:default;}">
        <Coords points="742,1382 740,1402 2655,1415 2660,1386 2657,1355 742,1351 742,1382"/>
        <Baseline points="742,1382 2660,1386"/>
        <TextEquiv conf="0.9930029279655881">
          <Unicode>et rege Franciae et archiepiscopis Seuver (leg. Treuerensi) et Baraell (an Burdigalensi?),</Unicode>
        </TextEquiv>
      </TextLine>
      <TextLine id="eSc_line_4ca1f0e4" custom="structure {type:default;}">
        <Coords points="740,1439 740,1466 2662,1466 2662,1439 2662,1411 740,1411 740,1439"/>
        <Baseline points="740,1439 2662,1439"/>
        <TextEquiv conf="0.9990728880677905">
          <Unicode>et Rotomagi et Drascumme (an Tarraconensi?) et fratribus militibus templi, alba cla-</Unicode>
        </TextEquiv>
      </TextLine>
      <TextLine id="eSc_line_057937ad" custom="structure {type:default;}">
        <Coords points="740,1495 740,1519 1506,1514 1506,1495 1506,1461 740,1453 740,1495"/>
        <Baseline points="740,1495 1506,1495"/>
        <TextEquiv conf="0.9999983563567653">
          <Unicode>mide inductis, 130 praesentibus“.</Unicode>
        </TextEquiv>
      </TextLine>
      <TextLine id="eSc_line_79398397" custom="structure {type:default;}">
        <Coords points="167,1543 165,1572 170,1576 172,1576 172,1578 174,1578 176,1578 178,1578 181,1578 220,1567 243,1561 254,1572 258,1574 258,1576 260,1576 262,1576 355,1581 360,1548 357,1492 167,1508 167,1543"/>
        <Baseline points="167,1543 360,1548"/>
        <TextEquiv conf="0.9332422614097595">
          <Unicode>„ 28.</Unicode>
        </TextEquiv>
      </TextLine>
      <TextLine id="eSc_line_f25562c7" custom="structure {type:default;}">
        <Coords points="421,1548 419,1554 558,1561 563,1556 563,1528 477,1510 475,1510 421,1517 421,1548"/>
        <Baseline points="421,1548 563,1556"/>
        <TextEquiv>
          <Unicode></Unicode>
        </TextEquiv>
      </TextLine>
      <TextLine id="eSc_line_48e5da6c" custom="structure {type:default;}">
        <Coords points="687,1543 684,1565 2655,1576 2660,1550 2657,1510 687,1506 687,1543"/>
        <Baseline points="687,1543 2660,1550"/>
        <TextEquiv conf="0.9979378832391945">
          <Unicode>9028 (6300) Petente Henrico, episcopo Tullensi, vetat „consuetudinem Frostrariorum,</Unicode>
        </TextEquiv>
      </TextLine>
      <TextLine id="eSc_line_16bf912d" custom="structure {type:default;}">
        <Coords points="740,1607 740,1629 1040,1640 1042,1640 1045,1640 1067,1629 1071,1629 1164,1638 1166,1638 1455,1627 1475,1627 1484,1627 1612,1638 1615,1638 1953,1625 1968,1625 1977,1625 2127,1636 2129,1636 2193,1623 2200,1623 2204,1623 2235,1634 2238,1634 2240,1636 2613,1636 2613,1634 2615,1634 2653,1620 2653,1598 2646,1570 737,1576 740,1607"/>
        <Baseline points="740,1607 2653,1598"/>
        <TextEquiv conf="0.9932978060983476">
          <Unicode>quae vulgo probatio denominari soleat, infra bannum Wischercii seu Tracoldis-villae“</Unicode>
        </TextEquiv>
      </TextLine>
      <TextLine id="eSc_line_f0e08296" custom="structure {type:default;}">
        <Coords points="740,1656 737,1680 2657,1682 2662,1660 2660,1625 740,1625 740,1656"/>
        <Baseline points="740,1656 2662,1660"/>
        <TextEquiv conf="0.998543505209038">
          <Unicode>ab Hugone comite Wadanici-montis dimissam, referri, castraque „infra quatuor leugas</Unicode>
        </TextEquiv>
      </TextLine>
      <TextLine id="eSc_line_497ae37a" custom="structure {type:default;}">
        <Coords points="742,1713 742,1740 2655,1735 2657,1718 2655,1687 742,1680 742,1713"/>
        <Baseline points="742,1713 2657,1718"/>
        <TextEquiv conf="0.9999982252717018">
          <Unicode>prope Tullensem ecclesiam“ a duce Lotharingiae aedificari. Calmet Hist. de Lorr.</Unicode>
        </TextEquiv>
      </TextLine>
      <TextLine id="eSc_line_8532254b" custom="structure {type:default;}">
        <Coords points="742,1773 742,1797 2657,1797 2660,1766 2655,1737 2030,1726 2028,1726 2026,1726 2023,1726 2010,1737 757,1731 755,1731 753,1731 751,1731 740,1737 742,1773"/>
        <Baseline points="742,1773 2660,1766"/>
        <TextEquiv conf="0.9992066048085689">
          <Unicode>II. Pr. p. 324, Benoit Hist. de Toul p. CXXV, Bouquet Rec. XV. 673 not. b, Migne</Unicode>
        </TextEquiv>
      </TextLine>
      <TextLine id="eSc_line_6b0bcb19" custom="structure {type:default;}">
        <Coords points="742,1824 742,1841 817,1852 819,1852 821,1852 824,1852 839,1843 850,1852 850,1855 852,1855 855,1855 857,1855 859,1855 901,1841 905,1841 910,1841 967,1855 969,1855 1049,1841 1056,1841 1082,1841 1453,1855 1455,1855 1458,1855 1460,1855 1478,1841 1546,1855 1548,1855 1551,1855 1597,1839 1597,1821 1590,1795 740,1795 742,1824"/>
        <Baseline points="742,1824 1597,1821"/>
        <TextEquiv conf="0.9978969908422894">
          <Unicode>180 p. 1205. — „Officii nostri est“.</Unicode>
        </TextEquiv>
      </TextLine>
      <TextLine id="eSc_line_76a473f7" custom="structure {type:default;}">
        <Coords points="165,1877 165,1910 254,1894 278,1910 280,1910 282,1910 285,1910 346,1905 346,1872 340,1797 282,1802 280,1802 278,1802 278,1804 269,1813 245,1837 163,1837 165,1877"/>
        <Baseline points="165,1877 346,1872"/>
        <TextEquiv conf="0.9996874332427979">
          <Unicode>„ 28.</Unicode>
        </TextEquiv>
      </TextLine>
      <TextLine id="eSc_line_b409cb5e" custom="structure {type:default;}">
        <Coords points="466,1883 463,1892 508,1905 510,1905 512,1905 514,1905 554,1892 556,1888 556,1861 466,1857 466,1883"/>
        <Baseline points="466,1883 556,1888"/>
        <TextEquiv conf="0.9999984502792358">
          <Unicode>„</Unicode>
        </TextEquiv>
      </TextLine>
      <TextLine id="eSc_line_d12f9565" custom="structure {type:default;}">
        <Coords points="687,1872 684,1896 2657,1903 2662,1879 2660,1848 687,1843 687,1872"/>
        <Baseline points="687,1872 2662,1879"/>
        <TextEquiv conf="0.9965418591385796">
          <Unicode>9029 (6301) Monasterii S. Mariae Thenoliensis protectionem suscipit, possessionesque</Unicode>
        </TextEquiv>
      </TextLine>
      <TextLine id="eSc_line_2d489a03" custom="structure {type:default;}">
        <Coords points="740,1932 737,1954 2655,1958 2660,1936 2657,1905 740,1901 740,1932"/>
        <Baseline points="740,1932 2660,1936"/>
        <TextEquiv conf="0.9973212821143014">
          <Unicode>confirmat, petente Walfrido abbate. Hugo O. P. A. II. Pr. p. 583, Migne 180 p. 1206.</Unicode>
        </TextEquiv>
      </TextLine>
      <TextLine id="eSc_line_2ec0be4a" custom="structure {type:default;}">
        <Coords points="740,1989 740,2009 815,2009 830,2022 832,2022 835,2022 837,2025 1173,2025 1173,2022 1252,2009 1290,2020 1292,2020 1294,2020 1367,2007 1367,1989 1367,1963 740,1963 740,1989"/>
        <Baseline points="740,1989 1367,1989"/>
        <TextEquiv conf="0.9998343487580618">
          <Unicode>— „Desiderium, quod ad“.</Unicode>
        </TextEquiv>
      </TextLine>
      <TextLine id="eSc_line_c613ef12" custom="structure {type:default;}">
        <Coords points="165,2040 165,2069 238,2062 267,2078 276,2084 278,2084 280,2084 282,2086 349,2086 349,2040 349,2011 318,2000 315,2000 313,2000 165,2005 165,2040"/>
        <Baseline points="165,2040 349,2040"/>
        <TextEquiv conf="0.915926706790924">
          <Unicode>„ 28.</Unicode>
        </TextEquiv>
      </TextLine>
      <TextLine id="eSc_line_e81aa917" custom="structure {type:default;}">
        <Coords points="459,2047 457,2064 503,2075 505,2075 508,2075 556,2060 558,2053 556,2027 459,2020 459,2047"/>
        <Baseline points="459,2047 558,2053"/>
        <TextEquiv conf="0.9863903522491455">
          <Unicode>„„</Unicode>
        </TextEquiv>
      </TextLine>
      <TextLine id="eSc_line_7f612ec1" custom="structure {type:default;}">
        <Coords points="684,2040 682,2064 2655,2069 2660,2044 2657,2014 684,2009 684,2040"/>
        <Baseline points="684,2040 2660,2044"/>
        <TextEquiv conf="0.9928162538192489">
          <Unicode>9030 (6302) Monasterii Ferrariensis protectionem suscipit, possessionesque ac privilegia</Unicode>
        </TextEquiv>
      </TextLine>
      <TextLine id="eSc_line_29d2c55a" custom="structure {type:default;}">
        <Coords points="737,2100 737,2124 2657,2120 2660,2093 2653,2067 735,2071 737,2100"/>
        <Baseline points="737,2100 2660,2093"/>
        <TextEquiv conf="0.995054345100354">
          <Unicode>confirmat, rogatu Johannis abbatis. Mabillon Ann. ord. Ben. VI. 708, Migne 180</Unicode>
        </TextEquiv>
      </TextLine>
      <TextLine id="eSc_line_0f92bd17" custom="structure {type:default;}">
        <Coords points="737,2159 737,2177 870,2188 872,2188 874,2188 877,2188 890,2177 894,2175 1027,2175 1029,2175 1040,2186 1040,2188 1042,2188 1045,2188 1047,2190 1155,2190 1155,2188 1323,2186 1325,2186 1327,2186 1343,2175 1354,2184 1354,2186 1356,2186 1358,2186 1360,2188 1451,2188 1451,2186 1453,2186 1455,2186 1473,2173 1522,2186 1524,2186 1526,2186 1528,2186 1577,2170 1577,2155 1573,2126 1155,2115 1153,2115 735,2128 737,2159"/>
        <Baseline points="737,2159 1577,2155"/>
        <TextEquiv conf="0.9954574342929956">
          <Unicode>p. 1207. — „Desiderium, quod ad“.</Unicode>
        </TextEquiv>
      </TextLine>
      <TextLine id="eSc_line_1bf3730b" custom="structure {type:default;}">
        <Coords points="130,2206 130,2250 203,2256 205,2256 207,2256 209,2256 238,2237 256,2223 285,2230 311,2234 313,2234 315,2234 353,2219 353,2201 344,2133 296,2148 128,2144 130,2206"/>
        <Baseline points="130,2206 353,2201"/>
        <TextEquiv conf="0.9960439460618156">
          <Unicode>Mai. 1.</Unicode>
        </TextEquiv>
      </TextLine>
      <TextLine id="eSc_line_a81093f1" custom="structure {type:default;}">
        <Coords points="459,2217 459,2226 492,2243 494,2243 497,2243 499,2243 514,2237 530,2228 552,2243 558,2217 558,2190 459,2177 459,2217"/>
        <Baseline points="459,2217 558,2217"/>
        <TextEquiv conf="0.9999997615814209">
          <Unicode>„</Unicode>
        </TextEquiv>
      </TextLine>
      <TextLine id="eSc_line_f4e0e03c" custom="structure {type:default;}">
        <Coords points="684,2203 682,2230 2657,2234 2662,2208 2660,2179 684,2175 684,2203"/>
        <Baseline points="684,2203 2662,2208"/>
        <TextEquiv conf="0.996481986239899">
          <Unicode>9031 (6303) Monasterii Grimbergensis protectionem suscipit, bonaque confirmat, petente</Unicode>
        </TextEquiv>
      </TextLine>
      <TextLine id="eSc_line_ad338a07" custom="structure {type:default;}">
        <Coords points="740,2267 740,2287 1164,2287 1177,2287 1263,2298 1265,2298 1352,2287 1380,2285 1460,2287 1674,2296 1676,2298 1831,2298 1831,2296 1833,2296 1836,2296 1847,2287 1851,2285 1884,2287 1981,2294 1984,2294 1986,2294 2006,2287 2019,2283 2030,2287 2052,2294 2054,2294 2056,2294 2112,2287 2145,2283 2165,2287 2198,2294 2200,2294 2653,2285 2655,2261 2651,2234 737,2230 740,2267"/>
        <Baseline points="740,2267 2655,2261"/>
        <TextEquiv conf="0.9856646099647919">
          <Unicode>Huberto abbate. Hugo O. P. A. I. Pr. p. 610, Miraei Opp. dipl. IV. 16, Compte</Unicode>
        </TextEquiv>
      </TextLine>
      <TextLine id="eSc_line_c0748385" custom="structure {type:default;}">
        <Coords points="740,2320 740,2345 2657,2345 2657,2320 2657,2292 740,2292 740,2320"/>
        <Baseline points="740,2320 2657,2320"/>
        <TextEquiv conf="0.9964860263394146">
          <Unicode>rendu de la com. roy. de Belgique. IV. Ser. VII. (1880) p. 330, Migne 180 p. 1209.</Unicode>
        </TextEquiv>
      </TextLine>
      <TextLine id="eSc_line_7c07e614" custom="structure {type:default;}">
        <Coords points="740,2376 740,2396 813,2396 826,2407 826,2409 828,2409 830,2409 832,2409 1064,2396 1115,2409 1117,2409 1120,2409 1270,2407 1272,2407 1274,2407 1292,2396 1436,2409 1438,2409 1515,2393 1515,2376 1515,2345 740,2345 740,2376"/>
        <Baseline points="740,2376 1515,2376"/>
        <TextEquiv conf="0.9995856050289038">
          <Unicode>— „Religiosis desideriis dignum“.</Unicode>
        </TextEquiv>
      </TextLine>
      <TextLine id="eSc_line_fcff00d5" custom="structure {type:default;}">
        <Coords points="167,2429 167,2455 218,2457 220,2457 223,2457 282,2438 313,2464 315,2466 318,2466 320,2466 322,2466 355,2464 355,2424 349,2362 309,2365 307,2365 304,2365 302,2367 273,2391 165,2387 167,2429"/>
        <Baseline points="167,2429 355,2424"/>
        <TextEquiv conf="0.9998548775911331">
          <Unicode>„ 1.</Unicode>
        </TextEquiv>
      </TextLine>
      <TextLine id="eSc_line_f3b5bad7" custom="structure {type:default;}">
        <Coords points="466,2433 463,2440 508,2457 510,2457 512,2457 514,2457 554,2442 556,2438 556,2409 466,2404 466,2433"/>
        <Baseline points="466,2433 556,2438"/>
        <TextEquiv conf="0.9999696016311646">
          <Unicode>„</Unicode>
        </TextEquiv>
      </TextLine>
      <TextLine id="eSc_line_5c2d94fe" custom="structure {type:default;}">
        <Coords points="682,2424 680,2449 2655,2453 2660,2429 2657,2396 682,2391 682,2424"/>
        <Baseline points="682,2424 2660,2429"/>
        <TextEquiv conf="0.999972368505868">
          <Unicode>9032 Monasterii Vallis-clarae tutelam suscipit, possessionesque confirmat, petente Petro</Unicode>
        </TextEquiv>
      </TextLine>
      <TextLine id="eSc_line_dd7c1684" custom="structure {type:default;}">
        <Coords points="737,2488 737,2508 2653,2504 2655,2484 2651,2455 773,2446 771,2446 768,2446 735,2457 737,2488"/>
        <Baseline points="737,2488 2655,2484"/>
        <TextEquiv conf="0.9983031253019968">
          <Unicode>abbate. In bibl. nat. Paris. Coll. Moreau t. 63. f. 14, Coll. Grenier t. 267 f. 629.</Unicode>
        </TextEquiv>
      </TextLine>
      <TextLine id="eSc_line_57824f85" custom="structure {type:default;}">
        <Coords points="737,2535 735,2552 799,2555 817,2570 819,2570 821,2570 824,2570 1106,2559 1120,2570 1120,2572 1122,2572 1124,2572 1126,2574 1215,2574 1215,2572 1217,2572 1219,2572 1219,2570 1232,2559 1338,2559 1341,2539 1338,2510 737,2506 737,2535"/>
        <Baseline points="737,2535 1341,2539"/>
        <TextEquiv conf="0.9990680606468864">
          <Unicode>— „Desiderium quod ad“.</Unicode>
        </TextEquiv>
      </TextLine>
      <TextLine id="eSc_line_777c888a" custom="structure {type:default;}">
        <Coords points="161,2597 161,2608 170,2616 170,2619 172,2619 174,2619 176,2619 236,2608 260,2603 355,2614 357,2592 349,2535 247,2566 159,2557 161,2597"/>
        <Baseline points="161,2597 357,2592"/>
        <TextEquiv conf="0.9997505396604538">
          <Unicode>„ 1.</Unicode>
        </TextEquiv>
      </TextLine>
      <TextLine id="eSc_line_cf15eb6d" custom="structure {type:default;}">
        <Coords points="459,2603 459,2608 552,2605 554,2599 547,2570 457,2572 459,2603"/>
        <Baseline points="459,2603 554,2599"/>
        <TextEquiv conf="1.0">
          <Unicode>„„</Unicode>
        </TextEquiv>
      </TextLine>
      <TextLine id="eSc_line_4601a04f" custom="structure {type:default;}">
        <Coords points="684,2592 684,2619 2655,2619 2655,2592 2655,2563 684,2563 684,2592"/>
        <Baseline points="684,2592 2655,2592"/>
        <TextEquiv conf="0.9870121372597558">
          <Unicode>9033 Monasterii S. Evodii et S. Mariae Branensis protectionem suscipit, bonaque con-</Unicode>
        </TextEquiv>
      </TextLine>
      <TextLine id="eSc_line_e7136a27" custom="structure {type:default;}">
        <Coords points="735,2650 733,2667 835,2680 837,2680 1670,2672 1756,2683 1758,2683 2651,2672 2653,2654 2651,2623 735,2619 735,2650"/>
        <Baseline points="735,2650 2653,2654"/>
        <TextEquiv conf="0.9983173167550718">
          <Unicode>firmat, petente Petro abbate. Hugo O. P. A. I. Pr. p. 322, Migne 180 p. 1231.</Unicode>
        </TextEquiv>
      </TextLine>
      <TextLine id="eSc_line_c3bcf5c5" custom="structure {type:default;}">
        <Coords points="735,2709 735,2729 2653,2722 2655,2703 2649,2674 733,2678 735,2709"/>
        <Baseline points="735,2709 2655,2703"/>
        <TextEquiv conf="0.9933863892111667">
          <Unicode>(In chartular. Branensi p. 1. quod Parisis in tabular. nat. LL. 1583 servatur, legitur</Unicode>
        </TextEquiv>
      </TextLine>
      <TextLine id="eSc_line_0c56beaa" custom="structure {type:default;}">
        <Coords points="740,2760 740,2782 815,2793 817,2793 819,2793 857,2782 870,2780 1199,2780 1212,2782 1270,2791 1272,2791 1327,2780 1336,2780 1354,2780 1511,2793 1513,2793 1515,2793 1517,2793 1517,2791 1531,2780 1533,2778 1610,2778 1615,2780 1628,2791 1630,2791 1632,2791 1634,2791 1853,2778 1882,2778 1886,2778 1917,2791 1919,2791 1922,2793 2068,2793 2068,2791 2070,2791 2107,2778 2134,2791 2136,2791 2138,2793 2229,2793 2229,2791 2317,2775 2319,2756 2313,2727 737,2729 740,2760"/>
        <Baseline points="740,2760 2319,2756"/>
        <TextEquiv conf="0.9970182136577719">
          <Unicode>„Kal. Maii“, ut me docet Delisle.) — „Religiosis desideriis dignum“.</Unicode>
        </TextEquiv>
      </TextLine>
      <TextLine id="eSc_line_405853ef" custom="structure {type:default;}">
        <Coords points="159,2815 159,2844 254,2833 276,2835 331,2844 333,2844 335,2844 338,2844 353,2831 353,2811 346,2731 156,2753 159,2815"/>
        <Baseline points="159,2815 353,2811"/>
        <TextEquiv conf="0.999345526099205">
          <Unicode>„ 2.</Unicode>
        </TextEquiv>
      </TextLine>
      <TextLine id="eSc_line_852f2af4" custom="structure {type:default;}">
        <Coords points="459,2822 459,2835 550,2839 552,2822 552,2778 459,2773 459,2822"/>
        <Baseline points="459,2822 552,2822"/>
        <TextEquiv conf="1.0">
          <Unicode>„</Unicode>
        </TextEquiv>
      </TextLine>
      <TextLine id="eSc_line_686bbcdf" custom="structure {type:default;}">
        <Coords points="684,2813 684,2839 2655,2839 2655,2813 2655,2782 684,2775 684,2813"/>
        <Baseline points="684,2813 2655,2813"/>
        <TextEquiv conf="0.9967338932885064">
          <Unicode>9034 Monasterii S. Victoris Parisiensis tutelam suscipit, possessiones confirmat, liberam-</Unicode>
        </TextEquiv>
      </TextLine>
      <TextLine id="eSc_line_efdefad6" custom="structure {type:default;}">
        <Coords points="735,2870 735,2892 755,2903 757,2903 760,2903 826,2892 1078,2903 1080,2903 1204,2892 1208,2892 1210,2892 1345,2903 1347,2903 1458,2892 1464,2892 1469,2892 1524,2903 1526,2903 1663,2892 1681,2892 1685,2892 1712,2903 1714,2903 1716,2903 1873,2892 1902,2892 1928,2895 2045,2903 2048,2903 2163,2895 2198,2892 2651,2895 2653,2870 2653,2842 735,2842 735,2870"/>
        <Baseline points="735,2870 2653,2870"/>
        <TextEquiv conf="0.9934352778253102">
          <Unicode>que abbatis eligendi facultatem fratribus indulget. Autograph. in tabul. nat. Paris.</Unicode>
        </TextEquiv>
      </TextLine>
      <TextLine id="eSc_line_c3ad5dbe" custom="structure {type:default;}">
        <Coords points="735,2923 733,2939 857,2956 859,2956 1129,2943 1142,2954 1142,2956 1144,2956 1146,2956 1204,2959 1206,2961 1422,2961 1422,2959 1425,2959 1427,2959 1427,2956 1438,2948 1455,2959 1458,2959 1460,2959 1462,2959 1568,2948 1604,2959 1606,2959 1608,2959 1672,2943 1674,2928 1672,2897 735,2892 735,2923"/>
        <Baseline points="735,2923 1674,2928"/>
        <TextEquiv conf="0.9998283135263544">
          <Unicode>L. 228. n. 4. — „Desiderium, quod ad“.</Unicode>
        </TextEquiv>
      </TextLine>
      <TextLine id="eSc_line_693ed066" custom="structure {type:default;}">
        <Coords points="163,2979 163,2996 227,2985 351,2992 353,2972 342,2915 322,2930 161,2928 163,2979"/>
        <Baseline points="163,2979 353,2972"/>
        <TextEquiv conf="0.9938255846500397">
          <Unicode>„ 5.</Unicode>
        </TextEquiv>
      </TextLine>
      <TextLine id="eSc_line_d6491f3f" custom="structure {type:default;}">
        <Coords points="466,2985 466,3012 552,2994 552,2985 552,2954 466,2950 466,2985"/>
        <Baseline points="466,2985 552,2985"/>
        <TextEquiv conf="1.0">
          <Unicode>„</Unicode>
        </TextEquiv>
      </TextLine>
      <TextLine id="eSc_line_1903d4b5" custom="structure {type:default;}">
        <Coords points="682,2976 682,3005 2655,3005 2655,2976 2655,2948 682,2941 682,2976"/>
        <Baseline points="682,2976 2655,2976"/>
        <TextEquiv conf="0.9980108475401288">
          <Unicode>9035 Fulconi abbati S. Johannis baptistae super Seilam fluvium (Ambianensis) eiusque</Unicode>
        </TextEquiv>
      </TextLine>
      <TextLine id="eSc_line_7a8a434a" custom="structure {type:default;}">
        <Coords points="733,3036 733,3056 1188,3067 1190,3067 1193,3067 1221,3056 1248,3067 1250,3067 1252,3067 1310,3054 1319,3054 1332,3054 1422,3065 1425,3065 1489,3054 1493,3054 1495,3054 1517,3065 1520,3065 1522,3065 1657,3054 1661,3054 1663,3054 1736,3065 1738,3065 1794,3054 1807,3065 1809,3065 1811,3065 1813,3065 1869,3051 1877,3051 1889,3051 1968,3062 1970,3065 2364,3065 2364,3062 2366,3062 2410,3049 2410,3029 2406,3001 753,2994 751,2994 748,2994 746,2994 731,3001 733,3036"/>
        <Baseline points="733,3036 2410,3029"/>
        <TextEquiv conf="0.9996448815732762">
          <Unicode>fratribus privilegium dat. Neues Archiv VII. 92. — „Desiderium quod“.</Unicode>
        </TextEquiv>
      </TextLine>
      <TextLine id="eSc_line_eeb83d1d" custom="structure {type:default;}">
        <Coords points="163,3089 165,3111 216,3096 371,3102 373,3085 366,3038 161,3058 163,3089"/>
        <Baseline points="163,3089 373,3085"/>
        <TextEquiv conf="0.926366925239563">
          <Unicode>„ 5.</Unicode>
        </TextEquiv>
      </TextLine>
      <TextLine id="eSc_line_9581cacf" custom="structure {type:default;}">
        <Coords points="446,3087 444,3093 483,3111 486,3111 488,3111 547,3098 550,3093 550,3065 446,3058 446,3087"/>
        <Baseline points="446,3087 550,3093"/>
        <TextEquiv conf="0.7955656349658966">
          <Unicode>„„</Unicode>
        </TextEquiv>
      </TextLine>
      <TextLine id="eSc_line_77ac6fd1" custom="structure {type:default;}">
        <Coords points="682,3082 680,3104 735,3118 737,3118 1029,3109 1098,3107 1113,3109 1175,3120 1177,3120 1493,3111 1630,3109 1672,3113 1747,3122 1749,3122 1924,3115 2037,3111 2090,3115 2158,3124 2160,3124 2163,3124 2187,3118 2202,3113 2646,3120 2651,3091 2649,3062 682,3054 682,3082"/>
        <Baseline points="682,3082 2651,3091"/>
        <TextEquiv conf="0.9973952384556041">
          <Unicode>9036 Monasterii Villariensis patrocinium suscipit, possessionesque et iura confirmat,</Unicode>
        </TextEquiv>
      </TextLine>
      <TextLine id="eSc_line_3388fc60" custom="structure {type:default;}">
        <Coords points="735,3144 735,3171 1051,3177 1053,3177 1087,3171 1109,3166 1164,3171 1250,3177 1252,3177 1303,3171 1332,3166 1383,3168 1489,3177 1491,3177 1493,3177 1513,3168 1522,3166 1539,3168 1588,3177 1590,3177 1659,3168 1681,3166 1696,3168 1741,3177 1743,3177 1844,3168 1873,3166 1906,3168 2048,3177 2050,3177 2052,3177 2054,3177 2068,3166 2072,3166 2211,3166 2213,3166 2229,3177 2231,3177 2233,3177 2235,3180 2408,3180 2408,3177 2651,3164 2651,3144 2651,3115 735,3109 735,3144"/>
        <Baseline points="735,3144 2651,3144"/>
        <TextEquiv conf="0.9934333599195247">
          <Unicode>petente Girardo abbate. Wauters Lanc. abb. de Villers p. 10. — „Quotiens illud a“.</Unicode>
        </TextEquiv>
      </TextLine>
      <TextLine id="eSc_line_e187968e" custom="structure {type:default;}">
        <Coords points="174,3199 176,3230 236,3215 260,3224 276,3230 278,3230 280,3230 410,3213 410,3199 408,3098 307,3104 304,3104 302,3104 280,3122 251,3144 174,3144 174,3199"/>
        <Baseline points="174,3199 410,3199"/>
        <TextEquiv conf="0.9954210072755814">
          <Unicode>„ (.</Unicode>
        </TextEquiv>
      </TextLine>
      <TextLine id="eSc_line_15bad568" custom="structure {type:default;}">
        <Coords points="419,3199 417,3206 503,3226 505,3226 508,3226 545,3210 547,3206 545,3173 419,3166 419,3199"/>
        <Baseline points="419,3199 547,3206"/>
        <TextEquiv conf="1.0">
          <Unicode>„)</Unicode>
        </TextEquiv>
      </TextLine>
      <TextLine id="eSc_line_f60a9d69" custom="structure {type:default;}">
        <Coords points="682,3191 680,3213 695,3224 698,3224 700,3224 702,3224 813,3215 1084,3226 1087,3228 2649,3228 2651,3202 2649,3171 682,3162 682,3191"/>
        <Baseline points="682,3191 2651,3202"/>
        <TextEquiv conf="0.992745968428525">
          <Unicode>9037 Monasterii S. Vincentii Silvanectensis tutelam suscipit, bonaque et iura confirmat,</Unicode>
        </TextEquiv>
      </TextLine>
      <TextLine id="eSc_line_5680bdbc" custom="structure {type:default;}">
        <Coords points="735,3255 735,3281 1137,3279 1144,3281 1166,3292 1168,3292 1170,3294 1263,3294 1263,3292 1265,3292 1292,3281 1299,3279 1416,3279 1422,3281 1460,3292 1462,3292 1464,3294 1590,3294 1590,3292 1592,3292 1630,3279 1634,3279 1646,3279 1741,3292 1743,3292 1745,3292 1776,3279 1778,3279 1811,3292 1813,3292 1816,3294 2037,3294 2037,3292 2039,3292 2041,3292 2059,3279 2061,3279 2350,3279 2410,3279 2430,3292 2432,3292 2434,3292 2436,3294 2618,3294 2618,3292 2620,3292 2651,3277 2651,3255 2651,3226 735,3226 735,3255"/>
        <Baseline points="735,3255 2651,3255"/>
        <TextEquiv conf="0.9960779498020808">
          <Unicode>petente Balduino abbate. In bibl. nat. Paris. Coll. Moreau t. 63. f. 19. — „Quotiens</Unicode>
        </TextEquiv>
      </TextLine>
      <TextLine id="eSc_line_819eb488" custom="structure {type:default;}">
        <Coords points="733,3310 733,3327 817,3339 819,3339 901,3325 905,3325 908,3325 952,3336 954,3336 956,3336 1069,3321 1071,3303 1064,3274 731,3279 733,3310"/>
        <Baseline points="733,3310 1071,3303"/>
        <TextEquiv conf="0.9999994039535522">
          <Unicode>illud a nobis“.</Unicode>
        </TextEquiv>
      </TextLine>
      <TextLine id="eSc_line_825c20ab" custom="structure {type:default;}">
        <Coords points="161,3361 159,3405 298,3407 300,3407 360,3398 362,3398 364,3398 364,3396 371,3392 382,3380 439,3387 503,3394 505,3394 508,3394 554,3378 556,3365 556,3312 523,3312 523,3310 497,3286 497,3283 494,3283 492,3283 490,3283 459,3288 406,3244 404,3244 402,3244 373,3241 320,3241 318,3241 315,3241 313,3241 243,3303 238,3305 161,3301 161,3361"/>
        <Baseline points="161,3361 556,3365"/>
        <TextEquiv conf="0.9828279495239258">
          <Unicode>„ „ —</Unicode>
        </TextEquiv>
      </TextLine>
      <TextLine id="eSc_line_24ac8cc6" custom="structure {type:default;}">
        <Coords points="678,3358 676,3380 2646,3385 2651,3363 2649,3330 678,3325 678,3358"/>
        <Baseline points="678,3358 2651,3363"/>
        <TextEquiv conf="0.9947210459148182">
          <Unicode>90038 (6304) Monasterii S. Martini Laudunensis protectionem suscipit, possessionesque</Unicode>
        </TextEquiv>
      </TextLine>
      <TextLine id="eSc_line_e00cb9e2" custom="structure {type:default;}">
        <Coords points="733,3418 733,3442 2635,3436 2638,3414 2631,3385 731,3387 733,3418"/>
        <Baseline points="733,3418 2638,3414"/>
        <TextEquiv conf="0.9963889257113139">
          <Unicode>ac privilegia confirmat. Le Paige Bibl. Praem. p. 452, Migne 180 p. 1210. —</Unicode>
        </TextEquiv>
      </TextLine>
      <TextLine id="eSc_line_f24267fb" custom="structure {type:default;}">
        <Coords points="735,3473 735,3500 1140,3489 1142,3469 1137,3438 771,3431 768,3431 766,3431 733,3442 735,3473"/>
        <Baseline points="735,3473 1142,3469"/>
        <TextEquiv conf="0.9999987019432915">
          <Unicode>„Quoties illud a“.</Unicode>
        </TextEquiv>
      </TextLine>
      <TextLine id="eSc_line_38f12f83" custom="structure {type:default;}">
        <Coords points="165,3524 165,3546 278,3533 287,3542 291,3544 291,3546 293,3546 296,3546 380,3548 382,3548 384,3548 386,3548 386,3546 397,3535 402,3533 466,3533 468,3533 508,3548 510,3548 512,3548 514,3548 517,3548 517,3546 532,3531 532,3524 532,3498 165,3489 165,3524"/>
        <Baseline points="165,3524 532,3524"/>
        <TextEquiv conf="0.983431950211525">
          <Unicode>„ 7. . „</Unicode>
        </TextEquiv>
      </TextLine>
      <TextLine id="eSc_line_aeb27fa3" custom="structure {type:default;}">
        <Coords points="680,3520 678,3551 748,3566 751,3566 980,3555 998,3555 1014,3555 1173,3568 1175,3568 1250,3557 1261,3557 1263,3557 1283,3568 1285,3568 1791,3570 1794,3570 1833,3564 1866,3559 1900,3566 1931,3570 1933,3570 1935,3570 1946,3566 1964,3559 2074,3568 2154,3573 2156,3573 2158,3573 2167,3568 2180,3562 2350,3570 2410,3573 2412,3573 2441,3570 2573,3562 2638,3573 2642,3528 2640,3495 680,3486 680,3520"/>
        <Baseline points="680,3520 2642,3528"/>
        <TextEquiv conf="0.9999901848595317">
          <Unicode>9039 (6305) Adalberoni, archiepiscopo Trevirensi, monasterium S. Maximini asserit,</Unicode>
        </TextEquiv>
      </TextLine>
      <TextLine id="eSc_line_82abca50" custom="structure {type:default;}">
        <Coords points="159,3573 156,3630 726,3628 729,3577 726,3544 539,3528 536,3528 159,3542 159,3573"/>
        <Baseline points="159,3573 729,3577"/>
        <TextEquiv conf="0.8470034407717841">
          <Unicode>Rereta Pomt Remnen. E5 ec. „</Unicode>
        </TextEquiv>
      </TextLine>
    </TextRegion>
    <TextRegion id="eSc_textblock_9e12ed9a"  custom="structure {type:default;}">
      <Coords points="965,167 1807,167 1842,245 1824,271 954,271 936,176 965,167"/>
      <TextLine id="eSc_line_a8f4c02a" custom="structure {type:default;}">
        <Coords points="1800,178 1701,170 1699,170 1696,170 1676,178 1661,187 1581,178 1528,174 1526,174 1475,178 1391,187 1378,178 1374,174 1372,174 1369,174 1367,174 1336,178 1294,185 1270,178 1235,167 1232,167 1230,167 954,176 954,234 952,265 1250,269 1252,269 1254,269 1279,262 1296,258 1303,262 1307,267 1307,269 1310,269 1312,269 1314,269 1427,262 1464,260 1471,262 1502,273 1504,273 1506,276 1738,276 1738,273 1813,258 1816,238 1811,192 1800,178"/>
        <Baseline points="954,234 1816,238"/>
        <TextEquiv conf="0.998440580368042">
          <Unicode>EL(IENIUS III. 1145—1153.</Unicode>
        </TextEquiv>
      </TextLine>
    </TextRegion>
    <TextRegion id="eSc_textblock_f7b53bd0"  custom="structure {type:default;}">
      <Coords points="2607,176 2680,194 2697,245 2567,271 2549,212 2607,176"/>
      <TextLine id="eSc_line_e64a85ee" custom="structure {type:default;}">
        <Coords points="2565,198 2569,245 2569,273 2653,273 2653,240 2646,192 2567,194 2565,198"/>
        <Baseline points="2569,245 2653,240"/>
        <TextEquiv conf="0.9999997615814209">
          <Unicode>41</Unicode>
        </TextEquiv>
      </TextLine>
    </TextRegion>
  </Page>
</PcGts>
