<?xml version="1.0" encoding="UTF-8"  standalone="yes"?>
<PcGts xmlns="http://schema.primaresearch.org/PAGE/gts/pagecontent/2019-07-15" xmlns:xsi="http://www.w3.org/2001/XMLSchema-instance" xsi:schemaLocation="http://schema.primaresearch.org/PAGE/gts/pagecontent/2019-07-15 http://schema.primaresearch.org/PAGE/gts/pagecontent/2019-07-15/pagecontent.xsd">
  <Metadata externalRef="pdf//regestapontificu02cath.pdf">
	<Creator>escriptorium</Creator>
	<Created>2026-01-31T10:21:01.595644+00:00</Created>
        <LastChange>2026-02-01T13:22:54.865630+00:00</LastChange>
  </Metadata>
  <Page imageFilename="regestapontificu02cath.pdf_page_30.png" imageWidth="3007" imageHeight="3975">
    <TextRegion id="eSc_textblock_24d12f70"  custom="structure {type:default;}">
      <Coords points="338,150 430,167 413,245 309,245 309,167 338,150"/>
      <TextLine id="eSc_line_275f7d65" custom="structure {type:default;}">
        <Coords points="388,159 377,156 322,161 331,218 333,240 410,240 408,209 399,159 388,159"/>
        <Baseline points="331,218 408,209"/>
        <TextEquiv conf="1.0">
          <Unicode>18</Unicode>
        </TextEquiv>
      </TextLine>
    </TextRegion>
    <TextRegion id="eSc_textblock_edcdc71e"  custom="structure {type:default;}">
      <Coords points="2845,291 2892,300 2874,3513 883,3531 857,2912 874,309 2845,291"/>
      <TextLine id="eSc_line_faea4164" custom="structure {type:default;}">
        <Coords points="1641,300 1619,300 1597,302 1590,302 1568,313 1509,304 1506,304 1504,304 1502,304 1502,306 1484,320 1360,306 1358,306 1356,306 1327,320 1277,304 1274,304 1272,304 1270,304 1268,304 1268,306 1250,322 1210,322 1151,304 1148,304 1146,304 1144,304 1098,315 1071,306 1067,306 1045,306 1022,306 1000,306 978,306 956,306 934,306 912,306 890,306 868,337 870,357 870,386 1816,379 1816,351 1811,320 1681,320 1659,300 1641,300"/>
        <Baseline points="870,357 1816,351"/>
        <TextEquiv conf="0.9982299208641052">
          <Unicode>1144. (Ind. 7. — I. Sept. — 8, pont. a. 1.)</Unicode>
        </TextEquiv>
      </TextLine>
      <TextLine id="eSc_line_7bebdf01" custom="structure {type:default;}">
        <Coords points="952,419 952,443 1805,452 1807,452 1809,452 1833,441 1977,450 1979,450 2121,439 2129,439 2156,450 2158,450 2160,452 2383,452 2383,450 2562,448 2565,448 2591,437 2622,448 2624,448 2626,450 2821,450 2821,448 2823,448 2863,435 2863,410 2856,368 950,373 952,419"/>
        <Baseline points="952,419 2863,410"/>
        <TextEquiv conf="0.990623727804277">
          <Unicode>ipsarum controversiam cum Hu(lgerio) Andegavensi episcopo, „concordia vel iudicio“</Unicode>
        </TextEquiv>
      </TextLine>
      <TextLine id="eSc_line_3bdd8f51" custom="structure {type:default;}">
        <Coords points="950,474 950,503 2863,503 2863,474 2863,446 950,446 950,474"/>
        <Baseline points="950,474 2863,474"/>
        <TextEquiv conf="0.9907200242696184">
          <Unicode>definiant infra quadraginta dies post Ulgerii ab apostolica sede reditum. („6. kal. . .“)</Unicode>
        </TextEquiv>
      </TextLine>
      <TextLine id="eSc_line_5daa4e1b" custom="structure {type:default;}">
        <Coords points="950,530 950,554 2861,549 2863,525 2856,494 947,496 950,530"/>
        <Baseline points="950,530 2863,525"/>
        <TextEquiv conf="0.994677612360786">
          <Unicode>Dissertationes in epist. contra Robertum de Arbrisselo p. 143, Pavillon Vie de Robert</Unicode>
        </TextEquiv>
      </TextLine>
      <TextLine id="eSc_line_814c3423" custom="structure {type:default;}">
        <Coords points="892,638 892,666 1873,677 1875,677 1928,666 2140,675 2143,675 2145,675 2169,664 2171,664 2174,664 2222,675 2224,675 2306,664 2313,664 2337,664 2715,675 2717,675 2768,664 2814,675 2816,675 2819,675 2821,675 2863,662 2863,633 2856,607 890,609 892,638"/>
        <Baseline points="892,638 2863,633"/>
        <TextEquiv conf="0.9999736434296717">
          <Unicode>8684 (6113) *Ad Conradum, Romanorum regem, „humiles, tam suam oppressionem con-</Unicode>
        </TextEquiv>
      </TextLine>
      <TextLine id="eSc_line_c37d2f29" custom="structure {type:default;}">
        <Coords points="947,580 947,607 2858,607 2861,585 2858,549 947,538 947,580"/>
        <Baseline points="947,580 2861,585"/>
        <TextEquiv conf="0.9935991079718979">
          <Unicode>d&#x27;Arbrissel p. 629, Bouquet Rec. XV. 419, Migne 179 p. 924. — „Etsi ex iniuncto“.</Unicode>
        </TextEquiv>
      </TextLine>
      <TextLine id="eSc_line_f56a9e65" custom="structure {type:default;}">
        <Coords points="945,695 945,719 2856,726 2861,691 2854,662 943,664 945,695"/>
        <Baseline points="945,695 2861,691"/>
        <TextEquiv conf="0.9951208226474715">
          <Unicode>tinentes, quam de incolumitate et prosperitate eius Deo gratias agentes, ipsumque</Unicode>
        </TextEquiv>
      </TextLine>
      <TextLine id="eSc_line_28c12cf2" custom="structure {type:default;}">
        <Coords points="947,750 947,777 2861,777 2863,746 2856,713 945,715 947,750"/>
        <Baseline points="947,750 2863,746"/>
        <TextEquiv conf="0.9996880765368299">
          <Unicode>ad patrocinium Romanae ecclesiae invitantes, litteras mittit“. Otton. Fris. Chron.</Unicode>
        </TextEquiv>
      </TextLine>
      <TextLine id="eSc_line_7767053f" custom="structure {type:default;}">
        <Coords points="892,852 890,876 1078,889 1080,892 2861,892 2863,859 2861,825 892,821 892,852"/>
        <Baseline points="892,852 2863,859"/>
        <TextEquiv conf="0.99923807879289">
          <Unicode>8685 Ecclesiae S. Teclae Estensis tutelam suscipit, bonaque conflrmat. (Fragmentum.)</Unicode>
        </TextEquiv>
      </TextLine>
      <TextLine id="eSc_line_8aa4db06" custom="structure {type:default;}">
        <Coords points="945,803 945,823 2450,821 2450,803 2448,766 945,766 945,803"/>
        <Baseline points="945,803 2450,803"/>
        <TextEquiv conf="0.9939573427726482">
          <Unicode>L. VII. c. 31, in MG. SS. XX. 264. — „Omne datum optimum“.</Unicode>
        </TextEquiv>
      </TextLine>
      <TextLine id="eSc_line_d4440b0b" custom="structure {type:default;}">
        <Coords points="945,914 945,940 2861,934 2863,907 2856,878 943,881 945,914"/>
        <Baseline points="945,914 2863,907"/>
        <TextEquiv conf="0.9907805359079724">
          <Unicode>Dondi Dissertazioni V. docum. p. 77, Gloria Cod. dipl. Pad. I. 315. — „Iustis peten-</Unicode>
        </TextEquiv>
      </TextLine>
      <TextLine id="eSc_line_c936bdb4" custom="structure {type:default;}">
        <Coords points="943,969 943,984 1131,995 1133,995 1327,980 1330,965 1325,929 941,927 943,969"/>
        <Baseline points="943,969 1330,965"/>
        <TextEquiv conf="0.999937678084654">
          <Unicode>tium desideriis“.</Unicode>
        </TextEquiv>
      </TextLine>
      <TextLine id="eSc_line_0573e023" custom="structure {type:default;}">
        <Coords points="892,1022 892,1044 938,1060 941,1060 943,1060 1007,1046 1009,1046 1122,1046 1126,1046 1159,1060 1162,1060 1164,1060 1241,1048 1254,1046 1270,1048 1336,1060 1338,1062 1551,1062 1551,1060 1553,1060 1573,1051 1581,1046 1986,1046 2023,1053 2052,1060 2054,1060 2056,1060 2068,1055 2083,1046 2143,1055 2180,1060 2182,1060 2211,1055 2269,1046 2297,1055 2308,1060 2311,1060 2313,1060 2386,1057 2609,1046 2629,1060 2631,1060 2633,1060 2635,1062 2863,1062 2863,1022 2863,991 892,991 892,1022"/>
        <Baseline points="892,1022 2863,1022"/>
        <TextEquiv conf="0.998939860612154">
          <Unicode>8686 Theobaldo archiepiscopo Cantuariensi mandat, moneat Gaufridum de Mandevilla</Unicode>
        </TextEquiv>
      </TextLine>
      <TextLine id="eSc_line_d4b28bf8" custom="structure {type:default;}">
        <Coords points="943,1077 943,1110 2865,1106 2865,1077 2865,1046 943,1046 943,1077"/>
        <Baseline points="943,1077 2865,1077"/>
        <TextEquiv conf="0.9923950491881952">
          <Unicode>et (Stephanum) regem, ut ecclesiae Eliensi restituant bona, quae, dum Romae absens</Unicode>
        </TextEquiv>
      </TextLine>
      <TextLine id="eSc_line_2a9738a0" custom="structure {type:default;}">
        <Coords points="945,1128 945,1159 2856,1157 2858,1135 2856,1099 945,1095 945,1128"/>
        <Baseline points="945,1128 2858,1135"/>
        <TextEquiv conf="0.999524591145692">
          <Unicode>fuisset episcopus, iniuste occupaverint (vide supra ep. 8625). In Mus. Britt. Ms.</Unicode>
        </TextEquiv>
      </TextLine>
      <TextLine id="eSc_line_cab13051" custom="structure {type:default;}">
        <Coords points="945,1188 945,1203 1011,1219 1014,1219 1016,1219 1042,1205 1058,1216 1060,1216 1062,1216 1064,1216 1124,1205 1137,1216 1137,1219 1140,1219 1142,1219 1144,1219 1146,1219 1179,1205 1208,1216 1210,1216 1212,1216 1215,1216 1217,1216 1235,1205 1265,1216 1268,1216 1270,1216 1358,1205 1360,1205 1387,1219 1389,1219 1391,1219 1495,1205 1497,1205 1500,1205 1546,1216 1548,1216 1551,1216 1553,1216 1573,1205 1586,1219 1588,1219 1590,1219 1592,1221 1844,1221 1844,1219 1847,1219 1849,1219 1864,1205 1866,1205 1990,1205 1992,1205 2021,1219 2023,1219 2026,1219 2220,1216 2222,1216 2242,1205 2244,1205 2255,1205 2355,1219 2357,1219 2414,1205 2414,1188 2414,1159 945,1159 945,1188"/>
        <Baseline points="945,1188 2414,1188"/>
        <TextEquiv conf="0.9958402687503446">
          <Unicode>Tit. A. 1. f. 34. Dedit F. Liebermann. — „Venerabilis frater“.</Unicode>
        </TextEquiv>
      </TextLine>
      <TextLine id="eSc_line_b8c72ac1" custom="structure {type:default;}">
        <Coords points="892,1238 892,1278 1062,1269 1091,1278 1100,1280 1102,1280 1104,1283 1427,1283 1427,1280 1469,1276 1528,1269 1537,1276 1544,1280 1546,1280 1548,1280 1551,1283 2330,1283 2330,1280 2498,1269 2527,1269 2547,1269 2675,1280 2677,1280 2863,1267 2863,1238 2863,1210 892,1210 892,1238"/>
        <Baseline points="892,1238 2863,1238"/>
        <TextEquiv conf="0.9941532180227083">
          <Unicode>8687 *Monasterii Hallensis, quod dicitur ad Novum-opus, possessiones et privilegia con-</Unicode>
        </TextEquiv>
      </TextLine>
      <TextLine id="eSc_line_c2ce4a12" custom="structure {type:default;}">
        <Coords points="943,1298 943,1329 2858,1327 2861,1294 2854,1263 941,1263 943,1298"/>
        <Baseline points="943,1298 2861,1294"/>
        <TextEquiv conf="0.9991794922683812">
          <Unicode>firmat. („1144, p. a. I.“, alia signa cronica desunt.) Dreyhaupt Pagus Neletici</Unicode>
        </TextEquiv>
      </TextLine>
      <TextLine id="eSc_line_559cfa07" custom="structure {type:default;}">
        <Coords points="943,1351 943,1371 1250,1369 1250,1351 1250,1320 943,1320 943,1351"/>
        <Baseline points="943,1351 1250,1351"/>
        <TextEquiv conf="0.9999661583166856">
          <Unicode>I. 706. n. 6.</Unicode>
        </TextEquiv>
      </TextLine>
      <TextLine id="eSc_line_a10eb21e" custom="structure {type:default;}">
        <Coords points="888,1400 885,1426 1164,1431 1184,1444 1186,1444 1188,1444 1190,1444 1294,1431 1303,1431 1617,1431 1619,1433 1648,1446 1650,1446 1652,1448 1838,1448 1838,1446 1840,1446 1842,1446 1858,1435 1860,1433 1869,1435 1904,1446 1906,1446 1908,1448 2021,1448 2021,1446 2023,1446 2050,1437 2059,1433 2070,1437 2092,1446 2094,1446 2204,1448 2207,1448 2209,1448 2244,1437 2255,1435 2264,1437 2291,1448 2293,1448 2295,1450 2569,1450 2569,1448 2571,1448 2589,1442 2602,1435 2635,1442 2677,1448 2680,1448 2861,1442 2863,1406 2863,1375 2834,1364 2832,1364 2655,1364 2653,1364 2534,1375 2529,1375 2503,1364 2501,1364 2498,1364 2496,1364 2494,1364 2478,1375 2476,1378 2291,1378 2282,1375 2204,1362 2202,1362 2149,1373 1922,1362 1919,1362 1917,1362 1877,1373 1875,1375 1562,1375 1559,1373 1544,1360 1542,1360 1539,1360 1537,1360 1535,1360 1511,1371 1411,1360 1409,1360 1314,1371 1310,1371 1301,1371 1095,1360 1093,1360 888,1369 888,1400"/>
        <Baseline points="888,1400 2863,1406"/>
        <TextEquiv conf="0.9895577757131486">
          <Unicode>8688 *Monasterii S. Petri-ivi Senonensis tutelam suscipit ac possessiones confirmat.</Unicode>
        </TextEquiv>
      </TextLine>
      <TextLine id="eSc_line_3ed95d5f" custom="structure {type:default;}">
        <Coords points="941,1461 941,1481 976,1497 978,1497 980,1497 1122,1495 1124,1495 1126,1495 1126,1492 1137,1484 1170,1495 1173,1495 1175,1495 1261,1484 1279,1497 1281,1497 1283,1497 1285,1499 1365,1499 1365,1497 1367,1497 1369,1497 1369,1495 1383,1484 1546,1495 1548,1495 1551,1495 1586,1481 1586,1461 1586,1431 941,1431 941,1461"/>
        <Baseline points="941,1461 1586,1461"/>
        <TextEquiv conf="0.9966267612245348">
          <Unicode>Quantin Cart. gén. II. 216.</Unicode>
        </TextEquiv>
      </TextLine>
      <TextLine id="eSc_line_20305746" custom="structure {type:default;}">
        <Coords points="885,1514 885,1539 2858,1543 2861,1514 2858,1479 885,1481 885,1514"/>
        <Baseline points="885,1514 2861,1514"/>
        <TextEquiv conf="0.9918086288905725">
          <Unicode>8689 *Ianuensibus „privilegia donat et confirmat omne ius, quod in partibus Syriae</Unicode>
        </TextEquiv>
      </TextLine>
      <TextLine id="eSc_line_77619d04" custom="structure {type:default;}">
        <Coords points="941,1570 938,1609 1394,1616 1396,1616 1398,1616 1431,1607 1455,1601 1464,1607 1473,1614 1475,1614 1478,1614 1559,1616 1562,1616 1564,1616 1590,1607 1612,1598 1681,1598 1699,1605 1716,1614 1718,1614 1955,1618 1957,1618 2026,1603 2041,1601 2056,1603 2118,1618 2121,1618 2123,1618 2125,1618 2143,1603 2189,1603 2302,1601 2308,1603 2359,1618 2361,1618 2364,1618 2366,1618 2399,1601 2401,1601 2668,1601 2671,1574 2671,1541 2638,1528 2635,1528 2633,1528 2582,1539 2560,1528 2558,1528 2556,1528 2348,1537 2304,1539 2284,1537 2220,1528 2218,1528 2216,1528 2213,1528 2202,1537 2198,1541 1827,1541 1771,1532 1718,1525 1716,1525 1714,1525 1699,1532 1683,1539 1075,1539 941,1525 941,1570"/>
        <Baseline points="941,1570 2671,1574"/>
        <TextEquiv conf="0.988752669947488">
          <Unicode>habuerunt vel habere debent“. Cafari Annal. 1144 in 9G. SS. XVIII. 20.</Unicode>
        </TextEquiv>
      </TextLine>
      <TextLine id="eSc_line_b82df0bd" custom="structure {type:default;}">
        <Coords points="859,1689 859,1724 901,1737 903,1737 905,1737 980,1729 1003,1726 1197,1733 1199,1689 1197,1645 859,1645 859,1689"/>
        <Baseline points="859,1689 1199,1689"/>
        <TextEquiv conf="0.9993063449859619">
          <Unicode>1144—1145.</Unicode>
        </TextEquiv>
      </TextLine>
      <TextLine id="eSc_line_5cacb71b" custom="structure {type:default;}">
        <Coords points="883,1788 883,1815 1014,1815 1031,1826 1034,1826 1036,1826 1038,1828 1166,1828 1166,1826 1168,1826 1170,1826 1188,1815 1305,1826 1307,1828 1661,1828 1661,1826 1663,1826 1665,1826 1683,1815 1749,1826 1752,1826 1836,1815 1869,1826 1871,1826 1873,1828 2052,1828 2052,1826 2054,1826 2056,1826 2074,1815 2779,1826 2781,1826 2861,1813 2861,1788 2861,1757 883,1746 883,1788"/>
        <Baseline points="883,1788 2861,1788"/>
        <TextEquiv conf="0.9982529213262159">
          <Unicode>8690 (6114) Willelmo, patriarchae Hierosolymitano, asserit „civitates omnes atque pro-</Unicode>
        </TextEquiv>
      </TextLine>
      <TextLine id="eSc_line_5c0f26d8" custom="structure {type:default;}">
        <Coords points="943,1848 943,1872 2856,1868 2858,1843 2852,1813 941,1815 943,1848"/>
        <Baseline points="943,1848 2858,1843"/>
        <TextEquiv conf="0.9980930370846014">
          <Unicode>vincias, quae in praesentiarum ei et ecclesiae Hierosolymitanae patriarchali seu metro-</Unicode>
        </TextEquiv>
      </TextLine>
      <TextLine id="eSc_line_b3965d92" custom="structure {type:default;}">
        <Coords points="941,1903 941,1930 2858,1930 2858,1903 2856,1863 941,1868 941,1903"/>
        <Baseline points="941,1903 2858,1903"/>
        <TextEquiv conf="0.9962734615518933">
          <Unicode>politico iure subiectae, quaecunque etiam temporibus utriusque Balduini et Fulconis,</Unicode>
        </TextEquiv>
      </TextLine>
      <TextLine id="eSc_line_dfcdc849" custom="structure {type:default;}">
        <Coords points="938,1958 938,1978 1111,1978 1115,1978 1137,1989 1140,1989 1142,1989 1365,1978 1396,1978 1422,1978 1570,1987 1573,1987 1575,1987 1577,1987 1588,1978 1595,1976 2852,1976 2856,1949 2852,1921 1897,1912 1895,1912 1893,1912 1849,1923 1844,1923 1833,1923 1696,1914 1694,1914 936,1925 938,1958"/>
        <Baseline points="938,1958 2856,1949"/>
        <TextEquiv conf="0.996453283727169">
          <Unicode>Hierosolymitanorum regum, restitutae sint“. Roziére Cartulaire du saint sépulcre</Unicode>
        </TextEquiv>
      </TextLine>
      <TextLine id="eSc_line_19e52837" custom="structure {type:default;}">
        <Coords points="938,2011 938,2038 945,2044 945,2047 947,2047 950,2047 952,2047 954,2047 992,2033 1038,2044 1040,2044 1042,2044 1045,2044 1075,2033 1093,2047 1095,2047 1098,2047 1100,2047 1208,2033 1212,2033 1217,2033 1323,2047 1325,2049 1469,2049 1469,2047 1471,2047 1473,2047 1473,2044 1484,2033 1486,2033 1570,2033 1573,2033 1584,2044 1584,2047 1586,2047 1588,2047 1590,2049 1741,2049 1741,2047 1743,2047 1745,2047 1763,2036 1765,2033 1771,2036 1807,2047 1809,2047 1811,2047 2171,2036 2171,2011 2171,1983 938,1983 938,2011"/>
        <Baseline points="938,2011 2171,2011"/>
        <TextEquiv conf="0.9995633409573481">
          <Unicode>p. 6, Migne 179 p. 927. — „Quanto apostolicae sedi“.</Unicode>
        </TextEquiv>
      </TextLine>
      <TextLine id="eSc_line_b7e88c74" custom="structure {type:default;}">
        <Coords points="885,2064 885,2091 2854,2093 2858,2060 2852,2029 883,2029 885,2064"/>
        <Baseline points="885,2064 2858,2060"/>
        <TextEquiv conf="0.9997355040208793">
          <Unicode>8691 (6116) Episcopo Burgensi praecipit, ut ecclesiam Caradignensem monachis Clu-</Unicode>
        </TextEquiv>
      </TextLine>
      <TextLine id="eSc_line_8079c919" custom="structure {type:default;}">
        <Coords points="938,2122 938,2144 1575,2153 1577,2153 1756,2142 1778,2142 1787,2142 1855,2153 1858,2153 1950,2142 1955,2142 1957,2142 1990,2153 1992,2153 1995,2155 2189,2155 2189,2153 2191,2153 2216,2139 2218,2139 2224,2139 2275,2150 2277,2153 2766,2153 2766,2150 2854,2137 2856,2115 2850,2086 936,2091 938,2122"/>
        <Baseline points="938,2122 2856,2115"/>
        <TextEquiv conf="0.9945944028022962">
          <Unicode>niacensibus intra dies 40 tribuat. Bullar. Cluniac. p. 55, Migne 179 p. 928. —</Unicode>
        </TextEquiv>
      </TextLine>
      <TextLine id="eSc_line_a1406c14" custom="structure {type:default;}">
        <Coords points="938,2179 938,2201 1146,2206 1148,2206 1195,2197 1215,2192 1235,2195 1307,2206 1310,2206 1378,2190 1380,2175 1374,2144 936,2144 938,2179"/>
        <Baseline points="938,2179 1380,2175"/>
        <TextEquiv conf="0.9929542574617598">
          <Unicode>„Meminisse debet“.</Unicode>
        </TextEquiv>
      </TextLine>
      <TextLine id="eSc_line_0959caf6" custom="structure {type:default;}">
        <Coords points="883,2230 883,2259 2856,2263 2861,2223 2854,2192 881,2195 883,2230"/>
        <Baseline points="883,2230 2861,2223"/>
        <TextEquiv conf="0.9951572658001692">
          <Unicode>8692 (6117) Ottoni, episcopo Pragensi, mandat, ut monasterii Brevnoviensis possessiones</Unicode>
        </TextEquiv>
      </TextLine>
      <TextLine id="eSc_line_2d0b7fca" custom="structure {type:default;}">
        <Coords points="938,2287 938,2309 1604,2307 1612,2312 1619,2318 1621,2318 1623,2318 1626,2320 1758,2320 1758,2318 1961,2314 2240,2305 2339,2314 2372,2316 2375,2316 2377,2316 2381,2314 2406,2303 2428,2314 2430,2314 2432,2316 2706,2316 2706,2314 2708,2314 2755,2303 2850,2314 2854,2279 2847,2248 936,2256 938,2287"/>
        <Baseline points="938,2287 2854,2279"/>
        <TextEquiv conf="0.9988366871663968">
          <Unicode>a Wratizlao duce tueatur. (Fragmentum.) Boczek C. D. M. I. 232, Migne 179</Unicode>
        </TextEquiv>
      </TextLine>
      <TextLine id="eSc_line_6f033dbc" custom="structure {type:default;}">
        <Coords points="938,2343 938,2369 1710,2354 1712,2336 1710,2307 1668,2296 1665,2296 1663,2296 1661,2296 1628,2307 1626,2309 1374,2309 1325,2309 1246,2298 1243,2298 1241,2298 1239,2298 1226,2312 1113,2312 1102,2303 1102,2301 1100,2301 1098,2301 1014,2301 1011,2301 936,2314 938,2343"/>
        <Baseline points="938,2343 1712,2336"/>
        <TextEquiv conf="0.9975279838808121">
          <Unicode>p. 929. — „Conquerentes nobis“.</Unicode>
        </TextEquiv>
      </TextLine>
      <TextLine id="eSc_line_121d9a20" custom="structure {type:default;}">
        <Coords points="883,2396 883,2424 2856,2424 2856,2396 2856,2365 883,2362 883,2396"/>
        <Baseline points="883,2396 2856,2396"/>
        <TextEquiv conf="0.9993278245593227">
          <Unicode>8693 Ecclesiae Parisiensis possessiones iuraque confirmat, petente Theobaldo episcopo.</Unicode>
        </TextEquiv>
      </TextLine>
      <TextLine id="eSc_line_c1b5aed5" custom="structure {type:default;}">
        <Coords points="938,2453 938,2479 2534,2468 2536,2446 2531,2415 936,2413 938,2453"/>
        <Baseline points="938,2453 2536,2446"/>
        <TextEquiv conf="0.9933158797877175">
          <Unicode>In bibl. nat. Paris. Coll. Moreau t. 61. f. 80. — „Quanto nobilis et“.</Unicode>
        </TextEquiv>
      </TextLine>
      <TextLine id="eSc_line_bee3ad48" custom="structure {type:default;}">
        <Coords points="883,2504 883,2530 2854,2526 2856,2499 2850,2466 881,2471 883,2504"/>
        <Baseline points="883,2504 2856,2499"/>
        <TextEquiv conf="0.9999962287790635">
          <Unicode>8694 Monasterii Fontis-dulcis tutelam suscipit, bonaque et privilegia confirmat, Gau-</Unicode>
        </TextEquiv>
      </TextLine>
      <TextLine id="eSc_line_763e852c" custom="structure {type:default;}">
        <Coords points="936,2561 936,2585 2854,2585 2856,2557 2850,2526 934,2528 936,2561"/>
        <Baseline points="936,2561 2856,2557"/>
        <TextEquiv conf="0.9985770486295223">
          <Unicode>frido abbate per Gaufridum, archiepiscopum Burdigalensem, petente. In bibl. nat.</Unicode>
        </TextEquiv>
      </TextLine>
      <TextLine id="eSc_line_6d5a7039" custom="structure {type:default;}">
        <Coords points="938,2619 938,2643 2856,2647 2858,2612 2852,2581 936,2585 938,2619"/>
        <Baseline points="938,2619 2858,2612"/>
        <TextEquiv conf="0.9915664287174449">
          <Unicode>Paris. ms. lat. 18403 (Monast. Benedict. XXVII bis.) f. 159. — „Religiosis desideriis</Unicode>
        </TextEquiv>
      </TextLine>
      <TextLine id="eSc_line_ee804683" custom="structure {type:default;}">
        <Coords points="938,2667 936,2683 985,2700 987,2700 989,2700 1157,2685 1159,2672 1157,2636 938,2632 938,2667"/>
        <Baseline points="938,2667 1159,2672"/>
        <TextEquiv conf="0.9871215745806694">
          <Unicode>dignum“.</Unicode>
        </TextEquiv>
      </TextLine>
      <TextLine id="eSc_line_8f1e80e4" custom="structure {type:default;}">
        <Coords points="885,2725 885,2751 2854,2744 2856,2718 2852,2683 883,2683 885,2725"/>
        <Baseline points="885,2725 2856,2718"/>
        <TextEquiv conf="0.9919168020403663">
          <Unicode>8695 R(obaldo) archiepiscopo Mediolanensi mandat, curet, ne parochiani sui a fratribus</Unicode>
        </TextEquiv>
      </TextLine>
      <TextLine id="eSc_line_c40e6c43" custom="structure {type:default;}">
        <Coords points="938,2782 938,2809 1500,2820 1502,2820 1504,2820 1506,2820 1515,2813 1524,2809 1732,2809 1758,2813 1789,2820 1791,2820 1972,2815 2238,2806 2591,2817 2626,2817 2629,2817 2633,2817 2691,2806 2708,2817 2710,2817 2713,2817 2715,2820 2854,2820 2856,2778 2850,2749 936,2749 938,2782"/>
        <Baseline points="938,2782 2856,2778"/>
        <TextEquiv conf="0.995628836543061">
          <Unicode>S. Mariae de Crescentiago decimas exigant vel alio modo eos infestare audeant. Pflugk-</Unicode>
        </TextEquiv>
      </TextLine>
      <TextLine id="eSc_line_33ba8d45" custom="structure {type:default;}">
        <Coords points="938,2837 938,2857 1997,2862 1999,2837 1999,2806 938,2806 938,2837"/>
        <Baseline points="938,2837 1999,2837"/>
        <TextEquiv conf="0.9995023488998414">
          <Unicode>Harttung Acta II. 341. — „Religiosi fratres“.</Unicode>
        </TextEquiv>
      </TextLine>
      <TextLine id="eSc_line_087dcf1e" custom="structure {type:default;}">
        <Coords points="885,2895 885,2917 1115,2917 1133,2928 1135,2928 1137,2928 1140,2928 1235,2917 1316,2926 1319,2926 1321,2926 1323,2926 1341,2915 1475,2926 1478,2926 1551,2915 2063,2923 2065,2923 2138,2912 2417,2919 2419,2919 2421,2919 2463,2908 2763,2919 2766,2919 2856,2903 2856,2884 2852,2850 2761,2839 2759,2839 2299,2850 2291,2850 2246,2839 2244,2839 2242,2839 1997,2853 1970,2853 1900,2853 1296,2844 1294,2844 883,2855 885,2895"/>
        <Baseline points="885,2895 2856,2884"/>
        <TextEquiv conf="0.9975007937615177">
          <Unicode>8696 W. (Samsoni) Remensi archiepiscopo, R. (Odoni) Belvacensi et D. (Alviso) Atre-</Unicode>
        </TextEquiv>
      </TextLine>
      <TextLine id="eSc_line_59bbff50" custom="structure {type:default;}">
        <Coords points="938,2945 938,2976 2845,2972 2847,2941 2841,2908 936,2917 938,2945"/>
        <Baseline points="938,2945 2847,2941"/>
        <TextEquiv conf="0.9992465464906259">
          <Unicode>batensi episcopis mandat, ut quae (Eliae) episcopo Aurelianensi obiiciantur, investigent</Unicode>
        </TextEquiv>
      </TextLine>
      <TextLine id="eSc_line_b36c2703" custom="structure {type:default;}">
        <Coords points="938,2998 936,3021 2852,3029 2856,3003 2854,2965 938,2965 938,2998"/>
        <Baseline points="938,2998 2856,3003"/>
        <TextEquiv conf="0.994979338768201">
          <Unicode>et si noxium iuramenti violati bonorumque alienatorum eum invenerint, deponant</Unicode>
        </TextEquiv>
      </TextLine>
      <TextLine id="eSc_line_746b65db" custom="structure {type:default;}">
        <Coords points="938,3058 938,3082 2856,3082 2856,3058 2854,3016 938,3023 938,3058"/>
        <Baseline points="938,3058 2856,3058"/>
        <TextEquiv conf="0.9965796030703045">
          <Unicode>aliumque intra 30 dies in eius locum eligi faciant. (Utrum in cancellaria apostolica</Unicode>
        </TextEquiv>
      </TextLine>
      <TextLine id="eSc_line_5e334fa6" custom="structure {type:default;}">
        <Coords points="943,3113 943,3135 1303,3146 1305,3146 1358,3135 1363,3135 1681,3135 1696,3146 1699,3146 1701,3146 1703,3149 1836,3149 1836,3146 1838,3146 1864,3135 1866,3135 2410,3144 2412,3144 2505,3133 2512,3133 2516,3133 2626,3144 2629,3144 2854,3131 2856,3109 2850,3080 941,3085 943,3113"/>
        <Baseline points="943,3113 2856,3109"/>
        <TextEquiv conf="0.9990564698264712">
          <Unicode>scripta sit epistola haec an ab episcopi Aurelianensis accusatoribus ficta, in dubio</Unicode>
        </TextEquiv>
      </TextLine>
      <TextLine id="eSc_line_2109ce20" custom="structure {type:default;}">
        <Coords points="936,3168 936,3197 1438,3204 1440,3204 1442,3204 1444,3204 1455,3195 1460,3193 1579,3195 1893,3199 1895,3199 2050,3191 2112,3188 2136,3191 2211,3199 2213,3199 2277,3191 2291,3188 2339,3188 2631,3199 2633,3199 2635,3199 2686,3186 2686,3162 2680,3133 934,3138 936,3168"/>
        <Baseline points="936,3168 2686,3162"/>
        <TextEquiv conf="0.9975160091695651">
          <Unicode>relinquit Wattenbach.) Neues Archiv VI. 171. — „Sicut vestra nobiscum“.</Unicode>
        </TextEquiv>
      </TextLine>
      <TextLine id="eSc_line_961a6bac" custom="structure {type:default;}">
        <Coords points="885,3219 885,3248 2856,3248 2856,3219 2856,3188 885,3184 885,3219"/>
        <Baseline points="885,3219 2856,3219"/>
        <TextEquiv conf="0.9934706922327534">
          <Unicode>8697 * Macario, abbati S. Benedicti super Ligerim (Floriacensi), praecipit, ut „ad refor-</Unicode>
        </TextEquiv>
      </TextLine>
      <TextLine id="eSc_line_c2f634ce" custom="structure {type:default;}">
        <Coords points="943,3281 943,3303 2856,3297 2856,3274 2850,3244 941,3252 943,3281"/>
        <Baseline points="943,3281 2856,3274"/>
        <TextEquiv conf="0.9985921521519505">
          <Unicode>mationem religionis et possessionum recuperationem, quae illicite distractae sint, cum</Unicode>
        </TextEquiv>
      </TextLine>
      <TextLine id="eSc_line_feff48de" custom="structure {type:default;}">
        <Coords points="938,3332 938,3356 1787,3369 1789,3369 1977,3358 1995,3358 1999,3358 2037,3369 2039,3369 2041,3369 2852,3358 2852,3332 2852,3303 938,3303 938,3332"/>
        <Baseline points="938,3332 2852,3332"/>
        <TextEquiv conf="0.9922594320343201">
          <Unicode>omni sollicitudine laboret“. Vide Eugenii III. ep. ap. Loewenfeld Epistolae p. 110.</Unicode>
        </TextEquiv>
      </TextLine>
      <TextLine id="eSc_line_f9eb2eb9" custom="structure {type:default;}">
        <Coords points="888,3385 888,3418 2854,3411 2854,3385 2854,3352 888,3347 888,3385"/>
        <Baseline points="888,3385 2854,3385"/>
        <TextEquiv conf="0.9993851184844971">
          <Unicode>8698 *A Guillelmo, archiepiscopo Ebredunensi, factam inter monachos S. Victoris et</Unicode>
        </TextEquiv>
      </TextLine>
      <TextLine id="eSc_line_8822eed7" custom="structure {type:default;}">
        <Coords points="941,3442 941,3484 1018,3471 1274,3471 1307,3482 1310,3482 1312,3482 1365,3471 1822,3482 1855,3482 1858,3482 1871,3482 2045,3469 2072,3480 2074,3480 2076,3480 2224,3469 2850,3478 2854,3438 2850,3409 2037,3398 2034,3398 938,3409 941,3442"/>
        <Baseline points="941,3442 2854,3438"/>
        <TextEquiv conf="0.9943183490208217">
          <Unicode>canonicos S. Sepulcri Massilienses compositionem laudat. Vide Eugenii III. epist. in</Unicode>
        </TextEquiv>
      </TextLine>
      <TextLine id="eSc_line_c7c94f55" custom="structure {type:default;}">
        <Coords points="938,3498 938,3568 1122,3568 1122,3566 1124,3566 1137,3562 1170,3553 1199,3562 1219,3566 1221,3566 1224,3566 1296,3559 1336,3555 1356,3557 1409,3566 1411,3566 1414,3566 1416,3566 1416,3564 1425,3555 1429,3553 1464,3555 1610,3566 1612,3566 1615,3566 1641,3551 1641,3498 1641,3469 938,3469 938,3498"/>
        <Baseline points="938,3498 1641,3498"/>
        <TextEquiv conf="0.9970364590485891">
          <Unicode>Solt. des Cartulaires IX. 364.</Unicode>
        </TextEquiv>
      </TextLine>
    </TextRegion>
    <TextRegion id="eSc_textblock_8bdefeb1"  custom="structure {type:default;}">
      <Coords points="1248,141 1975,150 1984,227 1208,245 1190,167 1248,141"/>
      <TextLine id="eSc_line_018b770a" custom="structure {type:default;}">
        <Coords points="1217,209 1217,242 1407,245 1409,245 1411,245 1416,242 1447,229 1497,242 1502,245 1504,245 1506,245 1509,245 1513,242 1551,229 1637,242 1650,245 1652,247 1729,247 1729,245 1732,245 1734,245 1734,242 1749,229 1800,229 1816,242 1816,245 1818,245 1820,245 1822,245 1964,242 1964,209 1961,154 1551,170 1542,163 1531,154 1531,152 1528,152 1526,152 1524,152 1449,163 1263,152 1261,152 1259,152 1217,170 1217,209"/>
        <Baseline points="1217,209 1964,209"/>
        <TextEquiv conf="0.9999415846098036">
          <Unicode>LTCIUS II. 1144—1145.</Unicode>
        </TextEquiv>
      </TextLine>
    </TextRegion>
  </Page>
</PcGts>
