<?xml version="1.0" encoding="UTF-8"  standalone="yes"?>
<PcGts xmlns="http://schema.primaresearch.org/PAGE/gts/pagecontent/2019-07-15" xmlns:xsi="http://www.w3.org/2001/XMLSchema-instance" xsi:schemaLocation="http://schema.primaresearch.org/PAGE/gts/pagecontent/2019-07-15 http://schema.primaresearch.org/PAGE/gts/pagecontent/2019-07-15/pagecontent.xsd">
  <Metadata externalRef="pdf//regestapontificu02cath.pdf">
	<Creator>escriptorium</Creator>
	<Created>2026-01-31T10:20:49.686909+00:00</Created>
        <LastChange>2026-02-01T13:23:11.656244+00:00</LastChange>
  </Metadata>
  <Page imageFilename="regestapontificu02cath.pdf_page_25.png" imageWidth="3007" imageHeight="3975">
    <TextRegion id="eSc_textblock_738e8274"  custom="structure {type:default;}">
      <Coords points="684,282 2706,291 2706,3107 2671,3495 760,3522 415,3504 388,3486 395,3389 368,3495 150,3486 114,2603 114,379 159,309 360,309 395,371 415,300 684,282"/>
      <TextLine id="eSc_line_afb302c8" custom="structure {type:default;}">
        <Coords points="667,344 667,362 1062,362 1137,373 1140,373 1338,359 1504,366 1506,366 1509,366 1511,366 1526,355 1592,366 1595,366 1597,366 1599,366 1617,355 1617,331 1610,289 1449,302 1394,289 1385,287 1383,287 1380,287 1378,287 1372,289 1327,302 1312,289 1310,289 1307,289 1305,289 1303,289 1301,289 1301,291 1285,306 1173,306 1148,289 1146,289 1144,289 1142,289 1140,289 1137,289 1137,291 1122,309 1020,309 969,289 961,287 958,287 956,287 665,289 667,344"/>
        <Baseline points="667,344 1617,331"/>
        <TextEquiv conf="0.9807118329890939">
          <Unicode>1144. (Ind. 7. — 1. Sept. — 8, pont. a. 1.)</Unicode>
        </TextEquiv>
      </TextLine>
      <TextLine id="eSc_line_56cd1113" custom="structure {type:default;}">
        <Coords points="148,404 148,437 368,441 371,399 366,351 145,344 148,404"/>
        <Baseline points="148,404 371,399"/>
        <TextEquiv conf="0.9787659645080566">
          <Unicode>Mai. 13.</Unicode>
        </TextEquiv>
      </TextLine>
      <TextLine id="eSc_line_0774372d" custom="structure {type:default;}">
        <Coords points="415,404 417,488 629,505 629,397 623,335 501,335 488,324 486,324 483,324 481,324 410,337 415,404"/>
        <Baseline points="415,404 629,397"/>
        <TextEquiv conf="0.6913928588231405">
          <Unicode>(ea</Unicode>
        </TextEquiv>
      </TextLine>
      <TextLine id="eSc_line_69c41d95" custom="structure {type:default;}">
        <Coords points="698,404 698,432 2666,432 2668,397 2664,366 2370,366 2275,348 2273,348 2271,348 2269,348 2244,364 2032,355 2030,355 2028,355 2001,366 1999,366 1990,366 1873,351 1871,351 1869,351 1833,366 1831,366 1756,366 808,353 806,353 695,366 698,404"/>
        <Baseline points="698,404 2668,397"/>
        <TextEquiv conf="0.9942870366162267">
          <Unicode>8602 (6065) Ecclesiae Bononiensis possessiones ac privilegia, petente Henrico episcopo,</Unicode>
        </TextEquiv>
      </TextLine>
      <TextLine id="eSc_line_c6b0cc5f" custom="structure {type:default;}">
        <Coords points="748,459 748,485 2666,479 2668,454 2662,424 746,424 748,459"/>
        <Baseline points="748,459 2668,454"/>
        <TextEquiv conf="0.994491695648148">
          <Unicode>confirmat. Savioli Ann. Bol. I. II. 206, Migne 179 p. 867. — „Si ad celestia regna“.</Unicode>
        </TextEquiv>
      </TextLine>
      <TextLine id="eSc_line_1230f05c" custom="structure {type:default;}">
        <Coords points="185,518 185,543 212,547 214,547 216,547 218,547 218,545 220,543 234,530 360,541 362,510 355,468 183,485 185,518"/>
        <Baseline points="185,518 362,510"/>
        <TextEquiv conf="0.999999737739563">
          <Unicode>„ 13.</Unicode>
        </TextEquiv>
      </TextLine>
      <TextLine id="eSc_line_d0624169" custom="structure {type:default;}">
        <Coords points="490,530 490,536 570,538 572,530 572,503 490,503 490,530"/>
        <Baseline points="490,530 572,530"/>
        <TextEquiv conf="1.0">
          <Unicode>„))</Unicode>
        </TextEquiv>
      </TextLine>
      <TextLine id="eSc_line_fb1be49d" custom="structure {type:default;}">
        <Coords points="700,512 700,534 2668,530 2671,507 2664,477 698,479 700,512"/>
        <Baseline points="700,512 2671,507"/>
        <TextEquiv conf="0.9894503981639178">
          <Unicode>8603 (6066) Ecclesiam S. Mariae Ardenensem tuendam suscipit, bonaque eius con-</Unicode>
        </TextEquiv>
      </TextLine>
      <TextLine id="eSc_line_66cc19f6" custom="structure {type:default;}">
        <Coords points="753,569 753,600 1082,589 1122,600 1133,602 1135,602 1137,602 1197,600 1325,591 1387,598 1427,602 1429,602 1453,598 1500,589 1674,589 1692,598 1705,602 1707,602 1710,602 1712,602 1734,596 1776,587 1858,596 1900,600 1902,602 2039,602 2039,600 2041,600 2054,596 2074,587 2116,596 2147,600 2149,602 2282,602 2282,600 2284,600 2286,600 2295,594 2308,587 2664,591 2668,565 2664,536 1710,525 1707,525 1705,525 1657,536 773,527 771,527 768,527 766,527 751,534 753,569"/>
        <Baseline points="753,569 2668,565"/>
        <TextEquiv conf="0.9882179817983082">
          <Unicode>firmat, petente Gisleberto priore. Gall. Chr. XI. Instr. p. 79, Hugo O. P. A. I. Pr.</Unicode>
        </TextEquiv>
      </TextLine>
      <TextLine id="eSc_line_aa9ffb79" custom="structure {type:default;}">
        <Coords points="751,624 751,649 2448,642 2450,618 2445,589 748,589 751,624"/>
        <Baseline points="751,624 2450,618"/>
        <TextEquiv conf="0.9976328040872301">
          <Unicode>p. 113, Neustria pia p. 704, Migne 179 p. 869. — „Ad hoc universalis“.</Unicode>
        </TextEquiv>
      </TextLine>
      <TextLine id="eSc_line_39926e1d" custom="structure {type:default;}">
        <Coords points="183,682 185,711 240,691 269,702 285,706 287,706 289,706 364,689 366,675 362,640 298,631 296,631 293,631 267,644 256,649 181,649 183,682"/>
        <Baseline points="183,682 366,675"/>
        <TextEquiv conf="0.9999955177307129">
          <Unicode>„ 13.</Unicode>
        </TextEquiv>
      </TextLine>
      <TextLine id="eSc_line_3ce416da" custom="structure {type:default;}">
        <Coords points="583,644 525,660 503,644 499,689 501,715 545,702 583,715 587,689 583,644"/>
        <Baseline points="499,689 587,689"/>
        <TextEquiv conf="1.0">
          <Unicode>„</Unicode>
        </TextEquiv>
      </TextLine>
      <TextLine id="eSc_line_1f9052f1" custom="structure {type:default;}">
        <Coords points="698,680 698,704 2671,704 2673,671 2666,640 695,647 698,680"/>
        <Baseline points="698,680 2673,671"/>
        <TextEquiv conf="0.9994495076897704">
          <Unicode>8604 (6067) Raymundo, archiepiscopo Toletano, eiusque successoribus „primatum per</Unicode>
        </TextEquiv>
      </TextLine>
      <TextLine id="eSc_line_25eba57f" custom="structure {type:default;}">
        <Coords points="755,733 755,755 2673,755 2675,728 2668,697 753,704 755,733"/>
        <Baseline points="755,733 2675,728"/>
        <TextEquiv conf="0.9923317575756507">
          <Unicode>universa Hispaniarum regna“ asserit. Ecclesiae eius privilegia confirmat. Mansi</Unicode>
        </TextEquiv>
      </TextLine>
      <TextLine id="eSc_line_83f23845" custom="structure {type:default;}">
        <Coords points="755,790 755,812 1005,812 1009,812 1060,825 1062,825 1064,825 1396,810 1422,810 1438,810 1617,823 1619,823 1621,823 1650,810 1831,821 1833,821 2001,808 2008,808 2010,808 2052,821 2054,821 2056,821 2613,803 2615,781 2609,750 753,757 755,790"/>
        <Baseline points="755,790 2615,781"/>
        <TextEquiv conf="0.9856957586606344">
          <Unicode>XXI. 609, Aguirre Conc. V. 59, Migne 179 p. 871. — „Sacrosancta Romana et“.</Unicode>
        </TextEquiv>
      </TextLine>
      <TextLine id="eSc_line_9f0bdf26" custom="structure {type:default;}">
        <Coords points="178,845 178,870 364,867 364,841 357,795 176,797 178,845"/>
        <Baseline points="178,845 364,841"/>
        <TextEquiv conf="0.9997724771499634">
          <Unicode>„ 13.</Unicode>
        </TextEquiv>
      </TextLine>
      <TextLine id="eSc_line_79438217" custom="structure {type:default;}">
        <Coords points="499,854 499,872 589,876 592,850 585,792 494,792 499,854"/>
        <Baseline points="499,854 592,850"/>
        <TextEquiv conf="1.0">
          <Unicode>„</Unicode>
        </TextEquiv>
      </TextLine>
      <TextLine id="eSc_line_c8c5c79a" custom="structure {type:default;}">
        <Coords points="698,845 698,870 2671,867 2673,839 2668,806 695,806 698,845"/>
        <Baseline points="698,845 2673,839"/>
        <TextEquiv conf="0.9989828621639925">
          <Unicode>8605 (6068) Archiepiscopos et episcopos Hispaniae, ut primati Raymundo, archiepiscopo</Unicode>
        </TextEquiv>
      </TextLine>
      <TextLine id="eSc_line_0b026737" custom="structure {type:default;}">
        <Coords points="757,898 757,923 2671,918 2673,892 2668,863 755,861 757,898"/>
        <Baseline points="757,898 2673,892"/>
        <TextEquiv conf="0.9905447494692918">
          <Unicode>Toletano, exhibeant obedientiam canonicam, hortatur. Mansi XXI. 610, Aguirre Conc.</Unicode>
        </TextEquiv>
      </TextLine>
      <TextLine id="eSc_line_dd61afde" custom="structure {type:default;}">
        <Coords points="757,951 757,969 797,982 799,982 802,982 804,982 806,982 819,971 888,982 890,982 892,982 919,971 980,982 983,982 1067,971 1102,982 1104,982 1106,982 1170,971 1193,982 1195,982 1197,982 1199,982 1243,971 1261,982 1263,982 1265,982 1268,984 1345,984 1345,982 1347,982 1349,982 1349,980 1360,971 1438,971 1449,980 1449,982 1451,982 1453,982 1455,984 1718,984 1718,982 1721,982 1723,982 1723,980 1734,971 2037,982 2039,982 2125,969 2125,951 2125,923 757,916 757,951"/>
        <Baseline points="757,951 2125,951"/>
        <TextEquiv conf="0.9908087828703094">
          <Unicode>V. 60, Migne 179 p. 872. — „Apostolicae sedis clementia“.</Unicode>
        </TextEquiv>
      </TextLine>
      <TextLine id="eSc_line_a86ad22b" custom="structure {type:default;}">
        <Coords points="181,1009 181,1035 205,1040 207,1040 209,1040 212,1040 212,1037 214,1035 229,1024 366,1035 368,1004 362,938 178,945 181,1009"/>
        <Baseline points="181,1009 368,1004"/>
        <TextEquiv conf="0.9997925162315369">
          <Unicode>„ 14.</Unicode>
        </TextEquiv>
      </TextLine>
      <TextLine id="eSc_line_1bdfd0fb" custom="structure {type:default;}">
        <Coords points="488,1018 486,1040 572,1035 574,1022 574,973 490,954 488,1018"/>
        <Baseline points="488,1018 574,1022"/>
        <TextEquiv conf="1.0">
          <Unicode>„</Unicode>
        </TextEquiv>
      </TextLine>
      <TextLine id="eSc_line_b0c4506a" custom="structure {type:default;}">
        <Coords points="702,1004 702,1037 2675,1033 2675,1004 2675,976 702,973 702,1004"/>
        <Baseline points="702,1004 2675,1004"/>
        <TextEquiv conf="0.9988968466840139">
          <Unicode>8606 (6069) Monasterii S. Bartholomaei Neuburgensis tutelam suscipit, possessiones</Unicode>
        </TextEquiv>
      </TextLine>
      <TextLine id="eSc_line_c96cd6ca" custom="structure {type:default;}">
        <Coords points="753,1060 753,1086 2677,1084 2677,1060 2677,1031 753,1026 753,1060"/>
        <Baseline points="753,1060 2677,1060"/>
        <TextEquiv conf="0.9991717236797985">
          <Unicode>confirmat, eique privilegia concedit, petente Marquardo praeposito. Chron. Laures-</Unicode>
        </TextEquiv>
      </TextLine>
      <TextLine id="eSc_line_0a2fdbcf" custom="structure {type:default;}">
        <Coords points="751,1117 751,1139 2536,1135 2538,1113 2531,1084 748,1084 751,1117"/>
        <Baseline points="751,1117 2538,1113"/>
        <TextEquiv conf="0.9948479847775565">
          <Unicode>hamense in MG. SS. XXI. 437, (Migne 179 p. 875). — „Ad hoc universalis“.</Unicode>
        </TextEquiv>
      </TextLine>
      <TextLine id="eSc_line_c0631f59" custom="structure {type:default;}">
        <Coords points="178,1177 178,1203 271,1190 304,1205 315,1210 318,1210 320,1210 366,1203 366,1172 362,1135 176,1135 178,1177"/>
        <Baseline points="178,1177 366,1172"/>
        <TextEquiv conf="0.9996140360832214">
          <Unicode>„ 11.</Unicode>
        </TextEquiv>
      </TextLine>
      <TextLine id="eSc_line_d9904fbe" custom="structure {type:default;}">
        <Coords points="499,1181 499,1207 603,1207 603,1181 603,1141 499,1141 499,1181"/>
        <Baseline points="499,1181 603,1181"/>
        <TextEquiv conf="1.0">
          <Unicode>„</Unicode>
        </TextEquiv>
      </TextLine>
      <TextLine id="eSc_line_8cc89029" custom="structure {type:default;}">
        <Coords points="695,1177 695,1207 2673,1194 2675,1168 2668,1137 693,1143 695,1177"/>
        <Baseline points="695,1177 2675,1168"/>
        <TextEquiv conf="0.9983599803796629">
          <Unicode>8607 (6070) Bernardo, episcopo S. Davidis (Menevensi), respondet, se „quoniam eius</Unicode>
        </TextEquiv>
      </TextLine>
      <TextLine id="eSc_line_e5b13396" custom="structure {type:default;}">
        <Coords points="753,1227 753,1252 2673,1245 2675,1221 2668,1192 751,1192 753,1227"/>
        <Baseline points="753,1227 2675,1221"/>
        <TextEquiv conf="0.9955221000839682">
          <Unicode>ecclesiae dignitas longo elapso tempore ab ipsa alienata et ad alias ecclesias trans-</Unicode>
        </TextEquiv>
      </TextLine>
      <TextLine id="eSc_line_f641c8e5" custom="structure {type:default;}">
        <Coords points="755,1283 755,1302 1243,1313 1246,1313 1248,1313 1250,1313 1265,1302 1268,1302 1400,1302 1409,1302 1544,1313 1546,1313 1608,1302 1712,1313 1714,1313 1866,1300 1884,1300 1897,1300 1984,1311 1986,1311 2114,1300 2127,1300 2165,1300 2585,1311 2587,1311 2673,1298 2675,1278 2671,1252 753,1249 755,1283"/>
        <Baseline points="755,1283 2675,1278"/>
        <TextEquiv conf="0.9937151219600286">
          <Unicode>lata sit, certum quid inde statuere ad praesens consilium non habere“. Legatos</Unicode>
        </TextEquiv>
      </TextLine>
      <TextLine id="eSc_line_e9e7a645" custom="structure {type:default;}">
        <Coords points="755,1340 755,1362 1230,1373 1232,1373 1360,1362 1391,1360 1398,1362 1422,1371 1425,1371 1427,1371 1471,1362 1482,1360 1504,1362 1592,1371 1595,1371 1687,1362 1725,1358 1736,1360 1756,1369 1758,1369 1760,1369 1833,1360 1866,1358 1880,1360 1906,1369 1908,1369 1911,1369 2671,1358 2673,1331 2668,1305 1270,1298 1268,1298 1265,1298 1226,1309 868,1300 866,1300 753,1311 755,1340"/>
        <Baseline points="755,1340 2673,1331"/>
        <TextEquiv conf="0.9991322678404969">
          <Unicode>nunciat in Angliam missum iri. Wharton Angl. sacr. II. 549, Haddan and Stubbs</Unicode>
        </TextEquiv>
      </TextLine>
      <TextLine id="eSc_line_23d61753" custom="structure {type:default;}">
        <Coords points="753,1393 753,1415 2313,1411 2315,1389 2308,1353 751,1362 753,1393"/>
        <Baseline points="753,1393 2315,1389"/>
        <TextEquiv conf="0.9948376933140541">
          <Unicode>Councils I. 348, Migne 179 p. 874. — „Fraternitatis tuae litteras“.</Unicode>
        </TextEquiv>
      </TextLine>
      <TextLine id="eSc_line_6c9d4c49" custom="structure {type:default;}">
        <Coords points="185,1448 185,1484 254,1470 269,1486 276,1490 276,1492 278,1492 280,1492 282,1492 315,1486 357,1479 371,1488 377,1448 377,1417 185,1406 185,1448"/>
        <Baseline points="185,1448 377,1448"/>
        <TextEquiv conf="0.9980244398117065">
          <Unicode>„ 14.</Unicode>
        </TextEquiv>
      </TextLine>
      <TextLine id="eSc_line_005e4844" custom="structure {type:default;}">
        <Coords points="486,1453 488,1521 574,1492 618,1517 623,1453 623,1408 486,1406 486,1453"/>
        <Baseline points="486,1453 623,1453"/>
        <TextEquiv conf="1.0">
          <Unicode>„</Unicode>
        </TextEquiv>
      </TextLine>
      <TextLine id="eSc_line_ac7a7805" custom="structure {type:default;}">
        <Coords points="645,1450 645,1468 2664,1477 2666,1448 2662,1417 2543,1404 2540,1404 2538,1404 2503,1415 1349,1404 1347,1404 1290,1415 1137,1404 1135,1404 1133,1404 1102,1415 1071,1404 1069,1404 1067,1404 954,1415 938,1404 936,1404 934,1404 715,1404 713,1404 642,1417 645,1450"/>
        <Baseline points="645,1450 2666,1448"/>
        <TextEquiv conf="0.9940734296054631">
          <Unicode>„ 8608 Ecclesiae S. Andreae apostoli de Scotia tutelam suscipit, ac possessiones confirmat,</Unicode>
        </TextEquiv>
      </TextLine>
      <TextLine id="eSc_line_2acabc6b" custom="structure {type:default;}">
        <Coords points="757,1506 757,1525 2673,1519 2675,1499 2671,1470 755,1468 757,1506"/>
        <Baseline points="757,1506 2675,1499"/>
        <TextEquiv conf="0.9990428228203844">
          <Unicode>Roberto priore et Bernardo, episcopo S. Davidis, petentibus. Liber cartarum S. An-</Unicode>
        </TextEquiv>
      </TextLine>
      <TextLine id="eSc_line_81a62c9f" custom="structure {type:default;}">
        <Coords points="751,1561 751,1583 1215,1594 1217,1594 1268,1583 1310,1594 1312,1594 1314,1594 1813,1581 1833,1581 1840,1581 1979,1592 1981,1592 1984,1592 2028,1578 2034,1578 2045,1578 2116,1590 2118,1590 2350,1578 2366,1578 2381,1578 2611,1590 2613,1590 2673,1576 2675,1554 2671,1525 2163,1514 2160,1514 2043,1525 2028,1528 748,1528 751,1561"/>
        <Baseline points="751,1561 2675,1554"/>
        <TextEquiv conf="0.9942167037493223">
          <Unicode>dreae p. 47, Haddan and Stubbs Councils II. I. 223. — „Apostolici moderaminis</Unicode>
        </TextEquiv>
      </TextLine>
      <TextLine id="eSc_line_e7457238" custom="structure {type:default;}">
        <Coords points="748,1614 748,1629 832,1643 835,1643 1014,1625 1016,1609 1011,1572 746,1567 748,1614"/>
        <Baseline points="748,1614 1016,1609"/>
        <TextEquiv conf="0.9999979084188287">
          <Unicode>clemencie“.</Unicode>
        </TextEquiv>
      </TextLine>
      <TextLine id="eSc_line_e8ff99da" custom="structure {type:default;}">
        <Coords points="187,1669 190,1704 218,1693 251,1700 293,1707 296,1707 298,1707 300,1707 313,1693 315,1691 406,1684 406,1669 406,1631 187,1631 187,1669"/>
        <Baseline points="187,1669 406,1669"/>
        <TextEquiv conf="0.9824854850769043">
          <Unicode>„ 15.</Unicode>
        </TextEquiv>
      </TextLine>
      <TextLine id="eSc_line_e760355c" custom="structure {type:default;}">
        <Coords points="417,1669 415,1691 461,1713 463,1713 466,1713 592,1700 594,1671 592,1616 417,1636 417,1669"/>
        <Baseline points="417,1669 594,1671"/>
        <TextEquiv conf="1.0">
          <Unicode>„</Unicode>
        </TextEquiv>
      </TextLine>
      <TextLine id="eSc_line_18c4a7d9" custom="structure {type:default;}">
        <Coords points="693,1667 693,1689 2675,1687 2675,1662 2671,1636 691,1629 693,1667"/>
        <Baseline points="693,1667 2675,1662"/>
        <TextEquiv conf="0.9994645088911056">
          <Unicode>8609 (6071) Hugonem, archiepiscopum Turonensem, „de Britannorum episcoporum obe-</Unicode>
        </TextEquiv>
      </TextLine>
      <TextLine id="eSc_line_ab2bb911" custom="structure {type:default;}">
        <Coords points="753,1724 753,1746 1661,1757 1663,1757 1665,1757 1712,1744 1716,1744 1723,1744 1754,1755 1756,1755 1758,1757 1988,1757 1988,1755 1990,1755 2019,1744 2021,1744 2023,1744 2050,1755 2052,1755 2054,1755 2163,1744 2174,1744 2202,1744 2540,1755 2543,1755 2673,1742 2675,1720 2671,1693 751,1693 753,1724"/>
        <Baseline points="753,1724 2675,1720"/>
        <TextEquiv conf="0.9982172401554613">
          <Unicode>dientia per baculum investit“. Sancit, „ut tam Dolensis quam universi deinceps Bri-</Unicode>
        </TextEquiv>
      </TextLine>
      <TextLine id="eSc_line_d44b0e71" custom="structure {type:default;}">
        <Coords points="751,1782 751,1808 2668,1808 2671,1775 2666,1744 748,1744 751,1782"/>
        <Baseline points="751,1782 2671,1775"/>
        <TextEquiv conf="0.997674262800882">
          <Unicode>tanniae citerioris episcopi Turonensi ecclesiae tamquam metropoli propriae subiaceant,</Unicode>
        </TextEquiv>
      </TextLine>
      <TextLine id="eSc_line_241a8ef4" custom="structure {type:default;}">
        <Coords points="753,1832 753,1857 2673,1857 2673,1832 2671,1804 753,1804 753,1832"/>
        <Baseline points="753,1832 2673,1832"/>
        <TextEquiv conf="0.9971793337566096">
          <Unicode>utque post Gaufridum nullus Dolensis episcopus ad pallii usum aspirari praesumat“.</Unicode>
        </TextEquiv>
      </TextLine>
      <TextLine id="eSc_line_b8d6eb04" custom="structure {type:default;}">
        <Coords points="753,1888 753,1927 835,1914 1425,1923 1687,1925 1690,1925 1774,1919 1869,1912 1922,1919 1972,1923 1975,1923 2671,1910 2673,1883 2666,1855 751,1855 753,1888"/>
        <Baseline points="753,1888 2673,1883"/>
        <TextEquiv conf="0.9948026155814146">
          <Unicode>Martene Thes. III. 887, Morice Mém. de Bret. I. 591, Mansi XXI. 619, Migne 179</Unicode>
        </TextEquiv>
      </TextLine>
      <TextLine id="eSc_line_31a3ca72" custom="structure {type:default;}">
        <Coords points="753,1947 753,1974 806,1963 1031,1967 1314,1974 1316,1974 1319,1974 1363,1958 1363,1943 1358,1912 751,1912 753,1947"/>
        <Baseline points="753,1947 1363,1943"/>
        <TextEquiv conf="0.9998997020721435">
          <Unicode>p. 875. — „Quae iudicii“.</Unicode>
        </TextEquiv>
      </TextLine>
      <TextLine id="eSc_line_2e96ecec" custom="structure {type:default;}">
        <Coords points="181,1998 181,2022 402,2007 402,1998 395,1952 371,1969 342,1954 335,1952 333,1952 285,1952 282,1952 280,1952 278,1952 278,1954 273,1958 260,1969 181,1963 181,1998"/>
        <Baseline points="181,1998 402,1998"/>
        <TextEquiv conf="0.9999050855636596">
          <Unicode>„ 15.</Unicode>
        </TextEquiv>
      </TextLine>
      <TextLine id="eSc_line_267b066c" custom="structure {type:default;}">
        <Coords points="437,2000 435,2014 570,2033 574,2002 567,1972 437,1972 437,2000"/>
        <Baseline points="437,2000 532,2009 574,2002"/>
        <TextEquiv conf="0.999987006187439">
          <Unicode>„„</Unicode>
        </TextEquiv>
      </TextLine>
      <TextLine id="eSc_line_3ddd04d8" custom="structure {type:default;}">
        <Coords points="698,1996 698,2022 2675,2022 2675,1996 2673,1958 698,1963 698,1996"/>
        <Baseline points="698,1996 2675,1996"/>
        <TextEquiv conf="0.9947614607422851">
          <Unicode>8610 (6072) Briocensem et Trecorensem episcopos „ab obedientia et fidelitate ecclesiae</Unicode>
        </TextEquiv>
      </TextLine>
      <TextLine id="eSc_line_1febd56a" custom="structure {type:default;}">
        <Coords points="751,2055 751,2075 2671,2073 2673,2051 2668,2022 1718,2011 1716,2011 1714,2011 1683,2022 872,2014 870,2014 748,2025 751,2055"/>
        <Baseline points="751,2055 2673,2051"/>
        <TextEquiv conf="0.9857940507489581">
          <Unicode>et episcopi Dolensis absolvit“, et parere archiepiscopo Turonensi iubet. Martene Thes.</Unicode>
        </TextEquiv>
      </TextLine>
      <TextLine id="eSc_line_eeb30c87" custom="structure {type:default;}">
        <Coords points="751,2108 751,2135 2675,2135 2675,2108 2675,2080 751,2080 751,2108"/>
        <Baseline points="751,2108 2675,2108"/>
        <TextEquiv conf="0.9971011326863215">
          <Unicode>III. 890, Morice Mém. de Bret. I. 593, Bouquet Rec. XV. 412, Migne 179 p. 877.</Unicode>
        </TextEquiv>
      </TextLine>
      <TextLine id="eSc_line_10ea5f77" custom="structure {type:default;}">
        <Coords points="751,2164 751,2184 828,2184 839,2192 839,2195 841,2195 843,2195 846,2197 1151,2197 1151,2195 1153,2195 1155,2195 1155,2192 1166,2184 1265,2195 1268,2195 1321,2181 1321,2164 1319,2128 751,2131 751,2164"/>
        <Baseline points="751,2164 1321,2164"/>
        <TextEquiv conf="0.9800509214401245">
          <Unicode>— „Controversia, quae“.</Unicode>
        </TextEquiv>
      </TextLine>
      <TextLine id="eSc_line_18d2bf5a" custom="structure {type:default;}">
        <Coords points="176,2217 176,2237 364,2237 364,2212 357,2131 240,2150 174,2139 176,2217"/>
        <Baseline points="176,2217 364,2212"/>
        <TextEquiv conf="0.9984072327613831">
          <Unicode>„ 15.</Unicode>
        </TextEquiv>
      </TextLine>
      <TextLine id="eSc_line_20590d87" custom="structure {type:default;}">
        <Coords points="499,2230 499,2259 539,2261 541,2261 543,2261 545,2261 545,2259 547,2259 556,2248 561,2241 587,2241 589,2226 585,2201 497,2192 499,2230"/>
        <Baseline points="499,2230 589,2226"/>
        <TextEquiv conf="1.0">
          <Unicode>„</Unicode>
        </TextEquiv>
      </TextLine>
      <TextLine id="eSc_line_c39fe89f" custom="structure {type:default;}">
        <Coords points="700,2223 700,2243 2671,2239 2673,2217 2668,2188 2545,2175 2543,2175 2540,2175 2514,2186 2514,2188 2264,2188 2262,2186 2240,2175 2238,2175 2235,2175 2233,2175 2202,2186 2198,2186 2158,2184 1999,2177 1997,2177 1948,2184 1915,2188 1809,2184 1643,2175 1641,2175 1579,2181 1528,2188 1506,2181 1484,2175 1482,2175 1480,2175 1407,2181 1334,2188 1305,2181 1290,2177 1288,2177 1285,2177 1283,2177 1281,2177 1277,2181 1261,2190 1148,2179 1104,2177 877,2177 874,2177 872,2177 866,2179 832,2190 815,2179 813,2177 810,2177 808,2177 806,2177 698,2177 700,2223"/>
        <Baseline points="700,2223 2673,2217"/>
        <TextEquiv conf="0.9987766893513231">
          <Unicode>8611 (6072a) Ecclesiae Turonensis protectionem suscipit, possessionesque confirmat.</Unicode>
        </TextEquiv>
      </TextLine>
      <TextLine id="eSc_line_46108d4a" custom="structure {type:default;}">
        <Coords points="753,2276 753,2314 850,2301 1230,2312 1232,2312 1235,2312 1391,2301 1409,2312 1411,2312 1414,2312 1416,2312 1418,2312 1455,2301 1643,2312 1676,2312 1679,2312 1681,2312 1685,2312 1714,2298 1818,2298 1836,2309 1838,2309 1840,2309 1842,2312 1995,2312 1995,2309 1997,2309 1999,2309 2014,2298 2037,2309 2039,2309 2041,2309 2043,2309 2059,2309 2171,2298 2666,2305 2671,2272 2666,2243 751,2241 753,2276"/>
        <Baseline points="753,2276 2671,2272"/>
        <TextEquiv conf="0.9865651227533817">
          <Unicode>Rec. de St.-Martin de Tours p. 17, Migne 179 p. 878, (Maan Eccl. Turon. p. 252).</Unicode>
        </TextEquiv>
      </TextLine>
      <TextLine id="eSc_line_e9afb621" custom="structure {type:default;}">
        <Coords points="757,2329 757,2347 826,2347 828,2347 848,2362 850,2362 852,2362 855,2362 987,2347 989,2347 1007,2360 1009,2360 1011,2360 1082,2362 1084,2362 1170,2345 1177,2345 1182,2345 1261,2360 1263,2360 1414,2343 1416,2325 1409,2294 755,2296 757,2329"/>
        <Baseline points="757,2329 1416,2325"/>
        <TextEquiv conf="0.9946675048424647">
          <Unicode>— „Cum omnibus ecclesiis“.</Unicode>
        </TextEquiv>
      </TextLine>
      <TextLine id="eSc_line_a2fd6a6f" custom="structure {type:default;}">
        <Coords points="178,2380 181,2420 225,2402 362,2418 364,2376 360,2336 176,2334 178,2380"/>
        <Baseline points="178,2380 364,2376"/>
        <TextEquiv conf="0.9999717473983765">
          <Unicode>„ 16.</Unicode>
        </TextEquiv>
      </TextLine>
      <TextLine id="eSc_line_87ce16c5" custom="structure {type:default;}">
        <Coords points="486,2396 486,2402 583,2404 585,2396 585,2369 486,2369 486,2396"/>
        <Baseline points="486,2396 585,2396"/>
        <TextEquiv conf="1.0">
          <Unicode>„„</Unicode>
        </TextEquiv>
      </TextLine>
      <TextLine id="eSc_line_9ff793ea" custom="structure {type:default;}">
        <Coords points="700,2382 700,2407 2671,2404 2673,2378 2668,2343 698,2343 700,2382"/>
        <Baseline points="700,2382 2673,2378"/>
        <TextEquiv conf="0.998641513198255">
          <Unicode>8612 Abbatibus, prioribus, clero et populo Baiocensis ecclesiae commendat Philippum</Unicode>
        </TextEquiv>
      </TextLine>
      <TextLine id="eSc_line_327beb9a" custom="structure {type:default;}">
        <Coords points="753,2440 753,2464 2664,2466 2668,2433 2662,2407 751,2411 753,2440"/>
        <Baseline points="753,2440 2668,2433"/>
        <TextEquiv conf="0.9892932431000035">
          <Unicode>episcopum, qui „iuxta morem noviter intromissorum limina apostolorum visitaverit“;</Unicode>
        </TextEquiv>
      </TextLine>
      <TextLine id="eSc_line_04180b54" custom="structure {type:default;}">
        <Coords points="755,2495 755,2521 2668,2515 2671,2488 2664,2462 753,2466 755,2495"/>
        <Baseline points="755,2495 2671,2488"/>
        <TextEquiv conf="0.9986281777605598">
          <Unicode>cui ut ad bona et privilegia ecclesiae recuperanda opitulentur, hortatur. Loewen-</Unicode>
        </TextEquiv>
      </TextLine>
      <TextLine id="eSc_line_54c34e52" custom="structure {type:default;}">
        <Coords points="751,2550 751,2577 866,2568 888,2577 901,2581 903,2581 905,2583 1115,2583 1115,2581 1117,2581 1135,2572 1148,2566 1369,2570 1734,2577 1736,2577 1738,2577 1741,2577 1754,2566 1765,2574 1765,2577 1767,2577 1769,2577 1771,2579 1895,2579 1895,2577 1897,2577 1944,2561 1944,2544 1939,2515 748,2513 751,2550"/>
        <Baseline points="751,2550 1944,2544"/>
        <TextEquiv conf="0.9979498386383057">
          <Unicode>feld Epistolae p. 96. — „Venerabilis frater noster“.</Unicode>
        </TextEquiv>
      </TextLine>
      <TextLine id="eSc_line_8d32f7fc" custom="structure {type:default;}">
        <Coords points="185,2601 185,2623 366,2623 366,2592 362,2559 287,2550 285,2550 183,2570 185,2601"/>
        <Baseline points="185,2601 366,2592"/>
        <TextEquiv conf="0.9999998807907104">
          <Unicode>„ 18.</Unicode>
        </TextEquiv>
      </TextLine>
      <TextLine id="eSc_line_164d9446" custom="structure {type:default;}">
        <Coords points="481,2647 587,2645 587,2614 578,2544 517,2568 479,2548 481,2619 481,2647"/>
        <Baseline points="481,2619 587,2614"/>
        <TextEquiv conf="1.0">
          <Unicode>„</Unicode>
        </TextEquiv>
      </TextLine>
      <TextLine id="eSc_line_3b0a5700" custom="structure {type:default;}">
        <Coords points="698,2603 698,2625 2671,2621 2673,2599 2668,2572 713,2563 711,2563 709,2563 707,2563 695,2570 698,2603"/>
        <Baseline points="698,2603 2673,2599"/>
        <TextEquiv conf="0.9928005316171301">
          <Unicode>8613 (6073) Gau(frido), comiti Britanniae, et Henrico fratri eius, et baronibus per</Unicode>
        </TextEquiv>
      </TextLine>
      <TextLine id="eSc_line_e1598647" custom="structure {type:default;}">
        <Coords points="757,2656 757,2691 2673,2680 2673,2656 2673,2630 757,2625 757,2656"/>
        <Baseline points="757,2656 2673,2656"/>
        <TextEquiv conf="0.9988324677660352">
          <Unicode>Dolensem, Briocensem et Trecorensem episcopatus constitutis interdicit, ne repugnent</Unicode>
        </TextEquiv>
      </TextLine>
      <TextLine id="eSc_line_e9ffec6c" custom="structure {type:default;}">
        <Coords points="757,2714 757,2742 2671,2736 2673,2709 2668,2678 755,2678 757,2714"/>
        <Baseline points="757,2714 2673,2709"/>
        <TextEquiv conf="0.9928381320941879">
          <Unicode>sententiae pro archiepiscopo Turonensi a sese latae. Martene Thes. III. 890, Morice</Unicode>
        </TextEquiv>
      </TextLine>
      <TextLine id="eSc_line_2c834f30" custom="structure {type:default;}">
        <Coords points="757,2769 757,2791 1444,2802 1447,2802 2346,2789 2357,2789 2375,2800 2377,2800 2379,2800 2381,2802 2638,2802 2638,2800 2640,2800 2673,2786 2673,2764 2668,2736 755,2733 757,2769"/>
        <Baseline points="757,2769 2673,2764"/>
        <TextEquiv conf="0.9996355106304218">
          <Unicode>Mém. de Bret. I. 594, Bouquet Rec. XV. 412, Migne 179 p. 879. — „Universitati</Unicode>
        </TextEquiv>
      </TextLine>
      <TextLine id="eSc_line_4db6988e" custom="structure {type:default;}">
        <Coords points="755,2824 755,2837 888,2850 890,2850 892,2850 961,2831 961,2817 954,2789 753,2793 755,2824"/>
        <Baseline points="755,2824 961,2817"/>
        <TextEquiv conf="0.9996992415852017">
          <Unicode>vestrae“.</Unicode>
        </TextEquiv>
      </TextLine>
      <TextLine id="eSc_line_59615316" custom="structure {type:default;}">
        <Coords points="362,2824 276,2811 273,2811 236,2820 198,2828 185,2817 185,2873 187,2910 245,2886 271,2886 298,2908 300,2908 302,2908 304,2910 366,2910 366,2866 362,2824"/>
        <Baseline points="185,2873 366,2866"/>
        <TextEquiv conf="0.999992060661316">
          <Unicode>„ 19.</Unicode>
        </TextEquiv>
      </TextLine>
      <TextLine id="eSc_line_4c9ae3ca" custom="structure {type:default;}">
        <Coords points="486,2886 483,2910 545,2919 547,2919 550,2919 589,2906 592,2890 592,2853 486,2848 486,2886"/>
        <Baseline points="486,2886 592,2890"/>
        <TextEquiv conf="1.0">
          <Unicode>„</Unicode>
        </TextEquiv>
      </TextLine>
      <TextLine id="eSc_line_58db4767" custom="structure {type:default;}">
        <Coords points="700,2877 700,2903 2673,2903 2673,2877 2673,2848 700,2844 700,2877"/>
        <Baseline points="700,2877 2673,2877"/>
        <TextEquiv conf="0.9950097352266312">
          <Unicode>8614 (6074) Ordinis Praemonstratensis protcctionem suscipit, possessionesque et pri-</Unicode>
        </TextEquiv>
      </TextLine>
      <TextLine id="eSc_line_dc215137" custom="structure {type:default;}">
        <Coords points="757,2932 757,2959 2673,2956 2673,2932 2673,2901 757,2895 757,2932"/>
        <Baseline points="757,2932 2673,2932"/>
        <TextEquiv conf="0.9915534959563727">
          <Unicode>vilegia confirmat, petente Hugone abbate. Le Paige Bibl. Praem. p. 625, Launoii</Unicode>
        </TextEquiv>
      </TextLine>
      <TextLine id="eSc_line_7ebd77df" custom="structure {type:default;}">
        <Coords points="753,2983 751,3001 793,3016 795,3016 797,3018 963,3018 963,3016 965,3016 967,3016 967,3014 976,3005 1000,3016 1003,3016 1005,3016 1007,3016 1027,3005 1045,3016 1047,3016 1049,3016 1051,3018 1142,3018 1142,3016 1144,3016 1146,3016 1146,3014 1157,3005 1186,3016 1188,3016 1190,3016 1299,3005 1387,3016 1389,3016 1391,3016 1420,3005 1506,3018 1509,3018 1601,3007 1681,3007 1692,3016 1692,3018 1694,3018 1696,3018 1699,3018 2165,3005 2167,2987 2165,2959 753,2954 753,2983"/>
        <Baseline points="753,2983 2167,2987"/>
        <TextEquiv conf="0.9989175775955463">
          <Unicode>Opp. III. I. 457, Migne 179 p. 880. — „Ad uberes fructus“.</Unicode>
        </TextEquiv>
      </TextLine>
      <TextLine id="eSc_line_f49db9d2" custom="structure {type:default;}">
        <Coords points="185,3040 185,3058 364,3058 366,3034 360,2965 302,2968 300,2968 298,2968 278,2985 254,3007 231,2998 229,2998 227,2998 225,2998 183,3009 185,3040"/>
        <Baseline points="185,3040 366,3034"/>
        <TextEquiv conf="0.9998196363449097">
          <Unicode>„ 19.</Unicode>
        </TextEquiv>
      </TextLine>
      <TextLine id="eSc_line_bac95f00" custom="structure {type:default;}">
        <Coords points="488,3054 488,3071 596,3067 596,3054 594,3012 563,3014 547,2998 541,2994 541,2992 539,2992 536,2992 488,2985 488,3054"/>
        <Baseline points="488,3054 596,3054"/>
        <TextEquiv conf="0.9999998807907104">
          <Unicode>„</Unicode>
        </TextEquiv>
      </TextLine>
      <TextLine id="eSc_line_a925ec3f" custom="structure {type:default;}">
        <Coords points="702,3043 702,3069 2668,3062 2671,3036 2666,3009 1358,3001 1356,3001 1354,3001 1310,3012 718,3003 715,3003 713,3003 711,3003 700,3009 702,3043"/>
        <Baseline points="702,3043 2671,3036"/>
        <TextEquiv conf="0.9883296099447069">
          <Unicode>8615 (6075) Monasterii S. Martini Laudunensis protectionem suscipit, possessionesquc</Unicode>
        </TextEquiv>
      </TextLine>
      <TextLine id="eSc_line_0f2ecac3" custom="structure {type:default;}">
        <Coords points="757,3098 757,3120 2668,3122 2671,3098 2671,3067 757,3067 757,3098"/>
        <Baseline points="757,3098 2671,3098"/>
        <TextEquiv conf="0.9991915007180805">
          <Unicode>et privilegia confirmat, petente Gualtero abbate. Le Paige Bibl. Praem. p. 451,</Unicode>
        </TextEquiv>
      </TextLine>
      <TextLine id="eSc_line_5c3b5ca5" custom="structure {type:default;}">
        <Coords points="757,3151 757,3175 1791,3171 1791,3151 1791,3122 757,3111 757,3151"/>
        <Baseline points="757,3151 1791,3151"/>
        <TextEquiv conf="0.9830357723119783">
          <Unicode>Migne 179 p. 882. — „Quoniam sine verae“.</Unicode>
        </TextEquiv>
      </TextLine>
      <TextLine id="eSc_line_8a3cb251" custom="structure {type:default;}">
        <Coords points="187,3202 187,3230 368,3217 368,3195 364,3157 185,3153 187,3202"/>
        <Baseline points="187,3202 368,3195"/>
        <TextEquiv conf="0.9999997615814209">
          <Unicode>„ 20.</Unicode>
        </TextEquiv>
      </TextLine>
      <TextLine id="eSc_line_496e7ef7" custom="structure {type:default;}">
        <Coords points="492,3217 492,3266 545,3274 547,3274 550,3274 583,3261 583,3217 583,3188 492,3186 492,3217"/>
        <Baseline points="492,3217 583,3217"/>
        <TextEquiv conf="1.0">
          <Unicode>„</Unicode>
        </TextEquiv>
      </TextLine>
      <TextLine id="eSc_line_cfbc974e" custom="structure {type:default;}">
        <Coords points="704,3204 704,3228 2668,3224 2671,3199 2666,3173 720,3164 718,3164 715,3164 713,3164 702,3171 704,3204"/>
        <Baseline points="704,3204 2671,3199"/>
        <TextEquiv conf="0.9936022950070245">
          <Unicode>8616 (6076) Ecclesiae S. Petri Faventinae protectionem suscipit, canonicorumque pos-</Unicode>
        </TextEquiv>
      </TextLine>
      <TextLine id="eSc_line_d8c3f04c" custom="structure {type:default;}">
        <Coords points="757,3257 755,3292 1193,3294 1195,3294 1197,3294 1206,3292 1226,3283 1254,3290 1270,3294 1272,3294 1274,3297 1654,3297 1654,3294 1683,3290 1714,3283 1807,3288 1946,3297 1948,3297 2222,3286 2271,3286 2275,3286 2304,3297 2306,3297 2308,3297 2668,3283 2671,3261 2668,3233 757,3228 757,3257"/>
        <Baseline points="757,3257 2671,3261"/>
        <TextEquiv conf="0.9999034993619804">
          <Unicode>sessiones confirmat, Farulfo archidiacono et Petro archipresbytero petentibus. Mit-</Unicode>
        </TextEquiv>
      </TextLine>
      <TextLine id="eSc_line_d34abf87" custom="structure {type:default;}">
        <Coords points="757,3316 757,3336 2299,3336 2299,3316 2299,3286 757,3283 757,3316"/>
        <Baseline points="757,3316 2299,3316"/>
        <TextEquiv conf="0.9999652374535799">
          <Unicode>tarelli Access. Favent. p. 431, Migne 179 p. 884. — „Ad hoc in“.</Unicode>
        </TextEquiv>
      </TextLine>
      <TextLine id="eSc_line_4e558755" custom="structure {type:default;}">
        <Coords points="187,3365 187,3411 373,3411 373,3358 368,3292 342,3288 340,3288 338,3288 335,3288 324,3297 307,3308 282,3301 247,3292 245,3292 243,3292 240,3292 185,3310 187,3365"/>
        <Baseline points="187,3365 373,3358"/>
        <TextEquiv conf="0.9895514965057373">
          <Unicode>„ 21.</Unicode>
        </TextEquiv>
      </TextLine>
      <TextLine id="eSc_line_ac140957" custom="structure {type:default;}">
        <Coords points="486,3380 486,3403 547,3409 550,3409 552,3409 598,3389 598,3374 594,3312 481,3308 486,3380"/>
        <Baseline points="486,3380 598,3374"/>
        <TextEquiv conf="1.0">
          <Unicode>„</Unicode>
        </TextEquiv>
      </TextLine>
      <TextLine id="eSc_line_cc75e33a" custom="structure {type:default;}">
        <Coords points="702,3369 702,3394 2668,3394 2668,3369 2668,3341 702,3341 702,3369"/>
        <Baseline points="702,3369 2668,3369"/>
        <TextEquiv conf="0.9991518665762509">
          <Unicode>8617 (6077) Ecclesiae Ariminensis possessiones, petente Rainerio episcopo, confirmat.</Unicode>
        </TextEquiv>
      </TextLine>
      <TextLine id="eSc_line_1d9f465a" custom="structure {type:default;}">
        <Coords points="760,3422 760,3456 1137,3467 1140,3467 1142,3467 1159,3458 1166,3456 1414,3456 1427,3458 1484,3473 1486,3473 1489,3475 1701,3475 1701,3473 1703,3473 1745,3460 1752,3458 1760,3460 1822,3471 1824,3473 2056,3473 2056,3471 2059,3471 2081,3460 2094,3453 2169,3453 2182,3460 2200,3471 2202,3471 2204,3471 2207,3471 2277,3460 2326,3453 2463,3453 2478,3460 2487,3464 2489,3464 2492,3464 2494,3464 2496,3464 2501,3460 2512,3453 2523,3460 2536,3471 2538,3471 2540,3471 2543,3471 2664,3460 2666,3418 2662,3392 757,3387 760,3422"/>
        <Baseline points="760,3422 2666,3418"/>
        <TextEquiv conf="0.9857041087092423">
          <Unicode>Tonini Rimini II. 570, Fantuxzi Mon. Rav. VI. 43, Ughelli It. sacr. II. 422, Migne</Unicode>
        </TextEquiv>
      </TextLine>
      <TextLine id="eSc_line_6776618c" custom="structure {type:default;}">
        <Coords points="760,3475 757,3522 1025,3515 1069,3522 1117,3528 1120,3531 1299,3531 1299,3528 1301,3528 1327,3517 1332,3517 1336,3517 1389,3528 1391,3528 1469,3515 1471,3480 1469,3447 760,3442 760,3475"/>
        <Baseline points="760,3475 1471,3480"/>
        <TextEquiv conf="0.9876577279397419">
          <Unicode>179 p. 884. — „In eminenti“.</Unicode>
        </TextEquiv>
      </TextLine>
    </TextRegion>
    <TextRegion id="eSc_textblock_f3bb3c40"  custom="structure {type:default;}">
      <Coords points="1016,123 1736,123 1763,200 1745,227 980,227 972,132 1016,123"/>
      <TextLine id="eSc_line_91a9c19a" custom="structure {type:default;}">
        <Coords points="989,194 989,218 1736,220 1738,189 1736,147 1690,134 1687,134 1685,134 1343,147 1325,134 1325,132 1323,132 1321,132 1259,132 1257,132 1254,132 1221,147 1177,132 1175,132 1080,132 1078,132 1003,136 1000,136 998,136 987,145 989,194"/>
        <Baseline points="989,194 1738,189"/>
        <TextEquiv conf="0.9931055846668425">
          <Unicode>LCCIUS II. 1144—1145.</Unicode>
        </TextEquiv>
      </TextLine>
    </TextRegion>
    <TextRegion id="eSc_textblock_eaba9d22"  custom="structure {type:default;}">
      <Coords points="2589,132 2688,141 2688,209 2593,227 2567,183 2589,132"/>
      <TextLine id="eSc_line_5cc87a6f" custom="structure {type:default;}">
        <Coords points="2587,194 2587,216 2668,223 2671,189 2664,143 2582,147 2587,194"/>
        <Baseline points="2587,194 2671,189"/>
        <TextEquiv conf="1.0">
          <Unicode>13</Unicode>
        </TextEquiv>
      </TextLine>
    </TextRegion>
  </Page>
</PcGts>
