<?xml version="1.0" encoding="UTF-8"  standalone="yes"?>
<PcGts xmlns="http://schema.primaresearch.org/PAGE/gts/pagecontent/2019-07-15" xmlns:xsi="http://www.w3.org/2001/XMLSchema-instance" xsi:schemaLocation="http://schema.primaresearch.org/PAGE/gts/pagecontent/2019-07-15 http://schema.primaresearch.org/PAGE/gts/pagecontent/2019-07-15/pagecontent.xsd">
  <Metadata externalRef="pdf//regestapontificu02cath.pdf">
	<Creator>escriptorium</Creator>
	<Created>2026-01-31T10:20:56.684996+00:00</Created>
        <LastChange>2026-02-01T13:23:04.933724+00:00</LastChange>
  </Metadata>
  <Page imageFilename="regestapontificu02cath.pdf_page_28.png" imageWidth="3007" imageHeight="3975">
    <TextRegion id="eSc_textblock_a7754df4"  custom="structure {type:default;}">
      <Coords points="373,150 413,159 413,227 318,245 309,167 373,150"/>
      <TextLine id="eSc_line_1815f365" custom="structure {type:default;}">
        <Coords points="320,212 320,236 402,240 402,205 393,156 315,163 320,212"/>
        <Baseline points="320,212 402,205"/>
        <TextEquiv conf="1.0">
          <Unicode>16</Unicode>
        </TextEquiv>
      </TextLine>
    </TextRegion>
    <TextRegion id="eSc_textblock_bf169f4c"  custom="structure {type:default;}">
      <Coords points="932,300 2892,300 2883,3522 980,3548 883,3522 863,3451 775,3486 335,3469 291,2930 291,353 335,309 589,353 855,335 857,309 932,300"/>
      <TextLine id="eSc_line_b19d7301" custom="structure {type:default;}">
        <Coords points="1606,300 1604,300 1601,300 1597,302 1553,318 1495,306 1493,306 1491,306 1489,306 1489,309 1486,309 1478,320 1387,318 1374,304 1374,302 1372,302 1369,302 1367,302 1365,302 1363,302 1305,322 1212,322 1186,304 1186,302 1184,302 1182,302 1179,302 1177,302 1175,302 1175,304 1151,322 1098,304 1095,304 1093,304 1091,304 1089,304 1022,322 989,304 987,304 985,304 983,304 863,304 863,306 866,357 866,379 1807,382 1809,351 1800,300 1769,318 1652,318 1612,302 1608,300 1606,300"/>
        <Baseline points="866,357 1809,351"/>
        <TextEquiv conf="0.9724258475525435">
          <Unicode>1144. (Ind. 7. — 1. Sept. — 8, pont. a. 1.)</Unicode>
        </TextEquiv>
      </TextLine>
      <TextLine id="eSc_line_2657d578" custom="structure {type:default;}">
        <Coords points="331,424 331,457 421,463 424,463 426,463 428,463 444,448 450,443 459,448 470,452 472,452 475,452 556,439 556,419 552,364 439,346 437,346 326,366 331,424"/>
        <Baseline points="331,424 556,419"/>
        <TextEquiv conf="0.9809778705239296">
          <Unicode>Aug. 20.</Unicode>
        </TextEquiv>
      </TextLine>
      <TextLine id="eSc_line_4453a0fc" custom="structure {type:default;}">
        <Coords points="605,421 605,446 819,446 819,417 813,366 603,366 605,421"/>
        <Baseline points="605,421 819,417"/>
        <TextEquiv conf="1.0">
          <Unicode>Laterani</Unicode>
        </TextEquiv>
      </TextLine>
      <TextLine id="eSc_line_d67262df" custom="structure {type:default;}">
        <Coords points="892,419 892,443 2865,443 2865,419 2865,373 892,373 892,419"/>
        <Baseline points="892,419 2865,419"/>
        <TextEquiv conf="0.9866235919296742">
          <Unicode>8651 (6094) Heinricum, episcopum Olmutiensem, iam iterum evocat. Boczek C. D. M.</Unicode>
        </TextEquiv>
      </TextLine>
      <TextLine id="eSc_line_e95e7699" custom="structure {type:default;}">
        <Coords points="945,474 945,503 1144,503 1157,505 1212,516 1215,516 1358,505 1409,503 1416,505 1436,516 1438,516 1440,516 1442,516 1444,516 1458,507 1467,503 1590,507 1732,512 1734,512 1776,507 1844,501 1919,510 1975,514 1977,514 1979,514 1997,510 2021,501 2037,510 2048,514 2050,514 2052,516 2222,516 2222,514 2275,510 2412,499 2432,512 2434,512 2436,512 2439,514 2861,514 2863,468 2858,441 2470,430 2467,430 943,441 945,474"/>
        <Baseline points="945,474 2863,468"/>
        <TextEquiv conf="0.9867141065718252">
          <Unicode>I. 231, Migne 179 p. 903, (Theineri Disqu. crit. p. 211). — „Fraternitatis tuae</Unicode>
        </TextEquiv>
      </TextLine>
      <TextLine id="eSc_line_98315067" custom="structure {type:default;}">
        <Coords points="943,530 943,552 1135,552 1135,530 1135,496 943,496 943,530"/>
        <Baseline points="943,530 1135,530"/>
        <TextEquiv conf="0.939632879363166">
          <Unicode>literas“.</Unicode>
        </TextEquiv>
      </TextLine>
      <TextLine id="eSc_line_4fefdf8d" custom="structure {type:default;}">
        <Coords points="331,583 329,627 554,611 556,587 556,547 331,536 331,583"/>
        <Baseline points="331,583 556,587"/>
        <TextEquiv conf="0.9999577403068542">
          <Unicode>Sept. 14.</Unicode>
        </TextEquiv>
      </TextLine>
      <TextLine id="eSc_line_0046e939" custom="structure {type:default;}">
        <Coords points="623,585 623,616 713,631 715,631 718,631 810,605 810,580 804,527 620,538 623,585"/>
        <Baseline points="623,585 810,580"/>
        <TextEquiv conf="0.9999367713928222">
          <Unicode>Romae</Unicode>
        </TextEquiv>
      </TextLine>
      <TextLine id="eSc_line_028005d9" custom="structure {type:default;}">
        <Coords points="1133,532 1111,532 1089,532 1067,532 1045,532 1022,532 1000,532 978,532 956,532 954,530 892,530 892,578 890,602 2861,607 2865,583 2863,538 1133,530 1133,532"/>
        <Baseline points="892,578 2865,583"/>
        <TextEquiv conf="0.9983744813107897">
          <Unicode>8652 (6095) Ecclesiae S. Sepuleri Hierosolymitanae protectionem suscipit, possessiones-</Unicode>
        </TextEquiv>
      </TextLine>
      <TextLine id="eSc_line_d21fae13" custom="structure {type:default;}">
        <Coords points="950,638 947,660 976,675 978,675 980,675 1042,666 1075,677 1078,677 1080,677 1144,666 1263,677 1265,677 1268,677 1301,664 1347,677 1349,677 1352,677 1500,664 1515,664 1522,664 1562,675 1564,675 1566,675 1778,666 1866,664 1877,669 1906,680 1908,680 1911,682 2242,682 2242,680 2244,680 2246,680 2258,671 2266,666 2381,666 2394,673 2406,680 2408,680 2410,680 2412,680 2450,673 2483,666 2505,673 2523,680 2525,680 2527,682 2730,682 2730,680 2733,680 2744,675 2763,666 2858,675 2863,642 2861,611 950,607 950,638"/>
        <Baseline points="950,638 2863,642"/>
        <TextEquiv conf="0.998380932956934">
          <Unicode>que confirmat, petente Petro priore. Roziére Cartulaire du saint sépulere p. 33,</Unicode>
        </TextEquiv>
      </TextLine>
      <TextLine id="eSc_line_1a572dd6" custom="structure {type:default;}">
        <Coords points="950,693 950,715 980,730 983,730 985,733 1330,733 1330,730 1332,730 1363,717 1451,717 1469,730 1471,730 1473,730 1475,733 1765,733 1765,730 1922,715 1922,693 1922,664 950,662 950,693"/>
        <Baseline points="950,693 1922,693"/>
        <TextEquiv conf="0.9990983911049671">
          <Unicode>Migne 179 p. 903. — „Si mansuetudo et“.</Unicode>
        </TextEquiv>
      </TextLine>
      <TextLine id="eSc_line_3917c3cf" custom="structure {type:default;}">
        <Coords points="373,768 373,788 530,790 532,790 534,790 536,790 552,777 552,761 550,726 488,708 486,708 483,708 435,711 433,711 430,711 430,713 415,728 413,730 371,730 373,768"/>
        <Baseline points="373,768 552,761"/>
        <TextEquiv conf="0.9998757600784302">
          <Unicode>„ 22.</Unicode>
        </TextEquiv>
      </TextLine>
      <TextLine id="eSc_line_6ad1e1dc" custom="structure {type:default;}">
        <Coords points="607,759 607,799 695,828 698,828 700,828 797,819 799,819 802,819 828,801 828,759 826,719 607,724 607,759"/>
        <Baseline points="607,759 828,759"/>
        <TextEquiv conf="0.9995801523327827">
          <Unicode>Laterani</Unicode>
        </TextEquiv>
      </TextLine>
      <TextLine id="eSc_line_e7fae2c2" custom="structure {type:default;}">
        <Coords points="890,757 888,779 1049,792 1051,795 2863,795 2865,761 2863,726 2735,726 2733,724 2713,711 2710,711 2708,711 2706,711 2635,724 2626,726 2311,726 2273,719 2185,711 2182,711 2116,719 2076,724 2037,719 1984,711 1981,711 1979,711 1950,717 1928,724 1906,717 1877,708 1875,708 1873,708 1871,708 1840,717 1822,722 1805,717 1785,711 1782,711 1425,708 1422,708 1383,713 1325,722 1299,713 1292,711 1290,711 1087,711 1084,711 1078,711 1020,722 890,711 890,757"/>
        <Baseline points="890,757 2865,761"/>
        <TextEquiv conf="0.99141138644866">
          <Unicode>8653 (6096) Petro, abbati Cluniacensi, respondet, valetudinem suam in melius ire.</Unicode>
        </TextEquiv>
      </TextLine>
      <TextLine id="eSc_line_2588d00b" custom="structure {type:default;}">
        <Coords points="950,810 947,836 2858,843 2863,814 2861,781 950,775 950,810"/>
        <Baseline points="950,810 2863,814"/>
        <TextEquiv conf="0.9932676568263914">
          <Unicode>Haec significat: „Ad colloquium regis Siciliae condescendimus, et, quia ad honorem</Unicode>
        </TextEquiv>
      </TextLine>
      <TextLine id="eSc_line_2faefc05" custom="structure {type:default;}">
        <Coords points="947,870 947,896 2863,896 2863,870 2863,834 947,834 947,870"/>
        <Baseline points="947,870 2863,870"/>
        <TextEquiv conf="0.9941169766636638">
          <Unicode>Dei et ecclesiae suae firmam pacem cum eo facere non potuimus, instanti tamen</Unicode>
        </TextEquiv>
      </TextLine>
      <TextLine id="eSc_line_9e799a7e" custom="structure {type:default;}">
        <Coords points="947,920 945,940 2861,945 2865,925 2861,883 2233,892 2216,881 2213,881 2211,881 2096,881 2094,881 1906,892 947,876 947,920"/>
        <Baseline points="947,920 2865,925"/>
        <TextEquiv conf="0.9990137638869109">
          <Unicode>ipsius violentia nos cogente, treugam cum eo composuimus“. Fratres tredecim mitti</Unicode>
        </TextEquiv>
      </TextLine>
      <TextLine id="eSc_line_8f6cddb3" custom="structure {type:default;}">
        <Coords points="952,976 950,998 989,1013 992,1013 994,1015 1120,1015 1120,1013 1122,1013 1144,1002 1195,1013 1197,1013 1199,1013 1226,1002 1358,1013 1360,1013 1524,1002 1535,1002 1557,1002 1908,1015 1911,1015 2861,1009 2863,980 2861,949 952,945 952,976"/>
        <Baseline points="952,976 2863,980"/>
        <TextEquiv conf="0.9992457943401117">
          <Unicode>vult, „et ad honorem Dei et Cluniacensis ecclesiae collocandos“. Bibl. Cluniac. p. 850,</Unicode>
        </TextEquiv>
      </TextLine>
      <TextLine id="eSc_line_ae35f5d2" custom="structure {type:default;}">
        <Coords points="947,1033 947,1064 2865,1064 2865,1033 2865,1000 947,995 947,1033"/>
        <Baseline points="947,1033 2865,1033"/>
        <TextEquiv conf="0.9975257643063863">
          <Unicode>Bouquet Rec. XV. 415, Mansi XXI. 608, Migne 179 p. 905. — „Dilectionis tuae</Unicode>
        </TextEquiv>
      </TextLine>
      <TextLine id="eSc_line_81bff874" custom="structure {type:default;}">
        <Coords points="947,1084 945,1113 1135,1113 1137,1088 1135,1048 947,1046 947,1084"/>
        <Baseline points="947,1084 1137,1088"/>
        <TextEquiv conf="0.9999994966718886">
          <Unicode>literas“.</Unicode>
        </TextEquiv>
      </TextLine>
      <TextLine id="eSc_line_ec2ff7d2" custom="structure {type:default;}">
        <Coords points="333,1146 333,1210 556,1199 556,1141 550,1090 331,1093 333,1146"/>
        <Baseline points="333,1146 556,1141"/>
        <TextEquiv conf="0.9999006816319057">
          <Unicode>Oct. C.</Unicode>
        </TextEquiv>
      </TextLine>
      <TextLine id="eSc_line_bb768513" custom="structure {type:default;}">
        <Coords points="684,1154 684,1190 771,1188 771,1150 762,1066 678,1066 684,1154"/>
        <Baseline points="684,1154 771,1150"/>
        <TextEquiv conf="0.9995412826538086">
          <Unicode>„</Unicode>
        </TextEquiv>
      </TextLine>
      <TextLine id="eSc_line_d7630fbf" custom="structure {type:default;}">
        <Coords points="894,1141 894,1166 934,1181 936,1181 938,1181 1014,1168 1016,1168 1095,1181 1098,1183 1221,1183 1221,1181 1224,1181 1226,1181 1243,1168 1246,1168 1261,1168 1367,1181 1369,1183 1632,1183 1632,1181 1634,1181 1637,1181 1650,1172 1654,1170 1703,1172 1884,1181 1886,1181 1946,1174 1992,1168 2017,1174 2043,1181 2045,1181 2048,1181 2050,1181 2070,1174 2083,1170 2165,1174 2260,1181 2262,1181 2286,1177 2324,1168 2421,1168 2441,1177 2450,1181 2452,1181 2454,1181 2492,1177 2576,1168 2644,1179 2666,1181 2668,1181 2867,1179 2867,1141 2867,1108 894,1108 894,1141"/>
        <Baseline points="894,1141 2867,1141"/>
        <TextEquiv conf="0.9999671711641199">
          <Unicode>8654 Canonicis S. Ambrosii Mediolanensibus scribit, se gaudere de iudicio a R(obaldo)</Unicode>
        </TextEquiv>
      </TextLine>
      <TextLine id="eSc_line_d9ced151" custom="structure {type:default;}">
        <Coords points="945,1199 945,1230 2861,1227 2863,1192 2856,1163 943,1166 945,1199"/>
        <Baseline points="945,1199 2863,1192"/>
        <TextEquiv conf="0.9930105926025481">
          <Unicode>archiepiscopo et legatis suis G(uidone) et Hu(baldo) presb. cardinalibus facto inter</Unicode>
        </TextEquiv>
      </TextLine>
      <TextLine id="eSc_line_74b02bc2" custom="structure {type:default;}">
        <Coords points="945,1254 945,1280 2865,1280 2865,1254 2865,1219 945,1219 945,1254"/>
        <Baseline points="945,1254 2865,1254"/>
        <TextEquiv conf="0.9944722833512705">
          <Unicode>eos et monachos. Ad disceptandam autem rem de proprietate companilis praecipit,</Unicode>
        </TextEquiv>
      </TextLine>
      <TextLine id="eSc_line_436b8085" custom="structure {type:default;}">
        <Coords points="947,1309 947,1331 2865,1331 2865,1309 2865,1280 947,1280 947,1309"/>
        <Baseline points="947,1309 2865,1309"/>
        <TextEquiv conf="0.9983047541450052">
          <Unicode>ut in purificationem S. Mariae (2. Febr. 1145) duos vel tres fratres ad sese mittant.</Unicode>
        </TextEquiv>
      </TextLine>
      <TextLine id="eSc_line_ff397589" custom="structure {type:default;}">
        <Coords points="945,1364 945,1391 2861,1393 2865,1360 2861,1331 958,1322 956,1322 954,1322 952,1322 943,1327 945,1364"/>
        <Baseline points="945,1364 2865,1360"/>
        <TextEquiv conf="0.9922828200535897">
          <Unicode>Pflugk-Harttung Acta II. 339: „II. non. Oct.“, (Giulini Mem. de Milano V. 423:</Unicode>
        </TextEquiv>
      </TextLine>
      <TextLine id="eSc_line_cf7f42bc" custom="structure {type:default;}">
        <Coords points="947,1422 947,1455 1025,1437 1133,1450 1162,1453 1164,1453 1166,1453 1177,1448 1212,1435 1268,1435 1279,1446 1283,1448 1283,1450 1285,1450 1288,1450 1290,1453 1433,1453 1433,1450 1436,1450 1469,1439 1484,1435 1522,1437 1608,1446 1610,1446 1612,1446 1615,1446 1615,1444 1626,1435 1628,1433 1634,1435 1692,1448 1694,1448 1696,1448 1743,1431 1743,1415 1738,1386 983,1380 980,1380 978,1380 945,1391 947,1422"/>
        <Baseline points="947,1422 1743,1415"/>
        <TextEquiv conf="0.989364869666822">
          <Unicode>„3. Oct.“). — „Gratum nobis est“.</Unicode>
        </TextEquiv>
      </TextLine>
      <TextLine id="eSc_line_b0e7a1c5" custom="structure {type:default;}">
        <Coords points="380,1495 382,1521 437,1503 459,1514 470,1519 472,1519 475,1519 556,1503 556,1488 552,1459 488,1446 486,1446 483,1446 452,1461 450,1464 377,1464 380,1495"/>
        <Baseline points="380,1495 556,1488"/>
        <TextEquiv conf="0.9549549460411072">
          <Unicode>„ 10.</Unicode>
        </TextEquiv>
      </TextLine>
      <TextLine id="eSc_line_1cf6bb2e" custom="structure {type:default;}">
        <Coords points="684,1495 684,1517 757,1528 762,1492 755,1464 682,1464 684,1495"/>
        <Baseline points="684,1495 762,1492"/>
        <TextEquiv conf="1.0">
          <Unicode>„</Unicode>
        </TextEquiv>
      </TextLine>
      <TextLine id="eSc_line_e48b2b12" custom="structure {type:default;}">
        <Coords points="894,1484 894,1510 1756,1521 1758,1521 1760,1521 1791,1510 1877,1519 1880,1519 1882,1519 1884,1519 1895,1508 1897,1508 1902,1508 1942,1519 1944,1519 1946,1521 2626,1521 2626,1519 2726,1508 2766,1519 2768,1519 2770,1519 2865,1506 2867,1479 2863,1450 910,1442 908,1442 905,1442 903,1442 892,1448 894,1484"/>
        <Baseline points="894,1484 2867,1479"/>
        <TextEquiv conf="0.9960698441761296">
          <Unicode>8655 Bonis hominibus Terracinensibus. Sic ap. Pflugk-Harttung Iter p. 236. — „Per-</Unicode>
        </TextEquiv>
      </TextLine>
      <TextLine id="eSc_line_95197a2c" custom="structure {type:default;}">
        <Coords points="947,1539 947,1565 1195,1565 1195,1539 1195,1503 947,1503 947,1539"/>
        <Baseline points="947,1539 1195,1539"/>
        <TextEquiv conf="0.9997390833767977">
          <Unicode>latus est“.</Unicode>
        </TextEquiv>
      </TextLine>
      <TextLine id="eSc_line_b9dc8420" custom="structure {type:default;}">
        <Coords points="371,1603 371,1640 461,1627 503,1654 508,1658 510,1658 512,1658 514,1660 561,1660 561,1596 556,1534 488,1525 486,1525 483,1525 461,1539 446,1545 366,1543 371,1603"/>
        <Baseline points="371,1603 561,1596"/>
        <TextEquiv conf="0.9973246455192566">
          <Unicode>„ 14*</Unicode>
        </TextEquiv>
      </TextLine>
      <TextLine id="eSc_line_0c527f2a" custom="structure {type:default;}">
        <Coords points="678,1603 678,1634 751,1647 753,1647 755,1647 790,1629 790,1603 790,1559 735,1545 733,1545 731,1545 678,1554 678,1603"/>
        <Baseline points="678,1603 790,1603"/>
        <TextEquiv conf="1.0">
          <Unicode>„</Unicode>
        </TextEquiv>
      </TextLine>
      <TextLine id="eSc_line_bbabf374" custom="structure {type:default;}">
        <Coords points="894,1596 894,1616 2867,1612 2870,1590 2867,1556 2819,1543 2816,1543 2814,1543 2812,1543 2810,1543 2792,1556 2394,1556 2370,1543 2368,1543 2366,1543 2204,1556 2008,1545 2006,1545 2003,1545 1975,1559 1676,1559 1659,1545 1657,1545 1654,1545 1652,1545 1650,1545 1648,1545 1630,1556 1378,1548 1376,1548 1294,1559 950,1548 947,1548 945,1548 892,1561 894,1596"/>
        <Baseline points="894,1596 2870,1590"/>
        <TextEquiv conf="0.9966779710298561">
          <Unicode>8656 Monasterii S. Udalrici et S. Afrae Creuzlingensis patrocinium suscipit bonaque</Unicode>
        </TextEquiv>
      </TextLine>
      <TextLine id="eSc_line_ed9e78ae" custom="structure {type:default;}">
        <Coords points="947,1649 947,1673 1034,1689 1036,1689 1038,1689 1087,1676 1091,1676 1095,1676 1170,1687 1173,1687 1226,1676 1237,1676 1263,1678 1385,1687 1387,1687 1511,1680 1570,1676 1586,1680 1619,1689 1621,1689 1623,1689 2103,1687 2105,1687 2107,1687 2109,1684 2123,1676 2176,1684 2207,1689 2209,1691 2330,1691 2330,1689 2333,1689 2335,1689 2339,1687 2355,1676 2377,1687 2383,1689 2386,1689 2388,1689 2403,1687 2452,1676 2551,1687 2571,1689 2573,1689 2576,1689 2582,1687 2626,1676 2766,1676 2863,1689 2865,1649 2863,1618 947,1618 947,1649"/>
        <Baseline points="947,1649 2865,1649"/>
        <TextEquiv conf="0.9916104844638279">
          <Unicode>ct privilegia confirmat, petente Heinrico praeposito. Neugart Ep. Const. I. II. 580,</Unicode>
        </TextEquiv>
      </TextLine>
      <TextLine id="eSc_line_b68081ee" custom="structure {type:default;}">
        <Coords points="952,1702 952,1724 1020,1737 1022,1737 1084,1724 1091,1724 1117,1724 1385,1737 1387,1737 1389,1737 1431,1724 1433,1724 1573,1733 1575,1733 1701,1722 1714,1722 1716,1722 1727,1733 1727,1735 1729,1735 1732,1735 1734,1737 1780,1737 1780,1735 1782,1735 1829,1722 1831,1722 1833,1722 1860,1735 1862,1735 1864,1735 1933,1722 1935,1722 1955,1735 1957,1735 1959,1735 1961,1737 2160,1737 2160,1735 2163,1735 2218,1720 2218,1698 2211,1671 950,1673 952,1702"/>
        <Baseline points="952,1702 2218,1698"/>
        <TextEquiv conf="0.9913899664785347">
          <Unicode>Meyer Thurgauisches UB. 59. — „Ad hoc universalis“.</Unicode>
        </TextEquiv>
      </TextLine>
      <TextLine id="eSc_line_83fb4203" custom="structure {type:default;}">
        <Coords points="375,1766 375,1804 556,1806 558,1760 554,1702 505,1691 503,1691 373,1713 375,1766"/>
        <Baseline points="375,1766 558,1760"/>
        <TextEquiv conf="0.9977776646614075">
          <Unicode>„ 26.</Unicode>
        </TextEquiv>
      </TextLine>
      <TextLine id="eSc_line_8ab47cbd" custom="structure {type:default;}">
        <Coords points="662,1766 658,1832 757,1837 764,1771 764,1680 665,1682 662,1766"/>
        <Baseline points="662,1766 764,1771"/>
        <TextEquiv conf="0.9999998807907104">
          <Unicode>„</Unicode>
        </TextEquiv>
      </TextLine>
      <TextLine id="eSc_line_01b3424e" custom="structure {type:default;}">
        <Coords points="894,1755 894,1784 2872,1784 2872,1755 2872,1724 894,1722 894,1755"/>
        <Baseline points="894,1755 2872,1755"/>
        <TextEquiv conf="0.9958739848697886">
          <Unicode>8657 Ecclesiae S. Mariae Michelenbacensis protectionem suscipit, bonaque et iura con-</Unicode>
        </TextEquiv>
      </TextLine>
      <TextLine id="eSc_line_25152b26" custom="structure {type:default;}">
        <Coords points="947,1817 947,1835 1148,1835 1151,1835 1175,1852 1177,1852 1179,1852 1182,1855 1305,1855 1305,1852 1307,1852 1358,1835 1378,1852 1380,1852 1383,1852 1385,1855 1433,1855 1433,1852 1436,1852 1478,1835 1484,1835 1652,1846 1654,1846 1657,1846 1659,1846 1674,1835 1767,1843 1769,1843 1911,1832 1926,1832 1928,1832 1953,1850 1955,1850 1957,1850 1959,1852 2178,1852 2178,1850 2180,1850 2182,1850 2204,1832 2242,1850 2244,1850 2246,1852 2454,1852 2454,1850 2456,1850 2529,1830 2529,1813 2525,1782 965,1775 963,1775 961,1775 958,1775 945,1782 947,1817"/>
        <Baseline points="947,1817 2529,1813"/>
        <TextEquiv conf="0.9975082513057825">
          <Unicode>firmat. Trouillat Mon. de Bale I. 286. — „Apostolici moderaminis“.</Unicode>
        </TextEquiv>
      </TextLine>
      <TextLine id="eSc_line_e91071bc" custom="structure {type:default;}">
        <Coords points="375,1888 377,1916 437,1899 558,1916 561,1881 554,1830 481,1839 479,1839 477,1839 477,1841 459,1855 373,1850 375,1888"/>
        <Baseline points="375,1888 561,1881"/>
        <TextEquiv conf="0.999943220615387">
          <Unicode>„ 26.</Unicode>
        </TextEquiv>
      </TextLine>
      <TextLine id="eSc_line_b6650195" custom="structure {type:default;}">
        <Coords points="684,1888 684,1956 768,1952 768,1888 768,1861 684,1859 684,1888"/>
        <Baseline points="684,1888 768,1888"/>
        <TextEquiv conf="1.0">
          <Unicode>„</Unicode>
        </TextEquiv>
      </TextLine>
      <TextLine id="eSc_line_7950b966" custom="structure {type:default;}">
        <Coords points="894,1879 894,1903 2870,1899 2872,1874 2865,1837 892,1843 894,1879"/>
        <Baseline points="894,1879 2872,1874"/>
        <TextEquiv conf="0.995907029473638">
          <Unicode>8658 Cellam Michelenbacensem, rogatu Absalonis prioris, tuendam suscipit. Trouillat</Unicode>
        </TextEquiv>
      </TextLine>
      <TextLine id="eSc_line_ebbecb1c" custom="structure {type:default;}">
        <Coords points="952,1932 950,1952 965,1965 967,1965 969,1965 972,1965 1060,1963 1062,1963 1064,1963 1064,1961 1075,1952 1129,1965 1131,1965 1133,1965 1135,1965 1137,1965 1155,1952 1170,1965 1173,1965 1175,1965 1177,1965 1265,1952 1352,1963 1354,1963 1356,1963 1358,1963 1358,1961 1369,1952 1418,1963 1420,1963 1537,1952 1584,1967 1586,1967 1588,1969 1712,1969 1712,1967 1714,1967 1747,1954 1769,1965 1771,1965 1774,1965 1908,1954 2028,1967 2030,1967 2132,1952 2134,1936 2132,1905 952,1894 952,1932"/>
        <Baseline points="952,1932 2134,1936"/>
        <TextEquiv conf="0.9998292268491259">
          <Unicode>Mon. de Bale III. 138. — „Officii nostri hortatur“.</Unicode>
        </TextEquiv>
      </TextLine>
      <TextLine id="eSc_line_0da34ee5" custom="structure {type:default;}">
        <Coords points="375,2000 375,2020 404,2027 406,2027 408,2027 410,2027 410,2025 413,2025 413,2022 424,2009 461,2009 556,2027 558,1994 552,1941 486,1943 483,1943 481,1943 468,1954 448,1969 373,1969 375,2000"/>
        <Baseline points="375,2000 558,1994"/>
        <TextEquiv conf="0.9589671730995178">
          <Unicode>„ 27.</Unicode>
        </TextEquiv>
      </TextLine>
      <TextLine id="eSc_line_57901b28" custom="structure {type:default;}">
        <Coords points="707,2002 707,2073 775,2067 775,2002 775,1963 707,1963 707,2002"/>
        <Baseline points="707,2002 775,2002"/>
        <TextEquiv conf="0.9999736547470093">
          <Unicode>„</Unicode>
        </TextEquiv>
      </TextLine>
      <TextLine id="eSc_line_448892e6" custom="structure {type:default;}">
        <Coords points="897,1996 897,2020 2874,2016 2874,1985 2870,1954 1299,1949 1296,1949 1294,1949 1261,1961 925,1952 923,1952 921,1952 894,1961 897,1996"/>
        <Baseline points="897,1996 2874,1985"/>
        <TextEquiv conf="0.9999818455341251">
          <Unicode>8659 M(artino) praeposito et canonicis S. Ambrosii Mediolanensibus asserit „oblationes</Unicode>
        </TextEquiv>
      </TextLine>
      <TextLine id="eSc_line_10bde8ca" custom="structure {type:default;}">
        <Coords points="952,2044 952,2067 2867,2069 2870,2044 2867,2009 952,2011 952,2044"/>
        <Baseline points="952,2044 2870,2044"/>
        <TextEquiv conf="0.9931409464162939">
          <Unicode>omnes, quae intra ecclesiam S. Ambrosii offeruntur, et restitutionem novi campanilis,</Unicode>
        </TextEquiv>
      </TextLine>
      <TextLine id="eSc_line_3a2137cb" custom="structure {type:default;}">
        <Coords points="952,2100 952,2128 2867,2117 2870,2093 2863,2067 950,2071 952,2100"/>
        <Baseline points="952,2100 2870,2093"/>
        <TextEquiv conf="0.9969540432095527">
          <Unicode>per iustam R(obaldi) archiepiscopi et G(uidonis) et Hu(baldi) presbyterorum car-</Unicode>
        </TextEquiv>
      </TextLine>
      <TextLine id="eSc_line_a1e0b2b3" custom="structure {type:default;}">
        <Coords points="952,2153 952,2177 1009,2190 1011,2190 1146,2179 1153,2179 1159,2179 1259,2190 1261,2190 1400,2179 1422,2179 1433,2179 1486,2190 1489,2190 1491,2190 1493,2190 1506,2181 1509,2179 1517,2181 1564,2190 1566,2192 1796,2192 1796,2190 1798,2190 1800,2190 1811,2181 1816,2179 1844,2181 1917,2190 1919,2190 2061,2184 2145,2179 2167,2184 2200,2190 2202,2190 2251,2184 2288,2179 2306,2184 2326,2190 2328,2190 2330,2190 2872,2186 2872,2153 2872,2126 952,2126 952,2153"/>
        <Baseline points="952,2153 2872,2153"/>
        <TextEquiv conf="0.9970729664350167">
          <Unicode>dinalium sententiam iis adiudicatas; ac parochiam ultra Misenam (al. Miscetam)</Unicode>
        </TextEquiv>
      </TextLine>
      <TextLine id="eSc_line_2f663900" custom="structure {type:default;}">
        <Coords points="952,2212 952,2237 1290,2245 1292,2245 1533,2234 1592,2232 1597,2234 1610,2243 1612,2243 1615,2243 1617,2245 1767,2245 1767,2243 1999,2232 2045,2230 2050,2232 2063,2241 2065,2241 2068,2241 2070,2243 2386,2243 2386,2241 2589,2228 2609,2228 2624,2228 2768,2239 2770,2239 2863,2226 2865,2203 2858,2175 950,2177 952,2212"/>
        <Baseline points="952,2212 2865,2203"/>
        <TextEquiv conf="0.9976912095576902">
          <Unicode>sitam“. Sormanus In causa praeeminentiae p. 75, Pflugk-Harttung Acta II. 340. —</Unicode>
        </TextEquiv>
      </TextLine>
      <TextLine id="eSc_line_fe00aaf0" custom="structure {type:default;}">
        <Coords points="952,2267 952,2287 1241,2296 1243,2296 1389,2283 1402,2283 1405,2283 1414,2292 1414,2294 1416,2294 1418,2294 1420,2296 1506,2296 1506,2294 1559,2281 1562,2263 1557,2232 1144,2226 1142,2226 1045,2237 992,2226 989,2226 987,2226 950,2239 952,2267"/>
        <Baseline points="952,2267 1562,2263"/>
        <TextEquiv conf="0.9999800649556246">
          <Unicode>„Quemadmodum ea quae“.</Unicode>
        </TextEquiv>
      </TextLine>
      <TextLine id="eSc_line_a55ea5bc" custom="structure {type:default;}">
        <Coords points="373,2327 373,2343 463,2358 466,2358 561,2338 561,2323 552,2261 517,2279 503,2265 501,2265 501,2263 499,2263 497,2263 457,2263 455,2263 452,2263 450,2263 439,2274 428,2283 371,2283 373,2327"/>
        <Baseline points="373,2327 561,2323"/>
        <TextEquiv conf="0.9688682198524475">
          <Unicode>„ 27.</Unicode>
        </TextEquiv>
      </TextLine>
      <TextLine id="eSc_line_dd9a371a" custom="structure {type:default;}">
        <Coords points="691,2332 691,2360 797,2354 797,2325 793,2296 687,2296 691,2332"/>
        <Baseline points="691,2332 797,2325"/>
        <TextEquiv conf="1.0">
          <Unicode>„</Unicode>
        </TextEquiv>
      </TextLine>
      <TextLine id="eSc_line_0f634943" custom="structure {type:default;}">
        <Coords points="897,2320 897,2343 1254,2354 1257,2354 1259,2354 1285,2343 1288,2343 1290,2343 1345,2354 1347,2354 1557,2351 1559,2351 1584,2340 1588,2340 1590,2340 1619,2351 1621,2351 1623,2354 1853,2354 1853,2351 1855,2351 1891,2340 1902,2338 1911,2340 1942,2349 1944,2349 1946,2349 2865,2336 2867,2312 2865,2285 2836,2272 2834,2272 2832,2272 2686,2283 2655,2272 2653,2272 2651,2272 2649,2272 2615,2283 2600,2272 2598,2272 2596,2272 2593,2272 2368,2287 1979,2287 1961,2274 1959,2274 1957,2274 1955,2274 1904,2285 1889,2274 1886,2274 1884,2274 1882,2274 1880,2274 1877,2274 1862,2287 1586,2276 1584,2276 1484,2287 1467,2276 1464,2276 1462,2276 1460,2276 1458,2276 1422,2287 1400,2276 1398,2276 1396,2276 1319,2290 916,2279 914,2279 912,2279 910,2279 894,2287 897,2320"/>
        <Baseline points="897,2320 2867,2312"/>
        <TextEquiv conf="0.9960114812276449">
          <Unicode>8660 R(obaldo) archiepiscopo Mediolanensi significat et de supcriore epistola et de</Unicode>
        </TextEquiv>
      </TextLine>
      <TextLine id="eSc_line_54920ac5" custom="structure {type:default;}">
        <Coords points="952,2373 952,2400 2863,2402 2867,2369 2861,2338 950,2345 952,2373"/>
        <Baseline points="952,2373 2867,2369"/>
        <TextEquiv conf="0.9999281647917512">
          <Unicode>confirmata monachorum S. Ambrosii excommunicatione, quam una cum legatis suis</Unicode>
        </TextEquiv>
      </TextLine>
      <TextLine id="eSc_line_cb524e2b" custom="structure {type:default;}">
        <Coords points="954,2431 954,2464 2865,2455 2867,2426 2861,2393 952,2396 954,2431"/>
        <Baseline points="954,2431 2867,2426"/>
        <TextEquiv conf="0.995742901607796">
          <Unicode>protulerit. Sormanus In causa praeeminentiae p. 76, Pflugk-Harttung Acta II. 341.</Unicode>
        </TextEquiv>
      </TextLine>
      <TextLine id="eSc_line_24e5e356" custom="structure {type:default;}">
        <Coords points="954,2486 954,2504 1235,2515 1237,2515 1330,2502 1343,2502 1356,2502 1444,2513 1447,2513 1449,2513 1471,2502 1480,2510 1480,2513 1482,2513 1484,2513 1486,2515 1628,2515 1628,2513 1630,2513 1676,2499 1676,2482 1672,2455 1312,2444 1310,2444 952,2457 954,2486"/>
        <Baseline points="954,2486 1676,2482"/>
        <TextEquiv conf="0.9999637492001057">
          <Unicode>— „Fraternitatis tuae litteras“.</Unicode>
        </TextEquiv>
      </TextLine>
      <TextLine id="eSc_line_d2a01216" custom="structure {type:default;}">
        <Coords points="342,2555 342,2583 492,2577 510,2592 512,2592 512,2594 514,2594 517,2594 519,2594 558,2592 558,2550 552,2473 340,2484 342,2555"/>
        <Baseline points="342,2555 558,2550"/>
        <TextEquiv conf="0.9911678688866752">
          <Unicode>Nov. 4.</Unicode>
        </TextEquiv>
      </TextLine>
      <TextLine id="eSc_line_431afafc" custom="structure {type:default;}">
        <Coords points="693,2563 695,2614 784,2588 784,2559 779,2488 689,2486 693,2563"/>
        <Baseline points="693,2563 784,2559"/>
        <TextEquiv conf="0.9976024031639099">
          <Unicode>„</Unicode>
        </TextEquiv>
      </TextLine>
      <TextLine id="eSc_line_a66f0060" custom="structure {type:default;}">
        <Coords points="899,2552 899,2574 2870,2566 2870,2544 2865,2513 897,2513 899,2552"/>
        <Baseline points="899,2552 2870,2544"/>
        <TextEquiv conf="0.9995907587163588">
          <Unicode>8661 (6097) Monasterii S. Mariae Ebroniensis protectionem suscipit possessionesque ac</Unicode>
        </TextEquiv>
      </TextLine>
      <TextLine id="eSc_line_3735f1d8" custom="structure {type:default;}">
        <Coords points="954,2610 954,2630 1469,2638 1471,2638 1606,2627 1630,2627 1643,2627 1714,2638 1716,2638 1811,2627 1842,2625 1877,2627 1981,2636 1984,2636 2109,2627 2167,2623 2220,2627 2328,2634 2330,2634 2397,2625 2425,2623 2858,2623 2863,2599 2858,2572 2481,2561 2478,2561 2476,2561 2474,2561 2454,2572 976,2570 974,2570 972,2570 952,2579 954,2610"/>
        <Baseline points="954,2610 2863,2599"/>
        <TextEquiv conf="0.9959318667282293">
          <Unicode>privilegia confirmat, petente Hugone, archiespiscopo Turonensi. Institut des prov</Unicode>
        </TextEquiv>
      </TextLine>
      <TextLine id="eSc_line_8d2cdb59" custom="structure {type:default;}">
        <Coords points="954,2658 954,2683 2675,2683 2677,2658 2673,2627 954,2627 954,2658"/>
        <Baseline points="954,2658 2677,2658"/>
        <TextEquiv conf="0.9906534112018087">
          <Unicode>Mém. 2“ série T. I. p. LXXIX, Migne 179 p. 906. — „Desiderium, quod“.</Unicode>
        </TextEquiv>
      </TextLine>
      <TextLine id="eSc_line_1afbfdd3" custom="structure {type:default;}">
        <Coords points="386,2729 388,2762 430,2742 554,2747 556,2720 547,2658 494,2676 382,2674 386,2729"/>
        <Baseline points="386,2729 556,2720"/>
        <TextEquiv conf="0.9548131376504898">
          <Unicode>„ 7.</Unicode>
        </TextEquiv>
      </TextLine>
      <TextLine id="eSc_line_16ff2960" custom="structure {type:default;}">
        <Coords points="693,2729 695,2789 773,2778 773,2725 766,2672 689,2676 693,2729"/>
        <Baseline points="693,2729 773,2725"/>
        <TextEquiv conf="1.0">
          <Unicode>„</Unicode>
        </TextEquiv>
      </TextLine>
      <TextLine id="eSc_line_bdc28e14" custom="structure {type:default;}">
        <Coords points="899,2716 899,2742 2863,2742 2865,2711 2858,2678 897,2680 899,2716"/>
        <Baseline points="899,2716 2865,2711"/>
        <TextEquiv conf="0.999984612410096">
          <Unicode>8662 (6098) Monasterii S. Mariae et S. Augustini Roggenburgensis protectionem suscipit,</Unicode>
        </TextEquiv>
      </TextLine>
      <TextLine id="eSc_line_577dd5da" custom="structure {type:default;}">
        <Coords points="956,2769 956,2791 2861,2795 2865,2764 2858,2731 954,2736 956,2769"/>
        <Baseline points="956,2769 2865,2764"/>
        <TextEquiv conf="0.9995177760720253">
          <Unicode>iuraque confirmat, petentibus Gualtero Augustensi et Conrado Curiensi episcopis.</Unicode>
        </TextEquiv>
      </TextLine>
      <TextLine id="eSc_line_89531959" custom="structure {type:default;}">
        <Coords points="954,2824 954,2844 1034,2857 1036,2857 1038,2857 1080,2844 1087,2844 1157,2844 1778,2857 1780,2857 1782,2857 1818,2844 2414,2855 2417,2855 2419,2855 2463,2842 2465,2842 2472,2842 2629,2855 2631,2855 2786,2839 2788,2820 2781,2791 952,2793 954,2824"/>
        <Baseline points="954,2824 2788,2820"/>
        <TextEquiv conf="0.9966146588325501">
          <Unicode>Hugo O. P. A. II. Pr. p. 435, Migne 179 p. 908. — „Apostolici moderaminis“.</Unicode>
        </TextEquiv>
      </TextLine>
      <TextLine id="eSc_line_875efef1" custom="structure {type:default;}">
        <Coords points="382,2886 382,2906 558,2908 561,2881 556,2848 481,2831 479,2831 477,2831 475,2831 450,2850 446,2855 380,2855 382,2886"/>
        <Baseline points="382,2886 561,2881"/>
        <TextEquiv conf="0.9999875545501709">
          <Unicode>„ 10.</Unicode>
        </TextEquiv>
      </TextLine>
      <TextLine id="eSc_line_f3cccf43" custom="structure {type:default;}">
        <Coords points="684,2897 684,2921 731,2934 733,2934 735,2934 737,2934 784,2915 784,2897 782,2846 684,2848 684,2897"/>
        <Baseline points="684,2897 784,2897"/>
        <TextEquiv conf="1.0">
          <Unicode>„</Unicode>
        </TextEquiv>
      </TextLine>
      <TextLine id="eSc_line_3a1990a6" custom="structure {type:default;}">
        <Coords points="901,2877 901,2906 2865,2901 2867,2873 2861,2844 899,2846 901,2877"/>
        <Baseline points="901,2877 2867,2873"/>
        <TextEquiv conf="0.9932519378287069">
          <Unicode>8663 (6099) Monasterii Stabulensis protectionem suscipit et privilegia confirmat, petente</Unicode>
        </TextEquiv>
      </TextLine>
      <TextLine id="eSc_line_2b2fee5a" custom="structure {type:default;}">
        <Coords points="963,2934 963,2961 2861,2963 2865,2926 2858,2897 961,2899 963,2934"/>
        <Baseline points="963,2934 2865,2926"/>
        <TextEquiv conf="0.9974998839591679">
          <Unicode>Wibaldo abbate. Martene Coll. II. 121, Migne 179 p. 909. — „Apostolici mode-</Unicode>
        </TextEquiv>
      </TextLine>
      <TextLine id="eSc_line_993b7a93" custom="structure {type:default;}">
        <Coords points="954,2990 954,3012 1170,3012 1170,2990 1168,2945 954,2959 954,2990"/>
        <Baseline points="954,2990 1170,2990"/>
        <TextEquiv conf="0.999987867143419">
          <Unicode>raminis“.</Unicode>
        </TextEquiv>
      </TextLine>
      <TextLine id="eSc_line_1f33a71b" custom="structure {type:default;}">
        <Coords points="380,3049 380,3069 468,3071 501,3100 521,3115 523,3115 525,3115 528,3118 576,3118 576,3045 567,2987 545,2998 514,2994 472,2985 470,2985 468,2985 435,3001 424,3009 377,3009 380,3049"/>
        <Baseline points="380,3049 576,3045"/>
        <TextEquiv conf="0.99979727268219">
          <Unicode>„ 13.</Unicode>
        </TextEquiv>
      </TextLine>
      <TextLine id="eSc_line_7a2843da" custom="structure {type:default;}">
        <Coords points="620,3049 618,3065 689,3058 704,3062 735,3074 737,3074 740,3074 742,3074 768,3058 771,3054 768,3025 620,3023 620,3049"/>
        <Baseline points="620,3049 771,3054"/>
        <TextEquiv conf="0.9999997019767761">
          <Unicode>„„</Unicode>
        </TextEquiv>
      </TextLine>
      <TextLine id="eSc_line_6c07383d" custom="structure {type:default;}">
        <Coords points="901,3043 905,3078 916,3069 1199,3076 1389,3080 1391,3080 1436,3074 1482,3067 1650,3071 1855,3078 1858,3078 1860,3078 1875,3069 1886,3065 1897,3069 1915,3076 1917,3076 1919,3076 2012,3069 2065,3065 2098,3067 2174,3076 2176,3076 2322,3065 2375,3062 2381,3065 2392,3074 2394,3074 2397,3074 2399,3074 2644,3062 2668,3062 2682,3062 2836,3074 2839,3074 2841,3074 2870,3060 2870,3034 2865,3005 899,3003 901,3043"/>
        <Baseline points="901,3043 2870,3034"/>
        <TextEquiv conf="0.9969844757155939">
          <Unicode>8664 Civitatis Castellanae tutelam suscipit, bonaque confirmat ea lege, ut „per singulos</Unicode>
        </TextEquiv>
      </TextLine>
      <TextLine id="eSc_line_2c26709a" custom="structure {type:default;}">
        <Coords points="956,3100 956,3124 2863,3118 2865,3091 2858,3060 954,3069 956,3100"/>
        <Baseline points="956,3100 2865,3091"/>
        <TextEquiv conf="0.9939277659102184">
          <Unicode>focos“ denarius unus Lucensis monetae in festivitate SS. Petri et Pauli (29. Iun.)</Unicode>
        </TextEquiv>
      </TextLine>
      <TextLine id="eSc_line_d5507769" custom="structure {type:default;}">
        <Coords points="956,3155 956,3180 2865,3173 2867,3149 2861,3115 954,3118 956,3155"/>
        <Baseline points="956,3155 2867,3149"/>
        <TextEquiv conf="0.9999966496645019">
          <Unicode>Lateranensi palatio annuatim persolvatur. Muzi Mem. civili di Città di Castello I. 13.</Unicode>
        </TextEquiv>
      </TextLine>
      <TextLine id="eSc_line_cdcb152c" custom="structure {type:default;}">
        <Coords points="958,3210 958,3226 1027,3226 1029,3226 1049,3244 1049,3246 1051,3246 1053,3246 1056,3248 1122,3248 1122,3246 1124,3246 1177,3226 1212,3244 1215,3244 1217,3244 1219,3244 1257,3224 1279,3241 1281,3241 1283,3241 1431,3244 1433,3244 1436,3244 1438,3244 1438,3241 1458,3224 1493,3224 1495,3206 1489,3175 956,3182 958,3210"/>
        <Baseline points="958,3210 1495,3206"/>
        <TextEquiv conf="0.9886745572090149">
          <Unicode>„ „Cum ex iniuncto“.</Unicode>
        </TextEquiv>
      </TextLine>
      <TextLine id="eSc_line_940af852" custom="structure {type:default;}">
        <Coords points="377,3281 377,3345 483,3358 486,3358 594,3343 594,3277 587,3213 508,3230 497,3221 494,3221 492,3221 490,3221 488,3221 486,3221 459,3239 375,3219 377,3281"/>
        <Baseline points="377,3281 594,3277"/>
        <TextEquiv conf="0.9971145629882813">
          <Unicode>„ 13.</Unicode>
        </TextEquiv>
      </TextLine>
      <TextLine id="eSc_line_ed73c3b4" custom="structure {type:default;}">
        <Coords points="609,3274 607,3327 671,3330 691,3345 715,3363 718,3363 720,3363 722,3365 788,3365 790,3279 790,3246 609,3241 609,3274"/>
        <Baseline points="609,3274 790,3279"/>
        <TextEquiv conf="1.0">
          <Unicode>„</Unicode>
        </TextEquiv>
      </TextLine>
      <TextLine id="eSc_line_916e2704" custom="structure {type:default;}">
        <Coords points="899,3274 899,3297 2867,3292 2867,3268 2863,3233 897,3230 899,3274"/>
        <Baseline points="899,3274 2867,3268"/>
        <TextEquiv conf="0.997580091158549">
          <Unicode>8665 (6100) Bernardo, abbati Clarevallensi, mandat, hortetur G. comitem Nivernensem,</Unicode>
        </TextEquiv>
      </TextLine>
      <TextLine id="eSc_line_44097ec4" custom="structure {type:default;}">
        <Coords points="958,3330 958,3354 1292,3365 1294,3365 1296,3365 1336,3352 1341,3352 1343,3352 1363,3363 1365,3363 1367,3365 1553,3365 1553,3363 1767,3350 1798,3350 1831,3350 2101,3361 2103,3361 2260,3347 2273,3347 2286,3347 2461,3358 2463,3358 2465,3358 2467,3358 2485,3347 2783,3356 2786,3356 2867,3343 2870,3319 2863,3292 956,3301 958,3330"/>
        <Baseline points="958,3330 2870,3319"/>
        <TextEquiv conf="0.9892510153629162">
          <Unicode>ut monasterium Vizeliacense vexare novis postulationibus desinat, aut apud A(lbe-</Unicode>
        </TextEquiv>
      </TextLine>
      <TextLine id="eSc_line_36a3f753" custom="structure {type:default;}">
        <Coords points="956,3383 956,3411 2867,3403 2867,3376 2863,3347 954,3347 956,3383"/>
        <Baseline points="956,3383 2867,3376"/>
        <TextEquiv conf="0.9971193972929024">
          <Unicode>ricum) Ostiensem et I(marum) Tusculanum episcopos, sedis apostolicae legatos, ius</Unicode>
        </TextEquiv>
      </TextLine>
      <TextLine id="eSc_line_20236b85" custom="structure {type:default;}">
        <Coords points="961,3440 961,3464 2865,3460 2865,3433 2858,3398 958,3398 961,3440"/>
        <Baseline points="961,3440 2865,3433"/>
        <TextEquiv conf="0.9944496971589548">
          <Unicode>suum persequatur. D&#x27;Achery Spicil. II. 507, Bouquet Rec. XV. 415, Mansi XXI. 614,</Unicode>
        </TextEquiv>
      </TextLine>
      <TextLine id="eSc_line_c7b0b4ce" custom="structure {type:default;}">
        <Coords points="961,3493 961,3553 1173,3568 1175,3568 1243,3553 1281,3546 1372,3546 1391,3553 1407,3559 1409,3559 1411,3559 1447,3553 1458,3553 1460,3553 1484,3570 1486,3570 1489,3570 1491,3573 1771,3573 1771,3570 1774,3570 1776,3570 1798,3553 1800,3553 1813,3553 1873,3562 1875,3562 1917,3553 1961,3546 2154,3553 2156,3493 2156,3460 2140,3451 2138,3451 2136,3451 2134,3451 2017,3464 1683,3464 1663,3451 1661,3451 1659,3451 1657,3451 961,3460 961,3493"/>
        <Baseline points="961,3493 2156,3493"/>
        <TextEquiv conf="0.9587300199529399">
          <Unicode>Migne 178 p 21o. „Dflicctionem suam iguorare“.</Unicode>
        </TextEquiv>
      </TextLine>
    </TextRegion>
    <TextRegion id="eSc_textblock_413d7982"  custom="structure {type:default;}">
      <Coords points="1230,141 1922,141 1975,150 1984,218 1966,245 1208,245 1182,185 1230,141"/>
      <TextLine id="eSc_line_65038623" custom="structure {type:default;}">
        <Coords points="1210,209 1210,227 1254,242 1257,242 1420,245 1422,245 1425,245 1458,231 1467,229 1475,234 1500,245 1502,245 1504,245 1553,234 1586,227 1623,236 1659,242 1661,245 1725,245 1725,242 1727,242 1729,242 1736,238 1752,227 1796,227 1809,238 1813,242 1813,245 1816,245 1818,245 1820,245 1961,240 1961,205 1957,170 1844,152 1842,152 1745,167 1736,167 1729,167 1674,150 1672,150 1670,150 1570,165 1542,170 1535,165 1524,156 1524,154 1522,154 1520,154 1517,154 1464,165 1458,165 1455,165 1420,145 1418,145 1416,145 1208,161 1210,209"/>
        <Baseline points="1210,209 1961,205"/>
        <TextEquiv conf="0.9991127451260885">
          <Unicode>LUCIUS II. 1144—1145.</Unicode>
        </TextEquiv>
      </TextLine>
    </TextRegion>
  </Page>
</PcGts>
