<?xml version="1.0" encoding="UTF-8"  standalone="yes"?>
<PcGts xmlns="http://schema.primaresearch.org/PAGE/gts/pagecontent/2019-07-15" xmlns:xsi="http://www.w3.org/2001/XMLSchema-instance" xsi:schemaLocation="http://schema.primaresearch.org/PAGE/gts/pagecontent/2019-07-15 http://schema.primaresearch.org/PAGE/gts/pagecontent/2019-07-15/pagecontent.xsd">
  <Metadata externalRef="pdf//regestapontificu02cath.pdf">
	<Creator>escriptorium</Creator>
	<Created>2026-01-31T10:22:22.456665+00:00</Created>
        <LastChange>2026-02-04T21:30:00.719956+00:00</LastChange>
  </Metadata>
  <Page imageFilename="regestapontificu02cath.pdf_page_65.png" imageWidth="3007" imageHeight="3975">
    <TextRegion id="eSc_textblock_7468660e"  custom="structure {type:default;}">
      <Coords points="2677,326 2724,344 2733,388 2697,3584 167,3566 123,2824 132,1086 218,1042 265,954 324,945 353,892 404,1051 441,901 680,836 680,353 2677,326"/>
      <TextLine id="eSc_line_388ac925" custom="structure {type:default;}">
        <Coords points="1953,335 1950,335 1948,335 1933,344 1924,351 1687,351 1681,346 1668,340 1652,340 1646,340 1608,346 1584,353 1325,353 1290,348 1237,344 1232,344 1210,344 1188,344 1166,346 1144,346 1122,346 1111,346 1087,351 1064,353 1053,351 1040,346 1034,346 1011,346 989,348 967,348 945,348 923,348 901,348 879,348 857,348 835,351 813,351 790,351 768,351 746,351 724,351 702,351 682,351 680,351 682,404 682,430 1551,443 1553,443 1634,428 1643,428 1668,428 1911,441 1913,443 2118,443 2118,441 2121,441 2154,428 2158,426 2167,428 2227,439 2229,441 2394,441 2394,439 2397,439 2439,426 2441,426 2443,426 2463,439 2465,439 2467,439 2470,441 2578,441 2578,439 2580,439 2582,439 2600,428 2600,395 2593,342 2377,346 2364,342 2339,333 2337,333 2193,333 2191,333 2112,344 2085,346 2052,344 1955,335 1953,335"/>
        <Baseline points="682,404 2600,395"/>
        <TextEquiv conf="0.9667761677350754">
          <Unicode>1148. (Lnd. 11. 26. X.„(. 12. pent. 4. 3. — 1s. 17d. 4. 1177. 25. Mert. 1115.)</Unicode>
        </TextEquiv>
      </TextLine>
      <TextLine id="eSc_line_bad0910b" custom="structure {type:default;}">
        <Coords points="764,465 764,490 2680,492 2684,461 2680,428 762,426 764,465"/>
        <Baseline points="764,465 2684,461"/>
        <TextEquiv conf="0.9932719716211644">
          <Unicode>hominum hacresiarchas et eorum sequaces, qui in partibus Guasconiae aut Provinciae</Unicode>
        </TextEquiv>
      </TextLine>
      <TextLine id="eSc_line_4a39312d" custom="structure {type:default;}">
        <Coords points="766,521 766,541 795,554 797,554 799,554 802,554 841,543 881,554 883,554 885,554 963,543 1075,554 1078,556 1277,556 1277,554 1279,554 1281,554 1296,543 1312,554 1314,554 1316,554 1319,556 1535,556 1535,554 1537,554 1539,554 1557,543 1562,543 1699,554 1701,556 1862,556 1862,554 1864,554 1866,554 1880,543 1882,543 1891,543 2054,554 2056,554 2134,543 2143,543 2191,543 2620,554 2622,554 2684,543 2684,521 2684,494 766,494 766,521"/>
        <Baseline points="766,521 2684,521"/>
        <TextEquiv conf="0.999913049031453">
          <Unicode>vel alibi commorantur, manuteneat vel defendat, nec aliquis eis in terra sua recep-</Unicode>
        </TextEquiv>
      </TextLine>
      <TextLine id="eSc_line_c527dc2a" custom="structure {type:default;}">
        <Coords points="764,576 764,602 2682,602 2682,576 2682,545 764,545 764,576"/>
        <Baseline points="764,576 2682,576"/>
        <TextEquiv conf="0.999801923831304">
          <Unicode>taculum praebeat“. Mansi XXI. 713; cf. ibid. p. 718: „Eiusdem concilii canonum</Unicode>
        </TextEquiv>
      </TextLine>
      <TextLine id="eSc_line_e42c1823" custom="structure {type:default;}">
        <Coords points="764,631 764,651 1506,647 1509,627 1504,594 762,591 764,631"/>
        <Baseline points="764,631 1509,627"/>
        <TextEquiv conf="0.9998307321220636">
          <Unicode>collectionem alteram auctiorem“.</Unicode>
        </TextEquiv>
      </TextLine>
      <TextLine id="eSc_line_3b90137e" custom="structure {type:default;}">
        <Coords points="766,689 766,711 2682,706 2684,682 2680,653 764,649 766,689"/>
        <Baseline points="766,689 2684,682"/>
        <TextEquiv conf="0.9978785855429513">
          <Unicode>In eodem concilio Eum (Eon, Eunus, Eudo) puniendus Sugerio abbati S. Dionysii</Unicode>
        </TextEquiv>
      </TextLine>
      <TextLine id="eSc_line_14818428" custom="structure {type:default;}">
        <Coords points="762,739 760,759 806,772 808,772 810,772 2684,764 2686,744 2684,713 762,708 762,739"/>
        <Baseline points="762,739 2686,744"/>
        <TextEquiv conf="0.9978653984733775">
          <Unicode>committitur. Otton. Frising. gest. Frid. L. I. c. 55 in MG. SS. XX. 382, Annal.</Unicode>
        </TextEquiv>
      </TextLine>
      <TextLine id="eSc_line_00bbe9e0" custom="structure {type:default;}">
        <Coords points="762,792 760,812 2216,819 2220,799 2218,766 762,759 762,792"/>
        <Baseline points="762,792 2220,799"/>
        <TextEquiv conf="0.9926104031760117">
          <Unicode>Camerac. 1148 in MG. SS. XVI. 517: cf. Mansi XXI. 720 sqq.</Unicode>
        </TextEquiv>
      </TextLine>
      <TextLine id="eSc_line_846c0edc" custom="structure {type:default;}">
        <Coords points="766,854 766,885 846,874 2680,876 2684,850 2680,821 1725,810 1723,810 1657,821 795,812 793,812 790,812 764,821 766,854"/>
        <Baseline points="766,854 2684,850"/>
        <TextEquiv conf="0.9972805011840093">
          <Unicode>„Fidei symbolum contra errores Giliberti Porretani, Pictaviensis episcopi“, in eodem</Unicode>
        </TextEquiv>
      </TextLine>
      <TextLine id="eSc_line_1fac4160" custom="structure {type:default;}">
        <Coords points="764,907 764,925 793,940 795,940 797,942 923,942 923,940 925,940 927,940 943,927 1007,940 1009,940 1208,927 1230,927 1396,927 1407,929 1460,940 1462,940 1522,929 1535,927 1544,929 1579,940 1581,940 1584,940 1796,929 1796,907 1796,878 764,878 764,907"/>
        <Baseline points="764,907 1796,907"/>
        <TextEquiv conf="0.9999412450679513">
          <Unicode>concilio constituitur. Vide Mansi XXI. 711.</Unicode>
        </TextEquiv>
      </TextLine>
      <TextLine id="eSc_line_35f6c388" custom="structure {type:default;}">
        <Coords points="766,960 764,980 2680,984 2684,965 2682,929 766,925 766,960"/>
        <Baseline points="766,960 2684,965"/>
        <TextEquiv conf="0.9972833358211282">
          <Unicode>In eo dem con cilio causa (Balduini) comitis Hanoniensis pertractatur. Gesta abb.</Unicode>
        </TextEquiv>
      </TextLine>
      <TextLine id="eSc_line_8c4268f0" custom="structure {type:default;}">
        <Coords points="766,1015 764,1033 1343,1046 1345,1046 1767,1035 1769,1020 1769,984 1749,973 1747,973 1745,973 1743,973 1657,984 1531,973 1528,973 1296,984 1270,984 1268,984 1235,971 1232,971 1230,971 1140,982 1137,982 766,982 766,1015"/>
        <Baseline points="766,1015 1769,1020"/>
        <TextEquiv conf="0.9999118508436741">
          <Unicode>Loobbiensium c. 25 in MG. SS. XXI. 329.</Unicode>
        </TextEquiv>
      </TextLine>
      <TextLine id="eSc_line_93a313b1" custom="structure {type:default;}">
        <Coords points="766,1075 766,1101 2684,1101 2686,1071 2682,1042 2136,1042 2074,1029 2072,1029 1959,1040 1926,1029 1924,1029 1922,1029 1802,1040 1738,1029 1736,1029 1734,1029 1732,1029 1716,1042 788,1031 786,1031 784,1031 782,1031 764,1040 766,1075"/>
        <Baseline points="766,1075 2686,1071"/>
        <TextEquiv conf="0.9928210750222206">
          <Unicode>Archicpiscopus Coloniensis ab officio suspenditur, quia concilio non interfuerit. Chron.</Unicode>
        </TextEquiv>
      </TextLine>
      <TextLine id="eSc_line_59ffc0a6" custom="structure {type:default;}">
        <Coords points="766,1128 766,1150 1942,1146 1944,1124 1937,1095 764,1097 766,1128"/>
        <Baseline points="766,1128 1944,1124"/>
        <TextEquiv conf="0.9898138868808747">
          <Unicode>reg. Colon. in MG. SS. XVII. 763, ed. Waitz p. 86.</Unicode>
        </TextEquiv>
      </TextLine>
      <TextLine id="eSc_line_3ae428d1" custom="structure {type:default;}">
        <Coords points="766,1181 766,1207 2684,1201 2686,1174 2680,1143 764,1148 766,1181"/>
        <Baseline points="766,1181 2686,1174"/>
        <TextEquiv conf="0.9940381791533494">
          <Unicode>De aliis rebus in eodem concilio gestis vide Hist. Pontif. c. 4 in MG. SS. XX. 520</Unicode>
        </TextEquiv>
      </TextLine>
      <TextLine id="eSc_line_f3154166" custom="structure {type:default;}">
        <Coords points="766,1236 766,1258 859,1272 861,1272 1042,1260 1157,1272 1159,1272 1347,1260 1537,1260 1555,1272 1557,1272 1559,1272 1562,1274 1712,1274 1712,1272 1714,1272 1716,1272 1734,1260 1847,1272 1849,1272 2299,1260 2344,1272 2346,1272 2348,1272 2459,1260 2629,1272 2631,1272 2686,1258 2686,1236 2684,1207 766,1207 766,1236"/>
        <Baseline points="766,1236 2686,1236"/>
        <TextEquiv conf="0.9998318684565557">
          <Unicode>et Herberti de Boseham Vit. S. Thomae in Opp. ed. Giles I. 194; cf. Bernhardi</Unicode>
        </TextEquiv>
      </TextLine>
      <TextLine id="eSc_line_c1566f06" custom="structure {type:default;}">
        <Coords points="766,1296 766,1316 908,1327 910,1327 912,1327 927,1320 938,1313 1073,1322 1102,1322 1104,1322 1106,1322 1109,1322 1129,1311 1199,1322 1204,1289 1199,1260 916,1252 914,1252 775,1254 773,1254 771,1254 771,1256 764,1260 766,1296"/>
        <Baseline points="766,1296 1204,1289"/>
        <TextEquiv conf="0.9865213599469926">
          <Unicode>Konrad II. 700 sq.</Unicode>
        </TextEquiv>
      </TextLine>
      <TextLine id="eSc_line_3b9e7128" custom="structure {type:default;}">
        <Coords points="156,1349 156,1415 214,1424 216,1424 218,1424 220,1424 220,1422 227,1417 245,1402 346,1402 384,1417 388,1342 382,1274 154,1289 156,1349"/>
        <Baseline points="156,1349 388,1342"/>
        <TextEquiv conf="0.829821664839983">
          <Unicode>Rat. 2s?</Unicode>
        </TextEquiv>
      </TextLine>
      <TextLine id="eSc_line_0bcbf7b0" custom="structure {type:default;}">
        <Coords points="430,1349 430,1380 497,1395 499,1395 636,1373 636,1342 631,1254 523,1249 521,1249 519,1249 426,1274 430,1349"/>
        <Baseline points="430,1349 636,1342"/>
        <TextEquiv conf="0.7533365726470947">
          <Unicode>ncmn)</Unicode>
        </TextEquiv>
      </TextLine>
      <TextLine id="eSc_line_9504a9ad" custom="structure {type:default;}">
        <Coords points="709,1347 709,1373 2688,1373 2688,1347 2688,1316 709,1316 709,1347"/>
        <Baseline points="709,1347 2688,1347"/>
        <TextEquiv conf="0.9980418832822778">
          <Unicode>9198 Monasterii S. Mariae Augensis tutelam suscipit, possessionesque et privilegia con-</Unicode>
        </TextEquiv>
      </TextLine>
      <TextLine id="eSc_line_7c212629" custom="structure {type:default;}">
        <Coords points="766,1404 766,1426 2686,1426 2686,1404 2686,1375 766,1375 766,1404"/>
        <Baseline points="766,1404 2686,1404"/>
        <TextEquiv conf="0.9880195485382546">
          <Unicode>firmat, petente Rogero abbate. Autogr. mutilum in Arch. dép. de la Seine-infér. in</Unicode>
        </TextEquiv>
      </TextLine>
      <TextLine id="eSc_line_b3fbb1b0" custom="structure {type:default;}">
        <Coords points="766,1461 766,1484 790,1497 793,1497 795,1497 1075,1486 1345,1497 1347,1497 1349,1497 1389,1486 1471,1497 1473,1499 1634,1499 1634,1497 1637,1497 1639,1497 1654,1486 1694,1497 1696,1497 1699,1499 1831,1499 1831,1497 1833,1497 1855,1486 1950,1497 1953,1497 2006,1486 2249,1486 2275,1497 2277,1497 2280,1497 2337,1486 2383,1497 2386,1497 2388,1497 2390,1497 2392,1497 2410,1486 2456,1497 2459,1497 2461,1497 2534,1486 2653,1497 2655,1497 2657,1497 2686,1484 2686,1461 2686,1431 766,1431 766,1461"/>
        <Baseline points="766,1461 2686,1461"/>
        <TextEquiv conf="0.9979898784218765">
          <Unicode>Rouen, Fonds d&#x27;Eu: „X. (2) kal. Apr.“, (Neues Archiv VII. 93: „V. (?) kal. Apr.“).</Unicode>
        </TextEquiv>
      </TextLine>
      <TextLine id="eSc_line_06f1b42c" custom="structure {type:default;}">
        <Coords points="766,1510 764,1528 832,1530 846,1543 846,1545 848,1545 850,1545 852,1548 1159,1548 1159,1545 1212,1534 1283,1548 1285,1548 1462,1532 1464,1514 1462,1479 766,1477 766,1510"/>
        <Baseline points="766,1510 1464,1514"/>
        <TextEquiv conf="0.9999975164731344">
          <Unicode>— „Pie postulatio voluntatis“.</Unicode>
        </TextEquiv>
      </TextLine>
      <TextLine id="eSc_line_3a077af4" custom="structure {type:default;}">
        <Coords points="203,1572 203,1598 377,1585 377,1567 373,1530 300,1514 298,1514 296,1514 293,1514 293,1517 273,1534 271,1537 201,1537 203,1572"/>
        <Baseline points="203,1572 377,1567"/>
        <TextEquiv conf="1.0">
          <Unicode>„ 23.</Unicode>
        </TextEquiv>
      </TextLine>
      <TextLine id="eSc_line_8a4e6a7c" custom="structure {type:default;}">
        <Coords points="682,1570 682,1603 737,1594 1003,1603 1022,1603 1025,1603 2684,1587 2686,1563 2680,1530 680,1534 682,1570"/>
        <Baseline points="682,1570 2686,1563"/>
        <TextEquiv conf="0.9999838782393414">
          <Unicode>19199 (ccccxi) Monasterii Ilsenburgensis possessiones et privilegia confirmat, petente Sige-</Unicode>
        </TextEquiv>
      </TextLine>
      <TextLine id="eSc_line_b1c058b9" custom="structure {type:default;}">
        <Coords points="766,1623 766,1645 2682,1656 2684,1623 2684,1594 766,1594 766,1623"/>
        <Baseline points="766,1623 2684,1623"/>
        <TextEquiv conf="0.9997570352789796">
          <Unicode>bodone abbate. („Data Remis p. m. Rolandi cancellarii“.) Wedekind Noten III. 297,</Unicode>
        </TextEquiv>
      </TextLine>
      <TextLine id="eSc_line_746f3016" custom="structure {type:default;}">
        <Coords points="766,1680 766,1704 2686,1700 2688,1676 2682,1647 764,1647 766,1680"/>
        <Baseline points="766,1680 2688,1676"/>
        <TextEquiv conf="0.9977830620039077">
          <Unicode>Neue Mitth. a. d. Geb. hist. ant. Forsch. II. 300, Heinemann C. D. A. I. 256, Jacobs</Unicode>
        </TextEquiv>
      </TextLine>
      <TextLine id="eSc_line_5a0b902b" custom="structure {type:default;}">
        <Coords points="764,1735 764,1757 2383,1757 2383,1735 2383,1702 764,1702 764,1735"/>
        <Baseline points="764,1735 2383,1735"/>
        <TextEquiv conf="0.9977418503899506">
          <Unicode>Urk. d. KI. Ilsenb. I. 23, Migne 180 p. 1609. — „Quia sollicitudini“.</Unicode>
        </TextEquiv>
      </TextLine>
      <TextLine id="eSc_line_68187e63" custom="structure {type:default;}">
        <Coords points="194,1790 194,1810 377,1810 377,1786 373,1726 311,1724 309,1724 307,1724 304,1724 285,1742 267,1755 192,1757 194,1790"/>
        <Baseline points="194,1790 377,1786"/>
        <TextEquiv conf="0.9565737962722778">
          <Unicode>„ 28.</Unicode>
        </TextEquiv>
      </TextLine>
      <TextLine id="eSc_line_c9394543" custom="structure {type:default;}">
        <Coords points="497,1804 497,1815 539,1835 541,1835 543,1835 545,1835 585,1813 585,1804 585,1771 497,1764 497,1804"/>
        <Baseline points="497,1804 585,1804"/>
        <TextEquiv conf="0.9999997615814209">
          <Unicode>„</Unicode>
        </TextEquiv>
      </TextLine>
      <TextLine id="eSc_line_3e7e79c5" custom="structure {type:default;}">
        <Coords points="709,1788 709,1815 2688,1815 2688,1788 2686,1755 2238,1760 2211,1753 2198,1749 2196,1749 2193,1749 2169,1753 2127,1760 2081,1753 2056,1749 2054,1749 2052,1749 2050,1749 2045,1753 2032,1762 1886,1762 1864,1751 1858,1749 1855,1749 1853,1749 1851,1749 1849,1749 1847,1751 1831,1762 1566,1762 1546,1751 1542,1749 1539,1749 1537,1749 1506,1751 1378,1760 1354,1749 1349,1749 1347,1749 1345,1749 1332,1749 1261,1760 1230,1749 1228,1749 1226,1749 1224,1749 1221,1749 1219,1749 1201,1762 1078,1762 1029,1749 1025,1749 1022,1749 1020,1749 998,1760 969,1749 967,1749 709,1749 709,1788"/>
        <Baseline points="709,1788 2688,1788"/>
        <TextEquiv conf="0.989732224766801">
          <Unicode>9200 (6393) Monasterium Benedictoburanum tuendum suscipit, eiusque privilegia con-</Unicode>
        </TextEquiv>
      </TextLine>
      <TextLine id="eSc_line_d58b4d56" custom="structure {type:default;}">
        <Coords points="766,1846 766,1868 897,1881 899,1881 1102,1870 1250,1881 1252,1881 2580,1870 2664,1881 2666,1881 2668,1881 2671,1881 2686,1870 2686,1846 2686,1815 766,1815 766,1846"/>
        <Baseline points="766,1846 2686,1846"/>
        <TextEquiv conf="0.9947026953464602">
          <Unicode>firmat, petente Gualtero abbate. Mon. Boic. VII. 102, Meichelbeck Chron. Ben. Bur.</Unicode>
        </TextEquiv>
      </TextLine>
      <TextLine id="eSc_line_0df87e47" custom="structure {type:default;}">
        <Coords points="766,1901 766,1919 888,1932 890,1932 892,1932 916,1921 983,1932 985,1932 1062,1921 1067,1921 1071,1921 1193,1932 1195,1932 1197,1932 1241,1921 1243,1921 1279,1932 1281,1932 1283,1932 1383,1921 1394,1921 1475,1921 1486,1930 1486,1932 1489,1932 1491,1932 1493,1932 1948,1921 1948,1901 1946,1859 766,1868 766,1901"/>
        <Baseline points="766,1901 1948,1901"/>
        <TextEquiv conf="0.9853497915797763">
          <Unicode>I. 97, Migne 180 p. 1312. — „Ad hoc a summo“.</Unicode>
        </TextEquiv>
      </TextLine>
      <TextLine id="eSc_line_d5ca6333" custom="structure {type:default;}">
        <Coords points="196,1958 198,1989 243,1969 278,1969 291,1980 298,1987 298,1989 300,1989 302,1989 304,1989 368,1974 368,1958 368,1910 273,1903 271,1903 269,1903 267,1903 249,1919 243,1923 196,1923 196,1958"/>
        <Baseline points="196,1958 368,1958"/>
        <TextEquiv conf="0.9999937534332275">
          <Unicode>„ 29.</Unicode>
        </TextEquiv>
      </TextLine>
      <TextLine id="eSc_line_0060e2ec" custom="structure {type:default;}">
        <Coords points="497,1974 497,1985 589,1985 589,1974 589,1947 497,1947 497,1974"/>
        <Baseline points="497,1974 589,1974"/>
        <TextEquiv conf="1.0">
          <Unicode>„)</Unicode>
        </TextEquiv>
      </TextLine>
      <TextLine id="eSc_line_6b4a1f3b" custom="structure {type:default;}">
        <Coords points="711,1956 711,1978 2684,1985 2686,1956 2686,1925 711,1921 711,1956"/>
        <Baseline points="711,1956 2686,1956"/>
        <TextEquiv conf="0.9951046194349017">
          <Unicode>9201 (6394) Sententiam ab episcopis quibusdam inter Henricum, abbatem Hersfeldensem,</Unicode>
        </TextEquiv>
      </TextLine>
      <TextLine id="eSc_line_da43b94a" custom="structure {type:default;}">
        <Coords points="766,2014 766,2033 2684,2031 2686,2007 2680,1978 764,1983 766,2014"/>
        <Baseline points="766,2014 2686,2007"/>
        <TextEquiv conf="0.9979885319868723">
          <Unicode>et Ottonem, episcopum Halberstadensem, de decimis latam confirmat. Wenck Hess.</Unicode>
        </TextEquiv>
      </TextLine>
      <TextLine id="eSc_line_92b0d146" custom="structure {type:default;}">
        <Coords points="768,2067 768,2089 2684,2093 2686,2067 2686,2033 768,2033 768,2067"/>
        <Baseline points="768,2067 2686,2067"/>
        <TextEquiv conf="0.9968883780872121">
          <Unicode>Landesg. III. Urk. p. 69, (Cf. II. Urk. p. 81), Schmidt Urk. d. Hochst. Halb. I. 189.</Unicode>
        </TextEquiv>
      </TextLine>
      <TextLine id="eSc_line_965956b8" custom="structure {type:default;}">
        <Coords points="768,2122 768,2142 1469,2142 1469,2122 1469,2089 1453,2080 1451,2080 1449,2080 1447,2080 1186,2091 1140,2080 1137,2080 1135,2080 1133,2080 1131,2080 1117,2089 1106,2080 1104,2080 1102,2080 996,2080 994,2080 941,2091 885,2080 883,2080 881,2080 879,2080 863,2093 768,2093 768,2122"/>
        <Baseline points="768,2122 1469,2122"/>
        <TextEquiv conf="0.9914546251296997">
          <Unicode>— „Pie postulatio voluntatis“.</Unicode>
        </TextEquiv>
      </TextLine>
      <TextLine id="eSc_line_b8234948" custom="structure {type:default;}">
        <Coords points="196,2179 196,2206 223,2208 225,2208 227,2208 229,2208 229,2206 231,2206 245,2192 298,2203 318,2208 320,2208 373,2201 373,2179 373,2102 324,2102 322,2102 320,2102 318,2102 318,2104 298,2124 269,2153 196,2153 196,2179"/>
        <Baseline points="196,2179 373,2179"/>
        <TextEquiv conf="0.9995444178581238">
          <Unicode>„ 29.</Unicode>
        </TextEquiv>
      </TextLine>
      <TextLine id="eSc_line_1d442b6e" custom="structure {type:default;}">
        <Coords points="499,2192 499,2201 598,2201 598,2192 598,2124 570,2124 567,2124 565,2124 563,2124 554,2133 530,2153 499,2146 499,2192"/>
        <Baseline points="499,2192 598,2192"/>
        <TextEquiv conf="0.9998691082000732">
          <Unicode>„</Unicode>
        </TextEquiv>
      </TextLine>
      <TextLine id="eSc_line_412d22dc" custom="structure {type:default;}">
        <Coords points="711,2177 711,2201 2686,2197 2688,2173 2684,2144 709,2139 711,2177"/>
        <Baseline points="711,2177 2688,2173"/>
        <TextEquiv conf="0.9941023789172949">
          <Unicode>9202 Monasterii Hersfeldensis patrocinium suscipit, bonaque et iura confirmat, petente</Unicode>
        </TextEquiv>
      </TextLine>
      <TextLine id="eSc_line_b6ff4bdb" custom="structure {type:default;}">
        <Coords points="768,2232 768,2254 1195,2254 1197,2254 1228,2267 1230,2267 1232,2270 1332,2270 1332,2267 1334,2267 1360,2254 1363,2254 1517,2254 1524,2254 1714,2267 1716,2267 1794,2256 2255,2265 2258,2265 2260,2265 2262,2265 2280,2252 2282,2252 2339,2265 2341,2265 2406,2252 2408,2252 2412,2252 2556,2265 2558,2265 2560,2265 2591,2252 2677,2252 2680,2228 2673,2199 766,2199 768,2232"/>
        <Baseline points="768,2232 2680,2228"/>
        <TextEquiv conf="0.9929962697094434">
          <Unicode>Henrico abbate. Stumpf Acta Magunt. p. 41, Pflugk-Harttung Aota I. 202. —</Unicode>
        </TextEquiv>
      </TextLine>
      <TextLine id="eSc_line_d249bd2a" custom="structure {type:default;}">
        <Coords points="768,2287 768,2309 1206,2314 1208,2287 1206,2245 768,2248 768,2287"/>
        <Baseline points="768,2287 1208,2287"/>
        <TextEquiv conf="0.999081617907474">
          <Unicode>„Quotiens illud a“.</Unicode>
        </TextEquiv>
      </TextLine>
      <TextLine id="eSc_line_e273dbef" custom="structure {type:default;}">
        <Coords points="194,2347 194,2373 280,2360 302,2367 340,2378 342,2378 344,2378 346,2378 349,2378 371,2362 371,2343 364,2279 315,2281 313,2281 311,2281 298,2292 260,2314 192,2314 194,2347"/>
        <Baseline points="194,2347 371,2343"/>
        <TextEquiv conf="0.9993960499763489">
          <Unicode>„ 29.</Unicode>
        </TextEquiv>
      </TextLine>
      <TextLine id="eSc_line_c9fd9a97" custom="structure {type:default;}">
        <Coords points="492,2360 492,2376 534,2387 536,2387 539,2387 541,2387 541,2385 556,2371 558,2369 596,2369 596,2356 587,2309 554,2323 543,2316 523,2307 521,2307 519,2307 517,2307 514,2307 490,2320 492,2360"/>
        <Baseline points="492,2360 596,2356"/>
        <TextEquiv conf="1.0">
          <Unicode>„</Unicode>
        </TextEquiv>
      </TextLine>
      <TextLine id="eSc_line_c92f9e6f" custom="structure {type:default;}">
        <Coords points="713,2340 713,2367 2688,2367 2688,2340 2688,2312 713,2303 713,2340"/>
        <Baseline points="713,2340 2688,2340"/>
        <TextEquiv conf="0.9999966770410538">
          <Unicode>9203 (6395) Moysi, archiepiscopo Ravennati, significat, se concilio celebrato in Italiam</Unicode>
        </TextEquiv>
      </TextLine>
      <TextLine id="eSc_line_2a98a746" custom="structure {type:default;}">
        <Coords points="768,2398 768,2422 1047,2422 1049,2422 1082,2433 1084,2433 1087,2433 1453,2420 1475,2420 1478,2420 1495,2431 1497,2431 1500,2431 1502,2433 1703,2433 1703,2431 1705,2431 1734,2418 1736,2418 1738,2418 1767,2429 1769,2429 1771,2431 2145,2431 2145,2429 2147,2429 2149,2429 2167,2418 2501,2426 2503,2426 2573,2415 2649,2426 2651,2426 2653,2426 2686,2413 2686,2389 2680,2358 766,2367 768,2398"/>
        <Baseline points="768,2398 2686,2389"/>
        <TextEquiv conf="0.998424595449029">
          <Unicode>reversurum esse. Electionem a Placentinis factam, salvo iure eius confirmatam nun-</Unicode>
        </TextEquiv>
      </TextLine>
      <TextLine id="eSc_line_370ae54c" custom="structure {type:default;}">
        <Coords points="766,2453 766,2475 2686,2471 2688,2449 2682,2420 764,2422 766,2453"/>
        <Baseline points="766,2453 2688,2449"/>
        <TextEquiv conf="0.999419774538205">
          <Unicode>ciat. „In proxima b. Lucae festivitate“ (18. Octobris) eum Placentinosque praesto</Unicode>
        </TextEquiv>
      </TextLine>
      <TextLine id="eSc_line_daaf7e15" custom="structure {type:default;}">
        <Coords points="768,2508 768,2530 2684,2535 2686,2508 2686,2477 768,2477 768,2508"/>
        <Baseline points="768,2508 2686,2508"/>
        <TextEquiv conf="0.9996280641782851">
          <Unicode>sibi esse iubet. Rubei Hist. Rav. p. 331, Ughelli It. sacr. II. 214, Mansi XXI. 665,</Unicode>
        </TextEquiv>
      </TextLine>
      <TextLine id="eSc_line_84f53e0b" custom="structure {type:default;}">
        <Coords points="771,2563 771,2581 802,2597 804,2597 806,2597 905,2581 914,2581 916,2581 941,2592 943,2592 945,2592 1018,2581 1027,2581 1029,2581 1042,2594 1042,2597 1045,2597 1047,2597 1049,2597 1051,2597 1089,2583 1091,2581 1093,2583 1117,2594 1120,2594 1122,2594 1321,2583 1365,2581 1367,2583 1380,2594 1380,2597 1383,2597 1385,2597 1387,2597 1460,2583 1478,2581 1504,2583 1623,2597 1626,2597 1866,2583 1866,2563 1866,2535 771,2526 771,2563"/>
        <Baseline points="771,2563 1866,2563"/>
        <TextEquiv conf="0.991575833161672">
          <Unicode>Migne 180 p. 1314. — „Quia de fraternitatis“.</Unicode>
        </TextEquiv>
      </TextLine>
      <TextLine id="eSc_line_f097708e" custom="structure {type:default;}">
        <Coords points="194,2625 194,2647 258,2641 271,2643 309,2656 311,2656 313,2656 315,2656 375,2634 375,2619 371,2588 285,2568 282,2568 280,2568 278,2568 245,2592 192,2592 194,2625"/>
        <Baseline points="194,2625 375,2619"/>
        <TextEquiv conf="0.9999806404113769">
          <Unicode>„ 29.</Unicode>
        </TextEquiv>
      </TextLine>
      <TextLine id="eSc_line_d32c6ce2" custom="structure {type:default;}">
        <Coords points="494,2634 494,2643 514,2654 517,2654 519,2654 598,2641 598,2634 598,2608 494,2608 494,2634"/>
        <Baseline points="494,2634 598,2634"/>
        <TextEquiv conf="0.9870823323726654">
          <Unicode>„)</Unicode>
        </TextEquiv>
      </TextLine>
      <TextLine id="eSc_line_7321e8a6" custom="structure {type:default;}">
        <Coords points="713,2619 713,2643 2686,2638 2688,2612 2684,2583 711,2581 713,2619"/>
        <Baseline points="713,2619 2688,2612"/>
        <TextEquiv conf="0.9933143084562277">
          <Unicode>9204 (6396) Monasterium Laureshamense tuendum suscipit, eiusque possessiones et</Unicode>
        </TextEquiv>
      </TextLine>
      <TextLine id="eSc_line_7bcda8db" custom="structure {type:default;}">
        <Coords points="768,2674 768,2698 2688,2691 2688,2674 2688,2645 768,2645 768,2674"/>
        <Baseline points="768,2674 2688,2674"/>
        <TextEquiv conf="0.9969526215603477">
          <Unicode>privilegia confirmat, petente Folcnando abbate. Chron. Lauresham. in MG. SS.</Unicode>
        </TextEquiv>
      </TextLine>
      <TextLine id="eSc_line_289a866a" custom="structure {type:default;}">
        <Coords points="768,2729 768,2749 1131,2760 1133,2760 1301,2749 1303,2749 1341,2760 1343,2760 1345,2760 1347,2760 1349,2760 1369,2749 1372,2749 1889,2758 1891,2758 1893,2758 1895,2758 1913,2747 1981,2758 1984,2758 2070,2744 2072,2725 2068,2698 1992,2685 1990,2685 1988,2685 1986,2685 1970,2698 1694,2698 1679,2685 1676,2685 1674,2685 1672,2685 1670,2685 1668,2685 1668,2687 1657,2698 1520,2698 1460,2685 1458,2685 1380,2698 797,2687 795,2687 793,2687 766,2698 768,2729"/>
        <Baseline points="768,2729 2072,2725"/>
        <TextEquiv conf="0.9971868856897894">
          <Unicode>XXI. 441, (Migue 180 p. 1314). — „Apostolicae sedis“.</Unicode>
        </TextEquiv>
      </TextLine>
      <TextLine id="eSc_line_ed4d39b7" custom="structure {type:default;}">
        <Coords points="187,2786 187,2809 207,2824 209,2824 212,2824 214,2824 216,2824 256,2811 273,2806 282,2815 313,2839 315,2839 318,2839 320,2839 382,2824 382,2786 382,2714 344,2714 342,2714 340,2714 338,2714 318,2727 265,2760 187,2758 187,2786"/>
        <Baseline points="187,2786 382,2786"/>
        <TextEquiv conf="0.9690976142883301">
          <Unicode>„ 29.</Unicode>
        </TextEquiv>
      </TextLine>
      <TextLine id="eSc_line_3d73678a" custom="structure {type:default;}">
        <Coords points="490,2795 488,2820 508,2831 510,2831 512,2831 514,2831 596,2826 598,2800 598,2762 530,2740 528,2740 525,2740 523,2740 490,2751 490,2795"/>
        <Baseline points="490,2795 598,2800"/>
        <TextEquiv conf="1.0">
          <Unicode>„</Unicode>
        </TextEquiv>
      </TextLine>
      <TextLine id="eSc_line_1f8cc6f6" custom="structure {type:default;}">
        <Coords points="715,2782 715,2813 2688,2806 2688,2782 2688,2751 715,2749 715,2782"/>
        <Baseline points="715,2782 2688,2782"/>
        <TextEquiv conf="0.9975496605038643">
          <Unicode>9205 (6397) Archiepiscopos et episcopos monet, ut monasterii Laureshamensis bona</Unicode>
        </TextEquiv>
      </TextLine>
      <TextLine id="eSc_line_14c21412" custom="structure {type:default;}">
        <Coords points="768,2839 768,2864 2686,2857 2688,2833 2684,2802 766,2800 768,2839"/>
        <Baseline points="768,2839 2688,2833"/>
        <TextEquiv conf="0.9998603887856007">
          <Unicode>tueantur. Chron. Lauresham. in MG. SS. XXI. 441, (Migne 180 p. 1316). — „Quantis</Unicode>
        </TextEquiv>
      </TextLine>
      <TextLine id="eSc_line_e0104968" custom="structure {type:default;}">
        <Coords points="766,2895 766,2912 1148,2908 1151,2890 1144,2862 764,2864 766,2895"/>
        <Baseline points="766,2895 1151,2890"/>
        <TextEquiv conf="0.9999998490015666">
          <Unicode>Laureshamense“.</Unicode>
        </TextEquiv>
      </TextLine>
      <TextLine id="eSc_line_dafd1800" custom="structure {type:default;}">
        <Coords points="201,2952 203,2990 260,2963 300,2983 304,2985 307,2985 309,2985 388,2976 388,2945 384,2915 324,2903 322,2903 320,2903 289,2917 278,2919 198,2919 201,2952"/>
        <Baseline points="201,2952 388,2945"/>
        <TextEquiv conf="0.9999951601028443">
          <Unicode>„ 29.</Unicode>
        </TextEquiv>
      </TextLine>
      <TextLine id="eSc_line_e53bd02c" custom="structure {type:default;}">
        <Coords points="486,2954 483,2970 519,2983 521,2983 523,2983 594,2974 596,2961 596,2926 486,2926 486,2954"/>
        <Baseline points="486,2954 596,2961"/>
        <TextEquiv conf="1.0">
          <Unicode>„</Unicode>
        </TextEquiv>
      </TextLine>
      <TextLine id="eSc_line_cbe482b4" custom="structure {type:default;}">
        <Coords points="715,2945 715,2974 2684,2968 2686,2939 2680,2912 713,2917 715,2945"/>
        <Baseline points="715,2945 2686,2939"/>
        <TextEquiv conf="0.9988816089408342">
          <Unicode>9206 (6398) Monasterii Maulbrunnensis protectionem suscipit bonaque confirmat, petente</Unicode>
        </TextEquiv>
      </TextLine>
      <TextLine id="eSc_line_be18d8a1" custom="structure {type:default;}">
        <Coords points="775,3001 775,3027 2684,3023 2686,2996 2680,2968 773,2968 775,3001"/>
        <Baseline points="775,3001 2686,2996"/>
        <TextEquiv conf="0.9970516860485077">
          <Unicode>Tehitero abbate. Besold Doc. red. 491, Petri Suev. eccl. p. 572, Wirtemberg. Ur-</Unicode>
        </TextEquiv>
      </TextLine>
      <TextLine id="eSc_line_cd2dbc1a" custom="structure {type:default;}">
        <Coords points="771,3058 771,3078 2251,3080 2253,3058 2253,3025 2242,3016 2240,3016 2238,3016 2235,3016 2233,3016 2187,3027 2138,3016 2136,3016 2134,3016 2132,3016 2129,3016 2109,3029 1953,3029 1933,3016 1931,3016 1928,3016 1840,3016 1838,3016 1836,3016 1833,3016 1820,3027 1769,3016 1767,3016 1765,3016 1743,3027 1548,3016 1546,3016 1493,3027 1489,3027 1478,3027 1372,3016 1369,3016 1367,3016 1330,3027 1323,3027 1307,3027 1217,3016 1215,3016 1168,3025 1159,3027 1153,3025 1131,3016 1129,3016 1126,3016 1084,3025 1073,3027 1060,3025 1014,3016 1011,3016 1009,3016 989,3025 983,3027 974,3025 947,3016 945,3016 943,3016 941,3016 938,3016 925,3025 921,3027 912,3025 883,3016 881,3016 879,3016 771,3023 771,3058"/>
        <Baseline points="771,3058 2253,3058"/>
        <TextEquiv conf="0.9999351849158605">
          <Unicode>kundenb. II. 48, Migne 180 p. 1316. — „Desiderium, quod ad“.</Unicode>
        </TextEquiv>
      </TextLine>
      <TextLine id="eSc_line_0f8f42db" custom="structure {type:default;}">
        <Coords points="198,3118 198,3142 214,3149 216,3149 218,3149 220,3149 262,3133 276,3131 287,3133 360,3144 362,3144 364,3144 366,3144 386,3127 386,3111 382,3082 315,3069 313,3069 311,3069 280,3085 265,3074 262,3074 260,3074 258,3074 196,3087 198,3118"/>
        <Baseline points="198,3118 386,3111"/>
        <TextEquiv conf="0.9983854293823242">
          <Unicode>„ 29.</Unicode>
        </TextEquiv>
      </TextLine>
      <TextLine id="eSc_line_208e2fcb" custom="structure {type:default;}">
        <Coords points="492,3122 490,3146 594,3135 596,3127 594,3098 492,3093 492,3122"/>
        <Baseline points="492,3122 596,3127"/>
        <TextEquiv conf="1.0">
          <Unicode>„</Unicode>
        </TextEquiv>
      </TextLine>
      <TextLine id="eSc_line_dc10a403" custom="structure {type:default;}">
        <Coords points="715,3109 713,3131 731,3142 733,3142 735,3142 737,3142 2684,3135 2686,3113 2684,3082 715,3078 715,3109"/>
        <Baseline points="715,3109 2686,3113"/>
        <TextEquiv conf="0.9987963772401577">
          <Unicode>9207 „Monasterii S. Lamberti in Carinthia tutelam suscipit, bonaque et privilegia,</Unicode>
        </TextEquiv>
      </TextLine>
      <TextLine id="eSc_line_593ac21d" custom="structure {type:default;}">
        <Coords points="771,3171 771,3202 2686,3186 2688,3160 2682,3131 768,3135 771,3171"/>
        <Baseline points="771,3171 2688,3160"/>
        <TextEquiv conf="0.9984658848808472">
          <Unicode>petente Udalrico abbate, confirmat, ea tamen lege, ut monachi censum bizantii unius</Unicode>
        </TextEquiv>
      </TextLine>
      <TextLine id="eSc_line_56a9376f" custom="structure {type:default;}">
        <Coords points="768,3221 768,3246 2682,3239 2684,3215 2677,3186 766,3191 768,3221"/>
        <Baseline points="768,3221 2684,3215"/>
        <TextEquiv conf="0.9939995102393322">
          <Unicode>annuum Lateranensi palatio persolvant. Zahn Urkundenb. v. Steiermark I. 285. —</Unicode>
        </TextEquiv>
      </TextLine>
      <TextLine id="eSc_line_edc6362b" custom="structure {type:default;}">
        <Coords points="771,3279 771,3301 1409,3299 1409,3279 1409,3250 771,3250 771,3279"/>
        <Baseline points="771,3279 1409,3279"/>
        <TextEquiv conf="0.9999992189736202">
          <Unicode>„Piae postulatio voluntatis“,</Unicode>
        </TextEquiv>
      </TextLine>
      <TextLine id="eSc_line_f79009b9" custom="structure {type:default;}">
        <Coords points="201,3336 201,3361 280,3352 304,3365 309,3369 311,3369 313,3369 315,3369 384,3367 384,3336 377,3288 364,3299 329,3292 302,3288 300,3288 298,3288 296,3288 285,3297 267,3305 201,3303 201,3336"/>
        <Baseline points="201,3336 384,3336"/>
        <TextEquiv conf="0.989711856842041">
          <Unicode>„ 20.</Unicode>
        </TextEquiv>
      </TextLine>
      <TextLine id="eSc_line_7e068b38" custom="structure {type:default;}">
        <Coords points="492,3341 492,3367 594,3350 594,3341 594,3294 563,3288 561,3288 558,3288 556,3288 554,3288 534,3305 525,3312 492,3312 492,3341"/>
        <Baseline points="492,3341 594,3341"/>
        <TextEquiv conf="1.0">
          <Unicode>„</Unicode>
        </TextEquiv>
      </TextLine>
      <TextLine id="eSc_line_a5d34c3a" custom="structure {type:default;}">
        <Coords points="718,3325 715,3350 1177,3363 1179,3363 2682,3356 2684,3330 2680,3292 718,3292 718,3325"/>
        <Baseline points="718,3325 2684,3330"/>
        <TextEquiv conf="0.9994009484847387">
          <Unicode>9208 *Libertates monasterio Augiae-divitis a Divizone, quondam presbytero cardinali,</Unicode>
        </TextEquiv>
      </TextLine>
      <TextLine id="eSc_line_fb13bf97" custom="structure {type:default;}">
        <Coords points="768,3387 768,3409 1394,3420 1396,3420 1469,3409 2644,3416 2646,3416 2649,3416 2688,3403 2688,3380 2682,3352 766,3356 768,3387"/>
        <Baseline points="768,3387 2688,3380"/>
        <TextEquiv conf="0.9882855171180633">
          <Unicode>concessas et a Theodrico (leg. Theodino), episcopo Silvae-candidae, ap. sed. legato</Unicode>
        </TextEquiv>
      </TextLine>
      <TextLine id="eSc_line_8bc3d8b9" custom="structure {type:default;}">
        <Coords points="766,3442 766,3462 2085,3464 2090,3436 2085,3407 788,3400 786,3400 784,3400 764,3409 766,3442"/>
        <Baseline points="766,3442 2090,3436"/>
        <TextEquiv conf="0.9998664127455817">
          <Unicode>firmatas approbat. Oheims Chronik v. Reichenau p. 129.</Unicode>
        </TextEquiv>
      </TextLine>
      <TextLine id="eSc_line_6bdbbeb7" custom="structure {type:default;}">
        <Coords points="201,3502 201,3542 247,3542 276,3566 309,3595 311,3595 313,3595 391,3599 391,3495 384,3418 318,3427 315,3427 313,3427 313,3429 298,3442 271,3469 198,3471 201,3502"/>
        <Baseline points="201,3502 391,3495"/>
        <TextEquiv conf="0.9507500926653544">
          <Unicode>„ .</Unicode>
        </TextEquiv>
      </TextLine>
      <TextLine id="eSc_line_147a1c69" custom="structure {type:default;}">
        <Coords points="492,3506 492,3533 514,3546 517,3546 519,3546 521,3546 523,3546 525,3546 554,3528 565,3522 585,3528 592,3502 585,3469 490,3473 492,3506"/>
        <Baseline points="492,3506 592,3502"/>
        <TextEquiv conf="0.9995372295379639">
          <Unicode>„</Unicode>
        </TextEquiv>
      </TextLine>
      <TextLine id="eSc_line_473050b1" custom="structure {type:default;}">
        <Coords points="715,3493 715,3517 2684,3515 2686,3489 2680,3462 713,3464 715,3493"/>
        <Baseline points="715,3493 2686,3489"/>
        <TextEquiv conf="0.9959621776508379">
          <Unicode>9209 (6399) In generali concilio monasterium Helmershusense tuendum suscipit et</Unicode>
        </TextEquiv>
      </TextLine>
      <TextLine id="eSc_line_12fa8a48" custom="structure {type:default;}">
        <Coords points="771,3546 768,3599 1537,3601 1539,3601 1626,3597 1725,3590 1743,3595 1765,3604 1767,3604 1769,3604 1897,3595 1946,3592 2070,3595 2534,3604 2536,3604 2680,3590 2682,3551 2680,3520 771,3511 771,3546"/>
        <Baseline points="771,3546 2682,3551"/>
        <TextEquiv conf="0.9925502812161165">
          <Unicode>eius bona ae iura confirmat, rogatu episcoporum Henrici „Moguntinensis“ (Mindensis7).</Unicode>
        </TextEquiv>
      </TextLine>
    </TextRegion>
    <TextRegion id="eSc_textblock_5547233a"  custom="structure {type:default;}">
      <Coords points="1184,176 1833,185 1860,271 963,280 954,229 989,185 1184,176"/>
      <TextLine id="eSc_line_e0f2a05c" custom="structure {type:default;}">
        <Coords points="980,194 980,253 980,280 987,287 987,289 989,289 992,289 994,289 1080,276 1106,289 1109,289 1111,291 1288,291 1288,289 1290,289 1292,289 1307,276 1405,289 1407,289 1409,289 1411,289 1411,287 1425,276 1721,276 1734,287 1734,289 1736,289 1738,289 1741,291 1800,291 1800,289 1802,289 1838,273 1838,253 1838,212 1703,194 1701,194 1699,194 1696,194 1681,205 1674,209 1634,205 1570,196 1568,196 1513,200 1418,209 1405,196 1400,194 1400,192 1398,192 1396,192 1394,192 1367,196 1341,200 1334,194 1319,183 1316,183 1314,183 1312,183 1310,183 1283,194 1248,207 1206,192 1184,183 1182,183 1179,183 998,183 980,194"/>
        <Baseline points="980,253 1838,253"/>
        <TextEquiv conf="0.9633489126960436">
          <Unicode>EC(ENII“ III. 1145—1155.</Unicode>
        </TextEquiv>
      </TextLine>
    </TextRegion>
    <TextRegion id="eSc_textblock_7ee73d97"  custom="structure {type:default;}">
      <Coords points="2651,194 2697,212 2706,262 2593,289 2585,212 2651,194"/>
      <TextLine id="eSc_line_255fea98" custom="structure {type:default;}">
        <Coords points="2593,258 2596,289 2686,287 2684,249 2675,203 2587,209 2593,258"/>
        <Baseline points="2593,258 2684,249"/>
        <TextEquiv conf="1.0">
          <Unicode>53</Unicode>
        </TextEquiv>
      </TextLine>
    </TextRegion>
  </Page>
</PcGts>
