<?xml version="1.0" encoding="UTF-8"  standalone="yes"?>
<PcGts xmlns="http://schema.primaresearch.org/PAGE/gts/pagecontent/2019-07-15" xmlns:xsi="http://www.w3.org/2001/XMLSchema-instance" xsi:schemaLocation="http://schema.primaresearch.org/PAGE/gts/pagecontent/2019-07-15 http://schema.primaresearch.org/PAGE/gts/pagecontent/2019-07-15/pagecontent.xsd">
  <Metadata>
	<Creator>escriptorium</Creator>
	<Created>2024-07-19T10:05:49.589582+00:00</Created>
        <LastChange>2024-08-08T08:29:31.664128+00:00</LastChange>
  </Metadata>
  <Page imageFilename="0167.png" imageWidth="3007" imageHeight="3975">
    <TextRegion id="eSc_textblock_7d9b9329"  custom="structure {type:default;}">
      <Coords points="311,159 430,167 439,227 282,245 282,167 311,159"/>
      <TextLine id="eSc_line_ce0c2afa" custom="structure {type:default;}">
        <Coords points="298,159 302,220 302,249 421,245 421,216 417,170 318,159 298,159"/>
        <Baseline points="302,220 421,216"/>
        <TextEquiv conf="0.9999999205271403">
          <Unicode>154</Unicode>
        </TextEquiv>
      </TextLine>
    </TextRegion>
    <TextRegion id="eSc_textblock_debbca55"  custom="structure {type:default;}">
      <Coords points="2076,300 2865,318 2856,3239 2830,3539 901,3548 565,3531 536,3478 510,3522 300,3522 265,3433 282,318 2076,300"/>
      <TextLine id="eSc_line_d3ddfa04" custom="structure {type:default;}">
        <Coords points="1148,309 1126,309 1104,309 1082,309 1060,309 1038,309 1016,309 994,309 972,309 950,311 927,311 905,311 883,311 861,311 855,311 839,324 841,368 841,397 2160,397 2160,359 2154,313 1988,318 1981,315 1966,306 1964,306 1961,306 1855,315 1809,320 1794,318 1736,304 1734,304 1732,304 1729,304 1710,318 1707,320 1703,318 1679,309 1676,309 1674,309 1376,322 1365,322 1323,309 1321,309 1319,309 1316,309 1285,322 1252,309 1250,309 1248,309 1246,309 1199,322 1186,311 1186,309 1184,309 1182,309 1170,309 1148,309"/>
        <Baseline points="841,368 2160,359"/>
        <TextEquiv conf="0.9738408490534751">
          <Unicode>1161. (Ind. 9. — 25. Sept. — 10, pont. a. 2. — 20. Sept. — 3.)</Unicode>
        </TextEquiv>
      </TextLine>
      <TextLine id="eSc_line_ea3bd671" custom="structure {type:default;}">
        <Coords points="925,432 925,463 2839,457 2839,432 2839,397 2757,382 2755,382 2585,393 2562,382 2560,382 2337,382 2335,382 2333,382 2306,395 2087,384 2085,384 2083,384 2039,397 1502,397 1471,384 1469,384 1467,384 1338,395 1283,382 1281,382 1279,382 925,395 925,432"/>
        <Baseline points="925,432 2839,432"/>
        <TextEquiv conf="0.9995479838150304">
          <Unicode>praelatis per Marchiam constitutis nunciat, se „VIII. id. Iunii (d. 6. Iun.) Urbem</Unicode>
        </TextEquiv>
      </TextLine>
      <TextLine id="eSc_line_55c85b11" custom="structure {type:default;}">
        <Coords points="927,488 927,510 2834,514 2839,483 2832,454 925,457 927,488"/>
        <Baseline points="927,488 2839,483"/>
        <TextEquiv conf="0.999292566990241">
          <Unicode>tenuisse et a clero et populo Romano apud ecclesiam S. Mariae novae solemniter</Unicode>
        </TextEquiv>
      </TextLine>
      <TextLine id="eSc_line_e180556b" custom="structure {type:default;}">
        <Coords points="927,543 927,567 2830,569 2834,536 2828,503 925,512 927,543"/>
        <Baseline points="927,543 2834,536"/>
        <TextEquiv conf="0.9983642601672514">
          <Unicode>fuisse receptum, sequenti quoque die dominico (11. Iunii) in Lateranensi ecclesia</Unicode>
        </TextEquiv>
      </TextLine>
      <TextLine id="eSc_line_eec624bb" custom="structure {type:default;}">
        <Coords points="925,598 925,627 2834,624 2836,594 2830,565 923,567 925,598"/>
        <Baseline points="925,598 2836,594"/>
        <TextEquiv conf="0.9984782613240756">
          <Unicode>missarum sollemnia celebrasse“. Hortatur, ut fidi sibi maneant. Tengnagel Vet.</Unicode>
        </TextEquiv>
      </TextLine>
      <TextLine id="eSc_line_df217e61" custom="structure {type:default;}">
        <Coords points="925,653 925,677 2629,671 2631,649 2624,618 923,620 925,653"/>
        <Baseline points="925,653 2631,649"/>
        <TextEquiv conf="0.987421065568924">
          <Unicode>mon. p. 399, Mansi XXI. 1036, Migne 200 p. 121. — „Licet aliquando“.</Unicode>
        </TextEquiv>
      </TextLine>
      <TextLine id="eSc_line_8b30859f" custom="structure {type:default;}">
        <Coords points="313,706 313,735 326,744 329,744 331,744 333,744 539,730 539,706 536,616 313,618 313,706"/>
        <Baseline points="313,706 539,706"/>
        <TextEquiv conf="0.9437759965658188">
          <Unicode>Lon. 21.</Unicode>
        </TextEquiv>
      </TextLine>
      <TextLine id="eSc_line_c13245c0" custom="structure {type:default;}">
        <Coords points="570,704 570,735 815,746 817,704 817,622 570,618 570,704"/>
        <Baseline points="570,704 817,704"/>
        <TextEquiv conf="0.9363320999675326">
          <Unicode>Praenente</Unicode>
        </TextEquiv>
      </TextLine>
      <TextLine id="eSc_line_cd90b8cb" custom="structure {type:default;}">
        <Coords points="872,706 872,733 2834,735 2836,706 2836,671 872,671 872,706"/>
        <Baseline points="872,706 2836,706"/>
        <TextEquiv conf="0.9995299364313667">
          <Unicode>10667 (7173) Universo capitulo S. Victoris Parisiensis Alexium diaconum suum apud</Unicode>
        </TextEquiv>
      </TextLine>
      <TextLine id="eSc_line_f0b431b7" custom="structure {type:default;}">
        <Coords points="923,761 923,790 2832,795 2834,761 2834,733 923,728 923,761"/>
        <Baseline points="923,761 2834,761"/>
        <TextEquiv conf="0.9936175732545449">
          <Unicode>eos morantem commendat. Martene Coll. VI. 241, Migne 200 p. 121. — „Cum</Unicode>
        </TextEquiv>
      </TextLine>
      <TextLine id="eSc_line_ff2a885e" custom="structure {type:default;}">
        <Coords points="923,819 923,834 1089,845 1091,845 1155,832 1157,832 1199,845 1201,845 1204,845 1345,828 1347,812 1341,781 921,786 923,819"/>
        <Baseline points="923,819 1347,812"/>
        <TextEquiv conf="0.9821039971552397">
          <Unicode>universos Christi“.</Unicode>
        </TextEquiv>
      </TextLine>
      <TextLine id="eSc_line_5b0066fd" custom="structure {type:default;}">
        <Coords points="351,876 353,912 406,898 455,903 514,909 517,909 519,909 521,909 534,898 534,872 530,832 349,832 351,876"/>
        <Baseline points="351,876 534,872"/>
        <TextEquiv conf="0.9999829530715942">
          <Unicode>„ 30.</Unicode>
        </TextEquiv>
      </TextLine>
      <TextLine id="eSc_line_6da36dc7" custom="structure {type:default;}">
        <Coords points="634,905 740,916 742,885 742,845 693,832 691,832 689,832 687,832 673,836 656,845 638,832 634,885 634,905"/>
        <Baseline points="634,885 742,885"/>
        <TextEquiv conf="1.0">
          <Unicode>„</Unicode>
        </TextEquiv>
      </TextLine>
      <TextLine id="eSc_line_0e100987" custom="structure {type:default;}">
        <Coords points="874,872 874,901 2834,894 2836,867 2832,834 872,828 874,872"/>
        <Baseline points="874,872 2836,867"/>
        <TextEquiv conf="0.9998872499356325">
          <Unicode>10668 (7174) Hugoni, episcopo Suessionensi, praecipit, ut secundum privilegia ecclesiae</Unicode>
        </TextEquiv>
      </TextLine>
      <TextLine id="eSc_line_62229b9e" custom="structure {type:default;}">
        <Coords points="925,923 923,945 2832,949 2836,927 2834,894 925,892 925,923"/>
        <Baseline points="925,923 2836,927"/>
        <TextEquiv conf="0.9993000360096203">
          <Unicode>S. Martini Sparnacensis „in ecclesia S. Martini de Montefelici uni de fratribus Spar-</Unicode>
        </TextEquiv>
      </TextLine>
      <TextLine id="eSc_line_6fabc31b" custom="structure {type:default;}">
        <Coords points="925,980 925,1004 2836,1004 2836,980 2836,951 925,947 925,980"/>
        <Baseline points="925,980 2836,980"/>
        <TextEquiv conf="0.9948613538935378">
          <Unicode>nacensibus curam animarum committat“. Duchesne H. Fr. SS. IV. 593, Bouquet</Unicode>
        </TextEquiv>
      </TextLine>
      <TextLine id="eSc_line_d4a53918" custom="structure {type:default;}">
        <Coords points="925,1033 925,1062 2830,1062 2832,1037 2830,998 925,991 925,1033"/>
        <Baseline points="925,1033 2832,1037"/>
        <TextEquiv conf="0.9930547070503235">
          <Unicode>Rec. XV. 770, Mansi XXI. 980, Migne 200 p. 122. — „Quae a sede apostolica“.</Unicode>
        </TextEquiv>
      </TextLine>
      <TextLine id="eSc_line_3852d701" custom="structure {type:default;}">
        <Coords points="311,1093 311,1128 532,1119 532,1088 530,1046 483,1022 481,1022 479,1022 477,1022 459,1029 415,1046 377,1009 364,998 364,995 362,995 360,995 307,993 311,1093"/>
        <Baseline points="311,1093 532,1088"/>
        <TextEquiv conf="0.9753544756344387">
          <Unicode>lat. 2.</Unicode>
        </TextEquiv>
      </TextLine>
      <TextLine id="eSc_line_a109a153" custom="structure {type:default;}">
        <Coords points="574,1093 574,1130 806,1135 808,1093 808,1002 709,1002 702,998 669,982 667,982 665,982 574,991 574,1093"/>
        <Baseline points="574,1093 808,1093"/>
        <TextEquiv conf="0.8405116721987724">
          <Unicode>Feaennii</Unicode>
        </TextEquiv>
      </TextLine>
      <TextLine id="eSc_line_a0041800" custom="structure {type:default;}">
        <Coords points="874,1090 874,1117 2828,1121 2832,1086 2828,1057 872,1053 874,1090"/>
        <Baseline points="874,1090 2832,1086"/>
        <TextEquiv conf="0.9994556687094949">
          <Unicode>10669 (7175) Clerum et populum Salonitanum (al. Salernitanum) collaudat, quod</Unicode>
        </TextEquiv>
      </TextLine>
      <TextLine id="eSc_line_eab69de1" custom="structure {type:default;}">
        <Coords points="925,1146 925,1172 2832,1174 2834,1146 2834,1113 925,1108 925,1146"/>
        <Baseline points="925,1146 2834,1146"/>
        <TextEquiv conf="0.9998444009976215">
          <Unicode>Iulium, episcopum Praenestinum, et Petrum S. Eustachii diaconum cardinalem, legatos</Unicode>
        </TextEquiv>
      </TextLine>
      <TextLine id="eSc_line_540ca409" custom="structure {type:default;}">
        <Coords points="923,1201 923,1230 2830,1225 2832,1196 2825,1168 921,1170 923,1201"/>
        <Baseline points="923,1201 2832,1196"/>
        <TextEquiv conf="0.9997579024498722">
          <Unicode>apostolicos, bene tractaverint. (Petrum) episcopum Narniensem a sese iis praefectum</Unicode>
        </TextEquiv>
      </TextLine>
      <TextLine id="eSc_line_9ad63f62" custom="structure {type:default;}">
        <Coords points="921,1258 921,1283 2832,1283 2832,1258 2832,1227 921,1219 921,1258"/>
        <Baseline points="921,1258 2832,1258"/>
        <TextEquiv conf="0.9933822113414144">
          <Unicode>archiepiscopum, pallioque donatum esse. Farlati III. sacr. III. 183, Ughelli It. sacr.</Unicode>
        </TextEquiv>
      </TextLine>
      <TextLine id="eSc_line_8a7cd6e3" custom="structure {type:default;}">
        <Coords points="919,1313 919,1340 2828,1342 2832,1309 2828,1278 916,1278 919,1313"/>
        <Baseline points="919,1313 2832,1309"/>
        <TextEquiv conf="0.9965314254348661">
          <Unicode>I. 1015, Migne 200 p. 122, (Pflugk-Harttung Iter p. 131). — „Illa devotionis sin-</Unicode>
        </TextEquiv>
      </TextLine>
      <TextLine id="eSc_line_438c4a17" custom="structure {type:default;}">
        <Coords points="919,1366 919,1382 1011,1393 1014,1393 1115,1375 1115,1362 1109,1331 916,1333 919,1366"/>
        <Baseline points="919,1366 1115,1362"/>
        <TextEquiv conf="0.9522809518708123">
          <Unicode>ceritas“.</Unicode>
        </TextEquiv>
      </TextLine>
      <TextLine id="eSc_line_353d79bd" custom="structure {type:default;}">
        <Coords points="349,1424 349,1455 399,1466 402,1466 404,1466 406,1466 406,1464 417,1455 419,1455 433,1464 435,1464 437,1464 439,1464 530,1453 530,1417 525,1336 459,1333 457,1333 455,1333 452,1333 417,1360 393,1380 346,1380 349,1424"/>
        <Baseline points="349,1424 530,1417"/>
        <TextEquiv conf="0.9994948029518127">
          <Unicode>„ 10.</Unicode>
        </TextEquiv>
      </TextLine>
      <TextLine id="eSc_line_bcce9f36" custom="structure {type:default;}">
        <Coords points="567,1422 567,1490 614,1490 614,1488 616,1488 618,1488 618,1486 625,1481 649,1459 684,1470 687,1470 689,1470 691,1470 693,1470 726,1450 808,1455 810,1422 810,1384 567,1375 567,1422"/>
        <Baseline points="567,1422 810,1422"/>
        <TextEquiv conf="0.9915751814842224">
          <Unicode>Praeneste</Unicode>
        </TextEquiv>
      </TextLine>
      <TextLine id="eSc_line_a3a9019d" custom="structure {type:default;}">
        <Coords points="870,1419 870,1446 2830,1439 2832,1413 2828,1380 868,1380 870,1419"/>
        <Baseline points="870,1419 2832,1413"/>
        <TextEquiv conf="0.9979732181967759">
          <Unicode>10670 Monasterium S. Anastasii (ad Aquas Salvias) tuendum suscipit eiusque posses-</Unicode>
        </TextEquiv>
      </TextLine>
      <TextLine id="eSc_line_53592bc6" custom="structure {type:default;}">
        <Coords points="921,1475 921,1503 2830,1499 2832,1470 2825,1442 919,1444 921,1475"/>
        <Baseline points="921,1475 2832,1470"/>
        <TextEquiv conf="0.9996617022084027">
          <Unicode>siones confirmat, petente Baldinone abbate. Pflugk-Harttung Iter p. 263, (Archivio</Unicode>
        </TextEquiv>
      </TextLine>
      <TextLine id="eSc_line_0d9b8565" custom="structure {type:default;}">
        <Coords points="921,1528 919,1548 976,1561 978,1561 1542,1552 1646,1563 1648,1563 2324,1552 2326,1532 2322,1495 921,1495 921,1528"/>
        <Baseline points="921,1528 2326,1532"/>
        <TextEquiv conf="0.9879922280388493">
          <Unicode>della soc. Romana di stor. patr. I. 59). — „Religiosis votis“.</Unicode>
        </TextEquiv>
      </TextLine>
      <TextLine id="eSc_line_fc44af0f" custom="structure {type:default;}">
        <Coords points="349,1594 349,1614 530,1609 530,1585 525,1532 477,1521 475,1521 472,1521 470,1521 450,1537 344,1541 349,1594"/>
        <Baseline points="349,1594 530,1585"/>
        <TextEquiv conf="0.99993816614151">
          <Unicode>„ 12.</Unicode>
        </TextEquiv>
      </TextLine>
      <TextLine id="eSc_line_03e930ce" custom="structure {type:default;}">
        <Coords points="640,1596 636,1671 735,1687 742,1601 742,1554 642,1534 640,1596"/>
        <Baseline points="640,1596 742,1601"/>
        <TextEquiv conf="1.0">
          <Unicode>„</Unicode>
        </TextEquiv>
      </TextLine>
      <TextLine id="eSc_line_cdc9599b" custom="structure {type:default;}">
        <Coords points="872,1585 872,1609 2830,1614 2832,1585 2832,1554 872,1554 872,1585"/>
        <Baseline points="872,1585 2832,1585"/>
        <TextEquiv conf="0.9944603805300556">
          <Unicode>10671 (7176) Decano et capitulo Dolensi mandat, ut quem elegerint episcopum, et</Unicode>
        </TextEquiv>
      </TextLine>
      <TextLine id="eSc_line_b7e038ac" custom="structure {type:default;}">
        <Coords points="919,1640 919,1667 2830,1667 2830,1640 2830,1612 919,1612 919,1640"/>
        <Baseline points="919,1640 2830,1640"/>
        <TextEquiv conf="0.9965461641550064">
          <Unicode>consecrationis accipiendae et obedientiae promittendae causa ad Iod(ocum), archiepi-</Unicode>
        </TextEquiv>
      </TextLine>
      <TextLine id="eSc_line_9915e365" custom="structure {type:default;}">
        <Coords points="919,1696 919,1718 2830,1722 2832,1696 2832,1667 919,1667 919,1696"/>
        <Baseline points="919,1696 2832,1696"/>
        <TextEquiv conf="0.9996863791817113">
          <Unicode>scopum Turonensem, mittant. Nisi infra tres menses factum fuerit, eum munere</Unicode>
        </TextEquiv>
      </TextLine>
      <TextLine id="eSc_line_4c1fddd3" custom="structure {type:default;}">
        <Coords points="921,1751 921,1782 2832,1782 2832,1751 2832,1720 921,1713 921,1751"/>
        <Baseline points="921,1751 2832,1751"/>
        <TextEquiv conf="0.9887719871122626">
          <Unicode>privatum iri. („Ex fine secundi libri quaterno sexto primi voluminis regestorum</Unicode>
        </TextEquiv>
      </TextLine>
      <TextLine id="eSc_line_6d7908f9" custom="structure {type:default;}">
        <Coords points="921,1808 921,1830 2828,1839 2830,1808 2830,1775 921,1775 921,1808"/>
        <Baseline points="921,1808 2830,1808"/>
        <TextEquiv conf="0.9963682439082708">
          <Unicode>D. Alexandri papae III.“) Martene Thes. III. 903, Morice Mém. de Bret. I. 645,</Unicode>
        </TextEquiv>
      </TextLine>
      <TextLine id="eSc_line_429f697c" custom="structure {type:default;}">
        <Coords points="919,1861 919,1883 1566,1894 1568,1894 1621,1883 1774,1892 1776,1892 1778,1892 1780,1892 1796,1881 1822,1892 1824,1892 1827,1894 1906,1894 1906,1892 1908,1892 1911,1892 1911,1890 1922,1881 1944,1881 2193,1892 2196,1892 2198,1892 2220,1881 2222,1881 2377,1892 2379,1892 2432,1879 2434,1857 2428,1828 916,1830 919,1861"/>
        <Baseline points="919,1861 2434,1857"/>
        <TextEquiv conf="0.9889020566212929">
          <Unicode>Bouquet Rec. XV. 771, Migne 200 p. 123. — „Quanto tempore“.</Unicode>
        </TextEquiv>
      </TextLine>
      <TextLine id="eSc_line_9cc1c415" custom="structure {type:default;}">
        <Coords points="344,1921 344,1949 399,1941 439,1943 503,1949 505,1949 508,1949 510,1949 525,1938 525,1916 521,1881 342,1881 344,1921"/>
        <Baseline points="344,1921 525,1916"/>
        <TextEquiv conf="0.9999961853027344">
          <Unicode>„ 14.</Unicode>
        </TextEquiv>
      </TextLine>
      <TextLine id="eSc_line_11d7e18e" custom="structure {type:default;}">
        <Coords points="649,1930 649,1947 740,1949 742,1927 735,1879 647,1879 649,1930"/>
        <Baseline points="649,1930 742,1927"/>
        <TextEquiv conf="1.0">
          <Unicode>„</Unicode>
        </TextEquiv>
      </TextLine>
      <TextLine id="eSc_line_09fa7dea" custom="structure {type:default;}">
        <Coords points="866,1912 863,1938 1880,1952 1882,1952 2830,1941 2832,1916 2830,1881 866,1879 866,1912"/>
        <Baseline points="866,1912 2832,1916"/>
        <TextEquiv conf="0.9986597783425275">
          <Unicode>10672 Capituli lanuensis possessiones quasdam confirmat. Pflugk-Harttung Iter p. 263.</Unicode>
        </TextEquiv>
      </TextLine>
      <TextLine id="eSc_line_ded6b4a4" custom="structure {type:default;}">
        <Coords points="923,1972 923,1991 1433,1998 1436,1972 1436,1941 923,1936 923,1972"/>
        <Baseline points="923,1972 1436,1972"/>
        <TextEquiv conf="0.9993405654316857">
          <Unicode>— „Iustis petentium“.</Unicode>
        </TextEquiv>
      </TextLine>
      <TextLine id="eSc_line_56791167" custom="structure {type:default;}">
        <Coords points="338,2031 338,2051 368,2062 371,2062 373,2062 525,2049 525,2027 521,1987 335,1983 338,2031"/>
        <Baseline points="338,2031 525,2027"/>
        <TextEquiv conf="0.9999998807907104">
          <Unicode>„ 15.</Unicode>
        </TextEquiv>
      </TextLine>
      <TextLine id="eSc_line_0779206e" custom="structure {type:default;}">
        <Coords points="651,2042 651,2051 684,2062 687,2062 689,2062 691,2062 731,2047 731,2038 726,1989 647,1987 651,2042"/>
        <Baseline points="651,2042 731,2038"/>
        <TextEquiv conf="0.999099850654602">
          <Unicode>„</Unicode>
        </TextEquiv>
      </TextLine>
      <TextLine id="eSc_line_598d06c9" custom="structure {type:default;}">
        <Coords points="866,2025 866,2053 2830,2053 2832,2020 2825,1980 863,1987 866,2025"/>
        <Baseline points="866,2025 2832,2020"/>
        <TextEquiv conf="0.9941204718396633">
          <Unicode>10673 Abbati et monachis Nonantulanis mandat, ut decimam ecclesiae S. Michaelis</Unicode>
        </TextEquiv>
      </TextLine>
      <TextLine id="eSc_line_3464e0b7" custom="structure {type:default;}">
        <Coords points="919,2078 916,2104 2825,2111 2830,2082 2828,2049 919,2044 919,2078"/>
        <Baseline points="919,2078 2830,2082"/>
        <TextEquiv conf="0.9970395245722362">
          <Unicode>restituant aut archipresbytero Bononiensi et priori S. Victoris iustitiam exhibeant.</Unicode>
        </TextEquiv>
      </TextLine>
      <TextLine id="eSc_line_e2b7feb5" custom="structure {type:default;}">
        <Coords points="916,2135 916,2159 2187,2164 2189,2135 2189,2104 916,2104 916,2135"/>
        <Baseline points="916,2135 2189,2135"/>
        <TextEquiv conf="0.9993359182889645">
          <Unicode>Pfiugk-Harttung Iter p. 263. — „Recepimus querelam“.</Unicode>
        </TextEquiv>
      </TextLine>
      <TextLine id="eSc_line_789dde74" custom="structure {type:default;}">
        <Coords points="304,2188 302,2214 322,2226 324,2226 326,2226 521,2214 523,2192 523,2139 406,2113 404,2113 304,2133 304,2188"/>
        <Baseline points="304,2188 523,2192"/>
        <TextEquiv conf="0.9992063215800694">
          <Unicode>Aus. 4.</Unicode>
        </TextEquiv>
      </TextLine>
      <TextLine id="eSc_line_2683279e" custom="structure {type:default;}">
        <Coords points="570,2190 570,2219 804,2226 806,2186 799,2137 567,2139 570,2190"/>
        <Baseline points="570,2190 806,2186"/>
        <TextEquiv conf="0.9625513330101967">
          <Unicode>Anagniae</Unicode>
        </TextEquiv>
      </TextLine>
      <TextLine id="eSc_line_9ad24859" custom="structure {type:default;}">
        <Coords points="866,2188 866,2212 2828,2214 2830,2188 2830,2157 866,2157 866,2188"/>
        <Baseline points="866,2188 2830,2188"/>
        <TextEquiv conf="0.9979394272149328">
          <Unicode>10674 Monasterii S. Vedasti patrocinium suscipit possessionesque et privilegia con-</Unicode>
        </TextEquiv>
      </TextLine>
      <TextLine id="eSc_line_3d342647" custom="structure {type:default;}">
        <Coords points="916,2245 916,2272 2828,2267 2830,2241 2825,2212 914,2210 916,2245"/>
        <Baseline points="916,2245 2830,2241"/>
        <TextEquiv conf="0.9954953826963902">
          <Unicode>firmat, petente Martino abbate. Guimann Cart. de S.-Vaast d&#x27;Arras p. 87. — „Quo-</Unicode>
        </TextEquiv>
      </TextLine>
      <TextLine id="eSc_line_65d86a0a" custom="structure {type:default;}">
        <Coords points="916,2298 916,2318 1250,2316 1250,2298 1250,2263 916,2261 916,2298"/>
        <Baseline points="916,2298 1250,2298"/>
        <TextEquiv conf="0.976346743106842">
          <Unicode>tiens illud a“.</Unicode>
        </TextEquiv>
      </TextLine>
      <TextLine id="eSc_line_59b75432" custom="structure {type:default;}">
        <Coords points="340,2362 340,2382 375,2391 377,2391 380,2391 397,2382 430,2367 466,2382 475,2385 477,2385 479,2385 519,2380 519,2354 514,2320 468,2314 466,2314 463,2314 417,2327 406,2329 404,2327 388,2318 386,2318 384,2318 382,2318 380,2318 338,2329 340,2362"/>
        <Baseline points="340,2362 519,2354"/>
        <TextEquiv conf="0.9999458342790604">
          <Unicode>„ 4.</Unicode>
        </TextEquiv>
      </TextLine>
      <TextLine id="eSc_line_b4222ec2" custom="structure {type:default;}">
        <Coords points="651,2369 651,2382 671,2393 673,2393 676,2393 678,2393 722,2380 722,2369 722,2336 651,2336 651,2369"/>
        <Baseline points="651,2369 722,2369"/>
        <TextEquiv conf="0.9019181132316589">
          <Unicode>„</Unicode>
        </TextEquiv>
      </TextLine>
      <TextLine id="eSc_line_aa85c57b" custom="structure {type:default;}">
        <Coords points="866,2351 866,2378 2828,2382 2830,2351 2828,2318 866,2318 866,2351"/>
        <Baseline points="866,2351 2830,2351"/>
        <TextEquiv conf="0.9947372758111288">
          <Unicode>10675 Sororibus Strumensibus interdicit, ne possessiones monasterii b. Vedasti illicte</Unicode>
        </TextEquiv>
      </TextLine>
      <TextLine id="eSc_line_f5a9ef92" custom="structure {type:default;}">
        <Coords points="910,2407 910,2435 2819,2440 2821,2407 2821,2378 910,2376 910,2407"/>
        <Baseline points="910,2407 2821,2407"/>
        <TextEquiv conf="0.9949128265622296">
          <Unicode>occupent. Guimann Cart. de S.-Vaast d&#x27;Arras p. 308, Mon. Germ. SS. XIII. 715. —</Unicode>
        </TextEquiv>
      </TextLine>
      <TextLine id="eSc_line_65a4f2d2" custom="structure {type:default;}">
        <Coords points="912,2464 912,2491 1506,2484 1506,2464 1506,2433 912,2433 912,2464"/>
        <Baseline points="912,2464 1506,2464"/>
        <TextEquiv conf="0.9933672717639378">
          <Unicode>„Iustitiae naturalis ratio“.</Unicode>
        </TextEquiv>
      </TextLine>
      <TextLine id="eSc_line_78a9c0cc" custom="structure {type:default;}">
        <Coords points="298,2555 410,2557 413,2557 415,2557 446,2548 466,2544 472,2548 494,2561 497,2561 499,2561 501,2561 503,2561 505,2561 519,2548 521,2521 521,2477 483,2464 481,2464 479,2464 477,2464 461,2473 444,2482 415,2471 413,2471 410,2471 408,2471 375,2479 302,2455 300,2517 298,2555"/>
        <Baseline points="300,2517 521,2521"/>
        <TextEquiv conf="0.999632328748703">
          <Unicode>Sept. 1.</Unicode>
        </TextEquiv>
      </TextLine>
      <TextLine id="eSc_line_da9f27d5" custom="structure {type:default;}">
        <Coords points="565,2521 565,2544 795,2541 795,2517 790,2475 689,2464 687,2464 563,2477 565,2521"/>
        <Baseline points="565,2521 795,2517"/>
        <TextEquiv conf="0.9999366402626038">
          <Unicode>Ferentini</Unicode>
        </TextEquiv>
      </TextLine>
      <TextLine id="eSc_line_2b9dbbcf" custom="structure {type:default;}">
        <Coords points="863,2517 863,2541 2825,2537 2825,2513 2819,2477 861,2477 863,2517"/>
        <Baseline points="863,2517 2825,2513"/>
        <TextEquiv conf="0.9976260141481327">
          <Unicode>10676 (7177) P(etro), archiepiscopo Spalatino, mandat, excommunicet V., qui, ab</Unicode>
        </TextEquiv>
      </TextLine>
      <TextLine id="eSc_line_f8b98433" custom="structure {type:default;}">
        <Coords points="914,2574 914,2599 2821,2592 2823,2568 2819,2539 912,2539 914,2574"/>
        <Baseline points="914,2574 2823,2568"/>
        <TextEquiv conf="0.9927980842360531">
          <Unicode>Eugenio III. deiectus, ecclesiam Chrobatensem (Tininensem) tenere perrexerit, remo-</Unicode>
        </TextEquiv>
      </TextLine>
      <TextLine id="eSc_line_15af168e" custom="structure {type:default;}">
        <Coords points="914,2627 914,2652 2823,2652 2823,2623 2816,2590 912,2597 914,2627"/>
        <Baseline points="914,2627 2823,2623"/>
        <TextEquiv conf="0.9949887093375711">
          <Unicode>veatque P., qui, indice P(etro) S. Eustachii diacono cardinali, duodenarius nec legi-</Unicode>
        </TextEquiv>
      </TextLine>
      <TextLine id="eSc_line_b5762836" custom="structure {type:default;}">
        <Coords points="910,2683 910,2707 2821,2707 2821,2683 2821,2654 910,2654 910,2683"/>
        <Baseline points="910,2683 2821,2683"/>
        <TextEquiv conf="0.9898877546011683">
          <Unicode>time natus per laicalem potentiam ecclesiam Traguriensem invaserit. („Dat. VI. Non.</Unicode>
        </TextEquiv>
      </TextLine>
      <TextLine id="eSc_line_6d732729" custom="structure {type:default;}">
        <Coords points="910,2738 910,2760 2819,2756 2821,2733 2814,2698 908,2707 910,2738"/>
        <Baseline points="910,2738 2821,2733"/>
        <TextEquiv conf="0.9962099503587794">
          <Unicode>Sept.“) Farlati III. sacr. III. 184, Migne 200 p. 124. — „Pater et praedecessor“.</Unicode>
        </TextEquiv>
      </TextLine>
      <TextLine id="eSc_line_af66a3ad" custom="structure {type:default;}">
        <Coords points="338,2800 338,2848 512,2824 514,2793 508,2738 335,2758 338,2800"/>
        <Baseline points="338,2800 514,2793"/>
        <TextEquiv conf="0.9999693870544434">
          <Unicode>„ 20.</Unicode>
        </TextEquiv>
      </TextLine>
      <TextLine id="eSc_line_0c53aea7" custom="structure {type:default;}">
        <Coords points="636,2809 636,2824 726,2822 726,2804 722,2747 631,2744 636,2809"/>
        <Baseline points="636,2809 726,2804"/>
        <TextEquiv conf="0.9999881982803345">
          <Unicode>„</Unicode>
        </TextEquiv>
      </TextLine>
      <TextLine id="eSc_line_6665ae73" custom="structure {type:default;}">
        <Coords points="863,2789 861,2811 2814,2820 2819,2793 2816,2762 863,2751 863,2789"/>
        <Baseline points="863,2789 2819,2793"/>
        <TextEquiv conf="0.9948423691542752">
          <Unicode>10677 (7178) L. archipresbyterum et universos canonicos ecclesiae Pisanae hortatur,</Unicode>
        </TextEquiv>
      </TextLine>
      <TextLine id="eSc_line_f35e60e4" custom="structure {type:default;}">
        <Coords points="914,2850 916,2884 963,2873 1261,2881 1285,2881 1288,2881 1294,2881 1360,2870 2816,2870 2819,2839 2812,2811 912,2820 914,2850"/>
        <Baseline points="914,2850 2819,2839"/>
        <TextEquiv conf="0.9987420903311836">
          <Unicode>„ut pro exaltatione et libertate ecclesiae totis viribus laborent“. „Verbum autem</Unicode>
        </TextEquiv>
      </TextLine>
      <TextLine id="eSc_line_664c229f" custom="structure {type:default;}">
        <Coords points="912,2903 912,2928 2816,2926 2819,2895 2812,2866 910,2866 912,2903"/>
        <Baseline points="912,2903 2819,2895"/>
        <TextEquiv conf="0.9962487322528187">
          <Unicode>illud secretum“ ait „se in praesentarium duxisse differendum“. Rogat, ut „pecuniam</Unicode>
        </TextEquiv>
      </TextLine>
      <TextLine id="eSc_line_fe6335fb" custom="structure {type:default;}">
        <Coords points="910,2956 910,2983 2816,2976 2819,2950 2812,2921 908,2923 910,2956"/>
        <Baseline points="910,2956 2819,2950"/>
        <TextEquiv conf="0.9916473790293648">
          <Unicode>sub convenientibus usuris, si aliter fieri nequeat, a civibus Pisanis mutuo invenire</Unicode>
        </TextEquiv>
      </TextLine>
      <TextLine id="eSc_line_a353a319" custom="structure {type:default;}">
        <Coords points="910,3012 910,3036 2819,3032 2821,3007 2814,2979 908,2981 910,3012"/>
        <Baseline points="910,3012 2821,3007"/>
        <TextEquiv conf="0.9926589764654636">
          <Unicode>et acquirere studeant, et Bosoni, SS. Cosmae et Damiani diacono cardinali, illam</Unicode>
        </TextEquiv>
      </TextLine>
      <TextLine id="eSc_line_24b312c1" custom="structure {type:default;}">
        <Coords points="910,3067 910,3093 2816,3089 2819,3062 2814,3034 908,3029 910,3067"/>
        <Baseline points="910,3067 2819,3062"/>
        <TextEquiv conf="0.9942444305361053">
          <Unicode>assignent, ut Manc., Lucano civi, credita pecunia persolvatur“. Ughelli It. sacr.</Unicode>
        </TextEquiv>
      </TextLine>
      <TextLine id="eSc_line_3fdb7ac3" custom="structure {type:default;}">
        <Coords points="910,3118 908,3149 1953,3149 1955,3122 1953,3085 910,3082 910,3118"/>
        <Baseline points="910,3118 1955,3122"/>
        <TextEquiv conf="0.9883168769437213">
          <Unicode>III. 402, Migne 200 p. 125. — „Super illa“.</Unicode>
        </TextEquiv>
      </TextLine>
      <TextLine id="eSc_line_c1802f87" custom="structure {type:default;}">
        <Coords points="333,3177 335,3213 382,3199 435,3206 505,3213 508,3213 510,3213 512,3213 530,3199 530,3177 530,3144 435,3131 433,3131 333,3142 333,3177"/>
        <Baseline points="333,3177 530,3177"/>
        <TextEquiv conf="0.9999944925308227">
          <Unicode>„ 24.</Unicode>
        </TextEquiv>
      </TextLine>
      <TextLine id="eSc_line_ad837b6e" custom="structure {type:default;}">
        <Coords points="539,3175 539,3233 799,3241 802,3175 802,3138 539,3138 539,3175"/>
        <Baseline points="539,3175 802,3175"/>
        <TextEquiv conf="0.99772127866745">
          <Unicode>Terracinae</Unicode>
        </TextEquiv>
      </TextLine>
      <TextLine id="eSc_line_8cec4918" custom="structure {type:default;}">
        <Coords points="859,3175 859,3204 2819,3206 2821,3171 2814,3124 2746,3138 2724,3127 2721,3127 2456,3127 2454,3127 2452,3127 2421,3138 2277,3127 2266,3127 2264,3127 2262,3127 2260,3127 2222,3138 857,3135 859,3175"/>
        <Baseline points="859,3175 2821,3171"/>
        <TextEquiv conf="0.9979194234399235">
          <Unicode>10678 Ecclesiae Anagniae tutelam suscipit ac possessiones confirmat, petente Nuclerio</Unicode>
        </TextEquiv>
      </TextLine>
      <TextLine id="eSc_line_2ffd9878" custom="structure {type:default;}">
        <Coords points="908,3233 908,3255 1265,3266 1268,3266 1270,3266 1303,3255 1341,3266 1343,3266 1345,3266 1433,3255 1604,3263 1606,3263 1608,3263 1610,3263 1623,3255 1634,3263 1637,3263 1639,3263 1641,3263 1818,3252 2163,3261 2165,3261 2229,3248 2231,3226 2227,3199 967,3193 965,3193 905,3204 908,3233"/>
        <Baseline points="908,3233 2231,3226"/>
        <TextEquiv conf="0.9962926452810114">
          <Unicode>episcopo. Pflugk-Harttung Iter p. 263. — „In eminenti“.</Unicode>
        </TextEquiv>
      </TextLine>
      <TextLine id="eSc_line_a77d7dc0" custom="structure {type:default;}">
        <Coords points="331,3290 331,3316 517,3310 517,3283 510,3228 329,3244 331,3290"/>
        <Baseline points="331,3290 517,3283"/>
        <TextEquiv conf="0.999999737739563">
          <Unicode>„ 30.</Unicode>
        </TextEquiv>
      </TextLine>
      <TextLine id="eSc_line_768e0280" custom="structure {type:default;}">
        <Coords points="638,3299 638,3314 662,3327 665,3327 667,3327 669,3327 687,3321 702,3314 720,3327 726,3299 724,3239 638,3252 638,3299"/>
        <Baseline points="638,3299 726,3299"/>
        <TextEquiv conf="1.0">
          <Unicode>„</Unicode>
        </TextEquiv>
      </TextLine>
      <TextLine id="eSc_line_1d89c0c9" custom="structure {type:default;}">
        <Coords points="859,3283 859,3312 2814,3305 2816,3277 2810,3246 857,3246 859,3283"/>
        <Baseline points="859,3283 2816,3277"/>
        <TextEquiv conf="0.9927254987050251">
          <Unicode>10679 (7179) Ecclesiae S. Mariae novae Romanae, hoc anno a sese consecratae, eccle-</Unicode>
        </TextEquiv>
      </TextLine>
      <TextLine id="eSc_line_0d94c671" custom="structure {type:default;}">
        <Coords points="908,3339 908,3363 2812,3369 2816,3334 2810,3301 905,3305 908,3339"/>
        <Baseline points="908,3339 2816,3334"/>
        <TextEquiv conf="0.9996239099953625">
          <Unicode>siam S. Sebastiani in Catacumba tribuit, bulla ad Hugonem priorem. Garampi</Unicode>
        </TextEquiv>
      </TextLine>
      <TextLine id="eSc_line_38d619bc" custom="structure {type:default;}">
        <Coords points="910,3394 910,3418 2430,3418 2430,3394 2430,3363 910,3354 910,3394"/>
        <Baseline points="910,3394 2430,3394"/>
        <TextEquiv conf="0.9930412272612253">
          <Unicode>IIlustrazione p. 62. not. 3, Migne 200 p. 126. — „Iniuncti nobis“.</Unicode>
        </TextEquiv>
      </TextLine>
      <TextLine id="eSc_line_dae8c1f7" custom="structure {type:default;}">
        <Coords points="296,3442 293,3482 512,3486 517,3447 517,3409 503,3398 501,3398 499,3398 497,3398 441,3405 404,3409 296,3392 296,3442"/>
        <Baseline points="296,3442 517,3447"/>
        <TextEquiv conf="0.9998305141925812">
          <Unicode>Nov. 29.</Unicode>
        </TextEquiv>
      </TextLine>
      <TextLine id="eSc_line_b68b4b5f" custom="structure {type:default;}">
        <Coords points="636,3458 631,3537 718,3535 722,3462 722,3418 636,3416 636,3458"/>
        <Baseline points="636,3458 722,3462"/>
        <TextEquiv conf="1.0">
          <Unicode>„</Unicode>
        </TextEquiv>
      </TextLine>
      <TextLine id="eSc_line_12adc0b4" custom="structure {type:default;}">
        <Coords points="857,3445 857,3478 2816,3471 2816,3445 2816,3409 857,3407 857,3445"/>
        <Baseline points="857,3445 2816,3445"/>
        <TextEquiv conf="0.998150212424142">
          <Unicode>10680 (7180) Ludovico, Francorum regi, respondet, se ecclesiae Flaviniacensis causam</Unicode>
        </TextEquiv>
      </TextLine>
      <TextLine id="eSc_line_b0a6a855" custom="structure {type:default;}">
        <Coords points="908,3502 908,3546 947,3562 950,3562 952,3564 1095,3564 1095,3562 1098,3562 1146,3546 1153,3544 1261,3544 1265,3544 1310,3562 1312,3562 1314,3562 1316,3562 1369,3544 1374,3544 1376,3544 1436,3562 1438,3562 1440,3564 1539,3564 1539,3562 1648,3542 1657,3542 1661,3542 1712,3559 1714,3559 1716,3559 1919,3544 1964,3559 1966,3559 1968,3562 2169,3562 2169,3559 2171,3559 2211,3539 2213,3539 2220,3539 2335,3555 2337,3555 2339,3555 2392,3539 2392,3537 2808,3535 2808,3495 2803,3467 905,3467 908,3502"/>
        <Baseline points="908,3502 2808,3495"/>
        <TextEquiv conf="0.9963650308459638">
          <Unicode>H(enrici) Bellovacensis et M(auritii) Parisiensis episcoporum arbitrio commississe.</Unicode>
        </TextEquiv>
      </TextLine>
    </TextRegion>
    <TextRegion id="eSc_textblock_ea3e5808"  custom="structure {type:default;}">
      <Coords points="1133,150 1984,150 2043,159 2052,245 1120,262 1075,203 1133,150"/>
      <TextLine id="eSc_line_9f570e64" custom="structure {type:default;}">
        <Coords points="1104,172 1106,227 1106,247 2021,253 2026,223 2021,174 1950,172 1924,154 1922,154 1919,154 1917,154 1831,172 1827,172 1824,172 1785,154 1782,154 1780,154 1778,154 1741,172 1736,172 1734,172 1690,154 1687,154 1685,154 1683,154 1681,154 1681,156 1665,170 1663,174 1559,174 1553,170 1537,159 1535,159 1533,159 1531,159 1480,170 1471,170 1462,170 1391,159 1389,159 1321,167 1307,156 1305,156 1303,156 1301,156 1109,165 1104,172"/>
        <Baseline points="1106,227 2026,223"/>
        <TextEquiv conf="0.9999725461006165">
          <Unicode>ALEXANDER III. 1159—1181.</Unicode>
        </TextEquiv>
      </TextLine>
    </TextRegion>
  </Page>
</PcGts>
