<?xml version="1.0" encoding="UTF-8"  standalone="yes"?>
<PcGts xmlns="http://schema.primaresearch.org/PAGE/gts/pagecontent/2019-07-15" xmlns:xsi="http://www.w3.org/2001/XMLSchema-instance" xsi:schemaLocation="http://schema.primaresearch.org/PAGE/gts/pagecontent/2019-07-15 http://schema.primaresearch.org/PAGE/gts/pagecontent/2019-07-15/pagecontent.xsd">
  <Metadata>
	<Creator>escriptorium</Creator>
	<Created>2024-07-19T10:06:36.084700+00:00</Created>
        <LastChange>2024-08-08T08:30:14.952822+00:00</LastChange>
  </Metadata>
  <Page imageFilename="0174.png" imageWidth="3007" imageHeight="3975">
    <TextRegion id="eSc_textblock_7c929173"  custom="structure {type:default;}">
      <Coords points="817,309 2697,318 2688,3531 2417,3548 2379,3601 2017,3548 1791,3575 1374,3539 848,3539 748,3584 351,3601 123,3575 123,3303 88,3195 97,415 159,326 342,326 368,397 397,318 642,344 645,318 817,309"/>
      <TextLine id="eSc_line_91257068" custom="structure {type:default;}">
        <Coords points="2547,315 2525,315 2503,315 2481,315 2459,315 2436,315 2414,315 2392,315 2370,315 2348,315 2326,315 2304,315 2282,315 2260,315 2238,315 2216,313 2193,313 2171,313 2149,313 2127,313 2105,313 2083,313 2061,313 2039,313 2017,313 1995,313 1972,313 1950,313 1928,313 1906,313 1884,313 1862,313 1840,313 1818,313 1796,313 1774,313 1765,311 647,315 649,371 649,393 2558,393 2560,362 2554,315 2547,315"/>
        <Baseline points="649,371 2560,362"/>
        <TextEquiv conf="0.994492927963814">
          <Unicode>1162. (Ind. 10. — 25. Sept. — 11, pont. a. 3. — 20. Sept. — 4, 1161. — 25. Mart. — 1162.)</Unicode>
        </TextEquiv>
      </TextLine>
      <TextLine id="eSc_line_e100039d" custom="structure {type:default;}">
        <Coords points="684,432 684,457 2651,452 2653,428 2649,393 1741,382 1738,382 1657,393 1648,395 682,395 684,432"/>
        <Baseline points="684,432 2653,428"/>
        <TextEquiv conf="0.9906461550745853">
          <Unicode>10754 (7220) (Thomae), archiepiscopo Cantuariensi, mandat, cogat clericos de capitulis</Unicode>
        </TextEquiv>
      </TextLine>
      <TextLine id="eSc_line_a4b1dd16" custom="structure {type:default;}">
        <Coords points="132,437 132,468 185,461 212,470 216,472 218,472 220,472 223,472 225,472 225,470 240,459 296,470 304,472 307,472 309,472 311,472 311,470 335,459 636,470 640,432 636,390 512,390 508,386 494,375 492,375 490,375 488,375 386,377 384,377 382,377 382,379 380,379 377,384 371,390 130,379 132,437"/>
        <Baseline points="132,437 640,432"/>
        <TextEquiv conf="0.974813061952591">
          <Unicode>Aug. 16. ap. Clarum-</Unicode>
        </TextEquiv>
      </TextLine>
      <TextLine id="eSc_line_74ce339b" custom="structure {type:default;}">
        <Coords points="404,490 404,521 463,536 466,536 607,516 607,485 603,457 402,457 404,490"/>
        <Baseline points="404,490 607,485"/>
        <TextEquiv conf="0.999969075123469">
          <Unicode>montem</Unicode>
        </TextEquiv>
      </TextLine>
      <TextLine id="eSc_line_da0d15a8" custom="structure {type:default;}">
        <Coords points="733,490 733,510 2646,514 2651,483 2646,452 2156,441 2154,441 2014,452 1997,454 731,454 733,490"/>
        <Baseline points="733,490 2651,483"/>
        <TextEquiv conf="0.9971290156245232">
          <Unicode>Lessedene, Tidringiae et Brachestediae, ut Willelmo, archidiacono Colcestriensi,</Unicode>
        </TextEquiv>
      </TextLine>
      <TextLine id="eSc_line_cf1687cf" custom="structure {type:default;}">
        <Coords points="733,543 733,571 2651,569 2653,538 2649,505 768,501 766,501 764,501 731,512 733,543"/>
        <Baseline points="733,543 2653,538"/>
        <TextEquiv conf="0.9999367207675786">
          <Unicode>obediant. Epist. S. Thomae ed. Giles II. 37, Migne 200 p. 167. — „Pervenit ad</Unicode>
        </TextEquiv>
      </TextLine>
      <TextLine id="eSc_line_94335b51" custom="structure {type:default;}">
        <Coords points="731,598 731,616 1025,611 1027,594 1020,560 729,563 731,598"/>
        <Baseline points="731,598 1027,594"/>
        <TextEquiv conf="0.9999534040689468">
          <Unicode>audientiam“.</Unicode>
        </TextEquiv>
      </TextLine>
      <TextLine id="eSc_line_f45d4c9e" custom="structure {type:default;}">
        <Coords points="684,651 684,680 2653,671 2655,647 2649,611 682,613 684,651"/>
        <Baseline points="684,651 2655,647"/>
        <TextEquiv conf="0.9995871677994728">
          <Unicode>10755 (7221) Pacem inter Stephanum episcopum canonicosque Claromontenses et Wil-</Unicode>
        </TextEquiv>
      </TextLine>
      <TextLine id="eSc_line_232b801d" custom="structure {type:default;}">
        <Coords points="165,662 165,706 203,706 203,704 205,704 207,704 207,702 227,686 340,697 340,655 333,611 163,618 165,662"/>
        <Baseline points="165,662 340,655"/>
        <TextEquiv conf="0.9918844938278198">
          <Unicode>„ 19.</Unicode>
        </TextEquiv>
      </TextLine>
      <TextLine id="eSc_line_063955eb" custom="structure {type:default;}">
        <Coords points="470,673 470,693 505,704 508,704 510,704 512,704 552,689 552,669 545,618 466,627 470,673"/>
        <Baseline points="470,673 552,669"/>
        <TextEquiv conf="1.0">
          <Unicode>„</Unicode>
        </TextEquiv>
      </TextLine>
      <TextLine id="eSc_line_4b9e4041" custom="structure {type:default;}">
        <Coords points="735,708 735,735 2649,735 2651,704 2646,675 733,673 735,708"/>
        <Baseline points="735,708 2651,704"/>
        <TextEquiv conf="0.9913909631340128">
          <Unicode>lelmum comitem Arvernorum compositam probat. Baluze Hist. d&#x27;Auvergne II. 65,</Unicode>
        </TextEquiv>
      </TextLine>
      <TextLine id="eSc_line_161197cc" custom="structure {type:default;}">
        <Coords points="735,761 735,788 2651,786 2653,757 2646,724 733,728 735,761"/>
        <Baseline points="735,761 2653,757"/>
        <TextEquiv conf="0.993680225391137">
          <Unicode>Bouquet Rec. XV. 784, Mon. pont. Arverniae p. 253, Migne 200 p. 167, (Iustel</Unicode>
        </TextEquiv>
      </TextLine>
      <TextLine id="eSc_line_c34776a3" custom="structure {type:default;}">
        <Coords points="733,819 733,841 2649,843 2653,814 2649,783 731,783 733,819"/>
        <Baseline points="733,819 2653,814"/>
        <TextEquiv conf="0.9953826451024343">
          <Unicode>Hist. d&#x27;Auvergne Pr. p. 31). — „Ea, quae pro bono“ („Vestris iustis postulationibus“).</Unicode>
        </TextEquiv>
      </TextLine>
      <TextLine id="eSc_line_ac0597b6" custom="structure {type:default;}">
        <Coords points="388,874 388,903 514,912 517,912 620,898 620,874 620,832 388,832 388,874"/>
        <Baseline points="388,874 620,874"/>
        <TextEquiv conf="0.9999953269958496">
          <Unicode>Silviniaci</Unicode>
        </TextEquiv>
      </TextLine>
      <TextLine id="eSc_line_59626097" custom="structure {type:default;}">
        <Coords points="680,874 680,896 2651,896 2653,870 2649,839 1665,828 1663,828 1661,828 1615,839 742,830 740,830 678,841 680,874"/>
        <Baseline points="680,874 2653,870"/>
        <TextEquiv conf="0.9993087358963795">
          <Unicode>cum Ludovico Francorum rege. Vide Hugonis Pictavini Hist. Vizeliac. L. IV. ap.</Unicode>
        </TextEquiv>
      </TextLine>
      <TextLine id="eSc_line_2fd93fcf" custom="structure {type:default;}">
        <Coords points="145,883 145,896 190,912 192,912 194,912 196,912 245,892 245,878 240,843 141,832 145,883"/>
        <Baseline points="145,883 245,878"/>
        <TextEquiv conf="0.9999986092249552">
          <Unicode>(„)</Unicode>
        </TextEquiv>
      </TextLine>
      <TextLine id="eSc_line_8cb34b63" custom="structure {type:default;}">
        <Coords points="735,929 735,954 2651,951 2653,923 2646,889 733,894 735,929"/>
        <Baseline points="735,929 2653,923"/>
        <TextEquiv conf="0.9929664687412542">
          <Unicode>D&#x27;Achery Spic. II. 539, in MG. SS. XXVI. 147, Bosonis card. Vita Alexandri p. 390.</Unicode>
        </TextEquiv>
      </TextLine>
      <TextLine id="eSc_line_31892ef9" custom="structure {type:default;}">
        <Coords points="733,984 733,1002 1484,998 1486,980 1482,949 746,940 744,940 742,940 740,940 731,945 733,984"/>
        <Baseline points="733,984 1486,980"/>
        <TextEquiv conf="0.9958934970200062">
          <Unicode>De loco cf. Reuter I. 208. n. 6.</Unicode>
        </TextEquiv>
      </TextLine>
      <TextLine id="eSc_line_89d6bb79" custom="structure {type:default;}">
        <Coords points="682,1040 682,1079 846,1060 927,1077 930,1077 932,1077 958,1066 1290,1068 1292,1068 1294,1068 1343,1057 1528,1071 1531,1071 1672,1055 1842,1071 1844,1071 2068,1068 2070,1068 2072,1068 2092,1053 2160,1053 2249,1068 2275,1073 2277,1073 2280,1073 2295,1068 2328,1057 2353,1068 2359,1071 2361,1071 2364,1071 2653,1064 2655,1031 2651,991 1175,991 1173,991 1170,991 1133,1002 1131,1002 1104,1002 715,993 713,993 711,993 680,1002 682,1040"/>
        <Baseline points="682,1040 2655,1031"/>
        <TextEquiv conf="0.9963529764152155">
          <Unicode>„V. id. Sept. altare Crucifixi in honore S. Cosmae consecrat“. Chron. Dolense 1160</Unicode>
        </TextEquiv>
      </TextLine>
      <TextLine id="eSc_line_ce783798" custom="structure {type:default;}">
        <Coords points="130,1042 130,1079 304,1079 326,1095 366,1128 368,1128 371,1128 373,1128 375,1128 424,1113 461,1126 463,1126 466,1126 636,1121 636,1037 631,1000 128,993 130,1042"/>
        <Baseline points="130,1042 636,1037"/>
        <TextEquiv conf="0.9379517949289746">
          <Unicode>Sept. 3. ap. Colam</Unicode>
        </TextEquiv>
      </TextLine>
      <TextLine id="eSc_line_41bcbafb" custom="structure {type:default;}">
        <Coords points="735,1090 735,1113 1557,1115 1559,1090 1557,1055 735,1055 735,1090"/>
        <Baseline points="735,1090 1559,1090"/>
        <TextEquiv conf="0.9935209967873313">
          <Unicode>(1162) ap. Labbe N. B. M. I. 317.</Unicode>
        </TextEquiv>
      </TextLine>
      <TextLine id="eSc_line_0c869ab9" custom="structure {type:default;}">
        <Coords points="689,1146 689,1172 2655,1172 2655,1146 2655,1113 689,1110 689,1146"/>
        <Baseline points="689,1146 2655,1146"/>
        <TextEquiv conf="0.9999985453628358">
          <Unicode>10756 Monasterii Floranensis possessiones confirmat, petente Willelmo abbate. (Frag-</Unicode>
        </TextEquiv>
      </TextLine>
      <TextLine id="eSc_line_5e7848cd" custom="structure {type:default;}">
        <Coords points="170,1157 172,1196 218,1174 254,1174 271,1190 273,1190 273,1192 276,1192 278,1192 280,1192 344,1183 344,1148 342,1115 298,1101 296,1101 293,1101 167,1121 170,1157"/>
        <Baseline points="170,1157 344,1148"/>
        <TextEquiv conf="0.9739510536193847">
          <Unicode>„ 16.</Unicode>
        </TextEquiv>
      </TextLine>
      <TextLine id="eSc_line_683c5ab9" custom="structure {type:default;}">
        <Coords points="470,1166 468,1199 552,1199 554,1170 554,1141 470,1128 470,1166"/>
        <Baseline points="470,1166 554,1170"/>
        <TextEquiv conf="1.0">
          <Unicode>„</Unicode>
        </TextEquiv>
      </TextLine>
      <TextLine id="eSc_line_228ebb0f" custom="structure {type:default;}">
        <Coords points="737,1205 737,1232 2653,1221 2655,1196 2651,1168 1696,1159 1694,1159 1692,1159 1665,1170 1272,1161 1270,1161 1206,1172 846,1163 843,1163 735,1174 737,1205"/>
        <Baseline points="737,1205 2655,1196"/>
        <TextEquiv conf="0.9820984415709972">
          <Unicode>mentum.) In bibl. nat. Paris. ms. lat. 12752. f. 451. — „Iustis religiosorum de-</Unicode>
        </TextEquiv>
      </TextLine>
      <TextLine id="eSc_line_fcf1e6fc" custom="structure {type:default;}">
        <Coords points="735,1258 735,1274 885,1285 888,1285 890,1285 947,1267 947,1254 941,1216 733,1219 735,1258"/>
        <Baseline points="735,1258 947,1254"/>
        <TextEquiv conf="0.9998318970203399">
          <Unicode>sideriis“.</Unicode>
        </TextEquiv>
      </TextLine>
      <TextLine id="eSc_line_5788e78c" custom="structure {type:default;}">
        <Coords points="689,1313 689,1336 2655,1333 2655,1307 2651,1269 1288,1265 1285,1265 1230,1276 1221,1276 1212,1276 1144,1265 711,1265 709,1265 707,1265 687,1274 689,1313"/>
        <Baseline points="689,1313 2655,1307"/>
        <TextEquiv conf="0.9999799364950599">
          <Unicode>10757 (7222) Ludovico, Francorum regi, scribit, „quantas molestias et gravamina in</Unicode>
        </TextEquiv>
      </TextLine>
      <TextLine id="eSc_line_70f0f55a" custom="structure {type:default;}">
        <Coords points="170,1322 172,1355 231,1340 344,1340 349,1316 344,1267 165,1265 170,1322"/>
        <Baseline points="170,1322 349,1316"/>
        <TextEquiv conf="0.9999903678894043">
          <Unicode>„ 17.</Unicode>
        </TextEquiv>
      </TextLine>
      <TextLine id="eSc_line_7297a17f" custom="structure {type:default;}">
        <Coords points="457,1336 457,1344 501,1353 503,1353 505,1353 561,1338 561,1331 556,1276 452,1269 457,1336"/>
        <Baseline points="457,1336 561,1331"/>
        <TextEquiv conf="1.0">
          <Unicode>„</Unicode>
        </TextEquiv>
      </TextLine>
      <TextLine id="eSc_line_9e2b522e" custom="structure {type:default;}">
        <Coords points="737,1366 737,1393 2653,1391 2655,1360 2649,1331 735,1336 737,1366"/>
        <Baseline points="737,1366 2655,1360"/>
        <TextEquiv conf="0.9924780087298658">
          <Unicode>colloquio Frederici, dicti imperatoris, sustinuisset, quantam mentis constantiam et</Unicode>
        </TextEquiv>
      </TextLine>
      <TextLine id="eSc_line_eb92d7c7" custom="structure {type:default;}">
        <Coords points="740,1424 740,1446 2653,1442 2655,1417 2649,1386 737,1393 740,1424"/>
        <Baseline points="740,1424 2655,1417"/>
        <TextEquiv conf="0.9993832987031819">
          <Unicode>spiritum fortitudinis induisset“, se comperisse. Henricum, Anglorum regem, a sese</Unicode>
        </TextEquiv>
      </TextLine>
      <TextLine id="eSc_line_db4fbdfd" custom="structure {type:default;}">
        <Coords points="740,1479 740,1510 2651,1495 2653,1470 2649,1442 1224,1435 1221,1435 1219,1435 1177,1446 790,1437 788,1437 737,1448 740,1479"/>
        <Baseline points="740,1479 2653,1470"/>
        <TextEquiv conf="0.998565274477005">
          <Unicode>per (Rogerium), archiepiscopum Eboracensem, et (Rotrodum) Ebroicensem ac (Arnul-</Unicode>
        </TextEquiv>
      </TextLine>
      <TextLine id="eSc_line_9e9ec013" custom="structure {type:default;}">
        <Coords points="735,1534 735,1556 2651,1552 2653,1528 2646,1499 733,1499 735,1534"/>
        <Baseline points="735,1534 2653,1528"/>
        <TextEquiv conf="0.9970110027821033">
          <Unicode>fum) Lexoviensem episcopos, ut Ludovico „tanquam domino suo vires et auxilium</Unicode>
        </TextEquiv>
      </TextLine>
      <TextLine id="eSc_line_914b47d6" custom="structure {type:default;}">
        <Coords points="737,1590 737,1616 2651,1614 2653,1583 2646,1548 735,1548 737,1590"/>
        <Baseline points="737,1590 2653,1583"/>
        <TextEquiv conf="0.99703577742344">
          <Unicode>praestaret et studeret in omnibus et per omnia deservire“, admonitum esse. Henrici</Unicode>
        </TextEquiv>
      </TextLine>
      <TextLine id="eSc_line_ca1c8fe2" custom="structure {type:default;}">
        <Coords points="740,1640 740,1665 2653,1660 2655,1636 2649,1607 737,1609 740,1640"/>
        <Baseline points="740,1640 2655,1636"/>
        <TextEquiv conf="0.9996971057940133">
          <Unicode>regis nuncios commendat. „Praefatum regem“ inquit „quem in proxima tertia feria</Unicode>
        </TextEquiv>
      </TextLine>
      <TextLine id="eSc_line_078c5bc8" custom="structure {type:default;}">
        <Coords points="740,1700 740,1726 2653,1722 2655,1693 2651,1665 2030,1654 2028,1654 2026,1654 1979,1665 1977,1665 1950,1665 1464,1656 1462,1656 737,1667 740,1700"/>
        <Baseline points="740,1700 2655,1693"/>
        <TextEquiv conf="0.999543125812824">
          <Unicode>(18. Sept.) ad nostram praesentiam exspectamus, ad honorem et fidelitatem tuam</Unicode>
        </TextEquiv>
      </TextLine>
      <TextLine id="eSc_line_87dd4f31" custom="structure {type:default;}">
        <Coords points="742,1751 742,1777 2653,1777 2655,1746 2649,1709 740,1711 742,1751"/>
        <Baseline points="742,1751 2655,1746"/>
        <TextEquiv conf="0.9980485826730728">
          <Unicode>inducere curabimus“. Duchesne Hist. Fr. SS. IV. 620, Bouquet Rec. XV. 784, Mansi</Unicode>
        </TextEquiv>
      </TextLine>
      <TextLine id="eSc_line_e9099440" custom="structure {type:default;}">
        <Coords points="740,1806 740,1828 2507,1839 2509,1806 2509,1775 740,1766 740,1806"/>
        <Baseline points="740,1806 2509,1806"/>
        <TextEquiv conf="0.997508409088605">
          <Unicode>XXI. 1015, Migne 200 p. 168. — Audito per venerabiles“ („Audivimus per“).</Unicode>
        </TextEquiv>
      </TextLine>
      <TextLine id="eSc_line_97ae586b" custom="structure {type:default;}">
        <Coords points="691,1861 691,1888 2657,1883 2660,1857 2655,1828 689,1824 691,1861"/>
        <Baseline points="691,1861 2660,1857"/>
        <TextEquiv conf="0.9999429801615273">
          <Unicode>10758 (7223) (Eberhardum), archiepiscopum Salzburgensem, „imperatori et pravitatis</Unicode>
        </TextEquiv>
      </TextLine>
      <TextLine id="eSc_line_f7f4c2dd" custom="structure {type:default;}">
        <Coords points="174,1866 176,1901 212,1890 349,1896 351,1866 349,1782 293,1790 291,1790 289,1790 271,1806 234,1839 174,1839 174,1866"/>
        <Baseline points="174,1866 351,1866"/>
        <TextEquiv conf="0.9454936146736145">
          <Unicode>„ 18.</Unicode>
        </TextEquiv>
      </TextLine>
      <TextLine id="eSc_line_4174e5d0" custom="structure {type:default;}">
        <Coords points="466,1881 466,1896 563,1894 563,1881 563,1839 501,1828 499,1828 497,1828 466,1841 466,1881"/>
        <Baseline points="466,1881 563,1881"/>
        <TextEquiv conf="1.0">
          <Unicode>„</Unicode>
        </TextEquiv>
      </TextLine>
      <TextLine id="eSc_line_b3ecd635" custom="structure {type:default;}">
        <Coords points="740,1914 740,1941 2660,1941 2660,1914 2657,1883 740,1883 740,1914"/>
        <Baseline points="740,1914 2660,1914"/>
        <TextEquiv conf="0.986352489976322">
          <Unicode>eius fautoribus viriliter resistentem“ laudat, hortaturque, ne malis cedat. Monet, ut</Unicode>
        </TextEquiv>
      </TextLine>
      <TextLine id="eSc_line_de6ec1d7" custom="structure {type:default;}">
        <Coords points="742,1974 742,1996 2657,1989 2660,1967 2653,1938 740,1941 742,1974"/>
        <Baseline points="742,1974 2660,1967"/>
        <TextEquiv conf="0.9998377554118634">
          <Unicode>ad sese aut ipse veniat, aut nuncium mittat. Mandat, ut „ad imperatorem Frideri-</Unicode>
        </TextEquiv>
      </TextLine>
      <TextLine id="eSc_line_ff51ed0c" custom="structure {type:default;}">
        <Coords points="737,2029 737,2049 2655,2051 2660,2022 2653,1994 735,1998 737,2029"/>
        <Baseline points="737,2029 2660,2022"/>
        <TextEquiv conf="0.9990066784184154">
          <Unicode>cum accedat et ipsum ad unitatem ecclesiae revocare modis omnibus elaboret“. Teng-</Unicode>
        </TextEquiv>
      </TextLine>
      <TextLine id="eSc_line_325f1cf0" custom="structure {type:default;}">
        <Coords points="740,2082 740,2108 2657,2104 2660,2078 2655,2047 737,2047 740,2082"/>
        <Baseline points="740,2082 2660,2078"/>
        <TextEquiv conf="0.9965772456244418">
          <Unicode>nagel Vet. mon. p. 438, (Mansi XXI. 1040, Migne 200 p. 169). — „Quod charis-</Unicode>
        </TextEquiv>
      </TextLine>
      <TextLine id="eSc_line_1bb1585b" custom="structure {type:default;}">
        <Coords points="737,2137 737,2153 830,2166 832,2166 934,2146 934,2133 930,2102 735,2102 737,2137"/>
        <Baseline points="737,2137 934,2133"/>
        <TextEquiv conf="0.9999557903834752">
          <Unicode>simam“.</Unicode>
        </TextEquiv>
      </TextLine>
      <TextLine id="eSc_line_7a0f2382" custom="structure {type:default;}">
        <Coords points="691,2186 689,2210 2655,2219 2660,2192 2657,2157 691,2150 691,2186"/>
        <Baseline points="691,2186 2660,2192"/>
        <TextEquiv conf="0.9959639371796087">
          <Unicode>10759 (7224) Ecclesiae S. Iohannis Kaltenbornensis possessiones privilegiaque confirmat,</Unicode>
        </TextEquiv>
      </TextLine>
      <TextLine id="eSc_line_143274e6" custom="structure {type:default;}">
        <Coords points="172,2197 172,2219 300,2228 302,2228 304,2228 349,2212 349,2188 346,2155 311,2135 309,2135 307,2135 304,2135 262,2150 247,2157 167,2148 172,2197"/>
        <Baseline points="172,2197 349,2188"/>
        <TextEquiv conf="0.9997910499572754">
          <Unicode>„ 20.</Unicode>
        </TextEquiv>
      </TextLine>
      <TextLine id="eSc_line_b8a86858" custom="structure {type:default;}">
        <Coords points="470,2208 470,2221 567,2221 567,2206 563,2164 468,2164 470,2208"/>
        <Baseline points="470,2208 567,2206"/>
        <TextEquiv conf="1.0">
          <Unicode>„</Unicode>
        </TextEquiv>
      </TextLine>
      <TextLine id="eSc_line_73e2c13e" custom="structure {type:default;}">
        <Coords points="742,2245 742,2281 2657,2281 2660,2250 2657,2217 742,2212 742,2245"/>
        <Baseline points="742,2245 2660,2250"/>
        <TextEquiv conf="0.9959416665136814">
          <Unicode>petente Bernardo praeposito. Thuringia sacra p. 309, Menckenii SS. R. G. I. 768,</Unicode>
        </TextEquiv>
      </TextLine>
      <TextLine id="eSc_line_085df523" custom="structure {type:default;}">
        <Coords points="742,2301 742,2323 1674,2318 1676,2296 1672,2270 775,2261 773,2261 771,2261 740,2272 742,2301"/>
        <Baseline points="742,2301 1676,2296"/>
        <TextEquiv conf="0.9861446071315456">
          <Unicode>Migne 200 p. 171. — „Sicut sacrorum“.</Unicode>
        </TextEquiv>
      </TextLine>
      <TextLine id="eSc_line_e400b6f7" custom="structure {type:default;}">
        <Coords points="691,2354 689,2380 2655,2387 2660,2358 2657,2325 691,2312 691,2354"/>
        <Baseline points="691,2354 2660,2358"/>
        <TextEquiv conf="0.993143474481192">
          <Unicode>10760 (7225) Parthenonis in monte, qui dicitur Wlrideshusen, protectionem suscipit,</Unicode>
        </TextEquiv>
      </TextLine>
      <TextLine id="eSc_line_7693ae1e" custom="structure {type:default;}">
        <Coords points="176,2358 178,2402 234,2389 262,2398 269,2400 271,2400 273,2400 351,2391 351,2351 344,2312 174,2314 176,2358"/>
        <Baseline points="176,2358 351,2351"/>
        <TextEquiv conf="0.9999528288841247">
          <Unicode>„ 20.</Unicode>
        </TextEquiv>
      </TextLine>
      <TextLine id="eSc_line_64336f4d" custom="structure {type:default;}">
        <Coords points="472,2371 470,2418 514,2429 517,2429 519,2429 567,2413 570,2376 570,2327 475,2314 472,2371"/>
        <Baseline points="472,2371 570,2376"/>
        <TextEquiv conf="1.0">
          <Unicode>„</Unicode>
        </TextEquiv>
      </TextLine>
      <TextLine id="eSc_line_7cfeeb09" custom="structure {type:default;}">
        <Coords points="742,2411 742,2435 2662,2435 2662,2411 2662,2382 742,2380 742,2411"/>
        <Baseline points="742,2411 2662,2411"/>
        <TextEquiv conf="0.9940230155863413">
          <Unicode>et disciplinam, possessiones, privilegia confirmat. In schedis Mon. Germ. — „Reli-</Unicode>
        </TextEquiv>
      </TextLine>
      <TextLine id="eSc_line_c4c9f47a" custom="structure {type:default;}">
        <Coords points="744,2468 744,2491 1098,2482 1100,2464 1093,2429 742,2435 744,2468"/>
        <Baseline points="744,2468 1100,2464"/>
        <TextEquiv conf="0.9997020534106663">
          <Unicode>giosam vitam“.</Unicode>
        </TextEquiv>
      </TextLine>
      <TextLine id="eSc_line_62a6ecb8" custom="structure {type:default;}">
        <Coords points="693,2521 693,2546 2655,2550 2660,2517 2655,2477 735,2475 733,2475 731,2475 691,2486 693,2521"/>
        <Baseline points="693,2521 2660,2517"/>
        <TextEquiv conf="0.9996116014174473">
          <Unicode>10761 (7226) Ludovico, Francorum regi, respondet, ad postulationem eius se Odoni,</Unicode>
        </TextEquiv>
      </TextLine>
      <TextLine id="eSc_line_dea3af41" custom="structure {type:default;}">
        <Coords points="178,2524 178,2559 229,2548 256,2557 262,2559 265,2559 267,2559 355,2552 355,2524 355,2493 318,2473 315,2473 282,2473 280,2473 278,2473 276,2473 276,2475 258,2493 256,2493 178,2491 178,2524"/>
        <Baseline points="178,2524 355,2524"/>
        <TextEquiv conf="0.9893477320671081">
          <Unicode>„ 22.</Unicode>
        </TextEquiv>
      </TextLine>
      <TextLine id="eSc_line_b5fe6eac" custom="structure {type:default;}">
        <Coords points="472,2532 470,2552 523,2566 525,2566 528,2566 572,2548 574,2537 574,2418 477,2418 472,2532"/>
        <Baseline points="472,2532 574,2537"/>
        <TextEquiv conf="0.9976248145103455">
          <Unicode>„</Unicode>
        </TextEquiv>
      </TextLine>
      <TextLine id="eSc_line_ecf85c1c" custom="structure {type:default;}">
        <Coords points="742,2577 742,2601 2660,2599 2662,2572 2657,2544 740,2541 742,2577"/>
        <Baseline points="742,2577 2662,2572"/>
        <TextEquiv conf="0.9999441511747313">
          <Unicode>Burgundiae duci, mandasse, ut Flaviniacum castrum aut regi aut (Henrico), episcopo</Unicode>
        </TextEquiv>
      </TextLine>
      <TextLine id="eSc_line_378dd475" custom="structure {type:default;}">
        <Coords points="746,2634 746,2656 2655,2661 2660,2630 2655,2601 1710,2590 1707,2590 1630,2601 766,2592 764,2592 762,2592 760,2592 744,2599 746,2634"/>
        <Baseline points="746,2634 2660,2630"/>
        <TextEquiv conf="0.997697444223776">
          <Unicode>Augustodunensi, „resignet; alioquin sententiam, quam idem episcopus promulgaverit,</Unicode>
        </TextEquiv>
      </TextLine>
      <TextLine id="eSc_line_bc21ecd1" custom="structure {type:default;}">
        <Coords points="744,2689 744,2711 2657,2714 2662,2680 2655,2652 742,2654 744,2689"/>
        <Baseline points="744,2689 2662,2680"/>
        <TextEquiv conf="0.9940301955464375">
          <Unicode>ratam habiturum, et ipsam a (Godefrido) Lingonensi et (Petro) Cabilonensi episcopis</Unicode>
        </TextEquiv>
      </TextLine>
      <TextLine id="eSc_line_78e6d6de" custom="structure {type:default;}">
        <Coords points="744,2740 744,2762 2660,2771 2662,2740 2662,2711 744,2711 744,2740"/>
        <Baseline points="744,2740 2662,2740"/>
        <TextEquiv conf="0.9944368020280615">
          <Unicode>mandasse ratam haberi“. Duchesne Hist. Fr. SS. IV. 619, Bouquet Rec. XV. 785,</Unicode>
        </TextEquiv>
      </TextLine>
      <TextLine id="eSc_line_8aab4528" custom="structure {type:default;}">
        <Coords points="744,2797 744,2820 2355,2813 2357,2791 2353,2762 742,2758 744,2797"/>
        <Baseline points="744,2797 2357,2791"/>
        <TextEquiv conf="0.9999577105045319">
          <Unicode>Mansi XXI. 1015, Migne 200 p. 172. — „Litteras excellentiae tuae“.</Unicode>
        </TextEquiv>
      </TextLine>
      <TextLine id="eSc_line_f576afa3" custom="structure {type:default;}">
        <Coords points="691,2850 691,2870 2642,2879 2644,2879 2646,2879 2649,2879 2662,2868 2662,2846 2657,2817 689,2815 691,2850"/>
        <Baseline points="691,2850 2662,2846"/>
        <TextEquiv conf="0.9917943666620952">
          <Unicode>lohannem episcopum Pictaviensem consecrat „in abbatia Dolensi, die S. Teclae“. Ra-</Unicode>
        </TextEquiv>
      </TextLine>
      <TextLine id="eSc_line_e15209d2" custom="structure {type:default;}">
        <Coords points="176,2853 176,2877 357,2886 360,2853 360,2815 267,2804 265,2804 262,2804 260,2804 260,2806 247,2817 245,2822 176,2822 176,2853"/>
        <Baseline points="176,2853 360,2853"/>
        <TextEquiv conf="0.9999999761581421">
          <Unicode>„ 23.</Unicode>
        </TextEquiv>
      </TextLine>
      <TextLine id="eSc_line_26fa4663" custom="structure {type:default;}">
        <Coords points="470,2864 470,2875 539,2888 541,2888 543,2888 578,2873 578,2864 578,2833 510,2815 508,2815 505,2815 503,2815 470,2831 470,2864"/>
        <Baseline points="470,2864 578,2864"/>
        <TextEquiv conf="1.0">
          <Unicode>„</Unicode>
        </TextEquiv>
      </TextLine>
      <TextLine id="eSc_line_1ae1d77f" custom="structure {type:default;}">
        <Coords points="744,2903 742,2932 2655,2937 2660,2908 2657,2875 744,2870 744,2903"/>
        <Baseline points="744,2903 2660,2908"/>
        <TextEquiv conf="0.9966462545096875">
          <Unicode>dulph. de Diceto ad 1194 ap. Twysden Hist. Angl. SS. I. 675, ed. Stubbs II. 120,</Unicode>
        </TextEquiv>
      </TextLine>
      <TextLine id="eSc_line_5ddb70ab" custom="structure {type:default;}">
        <Coords points="744,2961 744,2985 1425,2985 1427,2956 1420,2926 742,2928 744,2961"/>
        <Baseline points="744,2961 1427,2956"/>
        <TextEquiv conf="0.9854064716233147">
          <Unicode>ap. Bouquet Rec. XVII. 648.</Unicode>
        </TextEquiv>
      </TextLine>
      <TextLine id="eSc_line_9ba442eb" custom="structure {type:default;}">
        <Coords points="700,3014 700,3036 2660,3045 2662,3014 2662,2981 700,2974 700,3014"/>
        <Baseline points="700,3014 2662,3014"/>
        <TextEquiv conf="0.9930481285933989">
          <Unicode>10762 (7227) Ecclesiae Carnotensis protectionem suscipit et possessiones confirmat,</Unicode>
        </TextEquiv>
      </TextLine>
      <TextLine id="eSc_line_e0a0d60a" custom="structure {type:default;}">
        <Coords points="178,3018 178,3038 236,3029 273,3038 287,3043 289,3043 291,3043 355,3036 355,3012 349,2950 176,2972 178,3018"/>
        <Baseline points="178,3018 355,3012"/>
        <TextEquiv conf="0.999999737739563">
          <Unicode>„ 24.</Unicode>
        </TextEquiv>
      </TextLine>
      <TextLine id="eSc_line_4dce24ee" custom="structure {type:default;}">
        <Coords points="479,3032 479,3038 561,3036 561,3027 558,2990 514,2976 512,2976 510,2976 508,2976 505,2976 505,2979 503,2979 494,2990 492,2992 475,2990 479,3032"/>
        <Baseline points="479,3032 561,3027"/>
        <TextEquiv conf="1.0">
          <Unicode>„</Unicode>
        </TextEquiv>
      </TextLine>
      <TextLine id="eSc_line_f631e279" custom="structure {type:default;}">
        <Coords points="751,3071 751,3098 2660,3102 2662,3071 2662,3040 751,3038 751,3071"/>
        <Baseline points="751,3071 2662,3071"/>
        <TextEquiv conf="0.9999877803209352">
          <Unicode>petente Roberto episcopo. Gall. Chr. VIII. Instr. p. 337, Lépinois et Merlet Cart.</Unicode>
        </TextEquiv>
      </TextLine>
      <TextLine id="eSc_line_e802219b" custom="structure {type:default;}">
        <Coords points="748,3124 748,3146 1895,3146 1895,3124 1895,3091 748,3082 748,3124"/>
        <Baseline points="748,3124 1895,3124"/>
        <TextEquiv conf="0.9979560603486731">
          <Unicode>I. 169, Migne 200 p. 173. — „Et ordo rationis“.</Unicode>
        </TextEquiv>
      </TextLine>
      <TextLine id="eSc_line_94fd95e3" custom="structure {type:default;}">
        <Coords points="125,3175 125,3197 360,3195 360,3171 355,3127 123,3124 125,3175"/>
        <Baseline points="125,3175 360,3171"/>
        <TextEquiv conf="0.9999958753585816">
          <Unicode>cSept. 29.</Unicode>
        </TextEquiv>
      </TextLine>
      <TextLine id="eSc_line_5279eeb4" custom="structure {type:default;}">
        <Coords points="404,3175 402,3204 631,3208 636,3180 636,3142 505,3140 479,3113 470,3104 470,3102 468,3102 466,3102 404,3100 404,3175"/>
        <Baseline points="404,3175 636,3180"/>
        <TextEquiv conf="0.9999997615814209">
          <Unicode>Turonum</Unicode>
        </TextEquiv>
      </TextLine>
      <TextLine id="eSc_line_5bbd81c1" custom="structure {type:default;}">
        <Coords points="695,3180 695,3208 2662,3202 2662,3180 2660,3140 695,3140 695,3180"/>
        <Baseline points="695,3180 2662,3180"/>
        <TextEquiv conf="0.9926610167106885">
          <Unicode>pervenit „circa festum b. Michaelis“. Bosonis card. Vita Alexandri ap. Watterich II. 393.</Unicode>
        </TextEquiv>
      </TextLine>
      <TextLine id="eSc_line_52ae2d48" custom="structure {type:default;}">
        <Coords points="143,3226 143,3255 194,3270 196,3270 198,3270 201,3270 227,3261 247,3257 355,3270 357,3226 357,3197 143,3197 143,3226"/>
        <Baseline points="143,3226 357,3226"/>
        <TextEquiv conf="0.999989241361618">
          <Unicode>Oct. 10.</Unicode>
        </TextEquiv>
      </TextLine>
      <TextLine id="eSc_line_6d12fbee" custom="structure {type:default;}">
        <Coords points="430,3233 430,3266 609,3270 612,3233 612,3204 430,3204 430,3233"/>
        <Baseline points="430,3233 612,3233"/>
        <TextEquiv conf="0.9999986886978149">
          <Unicode>Turoni</Unicode>
        </TextEquiv>
      </TextLine>
      <TextLine id="eSc_line_9a820842" custom="structure {type:default;}">
        <Coords points="700,3233 700,3259 2662,3255 2664,3228 2657,3197 698,3202 700,3233"/>
        <Baseline points="700,3233 2664,3228"/>
        <TextEquiv conf="0.9929888277877996">
          <Unicode>10763 Eremitarum quorundam, apud Fontem-Gehardi (d. Cenom.) viventium, subiectio-</Unicode>
        </TextEquiv>
      </TextLine>
      <TextLine id="eSc_line_22f23e4b" custom="structure {type:default;}">
        <Coords points="751,3288 751,3312 2662,3319 2664,3288 2662,3248 751,3248 751,3288"/>
        <Baseline points="751,3288 2664,3288"/>
        <TextEquiv conf="0.9951480681245978">
          <Unicode>nem, Maiori-monasterio exhibitam, confirmat. (Cf. supra ep. 9243.) Loewenfeld</Unicode>
        </TextEquiv>
      </TextLine>
      <TextLine id="eSc_line_39141876" custom="structure {type:default;}">
        <Coords points="751,3343 751,3365 1897,3361 1900,3339 1893,3308 748,3308 751,3343"/>
        <Baseline points="751,3343 1900,3339"/>
        <TextEquiv conf="0.9956547138483628">
          <Unicode>Epistolae p. 132. — „Quemadmodum apostolicae“.</Unicode>
        </TextEquiv>
      </TextLine>
      <TextLine id="eSc_line_5c3bcdbd" custom="structure {type:default;}">
        <Coords points="183,3398 183,3431 366,3431 366,3398 364,3363 183,3369 183,3398"/>
        <Baseline points="183,3398 366,3398"/>
        <TextEquiv conf="0.998780632019043">
          <Unicode>„ 14.</Unicode>
        </TextEquiv>
      </TextLine>
      <TextLine id="eSc_line_db2e5751" custom="structure {type:default;}">
        <Coords points="700,3398 700,3438 813,3420 872,3436 874,3436 877,3436 1014,3420 1330,3420 1360,3431 1363,3431 1365,3431 1553,3422 1617,3433 1619,3433 1705,3422 2657,3429 2662,3394 2657,3365 1690,3354 1687,3354 698,3365 700,3398"/>
        <Baseline points="700,3398 2662,3394"/>
        <TextEquiv conf="0.9986086200784754">
          <Unicode>10764 (7228) Ecclesiam S. Ambrosii Mediolanensem tuendam suscipit eiusque posses-</Unicode>
        </TextEquiv>
      </TextLine>
      <TextLine id="eSc_line_83517aab" custom="structure {type:default;}">
        <Coords points="486,3411 486,3438 576,3438 576,3411 576,3383 486,3376 486,3411"/>
        <Baseline points="486,3411 576,3411"/>
        <TextEquiv conf="1.0">
          <Unicode>„</Unicode>
        </TextEquiv>
      </TextLine>
      <TextLine id="eSc_line_744737bb" custom="structure {type:default;}">
        <Coords points="751,3453 755,3498 782,3480 969,3480 994,3491 996,3491 998,3491 1000,3491 1003,3491 1022,3480 1356,3480 1478,3495 1480,3495 1482,3495 1484,3495 1486,3495 1506,3480 1738,3480 1791,3491 1794,3491 1796,3491 1829,3478 2114,3493 2116,3493 2118,3493 2180,3478 2249,3491 2251,3491 2379,3482 2414,3493 2417,3493 2419,3495 2662,3495 2664,3449 2657,3420 748,3422 751,3453"/>
        <Baseline points="751,3453 2664,3449"/>
        <TextEquiv conf="0.9934303385240061">
          <Unicode>siones et privilegia confirmat, petente Oberto archiepiscopo. Frisi Mem. d. Monza</Unicode>
        </TextEquiv>
      </TextLine>
      <TextLine id="eSc_line_77f302af" custom="structure {type:default;}">
        <Coords points="753,3506 753,3551 817,3570 819,3570 821,3570 881,3559 892,3568 892,3570 894,3570 897,3570 899,3570 901,3570 903,3570 921,3559 1040,3570 1042,3570 1045,3570 1100,3553 1162,3553 1201,3570 1204,3570 1206,3573 1365,3573 1365,3570 1367,3570 1369,3570 1369,3568 1387,3553 1486,3566 1489,3566 1551,3553 1566,3566 1566,3568 1568,3568 1570,3568 1573,3568 1575,3568 1606,3553 1679,3566 1681,3566 1683,3566 1714,3553 1758,3570 1760,3570 1763,3573 1847,3573 1847,3570 1849,3570 1919,3551 1919,3506 1919,3475 753,3471 753,3506"/>
        <Baseline points="753,3506 1919,3506"/>
        <TextEquiv conf="0.9844651830693086">
          <Unicode>II. 68. Migne 200 p. 174. — „In eminenti sedis“.</Unicode>
        </TextEquiv>
      </TextLine>
      <TextLine id="eSc_line_c8e88c13" custom="structure {type:default;}">
        <Coords points="183,3553 181,3592 234,3608 236,3608 238,3608 320,3597 331,3597 335,3599 355,3608 357,3608 360,3608 510,3604 669,3599 751,3610 755,3557 753,3522 371,3522 326,3511 311,3509 309,3509 298,3511 251,3520 183,3509 183,3553"/>
        <Baseline points="183,3553 755,3557"/>
        <TextEquiv conf="0.9145190203562379">
          <Unicode>Regerta Pont. Romen. E4 eee. II.</Unicode>
        </TextEquiv>
      </TextLine>
      <TextLine id="eSc_line_eaf014ec" custom="structure {type:default;}">
        <Coords points="2377,3570 2370,3522 2313,3520 2319,3577 2328,3645 2381,3630 2377,3570"/>
        <Baseline points="2319,3577 2377,3570"/>
        <TextEquiv conf="1.0">
          <Unicode>„</Unicode>
        </TextEquiv>
      </TextLine>
    </TextRegion>
    <TextRegion id="eSc_textblock_165d5005"  custom="structure {type:default;}">
      <Coords points="930,150 1780,150 1860,159 1860,245 910,253 892,203 930,150"/>
      <TextLine id="eSc_line_3145bc07" custom="structure {type:default;}">
        <Coords points="919,220 919,247 1840,245 1840,220 1840,172 1805,156 1802,156 1800,156 1712,172 1592,156 1590,156 1588,156 1544,172 1513,159 1511,159 1509,159 1506,159 1504,159 1489,174 1429,174 1367,154 1365,154 1363,154 1360,154 1292,172 1254,154 1252,154 1250,154 1135,167 1117,154 1115,154 1113,154 1111,154 1109,154 1106,154 1087,170 983,156 980,156 978,156 919,172 919,220"/>
        <Baseline points="919,220 1840,220"/>
        <TextEquiv conf="0.999643726348877">
          <Unicode>ALEXANDER III. 1159—1181.</Unicode>
        </TextEquiv>
      </TextLine>
    </TextRegion>
    <TextRegion id="eSc_textblock_fd4fe823"  custom="structure {type:default;}">
      <Coords points="2545,159 2680,167 2697,227 2531,253 2505,203 2545,159"/>
      <TextLine id="eSc_line_5bc165f5" custom="structure {type:default;}">
        <Coords points="2615,163 2613,161 2598,167 2587,165 2560,159 2558,159 2556,159 2554,159 2551,159 2540,163 2529,174 2531,223 2531,240 2569,251 2571,251 2573,251 2644,238 2644,218 2635,163 2615,163"/>
        <Baseline points="2531,223 2644,218"/>
        <TextEquiv conf="1.0">
          <Unicode>161</Unicode>
        </TextEquiv>
      </TextLine>
    </TextRegion>
  </Page>
</PcGts>
