<?xml version="1.0" encoding="UTF-8"  standalone="yes"?>
<PcGts xmlns="http://schema.primaresearch.org/PAGE/gts/pagecontent/2019-07-15" xmlns:xsi="http://www.w3.org/2001/XMLSchema-instance" xsi:schemaLocation="http://schema.primaresearch.org/PAGE/gts/pagecontent/2019-07-15 http://schema.primaresearch.org/PAGE/gts/pagecontent/2019-07-15/pagecontent.xsd">
  <Metadata>
	<Creator>escriptorium</Creator>
	<Created>2024-07-19T10:06:37.620821+00:00</Created>
        <LastChange>2024-08-08T08:30:15.263176+00:00</LastChange>
  </Metadata>
  <Page imageFilename="0176.png" imageWidth="3007" imageHeight="3975">
    <TextRegion id="eSc_textblock_43e21762"  custom="structure {type:default;}">
      <Coords points="693,300 2688,300 2662,3531 2399,3531 2406,3575 2308,3592 2132,3531 132,3531 97,2903 106,397 159,318 351,318 386,415 397,318 651,335 693,300"/>
      <TextLine id="eSc_line_cffcd569" custom="structure {type:default;}">
        <Coords points="2160,300 2138,300 2116,300 2094,300 2072,300 2050,300 2028,300 2006,300 1984,300 1961,300 1955,300 1933,309 1895,300 1895,300 1873,300 1847,309 1842,309 1650,300 1630,300 1608,300 1592,300 1579,311 1411,311 1365,300 1365,300 1343,300 1299,311 1294,311 1290,311 1226,300 1224,300 1053,311 1049,311 1031,300 1029,300 1027,300 1011,300 989,300 967,300 945,300 923,300 901,300 879,300 857,300 835,300 813,300 790,300 768,300 746,300 724,300 702,300 680,306 658,326 660,357 660,386 2578,377 2578,351 2573,309 2171,300 2160,300"/>
        <Baseline points="660,357 2578,351"/>
        <TextEquiv conf="0.9876870821031292">
          <Unicode>1162. (Ind. 10. — 25. Sept. — 11, pont. a. 3. — 20. Sept. — 4, 1161. — 25. Mart. — 1162.)</Unicode>
        </TextEquiv>
      </TextLine>
      <TextLine id="eSc_line_6f0c3400" custom="structure {type:default;}">
        <Coords points="689,421 689,443 2653,446 2657,417 2653,382 757,373 755,373 687,384 689,421"/>
        <Baseline points="689,421 2657,417"/>
        <TextEquiv conf="0.9997843180794314">
          <Unicode>10783 (7237) Henrico, archiepiscopo Remensi, mandat, hortetur canonicos Leodienses,</Unicode>
        </TextEquiv>
      </TextLine>
      <TextLine id="eSc_line_47e633fe" custom="structure {type:default;}">
        <Coords points="136,424 136,470 353,470 353,419 351,379 318,366 315,366 313,366 134,373 136,424"/>
        <Baseline points="136,424 353,419"/>
        <TextEquiv conf="0.9998860061168671">
          <Unicode>Nov. 16.</Unicode>
        </TextEquiv>
      </TextLine>
      <TextLine id="eSc_line_69a5ba69" custom="structure {type:default;}">
        <Coords points="426,424 426,472 600,461 600,419 596,371 421,362 426,424"/>
        <Baseline points="426,424 600,419"/>
        <TextEquiv conf="0.9991524616877238">
          <Unicode>Turoni</Unicode>
        </TextEquiv>
      </TextLine>
      <TextLine id="eSc_line_7bd8d7f3" custom="structure {type:default;}">
        <Coords points="742,470 740,490 2655,501 2660,474 2657,443 742,439 742,470"/>
        <Baseline points="742,470 2660,474"/>
        <TextEquiv conf="0.9958051676991619">
          <Unicode>ut reditum praebendae S. Lamberti Letoldo, praeposito Aurelianensi, restituant.</Unicode>
        </TextEquiv>
      </TextLine>
      <TextLine id="eSc_line_b2f70d30" custom="structure {type:default;}">
        <Coords points="742,527 742,549 1349,560 1352,560 1411,549 1414,549 1416,549 1559,560 1562,560 1564,560 1590,547 1592,547 1595,547 1621,558 1623,558 1626,558 1699,547 1710,547 1721,547 1805,558 1807,560 2041,560 2041,558 2043,558 2085,547 2116,558 2118,558 2121,558 2123,558 2149,547 2174,558 2176,558 2178,560 2392,560 2392,558 2394,558 2439,545 2439,523 2432,490 740,494 742,527"/>
        <Baseline points="742,527 2439,523"/>
        <TextEquiv conf="0.999729622569349">
          <Unicode>Martene Coll. II. 679, Migne 200 p. 182. — „Constitutus in apostolicae“.</Unicode>
        </TextEquiv>
      </TextLine>
      <TextLine id="eSc_line_c413b106" custom="structure {type:default;}">
        <Coords points="691,594 691,618 2655,622 2660,594 2657,560 2487,547 2485,547 2483,547 2439,558 1491,547 1489,547 1347,558 1290,547 1288,547 1219,558 1140,547 1137,547 919,558 892,547 890,547 733,547 731,547 729,547 691,558 691,594"/>
        <Baseline points="691,594 2660,594"/>
        <TextEquiv conf="0.9974023933921542">
          <Unicode>10784 Rogero abbati et fratribus S. Mariae Driburgensibus asserit ecclesiam S. Cuth-</Unicode>
        </TextEquiv>
      </TextLine>
      <TextLine id="eSc_line_45fb2cc6" custom="structure {type:default;}">
        <Coords points="172,600 174,629 227,616 267,620 326,627 329,627 331,627 333,627 351,613 351,596 344,538 170,552 172,600"/>
        <Baseline points="172,600 351,596"/>
        <TextEquiv conf="0.9999699354171753">
          <Unicode>„ 23.</Unicode>
        </TextEquiv>
      </TextLine>
      <TextLine id="eSc_line_49143a47" custom="structure {type:default;}">
        <Coords points="477,613 477,664 561,669 561,609 556,549 510,538 508,538 505,538 472,552 477,613"/>
        <Baseline points="477,613 561,609"/>
        <TextEquiv conf="1.0">
          <Unicode>„</Unicode>
        </TextEquiv>
      </TextLine>
      <TextLine id="eSc_line_745aee7e" custom="structure {type:default;}">
        <Coords points="742,647 740,666 779,680 782,680 784,680 1699,671 1721,682 1723,682 1725,682 2657,671 2660,651 2657,618 742,611 742,647"/>
        <Baseline points="742,647 2660,651"/>
        <TextEquiv conf="0.9920639468402397">
          <Unicode>berti de Childinchirch aliaque. Privilegia quaedam addit. Liber S. Mariae de Drib.</Unicode>
        </TextEquiv>
      </TextLine>
      <TextLine id="eSc_line_88dc8e78" custom="structure {type:default;}">
        <Coords points="742,704 742,728 1394,733 1396,733 1398,733 1418,724 1420,722 1444,722 1586,733 1588,733 1668,719 1670,700 1663,671 740,671 742,704"/>
        <Baseline points="742,704 1670,700"/>
        <TextEquiv conf="0.989492030441761">
          <Unicode>p. 204. — „Iustis petentium desideriis“.</Unicode>
        </TextEquiv>
      </TextLine>
      <TextLine id="eSc_line_0ea3cb5b" custom="structure {type:default;}">
        <Coords points="691,757 691,783 2655,788 2660,757 2657,724 691,713 691,757"/>
        <Baseline points="691,757 2660,757"/>
        <TextEquiv conf="0.9950488696737987">
          <Unicode>10785 Rainerio abbati Albaeripensi bullam dat. Neues Archiv VII. 97. — „Religiosam</Unicode>
        </TextEquiv>
      </TextLine>
      <TextLine id="eSc_line_f61ec649" custom="structure {type:default;}">
        <Coords points="170,766 170,790 344,795 346,761 342,711 167,706 170,766"/>
        <Baseline points="170,766 346,761"/>
        <TextEquiv conf="0.9998931407928466">
          <Unicode>„ 26.</Unicode>
        </TextEquiv>
      </TextLine>
      <TextLine id="eSc_line_e2529f3f" custom="structure {type:default;}">
        <Coords points="475,779 475,799 530,814 532,814 534,814 536,814 539,814 563,799 563,779 561,715 475,719 475,779"/>
        <Baseline points="475,779 563,779"/>
        <TextEquiv conf="1.0">
          <Unicode>„</Unicode>
        </TextEquiv>
      </TextLine>
      <TextLine id="eSc_line_00007ac1" custom="structure {type:default;}">
        <Coords points="740,817 740,825 821,841 824,841 921,821 921,812 914,781 737,783 740,817"/>
        <Baseline points="740,817 921,812"/>
        <TextEquiv conf="0.9494881544794355">
          <Unicode>vitam“.</Unicode>
        </TextEquiv>
      </TextLine>
      <TextLine id="eSc_line_6375d44a" custom="structure {type:default;}">
        <Coords points="689,870 689,896 2657,896 2660,865 2655,828 1687,817 1685,817 1579,828 729,819 726,819 724,819 687,830 689,870"/>
        <Baseline points="689,870 2660,865"/>
        <TextEquiv conf="0.9986110897291274">
          <Unicode>10786 Capitulo Rotomagensi asserit medietatem manerii de Kyllon, ab H(enrico) Anglo-</Unicode>
        </TextEquiv>
      </TextLine>
      <TextLine id="eSc_line_a61746de" custom="structure {type:default;}">
        <Coords points="172,876 174,909 214,892 346,898 349,872 344,819 296,808 293,808 291,808 260,821 251,828 170,828 172,876"/>
        <Baseline points="172,876 349,872"/>
        <TextEquiv conf="0.9137176156044007">
          <Unicode>„ 27.</Unicode>
        </TextEquiv>
      </TextLine>
      <TextLine id="eSc_line_890a494e" custom="structure {type:default;}">
        <Coords points="468,889 468,931 563,938 565,885 558,812 463,806 468,889"/>
        <Baseline points="468,889 565,885"/>
        <TextEquiv conf="1.0">
          <Unicode>„</Unicode>
        </TextEquiv>
      </TextLine>
      <TextLine id="eSc_line_f3293f17" custom="structure {type:default;}">
        <Coords points="740,925 740,945 2655,947 2657,925 2657,894 740,889 740,925"/>
        <Baseline points="740,925 2657,925"/>
        <TextEquiv conf="0.9998393286893397">
          <Unicode>rum rege in elemosynam concessam. In bibl. nat. Paris. Chartul. Rotomag. ms. lat.</Unicode>
        </TextEquiv>
      </TextLine>
      <TextLine id="eSc_line_e1d4947c" custom="structure {type:default;}">
        <Coords points="740,982 740,1000 2326,995 2328,978 2324,947 1542,936 1539,936 1460,947 1453,949 737,949 740,982"/>
        <Baseline points="740,982 2328,978"/>
        <TextEquiv conf="0.9970479313878046">
          <Unicode>nouv. acquis. 1363. s. XIX. f. 268“. — „Iustis petentium desideriis“.</Unicode>
        </TextEquiv>
      </TextLine>
      <TextLine id="eSc_line_ae6b843b" custom="structure {type:default;}">
        <Coords points="687,1033 687,1055 2655,1060 2657,1033 2657,1002 687,998 687,1033"/>
        <Baseline points="687,1033 2657,1033"/>
        <TextEquiv conf="0.9965916275978088">
          <Unicode>10787 Ab Hu(gone) archiepiscopo et capitulo Rotomagensi factam „super reditibus de</Unicode>
        </TextEquiv>
      </TextLine>
      <TextLine id="eSc_line_757cfd92" custom="structure {type:default;}">
        <Coords points="174,1044 174,1071 203,1073 205,1073 207,1073 209,1073 209,1071 227,1055 346,1068 349,1035 342,989 170,995 174,1044"/>
        <Baseline points="174,1044 349,1035"/>
        <TextEquiv conf="0.999976372718811">
          <Unicode>„ 28.</Unicode>
        </TextEquiv>
      </TextLine>
      <TextLine id="eSc_line_68d631b4" custom="structure {type:default;}">
        <Coords points="570,1051 561,1000 532,1007 468,987 470,1055 475,1104 570,1068 570,1051"/>
        <Baseline points="470,1055 570,1051"/>
        <TextEquiv conf="1.0">
          <Unicode>„</Unicode>
        </TextEquiv>
      </TextLine>
      <TextLine id="eSc_line_a60ce10f" custom="structure {type:default;}">
        <Coords points="740,1093 740,1124 1254,1115 1281,1124 1288,1126 1290,1126 1292,1126 1312,1124 1394,1113 1458,1124 1462,1124 1464,1124 1469,1124 1531,1113 1944,1124 1992,1124 1995,1124 2006,1124 2121,1110 2196,1121 2198,1124 2655,1124 2657,1086 2651,1055 737,1060 740,1093"/>
        <Baseline points="740,1093 2657,1086"/>
        <TextEquiv conf="0.9905552660546652">
          <Unicode>Anglia et oblationibus pentecostes“ constitutionem confirmat. Pflugk-Harttung Acta</Unicode>
        </TextEquiv>
      </TextLine>
      <TextLine id="eSc_line_2dcbbf50" custom="structure {type:default;}">
        <Coords points="740,1148 740,1168 1385,1172 1387,1172 1389,1172 1436,1159 1436,1141 1433,1110 1418,1099 1416,1099 1414,1099 1411,1099 1409,1099 1372,1110 1312,1099 1310,1099 1210,1113 1199,1113 1188,1113 1126,1101 1124,1101 1122,1101 1098,1110 1093,1113 1089,1110 1056,1101 1053,1101 1051,1101 994,1110 965,1115 737,1110 740,1148"/>
        <Baseline points="740,1148 1436,1141"/>
        <TextEquiv conf="0.9999781271507">
          <Unicode>I. 231. — „Iustis petentium“.</Unicode>
        </TextEquiv>
      </TextLine>
      <TextLine id="eSc_line_f9aff8b6" custom="structure {type:default;}">
        <Coords points="689,1210 689,1238 2660,1234 2660,1210 2660,1174 2191,1161 2189,1161 2143,1170 2125,1172 2103,1170 2041,1161 2039,1161 1999,1170 1979,1172 1946,1168 1884,1161 1882,1161 1842,1168 1816,1172 1776,1168 1725,1161 1723,1161 1692,1168 1661,1172 1606,1166 1557,1161 1555,1161 1398,1166 1122,1172 945,1161 919,1161 916,1161 903,1161 804,1172 689,1161 689,1210"/>
        <Baseline points="689,1210 2660,1210"/>
        <TextEquiv conf="0.9932919837707697">
          <Unicode>10788 (7238) Henrico, archiepiscopo Remensi, respondet, se (Godescalco) episcopo Atre-</Unicode>
        </TextEquiv>
      </TextLine>
      <TextLine id="eSc_line_b8e48001" custom="structure {type:default;}">
        <Coords points="172,1221 172,1254 344,1265 344,1212 340,1152 187,1148 185,1148 183,1148 181,1148 167,1154 172,1221"/>
        <Baseline points="172,1221 344,1212"/>
        <TextEquiv conf="0.9966823697090149">
          <Unicode>„ 28.</Unicode>
        </TextEquiv>
      </TextLine>
      <TextLine id="eSc_line_b40d4a3e" custom="structure {type:default;}">
        <Coords points="466,1232 468,1274 517,1260 565,1269 567,1227 558,1148 461,1148 466,1232"/>
        <Baseline points="466,1232 567,1227"/>
        <TextEquiv conf="0.9982971549034119">
          <Unicode>„</Unicode>
        </TextEquiv>
      </TextLine>
      <TextLine id="eSc_line_12d66640" custom="structure {type:default;}">
        <Coords points="740,1267 740,1287 2653,1296 2655,1267 2655,1236 740,1234 740,1267"/>
        <Baseline points="740,1267 2655,1267"/>
        <TextEquiv conf="0.9924041503741418">
          <Unicode>batensi scripsisse, „ut quoniam infirmitate gravatus ad propriam administrationem</Unicode>
        </TextEquiv>
      </TextLine>
      <TextLine id="eSc_line_7d578116" custom="structure {type:default;}">
        <Coords points="740,1322 740,1344 2653,1340 2655,1318 2651,1289 1838,1278 1836,1278 1699,1289 1685,1291 737,1291 740,1322"/>
        <Baseline points="740,1322 2655,1318"/>
        <TextEquiv conf="0.9989177872394693">
          <Unicode>noscatur insufficiens, animae suae consulere et ecclesiae studeat commodius providere“.</Unicode>
        </TextEquiv>
      </TextLine>
      <TextLine id="eSc_line_9ecb29e2" custom="structure {type:default;}">
        <Coords points="740,1375 740,1397 2651,1404 2655,1371 2651,1342 737,1338 740,1375"/>
        <Baseline points="740,1375 2655,1371"/>
        <TextEquiv conf="0.9999136960222608">
          <Unicode>De „honesta visitatione devotionis eius“ agit gratias. Monet, ut „rumores Teutonicos</Unicode>
        </TextEquiv>
      </TextLine>
      <TextLine id="eSc_line_7ef8ca71" custom="structure {type:default;}">
        <Coords points="740,1433 740,1453 2653,1461 2657,1428 2653,1400 1712,1389 1710,1389 1573,1400 788,1391 786,1391 784,1391 737,1402 740,1433"/>
        <Baseline points="740,1433 2657,1428"/>
        <TextEquiv conf="0.9966439286416228">
          <Unicode>sollerter inquirens, eos sibi saepius studeat declarare“. Martene Coll. II. 679, Bouquet</Unicode>
        </TextEquiv>
      </TextLine>
      <TextLine id="eSc_line_9cac0caa" custom="structure {type:default;}">
        <Coords points="737,1488 737,1506 1394,1517 1396,1517 1398,1517 1400,1517 1416,1506 1802,1514 1805,1514 1864,1503 1877,1514 1880,1514 1882,1514 1884,1517 1979,1517 1979,1514 1981,1514 2014,1503 2026,1514 2028,1514 2030,1514 2032,1517 2198,1517 2198,1514 2200,1514 2244,1501 2244,1484 2240,1453 1889,1442 1886,1442 1884,1442 1882,1442 1864,1455 1749,1455 1661,1442 1659,1442 1657,1442 1654,1442 1641,1455 1526,1455 1502,1442 1500,1442 1497,1442 1427,1455 870,1444 868,1444 799,1455 753,1444 751,1444 748,1444 746,1444 744,1444 744,1446 735,1453 737,1488"/>
        <Baseline points="737,1488 2244,1484"/>
        <TextEquiv conf="0.9956736197074254">
          <Unicode>Rec. XV. 787, Migne 200 p. 182. — „Dilectum filium nostrum“.</Unicode>
        </TextEquiv>
      </TextLine>
      <TextLine id="eSc_line_b8cb6a6b" custom="structure {type:default;}">
        <Coords points="132,1543 132,1585 231,1598 234,1598 236,1598 269,1583 271,1583 346,1583 346,1543 346,1486 132,1486 132,1543"/>
        <Baseline points="132,1543 346,1543"/>
        <TextEquiv conf="0.9822021041597638">
          <Unicode>Dec. 8.</Unicode>
        </TextEquiv>
      </TextLine>
      <TextLine id="eSc_line_5e4ec4e7" custom="structure {type:default;}">
        <Coords points="687,1543 687,1567 2653,1561 2655,1537 2651,1506 2271,1495 2269,1495 684,1508 687,1543"/>
        <Baseline points="687,1543 2655,1537"/>
        <TextEquiv conf="0.9913839808730192">
          <Unicode>10789 (7239) Ludovico, Francorum regi, significat, se, quos misisset, Barbadorum eius-</Unicode>
        </TextEquiv>
      </TextLine>
      <TextLine id="eSc_line_b2de6a8d" custom="structure {type:default;}">
        <Coords points="466,1561 466,1581 497,1598 499,1598 501,1598 503,1598 558,1583 558,1561 558,1503 466,1499 466,1561"/>
        <Baseline points="466,1561 558,1561"/>
        <TextEquiv conf="1.0">
          <Unicode>„</Unicode>
        </TextEquiv>
      </TextLine>
      <TextLine id="eSc_line_8bb91f89" custom="structure {type:default;}">
        <Coords points="737,1598 737,1634 819,1620 2653,1616 2655,1590 2649,1559 735,1567 737,1598"/>
        <Baseline points="737,1598 2655,1590"/>
        <TextEquiv conf="0.9962742534421739">
          <Unicode>que comitem militem benigne recepisse, iisque, ut antea iam Mauricio, episcopo Pari-</Unicode>
        </TextEquiv>
      </TextLine>
      <TextLine id="eSc_line_630aea67" custom="structure {type:default;}">
        <Coords points="737,1654 737,1671 2651,1678 2653,1654 2653,1623 737,1623 737,1654"/>
        <Baseline points="737,1654 2653,1654"/>
        <TextEquiv conf="0.9995751194655895">
          <Unicode>siensi, mandasse, ut de celebrando concilio ad eum referrent. Duchesne Hist. Fr.</Unicode>
        </TextEquiv>
      </TextLine>
      <TextLine id="eSc_line_72a172bd" custom="structure {type:default;}">
        <Coords points="735,1709 735,1731 1681,1742 1683,1742 1685,1742 1729,1731 1741,1729 1805,1731 2008,1740 2010,1740 2651,1729 2653,1704 2646,1669 2112,1671 2109,1671 2094,1660 2092,1660 2090,1660 1966,1660 1964,1660 1877,1671 1873,1671 1869,1671 1723,1660 1721,1660 1718,1660 1681,1673 1676,1673 1674,1673 1639,1662 1637,1662 1634,1662 1471,1673 1464,1673 1460,1673 1374,1662 1372,1662 1314,1673 1274,1662 1272,1662 1270,1662 1100,1673 1060,1662 1058,1662 1056,1662 1053,1662 1018,1673 972,1662 969,1662 967,1662 910,1673 843,1662 841,1662 839,1662 810,1673 766,1662 764,1662 762,1662 760,1662 733,1673 735,1709"/>
        <Baseline points="735,1709 2653,1704"/>
        <TextEquiv conf="0.9989199818749177">
          <Unicode>SS. IV. 621, Bouquet Rec. XV. 787, Mansi XXI. 1017, Migne 200 p. 183. — „Di-</Unicode>
        </TextEquiv>
      </TextLine>
      <TextLine id="eSc_line_5d8fd1f6" custom="structure {type:default;}">
        <Coords points="735,1762 735,1782 1212,1784 1215,1762 1215,1733 735,1731 735,1762"/>
        <Baseline points="735,1762 1215,1762"/>
        <TextEquiv conf="0.9995796058488928">
          <Unicode>lectos filios nostros“.</Unicode>
        </TextEquiv>
      </TextLine>
      <TextLine id="eSc_line_cc28fb70" custom="structure {type:default;}">
        <Coords points="687,1826 687,1848 2651,1850 2653,1826 2653,1790 2551,1779 2549,1779 2430,1788 2377,1790 2346,1786 2264,1775 2262,1775 2204,1786 2174,1790 2134,1784 2081,1777 2079,1777 2076,1777 2063,1784 2048,1793 1858,1793 1844,1782 1831,1773 1829,1773 1827,1773 1694,1773 1692,1773 1690,1773 1670,1782 1646,1790 1619,1779 1601,1773 1599,1773 1544,1773 1542,1773 1539,1773 1537,1773 1528,1779 1515,1788 1493,1779 1475,1773 1473,1773 1319,1773 1316,1773 1292,1777 1230,1790 912,1779 910,1779 837,1790 687,1773 687,1826"/>
        <Baseline points="687,1826 2653,1826"/>
        <TextEquiv conf="0.9991017062039602">
          <Unicode>10790 Capitulo ecclesiae SS. Gervasii et Protasii asserit altare S. Petri de Aila, a</Unicode>
        </TextEquiv>
      </TextLine>
      <TextLine id="eSc_line_c579d78c" custom="structure {type:default;}">
        <Coords points="165,1837 165,1888 220,1888 220,1885 223,1885 238,1877 256,1868 273,1872 309,1883 311,1883 313,1883 315,1883 318,1883 344,1866 344,1832 338,1744 161,1755 165,1837"/>
        <Baseline points="165,1837 344,1832"/>
        <TextEquiv conf="0.9136602282524109">
          <Unicode>„ 8.</Unicode>
        </TextEquiv>
      </TextLine>
      <TextLine id="eSc_line_3f9a595b" custom="structure {type:default;}">
        <Coords points="461,1843 459,1883 556,1883 561,1850 563,1764 466,1757 461,1843"/>
        <Baseline points="461,1843 561,1850"/>
        <TextEquiv conf="1.0">
          <Unicode>„</Unicode>
        </TextEquiv>
      </TextLine>
      <TextLine id="eSc_line_5d3b8ebc" custom="structure {type:default;}">
        <Coords points="737,1888 737,1910 2646,1912 2651,1881 2644,1846 735,1846 737,1888"/>
        <Baseline points="737,1888 2651,1881"/>
        <TextEquiv conf="0.994499575488175">
          <Unicode>Lisiardo, olim praeposito eorum, postmodum episcopo concessum. Autogr. in bibl.</Unicode>
        </TextEquiv>
      </TextLine>
      <TextLine id="eSc_line_3ac8f01c" custom="structure {type:default;}">
        <Coords points="735,1938 735,1958 2070,1961 2072,1938 2072,1910 735,1910 735,1938"/>
        <Baseline points="735,1938 2072,1938"/>
        <TextEquiv conf="0.9989055344613932">
          <Unicode>nat. Paris. ms. lat. 9209. — „Iustis petentium desideriis“.</Unicode>
        </TextEquiv>
      </TextLine>
      <TextLine id="eSc_line_cdf8b802" custom="structure {type:default;}">
        <Coords points="687,1994 687,2016 2651,2011 2653,1989 2649,1956 684,1956 687,1994"/>
        <Baseline points="687,1994 2653,1989"/>
        <TextEquiv conf="0.999984873588695">
          <Unicode>10791 Monasterii S. Nicolai de Blancalanda tutelam suscipit, possessionesque et privi-</Unicode>
        </TextEquiv>
      </TextLine>
      <TextLine id="eSc_line_a2f82e9f" custom="structure {type:default;}">
        <Coords points="170,1998 172,2040 238,2022 265,2044 267,2044 269,2044 344,2047 346,1994 342,1923 167,1923 170,1998"/>
        <Baseline points="170,1998 346,1994"/>
        <TextEquiv conf="0.9989038109779358">
          <Unicode>„ 10.</Unicode>
        </TextEquiv>
      </TextLine>
      <TextLine id="eSc_line_05c1ed25" custom="structure {type:default;}">
        <Coords points="466,2016 466,2053 497,2067 499,2067 501,2067 561,2053 561,2016 561,1980 466,1967 466,2016"/>
        <Baseline points="466,2016 561,2016"/>
        <TextEquiv conf="0.9999274015426636">
          <Unicode>„</Unicode>
        </TextEquiv>
      </TextLine>
      <TextLine id="eSc_line_f39e42c6" custom="structure {type:default;}">
        <Coords points="735,2049 735,2075 2649,2080 2651,2049 2651,2018 735,2018 735,2049"/>
        <Baseline points="735,2049 2651,2049"/>
        <TextEquiv conf="0.9901944452457214">
          <Unicode>legia confirmat, petente Ranulfo abbate. In bibl. nat. Paris. Coll. Baluze t. 58. f. 210.</Unicode>
        </TextEquiv>
      </TextLine>
      <TextLine id="eSc_line_cb3ca4f4" custom="structure {type:default;}">
        <Coords points="737,2104 737,2124 810,2124 821,2133 821,2135 824,2135 826,2135 828,2135 1042,2124 1206,2135 1208,2135 1210,2135 1257,2122 1257,2104 1257,2075 737,2075 737,2104"/>
        <Baseline points="737,2104 1257,2104"/>
        <TextEquiv conf="0.9800845043999808">
          <Unicode>— „Quotiens illud a“.</Unicode>
        </TextEquiv>
      </TextLine>
      <TextLine id="eSc_line_10fa3e97" custom="structure {type:default;}">
        <Coords points="689,2161 689,2184 2646,2186 2651,2155 2646,2120 687,2117 689,2161"/>
        <Baseline points="689,2161 2651,2155"/>
        <TextEquiv conf="0.9928259162341847">
          <Unicode>10792 (7240) Henrico, archiepiscopo Remensi, mandat, ut excommunicationis sententiam,</Unicode>
        </TextEquiv>
      </TextLine>
      <TextLine id="eSc_line_81572c36" custom="structure {type:default;}">
        <Coords points="167,2164 167,2199 342,2208 344,2157 342,2117 273,2093 271,2093 269,2093 267,2093 165,2122 167,2164"/>
        <Baseline points="167,2164 344,2157"/>
        <TextEquiv conf="0.9996776700019836">
          <Unicode>„ 10.</Unicode>
        </TextEquiv>
      </TextLine>
      <TextLine id="eSc_line_8f3e55cc" custom="structure {type:default;}">
        <Coords points="459,2181 459,2206 554,2212 556,2177 550,2126 455,2131 459,2181"/>
        <Baseline points="459,2181 556,2177"/>
        <TextEquiv conf="1.0">
          <Unicode>„</Unicode>
        </TextEquiv>
      </TextLine>
      <TextLine id="eSc_line_9f8ccf28" custom="structure {type:default;}">
        <Coords points="733,2217 733,2239 2651,2237 2653,2208 2649,2179 1219,2173 1217,2173 1215,2173 1212,2173 1199,2184 810,2175 808,2175 731,2186 733,2217"/>
        <Baseline points="733,2217 2653,2208"/>
        <TextEquiv conf="0.9983969090915308">
          <Unicode>a (Milone), episcopo Morinensi, prolatam in M(atthaeum) filium comitis Flandrensis</Unicode>
        </TextEquiv>
      </TextLine>
      <TextLine id="eSc_line_25962f98" custom="structure {type:default;}">
        <Coords points="735,2270 735,2292 2646,2294 2651,2265 2644,2232 733,2239 735,2270"/>
        <Baseline points="735,2270 2651,2265"/>
        <TextEquiv conf="0.9977153040468693">
          <Unicode>et canonicos quosdam seculares, observari iubeat. Martene Coll. II. 680, Bouquet</Unicode>
        </TextEquiv>
      </TextLine>
      <TextLine id="eSc_line_9386fd07" custom="structure {type:default;}">
        <Coords points="740,2325 740,2354 967,2345 1115,2351 1217,2356 1219,2356 1221,2356 1235,2351 1250,2345 1314,2349 1387,2356 1389,2356 1391,2356 1414,2349 1429,2345 1444,2349 1469,2356 1471,2356 1473,2356 1475,2356 1506,2349 1533,2343 1612,2343 1619,2347 1626,2354 1628,2354 1630,2354 1632,2354 1714,2347 1763,2343 1882,2345 2216,2354 2218,2354 2306,2340 2308,2320 2304,2292 1657,2281 1654,2281 1531,2292 1517,2294 737,2294 740,2325"/>
        <Baseline points="740,2325 2308,2320"/>
        <TextEquiv conf="0.999327508230058">
          <Unicode>Rec. XV. 788, Migne 200 p. 184. — „Dum interna consideratione“.</Unicode>
        </TextEquiv>
      </TextLine>
      <TextLine id="eSc_line_4ea115ee" custom="structure {type:default;}">
        <Coords points="172,2393 172,2444 351,2442 351,2389 346,2356 280,2343 278,2343 276,2343 273,2343 251,2358 170,2358 172,2393"/>
        <Baseline points="172,2393 351,2389"/>
        <TextEquiv conf="0.9999947071075439">
          <Unicode>„ 18.</Unicode>
        </TextEquiv>
      </TextLine>
      <TextLine id="eSc_line_870f9991" custom="structure {type:default;}">
        <Coords points="687,2393 687,2420 2651,2415 2653,2387 2649,2354 684,2354 687,2393"/>
        <Baseline points="687,2393 2653,2387"/>
        <TextEquiv conf="0.9970893328448376">
          <Unicode>10793 (7241) Henrico, archiepiscopo Remensi, mandat, hortetur (Theodericum) comitem</Unicode>
        </TextEquiv>
      </TextLine>
      <TextLine id="eSc_line_3a22aa13" custom="structure {type:default;}">
        <Coords points="461,2409 461,2444 561,2457 563,2409 563,2360 461,2360 461,2409"/>
        <Baseline points="461,2409 563,2409"/>
        <TextEquiv conf="1.0">
          <Unicode>„</Unicode>
        </TextEquiv>
      </TextLine>
      <TextLine id="eSc_line_8f840766" custom="structure {type:default;}">
        <Coords points="737,2446 737,2471 2651,2466 2653,2440 2646,2409 735,2415 737,2446"/>
        <Baseline points="737,2446 2653,2440"/>
        <TextEquiv conf="0.9989118379981894">
          <Unicode>Flandrensem, ut M(atthaeum), filium suum, qui et „monialem Deo dicatam et in</Unicode>
        </TextEquiv>
      </TextLine>
      <TextLine id="eSc_line_b56ff461" custom="structure {type:default;}">
        <Coords points="735,2502 735,2524 2649,2526 2653,2495 2646,2466 733,2471 735,2502"/>
        <Baseline points="735,2502 2653,2495"/>
        <TextEquiv conf="0.9999949398428895">
          <Unicode>abbatissam benedictam illicite sibi copulavit“, et duobus abbatibus ac fratribus eorum</Unicode>
        </TextEquiv>
      </TextLine>
      <TextLine id="eSc_line_09b70427" custom="structure {type:default;}">
        <Coords points="737,2557 737,2585 2649,2585 2651,2550 2646,2524 2357,2513 2355,2513 735,2524 737,2557"/>
        <Baseline points="737,2557 2651,2550"/>
        <TextEquiv conf="0.9963295062383016">
          <Unicode>de Bolonia expulsis alios substituerit, ad eiiciendos invasores cogat. Martene Coll.</Unicode>
        </TextEquiv>
      </TextLine>
      <TextLine id="eSc_line_52da1e42" custom="structure {type:default;}">
        <Coords points="733,2610 733,2632 2527,2632 2527,2610 2527,2581 733,2581 733,2610"/>
        <Baseline points="733,2610 2527,2610"/>
        <TextEquiv conf="0.996638562116358">
          <Unicode>II. 681, Bouquet Rec. XV. 788, Migne 200 p. 184. — „Plena et manifesta“.</Unicode>
        </TextEquiv>
      </TextLine>
      <TextLine id="eSc_line_7dfecb30" custom="structure {type:default;}">
        <Coords points="687,2665 687,2694 2653,2689 2653,2665 2653,2634 687,2632 687,2665"/>
        <Baseline points="687,2665 2653,2665"/>
        <TextEquiv conf="0.9972300115155011">
          <Unicode>10794 (7242) Henrico, archiepiscopo Remensi, mandat, hortetur praepositum, decanum</Unicode>
        </TextEquiv>
      </TextLine>
      <TextLine id="eSc_line_a2d9f87d" custom="structure {type:default;}">
        <Coords points="170,2669 170,2698 247,2711 249,2711 349,2698 349,2665 344,2619 273,2608 271,2608 269,2608 267,2608 243,2623 236,2627 167,2627 170,2669"/>
        <Baseline points="170,2669 349,2665"/>
        <TextEquiv conf="0.9999994277954102">
          <Unicode>„ 20.</Unicode>
        </TextEquiv>
      </TextLine>
      <TextLine id="eSc_line_3f60a2e5" custom="structure {type:default;}">
        <Coords points="463,2683 463,2707 505,2720 508,2720 510,2720 561,2711 561,2683 558,2605 463,2612 463,2683"/>
        <Baseline points="463,2683 561,2683"/>
        <TextEquiv conf="0.9999997615814209">
          <Unicode>„</Unicode>
        </TextEquiv>
      </TextLine>
      <TextLine id="eSc_line_eeb2aea1" custom="structure {type:default;}">
        <Coords points="735,2720 735,2744 2651,2742 2653,2716 2649,2689 733,2689 735,2720"/>
        <Baseline points="735,2720 2653,2716"/>
        <TextEquiv conf="0.9942296728855227">
          <Unicode>et universum capitulum ecclesiae Caslatensis, ut W. puero pro praebenda abiudicata</Unicode>
        </TextEquiv>
      </TextLine>
      <TextLine id="eSc_line_9bcbdef6" custom="structure {type:default;}">
        <Coords points="740,2780 740,2813 916,2800 987,2813 992,2813 994,2813 1000,2813 1053,2802 1100,2813 1106,2813 1109,2813 1111,2813 1113,2813 1142,2800 1277,2811 1301,2813 1303,2813 1314,2811 1369,2800 1449,2811 1471,2813 1473,2813 1475,2813 1484,2811 1524,2800 1588,2811 1597,2811 1599,2811 1632,2811 1864,2797 2090,2797 2118,2809 2127,2811 2129,2811 2132,2813 2328,2813 2328,2811 2330,2811 2333,2811 2337,2806 2353,2797 2375,2806 2386,2811 2388,2811 2390,2811 2653,2804 2653,2775 2649,2744 1696,2733 1694,2733 1692,2733 1668,2744 788,2736 786,2736 784,2736 737,2747 740,2780"/>
        <Baseline points="740,2780 2653,2775"/>
        <TextEquiv conf="0.9949916624105893">
          <Unicode>„aliquam recompensationem“ concedant. Martene Coll. II. 682, Migne 200 p. 185.</Unicode>
        </TextEquiv>
      </TextLine>
      <TextLine id="eSc_line_57d800bb" custom="structure {type:default;}">
        <Coords points="742,2831 742,2853 885,2866 888,2866 890,2866 892,2866 912,2855 1277,2859 1279,2859 1281,2859 1283,2859 1296,2846 1299,2846 1345,2859 1347,2859 1349,2859 1352,2859 1411,2844 1411,2822 1405,2789 740,2800 742,2831"/>
        <Baseline points="742,2831 1411,2822"/>
        <TextEquiv conf="0.9819925381587102">
          <Unicode>— „Latoris praesentium W.“</Unicode>
        </TextEquiv>
      </TextLine>
      <TextLine id="eSc_line_f02b4311" custom="structure {type:default;}">
        <Coords points="172,2897 172,2928 346,2926 346,2897 344,2839 172,2857 172,2897"/>
        <Baseline points="172,2897 346,2897"/>
        <TextEquiv conf="0.9999861240386962">
          <Unicode>„ 20.</Unicode>
        </TextEquiv>
      </TextLine>
      <TextLine id="eSc_line_aa2be138" custom="structure {type:default;}">
        <Coords points="687,2897 687,2921 2644,2926 2649,2892 2644,2859 2295,2859 2293,2857 2271,2846 2269,2846 2266,2846 2211,2857 2209,2857 2207,2857 2096,2846 2094,2846 1749,2857 1659,2862 1383,2862 1372,2857 1343,2848 1341,2848 1338,2848 1336,2848 1307,2857 1296,2859 1250,2857 1129,2848 1126,2848 684,2855 687,2897"/>
        <Baseline points="687,2897 2649,2892"/>
        <TextEquiv conf="0.9952768344938019">
          <Unicode>10795 (7243) Henrico, archiepiscopo Remensi, scribit, Ludovicum, Francorum regem,</Unicode>
        </TextEquiv>
      </TextLine>
      <TextLine id="eSc_line_a593cd7b" custom="structure {type:default;}">
        <Coords points="463,2915 466,2981 510,2992 512,2992 514,2992 563,2974 561,2910 554,2875 461,2877 463,2915"/>
        <Baseline points="463,2915 561,2910"/>
        <TextEquiv conf="0.9992735981941223">
          <Unicode>„</Unicode>
        </TextEquiv>
      </TextLine>
      <TextLine id="eSc_line_75336d66" custom="structure {type:default;}">
        <Coords points="740,2956 740,2976 2642,2979 2646,2948 2640,2915 737,2923 740,2956"/>
        <Baseline points="740,2956 2646,2948"/>
        <TextEquiv conf="0.9994393795369619">
          <Unicode>„pro illo Aurelianensi episcopo instanter apud se intercessisse“; qua de re quid ei</Unicode>
        </TextEquiv>
      </TextLine>
      <TextLine id="eSc_line_015da575" custom="structure {type:default;}">
        <Coords points="740,3007 740,3029 2649,3027 2651,3003 2644,2974 737,2974 740,3007"/>
        <Baseline points="740,3007 2651,3003"/>
        <TextEquiv conf="0.9999289038669632">
          <Unicode>videatur, quaerit. Hortatur, ut post festum natalis Domini ad sese accedat. Martene</Unicode>
        </TextEquiv>
      </TextLine>
      <TextLine id="eSc_line_cceae9f7" custom="structure {type:default;}">
        <Coords points="733,3060 733,3082 1687,3093 1690,3093 1756,3080 1767,3080 1780,3080 1858,3091 1860,3091 1931,3080 1942,3080 1950,3080 2030,3091 2032,3091 2034,3091 2063,3080 2065,3080 2074,3080 2163,3091 2165,3091 2646,3078 2649,3056 2644,3027 753,3018 751,3018 748,3018 746,3018 731,3025 733,3060"/>
        <Baseline points="733,3060 2649,3056"/>
        <TextEquiv conf="0.9916517966753476">
          <Unicode>Coll. II. 682, Bouquet Rec. XV. 789, Migne 200 p. 186. — „Corporali quondam“.</Unicode>
        </TextEquiv>
      </TextLine>
      <TextLine id="eSc_line_73bc2f99" custom="structure {type:default;}">
        <Coords points="687,3115 687,3140 2649,3135 2651,3111 2646,3082 1979,3071 1977,3071 684,3082 687,3115"/>
        <Baseline points="687,3115 2651,3111"/>
        <TextEquiv conf="0.9952796605917124">
          <Unicode>10796 (7244) Ludovicum, Francorum regem, rogat, ut P. militi Hierosolymam pro-</Unicode>
        </TextEquiv>
      </TextLine>
      <TextLine id="eSc_line_9a5a3b91" custom="structure {type:default;}">
        <Coords points="170,3120 170,3142 351,3135 351,3113 349,3080 320,3058 318,3058 315,3058 273,3058 271,3058 269,3058 267,3058 267,3060 247,3080 243,3085 167,3078 170,3120"/>
        <Baseline points="170,3120 351,3113"/>
        <TextEquiv conf="1.0">
          <Unicode>„ 23.</Unicode>
        </TextEquiv>
      </TextLine>
      <TextLine id="eSc_line_67f106ac" custom="structure {type:default;}">
        <Coords points="466,3129 466,3149 479,3162 479,3164 481,3164 483,3164 486,3164 565,3146 565,3129 563,3067 466,3082 466,3129"/>
        <Baseline points="466,3129 565,3129"/>
        <TextEquiv conf="1.0">
          <Unicode>„</Unicode>
        </TextEquiv>
      </TextLine>
      <TextLine id="eSc_line_e7fd03ab" custom="structure {type:default;}">
        <Coords points="735,3168 735,3193 2649,3197 2651,3168 2651,3140 735,3140 735,3168"/>
        <Baseline points="735,3168 2651,3168"/>
        <TextEquiv conf="0.9972094434431229">
          <Unicode>fecturo possessiones, invita ipsius uxore adultera, vendendi vel oppignerandi licentiam</Unicode>
        </TextEquiv>
      </TextLine>
      <TextLine id="eSc_line_f1d2b569" custom="structure {type:default;}">
        <Coords points="737,3224 737,3246 1058,3259 1060,3259 1173,3250 1208,3248 1345,3248 1352,3250 1363,3259 1365,3259 1367,3259 1369,3259 1405,3252 1422,3248 1440,3252 1467,3259 1469,3259 1471,3259 1473,3259 1493,3252 1509,3248 2364,3259 2516,3259 2518,3259 2520,3259 2523,3259 2540,3248 2644,3259 2646,3224 2646,3193 737,3193 737,3224"/>
        <Baseline points="737,3224 2646,3224"/>
        <TextEquiv conf="0.9927188271208655">
          <Unicode>concedat. Duchesne Hist. Fr. SS. IV. 606, Bouquet Rec. XV. 789, Mansi XXI. 996,</Unicode>
        </TextEquiv>
      </TextLine>
      <TextLine id="eSc_line_a1b20ac8" custom="structure {type:default;}">
        <Coords points="737,3279 737,3301 1707,3301 1707,3279 1707,3248 737,3239 737,3279"/>
        <Baseline points="737,3279 1707,3279"/>
        <TextEquiv conf="0.9739229373633862">
          <Unicode>Migne 200 p. 186. — „HIllos tuam decet“.</Unicode>
        </TextEquiv>
      </TextLine>
      <TextLine id="eSc_line_4b564072" custom="structure {type:default;}">
        <Coords points="689,3334 689,3358 2646,3363 2651,3330 2646,3301 687,3294 689,3334"/>
        <Baseline points="689,3334 2651,3330"/>
        <TextEquiv conf="0.9896597065121294">
          <Unicode>10797 (7245) Henrico, archiepiscopo Remensi, nunciat, „burgenses illos haereticos a</Unicode>
        </TextEquiv>
      </TextLine>
      <TextLine id="eSc_line_91f1d97c" custom="structure {type:default;}">
        <Coords points="170,3336 170,3356 346,3361 349,3332 344,3290 251,3277 249,3277 247,3277 220,3290 212,3292 167,3290 170,3336"/>
        <Baseline points="170,3336 349,3332"/>
        <TextEquiv conf="0.9999998092651368">
          <Unicode>„ 23.</Unicode>
        </TextEquiv>
      </TextLine>
      <TextLine id="eSc_line_27d14385" custom="structure {type:default;}">
        <Coords points="475,3350 475,3356 508,3372 510,3372 512,3372 514,3372 552,3352 552,3345 547,3305 519,3294 517,3294 514,3294 512,3294 470,3308 475,3350"/>
        <Baseline points="475,3350 552,3345"/>
        <TextEquiv conf="1.0">
          <Unicode>„</Unicode>
        </TextEquiv>
      </TextLine>
      <TextLine id="eSc_line_f27e2f84" custom="structure {type:default;}">
        <Coords points="737,3389 737,3414 2649,3418 2651,3389 2651,3358 737,3358 737,3389"/>
        <Baseline points="737,3389 2651,3389"/>
        <TextEquiv conf="0.9999959090860878">
          <Unicode>sese dure satis receptos esse“. Martene Coll. II. 683, Bouquet Rec. XV. 790, Migne</Unicode>
        </TextEquiv>
      </TextLine>
      <TextLine id="eSc_line_3447a633" custom="structure {type:default;}">
        <Coords points="735,3438 733,3460 755,3473 757,3473 760,3473 762,3475 817,3475 817,3473 819,3473 821,3473 821,3471 832,3462 843,3473 846,3473 848,3473 850,3473 852,3473 901,3460 916,3471 919,3471 921,3471 923,3471 1102,3460 1122,3475 1124,3475 1126,3475 1129,3475 1515,3460 1517,3442 1515,3411 735,3407 735,3438"/>
        <Baseline points="735,3438 1517,3442"/>
        <TextEquiv conf="0.9938391149044037">
          <Unicode>200 p. 187. — „Burgenses illos“.</Unicode>
        </TextEquiv>
      </TextLine>
      <TextLine id="eSc_line_9b0f28c3" custom="structure {type:default;}">
        <Coords points="682,3500 682,3579 788,3577 790,3577 863,3546 969,3555 972,3555 974,3555 976,3555 1000,3542 1045,3542 1095,3568 1098,3568 1100,3568 1175,3564 1177,3564 1179,3564 1206,3546 1239,3568 1241,3568 1243,3568 1246,3568 1248,3568 1250,3568 1272,3555 1341,3555 1374,3573 1376,3573 1378,3573 1380,3573 1387,3573 1438,3562 1451,3570 1455,3575 1458,3575 1460,3575 1462,3575 1464,3575 1475,3570 1542,3546 1612,3562 1615,3562 1617,3562 1665,3539 1721,3559 1723,3559 1725,3559 1769,3555 1794,3568 1807,3575 1809,3575 1811,3575 1813,3575 1840,3566 1866,3559 1915,3566 1979,3575 1981,3575 1984,3575 2006,3566 2065,3537 2125,3564 2127,3564 2129,3564 2132,3564 2134,3564 2165,3548 2187,3557 2189,3557 2191,3557 2193,3557 2196,3557 2224,3537 2348,3537 2412,3555 2414,3555 2417,3555 2487,3542 2525,3559 2527,3559 2529,3559 2531,3559 2534,3559 2536,3559 2591,3542 2642,3557 2649,3493 2642,3453 680,3456 682,3500"/>
        <Baseline points="682,3500 2649,3493"/>
        <TextEquiv conf="0.9730701656902537">
          <Unicode>10798 Domus hospitalis Castridunensis posressiones et prisilegia confrmat, bulla lul.</Unicode>
        </TextEquiv>
      </TextLine>
      <TextLine id="eSc_line_b478bab3" custom="structure {type:default;}">
        <Coords points="455,3506 455,3575 481,3588 483,3588 486,3588 488,3588 519,3579 539,3575 563,3584 567,3506 567,3405 455,3405 455,3506"/>
        <Baseline points="455,3506 567,3506"/>
        <TextEquiv conf="0.9999982118606567">
          <Unicode>(„)</Unicode>
        </TextEquiv>
      </TextLine>
      <TextLine id="eSc_line_c3813231" custom="structure {type:default;}">
        <Coords points="174,3511 178,3579 236,3597 234,3506 227,3456 170,3467 174,3511"/>
        <Baseline points="174,3511 234,3506"/>
        <TextEquiv conf="1.0">
          <Unicode>„</Unicode>
        </TextEquiv>
      </TextLine>
      <TextLine id="eSc_line_c6d467de" custom="structure {type:default;}">
        <Coords points="2280,3559 2282,3619 2379,3615 2377,3555 2370,3524 2277,3526 2280,3559"/>
        <Baseline points="2280,3559 2377,3555"/>
        <TextEquiv conf="0.9832250475883484">
          <Unicode>21*</Unicode>
        </TextEquiv>
      </TextLine>
    </TextRegion>
    <TextRegion id="eSc_textblock_9bb11760"  custom="structure {type:default;}">
      <Coords points="938,132 1842,132 1877,159 1877,218 1842,245 927,245 901,141 938,132"/>
      <TextLine id="eSc_line_9e2f7a25" custom="structure {type:default;}">
        <Coords points="925,212 925,238 1851,238 1853,205 1851,159 1809,145 1807,145 1805,145 1802,145 1800,145 1787,159 1641,159 1542,141 1539,141 1537,141 1478,161 1422,161 1389,143 1387,143 1385,143 1109,159 974,145 972,145 969,145 923,163 925,212"/>
        <Baseline points="925,212 1853,205"/>
        <TextEquiv conf="0.985627932548523">
          <Unicode>ALEXANDER III. 1159—1181.</Unicode>
        </TextEquiv>
      </TextLine>
    </TextRegion>
    <TextRegion id="eSc_textblock_0a721193"  custom="structure {type:default;}">
      <Coords points="2554,141 2680,150 2688,218 2662,245 2531,236 2523,159 2554,141"/>
      <TextLine id="eSc_line_2f81a6d5" custom="structure {type:default;}">
        <Coords points="2651,147 2642,145 2540,156 2545,212 2545,247 2664,245 2664,207 2657,147 2651,147"/>
        <Baseline points="2545,212 2664,207"/>
        <TextEquiv conf="1.0">
          <Unicode>163</Unicode>
        </TextEquiv>
      </TextLine>
    </TextRegion>
  </Page>
</PcGts>
