<?xml version="1.0" encoding="UTF-8"  standalone="yes"?>
<PcGts xmlns="http://schema.primaresearch.org/PAGE/gts/pagecontent/2019-07-15" xmlns:xsi="http://www.w3.org/2001/XMLSchema-instance" xsi:schemaLocation="http://schema.primaresearch.org/PAGE/gts/pagecontent/2019-07-15 http://schema.primaresearch.org/PAGE/gts/pagecontent/2019-07-15/pagecontent.xsd">
  <Metadata>
	<Creator>escriptorium</Creator>
	<Created>2024-07-19T10:06:59.648547+00:00</Created>
        <LastChange>2024-08-08T08:30:57.006547+00:00</LastChange>
  </Metadata>
  <Page imageFilename="0184.png" imageWidth="3007" imageHeight="3975">
    <TextRegion id="eSc_textblock_1431d1cd"  custom="structure {type:default;}">
      <Coords points="673,300 2688,309 2688,2647 2653,3557 2461,3548 2311,3592 2167,3557 733,3557 642,3495 616,3522 397,3522 368,3186 342,3513 123,3504 97,3310 97,424 141,326 324,318 377,424 388,318 651,335 673,300"/>
      <TextLine id="eSc_line_dcb7ca65" custom="structure {type:default;}">
        <Coords points="2087,304 2065,304 2056,304 1977,313 1964,313 1959,313 1937,304 1933,304 1911,304 1900,304 1882,313 1880,313 1877,313 1844,304 1844,304 1824,304 1813,313 1811,315 1705,315 1701,313 1657,302 1646,302 1634,302 1581,313 1568,318 1405,318 1400,313 1387,304 1385,304 1383,304 1380,304 1378,304 1352,313 1347,315 1338,313 1283,302 1270,302 1263,302 1250,315 1246,318 1186,318 1184,315 1168,302 1166,302 1164,302 1162,302 1159,302 1120,315 1106,320 1058,320 1051,315 1036,302 1034,302 1031,302 1029,302 972,315 958,318 950,315 919,302 916,302 914,302 912,302 910,302 894,313 671,302 651,329 653,359 653,384 1153,395 1155,395 1157,395 1159,395 1177,384 1179,384 1206,384 1683,393 1685,393 2209,379 2209,353 2204,313 2103,304 2087,304"/>
        <Baseline points="653,359 2209,353"/>
        <TextEquiv conf="0.9919293187033962">
          <Unicode>1163. (Ind. 11, pont. a. 4. — 20. Sept. — 5, 1162. — 25. Mart. — 1163.)</Unicode>
        </TextEquiv>
      </TextLine>
      <TextLine id="eSc_line_96a98cb6" custom="structure {type:default;}">
        <Coords points="687,419 687,448 2653,448 2655,424 2653,386 687,379 687,419"/>
        <Baseline points="687,419 2655,424"/>
        <TextEquiv conf="0.99893918633461">
          <Unicode>10893 (7301) Monasterii S. Mariae Vitensis protectionem suscipit, possessionesque ac</Unicode>
        </TextEquiv>
      </TextLine>
      <TextLine id="eSc_line_01314c48" custom="structure {type:default;}">
        <Coords points="421,424 421,465 594,463 594,419 589,371 417,359 421,424"/>
        <Baseline points="421,424 594,419"/>
        <TextEquiv conf="0.99887482325236">
          <Unicode>Turoni</Unicode>
        </TextEquiv>
      </TextLine>
      <TextLine id="eSc_line_a028f9f9" custom="structure {type:default;}">
        <Coords points="128,432 128,465 196,477 198,477 289,461 331,472 333,472 335,472 338,472 340,472 340,470 342,470 346,461 346,426 340,364 262,377 123,371 128,432"/>
        <Baseline points="128,432 346,426"/>
        <TextEquiv conf="0.999953418970108">
          <Unicode>lun. 12.</Unicode>
        </TextEquiv>
      </TextLine>
      <TextLine id="eSc_line_21f02009" custom="structure {type:default;}">
        <Coords points="735,479 735,510 2653,510 2653,479 2653,448 735,446 735,479"/>
        <Baseline points="735,479 2653,479"/>
        <TextEquiv conf="0.9999141954794163">
          <Unicode>privilegia confirmat, petente Dominico abbate. Hugo O. P. A. II. Pr. p. 695, Migne</Unicode>
        </TextEquiv>
      </TextLine>
      <TextLine id="eSc_line_fccb0afe" custom="structure {type:default;}">
        <Coords points="737,532 737,552 1011,563 1014,563 1016,563 1018,563 1018,560 1029,552 1104,552 1106,552 1179,563 1182,563 1349,552 1584,560 1586,560 1588,560 1637,547 1637,527 1630,499 735,499 737,532"/>
        <Baseline points="737,532 1637,527"/>
        <TextEquiv conf="0.9999941655567715">
          <Unicode>200 p. 241. — „Quoniam sine verae“.</Unicode>
        </TextEquiv>
      </TextLine>
      <TextLine id="eSc_line_209e5ebc" custom="structure {type:default;}">
        <Coords points="687,589 687,613 2653,611 2655,583 2649,547 684,554 687,589"/>
        <Baseline points="687,589 2655,583"/>
        <TextEquiv conf="0.9976896076317293">
          <Unicode>10894 (Iohanni) episcopo, (Bernardo) praeposito, archidiaconis et universo capitulo</Unicode>
        </TextEquiv>
      </TextLine>
      <TextLine id="eSc_line_fdb7a177" custom="structure {type:default;}">
        <Coords points="167,602 167,631 313,633 315,633 318,633 349,620 349,596 344,549 165,547 167,602"/>
        <Baseline points="167,602 349,596"/>
        <TextEquiv conf="0.9039652109146118">
          <Unicode>„ 13.</Unicode>
        </TextEquiv>
      </TextLine>
      <TextLine id="eSc_line_d70d11d2" custom="structure {type:default;}">
        <Coords points="466,613 466,622 505,638 508,638 510,638 512,638 558,618 558,609 554,565 461,552 466,613"/>
        <Baseline points="466,613 558,609"/>
        <TextEquiv conf="1.0">
          <Unicode>„</Unicode>
        </TextEquiv>
      </TextLine>
      <TextLine id="eSc_line_9e52d103" custom="structure {type:default;}">
        <Coords points="740,644 740,669 2651,673 2655,640 2651,611 737,609 740,644"/>
        <Baseline points="740,644 2655,640"/>
        <TextEquiv conf="0.996322107005429">
          <Unicode>Magalonensi significat, se „verbum quoddam ambiguum in concordia quadam inter</Unicode>
        </TextEquiv>
      </TextLine>
      <TextLine id="eSc_line_72d4b9f0" custom="structure {type:default;}">
        <Coords points="735,697 735,722 2653,722 2653,697 2653,669 735,664 735,697"/>
        <Baseline points="735,697 2653,697"/>
        <TextEquiv conf="0.9999705920984716">
          <Unicode>Iohannem et Bernardum facta positum“ ita interpretari velle, ut in ecclesia Maga-</Unicode>
        </TextEquiv>
      </TextLine>
      <TextLine id="eSc_line_e09c5993" custom="structure {type:default;}">
        <Coords points="735,753 735,777 2651,775 2653,748 2646,715 733,715 735,753"/>
        <Baseline points="735,753 2653,748"/>
        <TextEquiv conf="0.9997127076675152">
          <Unicode>lonensi dispensatores a praeposito cum consilio capituli instituantur et instituti nisi</Unicode>
        </TextEquiv>
      </TextLine>
      <TextLine id="eSc_line_5df7939f" custom="structure {type:default;}">
        <Coords points="735,810 735,834 2649,839 2653,803 2649,775 1436,766 1433,766 1363,777 888,768 885,768 733,779 735,810"/>
        <Baseline points="735,810 2653,803"/>
        <TextEquiv conf="0.9941941970660363">
          <Unicode>praeposito nulli in rebus administrandis obediant. Mém. de la soc. de Montpellier</Unicode>
        </TextEquiv>
      </TextLine>
      <TextLine id="eSc_line_2714c82b" custom="structure {type:default;}">
        <Coords points="740,863 740,881 1067,892 1069,892 1155,881 1394,889 1396,889 1398,889 1442,876 1442,859 1436,830 737,832 740,863"/>
        <Baseline points="740,863 1442,859"/>
        <TextEquiv conf="0.999820521899632">
          <Unicode>V. 521. — „Dum vos, frater“.</Unicode>
        </TextEquiv>
      </TextLine>
      <TextLine id="eSc_line_416cf523" custom="structure {type:default;}">
        <Coords points="689,916 687,945 2646,949 2651,920 2649,885 689,876 689,916"/>
        <Baseline points="689,916 2651,920"/>
        <TextEquiv conf="0.9986575804179227">
          <Unicode>10895 (7302) Congregationem Placentinam, a Sigefrido quondam episcopo conditam,</Unicode>
        </TextEquiv>
      </TextLine>
      <TextLine id="eSc_line_2c2e9d79" custom="structure {type:default;}">
        <Coords points="165,929 165,949 344,954 346,925 340,867 234,881 163,872 165,929"/>
        <Baseline points="165,929 346,925"/>
        <TextEquiv conf="0.9999999761581421">
          <Unicode>„ 15.</Unicode>
        </TextEquiv>
      </TextLine>
      <TextLine id="eSc_line_215cdcd6" custom="structure {type:default;}">
        <Coords points="466,938 466,965 561,967 563,938 561,881 466,887 466,938"/>
        <Baseline points="466,938 563,938"/>
        <TextEquiv conf="1.0">
          <Unicode>„</Unicode>
        </TextEquiv>
      </TextLine>
      <TextLine id="eSc_line_57ea135b" custom="structure {type:default;}">
        <Coords points="735,976 735,998 2653,995 2653,976 2653,945 735,940 735,976"/>
        <Baseline points="735,976 2653,976"/>
        <TextEquiv conf="0.9999562971293926">
          <Unicode>iusque eligendi archipresbyteri fratribus datum, confirmat. Campi Hist. di Piac.</Unicode>
        </TextEquiv>
      </TextLine>
      <TextLine id="eSc_line_eb305186" custom="structure {type:default;}">
        <Coords points="733,1029 733,1048 1961,1044 1964,1024 1957,993 731,995 733,1029"/>
        <Baseline points="733,1029 1964,1024"/>
        <TextEquiv conf="0.9994566802885018">
          <Unicode>II. 359, Migne 200 p. 243. — „Fidei et devotionis“.</Unicode>
        </TextEquiv>
      </TextLine>
      <TextLine id="eSc_line_66df9c57" custom="structure {type:default;}">
        <Coords points="687,1084 687,1110 2651,1104 2653,1079 2649,1044 760,1037 757,1037 684,1048 687,1084"/>
        <Baseline points="687,1084 2653,1079"/>
        <TextEquiv conf="0.9988962849938726">
          <Unicode>10896 (7303) (Pontio) archiepiscopo Narbonensi, (Artaldo) Elenensi et (Pontio) Car-</Unicode>
        </TextEquiv>
      </TextLine>
      <TextLine id="eSc_line_436b6c9b" custom="structure {type:default;}">
        <Coords points="165,1135 196,1135 196,1132 198,1132 201,1132 201,1130 203,1130 218,1115 256,1124 291,1132 293,1132 296,1132 346,1115 346,1093 346,1048 231,1033 229,1033 227,1033 218,1037 198,1046 167,1033 165,1093 165,1135"/>
        <Baseline points="165,1093 346,1093"/>
        <TextEquiv conf="0.9999642014503479">
          <Unicode>„ 17.</Unicode>
        </TextEquiv>
      </TextLine>
      <TextLine id="eSc_line_0d2a06e5" custom="structure {type:default;}">
        <Coords points="455,1099 452,1113 550,1130 554,1104 554,1035 508,1029 505,1029 503,1029 455,1044 455,1099"/>
        <Baseline points="455,1099 554,1104"/>
        <TextEquiv conf="1.0">
          <Unicode>„</Unicode>
        </TextEquiv>
      </TextLine>
      <TextLine id="eSc_line_57cf7509" custom="structure {type:default;}">
        <Coords points="735,1137 735,1163 2653,1161 2653,1137 2653,1108 735,1108 735,1137"/>
        <Baseline points="735,1137 2653,1137"/>
        <TextEquiv conf="0.9951820905719485">
          <Unicode>cassonensi episcopis praecipit, ne monasterium Crassense iniuriis afficiant. Martene</Unicode>
        </TextEquiv>
      </TextLine>
      <TextLine id="eSc_line_327d910e" custom="structure {type:default;}">
        <Coords points="740,1192 740,1219 2653,1219 2653,1192 2651,1157 740,1157 740,1192"/>
        <Baseline points="740,1192 2653,1192"/>
        <TextEquiv conf="0.9989249790326143">
          <Unicode>Thes. I. 463, Bouges Hist. de Carcass. p. 541, Bouquet Rec. XV. 799, Migne 200</Unicode>
        </TextEquiv>
      </TextLine>
      <TextLine id="eSc_line_63d34473" custom="structure {type:default;}">
        <Coords points="733,1252 733,1269 1210,1276 1212,1276 1215,1276 1217,1276 1235,1265 1237,1265 1299,1276 1301,1276 1303,1276 1347,1263 1347,1247 1343,1216 1038,1205 1036,1205 1034,1205 1031,1205 1031,1207 1020,1216 1020,1219 731,1219 733,1252"/>
        <Baseline points="733,1252 1347,1247"/>
        <TextEquiv conf="0.999629907310009">
          <Unicode>p. 244. — „Relatum est“.</Unicode>
        </TextEquiv>
      </TextLine>
      <TextLine id="eSc_line_f3dcaaa1" custom="structure {type:default;}">
        <Coords points="682,1305 682,1331 2649,1331 2651,1298 2644,1263 680,1267 682,1305"/>
        <Baseline points="682,1305 2651,1298"/>
        <TextEquiv conf="0.9918436798556097">
          <Unicode>10897 Bertranni, magistri militiae templi Hierosolymitani, eiusque fratrum protectionem</Unicode>
        </TextEquiv>
      </TextLine>
      <TextLine id="eSc_line_6a982059" custom="structure {type:default;}">
        <Coords points="163,1318 163,1340 181,1349 183,1349 185,1349 187,1349 234,1336 256,1331 273,1333 326,1344 329,1344 331,1344 333,1344 344,1333 344,1311 340,1274 267,1260 265,1260 262,1260 260,1260 236,1276 234,1278 161,1278 163,1318"/>
        <Baseline points="163,1318 344,1311"/>
        <TextEquiv conf="0.9999441266059875">
          <Unicode>„ 18.</Unicode>
        </TextEquiv>
      </TextLine>
      <TextLine id="eSc_line_58226597" custom="structure {type:default;}">
        <Coords points="470,1320 468,1342 545,1329 547,1325 545,1274 472,1274 470,1320"/>
        <Baseline points="470,1320 547,1325"/>
        <TextEquiv conf="0.9999873638153076">
          <Unicode>„</Unicode>
        </TextEquiv>
      </TextLine>
      <TextLine id="eSc_line_8c3d2e30" custom="structure {type:default;}">
        <Coords points="733,1355 731,1378 2646,1382 2651,1360 2649,1329 733,1325 733,1355"/>
        <Baseline points="733,1355 2651,1360"/>
        <TextEquiv conf="0.9880261074055682">
          <Unicode>suscipit, possessiones confirmat, privilegia instituit. Autogr. in tab. nat. Paris. L. 230.</Unicode>
        </TextEquiv>
      </TextLine>
      <TextLine id="eSc_line_b3f425f0" custom="structure {type:default;}">
        <Coords points="733,1415 733,1433 1551,1442 1553,1415 1553,1384 733,1384 733,1415"/>
        <Baseline points="733,1415 1553,1415"/>
        <TextEquiv conf="0.9954231739044189">
          <Unicode>n. 22. — „Omne datum optimum“.</Unicode>
        </TextEquiv>
      </TextLine>
      <TextLine id="eSc_line_5d6b9493" custom="structure {type:default;}">
        <Coords points="684,1470 684,1503 2651,1503 2653,1470 2651,1435 684,1435 684,1470"/>
        <Baseline points="684,1470 2653,1470"/>
        <TextEquiv conf="0.9945803731679916">
          <Unicode>10898 (7304) Monasterii SS. Facundi et Primitivi Sahagunensis protectionem suscipit,</Unicode>
        </TextEquiv>
      </TextLine>
      <TextLine id="eSc_line_a19fe447" custom="structure {type:default;}">
        <Coords points="163,1481 163,1501 395,1510 397,1510 636,1495 638,1472 634,1424 161,1424 163,1481"/>
        <Baseline points="163,1481 638,1472"/>
        <TextEquiv conf="0.9826337519813987">
          <Unicode>„ 19.  ap. Corma-</Unicode>
        </TextEquiv>
      </TextLine>
      <TextLine id="eSc_line_51fe5ef6" custom="structure {type:default;}">
        <Coords points="735,1528 735,1554 2651,1554 2653,1521 2646,1490 733,1495 735,1528"/>
        <Baseline points="735,1528 2653,1521"/>
        <TextEquiv conf="0.9934346546609718">
          <Unicode>possessionesque ac privilegia confirmat, petente Dominico abbate. Escalona Hist. de</Unicode>
        </TextEquiv>
      </TextLine>
      <TextLine id="eSc_line_86c04c8e" custom="structure {type:default;}">
        <Coords points="437,1532 437,1550 574,1548 574,1528 567,1490 435,1497 437,1532"/>
        <Baseline points="437,1532 574,1528"/>
        <TextEquiv conf="1.0">
          <Unicode>rium</Unicode>
        </TextEquiv>
      </TextLine>
      <TextLine id="eSc_line_7e8859ad" custom="structure {type:default;}">
        <Coords points="733,1578 733,1603 1707,1598 1707,1578 1705,1545 733,1548 733,1578"/>
        <Baseline points="733,1578 1707,1578"/>
        <TextEquiv conf="0.9989853409620432">
          <Unicode>Sahagun p. 543. — „Ad hoc universalis“.</Unicode>
        </TextEquiv>
      </TextLine>
      <TextLine id="eSc_line_b51d5922" custom="structure {type:default;}">
        <Coords points="682,1636 682,1658 2646,1662 2649,1631 2642,1598 680,1601 682,1636"/>
        <Baseline points="682,1636 2649,1631"/>
        <TextEquiv conf="0.9955634932692458">
          <Unicode>10899 (7305) Henricum, archiepiscopum Remensem, monet, ne latorem huius epistolae,</Unicode>
        </TextEquiv>
      </TextLine>
      <TextLine id="eSc_line_2d23f548" custom="structure {type:default;}">
        <Coords points="165,1647 165,1676 245,1662 304,1678 313,1678 315,1678 318,1678 320,1678 320,1676 335,1660 373,1676 380,1678 382,1678 384,1678 399,1676 466,1662 642,1671 645,1634 634,1578 616,1592 163,1594 165,1647"/>
        <Baseline points="165,1647 645,1634"/>
        <TextEquiv conf="0.9936918546171749">
          <Unicode>„ 24. ap. Dolense</Unicode>
        </TextEquiv>
      </TextLine>
      <TextLine id="eSc_line_46153026" custom="structure {type:default;}">
        <Coords points="731,1693 731,1713 2651,1704 2653,1684 2649,1656 1210,1649 1208,1649 815,1660 762,1651 760,1651 757,1651 729,1662 731,1693"/>
        <Baseline points="731,1693 2653,1684"/>
        <TextEquiv conf="0.9998272315758031">
          <Unicode>ab O(ddone) S. Nicolai in carcere Tulliano diacono cardinali absolutum, iterum ex-</Unicode>
        </TextEquiv>
      </TextLine>
      <TextLine id="eSc_line_ea2d5ab4" custom="structure {type:default;}">
        <Coords points="645,1665 567,1651 565,1651 517,1658 481,1665 457,1656 441,1651 439,1651 437,1651 435,1651 424,1656 399,1665 355,1654 355,1696 357,1808 415,1808 415,1806 417,1806 419,1806 428,1799 508,1737 585,1737 647,1773 649,1691 645,1665"/>
        <Baseline points="355,1696 649,1691"/>
        <TextEquiv conf="0.9194464087486267">
          <Unicode>werestenum</Unicode>
        </TextEquiv>
      </TextLine>
      <TextLine id="eSc_line_2c57df2f" custom="structure {type:default;}">
        <Coords points="733,1746 733,1768 1687,1777 1690,1777 1692,1777 1694,1777 1714,1766 2112,1775 2114,1775 2578,1773 2646,1760 2649,1737 2642,1709 731,1715 733,1746"/>
        <Baseline points="733,1746 2649,1737"/>
        <TextEquiv conf="0.9876440363594249">
          <Unicode>communicet. Martene Coll. II. 667, Migne 200 p. 244. — „Cum praesentium lator“.</Unicode>
        </TextEquiv>
      </TextLine>
      <TextLine id="eSc_line_51bc497a" custom="structure {type:default;}">
        <Coords points="687,1797 687,1828 2649,1828 2651,1802 2649,1768 687,1764 687,1797"/>
        <Baseline points="687,1797 2651,1802"/>
        <TextEquiv conf="0.9985183296578654">
          <Unicode>10900 (7306) Monasterii Guixalensis protectionem suscipit, possessionesque ac privilegia,</Unicode>
        </TextEquiv>
      </TextLine>
      <TextLine id="eSc_line_5e436df4" custom="structure {type:default;}">
        <Coords points="163,1835 256,1826 278,1830 324,1839 326,1839 329,1839 331,1839 344,1828 344,1806 340,1766 245,1751 243,1751 240,1751 238,1751 238,1753 231,1760 223,1771 187,1771 163,1755 163,1810 163,1835"/>
        <Baseline points="163,1810 344,1806"/>
        <TextEquiv conf="0.9991344213485718">
          <Unicode>„ 25.</Unicode>
        </TextEquiv>
      </TextLine>
      <TextLine id="eSc_line_d30358a4" custom="structure {type:default;}">
        <Coords points="468,1824 470,1888 552,1866 552,1824 550,1782 468,1782 468,1824"/>
        <Baseline points="468,1824 552,1824"/>
        <TextEquiv conf="1.0">
          <Unicode>„</Unicode>
        </TextEquiv>
      </TextLine>
      <TextLine id="eSc_line_a2b314db" custom="structure {type:default;}">
        <Coords points="737,1857 737,1883 2651,1877 2653,1852 2649,1821 804,1815 802,1815 735,1826 737,1857"/>
        <Baseline points="737,1857 2653,1852"/>
        <TextEquiv conf="0.9980026910334457">
          <Unicode>petente Berengario abbate, confirmat. Marca Marca Hisp. p. 1336, De la Canal Esp.</Unicode>
        </TextEquiv>
      </TextLine>
      <TextLine id="eSc_line_57f8e3c8" custom="structure {type:default;}">
        <Coords points="737,1908 735,1932 1263,1943 1265,1943 1345,1932 1360,1932 1365,1932 1391,1943 1394,1943 1396,1943 1557,1932 1588,1932 1599,1932 1657,1943 1659,1943 1661,1943 1687,1932 1692,1932 1699,1932 1758,1945 1760,1945 1833,1934 1917,1945 1919,1945 2651,1932 2653,1912 2649,1872 737,1874 737,1908"/>
        <Baseline points="737,1908 2653,1912"/>
        <TextEquiv conf="0.9961169981337213">
          <Unicode>sagr. XLV. 338, Aguirre Conc. V. 81, Vepes Coronica general III. app. p. 27“,</Unicode>
        </TextEquiv>
      </TextLine>
      <TextLine id="eSc_line_12f5923b" custom="structure {type:default;}">
        <Coords points="735,1965 735,1987 1908,1983 1911,1961 1906,1930 733,1927 735,1965"/>
        <Baseline points="735,1965 1911,1961"/>
        <TextEquiv conf="0.9999983310699463">
          <Unicode>Migne 200 p. 245 — „Piae postulatio voluntatis“.</Unicode>
        </TextEquiv>
      </TextLine>
      <TextLine id="eSc_line_2bf6e733" custom="structure {type:default;}">
        <Coords points="687,2020 687,2047 2651,2047 2653,2016 2649,1985 684,1985 687,2020"/>
        <Baseline points="687,2020 2653,2016"/>
        <TextEquiv conf="0.9999712117110626">
          <Unicode>10901 (7307) Henricum, archiepiscopum Remensem, hortatur, ut O. monachum, qui e</Unicode>
        </TextEquiv>
      </TextLine>
      <TextLine id="eSc_line_88a07b64" custom="structure {type:default;}">
        <Coords points="128,2027 128,2100 181,2100 181,2097 183,2097 185,2097 207,2080 247,2051 291,2062 302,2064 304,2064 307,2064 309,2064 344,2049 344,2027 340,1958 267,1978 128,1967 128,2027"/>
        <Baseline points="128,2027 344,2027"/>
        <TextEquiv conf="0.8951910223279681">
          <Unicode>Lal. 8.</Unicode>
        </TextEquiv>
      </TextLine>
      <TextLine id="eSc_line_0776e265" custom="structure {type:default;}">
        <Coords points="470,2042 470,2062 552,2053 552,2042 547,1961 512,1972 470,1965 470,2042"/>
        <Baseline points="470,2042 552,2042"/>
        <TextEquiv conf="0.9999899864196777">
          <Unicode>„</Unicode>
        </TextEquiv>
      </TextLine>
      <TextLine id="eSc_line_84889565" custom="structure {type:default;}">
        <Coords points="735,2075 735,2100 2646,2106 2651,2071 2644,2042 733,2044 735,2075"/>
        <Baseline points="735,2075 2651,2071"/>
        <TextEquiv conf="0.9990109121188139">
          <Unicode>monasterio discesserit, in monachorum numerum recipiat. Martene Coll. II. 668,</Unicode>
        </TextEquiv>
      </TextLine>
      <TextLine id="eSc_line_5e962ddb" custom="structure {type:default;}">
        <Coords points="735,2133 735,2150 793,2164 795,2164 870,2150 877,2150 879,2150 910,2161 912,2161 914,2161 989,2150 994,2150 996,2150 1031,2164 1034,2164 1036,2164 1038,2164 1067,2150 1113,2161 1115,2161 1117,2161 1215,2148 1228,2148 1235,2148 1272,2161 1274,2161 1277,2164 1659,2164 1659,2161 1725,2146 1727,2128 1723,2100 1319,2089 1316,2089 1228,2100 1219,2102 733,2102 735,2133"/>
        <Baseline points="735,2133 1727,2128"/>
        <TextEquiv conf="0.9871380016207695">
          <Unicode>Migne 200 p. 247. — „Operibus pietatis“.</Unicode>
        </TextEquiv>
      </TextLine>
      <TextLine id="eSc_line_9d7ddd16" custom="structure {type:default;}">
        <Coords points="687,2188 687,2226 821,2210 2651,2212 2655,2179 2651,2148 702,2144 700,2144 698,2144 695,2144 684,2150 687,2188"/>
        <Baseline points="687,2188 2655,2179"/>
        <TextEquiv conf="0.9949581405011619">
          <Unicode>10902 Monasterii S. Lacuti de Insula-maris possessiones confirmat, petente Henrico</Unicode>
        </TextEquiv>
      </TextLine>
      <TextLine id="eSc_line_29445e1f" custom="structure {type:default;}">
        <Coords points="457,2192 452,2270 508,2292 510,2292 512,2292 561,2287 567,2197 565,2133 457,2133 457,2192"/>
        <Baseline points="457,2192 567,2197"/>
        <TextEquiv conf="0.999973734219869">
          <Unicode>(„)</Unicode>
        </TextEquiv>
      </TextLine>
      <TextLine id="eSc_line_2bd10237" custom="structure {type:default;}">
        <Coords points="163,2199 163,2226 201,2228 203,2228 205,2228 207,2228 207,2226 209,2226 220,2212 342,2219 344,2190 340,2137 159,2133 163,2199"/>
        <Baseline points="163,2199 344,2190"/>
        <TextEquiv conf="0.9992894232273102">
          <Unicode>„ 6.</Unicode>
        </TextEquiv>
      </TextLine>
      <TextLine id="eSc_line_cf54350f" custom="structure {type:default;}">
        <Coords points="735,2241 735,2267 2649,2267 2651,2234 2644,2206 733,2210 735,2241"/>
        <Baseline points="735,2241 2651,2234"/>
        <TextEquiv conf="0.9952942985522596">
          <Unicode>abbate. Ex ms. lat. 17092. f. 180 et ms. fr. 22325. f. 646 in bibl. nat. Paris.</Unicode>
        </TextEquiv>
      </TextLine>
      <TextLine id="eSc_line_3e0c2428" custom="structure {type:default;}">
        <Coords points="740,2294 740,2329 2653,2320 2653,2294 2653,2261 740,2259 740,2294"/>
        <Baseline points="740,2294 2653,2294"/>
        <TextEquiv conf="0.9850802308396448">
          <Unicode>Misit Delisle. (Cf. supra 10874. Eademne est?) — „Monasterium“ (an corr. „Desi-</Unicode>
        </TextEquiv>
      </TextLine>
      <TextLine id="eSc_line_a34b64a3" custom="structure {type:default;}">
        <Coords points="733,2351 733,2371 987,2376 989,2351 989,2318 733,2318 733,2351"/>
        <Baseline points="733,2351 989,2351"/>
        <TextEquiv conf="0.9999742670492693">
          <Unicode>derium“ ?).</Unicode>
        </TextEquiv>
      </TextLine>
      <TextLine id="eSc_line_4ecc1911" custom="structure {type:default;}">
        <Coords points="687,2404 687,2433 2644,2435 2649,2400 2644,2367 684,2367 687,2404"/>
        <Baseline points="687,2404 2649,2400"/>
        <TextEquiv conf="0.9998372756404641">
          <Unicode>10903 (7308) Henrico, archiepiscopo Remensi, de quibusdam civibus Atrebatensibus,</Unicode>
        </TextEquiv>
      </TextLine>
      <TextLine id="eSc_line_26c56ae5" custom="structure {type:default;}">
        <Coords points="161,2418 161,2442 342,2446 344,2413 340,2367 256,2360 254,2360 159,2376 161,2418"/>
        <Baseline points="161,2418 344,2413"/>
        <TextEquiv conf="0.9999292194843292">
          <Unicode>„ 7.</Unicode>
        </TextEquiv>
      </TextLine>
      <TextLine id="eSc_line_cefca74c" custom="structure {type:default;}">
        <Coords points="455,2420 452,2451 488,2475 490,2475 492,2475 494,2475 556,2468 561,2426 561,2360 457,2360 455,2420"/>
        <Baseline points="455,2420 561,2426"/>
        <TextEquiv conf="1.0">
          <Unicode>„</Unicode>
        </TextEquiv>
      </TextLine>
      <TextLine id="eSc_line_c5508c83" custom="structure {type:default;}">
        <Coords points="737,2464 737,2488 2649,2486 2651,2455 2644,2426 735,2433 737,2464"/>
        <Baseline points="737,2464 2651,2455"/>
        <TextEquiv conf="0.9998707281691688">
          <Unicode>„qui multo tempore curiam secuti iustitiam super diffamatione sua instantius obtule-</Unicode>
        </TextEquiv>
      </TextLine>
      <TextLine id="eSc_line_6786bd3a" custom="structure {type:default;}">
        <Coords points="735,2517 735,2539 2649,2535 2651,2510 2644,2482 733,2486 735,2517"/>
        <Baseline points="735,2517 2651,2510"/>
        <TextEquiv conf="0.999817652156554">
          <Unicode>rint“, mandat, „ut factum ipsum plenius inquirat et sibi studeat intimare“. Martene</Unicode>
        </TextEquiv>
      </TextLine>
      <TextLine id="eSc_line_77fd0347" custom="structure {type:default;}">
        <Coords points="733,2570 733,2599 2649,2599 2651,2566 2646,2539 1692,2528 1690,2528 1632,2539 755,2530 753,2530 751,2530 731,2539 733,2570"/>
        <Baseline points="733,2570 2651,2566"/>
        <TextEquiv conf="0.9958278309357794">
          <Unicode>Coll. II. 668, Bouquet Rec. XV. 799, Migne 200 p. 247. — „Fervorem tuae sin-</Unicode>
        </TextEquiv>
      </TextLine>
      <TextLine id="eSc_line_67ee902d" custom="structure {type:default;}">
        <Coords points="733,2621 731,2647 954,2654 956,2654 1009,2641 1011,2625 1009,2594 733,2590 733,2621"/>
        <Baseline points="733,2621 1011,2625"/>
        <TextEquiv conf="1.0">
          <Unicode>cerissimae“.</Unicode>
        </TextEquiv>
      </TextLine>
      <TextLine id="eSc_line_4b78d86d" custom="structure {type:default;}">
        <Coords points="687,2680 687,2709 2651,2703 2653,2676 2646,2634 684,2645 687,2680"/>
        <Baseline points="687,2680 2653,2676"/>
        <TextEquiv conf="0.9964146686763298">
          <Unicode>10904 (7309) Ludovico, Francorum regi, monachos S. Maximini, „quos vitae turpioris</Unicode>
        </TextEquiv>
      </TextLine>
      <TextLine id="eSc_line_72e734aa" custom="structure {type:default;}">
        <Coords points="167,2725 346,2709 346,2685 335,2630 318,2641 293,2630 285,2627 282,2627 280,2627 278,2627 269,2630 209,2652 165,2632 167,2691 167,2725"/>
        <Baseline points="167,2691 346,2685"/>
        <TextEquiv conf="0.999994945526123">
          <Unicode>„ 11.</Unicode>
        </TextEquiv>
      </TextLine>
      <TextLine id="eSc_line_d2f1dc1c" custom="structure {type:default;}">
        <Coords points="459,2700 459,2758 565,2758 565,2700 565,2647 459,2638 459,2700"/>
        <Baseline points="459,2700 565,2700"/>
        <TextEquiv conf="0.9101324677467346">
          <Unicode>„</Unicode>
        </TextEquiv>
      </TextLine>
      <TextLine id="eSc_line_047a08c2" custom="structure {type:default;}">
        <Coords points="733,2736 733,2762 2649,2762 2651,2731 2644,2703 731,2703 733,2736"/>
        <Baseline points="733,2736 2651,2731"/>
        <TextEquiv conf="0.9938222045122191">
          <Unicode>conversatio et sui abbatis interemptio diffamassent“, per monasteria divisos, aliosque</Unicode>
        </TextEquiv>
      </TextLine>
      <TextLine id="eSc_line_f8527a84" custom="structure {type:default;}">
        <Coords points="737,2791 737,2815 2649,2813 2649,2791 2649,2756 737,2753 737,2791"/>
        <Baseline points="737,2791 2649,2791"/>
        <TextEquiv conf="0.998271830474274">
          <Unicode>in eorum locum substitutos nunciat; quos tutelae eius commendat. Duchesne Hist.</Unicode>
        </TextEquiv>
      </TextLine>
      <TextLine id="eSc_line_ec7aec00" custom="structure {type:default;}">
        <Coords points="735,2848 735,2873 2642,2870 2644,2842 2638,2811 733,2815 735,2848"/>
        <Baseline points="735,2848 2644,2842"/>
        <TextEquiv conf="0.9956428917249044">
          <Unicode>Fr. SS. IV. 628, Bouquet Rec. XV. 800, Mansi XXI. 1026, Migne 200 p. 248. —</Unicode>
        </TextEquiv>
      </TextLine>
      <TextLine id="eSc_line_811a8f2b" custom="structure {type:default;}">
        <Coords points="735,2903 735,2926 1438,2919 1440,2899 1436,2868 733,2868 735,2903"/>
        <Baseline points="735,2903 1440,2899"/>
        <TextEquiv conf="0.9961325237827916">
          <Unicode>„Apostolicae amministrationis“.</Unicode>
        </TextEquiv>
      </TextLine>
      <TextLine id="eSc_line_dc7b0aae" custom="structure {type:default;}">
        <Coords points="689,2954 689,2983 2649,2974 2651,2950 2644,2915 687,2921 689,2954"/>
        <Baseline points="689,2954 2651,2950"/>
        <TextEquiv conf="0.9999997947789445">
          <Unicode>10905 Iohanni, archiepiscopo Toletano, primatum super Bracarensem et Compostel-</Unicode>
        </TextEquiv>
      </TextLine>
      <TextLine id="eSc_line_58427ed4" custom="structure {type:default;}">
        <Coords points="170,2965 170,2992 183,2998 185,2998 187,2998 190,2998 192,2998 201,2990 216,2979 243,2979 269,2992 278,2996 280,2996 282,2996 346,2992 346,2956 340,2917 167,2923 170,2965"/>
        <Baseline points="170,2965 346,2956"/>
        <TextEquiv conf="0.9923447012901306">
          <Unicode>„ 11.</Unicode>
        </TextEquiv>
      </TextLine>
      <TextLine id="eSc_line_39f4ab8a" custom="structure {type:default;}">
        <Coords points="463,2974 463,2994 563,2985 563,2968 556,2912 459,2915 463,2974"/>
        <Baseline points="463,2974 563,2968"/>
        <TextEquiv conf="0.9999874830245972">
          <Unicode>„</Unicode>
        </TextEquiv>
      </TextLine>
      <TextLine id="eSc_line_5a6cdcb5" custom="structure {type:default;}">
        <Coords points="735,3009 735,3036 2651,3036 2651,3009 2649,2976 735,2976 735,3009"/>
        <Baseline points="735,3009 2651,3009"/>
        <TextEquiv conf="0.9992917334332185">
          <Unicode>lanensem provincias asserit, revocans exemptionis privilegium ab Anastasio IV. eccle-</Unicode>
        </TextEquiv>
      </TextLine>
      <TextLine id="eSc_line_87657e96" custom="structure {type:default;}">
        <Coords points="737,3065 737,3091 2653,3091 2653,3060 2649,3034 1701,3023 1699,3023 735,3034 737,3065"/>
        <Baseline points="737,3065 2653,3060"/>
        <TextEquiv conf="0.9945374681399419">
          <Unicode>siae Compostellanensi concessum. Pflugk-Harttung Iter p. 265. — „Cum pro cele-</Unicode>
        </TextEquiv>
      </TextLine>
      <TextLine id="eSc_line_22d69f62" custom="structure {type:default;}">
        <Coords points="733,3120 733,3133 799,3149 802,3149 972,3133 972,3120 972,3089 733,3089 733,3120"/>
        <Baseline points="733,3120 972,3120"/>
        <TextEquiv conf="1.0">
          <Unicode>bratione“.</Unicode>
        </TextEquiv>
      </TextLine>
      <TextLine id="eSc_line_699915a7" custom="structure {type:default;}">
        <Coords points="689,3173 689,3199 2646,3202 2649,3173 2649,3140 689,3135 689,3173"/>
        <Baseline points="689,3173 2649,3173"/>
        <TextEquiv conf="0.999366713006322">
          <Unicode>10906 (7310) Ludovico, Francorum regi, per P. capellanum et H. eleemosynarium suum</Unicode>
        </TextEquiv>
      </TextLine>
      <TextLine id="eSc_line_c96bdfd6" custom="structure {type:default;}">
        <Coords points="167,3182 167,3213 227,3204 249,3215 258,3217 260,3217 262,3217 351,3210 351,3175 344,3102 165,3122 167,3182"/>
        <Baseline points="167,3182 351,3175"/>
        <TextEquiv conf="0.990686297416687">
          <Unicode>„ 15.</Unicode>
        </TextEquiv>
      </TextLine>
      <TextLine id="eSc_line_bc4a8cbd" custom="structure {type:default;}">
        <Coords points="459,3191 461,3268 512,3263 558,3274 561,3186 556,3140 455,3118 459,3191"/>
        <Baseline points="459,3191 561,3186"/>
        <TextEquiv conf="1.0">
          <Unicode>„</Unicode>
        </TextEquiv>
      </TextLine>
      <TextLine id="eSc_line_5e6627a7" custom="structure {type:default;}">
        <Coords points="735,3230 735,3255 2646,3252 2649,3226 2644,3197 1745,3186 1743,3186 1668,3197 1661,3199 733,3199 735,3230"/>
        <Baseline points="735,3230 2649,3226"/>
        <TextEquiv conf="0.9968386798403984">
          <Unicode>mittit „litteras a nunciis (Manuelis) Constantinopolitani imperatoris, qui ad S. Aegi-</Unicode>
        </TextEquiv>
      </TextLine>
      <TextLine id="eSc_line_4d006cbc" custom="structure {type:default;}">
        <Coords points="737,3286 737,3308 2644,3305 2646,3281 2640,3250 735,3255 737,3286"/>
        <Baseline points="737,3286 2646,3281"/>
        <TextEquiv conf="0.9942425025833977">
          <Unicode>dium applicuerant“, allatas; „in quibus continetur“ inquit „quod ex parte eiusdem</Unicode>
        </TextEquiv>
      </TextLine>
      <TextLine id="eSc_line_b0a2f183" custom="structure {type:default;}">
        <Coords points="735,3343 735,3367 2646,3358 2649,3336 2642,3305 733,3310 735,3343"/>
        <Baseline points="735,3343 2649,3336"/>
        <TextEquiv conf="0.9999993920326233">
          <Unicode>imperatoris quaedam dictu accommoda et ad utilitatem respicienda nobis tantum et</Unicode>
        </TextEquiv>
      </TextLine>
      <TextLine id="eSc_line_4526839a" custom="structure {type:default;}">
        <Coords points="737,3396 737,3416 2646,3420 2649,3387 2642,3358 735,3363 737,3396"/>
        <Baseline points="737,3396 2649,3387"/>
        <TextEquiv conf="0.9996267348527909">
          <Unicode>excellentiae tuae deferunt proponenda“. Mitti cupit, qui imperatoris nuncios per</Unicode>
        </TextEquiv>
      </TextLine>
      <TextLine id="eSc_line_11cfecef" custom="structure {type:default;}">
        <Coords points="735,3449 737,3491 768,3478 2642,3486 2646,3445 2640,3414 733,3418 735,3449"/>
        <Baseline points="735,3449 2646,3445"/>
        <TextEquiv conf="0.9936092364323603">
          <Unicode>Galliam deducant. Duchesne Hist. Fr. SS. IV. 612, Bouquet Rec. XV. 801, Mansi</Unicode>
        </TextEquiv>
      </TextLine>
      <TextLine id="eSc_line_28c5b1c7" custom="structure {type:default;}">
        <Coords points="740,3506 740,3548 795,3548 813,3564 813,3566 815,3566 817,3566 819,3566 821,3566 868,3553 912,3566 914,3566 916,3566 919,3566 954,3548 989,3566 992,3566 994,3566 1131,3548 1133,3548 1166,3566 1168,3566 1170,3568 1347,3568 1347,3566 1349,3566 1352,3566 1378,3548 1383,3546 1387,3548 1418,3564 1420,3564 1422,3566 1475,3566 1475,3564 1478,3564 1480,3564 1500,3548 1504,3546 1531,3546 1533,3548 1548,3562 1548,3564 1551,3564 1553,3564 1555,3564 1630,3548 1646,3546 1657,3548 1694,3562 1696,3562 1699,3562 1789,3548 1818,3546 1957,3548 1959,3502 1955,3471 737,3464 740,3506"/>
        <Baseline points="740,3506 1959,3502"/>
        <TextEquiv conf="0.9906352732492529">
          <Unicode>XXI. 1005. Migne 300 p. 248. — „Dum in mente“.</Unicode>
        </TextEquiv>
      </TextLine>
      <TextLine id="eSc_line_656304ce" custom="structure {type:default;}">
        <Coords points="2291,3559 2288,3608 2381,3595 2383,3564 2383,3520 2291,3513 2291,3559"/>
        <Baseline points="2291,3559 2383,3564"/>
        <TextEquiv conf="0.9999998807907104">
          <Unicode>22*</Unicode>
        </TextEquiv>
      </TextLine>
    </TextRegion>
    <TextRegion id="eSc_textblock_4a391a37"  custom="structure {type:default;}">
      <Coords points="941,141 1816,141 1869,150 1877,227 1745,253 945,253 901,236 910,150 941,141"/>
      <TextLine id="eSc_line_ffc426c8" custom="structure {type:default;}">
        <Coords points="919,212 916,227 976,242 1380,245 1383,245 1385,245 1425,234 1820,245 1822,245 1824,245 1827,245 1842,231 1844,216 1844,167 1813,152 1811,152 1809,152 1557,165 1546,165 1513,152 1511,152 1509,152 1506,152 1504,152 1489,165 1486,167 1429,167 1425,165 1383,150 1380,150 1378,150 1376,150 1338,161 1312,150 1310,150 1159,150 1157,150 1155,150 1122,163 919,163 919,212"/>
        <Baseline points="919,212 1844,216"/>
        <TextEquiv conf="0.9999840450286865">
          <Unicode>ALEXANDER III. 1159—1181.</Unicode>
        </TextEquiv>
      </TextLine>
    </TextRegion>
    <TextRegion id="eSc_textblock_ba6c9fa6"  custom="structure {type:default;}">
      <Coords points="2562,141 2688,159 2688,227 2531,253 2514,159 2562,141"/>
      <TextLine id="eSc_line_e5cb40bf" custom="structure {type:default;}">
        <Coords points="2534,220 2534,242 2560,253 2562,253 2565,253 2567,253 2593,245 2609,240 2651,247 2653,216 2646,156 2529,165 2534,220"/>
        <Baseline points="2534,220 2653,216"/>
        <TextEquiv conf="0.9999716679255167">
          <Unicode>171</Unicode>
        </TextEquiv>
      </TextLine>
    </TextRegion>
  </Page>
</PcGts>
