<?xml version="1.0" encoding="UTF-8"  standalone="yes"?>
<PcGts xmlns="http://schema.primaresearch.org/PAGE/gts/pagecontent/2019-07-15" xmlns:xsi="http://www.w3.org/2001/XMLSchema-instance" xsi:schemaLocation="http://schema.primaresearch.org/PAGE/gts/pagecontent/2019-07-15 http://schema.primaresearch.org/PAGE/gts/pagecontent/2019-07-15/pagecontent.xsd">
  <Metadata>
	<Creator>escriptorium</Creator>
	<Created>2024-07-19T10:07:18.159519+00:00</Created>
        <LastChange>2024-08-08T08:32:09.988452+00:00</LastChange>
  </Metadata>
  <Page imageFilename="0198.png" imageWidth="3007" imageHeight="3975">
    <TextRegion id="eSc_textblock_69c47d52"  custom="structure {type:default;}">
      <Coords points="1822,282 2706,309 2706,775 2680,786 2706,1113 2706,3531 2397,3575 150,3548 97,1861 106,397 132,335 333,309 377,388 397,300 634,300 651,326 680,291 1822,282"/>
      <TextLine id="eSc_line_47e2f756" custom="structure {type:default;}">
        <Coords points="2554,302 2531,302 2509,302 2487,302 2465,300 2443,300 2421,300 2399,298 2377,298 2355,298 2333,295 2311,295 2288,295 2266,295 2244,293 2222,293 2200,293 2187,291 2129,300 2094,289 2092,289 2090,289 2001,302 1776,291 1774,291 1771,291 1769,291 1752,304 1581,304 1502,293 1500,293 1431,304 1137,295 1135,295 1133,295 1087,306 713,295 711,295 709,295 662,306 653,320 656,353 656,377 2567,379 2571,344 2567,302 2554,302"/>
        <Baseline points="656,353 2571,344"/>
        <TextEquiv conf="0.9905327967043673">
          <Unicode>1164. (Ind. 12. — 25. Sept. — 13, pont. a. 5. — 20. Sept. — 6, 1163. — 25. Mart. — 1164.)</Unicode>
        </TextEquiv>
      </TextLine>
      <TextLine id="eSc_line_693c53f0" custom="structure {type:default;}">
        <Coords points="406,415 406,452 499,463 501,463 600,450 600,410 598,359 539,342 536,342 534,342 532,342 490,359 486,362 486,359 466,342 466,340 463,340 461,340 430,340 428,340 426,340 424,340 402,353 406,415"/>
        <Baseline points="406,415 600,410"/>
        <TextEquiv conf="0.9721753852707999">
          <Unicode>Senonia</Unicode>
        </TextEquiv>
      </TextLine>
      <TextLine id="eSc_line_6e09ab30" custom="structure {type:default;}">
        <Coords points="687,415 687,450 2646,443 2649,408 2642,377 684,377 687,415"/>
        <Baseline points="687,415 2649,408"/>
        <TextEquiv conf="0.9992034965091281">
          <Unicode>11083 (7409) Theobaldo priori et fratribus ecclesiae S. Martini de Campis addicit</Unicode>
        </TextEquiv>
      </TextLine>
      <TextLine id="eSc_line_2dec4e23" custom="structure {type:default;}">
        <Coords points="136,419 136,463 351,459 351,412 346,364 298,348 296,348 293,348 291,348 289,348 271,362 260,371 218,371 205,357 198,353 198,351 196,351 194,351 192,351 132,353 136,419"/>
        <Baseline points="136,419 351,412"/>
        <TextEquiv conf="0.985406868159771">
          <Unicode>Dec. 13.</Unicode>
        </TextEquiv>
      </TextLine>
      <TextLine id="eSc_line_e73481a0" custom="structure {type:default;}">
        <Coords points="740,465 737,485 2644,492 2649,472 2646,441 740,435 740,465"/>
        <Baseline points="740,465 2649,472"/>
        <TextEquiv conf="0.991488453629729">
          <Unicode>ecclesiam S. Martini de Passo, canonicis S. Martini Turonensibus abiudicatam.</Unicode>
        </TextEquiv>
      </TextLine>
      <TextLine id="eSc_line_bac4e71f" custom="structure {type:default;}">
        <Coords points="742,525 742,549 1692,563 1694,563 1774,560 1776,560 1778,560 1785,556 1796,547 1807,556 1813,560 1816,560 1818,560 1820,560 1889,556 2001,547 2045,556 2068,560 2070,560 2094,556 2140,549 2207,558 2238,560 2240,560 2242,560 2249,558 2269,547 2434,558 2478,560 2481,560 2483,560 2489,558 2525,547 2646,558 2651,521 2644,481 740,490 742,525"/>
        <Baseline points="742,525 2651,521"/>
        <TextEquiv conf="0.9916473420129882">
          <Unicode>Marrier Mon. S. Martini de Campis p. 355, Migne 200 p. 318. — „Cum inter</Unicode>
        </TextEquiv>
      </TextLine>
      <TextLine id="eSc_line_b030d9f3" custom="structure {type:default;}">
        <Coords points="740,580 740,591 775,609 777,609 779,609 866,607 868,607 930,585 930,574 923,541 737,545 740,580"/>
        <Baseline points="740,580 930,574"/>
        <TextEquiv conf="0.9539352357387543">
          <Unicode>vos et“.</Unicode>
        </TextEquiv>
      </TextLine>
      <TextLine id="eSc_line_51d58a19" custom="structure {type:default;}">
        <Coords points="689,633 689,660 2651,653 2653,629 2646,600 687,602 689,633"/>
        <Baseline points="689,633 2653,629"/>
        <TextEquiv conf="0.9925363398179775">
          <Unicode>11084 Parthenonis S. Mariae de Avesnis protectionem suscipit, possessionesque con-</Unicode>
        </TextEquiv>
      </TextLine>
      <TextLine id="eSc_line_84282c77" custom="structure {type:default;}">
        <Coords points="176,640 176,695 229,695 229,693 231,693 234,693 245,686 260,675 280,682 307,689 309,689 311,689 313,689 355,671 355,633 351,602 174,598 176,640"/>
        <Baseline points="176,640 355,633"/>
        <TextEquiv conf="0.9990176320075989">
          <Unicode>„ 23.</Unicode>
        </TextEquiv>
      </TextLine>
      <TextLine id="eSc_line_fc4ddf74" custom="structure {type:default;}">
        <Coords points="481,649 481,684 567,684 567,649 567,607 481,602 481,649"/>
        <Baseline points="481,649 567,649"/>
        <TextEquiv conf="1.0">
          <Unicode>„</Unicode>
        </TextEquiv>
      </TextLine>
      <TextLine id="eSc_line_f16e636b" custom="structure {type:default;}">
        <Coords points="742,691 742,726 2646,711 2649,684 2642,655 740,660 742,691"/>
        <Baseline points="742,691 2649,684"/>
        <TextEquiv conf="0.9957015465287601">
          <Unicode>firmat, petente Mathilde abbatissa. In bibl. nat. Paris. Coll. Moreau t. 73. f. 47. —</Unicode>
        </TextEquiv>
      </TextLine>
      <TextLine id="eSc_line_0a1c88a9" custom="structure {type:default;}">
        <Coords points="742,748 744,779 782,768 919,775 958,777 961,777 985,775 1040,766 1060,772 1075,777 1078,777 1080,777 1120,770 1162,764 1195,768 1228,775 1230,775 1460,761 1462,744 1458,713 773,704 771,704 768,704 740,715 742,748"/>
        <Baseline points="742,748 1462,744"/>
        <TextEquiv conf="0.9985544220093758">
          <Unicode>„Religiosam vitam eligentibus“.</Unicode>
        </TextEquiv>
      </TextLine>
      <TextLine id="eSc_line_55d6f353" custom="structure {type:default;}">
        <Coords points="691,801 691,832 1215,823 1438,828 1663,832 1665,832 1668,832 1696,825 1714,821 1955,823 2609,828 2611,828 2613,828 2653,814 2653,792 2649,753 2163,753 2160,753 2136,757 2098,764 1911,759 1738,755 1736,755 1694,761 1661,766 1506,764 1215,757 1212,757 1210,757 1182,766 1175,768 1106,768 786,759 784,759 689,770 691,801"/>
        <Baseline points="691,801 2653,792"/>
        <TextEquiv conf="0.998573728970119">
          <Unicode>„convocatis in unum scholasticis et quibusque litteratis in ipsa vigilia nativitatis domini</Unicode>
        </TextEquiv>
      </TextLine>
      <TextLine id="eSc_line_5d14ea78" custom="structure {type:default;}">
        <Coords points="463,806 461,848 510,870 512,870 514,870 517,870 563,850 565,810 561,715 523,726 466,713 463,806"/>
        <Baseline points="463,806 565,810"/>
        <TextEquiv conf="0.9999945163726807">
          <Unicode>(„)</Unicode>
        </TextEquiv>
      </TextLine>
      <TextLine id="eSc_line_536d2470" custom="structure {type:default;}">
        <Coords points="178,808 181,867 240,852 269,859 282,863 285,863 287,863 289,863 291,863 300,856 311,850 357,850 357,801 351,733 280,742 278,742 276,742 276,744 267,750 240,775 176,772 178,808"/>
        <Baseline points="178,808 357,801"/>
        <TextEquiv conf="0.9999841451644897">
          <Unicode>„ 24.</Unicode>
        </TextEquiv>
      </TextLine>
      <TextLine id="eSc_line_adf8aac7" custom="structure {type:default;}">
        <Coords points="742,856 742,881 2651,881 2653,850 2646,821 740,825 742,856"/>
        <Baseline points="742,856 2653,850"/>
        <TextEquiv conf="0.9928081777206686">
          <Unicode>usque ad tria, ut fertur, milia vel ultra, cum assentientibus sibi domnis cardinalibus</Unicode>
        </TextEquiv>
      </TextLine>
      <TextLine id="eSc_line_d0e390e9" custom="structure {type:default;}">
        <Coords points="742,907 742,934 2649,929 2651,903 2644,876 740,878 742,907"/>
        <Baseline points="742,907 2651,903"/>
        <TextEquiv conf="0.9942857062115389">
          <Unicode>condemnavit et omnino interdixit omnes tropos et indisciplinatas quaestiones in theo-</Unicode>
        </TextEquiv>
      </TextLine>
      <TextLine id="eSc_line_74149999" custom="structure {type:default;}">
        <Coords points="744,965 744,987 2653,987 2653,965 2653,936 744,929 744,965"/>
        <Baseline points="744,965 2653,965"/>
        <TextEquiv conf="0.9958251963687849">
          <Unicode>logia; Parisiensique episcopo praecipit, ut per totam Franciam eas compesceret.</Unicode>
        </TextEquiv>
      </TextLine>
      <TextLine id="eSc_line_5ea52ef2" custom="structure {type:default;}">
        <Coords points="746,1020 746,1042 2651,1037 2653,1015 2649,987 744,982 746,1020"/>
        <Baseline points="746,1020 2653,1015"/>
        <TextEquiv conf="0.9886880904436112">
          <Unicode>Sententia autem de gloria hominis in deum assumpti et in deum nati approbata est</Unicode>
        </TextEquiv>
      </TextLine>
      <TextLine id="eSc_line_349cd2b6" custom="structure {type:default;}">
        <Coords points="742,1075 742,1101 1204,1095 1296,1101 1354,1106 1356,1106 1378,1101 1425,1093 1553,1101 1592,1104 1595,1104 1615,1101 1672,1093 1729,1101 1747,1104 1749,1104 1763,1101 1805,1093 1904,1101 1942,1104 1944,1104 1946,1104 1955,1101 1981,1093 2003,1101 2010,1104 2012,1104 2014,1104 2081,1101 2288,1090 2324,1101 2328,1101 2330,1101 2333,1101 2348,1101 2452,1090 2478,1101 2481,1101 2483,1101 2485,1101 2651,1099 2653,1068 2649,1042 740,1040 742,1075"/>
        <Baseline points="742,1075 2653,1068"/>
        <TextEquiv conf="0.99440152536739">
          <Unicode>ibi coram papa ac roborata conscriptis inde centum quinquaginta et eo amplius</Unicode>
        </TextEquiv>
      </TextLine>
      <TextLine id="eSc_line_29a43f7a" custom="structure {type:default;}">
        <Coords points="742,1128 742,1148 2379,1150 2381,1128 2381,1099 742,1099 742,1128"/>
        <Baseline points="742,1128 2381,1128"/>
        <TextEquiv conf="0.9992814747726216">
          <Unicode>auctoritatibus“. Annal. Reicherspergenses 1164 in MG. SS. XVII. 471.</Unicode>
        </TextEquiv>
      </TextLine>
      <TextLine id="eSc_line_8438d556" custom="structure {type:default;}">
        <Coords points="695,1183 695,1207 2651,1203 2653,1179 2651,1150 2602,1137 2600,1137 2598,1137 2596,1137 2554,1148 2489,1137 2487,1137 2434,1148 2432,1148 2353,1148 1606,1139 1604,1139 1601,1139 1599,1139 1592,1143 1581,1150 693,1141 695,1183"/>
        <Baseline points="695,1183 2653,1179"/>
        <TextEquiv conf="0.9986707477629939">
          <Unicode>11085 (7410) Ludovico, Francorum regi, F. fratrem, nuncium suum, commendat. Du-</Unicode>
        </TextEquiv>
      </TextLine>
      <TextLine id="eSc_line_2eaa9ffd" custom="structure {type:default;}">
        <Coords points="178,1190 178,1256 357,1256 357,1190 357,1132 243,1119 240,1119 178,1130 178,1190"/>
        <Baseline points="178,1190 357,1190"/>
        <TextEquiv conf="0.9491287589073181">
          <Unicode>„ 81.</Unicode>
        </TextEquiv>
      </TextLine>
      <TextLine id="eSc_line_adf10677" custom="structure {type:default;}">
        <Coords points="479,1194 475,1241 561,1225 563,1199 563,1135 481,1121 479,1194"/>
        <Baseline points="479,1194 563,1199"/>
        <TextEquiv conf="1.0">
          <Unicode>„</Unicode>
        </TextEquiv>
      </TextLine>
      <TextLine id="eSc_line_f14a13af" custom="structure {type:default;}">
        <Coords points="744,1238 744,1260 1319,1260 1354,1265 1409,1272 1411,1272 1414,1272 1416,1272 1425,1265 1436,1258 1524,1265 1608,1272 1610,1272 1612,1272 1632,1265 1654,1258 1663,1265 1668,1269 1670,1269 1672,1269 1816,1272 1818,1272 1842,1267 1880,1258 1893,1267 1900,1272 1902,1272 1904,1272 1906,1274 2014,1274 2014,1272 2439,1269 2443,1269 2507,1256 2538,1269 2540,1269 2543,1272 2651,1272 2653,1232 2649,1203 1389,1194 1387,1194 1314,1205 775,1196 773,1196 771,1196 742,1207 744,1238"/>
        <Baseline points="744,1238 2653,1232"/>
        <TextEquiv conf="0.9932824435986971">
          <Unicode>chesne Hist. Fr. SS. IV. 615, Bouquet Rec. XV. 812, Migne 200 p. 320. — „Di-</Unicode>
        </TextEquiv>
      </TextLine>
      <TextLine id="eSc_line_3ed10fab" custom="structure {type:default;}">
        <Coords points="742,1294 742,1311 1283,1307 1285,1289 1281,1260 748,1252 746,1252 744,1252 742,1252 742,1254 740,1254 742,1294"/>
        <Baseline points="742,1294 1285,1289"/>
        <TextEquiv conf="0.9870040193200111">
          <Unicode>lectum filium, fratrem“.</Unicode>
        </TextEquiv>
      </TextLine>
      <TextLine id="eSc_line_7a251322" custom="structure {type:default;}">
        <Coords points="693,1349 693,1371 1243,1371 1277,1373 1345,1382 1347,1382 1387,1375 1418,1369 1502,1375 1573,1380 1575,1380 1577,1380 1592,1375 1615,1369 1652,1375 1681,1380 1683,1380 1752,1375 1855,1369 1915,1375 1946,1380 1948,1380 2001,1378 2134,1366 2258,1378 2271,1378 2273,1378 2275,1378 2277,1378 2311,1366 2326,1378 2328,1378 2330,1378 2333,1380 2655,1380 2657,1342 2653,1305 691,1305 693,1349"/>
        <Baseline points="693,1349 2657,1342"/>
        <TextEquiv conf="0.9910614658804501">
          <Unicode>11086 Monasterii Caroli-oci possessiones confirmat et privilegia auget. (Fragmentum.)</Unicode>
        </TextEquiv>
      </TextLine>
      <TextLine id="eSc_line_c5a256b1" custom="structure {type:default;}">
        <Coords points="470,1353 470,1402 570,1413 572,1353 570,1272 470,1276 470,1353"/>
        <Baseline points="470,1353 572,1353"/>
        <TextEquiv conf="0.9999990860621134">
          <Unicode>(„)</Unicode>
        </TextEquiv>
      </TextLine>
      <TextLine id="eSc_line_9e6a7546" custom="structure {type:default;}">
        <Coords points="742,1402 742,1424 2229,1419 2231,1397 2227,1369 753,1360 751,1360 748,1360 746,1360 746,1362 740,1366 742,1402"/>
        <Baseline points="742,1402 2231,1397"/>
        <TextEquiv conf="0.9953308377195808">
          <Unicode>In bibl. nat. Paris. cartul. mon. Car.-loci ms. lat. 11003. f. 3879.</Unicode>
        </TextEquiv>
      </TextLine>
      <TextLine id="eSc_line_c00bb7f1" custom="structure {type:default;}">
        <Coords points="695,1455 695,1479 2657,1475 2660,1450 2653,1422 693,1422 695,1455"/>
        <Baseline points="695,1455 2660,1450"/>
        <TextEquiv conf="0.9923301177866318">
          <Unicode>11087 Monasterii Tironiensis protectionem suscipit possessionesque confirmat, petente</Unicode>
        </TextEquiv>
      </TextLine>
      <TextLine id="eSc_line_d1bcdd9e" custom="structure {type:default;}">
        <Coords points="470,1464 470,1517 517,1521 519,1521 521,1521 523,1521 523,1519 547,1495 552,1488 576,1486 576,1459 572,1402 466,1402 470,1464"/>
        <Baseline points="470,1464 576,1459"/>
        <TextEquiv conf="0.9999998410542806">
          <Unicode>(„)</Unicode>
        </TextEquiv>
      </TextLine>
      <TextLine id="eSc_line_74cebf80" custom="structure {type:default;}">
        <Coords points="744,1512 744,1532 2655,1537 2660,1508 2655,1479 1816,1468 1813,1468 742,1479 744,1512"/>
        <Baseline points="744,1512 2660,1508"/>
        <TextEquiv conf="0.9927120606104533">
          <Unicode>Stephano abbate. In bibl. nat. Paris. Chart. Tiron. ms. lat. 10107. p. 226. Misit</Unicode>
        </TextEquiv>
      </TextLine>
      <TextLine id="eSc_line_1ecaf7bd" custom="structure {type:default;}">
        <Coords points="742,1567 742,1592 2655,1596 2660,1561 2655,1532 740,1528 742,1567"/>
        <Baseline points="742,1567 2660,1561"/>
        <TextEquiv conf="0.9903685697695104">
          <Unicode>Delisle. (Cf. Gouverneur Ess. hist. s. le Perche p. 256.) — „Religiosis desideriis</Unicode>
        </TextEquiv>
      </TextLine>
      <TextLine id="eSc_line_c5143b8c" custom="structure {type:default;}">
        <Coords points="740,1623 740,1636 808,1654 810,1654 958,1629 958,1616 952,1585 737,1590 740,1623"/>
        <Baseline points="740,1623 958,1616"/>
        <TextEquiv conf="0.9999926388263702">
          <Unicode>dignum“.</Unicode>
        </TextEquiv>
      </TextLine>
      <TextLine id="eSc_line_b851b434" custom="structure {type:default;}">
        <Coords points="695,1678 695,1702 2573,1704 2578,1673 2573,1636 2498,1623 2496,1623 2494,1623 2456,1634 2456,1636 2087,1636 2076,1631 2026,1623 2023,1623 1908,1631 1873,1634 1824,1631 1681,1623 1679,1623 1639,1631 1610,1636 693,1627 695,1678"/>
        <Baseline points="695,1678 2578,1673"/>
        <TextEquiv conf="0.9929017615623963">
          <Unicode>11088 *Monasterio Longi-pontis privilegium dat. Le cartul. de Longpont p. 278.</Unicode>
        </TextEquiv>
      </TextLine>
      <TextLine id="eSc_line_d8aef31d" custom="structure {type:default;}">
        <Coords points="470,1682 472,1749 576,1713 576,1682 576,1620 470,1616 470,1682"/>
        <Baseline points="470,1682 576,1682"/>
        <TextEquiv conf="0.9999984502792358">
          <Unicode>(„)</Unicode>
        </TextEquiv>
      </TextLine>
      <TextLine id="eSc_line_1a94d595" custom="structure {type:default;}">
        <Coords points="665,1766 665,1795 903,1793 903,1766 903,1729 784,1702 782,1702 779,1702 735,1724 665,1726 665,1766"/>
        <Baseline points="665,1766 903,1766"/>
        <TextEquiv conf="0.9979197978973389">
          <Unicode>c. 1164.</Unicode>
        </TextEquiv>
      </TextLine>
      <TextLine id="eSc_line_30350d79" custom="structure {type:default;}">
        <Coords points="143,1837 141,1943 185,1945 187,1945 190,1945 192,1945 192,1943 201,1936 218,1921 251,1932 287,1941 289,1941 291,1941 293,1941 355,1919 357,1841 357,1790 300,1777 298,1777 296,1777 293,1777 271,1788 269,1790 267,1788 245,1775 243,1775 240,1775 238,1775 143,1784 143,1837"/>
        <Baseline points="143,1837 357,1841"/>
        <TextEquiv conf="0.9005749126275381">
          <Unicode>Sp to.</Unicode>
        </TextEquiv>
      </TextLine>
      <TextLine id="eSc_line_a60f7155" custom="structure {type:default;}">
        <Coords points="698,1843 698,1866 2660,1863 2662,1835 2655,1790 1992,1797 1986,1795 1972,1784 1970,1784 1968,1784 1889,1784 1886,1784 1884,1784 1858,1795 1851,1799 1712,1799 1701,1795 1650,1786 1648,1786 1646,1786 1604,1797 1590,1799 1584,1797 1564,1786 1562,1786 1484,1786 1482,1786 1411,1797 1398,1799 1391,1797 1352,1786 1349,1786 1188,1786 1186,1786 1117,1799 1095,1788 1093,1788 788,1788 786,1788 695,1802 698,1843"/>
        <Baseline points="698,1843 2662,1835"/>
        <TextEquiv conf="0.9924309528790988">
          <Unicode>11089 (7411) Ludovico, Francorum regi, monasterium Compendiense commendat; cui</Unicode>
        </TextEquiv>
      </TextLine>
      <TextLine id="eSc_line_28370a26" custom="structure {type:default;}">
        <Coords points="746,1896 746,1921 2660,1921 2662,1890 2655,1859 744,1863 746,1896"/>
        <Baseline points="746,1896 2662,1890"/>
        <TextEquiv conf="0.9965711598154865">
          <Unicode>domum hospitalem asseri cupit. Duchesne Hist. Fr. SS. IV. 618, Bouquet Rec. XV.</Unicode>
        </TextEquiv>
      </TextLine>
      <TextLine id="eSc_line_76ffe432" custom="structure {type:default;}">
        <Coords points="744,1949 744,1974 1451,1985 1453,1985 1455,1985 1458,1985 1475,1974 1517,1985 1520,1985 1522,1985 1729,1972 1754,1972 1805,1972 2271,1983 2273,1983 2333,1969 2335,1945 2330,1914 775,1905 773,1905 771,1905 742,1914 744,1949"/>
        <Baseline points="744,1949 2335,1945"/>
        <TextEquiv conf="0.9841749276965857">
          <Unicode>821, Mansi XXI. 1013, Migne 200 p. 320. — „Ille affectus, quem“.</Unicode>
        </TextEquiv>
      </TextLine>
      <TextLine id="eSc_line_1f6091b7" custom="structure {type:default;}">
        <Coords points="667,2042 667,2067 956,2069 958,2069 961,2069 1000,2053 1000,2036 994,1994 665,1998 667,2042"/>
        <Baseline points="667,2042 1000,2036"/>
        <TextEquiv conf="0.9998027980327606">
          <Unicode>1163—1165.</Unicode>
        </TextEquiv>
      </TextLine>
      <TextLine id="eSc_line_984677a2" custom="structure {type:default;}">
        <Coords points="419,2113 419,2137 614,2137 614,2113 614,2075 419,2060 419,2113"/>
        <Baseline points="419,2113 614,2113"/>
        <TextEquiv conf="0.9999997956412179">
          <Unicode>Senonis</Unicode>
        </TextEquiv>
      </TextLine>
      <TextLine id="eSc_line_88743a62" custom="structure {type:default;}">
        <Coords points="695,2115 695,2139 2662,2139 2664,2108 2660,2069 2333,2055 2330,2055 2158,2067 2132,2055 2129,2055 2127,2055 2125,2055 2094,2067 2014,2055 2012,2055 1939,2071 1670,2071 1639,2058 1637,2058 1634,2058 1517,2069 1352,2058 1349,2058 1347,2058 1314,2069 1062,2060 1060,2060 1058,2060 1056,2060 1038,2071 768,2060 766,2060 693,2073 695,2115"/>
        <Baseline points="695,2115 2664,2108"/>
        <TextEquiv conf="0.9985811790723479">
          <Unicode>11090 Fratribus S. Petri Carnotensibus concedit, ut in parochialibus ecclesiis sacerdotes</Unicode>
        </TextEquiv>
      </TextLine>
      <TextLine id="eSc_line_0050a7f4" custom="structure {type:default;}">
        <Coords points="748,2170 751,2203 797,2192 2662,2192 2664,2161 2660,2133 2198,2122 2196,2122 2193,2122 2156,2133 2154,2133 2123,2133 1782,2124 1780,2124 1663,2135 1641,2137 746,2137 748,2170"/>
        <Baseline points="748,2170 2664,2161"/>
        <TextEquiv conf="0.9903418925546464">
          <Unicode>eligant, electosque episcopo repraesentent. Addit de officiis divinis tempore inter-</Unicode>
        </TextEquiv>
      </TextLine>
      <TextLine id="eSc_line_9b958f3c" custom="structure {type:default;}">
        <Coords points="748,2223 748,2254 2657,2245 2660,2217 2655,2188 2114,2177 2112,2177 746,2190 748,2223"/>
        <Baseline points="748,2223 2660,2217"/>
        <TextEquiv conf="0.9950052167094031">
          <Unicode>dicti celebrandis. („III. non. . . . .“) Autogr. in bibl. nat. Paris. ms. lat. 9222. —</Unicode>
        </TextEquiv>
      </TextLine>
      <TextLine id="eSc_line_47cabe1a" custom="structure {type:default;}">
        <Coords points="751,2281 751,2312 1411,2312 1414,2276 1409,2245 782,2237 779,2237 777,2237 748,2248 751,2281"/>
        <Baseline points="751,2281 1414,2276"/>
        <TextEquiv conf="0.987180209159851">
          <Unicode>„Iustis petentium desideriis“.</Unicode>
        </TextEquiv>
      </TextLine>
      <TextLine id="eSc_line_57644ce7" custom="structure {type:default;}">
        <Coords points="671,2371 671,2398 744,2409 746,2409 795,2402 835,2396 861,2402 877,2407 879,2407 881,2407 883,2407 894,2404 932,2393 985,2404 987,2365 980,2320 669,2325 671,2371"/>
        <Baseline points="671,2371 987,2365"/>
        <TextEquiv conf="0.9999950582330878">
          <Unicode>1163. 1165.</Unicode>
        </TextEquiv>
      </TextLine>
      <TextLine id="eSc_line_084004a5" custom="structure {type:default;}">
        <Coords points="413,2438 410,2477 612,2477 614,2442 614,2407 530,2387 528,2387 413,2400 413,2438"/>
        <Baseline points="413,2438 614,2442"/>
        <TextEquiv conf="0.9999448582530022">
          <Unicode>Parisiis</Unicode>
        </TextEquiv>
      </TextLine>
      <TextLine id="eSc_line_1192479c" custom="structure {type:default;}">
        <Coords points="156,2442 156,2479 273,2471 293,2473 351,2482 353,2482 355,2482 357,2482 357,2479 368,2466 368,2438 360,2327 326,2340 296,2332 289,2332 287,2332 285,2332 154,2345 156,2442"/>
        <Baseline points="156,2442 368,2438"/>
        <TextEquiv conf="0.9940040558576584">
          <Unicode>A„ „</Unicode>
        </TextEquiv>
      </TextLine>
      <TextLine id="eSc_line_8bc477ef" custom="structure {type:default;}">
        <Coords points="702,2444 702,2464 2666,2460 2668,2438 2662,2398 2328,2400 2322,2398 2293,2389 2291,2389 2288,2389 2224,2400 2216,2400 2207,2400 2140,2389 2138,2389 2136,2389 2134,2389 2118,2400 2116,2402 1630,2402 1628,2402 1535,2391 1533,2391 1040,2404 1018,2393 1016,2393 731,2393 729,2393 726,2393 700,2404 702,2444"/>
        <Baseline points="702,2444 2668,2438"/>
        <TextEquiv conf="0.9922313615679741">
          <Unicode>11091 (7412) Abbatis S. Vitoni Virdunensis, qui quondam schismatico suo episcopo</Unicode>
        </TextEquiv>
      </TextLine>
      <TextLine id="eSc_line_cdba5ac9" custom="structure {type:default;}">
        <Coords points="751,2497 751,2519 2666,2515 2668,2493 2664,2464 748,2462 751,2497"/>
        <Baseline points="751,2497 2668,2493"/>
        <TextEquiv conf="0.9924686282146268">
          <Unicode>restitit, fidem laudat, eumque ad constantiam hortatur. Martene Thes. I. 455, Bou-</Unicode>
        </TextEquiv>
      </TextLine>
      <TextLine id="eSc_line_20ae6d85" custom="structure {type:default;}">
        <Coords points="751,2550 751,2572 2295,2568 2297,2546 2291,2517 748,2519 751,2550"/>
        <Baseline points="751,2550 2297,2546"/>
        <TextEquiv conf="0.9990206235839475">
          <Unicode>quet Rec. XV. 796, Migne 200 p. 321. — „Ex tenore litterarum“.</Unicode>
        </TextEquiv>
      </TextLine>
      <TextLine id="eSc_line_214e35ce" custom="structure {type:default;}">
        <Coords points="704,2605 704,2627 2666,2636 2668,2605 2668,2577 704,2574 704,2605"/>
        <Baseline points="704,2605 2668,2605"/>
        <TextEquiv conf="0.9972106880611844">
          <Unicode>11092 Clero et populo Compendiensi scribit, audivisse se, quosdam eorum „casulas,</Unicode>
        </TextEquiv>
      </TextLine>
      <TextLine id="eSc_line_bee5f248" custom="structure {type:default;}">
        <Coords points="194,2608 194,2638 368,2634 371,2603 366,2566 192,2566 194,2608"/>
        <Baseline points="194,2608 371,2603"/>
        <TextEquiv conf="0.9999921083450317">
          <Unicode>„ 11.</Unicode>
        </TextEquiv>
      </TextLine>
      <TextLine id="eSc_line_fa95d37b" custom="structure {type:default;}">
        <Coords points="486,2621 488,2689 530,2698 532,2698 534,2698 583,2683 581,2616 574,2568 481,2570 486,2621"/>
        <Baseline points="486,2621 581,2616"/>
        <TextEquiv conf="1.0">
          <Unicode>„</Unicode>
        </TextEquiv>
      </TextLine>
      <TextLine id="eSc_line_6ef6f801" custom="structure {type:default;}">
        <Coords points="753,2663 753,2687 2668,2680 2671,2656 2666,2627 751,2625 753,2663"/>
        <Baseline points="753,2663 2671,2656"/>
        <TextEquiv conf="0.9967021082722863">
          <Unicode>libros, privilegia, et alia ecclesiae pretiosa ornamenta abbati et fratribus subcelare</Unicode>
        </TextEquiv>
      </TextLine>
      <TextLine id="eSc_line_71835df1" custom="structure {type:default;}">
        <Coords points="757,2714 757,2738 2671,2738 2671,2714 2671,2685 757,2685 757,2714"/>
        <Baseline points="757,2714 2671,2714"/>
        <TextEquiv conf="0.9989531817959576">
          <Unicode>et alienare“. Praecipit, ut ea reddant, vel quos habere ea cognoverint, abbati in-</Unicode>
        </TextEquiv>
      </TextLine>
      <TextLine id="eSc_line_d99a318a" custom="structure {type:default;}">
        <Coords points="753,2771 753,2791 2392,2800 2394,2800 2448,2786 2450,2767 2445,2738 777,2729 775,2729 773,2729 751,2738 753,2771"/>
        <Baseline points="753,2771 2450,2767"/>
        <TextEquiv conf="0.9905344958174719">
          <Unicode>dicare studeant. Loewenfeld Epistolae p. 136. — „Pastoralis sollicitudo“.</Unicode>
        </TextEquiv>
      </TextLine>
      <TextLine id="eSc_line_80d6a281" custom="structure {type:default;}">
        <Coords points="704,2824 704,2848 2668,2853 2673,2820 2666,2784 702,2791 704,2824"/>
        <Baseline points="704,2824 2673,2820"/>
        <TextEquiv conf="0.9999403783253261">
          <Unicode>11093 Martino abbati et fratribus S. Vedasti indulget, ut praebendae, quas canonicis</Unicode>
        </TextEquiv>
      </TextLine>
      <TextLine id="eSc_line_79127920" custom="structure {type:default;}">
        <Coords points="194,2828 194,2864 373,2864 373,2824 362,2762 346,2775 326,2764 322,2762 320,2762 285,2762 282,2762 280,2762 278,2762 278,2764 276,2764 265,2778 192,2769 194,2828"/>
        <Baseline points="194,2828 373,2824"/>
        <TextEquiv conf="0.9448817849159241">
          <Unicode>„ 11.</Unicode>
        </TextEquiv>
      </TextLine>
      <TextLine id="eSc_line_b0f13953" custom="structure {type:default;}">
        <Coords points="486,2837 486,2850 530,2866 532,2866 534,2866 536,2866 585,2848 585,2833 578,2778 481,2784 486,2837"/>
        <Baseline points="486,2837 585,2833"/>
        <TextEquiv conf="1.0">
          <Unicode>„</Unicode>
        </TextEquiv>
      </TextLine>
      <TextLine id="eSc_line_9f1a1d96" custom="structure {type:default;}">
        <Coords points="757,2877 757,2901 2668,2899 2671,2873 2664,2846 755,2848 757,2877"/>
        <Baseline points="757,2877 2671,2873"/>
        <TextEquiv conf="0.9940290914641486">
          <Unicode>secularibus in ecclesia b. „Petri (prope Atrebatum) concesserint, decedente eorum</Unicode>
        </TextEquiv>
      </TextLine>
      <TextLine id="eSc_line_e87feecf" custom="structure {type:default;}">
        <Coords points="760,2934 760,2961 2668,2965 2671,2934 2671,2903 760,2903 760,2934"/>
        <Baseline points="760,2934 2671,2934"/>
        <TextEquiv conf="0.9884887764483322">
          <Unicode>aliquo, ad usum monachorum revertantur. Guimann Cart. de S.-Vaast d&#x27;Arras p. 143.</Unicode>
        </TextEquiv>
      </TextLine>
      <TextLine id="eSc_line_4ddd88f9" custom="structure {type:default;}">
        <Coords points="764,2983 762,2998 843,3016 846,3018 1027,3018 1027,3016 1029,3016 1031,3016 1047,3003 1124,3018 1126,3018 1374,3003 1376,2987 1374,2956 764,2952 764,2983"/>
        <Baseline points="764,2983 1376,2987"/>
        <TextEquiv conf="0.9973824161749619">
          <Unicode>— „Quanto religiosi viri“.</Unicode>
        </TextEquiv>
      </TextLine>
      <TextLine id="eSc_line_28c94b68" custom="structure {type:default;}">
        <Coords points="194,3043 194,3080 251,3071 267,3076 291,3082 293,3082 296,3082 298,3082 300,3082 315,3069 318,3069 351,3082 353,3082 355,3082 357,3082 360,3082 360,3080 373,3065 373,3038 366,2959 320,2961 318,2961 315,2961 307,2970 267,3003 192,2994 194,3043"/>
        <Baseline points="194,3043 373,3038"/>
        <TextEquiv conf="0.9455251693725586">
          <Unicode>„ 16.</Unicode>
        </TextEquiv>
      </TextLine>
      <TextLine id="eSc_line_09d9071f" custom="structure {type:default;}">
        <Coords points="707,3045 707,3067 2671,3062 2671,3038 2664,2994 704,3007 707,3045"/>
        <Baseline points="707,3045 2671,3038"/>
        <TextEquiv conf="0.9980499182235111">
          <Unicode>11094 (7414) C(lementi) decano et universo capitulo Parisiensi concedit, ut Eugenii III.</Unicode>
        </TextEquiv>
      </TextLine>
      <TextLine id="eSc_line_04d10ff2" custom="structure {type:default;}">
        <Coords points="488,3056 488,3089 514,3102 517,3102 519,3102 521,3102 589,3082 589,3056 587,2954 488,2956 488,3056"/>
        <Baseline points="488,3056 589,3056"/>
        <TextEquiv conf="0.9815349578857422">
          <Unicode>„</Unicode>
        </TextEquiv>
      </TextLine>
      <TextLine id="eSc_line_8f6c362f" custom="structure {type:default;}">
        <Coords points="760,3096 760,3120 2671,3124 2673,3096 2673,3067 760,3067 760,3096"/>
        <Baseline points="760,3096 2673,3096"/>
        <TextEquiv conf="0.9988479249179363">
          <Unicode>ad T(eobaldum) quondam episcopum litterae („quod, si in dandis maioriis et aliis</Unicode>
        </TextEquiv>
      </TextLine>
      <TextLine id="eSc_line_a7c3a48a" custom="structure {type:default;}">
        <Coords points="760,3153 760,3177 2668,3171 2671,3146 2666,3118 757,3115 760,3153"/>
        <Baseline points="760,3153 2671,3146"/>
        <TextEquiv conf="0.9974586561668751">
          <Unicode>beneficiis possent minime convenire, ei liceret eadem ordinare“) „nullum iis in poste-</Unicode>
        </TextEquiv>
      </TextLine>
      <TextLine id="eSc_line_d9cf3509" custom="structure {type:default;}">
        <Coords points="760,3206 760,3246 843,3233 974,3244 976,3244 978,3244 1177,3233 1212,3241 1228,3246 1230,3246 1232,3246 1235,3246 1246,3241 1261,3235 1327,3241 1387,3246 1389,3246 1391,3246 1409,3239 1431,3233 1484,3239 1522,3244 1524,3244 1526,3244 1537,3239 1555,3230 1643,3230 1659,3237 1672,3244 1674,3244 1676,3246 1928,3246 1928,3244 1931,3244 1953,3235 1957,3233 2008,3233 2213,3241 2216,3241 2218,3241 2260,3230 2273,3228 2284,3230 2317,3241 2319,3241 2322,3244 2620,3244 2620,3241 2622,3241 2673,3226 2673,3199 2666,3173 757,3177 760,3206"/>
        <Baseline points="760,3206 2673,3199"/>
        <TextEquiv conf="0.9999145865440369">
          <Unicode>rum valeant praeiudicium generare“. Collection des Cartulaires IV. 226, Migne 200</Unicode>
        </TextEquiv>
      </TextLine>
      <TextLine id="eSc_line_38d60f4c" custom="structure {type:default;}">
        <Coords points="762,3261 762,3288 1471,3286 1471,3261 1471,3233 1155,3219 1153,3219 1151,3219 1124,3230 1095,3219 1093,3219 1091,3219 932,3230 846,3219 843,3219 762,3230 762,3261"/>
        <Baseline points="762,3261 1471,3261"/>
        <TextEquiv conf="0.9908522427082062">
          <Unicode>p. 323. — „Ex litteris, quas“.</Unicode>
        </TextEquiv>
      </TextLine>
      <TextLine id="eSc_line_e44470be" custom="structure {type:default;}">
        <Coords points="718,3314 718,3343 2673,3339 2675,3310 2668,3281 715,3281 718,3314"/>
        <Baseline points="718,3314 2675,3310"/>
        <TextEquiv conf="0.9958841975142316">
          <Unicode>11095 Andreae, episcopo Atrebatensi, interdicit, ne abbatem Corbeiensem „occasione</Unicode>
        </TextEquiv>
      </TextLine>
      <TextLine id="eSc_line_2d440520" custom="structure {type:default;}">
        <Coords points="198,3316 198,3345 216,3354 218,3354 220,3354 223,3354 247,3345 273,3336 291,3347 296,3352 298,3352 300,3352 302,3354 377,3354 377,3312 373,3277 311,3263 309,3263 307,3263 273,3279 271,3281 196,3281 198,3316"/>
        <Baseline points="198,3316 377,3312"/>
        <TextEquiv conf="0.9999997615814209">
          <Unicode>„ 18.</Unicode>
        </TextEquiv>
      </TextLine>
      <TextLine id="eSc_line_d49c7e3f" custom="structure {type:default;}">
        <Coords points="483,3330 483,3343 592,3345 594,3330 594,3299 534,3283 532,3283 530,3283 528,3283 483,3299 483,3330"/>
        <Baseline points="483,3330 594,3330"/>
        <TextEquiv conf="0.9999994039535522">
          <Unicode>„</Unicode>
        </TextEquiv>
      </TextLine>
      <TextLine id="eSc_line_194b17c4" custom="structure {type:default;}">
        <Coords points="764,3367 764,3394 2671,3394 2671,3367 2668,3332 764,3336 764,3367"/>
        <Baseline points="764,3367 2671,3367"/>
        <TextEquiv conf="0.9999608262663796">
          <Unicode>ecclesiarum, quas in episcopatu Atrebatensi possideat, compellat ad synodos venire“.</Unicode>
        </TextEquiv>
      </TextLine>
      <TextLine id="eSc_line_c2237600" custom="structure {type:default;}">
        <Coords points="766,3425 766,3462 956,3462 958,3462 983,3480 985,3480 987,3480 989,3480 1131,3469 1159,3478 1162,3478 1164,3478 1224,3464 1237,3462 1270,3464 1407,3478 1409,3478 1506,3467 1511,3467 1537,3478 1539,3478 1542,3480 1743,3480 1743,3478 1789,3469 1831,3460 1935,3469 2032,3478 2034,3478 2083,3475 2085,3475 2087,3475 2094,3471 2114,3458 2262,3460 2282,3471 2291,3475 2293,3475 2295,3475 2297,3475 2306,3471 2324,3462 2353,3471 2364,3475 2366,3475 2368,3475 2397,3473 2461,3464 2671,3473 2673,3418 2668,3389 764,3389 766,3425"/>
        <Baseline points="766,3425 2673,3418"/>
        <TextEquiv conf="0.9879622963212785">
          <Unicode>Ex. cod. Corb. (ms. lat. 177672) in bibl. nat. Paris. Misit Delisle. — „Significavit</Unicode>
        </TextEquiv>
      </TextLine>
      <TextLine id="eSc_line_690a748e" custom="structure {type:default;}">
        <Coords points="766,3480 768,3526 938,3517 938,3473 932,3442 764,3445 766,3480"/>
        <Baseline points="766,3480 938,3473"/>
        <TextEquiv conf="0.9656541858400617">
          <Unicode>nobis“.</Unicode>
        </TextEquiv>
      </TextLine>
      <TextLine id="eSc_line_019f0263" custom="structure {type:default;}">
        <Coords points="198,3522 196,3579 287,3586 289,3586 291,3586 300,3581 326,3570 362,3584 371,3586 373,3586 375,3586 377,3586 384,3584 419,3570 532,3586 541,3586 543,3586 545,3586 547,3586 547,3584 561,3573 649,3573 660,3581 660,3584 662,3584 665,3584 667,3584 669,3584 709,3573 724,3586 724,3588 726,3588 729,3588 731,3590 771,3590 773,3526 773,3495 733,3480 731,3480 729,3480 665,3491 662,3491 660,3491 600,3471 598,3471 596,3471 594,3471 561,3489 554,3491 532,3486 459,3473 457,3473 455,3473 417,3484 397,3491 360,3491 351,3482 338,3471 338,3469 335,3469 333,3469 331,3469 198,3475 198,3522"/>
        <Baseline points="198,3522 773,3526"/>
        <TextEquiv conf="0.7910215503746464">
          <Unicode>Rarcea Font. Aoaen. Et. eee. n.</Unicode>
        </TextEquiv>
      </TextLine>
      <TextLine id="eSc_line_54e688ca" custom="structure {type:default;}">
        <Coords points="2337,3539 2337,3581 2394,3601 2399,3539 2397,3500 2337,3500 2337,3539"/>
        <Baseline points="2337,3539 2399,3539"/>
        <TextEquiv conf="0.999999463558197">
          <Unicode>24</Unicode>
        </TextEquiv>
      </TextLine>
    </TextRegion>
    <TextRegion id="eSc_textblock_afc50e54"  custom="structure {type:default;}">
      <Coords points="921,132 1816,132 1860,141 1869,218 1842,245 919,245 892,185 921,132"/>
      <TextLine id="eSc_line_fa72eabb" custom="structure {type:default;}">
        <Coords points="916,212 916,231 1838,236 1842,205 1838,156 1760,139 1758,139 1756,139 1754,139 1754,141 1738,154 1515,143 1513,143 1420,156 1365,141 1363,141 1360,141 1294,156 1241,141 1239,141 1237,141 969,145 967,145 914,161 916,212"/>
        <Baseline points="916,212 1842,205"/>
        <TextEquiv conf="0.999472279548645">
          <Unicode>ALEXANDER III. 1159—1181.</Unicode>
        </TextEquiv>
      </TextLine>
    </TextRegion>
    <TextRegion id="eSc_textblock_4d3f1fbe"  custom="structure {type:default;}">
      <Coords points="2527,141 2688,150 2706,192 2644,245 2531,245 2505,209 2527,141"/>
      <TextLine id="eSc_line_7c240532" custom="structure {type:default;}">
        <Coords points="2631,145 2609,145 2587,143 2565,141 2551,141 2527,150 2520,156 2525,212 2527,242 2651,242 2651,205 2646,147 2631,145"/>
        <Baseline points="2525,212 2651,205"/>
        <TextEquiv conf="1.0">
          <Unicode>185</Unicode>
        </TextEquiv>
      </TextLine>
    </TextRegion>
  </Page>
</PcGts>
