<?xml version="1.0" encoding="UTF-8"  standalone="yes"?>
<PcGts xmlns="http://schema.primaresearch.org/PAGE/gts/pagecontent/2019-07-15" xmlns:xsi="http://www.w3.org/2001/XMLSchema-instance" xsi:schemaLocation="http://schema.primaresearch.org/PAGE/gts/pagecontent/2019-07-15 http://schema.primaresearch.org/PAGE/gts/pagecontent/2019-07-15/pagecontent.xsd">
  <Metadata>
	<Creator>escriptorium</Creator>
	<Created>2024-07-19T10:07:40.520681+00:00</Created>
        <LastChange>2024-08-08T08:32:17.225439+00:00</LastChange>
  </Metadata>
  <Page imageFilename="0200.png" imageWidth="3007" imageHeight="3975">
    <TextRegion id="eSc_textblock_867a2675"  custom="structure {type:default;}">
      <Coords points="658,300 2680,309 2653,3522 2381,3522 2397,3566 2258,3575 2211,3531 2123,3522 123,3504 88,424 150,318 333,318 368,415 388,309 616,309 634,344 658,300"/>
      <TextLine id="eSc_line_4729d03f" custom="structure {type:default;}">
        <Coords points="642,322 645,359 645,384 980,382 983,355 978,318 837,302 835,302 832,302 830,302 806,318 691,304 689,304 687,304 645,318 642,322"/>
        <Baseline points="645,359 983,355"/>
        <TextEquiv conf="0.963596624135971">
          <Unicode>1164—1165.</Unicode>
        </TextEquiv>
      </TextLine>
      <TextLine id="eSc_line_a4abffb5" custom="structure {type:default;}">
        <Coords points="678,419 676,439 2638,448 2642,428 2640,379 2242,371 2240,371 2238,371 2209,377 2191,382 2174,377 2143,368 2140,368 2138,368 1840,377 1712,379 1696,377 1657,366 1654,366 1652,366 1590,375 1577,377 1562,375 1482,366 1480,366 1478,366 1453,375 1451,377 1449,375 1433,366 1431,366 1429,366 1288,366 1285,366 1232,375 1217,377 1208,375 1170,364 1168,364 1166,364 678,373 678,419"/>
        <Baseline points="678,419 2642,428"/>
        <TextEquiv conf="0.9984816208481788">
          <Unicode>11112 (7426) Abbatibus S. Remigii Remensis et de Castro S. Theodori et I. decano</Unicode>
        </TextEquiv>
      </TextLine>
      <TextLine id="eSc_line_fcb41839" custom="structure {type:default;}">
        <Coords points="123,421 123,459 340,470 342,421 342,375 282,355 280,355 238,355 236,355 234,355 231,355 231,357 214,373 212,377 187,377 183,373 163,355 161,355 159,355 156,355 154,355 123,368 123,421"/>
        <Baseline points="123,421 342,421"/>
        <TextEquiv conf="0.9675672650337219">
          <Unicode>Febr. 13.</Unicode>
        </TextEquiv>
      </TextLine>
      <TextLine id="eSc_line_6b9b0e58" custom="structure {type:default;}">
        <Coords points="397,421 397,468 592,461 592,421 592,373 486,353 483,353 481,353 479,353 479,355 463,371 437,359 435,359 433,359 430,359 397,371 397,421"/>
        <Baseline points="397,421 592,421"/>
        <TextEquiv conf="0.9997942617961338">
          <Unicode>Senonis</Unicode>
        </TextEquiv>
      </TextLine>
      <TextLine id="eSc_line_0a297d08" custom="structure {type:default;}">
        <Coords points="731,474 729,501 2638,507 2642,483 2640,448 731,437 731,474"/>
        <Baseline points="731,474 2642,483"/>
        <TextEquiv conf="0.9948478549718857">
          <Unicode>Remensi mandat, ut abbatis Orbacensis cum Hugone de Igni controversiam dirimant.</Unicode>
        </TextEquiv>
      </TextLine>
      <TextLine id="eSc_line_8a5a5344" custom="structure {type:default;}">
        <Coords points="731,534 731,556 2306,556 2306,534 2306,503 731,499 731,534"/>
        <Baseline points="731,534 2306,534"/>
        <TextEquiv conf="0.994391955779149">
          <Unicode>Martene Coll. II. 701, Migne 200 p. 330. — „De vestra prudentia“.</Unicode>
        </TextEquiv>
      </TextLine>
      <TextLine id="eSc_line_ee05cb0e" custom="structure {type:default;}">
        <Coords points="680,587 680,613 2640,613 2642,591 2638,549 680,549 680,587"/>
        <Baseline points="680,587 2642,591"/>
        <TextEquiv conf="0.9972965758422325">
          <Unicode>11113 Fulcando, abbati S. lohannis de Valeia, asserit „locum, quem obtineat in ecclesia</Unicode>
        </TextEquiv>
      </TextLine>
      <TextLine id="eSc_line_ea88d79a" custom="structure {type:default;}">
        <Coords points="163,589 163,636 342,629 342,589 342,547 285,532 282,532 280,532 163,554 163,589"/>
        <Baseline points="163,589 342,589"/>
        <TextEquiv conf="0.9998014569282532">
          <Unicode>„ 13.</Unicode>
        </TextEquiv>
      </TextLine>
      <TextLine id="eSc_line_6b4dd7c1" custom="structure {type:default;}">
        <Coords points="461,600 459,633 554,622 556,605 554,547 461,552 461,600"/>
        <Baseline points="461,600 556,605"/>
        <TextEquiv conf="1.0">
          <Unicode>„</Unicode>
        </TextEquiv>
      </TextLine>
      <TextLine id="eSc_line_2a54d66e" custom="structure {type:default;}">
        <Coords points="726,642 724,664 2638,677 2642,649 2640,616 726,609 726,642"/>
        <Baseline points="726,642 2642,649"/>
        <TextEquiv conf="0.9935295559182952">
          <Unicode>Carnotensi“. Ex chartul. S. Iohannis in Valle 5481. f. 157 in bibl. nat. Paris.</Unicode>
        </TextEquiv>
      </TextLine>
      <TextLine id="eSc_line_da3ee6e0" custom="structure {type:default;}">
        <Coords points="731,697 731,717 998,728 1000,728 1003,728 1029,715 1034,715 1062,715 1257,726 1259,726 1546,711 1548,691 1542,662 729,666 731,697"/>
        <Baseline points="731,697 1548,691"/>
        <TextEquiv conf="0.9980082760254542">
          <Unicode>Misit Delisle. — „Significatum est“.</Unicode>
        </TextEquiv>
      </TextLine>
      <TextLine id="eSc_line_00d8a7cf" custom="structure {type:default;}">
        <Coords points="163,755 165,801 220,777 335,795 338,748 331,691 276,695 273,695 271,695 262,702 243,717 212,711 198,708 196,708 194,708 161,717 163,755"/>
        <Baseline points="163,755 338,748"/>
        <TextEquiv conf="0.9999941825866699">
          <Unicode>„ 14.</Unicode>
        </TextEquiv>
      </TextLine>
      <TextLine id="eSc_line_56b572bf" custom="structure {type:default;}">
        <Coords points="678,757 678,779 2640,779 2642,753 2638,717 788,708 786,708 676,719 678,757"/>
        <Baseline points="678,757 2642,753"/>
        <TextEquiv conf="0.9995072118937969">
          <Unicode>11114 (7427) Abbati S. Remigii Remensis significat, abbates S. Memmii et Omnium-</Unicode>
        </TextEquiv>
      </TextLine>
      <TextLine id="eSc_line_5d45aa94" custom="structure {type:default;}">
        <Coords points="463,768 463,781 554,788 556,768 556,733 463,733 463,768"/>
        <Baseline points="463,768 556,768"/>
        <TextEquiv conf="0.9980415105819702">
          <Unicode>„</Unicode>
        </TextEquiv>
      </TextLine>
      <TextLine id="eSc_line_29f9700e" custom="structure {type:default;}">
        <Coords points="731,808 729,830 2638,834 2642,812 2638,770 731,772 731,808"/>
        <Baseline points="731,808 2642,812"/>
        <TextEquiv conf="0.994599994224838">
          <Unicode>sanctorum inter eum et Odd. presbyterum constitutos iudices esse. Martene Coll.</Unicode>
        </TextEquiv>
      </TextLine>
      <TextLine id="eSc_line_2f91194b" custom="structure {type:default;}">
        <Coords points="729,863 729,883 1056,894 1058,894 1060,894 1082,883 1109,894 1111,894 1113,894 1177,883 1188,892 1188,894 1190,894 1193,894 1195,896 1279,896 1279,894 1356,881 1367,881 1380,881 1469,892 1471,894 1672,894 1672,892 1674,892 1676,892 1676,889 1687,881 1690,881 1791,892 1794,892 1796,892 1798,892 1813,881 1915,892 1917,892 1919,892 1970,878 1970,859 1966,830 726,828 729,863"/>
        <Baseline points="729,863 1970,859"/>
        <TextEquiv conf="0.9954198956489563">
          <Unicode>II. 702, Migne 200 p. 330. — „Causam, quae inter“.</Unicode>
        </TextEquiv>
      </TextLine>
      <TextLine id="eSc_line_14195943" custom="structure {type:default;}">
        <Coords points="161,918 161,956 190,956 190,954 192,954 194,954 194,951 196,951 212,931 249,931 278,945 293,951 296,951 298,951 300,951 340,938 340,914 335,839 262,830 260,830 258,830 256,830 256,832 223,861 207,876 159,876 161,918"/>
        <Baseline points="161,918 340,914"/>
        <TextEquiv conf="0.9962659001350402">
          <Unicode>„ 14.</Unicode>
        </TextEquiv>
      </TextLine>
      <TextLine id="eSc_line_bd366b4e" custom="structure {type:default;}">
        <Coords points="682,918 680,945 2638,949 2642,923 2640,885 682,883 682,918"/>
        <Baseline points="682,918 2642,923"/>
        <TextEquiv conf="0.990619403770171">
          <Unicode>11115 (7428) Decano, thesaurario, archidiacono et universo capitulo Remensi mandat,</Unicode>
        </TextEquiv>
      </TextLine>
      <TextLine id="eSc_line_3b41f94a" custom="structure {type:default;}">
        <Coords points="461,929 459,962 514,969 517,969 519,969 554,954 556,934 554,896 461,887 461,929"/>
        <Baseline points="461,929 556,934"/>
        <TextEquiv conf="1.0">
          <Unicode>„</Unicode>
        </TextEquiv>
      </TextLine>
      <TextLine id="eSc_line_034a496a" custom="structure {type:default;}">
        <Coords points="733,969 731,991 2640,998 2644,973 2642,942 733,938 733,969"/>
        <Baseline points="733,969 2644,973"/>
        <TextEquiv conf="0.9998004157331926">
          <Unicode>ut (Guidonem), electum Catalaunensem, Henrico archiepiscopo commendent. Bouquet</Unicode>
        </TextEquiv>
      </TextLine>
      <TextLine id="eSc_line_c4ad8c82" custom="structure {type:default;}">
        <Coords points="729,1029 729,1055 2160,1046 2160,1029 2160,1000 2096,987 2094,987 2041,998 2039,1000 1853,1000 1851,998 1833,987 1831,987 1829,987 1827,987 1760,998 1749,998 1741,998 1670,987 1668,987 1665,987 1646,995 1641,1000 1513,1000 1509,995 1500,987 1497,987 1495,987 1493,987 1436,995 1416,998 1391,995 1321,987 1319,987 1265,995 1241,998 1210,995 1142,987 1140,987 1098,993 1071,998 1040,993 989,987 987,987 985,987 969,993 958,998 947,993 932,987 930,987 927,987 729,991 729,1029"/>
        <Baseline points="729,1029 2160,1029"/>
        <TextEquiv conf="0.9951885949288096">
          <Unicode>Rec. XV. 815, Migne 200 p. 331. — „Quorundam est nobis“.</Unicode>
        </TextEquiv>
      </TextLine>
      <TextLine id="eSc_line_6dc017c7" custom="structure {type:default;}">
        <Coords points="678,1079 676,1104 2640,1113 2644,1084 2640,1040 678,1044 678,1079"/>
        <Baseline points="678,1079 2644,1084"/>
        <TextEquiv conf="0.9999242022633552">
          <Unicode>11116 (7429) Henricum, (archiepiscopum Remensem), inter P. abbatem S. Remigii et</Unicode>
        </TextEquiv>
      </TextLine>
      <TextLine id="eSc_line_b6e35e07" custom="structure {type:default;}">
        <Coords points="161,1084 163,1132 220,1115 276,1121 313,1126 315,1126 318,1126 338,1115 338,1077 331,1015 273,1020 271,1020 269,1020 258,1029 231,1051 159,1051 161,1084"/>
        <Baseline points="161,1084 338,1077"/>
        <TextEquiv conf="0.9976018190383911">
          <Unicode>„ 15.</Unicode>
        </TextEquiv>
      </TextLine>
      <TextLine id="eSc_line_e5e98fbf" custom="structure {type:default;}">
        <Coords points="457,1093 455,1130 556,1128 558,1099 558,1055 457,1053 457,1093"/>
        <Baseline points="457,1093 558,1099"/>
        <TextEquiv conf="1.0">
          <Unicode>„</Unicode>
        </TextEquiv>
      </TextLine>
      <TextLine id="eSc_line_3ff0ddd8" custom="structure {type:default;}">
        <Coords points="731,1139 731,1163 2642,1163 2644,1135 2640,1106 729,1099 731,1139"/>
        <Baseline points="731,1139 2644,1135"/>
        <TextEquiv conf="0.9979552537202835">
          <Unicode>R. vicecomitem Laudunensem super villa de Germiniaco facere iudicium iubet. Mar-</Unicode>
        </TextEquiv>
      </TextLine>
      <TextLine id="eSc_line_eff7369f" custom="structure {type:default;}">
        <Coords points="731,1194 731,1230 2642,1219 2644,1190 2640,1161 2189,1161 2136,1148 2134,1148 2012,1159 1931,1148 1928,1148 1833,1159 1767,1148 1765,1148 1763,1148 1718,1159 1701,1148 1699,1148 1696,1148 1694,1148 1612,1159 1515,1150 1513,1150 1511,1150 1509,1150 1493,1161 1416,1150 1414,1150 1305,1161 1186,1150 1184,1150 1182,1150 1151,1161 1137,1150 1135,1150 1133,1150 870,1150 868,1150 866,1150 817,1161 753,1150 751,1150 748,1150 729,1159 731,1194"/>
        <Baseline points="731,1194 2644,1190"/>
        <TextEquiv conf="0.9999164414405822">
          <Unicode>tene Coll. II. 702, Bouquet Rec. XV. 815, Migno 200 p. 331. — „Causam, quae</Unicode>
        </TextEquiv>
      </TextLine>
      <TextLine id="eSc_line_019613d6" custom="structure {type:default;}">
        <Coords points="724,1247 724,1267 804,1278 806,1278 808,1278 890,1254 890,1243 883,1210 722,1212 724,1247"/>
        <Baseline points="724,1247 890,1243"/>
        <TextEquiv conf="0.999890651021685">
          <Unicode>inter“.</Unicode>
        </TextEquiv>
      </TextLine>
      <TextLine id="eSc_line_ba46920e" custom="structure {type:default;}">
        <Coords points="161,1302 161,1333 238,1320 258,1338 260,1338 260,1340 262,1340 265,1340 267,1340 338,1338 338,1296 331,1225 285,1227 282,1227 280,1227 260,1243 227,1272 159,1272 161,1302"/>
        <Baseline points="161,1302 338,1296"/>
        <TextEquiv conf="0.9946423649787903">
          <Unicode>„ 16.</Unicode>
        </TextEquiv>
      </TextLine>
      <TextLine id="eSc_line_c23a2021" custom="structure {type:default;}">
        <Coords points="678,1305 678,1336 2644,1336 2644,1305 2644,1269 2390,1256 2246,1256 2244,1256 2242,1256 2240,1256 2222,1267 2021,1256 2019,1256 2017,1256 2014,1256 1997,1269 1847,1269 1822,1256 1820,1256 1818,1256 1816,1256 1813,1256 1796,1269 1356,1269 1290,1256 1288,1256 1285,1256 1241,1267 936,1256 934,1256 678,1267 678,1305"/>
        <Baseline points="678,1305 2644,1305"/>
        <TextEquiv conf="0.9904318955682573">
          <Unicode>11117 (7430) Ludovicum, Francorum regem, orat, hortetur W(illelmum), Siciliae regem,</Unicode>
        </TextEquiv>
      </TextLine>
      <TextLine id="eSc_line_d524bf36" custom="structure {type:default;}">
        <Coords points="461,1316 461,1329 556,1331 558,1316 556,1278 461,1283 461,1316"/>
        <Baseline points="461,1316 558,1316"/>
        <TextEquiv conf="1.0">
          <Unicode>„</Unicode>
        </TextEquiv>
      </TextLine>
      <TextLine id="eSc_line_e7714621" custom="structure {type:default;}">
        <Coords points="733,1358 733,1384 2646,1380 2646,1358 2644,1327 733,1327 733,1358"/>
        <Baseline points="733,1358 2646,1358"/>
        <TextEquiv conf="0.9968162569261733">
          <Unicode>ut, quem exsilio affecerit, Florium de Camebotta, „unum de maioribus baronibus Cala-</Unicode>
        </TextEquiv>
      </TextLine>
      <TextLine id="eSc_line_4d9ec86f" custom="structure {type:default;}">
        <Coords points="731,1408 729,1431 2642,1437 2646,1413 2644,1380 731,1371 731,1408"/>
        <Baseline points="731,1408 2646,1413"/>
        <TextEquiv conf="0.9999984304110209">
          <Unicode>briae“, in gratiam recipiat. Eundem Florium (Manueli) imperatori Constantinopolitano</Unicode>
        </TextEquiv>
      </TextLine>
      <TextLine id="eSc_line_62e9b7f6" custom="structure {type:default;}">
        <Coords points="729,1470 729,1492 2644,1490 2646,1466 2642,1428 923,1426 921,1426 726,1437 729,1470"/>
        <Baseline points="729,1470 2646,1466"/>
        <TextEquiv conf="0.9933494168358881">
          <Unicode>commendari cupit. Duchesne H. Fr. SS. IV. 627, Bouquet Rec. XV. 827, Mansi</Unicode>
        </TextEquiv>
      </TextLine>
      <TextLine id="eSc_line_1fed6fd6" custom="structure {type:default;}">
        <Coords points="729,1525 729,1552 1274,1543 1290,1548 1312,1554 1314,1554 1316,1554 1319,1554 1338,1548 1356,1541 1372,1545 1391,1552 1394,1552 1396,1552 1431,1545 1458,1541 1597,1543 1931,1552 1933,1552 1935,1552 1986,1539 1986,1521 1981,1490 1657,1490 1643,1477 1641,1477 1639,1477 1637,1477 1634,1477 1632,1477 1615,1490 1462,1490 1367,1477 1365,1477 1363,1477 1360,1477 1343,1490 1261,1479 1259,1479 1087,1490 1020,1479 1018,1479 1016,1479 989,1490 978,1479 976,1479 974,1479 888,1479 885,1479 883,1479 855,1490 843,1479 841,1479 839,1479 740,1479 737,1479 735,1479 733,1479 733,1481 726,1486 729,1525"/>
        <Baseline points="729,1525 1986,1521"/>
        <TextEquiv conf="0.9940338964555778">
          <Unicode>XXI. 1025, Migne 200 p. 332. — „Ad nostri officii“.</Unicode>
        </TextEquiv>
      </TextLine>
      <TextLine id="eSc_line_d4f7a404" custom="structure {type:default;}">
        <Coords points="678,1576 678,1603 2644,1603 2646,1576 2644,1545 678,1541 678,1576"/>
        <Baseline points="678,1576 2646,1576"/>
        <TextEquiv conf="0.9999954375353727">
          <Unicode>11118 Fratribus Cisoniensibus concedit, ut monasterii bona alienata recuperent, decimas-</Unicode>
        </TextEquiv>
      </TextLine>
      <TextLine id="eSc_line_818d3522" custom="structure {type:default;}">
        <Coords points="161,1581 161,1616 338,1614 338,1574 329,1484 278,1486 276,1486 273,1486 243,1512 209,1541 159,1541 161,1581"/>
        <Baseline points="161,1581 338,1574"/>
        <TextEquiv conf="0.9850029230117798">
          <Unicode>„ 24.</Unicode>
        </TextEquiv>
      </TextLine>
      <TextLine id="eSc_line_0d6dc2bf" custom="structure {type:default;}">
        <Coords points="459,1585 457,1612 550,1614 554,1592 552,1561 459,1556 459,1585"/>
        <Baseline points="459,1585 554,1592"/>
        <TextEquiv conf="0.9988812804222107">
          <Unicode>„)</Unicode>
        </TextEquiv>
      </TextLine>
      <TextLine id="eSc_line_f2156f47" custom="structure {type:default;}">
        <Coords points="729,1634 726,1654 2638,1665 2642,1638 2640,1605 729,1601 729,1634"/>
        <Baseline points="729,1634 2642,1638"/>
        <TextEquiv conf="0.9998051965391481">
          <Unicode>que et terras infeudatas „in pignore accipiant“. Pflugk-Harttung Acta I. 240,</Unicode>
        </TextEquiv>
      </TextLine>
      <TextLine id="eSc_line_e1df334f" custom="structure {type:default;}">
        <Coords points="726,1689 726,1711 2114,1707 2114,1689 2114,1654 2096,1645 2094,1645 2092,1645 2090,1645 2087,1645 2059,1658 1862,1658 1847,1645 1844,1645 1842,1645 1840,1645 1838,1645 1836,1645 1820,1658 1663,1658 1606,1645 1604,1645 1601,1645 1599,1645 1599,1647 1588,1658 1464,1658 1453,1647 1453,1645 1451,1645 1449,1645 1367,1645 1365,1645 1259,1656 1243,1645 1241,1645 1239,1645 969,1645 967,1645 965,1645 938,1656 837,1645 835,1645 832,1645 799,1656 782,1645 779,1645 777,1645 775,1645 773,1645 726,1656 726,1689"/>
        <Baseline points="726,1689 2114,1689"/>
        <TextEquiv conf="0.9998710256511882">
          <Unicode>(Buzelini Gallo-Flandria p. 366). — „Ex transmissa vestra“.</Unicode>
        </TextEquiv>
      </TextLine>
      <TextLine id="eSc_line_0cba23c7" custom="structure {type:default;}">
        <Coords points="163,1742 163,1777 335,1782 338,1735 333,1698 161,1698 163,1742"/>
        <Baseline points="163,1742 338,1735"/>
        <TextEquiv conf="0.9270026206970214">
          <Unicode>„ 27.</Unicode>
        </TextEquiv>
      </TextLine>
      <TextLine id="eSc_line_672848b0" custom="structure {type:default;}">
        <Coords points="680,1746 680,1768 2642,1762 2644,1737 2640,1707 693,1702 691,1702 689,1702 687,1702 678,1707 680,1746"/>
        <Baseline points="680,1746 2644,1737"/>
        <TextEquiv conf="0.9998418666139434">
          <Unicode>11119 (7431) Henrico, archiepiscopo Remensi, mandat, excommunicet G. comitem de</Unicode>
        </TextEquiv>
      </TextLine>
      <TextLine id="eSc_line_a24d1762" custom="structure {type:default;}">
        <Coords points="459,1753 459,1775 501,1786 503,1786 505,1786 554,1771 554,1749 547,1707 457,1707 459,1753"/>
        <Baseline points="459,1753 554,1749"/>
        <TextEquiv conf="1.0">
          <Unicode>„</Unicode>
        </TextEquiv>
      </TextLine>
      <TextLine id="eSc_line_33a5c0ed" custom="structure {type:default;}">
        <Coords points="731,1802 731,1828 2642,1819 2644,1795 2640,1764 2026,1753 2023,1753 2021,1753 1984,1764 1979,1766 729,1766 731,1802"/>
        <Baseline points="731,1802 2644,1795"/>
        <TextEquiv conf="0.9959229812026024">
          <Unicode>Roceio, nisi pecuniam nuncio (Guichardi) archiepiscopi Lugdunensis ablatam intra</Unicode>
        </TextEquiv>
      </TextLine>
      <TextLine id="eSc_line_15e04469" custom="structure {type:default;}">
        <Coords points="729,1852 729,1879 2640,1883 2644,1848 2638,1817 726,1819 729,1852"/>
        <Baseline points="729,1852 2644,1848"/>
        <TextEquiv conf="0.9992615918079054">
          <Unicode>dies 15 restituerit. Martene Coll. II. 703, Bouquet Rec. XV. 816, Migne 200 p. 333.</Unicode>
        </TextEquiv>
      </TextLine>
      <TextLine id="eSc_line_d09318c3" custom="structure {type:default;}">
        <Coords points="731,1905 731,1925 1016,1936 1018,1936 1020,1936 1067,1923 1073,1923 1084,1923 1157,1934 1159,1934 1354,1921 1356,1901 1349,1870 729,1874 731,1905"/>
        <Baseline points="731,1905 1356,1901"/>
        <TextEquiv conf="0.9661683130264282">
          <Unicode>— „Ex tenore litterarum“.</Unicode>
        </TextEquiv>
      </TextLine>
      <TextLine id="eSc_line_4b621439" custom="structure {type:default;}">
        <Coords points="680,1967 680,1985 2638,1987 2642,1963 2640,1930 782,1919 779,1919 678,1930 680,1967"/>
        <Baseline points="680,1967 1480,1958 2642,1963"/>
        <TextEquiv conf="0.9977829398879086">
          <Unicode>11120 Monasterii S. Mariae loiacensis possessiones confirmat, petente Petro abbate.</Unicode>
        </TextEquiv>
      </TextLine>
      <TextLine id="eSc_line_b30375c3" custom="structure {type:default;}">
        <Coords points="477,1974 477,2000 550,2000 550,1972 543,1923 475,1925 477,1974"/>
        <Baseline points="477,1974 550,1972"/>
        <TextEquiv conf="0.9999998807907104">
          <Unicode>„</Unicode>
        </TextEquiv>
      </TextLine>
      <TextLine id="eSc_line_a6de8e1b" custom="structure {type:default;}">
        <Coords points="731,2020 731,2047 1075,2042 1157,2049 1226,2053 1228,2053 1268,2049 1314,2042 1343,2049 1363,2053 1365,2053 1367,2053 1471,2049 1646,2040 1661,2049 1663,2051 1665,2051 1668,2051 1670,2053 1957,2053 1957,2051 1988,2049 2121,2038 2394,2049 2399,2049 2401,2049 2403,2049 2481,2038 2498,2049 2501,2049 2503,2049 2505,2051 2642,2051 2644,2014 2640,1983 1369,1974 1367,1974 1365,1974 1332,1985 746,1976 744,1976 742,1976 740,1976 729,1983 731,2020"/>
        <Baseline points="731,2020 2644,2014"/>
        <TextEquiv conf="0.9916817851009823">
          <Unicode>Ex chartul. loiac. ms. lat. 9172 f. 160 in bibl. nat. Paris. Misit Delisle. — „Reli-</Unicode>
        </TextEquiv>
      </TextLine>
      <TextLine id="eSc_line_cd99c912" custom="structure {type:default;}">
        <Coords points="729,2075 729,2097 850,2102 852,2102 855,2102 872,2095 883,2091 912,2093 985,2102 987,2102 1129,2086 1131,2069 1124,2036 726,2040 729,2075"/>
        <Baseline points="729,2075 1131,2069"/>
        <TextEquiv conf="0.982013137716996">
          <Unicode>giosis desideriis“.</Unicode>
        </TextEquiv>
      </TextLine>
      <TextLine id="eSc_line_d07ba983" custom="structure {type:default;}">
        <Coords points="128,2164 335,2177 340,2122 340,2069 287,2069 278,2058 258,2040 258,2038 256,2038 254,2038 251,2038 249,2038 225,2049 212,2055 132,2036 130,2117 128,2164"/>
        <Baseline points="130,2117 340,2122"/>
        <TextEquiv conf="0.9830177596637181">
          <Unicode>Mart 1.</Unicode>
        </TextEquiv>
      </TextLine>
      <TextLine id="eSc_line_6d09fc27" custom="structure {type:default;}">
        <Coords points="680,2128 680,2157 2642,2148 2644,2124 2640,2091 678,2091 680,2128"/>
        <Baseline points="680,2128 2644,2124"/>
        <TextEquiv conf="0.9940468242222612">
          <Unicode>11121 (7432) Mauricio, episcopo Parisiensi, significat de annuo unciae auri censu eccle-</Unicode>
        </TextEquiv>
      </TextLine>
      <TextLine id="eSc_line_007841a7" custom="structure {type:default;}">
        <Coords points="459,2133 457,2161 554,2177 558,2137 556,2086 459,2089 459,2133"/>
        <Baseline points="459,2133 558,2137"/>
        <TextEquiv conf="1.0">
          <Unicode>„</Unicode>
        </TextEquiv>
      </TextLine>
      <TextLine id="eSc_line_4e4604a9" custom="structure {type:default;}">
        <Coords points="733,2181 731,2203 2638,2208 2642,2186 2640,2150 2311,2139 2308,2139 2264,2148 2255,2150 2249,2148 2218,2139 2216,2139 2213,2139 2211,2139 2176,2148 2167,2150 2158,2148 2116,2139 2114,2139 2048,2148 2034,2150 2030,2148 2019,2139 2017,2139 2014,2139 2012,2139 1970,2148 1957,2150 1939,2148 1873,2139 1871,2139 1820,2148 1805,2150 1778,2148 1668,2137 1665,2137 1663,2137 1630,2148 1628,2148 1612,2148 1451,2137 1449,2137 1385,2148 1376,2148 1363,2148 1243,2137 1241,2137 1188,2148 1179,2148 733,2148 733,2181"/>
        <Baseline points="733,2181 2642,2186"/>
        <TextEquiv conf="0.9937024399638176">
          <Unicode>siae Latiniacensi remisso. (Cf. supra 10967.) Collection des Cartulaires IV. 32,</Unicode>
        </TextEquiv>
      </TextLine>
      <TextLine id="eSc_line_924e00fe" custom="structure {type:default;}">
        <Coords points="731,2239 731,2259 817,2270 819,2270 985,2259 989,2259 1020,2270 1022,2270 1025,2270 1027,2270 1062,2256 1067,2256 1248,2256 1259,2265 1259,2267 1261,2267 1263,2267 1265,2267 1354,2256 1387,2267 1389,2267 1391,2267 1692,2265 1694,2265 1743,2252 1743,2232 1738,2203 1451,2192 1449,2192 1402,2203 1396,2206 729,2206 731,2239"/>
        <Baseline points="731,2239 1743,2232"/>
        <TextEquiv conf="0.9952365145087242">
          <Unicode>Migne 200 p. 333. — „In quodam scripto“.</Unicode>
        </TextEquiv>
      </TextLine>
      <TextLine id="eSc_line_51bdedb7" custom="structure {type:default;}">
        <Coords points="161,2294 161,2343 220,2343 220,2340 223,2340 231,2336 260,2320 335,2327 338,2290 331,2250 159,2250 161,2294"/>
        <Baseline points="161,2294 338,2290"/>
        <TextEquiv conf="0.9830254316329956">
          <Unicode>„ 2.</Unicode>
        </TextEquiv>
      </TextLine>
      <TextLine id="eSc_line_67cec324" custom="structure {type:default;}">
        <Coords points="680,2294 680,2318 2642,2318 2644,2287 2638,2248 678,2250 680,2294"/>
        <Baseline points="680,2294 2644,2287"/>
        <TextEquiv conf="0.9956802989161292">
          <Unicode>11122 Philippo abbati et fratribus Bonae-spei indulget, ut de novalibus, quae propriis</Unicode>
        </TextEquiv>
      </TextLine>
      <TextLine id="eSc_line_5c742434" custom="structure {type:default;}">
        <Coords points="463,2303 463,2338 554,2354 556,2303 554,2195 463,2195 463,2303"/>
        <Baseline points="463,2303 556,2303"/>
        <TextEquiv conf="1.0">
          <Unicode>„</Unicode>
        </TextEquiv>
      </TextLine>
      <TextLine id="eSc_line_a2b2ecef" custom="structure {type:default;}">
        <Coords points="731,2347 731,2371 2642,2371 2644,2340 2638,2312 729,2316 731,2347"/>
        <Baseline points="731,2347 2644,2340"/>
        <TextEquiv conf="0.9981140912353218">
          <Unicode>manibus excolant, sive de nutrimentis animalium nemini decimas solvant. Maghe</Unicode>
        </TextEquiv>
      </TextLine>
      <TextLine id="eSc_line_4298f426" custom="structure {type:default;}">
        <Coords points="724,2396 722,2415 748,2429 751,2429 753,2429 2372,2420 2375,2400 2372,2365 724,2365 724,2396"/>
        <Baseline points="724,2396 2375,2400"/>
        <TextEquiv conf="0.9989861054079873">
          <Unicode>Chronicum eccl. Bonae-spei p. 95 teste Wauters Table chronol. II. 461.</Unicode>
        </TextEquiv>
      </TextLine>
      <TextLine id="eSc_line_ebc37431" custom="structure {type:default;}">
        <Coords points="161,2455 161,2510 271,2508 273,2508 276,2508 291,2495 298,2488 340,2486 340,2451 333,2418 159,2420 161,2455"/>
        <Baseline points="161,2455 340,2451"/>
        <TextEquiv conf="0.9998644590377808">
          <Unicode>„ 8.</Unicode>
        </TextEquiv>
      </TextLine>
      <TextLine id="eSc_line_e0f84f8a" custom="structure {type:default;}">
        <Coords points="680,2460 680,2484 2642,2473 2644,2451 2640,2422 2169,2411 2167,2411 2103,2422 2096,2422 2065,2422 1721,2413 1718,2413 1668,2422 1657,2426 678,2426 680,2460"/>
        <Baseline points="680,2460 2644,2451"/>
        <TextEquiv conf="0.9939070594163588">
          <Unicode>11123 (7433) Ludovicum, Francorum regem, hortatur, ut „A. et O. de Bri, cum P. de</Unicode>
        </TextEquiv>
      </TextLine>
      <TextLine id="eSc_line_dafce73f" custom="structure {type:default;}">
        <Coords points="461,2510 561,2488 561,2468 558,2349 486,2360 463,2349 461,2468 461,2510"/>
        <Baseline points="461,2468 561,2468"/>
        <TextEquiv conf="0.9999775886535645">
          <Unicode>„</Unicode>
        </TextEquiv>
      </TextLine>
      <TextLine id="eSc_line_f7ff7fbf" custom="structure {type:default;}">
        <Coords points="731,2510 731,2532 2642,2528 2644,2506 2638,2477 729,2479 731,2510"/>
        <Baseline points="731,2510 2644,2506"/>
        <TextEquiv conf="0.9999839842319489">
          <Unicode>Glazi gravem guerram et discordiam habentes“, ad faciendam pacem cogat. Duchesne</Unicode>
        </TextEquiv>
      </TextLine>
      <TextLine id="eSc_line_42f6c6f2" custom="structure {type:default;}">
        <Coords points="731,2568 731,2592 2642,2590 2644,2563 2638,2530 729,2530 731,2568"/>
        <Baseline points="731,2568 2644,2563"/>
        <TextEquiv conf="0.9988933198059662">
          <Unicode>Hist. Fr. SS. IV. 624, Bouquet Rec. XV. 816, Mansi XXI. 1021, Migne 200 p. 334.</Unicode>
        </TextEquiv>
      </TextLine>
      <TextLine id="eSc_line_ea298a78" custom="structure {type:default;}">
        <Coords points="733,2621 733,2641 1363,2650 1365,2650 1367,2650 1418,2636 1418,2616 1414,2588 731,2588 733,2621"/>
        <Baseline points="733,2621 1418,2616"/>
        <TextEquiv conf="0.9999969261033195">
          <Unicode>— „Quoniam regiae pietatis“.</Unicode>
        </TextEquiv>
      </TextLine>
      <TextLine id="eSc_line_acabe801" custom="structure {type:default;}">
        <Coords points="682,2676 682,2698 2642,2691 2644,2669 2638,2632 680,2638 682,2676"/>
        <Baseline points="682,2676 2644,2669"/>
        <TextEquiv conf="0.999279430934361">
          <Unicode>11124 Capitulo S. Audomari asserit ea, „quae b. m. A. praepositus de propriis facul-</Unicode>
        </TextEquiv>
      </TextLine>
      <TextLine id="eSc_line_641e8d40" custom="structure {type:default;}">
        <Coords points="161,2678 161,2714 340,2698 342,2672 335,2610 159,2636 161,2678"/>
        <Baseline points="161,2678 342,2672"/>
        <TextEquiv conf="0.9031254947185516">
          <Unicode>„ 3.</Unicode>
        </TextEquiv>
      </TextLine>
      <TextLine id="eSc_line_ad1eea03" custom="structure {type:default;}">
        <Coords points="457,2687 457,2729 565,2749 567,2687 565,2641 457,2647 457,2687"/>
        <Baseline points="457,2687 567,2687"/>
        <TextEquiv conf="1.0">
          <Unicode>„</Unicode>
        </TextEquiv>
      </TextLine>
      <TextLine id="eSc_line_28c1cc6c" custom="structure {type:default;}">
        <Coords points="733,2731 733,2753 2642,2753 2644,2727 2640,2698 1712,2687 1710,2687 1654,2698 793,2689 790,2689 731,2700 733,2731"/>
        <Baseline points="733,2731 2644,2727"/>
        <TextEquiv conf="0.9999962288599747">
          <Unicode>tatibus ad instaurationem duarum praebendarum“ ei contulerit. Ex autographo in</Unicode>
        </TextEquiv>
      </TextLine>
      <TextLine id="eSc_line_919a6ca4" custom="structure {type:default;}">
        <Coords points="733,2786 733,2817 2642,2813 2644,2782 2640,2751 731,2751 733,2786"/>
        <Baseline points="733,2786 2644,2782"/>
        <TextEquiv conf="0.9989071725270687">
          <Unicode>tabul. capit. Audomarensi dedit Arthurus Giry Parisiensis. — „Iustis petentium</Unicode>
        </TextEquiv>
      </TextLine>
      <TextLine id="eSc_line_c7e75219" custom="structure {type:default;}">
        <Coords points="729,2839 729,2857 837,2870 839,2870 987,2853 989,2835 985,2802 726,2802 729,2839"/>
        <Baseline points="729,2839 989,2835"/>
        <TextEquiv conf="0.9999945163726807">
          <Unicode>desideriis“.</Unicode>
        </TextEquiv>
      </TextLine>
      <TextLine id="eSc_line_b06d36d7" custom="structure {type:default;}">
        <Coords points="161,2895 161,2917 311,2923 313,2923 315,2923 342,2910 342,2890 335,2855 159,2862 161,2895"/>
        <Baseline points="161,2895 342,2890"/>
        <TextEquiv conf="0.999973475933075">
          <Unicode>„ 9.</Unicode>
        </TextEquiv>
      </TextLine>
      <TextLine id="eSc_line_ef043592" custom="structure {type:default;}">
        <Coords points="680,2895 680,2919 2640,2917 2642,2886 2635,2846 678,2859 680,2895"/>
        <Baseline points="680,2895 2642,2886"/>
        <TextEquiv conf="0.999903318322735">
          <Unicode>11125 Goterio, abbati S. Facundi Sahagunensi, ligandi atque solvendi potestatem a</Unicode>
        </TextEquiv>
      </TextLine>
      <TextLine id="eSc_line_d733752c" custom="structure {type:default;}">
        <Coords points="455,2903 455,2919 492,2932 494,2932 497,2932 558,2919 558,2903 558,2873 455,2873 455,2903"/>
        <Baseline points="455,2903 558,2903"/>
        <TextEquiv conf="0.9997069835662842">
          <Unicode>„„</Unicode>
        </TextEquiv>
      </TextLine>
      <TextLine id="eSc_line_c288f205" custom="structure {type:default;}">
        <Coords points="733,2948 733,2974 2640,2976 2644,2943 2640,2912 731,2912 733,2948"/>
        <Baseline points="733,2948 2644,2943"/>
        <TextEquiv conf="0.9938748873943506">
          <Unicode>Paschali et Hadriano papis in villa S. Facundi et infra cautum (circuitum?) monasterii</Unicode>
        </TextEquiv>
      </TextLine>
      <TextLine id="eSc_line_720e1c2c" custom="structure {type:default;}">
        <Coords points="733,3005 733,3032 2642,3027 2644,2996 2638,2965 731,2974 733,3005"/>
        <Baseline points="733,3005 2644,2996"/>
        <TextEquiv conf="0.997786577101107">
          <Unicode>praedecessoribus eius concessam renovat, prohibetque, ne sine auctoritate eius in</Unicode>
        </TextEquiv>
      </TextLine>
      <TextLine id="eSc_line_1e235830" custom="structure {type:default;}">
        <Coords points="733,3056 733,3078 2476,3076 2476,3056 2474,3021 733,3025 733,3056"/>
        <Baseline points="733,3056 2476,3056"/>
        <TextEquiv conf="0.9998438879847527">
          <Unicode>ipsa villa ecclesia habeatur. Neues Archiv VI. 356. — „Cum ex iniuncto“.</Unicode>
        </TextEquiv>
      </TextLine>
      <TextLine id="eSc_line_6b7090c6" custom="structure {type:default;}">
        <Coords points="165,3109 165,3135 190,3146 192,3146 194,3146 196,3146 198,3146 198,3144 212,3131 216,3129 254,3129 256,3129 315,3144 318,3144 320,3144 322,3144 324,3144 346,3124 346,3104 340,3025 285,3027 282,3027 280,3027 280,3029 265,3045 238,3074 163,3074 165,3109"/>
        <Baseline points="165,3109 346,3104"/>
        <TextEquiv conf="0.995664632320404">
          <Unicode>„ 10.</Unicode>
        </TextEquiv>
      </TextLine>
      <TextLine id="eSc_line_4cfa97d5" custom="structure {type:default;}">
        <Coords points="682,3113 682,3153 830,3135 1168,3146 1170,3146 1363,3133 1621,3149 1654,3149 1657,3149 1659,3149 1661,3146 1690,3133 1950,3146 1988,3146 1990,3146 2023,3144 2169,3135 2249,3144 2264,3144 2266,3144 2269,3144 2271,3144 2295,3129 2445,3142 2454,3142 2456,3142 2459,3142 2461,3142 2507,3129 2551,3142 2562,3144 2565,3144 2567,3144 2640,3140 2642,3104 2635,3074 680,3080 682,3113"/>
        <Baseline points="682,3113 2642,3104"/>
        <TextEquiv conf="0.9983422621375039">
          <Unicode>11126 Abbati et fratribus S. Benedicti super Ligerim (Floriacensibus) concedit haec:</Unicode>
        </TextEquiv>
      </TextLine>
      <TextLine id="eSc_line_cc909da8" custom="structure {type:default;}">
        <Coords points="459,3120 459,3144 558,3146 561,3120 561,3080 459,3080 459,3120"/>
        <Baseline points="459,3120 561,3120"/>
        <TextEquiv conf="1.0">
          <Unicode>„</Unicode>
        </TextEquiv>
      </TextLine>
      <TextLine id="eSc_line_9f255e59" custom="structure {type:default;}">
        <Coords points="737,3171 737,3197 2642,3186 2644,3162 2640,3133 2171,3122 2169,3122 2167,3122 2134,3133 2123,3133 1831,3124 1829,3124 735,3138 737,3171"/>
        <Baseline points="737,3171 2644,3162"/>
        <TextEquiv conf="0.9916092961667532">
          <Unicode>„licet archiepiscopi aut episcopi propter praesentiam nostram aliquod onus ad prae-</Unicode>
        </TextEquiv>
      </TextLine>
      <TextLine id="eSc_line_76b4da62" custom="structure {type:default;}">
        <Coords points="733,3221 733,3246 2642,3239 2644,3215 2638,3186 731,3191 733,3221"/>
        <Baseline points="733,3221 2644,3215"/>
        <TextEquiv conf="0.9998580863078436">
          <Unicode>sens obedientiis vestris imponant, nulli eorum fas sit posthac occasione illa contra</Unicode>
        </TextEquiv>
      </TextLine>
      <TextLine id="eSc_line_2964decb" custom="structure {type:default;}">
        <Coords points="733,3274 733,3299 2642,3297 2644,3270 2638,3241 731,3241 733,3274"/>
        <Baseline points="733,3274 2644,3270"/>
        <TextEquiv conf="0.9999906995210303">
          <Unicode>antiquam consuetudinem vestram fratribus vestris, per obedientias constitutis, ali-</Unicode>
        </TextEquiv>
      </TextLine>
      <TextLine id="eSc_line_9f90a5f2" custom="structure {type:default;}">
        <Coords points="735,3330 735,3352 2640,3358 2644,3325 2638,3294 733,3297 735,3330"/>
        <Baseline points="735,3330 2644,3325"/>
        <TextEquiv conf="0.9998071200546177">
          <Unicode>quas exactiones imponere aut quidlibet ab eis exigere“. Epist. Innoc. III. ed. Baluzius</Unicode>
        </TextEquiv>
      </TextLine>
      <TextLine id="eSc_line_1a60aacc" custom="structure {type:default;}">
        <Coords points="733,3387 733,3405 1113,3416 1115,3416 1559,3403 1564,3403 1566,3403 1646,3414 1648,3414 1650,3414 1676,3400 1679,3400 1683,3400 1721,3411 1723,3411 1725,3414 1822,3414 1822,3411 1824,3411 1827,3411 1827,3409 1838,3400 1851,3400 2074,3411 2076,3411 2079,3411 2118,3398 2118,3380 2114,3352 1758,3352 1723,3339 1721,3339 1718,3339 1716,3339 1687,3350 1659,3339 1657,3339 1654,3339 1652,3339 1650,3339 1634,3352 1630,3352 1581,3341 1579,3341 1577,3341 1546,3352 1544,3352 1528,3352 1367,3341 1365,3341 1288,3352 1281,3352 1277,3352 1197,3341 1195,3341 1193,3341 1190,3341 1173,3352 1168,3354 1148,3352 1075,3343 1073,3343 731,3352 733,3387"/>
        <Baseline points="733,3387 2118,3380"/>
        <TextEquiv conf="0.9910724738548542">
          <Unicode>II. 327, ed. Migne 216 p. 57. — „Quod aliqua necessitate“.</Unicode>
        </TextEquiv>
      </TextLine>
      <TextLine id="eSc_line_1a86ef18" custom="structure {type:default;}">
        <Coords points="684,3442 684,3464 2646,3462 2646,3433 2640,3400 682,3405 684,3442"/>
        <Baseline points="684,3442 2646,3433"/>
        <TextEquiv conf="0.990666188389422">
          <Unicode>11127 (7434) Episcopis, in quorum dioecesibus monasteria Fontebraldensia constituta</Unicode>
        </TextEquiv>
      </TextLine>
      <TextLine id="eSc_line_c7b99495" custom="structure {type:default;}">
        <Coords points="165,3445 165,3506 216,3506 216,3504 218,3504 220,3504 223,3502 245,3489 349,3493 351,3445 351,3400 165,3400 165,3445"/>
        <Baseline points="165,3445 351,3445"/>
        <TextEquiv conf="0.9845231533050537">
          <Unicode>„ 11.</Unicode>
        </TextEquiv>
      </TextLine>
      <TextLine id="eSc_line_ff44a507" custom="structure {type:default;}">
        <Coords points="461,3453 461,3498 554,3498 554,3449 550,3407 457,3405 461,3453"/>
        <Baseline points="461,3453 554,3449"/>
        <TextEquiv conf="1.0">
          <Unicode>„</Unicode>
        </TextEquiv>
      </TextLine>
      <TextLine id="eSc_line_1aaea39f" custom="structure {type:default;}">
        <Coords points="735,3493 735,3546 828,3539 846,3546 868,3555 870,3555 872,3555 874,3555 892,3546 901,3542 908,3546 921,3555 923,3555 925,3555 927,3557 1098,3557 1098,3555 1100,3555 1126,3544 1142,3539 1175,3544 1241,3555 1243,3555 1294,3544 1314,3539 1330,3544 1365,3555 1367,3555 1369,3555 1372,3555 1405,3544 1422,3537 1431,3544 1438,3548 1440,3548 1442,3548 1444,3548 1495,3542 1546,3537 1577,3542 1637,3553 1639,3553 1714,3542 1745,3537 1760,3542 1800,3553 1802,3553 1805,3555 1972,3555 1972,3553 2050,3539 2070,3537 2092,3539 2187,3551 2189,3551 2191,3551 2238,3539 2255,3535 2368,3535 2375,3537 2392,3551 2394,3551 2397,3551 2399,3551 2401,3551 2439,3539 2483,3551 2485,3551 2487,3551 2642,3535 2642,3486 2638,3460 1444,3451 1442,3451 1232,3462 824,3453 821,3453 733,3464 735,3493"/>
        <Baseline points="735,3493 2642,3486"/>
        <TextEquiv conf="0.9950660935470036">
          <Unicode>sunt, interdicit, ne rirginibus ad Fontebraldensem ordinem transeuntibus munus Bene.</Unicode>
        </TextEquiv>
      </TextLine>
      <TextLine id="eSc_line_588d431d" custom="structure {type:default;}">
        <Coords points="2273,3553 2275,3588 2364,3592 2364,3546 2357,3513 2269,3517 2273,3553"/>
        <Baseline points="2273,3553 2364,3546"/>
        <TextEquiv conf="0.9999999602635702">
          <Unicode>24*</Unicode>
        </TextEquiv>
      </TextLine>
    </TextRegion>
    <TextRegion id="eSc_textblock_d8d7c639"  custom="structure {type:default;}">
      <Coords points="930,141 1816,141 1860,150 1860,236 910,245 892,185 930,141"/>
      <TextLine id="eSc_line_c56d0236" custom="structure {type:default;}">
        <Coords points="910,161 910,209 908,234 927,245 930,245 932,245 934,245 1473,236 1522,249 1524,249 1526,249 1831,236 1833,216 1833,167 1796,150 1794,150 1791,150 1736,161 1690,152 1687,152 1685,152 1683,152 1683,154 1670,165 1557,150 1555,150 1416,163 1374,147 1372,147 1369,147 1290,159 1272,147 1270,147 1268,147 1265,147 994,156 956,145 954,145 952,145 950,145 912,156 910,161"/>
        <Baseline points="910,209 1833,216"/>
        <TextEquiv conf="0.9974334049224853">
          <Unicode>ALEXANDER III. 1159—1181.</Unicode>
        </TextEquiv>
      </TextLine>
    </TextRegion>
    <TextRegion id="eSc_textblock_34b065e6"  custom="structure {type:default;}">
      <Coords points="2554,150 2680,167 2680,227 2644,253 2505,245 2496,167 2554,150"/>
      <TextLine id="eSc_line_7ef065ca" custom="structure {type:default;}">
        <Coords points="2629,161 2622,159 2598,170 2576,165 2547,159 2545,159 2543,159 2518,170 2523,223 2523,253 2642,253 2642,218 2633,161 2629,161"/>
        <Baseline points="2523,223 2642,218"/>
        <TextEquiv conf="0.9999997218449911">
          <Unicode>187</Unicode>
        </TextEquiv>
      </TextLine>
    </TextRegion>
  </Page>
</PcGts>
