<?xml version="1.0" encoding="UTF-8"  standalone="yes"?>
<PcGts xmlns="http://schema.primaresearch.org/PAGE/gts/pagecontent/2019-07-15" xmlns:xsi="http://www.w3.org/2001/XMLSchema-instance" xsi:schemaLocation="http://schema.primaresearch.org/PAGE/gts/pagecontent/2019-07-15 http://schema.primaresearch.org/PAGE/gts/pagecontent/2019-07-15/pagecontent.xsd">
  <Metadata>
	<Creator>escriptorium</Creator>
	<Created>2024-07-19T10:07:51.063348+00:00</Created>
        <LastChange>2024-08-08T08:32:52.609813+00:00</LastChange>
  </Metadata>
  <Page imageFilename="0210.png" imageWidth="3007" imageHeight="3975">
    <TextRegion id="eSc_textblock_e38d184a"  custom="structure {type:default;}">
      <Coords points="720,309 2697,318 2671,3548 760,3566 406,3539 377,3425 342,3531 123,3522 88,3151 97,980 114,644 159,633 123,607 123,424 150,326 720,309"/>
      <TextLine id="eSc_line_1ea7df57" custom="structure {type:default;}">
        <Coords points="651,379 651,401 680,412 682,412 684,412 826,395 826,368 821,322 682,313 680,313 678,313 647,329 651,379"/>
        <Baseline points="651,379 826,368"/>
        <TextEquiv conf="0.9999995708465577">
          <Unicode>1165?</Unicode>
        </TextEquiv>
      </TextLine>
      <TextLine id="eSc_line_1c8e2474" custom="structure {type:default;}">
        <Coords points="735,441 735,468 2651,461 2653,435 2651,395 2591,373 2589,373 2587,373 2585,373 2582,373 2549,395 2547,397 2410,397 2403,395 2253,366 2251,366 2249,366 2246,366 2224,382 2182,368 2180,368 2178,368 2176,368 2129,390 2048,395 1999,399 1895,399 1889,395 1833,368 1831,368 1637,368 1634,368 1632,368 1630,368 1586,395 1579,395 1442,384 1440,384 1438,384 1436,384 1420,395 1416,399 1144,399 1126,395 1038,375 1036,375 1034,375 1031,375 1018,384 908,373 905,373 903,373 819,397 806,399 802,397 790,388 788,388 786,388 784,388 733,395 735,441"/>
        <Baseline points="735,441 2653,435"/>
        <TextEquiv conf="0.993025928735733">
          <Unicode>rege pacem habcat, quod in proximo, domino auctore, continget, teneas omnino</Unicode>
        </TextEquiv>
      </TextLine>
      <TextLine id="eSc_line_42218fbb" custom="structure {type:default;}">
        <Coords points="735,490 733,512 773,527 775,527 777,530 921,530 921,527 923,527 925,527 943,516 1049,527 1051,527 1314,516 1385,527 1387,527 1389,527 1414,516 1469,527 1471,527 1473,527 1495,516 1694,530 1696,530 1699,530 1725,518 1776,530 1778,532 2008,532 2008,530 2010,530 2012,530 2028,518 2507,530 2509,530 2512,530 2514,530 2534,518 2649,518 2651,494 2649,463 735,459 735,490"/>
        <Baseline points="735,490 2651,494"/>
        <TextEquiv conf="0.9957147650420666">
          <Unicode>secretum“. Epist. S. Thomae ed. Lupus p. 62, ed. Giles II. 92, Migne 200 p. 403.</Unicode>
        </TextEquiv>
      </TextLine>
      <TextLine id="eSc_line_33c4e93e" custom="structure {type:default;}">
        <Coords points="740,547 740,569 806,569 824,583 826,583 828,583 830,585 1400,585 1400,583 1402,583 1453,567 1453,547 1451,512 740,516 740,547"/>
        <Baseline points="740,547 1453,547"/>
        <TextEquiv conf="0.9999996865237201">
          <Unicode>— „Miramur plurimum, quod“.</Unicode>
        </TextEquiv>
      </TextLine>
      <TextLine id="eSc_line_fd6023a6" custom="structure {type:default;}">
        <Coords points="687,605 687,629 2651,624 2653,600 2649,560 702,560 700,560 698,560 695,560 684,567 687,605"/>
        <Baseline points="687,605 2653,600"/>
        <TextEquiv conf="0.9967813082488186">
          <Unicode>11250 (7510) Gilbertum, episcopum Londinensem, et ceteros episcopos vituperat, quod</Unicode>
        </TextEquiv>
      </TextLine>
      <TextLine id="eSc_line_ea4c03b2" custom="structure {type:default;}">
        <Coords points="740,660 740,684 2649,682 2651,655 2644,627 737,629 740,660"/>
        <Baseline points="740,660 2651,655"/>
        <TextEquiv conf="0.9896254443827971">
          <Unicode>„in multis remissi et tepidi et negligentes etiam extiterint“. Mandat, commoneant</Unicode>
        </TextEquiv>
      </TextLine>
      <TextLine id="eSc_line_fd0b75a0" custom="structure {type:default;}">
        <Coords points="733,713 733,744 2651,737 2651,713 2651,684 733,684 733,713"/>
        <Baseline points="733,713 2651,713"/>
        <TextEquiv conf="0.9980417281748301">
          <Unicode>„Henricum, Anglorum regem, „ut ecclesiastica et secularia negotia non confundat, ut</Unicode>
        </TextEquiv>
      </TextLine>
      <TextLine id="eSc_line_f28b0046" custom="structure {type:default;}">
        <Coords points="735,770 735,795 2649,792 2651,766 2644,730 733,739 735,770"/>
        <Baseline points="735,770 2651,766"/>
        <TextEquiv conf="0.9998698296485009">
          <Unicode>(Thomam), archiepiscopum Cantuariensem, in amorem et gratiam suam recipiat et</Unicode>
        </TextEquiv>
      </TextLine>
      <TextLine id="eSc_line_bffa5f23" custom="structure {type:default;}">
        <Coords points="737,825 737,845 2649,852 2653,821 2646,792 735,795 737,825"/>
        <Baseline points="737,825 2653,821"/>
        <TextEquiv conf="0.9932801785407128">
          <Unicode>eum cum aliis expulsis ad sedem propriam reducat“. Epist. S. Thomae ed. Lupus</Unicode>
        </TextEquiv>
      </TextLine>
      <TextLine id="eSc_line_e0f56099" custom="structure {type:default;}">
        <Coords points="733,881 733,903 2611,896 2613,876 2609,848 815,839 813,839 731,850 733,881"/>
        <Baseline points="733,881 2613,876"/>
        <TextEquiv conf="0.9854996211921112">
          <Unicode>p. 103, Gilberti Foliot. epist. II. 93, Migne 200 p. 404. — „Quoniam te virum“.</Unicode>
        </TextEquiv>
      </TextLine>
      <TextLine id="eSc_line_da3f50ff" custom="structure {type:default;}">
        <Coords points="687,934 687,960 2646,962 2651,929 2644,896 684,901 687,934"/>
        <Baseline points="687,934 2651,929"/>
        <TextEquiv conf="0.9979976658467893">
          <Unicode>11251 lohanni, abbati Calcoensi, usum mitrae concedit. Liber S. Mariae de Calchou</Unicode>
        </TextEquiv>
      </TextLine>
      <TextLine id="eSc_line_2c74d444" custom="structure {type:default;}">
        <Coords points="737,989 737,1022 2649,1015 2651,982 2646,954 751,947 748,947 746,947 744,947 735,954 737,989"/>
        <Baseline points="737,989 2651,982"/>
        <TextEquiv conf="0.9906617379807806">
          <Unicode>II. 359, Haddan and Stubbs Councils II. I. 236. (Cf. Chronica de Mailros 1165</Unicode>
        </TextEquiv>
      </TextLine>
      <TextLine id="eSc_line_ef968b93" custom="structure {type:default;}">
        <Coords points="735,1046 735,1086 832,1075 1416,1082 1670,1084 1672,1084 1723,1079 1787,1073 2649,1073 2651,1042 2646,1004 828,1004 826,1004 733,1015 735,1046"/>
        <Baseline points="735,1046 2651,1042"/>
        <TextEquiv conf="0.9934029897978139">
          <Unicode>ap. Fell Rer. Angl. SS. p. 170, ed. Stevenson p. 80.) — „Derocionis tue sinceritatem“.</Unicode>
        </TextEquiv>
      </TextLine>
      <TextLine id="eSc_line_ca81fca7" custom="structure {type:default;}">
        <Coords points="651,1135 651,1150 989,1148 992,1130 987,1082 649,1079 651,1135"/>
        <Baseline points="651,1135 992,1130"/>
        <TextEquiv conf="0.998994916677475">
          <Unicode>1159—1166.</Unicode>
        </TextEquiv>
      </TextLine>
      <TextLine id="eSc_line_952ab861" custom="structure {type:default;}">
        <Coords points="682,1207 682,1245 2655,1236 2655,1207 2653,1163 682,1172 682,1207"/>
        <Baseline points="682,1207 2655,1207"/>
        <TextEquiv conf="0.9859781356418834">
          <Unicode>11252 lohanni, archiepiscopo Toletano, Hispaniae primati, pallii usum concedit. Mansi</Unicode>
        </TextEquiv>
      </TextLine>
      <TextLine id="eSc_line_cffadc65" custom="structure {type:default;}">
        <Coords points="740,1265 740,1300 1056,1296 1067,1298 1093,1307 1095,1307 1098,1307 1153,1298 1170,1296 1182,1298 1217,1307 1219,1307 1221,1307 1299,1296 1312,1296 1314,1296 1327,1307 1330,1307 1332,1307 1334,1309 1493,1309 1493,1307 1559,1296 1646,1307 1648,1307 1650,1307 1674,1294 1674,1265 1674,1234 1628,1223 1626,1223 1623,1223 1621,1223 1579,1234 1577,1234 1546,1223 1544,1223 1542,1223 1469,1234 1455,1234 1442,1232 1383,1223 1380,1223 1378,1223 1352,1232 1341,1234 740,1225 740,1265"/>
        <Baseline points="740,1265 1674,1265"/>
        <TextEquiv conf="0.9873460164436927">
          <Unicode>XX. 684. — „Per praesentis privilegii“.</Unicode>
        </TextEquiv>
      </TextLine>
      <TextLine id="eSc_line_76876875" custom="structure {type:default;}">
        <Coords points="649,1358 649,1378 987,1371 987,1351 983,1311 861,1296 859,1296 857,1296 855,1296 841,1305 828,1313 760,1302 746,1300 744,1300 742,1300 740,1300 713,1311 647,1298 649,1358"/>
        <Baseline points="649,1358 987,1351"/>
        <TextEquiv conf="0.9999463796615601">
          <Unicode>1165—1166.</Unicode>
        </TextEquiv>
      </TextLine>
      <TextLine id="eSc_line_f9a996df" custom="structure {type:default;}">
        <Coords points="128,1431 128,1484 349,1468 349,1431 346,1318 128,1329 128,1431"/>
        <Baseline points="128,1431 349,1431"/>
        <TextEquiv conf="0.9984841644763947">
          <Unicode>B„ „</Unicode>
        </TextEquiv>
      </TextLine>
      <TextLine id="eSc_line_3ff806d6" custom="structure {type:default;}">
        <Coords points="393,1428 393,1495 463,1479 492,1486 523,1495 525,1495 528,1495 612,1475 612,1428 612,1331 556,1327 554,1327 552,1327 534,1336 508,1347 477,1338 457,1333 455,1333 452,1333 450,1333 448,1333 439,1340 430,1347 393,1344 393,1428"/>
        <Baseline points="393,1428 612,1428"/>
        <TextEquiv conf="0.824821837246418">
          <Unicode>Lateani.</Unicode>
        </TextEquiv>
      </TextLine>
      <TextLine id="eSc_line_0a29dfe4" custom="structure {type:default;}">
        <Coords points="680,1428 680,1453 2651,1448 2653,1424 2649,1391 2136,1378 2134,1378 2063,1391 2063,1393 1648,1393 1641,1393 1548,1382 1546,1382 1544,1382 1522,1393 1520,1395 1422,1395 1146,1395 1062,1380 1060,1380 830,1391 729,1380 726,1380 724,1380 678,1395 680,1428"/>
        <Baseline points="680,1428 2653,1424"/>
        <TextEquiv conf="0.9986469019418476">
          <Unicode>11253 (7511) (Raimundo) episcopo Palentino praecipit, ut clericos de Portella et Penna-</Unicode>
        </TextEquiv>
      </TextLine>
      <TextLine id="eSc_line_89bf0c89" custom="structure {type:default;}">
        <Coords points="733,1484 733,1506 2651,1514 2653,1484 2653,1455 733,1446 733,1484"/>
        <Baseline points="733,1484 2653,1484"/>
        <TextEquiv conf="0.997393610196955">
          <Unicode>fideli, qui contra interdictum (Iohannis) archiepiscopi Toletani sacra procuraverint,</Unicode>
        </TextEquiv>
      </TextLine>
      <TextLine id="eSc_line_b7376543" custom="structure {type:default;}">
        <Coords points="733,1539 733,1570 2649,1567 2651,1534 2644,1506 731,1508 733,1539"/>
        <Baseline points="733,1539 2651,1534"/>
        <TextEquiv conf="0.9964223458797117">
          <Unicode>archiepiscopo satisfacere cogat. Pulgar Teatro clerical II. Prolusion num. V. —</Unicode>
        </TextEquiv>
      </TextLine>
      <TextLine id="eSc_line_c3b5353e" custom="structure {type:default;}">
        <Coords points="733,1594 733,1625 890,1614 908,1623 916,1625 919,1625 921,1627 1219,1627 1219,1625 1283,1612 1283,1594 1281,1563 733,1563 733,1594"/>
        <Baseline points="733,1594 1283,1594"/>
        <TextEquiv conf="0.9884457662701607">
          <Unicode>„Super discretione tua“.</Unicode>
        </TextEquiv>
      </TextLine>
      <TextLine id="eSc_line_5c39057e" custom="structure {type:default;}">
        <Coords points="163,1658 163,1684 185,1696 187,1696 190,1696 192,1696 214,1689 249,1678 344,1696 346,1654 340,1585 298,1587 296,1587 293,1587 285,1594 243,1623 161,1620 163,1658"/>
        <Baseline points="163,1658 346,1654"/>
        <TextEquiv conf="0.9999558091163635">
          <Unicode>„ 12.</Unicode>
        </TextEquiv>
      </TextLine>
      <TextLine id="eSc_line_5b25bd45" custom="structure {type:default;}">
        <Coords points="457,1660 457,1684 561,1696 563,1660 563,1631 457,1631 457,1660"/>
        <Baseline points="457,1660 563,1660"/>
        <TextEquiv conf="1.0">
          <Unicode>„</Unicode>
        </TextEquiv>
      </TextLine>
      <TextLine id="eSc_line_b0f43d5a" custom="structure {type:default;}">
        <Coords points="680,1651 680,1676 2651,1667 2653,1643 2649,1609 2397,1598 2394,1598 678,1612 680,1651"/>
        <Baseline points="680,1651 2653,1643"/>
        <TextEquiv conf="0.9916681189362596">
          <Unicode>11254 (7512) Henrico, archiepiscopo Remensi, mandat, canonicos Roienses sub inter-</Unicode>
        </TextEquiv>
      </TextLine>
      <TextLine id="eSc_line_f45765fe" custom="structure {type:default;}">
        <Coords points="733,1702 733,1726 2653,1726 2653,1702 2653,1673 733,1673 733,1702"/>
        <Baseline points="733,1702 2653,1702"/>
        <TextEquiv conf="0.9962251865586569">
          <Unicode>dicti poena hortetur, ut erepta ecclesiae Noviomensi restituant et illata damna resar-</Unicode>
        </TextEquiv>
      </TextLine>
      <TextLine id="eSc_line_66141a8d" custom="structure {type:default;}">
        <Coords points="733,1760 733,1786 2651,1782 2653,1753 2649,1724 2012,1713 2010,1713 2008,1713 1975,1724 771,1718 768,1718 766,1718 731,1729 733,1760"/>
        <Baseline points="733,1760 2653,1753"/>
        <TextEquiv conf="0.9934178010413521">
          <Unicode>ciant. Martene Coll. II. 721, Bouquet Rec. XV. 848, Migne 200 p. 405. — „Cum</Unicode>
        </TextEquiv>
      </TextLine>
      <TextLine id="eSc_line_7fdaa533" custom="structure {type:default;}">
        <Coords points="733,1815 733,1835 1239,1837 1241,1815 1239,1777 733,1779 733,1815"/>
        <Baseline points="733,1815 1241,1815"/>
        <TextEquiv conf="0.9999988615512848">
          <Unicode>in regno Francorum“.</Unicode>
        </TextEquiv>
      </TextLine>
      <TextLine id="eSc_line_6521ecc3" custom="structure {type:default;}">
        <Coords points="165,1874 165,1912 342,1921 344,1870 340,1799 271,1795 269,1795 267,1795 265,1795 265,1797 243,1819 225,1839 163,1839 165,1874"/>
        <Baseline points="165,1874 344,1870"/>
        <TextEquiv conf="0.9778541326522827">
          <Unicode>„ 24.</Unicode>
        </TextEquiv>
      </TextLine>
      <TextLine id="eSc_line_1d2ad618" custom="structure {type:default;}">
        <Coords points="475,1879 475,1912 554,1912 554,1879 552,1843 475,1843 475,1879"/>
        <Baseline points="475,1879 554,1879"/>
        <TextEquiv conf="1.0">
          <Unicode>„</Unicode>
        </TextEquiv>
      </TextLine>
      <TextLine id="eSc_line_9f3e23c3" custom="structure {type:default;}">
        <Coords points="682,1870 682,1903 1539,1896 1630,1905 1661,1908 1663,1908 1687,1905 1780,1894 1798,1905 1800,1905 1802,1905 1805,1908 2028,1908 2028,1905 2030,1905 2032,1905 2048,1894 2090,1905 2092,1905 2094,1905 2101,1905 2253,1894 2299,1905 2302,1905 2304,1905 2306,1905 2366,1894 2392,1905 2394,1905 2397,1908 2653,1908 2655,1866 2649,1832 680,1835 682,1870"/>
        <Baseline points="682,1870 2655,1866"/>
        <TextEquiv conf="0.9948114953845381">
          <Unicode>11255 Ecclesiae Oritanae iura ab archiepiscopo Brundisino laedi vetat. Pflugk-Hart-</Unicode>
        </TextEquiv>
      </TextLine>
      <TextLine id="eSc_line_fee7af2d" custom="structure {type:default;}">
        <Coords points="733,1925 733,1952 1009,1965 1011,1965 1014,1965 1060,1952 1104,1965 1106,1965 1109,1965 1175,1949 1179,1949 1230,1949 1246,1963 1248,1963 1250,1963 1252,1963 1336,1952 1440,1963 1442,1963 1444,1963 1447,1963 1460,1954 1469,1961 1469,1963 1471,1963 1473,1963 1475,1965 1575,1965 1575,1963 1577,1963 1579,1963 1597,1947 1597,1921 1592,1892 1248,1881 1246,1881 731,1892 733,1925"/>
        <Baseline points="733,1925 1597,1921"/>
        <TextEquiv conf="0.9914211511611939">
          <Unicode>tung Iter p. 262. — „Venientes ad“.</Unicode>
        </TextEquiv>
      </TextLine>
      <TextLine id="eSc_line_6b203f92" custom="structure {type:default;}">
        <Coords points="656,2014 656,2036 850,2047 852,2047 912,2036 916,2036 930,2036 1080,2044 1082,2044 1648,2031 1648,2005 1643,1965 653,1965 656,2014"/>
        <Baseline points="656,2014 1648,2005"/>
        <TextEquiv conf="0.994852438237932">
          <Unicode>1166. (Ind. 14, pont. a. 7. — 20. Sept. — 8.)</Unicode>
        </TextEquiv>
      </TextLine>
      <TextLine id="eSc_line_c96d964c" custom="structure {type:default;}">
        <Coords points="132,2089 134,2148 234,2124 269,2131 300,2137 302,2137 304,2137 351,2120 351,2086 346,2011 130,2005 132,2089"/>
        <Baseline points="132,2089 351,2086"/>
        <TextEquiv conf="0.940507248044014">
          <Unicode>lan. 18.</Unicode>
        </TextEquiv>
      </TextLine>
      <TextLine id="eSc_line_64c83998" custom="structure {type:default;}">
        <Coords points="393,2086 393,2142 437,2157 439,2157 441,2157 609,2153 609,2086 609,2011 393,2005 393,2086"/>
        <Baseline points="393,2086 609,2086"/>
        <TextEquiv conf="0.839340090751648">
          <Unicode>Laaerani</Unicode>
        </TextEquiv>
      </TextLine>
      <TextLine id="eSc_line_94db8c31" custom="structure {type:default;}">
        <Coords points="682,2089 682,2122 2653,2120 2653,2089 2653,2053 682,2053 682,2089"/>
        <Baseline points="682,2089 2653,2089"/>
        <TextEquiv conf="0.9920151286487338">
          <Unicode>11256 (7513) Henricum, archiepiscopum Remensem, monet, „ut ab eo, cuius nomine,</Unicode>
        </TextEquiv>
      </TextLine>
      <TextLine id="eSc_line_4f6f8d36" custom="structure {type:default;}">
        <Coords points="733,2144 733,2168 2651,2170 2655,2137 2649,2111 731,2115 733,2144"/>
        <Baseline points="733,2144 2655,2137"/>
        <TextEquiv conf="0.9986769240113753">
          <Unicode>cum in regno Francorum esset, sibi 150 libras, fratribus vero suis aliam summam</Unicode>
        </TextEquiv>
      </TextLine>
      <TextLine id="eSc_line_ab765365" custom="structure {type:default;}">
        <Coords points="733,2199 733,2223 2651,2226 2655,2195 2649,2166 731,2168 733,2199"/>
        <Baseline points="733,2199 2655,2195"/>
        <TextEquiv conf="0.9996501851913541">
          <Unicode>obtulerit, 100 sibi marcas argenti, si ulla poterit fieri ratione, cum honestate tamem</Unicode>
        </TextEquiv>
      </TextLine>
      <TextLine id="eSc_line_0eb07cd2" custom="structure {type:default;}">
        <Coords points="737,2254 737,2281 2653,2272 2655,2250 2649,2221 735,2223 737,2254"/>
        <Baseline points="737,2254 2655,2250"/>
        <TextEquiv conf="0.9945233083633055">
          <Unicode>sua acquirat“. Praeterea cupit „de ecclesiis episcopatus sibi honestam subventionem</Unicode>
        </TextEquiv>
      </TextLine>
      <TextLine id="eSc_line_c5bf3dc2" custom="structure {type:default;}">
        <Coords points="735,2312 735,2336 2651,2336 2653,2301 2646,2270 733,2274 735,2312"/>
        <Baseline points="735,2312 2653,2301"/>
        <TextEquiv conf="0.9969030974841699">
          <Unicode>inveniri“. „Tanta namque sunt“ inquit „onera debitorum et creditorum instantia, ut</Unicode>
        </TextEquiv>
      </TextLine>
      <TextLine id="eSc_line_9055712d" custom="structure {type:default;}">
        <Coords points="735,2362 735,2387 2653,2387 2653,2362 2653,2334 735,2334 735,2362"/>
        <Baseline points="735,2362 2653,2362"/>
        <TextEquiv conf="0.9985910232474164">
          <Unicode>nisi ecclesiae Dei a tua fuerit modo liberalitate subventum, vix aut numquam nobis</Unicode>
        </TextEquiv>
      </TextLine>
      <TextLine id="eSc_line_862ff563" custom="structure {type:default;}">
        <Coords points="737,2418 737,2446 2653,2446 2653,2418 2653,2389 737,2389 737,2418"/>
        <Baseline points="737,2418 2653,2418"/>
        <TextEquiv conf="0.9994098880352118">
          <Unicode>statum urbis in ea pace, in qua nunc est, poterimus conservare“. Martene Coll.</Unicode>
        </TextEquiv>
      </TextLine>
      <TextLine id="eSc_line_d3bf8bba" custom="structure {type:default;}">
        <Coords points="737,2475 737,2495 1628,2506 1630,2506 1632,2506 1657,2493 1659,2493 1665,2493 1710,2504 1712,2504 1816,2493 1829,2493 1836,2493 1877,2504 1880,2504 1882,2504 1944,2493 1953,2493 1961,2493 2052,2504 2054,2504 2525,2491 2527,2471 2523,2442 753,2433 751,2433 748,2433 746,2433 735,2440 737,2475"/>
        <Baseline points="737,2475 2527,2471"/>
        <TextEquiv conf="0.998609290996068">
          <Unicode>II. 721, Bouquet Rec. XV. 849, Migne 200 p. 405. — „Integram fidem et“.</Unicode>
        </TextEquiv>
      </TextLine>
      <TextLine id="eSc_line_04df125a" custom="structure {type:default;}">
        <Coords points="170,2535 170,2566 346,2563 346,2528 342,2462 287,2451 285,2451 282,2451 280,2451 245,2482 227,2497 167,2497 170,2535"/>
        <Baseline points="170,2535 346,2528"/>
        <TextEquiv conf="0.9999674081802368">
          <Unicode>„ 28.</Unicode>
        </TextEquiv>
      </TextLine>
      <TextLine id="eSc_line_41cb0522" custom="structure {type:default;}">
        <Coords points="466,2541 466,2572 563,2574 565,2541 563,2504 466,2504 466,2541"/>
        <Baseline points="466,2541 565,2541"/>
        <TextEquiv conf="0.9999841451644897">
          <Unicode>„</Unicode>
        </TextEquiv>
      </TextLine>
      <TextLine id="eSc_line_27781759" custom="structure {type:default;}">
        <Coords points="689,2530 689,2552 2651,2563 2653,2530 2653,2497 689,2497 689,2530"/>
        <Baseline points="689,2530 2653,2530"/>
        <TextEquiv conf="0.9892777090980893">
          <Unicode>11257 (7514) Rogero archiepiscopo Eboracensi et omnibus episcopis Angliae praecipit,</Unicode>
        </TextEquiv>
      </TextLine>
      <TextLine id="eSc_line_23949cbd" custom="structure {type:default;}">
        <Coords points="740,2588 740,2612 2653,2605 2655,2577 2649,2548 737,2555 740,2588"/>
        <Baseline points="740,2588 2655,2577"/>
        <TextEquiv conf="0.9943340722252341">
          <Unicode>ut „super iis, quae ad ecclesiae Cantuariensis iura, dignitates etiam, aut libertates</Unicode>
        </TextEquiv>
      </TextLine>
      <TextLine id="eSc_line_bc35f435" custom="structure {type:default;}">
        <Coords points="740,2638 740,2667 2653,2658 2655,2634 2649,2605 737,2610 740,2638"/>
        <Baseline points="740,2638 2655,2634"/>
        <TextEquiv conf="0.9922353362753278">
          <Unicode>spectare noscantur, se sine conscientia et assensu Thomae archiepiscopi intromittere</Unicode>
        </TextEquiv>
      </TextLine>
      <TextLine id="eSc_line_0f38d280" custom="structure {type:default;}">
        <Coords points="742,2694 742,2718 2653,2718 2655,2689 2649,2658 740,2663 742,2694"/>
        <Baseline points="742,2694 2655,2689"/>
        <TextEquiv conf="0.9948737839373146">
          <Unicode>nullatenus praesumant“. Epist. S. Thomae ed. Giles II. 76, ed. Lupus p. 263, Mansi</Unicode>
        </TextEquiv>
      </TextLine>
      <TextLine id="eSc_line_8f237457" custom="structure {type:default;}">
        <Coords points="744,2751 744,2773 2653,2775 2657,2744 2653,2716 2253,2716 2253,2714 2229,2703 2227,2703 2224,2703 2063,2714 2014,2716 1955,2714 1802,2705 1800,2705 1752,2714 1729,2716 1707,2714 1663,2705 1661,2705 1659,2705 1657,2705 1646,2711 1639,2716 1577,2711 1462,2705 1460,2705 1378,2711 1303,2718 1237,2711 1190,2707 1188,2707 1186,2707 1168,2711 1137,2718 1087,2711 1053,2707 1051,2707 1025,2711 983,2718 961,2711 950,2707 947,2707 945,2707 742,2709 744,2751"/>
        <Baseline points="744,2751 2657,2744"/>
        <TextEquiv conf="0.9960788644495464">
          <Unicode>XXI. 881, Migne 200 p. 406, (Liverani Spicil. Liberian. p. 547, Pfiugk-Harttung Acta</Unicode>
        </TextEquiv>
      </TextLine>
      <TextLine id="eSc_line_b855b08e" custom="structure {type:default;}">
        <Coords points="742,2806 742,2833 2014,2842 2017,2842 2094,2828 2103,2828 2116,2828 2229,2839 2231,2839 2233,2839 2264,2828 2266,2828 2273,2828 2377,2839 2379,2842 2615,2842 2615,2839 2618,2839 2657,2826 2657,2800 2651,2771 740,2771 742,2806"/>
        <Baseline points="742,2806 2657,2800"/>
        <TextEquiv conf="0.9969515106449388">
          <Unicode>II. 368). — „Tanquam ex iniuncto“ „Quamquam ex iniuncto“ „Eam quam ex in-</Unicode>
        </TextEquiv>
      </TextLine>
      <TextLine id="eSc_line_1e8b427c" custom="structure {type:default;}">
        <Coords points="740,2859 740,2879 861,2884 863,2884 866,2884 927,2866 927,2853 921,2820 737,2824 740,2859"/>
        <Baseline points="740,2859 927,2853"/>
        <TextEquiv conf="0.9889009967446327">
          <Unicode>iuncto“.</Unicode>
        </TextEquiv>
      </TextLine>
      <TextLine id="eSc_line_1fe2c030" custom="structure {type:default;}">
        <Coords points="174,2915 174,2952 311,2948 349,2959 353,2915 353,2884 251,2870 249,2870 174,2881 174,2915"/>
        <Baseline points="174,2915 353,2915"/>
        <TextEquiv conf="0.9994164228439331">
          <Unicode>„ 29.</Unicode>
        </TextEquiv>
      </TextLine>
      <TextLine id="eSc_line_3617a808" custom="structure {type:default;}">
        <Coords points="477,2928 477,2956 572,2948 572,2928 570,2881 477,2886 477,2928"/>
        <Baseline points="477,2928 572,2928"/>
        <TextEquiv conf="0.9898239970207214">
          <Unicode>„</Unicode>
        </TextEquiv>
      </TextLine>
      <TextLine id="eSc_line_8193faf0" custom="structure {type:default;}">
        <Coords points="689,2912 689,2941 2655,2934 2657,2906 2653,2877 2083,2866 2081,2866 1999,2877 1995,2877 1959,2877 1367,2868 1365,2868 1283,2879 1274,2881 687,2881 689,2912"/>
        <Baseline points="689,2912 2657,2906"/>
        <TextEquiv conf="0.9980885060060591">
          <Unicode>11258 (7515) Thomae, archiepiscopo Cantuariensi, mandat, hortetur clericos ecclesiae</Unicode>
        </TextEquiv>
      </TextLine>
      <TextLine id="eSc_line_18bf2791" custom="structure {type:default;}">
        <Coords points="742,2968 742,2992 2653,2990 2655,2963 2651,2937 740,2937 742,2968"/>
        <Baseline points="742,2968 2655,2963"/>
        <TextEquiv conf="0.9949459218701651">
          <Unicode>Bangoriensis, ut episcopum eligant; quod nisi fecerint, ipse intra tres menses faciat.</Unicode>
        </TextEquiv>
      </TextLine>
      <TextLine id="eSc_line_31ae58bc" custom="structure {type:default;}">
        <Coords points="744,3025 744,3051 2653,3040 2655,3014 2649,2985 742,2990 744,3025"/>
        <Baseline points="744,3025 2655,3014"/>
        <TextEquiv conf="0.9987531145916709">
          <Unicode>Epist. S. Thomae ed. Giles II. 36, Haddan and Stubbs Councils I. 368, Migne 200</Unicode>
        </TextEquiv>
      </TextLine>
      <TextLine id="eSc_line_f0edf7e9" custom="structure {type:default;}">
        <Coords points="742,3080 742,3102 751,3111 753,3111 755,3111 757,3111 760,3111 793,3098 846,3111 848,3111 850,3111 852,3111 890,3098 1080,3111 1082,3111 1084,3111 1087,3111 1087,3109 1100,3098 1137,3111 1140,3111 1142,3111 1261,3096 1265,3096 1272,3096 1511,3109 1513,3109 1515,3109 1562,3093 1562,3076 1557,3047 1226,3036 1224,3036 740,3049 742,3080"/>
        <Baseline points="742,3080 1562,3076"/>
        <TextEquiv conf="0.9995918642072117">
          <Unicode>p. 407. — „Si, quanta detrimenta“.</Unicode>
        </TextEquiv>
      </TextLine>
      <TextLine id="eSc_line_30cb2791" custom="structure {type:default;}">
        <Coords points="174,3133 174,3184 357,3166 357,3129 351,3082 172,3096 174,3133"/>
        <Baseline points="174,3133 357,3129"/>
        <TextEquiv conf="0.999996566772461">
          <Unicode>„ 30.</Unicode>
        </TextEquiv>
      </TextLine>
      <TextLine id="eSc_line_4a08ec5f" custom="structure {type:default;}">
        <Coords points="479,3142 475,3208 565,3208 570,3146 570,3111 479,3100 479,3142"/>
        <Baseline points="479,3142 570,3146"/>
        <TextEquiv conf="1.0">
          <Unicode>„</Unicode>
        </TextEquiv>
      </TextLine>
      <TextLine id="eSc_line_4473b321" custom="structure {type:default;}">
        <Coords points="691,3131 691,3157 2556,3164 2558,3164 2660,3151 2660,3127 2655,3098 689,3091 691,3131"/>
        <Baseline points="691,3131 2660,3127"/>
        <TextEquiv conf="0.9980726830566986">
          <Unicode>11259 (7516) Henrico, archiepiscopo Remensi, in (Thomam) archiepiscopum Cantua-</Unicode>
        </TextEquiv>
      </TextLine>
      <TextLine id="eSc_line_249f583a" custom="structure {type:default;}">
        <Coords points="742,3186 742,3213 2653,3204 2655,3177 2649,3149 740,3151 742,3186"/>
        <Baseline points="742,3186 2655,3177"/>
        <TextEquiv conf="0.997078546558518">
          <Unicode>riensem officioso, gratias agit; eundem „nunc ope et consilio maxime opus habentem“</Unicode>
        </TextEquiv>
      </TextLine>
      <TextLine id="eSc_line_6d8e01ea" custom="structure {type:default;}">
        <Coords points="742,3237 742,3263 1696,3263 1699,3263 1727,3274 1729,3274 1732,3274 2653,3263 2655,3241 2653,3210 742,3206 742,3237"/>
        <Baseline points="742,3237 2655,3241"/>
        <TextEquiv conf="0.9967890992576693">
          <Unicode>commendat. Martene Coll. II. 723, Epist. S. Thomae ed. Giles II. 52, Bouquet Rec.</Unicode>
        </TextEquiv>
      </TextLine>
      <TextLine id="eSc_line_a398c52b" custom="structure {type:default;}">
        <Coords points="746,3290 744,3310 773,3325 775,3325 777,3325 779,3325 824,3312 874,3325 877,3325 879,3327 961,3327 961,3325 963,3325 965,3325 978,3314 992,3325 994,3325 996,3325 998,3325 1113,3323 1115,3323 1117,3323 1131,3312 1182,3327 1184,3327 1186,3327 1188,3327 1228,3314 1248,3327 1250,3327 1252,3327 1254,3327 1502,3314 1515,3325 1515,3327 1517,3327 1520,3327 1522,3327 1679,3316 1749,3330 1752,3330 1831,3316 1866,3330 1869,3330 1871,3330 2048,3314 2050,3297 2048,3266 746,3250 746,3290"/>
        <Baseline points="746,3290 2050,3297"/>
        <TextEquiv conf="0.9998847651031783">
          <Unicode>XV. 849, Migne 200 p. 407. — „Inter ceteras divinae“.</Unicode>
        </TextEquiv>
      </TextLine>
      <TextLine id="eSc_line_10b64cc3" custom="structure {type:default;}">
        <Coords points="139,3343 136,3387 351,3385 353,3347 353,3281 296,3268 293,3268 291,3268 289,3268 258,3281 236,3266 234,3266 231,3266 229,3266 139,3279 139,3343"/>
        <Baseline points="139,3343 353,3347"/>
        <TextEquiv conf="0.9957800880074501">
          <Unicode>Febr. 9.</Unicode>
        </TextEquiv>
      </TextLine>
      <TextLine id="eSc_line_145ab178" custom="structure {type:default;}">
        <Coords points="472,3363 472,3392 517,3405 519,3405 521,3405 572,3396 572,3358 565,3316 470,3319 472,3363"/>
        <Baseline points="472,3363 572,3358"/>
        <TextEquiv conf="1.0">
          <Unicode>„</Unicode>
        </TextEquiv>
      </TextLine>
      <TextLine id="eSc_line_84442195" custom="structure {type:default;}">
        <Coords points="695,3352 695,3383 1343,3385 1345,3385 1389,3378 1418,3374 1604,3376 1992,3383 1995,3383 2063,3372 2076,3372 2143,3372 2620,3380 2622,3380 2624,3380 2655,3367 2655,3345 2649,3305 693,3319 695,3352"/>
        <Baseline points="695,3352 2655,3345"/>
        <TextEquiv conf="0.9996550028974359">
          <Unicode>11260 (7517) Universum clerum et populum Bangoriensem iam iterum hortatur, ut</Unicode>
        </TextEquiv>
      </TextLine>
      <TextLine id="eSc_line_0b0180e5" custom="structure {type:default;}">
        <Coords points="744,3405 744,3425 2653,3427 2655,3405 2655,3376 744,3376 744,3405"/>
        <Baseline points="744,3405 2655,3405"/>
        <TextEquiv conf="0.9995401885948683">
          <Unicode>episcopum eligant, a Thoma, archiepiscopo Cantuariensi, consecrandum. Epist.</Unicode>
        </TextEquiv>
      </TextLine>
      <TextLine id="eSc_line_414b3c68" custom="structure {type:default;}">
        <Coords points="744,3460 744,3509 846,3489 1232,3489 1299,3506 1321,3513 1323,3513 1325,3513 1327,3513 1349,3506 1367,3502 1385,3506 1420,3515 1422,3515 1425,3515 1427,3515 1429,3515 1442,3506 1451,3500 1581,3491 1617,3504 1626,3509 1628,3509 1630,3509 1668,3504 1736,3498 1747,3504 1760,3513 1763,3513 1765,3513 1767,3513 1824,3504 1884,3495 1990,3504 2112,3513 2114,3513 2116,3513 2140,3502 2154,3498 2176,3502 2224,3513 2227,3515 2465,3515 2465,3513 2529,3502 2602,3486 2642,3500 2649,3456 2642,3425 742,3427 744,3460"/>
        <Baseline points="744,3460 2649,3456"/>
        <TextEquiv conf="0.9899564757943153">
          <Unicode>S. Thomae ed. Giles II. 90. Haddan and Stubbs Councils I. 369. Migne 200 p. 408.</Unicode>
        </TextEquiv>
      </TextLine>
      <TextLine id="eSc_line_fb351f12" custom="structure {type:default;}">
        <Coords points="757,3513 760,3577 806,3564 848,3575 852,3577 855,3577 857,3577 883,3575 1018,3562 1109,3562 1117,3570 1122,3573 1122,3575 1124,3575 1126,3575 1129,3575 1261,3566 1261,3509 1257,3482 1007,3471 1005,3471 755,3484 757,3513"/>
        <Baseline points="757,3513 1261,3509"/>
        <TextEquiv conf="0.9978874236345291">
          <Unicode>— „Quia ex defectu“.</Unicode>
        </TextEquiv>
      </TextLine>
    </TextRegion>
    <TextRegion id="eSc_textblock_8d7b4d80"  custom="structure {type:default;}">
      <Coords points="947,159 1798,159 1869,176 1869,245 919,262 901,194 947,159"/>
      <TextLine id="eSc_line_7cd1b3a9" custom="structure {type:default;}">
        <Coords points="1780,159 1774,159 1687,174 1497,163 1495,163 1418,174 1398,159 1383,159 1360,159 1338,159 1336,159 1334,159 1334,161 1319,174 1316,176 1314,174 1268,159 1265,159 1263,159 1186,172 1148,159 1146,159 1144,159 1056,170 954,159 941,161 919,176 921,229 921,256 1199,265 1201,265 1204,265 1206,265 1215,258 1224,253 1243,260 1261,265 1263,265 1265,265 1268,265 1290,260 1323,251 1345,260 1358,265 1360,265 1363,265 1400,260 1486,249 1506,260 1506,262 1509,262 1511,262 1513,265 1595,265 1595,262 1601,262 1661,249 1674,260 1674,262 1676,262 1679,262 1681,265 1840,265 1842,225 1840,176 1796,159 1780,159"/>
        <Baseline points="921,229 1842,225"/>
        <TextEquiv conf="0.9995543169975281">
          <Unicode>ALEXANDER III. 1159—1181.</Unicode>
        </TextEquiv>
      </TextLine>
    </TextRegion>
    <TextRegion id="eSc_textblock_4b47c763"  custom="structure {type:default;}">
      <Coords points="2527,167 2697,176 2697,245 2531,271 2505,227 2527,167"/>
      <TextLine id="eSc_line_85956e51" custom="structure {type:default;}">
        <Coords points="2534,231 2534,258 2653,253 2653,225 2646,174 2529,176 2534,231"/>
        <Baseline points="2534,231 2653,225"/>
        <TextEquiv conf="1.0">
          <Unicode>197</Unicode>
        </TextEquiv>
      </TextLine>
    </TextRegion>
  </Page>
</PcGts>
