<?xml version="1.0" encoding="UTF-8"  standalone="yes"?>
<PcGts xmlns="http://schema.primaresearch.org/PAGE/gts/pagecontent/2019-07-15" xmlns:xsi="http://www.w3.org/2001/XMLSchema-instance" xsi:schemaLocation="http://schema.primaresearch.org/PAGE/gts/pagecontent/2019-07-15 http://schema.primaresearch.org/PAGE/gts/pagecontent/2019-07-15/pagecontent.xsd">
  <Metadata>
	<Creator>escriptorium</Creator>
	<Created>2024-07-19T10:08:30.164162+00:00</Created>
        <LastChange>2024-08-08T08:34:24.599806+00:00</LastChange>
  </Metadata>
  <Page imageFilename="0234.png" imageWidth="3007" imageHeight="3975">
    <TextRegion id="eSc_textblock_86fae7de"  custom="structure {type:default;}">
      <Coords points="773,291 2688,300 2671,3495 1075,3495 1073,3522 662,3522 642,3478 397,3495 362,2912 342,3495 132,3504 97,2895 106,397 167,318 351,318 377,397 397,318 616,309 660,335 662,300 773,291"/>
      <TextLine id="eSc_line_b2040a66" custom="structure {type:default;}">
        <Coords points="660,311 662,357 662,382 994,382 996,353 989,300 662,306 660,311"/>
        <Baseline points="662,357 996,353"/>
        <TextEquiv conf="0.9998470783233643">
          <Unicode>1168—1169.</Unicode>
        </TextEquiv>
      </TextLine>
      <TextLine id="eSc_line_e1cab7e7" custom="structure {type:default;}">
        <Coords points="136,421 136,454 357,452 357,417 353,368 134,364 136,421"/>
        <Baseline points="136,421 357,417"/>
        <TextEquiv conf="0.9976374730467796">
          <Unicode>Aug. 29.</Unicode>
        </TextEquiv>
      </TextLine>
      <TextLine id="eSc_line_9bb1f912" custom="structure {type:default;}">
        <Coords points="397,415 395,457 470,468 472,468 475,468 486,463 505,452 532,463 534,463 536,463 600,454 629,470 636,419 634,362 397,362 397,415"/>
        <Baseline points="397,415 636,419"/>
        <TextEquiv conf="0.9994657437006632">
          <Unicode>Beneventi</Unicode>
        </TextEquiv>
      </TextLine>
      <TextLine id="eSc_line_2434c4bb" custom="structure {type:default;}">
        <Coords points="695,419 695,443 2655,437 2657,410 2651,368 2209,368 2207,368 2169,357 2167,357 2165,357 2098,368 2085,371 2017,368 1679,359 1676,359 1674,359 1672,359 1659,371 1657,371 1626,371 1257,362 1254,362 1199,373 1179,375 1153,373 1082,364 1080,364 693,373 695,419"/>
        <Baseline points="695,419 2657,410"/>
        <TextEquiv conf="0.999348183230656">
          <Unicode>11574 (7735) Henrico, archiepiscpo Remensi, mandat, ut fratribus castri de Dampere</Unicode>
        </TextEquiv>
      </TextLine>
      <TextLine id="eSc_line_3afa1348" custom="structure {type:default;}">
        <Coords points="744,474 744,494 2653,499 2657,470 2651,439 742,441 744,474"/>
        <Baseline points="744,474 2657,470"/>
        <TextEquiv conf="0.9998428799487926">
          <Unicode>coemeterium, nisi iam a (Guidone) episcopo Catalaunensi acceperint, ipse tribuat.</Unicode>
        </TextEquiv>
      </TextLine>
      <TextLine id="eSc_line_c962021a" custom="structure {type:default;}">
        <Coords points="746,525 746,554 2262,552 2262,525 2262,494 746,490 746,525"/>
        <Baseline points="746,525 2262,525"/>
        <TextEquiv conf="0.9988608838933887">
          <Unicode>Martene Coll. II. 755, Migne 200 p. 558. — „Dilecti filii nostri“.</Unicode>
        </TextEquiv>
      </TextLine>
      <TextLine id="eSc_line_81dc9def" custom="structure {type:default;}">
        <Coords points="132,583 132,631 229,642 231,642 234,642 265,629 282,620 351,624 353,583 353,547 132,538 132,583"/>
        <Baseline points="132,583 353,583"/>
        <TextEquiv conf="0.9968557730317116">
          <Unicode>Sept. 4.</Unicode>
        </TextEquiv>
      </TextLine>
      <TextLine id="eSc_line_51134c0a" custom="structure {type:default;}">
        <Coords points="481,598 481,640 565,631 565,598 565,547 523,543 521,543 519,543 481,560 481,598"/>
        <Baseline points="481,598 565,598"/>
        <TextEquiv conf="1.0">
          <Unicode>„</Unicode>
        </TextEquiv>
      </TextLine>
      <TextLine id="eSc_line_bce0fe37" custom="structure {type:default;}">
        <Coords points="695,583 695,609 2653,609 2655,574 2651,545 2302,534 2299,534 2174,545 2160,545 2123,545 1747,536 1745,536 1683,545 1670,549 693,549 695,583"/>
        <Baseline points="695,583 2655,574"/>
        <TextEquiv conf="0.9965197149445029">
          <Unicode>11575 (7736) Interdicti sententiam, a Leonate abbate Piscariensi in clericos de terra</Unicode>
        </TextEquiv>
      </TextLine>
      <TextLine id="eSc_line_7e17bcf5" custom="structure {type:default;}">
        <Coords points="744,638 744,664 2655,664 2657,631 2653,605 742,602 744,638"/>
        <Baseline points="744,638 2657,631"/>
        <TextEquiv conf="0.9942117469856538">
          <Unicode>Sansonesca promulgatam et ab I(ohanne) episcopo Signiensi confirmatam, ratam facit.</Unicode>
        </TextEquiv>
      </TextLine>
      <TextLine id="eSc_line_232b14f8" custom="structure {type:default;}">
        <Coords points="742,695 742,713 1979,706 1981,689 1977,651 1153,651 1151,651 1095,662 751,653 748,653 746,653 744,653 744,655 742,655 740,655 742,695"/>
        <Baseline points="742,695 1981,689"/>
        <TextEquiv conf="0.9804493188858032">
          <Unicode>Muratori R. It. SS. II. Ir. 1013. — „Ex continentia“.</Unicode>
        </TextEquiv>
      </TextLine>
      <TextLine id="eSc_line_6390f8a0" custom="structure {type:default;}">
        <Coords points="172,755 172,777 285,770 287,770 320,781 322,781 324,781 326,781 329,781 353,766 353,750 346,711 170,715 172,755"/>
        <Baseline points="172,755 353,750"/>
        <TextEquiv conf="0.9999849796295166">
          <Unicode>„ 6.</Unicode>
        </TextEquiv>
      </TextLine>
      <TextLine id="eSc_line_4b6dad55" custom="structure {type:default;}">
        <Coords points="481,757 477,839 563,852 570,761 567,717 481,717 481,757"/>
        <Baseline points="481,757 570,761"/>
        <TextEquiv conf="1.0">
          <Unicode>„</Unicode>
        </TextEquiv>
      </TextLine>
      <TextLine id="eSc_line_33d9a803" custom="structure {type:default;}">
        <Coords points="691,748 691,775 2655,775 2657,742 2653,711 689,708 691,748"/>
        <Baseline points="691,748 2657,742"/>
        <TextEquiv conf="0.9955016603836646">
          <Unicode>11576 (7737) Henrico, archiepiscopo Remensi, mandat, ut quem excommunicaverit,</Unicode>
        </TextEquiv>
      </TextLine>
      <TextLine id="eSc_line_3e659d6e" custom="structure {type:default;}">
        <Coords points="742,801 742,825 2655,832 2660,797 2655,768 740,766 742,801"/>
        <Baseline points="742,801 2660,797"/>
        <TextEquiv conf="0.9984501066145959">
          <Unicode>Paganum militem absolvat. Martene Coll. II. 756, Migne 200 p. 558. — „Veniens</Unicode>
        </TextEquiv>
      </TextLine>
      <TextLine id="eSc_line_80575023" custom="structure {type:default;}">
        <Coords points="742,859 742,874 903,885 905,885 908,885 910,885 910,883 921,874 1084,883 1087,883 1089,883 1133,870 1133,854 1129,825 941,814 938,814 936,814 934,814 934,817 932,817 925,825 786,817 784,817 782,817 740,828 742,859"/>
        <Baseline points="742,859 1133,854"/>
        <TextEquiv conf="0.9999982609468347">
          <Unicode>ad nos dilectus“.</Unicode>
        </TextEquiv>
      </TextLine>
      <TextLine id="eSc_line_09921e78" custom="structure {type:default;}">
        <Coords points="170,918 170,947 349,942 349,912 342,861 251,872 234,856 234,854 231,854 229,854 165,854 170,918"/>
        <Baseline points="170,918 349,912"/>
        <TextEquiv conf="0.9522093236446381">
          <Unicode>„ 6.</Unicode>
        </TextEquiv>
      </TextLine>
      <TextLine id="eSc_line_67e3b500" custom="structure {type:default;}">
        <Coords points="481,951 512,965 514,965 517,965 570,956 570,923 565,856 477,832 481,927 481,951"/>
        <Baseline points="481,927 570,923"/>
        <TextEquiv conf="0.9999996423721313">
          <Unicode>„</Unicode>
        </TextEquiv>
      </TextLine>
      <TextLine id="eSc_line_c0deed55" custom="structure {type:default;}">
        <Coords points="691,916 691,938 2653,931 2655,907 2651,867 828,865 826,865 689,876 691,916"/>
        <Baseline points="691,916 2655,907"/>
        <TextEquiv conf="0.9992243949024157">
          <Unicode>11577 (7738) Henrico, archiepiscopo Remensi, mandat, cogat Rad. de Curteio, II. comitem</Unicode>
        </TextEquiv>
      </TextLine>
      <TextLine id="eSc_line_b2e5e82c" custom="structure {type:default;}">
        <Coords points="742,967 742,989 2655,998 2657,967 2657,936 742,936 742,967"/>
        <Baseline points="742,967 2657,967"/>
        <TextEquiv conf="0.9999519417231734">
          <Unicode>Grandis-prati, alios, ut ablata monasterio S. Remigii restituant. Martene Coll. II. 757,</Unicode>
        </TextEquiv>
      </TextLine>
      <TextLine id="eSc_line_05877ee8" custom="structure {type:default;}">
        <Coords points="740,1022 740,1044 2474,1037 2476,1018 2472,989 737,982 740,1022"/>
        <Baseline points="740,1022 2476,1018"/>
        <TextEquiv conf="0.9941427102987317">
          <Unicode>Bouquet Rec. XV. 868. Migne 200 p. 559. — „Conquestionem abbatis et“.</Unicode>
        </TextEquiv>
      </TextLine>
      <TextLine id="eSc_line_e9001770" custom="structure {type:default;}">
        <Coords points="170,1084 170,1115 349,1115 349,1077 344,1035 218,1026 216,1026 214,1026 167,1040 170,1084"/>
        <Baseline points="170,1084 349,1077"/>
        <TextEquiv conf="0.99980129301548">
          <Unicode>„ 6.</Unicode>
        </TextEquiv>
      </TextLine>
      <TextLine id="eSc_line_a41af8ab" custom="structure {type:default;}">
        <Coords points="475,1093 477,1199 525,1183 576,1192 578,1093 578,1029 475,1022 475,1093"/>
        <Baseline points="475,1093 578,1093"/>
        <TextEquiv conf="1.0">
          <Unicode>„</Unicode>
        </TextEquiv>
      </TextLine>
      <TextLine id="eSc_line_89f1cc9a" custom="structure {type:default;}">
        <Coords points="691,1077 691,1108 2662,1104 2662,1071 2657,1042 689,1040 691,1077"/>
        <Baseline points="691,1077 2662,1071"/>
        <TextEquiv conf="0.9980883038625484">
          <Unicode>11578 (7739) Henrico, archiepiscopo Remensi, mandat, ut Stephanum et quosdam alios</Unicode>
        </TextEquiv>
      </TextLine>
      <TextLine id="eSc_line_5181ed9f" custom="structure {type:default;}">
        <Coords points="742,1132 742,1157 2657,1150 2660,1126 2653,1097 740,1099 742,1132"/>
        <Baseline points="742,1132 2660,1126"/>
        <TextEquiv conf="0.9991104663088081">
          <Unicode>in villa Insula habitantes, ac fratres hospitalis Hierosolymitani cogat abbati fratribus-</Unicode>
        </TextEquiv>
      </TextLine>
      <TextLine id="eSc_line_f8a47a9b" custom="structure {type:default;}">
        <Coords points="742,1185 742,1210 2657,1207 2660,1181 2653,1152 740,1154 742,1185"/>
        <Baseline points="742,1185 2660,1181"/>
        <TextEquiv conf="0.9962709181010723">
          <Unicode>que S. Remigii satisfacere; praeterea ut iisdem „possessiones et beneficia, quae</Unicode>
        </TextEquiv>
      </TextLine>
      <TextLine id="eSc_line_415885ac" custom="structure {type:default;}">
        <Coords points="740,1243 740,1267 2655,1263 2657,1236 2651,1203 737,1212 740,1243"/>
        <Baseline points="740,1243 2657,1236"/>
        <TextEquiv conf="0.9982446102535023">
          <Unicode>schismatici de regno Alemanniae in provincia eius noscantur habere, assignet“. „IIlud</Unicode>
        </TextEquiv>
      </TextLine>
      <TextLine id="eSc_line_d18e5f69" custom="structure {type:default;}">
        <Coords points="740,1298 740,1322 2651,1325 2655,1289 2649,1263 737,1267 740,1298"/>
        <Baseline points="740,1298 2655,1289"/>
        <TextEquiv conf="0.9999875539465796">
          <Unicode>autem“ inquit „memoriter teneas, quod non omnes de regno Allemaniae schismatica</Unicode>
        </TextEquiv>
      </TextLine>
      <TextLine id="eSc_line_4eb4158a" custom="structure {type:default;}">
        <Coords points="742,1349 740,1366 870,1382 872,1382 1400,1371 1422,1382 1425,1382 1778,1384 1780,1384 1900,1373 2012,1384 2014,1384 2017,1384 2065,1373 2151,1384 2154,1384 2538,1373 2585,1384 2587,1384 2589,1384 2655,1371 2657,1353 2653,1318 742,1318 742,1349"/>
        <Baseline points="742,1349 2657,1353"/>
        <TextEquiv conf="0.9983967271032212">
          <Unicode>sunt pravitate respersi, sed quidam eorum nobis devoti existunt“. Martene Coll.</Unicode>
        </TextEquiv>
      </TextLine>
      <TextLine id="eSc_line_12f4bcd8" custom="structure {type:default;}">
        <Coords points="742,1408 742,1428 1356,1439 1358,1439 1360,1439 1387,1428 1389,1428 1489,1439 1491,1439 1493,1439 1526,1428 1619,1439 1621,1439 1623,1439 1670,1426 1674,1426 1681,1426 1714,1437 1716,1437 1718,1439 1827,1439 1827,1437 1829,1437 1831,1437 1844,1426 1847,1426 1875,1437 1877,1437 1880,1437 2008,1426 2017,1426 2021,1426 2070,1437 2072,1439 2470,1439 2470,1437 2472,1437 2520,1424 2520,1404 2516,1371 2273,1362 2271,1362 2269,1362 2266,1362 2253,1371 2251,1373 2246,1371 2220,1362 2218,1362 2216,1362 2174,1371 2165,1373 2160,1371 2136,1362 2134,1362 2132,1362 1977,1373 1959,1373 1957,1373 1942,1362 1939,1362 1937,1362 1935,1362 1785,1373 1778,1373 1745,1362 1743,1362 1741,1362 1639,1375 1623,1375 1595,1375 1411,1364 1409,1364 1407,1364 1378,1375 1376,1375 1374,1375 1290,1364 1288,1364 1226,1375 1186,1364 1184,1364 1182,1364 1014,1375 961,1364 958,1364 956,1364 923,1375 839,1364 837,1364 835,1364 810,1375 753,1364 751,1364 748,1364 746,1364 746,1366 740,1371 742,1408"/>
        <Baseline points="742,1408 2520,1404"/>
        <TextEquiv conf="0.989570243133081">
          <Unicode>II. 757, Bouquet Rec. XV. 868, Migne 200 p. 560. — „Dilecti filii nostri“.</Unicode>
        </TextEquiv>
      </TextLine>
      <TextLine id="eSc_line_a52b93a0" custom="structure {type:default;}">
        <Coords points="273,1459 269,1501 344,1506 351,1464 351,1393 276,1382 273,1459"/>
        <Baseline points="273,1459 351,1464"/>
        <TextEquiv conf="0.9997791945934296">
          <Unicode>6.</Unicode>
        </TextEquiv>
      </TextLine>
      <TextLine id="eSc_line_07736493" custom="structure {type:default;}">
        <Coords points="475,1477 475,1503 574,1503 574,1470 567,1433 470,1442 475,1477"/>
        <Baseline points="475,1477 574,1470"/>
        <TextEquiv conf="1.0">
          <Unicode>„</Unicode>
        </TextEquiv>
      </TextLine>
      <TextLine id="eSc_line_35efeb15" custom="structure {type:default;}">
        <Coords points="689,1464 689,1492 2657,1481 2660,1457 2653,1426 687,1428 689,1464"/>
        <Baseline points="689,1464 2660,1457"/>
        <TextEquiv conf="0.9904112435248961">
          <Unicode>11579 (7740) Quibusdam mandat, ut inter En. priorem de Valle S. Petri et fratres de</Unicode>
        </TextEquiv>
      </TextLine>
      <TextLine id="eSc_line_1cf1c4ae" custom="structure {type:default;}">
        <Coords points="742,1519 742,1545 1696,1559 1699,1559 1805,1548 1997,1556 1999,1556 2001,1556 2034,1545 2041,1543 2045,1545 2079,1556 2081,1556 2083,1556 2657,1543 2660,1514 2655,1486 740,1481 742,1519"/>
        <Baseline points="742,1519 2660,1514"/>
        <TextEquiv conf="0.9931537672877312">
          <Unicode>Tenalliis iudicium faciant. Martene Coll. II. 758, Migne 200 p. 561. — „Quotiens</Unicode>
        </TextEquiv>
      </TextLine>
      <TextLine id="eSc_line_8d72015d" custom="structure {type:default;}">
        <Coords points="740,1572 740,1592 978,1598 980,1598 983,1598 1025,1585 1025,1567 1018,1539 737,1541 740,1572"/>
        <Baseline points="740,1572 1025,1567"/>
        <TextEquiv conf="0.9999999724901639">
          <Unicode>inter viros“.</Unicode>
        </TextEquiv>
      </TextLine>
      <TextLine id="eSc_line_deee484f" custom="structure {type:default;}">
        <Coords points="170,1631 170,1667 346,1676 346,1625 333,1539 318,1550 165,1550 170,1631"/>
        <Baseline points="170,1631 346,1625"/>
        <TextEquiv conf="0.970193088054657">
          <Unicode>„ 14.</Unicode>
        </TextEquiv>
      </TextLine>
      <TextLine id="eSc_line_cee2e9aa" custom="structure {type:default;}">
        <Coords points="463,1643 463,1673 576,1673 576,1638 570,1598 461,1603 463,1643"/>
        <Baseline points="463,1643 576,1638"/>
        <TextEquiv conf="0.9999717473983765">
          <Unicode>„</Unicode>
        </TextEquiv>
      </TextLine>
      <TextLine id="eSc_line_54f36834" custom="structure {type:default;}">
        <Coords points="691,1627 691,1654 2657,1647 2660,1620 2657,1590 2615,1578 2613,1578 2611,1578 2523,1587 2505,1590 2503,1587 2483,1576 2481,1576 2478,1576 2476,1576 2339,1587 2306,1590 2269,1587 2127,1576 2125,1576 2123,1576 2103,1587 2094,1592 1992,1594 1557,1594 1542,1585 1533,1578 1531,1578 1528,1578 1526,1578 1524,1578 1504,1585 1480,1592 1394,1585 1369,1583 1367,1583 1365,1583 1360,1585 1330,1594 1270,1583 1259,1583 1257,1583 1232,1583 1084,1594 1064,1583 1062,1581 1060,1581 1058,1581 868,1581 866,1581 863,1581 861,1581 859,1583 843,1592 689,1583 691,1627"/>
        <Baseline points="691,1627 2660,1620"/>
        <TextEquiv conf="0.9914322616088957">
          <Unicode>11580 (7741) Canonicis Pisanis mandat, ut proposita excommunicatione interdicant, ne</Unicode>
        </TextEquiv>
      </TextLine>
      <TextLine id="eSc_line_53b8d594" custom="structure {type:default;}">
        <Coords points="742,1682 742,1711 2655,1711 2657,1676 2651,1647 740,1654 742,1682"/>
        <Baseline points="742,1682 2657,1676"/>
        <TextEquiv conf="0.9987730155157488">
          <Unicode>quis ab intruso ac schismatico monasterii Sextensis abbate beneficia accipiat. Ughelli</Unicode>
        </TextEquiv>
      </TextLine>
      <TextLine id="eSc_line_ed2de02b" custom="structure {type:default;}">
        <Coords points="742,1735 742,1764 1469,1775 1471,1775 1473,1775 1475,1775 1491,1764 1506,1775 1509,1775 1511,1775 1513,1775 1634,1764 1687,1775 1690,1775 1692,1775 1721,1762 1723,1762 1725,1762 1758,1773 1760,1773 1763,1773 1915,1764 2085,1773 2087,1773 2138,1762 2143,1762 2169,1762 2615,1773 2618,1773 2620,1773 2657,1760 2657,1731 2651,1702 740,1702 742,1735"/>
        <Baseline points="742,1735 2657,1731"/>
        <TextEquiv conf="0.9924328021886872">
          <Unicode>It. sacr. III. 405, Mittarelli Ann. Cam. IV. app. p. 29, Migne 200 p. 561. — „Qua-</Unicode>
        </TextEquiv>
      </TextLine>
      <TextLine id="eSc_line_07e8dae9" custom="structure {type:default;}">
        <Coords points="740,1790 740,1810 972,1824 974,1824 1197,1810 1197,1790 1197,1762 740,1751 740,1790"/>
        <Baseline points="740,1790 1197,1790"/>
        <TextEquiv conf="0.99811319510142">
          <Unicode>liter inturgescente“.</Unicode>
        </TextEquiv>
      </TextLine>
      <TextLine id="eSc_line_98f06f08" custom="structure {type:default;}">
        <Coords points="170,1850 170,1892 346,1885 346,1846 338,1784 296,1797 267,1784 265,1784 262,1784 260,1784 258,1784 256,1784 227,1799 167,1786 170,1850"/>
        <Baseline points="170,1850 346,1846"/>
        <TextEquiv conf="0.9999706268310546">
          <Unicode>„ 17.</Unicode>
        </TextEquiv>
      </TextLine>
      <TextLine id="eSc_line_999555f7" custom="structure {type:default;}">
        <Coords points="466,1863 466,1888 572,1892 574,1859 567,1808 463,1821 466,1863"/>
        <Baseline points="466,1863 574,1859"/>
        <TextEquiv conf="1.0">
          <Unicode>„</Unicode>
        </TextEquiv>
      </TextLine>
      <TextLine id="eSc_line_78f0c550" custom="structure {type:default;}">
        <Coords points="689,1846 689,1874 2662,1872 2662,1846 2662,1810 689,1810 689,1846"/>
        <Baseline points="689,1846 2662,1846"/>
        <TextEquiv conf="0.9999915375766983">
          <Unicode>11581 (7742) Henrico, archiepiscopo Remensi, causam Marbelini et Belot. matris eius</Unicode>
        </TextEquiv>
      </TextLine>
      <TextLine id="eSc_line_bbbe0d36" custom="structure {type:default;}">
        <Coords points="742,1901 742,1938 2653,1930 2655,1896 2651,1870 740,1870 742,1901"/>
        <Baseline points="742,1901 2655,1896"/>
        <TextEquiv conf="0.9914930973734174">
          <Unicode>cum A. milite diiudicandam mandat. Martene Coll. II. 759, Migne 200 p. 562. —</Unicode>
        </TextEquiv>
      </TextLine>
      <TextLine id="eSc_line_eeb2b58e" custom="structure {type:default;}">
        <Coords points="740,1958 740,1972 861,1972 868,1972 952,1989 954,1989 1056,1987 1058,1987 1060,1987 1060,1985 1073,1972 1093,1983 1095,1983 1378,1987 1380,1987 1383,1987 1444,1967 1444,1954 1440,1927 1126,1916 1124,1916 1122,1916 1084,1927 850,1919 848,1919 737,1930 740,1958"/>
        <Baseline points="740,1958 1444,1954"/>
        <TextEquiv conf="0.9922047051890143">
          <Unicode>— „Venientes ad apostolicae“.</Unicode>
        </TextEquiv>
      </TextLine>
      <TextLine id="eSc_line_f44d2f40" custom="structure {type:default;}">
        <Coords points="170,2016 170,2049 349,2047 349,2007 342,1925 267,1925 265,1925 262,1925 260,1925 227,1956 209,1972 167,1972 170,2016"/>
        <Baseline points="170,2016 349,2007"/>
        <TextEquiv conf="0.9979129433631897">
          <Unicode>„ 23.</Unicode>
        </TextEquiv>
      </TextLine>
      <TextLine id="eSc_line_48e93b6d" custom="structure {type:default;}">
        <Coords points="461,2027 461,2049 501,2064 503,2064 505,2064 578,2051 578,2027 578,1998 503,1985 501,1985 499,1985 461,1996 461,2027"/>
        <Baseline points="461,2027 578,2027"/>
        <TextEquiv conf="1.0">
          <Unicode>„</Unicode>
        </TextEquiv>
      </TextLine>
      <TextLine id="eSc_line_35f70d20" custom="structure {type:default;}">
        <Coords points="687,2009 687,2038 2657,2036 2657,2009 2657,1978 687,1978 687,2009"/>
        <Baseline points="687,2009 2657,2009"/>
        <TextEquiv conf="0.9971902329346229">
          <Unicode>11582 (7743) Episcopo Furconiensi et canonicis Pennensibus, Valvensibus, Teatinis prae-</Unicode>
        </TextEquiv>
      </TextLine>
      <TextLine id="eSc_line_36d61765" custom="structure {type:default;}">
        <Coords points="740,2069 740,2091 2651,2095 2655,2064 2649,2036 737,2038 740,2069"/>
        <Baseline points="740,2069 2655,2064"/>
        <TextEquiv conf="0.9972700299251647">
          <Unicode>cipit, ut sententiam excommunicationis vel interdicti in clericos quosdam a Leonate,</Unicode>
        </TextEquiv>
      </TextLine>
      <TextLine id="eSc_line_24755f4f" custom="structure {type:default;}">
        <Coords points="740,2120 737,2142 2653,2148 2657,2124 2655,2093 740,2089 740,2120"/>
        <Baseline points="740,2120 2657,2124"/>
        <TextEquiv conf="0.9999717363091403">
          <Unicode>abbate Piscariensi, latam, observent observarique a Riccardo, Leonatis fratre, cogant.</Unicode>
        </TextEquiv>
      </TextLine>
      <TextLine id="eSc_line_0879b360" custom="structure {type:default;}">
        <Coords points="740,2177 740,2197 956,2197 987,2208 989,2208 992,2208 994,2208 1018,2197 1053,2208 1056,2208 1058,2208 1060,2208 1089,2197 1120,2208 1122,2208 1124,2208 1184,2197 1215,2208 1217,2208 1219,2208 1221,2208 1257,2197 1279,2208 1281,2208 1283,2208 1285,2208 1330,2197 1356,2208 1358,2208 1360,2208 1480,2197 1975,2208 1977,2208 1979,2208 2023,2195 2023,2177 2023,2148 740,2137 740,2177"/>
        <Baseline points="740,2177 2023,2177"/>
        <TextEquiv conf="0.995339362244857">
          <Unicode>Muratori R. It. SS. II. II. 1013. — „Significavit nobis“.</Unicode>
        </TextEquiv>
      </TextLine>
      <TextLine id="eSc_line_bbe00678" custom="structure {type:default;}">
        <Coords points="170,2237 170,2285 349,2283 349,2232 342,2153 231,2170 167,2155 170,2237"/>
        <Baseline points="170,2237 349,2232"/>
        <TextEquiv conf="0.9494235873222351">
          <Unicode>„ 21.</Unicode>
        </TextEquiv>
      </TextLine>
      <TextLine id="eSc_line_c519d89d" custom="structure {type:default;}">
        <Coords points="461,2248 461,2287 521,2292 523,2292 525,2292 572,2272 572,2248 570,2157 461,2157 461,2248"/>
        <Baseline points="461,2248 572,2248"/>
        <TextEquiv conf="0.9988502264022827">
          <Unicode>„</Unicode>
        </TextEquiv>
      </TextLine>
      <TextLine id="eSc_line_72ee3a3e" custom="structure {type:default;}">
        <Coords points="689,2232 689,2256 2655,2250 2657,2226 2655,2197 2640,2186 2638,2186 2635,2186 2633,2186 2498,2197 2054,2188 2052,2188 1995,2201 1641,2201 1617,2188 1615,2188 1612,2188 1610,2188 1581,2199 1548,2188 1546,2188 1544,2188 1473,2199 1451,2188 1449,2188 1447,2188 1338,2201 711,2190 709,2190 707,2190 704,2190 687,2199 689,2232"/>
        <Baseline points="689,2232 2657,2226"/>
        <TextEquiv conf="0.9923874735832214">
          <Unicode>11583 (7744) Parochianos ecclesiae S. Salvatoris Venetae laudat, quod decumas sol-</Unicode>
        </TextEquiv>
      </TextLine>
      <TextLine id="eSc_line_f32f24db" custom="structure {type:default;}">
        <Coords points="740,2287 740,2316 992,2316 994,2316 1018,2334 1020,2334 1022,2334 1025,2336 1027,2336 1049,2336 1071,2336 1106,2336 1106,2334 1109,2334 1151,2316 1153,2314 1378,2314 1436,2314 1442,2318 1462,2332 1464,2332 1467,2332 1469,2334 1999,2334 1999,2332 2050,2320 2065,2316 2079,2320 2107,2329 2109,2329 2112,2329 2114,2329 2140,2320 2147,2318 2160,2320 2224,2329 2227,2329 2229,2329 2260,2320 2282,2314 2383,2314 2397,2320 2410,2329 2412,2329 2414,2329 2417,2332 2509,2332 2509,2329 2512,2329 2529,2320 2545,2314 2556,2320 2567,2329 2569,2329 2571,2329 2573,2329 2655,2320 2657,2281 2651,2254 737,2259 740,2287"/>
        <Baseline points="740,2287 2657,2281"/>
        <TextEquiv conf="0.9996518165600009">
          <Unicode>verint; monetque, ut in solvendis iis pergant. Cornelii Eccl. Ven. XIV. 100, Migne</Unicode>
        </TextEquiv>
      </TextLine>
      <TextLine id="eSc_line_dccc0bca" custom="structure {type:default;}">
        <Coords points="740,2338 737,2362 753,2373 755,2373 757,2373 760,2373 837,2365 872,2378 874,2378 877,2378 879,2378 919,2358 921,2358 994,2378 996,2378 998,2378 1000,2378 1003,2378 1003,2376 1022,2358 1025,2358 1082,2358 1084,2358 1120,2380 1122,2380 1124,2380 1126,2382 1241,2382 1241,2380 1243,2380 1294,2360 1347,2376 1349,2376 1352,2376 1433,2358 1436,2343 1436,2314 1398,2298 1396,2298 1319,2298 1316,2298 1314,2298 1312,2298 1312,2301 1301,2309 1288,2298 1285,2298 1283,2298 1281,2298 1279,2298 1252,2312 1221,2298 1219,2298 1217,2298 1011,2309 980,2296 978,2296 976,2296 916,2309 912,2309 908,2309 819,2298 817,2298 740,2307 740,2338"/>
        <Baseline points="740,2338 1436,2343"/>
        <TextEquiv conf="0.991618025302887">
          <Unicode>200 p. 562. — „Dilecti filii“.</Unicode>
        </TextEquiv>
      </TextLine>
      <TextLine id="eSc_line_fc997228" custom="structure {type:default;}">
        <Coords points="658,2435 658,2455 828,2468 830,2468 832,2468 857,2455 859,2455 863,2455 912,2466 914,2466 916,2466 943,2455 945,2453 1155,2453 1162,2455 1186,2466 1188,2466 1190,2466 1279,2455 1299,2453 1314,2455 1376,2466 1378,2466 1513,2455 1537,2453 1546,2455 1601,2466 1604,2466 1606,2466 1608,2466 1626,2453 1630,2451 1665,2453 1763,2464 1765,2464 1853,2453 1880,2451 1897,2453 1955,2464 1957,2464 2127,2462 2129,2462 2132,2462 2143,2453 2151,2449 2189,2453 2266,2462 2269,2462 2582,2451 2585,2426 2578,2380 656,2385 658,2435"/>
        <Baseline points="658,2435 2585,2426"/>
        <TextEquiv conf="0.9957906871699216">
          <Unicode>1169. (Ind. 2. — 25. Sept. — 3, pont. a. 10. — 20. Sept. — 11, 1168. — 25. Mart. — 1169.)</Unicode>
        </TextEquiv>
      </TextLine>
      <TextLine id="eSc_line_c53111f6" custom="structure {type:default;}">
        <Coords points="388,2504 388,2568 627,2570 629,2499 620,2446 583,2455 552,2444 539,2440 536,2440 534,2440 532,2440 530,2440 530,2442 528,2444 514,2457 463,2457 386,2442 388,2504"/>
        <Baseline points="388,2504 629,2499"/>
        <TextEquiv conf="0.9871776302655538">
          <Unicode>Beneventi</Unicode>
        </TextEquiv>
      </TextLine>
      <TextLine id="eSc_line_0780633c" custom="structure {type:default;}">
        <Coords points="687,2506 687,2528 1265,2539 1268,2539 1385,2528 1400,2528 2655,2528 2655,2499 2649,2471 2399,2471 2386,2471 2302,2457 2299,2457 2297,2457 2295,2457 2277,2471 2275,2471 2271,2471 2240,2460 2238,2460 2235,2460 2063,2471 1992,2475 1553,2475 1544,2471 1528,2460 1526,2460 1524,2460 1398,2460 1396,2460 1394,2460 1356,2471 1334,2475 1305,2471 1277,2464 1274,2464 1272,2464 1257,2471 1241,2475 1232,2471 1224,2462 1221,2462 1219,2462 1217,2462 1168,2471 1133,2475 1106,2471 1071,2462 1069,2462 1067,2462 1042,2471 1027,2475 1009,2471 987,2462 985,2462 983,2462 684,2468 687,2506"/>
        <Baseline points="687,2506 2655,2499"/>
        <TextEquiv conf="0.998990944553824">
          <Unicode>11584 *Adelberti, archiepiscopi Salzburgensis, „electionem confirmat“. Hanc epistolam</Unicode>
        </TextEquiv>
      </TextLine>
      <TextLine id="eSc_line_e75197f0" custom="structure {type:default;}">
        <Coords points="737,2561 737,2583 2646,2588 2651,2557 2644,2528 735,2528 737,2561"/>
        <Baseline points="737,2561 2651,2557"/>
        <TextEquiv conf="0.9942644877093179">
          <Unicode>se „post octo dies“, consecratione (d. 16. Mart. 1169) accepta, itaque die 23. Mart.</Unicode>
        </TextEquiv>
      </TextLine>
      <TextLine id="eSc_line_1e6e6f78" custom="structure {type:default;}">
        <Coords points="735,2614 735,2638 848,2656 850,2656 996,2641 998,2641 1120,2641 1122,2641 1144,2652 1146,2652 1148,2652 1526,2641 1544,2641 1546,2641 1568,2656 1570,2656 1573,2656 1575,2658 1763,2658 1763,2656 1765,2656 1813,2641 1816,2641 1836,2641 2191,2656 2193,2656 2370,2645 2514,2656 2516,2656 2518,2656 2520,2656 2540,2643 2602,2654 2604,2654 2607,2654 2651,2641 2651,2614 2651,2585 735,2577 735,2614"/>
        <Baseline points="735,2614 2651,2614"/>
        <TextEquiv conf="0.992768797007474">
          <Unicode>recepisse, scribit ipse Adelbertus in epist., quae exstat in Chronico Reichersperg. Mon.</Unicode>
        </TextEquiv>
      </TextLine>
      <TextLine id="eSc_line_80513c75" custom="structure {type:default;}">
        <Coords points="733,2665 731,2685 1246,2689 1250,2669 1248,2636 733,2625 733,2665"/>
        <Baseline points="733,2665 1250,2669"/>
        <TextEquiv conf="0.9925863272265384">
          <Unicode>Germ. SS.XVII. 504.</Unicode>
        </TextEquiv>
      </TextLine>
      <TextLine id="eSc_line_880115aa" custom="structure {type:default;}">
        <Coords points="134,2727 134,2749 349,2749 349,2722 344,2661 132,2661 134,2727"/>
        <Baseline points="134,2727 349,2722"/>
        <TextEquiv conf="0.9957185302461896">
          <Unicode>lan. 4.</Unicode>
        </TextEquiv>
      </TextLine>
      <TextLine id="eSc_line_fcaf8b94" custom="structure {type:default;}">
        <Coords points="470,2736 470,2800 554,2793 554,2736 554,2669 470,2667 470,2736"/>
        <Baseline points="470,2736 554,2736"/>
        <TextEquiv conf="1.0">
          <Unicode>„</Unicode>
        </TextEquiv>
      </TextLine>
      <TextLine id="eSc_line_482dcd68" custom="structure {type:default;}">
        <Coords points="687,2727 687,2751 2651,2749 2653,2720 2649,2680 1964,2678 1961,2678 1953,2680 1904,2689 1824,2680 1794,2676 1791,2676 1756,2680 1685,2687 1661,2680 1650,2676 1648,2676 1646,2676 1643,2676 1637,2680 1619,2687 1601,2680 1592,2676 1590,2676 1343,2676 1341,2676 1294,2680 1182,2689 1131,2680 1120,2678 1117,2678 1115,2678 1111,2680 1075,2691 1047,2680 1042,2678 1040,2678 1038,2678 1036,2678 1031,2680 998,2691 956,2680 952,2678 950,2678 947,2678 684,2678 687,2727"/>
        <Baseline points="687,2727 2653,2720"/>
        <TextEquiv conf="0.9973925581897598">
          <Unicode>11585 (7745) Ecclesiam S. Salvatoris Venetam tuendam suscipit, ciusque possessiones</Unicode>
        </TextEquiv>
      </TextLine>
      <TextLine id="eSc_line_bffe2ea3" custom="structure {type:default;}">
        <Coords points="735,2780 735,2802 819,2815 821,2815 879,2804 881,2804 945,2815 947,2815 1016,2804 1022,2804 1042,2804 1228,2815 1230,2815 1396,2806 1442,2804 1478,2806 1575,2815 1577,2815 1579,2815 1610,2806 1621,2804 1626,2806 1639,2815 1641,2815 1643,2815 1646,2815 1743,2809 1794,2804 1842,2809 1917,2815 1919,2817 2109,2817 2109,2815 2112,2815 2125,2809 2138,2804 2651,2811 2653,2780 2653,2751 735,2749 735,2780"/>
        <Baseline points="735,2780 2653,2780"/>
        <TextEquiv conf="0.9957672492379234">
          <Unicode>et privilegia confirmat, petente Viviano priore. Cornelii Eccl. Ven. XIV. 100, Migne</Unicode>
        </TextEquiv>
      </TextLine>
      <TextLine id="eSc_line_c2ddcc7c" custom="structure {type:default;}">
        <Coords points="735,2835 735,2853 821,2866 824,2866 950,2855 996,2866 998,2866 1000,2866 1003,2866 1025,2855 1564,2866 1566,2866 1568,2866 1612,2853 1612,2835 1612,2804 735,2804 735,2835"/>
        <Baseline points="735,2835 1612,2835"/>
        <TextEquiv conf="0.9859985862459455">
          <Unicode>200 p. 563. — „Ad hoo universalis“.</Unicode>
        </TextEquiv>
      </TextLine>
      <TextLine id="eSc_line_6d624e1e" custom="structure {type:default;}">
        <Coords points="170,2890 170,2930 178,2937 181,2937 183,2937 185,2937 216,2932 258,2926 340,2948 344,2890 344,2826 300,2824 298,2824 296,2824 293,2824 280,2833 260,2846 251,2837 240,2828 240,2826 238,2826 236,2826 234,2826 231,2826 170,2846 170,2890"/>
        <Baseline points="170,2890 344,2890"/>
        <TextEquiv conf="0.9968321442604064">
          <Unicode>„ 10.</Unicode>
        </TextEquiv>
      </TextLine>
      <TextLine id="eSc_line_a2b3e324" custom="structure {type:default;}">
        <Coords points="470,2906 470,2954 552,2959 554,2901 541,2826 530,2835 466,2833 470,2906"/>
        <Baseline points="470,2906 554,2901"/>
        <TextEquiv conf="1.0">
          <Unicode>„</Unicode>
        </TextEquiv>
      </TextLine>
      <TextLine id="eSc_line_c619e4f9" custom="structure {type:default;}">
        <Coords points="687,2890 687,2915 2653,2915 2653,2890 2653,2857 2443,2857 2443,2855 2419,2844 2417,2844 2414,2844 2353,2855 2346,2857 1999,2857 1995,2853 1981,2844 1979,2844 1977,2844 1877,2844 1875,2844 1873,2844 1871,2844 1860,2853 1855,2855 1811,2853 1694,2844 1692,2844 1604,2850 1555,2855 687,2848 687,2890"/>
        <Baseline points="687,2890 2653,2890"/>
        <TextEquiv conf="0.9930634556747064">
          <Unicode>11586 Xenodochii Hierosolymitani protectionem suscipit, bonaque et privilegia con-</Unicode>
        </TextEquiv>
      </TextLine>
      <TextLine id="eSc_line_06cec6ff" custom="structure {type:default;}">
        <Coords points="735,2945 735,2970 2649,2972 2651,2945 2651,2917 735,2915 735,2945"/>
        <Baseline points="735,2945 2651,2945"/>
        <TextEquiv conf="0.9992517941138324">
          <Unicode>firmat, petente Giberto magistro. In bibl. nat. Paris. ms. lat. 9001. f. 39. — „Chri-</Unicode>
        </TextEquiv>
      </TextLine>
      <TextLine id="eSc_line_17c79fb2" custom="structure {type:default;}">
        <Coords points="733,3001 733,3018 819,3029 821,3029 903,3016 914,3016 923,3016 989,3029 992,3029 994,3029 1027,3016 1049,3029 1051,3029 1053,3029 1056,3029 1219,3012 1221,2994 1215,2954 731,2968 733,3001"/>
        <Baseline points="733,3001 1221,2994"/>
        <TextEquiv conf="0.9904346180998761">
          <Unicode>stianae fidei religio“.</Unicode>
        </TextEquiv>
      </TextLine>
      <TextLine id="eSc_line_365312a7" custom="structure {type:default;}">
        <Coords points="167,3056 170,3082 212,3071 346,3076 349,3051 344,3014 165,3009 167,3056"/>
        <Baseline points="167,3056 349,3051"/>
        <TextEquiv conf="0.999996280670166">
          <Unicode>„ 15.</Unicode>
        </TextEquiv>
      </TextLine>
      <TextLine id="eSc_line_5274e6af" custom="structure {type:default;}">
        <Coords points="475,3065 475,3131 552,3129 552,3065 550,3005 475,3007 475,3065"/>
        <Baseline points="475,3065 552,3065"/>
        <TextEquiv conf="0.9999977350234985">
          <Unicode>„</Unicode>
        </TextEquiv>
      </TextLine>
      <TextLine id="eSc_line_fbd85c84" custom="structure {type:default;}">
        <Coords points="687,3051 687,3080 2651,3080 2651,3051 2651,3018 687,3014 687,3051"/>
        <Baseline points="687,3051 2651,3051"/>
        <TextEquiv conf="0.9924782916556957">
          <Unicode>11587 Ordini Cisterciensi privilegia quaedam indulget. In bibl. nat. Paris. Coll. Doat</Unicode>
        </TextEquiv>
      </TextLine>
      <TextLine id="eSc_line_e322ca81" custom="structure {type:default;}">
        <Coords points="733,3109 733,3129 1659,3131 1661,3109 1661,3080 733,3078 733,3109"/>
        <Baseline points="733,3109 1661,3109"/>
        <TextEquiv conf="0.9932276496761724">
          <Unicode>t. 17. f. 24. — „Attendentes quomodo“.</Unicode>
        </TextEquiv>
      </TextLine>
      <TextLine id="eSc_line_85296ed9" custom="structure {type:default;}">
        <Coords points="167,3164 167,3188 245,3177 271,3184 315,3195 318,3195 320,3195 322,3195 324,3195 346,3180 346,3160 342,3122 251,3111 249,3111 247,3111 245,3111 227,3124 225,3127 165,3127 167,3164"/>
        <Baseline points="167,3164 346,3160"/>
        <TextEquiv conf="0.9999999761581421">
          <Unicode>„ 15.</Unicode>
        </TextEquiv>
      </TextLine>
      <TextLine id="eSc_line_03889e27" custom="structure {type:default;}">
        <Coords points="472,3173 470,3184 510,3199 512,3199 514,3199 517,3199 552,3184 554,3177 554,3144 472,3127 472,3173"/>
        <Baseline points="472,3173 554,3177"/>
        <TextEquiv conf="0.9999998807907104">
          <Unicode>„</Unicode>
        </TextEquiv>
      </TextLine>
      <TextLine id="eSc_line_00e4c5fc" custom="structure {type:default;}">
        <Coords points="687,3162 687,3186 2646,3188 2649,3162 2649,3131 2600,3120 2598,3120 2596,3120 2489,3131 2485,3131 2478,3131 2377,3120 2375,3120 2317,3131 2308,3133 2096,3133 2092,3129 2081,3120 2079,3120 2076,3120 1924,3120 1922,3120 1919,3120 1917,3120 1908,3129 1902,3131 1860,3129 1767,3120 1765,3120 1763,3120 1734,3127 1714,3131 687,3122 687,3162"/>
        <Baseline points="687,3162 2649,3162"/>
        <TextEquiv conf="0.9908522220305455">
          <Unicode>11588 Monasterii S. Mariae de Insula protectionem suscipit, petente Ugone abbate.</Unicode>
        </TextEquiv>
      </TextLine>
      <TextLine id="eSc_line_b0eb6e67" custom="structure {type:default;}">
        <Coords points="737,3215 735,3233 793,3246 795,3246 1809,3237 1811,3219 1807,3180 737,3180 737,3215"/>
        <Baseline points="737,3215 1811,3219"/>
        <TextEquiv conf="0.9855643386064574">
          <Unicode>Neues Archiv VII. 99. — „Religiosam vitam“.</Unicode>
        </TextEquiv>
      </TextLine>
      <TextLine id="eSc_line_5c279817" custom="structure {type:default;}">
        <Coords points="170,3272 174,3380 205,3361 240,3361 262,3380 262,3383 265,3383 267,3383 342,3387 344,3272 344,3237 276,3224 273,3224 205,3235 190,3224 187,3224 185,3224 183,3224 181,3224 178,3224 170,3230 170,3272"/>
        <Baseline points="170,3272 344,3272"/>
        <TextEquiv conf="0.9127603471279144">
          <Unicode>„26.</Unicode>
        </TextEquiv>
      </TextLine>
      <TextLine id="eSc_line_50a364d3" custom="structure {type:default;}">
        <Coords points="463,3286 466,3376 510,3385 512,3385 514,3385 561,3367 558,3281 550,3221 514,3230 459,3219 463,3286"/>
        <Baseline points="463,3286 558,3281"/>
        <TextEquiv conf="0.999991774559021">
          <Unicode>„</Unicode>
        </TextEquiv>
      </TextLine>
      <TextLine id="eSc_line_84441501" custom="structure {type:default;}">
        <Coords points="687,3274 687,3299 2642,3303 2646,3270 2642,3237 684,3230 687,3274"/>
        <Baseline points="687,3274 2646,3270"/>
        <TextEquiv conf="0.9982739076894872">
          <Unicode>11589 (7746) Monasterii Cavensis protectionem suscipit et possessiones privilegiaque,</Unicode>
        </TextEquiv>
      </TextLine>
      <TextLine id="eSc_line_2866d91c" custom="structure {type:default;}">
        <Coords points="735,3327 735,3352 2646,3352 2646,3327 2644,3292 735,3294 735,3327"/>
        <Baseline points="735,3327 2646,3327"/>
        <TextEquiv conf="0.9998399920761585">
          <Unicode>rogatu Morini abbatis, confirmat, „salvo censu trium solidorum aureorum annuatim</Unicode>
        </TextEquiv>
      </TextLine>
      <TextLine id="eSc_line_0105ae66" custom="structure {type:default;}">
        <Coords points="733,3380 733,3405 2646,3405 2646,3380 2646,3352 733,3347 733,3380"/>
        <Baseline points="733,3380 2646,3380"/>
        <TextEquiv conf="0.9983791921819959">
          <Unicode>S. R. ecolesiae debito“. (Bullam falsam esse, censet Pflugk-Harttung in Neues Archiv</Unicode>
        </TextEquiv>
      </TextLine>
      <TextLine id="eSc_line_cef0fe9b" custom="structure {type:default;}">
        <Coords points="737,3436 737,3482 914,3482 936,3482 958,3482 980,3482 1003,3482 1025,3482 1047,3482 1062,3482 1133,3526 1135,3526 1137,3526 1140,3528 1239,3528 1239,3526 1241,3526 1277,3509 1475,3526 1478,3526 1659,3515 1741,3526 1743,3526 1745,3526 1778,3511 1911,3526 1913,3526 1915,3526 1948,3511 2012,3520 2014,3520 2017,3520 2019,3520 2054,3498 2090,3498 2132,3524 2134,3524 2136,3524 2138,3526 2204,3526 2204,3524 2207,3524 2291,3491 2375,3520 2377,3520 2379,3520 2381,3520 2421,3500 2487,3509 2489,3509 2492,3509 2558,3482 2644,3482 2644,3436 2644,3407 737,3398 737,3436"/>
        <Baseline points="737,3436 2644,3436"/>
        <TextEquiv conf="0.944065125021216">
          <Unicode>II. 4812.„ Nargarin Buf. Sas. I. 18. et R. 180. Siene 2oo. p. 56s. — „Com</Unicode>
        </TextEquiv>
      </TextLine>
      <TextLine id="eSc_line_6e1529fa" custom="structure {type:default;}">
        <Coords points="735,3489 735,3557 786,3559 788,3559 790,3559 795,3557 821,3544 908,3555 910,3555 912,3555 914,3555 925,3548 934,3555 934,3557 936,3557 938,3557 941,3557 943,3557 945,3557 972,3544 996,3557 998,3557 1000,3557 1003,3557 1005,3557 1007,3557 1007,3555 1022,3542 1060,3555 1064,3484 1060,3453 733,3449 735,3489"/>
        <Baseline points="735,3489 1064,3484"/>
        <TextEquiv conf="0.9804834340299878">
          <Unicode>miesae nobis“.</Unicode>
        </TextEquiv>
      </TextLine>
    </TextRegion>
    <TextRegion id="eSc_textblock_aa0a3161"  custom="structure {type:default;}">
      <Coords points="1042,132 1869,141 1877,218 1851,245 910,236 910,150 1042,132"/>
      <TextLine id="eSc_line_1041030a" custom="structure {type:default;}">
        <Coords points="925,209 925,229 1036,242 1038,242 1853,231 1853,209 1853,159 1807,141 1805,141 1802,141 1604,152 1562,141 1559,141 1557,141 1555,141 1502,161 1431,161 1387,141 1385,141 1383,141 1380,141 1336,159 1186,145 1184,145 1182,145 1131,159 1069,141 1067,141 1064,141 1062,141 1009,159 987,141 985,141 983,141 980,141 978,141 925,159 925,209"/>
        <Baseline points="925,209 1853,209"/>
        <TextEquiv conf="0.991468985080719">
          <Unicode>ALEXANLER III. 1159—1181.</Unicode>
        </TextEquiv>
      </TextLine>
    </TextRegion>
    <TextRegion id="eSc_textblock_5da6486e"  custom="structure {type:default;}">
      <Coords points="2536,141 2688,150 2688,218 2523,236 2505,159 2536,141"/>
      <TextLine id="eSc_line_f956f0f5" custom="structure {type:default;}">
        <Coords points="2638,145 2615,145 2593,143 2571,143 2527,154 2531,212 2531,236 2651,238 2653,207 2649,147 2638,145"/>
        <Baseline points="2531,212 2653,207"/>
        <TextEquiv conf="1.0">
          <Unicode>221</Unicode>
        </TextEquiv>
      </TextLine>
    </TextRegion>
  </Page>
</PcGts>
