<?xml version="1.0" encoding="UTF-8"  standalone="yes"?>
<PcGts xmlns="http://schema.primaresearch.org/PAGE/gts/pagecontent/2019-07-15" xmlns:xsi="http://www.w3.org/2001/XMLSchema-instance" xsi:schemaLocation="http://schema.primaresearch.org/PAGE/gts/pagecontent/2019-07-15 http://schema.primaresearch.org/PAGE/gts/pagecontent/2019-07-15/pagecontent.xsd">
  <Metadata>
	<Creator>escriptorium</Creator>
	<Created>2024-07-19T10:08:59.268384+00:00</Created>
        <LastChange>2024-08-08T08:35:05.931499+00:00</LastChange>
  </Metadata>
  <Page imageFilename="0241.png" imageWidth="3007" imageHeight="3975">
    <TextRegion id="eSc_textblock_15ddae78"  custom="structure {type:default;}">
      <Coords points="320,159 448,159 457,227 309,253 291,185 320,159"/>
      <TextLine id="eSc_line_7cdbadc7" custom="structure {type:default;}">
        <Coords points="315,220 315,251 441,242 441,214 435,165 311,170 315,220"/>
        <Baseline points="315,220 441,214"/>
        <TextEquiv conf="1.0">
          <Unicode>228</Unicode>
        </TextEquiv>
      </TextLine>
    </TextRegion>
    <TextRegion id="eSc_textblock_0b06d090"  custom="structure {type:default;}">
      <Coords points="322,309 528,318 574,353 855,344 892,309 2883,309 2892,3027 2865,3531 954,3539 883,3531 846,3486 740,3522 600,3504 572,3416 536,3513 300,3504 273,680 282,397 322,309"/>
      <TextLine id="eSc_line_4db21d2d" custom="structure {type:default;}">
        <Coords points="1098,309 996,322 978,311 976,311 974,311 972,311 868,326 861,335 863,368 863,395 1199,384 1199,362 1195,322 1100,309 1098,309"/>
        <Baseline points="863,368 1199,362"/>
        <TextEquiv conf="0.9890003979206086">
          <Unicode>1168—1170.</Unicode>
        </TextEquiv>
      </TextLine>
      <TextLine id="eSc_line_bb7bf310" custom="structure {type:default;}">
        <Coords points="892,426 890,450 2852,454 2856,430 2852,373 892,377 892,426"/>
        <Baseline points="892,426 2856,430"/>
        <TextEquiv conf="0.9945806874785312">
          <Unicode>11682 (7806) Monachis S. Vedasti praecipit, ne cui, nisi pontifici Romano, obedientiam</Unicode>
        </TextEquiv>
      </TextLine>
      <TextLine id="eSc_line_6481dfbb" custom="structure {type:default;}">
        <Coords points="594,428 594,525 837,523 837,428 835,366 594,375 594,428"/>
        <Baseline points="594,428 837,428"/>
        <TextEquiv conf="0.8496900697549185">
          <Unicode>Penerent.</Unicode>
        </TextEquiv>
      </TextLine>
      <TextLine id="eSc_line_8589afa4" custom="structure {type:default;}">
        <Coords points="333,432 333,454 558,452 558,426 552,359 475,375 329,368 333,432"/>
        <Baseline points="333,432 558,426"/>
        <TextEquiv conf="0.9996266961097717">
          <Unicode>lan. 19.</Unicode>
        </TextEquiv>
      </TextLine>
      <TextLine id="eSc_line_5843c703" custom="structure {type:default;}">
        <Coords points="945,483 943,510 2850,512 2854,488 2852,450 945,448 945,483"/>
        <Baseline points="945,483 2854,488"/>
        <TextEquiv conf="0.9967571482425783">
          <Unicode>promittant. Martene et Dur. Vet. Script. I. 880, Guimann Cart. de St.-Vaast p. 89,</Unicode>
        </TextEquiv>
      </TextLine>
      <TextLine id="eSc_line_cfecd849" custom="structure {type:default;}">
        <Coords points="945,536 943,563 2852,569 2856,541 2854,507 945,503 945,536"/>
        <Baseline points="945,536 2856,541"/>
        <TextEquiv conf="0.9987189948558808">
          <Unicode>Bouquet Rec. XV. 857, Migne 200 p. 625: „XIV. kal. Febr.“. (In bibl. nat. Paris.</Unicode>
        </TextEquiv>
      </TextLine>
      <TextLine id="eSc_line_ebdd61d9" custom="structure {type:default;}">
        <Coords points="943,589 941,609 2567,613 2571,594 2569,558 943,556 943,589"/>
        <Baseline points="943,589 2571,594"/>
        <TextEquiv conf="0.9842902810677238">
          <Unicode>Coll. Moreau t. 70. (. 235: „XII. kal. Febr.“.) — „A memoria nostra“.</Unicode>
        </TextEquiv>
      </TextLine>
      <TextLine id="eSc_line_6b3e0b3d" custom="structure {type:default;}">
        <Coords points="894,649 894,675 2856,680 2858,649 2858,616 894,616 894,649"/>
        <Baseline points="894,649 2858,649"/>
        <TextEquiv conf="0.9999707348206464">
          <Unicode>11683 Andreae, episcopo Atrebatensi, interdicit, ne a monachis S. Vedasti obedientiam</Unicode>
        </TextEquiv>
      </TextLine>
      <TextLine id="eSc_line_32946659" custom="structure {type:default;}">
        <Coords points="375,651 375,691 550,671 552,647 547,602 373,596 375,651"/>
        <Baseline points="375,651 552,647"/>
        <TextEquiv conf="0.9073263764381408">
          <Unicode>„ 20.</Unicode>
        </TextEquiv>
      </TextLine>
      <TextLine id="eSc_line_0940397c" custom="structure {type:default;}">
        <Coords points="682,660 682,691 764,691 764,660 764,607 682,607 682,660"/>
        <Baseline points="682,660 764,660"/>
        <TextEquiv conf="1.0">
          <Unicode>„</Unicode>
        </TextEquiv>
      </TextLine>
      <TextLine id="eSc_line_3ceb1893" custom="structure {type:default;}">
        <Coords points="943,702 943,726 2728,726 2728,702 2728,673 943,673 943,702"/>
        <Baseline points="943,702 2728,702"/>
        <TextEquiv conf="0.9966431220372518">
          <Unicode>exigat. Guimann Cart. de S.-Vaast d&#x27;Arras p. 90. — „Quanto maiori officio“.</Unicode>
        </TextEquiv>
      </TextLine>
      <TextLine id="eSc_line_ac89156b" custom="structure {type:default;}">
        <Coords points="892,757 892,788 2856,781 2856,757 2856,726 892,726 892,757"/>
        <Baseline points="892,757 2856,757"/>
        <TextEquiv conf="0.9961891002953053">
          <Unicode>11684 (7807) Quibusdam mandat, ut inter abbatem Trium-fontium et abbatissam Ave-</Unicode>
        </TextEquiv>
      </TextLine>
      <TextLine id="eSc_line_5cc74569" custom="structure {type:default;}">
        <Coords points="371,764 371,801 554,790 554,755 550,708 472,702 470,702 468,702 466,702 466,704 452,715 441,726 368,724 371,764"/>
        <Baseline points="371,764 554,755"/>
        <TextEquiv conf="0.999627685546875">
          <Unicode>„ 21.</Unicode>
        </TextEquiv>
      </TextLine>
      <TextLine id="eSc_line_d02c3c48" custom="structure {type:default;}">
        <Coords points="669,770 669,799 768,797 768,770 764,711 742,722 669,715 669,770"/>
        <Baseline points="669,770 768,770"/>
        <TextEquiv conf="1.0">
          <Unicode>„</Unicode>
        </TextEquiv>
      </TextLine>
      <TextLine id="eSc_line_5bc9b18a" custom="structure {type:default;}">
        <Coords points="943,810 941,832 2852,843 2856,814 2854,783 943,779 943,810"/>
        <Baseline points="943,810 2856,814"/>
        <TextEquiv conf="0.9969576567034178">
          <Unicode>niacensem super domo quadam litigantes iudicium faciant. Martene Coll. II. 780,</Unicode>
        </TextEquiv>
      </TextLine>
      <TextLine id="eSc_line_16eed32d" custom="structure {type:default;}">
        <Coords points="945,863 943,883 1007,898 1009,898 1427,885 1449,885 1460,898 1462,898 1462,901 1464,901 1467,901 1469,903 1668,903 1668,901 1670,901 1672,901 1672,898 1683,889 1694,901 1696,901 1699,901 1701,901 1796,887 1858,901 1860,901 1966,885 1968,867 1966,839 945,830 945,863"/>
        <Baseline points="945,863 1968,867"/>
        <TextEquiv conf="0.9871875687343318">
          <Unicode>Migne 200 p. 625. — „Causam, quae inter“.</Unicode>
        </TextEquiv>
      </TextLine>
      <TextLine id="eSc_line_721b679d" custom="structure {type:default;}">
        <Coords points="894,923 894,954 2854,947 2856,918 2852,885 910,881 908,881 905,881 903,881 892,887 894,923"/>
        <Baseline points="894,923 2856,918"/>
        <TextEquiv conf="0.9992678118990613">
          <Unicode>11685 (7808) GGeraldo) episcopo Cadurcensi mandat, ut monasterio Moissiacensi</Unicode>
        </TextEquiv>
      </TextLine>
      <TextLine id="eSc_line_475ba06e" custom="structure {type:default;}">
        <Coords points="371,929 371,960 435,949 554,951 556,923 552,887 368,885 371,929"/>
        <Baseline points="371,929 556,923"/>
        <TextEquiv conf="0.9999893426895141">
          <Unicode>„ 21.</Unicode>
        </TextEquiv>
      </TextLine>
      <TextLine id="eSc_line_a59cb317" custom="structure {type:default;}">
        <Coords points="671,936 671,958 771,960 773,936 773,896 671,894 671,936"/>
        <Baseline points="671,936 773,936"/>
        <TextEquiv conf="1.0">
          <Unicode>„</Unicode>
        </TextEquiv>
      </TextLine>
      <TextLine id="eSc_line_431326e4" custom="structure {type:default;}">
        <Coords points="945,973 943,998 1095,1011 1098,1011 1610,1004 1813,1002 1873,1007 1959,1013 1961,1015 2854,1015 2856,978 2854,947 945,942 945,973"/>
        <Baseline points="945,973 2856,978"/>
        <TextEquiv conf="0.999628641388633">
          <Unicode>contra burgenses subveniat. Martene Thes. I. 456, Bouquet Rec. XV. 857, Migne</Unicode>
        </TextEquiv>
      </TextLine>
      <TextLine id="eSc_line_54ed6a6f" custom="structure {type:default;}">
        <Coords points="945,1031 945,1060 1668,1048 1670,1026 1665,1000 961,991 958,991 956,991 954,991 943,998 945,1031"/>
        <Baseline points="945,1031 1670,1026"/>
        <TextEquiv conf="0.9916080087423325">
          <Unicode>200 p. 626. — „Quantum sit“.</Unicode>
        </TextEquiv>
      </TextLine>
      <TextLine id="eSc_line_4f0e080a" custom="structure {type:default;}">
        <Coords points="892,1084 892,1113 2856,1113 2856,1084 2856,1053 892,1046 892,1084"/>
        <Baseline points="892,1084 2856,1084"/>
        <TextEquiv conf="0.995168775687983">
          <Unicode>11686 Canonicis Patavinis decumas quasdam, a Iohanne quondam episcopo iis adiudi-</Unicode>
        </TextEquiv>
      </TextLine>
      <TextLine id="eSc_line_d21be5e3" custom="structure {type:default;}">
        <Coords points="371,1093 375,1139 430,1124 550,1132 552,1086 547,1051 479,1042 477,1042 368,1055 371,1093"/>
        <Baseline points="371,1093 552,1086"/>
        <TextEquiv conf="0.940977132320404">
          <Unicode>„ 25.</Unicode>
        </TextEquiv>
      </TextLine>
      <TextLine id="eSc_line_34b9ea71" custom="structure {type:default;}">
        <Coords points="667,1099 667,1139 766,1124 766,1099 766,1057 667,1051 667,1099"/>
        <Baseline points="667,1099 766,1099"/>
        <TextEquiv conf="0.9999825954437256">
          <Unicode>„</Unicode>
        </TextEquiv>
      </TextLine>
      <TextLine id="eSc_line_48c7fc6e" custom="structure {type:default;}">
        <Coords points="943,1141 943,1166 2854,1166 2854,1141 2854,1113 943,1108 943,1141"/>
        <Baseline points="943,1141 2854,1141"/>
        <TextEquiv conf="0.9983624184415454">
          <Unicode>catas, asserit contra clericos de Montesilicis, qui „ad scismaticum appellaverant et</Unicode>
        </TextEquiv>
      </TextLine>
      <TextLine id="eSc_line_4bfec1cd" custom="structure {type:default;}">
        <Coords points="945,1196 945,1221 2850,1225 2854,1192 2847,1157 943,1157 945,1196"/>
        <Baseline points="945,1196 2854,1192"/>
        <TextEquiv conf="0.998636971626963">
          <Unicode>quadriennio elapso appellationem ita inordinate factam non fuerant prosecuti“. Dondi</Unicode>
        </TextEquiv>
      </TextLine>
      <TextLine id="eSc_line_7ac5654c" custom="structure {type:default;}">
        <Coords points="945,1252 945,1283 2854,1276 2856,1247 2852,1219 1900,1207 1897,1207 1895,1207 1893,1207 1880,1219 1877,1221 943,1221 945,1252"/>
        <Baseline points="945,1252 2856,1247"/>
        <TextEquiv conf="0.9981469289366022">
          <Unicode>Dissertazioni VI. docum. p. 60, Gloria Cod. dipl. Padov. II. 163. — „Quotiens super</Unicode>
        </TextEquiv>
      </TextLine>
      <TextLine id="eSc_line_ce6314f8" custom="structure {type:default;}">
        <Coords points="941,1307 941,1318 1031,1336 1034,1336 1131,1313 1131,1302 1124,1272 938,1274 941,1307"/>
        <Baseline points="941,1307 1131,1302"/>
        <TextEquiv conf="0.9997141659259796">
          <Unicode>aliqua“.</Unicode>
        </TextEquiv>
      </TextLine>
      <TextLine id="eSc_line_423aa4ea" custom="structure {type:default;}">
        <Coords points="892,1360 892,1384 2854,1389 2856,1360 2856,1325 892,1325 892,1360"/>
        <Baseline points="892,1360 2856,1360"/>
        <TextEquiv conf="0.9948551044907681">
          <Unicode>11687 (7809) Henrico, archiepiscopo Remensi, mandat, si ex (Theoderico) electo Metensi</Unicode>
        </TextEquiv>
      </TextLine>
      <TextLine id="eSc_line_7a31f830" custom="structure {type:default;}">
        <Coords points="373,1366 375,1406 430,1393 470,1404 483,1408 486,1408 488,1408 552,1402 552,1360 547,1331 479,1318 477,1318 475,1318 441,1333 382,1325 380,1325 377,1325 375,1325 375,1327 371,1329 373,1366"/>
        <Baseline points="373,1366 552,1360"/>
        <TextEquiv conf="0.9999998092651368">
          <Unicode>„ 26.</Unicode>
        </TextEquiv>
      </TextLine>
      <TextLine id="eSc_line_4a0fedcc" custom="structure {type:default;}">
        <Coords points="673,1375 673,1395 718,1411 720,1411 722,1411 724,1411 771,1391 771,1371 764,1283 667,1274 673,1375"/>
        <Baseline points="673,1375 771,1371"/>
        <TextEquiv conf="1.0">
          <Unicode>„</Unicode>
        </TextEquiv>
      </TextLine>
      <TextLine id="eSc_line_96453881" custom="structure {type:default;}">
        <Coords points="943,1415 943,1439 2854,1446 2856,1415 2856,1386 943,1386 943,1415"/>
        <Baseline points="943,1415 2856,1415"/>
        <TextEquiv conf="0.9996946446597577">
          <Unicode>compererit, lohannem sacerdotem ab O. (Stephano), quondam episcopo Metensi, ante</Unicode>
        </TextEquiv>
      </TextLine>
      <TextLine id="eSc_line_7fc57920" custom="structure {type:default;}">
        <Coords points="945,1472 945,1495 2852,1490 2854,1466 2847,1437 943,1439 945,1472"/>
        <Baseline points="945,1472 2854,1466"/>
        <TextEquiv conf="0.9998850101306115">
          <Unicode>initam schismaficorum societatem ordinatum esse, ut eundem sinat ecclesiae cuidam</Unicode>
        </TextEquiv>
      </TextLine>
      <TextLine id="eSc_line_e5e9971e" custom="structure {type:default;}">
        <Coords points="943,1528 943,1567 1025,1554 1186,1554 1201,1565 1204,1565 1206,1565 1208,1565 1420,1552 1469,1563 1471,1563 1473,1563 1533,1552 1785,1552 1805,1563 1807,1563 1809,1563 1811,1563 2313,1561 2430,1559 2432,1559 2434,1559 2452,1548 2476,1559 2478,1559 2481,1561 2708,1561 2708,1559 2710,1559 2713,1559 2741,1548 2850,1556 2854,1519 2847,1490 941,1497 943,1528"/>
        <Baseline points="943,1528 2854,1519"/>
        <TextEquiv conf="0.9903299860656262">
          <Unicode>praeesse. Martene Coll. II. 780, Calmet Hist. de Lorr. II. Pr. p. 357, Migne 200</Unicode>
        </TextEquiv>
      </TextLine>
      <TextLine id="eSc_line_da1f6780" custom="structure {type:default;}">
        <Coords points="945,1578 945,1603 1727,1612 1729,1612 1785,1598 1785,1578 1782,1545 945,1550 945,1578"/>
        <Baseline points="945,1578 1785,1578"/>
        <TextEquiv conf="0.9945284761488438">
          <Unicode>p. 626. — „Ex tenore quarumdam“.</Unicode>
        </TextEquiv>
      </TextLine>
      <TextLine id="eSc_line_77b3d804" custom="structure {type:default;}">
        <Coords points="894,1636 894,1669 2854,1656 2856,1631 2852,1601 892,1598 894,1636"/>
        <Baseline points="894,1636 2856,1631"/>
        <TextEquiv conf="0.9939159854900005">
          <Unicode>11688 M(arsiliae) abbatissae et sororibus S. Mariae Suessionensis interdicit, ne prae-</Unicode>
        </TextEquiv>
      </TextLine>
      <TextLine id="eSc_line_f7f71616" custom="structure {type:default;}">
        <Coords points="371,1645 373,1689 430,1682 435,1684 450,1698 450,1700 452,1700 455,1700 457,1700 503,1698 505,1698 547,1676 547,1636 541,1576 366,1576 371,1645"/>
        <Baseline points="371,1645 547,1636"/>
        <TextEquiv conf="0.9997999906539917">
          <Unicode>„ 26.</Unicode>
        </TextEquiv>
      </TextLine>
      <TextLine id="eSc_line_995f5dbb" custom="structure {type:default;}">
        <Coords points="671,1649 671,1691 766,1691 766,1645 762,1596 667,1596 671,1649"/>
        <Baseline points="671,1649 766,1645"/>
        <TextEquiv conf="1.0">
          <Unicode>„</Unicode>
        </TextEquiv>
      </TextLine>
      <TextLine id="eSc_line_d33d27fb" custom="structure {type:default;}">
        <Coords points="945,1687 943,1709 2852,1713 2856,1691 2854,1660 945,1647 945,1687"/>
        <Baseline points="945,1687 2856,1691"/>
        <TextEquiv conf="0.9955572146315907">
          <Unicode>bendas ecclesiae S. Petri clericis haud assidue ibidem servientibus concedant. Autogr.</Unicode>
        </TextEquiv>
      </TextLine>
      <TextLine id="eSc_line_f43c89db" custom="structure {type:default;}">
        <Coords points="943,1746 943,1766 2293,1762 2295,1742 2291,1713 941,1713 943,1746"/>
        <Baseline points="943,1746 2295,1742"/>
        <TextEquiv conf="0.9980997662795218">
          <Unicode>in tabul. nat. Paris. L. 231. n. 33. — „Cum ex iniuncto“.</Unicode>
        </TextEquiv>
      </TextLine>
      <TextLine id="eSc_line_45db0e32" custom="structure {type:default;}">
        <Coords points="892,1799 892,1826 2852,1821 2854,1793 2850,1760 914,1757 912,1757 910,1757 890,1766 892,1799"/>
        <Baseline points="892,1799 2854,1793"/>
        <TextEquiv conf="0.9943275919014757">
          <Unicode>11689 Miraeo episcopo (Seniensi) praecipit, ut G(erardo) archiepiscopo Spalatensi (Salo-</Unicode>
        </TextEquiv>
      </TextLine>
      <TextLine id="eSc_line_de16293e" custom="structure {type:default;}">
        <Coords points="371,1806 371,1841 552,1839 552,1797 543,1709 481,1715 463,1711 428,1700 426,1700 424,1700 364,1713 371,1806"/>
        <Baseline points="371,1806 552,1797"/>
        <TextEquiv conf="0.8004767179489136">
          <Unicode>„ 26.</Unicode>
        </TextEquiv>
      </TextLine>
      <TextLine id="eSc_line_d86eac95" custom="structure {type:default;}">
        <Coords points="676,1810 673,1848 762,1848 764,1815 766,1724 713,1711 711,1711 709,1711 707,1711 678,1720 676,1810"/>
        <Baseline points="676,1810 764,1815"/>
        <TextEquiv conf="0.9999985694885254">
          <Unicode>„</Unicode>
        </TextEquiv>
      </TextLine>
      <TextLine id="eSc_line_df023ed5" custom="structure {type:default;}">
        <Coords points="943,1855 943,1881 2856,1881 2856,1855 2856,1826 943,1826 943,1855"/>
        <Baseline points="943,1855 2856,1855"/>
        <TextEquiv conf="0.9999423342592576">
          <Unicode>nitano), legato apostolico, obedientiam metropolitano debitam promittat. Farlati III.</Unicode>
        </TextEquiv>
      </TextLine>
      <TextLine id="eSc_line_e147f95b" custom="structure {type:default;}">
        <Coords points="943,1910 943,1932 2470,1932 2470,1910 2470,1881 943,1881 943,1910"/>
        <Baseline points="943,1910 2470,1910"/>
        <TextEquiv conf="0.9965317727941455">
          <Unicode>sacr. IV. 118, Mon. Hung. hist. I. XX. 42. — „Significavit nobis“.</Unicode>
        </TextEquiv>
      </TextLine>
      <TextLine id="eSc_line_d8b85fae" custom="structure {type:default;}">
        <Coords points="892,1965 892,2000 2852,1996 2854,1961 2850,1930 914,1921 912,1921 910,1921 890,1930 892,1965"/>
        <Baseline points="892,1965 2854,1961"/>
        <TextEquiv conf="0.9993794520696004">
          <Unicode>11690 (7810) G(erardo), archiepiscopo Salonitano, legato apostolico, consulenti respondet,</Unicode>
        </TextEquiv>
      </TextLine>
      <TextLine id="eSc_line_6b84ba05" custom="structure {type:default;}">
        <Coords points="373,1969 377,2020 399,2007 550,2014 552,1965 547,1892 501,1890 499,1890 497,1890 494,1890 494,1892 477,1908 444,1936 371,1932 373,1969"/>
        <Baseline points="373,1969 552,1965"/>
        <TextEquiv conf="0.788941964507103">
          <Unicode>„ 2.</Unicode>
        </TextEquiv>
      </TextLine>
      <TextLine id="eSc_line_5f3f788a" custom="structure {type:default;}">
        <Coords points="667,1978 667,2014 777,2002 777,1978 777,1945 667,1945 667,1978"/>
        <Baseline points="667,1978 777,1978"/>
        <TextEquiv conf="1.0">
          <Unicode>„</Unicode>
        </TextEquiv>
      </TextLine>
      <TextLine id="eSc_line_3e3de9df" custom="structure {type:default;}">
        <Coords points="945,2020 945,2049 2852,2049 2854,2016 2850,1989 2204,1978 2202,1978 943,1989 945,2020"/>
        <Baseline points="945,2020 2854,2016"/>
        <TextEquiv conf="0.999735538552447">
          <Unicode>1) digamos ad sacros ordines promotos, eosque, a quibus ordinati sint, de officiis</Unicode>
        </TextEquiv>
      </TextLine>
      <TextLine id="eSc_line_200e110e" custom="structure {type:default;}">
        <Coords points="943,2073 943,2097 2850,2104 2854,2069 2847,2033 941,2042 943,2073"/>
        <Baseline points="943,2073 2854,2069"/>
        <TextEquiv conf="0.9962072919967563">
          <Unicode>deiiciendos esse, licet „in ordinatore possit dispensatio adhiberi“; 2) inscientes qui</Unicode>
        </TextEquiv>
      </TextLine>
      <TextLine id="eSc_line_e8f3f962" custom="structure {type:default;}">
        <Coords points="943,2128 943,2153 2852,2157 2856,2124 2850,2095 941,2097 943,2128"/>
        <Baseline points="943,2128 2856,2124"/>
        <TextEquiv conf="0.9971067447487901">
          <Unicode>simoniace ordinati sint, eos non esse simoniacos habendos; 3) matrimonia in quarto</Unicode>
        </TextEquiv>
      </TextLine>
      <TextLine id="eSc_line_7117654f" custom="structure {type:default;}">
        <Coords points="943,2181 943,2208 2847,2203 2850,2177 2843,2144 941,2150 943,2181"/>
        <Baseline points="943,2181 2850,2177"/>
        <TextEquiv conf="0.9995737635059121">
          <Unicode>et quinto consanguinitatis gradu ad id tempus contracta „propter duritiam populi“</Unicode>
        </TextEquiv>
      </TextLine>
      <TextLine id="eSc_line_d1f2975a" custom="structure {type:default;}">
        <Coords points="943,2241 943,2272 2850,2265 2852,2234 2845,2208 941,2212 943,2241"/>
        <Baseline points="943,2241 2852,2234"/>
        <TextEquiv conf="0.9999983657764483">
          <Unicode>praetermittenda esse, in posterum vero communi concilio sub anathemate vetanda;</Unicode>
        </TextEquiv>
      </TextLine>
      <TextLine id="eSc_line_f013fd8b" custom="structure {type:default;}">
        <Coords points="945,2294 945,2316 2850,2323 2854,2290 2847,2261 943,2263 945,2294"/>
        <Baseline points="945,2294 2854,2290"/>
        <TextEquiv conf="0.9893943420270594">
          <Unicode>4) uxorem abigi, nisi ob adulterium, non licere. Farlati III. sacr. III. 191, Mon.</Unicode>
        </TextEquiv>
      </TextLine>
      <TextLine id="eSc_line_bdcad19e" custom="structure {type:default;}">
        <Coords points="943,2347 943,2369 1568,2380 1570,2380 1685,2367 1703,2367 1710,2367 1747,2378 1749,2378 1752,2378 1754,2378 1796,2367 1802,2367 1844,2367 2154,2378 2156,2378 2158,2378 2189,2367 2211,2378 2213,2378 2216,2380 2346,2380 2346,2378 2417,2365 2419,2343 2414,2314 941,2314 943,2347"/>
        <Baseline points="943,2347 2419,2343"/>
        <TextEquiv conf="0.9870486601454312">
          <Unicode>Hung. hist. I. Xr. 117, Migne 200 p. 627. — „Super eo, quod“.</Unicode>
        </TextEquiv>
      </TextLine>
      <TextLine id="eSc_line_b9b1bbf6" custom="structure {type:default;}">
        <Coords points="892,2402 892,2429 2856,2424 2856,2402 2856,2369 2819,2358 2816,2358 2814,2358 2693,2369 2688,2369 2682,2369 2589,2358 2587,2358 2585,2358 2556,2369 2547,2371 2536,2369 2507,2358 2505,2358 2503,2358 2501,2358 2498,2358 2483,2369 2476,2371 2470,2367 2445,2358 2443,2358 2441,2358 2439,2358 2436,2358 2421,2367 2412,2373 2306,2373 2295,2367 2277,2358 2275,2358 2273,2358 2271,2358 2269,2358 2255,2367 2244,2373 1922,2373 1902,2365 1891,2360 1889,2360 1886,2360 1829,2362 1712,2371 1696,2362 1694,2360 1692,2360 1690,2360 1687,2360 1659,2362 1566,2371 1546,2362 1542,2360 1539,2360 1537,2360 1535,2360 1531,2362 1513,2371 1493,2360 1486,2358 1484,2358 1482,2358 1455,2360 1376,2371 1343,2360 1336,2358 1334,2358 1332,2358 1330,2358 1327,2358 1325,2360 1305,2371 1080,2360 1078,2360 1075,2360 1053,2371 892,2358 892,2402"/>
        <Baseline points="892,2402 2856,2402"/>
        <TextEquiv conf="0.9998704403279776">
          <Unicode>11691 Stephano abbati S. Petri Carnotensi asserit praebendas ecclesiae Carnotensis.</Unicode>
        </TextEquiv>
      </TextLine>
      <TextLine id="eSc_line_314e9a33" custom="structure {type:default;}">
        <Coords points="368,2409 371,2440 428,2420 477,2431 499,2435 501,2435 547,2424 550,2404 541,2320 501,2336 366,2334 368,2409"/>
        <Baseline points="368,2409 550,2404"/>
        <TextEquiv conf="0.9886804699897767">
          <Unicode>„ 31.</Unicode>
        </TextEquiv>
      </TextLine>
      <TextLine id="eSc_line_cb202f74" custom="structure {type:default;}">
        <Coords points="678,2418 678,2453 751,2468 753,2413 746,2387 676,2389 678,2418"/>
        <Baseline points="678,2418 753,2413"/>
        <TextEquiv conf="1.0">
          <Unicode>„</Unicode>
        </TextEquiv>
      </TextLine>
      <TextLine id="eSc_line_7c26f7b9" custom="structure {type:default;}">
        <Coords points="943,2457 943,2477 2434,2482 2439,2457 2436,2429 943,2418 943,2457"/>
        <Baseline points="943,2457 2439,2457"/>
        <TextEquiv conf="0.9989098274346554">
          <Unicode>Ex Orig. in bibl. nat. Paris. ms. lat. 9221. n. 44. Misit Delisle.</Unicode>
        </TextEquiv>
      </TextLine>
      <TextLine id="eSc_line_bc4b1def" custom="structure {type:default;}">
        <Coords points="892,2513 892,2535 2850,2539 2852,2513 2852,2479 892,2479 892,2513"/>
        <Baseline points="892,2513 2852,2513"/>
        <TextEquiv conf="0.9969704356931505">
          <Unicode>11692 (7811) Abbati Flaviacensi praecipit, ut B(artholomaeo), episcopo Bellovacensi,</Unicode>
        </TextEquiv>
      </TextLine>
      <TextLine id="eSc_line_e62e8de3" custom="structure {type:default;}">
        <Coords points="331,2515 331,2532 552,2530 552,2508 547,2449 492,2435 490,2435 357,2440 355,2440 329,2451 331,2515"/>
        <Baseline points="331,2515 552,2508"/>
        <TextEquiv conf="0.9621746093034744">
          <Unicode>Febr. 2.</Unicode>
        </TextEquiv>
      </TextLine>
      <TextLine id="eSc_line_dc748bc4" custom="structure {type:default;}">
        <Coords points="671,2521 667,2579 748,2577 753,2528 755,2455 676,2449 671,2521"/>
        <Baseline points="671,2521 753,2528"/>
        <TextEquiv conf="1.0">
          <Unicode>„</Unicode>
        </TextEquiv>
      </TextLine>
      <TextLine id="eSc_line_31092dd5" custom="structure {type:default;}">
        <Coords points="938,2566 938,2588 2854,2588 2854,2566 2854,2537 938,2537 938,2566"/>
        <Baseline points="938,2566 2854,2566"/>
        <TextEquiv conf="0.9955182993098309">
          <Unicode>obediat. Martene Coll. II. 781, Migne 200 p. 628. — „Ad audientiam nostram“.</Unicode>
        </TextEquiv>
      </TextLine>
      <TextLine id="eSc_line_0b234b23" custom="structure {type:default;}">
        <Coords points="892,2621 892,2645 2852,2643 2854,2616 2850,2585 890,2585 892,2621"/>
        <Baseline points="892,2621 2854,2616"/>
        <TextEquiv conf="0.9973973565631442">
          <Unicode>11693 Viviano priori S. Salvatoris de Rivoalto permittit, ut in praecipuis sollemnitatibus</Unicode>
        </TextEquiv>
      </TextLine>
      <TextLine id="eSc_line_2ac87bb2" custom="structure {type:default;}">
        <Coords points="366,2630 366,2669 419,2669 419,2667 421,2667 424,2667 424,2665 441,2650 545,2663 547,2630 547,2566 366,2566 366,2630"/>
        <Baseline points="366,2630 547,2630"/>
        <TextEquiv conf="0.9889506995677948">
          <Unicode>„ 4.</Unicode>
        </TextEquiv>
      </TextLine>
      <TextLine id="eSc_line_fde0ae3b" custom="structure {type:default;}">
        <Coords points="671,2636 671,2663 689,2676 691,2676 693,2676 695,2676 757,2665 757,2636 757,2579 671,2579 671,2636"/>
        <Baseline points="671,2636 757,2636"/>
        <TextEquiv conf="0.9999954700469971">
          <Unicode>„</Unicode>
        </TextEquiv>
      </TextLine>
      <TextLine id="eSc_line_f02497c3" custom="structure {type:default;}">
        <Coords points="938,2676 938,2698 1111,2711 1113,2711 1201,2700 1204,2700 1323,2711 1325,2711 1469,2700 1473,2700 1478,2700 1544,2711 1546,2711 1617,2700 1621,2700 1626,2700 1727,2711 1729,2711 1855,2700 1864,2700 1869,2700 1922,2711 1924,2711 2043,2700 2056,2700 2068,2700 2191,2711 2193,2711 2847,2700 2847,2676 2847,2647 938,2645 938,2676"/>
        <Baseline points="938,2676 2847,2676"/>
        <TextEquiv conf="0.9930098613626078">
          <Unicode>et exequiis mortuorum mitra et baculo utatur. Pflugk-Harttung Iter p. 271. —</Unicode>
        </TextEquiv>
      </TextLine>
      <TextLine id="eSc_line_1242a371" custom="structure {type:default;}">
        <Coords points="943,2733 943,2758 1310,2744 1312,2727 1307,2698 1179,2687 1177,2687 1124,2698 1122,2698 1120,2698 1089,2687 1087,2687 1084,2687 1082,2687 1056,2698 1049,2700 1042,2698 1009,2689 1007,2689 1005,2689 941,2698 943,2733"/>
        <Baseline points="943,2733 1312,2727"/>
        <TextEquiv conf="0.9999997094273567">
          <Unicode>„Devotionis et“.</Unicode>
        </TextEquiv>
      </TextLine>
      <TextLine id="eSc_line_38780f14" custom="structure {type:default;}">
        <Coords points="892,2786 892,2811 2852,2804 2854,2780 2850,2744 2772,2729 2770,2729 2768,2729 2730,2742 2675,2731 2673,2731 2671,2731 2649,2742 2646,2744 2439,2744 2430,2742 2379,2731 2377,2731 2375,2731 2355,2742 2350,2744 2136,2747 2039,2747 2030,2740 2019,2731 2017,2731 2014,2731 1637,2731 1634,2731 1632,2731 1615,2738 1597,2744 1537,2738 1497,2733 1495,2733 1493,2733 1478,2738 1444,2747 1422,2738 1414,2733 1411,2733 1409,2733 1354,2736 1208,2747 890,2736 892,2786"/>
        <Baseline points="892,2786 2854,2780"/>
        <TextEquiv conf="0.9964864381722042">
          <Unicode>11694 (7812) Quosdam hortatur, ut P. adolescenti „rictum et restitum tribuant“. Mar-</Unicode>
        </TextEquiv>
      </TextLine>
      <TextLine id="eSc_line_67c62588" custom="structure {type:default;}">
        <Coords points="368,2795 368,2820 388,2824 391,2824 393,2824 395,2824 395,2822 397,2820 415,2802 545,2817 547,2786 541,2729 364,2729 368,2795"/>
        <Baseline points="368,2795 547,2786"/>
        <TextEquiv conf="0.9105204492807388">
          <Unicode>„ 5.</Unicode>
        </TextEquiv>
      </TextLine>
      <TextLine id="eSc_line_53d31e7d" custom="structure {type:default;}">
        <Coords points="757,2800 757,2747 678,2727 676,2800 678,2850 757,2811 757,2800"/>
        <Baseline points="676,2800 757,2800"/>
        <TextEquiv conf="0.9999997615814209">
          <Unicode>„</Unicode>
        </TextEquiv>
      </TextLine>
      <TextLine id="eSc_line_5fffb0f8" custom="structure {type:default;}">
        <Coords points="936,2839 936,2862 1473,2873 1475,2873 1539,2862 1542,2862 1670,2873 1672,2873 1674,2873 1701,2859 1703,2859 1705,2859 1734,2870 1736,2870 1738,2870 1813,2859 1824,2859 1877,2859 2361,2870 2364,2870 2366,2870 2410,2857 2410,2835 2406,2809 934,2802 936,2839"/>
        <Baseline points="936,2839 2410,2835"/>
        <TextEquiv conf="0.9960336919690742">
          <Unicode>tene Coll. II. 781, Migne 200 p. 628. — „Decet nos operibus“.</Unicode>
        </TextEquiv>
      </TextLine>
      <TextLine id="eSc_line_dfc93e52" custom="structure {type:default;}">
        <Coords points="892,2892 892,2921 2854,2919 2854,2892 2854,2862 892,2853 892,2892"/>
        <Baseline points="892,2892 2854,2892"/>
        <TextEquiv conf="0.99971407878248">
          <Unicode>11695 (7813) Monasterio S. Dionysii ecclesiam S. Medardi de Trembliaco asserit.</Unicode>
        </TextEquiv>
      </TextLine>
      <TextLine id="eSc_line_f364a812" custom="structure {type:default;}">
        <Coords points="362,2906 362,2952 404,2952 404,2950 406,2950 408,2950 408,2948 417,2941 441,2917 488,2928 505,2932 508,2932 510,2932 547,2917 547,2901 541,2859 360,2870 362,2906"/>
        <Baseline points="362,2906 547,2901"/>
        <TextEquiv conf="0.999093547463417">
          <Unicode>„ S.</Unicode>
        </TextEquiv>
      </TextLine>
      <TextLine id="eSc_line_a0fa044d" custom="structure {type:default;}">
        <Coords points="669,2912 669,2959 760,2970 762,2912 762,2873 669,2850 669,2912"/>
        <Baseline points="669,2912 762,2912"/>
        <TextEquiv conf="1.0">
          <Unicode>„</Unicode>
        </TextEquiv>
      </TextLine>
      <TextLine id="eSc_line_cfc62039" custom="structure {type:default;}">
        <Coords points="943,2950 943,2976 2850,2974 2852,2943 2847,2915 941,2910 943,2950"/>
        <Baseline points="943,2950 2852,2943"/>
        <TextEquiv conf="0.9970257098858173">
          <Unicode>Doublet Hist. de St. Denys p. 508, Migne 200 p. 629. — „Iustis petentium desi-</Unicode>
        </TextEquiv>
      </TextLine>
      <TextLine id="eSc_line_ddf619be" custom="structure {type:default;}">
        <Coords points="936,3003 936,3018 965,3034 967,3034 969,3034 1115,3016 1115,3003 1115,2974 936,2974 936,3003"/>
        <Baseline points="936,3003 1115,3003"/>
        <TextEquiv conf="0.9999981671571732">
          <Unicode>deriis“.</Unicode>
        </TextEquiv>
      </TextLine>
      <TextLine id="eSc_line_733bf10b" custom="structure {type:default;}">
        <Coords points="892,3060 892,3098 974,3085 1177,3096 1195,3096 1197,3096 1199,3096 1201,3096 1219,3085 1546,3091 1670,3093 1672,3093 1674,3093 1676,3093 1681,3089 1696,3082 1957,3087 2216,3091 2218,3091 2280,3082 2306,3080 2322,3082 2359,3091 2361,3091 2852,3076 2854,3051 2847,3014 2604,3014 2602,3014 2558,3003 2556,3003 2554,3003 2441,3014 2414,3003 2412,3003 2410,3003 2408,3003 2359,3016 2355,3016 2335,3016 2121,3005 2118,3005 2116,3005 2114,3005 2098,3016 1601,3007 1599,3007 1464,3018 1405,3007 1402,3007 1206,3021 1188,3009 1186,3009 1184,3009 919,3009 916,3009 914,3009 890,3021 892,3060"/>
        <Baseline points="892,3060 2854,3051"/>
        <TextEquiv conf="0.9995432749390603">
          <Unicode>11636 (7814) Quibusdam mandat, iudicent inter I. abbatem S. Mariae Virtuensis et</Unicode>
        </TextEquiv>
      </TextLine>
      <TextLine id="eSc_line_b99740f0" custom="structure {type:default;}">
        <Coords points="368,3067 368,3091 415,3104 417,3104 419,3104 421,3104 452,3091 463,3087 472,3091 503,3102 505,3102 508,3102 510,3102 550,3089 550,3062 545,3007 483,2996 481,2996 479,2996 455,3005 421,3014 366,3003 368,3067"/>
        <Baseline points="368,3067 550,3062"/>
        <TextEquiv conf="0.8984678685665131">
          <Unicode>„ 9.</Unicode>
        </TextEquiv>
      </TextLine>
      <TextLine id="eSc_line_9e5d71c4" custom="structure {type:default;}">
        <Coords points="680,3074 680,3107 709,3118 711,3118 713,3118 715,3118 755,3096 755,3074 753,3005 680,3016 680,3074"/>
        <Baseline points="680,3074 755,3074"/>
        <TextEquiv conf="0.9999973773956299">
          <Unicode>„</Unicode>
        </TextEquiv>
      </TextLine>
      <TextLine id="eSc_line_8c996aaf" custom="structure {type:default;}">
        <Coords points="936,3115 936,3135 2850,3131 2852,3111 2847,3082 1893,3071 1891,3071 1889,3071 1866,3082 972,3074 969,3074 967,3074 934,3085 936,3115"/>
        <Baseline points="936,3115 2852,3111"/>
        <TextEquiv conf="0.9986164591142109">
          <Unicode>eius adversarios. Martene Coll. II. 782, Migne 200 p. 629. — „Dilecti filii nostri“.</Unicode>
        </TextEquiv>
      </TextLine>
      <TextLine id="eSc_line_2984b583" custom="structure {type:default;}">
        <Coords points="890,3168 890,3202 2847,3191 2850,3162 2843,3131 888,3131 890,3168"/>
        <Baseline points="890,3168 2850,3162"/>
        <TextEquiv conf="0.9977999232709408">
          <Unicode>11697 (7815) Henrico, archiepiscopo Remensi, mandat, ut ecclesiae Romanae censum</Unicode>
        </TextEquiv>
      </TextLine>
      <TextLine id="eSc_line_527e25c1" custom="structure {type:default;}">
        <Coords points="362,3175 362,3210 455,3197 479,3202 525,3208 528,3208 530,3208 532,3208 550,3195 550,3171 543,3107 360,3124 362,3175"/>
        <Baseline points="362,3175 550,3171"/>
        <TextEquiv conf="0.9756882190704346">
          <Unicode>„ 11.</Unicode>
        </TextEquiv>
      </TextLine>
      <TextLine id="eSc_line_a2b367ca" custom="structure {type:default;}">
        <Coords points="678,3182 678,3195 751,3197 753,3182 753,3118 678,3111 678,3182"/>
        <Baseline points="678,3182 753,3182"/>
        <TextEquiv conf="1.0">
          <Unicode>„</Unicode>
        </TextEquiv>
      </TextLine>
      <TextLine id="eSc_line_0b74b4c8" custom="structure {type:default;}">
        <Coords points="938,3224 938,3248 2850,3244 2852,3219 2847,3191 1902,3180 1900,3180 1897,3180 1895,3180 1877,3191 976,3182 974,3182 972,3182 936,3193 938,3224"/>
        <Baseline points="938,3224 2852,3219"/>
        <TextEquiv conf="0.9975639755806226">
          <Unicode>ab ecclesia S. Nicolai de Insula de Lours aliisque ecclesiis tradi fratri Rostaim iubeat.</Unicode>
        </TextEquiv>
      </TextLine>
      <TextLine id="eSc_line_45deb3f5" custom="structure {type:default;}">
        <Coords points="941,3277 941,3310 2850,3301 2850,3277 2850,3246 941,3241 941,3277"/>
        <Baseline points="941,3277 2850,3277"/>
        <TextEquiv conf="0.9977227571892412">
          <Unicode>Martene Coll. II. 783, Bouquet Rec. XV. 858, Migne 200 p. 630. — „Quoniam</Unicode>
        </TextEquiv>
      </TextLine>
      <TextLine id="eSc_line_d4403b61" custom="structure {type:default;}">
        <Coords points="936,3327 934,3347 954,3361 956,3361 958,3361 961,3361 1140,3347 1175,3363 1177,3363 1179,3363 1299,3361 1352,3347 1354,3332 1352,3301 936,3297 936,3327"/>
        <Baseline points="936,3327 1354,3332"/>
        <TextEquiv conf="0.9999991589122348">
          <Unicode>ecclesiae multae“.</Unicode>
        </TextEquiv>
      </TextLine>
      <TextLine id="eSc_line_1e2d75be" custom="structure {type:default;}">
        <Coords points="892,3389 892,3411 2854,3405 2854,3380 2850,3347 890,3345 892,3389"/>
        <Baseline points="892,3389 2854,3380"/>
        <TextEquiv conf="0.9998081165753053">
          <Unicode>11698 Archiepiscopis et episcopis, in quorum parochiis ecclesiae Parisiensis possessiones</Unicode>
        </TextEquiv>
      </TextLine>
      <TextLine id="eSc_line_35fcd5c3" custom="structure {type:default;}">
        <Coords points="364,3396 364,3467 397,3482 399,3482 402,3482 404,3482 406,3482 424,3469 433,3464 552,3475 552,3389 547,3316 486,3308 483,3308 481,3308 479,3308 463,3321 459,3323 457,3321 448,3314 446,3314 444,3314 441,3314 360,3325 364,3396"/>
        <Baseline points="364,3396 552,3389"/>
        <TextEquiv conf="0.9737077713012695">
          <Unicode>„ I1.</Unicode>
        </TextEquiv>
      </TextLine>
      <TextLine id="eSc_line_469e07a0" custom="structure {type:default;}">
        <Coords points="660,3400 665,3500 746,3504 748,3504 751,3504 753,3504 753,3502 762,3491 757,3394 751,3336 656,3347 660,3400"/>
        <Baseline points="660,3400 757,3394"/>
        <TextEquiv conf="1.0">
          <Unicode>„</Unicode>
        </TextEquiv>
      </TextLine>
      <TextLine id="eSc_line_2e1b753c" custom="structure {type:default;}">
        <Coords points="938,3440 938,3467 2845,3469 2850,3436 2845,3409 936,3407 938,3440"/>
        <Baseline points="938,3440 2850,3436"/>
        <TextEquiv conf="0.990048836512738">
          <Unicode>consistunt, mandat, ut de earum invasoribus infra 30 dies post factam requisitionem</Unicode>
        </TextEquiv>
      </TextLine>
      <TextLine id="eSc_line_898ba740" custom="structure {type:default;}">
        <Coords points="938,3495 938,3546 1703,3562 1705,3562 1707,3562 1710,3562 1729,3546 1732,3546 1884,3546 1886,3546 1915,3559 1917,3559 1919,3562 2052,3562 2052,3559 2054,3559 2083,3546 2087,3544 2094,3546 2127,3557 2129,3557 2132,3557 2134,3557 2136,3557 2154,3546 2160,3544 2357,3544 2366,3546 2414,3559 2417,3559 2419,3559 2622,3546 2649,3559 2651,3559 2653,3562 2786,3562 2786,3559 2850,3544 2852,3491 2847,3462 936,3460 938,3495"/>
        <Baseline points="938,3495 2852,3491"/>
        <TextEquiv conf="0.9783584982499309">
          <Unicode>iustitiam eahibeant. Autogr. in tabul. nat. Taris. L. 231. n. 38. — „Cuanto iam dicta“.</Unicode>
        </TextEquiv>
      </TextLine>
    </TextRegion>
    <TextRegion id="eSc_textblock_4963755d"  custom="structure {type:default;}">
      <Coords points="1327,150 2061,159 2070,245 1111,245 1129,159 1327,150"/>
      <TextLine id="eSc_line_deeb9dee" custom="structure {type:default;}">
        <Coords points="1126,165 1126,218 1124,245 1365,251 1367,251 1402,245 1425,240 1482,245 1619,253 1621,253 1687,242 1690,242 1692,242 1705,253 1707,253 1710,253 1712,253 1926,242 2010,253 2012,253 2014,253 2045,240 2048,223 2045,167 1131,163 1126,165"/>
        <Baseline points="1126,218 2048,223"/>
        <TextEquiv conf="0.9999930477142334">
          <Unicode>ALEXANDER III. 1159—1181.</Unicode>
        </TextEquiv>
      </TextLine>
    </TextRegion>
  </Page>
</PcGts>
