<?xml version="1.0" encoding="UTF-8"  standalone="yes"?>
<PcGts xmlns="http://schema.primaresearch.org/PAGE/gts/pagecontent/2019-07-15" xmlns:xsi="http://www.w3.org/2001/XMLSchema-instance" xsi:schemaLocation="http://schema.primaresearch.org/PAGE/gts/pagecontent/2019-07-15 http://schema.primaresearch.org/PAGE/gts/pagecontent/2019-07-15/pagecontent.xsd">
  <Metadata>
	<Creator>escriptorium</Creator>
	<Created>2024-07-19T10:09:01.637744+00:00</Created>
        <LastChange>2024-08-08T08:35:13.938076+00:00</LastChange>
  </Metadata>
  <Page imageFilename="0246.png" imageWidth="3007" imageHeight="3975">
    <TextRegion id="eSc_textblock_154d4bd5"  custom="structure {type:default;}">
      <Coords points="808,282 2697,291 2680,3548 2326,3584 123,3557 88,2656 88,1280 97,856 123,836 97,819 97,653 247,554 265,432 220,335 351,309 377,856 406,556 530,430 483,368 406,368 406,326 466,353 625,318 634,342 572,344 616,362 680,291 808,282"/>
      <TextLine id="eSc_line_650e7f2c" custom="structure {type:default;}">
        <Coords points="2562,289 2540,289 2518,289 2496,289 2494,289 2406,298 2293,289 2275,289 2255,289 2244,300 2070,289 2068,289 2010,298 1988,289 1984,287 1981,287 1979,287 1950,289 1794,302 1749,291 1734,287 1732,287 1729,287 1707,291 1657,302 1592,293 1566,289 1564,289 1562,289 1553,293 1533,304 1431,293 1391,291 1389,291 1358,295 1283,306 1204,298 1151,291 1148,291 665,302 662,306 665,348 665,377 1148,373 1184,379 1224,386 1226,386 1228,386 1230,386 1239,379 1250,373 1334,377 1396,382 1398,382 1400,382 1409,377 1422,371 1440,377 1458,384 1460,384 1462,384 1464,384 1480,377 1495,373 1657,377 1824,382 1827,382 1829,382 1849,377 1877,368 1906,377 1926,382 1928,382 1931,382 2090,375 2370,364 2408,375 2419,377 2421,377 2423,377 2569,373 2569,335 2562,289 2562,289"/>
        <Baseline points="665,348 2569,335"/>
        <TextEquiv conf="0.9800413471929142">
          <Unicode>1170. (Ind. 3. — 25. Sept. — 4, pont. a. 11. — 20. Sept. — 12, 1169. — 25. Mart. — 1170.)</Unicode>
        </TextEquiv>
      </TextLine>
      <TextLine id="eSc_line_b03c324e" custom="structure {type:default;}">
        <Coords points="742,412 742,432 2653,437 2657,408 2653,377 795,368 793,368 740,379 742,412"/>
        <Baseline points="742,412 2657,408"/>
        <TextEquiv conf="0.9997844892304119">
          <Unicode>noluerint, et in vestra civitate manere, vos stratam per Tusciam dirigi nullatenus</Unicode>
        </TextEquiv>
      </TextLine>
      <TextLine id="eSc_line_b27da6ca" custom="structure {type:default;}">
        <Coords points="742,465 742,499 2655,492 2657,459 2653,426 859,426 857,426 740,437 742,465"/>
        <Baseline points="742,465 2657,459"/>
        <TextEquiv conf="0.9989083766937256">
          <Unicode>permittatis, sed Parmensibus firmiter iniungatis, quod eam per civitatem suam et</Unicode>
        </TextEquiv>
      </TextLine>
      <TextLine id="eSc_line_afd7bf3e" custom="structure {type:default;}">
        <Coords points="742,516 742,543 2655,541 2655,516 2653,485 742,488 742,516"/>
        <Baseline points="742,516 2655,516"/>
        <TextEquiv conf="0.9965202587622183">
          <Unicode>sic versus Bononiam faciant teneri, et a Tuscia donec vobis iungatur penitus pro-</Unicode>
        </TextEquiv>
      </TextLine>
      <TextLine id="eSc_line_4023b950" custom="structure {type:default;}">
        <Coords points="742,574 742,598 2651,600 2655,567 2649,534 740,541 742,574"/>
        <Baseline points="742,574 2655,567"/>
        <TextEquiv conf="0.9848804545689778">
          <Unicode>hiberi; . . . nihilominus etiam vobis iniungimus, ut mercatores de Tuscia in terris</Unicode>
        </TextEquiv>
      </TextLine>
      <TextLine id="eSc_line_b9a74ee2" custom="structure {type:default;}">
        <Coords points="746,627 746,653 2657,653 2657,627 2657,600 746,600 746,627"/>
        <Baseline points="746,627 2657,627"/>
        <TextEquiv conf="0.9992945925110862">
          <Unicode>vestris nec manere nec mercari neque venire sinatis, neque vestros seu ultramontanos</Unicode>
        </TextEquiv>
      </TextLine>
      <TextLine id="eSc_line_49e87e84" custom="structure {type:default;}">
        <Coords points="742,682 742,704 1663,715 1665,715 2653,702 2655,677 2649,647 740,651 742,682"/>
        <Baseline points="742,682 2655,677"/>
        <TextEquiv conf="0.9918511117759504">
          <Unicode>negotiatores ad eos transire quomodolibet permittatis“. (Verba „Ceterum si —</Unicode>
        </TextEquiv>
      </TextLine>
      <TextLine id="eSc_line_0e1d7cdb" custom="structure {type:default;}">
        <Coords points="744,739 744,768 2655,761 2657,733 2653,702 824,700 821,700 742,711 744,739"/>
        <Baseline points="744,739 2657,733"/>
        <TextEquiv conf="0.9993725792471185">
          <Unicode>prohiberi“ corrupta falsoque loco posita esse, contendit Prutz II. 179; qua ratione</Unicode>
        </TextEquiv>
      </TextLine>
      <TextLine id="eSc_line_41718de7" custom="structure {type:default;}">
        <Coords points="744,792 744,817 2655,812 2657,788 2651,757 742,761 744,792"/>
        <Baseline points="744,792 2657,788"/>
        <TextEquiv conf="0.9925076301608767">
          <Unicode>non video.) Boselli Storie Piacentine p. 322, Böhmer Acta imp. sel. II. 600: „VIIII.</Unicode>
        </TextEquiv>
      </TextLine>
      <TextLine id="eSc_line_8e7e9ecf" custom="structure {type:default;}">
        <Coords points="746,850 746,878 2660,876 2660,850 2660,819 746,812 746,850"/>
        <Baseline points="746,850 2660,850"/>
        <TextEquiv conf="0.9936230719825367">
          <Unicode>kal. Apr.“, Vignati Stor. dipl. della lega Lomb. p. 201, Vignati Cod. dipl. Laud.</Unicode>
        </TextEquiv>
      </TextLine>
      <TextLine id="eSc_line_5ef60e32" custom="structure {type:default;}">
        <Coords points="742,905 742,918 897,929 899,929 963,918 967,918 972,918 1022,929 1025,929 1027,929 1029,929 1045,918 1078,934 1080,934 1082,934 1084,934 1140,918 1221,934 1224,934 1226,934 1277,916 1281,916 1347,916 1369,916 1383,929 1383,931 1385,931 1387,931 1389,934 1497,934 1497,931 1500,931 1502,931 1502,929 1513,920 1584,931 1586,931 1588,931 1590,931 1606,918 1619,929 1619,931 1621,931 1623,931 1626,934 1771,934 1771,931 1774,931 1820,914 1820,901 1813,870 1650,870 1648,870 1634,859 1632,859 1630,859 1628,859 1626,859 1623,859 1606,870 1606,872 1584,872 1489,872 1418,859 1416,859 1414,859 1411,859 1411,861 1400,870 1263,861 1261,861 1197,872 1179,861 1177,861 1175,861 1173,861 1170,861 1137,872 1111,861 1109,861 1106,861 1104,861 1078,872 1069,863 1069,861 1067,861 1064,861 961,861 958,861 903,872 841,861 839,861 837,861 804,872 751,861 748,861 746,861 744,861 744,863 742,863 740,863 742,905"/>
        <Baseline points="742,905 1820,901"/>
        <TextEquiv conf="0.9860075590285388">
          <Unicode>II. 60: „VI. kal. Apr.“. — „Non est dubium“.</Unicode>
        </TextEquiv>
      </TextLine>
      <TextLine id="eSc_line_51e2a310" custom="structure {type:default;}">
        <Coords points="428,956 428,1013 609,1011 609,951 605,876 426,874 428,956"/>
        <Baseline points="428,956 609,951"/>
        <TextEquiv conf="0.9081156424113682">
          <Unicode>Verdbi.</Unicode>
        </TextEquiv>
      </TextLine>
      <TextLine id="eSc_line_2740a62b" custom="structure {type:default;}">
        <Coords points="691,960 691,982 2163,987 2165,987 2655,973 2657,951 2651,909 2315,920 2297,912 2291,907 2288,907 2286,907 2284,907 2209,909 2189,914 2145,923 2127,914 2118,909 2116,909 1953,909 1950,909 1948,909 1946,909 1937,916 1922,925 1670,925 1599,918 1513,912 1511,912 1444,920 1414,925 1398,920 1363,912 1360,912 1358,912 1219,923 1164,927 1135,925 1062,914 1060,914 843,923 737,914 735,914 733,914 689,927 691,960"/>
        <Baseline points="691,960 2657,951"/>
        <TextEquiv conf="0.9960108181325401">
          <Unicode>11748 (7854) Firmano, Asculano, Camerinensi episcopis, et G. subdiacono suo, Auxi-</Unicode>
        </TextEquiv>
      </TextLine>
      <TextLine id="eSc_line_791472ab" custom="structure {type:default;}">
        <Coords points="139,962 139,1011 355,1002 355,958 353,878 333,870 331,870 329,870 326,870 293,881 285,885 280,883 256,870 254,870 251,870 205,872 203,872 136,889 139,962"/>
        <Baseline points="139,962 355,958"/>
        <TextEquiv conf="0.964185930788517">
          <Unicode>Mana 25.</Unicode>
        </TextEquiv>
      </TextLine>
      <TextLine id="eSc_line_13696b5a" custom="structure {type:default;}">
        <Coords points="742,1013 742,1037 2653,1031 2655,1007 2649,980 740,982 742,1013"/>
        <Baseline points="742,1013 2655,1007"/>
        <TextEquiv conf="0.9998954053384712">
          <Unicode>mano procuratori, et Fontis Avellani priori mandat, ut monasterii Piscariensis pos-</Unicode>
        </TextEquiv>
      </TextLine>
      <TextLine id="eSc_line_96df0cab" custom="structure {type:default;}">
        <Coords points="744,1064 744,1093 2655,1093 2657,1068 2655,1037 744,1033 744,1064"/>
        <Baseline points="744,1064 2657,1068"/>
        <TextEquiv conf="0.9898572213509503">
          <Unicode>sessiones iniuste occupatas Leonati abbati restitui iubeant. Chron. Casaur. ap. Mura-</Unicode>
        </TextEquiv>
      </TextLine>
      <TextLine id="eSc_line_86171a5d" custom="structure {type:default;}">
        <Coords points="744,1119 742,1139 760,1150 762,1150 764,1150 766,1150 2277,1141 2280,1124 2277,1090 744,1088 744,1119"/>
        <Baseline points="744,1119 2280,1124"/>
        <TextEquiv conf="0.9990655734683528">
          <Unicode>tori R. It. SS. II. II. 912, Migne 200 p. 657. — „Quanto dilecti“.</Unicode>
        </TextEquiv>
      </TextLine>
      <TextLine id="eSc_line_72538094" custom="structure {type:default;}">
        <Coords points="693,1181 693,1205 2653,1210 2657,1174 2653,1143 2116,1132 2114,1132 2010,1143 1997,1146 691,1146 693,1181"/>
        <Baseline points="693,1181 2657,1174"/>
        <TextEquiv conf="0.9963560296201158">
          <Unicode>11749 Eustachio abbati et fratribus S. Petri Selincurtensis privilegium concedit. Neues</Unicode>
        </TextEquiv>
      </TextLine>
      <TextLine id="eSc_line_4447512d" custom="structure {type:default;}">
        <Coords points="172,1185 172,1214 198,1221 201,1221 203,1221 205,1221 214,1214 231,1199 271,1212 287,1216 289,1216 291,1216 351,1207 351,1179 346,1115 276,1113 273,1113 271,1113 269,1113 245,1132 229,1148 170,1148 172,1185"/>
        <Baseline points="172,1185 351,1179"/>
        <TextEquiv conf="0.9991800904273986">
          <Unicode>„ 25.</Unicode>
        </TextEquiv>
      </TextLine>
      <TextLine id="eSc_line_a71d2e05" custom="structure {type:default;}">
        <Coords points="483,1192 483,1210 517,1223 519,1223 521,1223 523,1223 561,1205 561,1192 561,1161 483,1154 483,1192"/>
        <Baseline points="483,1192 561,1192"/>
        <TextEquiv conf="1.0">
          <Unicode>„</Unicode>
        </TextEquiv>
      </TextLine>
      <TextLine id="eSc_line_42d624ff" custom="structure {type:default;}">
        <Coords points="742,1234 742,1249 861,1263 863,1263 866,1263 897,1249 899,1249 901,1249 972,1260 974,1260 1027,1247 1034,1247 1040,1247 1087,1260 1089,1260 1091,1260 1093,1260 1131,1247 1133,1247 1144,1247 1310,1260 1312,1260 1455,1258 1458,1258 1460,1258 1475,1245 1491,1258 1493,1258 1495,1258 1497,1260 1557,1260 1557,1258 1559,1258 1601,1243 1601,1227 1597,1201 762,1192 760,1192 757,1192 755,1192 740,1201 742,1234"/>
        <Baseline points="742,1234 1601,1227"/>
        <TextEquiv conf="0.998013156301835">
          <Unicode>Archiv VII. 99. — „Cum inter vos“.</Unicode>
        </TextEquiv>
      </TextLine>
      <TextLine id="eSc_line_701c59db" custom="structure {type:default;}">
        <Coords points="693,1289 693,1320 2653,1313 2655,1285 2649,1245 2355,1252 2341,1245 2326,1238 2324,1238 2322,1238 2284,1247 2260,1252 2246,1247 2229,1238 2227,1238 2224,1238 2156,1247 2136,1249 2129,1247 2092,1232 2090,1232 1822,1232 1820,1232 1818,1232 1816,1232 1789,1249 1787,1252 1765,1249 1628,1234 1626,1234 1623,1234 1566,1252 1555,1256 1162,1256 1159,1254 1117,1234 1115,1234 1113,1234 1111,1234 1109,1234 1084,1249 1034,1241 1031,1241 1029,1241 1027,1241 1009,1254 956,1236 954,1236 952,1236 691,1256 693,1289"/>
        <Baseline points="693,1289 2655,1285"/>
        <TextEquiv conf="0.9997725500457588">
          <Unicode>11750 (7855) P. decano et toti capitulo Suessionensi praecipit, ut P., clerico Ludovici</Unicode>
        </TextEquiv>
      </TextLine>
      <TextLine id="eSc_line_681883cc" custom="structure {type:default;}">
        <Coords points="170,1296 170,1336 349,1333 349,1289 342,1216 280,1221 278,1221 276,1221 276,1223 258,1238 231,1263 167,1263 170,1296"/>
        <Baseline points="170,1296 349,1289"/>
        <TextEquiv conf="0.9999747276306152">
          <Unicode>„ 26.</Unicode>
        </TextEquiv>
      </TextLine>
      <TextLine id="eSc_line_151872b7" custom="structure {type:default;}">
        <Coords points="483,1302 483,1340 561,1338 561,1302 561,1214 483,1207 483,1302"/>
        <Baseline points="483,1302 561,1302"/>
        <TextEquiv conf="0.9999960660934448">
          <Unicode>„</Unicode>
        </TextEquiv>
      </TextLine>
      <TextLine id="eSc_line_fb57f3aa" custom="structure {type:default;}">
        <Coords points="742,1338 740,1358 2649,1371 2653,1344 2653,1313 2633,1302 2631,1302 2629,1302 2626,1302 2277,1313 2273,1313 2249,1302 2246,1302 2244,1302 2070,1313 2056,1313 2052,1313 1984,1300 1981,1300 1926,1311 1760,1300 1758,1300 1756,1300 1714,1311 1610,1300 1608,1300 1606,1300 1581,1311 1347,1311 1250,1311 1215,1298 1212,1298 1210,1298 1208,1298 1177,1309 1091,1298 1089,1298 1087,1298 1060,1309 1060,1311 799,1311 795,1309 775,1298 773,1298 771,1298 768,1298 742,1307 742,1338"/>
        <Baseline points="742,1338 2653,1344"/>
        <TextEquiv conf="0.9957396027482586">
          <Unicode>Francorum regis, subtractum praebendae reditum restituant. Martene Coll. II. 824,</Unicode>
        </TextEquiv>
      </TextLine>
      <TextLine id="eSc_line_61a3b9bf" custom="structure {type:default;}">
        <Coords points="742,1397 742,1419 2191,1419 2191,1397 2191,1366 742,1362 742,1397"/>
        <Baseline points="742,1397 2191,1397"/>
        <TextEquiv conf="0.9994559863518024">
          <Unicode>Bouquet Rec. XV. 882, Migne 200 p. 658. — „Quanta sit in“.</Unicode>
        </TextEquiv>
      </TextLine>
      <TextLine id="eSc_line_33cd8f94" custom="structure {type:default;}">
        <Coords points="689,1455 689,1477 2653,1470 2655,1448 2649,1413 687,1417 689,1455"/>
        <Baseline points="689,1455 2655,1448"/>
        <TextEquiv conf="0.9992534019052982">
          <Unicode>11751 (7856) Praepositum, decanum et archidiaconum et universum capitulum Autis-</Unicode>
        </TextEquiv>
      </TextLine>
      <TextLine id="eSc_line_38a10457" custom="structure {type:default;}">
        <Coords points="470,1457 468,1512 570,1512 574,1461 572,1386 472,1389 470,1457"/>
        <Baseline points="470,1457 574,1461"/>
        <TextEquiv conf="0.9999999602635702">
          <Unicode>(„)</Unicode>
        </TextEquiv>
      </TextLine>
      <TextLine id="eSc_line_e09f285f" custom="structure {type:default;}">
        <Coords points="145,1461 143,1519 247,1519 251,1466 251,1422 198,1400 196,1400 194,1400 192,1400 145,1413 145,1461"/>
        <Baseline points="145,1461 251,1466"/>
        <TextEquiv conf="0.999998927116394">
          <Unicode>(„)</Unicode>
        </TextEquiv>
      </TextLine>
      <TextLine id="eSc_line_8073655a" custom="structure {type:default;}">
        <Coords points="740,1508 740,1530 2653,1532 2655,1508 2655,1477 740,1477 740,1508"/>
        <Baseline points="740,1508 2655,1508"/>
        <TextEquiv conf="0.991537598916042">
          <Unicode>siodorense hortatur, ut magistro P. „beneficium praebendae suae, quam in ecclesia</Unicode>
        </TextEquiv>
      </TextLine>
      <TextLine id="eSc_line_1fb90190" custom="structure {type:default;}">
        <Coords points="742,1563 742,1585 2653,1578 2655,1556 2651,1528 1405,1519 1402,1519 1400,1519 1374,1530 927,1521 925,1521 740,1532 742,1563"/>
        <Baseline points="742,1563 2655,1556"/>
        <TextEquiv conf="0.9977603386609982">
          <Unicode>eorum possideat, usque ad triennium, vel saltem usque biennium concedant“. Du-</Unicode>
        </TextEquiv>
      </TextLine>
      <TextLine id="eSc_line_f04a3211" custom="structure {type:default;}">
        <Coords points="742,1616 742,1643 2655,1651 2657,1616 2657,1587 742,1587 742,1616"/>
        <Baseline points="742,1616 2657,1616"/>
        <TextEquiv conf="0.9997028968273065">
          <Unicode>chesne HI. Fr. SS. IV. 688, Bouquet Rec. XV. 882, Migne 200 p. 658. — „Invitat</Unicode>
        </TextEquiv>
      </TextLine>
      <TextLine id="eSc_line_bd9adc3f" custom="structure {type:default;}">
        <Coords points="742,1673 742,1687 817,1698 819,1698 821,1698 841,1687 859,1698 861,1698 863,1698 866,1698 1011,1682 1014,1669 1009,1638 879,1629 877,1629 874,1629 872,1629 859,1640 859,1643 740,1643 742,1673"/>
        <Baseline points="742,1673 1014,1669"/>
        <TextEquiv conf="0.9988818764686584">
          <Unicode>nos officii“.</Unicode>
        </TextEquiv>
      </TextLine>
      <TextLine id="eSc_line_58c26942" custom="structure {type:default;}">
        <Coords points="689,1726 689,1757 2655,1753 2655,1726 2653,1689 2353,1689 2348,1687 2326,1676 2324,1676 2322,1676 2319,1676 2286,1687 2277,1691 2125,1691 2118,1687 2105,1676 2103,1676 2101,1676 2098,1676 1984,1684 1937,1689 1886,1684 1778,1676 1776,1676 1729,1684 1705,1689 1654,1684 1581,1678 1579,1678 1537,1684 1506,1689 1500,1684 1489,1676 1486,1676 1484,1676 1482,1676 689,1680 689,1726"/>
        <Baseline points="689,1726 2655,1726"/>
        <TextEquiv conf="0.9995519366019812">
          <Unicode>11752 (7857) Henrico, archiepiscopo Remensi, mandat, ut fratrum Compendiensium</Unicode>
        </TextEquiv>
      </TextLine>
      <TextLine id="eSc_line_da2058ee" custom="structure {type:default;}">
        <Coords points="170,1735 170,1784 344,1788 346,1729 340,1667 165,1667 170,1735"/>
        <Baseline points="170,1735 346,1729"/>
        <TextEquiv conf="0.9996905565261841">
          <Unicode>„ 26.</Unicode>
        </TextEquiv>
      </TextLine>
      <TextLine id="eSc_line_2aff0622" custom="structure {type:default;}">
        <Coords points="479,1744 479,1810 565,1821 567,1744 567,1720 479,1718 479,1744"/>
        <Baseline points="479,1744 567,1744"/>
        <TextEquiv conf="0.9907276332378387">
          <Unicode>„„</Unicode>
        </TextEquiv>
      </TextLine>
      <TextLine id="eSc_line_c61b93f5" custom="structure {type:default;}">
        <Coords points="742,1782 742,1804 2651,1806 2653,1782 2653,1753 742,1753 742,1782"/>
        <Baseline points="742,1782 2653,1782"/>
        <TextEquiv conf="0.9994523837452843">
          <Unicode>iura tueatur, resque ablatas iis restitui cogat. Martene Coll. II. 825, Bouquet Rec.</Unicode>
        </TextEquiv>
      </TextLine>
      <TextLine id="eSc_line_bfe01bc6" custom="structure {type:default;}">
        <Coords points="744,1839 744,1859 2045,1852 2048,1832 2041,1795 1402,1804 1389,1802 1338,1793 1336,1793 1241,1804 1235,1804 1232,1804 1190,1793 1188,1793 1186,1793 1104,1806 1100,1806 1089,1797 1089,1795 1087,1795 1084,1795 994,1795 992,1795 989,1795 965,1806 870,1795 868,1795 866,1795 841,1806 753,1795 751,1795 748,1795 746,1795 746,1797 744,1797 742,1797 744,1839"/>
        <Baseline points="744,1839 2048,1832"/>
        <TextEquiv conf="0.9894205755912341">
          <Unicode>XV. 884, Migne 200 p. 659. — „Conquesti sunt nobis“.</Unicode>
        </TextEquiv>
      </TextLine>
      <TextLine id="eSc_line_b18bbdd0" custom="structure {type:default;}">
        <Coords points="691,1894 691,1916 2653,1910 2655,1888 2651,1857 2098,1843 2096,1843 2006,1857 1997,1857 1992,1857 1964,1846 1961,1846 1959,1846 1957,1846 1933,1857 1931,1857 1895,1857 1575,1846 1573,1846 1522,1857 1517,1857 1509,1857 1369,1846 1367,1846 1288,1857 1270,1859 1263,1857 1237,1848 1235,1848 1232,1848 1173,1857 1159,1859 1148,1857 1104,1848 1102,1848 1100,1848 1080,1857 1075,1859 1060,1857 989,1848 987,1848 689,1857 691,1894"/>
        <Baseline points="691,1894 2655,1888"/>
        <TextEquiv conf="0.9965825156320499">
          <Unicode>11753 (7858) Quibusdam mandat, ut inter Nicolaum, civem Catalaunensem, et magi-</Unicode>
        </TextEquiv>
      </TextLine>
      <TextLine id="eSc_line_03319033" custom="structure {type:default;}">
        <Coords points="172,1901 176,1943 229,1914 249,1927 265,1941 267,1941 269,1941 271,1941 311,1938 313,1938 315,1938 349,1910 349,1894 342,1826 167,1826 172,1901"/>
        <Baseline points="172,1901 349,1894"/>
        <TextEquiv conf="0.9183181166648865">
          <Unicode>„ 25.</Unicode>
        </TextEquiv>
      </TextLine>
      <TextLine id="eSc_line_d2f23842" custom="structure {type:default;}">
        <Coords points="472,1908 472,1958 563,1980 565,1908 563,1808 472,1813 472,1908"/>
        <Baseline points="472,1908 565,1908"/>
        <TextEquiv conf="1.0">
          <Unicode>„</Unicode>
        </TextEquiv>
      </TextLine>
      <TextLine id="eSc_line_3ef595f3" custom="structure {type:default;}">
        <Coords points="740,1949 740,1972 2646,1974 2651,1943 2646,1912 1376,1903 1374,1903 1199,1914 777,1905 775,1905 773,1905 737,1916 740,1949"/>
        <Baseline points="740,1949 2651,1943"/>
        <TextEquiv conf="0.9924995064735412">
          <Unicode>strum domus S. Iacobi iudicium faciant. Martene Coll. II. 826, Migne 200 p. 659.</Unicode>
        </TextEquiv>
      </TextLine>
      <TextLine id="eSc_line_d35907f6" custom="structure {type:default;}">
        <Coords points="742,2002 742,2020 1029,2033 1031,2033 1098,2018 1102,2018 1117,2031 1120,2031 1122,2031 1124,2031 1126,2031 1177,2018 1182,2018 1184,2018 1246,2031 1248,2031 1352,2016 1354,1998 1347,1969 740,1972 742,2002"/>
        <Baseline points="742,2002 1354,1998"/>
        <TextEquiv conf="0.9792345017194748">
          <Unicode>— „Suggestum est nobis“.</Unicode>
        </TextEquiv>
      </TextLine>
      <TextLine id="eSc_line_c8d68abe" custom="structure {type:default;}">
        <Coords points="691,2055 691,2084 2651,2082 2653,2051 2649,2018 689,2011 691,2055"/>
        <Baseline points="691,2055 2653,2051"/>
        <TextEquiv conf="0.9995734647468284">
          <Unicode>11754 (7859) (Henrico) Remensi et (Rotrodo) Rotomagensi archiepiscopis mandat, ut</Unicode>
        </TextEquiv>
      </TextLine>
      <TextLine id="eSc_line_a45dc6c7" custom="structure {type:default;}">
        <Coords points="170,2064 170,2084 342,2084 342,2058 335,2005 167,2016 170,2064"/>
        <Baseline points="170,2064 342,2058"/>
        <TextEquiv conf="1.0">
          <Unicode>„ 29.</Unicode>
        </TextEquiv>
      </TextLine>
      <TextLine id="eSc_line_a3d52013" custom="structure {type:default;}">
        <Coords points="470,2071 466,2128 561,2128 565,2075 567,1996 517,1965 514,1965 512,1965 510,1965 508,1965 472,1980 470,2071"/>
        <Baseline points="470,2071 565,2075"/>
        <TextEquiv conf="0.9999998807907104">
          <Unicode>„</Unicode>
        </TextEquiv>
      </TextLine>
      <TextLine id="eSc_line_97bef5d1" custom="structure {type:default;}">
        <Coords points="740,2111 740,2135 2653,2131 2655,2106 2651,2080 1754,2069 1752,2069 1683,2080 806,2071 804,2071 737,2082 740,2111"/>
        <Baseline points="740,2111 2655,2106"/>
        <TextEquiv conf="0.9999728313712186">
          <Unicode>ecclesiam S. Petri Selincurtensem ab adversariorum iniuriis tueantur, eosque ad resti-</Unicode>
        </TextEquiv>
      </TextLine>
      <TextLine id="eSc_line_222adccb" custom="structure {type:default;}">
        <Coords points="742,2166 742,2195 2651,2195 2653,2159 2646,2131 740,2135 742,2166"/>
        <Baseline points="742,2166 2653,2159"/>
        <TextEquiv conf="0.9998548501416257">
          <Unicode>tuenda ablata cogant. Martene Coll. II. 826, Bouquet Rec. XV. 883, Migne 200</Unicode>
        </TextEquiv>
      </TextLine>
      <TextLine id="eSc_line_8f5ebbdc" custom="structure {type:default;}">
        <Coords points="740,2223 740,2245 1610,2237 1612,2219 1608,2190 806,2181 804,2181 737,2192 740,2223"/>
        <Baseline points="740,2223 1612,2219"/>
        <TextEquiv conf="0.9997056027253469">
          <Unicode>p. 660. — „Ad hoc cura universalis“.</Unicode>
        </TextEquiv>
      </TextLine>
      <TextLine id="eSc_line_0468c67a" custom="structure {type:default;}">
        <Coords points="689,2276 689,2303 1500,2312 1502,2312 1562,2301 1568,2301 1577,2301 1668,2312 1670,2312 2008,2301 2061,2309 2063,2309 2065,2309 2107,2298 2114,2298 2165,2298 2600,2309 2602,2309 2604,2309 2653,2296 2653,2272 2649,2241 687,2237 689,2276"/>
        <Baseline points="689,2276 2653,2272"/>
        <TextEquiv conf="0.9997822046279907">
          <Unicode>11755 *Ecclesiac Caietanae privilegia et possessiones, petente Rainaldo episcopo, con-</Unicode>
        </TextEquiv>
      </TextLine>
      <TextLine id="eSc_line_150c2367" custom="structure {type:default;}">
        <Coords points="172,2283 172,2305 344,2301 344,2276 338,2208 170,2228 172,2283"/>
        <Baseline points="172,2283 344,2276"/>
        <TextEquiv conf="0.9998823046684265">
          <Unicode>„ 29.</Unicode>
        </TextEquiv>
      </TextLine>
      <TextLine id="eSc_line_e6d270a3" custom="structure {type:default;}">
        <Coords points="472,2292 472,2351 552,2349 552,2292 552,2221 472,2219 472,2292"/>
        <Baseline points="472,2292 552,2292"/>
        <TextEquiv conf="0.9999247789382935">
          <Unicode>„</Unicode>
        </TextEquiv>
      </TextLine>
      <TextLine id="eSc_line_6876db07" custom="structure {type:default;}">
        <Coords points="735,2332 735,2351 978,2351 980,2351 1011,2362 1014,2362 1016,2362 1140,2351 1157,2362 1159,2362 1162,2362 1164,2362 1268,2349 1277,2349 1294,2360 1296,2360 1299,2360 1301,2362 1590,2362 1590,2360 1592,2360 1623,2347 1623,2327 1619,2296 733,2294 735,2332"/>
        <Baseline points="735,2332 1623,2327"/>
        <TextEquiv conf="0.9878773576504475">
          <Unicode>firmat. D&#x27;Avino Cenni storici p. 238.</Unicode>
        </TextEquiv>
      </TextLine>
      <TextLine id="eSc_line_bae5626c" custom="structure {type:default;}">
        <Coords points="689,2387 689,2409 2653,2404 2653,2380 2646,2340 687,2345 689,2387"/>
        <Baseline points="689,2387 2653,2380"/>
        <TextEquiv conf="0.9993056434960592">
          <Unicode>11756 Ecclesiam Lingonensem tuendam suscipit eiusque possessiones confirmat, petente</Unicode>
        </TextEquiv>
      </TextLine>
      <TextLine id="eSc_line_6179021f" custom="structure {type:default;}">
        <Coords points="174,2391 174,2422 342,2407 342,2382 338,2349 262,2336 260,2336 258,2336 256,2336 256,2338 240,2354 238,2358 172,2358 174,2391"/>
        <Baseline points="174,2391 342,2382"/>
        <TextEquiv conf="0.9998348832130433">
          <Unicode>„ 30.</Unicode>
        </TextEquiv>
      </TextLine>
      <TextLine id="eSc_line_741672b2" custom="structure {type:default;}">
        <Coords points="468,2400 463,2464 558,2464 563,2404 563,2360 512,2345 510,2345 508,2345 505,2345 468,2356 468,2400"/>
        <Baseline points="468,2400 563,2404"/>
        <TextEquiv conf="0.9999998807907104">
          <Unicode>„</Unicode>
        </TextEquiv>
      </TextLine>
      <TextLine id="eSc_line_5f482200" custom="structure {type:default;}">
        <Coords points="742,2435 740,2455 2646,2464 2651,2442 2649,2409 742,2402 742,2435"/>
        <Baseline points="742,2435 2651,2442"/>
        <TextEquiv conf="0.999883362720179">
          <Unicode>Waltero episcopo. (Clausula deest.) In bibl. nat. Paris. Cart. Lingon. ms. lat. 17100.</Unicode>
        </TextEquiv>
      </TextLine>
      <TextLine id="eSc_line_8c6d7802" custom="structure {type:default;}">
        <Coords points="737,2497 737,2517 2649,2521 2651,2497 2651,2464 737,2464 737,2497"/>
        <Baseline points="737,2497 2651,2497"/>
        <TextEquiv conf="0.9897474721074104">
          <Unicode>s. XVIII. f. 4, cf. Fyot Hist. de St.-Etienne de Dijon Pr. p. 43, (Ad hanc, nisi fallor,</Unicode>
        </TextEquiv>
      </TextLine>
      <TextLine id="eSc_line_2110fee3" custom="structure {type:default;}">
        <Coords points="735,2550 735,2577 2649,2574 2651,2544 2646,2517 748,2510 746,2510 744,2510 742,2510 733,2515 735,2550"/>
        <Baseline points="735,2550 2651,2544"/>
        <TextEquiv conf="0.9930887972867047">
          <Unicode>bullam pertinet clausula, quae praebetur in Neues Archiv VII. 99). — „In eminenti</Unicode>
        </TextEquiv>
      </TextLine>
      <TextLine id="eSc_line_5bb138cf" custom="structure {type:default;}">
        <Coords points="733,2605 733,2625 1606,2621 1608,2601 1601,2563 731,2574 733,2605"/>
        <Baseline points="733,2605 1608,2601"/>
        <TextEquiv conf="0.9998369171069219">
          <Unicode>apostolicae sedis“ „In eminenti sedis“.</Unicode>
        </TextEquiv>
      </TextLine>
      <TextLine id="eSc_line_e9ae749f" custom="structure {type:default;}">
        <Coords points="167,2663 167,2703 342,2694 342,2658 335,2603 165,2614 167,2663"/>
        <Baseline points="167,2663 342,2658"/>
        <TextEquiv conf="0.9999686241149902">
          <Unicode>„ 30.</Unicode>
        </TextEquiv>
      </TextLine>
      <TextLine id="eSc_line_43753243" custom="structure {type:default;}">
        <Coords points="689,2663 689,2685 2646,2687 2651,2656 2646,2625 1356,2616 1354,2616 1352,2616 1327,2627 711,2619 709,2619 707,2619 687,2627 689,2663"/>
        <Baseline points="689,2663 2651,2656"/>
        <TextEquiv conf="0.9984507947773128">
          <Unicode>11757 (7860) Ecclesiam S. Mammetis Lingonensem tuendam suscipit, bonaque eius</Unicode>
        </TextEquiv>
      </TextLine>
      <TextLine id="eSc_line_f75dfb55" custom="structure {type:default;}">
        <Coords points="470,2674 470,2700 512,2711 514,2711 517,2711 558,2696 558,2674 558,2532 470,2532 470,2674"/>
        <Baseline points="470,2674 558,2674"/>
        <TextEquiv conf="0.9998996257781982">
          <Unicode>„</Unicode>
        </TextEquiv>
      </TextLine>
      <TextLine id="eSc_line_a7197551" custom="structure {type:default;}">
        <Coords points="735,2716 735,2742 2651,2742 2651,2716 2651,2685 735,2685 735,2716"/>
        <Baseline points="735,2716 2651,2716"/>
        <TextEquiv conf="0.9947359074906605">
          <Unicode>confirmat, petente Manasse decano. Gall. Chr. IV. Instr. p. 184, Migne 200 p. 661.</Unicode>
        </TextEquiv>
      </TextLine>
      <TextLine id="eSc_line_eef0d4f4" custom="structure {type:default;}">
        <Coords points="740,2769 740,2802 1268,2802 1268,2769 1268,2740 740,2740 740,2769"/>
        <Baseline points="740,2769 1268,2769"/>
        <TextEquiv conf="0.9995915682419486">
          <Unicode>— „Officii nostri nos“.</Unicode>
        </TextEquiv>
      </TextLine>
      <TextLine id="eSc_line_925e1abe" custom="structure {type:default;}">
        <Coords points="130,2826 130,2850 344,2853 346,2822 340,2778 223,2784 128,2773 130,2826"/>
        <Baseline points="130,2826 346,2822"/>
        <TextEquiv conf="0.9988674180848258">
          <Unicode>Apr. 2.</Unicode>
        </TextEquiv>
      </TextLine>
      <TextLine id="eSc_line_e354cc81" custom="structure {type:default;}">
        <Coords points="687,2826 687,2848 2646,2846 2649,2822 2644,2786 684,2786 687,2826"/>
        <Baseline points="687,2826 2649,2822"/>
        <TextEquiv conf="0.9948413784121289">
          <Unicode>11758 (7862) Monasterium S. Geruntii Calliense tuendum suscipit et eius bona con-</Unicode>
        </TextEquiv>
      </TextLine>
      <TextLine id="eSc_line_cd630d23" custom="structure {type:default;}">
        <Coords points="475,2837 475,2855 556,2855 556,2837 554,2789 475,2789 475,2837"/>
        <Baseline points="475,2837 556,2837"/>
        <TextEquiv conf="1.0">
          <Unicode>„</Unicode>
        </TextEquiv>
      </TextLine>
      <TextLine id="eSc_line_a65c3bd4" custom="structure {type:default;}">
        <Coords points="733,2875 731,2901 1230,2908 1232,2908 1268,2901 1296,2897 1325,2901 1376,2910 1378,2910 1447,2901 1471,2899 1520,2901 1661,2910 1663,2910 1743,2901 1767,2899 1776,2901 1800,2910 1802,2910 1805,2910 1948,2901 1957,2901 1961,2901 2021,2912 2023,2912 2151,2901 2154,2901 2156,2901 2198,2912 2200,2912 2202,2912 2328,2901 2330,2901 2333,2901 2518,2912 2520,2912 2523,2912 2525,2912 2543,2901 2582,2912 2585,2912 2587,2912 2646,2899 2649,2881 2646,2848 733,2844 733,2875"/>
        <Baseline points="733,2875 2649,2881"/>
        <TextEquiv conf="0.9869693489635691">
          <Unicode>firmat, petente Alloderio abbate. Ughelli It. sacr. II. 813. — „Iustis religiosorum“.</Unicode>
        </TextEquiv>
      </TextLine>
      <TextLine id="eSc_line_69734af8" custom="structure {type:default;}">
        <Coords points="689,2934 689,2961 2646,2961 2649,2930 2644,2901 687,2901 689,2934"/>
        <Baseline points="689,2934 2649,2930"/>
        <TextEquiv conf="0.9972420476377011">
          <Unicode>11759 (7863) Henrico, archiepiscopo Remensi, mandat, ut Iohannem, canonicum Lau-</Unicode>
        </TextEquiv>
      </TextLine>
      <TextLine id="eSc_line_f6b789c4" custom="structure {type:default;}">
        <Coords points="165,2943 165,2963 344,2956 344,2937 340,2892 240,2884 238,2884 163,2897 165,2943"/>
        <Baseline points="165,2943 344,2937"/>
        <TextEquiv conf="0.99993035197258">
          <Unicode>„ 2.</Unicode>
        </TextEquiv>
      </TextLine>
      <TextLine id="eSc_line_0cffa91f" custom="structure {type:default;}">
        <Coords points="466,3036 561,3023 558,2945 550,2877 490,2892 461,2886 463,2950 466,3036"/>
        <Baseline points="463,2950 558,2945"/>
        <TextEquiv conf="0.9999984502792358">
          <Unicode>„</Unicode>
        </TextEquiv>
      </TextLine>
      <TextLine id="eSc_line_f35bc07b" custom="structure {type:default;}">
        <Coords points="735,2983 733,3009 2642,3018 2646,2990 2644,2959 735,2952 735,2983"/>
        <Baseline points="735,2983 2646,2990"/>
        <TextEquiv conf="0.9994765260280707">
          <Unicode>dunensem, et He. mulierem, de hereditate litigantes, ad (Theobaldum) episcopum</Unicode>
        </TextEquiv>
      </TextLine>
      <TextLine id="eSc_line_a8266b4a" custom="structure {type:default;}">
        <Coords points="737,3045 737,3074 2638,3074 2640,3038 2635,3009 2059,2998 2056,2998 1950,3009 1937,3012 735,3012 737,3045"/>
        <Baseline points="737,3045 2640,3038"/>
        <TextEquiv conf="0.9928018473661863">
          <Unicode>Ambianensem in ius adire compellat. Martene Coll. II. 827, Migne 200 p. 663. —</Unicode>
        </TextEquiv>
      </TextLine>
      <TextLine id="eSc_line_4c1627a4" custom="structure {type:default;}">
        <Coords points="737,3098 737,3122 1190,3127 1193,3127 1246,3113 1248,3093 1241,3065 735,3067 737,3098"/>
        <Baseline points="737,3098 1248,3093"/>
        <TextEquiv conf="0.9853667162713551">
          <Unicode>„Causam, quae inter“.</Unicode>
        </TextEquiv>
      </TextLine>
      <TextLine id="eSc_line_6f0ca62e" custom="structure {type:default;}">
        <Coords points="689,3149 687,3171 2644,3180 2649,3153 2646,3111 689,3107 689,3149"/>
        <Baseline points="689,3149 2649,3153"/>
        <TextEquiv conf="0.9994080786581163">
          <Unicode>11760 (7864) Henricum, archiepiscopum Remensem, ut Stephanum canonicum muneri</Unicode>
        </TextEquiv>
      </TextLine>
      <TextLine id="eSc_line_3f3c2adf" custom="structure {type:default;}">
        <Coords points="161,3160 161,3188 342,3180 344,3155 338,3098 159,3098 161,3160"/>
        <Baseline points="161,3160 344,3155"/>
        <TextEquiv conf="0.9999993443489075">
          <Unicode>„ 2.</Unicode>
        </TextEquiv>
      </TextLine>
      <TextLine id="eSc_line_ff77d3ae" custom="structure {type:default;}">
        <Coords points="455,3166 455,3180 483,3193 486,3193 488,3193 558,3184 558,3162 552,3102 450,3109 455,3166"/>
        <Baseline points="455,3166 558,3162"/>
        <TextEquiv conf="1.0">
          <Unicode>„</Unicode>
        </TextEquiv>
      </TextLine>
      <TextLine id="eSc_line_056d7a1b" custom="structure {type:default;}">
        <Coords points="735,3206 735,3235 2646,3237 2649,3206 2649,3177 735,3177 735,3206"/>
        <Baseline points="735,3206 2649,3206"/>
        <TextEquiv conf="0.9988718180008876">
          <Unicode>praeficiat, hortatur petente „B(eatrice) relicta bonae memoriae R(ogerii) quondam</Unicode>
        </TextEquiv>
      </TextLine>
      <TextLine id="eSc_line_4104ee29" custom="structure {type:default;}">
        <Coords points="733,3257 731,3281 963,3299 965,3299 1027,3286 1696,3301 1699,3303 2001,3303 2001,3301 2003,3301 2006,3301 2023,3288 2030,3288 2114,3301 2116,3301 2118,3301 2143,3288 2145,3288 2151,3288 2211,3301 2213,3301 2288,3290 2306,3288 2397,3288 2401,3290 2417,3301 2419,3301 2421,3301 2423,3301 2425,3301 2461,3290 2472,3288 2638,3290 2642,3261 2640,3230 733,3224 733,3257"/>
        <Baseline points="733,3257 2642,3261"/>
        <TextEquiv conf="0.9957491446424414">
          <Unicode>Siciliae regis“. Martene Coll. II. 828, Bouquet Rec. XV. 884, Migne 200 p. 664. —</Unicode>
        </TextEquiv>
      </TextLine>
      <TextLine id="eSc_line_da69f4b6" custom="structure {type:default;}">
        <Coords points="735,3319 735,3339 1212,3330 1215,3312 1210,3283 892,3274 890,3274 733,3288 735,3319"/>
        <Baseline points="735,3319 1215,3312"/>
        <TextEquiv conf="0.9999959014710926">
          <Unicode>„Quanto rarius tibi“.</Unicode>
        </TextEquiv>
      </TextLine>
      <TextLine id="eSc_line_793e94c4" custom="structure {type:default;}">
        <Coords points="684,3372 684,3398 2646,3405 2649,3372 2646,3325 684,3330 684,3372"/>
        <Baseline points="684,3372 2649,3372"/>
        <TextEquiv conf="0.9932313760121664">
          <Unicode>11761 (7865) Henrico, archiepiscopo Remensi, de Stephani canonici et abbatis S. Remigii</Unicode>
        </TextEquiv>
      </TextLine>
      <TextLine id="eSc_line_27cb8679" custom="structure {type:default;}">
        <Coords points="163,3378 163,3407 349,3400 349,3374 342,3332 161,3336 163,3378"/>
        <Baseline points="163,3378 349,3374"/>
        <TextEquiv conf="0.9999860525131226">
          <Unicode>„ 2.</Unicode>
        </TextEquiv>
      </TextLine>
      <TextLine id="eSc_line_159584da" custom="structure {type:default;}">
        <Coords points="470,3380 466,3438 545,3429 550,3385 547,3336 470,3336 470,3380"/>
        <Baseline points="470,3380 550,3385"/>
        <TextEquiv conf="1.0">
          <Unicode>„</Unicode>
        </TextEquiv>
      </TextLine>
      <TextLine id="eSc_line_11b1bc3b" custom="structure {type:default;}">
        <Coords points="733,3425 733,3460 1058,3462 1087,3478 1089,3478 1091,3478 1219,3464 1352,3478 1354,3478 1356,3478 1407,3464 1414,3462 1427,3464 1520,3478 1522,3480 1615,3480 1615,3478 1617,3478 1652,3464 1659,3462 1681,3464 1756,3473 1758,3473 1760,3473 1763,3473 1774,3464 1789,3478 1791,3478 1794,3478 1796,3478 1798,3478 1827,3467 1871,3478 1873,3478 1875,3480 2271,3480 2271,3478 2273,3478 2293,3467 2302,3462 2317,3467 2355,3478 2357,3478 2359,3478 2644,3467 2644,3425 2642,3392 733,3394 733,3425"/>
        <Baseline points="733,3425 2644,3425"/>
        <TextEquiv conf="0.995562819391489">
          <Unicode>controwersia mandata dat. Martene Coll. II. 829, Migne 200 p. 664. — „Iam pridem</Unicode>
        </TextEquiv>
      </TextLine>
      <TextLine id="eSc_line_9b726d97" custom="structure {type:default;}">
        <Coords points="733,3478 733,3524 777,3537 779,3537 782,3537 784,3537 786,3537 790,3533 795,3531 802,3535 815,3546 817,3546 819,3546 821,3546 846,3542 885,3531 908,3548 912,3553 912,3555 914,3555 916,3555 919,3557 956,3557 956,3478 956,3447 934,3436 932,3436 930,3436 927,3436 903,3447 733,3445 733,3478"/>
        <Baseline points="733,3478 956,3478"/>
        <TextEquiv conf="0.9487693309783936">
          <Unicode>Gfectas“.</Unicode>
        </TextEquiv>
      </TextLine>
      <TextLine id="eSc_line_3c960c09" custom="structure {type:default;}">
        <Coords points="161,3531 163,3597 216,3577 289,3577 309,3592 311,3592 313,3592 315,3592 318,3592 320,3592 342,3577 470,3590 472,3590 475,3590 499,3581 519,3590 528,3595 530,3595 532,3597 623,3597 623,3595 625,3595 627,3595 636,3588 651,3579 662,3588 669,3592 669,3595 671,3595 673,3595 676,3595 740,3586 740,3526 733,3498 159,3498 161,3531"/>
        <Baseline points="161,3531 740,3526"/>
        <TextEquiv conf="0.9381159782409668">
          <Unicode>Pegesta Pont. Ronau. Re gs 1t.</Unicode>
        </TextEquiv>
      </TextLine>
      <TextLine id="eSc_line_542490c3" custom="structure {type:default;}">
        <Coords points="2299,3539 2299,3579 2372,3590 2372,3535 2366,3498 2295,3498 2299,3539"/>
        <Baseline points="2299,3539 2372,3535"/>
        <TextEquiv conf="1.0">
          <Unicode>30</Unicode>
        </TextEquiv>
      </TextLine>
    </TextRegion>
    <TextRegion id="eSc_textblock_83a76655"  custom="structure {type:default;}">
      <Coords points="938,123 1869,132 1877,218 927,236 901,167 938,123"/>
      <TextLine id="eSc_line_b8b9a280" custom="structure {type:default;}">
        <Coords points="927,200 927,223 956,238 958,238 961,238 1126,223 1131,223 1175,238 1177,238 1179,240 1387,240 1387,238 1389,238 1425,220 1427,220 1528,220 1559,236 1562,236 1564,236 1670,220 1672,220 1785,236 1787,236 1789,236 1851,218 1851,196 1847,152 1639,152 1619,132 1619,130 1617,130 1615,130 1612,130 1610,130 1608,130 1586,147 1544,130 1542,130 1539,130 1537,130 1491,150 1396,134 1394,134 1325,150 1263,132 1261,132 983,132 980,132 978,132 925,154 927,200"/>
        <Baseline points="927,200 1851,196"/>
        <TextEquiv conf="0.9995029187202453">
          <Unicode>ALEXANDER III. 1159—1181.</Unicode>
        </TextEquiv>
      </TextLine>
    </TextRegion>
    <TextRegion id="eSc_textblock_7904b8d1"  custom="structure {type:default;}">
      <Coords points="2554,132 2697,150 2697,200 2653,236 2523,227 2514,141 2554,132"/>
      <TextLine id="eSc_line_7788b6a5" custom="structure {type:default;}">
        <Coords points="2618,139 2604,136 2529,152 2534,200 2534,236 2657,242 2660,196 2655,147 2626,139 2618,139"/>
        <Baseline points="2534,200 2660,196"/>
        <TextEquiv conf="1.0">
          <Unicode>233</Unicode>
        </TextEquiv>
      </TextLine>
    </TextRegion>
  </Page>
</PcGts>
