<?xml version="1.0" encoding="UTF-8"  standalone="yes"?>
<PcGts xmlns="http://schema.primaresearch.org/PAGE/gts/pagecontent/2019-07-15" xmlns:xsi="http://www.w3.org/2001/XMLSchema-instance" xsi:schemaLocation="http://schema.primaresearch.org/PAGE/gts/pagecontent/2019-07-15 http://schema.primaresearch.org/PAGE/gts/pagecontent/2019-07-15/pagecontent.xsd">
  <Metadata>
	<Creator>escriptorium</Creator>
	<Created>2024-07-19T10:09:11.229489+00:00</Created>
        <LastChange>2024-08-08T08:36:02.010999+00:00</LastChange>
  </Metadata>
  <Page imageFilename="0257.png" imageWidth="3007" imageHeight="3975">
    <TextRegion id="eSc_textblock_4712c8c1"  custom="structure {type:default;}">
      <Coords points="329,185 448,185 475,253 318,280 300,220 329,185"/>
      <TextLine id="eSc_line_1d602e2e" custom="structure {type:default;}">
        <Coords points="366,185 364,185 322,198 322,245 322,278 446,282 448,245 448,200 384,185 366,185"/>
        <Baseline points="322,245 448,245"/>
        <TextEquiv conf="1.0">
          <Unicode>244</Unicode>
        </TextEquiv>
      </TextLine>
    </TextRegion>
    <TextRegion id="eSc_textblock_a0484590"  custom="structure {type:default;}">
      <Coords points="1098,326 2900,335 2900,3548 309,3531 309,371 335,344 554,353 583,379 600,344 846,344 863,371 901,335 1098,326"/>
      <TextLine id="eSc_line_7e1cef97" custom="structure {type:default;}">
        <Coords points="2724,333 2702,333 2680,333 2657,333 2635,333 2613,333 2591,333 2569,333 2547,333 2525,333 2503,333 2498,333 2322,340 2313,340 2280,331 2260,331 2249,331 2238,340 2216,331 2216,331 2193,331 2189,331 2107,342 2103,344 2023,344 1922,344 1895,331 1893,331 1891,331 1838,342 1758,329 1756,329 1754,329 1721,344 1687,329 1685,329 1683,329 1537,340 1520,329 1517,329 1515,329 1513,329 1511,329 1475,348 1385,348 1349,331 1347,331 1345,331 1343,331 1303,346 1186,331 1184,331 905,333 890,342 868,362 870,395 870,417 2766,406 2766,382 2761,337 2728,333 2724,333"/>
        <Baseline points="870,395 2766,382"/>
        <TextEquiv conf="0.9870419244874608">
          <Unicode>1171. (Ind. 4. — 25. Sept. — 5, pont. a. 12. — 20. Sept. — 13, 1170. — 25. Mart. —1171.)</Unicode>
        </TextEquiv>
      </TextLine>
      <TextLine id="eSc_line_23c9d23d" custom="structure {type:default;}">
        <Coords points="952,454 952,477 2858,474 2858,454 2858,419 952,419 952,454"/>
        <Baseline points="952,454 2858,454"/>
        <TextEquiv conf="0.9999842703342438">
          <Unicode>p. 311: „XIII. kal. Iul.“, Granata Stor. sacr. di Capua II. 138: „III. kal. Iul.“, (Epist.</Unicode>
        </TextEquiv>
      </TextLine>
      <TextLine id="eSc_line_7fbf51d1" custom="structure {type:default;}">
        <Coords points="952,510 952,532 2854,525 2856,503 2852,472 1586,463 1584,463 1522,474 983,465 980,465 978,465 950,477 952,510"/>
        <Baseline points="952,510 2856,503"/>
        <TextEquiv conf="0.9945577613332055">
          <Unicode>Innocentii III. ed. Baluzius II. 197, ed. Migne 215 p. 1410). — „Officii nostri debito“.</Unicode>
        </TextEquiv>
      </TextLine>
      <TextLine id="eSc_line_25ad9acf" custom="structure {type:default;}">
        <Coords points="344,565 344,611 558,602 558,565 558,494 525,494 525,492 510,479 510,477 508,477 505,477 503,477 501,477 459,490 452,490 344,485 344,565"/>
        <Baseline points="344,565 558,565"/>
        <TextEquiv conf="0.9881372600793839">
          <Unicode>Lun. 24.</Unicode>
        </TextEquiv>
      </TextLine>
      <TextLine id="eSc_line_5c93c880" custom="structure {type:default;}">
        <Coords points="605,558 603,620 689,622 691,622 693,622 695,622 695,620 715,605 835,620 839,563 839,516 735,516 713,494 700,485 700,483 698,483 695,483 605,479 605,558"/>
        <Baseline points="605,558 839,563"/>
        <TextEquiv conf="0.9623801648616791">
          <Unicode>Turentani.</Unicode>
        </TextEquiv>
      </TextLine>
      <TextLine id="eSc_line_5e3f6713" custom="structure {type:default;}">
        <Coords points="899,560 899,594 2856,591 2858,556 2854,521 976,518 974,518 897,530 899,560"/>
        <Baseline points="899,560 2858,556"/>
        <TextEquiv conf="0.9945138472886312">
          <Unicode>11897 (7956) Herberto (de Boscham) magistro significat, se Alberto tit. S. Laurentii</Unicode>
        </TextEquiv>
      </TextLine>
      <TextLine id="eSc_line_55b74fd2" custom="structure {type:default;}">
        <Coords points="952,616 952,642 2856,638 2858,609 2852,580 950,583 952,616"/>
        <Baseline points="952,616 2858,609"/>
        <TextEquiv conf="0.999309951212348">
          <Unicode>in Lucina et Theodwino tit. S. Vitalis presbyteris cardinalibus, apostolicae sedis</Unicode>
        </TextEquiv>
      </TextLine>
      <TextLine id="eSc_line_74bf6825" custom="structure {type:default;}">
        <Coords points="952,671 952,697 2854,700 2858,664 2852,633 950,636 952,671"/>
        <Baseline points="952,671 2858,664"/>
        <TextEquiv conf="0.9896733961909651">
          <Unicode>legatis, mandasse, ut ei „et aliis clericis ac laicis Thomae, quondam archiepiscopi</Unicode>
        </TextEquiv>
      </TextLine>
      <TextLine id="eSc_line_c2586aa8" custom="structure {type:default;}">
        <Coords points="952,728 952,750 2856,753 2861,724 2854,691 950,695 952,728"/>
        <Baseline points="952,728 2861,724"/>
        <TextEquiv conf="0.9965850964188576">
          <Unicode>Cantuariensis, gratiam et pacem Henrici regis Anglorum acquirant, et eos faciant</Unicode>
        </TextEquiv>
      </TextLine>
      <TextLine id="eSc_line_c9578f8e" custom="structure {type:default;}">
        <Coords points="954,781 954,814 2858,803 2861,777 2856,748 1919,737 1917,737 1915,737 1893,748 1018,739 1016,739 952,750 954,781"/>
        <Baseline points="954,781 2861,777"/>
        <TextEquiv conf="0.9997332485822531">
          <Unicode>reduci“. Hereberti de Boseham Opp. ed. Giles II. 303, Migne 200 p. 730. — „De-</Unicode>
        </TextEquiv>
      </TextLine>
      <TextLine id="eSc_line_419ce128" custom="structure {type:default;}">
        <Coords points="952,836 952,854 1051,867 1053,867 1144,852 1153,852 1159,852 1239,865 1241,865 1243,865 1246,865 1263,852 1288,865 1290,865 1292,865 1422,863 1425,863 1467,848 1467,830 1460,801 950,806 952,836"/>
        <Baseline points="952,836 1467,830"/>
        <TextEquiv conf="0.9841478889187177">
          <Unicode>votionis tuae litteras“.</Unicode>
        </TextEquiv>
      </TextLine>
      <TextLine id="eSc_line_20d95006" custom="structure {type:default;}">
        <Coords points="344,892 344,934 565,934 565,887 561,817 388,808 386,808 384,808 342,819 344,892"/>
        <Baseline points="344,892 565,887"/>
        <TextEquiv conf="0.9224859736859798">
          <Unicode>Lul. 15.</Unicode>
        </TextEquiv>
      </TextLine>
      <TextLine id="eSc_line_babd581a" custom="structure {type:default;}">
        <Coords points="693,905 693,940 773,938 773,901 766,867 691,867 693,905"/>
        <Baseline points="693,905 773,901"/>
        <TextEquiv conf="1.0">
          <Unicode>„</Unicode>
        </TextEquiv>
      </TextLine>
      <TextLine id="eSc_line_0402fa48" custom="structure {type:default;}">
        <Coords points="903,887 903,916 2863,916 2863,887 2863,856 903,856 903,887"/>
        <Baseline points="903,887 2863,887"/>
        <TextEquiv conf="0.9932457762606004">
          <Unicode>11898 (7957) Archidiaconum, decanum, et clericos de Notinghamsyre hortatur, ut eccle-</Unicode>
        </TextEquiv>
      </TextLine>
      <TextLine id="eSc_line_2986076a" custom="structure {type:default;}">
        <Coords points="954,942 952,973 2854,976 2858,947 2856,916 954,912 954,942"/>
        <Baseline points="954,942 2858,947"/>
        <TextEquiv conf="0.9968759856004824">
          <Unicode>siae Southwellensis iura conservent. Mon. Anglic. III. app. p. 11, nov. ed. VIII. 1314,</Unicode>
        </TextEquiv>
      </TextLine>
      <TextLine id="eSc_line_dd1a0274" custom="structure {type:default;}">
        <Coords points="954,1002 954,1024 2076,1018 2079,998 2074,967 952,962 954,1002"/>
        <Baseline points="954,1002 2079,998"/>
        <TextEquiv conf="0.990947151184082">
          <Unicode>Migne 200 p. 731. — „Cum suscepti regiminis“.</Unicode>
        </TextEquiv>
      </TextLine>
      <TextLine id="eSc_line_107da87f" custom="structure {type:default;}">
        <Coords points="382,1064 382,1097 561,1097 561,1057 554,1020 380,1031 382,1064"/>
        <Baseline points="382,1064 561,1057"/>
        <TextEquiv conf="0.9999995946884155">
          <Unicode>„ 28.</Unicode>
        </TextEquiv>
      </TextLine>
      <TextLine id="eSc_line_3151d1ab" custom="structure {type:default;}">
        <Coords points="691,1071 691,1101 729,1108 731,1108 733,1108 775,1086 775,1066 768,1029 689,1033 691,1071"/>
        <Baseline points="691,1071 775,1066"/>
        <TextEquiv conf="1.0">
          <Unicode>„</Unicode>
        </TextEquiv>
      </TextLine>
      <TextLine id="eSc_line_7b563d77" custom="structure {type:default;}">
        <Coords points="903,1055 903,1079 2863,1075 2865,1051 2858,1020 901,1022 903,1055"/>
        <Baseline points="903,1055 2865,1051"/>
        <TextEquiv conf="0.9959112821623336">
          <Unicode>11899 (7958) Ecclesiae S. Mariae Southwellensis protectionem suscipit, bonaque ac pri-</Unicode>
        </TextEquiv>
      </TextLine>
      <TextLine id="eSc_line_78d2ae39" custom="structure {type:default;}">
        <Coords points="954,1108 954,1135 2858,1139 2863,1104 2856,1068 952,1077 954,1108"/>
        <Baseline points="954,1108 2863,1104"/>
        <TextEquiv conf="0.9989374708838579">
          <Unicode>vilegia confirmat. Monast. Anglic. III. app. p. 10, nov. ed. VIII. 1313, Migne 200</Unicode>
        </TextEquiv>
      </TextLine>
      <TextLine id="eSc_line_8fdb7cdc" custom="structure {type:default;}">
        <Coords points="954,1166 954,1190 1601,1179 1604,1159 1597,1128 952,1135 954,1166"/>
        <Baseline points="954,1166 1604,1159"/>
        <TextEquiv conf="0.988277006149292">
          <Unicode>p. 732. — „Ad hoc sumus“.</Unicode>
        </TextEquiv>
      </TextLine>
      <TextLine id="eSc_line_dc3026a5" custom="structure {type:default;}">
        <Coords points="384,1230 384,1258 558,1258 558,1223 556,1185 492,1161 490,1161 488,1161 486,1161 483,1161 446,1192 444,1194 382,1194 384,1230"/>
        <Baseline points="384,1230 558,1223"/>
        <TextEquiv conf="0.995572829246521">
          <Unicode>„ 28.</Unicode>
        </TextEquiv>
      </TextLine>
      <TextLine id="eSc_line_d38acde1" custom="structure {type:default;}">
        <Coords points="698,1234 698,1274 768,1274 768,1234 766,1152 698,1154 698,1234"/>
        <Baseline points="698,1234 768,1234"/>
        <TextEquiv conf="1.0">
          <Unicode>„</Unicode>
        </TextEquiv>
      </TextLine>
      <TextLine id="eSc_line_476a50f5" custom="structure {type:default;}">
        <Coords points="905,1221 905,1254 2863,1238 2865,1214 2861,1181 903,1177 905,1221"/>
        <Baseline points="905,1221 2865,1214"/>
        <TextEquiv conf="0.9978906951844693">
          <Unicode>11900 (7959) Monasterium S. Mariae Morimundense tuendum suscipit et eius bona ac</Unicode>
        </TextEquiv>
      </TextLine>
      <TextLine id="eSc_line_539bff1e" custom="structure {type:default;}">
        <Coords points="956,1278 956,1311 2861,1298 2863,1274 2858,1243 954,1238 956,1278"/>
        <Baseline points="956,1278 2863,1274"/>
        <TextEquiv conf="0.999124580195972">
          <Unicode>iura, petente lacobo abbate, confirmat. Ughelli It. sacr. IV. 146, Migne 200 p. 734.</Unicode>
        </TextEquiv>
      </TextLine>
      <TextLine id="eSc_line_d22efe39" custom="structure {type:default;}">
        <Coords points="346,1327 344,1364 561,1375 565,1331 565,1298 346,1291 346,1327"/>
        <Baseline points="346,1327 565,1331"/>
        <TextEquiv conf="0.9975020587444305">
          <Unicode>Aug. 20.</Unicode>
        </TextEquiv>
      </TextLine>
      <TextLine id="eSc_line_0c9a7228" custom="structure {type:default;}">
        <Coords points="693,1340 691,1373 766,1371 771,1347 773,1302 695,1291 693,1340"/>
        <Baseline points="693,1340 771,1347"/>
        <TextEquiv conf="0.999990701675415">
          <Unicode>„</Unicode>
        </TextEquiv>
      </TextLine>
      <TextLine id="eSc_line_517bfa62" custom="structure {type:default;}">
        <Coords points="958,1331 958,1349 1292,1360 1294,1360 1296,1360 1299,1360 1299,1358 1314,1344 1319,1344 1354,1358 1356,1358 1358,1358 1491,1342 1493,1325 1489,1296 1133,1289 1131,1289 956,1300 958,1331"/>
        <Baseline points="958,1331 1493,1325"/>
        <TextEquiv conf="0.9890694334393456">
          <Unicode>— „Religiosam vitam“.</Unicode>
        </TextEquiv>
      </TextLine>
      <TextLine id="eSc_line_35c89af3" custom="structure {type:default;}">
        <Coords points="903,1384 903,1413 2865,1408 2865,1378 2861,1342 978,1340 976,1340 901,1351 903,1384"/>
        <Baseline points="903,1384 2865,1378"/>
        <TextEquiv conf="0.9966988958418369">
          <Unicode>11901 (7960) Robertum episcopum et abbatem Catanensem pallio ornat, ecclesiaeque</Unicode>
        </TextEquiv>
      </TextLine>
      <TextLine id="eSc_line_b49f785d" custom="structure {type:default;}">
        <Coords points="954,1439 954,1468 2861,1468 2863,1435 2858,1406 1908,1395 1906,1395 1904,1395 1864,1406 974,1397 972,1397 969,1397 967,1397 952,1404 954,1439"/>
        <Baseline points="954,1439 2863,1435"/>
        <TextEquiv conf="0.9854268226358626">
          <Unicode>iura confirmat. Acta SS. Febr. T. I. 656, (Pirri Sic. sacr. I. 531). — „Sicut beatissimi“.</Unicode>
        </TextEquiv>
      </TextLine>
      <TextLine id="eSc_line_84d0150e" custom="structure {type:default;}">
        <Coords points="384,1501 384,1532 561,1532 561,1497 556,1461 479,1450 477,1450 475,1450 457,1457 433,1466 382,1455 384,1501"/>
        <Baseline points="384,1501 561,1497"/>
        <TextEquiv conf="0.9973817229270935">
          <Unicode>„ 29.</Unicode>
        </TextEquiv>
      </TextLine>
      <TextLine id="eSc_line_1a710647" custom="structure {type:default;}">
        <Coords points="700,1512 700,1537 768,1534 768,1512 766,1464 700,1466 700,1512"/>
        <Baseline points="700,1512 768,1512"/>
        <TextEquiv conf="0.9999990463256836">
          <Unicode>„</Unicode>
        </TextEquiv>
      </TextLine>
      <TextLine id="eSc_line_532638d9" custom="structure {type:default;}">
        <Coords points="908,1495 908,1525 2863,1519 2865,1488 2858,1457 905,1461 908,1495"/>
        <Baseline points="908,1495 2865,1488"/>
        <TextEquiv conf="0.9975291177630424">
          <Unicode>11902 (8139) Monachis Corbeiensibus (d. Ambian.) mandat, ut legatos mittant, qui</Unicode>
        </TextEquiv>
      </TextLine>
      <TextLine id="eSc_line_bb34c00b" custom="structure {type:default;}">
        <Coords points="956,1550 956,1574 2858,1576 2863,1543 2858,1510 1111,1508 1109,1508 954,1519 956,1550"/>
        <Baseline points="956,1550 2863,1543"/>
        <TextEquiv conf="0.998002745565914">
          <Unicode>monasterii libertatem contra archiepiscopum Remensem defendant. Gall. Chr. X. Instr.</Unicode>
        </TextEquiv>
      </TextLine>
      <TextLine id="eSc_line_c76ccdba" custom="structure {type:default;}">
        <Coords points="954,1603 954,1629 1321,1636 1323,1636 1325,1636 1327,1636 1338,1629 1343,1625 1347,1627 1358,1636 1360,1636 1363,1636 1365,1638 1497,1638 1497,1636 1564,1627 1586,1625 1606,1627 1676,1636 1679,1636 1681,1636 1683,1636 1694,1627 1696,1625 1723,1627 1842,1634 1844,1634 1924,1625 1950,1623 1959,1625 1986,1634 1988,1634 1990,1634 2123,1625 2151,1623 2174,1623 2315,1634 2317,1634 2366,1623 2370,1623 2372,1623 2430,1634 2432,1634 2536,1620 2538,1598 2534,1563 1047,1561 1045,1561 952,1572 954,1603"/>
        <Baseline points="954,1603 2538,1598"/>
        <TextEquiv conf="0.9930857631468004">
          <Unicode>p. 318, Bouquet Rec. XV. 926, Migne 200 p. 847. — „Cum bonae“.</Unicode>
        </TextEquiv>
      </TextLine>
      <TextLine id="eSc_line_90f3c7b8" custom="structure {type:default;}">
        <Coords points="344,1660 344,1698 561,1702 563,1656 556,1570 342,1583 344,1660"/>
        <Baseline points="344,1660 563,1656"/>
        <TextEquiv conf="0.9655600115656853">
          <Unicode>Sept. 6.</Unicode>
        </TextEquiv>
      </TextLine>
      <TextLine id="eSc_line_93a9de2a" custom="structure {type:default;}">
        <Coords points="693,1673 693,1698 773,1707 775,1673 775,1631 693,1629 693,1673"/>
        <Baseline points="693,1673 775,1673"/>
        <TextEquiv conf="1.0">
          <Unicode>„</Unicode>
        </TextEquiv>
      </TextLine>
      <TextLine id="eSc_line_d541ef29" custom="structure {type:default;}">
        <Coords points="908,1658 908,1691 2863,1676 2865,1649 2858,1620 905,1627 908,1658"/>
        <Baseline points="908,1658 2865,1649"/>
        <TextEquiv conf="0.9907312351603841">
          <Unicode>11903 Monasterii S. Petri Corbeiensis protectionem suscipit, possessionesque ct privi-</Unicode>
        </TextEquiv>
      </TextLine>
      <TextLine id="eSc_line_e85a859d" custom="structure {type:default;}">
        <Coords points="954,1713 954,1737 2865,1735 2867,1709 2861,1680 952,1682 954,1713"/>
        <Baseline points="954,1713 2867,1709"/>
        <TextEquiv conf="0.9921845578870108">
          <Unicode>legia, rogatu Iohannis abbatis, confirmat, imposito fratribus unciae auri censu annuo.</Unicode>
        </TextEquiv>
      </TextLine>
      <TextLine id="eSc_line_b7c0ba8f" custom="structure {type:default;}">
        <Coords points="958,1768 958,1797 2863,1795 2865,1764 2858,1733 956,1735 958,1768"/>
        <Baseline points="958,1768 2865,1764"/>
        <TextEquiv conf="0.9984111912110273">
          <Unicode>In bibl. nat. Paris. Cartul. noir de Corbie ms. lat. 17758. s. XIII. f. 226“, Cartul.</Unicode>
        </TextEquiv>
      </TextLine>
      <TextLine id="eSc_line_30083852" custom="structure {type:default;}">
        <Coords points="956,1824 956,1843 1491,1855 1493,1855 1495,1855 1497,1855 1511,1843 1513,1843 1515,1843 1597,1855 1599,1855 1665,1843 1668,1843 1670,1843 1774,1855 1776,1855 1847,1843 1858,1841 1871,1852 1873,1852 1875,1852 1877,1852 1953,1841 1966,1841 1977,1841 2056,1852 2059,1852 2759,1839 2761,1819 2757,1788 954,1784 956,1824"/>
        <Baseline points="956,1824 2761,1819"/>
        <TextEquiv conf="0.9959156582881878">
          <Unicode>blanc ms. lat. 17759. s. XIII—XIV. f. 13“. — „Apostolicae sedis auctoritate“.</Unicode>
        </TextEquiv>
      </TextLine>
      <TextLine id="eSc_line_9cf79622" custom="structure {type:default;}">
        <Coords points="380,1890 380,1916 565,1912 565,1883 558,1843 377,1852 380,1890"/>
        <Baseline points="380,1890 565,1883"/>
        <TextEquiv conf="0.9997576773166656">
          <Unicode>„ 7.</Unicode>
        </TextEquiv>
      </TextLine>
      <TextLine id="eSc_line_5ed3b9e6" custom="structure {type:default;}">
        <Coords points="687,1894 687,1925 779,1925 779,1894 779,1861 687,1850 687,1894"/>
        <Baseline points="687,1894 779,1894"/>
        <TextEquiv conf="1.0">
          <Unicode>„</Unicode>
        </TextEquiv>
      </TextLine>
      <TextLine id="eSc_line_7b61c891" custom="structure {type:default;}">
        <Coords points="908,1881 908,1910 2867,1894 2870,1870 2865,1841 1301,1837 1299,1837 1296,1837 1294,1837 1279,1848 923,1839 921,1839 919,1839 916,1839 905,1846 908,1881"/>
        <Baseline points="908,1881 2870,1870"/>
        <TextEquiv conf="0.9976890080196913">
          <Unicode>11904 Fratribus Corbeiensibus indulget, ut si quis propter monasterii libertatem quae-</Unicode>
        </TextEquiv>
      </TextLine>
      <TextLine id="eSc_line_62d501ce" custom="structure {type:default;}">
        <Coords points="954,1932 954,1958 2865,1954 2867,1927 2861,1899 952,1901 954,1932"/>
        <Baseline points="954,1932 2867,1927"/>
        <TextEquiv conf="0.9999967887160484">
          <Unicode>stionem in eos moverit, nulli nisi Romano pontifici vel legato eius respondere teneantur.</Unicode>
        </TextEquiv>
      </TextLine>
      <TextLine id="eSc_line_d5905564" custom="structure {type:default;}">
        <Coords points="961,1985 961,2014 2865,2014 2867,1980 2861,1947 958,1954 961,1985"/>
        <Baseline points="961,1985 2867,1980"/>
        <TextEquiv conf="0.9926342978033909">
          <Unicode>In bibl. nat. Paris. Cart. noir. I. I. f. 229, Cart. blanc I. I. f. 32“, Coll. Grenier</Unicode>
        </TextEquiv>
      </TextLine>
      <TextLine id="eSc_line_e2cf9d47" custom="structure {type:default;}">
        <Coords points="958,2042 958,2060 1592,2067 1595,2042 1595,2009 1584,2000 1581,2000 1579,2000 1577,2000 1524,2011 1497,2000 1495,2000 1493,2000 958,2009 958,2042"/>
        <Baseline points="958,2042 1595,2042"/>
        <TextEquiv conf="0.9861383842570441">
          <Unicode>t. 53. f. 94. — „Hlla loca“.</Unicode>
        </TextEquiv>
      </TextLine>
      <TextLine id="eSc_line_fe6f1493" custom="structure {type:default;}">
        <Coords points="382,2139 565,2142 567,2102 565,2062 514,2047 512,2047 510,2047 508,2047 505,2047 505,2049 497,2058 488,2069 426,2069 380,2051 382,2108 382,2139"/>
        <Baseline points="382,2108 567,2102"/>
        <TextEquiv conf="0.9999583959579468">
          <Unicode>„ 7.</Unicode>
        </TextEquiv>
      </TextLine>
      <TextLine id="eSc_line_a83e602c" custom="structure {type:default;}">
        <Coords points="689,2113 689,2137 784,2137 784,2113 779,2036 740,2055 689,2053 689,2113"/>
        <Baseline points="689,2113 784,2113"/>
        <TextEquiv conf="0.9999998807907104">
          <Unicode>„</Unicode>
        </TextEquiv>
      </TextLine>
      <TextLine id="eSc_line_2d5ae0c9" custom="structure {type:default;}">
        <Coords points="910,2097 910,2120 2874,2113 2874,2091 2870,2055 908,2053 910,2097"/>
        <Baseline points="910,2097 2874,2091"/>
        <TextEquiv conf="0.9949515198552331">
          <Unicode>11905 Fratribus de Clerfay (Clerfagetum) praecipit, ne in fundo monasterii Corbeiensis</Unicode>
        </TextEquiv>
      </TextLine>
      <TextLine id="eSc_line_97a41783" custom="structure {type:default;}">
        <Coords points="961,2150 961,2181 2872,2175 2872,2150 2872,2122 961,2120 961,2150"/>
        <Baseline points="961,2150 2872,2150"/>
        <TextEquiv conf="0.9999503916086152">
          <Unicode>edificium construant, utque fratribus ablatam decimam restituant. In bibl. nat. Paris.</Unicode>
        </TextEquiv>
      </TextLine>
      <TextLine id="eSc_line_2d2c4c7a" custom="structure {type:default;}">
        <Coords points="958,2206 958,2230 2781,2226 2783,2199 2777,2161 956,2173 958,2206"/>
        <Baseline points="958,2206 2783,2199"/>
        <TextEquiv conf="0.9988996773571163">
          <Unicode>Cart. de Corbie ms. lat. 17761. s. XV. f. 29. — „Ex transmissa conquestione“.</Unicode>
        </TextEquiv>
      </TextLine>
      <TextLine id="eSc_line_c594052e" custom="structure {type:default;}">
        <Coords points="391,2272 391,2309 567,2307 567,2267 561,2190 508,2192 505,2192 503,2192 503,2195 488,2208 459,2234 388,2234 391,2272"/>
        <Baseline points="391,2272 567,2267"/>
        <TextEquiv conf="0.9825226783752441">
          <Unicode>„ 11.</Unicode>
        </TextEquiv>
      </TextLine>
      <TextLine id="eSc_line_c0498348" custom="structure {type:default;}">
        <Coords points="693,2279 693,2309 786,2305 786,2274 782,2234 691,2234 693,2279"/>
        <Baseline points="693,2279 786,2274"/>
        <TextEquiv conf="0.9999998807907104">
          <Unicode>„</Unicode>
        </TextEquiv>
      </TextLine>
      <TextLine id="eSc_line_9c3266d9" custom="structure {type:default;}">
        <Coords points="912,2261 912,2287 2870,2281 2872,2254 2867,2226 1566,2217 1564,2217 1504,2228 934,2219 932,2219 930,2219 910,2228 912,2261"/>
        <Baseline points="912,2261 2872,2254"/>
        <TextEquiv conf="0.9999767474152825">
          <Unicode>11906 (8148) Monachis Corbeiensibus significat, se Henrico, archiepiscopo Remensi, prae-</Unicode>
        </TextEquiv>
      </TextLine>
      <TextLine id="eSc_line_91a79be7" custom="structure {type:default;}">
        <Coords points="961,2316 961,2343 2870,2343 2872,2309 2865,2272 958,2285 961,2316"/>
        <Baseline points="961,2316 2872,2309"/>
        <TextEquiv conf="0.9969057660727274">
          <Unicode>cepisse, ut iniuriis in monasterium desisteret. Gall. Chr. X. Instr. p. 318, Bouquet</Unicode>
        </TextEquiv>
      </TextLine>
      <TextLine id="eSc_line_46659080" custom="structure {type:default;}">
        <Coords points="963,2371 963,2391 1447,2402 1449,2402 1451,2402 1480,2391 1531,2402 1533,2402 1769,2389 1796,2389 1824,2389 2116,2400 2118,2400 2198,2387 2200,2367 2196,2338 1897,2325 1895,2325 1754,2336 1668,2325 1665,2325 1577,2338 1559,2327 1557,2327 1555,2327 1553,2327 1396,2338 1325,2327 1323,2327 1321,2327 1296,2338 1208,2327 1206,2327 1204,2327 1179,2338 1170,2329 1170,2327 1168,2327 1166,2327 1091,2327 1089,2327 1034,2338 978,2327 976,2327 974,2327 972,2327 961,2336 963,2371"/>
        <Baseline points="963,2371 2200,2367"/>
        <TextEquiv conf="0.9858004267399127">
          <Unicode>Rec. XV. 927, Migne 200 p. 861. — „Illis ecclesiis“.</Unicode>
        </TextEquiv>
      </TextLine>
      <TextLine id="eSc_line_3c5c2c36" custom="structure {type:default;}">
        <Coords points="353,2426 353,2464 570,2468 572,2426 570,2354 353,2354 353,2426"/>
        <Baseline points="353,2426 572,2426"/>
        <TextEquiv conf="0.9923027083277702">
          <Unicode>Oct. 22.</Unicode>
        </TextEquiv>
      </TextLine>
      <TextLine id="eSc_line_388e71f4" custom="structure {type:default;}">
        <Coords points="695,2440 695,2486 782,2486 779,2435 773,2398 693,2398 695,2440"/>
        <Baseline points="695,2440 779,2435"/>
        <TextEquiv conf="1.0">
          <Unicode>„</Unicode>
        </TextEquiv>
      </TextLine>
      <TextLine id="eSc_line_9dda2df8" custom="structure {type:default;}">
        <Coords points="912,2426 912,2462 978,2451 1573,2457 1807,2460 1809,2460 2870,2446 2872,2422 2867,2389 980,2380 978,2380 910,2391 912,2426"/>
        <Baseline points="912,2426 2872,2422"/>
        <TextEquiv conf="0.994786640459841">
          <Unicode>11907 (7961) Canonicis ecclesiae Pratensis capellam S. Iacobi asserit. Ughelli It. sacr.</Unicode>
        </TextEquiv>
      </TextLine>
      <TextLine id="eSc_line_d5c8d0dc" custom="structure {type:default;}">
        <Coords points="961,2479 961,2497 1000,2510 1003,2510 1005,2510 1007,2510 1045,2497 1049,2497 1078,2497 1427,2510 1429,2510 1855,2508 1858,2508 1902,2493 1902,2475 1897,2446 972,2438 969,2438 967,2438 965,2438 965,2440 958,2444 961,2479"/>
        <Baseline points="961,2479 1902,2475"/>
        <TextEquiv conf="0.9858719883738337">
          <Unicode>III. 333. — „Quemadmodum aequitatis“.</Unicode>
        </TextEquiv>
      </TextLine>
      <TextLine id="eSc_line_eda8b3c3" custom="structure {type:default;}">
        <Coords points="395,2544 395,2583 572,2574 572,2539 567,2504 490,2484 488,2484 486,2484 483,2484 483,2486 468,2504 393,2506 395,2544"/>
        <Baseline points="395,2544 572,2539"/>
        <TextEquiv conf="0.9408010959625244">
          <Unicode>„ 23.</Unicode>
        </TextEquiv>
      </TextLine>
      <TextLine id="eSc_line_13848eb7" custom="structure {type:default;}">
        <Coords points="700,2552 700,2577 726,2585 729,2585 731,2585 733,2585 782,2563 782,2552 782,2482 700,2475 700,2552"/>
        <Baseline points="700,2552 782,2552"/>
        <TextEquiv conf="1.0">
          <Unicode>„</Unicode>
        </TextEquiv>
      </TextLine>
      <TextLine id="eSc_line_356f0032" custom="structure {type:default;}">
        <Coords points="916,2532 916,2561 2872,2557 2872,2526 2867,2497 914,2495 916,2532"/>
        <Baseline points="916,2532 2872,2526"/>
        <TextEquiv conf="0.9999217318325508">
          <Unicode>11908 (7962) (Rotrodo), archiepiscopo Rotomagensi, et (Theobaldo), episcopo Ambia-</Unicode>
        </TextEquiv>
      </TextLine>
      <TextLine id="eSc_line_baf74323" custom="structure {type:default;}">
        <Coords points="965,2588 965,2614 2874,2614 2874,2588 2874,2559 965,2559 965,2588"/>
        <Baseline points="965,2588 2874,2588"/>
        <TextEquiv conf="0.9987565693331928">
          <Unicode>nensi, mandat, ut „in confinio terrae regis Francorum et regis Angliae, in marchia</Unicode>
        </TextEquiv>
      </TextLine>
      <TextLine id="eSc_line_5d320f26" custom="structure {type:default;}">
        <Coords points="969,2643 969,2669 2872,2665 2874,2638 2867,2610 967,2612 969,2643"/>
        <Baseline points="969,2643 2874,2638"/>
        <TextEquiv conf="0.9885182292373093">
          <Unicode>videlicet, Rogerum, archiepiscopum Eboracensem, (cui Fredericus, dictus imperator</Unicode>
        </TextEquiv>
      </TextLine>
      <TextLine id="eSc_line_49e7d411" custom="structure {type:default;}">
        <Coords points="965,2700 965,2727 2872,2727 2874,2691 2867,2665 963,2672 965,2700"/>
        <Baseline points="965,2700 2874,2691"/>
        <TextEquiv conf="0.9839601811240701">
          <Unicode>et persecutor ecclesiae noluerit, quod ad ipsum posset venire, securitatem praestare)</Unicode>
        </TextEquiv>
      </TextLine>
      <TextLine id="eSc_line_c2138113" custom="structure {type:default;}">
        <Coords points="963,2753 963,2780 2870,2782 2874,2749 2867,2722 961,2722 963,2753"/>
        <Baseline points="963,2753 2874,2749"/>
        <TextEquiv conf="0.9999472276273981">
          <Unicode>convocent, qui iuret, quod pravas illas consuetudines nec iuramento, nec fide data,</Unicode>
        </TextEquiv>
      </TextLine>
      <TextLine id="eSc_line_2fef7289" custom="structure {type:default;}">
        <Coords points="969,2806 969,2837 2872,2833 2874,2802 2867,2775 967,2778 969,2806"/>
        <Baseline points="969,2806 2874,2802"/>
        <TextEquiv conf="0.9892524423369442">
          <Unicode>seu scripto firmaverit, neque regem provocaverit propter quod Thomas archiepiscopus</Unicode>
        </TextEquiv>
      </TextLine>
      <TextLine id="eSc_line_9cabb977" custom="structure {type:default;}">
        <Coords points="965,2862 965,2888 2872,2884 2874,2857 2867,2831 963,2833 965,2862"/>
        <Baseline points="965,2862 2874,2857"/>
        <TextEquiv conf="0.9964869028778487">
          <Unicode>Cantuariensis occisus fuerit, neque litteras, quibus, ne filio regis coronam imponeret, prae-</Unicode>
        </TextEquiv>
      </TextLine>
      <TextLine id="eSc_line_706b15b0" custom="structure {type:default;}">
        <Coords points="967,2919 967,2943 2872,2943 2874,2915 2870,2884 1003,2877 1000,2877 998,2877 965,2888 967,2919"/>
        <Baseline points="967,2919 2874,2915"/>
        <TextEquiv conf="0.9963526309922685">
          <Unicode>cipiebatur, receperit“. Haec iuratum archiepiscopum restitui in integrum iubet. Epist.</Unicode>
        </TextEquiv>
      </TextLine>
      <TextLine id="eSc_line_4e968042" custom="structure {type:default;}">
        <Coords points="967,2972 967,3001 2874,2994 2874,2972 2874,2941 967,2941 967,2972"/>
        <Baseline points="967,2972 2874,2972"/>
        <TextEquiv conf="0.9923180688868513">
          <Unicode>S. Thomae ed. Giles II. 65, ed. Lupus p. 868, Migne 200 p. 735. — „Et ipsa loci vicinitas“.</Unicode>
        </TextEquiv>
      </TextLine>
      <TextLine id="eSc_line_ae1cc151" custom="structure {type:default;}">
        <Coords points="373,3038 373,3074 492,3087 494,3038 492,2939 373,2941 373,3038"/>
        <Baseline points="373,3038 494,3038"/>
        <TextEquiv conf="0.9999998013178507">
          <Unicode>(„)</Unicode>
        </TextEquiv>
      </TextLine>
      <TextLine id="eSc_line_524c1f95" custom="structure {type:default;}">
        <Coords points="689,3036 689,3076 729,3096 731,3096 733,3096 802,3087 802,3036 802,2950 689,2950 689,3036"/>
        <Baseline points="689,3036 802,3036"/>
        <TextEquiv conf="0.9999998807907104">
          <Unicode>(„)</Unicode>
        </TextEquiv>
      </TextLine>
      <TextLine id="eSc_line_ecc36b85" custom="structure {type:default;}">
        <Coords points="919,3025 919,3051 2874,3047 2874,3021 2867,2992 916,2994 919,3025"/>
        <Baseline points="919,3025 2874,3021"/>
        <TextEquiv conf="0.9966160117126093">
          <Unicode>11909 (7963) Rotrodo, archiepiscopo Rotomagensi, et (Theobaldo), episcopo Ambinia-</Unicode>
        </TextEquiv>
      </TextLine>
      <TextLine id="eSc_line_31ac7284" custom="structure {type:default;}">
        <Coords points="969,3082 969,3107 2872,3100 2874,3076 2867,3049 967,3054 969,3082"/>
        <Baseline points="969,3082 2874,3076"/>
        <TextEquiv conf="0.9946582811799917">
          <Unicode>nensi, scribit, „nolle se, ut alias Eboracensis archiepiscopus, licet aliter a se debere</Unicode>
        </TextEquiv>
      </TextLine>
      <TextLine id="eSc_line_34a23def" custom="structure {type:default;}">
        <Coords points="969,3135 969,3164 2872,3157 2874,3129 2867,3100 967,3102 969,3135"/>
        <Baseline points="969,3135 2874,3129"/>
        <TextEquiv conf="0.9991278116192136">
          <Unicode>fieri postulaverit, innocentiam demonstret, quam ut ei, si hoc fecerit in cismarinis</Unicode>
        </TextEquiv>
      </TextLine>
      <TextLine id="eSc_line_807951c3" custom="structure {type:default;}">
        <Coords points="974,3193 974,3219 2870,3208 2872,3186 2865,3151 972,3160 974,3193"/>
        <Baseline points="974,3193 2872,3186"/>
        <TextEquiv conf="0.9999498665332794">
          <Unicode>partibus, liceat officium suum exercere“. Epist. S. Thomae ed. Giles II. 67, ed.</Unicode>
        </TextEquiv>
      </TextLine>
      <TextLine id="eSc_line_6fcdf616" custom="structure {type:default;}">
        <Coords points="972,3246 972,3270 2472,3266 2474,3241 2470,3206 983,3206 980,3206 978,3206 976,3206 976,3208 969,3213 972,3246"/>
        <Baseline points="972,3246 2474,3241"/>
        <TextEquiv conf="0.9999878931853731">
          <Unicode>Lupus p. 870, Migne 200 p. 737. — „Quia nonnunquam evenit“.</Unicode>
        </TextEquiv>
      </TextLine>
      <TextLine id="eSc_line_424582f3" custom="structure {type:default;}">
        <Coords points="368,3299 368,3345 587,3339 587,3294 583,3217 366,3217 368,3299"/>
        <Baseline points="368,3299 587,3294"/>
        <TextEquiv conf="0.999941423535347">
          <Unicode>Nor. 19.</Unicode>
        </TextEquiv>
      </TextLine>
      <TextLine id="eSc_line_476e1061" custom="structure {type:default;}">
        <Coords points="715,3312 720,3358 786,3330 786,3308 779,3263 711,3266 715,3312"/>
        <Baseline points="715,3312 786,3308"/>
        <TextEquiv conf="0.9999909400939941">
          <Unicode>„</Unicode>
        </TextEquiv>
      </TextLine>
      <TextLine id="eSc_line_0eac20dd" custom="structure {type:default;}">
        <Coords points="923,3301 923,3325 2874,3316 2874,3292 2867,3263 921,3266 923,3301"/>
        <Baseline points="923,3301 2874,3292"/>
        <TextEquiv conf="0.9991927455972742">
          <Unicode>11910 (7964) Ecclesiam SS. quadraginta martyrum Tarvisinam tuendam suscipit eius-</Unicode>
        </TextEquiv>
      </TextLine>
      <TextLine id="eSc_line_9fb48d01" custom="structure {type:default;}">
        <Coords points="972,3354 972,3380 2870,3374 2872,3347 2865,3319 969,3325 972,3354"/>
        <Baseline points="972,3354 2872,3347"/>
        <TextEquiv conf="0.9867962091057388">
          <Unicode>que possessiones et privilegia confirmat. Bull. Lat. p. 46. — „Religiosam vitam“.</Unicode>
        </TextEquiv>
      </TextLine>
      <TextLine id="eSc_line_502d655e" custom="structure {type:default;}">
        <Coords points="406,3416 406,3456 585,3440 585,3407 578,3372 404,3376 406,3416"/>
        <Baseline points="406,3416 585,3407"/>
        <TextEquiv conf="0.9998895525932312">
          <Unicode>„ 28.</Unicode>
        </TextEquiv>
      </TextLine>
      <TextLine id="eSc_line_7c6212a1" custom="structure {type:default;}">
        <Coords points="649,3429 656,3601 691,3623 693,3623 695,3623 698,3623 737,3615 740,3615 742,3615 742,3612 744,3612 760,3592 762,3590 797,3590 790,3422 784,3369 647,3385 649,3429"/>
        <Baseline points="649,3429 790,3422"/>
        <TextEquiv conf="0.5540037751197815">
          <Unicode>„</Unicode>
        </TextEquiv>
      </TextLine>
      <TextLine id="eSc_line_512043f5" custom="structure {type:default;}">
        <Coords points="927,3407 927,3447 1069,3431 1201,3445 1208,3445 1210,3445 1212,3445 1257,3431 1668,3440 1893,3445 1895,3445 2034,3436 2156,3429 2167,3436 2174,3440 2176,3440 2178,3440 2341,3442 2344,3442 2346,3442 2370,3433 2381,3429 2419,3431 2514,3442 2516,3442 2569,3431 2582,3429 2618,3431 2821,3442 2823,3442 2825,3442 2878,3427 2878,3403 2874,3374 925,3369 927,3407"/>
        <Baseline points="927,3407 2878,3403"/>
        <TextEquiv conf="0.9955246666582619">
          <Unicode>11911 (7965) Monasterii Camberonensis protectionem suscipit, bonaque ac privilegia</Unicode>
        </TextEquiv>
      </TextLine>
      <TextLine id="eSc_line_7ab27e44" custom="structure {type:default;}">
        <Coords points="974,3460 974,3491 1206,3504 1208,3504 1272,3493 1281,3493 1285,3493 1314,3504 1316,3504 1319,3504 1372,3495 1385,3493 1559,3493 1568,3495 1586,3504 1588,3504 1590,3504 1646,3498 1674,3493 2014,3493 2026,3500 2032,3504 2034,3504 2037,3504 2039,3504 2293,3502 2825,3493 2870,3504 2876,3460 2874,3431 974,3431 974,3460"/>
        <Baseline points="974,3460 2876,3460"/>
        <TextEquiv conf="0.9996228995202463">
          <Unicode>confirmat, petente Daniele abbate. Miraei Opp. dipl. II. 1176, De Smet Cart. de</Unicode>
        </TextEquiv>
      </TextLine>
      <TextLine id="eSc_line_e94381b2" custom="structure {type:default;}">
        <Coords points="974,3511 972,3568 1060,3557 1113,3570 1120,3573 1122,3573 1124,3573 1146,3570 1303,3557 1416,3557 1429,3570 1429,3573 1431,3573 1433,3573 1436,3573 1438,3573 1440,3570 1464,3559 1604,3570 1650,3575 1652,3575 1654,3575 1668,3570 1701,3562 1716,3570 1723,3577 1725,3577 1727,3577 1729,3577 1760,3570 1800,3564 1840,3570 1871,3577 1873,3577 1875,3577 1877,3577 1877,3575 1882,3570 1895,3562 1939,3570 1968,3577 1970,3577 2041,3570 2043,3517 2041,3486 974,3480 974,3511"/>
        <Baseline points="974,3511 2043,3517"/>
        <TextEquiv conf="0.9901006208525763">
          <Unicode>Cambron p. 7. — „Piae postulatio voluntatis“.</Unicode>
        </TextEquiv>
      </TextLine>
    </TextRegion>
    <TextRegion id="eSc_textblock_db713517"  custom="structure {type:default;}">
      <Coords points="1345,167 2061,176 2070,253 2052,280 1137,280 1093,236 1111,176 1345,167"/>
      <TextLine id="eSc_line_6a3079cf" custom="structure {type:default;}">
        <Coords points="1780,172 1778,172 1776,172 1738,192 1632,192 1601,172 1599,172 1597,172 1595,172 1433,189 1396,174 1394,174 1235,174 1232,174 1126,192 1129,245 1129,267 2045,271 2050,240 2045,192 1977,176 1975,176 1972,176 1970,176 1950,192 1838,192 1782,172 1780,172"/>
        <Baseline points="1129,245 2050,240"/>
        <TextEquiv conf="0.9989381909370423">
          <Unicode>ALEXANDER III. 1159—1181.</Unicode>
        </TextEquiv>
      </TextLine>
    </TextRegion>
  </Page>
</PcGts>
