<?xml version="1.0" encoding="UTF-8"  standalone="yes"?>
<PcGts xmlns="http://schema.primaresearch.org/PAGE/gts/pagecontent/2019-07-15" xmlns:xsi="http://www.w3.org/2001/XMLSchema-instance" xsi:schemaLocation="http://schema.primaresearch.org/PAGE/gts/pagecontent/2019-07-15 http://schema.primaresearch.org/PAGE/gts/pagecontent/2019-07-15/pagecontent.xsd">
  <Metadata>
	<Creator>escriptorium</Creator>
	<Created>2024-07-19T10:09:36.283981+00:00</Created>
        <LastChange>2024-08-08T08:36:24.935561+00:00</LastChange>
  </Metadata>
  <Page imageFilename="0259.png" imageWidth="3007" imageHeight="3975">
    <TextRegion id="eSc_textblock_097bde77"  custom="structure {type:default;}">
      <Coords points="320,194 448,203 457,271 309,306 282,229 320,194"/>
      <TextLine id="eSc_line_f0be305d" custom="structure {type:default;}">
        <Coords points="309,258 309,293 430,298 430,251 424,203 304,207 309,258"/>
        <Baseline points="309,258 430,251"/>
        <TextEquiv conf="0.9999998410542806">
          <Unicode>246</Unicode>
        </TextEquiv>
      </TextLine>
    </TextRegion>
    <TextRegion id="eSc_textblock_297cdfc1"  custom="structure {type:default;}">
      <Coords points="331,344 563,362 574,441 583,362 2883,371 2883,3469 2856,3601 963,3610 592,3584 572,3548 501,3584 353,3584 291,3548 282,371 331,344"/>
      <TextLine id="eSc_line_d3e66023" custom="structure {type:default;}">
        <Coords points="919,362 897,362 874,362 852,362 855,412 855,450 916,441 1184,443 1188,408 1184,368 934,362 919,362"/>
        <Baseline points="855,412 1188,408"/>
        <TextEquiv conf="0.9730473160743713">
          <Unicode>1170—1172.</Unicode>
        </TextEquiv>
      </TextLine>
      <TextLine id="eSc_line_965b76f2" custom="structure {type:default;}">
        <Coords points="934,474 932,505 2850,507 2854,485 2852,439 2494,428 2492,428 2489,428 2487,428 2474,437 2470,439 2463,437 2439,426 2436,426 2315,426 2313,426 2143,435 2087,437 2074,435 2030,424 2028,424 2026,424 1895,435 1869,435 1330,435 1325,430 1303,421 1301,421 1299,421 934,428 934,474"/>
        <Baseline points="934,474 2854,485"/>
        <TextEquiv conf="0.9946079436470481">
          <Unicode>extorquere“ sed „ut quicumque viri idonei et litterati voluerint studia regere litte-</Unicode>
        </TextEquiv>
      </TextLine>
      <TextLine id="eSc_line_4ea96dda" custom="structure {type:default;}">
        <Coords points="938,532 938,554 1316,554 1325,554 1383,565 1385,565 1652,556 1681,556 1685,556 1736,567 1738,567 2061,558 2083,558 2092,558 2202,569 2204,569 2454,560 2459,560 2461,560 2478,571 2481,571 2483,571 2485,571 2852,560 2854,543 2852,507 938,499 938,532"/>
        <Baseline points="938,532 2854,543"/>
        <TextEquiv conf="0.9981953777918001">
          <Unicode>rarum, eos sine molestia scholas regere patiantur“. Martene Coll. II. 853, Bouquet</Unicode>
        </TextEquiv>
      </TextLine>
      <TextLine id="eSc_line_a420e4be" custom="structure {type:default;}">
        <Coords points="938,587 936,609 2850,620 2854,596 2852,563 938,545 938,587"/>
        <Baseline points="938,587 2854,596"/>
        <TextEquiv conf="0.9962819829219725">
          <Unicode>Rec. XV. 890, Migne 200 p. 741, (App. conc. Lat. II. 18, Coll. Lips. III. 2, Coll.</Unicode>
        </TextEquiv>
      </TextLine>
      <TextLine id="eSc_line_ee925bdc" custom="structure {type:default;}">
        <Coords points="936,642 934,671 2845,675 2850,651 2847,618 936,609 936,642"/>
        <Baseline points="936,642 2850,651"/>
        <TextEquiv conf="0.9966337546873628">
          <Unicode>Cass. XV. 2, Coll. Bamb. II. 5, Comp. I. L. 5. t. 4. c. 3, Decr. Greg. L. V. t. 5. c. 3).</Unicode>
        </TextEquiv>
      </TextLine>
      <TextLine id="eSc_line_becb5496" custom="structure {type:default;}">
        <Coords points="324,739 324,790 547,788 547,739 547,666 324,649 324,739"/>
        <Baseline points="324,739 547,739"/>
        <TextEquiv conf="0.9372548120362418">
          <Unicode>Oa. 21.</Unicode>
        </TextEquiv>
      </TextLine>
      <TextLine id="eSc_line_fe56ef1f" custom="structure {type:default;}">
        <Coords points="945,697 945,717 1482,728 1484,697 1484,666 945,666 945,697"/>
        <Baseline points="945,697 1484,697"/>
        <TextEquiv conf="0.9999893960498628">
          <Unicode>— „Quanto Gallicana“.</Unicode>
        </TextEquiv>
      </TextLine>
      <TextLine id="eSc_line_c4c00330" custom="structure {type:default;}">
        <Coords points="589,750 587,786 821,795 826,757 828,629 771,629 768,629 766,629 764,629 764,631 757,636 735,658 689,658 671,644 649,627 647,627 645,627 642,627 640,627 592,649 589,750"/>
        <Baseline points="589,750 826,757"/>
        <TextEquiv conf="0.9532183483242989">
          <Unicode>ra. -aun</Unicode>
        </TextEquiv>
      </TextLine>
      <TextLine id="eSc_line_76348f0d" custom="structure {type:default;}">
        <Coords points="888,753 885,775 2850,783 2854,759 2850,715 2386,722 2353,711 2350,711 2348,711 2346,711 2330,711 2198,722 1990,708 1964,708 1961,708 1944,708 1811,719 1480,706 1453,706 1451,706 1444,706 1354,717 1323,706 1321,706 1319,706 1314,706 1042,717 888,704 888,753"/>
        <Baseline points="888,753 2854,759"/>
        <TextEquiv conf="0.9931270625533127">
          <Unicode>11926 Roberto decano et capitulo Ebroicensi significat, se episcopo eorum iteratis</Unicode>
        </TextEquiv>
      </TextLine>
      <TextLine id="eSc_line_3767fa87" custom="structure {type:default;}">
        <Coords points="938,803 936,834 2845,841 2850,814 2847,781 938,772 938,803"/>
        <Baseline points="938,803 2850,814"/>
        <TextEquiv conf="0.9954178653112272">
          <Unicode>scriptis mandasse, „ut praeter voluntatem et assensum decani et aliarum personarum</Unicode>
        </TextEquiv>
      </TextLine>
      <TextLine id="eSc_line_b709e4be" custom="structure {type:default;}">
        <Coords points="936,861 934,881 950,892 952,892 954,892 956,892 1332,883 1341,883 1349,883 1551,894 1553,894 1676,885 1696,885 2847,896 2852,870 2850,839 936,830 936,861"/>
        <Baseline points="936,861 2852,870"/>
        <TextEquiv conf="0.9969671698177562">
          <Unicode>et maioris partis capituli eos de recipiendis vicariis non compellat“. Cart. du chap.</Unicode>
        </TextEquiv>
      </TextLine>
      <TextLine id="eSc_line_179ad4b9" custom="structure {type:default;}">
        <Coords points="936,916 934,936 2845,945 2850,925 2847,892 936,883 936,916"/>
        <Baseline points="936,916 2850,925"/>
        <TextEquiv conf="0.9951577809419525">
          <Unicode>d&#x27;Evreux s. XIII—XIV. f. 4b in Arch. dép. de l&#x27;Eure in Evreux. — „Licet olim venerabili“.</Unicode>
        </TextEquiv>
      </TextLine>
      <TextLine id="eSc_line_58e02416" custom="structure {type:default;}">
        <Coords points="364,989 364,1015 543,1020 545,982 539,938 362,947 364,989"/>
        <Baseline points="364,989 545,982"/>
        <TextEquiv conf="0.9999958276748657">
          <Unicode>„ 23.</Unicode>
        </TextEquiv>
      </TextLine>
      <TextLine id="eSc_line_071384bd" custom="structure {type:default;}">
        <Coords points="671,993 671,1062 760,1062 760,993 760,945 729,934 726,934 724,934 671,940 671,993"/>
        <Baseline points="671,993 760,993"/>
        <TextEquiv conf="0.5349832773208618">
          <Unicode>„</Unicode>
        </TextEquiv>
      </TextLine>
      <TextLine id="eSc_line_367003de" custom="structure {type:default;}">
        <Coords points="885,976 885,1007 2852,998 2852,976 2852,945 885,942 885,976"/>
        <Baseline points="885,976 2852,976"/>
        <TextEquiv conf="0.996151924826378">
          <Unicode>11927 (7974) (Petro), abbati S. Remigii, et B., archidiacono Remensi, mandat, ut inter</Unicode>
        </TextEquiv>
      </TextLine>
      <TextLine id="eSc_line_d6282ad8" custom="structure {type:default;}">
        <Coords points="945,1026 943,1046 1067,1060 1069,1060 1259,1051 1263,1051 1270,1051 1453,1062 1455,1064 2847,1064 2850,1035 2847,1002 945,984 945,1026"/>
        <Baseline points="945,1026 2850,1035"/>
        <TextEquiv conf="0.9871068948354477">
          <Unicode>Warinum de Wimericurt et sororem uxoris eius iudicent. Sirmondi Opp. III. 875,</Unicode>
        </TextEquiv>
      </TextLine>
      <TextLine id="eSc_line_9c8bad4f" custom="structure {type:default;}">
        <Coords points="938,1082 938,1106 2260,1106 2260,1082 2260,1051 938,1046 938,1082"/>
        <Baseline points="938,1082 2260,1082"/>
        <TextEquiv conf="0.9999612733429554">
          <Unicode>Mansi XXI. 947, Migne 200 p. 742. — „Causam, quae“.</Unicode>
        </TextEquiv>
      </TextLine>
      <TextLine id="eSc_line_80e6edca" custom="structure {type:default;}">
        <Coords points="364,1150 366,1188 421,1174 463,1188 466,1188 468,1188 470,1188 514,1174 541,1188 545,1150 545,1090 483,1086 481,1086 479,1086 477,1086 452,1101 433,1115 364,1115 364,1150"/>
        <Baseline points="364,1150 545,1150"/>
        <TextEquiv conf="0.999970531463623">
          <Unicode>„ 27.</Unicode>
        </TextEquiv>
      </TextLine>
      <TextLine id="eSc_line_e1fb8c5b" custom="structure {type:default;}">
        <Coords points="673,1154 671,1177 755,1174 757,1159 760,1113 711,1097 709,1097 707,1097 704,1097 673,1106 673,1154"/>
        <Baseline points="673,1154 757,1159"/>
        <TextEquiv conf="1.0">
          <Unicode>„</Unicode>
        </TextEquiv>
      </TextLine>
      <TextLine id="eSc_line_57b2d2e5" custom="structure {type:default;}">
        <Coords points="890,1141 890,1163 2847,1172 2850,1141 2850,1108 890,1106 890,1141"/>
        <Baseline points="890,1141 2850,1141"/>
        <TextEquiv conf="0.9996272067964813">
          <Unicode>11928 (7975) Henrico, archiepiscopo Remensi, et T(heobaldo), episcopo Ambianensi,</Unicode>
        </TextEquiv>
      </TextLine>
      <TextLine id="eSc_line_045a7357" custom="structure {type:default;}">
        <Coords points="938,1196 938,1219 2847,1225 2852,1192 2847,1163 1975,1152 1972,1152 1889,1163 1047,1154 1045,1154 936,1166 938,1196"/>
        <Baseline points="938,1196 2852,1192"/>
        <TextEquiv conf="0.9975778664413252">
          <Unicode>mandat, ut R. mulieri ablata reddi iubeant. Martene Coll. II. 854, Migne 200</Unicode>
        </TextEquiv>
      </TextLine>
      <TextLine id="eSc_line_9b96010c" custom="structure {type:default;}">
        <Coords points="936,1249 936,1278 1665,1278 1665,1276 1668,1276 1703,1263 1703,1243 1699,1210 961,1210 958,1210 956,1210 934,1219 936,1249"/>
        <Baseline points="936,1249 1703,1243"/>
        <TextEquiv conf="0.9987162967522939">
          <Unicode>p. 742. — „Ex conquestione R.“</Unicode>
        </TextEquiv>
      </TextLine>
      <TextLine id="eSc_line_8d2f8cee" custom="structure {type:default;}">
        <Coords points="364,1318 368,1366 408,1355 441,1366 466,1373 468,1373 470,1373 547,1362 545,1309 539,1260 360,1263 364,1318"/>
        <Baseline points="364,1318 545,1309"/>
        <TextEquiv conf="0.9994803309440613">
          <Unicode>„ 27.</Unicode>
        </TextEquiv>
      </TextLine>
      <TextLine id="eSc_line_4f6ca3e2" custom="structure {type:default;}">
        <Coords points="676,1322 676,1380 755,1373 755,1322 753,1265 676,1265 676,1322"/>
        <Baseline points="676,1322 755,1322"/>
        <TextEquiv conf="1.0">
          <Unicode>„</Unicode>
        </TextEquiv>
      </TextLine>
      <TextLine id="eSc_line_7b98793d" custom="structure {type:default;}">
        <Coords points="888,1300 885,1331 2847,1338 2852,1307 2850,1272 888,1265 888,1300"/>
        <Baseline points="888,1300 2852,1307"/>
        <TextEquiv conf="0.9996411145469288">
          <Unicode>11929 (7976) Henrico, archiepiscopo Remensi, et (Theobaldo), episcopo Ambianensi,</Unicode>
        </TextEquiv>
      </TextLine>
      <TextLine id="eSc_line_a0e2f28a" custom="structure {type:default;}">
        <Coords points="936,1358 934,1378 2845,1386 2850,1362 2847,1331 936,1327 936,1358"/>
        <Baseline points="936,1358 2850,1362"/>
        <TextEquiv conf="0.9923593742506844">
          <Unicode>mandat, compellant ministeriales Ph(ilippi), comitis Flandrensis, ut R. mulieri quae</Unicode>
        </TextEquiv>
      </TextLine>
      <TextLine id="eSc_line_6b09ef85" custom="structure {type:default;}">
        <Coords points="936,1415 936,1439 2845,1431 2847,1406 2841,1378 934,1384 936,1415"/>
        <Baseline points="936,1415 2847,1406"/>
        <TextEquiv conf="0.9929921718744131">
          <Unicode>abstulerint reddant. Martene Coll. II. 855, Migne 200 p. 743. — „Quia nebis P“</Unicode>
        </TextEquiv>
      </TextLine>
      <TextLine id="eSc_line_b55510a2" custom="structure {type:default;}">
        <Coords points="362,1479 362,1517 541,1506 541,1475 539,1433 510,1419 508,1419 505,1419 455,1431 435,1435 360,1431 362,1479"/>
        <Baseline points="362,1479 541,1475"/>
        <TextEquiv conf="0.9998218894004822">
          <Unicode>„ 29.</Unicode>
        </TextEquiv>
      </TextLine>
      <TextLine id="eSc_line_570ea460" custom="structure {type:default;}">
        <Coords points="671,1486 671,1512 760,1510 760,1481 753,1380 665,1373 671,1486"/>
        <Baseline points="671,1486 760,1481"/>
        <TextEquiv conf="1.0">
          <Unicode>„</Unicode>
        </TextEquiv>
      </TextLine>
      <TextLine id="eSc_line_8ae6614a" custom="structure {type:default;}">
        <Coords points="883,1472 883,1499 2847,1492 2850,1468 2845,1431 881,1428 883,1472"/>
        <Baseline points="883,1472 2850,1468"/>
        <TextEquiv conf="0.9999674752354621">
          <Unicode>11930 (7977) Henrico, archiepiscopo Remensi, mandat, ut cum (Theobaldo) episcopo</Unicode>
        </TextEquiv>
      </TextLine>
      <TextLine id="eSc_line_2178bb87" custom="structure {type:default;}">
        <Coords points="938,1528 938,1548 2847,1550 2852,1523 2845,1495 936,1497 938,1528"/>
        <Baseline points="938,1528 2852,1523"/>
        <TextEquiv conf="0.9968591262767841">
          <Unicode>Ambianensi simoniacos quosdam mores in episcopafu Tornacensi aboleat. Martene</Unicode>
        </TextEquiv>
      </TextLine>
      <TextLine id="eSc_line_ce9ecc00" custom="structure {type:default;}">
        <Coords points="934,1578 934,1609 2779,1601 2779,1578 2779,1548 934,1548 934,1578"/>
        <Baseline points="934,1578 2779,1578"/>
        <TextEquiv conf="0.9998929127057393">
          <Unicode>Coll. II. 855, Bouquet Rec. XV. 891, Migne 200 p. 743. — „Cum in ecclesia“.</Unicode>
        </TextEquiv>
      </TextLine>
      <TextLine id="eSc_line_e8ada0a2" custom="structure {type:default;}">
        <Coords points="364,1645 366,1682 408,1667 459,1673 488,1676 490,1676 545,1662 547,1640 541,1596 362,1598 364,1645"/>
        <Baseline points="364,1645 547,1640"/>
        <TextEquiv conf="0.9999808311462403">
          <Unicode>„ 31.</Unicode>
        </TextEquiv>
      </TextLine>
      <TextLine id="eSc_line_714e579f" custom="structure {type:default;}">
        <Coords points="669,1651 669,1671 680,1682 682,1682 684,1682 687,1682 689,1682 715,1671 731,1667 757,1676 762,1647 755,1596 665,1598 669,1651"/>
        <Baseline points="669,1651 762,1647"/>
        <TextEquiv conf="1.0">
          <Unicode>„</Unicode>
        </TextEquiv>
      </TextLine>
      <TextLine id="eSc_line_c37bbee6" custom="structure {type:default;}">
        <Coords points="885,1640 885,1660 2845,1662 2850,1631 2845,1601 2341,1590 2339,1590 2337,1590 2313,1603 1955,1603 1919,1590 1917,1590 1915,1590 1913,1590 1862,1603 1506,1592 1504,1592 1363,1605 1345,1594 1343,1594 1341,1594 905,1594 903,1594 901,1594 899,1594 883,1603 885,1640"/>
        <Baseline points="885,1640 2850,1631"/>
        <TextEquiv conf="0.9991739539452541">
          <Unicode>11931 (7978) Henrico, archiepiscopo Remensi, mandat, compellat (Theobaldum), epi-</Unicode>
        </TextEquiv>
      </TextLine>
      <TextLine id="eSc_line_d438d68d" custom="structure {type:default;}">
        <Coords points="936,1691 936,1720 2845,1720 2847,1687 2841,1658 934,1658 936,1691"/>
        <Baseline points="936,1691 2847,1687"/>
        <TextEquiv conf="0.9963887435825247">
          <Unicode>scopum Ambianensem, ut quem contra iura b. Petri „sibi obedientiam praestare</Unicode>
        </TextEquiv>
      </TextLine>
      <TextLine id="eSc_line_1ddd3238" custom="structure {type:default;}">
        <Coords points="934,1746 934,1766 2845,1775 2847,1746 2847,1715 934,1715 934,1746"/>
        <Baseline points="934,1746 2847,1746"/>
        <TextEquiv conf="0.9999744217079806">
          <Unicode>coegerit“, abbatem S. Richarii „ab obedientia sua absolvat“. Martene Coll. II. 856,</Unicode>
        </TextEquiv>
      </TextLine>
      <TextLine id="eSc_line_06b8a682" custom="structure {type:default;}">
        <Coords points="934,1799 934,1821 2470,1819 2470,1799 2470,1768 934,1766 934,1799"/>
        <Baseline points="934,1799 2470,1799"/>
        <TextEquiv conf="0.9974676688512166">
          <Unicode>Bouquet Rec. XV. 892, Migne 200 p. 744. — „Quia te novimus“.</Unicode>
        </TextEquiv>
      </TextLine>
      <TextLine id="eSc_line_f5af0b2b" custom="structure {type:default;}">
        <Coords points="326,1857 326,1910 353,1923 355,1923 357,1923 404,1914 413,1912 419,1914 441,1923 444,1923 446,1923 545,1919 545,1857 545,1828 439,1828 391,1806 371,1797 368,1797 326,1797 326,1857"/>
        <Baseline points="326,1857 545,1857"/>
        <TextEquiv conf="0.9152697495051793">
          <Unicode>Nov. 4.</Unicode>
        </TextEquiv>
      </TextLine>
      <TextLine id="eSc_line_9dedb818" custom="structure {type:default;}">
        <Coords points="631,1888 636,1923 676,1905 702,1912 713,1914 715,1914 718,1914 720,1914 762,1901 760,1874 753,1821 704,1806 702,1806 700,1806 623,1819 631,1888"/>
        <Baseline points="631,1888 760,1874"/>
        <TextEquiv conf="0.9999986886978149">
          <Unicode>„„</Unicode>
        </TextEquiv>
      </TextLine>
      <TextLine id="eSc_line_715a20c3" custom="structure {type:default;}">
        <Coords points="885,1857 885,1888 2850,1874 2850,1852 2845,1819 961,1810 958,1810 883,1821 885,1857"/>
        <Baseline points="885,1857 2850,1852"/>
        <TextEquiv conf="0.9969598644001539">
          <Unicode>11932 (7979) Henrico, archiepiscopo Remensi, scribit de Rogeri, hominis fratrum Hiero-</Unicode>
        </TextEquiv>
      </TextLine>
      <TextLine id="eSc_line_23c3b5e5" custom="structure {type:default;}">
        <Coords points="936,1912 936,1936 2845,1941 2847,1912 2847,1879 936,1879 936,1912"/>
        <Baseline points="936,1912 2847,1912"/>
        <TextEquiv conf="0.9955109222368761">
          <Unicode>solymitani hospitalis, et Guiardi soceri controversia decernenda. Martene Coll. II. 857,</Unicode>
        </TextEquiv>
      </TextLine>
      <TextLine id="eSc_line_fb797026" custom="structure {type:default;}">
        <Coords points="934,1967 934,1989 2081,1987 2083,1961 2079,1930 932,1927 934,1967"/>
        <Baseline points="934,1967 2083,1961"/>
        <TextEquiv conf="0.9999272330947544">
          <Unicode>Migne 200 p. 744. — „Accepimus ex transmissa“.</Unicode>
        </TextEquiv>
      </TextLine>
      <TextLine id="eSc_line_667398fe" custom="structure {type:default;}">
        <Coords points="360,2031 360,2060 543,2060 543,2027 536,1987 406,1991 357,1980 360,2031"/>
        <Baseline points="360,2031 543,2027"/>
        <TextEquiv conf="0.9997168630361557">
          <Unicode>„ 7.</Unicode>
        </TextEquiv>
      </TextLine>
      <TextLine id="eSc_line_8130410d" custom="structure {type:default;}">
        <Coords points="673,2033 673,2055 753,2058 755,2033 751,1905 673,1932 673,2033"/>
        <Baseline points="673,2033 755,2033"/>
        <TextEquiv conf="0.9987280964851379">
          <Unicode>„</Unicode>
        </TextEquiv>
      </TextLine>
      <TextLine id="eSc_line_041bd5f6" custom="structure {type:default;}">
        <Coords points="883,2018 883,2047 2845,2040 2847,2014 2841,1983 881,1985 883,2018"/>
        <Baseline points="883,2018 2847,2014"/>
        <TextEquiv conf="0.9967577670301709">
          <Unicode>11933 (7980) Henrico, archiepiscopo Remensi, mandat de P., presbytero villae Curtis-</Unicode>
        </TextEquiv>
      </TextLine>
      <TextLine id="eSc_line_63be4d39" custom="structure {type:default;}">
        <Coords points="934,2075 934,2095 2810,2091 2812,2071 2808,2042 980,2033 978,2033 976,2033 932,2044 934,2075"/>
        <Baseline points="934,2075 2812,2071"/>
        <TextEquiv conf="0.995891472226695">
          <Unicode>munt, removendo. Martene Coll. II. 858, Migne 200 p. 745. — „Parochiani de“.</Unicode>
        </TextEquiv>
      </TextLine>
      <TextLine id="eSc_line_b30ae888" custom="structure {type:default;}">
        <Coords points="357,2144 357,2164 536,2159 539,2135 532,2095 353,2095 357,2144"/>
        <Baseline points="357,2144 539,2135"/>
        <TextEquiv conf="0.9999891817569733">
          <Unicode>„ 8.</Unicode>
        </TextEquiv>
      </TextLine>
      <TextLine id="eSc_line_015d3821" custom="structure {type:default;}">
        <Coords points="671,2146 673,2217 760,2221 760,2142 753,2089 667,2093 671,2146"/>
        <Baseline points="671,2146 760,2142"/>
        <TextEquiv conf="0.9999998807907104">
          <Unicode>„</Unicode>
        </TextEquiv>
      </TextLine>
      <TextLine id="eSc_line_5a87ecae" custom="structure {type:default;}">
        <Coords points="885,2133 885,2164 2847,2148 2847,2124 2841,2093 883,2095 885,2133"/>
        <Baseline points="885,2133 2847,2124"/>
        <TextEquiv conf="0.9993392997477428">
          <Unicode>11934 (7981) Petro, abbati S. Remigii, et Fulconi, decano Remensi, mandat, „dure et</Unicode>
        </TextEquiv>
      </TextLine>
      <TextLine id="eSc_line_5b087b6d" custom="structure {type:default;}">
        <Coords points="934,2188 934,2214 2845,2214 2847,2181 2843,2150 1654,2142 1652,2142 932,2155 934,2188"/>
        <Baseline points="934,2188 2847,2181"/>
        <TextEquiv conf="0.9998975834214544">
          <Unicode>aspere puniant“ I. presbyterum de burgo S. Remigii, qui, cum „in die dominico coram</Unicode>
        </TextEquiv>
      </TextLine>
      <TextLine id="eSc_line_a2a3a90c" custom="structure {type:default;}">
        <Coords points="936,2239 936,2265 2843,2261 2845,2232 2839,2199 934,2208 936,2239"/>
        <Baseline points="936,2239 2845,2232"/>
        <TextEquiv conf="0.9976765391501513">
          <Unicode>clericis et laicis, postposita modestia clericali, choreas duceret“, a scholaribus burgi</Unicode>
        </TextEquiv>
      </TextLine>
      <TextLine id="eSc_line_ebe41139" custom="structure {type:default;}">
        <Coords points="936,2296 936,2318 2845,2312 2847,2290 2841,2261 934,2263 936,2296"/>
        <Baseline points="936,2296 2847,2290"/>
        <TextEquiv conf="0.9945573082992009">
          <Unicode>S. Remigii increpatus et irrisus, „ostium et fenestras scholarum ausu temerario fre-</Unicode>
        </TextEquiv>
      </TextLine>
      <TextLine id="eSc_line_4e3d0673" custom="structure {type:default;}">
        <Coords points="938,2351 938,2382 1084,2371 1588,2378 1782,2380 1785,2380 1827,2376 1897,2369 2845,2369 2847,2347 2843,2314 1020,2309 1018,2309 936,2320 938,2351"/>
        <Baseline points="938,2351 2847,2347"/>
        <TextEquiv conf="0.996822870913006">
          <Unicode>gerit, et in quosdam ex ipsis scholaribus violentas manus iniecerit, et in ipsos ex-</Unicode>
        </TextEquiv>
      </TextLine>
      <TextLine id="eSc_line_67fb2d3b" custom="structure {type:default;}">
        <Coords points="936,2407 936,2431 2845,2424 2847,2398 2843,2369 1891,2360 1889,2360 1827,2371 1420,2362 1418,2362 1352,2373 1069,2365 1067,2365 934,2376 936,2407"/>
        <Baseline points="936,2407 2847,2398"/>
        <TextEquiv conf="0.9967427018248005">
          <Unicode>communicationis sententiam promulgaverit“. Omnibus interdici iubet, „ne praefatos</Unicode>
        </TextEquiv>
      </TextLine>
      <TextLine id="eSc_line_f882e76d" custom="structure {type:default;}">
        <Coords points="936,2462 936,2484 2845,2477 2847,2453 2843,2422 934,2422 936,2462"/>
        <Baseline points="936,2462 2847,2453"/>
        <TextEquiv conf="0.9987712349833512">
          <Unicode>scholares contra libertatem eorum in aliquo molestare audeant vel gravare, quamdiu</Unicode>
        </TextEquiv>
      </TextLine>
      <TextLine id="eSc_line_5f2701d2" custom="structure {type:default;}">
        <Coords points="936,2515 936,2537 2845,2532 2847,2508 2841,2479 934,2482 936,2515"/>
        <Baseline points="936,2515 2847,2508"/>
        <TextEquiv conf="0.9999970823526383">
          <Unicode>coram magistro suo parati sint iustitiae stare“. Sirmondi Opp. III. 884, Bouquet</Unicode>
        </TextEquiv>
      </TextLine>
      <TextLine id="eSc_line_85046a1d" custom="structure {type:default;}">
        <Coords points="936,2568 936,2590 2604,2583 2607,2561 2600,2530 934,2530 936,2568"/>
        <Baseline points="936,2568 2607,2561"/>
        <TextEquiv conf="0.9816519883962778">
          <Unicode>Rec. XV. 892, Mansi XXI. 956, Migne 200 p. 746. — „Audivimus ex“.</Unicode>
        </TextEquiv>
      </TextLine>
      <TextLine id="eSc_line_8bcfc433" custom="structure {type:default;}">
        <Coords points="355,2636 355,2647 382,2663 384,2663 386,2663 388,2663 391,2663 410,2650 424,2643 450,2643 461,2652 472,2661 472,2663 475,2663 477,2663 479,2663 541,2656 543,2630 536,2559 497,2563 494,2563 492,2563 490,2566 459,2590 419,2579 395,2572 393,2572 391,2572 388,2572 353,2588 355,2636"/>
        <Baseline points="355,2636 543,2630"/>
        <TextEquiv conf="0.998891606926918">
          <Unicode>„ 9.</Unicode>
        </TextEquiv>
      </TextLine>
      <TextLine id="eSc_line_768f3352" custom="structure {type:default;}">
        <Coords points="671,2643 671,2658 700,2674 702,2674 704,2674 707,2674 760,2658 760,2643 760,2583 671,2568 671,2643"/>
        <Baseline points="671,2643 760,2643"/>
        <TextEquiv conf="1.0">
          <Unicode>„</Unicode>
        </TextEquiv>
      </TextLine>
      <TextLine id="eSc_line_eee359e4" custom="structure {type:default;}">
        <Coords points="885,2627 885,2647 2847,2638 2847,2619 2841,2577 883,2585 885,2627"/>
        <Baseline points="885,2627 2847,2619"/>
        <TextEquiv conf="0.9999989809059515">
          <Unicode>11935 (7982) (Petro), abbati S. Remigii, et decano Remensi mandat, cogant monachos</Unicode>
        </TextEquiv>
      </TextLine>
      <TextLine id="eSc_line_53b4b2e3" custom="structure {type:default;}">
        <Coords points="938,2680 938,2703 2845,2698 2847,2674 2843,2643 1581,2634 1579,2634 1577,2634 1544,2645 1031,2636 1029,2636 936,2647 938,2680"/>
        <Baseline points="938,2680 2847,2674"/>
        <TextEquiv conf="0.9962476033989976">
          <Unicode>de Gardo et abbatissam S. Michaelis Vurlensis, ut damna A., abbati ecclesiae Aqui-</Unicode>
        </TextEquiv>
      </TextLine>
      <TextLine id="eSc_line_15715c32" custom="structure {type:default;}">
        <Coords points="936,2736 936,2760 2845,2753 2847,2727 2843,2698 934,2698 936,2736"/>
        <Baseline points="936,2736 2847,2727"/>
        <TextEquiv conf="0.9913567620165208">
          <Unicode>cinensis, illata reparent; praecipiantque abbatissae et monialibus, ne excommunicatos</Unicode>
        </TextEquiv>
      </TextLine>
      <TextLine id="eSc_line_f637c658" custom="structure {type:default;}">
        <Coords points="938,2789 938,2813 2843,2806 2845,2782 2841,2753 936,2753 938,2789"/>
        <Baseline points="938,2789 2845,2782"/>
        <TextEquiv conf="0.9992320774549461">
          <Unicode>recipiant, „et si quos excommunicationis vinculo innodatos sepelierint, eos detumu-</Unicode>
        </TextEquiv>
      </TextLine>
      <TextLine id="eSc_line_7ee1243b" custom="structure {type:default;}">
        <Coords points="938,2846 938,2866 2843,2868 2847,2839 2843,2806 952,2802 950,2802 947,2802 945,2802 936,2809 938,2846"/>
        <Baseline points="938,2846 2847,2839"/>
        <TextEquiv conf="0.992609266191721">
          <Unicode>lare et de coemiterio eiicere non postponat“. Sirmondi Opp. III. 878, Mansi XXI.</Unicode>
        </TextEquiv>
      </TextLine>
      <TextLine id="eSc_line_ded6f30d" custom="structure {type:default;}">
        <Coords points="938,2897 938,2919 2116,2912 2118,2890 2112,2857 936,2866 938,2897"/>
        <Baseline points="938,2897 2118,2890"/>
        <TextEquiv conf="0.9961759424209595">
          <Unicode>050, Migne 200 p. 747. — „Dilectus filius noster“.</Unicode>
        </TextEquiv>
      </TextLine>
      <TextLine id="eSc_line_cd18b1e7" custom="structure {type:default;}">
        <Coords points="362,2963 362,2987 391,2998 393,2998 395,2998 397,2998 399,2998 415,2987 424,2981 441,2985 477,2996 479,2996 481,2996 545,2983 545,2956 541,2859 505,2846 503,2846 501,2846 357,2859 362,2963"/>
        <Baseline points="362,2963 545,2956"/>
        <TextEquiv conf="0.9998316764831543">
          <Unicode>„ „</Unicode>
        </TextEquiv>
      </TextLine>
      <TextLine id="eSc_line_037e0202" custom="structure {type:default;}">
        <Coords points="671,2970 671,2992 753,2998 755,2970 755,2864 671,2864 671,2970"/>
        <Baseline points="671,2970 755,2970"/>
        <TextEquiv conf="0.9282758831977844">
          <Unicode>„</Unicode>
        </TextEquiv>
      </TextLine>
      <TextLine id="eSc_line_bebb87e9" custom="structure {type:default;}">
        <Coords points="890,2956 890,2979 2845,2968 2847,2945 2841,2903 1915,2915 1864,2912 1692,2906 1690,2906 1687,2906 1685,2906 1670,2915 1665,2917 1606,2917 1281,2908 1279,2908 1277,2908 1246,2919 905,2910 903,2910 901,2910 899,2910 888,2917 890,2956"/>
        <Baseline points="890,2956 2847,2945"/>
        <TextEquiv conf="0.9987496893580367">
          <Unicode>11936 Rogero abbati et fratribus S. Mariae de Driburgh ecclesias quasdam in Scotia</Unicode>
        </TextEquiv>
      </TextLine>
      <TextLine id="eSc_line_d3082295" custom="structure {type:default;}">
        <Coords points="936,3007 936,3032 2843,3029 2845,3001 2841,2972 2262,2961 2260,2961 2204,2972 2202,2972 2169,2972 1608,2963 1606,2963 1604,2963 1568,2974 1564,2976 934,2976 936,3007"/>
        <Baseline points="936,3007 2845,3001"/>
        <TextEquiv conf="0.9944096401140288">
          <Unicode>et ecclesiam de Askeby in Westmerland sitas asserit. Liber S. Mariae de Drib.</Unicode>
        </TextEquiv>
      </TextLine>
      <TextLine id="eSc_line_21a6c74e" custom="structure {type:default;}">
        <Coords points="938,3062 938,3091 1358,3082 1372,3087 1394,3093 1396,3093 1398,3093 1539,3085 1599,3080 1639,3082 1776,3091 1778,3091 1860,3078 1862,3058 1860,3027 1842,3016 1840,3016 1838,3016 1836,3016 1763,3027 1718,3016 1716,3016 1714,3016 1712,3016 1676,3027 1676,3029 1539,3029 1539,3027 1528,3018 1528,3016 1526,3016 1524,3016 1522,3016 1520,3016 1480,3027 1473,3027 936,3023 938,3062"/>
        <Baseline points="938,3062 1862,3058"/>
        <TextEquiv conf="0.99715785831213">
          <Unicode>p. 203. — „Iustis petentium desideriis“.</Unicode>
        </TextEquiv>
      </TextLine>
      <TextLine id="eSc_line_1a044d5e" custom="structure {type:default;}">
        <Coords points="364,3124 364,3146 545,3157 547,3124 545,3076 364,3080 364,3124"/>
        <Baseline points="364,3124 547,3124"/>
        <TextEquiv conf="1.0">
          <Unicode>„ 16.</Unicode>
        </TextEquiv>
      </TextLine>
      <TextLine id="eSc_line_f53c1448" custom="structure {type:default;}">
        <Coords points="669,3135 669,3146 693,3160 695,3160 698,3160 757,3146 757,3135 757,3085 669,3078 669,3135"/>
        <Baseline points="669,3135 757,3135"/>
        <TextEquiv conf="0.5688375234603882">
          <Unicode>„</Unicode>
        </TextEquiv>
      </TextLine>
      <TextLine id="eSc_line_3cb6a33d" custom="structure {type:default;}">
        <Coords points="890,3115 890,3149 2845,3138 2847,3109 2841,3069 888,3071 890,3115"/>
        <Baseline points="890,3115 2847,3109"/>
        <TextEquiv conf="0.9871583316899553">
          <Unicode>11937 (7983) (Petro), abbati S. Remigii, et Fulconi, decano Remensi, mandat, ut</Unicode>
        </TextEquiv>
      </TextLine>
      <TextLine id="eSc_line_3976d169" custom="structure {type:default;}">
        <Coords points="943,3173 943,3197 2843,3188 2845,3164 2841,3135 941,3133 943,3173"/>
        <Baseline points="943,3173 2845,3164"/>
        <TextEquiv conf="0.984826546392323">
          <Unicode>Agnetis, filiae Balduini de Aigne, et Girardi de Landas controversias discernant.</Unicode>
        </TextEquiv>
      </TextLine>
      <TextLine id="eSc_line_85748a2e" custom="structure {type:default;}">
        <Coords points="936,3228 936,3250 2839,3239 2841,3217 2836,3182 2056,3180 2054,3180 1979,3188 1964,3191 1955,3188 1911,3180 1908,3180 1906,3180 1871,3191 1866,3191 1853,3191 1699,3180 1696,3180 1557,3193 1553,3193 1546,3193 1316,3182 1314,3182 1312,3182 1277,3195 1111,3184 1109,3184 1003,3195 961,3184 958,3184 956,3184 954,3184 952,3184 934,3193 936,3228"/>
        <Baseline points="936,3228 2841,3217"/>
        <TextEquiv conf="0.9932999216020107">
          <Unicode>Sirmondi Opp. III. 883, Mansi XXI. 955, Migne 200 p. 747. — „Ex litteris, quas“.</Unicode>
        </TextEquiv>
      </TextLine>
      <TextLine id="eSc_line_fa601e68" custom="structure {type:default;}">
        <Coords points="371,3290 373,3345 402,3345 402,3343 404,3343 406,3343 406,3341 410,3336 430,3316 472,3325 490,3327 492,3327 494,3327 550,3310 550,3281 545,3235 452,3213 450,3213 448,3213 446,3213 446,3215 421,3239 421,3241 366,3241 371,3290"/>
        <Baseline points="371,3290 550,3281"/>
        <TextEquiv conf="0.9967388868331909">
          <Unicode>„ 25.</Unicode>
        </TextEquiv>
      </TextLine>
      <TextLine id="eSc_line_2eb0e9e4" custom="structure {type:default;}">
        <Coords points="671,3292 669,3319 720,3334 722,3334 724,3334 726,3334 757,3323 760,3297 760,3239 673,3239 671,3292"/>
        <Baseline points="671,3292 760,3297"/>
        <TextEquiv conf="1.0">
          <Unicode>„</Unicode>
        </TextEquiv>
      </TextLine>
      <TextLine id="eSc_line_3dba0cf9" custom="structure {type:default;}">
        <Coords points="890,3283 890,3308 2845,3294 2847,3272 2843,3241 2562,3230 2560,3230 2397,3241 2394,3241 2383,3241 1672,3235 1670,3235 1592,3246 1586,3246 1564,3246 1281,3237 1279,3237 1277,3237 1241,3248 1237,3250 888,3250 890,3283"/>
        <Baseline points="890,3283 2847,3272"/>
        <TextEquiv conf="0.9947283037006855">
          <Unicode>11938 (7984) (Petro), abbati S. Remigii Remensis, et priori S. Martini de Campis</Unicode>
        </TextEquiv>
      </TextLine>
      <TextLine id="eSc_line_6d94515b" custom="structure {type:default;}">
        <Coords points="936,3336 936,3361 2843,3354 2845,3325 2839,3294 934,3303 936,3336"/>
        <Baseline points="936,3336 2845,3325"/>
        <TextEquiv conf="0.9896641008994158">
          <Unicode>mandat, ut G(irardi) abbatis Gardensis et (Eustachii) abbatis S. Petri Selincurtensis</Unicode>
        </TextEquiv>
      </TextLine>
      <TextLine id="eSc_line_2f20c41f" custom="structure {type:default;}">
        <Coords points="936,3389 936,3414 2836,3411 2839,3383 2834,3354 952,3347 950,3347 947,3347 945,3347 934,3354 936,3389"/>
        <Baseline points="936,3389 2839,3383"/>
        <TextEquiv conf="0.9941777912053195">
          <Unicode>litem discernant. Sirmondi Opp. III. 879, Mansi XXI. 950, Migne 200 p. 748. —</Unicode>
        </TextEquiv>
      </TextLine>
      <TextLine id="eSc_line_af03f0ba" custom="structure {type:default;}">
        <Coords points="938,3447 938,3467 1619,3460 1621,3440 1617,3411 936,3409 938,3447"/>
        <Baseline points="938,3447 1621,3440"/>
        <TextEquiv conf="0.9999885620742008">
          <Unicode>„Ex transmissa conquestione“.</Unicode>
        </TextEquiv>
      </TextLine>
      <TextLine id="eSc_line_bc3568b7" custom="structure {type:default;}">
        <Coords points="366,3506 366,3531 547,3537 550,3502 543,3464 364,3467 366,3506"/>
        <Baseline points="366,3506 550,3502"/>
        <TextEquiv conf="0.9977207183837891">
          <Unicode>„„ 24.</Unicode>
        </TextEquiv>
      </TextLine>
      <TextLine id="eSc_line_99c31822" custom="structure {type:default;}">
        <Coords points="669,3515 669,3604 715,3628 718,3628 720,3628 722,3628 755,3617 755,3515 753,3400 669,3409 669,3515"/>
        <Baseline points="669,3515 755,3515"/>
        <TextEquiv conf="1.0">
          <Unicode>„</Unicode>
        </TextEquiv>
      </TextLine>
      <TextLine id="eSc_line_8a5b7c42" custom="structure {type:default;}">
        <Coords points="892,3500 892,3522 2843,3513 2843,3489 2839,3458 1672,3451 1670,3451 1608,3462 1332,3453 1330,3453 890,3467 892,3500"/>
        <Baseline points="892,3500 2843,3489"/>
        <TextEquiv conf="0.9997488359610239">
          <Unicode>11939 (7985) Henrico, archiepiscopo Remensi, mandat, ut Rainerium et Galterium</Unicode>
        </TextEquiv>
      </TextLine>
      <TextLine id="eSc_line_2474641b" custom="structure {type:default;}">
        <Coords points="941,3553 943,3612 1005,3597 1124,3599 1144,3610 1153,3615 1155,3615 1157,3617 1383,3617 1383,3615 1385,3615 1405,3608 1418,3604 1484,3608 1579,3612 1581,3612 1584,3612 1586,3612 1595,3606 1615,3595 1754,3604 1884,3612 1886,3612 1889,3612 1913,3601 1937,3592 2017,3601 2107,3610 2109,3612 2178,3612 2178,3610 2180,3610 2204,3599 2218,3592 2315,3592 2324,3597 2341,3610 2344,3610 2346,3610 2348,3610 2527,3604 2529,3604 2531,3604 2545,3595 2554,3590 2571,3595 2622,3608 2624,3608 2626,3608 2629,3608 2677,3595 2726,3608 2728,3608 2730,3608 2733,3608 2735,3608 2759,3592 2766,3590 2843,3590 2845,3544 2839,3513 938,3522 941,3553"/>
        <Baseline points="941,3553 2845,3544"/>
        <TextEquiv conf="0.9899091160878902">
          <Unicode>fratres, qui „in presbyterum calore iracundiae succensi violentas manus iniecerint</Unicode>
        </TextEquiv>
      </TextLine>
    </TextRegion>
    <TextRegion id="eSc_textblock_04643343"  custom="structure {type:default;}">
      <Coords points="1274,194 2052,203 2070,280 2052,306 1243,306 1093,280 1111,203 1274,194"/>
      <TextLine id="eSc_line_577f3d8f" custom="structure {type:default;}">
        <Coords points="1120,262 1117,289 1124,295 1124,298 1126,298 1129,298 1131,298 1290,289 2041,302 2045,269 2043,218 1623,216 1621,214 1590,203 1588,203 1586,203 1480,214 1464,214 1458,214 1420,200 1418,200 1416,200 1120,209 1120,262"/>
        <Baseline points="1120,262 2045,269"/>
        <TextEquiv conf="0.9998152041435242">
          <Unicode>ALEXANDER III. 1159—1181.</Unicode>
        </TextEquiv>
      </TextLine>
    </TextRegion>
  </Page>
</PcGts>
