<?xml version="1.0" encoding="UTF-8"  standalone="yes"?>
<PcGts xmlns="http://schema.primaresearch.org/PAGE/gts/pagecontent/2019-07-15" xmlns:xsi="http://www.w3.org/2001/XMLSchema-instance" xsi:schemaLocation="http://schema.primaresearch.org/PAGE/gts/pagecontent/2019-07-15 http://schema.primaresearch.org/PAGE/gts/pagecontent/2019-07-15/pagecontent.xsd">
  <Metadata>
	<Creator>escriptorium</Creator>
	<Created>2024-07-19T10:09:49.235611+00:00</Created>
        <LastChange>2024-08-08T08:37:20.265098+00:00</LastChange>
  </Metadata>
  <Page imageFilename="0274.png" imageWidth="3007" imageHeight="3975">
    <TextRegion id="eSc_textblock_d8d5c988"  custom="structure {type:default;}">
      <Coords points="773,309 2688,318 2688,3204 2662,3557 707,3566 642,3539 388,3548 368,3486 298,3539 106,3513 79,3230 88,574 167,483 141,432 176,326 342,326 368,600 397,335 616,335 634,362 671,318 773,309"/>
      <TextLine id="eSc_line_d99fb9cd" custom="structure {type:default;}">
        <Coords points="1948,313 1926,313 1919,313 1873,324 1849,329 1813,324 1727,313 1725,313 1723,313 1679,326 1665,329 1637,326 1559,318 1557,318 1555,318 1533,326 1522,333 1358,333 1349,329 1312,313 1310,313 1208,313 1206,313 1126,331 1120,331 1115,331 1082,315 1080,315 835,315 832,315 830,315 795,326 678,315 667,318 645,344 647,377 647,410 1126,399 2556,401 2560,368 2554,320 2109,326 2059,322 1957,313 1948,313"/>
        <Baseline points="647,377 2560,368"/>
        <TextEquiv conf="0.9888061847579613">
          <Unicode>1172. (Ind. 5. — 25. Sept. — 6, pont. a. 13. — 20. Sept. — 14, 1171. — 25. Mart. — 1172.)</Unicode>
        </TextEquiv>
      </TextLine>
      <TextLine id="eSc_line_f1bb8b4c" custom="structure {type:default;}">
        <Coords points="729,437 729,463 2642,461 2644,432 2640,399 1712,388 1710,388 1592,399 1581,401 726,401 729,437"/>
        <Baseline points="729,437 2644,432"/>
        <TextEquiv conf="0.9972030535156344">
          <Unicode>intendere. Nuncios sibi retulisse, archiepiscopum „litteras, quas pater eius (rex</Unicode>
        </TextEquiv>
      </TextLine>
      <TextLine id="eSc_line_9fa52014" custom="structure {type:default;}">
        <Coords points="729,492 729,523 2642,516 2644,488 2640,459 726,452 729,492"/>
        <Baseline points="729,492 2644,488"/>
        <TextEquiv conf="0.9868884235620499">
          <Unicode>Bohemiae) ab imperatore obtinuisset, recipere noluisse, sed omnino earum abhorruisse</Unicode>
        </TextEquiv>
      </TextLine>
      <TextLine id="eSc_line_81ba53ac" custom="structure {type:default;}">
        <Coords points="729,547 729,569 2640,576 2642,547 2642,516 729,516 729,547"/>
        <Baseline points="729,547 2642,547"/>
        <TextEquiv conf="0.9980425778557273">
          <Unicode>adimplere tenorem, volentem in fide catholica firmiter permanere“; eosdemque negasse,</Unicode>
        </TextEquiv>
      </TextLine>
      <TextLine id="eSc_line_4459d7c4" custom="structure {type:default;}">
        <Coords points="733,605 733,636 2640,620 2642,598 2635,567 731,569 733,605"/>
        <Baseline points="733,605 2642,598"/>
        <TextEquiv conf="0.9931708559577848">
          <Unicode>„archiepiscopum ornamenta ecclesiae cuidam sortilegae et incantatrici delegasse“.</Unicode>
        </TextEquiv>
      </TextLine>
      <TextLine id="eSc_line_e655ed9c" custom="structure {type:default;}">
        <Coords points="731,660 731,684 2642,677 2644,651 2638,622 729,622 731,660"/>
        <Baseline points="731,660 2644,651"/>
        <TextEquiv conf="0.9989844312915555">
          <Unicode>Haec addit: „nos ei (archiepiscopo) non possumus nec debemus nostrum denegare</Unicode>
        </TextEquiv>
      </TextLine>
      <TextLine id="eSc_line_0a6cb992" custom="structure {type:default;}">
        <Coords points="729,713 729,735 2642,742 2644,713 2644,682 729,682 729,713"/>
        <Baseline points="729,713 2644,713"/>
        <TextEquiv conf="0.9993010291031429">
          <Unicode>auditum, vel causam illius aliis iudicibus committere“. Pez Thes. anecd. VI. I. 389,</Unicode>
        </TextEquiv>
      </TextLine>
      <TextLine id="eSc_line_7d727732" custom="structure {type:default;}">
        <Coords points="731,768 731,799 2644,799 2644,768 2644,735 731,724 731,768"/>
        <Baseline points="731,768 2644,768"/>
        <TextEquiv conf="0.9811317254515255">
          <Unicode>Migne 200 p. 1120. De tempore cf. Fechner in Arch. f. K. österr. Gesch.-Qu. XXI. 308,</Unicode>
        </TextEquiv>
      </TextLine>
      <TextLine id="eSc_line_64abd709" custom="structure {type:default;}">
        <Coords points="731,825 731,850 2474,841 2476,819 2472,788 729,783 731,825"/>
        <Baseline points="731,825 2476,819"/>
        <TextEquiv conf="0.9883353129609839">
          <Unicode>Reuter III. 82, Meiller Reg. arch. Salisb. p. 123. — „Cum toties replicetis“.</Unicode>
        </TextEquiv>
      </TextLine>
      <TextLine id="eSc_line_5a12af55" custom="structure {type:default;}">
        <Coords points="678,881 678,914 2644,896 2646,872 2640,839 676,843 678,881"/>
        <Baseline points="678,881 2646,872"/>
        <TextEquiv conf="0.9985529298192999">
          <Unicode>12154 Henrico, episcopo Gurcensi, fines episcopatus ac vicariatum ecclesiae Salzburgensis</Unicode>
        </TextEquiv>
      </TextLine>
      <TextLine id="eSc_line_ac80c283" custom="structure {type:default;}">
        <Coords points="123,887 123,912 338,914 340,883 329,832 315,843 287,836 273,834 271,834 245,839 203,848 181,843 136,834 134,834 132,834 130,834 121,839 123,887"/>
        <Baseline points="123,887 340,883"/>
        <TextEquiv conf="0.9943907335400581">
          <Unicode>lun. 16.</Unicode>
        </TextEquiv>
      </TextLine>
      <TextLine id="eSc_line_d5c3c38e" custom="structure {type:default;}">
        <Coords points="384,887 384,967 614,973 616,887 616,843 384,841 384,887"/>
        <Baseline points="384,887 616,887"/>
        <TextEquiv conf="0.897097541226281">
          <Unicode>Tusculani</Unicode>
        </TextEquiv>
      </TextLine>
      <TextLine id="eSc_line_a1ac2117" custom="structure {type:default;}">
        <Coords points="726,934 726,956 2642,949 2644,927 2640,898 724,896 726,934"/>
        <Baseline points="726,934 2644,927"/>
        <TextEquiv conf="0.9863136191911335">
          <Unicode>confirmat. Reg. in Arch. f. Kunde österr. Gesch. XIV. 158. — „Fratres nostros“.</Unicode>
        </TextEquiv>
      </TextLine>
      <TextLine id="eSc_line_36e6c985" custom="structure {type:default;}">
        <Coords points="682,989 682,1015 2642,1009 2644,982 2640,954 1336,945 1334,945 1332,945 1294,956 715,947 713,947 711,947 680,956 682,989"/>
        <Baseline points="682,989 2644,982"/>
        <TextEquiv conf="0.9998753243182079">
          <Unicode>12155 (8169) Monasterium S. Mariae de Monte-laeto tuendum suscipit, eiusque posses-</Unicode>
        </TextEquiv>
      </TextLine>
      <TextLine id="eSc_line_7bd2fbe5" custom="structure {type:default;}">
        <Coords points="338,995 333,956 273,947 271,947 238,954 190,962 161,951 163,1002 165,1044 220,1029 243,1035 267,1042 269,1042 271,1042 273,1042 338,1022 338,995"/>
        <Baseline points="163,1002 338,995"/>
        <TextEquiv conf="0.9997236967086792">
          <Unicode>„ 24.</Unicode>
        </TextEquiv>
      </TextLine>
      <TextLine id="eSc_line_66debf51" custom="structure {type:default;}">
        <Coords points="470,1013 470,1079 550,1073 550,1013 547,951 470,954 470,1013"/>
        <Baseline points="470,1013 550,1013"/>
        <TextEquiv conf="1.0">
          <Unicode>„</Unicode>
        </TextEquiv>
      </TextLine>
      <TextLine id="eSc_line_7818ddf4" custom="structure {type:default;}">
        <Coords points="733,1044 733,1066 2644,1071 2649,1037 2642,1000 731,1013 733,1044"/>
        <Baseline points="733,1044 2649,1037"/>
        <TextEquiv conf="0.9982884373420324">
          <Unicode>siones ac privilegia confirmat, petente Vibiano abbate. Vepes Coronica general</Unicode>
        </TextEquiv>
      </TextLine>
      <TextLine id="eSc_line_727b8bf0" custom="structure {type:default;}">
        <Coords points="731,1099 731,1121 2591,1117 2593,1095 2587,1062 729,1062 731,1099"/>
        <Baseline points="731,1099 2593,1095"/>
        <TextEquiv conf="0.9975888673464457">
          <Unicode>III. app. p. 33, Aguirre Conc. V. 90, Migne 200 p. 878. — „Immaculata Dei“.</Unicode>
        </TextEquiv>
      </TextLine>
      <TextLine id="eSc_line_96c133b6" custom="structure {type:default;}">
        <Coords points="680,1152 680,1179 2651,1188 2653,1152 2653,1121 680,1119 680,1152"/>
        <Baseline points="680,1152 2653,1152"/>
        <TextEquiv conf="0.9892653815630006">
          <Unicode>12156 (8170) *Monasterii S. Mariae Hiraxensis privilegia confirmat. Oihenarti Not.</Unicode>
        </TextEquiv>
      </TextLine>
      <TextLine id="eSc_line_e810a15b" custom="structure {type:default;}">
        <Coords points="159,1168 159,1188 291,1192 293,1192 296,1192 340,1177 340,1161 338,1128 313,1115 311,1115 309,1115 307,1115 240,1128 207,1135 156,1128 159,1168"/>
        <Baseline points="159,1168 340,1161"/>
        <TextEquiv conf="0.9967056155204773">
          <Unicode>„ 24.</Unicode>
        </TextEquiv>
      </TextLine>
      <TextLine id="eSc_line_415f82c3" custom="structure {type:default;}">
        <Coords points="472,1181 472,1190 556,1188 556,1181 556,1135 517,1117 514,1117 512,1117 472,1124 472,1181"/>
        <Baseline points="472,1181 556,1181"/>
        <TextEquiv conf="1.0">
          <Unicode>„</Unicode>
        </TextEquiv>
      </TextLine>
      <TextLine id="eSc_line_afb0a62d" custom="structure {type:default;}">
        <Coords points="731,1210 731,1234 1122,1236 1126,1205 1120,1174 729,1177 731,1210"/>
        <Baseline points="731,1210 1126,1205"/>
        <TextEquiv conf="0.9999884647481582">
          <Unicode>utr. Vasc. p. 97.</Unicode>
        </TextEquiv>
      </TextLine>
      <TextLine id="eSc_line_0ffaff26" custom="structure {type:default;}">
        <Coords points="680,1267 680,1289 2651,1287 2653,1263 2646,1227 678,1227 680,1267"/>
        <Baseline points="680,1267 2653,1263"/>
        <TextEquiv conf="0.9964364737272262">
          <Unicode>12157 (8171) Rainaldo, archiepiscopo Barensi et Canusino, bullam tribuit. (Frag-</Unicode>
        </TextEquiv>
      </TextLine>
      <TextLine id="eSc_line_27d0e2f5" custom="structure {type:default;}">
        <Coords points="159,1276 159,1296 320,1300 322,1300 324,1300 326,1300 326,1298 329,1298 335,1289 335,1269 329,1214 260,1227 156,1221 159,1276"/>
        <Baseline points="159,1276 335,1269"/>
        <TextEquiv conf="0.999999713897705">
          <Unicode>„ 28.</Unicode>
        </TextEquiv>
      </TextLine>
      <TextLine id="eSc_line_e7f312f8" custom="structure {type:default;}">
        <Coords points="468,1291 468,1298 556,1307 558,1291 556,1223 468,1227 468,1291"/>
        <Baseline points="468,1291 558,1291"/>
        <TextEquiv conf="0.9999997615814209">
          <Unicode>„</Unicode>
        </TextEquiv>
      </TextLine>
      <TextLine id="eSc_line_be396463" custom="structure {type:default;}">
        <Coords points="731,1318 731,1340 2428,1336 2430,1313 2423,1283 729,1283 731,1318"/>
        <Baseline points="731,1318 2430,1313"/>
        <TextEquiv conf="0.9916311096454012">
          <Unicode>mentum). Baronii Annal. ed. Mansi XIX. 397. — „In apostolicae sedis“.</Unicode>
        </TextEquiv>
      </TextLine>
      <TextLine id="eSc_line_7f09f48c" custom="structure {type:default;}">
        <Coords points="680,1373 680,1400 2646,1402 2651,1366 2644,1336 678,1342 680,1373"/>
        <Baseline points="680,1373 2651,1366"/>
        <TextEquiv conf="0.9960762775396999">
          <Unicode>12158 Monasterii S. Mariae Bandusiani possessiones confirmat, bulla ad Damianum</Unicode>
        </TextEquiv>
      </TextLine>
      <TextLine id="eSc_line_074a5c01" custom="structure {type:default;}">
        <Coords points="125,1382 125,1422 229,1402 333,1424 338,1378 333,1338 123,1329 125,1382"/>
        <Baseline points="125,1382 338,1378"/>
        <TextEquiv conf="0.9407546743750572">
          <Unicode>Iul. 18.</Unicode>
        </TextEquiv>
      </TextLine>
      <TextLine id="eSc_line_7df16fe4" custom="structure {type:default;}">
        <Coords points="470,1395 468,1426 512,1435 514,1435 517,1435 552,1417 554,1400 552,1340 470,1349 470,1395"/>
        <Baseline points="470,1395 554,1400"/>
        <TextEquiv conf="0.8856167793273926">
          <Unicode>„</Unicode>
        </TextEquiv>
      </TextLine>
      <TextLine id="eSc_line_b452252b" custom="structure {type:default;}">
        <Coords points="731,1428 731,1446 846,1461 848,1461 943,1448 1069,1461 1071,1464 1336,1464 1336,1461 1338,1461 1341,1461 1356,1450 1500,1461 1502,1461 1504,1461 1506,1461 1506,1459 1520,1448 1566,1461 1568,1461 1570,1464 1626,1464 1626,1461 1628,1461 1630,1461 1630,1459 1643,1448 1816,1459 1818,1459 1906,1448 1977,1461 1979,1461 2081,1446 2081,1428 2079,1391 731,1397 731,1428"/>
        <Baseline points="731,1428 2081,1428"/>
        <TextEquiv conf="0.9951945219123572">
          <Unicode>abbatem. Pflugk-Harttung Iter p. 273. — „Officii nostri“.</Unicode>
        </TextEquiv>
      </TextLine>
      <TextLine id="eSc_line_41d6bb31" custom="structure {type:default;}">
        <Coords points="682,1488 682,1510 2651,1506 2653,1479 2646,1444 680,1444 682,1488"/>
        <Baseline points="682,1488 2653,1479"/>
        <TextEquiv conf="0.9964249550578106">
          <Unicode>12159 (8172) Monasterii S. Mariae Tremitensis protectionem suscipit possessionesque</Unicode>
        </TextEquiv>
      </TextLine>
      <TextLine id="eSc_line_b9883433" custom="structure {type:default;}">
        <Coords points="161,1497 161,1519 181,1525 183,1525 185,1525 187,1525 201,1519 220,1508 247,1517 265,1523 267,1523 269,1523 338,1514 338,1490 335,1455 278,1437 276,1437 273,1437 271,1437 216,1457 212,1459 207,1459 172,1448 170,1448 167,1448 165,1448 163,1448 159,1450 161,1497"/>
        <Baseline points="161,1497 338,1490"/>
        <TextEquiv conf="1.0">
          <Unicode>„ 25.</Unicode>
        </TextEquiv>
      </TextLine>
      <TextLine id="eSc_line_0f6cecca" custom="structure {type:default;}">
        <Coords points="466,1512 466,1567 556,1565 556,1512 552,1435 466,1459 466,1512"/>
        <Baseline points="466,1512 556,1512"/>
        <TextEquiv conf="0.9999988079071045">
          <Unicode>„</Unicode>
        </TextEquiv>
      </TextLine>
      <TextLine id="eSc_line_2ced93e9" custom="structure {type:default;}">
        <Coords points="731,1543 731,1567 2651,1559 2653,1534 2649,1506 760,1501 757,1501 755,1501 729,1510 731,1543"/>
        <Baseline points="731,1543 2653,1534"/>
        <TextEquiv conf="0.9967999683647621">
          <Unicode>ac privilegia confirmat, petente Anastasio abbate. Muratori Ant. It. V. 441, Migne</Unicode>
        </TextEquiv>
      </TextLine>
      <TextLine id="eSc_line_5fe1a0fc" custom="structure {type:default;}">
        <Coords points="731,1596 731,1616 1813,1612 1816,1592 1811,1563 1270,1552 1268,1552 1265,1552 1243,1563 748,1554 746,1554 744,1554 742,1554 729,1561 731,1596"/>
        <Baseline points="731,1596 1816,1592"/>
        <TextEquiv conf="0.9993294697740803">
          <Unicode>200 p. 880. — „Apostolicae sedis auctoritate“.</Unicode>
        </TextEquiv>
      </TextLine>
      <TextLine id="eSc_line_d7def139" custom="structure {type:default;}">
        <Coords points="682,1649 682,1678 2653,1673 2653,1649 2651,1609 682,1614 682,1649"/>
        <Baseline points="682,1649 2653,1649"/>
        <TextEquiv conf="0.995820037934972">
          <Unicode>12160 Monasterii S. Richarii tutelam suscipit, possessionesque et privilegia confirmat,</Unicode>
        </TextEquiv>
      </TextLine>
      <TextLine id="eSc_line_7fcd4c5a" custom="structure {type:default;}">
        <Coords points="159,1660 159,1680 335,1678 335,1656 329,1603 156,1609 159,1660"/>
        <Baseline points="159,1660 335,1656"/>
        <TextEquiv conf="0.9999960422515869">
          <Unicode>„ 29.</Unicode>
        </TextEquiv>
      </TextLine>
      <TextLine id="eSc_line_a4510b71" custom="structure {type:default;}">
        <Coords points="463,1673 461,1691 505,1702 508,1702 510,1702 556,1682 558,1678 558,1616 466,1605 463,1673"/>
        <Baseline points="463,1673 558,1678"/>
        <TextEquiv conf="1.0">
          <Unicode>„</Unicode>
        </TextEquiv>
      </TextLine>
      <TextLine id="eSc_line_8cc3f5d6" custom="structure {type:default;}">
        <Coords points="733,1707 733,1731 2649,1722 2651,1698 2644,1667 731,1669 733,1707"/>
        <Baseline points="733,1707 2651,1698"/>
        <TextEquiv conf="0.995833582656328">
          <Unicode>petente Richero abbate. In bibl. nat. Paris. Coll. Moreau t. 77. f. 187, Coll. Grenier</Unicode>
        </TextEquiv>
      </TextLine>
      <TextLine id="eSc_line_345352c0" custom="structure {type:default;}">
        <Coords points="729,1764 729,1788 1606,1777 1608,1760 1604,1729 1197,1718 1195,1718 1193,1718 1162,1729 797,1720 795,1720 726,1731 729,1764"/>
        <Baseline points="729,1764 1608,1760"/>
        <TextEquiv conf="0.9996742557834934">
          <Unicode>t. 257. f. 236. — „Ideo sumus licet“.</Unicode>
        </TextEquiv>
      </TextLine>
      <TextLine id="eSc_line_70cbf28f" custom="structure {type:default;}">
        <Coords points="678,1815 678,1839 2651,1835 2653,1810 2649,1775 676,1775 678,1815"/>
        <Baseline points="678,1815 2653,1810"/>
        <TextEquiv conf="0.9967661411673935">
          <Unicode>12161 (8173) Compositionem factam inter D(ominicum) abbatem Casinensem et (Iohan-</Unicode>
        </TextEquiv>
      </TextLine>
      <TextLine id="eSc_line_e06f287a" custom="structure {type:default;}">
        <Coords points="121,1817 119,1901 335,1896 338,1821 335,1782 121,1771 121,1817"/>
        <Baseline points="121,1817 338,1821"/>
        <TextEquiv conf="0.9984216027789645">
          <Unicode>Sept. 13.</Unicode>
        </TextEquiv>
      </TextLine>
      <TextLine id="eSc_line_84d024cb" custom="structure {type:default;}">
        <Coords points="463,1837 459,1892 550,1899 556,1843 556,1786 466,1777 463,1837"/>
        <Baseline points="463,1837 556,1843"/>
        <TextEquiv conf="1.0">
          <Unicode>„</Unicode>
        </TextEquiv>
      </TextLine>
      <TextLine id="eSc_line_435dd6bb" custom="structure {type:default;}">
        <Coords points="731,1870 731,1894 2649,1892 2651,1866 2644,1835 729,1839 731,1870"/>
        <Baseline points="731,1870 2651,1866"/>
        <TextEquiv conf="0.9972126290202141">
          <Unicode>nem) episcopum Fundanum confirmat. Gattulae Hist. Cas. p. 262, Migne 200 p. 882:</Unicode>
        </TextEquiv>
      </TextLine>
      <TextLine id="eSc_line_a122900f" custom="structure {type:default;}">
        <Coords points="729,1927 729,1949 2649,1943 2651,1923 2646,1892 726,1892 729,1927"/>
        <Baseline points="729,1927 2651,1923"/>
        <TextEquiv conf="0.985820890859116">
          <Unicode>„II. id. Sept.“; Tosti St. di Montec. II. 208: „XI. kal. Sept.“. — „Ea, quae iudicio“.</Unicode>
        </TextEquiv>
      </TextLine>
      <TextLine id="eSc_line_cf530ae5" custom="structure {type:default;}">
        <Coords points="680,1983 680,2007 2651,2000 2653,1976 2649,1947 678,1947 680,1983"/>
        <Baseline points="680,1983 2653,1976"/>
        <TextEquiv conf="0.9984154205724417">
          <Unicode>12162 (8174) H(enrico), Anglorum regi, reportatam de gente Hibernica victoriam gra-</Unicode>
        </TextEquiv>
      </TextLine>
      <TextLine id="eSc_line_68e6ee6c" custom="structure {type:default;}">
        <Coords points="163,1989 163,2016 338,2007 338,1983 333,1943 161,1938 163,1989"/>
        <Baseline points="163,1989 338,1983"/>
        <TextEquiv conf="0.9999971628189087">
          <Unicode>„ 20.</Unicode>
        </TextEquiv>
      </TextLine>
      <TextLine id="eSc_line_f892a42b" custom="structure {type:default;}">
        <Coords points="457,2002 452,2060 463,2069 466,2069 468,2069 470,2069 556,2067 561,2007 561,1934 459,1934 457,2002"/>
        <Baseline points="457,2002 561,2007"/>
        <TextEquiv conf="1.0">
          <Unicode>„</Unicode>
        </TextEquiv>
      </TextLine>
      <TextLine id="eSc_line_2e380a90" custom="structure {type:default;}">
        <Coords points="731,2038 731,2060 2651,2058 2653,2031 2649,2002 2012,1991 2010,1991 2008,1991 1961,2002 1422,1994 1420,1994 1365,2005 751,1996 748,1996 746,1996 744,1996 729,2002 731,2038"/>
        <Baseline points="731,2038 2653,2031"/>
        <TextEquiv conf="0.9937491567828988">
          <Unicode>tulatur. Monet, ut Hibernos ad veram fidem revocet. Haec addit: „Et quia Romana</Unicode>
        </TextEquiv>
      </TextLine>
      <TextLine id="eSc_line_3e4930a8" custom="structure {type:default;}">
        <Coords points="729,2091 729,2113 2651,2111 2653,2086 2649,2058 726,2058 729,2091"/>
        <Baseline points="729,2091 2653,2086"/>
        <TextEquiv conf="0.9928153032138024">
          <Unicode>eoclesia aliud ius habet in insula, quam in terra magna et continua, nos eam spem</Unicode>
        </TextEquiv>
      </TextLine>
      <TextLine id="eSc_line_5c97b6d9" custom="structure {type:default;}">
        <Coords points="731,2146 731,2168 2651,2170 2653,2146 2653,2115 731,2115 731,2146"/>
        <Baseline points="731,2146 2653,2146"/>
        <TextEquiv conf="0.9969585984945297">
          <Unicode>tenentes, quod iura ipsius ecclesiae non solum conservare velis, sed etiam ampliare,</Unicode>
        </TextEquiv>
      </TextLine>
      <TextLine id="eSc_line_ec057ac9" custom="structure {type:default;}">
        <Coords points="733,2199 733,2221 2653,2223 2655,2199 2655,2170 733,2168 733,2199"/>
        <Baseline points="733,2199 2655,2199"/>
        <TextEquiv conf="0.9984283389114752">
          <Unicode>et ubi nullum ius habet, id debeas sibi conferre, rogamus: ut in praescripta terra</Unicode>
        </TextEquiv>
      </TextLine>
      <TextLine id="eSc_line_7242b4c8" custom="structure {type:default;}">
        <Coords points="731,2259 731,2281 2651,2279 2653,2254 2649,2223 729,2217 731,2259"/>
        <Baseline points="731,2259 2653,2254"/>
        <TextEquiv conf="0.9992938709546284">
          <Unicode>iura beati Petri nobis studeas sollicite conservare, et si etiam ibi non habet, tua</Unicode>
        </TextEquiv>
      </TextLine>
      <TextLine id="eSc_line_2f7f4e16" custom="structure {type:default;}">
        <Coords points="731,2309 729,2334 2646,2343 2651,2314 2649,2276 731,2276 731,2309"/>
        <Baseline points="731,2309 2651,2314"/>
        <TextEquiv conf="0.9992096961998358">
          <Unicode>magnitudo eidem ecclesiae eadem iura constituat et assignet“. Rymer Foedera I. 45,</Unicode>
        </TextEquiv>
      </TextLine>
      <TextLine id="eSc_line_ad3f1b5d" custom="structure {type:default;}">
        <Coords points="731,2367 731,2389 2538,2398 2540,2367 2540,2334 731,2325 731,2367"/>
        <Baseline points="731,2367 2540,2367"/>
        <TextEquiv conf="0.9973572321134071">
          <Unicode>Liber munerum public. Hibern. IV. 54, Migne 200 p. 883. — „Celebri fama“.</Unicode>
        </TextEquiv>
      </TextLine>
      <TextLine id="eSc_line_c29990e1" custom="structure {type:default;}">
        <Coords points="682,2424 682,2446 2655,2440 2655,2418 2651,2387 2582,2373 2580,2373 2578,2373 2538,2387 2189,2387 2098,2373 2096,2373 1964,2387 1942,2389 1570,2389 1566,2387 1539,2376 1537,2376 1535,2376 1349,2387 1274,2391 1120,2391 1111,2387 1095,2378 1093,2378 1091,2378 680,2385 682,2424"/>
        <Baseline points="682,2424 2655,2418"/>
        <TextEquiv conf="0.9981886236755936">
          <Unicode>12163 (8175) Reges et principes Hiberniae hortatur, ut „fidelitatem, quam Henrico</Unicode>
        </TextEquiv>
      </TextLine>
      <TextLine id="eSc_line_c921aa3b" custom="structure {type:default;}">
        <Coords points="165,2426 165,2455 291,2449 335,2460 340,2422 335,2378 163,2378 165,2426"/>
        <Baseline points="165,2426 340,2422"/>
        <TextEquiv conf="0.9999991655349731">
          <Unicode>„ 20.</Unicode>
        </TextEquiv>
      </TextLine>
      <TextLine id="eSc_line_a0511150" custom="structure {type:default;}">
        <Coords points="461,2444 461,2513 563,2513 563,2444 563,2389 461,2385 461,2444"/>
        <Baseline points="461,2444 563,2444"/>
        <TextEquiv conf="0.9999192953109741">
          <Unicode>„</Unicode>
        </TextEquiv>
      </TextLine>
      <TextLine id="eSc_line_951c0b64" custom="structure {type:default;}">
        <Coords points="733,2479 733,2502 2649,2499 2651,2473 2646,2438 753,2438 751,2438 748,2438 746,2438 731,2444 733,2479"/>
        <Baseline points="733,2479 2651,2473"/>
        <TextEquiv conf="0.9941215544939042">
          <Unicode>Anglorum regi sub iuramenti religione fecerint, cum debita subiectione firmam et</Unicode>
        </TextEquiv>
      </TextLine>
      <TextLine id="eSc_line_acc4dfc8" custom="structure {type:default;}">
        <Coords points="733,2535 733,2557 2651,2557 2653,2530 2646,2497 731,2502 733,2535"/>
        <Baseline points="733,2535 2653,2530"/>
        <TextEquiv conf="0.999760467794877">
          <Unicode>inconcussam servare curent“. Rymer Foedera I. 45, Liber munerum public. Hibern.</Unicode>
        </TextEquiv>
      </TextLine>
      <TextLine id="eSc_line_1cd03c91" custom="structure {type:default;}">
        <Coords points="733,2585 733,2608 1961,2608 1961,2585 1961,2557 733,2557 733,2585"/>
        <Baseline points="733,2585 1961,2585"/>
        <TextEquiv conf="0.9886603672453698">
          <Unicode>IV. 54, Migne 200 p. 884. — „Ubi communi fama“.</Unicode>
        </TextEquiv>
      </TextLine>
      <TextLine id="eSc_line_6caa15f8" custom="structure {type:default;}">
        <Coords points="684,2645 684,2678 742,2667 2649,2672 2653,2638 2646,2599 682,2599 684,2645"/>
        <Baseline points="684,2645 2653,2638"/>
        <TextEquiv conf="0.9903169721364975">
          <Unicode>12164 (8176) Christiano, episcopo Lesmorensi, apostolicae sedis legato, et Gel(alio)</Unicode>
        </TextEquiv>
      </TextLine>
      <TextLine id="eSc_line_97e0bef4" custom="structure {type:default;}">
        <Coords points="163,2647 163,2725 335,2740 338,2647 338,2599 163,2599 163,2647"/>
        <Baseline points="163,2647 338,2647"/>
        <TextEquiv conf="0.9155518531799316">
          <Unicode>„ 90.</Unicode>
        </TextEquiv>
      </TextLine>
      <TextLine id="eSc_line_f9fb7b18" custom="structure {type:default;}">
        <Coords points="466,2663 468,2758 503,2747 561,2758 563,2663 558,2588 530,2599 517,2592 499,2585 497,2585 494,2585 492,2585 466,2599 466,2663"/>
        <Baseline points="466,2663 563,2663"/>
        <TextEquiv conf="0.999835729598999">
          <Unicode>„</Unicode>
        </TextEquiv>
      </TextLine>
      <TextLine id="eSc_line_7aeed05e" custom="structure {type:default;}">
        <Coords points="733,2700 733,2725 2649,2716 2651,2691 2644,2661 731,2667 733,2700"/>
        <Baseline points="733,2700 2651,2691"/>
        <TextEquiv conf="0.9904921363635235">
          <Unicode>Armachensi, Donato Cassiliensi, Lawr(entio) Dublinensi et Catholico Tuamensi archi-</Unicode>
        </TextEquiv>
      </TextLine>
      <TextLine id="eSc_line_6ab8bfbe" custom="structure {type:default;}">
        <Coords points="733,2753 733,2778 2649,2771 2651,2747 2644,2718 731,2722 733,2753"/>
        <Baseline points="733,2753 2651,2747"/>
        <TextEquiv conf="0.9855271396757681">
          <Unicode>episcopis et eorum suffraganeis mandat, ut Henrico Anglorum regi „ad manutenen-</Unicode>
        </TextEquiv>
      </TextLine>
      <TextLine id="eSc_line_d3763d78" custom="structure {type:default;}">
        <Coords points="733,2806 733,2833 2653,2833 2653,2806 2651,2775 733,2775 733,2806"/>
        <Baseline points="733,2806 2653,2806"/>
        <TextEquiv conf="0.9969328572223712">
          <Unicode>dam et conservandam terram Hibernicam et ad extirpandam inde tantae abhomina-</Unicode>
        </TextEquiv>
      </TextLine>
      <TextLine id="eSc_line_d88cf228" custom="structure {type:default;}">
        <Coords points="733,2862 733,2890 2651,2892 2653,2862 2653,2831 733,2824 733,2862"/>
        <Baseline points="733,2862 2653,2862"/>
        <TextEquiv conf="0.9917562617812046">
          <Unicode>tionis spurcitiam, quantum poterint, diligenter et viriliter assistant“. Rymer Foedera</Unicode>
        </TextEquiv>
      </TextLine>
      <TextLine id="eSc_line_a3337727" custom="structure {type:default;}">
        <Coords points="733,2919 733,2943 2653,2939 2655,2915 2651,2884 731,2881 733,2919"/>
        <Baseline points="733,2919 2655,2915"/>
        <TextEquiv conf="0.9950396999716759">
          <Unicode>I. 45, Liber munerum public. Hibern. IV. 54, Migne 200 p. 885. — „Quantis vitio-</Unicode>
        </TextEquiv>
      </TextLine>
      <TextLine id="eSc_line_587747c3" custom="structure {type:default;}">
        <Coords points="733,2972 733,2994 1193,2998 1195,2972 1193,2930 733,2937 733,2972"/>
        <Baseline points="733,2972 1195,2972"/>
        <TextEquiv conf="0.9826499694272092">
          <Unicode>rum enormitatibus“.</Unicode>
        </TextEquiv>
      </TextLine>
      <TextLine id="eSc_line_c7f8a868" custom="structure {type:default;}">
        <Coords points="128,3018 125,3054 148,3065 150,3065 152,3065 249,3056 267,3069 269,3069 271,3069 273,3069 342,3056 344,3025 344,2987 128,2974 128,3018"/>
        <Baseline points="128,3018 344,3025"/>
        <TextEquiv conf="0.9610681757330894">
          <Unicode>Oct. 10.</Unicode>
        </TextEquiv>
      </TextLine>
      <TextLine id="eSc_line_36e8c671" custom="structure {type:default;}">
        <Coords points="684,3025 682,3045 2649,3056 2653,3029 2651,2992 684,2983 684,3025"/>
        <Baseline points="684,3025 2653,3029"/>
        <TextEquiv conf="0.9998034349194279">
          <Unicode>12165 (8177) Ecclesiam Patavinam tuendam suscipit, canonicorumque bona confirmat,</Unicode>
        </TextEquiv>
      </TextLine>
      <TextLine id="eSc_line_64b32c56" custom="structure {type:default;}">
        <Coords points="468,3047 468,3074 505,3080 508,3080 510,3080 512,3080 512,3078 514,3078 525,3065 530,3058 554,3058 558,3043 547,2979 530,2990 463,2985 468,3047"/>
        <Baseline points="468,3047 558,3043"/>
        <TextEquiv conf="1.0">
          <Unicode>„</Unicode>
        </TextEquiv>
      </TextLine>
      <TextLine id="eSc_line_e97ac8d9" custom="structure {type:default;}">
        <Coords points="735,3080 735,3107 2651,3104 2653,3085 2651,3051 735,3047 735,3080"/>
        <Baseline points="735,3080 2653,3085"/>
        <TextEquiv conf="0.9999109064831453">
          <Unicode>petente Wilfredo archipresbytero. Orsato Hist. di Pad. p. 333, Gloria Cod. dipl. Pad.</Unicode>
        </TextEquiv>
      </TextLine>
      <TextLine id="eSc_line_96b0ef03" custom="structure {type:default;}">
        <Coords points="735,3138 735,3157 1866,3162 1869,3138 1866,3093 735,3100 735,3138"/>
        <Baseline points="735,3138 1869,3138"/>
        <TextEquiv conf="0.9934731112874072">
          <Unicode>II. 261, Migne 200 p. 886. — „Ideo nobis est“.</Unicode>
        </TextEquiv>
      </TextLine>
      <TextLine id="eSc_line_0f0029b5" custom="structure {type:default;}">
        <Coords points="165,3191 163,3215 340,3219 344,3195 344,3142 165,3142 165,3191"/>
        <Baseline points="165,3191 344,3195"/>
        <TextEquiv conf="0.9988073348999024">
          <Unicode>„ 18.</Unicode>
        </TextEquiv>
      </TextLine>
      <TextLine id="eSc_line_6dec2498" custom="structure {type:default;}">
        <Coords points="687,3193 687,3215 2653,3210 2653,3188 2649,3155 684,3153 687,3193"/>
        <Baseline points="687,3193 2653,3188"/>
        <TextEquiv conf="0.9946615934371948">
          <Unicode>12166 Monasterii S. Iustinae et S. Prosdocimi Patavini protectionem suscipit, posses-</Unicode>
        </TextEquiv>
      </TextLine>
      <TextLine id="eSc_line_5bc54676" custom="structure {type:default;}">
        <Coords points="468,3210 468,3274 558,3277 561,3210 561,3153 468,3153 468,3210"/>
        <Baseline points="468,3210 561,3210"/>
        <TextEquiv conf="0.9999980926513672">
          <Unicode>„</Unicode>
        </TextEquiv>
      </TextLine>
      <TextLine id="eSc_line_d2ff0ed4" custom="structure {type:default;}">
        <Coords points="735,3246 735,3270 2646,3272 2651,3241 2646,3213 733,3213 735,3246"/>
        <Baseline points="735,3246 2651,3241"/>
        <TextEquiv conf="0.9999026421989713">
          <Unicode>sionesque et privilegia confirmat. Dominico abbati eiusque successoribus, interventu</Unicode>
        </TextEquiv>
      </TextLine>
      <TextLine id="eSc_line_cd163189" custom="structure {type:default;}">
        <Coords points="735,3294 733,3325 2646,3327 2651,3301 2649,3270 735,3263 735,3294"/>
        <Baseline points="735,3294 2651,3301"/>
        <TextEquiv conf="0.9977635697620671">
          <Unicode>G(erardi) episcopi Patavini, usum mitrae concedit. Gloria Cod. dipl. Pad. II. 263.</Unicode>
        </TextEquiv>
      </TextLine>
      <TextLine id="eSc_line_21112903" custom="structure {type:default;}">
        <Coords points="735,3352 735,3372 808,3372 819,3380 819,3383 821,3383 824,3383 826,3385 1018,3385 1018,3383 1020,3383 1047,3372 1208,3383 1210,3383 1212,3383 1254,3369 1254,3352 1254,3323 735,3316 735,3352"/>
        <Baseline points="735,3352 1254,3352"/>
        <TextEquiv conf="0.999910865511213">
          <Unicode>— „Quotiens illud a“.</Unicode>
        </TextEquiv>
      </TextLine>
      <TextLine id="eSc_line_a5611b7d" custom="structure {type:default;}">
        <Coords points="130,3407 130,3447 190,3447 196,3449 236,3469 238,3469 240,3469 346,3456 346,3407 346,3365 130,3365 130,3407"/>
        <Baseline points="130,3407 346,3407"/>
        <TextEquiv conf="0.9927448204585484">
          <Unicode>Rov. S.</Unicode>
        </TextEquiv>
      </TextLine>
      <TextLine id="eSc_line_ce5d0c84" custom="structure {type:default;}">
        <Coords points="689,3411 689,3449 768,3433 859,3445 861,3445 1018,3433 1082,3447 1091,3447 1093,3447 1095,3447 1100,3447 1129,3436 1270,3445 1327,3447 1330,3447 1376,3442 1475,3433 1564,3440 1634,3447 1637,3447 1913,3438 2107,3431 2121,3436 2145,3445 2147,3445 2149,3445 2516,3433 2582,3442 2585,3442 2653,3429 2655,3407 2651,3374 687,3367 689,3411"/>
        <Baseline points="689,3411 2655,3407"/>
        <TextEquiv conf="0.9890731551561011">
          <Unicode>12167 (8178) Hugoni, Burgundiae duci, permittit, ut in fundo apud Divionem b. Petro</Unicode>
        </TextEquiv>
      </TextLine>
      <TextLine id="eSc_line_8b2a5b70" custom="structure {type:default;}">
        <Coords points="457,3427 461,3557 565,3562 563,3422 558,3376 452,3369 457,3427"/>
        <Baseline points="457,3427 563,3422"/>
        <TextEquiv conf="0.9999918937683105">
          <Unicode>„</Unicode>
        </TextEquiv>
      </TextLine>
      <TextLine id="eSc_line_fc53b26d" custom="structure {type:default;}">
        <Coords points="737,3464 737,3486 2649,3489 2651,3464 2651,3433 737,3433 737,3464"/>
        <Baseline points="737,3464 2651,3464"/>
        <TextEquiv conf="0.9987595971528586">
          <Unicode>oblato ecclesiam condat. Miraei Opp. dipl. I. 708, Bouquet Rec. XV. 927, Mém.</Unicode>
        </TextEquiv>
      </TextLine>
      <TextLine id="eSc_line_c4ba00a5" custom="structure {type:default;}">
        <Coords points="737,3517 737,3573 908,3566 919,3573 930,3581 932,3581 934,3581 998,3586 1000,3586 1003,3586 1053,3573 1078,3566 1102,3573 1153,3586 1155,3586 1157,3588 1237,3588 1237,3586 1239,3586 1241,3586 1261,3570 1270,3566 1321,3566 1334,3570 1372,3586 1374,3586 1376,3588 1597,3588 1597,3586 1599,3586 1601,3586 1615,3575 1681,3586 1683,3586 1685,3586 1723,3573 1820,3586 1822,3586 1913,3568 1926,3566 1933,3568 1964,3581 1966,3581 1968,3581 1970,3581 2003,3568 2008,3566 2158,3566 2211,3566 2220,3566 2246,3584 2249,3584 2251,3584 2253,3584 2255,3584 2288,3566 2315,3586 2317,3586 2319,3586 2322,3588 2408,3588 2408,3586 2463,3575 2571,3584 2573,3584 2576,3584 2649,3564 2649,3517 2649,3486 737,3478 737,3517"/>
        <Baseline points="737,3517 2649,3517"/>
        <TextEquiv conf="0.9825413808226585">
          <Unicode>de la comm. de la Cote dOr. VI. 167. Migne 300 p. S8S. — „Petitionibus nobilium“</Unicode>
        </TextEquiv>
      </TextLine>
    </TextRegion>
    <TextRegion id="eSc_textblock_877e3ea4"  custom="structure {type:default;}">
      <Coords points="932,150 1763,150 1851,159 1860,236 1842,262 901,262 883,167 932,150"/>
      <TextLine id="eSc_line_672020ca" custom="structure {type:default;}">
        <Coords points="908,227 908,249 1831,247 1833,220 1829,172 1738,172 1725,159 1723,159 1721,159 1718,159 1469,172 1133,163 1131,163 1129,163 1091,174 1073,163 1071,163 1069,163 932,163 930,163 927,163 925,163 905,174 908,227"/>
        <Baseline points="908,227 1833,220"/>
        <TextEquiv conf="0.9997109079360962">
          <Unicode>ALEXANDER III. 1159—1181.</Unicode>
        </TextEquiv>
      </TextLine>
    </TextRegion>
    <TextRegion id="eSc_textblock_b586bfce"  custom="structure {type:default;}">
      <Coords points="2527,159 2680,167 2688,236 2523,262 2496,176 2527,159"/>
      <TextLine id="eSc_line_7937ce3d" custom="structure {type:default;}">
        <Coords points="2626,163 2609,174 2573,170 2536,165 2534,165 2531,165 2529,165 2516,172 2520,229 2520,253 2576,265 2578,265 2642,249 2642,225 2631,163 2626,163"/>
        <Baseline points="2520,229 2642,225"/>
        <TextEquiv conf="0.9999999602635702">
          <Unicode>261</Unicode>
        </TextEquiv>
      </TextLine>
    </TextRegion>
    <TextRegion id="eSc_textblock_a286e217"  custom="structure {type:default;}">
      <Coords points="2704,353 2706,377 2699,377 2699,353 2704,353"/>
    </TextRegion>
  </Page>
</PcGts>
