<?xml version="1.0" encoding="UTF-8"  standalone="yes"?>
<PcGts xmlns="http://schema.primaresearch.org/PAGE/gts/pagecontent/2019-07-15" xmlns:xsi="http://www.w3.org/2001/XMLSchema-instance" xsi:schemaLocation="http://schema.primaresearch.org/PAGE/gts/pagecontent/2019-07-15 http://schema.primaresearch.org/PAGE/gts/pagecontent/2019-07-15/pagecontent.xsd">
  <Metadata>
	<Creator>escriptorium</Creator>
	<Created>2024-07-19T10:09:50.136401+00:00</Created>
        <LastChange>2024-08-08T08:37:22.393943+00:00</LastChange>
  </Metadata>
  <Page imageFilename="0276.png" imageWidth="3007" imageHeight="3975">
    <TextRegion id="eSc_textblock_0baa2cf4"  custom="structure {type:default;}">
      <Coords points="773,318 2688,326 2662,3548 671,3575 360,3539 150,3557 106,3531 88,1210 132,1172 106,1157 141,1128 141,989 212,960 238,547 273,492 238,371 342,353 368,1210 406,839 424,874 475,865 512,810 556,547 609,432 636,589 653,335 773,318"/>
      <TextLine id="eSc_line_32c8593a" custom="structure {type:default;}">
        <Coords points="731,322 711,324 704,329 695,326 687,329 665,333 662,322 642,320 645,386 645,415 660,424 662,424 665,424 667,424 669,424 715,412 724,410 733,412 782,421 784,421 835,412 883,406 961,415 963,377 958,333 905,322 903,322 852,329 775,337 751,324 744,320 731,322"/>
        <Baseline points="645,386 963,377"/>
        <TextEquiv conf="0.964003942229531">
          <Unicode>1171— 1178.</Unicode>
        </TextEquiv>
      </TextLine>
      <TextLine id="eSc_line_8dcd0402" custom="structure {type:default;}">
        <Coords points="729,446 729,468 2642,470 2644,446 2642,395 729,399 729,446"/>
        <Baseline points="729,446 2644,446"/>
        <TextEquiv conf="0.99684083246323">
          <Unicode>ut in ecclesia de Villa-nemoris baptismus fiat, confirmat. Gloria Cod. dipl. Padov.</Unicode>
        </TextEquiv>
      </TextLine>
      <TextLine id="eSc_line_05bd21d9" custom="structure {type:default;}">
        <Coords points="726,501 726,523 1592,516 1595,494 1588,463 724,468 726,501"/>
        <Baseline points="726,501 1595,494"/>
        <TextEquiv conf="0.9964541039968792">
          <Unicode>II. 264. — „Intelleximus ex litteris“.</Unicode>
        </TextEquiv>
      </TextLine>
      <TextLine id="eSc_line_03ad7c15" custom="structure {type:default;}">
        <Coords points="678,554 678,580 2644,580 2644,549 2638,510 676,518 678,554"/>
        <Baseline points="678,554 2644,549"/>
        <TextEquiv conf="0.9921350906876957">
          <Unicode>12180 (8187. 8987) B(artholomaeo), episcopo Exoniensi, respondet, quibus poenitentiis</Unicode>
        </TextEquiv>
      </TextLine>
      <TextLine id="eSc_line_293f8f4e" custom="structure {type:default;}">
        <Coords points="729,613 729,636 2640,627 2642,605 2638,574 2196,563 2193,563 2191,563 2163,574 2158,576 726,576 729,613"/>
        <Baseline points="729,613 2642,605"/>
        <TextEquiv conf="0.9997815673733935">
          <Unicode>afficiendi sint „illi, qui animo occidendi Thomam, quondam archiepiscopum Cantua-</Unicode>
        </TextEquiv>
      </TextLine>
      <TextLine id="eSc_line_25df944a" custom="structure {type:default;}">
        <Coords points="729,664 729,695 2642,684 2644,660 2640,631 726,627 729,664"/>
        <Baseline points="729,664 2644,660"/>
        <TextEquiv conf="0.9971606447583153">
          <Unicode>riensem, aut feriendi, aut capiendi, citra vel circa manuum iniectionem se fateantur</Unicode>
        </TextEquiv>
      </TextLine>
      <TextLine id="eSc_line_238fe048" custom="structure {type:default;}">
        <Coords points="731,722 731,744 2640,746 2644,715 2638,684 729,689 731,722"/>
        <Baseline points="731,722 2644,715"/>
        <TextEquiv conf="0.9890900268612137">
          <Unicode>venisse, illi, qui se asserant animum regis inflammasse ad odium, unde forte fuerit</Unicode>
        </TextEquiv>
      </TextLine>
      <TextLine id="eSc_line_7a7aac82" custom="structure {type:default;}">
        <Coords points="726,775 726,799 2642,795 2644,768 2638,739 724,744 726,775"/>
        <Baseline points="726,775 2644,768"/>
        <TextEquiv conf="0.9971197490338926">
          <Unicode>homicidium subsecutum, ii, qui se dicant illius sancti viri et suorum post mortem</Unicode>
        </TextEquiv>
      </TextLine>
      <TextLine id="eSc_line_bad5297b" custom="structure {type:default;}">
        <Coords points="726,830 726,865 2642,850 2644,821 2638,792 724,799 726,830"/>
        <Baseline points="726,830 2644,821"/>
        <TextEquiv conf="0.9978679818351094">
          <Unicode>eius occupasse spolia, illi, qui sola excommunicatorum participatione se reos esse</Unicode>
        </TextEquiv>
      </TextLine>
      <TextLine id="eSc_line_a2cd5354" custom="structure {type:default;}">
        <Coords points="729,885 729,909 2640,912 2644,881 2638,848 726,848 729,885"/>
        <Baseline points="729,885 2644,881"/>
        <TextEquiv conf="0.9994315922945395">
          <Unicode>cognoscant, clerici, quos constet armatos interfuisse tanto facinori, illi clerici, qui</Unicode>
        </TextEquiv>
      </TextLine>
      <TextLine id="eSc_line_35e84a29" custom="structure {type:default;}">
        <Coords points="729,940 729,962 2642,967 2646,936 2640,905 726,905 729,940"/>
        <Baseline points="729,940 2646,936"/>
        <TextEquiv conf="0.9911420273256826">
          <Unicode>consilium illud dederint, ut vir sanctus caperetur“. Scribit, si scolares vel clerici infra</Unicode>
        </TextEquiv>
      </TextLine>
      <TextLine id="eSc_line_9f4bef8f" custom="structure {type:default;}">
        <Coords points="726,995 726,1024 2642,1020 2644,991 2638,962 724,965 726,995"/>
        <Baseline points="726,995 2644,991"/>
        <TextEquiv conf="0.9998595838139697">
          <Unicode>puberes annos sese invicem aut unus alium percusserit, eos non esse ad apostolicam</Unicode>
        </TextEquiv>
      </TextLine>
      <TextLine id="eSc_line_97560ef3" custom="structure {type:default;}">
        <Coords points="726,1051 726,1082 1683,1082 1683,1079 1699,1079 1869,1068 2640,1077 2644,1046 2638,1015 724,1018 726,1051"/>
        <Baseline points="726,1051 2644,1046"/>
        <TextEquiv conf="0.999412266981034">
          <Unicode>sedem mittendos“. Addit de monachis, canonicis regularibus, ostiariis, officialibus.</Unicode>
        </TextEquiv>
      </TextLine>
      <TextLine id="eSc_line_cdc03cae" custom="structure {type:default;}">
        <Coords points="724,1101 722,1121 2638,1135 2642,1106 2640,1073 2573,1060 2417,1060 2414,1060 2412,1060 2410,1060 2392,1071 2390,1071 2379,1071 1972,1060 1970,1060 1919,1071 1915,1071 1911,1071 1873,1060 1871,1060 1869,1060 1866,1060 1864,1060 1849,1071 1847,1073 1692,1073 1581,1071 1581,1068 1566,1057 1564,1057 1562,1057 1559,1057 1509,1068 1482,1057 1480,1057 1478,1057 1427,1068 1425,1068 1363,1057 1360,1057 1303,1068 1301,1068 1299,1068 1265,1057 1263,1057 1261,1057 1259,1057 1221,1068 1219,1071 974,1071 972,1068 958,1057 956,1057 954,1057 952,1057 950,1057 921,1068 916,1068 724,1068 724,1101"/>
        <Baseline points="724,1101 2642,1106"/>
        <TextEquiv conf="0.9935825224532637">
          <Unicode>Gilberti Foliot epist. ed. Giles II. 80, App. conc. Lat. XIV. 1. 7. 8. 9. 10, XXXV. 1,</Unicode>
        </TextEquiv>
      </TextLine>
      <TextLine id="eSc_line_956d1903" custom="structure {type:default;}">
        <Coords points="726,1161 726,1181 2642,1185 2644,1161 2644,1126 726,1126 726,1161"/>
        <Baseline points="726,1161 2644,1161"/>
        <TextEquiv conf="0.9996132901528987">
          <Unicode>Coll. Lips. VII. 1. 9. 10. 11, X. 1, Coll. Cass. XIX. 1. 9. 10. 11, LXIV. 5, Coll.</Unicode>
        </TextEquiv>
      </TextLine>
      <TextLine id="eSc_line_29d69746" custom="structure {type:default;}">
        <Coords points="731,1216 731,1238 2640,1241 2644,1212 2640,1181 729,1179 731,1216"/>
        <Baseline points="731,1216 2644,1212"/>
        <TextEquiv conf="0.9970953648998624">
          <Unicode>Bamb. VII. 1. 7. 8. 9, X. 1, Comp. I. I. 5. t. 10. c. 7, I. 5. t. 34. c. 2. 3. 4. 5,</Unicode>
        </TextEquiv>
      </TextLine>
      <TextLine id="eSc_line_ede6dcbb" custom="structure {type:default;}">
        <Coords points="729,1269 729,1294 2640,1298 2644,1263 2640,1234 2006,1223 2003,1223 2001,1223 1957,1234 1955,1234 1926,1234 1367,1225 1365,1225 1363,1225 1338,1236 1336,1238 726,1238 729,1269"/>
        <Baseline points="729,1269 2644,1263"/>
        <TextEquiv conf="0.9932727659449858">
          <Unicode>Decr. Greg. L. V. t. 12. c. 6, L. V. t. 39. c. 1. 2. 3. 4, Migne 200 p. 894. — „Sicut</Unicode>
        </TextEquiv>
      </TextLine>
      <TextLine id="eSc_line_2e4dc1bd" custom="structure {type:default;}">
        <Coords points="726,1325 726,1360 2646,1355 2646,1325 2646,1294 726,1294 726,1325"/>
        <Baseline points="726,1325 2646,1325"/>
        <TextEquiv conf="0.9938565833227975">
          <Unicode>dignum est“ „Super eo vero quod“ „Monachi vero et“ „Si vero aliquis“ „Si vero</Unicode>
        </TextEquiv>
      </TextLine>
      <TextLine id="eSc_line_5f2f2285" custom="structure {type:default;}">
        <Coords points="726,1382 726,1411 1303,1411 1305,1378 1301,1347 1022,1336 1020,1336 965,1347 766,1338 764,1338 762,1338 724,1349 726,1382"/>
        <Baseline points="726,1382 1305,1378"/>
        <TextEquiv conf="0.9877260128657023">
          <Unicode>alicuius“ „Officialis pro“.</Unicode>
        </TextEquiv>
      </TextLine>
      <TextLine id="eSc_line_383d3827" custom="structure {type:default;}">
        <Coords points="647,1464 647,1479 974,1477 976,1457 969,1400 645,1400 647,1464"/>
        <Baseline points="647,1464 976,1457"/>
        <TextEquiv conf="0.9997681975364685">
          <Unicode>1172—1173.</Unicode>
        </TextEquiv>
      </TextLine>
      <TextLine id="eSc_line_95d235c3" custom="structure {type:default;}">
        <Coords points="123,1517 123,1539 194,1559 196,1559 198,1559 201,1559 203,1559 203,1556 220,1541 298,1556 300,1556 302,1556 346,1534 346,1512 342,1464 121,1461 123,1517"/>
        <Baseline points="123,1517 346,1512"/>
        <TextEquiv conf="0.9998188018798828">
          <Unicode>lan. 18.</Unicode>
        </TextEquiv>
      </TextLine>
      <TextLine id="eSc_line_a8421ccc" custom="structure {type:default;}">
        <Coords points="377,1512 375,1550 497,1572 499,1572 616,1554 618,1517 616,1448 517,1459 490,1457 455,1424 448,1419 448,1417 446,1417 444,1417 377,1415 377,1512"/>
        <Baseline points="377,1512 618,1517"/>
        <TextEquiv conf="0.9043338696161906">
          <Unicode>Tureolani</Unicode>
        </TextEquiv>
      </TextLine>
      <TextLine id="eSc_line_15ff2499" custom="structure {type:default;}">
        <Coords points="678,1514 676,1534 2638,1545 2642,1519 2640,1470 2525,1470 2525,1468 2489,1453 2487,1453 2311,1453 2308,1453 2242,1466 2103,1453 2101,1453 2098,1453 2065,1468 2043,1453 2041,1453 2039,1453 1763,1453 1760,1453 1758,1453 1712,1468 1705,1468 1692,1468 1573,1450 1455,1450 1453,1450 1451,1450 1414,1464 1332,1450 1330,1450 1327,1450 1274,1466 1272,1468 1162,1468 1159,1466 1124,1453 1122,1453 1120,1453 1117,1453 1115,1453 1095,1466 1091,1466 1020,1453 1018,1453 1016,1453 969,1466 965,1466 678,1466 678,1514"/>
        <Baseline points="678,1514 2642,1519"/>
        <TextEquiv conf="0.9830967894306889">
          <Unicode>12181 (8188) Episcopo Urgellensi mandat, cogat Raymundum de Mirarall presbyterum.</Unicode>
        </TextEquiv>
      </TextLine>
      <TextLine id="eSc_line_616ad236" custom="structure {type:default;}">
        <Coords points="731,1574 731,1594 2640,1590 2642,1570 2638,1539 1699,1528 1696,1528 1694,1528 1692,1528 1679,1539 802,1530 799,1530 729,1541 731,1574"/>
        <Baseline points="731,1574 2642,1570"/>
        <TextEquiv conf="0.9982690937378828">
          <Unicode>qui fratrum Populetensium „grangiam fregerit et inde primicias violenter extraxerit“.</Unicode>
        </TextEquiv>
      </TextLine>
      <TextLine id="eSc_line_8d5b7030" custom="structure {type:default;}">
        <Coords points="731,1629 731,1649 846,1660 848,1660 956,1651 985,1649 996,1651 1031,1660 1034,1660 1036,1660 1281,1651 1449,1647 1486,1654 1520,1658 1522,1658 1524,1658 1526,1658 1533,1654 1544,1647 1562,1654 1575,1658 1577,1658 1579,1660 1774,1660 1774,1658 1776,1658 1794,1654 1820,1647 1844,1654 1858,1658 1860,1658 1862,1658 1986,1654 2286,1645 2452,1656 2461,1656 2463,1656 2465,1656 2467,1656 2485,1645 2642,1656 2646,1623 2642,1592 2079,1581 2076,1581 2006,1592 2001,1592 1966,1592 1400,1583 1398,1583 1396,1583 1365,1594 1360,1596 729,1596 731,1629"/>
        <Baseline points="731,1629 2646,1623"/>
        <TextEquiv conf="0.9913624606014769">
          <Unicode>ut damna monachis illata sarciat, abreptaque restituat. Finestres Hist. de Poblet</Unicode>
        </TextEquiv>
      </TextLine>
      <TextLine id="eSc_line_22e3689b" custom="structure {type:default;}">
        <Coords points="726,1682 726,1700 1177,1709 1179,1709 1182,1709 1184,1709 1197,1698 1212,1709 1215,1709 1217,1709 1219,1709 1469,1693 1471,1676 1467,1638 751,1638 748,1638 746,1638 724,1647 726,1682"/>
        <Baseline points="726,1682 1471,1676"/>
        <TextEquiv conf="0.9997009073986727">
          <Unicode>II. 427. — „Dilecti filii nostri“.</Unicode>
        </TextEquiv>
      </TextLine>
      <TextLine id="eSc_line_26c09b74" custom="structure {type:default;}">
        <Coords points="161,1740 161,1839 216,1839 216,1837 218,1837 220,1837 231,1828 265,1806 331,1815 333,1740 333,1700 258,1687 256,1687 254,1687 251,1687 234,1700 227,1704 161,1702 161,1740"/>
        <Baseline points="161,1740 333,1740"/>
        <TextEquiv conf="0.9984790086746216">
          <Unicode>„29.</Unicode>
        </TextEquiv>
      </TextLine>
      <TextLine id="eSc_line_03403eb5" custom="structure {type:default;}">
        <Coords points="452,1751 448,1806 450,1808 452,1808 452,1810 455,1810 457,1810 459,1810 547,1808 552,1755 547,1718 452,1718 452,1751"/>
        <Baseline points="452,1751 552,1755"/>
        <TextEquiv conf="0.9999864101409912">
          <Unicode>„</Unicode>
        </TextEquiv>
      </TextLine>
      <TextLine id="eSc_line_9e08553c" custom="structure {type:default;}">
        <Coords points="680,1735 680,1762 2644,1762 2646,1731 2640,1698 2244,1698 2231,1698 2160,1684 2158,1684 2156,1684 2154,1684 2138,1698 2134,1700 1844,1700 1840,1698 1816,1684 1813,1684 1663,1684 1661,1684 1444,1687 1442,1687 1440,1687 1427,1698 1425,1698 1416,1698 1367,1687 1365,1687 1363,1687 1360,1687 1345,1698 1338,1700 1265,1698 1075,1687 1073,1687 678,1696 680,1735"/>
        <Baseline points="680,1735 2646,1731"/>
        <TextEquiv conf="0.9921037079322905">
          <Unicode>12182 (8189) W(illelmo), archiepiscopo Tarraconensi, et eius suffraganeis mandat, ut</Unicode>
        </TextEquiv>
      </TextLine>
      <TextLine id="eSc_line_c0c8d938" custom="structure {type:default;}">
        <Coords points="731,1793 731,1815 1126,1826 1129,1826 1131,1826 1155,1817 1164,1815 1179,1817 1215,1824 1217,1824 1358,1817 1497,1813 1517,1819 1533,1824 1535,1824 1537,1824 1599,1819 1679,1813 1774,1819 1836,1824 1838,1824 1955,1819 2227,1810 2242,1821 2244,1821 2246,1821 2249,1824 2425,1824 2425,1821 2428,1821 2448,1810 2463,1821 2465,1821 2467,1821 2470,1824 2644,1824 2646,1786 2642,1757 729,1757 731,1793"/>
        <Baseline points="731,1793 2646,1786"/>
        <TextEquiv conf="0.995978468581091">
          <Unicode>Hugonem abbatem et fratres monasterii Populetensis tueantur. Finestres Hist. de</Unicode>
        </TextEquiv>
      </TextLine>
      <TextLine id="eSc_line_d4fc5069" custom="structure {type:default;}">
        <Coords points="731,1846 731,1863 1071,1874 1073,1874 1075,1874 1078,1874 1078,1872 1089,1863 1164,1863 1199,1874 1201,1874 1204,1874 1270,1861 1279,1861 1292,1861 1389,1872 1391,1872 1394,1872 1425,1861 1427,1861 1429,1861 1464,1872 1467,1872 1469,1872 1681,1859 1683,1841 1676,1810 729,1813 731,1846"/>
        <Baseline points="731,1846 1683,1841"/>
        <TextEquiv conf="0.9861540840222285">
          <Unicode>Poblet II. 426. — „Ad bonae opinionis“.</Unicode>
        </TextEquiv>
      </TextLine>
      <TextLine id="eSc_line_88e6a652" custom="structure {type:default;}">
        <Coords points="680,1903 680,1925 2644,1921 2646,1899 2640,1861 678,1863 680,1903"/>
        <Baseline points="680,1903 2646,1899"/>
        <TextEquiv conf="0.9976560757603756">
          <Unicode>12183 (8190) (Willelmo) episcopo Carnotensi respondet de presbytero, qui „cum alterius</Unicode>
        </TextEquiv>
      </TextLine>
      <TextLine id="eSc_line_19c3aab4" custom="structure {type:default;}">
        <Coords points="726,1954 724,1972 746,1985 748,1985 751,1985 2640,1978 2642,1958 2640,1927 726,1923 726,1954"/>
        <Baseline points="726,1954 2642,1958"/>
        <TextEquiv conf="0.9939883794726395">
          <Unicode>coniuge infra ecclesiam frequenter dormierit“. (Ex registri libro XIV.) App. conc.</Unicode>
        </TextEquiv>
      </TextLine>
      <TextLine id="eSc_line_8f393059" custom="structure {type:default;}">
        <Coords points="729,2011 729,2031 2642,2042 2644,2011 2644,1983 729,1983 729,2011"/>
        <Baseline points="729,2011 2644,2011"/>
        <TextEquiv conf="0.9892405725660778">
          <Unicode>Lat. L. 21, Coll. Cass. XXI. 7, Comp. I. I. 5. t. 13. c. 6, Decr. Greg. L. V. t. 17.</Unicode>
        </TextEquiv>
      </TextLine>
      <TextLine id="eSc_line_43c3e93d" custom="structure {type:default;}">
        <Coords points="726,2067 726,2084 1146,2097 1148,2097 1210,2082 1215,2082 1217,2082 1241,2095 1243,2095 1246,2097 1349,2097 1349,2095 1352,2095 1354,2095 1354,2093 1365,2084 1380,2095 1383,2095 1385,2095 1387,2097 1570,2097 1570,2095 1573,2095 1623,2080 1623,2062 1619,2029 797,2022 795,2022 724,2033 726,2067"/>
        <Baseline points="726,2067 1623,2062"/>
        <TextEquiv conf="0.9992553089794359">
          <Unicode>c. 5. — „Significasti nobis, quemdam“.</Unicode>
        </TextEquiv>
      </TextLine>
      <TextLine id="eSc_line_e10b2f5b" custom="structure {type:default;}">
        <Coords points="680,2124 680,2157 753,2146 1113,2155 1184,2155 1186,2155 1224,2153 1365,2144 1710,2148 1986,2153 1988,2153 2644,2139 2646,2117 2642,2084 1670,2067 1668,2067 1665,2067 1646,2075 1628,2084 1502,2075 1460,2073 1458,2073 1455,2073 1453,2073 1451,2075 1436,2084 1235,2075 1232,2075 1230,2075 1228,2075 1210,2089 1100,2089 1069,2075 1067,2075 1064,2075 1003,2086 678,2071 680,2124"/>
        <Baseline points="680,2124 2646,2117"/>
        <TextEquiv conf="0.9861434910489225">
          <Unicode>12184 (8191) Episcopi Vidrosiensis Gleg. Nidrosiensis), apostolicae sedis legati, quae-</Unicode>
        </TextEquiv>
      </TextLine>
      <TextLine id="eSc_line_ae575fd4" custom="structure {type:default;}">
        <Coords points="726,2179 726,2197 1084,2208 1087,2208 1175,2199 1217,2197 1230,2201 1254,2208 1257,2208 1259,2208 1305,2201 1332,2197 1360,2201 1407,2208 1409,2208 1478,2201 1528,2197 1542,2201 1557,2208 1559,2208 1562,2208 1604,2201 1639,2197 1659,2201 1679,2208 1681,2208 1683,2208 1729,2203 1794,2195 1847,2203 1866,2206 1869,2206 1893,2203 1959,2195 1988,2203 1995,2206 1997,2206 1999,2208 2487,2208 2487,2206 2489,2206 2516,2195 2638,2206 2642,2175 2638,2146 1683,2135 1681,2135 1679,2135 1641,2146 764,2137 762,2137 760,2137 724,2148 726,2179"/>
        <Baseline points="726,2179 2642,2175"/>
        <TextEquiv conf="0.9937241032719613">
          <Unicode>stionibus respondet. (Ex registri libro XIV.) App. conc. Lat. L. 22, Coll. Cass.</Unicode>
        </TextEquiv>
      </TextLine>
      <TextLine id="eSc_line_e357472a" custom="structure {type:default;}">
        <Coords points="726,2230 724,2254 2638,2263 2642,2234 2640,2201 726,2188 726,2230"/>
        <Baseline points="726,2230 2642,2234"/>
        <TextEquiv conf="0.9956590827931179">
          <Unicode>LVIII. 36, Comp. I. I. 5. t. 36. c. 9, I. 4. t. 20. c. 2, Decr. Greg. L. IV. t. 19. c. 2,</Unicode>
        </TextEquiv>
      </TextLine>
      <TextLine id="eSc_line_2419fad8" custom="structure {type:default;}">
        <Coords points="726,2290 726,2305 773,2318 775,2318 777,2318 779,2318 782,2318 782,2316 795,2305 874,2305 877,2305 899,2318 901,2318 903,2318 905,2318 908,2318 934,2305 967,2318 969,2318 972,2318 974,2318 1011,2303 1014,2303 1034,2316 1036,2316 1038,2316 1040,2316 1042,2316 1075,2303 1078,2303 1080,2303 1142,2316 1144,2316 1146,2316 1148,2316 1168,2303 1170,2303 1173,2303 1462,2314 1464,2314 1467,2314 1500,2298 1502,2298 1511,2298 1590,2312 1592,2312 1716,2296 1718,2281 1714,2250 724,2248 726,2290"/>
        <Baseline points="726,2290 1718,2281"/>
        <TextEquiv conf="0.9814092176301139">
          <Unicode>L. V. t. 40. c. 14. — „Quaesivit a nobis“.</Unicode>
        </TextEquiv>
      </TextLine>
      <TextLine id="eSc_line_13388a52" custom="structure {type:default;}">
        <Coords points="645,2371 645,2396 2571,2391 2571,2360 2567,2325 2441,2309 2439,2309 2436,2309 2410,2323 2401,2327 2346,2323 2242,2314 2240,2314 2171,2323 2140,2325 2059,2320 1937,2316 1935,2316 1933,2316 1922,2320 1900,2332 1787,2334 1612,2334 1586,2320 1584,2320 1581,2320 1517,2332 1453,2318 1447,2318 1444,2318 1436,2318 1325,2334 1303,2318 1301,2318 1299,2318 1296,2318 1294,2318 1292,2318 1265,2334 963,2323 961,2323 958,2323 956,2323 938,2336 877,2316 874,2316 872,2316 870,2316 866,2316 802,2329 764,2316 762,2316 642,2316 645,2371"/>
        <Baseline points="645,2371 2571,2360"/>
        <TextEquiv conf="0.9953908833225121">
          <Unicode>1173. (Ind. 6. — 25. Sept. — 7, pont. a. 14. — 20. Sept. — 15, 1172. — 25. Mart. — 1173.)</Unicode>
        </TextEquiv>
      </TextLine>
      <TextLine id="eSc_line_66ed639d" custom="structure {type:default;}">
        <Coords points="123,2418 121,2442 333,2455 338,2422 338,2343 123,2336 123,2418"/>
        <Baseline points="123,2418 338,2422"/>
        <TextEquiv conf="0.9483294561505318">
          <Unicode>Lan. 21.</Unicode>
        </TextEquiv>
      </TextLine>
      <TextLine id="eSc_line_766e6a44" custom="structure {type:default;}">
        <Coords points="391,2424 391,2455 598,2457 600,2420 596,2343 388,2338 391,2424"/>
        <Baseline points="391,2424 600,2420"/>
        <TextEquiv conf="0.9969694273812431">
          <Unicode>Sieniam</Unicode>
        </TextEquiv>
      </TextLine>
      <TextLine id="eSc_line_57db00ef" custom="structure {type:default;}">
        <Coords points="121,2471 119,2510 333,2510 335,2477 335,2444 121,2438 121,2471"/>
        <Baseline points="121,2471 335,2477"/>
        <TextEquiv conf="0.9999990314245224">
          <Unicode>Febr. 2.</Unicode>
        </TextEquiv>
      </TextLine>
      <TextLine id="eSc_line_0a176609" custom="structure {type:default;}">
        <Coords points="671,2429 671,2453 2383,2449 2386,2420 2379,2387 669,2393 671,2429"/>
        <Baseline points="671,2429 2386,2420"/>
        <TextEquiv conf="0.9990693407399314">
          <Unicode>pervenit „6. kal. Febr.“. Annal. Ceccanenses 1173 in MG. SS. XIX. 286.</Unicode>
        </TextEquiv>
      </TextLine>
      <TextLine id="eSc_line_e5f46768" custom="structure {type:default;}">
        <Coords points="402,2475 399,2521 589,2521 592,2479 589,2449 402,2444 402,2475"/>
        <Baseline points="402,2475 592,2479"/>
        <TextEquiv conf="0.9999954530170986">
          <Unicode>Signiae</Unicode>
        </TextEquiv>
      </TextLine>
      <TextLine id="eSc_line_be9df292" custom="structure {type:default;}">
        <Coords points="673,2482 673,2515 2644,2508 2646,2475 2640,2438 671,2449 673,2482"/>
        <Baseline points="673,2482 2646,2475"/>
        <TextEquiv conf="0.9939101423536029">
          <Unicode>„in die purificationis b. Mariae“ Thomam quondam archiepiscopum Cantuariensem</Unicode>
        </TextEquiv>
      </TextLine>
      <TextLine id="eSc_line_c85e8608" custom="structure {type:default;}">
        <Coords points="726,2537 726,2570 2644,2559 2646,2532 2642,2504 724,2504 726,2537"/>
        <Baseline points="726,2537 2646,2532"/>
        <TextEquiv conf="0.9966755341260861">
          <Unicode>inter sanctos dicat, et eius memoriam coli die 29. m. Decembris iubet. Bosonis</Unicode>
        </TextEquiv>
      </TextLine>
      <TextLine id="eSc_line_6f87c4d9" custom="structure {type:default;}">
        <Coords points="724,2590 724,2612 1741,2619 1745,2585 1741,2557 1319,2546 1316,2546 722,2559 724,2590"/>
        <Baseline points="724,2590 1745,2585"/>
        <TextEquiv conf="0.9974841683409935">
          <Unicode>card. Vita Alexandri ap. Watterich II. 420.</Unicode>
        </TextEquiv>
      </TextLine>
      <TextLine id="eSc_line_e4293f2d" custom="structure {type:default;}">
        <Coords points="159,2647 159,2685 338,2674 338,2643 331,2610 156,2614 159,2647"/>
        <Baseline points="159,2647 338,2643"/>
        <TextEquiv conf="0.9999243319034576">
          <Unicode>„ 2.</Unicode>
        </TextEquiv>
      </TextLine>
      <TextLine id="eSc_line_2c159a94" custom="structure {type:default;}">
        <Coords points="463,2661 463,2705 550,2689 550,2656 543,2603 459,2612 463,2661"/>
        <Baseline points="463,2661 550,2656"/>
        <TextEquiv conf="0.9976576566696167">
          <Unicode>„</Unicode>
        </TextEquiv>
      </TextLine>
      <TextLine id="eSc_line_aaa26ed6" custom="structure {type:default;}">
        <Coords points="676,2647 676,2674 2642,2674 2644,2641 2638,2605 673,2610 676,2647"/>
        <Baseline points="676,2647 2644,2641"/>
        <TextEquiv conf="0.9839010834693909">
          <Unicode>12185 (8192) Henrico, archiepiscopo Remensi, mandat, ut E. decanum S. Quintini „in</Unicode>
        </TextEquiv>
      </TextLine>
      <TextLine id="eSc_line_71386934" custom="structure {type:default;}">
        <Coords points="726,2700 726,2725 2642,2722 2644,2694 2638,2665 724,2665 726,2700"/>
        <Baseline points="726,2700 2644,2694"/>
        <TextEquiv conf="0.9967182315886021">
          <Unicode>benedictione nuptiarum et in sepulturis mortuorum seu in quibuslibet etiam aliis</Unicode>
        </TextEquiv>
      </TextLine>
      <TextLine id="eSc_line_967ce297" custom="structure {type:default;}">
        <Coords points="724,2753 724,2789 2642,2784 2644,2747 2638,2718 722,2722 724,2753"/>
        <Baseline points="724,2753 2644,2747"/>
        <TextEquiv conf="0.9991045355796814">
          <Unicode>sacramentis ecclesiasticis nihil exigere compellat“. Martene Coll. II. 953, Migne 200</Unicode>
        </TextEquiv>
      </TextLine>
      <TextLine id="eSc_line_dd201325" custom="structure {type:default;}">
        <Coords points="726,2811 726,2837 1637,2839 1639,2811 1639,2782 726,2775 726,2811"/>
        <Baseline points="726,2811 1639,2811"/>
        <TextEquiv conf="0.9982919049890417">
          <Unicode>p. 896. — „Meminimus, nos scripsisse“.</Unicode>
        </TextEquiv>
      </TextLine>
      <TextLine id="eSc_line_6bc9c1b6" custom="structure {type:default;}">
        <Coords points="159,2864 159,2897 338,2903 340,2859 333,2826 156,2826 159,2864"/>
        <Baseline points="159,2864 340,2859"/>
        <TextEquiv conf="0.9999868869781494">
          <Unicode>„ 2.</Unicode>
        </TextEquiv>
      </TextLine>
      <TextLine id="eSc_line_6f4873c1" custom="structure {type:default;}">
        <Coords points="457,2877 457,3001 490,3003 492,3003 494,3003 497,3003 497,3001 525,2974 536,2963 556,2963 556,2877 554,2782 457,2782 457,2877"/>
        <Baseline points="457,2877 556,2877"/>
        <TextEquiv conf="1.0">
          <Unicode>„</Unicode>
        </TextEquiv>
      </TextLine>
      <TextLine id="eSc_line_9892cd69" custom="structure {type:default;}">
        <Coords points="676,2866 676,2899 2640,2888 2642,2859 2638,2817 2006,2817 2003,2817 2001,2817 1984,2822 1961,2828 1716,2824 1376,2820 1374,2820 1292,2828 1270,2831 1179,2831 702,2822 700,2822 698,2822 673,2831 676,2866"/>
        <Baseline points="676,2866 2642,2859"/>
        <TextEquiv conf="0.9983386651771825">
          <Unicode>12186 (8193) Henrico, archiepiscopo Remensi, mandat, ut G. decanum de Unacort, qui</Unicode>
        </TextEquiv>
      </TextLine>
      <TextLine id="eSc_line_b36f7a13" custom="structure {type:default;}">
        <Coords points="729,2921 729,2950 2642,2948 2642,2921 2642,2890 729,2884 729,2921"/>
        <Baseline points="729,2921 2642,2921"/>
        <TextEquiv conf="0.9995287895202637">
          <Unicode>„in desponsationibus mulierum in ecclesia de loi non permittat celebrari divina,</Unicode>
        </TextEquiv>
      </TextLine>
      <TextLine id="eSc_line_11cc049a" custom="structure {type:default;}">
        <Coords points="724,2974 724,2996 2642,2992 2642,2970 2635,2941 722,2943 724,2974"/>
        <Baseline points="724,2974 2642,2970"/>
        <TextEquiv conf="0.9944057606515431">
          <Unicode>nisi sibi pro pretio vini duo aut tres solidi assignentur, ab officio suspensum apo-</Unicode>
        </TextEquiv>
      </TextLine>
      <TextLine id="eSc_line_b199f6c3" custom="structure {type:default;}">
        <Coords points="724,3029 724,3056 2635,3051 2638,3025 2633,2996 722,2994 724,3029"/>
        <Baseline points="724,3029 2638,3025"/>
        <TextEquiv conf="0.9949854874029392">
          <Unicode>stolico faciat conspectui praesertari“. Martene Coll. II. 954, Migne 200 p. 897. —</Unicode>
        </TextEquiv>
      </TextLine>
      <TextLine id="eSc_line_367ad217" custom="structure {type:default;}">
        <Coords points="729,3087 729,3111 1316,3104 1319,3080 1312,3051 726,3056 729,3087"/>
        <Baseline points="729,3087 1319,3080"/>
        <TextEquiv conf="0.9998816673954328">
          <Unicode>„Simoniacam pravitatem“.</Unicode>
        </TextEquiv>
      </TextLine>
      <TextLine id="eSc_line_e076fbcd" custom="structure {type:default;}">
        <Coords points="161,3138 161,3162 172,3171 174,3171 176,3171 178,3171 181,3171 209,3157 223,3151 243,3157 273,3168 276,3168 278,3168 342,3157 342,3131 333,3047 262,3054 260,3054 258,3054 258,3056 236,3076 212,3098 159,3098 161,3138"/>
        <Baseline points="161,3138 342,3131"/>
        <TextEquiv conf="0.9987593591213226">
          <Unicode>„ 3.</Unicode>
        </TextEquiv>
      </TextLine>
      <TextLine id="eSc_line_078adcc6" custom="structure {type:default;}">
        <Coords points="463,3146 461,3164 470,3171 472,3171 475,3171 477,3171 550,3168 552,3151 554,3091 468,3054 463,3146"/>
        <Baseline points="463,3146 552,3151"/>
        <TextEquiv conf="1.0">
          <Unicode>„</Unicode>
        </TextEquiv>
      </TextLine>
      <TextLine id="eSc_line_5f4db25a" custom="structure {type:default;}">
        <Coords points="678,3142 678,3164 2638,3157 2640,3133 2635,3091 1665,3091 1663,3091 1661,3091 1630,3100 1617,3102 1522,3100 1265,3093 1263,3093 1155,3104 1137,3104 1091,3104 720,3096 718,3096 715,3096 676,3107 678,3142"/>
        <Baseline points="678,3142 2640,3133"/>
        <TextEquiv conf="0.9989814588001796">
          <Unicode>12187 M(auritio) episcopo Parisiensi et abbati S. Germani de Pratis mandat, iudicent</Unicode>
        </TextEquiv>
      </TextLine>
      <TextLine id="eSc_line_5db17bb7" custom="structure {type:default;}">
        <Coords points="726,3195 726,3221 2635,3217 2638,3191 2631,3153 724,3153 726,3195"/>
        <Baseline points="726,3195 2638,3191"/>
        <TextEquiv conf="0.9999431635845791">
          <Unicode>inter fratres Corbeienses et Branenses, super decimis de Barli litigantes. In bibl. nat.</Unicode>
        </TextEquiv>
      </TextLine>
      <TextLine id="eSc_line_4f87ccf7" custom="structure {type:default;}">
        <Coords points="724,3248 724,3279 2638,3268 2640,3244 2633,3208 722,3215 724,3248"/>
        <Baseline points="724,3248 2640,3244"/>
        <TextEquiv conf="0.9873241549250723">
          <Unicode>Paris. Cartul. de Corbie ms. lat. 17761. s. XV. f. 113. — „Ex transmissa conquestione“.</Unicode>
        </TextEquiv>
      </TextLine>
      <TextLine id="eSc_line_1dea164a" custom="structure {type:default;}">
        <Coords points="159,3301 159,3334 338,3336 340,3294 333,3241 287,3244 285,3244 282,3244 282,3246 278,3250 256,3270 156,3270 159,3301"/>
        <Baseline points="159,3301 340,3294"/>
        <TextEquiv conf="0.9997706860303879">
          <Unicode>„ 8.</Unicode>
        </TextEquiv>
      </TextLine>
      <TextLine id="eSc_line_6edae656" custom="structure {type:default;}">
        <Coords points="457,3308 455,3343 532,3339 534,3312 532,3266 457,3270 457,3308"/>
        <Baseline points="457,3308 534,3312"/>
        <TextEquiv conf="1.0">
          <Unicode>„</Unicode>
        </TextEquiv>
      </TextLine>
      <TextLine id="eSc_line_f421125c" custom="structure {type:default;}">
        <Coords points="678,3301 678,3330 2640,3330 2640,3301 2640,3272 678,3270 678,3301"/>
        <Baseline points="678,3301 2640,3301"/>
        <TextEquiv conf="0.999519441185928">
          <Unicode>12188 *Fratribus de Eleemosyna extra muros Duacenses permittit, ut presbyterum in-</Unicode>
        </TextEquiv>
      </TextLine>
      <TextLine id="eSc_line_f29f4459" custom="structure {type:default;}">
        <Coords points="724,3358 724,3385 2635,3385 2638,3352 2631,3323 722,3325 724,3358"/>
        <Baseline points="724,3358 2638,3352"/>
        <TextEquiv conf="0.9987374713475053">
          <Unicode>stituant, qui divina celebret et sacramenta eis impendat. Alienos vero ad divina officia</Unicode>
        </TextEquiv>
      </TextLine>
      <TextLine id="eSc_line_8c7ebc83" custom="structure {type:default;}">
        <Coords points="726,3414 726,3438 2638,3436 2640,3409 2633,3378 724,3380 726,3414"/>
        <Baseline points="726,3414 2640,3409"/>
        <TextEquiv conf="0.9927391108575758">
          <Unicode>admitti vel ad sepulturam recipi vetat. Pilate-Prévost Table chron. d. arch. de Douay p. 9.</Unicode>
        </TextEquiv>
      </TextLine>
      <TextLine id="eSc_line_7b757e16" custom="structure {type:default;}">
        <Coords points="156,3469 159,3595 209,3588 223,3599 223,3601 225,3601 227,3601 229,3601 231,3601 260,3592 344,3606 344,3464 338,3418 154,3420 156,3469"/>
        <Baseline points="156,3469 344,3464"/>
        <TextEquiv conf="0.998784750699997">
          <Unicode>„*</Unicode>
        </TextEquiv>
      </TextLine>
      <TextLine id="eSc_line_ab9521ea" custom="structure {type:default;}">
        <Coords points="448,3469 448,3590 561,3584 561,3469 558,3396 448,3400 448,3469"/>
        <Baseline points="448,3469 561,3469"/>
        <TextEquiv conf="0.9993682503700256">
          <Unicode>(</Unicode>
        </TextEquiv>
      </TextLine>
      <TextLine id="eSc_line_368e8fe3" custom="structure {type:default;}">
        <Coords points="676,3469 676,3506 1383,3495 1425,3504 1444,3509 1447,3511 1630,3511 1630,3509 1654,3504 1710,3493 1820,3504 1858,3506 1860,3506 1900,3504 1988,3495 2010,3502 2019,3506 2021,3506 2023,3506 2638,3500 2638,3460 2631,3429 673,3433 676,3469"/>
        <Baseline points="676,3469 2638,3460"/>
        <TextEquiv conf="0.9920958876609802">
          <Unicode>„ecclesiam S. Paterniani cum omnibus pertinentiis Templariis dat“. Annal. Ceecanenses</Unicode>
        </TextEquiv>
      </TextLine>
      <TextLine id="eSc_line_337c4c2e" custom="structure {type:default;}">
        <Coords points="733,3522 733,3579 775,3570 806,3579 819,3581 821,3581 824,3581 826,3581 828,3581 832,3577 848,3566 892,3575 919,3581 921,3581 980,3573 1007,3570 1020,3573 1056,3581 1058,3581 1060,3581 1151,3568 1195,3564 1389,3564 1391,3517 1387,3486 746,3478 744,3478 742,3478 740,3478 731,3484 733,3522"/>
        <Baseline points="733,3522 1391,3517"/>
        <TextEquiv conf="0.9840792012214661">
          <Unicode>1173 in MG. SS. XIX. 286.</Unicode>
        </TextEquiv>
      </TextLine>
    </TextRegion>
    <TextRegion id="eSc_textblock_2bc8b16f"  custom="structure {type:default;}">
      <Coords points="1140,150 1842,150 1869,159 1869,253 892,253 910,159 1140,150"/>
      <TextLine id="eSc_line_2c265211" custom="structure {type:default;}">
        <Coords points="910,238 910,258 1515,267 1517,267 1824,265 1827,265 1829,265 1829,262 1831,262 1836,256 1836,231 1833,185 1778,167 1776,167 1774,167 1619,183 1524,163 1522,163 1520,163 1464,187 1407,187 1367,165 1365,165 1334,165 1332,165 1330,165 1327,165 1327,167 1305,185 1239,167 1237,167 1157,167 1155,167 1153,167 1115,183 1102,170 1102,167 1100,167 1098,167 972,167 969,167 967,167 908,189 910,238"/>
        <Baseline points="910,238 1836,231"/>
        <TextEquiv conf="0.9957458138465881">
          <Unicode>ALEXANDER III. 1159—1181.</Unicode>
        </TextEquiv>
      </TextLine>
    </TextRegion>
    <TextRegion id="eSc_textblock_0519c4e8"  custom="structure {type:default;}">
      <Coords points="2518,167 2688,176 2688,236 2644,271 2523,271 2487,227 2518,167"/>
      <TextLine id="eSc_line_0a76f1bb" custom="structure {type:default;}">
        <Coords points="2518,236 2518,262 2644,262 2644,229 2640,181 2558,170 2556,170 2554,170 2514,185 2518,236"/>
        <Baseline points="2518,236 2644,229"/>
        <TextEquiv conf="0.9999999205271403">
          <Unicode>263</Unicode>
        </TextEquiv>
      </TextLine>
    </TextRegion>
  </Page>
</PcGts>
