<?xml version="1.0" encoding="UTF-8"  standalone="yes"?>
<PcGts xmlns="http://schema.primaresearch.org/PAGE/gts/pagecontent/2019-07-15" xmlns:xsi="http://www.w3.org/2001/XMLSchema-instance" xsi:schemaLocation="http://schema.primaresearch.org/PAGE/gts/pagecontent/2019-07-15 http://schema.primaresearch.org/PAGE/gts/pagecontent/2019-07-15/pagecontent.xsd">
  <Metadata>
	<Creator>escriptorium</Creator>
	<Created>2024-07-19T10:09:50.513414+00:00</Created>
        <LastChange>2024-08-08T08:37:25.124391+00:00</LastChange>
  </Metadata>
  <Page imageFilename="0277.png" imageWidth="3007" imageHeight="3975">
    <TextRegion id="eSc_textblock_31e89712"  custom="structure {type:default;}">
      <Coords points="346,194 475,203 475,262 335,289 318,212 346,194"/>
      <TextLine id="eSc_line_db4e7d0c" custom="structure {type:default;}">
        <Coords points="444,200 421,198 399,196 377,196 355,194 338,196 333,198 338,256 338,276 459,273 461,251 457,200 444,200"/>
        <Baseline points="338,256 461,251"/>
        <TextEquiv conf="0.9999775886535645">
          <Unicode>264</Unicode>
        </TextEquiv>
      </TextLine>
    </TextRegion>
    <TextRegion id="eSc_textblock_5e47b8ce"  custom="structure {type:default;}">
      <Coords points="2571,335 2909,344 2909,3566 335,3557 318,379 362,344 607,397 618,362 881,379 919,344 2571,335"/>
      <TextLine id="eSc_line_d3c9d125" custom="structure {type:default;}">
        <Coords points="2123,337 2107,337 2105,337 1957,351 1769,340 1767,340 1765,340 1763,340 1738,355 1440,355 1367,340 1365,340 1274,355 1248,342 1246,342 1239,342 1217,342 1195,342 1173,342 1151,342 1129,342 1106,342 1084,342 1062,342 1040,342 1018,342 996,342 974,342 952,342 930,342 908,351 885,371 888,404 888,435 1824,435 1824,432 1827,432 1829,432 1849,421 2260,432 2315,432 2317,432 2326,432 2392,419 2799,430 2803,395 2799,351 2324,340 2322,340 2196,351 2176,337 2174,337 2171,337 2145,337 2123,337"/>
        <Baseline points="888,404 2803,395"/>
        <TextEquiv conf="0.9890280412823966">
          <Unicode>1173. (Ind. 6. — 25. Sept. — 7, pont. a. 14. — 20. Sept. — 15, 1172. — 25. Mart. — 1173.)</Unicode>
        </TextEquiv>
      </TextLine>
      <TextLine id="eSc_line_06f46bbf" custom="structure {type:default;}">
        <Coords points="357,468 357,514 578,514 578,468 578,410 452,388 450,388 448,388 421,399 410,404 399,397 386,388 384,388 382,388 380,388 377,388 357,393 357,468"/>
        <Baseline points="357,468 578,468"/>
        <TextEquiv conf="0.997883121172587">
          <Unicode>Febr. 16.</Unicode>
        </TextEquiv>
      </TextLine>
      <TextLine id="eSc_line_cde0d65f" custom="structure {type:default;}">
        <Coords points="642,514 724,530 726,530 729,530 751,518 808,527 810,527 813,527 815,527 835,512 835,463 830,406 713,399 711,399 709,399 704,401 676,410 640,399 642,468 642,514"/>
        <Baseline points="642,468 835,463"/>
        <TextEquiv conf="0.9380063244274685">
          <Unicode>Sigriae</Unicode>
        </TextEquiv>
      </TextLine>
      <TextLine id="eSc_line_d7481159" custom="structure {type:default;}">
        <Coords points="916,465 916,488 2876,492 2878,465 2878,430 916,424 916,465"/>
        <Baseline points="916,465 2878,465"/>
        <TextEquiv conf="0.9984320205720988">
          <Unicode>12189 Abbati et fratribus S. Bertini Sithiensis concedit, ne quis „in ecclesias ad eorum</Unicode>
        </TextEquiv>
      </TextLine>
      <TextLine id="eSc_line_cdc62aef" custom="structure {type:default;}">
        <Coords points="969,516 967,538 2874,547 2878,523 2876,490 969,477 969,516"/>
        <Baseline points="969,516 2878,523"/>
        <TextEquiv conf="0.9992743377332334">
          <Unicode>iurisdictionem spectantes absque iusta causa interdicti sententiam promulget“. Ex</Unicode>
        </TextEquiv>
      </TextLine>
      <TextLine id="eSc_line_009604bc" custom="structure {type:default;}">
        <Coords points="969,569 967,589 2874,602 2878,578 2876,545 969,536 969,569"/>
        <Baseline points="969,569 2878,578"/>
        <TextEquiv conf="0.9930297265569847">
          <Unicode>bibl. nat. Paris. Coll. Moreau t. 84. f. 120. Misit Delisle. (Iohannis Longi chron.</Unicode>
        </TextEquiv>
      </TextLine>
      <TextLine id="eSc_line_32f2b983" custom="structure {type:default;}">
        <Coords points="965,629 965,649 2317,649 2317,629 2317,596 965,589 965,629"/>
        <Baseline points="965,629 2317,629"/>
        <TextEquiv conf="0.9993906627808299">
          <Unicode>S. Bert. in MG. SS. XXV. 815.) — „Quanto de religionis“.</Unicode>
        </TextEquiv>
      </TextLine>
      <TextLine id="eSc_line_420a7be2" custom="structure {type:default;}">
        <Coords points="395,691 395,722 574,708 576,684 570,640 393,642 395,691"/>
        <Baseline points="395,691 576,684"/>
        <TextEquiv conf="0.9999998331069946">
          <Unicode>„ 18.</Unicode>
        </TextEquiv>
      </TextLine>
      <TextLine id="eSc_line_24552e3c" custom="structure {type:default;}">
        <Coords points="698,700 698,724 799,711 799,700 799,660 698,642 698,700"/>
        <Baseline points="698,700 799,700"/>
        <TextEquiv conf="1.0">
          <Unicode>„</Unicode>
        </TextEquiv>
      </TextLine>
      <TextLine id="eSc_line_f40b166c" custom="structure {type:default;}">
        <Coords points="919,684 919,708 2881,708 2881,684 2881,651 919,647 919,684"/>
        <Baseline points="919,684 2881,684"/>
        <TextEquiv conf="0.9951465984424913">
          <Unicode>12190 (8194) Henrico, archiepiscopo Remensi, mandat, compellat G. presbyterum et P.</Unicode>
        </TextEquiv>
      </TextLine>
      <TextLine id="eSc_line_4a3ed8d7" custom="structure {type:default;}">
        <Coords points="969,739 969,761 2876,764 2881,735 2876,704 967,704 969,739"/>
        <Baseline points="969,739 2881,735"/>
        <TextEquiv conf="0.9897239004864412">
          <Unicode>et R. milites ac R. de Cismai, ut fratribus ecclesiae S. Salvatoris Virtuensis ablata</Unicode>
        </TextEquiv>
      </TextLine>
      <TextLine id="eSc_line_cef9db3c" custom="structure {type:default;}">
        <Coords points="969,792 969,817 2828,812 2828,792 2828,761 969,757 969,792"/>
        <Baseline points="969,792 2828,792"/>
        <TextEquiv conf="0.999984841842156">
          <Unicode>restituant. Martene Coll. II. 955, Migne 200 p. 897. — „Ex parte dilectorum“.</Unicode>
        </TextEquiv>
      </TextLine>
      <TextLine id="eSc_line_c0b12e23" custom="structure {type:default;}">
        <Coords points="397,856 397,885 574,874 574,850 570,812 505,799 503,799 395,817 397,856"/>
        <Baseline points="397,856 574,850"/>
        <TextEquiv conf="0.9999995708465577">
          <Unicode>„ 25.</Unicode>
        </TextEquiv>
      </TextLine>
      <TextLine id="eSc_line_e0977861" custom="structure {type:default;}">
        <Coords points="700,865 700,887 793,892 795,861 788,803 695,810 700,865"/>
        <Baseline points="700,865 795,861"/>
        <TextEquiv conf="1.0">
          <Unicode>„</Unicode>
        </TextEquiv>
      </TextLine>
      <TextLine id="eSc_line_745153c8" custom="structure {type:default;}">
        <Coords points="919,845 916,870 2878,878 2883,850 2881,817 919,812 919,845"/>
        <Baseline points="919,845 2883,850"/>
        <TextEquiv conf="0.9983361419509439">
          <Unicode>12191 (8195) Monasterii S. Salvatoris et S. Rotrudis Andrensis protectionem suscipit,</Unicode>
        </TextEquiv>
      </TextLine>
      <TextLine id="eSc_line_a77c0f75" custom="structure {type:default;}">
        <Coords points="969,898 967,923 2876,929 2881,903 2878,870 969,865 969,898"/>
        <Baseline points="969,898 2881,903"/>
        <TextEquiv conf="0.9962254331772586">
          <Unicode>bonaque ac privilegia confirmat, petente Petro abbate. MG. SS. XXIV. 710, (D&#x27;Achery</Unicode>
        </TextEquiv>
      </TextLine>
      <TextLine id="eSc_line_c6b304a5" custom="structure {type:default;}">
        <Coords points="967,958 967,978 1595,989 1597,989 1599,989 1623,976 1626,976 1634,976 1690,987 1692,987 1752,976 1760,976 1836,976 1847,984 1847,987 1849,987 1851,987 1853,989 2063,989 2063,987 2065,987 2068,987 2068,984 2079,976 2187,987 2189,987 2191,987 2193,987 2204,976 2233,987 2235,987 2238,987 2240,987 2286,973 2286,954 2282,923 965,920 967,958"/>
        <Baseline points="967,958 2286,954"/>
        <TextEquiv conf="0.9973359303040938">
          <Unicode>Spic. II. 812, Migne 200 p. 898). — „Quotiens illud a“.</Unicode>
        </TextEquiv>
      </TextLine>
      <TextLine id="eSc_line_78eee696" custom="structure {type:default;}">
        <Coords points="395,1020 395,1051 483,1037 565,1048 570,1015 563,973 393,973 395,1020"/>
        <Baseline points="395,1020 570,1015"/>
        <TextEquiv conf="0.9989522099494934">
          <Unicode>„ 19.</Unicode>
        </TextEquiv>
      </TextLine>
      <TextLine id="eSc_line_6dc21183" custom="structure {type:default;}">
        <Coords points="704,1024 702,1037 740,1048 742,1048 744,1048 746,1048 797,1033 799,1029 797,982 704,976 704,1024"/>
        <Baseline points="704,1024 799,1029"/>
        <TextEquiv conf="1.0">
          <Unicode>„</Unicode>
        </TextEquiv>
      </TextLine>
      <TextLine id="eSc_line_943dc7c4" custom="structure {type:default;}">
        <Coords points="919,1013 919,1035 2881,1031 2883,1009 2878,978 916,973 919,1013"/>
        <Baseline points="919,1013 2883,1009"/>
        <TextEquiv conf="0.9957484948782274">
          <Unicode>12192 (Pontio) episcopo Claromontensi et O. archidiacono Bituricensi mandat, hor-</Unicode>
        </TextEquiv>
      </TextLine>
      <TextLine id="eSc_line_6f6a4d0c" custom="structure {type:default;}">
        <Coords points="969,1066 969,1090 2885,1090 2885,1066 2883,1035 969,1035 969,1066"/>
        <Baseline points="969,1066 2885,1066"/>
        <TextEquiv conf="0.9927016112365221">
          <Unicode>tentur sub interdicti poena Agnetem, uxorem b. m. Archembaldi de Borbono, ut</Unicode>
        </TextEquiv>
      </TextLine>
      <TextLine id="eSc_line_f9402160" custom="structure {type:default;}">
        <Coords points="969,1121 969,1148 2885,1148 2887,1117 2881,1084 967,1090 969,1121"/>
        <Baseline points="969,1121 2887,1117"/>
        <TextEquiv conf="0.9992062832627978">
          <Unicode>ecclesiae Silviniacensi debitas trecentas marcas solvat. (Verba „pont. a. IV.“ certe</Unicode>
        </TextEquiv>
      </TextLine>
      <TextLine id="eSc_line_13701b81" custom="structure {type:default;}">
        <Coords points="972,1179 972,1203 2883,1196 2885,1172 2881,1141 987,1137 985,1137 983,1137 980,1137 969,1143 972,1179"/>
        <Baseline points="972,1179 2885,1172"/>
        <TextEquiv conf="0.9895780496299267">
          <Unicode>aliena manu addita sunt.) Mon. pont. Arvern. p. 291, Mém. de Tacad. de Clermont-</Unicode>
        </TextEquiv>
      </TextLine>
      <TextLine id="eSc_line_cc28d5db" custom="structure {type:default;}">
        <Coords points="969,1234 969,1254 2109,1249 2112,1230 2107,1199 967,1194 969,1234"/>
        <Baseline points="969,1234 2112,1230"/>
        <TextEquiv conf="0.998775540486626">
          <Unicode>Ferrand XIX. 283. — „Ex transmissa relatione“.</Unicode>
        </TextEquiv>
      </TextLine>
      <TextLine id="eSc_line_3c17f1a5" custom="structure {type:default;}">
        <Coords points="404,1294 404,1325 488,1311 570,1316 574,1289 572,1245 532,1232 530,1232 528,1232 402,1245 404,1294"/>
        <Baseline points="404,1294 574,1289"/>
        <TextEquiv conf="0.9997281312942505">
          <Unicode>„ 27.</Unicode>
        </TextEquiv>
      </TextLine>
      <TextLine id="eSc_line_d77e7eea" custom="structure {type:default;}">
        <Coords points="709,1300 709,1327 793,1316 793,1300 790,1245 709,1258 709,1300"/>
        <Baseline points="709,1300 793,1300"/>
        <TextEquiv conf="1.0">
          <Unicode>„</Unicode>
        </TextEquiv>
      </TextLine>
      <TextLine id="eSc_line_3e0dcfcd" custom="structure {type:default;}">
        <Coords points="921,1287 921,1313 2885,1309 2887,1283 2883,1252 919,1252 921,1287"/>
        <Baseline points="921,1287 2887,1283"/>
        <TextEquiv conf="0.9998485642235454">
          <Unicode>12193 Ingelr(amo) episcopo et canonicis Glasguensibus decimas et ecclesias quasdam</Unicode>
        </TextEquiv>
      </TextLine>
      <TextLine id="eSc_line_6e1f64eb" custom="structure {type:default;}">
        <Coords points="969,1340 967,1358 1038,1371 1040,1371 1672,1362 1771,1373 1774,1373 2558,1362 2560,1344 2558,1309 969,1309 969,1340"/>
        <Baseline points="969,1340 2560,1344"/>
        <TextEquiv conf="0.9981752634048462">
          <Unicode>asserit. Registrum ep. Glasg. I. 22. — „Iustis petentium desideriis“.</Unicode>
        </TextEquiv>
      </TextLine>
      <TextLine id="eSc_line_9ea6a1da" custom="structure {type:default;}">
        <Coords points="362,1400 362,1437 578,1433 578,1395 572,1349 360,1351 362,1400"/>
        <Baseline points="362,1400 578,1395"/>
        <TextEquiv conf="0.9963868260383606">
          <Unicode>Mart. 4.</Unicode>
        </TextEquiv>
      </TextLine>
      <TextLine id="eSc_line_45e07214" custom="structure {type:default;}">
        <Coords points="709,1411 709,1455 786,1481 790,1408 784,1369 707,1369 709,1411"/>
        <Baseline points="709,1411 790,1408"/>
        <TextEquiv conf="1.0">
          <Unicode>„</Unicode>
        </TextEquiv>
      </TextLine>
      <TextLine id="eSc_line_639841a5" custom="structure {type:default;}">
        <Coords points="923,1400 923,1424 2887,1417 2889,1393 2885,1364 2525,1364 2523,1362 2485,1351 2483,1351 2481,1351 2478,1351 2476,1351 2459,1362 2448,1362 2302,1351 2299,1351 2235,1362 2216,1366 1858,1366 1844,1360 1820,1353 1818,1353 1816,1353 1760,1360 1729,1364 1641,1360 1535,1355 1533,1355 1531,1355 1513,1360 1489,1366 1425,1360 1378,1355 1376,1355 921,1358 923,1400"/>
        <Baseline points="923,1400 2889,1393"/>
        <TextEquiv conf="0.9964152250760867">
          <Unicode>12194 (8196) Henrico, archiepiscopo Remensi, mandat, ut ablatam Hugoni presbytero</Unicode>
        </TextEquiv>
      </TextLine>
      <TextLine id="eSc_line_e24cd195" custom="structure {type:default;}">
        <Coords points="972,1453 972,1475 2883,1477 2887,1448 2881,1413 969,1422 972,1453"/>
        <Baseline points="972,1453 2887,1448"/>
        <TextEquiv conf="0.9972933987040579">
          <Unicode>ecclesiam restitui ab abbate Aquicinctensi iubeat; utque de Iesse presbytero, qui</Unicode>
        </TextEquiv>
      </TextLine>
      <TextLine id="eSc_line_20d1d711" custom="structure {type:default;}">
        <Coords points="974,1503 974,1532 2887,1530 2889,1508 2887,1477 974,1472 974,1503"/>
        <Baseline points="974,1503 2889,1508"/>
        <TextEquiv conf="0.9999960107975695">
          <Unicode>post appellationem ad sese factam ecclesiam receperit, poenas capiat. Martene Coll.</Unicode>
        </TextEquiv>
      </TextLine>
      <TextLine id="eSc_line_08516eab" custom="structure {type:default;}">
        <Coords points="972,1561 972,1583 1577,1594 1579,1594 1581,1594 1615,1583 1617,1583 1966,1592 1968,1592 2019,1581 2021,1581 2043,1592 2045,1592 2048,1594 2280,1594 2280,1592 2370,1578 2372,1556 2368,1530 987,1521 985,1521 983,1521 980,1521 969,1528 972,1561"/>
        <Baseline points="972,1561 2372,1556"/>
        <TextEquiv conf="0.9886065710868154">
          <Unicode>II. 955, Migne 200 p. 899. — „Conquerente nobis Hugone“.</Unicode>
        </TextEquiv>
      </TextLine>
      <TextLine id="eSc_line_f1030cb1" custom="structure {type:default;}">
        <Coords points="395,1631 397,1684 492,1671 505,1673 558,1680 561,1680 563,1680 565,1680 565,1678 576,1665 576,1625 570,1552 512,1554 510,1554 508,1554 486,1574 459,1598 393,1598 395,1631"/>
        <Baseline points="395,1631 576,1625"/>
        <TextEquiv conf="0.9896546304225922">
          <Unicode>„ 8.</Unicode>
        </TextEquiv>
      </TextLine>
      <TextLine id="eSc_line_911be1f6" custom="structure {type:default;}">
        <Coords points="707,1634 707,1682 790,1693 790,1629 784,1592 704,1601 707,1634"/>
        <Baseline points="707,1634 790,1629"/>
        <TextEquiv conf="1.0">
          <Unicode>„</Unicode>
        </TextEquiv>
      </TextLine>
      <TextLine id="eSc_line_f24a4a8c" custom="structure {type:default;}">
        <Coords points="925,1616 925,1640 2885,1636 2887,1612 2883,1583 923,1576 925,1616"/>
        <Baseline points="925,1616 2887,1612"/>
        <TextEquiv conf="0.9998937596877416">
          <Unicode>12195 (8197) Henrico, archiepiscopo Remensi, mandat, iudicet inter canonicos S. Mar-</Unicode>
        </TextEquiv>
      </TextLine>
      <TextLine id="eSc_line_0d83786a" custom="structure {type:default;}">
        <Coords points="976,1673 976,1698 2885,1702 2887,1673 2887,1643 976,1634 976,1673"/>
        <Baseline points="976,1673 2887,1673"/>
        <TextEquiv conf="0.9998828880488873">
          <Unicode>tini et clericos S. Mariae Laudunenses. Martene Coll. II. 956, Migne 200 p. 899.</Unicode>
        </TextEquiv>
      </TextLine>
      <TextLine id="eSc_line_e66def73" custom="structure {type:default;}">
        <Coords points="978,1726 978,1744 1265,1757 1268,1757 1391,1742 1396,1742 1398,1742 1416,1755 1418,1755 1420,1755 1422,1757 1509,1757 1509,1755 1511,1755 1564,1740 1564,1722 1557,1684 976,1691 978,1726"/>
        <Baseline points="978,1726 1564,1722"/>
        <TextEquiv conf="0.9998173584108767">
          <Unicode>— „Causam, quae inter“.</Unicode>
        </TextEquiv>
      </TextLine>
      <TextLine id="eSc_line_1b274c22" custom="structure {type:default;}">
        <Coords points="397,1795 397,1830 576,1835 578,1786 572,1715 393,1715 397,1795"/>
        <Baseline points="397,1795 578,1786"/>
        <TextEquiv conf="0.9737866967916489">
          <Unicode>„ 8.</Unicode>
        </TextEquiv>
      </TextLine>
      <TextLine id="eSc_line_eb71b725" custom="structure {type:default;}">
        <Coords points="711,1795 711,1846 790,1846 790,1795 788,1709 711,1715 711,1795"/>
        <Baseline points="711,1795 790,1795"/>
        <TextEquiv conf="1.0">
          <Unicode>„</Unicode>
        </TextEquiv>
      </TextLine>
      <TextLine id="eSc_line_6eaa3ac2" custom="structure {type:default;}">
        <Coords points="925,1784 925,1813 2887,1806 2889,1777 2887,1744 2852,1726 2850,1726 2847,1726 2772,1742 2496,1729 2494,1729 2492,1729 2463,1742 2461,1742 2428,1742 2260,1733 2258,1733 2255,1733 2240,1740 2229,1746 2096,1746 2074,1740 2034,1729 2032,1729 2030,1729 1977,1737 1964,1740 1906,1737 1692,1729 1690,1729 1639,1735 1575,1749 1321,1749 1294,1735 1292,1735 1290,1735 1230,1746 1126,1733 1117,1733 1115,1733 1113,1733 1111,1733 1075,1746 1060,1735 1058,1735 1056,1735 923,1733 925,1784"/>
        <Baseline points="925,1784 2889,1777"/>
        <TextEquiv conf="0.9976375087907042">
          <Unicode>12196 *Bullae Bartholomaeo, abbati S. Martini Laudunensi, hoc die datae meminit</Unicode>
        </TextEquiv>
      </TextLine>
      <TextLine id="eSc_line_f9d23647" custom="structure {type:default;}">
        <Coords points="972,1837 972,1859 2441,1859 2443,1837 2441,1806 972,1804 972,1837"/>
        <Baseline points="972,1837 2443,1837"/>
        <TextEquiv conf="0.9974633409426763">
          <Unicode>Steph. Baluzius in Collectione sua 5I f. 131 in bibl. nat. Paris.</Unicode>
        </TextEquiv>
      </TextLine>
      <TextLine id="eSc_line_c571b2d9" custom="structure {type:default;}">
        <Coords points="402,1901 402,1952 578,1941 576,1892 572,1850 530,1832 528,1832 525,1832 397,1859 402,1901"/>
        <Baseline points="402,1901 576,1892"/>
        <TextEquiv conf="0.9936332702636719">
          <Unicode>„ 10.</Unicode>
        </TextEquiv>
      </TextLine>
      <TextLine id="eSc_line_69467232" custom="structure {type:default;}">
        <Coords points="709,1903 702,2002 784,2002 790,1908 793,1848 782,1835 779,1835 779,1832 777,1832 775,1832 773,1832 711,1843 709,1903"/>
        <Baseline points="709,1903 790,1908"/>
        <TextEquiv conf="0.9989493489265442">
          <Unicode>„</Unicode>
        </TextEquiv>
      </TextLine>
      <TextLine id="eSc_line_b2e80c55" custom="structure {type:default;}">
        <Coords points="927,1892 927,1914 2889,1910 2892,1888 2887,1859 2640,1846 2638,1846 2587,1857 2549,1846 2547,1846 2545,1846 2543,1846 2540,1846 2525,1859 2246,1859 2209,1846 2207,1846 2204,1846 2116,1857 2076,1846 2074,1846 2072,1846 1948,1857 1911,1846 1908,1846 1906,1846 1904,1846 1875,1859 1789,1848 1787,1848 1312,1859 1294,1848 1292,1848 1290,1848 947,1848 945,1848 943,1848 941,1848 925,1855 927,1892"/>
        <Baseline points="927,1892 2892,1888"/>
        <TextEquiv conf="0.9993109149091384">
          <Unicode>12197 (8198) Canonicis ecclesiae Ripariensis addicit ecclesias duas, a Stephano quon-</Unicode>
        </TextEquiv>
      </TextLine>
      <TextLine id="eSc_line_e874f6e7" custom="structure {type:default;}">
        <Coords points="974,1947 974,1974 1559,1985 1562,1985 1639,1974 1641,1974 1657,1985 1659,1985 1661,1985 1663,1987 1805,1987 1805,1985 1807,1985 1833,1974 1836,1974 2242,1983 2244,1983 2368,1972 2377,1972 2386,1972 2501,1983 2503,1983 2626,1972 2629,1972 2668,1983 2671,1983 2673,1983 2801,1972 2839,1983 2841,1983 2843,1983 2845,1983 2892,1969 2892,1943 2887,1916 994,1908 992,1908 989,1908 987,1908 972,1914 974,1947"/>
        <Baseline points="974,1947 2892,1943"/>
        <TextEquiv conf="0.9869631227151847">
          <Unicode>dam episcopo Claromontensi donatas. Ulciensis eccl. chartar. p. 20. — „Iustis pe-</Unicode>
        </TextEquiv>
      </TextLine>
      <TextLine id="eSc_line_4e9e4aa9" custom="structure {type:default;}">
        <Coords points="969,2002 969,2018 1078,2031 1080,2031 1195,2014 1197,1998 1193,1969 1080,1958 1078,1958 967,1972 969,2002"/>
        <Baseline points="969,2002 1197,1998"/>
        <TextEquiv conf="0.9999977350234985">
          <Unicode>tentium“.</Unicode>
        </TextEquiv>
      </TextLine>
      <TextLine id="eSc_line_df279f58" custom="structure {type:default;}">
        <Coords points="404,2064 406,2104 450,2089 578,2095 581,2055 574,2009 402,2033 404,2064"/>
        <Baseline points="404,2064 581,2055"/>
        <TextEquiv conf="0.9692756414413453">
          <Unicode>„ 10.</Unicode>
        </TextEquiv>
      </TextLine>
      <TextLine id="eSc_line_6625a18c" custom="structure {type:default;}">
        <Coords points="707,2067 704,2102 793,2084 795,2071 795,2042 707,2036 707,2067"/>
        <Baseline points="707,2067 795,2071"/>
        <TextEquiv conf="1.0">
          <Unicode>„</Unicode>
        </TextEquiv>
      </TextLine>
      <TextLine id="eSc_line_c2a59f81" custom="structure {type:default;}">
        <Coords points="925,2055 925,2080 2889,2075 2892,2051 2887,2020 2790,2007 2788,2007 2724,2018 2719,2018 2710,2018 2518,2007 2516,2007 2514,2007 2512,2007 2496,2018 2494,2020 2319,2020 2315,2016 2299,2007 2297,2007 2295,2007 2160,2007 2158,2007 2107,2016 2090,2018 2068,2016 2003,2007 2001,2007 1944,2016 1902,2020 1816,2014 1738,2009 1736,2009 1734,2009 1725,2014 1712,2020 1632,2014 1577,2009 1575,2009 1553,2014 1515,2020 923,2011 925,2055"/>
        <Baseline points="925,2055 2892,2051"/>
        <TextEquiv conf="0.9953370343807132">
          <Unicode>12198 Monasterii Troarnensis possessiones quasdam confirmat, petente Giliberto abbate.</Unicode>
        </TextEquiv>
      </TextLine>
      <TextLine id="eSc_line_5282b982" custom="structure {type:default;}">
        <Coords points="976,2111 976,2137 1931,2148 1933,2148 2127,2146 2129,2146 2154,2135 2156,2135 2158,2135 2193,2146 2196,2146 2198,2146 2293,2135 2302,2135 2308,2135 2359,2146 2361,2146 2364,2146 2366,2146 2383,2135 2410,2146 2412,2146 2414,2146 2476,2135 2478,2135 2483,2135 2534,2146 2536,2146 2889,2133 2892,2106 2887,2078 974,2078 976,2111"/>
        <Baseline points="976,2111 2892,2106"/>
        <TextEquiv conf="0.9865308209907176">
          <Unicode>In bibl. nat. nat. Paris. Chartul. Troarnens. ms. lat. 10086. s. XIV. f. 10. — „Iustis</Unicode>
        </TextEquiv>
      </TextLine>
      <TextLine id="eSc_line_a070e378" custom="structure {type:default;}">
        <Coords points="974,2168 974,2192 1144,2197 1146,2197 1195,2188 1221,2184 1228,2188 1237,2197 1239,2197 1241,2197 1243,2199 1402,2199 1402,2197 1467,2181 1469,2164 1464,2133 1040,2126 1038,2126 972,2137 974,2168"/>
        <Baseline points="974,2168 1469,2164"/>
        <TextEquiv conf="0.9999856488271193">
          <Unicode>petentium desideriis“.</Unicode>
        </TextEquiv>
      </TextLine>
      <TextLine id="eSc_line_d498cf0b" custom="structure {type:default;}">
        <Coords points="404,2228 406,2290 536,2270 578,2283 581,2221 574,2148 505,2153 503,2153 501,2153 501,2155 481,2175 461,2197 402,2197 404,2228"/>
        <Baseline points="404,2228 581,2221"/>
        <TextEquiv conf="0.9352389454841614">
          <Unicode>„ 10.</Unicode>
        </TextEquiv>
      </TextLine>
      <TextLine id="eSc_line_28d78625" custom="structure {type:default;}">
        <Coords points="707,2237 707,2298 802,2298 802,2237 802,2210 707,2210 707,2237"/>
        <Baseline points="707,2237 802,2237"/>
        <TextEquiv conf="1.0">
          <Unicode>„</Unicode>
        </TextEquiv>
      </TextLine>
      <TextLine id="eSc_line_efa44f20" custom="structure {type:default;}">
        <Coords points="927,2221 927,2243 2894,2237 2894,2214 2889,2170 2439,2170 2436,2170 2434,2170 2421,2175 2394,2181 2364,2175 2339,2170 2337,2170 2297,2175 2235,2184 2216,2177 2204,2173 2202,2173 2200,2173 2165,2177 2107,2184 1873,2179 1592,2175 1590,2175 1588,2175 1586,2175 1575,2184 1568,2186 1427,2184 969,2177 967,2177 965,2177 925,2188 927,2221"/>
        <Baseline points="927,2221 2894,2214"/>
        <TextEquiv conf="0.9923844933509827">
          <Unicode>12199 (8199) Alberto tit. S. Laurentii in Lucina, et Theodwino S. Vitalis presbyteris</Unicode>
        </TextEquiv>
      </TextLine>
      <TextLine id="eSc_line_dab29675" custom="structure {type:default;}">
        <Coords points="976,2276 976,2301 2887,2305 2892,2272 2885,2243 974,2243 976,2276"/>
        <Baseline points="976,2276 2892,2272"/>
        <TextEquiv conf="0.9950318080048228">
          <Unicode>cardinalibus, apostolicae sedis legatis, de Thoma, quondam archiepiscopo Cantuariensi,</Unicode>
        </TextEquiv>
      </TextLine>
      <TextLine id="eSc_line_1efbd953" custom="structure {type:default;}">
        <Coords points="978,2332 978,2356 2887,2347 2889,2320 2883,2294 976,2301 978,2332"/>
        <Baseline points="978,2332 2889,2320"/>
        <TextEquiv conf="0.999700862736929">
          <Unicode>capite ieiunii sanctorum ordinibus ascripto significat. Mandat, ut litteras de ea re</Unicode>
        </TextEquiv>
      </TextLine>
      <TextLine id="eSc_line_9c8dc864" custom="structure {type:default;}">
        <Coords points="980,2387 980,2409 2887,2402 2889,2380 2883,2351 978,2356 980,2387"/>
        <Baseline points="980,2387 2889,2380"/>
        <TextEquiv conf="0.9971536005415568">
          <Unicode>suas regibus et monachis Cantuariensibus et ecclesiae Anglicanae „assignent“. Gil-</Unicode>
        </TextEquiv>
      </TextLine>
      <TextLine id="eSc_line_83d1c033" custom="structure {type:default;}">
        <Coords points="978,2440 978,2462 2887,2457 2889,2435 2885,2402 976,2400 978,2440"/>
        <Baseline points="978,2440 2889,2435"/>
        <TextEquiv conf="0.9985321685671806">
          <Unicode>berti Foliot epist. ed. Giles II. 58, Migne 200 p. 900. — „Quamvis nonnulla de“.</Unicode>
        </TextEquiv>
      </TextLine>
      <TextLine id="eSc_line_73732c92" custom="structure {type:default;}">
        <Coords points="377,2504 373,2592 426,2585 477,2601 486,2508 486,2438 380,2431 377,2504"/>
        <Baseline points="377,2504 486,2508"/>
        <TextEquiv conf="0.9999520381291708">
          <Unicode>(„)</Unicode>
        </TextEquiv>
      </TextLine>
      <TextLine id="eSc_line_227820b2" custom="structure {type:default;}">
        <Coords points="700,2506 702,2581 742,2568 808,2599 813,2506 813,2457 700,2457 700,2506"/>
        <Baseline points="700,2506 813,2506"/>
        <TextEquiv conf="0.9977586070696512">
          <Unicode>(„)</Unicode>
        </TextEquiv>
      </TextLine>
      <TextLine id="eSc_line_8149860f" custom="structure {type:default;}">
        <Coords points="927,2497 927,2521 2889,2515 2892,2491 2887,2460 925,2460 927,2497"/>
        <Baseline points="927,2497 2892,2491"/>
        <TextEquiv conf="0.9983327828702473">
          <Unicode>12200 (8200) Alberto et Theodewino presbyteris cardinalibus mandat, „quatinus eccle-</Unicode>
        </TextEquiv>
      </TextLine>
      <TextLine id="eSc_line_ad8b933f" custom="structure {type:default;}">
        <Coords points="976,2550 976,2574 2889,2568 2892,2544 2885,2515 974,2517 976,2550"/>
        <Baseline points="976,2550 2892,2544"/>
        <TextEquiv conf="0.9962456454465418">
          <Unicode>siam Cantuariensem faciant reconciliari, ita tamen ut sacramentum pristinae dedi-</Unicode>
        </TextEquiv>
      </TextLine>
      <TextLine id="eSc_line_025f8d16" custom="structure {type:default;}">
        <Coords points="978,2605 978,2630 2889,2625 2892,2601 2885,2572 976,2574 978,2605"/>
        <Baseline points="978,2605 2892,2601"/>
        <TextEquiv conf="0.9946500762950542">
          <Unicode>cationis non debeat iterari, sed, sicut soleat fieri in ecclesia b. Petri, tantum aqua</Unicode>
        </TextEquiv>
      </TextLine>
      <TextLine id="eSc_line_a8f7027b" custom="structure {type:default;}">
        <Coords points="978,2658 978,2680 1895,2691 1897,2691 1900,2691 1937,2678 1942,2678 1961,2678 2103,2689 2105,2689 2258,2678 2271,2678 2297,2678 2715,2689 2717,2689 2719,2689 2768,2678 2856,2689 2858,2689 2861,2689 2889,2676 2889,2654 2883,2625 976,2627 978,2658"/>
        <Baseline points="978,2658 2889,2654"/>
        <TextEquiv conf="0.9844131663441658">
          <Unicode>benedicta aspergatur“. Epist. S. Thomae ed. Lupus p. 882, Gilberti Foliot epist.</Unicode>
        </TextEquiv>
      </TextLine>
      <TextLine id="eSc_line_592f149b" custom="structure {type:default;}">
        <Coords points="978,2716 978,2736 1478,2747 1480,2747 1533,2736 1544,2744 1544,2747 1546,2747 1548,2747 1551,2749 1659,2749 1659,2747 1661,2747 1690,2733 1694,2733 1705,2733 1778,2744 1780,2744 1782,2744 1820,2733 1824,2733 1900,2733 1911,2742 1911,2744 1913,2744 1915,2744 1917,2747 2163,2747 2163,2744 2165,2744 2167,2744 2167,2742 2178,2733 2275,2744 2277,2744 2341,2731 2344,2711 2339,2683 1725,2672 1723,2672 1661,2683 1654,2685 976,2685 978,2716"/>
        <Baseline points="978,2716 2344,2711"/>
        <TextEquiv conf="0.9936173677444458">
          <Unicode>ed. Giles II. 58, Migne 200 p. 900, — „Mandamus vobis“.</Unicode>
        </TextEquiv>
      </TextLine>
      <TextLine id="eSc_line_002c4657" custom="structure {type:default;}">
        <Coords points="408,2778 413,2813 452,2795 587,2809 587,2769 581,2722 404,2736 408,2778"/>
        <Baseline points="408,2778 587,2769"/>
        <TextEquiv conf="0.9999998331069946">
          <Unicode>„ 12.</Unicode>
        </TextEquiv>
      </TextLine>
      <TextLine id="eSc_line_5a46727b" custom="structure {type:default;}">
        <Coords points="707,2784 707,2828 808,2848 810,2784 810,2729 707,2727 707,2784"/>
        <Baseline points="707,2784 810,2784"/>
        <TextEquiv conf="1.0">
          <Unicode>„</Unicode>
        </TextEquiv>
      </TextLine>
      <TextLine id="eSc_line_c4eff699" custom="structure {type:default;}">
        <Coords points="927,2769 927,2795 2889,2791 2892,2764 2887,2733 925,2733 927,2769"/>
        <Baseline points="927,2769 2892,2764"/>
        <TextEquiv conf="0.9968956857919693">
          <Unicode>12201 (8201) Priori et monachis ecclesiae Cantuariensis gratulatur de Thoma, quondam</Unicode>
        </TextEquiv>
      </TextLine>
      <TextLine id="eSc_line_ae98e524" custom="structure {type:default;}">
        <Coords points="978,2826 978,2850 2887,2850 2889,2820 2883,2791 976,2795 978,2826"/>
        <Baseline points="978,2826 2889,2820"/>
        <TextEquiv conf="0.9936983977876058">
          <Unicode>archiepiscopo, capite ieiunii in sanctorum numerum relato. Mandat, ut corpus eius,</Unicode>
        </TextEquiv>
      </TextLine>
      <TextLine id="eSc_line_c6d3536c" custom="structure {type:default;}">
        <Coords points="983,2884 983,2908 2889,2901 2892,2873 2887,2844 2154,2835 2151,2835 2149,2835 2123,2846 1018,2842 1016,2842 1014,2842 980,2853 983,2884"/>
        <Baseline points="983,2884 2892,2873"/>
        <TextEquiv conf="0.9990886831551455">
          <Unicode>„facta solemni processione, aliquo praecipuo die, in altari honorifice recondant“. Epist.</Unicode>
        </TextEquiv>
      </TextLine>
      <TextLine id="eSc_line_84ddd991" custom="structure {type:default;}">
        <Coords points="980,2937 980,2963 2123,2968 2125,2968 2174,2956 2182,2956 2229,2956 2503,2965 2505,2965 2887,2952 2889,2926 2885,2895 996,2895 994,2895 992,2895 989,2895 978,2901 980,2937"/>
        <Baseline points="980,2937 2889,2926"/>
        <TextEquiv conf="0.9906122443042223">
          <Unicode>S. Thomae ed. Giles II. 39, ed. Lupus p. 879, Mansi XXI. 905, Migne 200 p. 900.</Unicode>
        </TextEquiv>
      </TextLine>
      <TextLine id="eSc_line_91596da2" custom="structure {type:default;}">
        <Coords points="980,2990 980,3009 1745,3016 1747,2990 1745,2959 980,2959 980,2990"/>
        <Baseline points="980,2990 1747,2990"/>
        <TextEquiv conf="0.9999970313041441">
          <Unicode>— „Gaudendum est universitati“.</Unicode>
        </TextEquiv>
      </TextLine>
      <TextLine id="eSc_line_69441df9" custom="structure {type:default;}">
        <Coords points="410,3054 410,3089 585,3076 585,3045 578,2998 479,3014 466,3009 441,3003 439,3003 437,3003 435,3003 408,3014 410,3054"/>
        <Baseline points="410,3054 585,3045"/>
        <TextEquiv conf="0.9996217250823974">
          <Unicode>„ 12.</Unicode>
        </TextEquiv>
      </TextLine>
      <TextLine id="eSc_line_5a20be8c" custom="structure {type:default;}">
        <Coords points="715,3058 715,3091 804,3091 804,3058 804,3014 715,3005 715,3058"/>
        <Baseline points="715,3058 804,3058"/>
        <TextEquiv conf="0.9999910593032837">
          <Unicode>„</Unicode>
        </TextEquiv>
      </TextLine>
      <TextLine id="eSc_line_ac00496c" custom="structure {type:default;}">
        <Coords points="930,3045 930,3069 2892,3060 2894,3036 2889,3005 2410,2994 2408,2994 2406,2994 2366,3005 2364,3005 2326,3005 1911,2996 1908,2996 1802,3007 1782,3009 927,3009 930,3045"/>
        <Baseline points="930,3045 2894,3036"/>
        <TextEquiv conf="0.9943334048702603">
          <Unicode>12202 R(oberto) praeposito et canonicis Insulanis petentibus, ecclesiae eorum sepul-</Unicode>
        </TextEquiv>
      </TextLine>
      <TextLine id="eSc_line_d5307305" custom="structure {type:default;}">
        <Coords points="980,3100 980,3120 1604,3131 1606,3131 1608,3131 1657,3120 2167,3129 2169,3129 2262,3118 2863,3127 2865,3127 2867,3127 2894,3113 2894,3093 2887,3065 978,3067 980,3100"/>
        <Baseline points="980,3100 2894,3093"/>
        <TextEquiv conf="0.9978428146778009">
          <Unicode>turam liberam esse decernit. Pflugk-Harttung Acta I. 252. — „Apostolicae sedis</Unicode>
        </TextEquiv>
      </TextLine>
      <TextLine id="eSc_line_d8cfa9cd" custom="structure {type:default;}">
        <Coords points="978,3153 978,3173 994,3184 996,3184 998,3184 1000,3184 1270,3168 1270,3153 1270,3122 978,3122 978,3153"/>
        <Baseline points="978,3153 1270,3153"/>
        <TextEquiv conf="0.999999816601093">
          <Unicode>auctoritate“.</Unicode>
        </TextEquiv>
      </TextLine>
      <TextLine id="eSc_line_ed12db53" custom="structure {type:default;}">
        <Coords points="406,3215 406,3246 585,3246 585,3208 581,3173 512,3160 510,3160 404,3177 406,3215"/>
        <Baseline points="406,3215 585,3208"/>
        <TextEquiv conf="0.9995336413383484">
          <Unicode>„ 12.</Unicode>
        </TextEquiv>
      </TextLine>
      <TextLine id="eSc_line_283a4dc4" custom="structure {type:default;}">
        <Coords points="682,3215 680,3246 797,3246 799,3219 799,3177 682,3171 682,3215"/>
        <Baseline points="682,3215 799,3219"/>
        <TextEquiv conf="0.9999731779098511">
          <Unicode>„ „</Unicode>
        </TextEquiv>
      </TextLine>
      <TextLine id="eSc_line_e4c89585" custom="structure {type:default;}">
        <Coords points="932,3208 932,3244 2889,3226 2892,3199 2887,3166 2543,3155 2540,3155 930,3168 932,3208"/>
        <Baseline points="932,3208 2892,3199"/>
        <TextEquiv conf="0.9996255417413349">
          <Unicode>12203 (8202) Clero et populo totius Angliae Thomam, quondam archiepiscopum Can-</Unicode>
        </TextEquiv>
      </TextLine>
      <TextLine id="eSc_line_a8dc4321" custom="structure {type:default;}">
        <Coords points="980,3263 980,3288 2889,3283 2892,3257 2885,3228 978,3233 980,3263"/>
        <Baseline points="980,3263 2892,3257"/>
        <TextEquiv conf="0.9977848603401656">
          <Unicode>tuariensem, capite ieiunii in sanctorum numerum ascriptum nunciat, cuius „natalem</Unicode>
        </TextEquiv>
      </TextLine>
      <TextLine id="eSc_line_66c17ce1" custom="structure {type:default;}">
        <Coords points="980,3319 980,3343 2889,3336 2892,3312 2885,3281 978,3281 980,3319"/>
        <Baseline points="980,3319 2892,3312"/>
        <TextEquiv conf="0.9975867703043181">
          <Unicode>diem passionis solemniter annis singulis celebrari“ iubet. (Inscriptio certe eadem erat</Unicode>
        </TextEquiv>
      </TextLine>
      <TextLine id="eSc_line_f8e99c3a" custom="structure {type:default;}">
        <Coords points="980,3372 980,3400 2889,3400 2892,3365 2885,3336 978,3341 980,3372"/>
        <Baseline points="980,3372 2892,3365"/>
        <TextEquiv conf="0.9929223010937372">
          <Unicode>ac in sequenti epistola.) Epist. S. Thomae ed. Giles II. 75, ed. Lupus p. 880, Migne</Unicode>
        </TextEquiv>
      </TextLine>
      <TextLine id="eSc_line_6c304227" custom="structure {type:default;}">
        <Coords points="983,3425 983,3451 2209,3451 2209,3425 2207,3394 983,3394 983,3425"/>
        <Baseline points="983,3425 2209,3425"/>
        <TextEquiv conf="0.9989424919595524">
          <Unicode>200 p. 901, (Mansi XXI. 906). — „Redolet Anglia“.</Unicode>
        </TextEquiv>
      </TextLine>
      <TextLine id="eSc_line_14f46e5b" custom="structure {type:default;}">
        <Coords points="410,3491 413,3531 589,3526 587,3478 581,3436 406,3447 410,3491"/>
        <Baseline points="410,3491 587,3478"/>
        <TextEquiv conf="0.9999987840652466">
          <Unicode>„ 13.</Unicode>
        </TextEquiv>
      </TextLine>
      <TextLine id="eSc_line_51401156" custom="structure {type:default;}">
        <Coords points="715,3493 718,3595 735,3588 782,3604 786,3493 784,3440 715,3440 715,3493"/>
        <Baseline points="715,3493 786,3493"/>
        <TextEquiv conf="0.9999915361404419">
          <Unicode>„</Unicode>
        </TextEquiv>
      </TextLine>
      <TextLine id="eSc_line_4a605a87" custom="structure {type:default;}">
        <Coords points="934,3480 934,3504 2892,3498 2892,3471 2885,3436 932,3445 934,3480"/>
        <Baseline points="934,3480 2892,3471"/>
        <TextEquiv conf="0.997083414878164">
          <Unicode>12204 (8203) Eiusdem epistolae exemplar (archiepiscopis et episcopis et aliis eccle-</Unicode>
        </TextEquiv>
      </TextLine>
      <TextLine id="eSc_line_7e2cd626" custom="structure {type:default;}">
        <Coords points="985,3535 987,3604 1027,3590 1126,3601 1148,3604 1151,3604 1153,3604 1162,3601 1221,3581 1290,3581 1316,3599 1319,3601 1321,3601 1323,3601 1325,3601 1347,3599 1431,3584 1486,3597 1502,3599 1504,3599 1506,3599 1513,3595 1544,3579 1612,3595 1648,3601 1650,3604 1866,3604 1866,3601 1869,3601 1900,3590 1928,3579 2017,3588 2050,3590 2052,3590 2054,3590 2063,3586 2092,3577 2147,3586 2231,3599 2233,3599 2235,3599 2286,3584 2311,3577 2335,3584 2353,3586 2355,3586 2394,3581 2452,3575 2474,3581 2503,3588 2505,3588 2507,3588 2569,3579 2585,3577 2596,3579 2684,3597 2686,3597 2688,3597 2744,3577 2748,3575 2892,3575 2892,3526 2885,3493 983,3504 985,3535"/>
        <Baseline points="985,3535 2892,3526"/>
        <TextEquiv conf="0.9840139962104429">
          <Unicode>siarum praelatis et universo clero ac populo per Angliam constitutis inseriptum et.</Unicode>
        </TextEquiv>
      </TextLine>
    </TextRegion>
    <TextRegion id="eSc_textblock_fe9918ad"  custom="structure {type:default;}">
      <Coords points="1151,185 2043,185 2079,194 2087,271 1146,289 1111,229 1151,185"/>
      <TextLine id="eSc_line_cf31456b" custom="structure {type:default;}">
        <Coords points="1721,185 1643,198 1610,185 1608,185 1606,185 1604,185 1553,200 1268,187 1265,187 1142,203 1144,256 1144,276 2063,280 2068,251 2063,200 1723,185 1721,185"/>
        <Baseline points="1144,256 2068,251"/>
        <TextEquiv conf="0.9998741102218628">
          <Unicode>ALEXANDER III. 1159—1181.</Unicode>
        </TextEquiv>
      </TextLine>
    </TextRegion>
  </Page>
</PcGts>
