<?xml version="1.0" encoding="UTF-8"  standalone="yes"?>
<PcGts xmlns="http://schema.primaresearch.org/PAGE/gts/pagecontent/2019-07-15" xmlns:xsi="http://www.w3.org/2001/XMLSchema-instance" xsi:schemaLocation="http://schema.primaresearch.org/PAGE/gts/pagecontent/2019-07-15 http://schema.primaresearch.org/PAGE/gts/pagecontent/2019-07-15/pagecontent.xsd">
  <Metadata>
	<Creator>escriptorium</Creator>
	<Created>2024-07-19T10:10:16.013449+00:00</Created>
        <LastChange>2024-08-08T08:37:59.614051+00:00</LastChange>
  </Metadata>
  <Page imageFilename="0283.png" imageWidth="3007" imageHeight="3975">
    <TextRegion id="eSc_textblock_ac835002"  custom="structure {type:default;}">
      <Coords points="349,167 483,176 483,245 318,253 349,167"/>
      <TextLine id="eSc_line_d92713bd" custom="structure {type:default;}">
        <Coords points="448,174 426,172 404,170 382,170 362,167 355,170 338,189 342,229 342,253 468,249 468,223 463,174 448,174"/>
        <Baseline points="342,229 468,223"/>
        <TextEquiv conf="0.9999892314275106">
          <Unicode>270</Unicode>
        </TextEquiv>
      </TextLine>
    </TextRegion>
    <TextRegion id="eSc_textblock_455fa522"  custom="structure {type:default;}">
      <Coords points="366,318 572,335 600,415 636,335 881,353 927,318 2900,326 2909,2585 2900,3522 2874,3557 963,3557 872,3513 618,3513 598,2727 572,3522 344,3513 309,2373 309,468 318,353 366,318"/>
      <TextLine id="eSc_line_104e6ace" custom="structure {type:default;}">
        <Coords points="1140,318 1042,333 914,324 905,331 883,348 885,379 885,406 1215,406 1215,371 1210,331 1142,318 1140,318"/>
        <Baseline points="885,379 1215,371"/>
        <TextEquiv conf="0.9999985575675965">
          <Unicode>1173—1174.</Unicode>
        </TextEquiv>
      </TextLine>
      <TextLine id="eSc_line_5d8b0e90" custom="structure {type:default;}">
        <Coords points="916,437 914,463 2883,472 2887,443 2885,399 2783,386 2781,386 2642,397 2635,397 2633,397 2600,384 2598,384 2596,384 2516,397 2512,397 2507,397 2465,384 2463,384 2461,384 2459,384 2432,397 2430,397 2428,397 2399,386 2397,386 2394,386 2392,386 2390,386 2375,397 2372,397 2348,397 2167,386 2165,386 2017,395 2010,395 2008,395 1990,382 1988,382 1986,382 1984,382 1869,395 1862,395 1855,395 1771,382 1769,382 1767,382 1725,395 1723,395 1721,395 1690,382 1687,382 1685,382 1601,393 1548,379 1546,379 1544,379 1542,379 1506,390 1279,379 1277,379 1274,379 1248,393 916,393 916,437"/>
        <Baseline points="916,437 2887,443"/>
        <TextEquiv conf="0.9999220214784146">
          <Unicode>12280 (8252) Henrico, archiepiscopo Remensi, mandat, ut abbatem Silvae-maloris a</Unicode>
        </TextEquiv>
      </TextLine>
      <TextLine id="eSc_line_4c82fa5f" custom="structure {type:default;}">
        <Coords points="360,441 360,479 578,483 581,441 581,382 512,366 510,366 508,366 486,377 479,382 428,382 424,375 415,368 415,366 413,366 410,366 408,366 360,373 360,441"/>
        <Baseline points="360,441 581,441"/>
        <TextEquiv conf="0.9910503370421273">
          <Unicode>Mai. 4.</Unicode>
        </TextEquiv>
      </TextLine>
      <TextLine id="eSc_line_ad3f5cd3" custom="structure {type:default;}">
        <Coords points="623,441 623,477 857,488 859,437 855,373 740,348 737,348 735,348 700,368 671,353 669,353 667,353 665,353 620,371 623,441"/>
        <Baseline points="623,441 859,437"/>
        <TextEquiv conf="0.9435654059052467">
          <Unicode>Anarniae</Unicode>
        </TextEquiv>
      </TextLine>
      <TextLine id="eSc_line_8c82a67d" custom="structure {type:default;}">
        <Coords points="978,490 976,510 1034,523 1036,523 2883,521 2885,499 2883,468 2454,468 2430,461 2388,454 2386,454 2171,459 1984,463 1955,457 1931,452 1928,452 1765,454 1458,461 1429,452 1425,450 1422,450 1420,450 1358,450 1056,459 978,448 978,490"/>
        <Baseline points="978,490 2885,499"/>
        <TextEquiv conf="0.9970339257505876">
          <Unicode>Wiscardi et Radulfi de Coceio iniuriis defendat. Martene Coll. II. 974, Bouquet</Unicode>
        </TextEquiv>
      </TextLine>
      <TextLine id="eSc_line_ba1df93a" custom="structure {type:default;}">
        <Coords points="972,547 969,569 2109,580 2112,580 2114,580 2151,569 2244,580 2246,580 2304,567 2306,552 2304,518 972,510 972,547"/>
        <Baseline points="972,547 2306,552"/>
        <TextEquiv conf="0.9968716220422225">
          <Unicode>Rec. XV. 934, Migne 200 p. 942. — „Significavit nobis“.</Unicode>
        </TextEquiv>
      </TextLine>
      <TextLine id="eSc_line_feff5c50" custom="structure {type:default;}">
        <Coords points="921,602 919,631 2881,638 2885,609 2883,574 921,567 921,602"/>
        <Baseline points="921,602 2885,609"/>
        <TextEquiv conf="0.997543091454157">
          <Unicode>12281 Inter fratres Valcellenses et ecclesiam S. Andreae de Castello compositionem</Unicode>
        </TextEquiv>
      </TextLine>
      <TextLine id="eSc_line_f3b4f3b0" custom="structure {type:default;}">
        <Coords points="397,609 397,640 578,636 578,605 572,552 395,563 397,609"/>
        <Baseline points="397,609 578,605"/>
        <TextEquiv conf="0.9999994516372681">
          <Unicode>„ 13.</Unicode>
        </TextEquiv>
      </TextLine>
      <TextLine id="eSc_line_ab364859" custom="structure {type:default;}">
        <Coords points="707,618 707,660 793,638 793,618 793,563 707,560 707,618"/>
        <Baseline points="707,618 793,618"/>
        <TextEquiv conf="1.0">
          <Unicode>„</Unicode>
        </TextEquiv>
      </TextLine>
      <TextLine id="eSc_line_1f33b4e4" custom="structure {type:default;}">
        <Coords points="969,658 967,677 2878,691 2883,664 2881,631 969,624 969,658"/>
        <Baseline points="969,658 2883,664"/>
        <TextEquiv conf="0.9897748482080153">
          <Unicode>a Petro, electo Cameracensi, super decimis factam confirmat. In bibl. nat. Paris.</Unicode>
        </TextEquiv>
      </TextLine>
      <TextLine id="eSc_line_747611e3" custom="structure {type:default;}">
        <Coords points="969,715 969,737 2881,739 2883,715 2883,684 969,677 969,715"/>
        <Baseline points="969,715 2883,715"/>
        <TextEquiv conf="0.9913629286172914">
          <Unicode>Chartul. Valcellens. cop. a. 1872, ms. lat. nouv. acqu. 1206. f. 33, (Neues Archiv</Unicode>
        </TextEquiv>
      </TextLine>
      <TextLine id="eSc_line_f999cee5" custom="structure {type:default;}">
        <Coords points="972,768 972,786 1027,799 1029,799 1031,799 1078,788 1102,799 1104,799 1106,799 1217,788 1716,799 1718,799 1721,799 1769,786 1769,768 1769,737 1659,737 1657,735 1641,724 1639,724 1637,724 1634,724 1632,724 1590,735 1586,735 1579,735 1544,724 1542,724 1539,724 1537,724 1517,733 1513,735 1504,733 1471,724 1469,724 1467,724 1429,733 1416,735 1402,733 1372,724 1369,724 1367,724 1365,724 1343,730 1330,735 972,728 972,768"/>
        <Baseline points="972,768 1769,768"/>
        <TextEquiv conf="0.9976826855114528">
          <Unicode>VII. 103). — „Ex litteris dilecti“.</Unicode>
        </TextEquiv>
      </TextLine>
      <TextLine id="eSc_line_046863fe" custom="structure {type:default;}">
        <Coords points="919,821 916,841 2881,848 2885,828 2883,792 2253,792 2249,790 2233,779 2231,779 2229,779 2227,779 919,783 919,821"/>
        <Baseline points="919,821 2885,828"/>
        <TextEquiv conf="0.9974911000536776">
          <Unicode>12282 (8254) Henrico archiepiscopo, episcopis, abbatibus et aliis ecclesiarum praelatis</Unicode>
        </TextEquiv>
      </TextLine>
      <TextLine id="eSc_line_e85a62cc" custom="structure {type:default;}">
        <Coords points="397,830 397,865 578,863 578,830 576,781 397,786 397,830"/>
        <Baseline points="397,830 578,830"/>
        <TextEquiv conf="0.9998016715049743">
          <Unicode>„ 15.</Unicode>
        </TextEquiv>
      </TextLine>
      <TextLine id="eSc_line_329ad165" custom="structure {type:default;}">
        <Coords points="700,839 700,898 793,905 795,839 793,770 700,779 700,839"/>
        <Baseline points="700,839 795,839"/>
        <TextEquiv conf="1.0">
          <Unicode>„</Unicode>
        </TextEquiv>
      </TextLine>
      <TextLine id="eSc_line_27ceff89" custom="structure {type:default;}">
        <Coords points="969,878 967,896 2878,903 2883,885 2881,852 969,845 969,878"/>
        <Baseline points="969,878 2883,885"/>
        <TextEquiv conf="0.9939920155307914">
          <Unicode>archiepiscopatus Remensis, monachos S. Remigii tuendos commendat. Martene Coll.</Unicode>
        </TextEquiv>
      </TextLine>
      <TextLine id="eSc_line_53daf9dc" custom="structure {type:default;}">
        <Coords points="969,936 969,956 1811,967 1813,967 1959,954 1975,954 1977,954 1990,965 1992,965 1995,965 1997,967 2366,967 2366,965 2368,965 2397,954 2414,965 2417,965 2419,965 2421,967 2680,967 2680,965 2682,965 2728,951 2728,931 2724,901 967,894 969,936"/>
        <Baseline points="969,936 2728,931"/>
        <TextEquiv conf="0.9959217633519853">
          <Unicode>II. 975, Bouquet Rec. XV. 934, Migne 200 p. 946. — „Cum oporteat nos“.</Unicode>
        </TextEquiv>
      </TextLine>
      <TextLine id="eSc_line_8dfb187c" custom="structure {type:default;}">
        <Coords points="919,989 919,1013 2881,1015 2883,989 2883,958 919,947 919,989"/>
        <Baseline points="919,989 2883,989"/>
        <TextEquiv conf="0.991420498095363">
          <Unicode>12283 (8255) Henrico, archiepiscopo Remensi, mandat, compellat Paganum et Rainaldum</Unicode>
        </TextEquiv>
      </TextLine>
      <TextLine id="eSc_line_2253b7df" custom="structure {type:default;}">
        <Coords points="391,998 391,1020 572,1022 574,991 567,945 421,956 388,942 391,998"/>
        <Baseline points="391,998 574,991"/>
        <TextEquiv conf="0.9938578248023987">
          <Unicode>„ 18.</Unicode>
        </TextEquiv>
      </TextLine>
      <TextLine id="eSc_line_8fadeb04" custom="structure {type:default;}">
        <Coords points="700,1004 698,1022 753,1033 755,1033 757,1033 784,1018 786,1009 786,958 702,938 700,1004"/>
        <Baseline points="700,1004 786,1009"/>
        <TextEquiv conf="1.0">
          <Unicode>„</Unicode>
        </TextEquiv>
      </TextLine>
      <TextLine id="eSc_line_2edf285c" custom="structure {type:default;}">
        <Coords points="969,1040 967,1062 2876,1075 2881,1044 2878,1013 969,1002 969,1040"/>
        <Baseline points="969,1040 2881,1044"/>
        <TextEquiv conf="0.9950688437179283">
          <Unicode>burgenses Remenses, a sede apostolica reversos, ut, quas Alagrino, civi Anagnino,</Unicode>
        </TextEquiv>
      </TextLine>
      <TextLine id="eSc_line_2848aa30" custom="structure {type:default;}">
        <Coords points="969,1095 967,1117 2878,1128 2883,1101 2881,1071 969,1062 969,1095"/>
        <Baseline points="969,1095 2883,1101"/>
        <TextEquiv conf="0.9961808224519094">
          <Unicode>debeant, libras 16 monetae Provinensis nuncio eius exsolvant. Martene Coll. II. 976,</Unicode>
        </TextEquiv>
      </TextLine>
      <TextLine id="eSc_line_a98e2d3f" custom="structure {type:default;}">
        <Coords points="969,1152 969,1170 1034,1185 1036,1185 1113,1170 1120,1170 1137,1170 1380,1183 1383,1183 1385,1183 1422,1168 1427,1168 1462,1168 1836,1183 1838,1183 1840,1183 1886,1166 1886,1148 1880,1119 967,1121 969,1152"/>
        <Baseline points="969,1152 1886,1148"/>
        <TextEquiv conf="0.9994779702495126">
          <Unicode>Migne 200 p. 946. — „Cum Paganus“.</Unicode>
        </TextEquiv>
      </TextLine>
      <TextLine id="eSc_line_b79ca4ad" custom="structure {type:default;}">
        <Coords points="919,1205 919,1234 2883,1234 2885,1210 2883,1172 919,1170 919,1205"/>
        <Baseline points="919,1205 2885,1210"/>
        <TextEquiv conf="0.9948079600930214">
          <Unicode>12284 (8256) Henrico, archiepiscopo Remensi, mandat, compellat Adamum de Villari</Unicode>
        </TextEquiv>
      </TextLine>
      <TextLine id="eSc_line_2fdcfe7d" custom="structure {type:default;}">
        <Coords points="393,1214 393,1245 576,1234 576,1207 572,1163 499,1159 497,1159 494,1159 492,1159 472,1172 461,1179 391,1179 393,1214"/>
        <Baseline points="393,1214 576,1207"/>
        <TextEquiv conf="0.9986855864524842">
          <Unicode>„ 19.</Unicode>
        </TextEquiv>
      </TextLine>
      <TextLine id="eSc_line_8509a9f6" custom="structure {type:default;}">
        <Coords points="702,1223 700,1263 748,1289 751,1289 753,1289 755,1289 782,1278 786,1227 784,1196 702,1188 702,1223"/>
        <Baseline points="702,1223 786,1227"/>
        <TextEquiv conf="1.0">
          <Unicode>„</Unicode>
        </TextEquiv>
      </TextLine>
      <TextLine id="eSc_line_1b0a88ac" custom="structure {type:default;}">
        <Coords points="969,1260 967,1285 2876,1296 2881,1267 2878,1234 969,1227 969,1260"/>
        <Baseline points="969,1260 2881,1267"/>
        <TextEquiv conf="0.9973260974272703">
          <Unicode>et eius fratrem, ut Rainoldo ablatam terram restituant. Martene Coll. II. 976,</Unicode>
        </TextEquiv>
      </TextLine>
      <TextLine id="eSc_line_0b9d2126" custom="structure {type:default;}">
        <Coords points="947,1327 947,1338 2551,1338 2554,1318 2551,1285 947,1283 947,1327"/>
        <Baseline points="947,1327 983,1318 1164,1316 2554,1318"/>
        <TextEquiv conf="0.9961880940657396">
          <Unicode>Migne 200 p. 947. — „Ex transmissa questione (an conquestione?)“.</Unicode>
        </TextEquiv>
      </TextLine>
      <TextLine id="eSc_line_b1547463" custom="structure {type:default;}">
        <Coords points="919,1375 919,1400 2881,1397 2883,1371 2878,1340 916,1340 919,1375"/>
        <Baseline points="919,1375 2883,1371"/>
        <TextEquiv conf="0.9994090458926033">
          <Unicode>12285 Fratribus Compendiensibus ecclesiam S. Clementis, quae vocatur Abbatia, et alia</Unicode>
        </TextEquiv>
      </TextLine>
      <TextLine id="eSc_line_e736e3b7" custom="structure {type:default;}">
        <Coords points="395,1380 397,1408 455,1393 479,1402 490,1406 492,1406 494,1406 576,1393 576,1373 570,1333 393,1333 395,1380"/>
        <Baseline points="395,1380 576,1373"/>
        <TextEquiv conf="0.9999995708465577">
          <Unicode>„ 19.</Unicode>
        </TextEquiv>
      </TextLine>
      <TextLine id="eSc_line_26f5324f" custom="structure {type:default;}">
        <Coords points="700,1389 695,1457 784,1450 788,1393 788,1362 755,1349 753,1349 751,1349 700,1355 700,1389"/>
        <Baseline points="700,1389 788,1393"/>
        <TextEquiv conf="1.0">
          <Unicode>„</Unicode>
        </TextEquiv>
      </TextLine>
      <TextLine id="eSc_line_4245d289" custom="structure {type:default;}">
        <Coords points="965,1426 963,1446 2878,1453 2883,1431 2878,1391 965,1391 965,1426"/>
        <Baseline points="965,1426 2883,1431"/>
        <TextEquiv conf="0.9986201494932174">
          <Unicode>quaedam asserit. Chartul. S. Cornel. Compend. LL. 1622. s. XIII. f. 53 in tabul.</Unicode>
        </TextEquiv>
      </TextLine>
      <TextLine id="eSc_line_c2a45ecc" custom="structure {type:default;}">
        <Coords points="965,1479 965,1510 2881,1510 2883,1484 2881,1453 965,1446 965,1479"/>
        <Baseline points="965,1479 2883,1484"/>
        <TextEquiv conf="0.9905790596507317">
          <Unicode>nat. Paris., Coll. Moreau t. 71. f. 199 in bibl. nat. Paris. — „Quotiens aliqua eccle-</Unicode>
        </TextEquiv>
      </TextLine>
      <TextLine id="eSc_line_1f99ed6f" custom="structure {type:default;}">
        <Coords points="963,1537 963,1559 1166,1559 1166,1537 1166,1506 963,1506 963,1537"/>
        <Baseline points="963,1537 1166,1537"/>
        <TextEquiv conf="0.9999997913837433">
          <Unicode>siarum“.</Unicode>
        </TextEquiv>
      </TextLine>
      <TextLine id="eSc_line_d21a4357" custom="structure {type:default;}">
        <Coords points="919,1592 919,1618 2883,1614 2883,1592 2883,1556 2839,1543 2836,1543 2834,1543 2693,1556 2686,1559 2432,1559 2428,1556 2412,1543 2410,1543 2408,1543 2406,1543 2403,1543 2377,1554 2372,1556 2355,1554 2282,1545 2280,1545 2231,1554 2216,1556 2138,1554 1948,1545 1946,1545 1880,1552 1836,1556 1827,1552 1816,1543 1813,1543 1811,1543 1809,1543 1807,1543 1785,1552 1769,1559 1604,1559 1590,1550 1579,1543 1577,1543 1575,1543 1573,1543 1539,1550 1511,1556 1436,1550 1385,1545 1383,1545 1360,1550 1323,1556 1303,1550 1290,1543 1288,1543 1133,1543 1131,1543 1129,1543 1111,1548 1073,1556 919,1548 919,1592"/>
        <Baseline points="919,1592 2883,1592"/>
        <TextEquiv conf="0.9947475276887416">
          <Unicode>12286 (8257) Henrico, archiepiscopo Remensi, mandat, iudicet inter monachos Com-</Unicode>
        </TextEquiv>
      </TextLine>
      <TextLine id="eSc_line_97d15178" custom="structure {type:default;}">
        <Coords points="395,1598 395,1627 574,1616 576,1594 570,1528 417,1539 393,1528 395,1598"/>
        <Baseline points="395,1598 576,1594"/>
        <TextEquiv conf="0.9688934683799744">
          <Unicode>„ 20.</Unicode>
        </TextEquiv>
      </TextLine>
      <TextLine id="eSc_line_7cdde41e" custom="structure {type:default;}">
        <Coords points="702,1609 702,1678 784,1673 784,1609 779,1532 702,1554 702,1609"/>
        <Baseline points="702,1609 784,1609"/>
        <TextEquiv conf="0.9999998807907104">
          <Unicode>„</Unicode>
        </TextEquiv>
      </TextLine>
      <TextLine id="eSc_line_67ce7c79" custom="structure {type:default;}">
        <Coords points="967,1649 967,1671 2876,1676 2881,1645 2874,1614 965,1616 967,1649"/>
        <Baseline points="967,1649 2881,1645"/>
        <TextEquiv conf="0.9931870526578053">
          <Unicode>pendienses et canonicos ecclesiae S. Clementis. Martene Coll. II. 977, Bouquet Rec.</Unicode>
        </TextEquiv>
      </TextLine>
      <TextLine id="eSc_line_08e3a12c" custom="structure {type:default;}">
        <Coords points="967,1702 967,1722 1296,1733 1299,1733 1369,1722 1385,1733 1387,1733 1389,1733 1391,1733 1699,1720 1703,1720 1705,1720 1816,1731 1818,1731 1950,1729 1953,1729 1955,1729 1966,1718 1997,1729 1999,1729 2001,1729 2003,1729 2045,1718 2056,1729 2059,1729 2061,1729 2063,1731 2209,1731 2209,1729 2211,1729 2246,1715 2246,1696 2242,1669 2045,1669 2019,1656 2017,1656 2014,1656 2012,1656 2010,1656 2010,1658 1999,1667 1928,1658 1926,1658 1813,1669 1811,1669 1780,1658 1778,1658 1776,1658 1774,1658 1771,1658 1754,1669 1752,1671 1690,1671 1637,1671 1557,1658 1555,1658 1464,1669 1391,1658 1389,1658 1387,1658 1385,1658 1369,1671 1325,1660 1323,1660 1321,1660 1182,1671 1179,1671 1098,1660 1095,1660 1093,1660 1067,1671 996,1660 994,1660 992,1660 965,1669 967,1702"/>
        <Baseline points="967,1702 2246,1696"/>
        <TextEquiv conf="0.9828641331195831">
          <Unicode>XV. 935, Migne 200 p. 947. — „Pervenit ad nos ex“.</Unicode>
        </TextEquiv>
      </TextLine>
      <TextLine id="eSc_line_fbf832b3" custom="structure {type:default;}">
        <Coords points="916,1757 916,1782 2881,1779 2881,1757 2881,1724 916,1722 916,1757"/>
        <Baseline points="916,1757 2881,1757"/>
        <TextEquiv conf="0.9976194530357549">
          <Unicode>12287 Monasterio Compendiensi decimas quasdam concedit, statuitque ne in ecclesia</Unicode>
        </TextEquiv>
      </TextLine>
      <TextLine id="eSc_line_e0719334" custom="structure {type:default;}">
        <Coords points="391,1764 391,1790 424,1795 426,1795 428,1795 430,1795 430,1793 435,1788 448,1775 479,1775 501,1784 519,1793 521,1793 523,1793 525,1793 574,1779 574,1760 570,1720 494,1707 492,1707 490,1707 468,1713 435,1722 388,1709 391,1764"/>
        <Baseline points="391,1764 574,1760"/>
        <TextEquiv conf="0.9999910354614258">
          <Unicode>„ 21.</Unicode>
        </TextEquiv>
      </TextLine>
      <TextLine id="eSc_line_2e3a0d26" custom="structure {type:default;}">
        <Coords points="704,1777 707,1837 779,1828 779,1773 773,1726 700,1729 704,1777"/>
        <Baseline points="704,1777 779,1773"/>
        <TextEquiv conf="1.0">
          <Unicode>„</Unicode>
        </TextEquiv>
      </TextLine>
      <TextLine id="eSc_line_dd836e35" custom="structure {type:default;}">
        <Coords points="965,1810 965,1835 2883,1835 2883,1810 2883,1782 965,1782 965,1810"/>
        <Baseline points="965,1810 2883,1810"/>
        <TextEquiv conf="0.9997751573463539">
          <Unicode>eiusdem loci praebendarum vel canonicorum numerus augeatur. Alia addit. Char-</Unicode>
        </TextEquiv>
      </TextLine>
      <TextLine id="eSc_line_7398f0cd" custom="structure {type:default;}">
        <Coords points="967,1868 967,1888 2878,1890 2881,1868 2881,1837 967,1837 967,1868"/>
        <Baseline points="967,1868 2881,1868"/>
        <TextEquiv conf="0.9974419605441209">
          <Unicode>tular. S. Cornel. Compend. LL. 1622. s. XIII. f. 54 in tabular. nat. Paris., Coll.</Unicode>
        </TextEquiv>
      </TextLine>
      <TextLine id="eSc_line_a210cd6c" custom="structure {type:default;}">
        <Coords points="967,1923 967,1943 1332,1954 1334,1954 1497,1941 1522,1941 1546,1941 1721,1952 1723,1952 1725,1952 1758,1941 1760,1941 1767,1941 1882,1952 1884,1952 1886,1952 1915,1941 1999,1952 2001,1952 2478,1949 2481,1949 2520,1936 2520,1916 2516,1888 965,1883 967,1923"/>
        <Baseline points="967,1923 2520,1916"/>
        <TextEquiv conf="0.9994656910067019">
          <Unicode>Moreau t. 74. f. 130 in bibl. nat. Paris. — „Etsi iustas petitiones“.</Unicode>
        </TextEquiv>
      </TextLine>
      <TextLine id="eSc_line_86b47b59" custom="structure {type:default;}">
        <Coords points="916,1976 916,2000 2878,1996 2881,1972 2874,1941 914,1943 916,1976"/>
        <Baseline points="916,1976 2881,1972"/>
        <TextEquiv conf="0.9997778843430912">
          <Unicode>12288 (8258) Henrico, archiepiscopo Remensi, mandat, ut vel invitis decano et thesau-</Unicode>
        </TextEquiv>
      </TextLine>
      <TextLine id="eSc_line_758953cd" custom="structure {type:default;}">
        <Coords points="393,1983 393,2014 574,2009 574,1976 570,1932 501,1916 499,1916 497,1916 470,1927 457,1934 391,1927 393,1983"/>
        <Baseline points="393,1983 574,1976"/>
        <TextEquiv conf="0.9999986886978149">
          <Unicode>„ 21.</Unicode>
        </TextEquiv>
      </TextLine>
      <TextLine id="eSc_line_054194e5" custom="structure {type:default;}">
        <Coords points="704,1996 711,2080 782,2058 779,1991 771,1903 698,1919 704,1996"/>
        <Baseline points="704,1996 779,1991"/>
        <TextEquiv conf="0.9999648332595825">
          <Unicode>„</Unicode>
        </TextEquiv>
      </TextLine>
      <TextLine id="eSc_line_166ce087" custom="structure {type:default;}">
        <Coords points="967,2031 967,2062 2881,2053 2881,2031 2878,1996 967,1998 967,2031"/>
        <Baseline points="967,2031 2881,2031"/>
        <TextEquiv conf="0.9990993542007253">
          <Unicode>rario Noviomensibus ecclesiam S. Medardi de Barleus W. presbytero tribuat. Mar-</Unicode>
        </TextEquiv>
      </TextLine>
      <TextLine id="eSc_line_8772de79" custom="structure {type:default;}">
        <Coords points="965,2086 965,2108 2430,2108 2430,2086 2430,2053 965,2053 965,2086"/>
        <Baseline points="965,2086 2430,2086"/>
        <TextEquiv conf="0.9995596772533352">
          <Unicode>tene Coll. II. 978, Migne 200 p. 948. — „Cum W. presbyter“.</Unicode>
        </TextEquiv>
      </TextLine>
      <TextLine id="eSc_line_09cd008b" custom="structure {type:default;}">
        <Coords points="919,2144 919,2168 2878,2159 2881,2135 2876,2104 916,2102 919,2144"/>
        <Baseline points="919,2144 2881,2135"/>
        <TextEquiv conf="0.9967157494874648">
          <Unicode>12289 (8259) Henrico, archiepiscopo Remensi, mandat, compellat Ro. de Thori cano-</Unicode>
        </TextEquiv>
      </TextLine>
      <TextLine id="eSc_line_ad40b069" custom="structure {type:default;}">
        <Coords points="397,2146 397,2177 576,2177 576,2139 570,2091 395,2100 397,2146"/>
        <Baseline points="397,2146 576,2139"/>
        <TextEquiv conf="0.9916761040687561">
          <Unicode>„ 26.</Unicode>
        </TextEquiv>
      </TextLine>
      <TextLine id="eSc_line_a59e3838" custom="structure {type:default;}">
        <Coords points="702,2155 698,2228 775,2228 782,2159 782,2095 704,2086 702,2155"/>
        <Baseline points="702,2155 782,2159"/>
        <TextEquiv conf="1.0">
          <Unicode>„</Unicode>
        </TextEquiv>
      </TextLine>
      <TextLine id="eSc_line_2a8ebde7" custom="structure {type:default;}">
        <Coords points="967,2195 967,2221 2872,2226 2876,2188 2870,2157 965,2157 967,2195"/>
        <Baseline points="967,2195 2876,2188"/>
        <TextEquiv conf="0.9910010129977496">
          <Unicode>nicum, ut G. clerico domum quamdam restituat. Martene Coll. II. 978, Migne 200</Unicode>
        </TextEquiv>
      </TextLine>
      <TextLine id="eSc_line_8ea1edf2" custom="structure {type:default;}">
        <Coords points="967,2252 967,2276 1871,2279 1873,2279 1875,2279 1922,2265 1922,2245 1915,2217 965,2219 967,2252"/>
        <Baseline points="967,2252 1922,2245"/>
        <TextEquiv conf="0.9988409510025611">
          <Unicode>p. 948. — „Ex transmissa conquestione“.</Unicode>
        </TextEquiv>
      </TextLine>
      <TextLine id="eSc_line_13aa3d24" custom="structure {type:default;}">
        <Coords points="919,2303 916,2332 2872,2336 2876,2307 2874,2270 919,2265 919,2303"/>
        <Baseline points="919,2303 2876,2307"/>
        <TextEquiv conf="0.9999712883006959">
          <Unicode>12290 Canonicis S. Mariae Blesensibus concessam a Io(scio), archiepiscopo Turonensi,</Unicode>
        </TextEquiv>
      </TextLine>
      <TextLine id="eSc_line_777f249b" custom="structure {type:default;}">
        <Coords points="393,2309 393,2338 576,2334 576,2305 570,2232 391,2263 393,2309"/>
        <Baseline points="393,2309 576,2305"/>
        <TextEquiv conf="0.9996500372886657">
          <Unicode>„ 31.</Unicode>
        </TextEquiv>
      </TextLine>
      <TextLine id="eSc_line_608ca9d6" custom="structure {type:default;}">
        <Coords points="702,2318 698,2378 779,2385 786,2323 788,2265 704,2252 702,2318"/>
        <Baseline points="702,2318 786,2323"/>
        <TextEquiv conf="1.0">
          <Unicode>„</Unicode>
        </TextEquiv>
      </TextLine>
      <TextLine id="eSc_line_d4721e0f" custom="structure {type:default;}">
        <Coords points="967,2360 967,2389 2881,2382 2881,2360 2881,2329 967,2329 967,2360"/>
        <Baseline points="967,2360 2881,2360"/>
        <TextEquiv conf="0.9998737860329544">
          <Unicode>ecclesiam S. Laurentii de Monte Laudato confirmat. Cartul. de Burgo-medio Bles.</Unicode>
        </TextEquiv>
      </TextLine>
      <TextLine id="eSc_line_12ad7ddf" custom="structure {type:default;}">
        <Coords points="963,2413 963,2438 2819,2433 2821,2409 2814,2380 961,2382 963,2413"/>
        <Baseline points="963,2413 2821,2409"/>
        <TextEquiv conf="0.9993974343839899">
          <Unicode>Coll. Housseau 12. I. f. 72 in bibl. nat. Paris. — „(Iustis) petentium desideriis“.</Unicode>
        </TextEquiv>
      </TextLine>
      <TextLine id="eSc_line_296efb53" custom="structure {type:default;}">
        <Coords points="916,2471 916,2495 2878,2488 2881,2464 2876,2433 932,2429 930,2429 927,2429 925,2429 914,2435 916,2471"/>
        <Baseline points="916,2471 2881,2464"/>
        <TextEquiv conf="0.9916917696231748">
          <Unicode>12291 (8260) Henrico, archiepiscopo Remensi, mandat, ut leprosos de Turribus super</Unicode>
        </TextEquiv>
      </TextLine>
      <TextLine id="eSc_line_6cf2e339" custom="structure {type:default;}">
        <Coords points="360,2473 360,2499 441,2508 444,2508 446,2508 463,2504 503,2493 519,2506 521,2508 523,2508 525,2508 528,2508 576,2506 576,2468 572,2426 357,2422 360,2473"/>
        <Baseline points="360,2473 576,2468"/>
        <TextEquiv conf="0.9995455401284354">
          <Unicode>Iun. 1.</Unicode>
        </TextEquiv>
      </TextLine>
      <TextLine id="eSc_line_c9ebd168" custom="structure {type:default;}">
        <Coords points="702,2488 704,2555 790,2555 788,2484 782,2422 698,2429 702,2488"/>
        <Baseline points="702,2488 788,2484"/>
        <TextEquiv conf="1.0">
          <Unicode>„</Unicode>
        </TextEquiv>
      </TextLine>
      <TextLine id="eSc_line_d50c710a" custom="structure {type:default;}">
        <Coords points="969,2524 969,2546 2878,2552 2881,2524 2881,2495 969,2486 969,2524"/>
        <Baseline points="969,2524 2881,2524"/>
        <TextEquiv conf="0.9926955764552197">
          <Unicode>Marnam, a monachis eiusdem villae et Eyvirvino presbytero excommunicatos, absolvat,</Unicode>
        </TextEquiv>
      </TextLine>
      <TextLine id="eSc_line_aaae23d0" custom="structure {type:default;}">
        <Coords points="969,2579 969,2603 2878,2603 2878,2579 2878,2548 969,2544 969,2579"/>
        <Baseline points="969,2579 2878,2579"/>
        <TextEquiv conf="0.9953367680679133">
          <Unicode>ac tres de fratribus extra coemeterium sepultos in coemeterium transferri iubeat.</Unicode>
        </TextEquiv>
      </TextLine>
      <TextLine id="eSc_line_07f1e109" custom="structure {type:default;}">
        <Coords points="972,2634 972,2654 2547,2663 2549,2634 2549,2603 972,2597 972,2634"/>
        <Baseline points="972,2634 2549,2634"/>
        <TextEquiv conf="0.9923508986830711">
          <Unicode>Martene Coll. II. 979, Migne 200 p. 949. — „Recepimus querelam“.</Unicode>
        </TextEquiv>
      </TextLine>
      <TextLine id="eSc_line_e55f245f" custom="structure {type:default;}">
        <Coords points="919,2691 919,2714 2874,2716 2878,2687 2874,2654 916,2650 919,2691"/>
        <Baseline points="919,2691 2878,2687"/>
        <TextEquiv conf="0.9930213197719219">
          <Unicode>12292 (8261) Fratribus Cartusiensibus significat, se monasterium Gyriense, ab Henrico,</Unicode>
        </TextEquiv>
      </TextLine>
      <TextLine id="eSc_line_820db6ba" custom="structure {type:default;}">
        <Coords points="391,2698 391,2727 483,2716 572,2722 574,2694 563,2641 552,2652 536,2643 525,2636 523,2636 521,2636 490,2643 439,2654 388,2645 391,2698"/>
        <Baseline points="391,2698 574,2694"/>
        <TextEquiv conf="0.9999588429927826">
          <Unicode>„ 2.</Unicode>
        </TextEquiv>
      </TextLine>
      <TextLine id="eSc_line_c73d96e2" custom="structure {type:default;}">
        <Coords points="700,2707 700,2718 786,2725 788,2703 782,2650 695,2652 700,2707"/>
        <Baseline points="700,2707 788,2703"/>
        <TextEquiv conf="1.0">
          <Unicode>„</Unicode>
        </TextEquiv>
      </TextLine>
      <TextLine id="eSc_line_d62ac997" custom="structure {type:default;}">
        <Coords points="965,2744 965,2769 2876,2760 2878,2736 2872,2707 963,2714 965,2744"/>
        <Baseline points="965,2744 2878,2736"/>
        <TextEquiv conf="0.9970127785907072">
          <Unicode>episcopo Gurcensi, assentientibus ecclesiae suae praeposito, canonicis ac ministeria-</Unicode>
        </TextEquiv>
      </TextLine>
      <TextLine id="eSc_line_90841bff" custom="structure {type:default;}">
        <Coords points="967,2795 967,2820 2876,2826 2878,2795 2878,2767 967,2767 967,2795"/>
        <Baseline points="967,2795 2878,2795"/>
        <TextEquiv conf="0.9939456898489116">
          <Unicode>libus, conditum, tuendum suscepisse. Zahn Urkundenb. v. Steiermark I. 530, (Pusch</Unicode>
        </TextEquiv>
      </TextLine>
      <TextLine id="eSc_line_73915348" custom="structure {type:default;}">
        <Coords points="967,2850 967,2873 1758,2884 1760,2884 1816,2870 1824,2870 1836,2870 1911,2881 1913,2881 1992,2870 1999,2870 2003,2870 2052,2881 2054,2881 2136,2870 2143,2870 2147,2870 2235,2881 2238,2884 2443,2884 2443,2881 2445,2881 2476,2870 2529,2881 2531,2881 2534,2881 2578,2868 2578,2846 2571,2817 965,2820 967,2850"/>
        <Baseline points="967,2850 2578,2846"/>
        <TextEquiv conf="0.9932312324865541">
          <Unicode>et Froehlich Dipl. St. II. 135, Migne 200 p. 949). — „His, que ad“.</Unicode>
        </TextEquiv>
      </TextLine>
      <TextLine id="eSc_line_75beb6c9" custom="structure {type:default;}">
        <Coords points="919,2910 919,2950 1000,2950 1003,2950 1005,2950 1031,2932 1093,2945 1095,2945 1224,2930 1268,2941 1270,2941 1272,2941 1539,2930 1628,2943 1630,2943 1632,2943 1674,2928 1778,2945 1785,2945 1787,2945 1794,2945 1866,2934 1880,2945 1884,2948 1886,2948 1889,2948 1891,2948 1911,2943 1988,2928 2063,2943 2081,2945 2083,2945 2101,2943 2138,2934 2174,2941 2193,2945 2196,2945 2198,2945 2207,2941 2240,2926 2410,2939 2463,2943 2465,2943 2467,2943 2481,2939 2507,2930 2520,2939 2527,2943 2529,2943 2531,2943 2534,2943 2602,2939 2750,2926 2876,2934 2881,2901 2876,2870 2615,2859 2613,2859 2403,2870 2383,2870 2350,2870 2017,2862 2014,2862 1893,2873 1869,2875 916,2875 919,2910"/>
        <Baseline points="919,2910 2881,2901"/>
        <TextEquiv conf="0.9974597264738644">
          <Unicode>12293 (9155. 9156. 9157. 9158) W(illelmo), archiepiscopo Senonensi, apostolicae sedis</Unicode>
        </TextEquiv>
      </TextLine>
      <TextLine id="eSc_line_eac2c609" custom="structure {type:default;}">
        <Coords points="386,2921 386,2939 402,2952 404,2952 406,2952 408,2954 439,2954 439,2952 441,2952 444,2952 444,2950 457,2939 466,2932 574,2945 576,2915 570,2862 517,2864 514,2864 512,2864 512,2866 492,2884 384,2875 386,2921"/>
        <Baseline points="386,2921 576,2915"/>
        <TextEquiv conf="0.9999264031648636">
          <Unicode>„ 2.</Unicode>
        </TextEquiv>
      </TextLine>
      <TextLine id="eSc_line_1d3fb7bb" custom="structure {type:default;}">
        <Coords points="687,2923 687,2992 795,3001 797,2923 797,2888 720,2873 718,2873 715,2873 687,2886 687,2923"/>
        <Baseline points="687,2923 797,2923"/>
        <TextEquiv conf="1.0">
          <Unicode>„</Unicode>
        </TextEquiv>
      </TextLine>
      <TextLine id="eSc_line_5b9ed49a" custom="structure {type:default;}">
        <Coords points="969,2963 969,2987 2878,2983 2881,2956 2876,2928 967,2926 969,2963"/>
        <Baseline points="969,2963 2881,2956"/>
        <TextEquiv conf="0.9944311837817348">
          <Unicode>legato, respondet 1) appellationem non esse admittendam, „postquam est causa iudicibus</Unicode>
        </TextEquiv>
      </TextLine>
      <TextLine id="eSc_line_9a6f40a6" custom="structure {type:default;}">
        <Coords points="967,3018 967,3040 1042,3051 1045,3051 1115,3040 1129,3040 2874,3040 2876,3009 2870,2981 965,2983 967,3018"/>
        <Baseline points="967,3018 2876,3009"/>
        <TextEquiv conf="0.9937425731193452">
          <Unicode>appellatione remota commissa“, etiamsi altera pars generali appellationis privilegio</Unicode>
        </TextEquiv>
      </TextLine>
      <TextLine id="eSc_line_6aa65f56" custom="structure {type:default;}">
        <Coords points="969,3071 969,3096 2870,3098 2874,3065 2867,3029 967,3034 969,3071"/>
        <Baseline points="969,3071 2874,3065"/>
        <TextEquiv conf="0.9920081970203354">
          <Unicode>munita sit; 2) iudicem delegatum contumaces censuris ecclesiasticis coercere posse;</Unicode>
        </TextEquiv>
      </TextLine>
      <TextLine id="eSc_line_8cfe90b5" custom="structure {type:default;}">
        <Coords points="969,3127 969,3155 2872,3149 2874,3122 2867,3093 967,3093 969,3127"/>
        <Baseline points="969,3127 2874,3122"/>
        <TextEquiv conf="0.9984472161386071">
          <Unicode>3) „non esse tutum, quemlibet contra iuramentum suum- venire, nisi tale sit illud,</Unicode>
        </TextEquiv>
      </TextLine>
      <TextLine id="eSc_line_3624fa9e" custom="structure {type:default;}">
        <Coords points="969,3184 969,3210 2872,3210 2874,3175 2867,3140 967,3153 969,3184"/>
        <Baseline points="969,3184 2874,3175"/>
        <TextEquiv conf="0.9952443674916313">
          <Unicode>quod observatum vergat in interitum salutis aeternae“; 4) „si qui vir et mulier pari</Unicode>
        </TextEquiv>
      </TextLine>
      <TextLine id="eSc_line_12a38f31" custom="structure {type:default;}">
        <Coords points="969,3237 969,3257 2876,3250 2876,3230 2870,3197 967,3199 969,3237"/>
        <Baseline points="969,3237 2876,3230"/>
        <TextEquiv conf="0.9969950811362561">
          <Unicode>consensu contraxerint matrimonium et vir, ea cognita, alteram duxerit, eum cogen-</Unicode>
        </TextEquiv>
      </TextLine>
      <TextLine id="eSc_line_f9bfe630" custom="structure {type:default;}">
        <Coords points="967,3292 967,3314 2867,3316 2872,3283 2865,3255 965,3261 967,3292"/>
        <Baseline points="967,3292 2872,3283"/>
        <TextEquiv conf="0.9978364981710911">
          <Unicode>dum esse, secundam dimittere et ad primam redire“. Wiener Sitzungsber. XXIV. 65,</Unicode>
        </TextEquiv>
      </TextLine>
      <TextLine id="eSc_line_cff9844d" custom="structure {type:default;}">
        <Coords points="969,3345 969,3369 2872,3367 2874,3341 2870,3310 1016,3301 1014,3301 1011,3301 967,3312 969,3345"/>
        <Baseline points="969,3345 2874,3341"/>
        <TextEquiv conf="0.9939797804123018">
          <Unicode>(App. conc. Lat. VI. 17, VII. 7, X. 11. 12, XVII. 1, Coll. Lips. XVII. 3, XXXV. 6,</Unicode>
        </TextEquiv>
      </TextLine>
      <TextLine id="eSc_line_b31af6ae" custom="structure {type:default;}">
        <Coords points="972,3398 972,3425 2870,3429 2874,3398 2872,3365 972,3361 972,3398"/>
        <Baseline points="972,3398 2874,3398"/>
        <TextEquiv conf="0.9850439738623703">
          <Unicode>XLVII. 12. 13, LIX. 31, Coll. Cass. XXXVIII. 3, XLII. 6, LI. 11. 12, LVIII. 20,</Unicode>
        </TextEquiv>
      </TextLine>
      <TextLine id="eSc_line_43c88896" custom="structure {type:default;}">
        <Coords points="969,3451 969,3478 2872,3478 2874,3451 2872,3420 969,3418 969,3451"/>
        <Baseline points="969,3451 2874,3451"/>
        <TextEquiv conf="0.9894113703852608">
          <Unicode>Coll. Bamb. XIX. 3, XXXIII. 6, XLI. 10. 11, LI. 18, Comp. I. I. 1. t. 2. c. 1, I. 1.</Unicode>
        </TextEquiv>
      </TextLine>
      <TextLine id="eSc_line_c14a22f2" custom="structure {type:default;}">
        <Coords points="969,3511 969,3564 1042,3564 1064,3579 1067,3579 1069,3579 1071,3579 1073,3579 1126,3564 1129,3564 1133,3564 1259,3579 1261,3579 1263,3579 1303,3564 1305,3564 1307,3564 1356,3579 1358,3579 1360,3579 1427,3564 1444,3562 1486,3566 1606,3577 1608,3577 1610,3577 1639,3566 1657,3577 1659,3577 1661,3577 1663,3577 1988,3575 1990,3575 2012,3568 2039,3559 2125,3568 2156,3570 2158,3570 2160,3570 2167,3568 2196,3559 2235,3568 2264,3575 2266,3575 2269,3575 2280,3568 2299,3559 2350,3559 2370,3568 2383,3575 2386,3575 2388,3575 2390,3575 2401,3570 2425,3557 2870,3570 2872,3502 2867,3471 983,3469 980,3469 978,3469 976,3469 967,3475 969,3511"/>
        <Baseline points="969,3511 2872,3502"/>
        <TextEquiv conf="0.9662677303127859">
          <Unicode>t. 21. c. 6. I. 2. t. 17. e. 4. I. 2. t. 20. c. 13, l. 4. t. 4. c. 7. Dcer. Greg. I. I.</Unicode>
        </TextEquiv>
      </TextLine>
    </TextRegion>
    <TextRegion id="eSc_textblock_247bcb32"  custom="structure {type:default;}">
      <Coords points="1221,159 2087,167 2105,245 2079,271 1146,262 1137,167 1221,159"/>
      <TextLine id="eSc_line_acabdb78" custom="structure {type:default;}">
        <Coords points="1155,227 1153,258 1500,262 1502,262 1513,260 1559,251 1630,262 1643,262 1646,262 1657,262 1716,251 1776,262 1794,265 1796,265 2072,262 2074,234 2072,187 2006,172 2003,172 1884,185 1875,185 1869,185 1805,172 1802,172 1800,172 1780,183 1767,170 1765,170 1763,170 1760,170 1758,170 1721,183 1623,170 1621,170 1537,183 1528,183 1522,183 1460,167 1458,167 1155,178 1155,227"/>
        <Baseline points="1155,227 2074,234"/>
        <TextEquiv conf="0.9996162271499633">
          <Unicode>ALEXANDER III. 1159—1181.</Unicode>
        </TextEquiv>
      </TextLine>
    </TextRegion>
    <TextRegion id="eSc_textblock_d61d0fb0"  custom="structure {type:default;}">
      <Coords points="843,3533 846,3539 839,3539 839,3533 843,3533"/>
    </TextRegion>
  </Page>
</PcGts>
