<?xml version="1.0" encoding="UTF-8"  standalone="yes"?>
<PcGts xmlns="http://schema.primaresearch.org/PAGE/gts/pagecontent/2019-07-15" xmlns:xsi="http://www.w3.org/2001/XMLSchema-instance" xsi:schemaLocation="http://schema.primaresearch.org/PAGE/gts/pagecontent/2019-07-15 http://schema.primaresearch.org/PAGE/gts/pagecontent/2019-07-15/pagecontent.xsd">
  <Metadata>
	<Creator>escriptorium</Creator>
	<Created>2024-07-19T10:10:22.804224+00:00</Created>
        <LastChange>2024-08-08T08:38:32.450903+00:00</LastChange>
  </Metadata>
  <Page imageFilename="0289.png" imageWidth="3007" imageHeight="3975">
    <TextRegion id="eSc_textblock_bc2a66b4"  custom="structure {type:default;}">
      <Coords points="346,176 483,185 483,253 335,280 318,212 346,176"/>
      <TextLine id="eSc_line_8c62a700" custom="structure {type:default;}">
        <Coords points="384,178 373,176 340,192 344,245 344,269 463,271 466,238 461,192 402,178 384,178"/>
        <Baseline points="344,245 466,238"/>
        <TextEquiv conf="1.0">
          <Unicode>276</Unicode>
        </TextEquiv>
      </TextLine>
    </TextRegion>
    <TextRegion id="eSc_textblock_70fc480a"  custom="structure {type:default;}">
      <Coords points="349,326 2900,326 2892,3539 989,3566 872,3522 846,3548 618,3531 598,3442 563,3539 326,3531 309,485 318,344 349,326"/>
      <TextLine id="eSc_line_5dab4f6d" custom="structure {type:default;}">
        <Coords points="2717,326 2695,326 2673,326 2666,326 2640,333 2631,335 2554,333 2322,326 2319,326 2297,326 2275,326 2253,326 2233,326 2220,333 2207,337 2014,333 1794,326 1791,326 1789,326 1787,326 1780,331 1767,342 1592,342 1555,331 1535,326 1533,326 1531,326 1504,331 1460,340 1420,331 1396,326 1394,326 1391,326 1378,331 1349,342 1316,331 1314,331 1312,331 883,331 885,386 885,419 1363,410 1394,421 1396,421 1398,421 1400,421 1402,421 1405,421 1438,410 1756,421 1813,421 1816,421 1833,421 1937,408 1986,419 1988,419 1990,419 1992,419 2074,408 2297,419 2317,419 2319,419 2322,419 2324,419 2357,406 2794,417 2799,377 2794,335 2724,326 2717,326"/>
        <Baseline points="885,386 2799,377"/>
        <TextEquiv conf="0.9963279373190376">
          <Unicode>1174. (Ind. 7. — 25. Sept. — 5, pont. a. 15. — 20. Sept. — 16, 1173. — 25. Mart. — 1174.)</Unicode>
        </TextEquiv>
      </TextLine>
      <TextLine id="eSc_line_e8c6825d" custom="structure {type:default;}">
        <Coords points="967,446 967,481 2876,472 2878,439 2872,406 965,415 967,446"/>
        <Baseline points="967,446 2878,439"/>
        <TextEquiv conf="0.9979354470968247">
          <Unicode>possessionesque et privilegia confirmat, petente Godescalco decano. Compte rendu</Unicode>
        </TextEquiv>
      </TextLine>
      <TextLine id="eSc_line_eb0d715d" custom="structure {type:default;}">
        <Coords points="969,501 969,527 2881,527 2881,501 2881,470 969,470 969,501"/>
        <Baseline points="969,501 2881,501"/>
        <TextEquiv conf="0.9918823141649545">
          <Unicode>de la com. roy. de Belgique IV. sér. VII. p. 359, (Miraei Opp. dipl. II. 179, Migne</Unicode>
        </TextEquiv>
      </TextLine>
      <TextLine id="eSc_line_02fa4c3a" custom="structure {type:default;}">
        <Coords points="969,556 969,578 2876,578 2876,556 2874,518 969,523 969,556"/>
        <Baseline points="969,556 2876,556"/>
        <TextEquiv conf="0.9973315088837235">
          <Unicode>200 p. 1189. Cf. Wauters Tabl. chron. II. 545). — „Effectum iusta postulantibus“.</Unicode>
        </TextEquiv>
      </TextLine>
      <TextLine id="eSc_line_05b0eedd" custom="structure {type:default;}">
        <Coords points="362,616 362,647 585,644 585,616 583,547 362,565 362,616"/>
        <Baseline points="362,616 585,616"/>
        <TextEquiv conf="0.9778028875589371">
          <Unicode>Apr. 17.</Unicode>
        </TextEquiv>
      </TextLine>
      <TextLine id="eSc_line_54a125be" custom="structure {type:default;}">
        <Coords points="616,616 616,702 855,697 855,611 848,521 775,523 773,523 771,523 771,525 764,530 748,547 691,547 680,541 669,530 667,530 665,530 662,530 660,530 614,545 616,616"/>
        <Baseline points="616,616 855,611"/>
        <TextEquiv conf="0.8498489757378896">
          <Unicode>Aagna.</Unicode>
        </TextEquiv>
      </TextLine>
      <TextLine id="eSc_line_663d49c0" custom="structure {type:default;}">
        <Coords points="916,616 916,653 1009,638 1204,649 1206,649 1327,638 1385,649 1396,651 1398,651 1411,649 1475,636 1493,649 1495,649 1497,649 1500,649 1509,649 1586,636 1619,647 1623,649 1626,649 1628,649 1694,647 1961,633 2098,642 2171,647 2174,647 2231,640 2286,636 2878,636 2881,607 2874,576 914,578 916,616"/>
        <Baseline points="916,616 2881,607"/>
        <TextEquiv conf="0.9932919889688492">
          <Unicode>12369 (8315) Archiepiscopis, episcopis, abbatibus et aliis ecclesiarum praelatis et uni-</Unicode>
        </TextEquiv>
      </TextLine>
      <TextLine id="eSc_line_e8984066" custom="structure {type:default;}">
        <Coords points="972,669 972,693 2876,689 2878,662 2874,633 2277,622 2275,622 2273,622 2242,633 2238,636 969,636 972,669"/>
        <Baseline points="972,669 2878,662"/>
        <TextEquiv conf="0.9987630772303386">
          <Unicode>versis tam clericis quam laicis per regnum Francorum constitutis commendat P(etrum)</Unicode>
        </TextEquiv>
      </TextLine>
      <TextLine id="eSc_line_ddc6c21a" custom="structure {type:default;}">
        <Coords points="965,722 965,748 2881,748 2881,722 2881,693 965,693 965,722"/>
        <Baseline points="965,722 2881,722"/>
        <TextEquiv conf="0.9998820790325302">
          <Unicode>tit. S. Chrysogoni presbyterum cardinalem, „pro quibusdam magnis et arduis negotiis</Unicode>
        </TextEquiv>
      </TextLine>
      <TextLine id="eSc_line_c5e0e7be" custom="structure {type:default;}">
        <Coords points="967,777 967,799 2878,795 2881,772 2874,744 965,746 967,777"/>
        <Baseline points="967,777 2881,772"/>
        <TextEquiv conf="0.9982733608763895">
          <Unicode>specialiter et praecipue ad partes eorum destinatum“. (Pro „VV. kal. Maii“ legen-</Unicode>
        </TextEquiv>
      </TextLine>
      <TextLine id="eSc_line_7e402cf6" custom="structure {type:default;}">
        <Coords points="965,832 965,854 2876,863 2878,832 2878,799 965,799 965,832"/>
        <Baseline points="965,832 2878,832"/>
        <TextEquiv conf="0.9988732784986496">
          <Unicode>dum est „XV. kal. Maii“.) Duchesne H. Fr. SS. IV. 564, Bouquet Rec. XV. 944,</Unicode>
        </TextEquiv>
      </TextLine>
      <TextLine id="eSc_line_f7a1b178" custom="structure {type:default;}">
        <Coords points="965,885 965,907 1687,918 1690,918 1692,918 1718,905 1721,905 1734,916 1736,916 1738,916 1741,916 1866,905 1884,905 1893,905 1946,916 1948,918 2056,918 2056,916 2059,916 2061,916 2076,905 2096,916 2098,916 2101,918 2209,918 2209,916 2211,916 2213,916 2213,914 2224,905 2229,905 2388,916 2390,916 2474,903 2476,881 2472,852 989,843 987,843 985,843 963,852 965,885"/>
        <Baseline points="965,885 2476,881"/>
        <TextEquiv conf="0.9850524266560873">
          <Unicode>(Mansi XXI. 967, Migne 200 p. 986). — „Cum simus evidenter“.</Unicode>
        </TextEquiv>
      </TextLine>
      <TextLine id="eSc_line_ea7cb196" custom="structure {type:default;}">
        <Coords points="916,942 916,967 2878,965 2878,936 2874,905 914,903 916,942"/>
        <Baseline points="916,942 2878,936"/>
        <TextEquiv conf="0.9998226209923073">
          <Unicode>12370 (8316) Henrico, archiepiscopo Remensi, mandat, hortetur Ludovicum Francorum</Unicode>
        </TextEquiv>
      </TextLine>
      <TextLine id="eSc_line_e10f081a" custom="structure {type:default;}">
        <Coords points="395,949 395,984 468,976 501,991 505,993 508,993 510,995 572,995 572,945 565,863 521,865 519,865 517,865 501,876 455,907 393,903 395,949"/>
        <Baseline points="395,949 572,945"/>
        <TextEquiv conf="0.8208359956741333">
          <Unicode>„ 19.</Unicode>
        </TextEquiv>
      </TextLine>
      <TextLine id="eSc_line_b0290a54" custom="structure {type:default;}">
        <Coords points="693,954 691,980 735,998 737,998 740,998 742,998 782,982 784,958 782,898 695,901 693,954"/>
        <Baseline points="693,954 784,958"/>
        <TextEquiv conf="0.9999996423721313">
          <Unicode>„</Unicode>
        </TextEquiv>
      </TextLine>
      <TextLine id="eSc_line_6ada4630" custom="structure {type:default;}">
        <Coords points="969,995 969,1020 2876,1015 2878,991 2872,958 967,962 969,995"/>
        <Baseline points="969,995 2878,991"/>
        <TextEquiv conf="0.9993568813645994">
          <Unicode>regem, „ut reformationi pacis inter ecclesiam et imperium iuxta commonitorium</Unicode>
        </TextEquiv>
      </TextLine>
      <TextLine id="eSc_line_7a1bdbc8" custom="structure {type:default;}">
        <Coords points="967,1048 967,1077 2876,1079 2881,1044 2876,1018 965,1013 967,1048"/>
        <Baseline points="967,1048 2881,1044"/>
        <TextEquiv conf="0.9928902969803921">
          <Unicode>P(etri) tit. Chrysogoni presbyteri cardinalis, quem ad eundem regem dirigit, ferventer</Unicode>
        </TextEquiv>
      </TextLine>
      <TextLine id="eSc_line_b2ee4920" custom="structure {type:default;}">
        <Coords points="965,1106 965,1128 2876,1137 2878,1106 2878,1073 965,1068 965,1106"/>
        <Baseline points="965,1106 2878,1106"/>
        <TextEquiv conf="0.9988717381159464">
          <Unicode>intendat, et in verbo pacis procedat; ad habendam quoque pacem cum Henrico,</Unicode>
        </TextEquiv>
      </TextLine>
      <TextLine id="eSc_line_6a7076e6" custom="structure {type:default;}">
        <Coords points="965,1163 965,1188 2874,1190 2878,1159 2874,1128 963,1126 965,1163"/>
        <Baseline points="965,1163 2878,1159"/>
        <TextEquiv conf="0.9992059621869064">
          <Unicode>Anglorum rege, quantum, salvo honore suo, poterit, animum suum clementer intendat,</Unicode>
        </TextEquiv>
      </TextLine>
      <TextLine id="eSc_line_f8a5e8e9" custom="structure {type:default;}">
        <Coords points="965,1214 965,1241 2876,1236 2878,1210 2872,1183 963,1185 965,1214"/>
        <Baseline points="965,1214 2878,1210"/>
        <TextEquiv conf="0.9997665510458105">
          <Unicode>quia timendum sit, ne si inter eosdem reges diutius guerra duraverit, utriusque regno</Unicode>
        </TextEquiv>
      </TextLine>
      <TextLine id="eSc_line_01981ed8" custom="structure {type:default;}">
        <Coords points="963,1267 963,1294 2878,1289 2881,1263 2876,1234 961,1234 963,1267"/>
        <Baseline points="963,1267 2881,1263"/>
        <TextEquiv conf="0.99795385553867">
          <Unicode>dispendia rerum et pericula proveniant personarum et orientalis terra exponatur</Unicode>
        </TextEquiv>
      </TextLine>
      <TextLine id="eSc_line_110e263e" custom="structure {type:default;}">
        <Coords points="963,1327 963,1353 2876,1347 2878,1320 2874,1291 983,1285 980,1285 978,1285 976,1285 961,1291 963,1327"/>
        <Baseline points="963,1327 2878,1320"/>
        <TextEquiv conf="0.9966180123292007">
          <Unicode>direptioni paganorum“. Martene Coll. II. 969, Bouquet Rec. XV. 945, Migne 200</Unicode>
        </TextEquiv>
      </TextLine>
      <TextLine id="eSc_line_1717737c" custom="structure {type:default;}">
        <Coords points="965,1382 965,1402 1268,1397 1274,1400 1303,1408 1305,1408 1307,1408 1365,1397 1380,1395 1385,1397 1402,1406 1405,1406 1407,1408 1634,1408 1634,1406 1637,1406 1681,1393 1681,1378 1676,1351 1389,1340 1387,1340 963,1351 965,1382"/>
        <Baseline points="965,1382 1681,1378"/>
        <TextEquiv conf="0.9930570545019927">
          <Unicode>p. 987. — „Cum in omnibus“.</Unicode>
        </TextEquiv>
      </TextLine>
      <TextLine id="eSc_line_23fc995d" custom="structure {type:default;}">
        <Coords points="914,1437 914,1461 2878,1453 2881,1428 2874,1393 912,1393 914,1437"/>
        <Baseline points="914,1437 2881,1428"/>
        <TextEquiv conf="0.9940149117918575">
          <Unicode>12371 (8317) Parthenonis S. Georgii in Carinthia protectionem suscipit, possessiones-</Unicode>
        </TextEquiv>
      </TextLine>
      <TextLine id="eSc_line_7bd3c478" custom="structure {type:default;}">
        <Coords points="388,1446 388,1466 570,1459 570,1439 565,1382 499,1371 497,1371 384,1382 388,1446"/>
        <Baseline points="388,1446 570,1439"/>
        <TextEquiv conf="0.9999999761581421">
          <Unicode>„ 22.</Unicode>
        </TextEquiv>
      </TextLine>
      <TextLine id="eSc_line_af608771" custom="structure {type:default;}">
        <Coords points="700,1464 777,1466 779,1450 775,1384 748,1393 702,1373 700,1450 700,1464"/>
        <Baseline points="700,1450 779,1450"/>
        <TextEquiv conf="1.0">
          <Unicode>„</Unicode>
        </TextEquiv>
      </TextLine>
      <TextLine id="eSc_line_d6466754" custom="structure {type:default;}">
        <Coords points="963,1490 963,1512 2874,1519 2878,1486 2872,1453 961,1455 963,1490"/>
        <Baseline points="963,1490 2878,1486"/>
        <TextEquiv conf="0.9998560463770841">
          <Unicode>que ac privilegia confirmat, petente Berta abbatissa. Archiy für Kunde österr.</Unicode>
        </TextEquiv>
      </TextLine>
      <TextLine id="eSc_line_b0de6036" custom="structure {type:default;}">
        <Coords points="963,1543 963,1567 2633,1563 2635,1539 2629,1508 961,1510 963,1543"/>
        <Baseline points="963,1543 2635,1539"/>
        <TextEquiv conf="0.9936353656607615">
          <Unicode>Gesch.-Qu. XI. 307, Zahn Urk. v. Steiermark I. 529. — „Officii nostri“.</Unicode>
        </TextEquiv>
      </TextLine>
      <TextLine id="eSc_line_fa865700" custom="structure {type:default;}">
        <Coords points="914,1603 914,1634 2881,1620 2881,1598 2876,1567 912,1567 914,1603"/>
        <Baseline points="914,1603 2881,1598"/>
        <TextEquiv conf="0.9994124026859508">
          <Unicode>12372 Monasterium S. Felicis Aquileiense tuendum suscipit, eiusque bona et privilegia</Unicode>
        </TextEquiv>
      </TextLine>
      <TextLine id="eSc_line_e38dbddd" custom="structure {type:default;}">
        <Coords points="391,1609 391,1640 452,1629 570,1631 572,1603 565,1545 388,1552 391,1609"/>
        <Baseline points="391,1609 572,1603"/>
        <TextEquiv conf="0.9999061346054077">
          <Unicode>„ 27.</Unicode>
        </TextEquiv>
      </TextLine>
      <TextLine id="eSc_line_b22f3410" custom="structure {type:default;}">
        <Coords points="702,1616 702,1662 779,1647 779,1616 779,1563 742,1548 740,1548 737,1548 702,1552 702,1616"/>
        <Baseline points="702,1616 779,1616"/>
        <TextEquiv conf="1.0">
          <Unicode>„</Unicode>
        </TextEquiv>
      </TextLine>
      <TextLine id="eSc_line_7d82dd09" custom="structure {type:default;}">
        <Coords points="963,1651 961,1669 1007,1684 1009,1684 1011,1687 1179,1687 1179,1684 1182,1684 1184,1684 1197,1673 1617,1684 1619,1684 1696,1673 1707,1682 1707,1684 1710,1684 1712,1684 1714,1684 2284,1676 2330,1687 2333,1687 2335,1687 2456,1673 2459,1656 2454,1616 963,1618 963,1651"/>
        <Baseline points="963,1651 2459,1656"/>
        <TextEquiv conf="0.9958136445384914">
          <Unicode>confirmat. Wiener Sitzungsber. XCIV. 672. — „Ad hoc sumus“.</Unicode>
        </TextEquiv>
      </TextLine>
      <TextLine id="eSc_line_ba47cfa8" custom="structure {type:default;}">
        <Coords points="353,1786 433,1782 435,1782 437,1782 437,1779 446,1773 477,1742 570,1751 572,1711 572,1667 501,1667 492,1658 477,1645 477,1643 475,1643 472,1643 470,1643 468,1643 435,1651 406,1658 355,1643 353,1711 353,1786"/>
        <Baseline points="353,1711 572,1711"/>
        <TextEquiv conf="0.9668910247938973">
          <Unicode>Mai. 2.</Unicode>
        </TextEquiv>
      </TextLine>
      <TextLine id="eSc_line_81a166c7" custom="structure {type:default;}">
        <Coords points="912,1711 912,1735 2874,1737 2878,1704 2872,1671 910,1676 912,1711"/>
        <Baseline points="912,1711 2878,1704"/>
        <TextEquiv conf="0.9971135739820549">
          <Unicode>12373 Monasterii S. Vincentii Laudunensis tutelam suscipit, possessionesque et iura</Unicode>
        </TextEquiv>
      </TextLine>
      <TextLine id="eSc_line_6dec27f7" custom="structure {type:default;}">
        <Coords points="693,1726 695,1793 786,1799 784,1722 779,1654 711,1645 709,1645 707,1645 704,1645 689,1654 693,1726"/>
        <Baseline points="693,1726 784,1722"/>
        <TextEquiv conf="0.9981144666671753">
          <Unicode>„</Unicode>
        </TextEquiv>
      </TextLine>
      <TextLine id="eSc_line_ff5b7bc1" custom="structure {type:default;}">
        <Coords points="963,1764 963,1793 2876,1793 2878,1757 2872,1729 961,1733 963,1764"/>
        <Baseline points="963,1764 2878,1757"/>
        <TextEquiv conf="0.9971854751368603">
          <Unicode>confirmat, petente Gualtero abbate. Ex archetypo in bibl. nat. Paris. Coll. Grenier</Unicode>
        </TextEquiv>
      </TextLine>
      <TextLine id="eSc_line_092ded4b" custom="structure {type:default;}">
        <Coords points="963,1821 963,1846 2876,1843 2876,1821 2876,1788 963,1788 963,1821"/>
        <Baseline points="963,1821 2876,1821"/>
        <TextEquiv conf="0.9967446091734333">
          <Unicode>t. 286 misit Delisle. (Copiae modernae in Coll. Grenier t. 255. f. 286 et t. 257.</Unicode>
        </TextEquiv>
      </TextLine>
      <TextLine id="eSc_line_8fdee0e8" custom="structure {type:default;}">
        <Coords points="963,1877 963,1896 1672,1892 1674,1872 1670,1841 1316,1830 1314,1830 961,1841 963,1877"/>
        <Baseline points="963,1877 1674,1872"/>
        <TextEquiv conf="0.9862187504768372">
          <Unicode>f. 263.) — „Religiosam vitam“.</Unicode>
        </TextEquiv>
      </TextLine>
      <TextLine id="eSc_line_01153cdb" custom="structure {type:default;}">
        <Coords points="912,1930 912,1954 2874,1949 2876,1925 2870,1881 910,1883 912,1930"/>
        <Baseline points="912,1930 2876,1925"/>
        <TextEquiv conf="0.9940672119458517">
          <Unicode>12374 Ecclesiae S. Petri Laudunensis tutelam suscipit, possessionesque confirmat. In</Unicode>
        </TextEquiv>
      </TextLine>
      <TextLine id="eSc_line_e2169d89" custom="structure {type:default;}">
        <Coords points="388,1941 391,1963 446,1947 492,1961 505,1965 508,1965 510,1965 572,1958 572,1934 570,1903 510,1883 508,1883 505,1883 503,1883 501,1883 501,1885 481,1903 475,1908 386,1903 388,1941"/>
        <Baseline points="388,1941 572,1934"/>
        <TextEquiv conf="0.9999335557222366">
          <Unicode>„ 3.</Unicode>
        </TextEquiv>
      </TextLine>
      <TextLine id="eSc_line_a9a3bffb" custom="structure {type:default;}">
        <Coords points="709,1943 709,1965 775,1952 775,1943 775,1908 709,1901 709,1943"/>
        <Baseline points="709,1943 775,1943"/>
        <TextEquiv conf="0.9999998807907104">
          <Unicode>„</Unicode>
        </TextEquiv>
      </TextLine>
      <TextLine id="eSc_line_67c38863" custom="structure {type:default;}">
        <Coords points="963,1985 963,2007 2874,2002 2876,1980 2870,1941 961,1949 963,1985"/>
        <Baseline points="963,1985 2876,1980"/>
        <TextEquiv conf="0.9958116590291605">
          <Unicode>bibl. nat. Paris. Coll. Grenier t. 257. f. 264“ et t. 267. f. 264. — „Quoties illud a“.</Unicode>
        </TextEquiv>
      </TextLine>
      <TextLine id="eSc_line_a6d942a1" custom="structure {type:default;}">
        <Coords points="912,2038 912,2064 2876,2062 2876,2038 2876,2007 912,2007 912,2038"/>
        <Baseline points="912,2038 2876,2038"/>
        <TextEquiv conf="0.9975281634501049">
          <Unicode>12375 *Pagano, abbati Neritonensi, scribit, se iudicium inter eum et Theodorum, epi-</Unicode>
        </TextEquiv>
      </TextLine>
      <TextLine id="eSc_line_c73247fd" custom="structure {type:default;}">
        <Coords points="687,2047 684,2073 742,2084 744,2084 746,2084 786,2064 788,2051 788,1998 760,1985 757,1985 755,1985 687,1994 687,2047"/>
        <Baseline points="687,2047 788,2051"/>
        <TextEquiv conf="0.9999987681706747">
          <Unicode>(„)</Unicode>
        </TextEquiv>
      </TextLine>
      <TextLine id="eSc_line_56d19bb8" custom="structure {type:default;}">
        <Coords points="382,2049 382,2071 455,2060 563,2062 565,2042 558,2000 380,2005 382,2049"/>
        <Baseline points="382,2049 565,2042"/>
        <TextEquiv conf="0.9999287575483322">
          <Unicode>„ 5.</Unicode>
        </TextEquiv>
      </TextLine>
      <TextLine id="eSc_line_50e860c1" custom="structure {type:default;}">
        <Coords points="963,2095 963,2120 2874,2113 2876,2089 2872,2058 992,2053 989,2053 987,2053 961,2062 963,2095"/>
        <Baseline points="963,2095 2876,2089"/>
        <TextEquiv conf="0.9967970665763406">
          <Unicode>scopum Callipolitanum, latum a Bertrando, archiepiscopo Tranensi, et Palmerio, abbate</Unicode>
        </TextEquiv>
      </TextLine>
      <TextLine id="eSc_line_1416f05e" custom="structure {type:default;}">
        <Coords points="963,2146 963,2173 2558,2173 2560,2150 2558,2120 963,2115 963,2146"/>
        <Baseline points="963,2146 2560,2150"/>
        <TextEquiv conf="0.982822010622305">
          <Unicode>S. Stephani Monopolitano, confirmasse. D&#x27;Avino Cenni storici p. 437.</Unicode>
        </TextEquiv>
      </TextLine>
      <TextLine id="eSc_line_3fd3be41" custom="structure {type:default;}">
        <Coords points="912,2203 912,2237 2878,2230 2878,2203 2878,2168 912,2164 912,2203"/>
        <Baseline points="912,2203 2878,2203"/>
        <TextEquiv conf="0.989138701815664">
          <Unicode>12376 *Clero et populo Neritonensi ac baronibus de eadem re scribit. DAvino Cenni</Unicode>
        </TextEquiv>
      </TextLine>
      <TextLine id="eSc_line_159193df" custom="structure {type:default;}">
        <Coords points="684,2210 682,2241 784,2259 788,2214 788,2159 687,2150 684,2210"/>
        <Baseline points="684,2210 788,2214"/>
        <TextEquiv conf="0.999990979830424">
          <Unicode>(„)</Unicode>
        </TextEquiv>
      </TextLine>
      <TextLine id="eSc_line_a72e49b6" custom="structure {type:default;}">
        <Coords points="386,2237 567,2239 570,2206 567,2166 523,2150 521,2150 519,2150 444,2155 441,2155 439,2155 426,2164 413,2173 384,2164 386,2214 386,2237"/>
        <Baseline points="386,2214 570,2206"/>
        <TextEquiv conf="0.9999882280826569">
          <Unicode>„ 5.</Unicode>
        </TextEquiv>
      </TextLine>
      <TextLine id="eSc_line_ea14fdf6" custom="structure {type:default;}">
        <Coords points="961,2256 961,2281 1307,2281 1307,2256 1307,2226 961,2226 961,2256"/>
        <Baseline points="961,2256 1307,2256"/>
        <TextEquiv conf="0.9999444921811421">
          <Unicode>storici p. 437.</Unicode>
        </TextEquiv>
      </TextLine>
      <TextLine id="eSc_line_93d2ad4f" custom="structure {type:default;}">
        <Coords points="912,2309 912,2345 2872,2345 2874,2314 2872,2274 912,2267 912,2309"/>
        <Baseline points="912,2309 2874,2314"/>
        <TextEquiv conf="0.9999960864462504">
          <Unicode>12377 (8253) Rotrodum, archiepiscopum Rotomagensem, „de variis bellorum eventibus,</Unicode>
        </TextEquiv>
      </TextLine>
      <TextLine id="eSc_line_38c778f1" custom="structure {type:default;}">
        <Coords points="388,2318 388,2380 437,2380 437,2378 439,2378 441,2378 455,2369 477,2351 567,2349 567,2318 567,2274 492,2256 490,2256 488,2256 486,2256 452,2279 448,2283 388,2283 388,2318"/>
        <Baseline points="388,2318 567,2318"/>
        <TextEquiv conf="0.9999988973140717">
          <Unicode>„11.</Unicode>
        </TextEquiv>
      </TextLine>
      <TextLine id="eSc_line_2bbce57d" custom="structure {type:default;}">
        <Coords points="695,2325 691,2389 775,2387 782,2332 782,2281 698,2272 695,2325"/>
        <Baseline points="695,2325 782,2332"/>
        <TextEquiv conf="0.9999994039535522">
          <Unicode>„</Unicode>
        </TextEquiv>
      </TextLine>
      <TextLine id="eSc_line_d06359bb" custom="structure {type:default;}">
        <Coords points="963,2367 963,2391 2876,2391 2876,2367 2874,2334 963,2336 963,2367"/>
        <Baseline points="963,2367 2876,2367"/>
        <TextEquiv conf="0.9976928133469123">
          <Unicode>de scandalo regum et terrae dolentem“, animo forti esse iubet. Mandat, ut „ad</Unicode>
        </TextEquiv>
      </TextLine>
      <TextLine id="eSc_line_b1fccf1b" custom="structure {type:default;}">
        <Coords points="963,2424 963,2449 2874,2446 2876,2420 2872,2391 961,2391 963,2424"/>
        <Baseline points="963,2424 2876,2420"/>
        <TextEquiv conf="0.9896835469337831">
          <Unicode>reformationem pacis inter reges diligenter intendat, et excessus episcoporum, deca-</Unicode>
        </TextEquiv>
      </TextLine>
      <TextLine id="eSc_line_df933e95" custom="structure {type:default;}">
        <Coords points="963,2479 963,2504 2872,2502 2874,2473 2867,2444 961,2444 963,2479"/>
        <Baseline points="963,2479 2874,2473"/>
        <TextEquiv conf="0.9998740037766899">
          <Unicode>norum, archidiaconorum, tam clericorum quam laicorum solita pontificali severitate</Unicode>
        </TextEquiv>
      </TextLine>
      <TextLine id="eSc_line_8fc6ec45" custom="structure {type:default;}">
        <Coords points="963,2532 963,2555 2872,2559 2876,2528 2872,2497 1062,2493 1060,2493 961,2504 963,2532"/>
        <Baseline points="963,2532 2876,2528"/>
        <TextEquiv conf="0.9971055805683136">
          <Unicode>corrigat“. Alia praecepta addit. Interdicit, ne „pallium suum alii metropolitano</Unicode>
        </TextEquiv>
      </TextLine>
      <TextLine id="eSc_line_4b60a5f2" custom="structure {type:default;}">
        <Coords points="963,2585 963,2612 2876,2610 2876,2585 2874,2550 963,2555 963,2585"/>
        <Baseline points="963,2585 2876,2585"/>
        <TextEquiv conf="0.9957050244982649">
          <Unicode>commodet, si contingat ipsum sine pallio ad ecclesiam Rotomagensem in aliqua prae-</Unicode>
        </TextEquiv>
      </TextLine>
      <TextLine id="eSc_line_659700c4" custom="structure {type:default;}">
        <Coords points="965,2643 965,2667 2870,2672 2874,2638 2867,2605 963,2612 965,2643"/>
        <Baseline points="965,2643 2874,2638"/>
        <TextEquiv conf="0.9969236579122422">
          <Unicode>cipua sollemnitate venire; cum pallium“ inquit „tuam personam non transeat, sed</Unicode>
        </TextEquiv>
      </TextLine>
      <TextLine id="eSc_line_d889b904" custom="structure {type:default;}">
        <Coords points="965,2698 965,2720 2867,2729 2872,2694 2865,2665 963,2667 965,2698"/>
        <Baseline points="965,2698 2872,2694"/>
        <TextEquiv conf="0.9985955445854752">
          <Unicode>quisquam cum eo debeat sepeliri“. Bessin Conc. Rot. II. 31, Bouquet Rec. XV. 945,</Unicode>
        </TextEquiv>
      </TextLine>
      <TextLine id="eSc_line_e6027a35" custom="structure {type:default;}">
        <Coords points="963,2753 963,2775 2414,2771 2417,2749 2412,2720 961,2718 963,2753"/>
        <Baseline points="963,2753 2417,2749"/>
        <TextEquiv conf="0.986686905225118">
          <Unicode>Mansi XXI. 1071, Migne 200 p. 943. — „Etsi periculosa sint“.</Unicode>
        </TextEquiv>
      </TextLine>
      <TextLine id="eSc_line_87f73991" custom="structure {type:default;}">
        <Coords points="910,2809 910,2837 2876,2828 2876,2804 2872,2771 908,2767 910,2809"/>
        <Baseline points="910,2809 2876,2804"/>
        <TextEquiv conf="0.9810241758823395">
          <Unicode>12378 (8318) Universos suffraganeos ecclesiae Cantuariensis hortatur, ut „si episcopatus</Unicode>
        </TextEquiv>
      </TextLine>
      <TextLine id="eSc_line_28dbbca8" custom="structure {type:default;}">
        <Coords points="391,2815 393,2850 426,2850 426,2848 428,2848 430,2848 430,2846 433,2846 446,2828 572,2839 572,2806 565,2753 388,2775 391,2815"/>
        <Baseline points="391,2815 572,2806"/>
        <TextEquiv conf="0.9999998569488525">
          <Unicode>„ 14.</Unicode>
        </TextEquiv>
      </TextLine>
      <TextLine id="eSc_line_2796b293" custom="structure {type:default;}">
        <Coords points="700,2817 693,2881 766,2886 775,2824 773,2778 702,2778 700,2817"/>
        <Baseline points="700,2817 775,2824"/>
        <TextEquiv conf="1.0">
          <Unicode>„</Unicode>
        </TextEquiv>
      </TextLine>
      <TextLine id="eSc_line_ab8189c1" custom="structure {type:default;}">
        <Coords points="963,2862 963,2886 2872,2888 2874,2862 2872,2831 963,2831 963,2862"/>
        <Baseline points="963,2862 2874,2862"/>
        <TextEquiv conf="0.9921053364163354">
          <Unicode>su0s, aut archidiaconi eorum archidiaconatus suos apostolicae protectioni subiiciant</Unicode>
        </TextEquiv>
      </TextLine>
      <TextLine id="eSc_line_4d5388ad" custom="structure {type:default;}">
        <Coords points="963,2915 963,2941 2876,2941 2876,2915 2876,2886 963,2886 963,2915"/>
        <Baseline points="963,2915 2876,2915"/>
        <TextEquiv conf="0.9950352450947703">
          <Unicode>et ad audientiam ipsius appellent, propter hoc (Ricardum), archiepiscopum Cantua-</Unicode>
        </TextEquiv>
      </TextLine>
      <TextLine id="eSc_line_6c500339" custom="structure {type:default;}">
        <Coords points="963,2972 963,2996 2872,2992 2874,2968 2870,2934 961,2934 963,2972"/>
        <Baseline points="963,2972 2874,2968"/>
        <TextEquiv conf="0.992840791190112">
          <Unicode>riensem, apostolicae sedis legatum, nullatenus impediant, quominus de causis sub-</Unicode>
        </TextEquiv>
      </TextLine>
      <TextLine id="eSc_line_a03472e6" custom="structure {type:default;}">
        <Coords points="963,3027 963,3056 2872,3045 2874,3023 2867,2994 961,2996 963,3027"/>
        <Baseline points="963,3027 2874,3023"/>
        <TextEquiv conf="0.9953303383542346">
          <Unicode>ditorum eorum cognoscere valeat, et ipsos punire“. Epist. S. Thomae ed. Lupus</Unicode>
        </TextEquiv>
      </TextLine>
      <TextLine id="eSc_line_909d9c37" custom="structure {type:default;}">
        <Coords points="965,3082 965,3109 2870,3107 2872,3078 2865,3047 963,3049 965,3082"/>
        <Baseline points="965,3082 2872,3078"/>
        <TextEquiv conf="0.9959048867225647">
          <Unicode>p. 41, ed. Giles II. 40, Migne 200 p. 987, (App. conc. Lat. X. 24, Coll. Lips. XLVII.</Unicode>
        </TextEquiv>
      </TextLine>
      <TextLine id="eSc_line_8f34346b" custom="structure {type:default;}">
        <Coords points="965,3135 965,3164 2865,3155 2867,3129 2861,3100 963,3104 965,3135"/>
        <Baseline points="965,3135 2867,3129"/>
        <TextEquiv conf="0.9926679560116359">
          <Unicode>23, Coll. Cass. LI. 22, Coll. Bamb. XLII. 21, Comp. I. L. 2. t. 20. c. 24). —</Unicode>
        </TextEquiv>
      </TextLine>
      <TextLine id="eSc_line_ae36545c" custom="structure {type:default;}">
        <Coords points="967,3193 967,3215 1672,3219 1674,3193 1674,3160 967,3160 967,3193"/>
        <Baseline points="967,3193 1674,3193"/>
        <TextEquiv conf="0.9993284850409536">
          <Unicode>„Significavit nobis venerabilis“.</Unicode>
        </TextEquiv>
      </TextLine>
      <TextLine id="eSc_line_8e6ea526" custom="structure {type:default;}">
        <Coords points="914,3246 914,3272 2870,3266 2872,3239 2865,3206 912,3206 914,3246"/>
        <Baseline points="914,3246 2872,3239"/>
        <TextEquiv conf="0.993079997511471">
          <Unicode>12379 (8319) Monasterii S. Andreae (Arvernensis) protectionem suscipit, possessiones-</Unicode>
        </TextEquiv>
      </TextLine>
      <TextLine id="eSc_line_686a4a84" custom="structure {type:default;}">
        <Coords points="393,3248 395,3281 452,3263 481,3274 492,3279 494,3279 497,3279 572,3266 572,3241 567,3184 536,3175 534,3175 532,3175 530,3175 490,3188 466,3195 391,3193 393,3248"/>
        <Baseline points="393,3248 572,3241"/>
        <TextEquiv conf="0.9663045287132264">
          <Unicode>„ 15.</Unicode>
        </TextEquiv>
      </TextLine>
      <TextLine id="eSc_line_93b9254d" custom="structure {type:default;}">
        <Coords points="702,3259 702,3279 777,3281 779,3255 773,3195 698,3202 702,3259"/>
        <Baseline points="702,3259 779,3255"/>
        <TextEquiv conf="1.0">
          <Unicode>„</Unicode>
        </TextEquiv>
      </TextLine>
      <TextLine id="eSc_line_b1ad4ed0" custom="structure {type:default;}">
        <Coords points="965,3299 965,3323 2870,3334 2872,3299 2872,3270 965,3270 965,3299"/>
        <Baseline points="965,3299 2872,3299"/>
        <TextEquiv conf="0.9999719132860023">
          <Unicode>que ac privilegia confirmat, petente Gualterio priore. Hugo O. P. A. I. Pr. p. 145,</Unicode>
        </TextEquiv>
      </TextLine>
      <TextLine id="eSc_line_a55bfac2" custom="structure {type:default;}">
        <Coords points="965,3354 965,3378 2582,3372 2585,3347 2578,3319 963,3319 965,3354"/>
        <Baseline points="965,3354 2585,3347"/>
        <TextEquiv conf="0.9956575729953709">
          <Unicode>Mon. pont. Arverniae p. 294, Migne 200 p. 988. — „Quoties illud a“.</Unicode>
        </TextEquiv>
      </TextLine>
      <TextLine id="eSc_line_c5f54d82" custom="structure {type:default;}">
        <Coords points="914,3405 914,3433 2867,3431 2870,3409 2867,3374 914,3365 914,3405"/>
        <Baseline points="914,3405 2870,3409"/>
        <TextEquiv conf="0.9819769809643427">
          <Unicode>12380 Monasterium Fiscanense tuendum suscipit, ac bona eius et privilegia confirmat,</Unicode>
        </TextEquiv>
      </TextLine>
      <TextLine id="eSc_line_cee541d4" custom="structure {type:default;}">
        <Coords points="395,3411 395,3484 430,3484 430,3482 433,3482 435,3482 435,3480 450,3467 572,3482 574,3407 567,3361 393,3363 395,3411"/>
        <Baseline points="395,3411 574,3407"/>
        <TextEquiv conf="0.9974076867103576">
          <Unicode>„ 30.</Unicode>
        </TextEquiv>
      </TextLine>
      <TextLine id="eSc_line_67d4a39b" custom="structure {type:default;}">
        <Coords points="695,3420 695,3482 779,3484 782,3420 779,3367 695,3369 695,3420"/>
        <Baseline points="695,3420 782,3420"/>
        <TextEquiv conf="1.0">
          <Unicode>„</Unicode>
        </TextEquiv>
      </TextLine>
      <TextLine id="eSc_line_f17c9e5f" custom="structure {type:default;}">
        <Coords points="967,3462 967,3495 1789,3491 1913,3502 1975,3509 1977,3509 1979,3509 1999,3504 2034,3495 2098,3504 2132,3509 2134,3509 2136,3509 2151,3504 2187,3495 2222,3504 2235,3509 2238,3509 2240,3509 2242,3509 2249,3506 2266,3498 2284,3506 2291,3509 2293,3509 2295,3511 2414,3511 2414,3509 2417,3509 2419,3509 2421,3506 2436,3498 2454,3506 2459,3509 2461,3509 2463,3511 2867,3511 2870,3462 2867,3433 967,3431 967,3462"/>
        <Baseline points="967,3462 2870,3462"/>
        <TextEquiv conf="0.99294798585433">
          <Unicode>petente Henrico abbate. In bibl. nat. Paris. Coll. Moreau t. 341. f. 67, (Neues</Unicode>
        </TextEquiv>
      </TextLine>
      <TextLine id="eSc_line_177d5da8" custom="structure {type:default;}">
        <Coords points="967,3517 967,3568 1045,3568 1047,3568 1062,3584 1062,3586 1064,3586 1067,3586 1069,3588 1126,3588 1126,3586 1129,3586 1131,3586 1131,3584 1144,3573 1179,3586 1182,3586 1184,3586 1186,3586 1188,3586 1188,3584 1201,3573 1206,3568 1257,3568 1263,3573 1279,3586 1281,3586 1283,3586 1285,3586 1336,3575 1367,3568 1422,3568 1431,3577 1440,3584 1440,3586 1442,3586 1444,3586 1447,3586 1497,3577 1531,3573 1555,3579 1570,3584 1573,3584 1575,3584 1577,3584 1586,3579 1610,3568 1652,3581 1670,3586 1672,3586 1674,3588 1785,3588 1785,3586 1787,3586 1789,3586 1789,3584 1791,3584 1807,3568 1855,3568 1924,3586 1928,3517 1928,3484 967,3480 967,3517"/>
        <Baseline points="967,3517 1928,3517"/>
        <TextEquiv conf="0.9688453704118729">
          <Unicode>Arcbir VII. 104). — „Licet ex iniuncto“.</Unicode>
        </TextEquiv>
      </TextLine>
    </TextRegion>
    <TextRegion id="eSc_textblock_4b6ee998"  custom="structure {type:default;}">
      <Coords points="1195,167 2087,176 2096,253 1155,271 1129,253 1137,176 1195,167"/>
      <TextLine id="eSc_line_591e95e6" custom="structure {type:default;}">
        <Coords points="1151,234 1148,260 1522,269 1524,269 1526,269 1533,267 1551,256 1562,267 1564,269 1566,269 1568,269 1634,271 1637,271 1659,267 1707,258 1738,269 1747,271 1749,271 1752,271 1787,269 1911,258 2072,271 2076,238 2076,192 2023,176 2021,176 2019,176 1871,189 1866,189 1864,189 1847,176 1844,176 1842,176 1736,176 1734,176 1663,189 1657,189 1652,189 1606,174 1604,174 1601,174 1599,174 1544,187 1513,174 1511,174 1509,174 1151,185 1151,234"/>
        <Baseline points="1151,234 2076,238"/>
        <TextEquiv conf="0.9996239805221557">
          <Unicode>ALEXANDER III. 1159—1181.</Unicode>
        </TextEquiv>
      </TextLine>
    </TextRegion>
  </Page>
</PcGts>
