<?xml version="1.0" encoding="UTF-8"  standalone="yes"?>
<PcGts xmlns="http://schema.primaresearch.org/PAGE/gts/pagecontent/2019-07-15" xmlns:xsi="http://www.w3.org/2001/XMLSchema-instance" xsi:schemaLocation="http://schema.primaresearch.org/PAGE/gts/pagecontent/2019-07-15 http://schema.primaresearch.org/PAGE/gts/pagecontent/2019-07-15/pagecontent.xsd">
  <Metadata>
	<Creator>escriptorium</Creator>
	<Created>2024-07-19T10:10:23.761958+00:00</Created>
        <LastChange>2024-08-08T08:38:32.779581+00:00</LastChange>
  </Metadata>
  <Page imageFilename="0291.png" imageWidth="3007" imageHeight="3975">
    <TextRegion id="eSc_textblock_9e6904d9"  custom="structure {type:default;}">
      <Coords points="338,185 466,185 483,253 335,280 309,220 338,185"/>
      <TextLine id="eSc_line_1b97d6f7" custom="structure {type:default;}">
        <Coords points="335,247 335,276 459,267 459,240 452,192 331,194 335,247"/>
        <Baseline points="335,247 459,240"/>
        <TextEquiv conf="1.0">
          <Unicode>278</Unicode>
        </TextEquiv>
      </TextLine>
    </TextRegion>
    <TextRegion id="eSc_textblock_e2f1823d"  custom="structure {type:default;}">
      <Coords points="2598,326 2900,335 2892,3539 618,3548 598,3160 581,3531 335,3539 300,2647 318,353 881,371 910,335 2598,326"/>
      <TextLine id="eSc_line_dd22c794" custom="structure {type:default;}">
        <Coords points="2781,331 2759,331 2755,329 2702,337 2461,337 2439,329 2432,326 2428,326 2412,326 2410,329 2392,340 2295,331 2273,329 2271,329 2269,329 2262,331 2231,340 2202,331 2189,326 2187,326 2185,326 2178,326 2176,331 2165,340 2026,342 1889,333 1796,329 1794,329 1727,335 1641,344 1599,337 1566,331 1564,331 1531,337 1495,346 1405,346 1394,337 1385,331 1383,331 1380,331 1378,331 1316,340 1263,346 1241,340 1219,333 1217,333 1215,333 899,342 885,359 883,395 883,432 980,417 1064,426 1067,426 1270,415 1513,415 1548,430 1551,430 1553,430 1692,412 1794,426 1796,426 1798,426 1838,415 2284,426 2286,426 2364,412 2576,424 2578,424 2580,424 2582,424 2604,410 2792,424 2797,384 2790,331 2781,331"/>
        <Baseline points="883,395 2797,384"/>
        <TextEquiv conf="0.988476405541102">
          <Unicode>1174. (Ind. 7. — 25. Sept. — S., pont. a. 15. — 20. Sept. — 16. 1173. — 25. Mart. — 1174.)</Unicode>
        </TextEquiv>
      </TextLine>
      <TextLine id="eSc_line_521d3433" custom="structure {type:default;}">
        <Coords points="351,450 349,507 395,512 397,512 399,512 402,512 404,510 421,499 466,512 475,514 477,514 479,514 481,514 488,512 530,501 570,514 576,454 576,408 351,399 351,450"/>
        <Baseline points="351,450 576,454"/>
        <TextEquiv conf="0.9907365962862968">
          <Unicode>Oct. 28.</Unicode>
        </TextEquiv>
      </TextLine>
      <TextLine id="eSc_line_ed48e738" custom="structure {type:default;}">
        <Coords points="618,454 618,507 649,521 651,521 653,521 711,512 744,507 843,516 846,450 839,401 616,406 618,454"/>
        <Baseline points="618,454 846,450"/>
        <TextEquiv conf="0.9997221761279635">
          <Unicode>Ferentini</Unicode>
        </TextEquiv>
      </TextLine>
      <TextLine id="eSc_line_d6b620bf" custom="structure {type:default;}">
        <Coords points="912,457 912,479 2874,485 2876,457 2876,421 912,412 912,457"/>
        <Baseline points="912,457 2876,457"/>
        <TextEquiv conf="0.998568669671104">
          <Unicode>12396 (8330) Decano et capitulo Parisiensi concedit, ut beneficia Roberto de Beelei,</Unicode>
        </TextEquiv>
      </TextLine>
      <TextLine id="eSc_line_5da4c6c5" custom="structure {type:default;}">
        <Coords points="967,507 967,532 2874,527 2876,503 2870,474 965,477 967,507"/>
        <Baseline points="967,507 2876,503"/>
        <TextEquiv conf="0.9999715240604906">
          <Unicode>vicario b. Petri Fossatensis, et magistro Mainerio concessa post horum obitum reci-</Unicode>
        </TextEquiv>
      </TextLine>
      <TextLine id="eSc_line_b6a07faf" custom="structure {type:default;}">
        <Coords points="965,565 965,594 2874,594 2876,560 2870,530 963,532 965,565"/>
        <Baseline points="965,565 2876,560"/>
        <TextEquiv conf="0.9960979304195922">
          <Unicode>piant. Collection des Cartulaires V. 392: „V. kal. Nov.“, (Mansi XXI. 1059, Migne</Unicode>
        </TextEquiv>
      </TextLine>
      <TextLine id="eSc_line_10ea2443" custom="structure {type:default;}">
        <Coords points="967,616 965,644 2870,653 2874,622 2872,589 2238,576 2235,576 967,580 967,616"/>
        <Baseline points="967,616 2874,622"/>
        <TextEquiv conf="0.9980924642538722">
          <Unicode>200 p. 999 perperam praebent: „V. id. Nov.“. Sane „V. kal. Nov.“ legendum esse,</Unicode>
        </TextEquiv>
      </TextLine>
      <TextLine id="eSc_line_60242eda" custom="structure {type:default;}">
        <Coords points="963,675 963,700 2750,693 2752,671 2748,642 1895,631 1893,631 1891,631 1851,642 1034,633 1031,633 961,644 963,675"/>
        <Baseline points="963,675 2752,671"/>
        <TextEquiv conf="0.9982610237904084">
          <Unicode>patet ex Autogr. in Tab. nat. Paris. L. 230. n. 10.) — „Iustitia postulat et“.</Unicode>
        </TextEquiv>
      </TextLine>
      <TextLine id="eSc_line_4fac275b" custom="structure {type:default;}">
        <Coords points="395,735 395,768 572,764 572,728 570,693 508,675 505,675 503,675 501,675 455,695 455,697 393,697 395,735"/>
        <Baseline points="395,735 572,728"/>
        <TextEquiv conf="0.936716628074646">
          <Unicode>„ 29.</Unicode>
        </TextEquiv>
      </TextLine>
      <TextLine id="eSc_line_fc7e49a9" custom="structure {type:default;}">
        <Coords points="695,742 695,772 790,777 793,742 790,691 695,697 695,742"/>
        <Baseline points="695,742 793,742"/>
        <TextEquiv conf="1.0">
          <Unicode>„</Unicode>
        </TextEquiv>
      </TextLine>
      <TextLine id="eSc_line_299c6d88" custom="structure {type:default;}">
        <Coords points="914,726 914,755 2874,755 2876,730 2874,697 914,689 914,726"/>
        <Baseline points="914,726 2876,730"/>
        <TextEquiv conf="0.9905776769615883">
          <Unicode>12397 (8329) Petro, tit. S. Chrysogoni presbytero cardinali, apostolicae sedis legato,</Unicode>
        </TextEquiv>
      </TextLine>
      <TextLine id="eSc_line_10cfb334" custom="structure {type:default;}">
        <Coords points="963,783 963,814 2878,806 2881,779 2874,750 961,753 963,783"/>
        <Baseline points="963,783 2881,779"/>
        <TextEquiv conf="0.9960617600452333">
          <Unicode>mandat, ut „habito consilio cum Willelmo, Senonensi archiepiscopo, apostolicae sedis</Unicode>
        </TextEquiv>
      </TextLine>
      <TextLine id="eSc_line_d17f0015" custom="structure {type:default;}">
        <Coords points="963,839 963,863 2878,863 2878,839 2878,810 963,803 963,839"/>
        <Baseline points="963,839 2878,839"/>
        <TextEquiv conf="0.9999251108110687">
          <Unicode>legato, et H(enrico), archiepiscopo Remensi, super regimine scolarum Parisiensium</Unicode>
        </TextEquiv>
      </TextLine>
      <TextLine id="eSc_line_8fcb0d4e" custom="structure {type:default;}">
        <Coords points="967,894 967,920 2874,920 2876,887 2870,859 965,863 967,894"/>
        <Baseline points="967,894 2876,887"/>
        <TextEquiv conf="0.9999444243453798">
          <Unicode>quod ei visum fuerit, ita quod personam magistri Petri, cancellarii Parisiensis, non</Unicode>
        </TextEquiv>
      </TextLine>
      <TextLine id="eSc_line_d01abc39" custom="structure {type:default;}">
        <Coords points="965,949 965,973 2878,969 2881,945 2876,916 1939,905 1937,905 1860,916 1080,907 1078,907 963,918 965,949"/>
        <Baseline points="965,949 2881,945"/>
        <TextEquiv conf="0.9976600578853062">
          <Unicode>excedat quod exinde fecerit, circumspecta diligentia prorideat; eam cautelam adhibi-</Unicode>
        </TextEquiv>
      </TextLine>
      <TextLine id="eSc_line_b6133c7e" custom="structure {type:default;}">
        <Coords points="963,1004 963,1026 2878,1022 2881,1000 2876,971 961,967 963,1004"/>
        <Baseline points="963,1004 2881,1000"/>
        <TextEquiv conf="0.9998182632029057">
          <Unicode>turus, quod illi, qui scolas rexerint, non debeant immoderate gravari“. Duchesne</Unicode>
        </TextEquiv>
      </TextLine>
      <TextLine id="eSc_line_e25a2f90" custom="structure {type:default;}">
        <Coords points="963,1057 963,1084 2874,1088 2878,1051 2874,1020 978,1015 976,1015 974,1015 972,1015 961,1022 963,1057"/>
        <Baseline points="963,1057 2878,1051"/>
        <TextEquiv conf="0.9837482261657715">
          <Unicode>H. Fr. SS. IV. 566, Bouquet Rec. XV. 951, Mansi XXI. 971 et 1058, Migne 200</Unicode>
        </TextEquiv>
      </TextLine>
      <TextLine id="eSc_line_050e4860" custom="structure {type:default;}">
        <Coords points="965,1115 965,1139 1743,1130 1745,1110 1738,1075 963,1079 965,1115"/>
        <Baseline points="965,1115 1745,1110"/>
        <TextEquiv conf="0.9999911765898427">
          <Unicode>p. 998. — „Licet mandaverimus“.</Unicode>
        </TextEquiv>
      </TextLine>
      <TextLine id="eSc_line_c79f1d03" custom="structure {type:default;}">
        <Coords points="355,1168 355,1199 570,1203 572,1168 572,1077 355,1066 355,1168"/>
        <Baseline points="355,1168 572,1168"/>
        <TextEquiv conf="0.9975359108712938">
          <Unicode>Nonr. 19.</Unicode>
        </TextEquiv>
      </TextLine>
      <TextLine id="eSc_line_886d7f50" custom="structure {type:default;}">
        <Coords points="695,1181 695,1203 795,1194 795,1181 795,1066 695,1066 695,1181"/>
        <Baseline points="695,1181 795,1181"/>
        <TextEquiv conf="0.9999853372573853">
          <Unicode>„</Unicode>
        </TextEquiv>
      </TextLine>
      <TextLine id="eSc_line_ab9f2360" custom="structure {type:default;}">
        <Coords points="916,1170 916,1194 2876,1196 2881,1163 2874,1124 914,1126 916,1170"/>
        <Baseline points="916,1170 2881,1163"/>
        <TextEquiv conf="0.9996288994262958">
          <Unicode>12398 (8331) Canonicorum Pistoriensium disciplinam regularem, possessiones, privilegia,</Unicode>
        </TextEquiv>
      </TextLine>
      <TextLine id="eSc_line_fb5db375" custom="structure {type:default;}">
        <Coords points="965,1225 965,1258 2878,1249 2881,1221 2876,1192 1922,1181 1919,1181 1917,1181 1915,1181 1902,1192 1900,1194 963,1194 965,1225"/>
        <Baseline points="965,1225 2881,1221"/>
        <TextEquiv conf="0.9938881807513051">
          <Unicode>petente Heudino praeposito confirmat. (Fragmentum.) Zacharia Anecd. med. aev.</Unicode>
        </TextEquiv>
      </TextLine>
      <TextLine id="eSc_line_deaa0904" custom="structure {type:default;}">
        <Coords points="963,1278 963,1307 1601,1305 1601,1278 1601,1247 1164,1236 1162,1236 1159,1236 1129,1247 1126,1247 1051,1236 1049,1236 1047,1236 1045,1236 1045,1238 1034,1247 1034,1249 963,1249 963,1278"/>
        <Baseline points="963,1278 1601,1278"/>
        <TextEquiv conf="0.9999216532707215">
          <Unicode>p. 232, Migne 200 p. 999.</Unicode>
        </TextEquiv>
      </TextLine>
      <TextLine id="eSc_line_7ff20004" custom="structure {type:default;}">
        <Coords points="388,1338 388,1373 450,1364 570,1371 572,1331 567,1296 386,1291 388,1338"/>
        <Baseline points="388,1338 572,1331"/>
        <TextEquiv conf="0.9999892711639404">
          <Unicode>„ 19.</Unicode>
        </TextEquiv>
      </TextLine>
      <TextLine id="eSc_line_656ca89a" custom="structure {type:default;}">
        <Coords points="693,1342 689,1402 753,1393 782,1402 790,1347 788,1296 693,1296 693,1342"/>
        <Baseline points="693,1342 790,1347"/>
        <TextEquiv conf="1.0">
          <Unicode>„</Unicode>
        </TextEquiv>
      </TextLine>
      <TextLine id="eSc_line_43e3eed7" custom="structure {type:default;}">
        <Coords points="916,1333 916,1364 2881,1358 2883,1327 2876,1296 914,1300 916,1333"/>
        <Baseline points="916,1333 2883,1327"/>
        <TextEquiv conf="0.9996998037200376">
          <Unicode>12399 Domus hospitalis Umbricellensis, a canonicis Pistoriensibus fundatae, tutelam</Unicode>
        </TextEquiv>
      </TextLine>
      <TextLine id="eSc_line_0782e40e" custom="structure {type:default;}">
        <Coords points="965,1389 965,1413 1862,1424 1864,1424 1931,1413 1937,1413 2881,1413 2883,1384 2878,1355 1926,1344 1924,1344 1922,1344 1919,1344 1906,1355 980,1347 978,1347 976,1347 974,1347 963,1353 965,1389"/>
        <Baseline points="965,1389 2883,1384"/>
        <TextEquiv conf="0.990302868732592">
          <Unicode>suscipit, bonaque et privilegia confirmat. Wiener Sitzungsber. XCIV. 672. — „Desi-</Unicode>
        </TextEquiv>
      </TextLine>
      <TextLine id="eSc_line_7c534c26" custom="structure {type:default;}">
        <Coords points="963,1444 963,1461 1040,1472 1042,1472 1131,1459 1135,1459 1137,1459 1182,1470 1184,1470 1186,1470 1301,1455 1303,1437 1299,1408 961,1406 963,1444"/>
        <Baseline points="963,1444 1303,1437"/>
        <TextEquiv conf="0.9999998074311477">
          <Unicode>derium quod“.</Unicode>
        </TextEquiv>
      </TextLine>
      <TextLine id="eSc_line_8c5efad8" custom="structure {type:default;}">
        <Coords points="353,1492 353,1539 572,1537 572,1492 567,1400 532,1411 353,1404 353,1492"/>
        <Baseline points="353,1492 572,1492"/>
        <TextEquiv conf="0.9344375994470384">
          <Unicode>DOar. 16.</Unicode>
        </TextEquiv>
      </TextLine>
      <TextLine id="eSc_line_47a6f538" custom="structure {type:default;}">
        <Coords points="700,1510 700,1550 722,1565 724,1565 726,1565 729,1565 731,1565 784,1545 784,1510 784,1464 700,1461 700,1510"/>
        <Baseline points="700,1510 784,1510"/>
        <TextEquiv conf="0.9999997615814209">
          <Unicode>„</Unicode>
        </TextEquiv>
      </TextLine>
      <TextLine id="eSc_line_67818229" custom="structure {type:default;}">
        <Coords points="916,1499 916,1523 2876,1525 2881,1492 2874,1450 914,1464 916,1499"/>
        <Baseline points="916,1499 2881,1492"/>
        <TextEquiv conf="0.999991143033618">
          <Unicode>12400 (Richardo) abbati de lodeguerth et aliis abbatibus in patrimonio B. Kentegerni</Unicode>
        </TextEquiv>
      </TextLine>
      <TextLine id="eSc_line_747358f7" custom="structure {type:default;}">
        <Coords points="965,1554 965,1578 2876,1570 2878,1545 2872,1517 963,1523 965,1554"/>
        <Baseline points="965,1554 2878,1545"/>
        <TextEquiv conf="0.9961650838906114">
          <Unicode>(i. e. in episcopatu Glasguensi) constitutis significat, cognovisse se ex litteris W(il-</Unicode>
        </TextEquiv>
      </TextLine>
      <TextLine id="eSc_line_0ed8bdd9" custom="structure {type:default;}">
        <Coords points="965,1607 965,1634 2874,1636 2878,1603 2872,1574 963,1576 965,1607"/>
        <Baseline points="965,1607 2878,1603"/>
        <TextEquiv conf="0.9991011596933196">
          <Unicode>lelmi) Scotorum regis aliorumque, H(ocelinum) Mailrosensem abbatem in episcopum</Unicode>
        </TextEquiv>
      </TextLine>
      <TextLine id="eSc_line_9850fc83" custom="structure {type:default;}">
        <Coords points="963,1660 963,1687 2878,1687 2878,1660 2876,1629 963,1631 963,1660"/>
        <Baseline points="963,1660 2878,1660"/>
        <TextEquiv conf="0.9944881585579884">
          <Unicode>Glasguensem electum esse. Praecipit, ut, si ad sese venire nequiverit, eum con-</Unicode>
        </TextEquiv>
      </TextLine>
      <TextLine id="eSc_line_d411d889" custom="structure {type:default;}">
        <Coords points="963,1718 963,1746 2878,1740 2881,1713 2874,1673 961,1684 963,1718"/>
        <Baseline points="963,1718 2881,1713"/>
        <TextEquiv conf="0.9947470644625221">
          <Unicode>secrent ac obedientiam ei exhibeant. Registrum ep. Glasg. I. 33, Haddan and Stubbs</Unicode>
        </TextEquiv>
      </TextLine>
      <TextLine id="eSc_line_bc7067df" custom="structure {type:default;}">
        <Coords points="963,1773 963,1795 1999,1790 2001,1768 1997,1733 961,1733 963,1773"/>
        <Baseline points="963,1773 2001,1768"/>
        <TextEquiv conf="0.9900923837786135">
          <Unicode>Councils II. I. 39. — „Ex litteris karissimi“.</Unicode>
        </TextEquiv>
      </TextLine>
      <TextLine id="eSc_line_07e7f5a7" custom="structure {type:default;}">
        <Coords points="391,1830 391,1872 567,1870 567,1830 563,1733 519,1746 499,1740 466,1729 463,1729 461,1729 459,1729 391,1751 391,1830"/>
        <Baseline points="391,1830 567,1830"/>
        <TextEquiv conf="0.9810643792152405">
          <Unicode>„ „„.</Unicode>
        </TextEquiv>
      </TextLine>
      <TextLine id="eSc_line_be441372" custom="structure {type:default;}">
        <Coords points="695,1841 698,1892 782,1863 782,1841 782,1793 695,1793 695,1841"/>
        <Baseline points="695,1841 782,1841"/>
        <TextEquiv conf="1.0">
          <Unicode>„</Unicode>
        </TextEquiv>
      </TextLine>
      <TextLine id="eSc_line_f369fc40" custom="structure {type:default;}">
        <Coords points="916,1828 916,1863 1025,1852 1365,1861 1436,1861 1438,1861 2878,1846 2881,1821 2874,1782 914,1793 916,1828"/>
        <Baseline points="916,1828 2881,1821"/>
        <TextEquiv conf="0.9999904262868664">
          <Unicode>12401 (Gilberto) Londoniensi et (Rogero) Wigorniensi episcopis mandat, „si con-</Unicode>
        </TextEquiv>
      </TextLine>
      <TextLine id="eSc_line_f34f335e" custom="structure {type:default;}">
        <Coords points="967,1885 967,1908 2874,1899 2876,1877 2872,1848 2399,1837 2397,1837 2394,1837 2392,1837 2379,1848 2366,1848 1975,1839 1972,1839 1919,1850 1915,1850 1875,1850 1444,1841 1442,1841 1440,1841 1438,1841 1422,1852 1418,1855 965,1855 967,1885"/>
        <Baseline points="967,1885 2876,1877"/>
        <TextEquiv conf="0.9981401141096906">
          <Unicode>stiterit, quod R(obertus) electus Malmesburiensis se fecerit ab alio (quam ab epi-</Unicode>
        </TextEquiv>
      </TextLine>
      <TextLine id="eSc_line_bb7e82e6" custom="structure {type:default;}">
        <Coords points="967,1936 967,1958 2874,1967 2876,1936 2874,1903 967,1903 967,1936"/>
        <Baseline points="967,1936 2876,1936"/>
        <TextEquiv conf="0.9999072386557797">
          <Unicode>scopo Sarisberiensi) benedici, privilegio Romanae ecclesiae munitus“, ne“ ipsum vel</Unicode>
        </TextEquiv>
      </TextLine>
      <TextLine id="eSc_line_184a8f5e" custom="structure {type:default;}">
        <Coords points="965,1994 965,2018 2876,2011 2878,1987 2874,1958 963,1958 965,1994"/>
        <Baseline points="965,1994 2878,1987"/>
        <TextEquiv conf="0.9928494478449409">
          <Unicode>episcopum, qui benedixerit, ob hoc inquietari sinant. Monasterii censum, b. Petro</Unicode>
        </TextEquiv>
      </TextLine>
      <TextLine id="eSc_line_0fc94d92" custom="structure {type:default;}">
        <Coords points="963,2042 961,2067 2874,2071 2878,2047 2876,2014 963,2011 963,2042"/>
        <Baseline points="963,2042 2878,2047"/>
        <TextEquiv conf="0.9977175738753342">
          <Unicode>debitum, abbati S. Germani Parisiensi assignari vult. Registrum Malmesbur. I. 371.</Unicode>
        </TextEquiv>
      </TextLine>
      <TextLine id="eSc_line_c5bed29e" custom="structure {type:default;}">
        <Coords points="963,2102 963,2122 1246,2133 1248,2133 1250,2133 1277,2120 1279,2120 1299,2131 1301,2131 1303,2131 1360,2120 1367,2120 1380,2120 1528,2131 1531,2131 1533,2131 1577,2117 1577,2097 1570,2069 961,2071 963,2102"/>
        <Baseline points="963,2102 1577,2097"/>
        <TextEquiv conf="0.9995812276999155">
          <Unicode>— „Relatum est auribus“.</Unicode>
        </TextEquiv>
      </TextLine>
      <TextLine id="eSc_line_a59f4fcf" custom="structure {type:default;}">
        <Coords points="391,2159 391,2181 475,2175 490,2177 536,2190 539,2190 541,2190 543,2190 572,2173 572,2155 565,2062 468,2064 461,2062 426,2049 424,2049 421,2049 419,2049 386,2060 391,2159"/>
        <Baseline points="391,2159 572,2155"/>
        <TextEquiv conf="0.8210246364275614">
          <Unicode>„ „</Unicode>
        </TextEquiv>
      </TextLine>
      <TextLine id="eSc_line_4deac0f3" custom="structure {type:default;}">
        <Coords points="693,2173 693,2188 782,2186 784,2168 779,2120 689,2117 693,2173"/>
        <Baseline points="693,2173 784,2168"/>
        <TextEquiv conf="1.0">
          <Unicode>„</Unicode>
        </TextEquiv>
      </TextLine>
      <TextLine id="eSc_line_4278435c" custom="structure {type:default;}">
        <Coords points="919,2157 919,2186 2876,2186 2878,2150 2872,2108 916,2120 919,2157"/>
        <Baseline points="919,2157 2878,2150"/>
        <TextEquiv conf="0.994756468995051">
          <Unicode>12402 Nicolao, priori ecclesiae S. Petri ad aram Neapolitanae, et eius successoribus, ut</Unicode>
        </TextEquiv>
      </TextLine>
      <TextLine id="eSc_line_e4e96098" custom="structure {type:default;}">
        <Coords points="969,2214 969,2241 2878,2230 2881,2208 2876,2179 2244,2168 2242,2168 2240,2168 2196,2179 2193,2179 2165,2179 1619,2170 1617,2170 967,2181 969,2214"/>
        <Baseline points="969,2214 2881,2208"/>
        <TextEquiv conf="0.9916115062577384">
          <Unicode>„benedictionem sicut moris sit exhibeant“, concedit, petente Iohanne presbytero car-</Unicode>
        </TextEquiv>
      </TextLine>
      <TextLine id="eSc_line_86201941" custom="structure {type:default;}">
        <Coords points="963,2267 963,2292 2872,2294 2876,2261 2872,2232 987,2226 985,2226 983,2226 961,2234 963,2267"/>
        <Baseline points="963,2267 2876,2261"/>
        <TextEquiv conf="0.9951205384600293">
          <Unicode>dinali tit. S. Anastasiae, illius ecclesiae S. Petri conditore. Penotti Ord. cleric. canon.</Unicode>
        </TextEquiv>
      </TextLine>
      <TextLine id="eSc_line_dbb7d369" custom="structure {type:default;}">
        <Coords points="963,2323 963,2345 2361,2338 2364,2316 2359,2287 1429,2279 1427,2279 1425,2279 1385,2290 980,2281 978,2281 976,2281 974,2281 961,2287 963,2323"/>
        <Baseline points="963,2323 2364,2316"/>
        <TextEquiv conf="0.9931162040112382">
          <Unicode>hist. ed. Rom. p. 667, ed. Colon. p. 687. — „Cum dilectus“.</Unicode>
        </TextEquiv>
      </TextLine>
      <TextLine id="eSc_line_6b9ae9f6" custom="structure {type:default;}">
        <Coords points="355,2373 355,2404 572,2407 574,2369 567,2325 501,2325 477,2309 452,2292 450,2292 448,2292 353,2292 355,2373"/>
        <Baseline points="355,2373 574,2369"/>
        <TextEquiv conf="0.9437739253044128">
          <Unicode>Dee. 30.</Unicode>
        </TextEquiv>
      </TextLine>
      <TextLine id="eSc_line_9026eb20" custom="structure {type:default;}">
        <Coords points="689,2389 689,2411 729,2424 731,2424 733,2424 786,2411 786,2389 786,2351 751,2338 748,2338 746,2338 689,2340 689,2389"/>
        <Baseline points="689,2389 786,2389"/>
        <TextEquiv conf="0.9999960660934448">
          <Unicode>„</Unicode>
        </TextEquiv>
      </TextLine>
      <TextLine id="eSc_line_073cdd8e" custom="structure {type:default;}">
        <Coords points="919,2378 919,2407 2874,2398 2876,2367 2872,2338 2485,2327 2483,2327 2481,2327 2478,2327 2461,2338 938,2336 936,2336 934,2336 932,2336 916,2343 919,2378"/>
        <Baseline points="919,2378 2876,2367"/>
        <TextEquiv conf="0.9949211210012436">
          <Unicode>12403 (8332) Monasterium b. Mariae Monteregalense, a Willelmo Siciliae rege con-</Unicode>
        </TextEquiv>
      </TextLine>
      <TextLine id="eSc_line_90fcfbd5" custom="structure {type:default;}">
        <Coords points="967,2433 967,2457 2874,2449 2876,2424 2870,2389 965,2400 967,2433"/>
        <Baseline points="967,2433 2876,2424"/>
        <TextEquiv conf="0.9965281861799734">
          <Unicode>strui coeptum, a cuiusvis praeterquam Romani pontificis potestate eximit ac prae-</Unicode>
        </TextEquiv>
      </TextLine>
      <TextLine id="eSc_line_8fba5f49" custom="structure {type:default;}">
        <Coords points="965,2488 965,2513 2874,2506 2876,2479 2870,2449 963,2455 965,2488"/>
        <Baseline points="965,2488 2876,2479"/>
        <TextEquiv conf="0.9893727186082424">
          <Unicode>cipuis privilegiis ornat. Margarini Bull. Cas. II. 186, Del Giudice Notizie di Morreale</Unicode>
        </TextEquiv>
      </TextLine>
      <TextLine id="eSc_line_a09f7cef" custom="structure {type:default;}">
        <Coords points="963,2541 963,2563 2218,2572 2220,2572 2291,2559 2293,2537 2286,2508 961,2510 963,2541"/>
        <Baseline points="963,2541 2293,2537"/>
        <TextEquiv conf="0.9999673940918662">
          <Unicode>Priv. p. 34, Migne 200 p. 1000. — „Ex debito suscepti“.</Unicode>
        </TextEquiv>
      </TextLine>
      <TextLine id="eSc_line_6d52a115" custom="structure {type:default;}">
        <Coords points="393,2625 572,2623 572,2592 567,2541 494,2535 492,2535 490,2535 463,2541 426,2552 391,2544 393,2601 393,2625"/>
        <Baseline points="393,2601 572,2592"/>
        <TextEquiv conf="0.9993718862533569">
          <Unicode>„ 30.</Unicode>
        </TextEquiv>
      </TextLine>
      <TextLine id="eSc_line_10604270" custom="structure {type:default;}">
        <Coords points="684,2605 682,2621 775,2623 779,2610 779,2544 684,2552 684,2605"/>
        <Baseline points="684,2605 779,2610"/>
        <TextEquiv conf="1.0">
          <Unicode>„</Unicode>
        </TextEquiv>
      </TextLine>
      <TextLine id="eSc_line_833dba26" custom="structure {type:default;}">
        <Coords points="916,2597 916,2623 2874,2614 2876,2588 2870,2548 914,2552 916,2597"/>
        <Baseline points="916,2597 2876,2588"/>
        <TextEquiv conf="0.9957396149635315">
          <Unicode>12404 (8333) Monasterium S. Michaelis in Monte caveoso tuendum suscipit, eiusque</Unicode>
        </TextEquiv>
      </TextLine>
      <TextLine id="eSc_line_6a556b88" custom="structure {type:default;}">
        <Coords points="967,2652 967,2680 2874,2680 2876,2647 2870,2614 965,2621 967,2652"/>
        <Baseline points="967,2652 2876,2647"/>
        <TextEquiv conf="0.9999499720685622">
          <Unicode>possessiones et privilegia confirmat, petente Zacharia notario regio. Margarini Bull.</Unicode>
        </TextEquiv>
      </TextLine>
      <TextLine id="eSc_line_c13fd54b" custom="structure {type:default;}">
        <Coords points="963,2705 963,2727 2565,2731 2567,2705 2567,2676 963,2676 963,2705"/>
        <Baseline points="963,2705 2567,2705"/>
        <TextEquiv conf="0.9932724175168507">
          <Unicode>Cas. II. 188, Tansius Hist. Montis Caveosi p. 163. — „Si quando a“.</Unicode>
        </TextEquiv>
      </TextLine>
      <TextLine id="eSc_line_f5affe6a" custom="structure {type:default;}">
        <Coords points="916,2760 916,2786 2876,2782 2878,2753 2872,2722 914,2727 916,2760"/>
        <Baseline points="916,2760 2878,2753"/>
        <TextEquiv conf="0.9995743021732424">
          <Unicode>12405 (8334) Marsilio abbati et fratribus Carae-Insulae, qui „a duobus locis minus</Unicode>
        </TextEquiv>
      </TextLine>
      <TextLine id="eSc_line_976fb3b7" custom="structure {type:default;}">
        <Coords points="965,2815 965,2842 2872,2833 2874,2806 2867,2778 963,2782 965,2815"/>
        <Baseline points="965,2815 2874,2806"/>
        <TextEquiv conf="0.9992283101265247">
          <Unicode>congruis ad congruum et aptissimum locum, qui Om vocatur, monasterium transtu-</Unicode>
        </TextEquiv>
      </TextLine>
      <TextLine id="eSc_line_4852f617" custom="structure {type:default;}">
        <Coords points="965,2870 965,2908 2872,2899 2874,2864 2867,2833 963,2839 965,2870"/>
        <Baseline points="965,2870 2874,2864"/>
        <TextEquiv conf="0.9960431694984436">
          <Unicode>lerant“, eadem duo loca asserit. Langebek SS. R. Dan. V. 248, Migne 200 p. 1004.</Unicode>
        </TextEquiv>
      </TextLine>
      <TextLine id="eSc_line_21f72438" custom="structure {type:default;}">
        <Coords points="969,2923 967,2952 992,2963 994,2963 996,2963 1195,2956 1252,2954 1650,2965 1654,2928 1652,2890 969,2890 969,2923"/>
        <Baseline points="969,2923 1654,2928"/>
        <TextEquiv conf="0.9893746376037598">
          <Unicode>— „Ad audientiam nostram“.</Unicode>
        </TextEquiv>
      </TextLine>
      <TextLine id="eSc_line_acbf25e4" custom="structure {type:default;}">
        <Coords points="881,3047 881,3067 1212,3074 1215,3043 1210,2996 879,2994 881,3047"/>
        <Baseline points="881,3047 1215,3043"/>
        <TextEquiv conf="0.9963663220405579">
          <Unicode>1159—1175.</Unicode>
        </TextEquiv>
      </TextLine>
      <TextLine id="eSc_line_dbbcbc2c" custom="structure {type:default;}">
        <Coords points="355,3138 353,3237 501,3235 572,3246 576,3142 574,3047 492,3058 355,3045 355,3138"/>
        <Baseline points="355,3138 576,3142"/>
        <TextEquiv conf="0.9962542255719503">
          <Unicode>„ „</Unicode>
        </TextEquiv>
      </TextLine>
      <TextLine id="eSc_line_0e385d22" custom="structure {type:default;}">
        <Coords points="616,3144 616,3228 731,3239 733,3239 735,3239 852,3202 852,3140 850,3038 813,3021 810,3021 760,3021 757,3021 755,3021 718,3036 702,3043 614,3036 616,3144"/>
        <Baseline points="616,3144 852,3140"/>
        <TextEquiv conf="0.867639164129893">
          <Unicode>„„„</Unicode>
        </TextEquiv>
      </TextLine>
      <TextLine id="eSc_line_7fc0e352" custom="structure {type:default;}">
        <Coords points="916,3142 916,3171 2874,3162 2876,3133 2870,3091 914,3100 916,3142"/>
        <Baseline points="916,3142 2876,3133"/>
        <TextEquiv conf="0.9983711443668188">
          <Unicode>12406 Priori et fratribus S. Stephani de Nemore concedit, „ut si aliqui eorum, qui vel</Unicode>
        </TextEquiv>
      </TextLine>
      <TextLine id="eSc_line_01e8e2be" custom="structure {type:default;}">
        <Coords points="965,3199 965,3226 2870,3226 2872,3195 2867,3162 1073,3157 1071,3157 963,3168 965,3199"/>
        <Baseline points="965,3199 2872,3195"/>
        <TextEquiv conf="0.9981206059455872">
          <Unicode>sepulchrum Domini vel limina beati lacobi aut aliqua religiosa loca visitare teneantur,</Unicode>
        </TextEquiv>
      </TextLine>
      <TextLine id="eSc_line_fb8f00f8" custom="structure {type:default;}">
        <Coords points="969,3255 969,3274 2874,3268 2874,3248 2870,3219 983,3213 980,3213 978,3213 976,3213 967,3219 969,3255"/>
        <Baseline points="969,3255 2874,3248"/>
        <TextEquiv conf="0.9998006098410662">
          <Unicode>in ecclesia eorum voluerint habitum religionis suscipere et iis militare, eosdem dum-</Unicode>
        </TextEquiv>
      </TextLine>
      <TextLine id="eSc_line_07ec472a" custom="structure {type:default;}">
        <Coords points="967,3310 967,3336 2867,3339 2872,3305 2865,3274 965,3277 967,3310"/>
        <Baseline points="967,3310 2872,3305"/>
        <TextEquiv conf="0.9972952596843243">
          <Unicode>modo liberi sint, ad conversationem suam recipiant“. Tromby Stor. Cart. IV. app.</Unicode>
        </TextEquiv>
      </TextLine>
      <TextLine id="eSc_line_a6e4a017" custom="structure {type:default;}">
        <Coords points="965,3365 965,3385 1714,3380 1716,3361 1712,3332 1409,3321 1407,3321 963,3334 965,3365"/>
        <Baseline points="965,3365 1716,3361"/>
        <TextEquiv conf="0.9858276967344612">
          <Unicode>p. 137. — „Cum quidam sicut“.</Unicode>
        </TextEquiv>
      </TextLine>
      <TextLine id="eSc_line_288905ab" custom="structure {type:default;}">
        <Coords points="499,3416 492,3517 534,3511 567,3526 578,3420 578,3383 499,3378 499,3416"/>
        <Baseline points="499,3416 578,3420"/>
        <TextEquiv conf="0.9999984502792358">
          <Unicode>*</Unicode>
        </TextEquiv>
      </TextLine>
      <TextLine id="eSc_line_02f1580d" custom="structure {type:default;}">
        <Coords points="687,3427 689,3520 799,3517 797,3422 793,3376 720,3372 718,3372 715,3372 684,3383 687,3427"/>
        <Baseline points="687,3427 797,3422"/>
        <TextEquiv conf="0.9995773832003275">
          <Unicode>(„)</Unicode>
        </TextEquiv>
      </TextLine>
      <TextLine id="eSc_line_6bf506f7" custom="structure {type:default;}">
        <Coords points="919,3416 919,3451 1027,3440 2870,3440 2872,3411 2867,3380 945,3372 943,3372 941,3372 916,3380 919,3416"/>
        <Baseline points="919,3416 2872,3411"/>
        <TextEquiv conf="0.9998538472034313">
          <Unicode>12407 *Episcopis quibusdam ecclesias monasterii S. Bertini protegendas commendat.</Unicode>
        </TextEquiv>
      </TextLine>
      <TextLine id="eSc_line_0372b7cb" custom="structure {type:default;}">
        <Coords points="974,3467 974,3504 1360,3504 1365,3506 1396,3522 1398,3522 1400,3522 1402,3522 1436,3511 1544,3522 1546,3522 1548,3522 1551,3522 1575,3506 1584,3502 1639,3509 1692,3513 1694,3513 1736,3509 1789,3502 1820,3509 1853,3517 1855,3517 1858,3517 1860,3517 1882,3509 1900,3504 1995,3511 2017,3511 2019,3511 2028,3511 2094,3500 2145,3511 2182,3520 2185,3520 2187,3520 2209,3511 2218,3509 2277,3513 2390,3520 2392,3520 2394,3520 2408,3513 2421,3506 2476,3513 2509,3517 2512,3517 2514,3517 2516,3517 2520,3513 2536,3502 2551,3513 2556,3517 2558,3517 2560,3517 2562,3517 2602,3515 2695,3506 2867,3515 2870,3458 2863,3427 972,3429 974,3467"/>
        <Baseline points="974,3467 2870,3458"/>
        <TextEquiv conf="0.9887325894541856">
          <Unicode>Vide lohannis Longi chron. S. Bertini in MG. SS. XXV. 814. (In clausula „Anagniae“</Unicode>
        </TextEquiv>
      </TextLine>
      <TextLine id="eSc_line_9b1bc30b" custom="structure {type:default;}">
        <Coords points="967,3524 967,3570 1122,3566 1131,3575 1151,3592 1151,3595 1153,3595 1155,3595 1157,3595 1246,3592 1248,3592 1283,3577 1301,3592 1303,3592 1305,3592 1307,3595 1372,3595 1372,3592 1374,3592 1376,3592 1391,3579 1391,3520 1385,3491 965,3493 967,3524"/>
        <Baseline points="967,3524 1391,3520"/>
        <TextEquiv conf="0.9658055493706151">
          <Unicode>excidisse videtur.)</Unicode>
        </TextEquiv>
      </TextLine>
    </TextRegion>
    <TextRegion id="eSc_textblock_ada164f6"  custom="structure {type:default;}">
      <Coords points="1142,176 2070,176 2096,253 2070,280 1146,280 1111,236 1142,176"/>
      <TextLine id="eSc_line_ecdc86de" custom="structure {type:default;}">
        <Coords points="1144,247 1144,271 2068,271 2070,242 2065,196 1809,196 1758,178 1756,178 1754,178 1657,194 1610,178 1608,178 1606,178 1604,178 1555,196 1553,196 1509,181 1506,181 1215,181 1212,181 1142,196 1144,247"/>
        <Baseline points="1144,247 2070,242"/>
        <TextEquiv conf="0.9999278926849365">
          <Unicode>ALEXANDER III. 1159—1181.</Unicode>
        </TextEquiv>
      </TextLine>
    </TextRegion>
  </Page>
</PcGts>
