<?xml version="1.0" encoding="UTF-8"  standalone="yes"?>
<PcGts xmlns="http://schema.primaresearch.org/PAGE/gts/pagecontent/2019-07-15" xmlns:xsi="http://www.w3.org/2001/XMLSchema-instance" xsi:schemaLocation="http://schema.primaresearch.org/PAGE/gts/pagecontent/2019-07-15 http://schema.primaresearch.org/PAGE/gts/pagecontent/2019-07-15/pagecontent.xsd">
  <Metadata>
	<Creator>escriptorium</Creator>
	<Created>2024-07-19T10:10:25.082462+00:00</Created>
        <LastChange>2024-08-08T08:38:42.691052+00:00</LastChange>
  </Metadata>
  <Page imageFilename="0294.png" imageWidth="3007" imageHeight="3975">
    <TextRegion id="eSc_textblock_78d7b696"  custom="structure {type:default;}">
      <Coords points="755,318 2680,335 2671,3592 106,3592 79,441 132,344 324,344 360,415 380,335 598,335 634,362 653,326 755,318"/>
      <TextLine id="eSc_line_71c14a56" custom="structure {type:default;}">
        <Coords points="2536,333 2514,333 2492,333 2470,333 2448,333 2425,331 2403,331 2381,331 2359,331 2337,331 2315,331 2304,331 2293,331 2271,331 2249,331 2227,331 2216,331 2207,333 2167,329 2160,329 2138,329 2116,329 2094,329 2072,329 2063,329 2032,333 2001,329 1984,329 1961,329 1939,326 1917,326 1895,326 1889,326 1880,329 1851,335 1796,331 1752,326 1741,326 1718,326 1696,324 1674,324 1670,324 1654,331 1646,335 1551,333 1356,326 1354,326 1352,326 1325,335 1316,337 1310,335 1279,322 1277,322 1274,322 1272,322 1270,322 1252,335 1246,340 1235,335 1210,326 1208,326 1206,326 1159,337 1153,337 1151,337 1135,324 1133,324 1131,324 1129,324 1058,337 1042,340 1025,337 945,326 669,326 667,326 665,326 649,331 636,351 638,384 638,415 1453,417 1455,417 1491,412 1546,406 1557,412 1564,417 1566,417 1568,417 1570,417 1573,417 1586,412 1615,404 1641,412 1650,415 1652,415 1654,415 1732,412 1922,404 2041,410 2079,412 2081,412 2083,412 2087,410 2109,401 2176,410 2198,412 2200,412 2233,410 2353,399 2540,408 2543,371 2536,333 2536,333"/>
        <Baseline points="638,384 2543,371"/>
        <TextEquiv conf="0.986941989218251">
          <Unicode>1175. (Ind. S. — 25. Sept. — 9, pont. a. 16. — 20. Sept. — 17, 1174. — 25. Mart. — 1175.)</Unicode>
        </TextEquiv>
      </TextLine>
      <TextLine id="eSc_line_a5e38376" custom="structure {type:default;}">
        <Coords points="375,443 375,481 483,492 486,492 598,477 598,439 594,395 373,393 375,443"/>
        <Baseline points="375,443 598,439"/>
        <TextEquiv conf="0.999999377462599">
          <Unicode>Ferentini</Unicode>
        </TextEquiv>
      </TextLine>
      <TextLine id="eSc_line_468e204c" custom="structure {type:default;}">
        <Coords points="669,446 669,477 2633,463 2635,437 2629,399 667,401 669,446"/>
        <Baseline points="669,446 2635,437"/>
        <TextEquiv conf="0.9994396773385413">
          <Unicode>12434 (8351) *Parthenoni S. Mariae Panormitano asserit decumas quasdam, a Tustino</Unicode>
        </TextEquiv>
      </TextLine>
      <TextLine id="eSc_line_0f4597e9" custom="structure {type:default;}">
        <Coords points="110,448 110,492 185,483 212,488 251,492 254,492 256,492 258,492 271,481 273,481 302,490 304,490 307,490 309,490 311,490 329,477 329,441 326,406 296,395 293,395 291,395 249,401 225,406 212,401 178,386 176,386 174,386 108,395 110,448"/>
        <Baseline points="110,448 329,441"/>
        <TextEquiv conf="0.996965155005455">
          <Unicode>Febr. 1.</Unicode>
        </TextEquiv>
      </TextLine>
      <TextLine id="eSc_line_9d271ee3" custom="structure {type:default;}">
        <Coords points="715,499 715,532 2633,527 2633,499 2631,465 715,468 715,499"/>
        <Baseline points="715,499 2633,499"/>
        <TextEquiv conf="0.9970840919448669">
          <Unicode>episcopo Mazarensi collatas. (Pro „Florentinae“ leg. „Ferentini“.) Pirri Sic. sacr.</Unicode>
        </TextEquiv>
      </TextLine>
      <TextLine id="eSc_line_8f70350d" custom="structure {type:default;}">
        <Coords points="713,554 713,574 919,574 919,554 919,523 713,518 713,554"/>
        <Baseline points="713,554 919,554"/>
        <TextEquiv conf="0.9613611474633217">
          <Unicode>II. 844.</Unicode>
        </TextEquiv>
      </TextLine>
      <TextLine id="eSc_line_2d2b0055" custom="structure {type:default;}">
        <Coords points="671,607 671,631 2633,627 2635,602 2631,567 669,565 671,607"/>
        <Baseline points="671,607 2635,602"/>
        <TextEquiv conf="0.9991923390432845">
          <Unicode>12435 Fratribus Vallis-magnae indulget, „ut liccat eis aliquem clericum secularem yco-</Unicode>
        </TextEquiv>
      </TextLine>
      <TextLine id="eSc_line_f7653313" custom="structure {type:default;}">
        <Coords points="150,616 150,658 326,647 326,609 322,580 148,578 150,616"/>
        <Baseline points="150,616 326,609"/>
        <TextEquiv conf="0.9999595582485199">
          <Unicode>„ 3.</Unicode>
        </TextEquiv>
      </TextLine>
      <TextLine id="eSc_line_6f3e3361" custom="structure {type:default;}">
        <Coords points="455,622 455,649 543,644 543,618 539,583 450,580 455,622"/>
        <Baseline points="455,622 543,618"/>
        <TextEquiv conf="0.9999988079071045">
          <Unicode>„</Unicode>
        </TextEquiv>
      </TextLine>
      <TextLine id="eSc_line_7d942fd4" custom="structure {type:default;}">
        <Coords points="722,664 722,686 2629,682 2631,660 2624,629 720,633 722,664"/>
        <Baseline points="722,664 2631,660"/>
        <TextEquiv conf="0.9999154753322843">
          <Unicode>nomum instituere, per quem in civilibus causis iuramentum calumniae praestent“.</Unicode>
        </TextEquiv>
      </TextLine>
      <TextLine id="eSc_line_dbbacc53" custom="structure {type:default;}">
        <Coords points="722,719 722,742 2032,739 2032,719 2032,689 722,689 722,719"/>
        <Baseline points="722,719 2032,719"/>
        <TextEquiv conf="0.9999502455746686">
          <Unicode>Loewenfeld Epistolae p. 144. — „Attendentes quam sit“.</Unicode>
        </TextEquiv>
      </TextLine>
      <TextLine id="eSc_line_9c0b00a1" custom="structure {type:default;}">
        <Coords points="671,775 671,808 2633,799 2635,766 2629,733 669,735 671,775"/>
        <Baseline points="671,775 2635,766"/>
        <TextEquiv conf="0.9897143847885586">
          <Unicode>12436 Fratribus S. Augustini Cantuariensibus asserit ecclesiam de Meustre, ecclesiam</Unicode>
        </TextEquiv>
      </TextLine>
      <TextLine id="eSc_line_aa93c72b" custom="structure {type:default;}">
        <Coords points="150,777 150,812 331,810 331,772 324,693 148,693 150,777"/>
        <Baseline points="150,777 331,772"/>
        <TextEquiv conf="0.959003496170044">
          <Unicode>„ 12.</Unicode>
        </TextEquiv>
      </TextLine>
      <TextLine id="eSc_line_41bcd49d" custom="structure {type:default;}">
        <Coords points="455,786 455,823 554,823 554,786 554,750 455,750 455,786"/>
        <Baseline points="455,786 554,786"/>
        <TextEquiv conf="1.0">
          <Unicode>„</Unicode>
        </TextEquiv>
      </TextLine>
      <TextLine id="eSc_line_4298eed9" custom="structure {type:default;}">
        <Coords points="722,828 722,850 2633,845 2635,823 2629,795 720,797 722,828"/>
        <Baseline points="722,828 2635,823"/>
        <TextEquiv conf="0.9983295398422435">
          <Unicode>de Faversham, terram de Burgate et omnes alias eorum terras infra muros Cantua-</Unicode>
        </TextEquiv>
      </TextLine>
      <TextLine id="eSc_line_660eb920" custom="structure {type:default;}">
        <Coords points="722,885 722,907 2631,912 2635,878 2631,850 1997,839 1995,839 1992,839 1950,850 1360,841 1358,841 1356,841 1330,852 753,843 751,843 748,843 720,854 722,885"/>
        <Baseline points="722,885 2635,878"/>
        <TextEquiv conf="0.9938034741651445">
          <Unicode>riensis civitatis et in suburbio. Privilegia quaedam addit. Monast. Anglic. nov. ed.</Unicode>
        </TextEquiv>
      </TextLine>
      <TextLine id="eSc_line_df8e1071" custom="structure {type:default;}">
        <Coords points="722,940 722,965 2472,956 2474,936 2470,901 735,896 733,896 731,896 729,896 720,903 722,940"/>
        <Baseline points="722,940 2474,936"/>
        <TextEquiv conf="0.9998278037497872">
          <Unicode>I. 139, Hist. mon. S. August. Cant. p. 418. — „Iustis petentium desideriis“.</Unicode>
        </TextEquiv>
      </TextLine>
      <TextLine id="eSc_line_3726f39c" custom="structure {type:default;}">
        <Coords points="148,995 148,1035 326,1035 326,995 326,927 260,920 258,920 256,920 254,920 227,942 212,956 148,956 148,995"/>
        <Baseline points="148,995 326,995"/>
        <TextEquiv conf="0.9974435210227967">
          <Unicode>„ 14.</Unicode>
        </TextEquiv>
      </TextLine>
      <TextLine id="eSc_line_9d0da482" custom="structure {type:default;}">
        <Coords points="671,995 671,1033 905,1018 958,1029 961,1029 1241,1018 1588,1026 1608,1026 1610,1026 1612,1026 1661,1015 1712,1026 1718,1026 1721,1026 1727,1026 1789,1013 1864,1024 1882,1026 1884,1026 1904,1024 1990,1013 2076,1022 2112,1026 2114,1026 2143,1022 2200,1013 2213,1022 2216,1024 2218,1024 2220,1024 2222,1024 2635,1018 2638,987 2631,956 669,962 671,995"/>
        <Baseline points="671,995 2638,987"/>
        <TextEquiv conf="0.9870563575199672">
          <Unicode>12437 (8352) Monasterii Vallis-Christianae protectionem suscipit, possessionesque ac</Unicode>
        </TextEquiv>
      </TextLine>
      <TextLine id="eSc_line_af3774b2" custom="structure {type:default;}">
        <Coords points="455,1007 455,1037 554,1026 554,1007 554,971 455,969 455,1007"/>
        <Baseline points="455,1007 554,1007"/>
        <TextEquiv conf="0.9999998807907104">
          <Unicode>„</Unicode>
        </TextEquiv>
      </TextLine>
      <TextLine id="eSc_line_4baa2836" custom="structure {type:default;}">
        <Coords points="722,1048 722,1073 2631,1077 2635,1044 2631,1015 779,1007 777,1007 720,1018 722,1048"/>
        <Baseline points="722,1048 2635,1044"/>
        <TextEquiv conf="0.9968798987567424">
          <Unicode>privilegia confirmat, petente Bartholomaeo abbate. Hugo O. P. A. II. Pr. p. 621,</Unicode>
        </TextEquiv>
      </TextLine>
      <TextLine id="eSc_line_33b8590c" custom="structure {type:default;}">
        <Coords points="722,1101 722,1121 1106,1132 1109,1132 1248,1121 1250,1121 1323,1132 1325,1132 1504,1130 1506,1130 1528,1119 1531,1119 1535,1119 1584,1130 1586,1130 1674,1119 1679,1119 1703,1130 1705,1130 1707,1132 1919,1132 1919,1130 1922,1130 1972,1117 1972,1097 1966,1068 720,1071 722,1101"/>
        <Baseline points="722,1101 1972,1097"/>
        <TextEquiv conf="0.9996157701198871">
          <Unicode>Migne 200 p. 1013. — „Religiosam vitam eligentibus“.</Unicode>
        </TextEquiv>
      </TextLine>
      <TextLine id="eSc_line_94a0b5b1" custom="structure {type:default;}">
        <Coords points="671,1152 669,1185 2631,1190 2635,1157 2633,1117 671,1117 671,1152"/>
        <Baseline points="671,1152 2635,1157"/>
        <TextEquiv conf="0.9984366886917202">
          <Unicode>12438 Monasterii S. Mariae de Kinlos tutelam suscipit, bonaque et privilegia confirmat,</Unicode>
        </TextEquiv>
      </TextLine>
      <TextLine id="eSc_line_24eda3c3" custom="structure {type:default;}">
        <Coords points="148,1161 148,1194 329,1188 329,1154 326,1121 265,1104 262,1104 260,1104 258,1104 227,1121 145,1126 148,1161"/>
        <Baseline points="148,1161 329,1154"/>
        <TextEquiv conf="0.9999999284744263">
          <Unicode>„ 18.</Unicode>
        </TextEquiv>
      </TextLine>
      <TextLine id="eSc_line_2b3b06ff" custom="structure {type:default;}">
        <Coords points="457,1168 450,1265 547,1267 554,1172 554,1110 457,1115 457,1168"/>
        <Baseline points="457,1168 554,1172"/>
        <TextEquiv conf="1.0">
          <Unicode>„</Unicode>
        </TextEquiv>
      </TextLine>
      <TextLine id="eSc_line_41d1c3dd" custom="structure {type:default;}">
        <Coords points="724,1214 724,1252 850,1241 1409,1247 1654,1249 1657,1249 2633,1236 2635,1210 2629,1179 722,1181 724,1214"/>
        <Baseline points="724,1214 2635,1210"/>
        <TextEquiv conf="0.9999349957489105">
          <Unicode>petente Rainerio abbate. Records of the monast. of Kinloss p. 105. Misit de Backer.</Unicode>
        </TextEquiv>
      </TextLine>
      <TextLine id="eSc_line_86d9a329" custom="structure {type:default;}">
        <Coords points="724,1267 724,1285 1301,1296 1303,1267 1303,1238 724,1238 724,1267"/>
        <Baseline points="724,1267 1303,1267"/>
        <TextEquiv conf="0.9758744758108387">
          <Unicode>— „Ad hoc universalis“.</Unicode>
        </TextEquiv>
      </TextLine>
      <TextLine id="eSc_line_a3bede3d" custom="structure {type:default;}">
        <Coords points="671,1322 671,1355 2638,1353 2638,1322 2638,1287 2593,1276 2591,1276 2452,1276 2450,1276 2448,1276 2445,1276 2430,1287 2319,1276 2317,1276 2315,1276 2277,1287 2147,1276 2145,1276 1953,1287 1944,1289 1794,1289 1791,1287 1769,1276 1767,1276 1765,1276 1699,1287 1694,1289 963,1289 958,1287 932,1276 930,1276 927,1276 925,1276 905,1287 903,1287 890,1287 802,1276 799,1276 671,1285 671,1322"/>
        <Baseline points="671,1322 2638,1322"/>
        <TextEquiv conf="0.9949183791148953">
          <Unicode>12439 Ecclesiae Belnensis patrocinium suscipit, possessionesque et iura confirmat,</Unicode>
        </TextEquiv>
      </TextLine>
      <TextLine id="eSc_line_b50a173a" custom="structure {type:default;}">
        <Coords points="152,1325 152,1360 326,1364 329,1320 324,1280 238,1265 236,1265 234,1265 231,1265 205,1283 203,1285 150,1285 152,1325"/>
        <Baseline points="152,1325 329,1320"/>
        <TextEquiv conf="0.999928331375122">
          <Unicode>„ 23.</Unicode>
        </TextEquiv>
      </TextLine>
      <TextLine id="eSc_line_f246eb8d" custom="structure {type:default;}">
        <Coords points="461,1331 459,1366 545,1369 550,1336 552,1263 523,1252 521,1252 519,1252 463,1258 461,1331"/>
        <Baseline points="461,1331 550,1336"/>
        <TextEquiv conf="1.0">
          <Unicode>„</Unicode>
        </TextEquiv>
      </TextLine>
      <TextLine id="eSc_line_df63789b" custom="structure {type:default;}">
        <Coords points="722,1375 722,1404 2470,1397 2470,1375 2467,1340 722,1344 722,1375"/>
        <Baseline points="722,1375 2470,1375"/>
        <TextEquiv conf="0.9978332596165793">
          <Unicode>petente Roberto decano. Pflugk-Harttung Acta I. 255. — „Ad hoc sumus“.</Unicode>
        </TextEquiv>
      </TextLine>
      <TextLine id="eSc_line_219ea762" custom="structure {type:default;}">
        <Coords points="673,1431 673,1459 2638,1455 2638,1431 2638,1400 673,1400 673,1431"/>
        <Baseline points="673,1431 2638,1431"/>
        <TextEquiv conf="0.9867781407861824">
          <Unicode>12440 Monasterii S. Mariae Balantiarum (seu Valloriensis) tutelam suscipit, bonaque</Unicode>
        </TextEquiv>
      </TextLine>
      <TextLine id="eSc_line_16d70d50" custom="structure {type:default;}">
        <Coords points="150,1433 150,1475 236,1479 238,1479 329,1459 329,1428 324,1358 234,1349 231,1349 148,1360 150,1433"/>
        <Baseline points="150,1433 329,1428"/>
        <TextEquiv conf="0.9627196907997131">
          <Unicode>„ 29.</Unicode>
        </TextEquiv>
      </TextLine>
      <TextLine id="eSc_line_856b127e" custom="structure {type:default;}">
        <Coords points="455,1444 452,1468 550,1470 554,1448 554,1406 455,1395 455,1444"/>
        <Baseline points="455,1444 554,1448"/>
        <TextEquiv conf="0.9757460951805115">
          <Unicode>„</Unicode>
        </TextEquiv>
      </TextLine>
      <TextLine id="eSc_line_125e807d" custom="structure {type:default;}">
        <Coords points="724,1488 724,1523 2633,1519 2635,1484 2629,1453 722,1455 724,1488"/>
        <Baseline points="724,1488 2635,1484"/>
        <TextEquiv conf="0.9914653328643448">
          <Unicode>et privilegia confirmat, petente Hugone abbate. Revue des soc. sav. VII. sér. VII. 509,</Unicode>
        </TextEquiv>
      </TextLine>
      <TextLine id="eSc_line_17e29789" custom="structure {type:default;}">
        <Coords points="722,1545 722,1565 760,1578 762,1578 764,1578 881,1565 883,1565 888,1565 1003,1578 1005,1578 1007,1578 1049,1563 1051,1563 1069,1563 1288,1576 1290,1576 1292,1576 1294,1576 1316,1561 1319,1561 1336,1561 1546,1574 1548,1574 1652,1572 1654,1572 1681,1559 1687,1559 1811,1572 1813,1572 1816,1572 1862,1556 1862,1537 1858,1506 742,1503 740,1503 737,1503 735,1503 720,1510 722,1545"/>
        <Baseline points="722,1545 1862,1537"/>
        <TextEquiv conf="0.9953934239304584">
          <Unicode>(Neues Archiv VII. 102). — „Religiosam vitam“.</Unicode>
        </TextEquiv>
      </TextLine>
      <TextLine id="eSc_line_0d1d0876" custom="structure {type:default;}">
        <Coords points="117,1596 117,1631 326,1631 329,1592 324,1523 194,1510 192,1510 190,1510 183,1514 161,1525 114,1510 117,1596"/>
        <Baseline points="117,1596 329,1592"/>
        <TextEquiv conf="0.9893893226981163">
          <Unicode>Mart. 2.</Unicode>
        </TextEquiv>
      </TextLine>
      <TextLine id="eSc_line_4ce5c63f" custom="structure {type:default;}">
        <Coords points="673,1596 673,1625 2635,1618 2638,1590 2631,1561 671,1565 673,1596"/>
        <Baseline points="673,1596 2638,1590"/>
        <TextEquiv conf="0.9975792509178782">
          <Unicode>12441 S(alomoni) decano et capitulo Glasguensi significat, confirmare se, quod statue-</Unicode>
        </TextEquiv>
      </TextLine>
      <TextLine id="eSc_line_998b5133" custom="structure {type:default;}">
        <Coords points="461,1612 461,1640 554,1640 554,1612 554,1572 461,1572 461,1612"/>
        <Baseline points="461,1612 554,1612"/>
        <TextEquiv conf="0.9999998807907104">
          <Unicode>„</Unicode>
        </TextEquiv>
      </TextLine>
      <TextLine id="eSc_line_43f4badf" custom="structure {type:default;}">
        <Coords points="724,1656 724,1678 2633,1682 2638,1649 2633,1616 746,1614 744,1614 742,1614 722,1623 724,1656"/>
        <Baseline points="724,1656 2638,1649"/>
        <TextEquiv conf="0.9993524439632893">
          <Unicode>rint, „ut praebenda defuncti canonici per integrum annum pauperibus erogetur aut</Unicode>
        </TextEquiv>
      </TextLine>
      <TextLine id="eSc_line_f1526705" custom="structure {type:default;}">
        <Coords points="724,1704 722,1722 815,1737 817,1737 888,1726 943,1737 945,1740 1067,1740 1067,1737 1069,1737 1071,1737 1087,1726 1175,1737 1177,1737 1323,1726 1336,1726 1341,1726 1374,1737 1376,1737 1378,1737 2638,1733 2640,1709 2640,1678 724,1673 724,1704"/>
        <Baseline points="724,1704 2640,1709"/>
        <TextEquiv conf="0.9997866167419258">
          <Unicode>debita eius pro re honesta contracta creditoribus persolvantur“. Alia privilegia addit.</Unicode>
        </TextEquiv>
      </TextLine>
      <TextLine id="eSc_line_392cb917" custom="structure {type:default;}">
        <Coords points="726,1766 726,1799 1986,1799 1986,1797 2087,1786 2125,1784 2138,1786 2167,1795 2169,1795 2171,1795 2220,1786 2235,1784 2244,1786 2269,1795 2271,1795 2273,1795 2425,1784 2445,1784 2454,1784 2520,1795 2523,1795 2631,1782 2633,1760 2626,1729 724,1733 726,1766"/>
        <Baseline points="726,1766 2633,1760"/>
        <TextEquiv conf="0.9986089146450946">
          <Unicode>(„Pont. nostri anno II“ aliena manus addidit.) Registrum ep. Glasg. I. 21. —</Unicode>
        </TextEquiv>
      </TextLine>
      <TextLine id="eSc_line_995d3a94" custom="structure {type:default;}">
        <Coords points="726,1819 726,1841 1148,1846 1151,1846 1153,1846 1177,1835 1179,1835 1190,1846 1193,1846 1195,1846 1197,1848 1290,1848 1290,1846 1292,1846 1343,1832 1343,1815 1336,1786 724,1788 726,1819"/>
        <Baseline points="726,1819 1343,1815"/>
        <TextEquiv conf="0.999929574628671">
          <Unicode>„Cum ex commisso nobis“.</Unicode>
        </TextEquiv>
      </TextLine>
      <TextLine id="eSc_line_a715f4b3" custom="structure {type:default;}">
        <Coords points="678,1870 678,1903 2642,1894 2642,1870 2642,1837 678,1837 678,1870"/>
        <Baseline points="678,1870 2642,1870"/>
        <TextEquiv conf="0.9985102319423064">
          <Unicode>12442 Galando abbati et fratribus S. Auberti Cameracensis bullam dat. (Notae tem-</Unicode>
        </TextEquiv>
      </TextLine>
      <TextLine id="eSc_line_063f65a6" custom="structure {type:default;}">
        <Coords points="152,1877 152,1912 333,1912 333,1872 329,1830 254,1815 251,1815 249,1815 247,1815 225,1832 220,1837 150,1837 152,1877"/>
        <Baseline points="152,1877 333,1872"/>
        <TextEquiv conf="0.9990097880363464">
          <Unicode>„ 9.</Unicode>
        </TextEquiv>
      </TextLine>
      <TextLine id="eSc_line_06f7dc90" custom="structure {type:default;}">
        <Coords points="466,1885 466,1916 543,1930 545,1885 541,1806 466,1828 466,1885"/>
        <Baseline points="466,1885 545,1885"/>
        <TextEquiv conf="1.0">
          <Unicode>„</Unicode>
        </TextEquiv>
      </TextLine>
      <TextLine id="eSc_line_72342a68" custom="structure {type:default;}">
        <Coords points="724,1930 724,1952 1049,1961 1051,1961 1053,1961 1093,1949 1106,1947 1122,1949 1177,1961 1179,1961 1235,1949 1252,1945 1263,1949 1285,1958 1288,1958 1290,1958 1414,1947 1449,1945 1460,1947 1502,1958 1504,1958 1506,1958 1509,1958 1546,1947 1551,1945 1553,1947 1570,1958 1573,1958 1575,1958 1577,1961 1643,1961 1643,1958 1646,1958 1648,1958 1663,1945 1665,1943 1736,1943 1741,1945 1752,1956 1754,1956 1756,1956 1758,1958 2001,1958 2001,1956 2003,1956 2041,1943 2043,1943 2048,1943 2145,1956 2147,1956 2149,1956 2202,1941 2202,1923 2198,1894 1288,1885 1285,1885 1208,1896 810,1888 808,1888 722,1899 724,1930"/>
        <Baseline points="724,1930 2202,1923"/>
        <TextEquiv conf="0.9853345458624793">
          <Unicode>poris vitiosae.) Neues Archiv VII. 101. — „Religiosam vitam“.</Unicode>
        </TextEquiv>
      </TextLine>
      <TextLine id="eSc_line_9092c402" custom="structure {type:default;}">
        <Coords points="678,1983 678,2011 2638,2014 2640,1983 2640,1952 678,1949 678,1983"/>
        <Baseline points="678,1983 2640,1983"/>
        <TextEquiv conf="0.9916951864264733">
          <Unicode>12443 (8353) Petro, tit. S. Chrysogoni presbytero cardinali, apostolicae sedis legato,</Unicode>
        </TextEquiv>
      </TextLine>
      <TextLine id="eSc_line_bb501dd3" custom="structure {type:default;}">
        <Coords points="154,1987 154,2020 331,2018 331,1980 326,1932 271,1927 269,1927 267,1927 247,1934 205,1949 152,1941 154,1987"/>
        <Baseline points="154,1987 331,1980"/>
        <TextEquiv conf="0.9993558406829834">
          <Unicode>„ 11.</Unicode>
        </TextEquiv>
      </TextLine>
      <TextLine id="eSc_line_d8da061b" custom="structure {type:default;}">
        <Coords points="463,1998 463,2022 505,2033 508,2033 510,2033 552,2018 552,1994 545,1943 461,1954 463,1998"/>
        <Baseline points="463,1998 552,1994"/>
        <TextEquiv conf="1.0">
          <Unicode>„</Unicode>
        </TextEquiv>
      </TextLine>
      <TextLine id="eSc_line_cf91ef05" custom="structure {type:default;}">
        <Coords points="726,2036 726,2064 2640,2062 2640,2036 2640,2007 726,2005 726,2036"/>
        <Baseline points="726,2036 2640,2036"/>
        <TextEquiv conf="0.997822270363192">
          <Unicode>mandat, commoneat (Henricum), archiepiscopum Remensem, et eius suffraganeos, ut</Unicode>
        </TextEquiv>
      </TextLine>
      <TextLine id="eSc_line_61aa3945" custom="structure {type:default;}">
        <Coords points="729,2091 729,2111 2638,2115 2640,2091 2640,2062 729,2062 729,2091"/>
        <Baseline points="729,2091 2640,2091"/>
        <TextEquiv conf="0.9984502005271423">
          <Unicode>interfectores R(oberti) electi Cameracensis excommunicent. Duchesne H. Fr. SS.</Unicode>
        </TextEquiv>
      </TextLine>
      <TextLine id="eSc_line_844529a8" custom="structure {type:default;}">
        <Coords points="729,2148 729,2175 2635,2179 2640,2144 2635,2113 1690,2102 1687,2102 1685,2102 1683,2102 1672,2113 1670,2115 726,2115 729,2148"/>
        <Baseline points="729,2148 2640,2144"/>
        <TextEquiv conf="0.9875138820828618">
          <Unicode>IV. 565, Bouquet Rec. XV. 949, (Mansi XXI. 969, Migne 200 p. 1014). — „Non</Unicode>
        </TextEquiv>
      </TextLine>
      <TextLine id="eSc_line_a3e57de4" custom="structure {type:default;}">
        <Coords points="726,2201 726,2221 941,2232 943,2232 945,2232 947,2232 965,2219 967,2219 987,2230 989,2230 992,2230 1162,2217 1164,2197 1159,2170 947,2159 945,2159 943,2159 941,2159 941,2161 938,2161 932,2170 932,2173 724,2173 726,2201"/>
        <Baseline points="726,2201 1164,2197"/>
        <TextEquiv conf="0.9972995958830181">
          <Unicode>sine gravi dolore“.</Unicode>
        </TextEquiv>
      </TextLine>
      <TextLine id="eSc_line_6946f010" custom="structure {type:default;}">
        <Coords points="680,2256 680,2287 2642,2276 2644,2252 2638,2212 678,2219 680,2256"/>
        <Baseline points="680,2256 2644,2252"/>
        <TextEquiv conf="0.9993484458704104">
          <Unicode>12444 (8354) Monasterii S. Stephani Balneolensis protectionem suscipit, possessionesque</Unicode>
        </TextEquiv>
      </TextLine>
      <TextLine id="eSc_line_46b51f89" custom="structure {type:default;}">
        <Coords points="154,2261 154,2301 333,2294 335,2256 329,2168 265,2170 262,2170 260,2170 234,2195 205,2219 152,2219 154,2261"/>
        <Baseline points="154,2261 335,2256"/>
        <TextEquiv conf="0.9942922115325927">
          <Unicode>„ 15.</Unicode>
        </TextEquiv>
      </TextLine>
      <TextLine id="eSc_line_8d6ed406" custom="structure {type:default;}">
        <Coords points="461,2274 461,2305 556,2305 556,2274 556,2226 461,2226 461,2274"/>
        <Baseline points="461,2274 556,2274"/>
        <TextEquiv conf="1.0">
          <Unicode>„</Unicode>
        </TextEquiv>
      </TextLine>
      <TextLine id="eSc_line_ac8923ce" custom="structure {type:default;}">
        <Coords points="729,2314 729,2334 2640,2343 2642,2314 2642,2283 729,2276 729,2314"/>
        <Baseline points="729,2314 2642,2314"/>
        <TextEquiv conf="0.9979178231013449">
          <Unicode>ac privilegia confirmat, petente Raymundo abbate. Marca Marca Hisp. p. 1366,</Unicode>
        </TextEquiv>
      </TextLine>
      <TextLine id="eSc_line_8ecab149" custom="structure {type:default;}">
        <Coords points="731,2367 731,2391 2505,2391 2507,2367 2505,2336 731,2336 731,2367"/>
        <Baseline points="731,2367 2507,2367"/>
        <TextEquiv conf="0.990039880961588">
          <Unicode>Aguirre Conc. V. 91, Migne 200 p. 1015. — „Religiosam vitam eligentibus“.</Unicode>
        </TextEquiv>
      </TextLine>
      <TextLine id="eSc_line_a73f6a83" custom="structure {type:default;}">
        <Coords points="682,2415 680,2449 2638,2453 2642,2424 2640,2393 682,2385 682,2415"/>
        <Baseline points="682,2415 2642,2424"/>
        <TextEquiv conf="0.9987692658820849">
          <Unicode>12445 Universo populo Terracinensi, a promotionis suae exordio sibi devotissimo, scribit,</Unicode>
        </TextEquiv>
      </TextLine>
      <TextLine id="eSc_line_e06c1bd1" custom="structure {type:default;}">
        <Coords points="161,2424 161,2453 269,2462 271,2462 335,2449 335,2418 331,2389 159,2389 161,2424"/>
        <Baseline points="161,2424 335,2418"/>
        <TextEquiv conf="0.9996089458465576">
          <Unicode>„ 14.</Unicode>
        </TextEquiv>
      </TextLine>
      <TextLine id="eSc_line_211e090f" custom="structure {type:default;}">
        <Coords points="459,2438 459,2453 556,2451 556,2433 550,2338 452,2338 459,2438"/>
        <Baseline points="459,2438 556,2433"/>
        <TextEquiv conf="1.0">
          <Unicode>„</Unicode>
        </TextEquiv>
      </TextLine>
      <TextLine id="eSc_line_fc33bb13" custom="structure {type:default;}">
        <Coords points="733,2477 733,2499 2640,2502 2644,2473 2638,2444 731,2444 733,2477"/>
        <Baseline points="733,2477 2644,2473"/>
        <TextEquiv conf="0.9982002414762974">
          <Unicode>ne privilegio Pipernensibus concesso turbentur, quia iam ante nunciorum adventum</Unicode>
        </TextEquiv>
      </TextLine>
      <TextLine id="eSc_line_e582065b" custom="structure {type:default;}">
        <Coords points="731,2532 731,2559 2642,2559 2644,2528 2638,2499 729,2499 731,2532"/>
        <Baseline points="731,2532 2644,2528"/>
        <TextEquiv conf="0.9983817081559788">
          <Unicode>in eodem privilegio poni fecerit: „salvo tenimento S. Andreae et salvis iustitiis omnium</Unicode>
        </TextEquiv>
      </TextLine>
      <TextLine id="eSc_line_fbb6747c" custom="structure {type:default;}">
        <Coords points="731,2585 731,2605 910,2619 912,2619 914,2619 947,2608 950,2608 1040,2619 1042,2619 1140,2608 1146,2608 1148,2608 1175,2619 1177,2619 1179,2619 1265,2608 1274,2608 1418,2608 1420,2608 1433,2619 1436,2619 1438,2619 1440,2619 2644,2610 2644,2585 2644,2557 731,2550 731,2585"/>
        <Baseline points="731,2585 2644,2585"/>
        <TextEquiv conf="0.9999710716210403">
          <Unicode>aliorum, si quas infra fines ipsos habere noscuntur“. (Perperam Alexandro IV.</Unicode>
        </TextEquiv>
      </TextLine>
      <TextLine id="eSc_line_81dc065b" custom="structure {type:default;}">
        <Coords points="729,2641 729,2663 1135,2674 1137,2674 1190,2663 1193,2663 1254,2674 1257,2674 1312,2661 1319,2661 1323,2661 1354,2672 1356,2672 1358,2672 1743,2661 1749,2661 1765,2672 1767,2672 1769,2672 1771,2674 1895,2674 1895,2672 1981,2658 1990,2658 1995,2658 2032,2669 2034,2669 2037,2669 2224,2658 2233,2658 2255,2669 2258,2669 2260,2672 2461,2672 2461,2669 2463,2669 2503,2656 2503,2634 2496,2608 726,2608 729,2641"/>
        <Baseline points="729,2641 2503,2634"/>
        <TextEquiv conf="0.996015758106583">
          <Unicode>ascripta.) Contator Hist. Terrac. p. 195. — „Memores existentes devotionis“.</Unicode>
        </TextEquiv>
      </TextLine>
      <TextLine id="eSc_line_60fbf7a7" custom="structure {type:default;}">
        <Coords points="682,2694 682,2720 2644,2720 2644,2694 2642,2663 682,2663 682,2694"/>
        <Baseline points="682,2694 2644,2694"/>
        <TextEquiv conf="0.9993433861171498">
          <Unicode>12446 Iocel(ino), episcopo Glasguensi, „ob fidem, quam ipse et ordo Cisterciensis, de</Unicode>
        </TextEquiv>
      </TextLine>
      <TextLine id="eSc_line_18e6d0a1" custom="structure {type:default;}">
        <Coords points="161,2700 161,2729 338,2729 338,2696 331,2608 287,2610 285,2610 282,2610 282,2612 262,2630 225,2669 159,2669 161,2700"/>
        <Baseline points="161,2700 338,2696"/>
        <TextEquiv conf="0.9986767768859863">
          <Unicode>„ 15.</Unicode>
        </TextEquiv>
      </TextLine>
      <TextLine id="eSc_line_91ac7307" custom="structure {type:default;}">
        <Coords points="457,2711 457,2731 503,2742 505,2742 558,2729 558,2707 552,2665 455,2672 457,2711"/>
        <Baseline points="457,2711 558,2707"/>
        <TextEquiv conf="0.999994158744812">
          <Unicode>„</Unicode>
        </TextEquiv>
      </TextLine>
      <TextLine id="eSc_line_eaa9ef35" custom="structure {type:default;}">
        <Coords points="733,2751 733,2773 1685,2784 1687,2784 1743,2773 1756,2771 1758,2773 1769,2782 1771,2782 1774,2782 1776,2782 2644,2771 2646,2747 2640,2711 731,2720 733,2751"/>
        <Baseline points="733,2751 2646,2747"/>
        <TextEquiv conf="0.990368209424473">
          <Unicode>quo assumptus sit, circa Romanam ecclesiam gesserint“, indulget, „ne cui liceat nisi</Unicode>
        </TextEquiv>
      </TextLine>
      <TextLine id="eSc_line_a3f2d179" custom="structure {type:default;}">
        <Coords points="733,2806 733,2837 2642,2828 2644,2802 2640,2773 731,2773 733,2806"/>
        <Baseline points="733,2806 2644,2802"/>
        <TextEquiv conf="0.996539443731308">
          <Unicode>Romano pontifici vel legato ab eius latere destinato, in eum vel eius ecclesiam inter-</Unicode>
        </TextEquiv>
      </TextLine>
      <TextLine id="eSc_line_69a9ad07" custom="structure {type:default;}">
        <Coords points="733,2857 731,2875 777,2890 779,2890 782,2892 1148,2892 1148,2890 1151,2890 1153,2890 1168,2879 1844,2892 1847,2892 2642,2881 2644,2862 2640,2824 733,2824 733,2857"/>
        <Baseline points="733,2857 2644,2862"/>
        <TextEquiv conf="0.9967576378508459">
          <Unicode>dicti, suspensionis vel excommunicationis sententiam promulgare“. („XVIII. kal.</Unicode>
        </TextEquiv>
      </TextLine>
      <TextLine id="eSc_line_5f53cb23" custom="structure {type:default;}">
        <Coords points="735,2915 735,2945 2642,2937 2644,2910 2638,2881 733,2884 735,2915"/>
        <Baseline points="735,2915 2644,2910"/>
        <TextEquiv conf="0.9894882064490091">
          <Unicode>Apr.“) Registrum ep. Glasg. I. 34, Haddan and Stubbs Councils II. I. 40. — „Affectum</Unicode>
        </TextEquiv>
      </TextLine>
      <TextLine id="eSc_line_ddce17c9" custom="structure {type:default;}">
        <Coords points="731,2968 731,2985 751,2998 753,2998 755,2998 757,3001 1007,3001 1007,2998 1069,2983 1069,2968 1069,2937 731,2937 731,2968"/>
        <Baseline points="731,2968 1069,2968"/>
        <TextEquiv conf="0.999986473719279">
          <Unicode>devotionis et“.</Unicode>
        </TextEquiv>
      </TextLine>
      <TextLine id="eSc_line_2ba58856" custom="structure {type:default;}">
        <Coords points="682,3025 682,3047 2640,3049 2642,3021 2638,2987 2070,2976 2068,2976 680,2987 682,3025"/>
        <Baseline points="682,3025 2642,3021"/>
        <TextEquiv conf="0.9967079361279806">
          <Unicode>12447 (8355) C(onrado), archiepiscopo Moguntino et apostolicae sedis legato, mandat,</Unicode>
        </TextEquiv>
      </TextLine>
      <TextLine id="eSc_line_dfe2628e" custom="structure {type:default;}">
        <Coords points="161,3029 161,3056 276,3065 278,3065 338,3051 338,3023 333,2983 243,2976 240,2976 238,2976 236,2976 236,2979 225,2990 223,2992 159,2992 161,3029"/>
        <Baseline points="161,3029 338,3023"/>
        <TextEquiv conf="0.8958766460418701">
          <Unicode>„ 21.</Unicode>
        </TextEquiv>
      </TextLine>
      <TextLine id="eSc_line_b6e3c7c4" custom="structure {type:default;}">
        <Coords points="470,3038 470,3067 497,3074 499,3074 501,3074 503,3074 503,3071 525,3051 532,3043 558,3040 558,3032 552,2998 466,3003 470,3038"/>
        <Baseline points="470,3038 558,3032"/>
        <TextEquiv conf="1.0">
          <Unicode>„</Unicode>
        </TextEquiv>
      </TextLine>
      <TextLine id="eSc_line_a4499d39" custom="structure {type:default;}">
        <Coords points="733,3080 733,3104 2642,3098 2644,3074 2638,3045 731,3047 733,3080"/>
        <Baseline points="733,3080 2644,3074"/>
        <TextEquiv conf="0.9990776933729648">
          <Unicode>hortetur (Theobaldum) episcopum Passaviensem, ut monachis Lunaelacensibus eccle-</Unicode>
        </TextEquiv>
      </TextLine>
      <TextLine id="eSc_line_3f17035a" custom="structure {type:default;}">
        <Coords points="733,3133 733,3157 2640,3166 2642,3133 2642,3102 733,3102 733,3133"/>
        <Baseline points="733,3133 2642,3133"/>
        <TextEquiv conf="0.9955772427191217">
          <Unicode>sias quasdam restituat. Jaffé Reg. pont. Rom. ed. I. n. 8355, Jaffé Bibl. III. 408,</Unicode>
        </TextEquiv>
      </TextLine>
      <TextLine id="eSc_line_f1679139" custom="structure {type:default;}">
        <Coords points="731,3186 731,3208 1212,3219 1215,3219 1327,3208 1356,3219 1358,3219 1360,3219 1661,3206 1676,3206 1687,3215 1687,3217 1690,3217 1692,3217 1694,3219 1964,3219 1964,3217 1966,3217 2012,3204 2012,3182 2008,3153 751,3146 748,3146 746,3146 744,3146 729,3153 731,3186"/>
        <Baseline points="731,3186 2012,3182"/>
        <TextEquiv conf="0.9967097170077838">
          <Unicode>(Migne 200 p. 1016). — „Ex transmissa conquestione“.</Unicode>
        </TextEquiv>
      </TextLine>
      <TextLine id="eSc_line_9e6210f2" custom="structure {type:default;}">
        <Coords points="684,3239 684,3268 2646,3268 2646,3235 2640,3206 682,3208 684,3239"/>
        <Baseline points="684,3239 2646,3235"/>
        <TextEquiv conf="0.995869245718826">
          <Unicode>12448 (8356) (Richardo), archiepiscopo Cantuariensi, mandat, hospitalarios et templarios</Unicode>
        </TextEquiv>
      </TextLine>
      <TextLine id="eSc_line_78b0e7e0" custom="structure {type:default;}">
        <Coords points="163,3248 163,3279 342,3272 342,3239 333,3157 271,3160 269,3160 267,3160 267,3162 265,3162 256,3173 245,3186 229,3180 225,3177 223,3177 220,3177 218,3177 159,3193 163,3248"/>
        <Baseline points="163,3248 342,3239"/>
        <TextEquiv conf="0.997569227218628">
          <Unicode>„ 23.</Unicode>
        </TextEquiv>
      </TextLine>
      <TextLine id="eSc_line_c5c3e530" custom="structure {type:default;}">
        <Coords points="459,3255 459,3281 556,3286 558,3250 552,3204 457,3215 459,3255"/>
        <Baseline points="459,3255 558,3250"/>
        <TextEquiv conf="0.9999978542327881">
          <Unicode>„</Unicode>
        </TextEquiv>
      </TextLine>
      <TextLine id="eSc_line_55a865c5" custom="structure {type:default;}">
        <Coords points="735,3294 735,3325 2646,3319 2646,3294 2646,3266 735,3266 735,3294"/>
        <Baseline points="735,3294 2646,3294"/>
        <TextEquiv conf="0.9999718084931374">
          <Unicode>sub excommunicationis poena moneat, „ut si quos in excommunicatione defunctos in</Unicode>
        </TextEquiv>
      </TextLine>
      <TextLine id="eSc_line_f31f1869" custom="structure {type:default;}">
        <Coords points="735,3350 735,3369 1544,3380 1546,3380 1548,3380 1566,3374 1581,3369 1595,3374 1612,3380 1615,3380 1617,3380 1619,3380 1639,3374 1659,3369 2132,3376 2260,3378 2262,3378 2264,3378 2266,3378 2284,3367 2297,3378 2299,3378 2302,3378 2304,3380 2403,3380 2403,3378 2406,3378 2432,3367 2481,3378 2483,3378 2485,3378 2487,3378 2529,3367 2543,3378 2545,3378 2547,3378 2549,3380 2644,3380 2646,3345 2640,3316 733,3319 735,3350"/>
        <Baseline points="735,3350 2646,3345"/>
        <TextEquiv conf="0.9983951789992196">
          <Unicode>coemeteriis ecclesiarum sepelierint, eos eiiciant“. Gilberti Foliot epist. ed. Giles</Unicode>
        </TextEquiv>
      </TextLine>
      <TextLine id="eSc_line_d66c89ae" custom="structure {type:default;}">
        <Coords points="737,3405 737,3429 2644,3436 2646,3405 2646,3374 737,3369 737,3405"/>
        <Baseline points="737,3405 2646,3405"/>
        <TextEquiv conf="0.9978320804380235">
          <Unicode>II. 64, Migne 200 p. 1017, (App. conc. Lat. XXXI. 5, Coll. Lips. XII. 3, Coll. Cass.</Unicode>
        </TextEquiv>
      </TextLine>
      <TextLine id="eSc_line_cfb116cd" custom="structure {type:default;}">
        <Coords points="740,3460 740,3491 905,3489 921,3491 961,3502 963,3502 965,3502 967,3502 987,3491 996,3489 1117,3489 1126,3491 1153,3504 1155,3504 1157,3504 1159,3504 1184,3491 1193,3489 1478,3489 1484,3491 1506,3502 1509,3502 1511,3502 1513,3502 1555,3491 1568,3489 1573,3491 1586,3500 1588,3500 1590,3500 1592,3500 1595,3500 1612,3491 1619,3489 1641,3491 1703,3500 1705,3500 1769,3491 1794,3489 1820,3491 1944,3506 1946,3509 2622,3509 2622,3506 2624,3506 2626,3506 2646,3493 2646,3460 2646,3429 740,3422 740,3460"/>
        <Baseline points="740,3460 2646,3460"/>
        <TextEquiv conf="0.9870726573898132">
          <Unicode>XXIII. 3, Coll. Bamb. XIII. 3, Comp. I. I. 5. t. 28. c. 6, Decr. Greg. L. V. t. 33.</Unicode>
        </TextEquiv>
      </TextLine>
      <TextLine id="eSc_line_eeed0433" custom="structure {type:default;}">
        <Coords points="735,3509 733,3562 782,3555 813,3564 839,3573 841,3573 843,3573 846,3573 848,3573 861,3564 877,3555 945,3555 972,3564 1003,3573 1005,3573 1007,3573 1069,3562 1111,3555 1124,3562 1144,3570 1146,3570 1148,3570 1243,3562 1274,3575 1277,3575 1279,3577 1449,3577 1449,3575 1451,3575 1453,3575 1453,3573 1469,3559 1471,3557 1584,3557 1586,3557 1608,3575 1610,3575 1612,3575 1615,3575 1668,3564 1756,3575 1758,3575 1760,3575 1818,3555 1820,3513 1818,3480 735,3475 735,3509"/>
        <Baseline points="735,3509 1820,3513"/>
        <TextEquiv conf="0.993744037872137">
          <Unicode>c. 5). — „Ad hoc in beatorum“ „Ad haec in“.</Unicode>
        </TextEquiv>
      </TextLine>
      <TextLine id="eSc_line_c68d9d07" custom="structure {type:default;}">
        <Coords points="163,3568 163,3606 198,3621 201,3621 203,3621 298,3606 302,3606 307,3606 360,3621 362,3621 364,3621 366,3621 393,3608 459,3630 461,3630 463,3630 466,3630 468,3630 497,3606 497,3604 499,3606 554,3628 556,3628 558,3628 665,3626 667,3626 735,3604 735,3562 733,3524 720,3513 718,3513 715,3513 713,3513 711,3513 709,3513 709,3515 695,3528 567,3528 528,3511 525,3511 523,3511 481,3513 479,3513 477,3513 477,3515 463,3526 450,3515 450,3513 448,3513 446,3513 391,3513 388,3513 386,3513 384,3513 357,3531 304,3531 267,3531 220,3515 218,3515 216,3515 214,3515 161,3528 163,3568"/>
        <Baseline points="163,3568 735,3562"/>
        <TextEquiv conf="0.8105061235172408">
          <Unicode>Reeeta Pont Ronan. 2d es. I.</Unicode>
        </TextEquiv>
      </TextLine>
      <TextLine id="eSc_line_85f4cada" custom="structure {type:default;}">
        <Coords points="2302,3577 2304,3619 2377,3608 2377,3573 2370,3526 2297,3535 2302,3577"/>
        <Baseline points="2302,3577 2377,3573"/>
        <TextEquiv conf="1.0">
          <Unicode>36</Unicode>
        </TextEquiv>
      </TextLine>
    </TextRegion>
    <TextRegion id="eSc_textblock_dbe6ad84"  custom="structure {type:default;}">
      <Coords points="1000,159 1842,167 1851,253 883,262 883,176 1000,159"/>
      <TextLine id="eSc_line_1c69102b" custom="structure {type:default;}">
        <Coords points="901,236 901,269 1824,267 1824,236 1824,185 1763,167 1760,167 1696,167 1694,167 1692,167 1654,185 1551,167 1548,167 1407,185 1380,167 1378,167 1376,167 1330,167 1327,167 1325,167 1283,185 1263,172 1261,172 1259,172 1257,172 1199,181 1151,167 1148,167 1146,167 1144,167 1084,185 1060,167 1058,167 1056,167 1053,167 1051,167 998,181 972,167 969,167 967,167 965,167 901,185 901,236"/>
        <Baseline points="901,236 1824,236"/>
        <TextEquiv conf="0.9921650052070617">
          <Unicode>ALEXANDER III. 1159—1181.</Unicode>
        </TextEquiv>
      </TextLine>
    </TextRegion>
    <TextRegion id="eSc_textblock_1a5e78ab"  custom="structure {type:default;}">
      <Coords points="2509,167 2662,176 2680,236 2618,271 2496,262 2478,212 2509,167"/>
      <TextLine id="eSc_line_ac75ca8a" custom="structure {type:default;}">
        <Coords points="2609,172 2587,172 2565,170 2543,167 2523,167 2501,181 2505,238 2507,269 2629,260 2626,229 2620,172 2609,172"/>
        <Baseline points="2505,238 2626,229"/>
        <TextEquiv conf="1.0">
          <Unicode>281</Unicode>
        </TextEquiv>
      </TextLine>
    </TextRegion>
  </Page>
</PcGts>
