<?xml version="1.0" encoding="UTF-8"  standalone="yes"?>
<PcGts xmlns="http://schema.primaresearch.org/PAGE/gts/pagecontent/2019-07-15" xmlns:xsi="http://www.w3.org/2001/XMLSchema-instance" xsi:schemaLocation="http://schema.primaresearch.org/PAGE/gts/pagecontent/2019-07-15 http://schema.primaresearch.org/PAGE/gts/pagecontent/2019-07-15/pagecontent.xsd">
  <Metadata>
	<Creator>escriptorium</Creator>
	<Created>2024-07-19T10:10:25.950152+00:00</Created>
        <LastChange>2024-08-08T08:38:47.948438+00:00</LastChange>
  </Metadata>
  <Page imageFilename="0296.png" imageWidth="3007" imageHeight="3975">
    <TextRegion id="eSc_textblock_c53b1220"  custom="structure {type:default;}">
      <Coords points="746,309 2688,326 2662,3522 2372,3522 2379,3575 2353,3584 2149,3531 397,3522 368,3204 333,3522 132,3513 97,2956 97,424 159,335 342,335 377,415 388,335 651,353 671,318 746,309"/>
      <TextLine id="eSc_line_67a9cad0" custom="structure {type:default;}">
        <Coords points="2551,324 2529,324 2507,324 2485,324 2463,324 2441,322 2419,322 2397,322 2375,322 2353,322 2330,322 2308,322 2286,322 2264,322 2242,322 2220,322 2213,320 2154,322 2118,320 2109,320 2087,320 2065,320 2043,320 2021,320 1999,320 1977,320 1955,318 1933,318 1913,318 1873,322 1853,324 1838,322 1802,318 1800,318 1778,318 1756,318 1734,318 1732,315 1721,324 1705,324 1555,315 1535,315 1513,315 1506,315 1493,326 1396,326 1369,326 1305,313 1303,313 1230,326 1197,313 1195,313 1193,313 989,329 974,318 972,318 969,318 967,318 965,318 941,326 925,315 923,315 921,315 673,315 651,346 653,373 653,397 2562,397 2565,364 2558,324 2551,324"/>
        <Baseline points="653,373 2565,364"/>
        <TextEquiv conf="0.993896448210384">
          <Unicode>1175. (Ind. 5. — 25. Sept. — 9, pont. a. 16. — 20. Sept. — 17, 1174. — 25. Mart. — 1175.)</Unicode>
        </TextEquiv>
      </TextLine>
      <TextLine id="eSc_line_a98b08f8" custom="structure {type:default;}">
        <Coords points="393,430 391,474 616,472 618,435 618,384 393,382 393,430"/>
        <Baseline points="393,430 618,435"/>
        <TextEquiv conf="0.999985482957628">
          <Unicode>Ferentini</Unicode>
        </TextEquiv>
      </TextLine>
      <TextLine id="eSc_line_d7dfef0e" custom="structure {type:default;}">
        <Coords points="687,437 687,470 2646,465 2649,432 2644,399 733,390 731,390 729,390 684,401 687,437"/>
        <Baseline points="687,437 2649,432"/>
        <TextEquiv conf="0.9890921442973905">
          <Unicode>12464 (Henrico) archiepiscopo Remensi et (Everardo) episcopo Tornacensi praecipit,</Unicode>
        </TextEquiv>
      </TextLine>
      <TextLine id="eSc_line_15ed5050" custom="structure {type:default;}">
        <Coords points="139,439 139,485 349,485 349,439 349,401 139,395 139,439"/>
        <Baseline points="139,439 349,439"/>
        <TextEquiv conf="0.9968841820955276">
          <Unicode>Apr. 22.</Unicode>
        </TextEquiv>
      </TextLine>
      <TextLine id="eSc_line_4c3afe4a" custom="structure {type:default;}">
        <Coords points="740,490 740,512 2649,514 2653,485 2646,450 737,459 740,490"/>
        <Baseline points="740,490 2653,485"/>
        <TextEquiv conf="0.9963734098422674">
          <Unicode>ut, cum burgensibus de Gandavo „aliqua causa ecclesiastica ingruerit, ipsam coram</Unicode>
        </TextEquiv>
      </TextLine>
      <TextLine id="eSc_line_d31efd1d" custom="structure {type:default;}">
        <Coords points="735,543 735,565 2651,569 2653,543 2651,510 735,512 735,543"/>
        <Baseline points="735,543 2653,543"/>
        <TextEquiv conf="0.9982206756021919">
          <Unicode>decano eorum tractari faciant, aut illuc in persona propria accedant, aut personam</Unicode>
        </TextEquiv>
      </TextLine>
      <TextLine id="eSc_line_767af6f0" custom="structure {type:default;}">
        <Coords points="733,598 733,627 2651,616 2653,594 2646,567 731,569 733,598"/>
        <Baseline points="733,598 2653,594"/>
        <TextEquiv conf="0.9981959339899894">
          <Unicode>discretam et idoneam mittant“, quia burgenses propter graves, quas cum circum-</Unicode>
        </TextEquiv>
      </TextLine>
      <TextLine id="eSc_line_45a036bc" custom="structure {type:default;}">
        <Coords points="735,653 735,686 2651,673 2653,649 2646,620 733,620 735,653"/>
        <Baseline points="735,653 2653,649"/>
        <TextEquiv conf="0.9977145165931888">
          <Unicode>manentibus habeant inimicitias, ad longinquum iudicium accedere non possint. (Per-</Unicode>
        </TextEquiv>
      </TextLine>
      <TextLine id="eSc_line_683a37ae" custom="structure {type:default;}">
        <Coords points="737,713 737,748 835,735 1075,735 1115,746 1117,746 1120,746 1254,735 1334,746 1336,746 1440,733 1520,744 1522,746 1889,746 1889,744 1891,744 1893,744 1908,733 1966,744 1968,744 2109,730 2127,742 2129,742 2132,742 2134,744 2335,744 2335,742 2337,742 2370,730 2401,742 2403,742 2406,744 2651,744 2653,706 2649,675 2014,664 2012,664 2010,664 1984,675 1414,666 1411,666 1345,677 923,669 921,669 735,680 737,713"/>
        <Baseline points="737,713 2653,706"/>
        <TextEquiv conf="0.9928996642430623">
          <Unicode>peram Alexandro IV. tributa.) Gheldolf Coutume de Gand p. 407, — „Burgenses</Unicode>
        </TextEquiv>
      </TextLine>
      <TextLine id="eSc_line_044a8d5e" custom="structure {type:default;}">
        <Coords points="740,764 740,779 892,792 894,792 1056,775 1058,759 1051,726 737,730 740,764"/>
        <Baseline points="740,764 1058,759"/>
        <TextEquiv conf="0.9992663512627283">
          <Unicode>de Gandavo“.</Unicode>
        </TextEquiv>
      </TextLine>
      <TextLine id="eSc_line_b7cfa31b" custom="structure {type:default;}">
        <Coords points="687,819 687,843 2649,845 2653,814 2646,783 684,786 687,819"/>
        <Baseline points="687,819 2653,814"/>
        <TextEquiv conf="0.9995428220725354">
          <Unicode>12465 Priorissae et sororibus Rowneyensibus asserit terram in Munden et terram in</Unicode>
        </TextEquiv>
      </TextLine>
      <TextLine id="eSc_line_9e6253c2" custom="structure {type:default;}">
        <Coords points="167,825 167,861 344,854 344,821 342,792 311,779 309,779 307,779 256,790 234,795 165,790 167,825"/>
        <Baseline points="167,825 344,821"/>
        <TextEquiv conf="0.9999136090278625">
          <Unicode>„ 24.</Unicode>
        </TextEquiv>
      </TextLine>
      <TextLine id="eSc_line_e9e40e94" custom="structure {type:default;}">
        <Coords points="475,828 472,863 514,870 517,870 519,870 554,854 556,832 554,792 475,792 475,828"/>
        <Baseline points="475,828 556,832"/>
        <TextEquiv conf="1.0">
          <Unicode>„</Unicode>
        </TextEquiv>
      </TextLine>
      <TextLine id="eSc_line_abbc6527" custom="structure {type:default;}">
        <Coords points="733,872 733,894 2492,889 2494,867 2487,839 731,841 733,872"/>
        <Baseline points="733,872 2494,867"/>
        <TextEquiv conf="0.9978108477592468">
          <Unicode>Chelsea. Monast. Anglic. nov. ed. IV. 344. — „Iustis petentium desideriis“.</Unicode>
        </TextEquiv>
      </TextLine>
      <TextLine id="eSc_line_4c81db94" custom="structure {type:default;}">
        <Coords points="687,927 687,951 2649,949 2651,923 2646,894 733,885 731,885 729,885 684,896 687,927"/>
        <Baseline points="687,927 2651,923"/>
        <TextEquiv conf="0.9993079928464668">
          <Unicode>12466 Ecclesiae b. Hilarii Pictaviensis libertates et privilegia confirmat. Mém. de la</Unicode>
        </TextEquiv>
      </TextLine>
      <TextLine id="eSc_line_086e74dd" custom="structure {type:default;}">
        <Coords points="167,938 170,976 227,954 271,965 293,969 296,969 298,969 344,956 344,931 340,896 282,885 280,885 278,885 276,885 258,896 249,901 165,898 167,938"/>
        <Baseline points="167,938 344,931"/>
        <TextEquiv conf="0.9999981164932251">
          <Unicode>„ 27.</Unicode>
        </TextEquiv>
      </TextLine>
      <TextLine id="eSc_line_5274799a" custom="structure {type:default;}">
        <Coords points="477,942 477,962 519,978 521,978 523,978 525,978 528,978 556,960 556,942 554,909 477,912 477,942"/>
        <Baseline points="477,942 556,942"/>
        <TextEquiv conf="0.9800077080726624">
          <Unicode>„</Unicode>
        </TextEquiv>
      </TextLine>
      <TextLine id="eSc_line_2463d43c" custom="structure {type:default;}">
        <Coords points="733,984 733,1007 2421,1002 2423,980 2419,951 1584,940 1581,940 1579,940 1577,940 1564,951 859,942 857,942 731,954 733,984"/>
        <Baseline points="733,984 2423,980"/>
        <TextEquiv conf="0.9910288657227607">
          <Unicode>soc. des antiqu. de Louest 1847. p. 183. — „Iustis petentium desideriis“.</Unicode>
        </TextEquiv>
      </TextLine>
      <TextLine id="eSc_line_5ff16226" custom="structure {type:default;}">
        <Coords points="682,1040 682,1064 2649,1062 2651,1035 2644,995 680,1004 682,1040"/>
        <Baseline points="682,1040 2651,1035"/>
        <TextEquiv conf="0.9997717608888466">
          <Unicode>12467 Inter canonicos Bituricenses et Stephanum, dominum Sacricaesaris, super villa</Unicode>
        </TextEquiv>
      </TextLine>
      <TextLine id="eSc_line_64e6ab5c" custom="structure {type:default;}">
        <Coords points="165,1046 165,1082 342,1082 342,1040 335,965 280,967 278,967 276,967 256,984 227,1007 163,1007 165,1046"/>
        <Baseline points="165,1046 342,1040"/>
        <TextEquiv conf="0.9356161832809449">
          <Unicode>„ 27.</Unicode>
        </TextEquiv>
      </TextLine>
      <TextLine id="eSc_line_3e9b9dbc" custom="structure {type:default;}">
        <Coords points="466,1053 466,1097 558,1082 558,1053 558,1020 466,1007 466,1053"/>
        <Baseline points="466,1053 558,1053"/>
        <TextEquiv conf="1.0">
          <Unicode>„</Unicode>
        </TextEquiv>
      </TextLine>
      <TextLine id="eSc_line_6d980326" custom="structure {type:default;}">
        <Coords points="733,1093 733,1117 2653,1117 2653,1093 2653,1062 733,1062 733,1093"/>
        <Baseline points="733,1093 2653,1093"/>
        <TextEquiv conf="0.9972996233422079">
          <Unicode>nova apud Bellumlocum compositionem, a (Willelmo) archiepiscopo Senonensi, apost.</Unicode>
        </TextEquiv>
      </TextLine>
      <TextLine id="eSc_line_fbbc0943" custom="structure {type:default;}">
        <Coords points="733,1148 733,1181 2649,1172 2651,1143 2644,1115 731,1117 733,1148"/>
        <Baseline points="733,1148 2651,1143"/>
        <TextEquiv conf="0.9890424472162094">
          <Unicode>sed. legato factam, confirmat. Cartul. de Bourges ms. lat. nouv. acquis. 1274. s. XIII.</Unicode>
        </TextEquiv>
      </TextLine>
      <TextLine id="eSc_line_d912e7c2" custom="structure {type:default;}">
        <Coords points="733,1205 733,1223 1133,1234 1135,1234 1137,1234 1170,1223 1173,1223 1268,1234 1270,1234 1272,1234 1296,1221 1301,1221 1369,1221 1372,1221 1380,1230 1380,1232 1383,1232 1385,1232 1387,1234 1482,1234 1482,1232 1484,1232 1486,1232 1486,1230 1497,1221 1520,1221 1789,1232 1791,1232 1851,1219 1853,1201 1849,1170 746,1161 744,1161 742,1161 740,1161 731,1168 733,1205"/>
        <Baseline points="733,1205 1853,1201"/>
        <TextEquiv conf="0.9991095730891595">
          <Unicode>f. 13“ in bibl. nat. Paris. — „Ex litteris dilecti“.</Unicode>
        </TextEquiv>
      </TextLine>
      <TextLine id="eSc_line_dba0b860" custom="structure {type:default;}">
        <Coords points="682,1258 682,1283 2646,1285 2651,1254 2644,1214 680,1225 682,1258"/>
        <Baseline points="682,1258 2651,1254"/>
        <TextEquiv conf="0.997961876484064">
          <Unicode>12468 Ecclesiam Glasguensem, „spiritualem filiam suam nullo mediante“, tuendam</Unicode>
        </TextEquiv>
      </TextLine>
      <TextLine id="eSc_line_737f173b" custom="structure {type:default;}">
        <Coords points="167,1267 170,1300 344,1296 342,1256 335,1221 163,1223 167,1267"/>
        <Baseline points="167,1267 342,1256"/>
        <TextEquiv conf="0.9998966455459595">
          <Unicode>„ 30.</Unicode>
        </TextEquiv>
      </TextLine>
      <TextLine id="eSc_line_8676feb0" custom="structure {type:default;}">
        <Coords points="466,1276 468,1316 530,1296 556,1300 558,1272 552,1219 461,1225 466,1276"/>
        <Baseline points="466,1276 558,1272"/>
        <TextEquiv conf="1.0">
          <Unicode>„</Unicode>
        </TextEquiv>
      </TextLine>
      <TextLine id="eSc_line_77b77c04" custom="structure {type:default;}">
        <Coords points="733,1313 733,1344 2646,1340 2649,1305 2644,1278 731,1278 733,1313"/>
        <Baseline points="733,1313 2649,1305"/>
        <TextEquiv conf="0.997216867846112">
          <Unicode>suscipit, bonaque eius et privilegia confirmat, petente Iocelino episcopo. (Notae tem-</Unicode>
        </TextEquiv>
      </TextLine>
      <TextLine id="eSc_line_f4eca1bf" custom="structure {type:default;}">
        <Coords points="733,1369 733,1395 2651,1391 2653,1364 2646,1336 731,1338 733,1369"/>
        <Baseline points="733,1369 2653,1364"/>
        <TextEquiv conf="0.9971726141966782">
          <Unicode>poris sunt corruptae.) Registrum ep. Glasg. I. 30, Haddan and Stubbs Councils</Unicode>
        </TextEquiv>
      </TextLine>
      <TextLine id="eSc_line_508e483b" custom="structure {type:default;}">
        <Coords points="733,1422 733,1439 760,1453 762,1453 764,1453 766,1453 810,1442 841,1453 843,1453 846,1453 848,1453 850,1453 850,1450 861,1439 892,1453 894,1453 897,1453 899,1453 956,1439 1420,1453 1422,1453 1491,1437 1491,1422 1489,1391 733,1391 733,1422"/>
        <Baseline points="733,1422 1491,1422"/>
        <TextEquiv conf="0.9904396245556493">
          <Unicode>II. I. 41. — „Cum ex iniuncto“.</Unicode>
        </TextEquiv>
      </TextLine>
      <TextLine id="eSc_line_2309f0bf" custom="structure {type:default;}">
        <Coords points="130,1481 130,1514 340,1523 342,1477 338,1397 128,1386 130,1481"/>
        <Baseline points="130,1481 342,1477"/>
        <TextEquiv conf="0.927441017968314">
          <Unicode>Mai. 4.</Unicode>
        </TextEquiv>
      </TextLine>
      <TextLine id="eSc_line_95bd0ff5" custom="structure {type:default;}">
        <Coords points="684,1481 684,1508 2649,1503 2651,1472 2646,1442 2185,1431 2182,1431 2134,1442 2127,1444 682,1444 684,1481"/>
        <Baseline points="684,1481 2651,1472"/>
        <TextEquiv conf="0.9985815609794065">
          <Unicode>12469 Monasterii S. Stephani Divionensis ecclesias quasdam confirmat vetatque, sine</Unicode>
        </TextEquiv>
      </TextLine>
      <TextLine id="eSc_line_cd8ca0b7" custom="structure {type:default;}">
        <Coords points="468,1488 463,1572 558,1570 563,1492 561,1448 468,1448 468,1488"/>
        <Baseline points="468,1488 563,1492"/>
        <TextEquiv conf="1.0">
          <Unicode>„</Unicode>
        </TextEquiv>
      </TextLine>
      <TextLine id="eSc_line_8e3156da" custom="structure {type:default;}">
        <Coords points="733,1532 733,1567 2651,1559 2651,1532 2651,1503 733,1503 733,1532"/>
        <Baseline points="733,1532 2651,1532"/>
        <TextEquiv conf="0.9998380019340987">
          <Unicode>abbatis et fratrum assensu in parochialibus eorum ecclesiis presbyterum ordinari.</Unicode>
        </TextEquiv>
      </TextLine>
      <TextLine id="eSc_line_1b6a2576" custom="structure {type:default;}">
        <Coords points="733,1587 733,1609 1089,1620 1091,1620 1093,1620 1095,1620 1095,1618 1104,1609 1124,1618 1126,1618 1129,1618 1471,1607 1480,1607 1482,1607 1533,1618 1535,1618 1599,1607 1838,1616 1840,1616 1842,1616 1869,1605 1877,1614 1877,1616 1880,1616 1882,1616 1884,1618 1988,1618 1988,1616 1990,1616 2030,1603 2030,1581 2023,1550 731,1552 733,1587"/>
        <Baseline points="733,1587 2030,1581"/>
        <TextEquiv conf="0.9997181263836947">
          <Unicode>Pflugk-Harttung Acta I. 256. — „In admittendis iustis“.</Unicode>
        </TextEquiv>
      </TextLine>
      <TextLine id="eSc_line_56af9321" custom="structure {type:default;}">
        <Coords points="682,1645 682,1671 2644,1660 2646,1636 2642,1607 2193,1596 2191,1596 2189,1596 2154,1607 2149,1609 680,1609 682,1645"/>
        <Baseline points="682,1645 2646,1636"/>
        <TextEquiv conf="0.9963352135670038">
          <Unicode>12470 Parthenonem S. Petri Maioris Pistoriensem tuendum suscipit, eiusque posses-</Unicode>
        </TextEquiv>
      </TextLine>
      <TextLine id="eSc_line_0c4f8dfe" custom="structure {type:default;}">
        <Coords points="165,1654 165,1680 190,1691 192,1691 194,1691 196,1691 236,1680 256,1676 338,1682 340,1645 335,1585 293,1585 291,1585 289,1585 287,1585 287,1587 282,1590 269,1605 161,1605 165,1654"/>
        <Baseline points="165,1654 340,1645"/>
        <TextEquiv conf="0.9990005046129227">
          <Unicode>„ 5.</Unicode>
        </TextEquiv>
      </TextLine>
      <TextLine id="eSc_line_5e8d80af" custom="structure {type:default;}">
        <Coords points="472,1654 466,1753 550,1744 556,1658 554,1603 519,1614 475,1598 472,1654"/>
        <Baseline points="472,1654 556,1658"/>
        <TextEquiv conf="1.0">
          <Unicode>„</Unicode>
        </TextEquiv>
      </TextLine>
      <TextLine id="eSc_line_b7890c17" custom="structure {type:default;}">
        <Coords points="733,1700 733,1729 2646,1729 2649,1693 2644,1662 748,1658 746,1658 744,1658 742,1658 731,1665 733,1700"/>
        <Baseline points="733,1700 2649,1693"/>
        <TextEquiv conf="0.9992228691515169">
          <Unicode>siones ac iura confirmat. Wiener Sitzungsber. XCIV. 672. — „Prudentibus vir-</Unicode>
        </TextEquiv>
      </TextLine>
      <TextLine id="eSc_line_ea070d80" custom="structure {type:default;}">
        <Coords points="733,1755 733,1771 784,1784 786,1784 945,1766 947,1751 943,1720 837,1709 835,1709 731,1722 733,1755"/>
        <Baseline points="733,1755 947,1751"/>
        <TextEquiv conf="0.9993313021130033">
          <Unicode>ginibus“.</Unicode>
        </TextEquiv>
      </TextLine>
      <TextLine id="eSc_line_cf73325d" custom="structure {type:default;}">
        <Coords points="682,1808 682,1843 2644,1826 2646,1799 2642,1760 2189,1760 2187,1760 2185,1760 2174,1764 2149,1771 1928,1766 1736,1762 1734,1762 1687,1768 1652,1773 1493,1771 1173,1764 1170,1764 1040,1775 1027,1775 1005,1775 731,1766 729,1766 726,1766 680,1777 682,1808"/>
        <Baseline points="682,1808 2646,1799"/>
        <TextEquiv conf="0.998477948123011">
          <Unicode>12471 Monasterii S. Mariae Pratensis patrocinium suscipit, possessiones confirmat, pri-</Unicode>
        </TextEquiv>
      </TextLine>
      <TextLine id="eSc_line_7849bf14" custom="structure {type:default;}">
        <Coords points="165,1815 165,1848 344,1843 344,1808 340,1771 163,1771 165,1815"/>
        <Baseline points="165,1815 344,1808"/>
        <TextEquiv conf="1.0">
          <Unicode>„ 5.</Unicode>
        </TextEquiv>
      </TextLine>
      <TextLine id="eSc_line_4a4e27f1" custom="structure {type:default;}">
        <Coords points="468,1821 470,1905 563,1901 561,1817 556,1764 463,1764 468,1821"/>
        <Baseline points="468,1821 561,1817"/>
        <TextEquiv conf="1.0">
          <Unicode>„</Unicode>
        </TextEquiv>
      </TextLine>
      <TextLine id="eSc_line_f769c65f" custom="structure {type:default;}">
        <Coords points="735,1863 735,1888 2644,1888 2646,1859 2640,1830 733,1832 735,1863"/>
        <Baseline points="735,1863 2646,1859"/>
        <TextEquiv conf="0.999939637524741">
          <Unicode>vilegia auget, petente Odone abbate. Chartul. Belli-prati Bellovacensis s. XIII. ms.</Unicode>
        </TextEquiv>
      </TextLine>
      <TextLine id="eSc_line_f686be67" custom="structure {type:default;}">
        <Coords points="733,1921 733,1947 2063,1947 2063,1945 2065,1945 2068,1945 2081,1934 2136,1945 2138,1945 2140,1945 2180,1932 2180,1914 2174,1879 731,1888 733,1921"/>
        <Baseline points="733,1921 2180,1914"/>
        <TextEquiv conf="0.9995002910014121">
          <Unicode>lat. 9973. f. 129 in bibl. nat. Paris. — „Desiderium quod ad“.</Unicode>
        </TextEquiv>
      </TextLine>
      <TextLine id="eSc_line_f90b2b5d" custom="structure {type:default;}">
        <Coords points="684,1974 684,2007 748,1996 2646,1996 2649,1967 2644,1938 2330,1927 2328,1927 682,1941 684,1974"/>
        <Baseline points="684,1974 2649,1967"/>
        <TextEquiv conf="0.9995267471162285">
          <Unicode>12472 Monasterii S. Mariae Fulcardimontis tutelam suscipit ac possessiones iuraque</Unicode>
        </TextEquiv>
      </TextLine>
      <TextLine id="eSc_line_15d921be" custom="structure {type:default;}">
        <Coords points="161,1980 161,1996 192,2007 194,2007 196,2007 198,2007 201,2007 214,1996 225,1987 265,1987 273,1994 282,2000 282,2002 285,2002 287,2002 289,2002 344,1991 344,1974 338,1941 159,1941 161,1980"/>
        <Baseline points="161,1980 344,1974"/>
        <TextEquiv conf="0.9999314993619919">
          <Unicode>„ 5.</Unicode>
        </TextEquiv>
      </TextLine>
      <TextLine id="eSc_line_c482db79" custom="structure {type:default;}">
        <Coords points="466,1989 466,2002 563,2000 563,1985 556,1947 463,1949 466,1989"/>
        <Baseline points="466,1989 563,1985"/>
        <TextEquiv conf="1.0">
          <Unicode>„</Unicode>
        </TextEquiv>
      </TextLine>
      <TextLine id="eSc_line_36949364" custom="structure {type:default;}">
        <Coords points="733,2029 733,2060 2644,2055 2646,2025 2640,1996 731,1998 733,2029"/>
        <Baseline points="733,2029 2646,2025"/>
        <TextEquiv conf="0.996479095518589">
          <Unicode>confirmat, petente Hugone abbate. Cartular. Fulcardim. ms. lat. nouv. acqu. 248.</Unicode>
        </TextEquiv>
      </TextLine>
      <TextLine id="eSc_line_5a034917" custom="structure {type:default;}">
        <Coords points="733,2086 733,2108 2642,2111 2646,2082 2642,2049 1712,2038 1710,2038 1707,2038 1685,2049 1683,2051 731,2051 733,2086"/>
        <Baseline points="733,2086 2646,2082"/>
        <TextEquiv conf="0.9983161466066227">
          <Unicode>f. 2 in bibl. nat. Paris.: „III. non. Maii“, (Neues Archiv VII. 102: „IV. non. Maii“).</Unicode>
        </TextEquiv>
      </TextLine>
      <TextLine id="eSc_line_55978a28" custom="structure {type:default;}">
        <Coords points="733,2137 733,2157 824,2170 826,2170 1506,2159 1506,2137 1504,2104 733,2104 733,2137"/>
        <Baseline points="733,2137 1506,2137"/>
        <TextEquiv conf="0.9999981721242269">
          <Unicode>— „Religiosis desideriis dignum“.</Unicode>
        </TextEquiv>
      </TextLine>
      <TextLine id="eSc_line_f4d56b7c" custom="structure {type:default;}">
        <Coords points="165,2195 163,2234 342,2228 344,2199 344,2164 165,2159 165,2195"/>
        <Baseline points="165,2195 344,2199"/>
        <TextEquiv conf="0.9999945759773254">
          <Unicode>„ S.</Unicode>
        </TextEquiv>
      </TextLine>
      <TextLine id="eSc_line_099fec09" custom="structure {type:default;}">
        <Coords points="682,2197 682,2219 2640,2221 2644,2190 2640,2157 2176,2146 2174,2146 680,2159 682,2197"/>
        <Baseline points="682,2197 2644,2190"/>
        <TextEquiv conf="0.9999973919333481">
          <Unicode>12473 Ecclesiam Atrebatensem protegendam suscipit, eiusque possessiones confirmat,</Unicode>
        </TextEquiv>
      </TextLine>
      <TextLine id="eSc_line_d12057f5" custom="structure {type:default;}">
        <Coords points="466,2203 461,2263 554,2265 561,2208 558,2155 466,2157 466,2203"/>
        <Baseline points="466,2203 561,2208"/>
        <TextEquiv conf="1.0">
          <Unicode>„</Unicode>
        </TextEquiv>
      </TextLine>
      <TextLine id="eSc_line_a981c511" custom="structure {type:default;}">
        <Coords points="733,2248 733,2283 802,2272 2642,2274 2646,2243 2640,2214 731,2217 733,2248"/>
        <Baseline points="733,2248 2646,2243"/>
        <TextEquiv conf="0.9923739477440163">
          <Unicode>petente Frumaudo episcopo. In bibl. nat. Paris. Chartul. Atrebat. ms. lat. 17737.</Unicode>
        </TextEquiv>
      </TextLine>
      <TextLine id="eSc_line_8b183e4c" custom="structure {type:default;}">
        <Coords points="733,2303 733,2320 879,2332 881,2332 972,2320 978,2320 983,2320 1034,2332 1036,2332 1038,2332 1040,2332 1040,2329 1051,2320 1166,2320 1168,2320 1230,2332 1232,2332 1374,2318 1387,2318 1389,2318 1411,2329 1414,2329 1416,2332 1573,2332 1573,2329 1575,2329 1577,2329 1577,2327 1588,2318 1707,2329 1710,2329 1712,2329 1760,2316 1760,2298 1756,2270 793,2261 790,2261 731,2272 733,2303"/>
        <Baseline points="733,2303 1760,2298"/>
        <TextEquiv conf="0.9912738952525827">
          <Unicode>s. XIII. f. 565. — „Cum ex iniuncto nobis“.</Unicode>
        </TextEquiv>
      </TextLine>
      <TextLine id="eSc_line_e0b67c7b" custom="structure {type:default;}">
        <Coords points="684,2358 684,2389 2646,2376 2649,2351 2642,2320 682,2323 684,2358"/>
        <Baseline points="684,2358 2649,2351"/>
        <TextEquiv conf="0.9951400075639997">
          <Unicode>12474 Monasterio S. Mariae Pratensi asserit vineas de Vilers, ab Henrico et Sagalone</Unicode>
        </TextEquiv>
      </TextLine>
      <TextLine id="eSc_line_cfe2182d" custom="structure {type:default;}">
        <Coords points="161,2365 161,2389 344,2389 344,2356 342,2323 313,2307 311,2307 309,2307 159,2332 161,2365"/>
        <Baseline points="161,2365 344,2356"/>
        <TextEquiv conf="0.997728243470192">
          <Unicode>„ 8.</Unicode>
        </TextEquiv>
      </TextLine>
      <TextLine id="eSc_line_fb2ae5ee" custom="structure {type:default;}">
        <Coords points="463,2371 463,2396 514,2411 517,2411 519,2411 521,2411 523,2411 523,2409 539,2396 541,2393 561,2393 563,2371 561,2254 463,2254 463,2371"/>
        <Baseline points="463,2371 563,2371"/>
        <TextEquiv conf="0.9999891519546509">
          <Unicode>„</Unicode>
        </TextEquiv>
      </TextLine>
      <TextLine id="eSc_line_482239d3" custom="structure {type:default;}">
        <Coords points="733,2411 733,2444 2642,2435 2644,2407 2638,2380 731,2380 733,2411"/>
        <Baseline points="733,2411 2644,2407"/>
        <TextEquiv conf="0.9917296320199966">
          <Unicode>de Ricis concessas, salvo censu annuo monasterio S. Luciani Belvacensi solvendo.</Unicode>
        </TextEquiv>
      </TextLine>
      <TextLine id="eSc_line_d2e4ee13" custom="structure {type:default;}">
        <Coords points="733,2471 733,2504 2642,2495 2644,2466 2638,2433 731,2433 733,2471"/>
        <Baseline points="733,2471 2644,2466"/>
        <TextEquiv conf="0.9995899077119499">
          <Unicode>Chartul. Belli-prati Bellovacensis s. XIII. ms. lat. 9973. f. 129“ in bibl. nat. Paris.</Unicode>
        </TextEquiv>
      </TextLine>
      <TextLine id="eSc_line_44900c9c" custom="structure {type:default;}">
        <Coords points="735,2521 735,2541 806,2541 817,2550 817,2552 819,2552 821,2552 824,2552 1208,2541 1414,2552 1416,2552 1471,2539 1471,2521 1469,2486 735,2491 735,2521"/>
        <Baseline points="735,2521 1471,2521"/>
        <TextEquiv conf="0.9936460610479116">
          <Unicode>— „Iustis petentium desideriis“.</Unicode>
        </TextEquiv>
      </TextLine>
      <TextLine id="eSc_line_cab918e8" custom="structure {type:default;}">
        <Coords points="682,2579 682,2605 2646,2601 2649,2570 2644,2532 1173,2532 1170,2532 1069,2544 702,2535 700,2535 698,2535 695,2535 680,2541 682,2579"/>
        <Baseline points="682,2579 2649,2570"/>
        <TextEquiv conf="0.9944350811697188">
          <Unicode>12475 Fratribus S. Mariae Pratensibus decimas quasdam asserit, a monachis S. Luciani</Unicode>
        </TextEquiv>
      </TextLine>
      <TextLine id="eSc_line_c8a2263f" custom="structure {type:default;}">
        <Coords points="165,2583 165,2616 346,2616 346,2577 340,2519 245,2541 163,2528 165,2583"/>
        <Baseline points="165,2583 346,2577"/>
        <TextEquiv conf="0.9976528435945511">
          <Unicode>„ 9.</Unicode>
        </TextEquiv>
      </TextLine>
      <TextLine id="eSc_line_d841a688" custom="structure {type:default;}">
        <Coords points="470,2585 468,2612 558,2619 563,2590 563,2541 519,2526 517,2526 514,2526 512,2526 470,2537 470,2585"/>
        <Baseline points="470,2585 563,2590"/>
        <TextEquiv conf="1.0">
          <Unicode>„</Unicode>
        </TextEquiv>
      </TextLine>
      <TextLine id="eSc_line_d42707f2" custom="structure {type:default;}">
        <Coords points="733,2632 733,2654 2644,2656 2649,2627 2642,2594 731,2601 733,2632"/>
        <Baseline points="733,2632 2649,2627"/>
        <TextEquiv conf="0.9933641021510204">
          <Unicode>Bellovacensibus vindicatas. In bibl. nat. Paris. Chartul. Belli-prati Bellovacensis</Unicode>
        </TextEquiv>
      </TextLine>
      <TextLine id="eSc_line_4a978cbe" custom="structure {type:default;}">
        <Coords points="733,2689 733,2707 978,2718 980,2718 983,2718 1025,2707 1029,2707 1034,2707 1100,2718 1102,2718 1104,2718 1106,2718 1106,2716 1117,2707 1179,2718 1182,2718 1319,2707 1360,2718 1363,2718 1365,2718 1367,2718 1405,2705 1409,2705 1517,2705 1520,2705 1531,2716 1533,2716 1535,2716 1537,2718 1657,2718 1657,2716 1659,2716 1661,2716 1661,2714 1672,2705 1681,2705 1824,2716 1827,2716 1829,2716 1831,2716 1844,2707 1855,2716 1858,2716 1860,2716 1862,2718 2041,2718 2041,2716 2043,2716 2085,2703 2085,2685 2079,2654 1995,2654 1992,2654 1979,2643 1977,2643 1975,2643 1972,2643 1970,2643 1950,2654 1946,2656 1749,2656 1747,2654 1712,2643 1710,2643 1707,2643 1630,2654 1577,2643 1575,2643 1573,2643 1570,2643 1557,2656 1431,2656 1411,2643 1409,2643 1407,2643 1405,2643 1321,2656 1316,2656 1307,2656 1034,2645 1031,2645 1029,2645 1027,2645 1027,2647 1016,2658 925,2658 802,2645 799,2645 731,2658 733,2689"/>
        <Baseline points="733,2689 2085,2685"/>
        <TextEquiv conf="0.9983893235524496">
          <Unicode>s. XIII. ms. lat. 9973 f. 129“. — „Cum olim a fratribus“.</Unicode>
        </TextEquiv>
      </TextLine>
      <TextLine id="eSc_line_092f80e6" custom="structure {type:default;}">
        <Coords points="682,2742 682,2773 2178,2775 2180,2775 2182,2775 2209,2764 2282,2775 2284,2775 2496,2764 2609,2775 2611,2775 2613,2775 2649,2760 2649,2738 2644,2705 704,2700 702,2700 700,2700 680,2709 682,2742"/>
        <Baseline points="682,2742 2649,2738"/>
        <TextEquiv conf="0.9937890602063529">
          <Unicode>12476 Monasterii de Capella (ad Plancas) possessiones quasdam confirmat. Lalore</Unicode>
        </TextEquiv>
      </TextLine>
      <TextLine id="eSc_line_5f810e7d" custom="structure {type:default;}">
        <Coords points="165,2744 165,2780 346,2771 346,2740 342,2694 260,2676 258,2676 256,2676 254,2676 254,2678 227,2703 223,2709 163,2709 165,2744"/>
        <Baseline points="165,2744 346,2740"/>
        <TextEquiv conf="0.9191614031791687">
          <Unicode>„ 11.</Unicode>
        </TextEquiv>
      </TextLine>
      <TextLine id="eSc_line_ab80d528" custom="structure {type:default;}">
        <Coords points="470,2753 470,2782 561,2775 561,2753 556,2674 470,2703 470,2753"/>
        <Baseline points="470,2753 561,2753"/>
        <TextEquiv conf="1.0">
          <Unicode>„</Unicode>
        </TextEquiv>
      </TextLine>
      <TextLine id="eSc_line_64863dd8" custom="structure {type:default;}">
        <Coords points="731,2797 731,2815 914,2828 916,2828 919,2828 965,2815 967,2815 1164,2826 1166,2826 1224,2815 1283,2826 1285,2826 1553,2824 1555,2824 1604,2809 1604,2791 1599,2762 1018,2753 1016,2753 958,2764 746,2756 744,2756 742,2756 740,2756 729,2762 731,2797"/>
        <Baseline points="731,2797 1604,2791"/>
        <TextEquiv conf="0.997863186372293">
          <Unicode>Collection IV. 24. — „Pia desideria“.</Unicode>
        </TextEquiv>
      </TextLine>
      <TextLine id="eSc_line_9ff07a3d" custom="structure {type:default;}">
        <Coords points="167,2853 170,2888 218,2873 271,2886 287,2888 289,2888 349,2881 349,2853 349,2824 269,2811 267,2811 167,2822 167,2853"/>
        <Baseline points="167,2853 349,2853"/>
        <TextEquiv conf="0.9999994039535522">
          <Unicode>„ 13.</Unicode>
        </TextEquiv>
      </TextLine>
      <TextLine id="eSc_line_9a2ac067" custom="structure {type:default;}">
        <Coords points="682,2853 682,2873 1654,2884 1657,2884 1820,2873 2569,2881 2571,2881 2646,2868 2646,2848 2642,2815 737,2809 735,2809 680,2820 682,2853"/>
        <Baseline points="682,2853 2646,2848"/>
        <TextEquiv conf="0.9960633017122745">
          <Unicode>12477 Monasterio S. Aegidii abbatiae S. Gervasii de Fossis curam iam pridem con-</Unicode>
        </TextEquiv>
      </TextLine>
      <TextLine id="eSc_line_e790648b" custom="structure {type:default;}">
        <Coords points="470,2859 468,2875 512,2895 514,2895 517,2895 519,2895 556,2877 558,2864 556,2822 470,2828 470,2859"/>
        <Baseline points="470,2859 558,2864"/>
        <TextEquiv conf="1.0">
          <Unicode>„</Unicode>
        </TextEquiv>
      </TextLine>
      <TextLine id="eSc_line_b4b0c3bd" custom="structure {type:default;}">
        <Coords points="731,2906 731,2930 2642,2930 2642,2906 2642,2877 731,2877 731,2906"/>
        <Baseline points="731,2906 2642,2906"/>
        <TextEquiv conf="0.9999142576412983">
          <Unicode>cessam esse, confirmat. Goiffon Bull. de St.-Gilles p. 85. — „Attendentes quomodo“.</Unicode>
        </TextEquiv>
      </TextLine>
      <TextLine id="eSc_line_5f0dd49a" custom="structure {type:default;}">
        <Coords points="687,2959 684,2979 2638,2992 2642,2963 2640,2930 687,2926 687,2959"/>
        <Baseline points="687,2959 2642,2963"/>
        <TextEquiv conf="0.9970408846350277">
          <Unicode>12478 R(aimundo) abbati et fratribus S. Aegidii monasterium S. Trinitatis de Altorio,</Unicode>
        </TextEquiv>
      </TextLine>
      <TextLine id="eSc_line_937067fd" custom="structure {type:default;}">
        <Coords points="167,2961 167,3005 346,2994 346,2961 346,2926 167,2926 167,2961"/>
        <Baseline points="167,2961 346,2961"/>
        <TextEquiv conf="0.9999638199806213">
          <Unicode>„ 13.</Unicode>
        </TextEquiv>
      </TextLine>
      <TextLine id="eSc_line_d41c50bf" custom="structure {type:default;}">
        <Coords points="463,2976 466,3034 510,3016 558,3021 561,2976 561,2934 463,2934 463,2976"/>
        <Baseline points="463,2976 561,2976"/>
        <TextEquiv conf="1.0">
          <Unicode>„</Unicode>
        </TextEquiv>
      </TextLine>
      <TextLine id="eSc_line_25b28f37" custom="structure {type:default;}">
        <Coords points="735,3016 735,3047 2642,3040 2644,3012 2638,2983 733,2983 735,3016"/>
        <Baseline points="735,3016 2644,3012"/>
        <TextEquiv conf="0.9937056212924248">
          <Unicode>(in territorio Arelatensi noviter constructum) subiicit, statuens, ut nullus ibi abbas</Unicode>
        </TextEquiv>
      </TextLine>
      <TextLine id="eSc_line_9d90aac7" custom="structure {type:default;}">
        <Coords points="733,3071 733,3104 2642,3091 2644,3067 2638,3038 731,3040 733,3071"/>
        <Baseline points="733,3071 2644,3067"/>
        <TextEquiv conf="0.9978016815906348">
          <Unicode>promoveatur, nisi prius in ecclesia S. Aegidii regulam b. Benedicti professus obedien-</Unicode>
        </TextEquiv>
      </TextLine>
      <TextLine id="eSc_line_997462d8" custom="structure {type:default;}">
        <Coords points="733,3127 733,3146 1296,3157 1299,3157 1301,3157 1303,3157 1319,3144 1321,3144 1323,3144 1347,3155 1349,3155 1352,3155 1436,3144 1447,3144 1480,3144 1776,3155 1778,3155 1780,3155 1811,3144 1873,3155 1875,3155 1877,3155 1880,3155 1895,3142 1897,3142 1906,3142 1988,3153 1990,3155 2408,3155 2408,3153 2410,3153 2450,3140 2450,3120 2445,3091 731,3091 733,3127"/>
        <Baseline points="733,3127 2450,3120"/>
        <TextEquiv conf="0.9934227897932655">
          <Unicode>tiam promiserit. Goiffon Bull. de St.-Gilles p. 83. — „Religionis et fidei“.</Unicode>
        </TextEquiv>
      </TextLine>
      <TextLine id="eSc_line_fcd54c35" custom="structure {type:default;}">
        <Coords points="167,3180 167,3224 349,3213 349,3175 344,3113 282,3104 280,3104 278,3104 276,3104 243,3131 227,3144 165,3144 167,3180"/>
        <Baseline points="167,3180 349,3175"/>
        <TextEquiv conf="0.9998769879341125">
          <Unicode>„ 14.</Unicode>
        </TextEquiv>
      </TextLine>
      <TextLine id="eSc_line_56188326" custom="structure {type:default;}">
        <Coords points="687,3180 687,3208 2642,3199 2644,3175 2638,3146 684,3146 687,3180"/>
        <Baseline points="687,3180 2644,3175"/>
        <TextEquiv conf="0.9973976299166679">
          <Unicode>12479 (Rotrocum) archiepiscopum Rothomagensem eiusque suffraganeos hortatur, mo-</Unicode>
        </TextEquiv>
      </TextLine>
      <TextLine id="eSc_line_7e7f04a6" custom="structure {type:default;}">
        <Coords points="468,3191 463,3230 497,3241 499,3241 501,3241 503,3241 558,3219 561,3195 558,3144 468,3146 468,3191"/>
        <Baseline points="468,3191 561,3195"/>
        <TextEquiv conf="1.0">
          <Unicode>„</Unicode>
        </TextEquiv>
      </TextLine>
      <TextLine id="eSc_line_79d1cebd" custom="structure {type:default;}">
        <Coords points="735,3230 733,3255 2638,3261 2642,3235 2640,3204 735,3199 735,3230"/>
        <Baseline points="735,3230 2642,3235"/>
        <TextEquiv conf="0.9989307142794133">
          <Unicode>neant parochianos quosdam, ut fratribus S. Mariae Pratensibus ablata restituant.</Unicode>
        </TextEquiv>
      </TextLine>
      <TextLine id="eSc_line_004ac1cb" custom="structure {type:default;}">
        <Coords points="733,3288 733,3312 1917,3312 1917,3288 1917,3259 733,3257 733,3288"/>
        <Baseline points="733,3288 1917,3288"/>
        <TextEquiv conf="0.9999970343648171">
          <Unicode>Loewenfeld Epistolae p. 145. — „Decet nos viros“.</Unicode>
        </TextEquiv>
      </TextLine>
      <TextLine id="eSc_line_0c839d61" custom="structure {type:default;}">
        <Coords points="687,3343 687,3376 2642,3369 2644,3339 2640,3310 707,3301 704,3301 702,3301 700,3301 684,3308 687,3343"/>
        <Baseline points="687,3343 2644,3339"/>
        <TextEquiv conf="0.9962014745263492">
          <Unicode>12480 Constitutionem a fratribus S. Maxentii super cura infirmorum et administratione</Unicode>
        </TextEquiv>
      </TextLine>
      <TextLine id="eSc_line_d8fb7555" custom="structure {type:default;}">
        <Coords points="344,3321 344,3314 258,3301 256,3301 163,3316 165,3347 165,3369 192,3383 194,3383 196,3383 198,3383 201,3383 216,3372 223,3369 346,3383 349,3343 346,3341 344,3321"/>
        <Baseline points="165,3347 349,3343"/>
        <TextEquiv conf="0.9999220609664917">
          <Unicode>„ 14.</Unicode>
        </TextEquiv>
      </TextLine>
      <TextLine id="eSc_line_848a3f3f" custom="structure {type:default;}">
        <Coords points="459,3356 459,3389 561,3389 561,3350 554,3314 457,3323 459,3356"/>
        <Baseline points="459,3356 561,3350"/>
        <TextEquiv conf="1.0">
          <Unicode>„</Unicode>
        </TextEquiv>
      </TextLine>
      <TextLine id="eSc_line_2e9f0f2b" custom="structure {type:default;}">
        <Coords points="735,3398 735,3420 2644,3420 2644,3398 2644,3367 735,3367 735,3398"/>
        <Baseline points="735,3398 2644,3398"/>
        <TextEquiv conf="0.9999664896800194">
          <Unicode>reddituum Novi-burgi factam et ab A(lberto) tit. S. Laurentii in Lucina et T(heo-</Unicode>
        </TextEquiv>
      </TextLine>
      <TextLine id="eSc_line_edf9be40" custom="structure {type:default;}">
        <Coords points="735,3449 733,3475 2638,3482 2642,3456 2640,3422 735,3416 735,3449"/>
        <Baseline points="735,3449 2642,3456"/>
        <TextEquiv conf="0.9952348422730106">
          <Unicode>dino tit. S. Vitalis presbyteris cardinalibus roboratam confirmat. In bibl. nat. Paris.</Unicode>
        </TextEquiv>
      </TextLine>
      <TextLine id="eSc_line_6924243c" custom="structure {type:default;}">
        <Coords points="735,3506 735,3562 885,3568 888,3568 908,3566 969,3555 987,3568 989,3570 992,3570 994,3570 996,3570 1011,3568 1067,3555 1102,3568 1155,3590 1157,3590 1159,3590 1162,3590 1206,3570 1250,3553 1500,3573 1502,3573 1504,3573 1581,3551 1608,3570 1610,3570 1612,3570 1615,3570 1703,3559 1743,3581 1749,3584 1752,3584 1754,3584 1756,3584 1763,3581 1824,3551 1895,3577 1897,3577 1900,3577 1902,3577 1950,3562 2021,3573 2023,3573 2026,3573 2061,3557 2149,3588 2158,3590 2160,3590 2163,3592 2368,3592 2370,3506 2368,3478 735,3478 735,3506"/>
        <Baseline points="735,3506 2370,3506"/>
        <TextEquiv conf="0.9111507803653226">
          <Unicode>ms. let. 188*4. Gom. Fontenesn S113) f. I.  „Es autentiso sevrips-</Unicode>
        </TextEquiv>
      </TextLine>
      <TextLine id="eSc_line_0e0b77ec" custom="structure {type:default;}">
        <Coords points="2277,3559 2280,3566 2284,3643 2375,3648 2370,3559 2366,3528 2339,3520 2337,3520 2335,3520 2333,3520 2288,3531 2277,3559"/>
        <Baseline points="2280,3566 2370,3559"/>
        <TextEquiv conf="0.9971422751744589">
          <Unicode>se*</Unicode>
        </TextEquiv>
      </TextLine>
    </TextRegion>
    <TextRegion id="eSc_textblock_e9f044eb"  custom="structure {type:default;}">
      <Coords points="921,150 1824,150 1860,159 1869,245 927,262 892,218 921,150"/>
      <TextLine id="eSc_line_1c288763" custom="structure {type:default;}">
        <Coords points="921,225 921,253 1279,260 1281,260 1283,260 1307,251 1327,245 1347,251 1372,260 1374,260 1376,260 1449,251 1493,245 1502,249 1522,260 1524,260 1526,262 1592,262 1592,260 1595,260 1597,260 1612,249 1621,245 1723,245 1745,247 1813,260 1816,260 1818,260 1844,247 1844,225 1844,178 1705,163 1703,163 1701,163 1699,163 1699,165 1687,176 1685,178 1639,178 1628,176 1544,161 1542,161 1539,161 1500,174 1491,176 1471,174 1409,165 1407,165 1334,172 1312,174 1307,172 1281,161 1279,161 1277,161 921,167 921,225"/>
        <Baseline points="921,225 1844,225"/>
        <TextEquiv conf="0.9969965767860413">
          <Unicode>ALEXANDER III. 1159—1181.</Unicode>
        </TextEquiv>
      </TextLine>
    </TextRegion>
    <TextRegion id="eSc_textblock_47ba9261"  custom="structure {type:default;}">
      <Coords points="2545,159 2671,167 2688,227 2626,262 2523,253 2505,176 2545,159"/>
      <TextLine id="eSc_line_4bdde2f2" custom="structure {type:default;}">
        <Coords points="2529,229 2529,256 2565,269 2567,269 2569,269 2655,253 2655,223 2651,174 2600,163 2598,163 2525,178 2529,229"/>
        <Baseline points="2529,229 2655,223"/>
        <TextEquiv conf="0.9999998807907104">
          <Unicode>283</Unicode>
        </TextEquiv>
      </TextLine>
    </TextRegion>
  </Page>
</PcGts>
