<?xml version="1.0" encoding="UTF-8"  standalone="yes"?>
<PcGts xmlns="http://schema.primaresearch.org/PAGE/gts/pagecontent/2019-07-15" xmlns:xsi="http://www.w3.org/2001/XMLSchema-instance" xsi:schemaLocation="http://schema.primaresearch.org/PAGE/gts/pagecontent/2019-07-15 http://schema.primaresearch.org/PAGE/gts/pagecontent/2019-07-15/pagecontent.xsd">
  <Metadata>
	<Creator>escriptorium</Creator>
	<Created>2024-07-19T10:10:51.811831+00:00</Created>
        <LastChange>2024-08-08T08:39:15.356696+00:00</LastChange>
  </Metadata>
  <Page imageFilename="0299.png" imageWidth="3007" imageHeight="3975">
    <TextRegion id="eSc_textblock_a2a243c9"  custom="structure {type:default;}">
      <Coords points="302,176 421,176 439,245 291,271 273,203 302,176"/>
      <TextLine id="eSc_line_fef9c9e7" custom="structure {type:default;}">
        <Coords points="406,176 293,181 298,236 298,258 421,256 421,229 415,176 406,176"/>
        <Baseline points="298,236 421,229"/>
        <TextEquiv conf="1.0">
          <Unicode>286</Unicode>
        </TextEquiv>
      </TextLine>
    </TextRegion>
    <TextRegion id="eSc_textblock_b272fa39"  custom="structure {type:default;}">
      <Coords points="1672,318 2874,326 2874,3363 2847,3548 919,3566 848,3557 828,3513 802,3539 583,3513 554,2886 528,2950 536,3486 501,3522 300,3513 265,3036 273,353 300,326 837,362 866,326 1672,318"/>
      <TextLine id="eSc_line_7227bdc7" custom="structure {type:default;}">
        <Coords points="837,357 839,386 839,412 2746,417 2748,382 2741,326 2629,342 2501,342 2472,329 2461,324 2459,324 2456,324 2454,324 2452,324 2448,329 2428,342 2284,342 2258,331 2238,324 2235,324 2233,324 2198,331 2156,340 2136,331 2116,324 2114,324 2112,324 2109,324 2094,333 2079,340 1917,335 1752,329 1749,329 1747,329 1732,335 1718,344 1411,344 1407,340 1391,329 1389,329 1387,329 1385,329 1383,329 1345,340 1259,326 1257,326 1254,326 1201,342 1199,342 1197,342 1155,326 1153,326 888,326 885,326 883,326 850,337 837,357"/>
        <Baseline points="839,386 2748,382"/>
        <TextEquiv conf="0.9813247158955992">
          <Unicode>1175. (Ind. S. — 25. Sept. — 9, pont. a. 16. — 20. Sept. — 17, 1174. — 25. Mart. — 1175.)</Unicode>
        </TextEquiv>
      </TextLine>
      <TextLine id="eSc_line_5129e9f8" custom="structure {type:default;}">
        <Coords points="313,450 313,483 530,472 532,446 528,401 406,384 404,384 402,384 399,384 393,390 375,401 353,386 346,382 344,382 342,382 340,382 309,382 313,450"/>
        <Baseline points="313,450 532,446"/>
        <TextEquiv conf="0.9996380433440208">
          <Unicode>Aug. 24.</Unicode>
        </TextEquiv>
      </TextLine>
      <TextLine id="eSc_line_a1e5ce27" custom="structure {type:default;}">
        <Coords points="574,443 572,474 647,477 687,496 689,496 691,496 802,481 804,448 804,395 574,384 574,443"/>
        <Baseline points="574,443 804,448"/>
        <TextEquiv conf="0.9999174740579393">
          <Unicode>Ferentini</Unicode>
        </TextEquiv>
      </TextLine>
      <TextLine id="eSc_line_ef78febc" custom="structure {type:default;}">
        <Coords points="872,446 870,468 2832,477 2836,454 2834,419 872,406 872,446"/>
        <Baseline points="872,446 2836,454"/>
        <TextEquiv conf="0.9999264893008442">
          <Unicode>12516 Parthenonis S. Iohannis Domus-regis protectionem suscipit bonaque confirmat,</Unicode>
        </TextEquiv>
      </TextLine>
      <TextLine id="eSc_line_bebe0082" custom="structure {type:default;}">
        <Coords points="923,503 923,532 2834,527 2836,507 2834,474 923,470 923,503"/>
        <Baseline points="923,503 2836,507"/>
        <TextEquiv conf="0.9992716561389875">
          <Unicode>petente Roscolina abbatissa. (Fragmentum.) In bibl. nat. Paris. ms. lat. 12693.</Unicode>
        </TextEquiv>
      </TextLine>
      <TextLine id="eSc_line_1a564b34" custom="structure {type:default;}">
        <Coords points="921,558 921,580 2421,580 2421,558 2421,527 921,527 921,558"/>
        <Baseline points="921,558 2421,558"/>
        <TextEquiv conf="0.9979748423137362">
          <Unicode>(Monastic. Benedict. XXXVI.) f. 26. — „Prudentibus virginibus“.</Unicode>
        </TextEquiv>
      </TextLine>
      <TextLine id="eSc_line_da6054a6" custom="structure {type:default;}">
        <Coords points="298,607 296,653 302,660 304,660 304,662 307,662 309,662 311,662 386,651 421,647 545,664 550,611 550,530 503,530 501,530 499,530 497,530 497,532 494,532 475,552 298,545 298,607"/>
        <Baseline points="298,607 550,611"/>
        <TextEquiv conf="0.9670069515705109">
          <Unicode>Mart Sept.</Unicode>
        </TextEquiv>
      </TextLine>
      <TextLine id="eSc_line_8d9e80dd" custom="structure {type:default;}">
        <Coords points="649,620 645,660 693,671 695,671 698,671 742,655 746,627 746,554 651,565 649,620"/>
        <Baseline points="649,620 746,627"/>
        <TextEquiv conf="1.0">
          <Unicode>„</Unicode>
        </TextEquiv>
      </TextLine>
      <TextLine id="eSc_line_21940a28" custom="structure {type:default;}">
        <Coords points="872,616 872,642 2836,636 2836,616 2836,583 872,580 872,616"/>
        <Baseline points="872,616 2836,616"/>
        <TextEquiv conf="0.9999869429483647">
          <Unicode>12517 Parthenonis Montis Cellensis bona et iura confirmat, petente Recordata abba-</Unicode>
        </TextEquiv>
      </TextLine>
      <TextLine id="eSc_line_591d10ec" custom="structure {type:default;}">
        <Coords points="916,664 914,686 1022,700 1025,700 1800,691 1880,702 1882,702 2830,691 2832,669 2830,638 916,633 916,664"/>
        <Baseline points="916,664 2832,669"/>
        <TextEquiv conf="0.9849752797966912">
          <Unicode>tissa. („1175, p. a. XVI“.) Pflugk-Harttung Iter p. 276. — „Prudentibus virginibus“.</Unicode>
        </TextEquiv>
      </TextLine>
      <TextLine id="eSc_line_0cdfd10b" custom="structure {type:default;}">
        <Coords points="309,722 309,748 532,746 532,717 528,677 307,675 309,722"/>
        <Baseline points="309,722 532,717"/>
        <TextEquiv conf="0.9999460279941559">
          <Unicode>Sept. 8.</Unicode>
        </TextEquiv>
      </TextLine>
      <TextLine id="eSc_line_3a0f5c5d" custom="structure {type:default;}">
        <Coords points="642,730 636,801 735,821 744,737 744,669 645,677 642,730"/>
        <Baseline points="642,730 744,737"/>
        <TextEquiv conf="0.9999996423721313">
          <Unicode>„</Unicode>
        </TextEquiv>
      </TextLine>
      <TextLine id="eSc_line_168d4c4e" custom="structure {type:default;}">
        <Coords points="872,719 870,744 2828,753 2832,724 2830,693 872,680 872,719"/>
        <Baseline points="872,719 2832,724"/>
        <TextEquiv conf="0.9976988732814789">
          <Unicode>12518 (8371) Petro, tit. S. Chrysogoni presbytero cardinali, apostolicae sedis legato,</Unicode>
        </TextEquiv>
      </TextLine>
      <TextLine id="eSc_line_1495019a" custom="structure {type:default;}">
        <Coords points="923,779 923,801 2832,810 2834,779 2832,739 923,746 923,779"/>
        <Baseline points="923,779 2834,779"/>
        <TextEquiv conf="0.9992766928398746">
          <Unicode>scribit, „accepisse se, quod ecclesiam Meldensem adhuc detineat, et redditus percipiat,</Unicode>
        </TextEquiv>
      </TextLine>
      <TextLine id="eSc_line_8549bba3" custom="structure {type:default;}">
        <Coords points="919,850 954,863 956,863 958,863 2832,859 2834,836 2832,806 2112,792 2109,792 1882,797 1570,801 1493,792 1469,790 1467,790 1369,790 967,799 923,788 921,830 919,850"/>
        <Baseline points="921,830 2834,836"/>
        <TextEquiv conf="0.9997124519289994">
          <Unicode>ita quod nihil ad Willelmum, Senonensem archiepiscopum, apostolicae sedis legatum,</Unicode>
        </TextEquiv>
      </TextLine>
      <TextLine id="eSc_line_6e887c2b" custom="structure {type:default;}">
        <Coords points="923,887 923,912 2828,918 2832,883 2828,854 921,852 923,887"/>
        <Baseline points="923,887 2832,883"/>
        <TextEquiv conf="0.9976058394075876">
          <Unicode>de redditibus illis perveniat, et canonici eiusdem ecclesiae electionem non audeant</Unicode>
        </TextEquiv>
      </TextLine>
      <TextLine id="eSc_line_6f153277" custom="structure {type:default;}">
        <Coords points="921,938 919,960 934,971 936,971 938,971 941,971 1336,962 1559,973 1562,973 2832,965 2834,945 2832,914 921,907 921,938"/>
        <Baseline points="921,938 2834,945"/>
        <TextEquiv conf="0.9994995643695196">
          <Unicode>libere celebrare“. Mandat, „archiepiscopo et canonicis dicat, quod pro se non dimit-</Unicode>
        </TextEquiv>
      </TextLine>
      <TextLine id="eSc_line_23dbde47" custom="structure {type:default;}">
        <Coords points="921,995 919,1013 983,1029 985,1031 1146,1031 1146,1029 1148,1029 1173,1018 1235,1029 1237,1029 1325,1018 1327,1018 1330,1018 1376,1029 1378,1029 1380,1029 1513,1018 1528,1018 1533,1018 1546,1029 1548,1029 1551,1029 1553,1029 1716,1020 1767,1018 1807,1020 1928,1031 1931,1031 2182,1022 2302,1020 2313,1024 2328,1031 2330,1031 2333,1031 2445,1024 2545,1020 2828,1026 2832,1000 2830,965 921,965 921,995"/>
        <Baseline points="921,995 2832,1000"/>
        <TextEquiv conf="0.9941665092601052">
          <Unicode>tant, quin eidem ecclesiae personam idoneam provideant in episcopum“. Hortatur,</Unicode>
        </TextEquiv>
      </TextLine>
      <TextLine id="eSc_line_a53bee6f" custom="structure {type:default;}">
        <Coords points="923,1051 921,1071 2828,1082 2832,1055 2830,1020 923,1018 923,1051"/>
        <Baseline points="923,1051 2832,1055"/>
        <TextEquiv conf="0.9947353379670963">
          <Unicode>ut „in operibus circumspectionem et modestiam servet“. Duchesne Hist. Fr. SS. IV. 565,</Unicode>
        </TextEquiv>
      </TextLine>
      <TextLine id="eSc_line_98e00b93" custom="structure {type:default;}">
        <Coords points="919,1110 919,1130 2828,1126 2830,1106 2825,1075 916,1075 919,1110"/>
        <Baseline points="919,1110 2830,1106"/>
        <TextEquiv conf="0.9997727420271897">
          <Unicode>Bouquet Rec. XV. 951, Mansi XXI. 969, Migne 200 p. 1033. — „Quanto maiorem locum“.</Unicode>
        </TextEquiv>
      </TextLine>
      <TextLine id="eSc_line_87df13b6" custom="structure {type:default;}">
        <Coords points="311,1154 309,1188 525,1188 528,1159 528,1119 311,1108 311,1154"/>
        <Baseline points="311,1154 528,1159"/>
        <TextEquiv conf="0.9999781165804181">
          <Unicode>Oct 10.</Unicode>
        </TextEquiv>
      </TextLine>
      <TextLine id="eSc_line_570b7420" custom="structure {type:default;}">
        <Coords points="656,1174 656,1188 724,1190 726,1174 724,1119 656,1119 656,1174"/>
        <Baseline points="656,1174 726,1174"/>
        <TextEquiv conf="1.0">
          <Unicode>„</Unicode>
        </TextEquiv>
      </TextLine>
      <TextLine id="eSc_line_f43da5d7" custom="structure {type:default;}">
        <Coords points="872,1166 872,1192 2836,1183 2836,1159 2832,1128 870,1124 872,1166"/>
        <Baseline points="872,1166 2836,1159"/>
        <TextEquiv conf="0.9979671790547993">
          <Unicode>12519 Militibus Calatravensibus per provinciam Toletanam constitutis interdicit, ne in locis</Unicode>
        </TextEquiv>
      </TextLine>
      <TextLine id="eSc_line_04b66c5a" custom="structure {type:default;}">
        <Coords points="919,1214 916,1236 2823,1238 2828,1219 2825,1185 919,1174 919,1214"/>
        <Baseline points="919,1214 2828,1219"/>
        <TextEquiv conf="0.9993935192740241">
          <Unicode>sibi concessis iura ecclesiarum infringant. Neues Archiv VI. 296. — „Licet vos sicut“.</Unicode>
        </TextEquiv>
      </TextLine>
      <TextLine id="eSc_line_25093db0" custom="structure {type:default;}">
        <Coords points="346,1276 346,1311 530,1294 530,1269 525,1232 344,1227 346,1276"/>
        <Baseline points="346,1276 530,1269"/>
        <TextEquiv conf="0.959979522228241">
          <Unicode>„ 19.</Unicode>
        </TextEquiv>
      </TextLine>
      <TextLine id="eSc_line_d66c43d4" custom="structure {type:default;}">
        <Coords points="574,1272 574,1353 806,1351 806,1272 806,1230 574,1230 574,1272"/>
        <Baseline points="574,1272 806,1272"/>
        <TextEquiv conf="0.9891275316476822">
          <Unicode>Anaeniac</Unicode>
        </TextEquiv>
      </TextLine>
      <TextLine id="eSc_line_5d40d4f4" custom="structure {type:default;}">
        <Coords points="872,1272 872,1298 2834,1296 2834,1272 2834,1241 872,1234 872,1272"/>
        <Baseline points="872,1272 2834,1272"/>
        <TextEquiv conf="0.9951395250179551">
          <Unicode>12520 (8372) Monasterii S. Salvatoris Messanensis protectionem suscipit, possessionesque</Unicode>
        </TextEquiv>
      </TextLine>
      <TextLine id="eSc_line_2d1708c2" custom="structure {type:default;}">
        <Coords points="923,1329 923,1355 2830,1353 2832,1320 2825,1291 921,1291 923,1329"/>
        <Baseline points="923,1329 2832,1320"/>
        <TextEquiv conf="0.9967039749026299">
          <Unicode>ac iura confirmat, petente G(uillelmo) rege Siciliae. Mansi XXI. 1054, Migne 200</Unicode>
        </TextEquiv>
      </TextLine>
      <TextLine id="eSc_line_d700c029" custom="structure {type:default;}">
        <Coords points="921,1384 921,1408 2830,1413 2834,1380 2830,1351 1922,1340 1919,1340 1860,1351 998,1342 996,1342 919,1353 921,1384"/>
        <Baseline points="921,1384 2834,1380"/>
        <TextEquiv conf="0.9882927957703086">
          <Unicode>p. 1033: „XIV. kal. Nov.“; Piccoli de ant. iure Sic. eccl. p. 119 in Graevii Th. ant.</Unicode>
        </TextEquiv>
      </TextLine>
      <TextLine id="eSc_line_7387e875" custom="structure {type:default;}">
        <Coords points="919,1437 919,1457 1221,1468 1224,1468 1226,1468 1252,1457 1254,1457 1330,1468 1332,1468 1334,1468 1365,1457 1442,1468 1444,1468 1447,1468 1482,1455 1486,1455 1595,1455 1597,1455 1608,1466 1610,1466 1612,1466 1615,1468 1875,1468 1875,1466 1877,1466 1880,1466 1895,1455 1897,1455 2001,1466 2003,1466 2006,1466 2054,1453 2054,1433 2050,1404 916,1402 919,1437"/>
        <Baseline points="919,1437 2054,1433"/>
        <TextEquiv conf="0.9848336308610206">
          <Unicode>Sic. II.: „XII. kal. Sept.“. — „Apostolicae sedis“.</Unicode>
        </TextEquiv>
      </TextLine>
      <TextLine id="eSc_line_f1136df6" custom="structure {type:default;}">
        <Coords points="311,1490 311,1523 497,1532 499,1532 501,1532 532,1519 532,1486 528,1444 309,1439 311,1490"/>
        <Baseline points="311,1490 532,1486"/>
        <TextEquiv conf="0.9913592711091042">
          <Unicode>Nov. 13.</Unicode>
        </TextEquiv>
      </TextLine>
      <TextLine id="eSc_line_18fca295" custom="structure {type:default;}">
        <Coords points="653,1499 651,1543 733,1532 735,1503 731,1448 707,1459 656,1450 653,1499"/>
        <Baseline points="653,1499 735,1503"/>
        <TextEquiv conf="1.0">
          <Unicode>„</Unicode>
        </TextEquiv>
      </TextLine>
      <TextLine id="eSc_line_21443cdb" custom="structure {type:default;}">
        <Coords points="872,1490 872,1517 2834,1517 2834,1490 2834,1457 872,1453 872,1490"/>
        <Baseline points="872,1490 2834,1490"/>
        <TextEquiv conf="0.9992331013083458">
          <Unicode>12521 Monasterii S. Mariae de Columna (Colonia) secus mare protectionem suscipit</Unicode>
        </TextEquiv>
      </TextLine>
      <TextLine id="eSc_line_611fdc30" custom="structure {type:default;}">
        <Coords points="921,1548 921,1574 2828,1578 2830,1548 2830,1517 921,1517 921,1548"/>
        <Baseline points="921,1548 2830,1548"/>
        <TextEquiv conf="0.9989478659917073">
          <Unicode>possessionesque confirmat, petente lacobo abbate. Prologo Le carte di Trani p. 140,</Unicode>
        </TextEquiv>
      </TextLine>
      <TextLine id="eSc_line_04131e79" custom="structure {type:default;}">
        <Coords points="925,1603 925,1625 2828,1620 2830,1598 2823,1567 923,1570 925,1603"/>
        <Baseline points="925,1603 2830,1598"/>
        <TextEquiv conf="0.9999927133321762">
          <Unicode>Archivio storico della città e prov. di Roma II. 15. — „Piae postulatio voluntatis“.</Unicode>
        </TextEquiv>
      </TextLine>
      <TextLine id="eSc_line_0a782861" custom="structure {type:default;}">
        <Coords points="349,1660 349,1702 530,1693 530,1656 525,1609 346,1609 349,1660"/>
        <Baseline points="349,1660 530,1656"/>
        <TextEquiv conf="0.9821584820747375">
          <Unicode>„ 15.</Unicode>
        </TextEquiv>
      </TextLine>
      <TextLine id="eSc_line_7ed341fa" custom="structure {type:default;}">
        <Coords points="658,1671 658,1704 733,1702 733,1667 724,1614 653,1634 658,1671"/>
        <Baseline points="658,1671 733,1667"/>
        <TextEquiv conf="1.0">
          <Unicode>„</Unicode>
        </TextEquiv>
      </TextLine>
      <TextLine id="eSc_line_4d8dce26" custom="structure {type:default;}">
        <Coords points="870,1658 870,1682 2830,1678 2832,1654 2828,1620 868,1616 870,1658"/>
        <Baseline points="870,1658 2832,1654"/>
        <TextEquiv conf="0.9975191151842158">
          <Unicode>12521a Monasterii S. Salvatoris Miletensis tutelam suscipit possessionesque confirmat, petente</Unicode>
        </TextEquiv>
      </TextLine>
      <TextLine id="eSc_line_6fcbaf3d" custom="structure {type:default;}">
        <Coords points="919,1711 919,1735 2319,1746 2322,1746 2381,1735 2383,1735 2461,1746 2463,1746 2465,1746 2509,1735 2512,1735 2514,1735 2677,1746 2680,1746 2828,1733 2828,1711 2828,1682 919,1682 919,1711"/>
        <Baseline points="919,1711 2828,1711"/>
        <TextEquiv conf="0.993949331343174">
          <Unicode>Leonardo abbate. In Arch. S. Angeli Arm. XI. Caps. IX. n. 6. Misit Th. Sickel. —</Unicode>
        </TextEquiv>
      </TextLine>
      <TextLine id="eSc_line_11d7614c" custom="structure {type:default;}">
        <Coords points="925,1766 925,1790 1080,1797 1082,1797 1084,1797 1104,1790 1113,1786 1140,1788 1201,1797 1204,1797 1248,1788 1259,1786 1285,1788 1407,1797 1409,1797 1495,1784 1495,1766 1495,1735 925,1735 925,1766"/>
        <Baseline points="925,1766 1495,1766"/>
        <TextEquiv conf="0.9998710063787607">
          <Unicode>„Officio nostro congruit“.</Unicode>
        </TextEquiv>
      </TextLine>
      <TextLine id="eSc_line_c5e690c5" custom="structure {type:default;}">
        <Coords points="346,1828 346,1857 525,1857 525,1821 521,1775 344,1775 346,1828"/>
        <Baseline points="346,1828 525,1821"/>
        <TextEquiv conf="0.9999880313873291">
          <Unicode>„ 16.</Unicode>
        </TextEquiv>
      </TextLine>
      <TextLine id="eSc_line_5902febe" custom="structure {type:default;}">
        <Coords points="596,1826 594,1852 740,1852 742,1835 742,1786 598,1777 596,1826"/>
        <Baseline points="596,1826 742,1835"/>
        <TextEquiv conf="0.9941646854082743">
          <Unicode>„ „</Unicode>
        </TextEquiv>
      </TextLine>
      <TextLine id="eSc_line_b33e4f5c" custom="structure {type:default;}">
        <Coords points="872,1824 872,1848 2834,1848 2834,1815 2828,1775 870,1788 872,1824"/>
        <Baseline points="872,1824 2834,1815"/>
        <TextEquiv conf="0.995570651832081">
          <Unicode>12522 (8373) Ecclesiae S. Mariae de Cagia Meldensis possessiones confirmat, bulla ad</Unicode>
        </TextEquiv>
      </TextLine>
      <TextLine id="eSc_line_eba176fb" custom="structure {type:default;}">
        <Coords points="919,1877 919,1903 2830,1896 2832,1870 2825,1841 916,1846 919,1877"/>
        <Baseline points="919,1877 2832,1870"/>
        <TextEquiv conf="0.9921059004248005">
          <Unicode>Odonem abbatem. (Fragmentum.) Du Plessis Hist. de Meaux II. 60, Migne 200</Unicode>
        </TextEquiv>
      </TextLine>
      <TextLine id="eSc_line_ee09a42c" custom="structure {type:default;}">
        <Coords points="919,1934 919,1956 936,1965 938,1965 941,1965 943,1965 974,1954 989,1947 998,1954 1014,1965 1016,1965 1018,1965 1020,1965 1022,1965 1071,1952 1073,1952 1075,1952 1095,1963 1098,1963 1100,1963 1102,1963 1124,1952 1135,1945 1334,1945 1338,1949 1352,1961 1352,1963 1354,1963 1356,1963 1358,1965 1584,1965 1584,1963 1586,1963 1588,1963 1588,1961 1604,1949 1615,1961 1617,1961 1619,1961 1621,1963 1862,1963 1862,1961 1864,1961 1922,1941 1922,1927 1917,1901 916,1896 919,1934"/>
        <Baseline points="919,1934 1922,1927"/>
        <TextEquiv conf="0.9679544575157619">
          <Unicode>p. 1035. — „ . „ quascunque possessiones“,</Unicode>
        </TextEquiv>
      </TextLine>
      <TextLine id="eSc_line_074918d0" custom="structure {type:default;}">
        <Coords points="346,1994 346,2027 373,2029 375,2029 377,2029 380,2029 386,2022 404,2007 433,2007 444,2018 450,2022 450,2025 452,2025 455,2025 457,2025 528,2007 528,1985 521,1941 342,1945 346,1994"/>
        <Baseline points="346,1994 528,1985"/>
        <TextEquiv conf="0.9999974250793457">
          <Unicode>„ 18.</Unicode>
        </TextEquiv>
      </TextLine>
      <TextLine id="eSc_line_8da7b9fb" custom="structure {type:default;}">
        <Coords points="658,2000 658,2064 731,2069 733,2000 731,1958 658,1969 658,2000"/>
        <Baseline points="658,2000 733,2000"/>
        <TextEquiv conf="1.0">
          <Unicode>„</Unicode>
        </TextEquiv>
      </TextLine>
      <TextLine id="eSc_line_c4ec4574" custom="structure {type:default;}">
        <Coords points="874,1987 874,2018 2830,2018 2832,1983 2825,1952 872,1954 874,1987"/>
        <Baseline points="874,1987 2832,1983"/>
        <TextEquiv conf="0.9973107031833979">
          <Unicode>12523 (8374) (Guichardum), archiepiscopum Lugdunensem, apostolicae sedis legatum,</Unicode>
        </TextEquiv>
      </TextLine>
      <TextLine id="eSc_line_9f00b321" custom="structure {type:default;}">
        <Coords points="921,2042 921,2067 2830,2062 2832,2038 2825,2007 919,2011 921,2042"/>
        <Baseline points="921,2042 2832,2038"/>
        <TextEquiv conf="0.998175132733125">
          <Unicode>et eius suffraganeos et abbates ac universum clerum et populum per Lugdunensem</Unicode>
        </TextEquiv>
      </TextLine>
      <TextLine id="eSc_line_56aa9520" custom="structure {type:default;}">
        <Coords points="921,2097 921,2124 2828,2115 2830,2089 2823,2060 919,2067 921,2097"/>
        <Baseline points="921,2097 2830,2089"/>
        <TextEquiv conf="0.999978812344103">
          <Unicode>provinciam constitutum iterum hortatur, ut Petro tit. S. Chrysogoni presbytero car-</Unicode>
        </TextEquiv>
      </TextLine>
      <TextLine id="eSc_line_6170e6f8" custom="structure {type:default;}">
        <Coords points="921,2150 921,2175 2828,2168 2830,2144 2823,2115 919,2120 921,2150"/>
        <Baseline points="921,2150 2830,2144"/>
        <TextEquiv conf="0.9996523482854976">
          <Unicode>dinali, „in provincia eorum et in aliis locis legato sedis apostolicae constituto“ de-</Unicode>
        </TextEquiv>
      </TextLine>
      <TextLine id="eSc_line_e2dcaf48" custom="structure {type:default;}">
        <Coords points="921,2203 921,2230 2828,2237 2830,2203 2830,2175 921,2175 921,2203"/>
        <Baseline points="921,2203 2830,2203"/>
        <TextEquiv conf="0.9994265151023864">
          <Unicode>bitum praestent honorem. Duchesne H. Fr. SS. IV. 563, Bouquet Rec. XV. 948,</Unicode>
        </TextEquiv>
      </TextLine>
      <TextLine id="eSc_line_1c4d0a72" custom="structure {type:default;}">
        <Coords points="923,2261 923,2285 2483,2279 2485,2256 2481,2226 921,2221 923,2261"/>
        <Baseline points="923,2261 2485,2256"/>
        <TextEquiv conf="0.9984645974838128">
          <Unicode>Mansi XXI. 965, Migne 200 p. 1036. — „Gaudemus admodum et“.</Unicode>
        </TextEquiv>
      </TextLine>
      <TextLine id="eSc_line_90c8ec9c" custom="structure {type:default;}">
        <Coords points="344,2323 344,2351 525,2349 525,2314 519,2221 338,2219 344,2323"/>
        <Baseline points="344,2323 525,2314"/>
        <TextEquiv conf="0.9953002095222473">
          <Unicode>„ 22.</Unicode>
        </TextEquiv>
      </TextLine>
      <TextLine id="eSc_line_9544224d" custom="structure {type:default;}">
        <Coords points="653,2329 653,2398 735,2411 737,2329 737,2279 653,2270 653,2329"/>
        <Baseline points="653,2329 737,2329"/>
        <TextEquiv conf="1.0">
          <Unicode>„</Unicode>
        </TextEquiv>
      </TextLine>
      <TextLine id="eSc_line_a8e31ed3" custom="structure {type:default;}">
        <Coords points="874,2318 874,2347 2830,2332 2832,2309 2825,2270 872,2283 874,2318"/>
        <Baseline points="874,2318 2832,2309"/>
        <TextEquiv conf="0.9988930354635399">
          <Unicode>12524 (8375) Monasterii S. Mariae Novigentensis tutelam suscipit, ac bona et privi-</Unicode>
        </TextEquiv>
      </TextLine>
      <TextLine id="eSc_line_bca11b09" custom="structure {type:default;}">
        <Coords points="921,2369 921,2398 2828,2398 2830,2365 2823,2336 919,2338 921,2369"/>
        <Baseline points="921,2369 2830,2365"/>
        <TextEquiv conf="0.993284872284642">
          <Unicode>legia confirmat, petente Iohanne abbate. Pflugk-Harttung Acta I. 258, (Du Plessis</Unicode>
        </TextEquiv>
      </TextLine>
      <TextLine id="eSc_line_4ffcba46" custom="structure {type:default;}">
        <Coords points="919,2426 919,2446 1438,2457 1440,2457 1442,2457 1444,2457 1460,2444 1462,2444 1471,2444 1535,2455 1537,2455 1712,2444 1723,2444 1725,2444 1736,2455 1738,2455 1741,2455 1743,2455 1796,2444 1798,2444 1805,2444 1946,2455 1948,2455 1950,2455 1999,2442 2006,2442 2012,2442 2059,2453 2061,2453 2483,2440 2485,2420 2481,2391 2092,2380 2090,2380 1966,2391 1957,2391 1931,2391 1482,2382 1480,2382 916,2393 919,2426"/>
        <Baseline points="919,2426 2485,2420"/>
        <TextEquiv conf="0.9915532376617193">
          <Unicode>Hist. de Coucy p. 144, Migne 200 p. 1036). — „Quotiens illud a“.</Unicode>
        </TextEquiv>
      </TextLine>
      <TextLine id="eSc_line_531283bb" custom="structure {type:default;}">
        <Coords points="349,2482 351,2515 399,2504 528,2513 530,2482 530,2442 349,2442 349,2482"/>
        <Baseline points="349,2482 530,2482"/>
        <TextEquiv conf="0.9999976634979248">
          <Unicode>„ 30.</Unicode>
        </TextEquiv>
      </TextLine>
      <TextLine id="eSc_line_06e5b896" custom="structure {type:default;}">
        <Coords points="651,2495 651,2517 735,2508 735,2491 729,2431 647,2446 651,2495"/>
        <Baseline points="651,2495 735,2491"/>
        <TextEquiv conf="1.0">
          <Unicode>„</Unicode>
        </TextEquiv>
      </TextLine>
      <TextLine id="eSc_line_da7392ef" custom="structure {type:default;}">
        <Coords points="870,2479 870,2506 2832,2506 2832,2473 2825,2435 868,2440 870,2479"/>
        <Baseline points="870,2479 2832,2473"/>
        <TextEquiv conf="0.9962629941494568">
          <Unicode>12525 Ecclesiae S. Antonini (dioec. Ruthen.) tutelam suscipit, possessionesque et privilegia</Unicode>
        </TextEquiv>
      </TextLine>
      <TextLine id="eSc_line_63e8f4de" custom="structure {type:default;}">
        <Coords points="919,2535 919,2559 2825,2563 2830,2530 2823,2499 916,2504 919,2535"/>
        <Baseline points="919,2535 2830,2530"/>
        <TextEquiv conf="0.9967588617140988">
          <Unicode>confirmat, petente Stephano priore. In bibl. nat. Paris. Coll. Doat t. 124. f. 344.</Unicode>
        </TextEquiv>
      </TextLine>
      <TextLine id="eSc_line_5cb12d3b" custom="structure {type:default;}">
        <Coords points="921,2590 921,2610 1396,2605 1398,2585 1394,2557 919,2555 921,2590"/>
        <Baseline points="921,2590 1398,2585"/>
        <TextEquiv conf="0.9997976554764642">
          <Unicode>— „Cum nobis sit“.</Unicode>
        </TextEquiv>
      </TextLine>
      <TextLine id="eSc_line_f57e6456" custom="structure {type:default;}">
        <Coords points="309,2641 309,2672 333,2685 335,2685 338,2685 384,2678 435,2672 528,2689 530,2641 530,2603 309,2599 309,2641"/>
        <Baseline points="309,2641 530,2641"/>
        <TextEquiv conf="0.9999924898147583">
          <Unicode>Dec. 16.</Unicode>
        </TextEquiv>
      </TextLine>
      <TextLine id="eSc_line_7ea23559" custom="structure {type:default;}">
        <Coords points="656,2658 658,2736 735,2731 735,2656 731,2614 653,2605 656,2658"/>
        <Baseline points="656,2658 735,2656"/>
        <TextEquiv conf="1.0">
          <Unicode>„</Unicode>
        </TextEquiv>
      </TextLine>
      <TextLine id="eSc_line_96880a87" custom="structure {type:default;}">
        <Coords points="874,2645 874,2672 2828,2669 2830,2636 2823,2603 872,2610 874,2645"/>
        <Baseline points="874,2645 2830,2636"/>
        <TextEquiv conf="0.9998622761053197">
          <Unicode>12526 (8376) Monasterii S. Martini in monte Pannoniae patrocinium suscipit, ac disci-</Unicode>
        </TextEquiv>
      </TextLine>
      <TextLine id="eSc_line_205a4095" custom="structure {type:default;}">
        <Coords points="919,2700 919,2733 2828,2716 2830,2691 2823,2663 916,2669 919,2700"/>
        <Baseline points="919,2700 2830,2691"/>
        <TextEquiv conf="0.9941143901259811">
          <Unicode>plinam, bona, privilegia confirmat. Rainaldo abbati asserit mitram, virgam pasto-</Unicode>
        </TextEquiv>
      </TextLine>
      <TextLine id="eSc_line_b8763fd3" custom="structure {type:default;}">
        <Coords points="921,2753 921,2775 2825,2773 2828,2749 2821,2718 919,2722 921,2753"/>
        <Baseline points="921,2753 2828,2749"/>
        <TextEquiv conf="0.9987919617302811">
          <Unicode>ralem, anulum aliaque insignia, a XL retro annis abbatibus monasterii concessa.</Unicode>
        </TextEquiv>
      </TextLine>
      <TextLine id="eSc_line_3e44582b" custom="structure {type:default;}">
        <Coords points="923,2809 923,2833 2662,2824 2664,2800 2657,2771 921,2778 923,2809"/>
        <Baseline points="923,2809 2664,2800"/>
        <TextEquiv conf="0.9946395270029704">
          <Unicode>Mon. Hung. hist. I. vI. 70, (Feiér C. D. H. II. 190). — „Quotiens illud a“.</Unicode>
        </TextEquiv>
      </TextLine>
      <TextLine id="eSc_line_6f85e39b" custom="structure {type:default;}">
        <Coords points="342,2870 344,2959 410,2956 419,2959 461,2972 463,2972 466,2972 468,2972 530,2952 528,2864 523,2824 340,2820 342,2870"/>
        <Baseline points="342,2870 528,2864"/>
        <TextEquiv conf="0.9035907864570618">
          <Unicode>„ 24.</Unicode>
        </TextEquiv>
      </TextLine>
      <TextLine id="eSc_line_eeae267d" custom="structure {type:default;}">
        <Coords points="653,2879 653,2895 678,2912 680,2912 682,2912 684,2912 687,2912 735,2890 735,2879 733,2824 653,2842 653,2879"/>
        <Baseline points="653,2879 735,2879"/>
        <TextEquiv conf="1.0">
          <Unicode>„</Unicode>
        </TextEquiv>
      </TextLine>
      <TextLine id="eSc_line_c4e30d21" custom="structure {type:default;}">
        <Coords points="874,2866 874,2892 2825,2892 2828,2855 2823,2824 872,2824 874,2866"/>
        <Baseline points="874,2866 2828,2855"/>
        <TextEquiv conf="0.9929867180777184">
          <Unicode>12527 Parthenoni Dodoniensi (corr. Dononiensi) bullam dat. Neues Archiv VII. 102.</Unicode>
        </TextEquiv>
      </TextLine>
      <TextLine id="eSc_line_40623c43" custom="structure {type:default;}">
        <Coords points="921,2919 921,2937 1193,2950 1195,2950 1312,2934 1321,2934 1323,2934 1358,2948 1360,2948 1363,2950 1524,2950 1524,2948 1526,2948 1575,2932 1575,2915 1570,2886 919,2884 921,2919"/>
        <Baseline points="921,2919 1575,2915"/>
        <TextEquiv conf="0.9999979734420776">
          <Unicode>— „Prudentibus virginibus“.</Unicode>
        </TextEquiv>
      </TextLine>
      <TextLine id="eSc_line_bec4b2aa" custom="structure {type:default;}">
        <Coords points="647,2990 649,3051 742,3051 740,2985 735,2948 673,2937 671,2937 669,2937 645,2948 647,2990"/>
        <Baseline points="647,2990 740,2985"/>
        <TextEquiv conf="0.9940356016159058">
          <Unicode>„</Unicode>
        </TextEquiv>
      </TextLine>
      <TextLine id="eSc_line_a23c853b" custom="structure {type:default;}">
        <Coords points="872,2976 872,2996 1648,3005 1650,3005 1741,2994 1752,2994 1782,2994 2008,3003 2010,3003 2830,2990 2832,2965 2825,2930 870,2930 872,2976"/>
        <Baseline points="872,2976 2832,2965"/>
        <TextEquiv conf="0.9952647426549126">
          <Unicode>12528 Monasterii S. Mariae Holmecoltramensis protectionem suscipit, bonaque et privi-</Unicode>
        </TextEquiv>
      </TextLine>
      <TextLine id="eSc_line_46ff6573" custom="structure {type:default;}">
        <Coords points="919,3027 919,3051 2825,3045 2828,3021 2821,2992 916,2994 919,3027"/>
        <Baseline points="919,3027 2828,3021"/>
        <TextEquiv conf="0.9980026584166986">
          <Unicode>legia confirmat, petente Everardo abbate. (Pro „Dat. anno gratiae“ leg. „Dat.</Unicode>
        </TextEquiv>
      </TextLine>
      <TextLine id="eSc_line_fde8913c" custom="structure {type:default;}">
        <Coords points="925,3085 925,3104 2775,3096 2777,3076 2770,3045 923,3045 925,3085"/>
        <Baseline points="925,3085 2777,3076"/>
        <TextEquiv conf="0.9996394568528885">
          <Unicode>Anagniae“.) Monast. Anglic. nov. ed. V. 599. — „Religiosam vitam eligentibus“.</Unicode>
        </TextEquiv>
      </TextLine>
      <TextLine id="eSc_line_4af2cad2" custom="structure {type:default;}">
        <Coords points="872,3138 872,3162 2828,3155 2830,3129 2823,3096 870,3096 872,3138"/>
        <Baseline points="872,3138 2830,3129"/>
        <TextEquiv conf="0.9984098332268851">
          <Unicode>12529 *Monasterium S. Edmundi a cuiusvis ecclesiasticae personae, praeterquam Romani</Unicode>
        </TextEquiv>
      </TextLine>
      <TextLine id="eSc_line_bc6a4cbb" custom="structure {type:default;}">
        <Coords points="923,3191 923,3224 2825,3224 2828,3184 2821,3155 921,3157 923,3191"/>
        <Baseline points="923,3191 2828,3184"/>
        <TextEquiv conf="0.990291298821915">
          <Unicode>pontificis vel legati eius a latere, iurisdictione eximit. Chronica locelini de Brake-</Unicode>
        </TextEquiv>
      </TextLine>
      <TextLine id="eSc_line_d68c3911" custom="structure {type:default;}">
        <Coords points="919,3248 919,3272 1575,3277 1577,3241 1570,3213 916,3215 919,3248"/>
        <Baseline points="919,3248 1577,3241"/>
        <TextEquiv conf="0.9980994325417739">
          <Unicode>londa ed. Rokewode p. 108.</Unicode>
        </TextEquiv>
      </TextLine>
      <TextLine id="eSc_line_328e2608" custom="structure {type:default;}">
        <Coords points="839,3339 839,3374 1067,3369 1067,3334 1062,3272 921,3259 919,3259 837,3274 839,3339"/>
        <Baseline points="839,3339 1067,3334"/>
        <TextEquiv conf="0.9686848819255829">
          <Unicode>c. 1175.</Unicode>
        </TextEquiv>
      </TextLine>
      <TextLine id="eSc_line_3aa7cb55" custom="structure {type:default;}">
        <Coords points="872,3407 872,3436 2828,3425 2828,3396 2823,3365 2436,3352 2434,3352 2286,3365 2269,3367 870,3367 872,3407"/>
        <Baseline points="872,3407 2828,3396"/>
        <TextEquiv conf="0.9973357677459717">
          <Unicode>12530 (8378) Rogero, archiepiscopo Eboracensi, apostolicae sedis legato, et eius suc-</Unicode>
        </TextEquiv>
      </TextLine>
      <TextLine id="eSc_line_d234a0fd" custom="structure {type:default;}">
        <Coords points="921,3460 921,3484 2185,3493 2187,3493 2269,3482 2768,3491 2770,3491 2828,3478 2828,3453 2821,3420 919,3431 921,3460"/>
        <Baseline points="921,3460 2828,3453"/>
        <TextEquiv conf="0.9977176537761441">
          <Unicode>cessoribus concedit, ut secundum privilegium ei quondam indultum „ante se per</Unicode>
        </TextEquiv>
      </TextLine>
      <TextLine id="eSc_line_b5256d98" custom="structure {type:default;}">
        <Coords points="921,3517 921,3566 1042,3568 1064,3584 1067,3584 1069,3584 1071,3586 1241,3586 1241,3584 1243,3584 1279,3568 1464,3581 1467,3581 1553,3570 1741,3581 1743,3581 1820,3566 1831,3566 1842,3566 1917,3579 1919,3579 1922,3579 1953,3566 1957,3566 1964,3566 2010,3577 2012,3577 2061,3566 2068,3566 2070,3566 2087,3579 2090,3579 2092,3579 2094,3579 2198,3566 2231,3564 2235,3566 2253,3579 2255,3579 2258,3579 2260,3579 2262,3579 2295,3566 2299,3566 2308,3566 2359,3575 2361,3575 2364,3575 2366,3575 2379,3566 2388,3562 2401,3566 2430,3577 2432,3577 2434,3579 2538,3579 2538,3577 2540,3577 2543,3577 2556,3566 2562,3562 2580,3566 2600,3573 2602,3573 2604,3573 2682,3566 2728,3564 2739,3566 2766,3577 2768,3577 2770,3577 2823,3566 2823,3509 2816,3473 919,3480 921,3517"/>
        <Baseline points="921,3517 2823,3509"/>
        <TextEquiv conf="0.9737283266507663">
          <Unicode>totam Angliam erucem deferant. quousque diffinitiva sententia decernatur; quid</Unicode>
        </TextEquiv>
      </TextLine>
    </TextRegion>
    <TextRegion id="eSc_textblock_fa0c5be2"  custom="structure {type:default;}">
      <Coords points="1265,167 2034,176 2052,253 2026,280 1164,280 1084,253 1093,176 1265,167"/>
      <TextLine id="eSc_line_accccb7b" custom="structure {type:default;}">
        <Coords points="1111,238 1109,262 1480,271 1482,271 1484,271 1504,262 1511,258 1528,262 1588,273 1590,273 1592,273 1617,260 1621,260 1705,260 1707,260 1721,273 1723,273 1725,273 1727,276 1796,276 1796,273 1798,273 1800,273 1816,260 1818,260 1911,271 1913,271 2021,258 2023,242 2023,194 1992,176 1990,176 1988,176 1816,192 1729,176 1727,176 1725,176 1723,176 1705,192 1652,192 1599,192 1597,192 1559,174 1557,174 1555,174 1491,187 1433,174 1431,174 1429,174 1250,185 1219,174 1217,174 1215,174 1111,187 1111,238"/>
        <Baseline points="1111,238 2023,242"/>
        <TextEquiv conf="0.9999374961853027">
          <Unicode>ALEXANDER III. 1159—1181.</Unicode>
        </TextEquiv>
      </TextLine>
    </TextRegion>
  </Page>
</PcGts>
