<?xml version="1.0" encoding="UTF-8"  standalone="yes"?>
<PcGts xmlns="http://schema.primaresearch.org/PAGE/gts/pagecontent/2019-07-15" xmlns:xsi="http://www.w3.org/2001/XMLSchema-instance" xsi:schemaLocation="http://schema.primaresearch.org/PAGE/gts/pagecontent/2019-07-15 http://schema.primaresearch.org/PAGE/gts/pagecontent/2019-07-15/pagecontent.xsd">
  <Metadata>
	<Creator>escriptorium</Creator>
	<Created>2024-07-19T10:10:53.300064+00:00</Created>
        <LastChange>2024-08-08T08:39:18.514535+00:00</LastChange>
  </Metadata>
  <Page imageFilename="0302.png" imageWidth="3007" imageHeight="3975">
    <TextRegion id="eSc_textblock_6046f5ac"  custom="structure {type:default;}">
      <Coords points="693,326 2706,326 2706,3575 2379,3610 1559,3575 777,3575 819,3592 324,3610 141,3584 123,424 167,353 360,353 386,415 415,335 660,353 693,326"/>
      <TextLine id="eSc_line_ebceafb3" custom="structure {type:default;}">
        <Coords points="927,326 905,326 883,326 861,326 841,340 704,326 693,329 678,335 662,348 665,386 665,410 998,410 1000,379 996,340 938,326 927,326"/>
        <Baseline points="665,386 1000,379"/>
        <TextEquiv conf="0.9999998331069946">
          <Unicode>1160—1176.</Unicode>
        </TextEquiv>
      </TextLine>
      <TextLine id="eSc_line_84c86a92" custom="structure {type:default;}">
        <Coords points="402,448 402,545 634,527 634,443 627,366 576,373 563,368 519,353 517,353 514,353 399,377 402,448"/>
        <Baseline points="402,448 634,443"/>
        <TextEquiv conf="0.7158888131380081">
          <Unicode>Araat.</Unicode>
        </TextEquiv>
      </TextLine>
      <TextLine id="eSc_line_0900af8a" custom="structure {type:default;}">
        <Coords points="143,450 143,527 355,532 357,450 357,404 143,388 143,450"/>
        <Baseline points="143,450 357,450"/>
        <TextEquiv conf="0.9952844281991323">
          <Unicode>Mst 1.</Unicode>
        </TextEquiv>
      </TextLine>
      <TextLine id="eSc_line_aa832ee0" custom="structure {type:default;}">
        <Coords points="695,450 695,470 2662,472 2664,443 2662,393 2642,379 2640,379 2638,379 2635,379 2633,379 2587,393 2299,379 2297,379 2295,379 2258,395 1972,395 1935,382 1933,382 1931,382 1928,382 1904,393 1679,382 1676,382 1674,382 1672,382 1657,395 1489,395 1467,382 1464,382 1462,382 1460,382 1398,393 1356,382 1354,382 1352,382 1349,382 1347,382 1327,395 1226,386 1224,386 1221,386 1195,397 1164,384 1162,384 1159,384 1157,384 1120,397 1009,386 1007,386 1005,386 1003,386 987,399 693,399 695,450"/>
        <Baseline points="695,450 2664,443"/>
        <TextEquiv conf="0.9966873303055763">
          <Unicode>12565 Ecclesiam S. Savini Placentinam ciusone possessiones tnendas suscipit, statuitque,</Unicode>
        </TextEquiv>
      </TextLine>
      <TextLine id="eSc_line_70eb5ad0" custom="structure {type:default;}">
        <Coords points="748,501 748,525 2664,521 2666,496 2662,468 746,468 748,501"/>
        <Baseline points="748,501 2666,496"/>
        <TextEquiv conf="0.995140527856761">
          <Unicode>ne cui infra eius parochiarum terminos capellas vel oratoria construere liceat. Pflugk-</Unicode>
        </TextEquiv>
      </TextLine>
      <TextLine id="eSc_line_d106f81a" custom="structure {type:default;}">
        <Coords points="748,558 748,578 1747,574 1749,554 1745,525 1652,512 1650,512 1648,512 1646,512 1646,514 1634,525 1495,525 1449,512 1447,512 1444,512 1442,512 1440,512 1440,514 1429,525 1290,525 1250,512 1248,512 1246,512 1243,512 1195,525 1142,514 1140,514 1137,514 1095,525 1053,514 1051,514 757,514 755,514 753,514 751,514 751,516 748,516 746,516 748,558"/>
        <Baseline points="748,558 1749,554"/>
        <TextEquiv conf="0.993457481265068">
          <Unicode>Harttung Acta III. 239. — „Que a nobis“.</Unicode>
        </TextEquiv>
      </TextLine>
      <TextLine id="eSc_line_cdbf336a" custom="structure {type:default;}">
        <Coords points="700,609 700,636 2666,636 2668,609 2666,578 2529,578 2527,576 2512,565 2509,565 2507,565 2505,565 2503,565 2476,576 2474,576 2472,576 2412,565 2410,565 2364,576 2357,576 2348,576 2284,565 2282,565 2280,565 2244,574 2235,576 2229,574 2191,565 2189,565 2187,565 2185,565 2165,574 2160,576 2140,574 2063,565 2061,565 1957,574 1915,576 1895,574 1858,565 1855,565 1853,565 1827,571 1813,576 1807,571 1798,565 1796,565 1794,565 1791,565 1729,571 1690,576 700,567 700,609"/>
        <Baseline points="700,609 2668,609"/>
        <TextEquiv conf="0.9999275965455138">
          <Unicode>12566 Quos capitulo Ebroicensi Audoénus, quondam episcopus, „ad communionem cano-</Unicode>
        </TextEquiv>
      </TextLine>
      <TextLine id="eSc_line_0e6aac30" custom="structure {type:default;}">
        <Coords points="181,624 181,642 353,636 353,616 349,565 260,554 258,554 176,571 181,624"/>
        <Baseline points="181,624 353,616"/>
        <TextEquiv conf="0.999288946390152">
          <Unicode>„ 8.</Unicode>
        </TextEquiv>
      </TextLine>
      <TextLine id="eSc_line_683bb016" custom="structure {type:default;}">
        <Coords points="486,644 576,636 576,622 565,552 521,567 483,556 486,627 486,644"/>
        <Baseline points="486,627 576,622"/>
        <TextEquiv conf="0.9999938011169434">
          <Unicode>„</Unicode>
        </TextEquiv>
      </TextLine>
      <TextLine id="eSc_line_2f7dfb03" custom="structure {type:default;}">
        <Coords points="748,669 748,691 2664,684 2666,662 2660,631 746,633 748,669"/>
        <Baseline points="748,669 2666,662"/>
        <TextEquiv conf="0.999853460185499">
          <Unicode>nicorum ampliandam concesserit redditus, constitutos pro circada, quam ipse a pres-</Unicode>
        </TextEquiv>
      </TextLine>
      <TextLine id="eSc_line_2078ee34" custom="structure {type:default;}">
        <Coords points="748,722 748,744 2664,742 2666,717 2662,689 746,682 748,722"/>
        <Baseline points="748,722 2666,717"/>
        <TextEquiv conf="0.989369278930756">
          <Unicode>byteris sui episcopatus ex institutione concilii Iulibonae (vel Insulebonae, hodie:</Unicode>
        </TextEquiv>
      </TextLine>
      <TextLine id="eSc_line_f42b28a5" custom="structure {type:default;}">
        <Coords points="751,777 751,799 2664,795 2666,770 2662,742 748,742 751,777"/>
        <Baseline points="751,777 2666,770"/>
        <TextEquiv conf="0.9957142748483797">
          <Unicode>Lillebonne) et ex consuetudine episcopalium ecclesiarum Normanniae exigebat“, con-</Unicode>
        </TextEquiv>
      </TextLine>
      <TextLine id="eSc_line_32ba53f9" custom="structure {type:default;}">
        <Coords points="751,832 751,854 2662,856 2666,828 2662,797 771,788 768,788 766,788 764,788 748,795 751,832"/>
        <Baseline points="751,832 2666,828"/>
        <TextEquiv conf="0.9896320964716658">
          <Unicode>firmat, cet. Cart. du chap. d&#x27;Evr. s. XIII—XIV. f. 5“ in Arch. dép. de IEure in</Unicode>
        </TextEquiv>
      </TextLine>
      <TextLine id="eSc_line_8967f44e" custom="structure {type:default;}">
        <Coords points="751,887 751,907 1562,912 1566,883 1559,843 748,845 751,887"/>
        <Baseline points="751,887 1566,883"/>
        <TextEquiv conf="0.9998272990479189">
          <Unicode>Ewreux. — „Ea, quae in ecclesiis“.</Unicode>
        </TextEquiv>
      </TextLine>
      <TextLine id="eSc_line_c1ebfedf" custom="structure {type:default;}">
        <Coords points="698,942 698,965 2664,969 2668,936 2662,892 695,896 698,942"/>
        <Baseline points="698,942 2668,936"/>
        <TextEquiv conf="0.9990479946136475">
          <Unicode>12567 Canonicos Mortarienses vetat ecclesiae lanuensi decimas debitas subtrahere. Pflugk-</Unicode>
        </TextEquiv>
      </TextLine>
      <TextLine id="eSc_line_985c22de" custom="structure {type:default;}">
        <Coords points="181,947 181,973 269,962 355,971 360,942 353,892 178,894 181,947"/>
        <Baseline points="181,947 360,942"/>
        <TextEquiv conf="0.999962717294693">
          <Unicode>„ 9.</Unicode>
        </TextEquiv>
      </TextLine>
      <TextLine id="eSc_line_c33e515d" custom="structure {type:default;}">
        <Coords points="492,954 492,973 572,965 572,954 572,898 492,898 492,954"/>
        <Baseline points="492,954 572,954"/>
        <TextEquiv conf="1.0">
          <Unicode>„</Unicode>
        </TextEquiv>
      </TextLine>
      <TextLine id="eSc_line_9373ed1a" custom="structure {type:default;}">
        <Coords points="751,995 751,1020 1924,1020 1926,991 1922,960 762,954 760,954 757,954 755,954 755,956 748,960 751,995"/>
        <Baseline points="751,995 1926,991"/>
        <TextEquiv conf="0.9969476088881493">
          <Unicode>Harttung Acta III. 239. — „Sicut volumus vobis“.</Unicode>
        </TextEquiv>
      </TextLine>
      <TextLine id="eSc_line_eebac39b" custom="structure {type:default;}">
        <Coords points="702,1048 702,1071 2666,1075 2671,1048 2668,1015 702,1009 702,1048"/>
        <Baseline points="702,1048 2671,1048"/>
        <TextEquiv conf="0.9986322465397063">
          <Unicode>12568 Vigintimiliensem et Antipolitanum episcopos iudices constituit inter capitulum</Unicode>
        </TextEquiv>
      </TextLine>
      <TextLine id="eSc_line_e5d55490" custom="structure {type:default;}">
        <Coords points="178,1057 178,1075 360,1071 360,1051 353,998 223,1013 176,1004 178,1057"/>
        <Baseline points="178,1057 360,1051"/>
        <TextEquiv conf="0.9999999523162841">
          <Unicode>„ 12.</Unicode>
        </TextEquiv>
      </TextLine>
      <TextLine id="eSc_line_7cfd1ced" custom="structure {type:default;}">
        <Coords points="483,1060 479,1126 567,1137 574,1064 574,1007 486,1000 483,1060"/>
        <Baseline points="483,1060 574,1064"/>
        <TextEquiv conf="1.0">
          <Unicode>„</Unicode>
        </TextEquiv>
      </TextLine>
      <TextLine id="eSc_line_3291cd62" custom="structure {type:default;}">
        <Coords points="753,1106 753,1130 2666,1126 2668,1101 2662,1071 751,1073 753,1106"/>
        <Baseline points="753,1106 2668,1101"/>
        <TextEquiv conf="0.997661180194767">
          <Unicode>Ianuense et monachos S. Syri, de obedientia et loco, ubi abbas benedicatur, litigantes.</Unicode>
        </TextEquiv>
      </TextLine>
      <TextLine id="eSc_line_a0e0137a" custom="structure {type:default;}">
        <Coords points="751,1161 751,1188 2341,1183 2341,1161 2341,1130 751,1130 751,1161"/>
        <Baseline points="751,1161 2341,1161"/>
        <TextEquiv conf="0.999058748736526">
          <Unicode>Pflugk-Harttung Acta III. 240. — „(Quia?) nuntii“ („Cum?) nuntii“.</Unicode>
        </TextEquiv>
      </TextLine>
      <TextLine id="eSc_line_d05933f2" custom="structure {type:default;}">
        <Coords points="698,1216 698,1236 2668,1243 2671,1212 2666,1177 713,1172 711,1172 709,1172 707,1172 695,1179 698,1216"/>
        <Baseline points="698,1216 2671,1212"/>
        <TextEquiv conf="0.9999499512570245">
          <Unicode>12569 Pactum inter fratres Altimontenses et capitulum Aquense super duabus ecclesiis</Unicode>
        </TextEquiv>
      </TextLine>
      <TextLine id="eSc_line_d369c4c0" custom="structure {type:default;}">
        <Coords points="183,1221 183,1263 307,1252 360,1260 362,1214 355,1170 181,1174 183,1221"/>
        <Baseline points="183,1221 362,1214"/>
        <TextEquiv conf="0.9999778032302856">
          <Unicode>„ 13.</Unicode>
        </TextEquiv>
      </TextLine>
      <TextLine id="eSc_line_fd49097c" custom="structure {type:default;}">
        <Coords points="488,1227 488,1260 570,1269 572,1227 572,1174 488,1174 488,1227"/>
        <Baseline points="488,1227 572,1227"/>
        <TextEquiv conf="1.0">
          <Unicode>„</Unicode>
        </TextEquiv>
      </TextLine>
      <TextLine id="eSc_line_0e9ac201" custom="structure {type:default;}">
        <Coords points="751,1272 751,1294 2664,1298 2668,1267 2664,1238 1710,1227 1707,1227 1623,1238 766,1230 764,1230 762,1230 760,1230 748,1236 751,1272"/>
        <Baseline points="751,1272 2668,1267"/>
        <TextEquiv conf="0.994838913749246">
          <Unicode>factum confirmat. Cartul. de S. Pierre d&#x27;Haumont. ms. lat. nouv. acqu. 1386. s. XIII.</Unicode>
        </TextEquiv>
      </TextLine>
      <TextLine id="eSc_line_371b567a" custom="structure {type:default;}">
        <Coords points="751,1327 751,1351 2668,1351 2668,1327 2668,1294 751,1291 751,1327"/>
        <Baseline points="751,1327 2668,1327"/>
        <TextEquiv conf="0.9981065531571706">
          <Unicode>f. 49, Coll. Moreau t. 70. f. 247 in bibl. nat. Paris., (Reg. ap. Devillers Descr. analyt.</Unicode>
        </TextEquiv>
      </TextLine>
      <TextLine id="eSc_line_ab6dbb31" custom="structure {type:default;}">
        <Coords points="753,1375 753,1404 2193,1400 2196,1380 2193,1347 753,1338 753,1375"/>
        <Baseline points="753,1375 2196,1380"/>
        <TextEquiv conf="0.9948027036229118">
          <Unicode>des cart. du Hainaut III. 118). — „Honestati conveniens est“.</Unicode>
        </TextEquiv>
      </TextLine>
      <TextLine id="eSc_line_adbac89b" custom="structure {type:default;}">
        <Coords points="704,1437 704,1461 2668,1461 2671,1431 2664,1395 702,1397 704,1437"/>
        <Baseline points="704,1437 2671,1431"/>
        <TextEquiv conf="0.9975117778494245">
          <Unicode>12570 Abbati et capitulo monasterii Eveshamensis asserit reditus ecclesiae de Abres-</Unicode>
        </TextEquiv>
      </TextLine>
      <TextLine id="eSc_line_5eb9eec0" custom="structure {type:default;}">
        <Coords points="183,1439 183,1459 293,1466 296,1466 362,1450 362,1433 349,1331 331,1344 178,1344 183,1439"/>
        <Baseline points="183,1439 362,1433"/>
        <TextEquiv conf="0.97900892496109">
          <Unicode>„ 16.</Unicode>
        </TextEquiv>
      </TextLine>
      <TextLine id="eSc_line_2a0e11a5" custom="structure {type:default;}">
        <Coords points="488,1446 488,1459 523,1470 525,1470 528,1470 530,1470 576,1455 576,1446 576,1404 488,1404 488,1446"/>
        <Baseline points="488,1446 576,1446"/>
        <TextEquiv conf="0.9999995231628418">
          <Unicode>„</Unicode>
        </TextEquiv>
      </TextLine>
      <TextLine id="eSc_line_3b5477f1" custom="structure {type:default;}">
        <Coords points="751,1490 751,1514 2671,1514 2671,1490 2671,1453 751,1448 751,1490"/>
        <Baseline points="751,1490 2671,1490"/>
        <TextEquiv conf="0.9981966457868877">
          <Unicode>leye. Ex cod. Mus. Brit. 3763. f. 95. Dedit b. m. Karolus Pertz. — „Pervenit</Unicode>
        </TextEquiv>
      </TextLine>
      <TextLine id="eSc_line_5bf6c902" custom="structure {type:default;}">
        <Coords points="751,1545 751,1563 859,1576 861,1576 930,1561 967,1574 969,1574 972,1574 1087,1554 1087,1539 1080,1508 748,1512 751,1545"/>
        <Baseline points="751,1545 1087,1539"/>
        <TextEquiv conf="0.9999991655349731">
          <Unicode>ad nos quod“.</Unicode>
        </TextEquiv>
      </TextLine>
      <TextLine id="eSc_line_8b856595" custom="structure {type:default;}">
        <Coords points="707,1603 707,1627 2668,1620 2671,1596 2666,1559 2041,1548 2039,1548 704,1563 707,1603"/>
        <Baseline points="707,1603 2671,1596"/>
        <TextEquiv conf="0.9954172366195255">
          <Unicode>12571 (8389) Statuit, „ne aliqua laicalis persona, patronatus seu alia occasione, electio-</Unicode>
        </TextEquiv>
      </TextLine>
      <TextLine id="eSc_line_58e0a368" custom="structure {type:default;}">
        <Coords points="185,1605 190,1647 220,1634 360,1634 360,1594 355,1545 326,1532 324,1532 322,1532 262,1539 260,1539 258,1539 258,1541 256,1541 249,1550 247,1554 181,1554 185,1605"/>
        <Baseline points="185,1605 360,1594"/>
        <TextEquiv conf="0.9899998903274536">
          <Unicode>„ 20.</Unicode>
        </TextEquiv>
      </TextLine>
      <TextLine id="eSc_line_8e78b2ef" custom="structure {type:default;}">
        <Coords points="488,1614 490,1649 583,1623 583,1614 583,1541 534,1523 532,1523 530,1523 488,1528 488,1614"/>
        <Baseline points="488,1614 583,1614"/>
        <TextEquiv conf="0.9999771118164062">
          <Unicode>„</Unicode>
        </TextEquiv>
      </TextLine>
      <TextLine id="eSc_line_4947742e" custom="structure {type:default;}">
        <Coords points="753,1658 753,1680 2666,1682 2671,1651 2666,1612 2056,1612 2054,1612 2052,1612 2041,1616 2026,1623 1758,1618 1402,1614 1400,1614 1398,1614 1396,1614 1385,1623 1378,1625 1261,1623 795,1616 793,1616 790,1616 751,1627 753,1658"/>
        <Baseline points="753,1658 2671,1651"/>
        <TextEquiv conf="0.9994250424206257">
          <Unicode>nibus abbatum vel priorum Camaldulensium semet ulla ingerat ratione“. Mittarelli</Unicode>
        </TextEquiv>
      </TextLine>
      <TextLine id="eSc_line_04a0395b" custom="structure {type:default;}">
        <Coords points="755,1711 755,1731 1259,1742 1261,1742 1263,1742 1294,1731 1296,1731 1334,1742 1336,1742 1338,1742 1341,1742 1343,1742 1356,1731 1358,1731 1360,1731 1455,1742 1458,1742 1520,1731 1522,1731 1524,1731 1657,1742 1659,1742 1661,1742 1663,1742 1679,1729 1683,1729 1897,1729 1902,1729 1917,1740 1919,1740 1922,1740 1924,1740 2034,1729 2043,1729 2050,1729 2121,1740 2123,1742 2529,1742 2529,1740 2589,1726 2591,1707 2587,1678 782,1669 779,1669 777,1669 753,1678 755,1711"/>
        <Baseline points="755,1711 2591,1707"/>
        <TextEquiv conf="0.994482421875">
          <Unicode>Ann. Cam. IV. app. p. 1, Migne 200 p. 1045. — „Que canonicis sanctionibus“.</Unicode>
        </TextEquiv>
      </TextLine>
      <TextLine id="eSc_line_a384f728" custom="structure {type:default;}">
        <Coords points="707,1766 707,1790 2668,1788 2671,1762 2666,1731 704,1729 707,1766"/>
        <Baseline points="707,1766 2671,1762"/>
        <TextEquiv conf="0.996527627281759">
          <Unicode>12572 Abbati et fratribus S. Ebrulfi cellas de Altifago, de Nogione, de Novoforo, alias</Unicode>
        </TextEquiv>
      </TextLine>
      <TextLine id="eSc_line_7d851cfe" custom="structure {type:default;}">
        <Coords points="181,1768 181,1795 212,1808 214,1808 216,1808 218,1808 243,1799 267,1788 298,1802 309,1806 311,1806 313,1806 364,1804 364,1762 357,1709 178,1722 181,1768"/>
        <Baseline points="181,1768 364,1762"/>
        <TextEquiv conf="0.9999985218048095">
          <Unicode>„ 21.</Unicode>
        </TextEquiv>
      </TextLine>
      <TextLine id="eSc_line_8e2fe0af" custom="structure {type:default;}">
        <Coords points="488,1771 486,1821 570,1795 572,1775 570,1715 488,1718 488,1771"/>
        <Baseline points="488,1771 572,1775"/>
        <TextEquiv conf="1.0">
          <Unicode>„</Unicode>
        </TextEquiv>
      </TextLine>
      <TextLine id="eSc_line_d6ec41bb" custom="structure {type:default;}">
        <Coords points="755,1821 755,1843 2668,1837 2671,1815 2666,1786 1394,1777 1391,1777 1389,1777 1363,1788 870,1779 868,1779 753,1790 755,1821"/>
        <Baseline points="755,1821 2671,1815"/>
        <TextEquiv conf="0.9921820324458434">
          <Unicode>asserit. Ex chartul. S. Ebrulfi I. 157 in bibl. nat. Paris. Misit Delisle. — „Si quando“.</Unicode>
        </TextEquiv>
      </TextLine>
      <TextLine id="eSc_line_ab07dcab" custom="structure {type:default;}">
        <Coords points="183,1879 185,1903 236,1890 280,1901 296,1903 298,1903 364,1896 364,1874 357,1817 181,1824 183,1879"/>
        <Baseline points="183,1879 364,1874"/>
        <TextEquiv conf="0.906829571723938">
          <Unicode>„ 24.</Unicode>
        </TextEquiv>
      </TextLine>
      <TextLine id="eSc_line_5cab58f2" custom="structure {type:default;}">
        <Coords points="707,1879 707,1901 2668,1901 2671,1874 2666,1843 2562,1830 2560,1830 2558,1830 2556,1830 2540,1841 2538,1843 2094,1843 2087,1839 2063,1830 2061,1830 2059,1830 2010,1839 1999,1841 1992,1839 1966,1830 1964,1830 1961,1830 1959,1830 1935,1839 1926,1841 1893,1839 1816,1832 1813,1832 1745,1839 1685,1843 1643,1837 1606,1832 1604,1832 1542,1837 1469,1843 1436,1837 1411,1832 1409,1832 1365,1837 1296,1843 1230,1837 1195,1832 1193,1832 704,1832 707,1879"/>
        <Baseline points="707,1879 2671,1874"/>
        <TextEquiv conf="0.9940348565578461">
          <Unicode>12573 Monasterio S. Dionysii Remensi vineas et terras quasdam asserit. Cartae S. Dion.</Unicode>
        </TextEquiv>
      </TextLine>
      <TextLine id="eSc_line_3316b607" custom="structure {type:default;}">
        <Coords points="483,1905 576,1903 578,1885 576,1813 539,1824 490,1810 486,1881 483,1905"/>
        <Baseline points="486,1881 578,1885"/>
        <TextEquiv conf="1.0">
          <Unicode>„</Unicode>
        </TextEquiv>
      </TextLine>
      <TextLine id="eSc_line_0ee208f1" custom="structure {type:default;}">
        <Coords points="757,1932 757,1954 2668,1949 2671,1927 2666,1896 755,1892 757,1932"/>
        <Baseline points="757,1932 2671,1927"/>
        <TextEquiv conf="0.9955157183788039">
          <Unicode>Rem. ms. lat. E. 24. f. 52 in bibl. S. Genovefae Paris. — „Iustis petentium desideriis“.</Unicode>
        </TextEquiv>
      </TextLine>
      <TextLine id="eSc_line_e29b5b4f" custom="structure {type:default;}">
        <Coords points="704,1980 702,2009 2668,2011 2673,1985 2668,1947 704,1947 704,1980"/>
        <Baseline points="704,1980 2673,1985"/>
        <TextEquiv conf="0.9979570648249458">
          <Unicode>12574 Ecclesiae de Plesseio (vel Campo Osberti) possessiones quasdam confirmat. Cart.</Unicode>
        </TextEquiv>
      </TextLine>
      <TextLine id="eSc_line_c05e86fe" custom="structure {type:default;}">
        <Coords points="490,1991 488,2009 572,2009 574,1996 572,1934 490,1941 490,1991"/>
        <Baseline points="490,1991 574,1996"/>
        <TextEquiv conf="0.9999903440475464">
          <Unicode>„</Unicode>
        </TextEquiv>
      </TextLine>
      <TextLine id="eSc_line_75237c0b" custom="structure {type:default;}">
        <Coords points="757,2038 755,2060 2668,2064 2673,2042 2671,2007 757,2000 757,2038"/>
        <Baseline points="757,2038 2673,2042"/>
        <TextEquiv conf="0.9950374677777291">
          <Unicode>de l&#x27;abb. du Plessis-Grimould s. XV ex. f. 6b in Arch. dép. du Calvados in Caen.</Unicode>
        </TextEquiv>
      </TextLine>
      <TextLine id="eSc_line_7b510c2e" custom="structure {type:default;}">
        <Coords points="183,2042 183,2062 364,2060 364,2038 357,1989 181,1996 183,2042"/>
        <Baseline points="183,2042 364,2038"/>
        <TextEquiv conf="0.9995920419692993">
          <Unicode>„ 25.</Unicode>
        </TextEquiv>
      </TextLine>
      <TextLine id="eSc_line_4608db85" custom="structure {type:default;}">
        <Coords points="755,2091 753,2108 843,2124 846,2124 996,2115 1137,2126 1140,2126 1237,2115 1447,2126 1449,2126 1451,2126 1495,2113 1497,2095 1495,2062 755,2051 755,2091"/>
        <Baseline points="755,2091 1497,2095"/>
        <TextEquiv conf="0.9997481778264046">
          <Unicode>— „Iustis petentium desideriis“.</Unicode>
        </TextEquiv>
      </TextLine>
      <TextLine id="eSc_line_90afb614" custom="structure {type:default;}">
        <Coords points="707,2150 707,2173 2673,2168 2675,2146 2671,2113 1721,2102 1718,2102 1716,2102 1685,2113 753,2104 751,2104 748,2104 704,2115 707,2150"/>
        <Baseline points="707,2150 2675,2146"/>
        <TextEquiv conf="0.9988316304889726">
          <Unicode>12575 Maioris-monasterii fratribus asserit „septem modios vini ad mensuram de Ca-</Unicode>
        </TextEquiv>
      </TextLine>
      <TextLine id="eSc_line_17b78888" custom="structure {type:default;}">
        <Coords points="503,2161 503,2181 574,2170 574,2161 574,2122 503,2111 503,2161"/>
        <Baseline points="503,2161 574,2161"/>
        <TextEquiv conf="0.8881983757019043">
          <Unicode>„</Unicode>
        </TextEquiv>
      </TextLine>
      <TextLine id="eSc_line_077ef928" custom="structure {type:default;}">
        <Coords points="757,2206 757,2230 2675,2230 2675,2206 2675,2175 757,2175 757,2206"/>
        <Baseline points="757,2206 2675,2206"/>
        <TextEquiv conf="0.9945676785775985">
          <Unicode>stillione“ a Guidone de Castillione concessos. Autograph. in tabul. nat. Paris. L. 231.</Unicode>
        </TextEquiv>
      </TextLine>
      <TextLine id="eSc_line_80364aa2" custom="structure {type:default;}">
        <Coords points="185,2208 185,2239 360,2232 362,2203 357,2153 304,2139 302,2139 183,2155 185,2208"/>
        <Baseline points="185,2208 362,2203"/>
        <TextEquiv conf="0.9689617037773133">
          <Unicode>„ 28.</Unicode>
        </TextEquiv>
      </TextLine>
      <TextLine id="eSc_line_d59852ce" custom="structure {type:default;}">
        <Coords points="755,2261 755,2281 992,2281 1003,2290 1003,2292 1005,2292 1007,2292 1009,2292 1405,2281 1429,2292 1431,2292 1433,2294 1612,2294 1612,2292 1615,2292 1659,2279 1659,2261 1659,2228 1619,2217 1617,2217 1615,2217 908,2228 848,2217 846,2217 755,2228 755,2261"/>
        <Baseline points="755,2261 1659,2261"/>
        <TextEquiv conf="0.9998913819973285">
          <Unicode>n. 58. — „Iustis petentium desideriis“.</Unicode>
        </TextEquiv>
      </TextLine>
      <TextLine id="eSc_line_23a03747" custom="structure {type:default;}">
        <Coords points="707,2312 707,2338 2671,2340 2673,2312 2673,2272 2445,2263 2443,2263 2388,2272 2355,2276 2330,2272 2288,2263 2286,2263 2284,2263 2282,2263 2271,2272 2262,2279 2202,2279 2185,2272 2154,2263 2151,2263 1807,2263 1805,2263 1756,2272 1738,2276 1723,2274 1685,2263 1683,2263 1681,2263 1679,2263 1676,2263 1661,2274 1654,2279 857,2279 839,2274 755,2265 753,2265 707,2274 707,2312"/>
        <Baseline points="707,2312 2673,2312"/>
        <TextEquiv conf="0.9997963062146815">
          <Unicode>12576 (8390) Canonicis S. Quintini concedit, „ne episcopus Noviomensis plures quam</Unicode>
        </TextEquiv>
      </TextLine>
      <TextLine id="eSc_line_756109fd" custom="structure {type:default;}">
        <Coords points="501,2327 501,2347 574,2338 574,2323 570,2274 497,2274 501,2327"/>
        <Baseline points="501,2327 574,2323"/>
        <TextEquiv conf="1.0">
          <Unicode>„</Unicode>
        </TextEquiv>
      </TextLine>
      <TextLine id="eSc_line_f17f1221" custom="structure {type:default;}">
        <Coords points="757,2369 757,2393 2668,2389 2671,2365 2664,2336 755,2336 757,2369"/>
        <Baseline points="757,2369 2671,2365"/>
        <TextEquiv conf="0.9987834692001343">
          <Unicode>triginta quinque homines et triginta equitaturas ad eorum ecclesiam ducere audeat“.</Unicode>
        </TextEquiv>
      </TextLine>
      <TextLine id="eSc_line_cf1853d4" custom="structure {type:default;}">
        <Coords points="185,2371 185,2393 362,2385 362,2362 355,2314 183,2332 185,2371"/>
        <Baseline points="185,2371 362,2362"/>
        <TextEquiv conf="0.9760109663009644">
          <Unicode>„ 30.</Unicode>
        </TextEquiv>
      </TextLine>
      <TextLine id="eSc_line_9e1ae88d" custom="structure {type:default;}">
        <Coords points="755,2424 755,2451 2668,2455 2673,2418 2668,2389 753,2389 755,2424"/>
        <Baseline points="755,2424 2673,2418"/>
        <TextEquiv conf="0.9994962035041106">
          <Unicode>Colliette Mém. du Vermandois II. 339, Hemeraei Aug. Virom. p. 166, Migne 200</Unicode>
        </TextEquiv>
      </TextLine>
      <TextLine id="eSc_line_334d00ab" custom="structure {type:default;}">
        <Coords points="755,2479 755,2499 1515,2504 1517,2479 1517,2451 755,2449 755,2479"/>
        <Baseline points="755,2479 1517,2479"/>
        <TextEquiv conf="0.9956969400246938">
          <Unicode>p. 1046. — „In eo loco sumus“.</Unicode>
        </TextEquiv>
      </TextLine>
      <TextLine id="eSc_line_d89ed70f" custom="structure {type:default;}">
        <Coords points="707,2532 707,2559 2671,2561 2675,2532 2673,2495 707,2491 707,2532"/>
        <Baseline points="707,2532 2675,2532"/>
        <TextEquiv conf="0.9995739140680858">
          <Unicode>12577 Monasterio b. Mariae Blesensi ecclesiam S. Laurentii Montis-laudati confirmat.</Unicode>
        </TextEquiv>
      </TextLine>
      <TextLine id="eSc_line_f9721faf" custom="structure {type:default;}">
        <Coords points="505,2548 512,2616 576,2590 574,2544 567,2468 499,2462 505,2548"/>
        <Baseline points="505,2548 574,2544"/>
        <TextEquiv conf="0.9999998807907104">
          <Unicode>„</Unicode>
        </TextEquiv>
      </TextLine>
      <TextLine id="eSc_line_cda1bbee" custom="structure {type:default;}">
        <Coords points="185,2590 185,2632 229,2632 231,2632 234,2632 234,2630 236,2630 249,2614 366,2612 366,2581 360,2544 181,2544 185,2590"/>
        <Baseline points="185,2590 366,2581"/>
        <TextEquiv conf="0.9999494910240173">
          <Unicode>„ 31.</Unicode>
        </TextEquiv>
      </TextLine>
      <TextLine id="eSc_line_af50f136" custom="structure {type:default;}">
        <Coords points="760,2590 760,2621 2675,2614 2675,2590 2673,2552 760,2552 760,2590"/>
        <Baseline points="760,2590 2675,2590"/>
        <TextEquiv conf="0.9926453019365852">
          <Unicode>Auvray Notice sur le ms. Ottobonien 2966 p. 15 in Mélanges d&#x27;arch. et d&#x27;hist. VI.</Unicode>
        </TextEquiv>
      </TextLine>
      <TextLine id="eSc_line_17d7cc4b" custom="structure {type:default;}">
        <Coords points="766,2641 764,2658 848,2674 850,2674 996,2663 1007,2672 1007,2674 1009,2674 1011,2674 1137,2676 1140,2676 1497,2663 1500,2645 1495,2608 766,2608 766,2641"/>
        <Baseline points="766,2641 1500,2645"/>
        <TextEquiv conf="0.9999994859099388">
          <Unicode>— „Iustis petentium desideriis“.</Unicode>
        </TextEquiv>
      </TextLine>
      <TextLine id="eSc_line_14ce640a" custom="structure {type:default;}">
        <Coords points="152,2696 152,2727 364,2727 364,2691 360,2632 335,2621 333,2621 331,2621 329,2621 296,2632 289,2634 150,2632 152,2696"/>
        <Baseline points="152,2696 364,2691"/>
        <TextEquiv conf="0.9861229658126831">
          <Unicode>Iun. 1.</Unicode>
        </TextEquiv>
      </TextLine>
      <TextLine id="eSc_line_351d8877" custom="structure {type:default;}">
        <Coords points="707,2698 707,2722 2671,2725 2675,2698 2675,2665 2644,2652 2642,2652 2640,2652 2582,2665 2401,2665 2255,2665 2255,2663 2240,2652 2238,2652 2235,2652 2233,2652 2165,2663 2160,2663 2158,2663 2070,2652 1778,2652 1776,2652 1774,2652 1771,2652 1756,2663 1754,2663 1745,2663 1674,2652 1672,2652 1621,2663 1612,2663 1595,2663 1500,2652 1497,2652 1495,2652 1469,2661 1464,2663 707,2661 707,2698"/>
        <Baseline points="707,2698 2675,2698"/>
        <TextEquiv conf="0.9884176156100105">
          <Unicode>12578 Decano et capitulo S. Crucis Aurelianensi praecipit, ne praebendam et annualia,</Unicode>
        </TextEquiv>
      </TextLine>
      <TextLine id="eSc_line_59b6092f" custom="structure {type:default;}">
        <Coords points="488,2709 488,2727 587,2736 589,2709 589,2650 488,2638 488,2709"/>
        <Baseline points="488,2709 589,2709"/>
        <TextEquiv conf="1.0">
          <Unicode>„</Unicode>
        </TextEquiv>
      </TextLine>
      <TextLine id="eSc_line_3c0204d4" custom="structure {type:default;}">
        <Coords points="760,2753 760,2778 2671,2771 2673,2747 2666,2718 757,2722 760,2753"/>
        <Baseline points="760,2753 2673,2747"/>
        <TextEquiv conf="0.9997350743838719">
          <Unicode>quae canonici S. Evurtii in eorum ecclesia possideant, „occasione matutinarum“ dimi-</Unicode>
        </TextEquiv>
      </TextLine>
      <TextLine id="eSc_line_8c57cd33" custom="structure {type:default;}">
        <Coords points="757,2809 757,2835 2671,2826 2673,2804 2668,2775 1791,2764 1789,2764 755,2775 757,2809"/>
        <Baseline points="757,2809 2673,2804"/>
        <TextEquiv conf="0.9874626044873838">
          <Unicode>nuant. In bibl. nat. Paris. ms. lat. 12775. f. 37. — „Cuilibet ad cumulum cedit“.</Unicode>
        </TextEquiv>
      </TextLine>
      <TextLine id="eSc_line_a5bf9647" custom="structure {type:default;}">
        <Coords points="709,2859 709,2888 2675,2888 2675,2859 2675,2831 709,2822 709,2859"/>
        <Baseline points="709,2859 2675,2859"/>
        <TextEquiv conf="0.9990902926240649">
          <Unicode>12579 Hospitalis Hierosolymitani possessiones et redditus, Parisiis comparatos, con-</Unicode>
        </TextEquiv>
      </TextLine>
      <TextLine id="eSc_line_614f2bb9" custom="structure {type:default;}">
        <Coords points="190,2866 190,2886 225,2890 227,2890 229,2890 231,2890 231,2888 238,2884 251,2873 300,2879 353,2886 355,2886 357,2886 360,2886 371,2877 371,2859 364,2828 187,2828 190,2866"/>
        <Baseline points="190,2866 371,2859"/>
        <TextEquiv conf="0.99998340010643">
          <Unicode>„ 4.</Unicode>
        </TextEquiv>
      </TextLine>
      <TextLine id="eSc_line_645c4053" custom="structure {type:default;}">
        <Coords points="494,2868 492,2881 534,2897 536,2897 539,2897 541,2897 576,2884 578,2873 578,2820 497,2815 494,2868"/>
        <Baseline points="494,2868 578,2873"/>
        <TextEquiv conf="1.0">
          <Unicode>„</Unicode>
        </TextEquiv>
      </TextLine>
      <TextLine id="eSc_line_9ed6ff2b" custom="structure {type:default;}">
        <Coords points="760,2915 757,2932 779,2945 782,2945 784,2945 1568,2937 1581,2948 1584,2948 1586,2948 1588,2948 2410,2937 2412,2919 2410,2886 760,2884 760,2915"/>
        <Baseline points="760,2915 2412,2919"/>
        <TextEquiv conf="0.9856696700056394">
          <Unicode>firmat. Autogr. in tab. nat. Paris. L. 230. n. 6. — „Fervor religionis“.</Unicode>
        </TextEquiv>
      </TextLine>
      <TextLine id="eSc_line_9702da8b" custom="structure {type:default;}">
        <Coords points="709,2972 709,3001 2675,3001 2677,2965 2673,2937 731,2930 729,2930 726,2930 707,2939 709,2972"/>
        <Baseline points="709,2972 2677,2965"/>
        <TextEquiv conf="0.9983559922326969">
          <Unicode>12580 Episcopo Noviomensi et decano S. Quintini mandat, ne A. quendam ab abbate</Unicode>
        </TextEquiv>
      </TextLine>
      <TextLine id="eSc_line_8db9f466" custom="structure {type:default;}">
        <Coords points="187,2974 190,3003 240,2983 300,2983 311,2990 320,2998 322,2998 324,2998 326,2998 329,2998 368,2983 368,2970 362,2939 185,2941 187,2974"/>
        <Baseline points="187,2974 368,2970"/>
        <TextEquiv conf="0.9999954402446747">
          <Unicode>„ 5.</Unicode>
        </TextEquiv>
      </TextLine>
      <TextLine id="eSc_line_d963e2a7" custom="structure {type:default;}">
        <Coords points="479,2981 479,3005 581,3001 581,2981 578,2943 479,2943 479,2981"/>
        <Baseline points="479,2981 581,2981"/>
        <TextEquiv conf="0.9999916553497314">
          <Unicode>„</Unicode>
        </TextEquiv>
      </TextLine>
      <TextLine id="eSc_line_b7c51425" custom="structure {type:default;}">
        <Coords points="760,3027 760,3051 2675,3045 2677,3021 2671,2990 757,2992 760,3027"/>
        <Baseline points="760,3027 2677,3021"/>
        <TextEquiv conf="0.9999313041931246">
          <Unicode>S. Nicolai de Pratis (Ribomontensis) pro mutuata pecunia usuram ulterius requirere</Unicode>
        </TextEquiv>
      </TextLine>
      <TextLine id="eSc_line_cb28d2bf" custom="structure {type:default;}">
        <Coords points="762,3082 762,3115 1718,3115 1718,3113 1729,3113 1862,3102 2673,3111 2677,3078 2671,3045 760,3047 762,3082"/>
        <Baseline points="762,3082 2677,3078"/>
        <TextEquiv conf="0.9980630829364439">
          <Unicode>patiantur. Loewenfeld Epistolae p. 146, Stein Cart. de St. Nicol. des Prés sous</Unicode>
        </TextEquiv>
      </TextLine>
      <TextLine id="eSc_line_eb26a138" custom="structure {type:default;}">
        <Coords points="760,3131 757,3153 974,3164 976,3164 978,3164 998,3153 1003,3153 1005,3153 1027,3164 1029,3164 1031,3164 1109,3153 1122,3153 1133,3153 1197,3166 1199,3166 1632,3153 1634,3135 1632,3104 760,3098 760,3131"/>
        <Baseline points="760,3131 1634,3135"/>
        <TextEquiv conf="0.9974945000239781">
          <Unicode>Ribem. p. 39. — „Ex parte abbatis“.</Unicode>
        </TextEquiv>
      </TextLine>
      <TextLine id="eSc_line_2b71fd66" custom="structure {type:default;}">
        <Coords points="713,3186 713,3215 2677,3215 2677,3186 2675,3151 2116,3153 2050,3146 1995,3142 1992,3142 1966,3146 1928,3153 1882,3146 1851,3142 1849,3142 1847,3142 1844,3142 1840,3146 1827,3155 1701,3155 1657,3144 1634,3142 1632,3142 1612,3144 1568,3155 1157,3155 1111,3142 1104,3142 1102,3142 1093,3142 1040,3153 1005,3142 1003,3142 1000,3142 998,3142 996,3142 994,3142 950,3153 713,3142 713,3186"/>
        <Baseline points="713,3186 2677,3186"/>
        <TextEquiv conf="0.9956730436987993">
          <Unicode>12581 (8391) Canonicorum S. Quintini legem confirmat, „si quis canonicus ecclesiae</Unicode>
        </TextEquiv>
      </TextLine>
      <TextLine id="eSc_line_dd155166" custom="structure {type:default;}">
        <Coords points="190,3193 190,3217 375,3204 375,3186 368,3133 187,3138 190,3193"/>
        <Baseline points="190,3193 375,3186"/>
        <TextEquiv conf="0.9997648358345032">
          <Unicode>„ 11.</Unicode>
        </TextEquiv>
      </TextLine>
      <TextLine id="eSc_line_65f7533d" custom="structure {type:default;}">
        <Coords points="486,3202 486,3210 585,3213 587,3195 581,3149 481,3151 486,3202"/>
        <Baseline points="486,3202 587,3195"/>
        <TextEquiv conf="0.9999841451644897">
          <Unicode>„</Unicode>
        </TextEquiv>
      </TextLine>
      <TextLine id="eSc_line_eb6d4a03" custom="structure {type:default;}">
        <Coords points="762,3241 762,3268 2680,3268 2680,3241 2680,3213 762,3213 762,3241"/>
        <Baseline points="762,3241 2680,3241"/>
        <TextEquiv conf="0.9941894987767393">
          <Unicode>assiduitatem inibi non servet, nisi de licentia capituli alibi moretur, integros fructus</Unicode>
        </TextEquiv>
      </TextLine>
      <TextLine id="eSc_line_f7a0135d" custom="structure {type:default;}">
        <Coords points="762,3299 762,3323 2675,3319 2677,3294 2673,3268 760,3266 762,3299"/>
        <Baseline points="762,3299 2677,3294"/>
        <TextEquiv conf="0.9981826389277423">
          <Unicode>praebendae suae percipere ne debeat, excepto uno solo canonico, qui fuerit capel-</Unicode>
        </TextEquiv>
      </TextLine>
      <TextLine id="eSc_line_600b962d" custom="structure {type:default;}">
        <Coords points="764,3352 764,3378 2680,3378 2680,3352 2680,3323 764,3321 764,3352"/>
        <Baseline points="764,3352 2680,3352"/>
        <TextEquiv conf="0.9995302781462669">
          <Unicode>lanus“. Colliette Mém. du Vermandois II. 350, Hemeraei Aug. Virom. p. 166, Migne</Unicode>
        </TextEquiv>
      </TextLine>
      <TextLine id="eSc_line_b3d26436" custom="structure {type:default;}">
        <Coords points="764,3407 764,3429 1546,3431 1548,3407 1548,3367 764,3365 764,3407"/>
        <Baseline points="764,3407 1548,3407"/>
        <TextEquiv conf="0.9999082761426126">
          <Unicode>200 p. 1047. — „Ea, quae sunt“.</Unicode>
        </TextEquiv>
      </TextLine>
      <TextLine id="eSc_line_8e14a8de" custom="structure {type:default;}">
        <Coords points="715,3456 713,3495 2673,3500 2677,3460 2675,3427 715,3418 715,3456"/>
        <Baseline points="715,3456 2677,3460"/>
        <TextEquiv conf="0.9992544516211465">
          <Unicode>12582 R(aimundi) praepositi et capituli Tarraconensis bona ac iura confirmat. Villa-</Unicode>
        </TextEquiv>
      </TextLine>
      <TextLine id="eSc_line_a0af032d" custom="structure {type:default;}">
        <Coords points="196,3464 196,3493 380,3486 380,3456 375,3414 229,3409 227,3409 225,3409 194,3418 196,3464"/>
        <Baseline points="196,3464 380,3456"/>
        <TextEquiv conf="0.9999862909317017">
          <Unicode>„ 14.</Unicode>
        </TextEquiv>
      </TextLine>
      <TextLine id="eSc_line_96441f52" custom="structure {type:default;}">
        <Coords points="497,3469 497,3500 572,3511 574,3469 574,3422 497,3422 497,3469"/>
        <Baseline points="497,3469 574,3469"/>
        <TextEquiv conf="0.9999998807907104">
          <Unicode>„</Unicode>
        </TextEquiv>
      </TextLine>
      <TextLine id="eSc_line_9bdc526c" custom="structure {type:default;}">
        <Coords points="764,3513 762,3575 870,3577 872,3577 874,3577 879,3575 921,3557 983,3557 1003,3575 1003,3577 1005,3577 1007,3577 1009,3579 1173,3579 1173,3577 1175,3577 1182,3575 1232,3557 1259,3575 1261,3575 1263,3575 1265,3575 1268,3575 1323,3559 1349,3575 1352,3577 1354,3577 1356,3577 1358,3579 1389,3579 1389,3577 1391,3577 1394,3577 1394,3575 1396,3575 1414,3557 1449,3570 1451,3570 1453,3570 1581,3559 1604,3575 1606,3577 1608,3577 1610,3577 1612,3577 1615,3577 1623,3575 1663,3562 1685,3575 1692,3577 1694,3577 1696,3577 1714,3575 1767,3564 1820,3575 1851,3579 1853,3579 1855,3579 1858,3579 1864,3575 1889,3559 1990,3575 2032,3579 2034,3579 2037,3579 2039,3579 2045,3573 2065,3559 2138,3573 2143,3517 2140,3486 764,3482 764,3513"/>
        <Baseline points="764,3513 2143,3517"/>
        <TextEquiv conf="0.9905739054083824">
          <Unicode>nueva Niage litterario XIX. 218. — „Cum sitis secundum“.</Unicode>
        </TextEquiv>
      </TextLine>
      <TextLine id="eSc_line_2dd0181b" custom="structure {type:default;}">
        <Coords points="192,3564 192,3608 293,3623 296,3623 355,3615 382,3610 388,3615 410,3630 413,3630 415,3630 417,3632 521,3632 521,3630 523,3630 525,3630 541,3619 552,3612 572,3621 596,3630 598,3630 600,3630 656,3628 658,3628 660,3628 667,3623 689,3610 751,3626 755,3564 755,3524 702,3511 700,3511 698,3511 695,3511 695,3513 684,3522 682,3524 669,3522 631,3513 629,3513 550,3517 463,3524 433,3515 424,3513 421,3513 419,3513 417,3513 408,3515 380,3524 368,3513 366,3513 366,3511 364,3511 362,3511 315,3511 313,3511 311,3511 302,3513 254,3524 192,3511 192,3564"/>
        <Baseline points="192,3564 755,3564"/>
        <TextEquiv conf="0.8007654490379187">
          <Unicode>Rareta Font Ronen —t e 11.</Unicode>
        </TextEquiv>
      </TextLine>
      <TextLine id="eSc_line_b94bb56b" custom="structure {type:default;}">
        <Coords points="2339,3581 2348,3632 2401,3617 2394,3573 2386,3533 2372,3524 2370,3524 2368,3524 2366,3524 2364,3524 2333,3539 2339,3581"/>
        <Baseline points="2339,3581 2394,3573"/>
        <TextEquiv conf="0.9999366998672485">
          <Unicode>3:</Unicode>
        </TextEquiv>
      </TextLine>
    </TextRegion>
    <TextRegion id="eSc_textblock_9207d7fc"  custom="structure {type:default;}">
      <Coords points="947,167 1869,167 1877,253 927,271 910,212 947,167"/>
      <TextLine id="eSc_line_238d64b3" custom="structure {type:default;}">
        <Coords points="1794,167 1774,167 1630,178 1570,167 1551,167 1533,167 1422,178 1400,167 1396,167 1383,167 1347,181 1036,167 1034,167 1031,167 1029,167 1011,181 972,170 969,170 967,170 965,170 932,183 934,236 934,260 1855,256 1858,231 1855,181 1816,167 1794,167"/>
        <Baseline points="934,236 1858,231"/>
        <TextEquiv conf="0.9998729014396668">
          <Unicode>ALEXANDER III. 1159—1181.</Unicode>
        </TextEquiv>
      </TextLine>
    </TextRegion>
    <TextRegion id="eSc_textblock_7fd5e9d9"  custom="structure {type:default;}">
      <Coords points="2545,167 2697,176 2706,245 2540,271 2514,220 2545,167"/>
      <TextLine id="eSc_line_3f33d0e7" custom="structure {type:default;}">
        <Coords points="2646,172 2624,172 2602,170 2596,170 2543,172 2536,176 2543,238 2543,260 2666,265 2666,229 2657,172 2646,172"/>
        <Baseline points="2543,238 2666,229"/>
        <TextEquiv conf="0.9999141494433085">
          <Unicode>289</Unicode>
        </TextEquiv>
      </TextLine>
    </TextRegion>
  </Page>
</PcGts>
