<?xml version="1.0" encoding="UTF-8"  standalone="yes"?>
<PcGts xmlns="http://schema.primaresearch.org/PAGE/gts/pagecontent/2019-07-15" xmlns:xsi="http://www.w3.org/2001/XMLSchema-instance" xsi:schemaLocation="http://schema.primaresearch.org/PAGE/gts/pagecontent/2019-07-15 http://schema.primaresearch.org/PAGE/gts/pagecontent/2019-07-15/pagecontent.xsd">
  <Metadata>
	<Creator>escriptorium</Creator>
	<Created>2024-07-19T10:11:02.192109+00:00</Created>
        <LastChange>2024-08-08T08:39:57.955278+00:00</LastChange>
  </Metadata>
  <Page imageFilename="0312.png" imageWidth="3007" imageHeight="3975">
    <TextRegion id="eSc_textblock_01c8ccac"  custom="structure {type:default;}">
      <Coords points="744,300 2741,309 2733,3213 2724,3460 2688,3531 2443,3522 2423,3575 2311,3575 2238,3522 768,3531 715,3522 704,3460 660,3504 450,3495 421,3080 395,3495 176,3486 132,3080 150,2438 123,2259 150,2100 159,406 203,326 386,318 430,406 450,318 704,344 744,300"/>
      <TextLine id="eSc_line_476c7f37" custom="structure {type:default;}">
        <Coords points="2649,306 2626,306 2604,306 2582,306 2560,306 2545,306 2326,311 2311,306 2295,306 2273,306 2251,306 2244,304 2240,306 2202,311 2151,306 2123,304 2118,304 2096,304 2074,304 2052,304 2030,304 2021,304 2012,309 2001,315 1906,315 1869,309 1829,304 1809,304 1787,304 1765,304 1763,304 1727,311 1710,313 1699,311 1668,302 1654,302 1648,302 1630,311 1626,315 1546,315 1533,311 1480,302 1478,302 1455,302 1451,302 1374,313 1352,318 1049,318 1047,315 1009,302 1007,302 744,302 726,315 707,335 707,362 707,382 799,395 802,395 804,395 830,384 883,395 885,395 888,395 932,384 934,384 1177,395 1179,395 1478,384 1553,382 1749,382 1758,384 1780,393 1782,393 1785,393 1895,384 1935,382 2660,384 2662,355 2655,306 2649,306"/>
        <Baseline points="707,362 2662,355"/>
        <TextEquiv conf="0.9862378325727251">
          <Unicode>1176. (Ind. 9. — 25. Sept. — 10, pont. a. 17. — 20. Sept. — 18, 1175. — 25. Mart. — 1176.)</Unicode>
        </TextEquiv>
      </TextLine>
      <TextLine id="eSc_line_70ed4813" custom="structure {type:default;}">
        <Coords points="444,426 444,459 673,452 673,421 669,373 441,371 444,426"/>
        <Baseline points="444,426 673,421"/>
        <TextEquiv conf="0.999998077750206">
          <Unicode>Anagniae</Unicode>
        </TextEquiv>
      </TextLine>
      <TextLine id="eSc_line_d7f4fc61" custom="structure {type:default;}">
        <Coords points="740,426 740,448 2706,446 2708,421 2704,384 737,379 740,426"/>
        <Baseline points="740,426 2708,421"/>
        <TextEquiv conf="0.9963472944039565">
          <Unicode>12722 (8437) Ecclesiam Aquileiensem tuendam suscipit, canonicorumque bona con-</Unicode>
        </TextEquiv>
      </TextLine>
      <TextLine id="eSc_line_1bebd21f" custom="structure {type:default;}">
        <Coords points="190,432 190,454 406,450 406,428 402,390 187,375 190,432"/>
        <Baseline points="190,432 406,428"/>
        <TextEquiv conf="0.9993317127227783">
          <Unicode>Iul. 7.</Unicode>
        </TextEquiv>
      </TextLine>
      <TextLine id="eSc_line_b717047a" custom="structure {type:default;}">
        <Coords points="786,479 786,510 1369,505 1385,512 1389,516 1391,516 1394,516 1396,518 1533,518 1533,516 1579,514 1687,505 1767,514 1791,516 1794,516 1809,514 1864,505 1931,514 1948,516 1950,516 1970,514 2054,505 2180,516 2200,516 2202,516 2204,516 2207,516 2229,505 2246,516 2249,516 2251,516 2253,518 2543,518 2543,516 2545,516 2571,505 2704,516 2706,479 2706,446 786,446 786,479"/>
        <Baseline points="786,479 2706,479"/>
        <TextEquiv conf="0.9937064301820449">
          <Unicode>firmat, petente Valderico praeposito. Ughelli It. sacr. V. 69, Migne 200 p. 1077.</Unicode>
        </TextEquiv>
      </TextLine>
      <TextLine id="eSc_line_5392ad9a" custom="structure {type:default;}">
        <Coords points="790,532 790,556 1056,563 1058,563 1060,563 1082,554 1084,552 1087,554 1102,563 1104,563 1106,563 1109,565 1224,565 1224,563 1285,549 1285,532 1283,496 790,499 790,532"/>
        <Baseline points="790,532 1285,532"/>
        <TextEquiv conf="0.9999938845634461">
          <Unicode>— „Quoties illud a“.</Unicode>
        </TextEquiv>
      </TextLine>
      <TextLine id="eSc_line_4e80eb63" custom="structure {type:default;}">
        <Coords points="740,587 740,611 2706,607 2708,583 2704,549 737,549 740,587"/>
        <Baseline points="740,587 2708,583"/>
        <TextEquiv conf="0.9995940417744392">
          <Unicode>12723 Ecclesiae Vetiolanensis tutelam suscipit, possessionesque ac iura confirmat, pe-</Unicode>
        </TextEquiv>
      </TextLine>
      <TextLine id="eSc_line_1e69cbe9" custom="structure {type:default;}">
        <Coords points="223,596 223,627 402,618 402,587 397,549 351,541 349,541 220,556 223,596"/>
        <Baseline points="223,596 402,587"/>
        <TextEquiv conf="0.9999999284744263">
          <Unicode>„ 10.</Unicode>
        </TextEquiv>
      </TextLine>
      <TextLine id="eSc_line_9e744251" custom="structure {type:default;}">
        <Coords points="523,600 519,666 607,680 614,605 612,554 523,554 523,600"/>
        <Baseline points="523,600 614,605"/>
        <TextEquiv conf="1.0">
          <Unicode>„</Unicode>
        </TextEquiv>
      </TextLine>
      <TextLine id="eSc_line_978d134b" custom="structure {type:default;}">
        <Coords points="786,642 786,669 2710,669 2710,642 2710,609 786,605 786,642"/>
        <Baseline points="786,642 2710,642"/>
        <TextEquiv conf="0.9987745818703674">
          <Unicode>tente Guidone praeposito. (Subscriptiones valde sunt corruptae). Miscellanea di storia</Unicode>
        </TextEquiv>
      </TextLine>
      <TextLine id="eSc_line_efe66f5a" custom="structure {type:default;}">
        <Coords points="788,697 788,719 1628,719 1628,697 1628,666 788,666 788,697"/>
        <Baseline points="788,697 1628,697"/>
        <TextEquiv conf="0.9999861683164324">
          <Unicode>Italiana I 304. — „Effectum iusta“.</Unicode>
        </TextEquiv>
      </TextLine>
      <TextLine id="eSc_line_2bfaee01" custom="structure {type:default;}">
        <Coords points="744,755 744,777 2704,779 2708,750 2702,711 742,715 744,755"/>
        <Baseline points="744,755 2708,750"/>
        <TextEquiv conf="0.9998605431694734">
          <Unicode>12724 Concordiam inter Simonem, abbatem Sublacensem, et Philippum de Maranis</Unicode>
        </TextEquiv>
      </TextLine>
      <TextLine id="eSc_line_94136f5b" custom="structure {type:default;}">
        <Coords points="220,759 220,792 404,783 404,759 404,724 220,724 220,759"/>
        <Baseline points="220,759 404,759"/>
        <TextEquiv conf="0.9968081831932067">
          <Unicode>„ 11.</Unicode>
        </TextEquiv>
      </TextLine>
      <TextLine id="eSc_line_36537f24" custom="structure {type:default;}">
        <Coords points="523,766 521,781 607,788 612,770 609,715 523,724 523,766"/>
        <Baseline points="523,766 612,770"/>
        <TextEquiv conf="1.0">
          <Unicode>„</Unicode>
        </TextEquiv>
      </TextLine>
      <TextLine id="eSc_line_cf61ced2" custom="structure {type:default;}">
        <Coords points="786,810 786,832 2704,834 2708,806 2704,775 1760,764 1758,764 784,777 786,810"/>
        <Baseline points="786,810 2708,806"/>
        <TextEquiv conf="0.9977478604941141">
          <Unicode>super castro Gennae aliisque factam confirmat. Bibl. de i&#x27;école des chartes XXXVIII.</Unicode>
        </TextEquiv>
      </TextLine>
      <TextLine id="eSc_line_91df76d5" custom="structure {type:default;}">
        <Coords points="793,865 793,889 2702,894 2706,861 2702,830 1749,819 1747,819 1745,819 1696,830 813,821 810,821 808,821 806,821 790,828 793,865"/>
        <Baseline points="793,865 2706,861"/>
        <TextEquiv conf="0.9911180332649586">
          <Unicode>1877. p. 110, (Berger Les Reg. d&#x27;Innoc. IV. I. 15. n. 56, Pflugk-Harttung Iter p. 280.</Unicode>
        </TextEquiv>
      </TextLine>
      <TextLine id="eSc_line_8246bcb1" custom="structure {type:default;}">
        <Coords points="786,916 786,940 1323,945 1325,945 1327,945 1376,931 1376,912 1369,878 784,883 786,916"/>
        <Baseline points="786,916 1376,912"/>
        <TextEquiv conf="0.9846914799317069">
          <Unicode>n. 662.) — „Cum inter“.</Unicode>
        </TextEquiv>
      </TextLine>
      <TextLine id="eSc_line_130190e6" custom="structure {type:default;}">
        <Coords points="742,973 742,998 2704,1002 2708,969 2704,934 740,934 742,973"/>
        <Baseline points="742,973 2708,969"/>
        <TextEquiv conf="0.9977366364583736">
          <Unicode>12725 „Concessionem in feudum castri Gennarum, factam Philippo de Marano et filiis</Unicode>
        </TextEquiv>
      </TextLine>
      <TextLine id="eSc_line_cb1c388f" custom="structure {type:default;}">
        <Coords points="218,978 218,1011 391,1011 391,1009 393,1009 395,1009 395,1007 397,1007 402,1000 402,973 395,929 216,931 218,978"/>
        <Baseline points="218,978 402,973"/>
        <TextEquiv conf="0.9998767614364624">
          <Unicode>„ 11.</Unicode>
        </TextEquiv>
      </TextLine>
      <TextLine id="eSc_line_83b055e0" custom="structure {type:default;}">
        <Coords points="528,984 525,1000 603,1013 607,989 607,938 530,936 528,984"/>
        <Baseline points="528,984 607,989"/>
        <TextEquiv conf="1.0">
          <Unicode>„</Unicode>
        </TextEquiv>
      </TextLine>
      <TextLine id="eSc_line_2e4ca53e" custom="structure {type:default;}">
        <Coords points="786,1029 786,1048 2032,1046 2034,1024 2030,995 1972,982 1970,982 1968,982 1924,993 1924,995 1634,995 1632,993 1615,982 1612,982 1610,982 1608,982 1606,982 1564,993 1559,993 1548,993 1455,982 1453,982 1343,991 1299,995 1281,991 1252,984 1250,984 1248,984 1210,991 1186,995 1159,991 1117,984 1115,984 784,989 786,1029"/>
        <Baseline points="786,1029 2034,1024"/>
        <TextEquiv conf="0.9992172200724764">
          <Unicode>eius confirmat“. Pflugk-Harttung Iter p. 280. n. 661.</Unicode>
        </TextEquiv>
      </TextLine>
      <TextLine id="eSc_line_1a814edd" custom="structure {type:default;}">
        <Coords points="735,1084 735,1108 2704,1101 2706,1077 2702,1044 733,1044 735,1084"/>
        <Baseline points="735,1084 2706,1077"/>
        <TextEquiv conf="0.9926920382455847">
          <Unicode>12726 Fulconi decano et capitulo Remensi significat, confirmare se constitutionem super</Unicode>
        </TextEquiv>
      </TextLine>
      <TextLine id="eSc_line_d65fb7fb" custom="structure {type:default;}">
        <Coords points="220,1088 223,1119 269,1101 315,1113 342,1117 344,1117 402,1104 402,1084 395,1046 218,1048 220,1088"/>
        <Baseline points="220,1088 402,1084"/>
        <TextEquiv conf="0.9999960422515869">
          <Unicode>„ 15.</Unicode>
        </TextEquiv>
      </TextLine>
      <TextLine id="eSc_line_c15e1010" custom="structure {type:default;}">
        <Coords points="523,1093 519,1157 605,1166 612,1097 609,1044 523,1048 523,1093"/>
        <Baseline points="523,1093 612,1097"/>
        <TextEquiv conf="1.0">
          <Unicode>„</Unicode>
        </TextEquiv>
      </TextLine>
      <TextLine id="eSc_line_2b5d9e88" custom="structure {type:default;}">
        <Coords points="786,1137 786,1161 2702,1163 2706,1132 2699,1101 784,1104 786,1137"/>
        <Baseline points="786,1137 2706,1132"/>
        <TextEquiv conf="0.999507508700407">
          <Unicode>fructibus praebendarum distribuendis, a Samsone quondam archiepiscopo factam et</Unicode>
        </TextEquiv>
      </TextLine>
      <TextLine id="eSc_line_8ca21c6a" custom="structure {type:default;}">
        <Coords points="788,1194 788,1219 2704,1214 2706,1188 2699,1157 786,1161 788,1194"/>
        <Baseline points="788,1194 2706,1188"/>
        <TextEquiv conf="0.9995007093359785">
          <Unicode>a b. m. Henrico roboratam. Cop. authent. a. 1320 in bibl. nat. Paris. Coll. Baluze</Unicode>
        </TextEquiv>
      </TextLine>
      <TextLine id="eSc_line_c65d95ed" custom="structure {type:default;}">
        <Coords points="786,1247 786,1267 1612,1267 1612,1247 1612,1214 786,1212 786,1247"/>
        <Baseline points="786,1247 1612,1247"/>
        <TextEquiv conf="0.9999965140313813">
          <Unicode>385. n. 236. — „Pervenit ad nos“.</Unicode>
        </TextEquiv>
      </TextLine>
      <TextLine id="eSc_line_d0b1da25" custom="structure {type:default;}">
        <Coords points="735,1305 735,1327 2704,1331 2708,1300 2702,1256 2258,1263 2240,1258 2220,1252 2218,1252 2216,1252 2176,1258 2149,1263 2143,1258 2132,1252 2129,1252 2127,1252 1745,1252 1743,1252 1741,1252 1707,1263 1694,1265 1676,1263 1632,1254 1630,1254 1464,1263 1422,1265 1418,1263 1405,1254 1402,1254 1400,1254 1398,1254 1396,1254 1376,1265 1372,1267 1195,1267 1186,1265 1087,1254 1084,1254 998,1265 983,1254 980,1254 978,1254 748,1254 746,1254 744,1254 742,1254 733,1258 735,1305"/>
        <Baseline points="735,1305 2708,1300"/>
        <TextEquiv conf="0.9955624501372493">
          <Unicode>12727 Monasterii S. Germani de Pratis Parisiensis tutelam suscipit, possessionesque et</Unicode>
        </TextEquiv>
      </TextLine>
      <TextLine id="eSc_line_0501cfd6" custom="structure {type:default;}">
        <Coords points="225,1309 225,1336 399,1336 399,1302 393,1245 223,1267 225,1309"/>
        <Baseline points="225,1309 399,1302"/>
        <TextEquiv conf="0.9989813208580017">
          <Unicode>„ 20.</Unicode>
        </TextEquiv>
      </TextLine>
      <TextLine id="eSc_line_0a6b8220" custom="structure {type:default;}">
        <Coords points="521,1316 521,1391 612,1389 612,1313 607,1243 519,1241 521,1316"/>
        <Baseline points="521,1316 612,1313"/>
        <TextEquiv conf="1.0">
          <Unicode>„</Unicode>
        </TextEquiv>
      </TextLine>
      <TextLine id="eSc_line_02aeca25" custom="structure {type:default;}">
        <Coords points="786,1360 786,1384 2704,1382 2706,1355 2702,1320 846,1316 843,1316 784,1327 786,1360"/>
        <Baseline points="786,1360 2706,1355"/>
        <TextEquiv conf="0.9887056551700415">
          <Unicode>privilegia confirmat, petente Hugone abbate. Autogr. in tab. nat. Paris. L. 231 n. 47.</Unicode>
        </TextEquiv>
      </TextLine>
      <TextLine id="eSc_line_468fe7ae" custom="structure {type:default;}">
        <Coords points="786,1413 786,1446 1829,1435 2704,1444 2708,1408 2702,1373 784,1380 786,1413"/>
        <Baseline points="786,1413 2708,1408"/>
        <TextEquiv conf="0.9973526603874119">
          <Unicode>(Ex chartul. S. Germani de Pratis LL. 1024. f. 13 in tabul. nat. Paris. misit Delisle.)</Unicode>
        </TextEquiv>
      </TextLine>
      <TextLine id="eSc_line_a765937b" custom="structure {type:default;}">
        <Coords points="793,1464 790,1479 1113,1497 1115,1497 1334,1484 1336,1468 1334,1437 793,1433 793,1464"/>
        <Baseline points="793,1464 1336,1468"/>
        <TextEquiv conf="0.9993707212534818">
          <Unicode>— „In eminenti beati“.</Unicode>
        </TextEquiv>
      </TextLine>
      <TextLine id="eSc_line_9f78dce2" custom="structure {type:default;}">
        <Coords points="737,1523 737,1548 2704,1541 2706,1517 2702,1481 735,1479 737,1523"/>
        <Baseline points="737,1523 2706,1517"/>
        <TextEquiv conf="0.9938563115625496">
          <Unicode>12728 (8438) Parthenonis S. Mariae Suessionensis sororibus, concedit, „ut donec nu-</Unicode>
        </TextEquiv>
      </TextLine>
      <TextLine id="eSc_line_88d630b8" custom="structure {type:default;}">
        <Coords points="218,1528 218,1552 399,1550 399,1523 393,1477 216,1486 218,1528"/>
        <Baseline points="218,1528 399,1523"/>
        <TextEquiv conf="0.9803969264030457">
          <Unicode>„ 21.</Unicode>
        </TextEquiv>
      </TextLine>
      <TextLine id="eSc_line_28c50d05" custom="structure {type:default;}">
        <Coords points="521,1539 521,1563 561,1576 563,1576 565,1576 567,1576 616,1554 616,1539 614,1417 521,1422 521,1539"/>
        <Baseline points="521,1539 616,1539"/>
        <TextEquiv conf="0.9999690055847168">
          <Unicode>„</Unicode>
        </TextEquiv>
      </TextLine>
      <TextLine id="eSc_line_c3e5af19" custom="structure {type:default;}">
        <Coords points="786,1578 786,1601 2699,1603 2704,1572 2699,1543 784,1543 786,1578"/>
        <Baseline points="786,1578 2704,1572"/>
        <TextEquiv conf="0.999181364591305">
          <Unicode>merus monialium ad octogenarium reducatur, nullam nisi urgente mortis articulo</Unicode>
        </TextEquiv>
      </TextLine>
      <TextLine id="eSc_line_446aa9f4" custom="structure {type:default;}">
        <Coords points="786,1634 786,1656 2704,1651 2706,1629 2699,1594 784,1601 786,1634"/>
        <Baseline points="786,1634 2706,1629"/>
        <TextEquiv conf="0.9982730459563339">
          <Unicode>in sororem recipere, aut numerum ipsum, cum ad eum redactae fuerint, transgredi</Unicode>
        </TextEquiv>
      </TextLine>
      <TextLine id="eSc_line_05526faf" custom="structure {type:default;}">
        <Coords points="786,1687 786,1713 2260,1720 2262,1720 2264,1720 2299,1709 2302,1709 2304,1709 2330,1720 2333,1720 2335,1722 2607,1722 2607,1720 2702,1707 2704,1682 2697,1654 784,1656 786,1687"/>
        <Baseline points="786,1687 2704,1682"/>
        <TextEquiv conf="0.9966308639237755">
          <Unicode>debeant“. Germain Hist. de Notre-dame de Soiss. p. 442, Migne 200 p. 1079. —</Unicode>
        </TextEquiv>
      </TextLine>
      <TextLine id="eSc_line_36e2ec90" custom="structure {type:default;}">
        <Coords points="788,1744 788,1766 1288,1757 1290,1740 1288,1709 1248,1698 1246,1698 1243,1698 786,1709 788,1744"/>
        <Baseline points="788,1744 1290,1740"/>
        <TextEquiv conf="0.9807916969060898">
          <Unicode>„Cum in monasterio“.</Unicode>
        </TextEquiv>
      </TextLine>
      <TextLine id="eSc_line_6d877dd4" custom="structure {type:default;}">
        <Coords points="220,1799 220,1828 395,1828 395,1793 391,1757 218,1753 220,1799"/>
        <Baseline points="220,1799 395,1793"/>
        <TextEquiv conf="0.9999949693679809">
          <Unicode>„ 30.</Unicode>
        </TextEquiv>
      </TextLine>
      <TextLine id="eSc_line_d3b2311a" custom="structure {type:default;}">
        <Coords points="735,1799 737,1835 775,1824 2704,1824 2706,1790 2699,1749 733,1760 735,1799"/>
        <Baseline points="735,1799 2706,1790"/>
        <TextEquiv conf="0.9953236295733341">
          <Unicode>12729 Episcopos Scotiae ab Hen(rico) Anglorum rege iurare coactos esse, quod ecclesiae</Unicode>
        </TextEquiv>
      </TextLine>
      <TextLine id="eSc_line_2edb85a2" custom="structure {type:default;}">
        <Coords points="519,1815 519,1877 614,1883 616,1815 616,1760 519,1751 519,1815"/>
        <Baseline points="519,1815 616,1815"/>
        <TextEquiv conf="1.0">
          <Unicode>„</Unicode>
        </TextEquiv>
      </TextLine>
      <TextLine id="eSc_line_ed3f5fed" custom="structure {type:default;}">
        <Coords points="790,1855 790,1879 2702,1870 2704,1846 2699,1817 788,1817 790,1855"/>
        <Baseline points="790,1855 2704,1846"/>
        <TextEquiv conf="0.9922880767339683">
          <Unicode>Anglicanae obedirent, vehementer dolet. Scribit, mandasse se (Rogero) archiepiscopo</Unicode>
        </TextEquiv>
      </TextLine>
      <TextLine id="eSc_line_0acc10bb" custom="structure {type:default;}">
        <Coords points="786,1908 786,1930 2702,1925 2704,1903 2699,1872 784,1870 786,1908"/>
        <Baseline points="786,1908 2704,1903"/>
        <TextEquiv conf="0.9999821753036685">
          <Unicode>Eboracensi, ut „in eos ius metropoliticum non exerceat“, donec causa a sese termi-</Unicode>
        </TextEquiv>
      </TextLine>
      <TextLine id="eSc_line_6ad6b20e" custom="structure {type:default;}">
        <Coords points="788,1965 788,1989 2697,1980 2699,1958 2693,1927 786,1932 788,1965"/>
        <Baseline points="788,1965 2699,1958"/>
        <TextEquiv conf="0.987790827397947">
          <Unicode>nata sit. Registr. ep. Glasguens. I. 35, Haddan and Stubbs Councils II. I. 245. —</Unicode>
        </TextEquiv>
      </TextLine>
      <TextLine id="eSc_line_83e03101" custom="structure {type:default;}">
        <Coords points="788,2020 788,2049 1272,2033 1274,2016 1268,1985 786,1987 788,2020"/>
        <Baseline points="788,2020 1274,2016"/>
        <TextEquiv conf="0.9999999545869374">
          <Unicode>„Super anxietatibus“.</Unicode>
        </TextEquiv>
      </TextLine>
      <TextLine id="eSc_line_75c02831" custom="structure {type:default;}">
        <Coords points="218,2071 218,2102 397,2097 397,2071 397,2031 218,2031 218,2071"/>
        <Baseline points="218,2071 397,2071"/>
        <TextEquiv conf="0.9999861240386962">
          <Unicode>„ 31.</Unicode>
        </TextEquiv>
      </TextLine>
      <TextLine id="eSc_line_506fa9a9" custom="structure {type:default;}">
        <Coords points="733,2075 733,2100 2706,2086 2706,2067 2702,2027 1712,2020 1710,2020 1707,2020 1674,2031 1668,2031 1608,2031 1285,2022 1283,2022 1226,2031 1215,2036 731,2036 733,2075"/>
        <Baseline points="733,2075 2706,2067"/>
        <TextEquiv conf="0.9915692497448749">
          <Unicode>12730 Priori et capitulo monasterii S. Augustini Cantuariensis asserit ecclesiam de</Unicode>
        </TextEquiv>
      </TextLine>
      <TextLine id="eSc_line_b858abfc" custom="structure {type:default;}">
        <Coords points="521,2086 521,2126 614,2113 614,2086 612,2031 521,2031 521,2086"/>
        <Baseline points="521,2086 614,2086"/>
        <TextEquiv conf="0.9999991655349731">
          <Unicode>„</Unicode>
        </TextEquiv>
      </TextLine>
      <TextLine id="eSc_line_2951cd19" custom="structure {type:default;}">
        <Coords points="788,2126 788,2153 2706,2150 2706,2126 2706,2095 788,2091 788,2126"/>
        <Baseline points="788,2126 2706,2126"/>
        <TextEquiv conf="0.9994723689125244">
          <Unicode>Middletone, ecclesiam de Faversham, cet. Monast. Anglic. nov. ed. I. 134. — „Iustis</Unicode>
        </TextEquiv>
      </TextLine>
      <TextLine id="eSc_line_35368ebe" custom="structure {type:default;}">
        <Coords points="784,2181 784,2206 1277,2201 1277,2181 1277,2148 784,2148 784,2181"/>
        <Baseline points="784,2181 1277,2181"/>
        <TextEquiv conf="0.9997824863954023">
          <Unicode>petentium desideriis“.</Unicode>
        </TextEquiv>
      </TextLine>
      <TextLine id="eSc_line_4d004666" custom="structure {type:default;}">
        <Coords points="165,2234 165,2261 322,2270 324,2270 406,2254 406,2228 402,2124 373,2108 371,2108 368,2108 289,2122 251,2128 161,2120 165,2234"/>
        <Baseline points="165,2234 406,2228"/>
        <TextEquiv conf="0.7975533058245977">
          <Unicode>daseg.</Unicode>
        </TextEquiv>
      </TextLine>
      <TextLine id="eSc_line_e7645049" custom="structure {type:default;}">
        <Coords points="740,2239 740,2263 2702,2254 2704,2230 2699,2195 2518,2195 2498,2181 2496,2181 2494,2181 2492,2181 2489,2181 2487,2181 2470,2195 2326,2195 2118,2195 2116,2195 2074,2184 2072,2184 2070,2184 1847,2195 1785,2184 1782,2184 1562,2186 1559,2186 1557,2186 1542,2197 1539,2197 1513,2197 1283,2186 1281,2186 1279,2186 1237,2197 1226,2201 799,2201 797,2199 775,2188 773,2188 771,2188 768,2188 737,2197 740,2239"/>
        <Baseline points="740,2239 2704,2230"/>
        <TextEquiv conf="0.9955884654854619">
          <Unicode>12731 Ecclesiae S. Andreae Moscianensis possessiones et iura confirmat, petente Angelo</Unicode>
        </TextEquiv>
      </TextLine>
      <TextLine id="eSc_line_1c567cf2" custom="structure {type:default;}">
        <Coords points="519,2254 519,2279 556,2298 558,2298 561,2298 605,2292 605,2254 605,2210 519,2210 519,2254"/>
        <Baseline points="519,2254 605,2254"/>
        <TextEquiv conf="0.9009027481079102">
          <Unicode>„</Unicode>
        </TextEquiv>
      </TextLine>
      <TextLine id="eSc_line_e82df7b4" custom="structure {type:default;}">
        <Coords points="786,2294 786,2320 983,2312 1005,2320 1018,2325 1020,2325 1022,2325 1073,2318 1131,2312 1166,2318 1204,2325 1206,2325 1208,2325 1210,2325 1219,2318 1228,2312 1288,2312 1305,2316 1332,2325 1334,2325 1336,2325 1338,2325 1367,2316 1394,2309 1436,2316 1484,2323 1486,2323 1528,2314 1548,2312 1637,2314 1906,2323 1908,2323 1911,2323 1933,2312 1937,2309 1948,2312 2003,2320 2006,2320 2008,2320 2048,2309 2061,2307 2125,2307 2129,2309 2143,2320 2145,2320 2147,2320 2149,2323 2346,2323 2346,2320 2348,2320 2377,2309 2476,2320 2478,2320 2481,2320 2527,2305 2527,2287 2523,2259 1966,2248 1964,2248 1961,2248 1959,2248 1939,2259 1400,2250 1398,2250 1396,2250 1360,2261 832,2252 830,2252 828,2252 784,2263 786,2294"/>
        <Baseline points="786,2294 2527,2287"/>
        <TextEquiv conf="0.9965153503417968">
          <Unicode>priore. („XV. kal. . . .“) Pflugk-Harttung Iter p. 280. — „Quotiens illud“.</Unicode>
        </TextEquiv>
      </TextLine>
      <TextLine id="eSc_line_7b073097" custom="structure {type:default;}">
        <Coords points="181,2340 181,2382 395,2371 395,2340 393,2287 285,2305 181,2285 181,2340"/>
        <Baseline points="181,2340 395,2340"/>
        <TextEquiv conf="0.9963936135172844">
          <Unicode>Sept. 2.</Unicode>
        </TextEquiv>
      </TextLine>
      <TextLine id="eSc_line_d4436f5a" custom="structure {type:default;}">
        <Coords points="737,2345 737,2369 2699,2376 2702,2345 2702,2316 737,2314 737,2345"/>
        <Baseline points="737,2345 2702,2345"/>
        <TextEquiv conf="0.9978198107551126">
          <Unicode>12732 (8442) Monasterii Lenensis protectionem suscipit, possessionesque ac privilegia</Unicode>
        </TextEquiv>
      </TextLine>
      <TextLine id="eSc_line_6313253e" custom="structure {type:default;}">
        <Coords points="523,2362 523,2376 532,2385 534,2385 536,2385 539,2385 609,2371 609,2362 609,2320 523,2320 523,2362"/>
        <Baseline points="523,2362 609,2362"/>
        <TextEquiv conf="0.9998586177825928">
          <Unicode>„</Unicode>
        </TextEquiv>
      </TextLine>
      <TextLine id="eSc_line_069d7dde" custom="structure {type:default;}">
        <Coords points="786,2400 786,2426 2702,2422 2704,2396 2697,2367 784,2369 786,2400"/>
        <Baseline points="786,2400 2704,2396"/>
        <TextEquiv conf="0.9945087350904942">
          <Unicode>confirmat, petente Daniele abbate. Zaccaria Della badia di Leno p. 238. — „Desi-</Unicode>
        </TextEquiv>
      </TextLine>
      <TextLine id="eSc_line_9cb16bbd" custom="structure {type:default;}">
        <Coords points="786,2453 784,2473 799,2486 802,2486 804,2486 806,2488 956,2488 956,2486 958,2486 961,2486 976,2475 994,2488 996,2488 998,2488 1000,2488 1208,2473 1210,2457 1208,2424 786,2422 786,2453"/>
        <Baseline points="786,2453 1210,2457"/>
        <TextEquiv conf="0.9999879598617554">
          <Unicode>derium, quod ad“.</Unicode>
        </TextEquiv>
      </TextLine>
      <TextLine id="eSc_line_cdb3384e" custom="structure {type:default;}">
        <Coords points="218,2510 218,2541 388,2537 388,2510 386,2468 218,2471 218,2510"/>
        <Baseline points="218,2510 388,2510"/>
        <TextEquiv conf="0.9999917447566986">
          <Unicode>„ 2.</Unicode>
        </TextEquiv>
      </TextLine>
      <TextLine id="eSc_line_5076c2fa" custom="structure {type:default;}">
        <Coords points="735,2515 735,2537 2697,2541 2702,2510 2697,2464 843,2464 841,2464 733,2475 735,2515"/>
        <Baseline points="735,2515 2702,2510"/>
        <TextEquiv conf="0.9973305486425569">
          <Unicode>12733 (8443) Domus Cartusiensis omniumque ordinis domuum protectionem suscipit,</Unicode>
        </TextEquiv>
      </TextLine>
      <TextLine id="eSc_line_9ee17664" custom="structure {type:default;}">
        <Coords points="514,2528 517,2585 612,2583 609,2524 605,2475 510,2475 514,2528"/>
        <Baseline points="514,2528 609,2524"/>
        <TextEquiv conf="1.0">
          <Unicode>„</Unicode>
        </TextEquiv>
      </TextLine>
      <TextLine id="eSc_line_ba9549fb" custom="structure {type:default;}">
        <Coords points="786,2566 786,2599 2699,2588 2702,2561 2695,2532 784,2532 786,2566"/>
        <Baseline points="786,2566 2702,2561"/>
        <TextEquiv conf="0.9988999714454015">
          <Unicode>possessiones confirmat, privilegia quaedam instituit, petente Guidone priore. Privi-</Unicode>
        </TextEquiv>
      </TextLine>
      <TextLine id="eSc_line_91699345" custom="structure {type:default;}">
        <Coords points="788,2621 788,2652 2699,2652 2699,2621 2699,2590 788,2590 788,2621"/>
        <Baseline points="788,2621 2699,2621"/>
        <TextEquiv conf="0.9900743806803668">
          <Unicode>legia ord. Cart. f. 1, Nova coll. stat. ord. Cart. append. p. 1, Mansi XXI. 1056,</Unicode>
        </TextEquiv>
      </TextLine>
      <TextLine id="eSc_line_83caa210" custom="structure {type:default;}">
        <Coords points="786,2676 786,2698 1022,2707 1025,2707 1027,2707 1029,2707 1038,2698 1042,2696 1051,2698 1091,2707 1093,2707 1095,2707 1117,2698 1124,2696 1144,2698 1224,2707 1226,2707 1319,2696 1332,2696 1334,2696 1345,2707 1347,2707 1349,2707 1352,2709 1469,2709 1469,2707 1471,2707 1504,2696 1509,2696 1520,2696 1639,2707 1641,2707 1643,2707 1687,2696 1690,2696 1745,2707 1747,2707 1816,2694 1816,2676 1813,2641 786,2641 786,2676"/>
        <Baseline points="786,2676 1816,2676"/>
        <TextEquiv conf="0.9996034854497665">
          <Unicode>Migne 200 p. 1080. — „Cum vos per Dei“.</Unicode>
        </TextEquiv>
      </TextLine>
      <TextLine id="eSc_line_2acf1e0f" custom="structure {type:default;}">
        <Coords points="216,2731 216,2749 399,2744 402,2727 397,2691 324,2680 322,2680 214,2694 216,2731"/>
        <Baseline points="216,2731 402,2727"/>
        <TextEquiv conf="0.999998927116394">
          <Unicode>„ 13.</Unicode>
        </TextEquiv>
      </TextLine>
      <TextLine id="eSc_line_58d3fdaf" custom="structure {type:default;}">
        <Coords points="735,2733 735,2756 2697,2753 2699,2725 2693,2689 733,2694 735,2733"/>
        <Baseline points="735,2733 2699,2725"/>
        <TextEquiv conf="0.986613854056313">
          <Unicode>12734 Waltero, abbati Westmonasterii, et eius successoribus usum mitrae, anuli, dal-</Unicode>
        </TextEquiv>
      </TextLine>
      <TextLine id="eSc_line_c2dfb37f" custom="structure {type:default;}">
        <Coords points="519,2749 519,2815 618,2811 618,2749 616,2705 519,2705 519,2749"/>
        <Baseline points="519,2749 618,2749"/>
        <TextEquiv conf="1.0">
          <Unicode>„</Unicode>
        </TextEquiv>
      </TextLine>
      <TextLine id="eSc_line_7d49a763" custom="structure {type:default;}">
        <Coords points="784,2789 784,2815 2697,2815 2699,2782 2695,2753 2149,2742 2147,2742 2059,2753 2052,2753 2026,2753 1586,2744 1584,2744 782,2756 784,2789"/>
        <Baseline points="784,2789 2699,2782"/>
        <TextEquiv conf="0.9988093029621036">
          <Unicode>maticae, tunicae, sandaliorum concedit. Monast. Anglic. nov. ed. I. 311. — „Largitione</Unicode>
        </TextEquiv>
      </TextLine>
      <TextLine id="eSc_line_cb9a5950" custom="structure {type:default;}">
        <Coords points="784,2842 784,2866 1151,2866 1153,2837 1146,2806 782,2809 784,2842"/>
        <Baseline points="784,2842 1153,2837"/>
        <TextEquiv conf="0.9999901354312897">
          <Unicode>nostri muneris“.</Unicode>
        </TextEquiv>
      </TextLine>
      <TextLine id="eSc_line_cd372cce" custom="structure {type:default;}">
        <Coords points="214,2923 402,2919 402,2897 402,2853 360,2837 357,2837 355,2837 278,2848 234,2853 216,2844 214,2897 214,2923"/>
        <Baseline points="214,2897 402,2897"/>
        <TextEquiv conf="0.9999993324279786">
          <Unicode>„ 19.</Unicode>
        </TextEquiv>
      </TextLine>
      <TextLine id="eSc_line_d77fcf83" custom="structure {type:default;}">
        <Coords points="735,2897 735,2923 2702,2923 2702,2892 2697,2857 2573,2844 2571,2844 2189,2853 2112,2855 2021,2853 1718,2844 1716,2844 1714,2844 1685,2850 1661,2857 1612,2850 1568,2846 1566,2846 1462,2850 1319,2857 1257,2850 1224,2846 1221,2846 1184,2848 1100,2857 733,2848 735,2897"/>
        <Baseline points="735,2897 2702,2892"/>
        <TextEquiv conf="0.9961216498823727">
          <Unicode>12735 Parthenonis de Comps tutelam suscipit, bonaque et iura confirmat. In bibl. nat.</Unicode>
        </TextEquiv>
      </TextLine>
      <TextLine id="eSc_line_32a96ce2" custom="structure {type:default;}">
        <Coords points="514,2912 514,2987 616,2987 616,2912 616,2855 514,2855 514,2912"/>
        <Baseline points="514,2912 616,2912"/>
        <TextEquiv conf="1.0">
          <Unicode>„</Unicode>
        </TextEquiv>
      </TextLine>
      <TextLine id="eSc_line_72a0d524" custom="structure {type:default;}">
        <Coords points="786,2945 784,2968 2695,2972 2699,2950 2697,2919 786,2915 786,2945"/>
        <Baseline points="786,2945 2699,2950"/>
        <TextEquiv conf="0.9946202841543016">
          <Unicode>Paris. ms. lat. 12750. f. 199, ms. lat. 12818. f. 272. (Mém. de l&#x27;acad. de Clermont-</Unicode>
        </TextEquiv>
      </TextLine>
      <TextLine id="eSc_line_b3e4abd5" custom="structure {type:default;}">
        <Coords points="786,3005 786,3027 2600,3027 2600,3005 2600,2974 786,2970 786,3005"/>
        <Baseline points="786,3005 2600,3005"/>
        <TextEquiv conf="0.9961728556950887">
          <Unicode>Ferrand XIX. 294, Mon. pont. Arverniae p. 302.) — „Prudentibus virginibus“.</Unicode>
        </TextEquiv>
      </TextLine>
      <TextLine id="eSc_line_6a3dea59" custom="structure {type:default;}">
        <Coords points="181,3051 178,3093 234,3093 236,3093 254,3109 256,3109 258,3109 260,3109 397,3093 399,3058 399,3009 366,2996 364,2996 362,2996 360,2996 333,3007 254,2994 251,2994 181,3003 181,3051"/>
        <Baseline points="181,3051 399,3058"/>
        <TextEquiv conf="0.9032739102840424">
          <Unicode>Oct. 15.</Unicode>
        </TextEquiv>
      </TextLine>
      <TextLine id="eSc_line_268ecfdd" custom="structure {type:default;}">
        <Coords points="735,3060 735,3091 2697,3093 2699,3060 2697,3023 735,3025 735,3060"/>
        <Baseline points="735,3060 2699,3060"/>
        <TextEquiv conf="0.9940091357344673">
          <Unicode>12736 Ecclesiae S. Mariae de Vigesimo possessiones confirmat, petente Hugone priore.</Unicode>
        </TextEquiv>
      </TextLine>
      <TextLine id="eSc_line_980e947e" custom="structure {type:default;}">
        <Coords points="523,3069 519,3107 605,3104 609,3076 607,3007 576,3016 528,3005 523,3069"/>
        <Baseline points="523,3069 609,3076"/>
        <TextEquiv conf="1.0">
          <Unicode>„</Unicode>
        </TextEquiv>
      </TextLine>
      <TextLine id="eSc_line_b63aa691" custom="structure {type:default;}">
        <Coords points="784,3115 784,3135 1142,3146 1144,3146 1146,3146 1148,3146 1162,3135 1175,3144 1177,3144 1179,3144 1182,3144 1246,3133 1252,3133 1268,3144 1270,3144 1272,3144 1274,3144 1277,3144 1316,3133 1321,3133 1323,3133 1383,3144 1385,3144 1520,3131 1537,3131 1544,3131 1579,3142 1581,3142 1584,3144 1875,3144 1875,3142 1877,3142 1917,3129 1917,3109 1913,3076 795,3074 793,3074 790,3074 788,3074 788,3076 782,3080 784,3115"/>
        <Baseline points="784,3115 1917,3109"/>
        <TextEquiv conf="0.9999727134903272">
          <Unicode>Pflugk-Harttung Iter p. 280. — „Quotiens illud“.</Unicode>
        </TextEquiv>
      </TextLine>
      <TextLine id="eSc_line_ec32a8b8" custom="structure {type:default;}">
        <Coords points="735,3168 735,3193 2699,3191 2699,3164 2695,3133 733,3129 735,3168"/>
        <Baseline points="735,3168 2699,3164"/>
        <TextEquiv conf="0.9917746598337903">
          <Unicode>Annal. Ceccanenses 1176 in MG. SS. XIX. 286. „12 kal. Nov. venit cancellarius im-</Unicode>
        </TextEquiv>
      </TextLine>
      <TextLine id="eSc_line_eb6e9d24" custom="structure {type:default;}">
        <Coords points="216,3171 216,3191 402,3188 402,3164 397,3122 338,3111 335,3111 214,3122 216,3171"/>
        <Baseline points="216,3171 402,3164"/>
        <TextEquiv conf="0.999860966205597">
          <Unicode>„ 21.</Unicode>
        </TextEquiv>
      </TextLine>
      <TextLine id="eSc_line_e28c2594" custom="structure {type:default;}">
        <Coords points="525,3180 523,3195 558,3206 561,3206 563,3206 565,3206 594,3193 596,3184 598,3111 530,3102 525,3180"/>
        <Baseline points="525,3180 596,3184"/>
        <TextEquiv conf="1.0">
          <Unicode>„</Unicode>
        </TextEquiv>
      </TextLine>
      <TextLine id="eSc_line_04e34ba8" custom="structure {type:default;}">
        <Coords points="784,3224 784,3246 1809,3241 1811,3219 1805,3186 782,3191 784,3224"/>
        <Baseline points="784,3224 1811,3219"/>
        <TextEquiv conf="0.9999997049570084">
          <Unicode>peratoris Anagniam ad papam Alexandrum“.</Unicode>
        </TextEquiv>
      </TextLine>
      <TextLine id="eSc_line_bb2eafef" custom="structure {type:default;}">
        <Coords points="183,3274 183,3345 355,3343 355,3274 355,3237 183,3230 183,3274"/>
        <Baseline points="183,3274 355,3274"/>
        <TextEquiv conf="0.8743069668610891">
          <Unicode>(Nor.)</Unicode>
        </TextEquiv>
      </TextLine>
      <TextLine id="eSc_line_1652dc42" custom="structure {type:default;}">
        <Coords points="737,3274 735,3301 2693,3310 2697,3279 2695,3244 737,3237 737,3274"/>
        <Baseline points="737,3274 2697,3279"/>
        <TextEquiv conf="0.9935933791455769">
          <Unicode>12737 (8444) A. (Hildebrando), basilicae XIl apostororum presbytero, et A(rdicioni),</Unicode>
        </TextEquiv>
      </TextLine>
      <TextLine id="eSc_line_07f46e54" custom="structure {type:default;}">
        <Coords points="505,3286 505,3365 616,3367 618,3286 618,3235 505,3235 505,3286"/>
        <Baseline points="505,3286 618,3286"/>
        <TextEquiv conf="0.999788761138916">
          <Unicode>(„)</Unicode>
        </TextEquiv>
      </TextLine>
      <TextLine id="eSc_line_b382dc87" custom="structure {type:default;}">
        <Coords points="786,3334 786,3356 2693,3363 2697,3330 2693,3301 784,3301 786,3334"/>
        <Baseline points="786,3334 2697,3330"/>
        <TextEquiv conf="0.9974591473498976">
          <Unicode>S. Theodori diacono cardinalibus, apostolicae sedis legatis, nunciat, (Wichmannum),</Unicode>
        </TextEquiv>
      </TextLine>
      <TextLine id="eSc_line_ab9e378e" custom="structure {type:default;}">
        <Coords points="786,3387 786,3416 2695,3416 2697,3383 2691,3354 784,3356 786,3387"/>
        <Baseline points="786,3387 2697,3383"/>
        <TextEquiv conf="0.9920333161950111">
          <Unicode>archiepiscopum Magdeburgensem, C(hristianum) cancellarium (archiepiscopum Mogun-</Unicode>
        </TextEquiv>
      </TextLine>
      <TextLine id="eSc_line_53b22bdb" custom="structure {type:default;}">
        <Coords points="786,3442 786,3467 2693,3462 2695,3433 2691,3407 784,3405 786,3442"/>
        <Baseline points="786,3442 2695,3433"/>
        <TextEquiv conf="0.9996364634287985">
          <Unicode>tinum), (Conradum) electum Wormatiensem et A(rduinum), protonotarium F(ride-</Unicode>
        </TextEquiv>
      </TextLine>
      <TextLine id="eSc_line_cc9e342c" custom="structure {type:default;}">
        <Coords points="786,3495 786,3557 837,3564 839,3564 841,3564 855,3557 894,3542 985,3553 987,3553 1058,3542 1135,3557 1142,3557 1144,3557 1146,3557 1148,3557 1199,3542 1228,3557 1243,3564 1246,3564 1248,3566 1480,3566 1480,3564 1482,3564 1500,3555 1528,3542 1557,3555 1566,3559 1568,3559 1570,3559 1573,3559 1588,3555 1615,3548 1632,3555 1652,3564 1654,3564 1657,3564 1847,3559 1849,3559 1851,3559 1858,3555 1877,3539 1950,3555 1990,3562 1992,3562 2085,3553 2242,3539 2430,3539 2461,3553 2478,3559 2481,3559 2483,3559 2485,3559 2501,3553 2520,3544 2545,3553 2567,3559 2569,3559 2571,3559 2573,3559 2593,3553 2626,3539 2644,3553 2651,3557 2653,3557 2655,3557 2657,3557 2693,3551 2695,3491 2688,3464 784,3467 786,3495"/>
        <Baseline points="786,3495 2695,3491"/>
        <TextEquiv conf="0.9955681641417814">
          <Unicode>rici) dicti imperatoris; ad pacificandum missos, ab ipso impetrare mon potuisse, ut</Unicode>
        </TextEquiv>
      </TextLine>
      <TextLine id="eSc_line_c05a6128" custom="structure {type:default;}">
        <Coords points="2333,3555 2335,3612 2421,3599 2421,3551 2414,3517 2328,3520 2333,3555"/>
        <Baseline points="2333,3555 2421,3551"/>
        <TextEquiv conf="0.9999990463256836">
          <Unicode>38*</Unicode>
        </TextEquiv>
      </TextLine>
    </TextRegion>
    <TextRegion id="eSc_textblock_3e46d825"  custom="structure {type:default;}">
      <Coords points="994,141 1833,141 1922,150 1931,227 1904,253 1040,253 954,218 963,150 994,141"/>
      <TextLine id="eSc_line_ecbd2a7b" custom="structure {type:default;}">
        <Coords points="978,212 976,234 1900,234 1902,216 1902,165 1864,147 1862,147 1860,147 1652,159 1599,147 1597,147 1480,163 1471,163 1467,163 1418,145 1416,145 1414,145 1411,145 1383,161 1292,145 1290,145 1288,145 1285,145 1268,156 1098,147 1095,147 978,159 978,212"/>
        <Baseline points="978,212 1902,216"/>
        <TextEquiv conf="0.9990521168708801">
          <Unicode>ALEXANDER III. 1159—1181.</Unicode>
        </TextEquiv>
      </TextLine>
    </TextRegion>
    <TextRegion id="eSc_textblock_e968982d"  custom="structure {type:default;}">
      <Coords points="2589,150 2741,159 2741,227 2706,253 2576,245 2558,167 2589,150"/>
      <TextLine id="eSc_line_152d3bdd" custom="structure {type:default;}">
        <Coords points="2668,154 2646,152 2624,150 2607,150 2580,156 2585,218 2585,247 2710,247 2710,212 2706,161 2671,154 2668,154"/>
        <Baseline points="2585,218 2710,212"/>
        <TextEquiv conf="1.0">
          <Unicode>299</Unicode>
        </TextEquiv>
      </TextLine>
    </TextRegion>
  </Page>
</PcGts>
