<?xml version="1.0" encoding="UTF-8"  standalone="yes"?>
<PcGts xmlns="http://schema.primaresearch.org/PAGE/gts/pagecontent/2019-07-15" xmlns:xsi="http://www.w3.org/2001/XMLSchema-instance" xsi:schemaLocation="http://schema.primaresearch.org/PAGE/gts/pagecontent/2019-07-15 http://schema.primaresearch.org/PAGE/gts/pagecontent/2019-07-15/pagecontent.xsd">
  <Metadata>
	<Creator>escriptorium</Creator>
	<Created>2024-07-19T10:11:03.154786+00:00</Created>
        <LastChange>2024-08-08T08:39:57.203002+00:00</LastChange>
  </Metadata>
  <Page imageFilename="0314.png" imageWidth="3007" imageHeight="3975">
    <TextRegion id="eSc_textblock_8f74590a"  custom="structure {type:default;}">
      <Coords points="737,300 2741,300 2750,2868 2715,3522 795,3548 724,3531 695,3469 669,3504 441,3495 421,3283 386,3495 185,3486 150,2983 176,2267 150,1925 185,1528 238,1378 386,1360 421,1916 441,1395 503,1280 574,1227 678,1219 695,1272 715,1207 707,503 671,335 737,300"/>
      <TextLine id="eSc_line_5bade704" custom="structure {type:default;}">
        <Coords points="700,315 702,359 702,397 797,382 899,393 901,393 903,393 927,382 1131,390 1133,390 1190,379 1212,393 1215,393 1217,393 1219,393 1221,393 1272,379 1436,393 1442,393 1444,393 1449,393 1535,377 1836,390 1860,390 1862,390 1871,390 1970,377 2118,388 2127,388 2129,388 2134,388 2209,375 2642,384 2646,348 2642,309 718,306 700,315"/>
        <Baseline points="702,359 2646,348"/>
        <TextEquiv conf="0.983024799823761">
          <Unicode>1176. (Ind. 9. — 25. Sept. — 10, pont. a. 17. — 20. Sept. — 18, 1175. — 25. Mart. — 1176.)</Unicode>
        </TextEquiv>
      </TextLine>
      <TextLine id="eSc_line_2ca5379f" custom="structure {type:default;}">
        <Coords points="731,424 731,450 2695,448 2697,419 2693,377 757,375 755,375 753,375 729,384 731,424"/>
        <Baseline points="731,424 2697,419"/>
        <TextEquiv conf="0.9960205407624834">
          <Unicode>12751 *Philippo, abbati monasterii de Melsa, bullam tribuit. Chron. mon. de Melsa I. 178.</Unicode>
        </TextEquiv>
      </TextLine>
      <TextLine id="eSc_line_1438004c" custom="structure {type:default;}">
        <Coords points="733,477 733,510 2441,516 2443,516 2448,516 2507,505 2695,516 2697,477 2697,446 733,446 733,477"/>
        <Baseline points="733,477 2697,477"/>
        <TextEquiv conf="0.9972379418407998">
          <Unicode>12752 *Monasterio S. Salvatoris de insula Senensi privilegium dat. Pflugk-Harttung</Unicode>
        </TextEquiv>
      </TextLine>
      <TextLine id="eSc_line_b01a5658" custom="structure {type:default;}">
        <Coords points="784,534 784,558 927,569 930,569 932,569 934,569 954,556 1025,567 1027,567 1029,567 1080,552 1080,530 1075,501 793,492 790,492 788,492 786,492 786,494 784,494 782,494 784,534"/>
        <Baseline points="784,534 1080,530"/>
        <TextEquiv conf="0.9641734957695007">
          <Unicode>Iter p. 278.</Unicode>
        </TextEquiv>
      </TextLine>
      <TextLine id="eSc_line_6e31d1b0" custom="structure {type:default;}">
        <Coords points="702,624 702,642 932,640 932,620 927,576 881,576 861,556 861,554 859,554 857,554 815,549 813,549 751,552 748,552 700,576 702,624"/>
        <Baseline points="702,624 932,620"/>
        <TextEquiv conf="0.9999815970659256">
          <Unicode>c. 1178.</Unicode>
        </TextEquiv>
      </TextLine>
      <TextLine id="eSc_line_fc62bd1a" custom="structure {type:default;}">
        <Coords points="731,686 731,711 2697,704 2699,680 2695,638 2591,616 2589,616 2421,636 2324,611 2322,611 2319,611 2160,624 2114,611 2112,611 2109,611 1670,613 1668,613 1581,640 1091,640 1022,640 998,622 996,622 994,622 992,622 989,622 961,638 810,631 808,631 729,642 731,686"/>
        <Baseline points="731,686 2699,680"/>
        <TextEquiv conf="0.9940559103571135">
          <Unicode>12753 (8455) Episcopo Exoniensi (al. wigorniensi) mandat. interdicat O(aufredo), electo</Unicode>
        </TextEquiv>
      </TextLine>
      <TextLine id="eSc_line_8c2b1cf6" custom="structure {type:default;}">
        <Coords points="784,739 784,768 2697,766 2699,735 2693,704 782,706 784,739"/>
        <Baseline points="784,739 2699,735"/>
        <TextEquiv conf="0.999680178305682">
          <Unicode>Lincolniensi, „cum eius non sit electio confirmata, ne archidiaconatum vel praebendam</Unicode>
        </TextEquiv>
      </TextLine>
      <TextLine id="eSc_line_294e9a9d" custom="structure {type:default;}">
        <Coords points="782,790 779,810 802,823 804,823 806,823 2695,819 2697,795 2695,761 782,761 782,790"/>
        <Baseline points="782,790 2697,795"/>
        <TextEquiv conf="0.9993077009916306">
          <Unicode>cuiquam concedat“. App. con. Lat. XL. 1, Coll. Lips. XXXI. 7, Coll. Cass. XL. 5,</Unicode>
        </TextEquiv>
      </TextLine>
      <TextLine id="eSc_line_5da4b200" custom="structure {type:default;}">
        <Coords points="782,850 782,872 2693,874 2695,850 2693,810 782,817 782,850"/>
        <Baseline points="782,850 2695,850"/>
        <TextEquiv conf="0.9893711120524304">
          <Unicode>Coll. Bamb. XXX. 5, Comp. I. I. 1 t. 4. c. 18, Decr. Greg. L. I. t. 6. c. 9. — „Nosti, sicut“.</Unicode>
        </TextEquiv>
      </TextLine>
      <TextLine id="eSc_line_c8e0cd63" custom="structure {type:default;}">
        <Coords points="731,907 731,934 2697,934 2699,901 2695,872 2383,872 2350,859 2348,859 2346,859 2167,870 2134,859 2132,859 2129,859 2032,872 1816,861 1813,861 1727,872 1710,861 1707,861 1705,861 1703,861 1648,872 1584,861 1581,861 1517,872 1460,861 1458,861 1321,874 1257,863 1078,863 1075,863 1073,863 1071,863 1053,874 912,863 910,863 908,863 888,874 872,863 870,863 868,863 753,863 751,863 748,863 746,863 729,872 731,907"/>
        <Baseline points="731,907 2699,901"/>
        <TextEquiv conf="0.9966791525654409">
          <Unicode>12754 (8456) G(aufrido) electo Lincolniensi scribit de praebenda, quam S. archidiaconus</Unicode>
        </TextEquiv>
      </TextLine>
      <TextLine id="eSc_line_61ae07d8" custom="structure {type:default;}">
        <Coords points="784,958 784,984 2697,989 2702,954 2695,923 782,925 784,958"/>
        <Baseline points="784,958 2702,954"/>
        <TextEquiv conf="0.995246257674828">
          <Unicode>G. nepoti eis contulerit. App. conc. Lat. XXX. 7, Comp. II. I. 1. t. 5. c. 1. — „De multa</Unicode>
        </TextEquiv>
      </TextLine>
      <TextLine id="eSc_line_0842feef" custom="structure {type:default;}">
        <Coords points="779,1015 779,1031 969,1042 972,1042 1071,1024 1071,1009 1064,978 777,982 779,1015"/>
        <Baseline points="779,1015 1071,1009"/>
        <TextEquiv conf="0.9999934179442269">
          <Unicode>liberalitate“.</Unicode>
        </TextEquiv>
      </TextLine>
      <TextLine id="eSc_line_395207e8" custom="structure {type:default;}">
        <Coords points="733,1073 733,1095 2699,1095 2702,1068 2697,1033 2615,1020 2613,1020 2611,1020 2587,1033 2174,1033 2101,1020 2098,1020 1844,1031 1716,1020 1714,1020 1712,1020 1679,1033 1087,1022 1084,1022 1082,1022 1047,1033 755,1024 753,1024 751,1024 731,1033 733,1073"/>
        <Baseline points="733,1073 2702,1068"/>
        <TextEquiv conf="0.9960003303892818">
          <Unicode>12755 R(uperto) abbati Tegernseensi ob fidem erga Romanam ecclesiam gratias agit.</Unicode>
        </TextEquiv>
      </TextLine>
      <TextLine id="eSc_line_591df422" custom="structure {type:default;}">
        <Coords points="786,1126 786,1150 2697,1152 2702,1121 2695,1082 784,1084 786,1126"/>
        <Baseline points="786,1126 2702,1121"/>
        <TextEquiv conf="0.9941207617521286">
          <Unicode>Mandat, ut A(lbertum) abbatem Benedictoburanum, canonice electum et ab H(enrico)</Unicode>
        </TextEquiv>
      </TextLine>
      <TextLine id="eSc_line_d8e4516f" custom="structure {type:default;}">
        <Coords points="784,1181 784,1207 2699,1207 2702,1177 2695,1148 782,1150 784,1181"/>
        <Baseline points="784,1181 2702,1177"/>
        <TextEquiv conf="0.9938771312053387">
          <Unicode>quondam Gurcensi episcopo (ed. Efginone] Curiensi episcopo) benedictum, contra</Unicode>
        </TextEquiv>
      </TextLine>
      <TextLine id="eSc_line_4c5cd7b4" custom="structure {type:default;}">
        <Coords points="784,1232 782,1260 2693,1265 2697,1236 2695,1205 784,1201 784,1232"/>
        <Baseline points="784,1232 2697,1236"/>
        <TextEquiv conf="0.9996247253840482">
          <Unicode>(Walterum) abbatem, ab (Hartwico) „dicto Augustensi episcopo intrusum, tueatur,</Unicode>
        </TextEquiv>
      </TextLine>
      <TextLine id="eSc_line_8f963c6c" custom="structure {type:default;}">
        <Coords points="784,1287 784,1316 2699,1313 2702,1291 2699,1260 784,1256 784,1287"/>
        <Baseline points="784,1287 2702,1291"/>
        <TextEquiv conf="0.9986566418693179">
          <Unicode>curetque ut monachi Albertum, eiecto intruso, abbatem recipiant. Quod nisi fecerint,</Unicode>
        </TextEquiv>
      </TextLine>
      <TextLine id="eSc_line_f4e08bfa" custom="structure {type:default;}">
        <Coords points="786,1344 786,1369 2704,1369 2704,1344 2704,1316 786,1316 786,1344"/>
        <Baseline points="786,1344 2704,1344"/>
        <TextEquiv conf="0.9988019700561251">
          <Unicode>e0s excommunicari et in monasterio divina officia prohiberi iubet. (Correxi ex copia</Unicode>
        </TextEquiv>
      </TextLine>
      <TextLine id="eSc_line_55c0dad0" custom="structure {type:default;}">
        <Coords points="786,1400 786,1422 2699,1424 2702,1400 2699,1369 786,1369 786,1400"/>
        <Baseline points="786,1400 2702,1400"/>
        <TextEquiv conf="0.9960159628422229">
          <Unicode>cod. lat. Monac. 19411, olim Tegerns. 1411 f. 213 in schedis Mon. Germ.). Pez</Unicode>
        </TextEquiv>
      </TextLine>
      <TextLine id="eSc_line_9a496d33" custom="structure {type:default;}">
        <Coords points="784,1455 784,1475 1729,1484 1732,1484 1734,1484 1765,1472 1829,1484 1831,1484 1884,1470 1886,1450 1882,1424 793,1415 790,1415 788,1415 786,1415 786,1417 784,1417 782,1417 784,1455"/>
        <Baseline points="784,1455 1886,1450"/>
        <TextEquiv conf="0.9994581810971523">
          <Unicode>Thes. Anecd. III. III. 636. — „Rediens ad nos“.</Unicode>
        </TextEquiv>
      </TextLine>
      <TextLine id="eSc_line_8c7569d0" custom="structure {type:default;}">
        <Coords points="737,1510 737,1537 2702,1532 2704,1506 2699,1472 2317,1461 2315,1461 2231,1472 2227,1472 2224,1472 2127,1461 2125,1461 2052,1472 1953,1461 1950,1461 1875,1472 1853,1461 1851,1461 1849,1461 1725,1475 1714,1477 1396,1477 1252,1477 1212,1464 1210,1464 1208,1464 1206,1464 1170,1475 1146,1464 1144,1464 1142,1464 1140,1464 1137,1464 1120,1477 974,1477 914,1464 912,1464 735,1477 737,1510"/>
        <Baseline points="737,1510 2704,1506"/>
        <TextEquiv conf="0.9978053976849812">
          <Unicode>12756 R(uperti) S. Quirini Tegernseensis et A(lberti) Benedictoburani abbatum, „in</Unicode>
        </TextEquiv>
      </TextLine>
      <TextLine id="eSc_line_0593e4ef" custom="structure {type:default;}">
        <Coords points="786,1567 786,1587 2702,1592 2704,1567 2704,1537 786,1537 786,1567"/>
        <Baseline points="786,1567 2704,1567"/>
        <TextEquiv conf="0.9949424176276485">
          <Unicode>medio pravae nationis positorum“, fidem erga sedem apostolicam laudat. Nuntiat,</Unicode>
        </TextEquiv>
      </TextLine>
      <TextLine id="eSc_line_cf7ec0a2" custom="structure {type:default;}">
        <Coords points="788,1623 788,1645 1261,1643 1263,1643 1294,1654 1296,1654 1299,1654 1400,1643 1402,1643 1515,1654 1517,1654 1601,1640 1606,1640 1628,1651 1630,1651 1632,1654 1889,1654 1889,1651 2165,1638 2182,1649 2185,1649 2187,1649 2189,1651 2319,1651 2319,1649 2684,1647 2686,1647 2688,1647 2704,1634 2704,1612 2699,1585 2319,1574 2317,1574 2315,1574 2313,1574 2295,1585 2293,1585 2260,1585 1953,1576 1950,1576 1948,1576 1946,1576 1935,1585 1931,1590 786,1590 788,1623"/>
        <Baseline points="788,1623 2704,1612"/>
        <TextEquiv conf="0.9989017181926303">
          <Unicode>A. et V., fratres Conradi monachi Benedictoburani, qui D. (leg. Hartwico) intruso</Unicode>
        </TextEquiv>
      </TextLine>
      <TextLine id="eSc_line_52162cf1" custom="structure {type:default;}">
        <Coords points="788,1676 788,1702 2702,1707 2704,1676 2704,1647 788,1647 788,1676"/>
        <Baseline points="788,1676 2704,1676"/>
        <TextEquiv conf="0.9934398819165058">
          <Unicode>Augustensi favere noluerint, feudis suis privatos, et cum recuperare ea voluissent,</Unicode>
        </TextEquiv>
      </TextLine>
      <TextLine id="eSc_line_021b6f3c" custom="structure {type:default;}">
        <Coords points="786,1729 786,1753 2706,1753 2706,1729 2706,1702 786,1702 786,1729"/>
        <Baseline points="786,1729 2706,1729"/>
        <TextEquiv conf="0.9966017986521308">
          <Unicode>occisos esse. Mandat, ut ecclesiasticam sepulturam eis indulgeant, si ante mortem</Unicode>
        </TextEquiv>
      </TextLine>
      <TextLine id="eSc_line_998c8f72" custom="structure {type:default;}">
        <Coords points="786,1782 786,1824 2704,1817 2706,1786 2704,1755 786,1751 786,1782"/>
        <Baseline points="786,1782 2706,1786"/>
        <TextEquiv conf="0.9812178320505403">
          <Unicode>certa poenitentiae indicia dederint. PexThes. Anecd. III. IIr. 640. — „Referente nobis“.</Unicode>
        </TextEquiv>
      </TextLine>
      <TextLine id="eSc_line_6b9fcfaf" custom="structure {type:default;}">
        <Coords points="707,1879 707,1894 1029,1896 1031,1874 1027,1815 704,1815 707,1879"/>
        <Baseline points="707,1879 1031,1874"/>
        <TextEquiv conf="0.9999301552772522">
          <Unicode>1159—1177.</Unicode>
        </TextEquiv>
      </TextLine>
      <TextLine id="eSc_line_7d405a9d" custom="structure {type:default;}">
        <Coords points="190,1932 187,1985 240,1985 240,1983 243,1983 245,1983 249,1978 296,1952 397,1967 402,1936 399,1894 190,1874 190,1932"/>
        <Baseline points="190,1932 402,1936"/>
        <TextEquiv conf="0.9999581319945199">
          <Unicode>Dec. 1.</Unicode>
        </TextEquiv>
      </TextLine>
      <TextLine id="eSc_line_65150afc" custom="structure {type:default;}">
        <Coords points="441,1998 671,1998 671,1938 671,1883 647,1870 645,1870 642,1870 640,1870 561,1879 499,1885 444,1870 441,1938 441,1998"/>
        <Baseline points="441,1938 671,1938"/>
        <TextEquiv conf="0.9345190599560738">
          <Unicode>Annenine</Unicode>
        </TextEquiv>
      </TextLine>
      <TextLine id="eSc_line_b4e7529c" custom="structure {type:default;}">
        <Coords points="740,1941 740,1958 2489,1961 2494,1936 2487,1892 2379,1896 2368,1892 2353,1881 2350,1881 2348,1881 2346,1881 2344,1881 2313,1890 2222,1879 2220,1879 2218,1879 2187,1892 2178,1896 2109,1894 1844,1879 1842,1879 1840,1879 1838,1879 1818,1894 1813,1899 1729,1899 1723,1896 1659,1879 1657,1879 1654,1879 1652,1879 1615,1896 1610,1899 1601,1896 1566,1888 1564,1888 1562,1888 1493,1896 1480,1899 1473,1896 1420,1881 1418,1881 1416,1881 1341,1899 1334,1899 1330,1899 1239,1881 1237,1881 1235,1881 1232,1881 1208,1899 1206,1901 1111,1901 1071,1901 1053,1885 1051,1885 1049,1885 1047,1885 892,1899 832,1883 830,1883 828,1883 737,1901 740,1941"/>
        <Baseline points="740,1941 2494,1936"/>
        <TextEquiv conf="0.9857267671161227">
          <Unicode>12757 Abbati et fratribus Gardensibus bullam dat. Neues Archiy VII. 103.</Unicode>
        </TextEquiv>
      </TextLine>
      <TextLine id="eSc_line_532be055" custom="structure {type:default;}">
        <Coords points="220,1996 220,2047 393,2047 393,1991 388,1963 304,1945 302,1945 300,1945 298,1945 271,1965 218,1965 220,1996"/>
        <Baseline points="220,1996 393,1991"/>
        <TextEquiv conf="0.9933598160743713">
          <Unicode>„ 30.</Unicode>
        </TextEquiv>
      </TextLine>
      <TextLine id="eSc_line_3f19e3f3" custom="structure {type:default;}">
        <Coords points="532,2011 536,2067 572,2053 594,2062 596,2007 589,1976 528,1976 532,2011"/>
        <Baseline points="532,2011 596,2007"/>
        <TextEquiv conf="0.9996916055679321">
          <Unicode>„</Unicode>
        </TextEquiv>
      </TextLine>
      <TextLine id="eSc_line_ae6ac785" custom="structure {type:default;}">
        <Coords points="740,1996 740,2020 2704,2014 2706,1989 2702,1958 773,1952 771,1952 768,1952 737,1963 740,1996"/>
        <Baseline points="740,1996 2706,1989"/>
        <TextEquiv conf="0.9973851587714219">
          <Unicode>12758 (8457) Rectores Lombardiae hortatur, ut cives Mutinenses a monasterii Nonan-</Unicode>
        </TextEquiv>
      </TextLine>
      <TextLine id="eSc_line_e2093725" custom="structure {type:default;}">
        <Coords points="788,2047 788,2071 1738,2082 1741,2082 1743,2082 1765,2071 1769,2069 1855,2071 2134,2080 2136,2080 2138,2080 2156,2071 2160,2069 2167,2071 2196,2080 2198,2080 2200,2080 2699,2069 2702,2042 2695,2016 786,2018 788,2047"/>
        <Baseline points="788,2047 2702,2042"/>
        <TextEquiv conf="0.9864468693733215">
          <Unicode>tulani oppressione revocent. Tiraboschi St. di Non. II 275, Migne 200 p. 1090. —</Unicode>
        </TextEquiv>
      </TextLine>
      <TextLine id="eSc_line_11ce9322" custom="structure {type:default;}">
        <Coords points="790,2108 790,2124 903,2135 905,2135 1078,2122 1087,2122 1091,2122 1153,2133 1155,2133 1341,2117 1343,2102 1336,2071 788,2075 790,2108"/>
        <Baseline points="790,2108 1343,2102"/>
        <TextEquiv conf="0.9999747027953466">
          <Unicode>„Quanto vos sinceriori“.</Unicode>
        </TextEquiv>
      </TextLine>
      <TextLine id="eSc_line_51e142c0" custom="structure {type:default;}">
        <Coords points="223,2157 225,2212 399,2210 399,2150 393,2095 220,2100 223,2157"/>
        <Baseline points="223,2157 399,2150"/>
        <TextEquiv conf="0.999805235862732">
          <Unicode>„ 20.</Unicode>
        </TextEquiv>
      </TextLine>
      <TextLine id="eSc_line_6ab414db" custom="structure {type:default;}">
        <Coords points="525,2173 525,2217 616,2214 616,2173 616,2142 525,2139 525,2173"/>
        <Baseline points="525,2173 616,2173"/>
        <TextEquiv conf="1.0">
          <Unicode>„</Unicode>
        </TextEquiv>
      </TextLine>
      <TextLine id="eSc_line_4d7263bd" custom="structure {type:default;}">
        <Coords points="742,2161 742,2184 2704,2188 2708,2155 2702,2120 740,2122 742,2161"/>
        <Baseline points="742,2161 2708,2155"/>
        <TextEquiv conf="0.9994572152694067">
          <Unicode>12759 Fratribus S. Gervasii (de Fossis) praecipit, nisi post mortem abbatis in eorum</Unicode>
        </TextEquiv>
      </TextLine>
      <TextLine id="eSc_line_1368791f" custom="structure {type:default;}">
        <Coords points="790,2214 790,2237 2704,2234 2706,2208 2699,2181 788,2186 790,2214"/>
        <Baseline points="790,2214 2706,2208"/>
        <TextEquiv conf="0.9983067370951175">
          <Unicode>monasterio persona idonea inveniatur, ut ex collegio S. Aegidii abbatem eligant.</Unicode>
        </TextEquiv>
      </TextLine>
      <TextLine id="eSc_line_b771f6f0" custom="structure {type:default;}">
        <Coords points="786,2267 786,2290 2253,2290 2253,2267 2253,2237 786,2234 786,2267"/>
        <Baseline points="786,2267 2253,2267"/>
        <TextEquiv conf="0.9973805979374917">
          <Unicode>Goiffon Bull. de St.-Gilles p. 88. — „Cum monasterium sancti“.</Unicode>
        </TextEquiv>
      </TextLine>
      <TextLine id="eSc_line_e199ce1d" custom="structure {type:default;}">
        <Coords points="220,2325 223,2367 291,2360 309,2371 318,2380 320,2380 322,2380 324,2380 399,2376 399,2318 393,2254 216,2261 220,2325"/>
        <Baseline points="220,2325 399,2318"/>
        <TextEquiv conf="0.9457207322120667">
          <Unicode>„ 28.</Unicode>
        </TextEquiv>
      </TextLine>
      <TextLine id="eSc_line_1680c255" custom="structure {type:default;}">
        <Coords points="517,2336 514,2376 614,2376 616,2338 616,2307 517,2305 517,2336"/>
        <Baseline points="517,2336 616,2338"/>
        <TextEquiv conf="1.0">
          <Unicode>„</Unicode>
        </TextEquiv>
      </TextLine>
      <TextLine id="eSc_line_6840eae0" custom="structure {type:default;}">
        <Coords points="742,2323 742,2349 2704,2351 2708,2318 2704,2285 740,2285 742,2323"/>
        <Baseline points="742,2323 2708,2318"/>
        <TextEquiv conf="0.9944286361152743">
          <Unicode>12760 Infirmos de Barulo eorumque possessiones tuendas suscipit. Prologo Le carte</Unicode>
        </TextEquiv>
      </TextLine>
      <TextLine id="eSc_line_510a7d9f" custom="structure {type:default;}">
        <Coords points="788,2378 788,2398 950,2409 952,2409 954,2409 992,2398 998,2398 1000,2398 1040,2409 1042,2409 1045,2409 1047,2409 1073,2398 1075,2398 1098,2409 1100,2409 1102,2409 1104,2409 1133,2398 1144,2409 1146,2409 1148,2409 1151,2409 1252,2398 1259,2398 1261,2398 1305,2409 1307,2409 1310,2409 1394,2398 1396,2398 1398,2398 1469,2409 1471,2409 1520,2398 1531,2407 1531,2409 1533,2409 1535,2409 1537,2411 1661,2411 1661,2409 1663,2409 1710,2396 1710,2378 1707,2347 1360,2349 1352,2347 1307,2338 1305,2338 1303,2338 1301,2338 1288,2349 1285,2351 1173,2351 1173,2349 1162,2340 1162,2338 1159,2338 1157,2338 1080,2338 1078,2338 1075,2338 1073,2338 1060,2349 1060,2351 965,2351 938,2351 813,2338 810,2338 808,2338 788,2347 788,2378"/>
        <Baseline points="788,2378 1710,2378"/>
        <TextEquiv conf="0.9912418375412623">
          <Unicode>di Trani p. 257. — „Eos quos manus“.</Unicode>
        </TextEquiv>
      </TextLine>
      <TextLine id="eSc_line_3204a153" custom="structure {type:default;}">
        <Coords points="740,2433 740,2466 2706,2453 2708,2429 2704,2400 2609,2385 2607,2385 2604,2385 2571,2398 2229,2385 2227,2385 1955,2398 1935,2385 1933,2385 1931,2385 1789,2385 1787,2385 1718,2400 1484,2389 1482,2389 1480,2389 1455,2402 1254,2402 1120,2387 1117,2387 1049,2400 965,2387 963,2387 888,2400 868,2387 866,2387 863,2387 782,2387 779,2387 777,2387 737,2400 740,2433"/>
        <Baseline points="740,2433 2708,2429"/>
        <TextEquiv conf="0.994264658008303">
          <Unicode>12761 (8459) lohanni, episcopo Casertano, scribit de quorundam tertio gradu coniunc-</Unicode>
        </TextEquiv>
      </TextLine>
      <TextLine id="eSc_line_6af7c1bc" custom="structure {type:default;}">
        <Coords points="788,2488 788,2515 956,2515 961,2517 983,2528 985,2528 987,2528 1117,2517 1144,2515 1173,2517 1319,2528 1321,2528 1442,2517 1469,2515 1486,2517 1557,2528 1559,2528 1829,2526 1831,2526 1833,2526 1844,2517 1853,2513 1900,2517 1984,2526 1986,2526 2030,2517 2054,2513 2079,2517 2118,2526 2121,2526 2123,2526 2140,2517 2151,2513 2174,2517 2211,2526 2213,2526 2260,2517 2280,2515 2297,2517 2344,2526 2346,2526 2388,2517 2414,2513 2421,2517 2432,2526 2434,2526 2436,2526 2439,2526 2704,2517 2706,2484 2699,2455 786,2455 788,2488"/>
        <Baseline points="788,2488 2706,2484"/>
        <TextEquiv conf="0.9976220153272152">
          <Unicode>torum matrimoniis dirimendis. Theineri disqu. crit. p. 431, Migne 200 p. 1092. —</Unicode>
        </TextEquiv>
      </TextLine>
      <TextLine id="eSc_line_7d7c731b" custom="structure {type:default;}">
        <Coords points="790,2546 793,2583 826,2570 855,2583 857,2583 859,2583 861,2583 863,2583 870,2583 921,2570 987,2579 1014,2583 1016,2583 1204,2574 1204,2546 1204,2517 790,2517 790,2546"/>
        <Baseline points="790,2546 1204,2546"/>
        <TextEquiv conf="0.9997836947441101">
          <Unicode>„Super eo, quod“.</Unicode>
        </TextEquiv>
      </TextLine>
      <TextLine id="eSc_line_ac9a7974" custom="structure {type:default;}">
        <Coords points="707,2636 707,2652 1031,2650 1031,2632 1027,2583 704,2579 707,2636"/>
        <Baseline points="707,2636 1031,2632"/>
        <TextEquiv conf="0.9999977946281433">
          <Unicode>1167—1177.</Unicode>
        </TextEquiv>
      </TextLine>
      <TextLine id="eSc_line_d574c7cb" custom="structure {type:default;}">
        <Coords points="430,2694 430,2733 680,2722 680,2694 678,2643 430,2645 430,2694"/>
        <Baseline points="430,2694 680,2694"/>
        <TextEquiv conf="0.999949210219913">
          <Unicode>Beneventi</Unicode>
        </TextEquiv>
      </TextLine>
      <TextLine id="eSc_line_ab00e50f" custom="structure {type:default;}">
        <Coords points="737,2698 737,2722 2704,2718 2706,2691 2702,2650 797,2643 795,2643 735,2654 737,2698"/>
        <Baseline points="737,2698 2706,2691"/>
        <TextEquiv conf="0.9951787878485286">
          <Unicode>12762 (8460) Capitulum S. Satyri hortatur, ut abbati obediant et leges ordinis obser-</Unicode>
        </TextEquiv>
      </TextLine>
      <TextLine id="eSc_line_fd2d1d13" custom="structure {type:default;}">
        <Coords points="793,2751 790,2771 2702,2784 2706,2756 2704,2722 793,2718 793,2751"/>
        <Baseline points="793,2751 2706,2756"/>
        <TextEquiv conf="0.9882405753198423">
          <Unicode>vent. Duchesne Hist. Fr. SS. IV. 604, Martene Coll. VI. 238, Mansi XXI. 994,</Unicode>
        </TextEquiv>
      </TextLine>
      <TextLine id="eSc_line_ff669321" custom="structure {type:default;}">
        <Coords points="790,2809 790,2831 804,2844 804,2846 806,2846 808,2846 810,2846 813,2846 815,2846 815,2844 826,2835 888,2846 890,2846 892,2846 936,2831 1045,2831 1060,2844 1060,2846 1062,2846 1064,2846 1067,2846 1069,2846 1113,2831 1179,2842 1182,2842 1314,2831 1338,2846 1341,2846 1343,2846 1345,2846 1705,2835 1736,2846 1738,2846 1741,2846 1743,2846 1787,2828 1787,2809 1785,2771 1447,2775 1405,2767 1387,2764 1385,2764 1383,2764 1380,2764 1380,2767 1378,2767 1369,2778 1246,2778 1195,2767 1182,2764 1179,2764 1177,2764 1175,2764 1175,2767 1157,2778 1042,2778 927,2764 919,2764 916,2764 914,2764 877,2775 790,2764 790,2809"/>
        <Baseline points="790,2809 1787,2809"/>
        <TextEquiv conf="0.9977257905936823">
          <Unicode>Migne 200 p. 1092. — „Eos, qui relictis“.</Unicode>
        </TextEquiv>
      </TextLine>
      <TextLine id="eSc_line_956a6211" custom="structure {type:default;}">
        <Coords points="707,2901 707,2921 1036,2915 1036,2897 1031,2855 715,2844 713,2844 711,2844 709,2844 709,2846 704,2848 707,2901"/>
        <Baseline points="707,2901 1036,2897"/>
        <TextEquiv conf="0.9999999642372132">
          <Unicode>1168—1177.</Unicode>
        </TextEquiv>
      </TextLine>
      <TextLine id="eSc_line_15bff133" custom="structure {type:default;}">
        <Coords points="190,2959 190,2981 406,2987 408,2959 406,2910 190,2910 190,2959"/>
        <Baseline points="190,2959 408,2959"/>
        <TextEquiv conf="0.9999804326466152">
          <Unicode>lan. 4.</Unicode>
        </TextEquiv>
      </TextLine>
      <TextLine id="eSc_line_7e01f55f" custom="structure {type:default;}">
        <Coords points="426,2961 426,2994 678,2987 678,2961 678,2919 426,2906 426,2961"/>
        <Baseline points="426,2961 678,2961"/>
        <TextEquiv conf="0.9997785554991828">
          <Unicode>Beneventi</Unicode>
        </TextEquiv>
      </TextLine>
      <TextLine id="eSc_line_ab1b004c" custom="structure {type:default;}">
        <Coords points="737,2961 737,2983 2704,2987 2708,2956 2702,2919 735,2921 737,2961"/>
        <Baseline points="737,2961 2708,2956"/>
        <TextEquiv conf="0.9953753818948585">
          <Unicode>12763 Decano Parisiensi et abbati S. Germani de Pratis sribit de instituendis novis</Unicode>
        </TextEquiv>
      </TextLine>
      <TextLine id="eSc_line_67e8de5c" custom="structure {type:default;}">
        <Coords points="788,3016 788,3040 2706,3034 2708,3009 2702,2981 786,2985 788,3016"/>
        <Baseline points="788,3016 2708,3009"/>
        <TextEquiv conf="0.9956638689448194">
          <Unicode>praebendis in ecclesia S. Oportunae, ad ordinationem capituli S. Germani Autissio-</Unicode>
        </TextEquiv>
      </TextLine>
      <TextLine id="eSc_line_0d5f0dea" custom="structure {type:default;}">
        <Coords points="788,3067 786,3091 2702,3100 2706,3071 2702,3032 788,3032 788,3067"/>
        <Baseline points="788,3067 2706,3071"/>
        <TextEquiv conf="0.9887012411566342">
          <Unicode>dorensis pertinenti. In tabul. nat. Paris. Cartul de St. Germain I&#x27;Auxerrois s. XIII.</Unicode>
        </TextEquiv>
      </TextLine>
      <TextLine id="eSc_line_b75c98bb" custom="structure {type:default;}">
        <Coords points="786,3127 786,3155 1663,3144 1665,3122 1661,3093 1451,3093 1451,3091 1438,3080 1436,3080 1433,3080 1431,3080 1429,3080 1389,3091 1387,3091 1383,3091 1272,3080 1270,3080 1268,3080 1230,3091 1219,3093 1186,3091 1087,3082 1084,3082 784,3089 786,3127"/>
        <Baseline points="786,3127 1665,3122"/>
        <TextEquiv conf="0.9996584943362645">
          <Unicode>LL. 489 f. 31. — „Pervenit ad nos“.</Unicode>
        </TextEquiv>
      </TextLine>
      <TextLine id="eSc_line_dabb94ca" custom="structure {type:default;}">
        <Coords points="704,3215 704,3252 768,3241 1029,3246 1031,3215 1031,3171 969,3155 967,3155 965,3155 894,3168 881,3171 866,3168 786,3155 784,3155 704,3164 704,3215"/>
        <Baseline points="704,3215 1031,3215"/>
        <TextEquiv conf="0.9999738991260528">
          <Unicode>1173—1177.</Unicode>
        </TextEquiv>
      </TextLine>
      <TextLine id="eSc_line_b3c11553" custom="structure {type:default;}">
        <Coords points="187,3270 185,3319 223,3336 225,3336 227,3336 229,3336 269,3325 280,3323 395,3336 399,3274 397,3233 273,3235 240,3206 236,3202 236,3199 234,3199 231,3199 187,3197 187,3270"/>
        <Baseline points="187,3270 399,3274"/>
        <TextEquiv conf="0.9317977502942085">
          <Unicode>Dec. 22.</Unicode>
        </TextEquiv>
      </TextLine>
      <TextLine id="eSc_line_cd488b80" custom="structure {type:default;}">
        <Coords points="437,3277 437,3334 552,3327 567,3339 570,3339 572,3339 574,3339 576,3339 578,3339 600,3323 605,3319 673,3316 673,3277 673,3237 437,3230 437,3277"/>
        <Baseline points="437,3277 673,3277"/>
        <TextEquiv conf="0.9999740719795227">
          <Unicode>Anagniae</Unicode>
        </TextEquiv>
      </TextLine>
      <TextLine id="eSc_line_b9f09e43" custom="structure {type:default;}">
        <Coords points="740,3274 740,3305 2710,3303 2710,3274 2708,3235 740,3237 740,3274"/>
        <Baseline points="740,3274 2710,3274"/>
        <TextEquiv conf="0.9999056465170356">
          <Unicode>12764 (8461) (Mauritio) Parisiensi et (Henrico) Silvanectensi episcopis et (Petro) abbati</Unicode>
        </TextEquiv>
      </TextLine>
      <TextLine id="eSc_line_b6dc90a0" custom="structure {type:default;}">
        <Coords points="788,3330 788,3356 2706,3363 2710,3325 2704,3297 786,3297 788,3330"/>
        <Baseline points="788,3330 2710,3325"/>
        <TextEquiv conf="0.9997857954257574">
          <Unicode>S. Remigii Remensis mandat, cogant Hu. pincernam Ludovici, Francorum regis, ut</Unicode>
        </TextEquiv>
      </TextLine>
      <TextLine id="eSc_line_effcc7f0" custom="structure {type:default;}">
        <Coords points="790,3385 788,3407 2706,3418 2710,3389 2708,3356 790,3352 790,3385"/>
        <Baseline points="790,3385 2710,3389"/>
        <TextEquiv conf="0.9936385818674595">
          <Unicode>monachis Cluniacensibus ablatum nemus Sagitta rcstituant. Bouquet Rec. XV. 938,</Unicode>
        </TextEquiv>
      </TextLine>
      <TextLine id="eSc_line_9a8a8263" custom="structure {type:default;}">
        <Coords points="793,3440 795,3491 848,3469 1053,3469 1071,3480 1073,3480 1075,3480 1078,3482 1078,3480 1080,3480 1082,3480 1100,3469 1327,3469 1369,3480 1372,3480 1374,3480 1520,3469 1575,3482 1577,3482 1579,3482 1663,3469 1743,3486 1745,3486 1877,3471 1919,3484 1922,3484 1924,3484 2003,3473 2101,3486 2103,3486 2163,3475 2410,3486 2412,3486 2414,3486 2417,3486 2443,3469 2512,3484 2704,3486 2708,3436 2704,3407 790,3407 793,3440"/>
        <Baseline points="793,3440 2708,3436"/>
        <TextEquiv conf="0.9887466548401632">
          <Unicode>Migne 200 p. 1093: „XI. kal. lan.“. (In bibl. nat. Paris. Coll. Baluxe 46 f. 104:</Unicode>
        </TextEquiv>
      </TextLine>
      <TextLine id="eSc_line_1bdf7dfc" custom="structure {type:default;}">
        <Coords points="793,3498 793,3548 978,3548 980,3551 994,3562 994,3564 996,3564 998,3564 1000,3564 1003,3564 1005,3564 1020,3551 1027,3546 1034,3551 1060,3568 1062,3568 1064,3568 1067,3570 1184,3570 1184,3568 1186,3568 1188,3568 1188,3566 1206,3553 1208,3548 1212,3553 1239,3568 1241,3568 1243,3568 1246,3568 1436,3566 1438,3566 1482,3553 1515,3544 1557,3553 1566,3555 1568,3555 1588,3555 1687,3544 1705,3555 1712,3493 1707,3462 819,3453 817,3453 815,3453 790,3462 793,3498"/>
        <Baseline points="793,3498 1712,3493"/>
        <TextEquiv conf="0.9538526244279815">
          <Unicode>„VI. hal. lan.-). — „Oileeti ali nostri“.</Unicode>
        </TextEquiv>
      </TextLine>
    </TextRegion>
    <TextRegion id="eSc_textblock_b64c96b7"  custom="structure {type:default;}">
      <Coords points="1098,141 1860,141 1913,150 1922,227 1559,253 945,227 954,150 1098,141"/>
      <TextLine id="eSc_line_1f9c63a1" custom="structure {type:default;}">
        <Coords points="972,214 972,240 1884,231 1886,209 1882,163 1794,163 1782,152 1782,150 1780,150 1778,150 1776,150 1774,150 1749,161 1586,147 1584,147 1581,147 1579,147 1568,156 1548,145 1546,145 1544,145 1460,161 1436,145 1433,145 1431,145 1429,145 1427,145 1369,163 1319,147 1316,147 1314,147 1312,147 1283,163 1252,147 1250,147 998,147 996,147 994,147 992,147 969,161 972,214"/>
        <Baseline points="972,214 1886,209"/>
        <TextEquiv conf="0.999696536064148">
          <Unicode>ALEXANDER III. 1159—1181.</Unicode>
        </TextEquiv>
      </TextLine>
    </TextRegion>
    <TextRegion id="eSc_textblock_2099ebf4"  custom="structure {type:default;}">
      <Coords points="2580,150 2741,159 2741,218 2680,253 2567,245 2549,185 2580,150"/>
      <TextLine id="eSc_line_d38537b4" custom="structure {type:default;}">
        <Coords points="2573,212 2573,247 2693,251 2695,207 2688,154 2569,161 2573,212"/>
        <Baseline points="2573,212 2695,207"/>
        <TextEquiv conf="1.0">
          <Unicode>301</Unicode>
        </TextEquiv>
      </TextLine>
    </TextRegion>
    <TextRegion id="eSc_textblock_0553f1ee"  custom="structure {type:default;}">
      <Coords points="375,1342 386,1342 386,1349 371,1349 375,1342"/>
    </TextRegion>
  </Page>
</PcGts>
