<?xml version="1.0" encoding="UTF-8"  standalone="yes"?>
<PcGts xmlns="http://schema.primaresearch.org/PAGE/gts/pagecontent/2019-07-15" xmlns:xsi="http://www.w3.org/2001/XMLSchema-instance" xsi:schemaLocation="http://schema.primaresearch.org/PAGE/gts/pagecontent/2019-07-15 http://schema.primaresearch.org/PAGE/gts/pagecontent/2019-07-15/pagecontent.xsd">
  <Metadata>
	<Creator>escriptorium</Creator>
	<Created>2024-07-19T10:11:28.792994+00:00</Created>
        <LastChange>2024-08-08T08:40:40.973283+00:00</LastChange>
  </Metadata>
  <Page imageFilename="0321.png" imageWidth="3007" imageHeight="3975">
    <TextRegion id="eSc_textblock_c760c5f6"  custom="structure {type:default;}">
      <Coords points="285,212 404,212 421,280 282,306 256,256 285,212"/>
      <TextLine id="eSc_line_fbbff04f" custom="structure {type:default;}">
        <Coords points="395,218 280,212 285,271 285,306 406,300 406,267 402,227 395,218"/>
        <Baseline points="285,271 406,267"/>
        <TextEquiv conf="1.0">
          <Unicode>308</Unicode>
        </TextEquiv>
      </TextLine>
    </TextRegion>
    <TextRegion id="eSc_textblock_b2f0046d"  custom="structure {type:default;}">
      <Coords points="1813,353 2847,362 2865,388 2847,3548 2812,3575 927,3584 848,3575 819,3522 757,3557 556,3548 539,3407 510,3557 291,3557 256,3478 256,406 309,362 545,424 828,397 883,362 1813,353"/>
      <TextLine id="eSc_line_4ae0a07f" custom="structure {type:default;}">
        <Coords points="1226,357 1224,357 1221,357 1221,359 1210,371 1206,373 1193,371 1135,359 1133,359 1131,359 1129,359 1111,371 1109,373 1106,371 1084,359 1082,359 1080,359 965,373 958,373 954,373 888,359 870,366 848,382 830,390 828,421 828,441 2216,443 2220,408 2213,359 2006,368 1964,362 1928,355 1926,355 1924,355 1922,355 1913,362 1900,371 1827,371 1813,364 1794,355 1791,355 1789,355 1787,355 1763,364 1749,368 1738,364 1718,355 1716,355 1714,355 1712,355 1690,364 1683,368 1674,364 1654,355 1652,355 1650,355 1648,355 1646,355 1630,366 1619,373 1555,373 1537,366 1504,357 1502,357 1500,357 1497,357 1495,357 1484,366 1480,373 1418,373 1414,368 1402,357 1400,357 1398,357 1343,357 1341,357 1338,357 1303,368 1296,371 1288,368 1228,357 1226,357"/>
        <Baseline points="828,421 1098,412 2220,408"/>
        <TextEquiv conf="0.9877110719680786">
          <Unicode>1177. (Ind. 10. — 25. Sept. — 11, pont. a. 18. — 20. Sept. — 19.)</Unicode>
        </TextEquiv>
      </TextLine>
      <TextLine id="eSc_line_1eda0054" custom="structure {type:default;}">
        <Coords points="309,483 309,510 2810,512 2814,479 2810,439 307,435 309,483"/>
        <Baseline points="309,483 2814,479"/>
        <TextEquiv conf="0.9982917686658246">
          <Unicode>Mai. 26. Venetiis in 12847 (8489) Welfoni duci significat, se ecclesiae (Steingadensis), ab episcopo Frisingensi</Unicode>
        </TextEquiv>
      </TextLine>
      <TextLine id="eSc_line_451e7a6a" custom="structure {type:default;}">
        <Coords points="561,536 561,571 793,565 795,532 790,505 572,496 570,496 567,496 565,496 565,499 558,503 561,536"/>
        <Baseline points="561,536 795,532"/>
        <TextEquiv conf="0.999995748202006">
          <Unicode>Rivo alto</Unicode>
        </TextEquiv>
      </TextLine>
      <TextLine id="eSc_line_65ecae88" custom="structure {type:default;}">
        <Coords points="905,536 905,558 2819,558 2819,536 2816,503 905,503 905,536"/>
        <Baseline points="905,536 2819,536"/>
        <TextEquiv conf="0.9994823977351188">
          <Unicode>consecratae, defensionem contra episcopum Augustensem suscepisse. Mon. Boic. VI.</Unicode>
        </TextEquiv>
      </TextLine>
      <TextLine id="eSc_line_45a4ce60" custom="structure {type:default;}">
        <Coords points="910,589 910,616 2819,616 2819,589 2819,556 910,556 910,589"/>
        <Baseline points="910,589 2819,589"/>
        <TextEquiv conf="0.9951269205023603">
          <Unicode>490, Hund III. 354, Migne 200 p. 1116, cf. Forsch. f. d. Gesch. XXII. 670 et infra</Unicode>
        </TextEquiv>
      </TextLine>
      <TextLine id="eSc_line_f010d5a8" custom="structure {type:default;}">
        <Coords points="908,644 908,662 938,675 941,675 943,675 945,675 987,662 989,662 998,662 1126,675 1129,675 1131,675 1133,675 1133,673 1146,662 1201,662 1210,662 1283,675 1285,675 1367,673 1369,673 1372,673 1391,660 1409,673 1411,673 1414,673 1416,675 1637,675 1637,673 1639,673 1685,658 1685,640 1679,611 905,611 908,644"/>
        <Baseline points="908,644 1685,640"/>
        <TextEquiv conf="0.9753627081712087">
          <Unicode>ep. 12867 — „Cum sciamus, te“.</Unicode>
        </TextEquiv>
      </TextLine>
      <TextLine id="eSc_line_5ae68156" custom="structure {type:default;}">
        <Coords points="859,700 859,726 2816,728 2821,695 2816,664 1866,653 1864,653 1862,653 1833,664 927,655 925,655 857,666 859,700"/>
        <Baseline points="859,700 2821,695"/>
        <TextEquiv conf="0.9989242029477314">
          <Unicode>12848 Monasterium S. Salvii Florentinum confirmat. Soldani Hist. mon. de Passiniano</Unicode>
        </TextEquiv>
      </TextLine>
      <TextLine id="eSc_line_c76ba465" custom="structure {type:default;}">
        <Coords points="338,704 338,742 424,724 448,739 450,739 452,739 514,742 517,700 510,622 450,624 448,624 446,624 446,627 428,644 404,671 335,671 338,704"/>
        <Baseline points="338,704 517,700"/>
        <TextEquiv conf="0.9513302803039551">
          <Unicode>„ 27.</Unicode>
        </TextEquiv>
      </TextLine>
      <TextLine id="eSc_line_f0e358c6" custom="structure {type:default;}">
        <Coords points="647,713 645,748 724,757 729,717 729,675 649,662 647,713"/>
        <Baseline points="647,713 729,717"/>
        <TextEquiv conf="0.9957705140113831">
          <Unicode>„</Unicode>
        </TextEquiv>
      </TextLine>
      <TextLine id="eSc_line_e504f747" custom="structure {type:default;}">
        <Coords points="908,755 908,783 958,772 994,783 1007,786 1009,786 1011,786 1036,781 1082,772 1129,779 1173,786 1175,786 1531,783 1601,768 1604,750 1597,719 905,724 908,755"/>
        <Baseline points="908,755 1604,750"/>
        <TextEquiv conf="0.999990716062743">
          <Unicode>p. 270. — „Iustis petentium“.</Unicode>
        </TextEquiv>
      </TextLine>
      <TextLine id="eSc_line_db093055" custom="structure {type:default;}">
        <Coords points="857,808 857,832 2816,832 2819,803 2812,772 855,775 857,808"/>
        <Baseline points="857,808 2819,803"/>
        <TextEquiv conf="0.9999656805509254">
          <Unicode>12849 (8490) Ecclesiam S. Mariae de Charitate Venetam, a sese dedicatam „qui in</Unicode>
        </TextEquiv>
      </TextLine>
      <TextLine id="eSc_line_5abbec6c" custom="structure {type:default;}">
        <Coords points="342,814 344,850 391,839 426,843 483,850 486,850 488,850 517,834 517,810 512,777 448,761 446,761 340,779 342,814"/>
        <Baseline points="342,814 517,810"/>
        <TextEquiv conf="0.9998271822929382">
          <Unicode>„ 29.</Unicode>
        </TextEquiv>
      </TextLine>
      <TextLine id="eSc_line_e3c0e2b9" custom="structure {type:default;}">
        <Coords points="642,825 645,865 735,841 735,821 729,779 638,779 642,825"/>
        <Baseline points="642,825 735,821"/>
        <TextEquiv conf="0.9998409748077393">
          <Unicode>„</Unicode>
        </TextEquiv>
      </TextLine>
      <TextLine id="eSc_line_ca084393" custom="structure {type:default;}">
        <Coords points="908,863 908,885 2819,883 2821,859 2816,830 1007,821 1005,821 905,832 908,863"/>
        <Baseline points="908,863 2821,859"/>
        <TextEquiv conf="0.9957055041323537">
          <Unicode>anniversario dedicationis vel tribus diebus ante vel post visitaverint“, iis „de poenitentia</Unicode>
        </TextEquiv>
      </TextLine>
      <TextLine id="eSc_line_1d6765c1" custom="structure {type:default;}">
        <Coords points="908,918 908,938 2816,942 2821,914 2814,883 905,885 908,918"/>
        <Baseline points="908,918 2821,914"/>
        <TextEquiv conf="0.9979755711264726">
          <Unicode>sibi iniuncta viginti dies indulget“. Muratori Ant. It. V. 763, Migne 200 p. 1116:</Unicode>
        </TextEquiv>
      </TextLine>
      <TextLine id="eSc_line_d990730d" custom="structure {type:default;}">
        <Coords points="910,976 910,1004 2821,1004 2821,976 2819,940 910,940 910,976"/>
        <Baseline points="910,976 2821,976"/>
        <TextEquiv conf="0.9961555662543274">
          <Unicode>„IV. kal. Iunii“, Cornelii Eccl. Ven. V. 161 et Pennotti Ord. cleric. canon. hist. ed.</Unicode>
        </TextEquiv>
      </TextLine>
      <TextLine id="eSc_line_904f7ebf" custom="structure {type:default;}">
        <Coords points="908,1024 905,1040 930,1053 932,1053 1025,1055 1027,1055 1029,1055 1060,1044 1106,1055 1109,1055 1111,1055 1113,1055 1115,1055 1115,1053 1129,1042 1182,1055 1184,1055 1186,1055 1354,1042 1391,1055 1394,1055 1396,1055 1458,1042 1486,1055 1489,1055 1491,1055 1657,1044 1670,1055 1670,1057 1672,1057 1674,1057 1676,1060 1849,1060 1849,1057 1919,1044 1957,1057 1959,1057 1961,1057 2065,1046 2087,1057 2090,1057 2092,1057 2158,1042 2160,1029 2158,1000 2065,984 2063,984 2061,984 2059,984 2043,998 2043,1000 1763,1000 1758,998 1712,984 1710,984 1707,984 1705,984 1703,984 1690,998 1687,1000 1568,1000 1564,998 1526,982 1524,982 1522,982 1440,993 1422,982 1420,982 1418,982 1416,982 1414,982 1411,982 1396,995 1380,982 1378,982 1376,982 1374,982 1372,982 1343,995 1330,982 1327,982 1325,982 1323,982 1257,995 1252,995 1250,995 1182,982 1179,982 1177,982 1144,995 1142,998 1018,998 1016,995 987,982 985,982 983,982 908,993 908,1024"/>
        <Baseline points="908,1024 2160,1029"/>
        <TextEquiv conf="0.9998284461451512">
          <Unicode>Colon. p. 605: IV. kal. Iulii. — „Cum pro commodo“.</Unicode>
        </TextEquiv>
      </TextLine>
      <TextLine id="eSc_line_b6ca22ba" custom="structure {type:default;}">
        <Coords points="857,1082 857,1108 888,1124 890,1124 892,1124 987,1108 1137,1124 1140,1124 1248,1108 1254,1108 1394,1108 1396,1108 1427,1124 1429,1124 1431,1124 1502,1110 1513,1108 1522,1110 1592,1124 1595,1126 1866,1126 1866,1124 1869,1124 1871,1124 1889,1110 1893,1108 1915,1110 1990,1124 1992,1126 2169,1126 2169,1124 2233,1113 2266,1108 2819,1115 2821,1082 2821,1048 2768,1035 2766,1035 2715,1046 2691,1035 2688,1035 2302,1035 2299,1035 2297,1035 2295,1035 2284,1044 2277,1048 2244,1044 2200,1037 2198,1037 2196,1037 2180,1044 2167,1051 1950,1051 1937,1042 1928,1035 1926,1035 1924,1035 1922,1035 1919,1035 1917,1035 1908,1042 1900,1048 1641,1048 1590,1040 1566,1035 1564,1035 1562,1035 1559,1035 1555,1040 1539,1051 1449,1051 1427,1037 1420,1035 1418,1035 1416,1035 1414,1035 1407,1037 1380,1051 1248,1051 1226,1037 1224,1035 1221,1035 1219,1035 1217,1035 1204,1037 1129,1048 857,1035 857,1082"/>
        <Baseline points="857,1082 2821,1082"/>
        <TextEquiv conf="0.995296220887791">
          <Unicode>12850 Filiis infirmis ecclesiae Lingonensis privilegium concedit. Neues Archiv VII. 103.</Unicode>
        </TextEquiv>
      </TextLine>
      <TextLine id="eSc_line_6f13cc4b" custom="structure {type:default;}">
        <Coords points="338,1090 338,1137 512,1135 510,1079 503,1015 331,1015 338,1090"/>
        <Baseline points="338,1090 510,1079"/>
        <TextEquiv conf="0.9682376384735107">
          <Unicode>„ 29.</Unicode>
        </TextEquiv>
      </TextLine>
      <TextLine id="eSc_line_d6169607" custom="structure {type:default;}">
        <Coords points="640,1097 640,1137 731,1137 731,1097 731,1015 640,1011 640,1097"/>
        <Baseline points="640,1097 731,1097"/>
        <TextEquiv conf="1.0">
          <Unicode>„</Unicode>
        </TextEquiv>
      </TextLine>
      <TextLine id="eSc_line_30537308" custom="structure {type:default;}">
        <Coords points="908,1137 908,1152 1299,1163 1301,1163 1303,1163 1354,1148 1354,1132 1347,1095 905,1108 908,1137"/>
        <Baseline points="908,1137 1354,1132"/>
        <TextEquiv conf="0.9973394800634945">
          <Unicode>— „Ex susceptae“.</Unicode>
        </TextEquiv>
      </TextLine>
      <TextLine id="eSc_line_36085718" custom="structure {type:default;}">
        <Coords points="1102,1137 1100,1137 1075,1148 1064,1154 1000,1154 987,1148 967,1137 965,1137 963,1137 855,1146 857,1190 857,1214 2814,1219 2819,1185 2814,1152 2249,1152 2244,1150 2193,1137 2191,1137 2189,1137 2187,1137 2156,1148 2136,1135 2134,1135 2132,1135 1838,1135 1836,1135 1736,1148 1705,1154 1588,1154 1579,1148 1570,1141 1568,1141 1566,1141 1564,1141 1562,1141 1546,1148 1537,1152 1531,1148 1515,1137 1513,1137 1511,1137 1509,1137 1506,1137 1464,1148 1462,1148 1458,1148 1367,1137 1365,1137 1363,1137 1360,1137 1345,1148 1336,1154 1175,1154 1151,1148 1104,1137 1102,1137"/>
        <Baseline points="857,1190 2819,1185"/>
        <TextEquiv conf="0.9940336006028312">
          <Unicode>12851 (8542) *Inter Symonem, monasterii S. Bertini Sithiensis abbatem, et abbatissam</Unicode>
        </TextEquiv>
      </TextLine>
      <TextLine id="eSc_line_ed6b7ac3" custom="structure {type:default;}">
        <Coords points="333,1196 333,1221 360,1230 362,1230 364,1230 366,1230 368,1230 368,1227 375,1223 386,1210 424,1210 457,1225 463,1227 466,1227 468,1227 514,1225 514,1192 510,1148 331,1139 333,1196"/>
        <Baseline points="333,1196 514,1192"/>
        <TextEquiv conf="0.9993788003921509">
          <Unicode>„ 29.</Unicode>
        </TextEquiv>
      </TextLine>
      <TextLine id="eSc_line_3dbfb900" custom="structure {type:default;}">
        <Coords points="640,1207 640,1243 671,1258 673,1258 676,1258 733,1247 733,1203 729,1172 669,1159 667,1159 665,1159 638,1170 640,1207"/>
        <Baseline points="640,1207 733,1203"/>
        <TextEquiv conf="1.0">
          <Unicode>„</Unicode>
        </TextEquiv>
      </TextLine>
      <TextLine id="eSc_line_e21ecdb1" custom="structure {type:default;}">
        <Coords points="908,1241 905,1260 2814,1269 2819,1249 2816,1219 2200,1219 2185,1216 2105,1205 2103,1205 1977,1214 1944,1216 1915,1214 1807,1203 1805,1203 1802,1203 1763,1214 1760,1214 1756,1214 1725,1203 1723,1203 1721,1203 1493,1212 1444,1214 1431,1212 1365,1201 1363,1201 908,1210 908,1241"/>
        <Baseline points="908,1241 2819,1249"/>
        <TextEquiv conf="0.9973047361141298">
          <Unicode>Burburgensem, de decima novae paludis litigantes, iudices quosdam constituit. Vid.</Unicode>
        </TextEquiv>
      </TextLine>
      <TextLine id="eSc_line_e92363f2" custom="structure {type:default;}">
        <Coords points="908,1300 908,1320 2200,1329 2202,1300 2202,1267 908,1258 908,1300"/>
        <Baseline points="908,1300 2202,1300"/>
        <TextEquiv conf="0.9995628392921304">
          <Unicode>Iohannis Longi chron. S. Bertini in MG. SS. XXV. 813.</Unicode>
        </TextEquiv>
      </TextLine>
      <TextLine id="eSc_line_20a5a812" custom="structure {type:default;}">
        <Coords points="857,1358 857,1380 2814,1382 2819,1351 2814,1318 855,1313 857,1358"/>
        <Baseline points="857,1358 2819,1351"/>
        <TextEquiv conf="0.9954801711691431">
          <Unicode>12852 Bozoto advocato, qui bona sua in loco Epeia (Lepeia) sita b. Petro obtulerat,</Unicode>
        </TextEquiv>
      </TextLine>
      <TextLine id="eSc_line_7769a8e0" custom="structure {type:default;}">
        <Coords points="335,1362 335,1382 514,1378 514,1355 510,1309 333,1309 335,1362"/>
        <Baseline points="335,1362 514,1355"/>
        <TextEquiv conf="0.9999501347541809">
          <Unicode>„ 30.</Unicode>
        </TextEquiv>
      </TextLine>
      <TextLine id="eSc_line_7b7b2c55" custom="structure {type:default;}">
        <Coords points="636,1373 638,1426 733,1426 733,1369 724,1241 629,1238 636,1373"/>
        <Baseline points="636,1373 733,1369"/>
        <TextEquiv conf="0.9999995231628418">
          <Unicode>„</Unicode>
        </TextEquiv>
      </TextLine>
      <TextLine id="eSc_line_0f0841eb" custom="structure {type:default;}">
        <Coords points="908,1413 908,1435 2816,1435 2819,1408 2814,1378 905,1371 908,1413"/>
        <Baseline points="908,1413 2819,1408"/>
        <TextEquiv conf="0.994380655709435">
          <Unicode>indulget, ut ecclesiam ibi aedificet. Libertate eam donat, imposito clericis duodecim</Unicode>
        </TextEquiv>
      </TextLine>
      <TextLine id="eSc_line_b2c52ae6" custom="structure {type:default;}">
        <Coords points="908,1464 908,1488 2819,1490 2821,1464 2821,1431 908,1424 908,1464"/>
        <Baseline points="908,1464 2821,1464"/>
        <TextEquiv conf="0.9998613028299241">
          <Unicode>denariorum Mediolanensium tributo annuo, Lateranensi palatio persolvendo. Biancolini</Unicode>
        </TextEquiv>
      </TextLine>
      <TextLine id="eSc_line_ede25279" custom="structure {type:default;}">
        <Coords points="908,1521 908,1541 1122,1550 1124,1550 1208,1541 1230,1539 1246,1541 1305,1550 1307,1550 1310,1550 1330,1539 1334,1537 1482,1537 1500,1539 1559,1550 1562,1550 1564,1550 1588,1539 1592,1537 1610,1539 1683,1548 1685,1548 2160,1534 2163,1510 2158,1484 2030,1472 2028,1472 1752,1484 1721,1472 1718,1472 1716,1472 1657,1486 1650,1486 1634,1486 1506,1475 1504,1475 1418,1486 1400,1488 1396,1486 1378,1477 1376,1477 1374,1477 1294,1488 1283,1488 1281,1488 1272,1479 1272,1477 1270,1477 1268,1477 1164,1477 1162,1477 1159,1477 1157,1477 1157,1479 1146,1488 1146,1490 1140,1488 1117,1479 1115,1479 1113,1479 1111,1479 1087,1488 1082,1490 1075,1488 1051,1479 1049,1479 1047,1479 905,1488 908,1521"/>
        <Baseline points="908,1521 2163,1510"/>
        <TextEquiv conf="0.9938481939690453">
          <Unicode>Not. stor. di Ver. V. II. 133. — „Presentibus litteris.“</Unicode>
        </TextEquiv>
      </TextLine>
      <TextLine id="eSc_line_f414cb3b" custom="structure {type:default;}">
        <Coords points="859,1576 859,1598 2814,1603 2819,1572 2812,1534 857,1534 859,1576"/>
        <Baseline points="859,1576 2819,1572"/>
        <TextEquiv conf="0.9958955986159188">
          <Unicode>12853 (8491) Capituli Mutinensis legem, ne canonicis extra morantibus, nisi forte in</Unicode>
        </TextEquiv>
      </TextLine>
      <TextLine id="eSc_line_a20cfe10" custom="structure {type:default;}">
        <Coords points="338,1581 338,1609 512,1596 512,1572 508,1528 437,1514 435,1514 433,1514 430,1514 395,1539 386,1545 335,1545 338,1581"/>
        <Baseline points="338,1581 512,1572"/>
        <TextEquiv conf="0.994539213180542">
          <Unicode>„ 30.</Unicode>
        </TextEquiv>
      </TextLine>
      <TextLine id="eSc_line_60ec19d4" custom="structure {type:default;}">
        <Coords points="638,1647 731,1649 733,1592 729,1539 693,1552 640,1532 638,1592 638,1647"/>
        <Baseline points="638,1592 733,1592"/>
        <TextEquiv conf="1.0">
          <Unicode>„</Unicode>
        </TextEquiv>
      </TextLine>
      <TextLine id="eSc_line_cc17a97b" custom="structure {type:default;}">
        <Coords points="908,1629 908,1658 2814,1658 2816,1623 2810,1592 905,1596 908,1629"/>
        <Baseline points="908,1629 2816,1623"/>
        <TextEquiv conf="0.9978172073419067">
          <Unicode>scholis fuerint, beneficia conferantur, sancit. Tiraboschi Mem. Mod. III. 70, Migne 200</Unicode>
        </TextEquiv>
      </TextLine>
      <TextLine id="eSc_line_a9419480" custom="structure {type:default;}">
        <Coords points="905,1684 905,1713 1310,1713 1310,1711 1312,1711 1332,1702 1341,1700 1383,1702 1511,1711 1513,1711 1515,1711 1562,1698 1562,1680 1555,1643 903,1649 905,1684"/>
        <Baseline points="905,1684 1562,1680"/>
        <TextEquiv conf="0.9885976433753967">
          <Unicode>p. 1117. — „Cum velimus“.</Unicode>
        </TextEquiv>
      </TextLine>
      <TextLine id="eSc_line_8371f887" custom="structure {type:default;}">
        <Coords points="857,1737 857,1764 2819,1764 2819,1737 2819,1704 857,1700 857,1737"/>
        <Baseline points="857,1737 2819,1737"/>
        <TextEquiv conf="0.9949924322691831">
          <Unicode>12854 (8492) Intra paroecias Mutinenses iniussu episcopi et capituli Mutinensis construi</Unicode>
        </TextEquiv>
      </TextLine>
      <TextLine id="eSc_line_07691138" custom="structure {type:default;}">
        <Coords points="338,1744 338,1786 514,1768 514,1740 508,1691 335,1691 338,1744"/>
        <Baseline points="338,1744 514,1740"/>
        <TextEquiv conf="0.998203718662262">
          <Unicode>„ 30.</Unicode>
        </TextEquiv>
      </TextLine>
      <TextLine id="eSc_line_2b2252a1" custom="structure {type:default;}">
        <Coords points="640,1757 640,1775 733,1777 735,1757 733,1693 640,1704 640,1757"/>
        <Baseline points="640,1757 735,1757"/>
        <TextEquiv conf="1.0">
          <Unicode>„</Unicode>
        </TextEquiv>
      </TextLine>
      <TextLine id="eSc_line_5e504949" custom="structure {type:default;}">
        <Coords points="905,1793 905,1817 2816,1813 2819,1788 2812,1760 903,1762 905,1793"/>
        <Baseline points="905,1793 2819,1788"/>
        <TextEquiv conf="0.9986524670212357">
          <Unicode>ecclesias vetat. Tiraboschi Mem. Mod. III. 70, Migne 200 p. 1118. — „Viris eccle-</Unicode>
        </TextEquiv>
      </TextLine>
      <TextLine id="eSc_line_bdba9bd2" custom="structure {type:default;}">
        <Coords points="905,1848 905,1868 1124,1870 1126,1848 1124,1806 905,1813 905,1848"/>
        <Baseline points="905,1848 1126,1848"/>
        <TextEquiv conf="0.9994537125934254">
          <Unicode>siasticis“.</Unicode>
        </TextEquiv>
      </TextLine>
      <TextLine id="eSc_line_a482306d" custom="structure {type:default;}">
        <Coords points="857,1903 857,1925 2816,1923 2819,1899 2812,1848 2719,1863 2361,1863 2341,1852 2337,1850 2335,1850 2333,1850 2295,1852 2185,1861 2171,1855 2163,1850 2160,1850 2158,1850 2156,1850 2147,1855 2129,1861 2103,1855 2076,1848 2074,1848 2072,1848 2070,1848 2039,1855 2012,1861 1944,1857 1838,1848 1836,1848 1703,1859 1668,1861 1663,1859 1650,1850 1648,1850 1646,1850 1513,1850 1511,1850 1509,1850 1478,1861 1469,1863 1414,1861 1131,1850 1129,1850 1014,1863 883,1850 881,1850 879,1850 877,1850 855,1861 857,1903"/>
        <Baseline points="857,1903 2819,1899"/>
        <TextEquiv conf="0.9949347419398171">
          <Unicode>12855 (8493) Sententiam ab Equilino et Torcellano episcopis latam, ut monachi S. Ni-</Unicode>
        </TextEquiv>
      </TextLine>
      <TextLine id="eSc_line_8ec44858" custom="structure {type:default;}">
        <Coords points="335,1912 335,1925 514,1919 514,1905 508,1850 333,1855 335,1912"/>
        <Baseline points="335,1912 514,1905"/>
        <TextEquiv conf="0.9998655319213867">
          <Unicode>„ 31.</Unicode>
        </TextEquiv>
      </TextLine>
      <TextLine id="eSc_line_a3c07d4a" custom="structure {type:default;}">
        <Coords points="636,1919 636,1976 731,2005 735,1919 733,1852 636,1857 636,1919"/>
        <Baseline points="636,1919 735,1919"/>
        <TextEquiv conf="1.0">
          <Unicode>„</Unicode>
        </TextEquiv>
      </TextLine>
      <TextLine id="eSc_line_219cf9bf" custom="structure {type:default;}">
        <Coords points="908,1958 908,1983 2819,1978 2821,1954 2816,1921 905,1919 908,1958"/>
        <Baseline points="908,1958 2821,1954"/>
        <TextEquiv conf="0.9944907873868942">
          <Unicode>colai Vitalem, episcopum Castellanum (Venetum), die ascensionis domini recipiant „ad</Unicode>
        </TextEquiv>
      </TextLine>
      <TextLine id="eSc_line_106e0199" custom="structure {type:default;}">
        <Coords points="908,2011 905,2036 2812,2047 2816,2016 2814,1983 908,1978 908,2011"/>
        <Baseline points="908,2011 2816,2016"/>
        <TextEquiv conf="0.994135716339437">
          <Unicode>processionem et ad refectionem praestandam“, confirmat. Ughelli It. sacr. V. 1245,</Unicode>
        </TextEquiv>
      </TextLine>
      <TextLine id="eSc_line_4193fac1" custom="structure {type:default;}">
        <Coords points="908,2067 908,2086 952,2100 954,2100 956,2100 1064,2089 1168,2089 1179,2097 1179,2100 1182,2100 1184,2100 1186,2100 1188,2100 1235,2089 1288,2100 1290,2100 1380,2089 1462,2089 1473,2097 1473,2100 1475,2100 1478,2100 1480,2100 1911,2086 1911,2067 1911,2031 908,2027 908,2067"/>
        <Baseline points="908,2067 1911,2067"/>
        <TextEquiv conf="0.9971572786569596">
          <Unicode>Migne 200 p. 1118. — „Ea, quae iudicio“.</Unicode>
        </TextEquiv>
      </TextLine>
      <TextLine id="eSc_line_d9ba1337" custom="structure {type:default;}">
        <Coords points="857,2122 857,2146 2819,2142 2821,2117 2814,2080 855,2080 857,2122"/>
        <Baseline points="857,2122 2821,2117"/>
        <TextEquiv conf="0.9977399968519444">
          <Unicode>12856 (Iulio) episcopo et praeposito Florentino mandat, ut parthenonem S. Petri de</Unicode>
        </TextEquiv>
      </TextLine>
      <TextLine id="eSc_line_99a8b952" custom="structure {type:default;}">
        <Coords points="342,2131 342,2164 514,2157 514,2124 508,2062 338,2071 342,2131"/>
        <Baseline points="342,2131 514,2124"/>
        <TextEquiv conf="0.9999997854232788">
          <Unicode>„ 31.</Unicode>
        </TextEquiv>
      </TextLine>
      <TextLine id="eSc_line_a0a4d318" custom="structure {type:default;}">
        <Coords points="640,2139 640,2166 733,2159 733,2139 729,2071 640,2093 640,2139"/>
        <Baseline points="640,2139 733,2139"/>
        <TextEquiv conf="0.9999995231628418">
          <Unicode>„</Unicode>
        </TextEquiv>
      </TextLine>
      <TextLine id="eSc_line_d6d8160e" custom="structure {type:default;}">
        <Coords points="908,2179 908,2199 2814,2206 2819,2175 2812,2144 905,2144 908,2179"/>
        <Baseline points="908,2179 2819,2175"/>
        <TextEquiv conf="0.9961621617448742">
          <Unicode>Luco „in decimis, sepulturis et aliis“, quae ei concessa sunt, foveant. Pflugk-Harttung</Unicode>
        </TextEquiv>
      </TextLine>
      <TextLine id="eSc_line_81c54c5a" custom="structure {type:default;}">
        <Coords points="908,2232 908,2252 1219,2263 1221,2263 1325,2252 1383,2263 1385,2263 1608,2250 1621,2250 1623,2250 1648,2261 1650,2261 1652,2263 1829,2263 1829,2261 1831,2261 1877,2248 1877,2228 1871,2195 905,2199 908,2232"/>
        <Baseline points="908,2232 1877,2228"/>
        <TextEquiv conf="0.9999337043517675">
          <Unicode>Acta III. 257. — „Attendentes quomodo“.</Unicode>
        </TextEquiv>
      </TextLine>
      <TextLine id="eSc_line_338321b5" custom="structure {type:default;}">
        <Coords points="857,2285 857,2312 2816,2312 2819,2281 2814,2250 855,2243 857,2285"/>
        <Baseline points="857,2285 2819,2281"/>
        <TextEquiv conf="0.9993549801409245">
          <Unicode>12857 (9149) (Adelberto) archiepiscopo Salzburgensi mandat, ut H. et C. et eorum</Unicode>
        </TextEquiv>
      </TextLine>
      <TextLine id="eSc_line_3d1a0064" custom="structure {type:default;}">
        <Coords points="307,2294 304,2329 335,2345 338,2345 340,2345 342,2345 413,2314 415,2298 413,2234 309,2237 307,2294"/>
        <Baseline points="307,2294 415,2298"/>
        <TextEquiv conf="0.9999937216440836">
          <Unicode>(„)</Unicode>
        </TextEquiv>
      </TextLine>
      <TextLine id="eSc_line_49f49f5f" custom="structure {type:default;}">
        <Coords points="631,2294 627,2354 733,2347 737,2298 737,2177 634,2177 631,2294"/>
        <Baseline points="631,2294 737,2298"/>
        <TextEquiv conf="0.9998643199602762">
          <Unicode>(„)</Unicode>
        </TextEquiv>
      </TextLine>
      <TextLine id="eSc_line_d0d18c81" custom="structure {type:default;}">
        <Coords points="908,2340 908,2365 2819,2360 2821,2336 2814,2307 905,2309 908,2340"/>
        <Baseline points="908,2340 2821,2336"/>
        <TextEquiv conf="0.9967926683196102">
          <Unicode>filios cogat ad restituendum monasterio S. Quirini (Tegernseensi) praedium, in loco</Unicode>
        </TextEquiv>
      </TextLine>
      <TextLine id="eSc_line_99a0fdb5" custom="structure {type:default;}">
        <Coords points="910,2396 910,2420 2812,2415 2814,2391 2808,2354 908,2360 910,2396"/>
        <Baseline points="910,2396 2814,2391"/>
        <TextEquiv conf="0.995255649825673">
          <Unicode>Salinarum positum. (Fechnero in Arch. f. Kunde österr. Gesch. XXI. 328 annus 1177</Unicode>
        </TextEquiv>
      </TextLine>
      <TextLine id="eSc_line_e1f5130d" custom="structure {type:default;}">
        <Coords points="910,2449 910,2475 2816,2473 2816,2449 2814,2411 910,2413 910,2449"/>
        <Baseline points="910,2449 2816,2449"/>
        <TextEquiv conf="0.9978496701944441">
          <Unicode>et mensis Maius probabilis videtur; Meiller Reg. arch. Salisb. p. 119 hanc epistolam</Unicode>
        </TextEquiv>
      </TextLine>
      <TextLine id="eSc_line_aa961a7a" custom="structure {type:default;}">
        <Coords points="908,2506 908,2530 2816,2526 2819,2502 2812,2471 905,2473 908,2506"/>
        <Baseline points="908,2506 2819,2502"/>
        <TextEquiv conf="0.9918130622512993">
          <Unicode>anno 1169 ascribit, sed qua ratione fecerit, non apparet.) Pez Thes. anecd. VI. I. 396.</Unicode>
        </TextEquiv>
      </TextLine>
      <TextLine id="eSc_line_ca02bdd4" custom="structure {type:default;}">
        <Coords points="908,2557 908,2577 980,2577 994,2588 994,2590 996,2590 998,2590 1000,2590 1091,2579 1115,2590 1117,2590 1120,2592 1303,2592 1303,2590 1305,2590 1356,2574 1356,2557 1354,2526 908,2526 908,2557"/>
        <Baseline points="908,2557 1356,2557"/>
        <TextEquiv conf="0.9860130583538729">
          <Unicode>— „Ex questione“.</Unicode>
        </TextEquiv>
      </TextLine>
      <TextLine id="eSc_line_f6b2f4ab" custom="structure {type:default;}">
        <Coords points="857,2610 857,2638 2821,2638 2821,2610 2819,2574 857,2574 857,2610"/>
        <Baseline points="857,2610 2821,2610"/>
        <TextEquiv conf="0.9999597130051578">
          <Unicode>12858 (Theobaldo) Ambianensi et (Frumoldo) Atrebatensi episcopis mandat, curent, ne</Unicode>
        </TextEquiv>
      </TextLine>
      <TextLine id="eSc_line_628befa2" custom="structure {type:default;}">
        <Coords points="300,2614 300,2654 517,2643 517,2610 514,2517 470,2504 468,2504 466,2504 426,2510 380,2519 362,2506 357,2504 355,2504 353,2504 296,2504 300,2614"/>
        <Baseline points="300,2614 517,2610"/>
        <TextEquiv conf="0.8621820892606463">
          <Unicode>tmn. 1.</Unicode>
        </TextEquiv>
      </TextLine>
      <TextLine id="eSc_line_74de1b18" custom="structure {type:default;}">
        <Coords points="623,2630 623,2645 724,2641 726,2627 720,2510 618,2515 623,2630"/>
        <Baseline points="623,2630 726,2627"/>
        <TextEquiv conf="0.9999765157699585">
          <Unicode>„</Unicode>
        </TextEquiv>
      </TextLine>
      <TextLine id="eSc_line_e645b1d1" custom="structure {type:default;}">
        <Coords points="908,2667 908,2691 2814,2687 2816,2663 2810,2634 905,2636 908,2667"/>
        <Baseline points="908,2667 2816,2663"/>
        <TextEquiv conf="0.9915279687186818">
          <Unicode>abbas Compendiensis fratribus Ursicampi novas exactiones imponat super domo, quam</Unicode>
        </TextEquiv>
      </TextLine>
      <TextLine id="eSc_line_a1f9cde1" custom="structure {type:default;}">
        <Coords points="910,2720 910,2747 2816,2744 2816,2720 2814,2685 910,2689 910,2720"/>
        <Baseline points="910,2720 2816,2720"/>
        <TextEquiv conf="0.9997687393274063">
          <Unicode>decanus Belvacensis sub quinque solidorum censu annuo, monasterio Compendiensi</Unicode>
        </TextEquiv>
      </TextLine>
      <TextLine id="eSc_line_1c8d7134" custom="structure {type:default;}">
        <Coords points="910,2778 910,2800 2816,2809 2819,2778 2819,2747 910,2747 910,2778"/>
        <Baseline points="910,2778 2819,2778"/>
        <TextEquiv conf="0.9950772062653587">
          <Unicode>solvendo, eis tradiderit. (Perperam Alexandro IV. tribuitur.) Peigné-Delacourt Cart.</Unicode>
        </TextEquiv>
      </TextLine>
      <TextLine id="eSc_line_b8fdff93" custom="structure {type:default;}">
        <Coords points="910,2831 910,2850 1988,2853 1990,2831 1990,2800 910,2797 910,2831"/>
        <Baseline points="910,2831 1990,2831"/>
        <TextEquiv conf="0.9997266761281274">
          <Unicode>d&#x27;Ourscamp p. 312. — „Conquestione abbatis“.</Unicode>
        </TextEquiv>
      </TextLine>
      <TextLine id="eSc_line_9667040f" custom="structure {type:default;}">
        <Coords points="857,2886 857,2915 2816,2908 2816,2881 2812,2850 855,2846 857,2886"/>
        <Baseline points="857,2886 2816,2881"/>
        <TextEquiv conf="0.9936296394072384">
          <Unicode>12859 (8494) Abbati et fratribus S. Audoeni (Rotomagensibus) asserit „ius et digni-</Unicode>
        </TextEquiv>
      </TextLine>
      <TextLine id="eSc_line_dba39d49" custom="structure {type:default;}">
        <Coords points="331,2895 331,2921 514,2921 517,2888 512,2850 459,2839 457,2839 329,2853 331,2895"/>
        <Baseline points="331,2895 517,2888"/>
        <TextEquiv conf="0.9999894499778748">
          <Unicode>„ 1.</Unicode>
        </TextEquiv>
      </TextLine>
      <TextLine id="eSc_line_bbf01395" custom="structure {type:default;}">
        <Coords points="642,2899 642,2915 700,2926 702,2926 704,2926 733,2912 733,2899 731,2846 642,2846 642,2899"/>
        <Baseline points="642,2899 733,2899"/>
        <TextEquiv conf="1.0">
          <Unicode>„</Unicode>
        </TextEquiv>
      </TextLine>
      <TextLine id="eSc_line_1e20da25" custom="structure {type:default;}">
        <Coords points="910,2939 910,2963 2819,2959 2819,2934 2812,2901 908,2908 910,2939"/>
        <Baseline points="910,2939 2819,2934"/>
        <TextEquiv conf="0.999395695401401">
          <Unicode>tatem, quam in ecclesia S. Leufredi de Cruce habeant“. Pommeraye Hist. de l&#x27;abbaye</Unicode>
        </TextEquiv>
      </TextLine>
      <TextLine id="eSc_line_dafa1c2e" custom="structure {type:default;}">
        <Coords points="910,2994 910,3018 2578,3018 2578,2994 2578,2963 910,2963 910,2994"/>
        <Baseline points="910,2994 2578,2994"/>
        <TextEquiv conf="0.9874781000782067">
          <Unicode>de St. Quen p. 447, Migne 200 p. 1119. — „Iustis petentium desideriis“.</Unicode>
        </TextEquiv>
      </TextLine>
      <TextLine id="eSc_line_5f3df07f" custom="structure {type:default;}">
        <Coords points="861,3051 861,3074 2810,3080 2814,3051 2812,3018 861,3018 861,3051"/>
        <Baseline points="861,3051 2814,3051"/>
        <TextEquiv conf="0.9944462565814748">
          <Unicode>12860 Monasterio S. Augustini Cantuariensi praebendam ecclesiae S. Martini Dovrensis,</Unicode>
        </TextEquiv>
      </TextLine>
      <TextLine id="eSc_line_2a71a41d" custom="structure {type:default;}">
        <Coords points="331,3056 331,3085 510,3085 510,3051 503,2983 455,2985 452,2985 450,2985 441,2994 419,3012 377,3005 353,3003 351,3003 349,3003 329,3012 331,3056"/>
        <Baseline points="331,3056 510,3051"/>
        <TextEquiv conf="0.9989669322967529">
          <Unicode>„ 3.</Unicode>
        </TextEquiv>
      </TextLine>
      <TextLine id="eSc_line_8396e779" custom="structure {type:default;}">
        <Coords points="647,3062 647,3131 726,3135 729,3062 726,3003 647,3005 647,3062"/>
        <Baseline points="647,3062 729,3062"/>
        <TextEquiv conf="1.0">
          <Unicode>„</Unicode>
        </TextEquiv>
      </TextLine>
      <TextLine id="eSc_line_1488933b" custom="structure {type:default;}">
        <Coords points="910,3102 910,3131 2812,3131 2814,3102 2812,3074 910,3071 910,3102"/>
        <Baseline points="910,3102 2814,3102"/>
        <TextEquiv conf="0.999780498964842">
          <Unicode>ecclesiam Leauhamensem, ecclesiam Fortwicensem asserit, petente Rogerio electo abbate.</Unicode>
        </TextEquiv>
      </TextLine>
      <TextLine id="eSc_line_4b5af66a" custom="structure {type:default;}">
        <Coords points="910,3160 910,3182 1897,3191 1900,3191 1902,3191 1904,3191 1924,3180 2366,3188 2368,3188 2370,3188 2419,3175 2419,3153 2412,3124 908,3129 910,3160"/>
        <Baseline points="910,3160 2419,3153"/>
        <TextEquiv conf="0.9772504467230577">
          <Unicode>Hist. mon. S. Aug. Cant. p. 419. — „Iustis petentium desideriis“.</Unicode>
        </TextEquiv>
      </TextLine>
      <TextLine id="eSc_line_90a38d7b" custom="structure {type:default;}">
        <Coords points="863,3215 863,3248 2812,3233 2814,3206 2810,3177 861,3175 863,3215"/>
        <Baseline points="863,3215 2814,3206"/>
        <TextEquiv conf="0.9955242683247822">
          <Unicode>12861 Henrico, abbati Fiscannensi, eiusque successoribus usum mitrae, anuli sanda-</Unicode>
        </TextEquiv>
      </TextLine>
      <TextLine id="eSc_line_b2ca584c" custom="structure {type:default;}">
        <Coords points="333,3221 335,3266 382,3250 514,3261 517,3213 512,3177 455,3166 452,3166 331,3182 333,3221"/>
        <Baseline points="333,3221 517,3213"/>
        <TextEquiv conf="0.9999486654996872">
          <Unicode>„ 3.</Unicode>
        </TextEquiv>
      </TextLine>
      <TextLine id="eSc_line_c578ce91" custom="structure {type:default;}">
        <Coords points="640,3224 638,3259 729,3255 731,3228 729,3171 640,3173 640,3224"/>
        <Baseline points="640,3224 731,3228"/>
        <TextEquiv conf="1.0">
          <Unicode>„</Unicode>
        </TextEquiv>
      </TextLine>
      <TextLine id="eSc_line_d2988e07" custom="structure {type:default;}">
        <Coords points="912,3268 912,3297 2810,3288 2812,3261 2805,3233 910,3237 912,3268"/>
        <Baseline points="912,3268 2812,3261"/>
        <TextEquiv conf="0.9996468663215637">
          <Unicode>liorumque concedit. (Pro „VI. non. Iun.“ legendum arbitror „III. non. Iun.“). Pflugk-</Unicode>
        </TextEquiv>
      </TextLine>
      <TextLine id="eSc_line_09f2ed22" custom="structure {type:default;}">
        <Coords points="910,3323 910,3345 2096,3345 2096,3323 2096,3292 910,3292 910,3323"/>
        <Baseline points="910,3323 2096,3323"/>
        <TextEquiv conf="0.9972704344607414">
          <Unicode>Harttung Acta I. 263. — „Cum monasterium tibi“.</Unicode>
        </TextEquiv>
      </TextLine>
      <TextLine id="eSc_line_4782cbcb" custom="structure {type:default;}">
        <Coords points="863,3378 863,3409 2812,3394 2812,3369 2808,3341 2370,3330 2368,3330 2220,3341 2218,3341 2204,3341 1380,3334 1378,3334 861,3345 863,3378"/>
        <Baseline points="863,3378 2812,3369"/>
        <TextEquiv conf="0.9974687139193217">
          <Unicode>12862 Peregrino, abbati S. Pauli in Carinthia, et eius successoribus usum mitrae concedit.</Unicode>
        </TextEquiv>
      </TextLine>
      <TextLine id="eSc_line_d5adb85a" custom="structure {type:default;}">
        <Coords points="331,3385 333,3531 375,3544 377,3544 380,3544 382,3544 393,3539 415,3533 428,3546 441,3557 441,3559 444,3559 446,3559 448,3559 519,3557 517,3380 510,3297 326,3297 331,3385"/>
        <Baseline points="331,3385 517,3380"/>
        <TextEquiv conf="0.9974516034126282">
          <Unicode>„</Unicode>
        </TextEquiv>
      </TextLine>
      <TextLine id="eSc_line_113625de" custom="structure {type:default;}">
        <Coords points="631,3394 638,3524 742,3524 735,3387 731,3350 627,3345 631,3394"/>
        <Baseline points="631,3394 735,3387"/>
        <TextEquiv conf="1.0">
          <Unicode>„</Unicode>
        </TextEquiv>
      </TextLine>
      <TextLine id="eSc_line_0a2d34a0" custom="structure {type:default;}">
        <Coords points="912,3431 912,3462 2810,3456 2810,3422 2803,3394 910,3400 912,3431"/>
        <Baseline points="912,3431 2810,3422"/>
        <TextEquiv conf="0.9995107331941294">
          <Unicode>Monasterii privilegia quaedam confirmat. Fragm. ap. Neugart Hist. mon. S. PauliII. 16;</Unicode>
        </TextEquiv>
      </TextLine>
      <TextLine id="eSc_line_ca02f987" custom="structure {type:default;}">
        <Coords points="912,3484 912,3513 1111,3513 1137,3524 1140,3524 1142,3524 1144,3524 1182,3513 1184,3513 1197,3513 1376,3524 1378,3524 1500,3513 1546,3511 1562,3515 1590,3522 1592,3522 1595,3522 1674,3515 1718,3511 1725,3515 1736,3522 1738,3522 1741,3522 1743,3522 1816,3515 1866,3511 1959,3515 2074,3522 2076,3522 2121,3515 2180,3509 2799,3517 2801,3478 2794,3449 910,3451 912,3484"/>
        <Baseline points="912,3484 2801,3478"/>
        <TextEquiv conf="0.993981525113311">
          <Unicode>Regest. ap. Ankershofen Urkundenreg. in Archiv f. K. österr. Gesch.-Qu. XI. 313</Unicode>
        </TextEquiv>
      </TextLine>
      <TextLine id="eSc_line_06583f7d" custom="structure {type:default;}">
        <Coords points="910,3539 910,3579 1199,3595 1201,3595 1288,3581 1290,3581 1325,3599 1327,3599 1330,3599 1464,3597 1467,3597 1469,3597 1489,3581 1493,3579 1579,3579 1584,3581 1617,3597 1619,3597 1621,3597 1623,3597 1672,3586 1741,3597 1743,3597 1745,3597 1747,3597 1747,3595 1763,3581 1765,3579 1818,3577 1827,3581 1847,3595 1849,3595 1851,3595 1853,3597 1917,3597 1917,3595 1919,3595 1922,3595 1942,3581 1953,3577 1981,3577 1988,3581 1999,3592 1999,3595 2001,3595 2003,3595 2006,3597 2081,3597 2081,3595 2083,3595 2085,3595 2085,3592 2096,3581 2103,3577 2140,3581 2218,3592 2220,3592 2277,3581 2277,3533 2271,3504 908,3511 910,3539"/>
        <Baseline points="910,3539 2277,3533"/>
        <TextEquiv conf="0.9874020486042417">
          <Unicode>PFomtes Rer. Austriac. II. XXXIX. 90. — „Quanto puriorem“.</Unicode>
        </TextEquiv>
      </TextLine>
    </TextRegion>
    <TextRegion id="eSc_textblock_0f4779df"  custom="structure {type:default;}">
      <Coords points="1089,203 2026,203 2034,289 1111,306 1058,262 1089,203"/>
      <TextLine id="eSc_line_c0537536" custom="structure {type:default;}">
        <Coords points="1091,273 1091,298 2012,293 2012,265 2008,220 1886,205 1884,205 1882,205 1849,218 1822,209 1820,209 1818,209 1718,220 1672,207 1670,207 1668,207 1595,220 1551,205 1548,205 1546,205 1544,205 1497,223 1455,207 1453,207 1451,207 1277,218 1151,209 1148,209 1146,209 1089,227 1091,273"/>
        <Baseline points="1091,273 2012,265"/>
        <TextEquiv conf="0.9825972485542297">
          <Unicode>ALEXANDER III. 1159—1181.</Unicode>
        </TextEquiv>
      </TextLine>
    </TextRegion>
  </Page>
</PcGts>
