<?xml version="1.0" encoding="UTF-8"  standalone="yes"?>
<PcGts xmlns="http://schema.primaresearch.org/PAGE/gts/pagecontent/2019-07-15" xmlns:xsi="http://www.w3.org/2001/XMLSchema-instance" xsi:schemaLocation="http://schema.primaresearch.org/PAGE/gts/pagecontent/2019-07-15 http://schema.primaresearch.org/PAGE/gts/pagecontent/2019-07-15/pagecontent.xsd">
  <Metadata>
	<Creator>escriptorium</Creator>
	<Created>2024-07-19T10:11:31.103101+00:00</Created>
        <LastChange>2024-08-08T08:40:48.327792+00:00</LastChange>
  </Metadata>
  <Page imageFilename="0325.png" imageWidth="3007" imageHeight="3975">
    <TextRegion id="eSc_textblock_b7e4c7f8"  custom="structure {type:default;}">
      <Coords points="276,194 413,194 430,262 282,298 247,245 276,194"/>
      <TextLine id="eSc_line_80560666" custom="structure {type:default;}">
        <Coords points="384,194 362,194 340,194 318,194 296,194 282,194 273,198 278,256 278,282 402,278 402,249 395,194 384,194"/>
        <Baseline points="278,256 402,249"/>
        <TextEquiv conf="1.0">
          <Unicode>312</Unicode>
        </TextEquiv>
      </TextLine>
    </TextRegion>
    <TextRegion id="eSc_textblock_593de01f"  custom="structure {type:default;}">
      <Coords points="278,344 775,344 804,379 839,344 2856,344 2847,3416 2812,3575 901,3584 547,3557 528,3513 501,3557 256,3539 238,609 278,344"/>
      <TextLine id="eSc_line_86eb93ea" custom="structure {type:default;}">
        <Coords points="1988,344 1977,344 1970,351 1836,355 1802,344 1789,344 1769,344 1743,357 1535,357 1511,346 1509,346 1506,346 1504,346 1469,357 1429,346 1422,344 1420,344 1418,344 1416,344 1409,346 1363,359 1290,346 1274,344 1272,344 1270,344 1263,346 1230,359 1170,346 1157,344 1155,344 1153,344 1144,346 1100,359 1029,346 1022,346 1020,346 1018,346 1016,346 983,362 956,346 954,346 952,346 950,346 832,346 817,362 819,404 819,426 954,426 956,426 978,437 980,437 983,437 1080,426 1100,424 1330,424 1338,426 1367,435 1369,435 1372,435 1374,435 1396,426 1409,421 1455,426 1522,432 1524,432 1736,430 1738,430 1741,430 1747,426 1756,419 1763,426 1767,430 1769,430 1771,430 1774,430 1802,426 1844,419 1875,426 1891,430 1893,430 1895,430 2231,426 2231,393 2224,344 2034,353 2010,344 1988,344"/>
        <Baseline points="819,404 2231,393"/>
        <TextEquiv conf="0.9959846780850337">
          <Unicode>1177. (Ind. 10. — 25. Sept. — 11, pont. a. 18. — 20. Sept. — 19.)</Unicode>
        </TextEquiv>
      </TextLine>
      <TextLine id="eSc_line_9f830657" custom="structure {type:default;}">
        <Coords points="901,461 901,488 2814,488 2814,461 2814,428 901,426 901,461"/>
        <Baseline points="901,461 2814,461"/>
        <TextEquiv conf="0.9972787926226486">
          <Unicode>cuius auxilium et potentiam nos ad tantum desiderabile bonum pervenisse non dubi-</Unicode>
        </TextEquiv>
      </TextLine>
      <TextLine id="eSc_line_4e9c59d1" custom="structure {type:default;}">
        <Coords points="901,518 901,541 2810,547 2812,518 2810,483 901,483 901,518"/>
        <Baseline points="901,518 2812,518"/>
        <TextEquiv conf="0.9893677172722755">
          <Unicode>tamus“. Duchesne Hist. Fr. SS. IV. 600, Bouquet Rec. XV. 956, Mansi XXI. 990,</Unicode>
        </TextEquiv>
      </TextLine>
      <TextLine id="eSc_line_b739811e" custom="structure {type:default;}">
        <Coords points="901,569 899,589 2074,594 2079,574 2074,534 901,536 901,569"/>
        <Baseline points="901,569 2079,574"/>
        <TextEquiv conf="0.983521341009343">
          <Unicode>Migne 200 p. 1135. — „Dilectum filium nostrum“.</Unicode>
        </TextEquiv>
      </TextLine>
      <TextLine id="eSc_line_73487017" custom="structure {type:default;}">
        <Coords points="296,631 296,653 397,666 399,666 402,666 404,666 421,653 424,651 428,653 463,664 466,664 468,664 470,664 503,651 503,627 499,578 293,574 296,631"/>
        <Baseline points="296,631 503,627"/>
        <TextEquiv conf="0.9999269332204547">
          <Unicode>Aug. 1.</Unicode>
        </TextEquiv>
      </TextLine>
      <TextLine id="eSc_line_f5cbf749" custom="structure {type:default;}">
        <Coords points="567,627 567,651 631,664 634,664 748,660 751,660 753,660 773,647 773,620 768,578 707,567 704,567 565,578 567,627"/>
        <Baseline points="567,627 773,620"/>
        <TextEquiv conf="0.999885305762291">
          <Unicode>Venetiis</Unicode>
        </TextEquiv>
      </TextLine>
      <TextLine id="eSc_line_f1edc1f8" custom="structure {type:default;}">
        <Coords points="846,622 843,644 2808,651 2812,629 2810,594 1743,594 1736,589 1707,580 1705,580 1703,580 1542,589 1502,591 1484,589 1405,578 1402,578 1400,578 1356,589 1354,591 916,591 914,589 892,578 890,578 888,578 846,587 846,622"/>
        <Baseline points="846,622 2812,629"/>
        <TextEquiv conf="0.9994071112281975">
          <Unicode>in palatio Gradensis patriarchae. Vide Sacramentum in anima imperatoris in MG. Leg. II.</Unicode>
        </TextEquiv>
      </TextLine>
      <TextLine id="eSc_line_3e8d59c5" custom="structure {type:default;}">
        <Coords points="908,677 905,704 2808,715 2812,684 2810,653 908,644 908,677"/>
        <Baseline points="908,677 2812,684"/>
        <TextEquiv conf="0.9920334128233103">
          <Unicode>156; Romoaldi Salern. Annal. in MG. SS. XIX. 453, Bosonis card. vita Alex. ap.</Unicode>
        </TextEquiv>
      </TextLine>
      <TextLine id="eSc_line_4fbc1324" custom="structure {type:default;}">
        <Coords points="908,737 908,755 1341,757 1343,737 1343,704 908,693 908,737"/>
        <Baseline points="908,737 1343,737"/>
        <TextEquiv conf="0.9999346567524804">
          <Unicode>Watterich II. 442.</Unicode>
        </TextEquiv>
      </TextLine>
      <TextLine id="eSc_line_44834c5f" custom="structure {type:default;}">
        <Coords points="322,801 322,863 501,861 501,797 497,746 320,744 322,801"/>
        <Baseline points="322,801 501,797"/>
        <TextEquiv conf="0.9992028772830963">
          <Unicode>„ 1.</Unicode>
        </TextEquiv>
      </TextLine>
      <TextLine id="eSc_line_1a1f5784" custom="structure {type:default;}">
        <Coords points="565,792 565,808 620,821 623,821 775,803 775,786 771,744 563,735 565,792"/>
        <Baseline points="565,792 775,786"/>
        <TextEquiv conf="0.9999869763851166">
          <Unicode>Venetiis</Unicode>
        </TextEquiv>
      </TextLine>
      <TextLine id="eSc_line_b85e7ed0" custom="structure {type:default;}">
        <Coords points="843,790 843,814 2127,823 2129,823 2269,812 2775,821 2777,821 2779,821 2812,808 2812,783 2805,748 841,750 843,790"/>
        <Baseline points="843,790 2812,783"/>
        <TextEquiv conf="0.990362480089262">
          <Unicode>Concilium. Annales Pegavienses 1177 in MG. SS. XVI. 261: Dominus papa in con-</Unicode>
        </TextEquiv>
      </TextLine>
      <TextLine id="eSc_line_02df4c9a" custom="structure {type:default;}">
        <Coords points="543,848 543,872 795,874 799,843 795,803 541,797 543,848"/>
        <Baseline points="543,848 799,843"/>
        <TextEquiv conf="0.999896537173878">
          <Unicode>in ecclesia</Unicode>
        </TextEquiv>
      </TextLine>
      <TextLine id="eSc_line_734c6d85" custom="structure {type:default;}">
        <Coords points="899,848 899,870 2810,876 2812,848 2812,817 899,817 899,848"/>
        <Baseline points="899,848 2812,848"/>
        <TextEquiv conf="0.999902061572889">
          <Unicode>cilio residens scismaticos omnes et ab eis ordinatos anathematizavit, praeter eos,</Unicode>
        </TextEquiv>
      </TextLine>
      <TextLine id="eSc_line_26efeb34" custom="structure {type:default;}">
        <Coords points="563,898 561,925 775,925 777,903 775,867 563,863 563,898"/>
        <Baseline points="563,898 777,903"/>
        <TextEquiv conf="0.999932274222374">
          <Unicode>S. Marci</Unicode>
        </TextEquiv>
      </TextLine>
      <TextLine id="eSc_line_e17457d0" custom="structure {type:default;}">
        <Coords points="905,901 905,925 2814,925 2814,901 2814,872 905,867 905,901"/>
        <Baseline points="905,901 2814,901"/>
        <TextEquiv conf="0.996083132073849">
          <Unicode>quos mediante gratia restituere ex consilio monitus est. Nam Christianum Mogon-</Unicode>
        </TextEquiv>
      </TextLine>
      <TextLine id="eSc_line_21d587bf" custom="structure {type:default;}">
        <Coords points="903,956 903,982 2814,982 2814,956 2814,927 903,925 903,956"/>
        <Baseline points="903,956 2814,956"/>
        <TextEquiv conf="0.9966642548056209">
          <Unicode>tiensem petitione imperatoris confirmavit, Cunradum ab illa ecclesia nuper eiectum in</Unicode>
        </TextEquiv>
      </TextLine>
      <TextLine id="eSc_line_26a51842" custom="structure {type:default;}">
        <Coords points="903,1011 903,1035 2810,1031 2812,1007 2805,978 901,978 903,1011"/>
        <Baseline points="903,1011 2812,1007"/>
        <TextEquiv conf="0.9999692906816322">
          <Unicode>Salzburgensi ecclesia praefecit, Udalricum etiam Halberstatensem restituit, Geronem</Unicode>
        </TextEquiv>
      </TextLine>
      <TextLine id="eSc_line_b027a80e" custom="structure {type:default;}">
        <Coords points="903,1066 903,1086 2808,1090 2812,1062 2805,1029 901,1035 903,1066"/>
        <Baseline points="903,1066 2812,1062"/>
        <TextEquiv conf="0.9962243321869109">
          <Unicode>removit. Concilium per XIIII. dies habitum est“. Gesta Henrici II., olim</Unicode>
        </TextEquiv>
      </TextLine>
      <TextLine id="eSc_line_882f3b92" custom="structure {type:default;}">
        <Coords points="901,1119 901,1146 2810,1141 2812,1115 2808,1082 899,1082 901,1119"/>
        <Baseline points="901,1119 2812,1115"/>
        <TextEquiv conf="0.9892904801541064">
          <Unicode>Benedicto Petrob. tributa, 1177 ed. Stubbs I. 185: „In hoc concilio lohannes, abbas</Unicode>
        </TextEquiv>
      </TextLine>
      <TextLine id="eSc_line_da8129a6" custom="structure {type:default;}">
        <Coords points="901,1174 901,1199 2810,1205 2814,1170 2810,1143 899,1141 901,1174"/>
        <Baseline points="901,1174 2814,1170"/>
        <TextEquiv conf="0.999965637922287">
          <Unicode>de Struma, qui et vocatus fuerat papa Calixtus degradatus, et ab ipso imperatore</Unicode>
        </TextEquiv>
      </TextLine>
      <TextLine id="eSc_line_b29b64f9" custom="structure {type:default;}">
        <Coords points="901,1230 901,1254 2808,1260 2812,1225 2805,1194 899,1199 901,1230"/>
        <Baseline points="901,1230 2812,1225"/>
        <TextEquiv conf="0.9894774460498198">
          <Unicode>et ab omnibus principibus Teutonici regni abrenunciatus est“. (De die quo habitum</Unicode>
        </TextEquiv>
      </TextLine>
      <TextLine id="eSc_line_025288de" custom="structure {type:default;}">
        <Coords points="899,1283 897,1302 1776,1307 1780,1287 1778,1254 899,1249 899,1283"/>
        <Baseline points="899,1283 1780,1287"/>
        <TextEquiv conf="0.9999993000275049">
          <Unicode>est concilium, vide supra ad 25. Iul.).</Unicode>
        </TextEquiv>
      </TextLine>
      <TextLine id="eSc_line_2cf2acbf" custom="structure {type:default;}">
        <Coords points="326,1366 406,1358 424,1360 490,1369 492,1369 494,1369 497,1369 497,1366 510,1351 510,1342 503,1285 351,1296 324,1287 326,1349 326,1366"/>
        <Baseline points="326,1349 510,1342"/>
        <TextEquiv conf="0.9914834052324295">
          <Unicode>„ 2.</Unicode>
        </TextEquiv>
      </TextLine>
      <TextLine id="eSc_line_7688c67b" custom="structure {type:default;}">
        <Coords points="536,1340 536,1360 616,1373 618,1373 802,1366 802,1340 802,1298 536,1289 536,1340"/>
        <Baseline points="536,1340 802,1340"/>
        <TextEquiv conf="0.9934874122793024">
          <Unicode>Venetiis in</Unicode>
        </TextEquiv>
      </TextLine>
      <TextLine id="eSc_line_dfde9bac" custom="structure {type:default;}">
        <Coords points="846,1340 846,1362 1776,1373 1778,1373 2812,1360 2814,1336 2810,1302 874,1296 872,1296 870,1296 843,1305 846,1340"/>
        <Baseline points="846,1340 2814,1336"/>
        <TextEquiv conf="0.9965490792171064">
          <Unicode>12901 (8517) (Rogerum) archiepiscopum Eboracensem et (Godefridum) episcopum Lincol-</Unicode>
        </TextEquiv>
      </TextLine>
      <TextLine id="eSc_line_227e7a6e" custom="structure {type:default;}">
        <Coords points="550,1393 550,1464 627,1464 627,1461 629,1461 631,1461 631,1459 649,1444 671,1424 713,1433 748,1439 751,1439 753,1439 786,1419 786,1389 779,1358 547,1358 550,1393"/>
        <Baseline points="550,1393 786,1389"/>
        <TextEquiv conf="0.9903688761923048">
          <Unicode>Rivo alto</Unicode>
        </TextEquiv>
      </TextLine>
      <TextLine id="eSc_line_ba693c32" custom="structure {type:default;}">
        <Coords points="899,1395 899,1419 2810,1415 2812,1391 2805,1358 897,1364 899,1395"/>
        <Baseline points="899,1395 2812,1391"/>
        <TextEquiv conf="0.9956948086619377">
          <Unicode>niensem hortatur, videant, ne moniales Swinenses et Cotumenses adpraestandas decumas co-</Unicode>
        </TextEquiv>
      </TextLine>
      <TextLine id="eSc_line_d9658065" custom="structure {type:default;}">
        <Coords points="899,1450 899,1475 2810,1475 2810,1450 2808,1415 899,1417 899,1450"/>
        <Baseline points="899,1450 2810,1450"/>
        <TextEquiv conf="0.9961501763712975">
          <Unicode>gantur. Monast. Anglic. I. 834, nov. ed. V. 494, Migne 200 p. 1136. — „Significaveruntnobis“.</Unicode>
        </TextEquiv>
      </TextLine>
      <TextLine id="eSc_line_49031c30" custom="structure {type:default;}">
        <Coords points="329,1534 404,1521 444,1537 452,1539 455,1539 457,1539 505,1534 505,1508 499,1450 366,1464 326,1455 329,1514 329,1534"/>
        <Baseline points="329,1514 505,1508"/>
        <TextEquiv conf="0.9999736547470093">
          <Unicode>„ 2.</Unicode>
        </TextEquiv>
      </TextLine>
      <TextLine id="eSc_line_3ceb773f" custom="structure {type:default;}">
        <Coords points="634,1521 634,1576 715,1576 715,1521 713,1453 634,1464 634,1521"/>
        <Baseline points="634,1521 715,1521"/>
        <TextEquiv conf="1.0">
          <Unicode>„</Unicode>
        </TextEquiv>
      </TextLine>
      <TextLine id="eSc_line_e23ed4e8" custom="structure {type:default;}">
        <Coords points="848,1503 848,1534 2810,1525 2812,1499 2805,1468 846,1472 848,1503"/>
        <Baseline points="848,1503 2812,1499"/>
        <TextEquiv conf="0.9940980273288685">
          <Unicode>12902 (8518) Monasterii S. Crucis Monzoniensis protectionem suscipit, bonaque ac privilegia</Unicode>
        </TextEquiv>
      </TextLine>
      <TextLine id="eSc_line_32032189" custom="structure {type:default;}">
        <Coords points="897,1559 897,1581 2805,1583 2808,1559 2808,1530 897,1530 897,1559"/>
        <Baseline points="897,1559 2808,1559"/>
        <TextEquiv conf="0.9969094949109214">
          <Unicode>confirmat, petente Iohanne abbate. Hugo O. P. A. I. Pr. p. 472. — „Cum in ecclesia“.</Unicode>
        </TextEquiv>
      </TextLine>
      <TextLine id="eSc_line_9bc02341" custom="structure {type:default;}">
        <Coords points="320,1620 320,1643 505,1640 505,1620 503,1561 320,1563 320,1620"/>
        <Baseline points="320,1620 505,1620"/>
        <TextEquiv conf="0.9999296516180038">
          <Unicode>„ 2.</Unicode>
        </TextEquiv>
      </TextLine>
      <TextLine id="eSc_line_1b24f33d" custom="structure {type:default;}">
        <Coords points="625,1643 720,1643 722,1629 720,1559 678,1572 631,1556 627,1625 625,1643"/>
        <Baseline points="627,1625 722,1629"/>
        <TextEquiv conf="0.999996542930603">
          <Unicode>„</Unicode>
        </TextEquiv>
      </TextLine>
      <TextLine id="eSc_line_0b9b8e26" custom="structure {type:default;}">
        <Coords points="848,1614 848,1645 2810,1645 2810,1614 2808,1581 848,1581 848,1614"/>
        <Baseline points="848,1614 2810,1614"/>
        <TextEquiv conf="0.9965457086052213">
          <Unicode>12903 (8519) Monasterii S. Mariae de Claustro (Hemmerodensis) protectionem suscipit,</Unicode>
        </TextEquiv>
      </TextLine>
      <TextLine id="eSc_line_b372f1ba" custom="structure {type:default;}">
        <Coords points="899,1667 899,1691 1120,1704 1122,1707 1763,1707 1763,1704 1765,1704 1807,1693 1862,1704 1864,1704 2238,1693 2381,1704 2383,1704 2675,1693 2752,1704 2755,1704 2812,1691 2812,1667 2812,1636 899,1629 899,1667"/>
        <Baseline points="899,1667 2812,1667"/>
        <TextEquiv conf="0.9985039248699095">
          <Unicode>et disciplinam, possessiones, privilegia confirmat, petente Gisberto abbate. Beyer</Unicode>
        </TextEquiv>
      </TextLine>
      <TextLine id="eSc_line_667392c1" custom="structure {type:default;}">
        <Coords points="899,1720 897,1740 1455,1755 1458,1755 2012,1744 2014,1724 2010,1684 961,1689 899,1678 899,1720"/>
        <Baseline points="899,1720 2014,1724"/>
        <TextEquiv conf="0.99697245815967">
          <Unicode>M. U. II. 64. — „Religiosam vitam eligentibus“.</Unicode>
        </TextEquiv>
      </TextLine>
      <TextLine id="eSc_line_f4624e01" custom="structure {type:default;}">
        <Coords points="322,1790 322,1808 501,1806 501,1782 494,1733 318,1733 322,1790"/>
        <Baseline points="322,1790 501,1782"/>
        <TextEquiv conf="0.999701738357544">
          <Unicode>„ 2.</Unicode>
        </TextEquiv>
      </TextLine>
      <TextLine id="eSc_line_2dec4fd3" custom="structure {type:default;}">
        <Coords points="631,1793 631,1810 638,1817 638,1819 640,1819 642,1819 645,1819 718,1806 718,1793 718,1740 631,1733 631,1793"/>
        <Baseline points="631,1793 718,1793"/>
        <TextEquiv conf="1.0">
          <Unicode>„</Unicode>
        </TextEquiv>
      </TextLine>
      <TextLine id="eSc_line_dc670122" custom="structure {type:default;}">
        <Coords points="848,1779 848,1804 2805,1808 2810,1773 2805,1740 846,1740 848,1779"/>
        <Baseline points="848,1779 2810,1773"/>
        <TextEquiv conf="0.999006225949242">
          <Unicode>12904 Decano et capitulo Laudunensi praecipit, ut si episcopus ius suum praebendarum</Unicode>
        </TextEquiv>
      </TextLine>
      <TextLine id="eSc_line_17637875" custom="structure {type:default;}">
        <Coords points="897,1835 897,1859 2805,1861 2810,1828 2803,1802 894,1806 897,1835"/>
        <Baseline points="897,1835 2810,1828"/>
        <TextEquiv conf="0.9961487643689995">
          <Unicode>ecclesiae Guisiensis donandarum in alium transferre voluerit, assensum ei nequaquam</Unicode>
        </TextEquiv>
      </TextLine>
      <TextLine id="eSc_line_9903ee45" custom="structure {type:default;}">
        <Coords points="899,1890 899,1912 2445,1908 2448,1885 2443,1852 1029,1848 1027,1848 897,1859 899,1890"/>
        <Baseline points="899,1890 2448,1885"/>
        <TextEquiv conf="0.9918927438557148">
          <Unicode>praestent. Pflugk-Harttung Acta I. 263. — „Relatum est auribus“.</Unicode>
        </TextEquiv>
      </TextLine>
      <TextLine id="eSc_line_cab6cca5" custom="structure {type:default;}">
        <Coords points="318,1952 318,1972 472,1974 475,1974 477,1974 503,1958 503,1947 497,1888 406,1894 315,1879 318,1952"/>
        <Baseline points="318,1952 503,1947"/>
        <TextEquiv conf="0.9959344267845154">
          <Unicode>„ 2.</Unicode>
        </TextEquiv>
      </TextLine>
      <TextLine id="eSc_line_e7967e49" custom="structure {type:default;}">
        <Coords points="634,1958 634,2016 713,2020 715,1958 713,1901 634,1903 634,1958"/>
        <Baseline points="634,1958 715,1958"/>
        <TextEquiv conf="1.0">
          <Unicode>„</Unicode>
        </TextEquiv>
      </TextLine>
      <TextLine id="eSc_line_bf7041a2" custom="structure {type:default;}">
        <Coords points="848,1941 848,1965 2808,1974 2810,1941 2808,1910 848,1910 848,1941"/>
        <Baseline points="848,1941 2810,1941"/>
        <TextEquiv conf="0.9963414179973114">
          <Unicode>12905 Ecclesiae de Monte-claro donatam a Raimundo, quondam episcopo Brixiensi,</Unicode>
        </TextEquiv>
      </TextLine>
      <TextLine id="eSc_line_ff5c9c86" custom="structure {type:default;}">
        <Coords points="894,1998 894,2022 2803,2018 2805,1994 2801,1965 892,1965 894,1998"/>
        <Baseline points="894,1998 2805,1994"/>
        <TextEquiv conf="0.9998982702984529">
          <Unicode>libertatem confirmat. Odorici Storie Bresciane VI. 34. — „Intelleximus ex autentico“.</Unicode>
        </TextEquiv>
      </TextLine>
      <TextLine id="eSc_line_03d3e442" custom="structure {type:default;}">
        <Coords points="320,2062 322,2111 357,2111 357,2108 360,2108 362,2108 362,2106 366,2104 388,2082 501,2086 503,2053 499,2007 315,2007 320,2062"/>
        <Baseline points="320,2062 503,2053"/>
        <TextEquiv conf="0.9801516830921173">
          <Unicode>„ 3.</Unicode>
        </TextEquiv>
      </TextLine>
      <TextLine id="eSc_line_0e5a737f" custom="structure {type:default;}">
        <Coords points="634,2078 711,2082 713,2069 709,2009 660,2025 636,2018 634,2069 634,2078"/>
        <Baseline points="634,2069 713,2069"/>
        <TextEquiv conf="0.9999986886978149">
          <Unicode>„</Unicode>
        </TextEquiv>
      </TextLine>
      <TextLine id="eSc_line_9741bf12" custom="structure {type:default;}">
        <Coords points="848,2051 848,2075 2805,2084 2808,2051 2808,2022 848,2014 848,2051"/>
        <Baseline points="848,2051 2808,2051"/>
        <TextEquiv conf="0.9879225151366499">
          <Unicode>12906 *Inter Erardum, praepositum S. Mariae de Solio, et presbyteros quosdam factum</Unicode>
        </TextEquiv>
      </TextLine>
      <TextLine id="eSc_line_bb391103" custom="structure {type:default;}">
        <Coords points="894,2108 894,2135 2805,2131 2808,2104 2801,2075 892,2078 894,2108"/>
        <Baseline points="894,2108 2808,2104"/>
        <TextEquiv conf="0.9998788424285061">
          <Unicode>ab archiepiscopo Salzburgensi iudicium confirmat. Ankershofen Urkundenreg. in Arch.</Unicode>
        </TextEquiv>
      </TextLine>
      <TextLine id="eSc_line_a3b3dc99" custom="structure {type:default;}">
        <Coords points="892,2159 890,2179 989,2192 992,2192 2096,2190 2098,2164 2096,2131 892,2128 892,2159"/>
        <Baseline points="892,2159 2098,2164"/>
        <TextEquiv conf="0.9977306723594666">
          <Unicode>f. K. österr. Gesch.-Qu. XI. 314. — „Cum inter te“.</Unicode>
        </TextEquiv>
      </TextLine>
      <TextLine id="eSc_line_bb731b87" custom="structure {type:default;}">
        <Coords points="320,2223 320,2239 499,2237 501,2219 494,2164 318,2170 320,2223"/>
        <Baseline points="320,2223 501,2219"/>
        <TextEquiv conf="0.997148334980011">
          <Unicode>„ 3.</Unicode>
        </TextEquiv>
      </TextLine>
      <TextLine id="eSc_line_93d2a4c9" custom="structure {type:default;}">
        <Coords points="638,2232 640,2292 704,2292 702,2228 695,2173 634,2175 638,2232"/>
        <Baseline points="638,2232 702,2228"/>
        <TextEquiv conf="1.0">
          <Unicode>„</Unicode>
        </TextEquiv>
      </TextLine>
      <TextLine id="eSc_line_e49e1133" custom="structure {type:default;}">
        <Coords points="848,2214 848,2243 2808,2243 2808,2214 2808,2181 848,2175 848,2214"/>
        <Baseline points="848,2214 2808,2214"/>
        <TextEquiv conf="0.9984181085264826">
          <Unicode>12907 Ecclesiae Leutkirchensi (Leuchileche) capellam de Bugensegel asserit, petente</Unicode>
        </TextEquiv>
      </TextLine>
      <TextLine id="eSc_line_57b3a2b0" custom="structure {type:default;}">
        <Coords points="901,2270 901,2294 2801,2303 2805,2270 2803,2239 901,2232 901,2270"/>
        <Baseline points="901,2270 2805,2270"/>
        <TextEquiv conf="0.9963137287469137">
          <Unicode>Walterio clerico. Weech Cod. dipl. Salemitan. p. 34. — „Iustis petentium desideris“.</Unicode>
        </TextEquiv>
      </TextLine>
      <TextLine id="eSc_line_070f261e" custom="structure {type:default;}">
        <Coords points="322,2336 322,2362 501,2343 503,2327 499,2274 318,2274 322,2336"/>
        <Baseline points="322,2336 503,2327"/>
        <TextEquiv conf="0.9977973401546478">
          <Unicode>„ 3.</Unicode>
        </TextEquiv>
      </TextLine>
      <TextLine id="eSc_line_3b5b6162" custom="structure {type:default;}">
        <Coords points="638,2340 636,2358 702,2362 707,2343 707,2279 638,2274 638,2340"/>
        <Baseline points="638,2340 707,2343"/>
        <TextEquiv conf="1.0">
          <Unicode>„</Unicode>
        </TextEquiv>
      </TextLine>
      <TextLine id="eSc_line_a9017ac0" custom="structure {type:default;}">
        <Coords points="848,2327 852,2362 868,2351 2803,2351 2805,2323 2801,2292 846,2287 848,2327"/>
        <Baseline points="848,2327 2805,2323"/>
        <TextEquiv conf="0.9961038657597133">
          <Unicode>12908 (8520) Ecclesiae b. Petri Osnabrugensis privilegia, clericorumque possessiones</Unicode>
        </TextEquiv>
      </TextLine>
      <TextLine id="eSc_line_f98e6546" custom="structure {type:default;}">
        <Coords points="892,2382 892,2404 2313,2404 2313,2382 2311,2349 892,2349 892,2382"/>
        <Baseline points="892,2382 2313,2382"/>
        <TextEquiv conf="0.9992078239634886">
          <Unicode>confirmat. Möser Osn. Gesch. IV. 101. — „Iustis petentium“.</Unicode>
        </TextEquiv>
      </TextLine>
      <TextLine id="eSc_line_63124887" custom="structure {type:default;}">
        <Coords points="320,2444 320,2468 340,2477 342,2477 344,2477 386,2468 428,2460 501,2471 503,2438 497,2385 318,2385 320,2444"/>
        <Baseline points="320,2444 503,2438"/>
        <TextEquiv conf="0.9999527186155319">
          <Unicode>„ 6.</Unicode>
        </TextEquiv>
      </TextLine>
      <TextLine id="eSc_line_d875efce" custom="structure {type:default;}">
        <Coords points="627,2449 625,2471 667,2484 669,2484 671,2484 673,2484 711,2473 713,2453 713,2393 629,2393 627,2449"/>
        <Baseline points="627,2449 713,2453"/>
        <TextEquiv conf="1.0">
          <Unicode>„</Unicode>
        </TextEquiv>
      </TextLine>
      <TextLine id="eSc_line_60176def" custom="structure {type:default;}">
        <Coords points="846,2435 846,2466 2805,2453 2805,2429 2799,2391 843,2396 846,2435"/>
        <Baseline points="846,2435 2805,2429"/>
        <TextEquiv conf="0.9946170553565026">
          <Unicode>12909 (8521) Monasterium S. Udalrici Augustense tuendum suscipit eiusque bona et</Unicode>
        </TextEquiv>
      </TextLine>
      <TextLine id="eSc_line_730d3ecf" custom="structure {type:default;}">
        <Coords points="894,2491 894,2519 2803,2515 2803,2491 2803,2462 894,2462 894,2491"/>
        <Baseline points="894,2491 2803,2491"/>
        <TextEquiv conf="0.9970376551151275">
          <Unicode>iura confirmat, petente Henrico abbate. Mon. Boic. XXII. 187, Migne 200 p. 1137.</Unicode>
        </TextEquiv>
      </TextLine>
      <TextLine id="eSc_line_6fab1074" custom="structure {type:default;}">
        <Coords points="892,2548 892,2570 2518,2566 2520,2544 2516,2513 890,2510 892,2548"/>
        <Baseline points="892,2548 2520,2544"/>
        <TextEquiv conf="0.9999093431145397">
          <Unicode>(Fhamm Hier. Aug. V. Pars III. Regul. p. 41). — „Quotiens illud a“.</Unicode>
        </TextEquiv>
      </TextLine>
      <TextLine id="eSc_line_92b8564a" custom="structure {type:default;}">
        <Coords points="318,2610 318,2625 499,2623 499,2601 492,2544 313,2550 318,2610"/>
        <Baseline points="318,2610 499,2601"/>
        <TextEquiv conf="0.9995603114366531">
          <Unicode>„ 6.</Unicode>
        </TextEquiv>
      </TextLine>
      <TextLine id="eSc_line_a332af9c" custom="structure {type:default;}">
        <Coords points="631,2616 631,2685 709,2687 711,2616 711,2561 631,2552 631,2616"/>
        <Baseline points="631,2616 711,2616"/>
        <TextEquiv conf="1.0">
          <Unicode>„</Unicode>
        </TextEquiv>
      </TextLine>
      <TextLine id="eSc_line_f7f8ddd0" custom="structure {type:default;}">
        <Coords points="848,2601 848,2625 2803,2625 2803,2594 2799,2566 846,2561 848,2601"/>
        <Baseline points="848,2601 2803,2594"/>
        <TextEquiv conf="0.9987487710755447">
          <Unicode>12910 (8522) Richardo, archiepiscopo Cantuariensi, apostolicae sedis legato, et suffra-</Unicode>
        </TextEquiv>
      </TextLine>
      <TextLine id="eSc_line_53fcdc81" custom="structure {type:default;}">
        <Coords points="897,2656 897,2685 2801,2685 2803,2647 2797,2619 894,2623 897,2656"/>
        <Baseline points="897,2656 2803,2647"/>
        <TextEquiv conf="0.9998969990153646">
          <Unicode>ganeis eius significat, Fridericum imperatorem die 24. Iulii Venetias venisse, sibique</Unicode>
        </TextEquiv>
      </TextLine>
      <TextLine id="eSc_line_e7f7e629" custom="structure {type:default;}">
        <Coords points="894,2707 894,2733 2801,2727 2803,2700 2797,2674 892,2678 894,2707"/>
        <Baseline points="894,2707 2803,2700"/>
        <TextEquiv conf="0.9974306546151638">
          <Unicode>et eodem die et die 25. Iulii in b. Marci ecclesia debitum honorem tribuisse, ac</Unicode>
        </TextEquiv>
      </TextLine>
      <TextLine id="eSc_line_1bbd8c8f" custom="structure {type:default;}">
        <Coords points="894,2764 894,2791 2799,2784 2801,2758 2794,2731 892,2736 894,2764"/>
        <Baseline points="894,2764 2801,2758"/>
        <TextEquiv conf="0.9998569876314646">
          <Unicode>d. 1. Augusti „iurare fecisse, quod pacem ecclesiae perpetuo, et pacem Willelmi Si-</Unicode>
        </TextEquiv>
      </TextLine>
      <TextLine id="eSc_line_3174a37f" custom="structure {type:default;}">
        <Coords points="897,2817 897,2842 2801,2837 2803,2813 2797,2784 894,2789 897,2817"/>
        <Baseline points="897,2817 2803,2813"/>
        <TextEquiv conf="0.9995995349698252">
          <Unicode>ciliae regis usque ad quindecim annos, et treuguam Longobardorum a praedictis</Unicode>
        </TextEquiv>
      </TextLine>
      <TextLine id="eSc_line_afbe84c9" custom="structure {type:default;}">
        <Coords points="897,2877 897,2899 2799,2895 2801,2866 2794,2837 894,2837 897,2877"/>
        <Baseline points="897,2877 2801,2866"/>
        <TextEquiv conf="0.9922054822628315">
          <Unicode>Kalendis Augusti usque ad sex annos deberet servare“. Haec addit: „Sicut autem</Unicode>
        </TextEquiv>
      </TextLine>
      <TextLine id="eSc_line_0d2b2767" custom="structure {type:default;}">
        <Coords points="894,2928 894,2950 2752,2959 2755,2959 2757,2959 2803,2945 2803,2923 2797,2897 892,2897 894,2928"/>
        <Baseline points="894,2928 2803,2923"/>
        <TextEquiv conf="0.9984052679206752">
          <Unicode>idem imperator nos in catholicum papam recepit, ita nos eum in catholicum impe-</Unicode>
        </TextEquiv>
      </TextLine>
      <TextLine id="eSc_line_3ea59731" custom="structure {type:default;}">
        <Coords points="892,2985 892,3018 2799,3009 2801,2976 2794,2948 890,2954 892,2985"/>
        <Baseline points="892,2985 2801,2976"/>
        <TextEquiv conf="0.9944276227837517">
          <Unicode>ratorem, et (Beatricem) uxorem eius in catholicam imperatricem, et (Henricum) filium</Unicode>
        </TextEquiv>
      </TextLine>
      <TextLine id="eSc_line_eb79cd32" custom="structure {type:default;}">
        <Coords points="897,3038 897,3071 2799,3054 2801,3029 2794,3003 894,3003 897,3038"/>
        <Baseline points="897,3038 2801,3029"/>
        <TextEquiv conf="0.9996899560093879">
          <Unicode>ipsorum in catholicum regem recepimus“. Gesta Henrici II., olim Benedicto Petro-</Unicode>
        </TextEquiv>
      </TextLine>
      <TextLine id="eSc_line_e8ae4bda" custom="structure {type:default;}">
        <Coords points="897,3091 897,3118 2797,3111 2799,3085 2794,3056 894,3054 897,3091"/>
        <Baseline points="897,3091 2799,3085"/>
        <TextEquiv conf="0.9957823392785625">
          <Unicode>burgensi tributa, 1177, ed. Stubbs I. 187, in MG. SS. XXVII. 97, Roger de Hoveden</Unicode>
        </TextEquiv>
      </TextLine>
      <TextLine id="eSc_line_ac407933" custom="structure {type:default;}">
        <Coords points="899,3151 899,3173 2792,3175 2797,3144 2792,3111 897,3111 899,3151"/>
        <Baseline points="899,3151 2797,3144"/>
        <TextEquiv conf="0.9896429240703583">
          <Unicode>1177 ap. Savile R. A. SS. p. 325, ed. Stubbs II. 140, Mansi XXI. 918, XXII. 180,</Unicode>
        </TextEquiv>
      </TextLine>
      <TextLine id="eSc_line_160021e3" custom="structure {type:default;}">
        <Coords points="899,3204 899,3228 2797,3226 2799,3195 2794,3166 897,3166 899,3204"/>
        <Baseline points="899,3204 2799,3195"/>
        <TextEquiv conf="0.9953835802642923">
          <Unicode>Manrique Ann. Cist. III. 43, Migne 200 p. 1140, (Gervasii chron. ap. Twysden</Unicode>
        </TextEquiv>
      </TextLine>
      <TextLine id="eSc_line_21e63960" custom="structure {type:default;}">
        <Coords points="892,3257 892,3281 2315,3281 2315,3257 2315,3224 892,3221 892,3257"/>
        <Baseline points="892,3257 2315,3257"/>
        <TextEquiv conf="0.9995320489851095">
          <Unicode>H. A. SS. I. 1439, ed. Stubbs I. 268). — „Immensas laudes“.</Unicode>
        </TextEquiv>
      </TextLine>
      <TextLine id="eSc_line_63046541" custom="structure {type:default;}">
        <Coords points="320,3319 320,3343 408,3327 421,3332 448,3343 450,3343 452,3343 455,3343 499,3321 499,3310 488,3184 313,3202 320,3319"/>
        <Baseline points="320,3319 499,3310"/>
        <TextEquiv conf="1.0">
          <Unicode>„</Unicode>
        </TextEquiv>
      </TextLine>
      <TextLine id="eSc_line_712a2f90" custom="structure {type:default;}">
        <Coords points="629,3385 709,3385 709,3325 707,3272 662,3279 634,3261 629,3325 629,3385"/>
        <Baseline points="629,3325 709,3325"/>
        <TextEquiv conf="0.9999823570251465">
          <Unicode>„</Unicode>
        </TextEquiv>
      </TextLine>
      <TextLine id="eSc_line_6b9c9e3c" custom="structure {type:default;}">
        <Coords points="843,3310 843,3336 2801,3327 2801,3301 2797,3270 841,3270 843,3310"/>
        <Baseline points="843,3310 2801,3301"/>
        <TextEquiv conf="0.9970992719425874">
          <Unicode>12911 (8523) Petentibus canonicis Tornacensibus, „reditus praebendae, communibus usi-</Unicode>
        </TextEquiv>
      </TextLine>
      <TextLine id="eSc_line_a78f8a40" custom="structure {type:default;}">
        <Coords points="897,3365 897,3392 2794,3385 2797,3358 2790,3330 894,3332 897,3365"/>
        <Baseline points="897,3365 2797,3358"/>
        <TextEquiv conf="0.9998414351279477">
          <Unicode>bus ecclesiae deputatae, iisdem usibus confirmat, arctius inhibens, ne praebenda in</Unicode>
        </TextEquiv>
      </TextLine>
      <TextLine id="eSc_line_0fceee32" custom="structure {type:default;}">
        <Coords points="894,3418 894,3445 1109,3456 1111,3456 1224,3445 1246,3456 1248,3456 1250,3456 1462,3453 1464,3453 1467,3453 1484,3442 1486,3442 1497,3442 1690,3451 1692,3451 1694,3451 1718,3440 1721,3440 1723,3440 1752,3451 1754,3451 1756,3453 1992,3453 1992,3451 2174,3438 2191,3438 2204,3438 2381,3449 2383,3449 2759,3433 2761,3407 2755,3380 892,3389 894,3418"/>
        <Baseline points="894,3418 2761,3407"/>
        <TextEquiv conf="0.9919286847114563">
          <Unicode>usus proprios transferatur“. Miraei Opp. dipl. IV. 24. — „Si quando postulatur“.</Unicode>
        </TextEquiv>
      </TextLine>
      <TextLine id="eSc_line_549ba30f" custom="structure {type:default;}">
        <Coords points="313,3484 313,3562 353,3577 355,3577 357,3577 395,3575 397,3575 399,3575 399,3573 402,3573 406,3566 413,3559 501,3573 503,3480 499,3431 311,3427 313,3484"/>
        <Baseline points="313,3484 503,3480"/>
        <TextEquiv conf="0.9185832440853119">
          <Unicode>„ 3.</Unicode>
        </TextEquiv>
      </TextLine>
      <TextLine id="eSc_line_c6a886bd" custom="structure {type:default;}">
        <Coords points="623,3486 623,3564 702,3566 704,3486 704,3433 623,3427 623,3486"/>
        <Baseline points="623,3486 704,3486"/>
        <TextEquiv conf="0.9918559789657593">
          <Unicode>„</Unicode>
        </TextEquiv>
      </TextLine>
      <TextLine id="eSc_line_f69f17c4" custom="structure {type:default;}">
        <Coords points="846,3475 846,3498 1146,3509 1148,3509 1310,3498 1334,3498 2799,3498 2799,3467 2794,3438 843,3438 846,3475"/>
        <Baseline points="846,3475 2799,3467"/>
        <TextEquiv conf="0.9986247079713004">
          <Unicode>12912 (8524) Choro ecclesiae Salzburgensis, praelatis ecclesiarum et ministerialibus</Unicode>
        </TextEquiv>
      </TextLine>
      <TextLine id="eSc_line_596b7e82" custom="structure {type:default;}">
        <Coords points="894,3528 894,3599 1091,3597 1093,3597 1095,3597 1113,3584 1131,3592 1133,3592 1135,3592 1137,3592 1177,3573 1290,3573 1321,3586 1323,3586 1325,3586 1327,3586 1356,3573 1447,3573 1517,3588 1520,3588 1705,3575 1791,3586 1838,3590 1840,3590 1877,3584 1902,3579 1913,3584 1937,3592 1939,3592 1942,3592 1944,3592 1968,3581 1999,3570 2032,3581 2068,3592 2070,3592 2072,3592 2165,3579 2240,3568 2288,3577 2348,3588 2350,3588 2353,3588 2397,3575 2419,3568 2432,3575 2461,3590 2463,3590 2465,3590 2467,3590 2498,3579 2547,3586 2549,3586 2551,3586 2580,3573 2589,3568 2640,3570 2644,3570 2673,3590 2675,3590 2677,3590 2680,3590 2682,3590 2724,3573 2755,3586 2757,3586 2759,3586 2761,3586 2797,3568 2797,3522 2790,3489 892,3500 894,3528"/>
        <Baseline points="894,3528 2797,3522"/>
        <TextEquiv conf="0.9854097352141425">
          <Unicode>praescriptae ecclesiae entra montana constitutis significat, in Adalberti locum, qui</Unicode>
        </TextEquiv>
      </TextLine>
    </TextRegion>
    <TextRegion id="eSc_textblock_620d64d4"  custom="structure {type:default;}">
      <Coords points="1115,185 2017,194 2026,271 1084,289 1058,229 1115,185"/>
      <TextLine id="eSc_line_29e79bfe" custom="structure {type:default;}">
        <Coords points="1657,189 1654,189 1652,189 1652,192 1639,205 1579,205 1546,189 1544,189 1542,189 1539,189 1484,205 1431,192 1429,192 1427,192 1425,192 1378,203 1345,192 1343,192 1115,192 1113,192 1111,192 1082,205 1082,207 1084,256 1084,276 2003,282 2008,251 2003,205 1659,189 1657,189"/>
        <Baseline points="1084,256 2008,251"/>
        <TextEquiv conf="0.9991645359992981">
          <Unicode>ALEXANDER III. 1159—1181.</Unicode>
        </TextEquiv>
      </TextLine>
    </TextRegion>
  </Page>
</PcGts>
