<?xml version="1.0" encoding="UTF-8"  standalone="yes"?>
<PcGts xmlns="http://schema.primaresearch.org/PAGE/gts/pagecontent/2019-07-15" xmlns:xsi="http://www.w3.org/2001/XMLSchema-instance" xsi:schemaLocation="http://schema.primaresearch.org/PAGE/gts/pagecontent/2019-07-15 http://schema.primaresearch.org/PAGE/gts/pagecontent/2019-07-15/pagecontent.xsd">
  <Metadata>
	<Creator>escriptorium</Creator>
	<Created>2024-07-19T10:11:32.403277+00:00</Created>
        <LastChange>2024-08-08T08:41:10.575982+00:00</LastChange>
  </Metadata>
  <Page imageFilename="0328.png" imageWidth="3007" imageHeight="3975">
    <TextRegion id="eSc_textblock_bc1d5c0d"  custom="structure {type:default;}">
      <Coords points="1964,326 2733,335 2761,371 2821,371 2821,430 2858,459 2883,397 2900,2532 2953,3142 2708,3133 2680,3548 2381,3557 2388,3592 2353,3610 2167,3557 707,3566 651,3522 397,3531 377,3442 315,3531 141,3531 88,3186 88,565 141,353 634,335 660,371 689,335 1964,326"/>
      <TextLine id="eSc_line_63bb26f1" custom="structure {type:default;}">
        <Coords points="1489,329 1486,329 1484,329 1455,344 1449,348 1411,348 1409,346 1394,333 1394,331 1391,331 1389,331 1387,331 1199,348 1188,348 1182,348 1080,331 1078,331 1075,331 1036,348 1016,333 1014,333 1011,333 998,333 976,333 954,333 932,333 910,333 888,333 866,333 863,333 861,333 828,344 693,335 691,335 689,335 687,335 667,357 669,395 669,424 1265,410 1349,421 1372,424 1374,424 1407,421 1500,412 1584,419 1612,421 1615,421 1632,419 1710,406 1749,419 1754,419 1756,419 1758,419 2063,415 2063,379 2056,337 1805,342 1796,340 1769,331 1767,331 1765,331 1685,342 1661,344 1654,342 1630,333 1628,333 1626,333 1564,344 1555,344 1548,344 1491,329 1489,329"/>
        <Baseline points="669,395 2063,379"/>
        <TextEquiv conf="0.9874295839896569">
          <Unicode>1177. (Ind. 10. Sept. — 25. — 11, pont. a. 18. — 20. Sept. — 19.)</Unicode>
        </TextEquiv>
      </TextLine>
      <TextLine id="eSc_line_d8d3ad43" custom="structure {type:default;}">
        <Coords points="751,457 751,485 2666,477 2668,452 2664,412 1710,401 1707,401 1705,401 1703,401 1683,412 923,404 921,404 748,415 751,457"/>
        <Baseline points="751,457 2668,452"/>
        <TextEquiv conf="0.9892708798985422">
          <Unicode>p. 1148, Radulf. de Diceto ap. Twysden H. A. SS. I. 608, Opp. ed. Stubbs I. 440).</Unicode>
        </TextEquiv>
      </TextLine>
      <TextLine id="eSc_line_d8a2770d" custom="structure {type:default;}">
        <Coords points="753,510 753,530 1968,534 1972,505 1968,474 1374,463 1372,463 1369,463 1330,474 885,465 883,465 751,477 753,510"/>
        <Baseline points="753,510 1972,505"/>
        <TextEquiv conf="0.9999388468762239">
          <Unicode>— „Apostolica sedes“ („Audiveramus iam pridem“).</Unicode>
        </TextEquiv>
      </TextLine>
      <TextLine id="eSc_line_7fabee95" custom="structure {type:default;}">
        <Coords points="695,563 695,587 2662,591 2666,558 2660,518 693,527 695,563"/>
        <Baseline points="695,563 2666,558"/>
        <TextEquiv conf="0.9897808184226354">
          <Unicode>12943 (8540) Monasterii S. Mariae Magdalenae de Lacu luriensi protectionem suscipit,</Unicode>
        </TextEquiv>
      </TextLine>
      <TextLine id="eSc_line_3d882271" custom="structure {type:default;}">
        <Coords points="150,569 150,602 649,589 651,560 645,523 461,523 452,518 426,496 424,496 421,496 419,496 315,499 313,499 285,514 256,530 148,512 150,569"/>
        <Baseline points="150,569 651,560"/>
        <TextEquiv conf="0.9856413858277457">
          <Unicode>Sept. 29. Vonetiis in</Unicode>
        </TextEquiv>
      </TextLine>
      <TextLine id="eSc_line_e6569672" custom="structure {type:default;}">
        <Coords points="748,618 748,642 2668,640 2671,613 2664,585 746,587 748,618"/>
        <Baseline points="748,618 2671,613"/>
        <TextEquiv conf="0.9871092652097161">
          <Unicode>possessionesque ac privilegia confirmat, petente Gualtero abbate. Mém. et doc. de</Unicode>
        </TextEquiv>
      </TextLine>
      <TextLine id="eSc_line_eef9f514" custom="structure {type:default;}">
        <Coords points="404,622 404,655 636,655 636,616 631,587 567,574 565,574 563,574 561,574 541,587 410,578 408,578 406,578 404,578 404,580 402,580 404,622"/>
        <Baseline points="404,622 636,616"/>
        <TextEquiv conf="0.999945773018731">
          <Unicode>Rivo alto</Unicode>
        </TextEquiv>
      </TextLine>
      <TextLine id="eSc_line_d187d22b" custom="structure {type:default;}">
        <Coords points="748,673 748,695 2562,702 2565,673 2565,638 748,633 748,673"/>
        <Baseline points="748,673 2565,673"/>
        <TextEquiv conf="0.9888265299797058">
          <Unicode>la Suisse Rom. I. 185, Migne 200 p. 1150. — „Religiosam vitam eligentibus“.</Unicode>
        </TextEquiv>
      </TextLine>
      <TextLine id="eSc_line_6a97864a" custom="structure {type:default;}">
        <Coords points="698,730 698,753 2664,755 2668,722 2664,691 713,686 711,686 709,686 707,686 695,693 698,730"/>
        <Baseline points="698,730 2668,722"/>
        <TextEquiv conf="0.9960744919547115">
          <Unicode>12944 Domum infirmorum fratrum (leprosorum) de Dullendio tuendam suscipit, eorumque</Unicode>
        </TextEquiv>
      </TextLine>
      <TextLine id="eSc_line_2fb569dd" custom="structure {type:default;}">
        <Coords points="187,735 187,775 333,779 335,779 338,779 340,779 360,764 360,728 355,691 185,691 187,735"/>
        <Baseline points="187,735 360,728"/>
        <TextEquiv conf="0.9999779224395752">
          <Unicode>„ 29.</Unicode>
        </TextEquiv>
      </TextLine>
      <TextLine id="eSc_line_6228f1ff" custom="structure {type:default;}">
        <Coords points="483,746 483,766 534,779 536,779 539,779 572,764 572,746 572,695 483,684 483,746"/>
        <Baseline points="483,746 572,746"/>
        <TextEquiv conf="0.9894245862960815">
          <Unicode>„</Unicode>
        </TextEquiv>
      </TextLine>
      <TextLine id="eSc_line_3edfab0e" custom="structure {type:default;}">
        <Coords points="748,783 748,812 2671,808 2671,783 2671,753 748,753 748,783"/>
        <Baseline points="748,783 2671,783"/>
        <TextEquiv conf="0.9999147528483544">
          <Unicode>possessiones et privilegia confirmat. Daire Hist. d. Doullens p. 167. — „Eos quos</Unicode>
        </TextEquiv>
      </TextLine>
      <TextLine id="eSc_line_1c11d697" custom="structure {type:default;}">
        <Coords points="748,836 748,852 841,867 843,867 943,848 943,832 936,801 746,808 748,836"/>
        <Baseline points="748,836 943,832"/>
        <TextEquiv conf="0.9992291160992214">
          <Unicode>manus“.</Unicode>
        </TextEquiv>
      </TextLine>
      <TextLine id="eSc_line_046bb2e2" custom="structure {type:default;}">
        <Coords points="700,892 700,916 2671,914 2671,892 2671,854 700,854 700,892"/>
        <Baseline points="700,892 2671,892"/>
        <TextEquiv conf="0.9988434774329863">
          <Unicode>12945 (8541) Ecclesiae Ferrariensis protectionem suscipit, canonicorumque bona con-</Unicode>
        </TextEquiv>
      </TextLine>
      <TextLine id="eSc_line_e6b2a271" custom="structure {type:default;}">
        <Coords points="492,907 490,936 501,947 503,947 505,947 508,947 570,936 572,912 574,859 543,845 541,845 539,845 492,854 492,907"/>
        <Baseline points="492,907 572,912"/>
        <TextEquiv conf="1.0">
          <Unicode>„</Unicode>
        </TextEquiv>
      </TextLine>
      <TextLine id="eSc_line_ecb15897" custom="structure {type:default;}">
        <Coords points="751,949 751,971 2666,969 2668,945 2664,914 779,905 777,905 775,905 748,914 751,949"/>
        <Baseline points="751,949 2668,945"/>
        <TextEquiv conf="0.9959698550841387">
          <Unicode>firmat, petente Widone praeposito. (Temporis significatio vitiosa). Ughelli It. sacr.</Unicode>
        </TextEquiv>
      </TextLine>
      <TextLine id="eSc_line_6f87e5d8" custom="structure {type:default;}">
        <Coords points="748,1004 748,1026 2149,1020 2151,1000 2147,969 1542,958 1539,958 1453,969 1444,971 746,971 748,1004"/>
        <Baseline points="748,1004 2151,1000"/>
        <TextEquiv conf="0.9941803661443419">
          <Unicode>II. 538, Migne 200 p. 1152. — „Piae postulatio voluntatis“.</Unicode>
        </TextEquiv>
      </TextLine>
      <TextLine id="eSc_line_b2c093dd" custom="structure {type:default;}">
        <Coords points="141,1055 139,1113 198,1115 201,1115 203,1115 247,1097 351,1117 355,1060 353,1020 141,1015 141,1055"/>
        <Baseline points="141,1055 355,1060"/>
        <TextEquiv conf="0.9985977240971157">
          <Unicode>Oct. 2.</Unicode>
        </TextEquiv>
      </TextLine>
      <TextLine id="eSc_line_175c045e" custom="structure {type:default;}">
        <Coords points="698,1057 698,1082 2664,1077 2666,1053 2660,1020 695,1022 698,1057"/>
        <Baseline points="698,1057 2666,1053"/>
        <TextEquiv conf="0.9966652127633612">
          <Unicode>12946 (8543) Iohanni, episcopo Bononiensi, decumas ex novis Savinae fluminis molen-</Unicode>
        </TextEquiv>
      </TextLine>
      <TextLine id="eSc_line_dcf2f1bc" custom="structure {type:default;}">
        <Coords points="488,1075 488,1099 510,1110 512,1110 514,1110 574,1097 574,1075 574,1015 488,1015 488,1075"/>
        <Baseline points="488,1075 574,1075"/>
        <TextEquiv conf="1.0">
          <Unicode>„</Unicode>
        </TextEquiv>
      </TextLine>
      <TextLine id="eSc_line_81bb939a" custom="structure {type:default;}">
        <Coords points="748,1113 748,1132 2467,1128 2470,1108 2465,1079 771,1071 768,1071 766,1071 746,1079 748,1113"/>
        <Baseline points="748,1113 2470,1108"/>
        <TextEquiv conf="0.9896109087826455">
          <Unicode>dinis concedit. Savioli Ann. Bol. II. rr. 85. — „Cum ad nostrum spectet“.</Unicode>
        </TextEquiv>
      </TextLine>
      <TextLine id="eSc_line_497c2c8e" custom="structure {type:default;}">
        <Coords points="700,1170 700,1192 2664,1196 2668,1166 2664,1132 715,1124 713,1124 711,1124 709,1124 698,1130 700,1170"/>
        <Baseline points="700,1170 2668,1166"/>
        <TextEquiv conf="0.9980081935946861">
          <Unicode>12947 (8544) Parthenonis S. Christinae Pastinensis, eiusque bona et privilegia confirmat,</Unicode>
        </TextEquiv>
      </TextLine>
      <TextLine id="eSc_line_2d95b512" custom="structure {type:default;}">
        <Coords points="181,1179 181,1205 280,1190 309,1205 311,1205 313,1205 360,1203 360,1174 351,1108 315,1117 298,1113 269,1104 267,1104 265,1104 262,1104 260,1104 260,1106 258,1106 249,1117 247,1121 178,1121 181,1179"/>
        <Baseline points="181,1179 360,1174"/>
        <TextEquiv conf="0.9999494701623917">
          <Unicode>„ 4.</Unicode>
        </TextEquiv>
      </TextLine>
      <TextLine id="eSc_line_40a56f59" custom="structure {type:default;}">
        <Coords points="483,1238 576,1225 576,1185 572,1108 525,1121 486,1108 483,1185 483,1238"/>
        <Baseline points="483,1185 576,1185"/>
        <TextEquiv conf="1.0">
          <Unicode>„</Unicode>
        </TextEquiv>
      </TextLine>
      <TextLine id="eSc_line_f606c4a7" custom="structure {type:default;}">
        <Coords points="748,1225 748,1247 2664,1245 2666,1219 2662,1190 2222,1190 2176,1177 2174,1177 2171,1177 2169,1177 2147,1188 1893,1179 1891,1179 1816,1190 1782,1179 1780,1179 1778,1179 1685,1190 1654,1179 1652,1179 1650,1179 1648,1179 1646,1179 1632,1190 1581,1179 1579,1179 1577,1179 1528,1190 1422,1179 1420,1179 1418,1179 1383,1192 1316,1181 1314,1181 1151,1192 1102,1181 1100,1181 821,1181 819,1181 746,1194 748,1225"/>
        <Baseline points="748,1225 2666,1219"/>
        <TextEquiv conf="0.9992051763706896">
          <Unicode>petente Scolastica abbatissa. Mittarelli Ann. Cam. IV. app. p. 83. — „Austri terram</Unicode>
        </TextEquiv>
      </TextLine>
      <TextLine id="eSc_line_6bdeb7d4" custom="structure {type:default;}">
        <Coords points="746,1274 744,1294 757,1305 757,1307 760,1307 762,1307 764,1307 1109,1294 1111,1278 1109,1236 746,1236 746,1274"/>
        <Baseline points="746,1274 1111,1278"/>
        <TextEquiv conf="0.9995776079595089">
          <Unicode>inhabitantibus“.</Unicode>
        </TextEquiv>
      </TextLine>
      <TextLine id="eSc_line_92c89d4c" custom="structure {type:default;}">
        <Coords points="698,1333 698,1355 2666,1353 2668,1329 2662,1291 695,1291 698,1333"/>
        <Baseline points="698,1333 2668,1329"/>
        <TextEquiv conf="0.9998931332332331">
          <Unicode>12948 (8545) Monasterium S. Hilarii Venetum tuendum suscipit, eiusque bona et pri-</Unicode>
        </TextEquiv>
      </TextLine>
      <TextLine id="eSc_line_cc1ef61f" custom="structure {type:default;}">
        <Coords points="181,1344 181,1371 353,1351 353,1336 346,1285 176,1291 181,1344"/>
        <Baseline points="181,1344 353,1336"/>
        <TextEquiv conf="0.9627540707588196">
          <Unicode>„ 5.</Unicode>
        </TextEquiv>
      </TextLine>
      <TextLine id="eSc_line_45f0c2cd" custom="structure {type:default;}">
        <Coords points="483,1347 477,1424 561,1424 567,1353 570,1307 486,1285 483,1347"/>
        <Baseline points="483,1347 567,1353"/>
        <TextEquiv conf="0.9669471383094788">
          <Unicode>„</Unicode>
        </TextEquiv>
      </TextLine>
      <TextLine id="eSc_line_13423a88" custom="structure {type:default;}">
        <Coords points="751,1391 751,1415 2655,1417 2660,1384 2655,1353 1387,1344 1385,1344 1305,1355 786,1347 784,1347 782,1347 748,1358 751,1391"/>
        <Baseline points="751,1391 2660,1384"/>
        <TextEquiv conf="0.98045352711735">
          <Unicode>vilegia, petente Uberto abbate, confirmat. Cornelii Eccl. Ven. IX. 380, (Gloria Cod</Unicode>
        </TextEquiv>
      </TextLine>
      <TextLine id="eSc_line_edfb548a" custom="structure {type:default;}">
        <Coords points="742,1444 742,1461 1745,1464 1747,1444 1747,1413 742,1413 742,1444"/>
        <Baseline points="742,1444 1747,1444"/>
        <TextEquiv conf="0.9878739345641363">
          <Unicode>dipl. Pad. II. 362). — „Religiosam vitam“.</Unicode>
        </TextEquiv>
      </TextLine>
      <TextLine id="eSc_line_b76cce52" custom="structure {type:default;}">
        <Coords points="698,1499 698,1528 2664,1525 2666,1495 2662,1461 1833,1450 1831,1450 695,1464 698,1499"/>
        <Baseline points="698,1499 2666,1495"/>
        <TextEquiv conf="0.9926842270018179">
          <Unicode>12949 (8546) Parthenonem S. Mariae Molianensem tuendum suscipit et eius bona ac</Unicode>
        </TextEquiv>
      </TextLine>
      <TextLine id="eSc_line_73bae2cd" custom="structure {type:default;}">
        <Coords points="181,1506 181,1539 357,1530 357,1501 351,1442 178,1450 181,1506"/>
        <Baseline points="181,1506 357,1501"/>
        <TextEquiv conf="0.9986334443092346">
          <Unicode>„ 8.</Unicode>
        </TextEquiv>
      </TextLine>
      <TextLine id="eSc_line_34ad46d6" custom="structure {type:default;}">
        <Coords points="483,1514 483,1543 565,1534 565,1514 563,1442 483,1444 483,1514"/>
        <Baseline points="483,1514 565,1514"/>
        <TextEquiv conf="1.0">
          <Unicode>„</Unicode>
        </TextEquiv>
      </TextLine>
      <TextLine id="eSc_line_923f24f1" custom="structure {type:default;}">
        <Coords points="746,1554 746,1572 1281,1583 1283,1583 1285,1583 1307,1572 1338,1583 1341,1583 1343,1583 1345,1583 1383,1572 1398,1583 1400,1583 1402,1583 1405,1583 1524,1572 1542,1583 1544,1583 1546,1583 1548,1583 1551,1583 1553,1583 1570,1570 1573,1570 1575,1570 1597,1581 1599,1581 1601,1581 1679,1570 1690,1570 1701,1570 1769,1581 1771,1583 2063,1583 2063,1581 2065,1581 2068,1581 2081,1570 2083,1570 2087,1570 2260,1581 2262,1581 2353,1567 2355,1550 2348,1512 744,1519 746,1554"/>
        <Baseline points="746,1554 2355,1550"/>
        <TextEquiv conf="0.9952325216238049">
          <Unicode>iura confirmat. Ughelli It. sacr. V. 527. — „Prudentibus virginibus“.</Unicode>
        </TextEquiv>
      </TextLine>
      <TextLine id="eSc_line_859f8351" custom="structure {type:default;}">
        <Coords points="700,1609 700,1636 2662,1634 2664,1601 2660,1570 698,1567 700,1609"/>
        <Baseline points="700,1609 2664,1601"/>
        <TextEquiv conf="0.9965317667949767">
          <Unicode>12950 (8547) G(erardo), archiepiscopo Ravennati, donat castrum Bretonorii, ecclesiae</Unicode>
        </TextEquiv>
      </TextLine>
      <TextLine id="eSc_line_39c07d23" custom="structure {type:default;}">
        <Coords points="181,1616 181,1636 355,1631 355,1612 349,1554 178,1563 181,1616"/>
        <Baseline points="181,1616 355,1612"/>
        <TextEquiv conf="0.9993149936199188">
          <Unicode>„ 8.</Unicode>
        </TextEquiv>
      </TextLine>
      <TextLine id="eSc_line_54c384f6" custom="structure {type:default;}">
        <Coords points="481,1620 477,1687 563,1689 570,1625 570,1554 483,1554 481,1620"/>
        <Baseline points="481,1620 570,1625"/>
        <TextEquiv conf="1.0">
          <Unicode>„</Unicode>
        </TextEquiv>
      </TextLine>
      <TextLine id="eSc_line_1227f406" custom="structure {type:default;}">
        <Coords points="751,1665 751,1693 2662,1691 2664,1658 2657,1627 748,1629 751,1665"/>
        <Baseline points="751,1665 2664,1658"/>
        <TextEquiv conf="0.9882143390031508">
          <Unicode>Romanae a C(avalcaconte) comite legatum. Mittarelli Ann. Cam. III. 331, (Fantuzzi</Unicode>
        </TextEquiv>
      </TextLine>
      <TextLine id="eSc_line_d8b1c7e3" custom="structure {type:default;}">
        <Coords points="746,1720 746,1742 2364,1735 2366,1713 2359,1680 744,1682 746,1720"/>
        <Baseline points="746,1720 2366,1713"/>
        <TextEquiv conf="0.9989232824129217">
          <Unicode>M. R. IV. 274), cf. Reuter III. 758. not. I. — „Novimus et tenemus“.</Unicode>
        </TextEquiv>
      </TextLine>
      <TextLine id="eSc_line_ae2e1a66" custom="structure {type:default;}">
        <Coords points="695,1773 695,1797 2662,1793 2664,1768 2660,1735 693,1735 695,1773"/>
        <Baseline points="695,1773 2664,1768"/>
        <TextEquiv conf="0.9918246085261121">
          <Unicode>12951 Monasterio Bonae-spei altaria quaedam asserit. Maghe Chronicum eccl. Bonae-</Unicode>
        </TextEquiv>
      </TextLine>
      <TextLine id="eSc_line_7c698155" custom="structure {type:default;}">
        <Coords points="181,1779 181,1830 223,1830 223,1828 225,1828 227,1828 227,1826 234,1821 254,1802 293,1813 309,1817 311,1817 313,1817 315,1817 353,1804 353,1773 346,1724 178,1737 181,1779"/>
        <Baseline points="181,1779 353,1773"/>
        <TextEquiv conf="0.9997398108243942">
          <Unicode>„ 9.</Unicode>
        </TextEquiv>
      </TextLine>
      <TextLine id="eSc_line_1d682726" custom="structure {type:default;}">
        <Coords points="486,1788 486,1824 567,1813 567,1788 567,1751 486,1735 486,1788"/>
        <Baseline points="486,1788 567,1788"/>
        <TextEquiv conf="0.9996742010116577">
          <Unicode>„</Unicode>
        </TextEquiv>
      </TextLine>
      <TextLine id="eSc_line_d0ba516e" custom="structure {type:default;}">
        <Coords points="746,1828 746,1852 1913,1848 1913,1828 1913,1797 746,1797 746,1828"/>
        <Baseline points="746,1828 1913,1828"/>
        <TextEquiv conf="0.999748055934906">
          <Unicode>spei p. 111, teste Wauters Table chronol. II. 570.</Unicode>
        </TextEquiv>
      </TextLine>
      <TextLine id="eSc_line_a01875b0" custom="structure {type:default;}">
        <Coords points="700,1885 700,1916 2666,1901 2666,1879 2660,1841 698,1843 700,1885"/>
        <Baseline points="700,1885 2666,1879"/>
        <TextEquiv conf="0.9957361553288713">
          <Unicode>12952 *Alberto de Summa, S. R. E. subdiacono et apost. sedis legato, mandat, ut</Unicode>
        </TextEquiv>
      </TextLine>
      <TextLine id="eSc_line_0d9938cb" custom="structure {type:default;}">
        <Coords points="178,1890 178,1916 214,1921 216,1921 218,1921 220,1921 220,1919 223,1919 225,1916 234,1905 349,1910 351,1881 344,1819 174,1837 178,1890"/>
        <Baseline points="178,1890 351,1881"/>
        <TextEquiv conf="0.9999999761581421">
          <Unicode>„ 10.</Unicode>
        </TextEquiv>
      </TextLine>
      <TextLine id="eSc_line_69fe175a" custom="structure {type:default;}">
        <Coords points="477,1901 479,1961 570,1961 570,1896 565,1852 472,1841 477,1901"/>
        <Baseline points="477,1901 570,1896"/>
        <TextEquiv conf="1.0">
          <Unicode>„</Unicode>
        </TextEquiv>
      </TextLine>
      <TextLine id="eSc_line_4f49e467" custom="structure {type:default;}">
        <Coords points="744,1941 744,1965 2662,1965 2664,1936 2657,1901 742,1905 744,1941"/>
        <Baseline points="744,1941 2664,1936"/>
        <TextEquiv conf="0.9905624382797329">
          <Unicode>rectoribus societatis Lombardiae tradat Friderici imperatoris litteras, quibus promisit</Unicode>
        </TextEquiv>
      </TextLine>
      <TextLine id="eSc_line_b077484e" custom="structure {type:default;}">
        <Coords points="748,1996 748,2022 2660,2020 2662,1991 2655,1958 746,1961 748,1996"/>
        <Baseline points="748,1996 2662,1991"/>
        <TextEquiv conf="0.9959155668814977">
          <Unicode>„tam Lombardis quam Marchianis et illis de Romania et reliquis de societate ipsorum,</Unicode>
        </TextEquiv>
      </TextLine>
      <TextLine id="eSc_line_98dcff5c" custom="structure {type:default;}">
        <Coords points="746,2049 746,2073 2662,2071 2664,2044 2657,2016 744,2018 746,2049"/>
        <Baseline points="746,2049 2664,2044"/>
        <TextEquiv conf="0.9999830744615416">
          <Unicode>quod pro fidelitate ei non praestita vel servitio non exhibito aut investitura non</Unicode>
        </TextEquiv>
      </TextLine>
      <TextLine id="eSc_line_72ba5fee" custom="structure {type:default;}">
        <Coords points="746,2106 746,2137 2660,2122 2662,2100 2655,2064 744,2073 746,2106"/>
        <Baseline points="746,2106 2662,2100"/>
        <TextEquiv conf="0.9993250399460027">
          <Unicode>petita, quamdiu treuguae durassent, nullum de societate ipsorum post treuguam iu-</Unicode>
        </TextEquiv>
      </TextLine>
      <TextLine id="eSc_line_f0fa9f39" custom="structure {type:default;}">
        <Coords points="746,2159 746,2177 2660,2179 2662,2159 2662,2128 746,2128 746,2159"/>
        <Baseline points="746,2159 2662,2159"/>
        <TextEquiv conf="0.997502026706934">
          <Unicode>dicaturus esset nec propter hoc cuilibet feudum ablaturus“. Vide instrument. ap.</Unicode>
        </TextEquiv>
      </TextLine>
      <TextLine id="eSc_line_97b44b78" custom="structure {type:default;}">
        <Coords points="746,2214 746,2234 2430,2232 2432,2210 2428,2179 760,2170 757,2170 755,2170 753,2170 744,2177 746,2214"/>
        <Baseline points="746,2214 2432,2210"/>
        <TextEquiv conf="0.9946116126245923">
          <Unicode>Muratori Ant. It. IV. 287, cf. Watterich II. 639 not. et Stumpf n. 4229.</Unicode>
        </TextEquiv>
      </TextLine>
      <TextLine id="eSc_line_28ca0195" custom="structure {type:default;}">
        <Coords points="695,2267 695,2294 2662,2290 2664,2267 2662,2234 695,2230 695,2267"/>
        <Baseline points="695,2267 2664,2267"/>
        <TextEquiv conf="0.9963234717818512">
          <Unicode>12953 Philippo abbati et fratribus Bonae-spei asserit decimas a quadraginta retro annis</Unicode>
        </TextEquiv>
      </TextLine>
      <TextLine id="eSc_line_8021d21f" custom="structure {type:default;}">
        <Coords points="178,2272 178,2303 355,2303 357,2267 349,2197 320,2210 260,2206 209,2201 207,2201 205,2201 176,2210 178,2272"/>
        <Baseline points="178,2272 357,2267"/>
        <TextEquiv conf="0.903344476222992">
          <Unicode>„ 13.</Unicode>
        </TextEquiv>
      </TextLine>
      <TextLine id="eSc_line_f68b0631" custom="structure {type:default;}">
        <Coords points="483,2279 481,2298 561,2307 565,2283 563,2199 536,2210 488,2190 483,2279"/>
        <Baseline points="483,2279 565,2283"/>
        <TextEquiv conf="0.9959006905555725">
          <Unicode>„</Unicode>
        </TextEquiv>
      </TextLine>
      <TextLine id="eSc_line_6f613534" custom="structure {type:default;}">
        <Coords points="742,2323 742,2347 2657,2345 2660,2316 2653,2287 740,2292 742,2323"/>
        <Baseline points="742,2323 2660,2316"/>
        <TextEquiv conf="0.9993089121930739">
          <Unicode>possessas. Maghe Chron. eccl. Bonae-spei p. 111 teste Wauters Table chronol. II. 570.</Unicode>
        </TextEquiv>
      </TextLine>
      <TextLine id="eSc_line_f95ea011" custom="structure {type:default;}">
        <Coords points="181,2376 181,2389 216,2385 229,2391 251,2402 254,2402 256,2402 353,2393 355,2371 351,2332 176,2323 181,2376"/>
        <Baseline points="181,2376 355,2371"/>
        <TextEquiv conf="0.9999985218048095">
          <Unicode>„ 13.</Unicode>
        </TextEquiv>
      </TextLine>
      <TextLine id="eSc_line_8315b6ec" custom="structure {type:default;}">
        <Coords points="698,2376 698,2400 2660,2402 2662,2376 2660,2343 698,2343 698,2376"/>
        <Baseline points="698,2376 2662,2376"/>
        <TextEquiv conf="0.9999928365393382">
          <Unicode>12954 *Monasterii S. Georgii Veneti bona confirmat. Wiener Sitzungsber. XCIV. 675.</Unicode>
        </TextEquiv>
      </TextLine>
      <TextLine id="eSc_line_2c3b0dd7" custom="structure {type:default;}">
        <Coords points="486,2389 483,2404 552,2409 556,2393 556,2314 488,2318 486,2389"/>
        <Baseline points="486,2389 556,2393"/>
        <TextEquiv conf="1.0">
          <Unicode>„</Unicode>
        </TextEquiv>
      </TextLine>
      <TextLine id="eSc_line_11b82272" custom="structure {type:default;}">
        <Coords points="176,2435 176,2464 194,2475 196,2475 198,2475 201,2475 203,2475 205,2475 220,2462 227,2460 351,2471 353,2431 349,2396 280,2385 278,2385 174,2400 176,2435"/>
        <Baseline points="176,2435 353,2431"/>
        <TextEquiv conf="0.9434078216552735">
          <Unicode>„ 13.</Unicode>
        </TextEquiv>
      </TextLine>
      <TextLine id="eSc_line_c3a3878f" custom="structure {type:default;}">
        <Coords points="698,2435 698,2457 2660,2453 2662,2431 2657,2398 695,2396 698,2435"/>
        <Baseline points="698,2435 2662,2431"/>
        <TextEquiv conf="0.9976609654542876">
          <Unicode>12955 Monasterio Eveshamiensi ecclesiam S. Michaelis Lundoniensem asserit. Ex cod.</Unicode>
        </TextEquiv>
      </TextLine>
      <TextLine id="eSc_line_16b0a9d2" custom="structure {type:default;}">
        <Coords points="466,2510 510,2508 512,2508 514,2508 514,2506 536,2486 550,2473 576,2473 576,2449 574,2393 503,2402 468,2389 466,2449 466,2510"/>
        <Baseline points="466,2449 576,2449"/>
        <TextEquiv conf="1.0">
          <Unicode>„</Unicode>
        </TextEquiv>
      </TextLine>
      <TextLine id="eSc_line_a46ccaa1" custom="structure {type:default;}">
        <Coords points="746,2488 746,2521 2662,2519 2662,2488 2662,2455 746,2455 746,2488"/>
        <Baseline points="746,2488 2662,2488"/>
        <TextEquiv conf="0.9998607054541383">
          <Unicode>Mus. Brit. Harleian. 3763 f. 95. Dedit b. m. Karolus Pertz. — „Iustis petentium</Unicode>
        </TextEquiv>
      </TextLine>
      <TextLine id="eSc_line_1c9613d1" custom="structure {type:default;}">
        <Coords points="740,2544 740,2559 859,2572 861,2572 998,2555 1000,2539 996,2510 905,2499 903,2499 737,2510 740,2544"/>
        <Baseline points="740,2544 1000,2539"/>
        <TextEquiv conf="0.9988489747047424">
          <Unicode>desideriis“.</Unicode>
        </TextEquiv>
      </TextLine>
      <TextLine id="eSc_line_dc1b6e2e" custom="structure {type:default;}">
        <Coords points="695,2594 693,2616 2657,2621 2662,2599 2657,2550 1690,2559 1612,2548 1610,2548 1383,2557 1349,2546 1345,2544 1343,2544 1341,2544 1338,2544 1334,2546 1307,2557 1159,2557 1142,2546 1140,2546 1137,2546 1135,2546 1058,2557 1029,2544 1027,2544 1025,2544 1022,2544 1020,2544 1018,2544 976,2559 757,2559 695,2544 695,2594"/>
        <Baseline points="695,2594 2662,2599"/>
        <TextEquiv conf="0.9998467992333805">
          <Unicode>12956 (Canonicis Tarvanensibus de altaribus a successione revocatis) privilegium dat.</Unicode>
        </TextEquiv>
      </TextLine>
      <TextLine id="eSc_line_d329fb4f" custom="structure {type:default;}">
        <Coords points="508,2612 510,2636 541,2627 541,2612 539,2544 508,2548 508,2612"/>
        <Baseline points="508,2612 541,2612"/>
        <TextEquiv conf="1.0">
          <Unicode>„</Unicode>
        </TextEquiv>
      </TextLine>
      <TextLine id="eSc_line_a5996e35" custom="structure {type:default;}">
        <Coords points="744,2656 744,2676 2074,2676 2076,2652 2072,2619 1418,2608 1416,2608 1414,2608 1372,2619 768,2610 766,2610 764,2610 742,2619 744,2656"/>
        <Baseline points="744,2656 2076,2652"/>
        <TextEquiv conf="0.992240886254744">
          <Unicode>(Bulla mutila.) Duchet et Giry Cart. de Térouane p. 52.</Unicode>
        </TextEquiv>
      </TextLine>
      <TextLine id="eSc_line_1900658a" custom="structure {type:default;}">
        <Coords points="176,2707 176,2751 271,2738 353,2753 355,2703 351,2654 174,2636 176,2707"/>
        <Baseline points="176,2707 355,2703"/>
        <TextEquiv conf="0.9994835495948792">
          <Unicode>„ 16.</Unicode>
        </TextEquiv>
      </TextLine>
      <TextLine id="eSc_line_cbc446ca" custom="structure {type:default;}">
        <Coords points="410,2709 410,2729 618,2729 618,2703 612,2654 408,2656 410,2709"/>
        <Baseline points="410,2709 618,2703"/>
        <TextEquiv conf="0.9999999552965164">
          <Unicode>Venetiis</Unicode>
        </TextEquiv>
      </TextLine>
      <TextLine id="eSc_line_b99ff867" custom="structure {type:default;}">
        <Coords points="689,2709 689,2733 2657,2736 2662,2705 2655,2669 687,2669 689,2709"/>
        <Baseline points="689,2709 2662,2705"/>
        <TextEquiv conf="0.9946402451571297">
          <Unicode>navi avehitur „XVII. kal. Nov.“, Schiavinae Annal. Alexandr. 1177 in Hist. Patr. Mon.</Unicode>
        </TextEquiv>
      </TextLine>
      <TextLine id="eSc_line_5a39960b" custom="structure {type:default;}">
        <Coords points="740,2758 737,2780 2657,2784 2662,2762 2660,2729 740,2725 740,2758"/>
        <Baseline points="740,2758 2662,2762"/>
        <TextEquiv conf="0.9981875661965255">
          <Unicode>SS. IV. 39; „circa medium mensis Octobris“. Bosonis card. Vita Alex. ap. Watterich II. 447.</Unicode>
        </TextEquiv>
      </TextLine>
      <TextLine id="eSc_line_4d402b1f" custom="structure {type:default;}">
        <Coords points="176,2817 176,2842 357,2835 357,2813 351,2749 231,2769 174,2764 176,2817"/>
        <Baseline points="176,2817 357,2813"/>
        <TextEquiv conf="0.9985170006752014">
          <Unicode>„ 29.</Unicode>
        </TextEquiv>
      </TextLine>
      <TextLine id="eSc_line_9096b65c" custom="structure {type:default;}">
        <Coords points="693,2817 693,2848 2664,2842 2664,2817 2664,2782 693,2782 693,2817"/>
        <Baseline points="693,2817 2664,2817"/>
        <TextEquiv conf="0.996700833010119">
          <Unicode>pervenit „IV. kal. Nov.“, Bosonis card. vita Alex. p. 447, („Secundo die stante mensis</Unicode>
        </TextEquiv>
      </TextLine>
      <TextLine id="eSc_line_115fb340" custom="structure {type:default;}">
        <Coords points="397,2820 397,2848 631,2842 631,2820 631,2775 397,2764 397,2820"/>
        <Baseline points="397,2820 631,2820"/>
        <TextEquiv conf="0.9999544471502304">
          <Unicode>Sipontum</Unicode>
        </TextEquiv>
      </TextLine>
      <TextLine id="eSc_line_fa4fe0dc" custom="structure {type:default;}">
        <Coords points="740,2870 740,2895 2083,2895 2085,2870 2083,2837 740,2828 740,2870"/>
        <Baseline points="740,2870 2085,2870"/>
        <TextEquiv conf="0.9908951787011964">
          <Unicode>Octobris“, Romoaldi Salern. Annal. in MG. SS. XIX. 458.)</Unicode>
        </TextEquiv>
      </TextLine>
      <TextLine id="eSc_line_f662044f" custom="structure {type:default;}">
        <Coords points="141,2921 139,2943 216,2948 258,2974 260,2974 262,2974 265,2976 364,2976 364,2974 366,2974 419,2950 479,2963 481,2963 598,2950 600,2926 598,2888 521,2875 519,2875 428,2881 362,2850 360,2850 357,2850 141,2877 141,2921"/>
        <Baseline points="141,2921 600,2926"/>
        <TextEquiv conf="0.9476250566934284">
          <Unicode>Nor (13) t. Troiae.</Unicode>
        </TextEquiv>
      </TextLine>
      <TextLine id="eSc_line_a72d339b" custom="structure {type:default;}">
        <Coords points="698,2926 698,2950 2662,2948 2662,2921 2657,2890 740,2881 737,2881 735,2881 695,2892 698,2926"/>
        <Baseline points="698,2926 2662,2921"/>
        <TextEquiv conf="0.99777918557326">
          <Unicode>12957 (8548) Magistro Hugoni gratias agit, quod librum „pro Deo et pro devotione ec-</Unicode>
        </TextEquiv>
      </TextLine>
      <TextLine id="eSc_line_19ea2787" custom="structure {type:default;}">
        <Coords points="742,2983 742,3007 2657,3003 2660,2976 2653,2948 740,2948 742,2983"/>
        <Baseline points="742,2983 2660,2976"/>
        <TextEquiv conf="0.991817839733966">
          <Unicode>clesiae“ compositum per magistrum Cacciaredum ad sese miserit. Monet, ut (Ma-</Unicode>
        </TextEquiv>
      </TextLine>
      <TextLine id="eSc_line_c62cdea7" custom="structure {type:default;}">
        <Coords points="742,3036 742,3062 2660,3056 2660,3029 2653,3003 740,3007 742,3036"/>
        <Baseline points="742,3036 2660,3029"/>
        <TextEquiv conf="0.9886117570194197">
          <Unicode>nuelem) „Constantinopolitanum imperatorem ad devotionem et reverentiam sacrosanc-</Unicode>
        </TextEquiv>
      </TextLine>
      <TextLine id="eSc_line_a2160d8e" custom="structure {type:default;}">
        <Coords points="742,3091 742,3118 2655,3120 2657,3085 2651,3051 740,3054 742,3091"/>
        <Baseline points="742,3091 2657,3085"/>
        <TextEquiv conf="0.9997776739568596">
          <Unicode>tae Romanae ecclesiae exhibendam et ad unitatem ipsius diligentius provocet“. Mansi</Unicode>
        </TextEquiv>
      </TextLine>
      <TextLine id="eSc_line_17581657" custom="structure {type:default;}">
        <Coords points="744,3142 742,3162 2114,3166 2118,3146 2116,3115 744,3102 744,3142"/>
        <Baseline points="744,3142 2118,3146"/>
        <TextEquiv conf="0.9936809826780248">
          <Unicode>XXI. 909, Migne 200 p. 1154. — „Cognoscentes laborem“.</Unicode>
        </TextEquiv>
      </TextLine>
      <TextLine id="eSc_line_3a450953" custom="structure {type:default;}">
        <Coords points="693,3193 691,3217 2297,3235 2302,3204 2302,3173 693,3160 693,3193"/>
        <Baseline points="693,3193 2302,3204"/>
        <TextEquiv conf="0.9918007453282675">
          <Unicode>Vid. Bosonis card. vita Alex. p. 447, Romoaldi Salern. Annal. p. 458.</Unicode>
        </TextEquiv>
      </TextLine>
      <TextLine id="eSc_line_598ba247" custom="structure {type:default;}">
        <Coords points="125,3195 125,3230 368,3224 368,3195 368,3146 125,3142 125,3195"/>
        <Baseline points="125,3195 368,3195"/>
        <TextEquiv conf="0.9999939070807563">
          <Unicode>Nov. Dec.</Unicode>
        </TextEquiv>
      </TextLine>
      <TextLine id="eSc_line_6a982d04" custom="structure {type:default;}">
        <Coords points="393,3195 391,3221 636,3221 638,3199 636,3153 393,3153 393,3195"/>
        <Baseline points="393,3195 638,3199"/>
        <TextEquiv conf="0.9999999867545234">
          <Unicode>Beneventi</Unicode>
        </TextEquiv>
      </TextLine>
      <TextLine id="eSc_line_a28dd545" custom="structure {type:default;}">
        <Coords points="695,3250 693,3270 1555,3274 1559,3255 1557,3219 695,3213 695,3250"/>
        <Baseline points="695,3250 1559,3255"/>
        <TextEquiv conf="0.9999763121207556">
          <Unicode>Vide Romoaldi Salern. Annal. p. 459.</Unicode>
        </TextEquiv>
      </TextLine>
      <TextLine id="eSc_line_d4e983d7" custom="structure {type:default;}">
        <Coords points="410,3257 410,3274 534,3283 536,3283 609,3268 609,3250 603,3224 408,3228 410,3257"/>
        <Baseline points="410,3257 609,3250"/>
        <TextEquiv conf="1.0">
          <Unicode>Aversae</Unicode>
        </TextEquiv>
      </TextLine>
      <TextLine id="eSc_line_8fd7a132" custom="structure {type:default;}">
        <Coords points="178,3259 178,3279 313,3274 313,3255 307,3226 176,3226 178,3259"/>
        <Baseline points="178,3259 313,3255"/>
        <TextEquiv conf="0.9999999403953552">
          <Unicode>„) „</Unicode>
        </TextEquiv>
      </TextLine>
      <TextLine id="eSc_line_6b8283d9" custom="structure {type:default;}">
        <Coords points="172,3308 172,3325 324,3327 326,3308 324,3268 172,3270 172,3308"/>
        <Baseline points="172,3308 326,3308"/>
        <TextEquiv conf="0.9998827775319418">
          <Unicode>„ „</Unicode>
        </TextEquiv>
      </TextLine>
      <TextLine id="eSc_line_6a0eccff" custom="structure {type:default;}">
        <Coords points="377,3308 377,3334 649,3334 649,3308 649,3268 377,3268 377,3308"/>
        <Baseline points="377,3308 649,3308"/>
        <TextEquiv conf="0.9999996662139893">
          <Unicode>S. Germani</Unicode>
        </TextEquiv>
      </TextLine>
      <TextLine id="eSc_line_63d13670" custom="structure {type:default;}">
        <Coords points="691,3308 691,3330 1548,3334 1551,3308 1551,3277 691,3266 691,3308"/>
        <Baseline points="691,3308 1551,3308"/>
        <TextEquiv conf="0.999876628050933">
          <Unicode>Vid. Bosonis card. vita Alex. p. 447.</Unicode>
        </TextEquiv>
      </TextLine>
      <TextLine id="eSc_line_8d575ee4" custom="structure {type:default;}">
        <Coords points="141,3354 139,3380 355,3383 360,3358 357,3323 141,3308 141,3354"/>
        <Baseline points="141,3354 360,3358"/>
        <TextEquiv conf="0.9999897181987762">
          <Unicode>Dec. 14.</Unicode>
        </TextEquiv>
      </TextLine>
      <TextLine id="eSc_line_e3496356" custom="structure {type:default;}">
        <Coords points="391,3363 391,3387 636,3387 636,3358 629,3321 388,3327 391,3363"/>
        <Baseline points="391,3363 636,3358"/>
        <TextEquiv conf="1.0">
          <Unicode>Anagniam</Unicode>
        </TextEquiv>
      </TextLine>
      <TextLine id="eSc_line_8b454d52" custom="structure {type:default;}">
        <Coords points="687,3363 687,3389 2101,3392 2103,3358 2098,3325 684,3319 687,3363"/>
        <Baseline points="687,3363 2103,3358"/>
        <TextEquiv conf="0.9924111727808342">
          <Unicode>pervenit „XIX. kal. Ianuar“. Bosonis card. vit. Alex. p. 447.</Unicode>
        </TextEquiv>
      </TextLine>
      <TextLine id="eSc_line_79df9e72" custom="structure {type:default;}">
        <Coords points="178,3414 174,3504 267,3522 269,3522 353,3509 357,3418 355,3380 178,3376 178,3414"/>
        <Baseline points="178,3414 357,3418"/>
        <TextEquiv conf="0.7593044191598892">
          <Unicode>„ *.</Unicode>
        </TextEquiv>
      </TextLine>
      <TextLine id="eSc_line_cc08c96d" custom="structure {type:default;}">
        <Coords points="397,3418 397,3511 505,3506 541,3520 552,3524 554,3524 556,3526 631,3526 631,3418 631,3387 397,3383 397,3418"/>
        <Baseline points="397,3418 631,3418"/>
        <TextEquiv conf="0.8887003846466541">
          <Unicode>Asasnle“</Unicode>
        </TextEquiv>
      </TextLine>
      <TextLine id="eSc_line_2622d9cb" custom="structure {type:default;}">
        <Coords points="693,3418 693,3442 2653,3445 2655,3418 2653,3380 693,3380 693,3418"/>
        <Baseline points="693,3418 2655,3418"/>
        <TextEquiv conf="0.9960209429264069">
          <Unicode>12958 (8551) Monasterii S. Mariae Novi-castri (Neuenburgensis) patrocinium suscipit et</Unicode>
        </TextEquiv>
      </TextLine>
      <TextLine id="eSc_line_89a2a575" custom="structure {type:default;}">
        <Coords points="746,3469 744,3498 2646,3509 2651,3475 2649,3436 746,3436 746,3469"/>
        <Baseline points="746,3469 2651,3475"/>
        <TextEquiv conf="0.999902354109855">
          <Unicode>possesiones iuraque confirmat, petente Nendungo abbate. Schoepflin Als. dipl. I. 26,</Unicode>
        </TextEquiv>
      </TextLine>
      <TextLine id="eSc_line_4eda1586" custom="structure {type:default;}">
        <Coords points="748,3524 746,3566 802,3581 804,3581 806,3581 808,3581 810,3581 821,3570 866,3581 868,3581 870,3581 872,3581 903,3573 927,3595 930,3595 932,3595 934,3597 980,3597 980,3595 983,3595 985,3595 1005,3579 1056,3592 1058,3592 1060,3592 1111,3581 1131,3595 1133,3595 1135,3595 1137,3595 1140,3595 1142,3595 1182,3570 1237,3570 1285,3590 1288,3590 1290,3590 1400,3575 1416,3586 1418,3586 1420,3586 1422,3588 1422,3586 1425,3586 1427,3586 1449,3570 1471,3586 1473,3586 1475,3586 1478,3586 1480,3586 1517,3577 1606,3599 1608,3599 1610,3601 1829,3601 1829,3599 1831,3599 1833,3599 1844,3588 1886,3599 1889,3599 1891,3599 1893,3599 1926,3581 2019,3599 2021,3601 2185,3601 2185,3599 2187,3599 2246,3573 2346,3573 2348,3528 2346,3498 748,3484 748,3524"/>
        <Baseline points="748,3524 2348,3528"/>
        <TextEquiv conf="0.9656936390631234">
          <Unicode>Pardrwein Nor. subs. dipt. X. 55. — „Religiosam vitam eligentibus“.</Unicode>
        </TextEquiv>
      </TextLine>
      <TextLine id="eSc_line_1892c30f" custom="structure {type:default;}">
        <Coords points="2375,3548 2293,3551 2293,3586 2293,3663 2381,3650 2381,3586 2379,3573 2375,3548"/>
        <Baseline points="2293,3586 2381,3586"/>
        <TextEquiv conf="0.9998153249422709">
          <Unicode>40*</Unicode>
        </TextEquiv>
      </TextLine>
    </TextRegion>
    <TextRegion id="eSc_textblock_54da0d86"  custom="structure {type:default;}">
      <Coords points="947,167 1877,176 1877,262 936,280 901,229 947,167"/>
      <TextLine id="eSc_line_bd484321" custom="structure {type:default;}">
        <Coords points="932,245 932,265 1858,276 1860,245 1860,194 1727,181 1725,181 1723,181 1685,192 1555,181 1553,181 1462,192 1347,181 1345,181 1343,181 1307,192 1206,181 1204,181 1201,181 1168,192 994,181 992,181 932,192 932,245"/>
        <Baseline points="932,245 1860,245"/>
        <TextEquiv conf="0.9819502997398376">
          <Unicode>ALEXANDER III. 1159—1181.</Unicode>
        </TextEquiv>
      </TextLine>
    </TextRegion>
    <TextRegion id="eSc_textblock_454b54e8"  custom="structure {type:default;}">
      <Coords points="2562,167 2733,185 2750,253 2540,280 2505,194 2562,167"/>
      <TextLine id="eSc_line_64b4229a" custom="structure {type:default;}">
        <Coords points="2655,176 2538,189 2543,247 2543,271 2671,271 2671,242 2664,176 2655,176"/>
        <Baseline points="2543,247 2671,242"/>
        <TextEquiv conf="1.0">
          <Unicode>315</Unicode>
        </TextEquiv>
      </TextLine>
    </TextRegion>
  </Page>
</PcGts>
