<?xml version="1.0" encoding="UTF-8"  standalone="yes"?>
<PcGts xmlns="http://schema.primaresearch.org/PAGE/gts/pagecontent/2019-07-15" xmlns:xsi="http://www.w3.org/2001/XMLSchema-instance" xsi:schemaLocation="http://schema.primaresearch.org/PAGE/gts/pagecontent/2019-07-15 http://schema.primaresearch.org/PAGE/gts/pagecontent/2019-07-15/pagecontent.xsd">
  <Metadata>
	<Creator>escriptorium</Creator>
	<Created>2024-07-19T10:11:38.350435+00:00</Created>
        <LastChange>2024-08-08T08:41:24.300242+00:00</LastChange>
  </Metadata>
  <Page imageFilename="0332.png" imageWidth="3007" imageHeight="3975">
    <TextRegion id="eSc_textblock_e64fd700"  custom="structure {type:default;}">
      <Coords points="428,326 660,335 662,371 671,335 927,326 2715,335 2671,3548 689,3548 669,3257 634,3522 406,3495 386,2135 360,3513 247,3522 141,3486 97,2011 132,1587 123,477 176,353 368,335 395,503 428,326"/>
      <TextLine id="eSc_line_0e5b9b2e" custom="structure {type:default;}">
        <Coords points="2441,333 2419,333 2397,333 2375,333 2353,333 2330,333 2308,333 2286,333 2264,333 2242,331 2220,331 2198,331 2176,331 2154,331 2138,331 2132,333 2121,337 2116,333 2112,331 2109,331 2087,331 2065,331 2043,331 2021,331 1999,331 1977,331 1972,331 1966,333 1950,337 1891,333 1864,331 1844,331 1822,331 1800,329 1778,329 1756,329 1734,329 1718,329 1696,333 1652,340 1630,331 1623,329 1601,329 1579,329 1575,329 1559,331 1509,340 1422,331 1398,329 1380,329 1358,326 1341,326 1327,331 1292,340 1190,331 1148,326 1146,326 1124,329 1051,342 1027,329 1020,326 1018,326 1016,326 861,326 850,329 828,329 806,329 784,331 762,331 740,331 718,333 695,333 673,333 676,395 676,415 857,426 859,426 2651,412 2651,386 2646,337 2452,333 2441,333"/>
        <Baseline points="676,395 2651,386"/>
        <TextEquiv conf="0.9740147381038456">
          <Unicode>1178. (Ind. 11. — 25. Sept. — 12, pont. a. 19. — 20. Sept. — 20, 1177. — 25. Mart. — 1178.)</Unicode>
        </TextEquiv>
      </TextLine>
      <TextLine id="eSc_line_76dd39f3" custom="structure {type:default;}">
        <Coords points="159,503 159,532 371,530 371,503 368,452 159,452 159,503"/>
        <Baseline points="159,503 371,503"/>
        <TextEquiv conf="0.9986870970044818">
          <Unicode>lan. 4.</Unicode>
        </TextEquiv>
      </TextLine>
      <TextLine id="eSc_line_6d280e94" custom="structure {type:default;}">
        <Coords points="417,503 417,574 645,578 647,499 642,454 415,450 417,503"/>
        <Baseline points="417,503 647,499"/>
        <TextEquiv conf="0.9850473403930664">
          <Unicode>Anagniae</Unicode>
        </TextEquiv>
      </TextLine>
      <TextLine id="eSc_line_cfede75b" custom="structure {type:default;}">
        <Coords points="704,501 704,527 2675,527 2677,494 2673,459 2520,446 2518,446 2516,446 2487,457 1924,448 1922,448 1710,459 1562,448 1559,448 1557,448 1535,459 1250,450 1248,450 1246,450 1199,461 1190,461 726,450 724,450 722,450 702,459 704,501"/>
        <Baseline points="704,501 2677,494"/>
        <TextEquiv conf="0.9945736000704211">
          <Unicode>13009 (8566) Monasterii Salemensis patrocinium suscipit, possessionesque et privilegia</Unicode>
        </TextEquiv>
      </TextLine>
      <TextLine id="eSc_line_b5ed0740" custom="structure {type:default;}">
        <Coords points="757,554 757,580 2675,576 2677,549 2671,518 755,521 757,554"/>
        <Baseline points="757,554 2677,549"/>
        <TextEquiv conf="0.9997137457132339">
          <Unicode>confirmat, petente Christiano abbate. Wirtemberg. Urkundenb. II. 187, Weech Cod.</Unicode>
        </TextEquiv>
      </TextLine>
      <TextLine id="eSc_line_f7f30dbe" custom="structure {type:default;}">
        <Coords points="755,609 755,631 2019,638 2023,605 2017,574 753,578 755,609"/>
        <Baseline points="755,609 2023,605"/>
        <TextEquiv conf="0.9921888979998502">
          <Unicode>dipl. Salemit. p. 35. — „Religiosam vitam eligentibus“.</Unicode>
        </TextEquiv>
      </TextLine>
      <TextLine id="eSc_line_988a1625" custom="structure {type:default;}">
        <Coords points="190,673 190,691 351,695 353,695 355,695 357,695 371,682 371,666 366,629 318,620 315,620 313,620 285,631 273,638 187,638 190,673"/>
        <Baseline points="190,673 371,666"/>
        <TextEquiv conf="0.9999974727630615">
          <Unicode>„ 13.</Unicode>
        </TextEquiv>
      </TextLine>
      <TextLine id="eSc_line_f47001a0" custom="structure {type:default;}">
        <Coords points="494,682 494,693 503,702 505,702 508,702 510,702 583,695 583,682 583,647 519,633 517,633 514,633 512,633 494,644 494,682"/>
        <Baseline points="494,682 583,682"/>
        <TextEquiv conf="1.0">
          <Unicode>„</Unicode>
        </TextEquiv>
      </TextLine>
      <TextLine id="eSc_line_12715f71" custom="structure {type:default;}">
        <Coords points="709,664 709,689 2673,691 2677,658 2671,627 707,629 709,664"/>
        <Baseline points="709,664 2677,658"/>
        <TextEquiv conf="0.9997163479586682">
          <Unicode>13010 Ecclesiae S. Mariae et S. Theobaldi Metensis tutelam suscipit et possessiones</Unicode>
        </TextEquiv>
      </TextLine>
      <TextLine id="eSc_line_af09cdf0" custom="structure {type:default;}">
        <Coords points="760,719 760,744 2668,739 2671,715 2664,684 757,686 760,719"/>
        <Baseline points="760,719 2671,715"/>
        <TextEquiv conf="0.9996826548080939">
          <Unicode>confirmat, petente Hugone praeposito. Histoire de Metz III. Preuves p. 131. —</Unicode>
        </TextEquiv>
      </TextLine>
      <TextLine id="eSc_line_e9391cbe" custom="structure {type:default;}">
        <Coords points="757,777 757,797 1210,790 1212,770 1208,737 788,735 786,735 784,735 755,744 757,777"/>
        <Baseline points="757,777 1212,770"/>
        <TextEquiv conf="0.9959396600723267">
          <Unicode>„Ideo sumus, licet“.</Unicode>
        </TextEquiv>
      </TextLine>
      <TextLine id="eSc_line_2c887ea9" custom="structure {type:default;}">
        <Coords points="187,839 187,854 366,850 366,834 362,788 185,786 187,839"/>
        <Baseline points="187,839 366,834"/>
        <TextEquiv conf="0.9999999761581421">
          <Unicode>„ 14.</Unicode>
        </TextEquiv>
      </TextLine>
      <TextLine id="eSc_line_2f760b5d" custom="structure {type:default;}">
        <Coords points="494,848 494,903 585,903 585,848 583,781 494,790 494,848"/>
        <Baseline points="494,848 585,848"/>
        <TextEquiv conf="0.9999996423721313">
          <Unicode>„</Unicode>
        </TextEquiv>
      </TextLine>
      <TextLine id="eSc_line_e44e6181" custom="structure {type:default;}">
        <Coords points="707,828 707,852 2677,845 2677,823 2673,786 729,783 726,783 724,783 704,792 707,828"/>
        <Baseline points="707,828 2677,823"/>
        <TextEquiv conf="0.9918048132297604">
          <Unicode>13011 Civitatis Castellanae tutelam suscipit bonaque confirmat, ea tamen lege, ut „per</Unicode>
        </TextEquiv>
      </TextLine>
      <TextLine id="eSc_line_990ce09e" custom="structure {type:default;}">
        <Coords points="760,885 760,907 2673,901 2675,878 2668,850 757,854 760,885"/>
        <Baseline points="760,885 2675,878"/>
        <TextEquiv conf="0.9958490126189732">
          <Unicode>singulos focos“ denarius unus Lucensis monetae in festivitate SS. Petri et Pauli La-</Unicode>
        </TextEquiv>
      </TextLine>
      <TextLine id="eSc_line_0f091af5" custom="structure {type:default;}">
        <Coords points="760,940 760,962 2671,965 2675,936 2668,896 757,907 760,940"/>
        <Baseline points="760,940 2675,936"/>
        <TextEquiv conf="0.9864160358905792">
          <Unicode>teranensi palatio annuatim persolvatur. (Signa chronologica sunt corrupta.) Muzi</Unicode>
        </TextEquiv>
      </TextLine>
      <TextLine id="eSc_line_eb547fee" custom="structure {type:default;}">
        <Coords points="760,993 760,1018 2211,1018 2211,993 2211,962 760,962 760,993"/>
        <Baseline points="760,993 2211,993"/>
        <TextEquiv conf="0.9946962941077447">
          <Unicode>Mem. civili di Città di Castello I. 15. — („Cum ex iniuncto“).</Unicode>
        </TextEquiv>
      </TextLine>
      <TextLine id="eSc_line_da91fa7a" custom="structure {type:default;}">
        <Coords points="194,1053 194,1077 262,1066 276,1071 302,1082 304,1082 307,1082 309,1082 366,1060 366,1046 362,1004 271,995 269,995 192,1011 194,1053"/>
        <Baseline points="194,1053 366,1046"/>
        <TextEquiv conf="0.999997878074646">
          <Unicode>„ 23.</Unicode>
        </TextEquiv>
      </TextLine>
      <TextLine id="eSc_line_37955e1a" custom="structure {type:default;}">
        <Coords points="492,1066 492,1128 587,1121 587,1066 587,1026 492,1022 492,1066"/>
        <Baseline points="492,1066 587,1066"/>
        <TextEquiv conf="1.0">
          <Unicode>„</Unicode>
        </TextEquiv>
      </TextLine>
      <TextLine id="eSc_line_8dc5ca4a" custom="structure {type:default;}">
        <Coords points="707,1048 707,1073 2673,1068 2675,1044 2671,1013 1877,1002 1875,1002 1703,1013 1685,1015 704,1015 707,1048"/>
        <Baseline points="707,1048 2675,1044"/>
        <TextEquiv conf="0.998111450090641">
          <Unicode>13012 (8567) Ecclesiae S. Mariae de Reno protectionem suscipit, possessionesque ac</Unicode>
        </TextEquiv>
      </TextLine>
      <TextLine id="eSc_line_3495b857" custom="structure {type:default;}">
        <Coords points="757,1104 757,1128 2671,1124 2673,1099 2666,1066 755,1066 757,1104"/>
        <Baseline points="757,1104 2673,1099"/>
        <TextEquiv conf="0.9958096786781594">
          <Unicode>iura, petente Geraldo abbate, confirmat. Trombelli Mem. di Reno p. 373, Migne 200</Unicode>
        </TextEquiv>
      </TextLine>
      <TextLine id="eSc_line_c7301ac5" custom="structure {type:default;}">
        <Coords points="755,1161 755,1181 1873,1174 1875,1154 1869,1124 753,1126 755,1161"/>
        <Baseline points="755,1161 1875,1154"/>
        <TextEquiv conf="0.9880407858402172">
          <Unicode>p. 1159, (Bull. Lat. p. 47). — „Cum nobis sit“.</Unicode>
        </TextEquiv>
      </TextLine>
      <TextLine id="eSc_line_daa8305b" custom="structure {type:default;}">
        <Coords points="192,1219 192,1243 362,1230 362,1212 355,1166 190,1174 192,1219"/>
        <Baseline points="192,1219 362,1212"/>
        <TextEquiv conf="0.9967363595962524">
          <Unicode>„ 26.</Unicode>
        </TextEquiv>
      </TextLine>
      <TextLine id="eSc_line_00b164fa" custom="structure {type:default;}">
        <Coords points="490,1232 490,1287 583,1298 585,1232 585,1199 525,1181 523,1181 521,1181 519,1181 517,1181 490,1196 490,1232"/>
        <Baseline points="490,1232 585,1232"/>
        <TextEquiv conf="1.0">
          <Unicode>„</Unicode>
        </TextEquiv>
      </TextLine>
      <TextLine id="eSc_line_f4e82cbc" custom="structure {type:default;}">
        <Coords points="707,1214 707,1238 2673,1234 2675,1207 2671,1177 704,1177 707,1214"/>
        <Baseline points="707,1214 2675,1207"/>
        <TextEquiv conf="0.9973620432841627">
          <Unicode>13013 (8568) Monasterium Eberbacense tuendum suscipit et eius bona ac iura con-</Unicode>
        </TextEquiv>
      </TextLine>
      <TextLine id="eSc_line_fdd1c39b" custom="structure {type:default;}">
        <Coords points="755,1269 755,1291 2664,1296 2668,1263 2662,1232 753,1234 755,1269"/>
        <Baseline points="755,1269 2668,1263"/>
        <TextEquiv conf="0.9927339106798172">
          <Unicode>firmat, petente Arnoldo abbate. Wenck Hess. Landesg. II. Urk. p. 109, Rossel</Unicode>
        </TextEquiv>
      </TextLine>
      <TextLine id="eSc_line_b870b1ac" custom="structure {type:default;}">
        <Coords points="757,1322 757,1347 2675,1347 2675,1322 2675,1291 757,1287 757,1322"/>
        <Baseline points="757,1322 2675,1322"/>
        <TextEquiv conf="0.9976039586997614">
          <Unicode>Urkundenb. v. Eberbach I. 61, Migne 200 p. 1160. — „Religiosam vitam eligentibus“.</Unicode>
        </TextEquiv>
      </TextLine>
      <TextLine id="eSc_line_14c5b594" custom="structure {type:default;}">
        <Coords points="190,1386 190,1444 262,1461 265,1461 364,1450 364,1382 357,1329 187,1329 190,1386"/>
        <Baseline points="190,1386 364,1382"/>
        <TextEquiv conf="0.9938834547996521">
          <Unicode>„ 27.</Unicode>
        </TextEquiv>
      </TextLine>
      <TextLine id="eSc_line_d1a24be3" custom="structure {type:default;}">
        <Coords points="490,1395 490,1450 581,1464 583,1395 583,1340 490,1338 490,1395"/>
        <Baseline points="490,1395 583,1395"/>
        <TextEquiv conf="1.0">
          <Unicode>„</Unicode>
        </TextEquiv>
      </TextLine>
      <TextLine id="eSc_line_a028b28d" custom="structure {type:default;}">
        <Coords points="707,1378 707,1404 2673,1404 2675,1378 2673,1349 707,1338 707,1378"/>
        <Baseline points="707,1378 2675,1378"/>
        <TextEquiv conf="0.9932589705070752">
          <Unicode>13014 Universis episcopis Scotiae mandat, ne a fratribus Cisterciensibus de terris, „quas</Unicode>
        </TextEquiv>
      </TextLine>
      <TextLine id="eSc_line_0857f47e" custom="structure {type:default;}">
        <Coords points="757,1437 757,1466 2666,1453 2668,1433 2664,1400 755,1397 757,1437"/>
        <Baseline points="757,1437 2668,1433"/>
        <TextEquiv conf="0.9959567877981398">
          <Unicode>propriis manibus aut sumptibus excolant, sive sint propriae, sive ab aliis ipsas teneant“,</Unicode>
        </TextEquiv>
      </TextLine>
      <TextLine id="eSc_line_0a207079" custom="structure {type:default;}">
        <Coords points="753,1488 753,1512 2664,1517 2668,1484 2664,1455 751,1455 753,1488"/>
        <Baseline points="753,1488 2668,1484"/>
        <TextEquiv conf="0.9981944589053884">
          <Unicode>decimas exigi patiantur, etiamsi Vivianus, pr. card. tit. S. Stephani in Celio monte,</Unicode>
        </TextEquiv>
      </TextLine>
      <TextLine id="eSc_line_61d38643" custom="structure {type:default;}">
        <Coords points="753,1543 753,1567 2668,1561 2671,1537 2664,1508 751,1508 753,1543"/>
        <Baseline points="753,1543 2671,1537"/>
        <TextEquiv conf="0.9992968121712859">
          <Unicode>legatus apostolicus, statuerit, ut de terris, „quas teneant ab aliis et laborent“, deci-</Unicode>
        </TextEquiv>
      </TextLine>
      <TextLine id="eSc_line_44670691" custom="structure {type:default;}">
        <Coords points="753,1598 753,1625 2673,1625 2673,1598 2673,1565 753,1565 753,1598"/>
        <Baseline points="753,1598 2673,1598"/>
        <TextEquiv conf="0.9967121665294354">
          <Unicode>mas solverent. Concilia Scotiae ed. Robertson p. CCXLV, Haddan and Stubbs Con-</Unicode>
        </TextEquiv>
      </TextLine>
      <TextLine id="eSc_line_4c808681" custom="structure {type:default;}">
        <Coords points="751,1654 751,1673 1078,1684 1080,1684 1179,1673 1182,1673 1261,1684 1263,1684 1458,1682 1460,1682 1462,1682 1473,1671 1500,1682 1502,1682 1504,1684 1732,1684 1732,1682 1734,1682 1780,1669 1780,1649 1776,1616 748,1616 751,1654"/>
        <Baseline points="751,1654 1780,1649"/>
        <TextEquiv conf="0.9993811371651563">
          <Unicode>cils II. I. 248. — „Insinuatum est auribus“.</Unicode>
        </TextEquiv>
      </TextLine>
      <TextLine id="eSc_line_09c4ad03" custom="structure {type:default;}">
        <Coords points="187,1715 187,1737 212,1746 214,1746 216,1746 218,1746 220,1746 220,1744 227,1740 240,1724 269,1724 285,1740 287,1740 287,1742 289,1742 291,1742 293,1742 296,1742 298,1742 300,1740 313,1729 364,1740 366,1709 362,1665 185,1660 187,1715"/>
        <Baseline points="187,1715 366,1709"/>
        <TextEquiv conf="0.99977548122406">
          <Unicode>„ 30.</Unicode>
        </TextEquiv>
      </TextLine>
      <TextLine id="eSc_line_e57c1c29" custom="structure {type:default;}">
        <Coords points="486,1724 486,1735 574,1735 574,1724 574,1671 541,1660 539,1660 536,1660 486,1669 486,1724"/>
        <Baseline points="486,1724 574,1724"/>
        <TextEquiv conf="1.0">
          <Unicode>„</Unicode>
        </TextEquiv>
      </TextLine>
      <TextLine id="eSc_line_a419b33c" custom="structure {type:default;}">
        <Coords points="704,1711 704,1733 2666,1735 2671,1704 2664,1665 702,1665 704,1711"/>
        <Baseline points="704,1711 2671,1704"/>
        <TextEquiv conf="0.9999533998114722">
          <Unicode>13015 (8569) Petro abbati et capitulo Casinensi restituit tabulam auream („mirificum</Unicode>
        </TextEquiv>
      </TextLine>
      <TextLine id="eSc_line_9c093695" custom="structure {type:default;}">
        <Coords points="753,1764 753,1788 2664,1795 2668,1760 2664,1729 751,1724 753,1764"/>
        <Baseline points="753,1764 2668,1760"/>
        <TextEquiv conf="0.9794260292877386">
          <Unicode>et deliciosum opus“), a V(iviano), (al M(anfredo]), quondam episcopo Praenestino,</Unicode>
        </TextEquiv>
      </TextLine>
      <TextLine id="eSc_line_3ba1638a" custom="structure {type:default;}">
        <Coords points="753,1815 751,1837 2666,1850 2671,1819 2668,1788 753,1786 753,1815"/>
        <Baseline points="753,1815 2671,1819"/>
        <TextEquiv conf="0.9999467565825111">
          <Unicode>de monasterio comparatam, sibique legatam; vetatque eam quoquomodo alienari.</Unicode>
        </TextEquiv>
      </TextLine>
      <TextLine id="eSc_line_2b45fdb2" custom="structure {type:default;}">
        <Coords points="755,1874 755,1905 2662,1894 2664,1870 2660,1841 753,1835 755,1874"/>
        <Baseline points="755,1874 2664,1870"/>
        <TextEquiv conf="0.994641612102459">
          <Unicode>Margarini Bull. Cas. II. 185, Petrini Mem. Pren. p. 403, Migne 200 p. 1161. —</Unicode>
        </TextEquiv>
      </TextLine>
      <TextLine id="eSc_line_8ca95c6f" custom="structure {type:default;}">
        <Coords points="751,1932 751,1952 1193,1956 1197,1927 1193,1894 748,1888 751,1932"/>
        <Baseline points="751,1932 1197,1927"/>
        <TextEquiv conf="0.9972705841064453">
          <Unicode>„Bonae memoriae“.</Unicode>
        </TextEquiv>
      </TextLine>
      <TextLine id="eSc_line_8c3fb25b" custom="structure {type:default;}">
        <Coords points="132,1980 132,2014 298,2009 300,2009 338,2022 340,2022 342,2022 344,2022 346,2022 364,2009 364,1980 364,1932 132,1925 132,1980"/>
        <Baseline points="132,1980 364,1980"/>
        <TextEquiv conf="0.9662666201591492">
          <Unicode>lan.-Febr.</Unicode>
        </TextEquiv>
      </TextLine>
      <TextLine id="eSc_line_19d79f8c" custom="structure {type:default;}">
        <Coords points="477,1989 477,2016 514,2025 517,2025 581,2009 581,1989 581,1936 477,1934 477,1989"/>
        <Baseline points="477,1989 581,1989"/>
        <TextEquiv conf="0.9999997218449911">
          <Unicode>(„)</Unicode>
        </TextEquiv>
      </TextLine>
      <TextLine id="eSc_line_550d2538" custom="structure {type:default;}">
        <Coords points="702,1985 702,2009 2664,2011 2668,1980 2664,1943 700,1938 702,1985"/>
        <Baseline points="702,1985 2668,1980"/>
        <TextEquiv conf="0.9936811092459126">
          <Unicode>13016 Dominos Cavenses ad bellum hominibus de Roiata, Romanae ecclesiae inimicis,</Unicode>
        </TextEquiv>
      </TextLine>
      <TextLine id="eSc_line_9433ecdb" custom="structure {type:default;}">
        <Coords points="751,2038 751,2060 2441,2055 2443,2033 2436,2005 748,2007 751,2038"/>
        <Baseline points="751,2038 2443,2033"/>
        <TextEquiv conf="0.9968549548715785">
          <Unicode>inferendum adducit. Loewenfeld Epistolae p. 150. — „Quanto nobis et“.</Unicode>
        </TextEquiv>
      </TextLine>
      <TextLine id="eSc_line_086a7173" custom="structure {type:default;}">
        <Coords points="159,2100 159,2120 371,2113 371,2095 364,2042 156,2051 159,2100"/>
        <Baseline points="159,2100 371,2095"/>
        <TextEquiv conf="1.0">
          <Unicode>(„ „)</Unicode>
        </TextEquiv>
      </TextLine>
      <TextLine id="eSc_line_3dc2ffa4" custom="structure {type:default;}">
        <Coords points="470,2100 470,2133 492,2133 503,2144 528,2166 528,2168 530,2168 532,2168 534,2170 583,2170 583,2100 583,2049 470,2044 470,2100"/>
        <Baseline points="470,2100 583,2100"/>
        <TextEquiv conf="0.9999947945276896">
          <Unicode>(„)</Unicode>
        </TextEquiv>
      </TextLine>
      <TextLine id="eSc_line_c6c7c69d" custom="structure {type:default;}">
        <Coords points="702,2091 702,2117 2673,2115 2673,2091 2671,2055 702,2058 702,2091"/>
        <Baseline points="702,2091 2673,2091"/>
        <TextEquiv conf="0.9998608413265972">
          <Unicode>13017 (Philippo) Coloniensi et (Wichmanno) Magdeburgensi archiepiscopis et Conrado</Unicode>
        </TextEquiv>
      </TextLine>
      <TextLine id="eSc_line_2293d3b5" custom="structure {type:default;}">
        <Coords points="748,2144 746,2166 2664,2173 2668,2148 2666,2117 748,2113 748,2144"/>
        <Baseline points="748,2144 2668,2148"/>
        <TextEquiv conf="0.9998168123931419">
          <Unicode>electo Wormatiensi ac Wortwino, imperialis aulae protonotario, nuntiat, T. medicum</Unicode>
        </TextEquiv>
      </TextLine>
      <TextLine id="eSc_line_5c5291e7" custom="structure {type:default;}">
        <Coords points="751,2208 751,2230 2664,2232 2668,2201 2662,2170 748,2175 751,2208"/>
        <Baseline points="751,2208 2668,2201"/>
        <TextEquiv conf="0.9937239706516265">
          <Unicode>„pro omni suspicione de medio tollenda“ ad F(ridericum) imperatorem missum esse;</Unicode>
        </TextEquiv>
      </TextLine>
      <TextLine id="eSc_line_a23fcb5b" custom="structure {type:default;}">
        <Coords points="751,2259 751,2281 2666,2290 2668,2259 2668,2230 751,2230 751,2259"/>
        <Baseline points="751,2259 2668,2259"/>
        <TextEquiv conf="0.9940503223301613">
          <Unicode>quem ut ad promissa exsolvenda pacemque observandam commoneant, hortatur.</Unicode>
        </TextEquiv>
      </TextLine>
      <TextLine id="eSc_line_768a2898" custom="structure {type:default;}">
        <Coords points="751,2314 751,2336 1186,2345 1188,2345 1190,2345 1230,2334 1235,2334 1239,2334 1272,2345 1274,2345 1277,2345 1279,2345 1310,2334 1312,2334 1314,2334 1356,2345 1358,2345 1360,2345 1411,2334 1425,2332 1497,2332 1500,2334 1509,2340 1509,2343 1511,2343 1513,2343 1515,2343 1584,2332 1597,2332 1621,2332 1785,2343 1787,2343 1789,2343 1809,2332 1818,2340 1818,2343 1820,2343 1822,2343 1824,2345 1937,2345 1937,2343 1992,2329 1995,2309 1988,2272 748,2272 751,2314"/>
        <Baseline points="751,2314 1995,2309"/>
        <TextEquiv conf="0.9925731885433197">
          <Unicode>Loewenfeld Epistolae p. 150. — „A memoria nostra“.</Unicode>
        </TextEquiv>
      </TextLine>
      <TextLine id="eSc_line_a1e9f1be" custom="structure {type:default;}">
        <Coords points="163,2371 163,2407 174,2415 176,2415 178,2415 181,2415 183,2415 203,2404 209,2402 351,2415 353,2371 353,2314 163,2314 163,2371"/>
        <Baseline points="163,2371 353,2371"/>
        <TextEquiv conf="0.9999995470046997">
          <Unicode>(„ „)</Unicode>
        </TextEquiv>
      </TextLine>
      <TextLine id="eSc_line_216fe47d" custom="structure {type:default;}">
        <Coords points="475,2373 475,2424 523,2429 525,2429 528,2429 578,2409 578,2369 572,2318 470,2320 475,2373"/>
        <Baseline points="475,2373 578,2369"/>
        <TextEquiv conf="0.9999964237213135">
          <Unicode>(„)</Unicode>
        </TextEquiv>
      </TextLine>
      <TextLine id="eSc_line_c532b315" custom="structure {type:default;}">
        <Coords points="700,2367 700,2393 2660,2398 2664,2362 2657,2329 698,2329 700,2367"/>
        <Baseline points="700,2367 2664,2362"/>
        <TextEquiv conf="0.9880914498777951">
          <Unicode>13018 Universis ecclesiarum praelatis T. medicum ad Fridericum imperatorem destinatum</Unicode>
        </TextEquiv>
      </TextLine>
      <TextLine id="eSc_line_92135a7b" custom="structure {type:default;}">
        <Coords points="748,2422 748,2446 2288,2442 2291,2418 2284,2387 746,2391 748,2422"/>
        <Baseline points="748,2422 2291,2418"/>
        <TextEquiv conf="0.9945780710568504">
          <Unicode>commendat. Loewenfeld Epistolae p. 151. — „Dilectum filium T&#x27;.“</Unicode>
        </TextEquiv>
      </TextLine>
      <TextLine id="eSc_line_760054d1" custom="structure {type:default;}">
        <Coords points="159,2482 159,2524 351,2515 353,2477 349,2420 156,2420 159,2482"/>
        <Baseline points="159,2482 353,2477"/>
        <TextEquiv conf="0.9945406198501587">
          <Unicode>(„ „)</Unicode>
        </TextEquiv>
      </TextLine>
      <TextLine id="eSc_line_8128cec3" custom="structure {type:default;}">
        <Coords points="477,2482 475,2530 486,2541 488,2541 490,2541 492,2541 494,2541 521,2530 528,2541 530,2541 530,2544 532,2544 534,2544 536,2544 539,2544 578,2526 581,2486 581,2420 479,2415 477,2482"/>
        <Baseline points="477,2482 581,2486"/>
        <TextEquiv conf="0.999992847442627">
          <Unicode>(„)</Unicode>
        </TextEquiv>
      </TextLine>
      <TextLine id="eSc_line_4cf1e562" custom="structure {type:default;}">
        <Coords points="700,2479 700,2502 1206,2513 1208,2513 1341,2502 1358,2502 2664,2502 2664,2473 2657,2438 698,2438 700,2479"/>
        <Baseline points="700,2479 2664,2473"/>
        <TextEquiv conf="0.9999763347753664">
          <Unicode>13019 F(riderico) imperatori scribit, quae de suo erga Lombardos et Graecos studio</Unicode>
        </TextEquiv>
      </TextLine>
      <TextLine id="eSc_line_e500bfa8" custom="structure {type:default;}">
        <Coords points="751,2530 748,2555 2660,2557 2664,2535 2662,2504 751,2499 751,2530"/>
        <Baseline points="751,2530 2664,2535"/>
        <TextEquiv conf="0.9976906449329562">
          <Unicode>nuntientur, a pacis hostibus ementita esse. Causam suam a T. medico expositum iri.</Unicode>
        </TextEquiv>
      </TextLine>
      <TextLine id="eSc_line_695692cc" custom="structure {type:default;}">
        <Coords points="751,2583 748,2605 2660,2612 2664,2588 2662,2550 751,2550 751,2583"/>
        <Baseline points="751,2583 2664,2588"/>
        <TextEquiv conf="0.9946605490475167">
          <Unicode>Contra Graecos, imperii fines et ex parte S. Petri patrimonium invadentes, sese ad</Unicode>
        </TextEquiv>
      </TextLine>
      <TextLine id="eSc_line_5b8c66b9" custom="structure {type:default;}">
        <Coords points="751,2643 751,2667 2655,2672 2660,2638 2653,2610 748,2610 751,2643"/>
        <Baseline points="751,2643 2660,2638"/>
        <TextEquiv conf="0.9974493203978789">
          <Unicode>R(ogerium) comitem Andriae et Tancredum comitem (Licii), regium consobrinum,</Unicode>
        </TextEquiv>
      </TextLine>
      <TextLine id="eSc_line_7badd951" custom="structure {type:default;}">
        <Coords points="751,2698 751,2722 2664,2722 2664,2698 2664,2669 751,2665 751,2698"/>
        <Baseline points="751,2698 2664,2698"/>
        <TextEquiv conf="0.9997457914054394">
          <Unicode>magistros iusticiarios et magnos comestabulos Apuliae et Terrae Laboris, scripta</Unicode>
        </TextEquiv>
      </TextLine>
      <TextLine id="eSc_line_95b9e155" custom="structure {type:default;}">
        <Coords points="751,2749 748,2771 2657,2775 2662,2753 2660,2722 751,2718 751,2749"/>
        <Baseline points="751,2749 2662,2753"/>
        <TextEquiv conf="0.9999593035096214">
          <Unicode>destinasse, qui „statim universos, qui de terra W(illelmi) Siciliae regis ad solidum</Unicode>
        </TextEquiv>
      </TextLine>
      <TextLine id="eSc_line_cabde410" custom="structure {type:default;}">
        <Coords points="751,2806 751,2833 2664,2833 2664,2806 2664,2773 751,2771 751,2806"/>
        <Baseline points="751,2806 2664,2806"/>
        <TextEquiv conf="0.99978905445651">
          <Unicode>illorum perrexissent, sub pena personarum et rerum omnium suarum ab eorundem</Unicode>
        </TextEquiv>
      </TextLine>
      <TextLine id="eSc_line_77f1bb3e" custom="structure {type:default;}">
        <Coords points="751,2859 751,2886 2664,2886 2664,2859 2664,2831 751,2824 751,2859"/>
        <Baseline points="751,2859 2664,2859"/>
        <TextEquiv conf="0.9940225334910603">
          <Unicode>Graecorum auxilio revocassent“. Addit, cum esset Venetiis, Marchiam „ex parte</Unicode>
        </TextEquiv>
      </TextLine>
      <TextLine id="eSc_line_a15f74c4" custom="structure {type:default;}">
        <Coords points="751,2912 748,2934 2657,2945 2662,2917 2657,2877 751,2879 751,2912"/>
        <Baseline points="751,2912 2662,2917"/>
        <TextEquiv conf="0.9991218371269031">
          <Unicode>ad imperium et ex maxima parte ad ecclesiam spectantem“, indigno cuidam homini</Unicode>
        </TextEquiv>
      </TextLine>
      <TextLine id="eSc_line_f50d477f" custom="structure {type:default;}">
        <Coords points="751,2970 751,2994 2657,2998 2660,2970 2660,2941 751,2932 751,2970"/>
        <Baseline points="751,2970 2660,2970"/>
        <TextEquiv conf="0.9999288560413733">
          <Unicode>(Conrado de Luetzelhard) assignatam esse. Imperatorem hortatur, ut quae promiserit</Unicode>
        </TextEquiv>
      </TextLine>
      <TextLine id="eSc_line_e11351a0" custom="structure {type:default;}">
        <Coords points="751,3025 751,3051 2657,3047 2660,3021 2653,2994 748,2996 751,3025"/>
        <Baseline points="751,3025 2660,3021"/>
        <TextEquiv conf="0.9928032533231989">
          <Unicode>compleat pacemque observet; honorem eius et imperii sibi semper cordi esse. Loewen-</Unicode>
        </TextEquiv>
      </TextLine>
      <TextLine id="eSc_line_645b600e" custom="structure {type:default;}">
        <Coords points="751,3078 748,3104 2655,3113 2660,3082 2657,3051 751,3043 751,3078"/>
        <Baseline points="751,3078 2660,3082"/>
        <TextEquiv conf="0.9969590753316879">
          <Unicode>feld Epistolae p. 153; cf. Forsch. z. deutschen Gesch. XXV. 453. — „Imperatoriam</Unicode>
        </TextEquiv>
      </TextLine>
      <TextLine id="eSc_line_35f3e69b" custom="structure {type:default;}">
        <Coords points="746,3135 746,3151 888,3164 890,3164 1071,3146 1073,3131 1067,3100 744,3102 746,3135"/>
        <Baseline points="746,3135 1073,3131"/>
        <TextEquiv conf="0.9999999914850507">
          <Unicode>excellentiam“.</Unicode>
        </TextEquiv>
      </TextLine>
      <TextLine id="eSc_line_69c4f37b" custom="structure {type:default;}">
        <Coords points="161,3197 163,3272 331,3274 333,3274 335,3274 338,3274 353,3259 353,3191 344,3104 262,3127 238,3118 207,3109 205,3109 203,3109 201,3109 156,3127 161,3197"/>
        <Baseline points="161,3197 353,3191"/>
        <TextEquiv conf="0.9738669991493225">
          <Unicode>(„ „)</Unicode>
        </TextEquiv>
      </TextLine>
      <TextLine id="eSc_line_9b7cde53" custom="structure {type:default;}">
        <Coords points="472,3197 475,3279 583,3274 581,3193 576,3115 468,3115 472,3197"/>
        <Baseline points="472,3197 581,3193"/>
        <TextEquiv conf="0.9999973376592001">
          <Unicode>(„)</Unicode>
        </TextEquiv>
      </TextLine>
      <TextLine id="eSc_line_2de83a82" custom="structure {type:default;}">
        <Coords points="695,3208 2655,3215 2660,3188 2660,3153 2072,3153 2041,3146 1999,3140 1997,3140 1727,3144 1400,3149 1314,3140 1283,3138 1281,3138 1170,3140 744,3146 700,3135 698,3182 695,3208"/>
        <Baseline points="698,3182 2660,3188"/>
        <TextEquiv conf="0.9988913664763625">
          <Unicode>13020 Archiepiscopis, episcopis, abbatibus et aliis praelatis Antiochenae ecclesiae sub-</Unicode>
        </TextEquiv>
      </TextLine>
      <TextLine id="eSc_line_7078e22e" custom="structure {type:default;}">
        <Coords points="751,3241 751,3270 2660,3270 2660,3241 2660,3213 751,3213 751,3241"/>
        <Baseline points="751,3241 2660,3241"/>
        <TextEquiv conf="0.9942946542393077">
          <Unicode>iectis praecipit, ne a Boemundo principe occasione affinitatis, quae contracta sit inter</Unicode>
        </TextEquiv>
      </TextLine>
      <TextLine id="eSc_line_c99bccc9" custom="structure {type:default;}">
        <Coords points="751,3294 748,3316 2655,3321 2660,3299 2657,3268 751,3263 751,3294"/>
        <Baseline points="751,3294 2660,3299"/>
        <TextEquiv conf="0.9985045351088047">
          <Unicode>eum et Manuelem imperatorem, ecclesiam Antiochenam submitti Constantinopolitanae</Unicode>
        </TextEquiv>
      </TextLine>
      <TextLine id="eSc_line_2ea9a612" custom="structure {type:default;}">
        <Coords points="753,3350 753,3378 2653,3378 2655,3354 2653,3323 753,3310 753,3350"/>
        <Baseline points="753,3350 2655,3354"/>
        <TextEquiv conf="0.9982796062397051">
          <Unicode>patiantur. Mandat, ut (Aimerico) patriarchae Antiocheno ad resistendum auxilium</Unicode>
        </TextEquiv>
      </TextLine>
      <TextLine id="eSc_line_0275fdef" custom="structure {type:default;}">
        <Coords points="753,3405 751,3425 808,3438 810,3438 1557,3429 1732,3440 1734,3440 2653,3429 2655,3409 2653,3378 753,3372 753,3405"/>
        <Baseline points="753,3405 2655,3409"/>
        <TextEquiv conf="0.995814194991475">
          <Unicode>impendant, sed „eidem nihilominus resistant, si ad hoc ipsum aliquando flecteretur“.</Unicode>
        </TextEquiv>
      </TextLine>
      <TextLine id="eSc_line_d56c0cef" custom="structure {type:default;}">
        <Coords points="751,3458 748,3480 2651,3484 2655,3462 2653,3431 751,3427 751,3458"/>
        <Baseline points="751,3458 2655,3462"/>
        <TextEquiv conf="0.9962777825723211">
          <Unicode>Curent, ne castrum Cursarium „ecclesiae Antiochenae utilitatibus depereat“. Loewen-</Unicode>
        </TextEquiv>
      </TextLine>
      <TextLine id="eSc_line_2e5fa24b" custom="structure {type:default;}">
        <Coords points="751,3511 751,3573 1005,3559 1089,3573 1133,3579 1418,3581 1420,3581 1422,3581 1458,3570 1484,3564 1509,3570 1526,3577 1528,3577 1531,3577 1533,3577 1555,3570 1566,3568 1570,3570 1586,3581 1588,3581 1590,3581 1592,3581 1696,3573 1745,3584 1747,3584 1749,3584 1752,3584 1798,3570 1822,3564 1948,3564 1959,3570 1975,3581 1977,3581 1979,3581 2041,3584 2043,3584 2045,3584 2048,3584 2070,3568 2079,3564 2174,3564 2191,3568 2231,3581 2233,3581 2235,3581 2238,3581 2264,3568 2271,3566 2368,3566 2377,3568 2428,3584 2430,3584 2432,3584 2434,3584 2476,3568 2483,3566 2649,3566 2653,3520 2651,3489 751,3471 751,3511"/>
        <Baseline points="751,3511 2653,3520"/>
        <TextEquiv conf="0.9969273888787558">
          <Unicode>feld Epistolae p. 164; ef. Forsch. z. deutschen Gesch. XXV. 456. — „Si matri tenemur“.</Unicode>
        </TextEquiv>
      </TextLine>
    </TextRegion>
    <TextRegion id="eSc_textblock_ad195924"  custom="structure {type:default;}">
      <Coords points="947,167 1877,167 1886,253 927,271 910,220 947,167"/>
      <TextLine id="eSc_line_8fedee82" custom="structure {type:default;}">
        <Coords points="1805,167 1802,167 1648,181 1586,167 1584,167 1581,167 1544,183 1526,170 1524,170 1522,170 1520,170 1517,170 1478,183 1383,170 1380,170 1316,183 1259,170 1257,170 1254,170 1252,170 1250,170 1230,183 1217,172 1215,172 1212,172 998,172 996,172 994,172 934,187 936,236 936,260 1864,253 1864,229 1862,183 1807,167 1805,167"/>
        <Baseline points="936,236 1864,229"/>
        <TextEquiv conf="0.9997393560409545">
          <Unicode>ALEXANDER III. 1159—1181.</Unicode>
        </TextEquiv>
      </TextLine>
    </TextRegion>
    <TextRegion id="eSc_textblock_da72ea0f"  custom="structure {type:default;}">
      <Coords points="2545,167 2715,176 2715,245 2549,271 2514,192 2545,167"/>
      <TextLine id="eSc_line_63f5be59" custom="structure {type:default;}">
        <Coords points="2551,236 2551,265 2675,260 2677,231 2671,178 2547,187 2551,236"/>
        <Baseline points="2551,236 2677,231"/>
        <TextEquiv conf="1.0">
          <Unicode>319</Unicode>
        </TextEquiv>
      </TextLine>
    </TextRegion>
  </Page>
</PcGts>
