<?xml version="1.0" encoding="UTF-8"  standalone="yes"?>
<PcGts xmlns="http://schema.primaresearch.org/PAGE/gts/pagecontent/2019-07-15" xmlns:xsi="http://www.w3.org/2001/XMLSchema-instance" xsi:schemaLocation="http://schema.primaresearch.org/PAGE/gts/pagecontent/2019-07-15 http://schema.primaresearch.org/PAGE/gts/pagecontent/2019-07-15/pagecontent.xsd">
  <Metadata>
	<Creator>escriptorium</Creator>
	<Created>2024-07-19T10:12:07.803240+00:00</Created>
        <LastChange>2024-08-08T08:41:56.258690+00:00</LastChange>
  </Metadata>
  <Page imageFilename="0341.png" imageWidth="3007" imageHeight="3975">
    <TextRegion id="eSc_textblock_c4ace6f6"  custom="structure {type:default;}">
      <Coords points="302,176 404,176 439,245 413,280 291,289 265,212 302,176"/>
      <TextLine id="eSc_line_c479dcc5" custom="structure {type:default;}">
        <Coords points="289,245 289,276 410,271 410,238 404,189 285,192 289,245"/>
        <Baseline points="289,245 410,238"/>
        <TextEquiv conf="1.0">
          <Unicode>328</Unicode>
        </TextEquiv>
      </TextLine>
    </TextRegion>
    <TextRegion id="eSc_textblock_0f226ace"  custom="structure {type:default;}">
      <Coords points="296,326 2865,326 2865,3239 2839,3548 927,3566 830,3539 828,3513 574,3531 554,2515 536,3522 282,3513 256,397 265,335 296,326"/>
      <TextLine id="eSc_line_0207ad32" custom="structure {type:default;}">
        <Coords points="1058,326 987,342 945,329 943,329 941,329 938,329 908,340 855,331 852,331 850,331 848,331 830,342 832,386 832,417 1168,412 1168,379 1164,342 1060,326 1058,326"/>
        <Baseline points="832,386 1168,379"/>
        <TextEquiv conf="0.9440775762001673">
          <Unicode>1159 — 1179.</Unicode>
        </TextEquiv>
      </TextLine>
      <TextLine id="eSc_line_6a307ac4" custom="structure {type:default;}">
        <Coords points="916,448 916,474 2830,470 2832,441 2828,399 2350,390 2348,390 2266,401 2260,401 2258,401 2231,390 2229,390 2227,390 2169,401 2156,404 2134,401 2041,393 2039,393 1972,404 1966,404 1961,404 1931,393 1928,393 1926,393 1871,404 1866,404 1851,404 1634,393 1632,393 1555,406 1548,406 1528,406 1305,395 1303,395 1301,395 1259,406 1228,395 1226,395 1224,395 1117,406 983,395 980,395 914,408 916,448"/>
        <Baseline points="916,448 2832,441"/>
        <TextEquiv conf="0.9872340499600277">
          <Unicode>tribuenda est, non obstante Adlano) tempore Alexandri III. vivente; nam qui sub</Unicode>
        </TextEquiv>
      </TextLine>
      <TextLine id="eSc_line_07af74d5" custom="structure {type:default;}">
        <Coords points="916,503 916,534 2832,534 2832,503 2832,472 916,472 916,503"/>
        <Baseline points="916,503 2832,503"/>
        <TextEquiv conf="0.999549643902839">
          <Unicode>Alexandro IV. monasterium rexerit, in Gall. Christ. XI. 579 non est indicatum.)</Unicode>
        </TextEquiv>
      </TextLine>
      <TextLine id="eSc_line_0e5c343b" custom="structure {type:default;}">
        <Coords points="916,552 914,585 2825,589 2830,556 2828,521 916,516 916,552"/>
        <Baseline points="916,552 2830,556"/>
        <TextEquiv conf="0.9931248186648577">
          <Unicode>Chartul. Silleiens. ms. lat. 11059. s. XIII. f. 38b in bibl. nat. Paris. — „Piis et ra-</Unicode>
        </TextEquiv>
      </TextLine>
      <TextLine id="eSc_line_fa8a7a4e" custom="structure {type:default;}">
        <Coords points="916,609 916,638 1224,647 1226,609 1226,578 916,574 916,609"/>
        <Baseline points="916,609 1226,609"/>
        <TextEquiv conf="0.9998718457562583">
          <Unicode>tionabilibus“.</Unicode>
        </TextEquiv>
      </TextLine>
      <TextLine id="eSc_line_850a6ea3" custom="structure {type:default;}">
        <Coords points="832,713 832,748 903,737 941,748 945,750 947,750 950,750 952,750 958,748 1005,735 1173,744 1175,708 1173,669 1100,649 1098,649 1095,649 1040,658 969,671 936,651 927,644 925,644 923,644 830,644 832,713"/>
        <Baseline points="832,713 1175,708"/>
        <TextEquiv conf="0.9988479234955527">
          <Unicode>1160— 1179.</Unicode>
        </TextEquiv>
      </TextLine>
      <TextLine id="eSc_line_1e336e6e" custom="structure {type:default;}">
        <Coords points="304,783 304,810 521,819 523,783 521,713 419,730 386,724 331,715 329,715 326,715 324,715 304,728 304,783"/>
        <Baseline points="304,783 523,783"/>
        <TextEquiv conf="0.9965403931481498">
          <Unicode>Oct. 7.</Unicode>
        </TextEquiv>
      </TextLine>
      <TextLine id="eSc_line_c6957676" custom="structure {type:default;}">
        <Coords points="567,779 567,819 720,810 799,819 802,775 797,728 722,711 720,711 718,711 715,711 715,713 698,728 581,713 578,713 576,713 574,713 574,715 565,722 567,779"/>
        <Baseline points="567,779 802,775"/>
        <TextEquiv conf="0.9999575018882751">
          <Unicode>Anagniae</Unicode>
        </TextEquiv>
      </TextLine>
      <TextLine id="eSc_line_8b069443" custom="structure {type:default;}">
        <Coords points="863,775 863,801 2830,801 2830,775 2830,739 863,739 863,775"/>
        <Baseline points="863,775 2830,775"/>
        <TextEquiv conf="0.9994652278366543">
          <Unicode>13150 Fratribus Exoldunensibus indulget, ut tempore interdicti, „clausis ianuis, non</Unicode>
        </TextEquiv>
      </TextLine>
      <TextLine id="eSc_line_77b0e3ec" custom="structure {type:default;}">
        <Coords points="916,830 916,859 2832,854 2832,830 2832,801 916,801 916,830"/>
        <Baseline points="916,830 2832,830"/>
        <TextEquiv conf="0.990385236387903">
          <Unicode>pulsatis campanis, exclusis excommunicatis et interdictis, suppressa voce divina officia</Unicode>
        </TextEquiv>
      </TextLine>
      <TextLine id="eSc_line_5483101a" custom="structure {type:default;}">
        <Coords points="916,881 914,903 947,916 950,916 952,918 2825,918 2828,887 2825,852 916,848 916,881"/>
        <Baseline points="916,881 2828,887"/>
        <TextEquiv conf="0.9904766921387163">
          <Unicode>celebrent“. In bibl. nat. Paris. ms. lat. 12680. (Monasticon Benedict. XXIII.) f. 308.</Unicode>
        </TextEquiv>
      </TextLine>
      <TextLine id="eSc_line_6d0b1f6d" custom="structure {type:default;}">
        <Coords points="919,940 919,962 1608,962 1608,940 1608,909 919,909 919,940"/>
        <Baseline points="919,940 1608,940"/>
        <TextEquiv conf="0.9999991449816473">
          <Unicode>— „Religiosis votis annuere“.</Unicode>
        </TextEquiv>
      </TextLine>
      <TextLine id="eSc_line_024eca8a" custom="structure {type:default;}">
        <Coords points="346,1009 346,1062 391,1062 391,1060 393,1060 397,1057 437,1035 523,1051 525,1004 521,967 344,967 346,1009"/>
        <Baseline points="346,1009 525,1004"/>
        <TextEquiv conf="0.9998926997184754">
          <Unicode>„ 11.</Unicode>
        </TextEquiv>
      </TextLine>
      <TextLine id="eSc_line_5558f927" custom="structure {type:default;}">
        <Coords points="649,1013 649,1044 691,1055 693,1055 695,1055 698,1055 698,1053 700,1053 709,1042 711,1040 737,1040 740,1009 735,965 645,960 649,1013"/>
        <Baseline points="649,1013 740,1009"/>
        <TextEquiv conf="0.8899837136268616">
          <Unicode>„</Unicode>
        </TextEquiv>
      </TextLine>
      <TextLine id="eSc_line_cbd70df2" custom="structure {type:default;}">
        <Coords points="866,993 866,1024 2832,1020 2832,993 2832,958 866,958 866,993"/>
        <Baseline points="866,993 2832,993"/>
        <TextEquiv conf="0.9936680614948272">
          <Unicode>13151 (8619) Episcopo Ianuensi mandat, hortetur consules et populum Ianuensem ne</Unicode>
        </TextEquiv>
      </TextLine>
      <TextLine id="eSc_line_ea448215" custom="structure {type:default;}">
        <Coords points="919,1053 919,1084 2830,1071 2832,1046 2825,1013 916,1020 919,1053"/>
        <Baseline points="919,1053 2832,1046"/>
        <TextEquiv conf="0.9994593534940555">
          <Unicode>„portum Guillelmi de Montepessulano invadant, neve naves incendio consumant, neve</Unicode>
        </TextEquiv>
      </TextLine>
      <TextLine id="eSc_line_4af9f182" custom="structure {type:default;}">
        <Coords points="919,1104 919,1137 2832,1137 2832,1104 2832,1075 919,1073 919,1104"/>
        <Baseline points="919,1104 2832,1104"/>
        <TextEquiv conf="0.9916493326802797">
          <Unicode>peregrinos et mercatores spolient et lanuam declinare coarctent“. (Aliena manus</Unicode>
        </TextEquiv>
      </TextLine>
      <TextLine id="eSc_line_a93d943d" custom="structure {type:default;}">
        <Coords points="919,1161 919,1185 2828,1194 2830,1161 2830,1128 919,1128 919,1161"/>
        <Baseline points="919,1161 2830,1161"/>
        <TextEquiv conf="0.9999858963338635">
          <Unicode>addidit: „pontificatus noster a. X.“) Gariel Ser. I. 220, Bouquet Rec. XV. 947,</Unicode>
        </TextEquiv>
      </TextLine>
      <TextLine id="eSc_line_d5ddfa4b" custom="structure {type:default;}">
        <Coords points="919,1214 919,1236 2008,1232 2010,1210 2006,1179 927,1172 925,1172 923,1172 921,1172 921,1174 919,1174 916,1174 919,1214"/>
        <Baseline points="919,1214 2010,1210"/>
        <TextEquiv conf="0.9991129740424778">
          <Unicode>Migne 200 p. 1191. — „Dilectus filius noster“.</Unicode>
        </TextEquiv>
      </TextLine>
      <TextLine id="eSc_line_d1f744fd" custom="structure {type:default;}">
        <Coords points="349,1285 349,1311 375,1316 377,1316 380,1316 382,1316 382,1313 391,1307 399,1296 426,1300 477,1311 479,1311 481,1311 525,1287 525,1276 521,1232 475,1230 472,1230 470,1230 457,1234 417,1249 344,1243 349,1285"/>
        <Baseline points="349,1285 525,1276"/>
        <TextEquiv conf="0.9999775171279908">
          <Unicode>„ 11.</Unicode>
        </TextEquiv>
      </TextLine>
      <TextLine id="eSc_line_de56caf2" custom="structure {type:default;}">
        <Coords points="656,1285 656,1309 748,1318 748,1280 744,1234 651,1227 656,1285"/>
        <Baseline points="656,1285 748,1280"/>
        <TextEquiv conf="1.0">
          <Unicode>„</Unicode>
        </TextEquiv>
      </TextLine>
      <TextLine id="eSc_line_eebb4ad0" custom="structure {type:default;}">
        <Coords points="866,1269 866,1294 2830,1298 2834,1265 2830,1234 2014,1223 2012,1223 1860,1234 1844,1236 863,1236 866,1269"/>
        <Baseline points="866,1269 2834,1265"/>
        <TextEquiv conf="0.991889476776123">
          <Unicode>13152 (8620) Consules et populum lanuensem dehortatur ab iniuriis in Guillelmum</Unicode>
        </TextEquiv>
      </TextLine>
      <TextLine id="eSc_line_0c090f2f" custom="structure {type:default;}">
        <Coords points="919,1322 919,1362 987,1349 1075,1360 1078,1360 1696,1347 2112,1358 2151,1358 2154,1358 2156,1358 2158,1358 2202,1344 2284,1355 2286,1355 2830,1353 2832,1316 2825,1285 916,1287 919,1322"/>
        <Baseline points="919,1322 2832,1316"/>
        <TextEquiv conf="0.9905994377638164">
          <Unicode>Montispessulani dominum. Gariel Ser. I. 221, Bouquet Rec. XV. 947, Migne 200</Unicode>
        </TextEquiv>
      </TextLine>
      <TextLine id="eSc_line_b1b9ca6a" custom="structure {type:default;}">
        <Coords points="916,1382 916,1400 1338,1411 1341,1411 1767,1395 1769,1378 1765,1349 998,1340 996,1340 914,1351 916,1382"/>
        <Baseline points="916,1382 1769,1378"/>
        <TextEquiv conf="0.9996311749730792">
          <Unicode>p. 1192. — „Frequens et replicata“.</Unicode>
        </TextEquiv>
      </TextLine>
      <TextLine id="eSc_line_27164830" custom="structure {type:default;}">
        <Coords points="344,1448 344,1468 368,1479 371,1479 373,1479 375,1479 413,1466 457,1481 459,1481 461,1481 463,1481 523,1459 523,1442 521,1397 488,1382 486,1382 455,1382 452,1382 450,1382 448,1382 448,1384 439,1393 433,1400 340,1391 344,1448"/>
        <Baseline points="344,1448 523,1442"/>
        <TextEquiv conf="0.9932765364646912">
          <Unicode>„ 12.</Unicode>
        </TextEquiv>
      </TextLine>
      <TextLine id="eSc_line_a0a99b39" custom="structure {type:default;}">
        <Coords points="660,1448 660,1466 698,1479 700,1479 702,1479 704,1479 744,1464 744,1444 737,1375 653,1366 660,1448"/>
        <Baseline points="660,1448 744,1444"/>
        <TextEquiv conf="1.0">
          <Unicode>„</Unicode>
        </TextEquiv>
      </TextLine>
      <TextLine id="eSc_line_60029be4" custom="structure {type:default;}">
        <Coords points="868,1437 868,1464 2832,1457 2834,1431 2830,1395 866,1393 868,1437"/>
        <Baseline points="868,1437 2834,1431"/>
        <TextEquiv conf="0.9892734296265102">
          <Unicode>13153 (8621) Fratribus monasterii Passinianensis ius patronatus in ecclesias quasdam</Unicode>
        </TextEquiv>
      </TextLine>
      <TextLine id="eSc_line_77d8908e" custom="structure {type:default;}">
        <Coords points="919,1490 919,1525 1858,1525 1858,1523 1869,1523 2001,1512 2828,1521 2832,1486 2828,1455 1986,1444 1984,1444 1780,1455 1036,1446 1034,1446 916,1457 919,1490"/>
        <Baseline points="919,1490 2832,1486"/>
        <TextEquiv conf="0.9865355687805369">
          <Unicode>asserit. Lami Eccl. Fl. Mon. I. 219, Del. erud. 1737 p. 219, Migne 200 p. 1193.</Unicode>
        </TextEquiv>
      </TextLine>
      <TextLine id="eSc_line_eb5bd4c7" custom="structure {type:default;}">
        <Coords points="919,1543 919,1563 987,1563 998,1572 998,1574 1000,1574 1003,1574 1005,1574 1237,1572 1239,1572 1241,1572 1241,1570 1252,1559 1254,1559 1259,1559 1316,1572 1319,1574 1537,1574 1537,1572 1539,1572 1581,1556 1581,1539 1577,1510 1316,1499 1314,1499 916,1510 919,1543"/>
        <Baseline points="919,1543 1581,1539"/>
        <TextEquiv conf="0.9814957933766502">
          <Unicode>— „Petitiones religiosorum“.</Unicode>
        </TextEquiv>
      </TextLine>
      <TextLine id="eSc_line_1bf1edb9" custom="structure {type:default;}">
        <Coords points="346,1609 346,1638 430,1623 477,1643 481,1645 483,1645 486,1645 528,1643 528,1605 521,1543 344,1552 346,1609"/>
        <Baseline points="346,1609 528,1605"/>
        <TextEquiv conf="0.9999676465988159">
          <Unicode>„ 12.</Unicode>
        </TextEquiv>
      </TextLine>
      <TextLine id="eSc_line_e4b021d3" custom="structure {type:default;}">
        <Coords points="660,1607 658,1629 733,1634 737,1612 737,1576 660,1572 660,1607"/>
        <Baseline points="660,1607 737,1612"/>
        <TextEquiv conf="0.9995713829994202">
          <Unicode>„</Unicode>
        </TextEquiv>
      </TextLine>
      <TextLine id="eSc_line_67f3bd9a" custom="structure {type:default;}">
        <Coords points="868,1596 868,1620 2830,1627 2832,1596 2830,1556 2465,1559 2459,1556 2441,1548 2439,1548 2436,1548 2434,1548 2397,1556 2377,1561 2333,1556 2242,1548 2240,1548 2182,1556 2160,1561 2151,1556 2129,1548 2127,1548 1999,1548 1997,1548 1950,1559 1935,1563 1007,1563 1000,1561 885,1548 883,1548 881,1548 879,1548 868,1554 868,1596"/>
        <Baseline points="868,1596 2832,1596"/>
        <TextEquiv conf="0.9985709467104503">
          <Unicode>13154 Monasterio S. Bavonis Gandavensi bona ac iura quaedam asserit. Serrure Cartul.</Unicode>
        </TextEquiv>
      </TextLine>
      <TextLine id="eSc_line_1020e1fc" custom="structure {type:default;}">
        <Coords points="916,1651 916,1673 2434,1678 2439,1647 2434,1618 941,1609 938,1609 936,1609 914,1618 916,1651"/>
        <Baseline points="916,1651 2439,1647"/>
        <TextEquiv conf="0.992472043113103">
          <Unicode>de S. Bavon à Gand p. 55, teste Wauters Table chronol. II. 588.</Unicode>
        </TextEquiv>
      </TextLine>
      <TextLine id="eSc_line_14f510ef" custom="structure {type:default;}">
        <Coords points="662,1724 662,1742 740,1744 742,1720 737,1680 658,1669 662,1724"/>
        <Baseline points="662,1724 742,1720"/>
        <TextEquiv conf="0.9999997615814209">
          <Unicode>„</Unicode>
        </TextEquiv>
      </TextLine>
      <TextLine id="eSc_line_975c038f" custom="structure {type:default;}">
        <Coords points="866,1711 866,1735 1716,1740 1718,1740 1833,1731 1897,1726 1950,1731 2037,1737 2039,1737 2085,1729 2107,1726 2147,1729 2244,1737 2246,1737 2322,1729 2337,1726 2341,1729 2353,1737 2355,1737 2357,1737 2359,1740 2631,1740 2631,1737 2633,1737 2635,1737 2651,1726 2653,1726 2828,1726 2830,1707 2825,1673 863,1669 866,1711"/>
        <Baseline points="866,1711 2830,1707"/>
        <TextEquiv conf="0.9896417515618461">
          <Unicode>13155 (Ecclesiae Tarvanensi) privilegium de altaribus concedit. („Dat. Anag. . . . .</Unicode>
        </TextEquiv>
      </TextLine>
      <TextLine id="eSc_line_fde55196" custom="structure {type:default;}">
        <Coords points="916,1762 916,1790 1184,1790 1186,1790 1230,1802 1232,1802 1235,1802 1290,1790 1292,1790 1301,1790 1619,1799 1621,1799 1732,1788 1736,1788 1741,1788 1871,1799 1873,1799 1937,1786 1944,1786 1948,1786 1979,1797 1981,1797 1984,1799 2109,1799 2109,1797 2112,1797 2114,1797 2127,1786 2129,1786 2136,1786 2286,1797 2288,1797 2346,1784 2355,1784 2364,1784 2432,1795 2434,1797 2646,1797 2646,1795 2649,1795 2651,1795 2666,1784 2781,1795 2783,1795 2786,1795 2832,1782 2832,1753 2825,1724 914,1729 916,1762"/>
        <Baseline points="916,1762 2832,1753"/>
        <TextEquiv conf="0.9973685831963262">
          <Unicode>Octobris“. Huius bullae scriptura iam legi nequit.) Duchet et Giry Cart. de 7é-</Unicode>
        </TextEquiv>
      </TextLine>
      <TextLine id="eSc_line_b5f299ae" custom="structure {type:default;}">
        <Coords points="912,1819 912,1843 1239,1843 1241,1815 1235,1786 910,1788 912,1819"/>
        <Baseline points="912,1819 1241,1815"/>
        <TextEquiv conf="0.9999973682256845">
          <Unicode>rouane p. 31.</Unicode>
        </TextEquiv>
      </TextLine>
      <TextLine id="eSc_line_baf31669" custom="structure {type:default;}">
        <Coords points="346,1885 346,1912 530,1910 530,1879 528,1830 448,1806 446,1806 444,1806 441,1806 439,1806 397,1835 344,1835 346,1885"/>
        <Baseline points="346,1885 530,1879"/>
        <TextEquiv conf="0.9674131035804748">
          <Unicode>„ 14.</Unicode>
        </TextEquiv>
      </TextLine>
      <TextLine id="eSc_line_63b87f3d" custom="structure {type:default;}">
        <Coords points="642,1885 640,1899 735,1912 740,1888 737,1802 642,1817 642,1885"/>
        <Baseline points="642,1885 740,1888"/>
        <TextEquiv conf="1.0">
          <Unicode>„</Unicode>
        </TextEquiv>
      </TextLine>
      <TextLine id="eSc_line_2705d26e" custom="structure {type:default;}">
        <Coords points="868,1872 868,1903 2830,1899 2832,1868 2828,1830 866,1828 868,1872"/>
        <Baseline points="868,1872 2832,1868"/>
        <TextEquiv conf="0.9945765218617003">
          <Unicode>13156 (8622) Ecclesiae S. Martini Turonensis consuetudinem confirmat, ne quis „in</Unicode>
        </TextEquiv>
      </TextLine>
      <TextLine id="eSc_line_16d60e6f" custom="structure {type:default;}">
        <Coords points="919,1927 919,1956 2830,1945 2832,1921 2825,1892 916,1896 919,1927"/>
        <Baseline points="919,1927 2832,1921"/>
        <TextEquiv conf="0.9954373829421543">
          <Unicode>canonicum recipiatur, qui sit servilis conditionis et qui non sit de legitimo matri-</Unicode>
        </TextEquiv>
      </TextLine>
      <TextLine id="eSc_line_0389f69e" custom="structure {type:default;}">
        <Coords points="919,1985 919,2007 2825,2000 2828,1978 2823,1947 1592,1938 1590,1938 916,1952 919,1985"/>
        <Baseline points="919,1985 2828,1978"/>
        <TextEquiv conf="0.9999775214072986">
          <Unicode>monio natus“. Rec. sur St. Martin de Tours p. 21, teste Bréquigny Table chron.</Unicode>
        </TextEquiv>
      </TextLine>
      <TextLine id="eSc_line_ed1b5abf" custom="structure {type:default;}">
        <Coords points="919,2038 919,2067 2828,2062 2830,2033 2825,1996 934,1994 932,1994 930,1994 927,1994 916,2000 919,2038"/>
        <Baseline points="919,2038 2830,2033"/>
        <TextEquiv conf="0.9996784721748738">
          <Unicode>III. 513: „II. id. Oct.“; Migne 200 p. 1191, ex eodem libro quo Bréquigny: „VI.</Unicode>
        </TextEquiv>
      </TextLine>
      <TextLine id="eSc_line_f6270c6c" custom="structure {type:default;}">
        <Coords points="919,2091 919,2117 2825,2113 2828,2086 2823,2051 916,2051 919,2091"/>
        <Baseline points="919,2091 2828,2086"/>
        <TextEquiv conf="0.9911594106707462">
          <Unicode>id. Mart.“; et in bibl. nat. Paris. Coll. Baluze 76. f. 358 legitur: „XII. kal. Noy.“.</Unicode>
        </TextEquiv>
      </TextLine>
      <TextLine id="eSc_line_8ba922ba" custom="structure {type:default;}">
        <Coords points="919,2144 916,2159 1237,2177 1239,2177 1555,2164 1557,2148 1553,2108 919,2111 919,2144"/>
        <Baseline points="919,2144 1557,2148"/>
        <TextEquiv conf="0.9999092395106951">
          <Unicode>— „Qui tenemur omnibus“.</Unicode>
        </TextEquiv>
      </TextLine>
      <TextLine id="eSc_line_ae309dd3" custom="structure {type:default;}">
        <Coords points="349,2212 351,2250 406,2228 439,2241 450,2245 452,2245 455,2245 528,2230 528,2206 525,2175 490,2159 488,2159 486,2159 346,2177 349,2212"/>
        <Baseline points="349,2212 528,2206"/>
        <TextEquiv conf="0.9882806658744812">
          <Unicode>„ 30.</Unicode>
        </TextEquiv>
      </TextLine>
      <TextLine id="eSc_line_53780981" custom="structure {type:default;}">
        <Coords points="649,2217 649,2230 737,2221 737,2214 733,2166 647,2164 649,2217"/>
        <Baseline points="649,2217 737,2214"/>
        <TextEquiv conf="1.0">
          <Unicode>„</Unicode>
        </TextEquiv>
      </TextLine>
      <TextLine id="eSc_line_3e9e5d89" custom="structure {type:default;}">
        <Coords points="868,2203 868,2232 2830,2223 2832,2195 2828,2161 866,2159 868,2203"/>
        <Baseline points="868,2203 2832,2195"/>
        <TextEquiv conf="0.9999953071738399">
          <Unicode>13157 Fratribus Maioris-monasterii scribit, ne cui ecclesiam, antequam vacaverit, con-</Unicode>
        </TextEquiv>
      </TextLine>
      <TextLine id="eSc_line_dcaf883b" custom="structure {type:default;}">
        <Coords points="919,2256 919,2287 1281,2285 1301,2287 1376,2296 1378,2296 1475,2285 1489,2285 1491,2285 1517,2296 1520,2296 1522,2296 1707,2285 1749,2283 1767,2285 1836,2294 1838,2294 1840,2294 1860,2283 1862,2283 1877,2294 1880,2294 1882,2294 1884,2294 1988,2283 2001,2283 2003,2283 2019,2294 2021,2294 2023,2294 2026,2296 2154,2296 2154,2294 2156,2294 2187,2283 2193,2281 2304,2281 2311,2283 2339,2292 2341,2292 2344,2294 2768,2294 2768,2292 2828,2279 2830,2250 2823,2221 916,2226 919,2256"/>
        <Baseline points="919,2256 2830,2250"/>
        <TextEquiv conf="0.9952111864743167">
          <Unicode>cedant vel promittant. Loewenfeld Epistolae p. 170. — „Quanto monasterium</Unicode>
        </TextEquiv>
      </TextLine>
      <TextLine id="eSc_line_2f2a0cda" custom="structure {type:default;}">
        <Coords points="919,2312 919,2336 1146,2336 1146,2312 1146,2281 919,2281 919,2312"/>
        <Baseline points="919,2312 1146,2312"/>
        <TextEquiv conf="0.9999999735090468">
          <Unicode>vestrum“.</Unicode>
        </TextEquiv>
      </TextLine>
      <TextLine id="eSc_line_64d961ce" custom="structure {type:default;}">
        <Coords points="839,2415 839,2446 1135,2444 1137,2411 1133,2360 1045,2343 1042,2343 936,2360 868,2345 866,2345 863,2345 861,2345 837,2358 839,2415"/>
        <Baseline points="839,2415 1137,2411"/>
        <TextEquiv conf="0.9804378964684226">
          <Unicode>1161. 1179.</Unicode>
        </TextEquiv>
      </TextLine>
      <TextLine id="eSc_line_a153769b" custom="structure {type:default;}">
        <Coords points="307,2482 307,2559 360,2574 362,2574 364,2574 366,2574 368,2574 380,2566 413,2590 415,2590 417,2590 419,2590 479,2588 481,2588 483,2588 534,2555 534,2477 528,2440 408,2440 304,2422 307,2482"/>
        <Baseline points="307,2482 534,2477"/>
        <TextEquiv conf="0.9253944456577301">
          <Unicode>tet 16.</Unicode>
        </TextEquiv>
      </TextLine>
      <TextLine id="eSc_line_de5fb442" custom="structure {type:default;}">
        <Coords points="567,2477 567,2563 698,2579 700,2579 808,2563 808,2473 802,2380 565,2380 567,2477"/>
        <Baseline points="567,2477 808,2473"/>
        <TextEquiv conf="0.7432848811149597">
          <Unicode>Fea</Unicode>
        </TextEquiv>
      </TextLine>
      <TextLine id="eSc_line_24cab81e" custom="structure {type:default;}">
        <Coords points="866,2473 866,2499 2832,2491 2834,2464 2828,2418 2030,2429 1997,2424 1942,2418 1939,2418 1937,2418 1935,2418 1924,2426 1917,2431 1785,2431 1634,2429 1294,2422 1292,2422 1290,2422 1265,2433 1261,2433 1239,2433 1069,2422 1067,2422 863,2435 866,2473"/>
        <Baseline points="866,2473 2834,2464"/>
        <TextEquiv conf="0.9865870924556956">
          <Unicode>13158 *Monasterii S. Petri Cremonensis possessiones et privilegia confirmat. Pennotti</Unicode>
        </TextEquiv>
      </TextLine>
      <TextLine id="eSc_line_9f489469" custom="structure {type:default;}">
        <Coords points="919,2528 919,2570 1034,2557 1199,2568 1201,2568 1204,2568 1243,2557 1281,2568 1283,2568 1285,2568 1288,2568 1290,2568 1307,2557 1323,2568 1325,2568 1327,2568 1330,2568 2591,2557 2593,2524 2589,2495 916,2495 919,2528"/>
        <Baseline points="919,2528 2593,2524"/>
        <TextEquiv conf="0.9948044344782829">
          <Unicode>Ord. cler. can. hist. ed. Rom. p. 637, ed. Colon. p. 656. — „Si quando“.</Unicode>
        </TextEquiv>
      </TextLine>
      <TextLine id="eSc_line_eb6e1c27" custom="structure {type:default;}">
        <Coords points="835,2632 835,2667 1151,2665 1153,2665 1155,2665 1173,2654 1173,2625 1168,2583 1027,2570 1025,2570 1022,2570 980,2585 923,2570 921,2570 919,2570 832,2588 835,2632"/>
        <Baseline points="835,2632 1173,2625"/>
        <TextEquiv conf="0.9997936649755998">
          <Unicode>1163— 1179.</Unicode>
        </TextEquiv>
      </TextLine>
      <TextLine id="eSc_line_bd883871" custom="structure {type:default;}">
        <Coords points="868,2689 868,2718 2832,2709 2834,2683 2830,2645 1579,2641 1577,2641 866,2654 868,2689"/>
        <Baseline points="868,2689 2834,2683"/>
        <TextEquiv conf="0.9988154796993032">
          <Unicode>13159 (8623) R(ogero) archiepiscopo Eboracensi, apost. sedis legato, et R(ogero) epi-</Unicode>
        </TextEquiv>
      </TextLine>
      <TextLine id="eSc_line_e37f6db1" custom="structure {type:default;}">
        <Coords points="919,2747 919,2773 2830,2764 2832,2740 2828,2709 1082,2705 1080,2705 916,2716 919,2747"/>
        <Baseline points="919,2747 2832,2740"/>
        <TextEquiv conf="0.9974049672484397">
          <Unicode>scopo Wigorniensi scribit de causa R. et A. clericorum. Coll. Lips. XIX.7, Coll.</Unicode>
        </TextEquiv>
      </TextLine>
      <TextLine id="eSc_line_c9d4969a" custom="structure {type:default;}">
        <Coords points="919,2802 919,2824 2828,2820 2830,2795 2825,2764 1555,2756 1553,2756 1480,2767 947,2758 945,2758 943,2758 916,2767 919,2802"/>
        <Baseline points="919,2802 2830,2795"/>
        <TextEquiv conf="0.9846153245252721">
          <Unicode>Cass. XXX. 6, Coll. Bamb. XX. 6, Comp. I. I. 1. t. 27. c. 6, Decr. Greg. L. I. t. 36.</Unicode>
        </TextEquiv>
      </TextLine>
      <TextLine id="eSc_line_6df0dec2" custom="structure {type:default;}">
        <Coords points="919,2857 919,2877 2211,2881 2213,2881 2644,2868 2646,2848 2642,2811 1851,2811 1849,2811 1760,2820 1727,2822 1648,2820 1358,2813 1356,2813 1354,2813 1352,2813 1338,2824 1336,2824 1307,2824 938,2815 936,2815 934,2815 932,2815 916,2822 919,2857"/>
        <Baseline points="919,2857 2646,2848"/>
        <TextEquiv conf="0.9898370482027531">
          <Unicode>c. 6. — „Ex litteris fraternitatis“ „Ex litteris vestrae“ „Ex litteris vestris“.</Unicode>
        </TextEquiv>
      </TextLine>
      <TextLine id="eSc_line_9955382f" custom="structure {type:default;}">
        <Coords points="870,2912 870,2943 2830,2932 2832,2901 2828,2870 1268,2866 1265,2866 1195,2877 919,2868 916,2868 914,2868 868,2879 870,2912"/>
        <Baseline points="870,2912 2832,2901"/>
        <TextEquiv conf="0.9980071990988976">
          <Unicode>13160 (8624) G(iliberto) Londinensi et R(ogero) Wigorniensi episcopis mandat, iudicent</Unicode>
        </TextEquiv>
      </TextLine>
      <TextLine id="eSc_line_2911d0fe" custom="structure {type:default;}">
        <Coords points="919,2968 919,2992 2828,2979 2830,2956 2823,2928 916,2937 919,2968"/>
        <Baseline points="919,2968 2830,2956"/>
        <TextEquiv conf="0.9909546875659331">
          <Unicode>inter R. presbyterum et T. clericum, super ecclesia de Giledesia litigantes. App.</Unicode>
        </TextEquiv>
      </TextLine>
      <TextLine id="eSc_line_cb968c95" custom="structure {type:default;}">
        <Coords points="919,3018 919,3051 2828,3045 2830,3014 2825,2983 1897,2972 1895,2972 1893,2972 1871,2983 1869,2985 916,2985 919,3018"/>
        <Baseline points="919,3018 2830,3014"/>
        <TextEquiv conf="0.9951307486338787">
          <Unicode>conc. Lat. VII. 15, Coll. Lips. XXXV. 15, Coll. Cass. XLII. 16, Coll. Bamb. XXXIII.</Unicode>
        </TextEquiv>
      </TextLine>
      <TextLine id="eSc_line_91feee63" custom="structure {type:default;}">
        <Coords points="932,3076 932,3104 2220,3089 2222,3067 2218,3038 1908,3027 1906,3027 1904,3027 1902,3027 1902,3029 1891,3038 1882,3038 1592,3029 1590,3029 1588,3029 1544,3040 1539,3040 1520,3040 1252,3032 1250,3032 1248,3032 1246,3032 1232,3043 1230,3045 930,3045 932,3076"/>
        <Baseline points="932,3076 2222,3067"/>
        <TextEquiv conf="0.9870544778449195">
          <Unicode>15, Comp. I. I. 1. t. 21. c. 13. — „Pervenit ad nos ex“.</Unicode>
        </TextEquiv>
      </TextLine>
      <TextLine id="eSc_line_be911600" custom="structure {type:default;}">
        <Coords points="872,3131 872,3162 2828,3142 2830,3115 2825,3087 2549,3076 2547,3076 2288,3089 2262,3091 870,3096 872,3131"/>
        <Baseline points="872,3131 2830,3115"/>
        <TextEquiv conf="0.9963766641733123">
          <Unicode>13161 (8625) Rogero, episcopo Wigorniensi, per B. nuncium respondet. Pauperes com-</Unicode>
        </TextEquiv>
      </TextLine>
      <TextLine id="eSc_line_0eb1d5db" custom="structure {type:default;}">
        <Coords points="919,3184 919,3210 2664,3195 2666,3173 2660,3135 916,3153 919,3184"/>
        <Baseline points="919,3184 2666,3173"/>
        <TextEquiv conf="0.9959662866592407">
          <Unicode>mendat. Epist. S. Thomae ed. Giles II. 108. — „Fraternitatis tuae literas“.</Unicode>
        </TextEquiv>
      </TextLine>
      <TextLine id="eSc_line_18675aa9" custom="structure {type:default;}">
        <Coords points="872,3237 872,3263 2828,3252 2830,3226 2823,3195 870,3197 872,3237"/>
        <Baseline points="872,3237 2830,3226"/>
        <TextEquiv conf="0.9909148402512074">
          <Unicode>13162 (8626. 9016. 9193. 9194. 9203. 9206. 9207. 9209) R(ogerio) episcopo Wigor-</Unicode>
        </TextEquiv>
      </TextLine>
      <TextLine id="eSc_line_6b6a3800" custom="structure {type:default;}">
        <Coords points="919,3294 919,3325 2828,3314 2830,3286 2823,3255 916,3257 919,3294"/>
        <Baseline points="919,3294 2830,3286"/>
        <TextEquiv conf="0.9969447368667239">
          <Unicode>niensi, variis de rebus consulenti, respondet 1) qui habitum religionis susceperint,</Unicode>
        </TextEquiv>
      </TextLine>
      <TextLine id="eSc_line_1a7b896f" custom="structure {type:default;}">
        <Coords points="923,3347 923,3372 2828,3361 2830,3336 2823,3308 921,3316 923,3347"/>
        <Baseline points="923,3347 2830,3336"/>
        <TextEquiv conf="0.9999485863260476">
          <Unicode>si postmodum duxerint uxores, eos cogendos esse illas dimittere et ad ecclesiam re-</Unicode>
        </TextEquiv>
      </TextLine>
      <TextLine id="eSc_line_360914e9" custom="structure {type:default;}">
        <Coords points="923,3398 923,3425 2828,3418 2830,3392 2823,3361 921,3369 923,3398"/>
        <Baseline points="923,3398 2830,3392"/>
        <TextEquiv conf="0.9907829754236268">
          <Unicode>dire; 2) de monachis, „qui vicarios parochialium ecclesiarum in tantum gravant, ut</Unicode>
        </TextEquiv>
      </TextLine>
      <TextLine id="eSc_line_95a67f47" custom="structure {type:default;}">
        <Coords points="921,3456 921,3489 2828,3467 2830,3440 2823,3414 919,3427 921,3456"/>
        <Baseline points="921,3456 2830,3440"/>
        <TextEquiv conf="0.9987479682210125">
          <Unicode>hospitalitatem tenere non possint nec honestam sustentationem habere“; 3) „sim-</Unicode>
        </TextEquiv>
      </TextLine>
      <TextLine id="eSc_line_bd7d49c6" custom="structure {type:default;}">
        <Coords points="925,3513 925,3557 985,3570 987,3570 1047,3557 1051,3557 1053,3557 1082,3573 1084,3573 1087,3573 1168,3559 1221,3573 1224,3573 1226,3573 1305,3557 1319,3555 1334,3557 1464,3575 1467,3575 1573,3555 1592,3553 1608,3555 1681,3573 1683,3573 1685,3573 1732,3555 1745,3551 1919,3551 1928,3555 1950,3566 1953,3566 1955,3566 1957,3566 1988,3555 2023,3568 2026,3568 2028,3570 2125,3570 2125,3568 2127,3568 2156,3553 2158,3553 2178,3566 2180,3566 2182,3566 2280,3568 2282,3568 2346,3553 2375,3546 2399,3553 2445,3566 2448,3566 2450,3566 2562,3553 2613,3546 2642,3553 2697,3564 2699,3564 2766,3551 2803,3544 2823,3551 2830,3498 2823,3467 923,3480 925,3513"/>
        <Baseline points="925,3513 2830,3498"/>
        <TextEquiv conf="0.9797467629561264">
          <Unicode>plices sacerdotes ret clericos non posse ecclesias, quibus praesint, auctoritate sua post</Unicode>
        </TextEquiv>
      </TextLine>
    </TextRegion>
    <TextRegion id="eSc_textblock_7c83551e"  custom="structure {type:default;}">
      <Coords points="1248,167 2034,176 2043,253 1084,253 1093,176 1248,167"/>
      <TextLine id="eSc_line_108eeca2" custom="structure {type:default;}">
        <Coords points="1986,174 1977,174 1911,185 1884,174 1882,174 1880,174 1877,174 1847,187 1829,174 1827,174 1824,174 1741,172 1738,172 1736,172 1705,189 1619,189 1570,172 1568,172 1566,172 1489,187 1473,174 1473,172 1471,172 1469,172 1467,172 1389,183 1367,172 1365,172 1363,172 1360,172 1358,172 1358,174 1347,185 1102,187 1102,236 1102,267 2021,269 2023,236 2023,185 2001,174 1986,174"/>
        <Baseline points="1102,236 2023,236"/>
        <TextEquiv conf="0.999992733001709">
          <Unicode>ALEXANDER III. 1159—1181.</Unicode>
        </TextEquiv>
      </TextLine>
    </TextRegion>
  </Page>
</PcGts>
