<?xml version="1.0" encoding="UTF-8"  standalone="yes"?>
<PcGts xmlns="http://schema.primaresearch.org/PAGE/gts/pagecontent/2019-07-15" xmlns:xsi="http://www.w3.org/2001/XMLSchema-instance" xsi:schemaLocation="http://schema.primaresearch.org/PAGE/gts/pagecontent/2019-07-15 http://schema.primaresearch.org/PAGE/gts/pagecontent/2019-07-15/pagecontent.xsd">
  <Metadata>
	<Creator>escriptorium</Creator>
	<Created>2024-07-19T10:12:08.281048+00:00</Created>
        <LastChange>2024-08-08T08:42:01.264722+00:00</LastChange>
  </Metadata>
  <Page imageFilename="0342.png" imageWidth="3007" imageHeight="3975">
    <TextRegion id="eSc_textblock_2050773b"  custom="structure {type:default;}">
      <Coords points="1120,300 2724,318 2697,406 2724,2959 2697,3557 2452,3557 2406,3584 2264,3557 203,3584 141,3557 106,2923 176,2862 309,2842 282,2824 309,2806 300,2376 265,2188 238,1484 176,1375 229,1349 247,1243 265,547 335,404 326,353 368,344 368,2806 377,2992 404,3012 415,2862 501,2844 539,2797 530,2747 609,2727 565,2676 609,2665 627,2612 636,2340 662,2623 680,2497 671,2305 636,2312 627,2259 651,2173 671,2294 680,1492 651,1492 636,2038 618,1501 521,1481 503,1287 521,1245 618,1234 618,733 503,609 563,609 592,571 645,397 662,448 671,388 636,386 627,344 660,353 698,309 1120,300"/>
      <TextLine id="eSc_line_8ca02a86" custom="structure {type:default;}">
        <Coords points="693,309 691,311 671,335 673,371 673,399 1005,397 1007,364 1003,326 894,306 892,306 890,306 852,326 850,326 704,309 693,309"/>
        <Baseline points="673,371 1007,364"/>
        <TextEquiv conf="0.9875151515007019">
          <Unicode>1163—1179.</Unicode>
        </TextEquiv>
      </TextLine>
      <TextLine id="eSc_line_ee221d78" custom="structure {type:default;}">
        <Coords points="755,432 755,459 2671,452 2673,428 2666,371 2582,382 2516,371 2507,371 2505,371 2503,371 2498,371 2459,382 2430,373 2425,371 2423,371 2421,371 2403,373 2328,382 2275,373 2253,371 2149,371 2147,371 2145,371 2143,371 2138,375 2125,382 1800,377 1407,373 1405,373 1402,373 1367,382 1356,386 1071,386 1069,384 1018,373 1016,373 1014,373 1011,373 994,386 839,386 806,373 804,373 802,373 799,373 753,386 755,432"/>
        <Baseline points="755,432 2673,428"/>
        <TextEquiv conf="0.9952850047279806">
          <Unicode>decessum suum censuales efficere“, 4) de co, qui post factam citationem iter ad sedem</Unicode>
        </TextEquiv>
      </TextLine>
      <TextLine id="eSc_line_e65d894f" custom="structure {type:default;}">
        <Coords points="757,488 757,514 2671,510 2673,483 2668,454 755,450 757,488"/>
        <Baseline points="757,488 2673,483"/>
        <TextEquiv conf="0.9983948057080493">
          <Unicode>apostolicam arripuerit; 5) litem infra certum terminum decidendam non posse ultra</Unicode>
        </TextEquiv>
      </TextLine>
      <TextLine id="eSc_line_bf49f3a8" custom="structure {type:default;}">
        <Coords points="757,545 757,571 2668,558 2671,536 2666,507 755,507 757,545"/>
        <Baseline points="757,545 2671,536"/>
        <TextEquiv conf="0.9982730831418719">
          <Unicode>praefixum diem sine communi partium consensu prorogari; 6) de „sententia post</Unicode>
        </TextEquiv>
      </TextLine>
      <TextLine id="eSc_line_550a3785" custom="structure {type:default;}">
        <Coords points="757,596 757,622 2668,616 2671,589 2666,563 755,560 757,596"/>
        <Baseline points="757,596 2671,589"/>
        <TextEquiv conf="0.9937625718968255">
          <Unicode>appellationem supersedenda“ et de „appellationibus pro causis minimis factis“; 7) de</Unicode>
        </TextEquiv>
      </TextLine>
      <TextLine id="eSc_line_9ea68675" custom="structure {type:default;}">
        <Coords points="757,651 757,675 2668,671 2671,644 2664,616 755,620 757,651"/>
        <Baseline points="757,651 2671,644"/>
        <TextEquiv conf="0.9999648864010731">
          <Unicode>iis, qui „matrem vel sororem vel filiam uxoris suae carnaliter forte cognoverit“ et</Unicode>
        </TextEquiv>
      </TextLine>
      <TextLine id="eSc_line_3a7d5616" custom="structure {type:default;}">
        <Coords points="760,708 760,737 2668,730 2671,702 2666,671 757,671 760,708"/>
        <Baseline points="760,708 2671,702"/>
        <TextEquiv conf="0.997292377526247">
          <Unicode>„qui aliquam uxoris consanguineam, quae illam in tertio vel alio deinceps gradu</Unicode>
        </TextEquiv>
      </TextLine>
      <TextLine id="eSc_line_0d4da78b" custom="structure {type:default;}">
        <Coords points="695,753 700,801 726,786 724,750 715,671 689,675 695,753"/>
        <Baseline points="695,753 724,750"/>
        <TextEquiv conf="0.9920467138290405">
          <Unicode>„</Unicode>
        </TextEquiv>
      </TextLine>
      <TextLine id="eSc_line_a4a6b3ae" custom="structure {type:default;}">
        <Coords points="746,753 744,777 784,790 786,790 788,790 2671,781 2673,757 2671,728 746,722 746,753"/>
        <Baseline points="746,753 2673,757"/>
        <TextEquiv conf="0.9999848713235158">
          <Unicode>contingat, carnali commixtione cognoverit“; 8) de donatione per abbatem eius dioe-</Unicode>
        </TextEquiv>
      </TextLine>
      <TextLine id="eSc_line_a3f45964" custom="structure {type:default;}">
        <Coords points="757,814 757,841 2668,836 2671,810 2664,777 755,786 757,814"/>
        <Baseline points="757,814 2671,810"/>
        <TextEquiv conf="0.9997115255821318">
          <Unicode>cesis facta, „si pars conventus postea reclamaverit, datae rei quantitatem et illius</Unicode>
        </TextEquiv>
      </TextLine>
      <TextLine id="eSc_line_f52d1d8f" custom="structure {type:default;}">
        <Coords points="733,874 733,896 2163,903 2165,903 2182,901 2246,889 2262,901 2264,901 2266,901 2269,903 2668,903 2671,865 2664,834 731,841 733,874"/>
        <Baseline points="733,874 2671,865"/>
        <TextEquiv conf="0.9998330217461253">
          <Unicode>- terrae consuetudinem attendendam esse“; ac de possessionibus sub conditione donatis;</Unicode>
        </TextEquiv>
      </TextLine>
      <TextLine id="eSc_line_4255c88d" custom="structure {type:default;}">
        <Coords points="760,925 760,951 2668,949 2671,918 2666,889 757,889 760,925"/>
        <Baseline points="760,925 2671,918"/>
        <TextEquiv conf="0.9913103664622588">
          <Unicode>9) „scripta autentica, si testes inscripti decesserint, nisi forte per manum publicam</Unicode>
        </TextEquiv>
      </TextLine>
      <TextLine id="eSc_line_3c829753" custom="structure {type:default;}">
        <Coords points="757,980 757,1009 2671,1009 2673,976 2666,945 755,949 757,980"/>
        <Baseline points="757,980 2673,976"/>
        <TextEquiv conf="0.9966765908633961">
          <Unicode>fuerint facta, aut sigillum autenticum habuerint, non videri sibi alicuius firmitatis</Unicode>
        </TextEquiv>
      </TextLine>
      <TextLine id="eSc_line_580a85aa" custom="structure {type:default;}">
        <Coords points="760,1031 757,1053 2666,1068 2671,1037 2666,998 760,998 760,1031"/>
        <Baseline points="760,1031 2671,1037"/>
        <TextEquiv conf="0.9923597463855037">
          <Unicode>robur habere“. Gilberti Foliot epist. ed. Giles II. 99, (App. conc. Lat. VII. 14,</Unicode>
        </TextEquiv>
      </TextLine>
      <TextLine id="eSc_line_29514810" custom="structure {type:default;}">
        <Coords points="766,1088 766,1117 2668,1113 2671,1088 2668,1057 766,1051 766,1088"/>
        <Baseline points="766,1088 2671,1088"/>
        <TextEquiv conf="0.9941633932384444">
          <Unicode>VIII. 5, X. 8. 9. 10, XII. 1, XXVIII. 1. 9, XXIX. 3, cf. ibid. X. 27, Coll. Lips.</Unicode>
        </TextEquiv>
      </TextLine>
      <TextLine id="eSc_line_1bfb0fe1" custom="structure {type:default;}">
        <Coords points="766,1146 766,1168 2671,1174 2673,1146 2673,1110 766,1108 766,1146"/>
        <Baseline points="766,1146 2673,1146"/>
        <TextEquiv conf="0.995567242304484">
          <Unicode>VI. 1, XXIII. 21, XXXV. 14, XLIII. 7, XLVII. 9. 10. 11, LX. 1, Coll. Cass. XVIII. 1,</Unicode>
        </TextEquiv>
      </TextLine>
      <TextLine id="eSc_line_546f4bfd" custom="structure {type:default;}">
        <Coords points="762,1201 762,1225 2666,1230 2671,1196 2664,1163 760,1163 762,1201"/>
        <Baseline points="762,1201 2671,1196"/>
        <TextEquiv conf="0.9952026355413743">
          <Unicode>XXVII. 2, XXXV. 17, XLII. 15, XLVIII. 4, LI. 7. 9. 10, LIX. 1, Coll. Bamb. VI. 1,</Unicode>
        </TextEquiv>
      </TextLine>
      <TextLine id="eSc_line_8e518f66" custom="structure {type:default;}">
        <Coords points="764,1258 764,1283 2666,1285 2671,1254 2666,1223 2562,1210 2560,1210 2558,1210 2556,1210 2536,1223 2156,1223 2123,1210 2121,1210 2118,1210 2116,1210 2092,1223 1959,1223 1935,1210 1933,1210 1931,1210 1928,1210 1895,1223 762,1223 764,1258"/>
        <Baseline points="764,1258 2671,1254"/>
        <TextEquiv conf="0.9938210641281514">
          <Unicode>XXXIII. 14. XXXIX. 4, LII. 1, LXII. 6. 8. 9, Comp. I. L. I. t. 21. c. 12, L. 2.</Unicode>
        </TextEquiv>
      </TextLine>
      <TextLine id="eSc_line_2bd144e2" custom="structure {type:default;}">
        <Coords points="762,1311 762,1336 2666,1340 2671,1307 2666,1278 1782,1267 1780,1267 1705,1278 1699,1280 760,1280 762,1311"/>
        <Baseline points="762,1311 2671,1307"/>
        <TextEquiv conf="0.9861291881357686">
          <Unicode>t. I. c. 3, L. 2. t. 15. c. 2, L. 2. t. 20. c. 9. 10. 11, L. 3. t. 5. c. 14, L. 3. t. 34.</Unicode>
        </TextEquiv>
      </TextLine>
      <TextLine id="eSc_line_e1568a3e" custom="structure {type:default;}">
        <Coords points="760,1366 760,1391 2666,1391 2668,1358 2662,1322 757,1331 760,1366"/>
        <Baseline points="760,1366 2668,1358"/>
        <TextEquiv conf="0.9980903193354607">
          <Unicode>c. 8, L. 4. t. 5. c. 3, L. 4. t. 20. c. 6, Decr. Greg. L. II. t. 22. c. 2, L. II. t. 28.</Unicode>
        </TextEquiv>
      </TextLine>
      <TextLine id="eSc_line_d648f26b" custom="structure {type:default;}">
        <Coords points="760,1419 760,1444 2671,1446 2673,1419 2673,1389 760,1389 760,1419"/>
        <Baseline points="760,1419 2673,1419"/>
        <TextEquiv conf="0.989065742873131">
          <Unicode>c. 9. 10. 11, L. III. t. 24. c. 3, L. III. t. 39. c. 8, L. IV. t. 5. c. 4, L. IV. t. 6. c. 3).</Unicode>
        </TextEquiv>
      </TextLine>
      <TextLine id="eSc_line_31203241" custom="structure {type:default;}">
        <Coords points="764,1472 764,1499 2671,1495 2673,1468 2666,1439 762,1442 764,1472"/>
        <Baseline points="764,1472 2673,1468"/>
        <TextEquiv conf="0.9904382392151715">
          <Unicode>— „Meminimus nos ex“ „Miminimus ex parte“ „Ceterum cum aliquam“ „Super eo</Unicode>
        </TextEquiv>
      </TextLine>
      <TextLine id="eSc_line_24e77399" custom="structure {type:default;}">
        <Coords points="760,1530 760,1559 2673,1550 2675,1525 2671,1497 757,1492 760,1530"/>
        <Baseline points="760,1530 2675,1525"/>
        <TextEquiv conf="0.9998946386047557">
          <Unicode>quod“ „De appellationibus“ „De monachis autem“ „Praeterea illi qui“ „Si aliquis</Unicode>
        </TextEquiv>
      </TextLine>
      <TextLine id="eSc_line_e7f8e0c8" custom="structure {type:default;}">
        <Coords points="760,1585 760,1614 2668,1605 2671,1574 2664,1539 757,1556 760,1585"/>
        <Baseline points="760,1585 2671,1574"/>
        <TextEquiv conf="0.9931587637999119">
          <Unicode>parochianorum“ „Si quis parochianorum“ „Ceterum si abbatem“ „Verum cum alicui“</Unicode>
        </TextEquiv>
      </TextLine>
      <TextLine id="eSc_line_af4a637b" custom="structure {type:default;}">
        <Coords points="760,1643 760,1671 1623,1671 1623,1669 1685,1656 1687,1636 1681,1607 757,1612 760,1643"/>
        <Baseline points="760,1643 1687,1636"/>
        <TextEquiv conf="0.9996183663606644">
          <Unicode>„Si autem lis“ „Scripta vero autentica“.</Unicode>
        </TextEquiv>
      </TextLine>
      <TextLine id="eSc_line_46040718" custom="structure {type:default;}">
        <Coords points="707,1691 707,1724 2677,1720 2677,1691 2675,1654 707,1654 707,1691"/>
        <Baseline points="707,1691 2677,1691"/>
        <TextEquiv conf="0.9997811056673527">
          <Unicode>13163 (8627) R(ogero), episcopo Wigorniensi, mandat, ut virum, qui dimissa uxore</Unicode>
        </TextEquiv>
      </TextLine>
      <TextLine id="eSc_line_79380e8b" custom="structure {type:default;}">
        <Coords points="760,1751 760,1777 2671,1775 2673,1742 2666,1715 757,1722 760,1751"/>
        <Baseline points="760,1751 2673,1742"/>
        <TextEquiv conf="0.9916569706870288">
          <Unicode>aliam duxerit, „si prior mulier et secunda se in prima vel in secunda consanguini-</Unicode>
        </TextEquiv>
      </TextLine>
      <TextLine id="eSc_line_f7411a8f" custom="structure {type:default;}">
        <Coords points="760,1806 760,1830 2666,1832 2671,1799 2664,1771 757,1773 760,1806"/>
        <Baseline points="760,1806 2671,1799"/>
        <TextEquiv conf="0.9933233885879976">
          <Unicode>tatis linea contingant, faciat utraque carere et sine spe coniugii perpetuo manere;</Unicode>
        </TextEquiv>
      </TextLine>
      <TextLine id="eSc_line_799a99c8" custom="structure {type:default;}">
        <Coords points="757,1861 757,1890 2668,1890 2671,1857 2664,1828 755,1828 757,1861"/>
        <Baseline points="757,1861 2671,1857"/>
        <TextEquiv conf="0.994165874228758">
          <Unicode>si eas in tertio gradu sese attinere constiterit, virum a secunda compellat recedere,</Unicode>
        </TextEquiv>
      </TextLine>
      <TextLine id="eSc_line_c4560e42" custom="structure {type:default;}">
        <Coords points="757,1916 757,1945 1095,1947 1098,1947 1111,1945 1173,1936 1301,1945 1325,1947 1327,1947 1330,1947 1334,1945 1365,1936 1442,1945 1458,1947 1460,1947 1462,1947 1469,1945 1509,1936 1592,1945 1608,1947 1610,1947 1626,1945 1714,1934 1796,1945 1798,1945 1950,1934 1986,1945 1988,1945 1990,1945 2105,1934 2151,1945 2154,1945 2156,1945 2255,1934 2666,1945 2671,1912 2664,1881 755,1883 757,1916"/>
        <Baseline points="757,1916 2671,1912"/>
        <TextEquiv conf="0.9979718739603772">
          <Unicode>et priorem sicut uxorem suam recipere“. Gilberti Foliot epist. ed. Giles II. 102,</Unicode>
        </TextEquiv>
      </TextLine>
      <TextLine id="eSc_line_085e652d" custom="structure {type:default;}">
        <Coords points="757,1972 757,2002 2666,1994 2668,1967 2664,1936 755,1936 757,1972"/>
        <Baseline points="757,1972 2668,1967"/>
        <TextEquiv conf="0.997891487127327">
          <Unicode>(App. conc. Lat. VI. 15, Coll. Lips. LIX. 27, Coll. Cass. LVIII. 16, Comp. I. L. 4.</Unicode>
        </TextEquiv>
      </TextLine>
      <TextLine id="eSc_line_5da7c833" custom="structure {type:default;}">
        <Coords points="757,2025 757,2049 1588,2049 1588,2025 1588,1996 757,1996 757,2025"/>
        <Baseline points="757,2025 1588,2025"/>
        <TextEquiv conf="0.9980781555175782">
          <Unicode>t. 13. c. 2). — „Ad aures nostras“.</Unicode>
        </TextEquiv>
      </TextLine>
      <TextLine id="eSc_line_8e900fff" custom="structure {type:default;}">
        <Coords points="709,2080 709,2104 2675,2100 2677,2073 2671,2038 707,2038 709,2080"/>
        <Baseline points="709,2080 2677,2073"/>
        <TextEquiv conf="0.9857778200289098">
          <Unicode>13164 (8628) (Rogerum), episcopum Wigorniensem, rogat, ne fratribus de Oseneia ec-</Unicode>
        </TextEquiv>
      </TextLine>
      <TextLine id="eSc_line_747d94c3" custom="structure {type:default;}">
        <Coords points="760,2133 760,2159 2668,2161 2673,2128 2666,2100 757,2102 760,2133"/>
        <Baseline points="760,2133 2673,2128"/>
        <TextEquiv conf="0.9971220945489818">
          <Unicode>clesiam de Beibur adimat. Gilberti Foliot epist. ed. Giles II. 103, Coll. Lips. XVI 20,</Unicode>
        </TextEquiv>
      </TextLine>
      <TextLine id="eSc_line_6a31a759" custom="structure {type:default;}">
        <Coords points="757,2190 757,2219 2671,2221 2675,2184 2671,2155 755,2155 757,2190"/>
        <Baseline points="757,2190 2675,2184"/>
        <TextEquiv conf="0.990079853269789">
          <Unicode>Comp. I. L. 3. t. 9. c. 3, Decr. Greg. L. III. t. 10. c. 3. — „Cum nos tibi“ „Cum</Unicode>
        </TextEquiv>
      </TextLine>
      <TextLine id="eSc_line_af182210" custom="structure {type:default;}">
        <Coords points="760,2241 760,2265 1168,2263 1168,2241 1168,2212 760,2212 760,2241"/>
        <Baseline points="760,2241 1168,2241"/>
        <TextEquiv conf="0.9999983087182045">
          <Unicode>nos iam pridem“.</Unicode>
        </TextEquiv>
      </TextLine>
      <TextLine id="eSc_line_6bb543b7" custom="structure {type:default;}">
        <Coords points="709,2296 709,2329 2675,2320 2677,2292 2671,2252 707,2259 709,2296"/>
        <Baseline points="709,2296 2677,2292"/>
        <TextEquiv conf="0.9918042358230142">
          <Unicode>13165 (8629) R(ogero) episcopo Wigorniensi et priori Panteiano mandat, iudicent inter</Unicode>
        </TextEquiv>
      </TextLine>
      <TextLine id="eSc_line_a1a26ff5" custom="structure {type:default;}">
        <Coords points="760,2356 760,2382 2675,2380 2677,2349 2671,2318 757,2325 760,2356"/>
        <Baseline points="760,2356 2677,2349"/>
        <TextEquiv conf="0.9937853003159548">
          <Unicode>monachos de Aera (al. Atra, Acra) et monachos de Cadonio (al. Gadono, Ganono).</Unicode>
        </TextEquiv>
      </TextLine>
      <TextLine id="eSc_line_fcabce66" custom="structure {type:default;}">
        <Coords points="766,2409 766,2433 2675,2429 2677,2404 2671,2373 764,2376 766,2409"/>
        <Baseline points="766,2409 2677,2404"/>
        <TextEquiv conf="0.9959634080361784">
          <Unicode>App. conc. Lat. II. 12, Coll. Lips. I. 7, Coll. Cass. XIII. 7, Coll. Bamb. I. 6, Comp. I.</Unicode>
        </TextEquiv>
      </TextLine>
      <TextLine id="eSc_line_66671504" custom="structure {type:default;}">
        <Coords points="760,2460 757,2482 2525,2495 2529,2464 2527,2433 760,2420 760,2460"/>
        <Baseline points="760,2460 2529,2464"/>
        <TextEquiv conf="0.9961716452160397">
          <Unicode>L. 5. t. 2. c. 14, Decr. Greg. L. V. t. 3. c. 15. — „Querelam monachorum“.</Unicode>
        </TextEquiv>
      </TextLine>
      <TextLine id="eSc_line_f0950ec2" custom="structure {type:default;}">
        <Coords points="709,2515 709,2546 2680,2546 2680,2515 2680,2484 709,2484 709,2515"/>
        <Baseline points="709,2515 2680,2515"/>
        <TextEquiv conf="0.995104741619294">
          <Unicode>13166 (8630) R(ogero) episcopo Wigorniensi (al. abbati de Evesham) mandat, ut inter</Unicode>
        </TextEquiv>
      </TextLine>
      <TextLine id="eSc_line_38a4bd5f" custom="structure {type:default;}">
        <Coords points="760,2574 760,2597 2675,2592 2677,2570 2671,2535 757,2544 760,2574"/>
        <Baseline points="760,2574 2677,2570"/>
        <TextEquiv conf="0.999783656001091">
          <Unicode>fratres monasterii Dunelmensis et monachos S. Albani iudicium faciat. App. conc.</Unicode>
        </TextEquiv>
      </TextLine>
      <TextLine id="eSc_line_45165abf" custom="structure {type:default;}">
        <Coords points="760,2630 760,2656 2675,2656 2677,2625 2673,2594 757,2594 760,2630"/>
        <Baseline points="760,2630 2677,2625"/>
        <TextEquiv conf="0.9966920116368462">
          <Unicode>Lat. XXXVI. 3. 4, Comp. I. L. 1. t. 15. c. 5, Comp. II. L. 2. t. 1. c. 2, Decr. Greg.</Unicode>
        </TextEquiv>
      </TextLine>
      <TextLine id="eSc_line_4c0e7432" custom="structure {type:default;}">
        <Coords points="760,2680 760,2720 2655,2711 2655,2680 2655,2650 760,2641 760,2680"/>
        <Baseline points="760,2680 2655,2680"/>
        <TextEquiv conf="0.9858683369245874">
          <Unicode>L. I. t. 23. c. 5, L. II. t. 1. c. 9. — „Causam, quae vertitur“ „Archidiaconis de“.</Unicode>
        </TextEquiv>
      </TextLine>
      <TextLine id="eSc_line_9ca7ab2f" custom="structure {type:default;}">
        <Coords points="678,2764 678,2780 784,2793 786,2793 852,2778 894,2791 897,2791 899,2791 901,2791 943,2780 985,2789 987,2789 989,2789 992,2789 1014,2773 1014,2758 1009,2711 793,2700 790,2700 788,2700 786,2700 766,2714 720,2703 718,2703 715,2703 713,2703 676,2714 678,2764"/>
        <Baseline points="678,2764 1014,2758"/>
        <TextEquiv conf="0.9852503863247958">
          <Unicode>1164 —1179.</Unicode>
        </TextEquiv>
      </TextLine>
      <TextLine id="eSc_line_26173113" custom="structure {type:default;}">
        <Coords points="707,2822 707,2848 2682,2848 2682,2822 2682,2784 2589,2784 2589,2782 2560,2769 2558,2769 2556,2769 2554,2769 2516,2782 2514,2784 2037,2784 2026,2778 2008,2769 2006,2769 1822,2769 1820,2769 1818,2769 1798,2775 1780,2782 1710,2775 1634,2769 1632,2769 1597,2775 1566,2780 1500,2773 1440,2769 1438,2769 1367,2773 1235,2782 1217,2771 1212,2769 1210,2769 1208,2769 1018,2769 1016,2769 1014,2769 1011,2769 1011,2771 994,2782 965,2771 963,2771 961,2771 775,2782 707,2769 707,2822"/>
        <Baseline points="707,2822 2682,2822"/>
        <TextEquiv conf="0.9971328225246695">
          <Unicode>13167 Monasterii S. Mariae Vallis-egis tutelam suscipit, possessionesque et privilegia</Unicode>
        </TextEquiv>
      </TextLine>
      <TextLine id="eSc_line_37327699" custom="structure {type:default;}">
        <Coords points="760,2877 760,2903 2677,2912 2682,2873 2675,2844 757,2846 760,2877"/>
        <Baseline points="760,2877 2682,2873"/>
        <TextEquiv conf="0.9884421291739441">
          <Unicode>confirmat, petente Balduino. abbate. (Vid. infra ep. num. 13499.) Desilve Analyse d&#x27;un</Unicode>
        </TextEquiv>
      </TextLine>
      <TextLine id="eSc_line_b68b9e95" custom="structure {type:default;}">
        <Coords points="757,2928 755,2945 797,2968 799,2968 802,2970 952,2970 952,2968 954,2968 1011,2948 1124,2970 1126,2972 1215,2972 1215,2970 1217,2970 1219,2970 1219,2968 1237,2950 1290,2970 1292,2970 1294,2970 1296,2970 1299,2970 1334,2950 1407,2950 1425,2968 1425,2970 1427,2970 1429,2970 1431,2970 1584,2959 1610,2968 1612,2968 1615,2968 1617,2968 1650,2952 1690,2972 1692,2972 1694,2972 1696,2972 1771,2952 1855,2952 1858,2934 1855,2899 757,2892 757,2928"/>
        <Baseline points="757,2928 1858,2934"/>
        <TextEquiv conf="0.9965243482071421">
          <Unicode>cartul. du Valroy p. 88. — „Quotiens illud a“.</Unicode>
        </TextEquiv>
      </TextLine>
      <TextLine id="eSc_line_b2f8f1b5" custom="structure {type:default;}">
        <Coords points="678,3025 678,3043 989,3040 989,3021 983,2970 910,2970 905,2968 897,2959 897,2956 894,2956 892,2956 890,2956 888,2956 850,2965 826,2972 810,2965 795,2959 793,2959 790,2959 676,2961 678,3025"/>
        <Baseline points="678,3025 989,3021"/>
        <TextEquiv conf="0.9999583742835305">
          <Unicode>1164. 1179.</Unicode>
        </TextEquiv>
      </TextLine>
      <TextLine id="eSc_line_c310c107" custom="structure {type:default;}">
        <Coords points="159,3085 159,3144 366,3144 366,3080 360,3014 280,3029 245,3025 190,3016 187,3016 185,3016 156,3029 159,3085"/>
        <Baseline points="159,3085 366,3080"/>
        <TextEquiv conf="0.9695873185992241">
          <Unicode>Apr. 24.</Unicode>
        </TextEquiv>
      </TextLine>
      <TextLine id="eSc_line_366a242d" custom="structure {type:default;}">
        <Coords points="713,3085 713,3109 2680,3104 2682,3080 2677,3043 2520,3029 2518,3029 2516,3029 2489,3040 2118,3029 2116,3029 2012,3040 1957,3029 1955,3029 1953,3029 1911,3040 1895,3029 1893,3029 1891,3029 1889,3029 1827,3040 1763,3029 1760,3029 1694,3043 1648,3032 1646,3032 1643,3032 1581,3043 1539,3032 1537,3032 1535,3032 1226,3043 1087,3032 1084,3032 927,3043 768,3032 766,3032 764,3032 711,3045 713,3085"/>
        <Baseline points="713,3085 2682,3080"/>
        <TextEquiv conf="0.9955855508645376">
          <Unicode>13168 Monasterii S. Bartholomaei (d. Pennensis) bona et pririlegia confirmat. Wiener</Unicode>
        </TextEquiv>
      </TextLine>
      <TextLine id="eSc_line_4afe35ce" custom="structure {type:default;}">
        <Coords points="764,3140 764,3162 2677,3157 2680,3135 2675,3107 2103,3107 2101,3104 2083,3093 2081,3093 2079,3093 2076,3093 2074,3093 2045,3104 762,3104 764,3140"/>
        <Baseline points="764,3140 2680,3135"/>
        <TextEquiv conf="0.9977716067690908">
          <Unicode>Sitzungsber. XCIV. 675. (Kaltenbrunner mecum communicavit, in tabularii reg. Flo-</Unicode>
        </TextEquiv>
      </TextLine>
      <TextLine id="eSc_line_5c71dbc1" custom="structure {type:default;}">
        <Coords points="764,3195 764,3215 1014,3228 1016,3228 1071,3217 1080,3217 1087,3219 1120,3228 1122,3228 1124,3228 1168,3219 1182,3217 1219,3219 1341,3228 1343,3228 1389,3219 1411,3217 1420,3221 1436,3228 1438,3228 1440,3228 1500,3221 1537,3217 1559,3221 1586,3228 1588,3228 1590,3228 1641,3221 1679,3217 1687,3221 1694,3228 1696,3228 1699,3228 1701,3228 1791,3224 1900,3217 2677,3228 2680,3195 2680,3164 764,3164 764,3195"/>
        <Baseline points="764,3195 2680,3195"/>
        <TextEquiv conf="0.9993277558361191">
          <Unicode>rent. catalogo LXVIII. legi: „24. Apr., Ind. XII.“. Alia igitur signa chronologica,</Unicode>
        </TextEquiv>
      </TextLine>
      <TextLine id="eSc_line_544d9328" custom="structure {type:default;}">
        <Coords points="762,3248 762,3270 874,3283 877,3283 985,3272 1034,3283 1036,3283 1038,3286 1153,3286 1153,3283 1155,3283 1157,3283 1175,3272 1235,3283 1237,3283 1433,3272 1531,3283 1533,3283 1652,3272 1716,3283 1718,3283 1833,3272 2045,3283 2048,3283 2050,3283 2052,3283 2070,3272 2070,3248 2070,3217 762,3217 762,3248"/>
        <Baseline points="762,3248 2070,3248"/>
        <TextEquiv conf="0.9997519491047695">
          <Unicode>archetypo addita, neglegentia scriptoris omissa videntur.)</Unicode>
        </TextEquiv>
      </TextLine>
      <TextLine id="eSc_line_58946506" custom="structure {type:default;}">
        <Coords points="682,3327 682,3361 748,3365 751,3365 753,3365 755,3365 766,3356 771,3354 775,3356 786,3365 788,3365 790,3365 793,3365 795,3365 830,3354 846,3350 857,3352 899,3363 901,3363 903,3363 1016,3343 1016,3321 1014,3283 956,3268 954,3268 952,3268 890,3281 863,3288 819,3288 813,3279 806,3274 806,3272 804,3272 802,3272 799,3272 680,3277 682,3327"/>
        <Baseline points="682,3327 1016,3321"/>
        <TextEquiv conf="0.994306743144989">
          <Unicode>1166— 1179.</Unicode>
        </TextEquiv>
      </TextLine>
      <TextLine id="eSc_line_4501827a" custom="structure {type:default;}">
        <Coords points="156,3387 156,3416 377,3407 380,3383 373,3345 154,3347 156,3387"/>
        <Baseline points="156,3387 380,3383"/>
        <TextEquiv conf="0.9999999602635702">
          <Unicode>Febr. 20.</Unicode>
        </TextEquiv>
      </TextLine>
      <TextLine id="eSc_line_3962e4b9" custom="structure {type:default;}">
        <Coords points="424,3389 424,3418 430,3425 430,3427 433,3427 435,3427 437,3429 581,3429 581,3427 583,3427 647,3409 647,3385 642,3308 532,3294 530,3294 421,3310 424,3389"/>
        <Baseline points="424,3389 647,3385"/>
        <TextEquiv conf="0.9996600076556206">
          <Unicode>Laterani</Unicode>
        </TextEquiv>
      </TextLine>
      <TextLine id="eSc_line_b2da7d17" custom="structure {type:default;}">
        <Coords points="713,3387 713,3416 2680,3416 2682,3387 2677,3343 713,3345 713,3387"/>
        <Baseline points="713,3387 2682,3387"/>
        <TextEquiv conf="0.9968046762726523">
          <Unicode>13169 (8631) Praeposito et capitulo Vibergensi significat, se parthenonis S. Margarethae</Unicode>
        </TextEquiv>
      </TextLine>
      <TextLine id="eSc_line_29325538" custom="structure {type:default;}">
        <Coords points="768,3442 768,3491 779,3491 817,3473 916,3484 919,3484 1051,3473 1087,3486 1089,3486 1091,3489 1091,3486 1093,3486 1129,3473 1491,3473 1509,3484 1511,3484 1513,3484 1515,3484 1723,3471 1763,3491 1765,3491 1767,3493 1990,3493 1990,3491 1992,3491 2030,3478 2098,3491 2101,3493 2677,3493 2680,3438 2675,3411 790,3403 788,3403 786,3403 766,3411 768,3442"/>
        <Baseline points="768,3442 2680,3438"/>
        <TextEquiv conf="0.9898132825199562">
          <Unicode>Asmialdensis protectionem suscepisse. Thorkelin Diplom. Arna-Magn. I. 23, Migne</Unicode>
        </TextEquiv>
      </TextLine>
      <TextLine id="eSc_line_416b2ec4" custom="structure {type:default;}">
        <Coords points="768,3493 766,3546 784,3557 786,3557 788,3557 790,3559 1000,3559 1000,3557 1003,3557 1056,3542 1060,3542 1071,3542 1215,3555 1217,3555 1219,3555 1221,3555 1237,3544 1254,3559 1257,3559 1259,3559 1261,3559 1263,3559 1294,3544 1310,3557 1310,3559 1312,3559 1314,3559 1316,3562 1455,3562 1455,3559 1458,3559 1500,3544 1674,3559 1676,3559 1749,3542 1752,3498 1749,3467 768,3462 768,3493"/>
        <Baseline points="768,3493 1752,3498"/>
        <TextEquiv conf="0.9958527947581092">
          <Unicode>200 p. 1198. — „Pastoralis officii debito“.</Unicode>
        </TextEquiv>
      </TextLine>
      <TextLine id="eSc_line_6b309b5f" custom="structure {type:default;}">
        <Coords points="194,3548 194,3599 223,3612 225,3612 227,3612 229,3612 231,3612 249,3599 256,3595 300,3595 307,3599 324,3615 326,3615 329,3615 331,3617 391,3617 391,3615 393,3615 457,3597 468,3595 477,3597 558,3615 561,3615 563,3615 607,3599 623,3612 623,3615 625,3615 627,3615 629,3617 665,3617 665,3615 667,3615 746,3592 746,3548 744,3513 194,3515 194,3548"/>
        <Baseline points="194,3548 746,3548"/>
        <TextEquiv conf="0.9167844476523223">
          <Unicode>negets Pont Romas pe ece I.</Unicode>
        </TextEquiv>
      </TextLine>
      <TextLine id="eSc_line_bc8f8dc6" custom="structure {type:default;}">
        <Coords points="2337,3553 2335,3601 2357,3595 2397,3612 2408,3559 2408,3502 2339,3511 2337,3553"/>
        <Baseline points="2337,3553 2408,3559"/>
        <TextEquiv conf="0.9997891485691071">
          <Unicode>4„</Unicode>
        </TextEquiv>
      </TextLine>
    </TextRegion>
    <TextRegion id="eSc_textblock_28dfdbc2"  custom="structure {type:default;}">
      <Coords points="961,150 1833,150 1886,159 1886,245 936,253 927,159 961,150"/>
      <TextLine id="eSc_line_c25f6d32" custom="structure {type:default;}">
        <Coords points="943,225 943,247 978,260 980,260 983,260 1296,247 1840,256 1842,256 1844,256 1847,256 1866,242 1866,218 1862,174 1807,174 1771,154 1769,154 1767,154 1765,154 1705,172 1632,156 1630,156 1546,174 1517,161 1515,161 1513,161 1444,174 1380,159 1378,159 1376,159 1312,172 1270,156 1268,156 1265,156 1159,167 974,159 972,159 969,159 967,159 941,174 943,225"/>
        <Baseline points="943,225 1866,218"/>
        <TextEquiv conf="0.9998359894752502">
          <Unicode>ALEXANDER III. 1159—1181.</Unicode>
        </TextEquiv>
      </TextLine>
    </TextRegion>
    <TextRegion id="eSc_textblock_c5949540"  custom="structure {type:default;}">
      <Coords points="2540,150 2680,150 2715,176 2706,227 2540,253 2514,209 2540,150"/>
      <TextLine id="eSc_line_8aa8a122" custom="structure {type:default;}">
        <Coords points="2582,150 2580,150 2545,163 2549,218 2549,247 2576,258 2578,258 2580,258 2671,245 2671,212 2666,159 2585,150 2582,150"/>
        <Baseline points="2549,218 2671,212"/>
        <TextEquiv conf="1.0">
          <Unicode>329</Unicode>
        </TextEquiv>
      </TextLine>
    </TextRegion>
    <TextRegion id="eSc_textblock_3d55a707"  custom="structure {type:default;}">
      <Coords points="439,2817 439,2824 433,2824 433,2817 439,2817"/>
    </TextRegion>
    <TextRegion id="eSc_textblock_5092c23b"  custom="structure {type:default;}">
      <Coords points="642,2120 651,2120 651,2153 636,2144 642,2120"/>
    </TextRegion>
    <TextRegion id="eSc_textblock_338c4a54"  custom="structure {type:default;}">
      <Coords points="439,1457 439,1464 433,1464 433,1457 439,1457"/>
    </TextRegion>
    <TextRegion id="eSc_textblock_025cb5ad"  custom="structure {type:default;}">
      <Coords points="439,600 439,624 433,624 433,600 439,600"/>
    </TextRegion>
    <TextRegion id="eSc_textblock_d473f73a"  custom="structure {type:default;}">
      <Coords points="439,1280 457,1366 433,1446 415,1298 439,1280"/>
    </TextRegion>
    <TextRegion id="eSc_textblock_558da8aa"  custom="structure {type:default;}">
      <Coords points="651,2058 651,2100 645,2100 636,2067 651,2058"/>
    </TextRegion>
  </Page>
</PcGts>
