<?xml version="1.0" encoding="UTF-8"  standalone="yes"?>
<PcGts xmlns="http://schema.primaresearch.org/PAGE/gts/pagecontent/2019-07-15" xmlns:xsi="http://www.w3.org/2001/XMLSchema-instance" xsi:schemaLocation="http://schema.primaresearch.org/PAGE/gts/pagecontent/2019-07-15 http://schema.primaresearch.org/PAGE/gts/pagecontent/2019-07-15/pagecontent.xsd">
  <Metadata>
	<Creator>escriptorium</Creator>
	<Created>2024-07-19T10:12:16.474190+00:00</Created>
        <LastChange>2024-08-08T08:42:44.252419+00:00</LastChange>
  </Metadata>
  <Page imageFilename="0351.png" imageWidth="3007" imageHeight="3975">
    <TextRegion id="eSc_textblock_8b5f8db5"  custom="structure {type:default;}">
      <Coords points="311,150 439,159 448,227 300,262 273,185 311,150"/>
      <TextLine id="eSc_line_a0bbf316" custom="structure {type:default;}">
        <Coords points="413,156 397,154 302,156 302,212 302,247 426,247 426,212 424,156 413,156"/>
        <Baseline points="302,212 426,212"/>
        <TextEquiv conf="0.9999999205271403">
          <Unicode>338</Unicode>
        </TextEquiv>
      </TextLine>
    </TextRegion>
    <TextRegion id="eSc_textblock_94b53e88"  custom="structure {type:default;}">
      <Coords points="313,300 837,309 830,344 848,309 910,300 2865,309 2874,2320 2839,3522 919,3531 609,3513 554,3469 510,3513 282,3495 265,574 282,309 313,300"/>
      <TextLine id="eSc_line_3bf0b6f9" custom="structure {type:default;}">
        <Coords points="2786,306 2763,306 2741,306 2719,306 2697,306 2675,306 2653,306 2631,306 2609,306 2587,306 2565,306 2543,306 2520,306 2498,306 2476,306 2454,306 2432,306 2410,306 2388,306 2375,304 855,306 841,315 843,362 843,384 1051,395 1053,395 1294,384 1327,384 1338,384 1407,395 1409,395 1493,384 1504,384 1515,384 1623,395 1626,395 1767,384 1778,384 1782,384 1820,395 1822,395 1824,395 1827,395 1855,384 1864,382 1900,384 2017,393 2019,393 2810,382 2812,357 2805,306 2786,306"/>
        <Baseline points="843,362 2812,357"/>
        <TextEquiv conf="0.9913587006893787">
          <Unicode>1179. (Ind. 12. — 25. Sept. — 13, pont. a. 20. — 20. Sept. — 21, 1178. — 25. Mart. — 1179.)</Unicode>
        </TextEquiv>
      </TextLine>
      <TextLine id="eSc_line_84d1c90f" custom="structure {type:default;}">
        <Coords points="923,443 2832,446 2836,426 2832,386 965,388 927,377 925,421 923,443"/>
        <Baseline points="925,421 2836,426"/>
        <TextEquiv conf="0.9990147839232189">
          <Unicode>auri annuatim solvendis fecerit censuale“; „non est consuetudo Romanae ecclesiae“,</Unicode>
        </TextEquiv>
      </TextLine>
      <TextLine id="eSc_line_dfde294c" custom="structure {type:default;}">
        <Coords points="930,477 927,496 2832,501 2836,481 2834,443 930,437 930,477"/>
        <Baseline points="930,477 2836,481"/>
        <TextEquiv conf="0.9991981692612171">
          <Unicode>inquit, „huius modi census statuere, aut quamlibet ecclesiam tali modo gravare“.</Unicode>
        </TextEquiv>
      </TextLine>
      <TextLine id="eSc_line_074d1e48" custom="structure {type:default;}">
        <Coords points="927,534 927,556 2836,558 2839,534 2839,503 927,494 927,534"/>
        <Baseline points="927,534 2839,534"/>
        <TextEquiv conf="0.9996100619987205">
          <Unicode>Exponit, abbatem quare dedicaverit; quem ne „pro debitis Iudaeorum ulterius mole-</Unicode>
        </TextEquiv>
      </TextLine>
      <TextLine id="eSc_line_0e8d1acf" custom="structure {type:default;}">
        <Coords points="927,589 927,609 2836,620 2839,589 2839,558 927,558 927,589"/>
        <Baseline points="927,589 2839,589"/>
        <TextEquiv conf="0.9971367972237724">
          <Unicode>stari“ sinat, rogat. Hist. Mon. S. Aug. Cant. p. 429, (Chronica W. Thorn. ap.</Unicode>
        </TextEquiv>
      </TextLine>
      <TextLine id="eSc_line_d0e29183" custom="structure {type:default;}">
        <Coords points="930,640 927,660 954,673 956,673 958,673 1774,664 1809,675 1811,675 1813,675 2653,664 2655,644 2653,611 930,598 930,640"/>
        <Baseline points="930,640 2655,644"/>
        <TextEquiv conf="0.984647602274798">
          <Unicode>Twysden H. A. SS. II. 1825, Migne 200 p. 1229). — „Audivimus regiae“.</Unicode>
        </TextEquiv>
      </TextLine>
      <TextLine id="eSc_line_bf419393" custom="structure {type:default;}">
        <Coords points="315,697 315,719 536,717 536,693 532,649 313,649 315,697"/>
        <Baseline points="315,697 536,693"/>
        <TextEquiv conf="0.9997456537352668">
          <Unicode>Febr. 18.</Unicode>
        </TextEquiv>
      </TextLine>
      <TextLine id="eSc_line_1808a393" custom="structure {type:default;}">
        <Coords points="589,697 589,719 806,724 808,693 804,649 587,647 589,697"/>
        <Baseline points="589,697 808,693"/>
        <TextEquiv conf="1.0">
          <Unicode>Laterani</Unicode>
        </TextEquiv>
      </TextLine>
      <TextLine id="eSc_line_5821403c" custom="structure {type:default;}">
        <Coords points="872,697 872,724 2839,724 2841,697 2839,666 872,658 872,697"/>
        <Baseline points="872,697 2841,697"/>
        <TextEquiv conf="0.9982621745131481">
          <Unicode>13294 (8702) Rogero, abbati S. Augustini Cantuariensi, concedit, „ut Cantuariensis epi-</Unicode>
        </TextEquiv>
      </TextLine>
      <TextLine id="eSc_line_d4dda41e" custom="structure {type:default;}">
        <Coords points="925,748 925,777 2836,775 2839,753 2836,724 925,719 925,748"/>
        <Baseline points="925,748 2839,753"/>
        <TextEquiv conf="0.9975155837395612">
          <Unicode>scopus, qui pro tempore fuerit, successores eius sine exactione professionis in mona-</Unicode>
        </TextEquiv>
      </TextLine>
      <TextLine id="eSc_line_fb4b977e" custom="structure {type:default;}">
        <Coords points="927,808 927,832 2836,832 2839,803 2832,772 925,777 927,808"/>
        <Baseline points="927,808 2839,803"/>
        <TextEquiv conf="0.9898074666659037">
          <Unicode>sterio benedicat; quod si infra XL. dies, postquam fuerit requisitus, eos benedicere</Unicode>
        </TextEquiv>
      </TextLine>
      <TextLine id="eSc_line_0b0f2ae9" custom="structure {type:default;}">
        <Coords points="927,861 925,878 1646,892 1648,892 2103,883 2123,883 2127,883 2200,894 2202,894 2834,883 2836,867 2834,834 927,828 927,861"/>
        <Baseline points="927,861 2836,867"/>
        <TextEquiv conf="0.9976511169702579">
          <Unicode>forte omiserit, ad Romanam ecclesiam benedicendi accedant“. Hist. Mon. S. Aug.</Unicode>
        </TextEquiv>
      </TextLine>
      <TextLine id="eSc_line_0c5b7880" custom="structure {type:default;}">
        <Coords points="925,914 923,938 2832,954 2836,920 2834,887 925,881 925,914"/>
        <Baseline points="925,914 2836,920"/>
        <TextEquiv conf="0.9939475243999845">
          <Unicode>Cant. p. 432, (Chronica W. Thorn ap. Twysden H. A. SS. II. 1825, Migne 200 p. 1229).</Unicode>
        </TextEquiv>
      </TextLine>
      <TextLine id="eSc_line_0aa56356" custom="structure {type:default;}">
        <Coords points="925,971 925,989 1003,989 1014,998 1014,1000 1016,1000 1018,1000 1020,1002 1135,1002 1135,1000 1137,1000 1140,1000 1155,989 1208,1000 1210,1002 1369,1002 1369,1000 1372,1000 1396,989 1524,1000 1526,1000 1528,1000 1570,987 1570,971 1570,940 925,931 925,971"/>
        <Baseline points="925,971 1570,971"/>
        <TextEquiv conf="0.9999996698819674">
          <Unicode>— „Cum venerabili fratre“.</Unicode>
        </TextEquiv>
      </TextLine>
      <TextLine id="eSc_line_d327be56" custom="structure {type:default;}">
        <Coords points="346,1031 346,1051 530,1051 530,1024 523,969 344,984 346,1031"/>
        <Baseline points="346,1031 530,1024"/>
        <TextEquiv conf="0.9999999523162841">
          <Unicode>„ 18.</Unicode>
        </TextEquiv>
      </TextLine>
      <TextLine id="eSc_line_699d747e" custom="structure {type:default;}">
        <Coords points="649,1040 651,1093 673,1093 673,1090 676,1090 678,1090 678,1088 698,1071 720,1048 746,1048 748,1035 744,989 645,984 649,1040"/>
        <Baseline points="649,1040 748,1035"/>
        <TextEquiv conf="0.9999997615814209">
          <Unicode>„</Unicode>
        </TextEquiv>
      </TextLine>
      <TextLine id="eSc_line_9527a54d" custom="structure {type:default;}">
        <Coords points="872,1026 872,1051 2836,1057 2839,1026 2836,984 872,987 872,1026"/>
        <Baseline points="872,1026 2839,1026"/>
        <TextEquiv conf="0.9957993003143661">
          <Unicode>13295 Ecclesiam Wallefsrodensem tuendam suscipit, statuitque „ne quis monachis eiectis,</Unicode>
        </TextEquiv>
      </TextLine>
      <TextLine id="eSc_line_1aedcf5c" custom="structure {type:default;}">
        <Coords points="925,1082 925,1108 2839,1108 2839,1082 2839,1051 925,1048 925,1082"/>
        <Baseline points="925,1082 2839,1082"/>
        <TextEquiv conf="0.9917454577627636">
          <Unicode>quamdiu ibidem duo ad minus fuerint, alios clericos substituat“, cet. Iacobs Urk. d.</Unicode>
        </TextEquiv>
      </TextLine>
      <TextLine id="eSc_line_9c5f7331" custom="structure {type:default;}">
        <Coords points="925,1137 925,1152 1263,1166 1265,1166 1268,1166 1305,1152 1376,1166 1378,1166 1462,1150 1471,1150 1484,1150 1617,1163 1619,1166 1849,1166 1849,1163 1851,1163 1895,1148 1895,1132 1891,1104 934,1095 932,1095 930,1095 927,1095 927,1097 925,1097 923,1097 925,1137"/>
        <Baseline points="925,1137 1895,1132"/>
        <TextEquiv conf="0.9988513205732618">
          <Unicode>KI. Ilsenburg I. 32. — „Viros religiosos“.</Unicode>
        </TextEquiv>
      </TextLine>
      <TextLine id="eSc_line_9571f26a" custom="structure {type:default;}">
        <Coords points="349,1194 349,1219 530,1210 532,1190 525,1141 346,1141 349,1194"/>
        <Baseline points="349,1194 532,1190"/>
        <TextEquiv conf="1.0">
          <Unicode>„ 18.</Unicode>
        </TextEquiv>
      </TextLine>
      <TextLine id="eSc_line_e7a4ec6c" custom="structure {type:default;}">
        <Coords points="647,1276 740,1269 744,1203 742,1130 680,1159 653,1152 651,1199 647,1276"/>
        <Baseline points="651,1199 744,1203"/>
        <TextEquiv conf="1.0">
          <Unicode>„</Unicode>
        </TextEquiv>
      </TextLine>
      <TextLine id="eSc_line_db409315" custom="structure {type:default;}">
        <Coords points="872,1185 870,1210 2836,1219 2841,1190 2839,1157 872,1152 872,1185"/>
        <Baseline points="872,1185 2841,1190"/>
        <TextEquiv conf="0.9976655127089701">
          <Unicode>13296 (8666) Simoni, episcopo Meldensi, concedit, „ut, si quando monasterium eius</Unicode>
        </TextEquiv>
      </TextLine>
      <TextLine id="eSc_line_4c92a9ed" custom="structure {type:default;}">
        <Coords points="925,1245 925,1267 2836,1269 2839,1245 2839,1216 925,1214 925,1245"/>
        <Baseline points="925,1245 2839,1245"/>
        <TextEquiv conf="0.9987020587048879">
          <Unicode>iurisdictionis vacare contigerit, nec fratres vel sorores infra congruum tempus in</Unicode>
        </TextEquiv>
      </TextLine>
      <TextLine id="eSc_line_114c7e95" custom="structure {type:default;}">
        <Coords points="927,1300 927,1333 2834,1329 2836,1296 2830,1267 925,1269 927,1300"/>
        <Baseline points="927,1300 2836,1296"/>
        <TextEquiv conf="0.9953541561961174">
          <Unicode>personam idoneam potuerint concordare, fas ei sit, personam illam in abbatem vel</Unicode>
        </TextEquiv>
      </TextLine>
      <TextLine id="eSc_line_a9621ea3" custom="structure {type:default;}">
        <Coords points="923,1355 923,1378 2836,1373 2839,1351 2834,1322 921,1320 923,1355"/>
        <Baseline points="923,1355 2839,1351"/>
        <TextEquiv conf="0.9991712891138517">
          <Unicode>abbatissam confirmare, in quo maiorem et saniorem partem capituli noverit con-</Unicode>
        </TextEquiv>
      </TextLine>
      <TextLine id="eSc_line_e3db7cbb" custom="structure {type:default;}">
        <Coords points="925,1411 925,1437 2834,1442 2839,1404 2834,1373 923,1373 925,1411"/>
        <Baseline points="925,1411 2839,1404"/>
        <TextEquiv conf="0.9946030355989933">
          <Unicode>venire“. Du Plessis Hist. de Meaux II. 66, Migne 200 p. 1206. — „Pro dissensione</Unicode>
        </TextEquiv>
      </TextLine>
      <TextLine id="eSc_line_98f36d6a" custom="structure {type:default;}">
        <Coords points="916,1466 916,1484 1093,1490 1095,1490 1098,1490 1140,1477 1140,1461 1133,1426 914,1428 916,1466"/>
        <Baseline points="916,1466 1140,1461"/>
        <TextEquiv conf="0.9999896950191922">
          <Unicode>fratrum“.</Unicode>
        </TextEquiv>
      </TextLine>
      <TextLine id="eSc_line_942c2a7c" custom="structure {type:default;}">
        <Coords points="351,1521 351,1561 528,1561 530,1517 523,1442 457,1444 455,1444 452,1444 441,1450 424,1461 404,1455 382,1448 380,1448 377,1448 375,1448 349,1459 351,1521"/>
        <Baseline points="351,1521 530,1517"/>
        <TextEquiv conf="0.9906037807464599">
          <Unicode>„ 19.</Unicode>
        </TextEquiv>
      </TextLine>
      <TextLine id="eSc_line_5d9dd40b" custom="structure {type:default;}">
        <Coords points="658,1528 658,1570 735,1554 735,1528 735,1472 658,1472 658,1528"/>
        <Baseline points="658,1528 735,1528"/>
        <TextEquiv conf="1.0">
          <Unicode>„</Unicode>
        </TextEquiv>
      </TextLine>
      <TextLine id="eSc_line_369343c4" custom="structure {type:default;}">
        <Coords points="872,1519 872,1543 2836,1539 2839,1514 2834,1481 870,1479 872,1519"/>
        <Baseline points="872,1519 2839,1514"/>
        <TextEquiv conf="0.9990926234201453">
          <Unicode>13297 *Nicolao militi praecipit, ut monachis S. Bertini Sithiensibus ablatam terram re-</Unicode>
        </TextEquiv>
      </TextLine>
      <TextLine id="eSc_line_af911a23" custom="structure {type:default;}">
        <Coords points="921,1572 919,1592 2834,1596 2839,1576 2836,1543 921,1539 921,1572"/>
        <Baseline points="921,1572 2839,1576"/>
        <TextEquiv conf="0.9997805655002594">
          <Unicode>stituat damnaque resarciat. V. Iohannis Longi chron. S. Bertini in MG. SS. XXV. 813.</Unicode>
        </TextEquiv>
      </TextLine>
      <TextLine id="eSc_line_a6c10b18" custom="structure {type:default;}">
        <Coords points="342,1631 342,1662 525,1662 525,1627 521,1578 455,1565 452,1565 450,1565 448,1565 448,1567 428,1585 424,1590 340,1590 342,1631"/>
        <Baseline points="342,1631 525,1627"/>
        <TextEquiv conf="0.9997922658920289">
          <Unicode>„ 19.</Unicode>
        </TextEquiv>
      </TextLine>
      <TextLine id="eSc_line_4015a45b" custom="structure {type:default;}">
        <Coords points="649,1704 731,1713 735,1640 729,1539 687,1565 653,1556 651,1638 649,1704"/>
        <Baseline points="651,1638 735,1640"/>
        <TextEquiv conf="0.9979597330093384">
          <Unicode>„</Unicode>
        </TextEquiv>
      </TextLine>
      <TextLine id="eSc_line_563da0b7" custom="structure {type:default;}">
        <Coords points="872,1631 872,1656 2836,1656 2839,1627 2834,1594 870,1594 872,1631"/>
        <Baseline points="872,1631 2839,1627"/>
        <TextEquiv conf="0.9998081208661546">
          <Unicode>13298 * Philippo, comiti Flandriae, mandat, curet ut Audomarenses fratribus S. Bertini</Unicode>
        </TextEquiv>
      </TextLine>
      <TextLine id="eSc_line_a4779608" custom="structure {type:default;}">
        <Coords points="919,1684 919,1707 2836,1702 2839,1680 2834,1651 938,1643 936,1643 934,1643 932,1643 916,1649 919,1684"/>
        <Baseline points="919,1684 2839,1680"/>
        <TextEquiv conf="0.992533493925024">
          <Unicode>Sithiensibus ereptam paludem reddant et „de damnis domorumque infractione“ satis-</Unicode>
        </TextEquiv>
      </TextLine>
      <TextLine id="eSc_line_69acd5f1" custom="structure {type:default;}">
        <Coords points="919,1735 916,1755 934,1766 936,1766 938,1766 941,1766 1449,1757 1577,1757 2492,1768 2496,1740 2494,1707 919,1702 919,1735"/>
        <Baseline points="919,1735 2496,1740"/>
        <TextEquiv conf="0.9950013527503381">
          <Unicode>faciant. V. Iohannis Longi chron. S. Bertini in MG. SS. XXV. 813.</Unicode>
        </TextEquiv>
      </TextLine>
      <TextLine id="eSc_line_72abc383" custom="structure {type:default;}">
        <Coords points="346,1797 346,1821 514,1824 517,1824 519,1824 521,1824 521,1821 530,1810 530,1790 528,1753 486,1740 483,1740 481,1740 344,1757 346,1797"/>
        <Baseline points="346,1797 530,1790"/>
        <TextEquiv conf="0.9971509456634522">
          <Unicode>„ 19.</Unicode>
        </TextEquiv>
      </TextLine>
      <TextLine id="eSc_line_c5dc3283" custom="structure {type:default;}">
        <Coords points="651,1802 649,1815 689,1828 691,1828 693,1828 695,1828 731,1815 733,1806 733,1753 651,1753 651,1802"/>
        <Baseline points="651,1802 733,1806"/>
        <TextEquiv conf="1.0">
          <Unicode>„</Unicode>
        </TextEquiv>
      </TextLine>
      <TextLine id="eSc_line_69f89e7f" custom="structure {type:default;}">
        <Coords points="872,1793 872,1819 2839,1819 2839,1793 2839,1762 872,1755 872,1793"/>
        <Baseline points="872,1793 2839,1793"/>
        <TextEquiv conf="0.9999672153661417">
          <Unicode>13299 (8667) Monachis S. Bertini Sithiensis interdicit, „ne ecclesiam de Broburg unius</Unicode>
        </TextEquiv>
      </TextLine>
      <TextLine id="eSc_line_13d2becd" custom="structure {type:default;}">
        <Coords points="919,1848 919,1872 2839,1872 2839,1848 2839,1817 919,1815 919,1848"/>
        <Baseline points="919,1848 2839,1848"/>
        <TextEquiv conf="0.9947329626363867">
          <Unicode>sacerdotis ministerio permittant esse contentam, sed duos semper ipsius servitio man-</Unicode>
        </TextEquiv>
      </TextLine>
      <TextLine id="eSc_line_457fba6f" custom="structure {type:default;}">
        <Coords points="919,1905 919,1930 2832,1934 2836,1901 2832,1870 1880,1859 1877,1859 1727,1870 956,1861 954,1861 952,1861 916,1872 919,1905"/>
        <Baseline points="919,1905 2836,1901"/>
        <TextEquiv conf="0.9967824997781198">
          <Unicode>cipent“. Collection des Cartulaires III. 352, Migne 200 p. 1207. — „Relatum est</Unicode>
        </TextEquiv>
      </TextLine>
      <TextLine id="eSc_line_72c08b33" custom="structure {type:default;}">
        <Coords points="916,1958 916,1978 1135,1978 1135,1958 1133,1914 916,1923 916,1958"/>
        <Baseline points="916,1958 1135,1958"/>
        <TextEquiv conf="0.9972854852676392">
          <Unicode>auribus“.</Unicode>
        </TextEquiv>
      </TextLine>
      <TextLine id="eSc_line_ffa6f7c6" custom="structure {type:default;}">
        <Coords points="349,2016 351,2053 399,2036 435,2047 452,2051 455,2051 457,2051 530,2036 530,2011 525,1965 346,1965 349,2016"/>
        <Baseline points="349,2016 530,2011"/>
        <TextEquiv conf="0.9999994516372681">
          <Unicode>„ 19.</Unicode>
        </TextEquiv>
      </TextLine>
      <TextLine id="eSc_line_19bd722e" custom="structure {type:default;}">
        <Coords points="651,2025 651,2080 731,2064 731,2025 729,1965 651,1967 651,2025"/>
        <Baseline points="651,2025 731,2025"/>
        <TextEquiv conf="0.9999998807907104">
          <Unicode>„</Unicode>
        </TextEquiv>
      </TextLine>
      <TextLine id="eSc_line_ef6effd2" custom="structure {type:default;}">
        <Coords points="868,2009 868,2038 2839,2038 2839,2009 2839,1976 868,1965 868,2009"/>
        <Baseline points="868,2009 2839,2009"/>
        <TextEquiv conf="0.9936051070690155">
          <Unicode>13300 (8668) Monasterio S. Bertini Sithiensi duas partes decimae de Lulinghem et pa-</Unicode>
        </TextEquiv>
      </TextLine>
      <TextLine id="eSc_line_78db6f5b" custom="structure {type:default;}">
        <Coords points="921,2067 921,2093 2832,2097 2836,2062 2832,2033 919,2029 921,2067"/>
        <Baseline points="921,2067 2836,2062"/>
        <TextEquiv conf="0.9984438793781476">
          <Unicode>ludem quandam a G. milite de Watenis datam asserit. Collection des Cartulaires</Unicode>
        </TextEquiv>
      </TextLine>
      <TextLine id="eSc_line_595e2773" custom="structure {type:default;}">
        <Coords points="919,2122 919,2146 927,2153 930,2153 932,2153 934,2153 2079,2142 2079,2122 2079,2091 936,2080 934,2080 932,2080 930,2080 919,2086 919,2122"/>
        <Baseline points="919,2122 2079,2122"/>
        <TextEquiv conf="0.997538043105084">
          <Unicode>III. 353, Migne 200 p. 1207. — „Si quando ab“.</Unicode>
        </TextEquiv>
      </TextLine>
      <TextLine id="eSc_line_8fad5d9d" custom="structure {type:default;}">
        <Coords points="342,2177 342,2199 525,2199 525,2173 521,2126 340,2126 342,2177"/>
        <Baseline points="342,2177 525,2173"/>
        <TextEquiv conf="0.9999998807907104">
          <Unicode>„ 19.</Unicode>
        </TextEquiv>
      </TextLine>
      <TextLine id="eSc_line_4e51151f" custom="structure {type:default;}">
        <Coords points="649,2197 729,2212 733,2188 733,2071 704,2084 656,2082 651,2184 649,2197"/>
        <Baseline points="651,2184 733,2188"/>
        <TextEquiv conf="0.9999983310699463">
          <Unicode>„</Unicode>
        </TextEquiv>
      </TextLine>
      <TextLine id="eSc_line_f6e70eee" custom="structure {type:default;}">
        <Coords points="868,2179 868,2201 2834,2195 2836,2173 2832,2139 866,2137 868,2179"/>
        <Baseline points="868,2179 2836,2173"/>
        <TextEquiv conf="0.9967598894063164">
          <Unicode>13301 (8669) Ecclesiae S. Mariae Usnoimensis protectionem suscipit, bonaque et privi-</Unicode>
        </TextEquiv>
      </TextLine>
      <TextLine id="eSc_line_9cadc41c" custom="structure {type:default;}">
        <Coords points="919,2234 919,2256 2832,2263 2836,2230 2832,2199 916,2192 919,2234"/>
        <Baseline points="919,2234 2836,2230"/>
        <TextEquiv conf="0.9869199689612331">
          <Unicode>legia confirmat. Hasselbach Cod. Pom. dipl. I. 109, (Pommersches Urkundenb. I. 51).</Unicode>
        </TextEquiv>
      </TextLine>
      <TextLine id="eSc_line_d7db106e" custom="structure {type:default;}">
        <Coords points="919,2281 916,2298 989,2301 1003,2314 1003,2316 1005,2316 1007,2316 1009,2316 1290,2303 1522,2318 1524,2318 1718,2303 1721,2285 1718,2252 919,2250 919,2281"/>
        <Baseline points="919,2281 1721,2285"/>
        <TextEquiv conf="0.995448851224148">
          <Unicode>— „Religiosam vitam eligentibus“.</Unicode>
        </TextEquiv>
      </TextLine>
      <TextLine id="eSc_line_4e62cb7c" custom="structure {type:default;}">
        <Coords points="342,2345 342,2369 519,2362 519,2338 514,2303 340,2298 342,2345"/>
        <Baseline points="342,2345 519,2338"/>
        <TextEquiv conf="0.9999821662902832">
          <Unicode>„ 20.</Unicode>
        </TextEquiv>
      </TextLine>
      <TextLine id="eSc_line_f7abf611" custom="structure {type:default;}">
        <Coords points="649,2354 649,2373 731,2367 731,2354 731,2314 676,2301 673,2301 671,2301 649,2312 649,2354"/>
        <Baseline points="649,2354 731,2354"/>
        <TextEquiv conf="1.0">
          <Unicode>„</Unicode>
        </TextEquiv>
      </TextLine>
      <TextLine id="eSc_line_c3764842" custom="structure {type:default;}">
        <Coords points="872,2340 872,2365 2830,2367 2834,2336 2830,2303 870,2303 872,2340"/>
        <Baseline points="872,2340 2834,2336"/>
        <TextEquiv conf="0.9935270278226762">
          <Unicode>13302 Monasterii Ilsenburgensis tutelam suscipit et possessiones ab O(ttone) quondam</Unicode>
        </TextEquiv>
      </TextLine>
      <TextLine id="eSc_line_7c1141bb" custom="structure {type:default;}">
        <Coords points="919,2396 919,2418 2834,2422 2836,2396 2836,2365 919,2365 919,2396"/>
        <Baseline points="919,2396 2836,2396"/>
        <TextEquiv conf="0.9972930550575256">
          <Unicode>episcopo Halberstadensi donatas confirmat, petente T(heoderico) abbate. Privilegia</Unicode>
        </TextEquiv>
      </TextLine>
      <TextLine id="eSc_line_71bdd468" custom="structure {type:default;}">
        <Coords points="919,2451 919,2473 2805,2468 2808,2446 2803,2418 1862,2407 1860,2407 1858,2407 1855,2407 1842,2418 980,2409 978,2409 916,2420 919,2451"/>
        <Baseline points="919,2451 2808,2446"/>
        <TextEquiv conf="0.9909512642063673">
          <Unicode>quaedam addit. Iacobs Urk. d. KI. IIsenburg I. 32. — „Suscepti regiminis cura“.</Unicode>
        </TextEquiv>
      </TextLine>
      <TextLine id="eSc_line_2defd9a6" custom="structure {type:default;}">
        <Coords points="342,2508 344,2539 399,2524 430,2535 450,2541 452,2541 455,2541 521,2528 521,2502 519,2468 483,2453 481,2453 479,2453 340,2475 342,2508"/>
        <Baseline points="342,2508 521,2502"/>
        <TextEquiv conf="0.9879981994628906">
          <Unicode>„ 20.</Unicode>
        </TextEquiv>
      </TextLine>
      <TextLine id="eSc_line_c2f62716" custom="structure {type:default;}">
        <Coords points="645,2517 645,2530 665,2544 667,2544 669,2544 671,2544 740,2528 740,2517 740,2482 676,2468 673,2468 671,2468 645,2479 645,2517"/>
        <Baseline points="645,2517 740,2517"/>
        <TextEquiv conf="1.0">
          <Unicode>„</Unicode>
        </TextEquiv>
      </TextLine>
      <TextLine id="eSc_line_0c376112" custom="structure {type:default;}">
        <Coords points="866,2506 866,2528 2830,2524 2832,2502 2825,2466 863,2471 866,2506"/>
        <Baseline points="866,2506 2832,2502"/>
        <TextEquiv conf="0.9938790143989935">
          <Unicode>13303 (8705) Rogero abbati et monachis S. Augustini Cantuariensis concedit, „ne in</Unicode>
        </TextEquiv>
      </TextLine>
      <TextLine id="eSc_line_04fb4ecd" custom="structure {type:default;}">
        <Coords points="919,2561 919,2583 2830,2588 2832,2561 2832,2528 919,2528 919,2561"/>
        <Baseline points="919,2561 2832,2561"/>
        <TextEquiv conf="0.9971475587649778">
          <Unicode>ecclesiis ad repraesentationem eorum spectantibus ulli, nisi ab eis praesentati fuerint,</Unicode>
        </TextEquiv>
      </TextLine>
      <TextLine id="eSc_line_0d08444c" custom="structure {type:default;}">
        <Coords points="916,2616 916,2636 2828,2641 2830,2616 2830,2585 916,2585 916,2616"/>
        <Baseline points="916,2616 2830,2616"/>
        <TextEquiv conf="0.9965329835941266">
          <Unicode>ordinentur“. Hist. Mon. S. Aug. Cant. p. 438, (Chron. W. Thorn ap. Twysden H.</Unicode>
        </TextEquiv>
      </TextLine>
      <TextLine id="eSc_line_8e1f5880" custom="structure {type:default;}">
        <Coords points="916,2672 916,2691 2408,2687 2410,2667 2406,2636 1663,2625 1661,2625 1659,2625 1657,2625 1657,2627 1646,2636 945,2627 943,2627 941,2627 914,2636 916,2672"/>
        <Baseline points="916,2672 2410,2667"/>
        <TextEquiv conf="0.9926303784052531">
          <Unicode>A. SS. II. 1830, Migne 200 p. 1231). — „De minori possemus“.</Unicode>
        </TextEquiv>
      </TextLine>
      <TextLine id="eSc_line_35c6cd89" custom="structure {type:default;}">
        <Coords points="340,2729 342,2764 391,2751 517,2756 519,2725 512,2641 426,2661 338,2661 340,2729"/>
        <Baseline points="340,2729 519,2725"/>
        <TextEquiv conf="0.9453423380851745">
          <Unicode>„ 26.</Unicode>
        </TextEquiv>
      </TextLine>
      <TextLine id="eSc_line_b3dddd2b" custom="structure {type:default;}">
        <Coords points="642,2733 636,2837 720,2831 726,2738 729,2672 645,2667 642,2733"/>
        <Baseline points="642,2733 726,2738"/>
        <TextEquiv conf="1.0">
          <Unicode>„</Unicode>
        </TextEquiv>
      </TextLine>
      <TextLine id="eSc_line_f03d8955" custom="structure {type:default;}">
        <Coords points="866,2727 866,2753 2828,2753 2830,2720 2825,2689 2246,2678 2244,2678 2178,2689 2169,2691 863,2691 866,2727"/>
        <Baseline points="866,2727 2830,2720"/>
        <TextEquiv conf="0.9916501273942548">
          <Unicode>13304 (8706) Rogero, abbati S. Augustini Cantuariensi, et eius successoribus concedit,</Unicode>
        </TextEquiv>
      </TextLine>
      <TextLine id="eSc_line_33d49210" custom="structure {type:default;}">
        <Coords points="916,2782 916,2804 2828,2795 2830,2773 2823,2744 914,2751 916,2782"/>
        <Baseline points="916,2782 2830,2773"/>
        <TextEquiv conf="0.9941315496669096">
          <Unicode>„ut si archiepiscopi vel episcopi aut alii ecclesiarum praelati iis de malefactoribus</Unicode>
        </TextEquiv>
      </TextLine>
      <TextLine id="eSc_line_494b50a4" custom="structure {type:default;}">
        <Coords points="912,2833 912,2857 2828,2853 2830,2828 2823,2802 910,2804 912,2833"/>
        <Baseline points="912,2833 2830,2828"/>
        <TextEquiv conf="0.9998259097337723">
          <Unicode>eorum, parochianis suis, tertio requisiti plenam non fecerint rationem, illos excom-</Unicode>
        </TextEquiv>
      </TextLine>
      <TextLine id="eSc_line_302d1ace" custom="structure {type:default;}">
        <Coords points="912,2888 912,2910 2828,2919 2830,2888 2830,2857 912,2857 912,2888"/>
        <Baseline points="912,2888 2830,2888"/>
        <TextEquiv conf="0.999512893267167">
          <Unicode>municent“. Hist. Mon. S. Aug. Cant. p. 439, (Chron. W. Thorn ap. Twysden H. A.</Unicode>
        </TextEquiv>
      </TextLine>
      <TextLine id="eSc_line_8641ee17" custom="structure {type:default;}">
        <Coords points="912,2945 912,2965 2207,2961 2209,2941 2202,2908 910,2908 912,2945"/>
        <Baseline points="912,2945 2209,2941"/>
        <TextEquiv conf="0.9956955554393622">
          <Unicode>SS. II. 1830, Migne 200 p. 1231). — „Cum in nostra“.</Unicode>
        </TextEquiv>
      </TextLine>
      <TextLine id="eSc_line_99ffbea6" custom="structure {type:default;}">
        <Coords points="340,2998 340,3021 514,3018 514,2998 512,2945 340,2948 340,2998"/>
        <Baseline points="340,2998 514,2998"/>
        <TextEquiv conf="1.0">
          <Unicode>„ 27.</Unicode>
        </TextEquiv>
      </TextLine>
      <TextLine id="eSc_line_8c70d01f" custom="structure {type:default;}">
        <Coords points="649,3009 649,3080 722,3071 722,3009 722,2954 649,2948 649,3009"/>
        <Baseline points="649,3009 722,3009"/>
        <TextEquiv conf="1.0">
          <Unicode>„</Unicode>
        </TextEquiv>
      </TextLine>
      <TextLine id="eSc_line_0cca65ba" custom="structure {type:default;}">
        <Coords points="866,2998 866,3021 2828,3018 2830,2994 2825,2963 863,2956 866,2998"/>
        <Baseline points="866,2998 2830,2994"/>
        <TextEquiv conf="0.990719113630407">
          <Unicode>13305 (8670) Monasterio S. Bertini Sithiensi decimas de Waranciis asserit. Collection</Unicode>
        </TextEquiv>
      </TextLine>
      <TextLine id="eSc_line_7b5f1dfc" custom="structure {type:default;}">
        <Coords points="910,3054 910,3074 2710,3069 2713,3049 2708,3018 1847,3007 1844,3007 1842,3007 1807,3018 1805,3021 908,3021 910,3054"/>
        <Baseline points="910,3054 2713,3049"/>
        <TextEquiv conf="0.9990673103889862">
          <Unicode>des Cartulaires III. 351, Migne 200 p. 1208. — „Iustis petentium desideriis“.</Unicode>
        </TextEquiv>
      </TextLine>
      <TextLine id="eSc_line_848d8868" custom="structure {type:default;}">
        <Coords points="338,3109 338,3133 517,3122 517,3104 512,3058 428,3051 426,3051 424,3051 410,3058 388,3069 335,3060 338,3109"/>
        <Baseline points="338,3109 517,3104"/>
        <TextEquiv conf="0.8427914261817933">
          <Unicode>„ 27.</Unicode>
        </TextEquiv>
      </TextLine>
      <TextLine id="eSc_line_2e3a040a" custom="structure {type:default;}">
        <Coords points="651,3118 651,3142 680,3151 682,3151 684,3151 687,3151 722,3131 722,3113 715,3062 647,3069 651,3118"/>
        <Baseline points="651,3118 722,3113"/>
        <TextEquiv conf="0.9999996423721313">
          <Unicode>„</Unicode>
        </TextEquiv>
      </TextLine>
      <TextLine id="eSc_line_16d9f0ae" custom="structure {type:default;}">
        <Coords points="861,3107 861,3131 2830,3127 2830,3102 2825,3065 859,3065 861,3107"/>
        <Baseline points="861,3107 2830,3102"/>
        <TextEquiv conf="0.9872758509068007">
          <Unicode>13306 Ecclesiae S. Imerii (dioec. Basil.) possessiones confirmat. (Fragmentum.) Trouillat</Unicode>
        </TextEquiv>
      </TextLine>
      <TextLine id="eSc_line_08a6a87b" custom="structure {type:default;}">
        <Coords points="910,3160 910,3177 921,3188 923,3188 925,3188 927,3191 1100,3191 1100,3188 1102,3188 1104,3188 1104,3186 1115,3177 1126,3188 1129,3188 1131,3188 1133,3191 1405,3191 1405,3188 1407,3188 1409,3188 1425,3175 1858,3188 1860,3188 1862,3188 1864,3188 1864,3186 1875,3177 1891,3186 1893,3186 1895,3186 1897,3186 1975,3173 1975,3160 1975,3131 910,3129 910,3160"/>
        <Baseline points="910,3160 1975,3160"/>
        <TextEquiv conf="0.9857696133355299">
          <Unicode>Mon. de Bale I. 363. . . . . . . statuentes ut“.</Unicode>
        </TextEquiv>
      </TextLine>
      <TextLine id="eSc_line_d3f2c30c" custom="structure {type:default;}">
        <Coords points="338,3219 338,3250 514,3237 514,3210 510,3171 481,3162 479,3162 477,3162 333,3173 338,3219"/>
        <Baseline points="338,3219 514,3210"/>
        <TextEquiv conf="0.9999779224395752">
          <Unicode>„ 27.</Unicode>
        </TextEquiv>
      </TextLine>
      <TextLine id="eSc_line_48fd06fc" custom="structure {type:default;}">
        <Coords points="645,3221 642,3239 684,3255 687,3255 689,3255 691,3255 726,3244 729,3226 731,3180 698,3168 695,3168 693,3168 691,3168 645,3184 645,3221"/>
        <Baseline points="645,3221 729,3226"/>
        <TextEquiv conf="1.0">
          <Unicode>„</Unicode>
        </TextEquiv>
      </TextLine>
      <TextLine id="eSc_line_9e5c02dd" custom="structure {type:default;}">
        <Coords points="863,3215 863,3239 2828,3235 2828,3208 2823,3180 2337,3168 2335,3168 2187,3180 2167,3182 861,3182 863,3215"/>
        <Baseline points="863,3215 2828,3208"/>
        <TextEquiv conf="0.9996527587666231">
          <Unicode>13307 Ecclesiae S. Germani Grandivallensis protectionem suscipit et possessiones con-</Unicode>
        </TextEquiv>
      </TextLine>
      <TextLine id="eSc_line_190c3f7d" custom="structure {type:default;}">
        <Coords points="908,3272 908,3290 2286,3286 2288,3268 2284,3237 1597,3226 1595,3226 1526,3237 932,3228 930,3228 927,3228 905,3237 908,3272"/>
        <Baseline points="908,3272 2288,3268"/>
        <TextEquiv conf="0.9969635302560371">
          <Unicode>firmat. Trouillat Mon. de Bale I. 870. — „Cum nobis sit“.</Unicode>
        </TextEquiv>
      </TextLine>
      <TextLine id="eSc_line_82a9c458" custom="structure {type:default;}">
        <Coords points="333,3330 333,3361 514,3361 514,3325 510,3281 331,3279 333,3330"/>
        <Baseline points="333,3330 514,3325"/>
        <TextEquiv conf="0.9996672868728638">
          <Unicode>„ 27.</Unicode>
        </TextEquiv>
      </TextLine>
      <TextLine id="eSc_line_04cb9454" custom="structure {type:default;}">
        <Coords points="645,3336 645,3361 702,3369 704,3369 707,3369 735,3354 735,3336 733,3274 645,3274 645,3336"/>
        <Baseline points="645,3336 735,3336"/>
        <TextEquiv conf="1.0">
          <Unicode>„</Unicode>
        </TextEquiv>
      </TextLine>
      <TextLine id="eSc_line_9240f892" custom="structure {type:default;}">
        <Coords points="859,3323 859,3347 883,3361 885,3361 888,3361 947,3350 1069,3361 1071,3363 1548,3363 1548,3361 1551,3361 1575,3352 1586,3350 1610,3354 1659,3361 1661,3361 1716,3354 1749,3350 1771,3354 1802,3361 1805,3361 1842,3354 1873,3350 2578,3361 2702,3361 2704,3361 2708,3361 2772,3350 2821,3361 2825,3323 2823,3279 2759,3290 2719,3279 2717,3279 2715,3279 2708,3279 2556,3292 2436,3292 2419,3279 2417,3279 2414,3279 2412,3279 2390,3279 2216,3290 859,3286 859,3323"/>
        <Baseline points="859,3323 2825,3323"/>
        <TextEquiv conf="0.9979376808190957">
          <Unicode>13308 Petro abbafi Reclusensi bullam dat. Neues Archiv VII. 104. — „Religiosam</Unicode>
        </TextEquiv>
      </TextLine>
      <TextLine id="eSc_line_950dc9f4" custom="structure {type:default;}">
        <Coords points="908,3380 908,3392 961,3407 963,3407 965,3407 1087,3385 1087,3374 1080,3345 905,3350 908,3380"/>
        <Baseline points="908,3380 1087,3374"/>
        <TextEquiv conf="0.9832853078842163">
          <Unicode>vitam“</Unicode>
        </TextEquiv>
      </TextLine>
      <TextLine id="eSc_line_d72f8976" custom="structure {type:default;}">
        <Coords points="335,3438 338,3511 362,3524 364,3524 366,3524 421,3515 459,3509 514,3517 514,3431 510,3380 393,3372 391,3372 333,3385 335,3438"/>
        <Baseline points="335,3438 514,3431"/>
        <TextEquiv conf="0.9540824174880982">
          <Unicode>„ 28.</Unicode>
        </TextEquiv>
      </TextLine>
      <TextLine id="eSc_line_cdf7b91e" custom="structure {type:default;}">
        <Coords points="629,3445 629,3526 733,3551 735,3445 735,3383 629,3380 629,3445"/>
        <Baseline points="629,3445 735,3445"/>
        <TextEquiv conf="1.0">
          <Unicode>„</Unicode>
        </TextEquiv>
      </TextLine>
      <TextLine id="eSc_line_fc778543" custom="structure {type:default;}">
        <Coords points="859,3433 859,3458 2823,3451 2823,3427 2819,3394 2448,3394 2445,3392 2423,3380 2421,3380 2419,3380 2251,3392 2224,3392 2220,3392 2191,3380 2189,3380 2187,3380 2132,3389 2109,3396 1864,3396 1851,3389 1831,3383 1829,3383 1827,3383 1659,3389 1462,3396 1422,3387 1405,3385 1402,3385 1354,3387 1235,3396 1193,3387 1177,3385 1175,3385 1142,3387 1034,3396 857,3387 859,3433"/>
        <Baseline points="859,3433 2823,3427"/>
        <TextEquiv conf="0.9934833652671726">
          <Unicode>13309 (Giliberto) Londinensi et (Iohanni) Cicestrensi episcopis mandat, ut „si quos iis</Unicode>
        </TextEquiv>
      </TextLine>
      <TextLine id="eSc_line_94718961" custom="structure {type:default;}">
        <Coords points="908,3486 908,3539 1272,3531 1349,3546 1378,3551 1380,3551 1383,3551 1396,3546 1442,3531 1482,3542 1484,3542 1486,3542 1634,3531 1716,3548 1718,3548 1721,3548 1749,3539 1765,3551 1782,3564 1785,3564 1787,3564 1789,3564 1791,3564 1827,3551 1893,3528 2034,3544 2037,3544 2138,3528 2220,3555 2238,3562 2240,3562 2242,3564 2819,3564 2821,3482 2814,3453 905,3456 908,3486"/>
        <Baseline points="908,3486 2821,3482"/>
        <TextEquiv conf="0.9879701686176386">
          <Unicode>constiterit in ecclesfis momasterii S. Augustipi Cantuariensis siue assensu abbatis vel.</Unicode>
        </TextEquiv>
      </TextLine>
    </TextRegion>
    <TextRegion id="eSc_textblock_35d2a4d9"  custom="structure {type:default;}">
      <Coords points="1124,141 2043,150 2052,236 1120,253 1075,185 1124,141"/>
      <TextLine id="eSc_line_7cb9cea2" custom="structure {type:default;}">
        <Coords points="1109,218 1109,236 2026,240 2030,214 2026,163 1891,150 1889,150 1886,150 1884,150 1871,161 1758,161 1718,147 1716,147 1714,147 1712,147 1672,161 1615,150 1612,150 1480,163 1268,150 1265,150 1106,165 1109,218"/>
        <Baseline points="1109,218 2030,214"/>
        <TextEquiv conf="0.9997755146026611">
          <Unicode>ALEXANDER III. 1159—1181.</Unicode>
        </TextEquiv>
      </TextLine>
    </TextRegion>
  </Page>
</PcGts>
