<?xml version="1.0" encoding="UTF-8"  standalone="yes"?>
<PcGts xmlns="http://schema.primaresearch.org/PAGE/gts/pagecontent/2019-07-15" xmlns:xsi="http://www.w3.org/2001/XMLSchema-instance" xsi:schemaLocation="http://schema.primaresearch.org/PAGE/gts/pagecontent/2019-07-15 http://schema.primaresearch.org/PAGE/gts/pagecontent/2019-07-15/pagecontent.xsd">
  <Metadata>
	<Creator>escriptorium</Creator>
	<Created>2024-07-19T10:12:16.984340+00:00</Created>
        <LastChange>2024-08-08T08:42:43.784358+00:00</LastChange>
  </Metadata>
  <Page imageFilename="0352.png" imageWidth="3007" imageHeight="3975">
    <TextRegion id="eSc_textblock_3d5442ba"  custom="structure {type:default;}">
      <Coords points="1964,291 2724,300 2697,3513 2443,3522 2406,3566 2220,3539 715,3539 678,3495 433,3513 404,3416 368,3504 159,3504 132,3221 123,512 176,362 203,335 368,344 404,1183 424,309 1964,291"/>
      <TextLine id="eSc_line_c2f5164f" custom="structure {type:default;}">
        <Coords points="2626,298 2604,298 2582,298 2560,298 2538,298 2536,295 2213,304 2200,300 2191,293 2185,293 2167,293 2127,300 2083,306 2041,300 2008,295 2006,295 1935,302 1875,306 1849,302 1800,293 1798,293 1743,304 1725,306 1710,304 1668,293 1665,293 1663,293 1661,293 1628,304 1615,311 1427,311 1418,306 1383,295 1367,298 1358,298 1277,309 1265,309 1257,309 1188,298 1168,300 1151,300 1102,311 1095,311 1089,311 1047,300 1036,300 1014,300 992,302 969,302 947,302 925,302 903,302 881,302 859,302 837,302 815,302 793,304 771,304 748,304 726,304 704,304 684,304 682,306 684,355 684,384 2646,379 2646,346 2640,298 2626,298"/>
        <Baseline points="684,355 2646,346"/>
        <TextEquiv conf="0.990281527572208">
          <Unicode>1179. (Ind. 12. — 25. Sept. — 13, pont. a. 20. — 20. Sept. — 21, 1178. — 25 Mart. — 1179.)</Unicode>
        </TextEquiv>
      </TextLine>
      <TextLine id="eSc_line_e56e3d09" custom="structure {type:default;}">
        <Coords points="766,412 764,435 2673,441 2677,417 2675,382 766,377 766,412"/>
        <Baseline points="766,412 2677,417"/>
        <TextEquiv conf="0.998201328866622">
          <Unicode>fratrum institutos esse, eos ab eisdem ecclesiis removeant“. Hist. Mon. S. Aug. Cant.</Unicode>
        </TextEquiv>
      </TextLine>
      <TextLine id="eSc_line_dfe75911" custom="structure {type:default;}">
        <Coords points="764,472 764,492 1590,485 1592,468 1588,439 1241,428 1239,428 762,441 764,472"/>
        <Baseline points="764,472 1592,468"/>
        <TextEquiv conf="0.9994334727525711">
          <Unicode>p. 436. — „Referente dilecto filio“.</Unicode>
        </TextEquiv>
      </TextLine>
      <TextLine id="eSc_line_610d9288" custom="structure {type:default;}">
        <Coords points="428,525 428,567 645,565 645,525 645,437 428,435 428,525"/>
        <Baseline points="428,525 645,525"/>
        <TextEquiv conf="0.9988407865166664">
          <Unicode>Laterani</Unicode>
        </TextEquiv>
      </TextLine>
      <TextLine id="eSc_line_129423dd" custom="structure {type:default;}">
        <Coords points="159,527 159,560 375,554 375,527 373,481 159,483 159,527"/>
        <Baseline points="159,527 375,527"/>
        <TextEquiv conf="0.998281889491611">
          <Unicode>Febr. 28.</Unicode>
        </TextEquiv>
      </TextLine>
      <TextLine id="eSc_line_a93bd430" custom="structure {type:default;}">
        <Coords points="713,527 713,552 2675,547 2677,521 2673,488 711,488 713,527"/>
        <Baseline points="713,527 2677,521"/>
        <TextEquiv conf="0.9950001342796985">
          <Unicode>13310 *Desiderio, episcopo Morinorum, mandat, ut „decimam alletium“ monasterio S.</Unicode>
        </TextEquiv>
      </TextLine>
      <TextLine id="eSc_line_41391f32" custom="structure {type:default;}">
        <Coords points="766,580 766,605 2677,609 2680,580 2680,547 766,547 766,580"/>
        <Baseline points="766,580 2680,580"/>
        <TextEquiv conf="0.9960874992258408">
          <Unicode>Bertini Sithiensi tribuendam curet. Chartularium Sithiense P. III. c. 27 in Coll. des</Unicode>
        </TextEquiv>
      </TextLine>
      <TextLine id="eSc_line_9eeb719d" custom="structure {type:default;}">
        <Coords points="762,633 762,655 2377,653 2379,629 2372,598 760,600 762,633"/>
        <Baseline points="762,633 2379,629"/>
        <TextEquiv conf="0.9952128652264091">
          <Unicode>Cartulaires III. 349, cf. Iohannis Longi chron. in MG. SS. XXV. 813.</Unicode>
        </TextEquiv>
      </TextLine>
      <TextLine id="eSc_line_1bb13507" custom="structure {type:default;}">
        <Coords points="715,689 715,715 2677,715 2680,684 2673,647 713,651 715,689"/>
        <Baseline points="715,689 2680,684"/>
        <TextEquiv conf="0.9948769645926393">
          <Unicode>13311 *Philippum, Flandriae comitem, hortatur, ut monasterio S. Bertini Sithiensi</Unicode>
        </TextEquiv>
      </TextLine>
      <TextLine id="eSc_line_d4595c4c" custom="structure {type:default;}">
        <Coords points="488,697 488,728 539,739 541,739 543,739 598,724 598,693 594,658 483,651 488,697"/>
        <Baseline points="488,697 598,693"/>
        <TextEquiv conf="0.9999998410542806">
          <Unicode>(„)</Unicode>
        </TextEquiv>
      </TextLine>
      <TextLine id="eSc_line_df98d218" custom="structure {type:default;}">
        <Coords points="174,700 174,722 338,730 340,730 342,730 344,730 366,717 366,695 360,651 231,658 227,658 198,647 196,647 194,647 192,647 172,655 174,700"/>
        <Baseline points="174,700 366,695"/>
        <TextEquiv conf="0.9999931812286377">
          <Unicode>(„ „)</Unicode>
        </TextEquiv>
      </TextLine>
      <TextLine id="eSc_line_98f2606f" custom="structure {type:default;}">
        <Coords points="768,746 768,777 2680,777 2680,746 2680,713 768,713 768,746"/>
        <Baseline points="768,746 2680,746"/>
        <TextEquiv conf="0.9960384004256304">
          <Unicode>„decimam alletium“ tradat. Chartul. Sith. P. III. c. 27 in Coll. des Cartulaires III.</Unicode>
        </TextEquiv>
      </TextLine>
      <TextLine id="eSc_line_de9350eb" custom="structure {type:default;}">
        <Coords points="764,801 764,825 2023,825 2026,797 2021,766 797,757 795,757 793,757 762,766 764,801"/>
        <Baseline points="764,801 2026,797"/>
        <TextEquiv conf="0.9864628934392742">
          <Unicode>349; cf. Iohannis Longi chron. in MG. SS. XXV. 813.</Unicode>
        </TextEquiv>
      </TextLine>
      <TextLine id="eSc_line_513525d3" custom="structure {type:default;}">
        <Coords points="715,854 715,881 2682,881 2682,854 2682,821 715,817 715,854"/>
        <Baseline points="715,854 2682,854"/>
        <TextEquiv conf="0.9998311229135798">
          <Unicode>13312 (8704) Rogero, abbati S. Augustini Cantuariensi, concedit, „ne archiepiscopus aut</Unicode>
        </TextEquiv>
      </TextLine>
      <TextLine id="eSc_line_432d2da4" custom="structure {type:default;}">
        <Coords points="161,856 161,887 375,883 375,850 371,814 159,808 161,856"/>
        <Baseline points="161,856 375,850"/>
        <TextEquiv conf="0.947104774415493">
          <Unicode>Mart. 1.</Unicode>
        </TextEquiv>
      </TextLine>
      <TextLine id="eSc_line_bf441510" custom="structure {type:default;}">
        <Coords points="497,870 497,892 536,909 539,909 541,909 596,905 596,865 592,821 492,812 497,870"/>
        <Baseline points="497,870 596,865"/>
        <TextEquiv conf="1.0">
          <Unicode>„</Unicode>
        </TextEquiv>
      </TextLine>
      <TextLine id="eSc_line_2f027a61" custom="structure {type:default;}">
        <Coords points="766,909 766,931 2675,929 2677,905 2671,876 764,878 766,909"/>
        <Baseline points="766,909 2677,905"/>
        <TextEquiv conf="0.9997297198999495">
          <Unicode>archidiaconus eius seu officiales seu aliquis legatus obtentu legationis monasterium</Unicode>
        </TextEquiv>
      </TextLine>
      <TextLine id="eSc_line_70729e5c" custom="structure {type:default;}">
        <Coords points="768,962 768,987 2677,989 2680,962 2680,934 768,934 768,962"/>
        <Baseline points="768,962 2680,962"/>
        <TextEquiv conf="0.9915126540831157">
          <Unicode>vel monachos eius aliqua sententia gravet, nec ecclesias, clericos vel homines eorum</Unicode>
        </TextEquiv>
      </TextLine>
      <TextLine id="eSc_line_10587ab5" custom="structure {type:default;}">
        <Coords points="768,1015 768,1044 2675,1040 2677,1020 2675,987 768,978 768,1015"/>
        <Baseline points="768,1015 2677,1020"/>
        <TextEquiv conf="0.9989527076123709">
          <Unicode>interdicat, vel excommunicet“. Addit de chrismate et oleo sancto suscipiendo. Hist.</Unicode>
        </TextEquiv>
      </TextLine>
      <TextLine id="eSc_line_241d9ac3" custom="structure {type:default;}">
        <Coords points="768,1075 768,1099 2673,1106 2677,1071 2673,1040 1752,1029 1749,1029 1637,1040 1628,1042 766,1042 768,1075"/>
        <Baseline points="768,1075 2677,1071"/>
        <TextEquiv conf="0.9966263411900936">
          <Unicode>Mon. S. Aug. Cant. p. 433, (Chronica W. Thorn ap. Twysden H. A. SS. II. 1829.)</Unicode>
        </TextEquiv>
      </TextLine>
      <TextLine id="eSc_line_7a99e045" custom="structure {type:default;}">
        <Coords points="768,1128 768,1148 1157,1159 1159,1159 1327,1157 1330,1157 1332,1157 1347,1146 1349,1146 1358,1146 1526,1157 1528,1157 1531,1157 1575,1143 1575,1124 1568,1095 766,1095 768,1128"/>
        <Baseline points="768,1128 1575,1124"/>
        <TextEquiv conf="0.999984460492288">
          <Unicode>— „Quanto monasterium vestrum“.</Unicode>
        </TextEquiv>
      </TextLine>
      <TextLine id="eSc_line_072876e2" custom="structure {type:default;}">
        <Coords points="715,1177 713,1201 731,1212 733,1212 735,1212 737,1212 2680,1210 2682,1183 2680,1150 715,1143 715,1177"/>
        <Baseline points="715,1177 2682,1183"/>
        <TextEquiv conf="0.9949758291244507">
          <Unicode>13313 (8707) Monasterii S. Augustini Cantuariensis protectionem suscipit et fratribus</Unicode>
        </TextEquiv>
      </TextLine>
      <TextLine id="eSc_line_58c0e962" custom="structure {type:default;}">
        <Coords points="170,1188 167,1225 278,1225 280,1192 278,1139 170,1141 170,1188"/>
        <Baseline points="170,1188 280,1192"/>
        <TextEquiv conf="0.9999999602635702">
          <Unicode>(„)</Unicode>
        </TextEquiv>
      </TextLine>
      <TextLine id="eSc_line_92f23ac7" custom="structure {type:default;}">
        <Coords points="486,1190 486,1216 525,1232 528,1232 530,1232 600,1214 600,1190 598,1090 486,1093 486,1190"/>
        <Baseline points="486,1190 600,1190"/>
        <TextEquiv conf="0.9999961058298746">
          <Unicode>(„)</Unicode>
        </TextEquiv>
      </TextLine>
      <TextLine id="eSc_line_cda9610d" custom="structure {type:default;}">
        <Coords points="766,1238 766,1263 2675,1265 2680,1234 2673,1205 764,1207 766,1238"/>
        <Baseline points="766,1238 2680,1234"/>
        <TextEquiv conf="0.9936364409567295">
          <Unicode>eius indulget, ut tempore generalis interdicti „clausis ianuis, exclusis excommunicatis</Unicode>
        </TextEquiv>
      </TextLine>
      <TextLine id="eSc_line_76a370f5" custom="structure {type:default;}">
        <Coords points="768,1294 768,1316 2677,1318 2680,1294 2680,1263 768,1263 768,1294"/>
        <Baseline points="768,1294 2680,1294"/>
        <TextEquiv conf="0.9992333588212036">
          <Unicode>et interdictis, non pulsatis campanis, supressa voce, divina officia celebrent“. Hist.</Unicode>
        </TextEquiv>
      </TextLine>
      <TextLine id="eSc_line_c1fe15f7" custom="structure {type:default;}">
        <Coords points="768,1349 768,1384 2680,1375 2680,1349 2680,1318 768,1313 768,1349"/>
        <Baseline points="768,1349 2680,1349"/>
        <TextEquiv conf="0.999085050362807">
          <Unicode>Mon. S. Aug. Cant. p. 425, (Chronica W. Thorn ap. Twysden H. A. SS. II. 1830).</Unicode>
        </TextEquiv>
      </TextLine>
      <TextLine id="eSc_line_37899c57" custom="structure {type:default;}">
        <Coords points="768,1397 766,1413 1025,1433 1027,1433 1029,1433 1080,1419 1217,1433 1219,1433 1221,1433 1270,1417 1272,1402 1270,1371 768,1366 768,1397"/>
        <Baseline points="768,1397 1272,1402"/>
        <TextEquiv conf="0.999997901916504">
          <Unicode>— „Hortatur nos et“.</Unicode>
        </TextEquiv>
      </TextLine>
      <TextLine id="eSc_line_13c54ebc" custom="structure {type:default;}">
        <Coords points="715,1457 715,1479 2677,1484 2680,1457 2680,1424 715,1424 715,1457"/>
        <Baseline points="715,1457 2680,1457"/>
        <TextEquiv conf="0.9939636791453642">
          <Unicode>13314 Transactionem inter Flaviacense et Fontanetense monasteria, mediante S(tephano)</Unicode>
        </TextEquiv>
      </TextLine>
      <TextLine id="eSc_line_62cbe0ff" custom="structure {type:default;}">
        <Coords points="192,1470 192,1486 216,1495 218,1495 220,1495 251,1488 293,1479 373,1490 375,1464 368,1413 190,1415 192,1470"/>
        <Baseline points="192,1470 375,1464"/>
        <TextEquiv conf="0.9502387046813965">
          <Unicode>„ 1.</Unicode>
        </TextEquiv>
      </TextLine>
      <TextLine id="eSc_line_59beb4a3" custom="structure {type:default;}">
        <Coords points="503,1472 503,1495 596,1486 596,1472 594,1419 503,1424 503,1472"/>
        <Baseline points="503,1472 596,1472"/>
        <TextEquiv conf="1.0">
          <Unicode>„</Unicode>
        </TextEquiv>
      </TextLine>
      <TextLine id="eSc_line_1d8cf9af" custom="structure {type:default;}">
        <Coords points="766,1512 766,1539 2677,1545 2680,1512 2680,1481 766,1477 766,1512"/>
        <Baseline points="766,1512 2680,1512"/>
        <TextEquiv conf="0.9992649700583481">
          <Unicode>episcopo Eduensi, super possessionibus quibusdam factam confirmat. Pflugk-Harttung</Unicode>
        </TextEquiv>
      </TextLine>
      <TextLine id="eSc_line_f2af9990" custom="structure {type:default;}">
        <Coords points="766,1567 766,1590 1665,1590 1665,1567 1663,1534 766,1537 766,1567"/>
        <Baseline points="766,1567 1665,1567"/>
        <TextEquiv conf="0.9996038894904288">
          <Unicode>Acta I. 268. — „Inter cetera, quibus“.</Unicode>
        </TextEquiv>
      </TextLine>
      <TextLine id="eSc_line_e5adf07d" custom="structure {type:default;}">
        <Coords points="715,1625 715,1649 2677,1645 2680,1620 2675,1587 735,1578 733,1578 731,1578 729,1578 713,1585 715,1625"/>
        <Baseline points="715,1625 2680,1620"/>
        <TextEquiv conf="0.995375746742208">
          <Unicode>13315 (8671) Fratribus S. Bertini Sithiensis id privilegii tribuit, „ut in ecclesias ad iuris-</Unicode>
        </TextEquiv>
      </TextLine>
      <TextLine id="eSc_line_cf43931f" custom="structure {type:default;}">
        <Coords points="194,1634 194,1651 371,1651 371,1627 364,1572 192,1583 194,1634"/>
        <Baseline points="194,1634 371,1627"/>
        <TextEquiv conf="0.9997157752513885">
          <Unicode>„ 2.</Unicode>
        </TextEquiv>
      </TextLine>
      <TextLine id="eSc_line_07e8e13a" custom="structure {type:default;}">
        <Coords points="497,1638 497,1651 600,1651 600,1638 600,1587 497,1578 497,1638"/>
        <Baseline points="497,1638 600,1638"/>
        <TextEquiv conf="0.9999992847442627">
          <Unicode>„</Unicode>
        </TextEquiv>
      </TextLine>
      <TextLine id="eSc_line_2a3be77f" custom="structure {type:default;}">
        <Coords points="766,1678 766,1702 2680,1702 2680,1678 2677,1643 766,1645 766,1678"/>
        <Baseline points="766,1678 2680,1678"/>
        <TextEquiv conf="0.9949321696557194">
          <Unicode>dictionem eorum spectantes, nulli liceat, sine manifesta vel iudicio canonico causa</Unicode>
        </TextEquiv>
      </TextLine>
      <TextLine id="eSc_line_6c660b2d" custom="structure {type:default;}">
        <Coords points="768,1735 768,1764 2677,1762 2680,1729 2673,1698 766,1702 768,1735"/>
        <Baseline points="768,1735 2680,1729"/>
        <TextEquiv conf="0.9999890140322751">
          <Unicode>probata, interdicti sententiam promulgare“. Collection des Cartulaires III. 352, Migne</Unicode>
        </TextEquiv>
      </TextLine>
      <TextLine id="eSc_line_19a3d506" custom="structure {type:default;}">
        <Coords points="768,1786 768,1808 868,1808 879,1817 879,1819 881,1819 883,1819 885,1819 888,1819 934,1808 976,1819 978,1819 980,1819 1080,1808 1469,1819 1471,1819 1542,1806 1542,1786 1542,1755 768,1751 768,1786"/>
        <Baseline points="768,1786 1542,1786"/>
        <TextEquiv conf="0.9897433423226879">
          <Unicode>200 p. 1208. — „Suscepti cura“.</Unicode>
        </TextEquiv>
      </TextLine>
      <TextLine id="eSc_line_bf535560" custom="structure {type:default;}">
        <Coords points="713,1843 713,1868 2677,1863 2680,1837 2673,1804 711,1808 713,1843"/>
        <Baseline points="713,1843 2680,1837"/>
        <TextEquiv conf="0.9855109783540289">
          <Unicode>13316 (8672) Fratribus S. Bertini Sithiensis concedit, „ut praebendam in monasterio</Unicode>
        </TextEquiv>
      </TextLine>
      <TextLine id="eSc_line_402bcfbe" custom="structure {type:default;}">
        <Coords points="196,1852 196,1874 258,1866 377,1872 380,1846 373,1793 194,1808 196,1852"/>
        <Baseline points="196,1852 380,1846"/>
        <TextEquiv conf="0.9999869763851166">
          <Unicode>„ 3.</Unicode>
        </TextEquiv>
      </TextLine>
      <TextLine id="eSc_line_9f94c08f" custom="structure {type:default;}">
        <Coords points="488,1857 488,1941 519,1952 521,1952 523,1952 598,1936 598,1857 596,1804 488,1810 488,1857"/>
        <Baseline points="488,1857 598,1857"/>
        <TextEquiv conf="1.0">
          <Unicode>„</Unicode>
        </TextEquiv>
      </TextLine>
      <TextLine id="eSc_line_4bd9a7c8" custom="structure {type:default;}">
        <Coords points="766,1899 766,1930 2682,1921 2682,1899 2680,1863 766,1863 766,1899"/>
        <Baseline points="766,1899 2682,1899"/>
        <TextEquiv conf="0.9936579773935039">
          <Unicode>nullo laico teneantur deinceps vel clerico seculari conferre“. Collection des Cartulaires</Unicode>
        </TextEquiv>
      </TextLine>
      <TextLine id="eSc_line_addd998e" custom="structure {type:default;}">
        <Coords points="766,1952 766,1969 941,1983 943,1983 1135,1972 1164,1983 1166,1983 1168,1983 1305,1972 1343,1983 1345,1983 1347,1983 1458,1972 1926,1983 1928,1983 2085,1969 2085,1952 2085,1921 766,1914 766,1952"/>
        <Baseline points="766,1952 2085,1952"/>
        <TextEquiv conf="0.9720653955425534">
          <Unicode>III. 351, Migne 200 p. 1208. — „Iustis postulationibus“.</Unicode>
        </TextEquiv>
      </TextLine>
      <TextLine id="eSc_line_54f880c1" custom="structure {type:default;}">
        <Coords points="713,2007 713,2036 2680,2029 2680,2007 2680,1969 713,1969 713,2007"/>
        <Baseline points="713,2007 2680,2007"/>
        <TextEquiv conf="0.9993841413940702">
          <Unicode>(in basilica S. Iohannis Constantiniana). Concilii dies primus. Acta ap. Mansi XXII.</Unicode>
        </TextEquiv>
      </TextLine>
      <TextLine id="eSc_line_085895cd" custom="structure {type:default;}">
        <Coords points="196,2016 196,2038 380,2042 382,2009 375,1947 192,1949 196,2016"/>
        <Baseline points="196,2016 382,2009"/>
        <TextEquiv conf="0.999999076128006">
          <Unicode>„ 5.</Unicode>
        </TextEquiv>
      </TextLine>
      <TextLine id="eSc_line_36d209d7" custom="structure {type:default;}">
        <Coords points="497,2020 497,2042 598,2047 600,2016 594,1958 492,1958 497,2020"/>
        <Baseline points="497,2020 600,2016"/>
        <TextEquiv conf="1.0">
          <Unicode>„</Unicode>
        </TextEquiv>
      </TextLine>
      <TextLine id="eSc_line_3850eac6" custom="structure {type:default;}">
        <Coords points="768,2064 768,2089 2675,2089 2677,2058 2673,2029 766,2029 768,2064"/>
        <Baseline points="768,2064 2677,2058"/>
        <TextEquiv conf="0.9969148563175667">
          <Unicode>213 et 457: „quinta die mensis“. Gesta Henrici II., olim Benedicto Petroburg. tri-</Unicode>
        </TextEquiv>
      </TextLine>
      <TextLine id="eSc_line_b0a7d5e6" custom="structure {type:default;}">
        <Coords points="768,2117 768,2142 2675,2144 2680,2113 2675,2084 766,2082 768,2117"/>
        <Baseline points="768,2117 2680,2113"/>
        <TextEquiv conf="0.9937088373230725">
          <Unicode>buta, 1179 ed. Stubbs I. 222: „tertio nonas Martii“. Willelmus Tyr. L. XXI. c. 27:</Unicode>
        </TextEquiv>
      </TextLine>
      <TextLine id="eSc_line_a8693ec6" custom="structure {type:default;}">
        <Coords points="768,2175 768,2201 2677,2197 2680,2166 2675,2137 1246,2131 1243,2131 1190,2142 804,2133 802,2133 799,2133 766,2144 768,2175"/>
        <Baseline points="768,2175 2680,2166"/>
        <TextEquiv conf="0.9978849118532136">
          <Unicode>„mense Martio . . . quinto die“. Cf. Hefele Conc. Gesch. 2 ed. V. 711, Reuter III. 426</Unicode>
        </TextEquiv>
      </TextLine>
      <TextLine id="eSc_line_0704277b" custom="structure {type:default;}">
        <Coords points="766,2228 766,2245 802,2259 804,2259 806,2259 808,2259 846,2248 874,2259 877,2259 879,2259 881,2259 905,2248 908,2248 998,2259 1000,2259 1003,2259 1005,2259 1018,2248 1020,2248 1053,2259 1056,2259 1058,2259 1109,2248 1109,2228 1109,2197 766,2195 766,2228"/>
        <Baseline points="766,2228 1109,2228"/>
        <TextEquiv conf="0.9678693328584943">
          <Unicode>sq. et 764 sq.</Unicode>
        </TextEquiv>
      </TextLine>
      <TextLine id="eSc_line_23672d44" custom="structure {type:default;}">
        <Coords points="715,2283 715,2314 2680,2314 2680,2283 2680,2248 715,2248 715,2283"/>
        <Baseline points="715,2283 2680,2283"/>
        <TextEquiv conf="0.9906828475285725">
          <Unicode>13317 Monasterium S. Mariae Luthrense tuendum suscipit, bonaque eius et privilegia,</Unicode>
        </TextEquiv>
      </TextLine>
      <TextLine id="eSc_line_cfcd423d" custom="structure {type:default;}">
        <Coords points="196,2290 196,2318 289,2303 380,2316 382,2285 377,2245 324,2234 322,2234 194,2248 196,2290"/>
        <Baseline points="196,2290 382,2285"/>
        <TextEquiv conf="0.9999947845935822">
          <Unicode>„ 5.</Unicode>
        </TextEquiv>
      </TextLine>
      <TextLine id="eSc_line_348bc994" custom="structure {type:default;}">
        <Coords points="505,2294 505,2309 596,2312 600,2290 596,2245 501,2243 505,2294"/>
        <Baseline points="505,2294 600,2290"/>
        <TextEquiv conf="1.0">
          <Unicode>„</Unicode>
        </TextEquiv>
      </TextLine>
      <TextLine id="eSc_line_7827420a" custom="structure {type:default;}">
        <Coords points="766,2336 766,2365 2677,2367 2680,2336 2680,2305 766,2305 766,2336"/>
        <Baseline points="766,2336 2680,2336"/>
        <TextEquiv conf="0.9991028249263764">
          <Unicode>petente Guidone abbate, confirmat, imposito monachis decem solidorum Basiliensis</Unicode>
        </TextEquiv>
      </TextLine>
      <TextLine id="eSc_line_640468b3" custom="structure {type:default;}">
        <Coords points="768,2389 768,2413 2626,2413 2626,2389 2626,2360 768,2360 768,2389"/>
        <Baseline points="768,2389 2626,2389"/>
        <TextEquiv conf="0.9935272851505795">
          <Unicode>monetae censu annuo. Besson L&#x27;abbaye de Lure p. 199. — „Quotiens a nobis“.</Unicode>
        </TextEquiv>
      </TextLine>
      <TextLine id="eSc_line_e71333ab" custom="structure {type:default;}">
        <Coords points="715,2446 715,2471 2673,2475 2677,2442 2673,2413 762,2404 760,2404 757,2404 713,2415 715,2446"/>
        <Baseline points="715,2446 2677,2442"/>
        <TextEquiv conf="0.993772863679462">
          <Unicode>13318 (8673) Monasterii S. Blasii patrocinium suscipit, possessionesque et iura confirmat,</Unicode>
        </TextEquiv>
      </TextLine>
      <TextLine id="eSc_line_36734c31" custom="structure {type:default;}">
        <Coords points="201,2455 203,2484 260,2471 375,2473 380,2449 371,2380 302,2404 198,2400 201,2455"/>
        <Baseline points="201,2455 380,2449"/>
        <TextEquiv conf="0.9999991357326508">
          <Unicode>„ 6.</Unicode>
        </TextEquiv>
      </TextLine>
      <TextLine id="eSc_line_87dca28e" custom="structure {type:default;}">
        <Coords points="503,2460 503,2479 596,2484 598,2460 596,2389 503,2402 503,2460"/>
        <Baseline points="503,2460 598,2460"/>
        <TextEquiv conf="1.0">
          <Unicode>„</Unicode>
        </TextEquiv>
      </TextLine>
      <TextLine id="eSc_line_79966387" custom="structure {type:default;}">
        <Coords points="768,2502 768,2530 2677,2532 2680,2502 2680,2471 768,2471 768,2502"/>
        <Baseline points="768,2502 2680,2502"/>
        <TextEquiv conf="0.985460272857121">
          <Unicode>petente Theodeberto abbate. Wirtemb. Urkundenb. II. 194, (Gerbert Hist. Nigr.</Unicode>
        </TextEquiv>
      </TextLine>
      <TextLine id="eSc_line_ede00323" custom="structure {type:default;}">
        <Coords points="766,2557 766,2577 2176,2572 2178,2552 2174,2524 1491,2513 1489,2513 1486,2513 1444,2524 802,2515 799,2515 797,2515 764,2526 766,2557"/>
        <Baseline points="766,2557 2178,2552"/>
        <TextEquiv conf="0.9943294525146484">
          <Unicode>Silv. III. 102, Migne 200 p. 1209). — „Ad hoc universalis“.</Unicode>
        </TextEquiv>
      </TextLine>
      <TextLine id="eSc_line_f57a7134" custom="structure {type:default;}">
        <Coords points="713,2612 713,2645 786,2634 1151,2643 1237,2645 1239,2645 1241,2645 1243,2645 1246,2643 1261,2634 1628,2638 1966,2643 1968,2643 1970,2643 2001,2634 2023,2630 2032,2634 2045,2641 2048,2641 2050,2643 2185,2643 2185,2641 2187,2641 2189,2641 2200,2632 2209,2630 2308,2632 2649,2641 2651,2641 2653,2641 2682,2627 2682,2605 2677,2574 711,2574 713,2612"/>
        <Baseline points="713,2612 2682,2605"/>
        <TextEquiv conf="0.9988930748730172">
          <Unicode>(in basilica S. lohannis Constantiniana). Concilii die secundo Willelmus archiepi-</Unicode>
        </TextEquiv>
      </TextLine>
      <TextLine id="eSc_line_328bbd63" custom="structure {type:default;}">
        <Coords points="203,2619 203,2645 375,2636 377,2612 373,2563 198,2561 203,2619"/>
        <Baseline points="203,2619 377,2612"/>
        <TextEquiv conf="0.9999999403953552">
          <Unicode>„ 7?</Unicode>
        </TextEquiv>
      </TextLine>
      <TextLine id="eSc_line_670dc37e" custom="structure {type:default;}">
        <Coords points="501,2625 501,2638 600,2636 600,2621 596,2574 497,2572 501,2625"/>
        <Baseline points="501,2625 600,2621"/>
        <TextEquiv conf="1.0">
          <Unicode>„</Unicode>
        </TextEquiv>
      </TextLine>
      <TextLine id="eSc_line_84776f8c" custom="structure {type:default;}">
        <Coords points="768,2665 768,2691 2677,2694 2680,2665 2680,2636 768,2630 768,2665"/>
        <Baseline points="768,2665 2680,2665"/>
        <TextEquiv conf="0.9992956235641386">
          <Unicode>scopus Remensis fit presbyter cardinalis tit. S. Sabinae. Acta I. I.: „septima die</Unicode>
        </TextEquiv>
      </TextLine>
      <TextLine id="eSc_line_a1a072da" custom="structure {type:default;}">
        <Coords points="768,2720 768,2751 925,2740 2675,2747 2680,2716 2675,2687 1723,2676 1721,2676 1639,2687 890,2678 888,2678 766,2689 768,2720"/>
        <Baseline points="768,2720 2680,2716"/>
        <TextEquiv conf="0.9875330144976392">
          <Unicode>mensis“. Ann. Senens. 1179 in MG. SS. XIX. 226: „VII. et VIII. die mensis“. Gesta</Unicode>
        </TextEquiv>
      </TextLine>
      <TextLine id="eSc_line_1c3b6cb7" custom="structure {type:default;}">
        <Coords points="771,2778 771,2806 2675,2791 2677,2767 2673,2738 768,2738 771,2778"/>
        <Baseline points="771,2778 2677,2767"/>
        <TextEquiv conf="0.9958168173378165">
          <Unicode>Henrici II., olim Benedicto Petroburg. tributa, 1179 ed. Stubbs I. 222: „II. id. Martii“</Unicode>
        </TextEquiv>
      </TextLine>
      <TextLine id="eSc_line_0cbd7df7" custom="structure {type:default;}">
        <Coords points="766,2833 766,2853 2039,2850 2041,2826 2037,2797 1769,2797 1721,2784 1718,2784 1716,2784 1610,2797 1608,2797 1601,2797 1272,2786 1270,2786 1268,2786 1265,2786 1248,2797 786,2789 784,2789 782,2789 779,2789 764,2795 766,2833"/>
        <Baseline points="766,2833 2041,2826"/>
        <TextEquiv conf="0.9938434969495844">
          <Unicode>(14. Mart.). Reuter III. 429, diem 14. Mart. praefert.</Unicode>
        </TextEquiv>
      </TextLine>
      <TextLine id="eSc_line_e3e9967a" custom="structure {type:default;}">
        <Coords points="718,2886 718,2910 2680,2903 2682,2879 2675,2846 715,2848 718,2886"/>
        <Baseline points="718,2886 2682,2879"/>
        <TextEquiv conf="0.9999959510915419">
          <Unicode>13319 Monasterii S. Sequani tutelam suscipit, bonaque et iura confirmat, petente Hai-</Unicode>
        </TextEquiv>
      </TextLine>
      <TextLine id="eSc_line_819528de" custom="structure {type:default;}">
        <Coords points="198,2890 198,2919 384,2910 384,2886 377,2839 196,2844 198,2890"/>
        <Baseline points="198,2890 384,2886"/>
        <TextEquiv conf="0.9998768121004105">
          <Unicode>„ 9.</Unicode>
        </TextEquiv>
      </TextLine>
      <TextLine id="eSc_line_8c3aa6df" custom="structure {type:default;}">
        <Coords points="510,2892 508,2919 585,2919 587,2897 589,2855 543,2837 541,2837 539,2837 536,2837 512,2844 510,2892"/>
        <Baseline points="510,2892 587,2897"/>
        <TextEquiv conf="0.9999786615371704">
          <Unicode>„</Unicode>
        </TextEquiv>
      </TextLine>
      <TextLine id="eSc_line_aef2bac3" custom="structure {type:default;}">
        <Coords points="768,2939 768,2965 2677,2968 2680,2939 2680,2910 768,2910 768,2939"/>
        <Baseline points="768,2939 2680,2939"/>
        <TextEquiv conf="0.9880929330745375">
          <Unicode>mone abbate. In bibl. nat. Paris. Cartul. S. Sequani ms. lat. 9874. s. XVIII. f. 1;</Unicode>
        </TextEquiv>
      </TextLine>
      <TextLine id="eSc_line_9e355b9d" custom="structure {type:default;}">
        <Coords points="775,2994 775,3016 2675,3021 2680,2994 2677,2963 775,2963 775,2994"/>
        <Baseline points="775,2994 2680,2994"/>
        <TextEquiv conf="0.9952435699247179">
          <Unicode>12824 s. XVIII. f. 339; 17085 s. XVII. f. 1. — „Quotiens istud (an illud?) a nobis“.</Unicode>
        </TextEquiv>
      </TextLine>
      <TextLine id="eSc_line_5091b2df" custom="structure {type:default;}">
        <Coords points="722,3047 722,3078 2682,3076 2682,3047 2682,3009 722,3009 722,3047"/>
        <Baseline points="722,3047 2682,3047"/>
        <TextEquiv conf="0.9973563718241315">
          <Unicode>13320 Monasterii S. Lupi Trecensis patrocinium suscipit, possessionesque et privilegia</Unicode>
        </TextEquiv>
      </TextLine>
      <TextLine id="eSc_line_c2a58290" custom="structure {type:default;}">
        <Coords points="201,3051 201,3085 382,3087 384,3051 384,3012 201,3012 201,3051"/>
        <Baseline points="201,3051 384,3051"/>
        <TextEquiv conf="0.9999903738498688">
          <Unicode>„ 9.</Unicode>
        </TextEquiv>
      </TextLine>
      <TextLine id="eSc_line_ddfbd790" custom="structure {type:default;}">
        <Coords points="492,3054 492,3087 605,3076 605,3054 603,2945 492,2948 492,3054"/>
        <Baseline points="492,3054 605,3054"/>
        <TextEquiv conf="0.9973925948143005">
          <Unicode>(„)</Unicode>
        </TextEquiv>
      </TextLine>
      <TextLine id="eSc_line_599692be" custom="structure {type:default;}">
        <Coords points="768,3102 768,3129 2677,3131 2682,3096 2677,3069 1425,3060 1422,3060 1420,3060 1376,3071 848,3062 846,3062 766,3074 768,3102"/>
        <Baseline points="768,3102 2682,3096"/>
        <TextEquiv conf="0.9982873941042337">
          <Unicode>confirmat. (Clausula mutilata). Lalore Collection des cart. de Troyes I. 89. — „Re-</Unicode>
        </TextEquiv>
      </TextLine>
      <TextLine id="eSc_line_91cf8eb2" custom="structure {type:default;}">
        <Coords points="768,3157 768,3180 1407,3184 1409,3157 1409,3127 768,3118 768,3157"/>
        <Baseline points="768,3157 1409,3157"/>
        <TextEquiv conf="0.9974009160484586">
          <Unicode>ligiosam vitam eligentibus“.</Unicode>
        </TextEquiv>
      </TextLine>
      <TextLine id="eSc_line_0bb7c334" custom="structure {type:default;}">
        <Coords points="722,3213 722,3237 2684,3233 2686,3208 2682,3177 720,3177 722,3213"/>
        <Baseline points="722,3213 2686,3208"/>
        <TextEquiv conf="0.996990545686469">
          <Unicode>13321 (8673a) Monasterium Tegernseense tuendum suscipit, eiusque bona et privilegia</Unicode>
        </TextEquiv>
      </TextLine>
      <TextLine id="eSc_line_d168e7f0" custom="structure {type:default;}">
        <Coords points="203,3215 203,3241 360,3248 362,3248 364,3248 366,3248 386,3233 386,3210 382,3171 201,3164 203,3215"/>
        <Baseline points="203,3215 386,3210"/>
        <TextEquiv conf="0.9998640060424805">
          <Unicode>„ 12.</Unicode>
        </TextEquiv>
      </TextLine>
      <TextLine id="eSc_line_7b5fefbb" custom="structure {type:default;}">
        <Coords points="503,3226 503,3246 600,3252 603,3226 600,3175 503,3175 503,3226"/>
        <Baseline points="503,3226 603,3226"/>
        <TextEquiv conf="0.9999997615814209">
          <Unicode>„</Unicode>
        </TextEquiv>
      </TextLine>
      <TextLine id="eSc_line_8f667559" custom="structure {type:default;}">
        <Coords points="768,3266 768,3292 2684,3292 2684,3266 2684,3235 768,3235 768,3266"/>
        <Baseline points="768,3266 2684,3266"/>
        <TextEquiv conf="0.9984395569417535">
          <Unicode>confirmat, petente Ruperto abbate. Mon. Boic. VI. 186, Hund III. 402, Orig. Guelf.</Unicode>
        </TextEquiv>
      </TextLine>
      <TextLine id="eSc_line_ef052e06" custom="structure {type:default;}">
        <Coords points="771,3319 771,3339 1197,3350 1199,3350 1374,3347 1376,3347 1378,3347 1391,3336 1420,3347 1422,3347 1425,3350 1617,3350 1617,3347 1619,3347 1659,3334 1659,3314 1652,3281 768,3288 771,3319"/>
        <Baseline points="771,3319 1659,3314"/>
        <TextEquiv conf="0.9957837365769051">
          <Unicode>I. 92. — „Commisse nobis apostolice“.</Unicode>
        </TextEquiv>
      </TextLine>
      <TextLine id="eSc_line_2c4e8b51" custom="structure {type:default;}">
        <Coords points="722,3376 722,3403 2680,3396 2682,3372 2677,3341 720,3336 722,3376"/>
        <Baseline points="722,3376 2682,3372"/>
        <TextEquiv conf="0.9996379613876343">
          <Unicode>13322 (8674) Monasterii S. Mariae Floreffiensis protectionem suscipit, bonaque con-</Unicode>
        </TextEquiv>
      </TextLine>
      <TextLine id="eSc_line_08769388" custom="structure {type:default;}">
        <Coords points="203,3380 205,3456 388,3456 386,3374 382,3332 201,3330 203,3380"/>
        <Baseline points="203,3380 386,3374"/>
        <TextEquiv conf="0.9840388417243957">
          <Unicode>„ 13.</Unicode>
        </TextEquiv>
      </TextLine>
      <TextLine id="eSc_line_e4c46c32" custom="structure {type:default;}">
        <Coords points="492,3385 488,3537 543,3522 592,3542 603,3389 603,3341 492,3339 492,3385"/>
        <Baseline points="492,3385 603,3389"/>
        <TextEquiv conf="0.9945151805877686">
          <Unicode>„</Unicode>
        </TextEquiv>
      </TextLine>
      <TextLine id="eSc_line_cb015fe1" custom="structure {type:default;}">
        <Coords points="771,3429 773,3486 788,3480 790,3478 795,3478 839,3462 1310,3462 1343,3475 1345,3475 1347,3475 1349,3475 1352,3475 1374,3462 1433,3478 1436,3478 1438,3478 1449,3478 1619,3464 1641,3475 1652,3480 1654,3480 1657,3480 1687,3475 1763,3460 1800,3473 1824,3482 1827,3482 1829,3482 1831,3482 1858,3471 1880,3464 2092,3469 2129,3469 2154,3482 2156,3482 2158,3484 2593,3484 2593,3482 2680,3460 2682,3425 2675,3396 768,3398 771,3429"/>
        <Baseline points="771,3429 2682,3425"/>
        <TextEquiv conf="0.997808830237683">
          <Unicode>firmat, petente Hermamno abbate. Hugo O. P. A. II. Pr. p. 12. — „Religiosis desi-</Unicode>
        </TextEquiv>
      </TextLine>
      <TextLine id="eSc_line_0f096607" custom="structure {type:default;}">
        <Coords points="773,3480 771,3535 815,3533 828,3537 848,3546 850,3546 852,3546 916,3537 938,3533 941,3535 950,3546 952,3546 952,3548 954,3548 956,3548 958,3551 1095,3551 1095,3548 1098,3548 1129,3533 1131,3484 1126,3442 773,3445 773,3480"/>
        <Baseline points="773,3480 1131,3484"/>
        <TextEquiv conf="0.9746663252512614">
          <Unicode>deriis dignum“.</Unicode>
        </TextEquiv>
      </TextLine>
      <TextLine id="eSc_line_1591c586" custom="structure {type:default;}">
        <Coords points="2319,3542 2319,3601 2414,3581 2414,3542 2414,3509 2344,3495 2341,3495 2339,3495 2319,3504 2319,3542"/>
        <Baseline points="2319,3542 2414,3542"/>
        <TextEquiv conf="0.9999990860621134">
          <Unicode>43*</Unicode>
        </TextEquiv>
      </TextLine>
    </TextRegion>
    <TextRegion id="eSc_textblock_c11b0816"  custom="structure {type:default;}">
      <Coords points="947,132 1860,132 1895,141 1904,218 1877,245 954,245 919,200 947,132"/>
      <TextLine id="eSc_line_b609010d" custom="structure {type:default;}">
        <Coords points="945,205 943,225 1869,227 1873,209 1873,163 1820,143 1818,143 1816,143 1685,156 1579,143 1577,143 1575,143 1555,154 1544,143 1542,143 1539,143 1537,143 1535,143 1533,143 1504,161 1502,163 1444,163 1442,161 1394,141 1391,141 1389,141 1387,141 1341,159 1292,141 1290,141 1288,141 1075,154 1003,143 1000,143 998,143 945,156 945,205"/>
        <Baseline points="945,205 1873,209"/>
        <TextEquiv conf="0.9995865535736084">
          <Unicode>ALEXANDER III. 1159—1181.</Unicode>
        </TextEquiv>
      </TextLine>
    </TextRegion>
    <TextRegion id="eSc_textblock_b2670fdd"  custom="structure {type:default;}">
      <Coords points="2571,132 2724,150 2724,209 2671,245 2549,236 2531,150 2571,132"/>
      <TextLine id="eSc_line_47e393aa" custom="structure {type:default;}">
        <Coords points="2558,209 2558,236 2624,249 2626,249 2629,249 2680,229 2680,203 2673,152 2551,156 2558,209"/>
        <Baseline points="2558,209 2680,203"/>
        <TextEquiv conf="0.9999921719233195">
          <Unicode>339</Unicode>
        </TextEquiv>
      </TextLine>
    </TextRegion>
  </Page>
</PcGts>
