<?xml version="1.0" encoding="UTF-8"  standalone="yes"?>
<PcGts xmlns="http://schema.primaresearch.org/PAGE/gts/pagecontent/2019-07-15" xmlns:xsi="http://www.w3.org/2001/XMLSchema-instance" xsi:schemaLocation="http://schema.primaresearch.org/PAGE/gts/pagecontent/2019-07-15 http://schema.primaresearch.org/PAGE/gts/pagecontent/2019-07-15/pagecontent.xsd">
  <Metadata>
	<Creator>escriptorium</Creator>
	<Created>2024-07-19T10:13:18.371020+00:00</Created>
        <LastChange>2024-08-08T08:44:48.499866+00:00</LastChange>
  </Metadata>
  <Page imageFilename="0382.png" imageWidth="3007" imageHeight="3975">
    <TextRegion id="eSc_textblock_415dc8c1"  custom="structure {type:default;}">
      <Coords points="2333,291 2653,291 2706,344 2680,406 2706,512 2680,660 2706,704 2671,724 2706,892 2680,945 2706,1060 2680,1113 2706,1219 2680,1289 2706,1386 2680,1439 2706,1554 2680,1607 2706,1775 2680,1828 2706,2049 2680,2102 2680,3548 2344,3575 159,3566 141,3321 324,3241 300,3206 344,3135 371,3330 388,3301 406,2747 475,2756 653,2691 645,309 2333,291"/>
      <TextLine id="eSc_line_5fa17e0b" custom="structure {type:default;}">
        <Coords points="883,304 861,304 839,306 817,306 813,306 779,313 768,306 751,306 729,306 707,306 684,306 662,306 651,304 640,313 642,359 642,382 969,382 969,353 965,313 885,304 883,304"/>
        <Baseline points="642,359 969,353"/>
        <TextEquiv conf="0.9978171467781067">
          <Unicode>1159—1181.</Unicode>
        </TextEquiv>
      </TextLine>
      <TextLine id="eSc_line_682e3153" custom="structure {type:default;}">
        <Coords points="673,419 673,459 826,443 978,457 996,457 998,457 1018,457 1146,443 1374,452 1486,454 1489,454 1526,450 1568,443 1604,448 1648,454 1650,454 1652,454 1674,448 1703,439 1734,446 1756,452 1758,452 1760,452 1796,446 1836,439 1946,443 2116,452 2118,452 2121,452 2145,441 2147,441 2158,441 2255,450 2258,450 2260,450 2262,450 2277,439 2284,437 2344,439 2578,450 2580,450 2582,450 2638,435 2638,410 2633,371 2149,357 2147,357 2145,357 2112,371 1531,362 1528,362 1460,373 1305,362 1303,362 1301,362 1274,373 1164,362 1162,362 1159,362 1157,362 1137,375 795,366 793,366 671,377 673,419"/>
        <Baseline points="673,419 2638,410"/>
        <TextEquiv conf="0.9978836682580766">
          <Unicode>13755 Canonicorum Atrebatensium privilegia super electione episcopi, decani, praepo-</Unicode>
        </TextEquiv>
      </TextLine>
      <TextLine id="eSc_line_60bc1336" custom="structure {type:default;}">
        <Coords points="724,474 724,501 2633,492 2635,468 2629,439 722,443 724,474"/>
        <Baseline points="724,474 2635,468"/>
        <TextEquiv conf="0.9995305572831353">
          <Unicode>siti, cantoris confirmat. Alia iura addit. In bibl. nat. Paris. Cart. d&#x27;Arras ms. lat.</Unicode>
        </TextEquiv>
      </TextLine>
      <TextLine id="eSc_line_b919306f" custom="structure {type:default;}">
        <Coords points="724,527 724,549 1093,560 1095,560 1098,560 1126,549 1148,560 1151,560 1153,560 1226,549 1248,560 1250,560 1252,560 1319,547 1325,547 1330,547 1363,558 1365,558 1367,558 1484,547 1495,547 1509,547 1674,558 1676,558 1749,547 2324,556 2326,556 2328,556 2368,543 2368,521 2361,492 722,496 724,527"/>
        <Baseline points="724,527 2368,521"/>
        <TextEquiv conf="0.9990222401478711">
          <Unicode>9930. s. XIII. f. 6. Vide notam ad 13750. — „Apostolicae sedis cui“.</Unicode>
        </TextEquiv>
      </TextLine>
      <TextLine id="eSc_line_44bf38a5" custom="structure {type:default;}">
        <Coords points="678,585 678,609 2638,600 2640,576 2633,547 676,552 678,585"/>
        <Baseline points="678,585 2640,576"/>
        <TextEquiv conf="0.9983282972531147">
          <Unicode>13756 Episcopo Atrebatensi scribit de controversiis inter personas seculares, super</Unicode>
        </TextEquiv>
      </TextLine>
      <TextLine id="eSc_line_f243420f" custom="structure {type:default;}">
        <Coords points="726,640 726,662 2635,664 2640,636 2635,602 784,596 782,596 724,607 726,640"/>
        <Baseline points="726,640 2640,636"/>
        <TextEquiv conf="0.9975667388251658">
          <Unicode>rebus temporalibus litigantes. In bibl. nat. Paris. Cart. d&#x27;Arras ms. lat. 9930. s. XIII.</Unicode>
        </TextEquiv>
      </TextLine>
      <TextLine id="eSc_line_a4c21da6" custom="structure {type:default;}">
        <Coords points="724,695 724,711 1155,724 1157,724 1159,724 1195,711 1239,724 1241,724 1243,724 1246,724 1248,724 1270,711 1299,724 1301,724 1303,726 1416,726 1416,724 1418,724 1420,724 1438,708 1440,708 1513,708 1515,708 1526,719 1526,722 1528,722 1531,722 1533,724 2070,724 2070,722 2072,722 2118,706 2118,691 2112,660 722,662 724,695"/>
        <Baseline points="724,695 2118,691"/>
        <TextEquiv conf="0.99401012456642">
          <Unicode>f. 7b. Vide notam ad 13750. — „Quanto personam tuam“.</Unicode>
        </TextEquiv>
      </TextLine>
      <TextLine id="eSc_line_882d9b84" custom="structure {type:default;}">
        <Coords points="676,748 676,772 2640,766 2642,739 2635,706 673,713 676,748"/>
        <Baseline points="676,748 2642,739"/>
        <TextEquiv conf="0.9924091681257471">
          <Unicode>13757 Canonicorum Atrebatensium statutum, „ut panis et vinum illis tantummodo</Unicode>
        </TextEquiv>
      </TextLine>
      <TextLine id="eSc_line_f709d07c" custom="structure {type:default;}">
        <Coords points="726,803 726,825 2640,821 2642,797 2635,768 724,772 726,803"/>
        <Baseline points="726,803 2642,797"/>
        <TextEquiv conf="0.9986416259031187">
          <Unicode>distribuatur, qui matutinis vel diurnis officiis interfuerint“, approbat. In bibl. nat.</Unicode>
        </TextEquiv>
      </TextLine>
      <TextLine id="eSc_line_bc4cfb00" custom="structure {type:default;}">
        <Coords points="726,856 726,887 2638,887 2640,850 2633,819 724,823 726,856"/>
        <Baseline points="726,856 2640,850"/>
        <TextEquiv conf="0.9985574851801367">
          <Unicode>Paris. Cart. d&#x27;Arras ms. lat. 9930. s. XIII. f. 7P. Vide notam ad 13750. — „Audi-</Unicode>
        </TextEquiv>
      </TextLine>
      <TextLine id="eSc_line_f10a9e4d" custom="structure {type:default;}">
        <Coords points="731,914 731,931 978,945 980,945 1122,925 1124,907 1117,878 729,878 731,914"/>
        <Baseline points="731,914 1124,907"/>
        <TextEquiv conf="0.9927812032401562">
          <Unicode>vimus quasi ex“.</Unicode>
        </TextEquiv>
      </TextLine>
      <TextLine id="eSc_line_6e876ea3" custom="structure {type:default;}">
        <Coords points="678,969 678,993 2640,987 2642,962 2640,929 2598,916 2596,916 2593,916 2591,916 2543,927 2383,916 2381,916 2253,927 2019,916 2017,916 2014,916 1975,929 1862,918 1860,918 1858,918 1855,918 1838,931 1577,931 1557,918 1555,918 1553,918 1551,918 1464,929 1433,918 1431,918 1429,918 1427,918 1425,918 1407,929 1310,920 1307,920 1305,920 1265,931 691,920 689,920 687,920 684,920 676,925 678,969"/>
        <Baseline points="678,969 2642,962"/>
        <TextEquiv conf="0.9906129448912865">
          <Unicode>13758 Canonicis Atrebatensibus de coercendis ecclesiae malefactoribus privilegium dat.</Unicode>
        </TextEquiv>
      </TextLine>
      <TextLine id="eSc_line_7f1939c4" custom="structure {type:default;}">
        <Coords points="729,1022 729,1057 2642,1046 2642,1022 2642,991 729,991 729,1022"/>
        <Baseline points="729,1022 2642,1022"/>
        <TextEquiv conf="0.9963150248808019">
          <Unicode>In bibl. nat. Paris. Cart. d&#x27;Arras ms. lat. 9930. s. XIII. f. 8. Vide notam ad 13750.</Unicode>
        </TextEquiv>
      </TextLine>
      <TextLine id="eSc_line_7d031b53" custom="structure {type:default;}">
        <Coords points="729,1077 729,1101 1400,1099 1400,1077 1400,1046 729,1046 729,1077"/>
        <Baseline points="729,1077 1400,1077"/>
        <TextEquiv conf="0.9912606128330889">
          <Unicode>— „Ex officii nostri debito“.</Unicode>
        </TextEquiv>
      </TextLine>
      <TextLine id="eSc_line_e815b33f" custom="structure {type:default;}">
        <Coords points="678,1132 678,1157 2640,1159 2644,1126 2640,1095 753,1088 751,1088 676,1099 678,1132"/>
        <Baseline points="678,1132 2644,1126"/>
        <TextEquiv conf="0.9997326051487642">
          <Unicode>13759 Ecclesiam Atrebatensem a rapinis Symonis de Oysi defendit. In bibl. nat. Paris.</Unicode>
        </TextEquiv>
      </TextLine>
      <TextLine id="eSc_line_e8ac814d" custom="structure {type:default;}">
        <Coords points="724,1188 724,1223 2638,1216 2640,1179 2633,1148 722,1157 724,1188"/>
        <Baseline points="724,1188 2640,1179"/>
        <TextEquiv conf="0.9958446002923526">
          <Unicode>Cartul. d&#x27;Arras ms. lat. 9930. s. XIII. f. 8. Vide notam ad 13750. — „Ad aures</Unicode>
        </TextEquiv>
      </TextLine>
      <TextLine id="eSc_line_8d410edf" custom="structure {type:default;}">
        <Coords points="724,1243 724,1256 815,1274 817,1274 936,1252 938,1238 932,1210 722,1212 724,1243"/>
        <Baseline points="724,1243 938,1238"/>
        <TextEquiv conf="0.9999876154793633">
          <Unicode>nostras“.</Unicode>
        </TextEquiv>
      </TextLine>
      <TextLine id="eSc_line_c33de89c" custom="structure {type:default;}">
        <Coords points="678,1294 678,1320 2642,1316 2644,1289 2640,1252 720,1252 718,1252 715,1252 676,1263 678,1294"/>
        <Baseline points="678,1294 2644,1289"/>
        <TextEquiv conf="0.9975502837535947">
          <Unicode>13760 Canonicorum Atrebatensium possessiones confirmat, statuitque ne census ecclesiis</Unicode>
        </TextEquiv>
      </TextLine>
      <TextLine id="eSc_line_113aa6ea" custom="structure {type:default;}">
        <Coords points="729,1351 731,1386 762,1375 2640,1380 2644,1347 2638,1318 726,1320 729,1351"/>
        <Baseline points="729,1351 2644,1347"/>
        <TextEquiv conf="0.9983821362257004">
          <Unicode>eorum impositi augeantur. In bibl. nat. Paris. Cart. d&#x27;Arras ms. lat. 9930. s. XIII.</Unicode>
        </TextEquiv>
      </TextLine>
      <TextLine id="eSc_line_9b519329" custom="structure {type:default;}">
        <Coords points="726,1408 726,1426 2019,1435 2021,1435 2023,1435 2070,1422 2070,1404 2065,1375 746,1366 744,1366 742,1366 740,1366 724,1373 726,1408"/>
        <Baseline points="726,1408 2070,1404"/>
        <TextEquiv conf="0.9999843138568806">
          <Unicode>f. 9. Vide notam ad 13750. — „Officium nobis domino“.</Unicode>
        </TextEquiv>
      </TextLine>
      <TextLine id="eSc_line_bd58734d" custom="structure {type:default;}">
        <Coords points="678,1461 678,1492 2640,1486 2642,1457 2635,1424 676,1426 678,1461"/>
        <Baseline points="678,1461 2642,1457"/>
        <TextEquiv conf="0.9922669543776401">
          <Unicode>13761 (8836) Monasterii S. Audoeni protectionem suscipit, ac disciplinam possessiones,</Unicode>
        </TextEquiv>
      </TextLine>
      <TextLine id="eSc_line_cf2292a6" custom="structure {type:default;}">
        <Coords points="731,1517 731,1556 1246,1543 2640,1548 2644,1508 2638,1479 729,1486 731,1517"/>
        <Baseline points="731,1517 2644,1508"/>
        <TextEquiv conf="0.9898556509079077">
          <Unicode>privilegia confirmat. Pommeraye Hist. de Labbaye de St. Quen p. 406, Migne 200</Unicode>
        </TextEquiv>
      </TextLine>
      <TextLine id="eSc_line_b9ef6487" custom="structure {type:default;}">
        <Coords points="731,1572 731,1594 1407,1601 1409,1601 1491,1585 1493,1567 1486,1539 729,1541 731,1572"/>
        <Baseline points="731,1572 1493,1567"/>
        <TextEquiv conf="0.9997868393406724">
          <Unicode>p. 1277. — „Iustis petitionibus“.</Unicode>
        </TextEquiv>
      </TextLine>
      <TextLine id="eSc_line_fd523c35" custom="structure {type:default;}">
        <Coords points="680,1627 680,1651 2642,1649 2644,1620 2640,1590 2059,1578 2056,1578 1961,1590 1955,1590 1928,1590 1455,1581 1453,1581 678,1592 680,1627"/>
        <Baseline points="680,1627 2644,1620"/>
        <TextEquiv conf="0.9996056379306884">
          <Unicode>13762 (8837) Episcopo Abulensi (leg. Avilensi) scribit de G. presbytero ecclesiae S.</Unicode>
        </TextEquiv>
      </TextLine>
      <TextLine id="eSc_line_d1636d41" custom="structure {type:default;}">
        <Coords points="735,1680 735,1704 2642,1698 2644,1673 2640,1647 733,1645 735,1680"/>
        <Baseline points="735,1680 2644,1673"/>
        <TextEquiv conf="0.999538643237872">
          <Unicode>Iacobi post appellationem ad apostolicam sedem factam per episcopum Zamorensem</Unicode>
        </TextEquiv>
      </TextLine>
      <TextLine id="eSc_line_01d3234d" custom="structure {type:default;}">
        <Coords points="733,1733 733,1760 947,1773 950,1773 952,1773 978,1762 980,1762 1014,1762 1210,1773 1212,1775 1398,1775 1398,1773 1400,1773 1402,1773 1411,1766 1416,1762 1433,1766 1469,1773 1471,1775 2006,1775 2006,1773 2008,1773 2017,1771 2034,1762 2224,1771 2277,1773 2280,1773 2293,1771 2348,1762 2388,1773 2392,1773 2394,1773 2397,1773 2410,1773 2512,1762 2527,1773 2529,1773 2531,1773 2534,1775 2644,1775 2644,1733 2642,1696 733,1702 733,1733"/>
        <Baseline points="733,1733 2644,1733"/>
        <TextEquiv conf="0.9976690142619901">
          <Unicode>excommunicato. Comp. II. L. 2. t. 19. c. 7, Decr. Greg. L. II. t. 28. c. 34. — „Ad</Unicode>
        </TextEquiv>
      </TextLine>
      <TextLine id="eSc_line_ab2dc456" custom="structure {type:default;}">
        <Coords points="731,1790 731,1810 1219,1804 1221,1784 1215,1755 729,1757 731,1790"/>
        <Baseline points="731,1790 1221,1784"/>
        <TextEquiv conf="0.9999995648860931">
          <Unicode>audientiam nostram“.</Unicode>
        </TextEquiv>
      </TextLine>
      <TextLine id="eSc_line_32138712" custom="structure {type:default;}">
        <Coords points="682,1846 682,1879 2642,1861 2644,1837 2640,1804 680,1804 682,1846"/>
        <Baseline points="682,1846 2644,1837"/>
        <TextEquiv conf="0.9998561143875122">
          <Unicode>13763 (8838) Archiepiscopo Barensi scribit de P. civi Barensi, quem, „cum ipse mu-</Unicode>
        </TextEquiv>
      </TextLine>
      <TextLine id="eSc_line_3508467d" custom="structure {type:default;}">
        <Coords points="735,1899 735,1923 2642,1916 2644,1892 2640,1866 733,1863 735,1899"/>
        <Baseline points="735,1899 2644,1892"/>
        <TextEquiv conf="0.9964847181524549">
          <Unicode>lierem quandam nomine E. iurasset, desponsasset et cognovisset“, alii mulieri matri-</Unicode>
        </TextEquiv>
      </TextLine>
      <TextLine id="eSc_line_64f3420f" custom="structure {type:default;}">
        <Coords points="735,1956 735,1978 2640,1980 2644,1952 2640,1923 837,1914 835,1914 733,1925 735,1956"/>
        <Baseline points="735,1956 2644,1952"/>
        <TextEquiv conf="0.9989559099078178">
          <Unicode>monium iuramento pollicitum esse accusatur. App. conc. Lat. LIX. 55, Coll. Cass.</Unicode>
        </TextEquiv>
      </TextLine>
      <TextLine id="eSc_line_a3076a4b" custom="structure {type:default;}">
        <Coords points="733,2011 733,2040 2640,2040 2642,2002 2638,1974 2326,1961 2324,1961 2083,1974 1696,1965 1694,1965 1692,1965 1690,1965 1676,1976 1292,1965 1290,1965 1288,1965 1248,1976 1235,1965 1232,1965 1230,1965 1228,1965 1226,1965 1224,1965 1201,1978 1137,1967 1135,1967 983,1978 967,1967 965,1967 963,1967 746,1967 744,1967 742,1967 740,1967 731,1972 733,2011"/>
        <Baseline points="733,2011 2642,2002"/>
        <TextEquiv conf="0.9947602507434313">
          <Unicode>IVIII. 38, Coll. Bamb. LI. 36, Comp. I. L. 4. t. 1. c. 15, (Mansi XXI. 1091). —</Unicode>
        </TextEquiv>
      </TextLine>
      <TextLine id="eSc_line_4826c0d5" custom="structure {type:default;}">
        <Coords points="735,2067 735,2080 897,2095 899,2095 901,2095 945,2078 989,2093 992,2093 994,2093 996,2093 1025,2078 1106,2091 1109,2091 1212,2069 1212,2055 1206,2027 733,2029 735,2067"/>
        <Baseline points="735,2067 1212,2055"/>
        <TextEquiv conf="0.9998956542266043">
          <Unicode>„Veniens ad nos P.“</Unicode>
        </TextEquiv>
      </TextLine>
      <TextLine id="eSc_line_f49e2d4f" custom="structure {type:default;}">
        <Coords points="684,2117 684,2144 2646,2139 2649,2113 2644,2084 2529,2084 2509,2071 2507,2071 2505,2071 2503,2071 2436,2082 2023,2071 2021,2071 2019,2071 2017,2071 1997,2084 1862,2084 1829,2071 1827,2071 1824,2071 1661,2084 700,2073 698,2073 695,2073 693,2073 682,2080 684,2117"/>
        <Baseline points="684,2117 2649,2113"/>
        <TextEquiv conf="0.9980606003886178">
          <Unicode>13764 (8839) Episcopo Bathoniensi mandat, ut quibus rex Scotiae, cum S. comitis „pa-</Unicode>
        </TextEquiv>
      </TextLine>
      <TextLine id="eSc_line_d8d7f648" custom="structure {type:default;}">
        <Coords points="735,2175 735,2201 2644,2201 2646,2166 2640,2139 733,2139 735,2175"/>
        <Baseline points="735,2175 2646,2166"/>
        <TextEquiv conf="0.9984985291957855">
          <Unicode>trimonium detineret occupatum, ecclesias concesserit“, eos removeat. App. conc. Lat.</Unicode>
        </TextEquiv>
      </TextLine>
      <TextLine id="eSc_line_a29d394f" custom="structure {type:default;}">
        <Coords points="737,2230 737,2263 1049,2256 1064,2261 1091,2270 1093,2270 1095,2270 1098,2270 1122,2261 1133,2254 1283,2254 1292,2259 1310,2267 1312,2267 1314,2267 1880,2265 2019,2263 2021,2263 2043,2252 2048,2250 2087,2252 2260,2263 2262,2263 2328,2250 2341,2248 2368,2250 2507,2261 2509,2261 2642,2245 2644,2219 2638,2188 735,2192 737,2230"/>
        <Baseline points="737,2230 2644,2219"/>
        <TextEquiv conf="0.9945743925431195">
          <Unicode>XL.VII. 2, Comp. II. L. 3. t. 24. c. 1, (Mansi XXI. 1098.) — „Dilectus filius noster“</Unicode>
        </TextEquiv>
      </TextLine>
      <TextLine id="eSc_line_c694ac93" custom="structure {type:default;}">
        <Coords points="733,2283 733,2305 1321,2301 1323,2279 1319,2250 755,2241 753,2241 751,2241 731,2250 733,2283"/>
        <Baseline points="733,2283 1323,2279"/>
        <TextEquiv conf="0.9845183006039372">
          <Unicode>(„Dilectus frater noster“).</Unicode>
        </TextEquiv>
      </TextLine>
      <TextLine id="eSc_line_6936f97b" custom="structure {type:default;}">
        <Coords points="684,2338 684,2373 2646,2356 2649,2329 2644,2298 707,2296 704,2296 702,2296 682,2305 684,2338"/>
        <Baseline points="684,2338 2649,2329"/>
        <TextEquiv conf="0.994540054907744">
          <Unicode>13765 (8840) Episcopo Bathoniensi quaerenti, utrum iis, „qui infra nubiles annos matri-</Unicode>
        </TextEquiv>
      </TextLine>
      <TextLine id="eSc_line_4ace4f9e" custom="structure {type:default;}">
        <Coords points="737,2393 737,2418 2649,2411 2651,2385 2644,2358 735,2365 737,2393"/>
        <Baseline points="737,2393 2651,2385"/>
        <TextEquiv conf="0.998261640343485">
          <Unicode>monii nomine coniunguntur, vel eorum alteri, antequam ad annos aptos matrimonio</Unicode>
        </TextEquiv>
      </TextLine>
      <TextLine id="eSc_line_2256b6ea" custom="structure {type:default;}">
        <Coords points="737,2449 737,2473 2649,2464 2651,2442 2644,2413 735,2415 737,2449"/>
        <Baseline points="737,2449 2651,2442"/>
        <TextEquiv conf="0.9982527295748392">
          <Unicode>perveniant, liceat a matrimonio tali discedere“, respondet, legitimam aetatem expec-</Unicode>
        </TextEquiv>
      </TextLine>
      <TextLine id="eSc_line_df732558" custom="structure {type:default;}">
        <Coords points="740,2504 740,2524 2651,2535 2653,2504 2653,2473 740,2473 740,2504"/>
        <Baseline points="740,2504 2653,2504"/>
        <TextEquiv conf="0.9922154986695068">
          <Unicode>tandam et tunc matrimonium aut confirmandum aut separandum esse. Comp. I.</Unicode>
        </TextEquiv>
      </TextLine>
      <TextLine id="eSc_line_fe848504" custom="structure {type:default;}">
        <Coords points="678,2548 682,2574 700,2574 695,2544 682,2502 667,2508 678,2548"/>
        <Baseline points="678,2548 695,2544"/>
        <TextEquiv conf="0.9874078035354614">
          <Unicode>„</Unicode>
        </TextEquiv>
      </TextLine>
      <TextLine id="eSc_line_99f3ce0a" custom="structure {type:default;}">
        <Coords points="729,2548 726,2572 742,2583 744,2583 746,2583 748,2585 974,2585 974,2583 976,2583 1003,2572 1111,2585 1113,2585 1115,2585 1144,2574 1155,2583 1155,2585 1157,2585 1159,2585 1162,2588 1398,2588 1398,2585 1400,2585 1431,2574 1509,2588 1511,2588 1588,2577 1606,2588 1608,2588 1610,2588 1612,2588 1615,2588 1641,2577 1813,2588 1816,2588 1818,2588 1866,2577 1928,2590 1931,2590 2260,2577 2262,2557 2260,2524 729,2515 729,2548"/>
        <Baseline points="729,2548 2262,2557"/>
        <TextEquiv conf="0.9996180118936481">
          <Unicode>L. 4. t. 2. c. 10, Decr. Greg. L. IV. t. 2. c. 8. — „A nobis tua“.</Unicode>
        </TextEquiv>
      </TextLine>
      <TextLine id="eSc_line_61cf7a87" custom="structure {type:default;}">
        <Coords points="687,2612 687,2636 2653,2630 2653,2603 2649,2574 684,2572 687,2612"/>
        <Baseline points="687,2612 2653,2603"/>
        <TextEquiv conf="0.9945090817816463">
          <Unicode>13766 (8841) Episcopo Bathoniensi mandat, moneat N., ut M. mulieri, „ab eo eccle-</Unicode>
        </TextEquiv>
      </TextLine>
      <TextLine id="eSc_line_566edb06" custom="structure {type:default;}">
        <Coords points="740,2665 740,2689 2649,2685 2651,2661 2644,2634 737,2636 740,2665"/>
        <Baseline points="740,2665 2651,2661"/>
        <TextEquiv conf="0.9961561899126312">
          <Unicode>siastico iudicio separatae, dotem restituat, aut secundum consuetudinem terrae in</Unicode>
        </TextEquiv>
      </TextLine>
      <TextLine id="eSc_line_a4bffb04" custom="structure {type:default;}">
        <Coords points="742,2722 742,2753 2651,2749 2651,2722 2651,2691 742,2691 742,2722"/>
        <Baseline points="742,2722 2651,2722"/>
        <TextEquiv conf="0.9989423394203186">
          <Unicode>praesentia episcopi iustitiae plenitudinem exhibeat“. App. conc. Lat. XXXIII. 2,</Unicode>
        </TextEquiv>
      </TextLine>
      <TextLine id="eSc_line_913ae802" custom="structure {type:default;}">
        <Coords points="740,2775 740,2804 2651,2804 2653,2771 2649,2742 771,2733 768,2733 766,2733 737,2742 740,2775"/>
        <Baseline points="740,2775 2653,2771"/>
        <TextEquiv conf="0.9901804269095997">
          <Unicode>Coll. Lips. LXIII. 7, Coll. Cass. LXII. 6, Comp. I. L. 4. t. 21. c. 2. — „Ex con-</Unicode>
        </TextEquiv>
      </TextLine>
      <TextLine id="eSc_line_bbbab7bf" custom="structure {type:default;}">
        <Coords points="742,2828 742,2850 927,2862 930,2862 932,2862 974,2850 976,2850 994,2862 996,2862 998,2862 1000,2862 1051,2850 1080,2862 1082,2862 1084,2862 1142,2850 1208,2862 1210,2862 1212,2862 1215,2862 1215,2859 1217,2859 1226,2848 1259,2859 1261,2859 1263,2859 1345,2848 1352,2848 1354,2848 1376,2859 1378,2859 1380,2862 1581,2862 1581,2859 1584,2859 1606,2848 1672,2859 1674,2859 1676,2859 1707,2846 1707,2824 1703,2793 855,2789 852,2789 740,2800 742,2828"/>
        <Baseline points="742,2828 1707,2824"/>
        <TextEquiv conf="0.9884694349475023">
          <Unicode>questione M. (al. E.)“ „Ex quaestione M.“</Unicode>
        </TextEquiv>
      </TextLine>
      <TextLine id="eSc_line_9e41d483" custom="structure {type:default;}">
        <Coords points="691,2884 691,2906 2651,2912 2653,2879 2646,2846 689,2846 691,2884"/>
        <Baseline points="691,2884 2653,2879"/>
        <TextEquiv conf="0.9958320770944867">
          <Unicode>13767 (8842) Episcopo Bathoniensi scribit de iis, „qui infra annos aptos matrimoniis</Unicode>
        </TextEquiv>
      </TextLine>
      <TextLine id="eSc_line_6048fa13" custom="structure {type:default;}">
        <Coords points="742,2939 742,2965 2651,2970 2653,2939 2653,2910 742,2910 742,2939"/>
        <Baseline points="742,2939 2653,2939"/>
        <TextEquiv conf="0.9997946113348007">
          <Unicode>contrahendis sponsalia contrahunt“. App. conc. Lat. VI. 29, Coll. Lips. LIX. 40,</Unicode>
        </TextEquiv>
      </TextLine>
      <TextLine id="eSc_line_7cd3b391" custom="structure {type:default;}">
        <Coords points="740,2994 740,3018 2653,3027 2655,2994 2655,2963 740,2963 740,2994"/>
        <Baseline points="740,2994 2655,2994"/>
        <TextEquiv conf="0.9958005486564203">
          <Unicode>Coll. Cass. LVIII. 27, Coll. Bamb. LI. 27, Comp. I. L. 4. t. 2. c. 9, Decr. Greg. L. IV.</Unicode>
        </TextEquiv>
      </TextLine>
      <TextLine id="eSc_line_21ce3a7d" custom="structure {type:default;}">
        <Coords points="742,3049 742,3065 819,3078 821,3078 1040,3067 1060,3080 1062,3080 1064,3080 1067,3080 1155,3078 1157,3078 1159,3078 1159,3076 1170,3067 1206,3080 1208,3080 1210,3082 1279,3082 1279,3080 1281,3080 1283,3080 1283,3078 1294,3069 1310,3080 1312,3080 1314,3080 1316,3082 1469,3082 1469,3080 1544,3065 1544,3049 1544,3021 742,3016 742,3049"/>
        <Baseline points="742,3049 1544,3049"/>
        <TextEquiv conf="0.9936034066809548">
          <Unicode>t. 2. c. 7. — „De illis, qui infra“.</Unicode>
        </TextEquiv>
      </TextLine>
      <TextLine id="eSc_line_0f18952a" custom="structure {type:default;}">
        <Coords points="695,3107 695,3131 2653,3127 2655,3098 2649,3062 693,3065 695,3107"/>
        <Baseline points="695,3107 2655,3098"/>
        <TextEquiv conf="0.9995229470318762">
          <Unicode>13768 (8843) Episcopo Bathoniensi scribit, „mulieres vel etiam alias personas, quae sui</Unicode>
        </TextEquiv>
      </TextLine>
      <TextLine id="eSc_line_788ff726" custom="structure {type:default;}">
        <Coords points="746,3160 746,3184 2653,3177 2655,3153 2649,3122 744,3127 746,3160"/>
        <Baseline points="746,3160 2655,3153"/>
        <TextEquiv conf="0.9961250185966491">
          <Unicode>iuris non sint, ab episcopo dioecesano absolvi posse, si manus in clericum iniecerint</Unicode>
        </TextEquiv>
      </TextLine>
      <TextLine id="eSc_line_99a63ce2" custom="structure {type:default;}">
        <Coords points="748,3213 748,3235 2651,3241 2655,3208 2649,3182 746,3184 748,3213"/>
        <Baseline points="748,3213 2655,3208"/>
        <TextEquiv conf="0.9909725043831802">
          <Unicode>violentas“; de his vero, qui „magnae sunt potentiae, et ita delicati, quod laborem</Unicode>
        </TextEquiv>
      </TextLine>
      <TextLine id="eSc_line_031ed970" custom="structure {type:default;}">
        <Coords points="748,3268 748,3292 2653,3292 2655,3263 2651,3235 773,3228 771,3228 768,3228 746,3237 748,3268"/>
        <Baseline points="748,3268 2655,3263"/>
        <TextEquiv conf="0.9948088318468576">
          <Unicode>veniendi ad sedem apostolicam nequeunt sustinere“, respondet, statum personae prius</Unicode>
        </TextEquiv>
      </TextLine>
      <TextLine id="eSc_line_3f57c8ab" custom="structure {type:default;}">
        <Coords points="746,3319 746,3343 2653,3345 2655,3319 2653,3288 746,3290 746,3319"/>
        <Baseline points="746,3319 2655,3319"/>
        <TextEquiv conf="0.9942987829446792">
          <Unicode>et veritatem negotii esse intimandam Romano pontifici et secundum consilium eius</Unicode>
        </TextEquiv>
      </TextLine>
      <TextLine id="eSc_line_c21730ea" custom="structure {type:default;}">
        <Coords points="748,3376 748,3398 2649,3405 2653,3372 2646,3343 746,3345 748,3376"/>
        <Baseline points="748,3376 2653,3372"/>
        <TextEquiv conf="0.9985053114593029">
          <Unicode>tales esse de commisso scelere corrigendos. App. conc. Lat. XIV. 12, Coll. Lips.</Unicode>
        </TextEquiv>
      </TextLine>
      <TextLine id="eSc_line_78eab86f" custom="structure {type:default;}">
        <Coords points="751,3429 751,3456 1659,3469 1661,3469 1663,3469 1681,3462 1703,3453 1754,3462 1780,3467 1782,3467 1816,3462 1886,3453 1975,3464 2006,3467 2008,3469 2140,3469 2140,3467 2143,3467 2147,3464 2169,3453 2341,3467 2364,3467 2366,3467 2368,3467 2370,3467 2399,3453 2417,3467 2419,3467 2421,3467 2423,3469 2651,3469 2653,3425 2649,3396 748,3392 751,3429"/>
        <Baseline points="751,3429 2653,3425"/>
        <TextEquiv conf="0.9868032645296168">
          <Unicode>VII. 2, Coll. Cass. XIX. 2, Coll. Bamb. VII. 2, Comp. I. L. 5. t. 34. c. 7, Decr.</Unicode>
        </TextEquiv>
      </TextLine>
      <TextLine id="eSc_line_5eb64947" custom="structure {type:default;}">
        <Coords points="744,3480 742,3528 857,3542 859,3542 861,3542 863,3542 879,3528 888,3524 1014,3524 1022,3528 1036,3542 1038,3542 1040,3542 1042,3542 1045,3542 1091,3528 1098,3528 1102,3528 1153,3542 1155,3542 1157,3542 1159,3542 1190,3528 1199,3526 1210,3528 1257,3542 1259,3542 1261,3542 1263,3542 1288,3528 1296,3524 1305,3528 1323,3537 1325,3537 1327,3537 1369,3528 1391,3524 1400,3528 1420,3542 1422,3542 1425,3542 1427,3542 1493,3531 1601,3544 1604,3544 1606,3544 1657,3531 1729,3544 1732,3544 1734,3544 1782,3531 1829,3544 1831,3544 1833,3544 1924,3533 2037,3544 2039,3544 2041,3544 2087,3528 2094,3526 2357,3526 2361,3484 2359,3456 744,3451 744,3480"/>
        <Baseline points="744,3480 2361,3484"/>
        <TextEquiv conf="0.9645514855350273">
          <Unicode>Greg. I. V. t. 38. e. 6. — „Hulieres vel etiam“ „Mulieres etiam vel“.</Unicode>
        </TextEquiv>
      </TextLine>
      <TextLine id="eSc_line_0d407467" custom="structure {type:default;}">
        <Coords points="176,3537 176,3588 733,3588 735,3531 731,3498 634,3498 594,3478 592,3478 589,3478 587,3478 517,3498 497,3480 497,3478 494,3478 492,3478 404,3478 402,3478 399,3478 397,3478 371,3500 368,3500 322,3500 267,3500 243,3484 240,3484 238,3484 236,3484 234,3484 174,3500 176,3537"/>
        <Baseline points="176,3537 735,3531"/>
        <TextEquiv conf="0.8192077609045165">
          <Unicode>Ra„nta vent. konnn. sd aa n.</Unicode>
        </TextEquiv>
      </TextLine>
      <TextLine id="eSc_line_9a5754c9" custom="structure {type:default;}">
        <Coords points="2266,3548 2269,3606 2293,3615 2295,3615 2297,3615 2299,3615 2330,3601 2328,3544 2322,3506 2262,3509 2266,3548"/>
        <Baseline points="2266,3548 2328,3544"/>
        <TextEquiv conf="0.9980437457561493">
          <Unicode>4*</Unicode>
        </TextEquiv>
      </TextLine>
    </TextRegion>
    <TextRegion id="eSc_textblock_49b6483c"  custom="structure {type:default;}">
      <Coords points="978,132 1842,141 1851,218 1833,245 901,245 892,150 978,132"/>
      <TextLine id="eSc_line_d4705e38" custom="structure {type:default;}">
        <Coords points="908,209 908,231 994,245 996,245 1082,234 1104,231 1115,234 1151,245 1153,245 1155,247 1358,247 1358,245 1360,245 1389,236 1414,229 1451,236 1486,242 1489,245 1590,245 1590,242 1592,242 1595,242 1595,240 1599,238 1608,229 1824,238 1829,205 1824,159 1736,145 1734,145 1619,156 1528,141 1526,141 1524,141 1469,156 1279,143 1277,143 1274,143 1248,156 1221,145 1219,145 1217,145 1111,156 1003,143 1000,143 905,161 908,209"/>
        <Baseline points="908,209 1829,205"/>
        <TextEquiv conf="0.9884340715408325">
          <Unicode>ALEXANDER III. 1159—1181.</Unicode>
        </TextEquiv>
      </TextLine>
    </TextRegion>
    <TextRegion id="eSc_textblock_ebb88cad"  custom="structure {type:default;}">
      <Coords points="2529,132 2680,150 2697,192 2635,245 2496,236 2478,150 2529,132"/>
      <TextLine id="eSc_line_75f81c3c" custom="structure {type:default;}">
        <Coords points="2514,207 2514,236 2635,238 2638,200 2631,150 2509,154 2514,207"/>
        <Baseline points="2514,207 2638,200"/>
        <TextEquiv conf="0.9999957879384359">
          <Unicode>369</Unicode>
        </TextEquiv>
      </TextLine>
    </TextRegion>
    <TextRegion id="eSc_textblock_d9b0332a"  custom="structure {type:default;}">
      <Coords points="351,3074 351,3107 326,3107 326,3091 351,3074"/>
    </TextRegion>
    <TextRegion id="eSc_textblock_d290fb83"  custom="structure {type:default;}">
      <Coords points="340,2747 351,2791 351,3054 309,3036 335,2888 291,2833 340,2747"/>
    </TextRegion>
    <TextRegion id="eSc_textblock_03282edc"  custom="structure {type:default;}">
      <Coords points="2697,600 2697,607 2691,607 2691,600 2697,600"/>
    </TextRegion>
  </Page>
</PcGts>
