<?xml version="1.0" encoding="UTF-8"  standalone="yes"?>
<PcGts xmlns="http://schema.primaresearch.org/PAGE/gts/pagecontent/2019-07-15" xmlns:xsi="http://www.w3.org/2001/XMLSchema-instance" xsi:schemaLocation="http://schema.primaresearch.org/PAGE/gts/pagecontent/2019-07-15 http://schema.primaresearch.org/PAGE/gts/pagecontent/2019-07-15/pagecontent.xsd">
  <Metadata>
	<Creator>escriptorium</Creator>
	<Created>2024-07-19T10:13:26.922021+00:00</Created>
        <LastChange>2024-08-08T08:45:26.065128+00:00</LastChange>
  </Metadata>
  <Page imageFilename="0391.png" imageWidth="3007" imageHeight="3975">
    <TextRegion id="eSc_textblock_e60dec94"  custom="structure {type:default;}">
      <Coords points="329,132 457,141 466,209 300,227 300,150 329,132"/>
      <TextLine id="eSc_line_cfd244c2" custom="structure {type:default;}">
        <Coords points="320,203 320,236 441,231 441,196 437,150 368,141 366,141 315,152 320,203"/>
        <Baseline points="320,203 441,196"/>
        <TextEquiv conf="0.9999996026357015">
          <Unicode>378</Unicode>
        </TextEquiv>
      </TextLine>
    </TextRegion>
    <TextRegion id="eSc_textblock_d770fa9a"  custom="structure {type:default;}">
      <Coords points="1124,273 2892,291 2892,3416 2865,3513 972,3522 883,3495 883,1033 848,353 892,282 1124,273"/>
      <TextLine id="eSc_line_0e82aba3" custom="structure {type:default;}">
        <Coords points="866,322 866,344 866,379 1193,371 1193,344 1193,304 894,291 892,291 890,291 881,293 866,322"/>
        <Baseline points="866,344 1193,344"/>
        <TextEquiv conf="0.99982243234461">
          <Unicode>1159— 1181.</Unicode>
        </TextEquiv>
      </TextLine>
      <TextLine id="eSc_line_352e1b87" custom="structure {type:default;}">
        <Coords points="945,406 945,432 2788,437 2790,437 2852,424 2854,390 2845,342 2792,362 2604,362 2580,344 2576,342 2573,342 2571,342 2501,342 2498,342 2496,342 2485,346 2454,359 2406,346 2399,346 2397,346 2394,346 2392,346 2386,348 2344,362 2167,364 2028,364 2006,353 1984,344 1981,344 1562,344 1559,344 1557,344 1522,359 1520,359 1511,359 1385,346 1383,346 1380,346 1341,362 1334,364 1316,362 1197,346 1195,346 1193,346 1129,364 1109,355 1106,355 1104,355 943,366 945,406"/>
        <Baseline points="945,406 2450,404 2854,390"/>
        <TextEquiv conf="0.9852370128912085">
          <Unicode>tatur. incidentes quoque quaestiones appellatione postposita terminare“ licere. „Sea-</Unicode>
        </TextEquiv>
      </TextLine>
      <TextLine id="eSc_line_b9a15448" custom="structure {type:default;}">
        <Coords points="947,463 947,488 2852,492 2856,459 2850,424 945,424 947,463"/>
        <Baseline points="947,463 2856,459"/>
        <TextEquiv conf="0.9968016251921654">
          <Unicode>inquit „appellanti ad prosecutionem terminus praefigatur congruus, intra quem si</Unicode>
        </TextEquiv>
      </TextLine>
      <TextLine id="eSc_line_203b4edb" custom="structure {type:default;}">
        <Coords points="945,518 945,541 2854,534 2856,512 2850,481 943,485 945,518"/>
        <Baseline points="945,518 2856,512"/>
        <TextEquiv conf="0.9942301964458031">
          <Unicode>appellationem non fuerit prosecutus, ex tunc tam super incidentibus, quam super</Unicode>
        </TextEquiv>
      </TextLine>
      <TextLine id="eSc_line_003fe787" custom="structure {type:default;}">
        <Coords points="947,574 947,602 2854,591 2856,569 2852,541 1902,530 1900,530 1807,541 1007,532 1005,532 945,543 947,574"/>
        <Baseline points="947,574 2856,569"/>
        <TextEquiv conf="0.9966335755655136">
          <Unicode>principali causa stare iudicio delegati iudicis, appellatione postposita, compellatur“.</Unicode>
        </TextEquiv>
      </TextLine>
      <TextLine id="eSc_line_57d941cb" custom="structure {type:default;}">
        <Coords points="945,627 945,653 2852,653 2854,622 2850,594 976,585 974,585 972,585 943,594 945,627"/>
        <Baseline points="945,627 2854,622"/>
        <TextEquiv conf="0.9880585878394371">
          <Unicode>Coll. Luc. ap. Baluzii Misc. III. 375, Comp. II. L. 2. t. 19. c. 6, Decr. Greg. L. II.</Unicode>
        </TextEquiv>
      </TextLine>
      <TextLine id="eSc_line_4fa8f548" custom="structure {type:default;}">
        <Coords points="947,682 947,702 2218,697 2220,677 2216,647 972,640 969,640 967,640 945,649 947,682"/>
        <Baseline points="947,682 2220,677"/>
        <TextEquiv conf="0.9883548789299451">
          <Unicode>t. 28. c. 33. Mansi XXI. 1103. — „Ad aures nostras“.</Unicode>
        </TextEquiv>
      </TextLine>
      <TextLine id="eSc_line_3263fb32" custom="structure {type:default;}">
        <Coords points="899,737 899,772 956,761 2854,761 2858,730 2854,697 897,695 899,737"/>
        <Baseline points="899,737 2858,730"/>
        <TextEquiv conf="0.9987447723036721">
          <Unicode>13877 (8941) (Rogero) archiepiscopo Eboracensi respondet haec: „si quando iudici de-</Unicode>
        </TextEquiv>
      </TextLine>
      <TextLine id="eSc_line_0ac69420" custom="structure {type:default;}">
        <Coords points="950,792 950,817 2854,814 2856,783 2850,750 947,759 950,792"/>
        <Baseline points="950,792 2856,783"/>
        <TextEquiv conf="0.9970459669101529">
          <Unicode>legato expediat formam sibi statutam servare, debet tamen rationabiles exceptiones</Unicode>
        </TextEquiv>
      </TextLine>
      <TextLine id="eSc_line_fb11e04a" custom="structure {type:default;}">
        <Coords points="947,845 947,870 2856,863 2858,839 2854,812 945,812 947,845"/>
        <Baseline points="947,845 2858,839"/>
        <TextEquiv conf="0.9991861840328539">
          <Unicode>admittere et in causa iuxta iuris aequitatem procedere, nisi exprimatur in litteris</Unicode>
        </TextEquiv>
      </TextLine>
      <TextLine id="eSc_line_a3e2e916" custom="structure {type:default;}">
        <Coords points="952,901 952,920 2856,927 2858,901 2856,867 952,867 952,901"/>
        <Baseline points="952,901 2858,901"/>
        <TextEquiv conf="0.9963872270819581">
          <Unicode>nostris, quod nullae debeant exceptiones admitti“. App. conc. Lat. XLII. 1, Coll.</Unicode>
        </TextEquiv>
      </TextLine>
      <TextLine id="eSc_line_51fef498" custom="structure {type:default;}">
        <Coords points="954,958 954,984 2856,978 2858,954 2854,923 952,914 954,958"/>
        <Baseline points="954,958 2858,954"/>
        <TextEquiv conf="0.9950195966582549">
          <Unicode>Lips. XXXV. 22, Coll. Cass. XLII. 23, Coll. Bamb. XXXIII. 22, Comp. I. L. 1.</Unicode>
        </TextEquiv>
      </TextLine>
      <TextLine id="eSc_line_a1f091df" custom="structure {type:default;}">
        <Coords points="952,1013 952,1040 2858,1035 2861,1007 2856,978 2693,965 2691,965 2688,965 2640,976 2523,965 2520,965 2518,965 2478,976 2476,978 2187,978 2167,976 2101,967 2098,967 2056,976 2043,978 2012,976 1913,967 1911,967 1838,976 1813,978 1802,976 1769,967 1767,967 1765,967 1542,969 1539,969 1537,969 1528,976 1522,980 1484,976 1436,969 1433,969 1398,976 1367,980 1334,976 1292,969 1290,969 950,973 952,1013"/>
        <Baseline points="952,1013 2861,1007"/>
        <TextEquiv conf="0.9894808523538636">
          <Unicode>t. 21. c. 18, Decr. Greg. L. I. t. 29. c. 13. — „Ex parte tua quaesitum“ „Ex parte</Unicode>
        </TextEquiv>
      </TextLine>
      <TextLine id="eSc_line_59958f12" custom="structure {type:default;}">
        <Coords points="947,1066 947,1088 1259,1093 1261,1066 1261,1033 947,1033 947,1066"/>
        <Baseline points="947,1066 1261,1066"/>
        <TextEquiv conf="0.9991618235905965">
          <Unicode>fraternitatis“.</Unicode>
        </TextEquiv>
      </TextLine>
      <TextLine id="eSc_line_0794aa1d" custom="structure {type:default;}">
        <Coords points="899,1119 899,1148 2812,1150 2814,1150 2816,1150 2865,1137 2865,1113 2861,1082 2772,1068 2770,1068 2768,1068 2739,1079 2739,1082 2403,1082 2401,1079 2372,1068 2370,1068 2368,1068 2220,1071 2218,1071 2216,1071 2204,1079 2198,1084 1999,1084 1988,1079 1964,1071 1961,1071 1959,1071 1957,1071 1924,1079 1908,1082 1871,1079 1789,1071 1787,1071 1623,1077 1482,1084 1462,1077 1449,1073 1447,1073 1219,1073 1217,1073 1215,1073 1212,1073 1208,1077 1195,1084 1168,1077 1153,1073 1151,1073 1148,1073 897,1075 899,1119"/>
        <Baseline points="899,1119 2865,1113"/>
        <TextEquiv conf="0.9992976255714894">
          <Unicode>13878 (8942. 8943) (Rogero) archiepiscopo Eboracensi respondet, „si a sese super</Unicode>
        </TextEquiv>
      </TextLine>
      <TextLine id="eSc_line_fcf587b3" custom="structure {type:default;}">
        <Coords points="952,1174 952,1199 2856,1201 2861,1170 2854,1141 950,1143 952,1174"/>
        <Baseline points="952,1174 2861,1170"/>
        <TextEquiv conf="0.9993714375442333">
          <Unicode>aliqua causa litterae impetrentur et aliae postea, non facta mentione priorum litterarum,</Unicode>
        </TextEquiv>
      </TextLine>
      <TextLine id="eSc_line_c1463d72" custom="structure {type:default;}">
        <Coords points="954,1232 954,1256 2861,1256 2863,1223 2858,1194 952,1192 954,1232"/>
        <Baseline points="954,1232 2863,1223"/>
        <TextEquiv conf="0.9954644732532048">
          <Unicode>litterae obtineantur, iudices, donec Romanum pontificem consulant, executione litte-</Unicode>
        </TextEquiv>
      </TextLine>
      <TextLine id="eSc_line_58f2e510" custom="structure {type:default;}">
        <Coords points="954,1285 954,1313 2863,1300 2865,1280 2858,1252 952,1254 954,1285"/>
        <Baseline points="954,1285 2865,1280"/>
        <TextEquiv conf="0.9984924898871893">
          <Unicode>rarum debere penitus supersedere“. Addit de causis, quae „sub disiunctione man-</Unicode>
        </TextEquiv>
      </TextLine>
      <TextLine id="eSc_line_b253eb09" custom="structure {type:default;}">
        <Coords points="954,1340 954,1360 2861,1369 2863,1340 2863,1305 954,1298 954,1340"/>
        <Baseline points="954,1340 2863,1340"/>
        <TextEquiv conf="0.9897770680576922">
          <Unicode>dantur“. App. conc. Lat. VII. 3. 4, XXXVI. 5, XLI. 7, Coll. Lips. XXII. 4, XXXV. 3,</Unicode>
        </TextEquiv>
      </TextLine>
      <TextLine id="eSc_line_2802bf98" custom="structure {type:default;}">
        <Coords points="954,1393 954,1415 2861,1419 2863,1393 2863,1358 954,1358 954,1393"/>
        <Baseline points="954,1393 2863,1393"/>
        <TextEquiv conf="0.9914522653893579">
          <Unicode>Coll. Cass. XLII. 3, LII. 3, Coll. Bamb. XXXIII. 3, Comp. I. L. 1. t. 21. c. 3,</Unicode>
        </TextEquiv>
      </TextLine>
      <TextLine id="eSc_line_62f2aed1" custom="structure {type:default;}">
        <Coords points="954,1446 952,1464 974,1477 976,1477 978,1477 1608,1470 1785,1468 2856,1479 2861,1450 2861,1419 2830,1406 2828,1406 2825,1406 2823,1406 2781,1417 2472,1406 2470,1406 2467,1406 2434,1415 2428,1417 2421,1415 2401,1406 2399,1406 2397,1406 2328,1415 2304,1417 2295,1415 2273,1406 2271,1406 2269,1406 2216,1413 2187,1417 2174,1413 2154,1406 2151,1406 2149,1406 2147,1406 2127,1413 2116,1417 2103,1413 2087,1406 2085,1406 2083,1406 2034,1413 1990,1417 1919,1411 1836,1404 1833,1404 1526,1408 1016,1415 954,1404 954,1446"/>
        <Baseline points="954,1446 2861,1450"/>
        <TextEquiv conf="0.9909307762633922">
          <Unicode>L. 2. t. 1. c. 4, L. 2. t. 20. c. 17, Decr. Greg. L. I. t. 3. c. 4, L. I. t. 29. c. 2,</Unicode>
        </TextEquiv>
      </TextLine>
      <TextLine id="eSc_line_e3032ff0" custom="structure {type:default;}">
        <Coords points="954,1506 954,1523 2014,1530 2017,1530 2547,1517 2549,1499 2545,1468 952,1468 954,1506"/>
        <Baseline points="954,1506 2549,1499"/>
        <TextEquiv conf="0.9940710588240288">
          <Unicode>L. II. t. 27. c. 9. — „Sane si a nobis“ „Inter ceteras consultationes“.</Unicode>
        </TextEquiv>
      </TextLine>
      <TextLine id="eSc_line_55c5064a" custom="structure {type:default;}">
        <Coords points="905,1559 905,1585 2865,1576 2867,1552 2863,1519 927,1514 925,1514 923,1514 903,1523 905,1559"/>
        <Baseline points="905,1559 2867,1552"/>
        <TextEquiv conf="0.9986523345897073">
          <Unicode>13879 (8944) (Rogero) archiepiscopo Eboracensi concedit, „ut, si clerici, qui in ecclesiis eius</Unicode>
        </TextEquiv>
      </TextLine>
      <TextLine id="eSc_line_a0613651" custom="structure {type:default;}">
        <Coords points="954,1614 954,1636 2861,1631 2863,1607 2856,1567 952,1576 954,1614"/>
        <Baseline points="954,1614 2863,1607"/>
        <TextEquiv conf="0.9948084936585537">
          <Unicode>iurisdictionis beneficium sint adepti, ad aliam dioecesim absque licentia eius morandi</Unicode>
        </TextEquiv>
      </TextLine>
      <TextLine id="eSc_line_c70ca3bb" custom="structure {type:default;}">
        <Coords points="954,1665 954,1689 2858,1684 2861,1660 2854,1629 952,1634 954,1665"/>
        <Baseline points="954,1665 2861,1660"/>
        <TextEquiv conf="0.999998833003797">
          <Unicode>causa transierint, eos beneficiis spoliet, nisi forte scholasticis disciplinis invigilaverint“.</Unicode>
        </TextEquiv>
      </TextLine>
      <TextLine id="eSc_line_b97d2134" custom="structure {type:default;}">
        <Coords points="958,1726 958,1753 1491,1746 1517,1755 1526,1757 1528,1757 1531,1757 1551,1755 1615,1744 1657,1755 1668,1757 1670,1757 1672,1760 1884,1760 1884,1757 1886,1757 1895,1755 1935,1744 1975,1755 1984,1757 1986,1757 1988,1760 2174,1760 2174,1757 2187,1755 2229,1746 2414,1755 2428,1755 2430,1755 2432,1755 2459,1744 2728,1755 2735,1755 2737,1755 2739,1755 2799,1742 2858,1755 2863,1720 2861,1689 2834,1676 2832,1676 2830,1676 2828,1676 2805,1687 2543,1676 2540,1676 2538,1676 2512,1687 2467,1676 2465,1676 2463,1676 2375,1687 2337,1676 2335,1676 2333,1676 2330,1676 2328,1676 2313,1687 2193,1678 2191,1678 2189,1678 2187,1678 2169,1691 1908,1691 1889,1678 1886,1678 1884,1678 1882,1678 1880,1678 1836,1689 1729,1678 1727,1678 1615,1689 1597,1678 1595,1678 1592,1678 1590,1678 1588,1678 1546,1691 1513,1680 1511,1680 1509,1680 1506,1680 1482,1691 1449,1680 1447,1680 1444,1680 1310,1691 1215,1680 1212,1680 1210,1680 1208,1680 1193,1693 1056,1693 983,1680 980,1680 978,1680 976,1680 956,1691 958,1726"/>
        <Baseline points="958,1726 2863,1720"/>
        <TextEquiv conf="0.9824921934001417">
          <Unicode>App. conc. Lat. XXX. 6, Comp. II. L. 3. t. 3. c. 1, Decr. Greg. L. III. t. 4. c. 5.</Unicode>
        </TextEquiv>
      </TextLine>
      <TextLine id="eSc_line_bd9c6999" custom="structure {type:default;}">
        <Coords points="956,1777 956,1795 1301,1806 1303,1806 1305,1806 1307,1806 1323,1793 1325,1793 1347,1804 1349,1804 1352,1804 1433,1793 1442,1793 1458,1793 1630,1804 1632,1804 1634,1804 1685,1790 1685,1773 1681,1744 1319,1733 1316,1733 1314,1733 1281,1744 1067,1735 1064,1735 954,1746 956,1777"/>
        <Baseline points="956,1777 1685,1773"/>
        <TextEquiv conf="0.9981623589992523">
          <Unicode>— „Fraternitati tuae duximus“.</Unicode>
        </TextEquiv>
      </TextLine>
      <TextLine id="eSc_line_0d927f0e" custom="structure {type:default;}">
        <Coords points="905,1832 905,1866 2863,1848 2865,1824 2861,1790 927,1786 925,1786 923,1786 903,1795 905,1832"/>
        <Baseline points="905,1832 2865,1824"/>
        <TextEquiv conf="0.9993517519462676">
          <Unicode>13880 (8945) (Rogero) archiepiscopo Eboracensi (al. episcopo Dunelmensi) scribit, ne</Unicode>
        </TextEquiv>
      </TextLine>
      <TextLine id="eSc_line_fc3ae7d7" custom="structure {type:default;}">
        <Coords points="954,1888 954,1910 2858,1912 2863,1881 2858,1852 1665,1843 1663,1843 1573,1855 1042,1846 1040,1846 952,1857 954,1888"/>
        <Baseline points="954,1888 2863,1881"/>
        <TextEquiv conf="0.9948312741954152">
          <Unicode>„ecclesiae clericis tali tenore concedantur, quod post eorum obitum alii nominatim</Unicode>
        </TextEquiv>
      </TextLine>
      <TextLine id="eSc_line_4903708b" custom="structure {type:default;}">
        <Coords points="954,1943 954,1963 2863,1958 2865,1936 2861,1905 2244,1894 2242,1894 2240,1894 2238,1894 2220,1905 1634,1896 1632,1896 1559,1908 1087,1899 1084,1899 952,1910 954,1943"/>
        <Baseline points="954,1943 2865,1936"/>
        <TextEquiv conf="0.993055393178779">
          <Unicode>succedant“. App. conc. Lat. XXVIII. 4, Coll. Lips. V. 3, Coll. Cass. XVII. 3, Coll.</Unicode>
        </TextEquiv>
      </TextLine>
      <TextLine id="eSc_line_3c2bbe6d" custom="structure {type:default;}">
        <Coords points="954,1994 954,2022 2858,2027 2863,1989 2856,1961 952,1963 954,1994"/>
        <Baseline points="954,1994 2863,1989"/>
        <TextEquiv conf="0.9962113655748821">
          <Unicode>Bamb. V. 3, Comp. I. L. 1. t. 26. c. 5, Decr. Greg. L. I. t. 35. c. 5. — „Accepimus,</Unicode>
        </TextEquiv>
      </TextLine>
      <TextLine id="eSc_line_46c4ceb8" custom="structure {type:default;}">
        <Coords points="954,2049 954,2071 972,2084 974,2084 976,2084 978,2084 1334,2069 1334,2049 1334,2020 954,2020 954,2049"/>
        <Baseline points="954,2049 1334,2049"/>
        <TextEquiv conf="0.9999986631529671">
          <Unicode>quod quaedam“.</Unicode>
        </TextEquiv>
      </TextLine>
      <TextLine id="eSc_line_4d908024" custom="structure {type:default;}">
        <Coords points="908,2104 908,2128 2863,2122 2865,2095 2858,2055 905,2060 908,2104"/>
        <Baseline points="908,2104 2865,2095"/>
        <TextEquiv conf="0.9993481557993662">
          <Unicode>13881 (8946) (Rogero) archiepiscopo Eboracensi de sacerdotum filiis in ecclesiis in-</Unicode>
        </TextEquiv>
      </TextLine>
      <TextLine id="eSc_line_a06b61b4" custom="structure {type:default;}">
        <Coords points="954,2161 954,2184 2858,2186 2863,2157 2858,2126 952,2120 954,2161"/>
        <Baseline points="954,2161 2863,2157"/>
        <TextEquiv conf="0.9902074414141038">
          <Unicode>stitutis vel instituendis respondet. App. conc. Lat. XIX. 10, Coll. Cass. XXXIII. 10,</Unicode>
        </TextEquiv>
      </TextLine>
      <TextLine id="eSc_line_ef41b587" custom="structure {type:default;}">
        <Coords points="954,2214 954,2241 2854,2232 2856,2206 2852,2179 2587,2166 2585,2166 2582,2166 2580,2166 2562,2177 2403,2168 2401,2168 2399,2168 2377,2179 2375,2179 2364,2179 2275,2168 2273,2168 2167,2179 2156,2179 2151,2179 2121,2168 2118,2168 2116,2168 2114,2168 2112,2168 2096,2179 2094,2181 952,2181 954,2214"/>
        <Baseline points="954,2214 2856,2206"/>
        <TextEquiv conf="0.9919811734339086">
          <Unicode>Coll. Bamb. XXIII. 9, Comp. I. L. 1. t. 9. c. 11, Decr. Greg. L. I. t. 17. c. 9. —</Unicode>
        </TextEquiv>
      </TextLine>
      <TextLine id="eSc_line_5e93f575" custom="structure {type:default;}">
        <Coords points="958,2270 958,2298 1170,2292 1193,2296 1224,2303 1226,2303 1288,2294 1323,2290 1327,2294 1334,2298 1334,2301 1336,2301 1338,2301 1341,2303 1539,2303 1539,2301 1639,2290 1659,2287 1674,2290 1743,2298 1745,2298 1831,2285 1833,2263 1827,2228 956,2237 958,2270"/>
        <Baseline points="958,2270 1833,2263"/>
        <TextEquiv conf="0.9887920303477181">
          <Unicode>„Ex tua nobis“ „Ex tua parte nobis“.</Unicode>
        </TextEquiv>
      </TextLine>
      <TextLine id="eSc_line_32bde92f" custom="structure {type:default;}">
        <Coords points="908,2320 908,2358 2863,2347 2865,2312 2861,2283 905,2283 908,2320"/>
        <Baseline points="908,2320 2865,2312"/>
        <TextEquiv conf="0.9948620700288093">
          <Unicode>13882 (8947) (Rogero) archiepiscopo Eboracensi scribit de ecclesiis quibusdam ecclesiae</Unicode>
        </TextEquiv>
      </TextLine>
      <TextLine id="eSc_line_686ae774" custom="structure {type:default;}">
        <Coords points="956,2378 956,2398 2861,2400 2865,2373 2861,2345 976,2336 974,2336 972,2336 969,2336 954,2343 956,2378"/>
        <Baseline points="956,2378 2865,2373"/>
        <TextEquiv conf="0.9965806816831048">
          <Unicode>b. Petri Eboracensi concessis. App. conc. Lat. XV. 23, Coll. Lips. LII. 27, Coll.</Unicode>
        </TextEquiv>
      </TextLine>
      <TextLine id="eSc_line_97b5148b" custom="structure {type:default;}">
        <Coords points="954,2433 954,2460 2861,2453 2863,2429 2858,2398 978,2389 976,2389 974,2389 952,2398 954,2433"/>
        <Baseline points="954,2433 2863,2429"/>
        <TextEquiv conf="0.9930231367840486">
          <Unicode>Cass. LIII. 20, Coll. Bamb. XLV. 20, Comp. I. L. 3. t. 33. c. 25, Decr. Greg. L. III.</Unicode>
        </TextEquiv>
      </TextLine>
      <TextLine id="eSc_line_2b227e0d" custom="structure {type:default;}">
        <Coords points="954,2488 954,2506 1067,2519 1069,2519 1071,2519 1073,2519 1093,2506 1095,2506 1135,2517 1137,2517 1140,2517 1142,2517 1168,2506 1170,2506 1173,2506 1226,2519 1228,2519 1230,2519 1232,2519 1235,2519 1250,2506 1252,2506 1307,2506 1312,2506 1433,2519 1436,2519 1586,2517 1588,2517 1615,2504 1641,2517 1643,2517 1646,2517 1705,2504 1721,2517 1723,2517 1725,2517 1727,2519 1864,2519 1864,2517 1866,2517 1922,2502 1922,2484 1915,2455 952,2457 954,2488"/>
        <Baseline points="954,2488 1922,2484"/>
        <TextEquiv conf="0.9917079389095307">
          <Unicode>t. 38. c. 20. — „Suggestum est auribus“.</Unicode>
        </TextEquiv>
      </TextLine>
      <TextLine id="eSc_line_8666569b" custom="structure {type:default;}">
        <Coords points="908,2541 908,2568 2861,2559 2863,2532 2858,2502 2492,2491 2489,2491 2346,2502 2339,2502 2328,2502 2003,2493 2001,2493 1891,2504 1880,2504 1849,2504 1524,2495 1522,2495 905,2506 908,2541"/>
        <Baseline points="908,2541 2863,2532"/>
        <TextEquiv conf="0.9984156239179918">
          <Unicode>13883 (8948) (Rogero) archiepiscopo Eboracensi mandat, ne nobilem virum W. filium</Unicode>
        </TextEquiv>
      </TextLine>
      <TextLine id="eSc_line_96a32e3b" custom="structure {type:default;}">
        <Coords points="954,2594 954,2619 2865,2619 2865,2594 2865,2566 954,2566 954,2594"/>
        <Baseline points="954,2594 2865,2594"/>
        <TextEquiv conf="0.9944775627880562">
          <Unicode>Godrici a R. clerico de Ponte fracto propter ecclesiam quandam gravari sinat. App.</Unicode>
        </TextEquiv>
      </TextLine>
      <TextLine id="eSc_line_5c3458cf" custom="structure {type:default;}">
        <Coords points="956,2652 956,2676 2863,2676 2865,2647 2858,2612 2569,2616 2560,2612 2545,2605 2543,2605 2540,2605 2538,2605 2512,2612 2498,2616 2492,2612 2481,2605 2478,2605 2476,2605 2474,2605 2434,2614 2417,2616 2406,2614 2383,2605 2381,2605 2379,2605 2377,2605 2357,2614 2348,2616 2328,2614 2271,2605 2269,2605 2220,2614 2209,2616 2204,2614 2187,2605 2185,2605 2182,2605 2180,2605 2178,2605 2163,2614 2160,2616 2140,2614 2050,2605 2048,2605 2001,2616 1995,2616 1988,2616 1919,2605 1917,2605 1915,2605 1913,2605 1897,2616 1893,2619 1873,2616 1796,2608 1794,2608 1701,2619 1685,2619 1681,2619 1654,2608 1652,2608 1650,2608 1579,2619 1573,2619 1568,2619 1531,2608 1528,2608 1526,2608 1524,2608 1491,2619 1489,2619 1484,2619 1391,2608 1389,2608 1387,2608 1385,2608 1369,2619 1369,2621 1334,2621 1270,2621 1215,2608 1212,2608 1151,2619 1109,2608 1106,2608 1104,2608 1102,2608 1100,2608 1082,2621 954,2621 956,2652"/>
        <Baseline points="956,2652 2865,2647"/>
        <TextEquiv conf="0.9976286583003544">
          <Unicode>conc. Lat. II. 14, Coll. Lips. I. 3, Coll. Cass. XIII. 3, Coll. Bamb. I. 3, Comp. I.</Unicode>
        </TextEquiv>
      </TextLine>
      <TextLine id="eSc_line_7db1553f" custom="structure {type:default;}">
        <Coords points="954,2707 954,2733 2540,2722 2543,2703 2536,2667 952,2669 954,2707"/>
        <Baseline points="954,2707 2543,2703"/>
        <TextEquiv conf="0.9942297961782006">
          <Unicode>L. 5. t. 2. c. 11, Deor. Greg. L. V. t. 3. c. 12, — „Cum essent in“.</Unicode>
        </TextEquiv>
      </TextLine>
      <TextLine id="eSc_line_b942e3dc" custom="structure {type:default;}">
        <Coords points="908,2762 908,2791 2861,2784 2863,2751 2856,2718 905,2727 908,2762"/>
        <Baseline points="908,2762 2863,2751"/>
        <TextEquiv conf="0.9997882347509085">
          <Unicode>13884 (8949) (Rogero) archiepiscopo Eboracensi scribit de ecclesia in villa H. (al.</Unicode>
        </TextEquiv>
      </TextLine>
      <TextLine id="eSc_line_b242a514" custom="structure {type:default;}">
        <Coords points="961,2817 961,2842 2858,2844 2863,2811 2858,2782 2622,2769 2620,2769 2445,2780 2408,2769 2406,2769 2403,2769 2249,2782 2224,2782 2222,2782 2207,2771 2204,2771 2202,2771 2200,2771 2198,2771 2171,2782 2169,2782 2165,2782 2143,2771 2140,2771 2138,2771 2136,2771 2114,2782 2109,2782 2090,2782 1984,2771 1981,2771 1979,2771 1977,2771 1964,2782 1959,2782 1924,2771 1922,2771 1919,2771 1873,2782 1866,2782 1862,2782 1838,2771 1836,2771 1833,2771 1696,2782 1670,2782 1661,2782 1621,2771 1619,2771 1617,2771 1615,2771 1595,2782 1590,2784 1584,2782 1573,2773 1570,2773 1568,2773 1566,2773 1511,2782 1482,2784 1414,2782 1272,2773 1270,2773 958,2780 961,2817"/>
        <Baseline points="961,2817 2863,2811"/>
        <TextEquiv conf="0.992414851014207">
          <Unicode>Nortona) aedificanda. Coll. Lips. XIX. 10, Comp. I. L. 3. t. 35. c. 2, Decr. Greg.</Unicode>
        </TextEquiv>
      </TextLine>
      <TextLine id="eSc_line_f524dafe" custom="structure {type:default;}">
        <Coords points="954,2873 954,2890 1699,2899 1701,2899 1842,2888 2028,2897 2030,2897 2032,2897 2079,2884 2079,2866 2074,2837 965,2831 963,2831 961,2831 958,2831 958,2833 952,2837 954,2873"/>
        <Baseline points="954,2873 2079,2866"/>
        <TextEquiv conf="0.985878272259489">
          <Unicode>L. III. t. 48. c. 3. — „Ad audientiam nostram“.</Unicode>
        </TextEquiv>
      </TextLine>
      <TextLine id="eSc_line_7ed417d3" custom="structure {type:default;}">
        <Coords points="908,2923 908,2950 2863,2941 2865,2915 2858,2884 905,2890 908,2923"/>
        <Baseline points="908,2923 2865,2915"/>
        <TextEquiv conf="0.9980633411465621">
          <Unicode>13885 (8950) (Rogero) archiepiscopo Eboracensi mandat, hortetur Nicolaum archidia-</Unicode>
        </TextEquiv>
      </TextLine>
      <TextLine id="eSc_line_e400ca42" custom="structure {type:default;}">
        <Coords points="961,2981 961,3005 2861,2998 2863,2974 2858,2945 2229,2934 2227,2934 2224,2934 2189,2945 1615,2937 1612,2937 1610,2937 1588,2948 1137,2939 1135,2939 958,2950 961,2981"/>
        <Baseline points="961,2981 2863,2974"/>
        <TextEquiv conf="0.9928966574370861">
          <Unicode>conum de Bedeford, ne praebendam ecclesiae Bevianensis requirat. App. conc. Lat.</Unicode>
        </TextEquiv>
      </TextLine>
      <TextLine id="eSc_line_b0cc3aa4" custom="structure {type:default;}">
        <Coords points="958,3036 961,3074 1005,3060 1327,3069 1400,3071 1402,3071 1405,3071 1411,3069 1442,3058 1471,3069 1475,3069 1478,3069 1480,3071 1749,3071 1749,3069 1752,3069 1763,3065 1780,3058 2026,3062 2319,3067 2322,3067 2361,3058 2386,3054 2428,3058 2501,3065 2503,3065 2505,3065 2507,3065 2520,3056 2525,3054 2560,3056 2668,3065 2671,3065 2856,3051 2858,3027 2854,2998 2514,2998 2487,2985 2485,2985 2483,2985 2481,2985 2443,2996 2417,2985 2414,2985 2412,2985 2348,2998 2339,2998 2293,2998 1939,2987 1937,2987 1935,2987 1908,2998 1902,3001 1884,2998 1827,2990 1824,2990 1822,2990 1798,2998 1791,3003 1575,3003 1568,2998 1555,2990 1553,2990 1551,2990 1548,2990 1467,2998 1429,3003 1409,2998 1374,2992 1372,2992 1336,2998 1316,3005 1166,3005 1159,2998 1148,2992 1146,2992 1144,2992 1142,2992 1140,2992 1120,2998 1111,3003 1102,2998 1084,2992 1082,2992 1080,2992 956,2998 958,3036"/>
        <Baseline points="958,3036 2858,3027"/>
        <TextEquiv conf="0.9930090331411981">
          <Unicode>XXX. 1, Coll. Lips. XXI. 1, Coll. Cass. XXXI. 1, Comp. I. L. 3. t. 5. c. 7. —</Unicode>
        </TextEquiv>
      </TextLine>
      <TextLine id="eSc_line_8f65c8d1" custom="structure {type:default;}">
        <Coords points="956,3089 956,3111 1484,3109 1484,3089 1484,3058 956,3058 956,3089"/>
        <Baseline points="956,3089 1484,3089"/>
        <TextEquiv conf="0.9717094681479714">
          <Unicode>„Relatum est auribus“.</Unicode>
        </TextEquiv>
      </TextLine>
      <TextLine id="eSc_line_8bc96765" custom="structure {type:default;}">
        <Coords points="908,3142 908,3168 2863,3160 2865,3133 2861,3102 2786,3089 2783,3089 2662,3100 2657,3100 2649,3100 2357,3091 2355,3091 2353,3091 2319,3100 2308,3102 2109,3100 1734,3093 1732,3093 1729,3093 1718,3098 1705,3104 1604,3098 1517,3093 1515,3093 1467,3098 1383,3107 905,3098 908,3142"/>
        <Baseline points="908,3142 2865,3133"/>
        <TextEquiv conf="0.9997680078192455">
          <Unicode>13886 (8951) (Rogero) archiepiscopo Eboracensi scribit de „A. presbytero detinente</Unicode>
        </TextEquiv>
      </TextLine>
      <TextLine id="eSc_line_b1f717c1" custom="structure {type:default;}">
        <Coords points="956,3197 956,3219 2861,3213 2863,3191 2858,3164 980,3157 978,3157 976,3157 954,3166 956,3197"/>
        <Baseline points="956,3197 2863,3191"/>
        <TextEquiv conf="0.9929610602557659">
          <Unicode>fornicariam et propter hoc ab officio suspenso“. App. conc. Lat. XVIII. 9, Coll.</Unicode>
        </TextEquiv>
      </TextLine>
      <TextLine id="eSc_line_b094c0a3" custom="structure {type:default;}">
        <Coords points="958,3255 958,3281 2858,3281 2861,3246 2856,3215 974,3210 972,3210 969,3210 967,3210 956,3217 958,3255"/>
        <Baseline points="958,3255 2861,3246"/>
        <TextEquiv conf="0.979880530157207">
          <Unicode>Lips. XLV. 8, Coll. Cass. LXIII. 8, Coll. Bamb. LV. 8, Comp. I. L. 3. t. 2. c. 8,</Unicode>
        </TextEquiv>
      </TextLine>
      <TextLine id="eSc_line_9239d2a1" custom="structure {type:default;}">
        <Coords points="954,3308 954,3330 2299,3323 2302,3301 2297,3274 967,3268 965,3268 963,3268 961,3268 952,3272 954,3308"/>
        <Baseline points="954,3308 2302,3301"/>
        <TextEquiv conf="0.9996988611706232">
          <Unicode>Decr. Greg. L. III. t. 2. c. 5. — „Super eo, quod asseris“.</Unicode>
        </TextEquiv>
      </TextLine>
      <TextLine id="eSc_line_9445acc0" custom="structure {type:default;}">
        <Coords points="910,3358 910,3389 2863,3378 2863,3352 2858,3323 952,3316 950,3316 947,3316 908,3327 910,3358"/>
        <Baseline points="910,3358 2863,3352"/>
        <TextEquiv conf="0.983214269543803">
          <Unicode>13887 (8952) (Rogero) archiepiscopo Eboracensi scribit de Willelmo, filio G., excommu-</Unicode>
        </TextEquiv>
      </TextLine>
      <TextLine id="eSc_line_a1aa8399" custom="structure {type:default;}">
        <Coords points="956,3416 956,3442 2858,3431 2858,3405 2852,3378 954,3383 956,3416"/>
        <Baseline points="956,3416 2858,3405"/>
        <TextEquiv conf="0.9997630076748985">
          <Unicode>nicato pro eo quod, cum filiam cuiusdam nobilis viri, dum esset minoris aetatis, de-</Unicode>
        </TextEquiv>
      </TextLine>
      <TextLine id="eSc_line_fec8df04" custom="structure {type:default;}">
        <Coords points="961,3469 961,3531 1071,3533 1073,3533 1075,3533 1082,3531 1109,3517 1182,3528 1206,3533 1208,3533 1232,3528 1270,3522 1341,3528 1405,3533 1407,3533 1409,3533 1429,3526 1455,3520 1612,3524 1780,3531 1782,3531 1785,3531 1805,3522 1831,3511 1853,3522 1866,3528 1869,3528 1871,3528 1873,3528 1895,3522 1944,3509 2045,3520 2118,3528 2121,3531 2218,3531 2218,3528 2220,3528 2244,3517 2269,3509 2425,3509 2436,3515 2445,3524 2448,3524 2450,3524 2452,3524 2454,3524 2483,3515 2518,3506 2854,3511 2856,3460 2850,3433 958,3440 961,3469"/>
        <Baseline points="961,3469 2856,3460"/>
        <TextEquiv conf="0.9691194358260132">
          <Unicode>sponsasset., postea, divortio facto, matrem puellae matrimonio sibi copularit. Mandat.</Unicode>
        </TextEquiv>
      </TextLine>
    </TextRegion>
    <TextRegion id="eSc_textblock_77fde438"  custom="structure {type:default;}">
      <Coords points="1151,123 2026,123 2070,141 2079,209 2043,245 1155,236 1093,192 1102,132 1151,123"/>
      <TextLine id="eSc_line_fd5db797" custom="structure {type:default;}">
        <Coords points="1126,200 1126,225 2043,223 2045,196 2041,150 1906,132 1904,132 1902,132 1900,132 1880,150 1836,150 1816,132 1813,132 1811,132 1809,132 1807,132 1805,132 1805,134 1796,143 1780,130 1780,128 1778,128 1776,128 1774,128 1771,128 1729,141 1718,132 1716,132 1714,132 1712,132 1710,132 1707,132 1707,134 1690,147 1555,134 1553,134 1551,134 1522,150 1484,130 1482,130 1268,130 1265,130 1263,130 1261,130 1239,143 1197,130 1195,130 1193,130 1190,130 1124,152 1126,200"/>
        <Baseline points="1126,200 2045,196"/>
        <TextEquiv conf="0.9999772763252258">
          <Unicode>ALEXANDER III. 1159—1181.</Unicode>
        </TextEquiv>
      </TextLine>
    </TextRegion>
  </Page>
</PcGts>
