<?xml version="1.0" encoding="UTF-8"  standalone="yes"?>
<PcGts xmlns="http://schema.primaresearch.org/PAGE/gts/pagecontent/2019-07-15" xmlns:xsi="http://www.w3.org/2001/XMLSchema-instance" xsi:schemaLocation="http://schema.primaresearch.org/PAGE/gts/pagecontent/2019-07-15 http://schema.primaresearch.org/PAGE/gts/pagecontent/2019-07-15/pagecontent.xsd">
  <Metadata>
	<Creator>escriptorium</Creator>
	<Created>2024-07-19T10:13:28.357288+00:00</Created>
        <LastChange>2024-08-08T08:45:31.286769+00:00</LastChange>
  </Metadata>
  <Page imageFilename="0394.png" imageWidth="3007" imageHeight="3975">
    <TextRegion id="eSc_textblock_d5fabdb6"  custom="structure {type:default;}">
      <Coords points="720,291 2715,309 2697,2859 2662,3522 751,3539 671,3513 662,335 720,291"/>
      <TextLine id="eSc_line_9f467076" custom="structure {type:default;}">
        <Coords points="866,291 863,291 824,309 784,291 782,291 779,291 689,311 673,324 676,359 676,375 744,388 746,388 852,375 885,386 888,386 890,386 985,384 987,384 989,384 989,382 1000,371 1000,353 996,309 868,291 866,291"/>
        <Baseline points="676,359 1000,353"/>
        <TextEquiv conf="0.9499844074249267">
          <Unicode>1159—1181.</Unicode>
        </TextEquiv>
      </TextLine>
      <TextLine id="eSc_line_46fd69d5" custom="structure {type:default;}">
        <Coords points="704,421 704,450 2664,443 2666,415 2662,368 2551,357 2549,357 2366,368 2355,368 2353,368 2293,355 2291,355 2211,368 2140,355 2138,355 2076,371 1816,371 1732,371 1729,371 1637,357 1634,357 1517,371 1475,357 1473,357 1471,357 1469,357 1444,368 1358,357 1356,357 1246,359 1243,359 1212,373 1020,362 1018,362 927,373 821,359 819,359 702,375 704,421"/>
        <Baseline points="704,421 2666,415"/>
        <TextEquiv conf="0.9875925983054729">
          <Unicode>13915 (8979) Episcopo Exoniensi respondet. „cum aliquis nimis prolixum terminum</Unicode>
        </TextEquiv>
      </TextLine>
      <TextLine id="eSc_line_fe783f05" custom="structure {type:default;}">
        <Coords points="755,474 755,499 2664,492 2666,470 2660,439 753,441 755,474"/>
        <Baseline points="755,474 2666,470"/>
        <TextEquiv conf="0.9972689166301634">
          <Unicode>suae appellationi praefixerit, iudex potestatem habet competenti modo abreviandi“,</Unicode>
        </TextEquiv>
      </TextLine>
      <TextLine id="eSc_line_f3a6d83d" custom="structure {type:default;}">
        <Coords points="753,527 753,552 2664,560 2668,523 2662,494 751,496 753,527"/>
        <Baseline points="753,527 2668,523"/>
        <TextEquiv conf="0.9919549066845964">
          <Unicode>cet. App. conc. Lat. VII. 19, Comp. I. L. 1. t. 23. c. 8. — „In litteras“ „Ad haec</Unicode>
        </TextEquiv>
      </TextLine>
      <TextLine id="eSc_line_c2862b1a" custom="structure {type:default;}">
        <Coords points="753,583 753,600 890,611 892,611 1067,596 1069,578 1062,545 751,552 753,583"/>
        <Baseline points="753,583 1069,578"/>
        <TextEquiv conf="0.9943621800496028">
          <Unicode>cum aliquis“.</Unicode>
        </TextEquiv>
      </TextLine>
      <TextLine id="eSc_line_1e0963c5" custom="structure {type:default;}">
        <Coords points="704,640 704,671 2666,655 2668,631 2664,594 702,594 704,640"/>
        <Baseline points="704,640 2668,631"/>
        <TextEquiv conf="0.9988130444572085">
          <Unicode>13916 (8980) Episcopo Exoniensi respondet de peregrinationis votis eleemosynis redi-</Unicode>
        </TextEquiv>
      </TextLine>
      <TextLine id="eSc_line_481c55f4" custom="structure {type:default;}">
        <Coords points="757,693 757,717 2662,717 2664,689 2660,660 1723,649 1721,649 1718,649 1716,649 1696,660 779,651 777,651 775,651 755,660 757,693"/>
        <Baseline points="757,693 2664,689"/>
        <TextEquiv conf="0.9877543245689778">
          <Unicode>mendis vel pro necessitate in aliud commutandis. App. conc. Lat. XXXV. 3, Coll.</Unicode>
        </TextEquiv>
      </TextLine>
      <TextLine id="eSc_line_3229c123" custom="structure {type:default;}">
        <Coords points="755,744 753,766 2664,770 2668,748 2666,715 755,711 755,744"/>
        <Baseline points="755,744 2668,748"/>
        <TextEquiv conf="0.999581880039639">
          <Unicode>Lips. XXIII. 23, Coll. Cass. XXXIX. 2, Coll. Bamb. XXVI. 1, Comp. I. L. 3. t. 29.</Unicode>
        </TextEquiv>
      </TextLine>
      <TextLine id="eSc_line_5792a7ac" custom="structure {type:default;}">
        <Coords points="755,803 755,832 2664,832 2666,799 2662,770 1765,759 1763,759 1705,770 908,761 905,761 753,772 755,803"/>
        <Baseline points="755,803 2666,799"/>
        <TextEquiv conf="0.9875192257422435">
          <Unicode>c. 1, Decr. Greg. L. III. t. 34. c. 1. — „De peregrinationis“ „De voto peregri-</Unicode>
        </TextEquiv>
      </TextLine>
      <TextLine id="eSc_line_a87ae607" custom="structure {type:default;}">
        <Coords points="751,861 751,885 978,885 980,856 976,819 748,814 751,861"/>
        <Baseline points="751,861 980,856"/>
        <TextEquiv conf="0.9997667729854584">
          <Unicode>nationis“.</Unicode>
        </TextEquiv>
      </TextLine>
      <TextLine id="eSc_line_112cdcd4" custom="structure {type:default;}">
        <Coords points="704,916 704,940 2666,938 2668,912 2662,863 702,874 704,916"/>
        <Baseline points="704,916 2668,912"/>
        <TextEquiv conf="0.9940407577949234">
          <Unicode>13917 (8982) Episcopo Exoniensi de lite inter P. et R. scribit. App. conc. Lat.</Unicode>
        </TextEquiv>
      </TextLine>
      <TextLine id="eSc_line_cb8f091a" custom="structure {type:default;}">
        <Coords points="757,969 757,991 2668,984 2668,965 2662,927 755,929 757,969"/>
        <Baseline points="757,969 2668,965"/>
        <TextEquiv conf="0.9921023982116975">
          <Unicode>XXXIII. 1, (Coll. Lips. LXIII. 6, Coll. Cass. LXII. 5, Coll. Bamb. LIV. 6, Comp. I.</Unicode>
        </TextEquiv>
      </TextLine>
      <TextLine id="eSc_line_33e70377" custom="structure {type:default;}">
        <Coords points="753,1022 753,1057 2662,1042 2664,1015 2657,978 751,980 753,1022"/>
        <Baseline points="753,1022 2664,1015"/>
        <TextEquiv conf="0.9906507048262171">
          <Unicode>L. 4. t. 18. c. 6, Decr. Greg. L. IV. t. 17. c. 6). — „Meminimus, nos fraternitati“</Unicode>
        </TextEquiv>
      </TextLine>
      <TextLine id="eSc_line_1158408d" custom="structure {type:default;}">
        <Coords points="751,1075 748,1097 760,1106 762,1106 764,1106 766,1106 1159,1097 1162,1079 1159,1046 751,1042 751,1075"/>
        <Baseline points="751,1075 1162,1079"/>
        <TextEquiv conf="0.9916195041603513">
          <Unicode>(„Tanta est vis“).</Unicode>
        </TextEquiv>
      </TextLine>
      <TextLine id="eSc_line_65f23046" custom="structure {type:default;}">
        <Coords points="704,1132 704,1154 2666,1154 2666,1132 2664,1088 704,1095 704,1132"/>
        <Baseline points="704,1132 2666,1132"/>
        <TextEquiv conf="0.9998383184513414">
          <Unicode>13918 (8983) Episcopo Exoniensi scribit de controversia W. clerici de Calestin (al.</Unicode>
        </TextEquiv>
      </TextLine>
      <TextLine id="eSc_line_8e027ac3" custom="structure {type:default;}">
        <Coords points="751,1188 751,1210 2662,1205 2664,1183 2660,1150 773,1143 771,1143 768,1143 748,1152 751,1188"/>
        <Baseline points="751,1188 2664,1183"/>
        <TextEquiv conf="0.9936757357347579">
          <Unicode>Caelestin, Cal.) et G. de Cal(estin?), qui sororem illius in uxorem duxerit et fidei</Unicode>
        </TextEquiv>
      </TextLine>
      <TextLine id="eSc_line_0b6c02c2" custom="structure {type:default;}">
        <Coords points="751,1245 751,1269 2664,1269 2666,1238 2660,1207 748,1212 751,1245"/>
        <Baseline points="751,1245 2666,1238"/>
        <TextEquiv conf="0.9961620217346283">
          <Unicode>interpositione firmaverit, quod 5 solidos sterlingorum annuatim ei daret. Comp. II.</Unicode>
        </TextEquiv>
      </TextLine>
      <TextLine id="eSc_line_cec64985" custom="structure {type:default;}">
        <Coords points="751,1298 751,1325 2489,1313 2492,1291 2487,1263 748,1263 751,1298"/>
        <Baseline points="751,1298 2492,1291"/>
        <TextEquiv conf="0.9961318524678549">
          <Unicode>L. 1. t. 20. c. 2, Decr. Greg. L. I. t. 43. c. 3 — „Pervenit ad nos, quod“.</Unicode>
        </TextEquiv>
      </TextLine>
      <TextLine id="eSc_line_078dda80" custom="structure {type:default;}">
        <Coords points="702,1353 702,1382 2662,1380 2664,1349 2657,1309 700,1313 702,1353"/>
        <Baseline points="702,1353 2664,1349"/>
        <TextEquiv conf="0.9959477082241414">
          <Unicode>13919 (8984) Episcopo Exoniensi (al. archiepiscopo Cantuariensi) respondet de iis, qui</Unicode>
        </TextEquiv>
      </TextLine>
      <TextLine id="eSc_line_ebb90537" custom="structure {type:default;}">
        <Coords points="753,1408 753,1439 2664,1426 2666,1402 2660,1373 751,1378 753,1408"/>
        <Baseline points="753,1408 2666,1402"/>
        <TextEquiv conf="0.9998659267145045">
          <Unicode>„excommunicati sedem apostolicam visitent, et reticentes causas, pro quibus sint vin-</Unicode>
        </TextEquiv>
      </TextLine>
      <TextLine id="eSc_line_2b7f0683" custom="structure {type:default;}">
        <Coords points="751,1464 751,1490 2664,1488 2666,1459 2660,1431 748,1431 751,1464"/>
        <Baseline points="751,1464 2666,1459"/>
        <TextEquiv conf="0.9918309557868774">
          <Unicode>culo excommunicationis adstricti, de absolutione sua litteras deferant“. App. conc.</Unicode>
        </TextEquiv>
      </TextLine>
      <TextLine id="eSc_line_fe4335c7" custom="structure {type:default;}">
        <Coords points="751,1517 751,1541 2657,1545 2662,1512 2657,1481 748,1479 751,1517"/>
        <Baseline points="751,1517 2662,1512"/>
        <TextEquiv conf="0.9945207704336215">
          <Unicode>Lat. XXXI. 1, Coll. Lips. XXXII. 10, Coll. Cass. XLI. 8, Coll. Bamb. XXXII. 8,</Unicode>
        </TextEquiv>
      </TextLine>
      <TextLine id="eSc_line_9912ed8c" custom="structure {type:default;}">
        <Coords points="748,1572 748,1592 2662,1603 2664,1572 2662,1541 748,1541 748,1572"/>
        <Baseline points="748,1572 2664,1572"/>
        <TextEquiv conf="0.9973486153090872">
          <Unicode>Comp. I. L. 1. t. 23. c. 7, Decr. Greg. L. I. t. 31. c. 5. — „Ex parte tua nobis“.</Unicode>
        </TextEquiv>
      </TextLine>
      <TextLine id="eSc_line_b052a882" custom="structure {type:default;}">
        <Coords points="702,1627 702,1660 2660,1651 2662,1623 2657,1592 1712,1581 1710,1581 1707,1581 1679,1592 1676,1594 700,1594 702,1627"/>
        <Baseline points="702,1627 2662,1623"/>
        <TextEquiv conf="0.9940116254680128">
          <Unicode>13920 (8985) Episcopo Exoniensi (al. Dunelmensi, Veronensi, Norwicensi) de appella-</Unicode>
        </TextEquiv>
      </TextLine>
      <TextLine id="eSc_line_248a43c4" custom="structure {type:default;}">
        <Coords points="751,1684 751,1707 2657,1709 2662,1680 2657,1649 1723,1638 1721,1638 1718,1638 1716,1638 1699,1649 779,1640 777,1640 775,1640 748,1649 751,1684"/>
        <Baseline points="751,1684 2662,1680"/>
        <TextEquiv conf="0.9975560451128397">
          <Unicode>tionibus scribit. App. conc. Lat. X. 17, Coll. Lips. XLVII. 18, Coll. Cass. LI. 17,</Unicode>
        </TextEquiv>
      </TextLine>
      <TextLine id="eSc_line_e245d3b5" custom="structure {type:default;}">
        <Coords points="751,1737 751,1764 2662,1762 2664,1733 2657,1700 748,1704 751,1737"/>
        <Baseline points="751,1737 2664,1733"/>
        <TextEquiv conf="0.9759675816253379">
          <Unicode>Coll. Bamb. XLII. 16, Comp. I. L. 2. t. 20. c. 19. — „Significavit“ „Appellationi</Unicode>
        </TextEquiv>
      </TextLine>
      <TextLine id="eSc_line_fcffd465" custom="structure {type:default;}">
        <Coords points="751,1793 751,1806 802,1821 804,1821 806,1821 938,1806 938,1793 938,1762 751,1762 751,1793"/>
        <Baseline points="751,1793 938,1793"/>
        <TextEquiv conf="0.9997134208679199">
          <Unicode>autem“.</Unicode>
        </TextEquiv>
      </TextLine>
      <TextLine id="eSc_line_04cbac07" custom="structure {type:default;}">
        <Coords points="702,1848 702,1874 2666,1866 2666,1841 2664,1804 2626,1790 2624,1790 2622,1790 2620,1790 2585,1804 2375,1804 2306,1790 2304,1790 2249,1802 1356,1793 1354,1793 1352,1793 1349,1793 1332,1804 1330,1806 700,1806 702,1848"/>
        <Baseline points="702,1848 2666,1841"/>
        <TextEquiv conf="0.9958681336949381">
          <Unicode>13921 (8986) Episcopo Exoniensi (al. Lexoviensi) scribit, „si quis rei litigiosae confir-</Unicode>
        </TextEquiv>
      </TextLine>
      <TextLine id="eSc_line_bb770bfb" custom="structure {type:default;}">
        <Coords points="753,1905 755,1938 793,1927 1106,1936 1153,1936 1155,1936 1168,1936 1243,1925 1544,1932 1665,1934 1668,1934 1710,1930 1787,1923 2662,1923 2664,1896 2657,1868 751,1874 753,1905"/>
        <Baseline points="753,1905 2664,1896"/>
        <TextEquiv conf="0.9998652711510658">
          <Unicode>mationem impetraverit apostolicae sedis, non minus iudicem posse de causa cogno-</Unicode>
        </TextEquiv>
      </TextLine>
      <TextLine id="eSc_line_3fa12aa8" custom="structure {type:default;}">
        <Coords points="751,1958 751,1980 2660,1987 2662,1958 2662,1925 751,1921 751,1958"/>
        <Baseline points="751,1958 2662,1958"/>
        <TextEquiv conf="0.9913100563449624">
          <Unicode>scere et eam fine debito terminare“. App. conc. Lat. XLIV. 10, Coll. Lips. LI. 2,</Unicode>
        </TextEquiv>
      </TextLine>
      <TextLine id="eSc_line_9c81a304" custom="structure {type:default;}">
        <Coords points="751,2009 748,2036 2657,2047 2662,2014 2660,1980 751,1972 751,2009"/>
        <Baseline points="751,2009 2662,2014"/>
        <TextEquiv conf="0.987197645008564">
          <Unicode>Coll. Cass. LII. 2, Coll. Bamb. XLIV. 2, Comp. I. L. 2. t. 21. c. 1, Decr. Greg.</Unicode>
        </TextEquiv>
      </TextLine>
      <TextLine id="eSc_line_d67255de" custom="structure {type:default;}">
        <Coords points="751,2069 751,2086 908,2086 910,2086 932,2097 934,2097 936,2097 1051,2086 1058,2086 1060,2086 1091,2097 1093,2097 1095,2097 1098,2097 1100,2097 1113,2086 1135,2097 1137,2097 1140,2097 1241,2086 1263,2097 1265,2097 1268,2097 1341,2086 1723,2095 1725,2095 1787,2082 1789,2064 1782,2027 748,2027 751,2069"/>
        <Baseline points="751,2069 1789,2064"/>
        <TextEquiv conf="0.9992812288568375">
          <Unicode>L. II. t. 30. c. 1. — „Si quis rei litigiosae“.</Unicode>
        </TextEquiv>
      </TextLine>
      <TextLine id="eSc_line_943b1f8d" custom="structure {type:default;}">
        <Coords points="702,2126 702,2148 2657,2150 2662,2120 2657,2084 2114,2073 2112,2073 1964,2084 1944,2086 700,2086 702,2126"/>
        <Baseline points="702,2126 2662,2120"/>
        <TextEquiv conf="0.9884464675333442">
          <Unicode>13922 (8988) Episcopo Exonexant (Exoniensi?) mandat, permittat A., parochiano suo,</Unicode>
        </TextEquiv>
      </TextLine>
      <TextLine id="eSc_line_4945c8b5" custom="structure {type:default;}">
        <Coords points="751,2179 751,2201 2662,2199 2664,2175 2657,2144 748,2146 751,2179"/>
        <Baseline points="751,2179 2664,2175"/>
        <TextEquiv conf="0.998579093989204">
          <Unicode>ut cum uxore adultera et venefica divortium faciat. Coll. Luc. ap. Baluzii Misc. III.</Unicode>
        </TextEquiv>
      </TextLine>
      <TextLine id="eSc_line_196b3539" custom="structure {type:default;}">
        <Coords points="748,2232 748,2252 1736,2256 1738,2232 1736,2197 748,2199 748,2232"/>
        <Baseline points="748,2232 1738,2232"/>
        <TextEquiv conf="0.9965934306383133">
          <Unicode>380, Mansi XXI. 1107. — „Litteris tuae“.</Unicode>
        </TextEquiv>
      </TextLine>
      <TextLine id="eSc_line_f1edb5bf" custom="structure {type:default;}">
        <Coords points="698,2281 695,2305 2660,2309 2664,2285 2660,2239 2531,2250 2472,2239 2470,2239 2187,2250 2087,2239 2085,2239 2083,2239 2056,2252 1681,2252 698,2239 698,2281"/>
        <Baseline points="698,2281 2664,2285"/>
        <TextEquiv conf="0.9939740340818058">
          <Unicode>13923 (8989) Exoniensi et Wigorniensi episcopis scribit de clerico, qui „de dono militis</Unicode>
        </TextEquiv>
      </TextLine>
      <TextLine id="eSc_line_0afb47de" custom="structure {type:default;}">
        <Coords points="748,2343 748,2367 1239,2362 1246,2367 1254,2373 1257,2373 1259,2373 1261,2376 1444,2376 1444,2373 1486,2365 1504,2362 1570,2365 1774,2373 1776,2373 1778,2373 1798,2365 1800,2362 1831,2365 1990,2373 1992,2373 2041,2362 2048,2362 2054,2362 2129,2373 2132,2373 2134,2373 2178,2362 2180,2362 2193,2373 2196,2373 2198,2373 2200,2376 2375,2376 2375,2373 2441,2360 2441,2343 2439,2307 748,2309 748,2343"/>
        <Baseline points="748,2343 2441,2343"/>
        <TextEquiv conf="0.9936687681410048">
          <Unicode>ecclesiam vendicet“. App. conc. Lat. XLVII. 9. — „Si vobis constiterit“.</Unicode>
        </TextEquiv>
      </TextLine>
      <TextLine id="eSc_line_497222e9" custom="structure {type:default;}">
        <Coords points="698,2400 698,2431 2660,2415 2662,2391 2657,2360 695,2358 698,2400"/>
        <Baseline points="698,2400 2662,2391"/>
        <TextEquiv conf="0.999671446371682">
          <Unicode>13924 (8990) Exoniensi et Wigorniensi episcopis mandat, „priorem et monachos de</Unicode>
        </TextEquiv>
      </TextLine>
      <TextLine id="eSc_line_ff642a5a" custom="structure {type:default;}">
        <Coords points="751,2453 751,2477 2660,2471 2662,2446 2655,2418 748,2422 751,2453"/>
        <Baseline points="751,2453 2662,2446"/>
        <TextEquiv conf="0.9978068909013128">
          <Unicode>Acra moneant, ut Petro clerico ac fratri eius decens et competens beneficium confe-</Unicode>
        </TextEquiv>
      </TextLine>
      <TextLine id="eSc_line_6d663966" custom="structure {type:default;}">
        <Coords points="751,2506 751,2530 2657,2535 2660,2506 2660,2475 751,2475 751,2506"/>
        <Baseline points="751,2506 2660,2506"/>
        <TextEquiv conf="0.9896288717494292">
          <Unicode>rant et assignent“. App. conc. Lat. XXVIII. 2, Coll. Lips. V. 1, Coll. Cass. XVII. 1,</Unicode>
        </TextEquiv>
      </TextLine>
      <TextLine id="eSc_line_98787756" custom="structure {type:default;}">
        <Coords points="748,2559 748,2585 2657,2594 2660,2559 2660,2530 748,2521 748,2559"/>
        <Baseline points="748,2559 2660,2559"/>
        <TextEquiv conf="0.9955886839384056">
          <Unicode>Coll. Bamb. V. 1, Comp. I. L. 1. t. 26. c. 4, Decr. Greg. L. I. t. 35. c. 4. — „Cum</Unicode>
        </TextEquiv>
      </TextLine>
      <TextLine id="eSc_line_e4250f48" custom="structure {type:default;}">
        <Coords points="748,2619 748,2636 771,2647 773,2647 775,2647 1095,2636 1129,2647 1131,2647 1133,2647 1478,2645 1480,2645 1528,2632 1528,2614 1524,2583 1146,2572 1144,2572 1142,2572 1140,2572 1140,2574 1129,2583 808,2574 806,2574 746,2585 748,2619"/>
        <Baseline points="748,2619 1528,2614"/>
        <TextEquiv conf="0.9914504051208496">
          <Unicode>pridem Simon“ „Cum iampridem“.</Unicode>
        </TextEquiv>
      </TextLine>
      <TextLine id="eSc_line_990d325e" custom="structure {type:default;}">
        <Coords points="698,2672 698,2696 2657,2694 2660,2663 2655,2632 2492,2632 2492,2630 2463,2619 2461,2619 2459,2619 2456,2619 2434,2630 2432,2630 2355,2619 2353,2619 2350,2619 2348,2619 2333,2630 2330,2632 2165,2632 2149,2630 2107,2621 2105,2621 1869,2630 1767,2632 1741,2630 1685,2621 1683,2621 1626,2627 1579,2634 1352,2627 1237,2625 1235,2625 1221,2627 1182,2636 695,2627 698,2672"/>
        <Baseline points="698,2672 2660,2663"/>
        <TextEquiv conf="0.9985181493003193">
          <Unicode>13925 (8991) Exoniensi et Wigorniensi episcopis mandat, ut testes a Radul. clerico</Unicode>
        </TextEquiv>
      </TextLine>
      <TextLine id="eSc_line_91630877" custom="structure {type:default;}">
        <Coords points="751,2725 751,2749 2655,2756 2660,2720 2655,2691 748,2691 751,2725"/>
        <Baseline points="751,2725 2660,2720"/>
        <TextEquiv conf="0.9909188076853752">
          <Unicode>nominatos ad perhibendum testimonium compellant. App. conc. Lat. VIII. 16, Coll.</Unicode>
        </TextEquiv>
      </TextLine>
      <TextLine id="eSc_line_c30aa13f" custom="structure {type:default;}">
        <Coords points="751,2778 748,2809 2655,2811 2660,2782 2657,2749 751,2744 751,2778"/>
        <Baseline points="751,2778 2660,2782"/>
        <TextEquiv conf="0.998531609405706">
          <Unicode>Lips. XLV. 7, Coll. Cass. XLIX. 4, Coll. Bamb. XL. 4, Comp. I. L. 2. t. 14. c. 6,</Unicode>
        </TextEquiv>
      </TextLine>
      <TextLine id="eSc_line_59a2bb2a" custom="structure {type:default;}">
        <Coords points="751,2828 748,2855 757,2864 760,2864 762,2864 764,2864 1257,2855 1268,2864 1268,2866 1270,2866 1272,2866 1274,2866 1608,2853 1610,2833 1606,2795 751,2795 751,2828"/>
        <Baseline points="751,2828 1610,2833"/>
        <TextEquiv conf="0.9956891028320088">
          <Unicode>Mansi XXI. 1085. — „Testes, quos“.</Unicode>
        </TextEquiv>
      </TextLine>
      <TextLine id="eSc_line_64d0d0a8" custom="structure {type:default;}">
        <Coords points="698,2881 695,2910 2657,2912 2662,2886 2662,2855 2615,2842 2613,2842 2611,2842 2516,2853 2512,2853 2509,2853 2478,2842 2476,2842 2474,2842 2315,2850 2280,2853 2266,2850 2216,2842 2213,2842 2211,2842 2193,2850 2187,2855 1950,2855 1913,2848 1864,2842 1862,2842 1833,2848 1809,2853 1800,2848 1794,2842 1791,2842 1789,2842 1787,2842 1453,2844 846,2850 698,2839 698,2881"/>
        <Baseline points="698,2881 2662,2886"/>
        <TextEquiv conf="0.9984345706396325">
          <Unicode>13926 (8992) Exoniensi et Wigorniensi episcopis scribit, personas idoneas et discretas</Unicode>
        </TextEquiv>
      </TextLine>
      <TextLine id="eSc_line_6cfaef46" custom="structure {type:default;}">
        <Coords points="751,2943 751,2968 2657,2965 2660,2939 2655,2912 748,2908 751,2943"/>
        <Baseline points="751,2943 2660,2939"/>
        <TextEquiv conf="0.9982435148337792">
          <Unicode>mittendas esse ad testes „valetudinarios et senes, vel debilitate confectos aut pauper-</Unicode>
        </TextEquiv>
      </TextLine>
      <TextLine id="eSc_line_b30ba45c" custom="structure {type:default;}">
        <Coords points="751,2998 751,3021 2657,3032 2660,2998 2660,2965 751,2965 751,2998"/>
        <Baseline points="751,2998 2660,2998"/>
        <TextEquiv conf="0.996345498534136">
          <Unicode>tate depressos“. Coll. Lips. XLIII. 21, Coll. Cass. XLVIII. 17, Coll. Bamb. XXXIX. 17,</Unicode>
        </TextEquiv>
      </TextLine>
      <TextLine id="eSc_line_67d9419d" custom="structure {type:default;}">
        <Coords points="746,3054 746,3076 2432,3076 2434,3054 2432,3023 746,3023 746,3054"/>
        <Baseline points="746,3054 2434,3054"/>
        <TextEquiv conf="0.9962555596957335">
          <Unicode>Comp. I. L. 2. t. 13. c. 24, Decr. L. II. t. 20. c. 8. — „Si qui testium“.</Unicode>
        </TextEquiv>
      </TextLine>
      <TextLine id="eSc_line_6ebb4be2" custom="structure {type:default;}">
        <Coords points="698,3107 698,3140 2660,3129 2660,3107 2660,3076 698,3074 698,3107"/>
        <Baseline points="698,3107 2660,3107"/>
        <TextEquiv conf="0.9961841447012765">
          <Unicode>13927 (8993) Exoniensi et Wigorniensi episcopis de clericorum quorundam causa</Unicode>
        </TextEquiv>
      </TextLine>
      <TextLine id="eSc_line_f3dd2095" custom="structure {type:default;}">
        <Coords points="748,3160 746,3180 2653,3186 2657,3164 2655,3124 748,3124 748,3160"/>
        <Baseline points="748,3160 2657,3164"/>
        <TextEquiv conf="0.9912590995246982">
          <Unicode>scribit. App. conc. Lat. VIII. 19, Coll. Lips. XLIII. 19, Coll. Cass. XLVIII. 15,</Unicode>
        </TextEquiv>
      </TextLine>
      <TextLine id="eSc_line_d8fa4754" custom="structure {type:default;}">
        <Coords points="746,3215 746,3241 2653,3246 2655,3215 2653,3182 746,3184 746,3215"/>
        <Baseline points="746,3215 2655,3215"/>
        <TextEquiv conf="0.9906403340705453">
          <Unicode>Coll. Bamb. XXXIX. 15, Comp. I. L. 2. t. 13. c. 22. — „Ad haec, quia“ „Ad</Unicode>
        </TextEquiv>
      </TextLine>
      <TextLine id="eSc_line_768ef800" custom="structure {type:default;}">
        <Coords points="748,3266 746,3286 757,3297 757,3299 760,3299 762,3299 764,3299 859,3290 877,3301 879,3301 881,3301 883,3301 1011,3286 1014,3270 1009,3233 748,3233 748,3266"/>
        <Baseline points="748,3266 1014,3270"/>
        <TextEquiv conf="0.9999014464291659">
          <Unicode>hoc, quod“.</Unicode>
        </TextEquiv>
      </TextLine>
      <TextLine id="eSc_line_93178e4d" custom="structure {type:default;}">
        <Coords points="695,3325 695,3350 874,3361 877,3361 947,3350 956,3350 961,3350 1003,3361 1005,3361 1007,3361 1135,3350 1144,3350 1146,3350 1162,3361 1164,3361 1166,3361 1168,3361 1336,3350 1343,3350 1347,3350 1420,3361 1422,3361 1610,3350 1657,3361 1659,3361 1661,3361 1663,3361 1701,3347 1705,3347 1710,3347 1749,3358 1752,3358 1754,3361 2622,3361 2622,3358 2624,3358 2660,3345 2660,3321 2655,3286 693,3279 695,3325"/>
        <Baseline points="695,3325 2660,3321"/>
        <TextEquiv conf="0.998549915668441">
          <Unicode>13928 (8994) Exoniensi et Wigorniensi (al. Ryomensi et Wintoniensi) episcopis man-</Unicode>
        </TextEquiv>
      </TextLine>
      <TextLine id="eSc_line_3fafee28" custom="structure {type:default;}">
        <Coords points="751,3376 748,3398 2651,3407 2655,3383 2653,3347 751,3343 751,3376"/>
        <Baseline points="751,3376 2655,3383"/>
        <TextEquiv conf="0.9984861060425088">
          <Unicode>dat, ut homines de Hortun (al. Ortana) ad solvendas decumas impellant. App. conc.</Unicode>
        </TextEquiv>
      </TextLine>
      <TextLine id="eSc_line_d287f08d" custom="structure {type:default;}">
        <Coords points="748,3431 746,3453 2644,3469 2649,3438 2646,3403 748,3389 748,3431"/>
        <Baseline points="748,3431 2649,3438"/>
        <TextEquiv conf="0.9988696420634234">
          <Unicode>Lat. IV. 4, Coll. Lips. XXII. 6. Coll. Cass. XXXIV. 3, Coll. Bamb. XXIV. 3, Comp.</Unicode>
        </TextEquiv>
      </TextLine>
    </TextRegion>
    <TextRegion id="eSc_textblock_18e1cfff"  custom="structure {type:default;}">
      <Coords points="974,132 1860,132 1895,141 1895,227 927,245 919,141 974,132"/>
      <TextLine id="eSc_line_532c812e" custom="structure {type:default;}">
        <Coords points="938,212 938,231 1862,225 1862,205 1858,152 1705,136 1703,136 1632,150 1551,136 1548,136 1546,136 1495,152 1493,152 1489,152 1378,139 1376,139 1374,139 1319,152 1283,139 1281,139 1279,139 1277,139 1237,154 1235,154 1219,141 1217,141 1215,141 1212,141 1087,152 958,141 956,141 954,141 952,141 936,150 938,212"/>
        <Baseline points="938,212 1862,205"/>
        <TextEquiv conf="0.9974170255661011">
          <Unicode>ALEXANDER III. 1159—1181.</Unicode>
        </TextEquiv>
      </TextLine>
    </TextRegion>
    <TextRegion id="eSc_textblock_edd550aa"  custom="structure {type:default;}">
      <Coords points="2562,132 2706,150 2706,218 2531,236 2514,150 2562,132"/>
      <TextLine id="eSc_line_09ccdd25" custom="structure {type:default;}">
        <Coords points="2547,212 2547,236 2662,238 2664,203 2657,145 2540,145 2547,212"/>
        <Baseline points="2547,212 2664,203"/>
        <TextEquiv conf="0.9999987284342448">
          <Unicode>381</Unicode>
        </TextEquiv>
      </TextLine>
    </TextRegion>
  </Page>
</PcGts>
