<?xml version="1.0" encoding="UTF-8"  standalone="yes"?>
<PcGts xmlns="http://schema.primaresearch.org/PAGE/gts/pagecontent/2019-07-15" xmlns:xsi="http://www.w3.org/2001/XMLSchema-instance" xsi:schemaLocation="http://schema.primaresearch.org/PAGE/gts/pagecontent/2019-07-15 http://schema.primaresearch.org/PAGE/gts/pagecontent/2019-07-15/pagecontent.xsd">
  <Metadata>
	<Creator>escriptorium</Creator>
	<Created>2024-07-19T10:13:29.239517+00:00</Created>
        <LastChange>2024-08-08T08:45:35.738047+00:00</LastChange>
  </Metadata>
  <Page imageFilename="0396.png" imageWidth="3007" imageHeight="3975">
    <TextRegion id="eSc_textblock_602546c9"  custom="structure {type:default;}">
      <Coords points="2412,273 2697,273 2724,344 2697,644 2697,3495 689,3504 671,300 2412,273"/>
      <TextLine id="eSc_line_558fa22b" custom="structure {type:default;}">
        <Coords points="936,295 914,295 910,295 848,304 830,306 819,304 795,298 782,298 760,298 737,298 731,298 671,302 673,348 673,379 998,366 998,344 996,306 952,293 936,295"/>
        <Baseline points="673,348 998,344"/>
        <TextEquiv conf="0.9935519198576609">
          <Unicode>1159 — 1181.</Unicode>
        </TextEquiv>
      </TextLine>
      <TextLine id="eSc_line_3baf926b" custom="structure {type:default;}">
        <Coords points="702,412 702,446 2666,446 2666,412 2666,371 2540,355 2538,355 2399,368 2280,355 2277,355 2202,371 1820,371 1729,355 1727,355 1659,368 1493,355 1491,355 1489,355 1455,368 1321,357 1319,357 1186,368 1045,355 1042,355 961,371 702,371 702,412"/>
        <Baseline points="702,412 2666,412"/>
        <TextEquiv conf="0.994203290769032">
          <Unicode>13943 (9007) Patriarchae Gradensi scribit, ut misericordia utatur in V. presbyterum,</Unicode>
        </TextEquiv>
      </TextLine>
      <TextLine id="eSc_line_99e07c27" custom="structure {type:default;}">
        <Coords points="755,468 755,492 2660,488 2662,463 2657,435 813,426 810,426 753,437 755,468"/>
        <Baseline points="755,468 2662,463"/>
        <TextEquiv conf="0.9957064127638227">
          <Unicode>qui „ad pravitatum (al. privatum) locum, immundum spiritum invocaturus, accesserit“.</Unicode>
        </TextEquiv>
      </TextLine>
      <TextLine id="eSc_line_9142b8b3" custom="structure {type:default;}">
        <Coords points="757,525 757,545 2662,552 2666,521 2662,490 1769,479 1767,479 1668,490 1025,481 1022,481 755,492 757,525"/>
        <Baseline points="757,525 2666,521"/>
        <TextEquiv conf="0.9978015393386652">
          <Unicode>App. conc. Lat. L. 6, Coll. Cass. XXI. 6, Comp. I. L. 5. t. 17. c. 3, Decr. Greg.</Unicode>
        </TextEquiv>
      </TextLine>
      <TextLine id="eSc_line_5b127b3f" custom="structure {type:default;}">
        <Coords points="753,578 753,600 2284,596 2286,574 2282,545 751,538 753,578"/>
        <Baseline points="753,578 2286,574"/>
        <TextEquiv conf="0.9897395817060319">
          <Unicode>L. V. t. 21. c. 2. — „Ex tuarum litterarum“ „Ex tuarum tenore“.</Unicode>
        </TextEquiv>
      </TextLine>
      <TextLine id="eSc_line_05fee56c" custom="structure {type:default;}">
        <Coords points="704,631 704,655 2666,651 2668,627 2662,596 702,598 704,631"/>
        <Baseline points="704,631 2668,627"/>
        <TextEquiv conf="0.9964809438277935">
          <Unicode>13944 Patriarchae Gradensi concedit, ut „in Constantinopolitana urbe et aliis civitati-</Unicode>
        </TextEquiv>
      </TextLine>
      <TextLine id="eSc_line_9209c6d6" custom="structure {type:default;}">
        <Coords points="753,686 753,708 2671,708 2671,686 2671,658 753,655 753,686"/>
        <Baseline points="753,686 2671,686"/>
        <TextEquiv conf="0.9941603139042854">
          <Unicode>bus in Constantinopolitano imperio dumtaxat constitutis, in quibus Veneti plures</Unicode>
        </TextEquiv>
      </TextLine>
      <TextLine id="eSc_line_73d3c8b2" custom="structure {type:default;}">
        <Coords points="755,742 755,764 2668,759 2671,737 2666,708 753,704 755,742"/>
        <Baseline points="755,742 2671,737"/>
        <TextEquiv conf="0.9957179655862409">
          <Unicode>habeant ecclesias, ubi ipsorum multitudo consueverit assidue convenire, liceat ei epi-</Unicode>
        </TextEquiv>
      </TextLine>
      <TextLine id="eSc_line_43dc5001" custom="structure {type:default;}">
        <Coords points="757,797 757,821 2635,832 2638,832 2640,832 2671,819 2671,797 2671,768 757,766 757,797"/>
        <Baseline points="757,797 2671,797"/>
        <TextEquiv conf="0.9927198805926759">
          <Unicode>scopum ordinare“ et consecrare. (Fragmentum). Archives des missions scientifiques</Unicode>
        </TextEquiv>
      </TextLine>
      <TextLine id="eSc_line_c782471e" custom="structure {type:default;}">
        <Coords points="755,852 755,870 1584,876 1586,852 1586,819 1570,810 1568,810 1566,810 1564,810 1562,810 1522,821 1469,810 1467,810 1464,810 1462,810 1444,821 1257,810 1254,810 1252,810 1250,810 1237,823 1124,823 1071,810 1069,810 1005,821 938,810 936,810 888,821 874,810 872,810 870,810 868,810 866,810 819,821 775,810 773,810 771,810 768,810 766,810 755,817 755,852"/>
        <Baseline points="755,852 1586,852"/>
        <TextEquiv conf="0.9998314705761996">
          <Unicode>2. sér. IV. 429. — „Ceterum tum“.</Unicode>
        </TextEquiv>
      </TextLine>
      <TextLine id="eSc_line_d92578fb" custom="structure {type:default;}">
        <Coords points="704,907 704,931 2671,929 2673,903 2668,870 702,863 704,907"/>
        <Baseline points="704,907 2673,903"/>
        <TextEquiv conf="0.9996816392602592">
          <Unicode>13945 Monasterii Hasteriensis tutelam suscipit bonaque et privilegia confirmat, petente</Unicode>
        </TextEquiv>
      </TextLine>
      <TextLine id="eSc_line_beaa2280" custom="structure {type:default;}">
        <Coords points="760,960 760,984 810,998 813,998 899,987 1098,987 1124,998 1126,998 1129,1000 1358,1000 1358,998 1360,998 1385,987 1387,987 1670,987 1676,987 1712,998 1714,998 1716,998 1718,998 1752,987 1758,987 1789,989 1942,998 1944,998 2671,989 2671,960 2671,931 760,925 760,960"/>
        <Baseline points="760,960 2671,960"/>
        <TextEquiv conf="0.9991466776434198">
          <Unicode>Petro abbate. Analectes p. s. a l&#x27;hist. eccl. de la Belgique XVI. 38. — „Religiosam</Unicode>
        </TextEquiv>
      </TextLine>
      <TextLine id="eSc_line_880720ad" custom="structure {type:default;}">
        <Coords points="757,1018 757,1037 1190,1044 1193,1018 1193,987 757,987 757,1018"/>
        <Baseline points="757,1018 1193,1018"/>
        <TextEquiv conf="0.9999442382862693">
          <Unicode>vitam eligentibus“.</Unicode>
        </TextEquiv>
      </TextLine>
      <TextLine id="eSc_line_c8ec76bc" custom="structure {type:default;}">
        <Coords points="707,1071 707,1097 2671,1095 2673,1066 2668,1035 2361,1022 2359,1022 2357,1022 2355,1022 2335,1035 2191,1035 2154,1022 2151,1022 2149,1022 2147,1022 2114,1035 1833,1035 1789,1022 1787,1022 1785,1022 1782,1022 1780,1022 1763,1033 1692,1022 1690,1022 1687,1022 1648,1035 1581,1024 1579,1024 1420,1035 1352,1024 1349,1024 1347,1024 1316,1035 1301,1024 1299,1024 1296,1024 1060,1024 1058,1024 1056,1024 1022,1035 729,1024 726,1024 724,1024 722,1024 704,1033 707,1071"/>
        <Baseline points="707,1071 2673,1066"/>
        <TextEquiv conf="0.9956519581653454">
          <Unicode>13946 (9008. 9010. 9015) Episcopo Herefordensi respondet: 1) de sacerdotibus ante</Unicode>
        </TextEquiv>
      </TextLine>
      <TextLine id="eSc_line_84ff3a6d" custom="structure {type:default;}">
        <Coords points="757,1126 757,1159 2666,1152 2668,1121 2664,1095 1712,1084 1710,1084 1648,1095 802,1086 799,1086 797,1086 755,1097 757,1126"/>
        <Baseline points="757,1126 2668,1121"/>
        <TextEquiv conf="0.9974962681172842">
          <Unicode>professioncm „ad priorem statum reversis“; 2) de „laico uxorato, qui de licentia et</Unicode>
        </TextEquiv>
      </TextLine>
      <TextLine id="eSc_line_56b545e3" custom="structure {type:default;}">
        <Coords points="760,1181 760,1207 2671,1203 2671,1181 2671,1152 760,1150 760,1181"/>
        <Baseline points="760,1181 2671,1181"/>
        <TextEquiv conf="0.9872978799045086">
          <Unicode>permissione uxoris suae est ingressus monasterium, uxore manente in seculari ha-</Unicode>
        </TextEquiv>
      </TextLine>
      <TextLine id="eSc_line_f97d8c2a" custom="structure {type:default;}">
        <Coords points="760,1236 760,1258 2668,1254 2671,1232 2664,1203 757,1205 760,1236"/>
        <Baseline points="760,1236 2671,1232"/>
        <TextEquiv conf="0.9992425025895585">
          <Unicode>bitu“; 3) scribit, ut „clericos inferiorum ordinum, qui in coniugio constituti, eccle-</Unicode>
        </TextEquiv>
      </TextLine>
      <TextLine id="eSc_line_4d8a0433" custom="structure {type:default;}">
        <Coords points="760,1294 760,1316 2668,1313 2671,1289 2664,1258 757,1260 760,1294"/>
        <Baseline points="760,1294 2671,1289"/>
        <TextEquiv conf="0.9971954602570761">
          <Unicode>siastica beneficia ex concessione pracdecessorum suorum habuerint, quia ibi natio et</Unicode>
        </TextEquiv>
      </TextLine>
      <TextLine id="eSc_line_97befef2" custom="structure {type:default;}">
        <Coords points="760,1349 760,1369 2664,1373 2668,1342 2664,1313 2041,1302 2039,1302 1968,1313 1964,1313 1939,1313 1444,1305 1442,1305 1341,1316 1330,1318 757,1318 760,1349"/>
        <Baseline points="760,1349 2668,1342"/>
        <TextEquiv conf="0.998405064444944">
          <Unicode>barbarica gens et multitudo sit in causa, sub dissimulatione sustineat“. App. conc.</Unicode>
        </TextEquiv>
      </TextLine>
      <TextLine id="eSc_line_9e6cb891" custom="structure {type:default;}">
        <Coords points="760,1404 760,1426 2666,1428 2671,1397 2666,1366 2337,1366 2273,1353 2271,1353 2180,1364 1771,1355 1769,1355 1687,1366 1683,1366 1679,1366 1623,1355 1621,1355 1619,1355 1617,1355 1599,1366 1595,1366 1511,1355 1509,1355 1414,1366 1394,1369 1389,1366 1376,1358 1374,1358 1372,1358 1369,1358 1285,1366 1265,1369 1257,1366 1224,1358 1221,1358 1219,1358 757,1366 760,1404"/>
        <Baseline points="760,1404 2671,1397"/>
        <TextEquiv conf="0.9956572153900243">
          <Unicode>Lat. V. 4, XVIII. 5, XXI. 2, Coll. Lips. XVI. 2, LVIII. 4, LXIV. 4, Coll. Cass.</Unicode>
        </TextEquiv>
      </TextLine>
      <TextLine id="eSc_line_00236334" custom="structure {type:default;}">
        <Coords points="764,1457 764,1479 2664,1484 2668,1453 2664,1422 762,1417 764,1457"/>
        <Baseline points="764,1457 2668,1453"/>
        <TextEquiv conf="0.9849124138737902">
          <Unicode>XXVI. 3, LVII. 5, LXIII. 4, Coll. Bamb. XVI. 2, L. 3, LV. 4, Comp. I. L. 3. t. 3.</Unicode>
        </TextEquiv>
      </TextLine>
      <TextLine id="eSc_line_ebc40cea" custom="structure {type:default;}">
        <Coords points="760,1514 760,1534 2664,1537 2668,1510 2664,1479 1723,1468 1721,1468 1718,1468 1716,1468 1701,1479 839,1470 837,1470 757,1481 760,1514"/>
        <Baseline points="760,1514 2668,1510"/>
        <TextEquiv conf="0.990543105867174">
          <Unicode>c. 3, L. 3. t. 27. c. 9, L. 3. t. 28. c. 1, Decr. Greg. L. III. t. 3. c. 2, L. III. t. 31.</Unicode>
        </TextEquiv>
      </TextLine>
      <TextLine id="eSc_line_30ad0414" custom="structure {type:default;}">
        <Coords points="760,1567 760,1590 885,1603 888,1603 890,1603 892,1603 910,1592 1027,1601 1029,1601 1122,1590 1129,1590 1133,1590 1250,1603 1252,1603 1254,1603 1283,1590 1283,1587 1416,1587 1422,1587 1460,1601 1462,1601 1464,1601 1652,1587 1668,1587 1674,1587 1747,1601 1749,1601 1820,1587 1822,1587 1827,1587 1981,1601 1984,1601 2094,1587 2109,1598 2112,1598 2114,1598 2116,1598 2235,1587 2251,1598 2253,1598 2255,1598 2258,1601 2414,1601 2414,1598 2478,1585 2505,1598 2507,1598 2509,1601 2596,1601 2596,1598 2668,1583 2671,1561 2666,1532 1469,1523 1467,1523 1385,1534 841,1525 839,1525 757,1537 760,1567"/>
        <Baseline points="760,1567 2671,1561"/>
        <TextEquiv conf="0.9815690040588378">
          <Unicode>c. 9, L. III. t. 32. c. 1. — „Sane de clericis“ „Super eo quod quaesitum“ „Prae-</Unicode>
        </TextEquiv>
      </TextLine>
      <TextLine id="eSc_line_7eddc8b5" custom="structure {type:default;}">
        <Coords points="757,1620 757,1638 790,1651 793,1651 795,1651 885,1640 916,1651 919,1651 921,1651 1049,1640 1091,1651 1093,1651 1095,1654 1179,1654 1179,1651 1182,1651 1184,1651 1184,1649 1195,1640 1232,1651 1235,1651 1237,1654 1464,1654 1464,1651 1467,1651 1469,1651 1469,1649 1478,1640 1497,1651 1500,1651 1502,1654 1687,1654 1687,1651 1749,1638 1749,1620 1749,1590 757,1590 757,1620"/>
        <Baseline points="757,1620 1749,1620"/>
        <TextEquiv conf="0.9938858937133442">
          <Unicode>terea utrum laicus“ „Praeterea sciscitaris“.</Unicode>
        </TextEquiv>
      </TextLine>
      <TextLine id="eSc_line_192d2c3b" custom="structure {type:default;}">
        <Coords points="709,1673 709,1702 2673,1698 2673,1673 2673,1643 709,1640 709,1673"/>
        <Baseline points="709,1673 2673,1673"/>
        <TextEquiv conf="0.9987258624426926">
          <Unicode>13947 (9009) Episcopo Herefordensi respondet de A., qui „quandam puellam in cu-</Unicode>
        </TextEquiv>
      </TextLine>
      <TextLine id="eSc_line_4ab96204" custom="structure {type:default;}">
        <Coords points="762,1731 762,1753 2668,1753 2668,1731 2666,1698 762,1700 762,1731"/>
        <Baseline points="762,1731 2668,1731"/>
        <TextEquiv conf="0.9990343519403965">
          <Unicode>nabilis desponsavit, procedente vero tempore matrem puellae in uxorem accepit“.</Unicode>
        </TextEquiv>
      </TextLine>
      <TextLine id="eSc_line_d7f1e15a" custom="structure {type:default;}">
        <Coords points="762,1788 762,1815 2668,1817 2671,1788 2671,1755 762,1755 762,1788"/>
        <Baseline points="762,1788 2671,1788"/>
        <TextEquiv conf="0.9994529071377545">
          <Unicode>App. conc. Lat. XII. 2, Coll. Lips. LX. 2, Coll. Bamb. LII. 2, Coll. Cass. LIX. 2,</Unicode>
        </TextEquiv>
      </TextLine>
      <TextLine id="eSc_line_e2b7a350" custom="structure {type:default;}">
        <Coords points="760,1841 760,1866 2668,1870 2673,1837 2668,1808 782,1799 779,1799 777,1799 757,1808 760,1841"/>
        <Baseline points="760,1841 2673,1837"/>
        <TextEquiv conf="0.9909753217754593">
          <Unicode>Comp. I. L. 4. t. 2. c. 5, Decr. Greg. L. IV. t. 2. c. 4. — „Litteras fraternitatis</Unicode>
        </TextEquiv>
      </TextLine>
      <TextLine id="eSc_line_c6971791" custom="structure {type:default;}">
        <Coords points="760,1896 760,1916 1926,1912 1928,1892 1924,1863 1360,1852 1358,1852 1356,1852 1334,1863 786,1855 784,1855 782,1855 757,1863 760,1896"/>
        <Baseline points="760,1896 1928,1892"/>
        <TextEquiv conf="0.9985738282020276">
          <Unicode>tuae“ „Fraternitatis tuae litteras“ „Litteras tuae“.</Unicode>
        </TextEquiv>
      </TextLine>
      <TextLine id="eSc_line_592d386c" custom="structure {type:default;}">
        <Coords points="713,1949 713,1974 2673,1976 2675,1949 2673,1908 713,1912 713,1949"/>
        <Baseline points="713,1949 2675,1949"/>
        <TextEquiv conf="0.9980664591897618">
          <Unicode>13948 (9011) Episcopo Herefordensi scribit, „in dedicationibus ecclesiarum extra ieiunia</Unicode>
        </TextEquiv>
      </TextLine>
      <TextLine id="eSc_line_71ad6abb" custom="structure {type:default;}">
        <Coords points="764,2005 764,2038 936,2027 1025,2038 1040,2038 1042,2038 1071,2036 1195,2027 1407,2033 1546,2038 1548,2038 1586,2031 1621,2027 1657,2031 1703,2038 1705,2038 1747,2031 1785,2025 1824,2031 1864,2036 1866,2036 1869,2036 1882,2029 1893,2025 1928,2029 1972,2036 1975,2036 2218,2027 2304,2025 2359,2027 2609,2036 2611,2036 2671,2022 2673,2000 2666,1972 762,1972 764,2005"/>
        <Baseline points="764,2005 2673,2000"/>
        <TextEquiv conf="0.9955396585166454">
          <Unicode>quatuor temporum clericos ad sacros ordines non esse promovendos“. Addit, „lici-</Unicode>
        </TextEquiv>
      </TextLine>
      <TextLine id="eSc_line_012047f5" custom="structure {type:default;}">
        <Coords points="764,2060 764,2084 2671,2078 2673,2053 2668,2027 762,2022 764,2060"/>
        <Baseline points="764,2060 2673,2053"/>
        <TextEquiv conf="0.9988290128937687">
          <Unicode>tum esse, in dominicis diebus et aliis festivis diebus unum aut duos ad minores or-</Unicode>
        </TextEquiv>
      </TextLine>
      <TextLine id="eSc_line_ed6eb3c6" custom="structure {type:default;}">
        <Coords points="762,2117 762,2146 2671,2146 2673,2111 2668,2082 2039,2071 2037,2071 1979,2082 1977,2082 1950,2082 1433,2073 1431,2073 1378,2084 1372,2086 760,2086 762,2117"/>
        <Baseline points="762,2117 2673,2111"/>
        <TextEquiv conf="0.9985656447899647">
          <Unicode>dines promovere“. App. conc. Lat. XXVI. 24. 25, Coll. Lips. XVIII. 2. 3, Coll.</Unicode>
        </TextEquiv>
      </TextLine>
      <TextLine id="eSc_line_71b1c4b8" custom="structure {type:default;}">
        <Coords points="760,2170 760,2190 2671,2192 2673,2170 2673,2139 760,2139 760,2170"/>
        <Baseline points="760,2170 2673,2170"/>
        <TextEquiv conf="0.9826980999537877">
          <Unicode>Cass. XXXIX. 2. 3, Coll. Bamb. XIX. 2. 3, Comp. I. L. 1. t. 6. c. 2. 3, Decr.</Unicode>
        </TextEquiv>
      </TextLine>
      <TextLine id="eSc_line_401dc1ab" custom="structure {type:default;}">
        <Coords points="760,2226 760,2250 846,2263 848,2263 850,2263 888,2252 894,2250 2668,2254 2673,2219 2666,2190 757,2195 760,2226"/>
        <Baseline points="760,2226 2673,2219"/>
        <TextEquiv conf="0.9952229086558024">
          <Unicode>Greg. L. I. t. 11. c. 2 et 3. — „Sane super eo“ „De hoc autem, quod“ „De eo</Unicode>
        </TextEquiv>
      </TextLine>
      <TextLine id="eSc_line_b061d087" custom="structure {type:default;}">
        <Coords points="760,2279 760,2294 866,2309 868,2312 1040,2312 1040,2309 1042,2309 1091,2294 1091,2279 1091,2250 760,2250 760,2279"/>
        <Baseline points="760,2279 1091,2279"/>
        <TextEquiv conf="0.9999913068918082">
          <Unicode>autem, quod“.</Unicode>
        </TextEquiv>
      </TextLine>
      <TextLine id="eSc_line_247dbb86" custom="structure {type:default;}">
        <Coords points="715,2334 715,2360 2675,2356 2677,2329 2673,2292 1235,2285 1232,2285 713,2296 715,2334"/>
        <Baseline points="715,2334 2677,2329"/>
        <TextEquiv conf="0.9998084477994634">
          <Unicode>13949 (9012) Episcopo Herefordensi scribit, „in ecclesiasticis personis et negotiis ri-</Unicode>
        </TextEquiv>
      </TextLine>
      <TextLine id="eSc_line_6ec2bd5f" custom="structure {type:default;}">
        <Coords points="766,2391 766,2413 2673,2418 2677,2387 2673,2358 1725,2347 1723,2347 1721,2347 1718,2347 1705,2358 832,2349 830,2349 764,2360 766,2391"/>
        <Baseline points="766,2391 2677,2387"/>
        <TextEquiv conf="0.9938151799602273">
          <Unicode>gorem et districtionem iuris non esse requirendum“. App. conc. Lat. III. 1, Coll.</Unicode>
        </TextEquiv>
      </TextLine>
      <TextLine id="eSc_line_9172fddd" custom="structure {type:default;}">
        <Coords points="764,2440 762,2466 2671,2477 2675,2446 2673,2411 764,2404 764,2440"/>
        <Baseline points="764,2440 2675,2446"/>
        <TextEquiv conf="0.9935094472907838">
          <Unicode>Lips. XL. 1. Coll. Cass. XLVI. 1, Coll. Bamb. XXXVII. 1, Comp. I. L. 2. t. 10. c. 1,</Unicode>
        </TextEquiv>
      </TextLine>
      <TextLine id="eSc_line_1d6a5171" custom="structure {type:default;}">
        <Coords points="764,2497 764,2521 2158,2521 2158,2497 2158,2468 764,2460 764,2497"/>
        <Baseline points="764,2497 2158,2497"/>
        <TextEquiv conf="0.9987665003743665">
          <Unicode>Decr. Greg. L. II. t. 14. c. 1. — „Ad haec cum contingat“.</Unicode>
        </TextEquiv>
      </TextLine>
      <TextLine id="eSc_line_d611f56b" custom="structure {type:default;}">
        <Coords points="713,2550 713,2577 2677,2577 2677,2550 2675,2519 713,2519 713,2550"/>
        <Baseline points="713,2550 2677,2550"/>
        <TextEquiv conf="0.9998742764509176">
          <Unicode>13950 (9013) Episcopo Herefordensi respondet, „si litterae suae ad eum directae</Unicode>
        </TextEquiv>
      </TextLine>
      <TextLine id="eSc_line_cacc28a8" custom="structure {type:default;}">
        <Coords points="766,2610 766,2634 2677,2625 2677,2603 2671,2574 764,2574 766,2610"/>
        <Baseline points="766,2610 2677,2603"/>
        <TextEquiv conf="0.998258673282991">
          <Unicode>formam expressam habuerint, et cognoverit, eas per suggestionem falsitatis aut sup-</Unicode>
        </TextEquiv>
      </TextLine>
      <TextLine id="eSc_line_715ba095" custom="structure {type:default;}">
        <Coords points="764,2665 764,2694 2671,2694 2673,2661 2666,2632 762,2634 764,2665"/>
        <Baseline points="764,2665 2673,2661"/>
        <TextEquiv conf="0.9994001817412492">
          <Unicode>pressionem veritatis cum tali forma impetratas fuisse, tunc non secundum formam in</Unicode>
        </TextEquiv>
      </TextLine>
      <TextLine id="eSc_line_17468535" custom="structure {type:default;}">
        <Coords points="764,2714 762,2731 863,2747 866,2749 1577,2749 1577,2747 1610,2740 1634,2736 1668,2740 1721,2749 1723,2749 1891,2742 2028,2738 2098,2744 2145,2749 2147,2749 2174,2744 2222,2738 2394,2747 2439,2749 2441,2749 2465,2749 2598,2738 2671,2749 2675,2718 2673,2689 764,2683 764,2714"/>
        <Baseline points="764,2714 2675,2718"/>
        <TextEquiv conf="0.993279700661883">
          <Unicode>eis expressam, sed secundum rigorem iustitiae procedat“. App. conc. Lat. VII. 13,</Unicode>
        </TextEquiv>
      </TextLine>
      <TextLine id="eSc_line_0b563d31" custom="structure {type:default;}">
        <Coords points="762,2769 760,2793 2668,2797 2673,2773 2671,2740 762,2736 762,2769"/>
        <Baseline points="762,2769 2673,2773"/>
        <TextEquiv conf="0.9972100999297165">
          <Unicode>Coll. Lips. XXXV. 13, Coll. Cass. XLII. 14, Coll. Bamb. XXXIII. 13, Comp. I. L. 1.</Unicode>
        </TextEquiv>
      </TextLine>
      <TextLine id="eSc_line_3979d92f" custom="structure {type:default;}">
        <Coords points="762,2828 762,2844 874,2857 877,2857 956,2844 961,2844 965,2844 1042,2857 1045,2857 1047,2857 1049,2857 1069,2844 1166,2857 1168,2857 1471,2846 1526,2855 1528,2855 1531,2855 1579,2839 1579,2824 1575,2793 782,2786 779,2786 777,2786 775,2786 760,2793 762,2828"/>
        <Baseline points="762,2828 1579,2824"/>
        <TextEquiv conf="0.9998981339090011">
          <Unicode>t. 21. c. 11. — „Intelleximus ex“.</Unicode>
        </TextEquiv>
      </TextLine>
      <TextLine id="eSc_line_c782c3e0" custom="structure {type:default;}">
        <Coords points="1084,2828 1082,2828 1075,2831 1027,2844 980,2831 978,2831 976,2831 832,2844 713,2826 713,2875 711,2899 1873,2912 1875,2912 2068,2903 2083,2903 2090,2903 2187,2915 2189,2915 2673,2903 2675,2884 2673,2850 2587,2835 2585,2835 2531,2848 2516,2850 2501,2848 2443,2835 2441,2835 2439,2835 2436,2835 2421,2846 2412,2853 2273,2853 2251,2844 2220,2835 2218,2835 2216,2835 2213,2835 2196,2844 2182,2850 2169,2844 2151,2835 2149,2835 2147,2835 2103,2842 2079,2846 2072,2842 2056,2833 2054,2833 2052,2833 2050,2833 2012,2842 1981,2848 1787,2839 1745,2837 1743,2837 1741,2837 1738,2837 1705,2848 1670,2837 1654,2833 1652,2833 1650,2833 1648,2833 1634,2837 1604,2846 1272,2835 1270,2835 1268,2835 1232,2846 1106,2831 1087,2828 1084,2828"/>
        <Baseline points="713,2875 2675,2884"/>
        <TextEquiv conf="0.9999526678761349">
          <Unicode>13951 (9014) Episcopo Herefordensi commendat Wal., cui ecclesiam concedat. App.</Unicode>
        </TextEquiv>
      </TextLine>
      <TextLine id="eSc_line_8a78061b" custom="structure {type:default;}">
        <Coords points="764,2937 764,2963 2671,2965 2673,2937 2673,2906 764,2906 764,2937"/>
        <Baseline points="764,2937 2673,2937"/>
        <TextEquiv conf="0.9987728867349746">
          <Unicode>conc. Lat. XXXI. 8, Coll. Lips. XL. 6, Coll. Bamb. XXX. 6, Comp. I. L. 1. t. 4.</Unicode>
        </TextEquiv>
      </TextLine>
      <TextLine id="eSc_line_fab5f6f3" custom="structure {type:default;}">
        <Coords points="762,2990 762,3009 1670,3021 1672,3021 1674,3021 1703,3009 1824,3021 1827,3021 1880,3007 1880,2990 1880,2961 762,2961 762,2990"/>
        <Baseline points="762,2990 1880,2990"/>
        <TextEquiv conf="0.9901625337925825">
          <Unicode>c. 19, (Mansi XXI. 1083). — „Dignum est et“.</Unicode>
        </TextEquiv>
      </TextLine>
      <TextLine id="eSc_line_3b0b6bc4" custom="structure {type:default;}">
        <Coords points="713,3045 713,3071 2671,3062 2673,3036 2666,3005 711,3012 713,3045"/>
        <Baseline points="713,3045 2673,3036"/>
        <TextEquiv conf="0.9952898099098677">
          <Unicode>13952 (9017) Episcopo Herefordensi et abbati de Evesham mandat, ut G. clerico ec-</Unicode>
        </TextEquiv>
      </TextLine>
      <TextLine id="eSc_line_df5c185b" custom="structure {type:default;}">
        <Coords points="764,3100 764,3129 2666,3129 2668,3093 2662,3065 762,3069 764,3100"/>
        <Baseline points="764,3100 2668,3093"/>
        <TextEquiv conf="0.9880242046187906">
          <Unicode>clesiam b. Mariae ante portas Gloucestri restitui iubeant. App. conc. Lat. XLVII. 10:</Unicode>
        </TextEquiv>
      </TextLine>
      <TextLine id="eSc_line_0f5347ab" custom="structure {type:default;}">
        <Coords points="764,3151 764,3175 2560,3173 2562,3155 2560,3124 764,3120 764,3151"/>
        <Baseline points="764,3151 2562,3155"/>
        <TextEquiv conf="0.9996467018738772">
          <Unicode>sed in Comp. II. L. 3. t. 7. c. 2, Lucio III. tribuitur. — „Ad aures nostras“.</Unicode>
        </TextEquiv>
      </TextLine>
      <TextLine id="eSc_line_48ab521c" custom="structure {type:default;}">
        <Coords points="715,3206 715,3230 2671,3239 2673,3206 2673,3175 715,3168 715,3206"/>
        <Baseline points="715,3206 2673,3206"/>
        <TextEquiv conf="0.9925380065673735">
          <Unicode>13953 (9018) Episcopo Herefordensi et abbati de Forde mandat, ut ecclesiam quandam</Unicode>
        </TextEquiv>
      </TextLine>
      <TextLine id="eSc_line_38da06f5" custom="structure {type:default;}">
        <Coords points="773,3259 771,3279 2666,3286 2671,3263 2668,3233 773,3224 773,3259"/>
        <Baseline points="773,3259 2671,3263"/>
        <TextEquiv conf="0.9988902771756762">
          <Unicode>Wil. de Leicester adiudicent. App. conc. Lat. XV. 5, Coll. Lips. LII. 4, Coll. Cass.</Unicode>
        </TextEquiv>
      </TextLine>
      <TextLine id="eSc_line_19f22f6d" custom="structure {type:default;}">
        <Coords points="766,3319 766,3347 1648,3354 1650,3354 1652,3354 1654,3354 1659,3350 1672,3343 1900,3352 1944,3352 1946,3352 1955,3352 2012,3341 2050,3352 2052,3352 2054,3352 2056,3352 2063,3352 2127,3341 2180,3352 2185,3352 2187,3352 2189,3352 2191,3352 2235,3341 2501,3352 2509,3352 2512,3352 2514,3352 2540,3341 2666,3352 2671,3314 2666,3283 764,3281 766,3319"/>
        <Baseline points="766,3319 2671,3314"/>
        <TextEquiv conf="0.9921555045139359">
          <Unicode>LIII. 3, Coll. Bamb. XLV. 3, Comp. I. L. 3. t. 33. c. 9, Decr. Greg. L. III. t. 38,</Unicode>
        </TextEquiv>
      </TextLine>
      <TextLine id="eSc_line_60c65227" custom="structure {type:default;}">
        <Coords points="764,3372 764,3389 1230,3398 1232,3398 1235,3398 1285,3383 1285,3367 1281,3339 1022,3327 1020,3327 1018,3327 1016,3327 998,3339 996,3341 762,3341 764,3372"/>
        <Baseline points="764,3372 1285,3367"/>
        <TextEquiv conf="0.9995168555866588">
          <Unicode>c. 7. — „Ex litteris“.</Unicode>
        </TextEquiv>
      </TextLine>
      <TextLine id="eSc_line_8bd47f16" custom="structure {type:default;}">
        <Coords points="715,3422 715,3453 2675,3453 2675,3416 2671,3385 2021,3374 2019,3374 1955,3385 1369,3376 1367,3376 1365,3376 1323,3387 817,3378 815,3378 713,3389 715,3422"/>
        <Baseline points="715,3422 2675,3416"/>
        <TextEquiv conf="0.9963271801854358">
          <Unicode>13954 (9020) Episcopo Herefordensi et abbati de Forde (al. Episcopo Exoniensi) de</Unicode>
        </TextEquiv>
      </TextLine>
      <TextLine id="eSc_line_287b74ff" custom="structure {type:default;}">
        <Coords points="768,3478 768,3528 872,3551 874,3551 1091,3533 1133,3531 1321,3531 1358,3537 1429,3548 1431,3548 1497,3537 1506,3537 1509,3537 1535,3551 1537,3551 1539,3553 1807,3553 1807,3551 1809,3551 1811,3551 1824,3542 1842,3531 1937,3544 1999,3551 2001,3551 2003,3551 2028,3544 2063,3535 2147,3544 2149,3544 2227,3531 2269,3546 2280,3551 2282,3551 2284,3551 2286,3551 2295,3546 2317,3535 2494,3531 2543,3551 2545,3551 2547,3551 2549,3551 2556,3551 2604,3539 2673,3551 2675,3478 2675,3449 768,3449 768,3478"/>
        <Baseline points="768,3478 2675,3478"/>
        <TextEquiv conf="0.9818167991581417">
          <Unicode>advocationibus ecclesiarum scribit. App. conc. Lat. XV. 4. Coll. Lips. LII. S. Coll.</Unicode>
        </TextEquiv>
      </TextLine>
    </TextRegion>
    <TextRegion id="eSc_textblock_6c62f224"  custom="structure {type:default;}">
      <Coords points="956,132 1869,132 1886,218 919,236 919,141 956,132"/>
      <TextLine id="eSc_line_22a6ac31" custom="structure {type:default;}">
        <Coords points="932,203 932,225 967,238 969,238 972,238 974,238 1014,227 1049,238 1051,238 1053,238 1056,238 1058,238 1071,225 1073,225 1075,225 1157,238 1159,238 1226,227 1391,238 1394,238 1396,238 1440,223 1442,223 1455,223 1608,234 1610,234 1703,223 1725,236 1727,236 1729,236 1732,238 1829,238 1829,236 1831,236 1860,220 1860,198 1855,152 1765,139 1763,139 1634,150 1548,134 1546,134 1544,134 1500,150 1396,136 1394,136 1391,136 1338,152 1248,136 967,136 965,136 963,136 930,152 932,203"/>
        <Baseline points="932,203 1860,198"/>
        <TextEquiv conf="0.999987518787384">
          <Unicode>ALEXANDER III. 1159—1181.</Unicode>
        </TextEquiv>
      </TextLine>
    </TextRegion>
    <TextRegion id="eSc_textblock_3e18992d"  custom="structure {type:default;}">
      <Coords points="2536,141 2715,150 2715,209 2653,245 2531,236 2536,141"/>
      <TextLine id="eSc_line_d644886c" custom="structure {type:default;}">
        <Coords points="2626,145 2604,143 2582,143 2571,141 2538,152 2543,203 2543,229 2668,240 2671,198 2666,150 2646,145 2626,145"/>
        <Baseline points="2543,203 2671,198"/>
        <TextEquiv conf="0.999998410542806">
          <Unicode>383</Unicode>
        </TextEquiv>
      </TextLine>
    </TextRegion>
  </Page>
</PcGts>
