<?xml version="1.0" encoding="UTF-8"  standalone="yes"?>
<PcGts xmlns="http://schema.primaresearch.org/PAGE/gts/pagecontent/2019-07-15" xmlns:xsi="http://www.w3.org/2001/XMLSchema-instance" xsi:schemaLocation="http://schema.primaresearch.org/PAGE/gts/pagecontent/2019-07-15 http://schema.primaresearch.org/PAGE/gts/pagecontent/2019-07-15/pagecontent.xsd">
  <Metadata>
	<Creator>escriptorium</Creator>
	<Created>2024-07-19T10:14:05.086123+00:00</Created>
        <LastChange>2024-08-08T08:46:31.599259+00:00</LastChange>
  </Metadata>
  <Page imageFilename="0408.png" imageWidth="3007" imageHeight="3975">
    <TextRegion id="eSc_textblock_5936f25a"  custom="structure {type:default;}">
      <Coords points="950,282 2733,291 2724,3221 2697,3504 2425,3513 2441,3548 2397,3566 2319,3566 2238,3513 707,3504 680,326 707,291 950,282"/>
      <TextLine id="eSc_line_cab2a8c5" custom="structure {type:default;}">
        <Coords points="684,315 687,353 687,384 1016,373 1018,348 1014,306 927,289 925,289 859,304 846,306 832,304 760,289 757,289 695,300 684,315"/>
        <Baseline points="687,353 1018,348"/>
        <TextEquiv conf="0.9995927539738741">
          <Unicode>1159— 1181.</Unicode>
        </TextEquiv>
      </TextLine>
      <TextLine id="eSc_line_e7b5d6bb" custom="structure {type:default;}">
        <Coords points="722,408 720,432 2686,439 2691,415 2688,362 2341,355 2339,355 2337,355 2324,362 2313,366 2299,362 2282,355 2280,355 2277,355 2275,355 2253,362 2220,371 2187,362 2163,355 2160,355 2158,355 2109,362 2048,371 1922,362 1778,353 1776,353 1774,353 1747,362 1729,371 1429,371 1414,364 1378,351 1376,351 1374,351 1199,362 1098,351 1095,351 1093,351 1067,362 1034,351 1031,351 1029,351 1027,351 998,364 994,366 722,366 722,408"/>
        <Baseline points="722,408 2691,415"/>
        <TextEquiv conf="0.993761558865392">
          <Unicode>14096 (9151) Canonicis, fratribus et monachis in episcopatu Sarensi ecclesias habenti-</Unicode>
        </TextEquiv>
      </TextLine>
      <TextLine id="eSc_line_c2994482" custom="structure {type:default;}">
        <Coords points="771,470 771,496 2688,496 2688,470 2688,439 771,437 771,470"/>
        <Baseline points="771,470 2688,470"/>
        <TextEquiv conf="0.993706182501782">
          <Unicode>bus praecipit, ne ecclesias, „rectoribus decedentibus, auctoritate propria occupent aut</Unicode>
        </TextEquiv>
      </TextLine>
      <TextLine id="eSc_line_8f63fac3" custom="structure {type:default;}">
        <Coords points="768,525 768,549 2688,549 2688,525 2686,492 768,492 768,525"/>
        <Baseline points="768,525 2688,525"/>
        <TextEquiv conf="0.998764603962133">
          <Unicode>etiam clericos in eis ponant“. App. conc. Lat. XLVII. 4. — „Ex transmissa nobis“.</Unicode>
        </TextEquiv>
      </TextLine>
      <TextLine id="eSc_line_b281febf" custom="structure {type:default;}">
        <Coords points="722,576 720,609 2684,613 2688,580 2686,547 722,543 722,576"/>
        <Baseline points="722,576 2688,580"/>
        <TextEquiv conf="0.9991960559768238">
          <Unicode>14097 (9152) Sarensi et Exoniensi episcopis scribit de I., sacerdotis filio, removendo.</Unicode>
        </TextEquiv>
      </TextLine>
      <TextLine id="eSc_line_bd6a9b65" custom="structure {type:default;}">
        <Coords points="775,638 775,655 1093,666 1095,666 1098,666 1142,655 1144,655 1146,655 1197,666 1199,666 1290,655 1305,666 1307,666 1310,666 1312,666 1314,666 1358,655 1365,653 1374,653 1433,664 1436,664 1955,651 1957,633 1950,598 773,602 775,638"/>
        <Baseline points="775,638 1957,633"/>
        <TextEquiv conf="0.9984830940763155">
          <Unicode>App. conc. Lat. XIX. 7. — „Suggestum est nobis“.</Unicode>
        </TextEquiv>
      </TextLine>
      <TextLine id="eSc_line_9df9f389" custom="structure {type:default;}">
        <Coords points="722,689 722,713 2686,715 2691,689 2688,655 722,655 722,689"/>
        <Baseline points="722,689 2691,689"/>
        <TextEquiv conf="0.9939322249833927">
          <Unicode>14098 (9153) Decano et capitulo Sarisberiensi scribit de praebenda Britfordensi Hugoni</Unicode>
        </TextEquiv>
      </TextLine>
      <TextLine id="eSc_line_4d8813c0" custom="structure {type:default;}">
        <Coords points="775,746 775,775 2684,777 2688,742 2684,711 773,706 775,746"/>
        <Baseline points="775,746 2688,742"/>
        <TextEquiv conf="0.9983398487538467">
          <Unicode>Buvet tributa a locelino episcopo. Theineri disqu. crit. p. 430, (App. conc. Lat.</Unicode>
        </TextEquiv>
      </TextLine>
      <TextLine id="eSc_line_44cd0534" custom="structure {type:default;}">
        <Coords points="773,801 773,819 1338,830 1341,830 1407,814 1409,797 1405,768 782,757 779,757 777,757 775,757 775,759 773,759 771,759 773,801"/>
        <Baseline points="773,801 1409,797"/>
        <TextEquiv conf="0.999859563329003">
          <Unicode>XXV. 3). — „Cum Hugo“.</Unicode>
        </TextEquiv>
      </TextLine>
      <TextLine id="eSc_line_687d5670" custom="structure {type:default;}">
        <Coords points="722,852 722,878 2688,876 2691,848 2684,806 720,812 722,852"/>
        <Baseline points="722,852 2691,848"/>
        <TextEquiv conf="0.9988916346005031">
          <Unicode>14099 (9154) Archiepiscopo Senonensi mandat, ut milites quosdam ab episcopo Trecensi</Unicode>
        </TextEquiv>
      </TextLine>
      <TextLine id="eSc_line_e1cd02bf" custom="structure {type:default;}">
        <Coords points="771,907 768,938 2682,940 2686,912 2684,881 771,876 771,907"/>
        <Baseline points="771,907 2686,912"/>
        <TextEquiv conf="0.9925503824130598">
          <Unicode>excommunicatos absolvat. App. conc. Lat. XLVI. 5, Comp. II. L. 2. t. 2. c. 2, Decr.</Unicode>
        </TextEquiv>
      </TextLine>
      <TextLine id="eSc_line_a2ac9337" custom="structure {type:default;}">
        <Coords points="768,960 766,980 793,993 795,993 797,995 1082,995 1082,993 1084,993 1109,982 1131,993 1133,993 1135,993 1252,982 1270,993 1272,993 1274,993 1277,993 1343,982 1398,995 1400,995 1402,995 1756,984 1844,995 1847,995 1919,982 1922,965 1919,931 768,927 768,960"/>
        <Baseline points="768,960 1922,965"/>
        <TextEquiv conf="0.9960162104392538">
          <Unicode>Greg. L. II. t. 2. c. 6. — „Ex transmissa nobis“.</Unicode>
        </TextEquiv>
      </TextLine>
      <TextLine id="eSc_line_cad988ea" custom="structure {type:default;}">
        <Coords points="722,1020 722,1046 2684,1048 2688,1013 2682,980 720,984 722,1020"/>
        <Baseline points="722,1020 2688,1013"/>
        <TextEquiv conf="0.9925271917221158">
          <Unicode>14100 (9159) Archiepiscopo Spalatino (al. Spoletano) scribit, bigamos sacris ordinibus</Unicode>
        </TextEquiv>
      </TextLine>
      <TextLine id="eSc_line_814390a4" custom="structure {type:default;}">
        <Coords points="773,1075 773,1104 2688,1097 2688,1075 2686,1040 773,1042 773,1075"/>
        <Baseline points="773,1075 2688,1075"/>
        <TextEquiv conf="0.9979269834886114">
          <Unicode>privandos esse. Praeterea de simoniace ordinatis aliisque de rebus respondet. Coll.</Unicode>
        </TextEquiv>
      </TextLine>
      <TextLine id="eSc_line_25c7870c" custom="structure {type:default;}">
        <Coords points="771,1126 768,1154 2684,1157 2688,1130 2686,1097 771,1093 771,1126"/>
        <Baseline points="771,1126 2688,1130"/>
        <TextEquiv conf="0.9914570343063538">
          <Unicode>Cass. XXI. 20, (Mansi XXI. 1092), ubi Alex. tribuitur; sed in Comp. I. L. I. t. 13.</Unicode>
        </TextEquiv>
      </TextLine>
      <TextLine id="eSc_line_a2d89c27" custom="structure {type:default;}">
        <Coords points="773,1181 771,1203 2684,1214 2688,1185 2686,1148 773,1143 773,1181"/>
        <Baseline points="773,1181 2688,1185"/>
        <TextEquiv conf="0.9936590124952033">
          <Unicode>c. 3, L. IV. t. 14. c. 1, L. 5. t. 2. c. 18, Decr. Greg. L. I. t. 21. c. 2, L. V. t. 3. c. 22,</Unicode>
        </TextEquiv>
      </TextLine>
      <TextLine id="eSc_line_37797bf4" custom="structure {type:default;}">
        <Coords points="777,1241 777,1272 2677,1263 2680,1241 2677,1207 777,1196 777,1241"/>
        <Baseline points="777,1241 2680,1241"/>
        <TextEquiv conf="0.9983204325040181">
          <Unicode>Mansi XXII. 482, Migne 201 p. 1375, haec fragmenta Lucio III. tribuuntur. —</Unicode>
        </TextEquiv>
      </TextLine>
      <TextLine id="eSc_line_64828ef2" custom="structure {type:default;}">
        <Coords points="773,1294 773,1327 903,1327 903,1325 905,1325 908,1325 927,1313 985,1322 998,1325 1000,1325 1058,1322 1217,1313 1407,1318 1612,1322 1615,1322 1617,1322 1619,1322 1619,1320 1626,1316 1630,1311 1641,1316 1668,1322 1670,1322 1672,1325 1984,1325 1984,1322 1986,1322 2032,1309 2032,1289 2026,1258 771,1258 773,1294"/>
        <Baseline points="773,1294 2032,1289"/>
        <TextEquiv conf="0.9978607647559222">
          <Unicode>„Super eo, quod a“ „Verum super eo“ „De simoniace“.</Unicode>
        </TextEquiv>
      </TextLine>
      <TextLine id="eSc_line_34324e90" custom="structure {type:default;}">
        <Coords points="722,1344 720,1369 2688,1373 2693,1349 2691,1305 722,1309 722,1344"/>
        <Baseline points="722,1344 2693,1349"/>
        <TextEquiv conf="0.9941976978665307">
          <Unicode>14101 (9023. 9160. 9161) Episcopo Spalensi (al. Hipponensi et Salernitano episcopis)</Unicode>
        </TextEquiv>
      </TextLine>
      <TextLine id="eSc_line_170829e3" custom="structure {type:default;}">
        <Coords points="773,1404 773,1433 2688,1433 2691,1400 2684,1371 771,1373 773,1404"/>
        <Baseline points="773,1404 2691,1400"/>
        <TextEquiv conf="0.9991406400998434">
          <Unicode>respondet 1) de eo, qui „quandam mulierem pollutione illicita cognoverit, et sororem</Unicode>
        </TextEquiv>
      </TextLine>
      <TextLine id="eSc_line_61898598" custom="structure {type:default;}">
        <Coords points="771,1457 771,1488 2688,1486 2691,1453 2684,1424 768,1426 771,1457"/>
        <Baseline points="771,1457 2691,1453"/>
        <TextEquiv conf="0.998122596597097">
          <Unicode>eius matrimonio postmodum copulaverit“; 2) de iis, „qui in sanitate vel infirmitate</Unicode>
        </TextEquiv>
      </TextLine>
      <TextLine id="eSc_line_ec1e4e24" custom="structure {type:default;}">
        <Coords points="773,1514 773,1541 2686,1541 2688,1510 2684,1481 771,1481 773,1514"/>
        <Baseline points="773,1514 2688,1510"/>
        <TextEquiv conf="0.9999310510704317">
          <Unicode>cum bonis suis ad religiosa loca se transtulerint; 3) „si qui in diaconatu et supra</Unicode>
        </TextEquiv>
      </TextLine>
      <TextLine id="eSc_line_3f49f17d" custom="structure {type:default;}">
        <Coords points="773,1570 773,1598 2686,1598 2686,1570 2686,1537 773,1534 773,1570"/>
        <Baseline points="773,1570 2686,1570"/>
        <TextEquiv conf="0.9954069837545737">
          <Unicode>matrimonia contraxerint, cogendos eos esse uxores relinquere“. App. conc. Lat.</Unicode>
        </TextEquiv>
      </TextLine>
      <TextLine id="eSc_line_91d599ca" custom="structure {type:default;}">
        <Coords points="775,1625 775,1656 2686,1656 2686,1625 2686,1590 775,1585 775,1625"/>
        <Baseline points="775,1625 2686,1625"/>
        <TextEquiv conf="0.9973982078273121">
          <Unicode>XLIX. 6. 7, Coll. Lips. XXIII. 24, LX. 9, Coll. Cass. XXXVI. 1, LIX. 8, LXIII. 15,</Unicode>
        </TextEquiv>
      </TextLine>
      <TextLine id="eSc_line_7a704f15" custom="structure {type:default;}">
        <Coords points="773,1678 773,1700 2684,1704 2686,1678 2686,1647 773,1647 773,1678"/>
        <Baseline points="773,1678 2686,1678"/>
        <TextEquiv conf="0.9786505755924043">
          <Unicode>Coll. Bamb. XXVII. 1, LV. 14, Comp. I. 3. t. 24. c. 6, L. 4. t. 6. c. 5, Decr. Greg-</Unicode>
        </TextEquiv>
      </TextLine>
      <TextLine id="eSc_line_b4493016" custom="structure {type:default;}">
        <Coords points="775,1735 775,1768 2686,1760 2688,1729 2684,1698 2076,1687 2074,1687 2072,1687 2045,1698 2010,1698 1416,1689 1414,1689 1411,1689 1387,1700 1385,1702 773,1702 775,1735"/>
        <Baseline points="775,1735 2688,1729"/>
        <TextEquiv conf="0.9995129218807927">
          <Unicode>L. III. t. 28. c. 4. — „Continebatur in litteris“ „De his, qui in“ „Super eo vero</Unicode>
        </TextEquiv>
      </TextLine>
      <TextLine id="eSc_line_f4b80132" custom="structure {type:default;}">
        <Coords points="771,1788 771,1817 1502,1810 1502,1788 1502,1757 771,1757 771,1788"/>
        <Baseline points="771,1788 1502,1788"/>
        <TextEquiv conf="0.9999947432548769">
          <Unicode>quod“ „Super eo, quod asseris“.</Unicode>
        </TextEquiv>
      </TextLine>
      <TextLine id="eSc_line_d5d9e614" custom="structure {type:default;}">
        <Coords points="724,1843 724,1874 2686,1870 2686,1843 2684,1799 724,1804 724,1843"/>
        <Baseline points="724,1843 2686,1843"/>
        <TextEquiv conf="0.9975834837773951">
          <Unicode>14102 (9162) Abbati de Stanfort (Stradeford) et priori de Esibili (al. Febi; an S.</Unicode>
        </TextEquiv>
      </TextLine>
      <TextLine id="eSc_line_7467d9da" custom="structure {type:default;}">
        <Coords points="777,1899 777,1930 2686,1921 2688,1894 2684,1866 775,1861 777,1899"/>
        <Baseline points="777,1899 2688,1894"/>
        <TextEquiv conf="0.9999620229005813">
          <Unicode>Eusebii?) mandat, ut inter monachos Maioris monasterii et ecclesiam S. Mariae de</Unicode>
        </TextEquiv>
      </TextLine>
      <TextLine id="eSc_line_df6aaa6e" custom="structure {type:default;}">
        <Coords points="777,1952 775,1972 2682,1976 2686,1956 2684,1916 777,1916 777,1952"/>
        <Baseline points="777,1952 2686,1956"/>
        <TextEquiv conf="0.9897927067628721">
          <Unicode>Martinon (Mertun) iudicium faciant. Comp. II. L. 1. t. 16. c. 3, Decr. Greg. L. I.</Unicode>
        </TextEquiv>
      </TextLine>
      <TextLine id="eSc_line_c8a92c54" custom="structure {type:default;}">
        <Coords points="771,2007 771,2027 817,2040 819,2040 821,2040 912,2029 936,2040 938,2040 941,2040 943,2040 980,2029 1016,2040 1018,2040 1020,2040 1120,2029 1175,2040 1177,2040 1250,2029 1277,2040 1279,2040 1281,2040 1338,2029 1376,2040 1378,2040 1380,2040 1506,2029 2085,2040 2087,2040 2176,2027 2176,2007 2174,1967 771,1976 771,2007"/>
        <Baseline points="771,2007 2176,2007"/>
        <TextEquiv conf="0.9944090638004366">
          <Unicode>t. 36. c. 8, cf. infra ep. 14137. — „Veniens ad apostolicae“.</Unicode>
        </TextEquiv>
      </TextLine>
      <TextLine id="eSc_line_fb028672" custom="structure {type:default;}">
        <Coords points="724,2064 724,2095 2688,2086 2688,2064 2686,2027 724,2027 724,2064"/>
        <Baseline points="724,2064 2688,2064"/>
        <TextEquiv conf="0.9949059130131513">
          <Unicode>14103 (9163) Abbati de Stradeford (al. Staforde, Castro-Foro) et priori S. Eusebii (al.</Unicode>
        </TextEquiv>
      </TextLine>
      <TextLine id="eSc_line_41d9798b" custom="structure {type:default;}">
        <Coords points="773,2120 773,2144 2684,2146 2688,2113 2684,2075 1517,2075 1515,2075 1422,2086 1405,2086 1338,2086 788,2078 786,2078 784,2078 782,2078 771,2084 773,2120"/>
        <Baseline points="773,2120 2688,2113"/>
        <TextEquiv conf="0.9877500286916407">
          <Unicode>de Cesebi, Helesby, Esebi) mandat, iudicent inter G. (al. W.) et A. clericos super</Unicode>
        </TextEquiv>
      </TextLine>
      <TextLine id="eSc_line_85f0ab87" custom="structure {type:default;}">
        <Coords points="775,2168 773,2199 2682,2206 2686,2173 2682,2135 775,2135 775,2168"/>
        <Baseline points="775,2168 2686,2173"/>
        <TextEquiv conf="0.9944295481026891">
          <Unicode>capella quadam litigantes. App. conc. Lat. XXVIII. 6, Coll. Lips. V. 6, Coll. Cass.</Unicode>
        </TextEquiv>
      </TextLine>
      <TextLine id="eSc_line_92842b8c" custom="structure {type:default;}">
        <Coords points="777,2230 777,2259 2686,2252 2686,2230 2686,2197 777,2190 777,2230"/>
        <Baseline points="777,2230 2686,2230"/>
        <TextEquiv conf="0.9855742094128631">
          <Unicode>XXVII. 6, Coll. Bamb. V. 5, Comp. I. L. 1. t. 27. c. 4, Decr. Greg. L. I. t. 36. c. 4.</Unicode>
        </TextEquiv>
      </TextLine>
      <TextLine id="eSc_line_b35c9be4" custom="structure {type:default;}">
        <Coords points="775,2285 775,2307 1935,2301 1937,2281 1933,2239 1376,2239 1374,2239 1323,2245 1292,2250 1170,2248 808,2241 806,2241 804,2241 773,2250 775,2285"/>
        <Baseline points="775,2285 1937,2281"/>
        <TextEquiv conf="0.9940967066929891">
          <Unicode>„Constitutus in praesentia“ „Constitutus in nostra“.</Unicode>
        </TextEquiv>
      </TextLine>
      <TextLine id="eSc_line_1fe244fa" custom="structure {type:default;}">
        <Coords points="724,2338 724,2365 2686,2358 2688,2332 2684,2298 737,2294 735,2294 733,2294 731,2294 722,2298 724,2338"/>
        <Baseline points="724,2338 2688,2332"/>
        <TextEquiv conf="0.9972957483557767">
          <Unicode>14104 (9165) Strigoniensi et Colocensi archiepiscopis scribit, „coniugatum ad monaste-</Unicode>
        </TextEquiv>
      </TextLine>
      <TextLine id="eSc_line_4228b4a6" custom="structure {type:default;}">
        <Coords points="775,2391 775,2418 2686,2413 2688,2387 2682,2351 773,2360 775,2391"/>
        <Baseline points="775,2391 2688,2387"/>
        <TextEquiv conf="0.997809508224813">
          <Unicode>rium converti desiderantem non esse suscipiendum, nisi uxor eius similiter conver-</Unicode>
        </TextEquiv>
      </TextLine>
      <TextLine id="eSc_line_b6b49108" custom="structure {type:default;}">
        <Coords points="775,2446 775,2468 2682,2475 2684,2446 2684,2415 775,2415 775,2446"/>
        <Baseline points="775,2446 2684,2446"/>
        <TextEquiv conf="0.9943047269832256">
          <Unicode>tatur“, cet. App. conc. Lat. V. 6. 7, Coll. Lips. LVIII. 6. 7, Coll. Cass. LVII. 7. 8,</Unicode>
        </TextEquiv>
      </TextLine>
      <TextLine id="eSc_line_7238ac78" custom="structure {type:default;}">
        <Coords points="771,2499 771,2532 2684,2532 2684,2499 2682,2466 771,2468 771,2499"/>
        <Baseline points="771,2499 2684,2499"/>
        <TextEquiv conf="0.995527732372284">
          <Unicode>Coll. Bamb. L. 6. 7, Comp. I. L. 3. t. 28. c. 5 et 6, Decr. Greg. L. III. t. 32.</Unicode>
        </TextEquiv>
      </TextLine>
      <TextLine id="eSc_line_8d5820a4" custom="structure {type:default;}">
        <Coords points="773,2552 771,2581 775,2585 777,2585 777,2588 779,2588 782,2588 784,2588 1069,2577 1323,2590 1325,2590 1385,2579 1418,2590 1420,2590 1422,2590 1873,2577 1875,2557 1873,2526 773,2521 773,2552"/>
        <Baseline points="773,2552 1875,2557"/>
        <TextEquiv conf="0.9942981237950532">
          <Unicode>c. 5 et 6. — „Coniugatus“ „Sane si coniugati“.</Unicode>
        </TextEquiv>
      </TextLine>
      <TextLine id="eSc_line_e65e7511" custom="structure {type:default;}">
        <Coords points="724,2612 724,2641 2686,2641 2688,2608 2684,2574 773,2568 771,2568 768,2568 722,2579 724,2612"/>
        <Baseline points="724,2612 2688,2608"/>
        <TextEquiv conf="0.9997884236102881">
          <Unicode>14105 Abbate S. Leodegarii Suessionensis petente, altaria ad eius ecclesiam spectantia</Unicode>
        </TextEquiv>
      </TextLine>
      <TextLine id="eSc_line_099bdb34" custom="structure {type:default;}">
        <Coords points="771,2667 771,2689 2684,2685 2686,2663 2680,2630 768,2634 771,2667"/>
        <Baseline points="771,2667 2686,2663"/>
        <TextEquiv conf="0.9996854710307989">
          <Unicode>confirmat. Coll. Moreau t. 84. f. 169 in bibl. nat. Paris. Misit Dclisle. — „Si quando“.</Unicode>
        </TextEquiv>
      </TextLine>
      <TextLine id="eSc_line_9d009a86" custom="structure {type:default;}">
        <Coords points="695,2707 695,2718 695,2753 2688,2749 2688,2718 2686,2680 695,2685 695,2707"/>
        <Baseline points="695,2718 2688,2718"/>
        <TextEquiv conf="0.9929619564729578">
          <Unicode>f14106 (9166) Episcopo Siracusano scribit de controversia Caesarii abbatis monasterii</Unicode>
        </TextEquiv>
      </TextLine>
      <TextLine id="eSc_line_db82d04c" custom="structure {type:default;}">
        <Coords points="775,2778 775,2804 2686,2797 2688,2771 2684,2742 1418,2733 1416,2733 1341,2744 788,2736 786,2736 784,2736 782,2736 773,2742 775,2778"/>
        <Baseline points="775,2778 2688,2771"/>
        <TextEquiv conf="0.9995054432324001">
          <Unicode>S. Petri (Baiani) et (Iohannis) abbatis monasterii S. Luciae. (In canonum collectio-</Unicode>
        </TextEquiv>
      </TextLine>
      <TextLine id="eSc_line_fe8c353e" custom="structure {type:default;}">
        <Coords points="775,2833 775,2853 2682,2859 2686,2828 2682,2795 817,2791 815,2791 813,2791 773,2802 775,2833"/>
        <Baseline points="775,2833 2686,2828"/>
        <TextEquiv conf="0.9966824032366276">
          <Unicode>nibus falso Alexandro III. ascribitur; est enim ex Reg. Greg. I. L. VII. ep. 36,</Unicode>
        </TextEquiv>
      </TextLine>
      <TextLine id="eSc_line_36355fb7" custom="structure {type:default;}">
        <Coords points="775,2886 775,2917 2686,2910 2686,2886 2686,2855 775,2846 775,2886"/>
        <Baseline points="775,2886 2686,2886"/>
        <TextEquiv conf="0.9905687824981969">
          <Unicode>supra num. 1482, desumptum.) Coll. Lips. XI. 8, Comp. II. L. 2. t. 17. c. 2, Decr.</Unicode>
        </TextEquiv>
      </TextLine>
      <TextLine id="eSc_line_575c0760" custom="structure {type:default;}">
        <Coords points="771,2937 771,2961 1990,2956 1992,2932 1986,2897 768,2906 771,2937"/>
        <Baseline points="771,2937 1992,2932"/>
        <TextEquiv conf="0.9936565206601069">
          <Unicode>Greg. L. II. t. 26. c. 9. — „Quia indicante abbate“.</Unicode>
        </TextEquiv>
      </TextLine>
      <TextLine id="eSc_line_228c4cf2" custom="structure {type:default;}">
        <Coords points="724,2992 724,3023 2688,3018 2688,2992 2688,2952 724,2950 724,2992"/>
        <Baseline points="724,2992 2688,2992"/>
        <TextEquiv conf="0.9952258243280299">
          <Unicode>14107 (9167. 9177) Archiepiscopo Tarraconensi (al. Cretensi, al. Trecensi) respondet:</Unicode>
        </TextEquiv>
      </TextLine>
      <TextLine id="eSc_line_7f6ef12f" custom="structure {type:default;}">
        <Coords points="777,3049 777,3076 2686,3076 2686,3049 2686,3018 777,3018 777,3049"/>
        <Baseline points="777,3049 2686,3049"/>
        <TextEquiv conf="0.9962175252996845">
          <Unicode>1) de militis cuiusdam divortio; 2) de testibus, „quibus ab adversa parte crimina</Unicode>
        </TextEquiv>
      </TextLine>
      <TextLine id="eSc_line_19f92372" custom="structure {type:default;}">
        <Coords points="775,3100 773,3129 1440,3133 1442,3133 1444,3133 1467,3127 1489,3122 1557,3127 1637,3133 1639,3133 1641,3133 1643,3133 1652,3127 1661,3122 1833,3127 2185,3135 2187,3135 2269,3124 2277,3124 2284,3124 2335,3135 2337,3135 2470,3124 2476,3124 2481,3124 2549,3135 2551,3135 2684,3122 2686,3104 2684,3071 775,3067 775,3100"/>
        <Baseline points="775,3100 2686,3104"/>
        <TextEquiv conf="0.9989016979205899">
          <Unicode>opponantur“. App. conc. Lat. VI. 14, VIII. 4, Coll. Lips. XLIII. 6, LIX. 27, Coll.</Unicode>
        </TextEquiv>
      </TextLine>
      <TextLine id="eSc_line_14133b79" custom="structure {type:default;}">
        <Coords points="775,3155 775,3182 2686,3182 2686,3155 2686,3124 775,3118 775,3155"/>
        <Baseline points="775,3155 2686,3155"/>
        <TextEquiv conf="0.9887893773332427">
          <Unicode>Cass. XLVIII. 3, LVIII. 14, Coll. Bamb. XXXIX. 3, LI. 14, Comp. I. L. 2. t. 13.</Unicode>
        </TextEquiv>
      </TextLine>
      <TextLine id="eSc_line_87985fef" custom="structure {type:default;}">
        <Coords points="777,3210 777,3235 1573,3246 1575,3246 1577,3246 1599,3235 1601,3235 1957,3235 1959,3235 2021,3246 2023,3246 2107,3235 2136,3246 2138,3246 2140,3248 2304,3248 2304,3246 2306,3246 2333,3235 2406,3246 2408,3246 2509,3235 2525,3246 2527,3246 2529,3246 2531,3248 2660,3248 2660,3246 2662,3246 2686,3233 2686,3210 2684,3173 777,3175 777,3210"/>
        <Baseline points="777,3210 2686,3210"/>
        <TextEquiv conf="0.9901161153208126">
          <Unicode>c. 12, L. 4. t. 20. c. 4, Decr. Greg. L. II. t. 20. c. 13, L. IV. t. 19. c. 4. — „Signi-</Unicode>
        </TextEquiv>
      </TextLine>
      <TextLine id="eSc_line_bdab71d2" custom="structure {type:default;}">
        <Coords points="775,3266 775,3288 1356,3299 1358,3299 1360,3299 1387,3286 1391,3286 1396,3286 1436,3297 1438,3297 1440,3297 1575,3286 1588,3286 1592,3286 1630,3297 1632,3297 1634,3297 1782,3286 1785,3286 1798,3297 1800,3297 1802,3297 1805,3299 1961,3299 1961,3297 1964,3297 2010,3283 2010,3261 2006,3230 773,3228 775,3266"/>
        <Baseline points="775,3266 2010,3261"/>
        <TextEquiv conf="0.9911125111130049">
          <Unicode>ficasti nobis quod“ „Super eo, quod“ „Super eo vero“.</Unicode>
        </TextEquiv>
      </TextLine>
      <TextLine id="eSc_line_be2408d7" custom="structure {type:default;}">
        <Coords points="726,3319 726,3352 2691,3350 2691,3319 2688,3279 726,3288 726,3319"/>
        <Baseline points="726,3319 2691,3319"/>
        <TextEquiv conf="0.9883472134427327">
          <Unicode>14108 (9168) Archiepiscopo Tarraconensi scribit, canonici Pampilunenses cum questi</Unicode>
        </TextEquiv>
      </TextLine>
      <TextLine id="eSc_line_ca1da734" custom="structure {type:default;}">
        <Coords points="777,3374 777,3400 2688,3396 2688,3374 2688,3345 777,3345 777,3374"/>
        <Baseline points="777,3374 2688,3374"/>
        <TextEquiv conf="0.999785147789048">
          <Unicode>essent, „quod dux (rex ?) Navarrorum eos bonis suis spoliasset“. se causam ei com-</Unicode>
        </TextEquiv>
      </TextLine>
      <TextLine id="eSc_line_6cb30ca7" custom="structure {type:default;}">
        <Coords points="777,3431 777,3451 1396,3462 1398,3462 2688,3449 2688,3425 2682,3392 775,3392 777,3431"/>
        <Baseline points="777,3431 2688,3425"/>
        <TextEquiv conf="0.9963439181447029">
          <Unicode>misisse terminandam. „Verum“ inquit „quoniam nobis tacuerunt, quod fuit ad sedem</Unicode>
        </TextEquiv>
      </TextLine>
      <TextLine id="eSc_line_bc77be5e" custom="structure {type:default;}">
        <Coords points="777,3484 777,3531 837,3551 839,3551 841,3551 932,3533 958,3528 1003,3533 1135,3551 1137,3553 1349,3553 1349,3551 1352,3551 1394,3537 1420,3528 1444,3537 1475,3551 1478,3551 1480,3553 1537,3553 1537,3551 1539,3551 1570,3539 1601,3528 1668,3539 1672,3539 1674,3539 1676,3539 1734,3526 1789,3542 1818,3548 1820,3548 1822,3548 1824,3548 1827,3548 1836,3542 1855,3526 1919,3526 1972,3542 1990,3548 1992,3548 1995,3548 2019,3544 2090,3526 2198,3544 2224,3548 2227,3548 2229,3548 2231,3548 2235,3546 2262,3526 2489,3526 2677,3548 2682,3480 2677,3451 775,3449 777,3484"/>
        <Baseline points="777,3484 2682,3480"/>
        <TextEquiv conf="0.9783585415166967">
          <Unicode>apostolicam appcliatum. inbibemus, ne in executione negotii aliqua ratione procedas“.</Unicode>
        </TextEquiv>
      </TextLine>
      <TextLine id="eSc_line_b7a063af" custom="structure {type:default;}">
        <Coords points="2324,3542 2328,3608 2419,3597 2417,3535 2410,3504 2319,3509 2324,3542"/>
        <Baseline points="2324,3542 2417,3535"/>
        <TextEquiv conf="0.9998490214347839">
          <Unicode>50*</Unicode>
        </TextEquiv>
      </TextLine>
    </TextRegion>
    <TextRegion id="eSc_textblock_31b70ee0"  custom="structure {type:default;}">
      <Coords points="965,132 1869,132 1913,141 1913,227 1877,253 954,245 927,194 965,132"/>
      <TextLine id="eSc_line_f21980e3" custom="structure {type:default;}">
        <Coords points="958,209 958,234 1884,234 1884,209 1884,154 1754,143 1752,143 1749,143 1721,154 1718,154 1714,154 1690,143 1687,143 1685,143 1683,143 1657,154 1654,154 1650,154 1610,143 1608,143 1606,143 1604,143 1601,143 1601,145 1592,154 1590,156 1467,156 1462,154 1407,143 1405,143 1345,154 1343,154 1330,143 1327,143 1325,143 1323,143 1321,143 1319,143 1319,145 1307,154 1305,154 1199,143 1197,143 1195,143 1168,154 1166,154 1071,143 1069,143 958,154 958,209"/>
        <Baseline points="958,209 1884,209"/>
        <TextEquiv conf="0.9995884346961975">
          <Unicode>ALEXANDER III. 1159—1181.</Unicode>
        </TextEquiv>
      </TextLine>
    </TextRegion>
    <TextRegion id="eSc_textblock_bb1823ca"  custom="structure {type:default;}">
      <Coords points="2589,132 2733,150 2733,218 2688,245 2549,236 2531,159 2589,132"/>
      <TextLine id="eSc_line_6b7497ab" custom="structure {type:default;}">
        <Coords points="2673,141 2651,139 2635,136 2562,154 2567,207 2567,234 2693,236 2693,200 2688,143 2673,141"/>
        <Baseline points="2567,207 2693,200"/>
        <TextEquiv conf="0.9999999602635702">
          <Unicode>395</Unicode>
        </TextEquiv>
      </TextLine>
    </TextRegion>
  </Page>
</PcGts>
