<?xml version="1.0" encoding="UTF-8"  standalone="yes"?>
<PcGts xmlns="http://schema.primaresearch.org/PAGE/gts/pagecontent/2019-07-15" xmlns:xsi="http://www.w3.org/2001/XMLSchema-instance" xsi:schemaLocation="http://schema.primaresearch.org/PAGE/gts/pagecontent/2019-07-15 http://schema.primaresearch.org/PAGE/gts/pagecontent/2019-07-15/pagecontent.xsd">
  <Metadata>
	<Creator>escriptorium</Creator>
	<Created>2024-07-19T10:14:15.203527+00:00</Created>
        <LastChange>2024-08-08T08:47:06.250923+00:00</LastChange>
  </Metadata>
  <Page imageFilename="0418.png" imageWidth="3007" imageHeight="3975">
    <TextRegion id="eSc_textblock_98875cd9"  custom="structure {type:default;}">
      <Coords points="702,318 2715,318 2697,3539 689,3548 669,3504 415,3522 395,3433 360,3513 159,3513 123,2729 167,2517 333,2605 388,2703 424,2535 554,2570 662,2650 680,2621 662,353 702,318"/>
      <TextLine id="eSc_line_cda2cc39" custom="structure {type:default;}">
        <Coords points="916,318 901,318 863,329 850,331 687,326 673,337 676,377 676,399 998,399 1000,371 996,331 925,318 916,318"/>
        <Baseline points="676,377 1000,371"/>
        <TextEquiv conf="0.9999721229076386">
          <Unicode>1167—1181.</Unicode>
        </TextEquiv>
      </TextLine>
      <TextLine id="eSc_line_30adc5e5" custom="structure {type:default;}">
        <Coords points="704,439 704,461 2671,459 2673,435 2668,393 1687,379 1685,379 1573,393 1555,393 1546,393 1502,382 1369,382 1367,382 1365,382 1363,382 1347,393 1345,393 1332,393 1261,382 1259,382 702,390 704,439"/>
        <Baseline points="704,439 2673,435"/>
        <TextEquiv conf="0.9929530512855713">
          <Unicode>14231 Monasterii Cerasiensis privilegia quaedam, petente Martino abbate, confirmat.</Unicode>
        </TextEquiv>
      </TextLine>
      <TextLine id="eSc_line_fa355f7f" custom="structure {type:default;}">
        <Coords points="755,492 755,518 2673,518 2673,492 2673,461 755,461 755,492"/>
        <Baseline points="755,492 2673,492"/>
        <TextEquiv conf="0.9985985109604985">
          <Unicode>(Francogallice reddita in) Chartul. Ceras. p. 20 in Arch. dép. de la Manche in St.-</Unicode>
        </TextEquiv>
      </TextLine>
      <TextLine id="eSc_line_aa304d6d" custom="structure {type:default;}">
        <Coords points="757,547 757,569 1707,576 1712,543 1707,512 755,510 757,547"/>
        <Baseline points="757,547 1712,543"/>
        <TextEquiv conf="0.9950126126408577">
          <Unicode>Lo. Misit Delisle. — („Effectum iusta.“)</Unicode>
        </TextEquiv>
      </TextLine>
      <TextLine id="eSc_line_d5c61080" custom="structure {type:default;}">
        <Coords points="673,640 673,671 998,677 1003,636 996,596 974,596 972,594 952,576 952,574 950,574 947,574 945,574 872,589 830,598 671,583 673,640"/>
        <Baseline points="673,640 1003,636"/>
        <TextEquiv conf="0.9992811192165721">
          <Unicode>1168— 1181.</Unicode>
        </TextEquiv>
      </TextLine>
      <TextLine id="eSc_line_c45bf472" custom="structure {type:default;}">
        <Coords points="704,713 704,733 2668,739 2671,713 2671,671 704,671 704,713"/>
        <Baseline points="704,713 2671,713"/>
        <TextEquiv conf="0.9999168919665473">
          <Unicode>14232 (9282) Consules Placentinos hortatur, cogant Fulconem civem fratresque illius,</Unicode>
        </TextEquiv>
      </TextLine>
      <TextLine id="eSc_line_232ee30b" custom="structure {type:default;}">
        <Coords points="757,766 757,790 2671,788 2673,761 2668,730 1743,719 1741,719 1738,719 1710,730 824,722 821,722 755,733 757,766"/>
        <Baseline points="757,766 2673,761"/>
        <TextEquiv conf="0.9930504472167404">
          <Unicode>ut Hugoni, subdiacono suo, ablata restituant. Campi Hist. di Piac. II. 362, Migne</Unicode>
        </TextEquiv>
      </TextLine>
      <TextLine id="eSc_line_568a8e2b" custom="structure {type:default;}">
        <Coords points="757,819 757,841 1577,836 1579,814 1575,786 782,777 779,777 777,777 755,786 757,819"/>
        <Baseline points="757,819 1579,814"/>
        <TextEquiv conf="0.9998007362539117">
          <Unicode>200 p. 1282. — „Referente nobis“.</Unicode>
        </TextEquiv>
      </TextLine>
      <TextLine id="eSc_line_faf47291" custom="structure {type:default;}">
        <Coords points="704,876 704,909 817,898 2671,898 2673,872 2668,836 702,832 704,876"/>
        <Baseline points="704,876 2673,872"/>
        <TextEquiv conf="0.9916107894360334">
          <Unicode>14233 *Controversiam inter canonicos Sipontinos et Garganicos de archiepiscopali digni-</Unicode>
        </TextEquiv>
      </TextLine>
      <TextLine id="eSc_line_1ce8e30f" custom="structure {type:default;}">
        <Coords points="755,934 755,956 2668,954 2671,925 2664,894 753,894 755,934"/>
        <Baseline points="755,934 2671,925"/>
        <TextEquiv conf="0.9924082821462212">
          <Unicode>tate agitatam dirimit, statuens, „non duas, sed unam tantum archiepiscopalem sedem</Unicode>
        </TextEquiv>
      </TextLine>
      <TextLine id="eSc_line_f94a9b76" custom="structure {type:default;}">
        <Coords points="753,984 753,1011 2668,1015 2671,984 2671,954 753,954 753,984"/>
        <Baseline points="753,984 2671,984"/>
        <TextEquiv conf="0.9927163425698338">
          <Unicode>existere, videlicet ecclesiam Sipontinam, et ne de cetero Sipontinus et Garganicus,</Unicode>
        </TextEquiv>
      </TextLine>
      <TextLine id="eSc_line_c8511f0b" custom="structure {type:default;}">
        <Coords points="755,1040 755,1064 2668,1057 2671,1033 2664,1004 753,1007 755,1040"/>
        <Baseline points="755,1040 2671,1033"/>
        <TextEquiv conf="0.9997861959316112">
          <Unicode>sed Sipontinus archiepiscopus solummodo dicatur: chrisma quoque confici et Vesta-</Unicode>
        </TextEquiv>
      </TextLine>
      <TextLine id="eSc_line_435287ba" custom="structure {type:default;}">
        <Coords points="757,1097 757,1119 2668,1117 2671,1093 2664,1064 755,1066 757,1097"/>
        <Baseline points="757,1097 2671,1093"/>
        <TextEquiv conf="0.9993430376052856">
          <Unicode>nensem electum per archiepiscopum consecrari in ecclesia Sipontina, sicuti b. m. G.</Unicode>
        </TextEquiv>
      </TextLine>
      <TextLine id="eSc_line_3ba95152" custom="structure {type:default;}">
        <Coords points="753,1154 753,1185 2671,1170 2673,1146 2668,1115 2246,1104 2244,1104 2189,1115 2187,1115 2167,1115 1723,1106 1721,1106 751,1119 753,1154"/>
        <Baseline points="753,1154 2673,1146"/>
        <TextEquiv conf="0.9987691837021068">
          <Unicode>archiepiscopus Sipontinus Maragdum Vestanensem electum in eadem ecclesia conse-</Unicode>
        </TextEquiv>
      </TextLine>
      <TextLine id="eSc_line_21c03eab" custom="structure {type:default;}">
        <Coords points="751,1205 751,1232 2668,1243 2671,1205 2671,1174 751,1174 751,1205"/>
        <Baseline points="751,1205 2671,1205"/>
        <TextEquiv conf="0.9871120165895533">
          <Unicode>craverit“. (Cf. ep. 11539). Epist. Innoc. III. ed. Baluzius I. 633, ap. Migne 214</Unicode>
        </TextEquiv>
      </TextLine>
      <TextLine id="eSc_line_09447f56" custom="structure {type:default;}">
        <Coords points="751,1265 751,1283 808,1294 810,1294 969,1278 969,1260 963,1221 748,1230 751,1265"/>
        <Baseline points="751,1265 969,1260"/>
        <TextEquiv conf="0.99983811378479">
          <Unicode>p. 1000.</Unicode>
        </TextEquiv>
      </TextLine>
      <TextLine id="eSc_line_8de203de" custom="structure {type:default;}">
        <Coords points="676,1353 676,1393 744,1382 1005,1393 1007,1353 1007,1311 932,1285 930,1285 927,1285 925,1285 848,1309 841,1311 817,1309 784,1307 757,1285 755,1285 753,1285 711,1285 709,1285 707,1285 704,1285 676,1302 676,1353"/>
        <Baseline points="676,1353 1007,1353"/>
        <TextEquiv conf="0.9718435009320577">
          <Unicode>1169 — 1181.</Unicode>
        </TextEquiv>
      </TextLine>
      <TextLine id="eSc_line_28b10e65" custom="structure {type:default;}">
        <Coords points="704,1426 704,1450 2671,1453 2675,1419 2671,1382 1360,1373 1358,1373 1356,1373 1319,1384 784,1375 782,1375 702,1386 704,1426"/>
        <Baseline points="704,1426 2675,1419"/>
        <TextEquiv conf="0.992506095942329">
          <Unicode>14234 (9283) Eberardo (l. Gerardo), episcopo Patavino, (al. Ep. Norwicensi) respondet</Unicode>
        </TextEquiv>
      </TextLine>
      <TextLine id="eSc_line_ce2739b8" custom="structure {type:default;}">
        <Coords points="753,1481 753,1506 2671,1506 2673,1475 2666,1446 751,1450 753,1481"/>
        <Baseline points="753,1481 2673,1475"/>
        <TextEquiv conf="0.9999507822096347">
          <Unicode>de „viro et muliere, qui de mandato domini utriusque se invicem receperint nullo</Unicode>
        </TextEquiv>
      </TextLine>
      <TextLine id="eSc_line_dc09824b" custom="structure {type:default;}">
        <Coords points="753,1534 753,1556 2671,1559 2673,1534 2673,1503 753,1501 753,1534"/>
        <Baseline points="753,1534 2673,1534"/>
        <TextEquiv conf="0.993473724818524">
          <Unicode>sacerdote praesente, nec adhibita solemnitate“ cet. App. conc. Lat. VI. 22, Coll.</Unicode>
        </TextEquiv>
      </TextLine>
      <TextLine id="eSc_line_b0ed982f" custom="structure {type:default;}">
        <Coords points="755,1594 755,1618 2666,1618 2668,1587 2664,1554 753,1548 755,1594"/>
        <Baseline points="755,1594 2668,1587"/>
        <TextEquiv conf="0.9865462843860898">
          <Unicode>Lips. LIX. 32, Coll. Cass. LVIII. 21, Coll. Bamb. LI. 19, Comp. I. L. 4. t. 4. c. 8.</Unicode>
        </TextEquiv>
      </TextLine>
      <TextLine id="eSc_line_94e46558" custom="structure {type:default;}">
        <Coords points="755,1645 755,1665 1665,1667 1668,1645 1665,1612 755,1612 755,1645"/>
        <Baseline points="755,1645 1668,1645"/>
        <TextEquiv conf="0.9999991380251371">
          <Unicode>— „Significasti“ „Super eo vero, quod“.</Unicode>
        </TextEquiv>
      </TextLine>
      <TextLine id="eSc_line_53d85369" custom="structure {type:default;}">
        <Coords points="704,1702 704,1726 2668,1729 2673,1696 2666,1660 702,1665 704,1702"/>
        <Baseline points="704,1702 2673,1696"/>
        <TextEquiv conf="0.9881182377596935">
          <Unicode>14235 (9284) Ebrardo (l. Gerardo) episcopo Patavino respondet „de muliere, quae cum</Unicode>
        </TextEquiv>
      </TextLine>
      <TextLine id="eSc_line_b7b5c1c3" custom="structure {type:default;}">
        <Coords points="753,1755 753,1777 2675,1777 2675,1755 2675,1724 753,1722 753,1755"/>
        <Baseline points="753,1755 2675,1755"/>
        <TextEquiv conf="0.9999938175082207">
          <Unicode>sit uni viro desponsata et ab alio viro postea desponsetur et cognoscatur“. App.</Unicode>
        </TextEquiv>
      </TextLine>
      <TextLine id="eSc_line_c1268120" custom="structure {type:default;}">
        <Coords points="755,1806 753,1830 2668,1837 2673,1810 2671,1775 755,1773 755,1806"/>
        <Baseline points="755,1806 2673,1810"/>
        <TextEquiv conf="0.998526939531652">
          <Unicode>conc. Lat. VI. 18, Coll. Lips. LIX. 13. 29, Coll. Cass. LVIII. 18, Coll. Bamb. LI.</Unicode>
        </TextEquiv>
      </TextLine>
      <TextLine id="eSc_line_fbd7fc1f" custom="structure {type:default;}">
        <Coords points="757,1868 757,1888 2668,1896 2671,1868 2671,1830 2357,1821 2355,1821 2353,1821 2328,1830 2322,1832 2317,1830 2299,1821 2297,1821 2295,1821 2216,1830 2191,1832 2180,1830 2151,1821 2149,1821 2147,1821 2096,1830 2081,1832 2061,1830 1984,1821 1981,1821 1979,1821 1950,1830 1946,1832 1944,1830 1931,1821 1928,1821 1926,1821 1924,1821 1922,1821 1897,1830 1893,1832 1873,1830 1789,1821 1787,1821 1652,1832 1630,1832 1623,1832 1590,1821 1588,1821 1586,1821 1584,1821 1548,1832 1544,1832 1542,1832 1517,1821 1515,1821 1513,1821 1363,1832 1347,1832 1338,1832 1272,1821 1270,1821 1268,1821 1230,1832 1228,1832 1226,1832 1193,1821 1190,1821 1188,1821 1186,1821 1162,1832 1159,1832 1155,1832 1084,1821 1082,1821 1080,1821 1042,1832 1040,1832 1036,1832 899,1821 897,1821 757,1832 757,1868"/>
        <Baseline points="757,1868 2671,1868"/>
        <TextEquiv conf="0.9866101030843804">
          <Unicode>16. 17, Comp. I. L. 4. t. 1. c. 5, L. 4. t. 4. c. 6, Decr. Greg. L. IV. t. 1. c. 6,</Unicode>
        </TextEquiv>
      </TextLine>
      <TextLine id="eSc_line_5a4bdb60" custom="structure {type:default;}">
        <Coords points="751,1923 751,1943 1981,1947 1984,1947 1986,1947 2030,1934 2030,1914 2023,1874 1137,1885 1106,1877 1104,1877 1102,1877 1100,1877 1067,1888 1064,1888 1045,1888 768,1879 766,1879 764,1879 762,1879 748,1885 751,1923"/>
        <Baseline points="751,1923 2030,1914"/>
        <TextEquiv conf="0.987953710768904">
          <Unicode>t. 16. c. 3. — „Sollicitudini sedis“ „De muliere, quae“.</Unicode>
        </TextEquiv>
      </TextLine>
      <TextLine id="eSc_line_22faa0c4" custom="structure {type:default;}">
        <Coords points="702,1974 702,2002 2673,2002 2675,1969 2671,1934 700,1932 702,1974"/>
        <Baseline points="702,1974 2675,1969"/>
        <TextEquiv conf="0.9990889040040382">
          <Unicode>14237 Abbati et fratribus S. Sillani de Romagnano mandat, ut B. Novarum (legendum</Unicode>
        </TextEquiv>
      </TextLine>
      <TextLine id="eSc_line_87570897" custom="structure {type:default;}">
        <Coords points="757,2029 757,2053 2677,2053 2677,2029 2677,1998 757,1996 757,2029"/>
        <Baseline points="757,2029 2677,2029"/>
        <TextEquiv conf="0.9939922137958247">
          <Unicode>videtur: Bonifacio Novariensi) episcopo debitam obedientiam exhibeant. Coll. Lips.</Unicode>
        </TextEquiv>
      </TextLine>
      <TextLine id="eSc_line_20ad58ca" custom="structure {type:default;}">
        <Coords points="755,2086 755,2113 1721,2106 1721,2086 1721,2053 755,2049 755,2086"/>
        <Baseline points="755,2086 1721,2086"/>
        <TextEquiv conf="0.984956817047016">
          <Unicode>XXXIV. 4. — „Veniens ad praesentiam“.</Unicode>
        </TextEquiv>
      </TextLine>
      <TextLine id="eSc_line_9e475e58" custom="structure {type:default;}">
        <Coords points="704,2142 704,2170 2673,2166 2675,2135 2671,2102 702,2100 704,2142"/>
        <Baseline points="704,2142 2675,2135"/>
        <TextEquiv conf="0.9907579625525126">
          <Unicode>14237 D(esiderio) episcopo Morinensi litteras dat. Neues Archiv VII. 107. — „Licet</Unicode>
        </TextEquiv>
      </TextLine>
      <TextLine id="eSc_line_441fbfdd" custom="structure {type:default;}">
        <Coords points="751,2199 751,2217 925,2217 925,2195 919,2161 748,2161 751,2199"/>
        <Baseline points="751,2199 925,2195"/>
        <TextEquiv conf="0.9999947718211583">
          <Unicode>et te“.</Unicode>
        </TextEquiv>
      </TextLine>
      <TextLine id="eSc_line_06d0dcbe" custom="structure {type:default;}">
        <Coords points="676,2283 673,2314 695,2327 698,2327 700,2327 702,2327 704,2327 735,2316 764,2327 766,2327 768,2327 771,2327 773,2327 788,2316 795,2314 830,2314 837,2318 850,2329 852,2329 855,2329 857,2329 903,2323 943,2316 1005,2327 1009,2287 1009,2252 912,2228 910,2228 908,2228 870,2239 841,2248 676,2223 676,2283"/>
        <Baseline points="676,2283 1009,2287"/>
        <TextEquiv conf="0.9633478869994482">
          <Unicode>1170 — 1181.</Unicode>
        </TextEquiv>
      </TextLine>
      <TextLine id="eSc_line_a7adbc55" custom="structure {type:default;}">
        <Coords points="704,2362 704,2385 2673,2391 2675,2362 2675,2323 704,2323 704,2362"/>
        <Baseline points="704,2362 2675,2362"/>
        <TextEquiv conf="0.9961007952690124">
          <Unicode>14238 (9285) Valrici, patriarchae Aquileiensis, privilegia confirmat, eique permittit, ut,</Unicode>
        </TextEquiv>
      </TextLine>
      <TextLine id="eSc_line_27202e2a" custom="structure {type:default;}">
        <Coords points="757,2418 757,2442 2671,2442 2673,2409 2666,2378 755,2378 757,2418"/>
        <Baseline points="757,2418 2673,2409"/>
        <TextEquiv conf="0.992182242281643">
          <Unicode>mortuo Venardo episcopo Tergestino ac Iustinopolitano, utrique ecclesiae proprium</Unicode>
        </TextEquiv>
      </TextLine>
      <TextLine id="eSc_line_c6d39bc9" custom="structure {type:default;}">
        <Coords points="755,2471 755,2495 2673,2495 2675,2466 2671,2431 815,2429 813,2429 753,2440 755,2471"/>
        <Baseline points="755,2471 2675,2466"/>
        <TextEquiv conf="0.9958095926614035">
          <Unicode>episcopum praeficiat. (Meiller Reg. arch. Salisb. p. 472 anno circiter 1168, Ughelli</Unicode>
        </TextEquiv>
      </TextLine>
      <TextLine id="eSc_line_7d089519" custom="structure {type:default;}">
        <Coords points="755,2524 755,2552 1082,2550 1109,2552 1182,2563 1184,2563 1186,2563 1188,2563 1201,2552 1208,2550 1411,2550 1422,2552 1458,2563 1460,2563 1462,2563 1464,2563 1467,2563 1480,2552 1484,2550 1486,2552 1509,2563 1511,2563 1513,2563 1515,2563 1559,2552 1564,2552 1570,2552 1650,2563 1652,2563 1654,2563 1657,2563 1672,2552 1674,2550 1849,2548 1873,2552 1922,2561 1924,2561 1986,2552 2001,2550 2017,2552 2072,2561 2074,2561 2134,2552 2147,2550 2151,2552 2169,2561 2171,2561 2174,2563 2264,2563 2264,2561 2266,2561 2269,2561 2282,2552 2288,2548 2295,2552 2313,2561 2315,2561 2317,2561 2666,2550 2668,2519 2664,2491 1712,2479 1710,2479 1707,2479 1705,2479 1692,2491 768,2482 766,2482 764,2482 762,2482 753,2488 755,2524"/>
        <Baseline points="755,2524 2668,2519"/>
        <TextEquiv conf="0.9920906526286427">
          <Unicode>I. l. anno 1177 epistolam ascribit.) Ughelli It. sacr. V. 65, Migne 200 p. 1283. —</Unicode>
        </TextEquiv>
      </TextLine>
      <TextLine id="eSc_line_c77865fb" custom="structure {type:default;}">
        <Coords points="760,2583 760,2608 1427,2601 1429,2579 1425,2541 786,2539 784,2539 782,2539 757,2548 760,2583"/>
        <Baseline points="760,2583 1429,2579"/>
        <TextEquiv conf="0.99614257061923">
          <Unicode>„Licet omnium apostolorum“.</Unicode>
        </TextEquiv>
      </TextLine>
      <TextLine id="eSc_line_d3e50a87" custom="structure {type:default;}">
        <Coords points="673,2619 676,2674 676,2711 786,2709 788,2709 790,2709 793,2707 810,2696 863,2703 938,2709 941,2709 943,2709 998,2691 998,2667 996,2630 943,2610 941,2610 938,2610 857,2614 855,2614 852,2614 852,2616 846,2621 835,2630 673,2612 673,2619"/>
        <Baseline points="676,2674 998,2667"/>
        <TextEquiv conf="0.999152272939682">
          <Unicode>1171—1181.</Unicode>
        </TextEquiv>
      </TextLine>
      <TextLine id="eSc_line_5258456b" custom="structure {type:default;}">
        <Coords points="152,2747 152,2767 373,2775 375,2742 373,2709 313,2694 311,2694 309,2694 307,2694 278,2705 258,2711 234,2700 220,2696 218,2696 216,2696 150,2696 152,2747"/>
        <Baseline points="152,2747 375,2742"/>
        <TextEquiv conf="0.9999923876353672">
          <Unicode>lan. 5.</Unicode>
        </TextEquiv>
      </TextLine>
      <TextLine id="eSc_line_a71dad7e" custom="structure {type:default;}">
        <Coords points="408,2744 410,2833 452,2822 475,2833 477,2833 479,2833 486,2833 563,2822 645,2831 647,2744 645,2687 490,2698 408,2687 408,2744"/>
        <Baseline points="408,2744 647,2744"/>
        <TextEquiv conf="0.9985100775957108">
          <Unicode>Tosenian</Unicode>
        </TextEquiv>
      </TextLine>
      <TextLine id="eSc_line_49bee336" custom="structure {type:default;}">
        <Coords points="704,2744 704,2780 821,2769 1175,2778 1230,2778 1232,2778 1272,2775 1464,2767 2675,2767 2677,2738 2673,2703 2063,2691 2061,2691 1992,2703 1984,2705 702,2705 704,2744"/>
        <Baseline points="704,2744 2677,2738"/>
        <TextEquiv conf="0.9980826755849327">
          <Unicode>14239 (9286) Episcopis Hungariae imperat, ne monasterii S. Martini in monte Panno-</Unicode>
        </TextEquiv>
      </TextLine>
      <TextLine id="eSc_line_d62d7e4a" custom="structure {type:default;}">
        <Coords points="760,2800 760,2824 2675,2822 2677,2795 2671,2764 757,2767 760,2800"/>
        <Baseline points="760,2800 2677,2795"/>
        <TextEquiv conf="0.9906804828082814">
          <Unicode>niae libertatem, a Stephano rege constitutam, offendant, neu offendi sinant. Feiér C.</Unicode>
        </TextEquiv>
      </TextLine>
      <TextLine id="eSc_line_d3499365" custom="structure {type:default;}">
        <Coords points="760,2853 760,2873 1628,2881 1630,2853 1630,2824 760,2817 760,2853"/>
        <Baseline points="760,2853 1630,2853"/>
        <TextEquiv conf="0.988422106294071">
          <Unicode>D. H. II. 191. — „Ad vestram non“.</Unicode>
        </TextEquiv>
      </TextLine>
      <TextLine id="eSc_line_8e700c1c" custom="structure {type:default;}">
        <Coords points="187,2917 187,2968 234,2968 234,2965 236,2965 238,2965 238,2963 271,2939 371,2956 373,2917 373,2853 187,2850 187,2917"/>
        <Baseline points="187,2917 373,2917"/>
        <TextEquiv conf="0.9661100208759308">
          <Unicode>„ 7.</Unicode>
        </TextEquiv>
      </TextLine>
      <TextLine id="eSc_line_eba28467" custom="structure {type:default;}">
        <Coords points="492,2926 492,2952 585,2937 585,2921 581,2879 488,2859 492,2926"/>
        <Baseline points="492,2926 585,2921"/>
        <TextEquiv conf="1.0">
          <Unicode>„</Unicode>
        </TextEquiv>
      </TextLine>
      <TextLine id="eSc_line_453d7439" custom="structure {type:default;}">
        <Coords points="709,2910 709,2934 2675,2930 2677,2906 2673,2873 1807,2862 1805,2862 1648,2873 1634,2875 707,2875 709,2910"/>
        <Baseline points="709,2910 2677,2906"/>
        <TextEquiv conf="0.9999974568684896">
          <Unicode>14240 Fratribus Corbeiensibus (d. Ambian.) concedit, ut a religiosis diversorum ordinum</Unicode>
        </TextEquiv>
      </TextLine>
      <TextLine id="eSc_line_f5d718fe" custom="structure {type:default;}">
        <Coords points="760,2965 760,2992 2675,2992 2677,2956 2671,2928 757,2934 760,2965"/>
        <Baseline points="760,2965 2677,2956"/>
        <TextEquiv conf="0.999757741079774">
          <Unicode>viris et leprosis in circuitu monasterii constitutis decimas de terris, praeterquam de</Unicode>
        </TextEquiv>
      </TextLine>
      <TextLine id="eSc_line_c3ee0f4f" custom="structure {type:default;}">
        <Coords points="757,3021 757,3043 2675,3040 2677,3014 2671,2983 755,2987 757,3021"/>
        <Baseline points="757,3021 2677,3014"/>
        <TextEquiv conf="0.9994668863540472">
          <Unicode>novalibus eorum, exigere debeant. In bibl. nat. Paris. Cart. de Corbie ms. lat. 17758.</Unicode>
        </TextEquiv>
      </TextLine>
      <TextLine id="eSc_line_31513a1d" custom="structure {type:default;}">
        <Coords points="757,3074 757,3096 2534,3091 2536,3069 2531,3040 1646,3027 1643,3027 1548,3040 1455,3029 1453,3029 1104,3040 1058,3029 1056,3029 1053,3029 998,3040 983,3029 980,3029 978,3029 976,3029 974,3029 941,3040 927,3029 925,3029 923,3029 821,3029 819,3029 755,3043 757,3074"/>
        <Baseline points="757,3074 2536,3069"/>
        <TextEquiv conf="0.9895772816319215">
          <Unicode>S. XIII. f. 231, ms. lat. 17759. s. XIII. —XIV. f. 37L. — „Pervenit ad nos“.</Unicode>
        </TextEquiv>
      </TextLine>
      <TextLine id="eSc_line_3e62781d" custom="structure {type:default;}">
        <Coords points="190,3133 190,3168 245,3157 366,3168 368,3133 366,3080 190,3082 190,3133"/>
        <Baseline points="190,3133 368,3133"/>
        <TextEquiv conf="0.9908967465162277">
          <Unicode>„ 7.</Unicode>
        </TextEquiv>
      </TextLine>
      <TextLine id="eSc_line_bbecb8b3" custom="structure {type:default;}">
        <Coords points="492,3144 492,3186 583,3188 585,3144 583,3089 492,3096 492,3144"/>
        <Baseline points="492,3144 585,3144"/>
        <TextEquiv conf="1.0">
          <Unicode>„</Unicode>
        </TextEquiv>
      </TextLine>
      <TextLine id="eSc_line_425877f8" custom="structure {type:default;}">
        <Coords points="707,3124 704,3146 2671,3157 2675,3129 2673,3096 707,3082 707,3124"/>
        <Baseline points="707,3124 2675,3129"/>
        <TextEquiv conf="0.9970909828021203">
          <Unicode>14241 Fratribus Corbeiensibus (dioc. Ambian.) asserit partem decimae de Duduzele,</Unicode>
        </TextEquiv>
      </TextLine>
      <TextLine id="eSc_line_9158b6d4" custom="structure {type:default;}">
        <Coords points="760,3184 760,3208 2677,3206 2680,3177 2675,3149 1400,3140 1398,3140 1396,3140 1394,3140 1376,3151 859,3142 857,3142 757,3153 760,3184"/>
        <Baseline points="760,3184 2680,3177"/>
        <TextEquiv conf="0.9999478580076483">
          <Unicode>quam Balduinus miles, nomine Cobaldus, „longo tempore sub censu annuo violenter</Unicode>
        </TextEquiv>
      </TextLine>
      <TextLine id="eSc_line_8c096993" custom="structure {type:default;}">
        <Coords points="760,3235 760,3261 2680,3259 2680,3235 2680,3206 760,3202 760,3235"/>
        <Baseline points="760,3235 2680,3235"/>
        <TextEquiv conf="0.9965144395828247">
          <Unicode>detinuerat“, postmodum vero resignaverat. Compte rendu de la com. roy. de Belgique</Unicode>
        </TextEquiv>
      </TextLine>
      <TextLine id="eSc_line_00a90bf9" custom="structure {type:default;}">
        <Coords points="760,3290 760,3316 2677,3319 2680,3290 2680,3261 760,3250 760,3290"/>
        <Baseline points="760,3290 2680,3290"/>
        <TextEquiv conf="0.9985971971296929">
          <Unicode>IV. Sér. VII. (1880) p. 348, Pflugk-Harttung Acta I. 248. — „Cum quidam</Unicode>
        </TextEquiv>
      </TextLine>
      <TextLine id="eSc_line_575cbc90" custom="structure {type:default;}">
        <Coords points="757,3345 757,3358 779,3374 782,3374 784,3374 786,3374 927,3352 927,3339 921,3303 755,3310 757,3345"/>
        <Baseline points="757,3345 927,3339"/>
        <TextEquiv conf="0.9998334731374469">
          <Unicode>miles“.</Unicode>
        </TextEquiv>
      </TextLine>
      <TextLine id="eSc_line_2503f596" custom="structure {type:default;}">
        <Coords points="192,3407 194,3482 375,3480 375,3400 371,3343 307,3334 304,3334 190,3347 192,3407"/>
        <Baseline points="192,3407 375,3400"/>
        <TextEquiv conf="0.9941787868738174">
          <Unicode>„ 8.</Unicode>
        </TextEquiv>
      </TextLine>
      <TextLine id="eSc_line_4a0a1f21" custom="structure {type:default;}">
        <Coords points="488,3418 499,3533 523,3517 587,3522 583,3411 578,3358 523,3347 521,3347 519,3347 483,3358 488,3418"/>
        <Baseline points="488,3418 583,3411"/>
        <TextEquiv conf="1.0">
          <Unicode>„</Unicode>
        </TextEquiv>
      </TextLine>
      <TextLine id="eSc_line_d460d431" custom="structure {type:default;}">
        <Coords points="709,3400 709,3425 2677,3431 2680,3400 2680,3361 709,3354 709,3400"/>
        <Baseline points="709,3400 2680,3400"/>
        <TextEquiv conf="0.9999449481198817">
          <Unicode>14242 Canonicis Lingonensibus ecclesiam Domni Marii (Dommarien) asserit. In bibl.</Unicode>
        </TextEquiv>
      </TextLine>
      <TextLine id="eSc_line_7872cbb5" custom="structure {type:default;}">
        <Coords points="757,3451 757,3489 1396,3482 1542,3493 1562,3493 1564,3493 1621,3493 2017,3484 2063,3495 2072,3495 2074,3498 2675,3498 2677,3458 2675,3425 757,3418 757,3451"/>
        <Baseline points="757,3451 2677,3458"/>
        <TextEquiv conf="0.9824640024667499">
          <Unicode>nat. Paris. Cartul. Lingonens. ms. lat. 17100. s. XVIII. f. 6, (Neues Archiv VII. 100).</Unicode>
        </TextEquiv>
      </TextLine>
      <TextLine id="eSc_line_9dffbd0f" custom="structure {type:default;}">
        <Coords points="760,3513 760,3564 839,3557 872,3566 885,3570 888,3570 890,3570 892,3570 894,3570 899,3566 923,3553 956,3566 963,3568 965,3568 967,3568 969,3568 974,3566 1005,3551 1075,3566 1089,3568 1091,3568 1093,3568 1095,3568 1098,3566 1124,3548 1201,3548 1250,3566 1252,3566 1254,3566 1257,3566 1259,3566 1261,3566 1294,3553 1418,3564 1420,3506 1416,3475 998,3467 996,3467 994,3467 965,3478 788,3469 786,3469 784,3469 757,3478 760,3513"/>
        <Baseline points="760,3513 1420,3506"/>
        <TextEquiv conf="0.9993217090765635">
          <Unicode>„Iustis petentium desideriis“.</Unicode>
        </TextEquiv>
      </TextLine>
    </TextRegion>
    <TextRegion id="eSc_textblock_f544de02"  custom="structure {type:default;}">
      <Coords points="1078,150 1877,159 1886,236 1851,262 919,253 919,167 1078,150"/>
      <TextLine id="eSc_line_a4d3f235" custom="structure {type:default;}">
        <Coords points="967,159 938,172 938,227 938,249 1860,249 1860,227 1860,174 1743,172 1732,161 1732,159 1729,159 1727,159 1725,159 1723,159 1674,172 1652,159 1650,159 1648,159 1646,159 1643,159 1617,170 1564,159 1562,159 1442,172 1363,159 1360,159 1358,159 1356,159 1334,174 1208,174 1179,159 1177,159 983,159 967,159"/>
        <Baseline points="938,227 1860,227"/>
        <TextEquiv conf="0.999716420173645">
          <Unicode>ALEXANDER III. 1159—1181.</Unicode>
        </TextEquiv>
      </TextLine>
    </TextRegion>
    <TextRegion id="eSc_textblock_49072b65"  custom="structure {type:default;}">
      <Coords points="2571,159 2715,176 2715,236 2549,262 2523,176 2571,159"/>
      <TextLine id="eSc_line_3d573d7d" custom="structure {type:default;}">
        <Coords points="2613,163 2600,161 2547,172 2551,229 2551,258 2673,253 2673,225 2668,172 2629,163 2613,163"/>
        <Baseline points="2551,229 2673,225"/>
        <TextEquiv conf="0.9988518158594767">
          <Unicode>405</Unicode>
        </TextEquiv>
      </TextLine>
    </TextRegion>
  </Page>
</PcGts>
