<?xml version="1.0" encoding="UTF-8"  standalone="yes"?>
<PcGts xmlns="http://schema.primaresearch.org/PAGE/gts/pagecontent/2019-07-15" xmlns:xsi="http://www.w3.org/2001/XMLSchema-instance" xsi:schemaLocation="http://schema.primaresearch.org/PAGE/gts/pagecontent/2019-07-15 http://schema.primaresearch.org/PAGE/gts/pagecontent/2019-07-15/pagecontent.xsd">
  <Metadata>
	<Creator>escriptorium</Creator>
	<Created>2024-07-19T10:14:36.368029+00:00</Created>
        <LastChange>2024-08-08T08:47:25.871689+00:00</LastChange>
  </Metadata>
  <Page imageFilename="0421.png" imageWidth="3007" imageHeight="3975">
    <TextRegion id="eSc_textblock_194887d2"  custom="structure {type:default;}">
      <Coords points="311,123 439,132 439,192 291,209 311,123"/>
      <TextLine id="eSc_line_5dab97d5" custom="structure {type:default;}">
        <Coords points="391,128 366,125 344,125 342,123 311,134 302,150 307,183 309,214 421,205 421,174 417,132 397,128 391,128"/>
        <Baseline points="307,183 421,174"/>
        <TextEquiv conf="0.9999996026357015">
          <Unicode>408</Unicode>
        </TextEquiv>
      </TextLine>
    </TextRegion>
    <TextRegion id="eSc_textblock_b99103b3"  custom="structure {type:default;}">
      <Coords points="870,273 2874,282 2883,3478 2847,3504 282,3495 265,326 300,282 572,318 846,309 870,273"/>
      <TextLine id="eSc_line_788b940a" custom="structure {type:default;}">
        <Coords points="1089,273 1025,276 1022,276 1020,276 998,291 879,278 877,278 874,278 857,284 841,309 843,335 846,373 885,357 1168,362 1170,329 1166,291 1091,273 1089,273"/>
        <Baseline points="843,335 1170,329"/>
        <TextEquiv conf="0.9741100072860718">
          <Unicode>1171—1181.</Unicode>
        </TextEquiv>
      </TextLine>
      <TextLine id="eSc_line_b4766b19" custom="structure {type:default;}">
        <Coords points="581,390 578,488 815,488 817,395 817,337 786,324 784,324 782,324 718,337 711,337 704,337 618,322 616,322 614,322 581,333 581,390"/>
        <Baseline points="581,390 817,395"/>
        <TextEquiv conf="0.6756986789405346">
          <Unicode>Paetenti</Unicode>
        </TextEquiv>
      </TextLine>
      <TextLine id="eSc_line_0c008d33" custom="structure {type:default;}">
        <Coords points="877,393 877,424 2843,421 2845,397 2843,346 2626,340 2624,340 2593,346 2558,353 2538,346 2520,340 2518,340 2516,340 2514,340 2492,346 2467,353 2452,346 2436,340 2434,340 2326,340 2324,340 2322,340 2319,340 2311,346 2299,353 2235,346 2185,342 2182,342 2125,346 2059,353 2026,346 1997,342 1995,342 1931,346 1862,353 1851,348 1833,337 1831,337 1829,337 1712,348 1670,351 1661,348 1641,340 1639,340 1449,337 1447,337 1444,337 1409,348 1400,351 1387,348 1332,337 1330,337 1259,348 1243,351 1235,348 1195,337 1193,337 1190,337 1188,337 1162,348 1155,351 877,351 877,393"/>
        <Baseline points="877,393 2845,397"/>
        <TextEquiv conf="0.9920732102223805">
          <Unicode>14278 Falconi, canonico Tranensi, concessam a B(ertrando) archiepiscopo ecclesiam S.</Unicode>
        </TextEquiv>
      </TextLine>
      <TextLine id="eSc_line_c59ceaf2" custom="structure {type:default;}">
        <Coords points="320,404 320,432 463,428 463,395 455,331 313,333 320,404"/>
        <Baseline points="320,404 463,395"/>
        <TextEquiv conf="0.9964852571487427">
          <Unicode>Mart.</Unicode>
        </TextEquiv>
      </TextLine>
      <TextLine id="eSc_line_cd91242d" custom="structure {type:default;}">
        <Coords points="927,452 927,477 2836,468 2839,443 2832,410 925,415 927,452"/>
        <Baseline points="927,452 2839,443"/>
        <TextEquiv conf="0.9898809735165086">
          <Unicode>Leonis iuxta portum asserit. („S. . . o kal. Apr.“ aut „Secundo“ aut „Sexto kal. Apr.“</Unicode>
        </TextEquiv>
      </TextLine>
      <TextLine id="eSc_line_25a8da4d" custom="structure {type:default;}">
        <Coords points="927,505 927,530 2790,530 2790,505 2790,474 927,474 927,505"/>
        <Baseline points="927,505 2790,505"/>
        <TextEquiv conf="0.9993737414479256">
          <Unicode>legi potest.) Prologo Le carte di Trani p. 135. — „Iustis petentium desideriis“.</Unicode>
        </TextEquiv>
      </TextLine>
      <TextLine id="eSc_line_e6a047bf" custom="structure {type:default;}">
        <Coords points="322,563 322,609 536,596 536,563 536,514 492,503 490,503 437,514 426,516 421,514 406,503 404,503 402,503 399,503 322,514 322,563"/>
        <Baseline points="322,563 536,563"/>
        <TextEquiv conf="0.9996941345078605">
          <Unicode>Apr. 6.</Unicode>
        </TextEquiv>
      </TextLine>
      <TextLine id="eSc_line_ae69756b" custom="structure {type:default;}">
        <Coords points="879,563 879,591 1500,594 1502,594 1504,594 1511,591 1535,583 2092,591 2169,591 2171,591 2193,591 2386,580 2839,589 2843,556 2836,521 2090,527 2076,525 2030,516 2028,516 2026,516 1999,525 1992,530 1809,530 1807,527 1767,516 1765,516 1763,516 1696,527 1694,527 1564,516 1562,516 1559,516 1537,527 1347,518 1345,518 1343,518 1319,530 1303,518 1301,518 1299,518 899,518 897,518 894,518 892,518 877,527 879,563"/>
        <Baseline points="879,563 2843,556"/>
        <TextEquiv conf="0.9998428419411901">
          <Unicode>14279 Fratribus S. Stephani Divionensibus concedit, ut tempore generalis interdicti</Unicode>
        </TextEquiv>
      </TextLine>
      <TextLine id="eSc_line_0463aaf5" custom="structure {type:default;}">
        <Coords points="662,569 660,596 746,598 751,574 751,538 662,521 662,569"/>
        <Baseline points="662,569 751,574"/>
        <TextEquiv conf="0.9999992847442627">
          <Unicode>„</Unicode>
        </TextEquiv>
      </TextLine>
      <TextLine id="eSc_line_da4de8ff" custom="structure {type:default;}">
        <Coords points="927,611 925,633 2839,640 2843,616 2841,583 927,580 927,611"/>
        <Baseline points="927,611 2843,616"/>
        <TextEquiv conf="0.9997508452179726">
          <Unicode>liceat eis „clausis ianuis, exclusis excommunicatis et interdictis, supressa voce, divina</Unicode>
        </TextEquiv>
      </TextLine>
      <TextLine id="eSc_line_69908a51" custom="structure {type:default;}">
        <Coords points="927,669 927,689 963,702 965,702 967,702 1073,691 1104,702 1106,702 1109,702 1294,691 1444,702 1447,704 1891,704 1891,702 1893,702 1924,691 1970,702 1972,702 1975,702 2072,691 2098,702 2101,702 2103,704 2359,704 2359,702 2361,702 2386,691 2399,702 2401,702 2403,702 2406,704 2600,704 2600,702 2671,689 2671,669 2671,640 927,640 927,669"/>
        <Baseline points="927,669 2671,669"/>
        <TextEquiv conf="0.9990397409812825">
          <Unicode>officia celebrare“. Pflugk-Harttung Acta I. 280. — „Si quando postulatur“.</Unicode>
        </TextEquiv>
      </TextLine>
      <TextLine id="eSc_line_6c9bd79c" custom="structure {type:default;}">
        <Coords points="881,724 881,748 2843,744 2845,719 2841,686 879,686 881,724"/>
        <Baseline points="881,724 2845,719"/>
        <TextEquiv conf="0.9964313668969237">
          <Unicode>14280 Canonicorum Bononiensium possessionem decimationum Gadii et trium ecclesia-</Unicode>
        </TextEquiv>
      </TextLine>
      <TextLine id="eSc_line_b1283569" custom="structure {type:default;}">
        <Coords points="357,733 357,757 448,748 536,761 539,733 539,704 475,691 472,691 357,702 357,733"/>
        <Baseline points="357,733 539,733"/>
        <TextEquiv conf="0.9999999403953552">
          <Unicode>„ 9.</Unicode>
        </TextEquiv>
      </TextLine>
      <TextLine id="eSc_line_a4fc1972" custom="structure {type:default;}">
        <Coords points="671,739 671,768 746,755 746,739 744,691 671,693 671,739"/>
        <Baseline points="671,739 746,739"/>
        <TextEquiv conf="1.0">
          <Unicode>„</Unicode>
        </TextEquiv>
      </TextLine>
      <TextLine id="eSc_line_ffc1e8f5" custom="structure {type:default;}">
        <Coords points="927,781 927,806 2554,812 2556,781 2556,750 927,750 927,781"/>
        <Baseline points="927,781 2556,781"/>
        <TextEquiv conf="0.9988438736146955">
          <Unicode>rum confirmat. Pflugk-Harttung Acta III. 283. — „Quotiens a nobis“.</Unicode>
        </TextEquiv>
      </TextLine>
      <TextLine id="eSc_line_17e755fa" custom="structure {type:default;}">
        <Coords points="881,836 881,865 2841,856 2843,832 2839,803 879,801 881,836"/>
        <Baseline points="881,836 2843,832"/>
        <TextEquiv conf="0.9955840855836868">
          <Unicode>14281 (9299) Archiepiscopum Turonensem et episcopos, in quorum dioecesibus sitae</Unicode>
        </TextEquiv>
      </TextLine>
      <TextLine id="eSc_line_fcc0de2f" custom="structure {type:default;}">
        <Coords points="355,841 355,883 539,883 539,832 532,801 353,803 355,841"/>
        <Baseline points="355,841 539,832"/>
        <TextEquiv conf="0.9999665021896362">
          <Unicode>„ 12.</Unicode>
        </TextEquiv>
      </TextLine>
      <TextLine id="eSc_line_a8fbfa7a" custom="structure {type:default;}">
        <Coords points="662,850 662,870 695,881 698,881 700,881 702,881 751,867 751,845 744,799 658,801 662,850"/>
        <Baseline points="662,850 751,845"/>
        <TextEquiv conf="1.0">
          <Unicode>„</Unicode>
        </TextEquiv>
      </TextLine>
      <TextLine id="eSc_line_2a20d332" custom="structure {type:default;}">
        <Coords points="930,889 930,914 2836,918 2841,885 2834,856 927,859 930,889"/>
        <Baseline points="930,889 2841,885"/>
        <TextEquiv conf="0.9993449872316316">
          <Unicode>sunt possessiones ecclesiae b. Martini Turonensis, hortatur, ut ablata eidem ecclesia,</Unicode>
        </TextEquiv>
      </TextLine>
      <TextLine id="eSc_line_1e5a76ef" custom="structure {type:default;}">
        <Coords points="932,940 930,962 2841,967 2845,945 2843,914 932,909 932,940"/>
        <Baseline points="932,940 2845,945"/>
        <TextEquiv conf="0.9999583247231274">
          <Unicode>reddi infra 15 dies, postquam requisiti fuerint, iubeant. Rec. sur Saint-Martin de</Unicode>
        </TextEquiv>
      </TextLine>
      <TextLine id="eSc_line_e4039e6e" custom="structure {type:default;}">
        <Coords points="934,995 932,1015 954,1029 956,1029 958,1029 2556,1020 2558,1000 2556,967 934,958 934,995"/>
        <Baseline points="934,995 2558,1000"/>
        <TextEquiv conf="0.9936300624500621">
          <Unicode>Tours p. 23, ex quo ap. Migne 200 p. 1289. — „Cum ecclesia beati“.</Unicode>
        </TextEquiv>
      </TextLine>
      <TextLine id="eSc_line_64aac8b5" custom="structure {type:default;}">
        <Coords points="883,1053 883,1084 2845,1077 2845,1053 2845,1022 883,1022 883,1053"/>
        <Baseline points="883,1053 2845,1053"/>
        <TextEquiv conf="0.9979095634292153">
          <Unicode>14282 Archiepiscopo Senonensi et eius suffraganeis mandat, ne prope abbatiam Ioiacen-</Unicode>
        </TextEquiv>
      </TextLine>
      <TextLine id="eSc_line_c6797b8c" custom="structure {type:default;}">
        <Coords points="357,1062 357,1099 541,1099 541,1055 536,1020 355,1015 357,1062"/>
        <Baseline points="357,1062 541,1055"/>
        <TextEquiv conf="0.9999999284744263">
          <Unicode>„ 15.</Unicode>
        </TextEquiv>
      </TextLine>
      <TextLine id="eSc_line_48ad9e5c" custom="structure {type:default;}">
        <Coords points="665,1071 665,1124 748,1113 748,1071 748,1022 665,1022 665,1071"/>
        <Baseline points="665,1071 748,1071"/>
        <TextEquiv conf="0.9999997615814209">
          <Unicode>„</Unicode>
        </TextEquiv>
      </TextLine>
      <TextLine id="eSc_line_285a4d5c" custom="structure {type:default;}">
        <Coords points="934,1106 932,1126 2839,1139 2843,1110 2841,1079 934,1075 934,1106"/>
        <Baseline points="934,1106 2843,1110"/>
        <TextEquiv conf="0.9995558977127075">
          <Unicode>sem vel grangias monachorum mansiones novas fieri patiantur. Ex Chartul. Ioiac.,</Unicode>
        </TextEquiv>
      </TextLine>
      <TextLine id="eSc_line_c06b7a2f" custom="structure {type:default;}">
        <Coords points="932,1163 932,1190 2845,1190 2845,1163 2843,1130 932,1130 932,1163"/>
        <Baseline points="932,1163 2845,1163"/>
        <TextEquiv conf="0.9984114823571171">
          <Unicode>ms. lat. 9172. p. 161 in bibl. nat. Paris. Misit Delisle. (Sed in eiusdem bibl. ms.</Unicode>
        </TextEquiv>
      </TextLine>
      <TextLine id="eSc_line_45b4fae3" custom="structure {type:default;}">
        <Coords points="930,1219 930,1245 2403,1236 2406,1214 2401,1185 1668,1174 1665,1174 1562,1185 943,1177 941,1177 938,1177 936,1177 927,1181 930,1219"/>
        <Baseline points="930,1219 2406,1214"/>
        <TextEquiv conf="0.9923962229682554">
          <Unicode>lat. 16992 f. 158“ legitur: „XVI. kal. Iun.“). — „Gratum deo“.</Unicode>
        </TextEquiv>
      </TextLine>
      <TextLine id="eSc_line_cefb485b" custom="structure {type:default;}">
        <Coords points="883,1269 881,1291 2843,1296 2847,1274 2845,1234 883,1234 883,1269"/>
        <Baseline points="883,1269 2847,1274"/>
        <TextEquiv conf="0.9997598032156626">
          <Unicode>14283 (9300) Decano et capitulo Trecensi interdicit „ne quis eorum, cum in episcopum</Unicode>
        </TextEquiv>
      </TextLine>
      <TextLine id="eSc_line_f114ba39" custom="structure {type:default;}">
        <Coords points="362,1278 364,1316 391,1302 532,1313 534,1274 530,1196 466,1194 463,1194 461,1194 459,1194 433,1216 413,1236 360,1236 362,1278"/>
        <Baseline points="362,1278 534,1274"/>
        <TextEquiv conf="0.9533713698387146">
          <Unicode>„ 20.</Unicode>
        </TextEquiv>
      </TextLine>
      <TextLine id="eSc_line_653db492" custom="structure {type:default;}">
        <Coords points="662,1289 665,1395 748,1382 748,1287 742,1247 660,1249 662,1289"/>
        <Baseline points="662,1289 748,1287"/>
        <TextEquiv conf="0.9789575338363647">
          <Unicode>„</Unicode>
        </TextEquiv>
      </TextLine>
      <TextLine id="eSc_line_4f3c84af" custom="structure {type:default;}">
        <Coords points="930,1329 930,1360 2845,1358 2845,1329 2843,1294 930,1294 930,1329"/>
        <Baseline points="930,1329 2845,1329"/>
        <TextEquiv conf="0.9898940076430639">
          <Unicode>electus vel consecratus fuerit, praebendam ante habitam vel alios reditus ecclesiae,</Unicode>
        </TextEquiv>
      </TextLine>
      <TextLine id="eSc_line_9ad84228" custom="structure {type:default;}">
        <Coords points="930,1382 930,1404 2845,1411 2847,1382 2847,1353 930,1353 930,1382"/>
        <Baseline points="930,1382 2847,1382"/>
        <TextEquiv conf="0.9997823378186167">
          <Unicode>nisi quod ad ius episcopale constiterit pertinere, ad suos usus retineat. Camuzat</Unicode>
        </TextEquiv>
      </TextLine>
      <TextLine id="eSc_line_eede526e" custom="structure {type:default;}">
        <Coords points="927,1433 925,1468 2841,1470 2845,1437 2843,1404 927,1402 927,1433"/>
        <Baseline points="927,1433 2845,1437"/>
        <TextEquiv conf="0.994308028370142">
          <Unicode>Promptuarium p. 123“, Lalore Coll. des cart. V. 36, Pflugk-Harttung Acta I. 280.</Unicode>
        </TextEquiv>
      </TextLine>
      <TextLine id="eSc_line_b90c5273" custom="structure {type:default;}">
        <Coords points="930,1492 930,1514 1363,1514 1363,1492 1363,1464 930,1464 930,1492"/>
        <Baseline points="930,1492 1363,1492"/>
        <TextEquiv conf="0.9995768210467171">
          <Unicode>— „In his, quae“.</Unicode>
        </TextEquiv>
      </TextLine>
      <TextLine id="eSc_line_8b72ec7a" custom="structure {type:default;}">
        <Coords points="881,1548 881,1574 2845,1570 2847,1541 2841,1508 879,1508 881,1548"/>
        <Baseline points="881,1548 2847,1541"/>
        <TextEquiv conf="0.9963718588093677">
          <Unicode>14284 Canonicis Rotomagensibus asserit ecclesiam Beccensem, a Rotrodo archiepiscopo</Unicode>
        </TextEquiv>
      </TextLine>
      <TextLine id="eSc_line_f15281a3" custom="structure {type:default;}">
        <Coords points="360,1554 360,1592 536,1587 536,1548 532,1517 455,1506 452,1506 357,1521 360,1554"/>
        <Baseline points="360,1554 536,1548"/>
        <TextEquiv conf="0.9999995946884155">
          <Unicode>„ 20.</Unicode>
        </TextEquiv>
      </TextLine>
      <TextLine id="eSc_line_f9ad4636" custom="structure {type:default;}">
        <Coords points="669,1563 669,1596 702,1607 704,1607 707,1607 709,1607 742,1587 742,1559 735,1514 665,1517 669,1563"/>
        <Baseline points="669,1563 742,1559"/>
        <TextEquiv conf="1.0">
          <Unicode>„</Unicode>
        </TextEquiv>
      </TextLine>
      <TextLine id="eSc_line_c47d13de" custom="structure {type:default;}">
        <Coords points="932,1603 932,1627 2843,1634 2845,1603 2845,1572 932,1572 932,1603"/>
        <Baseline points="932,1603 2845,1603"/>
        <TextEquiv conf="0.998414237390865">
          <Unicode>ea lege concessam, ut „eiusdem ecclesiae fructus illis canonicis annuatim distribuantur,</Unicode>
        </TextEquiv>
      </TextLine>
      <TextLine id="eSc_line_44e17195" custom="structure {type:default;}">
        <Coords points="930,1656 930,1682 2839,1689 2843,1651 2836,1623 927,1627 930,1656"/>
        <Baseline points="930,1656 2843,1651"/>
        <TextEquiv conf="0.9915997204257221">
          <Unicode>qui post mortem eius in anniversario die officia pro anima eius celebraturi sint“.</Unicode>
        </TextEquiv>
      </TextLine>
      <TextLine id="eSc_line_62770ac7" custom="structure {type:default;}">
        <Coords points="927,1707 925,1733 938,1742 941,1742 943,1742 945,1742 1471,1731 1482,1731 1484,1731 1502,1742 1504,1742 1506,1742 1509,1742 1661,1733 1690,1744 1692,1744 1694,1744 2043,1731 2045,1711 2043,1680 927,1676 927,1707"/>
        <Baseline points="927,1707 2045,1711"/>
        <TextEquiv conf="0.9986545483271281">
          <Unicode>Pflugk-Harttung Acta I. 281. — „Ea quae pia“.</Unicode>
        </TextEquiv>
      </TextLine>
      <TextLine id="eSc_line_b0007f96" custom="structure {type:default;}">
        <Coords points="881,1766 881,1790 2845,1788 2847,1760 2841,1726 879,1735 881,1766"/>
        <Baseline points="881,1766 2847,1760"/>
        <TextEquiv conf="0.999854122598966">
          <Unicode>14285 Plebano et fratribus S. Mariae Marturensibus iterum praecipit, ut antiquas se-</Unicode>
        </TextEquiv>
      </TextLine>
      <TextLine id="eSc_line_ec97283b" custom="structure {type:default;}">
        <Coords points="357,1773 357,1802 536,1793 536,1768 532,1735 459,1724 457,1724 355,1737 357,1773"/>
        <Baseline points="357,1773 536,1768"/>
        <TextEquiv conf="0.9999988794326782">
          <Unicode>„ 23.</Unicode>
        </TextEquiv>
      </TextLine>
      <TextLine id="eSc_line_5d536e5f" custom="structure {type:default;}">
        <Coords points="653,1784 656,1861 748,1861 746,1779 744,1749 713,1735 711,1735 709,1735 707,1735 651,1751 653,1784"/>
        <Baseline points="653,1784 746,1779"/>
        <TextEquiv conf="1.0">
          <Unicode>„</Unicode>
        </TextEquiv>
      </TextLine>
      <TextLine id="eSc_line_234a04c2" custom="structure {type:default;}">
        <Coords points="932,1824 932,1855 2850,1841 2850,1817 2845,1788 2227,1777 2224,1777 2134,1788 1606,1779 1604,1779 1601,1779 1555,1790 992,1782 989,1782 930,1793 932,1824"/>
        <Baseline points="932,1824 2850,1817"/>
        <TextEquiv conf="0.9945062819649192">
          <Unicode>pulturas monasterii S. Michaelis Marturensis liberas dimittant neve festivitates eius</Unicode>
        </TextEquiv>
      </TextLine>
      <TextLine id="eSc_line_ec2960e4" custom="structure {type:default;}">
        <Coords points="930,1877 930,1901 2845,1901 2847,1872 2841,1843 927,1846 930,1877"/>
        <Baseline points="930,1877 2847,1872"/>
        <TextEquiv conf="0.9921058362875229">
          <Unicode>speciales celebrent. Episcopum Florentinum super mandato exequendo vigilaturum</Unicode>
        </TextEquiv>
      </TextLine>
      <TextLine id="eSc_line_c31fc3f5" custom="structure {type:default;}">
        <Coords points="930,1930 930,1954 2642,1954 2644,1930 2642,1901 930,1901 930,1930"/>
        <Baseline points="930,1930 2644,1930"/>
        <TextEquiv conf="0.9897988581321608">
          <Unicode>esse, addit. Pflugk-Harttung Acta III. 283. — „Audivimus et vehementi“.</Unicode>
        </TextEquiv>
      </TextLine>
      <TextLine id="eSc_line_0a857811" custom="structure {type:default;}">
        <Coords points="881,1987 881,2016 2845,2014 2847,1983 2843,1954 901,1945 899,1945 897,1945 894,1945 879,1952 881,1987"/>
        <Baseline points="881,1987 2847,1983"/>
        <TextEquiv conf="0.9996124365750481">
          <Unicode>14286 Canonicis Vercellensibus indulget, ne de laboribus suis decimas laicis solvant.</Unicode>
        </TextEquiv>
      </TextLine>
      <TextLine id="eSc_line_939d0e3c" custom="structure {type:default;}">
        <Coords points="355,1994 355,2020 539,2020 539,1989 532,1947 353,1952 355,1994"/>
        <Baseline points="355,1994 539,1989"/>
        <TextEquiv conf="0.9998516201972961">
          <Unicode>„ 27.</Unicode>
        </TextEquiv>
      </TextLine>
      <TextLine id="eSc_line_4316f95b" custom="structure {type:default;}">
        <Coords points="667,1998 665,2020 742,2029 746,2002 746,1965 711,1952 709,1952 707,1952 667,1956 667,1998"/>
        <Baseline points="667,1998 746,2002"/>
        <TextEquiv conf="1.0">
          <Unicode>„</Unicode>
        </TextEquiv>
      </TextLine>
      <TextLine id="eSc_line_e2c13ca3" custom="structure {type:default;}">
        <Coords points="934,2042 934,2069 2843,2064 2845,2033 2839,2007 932,2009 934,2042"/>
        <Baseline points="934,2042 2845,2033"/>
        <TextEquiv conf="0.9999917653344926">
          <Unicode>Statutum, ut canonici „nihil de praebenda ecclesiae percipiant, donec praeter licen-</Unicode>
        </TextEquiv>
      </TextLine>
      <TextLine id="eSc_line_32f0dc12" custom="structure {type:default;}">
        <Coords points="930,2097 930,2128 1122,2120 1316,2128 1354,2131 1356,2131 1358,2131 1360,2131 1360,2128 1380,2120 1641,2128 1694,2131 1696,2131 1723,2128 1889,2117 1915,2128 1917,2128 1919,2128 2145,2117 2227,2128 2229,2128 2448,2117 2843,2128 2847,2093 2843,2064 1902,2053 1900,2053 1897,2053 1895,2053 1880,2064 958,2055 956,2055 954,2055 927,2064 930,2097"/>
        <Baseline points="930,2097 2847,2093"/>
        <TextEquiv conf="0.9972903910805198">
          <Unicode>tiam et voluntatem capituli aliis ecclesiis deservierint“, confirmat. Pflugk-Harttung</Unicode>
        </TextEquiv>
      </TextLine>
      <TextLine id="eSc_line_f18e43ec" custom="structure {type:default;}">
        <Coords points="932,2153 932,2173 1246,2184 1248,2184 1250,2184 1252,2184 1268,2170 1272,2170 1307,2170 1564,2181 1566,2181 1568,2181 1570,2181 1584,2168 1606,2179 1608,2179 1610,2181 1864,2181 1864,2179 1866,2179 1911,2166 1911,2146 1906,2117 954,2111 952,2111 950,2111 930,2120 932,2153"/>
        <Baseline points="932,2153 1911,2146"/>
        <TextEquiv conf="0.9931791669283158">
          <Unicode>Acta III. 284. — „Cum sit a sanctorum“.</Unicode>
        </TextEquiv>
      </TextLine>
      <TextLine id="eSc_line_861612d9" custom="structure {type:default;}">
        <Coords points="881,2206 881,2232 2845,2226 2847,2199 2841,2168 879,2168 881,2206"/>
        <Baseline points="881,2206 2847,2199"/>
        <TextEquiv conf="0.9872859972853993">
          <Unicode>14287 Fratribus S. Stephani Ianuensibus possessionem hospitalis iuxta monasterium con-</Unicode>
        </TextEquiv>
      </TextLine>
      <TextLine id="eSc_line_5bf8b1b3" custom="structure {type:default;}">
        <Coords points="360,2210 362,2245 417,2232 450,2241 461,2245 463,2245 466,2245 539,2237 539,2203 532,2126 483,2131 481,2131 479,2131 479,2133 463,2146 433,2181 357,2181 360,2210"/>
        <Baseline points="360,2210 539,2203"/>
        <TextEquiv conf="0.9994036912918091">
          <Unicode>„ 30.</Unicode>
        </TextEquiv>
      </TextLine>
      <TextLine id="eSc_line_d9289bb2" custom="structure {type:default;}">
        <Coords points="667,2219 667,2252 753,2232 753,2219 753,2177 667,2177 667,2219"/>
        <Baseline points="667,2219 753,2219"/>
        <TextEquiv conf="1.0">
          <Unicode>„</Unicode>
        </TextEquiv>
      </TextLine>
      <TextLine id="eSc_line_75414845" custom="structure {type:default;}">
        <Coords points="932,2259 932,2283 2821,2279 2823,2254 2816,2226 930,2228 932,2259"/>
        <Baseline points="932,2259 2823,2254"/>
        <TextEquiv conf="0.9982809511626639">
          <Unicode>structi confirmat. Pflugk-Harttung Acta III. 284. — „Iustis petentium desideriis“.</Unicode>
        </TextEquiv>
      </TextLine>
      <TextLine id="eSc_line_0f60a096" custom="structure {type:default;}">
        <Coords points="326,2314 324,2354 534,2354 536,2318 536,2276 505,2265 503,2265 501,2265 483,2267 439,2274 419,2254 402,2239 402,2237 399,2237 397,2237 326,2237 326,2314"/>
        <Baseline points="326,2314 536,2318"/>
        <TextEquiv conf="0.9945903675896781">
          <Unicode>Mai. 7.</Unicode>
        </TextEquiv>
      </TextLine>
      <TextLine id="eSc_line_7a6f1f14" custom="structure {type:default;}">
        <Coords points="883,2316 883,2349 2845,2336 2847,2312 2843,2283 881,2283 883,2316"/>
        <Baseline points="883,2316 2847,2312"/>
        <TextEquiv conf="0.9994776948939922">
          <Unicode>14288 Archidiacono, praeposito et canonicis Senensibus mandat, ut parochianis de Pugna</Unicode>
        </TextEquiv>
      </TextLine>
      <TextLine id="eSc_line_1cfb17a0" custom="structure {type:default;}">
        <Coords points="665,2329 665,2351 718,2360 720,2360 722,2360 757,2347 757,2329 757,2281 665,2279 665,2329"/>
        <Baseline points="665,2329 757,2329"/>
        <TextEquiv conf="1.0">
          <Unicode>„</Unicode>
        </TextEquiv>
      </TextLine>
      <TextLine id="eSc_line_85a2d50a" custom="structure {type:default;}">
        <Coords points="936,2371 936,2396 2845,2393 2847,2365 2841,2334 934,2334 936,2371"/>
        <Baseline points="936,2371 2847,2365"/>
        <TextEquiv conf="0.9969220161437988">
          <Unicode>liberam adeundi ecclesiam Alfianensem vel sepulturam ibi eligendi facultatem con-</Unicode>
        </TextEquiv>
      </TextLine>
      <TextLine id="eSc_line_11435093" custom="structure {type:default;}">
        <Coords points="934,2420 934,2453 2843,2453 2845,2424 2843,2389 934,2387 934,2420"/>
        <Baseline points="934,2420 2845,2424"/>
        <TextEquiv conf="0.9994996344601667">
          <Unicode>cedant, dummodo prior Alfianensis iura praefatae ecclesiae laedere non praesumat.</Unicode>
        </TextEquiv>
      </TextLine>
      <TextLine id="eSc_line_f299c2c1" custom="structure {type:default;}">
        <Coords points="934,2479 934,2502 1312,2513 1314,2513 1528,2502 1533,2502 1562,2513 1564,2513 1566,2513 1639,2499 1652,2499 1665,2499 1747,2510 1749,2513 2269,2513 2269,2510 2364,2497 2366,2475 2359,2446 932,2449 934,2479"/>
        <Baseline points="934,2479 2366,2475"/>
        <TextEquiv conf="0.9969676840500753">
          <Unicode>Pflugk-Harttung Acta III. 285. — „Constitutus in praesentia“.</Unicode>
        </TextEquiv>
      </TextLine>
      <TextLine id="eSc_line_8bcb9ea8" custom="structure {type:default;}">
        <Coords points="883,2528 881,2555 2843,2557 2847,2532 2843,2493 883,2495 883,2528"/>
        <Baseline points="883,2528 2847,2532"/>
        <TextEquiv conf="0.997260838396409">
          <Unicode>14289 Ecclesiae S. Mariae Blesensis tutelam suscipit ac privilegia quasdam confirmat.</Unicode>
        </TextEquiv>
      </TextLine>
      <TextLine id="eSc_line_762f5f91" custom="structure {type:default;}">
        <Coords points="357,2539 357,2568 541,2568 541,2539 541,2504 475,2488 472,2488 470,2488 428,2506 426,2508 357,2508 357,2539"/>
        <Baseline points="357,2539 541,2539"/>
        <TextEquiv conf="0.9995739817619324">
          <Unicode>„ 14.</Unicode>
        </TextEquiv>
      </TextLine>
      <TextLine id="eSc_line_80f015a0" custom="structure {type:default;}">
        <Coords points="667,2550 667,2570 760,2570 760,2546 755,2510 665,2506 667,2550"/>
        <Baseline points="667,2550 760,2546"/>
        <TextEquiv conf="0.9999996423721313">
          <Unicode>„</Unicode>
        </TextEquiv>
      </TextLine>
      <TextLine id="eSc_line_f28f2b95" custom="structure {type:default;}">
        <Coords points="934,2590 934,2621 2843,2614 2845,2583 2839,2555 932,2559 934,2590"/>
        <Baseline points="934,2590 2845,2583"/>
        <TextEquiv conf="0.9999000712847098">
          <Unicode>(Fragmentum). Auvray Notice sur le ms. Ottobon. 2966 p. 17 in Mélanges d&#x27;arch.</Unicode>
        </TextEquiv>
      </TextLine>
      <TextLine id="eSc_line_068e7213" custom="structure {type:default;}">
        <Coords points="934,2643 934,2663 1034,2676 1036,2678 1133,2678 1133,2676 1135,2676 1137,2676 1151,2665 1204,2676 1206,2676 1208,2676 1243,2665 1246,2665 1250,2665 1341,2676 1343,2676 1418,2665 1422,2665 1425,2665 1438,2676 1440,2676 1442,2676 1444,2676 1787,2665 1787,2643 1785,2608 934,2610 934,2643"/>
        <Baseline points="934,2643 1787,2643"/>
        <TextEquiv conf="0.991091642830823">
          <Unicode>et d&#x27;hist. VI. — „Et opere pietatis“.</Unicode>
        </TextEquiv>
      </TextLine>
      <TextLine id="eSc_line_5aa053a7" custom="structure {type:default;}">
        <Coords points="883,2698 883,2733 998,2722 1352,2731 1431,2731 1433,2731 2845,2716 2847,2691 2843,2663 2337,2652 2335,2652 2202,2663 2185,2665 881,2665 883,2698"/>
        <Baseline points="883,2698 2847,2691"/>
        <TextEquiv conf="0.9943305168833051">
          <Unicode>14290 In villa de Albo, ad ecclesiam S. Mariae Blesensem pertinenti, cimeterium con-</Unicode>
        </TextEquiv>
      </TextLine>
      <TextLine id="eSc_line_16ec4ea9" custom="structure {type:default;}">
        <Coords points="360,2703 360,2733 541,2733 541,2698 534,2658 357,2667 360,2703"/>
        <Baseline points="360,2703 541,2698"/>
        <TextEquiv conf="0.9997228145599365">
          <Unicode>„ 15.</Unicode>
        </TextEquiv>
      </TextLine>
      <TextLine id="eSc_line_bebd93da" custom="structure {type:default;}">
        <Coords points="667,2714 667,2733 709,2751 711,2751 713,2751 715,2751 764,2727 764,2709 760,2667 662,2661 667,2714"/>
        <Baseline points="667,2714 764,2709"/>
        <TextEquiv conf="0.9999934434890747">
          <Unicode>„</Unicode>
        </TextEquiv>
      </TextLine>
      <TextLine id="eSc_line_a7609904" custom="structure {type:default;}">
        <Coords points="934,2756 934,2778 1515,2789 1517,2789 1725,2778 1765,2775 1785,2778 1875,2786 1877,2786 2843,2773 2845,2749 2839,2718 932,2722 934,2756"/>
        <Baseline points="934,2756 2845,2749"/>
        <TextEquiv conf="0.98733716510063">
          <Unicode>strui vetat. Chartul. de Burgo-medio Bles., Coll. Housseau 12. I. f. 72“ in bibl. nat.</Unicode>
        </TextEquiv>
      </TextLine>
      <TextLine id="eSc_line_b3b0f927" custom="structure {type:default;}">
        <Coords points="934,2806 934,2831 2558,2826 2560,2802 2554,2773 932,2775 934,2806"/>
        <Baseline points="934,2806 2560,2802"/>
        <TextEquiv conf="0.9990416563732524">
          <Unicode>Paris. (Auvray Notice I. I.). — „Religiosis viris (an votis?) annuere“.</Unicode>
        </TextEquiv>
      </TextLine>
      <TextLine id="eSc_line_ebf9ed41" custom="structure {type:default;}">
        <Coords points="883,2862 883,2888 2810,2888 2812,2855 2805,2824 881,2824 883,2862"/>
        <Baseline points="883,2862 2812,2855"/>
        <TextEquiv conf="0.9950194286137093">
          <Unicode>14291 *Archiepiscopo Bracarensi eiusque suffraganeis. Pflugk-Harttung Iter p. 292.</Unicode>
        </TextEquiv>
      </TextLine>
      <TextLine id="eSc_line_21871fe7" custom="structure {type:default;}">
        <Coords points="366,2866 368,2895 417,2881 461,2888 508,2895 510,2895 512,2895 536,2881 536,2866 534,2824 366,2833 366,2866"/>
        <Baseline points="366,2866 536,2866"/>
        <TextEquiv conf="0.9999943733215332">
          <Unicode>„ 19.</Unicode>
        </TextEquiv>
      </TextLine>
      <TextLine id="eSc_line_34b1a76d" custom="structure {type:default;}">
        <Coords points="673,2879 678,2912 753,2881 753,2873 746,2839 669,2844 673,2879"/>
        <Baseline points="673,2879 753,2873"/>
        <TextEquiv conf="1.0">
          <Unicode>„</Unicode>
        </TextEquiv>
      </TextLine>
      <TextLine id="eSc_line_a7505fb4" custom="structure {type:default;}">
        <Coords points="885,2917 885,2943 2841,2937 2843,2910 2836,2881 883,2884 885,2917"/>
        <Baseline points="885,2917 2843,2910"/>
        <TextEquiv conf="0.9962651174176823">
          <Unicode>14292 (9301) Petro, monasterii SS. Severini et Sosii Neapolitani abbati, eiusque succes-</Unicode>
        </TextEquiv>
      </TextLine>
      <TextLine id="eSc_line_118d1d72" custom="structure {type:default;}">
        <Coords points="357,2923 357,2956 539,2948 541,2919 536,2886 355,2886 357,2923"/>
        <Baseline points="357,2923 541,2919"/>
        <TextEquiv conf="0.9999988555908204">
          <Unicode>„ 21.</Unicode>
        </TextEquiv>
      </TextLine>
      <TextLine id="eSc_line_45b2b9d5" custom="structure {type:default;}">
        <Coords points="653,2952 764,2956 768,2934 768,2888 691,2899 658,2888 656,2928 653,2952"/>
        <Baseline points="656,2928 768,2934"/>
        <TextEquiv conf="1.0">
          <Unicode>„</Unicode>
        </TextEquiv>
      </TextLine>
      <TextLine id="eSc_line_00fdb31e" custom="structure {type:default;}">
        <Coords points="936,2972 936,3007 2843,2994 2845,2965 2839,2937 934,2941 936,2972"/>
        <Baseline points="936,2972 2845,2965"/>
        <TextEquiv conf="0.9941971585154533">
          <Unicode>soribus mitrae usum concedit. Margarini Bull. Cas. II. 196, Pflugk-Harttung Acta</Unicode>
        </TextEquiv>
      </TextLine>
      <TextLine id="eSc_line_23fb76b6" custom="structure {type:default;}">
        <Coords points="934,3027 934,3049 2127,3043 2129,3021 2123,2987 932,2992 934,3027"/>
        <Baseline points="934,3027 2129,3021"/>
        <TextEquiv conf="0.9988875985145569">
          <Unicode>III. 285, Migne 200 p. 1290. — „Caritatis debito“.</Unicode>
        </TextEquiv>
      </TextLine>
      <TextLine id="eSc_line_0ae45c41" custom="structure {type:default;}">
        <Coords points="883,3080 883,3107 2845,3098 2847,3071 2841,3040 881,3049 883,3080"/>
        <Baseline points="883,3080 2847,3071"/>
        <TextEquiv conf="0.9959469182150704">
          <Unicode>14293 (9302) Cisterciensibus et Praemonstratensibus mandat, ut Fusniacenses monachos</Unicode>
        </TextEquiv>
      </TextLine>
      <TextLine id="eSc_line_31a9f4ce" custom="structure {type:default;}">
        <Coords points="355,3085 355,3111 539,3111 541,3078 530,3034 517,3047 497,3036 494,3036 492,3036 490,3036 353,3045 355,3085"/>
        <Baseline points="355,3085 541,3078"/>
        <TextEquiv conf="0.9999999523162841">
          <Unicode>„ 22.</Unicode>
        </TextEquiv>
      </TextLine>
      <TextLine id="eSc_line_b2d0debb" custom="structure {type:default;}">
        <Coords points="667,3096 667,3124 766,3109 766,3096 766,3058 711,3045 709,3045 707,3045 704,3045 667,3058 667,3096"/>
        <Baseline points="667,3096 766,3096"/>
        <TextEquiv conf="1.0">
          <Unicode>„</Unicode>
        </TextEquiv>
      </TextLine>
      <TextLine id="eSc_line_19f2570f" custom="structure {type:default;}">
        <Coords points="934,3135 934,3166 2843,3157 2845,3129 2839,3093 932,3107 934,3135"/>
        <Baseline points="934,3135 2845,3129"/>
        <TextEquiv conf="0.9986418464097632">
          <Unicode>compellant ad pacem cum Bucciliensibus canonicis circa altare de Esparci faciendam.</Unicode>
        </TextEquiv>
      </TextLine>
      <TextLine id="eSc_line_ed4e61d7" custom="structure {type:default;}">
        <Coords points="934,3188 934,3215 2478,3215 2478,3188 2478,3160 934,3153 934,3188"/>
        <Baseline points="934,3188 2478,3188"/>
        <TextEquiv conf="0.9957056809216738">
          <Unicode>De Lancy Hist. Fusniacensis coenobii p. 102. — „Quanto maioris“.</Unicode>
        </TextEquiv>
      </TextLine>
      <TextLine id="eSc_line_050af91b" custom="structure {type:default;}">
        <Coords points="883,3246 883,3279 2841,3263 2843,3235 2836,3197 2054,3210 881,3208 883,3246"/>
        <Baseline points="883,3246 2843,3235"/>
        <TextEquiv conf="0.9937033427172693">
          <Unicode>14294 Fratribus Bellae-vallis (d. Vesont.) indulget, ut si contra eos super decimis vel</Unicode>
        </TextEquiv>
      </TextLine>
      <TextLine id="eSc_line_6585b191" custom="structure {type:default;}">
        <Coords points="360,3248 360,3286 541,3281 541,3248 541,3215 510,3204 508,3204 505,3204 360,3213 360,3248"/>
        <Baseline points="360,3248 541,3248"/>
        <TextEquiv conf="0.9949275851249695">
          <Unicode>„ 25.</Unicode>
        </TextEquiv>
      </TextLine>
      <TextLine id="eSc_line_d1bb49ed" custom="structure {type:default;}">
        <Coords points="662,3259 662,3297 744,3308 746,3308 748,3308 777,3292 777,3259 777,3219 662,3219 662,3259"/>
        <Baseline points="662,3259 777,3259"/>
        <TextEquiv conf="1.0">
          <Unicode>„</Unicode>
        </TextEquiv>
      </TextLine>
      <TextLine id="eSc_line_35c562aa" custom="structure {type:default;}">
        <Coords points="934,3301 934,3327 2843,3314 2845,3290 2839,3263 932,3263 934,3301"/>
        <Baseline points="934,3301 2845,3290"/>
        <TextEquiv conf="0.9986654328448432">
          <Unicode>aliis a sede apostolica concessis „non facta mentione ordinis Cisterciensis litterae</Unicode>
        </TextEquiv>
      </TextLine>
      <TextLine id="eSc_line_87af16fd" custom="structure {type:default;}">
        <Coords points="934,3354 934,3383 1215,3394 1217,3394 1270,3383 1274,3383 1279,3383 1310,3394 1312,3394 1314,3394 1462,3383 1500,3380 1513,3383 1555,3392 1557,3392 1705,3383 1774,3378 2839,3378 2843,3343 2836,3308 932,3316 934,3354"/>
        <Baseline points="934,3354 2843,3343"/>
        <TextEquiv conf="0.9966828336076039">
          <Unicode>fuerint a sede apostolica impetratae, eis minime teneantur respondere.“ Loewenfeld</Unicode>
        </TextEquiv>
      </TextLine>
      <TextLine id="eSc_line_ae591aa6" custom="structure {type:default;}">
        <Coords points="934,3409 934,3431 2112,3433 2114,3409 2114,3380 934,3380 934,3409"/>
        <Baseline points="934,3409 2114,3409"/>
        <TextEquiv conf="0.9987115760644277">
          <Unicode>Epistolae p. 203. — „Cum ordinem Cisterciensem“.</Unicode>
        </TextEquiv>
      </TextLine>
      <TextLine id="eSc_line_7afee091" custom="structure {type:default;}">
        <Coords points="881,3464 881,3504 956,3517 958,3517 1144,3506 1177,3524 1179,3524 1182,3524 1347,3504 1427,3520 1429,3520 1546,3504 1584,3524 1586,3524 1588,3526 1818,3526 1818,3524 1975,3502 2079,3522 2081,3524 2286,3524 2286,3522 2379,3506 2448,3517 2450,3517 2452,3517 2496,3500 2587,3520 2589,3520 2591,3520 2649,3498 2759,3495 2759,3456 2752,3416 879,3427 881,3464"/>
        <Baseline points="881,3464 2759,3456"/>
        <TextEquiv conf="0.9876976005638702">
          <Unicode>14255 (9305) *Ecclesiae Chiemseensis privilegia confirmat. Lang Regesta I. 304.</Unicode>
        </TextEquiv>
      </TextLine>
      <TextLine id="eSc_line_23471f6b" custom="structure {type:default;}">
        <Coords points="360,3469 360,3535 399,3535 421,3546 457,3566 459,3566 461,3566 492,3559 505,3557 541,3568 543,3462 539,3425 357,3422 360,3469"/>
        <Baseline points="360,3469 543,3462"/>
        <TextEquiv conf="0.9979624032974244">
          <Unicode>„ 2*.</Unicode>
        </TextEquiv>
      </TextLine>
      <TextLine id="eSc_line_1a0b7acc" custom="structure {type:default;}">
        <Coords points="676,3469 676,3506 693,3522 695,3522 698,3522 700,3522 702,3522 760,3502 760,3469 757,3425 676,3433 676,3469"/>
        <Baseline points="676,3469 760,3469"/>
        <TextEquiv conf="0.9980035424232483">
          <Unicode>„</Unicode>
        </TextEquiv>
      </TextLine>
    </TextRegion>
    <TextRegion id="eSc_textblock_fd75e6a3"  custom="structure {type:default;}">
      <Coords points="1292,114 2043,123 2052,209 1093,209 1102,123 1292,114"/>
      <TextLine id="eSc_line_564c9fab" custom="structure {type:default;}">
        <Coords points="1111,183 1109,207 1129,220 1131,220 1133,220 1135,220 1305,209 1416,223 1418,223 1473,212 1562,223 1564,223 1566,223 1597,212 1610,209 2023,220 2028,189 2026,134 1972,123 1970,123 1897,134 1858,139 1829,134 1791,125 1789,125 1787,125 1763,134 1743,139 1714,134 1683,128 1681,128 1641,134 1619,136 1606,134 1564,121 1562,121 1559,121 1500,134 1482,136 1475,134 1455,123 1453,123 1325,119 1323,119 1321,119 1288,132 1268,119 1265,119 1263,119 1177,119 1175,119 1111,132 1111,183"/>
        <Baseline points="1111,183 2028,189"/>
        <TextEquiv conf="0.9876171231269837">
          <Unicode>ALEXANDER III. 1159—1181.</Unicode>
        </TextEquiv>
      </TextLine>
    </TextRegion>
  </Page>
</PcGts>
