<?xml version="1.0" encoding="UTF-8"  standalone="yes"?>
<PcGts xmlns="http://schema.primaresearch.org/PAGE/gts/pagecontent/2019-07-15" xmlns:xsi="http://www.w3.org/2001/XMLSchema-instance" xsi:schemaLocation="http://schema.primaresearch.org/PAGE/gts/pagecontent/2019-07-15 http://schema.primaresearch.org/PAGE/gts/pagecontent/2019-07-15/pagecontent.xsd">
  <Metadata>
	<Creator>escriptorium</Creator>
	<Created>2024-07-19T10:15:14.334758+00:00</Created>
        <LastChange>2024-08-08T08:48:30.906469+00:00</LastChange>
  </Metadata>
  <Page imageFilename="0439.png" imageWidth="3007" imageHeight="3975">
    <TextRegion id="eSc_textblock_bb81eb2a"  custom="structure {type:default;}">
      <Coords points="346,150 475,150 492,218 353,253 318,236 346,150"/>
      <TextLine id="eSc_line_bdcbb3d4" custom="structure {type:default;}">
        <Coords points="433,150 421,150 415,156 413,159 408,156 391,150 388,150 373,150 344,161 349,209 349,231 395,249 397,249 399,249 452,247 455,247 457,247 457,245 459,245 463,236 463,203 459,152 448,150 433,150"/>
        <Baseline points="349,209 463,203"/>
        <TextEquiv conf="1.0">
          <Unicode>426</Unicode>
        </TextEquiv>
      </TextLine>
    </TextRegion>
    <TextRegion id="eSc_textblock_362daa2f"  custom="structure {type:default;}">
      <Coords points="357,291 855,300 874,538 892,309 919,291 2900,300 2909,3380 2883,3531 963,3539 318,3504 309,874 318,397 326,309 357,291"/>
      <TextLine id="eSc_line_fa08642f" custom="structure {type:default;}">
        <Coords points="914,353 912,382 1246,379 1248,357 1246,313 914,309 914,353"/>
        <Baseline points="914,353 1248,357"/>
        <TextEquiv conf="0.9999738276004791">
          <Unicode>1159—1164.</Unicode>
        </TextEquiv>
      </TextLine>
      <TextLine id="eSc_line_cdd750b7" custom="structure {type:default;}">
        <Coords points="969,419 969,446 2881,446 2883,412 2876,364 2538,375 2408,366 2346,364 2344,364 2308,368 2240,377 1904,373 1661,368 1659,368 1621,375 1590,379 1577,375 1562,368 1559,368 1557,368 1184,379 1122,379 1115,379 1051,368 1049,368 967,379 969,419"/>
        <Baseline points="969,419 2883,412"/>
        <TextEquiv conf="0.9994445752493942">
          <Unicode>tatibus obviare, suum munus esse. „Duo sunt“ inquit „principalia, quibus status</Unicode>
        </TextEquiv>
      </TextLine>
      <TextLine id="eSc_line_af26626b" custom="structure {type:default;}">
        <Coords points="969,470 967,492 2876,501 2881,474 2878,446 969,435 969,470"/>
        <Baseline points="969,470 2881,474"/>
        <TextEquiv conf="0.9998525409471422">
          <Unicode>hominum noscitur esse regendus, auctoritas Romani pontificis et potestas imperialis;</Unicode>
        </TextEquiv>
      </TextLine>
      <TextLine id="eSc_line_3385b263" custom="structure {type:default;}">
        <Coords points="969,525 967,552 2876,556 2881,530 2878,501 969,488 969,525"/>
        <Baseline points="969,525 2881,530"/>
        <TextEquiv conf="0.9948753258761238">
          <Unicode>horum usque adeo consona videntur officia, et principatus mutua societate coniunctus,</Unicode>
        </TextEquiv>
      </TextLine>
      <TextLine id="eSc_line_5dcd58cf" custom="structure {type:default;}">
        <Coords points="969,580 967,602 2876,613 2881,587 2878,556 969,549 969,580"/>
        <Baseline points="969,580 2881,587"/>
        <TextEquiv conf="0.9957094435081926">
          <Unicode>ut alter alterius onera sustineat et in eodem simul habeant potestatem“. (Fragmentum).</Unicode>
        </TextEquiv>
      </TextLine>
      <TextLine id="eSc_line_ad4abfee" custom="structure {type:default;}">
        <Coords points="969,640 969,660 1071,671 1073,671 1075,671 1113,660 1117,660 1398,660 1402,660 1475,671 1478,671 1579,660 1634,671 1637,671 1639,671 1661,660 2269,669 2271,669 2273,669 2319,655 2319,636 2315,609 2169,596 2167,596 2081,607 2054,596 2052,596 2050,596 2048,596 2045,596 2028,609 1849,609 1785,596 1782,596 1679,607 1646,596 1643,596 1641,596 1639,596 1615,609 1610,611 1493,611 1491,609 1480,598 1478,598 1475,598 1473,598 1414,609 1402,609 1396,609 1365,598 1363,598 1360,598 1299,609 1288,609 1283,609 1254,598 1252,598 1250,598 967,607 969,640"/>
        <Baseline points="969,640 2319,636"/>
        <TextEquiv conf="0.9923035545008523">
          <Unicode>Neues Archiv VI. 449. — „Necessaria rerum dispositione“.</Unicode>
        </TextEquiv>
      </TextLine>
      <TextLine id="eSc_line_317f1fec" custom="structure {type:default;}">
        <Coords points="919,695 919,719 2878,724 2883,689 2878,658 2474,647 2472,647 2394,655 2366,658 2339,655 2277,647 2275,647 2273,647 2242,655 2218,662 1886,662 1862,653 1847,649 1844,649 1842,649 1840,649 1822,653 1794,660 1665,653 1628,651 1626,651 1588,653 1407,662 1389,651 1387,651 1385,651 916,651 919,695"/>
        <Baseline points="919,695 2883,689"/>
        <TextEquiv conf="0.9906615746575732">
          <Unicode>14482 *Henrico (II.) episcopo Leodiensi impetrante, pacem (Dei) ab Henrico I. episcopo</Unicode>
        </TextEquiv>
      </TextLine>
      <TextLine id="eSc_line_495af595" custom="structure {type:default;}">
        <Coords points="969,746 969,777 1414,777 1431,779 1493,792 1495,792 1548,781 1551,781 1568,792 1570,792 1573,792 1575,792 1663,788 1665,788 1668,788 1674,781 1683,777 1710,781 1756,792 1758,792 1760,792 1796,783 1822,777 1884,783 1957,792 1959,792 1961,792 1964,792 1975,786 1979,781 1995,786 2023,792 2026,792 2028,792 2030,792 2032,792 2041,786 2052,779 2101,786 2134,790 2653,792 2655,792 2680,790 2839,777 2878,792 2883,746 2883,717 969,711 969,746"/>
        <Baseline points="969,746 2883,746"/>
        <TextEquiv conf="0.9984750544152609">
          <Unicode>Leodiensi institutam confirmat. Vide Aegidii Aureaevall. Gesta epp. Leod. c. 30 in</Unicode>
        </TextEquiv>
      </TextLine>
      <TextLine id="eSc_line_a8acce6a" custom="structure {type:default;}">
        <Coords points="969,803 969,830 1438,828 1440,799 1436,768 1201,757 1199,757 1197,757 1173,768 983,759 980,759 978,759 976,759 967,766 969,803"/>
        <Baseline points="969,803 1440,799"/>
        <TextEquiv conf="0.9998556585872874">
          <Unicode>MG. SS. XXV. 105.</Unicode>
        </TextEquiv>
      </TextLine>
      <TextLine id="eSc_line_2511fb2a" custom="structure {type:default;}">
        <Coords points="888,907 888,931 1314,940 1316,940 1398,927 1528,938 1531,938 1533,938 1535,938 1548,925 1548,901 1542,865 1274,870 1252,854 1239,841 1237,841 1235,841 1199,839 1197,839 1195,839 1193,839 1177,850 1162,861 1137,850 1122,843 1120,843 1117,843 1115,843 1100,848 1027,872 983,843 980,841 978,841 976,841 885,841 888,907"/>
        <Baseline points="888,907 1548,901"/>
        <TextEquiv conf="0.9852192338023867">
          <Unicode>1164. (Ind. 12. pont. a. 5.)</Unicode>
        </TextEquiv>
      </TextLine>
      <TextLine id="eSc_line_8d6772d4" custom="structure {type:default;}">
        <Coords points="360,971 360,1000 576,1000 576,967 570,894 357,907 360,971"/>
        <Baseline points="360,971 576,967"/>
        <TextEquiv conf="0.9996673166751862">
          <Unicode>Apr. 12.</Unicode>
        </TextEquiv>
      </TextLine>
      <TextLine id="eSc_line_cd7407db" custom="structure {type:default;}">
        <Coords points="656,971 656,1004 817,998 817,965 810,903 651,903 656,971"/>
        <Baseline points="656,971 817,965"/>
        <TextEquiv conf="0.9999925851821899">
          <Unicode>Lucae</Unicode>
        </TextEquiv>
      </TextLine>
      <TextLine id="eSc_line_9db332e7" custom="structure {type:default;}">
        <Coords points="914,971 914,1009 1049,993 1168,1004 1170,1004 1314,993 1383,1009 1391,1009 1394,1009 1411,1007 1524,993 1577,1004 1579,1004 1745,993 1807,1004 1827,1007 1829,1007 1884,1004 2052,991 2085,1002 2101,1007 2103,1007 2105,1009 2222,1009 2222,1007 2224,1007 2251,1000 2286,991 2297,1000 2304,1004 2306,1004 2308,1004 2311,1004 2348,1000 2419,989 2518,998 2596,1004 2598,1004 2883,993 2885,965 2881,927 2317,916 2315,916 2313,916 2286,927 2258,916 2255,916 2253,916 2251,916 2224,929 2222,929 2191,929 1767,918 1765,918 1763,918 1716,929 1679,920 1676,920 1674,920 1210,931 1135,920 1133,920 1062,931 941,920 938,920 936,920 912,931 914,971"/>
        <Baseline points="914,971 2885,965"/>
        <TextEquiv conf="0.9916248532330117">
          <Unicode>„Veniens Luecam egrotare cepit, novemque diebus agonizans (Apr. 12— 20) ad extrema</Unicode>
        </TextEquiv>
      </TextLine>
      <TextLine id="eSc_line_b472511e" custom="structure {type:default;}">
        <Coords points="967,1024 967,1048 2154,1046 2154,1024 2154,993 967,993 967,1024"/>
        <Baseline points="967,1024 2154,1024"/>
        <TextEquiv conf="0.9966373467931942">
          <Unicode>perductus est“. Annal. Palid. in MG. SS. XVI. 91.</Unicode>
        </TextEquiv>
      </TextLine>
      <TextLine id="eSc_line_84c41c63" custom="structure {type:default;}">
        <Coords points="395,1115 572,1108 572,1077 567,1037 534,1029 532,1029 530,1029 483,1037 430,1046 393,1035 395,1086 395,1115"/>
        <Baseline points="395,1086 572,1077"/>
        <TextEquiv conf="0.9991633772850037">
          <Unicode>„ 13.</Unicode>
        </TextEquiv>
      </TextLine>
      <TextLine id="eSc_line_6d964342" custom="structure {type:default;}">
        <Coords points="698,1093 695,1119 782,1119 784,1097 784,1068 698,1064 698,1093"/>
        <Baseline points="698,1093 784,1097"/>
        <TextEquiv conf="1.0">
          <Unicode>„</Unicode>
        </TextEquiv>
      </TextLine>
      <TextLine id="eSc_line_cf8676d0" custom="structure {type:default;}">
        <Coords points="919,1077 919,1104 2881,1097 2883,1071 2878,1042 2337,1031 2335,1031 2198,1042 2180,1044 916,1044 919,1077"/>
        <Baseline points="919,1077 2883,1071"/>
        <TextEquiv conf="0.9993651679583958">
          <Unicode>14483 Huberto abbati et fratribus Tongerloensibus asserit ecclesiam de Dyst, ab Ele-</Unicode>
        </TextEquiv>
      </TextLine>
      <TextLine id="eSc_line_e8cec9a3" custom="structure {type:default;}">
        <Coords points="972,1135 972,1157 2883,1157 2883,1135 2883,1104 972,1104 972,1135"/>
        <Baseline points="972,1135 2883,1135"/>
        <TextEquiv conf="0.9968772719546062">
          <Unicode>widi illustri femina eiusque filiis per manum Henrici episcopi Leodensis collatam.</Unicode>
        </TextEquiv>
      </TextLine>
      <TextLine id="eSc_line_3888447e" custom="structure {type:default;}">
        <Coords points="969,1188 969,1216 2883,1212 2883,1188 2881,1157 969,1157 969,1188"/>
        <Baseline points="969,1188 2883,1188"/>
        <TextEquiv conf="0.9950923457741737">
          <Unicode>Alias quasdam possessiones confirmat. Messager des sciences hist. de Belg. 1859.</Unicode>
        </TextEquiv>
      </TextLine>
      <TextLine id="eSc_line_f4fa83ce" custom="structure {type:default;}">
        <Coords points="969,1245 969,1267 2624,1260 2626,1241 2622,1210 1047,1203 1045,1203 967,1214 969,1245"/>
        <Baseline points="969,1245 2626,1241"/>
        <TextEquiv conf="0.9956000594243611">
          <Unicode>p. 32, ubi perperam bulla Victori II. tribuitur. — „Et apostolice sedis“.</Unicode>
        </TextEquiv>
      </TextLine>
      <TextLine id="eSc_line_feca21bd" custom="structure {type:default;}">
        <Coords points="371,1307 371,1331 444,1344 446,1344 448,1344 477,1329 477,1307 477,1265 397,1247 395,1247 393,1247 391,1247 371,1260 371,1307"/>
        <Baseline points="371,1307 477,1307"/>
        <TextEquiv conf="0.9999678134918213">
          <Unicode>(„)</Unicode>
        </TextEquiv>
      </TextLine>
      <TextLine id="eSc_line_199d83e0" custom="structure {type:default;}">
        <Coords points="695,1302 691,1382 786,1384 793,1307 793,1256 695,1256 695,1302"/>
        <Baseline points="695,1302 793,1307"/>
        <TextEquiv conf="0.9999964634577433">
          <Unicode>(„)</Unicode>
        </TextEquiv>
      </TextLine>
      <TextLine id="eSc_line_4d600109" custom="structure {type:default;}">
        <Coords points="919,1296 919,1325 2885,1325 2885,1296 2885,1258 919,1256 919,1296"/>
        <Baseline points="919,1296 2885,1296"/>
        <TextEquiv conf="0.9987338514888988">
          <Unicode>14484 Huberto abbati et fratribus S. Mariae Tongerloensibus concedit, „ut ipsius loci</Unicode>
        </TextEquiv>
      </TextLine>
      <TextLine id="eSc_line_251f80c1" custom="structure {type:default;}">
        <Coords points="969,1355 969,1378 2878,1382 2883,1349 2876,1313 967,1325 969,1355"/>
        <Baseline points="969,1355 2883,1349"/>
        <TextEquiv conf="0.9996541447937488">
          <Unicode>advocatiam nullus usurpet, sed dux Lotharingiae, qui pro tempore fuerit, sicut a</Unicode>
        </TextEquiv>
      </TextLine>
      <TextLine id="eSc_line_ea993c57" custom="structure {type:default;}">
        <Coords points="936,1411 936,1435 2881,1435 2883,1406 2876,1378 934,1380 936,1411"/>
        <Baseline points="936,1411 2883,1406"/>
        <TextEquiv conf="0.999731593103294">
          <Unicode>„ b. m. Conrado, quondam Romanorum rege, rationabiliter statutum sit, absque aliqua</Unicode>
        </TextEquiv>
      </TextLine>
      <TextLine id="eSc_line_2bce0e6a" custom="structure {type:default;}">
        <Coords points="969,1466 969,1492 2306,1497 2308,1497 2355,1488 2364,1486 2366,1488 2377,1497 2379,1497 2381,1497 2383,1499 2489,1499 2489,1497 2547,1486 2554,1486 2567,1486 2691,1497 2693,1497 2695,1497 2721,1486 2881,1486 2883,1461 2878,1431 1011,1424 1009,1424 1007,1424 967,1435 969,1466"/>
        <Baseline points="969,1466 2883,1461"/>
        <TextEquiv conf="0.9990877727918988">
          <Unicode>exactione eis et rebus eorum patrocinium praebeat“. (Fragmentum). Dynter Chron.</Unicode>
        </TextEquiv>
      </TextLine>
      <TextLine id="eSc_line_c7da0cd5" custom="structure {type:default;}">
        <Coords points="969,1519 969,1541 1630,1539 1630,1519 1630,1488 969,1488 969,1519"/>
        <Baseline points="969,1519 1630,1519"/>
        <TextEquiv conf="0.9820559819539388">
          <Unicode>des ducs de Brabant II. 88.</Unicode>
        </TextEquiv>
      </TextLine>
      <TextLine id="eSc_line_a0f2f52e" custom="structure {type:default;}">
        <Coords points="404,1578 406,1631 488,1620 572,1627 572,1574 567,1534 402,1528 404,1578"/>
        <Baseline points="404,1578 572,1574"/>
        <TextEquiv conf="0.9999357461929321">
          <Unicode>„ 20.</Unicode>
        </TextEquiv>
      </TextLine>
      <TextLine id="eSc_line_b6d9a50a" custom="structure {type:default;}">
        <Coords points="693,1587 689,1665 786,1656 790,1592 788,1541 695,1528 693,1587"/>
        <Baseline points="693,1587 790,1592"/>
        <TextEquiv conf="1.0">
          <Unicode>„</Unicode>
        </TextEquiv>
      </TextLine>
      <TextLine id="eSc_line_10802bc6" custom="structure {type:default;}">
        <Coords points="919,1574 919,1598 2883,1590 2883,1570 2878,1534 916,1534 919,1574"/>
        <Baseline points="919,1574 2883,1570"/>
        <TextEquiv conf="0.9935566576627585">
          <Unicode>Moritur. Marangonis Chron. Pisanum 1165 in Archivio storico VI. II. 35, in MG.</Unicode>
        </TextEquiv>
      </TextLine>
      <TextLine id="eSc_line_957b7bf1" custom="structure {type:default;}">
        <Coords points="969,1631 969,1651 2878,1647 2881,1623 2876,1592 2414,1581 2412,1581 2410,1581 2388,1592 2353,1592 1981,1583 1979,1583 1882,1594 1862,1596 967,1596 969,1631"/>
        <Baseline points="969,1631 2881,1623"/>
        <TextEquiv conf="0.9996303455034892">
          <Unicode>SS. XIX. 250: „XII. kal. Maii“. Acerbi Morenae Cont. in MG. SS. XVIII. 643:</Unicode>
        </TextEquiv>
      </TextLine>
      <TextLine id="eSc_line_b29b12ff" custom="structure {type:default;}">
        <Coords points="972,1684 972,1718 1047,1707 1429,1715 1493,1715 1495,1715 1515,1713 1615,1704 2881,1704 2883,1678 2876,1647 969,1654 972,1684"/>
        <Baseline points="972,1684 2883,1678"/>
        <TextEquiv conf="0.9994696902941509">
          <Unicode>„die lunae, quae fuit (adde: vigesima) dies mensis Aprilis“. Eum „quarta feria post</Unicode>
        </TextEquiv>
      </TextLine>
      <TextLine id="eSc_line_4f2f0418" custom="structure {type:default;}">
        <Coords points="972,1737 972,1764 2883,1764 2883,1737 2881,1702 972,1707 972,1737"/>
        <Baseline points="972,1737 2883,1737"/>
        <TextEquiv conf="0.9991501846978831">
          <Unicode>octavas paschae“ (22. April.) obiisse, perperam tradit nuncius in Epist. S. Thomae ed.</Unicode>
        </TextEquiv>
      </TextLine>
      <TextLine id="eSc_line_bd57e93e" custom="structure {type:default;}">
        <Coords points="972,1795 972,1819 2878,1813 2881,1788 2874,1757 969,1757 972,1795"/>
        <Baseline points="972,1795 2881,1788"/>
        <TextEquiv conf="0.9944860920848617">
          <Unicode>Lupus L. I. ep. 7. p. 15, ed. Giles II. 241, quem sequitur Gervasius in chron. 1164</Unicode>
        </TextEquiv>
      </TextLine>
      <TextLine id="eSc_line_3a078006" custom="structure {type:default;}">
        <Coords points="969,1848 969,1877 2878,1868 2881,1843 2874,1813 967,1817 969,1848"/>
        <Baseline points="969,1848 2881,1843"/>
        <TextEquiv conf="0.9928967227989977">
          <Unicode>ap. Twysden H. A. SS. I. 1389, ed. Stubbs. I. 182; in errore item versatur auctor Annal.</Unicode>
        </TextEquiv>
      </TextLine>
      <TextLine id="eSc_line_213405ea" custom="structure {type:default;}">
        <Coords points="965,1903 965,1945 976,1954 978,1954 980,1954 983,1954 1091,1943 1184,1943 1522,1943 1528,1945 1546,1954 1548,1954 1551,1956 1692,1956 1692,1954 1694,1954 1712,1945 1718,1943 1741,1945 1791,1954 1794,1954 1966,1947 2114,1943 2138,1949 2154,1954 2156,1954 2158,1954 2202,1949 2271,1943 2543,1952 2609,1954 2611,1954 2613,1954 2618,1954 2653,1943 2684,1954 2686,1954 2688,1954 2691,1954 2693,1954 2695,1954 2717,1943 2733,1954 2735,1954 2737,1954 2739,1956 2881,1956 2881,1903 2881,1872 965,1872 965,1903"/>
        <Baseline points="965,1903 2881,1903"/>
        <TextEquiv conf="0.9907549546088701">
          <Unicode>Casinens. 1164 in MG. SS. XIX. 312. ubi Victor dicitur die 14. Apr. mortuus esse.</Unicode>
        </TextEquiv>
      </TextLine>
      <TextLine id="eSc_line_da0f25fb" custom="structure {type:default;}">
        <Coords points="892,2356 892,2389 1175,2380 1263,2387 1327,2393 1330,2393 1332,2393 1358,2387 1394,2378 1449,2385 1475,2389 1478,2389 1480,2389 1491,2385 1511,2378 1577,2385 1630,2389 1632,2389 1663,2382 1692,2378 1787,2382 1957,2389 1959,2389 1961,2389 1964,2389 1977,2380 1979,2378 1986,2380 2026,2389 2028,2389 2030,2389 2032,2389 2034,2389 2050,2378 2052,2378 2059,2378 2123,2389 2125,2389 2127,2389 2151,2378 2156,2376 2187,2378 2383,2389 2386,2389 2498,2373 2501,2373 2505,2373 2576,2387 2578,2387 2649,2373 2858,2387 2861,2387 2863,2387 2865,2387 2885,2371 2885,2347 2876,2267 2819,2285 2744,2270 2741,2270 2739,2270 2706,2287 2646,2287 2622,2270 2620,2270 2618,2270 2512,2270 2509,2270 2507,2270 2478,2283 2414,2270 2412,2270 2410,2270 2375,2290 2125,2290 2090,2272 2087,2272 2085,2272 1849,2292 1608,2292 1526,2274 1524,2274 1522,2274 1471,2290 1369,2276 1367,2276 1248,2290 1157,2276 890,2276 892,2356"/>
        <Baseline points="892,2356 2885,2347"/>
        <TextEquiv conf="0.9832535500709827">
          <Unicode>PASCHALIS III. (GCID0 CREMENSIS) antipapa 1164—1168.</Unicode>
        </TextEquiv>
      </TextLine>
      <TextLine id="eSc_line_71c01b7f" custom="structure {type:default;}">
        <Coords points="972,2442 972,2471 2752,2471 2752,2442 2752,2413 972,2411 972,2442"/>
        <Baseline points="972,2442 2752,2442"/>
        <TextEquiv conf="0.9989442818838618">
          <Unicode>Paschalis III. hac sententia usus est: „Adintor meus esto domine, ne derelinquas me“. 14491.</Unicode>
        </TextEquiv>
      </TextLine>
      <TextLine id="eSc_line_e3bcb941" custom="structure {type:default;}">
        <Coords points="972,2488 972,2510 1555,2506 1557,2484 1553,2457 969,2455 972,2488"/>
        <Baseline points="972,2488 1557,2484"/>
        <TextEquiv conf="0.9999989941716194">
          <Unicode>Paschalis bullis subscripserunt:</Unicode>
        </TextEquiv>
      </TextLine>
      <TextLine id="eSc_line_1d05d3a8" custom="structure {type:default;}">
        <Coords points="930,2530 930,2544 958,2563 961,2563 963,2563 965,2563 967,2563 1000,2550 1082,2563 1084,2563 1193,2557 1195,2557 1197,2557 1215,2544 1224,2539 1579,2539 1592,2546 1606,2557 1608,2557 1610,2557 1721,2563 1723,2563 1831,2548 1908,2537 2160,2537 2189,2550 2207,2559 2209,2559 2293,2561 2295,2561 2883,2555 2883,2526 2876,2488 1005,2499 1003,2499 943,2486 941,2486 938,2486 936,2486 927,2491 930,2530"/>
        <Baseline points="930,2530 2883,2526"/>
        <TextEquiv conf="0.975441494295674">
          <Unicode>ep. Albanensis — lohannes. — 14488, 14490, 14491, 14492, 14495</Unicode>
        </TextEquiv>
      </TextLine>
      <TextLine id="eSc_line_ac51f3e7" custom="structure {type:default;}">
        <Coords points="950,2581 952,2605 989,2588 1011,2599 1014,2599 1246,2603 1265,2603 1268,2603 1270,2603 1305,2590 1319,2601 1321,2601 1323,2601 1325,2603 1422,2603 1422,2601 1425,2601 1427,2601 1427,2599 1444,2585 1595,2585 1615,2601 1617,2601 1619,2601 1621,2601 1628,2601 1957,2581 1981,2597 1984,2597 1986,2597 1988,2597 1990,2597 2021,2581 2293,2597 2297,2572 2291,2546 947,2546 950,2581"/>
        <Baseline points="950,2581 2297,2572"/>
        <TextEquiv conf="0.9697660717097196">
          <Unicode>„ Praenestinus . . . . . . . . .  Vivianus. . . . 14495</Unicode>
        </TextEquiv>
      </TextLine>
      <TextLine id="eSc_line_b0eb5134" custom="structure {type:default;}">
        <Coords points="950,2625 952,2650 996,2636 1235,2645 1237,2645 1239,2645 1272,2630 1369,2647 1376,2647 1378,2647 1380,2647 1383,2647 1407,2627 1544,2627 1599,2645 1606,2647 1608,2647 1610,2650 1796,2650 1796,2647 1798,2647 1807,2645 1851,2623 2156,2623 2185,2641 2185,2643 2187,2643 2189,2643 2191,2643 2730,2636 2733,2612 2726,2579 947,2590 950,2625"/>
        <Baseline points="950,2625 2733,2612"/>
        <TextEquiv conf="0.9717023757196241">
          <Unicode>„ Tusculanus . . . . .  . Martinus  14490, 14491, 14492, 14495</Unicode>
        </TextEquiv>
      </TextLine>
      <TextLine id="eSc_line_94fe1f5f" custom="structure {type:default;}">
        <Coords points="930,2665 930,2689 1199,2696 1201,2696 1204,2696 1217,2689 1237,2680 1261,2689 1274,2694 1277,2694 1502,2696 1504,2696 1506,2696 1535,2689 1581,2676 1634,2687 1663,2694 1665,2694 1800,2689 1802,2689 1805,2689 1807,2687 1824,2676 2165,2676 2182,2687 2189,2691 2191,2691 2193,2691 2196,2691 2878,2683 2881,2658 2874,2625 927,2627 930,2665"/>
        <Baseline points="930,2665 2881,2658"/>
        <TextEquiv conf="0.9707348008745724">
          <Unicode>presb. card. tit. S. Chrysogoni . . . A1bertus . .    . . .   . 14488, 14490, 14491, 14492, 14495</Unicode>
        </TextEquiv>
      </TextLine>
      <TextLine id="eSc_line_b37fc8a5" custom="structure {type:default;}">
        <Coords points="974,2718 976,2744 1031,2725 1080,2742 1082,2742 1084,2742 1087,2742 1124,2725 1173,2740 1175,2740 1177,2740 1179,2740 1219,2725 1440,2738 1442,2738 1539,2722 1705,2738 1707,2738 1710,2738 1745,2725 1763,2736 1765,2736 1767,2736 1769,2736 1771,2736 1774,2736 1774,2733 1794,2716 2056,2716 2163,2716 2185,2733 2187,2733 2189,2733 2191,2733 2593,2731 2596,2705 2589,2678 972,2683 974,2718"/>
        <Baseline points="974,2718 2596,2705"/>
        <TextEquiv conf="0.9726365045193703">
          <Unicode>„ „ „ S. Clementis . . . . Opizo . . . .  14490, 14491, 14492,</Unicode>
        </TextEquiv>
      </TextLine>
      <TextLine id="eSc_line_4927621d" custom="structure {type:default;}">
        <Coords points="1619,2714 1617,2714 1566,2720 1511,2729 1440,2722 1365,2716 1347,2716 1325,2716 1303,2716 1281,2716 1259,2716 1237,2718 1232,2718 1215,2725 1197,2731 972,2729 974,2760 976,2784 1011,2771 1078,2784 1084,2784 1087,2784 1089,2784 1091,2784 1109,2771 1162,2784 1170,2784 1173,2784 1175,2784 1179,2782 1208,2771 1352,2782 1394,2784 1396,2784 1398,2784 1409,2782 1453,2769 1699,2780 1787,2782 1789,2782 1791,2782 1805,2778 1849,2762 2063,2762 2167,2762 2189,2775 2191,2778 2193,2778 2196,2778 2198,2778 2881,2769 2881,2744 2876,2707 2655,2705 2653,2705 2651,2705 2635,2709 2589,2720 2485,2711 2463,2709 2461,2709 2459,2709 2456,2709 2456,2711 2441,2722 2306,2725 1824,2725 1807,2718 1794,2714 1791,2714 1789,2714 1732,2720 1654,2727 1637,2720 1621,2714 1619,2714"/>
        <Baseline points="974,2760 2881,2744"/>
        <TextEquiv conf="0.9750507560121008">
          <Unicode>„ „ „ S. Pastoris . . . . Iohannes .  — — . . — — 14488, 14490, 14491, 14492, 14495</Unicode>
        </TextEquiv>
      </TextLine>
      <TextLine id="eSc_line_fefea6fb" custom="structure {type:default;}">
        <Coords points="972,2797 972,2804 1224,2804 1232,2806 1263,2824 1265,2824 1268,2826 1475,2826 1475,2824 1478,2824 1504,2809 1517,2804 1592,2804 1606,2811 1628,2822 1630,2822 1632,2824 1805,2824 1805,2822 1807,2822 1809,2822 1822,2813 1838,2802 2158,2802 2178,2815 2187,2822 2189,2822 2191,2822 2193,2822 2872,2820 2874,2791 2867,2760 969,2762 972,2797"/>
        <Baseline points="972,2797 2874,2791"/>
        <TextEquiv conf="0.9873393828218634">
          <Unicode>„ „ „ S. Susannae . . Unfredus — 14488, 14490, 14491, 14492, 14495</Unicode>
        </TextEquiv>
      </TextLine>
      <TextLine id="eSc_line_c544f004" custom="structure {type:default;}">
        <Coords points="930,2837 930,2870 1031,2857 1204,2868 1263,2873 1265,2873 1268,2873 1281,2868 1341,2848 1581,2848 1626,2866 1643,2873 1646,2873 1648,2873 1791,2870 1794,2870 1796,2870 1802,2864 1829,2846 1904,2846 2098,2846 2132,2862 2145,2868 2147,2868 2293,2870 2295,2873 2808,2873 2808,2870 2876,2855 2878,2833 2872,2804 927,2804 930,2837"/>
        <Baseline points="930,2837 2878,2833"/>
        <TextEquiv conf="0.9815224922365613">
          <Unicode>diac. card. S. Angeli „„„ Landus - . . 14488. 14490, 14491, 14492, 14495</Unicode>
        </TextEquiv>
      </TextLine>
      <TextLine id="eSc_line_826501e3" custom="structure {type:default;}">
        <Coords points="969,2890 969,2912 1084,2915 1087,2915 1089,2915 1095,2912 1137,2899 1173,2912 1184,2917 1186,2917 1188,2917 1520,2915 1522,2915 1531,2912 1573,2897 1738,2912 1760,2912 1763,2912 1765,2912 1769,2912 1827,2892 1937,2892 2165,2892 2204,2910 2207,2910 2209,2910 2211,2910 2578,2908 2580,2879 2573,2848 967,2862 969,2890"/>
        <Baseline points="969,2890 2580,2879"/>
        <TextEquiv conf="0.9835438787937164">
          <Unicode>„ „ S. Mariae in Aquiro . . Gerardus „.  14488, 14491, 14492</Unicode>
        </TextEquiv>
      </TextLine>
      <TextLine id="eSc_line_9bf386e7" custom="structure {type:default;}">
        <Coords points="969,2937 969,2954 1042,2948 1062,2954 1082,2963 1084,2963 1087,2963 1089,2963 1106,2954 1122,2948 1195,2948 1212,2954 1241,2965 1243,2965 1246,2965 1248,2965 1270,2954 1277,2950 1283,2954 1301,2965 1303,2965 1305,2965 1307,2968 1524,2968 1524,2965 1608,2952 1615,2952 1632,2952 1802,2961 1805,2961 1807,2961 1829,2952 1853,2939 2174,2939 2193,2950 2204,2954 2207,2954 2209,2954 2255,2950 2271,2948 2275,2950 2295,2959 2297,2959 2299,2959 2739,2945 2739,2923 2735,2895 1263,2895 1261,2895 967,2908 969,2937"/>
        <Baseline points="969,2937 2739,2923"/>
        <TextEquiv conf="0.9675209280990419">
          <Unicode>„ „ S. Mariae novae . . . . Lanfredus . . . . . . . . . . 14488, 14490, 14491, 1449?</Unicode>
        </TextEquiv>
      </TextLine>
      <TextLine id="eSc_line_b8b3302f" custom="structure {type:default;}">
        <Coords points="967,2981 967,3001 1809,3001 1809,2998 1811,2998 1813,2998 1813,2996 1822,2990 1831,2996 1831,2998 1833,2998 1836,2998 1838,2998 2072,2996 2074,2996 2076,2996 2101,2981 2291,2994 2295,2968 2288,2939 965,2952 967,2981"/>
        <Baseline points="967,2981 2295,2968"/>
        <TextEquiv conf="0.9872649716118634">
          <Unicode>„ „ S. R. E. . . . . . . . . Iohannes de Sculcula . . 14495</Unicode>
        </TextEquiv>
      </TextLine>
      <TextLine id="eSc_line_95574606" custom="structure {type:default;}">
        <Coords points="967,3025 967,3040 1771,3040 1771,3038 1774,3038 1776,3038 1776,3036 1789,3023 1851,3023 2045,3036 2063,3036 2065,3036 2068,3036 2070,3036 2070,3034 2085,3021 2291,3034 2295,3012 2288,2979 965,2994 967,3025"/>
        <Baseline points="967,3025 2295,3012"/>
        <TextEquiv conf="0.9796004839110792">
          <Unicode>„ „ S. R. E. . . . . . . . . 0tto . . —. . . . . .. 14495</Unicode>
        </TextEquiv>
      </TextLine>
      <TextLine id="eSc_line_58891eed" custom="structure {type:default;}">
        <Coords points="967,3069 967,3089 2028,3089 2028,3087 2034,3087 2081,3076 2295,3085 2299,3058 2293,3027 965,3027 967,3069"/>
        <Baseline points="967,3069 2299,3058"/>
        <TextEquiv conf="0.9792439937591553">
          <Unicode>„ „ S. R. E. . . . . . . . . Wido . . . . . . . . . . . . . 14495</Unicode>
        </TextEquiv>
      </TextLine>
      <TextLine id="eSc_line_87229505" custom="structure {type:default;}">
        <Coords points="963,3109 963,3133 1232,3142 1235,3142 1307,3135 1369,3131 1427,3138 1482,3142 1484,3142 1528,3138 1597,3129 1606,3138 1610,3140 1610,3142 1612,3142 1615,3142 1617,3144 1805,3144 1805,3142 1829,3138 1902,3127 1968,3127 1992,3140 1995,3140 1997,3140 1999,3140 2001,3140 2003,3140 2045,3127 2083,3140 2085,3140 2087,3140 2090,3142 2297,3142 2299,3102 2293,3069 961,3071 963,3109"/>
        <Baseline points="963,3109 2299,3102"/>
        <TextEquiv conf="0.9578063869848847">
          <Unicode>„ „ S. R. E. . „ . „ . . . . Stephanus . . . . . . . . . . 14495</Unicode>
        </TextEquiv>
      </TextLine>
      <TextLine id="eSc_line_0f685771" custom="structure {type:default;}">
        <Coords points="927,3151 925,3182 1416,3182 1418,3157 1418,3129 927,3122 927,3151"/>
        <Baseline points="927,3151 1418,3157"/>
        <TextEquiv conf="0.9857485423917356">
          <Unicode>Datae bullae sunt p. m.</Unicode>
        </TextEquiv>
      </TextLine>
      <TextLine id="eSc_line_15660065" custom="structure {type:default;}">
        <Coords points="1011,3208 1011,3239 2452,3239 2452,3208 2450,3166 2359,3177 2317,3166 2315,3166 2313,3166 2308,3166 2204,3177 1011,3171 1011,3208"/>
        <Baseline points="1011,3208 2452,3208"/>
        <TextEquiv conf="0.9962476442257563">
          <Unicode>Iohannis S. R. E. presb. card. et cancellarii 14488, 14490, 14491, 1449?</Unicode>
        </TextEquiv>
      </TextLine>
      <TextLine id="eSc_line_0d702b4b" custom="structure {type:default;}">
        <Coords points="1014,3255 1014,3286 1875,3288 1877,3255 1877,3228 1014,3226 1014,3255"/>
        <Baseline points="1014,3255 1877,3255"/>
        <TextEquiv conf="0.999986900223626">
          <Unicode>Ricardi civitatis Castellanae episcopi 14495.</Unicode>
        </TextEquiv>
      </TextLine>
      <TextLine id="eSc_line_8fa21f4b" custom="structure {type:default;}">
        <Coords points="881,3372 881,3398 1537,3403 1539,3367 1531,3310 1475,3325 1462,3312 1460,3312 1458,3312 1455,3312 1453,3312 1451,3312 1425,3330 1274,3330 1259,3316 1248,3308 1246,3308 1243,3308 1241,3308 1193,3319 1151,3327 1126,3321 1095,3310 1093,3310 1091,3310 1089,3310 1087,3310 1069,3321 1053,3330 1016,3323 943,3310 941,3310 938,3310 879,3323 881,3372"/>
        <Baseline points="881,3372 1539,3367"/>
        <TextEquiv conf="0.9951771731887545">
          <Unicode>1164. (Ind. 12, pont. a. 1.)</Unicode>
        </TextEquiv>
      </TextLine>
      <TextLine id="eSc_line_a5418753" custom="structure {type:default;}">
        <Coords points="355,3436 355,3531 410,3544 413,3544 415,3544 435,3537 448,3533 463,3537 497,3551 499,3551 501,3551 574,3544 574,3431 565,3297 488,3299 486,3299 452,3316 417,3336 353,3336 355,3436"/>
        <Baseline points="355,3436 574,3431"/>
        <TextEquiv conf="0.9636411964893341">
          <Unicode>„„</Unicode>
        </TextEquiv>
      </TextLine>
      <TextLine id="eSc_line_f40fb79c" custom="structure {type:default;}">
        <Coords points="649,3436 649,3469 813,3473 815,3431 804,3297 757,3314 733,3308 720,3305 718,3305 715,3305 713,3305 645,3323 649,3436"/>
        <Baseline points="649,3436 815,3431"/>
        <TextEquiv conf="0.869367390871048">
          <Unicode>1a</Unicode>
        </TextEquiv>
      </TextLine>
      <TextLine id="eSc_line_b06778dc" custom="structure {type:default;}">
        <Coords points="910,3433 912,3469 956,3458 2876,3458 2878,3429 2872,3376 2750,3389 2706,3378 2704,3378 2702,3378 2699,3378 2664,3387 2638,3378 2629,3376 2626,3376 2390,3376 2388,3376 2386,3376 2372,3383 2348,3394 2277,3385 2275,3385 2273,3385 2271,3385 2253,3396 2116,3385 2094,3385 2092,3385 2090,3385 2085,3387 2063,3396 1966,3387 1946,3387 1944,3387 1922,3389 1824,3398 1796,3389 1771,3383 1769,3383 1767,3383 1765,3383 1763,3383 1752,3392 1736,3398 1584,3394 1345,3385 1343,3385 1250,3398 1243,3398 1241,3398 1208,3385 1206,3385 1204,3385 1201,3385 1199,3385 1177,3398 1175,3400 1155,3400 1009,3400 932,3387 930,3387 927,3387 925,3387 908,3396 910,3433"/>
        <Baseline points="910,3433 2878,3429"/>
        <TextEquiv conf="0.9958391266710618">
          <Unicode>Eligitur a Rainaldo, archiepiscopo Coloniensi. et Victoris IV. cardinalibus. Chronica</Unicode>
        </TextEquiv>
      </TextLine>
      <TextLine id="eSc_line_34ee1d33" custom="structure {type:default;}">
        <Coords points="963,3489 963,3553 1067,3546 1100,3555 1129,3562 1131,3562 1133,3562 1248,3559 1288,3575 1290,3575 1292,3575 1294,3575 1334,3555 1352,3546 1489,3555 1495,3555 1497,3555 1502,3555 1632,3544 1696,3557 1707,3557 1710,3557 1712,3557 1714,3557 1732,3546 1749,3557 1763,3564 1765,3564 1767,3564 1769,3564 1791,3557 1827,3544 1913,3544 1972,3557 2006,3564 2008,3564 2010,3564 2023,3557 2050,3544 2140,3544 2165,3557 2167,3557 2169,3557 2171,3557 2174,3557 2202,3544 2240,3557 2282,3573 2284,3573 2286,3575 2839,3575 2839,3573 2841,3573 2874,3559 2874,3482 2867,3453 961,3458 963,3489"/>
        <Baseline points="963,3489 2874,3482"/>
        <TextEquiv conf="0.9293642098966398">
          <Unicode>esle Lelon. 1464 iu MC. SS. X21d. 778. ed. Raite p. 115- „Rido auecesit Cre-</Unicode>
        </TextEquiv>
      </TextLine>
    </TextRegion>
    <TextRegion id="eSc_textblock_307f7309"  custom="structure {type:default;}">
      <Coords points="1363,132 2370,141 2388,218 2361,245 910,245 874,200 901,141 1363,132"/>
      <TextLine id="eSc_line_2ac90576" custom="structure {type:default;}">
        <Coords points="910,209 910,231 1036,245 1038,245 1040,245 1042,245 1058,234 1060,234 1155,234 1157,234 1170,245 1173,245 1175,245 1177,245 1179,245 1206,234 1208,234 1228,245 1230,245 1232,247 1232,245 1235,245 1254,234 1257,234 1279,245 1281,245 1283,245 1285,245 1325,234 1330,234 1334,234 1363,245 1365,245 1367,245 1427,236 1440,234 1475,236 1628,245 1630,245 1681,236 1707,231 1716,236 1725,242 1727,242 1729,242 1732,245 1939,245 1939,242 1942,242 1944,242 1948,238 1957,231 1986,238 2014,242 2017,242 2357,238 2357,205 2353,156 2258,143 2255,143 2253,143 2251,143 2238,154 2233,156 908,147 910,209"/>
        <Baseline points="910,209 2357,205"/>
        <TextEquiv conf="0.9990379336205396">
          <Unicode>VICTOR IV. (OCTAVIANUS) antipapa. 1159—1164.</Unicode>
        </TextEquiv>
      </TextLine>
    </TextRegion>
  </Page>
</PcGts>
