<?xml version="1.0" encoding="UTF-8"  standalone="yes"?>
<PcGts xmlns="http://schema.primaresearch.org/PAGE/gts/pagecontent/2019-07-15" xmlns:xsi="http://www.w3.org/2001/XMLSchema-instance" xsi:schemaLocation="http://schema.primaresearch.org/PAGE/gts/pagecontent/2019-07-15 http://schema.primaresearch.org/PAGE/gts/pagecontent/2019-07-15/pagecontent.xsd">
  <Metadata>
	<Creator>escriptorium</Creator>
	<Created>2024-07-19T10:15:20.485412+00:00</Created>
        <LastChange>2024-08-08T08:48:56.248248+00:00</LastChange>
  </Metadata>
  <Page imageFilename="0779.png" imageWidth="3007" imageHeight="3975">
    <TextRegion id="eSc_textblock_04a96a5e"  custom="structure {type:default;}">
      <Coords points="276,150 395,159 404,218 247,227 276,150"/>
      <TextLine id="eSc_line_76958941" custom="structure {type:default;}">
        <Coords points="377,156 355,154 333,154 311,152 298,150 287,150 267,165 271,209 271,229 344,238 346,238 349,238 386,220 386,203 380,156 377,156"/>
        <Baseline points="271,209 386,203"/>
        <TextEquiv conf="0.9999982118606567">
          <Unicode>766</Unicode>
        </TextEquiv>
      </TextLine>
    </TextRegion>
    <TextRegion id="eSc_textblock_5ef2b409"  custom="structure {type:default;}">
      <Coords points="826,300 2830,309 2839,3248 2812,3504 521,3522 501,3416 483,3522 247,3495 238,344 273,309 492,318 512,344 547,318 802,335 826,300"/>
      <TextLine id="eSc_line_4b991c2e" custom="structure {type:default;}">
        <Coords points="1047,300 1025,300 1022,300 945,318 892,300 890,300 888,300 826,302 824,302 804,329 806,362 806,379 855,390 857,390 1153,373 1153,353 1148,315 1049,300 1047,300"/>
        <Baseline points="806,362 1153,353"/>
        <TextEquiv conf="0.999869400804693">
          <Unicode>1166— 1179.</Unicode>
        </TextEquiv>
      </TextLine>
      <TextLine id="eSc_line_a9d4960d" custom="structure {type:default;}">
        <Coords points="839,419 837,443 2797,450 2801,426 2799,375 2359,364 2357,364 2308,373 2293,375 2284,373 2255,364 2253,364 2251,364 2207,373 2189,375 2169,373 2101,362 2098,362 1990,373 1975,373 1970,373 1946,362 1944,362 1942,362 1827,373 1805,373 1796,371 1758,362 1756,362 1754,362 1752,362 1725,371 1718,375 1497,375 1491,371 1473,359 1471,359 1469,359 1467,359 839,368 839,419"/>
        <Baseline points="839,419 2801,426"/>
        <TextEquiv conf="0.9996062552227694">
          <Unicode>13179a Bituricensi archiepiscopo et Lingonensi ac Tullensi episcopis et archidiaconis</Unicode>
        </TextEquiv>
      </TextLine>
      <TextLine id="eSc_line_63bb5152" custom="structure {type:default;}">
        <Coords points="282,421 282,443 386,461 388,461 391,461 408,454 433,443 446,457 450,459 450,461 452,461 455,461 457,461 499,459 499,417 494,373 278,362 282,421"/>
        <Baseline points="282,421 499,417"/>
        <TextEquiv conf="0.997513934969902">
          <Unicode>Mart. 7.</Unicode>
        </TextEquiv>
      </TextLine>
      <TextLine id="eSc_line_2a56c6c9" custom="structure {type:default;}">
        <Coords points="552,424 552,452 768,452 768,417 764,364 642,355 640,355 547,368 552,424"/>
        <Baseline points="552,424 768,417"/>
        <TextEquiv conf="0.9999639764428139">
          <Unicode>Laterani</Unicode>
        </TextEquiv>
      </TextLine>
      <TextLine id="eSc_line_9c92a48f" custom="structure {type:default;}">
        <Coords points="890,474 888,494 2797,510 2801,481 2799,443 890,441 890,474"/>
        <Baseline points="890,474 2801,481"/>
        <TextEquiv conf="0.9868787991446119">
          <Unicode>(in eorum dioecesibus constitutis) mandat curent, ut fratres Cistercienses a solvendis</Unicode>
        </TextEquiv>
      </TextLine>
      <TextLine id="eSc_line_8489715e" custom="structure {type:default;}">
        <Coords points="890,527 888,547 2794,560 2799,536 2797,505 890,496 890,527"/>
        <Baseline points="890,527 2799,536"/>
        <TextEquiv conf="0.9962307443985572">
          <Unicode>decumis non solum novalium sed omnium laborum liberentur. Ex copia saec. XIII.</Unicode>
        </TextEquiv>
      </TextLine>
      <TextLine id="eSc_line_9ff749d9" custom="structure {type:default;}">
        <Coords points="890,585 888,602 2792,609 2797,591 2794,558 890,552 890,585"/>
        <Baseline points="890,585 2797,591"/>
        <TextEquiv conf="0.9884519101608367">
          <Unicode>in fol. 1. cod. 6 bibl. coen. Zwettlensis misit M. Tangl. — „Audivimus et audientes“</Unicode>
        </TextEquiv>
      </TextLine>
      <TextLine id="eSc_line_87cb0677" custom="structure {type:default;}">
        <Coords points="839,640 837,669 2792,675 2797,647 2794,613 839,600 839,640"/>
        <Baseline points="839,640 2797,647"/>
        <TextEquiv conf="0.9948184006354388">
          <Unicode>13194 a *Ecclesiae Paderbornensi, capitulo rogante, monasterium Helmershusense, sicut</Unicode>
        </TextEquiv>
      </TextLine>
      <TextLine id="eSc_line_90876f64" custom="structure {type:default;}">
        <Coords points="318,647 318,686 406,671 421,684 424,684 426,684 428,686 497,686 497,642 494,602 450,587 448,587 446,587 444,587 408,600 393,607 371,600 338,591 335,591 333,591 331,591 315,596 318,647"/>
        <Baseline points="318,647 497,642"/>
        <TextEquiv conf="0.99887033700943">
          <Unicode>„ 28.</Unicode>
        </TextEquiv>
      </TextLine>
      <TextLine id="eSc_line_0f36f8cb" custom="structure {type:default;}">
        <Coords points="609,655 609,684 711,675 711,655 711,620 638,605 636,605 634,605 631,605 609,618 609,655"/>
        <Baseline points="609,655 711,655"/>
        <TextEquiv conf="1.0">
          <Unicode>„</Unicode>
        </TextEquiv>
      </TextLine>
      <TextLine id="eSc_line_1103bc13" custom="structure {type:default;}">
        <Coords points="888,695 885,717 967,733 969,733 1732,722 1771,735 1774,735 1776,735 1946,724 1988,735 1990,735 1992,735 2171,724 2403,735 2406,735 2461,724 2507,735 2509,735 2512,735 2578,722 2580,700 2578,666 888,662 888,695"/>
        <Baseline points="888,695 2580,700"/>
        <TextEquiv conf="0.9997764397674883">
          <Unicode>canonice possideat, confirmat. Finke Westfal. Urkundenb. V. 47. n. 125.</Unicode>
        </TextEquiv>
      </TextLine>
      <TextLine id="eSc_line_78416619" custom="structure {type:default;}">
        <Coords points="806,790 806,810 967,810 967,786 963,742 890,728 888,728 804,744 806,790"/>
        <Baseline points="806,790 967,786"/>
        <TextEquiv conf="0.999997353553772">
          <Unicode>1179.</Unicode>
        </TextEquiv>
      </TextLine>
      <TextLine id="eSc_line_3c065b15" custom="structure {type:default;}">
        <Coords points="282,854 280,889 492,892 497,859 494,777 395,795 282,775 282,854"/>
        <Baseline points="282,854 497,859"/>
        <TextEquiv conf="0.970368005335331">
          <Unicode>Mart. 5.</Unicode>
        </TextEquiv>
      </TextLine>
      <TextLine id="eSc_line_ea3d83db" custom="structure {type:default;}">
        <Coords points="552,859 552,896 656,903 658,903 768,885 768,854 762,783 718,783 713,781 700,770 698,770 695,770 693,770 550,775 552,859"/>
        <Baseline points="552,859 768,854"/>
        <TextEquiv conf="0.9956213906407356">
          <Unicode>Laterani</Unicode>
        </TextEquiv>
      </TextLine>
      <TextLine id="eSc_line_c136d5af" custom="structure {type:default;}">
        <Coords points="837,863 837,887 2799,892 2801,863 2801,821 2662,810 2660,810 2657,810 2635,821 2624,825 2589,821 2534,812 2531,812 2529,812 2501,821 2481,825 2421,821 2293,810 2291,810 2224,821 2196,828 1643,828 1637,823 1615,812 1612,812 1610,812 1513,823 1484,825 1469,823 1409,810 1064,810 1062,810 1060,810 1014,823 1009,825 1005,823 978,810 976,810 974,810 837,823 837,863"/>
        <Baseline points="837,863 2801,863"/>
        <TextEquiv conf="0.9962412016145115">
          <Unicode>13317a Capitulo Carnotensi scribit, ne quis ecclesiae servos taillare praesumat. (Bulla</Unicode>
        </TextEquiv>
      </TextLine>
      <TextLine id="eSc_line_25aa4f67" custom="structure {type:default;}">
        <Coords points="890,912 888,934 2794,945 2799,918 2797,885 890,874 890,912"/>
        <Baseline points="890,912 2799,918"/>
        <TextEquiv conf="0.9940342482398538">
          <Unicode>fortasse ad a. 1166 — 79 redigenda, vide supra ep. 13176.) In bibl. Carnot. 2“ partie</Unicode>
        </TextEquiv>
      </TextLine>
      <TextLine id="eSc_line_bcd32707" custom="structure {type:default;}">
        <Coords points="888,969 885,989 1325,1004 1327,1004 1330,1004 1374,993 1376,993 1380,993 1533,1007 1535,1007 1670,995 1734,1007 1736,1009 1902,1009 1902,1007 1904,1007 1928,995 1931,995 1950,1007 1953,1007 2160,1009 2163,1009 2797,1000 2799,976 2797,945 888,938 888,969"/>
        <Baseline points="888,969 2799,976"/>
        <TextEquiv conf="0.9930440928877854">
          <Unicode>des mss. n. 34. fol. 63 intitulato: Registrum privilegiorum papalium eccl. Carnot.</Unicode>
        </TextEquiv>
      </TextLine>
      <TextLine id="eSc_line_8909faf0" custom="structure {type:default;}">
        <Coords points="890,1022 888,1040 916,1053 919,1053 921,1053 1016,1042 1031,1053 1034,1053 1036,1053 1038,1053 1040,1053 1087,1042 1250,1053 1252,1053 1254,1053 1281,1042 1290,1051 1290,1053 1292,1053 1294,1053 1500,1055 1502,1055 1504,1055 1551,1044 2039,1055 2041,1055 2043,1055 2085,1042 2087,1026 2085,995 890,984 890,1022"/>
        <Baseline points="890,1022 2087,1026"/>
        <TextEquiv conf="0.9985690212249756">
          <Unicode>Misit A. Clerval Carnotensis. — „Cum ecclesiarum“.</Unicode>
        </TextEquiv>
      </TextLine>
      <TextLine id="eSc_line_756c0dd5" custom="structure {type:default;}">
        <Coords points="402,1082 402,1121 494,1124 494,1077 490,1004 441,991 439,991 437,991 397,1000 402,1082"/>
        <Baseline points="402,1082 494,1077"/>
        <TextEquiv conf="0.998668889204661">
          <Unicode>19.</Unicode>
        </TextEquiv>
      </TextLine>
      <TextLine id="eSc_line_acc6b8c4" custom="structure {type:default;}">
        <Coords points="839,1082 839,1106 2799,1106 2799,1082 2799,1051 839,1040 839,1082"/>
        <Baseline points="839,1082 2799,1082"/>
        <TextEquiv conf="0.9993985135380815">
          <Unicode>13333a *Ecclesiae S. Mariae Hierosolymitanae subiicit ecclesiam S. Mariae Bethlee-</Unicode>
        </TextEquiv>
      </TextLine>
      <TextLine id="eSc_line_f5cf1315" custom="structure {type:default;}">
        <Coords points="598,1086 598,1119 709,1130 711,1086 711,1009 669,998 667,998 665,998 662,998 660,998 660,1000 627,1029 620,1037 598,1037 598,1086"/>
        <Baseline points="598,1086 711,1086"/>
        <TextEquiv conf="0.9999998807907104">
          <Unicode>(„)</Unicode>
        </TextEquiv>
      </TextLine>
      <TextLine id="eSc_line_c77c5254" custom="structure {type:default;}">
        <Coords points="888,1137 888,1159 2788,1168 2792,1137 2790,1108 888,1104 888,1137"/>
        <Baseline points="888,1137 2792,1137"/>
        <TextEquiv conf="0.9926265352650693">
          <Unicode>mitanam. (Notae temporis sunt corruptae; sed bullam ad hunc annum pertinere,</Unicode>
        </TextEquiv>
      </TextLine>
      <TextLine id="eSc_line_c04424df" custom="structure {type:default;}">
        <Coords points="888,1190 888,1227 1610,1219 1634,1232 1637,1232 1639,1232 2017,1234 2019,1234 2021,1234 2028,1232 2063,1221 2079,1232 2081,1234 2083,1234 2085,1234 2087,1236 2182,1236 2182,1234 2196,1232 2269,1221 2410,1234 2428,1234 2430,1234 2439,1234 2518,1221 2534,1232 2536,1232 2538,1232 2540,1232 2761,1223 2792,1234 2799,1194 2797,1161 888,1159 888,1190"/>
        <Baseline points="888,1190 2799,1194"/>
        <TextEquiv conf="0.9938883249248777">
          <Unicode>probant et ind. XII et incarn. anni 1178; pro „pont. a. 18“ corrigatur igitur „pont.</Unicode>
        </TextEquiv>
      </TextLine>
      <TextLine id="eSc_line_82648893" custom="structure {type:default;}">
        <Coords points="885,1249 885,1278 1646,1278 1646,1249 1646,1216 1610,1205 1608,1205 1606,1205 1312,1216 1252,1205 1250,1205 1248,1205 1246,1205 1232,1216 1219,1205 1217,1205 1215,1205 1212,1205 1210,1205 1179,1216 1126,1205 1124,1205 1075,1216 1064,1207 1064,1205 1062,1205 1060,1205 969,1205 967,1205 885,1216 885,1249"/>
        <Baseline points="885,1249 1646,1249"/>
        <TextEquiv conf="0.9997750087217852">
          <Unicode>a. 20“.) Pirri Sic. sacr. I. 584.</Unicode>
        </TextEquiv>
      </TextLine>
      <TextLine id="eSc_line_e26c13d3" custom="structure {type:default;}">
        <Coords points="806,1340 806,1369 972,1369 972,1333 967,1285 850,1263 848,1263 846,1263 802,1283 806,1340"/>
        <Baseline points="806,1340 972,1333"/>
        <TextEquiv conf="0.999998927116394">
          <Unicode>1180.</Unicode>
        </TextEquiv>
      </TextLine>
      <TextLine id="eSc_line_ae50f272" custom="structure {type:default;}">
        <Coords points="561,1406 561,1446 753,1446 753,1406 751,1333 631,1344 561,1329 561,1406"/>
        <Baseline points="561,1406 753,1406"/>
        <TextEquiv conf="0.8569803271028731">
          <Unicode>Vellieari</Unicode>
        </TextEquiv>
      </TextLine>
      <TextLine id="eSc_line_b0ee3a66" custom="structure {type:default;}">
        <Coords points="280,1408 280,1455 497,1446 497,1408 494,1325 371,1347 280,1329 280,1408"/>
        <Baseline points="280,1408 497,1408"/>
        <TextEquiv conf="0.9434455302026536">
          <Unicode>Mart. 28.</Unicode>
        </TextEquiv>
      </TextLine>
      <TextLine id="eSc_line_43580253" custom="structure {type:default;}">
        <Coords points="835,1408 835,1433 2794,1437 2797,1408 2797,1360 2766,1353 2763,1353 2761,1353 2748,1360 2721,1371 2657,1360 2633,1355 2631,1355 2629,1355 2620,1360 2591,1373 2253,1373 2218,1360 2196,1353 2193,1353 2191,1353 2189,1353 2174,1360 2151,1371 2074,1360 2063,1360 2061,1360 2032,1360 1858,1371 1840,1362 1824,1351 1822,1351 1820,1351 1818,1351 1816,1351 1785,1362 1754,1373 1663,1373 1630,1362 1597,1351 1595,1351 1471,1351 1469,1351 1467,1351 1442,1362 1420,1371 1349,1362 1261,1351 1259,1351 1133,1362 1129,1362 1124,1362 1062,1351 1060,1351 1058,1351 1031,1362 1011,1371 835,1364 835,1408"/>
        <Baseline points="835,1408 2797,1408"/>
        <TextEquiv conf="0.9950155996414553">
          <Unicode>13635 a Monasterii S. Martiani Dertonensis possessiones et iura confirmat. Bottaszi</Unicode>
        </TextEquiv>
      </TextLine>
      <TextLine id="eSc_line_32ebc6b9" custom="structure {type:default;}">
        <Coords points="883,1461 881,1481 910,1495 912,1495 914,1495 1330,1486 1360,1497 1363,1497 1365,1497 2792,1490 2794,1470 2794,1439 2770,1426 2768,1426 2571,1426 2569,1426 2567,1426 2538,1437 2523,1426 2520,1426 2518,1426 2516,1426 2399,1437 2392,1437 2388,1437 2315,1424 2313,1424 2222,1435 2180,1424 2178,1424 2176,1424 2174,1424 2127,1435 2112,1424 2109,1424 2107,1424 2105,1424 2103,1424 2068,1435 2065,1435 1747,1435 1738,1435 1712,1422 1710,1422 1707,1422 1433,1433 1398,1433 1387,1433 1310,1419 1307,1419 883,1428 883,1461"/>
        <Baseline points="883,1461 2794,1470"/>
        <TextEquiv conf="0.9983492692311605">
          <Unicode>Carte inedite dell Arch. capit. di Tortona p. 141, Bottazzi Monumenti dell&#x27; Arch.</Unicode>
        </TextEquiv>
      </TextLine>
      <TextLine id="eSc_line_4b1cafc4" custom="structure {type:default;}">
        <Coords points="885,1521 885,1548 2792,1554 2797,1517 2790,1488 883,1490 885,1521"/>
        <Baseline points="885,1521 2797,1517"/>
        <TextEquiv conf="0.9967365704476834">
          <Unicode>capit. di Tortona p. 40 teste Desimoni Regesti p. 71. n. 204. — „Piae postulatio</Unicode>
        </TextEquiv>
      </TextLine>
      <TextLine id="eSc_line_9a7a7a88" custom="structure {type:default;}">
        <Coords points="885,1576 885,1590 1049,1605 1051,1605 1153,1583 1153,1570 1146,1541 883,1543 885,1576"/>
        <Baseline points="885,1576 1153,1570"/>
        <TextEquiv conf="0.9837177048126856">
          <Unicode>voluntatis“.</Unicode>
        </TextEquiv>
      </TextLine>
      <TextLine id="eSc_line_5e5e355d" custom="structure {type:default;}">
        <Coords points="280,1627 280,1676 384,1665 488,1671 490,1627 490,1565 459,1554 457,1554 455,1554 452,1554 417,1563 404,1565 280,1556 280,1627"/>
        <Baseline points="280,1627 490,1627"/>
        <TextEquiv conf="0.9754304438829422">
          <Unicode>Mai. 10.</Unicode>
        </TextEquiv>
      </TextLine>
      <TextLine id="eSc_line_2e89221f" custom="structure {type:default;}">
        <Coords points="594,1629 592,1654 625,1676 627,1676 629,1676 631,1676 704,1658 707,1636 707,1567 596,1550 594,1629"/>
        <Baseline points="594,1629 707,1636"/>
        <TextEquiv conf="0.9999998807907104">
          <Unicode>(„)</Unicode>
        </TextEquiv>
      </TextLine>
      <TextLine id="eSc_line_8f801f15" custom="structure {type:default;}">
        <Coords points="835,1631 835,1656 2794,1662 2797,1631 2792,1585 2761,1596 2724,1585 2717,1583 2715,1583 2713,1583 2677,1585 2531,1596 2474,1585 2456,1583 2454,1583 2410,1585 2286,1594 2242,1585 2233,1585 2231,1585 2229,1585 2227,1585 2204,1598 2068,1598 2050,1585 2045,1583 2043,1583 2041,1583 2039,1583 2037,1583 2028,1585 2001,1596 1968,1587 1955,1583 1953,1583 1950,1583 1928,1587 1877,1596 835,1590 835,1631"/>
        <Baseline points="835,1631 2797,1631"/>
        <TextEquiv conf="0.9846768702369139">
          <Unicode>13655a Walterum de Ridal, ob devotionem patris, b. m. Anskitilli (cf. supra 11193a)</Unicode>
        </TextEquiv>
      </TextLine>
      <TextLine id="eSc_line_aade75a7" custom="structure {type:default;}">
        <Coords points="883,1687 883,1707 2792,1709 2794,1687 2792,1656 883,1656 883,1687"/>
        <Baseline points="883,1687 2794,1687"/>
        <TextEquiv conf="0.9962511658668518">
          <Unicode>erga sedem apostolicam, tuendum suscipit eique possessiones quasdam confirmat.</Unicode>
        </TextEquiv>
      </TextLine>
      <TextLine id="eSc_line_1b4927a5" custom="structure {type:default;}">
        <Coords points="885,1740 885,1773 2792,1762 2792,1740 2790,1702 885,1709 885,1740"/>
        <Baseline points="885,1740 2792,1740"/>
        <TextEquiv conf="0.9915693495647017">
          <Unicode>(Quo loco bulla data sit, iam legi nequit; sed in tergo notatum est „A. dom. 1180“,</Unicode>
        </TextEquiv>
      </TextLine>
      <TextLine id="eSc_line_7584bd8c" custom="structure {type:default;}">
        <Coords points="885,1797 885,1819 2792,1824 2794,1797 2794,1766 885,1766 885,1797"/>
        <Baseline points="885,1797 2794,1797"/>
        <TextEquiv conf="0.9989755820660364">
          <Unicode>quibus verbis nisus eam huic anno inserui; aliter de nota dorsuali iudicat Bates in)</Unicode>
        </TextEquiv>
      </TextLine>
      <TextLine id="eSc_line_f75c1d11" custom="structure {type:default;}">
        <Coords points="885,1852 885,1881 2790,1885 2794,1846 2788,1817 883,1817 885,1852"/>
        <Baseline points="885,1852 2794,1846"/>
        <TextEquiv conf="0.9942619242729285">
          <Unicode>Archaeologia Aeliana 1887. p. 203, cf. ibid. p. 198. — „Sacrosancta Romana ec-</Unicode>
        </TextEquiv>
      </TextLine>
      <TextLine id="eSc_line_2d934dbf" custom="structure {type:default;}">
        <Coords points="881,1908 881,1919 941,1938 943,1938 945,1938 1058,1914 1058,1903 1051,1870 879,1872 881,1908"/>
        <Baseline points="881,1908 1058,1903"/>
        <TextEquiv conf="0.9583854749798775">
          <Unicode>clesia“.</Unicode>
        </TextEquiv>
      </TextLine>
      <TextLine id="eSc_line_614d2d54" custom="structure {type:default;}">
        <Coords points="534,1956 534,2016 631,2016 647,2027 658,2038 660,2038 662,2038 665,2040 700,2040 700,2038 702,2038 704,2038 704,2036 709,2033 722,2020 768,2038 773,1956 771,1861 629,1872 534,1852 534,1956"/>
        <Baseline points="534,1956 773,1956"/>
        <TextEquiv conf="0.9345192511876425">
          <Unicode>Fan</Unicode>
        </TextEquiv>
      </TextLine>
      <TextLine id="eSc_line_ca993bd5" custom="structure {type:default;}">
        <Coords points="832,1958 830,1983 2792,1987 2797,1963 2788,1914 2768,1925 2291,1914 2277,1914 2275,1914 2273,1914 2242,1927 1966,1927 1904,1914 1902,1914 1816,1925 1765,1912 1760,1912 1758,1912 1756,1912 1754,1912 1749,1912 1714,1923 1683,1912 1681,1912 1679,1912 1676,1912 1641,1912 1365,1923 1290,1912 1285,1912 1283,1912 1281,1912 1248,1923 1148,1912 1144,1912 1142,1912 1140,1912 1095,1923 1071,1912 1069,1912 1067,1912 1064,1912 1062,1912 1045,1925 925,1925 832,1912 832,1958"/>
        <Baseline points="832,1958 2797,1963"/>
        <TextEquiv conf="0.991051057081544">
          <Unicode>13685a Archiepiscopis, episcopis, abbatibus et aliis ecclesiarum praelatis mandat, curent</Unicode>
        </TextEquiv>
      </TextLine>
      <TextLine id="eSc_line_4d1b3640" custom="structure {type:default;}">
        <Coords points="271,1961 271,2002 494,2014 497,1956 488,1877 446,1899 393,1899 380,1885 380,1883 377,1883 375,1883 373,1883 329,1890 269,1877 271,1961"/>
        <Baseline points="271,1961 497,1956"/>
        <TextEquiv conf="0.9319494441151619">
          <Unicode>dut. 15.</Unicode>
        </TextEquiv>
      </TextLine>
      <TextLine id="eSc_line_23d8b233" custom="structure {type:default;}">
        <Coords points="883,2020 883,2044 2794,2038 2797,2014 2792,1983 1011,1978 1009,1978 881,1989 883,2020"/>
        <Baseline points="883,2020 2797,2014"/>
        <TextEquiv conf="0.9930395052350801">
          <Unicode>ne a fratribus militiae templi decimae „de novalibus vel de aliis terris, quas propriis</Unicode>
        </TextEquiv>
      </TextLine>
      <TextLine id="eSc_line_ea70d4fd" custom="structure {type:default;}">
        <Coords points="883,2073 883,2095 1330,2106 1332,2106 1407,2097 1438,2095 1449,2097 1471,2106 1473,2106 1475,2106 1672,2100 1840,2093 1851,2100 1855,2104 1858,2104 1860,2104 1862,2106 2081,2106 2081,2104 2083,2104 2092,2100 2107,2093 2242,2102 2269,2102 2271,2102 2284,2102 2366,2091 2613,2102 2624,2102 2626,2102 2629,2102 2649,2091 2662,2102 2664,2102 2666,2102 2668,2104 2792,2104 2794,2067 2788,2031 881,2036 883,2073"/>
        <Baseline points="883,2073 2794,2067"/>
        <TextEquiv conf="0.9951433330774307">
          <Unicode>manibus vel sumptibus excolant, sive de nutrimentis animalium“ exigantur, ut vel</Unicode>
        </TextEquiv>
      </TextLine>
      <TextLine id="eSc_line_ebc5007b" custom="structure {type:default;}">
        <Coords points="883,2126 883,2161 2794,2161 2794,2126 2794,2097 883,2097 883,2126"/>
        <Baseline points="883,2126 2794,2126"/>
        <TextEquiv conf="0.9880472730441265">
          <Unicode>post concilium Lateranense factum sit. Transgressores, si clerici sint, suspendant,</Unicode>
        </TextEquiv>
      </TextLine>
      <TextLine id="eSc_line_25e6b8df" custom="structure {type:default;}">
        <Coords points="885,2186 888,2228 923,2212 1140,2212 1168,2223 1170,2223 1173,2223 1235,2212 1482,2212 1506,2223 1509,2223 1511,2223 1513,2223 1546,2212 1754,2226 1756,2226 1758,2226 1760,2226 1891,2210 1919,2223 1922,2223 1924,2226 2198,2226 2198,2223 2200,2223 2202,2223 2222,2210 2470,2223 2472,2223 2558,2210 2790,2223 2794,2181 2788,2150 883,2153 885,2186"/>
        <Baseline points="885,2186 2794,2181"/>
        <TextEquiv conf="0.9921778430079304">
          <Unicode>si laici, excommunicent, donec satisfecerint. Ferreira Mer. dos Templarios I. II. 789.</Unicode>
        </TextEquiv>
      </TextLine>
      <TextLine id="eSc_line_73fb65c3" custom="structure {type:default;}">
        <Coords points="885,2239 885,2267 947,2267 950,2267 969,2281 972,2281 974,2281 976,2281 1029,2270 1038,2267 1100,2267 1102,2270 1113,2279 1113,2281 1115,2281 1117,2281 1120,2283 1259,2283 1259,2281 1261,2281 1279,2272 1285,2270 1312,2274 1365,2281 1367,2281 1369,2281 1391,2274 1416,2267 1438,2276 1453,2281 1455,2281 1458,2281 1573,2276 1573,2239 1573,2210 885,2210 885,2239"/>
        <Baseline points="885,2239 1573,2239"/>
        <TextEquiv conf="0.9822467455157528">
          <Unicode>— „Audivimus et audientes“.</Unicode>
        </TextEquiv>
      </TextLine>
      <TextLine id="eSc_line_c91741f4" custom="structure {type:default;}">
        <Coords points="802,2332 802,2351 963,2362 965,2362 1049,2345 1049,2325 1045,2274 897,2267 894,2267 799,2283 802,2332"/>
        <Baseline points="802,2332 1049,2325"/>
        <TextEquiv conf="0.9999430403113365">
          <Unicode>c. 1180.</Unicode>
        </TextEquiv>
      </TextLine>
      <TextLine id="eSc_line_fa595d30" custom="structure {type:default;}">
        <Coords points="832,2402 832,2426 2794,2422 2797,2398 2792,2360 2735,2349 2733,2349 2730,2349 2710,2358 2706,2362 2534,2362 2529,2358 2516,2349 2514,2349 2512,2349 2509,2349 2507,2349 2505,2349 2492,2358 2487,2362 2010,2362 1988,2356 1933,2345 1831,2345 1829,2345 1827,2345 1824,2345 1807,2356 1796,2362 1785,2356 1771,2349 1769,2349 1767,2349 1734,2356 1710,2360 1690,2356 1659,2347 1657,2347 1654,2347 1652,2347 1632,2356 1623,2358 1584,2356 1491,2347 1489,2347 1486,2347 1471,2356 1455,2362 1429,2354 1405,2347 1402,2347 1400,2347 1398,2347 1369,2354 1354,2358 1341,2354 1319,2347 1316,2347 1314,2347 830,2351 832,2402"/>
        <Baseline points="832,2402 2797,2398"/>
        <TextEquiv conf="0.9936627395012799">
          <Unicode>13723a Monasterii S. Hippoliti in Austria tutelam suscipit, possessionesque et privi-</Unicode>
        </TextEquiv>
      </TextLine>
      <TextLine id="eSc_line_4bf66788" custom="structure {type:default;}">
        <Coords points="885,2455 883,2475 925,2488 927,2488 930,2488 2790,2484 2792,2460 2790,2426 885,2422 885,2455"/>
        <Baseline points="885,2455 2792,2460"/>
        <TextEquiv conf="0.9958410199199405">
          <Unicode>legia confirmat, petente Cunone praeposito. Duellius Excerpta genealogico-historica,</Unicode>
        </TextEquiv>
      </TextLine>
      <TextLine id="eSc_line_7c0a57c4" custom="structure {type:default;}">
        <Coords points="883,2515 883,2537 2792,2535 2794,2508 2790,2479 881,2477 883,2515"/>
        <Baseline points="883,2515 2794,2508"/>
        <TextEquiv conf="0.9986699043135894">
          <Unicode>Lipsiae 1725, p. 30. (Bulla etiam exstat apud Maderna Historia Canoniae San-</Unicode>
        </TextEquiv>
      </TextLine>
      <TextLine id="eSc_line_6e116b47" custom="structure {type:default;}">
        <Coords points="883,2568 883,2590 2788,2597 2790,2568 2788,2528 883,2532 883,2568"/>
        <Baseline points="883,2568 2790,2568"/>
        <TextEquiv conf="0.9988220414997618">
          <Unicode>hippolit. II. 58, meliusque ap. Lampel und Filgel Urkundenb. v. St.-Pölten I. 18,</Unicode>
        </TextEquiv>
      </TextLine>
      <TextLine id="eSc_line_b7b99b58" custom="structure {type:default;}">
        <Coords points="883,2623 883,2647 2229,2654 2231,2623 2231,2592 883,2592 883,2623"/>
        <Baseline points="883,2623 2231,2623"/>
        <TextEquiv conf="0.9954116062114113">
          <Unicode>ut nobis scribit vir ill. Lampel. — „Desiderium quod ad“.</Unicode>
        </TextEquiv>
      </TextLine>
      <TextLine id="eSc_line_0e00ecca" custom="structure {type:default;}">
        <Coords points="802,2718 802,2747 1131,2744 1133,2714 1131,2667 1060,2645 1058,2645 1056,2645 996,2658 947,2669 897,2652 881,2647 879,2647 799,2647 802,2718"/>
        <Baseline points="802,2718 1133,2714"/>
        <TextEquiv conf="0.9543083727359771">
          <Unicode>1171—1181.</Unicode>
        </TextEquiv>
      </TextLine>
      <TextLine id="eSc_line_4f3b03a1" custom="structure {type:default;}">
        <Coords points="273,2780 271,2804 289,2815 291,2815 293,2815 296,2815 355,2806 382,2804 488,2817 492,2784 490,2740 298,2725 296,2725 293,2725 273,2731 273,2780"/>
        <Baseline points="273,2780 492,2784"/>
        <TextEquiv conf="0.9978637769818306">
          <Unicode>lan. 12.</Unicode>
        </TextEquiv>
      </TextLine>
      <TextLine id="eSc_line_1bcbf12d" custom="structure {type:default;}">
        <Coords points="532,2782 532,2826 773,2811 773,2782 771,2733 532,2733 532,2782"/>
        <Baseline points="532,2782 773,2782"/>
        <TextEquiv conf="0.9999997350904677">
          <Unicode>Tusculani</Unicode>
        </TextEquiv>
      </TextLine>
      <TextLine id="eSc_line_b3ef0693" custom="structure {type:default;}">
        <Coords points="830,2789 830,2811 2794,2804 2794,2782 2788,2738 828,2742 830,2789"/>
        <Baseline points="830,2789 2794,2782"/>
        <TextEquiv conf="0.9942252418574165">
          <Unicode>14244a *Fratribus S. Bertini Sithiensibus praecipit, ut ad servitium in ecclesia Bur-</Unicode>
        </TextEquiv>
      </TextLine>
      <TextLine id="eSc_line_e69ec2cc" custom="structure {type:default;}">
        <Coords points="883,2842 883,2868 1325,2868 1343,2870 1378,2879 1380,2879 1721,2873 2116,2866 2182,2875 2200,2877 2202,2877 2224,2875 2317,2866 2346,2877 2350,2877 2353,2877 2355,2879 2790,2879 2792,2837 2786,2802 881,2809 883,2842"/>
        <Baseline points="883,2842 2792,2837"/>
        <TextEquiv conf="0.9957137198387822">
          <Unicode>burgensi duos presbyteros reservent. Haigneré Les chartes de St.-Bertin I. 139.</Unicode>
        </TextEquiv>
      </TextLine>
      <TextLine id="eSc_line_fb00f7a9" custom="structure {type:default;}">
        <Coords points="883,2895 883,2945 921,2932 996,2943 1014,2945 1016,2945 1018,2945 1025,2943 1056,2928 1115,2928 1140,2941 1159,2950 1162,2950 1164,2950 1327,2941 1360,2952 1363,2952 1365,2952 1367,2952 1369,2952 1369,2950 1385,2937 1471,2952 1473,2952 1475,2952 1535,2932 1542,2930 1548,2932 1573,2941 1575,2941 1577,2941 1681,2928 1683,2899 1681,2866 883,2859 883,2895"/>
        <Baseline points="883,2895 1683,2899"/>
        <TextEquiv conf="0.99876275844872">
          <Unicode>n. 313. — „Relatum est auribus“.</Unicode>
        </TextEquiv>
      </TextLine>
      <TextLine id="eSc_line_3a7e56c9" custom="structure {type:default;}">
        <Coords points="1356,3204 1356,3228 1385,3244 1387,3244 1389,3246 1634,3246 1634,3244 1637,3244 1683,3228 1725,3241 1727,3241 1729,3241 1855,3226 1950,3241 1953,3241 1955,3241 1957,3241 1972,3228 2012,3237 2014,3237 2017,3237 2019,3237 2019,3235 2032,3224 2037,3224 2216,3239 2218,3239 2220,3239 2255,3221 2255,3197 2249,3142 2202,3142 2191,3140 2127,3118 2125,3118 2123,3118 2121,3118 2118,3118 2103,3131 2056,3124 2054,3124 2052,3124 2050,3124 2050,3127 2039,3135 2034,3140 2008,3135 1926,3120 1924,3120 1922,3120 1893,3133 1866,3146 1782,3146 1752,3129 1732,3118 1729,3118 1727,3118 1725,3118 1703,3127 1683,3135 1643,3127 1615,3120 1612,3120 1513,3122 1511,3122 1509,3122 1497,3131 1484,3122 1482,3122 1480,3122 1478,3122 1473,3122 1422,3131 1354,3120 1356,3204"/>
        <Baseline points="1356,3204 2255,3197"/>
        <TextEquiv conf="0.9915146413056747">
          <Unicode>L.CCIUS III. 1181—1185.</Unicode>
        </TextEquiv>
      </TextLine>
      <TextLine id="eSc_line_b82486c7" custom="structure {type:default;}">
        <Coords points="799,3263 799,3286 956,3292 958,3259 956,3204 903,3188 901,3188 899,3188 797,3199 799,3263"/>
        <Baseline points="799,3263 958,3259"/>
        <TextEquiv conf="0.9999983310699463">
          <Unicode>1181.</Unicode>
        </TextEquiv>
      </TextLine>
      <TextLine id="eSc_line_368368b3" custom="structure {type:default;}">
        <Coords points="271,3361 457,3365 459,3365 461,3365 463,3365 463,3363 477,3352 521,3352 775,3367 779,3332 779,3281 755,3268 753,3268 751,3268 748,3268 563,3277 466,3281 457,3272 450,3268 450,3266 448,3266 446,3266 444,3266 441,3266 439,3266 433,3272 415,3283 326,3283 276,3266 273,3327 271,3361"/>
        <Baseline points="273,3327 779,3332"/>
        <TextEquiv conf="0.9738599922921922">
          <Unicode>Nov. 25. Romae ap.</Unicode>
        </TextEquiv>
      </TextLine>
      <TextLine id="eSc_line_36fda741" custom="structure {type:default;}">
        <Coords points="828,3336 828,3358 2794,3350 2794,3327 2788,3272 2697,3286 2498,3274 2436,3272 2434,3272 2432,3272 2425,3277 2403,3288 2244,3290 1860,3290 1849,3283 1829,3274 1827,3274 1824,3274 1738,3283 1685,3290 1617,3286 1480,3277 1478,3277 1347,3290 1312,3292 1303,3290 1270,3279 1268,3279 883,3279 881,3279 879,3279 826,3294 828,3336"/>
        <Baseline points="828,3336 2794,3327"/>
        <TextEquiv conf="0.9933240988168371">
          <Unicode>14521 a (Desiderio) episcopo Morinensi scribit de Huchaldo milite, qui terram quan-</Unicode>
        </TextEquiv>
      </TextLine>
      <TextLine id="eSc_line_24f65721" custom="structure {type:default;}">
        <Coords points="523,3387 523,3447 607,3464 609,3464 773,3442 773,3383 768,3352 541,3341 539,3341 536,3341 534,3341 521,3347 523,3387"/>
        <Baseline points="523,3387 773,3383"/>
        <TextEquiv conf="0.9859366085794237">
          <Unicode>S. Petrum</Unicode>
        </TextEquiv>
      </TextLine>
      <TextLine id="eSc_line_7234df1c" custom="structure {type:default;}">
        <Coords points="881,3389 881,3414 2790,3409 2792,3380 2786,3350 879,3356 881,3389"/>
        <Baseline points="881,3389 2792,3380"/>
        <TextEquiv conf="0.9959812454688244">
          <Unicode>dam ab matre sua Ele capellae monasterii S. Bertini Sithiensis donatam auferre</Unicode>
        </TextEquiv>
      </TextLine>
      <TextLine id="eSc_line_02094ed7" custom="structure {type:default;}">
        <Coords points="881,3442 881,3542 1095,3542 1095,3539 1098,3539 1115,3535 1173,3520 1219,3533 1246,3539 1248,3539 1250,3539 1307,3531 1345,3524 1354,3528 1369,3539 1372,3539 1374,3539 1376,3542 1455,3542 1455,3539 1517,3524 1577,3511 1604,3524 1628,3535 1630,3535 1791,3537 1794,3537 1796,3537 1798,3537 1831,3517 1880,3537 1882,3537 1884,3537 1886,3537 1926,3515 1939,3509 1950,3515 1988,3533 1990,3533 2087,3537 2090,3537 2092,3537 2143,3511 2165,3498 2297,3506 2313,3506 2315,3506 2792,3493 2792,3436 2786,3400 879,3403 881,3442"/>
        <Baseline points="881,3442 2792,3436"/>
        <TextEquiv conf="0.9075862153580314">
          <Unicode>epactut. Fregm. ap. Haggners Les cbartes de St Peren L. 162. — „dmectas alu-</Unicode>
        </TextEquiv>
      </TextLine>
      <TextLine id="eSc_line_e1ed76be" custom="structure {type:default;}">
        <Coords points="881,3498 881,3557 930,3557 941,3562 985,3579 987,3579 989,3579 1069,3570 1069,3498 1069,3469 881,3469 881,3498"/>
        <Baseline points="881,3498 1069,3498"/>
        <TextEquiv conf="0.9698016941547394">
          <Unicode>Hoster“.</Unicode>
        </TextEquiv>
      </TextLine>
    </TextRegion>
    <TextRegion id="eSc_textblock_f6e2469a"  custom="structure {type:default;}">
      <Coords points="1195,150 1886,150 1913,227 1851,253 1226,253 1164,227 1164,167 1195,150"/>
      <TextLine id="eSc_line_1b45f45c" custom="structure {type:default;}">
        <Coords points="1875,152 1829,165 1758,154 1747,152 1745,152 1732,154 1681,163 1672,154 1670,154 1670,152 1668,152 1665,152 1592,152 1590,152 1588,152 1586,152 1581,156 1564,165 1493,156 1462,154 1460,154 1184,161 1184,212 1182,234 1880,247 1884,216 1877,152 1875,152"/>
        <Baseline points="1184,212 1884,216"/>
        <TextEquiv conf="0.9997885997096697">
          <Unicode>Supplementum regestorum.</Unicode>
        </TextEquiv>
      </TextLine>
    </TextRegion>
  </Page>
</PcGts>
