<?xml version="1.0" encoding="UTF-8"  standalone="yes"?>
<PcGts xmlns="http://schema.primaresearch.org/PAGE/gts/pagecontent/2019-07-15" xmlns:xsi="http://www.w3.org/2001/XMLSchema-instance" xsi:schemaLocation="http://schema.primaresearch.org/PAGE/gts/pagecontent/2019-07-15 http://schema.primaresearch.org/PAGE/gts/pagecontent/2019-07-15/pagecontent.xsd">
  <Metadata externalRef="pdf//regestapontificu01cath.pdf">
	<Creator>escriptorium</Creator>
	<Created>2026-02-12T11:26:57.693154+00:00</Created>
        <LastChange>2026-02-13T10:28:58.361573+00:00</LastChange>
  </Metadata>
  <Page imageFilename="regestapontificu01cath.pdf_page_170.png" imageWidth="2353" imageHeight="3055">
    <TextRegion id="eSc_textblock_a79a4546"  custom="structure {type:default;}">
      <Coords points="288,128 385,135 392,188 285,215 264,156 288,128"/>
      <TextLine id="eSc_line_20b503f9" custom="structure {type:default;}">
        <Coords points="368,134 351,132 334,132 283,132 286,178 292,276 381,276 376,173 373,134 368,134"/>
        <Baseline points="286,178 376,173"/>
        <TextEquiv conf="0.8770976463953654">
          <Unicode>1„„</Unicode>
        </TextEquiv>
      </TextLine>
    </TextRegion>
    <TextRegion id="eSc_textblock_557be519"  custom="structure {type:default;}">
      <Coords points="2161,230 2230,230 2257,271 2230,2707 706,2720 685,2340 706,821 665,251 2161,230"/>
      <TextLine id="eSc_line_7d603230" custom="structure {type:default;}">
        <Coords points="1018,246 1003,246 1001,246 999,246 977,256 974,257 850,256 848,254 842,247 831,247 814,247 797,247 780,249 763,249 746,249 741,249 696,249 697,291 697,310 1089,307 1089,288 1088,259 1055,246 1054,246 1035,246 1018,246"/>
        <Baseline points="697,291 1089,288"/>
        <TextEquiv conf="0.9705967642366886">
          <Unicode>558 Sept. — 560.</Unicode>
        </TextEquiv>
      </TextLine>
      <TextLine id="eSc_line_f984fa68" custom="structure {type:default;}">
        <Coords points="755,339 755,364 2210,364 2212,332 2208,297 2144,297 2113,281 2111,281 2110,281 2108,281 2086,291 2038,278 2037,278 2035,278 1920,285 1867,276 1865,276 1864,276 1821,297 1556,278 1555,278 1409,281 1407,281 1373,300 1314,300 1256,280 1254,280 1134,280 1132,280 1130,280 1069,300 784,293 782,293 780,293 753,302 755,339"/>
        <Baseline points="755,339 2212,332"/>
        <TextEquiv conf="0.9695410958573788">
          <Unicode>Fpp. 16I. Grariani deer. (. Vilt. op. 2. c. 1. Manai IN. soz. Mianr r2 „ 14S. —</Unicode>
        </TextEquiv>
      </TextLine>
      <TextLine id="eSc_line_582d1d90" custom="structure {type:default;}">
        <Coords points="753,383 753,402 1257,398 1259,378 1254,353 752,356 753,383"/>
        <Baseline points="753,383 1259,378"/>
        <TextEquiv conf="0.9973909382162423">
          <Unicode>(„(um hic“) „TTalia quidlem-.</Unicode>
        </TextEquiv>
      </TextLine>
      <TextLine id="eSc_line_54496bd8" custom="structure {type:default;}">
        <Coords points="714,420 714,449 2223,441 2223,420 2223,386 2049,381 2047,381 2045,381 2035,386 2025,392 1994,386 1959,381 1762,381 1760,381 1621,388 1551,392 1526,388 1466,381 1465,381 1463,381 1434,390 1424,392 1397,390 1310,381 1308,381 1259,390 1247,393 782,393 782,392 750,383 748,383 746,383 745,383 714,392 714,420"/>
        <Baseline points="714,420 2223,420"/>
        <TextEquiv conf="0.9744128402364388">
          <Unicode>923 (679) lohianni patricio (ralamartaria) scribit de arrogantia Venetiae er Istriae. ec-</Unicode>
        </TextEquiv>
      </TextLine>
      <TextLine id="eSc_line_544b9249" custom="structure {type:default;}">
        <Coords points="755,466 755,485 2218,490 2222,461 2218,441 1244,434 1242,434 1241,434 1239,434 1224,442 765,436 763,436 762,436 760,436 753,441 755,466"/>
        <Baseline points="755,466 2222,461"/>
        <TextEquiv conf="0.9868761026859283">
          <Unicode>(lexiae. Illam non modo grneralem ecrlexiam sed ner generalis quidem partem</Unicode>
        </TextEquiv>
      </TextLine>
      <TextLine id="eSc_line_1e914cb6" custom="structure {type:default;}">
        <Coords points="757,509 757,534 2220,527 2222,500 2217,476 755,478 757,509"/>
        <Baseline points="757,509 2222,500"/>
        <TextEquiv conf="0.9811426353307418">
          <Unicode>I„sse nominari. „nisi cum fundamento apostoliearum adunata sedium a pracrissionis</Unicode>
        </TextEquiv>
      </TextLine>
      <TextLine id="eSc_line_48d86643" custom="structure {type:default;}">
        <Coords points="753,548 753,565 1439,573 1441,573 1485,563 1492,563 1499,563 1548,571 1549,571 1787,563 1801,563 1804,563 1872,571 1874,571 1955,563 1957,563 2055,571 2057,571 2059,571 2081,563 2133,571 2135,571 2137,571 2167,563 2195,571 2196,571 2198,571 2200,571 2222,561 2222,544 2217,517 752,522 753,548"/>
        <Baseline points="753,548 2222,544"/>
        <TextEquiv conf="0.9943880498409271">
          <Unicode>suae ariditate liberata in Christi membris coeperit numerari“. Quid autem iam de</Unicode>
        </TextEquiv>
      </TextLine>
      <TextLine id="eSc_line_0337e426" custom="structure {type:default;}">
        <Coords points="753,592 753,617 2220,612 2222,588 2217,566 752,566 753,592"/>
        <Baseline points="753,592 2222,588"/>
        <TextEquiv conf="0.9996657646619357">
          <Unicode>eorum principe (Paulino Aquileiensi) dicendum esse, „qui et monachum, si tamen</Unicode>
        </TextEquiv>
      </TextLine>
      <TextLine id="eSc_line_fcd1ffd8" custom="structure {type:default;}">
        <Coords points="755,634 755,653 2220,651 2222,631 2218,605 753,605 755,634"/>
        <Baseline points="755,634 2222,631"/>
        <TextEquiv conf="0.9980640791356563">
          <Unicode>aliquando fuit, invadendi episcopatum ambitu perdidit, et episcopatum nec contra</Unicode>
        </TextEquiv>
      </TextLine>
      <TextLine id="eSc_line_d66240b4" custom="structure {type:default;}">
        <Coords points="753,677 753,694 1193,702 1195,702 1359,700 1361,700 1378,694 1383,692 1392,694 1419,700 1420,700 1422,700 1538,694 1575,692 1582,694 1604,700 1606,700 1607,700 1685,694 1709,692 2218,692 2222,672 2217,643 752,651 753,677"/>
        <Baseline points="753,677 2222,672"/>
        <TextEquiv conf="0.9974424434296879">
          <Unicode>morem factus nec schismaticus potuit optinere“? Istum insuper non consecratum sed</Unicode>
        </TextEquiv>
      </TextLine>
      <TextLine id="eSc_line_8031d534" custom="structure {type:default;}">
        <Coords points="753,717 753,745 2220,741 2222,711 2217,689 752,694 753,717"/>
        <Baseline points="753,717 2222,711"/>
        <TextEquiv conf="0.9998824173627898">
          <Unicode>exsecratum esse, quod ordinatio eius et a schismatico episcopo (Mediolanensi) nec ser-</Unicode>
        </TextEquiv>
      </TextLine>
      <TextLine id="eSc_line_5e204291" custom="structure {type:default;}">
        <Coords points="758,758 758,779 2218,779 2220,762 2218,734 758,731 758,758"/>
        <Baseline points="758,758 2220,762"/>
        <TextEquiv conf="0.9984692026587093">
          <Unicode>vato utriusque ecclesiae more, peracta sit. (Fragmenta). Coll. Brit. Pelagii Epp. 11,</Unicode>
        </TextEquiv>
      </TextLine>
      <TextLine id="eSc_line_e3c6197e" custom="structure {type:default;}">
        <Coords points="753,802 753,818 2220,819 2222,802 2222,779 2167,768 2166,768 2164,768 2133,777 2132,777 2115,777 1841,768 1840,768 1838,768 1821,775 1818,777 1813,775 1799,768 1797,768 1796,768 1743,775 1721,777 1711,773 1694,768 1692,768 1690,768 1617,773 1568,777 1558,773 1544,768 1543,768 1541,768 1473,772 1405,777 1378,772 1358,768 1356,768 1354,768 1353,768 1349,772 1339,779 1032,779 986,768 977,768 976,768 974,768 972,768 952,777 877,768 870,768 869,768 867,768 865,768 835,777 753,768 753,802"/>
        <Baseline points="753,802 2222,802"/>
        <TextEquiv conf="0.9818232541992551">
          <Unicode>(Deusdedit Coll. canon. L. I. c. 142, 144. (Gratiani decr. C. XXIV. qu. 1. c. 33.)„,</Unicode>
        </TextEquiv>
      </TextLine>
      <TextLine id="eSc_line_fe70148f" custom="structure {type:default;}">
        <Coords points="755,845 755,867 1052,867 1067,867 1152,877 1154,877 1329,867 1387,865 1417,867 1490,875 1492,875 1770,874 1772,874 1787,867 1799,863 1818,867 1841,874 1843,874 1845,874 1879,867 1904,863 1972,863 1981,867 1989,874 1991,874 1993,874 1994,874 2218,867 2220,840 2215,812 753,819 755,845"/>
        <Baseline points="755,845 2220,840"/>
        <TextEquiv conf="0.9947378466258178">
          <Unicode>Mansi IX. 730, Migwe 69 p. 411, Rubeis Mon. Aquil. p. 206). — „Peto utrum“</Unicode>
        </TextEquiv>
      </TextLine>
      <TextLine id="eSc_line_1b75baea" custom="structure {type:default;}">
        <Coords points="752,887 752,908 1111,908 1113,884 1108,857 750,857 752,887"/>
        <Baseline points="752,887 1113,884"/>
        <TextEquiv conf="0.9985328174772716">
          <Unicode>(„P&#x27;udenda. ita ut“).</Unicode>
        </TextEquiv>
      </TextLine>
      <TextLine id="eSc_line_a62354de" custom="structure {type:default;}">
        <Coords points="714,924 713,947 743,957 745,957 746,957 2222,953 2223,928 2220,899 2033,902 2018,897 2006,892 2004,892 2003,892 2001,892 1991,897 1976,902 1896,896 1864,894 1862,894 1814,896 1658,902 1643,894 1634,891 1633,891 1631,891 1556,894 1476,897 1449,892 1422,889 1420,889 1419,889 1410,892 1395,901 1376,892 1366,889 1364,889 1247,889 1246,889 1244,889 1235,892 1207,901 1137,891 1117,889 1115,889 1113,889 1110,891 1089,902 767,902 714,889 714,924"/>
        <Baseline points="714,924 2223,928"/>
        <TextEquiv conf="0.9980943676937057">
          <Unicode>984 (701) Creaconio illustri significat, episcopum Syracusanum „inter alia, quae in</Unicode>
        </TextEquiv>
      </TextLine>
      <TextLine id="eSc_line_b049a3a8" custom="structure {type:default;}">
        <Coords points="752,967 752,994 2220,994 2222,970 2220,945 752,945 752,967"/>
        <Baseline points="752,967 2222,970"/>
        <TextEquiv conf="0.9935890095574516">
          <Unicode>cautionum suarum pagina spoponderit, hoc etiam specialiter . . . promisisse, nunquam</Unicode>
        </TextEquiv>
      </TextLine>
      <TextLine id="eSc_line_c482a453" custom="structure {type:default;}">
        <Coords points="753,1014 753,1033 2222,1030 2223,1009 2220,986 752,984 753,1014"/>
        <Baseline points="753,1014 2223,1009"/>
        <TextEquiv conf="0.9907075862089793">
          <Unicode>se a quolibet suae dioecesis presbytero ultra duos solidos cathedratici nomine peti-</Unicode>
        </TextEquiv>
      </TextLine>
      <TextLine id="eSc_line_6d022f76" custom="structure {type:default;}">
        <Coords points="753,1057 753,1076 1449,1084 1451,1084 1617,1074 1639,1074 1695,1074 2167,1082 2169,1082 2217,1072 2218,1053 2213,1026 752,1033 753,1057"/>
        <Baseline points="753,1057 2218,1053"/>
        <TextEquiv conf="0.9989023833740048">
          <Unicode>turum, nec per quamlibet aliam occasionem quicquam in se dispendio esse gesturum“.</Unicode>
        </TextEquiv>
      </TextLine>
      <TextLine id="eSc_line_e42dc86b" custom="structure {type:default;}">
        <Coords points="753,1096 753,1121 2218,1121 2220,1093 2217,1072 752,1069 753,1096"/>
        <Baseline points="753,1096 2220,1093"/>
        <TextEquiv conf="0.9956353917533969">
          <Unicode>Mandat, ut id „de omnium episcoporum Siciliae personis custodire non desinat, nec</Unicode>
        </TextEquiv>
      </TextLine>
      <TextLine id="eSc_line_03aa4a58" custom="structure {type:default;}">
        <Coords points="755,1138 755,1159 2223,1155 2223,1138 2222,1108 755,1109 755,1138"/>
        <Baseline points="755,1138 2223,1138"/>
        <TextEquiv conf="0.9973626725085369">
          <Unicode>ipsa quoque prandia enormia fieri“ patiatur. (Coll. Brit. Pelagii Epp. 12 cum</Unicode>
        </TextEquiv>
      </TextLine>
      <TextLine id="eSc_line_ee79ef24" custom="structure {type:default;}">
        <Coords points="753,1182 753,1201 1385,1213 1387,1213 1388,1213 1420,1201 1485,1213 1487,1213 1553,1199 1558,1199 1560,1199 1572,1208 1573,1208 1575,1208 1577,1208 1578,1208 1611,1199 1614,1199 1631,1211 1633,1211 1634,1211 1636,1211 1729,1199 1736,1199 1762,1199 2179,1211 2181,1211 2183,1211 2222,1198 2222,1179 2217,1152 752,1155 753,1182"/>
        <Baseline points="753,1182 2222,1179"/>
        <TextEquiv conf="0.9974569059625457">
          <Unicode>falsa inscriptione Gelasii). Gratiani decr. C. X. qu. 3. c. 10. — („Hoc etiam“)</Unicode>
        </TextEquiv>
      </TextLine>
      <TextLine id="eSc_line_2a9338f8" custom="structure {type:default;}">
        <Coords points="753,1227 753,1247 1100,1250 1101,1250 1103,1250 1145,1238 1145,1222 1140,1198 752,1198 753,1227"/>
        <Baseline points="753,1227 1145,1222"/>
        <TextEquiv conf="0.9659201190585182">
          <Unicode>„IIlud magnitudinem“.</Unicode>
        </TextEquiv>
      </TextLine>
      <TextLine id="eSc_line_1c0924f0" custom="structure {type:default;}">
        <Coords points="711,1271 711,1294 2220,1303 2223,1271 2222,1249 2157,1238 2156,1238 2154,1238 2152,1238 2140,1247 2139,1249 1998,1249 1994,1245 1974,1238 1972,1238 1971,1238 1886,1245 1857,1247 1852,1245 1833,1237 1831,1237 1830,1237 1828,1237 1826,1237 1816,1245 1811,1249 1638,1249 1590,1244 1524,1237 1522,1237 1521,1237 1519,1237 1512,1242 1504,1249 1376,1249 1344,1240 1320,1237 1319,1237 1293,1240 1254,1247 1212,1240 1190,1237 1188,1237 1173,1240 1140,1247 1130,1238 1128,1238 1127,1238 984,1237 982,1237 972,1238 925,1247 908,1238 906,1238 711,1237 711,1271"/>
        <Baseline points="711,1271 2223,1271"/>
        <TextEquiv conf="0.9974558654953452">
          <Unicode>985 Hilariae et lohanni scribit: „Quamvis pontificem episcopatus adquisita temporibus</Unicode>
        </TextEquiv>
      </TextLine>
      <TextLine id="eSc_line_4b2e6562" custom="structure {type:default;}">
        <Coords points="752,1317 752,1337 2220,1332 2222,1311 2217,1289 750,1291 752,1317"/>
        <Baseline points="752,1317 2222,1311"/>
        <TextEquiv conf="0.9985800584157308">
          <Unicode>alienare legalibus sit prohibitum statutis, nostri tamen studii est, ecclesiasticas utili-</Unicode>
        </TextEquiv>
      </TextLine>
      <TextLine id="eSc_line_740679cd" custom="structure {type:default;}">
        <Coords points="753,1357 753,1373 2218,1376 2220,1357 2220,1334 753,1330 753,1357"/>
        <Baseline points="753,1357 2220,1357"/>
        <TextEquiv conf="0.9880060810077039">
          <Unicode>tates non tam facultatibus quam sinceritate mentis augere“. (Fragmentum). Coll.</Unicode>
        </TextEquiv>
      </TextLine>
      <TextLine id="eSc_line_2366e8dd" custom="structure {type:default;}">
        <Coords points="753,1401 753,1427 1069,1430 1071,1430 1110,1425 1144,1422 1152,1425 1162,1430 1164,1430 1166,1432 1397,1432 1397,1430 1453,1423 1476,1422 1500,1423 1568,1430 1570,1430 1658,1423 1673,1422 1675,1422 1684,1430 1685,1430 1687,1430 1689,1432 1840,1432 1840,1430 1977,1420 1977,1401 1977,1379 1908,1369 1906,1369 1904,1369 1903,1369 1892,1378 1847,1369 1845,1369 1768,1378 1767,1379 1585,1379 1583,1378 1573,1369 1572,1369 1570,1369 1432,1369 1431,1369 1429,1369 1427,1369 1415,1378 1383,1369 1381,1369 1380,1369 1378,1369 1344,1378 1341,1379 1134,1379 1132,1378 1113,1369 1111,1369 1110,1369 1108,1369 1084,1378 1081,1378 1074,1378 1022,1369 1020,1369 753,1376 753,1401"/>
        <Baseline points="753,1401 1977,1401"/>
        <TextEquiv conf="0.9956914319920895">
          <Unicode>Brit. Pelagii Epp. 13 (cum falso Gelasii titulo). — „Quamvis enim“.</Unicode>
        </TextEquiv>
      </TextLine>
      <TextLine id="eSc_line_138bf197" custom="structure {type:default;}">
        <Coords points="711,1464 784,1466 801,1478 803,1478 804,1478 806,1478 808,1478 833,1469 872,1478 874,1478 1076,1469 1110,1478 1111,1478 1113,1478 1210,1469 1237,1468 1264,1469 1337,1478 1339,1478 1400,1471 1436,1468 1446,1471 1466,1479 1468,1479 1470,1479 1594,1478 1595,1478 1597,1478 1604,1473 1611,1469 1617,1473 1629,1479 1631,1479 1633,1479 1663,1473 1684,1469 1694,1474 1706,1479 1707,1479 1709,1479 1746,1474 1780,1469 1799,1474 1816,1479 1818,1479 1819,1479 1841,1474 1867,1469 1984,1469 1998,1476 2001,1479 2003,1479 2004,1479 2006,1479 2057,1476 2184,1469 2215,1478 2220,1451 2218,1423 2098,1423 2096,1422 2079,1413 2077,1413 2076,1413 1998,1422 1986,1422 1971,1422 1898,1413 1896,1413 1847,1420 1830,1422 1709,1418 1475,1413 1473,1413 1193,1415 726,1420 716,1412 713,1447 711,1464"/>
        <Baseline points="713,1447 2220,1451"/>
        <TextEquiv conf="0.9916552617436364">
          <Unicode>986 (695) Antoninae patriciae et Deciae significat, qui hanc epistolam deferat, eum.</Unicode>
        </TextEquiv>
      </TextLine>
      <TextLine id="eSc_line_9c2aed0d" custom="structure {type:default;}">
        <Coords points="753,1491 752,1510 769,1519 770,1519 772,1519 2218,1515 2220,1495 2218,1468 753,1468 753,1491"/>
        <Baseline points="753,1491 2220,1495"/>
        <TextEquiv conf="0.9939576107778667">
          <Unicode>quoniam monachus sit, defensorem fieri non licuisse. Coll. Brit. Pelagii Epp. 14,</Unicode>
        </TextEquiv>
      </TextLine>
      <TextLine id="eSc_line_03f5a20a" custom="structure {type:default;}">
        <Coords points="755,1534 755,1552 2218,1558 2220,1534 2220,1510 755,1508 755,1534"/>
        <Baseline points="755,1534 2220,1534"/>
        <TextEquiv conf="0.9902747586006071">
          <Unicode>Ivonis decr. VII. c. 23, Gratiani decr. C. XVI. qu. 1. c. 20, Mansi IX. 906, Migne</Unicode>
        </TextEquiv>
      </TextLine>
      <TextLine id="eSc_line_1111909d" custom="structure {type:default;}">
        <Coords points="757,1580 757,1593 774,1602 775,1602 777,1602 779,1602 809,1593 831,1605 833,1605 835,1605 836,1605 838,1605 857,1591 904,1602 906,1602 1011,1591 1035,1607 1037,1607 1038,1607 1040,1607 1042,1607 1091,1591 1105,1603 1105,1605 1106,1605 1108,1605 1110,1607 1300,1607 1300,1605 1302,1605 1339,1588 1339,1576 1337,1554 1322,1546 1320,1546 1319,1546 1317,1546 1315,1546 1297,1556 1278,1556 1084,1556 1074,1552 1050,1544 1049,1544 1047,1544 1045,1544 1044,1544 1044,1546 1042,1546 1038,1551 1033,1556 755,1547 757,1580"/>
        <Baseline points="757,1580 1339,1576"/>
        <TextEquiv conf="0.9936914526183029">
          <Unicode>72 p. 745. — „De praesentium“</Unicode>
        </TextEquiv>
      </TextLine>
      <TextLine id="eSc_line_4c31af0b" custom="structure {type:default;}">
        <Coords points="713,1622 711,1639 752,1649 753,1649 1451,1642 1478,1651 1480,1651 1482,1651 2218,1642 2220,1625 2218,1598 713,1593 713,1622"/>
        <Baseline points="713,1622 2220,1625"/>
        <TextEquiv conf="0.9983355062348502">
          <Unicode>987 (645) Melleo (al. Mellito) subdiacono haec scribit: „Abbatem in monasterio illum</Unicode>
        </TextEquiv>
      </TextLine>
      <TextLine id="eSc_line_f1f55f24" custom="structure {type:default;}">
        <Coords points="755,1670 755,1693 2217,1690 2218,1666 2213,1646 753,1648 755,1670"/>
        <Baseline points="755,1670 2218,1666"/>
        <TextEquiv conf="0.9997896816995409">
          <Unicode>volumus ordinari, quem sibi de sua congregatione et monachorum electio et posses-</Unicode>
        </TextEquiv>
      </TextLine>
      <TextLine id="eSc_line_dc573f77" custom="structure {type:default;}">
        <Coords points="753,1712 753,1734 2215,1736 2218,1709 2215,1687 752,1685 753,1712"/>
        <Baseline points="753,1712 2218,1709"/>
        <TextEquiv conf="0.9995230609857584">
          <Unicode>sionis dominus et, quod magis observandum est, ordo vitae et meritum poposcerit</Unicode>
        </TextEquiv>
      </TextLine>
      <TextLine id="eSc_line_d8e998e3" custom="structure {type:default;}">
        <Coords points="753,1753 753,1768 933,1768 957,1782 1011,1771 1057,1782 1108,1768 1157,1782 1215,1782 1241,1768 1280,1782 1380,1782 1403,1770 1420,1782 1599,1782 1684,1768 1926,1782 1955,1768 2215,1768 2217,1753 2215,1729 753,1727 753,1753"/>
        <Baseline points="753,1753 2217,1753"/>
        <TextEquiv conf="0.9866366359320554">
          <Unicode>ordinari. Coll. Brit. Pelagii Epp. 15, Ivonis decr. VII. c. 24, Gratiani decr. C. XVIII.</Unicode>
        </TextEquiv>
      </TextLine>
      <TextLine id="eSc_line_142e4e40" custom="structure {type:default;}">
        <Coords points="752,1797 752,1812 782,1824 784,1824 786,1826 848,1826 848,1824 850,1824 852,1824 852,1822 865,1812 913,1812 926,1822 926,1824 928,1824 930,1824 932,1824 933,1824 960,1812 984,1812 1016,1812 1033,1822 1035,1822 1037,1822 1038,1824 1247,1824 1247,1822 1249,1822 1251,1822 1251,1821 1263,1810 1288,1810 1290,1793 1286,1775 1067,1766 1066,1766 750,1775 752,1797"/>
        <Baseline points="752,1797 1290,1793"/>
        <TextEquiv conf="0.9987838672740119">
          <Unicode>qu. 2. c. 4. — „Abbatem in“.</Unicode>
        </TextEquiv>
      </TextLine>
      <TextLine id="eSc_line_23a69ea9" custom="structure {type:default;}">
        <Coords points="713,1841 711,1863 787,1865 803,1877 804,1877 806,1877 808,1877 894,1868 967,1877 969,1877 971,1877 972,1877 988,1866 1145,1877 1147,1877 1235,1866 1252,1877 1254,1877 1256,1877 1466,1878 1468,1878 1538,1868 1566,1878 1568,1878 1570,1880 1656,1880 1656,1878 1658,1878 1660,1878 1675,1868 1721,1878 1723,1878 1891,1868 2157,1877 2159,1877 2217,1866 2218,1844 2218,1817 2184,1805 2183,1805 2181,1805 2094,1816 2089,1816 2081,1816 2001,1805 1999,1805 1998,1805 1977,1814 1974,1817 1791,1817 1780,1812 1762,1805 1760,1805 1758,1805 1757,1805 1755,1805 1745,1812 1736,1817 1600,1817 1589,1810 1578,1805 1577,1805 1465,1804 1378,1804 1376,1804 1375,1804 1373,1804 1368,1809 1356,1814 1037,1805 982,1804 981,1804 965,1804 792,1814 713,1802 713,1841"/>
        <Baseline points="713,1841 2218,1844"/>
        <TextEquiv conf="0.9786486563294433">
          <Unicode>988 (419) Dalcio (Dulcitio?) defensori dat negotium, ut Anastasium, episcopum Luceri-.</Unicode>
        </TextEquiv>
      </TextLine>
      <TextLine id="eSc_line_7f6fc14b" custom="structure {type:default;}">
        <Coords points="753,1889 753,1916 2217,1916 2218,1883 2213,1863 752,1865 753,1889"/>
        <Baseline points="753,1889 2218,1883"/>
        <TextEquiv conf="0.9889618316783181">
          <Unicode>num a se ordinatum, Aemiliano magistro militum et Constantino iudici et Ampelio</Unicode>
        </TextEquiv>
      </TextLine>
      <TextLine id="eSc_line_72174e48" custom="structure {type:default;}">
        <Coords points="753,1928 752,1943 836,1955 838,1955 1188,1946 1242,1956 1244,1956 1314,1948 1358,1956 1359,1956 1415,1948 1439,1956 1441,1956 1443,1956 1510,1948 1561,1956 1563,1956 1850,1950 1875,1958 1877,1958 1879,1958 1881,1958 1899,1950 2215,1950 2217,1933 2215,1902 753,1900 753,1928"/>
        <Baseline points="753,1928 2217,1933"/>
        <TextEquiv conf="0.9889976315200328">
          <Unicode>commendet. (Coll. Brit. Pelagii Epp. 16), Baluzii Misc. III. 1, Mansi VIII. 122,</Unicode>
        </TextEquiv>
      </TextLine>
      <TextLine id="eSc_line_9619d53d" custom="structure {type:default;}">
        <Coords points="753,1975 753,1997 1079,1997 1115,2006 1117,2006 1118,2006 1178,1995 1186,1995 1220,1995 1480,2004 1482,2004 2215,1990 2217,1968 2213,1946 752,1946 753,1975"/>
        <Baseline points="753,1975 2217,1968"/>
        <TextEquiv conf="0.9968006186187267">
          <Unicode>Migne 59 p. 139, Bull. Rom. T. E. App. I. 315, Thiel I. 484, ubi invenitur inter</Unicode>
        </TextEquiv>
      </TextLine>
      <TextLine id="eSc_line_dbafbd73" custom="structure {type:default;}">
        <Coords points="752,2014 750,2036 962,2045 964,2045 1134,2036 1166,2036 1176,2036 1239,2046 1241,2046 1726,2036 1728,2017 1726,1992 752,1989 752,2014"/>
        <Baseline points="752,2014 1728,2017"/>
        <TextEquiv conf="0.9932085673014323">
          <Unicode>Gelasii I. epistolas. — („Eere sicut“) „Experientia tua“.</Unicode>
        </TextEquiv>
      </TextLine>
      <TextLine id="eSc_line_3841cfaf" custom="structure {type:default;}">
        <Coords points="709,2062 709,2089 2217,2094 2218,2062 2218,2040 709,2029 709,2062"/>
        <Baseline points="709,2062 2218,2062"/>
        <TextEquiv conf="0.999402446511351">
          <Unicode>989 (639) Decoratum patricium hortatur, ut, omnem personis, quae reritatem causae</Unicode>
        </TextEquiv>
      </TextLine>
      <TextLine id="eSc_line_0d534880" custom="structure {type:default;}">
        <Coords points="753,2109 753,2130 2215,2128 2217,2106 2213,2082 752,2082 753,2109"/>
        <Baseline points="753,2109 2217,2106"/>
        <TextEquiv conf="0.9897872902452945">
          <Unicode>istius scire possunt, faciat amputari formidinem, et suis praesentari conspecti-</Unicode>
        </TextEquiv>
      </TextLine>
      <TextLine id="eSc_line_7d45da11" custom="structure {type:default;}">
        <Coords points="753,2150 753,2170 1397,2179 1398,2179 1454,2170 1726,2177 1728,2177 1813,2169 1821,2169 1847,2169 2154,2177 2156,2177 2215,2167 2217,2146 2212,2119 752,2119 753,2150"/>
        <Baseline points="753,2150 2217,2146"/>
        <TextEquiv conf="0.9942003637552261">
          <Unicode>bus, tactis aaorosanctis evangeliis, praebito etiam legaliter sacramento, (ut), quae</Unicode>
        </TextEquiv>
      </TextLine>
      <TextLine id="eSc_line_12ef48dd" custom="structure {type:default;}">
        <Coords points="753,2189 752,2208 774,2219 775,2219 777,2219 779,2219 780,2219 792,2211 836,2219 838,2219 950,2211 1006,2219 1008,2219 1081,2211 1191,2219 1193,2221 1441,2221 1441,2219 1443,2219 1465,2213 1471,2211 1480,2213 1522,2221 1524,2221 2217,2216 2218,2192 2217,2169 753,2162 753,2189"/>
        <Baseline points="753,2189 2218,2192"/>
        <TextEquiv conf="0.9981381163001061">
          <Unicode>in veritate rerum noverunt, professione suae testificationis aperiant. (Fragmen-</Unicode>
        </TextEquiv>
      </TextLine>
      <TextLine id="eSc_line_4a5d35f7" custom="structure {type:default;}">
        <Coords points="750,2235 750,2257 1067,2257 1071,2257 1084,2267 1086,2267 1088,2267 1089,2267 1341,2265 1342,2265 1361,2257 1364,2257 1380,2257 1461,2265 1463,2265 1514,2257 1534,2255 1599,2257 1760,2265 1762,2265 1838,2257 1867,2255 1886,2257 1933,2265 1935,2265 1976,2257 1991,2255 2059,2255 2064,2257 2076,2265 2077,2265 2079,2265 2081,2265 2215,2257 2217,2231 2213,2208 748,2206 750,2235"/>
        <Baseline points="750,2235 2217,2231"/>
        <TextEquiv conf="0.9893785555188249">
          <Unicode>tuma). Coll. Brit. Pelagii Epp. 17, Gratiani decr. C. III. qu. 9. c. 20. — „Horta-</Unicode>
        </TextEquiv>
      </TextLine>
      <TextLine id="eSc_line_e5475a5a" custom="structure {type:default;}">
        <Coords points="750,2277 750,2291 833,2299 835,2299 836,2299 838,2299 838,2298 847,2291 955,2298 957,2298 999,2287 1001,2274 998,2247 748,2245 750,2277"/>
        <Baseline points="750,2277 1001,2274"/>
        <TextEquiv conf="0.9999987345475417">
          <Unicode>mur, ut sub“.</Unicode>
        </TextEquiv>
      </TextLine>
      <TextLine id="eSc_line_392a7e3d" custom="structure {type:default;}">
        <Coords points="711,2318 711,2348 2217,2343 2217,2315 2212,2281 1772,2289 1712,2281 1699,2279 1697,2279 1679,2281 1597,2289 1577,2281 1573,2279 1572,2279 1497,2279 1495,2279 1493,2279 1488,2281 1460,2292 1344,2292 1324,2281 1322,2281 1320,2281 1319,2281 1310,2281 1222,2291 1127,2281 1115,2281 1113,2281 1101,2281 1015,2289 979,2281 974,2281 972,2281 971,2281 969,2281 945,2291 915,2281 911,2281 909,2281 908,2281 894,2281 796,2291 709,2282 711,2318"/>
        <Baseline points="711,2318 2217,2315"/>
        <TextEquiv conf="0.9940010124728793">
          <Unicode>990 (671) Sindulae (Sinduae Ms.), magistro militum, dicit haee: „Chartae, quas dedit</Unicode>
        </TextEquiv>
      </TextLine>
      <TextLine id="eSc_line_4ba639a5" custom="structure {type:default;}">
        <Coords points="753,2362 753,2381 2213,2382 2217,2362 2215,2335 753,2335 753,2362"/>
        <Baseline points="753,2362 2217,2362"/>
        <TextEquiv conf="0.9993594149748485">
          <Unicode>nobis Lucidins, si illo tempore adversarius ipsius illic praesens fuisset, validae essent;</Unicode>
        </TextEquiv>
      </TextLine>
      <TextLine id="eSc_line_84ba5d18" custom="structure {type:default;}">
        <Coords points="750,2404 750,2423 1444,2430 1446,2430 1448,2430 1449,2430 1460,2421 1461,2421 1573,2421 1580,2421 1724,2430 1726,2430 1728,2430 1750,2420 1752,2420 1853,2420 1855,2420 1865,2428 1867,2428 1869,2428 1870,2430 2010,2430 2010,2428 2011,2428 2013,2428 2025,2420 2027,2420 2030,2420 2178,2428 2179,2428 2181,2428 2217,2418 2217,2399 2213,2372 767,2372 765,2372 763,2372 748,2379 750,2404"/>
        <Baseline points="750,2404 2217,2399"/>
        <TextEquiv conf="0.9941587483181673">
          <Unicode>sed quia adversario abisente gesta, quae nobis recensuit, facta leguntur, talia leges</Unicode>
        </TextEquiv>
      </TextLine>
      <TextLine id="eSc_line_c41e3da1" custom="structure {type:default;}">
        <Coords points="750,2447 750,2469 2212,2471 2215,2442 2210,2421 748,2425 750,2447"/>
        <Baseline points="750,2447 2215,2442"/>
        <TextEquiv conf="0.9973459374613878">
          <Unicode>non recipiunt“. Item dicit: „Quantum dicitis, iste Placidus anno praeterito dictum</Unicode>
        </TextEquiv>
      </TextLine>
      <TextLine id="eSc_line_e61501ec" custom="structure {type:default;}">
        <Coords points="748,2488 748,2511 2215,2511 2217,2484 2213,2460 746,2459 748,2488"/>
        <Baseline points="748,2488 2217,2484"/>
        <TextEquiv conf="0.999810531906698">
          <Unicode>est de uxore ipsius, quia subito inter caballos inventa est, et dum traherentur caballi</Unicode>
        </TextEquiv>
      </TextLine>
      <TextLine id="eSc_line_17d37246" custom="structure {type:default;}">
        <Coords points="746,2530 746,2547 1059,2547 1062,2549 1074,2557 1076,2557 1078,2557 1079,2559 1196,2559 1196,2557 1198,2557 1200,2557 1212,2549 1213,2547 1224,2549 1271,2557 1273,2557 1347,2549 1366,2547 1388,2549 1478,2557 1480,2557 1482,2557 1483,2557 1497,2549 1502,2545 1507,2549 1521,2556 1522,2556 1524,2557 1660,2557 1660,2556 1662,2556 1663,2556 1672,2549 1679,2545 1721,2549 1792,2556 1794,2557 1870,2557 1870,2556 1872,2556 1874,2556 1882,2549 1887,2545 1901,2549 1921,2556 1923,2556 1925,2556 1979,2549 2016,2545 2054,2549 2108,2556 2110,2556 2111,2556 2125,2549 2132,2547 2213,2549 2217,2527 2213,2498 745,2498 746,2530"/>
        <Baseline points="746,2530 2217,2527"/>
        <TextEquiv conf="0.9934729032738264">
          <Unicode>collisa est illa et aborsum fecit, et si ita est forte ai caballos alienos tulit, inde</Unicode>
        </TextEquiv>
      </TextLine>
      <TextLine id="eSc_line_947adc7c" custom="structure {type:default;}">
        <Coords points="748,2571 748,2595 2213,2591 2215,2567 2210,2547 746,2547 748,2571"/>
        <Baseline points="748,2571 2215,2567"/>
        <TextEquiv conf="0.9930118533629405">
          <Unicode>est culpabilis; nam de muliere, quae casu inter caballos confracta est, ubi vo-</Unicode>
        </TextEquiv>
      </TextLine>
      <TextLine id="eSc_line_b50f1e64" custom="structure {type:default;}">
        <Coords points="748,2613 748,2634 2215,2632 2215,2613 2215,2588 748,2586 748,2613"/>
        <Baseline points="748,2613 2215,2613"/>
        <TextEquiv conf="0.9953264047702154">
          <Unicode>luntas illius non aguoscitur perniciosa fuisse, non potest addici per leges“. (Frag-</Unicode>
        </TextEquiv>
      </TextLine>
      <TextLine id="eSc_line_84034a3f" custom="structure {type:default;}">
        <Coords points="748,2656 752,2693 772,2678 1013,2678 1045,2690 1057,2693 1059,2693 1061,2695 1157,2695 1179,2708 1181,2708 1183,2708 1184,2710 1322,2710 1322,2708 1431,2685 1432,2685 1471,2705 1473,2705 1595,2707 1597,2707 1599,2707 1650,2681 1658,2676 1746,2676 1757,2681 1813,2707 1814,2707 1816,2707 1981,2698 2032,2707 2033,2707 2035,2707 2037,2707 2074,2679 2103,2686 2105,2686 2106,2686 2208,2674 2210,2652 2206,2630 746,2627 748,2656"/>
        <Baseline points="748,2656 2210,2652"/>
        <TextEquiv conf="0.9908745816991299">
          <Unicode>mental. Cofl. Brit. Pelagii Epp. 18. (Csratiani decr. C. III. qu. 9. e. 18.). —</Unicode>
        </TextEquiv>
      </TextLine>
      <TextLine id="eSc_line_c029d2bd" custom="structure {type:default;}">
        <Coords points="750,2698 750,2754 859,2761 860,2761 928,2744 954,2739 1042,2739 1044,2695 1040,2673 765,2666 763,2666 762,2666 760,2666 748,2671 750,2698"/>
        <Baseline points="750,2698 1044,2695"/>
        <TextEquiv conf="0.8146448776125907">
          <Unicode>„lartac. p</Unicode>
        </TextEquiv>
      </TextLine>
    </TextRegion>
    <TextRegion id="eSc_textblock_5695648a"  custom="structure {type:default;}">
      <Coords points="1285,122 1409,128 1429,195 1381,222 1086,201 1100,128 1285,122"/>
      <TextLine id="eSc_line_f5972caf" custom="structure {type:default;}">
        <Coords points="1105,181 1105,200 1402,200 1402,178 1398,134 1251,123 1249,123 1103,135 1105,181"/>
        <Baseline points="1105,181 1402,178"/>
        <TextEquiv conf="0.9988757868607839">
          <Unicode>PEI.4(11* I.</Unicode>
        </TextEquiv>
      </TextLine>
    </TextRegion>
    <TextRegion id="eSc_textblock_a0c36aac"  custom="structure {type:default;}">
      <Coords points="668,407 670,419 665,419 665,407 668,407"/>
    </TextRegion>
  </Page>
</PcGts>
