<?xml version="1.0" encoding="UTF-8"  standalone="yes"?>
<PcGts xmlns="http://schema.primaresearch.org/PAGE/gts/pagecontent/2019-07-15" xmlns:xsi="http://www.w3.org/2001/XMLSchema-instance" xsi:schemaLocation="http://schema.primaresearch.org/PAGE/gts/pagecontent/2019-07-15 http://schema.primaresearch.org/PAGE/gts/pagecontent/2019-07-15/pagecontent.xsd">
  <Metadata externalRef="pdf//regestapontificu01cath.pdf">
	<Creator>escriptorium</Creator>
	<Created>2026-02-12T11:29:44.573037+00:00</Created>
        <LastChange>2026-02-13T10:43:28.196079+00:00</LastChange>
  </Metadata>
  <Page imageFilename="regestapontificu01cath.pdf_page_237.png" imageWidth="2278" imageHeight="3076">
    <TextRegion id="eSc_textblock_6fa77ee3"  custom="structure {type:default;}">
      <Coords points="517,218 2066,225 2059,2691 505,2705 499,2447 396,2445 396,2426 499,2404 499,2337 382,2308 382,2289 485,2274 478,2166 442,2089 367,2069 232,2083 182,2119 182,2267 162,2281 217,2308 182,2317 162,2411 210,2431 176,2447 182,2541 150,2534 170,2494 129,2412 164,2365 129,2283 157,2247 157,2180 109,2062 129,1825 102,1720 129,1645 129,1476 102,1433 129,1344 102,1262 129,1057 129,956 102,927 123,880 102,601 123,579 129,410 88,300 123,252 176,246 246,280 271,266 280,307 367,314 471,225 517,218"/>
      <TextLine id="eSc_line_d609cb13" custom="structure {type:default;}">
        <Coords points="772,218 755,218 753,218 743,220 695,227 668,218 652,218 647,218 623,228 610,218 608,218 606,218 604,218 603,218 601,218 592,225 586,218 584,218 567,218 550,218 533,218 516,218 499,220 500,264 500,295 608,285 654,293 664,295 666,297 757,297 757,295 758,295 760,295 765,292 775,283 830,290 886,295 888,295 1039,283 1039,261 1033,223 806,227 792,220 787,218 772,218"/>
        <Baseline points="500,264 1039,261"/>
        <TextEquiv conf="0.9735665542108042">
          <Unicode>599. (Lat. 2. — 1. S.„. 2.)</Unicode>
        </TextEquiv>
      </TextLine>
      <TextLine id="eSc_line_e85038b0" custom="structure {type:default;}">
        <Coords points="529,312 529,336 2038,336 2038,312 2038,275 2009,266 2007,266 2006,266 1932,275 1719,266 1717,266 1715,266 1678,276 1676,276 1642,266 1640,266 1486,266 1485,266 1430,276 1423,278 1418,276 1385,266 1384,266 1382,266 1233,275 1139,266 1138,266 1033,278 1025,280 529,280 529,312"/>
        <Baseline points="529,312 2038,312"/>
        <TextEquiv conf="0.9679051010047688">
          <Unicode>1732 (1237) Salininmum. episropum Callipolitanum, hortatur, ne laemines castri Calli-</Unicode>
        </TextEquiv>
      </TextLine>
      <TextLine id="eSc_line_7a15b695" custom="structure {type:default;}">
        <Coords points="107,314 107,358 182,358 182,314 182,278 107,278 107,314"/>
        <Baseline points="107,314 182,314"/>
        <TextEquiv conf="0.9891439527273178">
          <Unicode>lul.</Unicode>
        </TextEquiv>
      </TextLine>
      <TextLine id="eSc_line_4b30285d" custom="structure {type:default;}">
        <Coords points="567,358 567,384 2035,382 2037,355 2033,333 565,333 567,358"/>
        <Baseline points="567,358 2037,355"/>
        <TextEquiv conf="0.9960266465551397">
          <Unicode>politani, qui locus ecclesiae Romanae sit, premi oneribus illicitis, longinquis angariis,</Unicode>
        </TextEquiv>
      </TextLine>
      <TextLine id="eSc_line_0c55e5b7" custom="structure {type:default;}">
        <Coords points="567,399 567,422 2037,422 2038,396 2035,372 565,372 567,399"/>
        <Baseline points="567,399 2038,396"/>
        <TextEquiv conf="0.9996044196188449">
          <Unicode>multisque dispendiis patiatur. Exemplaria privilegiorum ecclesiae Callipolitanae</Unicode>
        </TextEquiv>
      </TextLine>
      <TextLine id="eSc_line_ad0292ba" custom="structure {type:default;}">
        <Coords points="567,440 567,457 2035,461 2038,440 2037,415 567,408 567,440"/>
        <Baseline points="567,440 2038,440"/>
        <TextEquiv conf="0.9999607305928885">
          <Unicode>de scrinio Romano sc misisse memorat; homines massae ipsius Callipolitanae a futura</Unicode>
        </TextEquiv>
      </TextLine>
      <TextLine id="eSc_line_3268c441" custom="structure {type:default;}">
        <Coords points="565,483 565,510 2035,509 2037,480 2033,459 563,459 565,483"/>
        <Baseline points="565,483 2037,480"/>
        <TextEquiv conf="0.9838582933703556">
          <Unicode>tertia indietiene eius eurae subiungit. Ad Sergium definsorem hac de- rausa se-</Unicode>
        </TextEquiv>
      </TextLine>
      <TextLine id="eSc_line_49b97ef5" custom="structure {type:default;}">
        <Coords points="565,526 565,546 868,545 878,545 929,553 931,553 933,553 956,545 965,543 1001,545 1112,551 1114,551 1115,551 1139,545 1143,543 1144,545 1153,551 1155,551 1156,551 1158,553 1278,553 1278,551 1432,543 1457,541 1471,541 1541,550 1543,550 1544,550 1546,550 1558,541 1563,541 1614,550 1616,550 1618,550 1642,541 1662,550 1664,550 1666,550 1724,541 1734,540 1746,540 1820,548 1821,548 2031,538 2033,519 2028,497 563,497 565,526"/>
        <Baseline points="565,526 2033,519"/>
        <TextEquiv conf="0.9904963547670389">
          <Unicode>scripsisse addit. Reg. IX. 206, (Maur. IX. 100, Guss. VII. ind. II. ep. 105). —</Unicode>
        </TextEquiv>
      </TextLine>
      <TextLine id="eSc_line_30f09d1a" custom="structure {type:default;}">
        <Coords points="567,569 567,586 960,577 962,563 958,541 697,533 695,533 632,543 598,534 596,534 594,534 592,534 565,545 567,569"/>
        <Baseline points="567,569 962,563"/>
        <TextEquiv conf="0.999993329956418">
          <Unicode>„Indicatum nobis est“</Unicode>
        </TextEquiv>
      </TextLine>
      <TextLine id="eSc_line_2f197c8b" custom="structure {type:default;}">
        <Coords points="531,610 531,630 2035,635 2038,606 2035,574 1348,574 1346,574 1309,579 1279,582 1076,581 558,575 557,575 555,575 529,582 531,610"/>
        <Baseline points="531,610 2038,606"/>
        <TextEquiv conf="0.9993584587656218">
          <Unicode>1734 *Sergio, defensori Sipontino, mandat, ut Sabiniano opiscopo contra illicitas mole-</Unicode>
        </TextEquiv>
      </TextLine>
      <TextLine id="eSc_line_8ea250be" custom="structure {type:default;}">
        <Coords points="567,652 567,669 2035,671 2038,647 2033,622 565,623 567,652"/>
        <Baseline points="567,652 2038,647"/>
        <TextEquiv conf="0.9951203833391637">
          <Unicode>stias hominum Callipolitani castri adsit, ac in regimine massae Callipolitanae ei</Unicode>
        </TextEquiv>
      </TextLine>
      <TextLine id="eSc_line_3bae2158" custom="structure {type:default;}">
        <Coords points="565,695 565,714 608,726 610,726 611,727 664,727 664,726 666,726 668,726 681,716 683,716 731,716 733,716 746,726 748,726 750,726 751,726 753,726 786,716 791,716 1039,716 1047,719 1073,729 1074,729 1076,731 1432,731 1432,729 1433,729 1450,722 1464,716 1485,722 1507,729 1508,729 1510,729 1567,722 1587,721 1597,722 1620,729 1621,729 1623,729 1625,729 1638,724 1655,716 1727,724 1773,729 1775,729 1816,724 1869,719 1900,726 1919,729 1920,729 1922,729 1924,729 1929,726 1944,716 2033,726 2037,695 2035,671 565,671 565,695"/>
        <Baseline points="565,695 2037,695"/>
        <TextEquiv conf="0.9963004604562536">
          <Unicode>auxilium praebcat. Vide epistolam praecedentem. Reg. IX. 206, (Maur. IX. 100.</Unicode>
        </TextEquiv>
      </TextLine>
      <TextLine id="eSc_line_e4b077a8" custom="structure {type:default;}">
        <Coords points="565,736 565,753 1068,755 1071,733 1068,712 563,705 565,736"/>
        <Baseline points="565,736 1071,733"/>
        <TextEquiv conf="0.9941480447506083">
          <Unicode>Guss. VII. ind. II. ep. 105).</Unicode>
        </TextEquiv>
      </TextLine>
      <TextLine id="eSc_line_bad4b37f" custom="structure {type:default;}">
        <Coords points="529,775 528,796 2033,799 2037,779 2033,745 529,745 529,775"/>
        <Baseline points="529,775 2037,779"/>
        <TextEquiv conf="0.9943253935119252">
          <Unicode>1735 (1260) Fortunatum, episcopum Neapolitanum, monet, ne in Agnellae abbatissae,</Unicode>
        </TextEquiv>
      </TextLine>
      <TextLine id="eSc_line_2c1d27b2" custom="structure {type:default;}">
        <Coords points="565,818 563,832 695,844 697,844 1021,837 1098,835 1179,837 1391,845 1392,845 1459,840 1497,837 1514,840 1538,845 1539,847 1922,847 1922,845 1924,845 1929,844 1948,837 2033,844 2037,821 2035,798 565,794 565,818"/>
        <Baseline points="565,818 2037,821"/>
        <TextEquiv conf="0.9916940728823344">
          <Unicode>latricis praesentium, monasterio sinat milites hospitari. Reg. IX. 207, (Maur. IX. 103,</Unicode>
        </TextEquiv>
      </TextLine>
      <TextLine id="eSc_line_929f282f" custom="structure {type:default;}">
        <Coords points="563,859 562,876 589,886 591,886 592,886 1584,883 1585,862 1584,839 563,835 563,859"/>
        <Baseline points="563,859 1585,862"/>
        <TextEquiv conf="0.9857003606598953">
          <Unicode>Guss. VII. ind. II. ep. 108). — „Insinuavit nobis latrix“.</Unicode>
        </TextEquiv>
      </TextLine>
      <TextLine id="eSc_line_7801514a" custom="structure {type:default;}">
        <Coords points="529,907 529,924 1013,933 1015,933 1016,933 1039,924 1044,922 1061,924 1127,931 1129,931 1232,924 1252,922 1257,924 1278,931 1279,931 1281,931 2037,921 2038,902 2033,873 528,880 529,907"/>
        <Baseline points="529,907 2038,902"/>
        <TextEquiv conf="0.9970601983817227">
          <Unicode>1736 (1262) Sereno, episcopo Massiliensi, Cyriacum abbatem, latorem praesentium, ad</Unicode>
        </TextEquiv>
      </TextLine>
      <TextLine id="eSc_line_02e7c954" custom="structure {type:default;}">
        <Coords points="565,948 565,965 1298,974 1300,974 1343,970 1406,963 1655,963 1688,972 1693,972 1695,972 1696,972 1717,972 1840,963 1893,972 1896,972 1898,972 1900,972 1919,963 2033,972 2037,945 2033,924 563,919 565,948"/>
        <Baseline points="565,948 2037,945"/>
        <TextEquiv conf="0.9933567795998011">
          <Unicode>Syagrium, episcopum Augustodunensem, euntem commendat. Comperisse se, scribit,</Unicode>
        </TextEquiv>
      </TextLine>
      <TextLine id="eSc_line_1098c8b4" custom="structure {type:default;}">
        <Coords points="567,986 565,1008 2035,1013 2038,989 2037,963 567,962 567,986"/>
        <Baseline points="567,986 2038,989"/>
        <TextEquiv conf="0.9963207595050335">
          <Unicode>eum „in ecclesiis imagines confregisse atque proiecisse“. Addit haec: „Et quidem</Unicode>
        </TextEquiv>
      </TextLine>
      <TextLine id="eSc_line_5b9f622d" custom="structure {type:default;}">
        <Coords points="565,1032 565,1050 2038,1049 2040,1028 2035,1006 563,1006 565,1032"/>
        <Baseline points="565,1032 2040,1028"/>
        <TextEquiv conf="0.9919194724315252">
          <Unicode>zelum vos, ne quid manufactum adorari possit, habuisse, laudamus, sed frangere</Unicode>
        </TextEquiv>
      </TextLine>
      <TextLine id="eSc_line_04f48f5d" custom="structure {type:default;}">
        <Coords points="565,1073 565,1091 2035,1097 2038,1073 2037,1050 565,1050 565,1073"/>
        <Baseline points="565,1073 2038,1073"/>
        <TextEquiv conf="0.997082334898767">
          <Unicode>easdem imagines non debuisse iudicamus; idcirco enim pictura in ecclesiis adhibetur,</Unicode>
        </TextEquiv>
      </TextLine>
      <TextLine id="eSc_line_8e815c6b" custom="structure {type:default;}">
        <Coords points="570,1117 570,1138 2037,1138 2038,1110 2033,1086 569,1095 570,1117"/>
        <Baseline points="570,1117 2038,1110"/>
        <TextEquiv conf="0.9999951958656311">
          <Unicode>ut hi, qui litteras nesciunt, saltem in parietibus videndo legant, quae legere in co-</Unicode>
        </TextEquiv>
      </TextLine>
      <TextLine id="eSc_line_abdbe4e5" custom="structure {type:default;}">
        <Coords points="567,1158 567,1182 2038,1182 2040,1158 2037,1131 567,1132 567,1158"/>
        <Baseline points="567,1158 2040,1158"/>
        <TextEquiv conf="0.9935327284038067">
          <Unicode>dicibus non valent.“ Reg. IX. 208, (Maur. IX. 105, Guss. VII. ind. II. ep. 110).</Unicode>
        </TextEquiv>
      </TextLine>
      <TextLine id="eSc_line_b431958f" custom="structure {type:default;}">
        <Coords points="567,1201 567,1215 623,1215 625,1215 635,1225 635,1226 637,1226 639,1226 675,1228 676,1228 753,1215 763,1223 763,1225 765,1225 767,1225 837,1228 839,1228 914,1226 915,1226 950,1213 951,1213 984,1226 986,1226 987,1226 1073,1225 1074,1225 1114,1211 1114,1197 1109,1177 565,1179 567,1201"/>
        <Baseline points="567,1201 1114,1197"/>
        <TextEquiv conf="0.9999961256980896">
          <Unicode>— „Quod fraternitati vestrae“.</Unicode>
        </TextEquiv>
      </TextLine>
      <TextLine id="eSc_line_ff339dca" custom="structure {type:default;}">
        <Coords points="529,1244 529,1266 2038,1266 2040,1237 2035,1204 528,1216 529,1244"/>
        <Baseline points="529,1244 2040,1237"/>
        <TextEquiv conf="0.9970301763120905">
          <Unicode>1737 (1476) Romano, defensori Siciliae, mandat, ut Salustium, virum clarissimum, ab</Unicode>
        </TextEquiv>
      </TextLine>
      <TextLine id="eSc_line_f7d9b070" custom="structure {type:default;}">
        <Coords points="569,1285 569,1303 2038,1300 2040,1281 2035,1256 567,1259 569,1285"/>
        <Baseline points="569,1285 2040,1281"/>
        <TextEquiv conf="0.9953198842255466">
          <Unicode>iniuriis in Luminosum, praesentium latorem, servum ecclesiae S. Mariae, in parochia</Unicode>
        </TextEquiv>
      </TextLine>
      <TextLine id="eSc_line_4c6e3bbf" custom="structure {type:default;}">
        <Coords points="565,1326 565,1344 683,1356 685,1356 786,1346 816,1358 818,1358 820,1360 1080,1360 1080,1358 1081,1358 1083,1358 1100,1346 1160,1358 1162,1360 1208,1360 1208,1358 1209,1358 1211,1358 1232,1346 1346,1346 1380,1358 1382,1358 1384,1358 1385,1358 1387,1358 1406,1346 1437,1358 1438,1358 1440,1358 1541,1346 1691,1355 1693,1355 1695,1355 1726,1346 1763,1358 1765,1358 1767,1360 1842,1360 1842,1358 1896,1346 1937,1358 1939,1358 1941,1358 1943,1358 1944,1358 1965,1346 2037,1346 2038,1326 2037,1305 565,1305 565,1326"/>
        <Baseline points="565,1326 2038,1326"/>
        <TextEquiv conf="0.9859104617436727">
          <Unicode>Grumentina sitae, dehortetur. Reg. IX. 209, (Maur. XII. 42, Guss. X. 48). —</Unicode>
        </TextEquiv>
      </TextLine>
      <TextLine id="eSc_line_5700060e" custom="structure {type:default;}">
        <Coords points="565,1373 565,1385 741,1394 743,1394 804,1379 804,1367 799,1343 563,1344 565,1373"/>
        <Baseline points="565,1373 804,1367"/>
        <TextEquiv conf="0.9999181826909384">
          <Unicode>„Luminosus“.</Unicode>
        </TextEquiv>
      </TextLine>
      <TextLine id="eSc_line_967dba17" custom="structure {type:default;}">
        <Coords points="528,1413 528,1430 2038,1425 2040,1408 2037,1382 526,1379 528,1413"/>
        <Baseline points="528,1413 2040,1408"/>
        <TextEquiv conf="0.9988459572196007">
          <Unicode>1738 Clero, ordini et plcbi Ariminensi lohannem episcopum a se ordinatum commen-</Unicode>
        </TextEquiv>
      </TextLine>
      <TextLine id="eSc_line_fc26f32b" custom="structure {type:default;}">
        <Coords points="569,1454 569,1473 599,1483 601,1483 603,1483 765,1474 782,1474 784,1474 798,1485 799,1485 801,1485 803,1485 972,1476 1018,1474 1042,1476 1105,1485 1107,1485 1179,1478 1216,1474 1250,1478 1303,1485 1305,1485 1307,1485 1327,1479 1344,1474 1520,1474 1531,1479 1536,1485 1538,1485 1539,1485 1541,1485 1543,1485 1555,1479 1567,1476 1580,1481 1594,1485 1596,1485 1597,1486 1852,1486 1852,1485 1854,1485 1855,1485 1857,1483 1871,1474 2037,1483 2040,1454 2038,1432 569,1432 569,1454"/>
        <Baseline points="569,1454 2040,1454"/>
        <TextEquiv conf="0.9927766903852805">
          <Unicode>dat. Addit de praeceptis ei traditis. Reg. IX. 210. (Cf. quae exponam in Neues</Unicode>
        </TextEquiv>
      </TextLine>
      <TextLine id="eSc_line_8a88f291" custom="structure {type:default;}">
        <Coords points="570,1496 570,1512 637,1520 639,1520 722,1512 729,1512 733,1512 782,1522 784,1522 786,1522 787,1522 804,1512 806,1512 869,1512 897,1522 898,1522 900,1522 1100,1519 1102,1519 1121,1510 1143,1520 1144,1520 1146,1522 1276,1522 1276,1520 1278,1520 1314,1508 1314,1493 1310,1471 584,1464 582,1464 581,1464 579,1464 569,1469 570,1496"/>
        <Baseline points="570,1496 1314,1493"/>
        <TextEquiv conf="0.9979546027524131">
          <Unicode>Archiv VII.). — „Probabilibus desideriis“.</Unicode>
        </TextEquiv>
      </TextLine>
      <TextLine id="eSc_line_0b2207fc" custom="structure {type:default;}">
        <Coords points="507,1539 507,1556 2040,1553 2040,1534 2037,1500 1934,1500 1932,1500 1931,1500 1929,1500 1915,1508 1801,1502 1770,1500 1768,1500 1714,1502 1575,1508 1553,1503 1539,1500 1538,1500 1536,1500 1498,1503 1440,1510 1377,1505 1334,1502 1332,1502 1312,1505 1290,1512 1011,1512 874,1510 586,1503 584,1503 505,1512 507,1539"/>
        <Baseline points="507,1539 2040,1534"/>
        <TextEquiv conf="0.9944629705982444">
          <Unicode>f1739 Clero, ordini et plcbi Ariminensi Agnellum episcopum a se ordinatum commen-</Unicode>
        </TextEquiv>
      </TextLine>
      <TextLine id="eSc_line_dfdbd8cb" custom="structure {type:default;}">
        <Coords points="569,1582 569,1599 716,1608 717,1608 719,1608 721,1608 729,1601 733,1599 840,1599 844,1601 856,1609 857,1609 859,1609 861,1609 863,1609 864,1609 878,1601 880,1601 975,1609 977,1609 979,1609 1015,1601 1023,1599 1039,1601 1112,1609 1114,1609 1203,1601 1227,1599 1261,1601 1372,1608 1373,1608 1375,1608 1389,1601 1396,1597 1416,1601 1452,1608 1454,1608 1491,1601 1515,1597 1551,1601 1613,1608 1614,1608 1652,1601 1666,1599 1676,1601 1698,1608 1700,1608 1702,1609 1780,1609 1780,1608 1782,1608 1784,1608 1792,1601 1797,1597 1813,1601 1835,1608 1837,1608 1838,1608 2037,1601 2038,1579 2033,1556 567,1558 569,1582"/>
        <Baseline points="569,1582 2038,1579"/>
        <TextEquiv conf="0.9945261806249619">
          <Unicode>dat. Addit de praeceptis ei traditis. Tonini, Rimini II. 404. (Hanc epistolam ex</Unicode>
        </TextEquiv>
      </TextLine>
      <TextLine id="eSc_line_0ad6c4c5" custom="structure {type:default;}">
        <Coords points="567,1625 567,1642 2035,1643 2038,1620 2033,1596 565,1597 567,1625"/>
        <Baseline points="567,1625 2038,1620"/>
        <TextEquiv conf="0.9940316015627326">
          <Unicode>formula Libri diurni n. VII apud Rozicre p. 22 falsificatam esse, probabo in Neues</Unicode>
        </TextEquiv>
      </TextLine>
      <TextLine id="eSc_line_b1c89b28" custom="structure {type:default;}">
        <Coords points="569,1666 569,1679 786,1688 787,1688 871,1679 873,1679 931,1688 933,1688 1102,1686 1103,1686 1105,1686 1117,1678 1127,1686 1129,1686 1131,1686 1133,1688 1279,1688 1279,1686 1281,1686 1314,1676 1314,1662 1310,1638 948,1628 946,1628 893,1638 591,1630 589,1630 587,1630 567,1638 569,1666"/>
        <Baseline points="569,1666 1314,1662"/>
        <TextEquiv conf="0.99434504480589">
          <Unicode>Archiv VII.). — „Probabilibus desideriis“.</Unicode>
        </TextEquiv>
      </TextLine>
      <TextLine id="eSc_line_f2cb2c2a" custom="structure {type:default;}">
        <Coords points="528,1708 528,1727 789,1727 791,1727 813,1736 815,1736 816,1736 854,1727 857,1727 861,1727 922,1736 924,1736 926,1736 927,1736 939,1727 941,1727 1018,1727 1021,1727 1100,1736 1102,1736 1155,1727 1208,1736 1209,1736 1252,1727 1372,1734 1373,1734 1375,1734 1396,1725 1397,1725 1399,1725 1411,1734 1413,1734 1414,1734 1416,1736 1623,1736 1623,1734 1625,1734 1626,1734 1638,1725 1640,1725 1647,1725 1806,1734 1808,1734 1809,1734 1833,1725 1857,1734 1859,1734 1861,1736 2009,1736 2009,1734 2011,1734 2040,1724 2040,1705 2037,1681 526,1681 528,1708"/>
        <Baseline points="528,1708 2040,1705"/>
        <TextEquiv conf="0.989876751601696">
          <Unicode>1740 (1275) Vantilono et Arigio Gallis latorem praesentium, Hilarium, commendat.</Unicode>
        </TextEquiv>
      </TextLine>
      <TextLine id="eSc_line_16e89c75" custom="structure {type:default;}">
        <Coords points="567,1751 567,1768 2035,1763 2037,1746 2031,1724 565,1727 567,1751"/>
        <Baseline points="567,1751 2037,1746"/>
        <TextEquiv conf="0.9989291802946344">
          <Unicode>Reg. IX. 211, (Maur. IX. 118, Guss. VII. ind. II. ep. 123). — „Ad maiorem gloriae“.</Unicode>
        </TextEquiv>
      </TextLine>
      <TextLine id="eSc_line_9f8ccb02" custom="structure {type:default;}">
        <Coords points="529,1794 529,1811 2037,1804 2038,1787 2035,1765 1698,1758 1696,1758 1695,1758 1661,1766 1657,1768 1529,1768 1414,1768 1367,1758 1365,1758 1363,1758 1343,1766 1148,1760 1146,1760 974,1768 909,1760 907,1760 837,1768 765,1761 763,1761 762,1761 760,1761 750,1770 739,1761 738,1761 736,1761 541,1761 540,1761 538,1761 536,1761 528,1766 529,1794"/>
        <Baseline points="529,1794 2038,1787"/>
        <TextEquiv conf="0.996550203079269">
          <Unicode>1741 (1274) Brunichildae, reginae Francorum, Hilarium, epistolae huius latorem, com-</Unicode>
        </TextEquiv>
      </TextLine>
      <TextLine id="eSc_line_71a262b5" custom="structure {type:default;}">
        <Coords points="569,1835 569,1855 2038,1852 2040,1831 2037,1811 1319,1802 1317,1802 1315,1802 1314,1802 1298,1811 587,1804 586,1804 584,1804 567,1811 569,1835"/>
        <Baseline points="569,1835 2040,1831"/>
        <TextEquiv conf="0.9898916722892167">
          <Unicode>mendat. Reg. IX. 212, (Maur. IX. 117, Guss. VII. ind. II. ep. 122). — „Cum in</Unicode>
        </TextEquiv>
      </TextLine>
      <TextLine id="eSc_line_5f6df738" custom="structure {type:default;}">
        <Coords points="565,1876 565,1890 584,1900 586,1900 587,1900 861,1890 861,1876 861,1850 565,1850 565,1876"/>
        <Baseline points="565,1876 861,1876"/>
        <TextEquiv conf="0.9999924451112747">
          <Unicode>regni regimine“.</Unicode>
        </TextEquiv>
      </TextLine>
      <TextLine id="eSc_line_edd1dd1e" custom="structure {type:default;}">
        <Coords points="529,1920 529,1937 1659,1943 1661,1943 1949,1934 2019,1941 2021,1941 2023,1941 2025,1941 2040,1931 2040,1913 2037,1891 1790,1879 1789,1879 1787,1879 1758,1890 1678,1883 1676,1883 1674,1883 1647,1891 1643,1891 1616,1891 1370,1881 1368,1881 1367,1881 1365,1881 1351,1890 1285,1883 1283,1883 1213,1891 1196,1893 1179,1891 1109,1883 1023,1883 1021,1883 1020,1883 1001,1891 998,1893 936,1891 693,1884 692,1884 651,1891 635,1895 618,1891 577,1884 575,1884 528,1891 529,1920"/>
        <Baseline points="529,1920 2040,1913"/>
        <TextEquiv conf="0.9972861353088828">
          <Unicode>1742 (1276) Asclepiodoto (patricio) in Galliis Hilarium, praesentium portitorem, com-</Unicode>
        </TextEquiv>
      </TextLine>
      <TextLine id="eSc_line_712ae5ac" custom="structure {type:default;}">
        <Coords points="569,1961 569,1982 1295,1990 1297,1990 1341,1987 1406,1980 1493,1987 1522,1989 1524,1989 1592,1987 1864,1980 1878,1989 1879,1989 1881,1989 1883,1990 2038,1990 2040,1958 2037,1937 1319,1929 1317,1929 1315,1929 1295,1937 654,1931 652,1931 567,1939 569,1961"/>
        <Baseline points="569,1961 2040,1958"/>
        <TextEquiv conf="0.9930613727509221">
          <Unicode>mendat. Reg. IX. 225, (Maur. IX. 119, Guss. VII. ind. II. ep. 124). — „Qui ter-</Unicode>
        </TextEquiv>
      </TextLine>
      <TextLine id="eSc_line_207ba404" custom="structure {type:default;}">
        <Coords points="569,2002 569,2023 801,2016 801,2002 801,1975 569,1970 569,2002"/>
        <Baseline points="569,2002 801,2002"/>
        <TextEquiv conf="0.9998215712033786">
          <Unicode>renis rebus“.</Unicode>
        </TextEquiv>
      </TextLine>
      <TextLine id="eSc_line_2bce206d" custom="structure {type:default;}">
        <Coords points="529,2048 529,2066 683,2066 685,2066 716,2076 717,2076 719,2076 873,2066 921,2064 1042,2067 1283,2074 1285,2074 1358,2069 1420,2064 1430,2069 1437,2072 1438,2072 1440,2074 1567,2074 1567,2072 1568,2072 1570,2072 1573,2069 1587,2060 1669,2060 1691,2071 1695,2071 1696,2071 1698,2072 1789,2072 1789,2071 1790,2071 1792,2071 1804,2062 1879,2071 1884,2071 1886,2071 1890,2071 1951,2060 2040,2071 2043,2042 2040,2018 1734,2018 1732,2016 1719,2007 1717,2007 1715,2007 1714,2007 1423,2014 1227,2019 1211,2014 1197,2009 1196,2009 1194,2009 1192,2009 1172,2014 1148,2019 1119,2014 1095,2009 1093,2009 1069,2014 1040,2019 989,2013 951,2009 950,2009 528,2011 529,2048"/>
        <Baseline points="529,2048 2043,2042"/>
        <TextEquiv conf="0.9932168284316122">
          <Unicode>1743 (1266) Brunichildam, reginam Francorum, ut synodum fieri iubeat, rogat. Quae</Unicode>
        </TextEquiv>
      </TextLine>
      <TextLine id="eSc_line_92fb8135" custom="structure {type:default;}">
        <Coords points="569,2088 569,2110 2038,2112 2042,2084 2037,2062 567,2062 569,2088"/>
        <Baseline points="569,2088 2042,2084"/>
        <TextEquiv conf="0.9958637500383768">
          <Unicode>synodus praesente Cyriaco abbate et sub cura Syagrii, episcopi Augustodunensis, ha-</Unicode>
        </TextEquiv>
      </TextLine>
      <TextLine id="eSc_line_0adbd220" custom="structure {type:default;}">
        <Coords points="569,2127 567,2144 2037,2151 2040,2130 2037,2098 569,2100 569,2127"/>
        <Baseline points="569,2127 2040,2130"/>
        <TextEquiv conf="0.9980656511812325">
          <Unicode>bcatur. Significat de pallio, Syagrio episcopo pro eo, quod se in ca praedicatione,</Unicode>
        </TextEquiv>
      </TextLine>
      <TextLine id="eSc_line_cbf58579" custom="structure {type:default;}">
        <Coords points="569,2173 569,2190 581,2199 582,2199 584,2199 586,2199 656,2190 782,2199 784,2199 786,2199 810,2190 811,2190 816,2190 905,2199 907,2199 987,2192 1004,2190 2038,2197 2042,2173 2040,2151 569,2151 569,2173"/>
        <Baseline points="569,2173 2042,2173"/>
        <TextEquiv conf="0.9987809363799759">
          <Unicode>quae in Anglorum gente auctore Domino facta sit, devotum vehementer adhibuerit,</Unicode>
        </TextEquiv>
      </TextLine>
      <TextLine id="eSc_line_b885c0e1" custom="structure {type:default;}">
        <Coords points="567,2213 565,2230 623,2240 625,2240 2038,2233 2040,2216 2037,2185 567,2185 567,2213"/>
        <Baseline points="567,2213 2040,2216"/>
        <TextEquiv conf="0.9968208409845829">
          <Unicode>concesso. Ne Iudaeis mancipia christiana habere liccat, petit lege sanciri. Reg.</Unicode>
        </TextEquiv>
      </TextLine>
      <TextLine id="eSc_line_25d65696" custom="structure {type:default;}">
        <Coords points="567,2257 567,2277 2035,2269 2037,2252 2033,2230 579,2224 577,2224 575,2224 574,2224 565,2230 567,2257"/>
        <Baseline points="567,2257 2037,2252"/>
        <TextEquiv conf="0.9896287005624653">
          <Unicode>IX. 213, (Maur. IX. 109, Guss. VII. ind. II. ep. 114). — „Postquam excellentiae“.</Unicode>
        </TextEquiv>
      </TextLine>
      <TextLine id="eSc_line_a6909c53" custom="structure {type:default;}">
        <Coords points="531,2301 531,2320 999,2329 1001,2329 1003,2329 1030,2318 1035,2318 1039,2318 1068,2327 1069,2327 1071,2329 1365,2329 1365,2327 1408,2318 1409,2318 1413,2318 1534,2327 1536,2327 1584,2318 1960,2325 1961,2325 2038,2315 2040,2296 2037,2274 1977,2264 1975,2264 1628,2272 1532,2276 1421,2276 1416,2272 1403,2265 1401,2265 1399,2265 1397,2265 1373,2272 1362,2276 1174,2276 1167,2271 1158,2265 1156,2265 1155,2265 1153,2265 1052,2271 963,2276 904,2271 861,2267 859,2267 529,2269 531,2301"/>
        <Baseline points="531,2301 2040,2296"/>
        <TextEquiv conf="0.9952843414574135">
          <Unicode>1744 (1267) Theodericum et Theodebertum, reges Francorum, eadem, quae Brunichildam</Unicode>
        </TextEquiv>
      </TextLine>
      <TextLine id="eSc_line_47fec1f3" custom="structure {type:default;}">
        <Coords points="570,2341 570,2365 2035,2368 2038,2337 2033,2315 569,2315 570,2341"/>
        <Baseline points="570,2341 2038,2337"/>
        <TextEquiv conf="0.9871313442666847">
          <Unicode>superioribus litteris (reg. 1743), poscit. Reg. IX. 215, (Maur. IX. 110, Guss. VII.</Unicode>
        </TextEquiv>
      </TextLine>
      <TextLine id="eSc_line_ccbb97c5" custom="structure {type:default;}">
        <Coords points="567,2383 567,2397 714,2397 717,2397 750,2407 751,2407 753,2407 755,2407 780,2397 782,2397 857,2407 859,2407 926,2395 933,2395 934,2395 948,2406 950,2406 951,2406 953,2406 1057,2397 1069,2406 1071,2406 1073,2406 1074,2407 1153,2407 1153,2406 1155,2406 1156,2406 1168,2397 1177,2404 1177,2406 1179,2406 1180,2406 1182,2407 1262,2407 1262,2406 1264,2406 1295,2394 1295,2380 1291,2354 565,2354 567,2383"/>
        <Baseline points="567,2383 1295,2380"/>
        <TextEquiv conf="0.9923478290438652">
          <Unicode>ind. II. ep. 115). — „Cum regni vestri“.</Unicode>
        </TextEquiv>
      </TextLine>
      <TextLine id="eSc_line_bee8c527" custom="structure {type:default;}">
        <Coords points="531,2424 531,2447 2038,2450 2042,2424 2040,2402 531,2400 531,2424"/>
        <Baseline points="531,2424 2042,2424"/>
        <TextEquiv conf="0.9946188458374569">
          <Unicode>1745 (1268) Virgilium, episcopum Arelatensem, monet, ut privilegia monasterii Arela-</Unicode>
        </TextEquiv>
      </TextLine>
      <TextLine id="eSc_line_35302575" custom="structure {type:default;}">
        <Coords points="569,2467 569,2489 2042,2488 2042,2464 2038,2442 567,2442 569,2467"/>
        <Baseline points="569,2467 2042,2464"/>
        <TextEquiv conf="0.9999927573260807">
          <Unicode>tensis, a Childeberto rege constituta, quae tum Vigilius, decessor suus Aurelio eius</Unicode>
        </TextEquiv>
      </TextLine>
      <TextLine id="eSc_line_96feb825" custom="structure {type:default;}">
        <Coords points="569,2506 567,2522 623,2532 625,2532 2037,2530 2038,2512 2037,2486 569,2481 569,2506"/>
        <Baseline points="569,2506 2038,2512"/>
        <TextEquiv conf="0.9942758598445375">
          <Unicode>temporis episcopo, tum ipse confirmaverit, tueatur. Reg. IX. 216, (Maur. IX. 111,</Unicode>
        </TextEquiv>
      </TextLine>
      <TextLine id="eSc_line_04197035" custom="structure {type:default;}">
        <Coords points="567,2547 565,2563 738,2577 739,2577 741,2577 767,2566 780,2578 782,2578 784,2578 786,2580 821,2580 821,2578 823,2578 825,2578 825,2577 837,2566 902,2578 904,2580 951,2580 951,2578 953,2578 955,2578 970,2566 1011,2578 1013,2578 1015,2578 1136,2568 1148,2578 1148,2580 1150,2580 1151,2580 1153,2582 1310,2582 1310,2580 1312,2580 1314,2580 1332,2568 1363,2580 1365,2580 1367,2580 1520,2578 1522,2578 1558,2566 1560,2551 1558,2527 567,2525 567,2547"/>
        <Baseline points="567,2547 1560,2551"/>
        <TextEquiv conf="0.9968513371767821">
          <Unicode>Guss. VII. ind. II. ep. 116). — „Cum piae desideriur“.</Unicode>
        </TextEquiv>
      </TextLine>
      <TextLine id="eSc_line_9773f230" custom="structure {type:default;}">
        <Coords points="534,2594 534,2616 2038,2616 2040,2590 2035,2566 533,2566 534,2594"/>
        <Baseline points="534,2594 2040,2590"/>
        <TextEquiv conf="0.9909442117415279">
          <Unicode>1746 (1425) Aurelianum („et Francis“ forsitan „in Franciis“) post fratris mortem ab</Unicode>
        </TextEquiv>
      </TextLine>
      <TextLine id="eSc_line_4b9e475b" custom="structure {type:default;}">
        <Coords points="570,2636 570,2659 982,2659 1009,2672 1011,2672 1013,2674 1056,2674 1056,2672 1153,2660 1242,2670 1244,2670 1245,2670 1247,2670 1268,2659 1327,2659 1360,2670 1362,2670 1363,2672 1538,2672 1538,2670 1633,2655 1679,2667 1681,2667 1683,2667 1685,2667 1703,2659 1765,2669 1767,2669 1840,2657 1953,2669 1955,2669 1956,2669 1958,2669 1978,2653 2035,2652 2035,2631 2031,2607 569,2606 570,2636"/>
        <Baseline points="570,2636 2035,2631"/>
        <TextEquiv conf="0.993359826601945">
          <Unicode>adversariis vexatum consolatur. Reg. IX. 217, (Maur. XI. 75, Guss. IX. 70). —</Unicode>
        </TextEquiv>
      </TextLine>
      <TextLine id="eSc_line_17d58f4b" custom="structure {type:default;}">
        <Coords points="572,2679 572,2710 673,2710 692,2722 693,2722 695,2722 697,2722 849,2712 946,2720 948,2720 950,2720 951,2720 951,2718 965,2705 1001,2703 1001,2676 998,2650 772,2643 770,2643 695,2652 606,2643 604,2643 603,2643 570,2653 572,2679"/>
        <Baseline points="572,2679 1001,2676"/>
        <TextEquiv conf="0.959299610927701">
          <Unicode>„Audito dulcirsimi pII“.</Unicode>
        </TextEquiv>
      </TextLine>
    </TextRegion>
    <TextRegion id="eSc_textblock_7270e24a"  custom="structure {type:default;}">
      <Coords points="1040,95 1397,102 1411,155 1397,176 745,182 710,148 738,102 1040,95"/>
      <TextLine id="eSc_line_04aeba02" custom="structure {type:default;}">
        <Coords points="1192,97 1180,97 1163,105 1155,109 1129,105 1068,95 1056,95 1039,95 1021,95 1004,95 987,95 970,95 953,97 936,97 919,97 902,97 885,99 868,99 851,99 833,99 816,99 799,100 794,100 791,104 786,100 782,100 765,100 748,100 731,109 733,153 733,186 1061,186 1061,184 1062,184 1064,184 1064,182 1076,176 1085,182 1085,184 1086,184 1088,184 1090,184 1092,184 1095,182 1119,174 1203,182 1225,184 1227,184 1228,184 1235,182 1264,174 1293,182 1300,184 1302,184 1303,184 1391,181 1392,150 1389,111 1256,111 1245,107 1206,97 1192,97"/>
        <Baseline points="733,153 1392,150"/>
        <TextEquiv conf="0.9518219296421323">
          <Unicode>S. 41R(717On11S 1. 390) 601.</Unicode>
        </TextEquiv>
      </TextLine>
    </TextRegion>
    <TextRegion id="eSc_textblock_187955e7"  custom="structure {type:default;}">
      <Coords points="1956,109 2059,116 2066,155 1958,182 1931,141 1956,109"/>
      <TextLine id="eSc_line_5de07c39" custom="structure {type:default;}">
        <Coords points="1951,152 1951,170 1977,184 1978,184 1980,184 2031,182 2031,148 2026,112 1949,116 1951,152"/>
        <Baseline points="1951,152 2031,148"/>
        <TextEquiv conf="1.0">
          <Unicode>197</Unicode>
        </TextEquiv>
      </TextLine>
    </TextRegion>
    <TextRegion id="eSc_textblock_ed5ee22c"  custom="structure {type:default;}">
      <Coords points="167,2597 169,2602 164,2602 164,2597 167,2597"/>
    </TextRegion>
  </Page>
</PcGts>
