<?xml version="1.0" encoding="UTF-8"  standalone="yes"?>
<PcGts xmlns="http://schema.primaresearch.org/PAGE/gts/pagecontent/2019-07-15" xmlns:xsi="http://www.w3.org/2001/XMLSchema-instance" xsi:schemaLocation="http://schema.primaresearch.org/PAGE/gts/pagecontent/2019-07-15 http://schema.primaresearch.org/PAGE/gts/pagecontent/2019-07-15/pagecontent.xsd">
  <Metadata externalRef="pdf//regestapontificu01cath.pdf">
	<Creator>escriptorium</Creator>
	<Created>2026-02-12T11:36:08.493923+00:00</Created>
        <LastChange>2026-02-13T11:16:39.851452+00:00</LastChange>
  </Metadata>
  <Page imageFilename="regestapontificu01cath.pdf_page_394.png" imageWidth="2353" imageHeight="3055">
    <TextRegion id="eSc_textblock_20d7fd03"  custom="structure {type:default;}">
      <Coords points="337,122 494,135 500,169 475,181 488,156 454,154 426,208 339,224 516,244 2271,230 2271,2550 2251,2707 760,2707 733,2634 685,2612 706,2566 679,2532 706,2516 719,2430 699,2421 713,2396 679,2294 555,2272 555,2564 514,2639 312,2625 298,984 203,962 115,1003 101,970 129,930 181,923 215,950 263,923 292,860 292,244 319,222 298,135 337,122"/>
      <TextLine id="eSc_line_2e853002" custom="structure {type:default;}">
        <Coords points="319,176 320,257 412,259 412,173 407,132 315,135 319,176"/>
        <Baseline points="319,176 412,173"/>
        <TextEquiv conf="0.9933210015296936">
          <Unicode>54</Unicode>
        </TextEquiv>
      </TextLine>
      <TextLine id="eSc_line_e8224ab0" custom="structure {type:default;}">
        <Coords points="1599,234 1570,246 1434,235 1432,235 1346,247 1336,249 1055,249 1050,247 1015,239 1003,239 986,239 969,239 952,239 935,241 918,241 901,241 884,241 867,241 850,241 833,241 816,241 799,241 782,241 765,241 753,241 731,246 733,283 733,317 833,308 1641,310 1645,278 1643,247 1609,234 1599,234"/>
        <Baseline points="733,283 1645,278"/>
        <TextEquiv conf="0.9606055021286011">
          <Unicode>864. (Int. 12. — 1. A,„t. — 13. iup. I.„tarico a. 15.)</Unicode>
        </TextEquiv>
      </TextLine>
      <TextLine id="eSc_line_f5e0ea5b" custom="structure {type:default;}">
        <Coords points="797,334 797,363 1184,354 1295,363 1314,364 1315,364 1322,363 1366,354 1407,363 1414,364 1415,364 1429,363 1529,353 1679,353 1694,363 1695,363 1697,363 1699,363 1746,353 1821,363 1823,363 1825,363 1869,353 2240,363 2244,330 2240,300 2174,286 1993,286 1991,286 1989,286 1965,297 1836,286 1835,286 1774,298 1728,290 1726,290 1724,290 1690,298 1079,293 1078,293 796,302 797,334"/>
        <Baseline points="797,334 2244,330"/>
        <TextEquiv conf="0.9610597796468849">
          <Unicode>„„nt. N. 61. Iummler Oaalr. Ii. 1. 511. Waluer R. R. 11871; p. 326.) Mansi XV. 382.</Unicode>
        </TextEquiv>
      </TextLine>
      <TextLine id="eSc_line_88ac7557" custom="structure {type:default;}">
        <Coords points="794,376 794,397 1388,402 1390,402 1392,402 1420,393 1426,392 1429,393 1444,400 1446,400 1448,402 1634,402 1634,400 1636,400 1638,400 1648,392 1656,392 1808,398 1809,398 1855,390 1857,390 1867,398 1869,398 1870,398 1872,400 1960,400 1960,398 1962,398 2001,388 2001,369 1998,346 801,346 799,346 797,346 796,346 796,347 794,347 792,347 794,376"/>
        <Baseline points="794,376 2001,369"/>
        <TextEquiv conf="0.994222877575801">
          <Unicode>Migne 119 p. 881. Hontheim Hist. Trev. I. 207. — „Nuper fratres“.</Unicode>
        </TextEquiv>
      </TextLine>
      <TextLine id="eSc_line_d5a0847b" custom="structure {type:default;}">
        <Coords points="753,417 753,436 2246,439 2249,412 2244,388 752,392 753,417"/>
        <Baseline points="753,417 2249,412"/>
        <TextEquiv conf="0.9994272284564518">
          <Unicode>2765 (2091) Rodulfo, archiepiscopo Bituricensi, respondet: 1) ordinationes per chor-</Unicode>
        </TextEquiv>
      </TextLine>
      <TextLine id="eSc_line_0b804982" custom="structure {type:default;}">
        <Coords points="794,459 794,476 913,485 915,485 916,485 918,485 928,476 930,476 1134,476 1135,476 1149,485 1151,485 1152,485 1154,485 1200,476 1274,485 1276,485 1395,475 1407,475 1427,475 1665,483 1667,483 1794,473 1808,473 1830,473 2045,482 2047,482 2176,473 2222,482 2223,482 2225,482 2246,471 2246,454 2242,432 1762,424 1760,424 1259,434 842,427 840,427 792,436 794,459"/>
        <Baseline points="794,459 2246,454"/>
        <TextEquiv conf="0.9984556649938042">
          <Unicode>episcopos adhuc factas rescindendas non esse: in posterum autem videndum, ne epi-</Unicode>
        </TextEquiv>
      </TextLine>
      <TextLine id="eSc_line_752264de" custom="structure {type:default;}">
        <Coords points="794,500 794,529 1799,529 1799,527 1809,527 1884,519 2242,526 2246,493 2240,473 792,478 794,500"/>
        <Baseline points="794,500 2246,493"/>
        <TextEquiv conf="0.9913331758545105">
          <Unicode>scoporum auctoritas imminuatur; 2) primates patriarchasque „nihil privilegii habere</Unicode>
        </TextEquiv>
      </TextLine>
      <TextLine id="eSc_line_6ebe5cea" custom="structure {type:default;}">
        <Coords points="794,543 794,563 2244,565 2247,538 2242,514 792,514 794,543"/>
        <Baseline points="794,543 2247,538"/>
        <TextEquiv conf="0.9998782674471537">
          <Unicode>prae ceteris episcopis, nisi quantum sacri canones concedant et prisca consuetudo</Unicode>
        </TextEquiv>
      </TextLine>
      <TextLine id="eSc_line_c3b635bb" custom="structure {type:default;}">
        <Coords points="796,583 796,604 2244,597 2246,578 2240,553 794,560 796,583"/>
        <Baseline points="796,583 2246,578"/>
        <TextEquiv conf="0.9991985538426568">
          <Unicode>illis antiquitus concesserit“; 3) nec presbyteris, nec diaconis, cum ordinentur, more</Unicode>
        </TextEquiv>
      </TextLine>
      <TextLine id="eSc_line_99a6a86f" custom="structure {type:default;}">
        <Coords points="796,627 796,653 2246,653 2247,622 2244,602 794,600 796,627"/>
        <Baseline points="796,627 2247,622"/>
        <TextEquiv conf="0.985282740475219">
          <Unicode>Rtomano „manus chrismatis liquore perungi“; 4) de iis, „qui pro criminibus poeni-</Unicode>
        </TextEquiv>
      </TextLine>
      <TextLine id="eSc_line_20991a43" custom="structure {type:default;}">
        <Coords points="794,668 794,690 2242,690 2244,665 2239,641 792,643 794,668"/>
        <Baseline points="794,668 2244,665"/>
        <TextEquiv conf="0.99987271603416">
          <Unicode>tentiam gerant et ad cingulum militiae revertantur“; 5) de iis, „qui filiastros suos,</Unicode>
        </TextEquiv>
      </TextLine>
      <TextLine id="eSc_line_f70afafc" custom="structure {type:default;}">
        <Coords points="794,711 794,728 2242,723 2244,707 2240,685 806,678 804,678 803,678 801,678 792,683 794,711"/>
        <Baseline points="794,711 2244,707"/>
        <TextEquiv conf="0.9886257762000674">
          <Unicode>i. e. filios uxoris suae de viro priori, ad confirmationem coram episcopis tencant“:</Unicode>
        </TextEquiv>
      </TextLine>
      <TextLine id="eSc_line_035423a7" custom="structure {type:default;}">
        <Coords points="794,751 794,772 2244,773 2247,748 2242,728 792,728 794,751"/>
        <Baseline points="794,751 2247,748"/>
        <TextEquiv conf="0.9945259741794916">
          <Unicode>6) de „interfecctoribus suarum coniugum“; 7) „Gloria in excelsis Deo ab episcopis</Unicode>
        </TextEquiv>
      </TextLine>
      <TextLine id="eSc_line_4bff8928" custom="structure {type:default;}">
        <Coords points="794,794 794,812 2244,816 2247,790 2242,767 792,768 794,794"/>
        <Baseline points="794,794 2247,790"/>
        <TextEquiv conf="0.9997623222214835">
          <Unicode>in coena Domini inter missarum solemnia dicendum esse“. Significat de binis litteris</Unicode>
        </TextEquiv>
      </TextLine>
      <TextLine id="eSc_line_8300fffe" custom="structure {type:default;}">
        <Coords points="794,838 794,857 2242,857 2244,835 2240,806 823,804 821,804 819,804 792,812 794,838"/>
        <Baseline points="794,838 2244,835"/>
        <TextEquiv conf="0.9867264216854459">
          <Unicode>aliis ad cum missis; quarum alteris quae mandata sint, ea diligenter perfici iubet.,</Unicode>
        </TextEquiv>
      </TextLine>
      <TextLine id="eSc_line_d53bee84" custom="structure {type:default;}">
        <Coords points="794,880 794,902 2246,897 2247,875 2244,855 792,855 794,880"/>
        <Baseline points="794,880 2247,875"/>
        <TextEquiv conf="0.9992782981307419">
          <Unicode>alteras ad Hincmarum, archiepiscopum Remensem, ceterosque archiepiscopos in regno</Unicode>
        </TextEquiv>
      </TextLine>
      <TextLine id="eSc_line_2b57b7d5" custom="structure {type:default;}">
        <Coords points="794,921 794,945 2244,940 2244,921 2244,896 794,896 794,921"/>
        <Baseline points="794,921 2244,921"/>
        <TextEquiv conf="0.9940317294176887">
          <Unicode>Caroli Calvi regis constitutos deferri. (Vide Anal. iur. pont. X. 62.) Mansi XV. 389,</Unicode>
        </TextEquiv>
      </TextLine>
      <TextLine id="eSc_line_9094e4af" custom="structure {type:default;}">
        <Coords points="796,962 796,975 843,989 845,989 847,989 904,977 930,986 932,986 933,986 986,977 999,987 999,989 1001,989 1003,989 1005,989 1006,989 1040,977 1108,986 1110,986 1193,977 1205,987 1205,989 1207,989 1208,989 1210,989 1614,975 1614,962 1614,935 796,935 796,962"/>
        <Baseline points="796,962 1614,962"/>
        <TextEquiv conf="0.9833595130178664">
          <Unicode>Migne 119 p. 883. — „Susceptis beatitudinis“.</Unicode>
        </TextEquiv>
      </TextLine>
      <TextLine id="eSc_line_af4e764c" custom="structure {type:default;}">
        <Coords points="753,1004 753,1025 2247,1030 2251,1001 2246,969 1128,979 1117,977 1079,969 1078,969 1076,969 1074,969 1062,977 1059,979 1037,977 949,970 947,970 898,979 892,979 887,979 811,969 809,969 752,979 753,1004"/>
        <Baseline points="753,1004 2251,1001"/>
        <TextEquiv conf="0.999369431373685">
          <Unicode>2766 Omnibus archiepiscopis et episcopis Galliarum, Germaniarum et Belgicae provinciae</Unicode>
        </TextEquiv>
      </TextLine>
      <TextLine id="eSc_line_785079a8" custom="structure {type:default;}">
        <Coords points="794,1047 794,1065 2246,1064 2247,1043 2242,1020 792,1021 794,1047"/>
        <Baseline points="794,1047 2247,1043"/>
        <TextEquiv conf="0.999796021552313">
          <Unicode>mittit denuo epistolas pro confirmatione depositionis Thcutqaudi Trevirensis et Gun-</Unicode>
        </TextEquiv>
      </TextLine>
      <TextLine id="eSc_line_31e92b0d" custom="structure {type:default;}">
        <Coords points="794,1089 794,1106 1237,1115 1239,1115 1414,1104 1420,1104 1426,1104 1619,1113 1621,1113 1622,1113 1624,1113 1636,1104 1685,1113 1687,1113 1689,1113 1706,1104 2020,1111 2021,1111 2023,1111 2049,1103 2062,1111 2064,1111 2066,1111 2067,1111 2111,1103 2212,1111 2213,1111 2215,1111 2249,1099 2249,1084 2246,1060 806,1059 804,1059 803,1059 801,1059 792,1064 794,1089"/>
        <Baseline points="794,1089 2249,1084"/>
        <TextEquiv conf="0.9993333963700283">
          <Unicode>tharii Coloniensis archiepiscoporum. Episcopis, qui ex regno Lotharii in divortio</Unicode>
        </TextEquiv>
      </TextLine>
      <TextLine id="eSc_line_c7323a7b" custom="structure {type:default;}">
        <Coords points="794,1130 794,1150 2244,1155 2247,1126 2244,1106 792,1104 794,1130"/>
        <Baseline points="794,1130 2247,1126"/>
        <TextEquiv conf="0.995350930094719">
          <Unicode>Theutbergae et superinductione concubinae Waldradae consenserunt, et ad sese cum</Unicode>
        </TextEquiv>
      </TextLine>
      <TextLine id="eSc_line_c624f341" custom="structure {type:default;}">
        <Coords points="794,1174 794,1194 2244,1196 2247,1169 2242,1145 792,1147 794,1174"/>
        <Baseline points="794,1174 2247,1169"/>
        <TextEquiv conf="0.9918847571719777">
          <Unicode>professione sua epistolas missuri sint, indulgentiam promittit. Vide Hincmari Annal. 864</Unicode>
        </TextEquiv>
      </TextLine>
      <TextLine id="eSc_line_1b5a1561" custom="structure {type:default;}">
        <Coords points="796,1216 796,1232 1252,1240 1254,1240 1315,1230 1325,1230 1353,1230 1529,1238 1531,1238 1568,1230 1570,1230 1572,1230 1602,1238 1604,1238 1606,1238 1772,1228 1797,1228 1799,1228 1814,1237 1816,1237 1818,1238 1987,1238 1987,1237 1989,1237 1991,1237 2001,1228 2011,1237 2013,1237 2015,1237 2016,1238 2176,1238 2176,1237 2246,1227 2247,1211 2242,1189 794,1193 796,1216"/>
        <Baseline points="796,1216 2247,1211"/>
        <TextEquiv conf="0.9903497120668722">
          <Unicode>I. I. p. 466, cf. Anal. iur. pont. X. 72. Huic epistolae duo fragmenta, ex Collectione</Unicode>
        </TextEquiv>
      </TextLine>
      <TextLine id="eSc_line_d402ef48" custom="structure {type:default;}">
        <Coords points="794,1257 794,1278 2244,1279 2247,1254 2242,1233 792,1235 794,1257"/>
        <Baseline points="794,1257 2247,1254"/>
        <TextEquiv conf="0.9983077347278595">
          <Unicode>trium partium hausta, revindicat Sdralek De Nic. cod. p. 36— 38, quae cum eo hic</Unicode>
        </TextEquiv>
      </TextLine>
      <TextLine id="eSc_line_ae65de69" custom="structure {type:default;}">
        <Coords points="794,1298 794,1318 2244,1320 2247,1294 2242,1271 792,1272 794,1298"/>
        <Baseline points="794,1298 2247,1294"/>
        <TextEquiv conf="0.9965390001220265">
          <Unicode>insero, quamvis Collectionis illius ordine argumenta cius non satis probentur: 1)„Omni-</Unicode>
        </TextEquiv>
      </TextLine>
      <TextLine id="eSc_line_939dc09d" custom="structure {type:default;}">
        <Coords points="796,1342 796,1357 1329,1366 1330,1366 1375,1357 1380,1357 1392,1357 1510,1366 1512,1366 1514,1366 1516,1366 1526,1357 1527,1356 1536,1357 1563,1364 1565,1364 1566,1364 2244,1356 2246,1339 2240,1310 794,1318 796,1342"/>
        <Baseline points="796,1342 2246,1339"/>
        <TextEquiv conf="0.9987078266484397">
          <Unicode>bus archiepiscopis et cpiscopis per Galliam, Burgundiam atque Germaniam constitutis.</Unicode>
        </TextEquiv>
      </TextLine>
      <TextLine id="eSc_line_f4a77054" custom="structure {type:default;}">
        <Coords points="794,1383 794,1405 2246,1401 2247,1379 2244,1359 792,1357 794,1383"/>
        <Baseline points="794,1383 2247,1379"/>
        <TextEquiv conf="0.9954059380431508">
          <Unicode>Si unanimes fucritis, quis est, qui vobis resistat? Patres nostri etiam regibus (legi-</Unicode>
        </TextEquiv>
      </TextLine>
      <TextLine id="eSc_line_2b6f795b" custom="structure {type:default;}">
        <Coords points="794,1422 792,1439 806,1449 808,1449 809,1449 811,1451 1050,1451 1050,1449 1052,1449 1069,1440 1151,1449 1152,1449 1213,1440 1217,1440 1330,1440 1332,1440 1342,1449 1344,1449 1346,1449 1347,1449 1415,1442 1432,1440 1456,1442 1538,1449 1539,1449 1609,1444 1628,1442 1631,1444 1645,1451 1646,1451 1648,1451 1650,1451 1679,1444 1687,1442 1711,1444 1782,1451 1784,1451 1813,1446 1826,1442 1841,1446 1874,1451 1875,1451 1928,1446 1969,1442 2240,1447 2244,1425 2240,1396 794,1396 794,1422"/>
        <Baseline points="794,1422 2244,1425"/>
        <TextEquiv conf="0.9965980325836733">
          <Unicode>bus) restiterunt“. Coll. trium part. Nicolai I. ep. 42 ap. Sdralek I. I. p. 27. 38,</Unicode>
        </TextEquiv>
      </TextLine>
      <TextLine id="eSc_line_7ead8796" custom="structure {type:default;}">
        <Coords points="794,1466 794,1483 2247,1483 2249,1466 2246,1437 794,1442 794,1466"/>
        <Baseline points="794,1466 2249,1466"/>
        <TextEquiv conf="0.9983006792909959">
          <Unicode>cod. Berol. lat. fol. 197 f. 85. 2) „Pracdictis autem depositis licentiam concessimus</Unicode>
        </TextEquiv>
      </TextLine>
      <TextLine id="eSc_line_b6b95ff7" custom="structure {type:default;}">
        <Coords points="794,1508 794,1534 1239,1529 1390,1535 1443,1537 1444,1537 1446,1537 1453,1535 1478,1529 1514,1535 1517,1535 1519,1535 1538,1535 1757,1527 1833,1535 1836,1535 1838,1535 1841,1535 1906,1527 1933,1535 1935,1535 1937,1537 2244,1537 2246,1505 2240,1485 792,1486 794,1508"/>
        <Baseline points="794,1508 2246,1505"/>
        <TextEquiv conf="0.9943671866161067">
          <Unicode>ecclesiam ingrediendi et communicandi sicut laici et loquendi suas utilitates, non</Unicode>
        </TextEquiv>
      </TextLine>
      <TextLine id="eSc_line_6c629f4e" custom="structure {type:default;}">
        <Coords points="792,1552 792,1571 2244,1568 2246,1547 2240,1522 791,1525 792,1552"/>
        <Baseline points="792,1552 2246,1547"/>
        <TextEquiv conf="0.9943026013152544">
          <Unicode>autem turbas concitandi vel scandalum sollicitandi illis tribuimus facultatem. Quantum</Unicode>
        </TextEquiv>
      </TextLine>
      <TextLine id="eSc_line_55cf76de" custom="structure {type:default;}">
        <Coords points="792,1595 792,1612 1103,1620 1105,1620 1106,1620 1123,1612 1125,1612 2246,1612 2247,1590 2244,1568 1801,1559 1799,1559 1760,1568 1758,1568 1736,1568 1280,1561 1278,1561 1276,1561 1274,1561 1266,1569 1264,1569 1224,1569 819,1563 818,1563 816,1563 791,1569 792,1595"/>
        <Baseline points="792,1595 2247,1590"/>
        <TextEquiv conf="0.9948393682415566">
          <Unicode>autem ad episcopale ministerium spccialiter pertinct, nulla sit eis licentia contingendi,</Unicode>
        </TextEquiv>
      </TextLine>
      <TextLine id="eSc_line_fd674d2e" custom="structure {type:default;}">
        <Coords points="611,1605 611,1648 634,1642 634,1605 629,1469 611,1481 611,1605"/>
        <Baseline points="611,1605 634,1605"/>
        <TextEquiv>
          <Unicode></Unicode>
        </TextEquiv>
      </TextLine>
      <TextLine id="eSc_line_418436d6" custom="structure {type:default;}">
        <Coords points="794,1636 794,1653 972,1653 981,1654 1016,1661 1018,1661 1062,1654 1072,1653 1079,1654 1117,1664 1118,1664 1120,1664 1190,1656 1278,1664 1280,1664 1281,1664 1319,1654 1325,1653 1330,1654 1351,1663 1353,1663 1354,1664 1490,1664 1490,1663 1492,1663 1509,1654 1512,1654 1561,1663 1563,1663 1565,1663 1583,1654 1589,1653 1599,1654 1641,1663 1643,1663 1690,1654 1714,1651 1872,1651 1882,1654 1903,1663 1904,1663 1906,1664 2035,1664 2035,1663 2037,1663 2055,1654 2066,1651 2083,1654 2117,1663 2118,1663 2244,1654 2246,1632 2240,1612 792,1614 794,1636"/>
        <Baseline points="794,1636 2246,1632"/>
        <TextEquiv conf="0.9969965050249924">
          <Unicode>sicut nos cum sancta synodo decrevisse iam constat“. Coll. trium part. Nicolai I.</Unicode>
        </TextEquiv>
      </TextLine>
      <TextLine id="eSc_line_3e6f7dd4" custom="structure {type:default;}">
        <Coords points="794,1676 794,1695 2244,1700 2247,1673 2242,1646 792,1653 794,1676"/>
        <Baseline points="794,1676 2247,1673"/>
        <TextEquiv conf="0.9944322598831994">
          <Unicode>ep. 39 (quae titulo proprio carens capitula ex concilio a. 863 (supra p. 351) sumpta</Unicode>
        </TextEquiv>
      </TextLine>
      <TextLine id="eSc_line_c413eea1" custom="structure {type:default;}">
        <Coords points="794,1717 792,1732 2242,1736 2246,1720 2244,1697 794,1693 794,1717"/>
        <Baseline points="794,1717 2246,1720"/>
        <TextEquiv conf="0.9941064400619335">
          <Unicode>sequitur) ap. Sdralek I. I. p. 38. cod. Berol. lat. fol. 197 f. 85, Gratiani dccr. C. XI.</Unicode>
        </TextEquiv>
      </TextLine>
      <TextLine id="eSc_line_235d024a" custom="structure {type:default;}">
        <Coords points="794,1763 794,1780 1123,1787 1125,1787 1171,1780 1181,1778 1201,1780 1322,1788 1324,1788 1325,1788 1351,1778 1353,1778 1361,1778 1453,1788 1454,1788 1456,1788 1458,1788 1473,1778 1475,1776 1488,1778 1546,1787 1548,1787 1594,1778 1602,1776 1622,1778 1740,1787 1741,1787 1785,1776 1789,1776 1801,1787 1802,1787 1804,1787 1806,1788 2094,1788 2094,1787 2096,1787 2139,1775 2139,1760 2133,1737 792,1739 794,1763"/>
        <Baseline points="794,1763 2139,1760"/>
        <TextEquiv conf="0.993973797791964">
          <Unicode>qu. 3. c. 10, cf. Anal. iur. pont. X. 97. — „Si unanimes“ „Praedictis autem“.</Unicode>
        </TextEquiv>
      </TextLine>
      <TextLine id="eSc_line_e98859b0" custom="structure {type:default;}">
        <Coords points="752,1804 752,1821 2244,1822 2246,1804 2246,1778 752,1776 752,1804"/>
        <Baseline points="752,1804 2246,1804"/>
        <TextEquiv conf="0.9927298441911355">
          <Unicode>2767 (2092) Franconi, episcopo Tungrensi, per Richardum diaconum se excusanti,</Unicode>
        </TextEquiv>
      </TextLine>
      <TextLine id="eSc_line_01b2ebc1" custom="structure {type:default;}">
        <Coords points="329,1805 329,1843 412,1849 414,1849 415,1849 417,1849 446,1831 500,1824 500,1800 495,1749 439,1760 325,1739 329,1805"/>
        <Baseline points="329,1805 500,1800"/>
        <TextEquiv conf="0.976197861135006">
          <Unicode>Sept 17.</Unicode>
        </TextEquiv>
      </TextLine>
      <TextLine id="eSc_line_773a7a3f" custom="structure {type:default;}">
        <Coords points="794,1844 794,1865 1315,1861 1347,1863 1463,1870 1465,1870 1466,1870 1468,1870 1478,1861 1480,1861 1487,1861 1539,1868 1541,1868 1622,1861 1648,1860 1675,1861 1784,1868 1785,1868 1838,1860 1845,1860 1881,1860 2227,1868 2229,1868 2230,1868 2232,1868 2247,1858 2247,1841 2244,1819 1526,1810 1524,1810 1522,1810 1521,1810 1505,1819 896,1812 894,1812 792,1821 794,1844"/>
        <Baseline points="794,1844 2247,1841"/>
        <TextEquiv conf="0.9932998468478521">
          <Unicode>„concilii vanitatis“ societatem condonat. Laudat cum, quod Giuntharii, archiepiscopi</Unicode>
        </TextEquiv>
      </TextLine>
      <TextLine id="eSc_line_51637edf" custom="structure {type:default;}">
        <Coords points="792,1887 792,1907 1006,1907 1011,1907 1052,1916 1054,1916 1055,1916 1057,1916 1067,1907 1069,1907 1385,1907 1387,1907 1465,1916 1466,1916 1538,1905 1549,1905 1577,1905 1748,1914 1750,1914 1858,1905 1867,1905 1870,1905 1916,1914 1918,1916 2205,1916 2205,1914 2247,1904 2249,1883 2244,1863 791,1865 792,1887"/>
        <Baseline points="792,1887 2249,1883"/>
        <TextEquiv conf="0.9993208862212767">
          <Unicode>Coloniensis, „ministerium vetitum usurpantis“, et Theutqualdi Trevirensis communio-</Unicode>
        </TextEquiv>
      </TextLine>
      <TextLine id="eSc_line_1f6ba213" custom="structure {type:default;}">
        <Coords points="794,1931 794,1956 2247,1950 2249,1924 2244,1899 792,1905 794,1931"/>
        <Baseline points="794,1931 2249,1924"/>
        <TextEquiv conf="0.9923437186229376">
          <Unicode>nem defugiat. Hortatur, ut Lotharii regis „vulnus admonendo, blandiendo, suadendo</Unicode>
        </TextEquiv>
      </TextLine>
      <TextLine id="eSc_line_bb8c1dc8" custom="structure {type:default;}">
        <Coords points="794,1972 794,1987 2244,1989 2247,1968 2242,1938 2183,1946 2016,1939 1971,1938 1969,1938 1954,1939 1914,1946 1884,1941 1867,1938 1865,1938 1808,1941 1728,1946 1721,1941 1716,1938 1714,1938 1712,1938 1711,1938 1651,1943 1607,1946 1600,1943 1594,1938 1592,1938 1590,1938 1589,1938 1548,1943 1516,1948 1334,1946 937,1939 935,1939 933,1939 932,1939 918,1948 835,1939 833,1939 831,1939 792,1950 794,1972"/>
        <Baseline points="794,1972 2247,1968"/>
        <TextEquiv conf="0.9993286556508167">
          <Unicode>curet“, doncc „carnem suam, quam a se proiiciat, reciso membro meretricis, etsi non</Unicode>
        </TextEquiv>
      </TextLine>
      <TextLine id="eSc_line_a0b63296" custom="structure {type:default;}">
        <Coords points="794,2014 794,2029 814,2040 816,2040 818,2041 911,2041 911,2040 913,2040 915,2040 926,2031 928,2031 935,2031 1117,2040 1118,2040 1173,2033 1188,2031 1203,2033 1252,2040 1254,2040 1327,2033 1363,2031 1400,2034 1460,2040 1461,2040 1521,2034 1572,2031 1594,2036 1612,2040 1614,2040 1645,2036 1684,2031 1728,2036 1753,2040 1755,2040 1757,2040 1763,2036 1779,2031 1816,2038 1835,2040 1836,2040 1914,2038 2156,2031 2246,2040 2247,2014 2247,1992 794,1992 794,2014"/>
        <Baseline points="794,2014 2247,2014"/>
        <TextEquiv conf="0.9996796386151374">
          <Unicode>sponte, saltem invitus receperit“. Sirmond Conc. Gall. III. 245, Mansi XV. 311,</Unicode>
        </TextEquiv>
      </TextLine>
      <TextLine id="eSc_line_718a609f" custom="structure {type:default;}">
        <Coords points="796,2055 796,2075 1195,2068 1198,2072 1203,2075 1203,2077 1205,2077 1207,2077 1208,2079 1426,2079 1426,2077 1427,2077 1443,2068 1449,2075 1449,2077 1451,2077 1453,2077 1454,2079 1521,2079 1521,2077 1522,2077 1551,2067 1551,2051 1548,2029 794,2026 796,2055"/>
        <Baseline points="796,2055 1551,2051"/>
        <TextEquiv conf="0.99006227850914">
          <Unicode>Migne 119 p. 885. — „Excusationis tuae“.</Unicode>
        </TextEquiv>
      </TextLine>
      <TextLine id="eSc_line_63a1415e" custom="structure {type:default;}">
        <Coords points="753,2097 753,2116 2244,2119 2247,2094 2244,2070 1826,2070 1789,2060 1787,2060 1785,2060 1612,2068 1548,2060 1546,2060 1449,2070 1030,2062 1028,2062 972,2070 915,2062 913,2062 847,2070 780,2062 779,2062 777,2062 752,2070 753,2097"/>
        <Baseline points="753,2097 2247,2094"/>
        <TextEquiv conf="0.9854574115438894">
          <Unicode>2768 (2093) Adventii. episcopi Mctensis, satisfactionem accipit; eique, si in eo maneat,</Unicode>
        </TextEquiv>
      </TextLine>
      <TextLine id="eSc_line_455f7e01" custom="structure {type:default;}">
        <Coords points="351,2152 407,2152 407,2150 409,2150 410,2150 421,2140 434,2130 500,2130 500,2096 497,2038 439,2029 438,2029 436,2029 434,2029 426,2036 410,2048 385,2048 349,2034 351,2099 351,2152"/>
        <Baseline points="351,2099 500,2096"/>
        <TextEquiv conf="0.96938556432724">
          <Unicode>(„„</Unicode>
        </TextEquiv>
      </TextLine>
      <TextLine id="eSc_line_c0d01d3b" custom="structure {type:default;}">
        <Coords points="794,2140 794,2163 1213,2169 1215,2169 1278,2162 1308,2158 1361,2162 1470,2167 1471,2167 1473,2167 1487,2160 1492,2158 1594,2158 1609,2160 1668,2167 1670,2167 1904,2158 1947,2157 1952,2157 1976,2165 1977,2165 1979,2167 2203,2167 2203,2165 2247,2155 2249,2135 2244,2114 792,2118 794,2140"/>
        <Baseline points="794,2140 2249,2135"/>
        <TextEquiv conf="0.9934935331344604">
          <Unicode>quod de vitanda Theutgualdi Trevirensis et Guntharii Coloniensis communione pro-</Unicode>
        </TextEquiv>
      </TextLine>
      <TextLine id="eSc_line_5867c40c" custom="structure {type:default;}">
        <Coords points="796,2180 796,2201 2242,2206 2246,2177 2240,2155 794,2157 796,2180"/>
        <Baseline points="796,2180 2246,2177"/>
        <TextEquiv conf="0.992114069370123">
          <Unicode>miserit, bene precatur. Sirmond Conc. Gall. III. 244, Mansi XV. 372, Migne 119</Unicode>
        </TextEquiv>
      </TextLine>
      <TextLine id="eSc_line_75aca61b" custom="structure {type:default;}">
        <Coords points="796,2223 796,2245 1347,2238 1347,2223 1346,2192 796,2196 796,2223"/>
        <Baseline points="796,2223 1347,2223"/>
        <TextEquiv conf="0.9983045776685079">
          <Unicode>p. 887. — „Excusationis tuae“.</Unicode>
        </TextEquiv>
      </TextLine>
      <TextLine id="eSc_line_6d2fb443" custom="structure {type:default;}">
        <Coords points="344,2265 344,2323 410,2308 421,2316 426,2320 427,2320 429,2320 431,2320 504,2306 504,2265 504,2230 483,2216 482,2216 480,2216 453,2216 451,2216 449,2216 448,2216 432,2228 426,2231 344,2223 344,2265"/>
        <Baseline points="344,2265 504,2265"/>
        <TextEquiv conf="0.8371835393565041">
          <Unicode>(„ 17.)</Unicode>
        </TextEquiv>
      </TextLine>
      <TextLine id="eSc_line_dfdd060b" custom="structure {type:default;}">
        <Coords points="750,2267 750,2286 2242,2291 2246,2262 2240,2226 748,2238 750,2267"/>
        <Baseline points="750,2267 2246,2262"/>
        <TextEquiv conf="0.9930073101441939">
          <Unicode>2769 *Carolo (Calvo) regi aeribit, faciat ut cx singulis regni sui provinciis metropolitae,</Unicode>
        </TextEquiv>
      </TextLine>
      <TextLine id="eSc_line_0ee29655" custom="structure {type:default;}">
        <Coords points="794,2308 794,2328 2244,2326 2246,2301 2240,2279 792,2281 794,2308"/>
        <Baseline points="794,2308 2246,2301"/>
        <TextEquiv conf="0.9911040648237451">
          <Unicode>aut bini suffraganei illorum XIV. kal. Iul. Romae ad synodum cclebrandam con-</Unicode>
        </TextEquiv>
      </TextLine>
      <TextLine id="eSc_line_0edc2a27" custom="structure {type:default;}">
        <Coords points="797,2348 797,2367 2244,2362 2246,2343 2242,2316 796,2316 797,2348"/>
        <Baseline points="797,2348 2246,2343"/>
        <TextEquiv conf="0.9933416290981013">
          <Unicode>veniant. Ut episcopos Lotharii regni de hac synodo certiores reddat, monct. (Ilanc</Unicode>
        </TextEquiv>
      </TextLine>
      <TextLine id="eSc_line_3f7f5cfc" custom="structure {type:default;}">
        <Coords points="794,2393 794,2415 1196,2420 1198,2420 1234,2413 1241,2411 1244,2413 1259,2420 1261,2420 1263,2420 1264,2420 1283,2411 1290,2410 1295,2411 1310,2418 1312,2418 1314,2418 1563,2410 1594,2410 1606,2410 1724,2418 1726,2418 1728,2418 1729,2418 1741,2410 1848,2416 1850,2416 1920,2408 1921,2408 1926,2408 2215,2416 2217,2416 2218,2416 2247,2404 2247,2387 2242,2365 792,2371 794,2393"/>
        <Baseline points="794,2393 2247,2387"/>
        <TextEquiv conf="0.9928601616766395">
          <Unicode>ep. papa codem tempore ac regg. 2767. 2768 scripsit, ut ep. Adventii Metensis epi-</Unicode>
        </TextEquiv>
      </TextLine>
      <TextLine id="eSc_line_75767500" custom="structure {type:default;}">
        <Coords points="794,2432 794,2454 2244,2454 2246,2428 2242,2406 792,2406 794,2432"/>
        <Baseline points="794,2432 2246,2428"/>
        <TextEquiv conf="0.9850191672643026">
          <Unicode>scopi ap. Baronium a. 864 n. 6 docet. Sed forte, ut Hefcle IV. 280 credit, legen-</Unicode>
        </TextEquiv>
      </TextLine>
      <TextLine id="eSc_line_0221b24f" custom="structure {type:default;}">
        <Coords points="796,2476 796,2493 2244,2491 2246,2471 2240,2444 794,2445 796,2476"/>
        <Baseline points="796,2476 2246,2471"/>
        <TextEquiv conf="0.9969144588635291">
          <Unicode>dum est „kal. Nov.“ ita ut ad synodum anni 864 episcopi vocentur. Contra Diimmler</Unicode>
        </TextEquiv>
      </TextLine>
      <TextLine id="eSc_line_fc92fdaf" custom="structure {type:default;}">
        <Coords points="794,2515 794,2539 2244,2544 2246,2511 2240,2488 792,2493 794,2515"/>
        <Baseline points="794,2515 2246,2511"/>
        <TextEquiv conf="0.9952865540981293">
          <Unicode>Ostfr. R. I. 556 epistolam anno 865 adscribit et ad eandem synodum, quam reges</Unicode>
        </TextEquiv>
      </TextLine>
      <TextLine id="eSc_line_383f3009" custom="structure {type:default;}">
        <Coords points="794,2557 794,2579 1819,2578 1821,2554 1816,2532 792,2533 794,2557"/>
        <Baseline points="794,2557 1821,2554"/>
        <TextEquiv conf="0.9972455645429676">
          <Unicode>Carolus et Ludovicus impediverunt (vide ep. 2788) refert.)</Unicode>
        </TextEquiv>
      </TextLine>
      <TextLine id="eSc_line_dfb3e81a" custom="structure {type:default;}">
        <Coords points="757,2600 757,2620 2161,2622 2162,2622 2244,2612 2244,2595 2239,2566 755,2572 757,2600"/>
        <Baseline points="757,2600 2244,2595"/>
        <TextEquiv conf="0.9950015537346466">
          <Unicode>2770 *Ludovico (Germanico) regi eodem modo ac supra reg. 2769 scribit, curet ut</Unicode>
        </TextEquiv>
      </TextLine>
      <TextLine id="eSc_line_c0979420" custom="structure {type:default;}">
        <Coords points="349,2603 349,2635 421,2639 448,2668 465,2683 465,2685 466,2685 468,2685 470,2686 507,2686 507,2603 507,2574 494,2567 492,2567 490,2567 488,2567 349,2574 349,2603"/>
        <Baseline points="349,2603 507,2603"/>
        <TextEquiv conf="0.894753947854042">
          <Unicode>( 1“</Unicode>
        </TextEquiv>
      </TextLine>
      <TextLine id="eSc_line_627e93b5" custom="structure {type:default;}">
        <Coords points="799,2640 799,2666 1173,2676 1174,2676 1176,2676 1178,2676 1191,2666 1327,2666 1546,2666 1548,2666 1585,2676 1587,2676 1589,2676 1590,2676 1617,2666 1619,2666 1651,2678 1653,2678 1655,2679 1758,2679 1758,2678 2133,2676 2135,2676 2137,2676 2154,2666 2156,2664 2159,2666 2184,2673 2186,2673 2188,2673 2242,2664 2242,2635 2237,2615 797,2618 799,2640"/>
        <Baseline points="799,2640 2242,2635"/>
        <TextEquiv conf="0.9897435009479523">
          <Unicode>regni sui metropolitae aut duo suffraganci XIV. kal. Iul. Romae ad synodum cele-</Unicode>
        </TextEquiv>
      </TextLine>
      <TextLine id="eSc_line_a16f559a" custom="structure {type:default;}">
        <Coords points="799,2681 797,2718 1122,2725 1123,2725 1125,2725 1127,2725 1139,2717 1145,2713 1162,2717 1203,2725 1205,2725 1207,2725 1208,2725 1218,2717 1222,2715 1556,2715 1558,2685 1556,2656 799,2654 799,2681"/>
        <Baseline points="799,2681 1558,2685"/>
        <TextEquiv conf="0.9964659403010112">
          <Unicode>brandam conveniant. Cf. ep. praecedentem.</Unicode>
        </TextEquiv>
      </TextLine>
    </TextRegion>
    <TextRegion id="eSc_textblock_f85df6ce"  custom="structure {type:default;}">
      <Coords points="1084,122 1558,128 1578,181 1544,201 1286,208 984,195 998,128 1084,122"/>
      <TextLine id="eSc_line_7509d532" custom="structure {type:default;}">
        <Coords points="1161,122 1144,122 1127,122 1110,122 1093,122 1076,122 1059,123 1042,123 1025,125 1008,127 1010,173 1010,205 1089,195 1256,203 1257,203 1259,203 1293,191 1549,201 1553,169 1548,134 1232,134 1227,134 1174,122 1161,122"/>
        <Baseline points="1010,173 1553,169"/>
        <TextEquiv conf="0.9669826676448187">
          <Unicode>N1(01.44“8 I. S5S — S67.</Unicode>
        </TextEquiv>
      </TextLine>
    </TextRegion>
    <TextRegion id="eSc_textblock_ec69a6fa"  custom="structure {type:default;}">
      <Coords points="580,162 643,162 643,168 590,181 580,162"/>
    </TextRegion>
    <TextRegion id="eSc_textblock_f50a3243"  custom="structure {type:default;}">
      <Coords points="655,162 663,162 670,174 651,174 655,162"/>
    </TextRegion>
    <TextRegion id="eSc_textblock_1936d637"  custom="structure {type:default;}">
      <Coords points="567,169 568,174 563,174 563,169 567,169"/>
    </TextRegion>
  </Page>
</PcGts>
