<?xml version="1.0" encoding="UTF-8"  standalone="yes"?>
<PcGts xmlns="http://schema.primaresearch.org/PAGE/gts/pagecontent/2019-07-15" xmlns:xsi="http://www.w3.org/2001/XMLSchema-instance" xsi:schemaLocation="http://schema.primaresearch.org/PAGE/gts/pagecontent/2019-07-15 http://schema.primaresearch.org/PAGE/gts/pagecontent/2019-07-15/pagecontent.xsd">
  <Metadata externalRef="pdf//regestapontificu01cath.pdf">
	<Creator>escriptorium</Creator>
	<Created>2026-02-12T11:35:19.181649+00:00</Created>
        <LastChange>2026-02-13T11:12:19.175820+00:00</LastChange>
  </Metadata>
  <Page imageFilename="regestapontificu01cath.pdf_page_373.png" imageWidth="2278" imageHeight="3076">
    <TextRegion id="eSc_textblock_8652a8df"  custom="structure {type:default;}">
      <Coords points="808,225 2059,232 2038,2718 546,2732 483,2698 300,2705 273,2664 264,2206 251,2684 210,2705 88,2684 54,2130 68,307 102,239 808,225"/>
      <TextLine id="eSc_line_80c58aa2" custom="structure {type:default;}">
        <Coords points="499,283 499,307 676,305 678,280 675,247 618,235 616,235 615,235 574,249 557,237 555,237 553,237 514,237 512,237 510,237 509,237 509,239 497,247 499,283"/>
        <Baseline points="499,283 678,280"/>
        <TextEquiv conf="0.999251551926136">
          <Unicode>851. in.</Unicode>
        </TextEquiv>
      </TextLine>
      <TextLine id="eSc_line_501b76ae" custom="structure {type:default;}">
        <Coords points="560,329 560,357 659,348 763,348 775,355 775,357 777,357 779,357 780,357 782,357 787,355 813,348 919,348 931,355 934,357 936,357 938,357 939,357 1027,353 1172,348 1194,352 1218,357 1220,357 1268,352 1319,346 1329,352 1338,355 1339,355 1341,355 2021,345 2023,326 2019,287 1835,276 1833,276 1635,285 886,278 885,278 883,278 852,287 842,278 840,278 839,278 738,278 736,278 558,288 560,329"/>
        <Baseline points="560,329 2023,326"/>
        <TextEquiv conf="0.9491129052780923">
          <Unicode>(uerit inaenta. illam emere non dedirnetur onantumenrrpur fuerit previi. et. adl na-</Unicode>
        </TextEquiv>
      </TextLine>
      <TextLine id="eSc_line_be30a257" custom="structure {type:default;}">
        <Coords points="560,372 560,396 2021,401 2023,372 2021,346 560,350 560,372"/>
        <Baseline points="560,372 2023,372"/>
        <TextEquiv conf="0.9968373467413227">
          <Unicode>dirigere, quia nostris pontificalibus vestimentis valde nobis necessaria videtur, eo quod</Unicode>
        </TextEquiv>
      </TextLine>
      <TextLine id="eSc_line_60ddb149" custom="structure {type:default;}">
        <Coords points="558,415 558,439 2021,439 2023,411 2018,387 557,387 558,415"/>
        <Baseline points="558,415 2023,411"/>
        <TextEquiv conf="0.998104049878962">
          <Unicode>frequenter in festivitatibus sollempnibus eiusmodi coloris aut lanao nos optimatesque</Unicode>
        </TextEquiv>
      </TextLine>
      <TextLine id="eSc_line_9b27292e" custom="structure {type:default;}">
        <Coords points="560,456 560,473 2021,480 2025,452 2021,425 558,425 560,456"/>
        <Baseline points="560,456 2025,452"/>
        <TextEquiv conf="0.9978161245943552">
          <Unicode>nostri induimur vestimentis“. Denique per missos consulenti respondlet, prestyteros</Unicode>
        </TextEquiv>
      </TextLine>
      <TextLine id="eSc_line_05baf6e8" custom="structure {type:default;}">
        <Coords points="560,497 558,524 2018,528 2021,500 2019,476 560,475 560,497"/>
        <Baseline points="560,497 2021,500"/>
        <TextEquiv conf="0.9951923129322765">
          <Unicode>aliosque clericos, etiamsi inordinate promoti fucrint, sacerdotalibus officiis fungi possc,</Unicode>
        </TextEquiv>
      </TextLine>
      <TextLine id="eSc_line_c8870de2" custom="structure {type:default;}">
        <Coords points="560,540 560,563 2023,560 2023,540 2023,516 560,516 560,540"/>
        <Baseline points="560,540 2023,540"/>
        <TextEquiv conf="0.9981998997490581">
          <Unicode>confirmans Anastasii (II.) verba: Mali bona ministrando, sibi tantum non aliis no-</Unicode>
        </TextEquiv>
      </TextLine>
      <TextLine id="eSc_line_9eae7d86" custom="structure {type:default;}">
        <Coords points="560,581 558,598 666,599 683,613 685,613 686,613 688,613 690,613 714,603 777,613 779,613 780,613 801,603 873,611 874,611 876,611 898,603 904,601 910,603 946,613 948,613 950,613 992,603 1006,601 1233,601 1244,606 1257,613 1259,613 1261,613 1262,613 1276,606 1290,601 1350,608 1413,615 1414,616 1608,616 1608,615 1609,615 1625,611 1655,603 1737,613 1763,615 1765,616 1896,616 1896,615 1898,615 1900,615 1919,604 2016,615 2019,584 2018,557 560,550 560,581"/>
        <Baseline points="560,581 2019,584"/>
        <TextEquiv conf="0.9848433214993704">
          <Unicode>cent. (Fragmenta). Coll. Brit. Leonis ep. 17 (lvonis decr. X. c. 86, Mansi XIV. 888,</Unicode>
        </TextEquiv>
      </TextLine>
      <TextLine id="eSc_line_38f94cf2" custom="structure {type:default;}">
        <Coords points="560,625 560,651 1403,651 1403,625 1403,601 560,594 560,625"/>
        <Baseline points="560,625 1403,625"/>
        <TextEquiv conf="0.9937825812849888">
          <Unicode>Migene 115 p. 673). „Cclxitudinem vestram“.</Unicode>
        </TextEquiv>
      </TextLine>
      <TextLine id="eSc_line_d2bfe79b" custom="structure {type:default;}">
        <Coords points="517,668 517,690 2021,688 2021,663 2018,637 516,637 517,668"/>
        <Baseline points="517,668 2021,663"/>
        <TextEquiv conf="0.9985399028834174">
          <Unicode>2612 Sardiniae iudici scribit: „De peccantibus confugientibus ad ecclesiam vestra am-</Unicode>
        </TextEquiv>
      </TextLine>
      <TextLine id="eSc_line_4660328e" custom="structure {type:default;}">
        <Coords points="560,709 560,727 2023,726 2023,709 2023,686 560,680 560,709"/>
        <Baseline points="560,709 2023,709"/>
        <TextEquiv conf="0.9969280200846055">
          <Unicode>bigit prudentia et quid fieri conveniat a nostra humilitate exquirere voluit“, addit-</Unicode>
        </TextEquiv>
      </TextLine>
      <TextLine id="eSc_line_0c5b19b6" custom="structure {type:default;}">
        <Coords points="560,750 560,779 2023,779 2025,753 2023,729 560,724 560,750"/>
        <Baseline points="560,750 2025,753"/>
        <TextEquiv conf="0.999191232288585">
          <Unicode>que: „Ista intentius imperatores christianissimi contemplantes exceptis paucis culpis</Unicode>
        </TextEquiv>
      </TextLine>
      <TextLine id="eSc_line_82466ad4" custom="structure {type:default;}">
        <Coords points="560,792 560,813 2021,816 2023,792 2023,767 560,767 560,792"/>
        <Baseline points="560,792 2023,792"/>
        <TextEquiv conf="0.9957233947443674">
          <Unicode>eorum, qui in ipsa etiam religione peccarent, confugientibus ad ecclesiam indulgere</Unicode>
        </TextEquiv>
      </TextLine>
      <TextLine id="eSc_line_9a13be5b" custom="structure {type:default;}">
        <Coords points="560,835 560,856 2019,856 2021,830 2016,804 558,804 560,835"/>
        <Baseline points="560,835 2021,830"/>
        <TextEquiv conf="0.99895224198699">
          <Unicode>consueverunt. Unde nos non dedignetur obaudire prudentia vestra in hoc, ut vitam</Unicode>
        </TextEquiv>
      </TextLine>
      <TextLine id="eSc_line_21803362" custom="structure {type:default;}">
        <Coords points="560,880 560,904 2019,902 2021,874 2016,854 558,854 560,880"/>
        <Baseline points="560,880 2021,874"/>
        <TextEquiv conf="0.994742619555171">
          <Unicode>illis et integritatem membrorum suorum perdonetis, qui ad ecclesiam fugerunt. Quia</Unicode>
        </TextEquiv>
      </TextLine>
      <TextLine id="eSc_line_2a99c37b" custom="structure {type:default;}">
        <Coords points="558,921 558,941 2021,938 2023,917 2018,893 557,895 558,921"/>
        <Baseline points="558,921 2023,917"/>
        <TextEquiv conf="0.9949459368924061">
          <Unicode>si apud homines fugam arripuissent, salvarentur utique; et fiat eis remissio culpae</Unicode>
        </TextEquiv>
      </TextLine>
      <TextLine id="eSc_line_928b8e1e" custom="structure {type:default;}">
        <Coords points="560,963 560,980 840,989 842,989 895,980 905,979 912,980 941,989 943,989 945,989 946,989 948,989 960,980 963,979 1011,979 1018,980 1052,989 1054,989 1056,989 1057,989 1092,979 1097,979 1105,979 1175,989 1177,989 1179,989 1180,989 1194,979 1196,979 1221,979 1467,987 1469,987 1515,979 1524,977 1756,977 1767,977 1902,987 1903,987 2019,975 2021,960 2018,936 558,936 560,963"/>
        <Baseline points="560,963 2021,960"/>
        <TextEquiv conf="0.9961246178473955">
          <Unicode>istius ob amorem Dei, ut ipse Deus ob istam pictatem vobis omnia delicta parcat“.</Unicode>
        </TextEquiv>
      </TextLine>
      <TextLine id="eSc_line_a5e44596" custom="structure {type:default;}">
        <Coords points="557,1006 557,1030 2021,1025 2023,1001 2018,979 555,980 557,1006"/>
        <Baseline points="557,1006 2023,1001"/>
        <TextEquiv conf="0.9935716627592064">
          <Unicode>(Fragmenta, quae tamen neque ad ep. praeced. neque ad reg. 2648, quae eundem habent</Unicode>
        </TextEquiv>
      </TextLine>
      <TextLine id="eSc_line_ea0dfd30" custom="structure {type:default;}">
        <Coords points="557,1049 557,1066 1891,1061 1893,1044 1890,1021 555,1020 557,1049"/>
        <Baseline points="557,1049 1893,1044"/>
        <TextEquiv conf="0.9867053925991058">
          <Unicode>titulum, pertinere videntur.) Coll. Brit. Leonis ep. 19. — „De peccantibus“.</Unicode>
        </TextEquiv>
      </TextLine>
      <TextLine id="eSc_line_ae493c16" custom="structure {type:default;}">
        <Coords points="519,1090 519,1107 1268,1115 1269,1115 1380,1105 1396,1105 2021,1105 2023,1086 2019,1062 517,1059 519,1090"/>
        <Baseline points="519,1090 2023,1086"/>
        <TextEquiv conf="0.9933846466243267">
          <Unicode>2613 (1984) Lotharium et Ludovicum imperatores Colono diacono ecclesiam Reatinam</Unicode>
        </TextEquiv>
      </TextLine>
      <TextLine id="eSc_line_182350c2" custom="structure {type:default;}">
        <Coords points="560,1132 560,1156 2021,1153 2023,1129 2019,1109 558,1109 560,1132"/>
        <Baseline points="560,1132 2023,1129"/>
        <TextEquiv conf="0.9940903579316488">
          <Unicode>rogat, „ut“ inquit „vestra licentia accepta, ibidem consecrare valeamus episcopum;</Unicode>
        </TextEquiv>
      </TextLine>
      <TextLine id="eSc_line_1a81bb3b" custom="structure {type:default;}">
        <Coords points="558,1174 558,1196 2021,1189 2023,1170 2019,1146 557,1146 558,1174"/>
        <Baseline points="558,1174 2023,1170"/>
        <TextEquiv conf="0.9955436967941652">
          <Unicode>sin autem in praedicta ecclesia nolueritis ut praeficiatur episcopus, Asculanam ec-</Unicode>
        </TextEquiv>
      </TextLine>
      <TextLine id="eSc_line_08347653" custom="structure {type:default;}">
        <Coords points="557,1216 557,1232 883,1232 900,1232 1028,1242 1030,1242 1032,1242 1033,1242 1047,1232 1073,1242 1074,1242 1076,1244 1177,1244 1177,1242 1179,1242 1204,1232 1206,1232 1211,1232 1286,1242 1288,1242 1362,1232 1379,1230 1399,1232 1483,1240 1485,1240 1486,1240 1517,1232 1524,1230 1729,1230 1732,1232 1751,1240 1753,1240 1755,1240 1756,1240 1790,1232 1797,1230 1804,1232 1843,1240 1845,1240 2021,1230 2023,1213 2018,1185 555,1192 557,1216"/>
        <Baseline points="557,1216 2023,1213"/>
        <TextEquiv conf="0.9848072619999156">
          <Unicode>clesiam illi vestra serenitas dignetur concedere“. Coll. Brit. Lcon. ep. 20, Gratiani</Unicode>
        </TextEquiv>
      </TextLine>
      <TextLine id="eSc_line_530765e0" custom="structure {type:default;}">
        <Coords points="558,1259 558,1278 1016,1288 1018,1288 1165,1279 1184,1288 1185,1288 1187,1288 1242,1278 1430,1286 1432,1286 1433,1286 1464,1276 1466,1276 1532,1276 1534,1276 1546,1286 1548,1286 1549,1286 1551,1288 1818,1288 1818,1286 1867,1274 1869,1256 1864,1235 557,1235 558,1259"/>
        <Baseline points="558,1259 1869,1256"/>
        <TextEquiv conf="0.9894828141575128">
          <Unicode>D. 63. c. 16, Migne 129 p. 1001 (cf. 115 p. 669). — „Reatina ecclesia“.</Unicode>
        </TextEquiv>
      </TextLine>
      <TextLine id="eSc_line_0efb4284" custom="structure {type:default;}">
        <Coords points="88,1305 88,1346 157,1346 158,1346 174,1338 186,1332 198,1336 222,1341 223,1341 225,1341 227,1341 259,1327 259,1300 252,1220 165,1232 124,1211 121,1209 119,1209 85,1209 88,1305"/>
        <Baseline points="88,1305 259,1300"/>
        <TextEquiv conf="0.9638354033231735">
          <Unicode>S„ a</Unicode>
        </TextEquiv>
      </TextLine>
      <TextLine id="eSc_line_092850c2" custom="structure {type:default;}">
        <Coords points="314,1356 365,1358 367,1358 369,1358 370,1358 377,1353 393,1343 452,1346 452,1300 449,1233 369,1223 367,1223 365,1223 355,1226 334,1235 312,1225 314,1303 314,1356"/>
        <Baseline points="314,1303 452,1300"/>
        <TextEquiv conf="0.9999454021453857">
          <Unicode>„„</Unicode>
        </TextEquiv>
      </TextLine>
      <TextLine id="eSc_line_a9841e99" custom="structure {type:default;}">
        <Coords points="517,1303 517,1320 1389,1315 1391,1298 1387,1271 516,1269 517,1303"/>
        <Baseline points="517,1303 1391,1298"/>
        <TextEquiv conf="0.9936489348715924">
          <Unicode>Vide tabulam ap. Hansizium Germ. Sacr. II. 929.</Unicode>
        </TextEquiv>
      </TextLine>
      <TextLine id="eSc_line_4beade88" custom="structure {type:default;}">
        <Coords points="514,1344 514,1367 1264,1373 1266,1373 2025,1360 2025,1338 2021,1310 1310,1310 1309,1310 1305,1310 1262,1319 1240,1310 1238,1310 1237,1310 1235,1310 1230,1310 1172,1319 845,1312 844,1312 842,1312 818,1320 512,1312 514,1344"/>
        <Baseline points="514,1344 2025,1338"/>
        <TextEquiv conf="0.9964470373732703">
          <Unicode>2614 Hincmaro, archiepiscopo Remensi, opprobrat, quod Falcaricum (imperialem) vasal-</Unicode>
        </TextEquiv>
      </TextLine>
      <TextLine id="eSc_line_cbb416dd" custom="structure {type:default;}">
        <Coords points="558,1385 558,1413 2023,1413 2025,1382 2019,1358 557,1360 558,1385"/>
        <Baseline points="558,1385 2025,1382"/>
        <TextEquiv conf="0.9998599445118623">
          <Unicode>lum excommunicaverit. Qui cum litteris Lotharii imperatoris et Ludovici regis fratris</Unicode>
        </TextEquiv>
      </TextLine>
      <TextLine id="eSc_line_fe6a0c81" custom="structure {type:default;}">
        <Coords points="557,1426 557,1449 2019,1444 2021,1421 2018,1399 555,1399 557,1426"/>
        <Baseline points="557,1426 2021,1421"/>
        <TextEquiv conf="0.991348072886467">
          <Unicode>eius, veniens, professus sit, se concubina in coenobium dimissa aliam duxisse uxorem</Unicode>
        </TextEquiv>
      </TextLine>
      <TextLine id="eSc_line_ebba6c16" custom="structure {type:default;}">
        <Coords points="558,1469 558,1490 1215,1500 1216,1500 1218,1500 1252,1490 1285,1500 1286,1500 1288,1500 1459,1498 1461,1498 1483,1488 1485,1488 1488,1488 1536,1498 1538,1500 1599,1500 1599,1498 1601,1498 1602,1498 1618,1488 1623,1488 1702,1498 1703,1498 2019,1486 2021,1466 2016,1445 557,1447 558,1469"/>
        <Baseline points="558,1469 2021,1466"/>
        <TextEquiv conf="0.9975921358817663">
          <Unicode>et hac ex causa absque omni canonico sive mundano iudicio excommunicatum esse.</Unicode>
        </TextEquiv>
      </TextLine>
      <TextLine id="eSc_line_31e290de" custom="structure {type:default;}">
        <Coords points="558,1514 558,1536 2021,1529 2023,1508 2018,1486 557,1486 558,1514"/>
        <Baseline points="558,1514 2023,1508"/>
        <TextEquiv conf="0.99923584908247">
          <Unicode>Angustias eius contemplans se dolere de excommunicatione scribit papa. Indulgen-</Unicode>
        </TextEquiv>
      </TextLine>
      <TextLine id="eSc_line_4f56623d" custom="structure {type:default;}">
        <Coords points="557,1556 557,1573 2021,1568 2023,1551 2019,1527 555,1526 557,1556"/>
        <Baseline points="557,1556 2023,1551"/>
        <TextEquiv conf="0.9912134620207774">
          <Unicode>tiam venialem erga cunctos commendat. Ut vasallo parcat et ecclesiae iterum so-</Unicode>
        </TextEquiv>
      </TextLine>
      <TextLine id="eSc_line_ebfb5c61" custom="structure {type:default;}">
        <Coords points="557,1597 557,1614 808,1625 810,1625 881,1614 888,1614 897,1614 1020,1625 1021,1625 1023,1625 1025,1625 1039,1614 1040,1614 1109,1614 1133,1625 1134,1625 1136,1626 1283,1626 1283,1625 1362,1613 1370,1613 1373,1613 1403,1623 1404,1623 1406,1623 1587,1613 1602,1613 1616,1613 1813,1623 1814,1623 1919,1614 1944,1623 1946,1623 1948,1623 2019,1611 2021,1594 2018,1573 581,1567 579,1567 577,1567 555,1575 557,1597"/>
        <Baseline points="557,1597 2021,1594"/>
        <TextEquiv conf="0.9887969112250863">
          <Unicode>ciet iubet. Minis utitur, si de cetero excedat. (Fragmenta. Cf. de Falcarico, quem</Unicode>
        </TextEquiv>
      </TextLine>
      <TextLine id="eSc_line_24fb85f5" custom="structure {type:default;}">
        <Coords points="555,1638 555,1662 2025,1662 2025,1638 2025,1614 555,1614 555,1638"/>
        <Baseline points="555,1638 2025,1638"/>
        <TextEquiv conf="0.9943868269522985">
          <Unicode>Fulcricum appellat, Flodoardi Hist. Rem. III. 10. 20 MG. SS. XIII. 483). Coll. Brit.</Unicode>
        </TextEquiv>
      </TextLine>
      <TextLine id="eSc_line_b6607af9" custom="structure {type:default;}">
        <Coords points="553,1681 553,1714 628,1717 630,1717 632,1717 634,1717 634,1715 637,1712 651,1702 675,1702 692,1712 697,1715 698,1715 700,1715 702,1715 704,1715 705,1715 712,1710 721,1705 728,1710 738,1719 739,1719 741,1719 743,1720 772,1720 772,1719 774,1719 775,1719 787,1708 798,1702 904,1702 914,1707 938,1719 939,1719 941,1720 1168,1720 1168,1719 1170,1719 1204,1700 1204,1681 1204,1659 553,1652 553,1681"/>
        <Baseline points="553,1681 1204,1681"/>
        <TextEquiv conf="0.9869187965112574">
          <Unicode>Leon. ep. 22. — „Vasallus quidam“.</Unicode>
        </TextEquiv>
      </TextLine>
      <TextLine id="eSc_line_931a54fb" custom="structure {type:default;}">
        <Coords points="495,1746 495,1768 604,1761 604,1741 601,1703 492,1688 495,1746"/>
        <Baseline points="495,1746 604,1741"/>
        <TextEquiv conf="1.0">
          <Unicode>851?</Unicode>
        </TextEquiv>
      </TextLine>
      <TextLine id="eSc_line_4e395e85" custom="structure {type:default;}">
        <Coords points="512,1790 512,1808 567,1818 569,1818 608,1809 625,1819 627,1819 628,1819 630,1819 632,1819 669,1809 716,1819 717,1821 832,1821 832,1819 833,1819 835,1819 851,1809 1040,1809 1069,1819 1071,1819 1073,1819 1879,1811 1908,1819 1910,1819 1912,1819 2021,1808 2023,1790 2023,1765 1984,1753 1982,1753 1980,1753 1978,1753 1956,1765 1867,1765 1849,1753 1847,1753 1845,1753 1843,1753 1768,1765 1611,1765 1585,1753 1584,1753 1582,1753 1438,1761 1397,1753 1396,1753 1348,1763 1264,1753 1262,1753 1261,1753 1235,1765 1153,1765 1068,1753 1066,1753 1009,1763 982,1753 980,1753 880,1753 878,1753 876,1753 844,1763 770,1753 769,1753 767,1753 731,1763 659,1753 657,1753 512,1763 512,1790"/>
        <Baseline points="512,1790 2023,1790"/>
        <TextEquiv conf="0.9947722699753073">
          <Unicode>2615 (1985) Ritar comitissae significat, mandato ab imperatore et imperatrice per lit-</Unicode>
        </TextEquiv>
      </TextLine>
      <TextLine id="eSc_line_9129942c" custom="structure {type:default;}">
        <Coords points="555,1835 555,1860 2021,1855 2021,1835 2021,1813 555,1813 555,1835"/>
        <Baseline points="555,1835 2021,1835"/>
        <TextEquiv conf="0.9824584621980966">
          <Unicode>teras accepto, se Reatinae ecclesiae Colonum episcopum praefecisse. Gratiani D. 63.</Unicode>
        </TextEquiv>
      </TextLine>
      <TextLine id="eSc_line_f57cc619" custom="structure {type:default;}">
        <Coords points="553,1878 553,1893 608,1903 610,1903 669,1895 681,1905 681,1907 683,1907 685,1907 686,1908 745,1908 745,1907 746,1907 748,1907 762,1896 868,1907 869,1907 871,1907 914,1895 917,1895 922,1895 963,1907 965,1907 967,1907 1050,1896 1064,1895 1098,1895 1100,1896 1110,1905 1110,1907 1112,1907 1114,1907 1115,1907 1411,1896 1411,1878 1411,1854 553,1850 553,1878"/>
        <Baseline points="553,1878 1411,1878"/>
        <TextEquiv conf="0.9975617229938507">
          <Unicode>c. 17, Migne 115 p. 1002. — „Nobis dominus“.</Unicode>
        </TextEquiv>
      </TextLine>
      <TextLine id="eSc_line_7d650af7" custom="structure {type:default;}">
        <Coords points="492,1946 492,1968 569,1977 570,1977 945,1968 1018,1968 1025,1968 1068,1978 1069,1980 1252,1980 1252,1978 1331,1968 1355,1966 1375,1968 1423,1977 1425,1977 2019,1968 2019,1939 2014,1901 1440,1910 1406,1901 1404,1901 1403,1901 1401,1901 1399,1901 1370,1910 1334,1901 1317,1898 1315,1898 1297,1901 1244,1913 1153,1913 1133,1901 1131,1901 1129,1901 1127,1901 1124,1901 1078,1912 996,1901 987,1901 986,1901 984,1901 982,1901 943,1912 905,1901 902,1901 900,1901 898,1901 490,1901 492,1946"/>
        <Baseline points="492,1946 2019,1939"/>
        <TextEquiv conf="0.9144764286141063">
          <Unicode>652. (Ia1. 15 — 1. S„. — 1. dn, Lethario a. 35. ct poria (pest eunr.) raaa a. 251. La-</Unicode>
        </TextEquiv>
      </TextLine>
      <TextLine id="eSc_line_d1bfca79" custom="structure {type:default;}">
        <Coords points="592,1987 592,2004 818,2001 820,1984 815,1960 591,1961 592,1987"/>
        <Baseline points="592,1987 820,1984"/>
        <TextEquiv conf="0.9658015691317045">
          <Unicode>dovico a. 2.)</Unicode>
        </TextEquiv>
      </TextLine>
      <TextLine id="eSc_line_c9ea7097" custom="structure {type:default;}">
        <Coords points="88,2042 88,2052 104,2060 105,2060 107,2060 162,2059 164,2059 165,2059 172,2052 177,2048 191,2054 210,2059 211,2059 213,2059 251,2054 251,2038 246,1994 196,1994 179,1987 157,1978 155,1978 153,1978 152,1978 140,1984 117,1995 87,1980 88,2042"/>
        <Baseline points="88,2042 251,2038"/>
        <TextEquiv conf="0.9475635545594352">
          <Unicode>Apr. 1.</Unicode>
        </TextEquiv>
      </TextLine>
      <TextLine id="eSc_line_57f83f55" custom="structure {type:default;}">
        <Coords points="514,2035 514,2057 2023,2057 2023,2035 2023,2009 514,2001 514,2035"/>
        <Baseline points="514,2035 2023,2035"/>
        <TextEquiv conf="0.9925097985701128">
          <Unicode>2616 (1979) Victori, patriarchae Gradensi, pallium tribuit. (Ughelli It. sacr. V. 1106.)</Unicode>
        </TextEquiv>
      </TextLine>
      <TextLine id="eSc_line_4a024e55" custom="structure {type:default;}">
        <Coords points="555,2079 555,2096 1163,2096 1283,2105 1285,2105 1360,2095 1500,2103 1502,2103 1611,2095 1667,2103 1669,2103 1843,2095 1867,2103 1869,2103 1871,2103 1872,2103 1890,2095 1900,2103 1902,2103 1903,2103 1905,2105 1984,2105 1984,2103 1985,2103 2021,2091 2021,2076 2018,2052 553,2048 555,2079"/>
        <Baseline points="555,2079 2021,2076"/>
        <TextEquiv conf="0.9990076962639304">
          <Unicode>In tabularii Venet. cod. Trivisiano fol. 45, cf. Kaltenbrunner Sitzungsber. d. Wiener</Unicode>
        </TextEquiv>
      </TextLine>
      <TextLine id="eSc_line_a0c136ce" custom="structure {type:default;}">
        <Coords points="555,2124 555,2142 697,2137 704,2142 710,2148 712,2148 714,2148 716,2148 717,2148 729,2141 738,2137 746,2141 760,2148 762,2148 763,2149 849,2149 849,2148 851,2148 873,2139 883,2137 898,2139 945,2148 946,2148 948,2148 970,2139 979,2136 996,2139 1035,2146 1037,2148 1356,2148 1356,2146 1358,2146 1391,2134 1391,2120 1387,2098 1059,2088 1057,2088 1056,2088 1054,2088 1054,2089 1045,2096 710,2089 709,2089 707,2089 683,2098 644,2089 642,2089 640,2089 608,2098 565,2089 563,2089 562,2089 560,2089 553,2095 555,2124"/>
        <Baseline points="555,2124 1391,2120"/>
        <TextEquiv conf="0.9850805848836899">
          <Unicode>Ak. 94 (1879) p. 644. — „Diebus vitae tuae“.</Unicode>
        </TextEquiv>
      </TextLine>
      <TextLine id="eSc_line_25ccdde2" custom="structure {type:default;}">
        <Coords points="85,2163 85,2218 136,2218 136,2216 138,2216 148,2211 172,2197 206,2204 235,2211 237,2211 239,2211 263,2199 263,2163 261,2107 85,2115 85,2163"/>
        <Baseline points="85,2163 263,2163"/>
        <TextEquiv conf="0.8401700966060162">
          <Unicode>Lun. 21.</Unicode>
        </TextEquiv>
      </TextLine>
      <TextLine id="eSc_line_46ce4a9f" custom="structure {type:default;}">
        <Coords points="275,2163 275,2183 469,2183 469,2163 469,2113 422,2113 416,2110 375,2079 374,2079 372,2079 370,2079 369,2079 328,2091 295,2083 293,2083 292,2083 290,2083 288,2083 288,2084 275,2096 275,2163"/>
        <Baseline points="275,2163 469,2163"/>
        <TextEquiv conf="0.9260338445504507">
          <Unicode>(aaaa„</Unicode>
        </TextEquiv>
      </TextLine>
      <TextLine id="eSc_line_cec4e4e9" custom="structure {type:default;}">
        <Coords points="507,2165 507,2182 2019,2180 2019,2161 2016,2136 505,2134 507,2165"/>
        <Baseline points="507,2165 2019,2161"/>
        <TextEquiv conf="0.9912212157533282">
          <Unicode>dedicat „die septimo et vicesimo mensis Iunii, pridie ante beatissimorum apostolorum</Unicode>
        </TextEquiv>
      </TextLine>
      <TextLine id="eSc_line_d4ed5af2" custom="structure {type:default;}">
        <Coords points="278,2207 278,2313 317,2313 317,2312 319,2312 321,2312 343,2291 379,2260 466,2252 466,2207 466,2182 278,2175 278,2207"/>
        <Baseline points="278,2207 466,2207"/>
        <TextEquiv conf="0.9998787343502045">
          <Unicode>—*</Unicode>
        </TextEquiv>
      </TextLine>
      <TextLine id="eSc_line_5f29e67d" custom="structure {type:default;}">
        <Coords points="551,2207 551,2230 596,2240 598,2240 599,2240 618,2230 623,2228 700,2228 710,2230 745,2240 746,2240 748,2240 810,2230 823,2228 827,2230 844,2242 845,2242 847,2242 849,2243 956,2243 956,2242 958,2242 994,2230 999,2228 1143,2228 1146,2230 1170,2242 1172,2242 1174,2243 1283,2243 1283,2242 1338,2240 1339,2240 1362,2228 1367,2226 1370,2228 1392,2240 1394,2240 1396,2242 1548,2242 1548,2240 1549,2240 1577,2228 1582,2226 1591,2228 1637,2240 1638,2240 1640,2240 1642,2240 1688,2228 1690,2228 1717,2240 1719,2240 1720,2240 2016,2226 2018,2204 2014,2180 1580,2180 1579,2178 1558,2170 1556,2170 1555,2170 1510,2178 1505,2178 550,2177 551,2207"/>
        <Baseline points="551,2207 2018,2204"/>
        <TextEquiv conf="0.9940511044333963">
          <Unicode>Petri et Pauli vigilias, in sexto consecrationis suae anno“. Vita Leonis p. 115. 116.</Unicode>
        </TextEquiv>
      </TextLine>
      <TextLine id="eSc_line_13fa4834" custom="structure {type:default;}">
        <Coords points="488,2267 488,2291 608,2288 608,2262 604,2221 524,2216 522,2216 521,2216 485,2224 488,2267"/>
        <Baseline points="488,2267 608,2262"/>
        <TextEquiv conf="1.0">
          <Unicode>852?</Unicode>
        </TextEquiv>
      </TextLine>
      <TextLine id="eSc_line_6cb313cb" custom="structure {type:default;}">
        <Coords points="510,2315 510,2336 615,2336 616,2336 628,2344 630,2344 632,2344 634,2344 635,2344 652,2336 663,2336 885,2344 886,2344 888,2344 890,2344 902,2336 904,2336 909,2336 960,2346 962,2348 1457,2348 1457,2346 1459,2346 1461,2346 1473,2337 1476,2336 1508,2337 1596,2346 1597,2346 2018,2339 2018,2315 2018,2291 1985,2283 1984,2283 1876,2283 1874,2283 1872,2283 1871,2283 1857,2291 1726,2283 1724,2283 1722,2283 1720,2283 1708,2291 1657,2283 1655,2283 1654,2283 1652,2283 1640,2291 1599,2283 1597,2283 1539,2291 1538,2293 926,2293 924,2291 912,2283 910,2283 909,2283 907,2283 510,2289 510,2315"/>
        <Baseline points="510,2315 2018,2315"/>
        <TextEquiv conf="0.9995532556425167">
          <Unicode>2617 (1980) *Corsis, propter „timorem Sarracenorum“ ex insula digressis, Portum</Unicode>
        </TextEquiv>
      </TextLine>
      <TextLine id="eSc_line_8aa976e8" custom="structure {type:default;}">
        <Coords points="551,2358 551,2383 2016,2380 2018,2354 2013,2330 550,2330 551,2358"/>
        <Baseline points="551,2358 2018,2354"/>
        <TextEquiv conf="0.9990291716087432">
          <Unicode>civitatem ad habitandam concedit, et „pontificale eis (ob serenissimorum Lotharii et</Unicode>
        </TextEquiv>
      </TextLine>
      <TextLine id="eSc_line_7218f863" custom="structure {type:default;}">
        <Coords points="553,2402 553,2421 2014,2419 2016,2399 2013,2373 551,2371 553,2402"/>
        <Baseline points="553,2402 2016,2399"/>
        <TextEquiv conf="0.9998939197797042">
          <Unicode>Ludovici imperatorum suamque simul mercedem, perpetuamque memoriam) praeceptum</Unicode>
        </TextEquiv>
      </TextLine>
      <TextLine id="eSc_line_48487587" custom="structure {type:default;}">
        <Coords points="551,2442 551,2464 2011,2471 2013,2442 2013,2421 551,2421 551,2442"/>
        <Baseline points="551,2442 2013,2442"/>
        <TextEquiv conf="0.9927744892821915">
          <Unicode>emittit, hoc scilicet tenore et placito anteposito, ut tamdiu firmum maneat ac stabile,</Unicode>
        </TextEquiv>
      </TextLine>
      <TextLine id="eSc_line_5094b387" custom="structure {type:default;}">
        <Coords points="551,2486 551,2508 2014,2510 2018,2483 2013,2460 550,2460 551,2486"/>
        <Baseline points="551,2486 2018,2483"/>
        <TextEquiv conf="0.9946668982505799">
          <Unicode>„quousque s. sedis praesulibus populoque Romano in cunctis obedientes ac fideles</Unicode>
        </TextEquiv>
      </TextLine>
      <TextLine id="eSc_line_7e0f61e8" custom="structure {type:default;}">
        <Coords points="551,2525 550,2541 640,2551 642,2551 1283,2544 1362,2553 1363,2553 2014,2544 2016,2529 2014,2496 551,2496 551,2525"/>
        <Baseline points="551,2525 2016,2529"/>
        <TextEquiv conf="0.9999434543244633">
          <Unicode>existant; et si omnem praecepti seriem irrefragabiliter non custodiant, sancit in</Unicode>
        </TextEquiv>
      </TextLine>
      <TextLine id="eSc_line_1ac14c30" custom="structure {type:default;}">
        <Coords points="550,2570 550,2592 2018,2592 2018,2570 2018,2549 550,2549 550,2570"/>
        <Baseline points="550,2570 2018,2570"/>
        <TextEquiv conf="0.9961684525731098">
          <Unicode>eodem, ut vacuum et inane consistat; loca vero, quae eis data sunt et a missis pon-</Unicode>
        </TextEquiv>
      </TextLine>
      <TextLine id="eSc_line_40935e82" custom="structure {type:default;}">
        <Coords points="550,2609 548,2628 2011,2633 2014,2614 2013,2588 550,2583 550,2609"/>
        <Baseline points="550,2609 2014,2614"/>
        <TextEquiv conf="0.9993491726262229">
          <Unicode>tificalibus consignata tam ex proprio iure ecclesiastico, quamque venerabilium mona-</Unicode>
        </TextEquiv>
      </TextLine>
      <TextLine id="eSc_line_4a1f7b79" custom="structure {type:default;}">
        <Coords points="551,2653 551,2676 652,2674 676,2676 748,2686 750,2686 751,2686 753,2686 765,2676 774,2676 902,2674 907,2676 929,2686 931,2686 933,2688 1025,2688 1025,2686 1027,2686 1045,2676 1047,2676 1049,2676 1083,2686 1085,2686 1086,2686 1088,2686 1119,2676 1127,2674 1245,2674 1300,2674 1302,2676 1317,2688 1319,2688 1321,2688 1322,2688 1324,2688 1343,2679 1474,2688 1476,2688 1551,2676 1553,2676 1555,2676 1601,2688 1602,2688 1604,2689 1710,2689 1710,2688 1712,2688 1714,2688 1727,2679 1929,2688 1931,2688 2013,2674 2014,2657 2013,2629 551,2621 551,2653"/>
        <Baseline points="551,2653 2014,2657"/>
        <TextEquiv conf="0.9931604471944627">
          <Unicode>steriorum, immo et singulorum hominum, qui finitimi existebant, in pontificali pri-.</Unicode>
        </TextEquiv>
      </TextLine>
      <TextLine id="eSc_line_cbba779b" custom="structure {type:default;}">
        <Coords points="553,2694 551,2744 798,2753 799,2753 801,2753 845,2742 897,2729 914,2741 921,2746 922,2746 924,2746 926,2747 951,2747 951,2746 953,2746 955,2746 955,2744 960,2741 972,2730 1015,2739 1039,2744 1040,2744 1042,2744 1061,2739 1090,2732 1129,2739 1146,2741 1148,2741 1150,2741 1151,2741 1155,2737 1165,2730 1209,2730 1225,2737 1262,2754 1264,2754 1266,2756 1322,2756 1322,2754 1324,2754 1379,2735 1396,2730 1594,2732 1597,2698 1596,2676 553,2672 553,2694"/>
        <Baseline points="553,2694 1597,2698"/>
        <TextEquiv conf="0.9759387771288554">
          <Unicode>vilegio specialiter adseripta leguntur“. Vita Leomis p. 126.</Unicode>
        </TextEquiv>
      </TextLine>
    </TextRegion>
    <TextRegion id="eSc_textblock_ef6c479b"  custom="structure {type:default;}">
      <Coords points="840,116 1288,123 1302,182 818,196 818,123 840,116"/>
      <TextLine id="eSc_line_4571f99a" custom="structure {type:default;}">
        <Coords points="1237,121 1220,121 1203,121 1201,121 1199,123 1197,124 1180,123 1150,119 1134,119 1117,119 1100,119 1083,119 1076,119 1050,126 1027,119 1021,117 1015,117 998,117 980,117 975,117 939,124 921,116 912,116 895,116 878,116 861,116 844,116 827,116 828,170 828,199 1279,199 1279,167 1276,126 1252,121 1237,121"/>
        <Baseline points="828,170 1279,167"/>
        <TextEquiv conf="0.9889588554700216">
          <Unicode>L.E0) IV. 847—855.</Unicode>
        </TextEquiv>
      </TextLine>
    </TextRegion>
    <TextRegion id="eSc_textblock_eba8131b"  custom="structure {type:default;}">
      <Coords points="1961,129 2025,136 2038,176 1931,189 1924,143 1961,129"/>
      <TextLine id="eSc_line_203a233a" custom="structure {type:default;}">
        <Coords points="2016,135 1999,133 1982,131 1965,129 1948,133 1931,138 1934,170 1937,244 2026,244 2023,165 2018,135 2016,135"/>
        <Baseline points="1934,170 2023,165"/>
        <TextEquiv conf="0.9762235283851624">
          <Unicode>3.</Unicode>
        </TextEquiv>
      </TextLine>
    </TextRegion>
  </Page>
</PcGts>
