<?xml version="1.0" encoding="UTF-8"  standalone="yes"?>
<PcGts xmlns="http://schema.primaresearch.org/PAGE/gts/pagecontent/2019-07-15" xmlns:xsi="http://www.w3.org/2001/XMLSchema-instance" xsi:schemaLocation="http://schema.primaresearch.org/PAGE/gts/pagecontent/2019-07-15 http://schema.primaresearch.org/PAGE/gts/pagecontent/2019-07-15/pagecontent.xsd">
  <Metadata externalRef="pdf//regestapontificu01cath.pdf">
	<Creator>escriptorium</Creator>
	<Created>2026-02-12T11:29:56.325563+00:00</Created>
        <LastChange>2026-02-13T10:44:23.937601+00:00</LastChange>
  </Metadata>
  <Page imageFilename="regestapontificu01cath.pdf_page_242.png" imageWidth="2353" imageHeight="3055">
    <TextRegion id="eSc_textblock_953b3d3f"  custom="structure {type:default;}">
      <Coords points="307,128 398,142 398,201 317,224 353,244 2237,230 2251,2347 2217,2720 767,2727 706,2700 690,2537 670,2645 509,2659 285,2625 258,2007 258,353 264,251 292,235 271,142 307,128"/>
      <TextLine id="eSc_line_bfad3e0a" custom="structure {type:default;}">
        <Coords points="375,139 358,135 341,134 339,132 288,134 292,179 292,205 381,201 381,176 376,139 375,139"/>
        <Baseline points="292,179 381,176"/>
        <TextEquiv conf="0.9999995628992716">
          <Unicode>202</Unicode>
        </TextEquiv>
      </TextLine>
      <TextLine id="eSc_line_27691548" custom="structure {type:default;}">
        <Coords points="706,290 706,310 2145,308 2145,286 2142,259 1826,259 1792,247 1791,247 1789,247 1707,257 1514,247 1512,247 1510,247 1476,257 1432,251 1431,251 1293,259 1161,249 1159,249 896,257 735,249 733,249 731,249 704,259 706,290"/>
        <Baseline points="706,290 2145,286"/>
        <TextEquiv conf="0.9787232667566782">
          <Unicode>600. (Inp. Mauricto TGerio a. 15, post cons. eiusd. a. 17, ind. 3. — 1. Sept. — 4.)</Unicode>
        </TextEquiv>
      </TextLine>
      <TextLine id="eSc_line_e5fb67d6" custom="structure {type:default;}">
        <Coords points="765,341 765,364 2230,363 2230,341 2230,315 2115,305 2113,305 2040,313 1704,305 1702,305 1701,305 1699,305 1687,315 1563,315 1517,305 1516,305 1514,305 1495,315 1259,315 991,305 989,305 988,305 962,313 906,305 904,305 765,313 765,341"/>
        <Baseline points="765,341 2230,341"/>
        <TextEquiv conf="0.9952833824847118">
          <Unicode>ferre iubet. Mittit cucullam et tunicam. Reg. XI. 1, (Maur. XI. 2, Guss. VIII. 45).</Unicode>
        </TextEquiv>
      </TextLine>
      <TextLine id="eSc_line_ab9a1340" custom="structure {type:default;}">
        <Coords points="831,383 831,402 1297,400 1298,380 1293,354 830,356 831,383"/>
        <Baseline points="831,383 1298,380"/>
        <TextEquiv conf="0.9906802341855806">
          <Unicode>„Epistulis dileretiamis tun-.</Unicode>
        </TextEquiv>
      </TextLine>
      <TextLine id="eSc_line_99d1afac" custom="structure {type:default;}">
        <Coords points="310,422 310,470 410,482 412,482 414,482 415,482 415,480 434,465 436,463 478,463 478,422 478,390 398,390 388,383 371,375 370,375 368,375 310,378 310,422"/>
        <Baseline points="310,422 478,422"/>
        <TextEquiv conf="0.9892140105366707">
          <Unicode>Spt (1.)</Unicode>
        </TextEquiv>
      </TextLine>
      <TextLine id="eSc_line_1e5b4aa8" custom="structure {type:default;}">
        <Coords points="728,424 728,444 2225,451 2229,424 2229,392 2200,380 2198,380 2089,380 2088,380 2086,380 2064,390 2064,392 1965,392 1964,390 1942,380 1940,380 1938,380 1753,388 1729,380 1728,380 1539,380 1538,380 1536,380 1516,388 1510,390 1505,388 1487,380 1485,380 1483,380 1342,386 1276,390 728,385 728,424"/>
        <Baseline points="728,424 2229,424"/>
        <TextEquiv conf="0.9769092294904921">
          <Unicode>1712 11350) Lalaanni. alalaati memniti- Sinai. atl instruendumi weroromium. quod a quodlam</Unicode>
        </TextEquiv>
      </TextLine>
      <TextLine id="eSc_line_1bbfcf5a" custom="structure {type:default;}">
        <Coords points="765,465 765,488 2225,485 2227,461 2223,441 763,436 765,465"/>
        <Baseline points="765,465 2227,461"/>
        <TextEquiv conf="0.9992336589236592">
          <Unicode>illic lsauro constructum est, mittit „lenas quindecim, rachanas triginta, lectos quin-</Unicode>
        </TextEquiv>
      </TextLine>
      <TextLine id="eSc_line_3602b4f9" custom="structure {type:default;}">
        <Coords points="767,505 765,522 2220,529 2223,510 2222,483 767,473 767,505"/>
        <Baseline points="767,505 2223,510"/>
        <TextEquiv conf="0.9950040213763713">
          <Unicode>decim, pretium quoque de emendis culcitris vel naula“. Reg. XI. 2, (Maur. XI. 1,</Unicode>
        </TextEquiv>
      </TextLine>
      <TextLine id="eSc_line_abc9354f" custom="structure {type:default;}">
        <Coords points="765,548 765,565 1022,573 1023,573 1101,565 1152,573 1154,573 1315,563 1327,563 1329,563 1354,571 1356,571 1358,571 1426,563 1429,563 1431,563 1505,571 1507,571 1509,571 1546,561 1546,544 1541,521 763,521 765,548"/>
        <Baseline points="765,548 1546,544"/>
        <TextEquiv conf="0.9945958053523843">
          <Unicode>(iuss. XII. 16). — „Sanctitatem vitae tuae“.</Unicode>
        </TextEquiv>
      </TextLine>
      <TextLine id="eSc_line_47b76e1d" custom="structure {type:default;}">
        <Coords points="353,599 354,627 366,621 366,599 366,575 353,575 353,599"/>
        <Baseline points="353,599 366,599"/>
        <TextEquiv conf="0.999998927116394">
          <Unicode>„</Unicode>
        </TextEquiv>
      </TextLine>
      <TextLine id="eSc_line_b10c50c9" custom="structure {type:default;}">
        <Coords points="728,590 728,612 2227,612 2229,590 2227,566 728,566 728,590"/>
        <Baseline points="728,590 2229,590"/>
        <TextEquiv conf="0.9998477848179369">
          <Unicode>1793 (1330) Ecclesii episcopi (Clusini) valetudinem dolet. De episcopo quodam caute</Unicode>
        </TextEquiv>
      </TextLine>
      <TextLine id="eSc_line_7a894cec" custom="structure {type:default;}">
        <Coords points="765,633 765,653 2227,651 2229,633 2225,605 765,605 765,633"/>
        <Baseline points="765,633 2229,633"/>
        <TextEquiv conf="0.9981186653994307">
          <Unicode>electo gaudet. Equum ei dono mittit. De ecclesiis circumeundis addit. De causis</Unicode>
        </TextEquiv>
      </TextLine>
      <TextLine id="eSc_line_b61cde51" custom="structure {type:default;}">
        <Coords points="765,675 765,692 2225,692 2227,675 2225,650 765,643 765,675"/>
        <Baseline points="765,675 2227,675"/>
        <TextEquiv conf="0.9900024699259408">
          <Unicode>latorum praesentium eum per ipsos informat, de aliis, si Romam venerit, communi</Unicode>
        </TextEquiv>
      </TextLine>
      <TextLine id="eSc_line_229c3fe9" custom="structure {type:default;}">
        <Coords points="763,717 763,741 2229,741 2229,717 2229,694 763,694 763,717"/>
        <Baseline points="763,717 2229,717"/>
        <TextEquiv conf="0.9923374481584833">
          <Unicode>deliberatione cum eo se traetaturum scribit. Reg. XI. 3, (Maur. X. 45, Guss. VIII. 46).</Unicode>
        </TextEquiv>
      </TextLine>
      <TextLine id="eSc_line_6878f12e" custom="structure {type:default;}">
        <Coords points="763,760 763,775 1344,772 1346,756 1341,731 762,733 763,760"/>
        <Baseline points="763,760 1346,756"/>
        <TextEquiv conf="0.9882232879891115">
          <Unicode>— „Scripta fraternitatis vestrae“.</Unicode>
        </TextEquiv>
      </TextLine>
      <TextLine id="eSc_line_d7256004" custom="structure {type:default;}">
        <Coords points="726,799 726,819 2225,819 2227,799 2225,763 2113,763 2111,763 2110,763 2091,772 1687,767 1458,763 1456,763 1454,763 1444,768 1436,773 816,773 814,772 772,763 770,763 726,772 726,799"/>
        <Baseline points="726,799 2227,799"/>
        <TextEquiv conf="0.988006379455328">
          <Unicode>1794 (1336) Lcontium exconsulem, quod Libertinum, virum magnificum, a se commen-</Unicode>
        </TextEquiv>
      </TextLine>
      <TextLine id="eSc_line_7890b2e7" custom="structure {type:default;}">
        <Coords points="765,840 763,863 2222,865 2225,845 2223,819 765,816 765,840"/>
        <Baseline points="765,840 2225,845"/>
        <TextEquiv conf="0.9972973961427988">
          <Unicode>datum, libertate privaverit, incusat. Quamquam cautio, qua ad praeturam accesserit,</Unicode>
        </TextEquiv>
      </TextLine>
      <TextLine id="eSc_line_c526a9bd" custom="structure {type:default;}">
        <Coords points="763,885 763,904 2225,902 2227,882 2222,857 762,860 763,885"/>
        <Baseline points="763,885 2227,882"/>
        <TextEquiv conf="0.9996405463843119">
          <Unicode>et glorioso Palatino patricio et magnifico consiliario suo Theodoro et sibi ipsi ex-</Unicode>
        </TextEquiv>
      </TextLine>
      <TextLine id="eSc_line_31d1302a" custom="structure {type:default;}">
        <Coords points="762,926 762,945 2223,941 2225,923 2222,899 1493,891 1492,891 1490,891 1458,899 777,892 775,892 774,892 772,892 760,897 762,926"/>
        <Baseline points="762,926 2225,923"/>
        <TextEquiv conf="0.9995009289390739">
          <Unicode>secrabilis apparuerit, tamen a tota simul provincia eundem Libertinum gratiarum actione</Unicode>
        </TextEquiv>
      </TextLine>
      <TextLine id="eSc_line_41faa600" custom="structure {type:default;}">
        <Coords points="760,967 760,992 2227,992 2227,967 2227,947 760,947 760,967"/>
        <Baseline points="760,967 2227,967"/>
        <TextEquiv conf="0.9994458044276519">
          <Unicode>honoratum esse, et „si quam“ inquit „in rebus publicis fraudem fecit, substantia eius</Unicode>
        </TextEquiv>
      </TextLine>
      <TextLine id="eSc_line_c3635ffe" custom="structure {type:default;}">
        <Coords points="760,1009 760,1030 2229,1030 2229,1009 2229,986 760,986 760,1009"/>
        <Baseline points="760,1009 2229,1009"/>
        <TextEquiv conf="0.997071822242039">
          <Unicode>caedi debuit, non libertas; nam in hoc quod liberi caeduntur, piissimi imperatoris</Unicode>
        </TextEquiv>
      </TextLine>
      <TextLine id="eSc_line_cd73e912" custom="structure {type:default;}">
        <Coords points="760,1052 760,1070 2227,1070 2227,1052 2225,1023 760,1023 760,1052"/>
        <Baseline points="760,1052 2227,1052"/>
        <TextEquiv conf="0.9990553063682363">
          <Unicode>omnino tempora fuscantur; hoc enim inter reges gentium et imperatorem Romanorum</Unicode>
        </TextEquiv>
      </TextLine>
      <TextLine id="eSc_line_8a671593" custom="structure {type:default;}">
        <Coords points="762,1091 762,1118 2225,1118 2227,1094 2225,1072 762,1069 762,1091"/>
        <Baseline points="762,1091 2227,1094"/>
        <TextEquiv conf="0.9999585786423126">
          <Unicode>distat: Quia reges gentium domini servorum sunt, imperator vero Romanorum do-</Unicode>
        </TextEquiv>
      </TextLine>
      <TextLine id="eSc_line_10a0fa0f" custom="structure {type:default;}">
        <Coords points="762,1138 762,1155 1729,1162 1731,1162 1733,1162 1758,1154 1765,1152 1903,1152 1906,1154 1916,1160 1918,1160 1920,1160 1921,1160 2225,1152 2225,1133 2220,1109 760,1109 762,1138"/>
        <Baseline points="762,1138 2225,1133"/>
        <TextEquiv conf="0.9952908211793655">
          <Unicode>minus liberorum“. De iudiciis mansuete agendis monet. Alias querelas corrigere</Unicode>
        </TextEquiv>
      </TextLine>
      <TextLine id="eSc_line_3e9fd37b" custom="structure {type:default;}">
        <Coords points="762,1179 762,1196 955,1203 957,1203 959,1203 976,1196 981,1194 984,1196 1005,1203 1006,1203 1008,1203 1050,1196 1059,1194 1064,1196 1086,1203 1088,1203 1089,1203 1091,1203 1093,1203 1103,1196 1111,1203 1113,1203 1115,1203 1117,1205 1196,1205 1196,1203 1198,1203 1218,1194 1224,1193 1227,1194 1244,1201 1246,1201 1247,1201 1249,1201 1274,1194 1283,1193 1293,1194 1337,1201 1339,1201 1341,1201 1358,1194 1361,1193 1480,1193 1487,1193 1539,1201 1541,1201 1543,1201 1572,1193 1573,1193 1577,1193 1636,1201 1638,1201 1639,1201 1641,1201 1651,1193 1655,1191 1704,1191 1707,1193 1716,1199 1718,1199 1719,1199 1721,1201 2062,1201 2062,1199 2064,1199 2096,1189 2096,1174 2093,1150 775,1145 774,1145 772,1145 770,1145 760,1150 762,1179"/>
        <Baseline points="762,1179 2096,1174"/>
        <TextEquiv conf="0.9857725043819375">
          <Unicode>petit. Reg. XI. 4, (Maur. X. 51, Guss. VIII. 51). — „Cautionis exemplar“.</Unicode>
        </TextEquiv>
      </TextLine>
      <TextLine id="eSc_line_eb602daa" custom="structure {type:default;}">
        <Coords points="332,1227 332,1242 365,1235 365,1227 365,1206 332,1203 332,1227"/>
        <Baseline points="332,1227 365,1227"/>
        <TextEquiv conf="0.9980567693710327">
          <Unicode>„„</Unicode>
        </TextEquiv>
      </TextLine>
      <TextLine id="eSc_line_565e282f" custom="structure {type:default;}">
        <Coords points="724,1220 724,1242 2222,1244 2223,1220 2223,1198 2171,1188 2169,1188 2038,1196 1779,1188 1777,1188 1694,1196 1672,1188 1670,1188 1668,1188 1624,1198 1191,1198 1161,1188 1159,1188 1157,1188 1156,1188 1154,1188 1140,1198 943,1198 869,1188 867,1188 816,1196 757,1188 755,1188 753,1188 724,1196 724,1220"/>
        <Baseline points="724,1220 2223,1220"/>
        <TextEquiv conf="0.9912674459782276">
          <Unicode>1795 (1347) Adrodatae, illustri feminae, reliquias expctitas mittit, excusata retardatione.</Unicode>
        </TextEquiv>
      </TextLine>
      <TextLine id="eSc_line_09868e29" custom="structure {type:default;}">
        <Coords points="762,1262 762,1281 1996,1278 1998,1259 1993,1235 760,1237 762,1262"/>
        <Baseline points="762,1262 1998,1259"/>
        <TextEquiv conf="0.9929912424448765">
          <Unicode>Reg. XI. 5, (Maur. X. 65, Guss. VIII. 62). — „Ut moram in dandis“.</Unicode>
        </TextEquiv>
      </TextLine>
      <TextLine id="eSc_line_7e099757" custom="structure {type:default;}">
        <Coords points="325,1313 325,1357 365,1357 365,1313 365,1274 325,1274 325,1313"/>
        <Baseline points="325,1313 365,1313"/>
        <TextEquiv conf="0.7870827913284302">
          <Unicode>„</Unicode>
        </TextEquiv>
      </TextLine>
      <TextLine id="eSc_line_7a73e251" custom="structure {type:default;}">
        <Coords points="728,1303 728,1323 2223,1323 2223,1303 2223,1278 728,1278 728,1303"/>
        <Baseline points="728,1303 2223,1303"/>
        <TextEquiv conf="0.9949372396912686">
          <Unicode>1796 (1376) Presbyteris, diaconis et clero Mediolanensi concedit, ut, quem post dolen-</Unicode>
        </TextEquiv>
      </TextLine>
      <TextLine id="eSc_line_5fbccbe3" custom="structure {type:default;}">
        <Coords points="763,1345 763,1369 2223,1369 2223,1345 2223,1323 763,1323 763,1345"/>
        <Baseline points="763,1345 2223,1345"/>
        <TextEquiv conf="0.9998746551113364">
          <Unicode>dam Constantii mortem elegerint, Deusdedit diaconus Mediolanensis, auctore Panta-</Unicode>
        </TextEquiv>
      </TextLine>
      <TextLine id="eSc_line_7c6bfd33" custom="structure {type:default;}">
        <Coords points="762,1390 762,1410 2220,1412 2223,1386 2218,1361 760,1362 762,1390"/>
        <Baseline points="762,1390 2223,1386"/>
        <TextEquiv conf="0.9921374764707354">
          <Unicode>leone notario suo, qucm illuc transmiserit (vide reg. 1804), episcopus ordinetur. Agilulfi</Unicode>
        </TextEquiv>
      </TextLine>
      <TextLine id="eSc_line_ecfca62f" custom="structure {type:default;}">
        <Coords points="760,1430 760,1447 2222,1447 2223,1430 2222,1406 760,1406 760,1430"/>
        <Baseline points="760,1430 2223,1430"/>
        <TextEquiv conf="0.9961593217319913">
          <Unicode>regis epistola non turbentur, nam competitorem per Langobardos electum a se repu-</Unicode>
        </TextEquiv>
      </TextLine>
      <TextLine id="eSc_line_d075dd14" custom="structure {type:default;}">
        <Coords points="760,1469 758,1488 786,1498 787,1498 789,1498 2220,1491 2222,1473 2220,1449 760,1446 760,1469"/>
        <Baseline points="760,1469 2222,1473"/>
        <TextEquiv conf="0.9882553372441268">
          <Unicode>diari affirmat. Bono eos animo cssc iubet, „quia“ inquit „unde possunt alimenta S.</Unicode>
        </TextEquiv>
      </TextLine>
      <TextLine id="eSc_line_65c55f35" custom="structure {type:default;}">
        <Coords points="765,1515 765,1535 2223,1534 2225,1512 2220,1486 763,1488 765,1515"/>
        <Baseline points="765,1515 2225,1512"/>
        <TextEquiv conf="0.99799774026358">
          <Unicode>Ambrosio servientibus clericis ministrari, nihil in hostium locis, sed in Sicilia et in aliis</Unicode>
        </TextEquiv>
      </TextLine>
      <TextLine id="eSc_line_628c8bef" custom="structure {type:default;}">
        <Coords points="762,1556 762,1575 2223,1575 2225,1556 2223,1527 762,1527 762,1556"/>
        <Baseline points="762,1556 2225,1556"/>
        <TextEquiv conf="0.9904050833799622">
          <Unicode>rcipublicae partibus consistit“. Pantaleoni notario mandasse se addit de possessiunculis</Unicode>
        </TextEquiv>
      </TextLine>
      <TextLine id="eSc_line_04a02198" custom="structure {type:default;}">
        <Coords points="762,1598 762,1617 836,1627 838,1627 911,1619 918,1619 921,1619 955,1627 957,1627 959,1629 1108,1629 1108,1627 1110,1627 1128,1620 1135,1619 1145,1620 1179,1627 1181,1627 1183,1627 1208,1620 1220,1619 1252,1620 1319,1627 1320,1627 1347,1622 1366,1619 1426,1622 1497,1627 1499,1627 1538,1624 1583,1619 2220,1627 2222,1598 2222,1576 762,1576 762,1598"/>
        <Baseline points="762,1598 2222,1598"/>
        <TextEquiv conf="0.9936627193733498">
          <Unicode>quondam Magmi presbyteri et de aliis ecclesiae Romanae utilitatibus curam gerere.</Unicode>
        </TextEquiv>
      </TextLine>
      <TextLine id="eSc_line_97711d9d" custom="structure {type:default;}">
        <Coords points="758,1639 758,1658 2013,1658 2013,1639 2013,1615 758,1615 758,1639"/>
        <Baseline points="758,1639 2013,1639"/>
        <TextEquiv conf="0.9969391726395663">
          <Unicode>Reg. XI. 6, (Maur. XI. 4, Guss. VIII. 65). — „Quantus nos de obitu“.</Unicode>
        </TextEquiv>
      </TextLine>
      <TextLine id="eSc_line_ee0d7efd" custom="structure {type:default;}">
        <Coords points="297,1673 293,1731 380,1766 388,1678 390,1595 300,1590 297,1673"/>
        <Baseline points="297,1673 388,1678"/>
        <TextEquiv conf="0.9853574633598328">
          <Unicode>„</Unicode>
        </TextEquiv>
      </TextLine>
      <TextLine id="eSc_line_89e9708a" custom="structure {type:default;}">
        <Coords points="719,1680 719,1697 2223,1700 2225,1680 2223,1648 719,1653 719,1680"/>
        <Baseline points="719,1680 2225,1680"/>
        <TextEquiv conf="0.9985926043556397">
          <Unicode>1797 (1352) Innocentium, Africae praefectum praetorio, rogat, ne Victoris, episcopi</Unicode>
        </TextEquiv>
      </TextLine>
      <TextLine id="eSc_line_fa3f52e2" custom="structure {type:default;}">
        <Coords points="760,1724 760,1746 2222,1749 2225,1720 2222,1700 758,1698 760,1724"/>
        <Baseline points="760,1724 2225,1720"/>
        <TextEquiv conf="0.9956352129039994">
          <Unicode>Fausianensis, dioecesim (Sardicam) contra edicti morem a iudicibus Africanis vexari</Unicode>
        </TextEquiv>
      </TextLine>
      <TextLine id="eSc_line_56bbf726" custom="structure {type:default;}">
        <Coords points="760,1768 760,1787 2220,1785 2222,1763 2217,1739 758,1743 760,1768"/>
        <Baseline points="760,1768 2222,1763"/>
        <TextEquiv conf="0.9926506347126431">
          <Unicode>patiatur; duplicia tributa exigi vetet. Reg. XI. 7, (Maur. XI. 5, Guss. IX. 1). —</Unicode>
        </TextEquiv>
      </TextLine>
      <TextLine id="eSc_line_5c98d59f" custom="structure {type:default;}">
        <Coords points="758,1810 758,1824 1190,1821 1191,1807 1188,1782 786,1775 784,1775 782,1775 757,1783 758,1810"/>
        <Baseline points="758,1810 1191,1807"/>
        <TextEquiv conf="0.9836031523617831">
          <Unicode>„Qui pravorum actuum“.</Unicode>
        </TextEquiv>
      </TextLine>
      <TextLine id="eSc_line_1e267660" custom="structure {type:default;}">
        <Coords points="342,1870 349,1870 349,1856 344,1836 337,1836 341,1858 342,1870"/>
        <Baseline points="341,1858 349,1856"/>
        <TextEquiv conf="0.8338379859924316">
          <Unicode>„</Unicode>
        </TextEquiv>
      </TextLine>
      <TextLine id="eSc_line_d86b2175" custom="structure {type:default;}">
        <Coords points="721,1849 721,1872 2220,1877 2223,1846 2220,1824 2035,1824 1999,1812 1998,1812 1996,1812 1994,1812 1993,1812 1974,1824 1723,1824 1699,1812 1697,1812 1606,1812 1604,1812 1538,1822 1471,1812 1470,1812 1468,1812 1427,1824 1422,1824 1409,1824 1319,1814 1191,1814 1190,1814 1188,1814 1166,1824 1162,1824 1118,1824 894,1816 892,1816 719,1822 721,1849"/>
        <Baseline points="721,1849 2223,1846"/>
        <TextEquiv conf="0.9931498696637708">
          <Unicode>1798 (1356) Alexandlro, praetori Siciliae, lohannem diaconum, ad gubernandum ecclesiae</Unicode>
        </TextEquiv>
      </TextLine>
      <TextLine id="eSc_line_4e9e9b31" custom="structure {type:default;}">
        <Coords points="758,1892 758,1912 2220,1909 2222,1889 2217,1866 757,1868 758,1892"/>
        <Baseline points="758,1892 2222,1889"/>
        <TextEquiv conf="0.9904795572525118">
          <Unicode>Ravennatis patrimonium Siciliensc, ne amplius decrescat, a Mariniano episcopo mis-</Unicode>
        </TextEquiv>
      </TextLine>
      <TextLine id="eSc_line_ef7589fc" custom="structure {type:default;}">
        <Coords points="758,1934 758,1948 2217,1953 2220,1934 2218,1911 758,1909 758,1934"/>
        <Baseline points="758,1934 2220,1934"/>
        <TextEquiv conf="0.9942733063930418">
          <Unicode>sum, commendat. Reg. XI. 8, (Maur. XI. 8, Guss. IX. 4). — „Qui de filii caritate“.</Unicode>
        </TextEquiv>
      </TextLine>
      <TextLine id="eSc_line_480c625d" custom="structure {type:default;}">
        <Coords points="325,1982 325,1995 381,1989 397,2001 404,2007 405,2007 407,2007 409,2007 448,2002 448,1977 441,1907 410,1909 409,1909 407,1909 407,1911 392,1926 378,1941 365,1938 363,1938 361,1938 359,1938 324,1951 325,1982"/>
        <Baseline points="325,1982 448,1977"/>
        <TextEquiv conf="0.9533464312553406">
          <Unicode>„ „</Unicode>
        </TextEquiv>
      </TextLine>
      <TextLine id="eSc_line_6f44989d" custom="structure {type:default;}">
        <Coords points="718,1972 716,1990 741,2002 743,2002 745,2002 784,1994 804,2002 806,2002 808,2002 859,1994 933,2002 935,2004 1264,2004 1264,2002 1266,2002 1285,1995 1291,1994 1358,1995 1553,2004 1555,2004 1634,1999 1680,1995 2217,2002 2220,1975 2218,1951 718,1948 718,1972"/>
        <Baseline points="718,1972 2220,1975"/>
        <TextEquiv conf="0.9918712744879168">
          <Unicode>Synodus 5 cpiscoporur, in qua Probi, abbatis monasterii SS. Andreae et Luciae petitio,</Unicode>
        </TextEquiv>
      </TextLine>
      <TextLine id="eSc_line_a955f0a4" custom="structure {type:default;}">
        <Coords points="758,2017 758,2040 2222,2040 2223,2014 2218,1990 757,1990 758,2017"/>
        <Baseline points="758,2017 2223,2014"/>
        <TextEquiv conf="0.9999686264714529">
          <Unicode>die 29. m. Sept. scripta, a serundicerio Paterio rclegitur. De petitione deliberatione</Unicode>
        </TextEquiv>
      </TextLine>
      <TextLine id="eSc_line_2de008c0" custom="structure {type:default;}">
        <Coords points="758,2060 758,2075 2218,2082 2222,2060 2218,2029 758,2029 758,2060"/>
        <Baseline points="758,2060 2222,2060"/>
        <TextEquiv conf="0.998195386076548">
          <Unicode>habita, cidem Probo, ex monacho solitario a Gregorio in officium abbatis instituto,</Unicode>
        </TextEquiv>
      </TextLine>
      <TextLine id="eSc_line_80c3e931" custom="structure {type:default;}">
        <Coords points="755,2102 755,2121 2222,2128 2223,2102 2223,2080 2086,2070 2084,2070 2027,2079 1993,2070 1991,2070 1989,2070 1987,2070 1967,2079 1921,2070 1920,2070 1918,2070 1916,2070 1906,2079 1889,2070 1887,2070 1886,2070 1884,2070 1882,2070 1867,2080 1728,2080 1672,2070 1670,2070 1582,2079 1522,2070 1521,2070 1519,2070 1517,2070 1505,2079 1446,2070 1444,2070 1381,2079 1339,2070 1337,2070 1336,2070 1334,2070 1320,2080 1218,2080 1128,2070 1127,2070 1001,2079 908,2070 906,2070 904,2070 903,2070 891,2080 755,2080 755,2102"/>
        <Baseline points="755,2102 2223,2102"/>
        <TextEquiv conf="0.995041018373826">
          <Unicode>rerum privatarum arbitrium concrditur. Reg. XI. 15, (Maur. append. IX, Guss. IX. 22).</Unicode>
        </TextEquiv>
      </TextLine>
      <TextLine id="eSc_line_b05aa6b8" custom="structure {type:default;}">
        <Coords points="755,2145 755,2167 2218,2169 2222,2140 2217,2116 753,2119 755,2145"/>
        <Baseline points="755,2145 2222,2140"/>
        <TextEquiv conf="0.9997287444126459">
          <Unicode>Qua in synodo, ut videtur, et de Andrcae, monachi ad S. Paulum inclusi, impostura</Unicode>
        </TextEquiv>
      </TextLine>
      <TextLine id="eSc_line_05df0339" custom="structure {type:default;}">
        <Coords points="753,2184 753,2197 792,2208 794,2209 932,2209 932,2208 933,2208 935,2208 945,2201 949,2199 991,2201 1103,2208 1105,2208 1128,2202 1147,2199 1400,2206 1463,2208 1465,2208 1466,2208 1468,2208 1483,2199 1490,2206 1490,2208 1492,2208 1493,2208 1495,2209 1558,2209 1558,2184 1558,2158 753,2157 753,2184"/>
        <Baseline points="753,2184 1558,2184"/>
        <TextEquiv conf="0.9996024927367335">
          <Unicode>decernitur. Vide reg. 1817, (Hlefele III. 60).</Unicode>
        </TextEquiv>
      </TextLine>
      <TextLine id="eSc_line_cd872d33" custom="structure {type:default;}">
        <Coords points="327,2231 331,2284 390,2259 417,2275 419,2275 421,2275 422,2275 424,2275 429,2274 446,2265 456,2270 458,2228 456,2174 427,2163 426,2163 424,2163 422,2163 398,2174 397,2174 392,2174 348,2165 346,2165 344,2165 325,2170 327,2231"/>
        <Baseline points="327,2231 458,2228"/>
        <TextEquiv conf="0.9999973177909851">
          <Unicode>„„</Unicode>
        </TextEquiv>
      </TextLine>
      <TextLine id="eSc_line_17d207a8" custom="structure {type:default;}">
        <Coords points="723,2228 723,2247 952,2247 967,2248 1016,2257 1018,2257 1088,2248 1115,2247 1128,2250 1157,2257 1159,2257 1161,2257 1162,2257 1183,2250 1191,2247 1200,2250 1218,2257 1220,2257 1222,2257 1224,2257 1239,2250 1251,2245 1548,2245 1556,2252 1561,2255 1563,2255 1565,2255 1566,2255 1590,2252 1629,2245 1656,2252 1670,2255 1672,2255 1673,2255 1998,2253 1999,2253 2001,2253 2028,2245 2045,2253 2047,2253 2049,2255 2220,2255 2222,2223 2218,2199 2142,2189 2140,2189 2035,2197 1989,2189 1987,2189 1767,2197 1718,2201 1390,2201 1373,2197 1325,2191 1324,2191 1322,2191 1320,2191 1312,2197 1307,2199 721,2197 723,2228"/>
        <Baseline points="723,2228 2222,2223"/>
        <TextEquiv conf="0.9910260841070887">
          <Unicode>1799 (1360) Cononis, monasterii Lirinensis abliatis, virtutes, per Mennam episcopum</Unicode>
        </TextEquiv>
      </TextLine>
      <TextLine id="eSc_line_88bed3c2" custom="structure {type:default;}">
        <Coords points="758,2270 758,2294 2220,2294 2222,2265 2217,2243 757,2243 758,2270"/>
        <Baseline points="758,2270 2222,2265"/>
        <TextEquiv conf="0.9985736098728681">
          <Unicode>(Telesinum) praedicatas, laudat. Columbum preshyterum commendat. (De tempore</Unicode>
        </TextEquiv>
      </TextLine>
      <TextLine id="eSc_line_b5275499" custom="structure {type:default;}">
        <Coords points="758,2311 758,2330 2217,2333 2218,2308 2213,2282 757,2286 758,2311"/>
        <Baseline points="758,2311 2218,2308"/>
        <TextEquiv conf="0.991869031618803">
          <Unicode>vide Neues Archiv III. 595). Reg. XI. 9, (Maur. XI. 12, Guss. IX. 8). — „Prae-</Unicode>
        </TextEquiv>
      </TextLine>
      <TextLine id="eSc_line_fbd00133" custom="structure {type:default;}">
        <Coords points="753,2354 753,2371 1140,2364 1142,2348 1137,2326 752,2326 753,2354"/>
        <Baseline points="753,2354 1142,2348"/>
        <TextEquiv conf="0.999988097211589">
          <Unicode>positorum sollicitudo“.</Unicode>
        </TextEquiv>
      </TextLine>
      <TextLine id="eSc_line_27f36102" custom="structure {type:default;}">
        <Coords points="331,2447 354,2445 351,2403 344,2355 319,2345 325,2406 331,2447"/>
        <Baseline points="325,2406 351,2403"/>
        <TextEquiv>
          <Unicode></Unicode>
        </TextEquiv>
      </TextLine>
      <TextLine id="eSc_line_87c415bc" custom="structure {type:default;}">
        <Coords points="716,2394 716,2415 2215,2416 2217,2389 2212,2357 714,2367 716,2394"/>
        <Baseline points="716,2394 2217,2389"/>
        <TextEquiv conf="0.9948946561342404">
          <Unicode>1800 (1361) Screnum, episcopum Massiliensem, reprchendit, quod simulacrorum ever-</Unicode>
        </TextEquiv>
      </TextLine>
      <TextLine id="eSc_line_b618fee4" custom="structure {type:default;}">
        <Coords points="755,2437 755,2454 2215,2450 2217,2433 2212,2410 753,2411 755,2437"/>
        <Baseline points="755,2437 2217,2433"/>
        <TextEquiv conf="0.9987602460952032">
          <Unicode>aionem, a scsc vituperatam, tuitus sit. Hortatur, ut consternationem inde ortam com-</Unicode>
        </TextEquiv>
      </TextLine>
      <TextLine id="eSc_line_6b2e106f" custom="structure {type:default;}">
        <Coords points="755,2479 755,2505 847,2496 867,2503 869,2503 870,2503 872,2503 874,2503 887,2494 1093,2503 1095,2503 1096,2503 1098,2503 1111,2493 1602,2493 1651,2501 1653,2501 1729,2493 1755,2501 1757,2501 1758,2501 1760,2501 1792,2493 1858,2501 1860,2501 1928,2493 2213,2501 2217,2476 2212,2454 753,2455 755,2479"/>
        <Baseline points="755,2479 2217,2476"/>
        <TextEquiv conf="0.9970751978732921">
          <Unicode>pescat, malorumquc hominum societate abstincat. Quod de scriptis suis (reg. 1736)</Unicode>
        </TextEquiv>
      </TextLine>
      <TextLine id="eSc_line_9e099e34" custom="structure {type:default;}">
        <Coords points="757,2522 757,2542 2213,2537 2215,2518 2210,2496 755,2496 757,2522"/>
        <Baseline points="757,2522 2215,2518"/>
        <TextEquiv conf="0.9959348037645415">
          <Unicode>per Cyriacum quondam abbatem missis dubitaverit, miratur. Reg. XI. 10, (Maur.</Unicode>
        </TextEquiv>
      </TextLine>
      <TextLine id="eSc_line_a9932d5d" custom="structure {type:default;}">
        <Coords points="755,2564 755,2579 1738,2574 1740,2559 1736,2535 753,2535 755,2564"/>
        <Baseline points="755,2564 1740,2559"/>
        <TextEquiv conf="0.9996463330286853">
          <Unicode>XI. 13, Guss. IX. 9). — „Literarum tuarum primordia“.</Unicode>
        </TextEquiv>
      </TextLine>
      <TextLine id="eSc_line_2946fb6f" custom="structure {type:default;}">
        <Coords points="341,2608 341,2651 368,2645 368,2608 368,2567 341,2564 341,2608"/>
        <Baseline points="341,2608 368,2608"/>
        <TextEquiv>
          <Unicode></Unicode>
        </TextEquiv>
      </TextLine>
      <TextLine id="eSc_line_bb4b0cb1" custom="structure {type:default;}">
        <Coords points="497,2606 497,2678 534,2678 536,2678 538,2678 538,2676 543,2673 558,2656 662,2651 662,2603 657,2508 631,2510 629,2510 628,2510 623,2515 602,2532 584,2523 575,2520 573,2520 572,2520 570,2520 495,2542 497,2606"/>
        <Baseline points="497,2606 662,2603"/>
        <TextEquiv conf="1.0">
          <Unicode>„</Unicode>
        </TextEquiv>
      </TextLine>
      <TextLine id="eSc_line_c5252f38" custom="structure {type:default;}">
        <Coords points="719,2603 719,2618 2215,2622 2217,2603 2217,2578 1872,2578 1872,2576 1853,2567 1852,2567 1850,2567 1663,2576 1650,2576 1634,2576 1410,2567 1409,2567 1349,2576 1342,2578 1220,2578 1218,2576 1200,2567 1198,2567 1196,2567 1195,2567 1168,2576 1164,2576 1154,2576 1076,2567 1074,2567 719,2574 719,2603"/>
        <Baseline points="719,2603 2217,2603"/>
        <TextEquiv conf="0.9943282449946684">
          <Unicode>1801 (1361) Presbyteris, diaconis et clcro ecclesiae Mediolanensis scribit, agant ut,</Unicode>
        </TextEquiv>
      </TextLine>
      <TextLine id="eSc_line_758738f9" custom="structure {type:default;}">
        <Coords points="758,2645 758,2669 2210,2668 2212,2640 2206,2618 757,2622 758,2645"/>
        <Baseline points="758,2645 2212,2640"/>
        <TextEquiv conf="0.99645229827526">
          <Unicode>novo in Constantii defuncti locum episcopo substituto, Arethusae, clarissimae feminae,</Unicode>
        </TextEquiv>
      </TextLine>
      <TextLine id="eSc_line_03bc9130" custom="structure {type:default;}">
        <Coords points="757,2686 757,2717 913,2730 915,2730 996,2717 1008,2715 1122,2715 1123,2715 1152,2730 1154,2730 1156,2732 1241,2732 1241,2730 1242,2730 1280,2715 1286,2713 1310,2715 1390,2722 1392,2722 1466,2715 1482,2713 1485,2713 1517,2729 1519,2729 1521,2729 1597,2713 1602,2713 1619,2713 1767,2722 1768,2722 1770,2722 1789,2713 1792,2712 1794,2713 1813,2722 1814,2722 1960,2727 1962,2727 1964,2727 1994,2712 1996,2712 1998,2712 2027,2720 2028,2720 2030,2720 2215,2710 2215,2681 2210,2657 755,2657 757,2686"/>
        <Baseline points="757,2686 2215,2681"/>
        <TextEquiv conf="0.9823464122083452">
          <Unicode>latricis praesentiurn, de legato a Laurentio episcopo ei ciusque coniugi et filiis relicti</Unicode>
        </TextEquiv>
      </TextLine>
    </TextRegion>
    <TextRegion id="eSc_textblock_5852bfa4"  custom="structure {type:default;}">
      <Coords points="932,128 1592,128 1606,188 1578,208 937,208 903,174 932,128"/>
      <TextLine id="eSc_line_e045a561" custom="structure {type:default;}">
        <Coords points="932,179 932,203 942,210 943,210 945,210 947,210 949,210 984,201 1033,210 1035,212 1249,212 1249,210 1251,210 1268,201 1274,198 1580,201 1583,176 1580,135 930,130 932,179"/>
        <Baseline points="932,179 1583,176"/>
        <TextEquiv conf="0.9769154059886932">
          <Unicode>S. CR71iOR11“ I. 390 604.</Unicode>
        </TextEquiv>
      </TextLine>
    </TextRegion>
  </Page>
</PcGts>
