<?xml version="1.0" encoding="UTF-8"  standalone="yes"?>
<PcGts xmlns="http://schema.primaresearch.org/PAGE/gts/pagecontent/2019-07-15" xmlns:xsi="http://www.w3.org/2001/XMLSchema-instance" xsi:schemaLocation="http://schema.primaresearch.org/PAGE/gts/pagecontent/2019-07-15 http://schema.primaresearch.org/PAGE/gts/pagecontent/2019-07-15/pagecontent.xsd">
  <Metadata externalRef="pdf//regestapontificu01cath.pdf">
	<Creator>escriptorium</Creator>
	<Created>2026-02-12T11:23:07.032351+00:00</Created>
        <LastChange>2026-02-13T10:08:54.904023+00:00</LastChange>
  </Metadata>
  <Page imageFilename="regestapontificu01cath.pdf_page_73.png" imageWidth="2243" imageHeight="3076">
    <TextRegion id="eSc_textblock_6793d3da"  custom="structure {type:default;}">
      <Coords points="571,246 2029,252 2029,2534 2022,2739 2001,2759 1736,2780 547,2753 376,2780 109,2773 123,2761 88,2753 82,2665 116,2575 88,2308 109,2153 82,2028 116,1994 82,1973 82,512 109,259 237,252 251,328 253,252 435,252 449,300 465,252 571,246"/>
      <TextLine id="eSc_line_9eb0bc3c" custom="structure {type:default;}">
        <Coords points="509,249 492,249 475,251 458,268 459,293 459,311 524,319 526,319 680,309 680,290 677,254 512,247 509,249"/>
        <Baseline points="459,293 680,290"/>
        <TextEquiv conf="0.9993871375918388">
          <Unicode>352—353.</Unicode>
        </TextEquiv>
      </TextLine>
      <TextLine id="eSc_line_d1217328" custom="structure {type:default;}">
        <Coords points="524,334 524,363 2000,363 2000,334 2000,297 1906,297 1904,297 1902,297 1901,297 1870,309 1800,300 1798,300 1796,300 1795,300 1783,309 1752,299 1747,297 1745,297 1743,297 1742,297 1740,297 1738,299 1723,311 1518,311 1490,300 1477,297 1475,297 1473,297 1471,297 1463,300 1446,309 1311,302 1222,299 1220,299 1218,299 1208,304 1196,311 1044,311 1025,305 986,297 984,297 983,297 953,305 941,311 777,311 764,307 682,297 680,297 678,297 677,297 659,309 653,309 564,299 562,299 560,299 524,309 524,334"/>
        <Baseline points="524,334 2000,334"/>
        <TextEquiv conf="0.9952965797604741">
          <Unicode>Athanasium evocasse, eumque, cum adire Romam recusasset, secundum eorum ad</Unicode>
        </TextEquiv>
      </TextLine>
      <TextLine id="eSc_line_3b2a5d00" custom="structure {type:default;}">
        <Coords points="523,374 523,401 1998,401 2000,379 1998,352 523,350 523,374"/>
        <Baseline points="523,374 2000,379"/>
        <TextEquiv conf="0.9922205941586555">
          <Unicode>sese epistolam excommunicasse. Hilarii Opp. II. 668 (Migne 10 p. 678), Coustant</Unicode>
        </TextEquiv>
      </TextLine>
      <TextLine id="eSc_line_0bda2877" custom="structure {type:default;}">
        <Coords points="521,422 521,446 1783,442 1784,418 1781,391 519,391 521,422"/>
        <Baseline points="521,422 1784,418"/>
        <TextEquiv conf="0.9938251139486537">
          <Unicode>append. p. 95, Mansi III. 208, Migne 8 p. 1395. — „Studens paci et“.</Unicode>
        </TextEquiv>
      </TextLine>
      <TextLine id="eSc_line_5700fb47" custom="structure {type:default;}">
        <Coords points="459,476 459,497 478,507 480,507 482,507 483,507 504,498 688,498 688,473 685,439 476,434 475,434 473,434 458,440 459,476"/>
        <Baseline points="459,476 688,473"/>
        <TextEquiv conf="0.9931087270379066">
          <Unicode>853—354.</Unicode>
        </TextEquiv>
      </TextLine>
      <TextLine id="eSc_line_a2f4bfee" custom="structure {type:default;}">
        <Coords points="480,522 478,545 1995,545 1996,528 1995,497 480,492 480,522"/>
        <Baseline points="480,522 1996,528"/>
        <TextEquiv conf="0.9999768864817735">
          <Unicode>208 *Constantium imperatorem Arelatis commorantem per Vincentium et Marcellum epi-</Unicode>
        </TextEquiv>
      </TextLine>
      <TextLine id="eSc_line_41147cb9" custom="structure {type:default;}">
        <Coords points="523,565 521,579 581,592 582,592 641,582 682,592 683,592 685,592 818,582 834,592 835,592 837,592 839,592 1376,584 1471,596 1473,598 1595,598 1595,596 1596,596 1598,596 1610,586 1641,596 1642,596 1644,596 1646,596 1678,587 1781,596 1783,596 1784,596 1786,596 1801,584 1803,570 1801,546 523,541 523,565"/>
        <Baseline points="523,565 1803,570"/>
        <TextEquiv conf="0.9972594959395272">
          <Unicode>scopos rogat, ut concilium Aquileiam convocet. V. sequentem epistolam.</Unicode>
        </TextEquiv>
      </TextLine>
      <TextLine id="eSc_line_629e0962" custom="structure {type:default;}">
        <Coords points="482,606 480,628 1995,632 1998,611 1996,587 482,582 482,606"/>
        <Baseline points="482,606 1998,611"/>
        <TextEquiv conf="0.9950260434831891">
          <Unicode>209 (40) Osio, episcopo Cordubensi, nunciat, Vincentium, episcopum Capuanum, ad Con-</Unicode>
        </TextEquiv>
      </TextLine>
      <TextLine id="eSc_line_1feffb28" custom="structure {type:default;}">
        <Coords points="524,651 524,671 1995,671 1996,654 1995,628 524,623 524,651"/>
        <Baseline points="524,651 1996,654"/>
        <TextEquiv conf="0.9992482542991639">
          <Unicode>stantium imperatorem una cum Marcello, item Campaniae episcopo, missum, non</Unicode>
        </TextEquiv>
      </TextLine>
      <TextLine id="eSc_line_353a4aae" custom="structure {type:default;}">
        <Coords points="524,693 523,709 1437,721 1439,721 1996,712 1998,697 1996,675 524,671 524,693"/>
        <Baseline points="524,693 1998,697"/>
        <TextEquiv conf="0.9987149898494992">
          <Unicode>solum licentiam concilii Aquileiae celebrandi non impetrasse, sed etiam in concilia-</Unicode>
        </TextEquiv>
      </TextLine>
      <TextLine id="eSc_line_60f5fdb8" custom="structure {type:default;}">
        <Coords points="524,734 523,751 543,762 545,762 547,762 1195,755 1275,763 1277,763 1996,755 1998,738 1996,712 524,710 524,734"/>
        <Baseline points="524,734 1998,738"/>
        <TextEquiv conf="0.9991781615916594">
          <Unicode>bulo Arelatis iussu imperatoris habito damnationem Athanasii contra suam volunta-</Unicode>
        </TextEquiv>
      </TextLine>
      <TextLine id="eSc_line_42474d49" custom="structure {type:default;}">
        <Coords points="523,777 521,794 1995,798 1998,780 1996,753 523,750 523,777"/>
        <Baseline points="523,777 1998,780"/>
        <TextEquiv conf="0.9964739261638551">
          <Unicode>tem subscripsisse. (Fragmentum.) S. Hilarii Opp. II. 676 (Migne 10 p. 688), Coustant</Unicode>
        </TextEquiv>
      </TextLine>
      <TextLine id="eSc_line_1e077745" custom="structure {type:default;}">
        <Coords points="521,825 521,842 529,849 531,849 533,849 535,849 536,849 564,839 572,839 1047,849 1049,849 1051,849 1053,849 1053,847 1063,839 1230,847 1232,847 1331,837 1343,847 1345,847 1347,847 1348,849 1430,849 1430,847 1432,847 1456,837 1485,847 1487,847 1489,847 1490,847 1492,847 1507,837 1518,847 1519,847 1521,847 1523,849 1583,849 1583,847 1584,847 1630,835 1630,821 1627,799 1087,791 1085,791 1083,791 1065,799 582,792 581,792 519,801 521,825"/>
        <Baseline points="521,825 1630,821"/>
        <TextEquiv conf="0.9880266694699303">
          <Unicode>p. 421, Mansi III. 200, Migne 8 p. 1349. — „Quia in nullo“.</Unicode>
        </TextEquiv>
      </TextLine>
      <TextLine id="eSc_line_cbbde520" custom="structure {type:default;}">
        <Coords points="483,862 482,880 1996,883 2000,866 1998,842 1950,830 1948,830 1535,837 1283,840 1222,833 1201,832 1200,832 1181,833 1123,839 1112,832 1109,830 1107,830 1106,830 1104,830 1102,830 1097,832 1083,840 841,840 781,828 772,828 771,828 752,828 560,839 483,827 483,862"/>
        <Baseline points="483,862 2000,866"/>
        <TextEquiv conf="0.9942397879965511">
          <Unicode>210 (41) Caecilianum, episcopum Spoletinum, monet, caveat, ne Vincentii, episcopi</Unicode>
        </TextEquiv>
      </TextLine>
      <TextLine id="eSc_line_46a7ea5c" custom="structure {type:default;}">
        <Coords points="523,909 523,926 1993,929 1996,909 1995,883 523,883 523,909"/>
        <Baseline points="523,909 1996,909"/>
        <TextEquiv conf="0.9992044510611569">
          <Unicode>Capuani, exemplo corrumpatur. (Fragmentum.) S. Hilarii Opp. I. I., Migne 8 p. 1349.</Unicode>
        </TextEquiv>
      </TextLine>
      <TextLine id="eSc_line_7f0480ec" custom="structure {type:default;}">
        <Coords points="524,946 523,958 577,963 594,979 594,980 596,980 598,980 600,982 668,982 668,980 670,980 671,980 692,962 726,975 728,975 730,975 731,975 733,975 747,965 765,980 765,982 767,982 769,982 771,982 851,980 853,980 854,980 878,963 907,963 909,950 907,926 524,924 524,946"/>
        <Baseline points="524,946 909,950"/>
        <TextEquiv conf="0.9995132527853313">
          <Unicode>„ „Nolo te factum“.</Unicode>
        </TextEquiv>
      </TextLine>
      <TextLine id="eSc_line_45fd646f" custom="structure {type:default;}">
        <Coords points="458,1009 458,1025 471,1035 473,1035 475,1035 476,1035 572,1023 572,1009 572,974 487,960 485,960 483,960 458,972 458,1009"/>
        <Baseline points="458,1009 572,1009"/>
        <TextEquiv conf="0.9999998807907104">
          <Unicode>354.</Unicode>
        </TextEquiv>
      </TextLine>
      <TextLine id="eSc_line_d58a299b" custom="structure {type:default;}">
        <Coords points="480,1049 478,1066 1993,1069 1996,1052 1995,1025 1926,1013 1925,1013 1750,1023 1745,1023 1742,1023 1661,1013 1660,1013 1658,1013 1620,1023 1617,1025 1507,1025 1502,1023 1454,1013 1453,1013 1451,1013 1449,1013 1436,1023 1434,1025 1297,1025 1290,1023 1237,1011 1236,1011 1234,1011 1208,1021 1126,1011 1124,1011 957,1021 947,1021 933,1021 668,1011 666,1011 665,1011 646,1021 644,1021 480,1021 480,1049"/>
        <Baseline points="480,1049 1996,1052"/>
        <TextEquiv conf="0.9929883914835312">
          <Unicode>211 (42) Eusebio (episcopo Vercellensi) significat, Luciferum, episcopum Calaritanum,</Unicode>
        </TextEquiv>
      </TextLine>
      <TextLine id="eSc_line_eb82037e" custom="structure {type:default;}">
        <Coords points="524,1091 524,1110 555,1121 557,1121 559,1121 613,1112 627,1122 629,1122 630,1122 632,1122 695,1112 1024,1122 1025,1122 1102,1112 1135,1122 1136,1122 1138,1122 1189,1112 1258,1122 1259,1122 1340,1112 1383,1122 1384,1122 1386,1124 1480,1124 1480,1122 1482,1122 1483,1122 1501,1112 1523,1122 1524,1122 1526,1124 1620,1124 1620,1122 1622,1122 1648,1112 1687,1121 1689,1121 1731,1112 1764,1122 1766,1122 1767,1122 1868,1112 1972,1121 1974,1121 1976,1121 2000,1110 2000,1091 2000,1071 524,1069 524,1091"/>
        <Baseline points="524,1091 2000,1091"/>
        <TextEquiv conf="0.9999514705018152">
          <Unicode>cum post Vincentii defectionem „per Italiam episcopi publica conventione coacti</Unicode>
        </TextEquiv>
      </TextLine>
      <TextLine id="eSc_line_3a82df44" custom="structure {type:default;}">
        <Coords points="524,1136 524,1158 2001,1155 2001,1136 2001,1112 524,1109 524,1136"/>
        <Baseline points="524,1136 2001,1136"/>
        <TextEquiv conf="0.9935914937938962">
          <Unicode>fuerint sententiis Orientalium obedire“, ad imperatorem de impetranda concilii venia</Unicode>
        </TextEquiv>
      </TextLine>
      <TextLine id="eSc_line_7d9ae14e" custom="structure {type:default;}">
        <Coords points="524,1180 524,1197 1506,1203 1507,1203 1509,1203 1531,1194 1535,1194 1998,1194 2000,1175 1995,1153 523,1156 524,1180"/>
        <Baseline points="524,1180 2000,1175"/>
        <TextEquiv conf="0.9924738025942514">
          <Unicode>accessurum; cui assit, hortatur. Baronii annal. 353 n. XX, Coustant p. 421, Mansi III.</Unicode>
        </TextEquiv>
      </TextLine>
      <TextLine id="eSc_line_a0415c70" custom="structure {type:default;}">
        <Coords points="524,1221 524,1235 711,1247 712,1247 714,1247 716,1247 716,1245 728,1235 730,1235 772,1235 800,1247 801,1247 803,1247 805,1247 834,1235 835,1235 914,1247 916,1247 918,1247 919,1247 940,1235 940,1233 1013,1233 1015,1233 1039,1245 1041,1245 1042,1245 1102,1233 1107,1233 1111,1233 1176,1245 1177,1245 1179,1245 1220,1233 1222,1233 1225,1233 1307,1245 1309,1245 1408,1232 1410,1218 1407,1197 536,1191 535,1191 533,1191 531,1191 523,1196 524,1221"/>
        <Baseline points="524,1221 1410,1218"/>
        <TextEquiv conf="0.989605214284814">
          <Unicode>204, Migne 8 p. 1349. — „Me frater carissime“.</Unicode>
        </TextEquiv>
      </TextLine>
      <TextLine id="eSc_line_a21e56bf" custom="structure {type:default;}">
        <Coords points="485,1262 485,1283 2001,1283 2001,1262 2001,1238 485,1232 485,1262"/>
        <Baseline points="485,1262 2001,1262"/>
        <TextEquiv conf="0.9896092688336092">
          <Unicode>212 (43) Constantium imperatorem „repetita satisfactione“ adductum non esse dolet, ut</Unicode>
        </TextEquiv>
      </TextLine>
      <TextLine id="eSc_line_7148e974" custom="structure {type:default;}">
        <Coords points="526,1305 526,1324 2003,1324 2003,1305 2003,1285 526,1278 526,1305"/>
        <Baseline points="526,1305 2003,1305"/>
        <TextEquiv conf="0.995687870285179">
          <Unicode>in gratiam secum rediret, et convocandi concilii concederet licentiam, non modo</Unicode>
        </TextEquiv>
      </TextLine>
      <TextLine id="eSc_line_7321210d" custom="structure {type:default;}">
        <Coords points="528,1351 528,1370 2000,1367 2001,1346 1998,1324 1571,1315 1569,1315 1430,1324 1413,1326 526,1326 528,1351"/>
        <Baseline points="528,1351 2001,1346"/>
        <TextEquiv conf="0.9947341594351343">
          <Unicode>Athanasii causa, sed etiam ob alia multa negotia petitam. Negat, litteras a se sup-</Unicode>
        </TextEquiv>
      </TextLine>
      <TextLine id="eSc_line_3f9b92d5" custom="structure {type:default;}">
        <Coords points="526,1392 526,1411 2000,1406 2001,1389 1996,1363 524,1365 526,1392"/>
        <Baseline points="526,1392 2001,1389"/>
        <TextEquiv conf="0.9982112487660179">
          <Unicode>pressas esse. Affirmat, se Orientalium episcoporum et Aegyptiorum in Athanasium</Unicode>
        </TextEquiv>
      </TextLine>
      <TextLine id="eSc_line_e636f920" custom="structure {type:default;}">
        <Coords points="526,1432 526,1450 581,1450 584,1450 600,1461 601,1461 603,1461 605,1461 606,1461 646,1450 649,1450 653,1450 677,1461 678,1461 680,1461 789,1450 801,1450 808,1450 868,1461 870,1462 976,1462 976,1461 977,1461 979,1461 993,1450 994,1450 1032,1461 1034,1461 1036,1461 1273,1452 1285,1461 1287,1461 1289,1461 1290,1461 1292,1461 1312,1450 1376,1461 1377,1461 1379,1461 1408,1450 1436,1450 1538,1450 1557,1461 1559,1461 1560,1461 1562,1462 1651,1462 1651,1461 1697,1450 1711,1461 1713,1461 1714,1461 1716,1462 1813,1462 1813,1461 1815,1461 1844,1450 1983,1461 1984,1461 1986,1461 1988,1461 2003,1450 2003,1432 2003,1411 526,1409 526,1432"/>
        <Baseline points="526,1432 2003,1432"/>
        <TextEquiv conf="0.9958936712321114">
          <Unicode>litteras „legisse ecclesiae, legisse concilio“; quod vero octoginta episcopi Aegyptii</Unicode>
        </TextEquiv>
      </TextLine>
      <TextLine id="eSc_line_5f376f16" custom="structure {type:default;}">
        <Coords points="526,1474 526,1496 2001,1498 2003,1474 2003,1452 526,1452 526,1474"/>
        <Baseline points="526,1474 2003,1474"/>
        <TextEquiv conf="0.9947305993978367">
          <Unicode>iudicassent, id pluris se habuisse, quam illorum contra Athanasium sententiam. Scripta</Unicode>
        </TextEquiv>
      </TextLine>
      <TextLine id="eSc_line_bbb8385b" custom="structure {type:default;}">
        <Coords points="526,1519 526,1538 2001,1538 2003,1515 2000,1490 524,1488 526,1519"/>
        <Baseline points="526,1519 2003,1515"/>
        <TextEquiv conf="0.9968284529608649">
          <Unicode>illa omnia per Vincentium Arelatem missa esse. Quod de pace secum iungenda</Unicode>
        </TextEquiv>
      </TextLine>
      <TextLine id="eSc_line_14ff6a43" custom="structure {type:default;}">
        <Coords points="526,1563 526,1589 2000,1575 2001,1556 1996,1534 524,1539 526,1563"/>
        <Baseline points="526,1563 2001,1556"/>
        <TextEquiv conf="0.9981742830112063">
          <Unicode>significaverint Orientales, quantum tandem spei in illis poni posse, quorum legati ante</Unicode>
        </TextEquiv>
      </TextLine>
      <TextLine id="eSc_line_18e744da" custom="structure {type:default;}">
        <Coords points="526,1599 526,1623 2000,1620 2001,1602 2000,1577 526,1575 526,1599"/>
        <Baseline points="526,1599 2001,1602"/>
        <TextEquiv conf="0.9999911920933784">
          <Unicode>octo annos in concilio Mediolanensi Arium damnare recusaverint? Luciferum (epi-</Unicode>
        </TextEquiv>
      </TextLine>
      <TextLine id="eSc_line_190a22b7" custom="structure {type:default;}">
        <Coords points="524,1645 524,1662 2000,1664 2001,1645 2001,1623 941,1613 940,1613 894,1621 711,1613 709,1613 524,1621 524,1645"/>
        <Baseline points="524,1645 2001,1645"/>
        <TextEquiv conf="0.9984677379781549">
          <Unicode>scopum Calaritanum), Pancratium presbyterum, Hilarium diaconum, nuncios suos,</Unicode>
        </TextEquiv>
      </TextLine>
      <TextLine id="eSc_line_c913bf4e" custom="structure {type:default;}">
        <Coords points="526,1688 526,1708 1998,1712 2001,1683 1996,1661 524,1666 526,1688"/>
        <Baseline points="526,1688 2001,1683"/>
        <TextEquiv conf="0.9999745981192883">
          <Unicode>commendat; synodique celebrandae potestatem petit. S. Hilarii Opp. II. 671 (Migne</Unicode>
        </TextEquiv>
      </TextLine>
      <TextLine id="eSc_line_4c7dd3c2" custom="structure {type:default;}">
        <Coords points="528,1731 528,1751 933,1758 935,1758 936,1758 938,1758 948,1749 950,1749 960,1749 1036,1756 1037,1756 1039,1756 1041,1756 1049,1749 1054,1748 1174,1748 1177,1749 1189,1756 1191,1756 1193,1756 1195,1756 1244,1748 1254,1748 1278,1748 1429,1756 1430,1756 1432,1756 1456,1748 1458,1748 1461,1748 1531,1755 1533,1755 1713,1746 1730,1746 1731,1746 1742,1755 1743,1755 1745,1755 1747,1756 1969,1756 1969,1755 1971,1755 2001,1744 2001,1725 1996,1703 526,1707 528,1731"/>
        <Baseline points="528,1731 2001,1725"/>
        <TextEquiv conf="0.991476928576445">
          <Unicode>10 p. 682). Coustant p. 423, Mansi III. 201, Migne 8 p. 1351. — „Obsecro tran-</Unicode>
        </TextEquiv>
      </TextLine>
      <TextLine id="eSc_line_452b0b8a" custom="structure {type:default;}">
        <Coords points="524,1773 524,1789 547,1799 548,1799 550,1799 620,1790 694,1799 695,1799 697,1799 731,1789 741,1797 741,1799 743,1799 745,1799 747,1801 806,1801 806,1799 808,1799 841,1787 844,1787 851,1787 914,1797 916,1797 1136,1785 1138,1770 1135,1746 523,1743 524,1773"/>
        <Baseline points="524,1773 1138,1770"/>
        <TextEquiv conf="0.9993885788652632">
          <Unicode>quillissime“ „Opto tranquillissime“.</Unicode>
        </TextEquiv>
      </TextLine>
      <TextLine id="eSc_line_e40a7dde" custom="structure {type:default;}">
        <Coords points="483,1816 483,1835 1162,1843 1164,1843 1165,1843 1167,1843 1172,1838 1181,1835 1750,1842 1837,1842 1839,1842 1841,1842 1863,1833 2000,1842 2003,1813 2000,1787 482,1782 483,1816"/>
        <Baseline points="483,1816 2003,1813"/>
        <TextEquiv conf="0.9969827338873621">
          <Unicode>213 (44) Eusebio (episcopo Vercellensi) Luciferum, episcopum (Calaritanum), Pancra-</Unicode>
        </TextEquiv>
      </TextLine>
      <TextLine id="eSc_line_9fb021b8" custom="structure {type:default;}">
        <Coords points="526,1857 526,1878 2001,1872 2003,1852 1998,1830 524,1833 526,1857"/>
        <Baseline points="526,1857 2003,1852"/>
        <TextEquiv conf="0.9958191637585803">
          <Unicode>tium presbyterum, Hilarium diaconum, in defendenda ecclesia elaborantes, commendat</Unicode>
        </TextEquiv>
      </TextLine>
      <TextLine id="eSc_line_10b1fb3a" custom="structure {type:default;}">
        <Coords points="524,1900 524,1917 2000,1924 2003,1896 1998,1874 523,1876 524,1900"/>
        <Baseline points="524,1900 2003,1896"/>
        <TextEquiv conf="0.9954006536440416">
          <Unicode>litteris Calepio datis. Baronii annal. 354 n. VI, Coustant p. 427, Mansi III. 205, Migne</Unicode>
        </TextEquiv>
      </TextLine>
      <TextLine id="eSc_line_db33f85e" custom="structure {type:default;}">
        <Coords points="528,1944 528,1958 564,1958 565,1958 586,1970 588,1970 589,1970 794,1958 798,1958 822,1970 824,1970 825,1970 964,1968 965,1968 993,1956 994,1956 996,1956 1030,1968 1032,1968 1034,1968 1036,1968 1075,1958 1147,1968 1148,1968 1150,1968 1152,1968 1152,1966 1164,1956 1191,1956 1193,1941 1189,1920 538,1912 536,1912 535,1912 533,1912 533,1913 526,1919 528,1944"/>
        <Baseline points="528,1944 1193,1941"/>
        <TextEquiv conf="0.9932257796035093">
          <Unicode>8 p. 1355. — „Remeante filio meo“.</Unicode>
        </TextEquiv>
      </TextLine>
      <TextLine id="eSc_line_ce244e10" custom="structure {type:default;}">
        <Coords points="485,1985 485,2002 2007,2002 2007,1982 2003,1954 483,1953 485,1985"/>
        <Baseline points="485,1985 2007,1982"/>
        <TextEquiv conf="0.9924459280002684">
          <Unicode>214 (45) *Fortunatiano, episcopo (Aquileiensi), mandat, laboret cum legatis suis, ut</Unicode>
        </TextEquiv>
      </TextLine>
      <TextLine id="eSc_line_8866e02e" custom="structure {type:default;}">
        <Coords points="526,2028 526,2043 1608,2038 1610,2023 1605,2002 524,2004 526,2028"/>
        <Baseline points="526,2028 1610,2023"/>
        <TextEquiv conf="0.9999653508265813">
          <Unicode>imperator concilium celebrari sinat. V. sequentem epistolam.</Unicode>
        </TextEquiv>
      </TextLine>
      <TextLine id="eSc_line_6e28d404" custom="structure {type:default;}">
        <Coords points="485,2071 485,2105 642,2089 856,2100 858,2100 1025,2088 1089,2098 1090,2098 1398,2095 1400,2095 1401,2095 1413,2086 1429,2096 1430,2098 1432,2098 1434,2098 1436,2098 1454,2096 1509,2088 1632,2095 1656,2095 1658,2095 1660,2095 1661,2095 1661,2093 1677,2084 1702,2093 1704,2093 1706,2093 2000,2089 2001,2064 1996,2042 483,2047 485,2071"/>
        <Baseline points="485,2071 2001,2064"/>
        <TextEquiv conf="0.9918039167628568">
          <Unicode>215 (46) Eusebium (episcopum Vercellensem) laudat, quod Lucifero, Pancratio, Hilario,</Unicode>
        </TextEquiv>
      </TextLine>
      <TextLine id="eSc_line_ed3c93d8" custom="structure {type:default;}">
        <Coords points="528,2112 528,2132 2000,2127 2001,2107 1996,2083 526,2083 528,2112"/>
        <Baseline points="528,2112 2001,2107"/>
        <TextEquiv conf="0.9949970023576603">
          <Unicode>legatis suis, optime consuluerit, cum iisque ad imperatorem accedere statuerit; quorum</Unicode>
        </TextEquiv>
      </TextLine>
      <TextLine id="eSc_line_6310ad5c" custom="structure {type:default;}">
        <Coords points="529,2154 529,2171 2000,2168 2001,2151 1996,2129 528,2130 529,2154"/>
        <Baseline points="529,2154 2001,2151"/>
        <TextEquiv conf="0.995369371734088">
          <Unicode>negotium Fortunatiano quoque, episcopo (Aquileiensi), a se commendatum scribit.</Unicode>
        </TextEquiv>
      </TextLine>
      <TextLine id="eSc_line_c70c37bf" custom="structure {type:default;}">
        <Coords points="526,2197 529,2228 541,2218 991,2223 1256,2224 1258,2224 1299,2219 1324,2216 1362,2218 1425,2223 1427,2223 1429,2223 1442,2218 1451,2214 1542,2216 1714,2221 1716,2221 1718,2221 1735,2214 1740,2213 1779,2214 1928,2221 1930,2221 1991,2211 1993,2190 1988,2168 524,2173 526,2197"/>
        <Baseline points="526,2197 1993,2190"/>
        <TextEquiv conf="0.9943442742029825">
          <Unicode>Baronii annal. 354 n. VII, Coustant p. 428, Mansi III. 205, Migne S p. 1355. —</Unicode>
        </TextEquiv>
      </TextLine>
      <TextLine id="eSc_line_1f824c76" custom="structure {type:default;}">
        <Coords points="528,2242 528,2265 846,2257 851,2257 936,2264 938,2264 940,2264 981,2252 981,2236 976,2209 526,2213 528,2242"/>
        <Baseline points="528,2242 981,2236"/>
        <TextEquiv conf="0.9938390445709229">
          <Unicode>„Sciebam, domine frater“.</Unicode>
        </TextEquiv>
      </TextLine>
      <TextLine id="eSc_line_72c281b3" custom="structure {type:default;}">
        <Coords points="465,2296 465,2310 567,2308 567,2293 564,2257 494,2250 492,2250 490,2250 463,2257 465,2296"/>
        <Baseline points="465,2296 567,2293"/>
        <TextEquiv conf="0.9999999105930328">
          <Unicode>955.</Unicode>
        </TextEquiv>
      </TextLine>
      <TextLine id="eSc_line_ffe316ce" custom="structure {type:default;}">
        <Coords points="485,2334 485,2354 986,2365 988,2365 1107,2354 1167,2363 1169,2365 1285,2365 1285,2363 1287,2363 1306,2354 1490,2363 1492,2363 1567,2353 1612,2361 1613,2361 1615,2361 1617,2361 1630,2353 1827,2353 1846,2361 1848,2361 1849,2361 1851,2361 1853,2361 1866,2351 2001,2349 2001,2329 1998,2295 1873,2295 1872,2295 1870,2295 1868,2295 1836,2305 1694,2296 1658,2295 1656,2295 1654,2295 1653,2295 1651,2296 1637,2307 1494,2307 1417,2298 1393,2296 1391,2296 1371,2298 1312,2307 1169,2300 1142,2300 1140,2300 1095,2301 907,2308 897,2303 890,2298 888,2298 887,2298 885,2298 858,2303 825,2308 772,2303 712,2298 711,2298 483,2305 485,2334"/>
        <Baseline points="485,2334 2001,2329"/>
        <TextEquiv conf="0.9995679480058176">
          <Unicode>216 (47) Eusebium (Vercellensem), Dionysium (Mediolanensem), Luciferum (Calarita-</Unicode>
        </TextEquiv>
      </TextLine>
      <TextLine id="eSc_line_47475c8f" custom="structure {type:default;}">
        <Coords points="529,2378 529,2399 2000,2399 2001,2373 1996,2351 528,2354 529,2378"/>
        <Baseline points="529,2378 2001,2373"/>
        <TextEquiv conf="0.9976678153118456">
          <Unicode>num) episcopos exsulantes consolatur. Sibi parem fortunam instare scribit. „In ipsa</Unicode>
        </TextEquiv>
      </TextLine>
      <TextLine id="eSc_line_2b49a02b" custom="structure {type:default;}">
        <Coords points="529,2421 529,2436 1998,2438 2001,2416 1996,2390 528,2395 529,2421"/>
        <Baseline points="529,2421 2001,2416"/>
        <TextEquiv conf="0.994638979434967">
          <Unicode>congressione“ (i. e. in concilio Mediolanensi) quid actum sit, sibi significari vult.</Unicode>
        </TextEquiv>
      </TextLine>
      <TextLine id="eSc_line_8995eb20" custom="structure {type:default;}">
        <Coords points="529,2464 529,2481 1998,2479 2000,2459 1996,2436 540,2431 538,2431 536,2431 535,2431 528,2436 529,2464"/>
        <Baseline points="529,2464 2000,2459"/>
        <TextEquiv conf="0.9964310206472874">
          <Unicode>S. Hilarii Opp. II. 675 (Migne 10 p. 686), Luciferi Opp. p. 2 (Migne 13 p. 765),</Unicode>
        </TextEquiv>
      </TextLine>
      <TextLine id="eSc_line_07df5389" custom="structure {type:default;}">
        <Coords points="531,2506 531,2525 1381,2530 1383,2530 1453,2527 1588,2520 1682,2527 1704,2529 1706,2529 1738,2527 1895,2518 1907,2527 1909,2527 1911,2527 1913,2529 1998,2529 2000,2498 1995,2474 529,2474 531,2506"/>
        <Baseline points="531,2506 2000,2498"/>
        <TextEquiv conf="0.9925602185420501">
          <Unicode>Baronii annal. 355 n. XXXVI, Coustant p. 429, Mansi III. 206, Migne 8 p. 1356.</Unicode>
        </TextEquiv>
      </TextLine>
      <TextLine id="eSc_line_1093edb2" custom="structure {type:default;}">
        <Coords points="533,2542 531,2556 584,2558 594,2568 594,2570 596,2570 598,2570 600,2570 755,2568 757,2568 759,2568 771,2561 774,2566 776,2566 776,2568 777,2568 779,2568 931,2571 933,2571 1015,2559 1017,2546 1015,2520 533,2518 533,2542"/>
        <Baseline points="533,2542 1017,2546"/>
        <TextEquiv conf="0.9986911018689474">
          <Unicode>— „Quamvis sub imagine“.</Unicode>
        </TextEquiv>
      </TextLine>
      <TextLine id="eSc_line_6f595f2b" custom="structure {type:default;}">
        <Coords points="287,2588 287,2614 425,2612 427,2585 425,2544 370,2518 369,2518 338,2518 336,2518 335,2518 333,2518 333,2520 309,2542 285,2542 287,2588"/>
        <Baseline points="287,2588 427,2585"/>
        <TextEquiv conf="0.8452705532312393">
          <Unicode>Romae</Unicode>
        </TextEquiv>
      </TextLine>
      <TextLine id="eSc_line_2cfc6f66" custom="structure {type:default;}">
        <Coords points="488,2588 488,2607 695,2618 697,2618 1036,2607 1188,2616 1189,2616 1246,2606 1278,2614 1280,2614 1282,2614 1348,2606 1618,2614 1620,2614 1622,2614 1648,2602 2001,2600 2001,2582 1998,2561 1692,2551 1690,2551 1689,2551 1670,2559 1497,2553 1495,2553 1381,2561 1336,2553 1335,2553 1333,2553 1309,2561 1015,2554 1013,2554 904,2563 883,2554 882,2554 880,2554 878,2554 858,2565 516,2556 514,2556 512,2556 487,2565 488,2588"/>
        <Baseline points="488,2588 2001,2582"/>
        <TextEquiv conf="0.9935798777474297">
          <Unicode>ab Eusebio spadone, Constantii imperatoris legato, ut Athanasium damnaret et com-</Unicode>
        </TextEquiv>
      </TextLine>
      <TextLine id="eSc_line_1ab02023" custom="structure {type:default;}">
        <Coords points="533,2631 533,2652 2000,2648 2001,2624 1996,2599 531,2607 533,2631"/>
        <Baseline points="533,2631 2001,2624"/>
        <TextEquiv conf="0.9968860036210169">
          <Unicode>munionem cum Arianis iniret, admonitus, se id facturum negat. „Liberii dicta ad</Unicode>
        </TextEquiv>
      </TextLine>
      <TextLine id="eSc_line_0deb5797" custom="structure {type:default;}">
        <Coords points="533,2672 533,2698 2001,2689 2001,2665 1996,2640 531,2645 533,2672"/>
        <Baseline points="533,2672 2001,2665"/>
        <TextEquiv conf="0.9931607050139729">
          <Unicode>Eusebium“ ap. Coustant p. 431, Migne 8 p. 1357, Athanasii Hist. Arian. ad monachos</Unicode>
        </TextEquiv>
      </TextLine>
      <TextLine id="eSc_line_449990d7" custom="structure {type:default;}">
        <Coords points="533,2715 533,2744 581,2758 582,2758 584,2758 586,2758 639,2744 642,2744 651,2744 847,2758 849,2758 851,2758 873,2747 902,2754 904,2754 906,2754 1085,2742 1102,2753 1104,2753 1106,2753 1201,2756 1203,2756 1205,2756 1246,2742 1345,2754 1347,2754 1417,2741 1425,2747 1425,2749 1427,2749 1429,2749 1430,2749 1475,2742 1487,2753 1487,2754 1489,2754 1490,2754 1492,2756 1545,2756 1545,2754 1547,2754 1577,2739 1656,2737 1656,2710 1653,2689 1287,2681 1285,2681 1283,2681 1282,2681 1271,2689 1259,2689 1017,2682 1015,2682 531,2691 533,2715"/>
        <Baseline points="533,2715 1656,2710"/>
        <TextEquiv conf="0.9794837519770763">
          <Unicode>c. 35. 36. Oop. I. I. 288, 289 (Migne P. Gr. 25 p. 734. 735).</Unicode>
        </TextEquiv>
      </TextLine>
      <TextLine id="eSc_line_1e552941" custom="structure {type:default;}">
        <Coords points="512,2754 509,2727 394,2727 391,2725 370,2712 369,2712 367,2712 321,2712 319,2712 317,2712 290,2722 276,2729 222,2729 206,2720 188,2712 186,2712 184,2712 119,2717 119,2756 119,2800 516,2797 516,2756 514,2753 512,2754"/>
        <Baseline points="119,2756 516,2756"/>
        <TextEquiv conf="0.8375371044874191">
          <Unicode>Rrgaan Pont Araan. u4. —e</Unicode>
        </TextEquiv>
      </TextLine>
    </TextRegion>
    <TextRegion id="eSc_textblock_f0f9163d"  custom="structure {type:default;}">
      <Coords points="994,123 1181,129 1188,196 847,203 854,129 994,123"/>
      <TextLine id="eSc_line_eb38cf54" custom="structure {type:default;}">
        <Coords points="861,182 861,210 1172,210 1172,179 1169,135 953,129 952,129 859,138 861,182"/>
        <Baseline points="861,182 1172,179"/>
        <TextEquiv conf="0.9995547533035278">
          <Unicode>S. IIBERIIS.</Unicode>
        </TextEquiv>
      </TextLine>
    </TextRegion>
    <TextRegion id="eSc_textblock_01760471"  custom="structure {type:default;}">
      <Coords points="1938,143 2001,150 2008,189 1928,203 1914,164 1938,143"/>
      <TextLine id="eSc_line_18047ce6" custom="structure {type:default;}">
        <Coords points="1978,146 1960,145 1943,143 1933,146 1930,184 1931,215 1996,213 1996,181 1991,146 1978,146"/>
        <Baseline points="1930,184 1996,181"/>
        <TextEquiv conf="1.0">
          <Unicode>33</Unicode>
        </TextEquiv>
      </TextLine>
    </TextRegion>
    <TextRegion id="eSc_textblock_ee2d75cf"  custom="structure {type:default;}">
      <Coords points="953,2761 983,2761 983,2766 950,2766 953,2761"/>
    </TextRegion>
  </Page>
</PcGts>
