<?xml version="1.0" encoding="UTF-8"  standalone="yes"?>
<PcGts xmlns="http://schema.primaresearch.org/PAGE/gts/pagecontent/2019-07-15" xmlns:xsi="http://www.w3.org/2001/XMLSchema-instance" xsi:schemaLocation="http://schema.primaresearch.org/PAGE/gts/pagecontent/2019-07-15 http://schema.primaresearch.org/PAGE/gts/pagecontent/2019-07-15/pagecontent.xsd">
  <Metadata externalRef="pdf//regestapontificu01cath.pdf">
	<Creator>escriptorium</Creator>
	<Created>2026-02-12T11:29:14.309853+00:00</Created>
        <LastChange>2026-02-13T10:41:08.021371+00:00</LastChange>
  </Metadata>
  <Page imageFilename="regestapontificu01cath.pdf_page_225.png" imageWidth="2278" imageHeight="3076">
    <TextRegion id="eSc_textblock_880ea41b"  custom="structure {type:default;}">
      <Coords points="604,218 2059,225 2045,2718 1826,2739 798,2725 892,2712 75,2725 54,2684 54,300 95,225 258,225 266,287 273,246 312,239 326,305 367,307 416,239 604,218"/>
      <TextLine id="eSc_line_eca3e816" custom="structure {type:default;}">
        <Coords points="963,218 962,218 960,218 927,228 835,218 833,218 832,218 830,218 830,220 820,230 738,230 690,218 688,218 581,228 550,223 538,225 521,227 504,228 487,230 487,264 487,295 837,288 1004,297 1006,264 1006,228 965,218 963,218"/>
        <Baseline points="487,264 1006,264"/>
        <TextEquiv conf="0.9826696025473731">
          <Unicode>598. (Imf. 1. 1. S pt. — 2.)</Unicode>
        </TextEquiv>
      </TextLine>
      <TextLine id="eSc_line_3f2e0aae" custom="structure {type:default;}">
        <Coords points="76,362 249,365 252,317 251,273 186,275 177,266 174,264 174,263 172,263 170,263 169,263 155,264 112,273 80,259 78,314 76,362"/>
        <Baseline points="78,314 252,317"/>
        <TextEquiv conf="0.8868718817830086">
          <Unicode>(nt. Ro.</Unicode>
        </TextEquiv>
      </TextLine>
      <TextLine id="eSc_line_ea46221f" custom="structure {type:default;}">
        <Coords points="514,314 514,333 902,343 904,343 1052,331 1069,331 1073,331 1103,341 1105,341 1107,343 1358,343 1358,341 1360,341 1362,341 1377,331 1379,329 1801,329 1843,329 1932,329 1948,340 1949,340 1951,340 1953,340 2023,328 2025,309 2021,266 1984,263 1982,263 1980,263 1972,266 1951,275 1936,266 1925,261 1924,261 1922,261 1888,266 1871,270 1861,266 1840,261 1838,261 1520,261 1519,261 1517,261 1478,271 1461,276 1350,276 1324,273 1279,264 1278,264 1223,273 1203,276 1180,275 1122,266 1121,266 1073,273 1047,263 1045,263 1044,263 1042,263 1009,276 1003,280 512,280 514,314"/>
        <Baseline points="514,314 2025,309"/>
        <TextEquiv conf="0.9656201999508933">
          <Unicode>1270 (1aa8) Itamaner, defenaori Siciliac. mamdlat. hrrrtetur Lramntimm (evramnanlemii. mr</Unicode>
        </TextEquiv>
      </TextLine>
      <TextLine id="eSc_line_356b680e" custom="structure {type:default;}">
        <Coords points="551,358 551,384 2023,384 2025,355 2019,333 550,334 551,358"/>
        <Baseline points="551,358 2025,355"/>
        <TextEquiv conf="0.9925075582711094">
          <Unicode>quid „de insulis“ constituat adversus seniorum et civium Neapolitanorum privilegia,</Unicode>
        </TextEquiv>
      </TextLine>
      <TextLine id="eSc_line_f579205b" custom="structure {type:default;}">
        <Coords points="553,399 553,420 2019,423 2023,396 2019,370 551,370 553,399"/>
        <Baseline points="553,399 2023,396"/>
        <TextEquiv conf="0.9866249776748289">
          <Unicode>(er Mauricium impratorem, iyo (iregorio in (onstantinopoli suffragante. cunfirmata.</Unicode>
        </TextEquiv>
      </TextLine>
      <TextLine id="eSc_line_2a88f9cb" custom="structure {type:default;}">
        <Coords points="551,442 551,461 603,471 604,471 606,471 635,463 640,461 799,461 811,463 857,471 859,471 1114,463 1254,459 1418,459 1425,464 1432,469 1433,469 1435,469 1437,471 1630,471 1630,469 1632,469 1633,469 1638,464 1645,459 1659,464 1673,469 1674,469 1676,469 1855,464 1857,439 1854,410 575,406 574,406 572,406 550,413 551,442"/>
        <Baseline points="551,442 1857,439"/>
        <TextEquiv conf="0.9600743981632026">
          <Unicode>Rteg. IX. 16. (Maur. X. 53, (uss. V11I. 23).— „P&#x27;ervenit ad nos. „„utonl“.</Unicode>
        </TextEquiv>
      </TextLine>
      <TextLine id="eSc_line_d1c21f17" custom="structure {type:default;}">
        <Coords points="512,483 512,512 2025,502 2026,478 2023,457 510,457 512,483"/>
        <Baseline points="512,483 2026,478"/>
        <TextEquiv conf="0.9957380091442781">
          <Unicode>1571 (1261) Fortunato, episcopo Neapolitano, acribit, se cognovisse, populum Neapoli-</Unicode>
        </TextEquiv>
      </TextLine>
      <TextLine id="eSc_line_a31c56c7" custom="structure {type:default;}">
        <Coords points="102,495 102,517 121,526 123,526 124,526 146,521 184,512 198,526 199,526 199,528 201,528 203,528 205,529 240,529 240,495 240,471 102,463 102,495"/>
        <Baseline points="102,495 240,495"/>
        <TextEquiv conf="0.9999159425497055">
          <Unicode>„ „„</Unicode>
        </TextEquiv>
      </TextLine>
      <TextLine id="eSc_line_9a035781" custom="structure {type:default;}">
        <Coords points="551,524 551,546 2023,546 2025,521 2019,497 550,497 551,524"/>
        <Baseline points="551,524 2025,521"/>
        <TextEquiv conf="0.9983676068576766">
          <Unicode>tanum in duas partes esse divisum, quarum una Theodoro magistro populi adhacreat:</Unicode>
        </TextEquiv>
      </TextLine>
      <TextLine id="eSc_line_01207f90" custom="structure {type:default;}">
        <Coords points="553,567 553,582 2021,591 2025,567 2023,545 553,545 553,567"/>
        <Baseline points="553,567 2025,567"/>
        <TextEquiv conf="0.9996129992333326">
          <Unicode>quo facilius restitui concordia possit, mittat, qui adversariis respondeat. Reg. IX. 47,</Unicode>
        </TextEquiv>
      </TextLine>
      <TextLine id="eSc_line_154d2568" custom="structure {type:default;}">
        <Coords points="551,610 551,627 924,637 926,637 927,637 929,637 945,627 946,627 1220,635 1221,635 1223,635 1254,625 1266,635 1268,635 1269,635 1271,637 1327,637 1327,635 1329,635 1331,635 1348,625 1350,625 1409,625 1423,635 1425,635 1426,635 1428,637 1473,637 1473,635 1637,633 1638,633 1640,633 1654,625 1671,632 1673,632 1674,632 1676,632 1678,632 1691,623 1717,633 1719,633 1720,635 1895,635 1895,633 1896,633 1934,622 1934,604 1931,584 1011,577 1009,577 948,586 579,579 577,579 575,579 550,587 551,610"/>
        <Baseline points="551,610 1934,604"/>
        <TextEquiv conf="0.993323631286621">
          <Unicode>(Maur. IX. 104, Guss. VII. ind. II. ep. 109). — „Quorundam in Neapolitana“.</Unicode>
        </TextEquiv>
      </TextLine>
      <TextLine id="eSc_line_5856ec1f" custom="structure {type:default;}">
        <Coords points="514,651 514,669 2023,671 2026,645 2021,616 512,620 514,651"/>
        <Baseline points="514,651 2026,645"/>
        <TextEquiv conf="0.9986853297934475">
          <Unicode>1572 *Fortunato, episcopo Neapolitano, de causa Theodori magnifici ad eius iudicium</Unicode>
        </TextEquiv>
      </TextLine>
      <TextLine id="eSc_line_f17eafd4" custom="structure {type:default;}">
        <Coords points="93,654 95,736 205,736 203,651 199,601 90,601 93,654"/>
        <Baseline points="93,654 203,651"/>
        <TextEquiv conf="0.9995362162590027">
          <Unicode>8„</Unicode>
        </TextEquiv>
      </TextLine>
      <TextLine id="eSc_line_96f59456" custom="structure {type:default;}">
        <Coords points="553,693 553,719 1021,719 1030,722 1037,727 1039,727 1040,727 1042,727 1064,722 1090,717 1112,722 1133,729 1134,729 1136,731 1450,731 1450,729 1469,726 1502,717 1520,726 1529,729 1531,729 1532,729 1551,726 1584,719 1712,726 1739,727 1741,727 1743,727 1744,727 1761,717 1778,727 1780,727 1782,727 1784,729 1857,729 1857,727 1859,727 1861,727 1903,716 1919,727 1920,727 1922,727 1924,729 2021,729 2023,688 2018,663 551,666 553,693"/>
        <Baseline points="553,693 2023,688"/>
        <TextEquiv conf="0.9737482749963109">
          <Unicode>non dcfeyendla xcribiit. Vide episrolami scqucntem. Rtr„ IX. 57. (Maur. IX. 62.</Unicode>
        </TextEquiv>
      </TextLine>
      <TextLine id="eSc_line_9868bc1f" custom="structure {type:default;}">
        <Coords points="551,731 550,748 565,758 567,758 569,758 570,758 654,748 729,757 731,757 733,757 751,748 796,760 798,760 799,760 801,760 827,750 839,760 840,760 842,760 844,760 845,760 885,750 907,760 909,760 910,760 912,760 950,750 1016,760 1018,760 1020,760 1042,748 1044,734 1042,712 551,709 551,731"/>
        <Baseline points="551,731 1044,734"/>
        <TextEquiv conf="0.9860028837408338">
          <Unicode>Guss. VII. ind. II. ep. 71).</Unicode>
        </TextEquiv>
      </TextLine>
      <TextLine id="eSc_line_cf92d330" custom="structure {type:default;}">
        <Coords points="512,777 512,804 2026,792 2028,772 2023,746 510,746 512,777"/>
        <Baseline points="512,777 2028,772"/>
        <TextEquiv conf="0.9983625012200054">
          <Unicode>1573 (1223) Maurentium, magistrum militum, redarguit, quod eo in civitate Neapoli-</Unicode>
        </TextEquiv>
      </TextLine>
      <TextLine id="eSc_line_5116676e" custom="structure {type:default;}">
        <Coords points="135,787 135,825 170,823 170,787 170,765 135,763 135,787"/>
        <Baseline points="135,787 170,787"/>
        <TextEquiv conf="0.5863380432128906">
          <Unicode>„</Unicode>
        </TextEquiv>
      </TextLine>
      <TextLine id="eSc_line_93d98e3a" custom="structure {type:default;}">
        <Coords points="553,818 553,835 2023,840 2026,815 2021,786 551,789 553,818"/>
        <Baseline points="553,818 2026,815"/>
        <TextEquiv conf="0.9953936754939068">
          <Unicode>tana residente, Thcodori, „viri magnifici, praesentium portitoris“, causam, quat ad</Unicode>
        </TextEquiv>
      </TextLine>
      <TextLine id="eSc_line_eb12f90c" custom="structure {type:default;}">
        <Coords points="553,861 553,890 2025,885 2026,856 2021,833 551,833 553,861"/>
        <Baseline points="553,861 2026,856"/>
        <TextEquiv conf="0.9946399317231289">
          <Unicode>patronum civitatis Neapolitanae pertineat, tractari a Fortunato episcopo siverit. Vini</Unicode>
        </TextEquiv>
      </TextLine>
      <TextLine id="eSc_line_574a1617" custom="structure {type:default;}">
        <Coords points="553,902 553,922 2028,922 2028,902 2026,873 553,876 553,902"/>
        <Baseline points="553,902 2028,902"/>
        <TextEquiv conf="0.9968691895037521">
          <Unicode>urnae viginti, quas de insula Prochyta per annos duos Theodorus Vectani, castelli</Unicode>
        </TextEquiv>
      </TextLine>
      <TextLine id="eSc_line_febd7920" custom="structure {type:default;}">
        <Coords points="555,943 553,962 2023,965 2026,946 2025,921 1966,910 1965,910 1884,919 1876,919 1869,919 1825,910 1823,910 1324,914 705,917 686,909 685,909 683,909 635,917 555,907 555,943"/>
        <Baseline points="555,943 2026,946"/>
        <TextEquiv conf="0.9998231018290801">
          <Unicode>Misinatis comiti, dono dederit, quominus per comitis successorem quotannis exigantur,</Unicode>
        </TextEquiv>
      </TextLine>
      <TextLine id="eSc_line_02d0d943" custom="structure {type:default;}">
        <Coords points="553,989 553,1008 2025,1011 2028,986 2023,963 551,965 553,989"/>
        <Baseline points="553,989 2028,986"/>
        <TextEquiv conf="0.9904770234051873">
          <Unicode>iubet prohiberi. Theodori civitatis privilegia et Prochytae insulae causas commendat.</Unicode>
        </TextEquiv>
      </TextLine>
      <TextLine id="eSc_line_18105c3b" custom="structure {type:default;}">
        <Coords points="553,1030 553,1045 2023,1047 2026,1030 2025,1006 553,1003 553,1030"/>
        <Baseline points="553,1030 2026,1030"/>
        <TextEquiv conf="0.9955434761941433">
          <Unicode>Reg. IX. 53, (Maur. IX. 69, Guss. VII. ind. II. ep. 71). — „Valde mirati sumus“.</Unicode>
        </TextEquiv>
      </TextLine>
      <TextLine id="eSc_line_fc14d3ba" custom="structure {type:default;}">
        <Coords points="514,1071 514,1091 2028,1091 2030,1066 2025,1037 512,1047 514,1071"/>
        <Baseline points="514,1071 2030,1066"/>
        <TextEquiv conf="0.9997374865897867">
          <Unicode>1574 (1183) Romano defensori mhndat, ut Callixeno, parvulo Stephaniae viduae, latricis</Unicode>
        </TextEquiv>
      </TextLine>
      <TextLine id="eSc_line_5b8e65d4" custom="structure {type:default;}">
        <Coords points="140,1081 136,1121 164,1115 167,1083 167,1018 141,1023 140,1081"/>
        <Baseline points="140,1081 167,1083"/>
        <TextEquiv conf="0.9189853072166443">
          <Unicode>„</Unicode>
        </TextEquiv>
      </TextLine>
      <TextLine id="eSc_line_378a605e" custom="structure {type:default;}">
        <Coords points="555,1115 555,1136 1907,1138 1908,1138 1910,1138 1943,1129 2026,1138 2030,1109 2025,1088 553,1091 555,1115"/>
        <Baseline points="555,1115 2030,1109"/>
        <TextEquiv conf="0.9837216005513543">
          <Unicode>praesentium, filio, domum Catanensem, ab Ammonia-avia ecclesiae Romanae dono</Unicode>
        </TextEquiv>
      </TextLine>
      <TextLine id="eSc_line_210c24fe" custom="structure {type:default;}">
        <Coords points="553,1156 553,1175 1174,1184 1175,1184 1232,1179 1298,1174 1336,1180 1353,1182 1355,1184 1466,1184 1466,1182 1467,1182 1469,1182 1471,1180 1485,1174 1773,1182 1811,1182 1813,1182 1818,1182 1878,1174 1895,1182 1896,1182 1898,1184 2028,1184 2030,1153 2026,1129 551,1129 553,1156"/>
        <Baseline points="553,1156 2030,1153"/>
        <TextEquiv conf="0.9864825225738157">
          <Unicode>datam, restituat. Reg. IX. 48, (Maur. IX. 26, Guss. VII. ind. II. ep. 23). — „Quam-</Unicode>
        </TextEquiv>
      </TextLine>
      <TextLine id="eSc_line_53cd847c" custom="structure {type:default;}">
        <Coords points="553,1199 553,1213 565,1221 567,1221 569,1221 570,1221 656,1213 697,1221 698,1221 847,1208 849,1196 844,1175 551,1175 553,1199"/>
        <Baseline points="553,1199 849,1196"/>
        <TextEquiv conf="0.9859768430391948">
          <Unicode>quam ea, quae“.</Unicode>
        </TextEquiv>
      </TextLine>
      <TextLine id="eSc_line_0fabc742" custom="structure {type:default;}">
        <Coords points="516,1242 516,1266 2030,1261 2031,1235 2028,1211 1679,1203 1678,1203 1676,1203 1650,1211 1649,1211 1628,1211 1430,1204 1428,1204 514,1213 516,1242"/>
        <Baseline points="516,1242 2031,1235"/>
        <TextEquiv conf="0.9939623986973481">
          <Unicode>1575 (1359) Romano, defensori Siciliae, mandat, ut Theclam, monasterii S. Mariae Nea-</Unicode>
        </TextEquiv>
      </TextLine>
      <TextLine id="eSc_line_ee2f0cf9" custom="structure {type:default;}">
        <Coords points="128,1254 128,1269 176,1267 176,1250 172,1220 124,1218 128,1254"/>
        <Baseline points="128,1254 176,1250"/>
        <TextEquiv conf="0.9812553524971008">
          <Unicode>„</Unicode>
        </TextEquiv>
      </TextLine>
      <TextLine id="eSc_line_4975c599" custom="structure {type:default;}">
        <Coords points="555,1285 555,1302 2028,1298 2030,1279 2026,1256 553,1256 555,1285"/>
        <Baseline points="555,1285 2030,1279"/>
        <TextEquiv conf="0.9998273275247435">
          <Unicode>politani abbatissam, cum Alexandro, viro magnifico, genero eius, reconciliet. Reg.</Unicode>
        </TextEquiv>
      </TextLine>
      <TextLine id="eSc_line_5e082c3e" custom="structure {type:default;}">
        <Coords points="555,1326 555,1339 685,1348 686,1348 688,1348 704,1339 705,1339 728,1348 729,1348 731,1348 827,1339 830,1339 832,1339 878,1348 880,1348 881,1348 910,1339 943,1348 945,1348 946,1348 948,1348 974,1338 977,1338 982,1338 1028,1346 1030,1346 1073,1338 1076,1338 1078,1338 1093,1346 1095,1346 1097,1346 1151,1338 1153,1338 1155,1338 1180,1346 1182,1346 1184,1346 1185,1346 1218,1338 1220,1338 1221,1338 1336,1346 1338,1346 1389,1336 1396,1336 1408,1336 1514,1344 1515,1346 1696,1346 1696,1344 1698,1344 1731,1334 1731,1320 1726,1297 1510,1298 1508,1298 1498,1290 1497,1290 1495,1290 1493,1290 1491,1290 1464,1298 1461,1298 1456,1298 1414,1290 1413,1290 1411,1290 1409,1290 1396,1298 1394,1300 1146,1300 1143,1300 1095,1291 1093,1291 1021,1300 998,1291 996,1291 994,1291 992,1291 991,1291 980,1300 840,1293 839,1293 774,1302 721,1293 719,1293 717,1293 695,1302 644,1293 642,1293 640,1293 622,1302 575,1293 574,1293 572,1293 553,1302 555,1326"/>
        <Baseline points="555,1326 1731,1320"/>
        <TextEquiv conf="0.9869221122935414">
          <Unicode>IX. 54, (Maur. XI. 11, Guss. IX. 7). — „Quia Thecla, abbatissa“.</Unicode>
        </TextEquiv>
      </TextLine>
      <TextLine id="eSc_line_f5e6262e" custom="structure {type:default;}">
        <Coords points="517,1365 517,1387 2031,1387 2031,1365 2030,1339 517,1341 517,1365"/>
        <Baseline points="517,1365 2031,1365"/>
        <TextEquiv conf="0.9981241984800859">
          <Unicode>1576 (1339) Dono, episcopo Messanensi, Gregorium expraefectum commendat. Reg.</Unicode>
        </TextEquiv>
      </TextLine>
      <TextLine id="eSc_line_9094215d" custom="structure {type:default;}">
        <Coords points="135,1375 133,1391 172,1389 174,1379 176,1327 138,1324 135,1375"/>
        <Baseline points="135,1375 174,1379"/>
        <TextEquiv conf="0.9999992847442627">
          <Unicode>„</Unicode>
        </TextEquiv>
      </TextLine>
      <TextLine id="eSc_line_1611d3d4" custom="structure {type:default;}">
        <Coords points="555,1411 555,1425 1719,1421 1720,1408 1717,1384 553,1382 555,1411"/>
        <Baseline points="555,1411 1720,1408"/>
        <TextEquiv conf="0.9915059822978396">
          <Unicode>IX. 50, (Maur. X. 54, Guss. VIII. 54). — „Licet gloriosus filius“.</Unicode>
        </TextEquiv>
      </TextLine>
      <TextLine id="eSc_line_bf4a29bf" custom="structure {type:default;}">
        <Coords points="517,1454 517,1478 603,1467 628,1476 630,1476 632,1476 676,1467 721,1476 722,1476 724,1476 743,1467 767,1476 769,1476 770,1478 1056,1478 1056,1476 1057,1476 1081,1467 1223,1476 1225,1476 1227,1476 1228,1476 1242,1467 1351,1474 1353,1474 1435,1466 1495,1474 1497,1474 1691,1466 2026,1474 2030,1450 2028,1428 1996,1418 1994,1418 1992,1418 1936,1426 1883,1418 1881,1418 1797,1426 1796,1428 1601,1428 1599,1426 1582,1418 1580,1418 1579,1418 1577,1418 1560,1426 1546,1426 1379,1418 1377,1418 1309,1426 1298,1426 1295,1426 1274,1418 1273,1418 1271,1418 1269,1418 1252,1426 1247,1428 1225,1426 1177,1420 1175,1420 1121,1425 1092,1428 1085,1425 1071,1420 1069,1420 1068,1420 1039,1425 1020,1430 880,1430 871,1425 864,1420 863,1420 861,1420 859,1420 833,1425 816,1428 798,1425 774,1420 772,1420 516,1423 517,1454"/>
        <Baseline points="517,1454 2030,1450"/>
        <TextEquiv conf="0.9922085857089562">
          <Unicode>1577 (1340) Leontio, exconsuli Siciliae, Gregorium expraefectum commendat. Reg-</Unicode>
        </TextEquiv>
      </TextLine>
      <TextLine id="eSc_line_715862d5" custom="structure {type:default;}">
        <Coords points="136,1459 133,1500 170,1495 176,1462 177,1409 140,1402 136,1459"/>
        <Baseline points="136,1459 176,1462"/>
        <TextEquiv conf="0.9679035544395447">
          <Unicode>„</Unicode>
        </TextEquiv>
      </TextLine>
      <TextLine id="eSc_line_769cd5a0" custom="structure {type:default;}">
        <Coords points="553,1493 553,1510 657,1510 669,1519 671,1519 673,1519 675,1520 801,1520 801,1519 803,1519 823,1510 915,1519 917,1519 968,1510 987,1519 989,1519 991,1519 1064,1510 1563,1519 1565,1519 1567,1519 1599,1510 1671,1519 1673,1519 1674,1519 1712,1508 1712,1493 1710,1469 553,1462 553,1493"/>
        <Baseline points="553,1493 1712,1493"/>
        <TextEquiv conf="0.9937803007307506">
          <Unicode>IX. 55, (Maur. X. 55, Guss. VIII. 55). — „Cum iustitiae vigor“.</Unicode>
        </TextEquiv>
      </TextLine>
      <TextLine id="eSc_line_3b0226f5" custom="structure {type:default;}">
        <Coords points="514,1536 514,1553 2026,1556 2030,1531 2025,1500 512,1503 514,1536"/>
        <Baseline points="514,1536 2030,1531"/>
        <TextEquiv conf="0.9980603990616737">
          <Unicode>1578 (1341) Amandino domestico Gregorium expraefectum commendat. Reg. IX. 56,</Unicode>
        </TextEquiv>
      </TextLine>
      <TextLine id="eSc_line_59b71c6d" custom="structure {type:default;}">
        <Coords points="133,1548 135,1587 179,1585 177,1544 174,1507 129,1505 133,1548"/>
        <Baseline points="133,1548 177,1544"/>
        <TextEquiv conf="0.9839116334915161">
          <Unicode>„</Unicode>
        </TextEquiv>
      </TextLine>
      <TextLine id="eSc_line_02aa3b78" custom="structure {type:default;}">
        <Coords points="553,1577 553,1592 622,1604 623,1604 736,1592 745,1592 748,1592 792,1604 794,1604 796,1604 798,1604 799,1604 799,1602 811,1592 840,1601 842,1601 844,1601 1028,1592 1030,1592 1085,1604 1086,1604 1088,1604 1090,1604 1107,1590 1110,1590 1165,1590 1167,1590 1177,1601 1177,1602 1179,1602 1180,1602 1182,1604 1394,1604 1394,1602 1396,1602 1397,1602 1397,1601 1408,1592 1420,1602 1421,1602 1423,1602 1425,1602 1474,1594 1485,1601 1486,1601 1488,1601 1490,1601 1491,1601 1493,1601 1502,1592 1512,1601 1512,1602 1514,1602 1515,1602 1517,1604 1555,1604 1555,1602 1642,1589 1643,1573 1640,1553 569,1546 567,1546 565,1546 563,1546 551,1551 553,1577"/>
        <Baseline points="553,1577 1643,1573"/>
        <TextEquiv conf="0.9950614005327225">
          <Unicode>(Maur. X. 56, Guss. VIII. 56). — „Confidentes, quod gloria“.</Unicode>
        </TextEquiv>
      </TextLine>
      <TextLine id="eSc_line_b3a66220" custom="structure {type:default;}">
        <Coords points="514,1618 514,1643 2031,1643 2033,1614 2028,1592 512,1592 514,1618"/>
        <Baseline points="514,1618 2033,1614"/>
        <TextEquiv conf="0.9972061946474272">
          <Unicode>1579 (1342) Secundino (Tauromenitano) et lohanni (Syracusano), episcopis Siciliae, Gre-</Unicode>
        </TextEquiv>
      </TextLine>
      <TextLine id="eSc_line_a9601adf" custom="structure {type:default;}">
        <Coords points="133,1631 135,1654 177,1649 177,1628 170,1573 128,1577 133,1631"/>
        <Baseline points="133,1631 177,1628"/>
        <TextEquiv conf="1.0">
          <Unicode>„</Unicode>
        </TextEquiv>
      </TextLine>
      <TextLine id="eSc_line_292eaaef" custom="structure {type:default;}">
        <Coords points="558,1664 558,1686 2031,1681 2033,1657 2028,1633 557,1637 558,1664"/>
        <Baseline points="558,1664 2033,1657"/>
        <TextEquiv conf="0.9982369843917557">
          <Unicode>gorium expraefectum commendat. Curent, ut Leontius exconsul ei verbum, quod per</Unicode>
        </TextEquiv>
      </TextLine>
      <TextLine id="eSc_line_389a5d91" custom="structure {type:default;}">
        <Coords points="555,1705 555,1736 2030,1724 2031,1700 2026,1678 553,1681 555,1705"/>
        <Baseline points="555,1705 2031,1700"/>
        <TextEquiv conf="0.9931125360376695">
          <Unicode>Azimarchum scribonem praebuit, custodiat. Reg. IX. 57, (Maur. X. 57, Guss. VIII. 57).</Unicode>
        </TextEquiv>
      </TextLine>
      <TextLine id="eSc_line_1092f149" custom="structure {type:default;}">
        <Coords points="560,1746 560,1761 753,1773 755,1773 757,1773 798,1761 991,1772 992,1772 1054,1758 1056,1743 1050,1722 558,1724 560,1746"/>
        <Baseline points="560,1746 1056,1743"/>
        <TextEquiv conf="0.9999830174446106">
          <Unicode>— „Bonorum nos hortatur“.</Unicode>
        </TextEquiv>
      </TextLine>
      <TextLine id="eSc_line_d7abe7c6" custom="structure {type:default;}">
        <Coords points="516,1787 516,1808 2030,1808 2031,1782 2026,1753 514,1760 516,1787"/>
        <Baseline points="516,1787 2031,1782"/>
        <TextEquiv conf="0.9947046712040901">
          <Unicode>1580 (1174) Chrysantho episcopo (Spoletano) mandat, ut in ecclesia beatae Mariae</Unicode>
        </TextEquiv>
      </TextLine>
      <TextLine id="eSc_line_3be5bbb2" custom="structure {type:default;}">
        <Coords points="136,1801 140,1857 176,1862 172,1797 162,1729 129,1739 136,1801"/>
        <Baseline points="136,1801 172,1797"/>
        <TextEquiv conf="0.999796450138092">
          <Unicode>„</Unicode>
        </TextEquiv>
      </TextLine>
      <TextLine id="eSc_line_51e2c4a1" custom="structure {type:default;}">
        <Coords points="555,1830 555,1847 757,1857 758,1857 986,1849 1071,1857 1073,1857 1208,1849 1293,1857 1295,1857 1936,1849 2011,1857 2013,1857 2014,1857 2031,1847 2031,1830 2030,1806 555,1806 555,1830"/>
        <Baseline points="555,1830 2031,1830"/>
        <TextEquiv conf="0.9930985206510963">
          <Unicode>Reatina reliquias Hermae et Hyacinthi et Maximi, beatorum martyrum, collocet. Reg.</Unicode>
        </TextEquiv>
      </TextLine>
      <TextLine id="eSc_line_bb22224b" custom="structure {type:default;}">
        <Coords points="555,1872 555,1890 910,1890 914,1890 960,1898 962,1898 963,1898 986,1890 987,1890 1056,1898 1057,1898 1059,1898 1080,1890 1088,1890 1433,1896 1435,1896 1519,1888 1522,1888 1532,1896 1534,1896 1536,1896 1538,1898 1826,1898 1826,1896 1828,1896 1864,1886 1864,1869 1859,1847 553,1849 555,1872"/>
        <Baseline points="555,1872 1864,1869"/>
        <TextEquiv conf="0.9944344968409151">
          <Unicode>IX. 49, (Maur. IX. 15, Guss. VII. ind. II. ep. 12). — „Paulus, ecclesiae“.</Unicode>
        </TextEquiv>
      </TextLine>
      <TextLine id="eSc_line_624f4912" custom="structure {type:default;}">
        <Coords points="517,1915 517,1936 2031,1936 2033,1910 2028,1886 516,1890 517,1915"/>
        <Baseline points="517,1915 2033,1910"/>
        <TextEquiv conf="0.9941319694001991">
          <Unicode>1581 (1175) Sereno, episcopo Anconitano, mandat, compellat Screnum diaconum, ut ar-</Unicode>
        </TextEquiv>
      </TextLine>
      <TextLine id="eSc_line_6bdcfc15" custom="structure {type:default;}">
        <Coords points="141,1992 169,1992 169,1927 169,1891 143,1883 141,1927 141,1992"/>
        <Baseline points="141,1927 169,1927"/>
        <TextEquiv conf="0.995661199092865">
          <Unicode>„</Unicode>
        </TextEquiv>
      </TextLine>
      <TextLine id="eSc_line_c6182f20" custom="structure {type:default;}">
        <Coords points="557,1958 557,1982 827,1978 866,1984 898,1987 900,1987 926,1984 956,1978 1004,1984 1045,1987 1047,1987 1049,1987 1064,1984 1093,1977 1139,1984 1156,1985 1158,1985 1175,1984 1227,1977 1314,1984 1343,1985 1344,1985 1365,1984 1426,1977 1469,1984 1481,1985 1483,1985 1495,1984 1541,1975 1643,1975 1657,1984 1659,1984 1661,1984 1662,1984 1667,1984 1773,1975 1867,1984 1869,1984 1871,1984 1872,1984 1932,1975 2028,1984 2031,1953 2028,1922 1943,1922 1941,1922 1939,1922 1937,1922 1927,1931 1884,1922 1881,1922 1879,1922 1859,1922 1666,1931 1640,1924 1635,1922 1633,1922 1632,1922 1613,1924 1536,1934 1283,1934 1269,1925 1268,1924 1266,1924 1264,1924 1262,1924 1261,1924 1256,1925 1240,1932 1228,1925 1227,1924 1225,1924 1223,1924 1221,1924 1220,1924 1213,1925 1196,1932 1133,1927 1100,1924 1098,1924 1080,1927 1039,1934 555,1931 557,1958"/>
        <Baseline points="557,1958 2031,1953"/>
        <TextEquiv conf="0.9954524271628435">
          <Unicode>genti a Fabio, Passivi episcopi Firmani decessore, apud eum depositi, residua reddat,</Unicode>
        </TextEquiv>
      </TextLine>
      <TextLine id="eSc_line_dae3870f" custom="structure {type:default;}">
        <Coords points="555,2001 555,2021 2028,2023 2031,1994 2026,1972 553,1977 555,2001"/>
        <Baseline points="555,2001 2031,1994"/>
        <TextEquiv conf="0.9928085245192051">
          <Unicode>aut una cum Armenio episcopo inter Serenum diaconum et actores Firmanos iudicium</Unicode>
        </TextEquiv>
      </TextLine>
      <TextLine id="eSc_line_f09f9dfc" custom="structure {type:default;}">
        <Coords points="553,2042 553,2060 704,2060 709,2060 743,2071 745,2071 746,2071 890,2062 915,2069 917,2069 919,2069 921,2069 922,2069 931,2060 934,2059 939,2060 958,2069 960,2069 962,2069 1035,2060 1064,2059 1095,2060 1174,2069 1175,2069 1269,2060 1327,2057 1389,2060 1473,2067 1474,2067 1476,2067 1495,2060 1508,2057 1573,2057 1582,2060 1589,2067 1591,2067 1592,2067 1594,2067 1596,2067 1616,2060 1633,2057 1666,2060 1698,2066 1700,2066 1702,2066 1703,2066 1708,2060 1719,2055 1775,2055 1785,2060 1790,2066 1792,2066 1794,2066 1796,2066 1833,2060 1869,2057 1876,2060 1883,2066 1884,2066 1886,2066 1888,2066 2030,2060 2031,2035 2028,2013 551,2013 553,2042"/>
        <Baseline points="553,2042 2031,2035"/>
        <TextEquiv conf="0.9982934944331646">
          <Unicode>faciat. Reg. IX. 51, (Maur. IX. 16, Guss. VII. ind. II. ep. 13). — „Vir reveren-</Unicode>
        </TextEquiv>
      </TextLine>
      <TextLine id="eSc_line_baa19159" custom="structure {type:default;}">
        <Coords points="553,2083 553,2095 632,2107 634,2107 729,2091 731,2079 728,2057 551,2057 553,2083"/>
        <Baseline points="553,2083 731,2079"/>
        <TextEquiv conf="0.9943595349788665">
          <Unicode>tissimus“.</Unicode>
        </TextEquiv>
      </TextLine>
      <TextLine id="eSc_line_1b868c20" custom="structure {type:default;}">
        <Coords points="516,2124 516,2146 2031,2148 2035,2120 2031,2096 758,2089 757,2089 514,2098 516,2124"/>
        <Baseline points="516,2124 2035,2120"/>
        <TextEquiv conf="0.9958206185927758">
          <Unicode>1582 (1176) Demetrianum et Valerianum, clericos Firmanos, per Fabium episcopum</Unicode>
        </TextEquiv>
      </TextLine>
      <TextLine id="eSc_line_69bfde2e" custom="structure {type:default;}">
        <Coords points="555,2166 555,2183 2031,2187 2033,2166 2031,2139 555,2139 555,2166"/>
        <Baseline points="555,2166 2033,2166"/>
        <TextEquiv conf="0.9881562009453774">
          <Unicode>sedecim abhinc annis ab hostibus redemptos, ut redemptionis pecuniam restituant,</Unicode>
        </TextEquiv>
      </TextLine>
      <TextLine id="eSc_line_91712ea5" custom="structure {type:default;}">
        <Coords points="555,2209 555,2236 806,2230 818,2235 832,2242 833,2242 835,2243 1114,2243 1114,2242 1115,2242 1141,2233 1155,2230 1167,2233 1199,2242 1201,2242 1203,2242 1204,2242 1206,2242 1218,2233 1221,2230 1238,2233 1271,2238 1273,2238 1274,2238 1286,2231 1295,2228 1302,2231 1319,2240 1321,2240 1322,2242 1377,2242 1377,2240 1379,2240 1404,2231 1414,2228 1423,2231 1442,2240 1444,2240 1445,2242 1522,2242 1522,2240 1524,2240 1544,2230 1549,2228 1621,2228 1633,2230 1686,2240 1688,2240 1690,2240 1691,2240 1705,2230 1707,2228 1714,2230 1749,2236 1751,2236 1828,2228 1837,2228 1838,2228 1859,2240 1861,2240 1862,2240 1903,2231 1982,2240 1984,2240 1985,2240 2033,2226 2033,2206 2030,2183 1314,2175 1312,2175 1310,2175 1290,2183 786,2177 784,2177 553,2185 555,2209"/>
        <Baseline points="555,2209 2033,2206"/>
        <TextEquiv conf="0.9914941861305708">
          <Unicode>cogi vetat. Reg. IX. 52, (Maur. IX. 17, Guss. VII. ind. II. ep. 14). — „Et sacro-</Unicode>
        </TextEquiv>
      </TextLine>
      <TextLine id="eSc_line_31bb5042" custom="structure {type:default;}">
        <Coords points="555,2254 555,2274 828,2271 830,2250 825,2224 553,2224 555,2254"/>
        <Baseline points="555,2254 830,2250"/>
        <TextEquiv conf="0.9999980009519137">
          <Unicode>rum canonum“.</Unicode>
        </TextEquiv>
      </TextLine>
      <TextLine id="eSc_line_9267c597" custom="structure {type:default;}">
        <Coords points="517,2295 517,2315 2033,2315 2035,2288 2030,2259 516,2264 517,2295"/>
        <Baseline points="517,2295 2035,2288"/>
        <TextEquiv conf="0.9942881028826643">
          <Unicode>1583 (1225) Passivo episcopo (Firmano) mandat, ut oratorium in fundo Visiano iuxta</Unicode>
        </TextEquiv>
      </TextLine>
      <TextLine id="eSc_line_141472ef" custom="structure {type:default;}">
        <Coords points="129,2303 138,2368 164,2356 158,2300 145,2206 117,2214 129,2303"/>
        <Baseline points="129,2303 158,2300"/>
        <TextEquiv>
          <Unicode></Unicode>
        </TextEquiv>
      </TextLine>
      <TextLine id="eSc_line_373d0499" custom="structure {type:default;}">
        <Coords points="557,2336 557,2351 587,2361 589,2361 591,2363 652,2363 652,2361 654,2361 656,2361 669,2351 671,2351 681,2351 770,2361 772,2361 820,2351 825,2351 828,2351 859,2361 861,2361 863,2363 1013,2363 1013,2361 1015,2361 1016,2361 1028,2351 1032,2351 1095,2351 1098,2351 1119,2361 1121,2361 1122,2361 1332,2351 1397,2349 1409,2351 1438,2359 1440,2359 1442,2359 1514,2351 1526,2351 1536,2351 1587,2359 1589,2359 1591,2359 1592,2359 1602,2351 1608,2349 1722,2349 1732,2351 1756,2359 1758,2359 1760,2359 1820,2351 1842,2349 1854,2351 1874,2358 1876,2358 1878,2358 2031,2351 2033,2332 2030,2312 555,2308 557,2336"/>
        <Baseline points="557,2336 2033,2332"/>
        <TextEquiv conf="0.9989814713031431">
          <Unicode>muros civitatis Firmanae, a Valeriano notario conditum, beato Savino consecret.</Unicode>
        </TextEquiv>
      </TextLine>
      <TextLine id="eSc_line_666607c0" custom="structure {type:default;}">
        <Coords points="557,2378 557,2399 729,2394 757,2399 784,2402 786,2402 787,2402 789,2402 794,2397 798,2395 801,2397 806,2402 808,2402 810,2402 811,2404 893,2404 893,2402 958,2397 1011,2392 1074,2395 1160,2400 1162,2400 1163,2400 1187,2395 1199,2392 1233,2394 1317,2400 1319,2400 1321,2400 1348,2394 1356,2392 1362,2394 1391,2400 1392,2400 1394,2400 1456,2392 1474,2390 1490,2392 1531,2399 1532,2399 1534,2399 1556,2392 1561,2390 1608,2392 1826,2399 1828,2399 1830,2399 1866,2389 1866,2373 1862,2351 1522,2342 1520,2342 1430,2351 1425,2351 1401,2351 1018,2344 1016,2344 1015,2344 992,2353 989,2354 555,2354 557,2378"/>
        <Baseline points="557,2378 1866,2373"/>
        <TextEquiv conf="0.9986090585589409">
          <Unicode>Reg.-IX. 58, (Maur. IX. 70, Guss. VII. ind. II. ep. 72). — „Valerianus“.</Unicode>
        </TextEquiv>
      </TextLine>
      <TextLine id="eSc_line_ad0b8d66" custom="structure {type:default;}">
        <Coords points="519,2418 519,2436 2033,2433 2035,2414 2030,2383 517,2392 519,2418"/>
        <Baseline points="519,2418 2035,2414"/>
        <TextEquiv conf="0.9997105091810227">
          <Unicode>1584 (1226) Chrysanthum episcopum (Spoletanum) hortatur, ut Valeriano, ecclesiae</Unicode>
        </TextEquiv>
      </TextLine>
      <TextLine id="eSc_line_6af5437d" custom="structure {type:default;}">
        <Coords points="124,2430 129,2476 158,2474 155,2426 148,2385 119,2387 124,2430"/>
        <Baseline points="124,2430 155,2426"/>
        <TextEquiv conf="0.9999996423721313">
          <Unicode>„</Unicode>
        </TextEquiv>
      </TextLine>
      <TextLine id="eSc_line_910ea814" custom="structure {type:default;}">
        <Coords points="560,2462 560,2491 697,2489 698,2489 700,2489 714,2481 775,2489 780,2489 782,2489 791,2489 881,2481 900,2488 905,2489 907,2489 909,2489 910,2489 915,2488 945,2479 1071,2486 1112,2488 1114,2488 1131,2486 1168,2479 1279,2484 1346,2486 1348,2486 1408,2483 1476,2477 1503,2481 1538,2486 1539,2486 1541,2486 1543,2486 1549,2481 1556,2477 1635,2479 1794,2484 1796,2484 2033,2474 2035,2455 2030,2426 558,2431 560,2462"/>
        <Baseline points="560,2462 2035,2455"/>
        <TextEquiv conf="0.9958788553873698">
          <Unicode>Firmanae notario, qui beato Savino oratorium condiderit, eiusdem martyris sanctuaria</Unicode>
        </TextEquiv>
      </TextLine>
      <TextLine id="eSc_line_eae421b0" custom="structure {type:default;}">
        <Coords points="555,2506 555,2524 2030,2518 2031,2500 2028,2477 1690,2469 1688,2469 1686,2469 1659,2477 1657,2477 1642,2477 1293,2471 1291,2471 1290,2471 1269,2479 1268,2479 1242,2479 934,2472 933,2472 553,2481 555,2506"/>
        <Baseline points="555,2506 2031,2500"/>
        <TextEquiv conf="0.9970610955866371">
          <Unicode>praebeat. Reg. IX. 59, (Maur. IX. 71, Guss. VII. ind. II. ep. 73). — „Valerianus“.</Unicode>
        </TextEquiv>
      </TextLine>
      <TextLine id="eSc_line_76bd3fcd" custom="structure {type:default;}">
        <Coords points="519,2547 519,2565 2035,2561 2035,2541 2030,2512 517,2517 519,2547"/>
        <Baseline points="519,2547 2035,2541"/>
        <TextEquiv conf="0.998794426863221">
          <Unicode>1585 (1227) Constantio, episcopo Narniensi, visitatori ecclesiae Interamnensis, admini-</Unicode>
        </TextEquiv>
      </TextLine>
      <TextLine id="eSc_line_1c2e0e4e" custom="structure {type:default;}">
        <Coords points="146,2551 152,2583 170,2582 165,2547 158,2517 140,2517 146,2551"/>
        <Baseline points="146,2551 165,2547"/>
        <TextEquiv conf="0.9999581575393677">
          <Unicode>„</Unicode>
        </TextEquiv>
      </TextLine>
      <TextLine id="eSc_line_30ada432" custom="structure {type:default;}">
        <Coords points="558,2588 558,2609 1462,2616 1464,2616 1531,2607 1543,2606 1556,2606 1637,2614 1638,2614 2031,2604 2033,2583 2028,2558 557,2565 558,2588"/>
        <Baseline points="558,2588 2033,2583"/>
        <TextEquiv conf="0.9971666179952168">
          <Unicode>strationem quoque eiusdem ecclesiae demandat. Reg. IX. 60, (Maur. IX. 72, Guss. VII.</Unicode>
        </TextEquiv>
      </TextLine>
      <TextLine id="eSc_line_85427ed7" custom="structure {type:default;}">
        <Coords points="557,2628 557,2648 1307,2645 1307,2628 1307,2606 557,2604 557,2628"/>
        <Baseline points="557,2628 1307,2628"/>
        <TextEquiv conf="0.9900506319001664">
          <Unicode>ind. II. ep. 74). — „Fraternitati vestrae“.</Unicode>
        </TextEquiv>
      </TextLine>
      <TextLine id="eSc_line_ed8c062d" custom="structure {type:default;}">
        <Coords points="75,2670 75,2689 254,2698 256,2670 256,2611 244,2602 242,2602 240,2602 239,2602 181,2611 176,2611 174,2611 158,2602 157,2602 155,2602 153,2602 152,2602 145,2609 140,2612 75,2606 75,2670"/>
        <Baseline points="75,2670 256,2670"/>
        <TextEquiv conf="0.9001845359802246">
          <Unicode>Nat. DOce.</Unicode>
        </TextEquiv>
      </TextLine>
      <TextLine id="eSc_line_2fd247e3" custom="structure {type:default;}">
        <Coords points="519,2670 519,2701 755,2708 786,2720 787,2720 789,2722 948,2722 948,2720 950,2720 977,2706 1336,2718 1338,2718 1339,2718 1370,2705 1377,2701 1389,2705 1449,2718 1450,2718 1491,2717 1493,2717 1519,2705 1529,2700 1606,2700 1628,2705 1662,2713 1664,2713 1666,2713 1773,2705 1847,2700 1859,2705 1881,2717 1883,2717 1884,2717 2033,2705 2033,2665 2028,2638 517,2643 519,2670"/>
        <Baseline points="519,2670 2033,2665"/>
        <TextEquiv conf="0.9971281268247744">
          <Unicode>1686 (1343) Bomifatium, episcopum Rhegiensem. hortatur. ut ecclesiae suae cum Gre-</Unicode>
        </TextEquiv>
      </TextLine>
      <TextLine id="eSc_line_d1533bb4" custom="structure {type:default;}">
        <Coords points="150,2712 150,2764 550,2761 550,2708 546,2681 365,2667 364,2667 275,2682 162,2674 160,2674 158,2674 157,2674 148,2681 150,2712"/>
        <Baseline points="150,2712 550,2708"/>
        <TextEquiv conf="0.8192933604121209">
          <Unicode>Segete Rat Rana E. a</Unicode>
        </TextEquiv>
      </TextLine>
      <TextLine id="eSc_line_6611bab8" custom="structure {type:default;}">
        <Coords points="1821,2713 1818,2682 1773,2679 1777,2717 1782,2775 1823,2759 1821,2713"/>
        <Baseline points="1777,2717 1821,2713"/>
        <TextEquiv conf="0.9880859851837158">
          <Unicode>„4</Unicode>
        </TextEquiv>
      </TextLine>
    </TextRegion>
    <TextRegion id="eSc_textblock_3f8369bb"  custom="structure {type:default;}">
      <Coords points="943,95 1391,109 1397,162 697,176 717,102 943,95"/>
      <TextLine id="eSc_line_83d392d8" custom="structure {type:default;}">
        <Coords points="1035,97 1033,97 1032,97 982,111 980,111 979,111 951,97 950,97 948,97 898,107 883,97 881,97 880,97 878,97 765,105 746,100 746,100 729,100 712,114 714,155 714,174 755,184 757,184 758,184 760,184 770,176 772,176 813,176 1095,182 1097,182 1098,182 1100,182 1100,181 1102,179 1110,172 1162,172 1179,181 1180,182 1182,182 1184,182 1185,184 1380,184 1382,152 1377,111 1093,114 1080,111 1037,97 1035,97"/>
        <Baseline points="714,155 1382,152"/>
        <TextEquiv conf="0.9722684497634569">
          <Unicode>S GREioRtiUs I. 590 604.</Unicode>
        </TextEquiv>
      </TextLine>
    </TextRegion>
    <TextRegion id="eSc_textblock_00620975"  custom="structure {type:default;}">
      <Coords points="1934,109 2031,109 2059,141 2025,176 1931,176 1934,109"/>
      <TextLine id="eSc_line_b274becf" custom="structure {type:default;}">
        <Coords points="2018,109 2001,109 1984,109 1966,109 1960,109 1946,109 1932,117 1936,152 1941,256 1978,258 1980,258 1982,258 1984,258 1984,256 2001,239 2006,232 2030,230 2026,146 2021,109 2018,109"/>
        <Baseline points="1936,152 2026,146"/>
        <TextEquiv conf="0.9995326101779938">
          <Unicode>1—</Unicode>
        </TextEquiv>
      </TextLine>
    </TextRegion>
  </Page>
</PcGts>
