<?xml version="1.0" encoding="UTF-8"  standalone="yes"?>
<PcGts xmlns="http://schema.primaresearch.org/PAGE/gts/pagecontent/2019-07-15" xmlns:xsi="http://www.w3.org/2001/XMLSchema-instance" xsi:schemaLocation="http://schema.primaresearch.org/PAGE/gts/pagecontent/2019-07-15 http://schema.primaresearch.org/PAGE/gts/pagecontent/2019-07-15/pagecontent.xsd">
  <Metadata externalRef="pdf//regestapontificu01cath.pdf">
	<Creator>escriptorium</Creator>
	<Created>2026-02-12T11:30:08.194614+00:00</Created>
        <LastChange>2026-02-13T10:46:02.585181+00:00</LastChange>
  </Metadata>
  <Page imageFilename="regestapontificu01cath.pdf_page_247.png" imageWidth="2278" imageHeight="3076">
    <TextRegion id="eSc_textblock_867fc165"  custom="structure {type:default;}">
      <Coords points="1956,211 2072,232 2059,2712 540,2725 505,2712 499,2529 437,2513 442,2438 367,2418 285,2460 285,2527 143,2547 143,2460 82,2397 68,1433 68,697 102,533 184,381 184,341 136,312 129,246 312,246 374,492 360,524 381,533 437,469 451,321 492,319 471,266 490,287 505,239 533,232 1956,211"/>
      <TextLine id="eSc_line_71109c26" custom="structure {type:default;}">
        <Coords points="504,280 504,307 1944,300 1944,276 1939,239 1626,240 1609,239 1517,230 1515,230 1459,240 1454,240 1450,240 1413,230 1411,230 1409,230 1310,240 1309,240 1307,240 1245,230 1244,230 1242,230 1220,240 1105,242 1050,242 1049,242 1035,232 1033,232 1032,232 760,232 758,232 710,242 693,232 692,232 690,232 616,232 615,232 502,244 504,280"/>
        <Baseline points="504,280 1944,276"/>
        <TextEquiv conf="0.971542113943945">
          <Unicode>601. (Iap. Mauririo 71erio a. 19. post. cona. riuat. a. 1“, iat. 1. — 1. “, 5.)</Unicode>
        </TextEquiv>
      </TextLine>
      <TextLine id="eSc_line_2a934f5c" custom="structure {type:default;}">
        <Coords points="570,328 570,348 2035,350 2037,328 2035,297 570,299 570,328"/>
        <Baseline points="570,328 2037,328"/>
        <TextEquiv conf="0.9879648417611665">
          <Unicode>in furmam dialogxi redactam rereperunt cam eudicrs mss. rexentiore“ epistolarum</Unicode>
        </TextEquiv>
      </TextLine>
      <TextLine id="eSc_line_421368de" custom="structure {type:default;}">
        <Coords points="567,367 565,386 628,398 630,398 719,389 835,398 837,399 1129,399 1129,398 1131,398 1153,389 1201,398 1203,398 1283,389 1300,399 1302,399 1303,399 1305,401 1391,401 1391,399 1392,399 1394,399 1408,391 1495,399 1497,399 1582,391 1635,399 1637,399 1818,391 1864,399 1866,399 1934,391 1996,399 1997,399 1999,399 2035,389 2037,370 2035,348 567,345 567,367"/>
        <Baseline points="567,367 2037,370"/>
        <TextEquiv conf="0.9982683282522928">
          <Unicode>Gregorii et editores earum, cum nec in regestis in scrinio Lateranensi, nec in anti-</Unicode>
        </TextEquiv>
      </TextLine>
      <TextLine id="eSc_line_6cbd1e05" custom="structure {type:default;}">
        <Coords points="569,413 569,435 2030,437 2033,410 2030,387 567,386 569,413"/>
        <Baseline points="569,413 2033,410"/>
        <TextEquiv conf="0.9999309860169887">
          <Unicode>quioribus epistolarum collectionibus haec epistola inveniatur (vide Neues Archiv</Unicode>
        </TextEquiv>
      </TextLine>
      <TextLine id="eSc_line_53670219" custom="structure {type:default;}">
        <Coords points="569,456 569,473 2030,478 2033,452 2028,427 567,428 569,456"/>
        <Baseline points="569,456 2033,452"/>
        <TextEquiv conf="0.9998508934621457">
          <Unicode>III. 438]. Itaque et tota ista epistola ambiguae fidei cst, neque decerni potest,</Unicode>
        </TextEquiv>
      </TextLine>
      <TextLine id="eSc_line_c7ca254b" custom="structure {type:default;}">
        <Coords points="569,498 569,516 632,526 634,526 680,516 683,516 686,516 726,528 728,528 729,528 789,516 792,516 796,516 828,528 830,528 832,529 934,529 934,528 936,528 972,516 974,516 980,516 1117,526 1119,526 1121,526 1122,526 1139,516 1141,514 1238,514 1242,516 1271,526 1273,526 1274,528 1353,528 1353,526 1355,526 1356,526 1373,514 1377,514 1505,514 1508,514 1543,526 1544,526 1546,526 1548,526 1591,516 1732,524 1734,524 1736,524 1777,514 1784,512 1787,514 1802,524 1804,524 1806,524 1808,526 1884,526 1884,524 2035,512 2037,493 2031,473 567,476 569,498"/>
        <Baseline points="569,498 2037,493"/>
        <TextEquiv conf="0.9989753582260825">
          <Unicode>quae forma prae aliis auctoritatem habeat; verba nonnulla parte magis sinccra</Unicode>
        </TextEquiv>
      </TextLine>
      <TextLine id="eSc_line_cb6f90aa" custom="structure {type:default;}">
        <Coords points="570,540 570,562 2030,562 2031,534 2026,510 569,512 570,540"/>
        <Baseline points="570,540 2031,534"/>
        <TextEquiv conf="0.9928862197058541">
          <Unicode>possunt repeti ex editionibus Balleriniorum in Leonis M. Opp. III. p. CCXL.IV</Unicode>
        </TextEquiv>
      </TextLine>
      <TextLine id="eSc_line_d53cdf11" custom="structure {type:default;}">
        <Coords points="577,579 575,603 804,604 806,604 808,604 810,604 825,596 909,604 921,604 922,604 931,604 989,596 1001,604 1003,604 1004,604 1006,606 1103,606 1103,604 1109,604 1158,596 1276,604 1309,606 1310,606 1326,604 1370,598 2033,604 2037,582 2033,550 577,550 577,579"/>
        <Baseline points="577,579 2037,582"/>
        <TextEquiv conf="0.9994132177035013">
          <Unicode>(Migne 56 p. 272) et Mansii. Cf. Gratiani decr. I. D. 5 et 6. Maur. XI. 64,</Unicode>
        </TextEquiv>
      </TextLine>
      <TextLine id="eSc_line_ab19966b" custom="structure {type:default;}">
        <Coords points="567,620 565,645 2033,654 2037,623 2035,599 567,596 567,620"/>
        <Baseline points="567,620 2037,623"/>
        <TextEquiv conf="0.9870299173564445">
          <Unicode>Guss. XII. 31, Mansi X. 404. 415, Richter-Dove Kirchen R. p. 794. — „Per dilectis-</Unicode>
        </TextEquiv>
      </TextLine>
      <TextLine id="eSc_line_7c567327" custom="structure {type:default;}">
        <Coords points="569,664 569,688 895,685 897,661 892,640 567,642 569,664"/>
        <Baseline points="569,664 897,661"/>
        <TextEquiv conf="0.9987473330999675">
          <Unicode>simos filios meos“.</Unicode>
        </TextEquiv>
      </TextLine>
      <TextLine id="eSc_line_6847278b" custom="structure {type:default;}">
        <Coords points="109,707 109,727 258,727 258,707 256,640 201,645 187,644 138,632 136,632 135,632 109,644 109,707"/>
        <Baseline points="109,707 258,707"/>
        <TextEquiv conf="0.9667618019240243">
          <Unicode>1aa 22.</Unicode>
        </TextEquiv>
      </TextLine>
      <TextLine id="eSc_line_5ab4e40a" custom="structure {type:default;}">
        <Coords points="531,707 531,724 2035,729 2037,707 2035,675 531,676 531,707"/>
        <Baseline points="531,707 2037,707"/>
        <TextEquiv conf="0.9866674383019292">
          <Unicode>1844 (1417) Quiricum episcopum et ceteros episcopos in HIiberia (Asiatica) catholicos,</Unicode>
        </TextEquiv>
      </TextLine>
      <TextLine id="eSc_line_e0c30642" custom="structure {type:default;}">
        <Coords points="570,750 570,777 2037,779 2038,750 2037,724 570,726 570,750"/>
        <Baseline points="570,750 2038,750"/>
        <TextEquiv conf="0.9978740870216747">
          <Unicode>quo modo Nestoriani ad ecclesiam revertentes in catholicorum numerum recipiantur,</Unicode>
        </TextEquiv>
      </TextLine>
      <TextLine id="eSc_line_2ff52349" custom="structure {type:default;}">
        <Coords points="570,791 570,816 2037,813 2038,787 2035,767 569,767 570,791"/>
        <Baseline points="570,791 2038,787"/>
        <TextEquiv conf="0.9945090239561056">
          <Unicode>docet. Eorum ad se litteras a legatis in urbe Hierosolymitana amissas esse nun-</Unicode>
        </TextEquiv>
      </TextLine>
      <TextLine id="eSc_line_42a938b4" custom="structure {type:default;}">
        <Coords points="569,832 569,851 2037,854 2040,832 2037,803 569,803 569,832"/>
        <Baseline points="569,832 2040,832"/>
        <TextEquiv conf="0.9917038126689631">
          <Unicode>ciat. (Hanc epistolam sub mense Iulio iam praebet collectio epistolarum ad ordinem</Unicode>
        </TextEquiv>
      </TextLine>
      <TextLine id="eSc_line_5ee52be3" custom="structure {type:default;}">
        <Coords points="570,874 570,892 645,904 647,904 724,893 763,904 765,904 767,904 823,895 893,904 895,904 897,904 898,904 914,893 999,893 1021,904 1023,904 1025,905 1211,905 1211,904 1213,904 1215,904 1228,893 1249,904 1250,904 1252,904 1389,893 1541,893 1561,904 1563,904 1565,904 1760,893 1891,904 1893,904 1895,904 1896,904 1912,893 2038,893 2038,874 2037,851 570,851 570,874"/>
        <Baseline points="570,874 2038,874"/>
        <TextEquiv conf="0.9943644142732387">
          <Unicode>mensium distincta; sed diem X. kal. Iuliarum in calce addit alia collectio, ita ut</Unicode>
        </TextEquiv>
      </TextLine>
      <TextLine id="eSc_line_c7c5b32c" custom="structure {type:default;}">
        <Coords points="572,915 572,939 2035,939 2037,919 2035,895 572,892 572,915"/>
        <Baseline points="572,915 2037,919"/>
        <TextEquiv conf="0.9967710013900485">
          <Unicode>videas, eam aliquot dies postquam scripta fuit regestis insertam esse.) Reg. XI. 52,</Unicode>
        </TextEquiv>
      </TextLine>
      <TextLine id="eSc_line_2f5d883b" custom="structure {type:default;}">
        <Coords points="567,956 565,974 575,982 577,982 579,982 581,982 690,974 709,982 710,982 712,984 830,984 830,982 832,982 833,982 833,980 842,974 1006,982 1008,982 1009,982 1011,982 1021,974 1069,984 1071,984 1073,984 1103,975 1163,975 1172,982 1172,984 1174,984 1175,984 1177,984 1539,974 1541,960 1539,934 567,931 567,956"/>
        <Baseline points="567,956 1541,960"/>
        <TextEquiv conf="0.9966746977082005">
          <Unicode>(Maur. XI. 67, Guss. IX. 61). — „Quia caritati nihil“.</Unicode>
        </TextEquiv>
      </TextLine>
      <TextLine id="eSc_line_46b2f175" custom="structure {type:default;}">
        <Coords points="109,1001 109,1068 198,1085 199,1085 201,1085 258,1064 258,1001 258,951 237,943 235,943 234,943 109,950 109,1001"/>
        <Baseline points="109,1001 258,1001"/>
        <TextEquiv conf="0.7767429451147715">
          <Unicode>1e 1s.</Unicode>
        </TextEquiv>
      </TextLine>
      <TextLine id="eSc_line_23a63ac1" custom="structure {type:default;}">
        <Coords points="533,1001 533,1025 2037,1030 2038,1001 2038,977 533,972 533,1001"/>
        <Baseline points="533,1001 2038,1001"/>
        <TextEquiv conf="0.99883361633231">
          <Unicode>1845 (1421) Anthemio, subdiacono Campaniae, mandat, hortetur Paschasium, episcopum</Unicode>
        </TextEquiv>
      </TextLine>
      <TextLine id="eSc_line_e1c48a84" custom="structure {type:default;}">
        <Coords points="572,1044 572,1068 2037,1068 2038,1040 2035,1020 570,1016 572,1044"/>
        <Baseline points="572,1044 2038,1040"/>
        <TextEquiv conf="0.9993752424533551">
          <Unicode>Neapolitanum, ut Hilarum, Iohannis diaconi calumniatorem, „prius subdiaconatus</Unicode>
        </TextEquiv>
      </TextLine>
      <TextLine id="eSc_line_b283b9ad" custom="structure {type:default;}">
        <Coords points="572,1088 572,1114 1119,1103 1527,1110 1529,1110 1579,1102 2035,1109 2038,1083 2033,1057 570,1061 572,1088"/>
        <Baseline points="572,1088 2038,1083"/>
        <TextEquiv conf="0.992204068035915">
          <Unicode>privet officio, atque, verberibus publice castigatum, faciat in exilium deportari“, ut-</Unicode>
        </TextEquiv>
      </TextLine>
      <TextLine id="eSc_line_410d1890" custom="structure {type:default;}">
        <Coords points="570,1127 570,1150 2035,1153 2038,1124 2033,1105 569,1107 570,1127"/>
        <Baseline points="570,1127 2038,1124"/>
        <TextEquiv conf="0.9999708112997886">
          <Unicode>que „vicedominum sibi ordinet et maiorem domus, quatenus possit vel hospitibus</Unicode>
        </TextEquiv>
      </TextLine>
      <TextLine id="eSc_line_e1e15810" custom="structure {type:default;}">
        <Coords points="569,1168 569,1191 2037,1194 2038,1168 2038,1146 569,1143 569,1168"/>
        <Baseline points="569,1168 2038,1168"/>
        <TextEquiv conf="0.9985349568319909">
          <Unicode>supervenientibus, vel causis, quae eveniant, idoneus et paratus existere“. Si Pa-</Unicode>
        </TextEquiv>
      </TextLine>
      <TextLine id="eSc_line_9a5614a4" custom="structure {type:default;}">
        <Coords points="567,1213 567,1230 2035,1232 2038,1213 2037,1189 567,1189 567,1213"/>
        <Baseline points="567,1213 2038,1213"/>
        <TextEquiv conf="0.9970192838282812">
          <Unicode>schasius non obediat, clerus eius istas personas eligat. Reg. XI. 53, (Maur. XI. 71,</Unicode>
        </TextEquiv>
      </TextLine>
      <TextLine id="eSc_line_7a166b25" custom="structure {type:default;}">
        <Coords points="567,1252 565,1266 615,1281 616,1281 618,1281 620,1281 668,1269 695,1279 697,1279 698,1279 753,1269 796,1281 798,1281 799,1281 801,1281 827,1269 890,1269 904,1279 904,1281 905,1281 907,1281 946,1283 948,1283 999,1271 1023,1283 1025,1283 1027,1285 1274,1285 1274,1283 1276,1283 1324,1269 1326,1256 1324,1230 567,1230 567,1252"/>
        <Baseline points="567,1252 1326,1256"/>
        <TextEquiv conf="0.9998744323849678">
          <Unicode>Guss. IX. 66). — „Cum fortius punienda“.</Unicode>
        </TextEquiv>
      </TextLine>
      <TextLine id="eSc_line_af1a3ea0" custom="structure {type:default;}">
        <Coords points="140,1309 141,1334 187,1327 187,1305 182,1273 136,1273 140,1309"/>
        <Baseline points="140,1309 187,1305"/>
        <TextEquiv conf="0.9999997615814209">
          <Unicode>„</Unicode>
        </TextEquiv>
      </TextLine>
      <TextLine id="eSc_line_82cb9ff7" custom="structure {type:default;}">
        <Coords points="531,1297 531,1319 2037,1315 2038,1293 2033,1261 529,1267 531,1297"/>
        <Baseline points="531,1297 2038,1293"/>
        <TextEquiv conf="0.989112032784356">
          <Unicode>1846 (1422) Surrentino Agapiti abbatis monasterio monasterium Marcianense, in di-</Unicode>
        </TextEquiv>
      </TextLine>
      <TextLine id="eSc_line_612a7519" custom="structure {type:default;}">
        <Coords points="570,1338 570,1358 2038,1358 2038,1338 2038,1314 570,1310 570,1338"/>
        <Baseline points="570,1338 2038,1338"/>
        <TextEquiv conf="0.9924308614033025">
          <Unicode>oecesi Nucerina situm, coniungit, ita tamen, ut episcopus Nucerinus iurisdictionem</Unicode>
        </TextEquiv>
      </TextLine>
      <TextLine id="eSc_line_79a13211" custom="structure {type:default;}">
        <Coords points="569,1382 569,1399 676,1409 678,1409 743,1399 750,1399 757,1399 813,1409 815,1409 915,1399 922,1399 939,1409 941,1409 943,1409 945,1411 1088,1411 1088,1409 1196,1399 1197,1399 1298,1409 1300,1409 1425,1397 1437,1397 1442,1397 1490,1408 1491,1408 1493,1408 1517,1397 1519,1397 1579,1397 1580,1397 1594,1408 1596,1408 1597,1408 1599,1408 1659,1397 1661,1397 1664,1397 1712,1408 1714,1408 1770,1397 1772,1397 1808,1408 1809,1408 1811,1409 1987,1409 1987,1408 1989,1408 2035,1396 2035,1379 2031,1358 618,1351 616,1351 567,1360 569,1382"/>
        <Baseline points="569,1382 2035,1379"/>
        <TextEquiv conf="0.9932719118893146">
          <Unicode>retineat. Reg. XI. 54, (Maur. XI. 72, Guss. IX. 67). — „Ne rebus venerabilibus“.</Unicode>
        </TextEquiv>
      </TextLine>
      <TextLine id="eSc_line_147836d6" custom="structure {type:default;}">
        <Coords points="150,1471 184,1469 181,1430 177,1406 145,1397 146,1433 150,1471"/>
        <Baseline points="146,1433 181,1430"/>
        <TextEquiv conf="0.9998714923858643">
          <Unicode>„</Unicode>
        </TextEquiv>
      </TextLine>
      <TextLine id="eSc_line_05d0a704" custom="structure {type:default;}">
        <Coords points="533,1425 533,1447 2038,1447 2038,1420 2033,1396 531,1399 533,1425"/>
        <Baseline points="533,1425 2038,1420"/>
        <TextEquiv conf="0.9999002502723173">
          <Unicode>1847 (1424) Eusebio, episcopo Thessalonicensi, significat, litteras eius ante, quam sibi</Unicode>
        </TextEquiv>
      </TextLine>
      <TextLine id="eSc_line_f9654f37" custom="structure {type:default;}">
        <Coords points="572,1466 572,1483 2037,1481 2038,1462 2033,1437 570,1437 572,1466"/>
        <Baseline points="572,1466 2038,1462"/>
        <TextEquiv conf="0.9982598552220985">
          <Unicode>redderentur, ab Andrea monacho, „ad sanctum Paulum incluso“, cui Theodorus, Eu-</Unicode>
        </TextEquiv>
      </TextLine>
      <TextLine id="eSc_line_33eb1059" custom="structure {type:default;}">
        <Coords points="572,1508 572,1532 2035,1534 2038,1505 2033,1481 570,1486 572,1508"/>
        <Baseline points="572,1508 2038,1505"/>
        <TextEquiv conf="0.997321739617516">
          <Unicode>sebii episcopi leotor, lator praesentium, eas tradiderit, corruptas esse. Quem narrat</Unicode>
        </TextEquiv>
      </TextLine>
      <TextLine id="eSc_line_5a38eb21" custom="structure {type:default;}">
        <Coords points="572,1551 572,1572 2033,1573 2037,1548 2033,1524 570,1524 572,1551"/>
        <Baseline points="572,1551 2037,1548"/>
        <TextEquiv conf="0.9974790833614491">
          <Unicode>ipsius nomine „aliquos sermones“ quoque confinxisse, se vero „nec Graece novisse,</Unicode>
        </TextEquiv>
      </TextLine>
      <TextLine id="eSc_line_a2fd8937" custom="structure {type:default;}">
        <Coords points="572,1592 572,1608 698,1620 700,1620 780,1609 810,1620 811,1620 813,1620 878,1609 910,1620 912,1620 914,1620 1054,1609 1088,1620 1090,1620 1092,1621 1165,1621 1165,1620 1167,1620 1192,1609 1319,1620 1321,1620 1421,1609 1454,1620 1456,1620 1457,1620 1628,1609 1780,1620 1782,1620 1900,1609 1925,1620 1927,1620 1929,1620 2040,1608 2040,1592 2040,1570 572,1570 572,1592"/>
        <Baseline points="572,1592 2040,1592"/>
        <TextEquiv conf="0.9991579202958095">
          <Unicode>nec aliquod opus aliquando Graece conscripsisse“ profitetur. De impostore quid in</Unicode>
        </TextEquiv>
      </TextLine>
      <TextLine id="eSc_line_4fba0667" custom="structure {type:default;}">
        <Coords points="569,1635 569,1657 2035,1661 2037,1635 2037,1614 569,1614 569,1635"/>
        <Baseline points="569,1635 2037,1635"/>
        <TextEquiv conf="0.9999616706227682">
          <Unicode>concilio a se statutum sit, eum, qui hanc epistolam deferat, indicaturum scribit. A</Unicode>
        </TextEquiv>
      </TextLine>
      <TextLine id="eSc_line_fa59cc00" custom="structure {type:default;}">
        <Coords points="572,1679 572,1698 2035,1700 2038,1674 2033,1649 570,1652 572,1679"/>
        <Baseline points="572,1679 2038,1674"/>
        <TextEquiv conf="0.9964471590228197">
          <Unicode>Luca preshytero, in suspicionem falsae doctrinae adducto, et fidei confessionem et</Unicode>
        </TextEquiv>
      </TextLine>
      <TextLine id="eSc_line_4c05fa5d" custom="structure {type:default;}">
        <Coords points="572,1720 572,1739 1023,1748 1025,1748 1244,1743 1449,1737 1498,1743 1526,1746 1527,1746 1609,1744 1837,1736 2033,1744 2037,1715 2031,1693 570,1693 572,1720"/>
        <Baseline points="572,1720 2037,1715"/>
        <TextEquiv conf="0.9977371724028337">
          <Unicode>Nestorii Severique condemnationem exigi iubet. Theodorum lectorem commendat.</Unicode>
        </TextEquiv>
      </TextLine>
      <TextLine id="eSc_line_6b4baf33" custom="structure {type:default;}">
        <Coords points="572,1761 572,1785 1970,1785 1970,1761 1970,1741 572,1737 572,1761"/>
        <Baseline points="572,1761 1970,1761"/>
        <TextEquiv conf="0.9918516810735066">
          <Unicode>Reg. XI. 55, (Maur. XI. 74, Guss. IX. 69). — „Lator praesentium Theodorus“.</Unicode>
        </TextEquiv>
      </TextLine>
      <TextLine id="eSc_line_611ef944" custom="structure {type:default;}">
        <Coords points="176,1811 176,1768 148,1761 146,1811 148,1838 176,1826 176,1811"/>
        <Baseline points="146,1811 176,1811"/>
        <TextEquiv conf="0.9999964237213135">
          <Unicode>„</Unicode>
        </TextEquiv>
      </TextLine>
      <TextLine id="eSc_line_48d2613d" custom="structure {type:default;}">
        <Coords points="533,1804 533,1823 2035,1825 2038,1801 2033,1773 531,1778 533,1804"/>
        <Baseline points="533,1804 2038,1801"/>
        <TextEquiv conf="0.9966468170837119">
          <Unicode>1848 (1426) Mellitum, abbatem in Franciis, post discessum eius et congregationis,</Unicode>
        </TextEquiv>
      </TextLine>
      <TextLine id="eSc_line_1a7c224c" custom="structure {type:default;}">
        <Coords points="572,1847 572,1867 1232,1876 1233,1876 1297,1867 1305,1866 1307,1866 1319,1874 1321,1874 1322,1874 1324,1874 2038,1864 2040,1843 2035,1821 570,1825 572,1847"/>
        <Baseline points="572,1847 2040,1843"/>
        <TextEquiv conf="0.9990093344595374">
          <Unicode>quae cum eo sit, nihildum scripsisse dolet. Augustinum, Anglorum episcopum, moneri</Unicode>
        </TextEquiv>
      </TextLine>
      <TextLine id="eSc_line_2bf2ed31" custom="structure {type:default;}">
        <Coords points="570,1890 570,1912 2037,1912 2038,1886 2033,1864 569,1866 570,1890"/>
        <Baseline points="570,1890 2038,1886"/>
        <TextEquiv conf="0.9998713327042851">
          <Unicode>iubet, idolorum fana ne destruat, sed in ecclesias mutet. Anglis ad Christi fidem</Unicode>
        </TextEquiv>
      </TextLine>
      <TextLine id="eSc_line_f4ea0e9b" custom="structure {type:default;}">
        <Coords points="570,1932 570,1951 2035,1953 2038,1927 2033,1901 569,1907 570,1932"/>
        <Baseline points="570,1932 2038,1927"/>
        <TextEquiv conf="0.9941218782620258">
          <Unicode>conversis concedatur, ut quos idolis sacrificare consuerint, boves die dedicationis</Unicode>
        </TextEquiv>
      </TextLine>
      <TextLine id="eSc_line_9fa38b90" custom="structure {type:default;}">
        <Coords points="572,1973 572,1994 719,2004 721,2004 767,1995 780,1994 810,1995 895,2004 897,2004 898,2004 915,1997 922,1994 941,1997 986,2004 987,2004 1073,1997 1103,1995 1109,1997 1115,2004 1117,2004 1119,2004 1121,2006 1209,2006 1209,2004 1211,2004 1228,1999 1245,1994 1273,1999 1302,2004 1303,2004 1339,1999 1389,1992 1418,1999 1430,2002 1432,2002 1433,2004 1524,2004 1524,2002 1526,2002 1531,2001 1553,1992 1599,2001 1611,2002 1613,2002 1667,2001 1924,1992 1946,2002 1948,2002 1949,2004 2037,2004 2038,1970 2033,1948 570,1949 572,1973"/>
        <Baseline points="572,1973 2038,1970"/>
        <TextEquiv conf="0.9943412219776827">
          <Unicode>vel natalitiis sanctorum martyrum, quorum illic reliquiae reponuntur, in tabernaculis</Unicode>
        </TextEquiv>
      </TextLine>
      <TextLine id="eSc_line_8843c26b" custom="structure {type:default;}">
        <Coords points="570,2014 570,2042 2038,2038 2038,2014 2038,1992 570,1992 570,2014"/>
        <Baseline points="570,2014 2038,2014"/>
        <TextEquiv conf="0.9987810682959672">
          <Unicode>de ramis arborum factis et circa ecclesias positis comedant. (Dies, qui a Beda no-</Unicode>
        </TextEquiv>
      </TextLine>
      <TextLine id="eSc_line_891c4829" custom="structure {type:default;}">
        <Coords points="570,2060 570,2078 2038,2076 2040,2055 2035,2028 569,2028 570,2060"/>
        <Baseline points="570,2060 2040,2055"/>
        <TextEquiv conf="0.997132292915793">
          <Unicode>tatur XV. kal. Iul. manifeste vitiosus est; in regestis sub mense Iulio haeo epistola</Unicode>
        </TextEquiv>
      </TextLine>
      <TextLine id="eSc_line_1ee5a65d" custom="structure {type:default;}">
        <Coords points="569,2101 569,2122 2037,2122 2038,2098 2035,2074 745,2071 743,2071 567,2079 569,2101"/>
        <Baseline points="569,2101 2038,2098"/>
        <TextEquiv conf="0.999972704169038">
          <Unicode>recepta est, quem mensem retinendum esse censeo.) Reg. XI. 56, (Maur. XI. 76,</Unicode>
        </TextEquiv>
      </TextLine>
      <TextLine id="eSc_line_43a3cac8" custom="structure {type:default;}">
        <Coords points="567,2142 567,2163 1996,2158 1997,2137 1992,2115 565,2119 567,2142"/>
        <Baseline points="567,2142 1997,2137"/>
        <TextEquiv conf="0.9941555067896843">
          <Unicode>Guss. IX. 71), Bedae Hist. eccl. L. I. c. 30. — „Post discessum congregationis“.</Unicode>
        </TextEquiv>
      </TextLine>
      <TextLine id="eSc_line_15ebad1b" custom="structure {type:default;}">
        <Coords points="172,2192 176,2168 164,2160 157,2189 153,2206 169,2206 172,2192"/>
        <Baseline points="157,2189 172,2192"/>
        <TextEquiv conf="0.9999065399169922">
          <Unicode>„</Unicode>
        </TextEquiv>
      </TextLine>
      <TextLine id="eSc_line_6db6bcc6" custom="structure {type:default;}">
        <Coords points="531,2183 531,2204 2038,2202 2040,2180 2035,2151 529,2156 531,2183"/>
        <Baseline points="531,2183 2040,2180"/>
        <TextEquiv conf="0.9841867911404577">
          <Unicode>1849 (1428) Petro, episcopo Hydruntino, ecclesiae Brundisinae visitatori, praecipit, ut</Unicode>
        </TextEquiv>
      </TextLine>
      <TextLine id="eSc_line_0ec412d0" custom="structure {type:default;}">
        <Coords points="570,2226 570,2247 1302,2257 1303,2257 1362,2247 1373,2245 1392,2247 1467,2255 1469,2255 1536,2247 1549,2245 1560,2247 1602,2255 1604,2255 1606,2255 1642,2247 1649,2245 1652,2247 1673,2255 1674,2255 1676,2255 1734,2247 1746,2245 1811,2245 1814,2247 1826,2255 1828,2255 1830,2255 1831,2255 1833,2255 1866,2247 1871,2245 1883,2247 1960,2255 1961,2255 2037,2245 2038,2223 2033,2195 569,2202 570,2226"/>
        <Baseline points="570,2226 2038,2223"/>
        <TextEquiv conf="0.9922586113591737">
          <Unicode>de corpore S. Leucii in ecclesia Brundisina collocato sanctuaria denuo concedat</Unicode>
        </TextEquiv>
      </TextLine>
      <TextLine id="eSc_line_ee2ada98" custom="structure {type:default;}">
        <Coords points="567,2267 567,2289 2037,2293 2040,2264 2035,2242 565,2245 567,2267"/>
        <Baseline points="567,2267 2040,2264"/>
        <TextEquiv conf="0.9969385287591389">
          <Unicode>Oportuno, abbati monasterii S. Leucii „in quinto Romanae urbis milliario siti“, quia</Unicode>
        </TextEquiv>
      </TextLine>
      <TextLine id="eSc_line_c51167a1" custom="structure {type:default;}">
        <Coords points="572,2313 572,2337 2037,2337 2038,2310 2033,2284 570,2286 572,2313"/>
        <Baseline points="572,2313 2038,2310"/>
        <TextEquiv conf="0.9980718898184505">
          <Unicode>quae ante habuerit, furto ablata sint. Reg. XI. 57, (Maur. VI. 62, Guss. IX. 73).</Unicode>
        </TextEquiv>
      </TextLine>
      <TextLine id="eSc_line_a9c3507b" custom="structure {type:default;}">
        <Coords points="570,2351 569,2363 637,2378 816,2380 818,2380 820,2380 857,2366 859,2354 857,2332 570,2329 570,2351"/>
        <Baseline points="570,2351 859,2354"/>
        <TextEquiv conf="0.9986699819564819">
          <Unicode>— „Oportunus“.</Unicode>
        </TextEquiv>
      </TextLine>
      <TextLine id="eSc_line_d96cd39e" custom="structure {type:default;}">
        <Coords points="109,2399 111,2457 210,2457 208,2394 203,2334 104,2329 109,2399"/>
        <Baseline points="109,2399 208,2394"/>
        <TextEquiv conf="0.9999842047691345">
          <Unicode>A„</Unicode>
        </TextEquiv>
      </TextLine>
      <TextLine id="eSc_line_47ef5238" custom="structure {type:default;}">
        <Coords points="533,2395 533,2419 2042,2419 2042,2390 2038,2365 1673,2356 1671,2356 1543,2365 1534,2365 1508,2365 1098,2358 1097,2358 531,2366 533,2395"/>
        <Baseline points="533,2395 2042,2390"/>
        <TextEquiv conf="0.9931447384032336">
          <Unicode>1850 (1129) Bonifatio, defensori Corsicac. praeripit. ut clerum populumque Aleriensis et</Unicode>
        </TextEquiv>
      </TextLine>
      <TextLine id="eSc_line_e514db8a" custom="structure {type:default;}">
        <Coords points="574,2438 574,2457 2038,2455 2040,2431 2035,2409 572,2412 574,2438"/>
        <Baseline points="574,2438 2040,2431"/>
        <TextEquiv conf="0.995616865158081">
          <Unicode>Adiaciensis civitatum ad eligendos episcopos adhortetur, neu clericos compellari apud</Unicode>
        </TextEquiv>
      </TextLine>
      <TextLine id="eSc_line_d3db509c" custom="structure {type:default;}">
        <Coords points="570,2481 570,2500 1302,2508 1303,2508 1466,2498 1485,2498 1495,2498 1563,2506 1565,2506 1567,2506 1591,2498 1592,2498 1599,2498 1666,2506 1667,2506 2037,2496 2038,2477 2033,2452 569,2457 570,2481"/>
        <Baseline points="570,2481 2038,2477"/>
        <TextEquiv conf="0.9957642001765115">
          <Unicode>laicos patiatur. Reg. XI. 58, (Maur. XI. 77, Guss. IX. 74). — „Experientia tua non“.</Unicode>
        </TextEquiv>
      </TextLine>
      <TextLine id="eSc_line_355693fb" custom="structure {type:default;}">
        <Coords points="531,2520 531,2542 2038,2539 2038,2517 2033,2491 529,2498 531,2520"/>
        <Baseline points="531,2520 2038,2517"/>
        <TextEquiv conf="0.9976778496534396">
          <Unicode>1851 (1430) Barbaram et Antoninam Dei gratia ordinatas bene sperare iubet, Ro-</Unicode>
        </TextEquiv>
      </TextLine>
      <TextLine id="eSc_line_aaa35e2d" custom="structure {type:default;}">
        <Coords points="574,2565 574,2583 2038,2578 2040,2559 2035,2535 572,2539 574,2565"/>
        <Baseline points="574,2565 2040,2559"/>
        <TextEquiv conf="0.9993222804717076">
          <Unicode>mamque venturas esse gaudet. Earum res et Iohanni, episcopo Syracusano, et Romano</Unicode>
        </TextEquiv>
      </TextLine>
      <TextLine id="eSc_line_df5ba4ef" custom="structure {type:default;}">
        <Coords points="570,2606 570,2635 728,2626 762,2633 769,2635 770,2635 1150,2633 1167,2629 1192,2624 1199,2629 1203,2633 1204,2633 1206,2633 1208,2635 1279,2635 1279,2633 1281,2633 1283,2633 1288,2629 1295,2624 1319,2628 1348,2633 1350,2633 1457,2628 1517,2624 1524,2626 1539,2633 1541,2633 1543,2633 1544,2633 1546,2633 1555,2626 1561,2623 1667,2626 1884,2631 1886,2631 2037,2621 2038,2600 2033,2580 569,2580 570,2606"/>
        <Baseline points="570,2606 2038,2600"/>
        <TextEquiv conf="0.9991794335536468">
          <Unicode>defensori commendatas nunciat (cf. regg. 1814. 1814a). De racanis duabus addit</Unicode>
        </TextEquiv>
      </TextLine>
      <TextLine id="eSc_line_e74437e6" custom="structure {type:default;}">
        <Coords points="570,2648 570,2674 844,2674 859,2676 946,2686 948,2686 1006,2676 1018,2674 1076,2674 1080,2676 1102,2686 1103,2686 1105,2686 1156,2676 1167,2674 1174,2676 1209,2686 1211,2686 1213,2688 1519,2688 1519,2686 1520,2686 1522,2686 1538,2676 1539,2676 1549,2676 1657,2684 1659,2684 1661,2684 1693,2676 1715,2670 1737,2676 1767,2684 1768,2684 1770,2684 1772,2684 1799,2676 1820,2670 1855,2676 1903,2684 1905,2684 2040,2676 2040,2643 2035,2621 569,2621 570,2648"/>
        <Baseline points="570,2648 2040,2643"/>
        <TextEquiv conf="0.9861848943117189">
          <Unicode>ab iis sibi muneri missis. Reg. XI. 59, (Maur. XI. 78. Guss. IX. 75). — „Susceptis</Unicode>
        </TextEquiv>
      </TextLine>
      <TextLine id="eSc_line_888169b5" custom="structure {type:default;}">
        <Coords points="569,2691 569,2746 871,2739 871,2688 866,2662 567,2664 569,2691"/>
        <Baseline points="569,2691 871,2688"/>
        <TextEquiv conf="0.9890742741133037">
          <Unicode>epistolis vestris“.</Unicode>
        </TextEquiv>
      </TextLine>
    </TextRegion>
    <TextRegion id="eSc_textblock_1b1011d6"  custom="structure {type:default;}">
      <Coords points="883,109 1397,116 1411,182 1117,203 717,189 738,116 883,109"/>
      <TextLine id="eSc_line_25e0cce8" custom="structure {type:default;}">
        <Coords points="733,129 733,165 731,191 968,198 970,198 972,198 980,194 1011,184 1174,184 1221,196 1223,196 1225,196 1286,184 1387,199 1391,169 1389,121 743,119 733,129"/>
        <Baseline points="733,165 1391,169"/>
        <TextEquiv conf="0.9889293025279867">
          <Unicode>S. (111440311*8 I. 590 — 604.</Unicode>
        </TextEquiv>
      </TextLine>
    </TextRegion>
    <TextRegion id="eSc_textblock_adea4af2"  custom="structure {type:default;}">
      <Coords points="1970,123 2031,123 2066,169 2025,203 1944,203 1924,150 1970,123"/>
      <TextLine id="eSc_line_315c2d1f" custom="structure {type:default;}">
        <Coords points="2025,123 2007,123 1990,123 1973,123 1958,128 1949,133 1944,169 1946,198 2033,193 2031,162 2025,123 2025,123"/>
        <Baseline points="1944,169 2031,162"/>
        <TextEquiv conf="1.0">
          <Unicode>207</Unicode>
        </TextEquiv>
      </TextLine>
    </TextRegion>
  </Page>
</PcGts>
