<?xml version="1.0" encoding="UTF-8"  standalone="yes"?>
<PcGts xmlns="http://schema.primaresearch.org/PAGE/gts/pagecontent/2019-07-15" xmlns:xsi="http://www.w3.org/2001/XMLSchema-instance" xsi:schemaLocation="http://schema.primaresearch.org/PAGE/gts/pagecontent/2019-07-15 http://schema.primaresearch.org/PAGE/gts/pagecontent/2019-07-15/pagecontent.xsd">
  <Metadata externalRef="pdf//regestapontificu01cath.pdf">
	<Creator>escriptorium</Creator>
	<Created>2026-02-12T11:27:51.971018+00:00</Created>
        <LastChange>2026-02-13T10:34:28.973029+00:00</LastChange>
  </Metadata>
  <Page imageFilename="regestapontificu01cath.pdf_page_193.png" imageWidth="2278" imageHeight="3076">
    <TextRegion id="eSc_textblock_13190e66"  custom="structure {type:default;}">
      <Coords points="1941,239 2066,246 2052,2753 1862,2753 1826,2773 116,2759 82,457 205,312 123,252 278,252 285,457 307,321 410,305 314,292 293,246 1941,239"/>
      <TextLine id="eSc_line_e272b085" custom="structure {type:default;}">
        <Coords points="637,244 635,244 634,244 625,247 606,256 599,249 599,247 598,247 596,247 497,247 499,292 499,312 521,322 522,322 524,322 601,312 611,312 615,312 635,321 637,321 639,321 769,314 859,309 881,314 895,317 897,317 898,317 945,314 1035,307 1069,314 1071,283 1068,251 731,246 729,246 716,247 683,254 654,247 639,244 637,244"/>
        <Baseline points="499,292 1071,283"/>
        <TextEquiv conf="0.9593800173865424">
          <Unicode>592. (Iat. 19. 1. Xpt. 11.)</Unicode>
        </TextEquiv>
      </TextLine>
      <TextLine id="eSc_line_c7fbeb13" custom="structure {type:default;}">
        <Coords points="563,340 563,365 2038,365 2040,336 2033,295 1989,307 1941,307 1908,295 1886,288 1884,288 1773,288 1772,288 1729,295 1676,305 1626,297 1580,288 1579,288 1515,297 1464,304 1435,297 1396,288 1302,288 1300,288 1298,288 1266,299 1235,307 1124,299 1114,299 1112,299 1092,299 910,307 886,300 866,293 864,293 863,293 861,293 847,300 830,307 803,300 796,299 794,299 792,299 767,300 690,309 639,309 625,300 615,295 613,295 611,295 562,300 563,340"/>
        <Baseline points="563,340 2040,336"/>
        <TextEquiv conf="0.9514985062267588">
          <Unicode>fieri valuerint. aliquantumt pensi relavetur-. ISa bierpnr aldmti. qpuem a (Ma vimiana,</Unicode>
        </TextEquiv>
      </TextLine>
      <TextLine id="eSc_line_0c3cd7c4" custom="structure {type:default;}">
        <Coords points="563,381 563,406 2037,403 2038,377 2035,353 562,352 563,381"/>
        <Baseline points="563,381 2038,377"/>
        <TextEquiv conf="0.9768308028578758">
          <Unicode>(pisropo (Nyracusano) cxeommtnicatum tsr dalet. solidos centum tribiuat. II.ornt</Unicode>
        </TextEquiv>
      </TextLine>
      <TextLine id="eSc_line_c371c2e5" custom="structure {type:default;}">
        <Coords points="563,423 563,440 2038,444 2040,423 2040,399 563,398 563,423"/>
        <Baseline points="563,423 2040,423"/>
        <TextEquiv conf="0.9975500528405352">
          <Unicode>eum; „pensiones quoque“ inquit „nonae et decimae indictionis, quas exegisti et ra-</Unicode>
        </TextEquiv>
      </TextLine>
      <TextLine id="eSc_line_349dac1e" custom="structure {type:default;}">
        <Coords points="565,463 563,480 601,490 603,490 604,490 2038,488 2040,466 2038,442 565,440 565,463"/>
        <Baseline points="565,463 2040,466"/>
        <TextEquiv conf="0.9956515507820325">
          <Unicode>tiones omnes pariter deporta; stude, ut in hanc urbem ante natalem b. Cypriani</Unicode>
        </TextEquiv>
      </TextLine>
      <TextLine id="eSc_line_b354441a" custom="structure {type:default;}">
        <Coords points="563,509 563,524 2037,526 2038,509 2038,481 563,481 563,509"/>
        <Baseline points="563,509 2038,509"/>
        <TextEquiv conf="0.9988176189822915">
          <Unicode>(14. Scptembr.) transeas“. Quem habeat probatum in Syracusana parte, et Benenatum</Unicode>
        </TextEquiv>
      </TextLine>
      <TextLine id="eSc_line_45bba9fc" custom="structure {type:default;}">
        <Coords points="565,550 565,567 722,577 724,577 726,577 728,577 739,569 755,577 757,577 758,577 827,570 842,569 1589,575 1919,577 1920,577 1922,577 1946,569 2035,577 2038,550 2037,526 565,526 565,550"/>
        <Baseline points="565,550 2038,550"/>
        <TextEquiv conf="0.9978057189160082">
          <Unicode>notarium, quem transmiserit, in Panormitana parte administratorcm patrimonii insti-</Unicode>
        </TextEquiv>
      </TextLine>
      <TextLine id="eSc_line_9da1215a" custom="structure {type:default;}">
        <Coords points="563,592 563,613 1806,613 1806,592 1804,565 563,567 563,592"/>
        <Baseline points="563,592 1806,592"/>
        <TextEquiv conf="0.9787837880499223">
          <Unicode>tuat. Reg. II. 3s. (Maur. II. 32. (iuss. XII. 30). „ludicant- mihi“.</Unicode>
        </TextEquiv>
      </TextLine>
      <TextLine id="eSc_line_c394166b" custom="structure {type:default;}">
        <Coords points="521,632 521,652 2040,652 2040,632 2038,604 521,606 521,632"/>
        <Baseline points="521,632 2040,632"/>
        <TextEquiv conf="0.9992303708020378">
          <Unicode>1187 (792) Mauricio et Vitaliano, magistris militum, scribit, ab Aldione, viro magni-</Unicode>
        </TextEquiv>
      </TextLine>
      <TextLine id="eSc_line_341d68fe" custom="structure {type:default;}">
        <Coords points="300,633 300,659 386,668 387,668 475,656 475,630 469,581 299,594 300,633"/>
        <Baseline points="300,633 475,630"/>
        <TextEquiv conf="0.996890477836132">
          <Unicode>(Riemar)</Unicode>
        </TextEquiv>
      </TextLine>
      <TextLine id="eSc_line_be85abde" custom="structure {type:default;}">
        <Coords points="107,635 107,659 225,651 227,630 223,570 148,543 146,543 145,543 102,550 107,635"/>
        <Baseline points="107,635 227,630"/>
        <TextEquiv conf="0.9818800091743469">
          <Unicode>(n</Unicode>
        </TextEquiv>
      </TextLine>
      <TextLine id="eSc_line_b437e16b" custom="structure {type:default;}">
        <Coords points="563,676 563,692 627,702 628,702 630,702 632,702 645,693 647,693 654,693 832,702 833,702 885,695 898,693 917,695 980,702 982,704 1252,704 1252,702 1254,702 1268,697 1279,693 1811,702 1908,702 1910,702 1912,702 1913,702 1944,693 2033,702 2037,676 2035,654 563,654 563,676"/>
        <Baseline points="563,676 2037,676"/>
        <TextEquiv conf="0.9940414141459637">
          <Unicode>fico, Ariulfum (ducem Spoletinum) prope esse significante metum sibi inicctum essc,</Unicode>
        </TextEquiv>
      </TextLine>
      <TextLine id="eSc_line_2be2e503" custom="structure {type:default;}">
        <Coords points="565,717 565,743 2040,743 2040,717 2038,695 565,695 565,717"/>
        <Baseline points="565,717 2040,717"/>
        <TextEquiv conf="0.9989519469878253">
          <Unicode>ne milites, qui ad eos mitterentur, in illius manus inciderent. „Si huc“ inquit „per-</Unicode>
        </TextEquiv>
      </TextLine>
      <TextLine id="eSc_line_0a45254c" custom="structure {type:default;}">
        <Coords points="565,758 565,777 2037,775 2038,758 2037,733 565,731 565,758"/>
        <Baseline points="565,758 2038,758"/>
        <TextEquiv conf="0.9992148934341059">
          <Unicode>rexerit ipse hostis quomodo consuevistis a dorso eius quod potestis perficite“. Se</Unicode>
        </TextEquiv>
      </TextLine>
      <TextLine id="eSc_line_6afddf40" custom="structure {type:default;}">
        <Coords points="565,803 565,821 2037,821 2038,803 2037,780 565,779 565,803"/>
        <Baseline points="565,803 2038,803"/>
        <TextEquiv conf="0.9977583067361698">
          <Unicode>sperare in b. Petri virtute „in cuius ille natali“ (Aug. 1.) sanguinem cffundere desi-</Unicode>
        </TextEquiv>
      </TextLine>
      <TextLine id="eSc_line_1a62a194" custom="structure {type:default;}">
        <Coords points="562,842 560,857 587,868 589,868 591,868 2035,861 2037,845 2035,818 562,818 562,842"/>
        <Baseline points="562,842 2037,845"/>
        <TextEquiv conf="0.9941862637088412">
          <Unicode>deret. Reg. II. 32, (Maur. II. 29, Guss. XII. 22). — „Gloriae vestrae suscipientes“.</Unicode>
        </TextEquiv>
      </TextLine>
      <TextLine id="eSc_line_5f46bdbc" custom="structure {type:default;}">
        <Coords points="519,888 519,905 2038,902 2038,883 2033,854 517,859 519,888"/>
        <Baseline points="519,888 2038,883"/>
        <TextEquiv conf="0.997181344306332">
          <Unicode>1188 (819) Mauricio et Vitaliano, magistris militum, scribit, cum Ariulfus epistola dic</Unicode>
        </TextEquiv>
      </TextLine>
      <TextLine id="eSc_line_990dbbfa" custom="structure {type:default;}">
        <Coords points="334,890 334,948 370,965 372,965 374,965 375,965 446,946 446,890 446,868 334,862 334,890"/>
        <Baseline points="334,890 446,890"/>
        <TextEquiv conf="0.9824080467224121">
          <Unicode>(„</Unicode>
        </TextEquiv>
      </TextLine>
      <TextLine id="eSc_line_352d63a8" custom="structure {type:default;}">
        <Coords points="114,892 114,941 155,945 157,945 158,945 160,945 193,921 217,904 261,902 261,890 258,864 112,854 114,892"/>
        <Baseline points="114,892 261,890"/>
        <TextEquiv conf="0.9651894569396973">
          <Unicode>(„ </Unicode>
        </TextEquiv>
      </TextLine>
      <TextLine id="eSc_line_c6e3084d" custom="structure {type:default;}">
        <Coords points="567,929 567,946 704,946 714,948 755,956 757,956 758,956 782,948 789,946 927,946 960,950 1025,956 1027,956 1028,956 1044,950 1054,946 1127,950 1233,956 1235,956 1237,956 1238,956 1245,951 1254,946 1485,946 1515,953 1527,955 1529,955 1531,955 1536,953 1553,945 1625,945 1643,953 1647,955 1649,955 1650,956 1768,956 1768,955 1770,955 1773,955 1801,945 1823,955 1825,955 1826,955 1828,956 1900,956 1900,955 1902,955 1931,945 1944,955 1946,955 1948,955 1949,956 2037,956 2038,926 2033,904 565,907 567,929"/>
        <Baseline points="567,929 2038,926"/>
        <TextEquiv conf="0.9940133683289154">
          <Unicode>11. m. Iunii ad se missa, Suanenses, datis obsidibus, de deditione secum egisse</Unicode>
        </TextEquiv>
      </TextLine>
      <TextLine id="eSc_line_75430364" custom="structure {type:default;}">
        <Coords points="565,970 565,996 2037,991 2038,970 2037,948 565,946 565,970"/>
        <Baseline points="565,970 2038,970"/>
        <TextEquiv conf="0.9988760324411614">
          <Unicode>indicaverit, quaenam sit rei ratio, exquirant. Illos, si in reipublicae fide permanse-</Unicode>
        </TextEquiv>
      </TextLine>
      <TextLine id="eSc_line_19fb6f41" custom="structure {type:default;}">
        <Coords points="563,1013 563,1030 2037,1032 2038,1013 2038,989 563,984 563,1013"/>
        <Baseline points="563,1013 2038,1013"/>
        <TextEquiv conf="0.9990414162961448">
          <Unicode>rint, novis obsidibus sacramentisque obstringant, si minus, quidquid utile et suae</Unicode>
        </TextEquiv>
      </TextLine>
      <TextLine id="eSc_line_2aad0195" custom="structure {type:default;}">
        <Coords points="563,1057 563,1074 2035,1078 2038,1054 2033,1032 562,1035 563,1057"/>
        <Baseline points="563,1057 2038,1054"/>
        <TextEquiv conf="0.9999814048225497">
          <Unicode>famae et reipublicae iudicaverint, agant. Nunciat, „bostem collectum habere et in</Unicode>
        </TextEquiv>
      </TextLine>
      <TextLine id="eSc_line_b6fa0b78" custom="structure {type:default;}">
        <Coords points="565,1100 565,1117 2035,1119 2038,1097 2033,1073 563,1073 565,1100"/>
        <Baseline points="565,1100 2038,1097"/>
        <TextEquiv conf="0.9925676024103739">
          <Unicode>Nardias (Narniae?) dici residere“; cuius possessiones, si Romam tetenderit, deprae-</Unicode>
        </TextEquiv>
      </TextLine>
      <TextLine id="eSc_line_d0b15d3b" custom="structure {type:default;}">
        <Coords points="562,1138 562,1158 770,1155 808,1158 856,1163 857,1163 905,1158 941,1155 979,1158 1035,1163 1037,1163 1139,1158 1197,1155 1211,1158 1235,1163 1237,1163 1238,1163 1351,1156 1373,1156 1394,1156 1524,1165 1526,1165 1596,1156 1601,1156 1613,1165 1614,1165 1616,1165 1618,1167 1715,1167 1715,1165 1816,1156 1820,1156 1821,1156 1855,1165 1857,1165 1859,1165 1982,1155 1984,1141 1982,1117 562,1107 562,1138"/>
        <Baseline points="562,1138 1984,1141"/>
        <TextEquiv conf="0.9912272952497005">
          <Unicode>dari iubet. Reg. II. 33, (Maur. II. 30, Guss. XII. 23). — „Suppliciter gloriae“.</Unicode>
        </TextEquiv>
      </TextLine>
      <TextLine id="eSc_line_b0fe1166" custom="structure {type:default;}">
        <Coords points="524,1184 524,1201 2035,1203 2038,1180 2033,1155 522,1156 524,1184"/>
        <Baseline points="524,1184 2038,1180"/>
        <TextEquiv conf="0.9974681707945737">
          <Unicode>1189 (820) Universos milites Neapolitanos hortatur, ut Constantio tribuno, cui civitatis</Unicode>
        </TextEquiv>
      </TextLine>
      <TextLine id="eSc_line_94b7c103" custom="structure {type:default;}">
        <Coords points="112,1185 109,1230 181,1230 184,1191 186,1148 114,1143 112,1185"/>
        <Baseline points="112,1185 184,1191"/>
        <TextEquiv conf="0.9999446868896484">
          <Unicode>(„)</Unicode>
        </TextEquiv>
      </TextLine>
      <TextLine id="eSc_line_b5ce0a73" custom="structure {type:default;}">
        <Coords points="563,1226 563,1244 2037,1250 2038,1226 2038,1203 563,1201 563,1226"/>
        <Baseline points="563,1226 2038,1226"/>
        <TextEquiv conf="0.9993954663035236">
          <Unicode>custodia a sese demandata sit, obtemperare pergant. Reg. II. 34, (Maur. II. 31,</Unicode>
        </TextEquiv>
      </TextLine>
      <TextLine id="eSc_line_508964cd" custom="structure {type:default;}">
        <Coords points="560,1264 558,1276 598,1288 599,1288 601,1288 895,1279 910,1290 912,1290 914,1290 915,1290 1237,1279 1238,1267 1237,1244 560,1240 560,1264"/>
        <Baseline points="560,1264 1238,1267"/>
        <TextEquiv conf="0.9940357037952968">
          <Unicode>Guss. XII. 24). — „Summa militiae“.</Unicode>
        </TextEquiv>
      </TextLine>
      <TextLine id="eSc_line_199bbd2a" custom="structure {type:default;}">
        <Coords points="521,1310 521,1329 2037,1336 2038,1310 2038,1286 521,1286 521,1310"/>
        <Baseline points="521,1310 2038,1310"/>
        <TextEquiv conf="0.9993263462727721">
          <Unicode>1190 (856) Honorato subdiacono scribit, ut Venantium, Opilionis patricii nepotem, „char-</Unicode>
        </TextEquiv>
      </TextLine>
      <TextLine id="eSc_line_b61b3506" custom="structure {type:default;}">
        <Coords points="112,1312 112,1348 186,1338 186,1312 186,1288 112,1276 112,1312"/>
        <Baseline points="112,1312 186,1312"/>
        <TextEquiv conf="0.9999744494756063">
          <Unicode>(„)</Unicode>
        </TextEquiv>
      </TextLine>
      <TextLine id="eSc_line_8b82f385" custom="structure {type:default;}">
        <Coords points="562,1353 562,1373 2037,1370 2038,1348 2033,1326 560,1329 562,1353"/>
        <Baseline points="562,1353 2038,1348"/>
        <TextEquiv conf="0.9988002335324007">
          <Unicode>tas exconsulatus“ libris auri triginta missis petentem, serenissimis principibus com-</Unicode>
        </TextEquiv>
      </TextLine>
      <TextLine id="eSc_line_c61a8f8b" custom="structure {type:default;}">
        <Coords points="562,1392 562,1411 1982,1409 1982,1392 1982,1370 562,1370 562,1392"/>
        <Baseline points="562,1392 1982,1392"/>
        <TextEquiv conf="0.9938418091117561">
          <Unicode>mendet. Reg. II. 36, (Maur. II. 53, Guss. XII. 27). — „Pilius meus, dominus“.</Unicode>
        </TextEquiv>
      </TextLine>
      <TextLine id="eSc_line_5d818534" custom="structure {type:default;}">
        <Coords points="111,1435 105,1488 131,1502 133,1502 135,1502 179,1493 184,1440 186,1394 112,1389 111,1435"/>
        <Baseline points="111,1435 184,1440"/>
        <TextEquiv conf="0.9566170573234558">
          <Unicode>Iat.</Unicode>
        </TextEquiv>
      </TextLine>
      <TextLine id="eSc_line_0780055f" custom="structure {type:default;}">
        <Coords points="519,1438 519,1455 2035,1464 2037,1438 2035,1411 519,1413 519,1438"/>
        <Baseline points="519,1438 2037,1438"/>
        <TextEquiv conf="0.9987900411641156">
          <Unicode>1191 (826) lohannem, expulsum episcopum Lissitanum, vacuae ecclesiae Scyllacinae,</Unicode>
        </TextEquiv>
      </TextLine>
      <TextLine id="eSc_line_1b6b2467" custom="structure {type:default;}">
        <Coords points="565,1479 565,1500 2035,1502 2038,1479 2037,1455 565,1452 565,1479"/>
        <Baseline points="565,1479 2038,1479"/>
        <TextEquiv conf="0.9981819956333606">
          <Unicode>dum Lissus ab hostibus teneatur, praeesse iubet cardinalem sacerdotem. Quibus</Unicode>
        </TextEquiv>
      </TextLine>
      <TextLine id="eSc_line_731fb987" custom="structure {type:default;}">
        <Coords points="562,1522 562,1538 603,1548 604,1548 651,1539 652,1539 1011,1539 1030,1541 1069,1548 1071,1548 1119,1543 1146,1539 1194,1543 1262,1548 1264,1548 1266,1548 1276,1543 1285,1539 1391,1544 1476,1548 1478,1548 1479,1548 1491,1544 1512,1539 1596,1546 1632,1548 1633,1548 1686,1546 1852,1539 1908,1548 1913,1548 1915,1548 1917,1548 1919,1548 1944,1539 2030,1548 2033,1522 2031,1500 1843,1500 1842,1498 1828,1490 1826,1490 1825,1490 1823,1490 1821,1490 1790,1498 1787,1498 1780,1498 1715,1490 1714,1490 1674,1498 1667,1498 1661,1496 1625,1490 1623,1490 1591,1496 1584,1498 1579,1496 1558,1490 1556,1490 1555,1490 1553,1490 1524,1496 1515,1498 1500,1496 1450,1490 1449,1490 1447,1490 1426,1496 1420,1498 1404,1496 1365,1490 1363,1490 1329,1496 1314,1498 562,1493 562,1522"/>
        <Baseline points="562,1522 2033,1522"/>
        <TextEquiv conf="0.995857331810928">
          <Unicode>legibus in administranda ecclesia utatur, addit. Reg. II. 37, (Maur. II. 37, Guss.</Unicode>
        </TextEquiv>
      </TextLine>
      <TextLine id="eSc_line_a17423d2" custom="structure {type:default;}">
        <Coords points="560,1565 560,1579 888,1589 890,1589 892,1589 893,1589 909,1579 910,1579 912,1579 1109,1587 1110,1587 1174,1577 1175,1577 1177,1577 1187,1587 1189,1587 1191,1587 1192,1589 1257,1589 1257,1587 1396,1575 1397,1561 1394,1541 1213,1531 1211,1531 1155,1539 1129,1531 1127,1531 1126,1531 1037,1539 1006,1531 1004,1531 1003,1531 1001,1531 974,1541 630,1532 628,1532 627,1532 610,1541 570,1532 569,1532 567,1532 565,1532 565,1534 558,1539 560,1565"/>
        <Baseline points="560,1565 1397,1561"/>
        <TextEquiv conf="0.9928846590372981">
          <Unicode>II. ind. X. ep. 25). — „Pastoralis officii cura“.</Unicode>
        </TextEquiv>
      </TextLine>
      <TextLine id="eSc_line_16acf9bb" custom="structure {type:default;}">
        <Coords points="524,1602 522,1620 2037,1625 2040,1606 2040,1575 524,1575 524,1602"/>
        <Baseline points="524,1602 2040,1606"/>
        <TextEquiv conf="0.9926369108002762">
          <Unicode>1192 (827) lohanni, cpiscopo Scvllacino, mandat, ut, visitatione ecclesiae Crotoniensis</Unicode>
        </TextEquiv>
      </TextLine>
      <TextLine id="eSc_line_595a0ee7" custom="structure {type:default;}">
        <Coords points="138,1613 145,1681 160,1681 153,1611 148,1587 135,1587 138,1613"/>
        <Baseline points="138,1613 153,1611"/>
        <TextEquiv>
          <Unicode></Unicode>
        </TextEquiv>
      </TextLine>
      <TextLine id="eSc_line_59a90462" custom="structure {type:default;}">
        <Coords points="562,1649 562,1666 668,1678 669,1678 731,1667 733,1667 769,1678 770,1678 772,1678 830,1667 832,1667 857,1678 859,1678 861,1678 943,1669 1054,1678 1056,1678 1117,1667 1124,1667 1279,1667 1286,1667 1327,1678 1329,1678 1331,1678 1356,1669 1362,1667 1389,1669 1541,1678 1543,1678 1623,1669 1643,1667 1667,1669 1760,1678 1761,1678 1763,1678 1792,1669 1794,1669 1808,1678 1809,1678 1811,1678 1813,1678 2038,1669 2038,1649 2037,1623 562,1625 562,1649"/>
        <Baseline points="562,1649 2038,1649"/>
        <TextEquiv conf="0.996936248073095">
          <Unicode>suscepta, episcopum eligendum curet. Reg. II. 39, (Maur. II. 38), Baluzii Misc.</Unicode>
        </TextEquiv>
      </TextLine>
      <TextLine id="eSc_line_beacf2fa" custom="structure {type:default;}">
        <Coords points="560,1691 560,1703 587,1712 589,1712 591,1712 592,1712 611,1703 613,1703 769,1703 780,1714 780,1715 782,1715 784,1715 786,1717 830,1717 830,1715 912,1714 914,1714 915,1714 933,1702 958,1714 960,1714 962,1715 1068,1715 1068,1714 1069,1714 1103,1700 1103,1688 1100,1667 558,1666 560,1691"/>
        <Baseline points="560,1691 1103,1688"/>
        <TextEquiv conf="0.9817586806085374">
          <Unicode>II. 11. — „Obitum Crotone“.</Unicode>
        </TextEquiv>
      </TextLine>
      <TextLine id="eSc_line_82070f17" custom="structure {type:default;}">
        <Coords points="522,1734 522,1751 1531,1756 1532,1756 2037,1746 2038,1729 2035,1703 540,1698 538,1698 536,1698 521,1705 522,1734"/>
        <Baseline points="522,1734 2038,1729"/>
        <TextEquiv conf="0.9974096642761696">
          <Unicode>1193 (828) Clerum, ordinem et plebem Crotoniensem hortatur, ut in creando episcono</Unicode>
        </TextEquiv>
      </TextLine>
      <TextLine id="eSc_line_b9c92306" custom="structure {type:default;}">
        <Coords points="140,1744 148,1787 162,1790 157,1741 148,1705 131,1707 140,1744"/>
        <Baseline points="140,1744 157,1741"/>
        <TextEquiv conf="0.9890457987785339">
          <Unicode>„</Unicode>
        </TextEquiv>
      </TextLine>
      <TextLine id="eSc_line_bba5f268" custom="structure {type:default;}">
        <Coords points="563,1777 563,1796 659,1796 663,1797 681,1806 683,1806 685,1806 739,1797 757,1796 775,1797 833,1806 835,1806 898,1799 931,1796 950,1799 984,1806 986,1806 1052,1799 1100,1796 1109,1801 1115,1806 1117,1806 1119,1806 1121,1806 1158,1801 1184,1797 1192,1801 1203,1806 1204,1806 1206,1806 1232,1801 1259,1796 1278,1801 1291,1806 1293,1806 1295,1808 1420,1808 1420,1806 1421,1806 1433,1802 1459,1796 1471,1802 1476,1806 1478,1806 1479,1806 1481,1808 1538,1808 1538,1806 1560,1804 1614,1796 1647,1804 1654,1806 1655,1806 1657,1806 1659,1806 1662,1804 1679,1796 1695,1804 1698,1806 1700,1806 1702,1808 1785,1808 1785,1806 1787,1806 1789,1806 1804,1796 1917,1804 1919,1804 1920,1804 1937,1796 1953,1806 1955,1806 1956,1806 1958,1808 2035,1808 2037,1777 2035,1755 563,1755 563,1777"/>
        <Baseline points="563,1777 2037,1777"/>
        <TextEquiv conf="0.9961301767548849">
          <Unicode>praecepta visitatoris, lohannis episcopi, sequantur. Reg. II. 40, (Maur. II. 39, Guss.</Unicode>
        </TextEquiv>
      </TextLine>
      <TextLine id="eSc_line_34b31318" custom="structure {type:default;}">
        <Coords points="560,1818 560,1830 630,1842 632,1842 763,1831 782,1843 784,1843 786,1843 787,1843 789,1843 827,1833 890,1843 892,1843 893,1843 895,1843 914,1831 1009,1831 1021,1842 1021,1843 1023,1843 1025,1843 1027,1843 1112,1831 1126,1840 1127,1840 1129,1840 1262,1843 1264,1843 1266,1843 1300,1830 1300,1818 1300,1796 560,1796 560,1818"/>
        <Baseline points="560,1818 1300,1818"/>
        <TextEquiv conf="0.9839283449705257">
          <Unicode>II. ind. X. ep. 27). — „Vestri antistitis“.</Unicode>
        </TextEquiv>
      </TextLine>
      <TextLine id="eSc_line_f7aae9cf" custom="structure {type:default;}">
        <Coords points="524,1857 524,1876 2038,1878 2040,1857 2038,1830 524,1831 524,1857"/>
        <Baseline points="524,1857 2040,1857"/>
        <TextEquiv conf="0.9997734971988348">
          <Unicode>1194 (829) Iohanni, episcopo Ravennati, de controversia inter Wilandum praesentis</Unicode>
        </TextEquiv>
      </TextLine>
      <TextLine id="eSc_line_64110df0" custom="structure {type:default;}">
        <Coords points="136,1871 138,1912 158,1919 158,1869 155,1837 133,1835 136,1871"/>
        <Baseline points="136,1871 158,1869"/>
        <TextEquiv conf="0.999828577041626">
          <Unicode>„</Unicode>
        </TextEquiv>
      </TextLine>
      <TextLine id="eSc_line_3290a238" custom="structure {type:default;}">
        <Coords points="562,1898 560,1913 2035,1922 2038,1903 2037,1879 562,1874 562,1898"/>
        <Baseline points="562,1898 2038,1903"/>
        <TextEquiv conf="0.9992411489839907">
          <Unicode>epistolae latorem et Gavinianum diaconum distrahenda scribit. Reg. II. 41, (Maur.</Unicode>
        </TextEquiv>
      </TextLine>
      <TextLine id="eSc_line_d421f886" custom="structure {type:default;}">
        <Coords points="560,1944 560,1961 628,1961 640,1970 642,1970 644,1970 645,1970 688,1961 721,1970 722,1970 724,1970 791,1961 1004,1961 1020,1970 1021,1970 1023,1970 1025,1970 1027,1970 1062,1961 1114,1970 1115,1970 1117,1970 1146,1961 1215,1961 1225,1970 1227,1970 1228,1970 1230,1970 1700,1960 1700,1944 1700,1922 560,1922 560,1944"/>
        <Baseline points="560,1944 1700,1944"/>
        <TextEquiv conf="0.9908843701705337">
          <Unicode>II. 40, Guss. II. ind. X. ep. 28). — „Iurgantium controversias“.</Unicode>
        </TextEquiv>
      </TextLine>
      <TextLine id="eSc_line_9569654a" custom="structure {type:default;}">
        <Coords points="522,1984 521,2001 551,2011 553,2011 555,2011 1247,2004 1279,2013 1281,2013 1283,2013 2037,2004 2038,1987 2037,1961 522,1958 522,1984"/>
        <Baseline points="522,1984 2038,1987"/>
        <TextEquiv conf="0.9911347105261985">
          <Unicode>1195 (830) Felici, episcopo Acropolitano visitatori provinciac Lucaniae, visitationem Ve-</Unicode>
        </TextEquiv>
      </TextLine>
      <TextLine id="eSc_line_dad38f78" custom="structure {type:default;}">
        <Coords points="136,1999 136,2026 155,2026 155,1999 152,1946 136,1951 136,1999"/>
        <Baseline points="136,1999 155,1999"/>
        <TextEquiv conf="0.9999964237213135">
          <Unicode>„</Unicode>
        </TextEquiv>
      </TextLine>
      <TextLine id="eSc_line_ca631838" custom="structure {type:default;}">
        <Coords points="560,2026 558,2045 613,2057 615,2057 668,2048 743,2057 745,2059 883,2059 883,2057 885,2057 886,2057 898,2048 982,2057 984,2057 1076,2048 1081,2048 1085,2048 1141,2057 1143,2057 1336,2050 1338,2050 1363,2059 1365,2059 1367,2059 1423,2050 1426,2050 1432,2050 1544,2059 1546,2060 1643,2060 1643,2059 1645,2059 1647,2059 1657,2050 1659,2050 1667,2050 1722,2059 1724,2059 1778,2052 1794,2050 2035,2052 2038,2030 2037,2007 560,1999 560,2026"/>
        <Baseline points="560,2026 2038,2030"/>
        <TextEquiv conf="0.9956708150573924">
          <Unicode>linae, Buxentinae, Blandanae ecclesiarum vacuarum iniungit. Reg. II. 42, (Maur.</Unicode>
        </TextEquiv>
      </TextLine>
      <TextLine id="eSc_line_25d119fc" custom="structure {type:default;}">
        <Coords points="560,2071 560,2086 642,2096 644,2096 686,2088 712,2096 714,2096 716,2096 794,2088 895,2096 897,2096 992,2088 1023,2096 1025,2096 1027,2096 1028,2096 1061,2088 1375,2096 1377,2096 1420,2088 1519,2096 1520,2096 1522,2096 1551,2086 1551,2071 1551,2048 560,2048 560,2071"/>
        <Baseline points="560,2071 1551,2071"/>
        <TextEquiv conf="0.9905442738974536">
          <Unicode>II. 43, Guss. II. ind. X. ep. 29). — „Quoniam Velina“.</Unicode>
        </TextEquiv>
      </TextLine>
      <TextLine id="eSc_line_36d95a58" custom="structure {type:default;}">
        <Coords points="524,2112 524,2132 2037,2130 2038,2108 2033,2081 522,2086 524,2112"/>
        <Baseline points="524,2112 2038,2108"/>
        <TextEquiv conf="0.9995204289754231">
          <Unicode>1196 (831) Lucilli, episcopi Melitensis, clericos, possessiones ecclesiae Africanae tenen-</Unicode>
        </TextEquiv>
      </TextLine>
      <TextLine id="eSc_line_18301534" custom="structure {type:default;}">
        <Coords points="136,2124 143,2182 169,2185 162,2120 153,2076 129,2078 136,2124"/>
        <Baseline points="136,2124 162,2120"/>
        <TextEquiv conf="0.9989750385284424">
          <Unicode>„</Unicode>
        </TextEquiv>
      </TextLine>
      <TextLine id="eSc_line_508aac2d" custom="structure {type:default;}">
        <Coords points="562,2156 562,2173 702,2183 704,2185 869,2185 869,2183 871,2183 873,2183 883,2175 885,2175 900,2175 1004,2183 1006,2185 1185,2185 1185,2183 1187,2183 1189,2183 1197,2177 1203,2175 1269,2175 1274,2177 1281,2183 1283,2183 1285,2183 1286,2183 1329,2178 1350,2175 1373,2178 1413,2183 1414,2183 1479,2178 1526,2175 1553,2178 1585,2183 1587,2183 1589,2183 1599,2178 1606,2175 1613,2178 1620,2183 1621,2183 1623,2183 1625,2185 1712,2185 1712,2183 1714,2183 1715,2183 1720,2180 1729,2175 2037,2180 2038,2156 2038,2134 562,2134 562,2156"/>
        <Baseline points="562,2156 2038,2156"/>
        <TextEquiv conf="0.9897061063919539">
          <Unicode>tes. ad pensionem solvendam comyclli iubet. Reg. II. 43, (Maur. II. 44, Guss. II.</Unicode>
        </TextEquiv>
      </TextLine>
      <TextLine id="eSc_line_d4bb36b3" custom="structure {type:default;}">
        <Coords points="560,2197 560,2216 1261,2221 1262,2221 1264,2221 1298,2211 1298,2194 1293,2171 558,2173 560,2197"/>
        <Baseline points="560,2197 1298,2194"/>
        <TextEquiv conf="0.9806891452698481">
          <Unicode>ind. X. ep. 30). — „Officii nostri decet“.</Unicode>
        </TextEquiv>
      </TextLine>
      <TextLine id="eSc_line_573cace4" custom="structure {type:default;}">
        <Coords points="522,2240 522,2259 2038,2259 2038,2240 2038,2214 522,2214 522,2240"/>
        <Baseline points="522,2240 2038,2240"/>
        <TextEquiv conf="0.9937570545731521">
          <Unicode>1197 (832) Benenatum coniunctis Cumanae et Misenati ecclesiis episcopum praeficit.</Unicode>
        </TextEquiv>
      </TextLine>
      <TextLine id="eSc_line_f38e19ef" custom="structure {type:default;}">
        <Coords points="143,2247 145,2286 153,2283 153,2247 153,2223 143,2223 143,2247"/>
        <Baseline points="143,2247 153,2247"/>
        <TextEquiv>
          <Unicode></Unicode>
        </TextEquiv>
      </TextLine>
      <TextLine id="eSc_line_054e9e4e" custom="structure {type:default;}">
        <Coords points="560,2279 558,2296 610,2308 611,2308 652,2300 763,2308 765,2308 1213,2300 1268,2310 1269,2310 1271,2310 1293,2301 1377,2310 1379,2310 1380,2310 1411,2301 1469,2310 1471,2310 1473,2310 1497,2301 1579,2310 1580,2310 1799,2301 1924,2310 1925,2310 1972,2300 1973,2283 1972,2252 560,2252 560,2279"/>
        <Baseline points="560,2279 1973,2283"/>
        <TextEquiv conf="0.9934817627072334">
          <Unicode>Reg. II. 44, (Maur. II. 45, Guss. II. ind. X. ep. 31). — „Et temporis qualitas“.</Unicode>
        </TextEquiv>
      </TextLine>
      <TextLine id="eSc_line_639be7e4" custom="structure {type:default;}">
        <Coords points="522,2324 522,2344 2038,2346 2040,2324 2040,2300 522,2298 522,2324"/>
        <Baseline points="522,2324 2040,2324"/>
        <TextEquiv conf="0.9948959859406076">
          <Unicode>1198 (833) lohanni, episcopo Ravennati, scribendi intercapedincm excusat, „quia eo</Unicode>
        </TextEquiv>
      </TextLine>
      <TextLine id="eSc_line_1531c766" custom="structure {type:default;}">
        <Coords points="133,2337 135,2358 167,2356 165,2334 157,2288 128,2300 133,2337"/>
        <Baseline points="133,2337 165,2334"/>
        <TextEquiv conf="1.0">
          <Unicode>„</Unicode>
        </TextEquiv>
      </TextLine>
      <TextLine id="eSc_line_86596861" custom="structure {type:default;}">
        <Coords points="562,2363 562,2383 2037,2383 2038,2366 2037,2342 562,2334 562,2363"/>
        <Baseline points="562,2363 2038,2366"/>
        <TextEquiv conf="0.9934287833262093">
          <Unicode>tempore, quo Ariulfus ad Romanam urbem veniens alios occiderit, alios detrunca-</Unicode>
        </TextEquiv>
      </TextLine>
      <TextLine id="eSc_line_862447f8" custom="structure {type:default;}">
        <Coords points="565,2407 565,2428 921,2436 922,2436 924,2436 950,2428 953,2428 956,2428 980,2438 982,2438 984,2440 1146,2440 1146,2438 1148,2438 1150,2438 1163,2430 1201,2436 1203,2436 1204,2436 1223,2428 1227,2428 1252,2428 1389,2436 1391,2436 1430,2428 1447,2426 1478,2428 1556,2436 1558,2436 2035,2428 2037,2404 2031,2383 563,2385 565,2407"/>
        <Baseline points="565,2407 2037,2404"/>
        <TextEquiv conf="0.9920164048671722">
          <Unicode>verit, tanta moestitia affectus sit, ut in cholicam molestiam caderet“. Mandat, ut</Unicode>
        </TextEquiv>
      </TextLine>
      <TextLine id="eSc_line_dba4e397" custom="structure {type:default;}">
        <Coords points="562,2452 562,2471 2037,2467 2038,2448 2033,2424 560,2428 562,2452"/>
        <Baseline points="562,2452 2038,2448"/>
        <TextEquiv conf="0.9999982669949532">
          <Unicode>Romano patricio, „qui“ inquit „pugnare contra inimicos nostros dissimulat et nos</Unicode>
        </TextEquiv>
      </TextLine>
      <TextLine id="eSc_line_9946d926" custom="structure {type:default;}">
        <Coords points="562,2493 562,2510 2035,2512 2038,2489 2033,2462 560,2464 562,2493"/>
        <Baseline points="562,2493 2038,2489"/>
        <TextEquiv conf="0.9948232024908066">
          <Unicode>facere pacem vetat“, Ariulfi pacem suadcat, a quo Auctarit et Nordulfi exercitum</Unicode>
        </TextEquiv>
      </TextLine>
      <TextLine id="eSc_line_b68a4c55" custom="structure {type:default;}">
        <Coords points="562,2535 562,2563 1027,2556 1175,2563 1204,2565 1206,2565 1221,2563 1312,2554 1368,2563 1370,2563 1490,2554 1579,2563 1580,2563 1666,2554 1726,2563 1727,2563 1780,2554 1801,2563 1802,2563 1804,2565 2037,2565 2038,2532 2033,2512 560,2513 562,2535"/>
        <Baseline points="562,2535 2038,2532"/>
        <TextEquiv conf="0.9968382321394883">
          <Unicode>arcessitum esse nunciat. Romam queritur militibus nudatam esse, „Theodosiacos</Unicode>
        </TextEquiv>
      </TextLine>
      <TextLine id="eSc_line_3ba8750a" custom="structure {type:default;}">
        <Coords points="565,2577 565,2602 2037,2599 2038,2577 2037,2553 565,2551 565,2577"/>
        <Baseline points="565,2577 2038,2577"/>
        <TextEquiv conf="0.9989803478121757">
          <Unicode>vero, qui remanserint, rogam non accipientes, vix ad murorum quidem custodiam se</Unicode>
        </TextEquiv>
      </TextLine>
      <TextLine id="eSc_line_4249031e" custom="structure {type:default;}">
        <Coords points="565,2619 565,2638 2035,2638 2037,2619 2035,2595 565,2595 565,2619"/>
        <Baseline points="565,2619 2037,2619"/>
        <TextEquiv conf="0.9949687505379702">
          <Unicode>accommodare“; Neapoli urbi magnum periculum ab Arigi, Ariulfi socio, imminere.</Unicode>
        </TextEquiv>
      </TextLine>
      <TextLine id="eSc_line_39b9ef8f" custom="structure {type:default;}">
        <Coords points="563,2662 563,2684 2035,2682 2037,2662 2035,2640 563,2636 563,2662"/>
        <Baseline points="563,2662 2037,2662"/>
        <TextEquiv conf="0.997537761926651">
          <Unicode>Piissimos principes sibi praecepisse, „quatenus se interim ab Histriae episcoporum</Unicode>
        </TextEquiv>
      </TextLine>
      <TextLine id="eSc_line_ae28820f" custom="structure {type:default;}">
        <Coords points="563,2705 563,2759 637,2759 637,2758 639,2758 640,2758 652,2749 739,2756 772,2758 774,2758 775,2758 777,2758 779,2756 799,2742 912,2753 963,2758 965,2758 1025,2754 1027,2754 1028,2754 1032,2751 1049,2741 1143,2749 1192,2754 1194,2754 1254,2747 1324,2741 1355,2747 1408,2758 1409,2758 1411,2758 1442,2747 1649,2756 1650,2756 1652,2756 1654,2756 1674,2742 1676,2742 1717,2746 1719,2746 1720,2746 1722,2746 1729,2741 1737,2737 2035,2737 2037,2705 2035,2679 563,2676 563,2705"/>
        <Baseline points="563,2705 2037,2705"/>
        <TextEquiv conf="0.9774942107592957">
          <Unicode>compulsione suspenderer“. Flcemospnam denegat incensae Severi schiematici urbi.</Unicode>
        </TextEquiv>
      </TextLine>
      <TextLine id="eSc_line_45468096" custom="structure {type:default;}">
        <Coords points="146,2737 145,2788 252,2790 254,2790 256,2790 258,2790 263,2785 280,2773 299,2783 312,2792 314,2792 372,2794 374,2794 375,2794 405,2780 413,2776 425,2780 461,2790 463,2790 464,2790 466,2790 468,2790 483,2778 487,2776 545,2776 546,2742 546,2676 481,2676 481,2674 456,2650 456,2648 454,2648 452,2648 427,2643 425,2643 423,2643 374,2670 317,2621 317,2619 316,2619 314,2619 293,2618 237,2618 235,2618 234,2618 232,2618 160,2670 158,2670 146,2670 146,2737"/>
        <Baseline points="146,2737 546,2742"/>
        <TextEquiv conf="0.999923586845398">
          <Unicode>„ — —</Unicode>
        </TextEquiv>
      </TextLine>
      <TextLine id="eSc_line_e7283ce0" custom="structure {type:default;}">
        <Coords points="1784,2753 1790,2799 1813,2785 1826,2788 1825,2747 1816,2712 1778,2723 1784,2753"/>
        <Baseline points="1784,2753 1825,2747"/>
        <TextEquiv conf="0.9911016225814819">
          <Unicode>„„</Unicode>
        </TextEquiv>
      </TextLine>
    </TextRegion>
    <TextRegion id="eSc_textblock_2ff3c070"  custom="structure {type:default;}">
      <Coords points="779,123 1370,123 1397,129 1404,189 1384,210 710,203 710,136 779,123"/>
      <TextLine id="eSc_line_bac76665" custom="structure {type:default;}">
        <Coords points="724,176 722,199 1379,201 1382,179 1380,140 1244,126 1242,126 1090,138 1073,138 1064,138 1001,124 801,124 799,124 798,124 796,124 796,126 784,136 782,136 724,136 724,176"/>
        <Baseline points="724,176 1382,179"/>
        <TextEquiv conf="0.9534802918250744">
          <Unicode>S. GRItionI1“ I. 590— 601.</Unicode>
        </TextEquiv>
      </TextLine>
    </TextRegion>
    <TextRegion id="eSc_textblock_4b378c26"  custom="structure {type:default;}">
      <Coords points="1955,129 2059,136 2066,189 1944,203 1931,136 1955,129"/>
      <TextLine id="eSc_line_f71250f9" custom="structure {type:default;}">
        <Coords points="2033,135 2016,133 2007,131 1948,133 1951,182 1953,266 2042,264 2040,179 2035,135 2033,135"/>
        <Baseline points="1951,182 2040,179"/>
        <TextEquiv conf="0.9997062087059021">
          <Unicode>„„</Unicode>
        </TextEquiv>
      </TextLine>
    </TextRegion>
  </Page>
</PcGts>
