<?xml version="1.0" encoding="UTF-8"  standalone="yes"?>
<PcGts xmlns="http://schema.primaresearch.org/PAGE/gts/pagecontent/2019-07-15" xmlns:xsi="http://www.w3.org/2001/XMLSchema-instance" xsi:schemaLocation="http://schema.primaresearch.org/PAGE/gts/pagecontent/2019-07-15 http://schema.primaresearch.org/PAGE/gts/pagecontent/2019-07-15/pagecontent.xsd">
  <Metadata externalRef="pdf//regestapontificu01cath.pdf">
	<Creator>escriptorium</Creator>
	<Created>2026-02-12T11:28:06.823583+00:00</Created>
        <LastChange>2026-02-13T10:34:39.967225+00:00</LastChange>
  </Metadata>
  <Page imageFilename="regestapontificu01cath.pdf_page_198.png" imageWidth="2353" imageHeight="3055">
    <TextRegion id="eSc_textblock_f6fe18d4"  custom="structure {type:default;}">
      <Coords points="288,122 371,128 378,181 264,201 251,135 288,122"/>
      <TextLine id="eSc_line_5f62eab8" custom="structure {type:default;}">
        <Coords points="353,127 334,125 317,123 300,122 298,122 268,128 269,171 271,249 359,251 359,168 358,127 353,127"/>
        <Baseline points="269,171 359,168"/>
        <TextEquiv conf="0.7194253653287888">
          <Unicode>13</Unicode>
        </TextEquiv>
      </TextLine>
    </TextRegion>
    <TextRegion id="eSc_textblock_5a0e9722"  custom="structure {type:default;}">
      <Coords points="276,224 446,244 448,875 555,868 617,819 604,712 522,690 536,658 604,656 602,622 529,595 602,570 604,543 550,541 475,459 529,439 516,407 570,332 631,310 611,257 657,251 677,278 719,237 2237,244 2230,2537 2210,2707 706,2707 672,2564 679,2321 556,2245 624,2172 543,2170 516,2143 563,2111 602,2118 624,2063 541,1994 398,2023 365,2550 344,2578 292,2550 312,2464 271,2387 298,2326 271,2272 278,2016 244,1946 244,441 251,244 276,224"/>
      <TextLine id="eSc_line_4ca297bd" custom="structure {type:default;}">
        <Coords points="699,252 689,261 684,283 682,307 711,317 713,317 714,317 860,312 903,310 1249,319 1252,286 1251,249 706,246 699,252"/>
        <Baseline points="684,283 1252,286"/>
        <TextEquiv conf="0.9869867586172544">
          <Unicode>593. (Iad. 17. 1. —„“ 12.)</Unicode>
        </TextEquiv>
      </TextLine>
      <TextLine id="eSc_line_17398eff" custom="structure {type:default;}">
        <Coords points="745,336 745,366 794,356 1091,363 1168,364 1169,364 1171,364 1176,363 1190,354 1203,363 1207,364 1208,364 1210,364 1212,366 1298,366 1298,364 1300,364 1314,361 1336,354 1353,361 1364,364 1366,364 1368,366 1475,366 1475,364 1476,364 1493,359 1514,353 1748,353 1760,356 1780,363 1782,363 1784,363 1821,356 1836,353 1840,356 1850,363 1852,363 1853,363 1855,363 1942,354 1967,353 1998,354 2147,363 2149,363 2205,351 2206,332 2203,293 2094,293 2093,293 2091,293 2059,308 1984,308 1959,293 1957,293 1955,293 1954,293 1952,293 1948,293 1901,308 1762,308 1741,295 1740,293 1738,293 1736,293 1673,293 1672,293 1670,293 1668,293 1665,295 1646,307 1556,297 1553,297 1551,297 1549,297 1548,297 1533,308 1473,308 1400,298 1398,298 1322,308 1269,298 1268,298 1266,298 1264,298 1235,308 1186,300 1184,300 1183,300 1152,308 1050,298 1035,298 903,297 901,297 899,297 892,300 874,308 835,300 808,295 806,295 743,300 745,336"/>
        <Baseline points="745,336 2206,332"/>
        <TextEquiv conf="0.9952822412763324">
          <Unicode>pueris, aut mererde sacri ordines tribuantur. De concilii actis erudiri vult. Claves</Unicode>
        </TextEquiv>
      </TextLine>
      <TextLine id="eSc_line_60d478ab" custom="structure {type:default;}">
        <Coords points="743,378 743,402 2201,402 2203,375 2200,353 741,353 743,378"/>
        <Baseline points="743,378 2203,375"/>
        <TextEquiv conf="0.9999684375452708">
          <Unicode>b. Petri cum catenarum parte per Victorinum, Columbi diaconum, praesentium latorem,</Unicode>
        </TextEquiv>
      </TextLine>
      <TextLine id="eSc_line_3958e265" custom="structure {type:default;}">
        <Coords points="743,419 743,437 2203,437 2203,419 2203,390 743,388 743,419"/>
        <Baseline points="743,419 2203,419"/>
        <TextEquiv conf="0.9803873955510384">
          <Unicode>Inittit. Il.—. 111. 17. (Maur. 11I. 1-. (iuss. II. indl. XI. ep. 17). — „Lt antrquam“.</Unicode>
        </TextEquiv>
      </TextLine>
      <TextLine id="eSc_line_4227f548" custom="structure {type:default;}">
        <Coords points="292,459 293,509 319,514 320,514 322,514 324,514 368,485 368,456 365,403 288,400 292,459"/>
        <Baseline points="292,459 368,456"/>
        <TextEquiv conf="0.8354857265949249">
          <Unicode>1a</Unicode>
        </TextEquiv>
      </TextLine>
      <TextLine id="eSc_line_1bd8063a" custom="structure {type:default;}">
        <Coords points="706,458 706,487 2201,480 2203,461 2200,429 1684,436 706,426 706,458"/>
        <Baseline points="706,458 2203,461"/>
        <TextEquiv conf="0.9630366611754757">
          <Unicode>1233( —S?) Aderunlari e„i—„i. „rimati- pruvineine Numidiae. eerga sr voluntatem laudat.</Unicode>
        </TextEquiv>
      </TextLine>
      <TextLine id="eSc_line_475fc7a1" custom="structure {type:default;}">
        <Coords points="741,500 741,529 2203,529 2205,500 2201,475 741,478 741,500"/>
        <Baseline points="741,500 2205,500"/>
        <TextEquiv conf="0.9939767370621363">
          <Unicode>de eius cura in ordinandis pontificibus praescribit. eumque omnibus in rebus Columbi</Unicode>
        </TextEquiv>
      </TextLine>
      <TextLine id="eSc_line_42b0eecc" custom="structure {type:default;}">
        <Coords points="743,544 743,561 2205,561 2206,544 2205,519 743,515 743,544"/>
        <Baseline points="743,544 2206,544"/>
        <TextEquiv conf="0.9958237227870197">
          <Unicode>episcopi consilio uti iubet. Dc futuri concilii „unitate atque concordia“ litteras</Unicode>
        </TextEquiv>
      </TextLine>
      <TextLine id="eSc_line_2cecea71" custom="structure {type:default;}">
        <Coords points="745,587 745,612 964,607 981,612 996,617 998,617 999,617 1001,617 1022,612 1035,609 1066,612 1117,617 1118,617 1120,617 1140,612 1157,607 1164,612 1171,617 1173,617 1174,617 1176,619 1261,619 1261,617 1288,611 1307,607 1317,611 1330,617 1332,617 1334,617 1398,611 1424,609 1475,611 1628,617 1629,617 1670,611 1687,607 1704,611 1746,617 1748,617 1811,609 1831,607 1835,609 1847,617 1848,617 1850,617 1852,619 1930,619 1930,617 1931,617 1959,609 1967,607 1982,609 2042,617 2044,617 2045,617 2064,609 2203,609 2203,587 2201,558 1354,563 1347,561 1332,554 1330,554 1329,554 1327,554 1300,561 1293,563 1285,561 1263,554 1261,554 1259,554 1149,561 1123,563 1100,563 965,554 964,554 962,554 928,563 926,563 925,563 894,554 892,554 891,554 850,563 826,554 825,554 823,554 745,563 745,587"/>
        <Baseline points="745,587 2203,587"/>
        <TextEquiv conf="0.9921639969077292">
          <Unicode>poscit. De Victorino, Columbi diacono, praesentium latore, addit. Reg. III. 48,</Unicode>
        </TextEquiv>
      </TextLine>
      <TextLine id="eSc_line_bf5dfe8f" custom="structure {type:default;}">
        <Coords points="741,627 741,646 1787,655 1789,655 1831,644 1833,626 1830,597 767,597 765,597 763,597 740,604 741,627"/>
        <Baseline points="741,627 1833,626"/>
        <TextEquiv conf="0.9840769863897755">
          <Unicode>(Maur. III. 49, Guss. II. ind. XI. ep. 4x). — „Qualiter erga“.</Unicode>
        </TextEquiv>
      </TextLine>
      <TextLine id="eSc_line_37d79de6" custom="structure {type:default;}">
        <Coords points="706,670 706,689 2200,692 2203,667 2198,641 704,643 706,670"/>
        <Baseline points="706,670 2203,667"/>
        <TextEquiv conf="0.9929042443996523">
          <Unicode>1254 (890) Theodoro, episcopo Lilybactano, sacerdotum mores diligenter observanti,</Unicode>
        </TextEquiv>
      </TextLine>
      <TextLine id="eSc_line_e562e129" custom="structure {type:default;}">
        <Coords points="743,712 743,734 2203,734 2205,712 2203,690 743,687 743,712"/>
        <Baseline points="743,712 2205,712"/>
        <TextEquiv conf="0.9992835052311421">
          <Unicode>laudem impertit. Maximianum episcopum (Syracusanum), quid agendum sit, informet.</Unicode>
        </TextEquiv>
      </TextLine>
      <TextLine id="eSc_line_21c9e796" custom="structure {type:default;}">
        <Coords points="745,753 745,777 2203,773 2205,750 2201,729 743,729 745,753"/>
        <Baseline points="745,753 2205,750"/>
        <TextEquiv conf="0.9997697420418262">
          <Unicode>P&#x27;aulum quondam episcopum poenitentiae causa in monasterio manere iubet, quaeri-</Unicode>
        </TextEquiv>
      </TextLine>
      <TextLine id="eSc_line_1d6c34ba" custom="structure {type:default;}">
        <Coords points="745,794 745,816 2203,816 2205,797 2203,770 745,765 745,794"/>
        <Baseline points="745,794 2205,797"/>
        <TextEquiv conf="0.9976675884668217">
          <Unicode>quc una cum „loci practoris scrvatore“ de criminibus Bonifatio obiectis. Reg. III. 49,</Unicode>
        </TextEquiv>
      </TextLine>
      <TextLine id="eSc_line_d939e1e0" custom="structure {type:default;}">
        <Coords points="740,838 740,857 2010,857 2010,838 2008,811 740,812 740,838"/>
        <Baseline points="740,838 2010,838"/>
        <TextEquiv conf="0.994067813435646">
          <Unicode>(Maur. III. 50, Guss. II. ind. XI. ep. 49). — „Fraternitatis tuac grata“.</Unicode>
        </TextEquiv>
      </TextLine>
      <TextLine id="eSc_line_b23c500e" custom="structure {type:default;}">
        <Coords points="310,884 314,923 342,926 341,880 332,828 303,828 310,884"/>
        <Baseline points="310,884 341,880"/>
        <TextEquiv conf="0.9999978542327881">
          <Unicode>„</Unicode>
        </TextEquiv>
      </TextLine>
      <TextLine id="eSc_line_22d56fd2" custom="structure {type:default;}">
        <Coords points="704,880 704,906 2203,906 2205,875 2200,852 702,855 704,880"/>
        <Baseline points="704,880 2205,875"/>
        <TextEquiv conf="0.9917147001588201">
          <Unicode>1255 (891) Maximianuri, episcopum Syracusanum, rogat, ut sibi, librum „de miraculis</Unicode>
        </TextEquiv>
      </TextLine>
      <TextLine id="eSc_line_3b6282fa" custom="structure {type:default;}">
        <Coords points="741,923 741,943 2203,936 2205,918 2200,894 740,894 741,923"/>
        <Baseline points="741,923 2205,918"/>
        <TextEquiv conf="0.9849433949807795">
          <Unicode>patrum in Italia factis“ composituro, per litteras subveniat: nominatimque de Non-</Unicode>
        </TextEquiv>
      </TextLine>
      <TextLine id="eSc_line_705e5e86" custom="structure {type:default;}">
        <Coords points="741,964 741,980 2201,982 2205,960 2201,938 1502,930 1500,930 1499,930 1470,938 1468,940 740,940 741,964"/>
        <Baseline points="741,964 2205,960"/>
        <TextEquiv conf="0.995245357354482">
          <Unicode>noso abbate sciscitatur. (Ilic de Dialagis dicit. quorum in libro I. cap. 7. Nonnosi</Unicode>
        </TextEquiv>
      </TextLine>
      <TextLine id="eSc_line_23544453" custom="structure {type:default;}">
        <Coords points="740,1004 740,1028 2205,1028 2205,1004 2203,980 740,980 740,1004"/>
        <Baseline points="740,1004 2205,1004"/>
        <TextEquiv conf="0.9901223062129503">
          <Unicode>gesta narrat; cf. infra post reg. 1289). Reg. III. 50, (Maur. III. 51, Guss. II. ind. XI.</Unicode>
        </TextEquiv>
      </TextLine>
      <TextLine id="eSc_line_8a868e7a" custom="structure {type:default;}">
        <Coords points="740,1048 740,1067 1285,1065 1286,1045 1283,1021 738,1018 740,1048"/>
        <Baseline points="740,1048 1286,1045"/>
        <TextEquiv conf="0.9912732044855753">
          <Unicode>cp. 50). — „Fratres mci, qui“.</Unicode>
        </TextEquiv>
      </TextLine>
      <TextLine id="eSc_line_6bb9934f" custom="structure {type:default;}">
        <Coords points="322,1094 331,1142 337,1142 331,1093 320,1053 314,1053 322,1094"/>
        <Baseline points="322,1094 331,1093"/>
        <TextEquiv>
          <Unicode></Unicode>
        </TextEquiv>
      </TextLine>
      <TextLine id="eSc_line_cdf70b7f" custom="structure {type:default;}">
        <Coords points="702,1089 702,1108 2205,1104 2206,1086 2203,1059 701,1055 702,1089"/>
        <Baseline points="702,1089 2206,1086"/>
        <TextEquiv conf="0.9901499970014705">
          <Unicode>1256 (892) Prisco, patricio Orientis, de impcratoris gratia recupcrata gratulatus, Sa-</Unicode>
        </TextEquiv>
      </TextLine>
      <TextLine id="eSc_line_9d2a4ce5" custom="structure {type:default;}">
        <Coords points="740,1130 740,1152 2203,1160 2205,1130 2205,1108 740,1103 740,1130"/>
        <Baseline points="740,1130 2205,1130"/>
        <TextEquiv conf="0.9941481611667535">
          <Unicode>binianum diaconum, latorem praesentium, ct Castum, virum gloriosum, commendat.</Unicode>
        </TextEquiv>
      </TextLine>
      <TextLine id="eSc_line_c3637d7b" custom="structure {type:default;}">
        <Coords points="740,1172 740,1193 2089,1188 2091,1169 2088,1147 738,1143 740,1172"/>
        <Baseline points="740,1172 2091,1169"/>
        <TextEquiv conf="0.9966010145651989">
          <Unicode>Reg. III. 51, (Maur. III. 52, Guss. II. ind. XI. ep. 51). — „Si vitac istius“.</Unicode>
        </TextEquiv>
      </TextLine>
      <TextLine id="eSc_line_55d4484a" custom="structure {type:default;}">
        <Coords points="322,1269 334,1269 334,1218 334,1193 324,1191 322,1218 322,1269"/>
        <Baseline points="322,1218 334,1218"/>
        <TextEquiv>
          <Unicode></Unicode>
        </TextEquiv>
      </TextLine>
      <TextLine id="eSc_line_231243c2" custom="structure {type:default;}">
        <Coords points="704,1215 704,1233 2205,1230 2206,1211 2203,1186 702,1181 704,1215"/>
        <Baseline points="704,1215 2206,1211"/>
        <TextEquiv conf="0.987055281295052">
          <Unicode>1237 (893) lohannem, episcopum Constantinopolitanum, tur de lohannis presbyteri</Unicode>
        </TextEquiv>
      </TextLine>
      <TextLine id="eSc_line_f307e671" custom="structure {type:default;}">
        <Coords points="740,1257 740,1284 2203,1283 2205,1254 2200,1233 738,1233 740,1257"/>
        <Baseline points="740,1257 2205,1254"/>
        <TextEquiv conf="0.9961210481914473">
          <Unicode>causa, tum de Athanasio, lsauriae monacho et presbytero, in ecclesia Constantino-</Unicode>
        </TextEquiv>
      </TextLine>
      <TextLine id="eSc_line_b3a7aa06" custom="structure {type:default;}">
        <Coords points="740,1300 740,1325 2203,1315 2205,1294 2200,1271 738,1271 740,1300"/>
        <Baseline points="740,1300 2205,1294"/>
        <TextEquiv conf="0.995551069577535">
          <Unicode>politana verberato scirc se dissimulantem, reprchendit. Sabinianum diaconum, „pro</Unicode>
        </TextEquiv>
      </TextLine>
      <TextLine id="eSc_line_d6a64e50" custom="structure {type:default;}">
        <Coords points="740,1339 738,1352 789,1364 791,1364 1213,1357 1358,1356 2200,1366 2203,1342 2201,1315 740,1311 740,1339"/>
        <Baseline points="740,1339 2203,1342"/>
        <TextEquiv conf="0.9992578544734437">
          <Unicode>responsis ecclesiasticis faciendis ad dominorum vestigia“ missum, commendat. Reg.</Unicode>
        </TextEquiv>
      </TextLine>
      <TextLine id="eSc_line_8b5e1f34" custom="structure {type:default;}">
        <Coords points="740,1383 740,1401 1145,1410 1147,1410 1246,1408 1247,1408 1249,1408 1259,1400 1261,1400 1273,1400 1387,1408 1388,1408 1390,1408 1392,1408 1403,1400 1415,1408 1417,1408 1419,1408 1420,1410 1602,1410 1602,1408 1604,1408 1628,1398 1631,1398 1641,1398 1718,1406 1719,1406 1872,1398 1879,1398 1884,1398 1991,1406 1993,1406 2033,1396 2035,1378 2032,1357 1181,1350 1179,1350 738,1359 740,1383"/>
        <Baseline points="740,1383 2035,1378"/>
        <TextEquiv conf="0.9909050340453783">
          <Unicode>III. 52, (Maur. 1II. 53, Guss. I1. ind. XI. ep. 52). — „Quamvis causae“.</Unicode>
        </TextEquiv>
      </TextLine>
      <TextLine id="eSc_line_4d1ca56c" custom="structure {type:default;}">
        <Coords points="322,1427 322,1446 336,1446 336,1427 336,1401 322,1401 322,1427"/>
        <Baseline points="322,1427 336,1427"/>
        <TextEquiv conf="0.9998277425765991">
          <Unicode>„</Unicode>
        </TextEquiv>
      </TextLine>
      <TextLine id="eSc_line_2e7b1477" custom="structure {type:default;}">
        <Coords points="702,1423 702,1446 2201,1447 2205,1420 2200,1390 701,1391 702,1423"/>
        <Baseline points="702,1423 2205,1420"/>
        <TextEquiv conf="0.9900968089699745">
          <Unicode>1258 (895) Maximiano, episcopo Syracusano, mandat, ut Agathonem, remotum episco-</Unicode>
        </TextEquiv>
      </TextLine>
      <TextLine id="eSc_line_697fb10e" custom="structure {type:default;}">
        <Coords points="740,1466 740,1488 2205,1479 2206,1463 2203,1439 738,1437 740,1466"/>
        <Baseline points="740,1466 2206,1463"/>
        <TextEquiv conf="0.9997581115251855">
          <Unicode>pum Liparitanum, ab eadem ecclesia sustentari iubeat transmittatque ei quinqua-</Unicode>
        </TextEquiv>
      </TextLine>
      <TextLine id="eSc_line_24298285" custom="structure {type:default;}">
        <Coords points="740,1510 740,1535 867,1530 932,1535 989,1539 991,1539 993,1539 1001,1534 1010,1530 1035,1534 1067,1539 1069,1539 1071,1539 1072,1539 1079,1534 1089,1529 1171,1529 1186,1534 1205,1539 1207,1539 1208,1541 1359,1541 1359,1539 1361,1539 1363,1539 1371,1532 1375,1530 1405,1532 1493,1535 1495,1535 1533,1530 1560,1527 1583,1530 1631,1537 1633,1537 1634,1537 1650,1530 1656,1527 1819,1527 1826,1529 1858,1537 1860,1537 1862,1539 1979,1539 1979,1537 2057,1527 2059,1527 2081,1537 2083,1537 2084,1539 2179,1539 2179,1537 2181,1537 2205,1525 2205,1507 2201,1485 1471,1476 1470,1476 1387,1485 1380,1486 738,1486 740,1510"/>
        <Baseline points="740,1510 2205,1507"/>
        <TextEquiv conf="0.996613320009208">
          <Unicode>ginta solidos. Reg. III. 53, (Maur. III. 55. Guss. II. ind. XI. ep. 53). — „Post-</Unicode>
        </TextEquiv>
      </TextLine>
      <TextLine id="eSc_line_2f5d17cb" custom="structure {type:default;}">
        <Coords points="738,1549 738,1563 750,1573 752,1573 753,1573 755,1573 930,1559 930,1549 930,1525 738,1524 738,1549"/>
        <Baseline points="738,1549 930,1549"/>
        <TextEquiv conf="0.9999806880950928">
          <Unicode>quam in“.</Unicode>
        </TextEquiv>
      </TextLine>
      <TextLine id="eSc_line_13311e25" custom="structure {type:default;}">
        <Coords points="701,1593 701,1610 2205,1607 2206,1588 2203,1561 2062,1552 2060,1552 2059,1552 2032,1559 2023,1563 1650,1563 1629,1558 1606,1551 1604,1551 1602,1551 1573,1558 1556,1561 1551,1558 1543,1551 1541,1551 1539,1551 1315,1551 1314,1551 1312,1551 1310,1551 1303,1556 1293,1563 1266,1556 1242,1551 1241,1551 1239,1551 1237,1551 1230,1556 1220,1563 1081,1564 1028,1554 1020,1554 1018,1554 984,1554 763,1563 699,1554 701,1593"/>
        <Baseline points="701,1593 2206,1588"/>
        <TextEquiv conf="0.9864645473659038">
          <Unicode>1259 (896) lohannem, episcopum Ravennatem, nisi in sacris procurandis pallio uti</Unicode>
        </TextEquiv>
      </TextLine>
      <TextLine id="eSc_line_aba0cf1e" custom="structure {type:default;}">
        <Coords points="741,1634 741,1653 780,1663 782,1663 835,1654 838,1654 842,1654 920,1663 921,1663 969,1654 977,1654 999,1654 1115,1663 1117,1664 1371,1664 1371,1663 1373,1663 1388,1658 1400,1654 1417,1658 1439,1663 1441,1663 1468,1658 1495,1654 1522,1659 1549,1663 1551,1664 1672,1664 1672,1663 1673,1663 1680,1659 1690,1654 1729,1661 1750,1663 1752,1664 1918,1664 1918,1663 1920,1663 1923,1661 1940,1654 2205,1663 2206,1634 2206,1610 741,1610 741,1634"/>
        <Baseline points="741,1634 2206,1634"/>
        <TextEquiv conf="0.994312328536336">
          <Unicode>vetat. lohannis III. papae privilegio, quod transmiserit (reg. supra 1041 Gregorii</Unicode>
        </TextEquiv>
      </TextLine>
      <TextLine id="eSc_line_10ee9c27" custom="structure {type:default;}">
        <Coords points="740,1676 740,1698 2203,1700 2205,1676 2205,1651 740,1646 740,1676"/>
        <Baseline points="740,1676 2205,1676"/>
        <TextEquiv conf="0.9938668616024064">
          <Unicode>M. Reg. L. III. append. 2. Maur. Append. XI. et L. III. ep. 57 not. h), praesump-</Unicode>
        </TextEquiv>
      </TextLine>
      <TextLine id="eSc_line_1917a2e5" custom="structure {type:default;}">
        <Coords points="738,1715 736,1731 2200,1737 2203,1719 2201,1692 738,1685 738,1715"/>
        <Baseline points="738,1715 2203,1719"/>
        <TextEquiv conf="0.996063094586134">
          <Unicode>tionem suam non confirmari docet. Primis diaconis cius mappularum usum conccdit.</Unicode>
        </TextEquiv>
      </TextLine>
      <TextLine id="eSc_line_26cec155" custom="structure {type:default;}">
        <Coords points="740,1760 740,1778 813,1788 814,1788 974,1780 982,1780 1069,1780 1071,1780 1083,1788 1084,1788 1086,1788 1088,1788 1179,1780 1188,1780 1193,1780 1232,1788 1234,1788 2201,1782 2203,1760 2200,1734 740,1734 740,1760"/>
        <Baseline points="740,1760 2203,1760"/>
        <TextEquiv conf="0.9908797221306043">
          <Unicode>De quaestione in clericos quosdam habenda addit. Reg. III. 54, (Maur. III. 56,</Unicode>
        </TextEquiv>
      </TextLine>
      <TextLine id="eSc_line_7843133a" custom="structure {type:default;}">
        <Coords points="735,1797 733,1819 1714,1819 1716,1800 1714,1776 735,1773 735,1797"/>
        <Baseline points="735,1797 1716,1800"/>
        <TextEquiv conf="0.9980622248829536">
          <Unicode>(iuss. II. ind. XI. ep. 54). — „Non multum temporis“.</Unicode>
        </TextEquiv>
      </TextLine>
      <TextLine id="eSc_line_4378d48b" custom="structure {type:default;}">
        <Coords points="699,1844 699,1860 2203,1856 2203,1841 2198,1805 697,1812 699,1844"/>
        <Baseline points="699,1844 2203,1841"/>
        <TextEquiv conf="0.9885659653149294">
          <Unicode>1260 (897) Cypriano diacono mandat, ut Cosmac, si i;sc substantia sua creditorilus satis-</Unicode>
        </TextEquiv>
      </TextLine>
      <TextLine id="eSc_line_ad114e25" custom="structure {type:default;}">
        <Coords points="740,1883 738,1900 792,1912 794,1912 840,1904 957,1912 959,1912 1006,1904 1010,1904 1023,1904 1191,1912 1193,1912 1280,1905 1319,1904 1349,1907 1398,1912 1400,1912 1402,1912 1420,1907 1436,1904 1449,1907 1470,1914 1471,1914 1473,1914 1533,1909 1570,1905 1587,1909 1607,1914 1609,1914 1611,1914 1689,1911 1777,1905 1809,1911 1826,1914 1828,1916 2071,1916 2071,1914 2072,1914 2074,1914 2088,1905 2198,1914 2201,1887 2200,1858 740,1855 740,1883"/>
        <Baseline points="740,1883 2201,1887"/>
        <TextEquiv conf="0.9953916545321302">
          <Unicode>facerc et filios suos ex manibus eorum liberare non valeat, debita persolvat. Reg.</Unicode>
        </TextEquiv>
      </TextLine>
      <TextLine id="eSc_line_f9f323b2" custom="structure {type:default;}">
        <Coords points="740,1924 740,1946 1869,1946 1870,1924 1869,1902 740,1895 740,1924"/>
        <Baseline points="740,1924 1870,1924"/>
        <TextEquiv conf="0.9795929603278637">
          <Unicode>III. 55, (Maur. III. 58, Guss. II. ind. XI. ep. 56). — „Cosmas“.</Unicode>
        </TextEquiv>
      </TextLine>
      <TextLine id="eSc_line_e80a104b" custom="structure {type:default;}">
        <Coords points="280,1967 283,2024 368,2021 366,1961 363,1912 329,1902 327,1902 325,1902 324,1902 276,1916 280,1967"/>
        <Baseline points="280,1967 366,1961"/>
        <TextEquiv conf="0.9639651576677958">
          <Unicode>(a„</Unicode>
        </TextEquiv>
      </TextLine>
      <TextLine id="eSc_line_fc09f1bd" custom="structure {type:default;}">
        <Coords points="702,1968 702,1987 2206,1987 2206,1965 2203,1939 701,1936 702,1968"/>
        <Baseline points="702,1968 2206,1965"/>
        <TextEquiv conf="0.999570521963648">
          <Unicode>1261 (898) Sccundo episcopo (Tauromenitano) iam iterum praecipit, „ut de monasterio</Unicode>
        </TextEquiv>
      </TextLine>
      <TextLine id="eSc_line_76878c9a" custom="structure {type:default;}">
        <Coords points="740,2014 740,2038 1057,2033 1071,2038 1079,2041 1081,2041 1083,2041 1084,2041 1091,2038 1106,2031 1227,2031 1346,2038 1381,2040 1383,2040 1385,2040 1390,2038 1412,2031 1453,2038 1466,2040 1468,2040 1599,2038 1600,2038 1602,2038 1617,2029 1809,2038 1835,2038 1836,2038 1845,2038 1913,2028 2201,2036 2205,2007 2201,1985 738,1984 740,2014"/>
        <Baseline points="740,2014 2205,2007"/>
        <TextEquiv conf="0.9942300833761692">
          <Unicode>S. Andreae, quod est supcr Mascnlas, haptisterium propter monachorum insolentias</Unicode>
        </TextEquiv>
      </TextLine>
      <TextLine id="eSc_line_ec591b35" custom="structure {type:default;}">
        <Coords points="740,2055 740,2077 2200,2079 2203,2051 2200,2028 738,2028 740,2055"/>
        <Baseline points="740,2055 2203,2051"/>
        <TextEquiv conf="0.9898464135825634">
          <Unicode>auferatur, atquc in codem loco, quo fontes sunt, altare fundetur“. Reg. III. 56,</Unicode>
        </TextEquiv>
      </TextLine>
      <TextLine id="eSc_line_2034eeb4" custom="structure {type:default;}">
        <Coords points="738,2096 738,2111 996,2119 998,2119 999,2119 1025,2111 1027,2111 1071,2119 1072,2119 1157,2109 1171,2109 1210,2109 1465,2118 1466,2118 1536,2109 1546,2107 1548,2107 1558,2116 1560,2116 1561,2116 1563,2116 1948,2106 1950,2090 1945,2063 736,2065 738,2096"/>
        <Baseline points="738,2096 1950,2090"/>
        <TextEquiv conf="0.9923886567799013">
          <Unicode>(Maur. III. 59, Guss. II. ind. XI. ep. 57). — „Pridem praecepimus“.</Unicode>
        </TextEquiv>
      </TextLine>
      <TextLine id="eSc_line_e6e7de7d" custom="structure {type:default;}">
        <Coords points="704,2135 704,2157 804,2157 840,2167 842,2167 843,2167 901,2157 940,2167 942,2167 943,2167 1081,2165 1083,2165 1101,2157 1132,2167 1134,2167 1135,2167 1207,2157 1230,2167 1232,2167 1234,2169 1351,2169 1351,2167 1353,2167 1388,2157 1427,2167 1429,2167 1431,2169 1541,2169 1541,2167 1543,2167 1544,2167 1558,2157 1628,2167 1629,2167 2203,2155 2205,2135 2203,2111 726,2101 724,2101 723,2101 704,2109 704,2135"/>
        <Baseline points="704,2135 2205,2135"/>
        <TextEquiv conf="0.9895372776424184">
          <Unicode>1262 (999) Italicae patriciae significat, mandatum esse Cypriano diacono, in Siciliam</Unicode>
        </TextEquiv>
      </TextLine>
      <TextLine id="eSc_line_3b8dbb15" custom="structure {type:default;}">
        <Coords points="740,2179 740,2201 2201,2197 2203,2179 2201,2155 740,2155 740,2179"/>
        <Baseline points="740,2179 2203,2179"/>
        <TextEquiv conf="0.9953369242804391">
          <Unicode>cunti, ut controversiam „de causis pauperum“ cum ea componeret. Reg. III. 57,</Unicode>
        </TextEquiv>
      </TextLine>
      <TextLine id="eSc_line_13692b38" custom="structure {type:default;}">
        <Coords points="738,2219 738,2238 1921,2238 1923,2216 1920,2192 736,2192 738,2219"/>
        <Baseline points="738,2219 1923,2216"/>
        <TextEquiv conf="0.9947186762636359">
          <Unicode>(Maur. III. 60, Guss. II. ind. XI. ep. 58). — „Suscepimus plenas“.</Unicode>
        </TextEquiv>
      </TextLine>
      <TextLine id="eSc_line_cb4397bc" custom="structure {type:default;}">
        <Coords points="706,2262 706,2279 799,2279 801,2279 814,2289 816,2289 818,2289 819,2289 821,2289 842,2279 843,2279 887,2289 889,2291 991,2291 991,2289 993,2289 994,2289 1008,2281 1205,2289 1207,2289 1208,2289 1227,2281 1234,2279 1244,2281 1280,2289 1281,2289 1341,2282 1366,2279 1376,2282 1397,2289 1398,2289 1400,2291 1460,2291 1460,2289 1461,2289 1463,2289 1473,2282 1478,2279 1527,2282 1604,2289 1606,2289 1638,2284 1656,2281 1709,2284 1792,2289 1794,2289 1796,2289 1811,2284 1828,2279 1840,2284 1850,2289 1852,2289 1853,2289 1877,2284 1906,2279 2200,2286 2201,2262 2201,2238 2154,2226 2152,2226 2086,2238 1797,2238 1736,2226 1735,2226 1634,2236 1597,2226 1595,2226 1495,2226 1493,2226 1492,2226 1456,2236 1385,2226 1383,2226 1381,2226 1361,2236 1327,2226 1325,2226 1324,2226 1322,2226 1293,2236 1274,2228 1273,2228 1271,2228 1269,2228 1242,2238 1061,2238 1023,2228 1022,2228 1020,2228 1018,2228 999,2236 855,2226 853,2226 797,2236 724,2226 723,2226 721,2226 719,2226 706,2235 706,2262"/>
        <Baseline points="706,2262 2201,2262"/>
        <TextEquiv conf="0.9930263010934851">
          <Unicode>1263 (900) Eutychio, episcopo Tondaritano, significat, a Siciliae praetore se petiissc,</Unicode>
        </TextEquiv>
      </TextLine>
      <TextLine id="eSc_line_7d32c93d" custom="structure {type:default;}">
        <Coords points="741,2304 741,2328 2201,2320 2203,2299 2198,2277 740,2279 741,2304"/>
        <Baseline points="741,2304 2203,2299"/>
        <TextEquiv conf="0.9962872855074993">
          <Unicode>ut in oppugnandis „quibusdam idolorum cultoribus, atque Angelliorum dogmatis“</Unicode>
        </TextEquiv>
      </TextLine>
      <TextLine id="eSc_line_56f36e42" custom="structure {type:default;}">
        <Coords points="738,2348 738,2369 1186,2365 1193,2367 1222,2376 1224,2376 1225,2376 1274,2365 1290,2364 1303,2365 1349,2374 1351,2374 1353,2374 1371,2365 1376,2364 1383,2365 1414,2374 1415,2374 1417,2376 1544,2376 1544,2374 1648,2364 1655,2364 1667,2364 1874,2372 1875,2372 1877,2372 1896,2364 2181,2372 2183,2372 2184,2372 2186,2372 2201,2360 2201,2343 2196,2318 736,2318 738,2348"/>
        <Baseline points="738,2348 2201,2343"/>
        <TextEquiv conf="0.9953250626483595">
          <Unicode>studiosis, cum adiuvaret. Reg. III. 59, (Maur. III. 62, Guss. II. ind. XI. ep. 60).</Unicode>
        </TextEquiv>
      </TextLine>
      <TextLine id="eSc_line_d31a1c4d" custom="structure {type:default;}">
        <Coords points="743,2386 743,2401 899,2413 901,2413 903,2413 945,2401 1044,2411 1045,2411 1147,2410 1149,2410 1181,2398 1181,2382 1176,2354 741,2359 743,2386"/>
        <Baseline points="743,2386 1181,2382"/>
        <TextEquiv conf="0.9994571713300852">
          <Unicode>— „Scripta fraternitatis“.</Unicode>
        </TextEquiv>
      </TextLine>
      <TextLine id="eSc_line_f199e060" custom="structure {type:default;}">
        <Coords points="701,2428 701,2455 2205,2445 2205,2425 2201,2403 716,2396 714,2396 713,2396 711,2396 699,2401 701,2428"/>
        <Baseline points="701,2428 2205,2425"/>
        <TextEquiv conf="0.9925771729055658">
          <Unicode>1264 (902) Fortunato, cpiscopo Neapolitano, scribit de consccrando parthenone, sito</Unicode>
        </TextEquiv>
      </TextLine>
      <TextLine id="eSc_line_b739703b" custom="structure {type:default;}">
        <Coords points="740,2474 740,2493 2200,2493 2201,2469 2196,2444 738,2447 740,2474"/>
        <Baseline points="740,2474 2201,2469"/>
        <TextEquiv conf="0.9943566411733628">
          <Unicode>„in civitate Neapolitana, in regione Herculensi, in vico Lampadi“. Reg. III. 58,</Unicode>
        </TextEquiv>
      </TextLine>
      <TextLine id="eSc_line_5da59da7" custom="structure {type:default;}">
        <Coords points="738,2513 738,2528 755,2537 757,2537 758,2537 949,2528 998,2537 999,2537 1339,2527 1381,2535 1383,2535 1385,2535 1387,2535 1398,2525 1400,2525 1427,2525 1702,2533 1704,2533 1746,2523 1750,2523 1752,2523 1772,2532 1774,2532 1775,2533 1911,2533 1911,2532 1913,2532 1914,2532 1926,2523 1998,2532 1999,2532 2001,2532 2030,2522 2030,2506 2027,2483 1061,2477 1059,2477 1057,2477 1025,2486 770,2479 769,2479 767,2479 736,2488 738,2513"/>
        <Baseline points="738,2513 2030,2506"/>
        <TextEquiv conf="0.9845995847384135">
          <Unicode>(Maur. III. 63, Guss. II. ind. XI. ep. 59). — „Religiosis desideriis sine“.</Unicode>
        </TextEquiv>
      </TextLine>
      <TextLine id="eSc_line_7a7b676c" custom="structure {type:default;}">
        <Coords points="702,2556 702,2578 2201,2578 2201,2556 2201,2532 702,2523 702,2556"/>
        <Baseline points="702,2556 2201,2556"/>
        <TextEquiv conf="0.9964189851985258">
          <Unicode>1265 (901) Fortunato cpiscopo, a Neapolitanis bene reccpto, gratulatur. Reg. III. 60,</Unicode>
        </TextEquiv>
      </TextLine>
      <TextLine id="eSc_line_4b07a507" custom="structure {type:default;}">
        <Coords points="736,2598 736,2613 1955,2608 1957,2593 1952,2566 735,2572 736,2598"/>
        <Baseline points="736,2598 1957,2593"/>
        <TextEquiv conf="0.992145870413099">
          <Unicode>(Maur. III. 61, Guss. II. ind. XI. ep. 61). — „Scripta tuac caritatis“</Unicode>
        </TextEquiv>
      </TextLine>
      <TextLine id="eSc_line_f5806d59" custom="structure {type:default;}">
        <Coords points="704,2637 704,2657 1151,2664 1152,2664 1198,2656 1208,2654 1224,2656 1291,2662 1293,2662 1592,2654 1682,2662 1684,2662 1738,2652 1741,2652 1853,2652 1952,2652 1965,2661 1967,2661 1969,2661 1971,2662 2169,2662 2169,2661 2171,2661 2203,2649 2203,2632 2200,2605 702,2603 704,2637"/>
        <Baseline points="704,2637 2203,2632"/>
        <TextEquiv conf="0.9506114334210582">
          <Unicode>1266 (101c) Maurie ii imipu atoris l-a m a Lomngino -tratort allatam: „1““ quivquis pu-</Unicode>
        </TextEquiv>
      </TextLine>
      <TextLine id="eSc_line_985ff19b" custom="structure {type:default;}">
        <Coords points="741,2678 741,2713 965,2725 967,2725 1047,2717 1067,2715 1083,2717 1134,2725 1135,2725 1181,2718 1190,2717 1198,2718 1235,2725 1237,2725 1239,2725 1254,2718 1261,2715 1281,2718 1320,2725 1322,2725 1353,2718 1373,2715 1407,2720 1451,2725 1453,2725 1592,2724 1594,2724 1595,2724 1599,2722 1609,2715 1808,2715 1869,2724 1887,2725 1889,2725 1891,2725 1896,2724 1913,2715 1987,2715 2052,2725 2060,2725 2062,2725 2071,2725 2144,2715 2200,2725 2201,2678 2201,2657 741,2654 741,2678"/>
        <Baseline points="741,2678 2201,2678"/>
        <TextEquiv conf="0.9873809008037343">
          <Unicode>blicis administratiomibus ficrit implicafus, ei ad ccclesiasticum officium venire non</Unicode>
        </TextEquiv>
      </TextLine>
    </TextRegion>
    <TextRegion id="eSc_textblock_955aa13c"  custom="structure {type:default;}">
      <Coords points="955,122 1538,122 1565,135 1565,188 882,195 889,135 955,122"/>
      <TextLine id="eSc_line_ce99bc7e" custom="structure {type:default;}">
        <Coords points="1493,122 1488,122 1451,134 1446,134 1439,132 1385,122 1375,122 1364,122 1330,130 1317,134 1244,134 1241,128 1230,122 1222,122 1213,122 1166,128 1130,132 1037,125 981,122 979,122 977,122 976,122 972,123 955,135 920,127 916,128 899,130 901,174 901,198 1188,207 1190,207 1191,207 1193,207 1203,198 1264,203 1266,203 1268,203 1269,203 1278,196 1283,193 1310,196 1368,205 1370,205 1412,196 1429,193 1443,196 1475,205 1476,205 1478,205 1549,195 1551,171 1549,135 1505,122 1493,122"/>
        <Baseline points="901,174 1551,171"/>
        <TextEquiv conf="0.9473669253862821">
          <Unicode>S 41RtazmRIts I. 59t) 601.</Unicode>
        </TextEquiv>
      </TextLine>
    </TextRegion>
    <TextRegion id="eSc_textblock_d6c3cd1c"  custom="structure {type:default;}">
      <Coords points="336,2634 344,2634 344,2645 332,2639 336,2634"/>
    </TextRegion>
    <TextRegion id="eSc_textblock_a7eb3338"  custom="structure {type:default;}">
      <Coords points="485,488 487,500 482,500 482,488 485,488"/>
    </TextRegion>
  </Page>
</PcGts>
