<?xml version="1.0" encoding="UTF-8"  standalone="yes"?>
<PcGts xmlns="http://schema.primaresearch.org/PAGE/gts/pagecontent/2019-07-15" xmlns:xsi="http://www.w3.org/2001/XMLSchema-instance" xsi:schemaLocation="http://schema.primaresearch.org/PAGE/gts/pagecontent/2019-07-15 http://schema.primaresearch.org/PAGE/gts/pagecontent/2019-07-15/pagecontent.xsd">
  <Metadata externalRef="pdf//regestapontificu01cath.pdf">
	<Creator>escriptorium</Creator>
	<Created>2026-02-12T11:22:34.306885+00:00</Created>
        <LastChange>2026-02-13T10:05:22.734969+00:00</LastChange>
  </Metadata>
  <Page imageFilename="regestapontificu01cath.pdf_page_59.png" imageWidth="2243" imageHeight="3076">
    <TextRegion id="eSc_textblock_2e61581b"  custom="structure {type:default;}">
      <Coords points="1967,232 2029,246 2042,273 2029,2739 1812,2739 1769,2761 1796,2768 1783,2780 1639,2746 478,2746 458,2501 287,2513 266,2493 287,2406 259,2269 155,2397 148,2363 128,2371 114,2418 68,2295 95,375 225,360 143,334 264,341 369,312 287,299 266,266 1906,252 1967,232"/>
      <TextLine id="eSc_line_6a377d07" custom="structure {type:default;}">
        <Coords points="565,263 548,263 531,263 514,263 497,263 480,263 480,297 478,326 541,338 543,338 545,338 581,324 582,300 581,263 565,263"/>
        <Baseline points="480,297 582,300"/>
        <TextEquiv conf="0.9999992847442627">
          <Unicode>253.</Unicode>
        </TextEquiv>
      </TextLine>
      <TextLine id="eSc_line_45af9153" custom="structure {type:default;}">
        <Coords points="541,350 541,369 2017,363 2019,345 2015,302 1075,293 1073,293 919,304 613,295 612,295 540,305 541,350"/>
        <Baseline points="541,350 2019,345"/>
        <TextEquiv conf="0.9501913363420511">
          <Unicode>(urnclii martrvris- meminit. mitur tur uerta rttam pro runt.surt. er nuta m cr-</Unicode>
        </TextEquiv>
      </TextLine>
      <TextLine id="eSc_line_fa59c060" custom="structure {type:default;}">
        <Coords points="541,394 541,415 2015,410 2017,389 2013,369 582,363 581,363 540,372 541,394"/>
        <Baseline points="541,394 2017,389"/>
        <TextEquiv conf="0.9953950847067484">
          <Unicode>nelius solummodo deportatus accipere potuit illam gloriosam dormitionem, quae com-</Unicode>
        </TextEquiv>
      </TextLine>
      <TextLine id="eSc_line_0be8afdf" custom="structure {type:default;}">
        <Coords points="540,435 540,454 2013,449 2015,430 2010,406 538,410 540,435"/>
        <Baseline points="540,435 2015,430"/>
        <TextEquiv conf="0.9883767595657935">
          <Unicode>mutatur in decollationem Romac passam ab recentioribus fontibus fabuloso satis</Unicode>
        </TextEquiv>
      </TextLine>
      <TextLine id="eSc_line_731f1601" custom="structure {type:default;}">
        <Coords points="540,476 540,492 2013,497 2015,476 2015,446 540,442 540,476"/>
        <Baseline points="540,476 2015,476"/>
        <TextEquiv conf="0.9797948578069376">
          <Unicode>mondlo. Etiam de anno et dic mortis Coruelii cxistit dulrium: EuseLiius it IIist. rrl.</Unicode>
        </TextEquiv>
      </TextLine>
      <TextLine id="eSc_line_5135c77f" custom="structure {type:default;}">
        <Coords points="541,519 541,543 2013,541 2015,516 2012,495 553,488 552,488 550,488 548,488 540,493 541,519"/>
        <Baseline points="541,519 2015,516"/>
        <TextEquiv conf="0.9849414343451276">
          <Unicode>I„ VII. c. 2. et in chroniro ap. Schoenc p. 181 assignat ei annos rirciter 3. Ca-</Unicode>
        </TextEquiv>
      </TextLine>
      <TextLine id="eSc_line_aa9a63ab" custom="structure {type:default;}">
        <Coords points="541,562 541,586 2017,575 2017,558 2012,534 540,536 541,562"/>
        <Baseline points="541,562 2017,558"/>
        <TextEquiv conf="0.98804270988935">
          <Unicode>talogus Liberianus autem a. 2 m. 3 d. 10, qui a tempore electionis denumerati</Unicode>
        </TextEquiv>
      </TextLine>
      <TextLine id="eSc_line_e793813f" custom="structure {type:default;}">
        <Coords points="540,604 540,622 2013,615 2015,598 2012,577 1277,570 1275,570 1227,579 935,572 933,572 931,572 899,581 557,574 555,574 553,574 538,581 540,604"/>
        <Baseline points="540,604 2015,598"/>
        <TextEquiv conf="0.9990135493216576">
          <Unicode>circa mensem lunii a. 253 dant. Cornclium demum a. 253 et non ut pridem puta-</Unicode>
        </TextEquiv>
      </TextLine>
      <TextLine id="eSc_line_3e5d8b49" custom="structure {type:default;}">
        <Coords points="540,647 540,668 2012,663 2013,642 2008,620 538,622 540,647"/>
        <Baseline points="540,647 2013,642"/>
        <TextEquiv conf="0.9960252026265318">
          <Unicode>batur a. 252 mortuum esse, patet ex Cypriani epp. 60. (57) et 61. (58). Opp. p. 691 (95)</Unicode>
        </TextEquiv>
      </TextLine>
      <TextLine id="eSc_line_7fe414ca" custom="structure {type:default;}">
        <Coords points="538,688 538,707 2013,702 2015,683 2010,659 536,663 538,688"/>
        <Baseline points="538,688 2015,683"/>
        <TextEquiv conf="0.9999348975363231">
          <Unicode>et 695 (96) (Migne 3 p. 830 et 973). Sed tempus Iunii repugnare videtur, ne Cornclii</Unicode>
        </TextEquiv>
      </TextLine>
      <TextLine id="eSc_line_e7de90fc" custom="structure {type:default;}">
        <Coords points="538,729 536,745 2010,751 2013,733 2012,709 538,705 538,729"/>
        <Baseline points="538,729 2013,733"/>
        <TextEquiv conf="0.9974291456210149">
          <Unicode>memoria die 14. m. Septembris colatur. Qui sequi vult emendationem Mommsenii,</Unicode>
        </TextEquiv>
      </TextLine>
      <TextLine id="eSc_line_e2919b90" custom="structure {type:default;}">
        <Coords points="540,774 540,792 2010,794 2013,770 2008,748 538,750 540,774"/>
        <Baseline points="540,774 2013,770"/>
        <TextEquiv conf="0.9958923319717506">
          <Unicode>qui in Depositione martyrum I. I. p. 633 ad XVIII. kal. Octobr. pro „Cypriani</Unicode>
        </TextEquiv>
      </TextLine>
      <TextLine id="eSc_line_2d314a57" custom="structure {type:default;}">
        <Coords points="540,816 540,832 2010,828 2012,813 2007,787 538,789 540,816"/>
        <Baseline points="540,816 2012,813"/>
        <TextEquiv conf="0.9999641738360441">
          <Unicode>Africae Romae celebratur in Callisti“ legit „Cypriani Africae Romae Cornelii in</Unicode>
        </TextEquiv>
      </TextLine>
      <TextLine id="eSc_line_beb0d51d" custom="structure {type:default;}">
        <Coords points="538,859 538,878 2010,883 2013,856 2008,828 536,828 538,859"/>
        <Baseline points="538,859 2013,856"/>
        <TextEquiv conf="0.9919219763882189">
          <Unicode>Callisti“ (cf. Rossi R. S. I. 275) antiquissimum testimonium pro hoc die habet, qui</Unicode>
        </TextEquiv>
      </TextLine>
      <TextLine id="eSc_line_826e2bb4" custom="structure {type:default;}">
        <Coords points="538,900 538,919 2012,917 2013,897 2008,874 536,876 538,900"/>
        <Baseline points="538,900 2013,897"/>
        <TextEquiv conf="0.9886583925841691">
          <Unicode>etiam in Libro Pontificali invenitur. Sed credi potest, depositionem communem</Unicode>
        </TextEquiv>
      </TextLine>
      <TextLine id="eSc_line_bb2c084f" custom="structure {type:default;}">
        <Coords points="538,943 538,962 2012,958 2013,939 2008,917 536,919 538,943"/>
        <Baseline points="538,943 2013,939"/>
        <TextEquiv conf="0.9932154829685504">
          <Unicode>Cornelii et Cypriani (ab Damaso papa?) in crypta propria iuxta cryptam Lucinae</Unicode>
        </TextEquiv>
      </TextLine>
      <TextLine id="eSc_line_2accb579" custom="structure {type:default;}">
        <Coords points="538,986 538,1008 2010,1003 2012,980 2007,960 536,960 538,986"/>
        <Baseline points="538,986 2012,980"/>
        <TextEquiv conf="0.9973359057089177">
          <Unicode>celebratam (epitaphium ap. Rossi R. S. I. 291) causam huius utrique communis vene-</Unicode>
        </TextEquiv>
      </TextLine>
      <TextLine id="eSc_line_f08370f2" custom="structure {type:default;}">
        <Coords points="538,1030 538,1047 759,1056 760,1056 902,1047 916,1047 947,1047 1271,1054 1273,1054 1323,1045 1333,1045 2012,1045 2013,1023 2008,1001 536,1006 538,1030"/>
        <Baseline points="538,1030 2013,1023"/>
        <TextEquiv conf="0.9966465772652044">
          <Unicode>rationis esse, et bene traditum diem martyrii Cypriani etiam aeceptum esse pro die</Unicode>
        </TextEquiv>
      </TextLine>
      <TextLine id="eSc_line_e010615f" custom="structure {type:default;}">
        <Coords points="538,1071 538,1088 2010,1085 2012,1066 2007,1045 536,1049 538,1071"/>
        <Baseline points="538,1071 2012,1066"/>
        <TextEquiv conf="0.999921090900898">
          <Unicode>mortis Cornelii. Primum testimonium certum huius promiscuae venerationis profert</Unicode>
        </TextEquiv>
      </TextLine>
      <TextLine id="eSc_line_b98543b0" custom="structure {type:default;}">
        <Coords points="538,1110 536,1129 569,1141 571,1141 572,1141 1237,1132 1275,1143 1277,1143 1278,1143 1342,1134 1441,1143 1442,1143 1595,1134 1930,1143 1931,1143 2010,1132 2012,1114 2010,1091 538,1088 538,1110"/>
        <Baseline points="538,1110 2012,1114"/>
        <TextEquiv conf="0.9973239586796872">
          <Unicode>Hieronymus in libro de viris ill. c. 67. Opp. ed. Vallarsius II. 894 (Migne 23 p. 677)</Unicode>
        </TextEquiv>
      </TextLine>
      <TextLine id="eSc_line_df478a05" custom="structure {type:default;}">
        <Coords points="538,1153 536,1174 846,1174 851,1174 904,1182 906,1182 1159,1174 1160,1156 1159,1132 538,1129 538,1153"/>
        <Baseline points="538,1153 1160,1156"/>
        <TextEquiv conf="0.999434640010198">
          <Unicode>et hunc sequitur ecclesia catholica.</Unicode>
        </TextEquiv>
      </TextLine>
      <TextLine id="eSc_line_5c0b217c" custom="structure {type:default;}">
        <Coords points="841,1370 841,1394 1109,1404 1111,1404 1230,1392 1239,1392 1253,1392 1458,1402 1460,1402 1461,1402 1502,1391 1506,1391 1511,1391 1591,1399 1593,1399 1656,1389 1658,1367 1654,1327 1593,1317 1591,1317 1454,1326 1453,1326 1451,1326 1365,1309 1364,1309 1362,1309 1360,1309 1360,1310 1352,1317 1316,1314 1314,1314 1249,1326 1239,1327 1234,1326 1218,1319 1217,1319 1215,1319 1213,1319 1212,1319 1201,1326 1198,1327 1195,1326 1143,1307 1142,1307 1112,1307 1111,1307 1109,1307 1107,1307 1085,1326 1083,1327 1082,1326 1063,1312 1061,1312 1059,1312 1058,1312 1056,1312 1054,1312 1041,1320 1015,1307 1013,1307 1012,1307 887,1309 885,1309 839,1324 841,1370"/>
        <Baseline points="841,1370 1658,1367"/>
        <TextEquiv conf="0.9986302971839904">
          <Unicode>NOVATIAXUS antipapa. 251*</Unicode>
        </TextEquiv>
      </TextLine>
      <TextLine id="eSc_line_2ea9374e" custom="structure {type:default;}">
        <Coords points="470,1414 470,1430 523,1445 524,1445 526,1445 528,1445 584,1426 584,1411 579,1353 468,1365 470,1414"/>
        <Baseline points="470,1414 584,1411"/>
        <TextEquiv conf="0.8704182878136635">
          <Unicode>251?</Unicode>
        </TextEquiv>
      </TextLine>
      <TextLine id="eSc_line_28b4e6c8" custom="structure {type:default;}">
        <Coords points="292,1495 432,1486 432,1462 429,1379 384,1402 353,1402 329,1382 328,1382 326,1382 324,1382 323,1382 304,1387 295,1379 292,1462 292,1495"/>
        <Baseline points="292,1462 432,1462"/>
        <TextEquiv conf="0.8391820728778839">
          <Unicode>Rana.</Unicode>
        </TextEquiv>
      </TextLine>
      <TextLine id="eSc_line_b5ff4bad" custom="structure {type:default;}">
        <Coords points="485,1462 485,1478 1991,1485 1993,1485 1995,1485 2013,1474 2013,1459 2010,1430 1249,1421 1248,1421 1164,1430 718,1423 716,1423 483,1432 485,1462"/>
        <Baseline points="485,1462 2013,1459"/>
        <TextEquiv conf="0.9937612876296044">
          <Unicode>Consecratur hora decima a tribus episcopis Italis manus ei imponentibus. V. Cor-</Unicode>
        </TextEquiv>
      </TextLine>
      <TextLine id="eSc_line_e61add78" custom="structure {type:default;}">
        <Coords points="533,1507 533,1519 671,1527 673,1527 733,1519 735,1519 736,1519 779,1527 781,1527 782,1527 784,1527 796,1519 841,1526 842,1526 1070,1517 1078,1517 1087,1524 1087,1526 1089,1526 1090,1526 1092,1526 1167,1517 1195,1526 1196,1526 1198,1526 1287,1517 1312,1526 1314,1526 1316,1526 1318,1526 1319,1526 1331,1517 1384,1526 1386,1526 1388,1526 1389,1526 1401,1515 1401,1503 1398,1481 983,1471 981,1471 979,1471 962,1479 883,1473 882,1473 880,1473 878,1473 878,1474 870,1481 675,1473 673,1473 622,1481 584,1473 582,1473 581,1473 531,1483 533,1507"/>
        <Baseline points="533,1507 1401,1503"/>
        <TextEquiv conf="0.999861665800506">
          <Unicode>nelii epist. ap. Eusebium Hist. eccl. L. VI. c. 43.</Unicode>
        </TextEquiv>
      </TextLine>
      <TextLine id="eSc_line_6b3bce66" custom="structure {type:default;}">
        <Coords points="495,1549 495,1568 704,1568 709,1568 752,1577 753,1577 853,1568 875,1567 897,1568 993,1575 994,1575 2008,1563 2010,1543 2005,1519 494,1524 495,1549"/>
        <Baseline points="495,1549 2010,1543"/>
        <TextEquiv conf="0.9993058895762963">
          <Unicode>119 (16) * Cypriano, episcopo Carthaginiensi, se ad pontificatum Romanum elatum</Unicode>
        </TextEquiv>
      </TextLine>
      <TextLine id="eSc_line_2d8f6531" custom="structure {type:default;}">
        <Coords points="533,1592 533,1609 2010,1604 2012,1585 2007,1560 531,1565 533,1592"/>
        <Baseline points="533,1592 2012,1585"/>
        <TextEquiv conf="0.9998828869361382">
          <Unicode>nunciat, litteris per Maximum presbyterum et Augendum diaconum et Machaeum ac</Unicode>
        </TextEquiv>
      </TextLine>
      <TextLine id="eSc_line_129d071a" custom="structure {type:default;}">
        <Coords points="533,1631 533,1650 1885,1650 1885,1631 1883,1606 533,1608 533,1631"/>
        <Baseline points="533,1631 1885,1631"/>
        <TextEquiv conf="0.9931339911512427">
          <Unicode>Longinum missis. Cypriani ep. 44. (41). Opp. p. 597 (55) (Migne 3 p. 701).</Unicode>
        </TextEquiv>
      </TextLine>
      <TextLine id="eSc_line_6160a40a" custom="structure {type:default;}">
        <Coords points="495,1674 495,1698 2013,1698 2013,1674 2013,1649 495,1649 495,1674"/>
        <Baseline points="495,1674 2013,1674"/>
        <TextEquiv conf="0.9944421791217544">
          <Unicode>120 (17) * Antonianum episcopum litteris tentat. Cypriani ep. 55. (52). Opp. p. 624 (66)</Unicode>
        </TextEquiv>
      </TextLine>
      <TextLine id="eSc_line_fcf6c67e" custom="structure {type:default;}">
        <Coords points="531,1719 531,1734 632,1743 634,1743 767,1732 771,1732 774,1732 846,1741 847,1741 849,1741 868,1731 868,1715 865,1690 659,1683 658,1683 612,1691 553,1683 552,1683 550,1683 529,1691 531,1719"/>
        <Baseline points="531,1719 868,1715"/>
        <TextEquiv conf="0.9998988929916831">
          <Unicode>(Migne 3 p. 763).</Unicode>
        </TextEquiv>
      </TextLine>
      <TextLine id="eSc_line_f36a10f5" custom="structure {type:default;}">
        <Coords points="492,1760 492,1778 984,1789 986,1789 1022,1782 1044,1778 1051,1782 1059,1789 1061,1789 1063,1789 1065,1790 1138,1790 1138,1789 1140,1789 1142,1789 1148,1784 1155,1778 1162,1784 1174,1789 1176,1789 1177,1789 1203,1784 1218,1780 1258,1784 1297,1787 1299,1787 1301,1787 1302,1787 1306,1784 1318,1777 1354,1784 1371,1787 1372,1787 1374,1787 1384,1784 1413,1777 1707,1777 1723,1787 1724,1787 1726,1787 1728,1789 1786,1789 1786,1787 1788,1787 1791,1787 1830,1777 1863,1787 1865,1787 1866,1787 1868,1789 2012,1789 2013,1756 2010,1734 490,1734 492,1760"/>
        <Baseline points="492,1760 2013,1756"/>
        <TextEquiv conf="0.9946973718702793">
          <Unicode>121 (18) * Dionysio, episcopo Alexandrino, affirmat, invitum se in sedem Romanam</Unicode>
        </TextEquiv>
      </TextLine>
      <TextLine id="eSc_line_3cc67779" custom="structure {type:default;}">
        <Coords points="531,1802 531,1823 1740,1823 1742,1797 1736,1775 529,1775 531,1802"/>
        <Baseline points="531,1802 1742,1797"/>
        <TextEquiv conf="0.9862569259560626">
          <Unicode>escendisse. V. Dionysii epist. ap. Eusebium Hist. eccl. L. VI. c. 45.</Unicode>
        </TextEquiv>
      </TextLine>
      <TextLine id="eSc_line_57769073" custom="structure {type:default;}">
        <Coords points="470,1871 470,1893 699,1896 700,1867 695,1830 567,1831 468,1819 470,1871"/>
        <Baseline points="470,1871 700,1867"/>
        <TextEquiv conf="0.9992948472499847">
          <Unicode>253 268.</Unicode>
        </TextEquiv>
      </TextLine>
      <TextLine id="eSc_line_9e35bce1" custom="structure {type:default;}">
        <Coords points="492,1922 492,1958 545,1946 769,1946 803,1956 808,1958 810,1958 812,1958 1201,1956 1203,1956 1208,1954 1227,1944 1301,1944 1316,1953 1318,1954 1319,1954 1321,1954 1323,1954 1350,1953 1458,1944 1536,1951 1571,1954 1572,1954 1574,1954 1581,1951 1601,1943 1622,1951 1632,1954 1634,1954 1636,1956 1742,1956 1742,1954 1743,1954 1745,1954 1750,1949 1764,1943 1819,1943 1836,1949 1846,1954 1848,1954 1849,1954 1880,1949 1911,1944 1921,1949 1931,1954 1933,1954 1935,1954 2010,1948 2010,1917 2005,1886 490,1888 492,1922"/>
        <Baseline points="492,1922 2010,1917"/>
        <TextEquiv conf="0.9953178567130391">
          <Unicode>Martyrio usum esse Noratianum impcratore Valeriano, narrat Socrates in Hist. eccl.</Unicode>
        </TextEquiv>
      </TextLine>
      <TextLine id="eSc_line_e6185d63" custom="structure {type:default;}">
        <Coords points="531,1966 531,1995 610,1985 774,1994 776,1966 776,1943 646,1943 646,1941 637,1934 637,1932 635,1932 634,1932 632,1932 531,1939 531,1966"/>
        <Baseline points="531,1966 776,1966"/>
        <TextEquiv conf="0.9980572828879724">
          <Unicode>L. IV. c. 28.</Unicode>
        </TextEquiv>
      </TextLine>
      <TextLine id="eSc_line_eaff0e7c" custom="structure {type:default;}">
        <Coords points="914,2166 914,2185 972,2185 981,2187 1018,2199 1020,2199 1022,2199 1024,2199 1025,2199 1025,2197 1036,2189 1036,2187 1143,2183 1188,2190 1232,2197 1234,2197 1236,2197 1258,2192 1289,2183 1365,2194 1376,2194 1377,2194 1383,2194 1446,2182 1480,2195 1482,2195 1483,2195 1485,2197 1571,2197 1572,2161 1569,2115 1359,2108 1357,2108 1309,2113 1278,2117 1271,2113 1261,2108 1259,2108 1258,2108 1232,2113 1215,2117 1193,2113 1131,2103 1130,2103 912,2112 914,2166"/>
        <Baseline points="914,2166 1572,2161"/>
        <TextEquiv conf="0.9965106492692773">
          <Unicode>S. L.0C108 I. 253—254?</Unicode>
        </TextEquiv>
      </TextLine>
      <TextLine id="eSc_line_46ad31c0" custom="structure {type:default;}">
        <Coords points="465,2242 581,2233 581,2209 577,2154 506,2153 461,2132 465,2214 465,2242"/>
        <Baseline points="465,2214 581,2209"/>
        <TextEquiv conf="0.9680540412664413">
          <Unicode>253.</Unicode>
        </TextEquiv>
      </TextLine>
      <TextLine id="eSc_line_63cea474" custom="structure {type:default;}">
        <Coords points="92,2265 94,2317 205,2310 203,2260 193,2168 147,2192 88,2201 92,2265"/>
        <Baseline points="92,2265 203,2260"/>
        <TextEquiv conf="0.8455555438995361">
          <Unicode>„„</Unicode>
        </TextEquiv>
      </TextLine>
      <TextLine id="eSc_line_69598dad" custom="structure {type:default;}">
        <Coords points="492,2265 492,2283 972,2291 974,2291 976,2291 1000,2283 1005,2283 1478,2289 1480,2289 1588,2279 1589,2262 1588,2236 1548,2224 1547,2224 1545,2224 1543,2224 1511,2235 1511,2236 1381,2236 1377,2235 1350,2223 1348,2223 1347,2223 1181,2233 1136,2235 1133,2233 1123,2224 1123,2223 1121,2223 1119,2223 1053,2223 1051,2223 1049,2223 1027,2231 1013,2236 996,2231 976,2224 974,2224 851,2224 849,2224 847,2224 846,2224 839,2230 830,2236 812,2230 798,2224 796,2224 692,2224 690,2224 688,2224 680,2228 666,2236 490,2228 492,2265"/>
        <Baseline points="492,2265 1589,2262"/>
        <TextEquiv conf="0.9970884363530046">
          <Unicode>Episcopus creatur. Catalogus Liberianus ap. Mommsen p. 636.</Unicode>
        </TextEquiv>
      </TextLine>
      <TextLine id="eSc_line_3ca16155" custom="structure {type:default;}">
        <Coords points="490,2308 490,2327 2010,2325 2010,2301 2005,2276 488,2276 490,2308"/>
        <Baseline points="490,2308 2010,2301"/>
        <TextEquiv conf="0.9951655363494699">
          <Unicode>Lucium, statim ut pontificatum susceperit, exsilio affectum esse, ex catalogo illo et ex</Unicode>
        </TextEquiv>
      </TextLine>
      <TextLine id="eSc_line_64389974" custom="structure {type:default;}">
        <Coords points="531,2349 531,2366 562,2377 564,2377 565,2377 677,2366 685,2366 687,2366 718,2377 719,2377 721,2377 723,2377 748,2366 750,2366 759,2366 894,2377 895,2377 897,2377 938,2366 959,2377 960,2377 962,2378 1047,2378 1047,2377 1049,2377 1051,2377 1068,2366 1583,2375 1584,2375 1671,2363 1673,2346 1668,2322 529,2324 531,2349"/>
        <Baseline points="531,2349 1673,2346"/>
        <TextEquiv conf="0.9990623281115577">
          <Unicode>Cypriani ep. 61. (58). Opp. p. 695 (96) (Migne 3 p. 973) patet.</Unicode>
        </TextEquiv>
      </TextLine>
      <TextLine id="eSc_line_ff2a1ec1" custom="structure {type:default;}">
        <Coords points="466,2419 466,2447 600,2436 641,2438 706,2443 707,2443 709,2443 736,2433 736,2414 733,2375 533,2366 531,2366 465,2380 466,2419"/>
        <Baseline points="466,2419 736,2414"/>
        <TextEquiv conf="0.9999945561091105">
          <Unicode>253? 254?</Unicode>
        </TextEquiv>
      </TextLine>
      <TextLine id="eSc_line_65320dfc" custom="structure {type:default;}">
        <Coords points="283,2471 283,2501 446,2520 447,2469 444,2375 405,2375 403,2375 401,2375 400,2375 400,2377 382,2392 353,2423 282,2423 283,2471"/>
        <Baseline points="283,2471 447,2469"/>
        <TextEquiv conf="0.999866247177124">
          <Unicode>„</Unicode>
        </TextEquiv>
      </TextLine>
      <TextLine id="eSc_line_94a06fb9" custom="structure {type:default;}">
        <Coords points="485,2471 485,2491 2007,2486 2008,2464 2005,2440 1678,2440 1658,2430 1656,2430 1654,2430 1516,2440 1359,2431 1357,2431 1271,2440 1258,2431 1256,2431 1254,2431 1253,2431 1077,2442 1030,2433 1029,2433 1027,2433 998,2442 986,2433 984,2433 983,2433 871,2433 870,2433 800,2443 774,2435 772,2435 523,2435 521,2435 519,2435 483,2445 485,2471"/>
        <Baseline points="485,2471 2008,2464"/>
        <TextEquiv conf="0.9980560761122477">
          <Unicode>exsilio redit. V. Cypriani ep. 6I. (58). Opp. p. 695 (96) (Migne 3 p. 973). In cata-</Unicode>
        </TextEquiv>
      </TextLine>
      <TextLine id="eSc_line_c04ec5a7" custom="structure {type:default;}">
        <Coords points="531,2513 531,2530 2005,2527 2007,2510 2001,2483 529,2488 531,2513"/>
        <Baseline points="531,2513 2007,2510"/>
        <TextEquiv conf="0.999997153694247">
          <Unicode>logo, quem supra memoravimus, haec leguntur: „Ad ecclesiam reversus est III. non.</Unicode>
        </TextEquiv>
      </TextLine>
      <TextLine id="eSc_line_56a313d6" custom="structure {type:default;}">
        <Coords points="535,2554 535,2577 2003,2578 2007,2549 2001,2529 533,2529 535,2554"/>
        <Baseline points="535,2554 2007,2549"/>
        <TextEquiv conf="0.9961718078269515">
          <Unicode>Mart.“; sed inter „est“ et „III.“ „obiit“ vel simile verbum excidisse, liquet ex Depo-</Unicode>
        </TextEquiv>
      </TextLine>
      <TextLine id="eSc_line_415451c8" custom="structure {type:default;}">
        <Coords points="533,2595 533,2616 1829,2616 1829,2595 1829,2571 533,2571 533,2595"/>
        <Baseline points="533,2595 1829,2595"/>
        <TextEquiv conf="0.9982166108877762">
          <Unicode>sitione episcoporum a Chronographo a. 354 tradito ap. Mommsen p. 631.</Unicode>
        </TextEquiv>
      </TextLine>
      <TextLine id="eSc_line_921f342f" custom="structure {type:default;}">
        <Coords points="494,2640 494,2659 2008,2652 2008,2633 2003,2604 492,2607 494,2640"/>
        <Baseline points="494,2640 2008,2633"/>
        <TextEquiv conf="0.9937946089991817">
          <Unicode>122 (19) *„Dandam esse lapsis pacem et, poenitentia acta, fructum communicationis</Unicode>
        </TextEquiv>
      </TextLine>
      <TextLine id="eSc_line_6375e078" custom="structure {type:default;}">
        <Coords points="531,2681 531,2712 952,2706 964,2713 969,2717 971,2717 972,2717 974,2718 1261,2718 1261,2717 1263,2717 1265,2717 1268,2713 1275,2708 1318,2713 1336,2715 1338,2715 1354,2713 1410,2705 1453,2713 1463,2715 1465,2717 1648,2717 1648,2715 1673,2713 1795,2705 1872,2713 1885,2715 1887,2715 1895,2713 1940,2705 2001,2713 2005,2677 2000,2657 529,2659 531,2681"/>
        <Baseline points="531,2681 2005,2677"/>
        <TextEquiv conf="0.9887219933902516">
          <Unicode>et pacis negandum non esse, litteris suis signat“. Cypriani ep. 6S. (67). Opp. p. 748</Unicode>
        </TextEquiv>
      </TextLine>
      <TextLine id="eSc_line_064e7d91" custom="structure {type:default;}">
        <Coords points="529,2723 529,2749 553,2759 555,2759 557,2759 559,2759 560,2759 572,2751 658,2751 700,2771 702,2771 704,2773 890,2773 890,2771 892,2771 894,2771 916,2754 976,2749 976,2723 976,2700 529,2700 529,2723"/>
        <Baseline points="529,2723 976,2723"/>
        <TextEquiv conf="0.9619604789692423">
          <Unicode>(117) (Migne 5 p. 997).</Unicode>
        </TextEquiv>
      </TextLine>
    </TextRegion>
    <TextRegion id="eSc_textblock_25c6e46a"  custom="structure {type:default;}">
      <Coords points="543,129 1714,136 1714,203 369,203 369,143 543,129"/>
      <TextLine id="eSc_line_eb82333e" custom="structure {type:default;}">
        <Coords points="1569,135 1567,135 1533,150 877,136 875,136 873,136 817,153 810,157 721,157 718,153 697,145 695,145 694,145 382,153 384,189 384,205 658,218 659,218 661,218 663,218 683,205 685,205 707,205 1092,217 1094,217 1095,217 1126,203 1128,203 1147,217 1148,217 1150,217 1152,218 1259,218 1259,217 1261,217 1302,203 1309,201 1376,201 1383,203 1413,213 1415,213 1417,213 1418,213 1441,203 1446,201 1456,203 1504,211 1506,211 1697,201 1699,184 1695,153 1571,135 1569,135"/>
        <Baseline points="384,189 1699,184"/>
        <TextEquiv conf="0.9869341013523248">
          <Unicode>S. CORNEI.IUS. — NOVATIANUS antipapa. — S. ITCIUS I.</Unicode>
        </TextEquiv>
      </TextLine>
    </TextRegion>
    <TextRegion id="eSc_textblock_4d78f260"  custom="structure {type:default;}">
      <Coords points="1960,143 2036,157 2022,217 1942,210 1960,143"/>
      <TextLine id="eSc_line_809a5826" custom="structure {type:default;}">
        <Coords points="2005,152 1988,148 1974,145 1969,145 1955,158 1959,191 1966,273 2020,273 2015,186 2008,152 2005,152"/>
        <Baseline points="1959,191 2015,186"/>
        <TextEquiv conf="0.9969074130058289">
          <Unicode>12</Unicode>
        </TextEquiv>
      </TextLine>
    </TextRegion>
    <TextRegion id="eSc_textblock_7029a8c2"  custom="structure {type:default;}">
      <Coords points="133,266 196,266 196,278 123,278 133,266"/>
    </TextRegion>
    <TextRegion id="eSc_textblock_b7a9bb5b"  custom="structure {type:default;}">
      <Coords points="215,266 258,266 258,278 232,285 215,266"/>
    </TextRegion>
  </Page>
</PcGts>
