<?xml version="1.0" encoding="UTF-8"  standalone="yes"?>
<PcGts xmlns="http://schema.primaresearch.org/PAGE/gts/pagecontent/2019-07-15" xmlns:xsi="http://www.w3.org/2001/XMLSchema-instance" xsi:schemaLocation="http://schema.primaresearch.org/PAGE/gts/pagecontent/2019-07-15 http://schema.primaresearch.org/PAGE/gts/pagecontent/2019-07-15/pagecontent.xsd">
  <Metadata externalRef="pdf//regestapontificu01cath.pdf">
	<Creator>escriptorium</Creator>
	<Created>2026-02-12T11:26:34.817593+00:00</Created>
        <LastChange>2026-02-13T10:27:20.780797+00:00</LastChange>
  </Metadata>
  <Page imageFilename="regestapontificu01cath.pdf_page_161.png" imageWidth="2260" imageHeight="3076">
    <TextRegion id="eSc_textblock_6b4891d6"  custom="structure {type:default;}">
      <Coords points="1097,239 2054,252 2048,2753 82,2759 61,1590 75,300 102,266 244,266 271,314 294,252 463,252 483,280 506,246 1097,239"/>
      <TextLine id="eSc_line_263e3a4a" custom="structure {type:default;}">
        <Coords points="540,244 538,244 514,244 502,249 485,273 487,299 487,312 594,311 594,295 591,261 541,244 540,244"/>
        <Baseline points="487,299 594,295"/>
        <TextEquiv conf="0.9999999701976776">
          <Unicode>548.</Unicode>
        </TextEquiv>
      </TextLine>
      <TextLine id="eSc_line_b80781e2" custom="structure {type:default;}">
        <Coords points="506,341 506,363 2024,369 2025,341 2025,307 1976,307 1933,290 1931,290 1930,290 1832,307 1706,307 1632,293 1630,293 1629,293 1627,293 1613,304 1465,305 1436,297 1434,297 1432,297 1376,305 1324,290 1323,290 1321,290 1235,305 1184,297 1182,297 1130,305 1078,290 1077,290 1075,290 892,302 837,290 835,290 764,299 752,290 750,290 748,290 608,290 606,290 605,290 603,290 577,307 506,307 506,341"/>
        <Baseline points="506,341 2025,341"/>
        <TextEquiv conf="0.9778203847615615">
          <Unicode>922 (602) Mennar. episcupo Constantinapolitano. mirait „abilaato aancta“- (v. epist. Vigilii</Unicode>
        </TextEquiv>
      </TextLine>
      <TextLine id="eSc_line_82a88cc1" custom="structure {type:default;}">
        <Coords points="87,346 87,374 241,365 278,374 280,374 282,374 478,372 480,341 476,307 347,299 345,299 264,309 241,300 239,300 237,300 235,300 205,311 205,312 85,312 87,346"/>
        <Baseline points="87,346 480,341"/>
        <TextEquiv conf="0.9985859479222979">
          <Unicode>Apr. 11. Constantino-</Unicode>
        </TextEquiv>
      </TextLine>
      <TextLine id="eSc_line_40577b62" custom="structure {type:default;}">
        <Coords points="336,386 336,425 422,416 422,386 422,355 336,355 336,386"/>
        <Baseline points="336,386 422,386"/>
        <TextEquiv conf="0.9998938143253326">
          <Unicode>poli</Unicode>
        </TextEquiv>
      </TextLine>
      <TextLine id="eSc_line_2cf5b022" custom="structure {type:default;}">
        <Coords points="550,387 550,405 912,413 914,413 916,413 918,413 928,405 929,405 1022,411 1024,411 1025,411 1027,411 1037,405 1041,403 1058,403 1165,411 1167,411 1169,411 1184,403 1186,403 1241,403 1653,410 1654,410 2025,399 2027,381 2024,357 1753,348 1752,348 1622,357 1610,357 1589,357 1340,350 1338,350 548,358 550,387"/>
        <Baseline points="550,387 2027,381"/>
        <TextEquiv conf="0.9845717584802991">
          <Unicode>ad Rustieum et Sclmstinnum infra cp. 527 ap. Mansi IX. 353) „iudicatum“, in quo haer</Unicode>
        </TextEquiv>
      </TextLine>
      <TextLine id="eSc_line_b4846110" custom="structure {type:default;}">
        <Coords points="550,425 550,454 2025,454 2027,428 2025,405 550,403 550,425"/>
        <Baseline points="550,425 2027,428"/>
        <TextEquiv conf="0.9986833082624229">
          <Unicode>declarat: „Et quoniam his verbis, quae nobis de nomine Theodori Mopsvestini scripta</Unicode>
        </TextEquiv>
      </TextLine>
      <TextLine id="eSc_line_8226cf74" custom="structure {type:default;}">
        <Coords points="552,469 552,490 2025,492 2027,469 2025,444 552,444 552,469"/>
        <Baseline points="552,469 2027,469"/>
        <TextEquiv conf="0.9981414935168098">
          <Unicode>porrecta sunt, multa contraria rectae fidei releguntur . . ., idcoque anathematizamus</Unicode>
        </TextEquiv>
      </TextLine>
      <TextLine id="eSc_line_014315d2" custom="structure {type:default;}">
        <Coords points="552,512 552,529 2022,526 2024,509 2018,483 550,483 552,512"/>
        <Baseline points="552,512 2024,509"/>
        <TextEquiv conf="0.9997985334281462">
          <Unicode>TTheodorum, qui fuit Mopsvestiae episcopus, cum omnibus suis impiis scriptis et qui</Unicode>
        </TextEquiv>
      </TextLine>
      <TextLine id="eSc_line_473387f4" custom="structure {type:default;}">
        <Coords points="553,555 553,575 2024,581 2027,555 2025,531 553,531 553,555"/>
        <Baseline points="553,555 2027,555"/>
        <TextEquiv conf="0.9995396509766579">
          <Unicode>vindicant eum; anathematizamus et impiam epistolam, quae ad Marim Persam scripta</Unicode>
        </TextEquiv>
      </TextLine>
      <TextLine id="eSc_line_3706cb3d" custom="structure {type:default;}">
        <Coords points="550,594 550,618 2025,620 2027,594 2027,569 550,569 550,594"/>
        <Baseline points="550,594 2027,594"/>
        <TextEquiv conf="0.9777674004435539">
          <Unicode>esse ab Iba dicitur, tanquam contrariam rectae christianorum fidei et omnes, qui</Unicode>
        </TextEquiv>
      </TextLine>
      <TextLine id="eSc_line_0c4c37c6" custom="structure {type:default;}">
        <Coords points="548,640 548,656 2025,651 2027,635 2024,613 1637,603 1636,603 1540,613 1530,613 1489,613 1128,604 1126,604 1030,613 1008,615 952,613 738,606 736,606 547,613 548,640"/>
        <Baseline points="548,640 2027,635"/>
        <TextEquiv conf="0.992952238495757">
          <Unicode>cam vindicant, vel rectam esse dicunt; anathematizamus et scripta Theodoreti, quae</Unicode>
        </TextEquiv>
      </TextLine>
      <TextLine id="eSc_line_4dad0af3" custom="structure {type:default;}">
        <Coords points="548,681 548,705 1006,698 1020,707 1022,707 1024,707 1124,709 1126,709 1141,707 1194,698 1230,707 1239,709 1241,709 1242,709 1273,707 1401,697 1468,707 1471,707 1473,707 1477,707 1530,697 1543,707 1545,707 1547,707 1548,709 1632,709 1632,707 1634,707 1661,697 1719,707 1721,707 1723,707 1724,707 1726,707 1742,697 1803,697 1829,707 1830,707 1832,709 1930,709 1930,707 1931,707 1933,707 1945,698 2024,707 2027,678 2024,657 1290,649 1288,649 1227,657 1222,659 547,659 548,681"/>
        <Baseline points="548,681 2027,678"/>
        <TextEquiv conf="0.9998211287535154">
          <Unicode>contra rectam fidem et duodecim capitula S. Cyrilli scripta sunt“. Praeter hoc</Unicode>
        </TextEquiv>
      </TextLine>
      <TextLine id="eSc_line_08fcb5c3" custom="structure {type:default;}">
        <Coords points="548,724 548,743 2024,738 2025,719 2020,693 547,693 548,724"/>
        <Baseline points="548,724 2025,719"/>
        <TextEquiv conf="0.9932559619589549">
          <Unicode>fragmentum, Iustiniani epistolae insertum ap. Mansi IX. 181, Migne 69 p. 34, quae-</Unicode>
        </TextEquiv>
      </TextLine>
      <TextLine id="eSc_line_09cb1544" custom="structure {type:default;}">
        <Coords points="552,765 552,782 2027,782 2027,765 2027,741 2008,733 2006,733 2005,733 2003,733 1981,741 1374,733 1372,733 1321,741 1242,733 1241,733 1196,741 1126,733 1124,733 1123,733 1121,733 1106,743 936,743 863,733 861,733 859,733 858,733 846,743 738,743 707,733 706,733 704,733 702,733 700,733 687,743 589,743 574,733 572,733 570,733 569,733 567,733 552,739 552,765"/>
        <Baseline points="552,765 2027,765"/>
        <TextEquiv conf="0.9975006799588259">
          <Unicode>dam „cautelae in iudicatum receptae“ reliquiae exstant in Vigilii „constituto“, dato d.</Unicode>
        </TextEquiv>
      </TextLine>
      <TextLine id="eSc_line_9c4ff28e" custom="structure {type:default;}">
        <Coords points="553,810 553,828 2025,823 2027,804 2022,777 1644,780 1639,779 1624,772 1622,772 1620,772 1618,772 1617,772 1606,779 1603,780 1572,779 1471,774 1470,774 1468,774 1447,780 1439,784 1275,784 1271,780 1261,774 1259,774 1258,774 1165,774 1164,774 1090,782 1087,782 1085,782 1044,774 1042,774 1041,774 1012,782 1006,784 984,784 858,775 856,775 854,775 830,784 820,775 818,775 817,775 676,775 675,775 612,784 565,775 564,775 562,775 560,775 552,780 553,810"/>
        <Baseline points="553,810 2027,804"/>
        <TextEquiv conf="0.9970974235595027">
          <Unicode>14. m. Maii 553, infra ep. 935 ap. Mansi IX. 104, 105. — „Cum apud nos“ „Sed si</Unicode>
        </TextEquiv>
      </TextLine>
      <TextLine id="eSc_line_e50e5422" custom="structure {type:default;}">
        <Coords points="547,851 547,873 1666,873 1666,851 1666,823 547,823 547,851"/>
        <Baseline points="547,851 1666,851"/>
        <TextEquiv conf="0.9942604740460713">
          <Unicode>evidenter“ „Salvis omnibus“ „Anathematis“ „Anathematizamus“.</Unicode>
        </TextEquiv>
      </TextLine>
      <TextLine id="eSc_line_adeb8cb7" custom="structure {type:default;}">
        <Coords points="487,921 487,941 718,939 719,917 716,878 654,866 653,866 651,866 649,866 641,874 634,880 594,880 485,868 487,921"/>
        <Baseline points="487,921 719,917"/>
        <TextEquiv conf="0.9689744591712952">
          <Unicode>548 — 549.</Unicode>
        </TextEquiv>
      </TextLine>
      <TextLine id="eSc_line_8cc2f345" custom="structure {type:default;}">
        <Coords points="273,975 273,997 290,1006 292,1006 294,1006 410,996 446,1004 447,1004 449,1004 451,1004 475,992 475,972 468,907 439,921 398,912 391,912 389,912 271,922 273,975"/>
        <Baseline points="273,975 475,972"/>
        <TextEquiv conf="0.9023674347183921">
          <Unicode>Tdearaloni-</Unicode>
        </TextEquiv>
      </TextLine>
      <TextLine id="eSc_line_c80f3a39" custom="structure {type:default;}">
        <Coords points="509,975 509,996 1909,996 1909,975 1909,950 1800,950 1800,948 1788,939 1786,939 1784,939 1649,939 1647,939 1646,939 1622,948 1622,950 1285,950 1280,948 1229,939 1227,939 509,946 509,975"/>
        <Baseline points="509,975 1909,975"/>
        <TextEquiv conf="0.9934880988938468">
          <Unicode>V. epist. Vigilii ad Rusticum et Sebastianum infra ep. 927 ap. Mansi IX. 355.</Unicode>
        </TextEquiv>
      </TextLine>
      <TextLine id="eSc_line_8f61d7a5" custom="structure {type:default;}">
        <Coords points="335,1015 333,1042 417,1042 418,1018 418,984 335,982 335,1015"/>
        <Baseline points="335,1015 418,1018"/>
        <TextEquiv conf="0.9999962647755941">
          <Unicode>cae</Unicode>
        </TextEquiv>
      </TextLine>
      <TextLine id="eSc_line_68d70de5" custom="structure {type:default;}">
        <Coords points="485,1078 485,1110 601,1103 601,1078 601,1045 531,1030 529,1030 485,1039 485,1078"/>
        <Baseline points="485,1078 601,1078"/>
        <TextEquiv conf="0.9999972581863403">
          <Unicode>549.</Unicode>
        </TextEquiv>
      </TextLine>
      <TextLine id="eSc_line_807c2d9f" custom="structure {type:default;}">
        <Coords points="506,1136 506,1155 2025,1158 2027,1136 2027,1105 506,1098 506,1136"/>
        <Baseline points="506,1136 2027,1136"/>
        <TextEquiv conf="0.9945770818066885">
          <Unicode>923 (603) * Sebastianum diaconum, „ad Dalmatias, patrimonii regendi causa“, missum,</Unicode>
        </TextEquiv>
      </TextLine>
      <TextLine id="eSc_line_3ce757e0" custom="structure {type:default;}">
        <Coords points="552,1180 552,1197 2027,1191 2029,1175 2025,1153 1733,1143 1731,1143 1730,1143 1728,1143 1712,1153 1627,1153 1577,1143 1576,1143 1483,1153 989,1146 988,1146 926,1155 853,1146 851,1146 849,1146 825,1155 793,1146 791,1146 789,1146 738,1155 728,1146 726,1146 724,1146 581,1146 579,1146 577,1146 550,1156 552,1180"/>
        <Baseline points="552,1180 2029,1175"/>
        <TextEquiv conf="0.9963636878060131">
          <Unicode>„frequenti auctoritate monet, ut non ante discedat, nisi omnes secundum pollicita-</Unicode>
        </TextEquiv>
      </TextLine>
      <TextLine id="eSc_line_877a4c3d" custom="structure {type:default;}">
        <Coords points="548,1220 548,1237 894,1247 895,1247 1046,1238 1065,1247 1066,1247 1068,1247 1241,1238 1273,1247 1275,1247 1277,1247 1359,1238 1977,1247 1979,1247 2027,1237 2027,1220 2027,1197 548,1197 548,1220"/>
        <Baseline points="548,1220 2027,1220"/>
        <TextEquiv conf="0.9999613426625729">
          <Unicode>tionem tam de Dalmatiarum patrimonio quam de Praevalitano collegerit pensiones“.</Unicode>
        </TextEquiv>
      </TextLine>
      <TextLine id="eSc_line_ed0694b9" custom="structure {type:default;}">
        <Coords points="548,1261 548,1281 1899,1281 1900,1259 1897,1237 547,1235 548,1261"/>
        <Baseline points="548,1261 1900,1259"/>
        <TextEquiv conf="0.9987729175670726">
          <Unicode>Epist. Vigilii ad Rusticum et Sebastianum infra ep. 927 ap. Mansi IX. 355.</Unicode>
        </TextEquiv>
      </TextLine>
      <TextLine id="eSc_line_8b1ab324" custom="structure {type:default;}">
        <Coords points="90,1326 242,1326 242,1303 241,1220 145,1235 92,1218 90,1303 90,1326"/>
        <Baseline points="90,1303 242,1303"/>
        <TextEquiv conf="0.9300292059779167">
          <Unicode>rat. 1r.</Unicode>
        </TextEquiv>
      </TextLine>
      <TextLine id="eSc_line_2fb8e174" custom="structure {type:default;}">
        <Coords points="511,1305 511,1324 2029,1324 2029,1305 2029,1281 511,1281 511,1305"/>
        <Baseline points="511,1305 2029,1305"/>
        <TextEquiv conf="0.9998066271289011">
          <Unicode>Aureliani, episcopi Arelatensis, litteras accipit. V. Vigilii responsum infra ep. 925 ap.</Unicode>
        </TextEquiv>
      </TextLine>
      <TextLine id="eSc_line_fdf0ce38" custom="structure {type:default;}">
        <Coords points="552,1346 552,1372 832,1361 832,1346 832,1324 694,1314 692,1314 606,1322 562,1314 560,1314 559,1314 557,1314 557,1315 552,1320 552,1346"/>
        <Baseline points="552,1346 832,1346"/>
        <TextEquiv conf="0.9812807227884021">
          <Unicode>Mansi IX. 361.</Unicode>
        </TextEquiv>
      </TextLine>
      <TextLine id="eSc_line_56d1feb7" custom="structure {type:default;}">
        <Coords points="80,1384 78,1408 229,1416 230,1416 264,1408 270,1408 282,1418 283,1418 285,1418 287,1418 482,1408 483,1387 482,1351 312,1343 311,1343 309,1343 292,1351 285,1355 270,1351 230,1343 229,1343 227,1343 210,1351 206,1353 80,1353 80,1384"/>
        <Baseline points="80,1384 483,1387"/>
        <TextEquiv conf="0.9989547366681306">
          <Unicode>Dec. 25. IIn Placidiana</Unicode>
        </TextEquiv>
      </TextLine>
      <TextLine id="eSc_line_6ecf436a" custom="structure {type:default;}">
        <Coords points="502,1385 500,1406 512,1414 514,1414 516,1414 517,1416 688,1416 688,1414 690,1414 692,1414 706,1406 741,1414 743,1414 745,1414 837,1406 909,1414 911,1414 1054,1406 1073,1406 1372,1406 1376,1409 1391,1416 1393,1416 1394,1416 1502,1409 1543,1408 1550,1409 1567,1416 1569,1416 1571,1416 1665,1411 1726,1408 1759,1411 1796,1416 1798,1416 1846,1413 1902,1408 2027,1413 2030,1389 2029,1358 502,1358 502,1385"/>
        <Baseline points="502,1385 2030,1389"/>
        <TextEquiv conf="0.9946522462097082">
          <Unicode>„nativitatis Christi . . . praeterito anno die“. V. epistolam Vigilii ad Rusticum et Se-</Unicode>
        </TextEquiv>
      </TextLine>
      <TextLine id="eSc_line_30f07c00" custom="structure {type:default;}">
        <Coords points="317,1425 316,1467 430,1464 432,1428 430,1402 317,1399 317,1425"/>
        <Baseline points="317,1425 432,1428"/>
        <TextEquiv conf="0.9999925494194031">
          <Unicode>domo</Unicode>
        </TextEquiv>
      </TextLine>
      <TextLine id="eSc_line_f781c4fa" custom="structure {type:default;}">
        <Coords points="550,1432 550,1447 605,1462 606,1462 608,1464 697,1464 697,1462 699,1462 733,1449 781,1462 782,1462 784,1464 784,1462 786,1462 834,1449 863,1461 865,1461 866,1461 868,1461 897,1449 993,1449 1013,1462 1015,1462 1017,1462 1018,1462 1020,1462 1042,1454 1179,1462 1181,1462 1242,1449 1321,1459 1323,1459 1324,1459 1326,1459 1340,1449 1367,1457 1369,1457 1371,1457 1372,1457 1393,1449 1412,1457 1413,1457 1415,1457 1417,1457 1418,1457 1432,1449 1432,1432 1432,1408 550,1408 550,1432"/>
        <Baseline points="550,1432 1432,1432"/>
        <TextEquiv conf="0.9988961498788063">
          <Unicode>bastianum infra ep. 927 ap. Mansi IX. 355, 356.</Unicode>
        </TextEquiv>
      </TextLine>
      <TextLine id="eSc_line_19b55788" custom="structure {type:default;}">
        <Coords points="488,1510 488,1539 623,1527 661,1538 678,1543 680,1543 682,1543 683,1543 697,1538 724,1526 762,1536 774,1539 776,1539 871,1541 873,1541 875,1541 876,1541 887,1534 899,1524 948,1524 1071,1524 1082,1529 1088,1534 1090,1534 1092,1534 1094,1534 1123,1529 1141,1524 1147,1527 1159,1538 1160,1538 1162,1538 1164,1539 1196,1539 1196,1538 1198,1538 1222,1526 1232,1522 1244,1526 1283,1538 1285,1538 1287,1539 1371,1539 1371,1538 1413,1536 1415,1536 1417,1536 1417,1534 1432,1522 1432,1520 1436,1522 1475,1536 1477,1536 1478,1538 1571,1538 1571,1536 1572,1536 1574,1536 1593,1520 1593,1502 1589,1478 1470,1467 1468,1467 1466,1467 1449,1476 1446,1478 1369,1476 1224,1473 1222,1473 1169,1476 1080,1481 1070,1476 1066,1473 1065,1473 1063,1473 1061,1473 1046,1476 1017,1481 996,1474 979,1469 977,1469 976,1469 974,1469 972,1469 972,1471 967,1474 960,1483 887,1483 866,1474 861,1473 859,1473 858,1473 829,1474 767,1479 753,1474 745,1471 743,1471 741,1471 740,1471 738,1471 738,1473 735,1474 724,1483 663,1474 647,1473 646,1473 635,1474 588,1485 576,1474 576,1473 574,1473 572,1473 570,1473 487,1473 488,1510"/>
        <Baseline points="488,1510 1593,1502"/>
        <TextEquiv conf="0.99365945722236">
          <Unicode>550. (Inp. Iustiniano a. 25 — 24, 9 post consulafum Basitii.)</Unicode>
        </TextEquiv>
      </TextLine>
      <TextLine id="eSc_line_3c1262c0" custom="structure {type:default;}">
        <Coords points="82,1565 82,1592 246,1590 246,1565 246,1536 150,1534 147,1531 128,1522 126,1522 124,1522 82,1527 82,1565"/>
        <Baseline points="82,1565 246,1565"/>
        <TextEquiv conf="0.987966001033783">
          <Unicode>Mart. 18.</Unicode>
        </TextEquiv>
      </TextLine>
      <TextLine id="eSc_line_9392e019" custom="structure {type:default;}">
        <Coords points="506,1567 506,1590 2030,1590 2030,1561 2027,1536 504,1534 506,1567"/>
        <Baseline points="506,1567 2030,1561"/>
        <TextEquiv conf="0.9977648655573527">
          <Unicode>924 (604) Valentinianum, episcopum Tomitanum, monet, ne falsis de ipso sermonibus</Unicode>
        </TextEquiv>
      </TextLine>
      <TextLine id="eSc_line_82565f20" custom="structure {type:default;}">
        <Coords points="552,1609 552,1625 2029,1628 2032,1606 2027,1579 550,1584 552,1609"/>
        <Baseline points="552,1609 2032,1606"/>
        <TextEquiv conf="0.9931464791297913">
          <Unicode>credat. „Dei inimicos fuisse mentitos“, ait „quod personae episcoporum Ibae atque</Unicode>
        </TextEquiv>
      </TextLine>
      <TextLine id="eSc_line_8f493f83" custom="structure {type:default;}">
        <Coords points="552,1652 552,1667 651,1678 653,1678 888,1667 899,1667 904,1667 1005,1678 1006,1678 1008,1678 1041,1666 1046,1666 1056,1666 1133,1676 1135,1676 1188,1666 1193,1666 1194,1666 1220,1676 1222,1676 1224,1676 1270,1666 1271,1666 1273,1666 1304,1676 1306,1676 1307,1678 1371,1678 1371,1676 1372,1676 1374,1676 1388,1666 1436,1676 1437,1676 1439,1676 1466,1666 1536,1676 1538,1676 1540,1676 1541,1676 1555,1664 1557,1664 1784,1664 1786,1664 1815,1674 1817,1674 1818,1674 2030,1662 2032,1647 2029,1626 550,1623 552,1652"/>
        <Baseline points="552,1652 2032,1647"/>
        <TextEquiv conf="0.9973104007636444">
          <Unicode>Theodoriti in suo fuissent iudicato (cf. supra ep. 922) damnatae“. Hortatur, ne</Unicode>
        </TextEquiv>
      </TextLine>
      <TextLine id="eSc_line_cc2f600b" custom="structure {type:default;}">
        <Coords points="550,1695 550,1717 2025,1708 2027,1691 2022,1667 548,1667 550,1695"/>
        <Baseline points="550,1695 2027,1691"/>
        <TextEquiv conf="0.9950883263423119">
          <Unicode>litteras Rustici et Sebastiani „olim“ excommunicatorum accipiat, „in quibus nos“,</Unicode>
        </TextEquiv>
      </TextLine>
      <TextLine id="eSc_line_4a972d0a" custom="structure {type:default;}">
        <Coords points="552,1734 552,1753 2034,1753 2034,1734 2034,1708 552,1707 552,1734"/>
        <Baseline points="552,1734 2034,1734"/>
        <TextEquiv conf="0.9964797202278586">
          <Unicode>inquit „si non resipuerint celeriter fraternitas tua noscat canonicam sententiam pro-</Unicode>
        </TextEquiv>
      </TextLine>
      <TextLine id="eSc_line_5399c2b7" custom="structure {type:default;}">
        <Coords points="548,1777 548,1794 724,1794 738,1804 740,1804 741,1804 743,1804 841,1794 993,1804 994,1806 1112,1806 1112,1804 1114,1804 1116,1804 1130,1794 1206,1804 1208,1804 1210,1804 1244,1794 1376,1794 1391,1804 1393,1804 1394,1804 1396,1806 1598,1806 1598,1804 1600,1804 1622,1796 1699,1804 1700,1804 1702,1804 1704,1804 1718,1794 1885,1804 1887,1804 1889,1804 1931,1792 1931,1777 1931,1755 548,1751 548,1777"/>
        <Baseline points="548,1777 1931,1777"/>
        <TextEquiv conf="0.9870281839370727">
          <Unicode>laturos“. Mansi IX. 359, Migne 69 p. 51. — „Fraternitatis tuae relegentes“.</Unicode>
        </TextEquiv>
      </TextLine>
      <TextLine id="eSc_line_3ac55a8b" custom="structure {type:default;}">
        <Coords points="509,1818 509,1842 2030,1840 2032,1818 2030,1794 509,1794 509,1818"/>
        <Baseline points="509,1818 2032,1818"/>
        <TextEquiv conf="0.993534223101605">
          <Unicode>925 (605) Aureliano, episcopo Arelatensi, affirmat, se contra Nicaeni, Constantinopoli-</Unicode>
        </TextEquiv>
      </TextLine>
      <TextLine id="eSc_line_46744594" custom="structure {type:default;}">
        <Coords points="88,1819 88,1850 247,1847 247,1819 247,1773 200,1766 198,1766 196,1766 194,1766 181,1778 170,1787 88,1787 88,1819"/>
        <Baseline points="88,1819 247,1819"/>
        <TextEquiv conf="0.9485940411686897">
          <Unicode>Apr. 26.</Unicode>
        </TextEquiv>
      </TextLine>
      <TextLine id="eSc_line_9d78f3ac" custom="structure {type:default;}">
        <Coords points="552,1862 552,1881 2027,1874 2029,1855 2025,1831 550,1831 552,1862"/>
        <Baseline points="552,1862 2029,1855"/>
        <TextEquiv conf="0.9988329525453499">
          <Unicode>tani, Ephesii primi, Chalcedonii conciliorum stafuta nihil admisisse. „Cum nos“ in-</Unicode>
        </TextEquiv>
      </TextLine>
      <TextLine id="eSc_line_01a2d3fa" custom="structure {type:default;}">
        <Coords points="548,1901 548,1927 724,1919 906,1929 957,1931 959,1931 960,1931 967,1929 998,1919 1037,1929 1046,1931 1047,1931 1393,1932 1394,1932 1396,1932 1410,1929 1444,1920 1630,1922 1641,1929 1644,1932 1646,1932 1647,1932 1649,1932 1836,1931 1837,1931 1839,1931 1839,1929 1854,1920 2024,1929 2027,1905 2025,1883 548,1879 548,1901"/>
        <Baseline points="548,1901 2027,1905"/>
        <TextEquiv conf="0.990732162138995">
          <Unicode>quit „. clementissimus imperator, sicut promisit, . . . reverti praeceperit, hominem,</Unicode>
        </TextEquiv>
      </TextLine>
      <TextLine id="eSc_line_28786bc8" custom="structure {type:default;}">
        <Coords points="552,1946 552,1968 2027,1968 2029,1943 2024,1920 550,1922 552,1946"/>
        <Baseline points="552,1946 2029,1943"/>
        <TextEquiv conf="0.9927224296110647">
          <Unicode>qui vobis ad singula subtiliter innotescat, . . . destinamus. Quod ideo adhuc non</Unicode>
        </TextEquiv>
      </TextLine>
      <TextLine id="eSc_line_1e0360d6" custom="structure {type:default;}">
        <Coords points="552,1987 552,2006 2029,2004 2030,1984 2025,1956 550,1956 552,1987"/>
        <Baseline points="552,1987 2030,1984"/>
        <TextEquiv conf="0.9999015351359763">
          <Unicode>fecimus, quia et hiemis asperitas et Italiae . . . necessitas praepedivit“. Mandat, roget</Unicode>
        </TextEquiv>
      </TextLine>
      <TextLine id="eSc_line_464d22c9" custom="structure {type:default;}">
        <Coords points="550,2028 550,2050 1041,2059 1042,2059 1118,2050 1119,2050 1191,2059 1193,2059 1194,2059 1225,2050 1280,2059 1282,2059 1283,2059 1285,2059 1295,2048 1297,2048 1300,2048 1336,2057 1338,2057 1377,2048 1381,2048 1386,2048 1418,2057 1420,2057 1422,2057 1466,2048 1471,2048 1519,2048 1995,2057 1996,2057 1998,2057 2030,2047 2030,2025 2025,2004 548,2006 550,2028"/>
        <Baseline points="550,2028 2030,2025"/>
        <TextEquiv conf="0.996131143237971">
          <Unicode>Childebertum regem, „ut, quia Gothi cum rege suo in civitate Romana perhibentur</Unicode>
        </TextEquiv>
      </TextLine>
      <TextLine id="eSc_line_70d23829" custom="structure {type:default;}">
        <Coords points="552,2074 552,2096 2027,2096 2029,2067 2024,2045 550,2048 552,2074"/>
        <Baseline points="552,2074 2029,2067"/>
        <TextEquiv conf="0.9917889887027527">
          <Unicode>ingressi, hoc eis dignetur scribere, ne se in ecclesiae praeiudicio, quippe velut alienae</Unicode>
        </TextEquiv>
      </TextLine>
      <TextLine id="eSc_line_614dd646" custom="structure {type:default;}">
        <Coords points="550,2115 550,2132 2025,2132 2027,2112 2024,2089 1328,2081 1326,2081 1287,2089 1283,2091 548,2091 550,2115"/>
        <Baseline points="550,2115 2027,2112"/>
        <TextEquiv conf="0.9980391761758826">
          <Unicode>legis, immisceat et aliquid faciat, . . . unde catholica possit ecclesia perturbari“. Conc.</Unicode>
        </TextEquiv>
      </TextLine>
      <TextLine id="eSc_line_de2bca09" custom="structure {type:default;}">
        <Coords points="548,2154 548,2175 788,2185 789,2185 791,2185 793,2185 805,2177 847,2185 849,2185 988,2177 1071,2185 1073,2185 1075,2185 1077,2185 1090,2177 1124,2185 1126,2185 1128,2185 1206,2177 1285,2185 1287,2185 1383,2177 1803,2185 1805,2185 1853,2177 1875,2185 1877,2185 1878,2185 1988,2175 1988,2154 1988,2134 548,2130 548,2154"/>
        <Baseline points="548,2154 1988,2154"/>
        <TextEquiv conf="0.9946807321207023">
          <Unicode>Gall. I. 1059, Mansi IX. 361, Migne 69 p. 41. — „Fraternitatis vestrae litteras“.</Unicode>
        </TextEquiv>
      </TextLine>
      <TextLine id="eSc_line_e885c124" custom="structure {type:default;}">
        <Coords points="271,2199 271,2216 287,2224 288,2224 290,2224 478,2214 478,2199 478,2163 297,2153 295,2153 294,2153 271,2163 271,2199"/>
        <Baseline points="271,2199 478,2199"/>
        <TextEquiv conf="0.9999703927473589">
          <Unicode>(Constanti-</Unicode>
        </TextEquiv>
      </TextLine>
      <TextLine id="eSc_line_83d4a261" custom="structure {type:default;}">
        <Coords points="506,2199 506,2218 2029,2216 2029,2194 2024,2168 504,2173 506,2199"/>
        <Baseline points="506,2199 2029,2194"/>
        <TextEquiv conf="0.9975654141205114">
          <Unicode>recipit ab Iustiniano imperatore „iudicatum“ suum die 11. m. Aprilis a. 548 Mennae</Unicode>
        </TextEquiv>
      </TextLine>
      <TextLine id="eSc_line_a57ceb64" custom="structure {type:default;}">
        <Coords points="306,2242 306,2272 447,2271 447,2242 447,2214 306,2213 306,2242"/>
        <Baseline points="306,2242 447,2242"/>
        <TextEquiv conf="1.0">
          <Unicode>nopoli)</Unicode>
        </TextEquiv>
      </TextLine>
      <TextLine id="eSc_line_163eeee6" custom="structure {type:default;}">
        <Coords points="552,2242 552,2257 2025,2260 2029,2236 2025,2207 1044,2207 1042,2207 979,2216 974,2216 948,2216 564,2209 562,2209 560,2209 559,2209 550,2214 552,2242"/>
        <Baseline points="552,2242 2029,2236"/>
        <TextEquiv conf="0.9897479078708551">
          <Unicode>datum. V. „constitum“ Vigilii datum d. 14. m. Maii 553 infra ep. 935 ap. Mansi</Unicode>
        </TextEquiv>
      </TextLine>
      <TextLine id="eSc_line_8882e492" custom="structure {type:default;}">
        <Coords points="552,2284 552,2301 1063,2310 1065,2310 1066,2310 1095,2301 1124,2310 1126,2310 1128,2310 1130,2310 1153,2301 1235,2310 1237,2310 1288,2301 1331,2308 1333,2308 1335,2308 1336,2308 1347,2300 1350,2300 1383,2308 1384,2308 1386,2308 1931,2298 1933,2281 1930,2259 1247,2250 1246,2250 1244,2250 1242,2250 1232,2259 564,2252 562,2252 560,2252 559,2252 550,2257 552,2284"/>
        <Baseline points="552,2284 1933,2281"/>
        <TextEquiv conf="0.9998650656987543">
          <Unicode>IX. 104 et eiusdem epistolam ad Theodorum infra ep. 930 ap. Mansi IX. 58.</Unicode>
        </TextEquiv>
      </TextLine>
      <TextLine id="eSc_line_ea3c8cb3" custom="structure {type:default;}">
        <Coords points="511,2327 511,2349 2029,2349 2030,2322 2025,2296 509,2300 511,2327"/>
        <Baseline points="511,2327 2030,2322"/>
        <TextEquiv conf="0.9827618840035428">
          <Unicode>lustiniano imperatori proponit: „Veniant huc (Constantinopolim) fratres nostri ex omnibus</Unicode>
        </TextEquiv>
      </TextLine>
      <TextLine id="eSc_line_4bd60e7d" custom="structure {type:default;}">
        <Coords points="338,2330 338,2348 374,2358 376,2358 377,2358 379,2358 423,2341 423,2330 423,2307 359,2293 357,2293 355,2293 353,2293 338,2303 338,2330"/>
        <Baseline points="338,2330 423,2330"/>
        <TextEquiv conf="0.9999999205271403">
          <Unicode>(„)</Unicode>
        </TextEquiv>
      </TextLine>
      <TextLine id="eSc_line_3227eb8f" custom="structure {type:default;}">
        <Coords points="553,2370 553,2389 2025,2387 2027,2366 2024,2342 1302,2334 1300,2334 1299,2334 1268,2342 594,2336 593,2336 552,2344 553,2370"/>
        <Baseline points="553,2370 2027,2366"/>
        <TextEquiv conf="0.9940813018614987">
          <Unicode>provinciis quini aut seni episcopi et quidquid sub tranquillitate, tractatu habito,</Unicode>
        </TextEquiv>
      </TextLine>
      <TextLine id="eSc_line_defa7be3" custom="structure {type:default;}">
        <Coords points="552,2411 552,2435 2025,2435 2027,2404 2022,2380 550,2385 552,2411"/>
        <Baseline points="552,2411 2027,2404"/>
        <TextEquiv conf="0.9945208845259268">
          <Unicode>omnibus visum fuerit, cum pace disponemus; quia sine consensu omnium ista, quae</Unicode>
        </TextEquiv>
      </TextLine>
      <TextLine id="eSc_line_32c8d4de" custom="structure {type:default;}">
        <Coords points="552,2453 552,2474 2025,2474 2027,2448 2022,2424 550,2428 552,2453"/>
        <Baseline points="552,2453 2027,2448"/>
        <TextEquiv conf="0.9999948862271432">
          <Unicode>et synodum Chalcedonensem in dubium venire faciunt et scandalum fratribus meis</Unicode>
        </TextEquiv>
      </TextLine>
      <TextLine id="eSc_line_8539053b" custom="structure {type:default;}">
        <Coords points="552,2494 552,2518 1895,2518 1895,2517 2027,2506 2029,2489 2025,2462 550,2462 552,2494"/>
        <Baseline points="552,2494 2029,2489"/>
        <TextEquiv conf="0.9928512515791927">
          <Unicode>generant, solus facere nullatenus acquiescam“. Epist. clericorum Italorum ap. Mansi</Unicode>
        </TextEquiv>
      </TextLine>
      <TextLine id="eSc_line_d65c2b64" custom="structure {type:default;}">
        <Coords points="552,2535 552,2553 639,2553 653,2561 654,2561 656,2561 658,2561 724,2553 738,2561 740,2561 741,2561 743,2563 825,2563 825,2561 827,2561 829,2561 842,2553 1037,2561 1039,2561 1041,2561 1042,2561 1056,2553 1056,2535 1056,2513 552,2513 552,2535"/>
        <Baseline points="552,2535 1056,2535"/>
        <TextEquiv conf="0.9997441458702088">
          <Unicode>IX. 153, Migne 69 p. 115.</Unicode>
        </TextEquiv>
      </TextLine>
      <TextLine id="eSc_line_3074db44" custom="structure {type:default;}">
        <Coords points="507,2577 507,2597 2029,2594 2030,2573 2025,2547 506,2549 507,2577"/>
        <Baseline points="507,2577 2030,2573"/>
        <TextEquiv conf="0.9927075454987675">
          <Unicode>Conventus cum Iustiniano imperatore, Menna, Dacio et compluribus episcopis, in „quo</Unicode>
        </TextEquiv>
      </TextLine>
      <TextLine id="eSc_line_4c9566de" custom="structure {type:default;}">
        <Coords points="345,2582 345,2597 381,2606 382,2606 384,2606 386,2606 405,2590 411,2587 442,2587 442,2580 439,2547 343,2537 345,2582"/>
        <Baseline points="345,2582 442,2580"/>
        <TextEquiv conf="0.9983533223470052">
          <Unicode>(„)</Unicode>
        </TextEquiv>
      </TextLine>
      <TextLine id="eSc_line_68ad1828" custom="structure {type:default;}">
        <Coords points="553,2619 553,2636 2027,2635 2029,2616 2024,2587 552,2588 553,2619"/>
        <Baseline points="553,2619 2029,2616"/>
        <TextEquiv conf="0.9990338178781363">
          <Unicode>ad hoc est causa perducta, quatenus remotis omnibus, quae de trium capitulorum</Unicode>
        </TextEquiv>
      </TextLine>
      <TextLine id="eSc_line_5cfdf6e3" custom="structure {type:default;}">
        <Coords points="553,2662 553,2691 770,2682 2025,2688 2029,2659 2024,2636 552,2638 553,2662"/>
        <Baseline points="553,2662 2029,2659"/>
        <TextEquiv conf="0.9999422445016749">
          <Unicode>a quibuslibet dicto scriptove fuerant ordinata, quid de ipsa re facto opus esset, cum</Unicode>
        </TextEquiv>
      </TextLine>
      <TextLine id="eSc_line_846c821e" custom="structure {type:default;}">
        <Coords points="557,2705 557,2735 570,2746 572,2746 574,2746 576,2747 618,2747 618,2746 620,2746 622,2746 639,2734 861,2746 863,2746 865,2746 888,2737 1013,2744 1015,2744 1017,2744 1018,2744 1034,2734 1037,2732 1059,2734 1136,2744 1138,2744 1140,2744 1141,2744 1155,2735 1162,2732 1217,2732 1235,2735 1278,2744 1280,2744 1282,2744 1297,2735 1306,2730 1316,2735 1328,2742 1330,2742 1331,2744 1468,2744 1468,2742 1470,2742 1471,2742 1478,2737 1487,2732 1559,2737 1589,2739 1591,2739 1605,2737 1666,2729 2025,2739 2027,2698 2022,2674 555,2679 557,2705"/>
        <Baseline points="557,2705 2027,2698"/>
        <TextEquiv conf="0.9847208748503429">
          <Unicode>Africanarum, IIIpriciarum seu aliarum partium congregata synodo tractaretur, eorum</Unicode>
        </TextEquiv>
      </TextLine>
      <TextLine id="eSc_line_27a31a3e" custom="structure {type:default;}">
        <Coords points="145,2744 145,2795 203,2783 223,2792 229,2795 230,2795 232,2795 263,2790 312,2783 340,2788 374,2794 376,2794 377,2794 393,2785 400,2782 420,2785 485,2794 487,2794 488,2794 490,2794 490,2792 504,2780 543,2778 543,2741 536,2689 494,2706 417,2691 401,2689 400,2689 319,2693 317,2693 316,2693 290,2710 244,2710 218,2696 208,2691 206,2691 205,2691 143,2696 145,2744"/>
        <Baseline points="145,2744 543,2741"/>
        <TextEquiv conf="0.8195245195837582">
          <Unicode>Ses Sct Lraa —t „</Unicode>
        </TextEquiv>
      </TextLine>
      <TextLine id="eSc_line_4e146067" custom="structure {type:default;}">
        <Coords points="1764,2749 1769,2795 1824,2795 1818,2742 1813,2712 1759,2717 1764,2749"/>
        <Baseline points="1764,2749 1818,2742"/>
        <TextEquiv conf="0.9995311200618744">
          <Unicode>16</Unicode>
        </TextEquiv>
      </TextLine>
    </TextRegion>
    <TextRegion id="eSc_textblock_576016e3"  custom="structure {type:default;}">
      <Coords points="1109,123 1179,143 1165,210 909,196 923,129 1109,123"/>
      <TextLine id="eSc_line_52775acd" custom="structure {type:default;}">
        <Coords points="929,182 929,205 964,217 965,217 967,217 1141,215 1143,215 1165,205 1165,182 1165,138 929,135 929,182"/>
        <Baseline points="929,182 1165,182"/>
        <TextEquiv conf="0.9004199629028639">
          <Unicode>VI11II.11&#x27;S.</Unicode>
        </TextEquiv>
      </TextLine>
    </TextRegion>
    <TextRegion id="eSc_textblock_3751f9a9"  custom="structure {type:default;}">
      <Coords points="1943,129 2054,143 2054,189 2013,217 1933,217 1919,143 1943,129"/>
      <TextLine id="eSc_line_cf540681" custom="structure {type:default;}">
        <Coords points="2018,138 2001,136 1984,135 1967,131 1964,129 1933,135 1936,184 1936,203 2022,206 2024,181 2020,138 2018,138"/>
        <Baseline points="1936,184 2024,181"/>
        <TextEquiv conf="1.0">
          <Unicode>121</Unicode>
        </TextEquiv>
      </TextLine>
    </TextRegion>
  </Page>
</PcGts>
