<?xml version="1.0" encoding="UTF-8"  standalone="yes"?>
<PcGts xmlns="http://schema.primaresearch.org/PAGE/gts/pagecontent/2019-07-15" xmlns:xsi="http://www.w3.org/2001/XMLSchema-instance" xsi:schemaLocation="http://schema.primaresearch.org/PAGE/gts/pagecontent/2019-07-15 http://schema.primaresearch.org/PAGE/gts/pagecontent/2019-07-15/pagecontent.xsd">
  <Metadata externalRef="pdf//regestapontificu01cath.pdf">
	<Creator>escriptorium</Creator>
	<Created>2026-02-12T11:24:07.593790+00:00</Created>
        <LastChange>2026-02-13T10:14:01.654695+00:00</LastChange>
  </Metadata>
  <Page imageFilename="regestapontificu01cath.pdf_page_100.png" imageWidth="2353" imageHeight="3055">
    <TextRegion id="eSc_textblock_480acec0"  custom="structure {type:default;}">
      <Coords points="254,149 324,156 331,201 310,222 237,215 230,169 254,149"/>
      <TextLine id="eSc_line_afd21daf" custom="structure {type:default;}">
        <Coords points="293,152 276,151 259,149 242,156 246,190 246,213 315,213 315,186 312,154 307,152 293,152"/>
        <Baseline points="246,190 315,186"/>
        <TextEquiv conf="1.0">
          <Unicode>60</Unicode>
        </TextEquiv>
      </TextLine>
    </TextRegion>
    <TextRegion id="eSc_textblock_040e624b"  custom="structure {type:default;}">
      <Coords points="256,251 629,257 651,298 685,257 2230,257 2217,602 2237,711 2210,794 2237,923 2210,1018 2230,2130 2203,2727 740,2734 679,2720 672,2681 645,2693 629,2659 582,2693 466,2659 439,2686 380,2686 319,2639 312,2586 359,2544 339,2430 405,2430 405,2462 439,2477 454,2640 488,2552 534,2552 536,2586 570,2545 609,2552 617,2586 657,2552 670,2600 672,2335 665,2301 623,2286 570,2313 561,2286 461,2279 454,2225 439,2313 405,2335 419,2360 339,2367 312,2348 346,2335 278,2313 244,2265 224,454 230,291 256,251"/>
      <TextLine id="eSc_line_cf0bb0c6" custom="structure {type:default;}">
        <Coords points="1054,257 1037,257 1033,257 908,268 869,271 864,269 850,257 848,257 847,257 833,257 816,257 799,257 797,257 796,257 758,269 755,271 753,271 726,257 724,257 714,257 697,257 680,259 663,280 665,300 665,327 819,320 923,327 945,329 947,329 962,327 1033,319 1397,324 1398,297 1393,263 1261,269 1237,264 1218,259 1217,259 1215,259 1213,259 1212,259 1203,264 1193,271 1110,271 1095,266 1064,257 1054,257"/>
        <Baseline points="665,300 1398,297"/>
        <TextEquiv conf="0.9825918587242685">
          <Unicode>444. (TAcodosio TP&#x27;III. at. 415ino eosa.)</Unicode>
        </TextEquiv>
      </TextLine>
      <TextLine id="eSc_line_32dabae8" custom="structure {type:default;}">
        <Coords points="724,351 724,364 972,364 989,368 1038,380 1040,380 1120,369 1156,364 1195,369 1263,380 1264,380 1266,380 1285,371 1295,366 1354,371 1453,380 1454,380 1507,373 1580,363 1909,371 1911,371 1913,371 1943,363 1996,376 2001,378 2003,378 2004,380 2186,380 2188,347 2184,315 2089,305 2088,305 1954,313 1492,305 1490,305 1488,305 1451,317 1088,317 1032,307 1030,307 723,317 724,351"/>
        <Baseline points="724,351 2188,347"/>
        <TextEquiv conf="0.9828864353753272">
          <Unicode>addit. Lronis N. Opp. I. 619 (Mignr 31 p. 616), Hlolarenii Coll. Rom. 1. 1 13. Mansi</Unicode>
        </TextEquiv>
      </TextLine>
      <TextLine id="eSc_line_8ffab84f" custom="structure {type:default;}">
        <Coords points="724,392 724,407 1066,419 1067,419 1069,419 1100,407 1117,419 1118,419 1120,419 1122,419 1123,419 1151,407 1183,419 1184,419 1186,420 1281,420 1281,419 1283,419 1327,405 1332,405 1451,405 1456,405 1507,417 1509,419 1750,419 1750,417 1752,417 1777,405 1881,417 1882,417 1884,417 1923,403 1923,388 1920,364 731,361 730,361 728,361 726,361 726,363 724,363 723,363 724,392"/>
        <Baseline points="724,392 1923,388"/>
        <TextEquiv conf="0.9860176648944616">
          <Unicode>V. 1233, Bull. Rom. T. E. App. I. 4. — „Omnium quidem litteras“.</Unicode>
        </TextEquiv>
      </TextLine>
      <TextLine id="eSc_line_4d0d2a56" custom="structure {type:default;}">
        <Coords points="276,436 276,454 426,453 426,436 426,412 368,398 366,398 365,398 354,402 334,410 317,398 312,393 310,393 308,393 276,393 276,436"/>
        <Baseline points="276,436 426,436"/>
        <TextEquiv conf="0.9999958425760269">
          <Unicode>lan. 30.</Unicode>
        </TextEquiv>
      </TextLine>
      <TextLine id="eSc_line_6290ac57" custom="structure {type:default;}">
        <Coords points="684,432 684,453 2186,449 2188,429 2183,405 682,407 684,432"/>
        <Baseline points="684,432 2188,429"/>
        <TextEquiv conf="0.999972329583279">
          <Unicode>105 (183) Universis episcopis per Italiae provincias constitutis significat, magno Ma-</Unicode>
        </TextEquiv>
      </TextLine>
      <TextLine id="eSc_line_f449a7ba" custom="structure {type:default;}">
        <Coords points="724,476 724,493 2184,487 2186,470 2183,444 748,442 746,442 745,442 723,451 724,476"/>
        <Baseline points="724,476 2186,470"/>
        <TextEquiv conf="0.9891831769218927">
          <Unicode>nichaeorum numero a se Romae deprehenso, nonnullos ad fidem rediisse, alios se-</Unicode>
        </TextEquiv>
      </TextLine>
      <TextLine id="eSc_line_cbe10cf8" custom="structure {type:default;}">
        <Coords points="723,519 723,541 2186,534 2188,514 2183,493 721,497 723,519"/>
        <Baseline points="723,519 2188,514"/>
        <TextEquiv conf="0.9999695391882033">
          <Unicode>cundum christianorum principum constituta per publicos iudices perpetuo esse exsilio</Unicode>
        </TextEquiv>
      </TextLine>
      <TextLine id="eSc_line_72d813c3" custom="structure {type:default;}">
        <Coords points="723,563 723,580 2181,582 2184,554 2179,531 721,538 723,563"/>
        <Baseline points="723,563 2184,554"/>
        <TextEquiv conf="0.9901926375570751">
          <Unicode>relegatos“, alios aufugisse. Quos investigari iubet. Leonis M. Opp. I. 623 (Migne 54</Unicode>
        </TextEquiv>
      </TextLine>
      <TextLine id="eSc_line_685042f5" custom="structure {type:default;}">
        <Coords points="724,604 724,624 1076,617 1101,626 1103,626 1105,626 1106,626 1117,626 1188,617 1210,626 1215,627 1217,627 1218,627 1220,627 1227,626 1252,617 1307,626 1324,627 1325,627 1327,627 1334,626 1363,617 1419,626 1434,627 1436,627 1437,627 1444,626 1475,616 1573,626 1578,626 1580,626 1582,626 1604,616 1785,616 1819,626 1821,626 1823,626 1826,626 1899,617 1926,626 1928,626 1930,626 1931,626 1955,617 1969,626 1971,626 1972,626 1974,627 2186,627 2188,600 2184,573 814,570 813,570 723,578 724,604"/>
        <Baseline points="724,604 2188,600"/>
        <TextEquiv conf="0.980492015428181">
          <Unicode>p. 620), Hinschius Ps. ls. p. 596, Cocqu. I. 30, Mansi V. 1236, La Fuente Hist.</Unicode>
        </TextEquiv>
      </TextLine>
      <TextLine id="eSc_line_c5b5fb5f" custom="structure {type:default;}">
        <Coords points="723,644 723,670 879,661 889,670 894,673 896,673 898,673 899,673 954,668 999,665 1022,668 1054,673 1055,673 1057,673 1069,668 1079,663 1105,667 1142,673 1144,673 1145,673 1147,673 1157,667 1164,661 1171,667 1178,673 1179,673 1181,673 1183,675 1235,675 1235,673 1237,673 1252,667 1261,661 1288,665 1337,673 1339,673 1381,665 1407,660 1648,660 1653,661 1663,672 1665,672 1667,672 1668,673 1719,673 1719,672 1721,672 1723,672 1735,661 1736,661 1746,661 1923,672 1925,672 2021,658 2023,641 2020,621 1709,621 1684,611 1682,611 1680,611 1679,611 1677,611 1667,621 1570,621 1534,611 1533,611 1531,611 1529,611 1527,611 1514,619 1480,611 1478,611 1476,611 1475,611 1458,619 1424,611 1422,611 1420,611 1419,611 1417,611 1405,619 1375,611 1373,611 1371,611 1370,611 1368,611 1356,621 1354,621 1349,621 1303,612 1302,612 1263,621 1256,621 1254,621 1242,612 1241,612 1239,612 1237,612 1169,621 1157,621 1154,621 1135,612 1134,612 1132,612 1086,621 1078,621 1074,621 1052,612 1050,612 1049,612 1013,621 1008,621 1003,621 977,612 976,612 974,612 721,619 723,644"/>
        <Baseline points="723,644 2023,641"/>
        <TextEquiv conf="0.994835259185897">
          <Unicode>eccl. de Eepania II. 444, Bull. Rom. T. E. I. 49. — „In consortium vos“.</Unicode>
        </TextEquiv>
      </TextLine>
      <TextLine id="eSc_line_bac45c0c" custom="structure {type:default;}">
        <Coords points="663,706 663,739 772,728 772,706 772,661 663,641 663,706"/>
        <Baseline points="663,706 772,706"/>
        <TextEquiv conf="0.9999460428953171">
          <Unicode>445.</Unicode>
        </TextEquiv>
      </TextLine>
      <TextLine id="eSc_line_cfb8c3cb" custom="structure {type:default;}">
        <Coords points="278,751 278,780 359,773 368,775 390,784 392,784 393,784 395,784 427,772 427,751 427,726 278,717 278,751"/>
        <Baseline points="278,751 427,751"/>
        <TextEquiv conf="0.9998988285660744">
          <Unicode>Iul. 21.</Unicode>
        </TextEquiv>
      </TextLine>
      <TextLine id="eSc_line_53681dd4" custom="structure {type:default;}">
        <Coords points="687,751 687,772 2184,773 2188,751 2186,721 2004,711 2003,711 1945,721 1923,726 1709,726 1702,721 1680,711 1679,711 1626,711 1624,711 1476,723 1446,724 1426,723 1339,712 1337,712 1200,723 1183,724 1179,724 1164,712 1162,712 1161,712 1079,711 1078,711 1076,711 1042,724 1040,726 959,726 957,724 928,711 926,711 881,711 879,711 877,711 876,711 855,724 687,724 687,751"/>
        <Baseline points="687,751 2188,751"/>
        <TextEquiv conf="0.9989969286807748">
          <Unicode>406 (184) Dioscoro, episcopo Alexandrino, scribit, sacerdotes aut nocte sabbatum inse-</Unicode>
        </TextEquiv>
      </TextLine>
      <TextLine id="eSc_line_396f05b3" custom="structure {type:default;}">
        <Coords points="726,797 726,811 2184,818 2186,797 2184,767 726,768 726,797"/>
        <Baseline points="726,797 2186,797"/>
        <TextEquiv conf="0.9997847600828244">
          <Unicode>quenti, aut matutino diei dominici tempore ieiunos a ieiunis consecrandos esse,</Unicode>
        </TextEquiv>
      </TextLine>
      <TextLine id="eSc_line_020c512f" custom="structure {type:default;}">
        <Coords points="1544,799 1543,799 1454,809 1366,801 1364,801 1363,801 1341,811 1208,811 1193,801 1191,801 1190,801 1101,801 1100,801 982,811 769,802 767,802 765,802 728,812 730,840 730,857 2188,850 2190,833 2184,807 1583,807 1546,799 1544,799"/>
        <Baseline points="730,840 2190,833"/>
        <TextEquiv conf="0.9985277860663658">
          <Unicode>sacrificiumque sollemnioribus diebus propter populi frequentiam bis offerendum. Leonis</Unicode>
        </TextEquiv>
      </TextLine>
      <TextLine id="eSc_line_3d96a016" custom="structure {type:default;}">
        <Coords points="728,879 728,897 819,908 821,908 860,899 864,899 870,899 969,908 971,908 972,908 998,899 1001,899 1005,899 1022,908 1023,908 1025,909 1127,909 1127,908 1128,908 1142,901 1145,899 1164,901 1222,908 1224,908 1225,908 1241,901 1246,899 2186,906 2190,879 2188,857 728,857 728,879"/>
        <Baseline points="728,879 2190,879"/>
        <TextEquiv conf="0.9852380804717541">
          <Unicode>M. Opp. I. 628 (Migne 54 p. 624), Hinschius Ps. Is. p. 627, Mansi V. 1240, Bull.</Unicode>
        </TextEquiv>
      </TextLine>
      <TextLine id="eSc_line_3d940f85" custom="structure {type:default;}">
        <Coords points="728,921 728,936 935,936 937,936 1003,947 1005,947 1006,947 1008,947 1023,935 1025,935 1178,935 1188,943 1188,945 1190,945 1191,945 1193,947 1237,947 1237,945 1359,933 1370,933 1371,933 1390,943 1392,943 1393,945 1497,945 1497,943 1563,931 1565,916 1560,894 726,897 728,921"/>
        <Baseline points="728,921 1565,916"/>
        <TextEquiv conf="0.9883096655209859">
          <Unicode>Rom. T. E. App. I. 7. — „Quantum dilectioni“.</Unicode>
        </TextEquiv>
      </TextLine>
      <TextLine id="eSc_line_3af4e448" custom="structure {type:default;}">
        <Coords points="488,967 490,1018 621,1018 621,962 616,901 485,906 488,967"/>
        <Baseline points="488,967 621,962"/>
        <TextEquiv conf="0.9029166579246521">
          <Unicode>Ronne</Unicode>
        </TextEquiv>
      </TextLine>
      <TextLine id="eSc_line_05167a1a" custom="structure {type:default;}">
        <Coords points="685,964 685,977 1356,975 1358,960 1354,936 1050,928 1049,928 1047,928 1018,938 1015,938 1008,938 949,930 947,930 852,938 850,938 828,930 826,930 825,930 730,938 704,930 702,930 701,930 699,930 684,936 685,964"/>
        <Baseline points="685,964 1358,960"/>
        <TextEquiv conf="0.9982250753571006">
          <Unicode>Concilium. V. sequentem epistolam.</Unicode>
        </TextEquiv>
      </TextLine>
      <TextLine id="eSc_line_a80f3366" custom="structure {type:default;}">
        <Coords points="692,1004 692,1025 2190,1026 2191,1001 2186,972 690,977 692,1004"/>
        <Baseline points="692,1004 2191,1001"/>
        <TextEquiv conf="0.9935865707340694">
          <Unicode>407 (185) Universis episcopis, per Viennensem provinciam constitutis, Hilarium, epi-</Unicode>
        </TextEquiv>
      </TextLine>
      <TextLine id="eSc_line_1f8c7598" custom="structure {type:default;}">
        <Coords points="730,1050 730,1067 2188,1062 2190,1045 2186,1021 728,1021 730,1050"/>
        <Baseline points="730,1050 2190,1045"/>
        <TextEquiv conf="0.9996392130851746">
          <Unicode>scopum Arelatensem, qui huc arrogantiae processerit, „ut se b. Petro non pateretur</Unicode>
        </TextEquiv>
      </TextLine>
      <TextLine id="eSc_line_d349f10e" custom="structure {type:default;}">
        <Coords points="726,1089 726,1108 2186,1108 2188,1086 2184,1065 1555,1055 1553,1055 1454,1065 1388,1057 1387,1057 1385,1057 1359,1065 1050,1057 1049,1057 994,1065 860,1057 859,1057 857,1057 855,1057 842,1067 724,1067 726,1089"/>
        <Baseline points="726,1089 2188,1086"/>
        <TextEquiv conf="0.9891102235001253">
          <Unicode>esse subiectum, ordinationes sibi omnium per Gallias ecclesiarum vindicans et debi-</Unicode>
        </TextEquiv>
      </TextLine>
      <TextLine id="eSc_line_0bc535b6" custom="structure {type:default;}">
        <Coords points="728,1133 728,1154 2186,1157 2190,1128 2184,1106 726,1106 728,1133"/>
        <Baseline points="728,1133 2190,1128"/>
        <TextEquiv conf="0.9997402609780778">
          <Unicode>tam metropolitanis sacerdotibus in suam transferens dignitatem, ipsius quoque b. Petri</Unicode>
        </TextEquiv>
      </TextLine>
      <TextLine id="eSc_line_5d28a140" custom="structure {type:default;}">
        <Coords points="730,1174 730,1191 2190,1188 2191,1171 2186,1147 728,1149 730,1174"/>
        <Baseline points="730,1174 2191,1171"/>
        <TextEquiv conf="0.9996891212769043">
          <Unicode>reverentiam verbis arrogantioribus minuendo“, per ipsum nunciat „non tantum ab</Unicode>
        </TextEquiv>
      </TextLine>
      <TextLine id="eSc_line_6d26cf00" custom="structure {type:default;}">
        <Coords points="731,1218 731,1232 2186,1237 2190,1215 2186,1193 750,1186 748,1186 746,1186 730,1193 731,1218"/>
        <Baseline points="731,1218 2190,1215"/>
        <TextEquiv conf="0.9999751018572457">
          <Unicode>alieno iure depulsum, sed etiam Viennensis provinciae potestate privatum“ esse.</Unicode>
        </TextEquiv>
      </TextLine>
      <TextLine id="eSc_line_af69a5d3" custom="structure {type:default;}">
        <Coords points="730,1259 730,1278 2190,1279 2193,1259 2191,1235 730,1235 730,1259"/>
        <Baseline points="730,1259 2193,1259"/>
        <TextEquiv conf="0.9997834172986803">
          <Unicode>Ordinationes provinciarum iis subiectarum a se affectari negat. Ipsis metropolitanis</Unicode>
        </TextEquiv>
      </TextLine>
      <TextLine id="eSc_line_809e6c54" custom="structure {type:default;}">
        <Coords points="731,1301 731,1318 2190,1313 2191,1296 2186,1272 730,1276 731,1301"/>
        <Baseline points="731,1301 2191,1296"/>
        <TextEquiv conf="0.9998084838131824">
          <Unicode>restituit ius sacerdotes ordinandi. Leontio episcopo concessum scribit, „ut praeter</Unicode>
        </TextEquiv>
      </TextLine>
      <TextLine id="eSc_line_17f8a46d" custom="structure {type:default;}">
        <Coords points="731,1342 731,1357 755,1367 757,1367 758,1367 803,1357 808,1357 843,1357 1256,1367 1257,1367 1332,1357 1453,1364 1454,1364 1809,1356 1813,1356 1828,1366 1830,1366 1831,1366 1833,1367 1976,1367 1976,1366 1977,1366 1979,1366 1993,1356 2020,1364 2021,1364 2023,1364 2064,1356 2169,1366 2171,1366 2173,1366 2195,1354 2195,1339 2190,1318 730,1318 731,1342"/>
        <Baseline points="731,1342 2195,1339"/>
        <TextEquiv conf="0.9955440634562646">
          <Unicode>eius consensum alterius provinciae non indicatur concilium“. Episcopos ab Hilario</Unicode>
        </TextEquiv>
      </TextLine>
      <TextLine id="eSc_line_31917feb" custom="structure {type:default;}">
        <Coords points="733,1384 733,1410 2190,1403 2191,1381 2186,1359 731,1361 733,1384"/>
        <Baseline points="733,1384 2191,1381"/>
        <TextEquiv conf="0.9964360190289361">
          <Unicode>iniuste deiectos, Celidonium et Proiectum, „in sanctorum concilio sacerdotum“ in in-</Unicode>
        </TextEquiv>
      </TextLine>
      <TextLine id="eSc_line_250857a2" custom="structure {type:default;}">
        <Coords points="731,1429 731,1446 2190,1444 2191,1423 2186,1400 730,1401 731,1429"/>
        <Baseline points="731,1429 2191,1423"/>
        <TextEquiv conf="0.99831294431919">
          <Unicode>tegrum restitutos esse, significat. Leonis M. Opp. I. 633 (Migne 54 p. 628), Conc.</Unicode>
        </TextEquiv>
      </TextLine>
      <TextLine id="eSc_line_5aabd325" custom="structure {type:default;}">
        <Coords points="726,1469 726,1495 2127,1488 2127,1469 2125,1446 726,1446 726,1469"/>
        <Baseline points="726,1469 2127,1469"/>
        <TextEquiv conf="0.9875258536715257">
          <Unicode>Gall. I. 491, Mansi V. 1244, Bull. Rom. T. E. App. I. 9. — „Divinae cultum“.</Unicode>
        </TextEquiv>
      </TextLine>
      <TextLine id="eSc_line_24d0f260" custom="structure {type:default;}">
        <Coords points="668,1530 668,1552 787,1551 787,1527 782,1488 667,1493 668,1530"/>
        <Baseline points="668,1530 787,1527"/>
        <TextEquiv conf="0.9999999701976776">
          <Unicode>445?</Unicode>
        </TextEquiv>
      </TextLine>
      <TextLine id="eSc_line_d93c93ef" custom="structure {type:default;}">
        <Coords points="690,1583 690,1602 1439,1610 1441,1610 2196,1598 2196,1580 2193,1554 1928,1554 1925,1552 1904,1544 1903,1544 1901,1544 1862,1551 1840,1539 1838,1539 1709,1539 1707,1539 1706,1539 1677,1551 1670,1554 1541,1554 1534,1549 1517,1539 1516,1539 1514,1539 1443,1539 1441,1539 1439,1539 1402,1549 1380,1554 1342,1549 1320,1546 1319,1546 1317,1546 1310,1549 1298,1554 1288,1547 1276,1541 1274,1541 1273,1541 1174,1541 1173,1541 1171,1541 1157,1547 1144,1554 689,1546 690,1583"/>
        <Baseline points="690,1583 2196,1580"/>
        <TextEquiv conf="0.9976428375524633">
          <Unicode>408 (186) *Episcopis per Mauritaniam Caesariensem constitutis significat, se Potentio</Unicode>
        </TextEquiv>
      </TextLine>
      <TextLine id="eSc_line_8da0b344" custom="structure {type:default;}">
        <Coords points="731,1625 731,1641 2190,1644 2193,1625 2191,1600 731,1597 731,1625"/>
        <Baseline points="731,1625 2193,1625"/>
        <TextEquiv conf="0.9904331208645613">
          <Unicode>sacerdoti ad eos proficiscenti mandasse, ut de episcopis illicite creatis, „inquireret,</Unicode>
        </TextEquiv>
      </TextLine>
      <TextLine id="eSc_line_be2c13a4" custom="structure {type:default;}">
        <Coords points="731,1668 731,1685 816,1695 818,1695 819,1695 852,1687 859,1685 1128,1685 1137,1687 1166,1697 1168,1697 1169,1697 1249,1688 1278,1685 1497,1685 1507,1688 1539,1697 1541,1697 1543,1697 1606,1688 1626,1687 1633,1688 1650,1695 1651,1695 1653,1695 1655,1695 1667,1688 1673,1685 1680,1688 1692,1697 1694,1697 1695,1697 1697,1697 1799,1690 1867,1685 1879,1690 1896,1697 1898,1697 1899,1697 2191,1690 2191,1668 2191,1641 2167,1632 2166,1632 2164,1632 2098,1641 1429,1632 1427,1632 1300,1641 1188,1632 1186,1632 1115,1641 1057,1632 1055,1632 1054,1632 1035,1641 999,1632 998,1632 996,1632 994,1632 965,1641 911,1632 909,1632 731,1641 731,1668"/>
        <Baseline points="731,1668 2191,1668"/>
        <TextEquiv conf="0.9877055513447729">
          <Unicode>sibique omnia fideliter indicaret“. V. Leonis M. epist., Opp. I. 658 (Migne 54 p. 646).</Unicode>
        </TextEquiv>
      </TextLine>
      <TextLine id="eSc_line_478cf1e2" custom="structure {type:default;}">
        <Coords points="733,1709 733,1736 1536,1726 1536,1709 1536,1685 733,1685 733,1709"/>
        <Baseline points="733,1709 1536,1709"/>
        <TextEquiv conf="0.9891043568766394">
          <Unicode>Mansi V. 1257, Bull. Rom. T. E. App. I. 14.</Unicode>
        </TextEquiv>
      </TextLine>
      <TextLine id="eSc_line_12d3a037" custom="structure {type:default;}">
        <Coords points="672,1775 672,1810 777,1800 870,1807 891,1809 892,1809 943,1807 1059,1800 1100,1804 1171,1810 1173,1810 1344,1799 1344,1775 1344,1751 1135,1751 1122,1739 1120,1739 1118,1739 1059,1737 1057,1737 1055,1737 1025,1749 989,1739 988,1739 986,1739 904,1749 860,1737 859,1737 857,1737 855,1737 853,1737 838,1751 786,1751 770,1737 769,1737 767,1737 692,1737 690,1737 689,1737 687,1737 672,1748 672,1775"/>
        <Baseline points="672,1775 1344,1775"/>
        <TextEquiv conf="0.9551221013069153">
          <Unicode>446. (Arfio III. et Symmacho coss.)</Unicode>
        </TextEquiv>
      </TextLine>
      <TextLine id="eSc_line_62fd820b" custom="structure {type:default;}">
        <Coords points="285,1838 285,1865 431,1855 432,1834 431,1795 410,1782 409,1782 407,1782 405,1782 404,1782 368,1790 349,1782 348,1782 346,1782 344,1782 342,1782 342,1783 327,1799 327,1800 283,1800 285,1838"/>
        <Baseline points="285,1838 432,1834"/>
        <TextEquiv conf="0.9994729076113019">
          <Unicode>lan. 6.</Unicode>
        </TextEquiv>
      </TextLine>
      <TextLine id="eSc_line_f6b4a5eb" custom="structure {type:default;}">
        <Coords points="694,1833 694,1856 2193,1853 2195,1829 2191,1802 2038,1802 2023,1790 2021,1790 2020,1790 1920,1790 1918,1790 1916,1790 1886,1800 1694,1790 1692,1790 1690,1790 1653,1802 1441,1802 769,1792 767,1792 692,1804 694,1833"/>
        <Baseline points="694,1833 2195,1829"/>
        <TextEquiv conf="0.9951511870983035">
          <Unicode>409 (187) Senecioni, Caroso, Theodulo, Lucae, Antiocho, Vigilantio, metropolitanis per</Unicode>
        </TextEquiv>
      </TextLine>
      <TextLine id="eSc_line_1a55e630" custom="structure {type:default;}">
        <Coords points="733,1878 733,1895 2190,1899 2191,1878 2191,1849 733,1849 733,1878"/>
        <Baseline points="733,1878 2191,1878"/>
        <TextEquiv conf="0.9943372299594264">
          <Unicode>IIlyrici provincias constitutis, scribit de privilegiis Anastasii, episcopi Thessalonicensis,</Unicode>
        </TextEquiv>
      </TextLine>
      <TextLine id="eSc_line_ca4a2f77" custom="structure {type:default;}">
        <Coords points="733,1919 733,1936 1261,1945 1263,1945 1264,1945 1302,1936 1303,1936 1636,1943 1638,1943 1639,1943 1658,1934 1660,1934 1794,1934 1797,1934 1896,1943 1898,1943 1974,1934 1986,1943 1987,1943 1989,1943 1991,1945 2173,1945 2173,1943 2174,1943 2193,1933 2193,1916 2190,1892 731,1887 733,1919"/>
        <Baseline points="733,1919 2193,1916"/>
        <TextEquiv conf="0.9982543809469356">
          <Unicode>de ordinationibus ab Achaiae provinciae metropolitano illicite factis; de episcopo per</Unicode>
        </TextEquiv>
      </TextLine>
      <TextLine id="eSc_line_92066066" custom="structure {type:default;}">
        <Coords points="733,1958 733,1982 2191,1980 2193,1961 2191,1936 733,1934 733,1958"/>
        <Baseline points="733,1958 2193,1961"/>
        <TextEquiv conf="0.992302440735231">
          <Unicode>eundem Thespiensibus obtruso. Sancit, ne episcopus episcopi clericum sibi vindicet.</Unicode>
        </TextEquiv>
      </TextLine>
      <TextLine id="eSc_line_692e729d" custom="structure {type:default;}">
        <Coords points="735,2001 735,2023 2191,2021 2193,2006 2191,1978 735,1973 735,2001"/>
        <Baseline points="735,2001 2193,2006"/>
        <TextEquiv conf="0.9945590648895655">
          <Unicode>Leonis M. Opp. I. 677 (Migne 54 p. 663), Holstenii Coll. Rom. I. 158, Mansi V.</Unicode>
        </TextEquiv>
      </TextLine>
      <TextLine id="eSc_line_740b7cba" custom="structure {type:default;}">
        <Coords points="738,2046 738,2075 835,2070 836,2070 838,2070 838,2068 847,2062 947,2062 964,2072 964,2074 965,2074 967,2074 969,2074 999,2072 1157,2062 1200,2068 1225,2074 1227,2074 1229,2074 1239,2068 1252,2060 1302,2060 1429,2060 1437,2065 1446,2072 1448,2072 1449,2072 1451,2074 1527,2074 1527,2072 1529,2072 1546,2063 1556,2060 1570,2063 1600,2072 1602,2072 1604,2072 1658,2062 1673,2060 1680,2062 1704,2072 1706,2072 1707,2072 1862,2058 1864,2043 1860,2021 1604,2011 1602,2011 1555,2017 1546,2019 1544,2017 1529,2009 1527,2009 1526,2009 1524,2009 1403,2017 1368,2019 1353,2017 1312,2009 1310,2009 1308,2009 1307,2009 1297,2016 1290,2021 1281,2016 1271,2012 1269,2012 1268,2012 1266,2012 1264,2012 1259,2016 1252,2021 1212,2016 1176,2012 1174,2012 1173,2012 1162,2016 1151,2021 1145,2016 1140,2011 1139,2011 1137,2011 1135,2011 1110,2016 1091,2019 1081,2016 1071,2011 1069,2011 1067,2011 1066,2011 1057,2016 1044,2023 991,2023 981,2014 976,2011 974,2011 972,2011 971,2011 969,2011 959,2014 945,2021 935,2014 930,2011 928,2011 926,2011 859,2011 857,2011 855,2011 853,2011 853,2012 850,2014 845,2021 826,2014 818,2011 816,2011 814,2011 736,2012 738,2046"/>
        <Baseline points="738,2046 1864,2043"/>
        <TextEquiv conf="0.9795403568471064">
          <Unicode>1273, Bull. Rom. T. E. App. I. 20. — „Grato animo epistolas“.</Unicode>
        </TextEquiv>
      </TextLine>
      <TextLine id="eSc_line_94ecf8d4" custom="structure {type:default;}">
        <Coords points="677,2104 677,2150 796,2128 796,2101 791,2062 738,2062 736,2062 709,2046 707,2046 706,2046 704,2046 675,2058 677,2104"/>
        <Baseline points="677,2104 796,2101"/>
        <TextEquiv conf="0.9999935030937195">
          <Unicode>446?</Unicode>
        </TextEquiv>
      </TextLine>
      <TextLine id="eSc_line_88adc07c" custom="structure {type:default;}">
        <Coords points="276,2158 278,2219 315,2219 315,2218 317,2218 319,2218 319,2216 327,2209 331,2204 344,2204 381,2208 383,2208 385,2208 387,2208 387,2206 400,2194 402,2191 436,2186 436,2153 431,2119 380,2119 363,2107 351,2099 349,2099 348,2099 273,2096 276,2158"/>
        <Baseline points="276,2158 436,2153"/>
        <TextEquiv conf="0.9659277030399868">
          <Unicode>Lag 19.</Unicode>
        </TextEquiv>
      </TextLine>
      <TextLine id="eSc_line_d9e8d6d4" custom="structure {type:default;}">
        <Coords points="697,2157 697,2180 2196,2180 2198,2157 2198,2130 2159,2119 2157,2119 2156,2119 1896,2128 1860,2130 1648,2130 1643,2126 1629,2119 1628,2119 1626,2119 1543,2126 1510,2128 697,2123 697,2157"/>
        <Baseline points="697,2157 2198,2157"/>
        <TextEquiv conf="0.9951827206781932">
          <Unicode>410 (188) Universis episcopis per Caesariensem Mauritaniam (per Africam) constitutis</Unicode>
        </TextEquiv>
      </TextLine>
      <TextLine id="eSc_line_e4b01743" custom="structure {type:default;}">
        <Coords points="736,2199 736,2219 2195,2218 2195,2199 2195,2174 736,2172 736,2199"/>
        <Baseline points="736,2199 2195,2199"/>
        <TextEquiv conf="0.9993135627493801">
          <Unicode>scribit, ex Potentii relatione se cognovisse, indignos quosdam apud eos esse sacer-</Unicode>
        </TextEquiv>
      </TextLine>
      <TextLine id="eSc_line_d09c237e" custom="structure {type:default;}">
        <Coords points="736,2242 736,2260 2196,2260 2196,2242 2196,2214 736,2208 736,2242"/>
        <Baseline points="736,2242 2196,2242"/>
        <TextEquiv conf="0.9992560930550098">
          <Unicode>dotes. Neque enim licere sacerdotiis praefici aut immaturos aut „quos unius uxo-</Unicode>
        </TextEquiv>
      </TextLine>
      <TextLine id="eSc_line_4856a18e" custom="structure {type:default;}">
        <Coords points="738,2286 738,2309 2193,2304 2195,2281 2190,2259 736,2260 738,2286"/>
        <Baseline points="738,2286 2195,2281"/>
        <TextEquiv conf="0.9991080244866813">
          <Unicode>ris viros fuisse aut esse non constiterit“, aut secundarum uxorum vel viduarum ma-</Unicode>
        </TextEquiv>
      </TextLine>
      <TextLine id="eSc_line_54fb1106" custom="structure {type:default;}">
        <Coords points="738,2326 738,2348 2195,2343 2196,2323 2191,2298 736,2298 738,2326"/>
        <Baseline points="738,2326 2196,2323"/>
        <TextEquiv conf="0.9992245982090632">
          <Unicode>ritos, aut homines inferioribus ordinibus non perfunctos. Episcopos ex laicis factos</Unicode>
        </TextEquiv>
      </TextLine>
      <TextLine id="eSc_line_31f20c7a" custom="structure {type:default;}">
        <Coords points="738,2367 738,2384 819,2384 835,2394 836,2394 838,2394 840,2394 986,2384 1159,2384 1212,2394 1213,2394 1354,2384 2091,2394 2093,2394 2094,2394 2117,2384 2196,2384 2196,2367 2196,2343 1952,2333 1950,2333 1770,2342 1721,2333 1719,2333 1662,2343 1147,2343 1089,2333 1088,2333 955,2342 896,2333 894,2333 738,2342 738,2367"/>
        <Baseline points="738,2367 2196,2367"/>
        <TextEquiv conf="0.9951866865158081">
          <Unicode>non improbiat. Litteras confessorias sibi mitti vult a Donato, antea Novatiano, et a</Unicode>
        </TextEquiv>
      </TextLine>
      <TextLine id="eSc_line_fcc21202" custom="structure {type:default;}">
        <Coords points="740,2410 740,2435 1162,2438 1164,2438 1166,2438 1168,2438 1174,2433 1179,2430 1256,2430 1263,2433 1276,2438 1278,2438 1280,2438 1322,2432 1339,2430 1354,2432 1388,2438 1390,2438 1392,2438 1393,2438 1403,2432 1409,2430 1451,2432 1565,2437 1566,2437 1663,2430 1701,2428 1733,2430 1847,2437 1848,2437 1850,2437 1879,2428 1882,2428 1884,2428 1894,2437 1896,2437 1898,2437 1899,2438 2025,2438 2025,2437 2027,2437 2045,2428 2049,2428 2169,2437 2171,2437 2173,2437 2196,2427 2196,2406 2193,2386 1521,2377 1519,2377 1434,2386 1426,2387 738,2387 740,2410"/>
        <Baseline points="740,2410 2196,2406"/>
        <TextEquiv conf="0.9997975565493107">
          <Unicode>Maximo, quondam Donatista, episcopis. De Aggaro et Tyberiano episcopis ex laicis</Unicode>
        </TextEquiv>
      </TextLine>
      <TextLine id="eSc_line_afde82e1" custom="structure {type:default;}">
        <Coords points="738,2452 738,2474 2195,2471 2196,2449 2191,2425 736,2425 738,2452"/>
        <Baseline points="738,2452 2196,2449"/>
        <TextEquiv conf="0.9999934715383193">
          <Unicode>ordinatis litteras poscit. Famulas Dei per barbaros vitiatas pro puris virginibus non</Unicode>
        </TextEquiv>
      </TextLine>
      <TextLine id="eSc_line_406f96bf" custom="structure {type:default;}">
        <Coords points="740,2494 740,2511 2195,2508 2196,2491 2193,2464 738,2462 740,2494"/>
        <Baseline points="740,2494 2196,2491"/>
        <TextEquiv conf="0.9999408283865595">
          <Unicode>habet. Episcopis, qui indignum consecraverint sacerdotem, ius ordinationis ademptum</Unicode>
        </TextEquiv>
      </TextLine>
      <TextLine id="eSc_line_93d58f13" custom="structure {type:default;}">
        <Coords points="738,2537 738,2562 2193,2556 2195,2530 2190,2510 736,2513 738,2537"/>
        <Baseline points="738,2537 2195,2530"/>
        <TextEquiv conf="0.997497885726219">
          <Unicode>iri ostendit. Maioribus tantum civitatibus praeficiendos esse ait episcopos, et Resti-</Unicode>
        </TextEquiv>
      </TextLine>
      <TextLine id="eSc_line_ef026356" custom="structure {type:default;}">
        <Coords points="738,2578 738,2603 2193,2595 2195,2574 2191,2550 736,2550 738,2578"/>
        <Baseline points="738,2578 2195,2574"/>
        <TextEquiv conf="0.9903798779336418">
          <Unicode>tutum episcopum iure postulasse, „ut, si episcopi eorum locorum, in quibus non de-</Unicode>
        </TextEquiv>
      </TextLine>
      <TextLine id="eSc_line_b16ee7db" custom="structure {type:default;}">
        <Coords points="740,2618 740,2635 1239,2644 1241,2644 1242,2644 1244,2644 1256,2635 1257,2635 1339,2635 1344,2635 1388,2644 1390,2644 1458,2635 1476,2634 1505,2635 1597,2642 1599,2642 2195,2634 2196,2615 2191,2591 738,2591 740,2618"/>
        <Baseline points="740,2618 2196,2615"/>
        <TextEquiv conf="0.9999250714168992">
          <Unicode>buissent ordinari, decesserint, loca ipsa ad ius suum reverterentur“. Vitiatis famulis</Unicode>
        </TextEquiv>
      </TextLine>
      <TextLine id="eSc_line_dde76bef" custom="structure {type:default;}">
        <Coords points="740,2659 740,2686 2196,2686 2196,2659 2196,2639 740,2639 740,2659"/>
        <Baseline points="740,2659 2196,2659"/>
        <TextEquiv conf="0.9987285549824054">
          <Unicode>illis sacramentorum communionem negari non vult. Lupicino episcopo communionem</Unicode>
        </TextEquiv>
      </TextLine>
      <TextLine id="eSc_line_d2496e20" custom="structure {type:default;}">
        <Coords points="740,2703 740,2746 809,2732 1006,2732 1025,2746 1027,2746 1028,2746 1030,2747 1101,2747 1101,2746 1108,2744 1169,2730 1252,2730 1273,2744 1274,2744 1276,2744 1278,2744 1286,2744 1427,2730 1502,2742 1504,2742 1505,2744 1556,2744 1556,2742 1558,2742 1560,2742 1578,2730 1697,2742 1707,2742 1709,2742 1711,2742 1712,2742 1729,2732 1825,2735 1826,2735 1828,2735 1862,2727 1913,2741 1914,2741 1916,2741 1918,2741 1945,2732 2193,2739 2195,2696 2190,2674 738,2679 740,2703"/>
        <Baseline points="740,2703 2195,2696"/>
        <TextEquiv conf="0.9925071643544482">
          <Unicode>redditam nunciat. Lcomis M. Opp. I. 657 et 669 (Migne 54 p. 645 et 656). Hin-</Unicode>
        </TextEquiv>
      </TextLine>
    </TextRegion>
    <TextRegion id="eSc_textblock_968962be"  custom="structure {type:default;}">
      <Coords points="1164,135 1334,142 1347,201 1314,222 1093,215 1086,149 1164,135"/>
      <TextLine id="eSc_line_7e968c1b" custom="structure {type:default;}">
        <Coords points="1252,139 1235,137 1218,137 1201,135 1184,135 1183,135 1178,140 1168,151 1142,137 1134,139 1117,142 1100,145 1101,190 1101,198 1140,208 1142,208 1144,208 1164,200 1181,215 1181,217 1183,217 1184,217 1186,217 1244,215 1246,215 1247,215 1247,213 1261,201 1263,198 1268,201 1293,213 1295,213 1297,213 1298,213 1327,201 1327,186 1324,151 1266,151 1261,145 1252,139 1252,139"/>
        <Baseline points="1101,190 1327,186"/>
        <TextEquiv conf="0.9992351664437188">
          <Unicode>S. 160 I.</Unicode>
        </TextEquiv>
      </TextLine>
    </TextRegion>
    <TextRegion id="eSc_textblock_f07f6e89"  custom="structure {type:default;}">
      <Coords points="2230,773 2230,792 2225,792 2225,773 2230,773"/>
    </TextRegion>
    <TextRegion id="eSc_textblock_25fb5bce"  custom="structure {type:default;}">
      <Coords points="331,2389 405,2389 405,2394 366,2401 331,2389"/>
    </TextRegion>
    <TextRegion id="eSc_textblock_e4fbde43"  custom="structure {type:default;}">
      <Coords points="575,2505 589,2511 582,2530 570,2530 575,2505"/>
    </TextRegion>
  </Page>
</PcGts>
