<?xml version="1.0" encoding="UTF-8"  standalone="yes"?>
<PcGts xmlns="http://schema.primaresearch.org/PAGE/gts/pagecontent/2019-07-15" xmlns:xsi="http://www.w3.org/2001/XMLSchema-instance" xsi:schemaLocation="http://schema.primaresearch.org/PAGE/gts/pagecontent/2019-07-15 http://schema.primaresearch.org/PAGE/gts/pagecontent/2019-07-15/pagecontent.xsd">
  <Metadata externalRef="pdf//regestapontificu01cath.pdf">
	<Creator>escriptorium</Creator>
	<Created>2026-02-12T11:29:54.003472+00:00</Created>
        <LastChange>2026-02-13T10:44:23.056842+00:00</LastChange>
  </Metadata>
  <Page imageFilename="regestapontificu01cath.pdf_page_241.png" imageWidth="2278" imageHeight="3076">
    <TextRegion id="eSc_textblock_8f3909f8"  custom="structure {type:default;}">
      <Coords points="1941,218 2079,239 2079,326 2059,328 2079,367 2052,369 2059,435 2079,437 2079,490 2052,492 2079,592 2059,581 2045,635 2072,1298 2072,2712 1855,2718 1854,2753 1813,2759 1731,2718 811,2718 967,2739 109,2753 82,2670 68,1481 68,492 109,246 1941,218"/>
      <TextLine id="eSc_line_53bd0539" custom="structure {type:default;}">
        <Coords points="553,239 538,239 485,251 487,287 487,309 1929,307 1931,276 1925,234 1602,242 1575,237 1544,232 1543,232 1418,239 1341,244 1331,240 1314,234 1312,234 1216,232 1215,232 1061,244 1035,246 1030,244 1006,235 1004,235 813,235 811,235 702,249 693,249 686,249 558,237 553,239"/>
        <Baseline points="487,287 1931,276"/>
        <TextEquiv conf="0.9610686283322829">
          <Unicode>600. (Lay Mauririo Tiderio a. 1S. pon conr. eiast. a. 17. ind. 2. — 1. X,t. 1.)</Unicode>
        </TextEquiv>
      </TextLine>
      <TextLine id="eSc_line_febfc77f" custom="structure {type:default;}">
        <Coords points="553,333 553,350 613,350 616,352 632,360 634,360 635,360 637,362 705,362 705,360 707,360 709,360 722,352 726,350 774,352 892,357 893,357 895,357 909,352 921,348 1052,353 1227,358 1228,358 1256,353 1290,346 1324,353 1341,357 1343,357 1377,353 1447,346 1553,355 1594,357 1596,357 1683,355 1953,346 2013,355 2016,326 2011,299 551,299 553,333"/>
        <Baseline points="553,333 2016,326"/>
        <TextEquiv conf="0.9808530296598162">
          <Unicode>vabis indientum cst. nes et lengius, quau vos. puiti sumius. et quia ewum neoni sit.</Unicode>
        </TextEquiv>
      </TextLine>
      <TextLine id="eSc_line_1e034f32" custom="structure {type:default;}">
        <Coords points="551,374 551,399 712,391 847,399 874,401 876,401 878,401 881,399 902,389 1040,389 1066,399 1068,399 1069,399 1073,399 1124,389 1249,389 1266,399 1268,399 1269,399 1271,399 1276,399 1350,389 1440,399 1449,399 1450,399 1452,399 1454,399 1467,389 1520,399 1526,399 1527,399 1536,399 1642,387 1702,398 1703,399 2016,399 2018,369 2013,348 550,352 551,374"/>
        <Baseline points="551,374 2018,369"/>
        <TextEquiv conf="0.9985868855367733">
          <Unicode>minime dubitamus; vestra tamen fraternitas bene fecit, pro informatione nostra,</Unicode>
        </TextEquiv>
      </TextLine>
      <TextLine id="eSc_line_9eb6c9a1" custom="structure {type:default;}">
        <Coords points="551,416 551,442 2018,437 2019,413 2014,389 550,391 551,416"/>
        <Baseline points="551,416 2019,413"/>
        <TextEquiv conf="0.9983212918043136">
          <Unicode>quod audivit scribere“. (Epistola per Marinianum transmissa.) Reg. X. 11, (Maur.</Unicode>
        </TextEquiv>
      </TextLine>
      <TextLine id="eSc_line_228f430b" custom="structure {type:default;}">
        <Coords points="557,459 557,480 1505,476 1507,452 1502,425 555,428 557,459"/>
        <Baseline points="557,459 1507,452"/>
        <TextEquiv conf="0.9859901928065116">
          <Unicode>X. 29, (iuas. VIII. 30). — „Rteleclis epistolis 1--tri-“.</Unicode>
        </TextEquiv>
      </TextLine>
      <TextLine id="eSc_line_d13c3e57" custom="structure {type:default;}">
        <Coords points="519,500 519,519 859,528 861,528 933,517 943,517 953,517 1021,526 1023,526 1194,517 1199,517 1201,517 1268,526 1269,526 1346,516 1356,516 1382,516 1585,524 1587,524 1589,524 1591,524 1604,516 1606,516 1608,516 1855,522 1857,522 1859,522 1861,522 1872,514 1874,514 2019,514 2021,493 2016,471 517,473 519,500"/>
        <Baseline points="519,500 2021,493"/>
        <TextEquiv conf="0.996677687138687">
          <Unicode>1780 (1315) Libertinum expractorem angustias fortiter ferre iubet. Pucris cius ut</Unicode>
        </TextEquiv>
      </TextLine>
      <TextLine id="eSc_line_4c9f9201" custom="structure {type:default;}">
        <Coords points="92,507 92,553 179,560 181,507 181,423 92,403 92,507"/>
        <Baseline points="92,507 181,507"/>
        <TextEquiv conf="1.0">
          <Unicode>„</Unicode>
        </TextEquiv>
      </TextLine>
      <TextLine id="eSc_line_a6d64bcf" custom="structure {type:default;}">
        <Coords points="558,545 558,563 2019,560 2021,541 2016,516 557,516 558,545"/>
        <Baseline points="558,545 2021,541"/>
        <TextEquiv conf="0.9999896744629005">
          <Unicode>viginti vestes darentur, Romano defensori mandatum esse, nunciat. Reg. X. 12,</Unicode>
        </TextEquiv>
      </TextLine>
      <TextLine id="eSc_line_79403a9a" custom="structure {type:default;}">
        <Coords points="553,586 553,599 799,608 801,608 803,608 804,608 815,599 874,608 876,608 878,608 909,598 914,598 919,598 965,606 967,606 1165,598 1192,606 1194,606 1196,606 1309,604 1310,604 1312,604 1312,603 1321,596 1331,596 1490,604 1491,604 1493,604 1527,594 1527,581 1524,555 551,555 553,586"/>
        <Baseline points="553,586 1527,581"/>
        <TextEquiv conf="0.9928895178830849">
          <Unicode>(Maur. X. 31, Guss. VIII. 31). — „Quanta vos seculi“.</Unicode>
        </TextEquiv>
      </TextLine>
      <TextLine id="eSc_line_3ec045af" custom="structure {type:default;}">
        <Coords points="521,627 521,654 604,645 806,652 888,654 890,654 892,654 893,654 897,651 910,644 967,651 989,652 991,652 1078,649 1213,644 1237,647 1268,652 1269,652 1271,652 1286,647 1303,642 1319,647 1332,651 1334,651 1336,651 1372,645 1404,642 1490,645 1638,651 1640,651 1642,651 1655,644 1661,640 1666,644 1674,649 1676,649 1678,649 1679,649 2023,639 2025,620 2021,598 1761,589 1760,589 1654,598 1643,599 519,599 521,627"/>
        <Baseline points="521,627 2025,620"/>
        <TextEquiv conf="0.997513795044364">
          <Unicode>1781 *Romano defensori (Syracusano) mandat, ut viginti vestes pucris Libertini ex-</Unicode>
        </TextEquiv>
      </TextLine>
      <TextLine id="eSc_line_2d05f17c" custom="structure {type:default;}">
        <Coords points="126,639 126,673 158,673 158,639 157,608 126,611 126,639"/>
        <Baseline points="126,639 158,639"/>
        <TextEquiv conf="0.9999996423721313">
          <Unicode>„</Unicode>
        </TextEquiv>
      </TextLine>
      <TextLine id="eSc_line_7a8eb7be" custom="structure {type:default;}">
        <Coords points="555,669 555,688 2023,683 2025,664 2019,640 553,642 555,669"/>
        <Baseline points="555,669 2025,664"/>
        <TextEquiv conf="0.9985097232986899">
          <Unicode>praetoris praebeat. Vido ep. praecedentem. Reg. X. 12, (Maur. X. 31, Guss. VIII. 31).</Unicode>
        </TextEquiv>
      </TextLine>
      <TextLine id="eSc_line_ef191bea" custom="structure {type:default;}">
        <Coords points="522,712 522,727 2025,726 2026,705 2023,675 1279,675 1278,675 1276,675 1262,681 1257,683 1184,681 958,676 956,676 900,685 893,685 864,685 538,678 536,678 534,678 533,678 521,683 522,712"/>
        <Baseline points="522,712 2026,705"/>
        <TextEquiv conf="0.9984992462911724">
          <Unicode>1782 (1318) Ecclesio, episcopo Clusino, mandat, ut de vita lohannis diaconi, quem</Unicode>
        </TextEquiv>
      </TextLine>
      <TextLine id="eSc_line_a1fbdffe" custom="structure {type:default;}">
        <Coords points="131,722 131,750 160,750 160,722 160,695 131,695 131,722"/>
        <Baseline points="131,722 160,722"/>
        <TextEquiv conf="1.0">
          <Unicode>„</Unicode>
        </TextEquiv>
      </TextLine>
      <TextLine id="eSc_line_e8161545" custom="structure {type:default;}">
        <Coords points="558,755 558,780 698,777 700,777 702,777 716,769 792,769 815,780 816,780 818,780 820,780 821,780 823,780 839,769 955,767 1271,779 1290,779 1291,779 1295,779 1365,765 1396,777 1397,777 1399,777 1401,777 1445,767 1519,777 1520,777 1522,777 1560,765 1608,777 1609,777 1611,777 1635,777 1722,775 1724,775 1726,775 1739,765 1780,775 1782,775 1784,777 1908,777 1908,775 1910,775 1912,775 1927,765 2023,775 2026,748 2023,727 1676,719 1674,719 1673,719 1655,727 1623,727 1291,721 1290,721 1220,729 1208,731 557,731 558,755"/>
        <Baseline points="558,755 2026,748"/>
        <TextEquiv conf="0.9999447885681602">
          <Unicode>gloriosus vir Ansfridus et alii Balncoregienses episcopum clegerint, cognoscat, seque</Unicode>
        </TextEquiv>
      </TextLine>
      <TextLine id="eSc_line_ff312839" custom="structure {type:default;}">
        <Coords points="555,796 555,813 1686,815 1688,815 1970,804 1972,787 1968,765 839,762 837,762 553,772 555,796"/>
        <Baseline points="555,796 1972,787"/>
        <TextEquiv conf="0.986060269922018">
          <Unicode>erudiat. Reg. X. 13, (Maur. X. 34, Guss. VIII. 34). — „Gloriosus filius noster“.</Unicode>
        </TextEquiv>
      </TextLine>
      <TextLine id="eSc_line_10945fbb" custom="structure {type:default;}">
        <Coords points="522,840 522,856 2025,849 2026,828 2023,804 951,803 950,803 948,803 927,811 533,806 531,806 529,806 528,806 521,810 522,840"/>
        <Baseline points="522,840 2026,828"/>
        <TextEquiv conf="0.9967375548489122">
          <Unicode>1783 (1319) Eulogio, patriarchae Alexandrino, litterarum intermissionem excusat. De</Unicode>
        </TextEquiv>
      </TextLine>
      <TextLine id="eSc_line_5bc4f79b" custom="structure {type:default;}">
        <Coords points="100,902 177,904 177,842 172,810 124,811 97,799 99,845 100,902"/>
        <Baseline points="99,845 177,842"/>
        <TextEquiv conf="0.8781762520472208">
          <Unicode>4a.</Unicode>
        </TextEquiv>
      </TextLine>
      <TextLine id="eSc_line_fa92f881" custom="structure {type:default;}">
        <Coords points="560,881 560,905 787,898 815,904 832,907 833,907 852,904 878,898 902,904 924,907 926,907 977,902 1037,897 1153,900 1291,905 1293,905 1336,898 1363,895 1462,898 1650,904 1652,904 1654,904 1655,904 1664,895 1666,893 1674,895 1696,902 1698,902 1700,904 1872,904 1872,902 1874,902 1876,902 1886,893 1888,893 2028,893 2030,874 2025,852 558,852 560,881"/>
        <Baseline points="560,881 2030,874"/>
        <TextEquiv conf="0.9919905749762931">
          <Unicode>podagra iam per duos fere annos tenente, ita ut vix in diebus festis usque ad tres</Unicode>
        </TextEquiv>
      </TextLine>
      <TextLine id="eSc_line_041f1f70" custom="structure {type:default;}">
        <Coords points="562,921 562,941 2028,938 2030,915 2025,893 560,893 562,921"/>
        <Baseline points="562,921 2030,915"/>
        <TextEquiv conf="0.9972230912763861">
          <Unicode>horas e lectulo ad missam celebrandam surgere valeat, queritur. Monachos Hicro-</Unicode>
        </TextEquiv>
      </TextLine>
      <TextLine id="eSc_line_5fd7853d" custom="structure {type:default;}">
        <Coords points="562,963 562,989 953,977 998,986 1001,986 1003,986 1016,986 1180,977 1269,984 1286,984 1288,984 1290,984 1291,984 1302,975 1389,982 1418,984 1420,984 2030,975 2031,956 2028,934 929,929 927,929 926,929 905,938 603,931 601,931 560,939 562,963"/>
        <Baseline points="562,963 2031,956"/>
        <TextEquiv conf="0.9948301080026125">
          <Unicode>solymitanos ad se de Agnoitarum errore interrogatum venisse negat. Quos vero</Unicode>
        </TextEquiv>
      </TextLine>
      <TextLine id="eSc_line_88de9fb2" custom="structure {type:default;}">
        <Coords points="565,1006 565,1032 1536,1023 1652,1030 1664,1030 1666,1030 1673,1030 1748,1021 2030,1028 2033,999 2028,979 563,982 565,1006"/>
        <Baseline points="565,1006 2033,999"/>
        <TextEquiv conf="0.9957464271929206">
          <Unicode>ante biennium Constantinopolim adiisse scribit, seque, ab Anatolio diacono de illa</Unicode>
        </TextEquiv>
      </TextLine>
      <TextLine id="eSc_line_947e2d35" custom="structure {type:default;}">
        <Coords points="565,1049 565,1068 2031,1066 2033,1042 2028,1018 563,1020 565,1049"/>
        <Baseline points="565,1049 2033,1042"/>
        <TextEquiv conf="0.9999993727320716">
          <Unicode>haeresi (de qua Graecos patres cum Latinis consentire laectatur) consultum, per lit-</Unicode>
        </TextEquiv>
      </TextLine>
      <TextLine id="eSc_line_4e9d6998" custom="structure {type:default;}">
        <Coords points="565,1091 565,1107 704,1107 705,1107 729,1115 731,1115 733,1115 734,1115 763,1107 767,1105 902,1105 921,1109 962,1115 963,1115 965,1115 967,1115 977,1109 984,1105 1092,1105 1100,1109 1114,1115 1115,1115 1117,1115 1119,1115 1143,1109 1162,1103 1363,1103 1869,1114 1913,1114 1915,1114 1917,1114 1946,1103 2030,1114 2033,1088 2030,1061 563,1057 565,1091"/>
        <Baseline points="565,1091 2033,1088"/>
        <TextEquiv conf="0.9949616766892947">
          <Unicode>teras respondisse. (Ep. missa per Abramium Alexandrinum; vide reg. 1790.) Reg.</Unicode>
        </TextEquiv>
      </TextLine>
      <TextLine id="eSc_line_ef3330f8" custom="structure {type:default;}">
        <Coords points="565,1132 565,1148 716,1158 717,1158 813,1148 816,1148 820,1148 939,1156 941,1156 943,1156 945,1156 945,1155 953,1146 955,1146 956,1146 1001,1156 1003,1156 1050,1146 1054,1146 1064,1146 1206,1156 1208,1156 1209,1156 1235,1146 1561,1155 1563,1155 1565,1155 1606,1143 1606,1127 1602,1105 575,1100 574,1100 572,1100 570,1100 563,1105 565,1132"/>
        <Baseline points="565,1132 1606,1127"/>
        <TextEquiv conf="0.9896022342799002">
          <Unicode>X. 14, (Maur. X. 35, Guss. VIII. 35). — „Transacto anno“.</Unicode>
        </TextEquiv>
      </TextLine>
      <TextLine id="eSc_line_58272828" custom="structure {type:default;}">
        <Coords points="526,1175 526,1199 2042,1194 2043,1168 2038,1141 524,1148 526,1175"/>
        <Baseline points="526,1175 2043,1168"/>
        <TextEquiv conf="0.993454326082159">
          <Unicode>1784 (1320) Maximo, episcopo Salonitano, podagrae doloribus debilis, qualis et ab</Unicode>
        </TextEquiv>
      </TextLine>
      <TextLine id="eSc_line_626cf0a5" custom="structure {type:default;}">
        <Coords points="473,1109 440,1109 427,1102 398,1088 396,1088 394,1088 393,1088 370,1095 350,1102 309,1088 311,1177 312,1244 478,1213 478,1174 473,1109"/>
        <Baseline points="311,1177 478,1174"/>
        <TextEquiv conf="1.0">
          <Unicode>„</Unicode>
        </TextEquiv>
      </TextLine>
      <TextLine id="eSc_line_57eec568" custom="structure {type:default;}">
        <Coords points="126,1189 129,1256 181,1249 177,1185 172,1132 121,1129 126,1189"/>
        <Baseline points="126,1189 177,1185"/>
        <TextEquiv conf="1.0">
          <Unicode>„</Unicode>
        </TextEquiv>
      </TextLine>
      <TextLine id="eSc_line_5d96437d" custom="structure {type:default;}">
        <Coords points="572,1215 572,1230 2038,1238 2040,1215 2038,1184 1937,1192 1790,1184 1777,1184 1775,1184 1770,1184 1726,1192 1690,1184 1685,1184 1683,1184 1681,1184 1679,1184 1650,1194 1551,1194 1539,1185 1539,1184 1538,1184 1536,1184 1534,1184 1532,1184 1531,1184 1531,1185 1517,1192 1498,1185 1495,1184 1493,1184 1491,1184 1471,1185 1385,1192 1307,1185 1281,1184 1279,1184 1278,1184 1273,1185 1254,1192 1201,1185 1180,1184 1179,1184 1177,1184 1170,1185 1151,1194 1052,1194 1039,1187 1033,1184 1032,1184 1030,1184 999,1187 943,1192 904,1187 880,1184 878,1184 572,1187 572,1215"/>
        <Baseline points="572,1215 2040,1215"/>
        <TextEquiv conf="0.9977410843497828">
          <Unicode>Veterano presbytero Romae inventus sit, respondet haec: „De Sclavorum gente,</Unicode>
        </TextEquiv>
      </TextLine>
      <TextLine id="eSc_line_8945a404" custom="structure {type:default;}">
        <Coords points="570,1259 570,1279 2040,1279 2042,1254 2037,1228 569,1237 570,1259"/>
        <Baseline points="570,1259 2042,1254"/>
        <TextEquiv conf="0.9988050475007012">
          <Unicode>quae vobis valde imminet, et affligor vehementer et conturbor; affligor in his, quac</Unicode>
        </TextEquiv>
      </TextLine>
      <TextLine id="eSc_line_16f30dbe" custom="structure {type:default;}">
        <Coords points="570,1302 570,1320 2042,1315 2043,1297 2038,1273 569,1276 570,1302"/>
        <Baseline points="570,1302 2043,1297"/>
        <TextEquiv conf="0.9966620767400378">
          <Unicode>iam in vobis patior, conturbor, quia per Histriae aditum iam ad Italiam intrare coe-</Unicode>
        </TextEquiv>
      </TextLine>
      <TextLine id="eSc_line_7f909402" custom="structure {type:default;}">
        <Coords points="570,1343 570,1370 690,1358 864,1367 902,1368 904,1368 917,1367 970,1356 984,1365 984,1367 986,1367 987,1367 989,1367 1008,1365 1086,1356 1136,1363 1160,1367 1162,1367 1213,1363 1285,1356 1307,1361 1326,1365 1327,1365 1329,1365 1331,1365 1336,1361 1343,1356 1351,1361 1362,1365 1363,1365 1365,1367 1633,1367 1633,1365 1635,1365 1637,1365 1649,1356 1652,1355 1654,1356 1667,1365 1669,1365 1671,1365 1673,1365 1826,1363 1828,1363 1830,1363 1842,1355 1845,1353 1869,1355 2006,1363 2007,1363 2009,1363 2043,1351 2043,1336 2038,1315 569,1317 570,1343"/>
        <Baseline points="570,1343 2043,1336"/>
        <TextEquiv conf="0.9897562581815837">
          <Unicode>perunt“. Queritur, se „foris a gentibus et intus a iudicibus conturbari“. De pau-</Unicode>
        </TextEquiv>
      </TextLine>
      <TextLine id="eSc_line_a13083ad" custom="structure {type:default;}">
        <Coords points="572,1385 572,1411 2042,1409 2043,1382 2038,1360 570,1361 572,1385"/>
        <Baseline points="572,1385 2043,1382"/>
        <TextEquiv conf="0.9965275395207289">
          <Unicode>peribus tuendis et de Photinianistis ad fidem revocandis addit. Reg. X. 15, (Maur.</Unicode>
        </TextEquiv>
      </TextLine>
      <TextLine id="eSc_line_7bc81c21" custom="structure {type:default;}">
        <Coords points="572,1428 572,1444 1474,1438 1476,1423 1471,1399 570,1402 572,1428"/>
        <Baseline points="572,1428 1476,1423"/>
        <TextEquiv conf="0.9972776545418633">
          <Unicode>X. 36, Guss. VIII. 36). — „Ad Romanam urbem“.</Unicode>
        </TextEquiv>
      </TextLine>
      <TextLine id="eSc_line_94a902e1" custom="structure {type:default;}">
        <Coords points="538,1474 538,1491 762,1491 787,1500 789,1500 791,1500 837,1490 839,1490 844,1490 1032,1498 1033,1498 1109,1490 1129,1500 1131,1500 1133,1500 1201,1488 1203,1488 1208,1488 1380,1498 1382,1498 1384,1498 1385,1498 1401,1490 1941,1495 1943,1495 1944,1495 1970,1485 2045,1485 2045,1466 2040,1438 536,1445 538,1474"/>
        <Baseline points="538,1474 2045,1466"/>
        <TextEquiv conf="0.9934014358690807">
          <Unicode>1785 (1322) Innocentio, Africae praefecto praetorio, initum honorem gratulatur, dro-</Unicode>
        </TextEquiv>
      </TextLine>
      <TextLine id="eSc_line_6b1ed1f1" custom="structure {type:default;}">
        <Coords points="133,1485 133,1503 179,1503 179,1485 179,1438 133,1435 133,1485"/>
        <Baseline points="133,1485 179,1485"/>
        <TextEquiv conf="0.9999997615814209">
          <Unicode>„</Unicode>
        </TextEquiv>
      </TextLine>
      <TextLine id="eSc_line_11dde7a5" custom="structure {type:default;}">
        <Coords points="574,1514 574,1536 2043,1531 2045,1508 2040,1486 572,1488 574,1514"/>
        <Baseline points="574,1514 2045,1508"/>
        <TextEquiv conf="0.9997865573152319">
          <Unicode>monesque praeparanti nunciat, „cum Langobardorum rege usque ad mensem Martium</Unicode>
        </TextEquiv>
      </TextLine>
      <TextLine id="eSc_line_074acedc" custom="structure {type:default;}">
        <Coords points="572,1556 572,1573 1674,1577 1676,1577 2043,1567 2045,1549 2040,1526 570,1531 572,1556"/>
        <Baseline points="572,1556 2045,1549"/>
        <TextEquiv conf="0.9979449868202209">
          <Unicode>futurae quartae indictionis (i. e. anni 601) de pace convenisse; quae“ inquit „si re-</Unicode>
        </TextEquiv>
      </TextLine>
      <TextLine id="eSc_line_7a7022c4" custom="structure {type:default;}">
        <Coords points="572,1597 572,1618 736,1618 739,1618 772,1626 774,1626 775,1626 847,1618 852,1618 854,1618 881,1626 883,1626 885,1626 986,1618 1006,1616 1050,1618 1269,1625 1271,1625 1351,1616 1370,1614 1384,1616 1428,1623 1430,1623 2043,1613 2045,1590 2040,1570 570,1575 572,1597"/>
        <Baseline points="572,1597 2045,1590"/>
        <TextEquiv conf="0.9950381943157741">
          <Unicode>tincatur, ignoramus, quia idem rex obisse postea nuntiatus est, licet adhuc habeatur</Unicode>
        </TextEquiv>
      </TextLine>
      <TextLine id="eSc_line_2d056a96" custom="structure {type:default;}">
        <Coords points="572,1638 572,1657 2043,1661 2047,1635 2042,1608 570,1614 572,1638"/>
        <Baseline points="572,1638 2047,1635"/>
        <TextEquiv conf="0.9949302390217781">
          <Unicode>incertum“. De Anamundaro addit. Suum in Iob commentarium postulanti S. Augustini</Unicode>
        </TextEquiv>
      </TextLine>
      <TextLine id="eSc_line_50285744" custom="structure {type:default;}">
        <Coords points="574,1683 574,1698 2045,1695 2047,1678 2043,1654 584,1649 582,1649 581,1649 579,1649 572,1654 574,1683"/>
        <Baseline points="574,1683 2047,1678"/>
        <TextEquiv conf="0.9963768954518475">
          <Unicode>libros commendat. De patrocinio eius in pauperes b. Petri, de quo Hilarus char-</Unicode>
        </TextEquiv>
      </TextLine>
      <TextLine id="eSc_line_acacfc3d" custom="structure {type:default;}">
        <Coords points="574,1725 574,1753 705,1744 943,1749 1062,1753 1064,1753 1066,1753 1078,1749 1100,1743 1134,1748 1153,1751 1155,1751 1179,1748 1216,1743 1232,1748 1244,1751 1245,1751 1247,1751 1249,1751 1261,1748 1278,1743 1356,1746 1452,1751 1454,1751 1456,1751 1476,1746 1486,1743 1495,1744 1514,1751 1515,1751 1517,1751 1553,1744 1573,1741 1580,1744 1591,1749 1592,1749 1594,1749 1596,1749 1609,1744 1618,1741 1678,1743 1801,1749 1802,1749 1804,1749 1806,1749 1818,1743 1820,1741 1828,1743 1872,1749 1874,1749 1943,1741 1948,1741 1949,1741 1978,1749 1980,1749 1982,1749 2045,1739 2047,1720 2043,1698 1064,1691 1062,1691 1061,1691 1044,1700 589,1693 587,1693 586,1693 584,1693 572,1698 574,1725"/>
        <Baseline points="574,1725 2047,1720"/>
        <TextEquiv conf="0.9916225693312036">
          <Unicode>tularius retulerit, gratias agit. Reg. X. 16, (Maur. X. 37, Guss. VIII. 37). — „Lu-</Unicode>
        </TextEquiv>
      </TextLine>
      <TextLine id="eSc_line_539e0700" custom="structure {type:default;}">
        <Coords points="574,1766 574,1782 898,1789 900,1789 902,1789 936,1778 936,1763 931,1739 572,1741 574,1766"/>
        <Baseline points="574,1766 936,1763"/>
        <TextEquiv conf="0.9998074293136596">
          <Unicode>culenta eminentiae“.</Unicode>
        </TextEquiv>
      </TextLine>
      <TextLine id="eSc_line_5bcf5300" custom="structure {type:default;}">
        <Coords points="538,1809 540,1835 563,1826 839,1831 907,1833 909,1833 910,1833 917,1831 946,1825 1158,1830 1283,1831 1285,1831 1303,1828 1327,1823 1481,1826 1666,1830 1667,1830 2047,1819 2049,1802 2043,1770 536,1780 538,1809"/>
        <Baseline points="538,1809 2049,1802"/>
        <TextEquiv conf="0.9940394156035923">
          <Unicode>1786 (1323) lanuario, episcopo Caralitano, significat, ex Dominici, episcopi Cartha-</Unicode>
        </TextEquiv>
      </TextLine>
      <TextLine id="eSc_line_d46e0b53" custom="structure {type:default;}">
        <Coords points="138,1859 186,1866 187,1819 187,1758 140,1743 138,1819 138,1859"/>
        <Baseline points="138,1819 187,1819"/>
        <TextEquiv conf="0.9999980926513672">
          <Unicode>„</Unicode>
        </TextEquiv>
      </TextLine>
      <TextLine id="eSc_line_aff2a6ef" custom="structure {type:default;}">
        <Coords points="575,1852 575,1879 2047,1869 2049,1849 2043,1826 574,1828 575,1852"/>
        <Baseline points="575,1852 2049,1849"/>
        <TextEquiv conf="0.9995467415016689">
          <Unicode>giniensis, et Innocentii, Africae praefecti, epistolis, quarum exemplaria ei transmittit,</Unicode>
        </TextEquiv>
      </TextLine>
      <TextLine id="eSc_line_8c5efa52" custom="structure {type:default;}">
        <Coords points="575,1893 575,1913 2049,1912 2050,1888 2045,1866 574,1869 575,1893"/>
        <Baseline points="575,1893 2050,1888"/>
        <TextEquiv conf="0.9968161511988867">
          <Unicode>se cognovisse, „qualiter in Sardinia minores vel pauperes, ab eis, qui illic maiorcs</Unicode>
        </TextEquiv>
      </TextLine>
      <TextLine id="eSc_line_0b54d110" custom="structure {type:default;}">
        <Coords points="577,1936 577,1949 627,1960 628,1960 630,1960 666,1951 683,1960 685,1960 686,1960 874,1951 878,1951 880,1951 948,1960 950,1960 1044,1951 1047,1951 1052,1951 1134,1960 1136,1960 2047,1951 2049,1936 2045,1905 1406,1910 1387,1907 1353,1901 1351,1901 1350,1901 1332,1908 1326,1910 1290,1908 1197,1901 1196,1901 1073,1908 1047,1910 1033,1910 967,1901 965,1901 810,1910 803,1910 801,1910 755,1901 753,1901 647,1910 598,1901 596,1901 594,1901 577,1910 577,1936"/>
        <Baseline points="577,1936 2049,1936"/>
        <TextEquiv conf="0.995550686866045">
          <Unicode>sint, opprimantur“. Monet de protegendis iis, qui in ecclesiam confugerint. Reg.</Unicode>
        </TextEquiv>
      </TextLine>
      <TextLine id="eSc_line_ecfec012" custom="structure {type:default;}">
        <Coords points="579,1980 579,1999 644,1992 680,1999 693,2001 695,2001 697,2001 698,2001 700,1999 710,1992 719,1999 722,2002 724,2002 726,2002 779,2004 780,2004 813,1997 840,1992 851,1997 864,2004 866,2004 868,2004 869,2004 890,1997 904,1992 921,1997 948,2004 950,2004 951,2004 953,2004 970,1995 980,1992 1003,1995 1052,2004 1054,2004 1056,2004 1081,1995 1092,1992 1105,1995 1150,2004 1151,2004 1153,2004 1155,2004 1168,1994 1170,1994 1177,1994 1240,2002 1242,2002 1244,2002 1245,2002 1256,1994 1261,1990 1314,1990 1319,1992 1338,2002 1339,2002 1341,2004 1478,2004 1478,2002 1479,2002 1481,2002 1481,2001 1491,1992 1491,1990 1493,1992 1512,1999 1514,1999 1515,1999 1517,1999 1549,1990 1551,1990 1553,1990 1565,2001 1565,2002 1567,2002 1568,2002 1570,2004 1691,2004 1691,2002 1693,2002 1729,1989 1729,1977 1726,1953 1153,1944 1151,1944 1080,1953 1073,1954 577,1954 579,1980"/>
        <Baseline points="579,1980 1729,1977"/>
        <TextEquiv conf="0.9976987337309217">
          <Unicode>X. 17, (Maur. X. 38, Guss. VIII. 38). — „Qualiter in Sardinia“.</Unicode>
        </TextEquiv>
      </TextLine>
      <TextLine id="eSc_line_800fce3e" custom="structure {type:default;}">
        <Coords points="540,2021 540,2052 608,2040 748,2048 750,2048 1074,2038 1259,2043 1416,2047 1418,2047 1420,2047 1445,2040 1457,2038 1553,2038 1874,2043 1876,2043 2050,2031 2052,2013 2047,1989 538,1995 540,2021"/>
        <Baseline points="540,2021 2052,2013"/>
        <TextEquiv conf="0.9996362141398496">
          <Unicode>1787 (1324) Adeodato, abbati Neapolitano, scribit, se monasterio eius S. Scbastiani et</Unicode>
        </TextEquiv>
      </TextLine>
      <TextLine id="eSc_line_fe030006" custom="structure {type:default;}">
        <Coords points="138,2035 138,2060 189,2060 189,2035 189,2002 138,2001 138,2035"/>
        <Baseline points="138,2035 189,2035"/>
        <TextEquiv conf="1.0">
          <Unicode>„</Unicode>
        </TextEquiv>
      </TextLine>
      <TextLine id="eSc_line_1e6d2f93" custom="structure {type:default;}">
        <Coords points="577,2060 577,2079 2050,2076 2052,2057 2049,2033 575,2030 577,2060"/>
        <Baseline points="577,2060 2052,2057"/>
        <TextEquiv conf="0.9998587675210906">
          <Unicode>Graterense, quod situm in Plaia est (dioc. Neapolitanae), et Puteolanum, quod Fal-</Unicode>
        </TextEquiv>
      </TextLine>
      <TextLine id="eSc_line_5629aa52" custom="structure {type:default;}">
        <Coords points="577,2103 577,2130 2050,2124 2052,2098 2049,2078 575,2078 577,2103"/>
        <Baseline points="577,2103 2052,2098"/>
        <TextEquiv conf="0.999883752710679">
          <Unicode>cidis dicitur, monasteria coniungere, salvis iuribus et Neapolitani posthac ordinandi</Unicode>
        </TextEquiv>
      </TextLine>
      <TextLine id="eSc_line_90549ddd" custom="structure {type:default;}">
        <Coords points="577,2146 577,2166 936,2175 938,2175 977,2166 982,2166 989,2166 1050,2175 1052,2175 1054,2175 1056,2175 1066,2166 1071,2165 1100,2166 1187,2173 1189,2173 1191,2173 1204,2166 1208,2165 1216,2166 1242,2173 1244,2173 1245,2173 1297,2166 1314,2165 1326,2166 1358,2173 1360,2175 1456,2175 1456,2173 1457,2173 1459,2173 1469,2166 1471,2165 1485,2166 1536,2173 1538,2173 1539,2173 1568,2166 1584,2163 1635,2166 1720,2171 1722,2171 1724,2171 1744,2166 1756,2163 1782,2166 1828,2171 1830,2171 2050,2165 2052,2141 2047,2119 575,2122 577,2146"/>
        <Baseline points="577,2146 2052,2141"/>
        <TextEquiv conf="0.9950589430637848">
          <Unicode>et Puteolani episcopi. Reg. X. 18, (Maur. X. 61, Guss. VIII. 39). — „Quorumdam</Unicode>
        </TextEquiv>
      </TextLine>
      <TextLine id="eSc_line_bd47a202" custom="structure {type:default;}">
        <Coords points="579,2189 579,2202 702,2211 704,2211 832,2199 833,2185 828,2160 577,2161 579,2189"/>
        <Baseline points="579,2189 833,2185"/>
        <TextEquiv conf="0.999999980131785">
          <Unicode>monachorum“.</Unicode>
        </TextEquiv>
      </TextLine>
      <TextLine id="eSc_line_cc816af3" custom="structure {type:default;}">
        <Coords points="541,2233 541,2252 2055,2252 2055,2226 2050,2192 1392,2201 1365,2197 1315,2192 1314,2192 1312,2192 1298,2199 1290,2202 1281,2199 1269,2194 1268,2194 1266,2194 1264,2194 1249,2199 1238,2204 1056,2204 1049,2201 1027,2194 1025,2194 1023,2194 924,2202 893,2204 832,2202 557,2195 555,2195 553,2195 551,2195 540,2201 541,2233"/>
        <Baseline points="541,2233 2055,2226"/>
        <TextEquiv conf="0.9995124634489956">
          <Unicode>1788 (1325) Clero et nobilibus civibus Neapolitanis edicit, nec Petrum diaconum, ab</Unicode>
        </TextEquiv>
      </TextLine>
      <TextLine id="eSc_line_8657a350" custom="structure {type:default;}">
        <Coords points="143,2245 143,2252 191,2247 191,2242 186,2195 138,2189 143,2245"/>
        <Baseline points="143,2245 191,2242"/>
        <TextEquiv conf="1.0">
          <Unicode>„</Unicode>
        </TextEquiv>
      </TextLine>
      <TextLine id="eSc_line_c16ca5f9" custom="structure {type:default;}">
        <Coords points="581,2274 581,2293 2052,2288 2054,2269 2049,2243 579,2247 581,2274"/>
        <Baseline points="581,2274 2054,2269"/>
        <TextEquiv conf="0.998953992937818">
          <Unicode>iis electum, si feneretur, dignum honore episcopali esse, neque quem diversa pars</Unicode>
        </TextEquiv>
      </TextLine>
      <TextLine id="eSc_line_d1f32903" custom="structure {type:default;}">
        <Coords points="581,2315 581,2332 644,2342 645,2342 700,2336 712,2344 714,2344 716,2344 717,2344 719,2344 739,2334 770,2346 772,2346 774,2346 863,2336 980,2346 982,2346 1039,2336 1052,2334 1273,2334 1281,2337 1302,2346 1303,2346 1305,2348 1426,2348 1426,2346 1428,2346 1445,2337 1456,2334 1464,2337 1483,2346 1485,2346 1486,2348 1534,2348 1534,2346 1536,2346 1538,2346 1548,2339 1556,2334 1614,2339 1674,2344 1676,2344 1678,2344 1688,2339 1696,2336 1703,2339 1712,2346 1714,2346 1715,2346 1717,2348 1821,2348 1821,2346 1823,2346 1845,2341 1872,2334 1912,2341 1934,2344 1936,2344 1937,2344 1939,2344 1943,2341 1953,2334 1970,2341 1982,2346 1984,2346 1985,2346 2050,2341 2052,2315 2050,2289 581,2288 581,2315"/>
        <Baseline points="581,2315 2052,2315"/>
        <TextEquiv conf="0.9943595357239247">
          <Unicode>elegerit, lohannem diaconum castitatis expertem. Reg. X. 19, (Maur. X. 62, Guss.</Unicode>
        </TextEquiv>
      </TextLine>
      <TextLine id="eSc_line_81e23def" custom="structure {type:default;}">
        <Coords points="582,2356 582,2371 681,2371 685,2371 739,2383 741,2383 743,2383 772,2370 775,2370 827,2370 839,2380 839,2382 840,2382 842,2382 844,2382 915,2380 917,2380 938,2370 963,2382 965,2382 967,2382 1122,2380 1124,2380 1162,2366 1162,2351 1156,2330 581,2334 582,2356"/>
        <Baseline points="582,2356 1162,2351"/>
        <TextEquiv conf="0.9995340746024559">
          <Unicode>VIII. 40). — „Nec novum nec“.</Unicode>
        </TextEquiv>
      </TextLine>
      <TextLine id="eSc_line_74dfb401" custom="structure {type:default;}">
        <Coords points="121,2400 121,2430 167,2440 169,2440 227,2433 227,2400 227,2359 177,2346 176,2346 174,2346 121,2356 121,2400"/>
        <Baseline points="121,2400 227,2400"/>
        <TextEquiv conf="0.9994940310716629">
          <Unicode>Aug.</Unicode>
        </TextEquiv>
      </TextLine>
      <TextLine id="eSc_line_4d5c8f64" custom="structure {type:default;}">
        <Coords points="545,2402 545,2419 2055,2412 2057,2394 2052,2366 543,2373 545,2402"/>
        <Baseline points="545,2402 2057,2394"/>
        <TextEquiv conf="0.9996624121183082">
          <Unicode>1789 (1326) Dominicum, episcopum Carthaginiensem, de lue in Africa vagante con-</Unicode>
        </TextEquiv>
      </TextLine>
      <TextLine id="eSc_line_8dd52b2b" custom="structure {type:default;}">
        <Coords points="581,2442 581,2457 1059,2465 1061,2465 1156,2457 1158,2457 1160,2457 1216,2465 1218,2465 1220,2465 1221,2465 1232,2457 1269,2464 1271,2464 1322,2455 1332,2455 1355,2455 1485,2464 1486,2464 1488,2464 1517,2455 1520,2455 1527,2455 1596,2464 1597,2464 1982,2453 1984,2438 1980,2416 627,2409 625,2409 579,2418 581,2442"/>
        <Baseline points="581,2442 1984,2438"/>
        <TextEquiv conf="0.9910892718716672">
          <Unicode>solatur. Reg. X. 20, (Maur. X. 63, Guss. VIII. 41). — „Quanta in Africanis“.</Unicode>
        </TextEquiv>
      </TextLine>
      <TextLine id="eSc_line_340d6e52" custom="structure {type:default;}">
        <Coords points="545,2488 545,2513 2055,2501 2057,2481 2054,2457 1305,2450 1303,2450 1302,2450 1300,2450 1290,2459 555,2453 553,2453 551,2453 550,2453 543,2457 545,2488"/>
        <Baseline points="545,2488 2057,2481"/>
        <TextEquiv conf="0.9987207457423211">
          <Unicode>1790 (1327) Eulogio, patriarchae Alexandrino, iam iterum respondet, cum Abramium</Unicode>
        </TextEquiv>
      </TextLine>
      <TextLine id="eSc_line_7bdf24e3" custom="structure {type:default;}">
        <Coords points="191,2493 191,2471 160,2460 158,2493 160,2518 191,2501 191,2493"/>
        <Baseline points="158,2493 191,2493"/>
        <TextEquiv conf="0.9999966621398926">
          <Unicode>„</Unicode>
        </TextEquiv>
      </TextLine>
      <TextLine id="eSc_line_4c242646" custom="structure {type:default;}">
        <Coords points="586,2529 586,2547 2055,2541 2057,2522 2052,2496 584,2496 586,2529"/>
        <Baseline points="586,2529 2057,2522"/>
        <TextEquiv conf="0.9964239256722587">
          <Unicode>Alexandrinum, supcrioris ad eum epistolae (ep. 1783) latorem, Ncapoli diu subsistere</Unicode>
        </TextEquiv>
      </TextLine>
      <TextLine id="eSc_line_fae63c5e" custom="structure {type:default;}">
        <Coords points="582,2568 582,2597 686,2585 874,2585 902,2595 905,2597 907,2597 909,2597 926,2595 1025,2585 1097,2595 1105,2595 1107,2595 1115,2595 1184,2583 1421,2585 1432,2594 1433,2595 1435,2595 1437,2595 1438,2595 1467,2592 1567,2582 1732,2592 1784,2594 1785,2595 1837,2595 1837,2594 1838,2594 1840,2594 1843,2590 1859,2582 1884,2590 1895,2594 1896,2594 1898,2594 2055,2588 2057,2563 2052,2539 581,2546 582,2568"/>
        <Baseline points="582,2568 2057,2563"/>
        <TextEquiv conf="0.9978233508765697">
          <Unicode>cognoverit. De Agnoitis exponit. Deesse sibi peritos Graeci sermonis interpretes</Unicode>
        </TextEquiv>
      </TextLine>
      <TextLine id="eSc_line_6805307b" custom="structure {type:default;}">
        <Coords points="586,2609 586,2633 2055,2636 2059,2606 2054,2582 584,2585 586,2609"/>
        <Baseline points="586,2609 2059,2606"/>
        <TextEquiv conf="0.9975703933152807">
          <Unicode>queritur. Addit de maioribus lignis praeparatis, quae mitti ob navis parvitatem non</Unicode>
        </TextEquiv>
      </TextLine>
      <TextLine id="eSc_line_fd56c94b" custom="structure {type:default;}">
        <Coords points="584,2653 584,2670 1992,2665 1994,2650 1989,2626 582,2628 584,2653"/>
        <Baseline points="584,2653 1994,2650"/>
        <TextEquiv conf="0.9953012644470512">
          <Unicode>potuerint. Reg. X. 21, (Maur. X. 39, Guss. VIII. 42). — „Sicut aqua frigida“.</Unicode>
        </TextEquiv>
      </TextLine>
      <TextLine id="eSc_line_3e4c92a3" custom="structure {type:default;}">
        <Coords points="121,2693 121,2730 211,2713 285,2720 287,2693 285,2662 208,2662 181,2648 165,2640 164,2640 162,2640 121,2640 121,2693"/>
        <Baseline points="121,2693 287,2693"/>
        <TextEquiv conf="0.9990358501672745">
          <Unicode>Sept. 1.</Unicode>
        </TextEquiv>
      </TextLine>
      <TextLine id="eSc_line_7c1d374c" custom="structure {type:default;}">
        <Coords points="545,2696 545,2730 702,2746 704,2746 792,2739 816,2747 818,2747 820,2747 878,2734 886,2732 892,2734 917,2746 919,2746 921,2747 1126,2747 1126,2746 1127,2746 1151,2737 1168,2746 1170,2746 1172,2746 1283,2744 1285,2744 1310,2737 1339,2730 1568,2739 1700,2744 1702,2744 1703,2744 1710,2741 1734,2729 2057,2742 2059,2691 2055,2669 1693,2660 1691,2660 1558,2669 1549,2669 1520,2669 1052,2662 1050,2662 1049,2662 1047,2662 1037,2670 1035,2672 543,2672 545,2696"/>
        <Baseline points="545,2696 2059,2691"/>
        <TextEquiv conf="0.9674831519766551">
          <Unicode>1791 (1351) Palladium. presbyterum de monte Sina, detractorum insadiam acquo animo</Unicode>
        </TextEquiv>
      </TextLine>
      <TextLine id="eSc_line_f69b15f4" custom="structure {type:default;}">
        <Coords points="170,2732 170,2778 249,2794 251,2794 295,2783 302,2782 305,2783 324,2794 326,2794 328,2794 329,2794 355,2785 365,2782 411,2787 452,2790 454,2790 456,2790 457,2790 459,2788 469,2780 497,2788 512,2794 514,2794 516,2794 567,2790 567,2732 567,2712 509,2712 487,2691 487,2689 485,2689 483,2689 481,2689 480,2689 454,2700 434,2689 432,2689 369,2689 367,2689 365,2689 364,2689 336,2710 170,2710 170,2732"/>
        <Baseline points="170,2732 567,2732"/>
        <TextEquiv conf="0.8738073110580444">
          <Unicode>—*— Sr— 24 —</Unicode>
        </TextEquiv>
      </TextLine>
      <TextLine id="eSc_line_2b29c125" custom="structure {type:default;}">
        <Coords points="1802,2741 1809,2800 1850,2794 1845,2735 1840,2708 1797,2712 1802,2741"/>
        <Baseline points="1802,2741 1845,2735"/>
        <TextEquiv conf="0.9596565663814545">
          <Unicode>S.</Unicode>
        </TextEquiv>
      </TextLine>
    </TextRegion>
    <TextRegion id="eSc_textblock_5e608666"  custom="structure {type:default;}">
      <Coords points="728,116 1363,116 1384,182 710,196 697,150 728,116"/>
      <TextLine id="eSc_line_55971ddb" custom="structure {type:default;}">
        <Coords points="1360,123 1115,123 1078,116 1069,116 1052,116 1035,116 1018,116 1001,116 984,116 967,116 950,116 933,116 915,116 898,116 881,116 864,116 847,116 830,116 813,116 796,116 779,116 777,116 767,124 716,124 710,131 712,169 712,186 791,186 792,187 806,199 806,201 808,201 810,201 811,203 1033,203 1033,201 1035,201 1037,201 1037,199 1044,193 1054,182 1172,182 1199,194 1201,194 1203,194 1259,186 1273,198 1273,199 1274,199 1276,199 1278,201 1365,201 1367,165 1363,131 1360,123"/>
        <Baseline points="712,169 1367,165"/>
        <TextEquiv conf="0.9593831033542238">
          <Unicode>S. (IRES(ioltII“ I. 590 — 60:</Unicode>
        </TextEquiv>
      </TextLine>
    </TextRegion>
    <TextRegion id="eSc_textblock_be15dae1"  custom="structure {type:default;}">
      <Coords points="1955,116 2059,129 2079,176 1924,203 1903,189 1910,129 1955,116"/>
      <TextLine id="eSc_line_3c6884bb" custom="structure {type:default;}">
        <Coords points="2006,123 1989,119 1972,117 1955,116 1937,119 1920,124 1924,169 1924,193 2011,191 2011,165 2006,123 2006,123"/>
        <Baseline points="1924,169 2011,165"/>
        <TextEquiv conf="1.0">
          <Unicode>201</Unicode>
        </TextEquiv>
      </TextLine>
    </TextRegion>
    <TextRegion id="eSc_textblock_96156170"  custom="structure {type:default;}">
      <Coords points="2078,382 2079,387 2074,387 2074,382 2078,382"/>
    </TextRegion>
  </Page>
</PcGts>
