<?xml version="1.0" encoding="UTF-8"  standalone="yes"?>
<PcGts xmlns="http://schema.primaresearch.org/PAGE/gts/pagecontent/2019-07-15" xmlns:xsi="http://www.w3.org/2001/XMLSchema-instance" xsi:schemaLocation="http://schema.primaresearch.org/PAGE/gts/pagecontent/2019-07-15 http://schema.primaresearch.org/PAGE/gts/pagecontent/2019-07-15/pagecontent.xsd">
  <Metadata externalRef="pdf//regestapontificu01cath.pdf">
	<Creator>escriptorium</Creator>
	<Created>2026-02-12T11:34:51.463228+00:00</Created>
        <LastChange>2026-02-13T11:10:09.125963+00:00</LastChange>
  </Metadata>
  <Page imageFilename="regestapontificu01cath.pdf_page_362.png" imageWidth="2353" imageHeight="3055">
    <TextRegion id="eSc_textblock_ad4beb0f"  custom="structure {type:default;}">
      <Coords points="300,135 392,135 405,181 292,201 278,162 300,135"/>
      <TextLine id="eSc_line_4efadfe8" custom="structure {type:default;}">
        <Coords points="385,135 368,135 351,135 334,135 317,135 300,135 300,179 300,205 390,205 390,179 388,137 385,135"/>
        <Baseline points="300,179 390,179"/>
        <TextEquiv conf="0.9999998410542806">
          <Unicode>322</Unicode>
        </TextEquiv>
      </TextLine>
    </TextRegion>
    <TextRegion id="eSc_textblock_17ab3ff0"  custom="structure {type:default;}">
      <Coords points="308,237 2271,244 2264,2272 2285,2483 2257,2544 2285,2571 2251,2700 1431,2720 482,2713 387,2693 414,2661 366,2625 380,2600 346,2591 339,2545 373,2525 325,2503 319,2462 325,2410 371,2403 373,2369 312,2347 278,2225 271,366 285,251 308,237"/>
      <TextLine id="eSc_line_317d97b5" custom="structure {type:default;}">
        <Coords points="711,291 711,312 938,307 938,286 935,249 860,244 859,244 857,244 855,244 845,252 840,257 803,257 801,256 792,247 792,246 791,246 789,246 745,244 743,244 741,244 709,257 711,291"/>
        <Baseline points="711,291 938,286"/>
        <TextEquiv conf="0.9959144393603007">
          <Unicode>824— 827.</Unicode>
        </TextEquiv>
      </TextLine>
      <TextLine id="eSc_line_5b622353" custom="structure {type:default;}">
        <Coords points="308,344 308,369 414,354 426,359 449,368 451,368 453,368 454,368 456,368 456,366 468,354 468,339 463,308 307,312 308,344"/>
        <Baseline points="308,344 468,339"/>
        <TextEquiv conf="0.9998791984149388">
          <Unicode>Apr. 6.</Unicode>
        </TextEquiv>
      </TextLine>
      <TextLine id="eSc_line_4ce0255e" custom="structure {type:default;}">
        <Coords points="714,341 714,359 2244,361 2246,336 2242,307 1911,307 1909,305 1894,295 1892,295 1891,295 1889,295 1887,295 1853,305 1848,305 1831,305 1718,297 1716,297 1714,297 1697,303 1690,307 1667,303 1621,298 1619,298 1585,303 1566,307 1558,303 1541,297 1539,297 1538,297 1536,297 1519,303 1509,307 1499,303 1483,298 1482,298 1480,298 1478,298 1461,303 1449,308 1217,308 1205,302 1198,298 1196,298 1195,298 1044,298 1042,298 1040,298 1032,302 1018,308 986,302 967,298 965,298 713,300 714,341"/>
        <Baseline points="714,341 2246,336"/>
        <TextEquiv conf="0.9972123607646587">
          <Unicode>12562 (1950) Petente (Hlilduino abbate) „SS. Dionysii, Medardi (Suessionensis) et Ger-</Unicode>
        </TextEquiv>
      </TextLine>
      <TextLine id="eSc_line_8ad20eb7" custom="structure {type:default;}">
        <Coords points="774,381 774,400 2242,397 2244,378 2239,354 772,354 774,381"/>
        <Baseline points="774,381 2244,378"/>
        <TextEquiv conf="0.9956683710397009">
          <Unicode>mani, pro voluntate Ludovici imperatoris, ecclesiae S. Petri (Rotomagensis) in par-</Unicode>
        </TextEquiv>
      </TextLine>
      <TextLine id="eSc_line_0ba82c39" custom="structure {type:default;}">
        <Coords points="775,422 775,437 2239,439 2242,419 2239,398 1611,388 1609,388 1607,388 1580,397 1526,388 1524,388 1522,388 1521,388 1502,398 799,390 797,390 796,390 774,398 775,422"/>
        <Baseline points="775,422 2242,419"/>
        <TextEquiv conf="0.9947621062397957">
          <Unicode>tibus Neustriae a Clothario constructae, ubi sanctissimus Audoenus requiescit in</Unicode>
        </TextEquiv>
      </TextLine>
      <TextLine id="eSc_line_be1ce9e4" custom="structure {type:default;}">
        <Coords points="774,466 774,490 2242,483 2244,463 2239,441 772,442 774,466"/>
        <Baseline points="774,466 2244,463"/>
        <TextEquiv conf="0.9981770515441895">
          <Unicode>corpore, huiusmodi privilegium firmat: ut scilicet omnes terras et consuetudines terra-</Unicode>
        </TextEquiv>
      </TextLine>
      <TextLine id="eSc_line_a6c65ab4" custom="structure {type:default;}">
        <Coords points="774,504 772,524 2239,526 2242,507 2240,482 774,478 774,504"/>
        <Baseline points="774,504 2242,507"/>
        <TextEquiv conf="0.9947536322805617">
          <Unicode>rum, a praedecessoribus regibus Clothario, Theoderico, item Clothario, Dagoberto,</Unicode>
        </TextEquiv>
      </TextLine>
      <TextLine id="eSc_line_92b22e4d" custom="structure {type:default;}">
        <Coords points="774,549 774,566 2235,571 2239,546 2235,522 1753,514 1752,514 772,522 774,549"/>
        <Baseline points="774,549 2239,546"/>
        <TextEquiv conf="0.9967324087418705">
          <Unicode>Clodoueo, item Theoderico, Carolomagno ac filio eius piissimo, imperatore Ludovico,</Unicode>
        </TextEquiv>
      </TextLine>
      <TextLine id="eSc_line_0622479d" custom="structure {type:default;}">
        <Coords points="775,588 774,604 809,617 811,617 813,617 814,617 838,607 886,617 887,617 933,607 957,617 959,617 960,619 1297,619 1297,617 1298,617 1336,607 1361,617 1363,617 1364,619 1519,619 1519,617 1595,609 1611,619 1612,619 1614,619 1616,621 1765,621 1765,619 1767,619 1789,609 1804,619 1806,619 1808,619 1809,619 1811,619 1841,609 1969,619 1971,619 2074,609 2133,619 2135,619 2239,607 2240,592 2239,568 775,565 775,588"/>
        <Baseline points="775,588 2240,592"/>
        <TextEquiv conf="0.9879984051348215">
          <Unicode>isti loco concessas perpetualiter possideant“. („Traditum p. m. lohannis notarii S.</Unicode>
        </TextEquiv>
      </TextLine>
      <TextLine id="eSc_line_4691e3fe" custom="structure {type:default;}">
        <Coords points="774,636 774,653 2237,646 2239,629 2235,605 772,605 774,636"/>
        <Baseline points="774,636 2239,629"/>
        <TextEquiv conf="0.9978728918468251">
          <Unicode>Petri, S. ydus Apr. ind. 15“). Exstant exempla Parisiis in bibl. nat. cod. lat. 19;y7</Unicode>
        </TextEquiv>
      </TextLine>
      <TextLine id="eSc_line_b328faa5" custom="structure {type:default;}">
        <Coords points="774,675 774,692 2242,690 2242,675 2242,651 1794,643 1792,643 1791,643 1777,648 1767,651 1741,648 1707,643 1706,643 1684,648 1665,651 1641,646 1617,643 1616,643 1614,643 1612,643 1607,646 1599,653 1507,653 1454,646 1422,643 1420,643 1419,643 1417,643 1414,646 1403,651 1278,644 1256,644 1254,644 1242,644 1157,651 1105,644 1093,643 1091,643 1089,643 1088,643 1088,644 1072,653 881,653 855,643 853,643 852,643 850,643 825,651 774,643 774,675"/>
        <Baseline points="774,675 2242,675"/>
        <TextEquiv conf="0.9955591669789067">
          <Unicode>(S. Germani lat. 577) p. 115 et in tabul. nat. LL. 123 (Chartul. de Choisv-en-Bac</Unicode>
        </TextEquiv>
      </TextLine>
      <TextLine id="eSc_line_6ae9c7fc" custom="structure {type:default;}">
        <Coords points="774,717 774,745 2242,745 2242,717 2242,695 774,695 774,717"/>
        <Baseline points="774,717 2242,717"/>
        <TextEquiv conf="0.992257336272469">
          <Unicode>saec. XV.) p. 59. (Neustria pia 20, Migne 129 p. 985). — „Quotiens illa“ („Quo-</Unicode>
        </TextEquiv>
      </TextLine>
      <TextLine id="eSc_line_adc880cf" custom="structure {type:default;}">
        <Coords points="772,760 772,777 1140,775 1140,760 1140,734 772,733 772,760"/>
        <Baseline points="772,760 1140,760"/>
        <TextEquiv conf="0.9997785800979251">
          <Unicode>niam dilectissimus“).</Unicode>
        </TextEquiv>
      </TextLine>
      <TextLine id="eSc_line_39f3a51f" custom="structure {type:default;}">
        <Coords points="303,806 303,835 471,824 471,802 466,733 421,733 417,733 383,719 381,719 380,719 302,731 303,806"/>
        <Baseline points="303,806 471,802"/>
        <TextEquiv conf="0.9192095845937729">
          <Unicode>da *</Unicode>
        </TextEquiv>
      </TextLine>
      <TextLine id="eSc_line_5861559f" custom="structure {type:default;}">
        <Coords points="731,802 731,819 2242,816 2244,799 2239,770 1792,772 1721,767 1651,763 1650,763 1617,767 1578,772 1524,767 1483,763 1482,763 1453,767 1398,773 1244,767 1212,765 1210,765 1208,765 1207,765 1191,775 957,775 920,765 916,765 915,765 913,765 877,773 730,765 731,802"/>
        <Baseline points="731,802 2244,799"/>
        <TextEquiv conf="0.9976404905319214">
          <Unicode>2563 (1948) Barnardo, archiepiscopo Viennensi, respondet, se „in cap. (D.) XI. Iusti-</Unicode>
        </TextEquiv>
      </TextLine>
      <TextLine id="eSc_line_309ebb07" custom="structure {type:default;}">
        <Coords points="774,845 774,867 2240,867 2242,841 2239,819 806,812 804,812 803,812 772,821 774,845"/>
        <Baseline points="774,845 2242,841"/>
        <TextEquiv conf="0.9998326507107965">
          <Unicode>nianae legis ita invenisse: ut descriptio (leg. praescriptio) XI. annorum venerabilibus</Unicode>
        </TextEquiv>
      </TextLine>
      <TextLine id="eSc_line_7317a6de" custom="structure {type:default;}">
        <Coords points="774,885 774,904 2242,908 2244,885 2244,860 774,860 774,885"/>
        <Baseline points="774,885 2244,885"/>
        <TextEquiv conf="0.9998493547792788">
          <Unicode>locis competenter aptetur, neque XX vel etiam XXX annorum praescriptio religionis</Unicode>
        </TextEquiv>
      </TextLine>
      <TextLine id="eSc_line_5cc00b99" custom="structure {type:default;}">
        <Coords points="772,930 772,945 2240,940 2242,924 2239,904 2001,904 1999,902 1977,894 1976,894 1974,894 1972,894 1948,902 1947,902 1945,902 1918,894 1916,894 1914,894 1858,902 1852,902 1850,902 1838,894 1836,894 1835,894 1833,894 1765,902 1740,904 1712,901 1662,896 1660,896 1578,901 1524,904 1426,901 1302,896 1300,896 1269,901 1230,906 1205,899 1195,897 1193,897 1191,897 1190,897 1181,899 1157,906 770,899 772,930"/>
        <Baseline points="772,930 2242,924"/>
        <TextEquiv conf="0.9912608794867992">
          <Unicode>domibus apponatur; sed sola XL. annorum curricula, non solum in legatis et rebus</Unicode>
        </TextEquiv>
      </TextLine>
      <TextLine id="eSc_line_236af16c" custom="structure {type:default;}">
        <Coords points="772,970 772,989 2239,991 2242,967 2237,945 770,945 772,970"/>
        <Baseline points="772,970 2242,967"/>
        <TextEquiv conf="0.9991355503714362">
          <Unicode>exterioribus, sed etiam in haereditatibus sacris valeant“. Privilegia eius rata manere</Unicode>
        </TextEquiv>
      </TextLine>
      <TextLine id="eSc_line_433d56db" custom="structure {type:default;}">
        <Coords points="774,1011 774,1030 2240,1030 2240,1011 2240,986 774,986 774,1011"/>
        <Baseline points="774,1011 2240,1011"/>
        <TextEquiv conf="0.994838991797114">
          <Unicode>vult. (Significatio temporis est vehementer corrupta, nec parvam suspicionem movet:</Unicode>
        </TextEquiv>
      </TextLine>
      <TextLine id="eSc_line_4e958816" custom="structure {type:default;}">
        <Coords points="774,1057 774,1072 2235,1074 2239,1053 2235,1028 1522,1020 1521,1020 1519,1020 1502,1028 797,1021 796,1021 794,1021 772,1030 774,1057"/>
        <Baseline points="774,1057 2239,1053"/>
        <TextEquiv conf="0.9919883740502734">
          <Unicode>„Indiot. XV., Ludowici imp. a. IV“.) Bosco Flor. Bibl. laev. xyst. 50, Mansi XIV. 414,</Unicode>
        </TextEquiv>
      </TextLine>
      <TextLine id="eSc_line_eb97aa0c" custom="structure {type:default;}">
        <Coords points="770,1093 769,1113 823,1123 825,1123 1302,1118 1505,1116 1514,1120 1526,1125 1527,1125 1529,1126 2240,1126 2242,1096 2240,1072 770,1065 770,1093"/>
        <Baseline points="770,1093 2242,1096"/>
        <TextEquiv conf="0.9966946417772318">
          <Unicode>Graid Labbaye de St. Barnard I. preuves p. 23, Migne 105 p. 643, (Mabillon Acta</Unicode>
        </TextEquiv>
      </TextLine>
      <TextLine id="eSc_line_5d62be18" custom="structure {type:default;}">
        <Coords points="769,1137 769,1157 1677,1155 1677,1137 1677,1113 769,1108 769,1137"/>
        <Baseline points="769,1137 1677,1137"/>
        <TextEquiv conf="0.9982957681831048">
          <Unicode>SS. O. Ben. saec. IV. P. II. 567). — „Congaudeo“.</Unicode>
        </TextEquiv>
      </TextLine>
      <TextLine id="eSc_line_5d159999" custom="structure {type:default;}">
        <Coords points="730,1181 730,1196 2237,1203 2239,1181 2237,1143 2140,1155 1947,1155 1914,1143 1913,1143 1818,1143 1816,1143 1814,1143 1779,1154 1741,1143 1740,1143 1738,1143 1729,1143 1572,1154 1490,1145 1488,1145 1437,1154 1419,1143 1417,1143 1415,1143 1414,1143 1407,1143 1330,1155 1050,1155 991,1143 982,1143 981,1143 979,1143 977,1143 955,1154 892,1143 884,1143 882,1143 876,1143 828,1154 730,1145 730,1181"/>
        <Baseline points="730,1181 2239,1181"/>
        <TextEquiv conf="0.9979517105079833">
          <Unicode>2564 (1947) *Cunctis ecclesiae catholicae filiis commendat Anskarium et eius socios,</Unicode>
        </TextEquiv>
      </TextLine>
      <TextLine id="eSc_line_2e1321a3" custom="structure {type:default;}">
        <Coords points="772,1222 772,1244 2239,1237 2240,1216 2235,1196 770,1198 772,1222"/>
        <Baseline points="772,1222 2240,1216"/>
        <TextEquiv conf="0.9950426566747972">
          <Unicode>adiunctos aquilonensi legationi, Eboni archiepiscopo Remensi mandatae. Vide frag-</Unicode>
        </TextEquiv>
      </TextLine>
      <TextLine id="eSc_line_5e72b095" custom="structure {type:default;}">
        <Coords points="774,1264 774,1283 2239,1279 2239,1264 2239,1240 774,1240 774,1264"/>
        <Baseline points="774,1264 2239,1264"/>
        <TextEquiv conf="0.9946151654441635">
          <Unicode>mentum ap. Lappenberg Hamb. Urk. I. 29, Rydberg Sverg. Tract. I. 4. Cf. etiam</Unicode>
        </TextEquiv>
      </TextLine>
      <TextLine id="eSc_line_08587c8c" custom="structure {type:default;}">
        <Coords points="774,1306 774,1323 2237,1320 2239,1303 2235,1279 772,1276 774,1306"/>
        <Baseline points="774,1306 2239,1303"/>
        <TextEquiv conf="0.9999180114132235">
          <Unicode>Koppmann Zeitschrift des Ver. f. Hamb. Gesch. (1866) V. 508, qui hanc bullam datam esse</Unicode>
        </TextEquiv>
      </TextLine>
      <TextLine id="eSc_line_3d3b0b36" custom="structure {type:default;}">
        <Coords points="772,1349 772,1369 2239,1369 2239,1349 2239,1325 772,1325 772,1349"/>
        <Baseline points="772,1349 2239,1349"/>
        <TextEquiv conf="0.9966797769805531">
          <Unicode>negat et Simson Jahrb. I. 211. 265, Dehio Erzbisth. Hamburg-Bremen I. Anm. p. 11.</Unicode>
        </TextEquiv>
      </TextLine>
      <TextLine id="eSc_line_7122787b" custom="structure {type:default;}">
        <Coords points="731,1390 731,1410 2240,1410 2240,1390 2240,1364 731,1359 731,1390"/>
        <Baseline points="731,1390 2240,1390"/>
        <TextEquiv conf="0.9875145596616408">
          <Unicode>2565 (1949) Probatio per aquam frigidam quomodo facienda sit, docet litteris in Fran-</Unicode>
        </TextEquiv>
      </TextLine>
      <TextLine id="eSc_line_56a454fb" custom="structure {type:default;}">
        <Coords points="770,1432 770,1447 2149,1442 2150,1427 2145,1405 769,1408 770,1432"/>
        <Baseline points="770,1432 2150,1427"/>
        <TextEquiv conf="0.9933362435287153">
          <Unicode>ciam missis. Mabillon Vet. anal. 161, Migne 129 p. 085. — „Cum homineg“</Unicode>
        </TextEquiv>
      </TextLine>
      <TextLine id="eSc_line_70d76c0f" custom="structure {type:default;}">
        <Coords points="716,1473 716,1502 2240,1502 2240,1473 2240,1449 716,1447 716,1473"/>
        <Baseline points="716,1473 2240,1473"/>
        <TextEquiv conf="0.9966768026351929">
          <Unicode>1 2566 (1946) Rathfredo Favianensi, Methodio Speculi-luliensi seu Soriguturensi, Alewino</Unicode>
        </TextEquiv>
      </TextLine>
      <TextLine id="eSc_line_9de41c94" custom="structure {type:default;}">
        <Coords points="774,1517 774,1535 2237,1534 2239,1512 2235,1488 772,1488 774,1517"/>
        <Baseline points="774,1517 2239,1512"/>
        <TextEquiv conf="0.9910535797476768">
          <Unicode>Nitraviensi, Annoni Vetuarensi episcopis et Tuttundo ac Moymaro ducibus et opti-</Unicode>
        </TextEquiv>
      </TextLine>
      <TextLine id="eSc_line_3d0fb424" custom="structure {type:default;}">
        <Coords points="772,1559 772,1575 1201,1583 1203,1583 1648,1573 1682,1573 1694,1573 1838,1581 1840,1581 1841,1581 1843,1581 1855,1573 1886,1581 1887,1581 1889,1581 1891,1581 1926,1573 1928,1573 2215,1581 2217,1581 2218,1581 2237,1571 2237,1556 2234,1534 1517,1525 1516,1525 1514,1525 1478,1534 840,1527 838,1527 770,1535 772,1559"/>
        <Baseline points="772,1559 2237,1556"/>
        <TextEquiv conf="0.9943320341857083">
          <Unicode>matibus exercitibusque plebis Hunniae et Moraviae significat, se Vrolfum, archiepi-</Unicode>
        </TextEquiv>
      </TextLine>
      <TextLine id="eSc_line_b4e35c81" custom="structure {type:default;}">
        <Coords points="772,1600 772,1619 2237,1627 2239,1600 2239,1575 772,1575 772,1600"/>
        <Baseline points="772,1600 2239,1600"/>
        <TextEquiv conf="0.9999963663801362">
          <Unicode>scopum Laureacensem, metropolitam iis pracfecisse, et vicarium suum constitutum</Unicode>
        </TextEquiv>
      </TextLine>
      <TextLine id="eSc_line_a577ad57" custom="structure {type:default;}">
        <Coords points="772,1642 772,1663 2237,1658 2237,1642 2237,1617 772,1617 772,1642"/>
        <Baseline points="772,1642 2237,1642"/>
        <TextEquiv conf="0.9994816934907591">
          <Unicode>pallio donasse. Urkundenb. des Landes ob der Enns II. 700, Dümmler Pilgrim v.</Unicode>
        </TextEquiv>
      </TextLine>
      <TextLine id="eSc_line_79379d2c" custom="structure {type:default;}">
        <Coords points="774,1681 772,1695 792,1705 794,1705 796,1705 2234,1698 2235,1685 2234,1661 774,1658 774,1681"/>
        <Baseline points="774,1681 2235,1685"/>
        <TextEquiv conf="0.9874200099780236">
          <Unicode>P&#x27;assau p. 115, Ludewig SS. Rer. Germ. II. 360, Fefér C. D. HI. I. 158, Boczek C.</Unicode>
        </TextEquiv>
      </TextLine>
      <TextLine id="eSc_line_fd3e3984" custom="structure {type:default;}">
        <Coords points="774,1727 774,1744 2234,1748 2237,1724 2234,1702 1517,1693 1516,1693 1514,1693 1512,1693 1500,1702 1499,1704 772,1704 774,1727"/>
        <Baseline points="774,1727 2237,1724"/>
        <TextEquiv conf="0.9947479127289413">
          <Unicode>D. M. I. 14, Stredowsky Sacra Morav. p. 68, Mansi XIV. 412, Migne 105 p. 642,</Unicode>
        </TextEquiv>
      </TextLine>
      <TextLine id="eSc_line_dde65bda" custom="structure {type:default;}">
        <Coords points="774,1768 774,1787 2235,1783 2237,1765 2232,1739 772,1741 774,1768"/>
        <Baseline points="774,1768 2237,1765"/>
        <TextEquiv conf="0.9949404052117976">
          <Unicode>129 p. 989, Bull. Rom. E. T. I. 272. Spuriam esse hanc bullam probaverunt Düimmler</Unicode>
        </TextEquiv>
      </TextLine>
      <TextLine id="eSc_line_13f84783" custom="structure {type:default;}">
        <Coords points="772,1809 772,1833 1128,1826 1166,1831 1213,1838 1215,1838 1217,1838 1230,1831 1241,1826 1359,1829 1451,1833 1453,1833 1531,1829 1619,1824 1660,1827 1707,1833 1709,1833 1758,1827 1787,1824 1808,1827 1855,1834 1857,1834 1858,1834 1884,1826 1887,1826 1889,1826 1908,1836 1909,1836 1911,1838 2018,1838 2018,1836 2020,1836 2021,1836 2037,1826 2050,1836 2052,1836 2054,1836 2055,1838 2213,1838 2213,1836 2215,1836 2237,1824 2237,1805 2234,1783 1504,1775 1502,1775 1446,1783 1441,1785 770,1785 772,1809"/>
        <Baseline points="772,1809 2237,1805"/>
        <TextEquiv conf="0.9869552968460836">
          <Unicode>I. I. p. 19, Gfrörer Gesch. d. Ost- und Westfr. Karol. I. 119. Palacky Gesch. von</Unicode>
        </TextEquiv>
      </TextLine>
      <TextLine id="eSc_line_b01ed43e" custom="structure {type:default;}">
        <Coords points="772,1849 772,1866 908,1877 909,1877 957,1866 960,1866 1118,1866 1161,1877 1162,1877 1164,1877 1166,1877 1168,1877 1168,1875 1169,1875 1178,1865 1239,1865 1241,1865 1249,1873 1249,1875 1251,1875 1252,1875 1254,1875 1437,1868 1502,1875 1504,1875 1563,1863 1565,1846 1560,1821 770,1827 772,1849"/>
        <Baseline points="772,1849 1565,1846"/>
        <TextEquiv conf="0.9947432547807693">
          <Unicode>Böhmen I. 108. n. 65. — „Cum audivimus.“</Unicode>
        </TextEquiv>
      </TextLine>
      <TextLine id="eSc_line_fa770fbe" custom="structure {type:default;}">
        <Coords points="713,1895 713,1914 2240,1912 2240,1890 2235,1858 711,1860 713,1895"/>
        <Baseline points="713,1895 2240,1890"/>
        <TextEquiv conf="0.9961607945816857">
          <Unicode>p2567 (cccxxxv) Monasterii Agaunensis privilegia confirmat, „quia postulavit a nobis</Unicode>
        </TextEquiv>
      </TextLine>
      <TextLine id="eSc_line_cf5a9771" custom="structure {type:default;}">
        <Coords points="774,1936 774,1955 2237,1950 2239,1933 2234,1902 772,1904 774,1936"/>
        <Baseline points="774,1936 2239,1933"/>
        <TextEquiv conf="0.9956686643906582">
          <Unicode>Ludovicus, pronomine pius, excellentissimus rex Francorum“. (Subscribunt Eugenius</Unicode>
        </TextEquiv>
      </TextLine>
      <TextLine id="eSc_line_fc7cc3c6" custom="structure {type:default;}">
        <Coords points="772,1980 772,2004 845,2004 845,2002 847,2002 848,2002 864,1992 984,1992 1001,2002 1003,2002 1005,2002 1006,2004 1125,2004 1125,2002 1127,2002 1128,2002 1149,1992 1213,2002 1224,2002 1225,2002 1239,2002 1329,1992 1373,2001 1381,2002 1383,2002 1403,2001 1509,1990 1614,2001 1626,2001 1628,2001 1633,2001 1675,1990 2234,1997 2237,1977 2234,1955 1534,1946 1533,1946 1454,1955 911,1948 909,1948 770,1956 772,1980"/>
        <Baseline points="772,1980 2237,1977"/>
        <TextEquiv conf="0.9938709616661072">
          <Unicode>papa et 5 episcopi). Aubert Trésor de l&#x27;abbaye de St. Maurice d&#x27;Ag. p. 211,</Unicode>
        </TextEquiv>
      </TextLine>
      <TextLine id="eSc_line_16f61e88" custom="structure {type:default;}">
        <Coords points="774,2021 774,2045 2235,2043 2237,2021 2235,1994 774,1994 774,2021"/>
        <Baseline points="774,2021 2237,2021"/>
        <TextEquiv conf="0.9904869316536703">
          <Unicode>Mémorial de Fribourg IV. 353, Gall. Christ. XII. Instr. p. 425, Migne 129 p. 987.</Unicode>
        </TextEquiv>
      </TextLine>
      <TextLine id="eSc_line_2b9c9b0a" custom="structure {type:default;}">
        <Coords points="774,2060 774,2080 828,2080 838,2089 838,2090 840,2090 842,2090 843,2092 915,2092 915,2090 916,2090 938,2080 1212,2080 1222,2090 1224,2090 1225,2090 1227,2090 1482,2080 1687,2090 1689,2090 1690,2090 1728,2080 1869,2090 1870,2090 1872,2090 1899,2079 1899,2060 1899,2036 774,2036 774,2060"/>
        <Baseline points="774,2060 1899,2060"/>
        <TextEquiv conf="0.9998707411618069">
          <Unicode>— „Quia Dominus oves“ „Quia Dominus noster“ („In nomine“).</Unicode>
        </TextEquiv>
      </TextLine>
      <TextLine id="eSc_line_84c92f33" custom="structure {type:default;}">
        <Coords points="706,2131 706,2170 813,2150 814,2128 811,2087 769,2074 767,2074 765,2074 704,2080 706,2131"/>
        <Baseline points="706,2131 814,2128"/>
        <TextEquiv conf="0.9997377097606659">
          <Unicode>627.</Unicode>
        </TextEquiv>
      </TextLine>
      <TextLine id="eSc_line_9dad2d6c" custom="structure {type:default;}">
        <Coords points="308,2189 310,2248 354,2259 356,2259 409,2245 407,2186 404,2138 339,2124 337,2124 305,2131 308,2189"/>
        <Baseline points="308,2189 407,2186"/>
        <TextEquiv conf="0.8465992212295532">
          <Unicode>((„</Unicode>
        </TextEquiv>
      </TextLine>
      <TextLine id="eSc_line_39b69781" custom="structure {type:default;}">
        <Coords points="730,2184 728,2214 786,2219 787,2219 789,2219 791,2219 797,2214 813,2206 862,2214 891,2219 892,2221 1130,2221 1130,2219 1132,2219 1152,2213 1178,2206 1235,2213 1302,2221 1303,2221 1342,2213 1364,2208 1378,2213 1400,2221 1402,2221 1403,2223 1456,2223 1456,2221 1458,2221 1475,2213 1485,2208 1539,2208 1546,2211 1555,2218 1556,2218 1558,2218 1560,2218 1592,2211 1611,2208 1622,2211 1646,2219 1648,2219 1650,2219 1651,2219 1682,2211 1695,2208 1770,2211 1796,2211 1811,2223 1813,2223 1814,2223 1816,2223 1906,2209 1914,2209 1920,2209 1977,2223 1979,2223 1981,2223 1982,2223 2004,2209 2015,2209 2123,2218 2125,2218 2235,2208 2237,2189 2235,2158 1695,2148 1694,2148 1692,2148 1662,2157 1656,2157 1651,2157 1611,2148 1609,2148 1553,2157 1544,2157 1538,2157 1507,2148 1505,2148 1504,2148 1466,2155 1458,2157 1448,2155 1397,2148 1395,2148 1361,2155 1353,2157 1332,2155 1229,2146 1227,2146 730,2153 730,2184"/>
        <Baseline points="730,2184 2237,2189"/>
        <TextEquiv conf="0.9981144070625305">
          <Unicode>Moritur „mense Augusto“. Einhardi annal. 827 p. 216. Vita Hludowici imp. e. 41. p. 631.</Unicode>
        </TextEquiv>
      </TextLine>
      <TextLine id="eSc_line_d7c81b5c" custom="structure {type:default;}">
        <Coords points="1198,2428 1198,2452 1762,2452 1762,2428 1762,2372 1687,2362 1685,2362 1643,2369 1634,2371 1198,2364 1198,2428"/>
        <Baseline points="1198,2428 1762,2428"/>
        <TextEquiv conf="0.9992655366659164">
          <Unicode>VALEXTIXUS. 827.</Unicode>
        </TextEquiv>
      </TextLine>
      <TextLine id="eSc_line_61657428" custom="structure {type:default;}">
        <Coords points="707,2476 709,2510 818,2481 818,2471 814,2437 704,2423 707,2476"/>
        <Baseline points="707,2476 818,2471"/>
        <TextEquiv conf="0.9990986734628677">
          <Unicode>627.</Unicode>
        </TextEquiv>
      </TextLine>
      <TextLine id="eSc_line_61b80dce" custom="structure {type:default;}">
        <Coords points="488,2522 488,2540 704,2544 706,2522 706,2442 665,2442 663,2442 662,2442 660,2442 650,2450 624,2467 609,2460 607,2460 606,2460 604,2460 602,2460 582,2476 488,2476 488,2522"/>
        <Baseline points="488,2522 706,2522"/>
        <TextEquiv conf="0.9308948318163554">
          <Unicode>1. edraia</Unicode>
        </TextEquiv>
      </TextLine>
      <TextLine id="eSc_line_5262bbfa" custom="structure {type:default;}">
        <Coords points="719,2520 719,2544 2232,2550 2234,2520 2234,2484 2094,2477 2093,2477 2091,2477 2089,2477 2079,2484 2072,2489 1935,2489 1906,2484 1862,2477 1721,2477 1719,2477 1718,2477 1701,2486 1694,2491 1485,2491 1475,2488 1443,2477 1441,2477 1439,2477 1314,2486 1300,2477 1298,2477 1297,2477 1295,2477 1239,2488 1229,2489 1220,2488 1188,2479 1186,2479 1184,2479 1101,2486 1049,2477 1047,2477 1045,2477 1044,2477 1028,2489 1025,2491 719,2491 719,2520"/>
        <Baseline points="719,2520 2234,2520"/>
        <TextEquiv conf="0.9811362107116056">
          <Unicode>Eligitur. Vita Valentini in Vignolii lib. pont. III. 7, Einhardi Annal. 827 MG. SS.</Unicode>
        </TextEquiv>
      </TextLine>
      <TextLine id="eSc_line_b7dcfb27" custom="structure {type:default;}">
        <Coords points="500,2562 500,2579 696,2581 699,2561 696,2533 499,2530 500,2562"/>
        <Baseline points="500,2562 699,2561"/>
        <TextEquiv conf="0.9999993642171224">
          <Unicode>S. Mariae</Unicode>
        </TextEquiv>
      </TextLine>
      <TextLine id="eSc_line_0fac80fe" custom="structure {type:default;}">
        <Coords points="758,2564 758,2578 908,2578 908,2564 908,2539 758,2539 758,2564"/>
        <Baseline points="758,2564 908,2564"/>
        <TextEquiv conf="0.9979814631598336">
          <Unicode>I. 216.</Unicode>
        </TextEquiv>
      </TextLine>
      <TextLine id="eSc_line_6b9e448b" custom="structure {type:default;}">
        <Coords points="482,2605 482,2618 538,2618 539,2618 553,2630 555,2630 556,2630 558,2630 560,2630 561,2630 575,2622 682,2630 684,2630 685,2630 687,2630 687,2628 699,2618 701,2618 728,2618 730,2618 740,2628 740,2630 741,2630 743,2630 745,2632 957,2632 957,2630 959,2630 960,2630 960,2628 972,2618 1516,2618 1517,2601 1514,2576 1392,2566 1390,2566 1388,2566 1387,2566 1373,2574 1370,2576 1347,2574 1295,2567 1293,2567 1268,2572 1256,2576 1252,2572 1246,2567 1246,2566 1244,2566 1242,2566 1198,2566 1196,2566 1195,2566 1181,2572 1173,2578 1074,2578 1066,2571 1057,2566 1055,2566 1054,2566 994,2566 993,2566 991,2566 989,2566 982,2571 972,2578 933,2571 915,2567 913,2567 911,2567 903,2571 886,2576 592,2569 590,2569 539,2578 480,2567 482,2605"/>
        <Baseline points="482,2605 1517,2601"/>
        <TextEquiv conf="0.99369653379708">
          <Unicode>Ad palatium (Lateranense) deducitur. Vita Valentini 1. 1.</Unicode>
        </TextEquiv>
      </TextLine>
      <TextLine id="eSc_line_f7e1aa58" custom="structure {type:default;}">
        <Coords points="482,2645 482,2669 1826,2664 1828,2649 1826,2622 482,2618 482,2645"/>
        <Baseline points="482,2645 1828,2649"/>
        <TextEquiv conf="0.9856930173732139">
          <Unicode>Ap. b. Petrum Consecratur. Vita Valentini I. I., Einhardi Annal. 827 I. I.</Unicode>
        </TextEquiv>
      </TextLine>
      <TextLine id="eSc_line_c4069253" custom="structure {type:default;}">
        <Coords points="482,2686 482,2732 594,2732 594,2730 595,2730 597,2730 597,2729 599,2729 614,2712 682,2712 731,2727 735,2727 736,2727 738,2727 740,2727 743,2725 777,2713 876,2713 889,2722 891,2722 892,2722 894,2722 933,2713 957,2722 981,2730 982,2730 984,2730 986,2730 1008,2720 1025,2713 1088,2720 1198,2730 1200,2730 1274,2717 1337,2727 1339,2727 1341,2727 1392,2713 1395,2712 1524,2710 1524,2686 1524,2661 482,2661 482,2686"/>
        <Baseline points="482,2686 1524,2686"/>
        <TextEquiv conf="0.9817732449235588">
          <Unicode>Ad palatium (Iateranense) revertitur. Vita Valentini I. I.</Unicode>
        </TextEquiv>
      </TextLine>
    </TextRegion>
    <TextRegion id="eSc_textblock_1fc17114"  custom="structure {type:default;}">
      <Coords points="1339,115 1857,122 1877,188 801,208 651,181 672,128 1339,115"/>
      <TextLine id="eSc_line_b36b2292" custom="structure {type:default;}">
        <Coords points="804,125 787,125 770,125 753,125 736,127 719,127 702,127 697,127 685,137 687,181 687,201 1852,196 1853,176 1850,135 1774,128 1772,128 1740,135 1714,140 1706,135 1684,122 1682,122 1680,122 1646,122 1645,122 1354,137 1259,142 1251,139 1237,128 1235,128 1234,128 1232,128 1157,137 1093,123 1091,123 1089,123 1028,139 1008,144 979,139 911,128 909,128 869,137 852,125 850,125 848,125 821,125 804,125"/>
        <Baseline points="687,181 1853,176"/>
        <TextEquiv conf="0.9922318638757218">
          <Unicode>Lt&#x27;GiLNIIS II. 824—827. — VAI.EXTIXUS. 827.</Unicode>
        </TextEquiv>
      </TextLine>
    </TextRegion>
  </Page>
</PcGts>
