<?xml version="1.0" encoding="UTF-8"  standalone="yes"?>
<PcGts xmlns="http://schema.primaresearch.org/PAGE/gts/pagecontent/2019-07-15" xmlns:xsi="http://www.w3.org/2001/XMLSchema-instance" xsi:schemaLocation="http://schema.primaresearch.org/PAGE/gts/pagecontent/2019-07-15 http://schema.primaresearch.org/PAGE/gts/pagecontent/2019-07-15/pagecontent.xsd">
  <Metadata externalRef="pdf//regestapontificu01cath.pdf">
	<Creator>escriptorium</Creator>
	<Created>2026-02-12T11:35:34.668599+00:00</Created>
        <LastChange>2026-02-13T11:13:46.869729+00:00</LastChange>
  </Metadata>
  <Page imageFilename="regestapontificu01cath.pdf_page_380.png" imageWidth="2353" imageHeight="3055">
    <TextRegion id="eSc_textblock_957ccfa4"  custom="structure {type:default;}">
      <Coords points="314,128 419,135 412,195 305,201 285,162 314,128"/>
      <TextLine id="eSc_line_e109288b" custom="structure {type:default;}">
        <Coords points="397,134 380,132 363,130 353,130 310,130 314,174 314,200 404,200 404,171 398,134 397,134"/>
        <Baseline points="314,174 404,171"/>
        <TextEquiv conf="1.0">
          <Unicode>340</Unicode>
        </TextEquiv>
      </TextLine>
    </TextRegion>
    <TextRegion id="eSc_textblock_a93b6e07"  custom="structure {type:default;}">
      <Coords points="2045,224 2271,230 2285,285 2271,2700 2190,2720 740,2713 718,2673 529,2652 514,2455 500,2652 353,2652 346,2572 305,2530 312,2444 346,2410 305,2374 285,2028 285,251 2045,224"/>
      <TextLine id="eSc_line_f1bbe39c" custom="structure {type:default;}">
        <Coords points="954,239 947,239 930,241 913,241 896,241 879,241 862,241 845,241 828,242 811,242 794,242 777,242 760,242 748,242 726,251 728,283 728,305 1955,312 1957,312 1959,312 1960,312 1972,303 1974,303 2098,303 2100,280 2094,249 1865,251 1853,249 1802,237 1680,237 1679,237 1677,237 1675,237 1656,249 1653,252 1580,252 1575,249 1536,237 1534,237 1533,237 1531,237 1507,249 1504,252 1166,252 1164,251 1137,239 1135,239 1052,239 1050,239 988,251 955,239 954,239"/>
        <Baseline points="728,283 2100,280"/>
        <TextEquiv conf="0.9680867474756123">
          <Unicode>855. ( La(. 3 — 1. X.„f. — 1. im„„ Lotlario a. 39. p. e. eius 35. Ludorico a. 7.)</Unicode>
        </TextEquiv>
      </TextLine>
      <TextLine id="eSc_line_0da7dc1a" custom="structure {type:default;}">
        <Coords points="324,336 324,378 410,376 412,376 414,376 431,364 477,373 478,373 480,373 507,359 539,375 541,375 543,375 544,375 577,359 682,363 684,363 685,363 687,363 699,354 755,354 796,371 806,375 808,375 809,375 811,375 825,371 867,356 967,366 969,366 971,366 1001,353 1115,358 1123,366 1127,369 1128,369 1130,369 1132,369 1134,369 1149,364 1190,353 1229,364 1251,369 1252,369 1427,371 1429,371 1543,358 1544,329 1541,300 322,291 324,336"/>
        <Baseline points="324,336 1544,329"/>
        <TextEquiv conf="0.9713583567004273">
          <Unicode>Sept. 29. I„ pneriar- (L.ateranenve) revertirur. Vita Benedieti t. 1.</Unicode>
        </TextEquiv>
      </TextLine>
      <TextLine id="eSc_line_9947088d" custom="structure {type:default;}">
        <Coords points="555,378 556,465 629,451 634,453 646,459 648,459 650,459 651,459 677,446 675,375 672,353 612,344 611,344 553,354 555,378"/>
        <Baseline points="555,378 675,375"/>
        <TextEquiv conf="0.9649527668952942">
          <Unicode>dtusr</Unicode>
        </TextEquiv>
      </TextLine>
      <TextLine id="eSc_line_dd994236" custom="structure {type:default;}">
        <Coords points="750,419 750,437 2252,436 2254,414 2251,381 748,381 750,419"/>
        <Baseline points="750,419 2254,414"/>
        <TextEquiv conf="0.9937172398755425">
          <Unicode>Synodus, in qua Benedictus Anastasium, a Leone IV. excommunicatum et anathe-</Unicode>
        </TextEquiv>
      </TextLine>
      <TextLine id="eSc_line_b1dc6161" custom="structure {type:default;}">
        <Coords points="792,458 792,476 2247,471 2249,453 2244,426 791,429 792,458"/>
        <Baseline points="792,458 2249,453"/>
        <TextEquiv conf="0.9947876521321231">
          <Unicode>matizatum, „sacerdotalibus exspolians vestimentis inter laicos in communione recipit“.</Unicode>
        </TextEquiv>
      </TextLine>
      <TextLine id="eSc_line_369df73e" custom="structure {type:default;}">
        <Coords points="792,500 792,529 1521,529 1521,527 1526,527 1582,519 2247,526 2251,497 2246,473 791,475 792,500"/>
        <Baseline points="792,500 2251,497"/>
        <TextEquiv conf="0.999977923469779">
          <Unicode>Narrat haec Hadrianus II. in Hincmari annal. 868 MG. SS. I. 479, Mansi XIV. 1028;</Unicode>
        </TextEquiv>
      </TextLine>
      <TextLine id="eSc_line_fc361975" custom="structure {type:default;}">
        <Coords points="789,541 787,561 2246,568 2249,544 2246,512 789,512 789,541"/>
        <Baseline points="789,541 2249,544"/>
        <TextEquiv conf="0.9977481725968813">
          <Unicode>cf. Mansi XV. 123. (Ad hanc synodum pertinent, ut Hefele IV. 201 suspicatur,</Unicode>
        </TextEquiv>
      </TextLine>
      <TextLine id="eSc_line_16f76bf3" custom="structure {type:default;}">
        <Coords points="789,585 789,600 1397,597 1398,582 1395,556 804,549 803,549 801,549 799,549 787,554 789,585"/>
        <Baseline points="789,585 1398,582"/>
        <TextEquiv conf="0.9968347567500491">
          <Unicode>canones editi in MG. LL. I. 439.)</Unicode>
        </TextEquiv>
      </TextLine>
      <TextLine id="eSc_line_222f02ac" custom="structure {type:default;}">
        <Coords points="753,627 753,656 847,648 1706,653 1707,653 1757,644 2247,651 2251,622 2249,599 2206,587 2205,587 2203,587 2201,587 2159,597 2159,599 1994,599 1993,597 1971,588 1969,588 1967,588 1965,588 1943,597 1940,597 1911,597 1752,590 1750,590 1748,590 1746,590 1740,595 1733,600 1680,600 1673,595 1665,588 1663,588 1662,588 1660,588 1658,588 1633,595 1626,597 1621,595 1606,588 1604,588 1602,588 1546,595 1509,599 1500,595 1488,588 1487,588 1400,588 1398,588 1397,588 1385,594 1373,600 1285,600 1269,594 1256,588 1254,588 1252,588 1251,588 1249,588 1244,594 1237,599 1176,594 1157,592 1156,592 1154,592 1149,594 1123,602 1038,602 1018,592 1011,590 1010,590 1008,590 752,590 753,627"/>
        <Baseline points="753,627 2251,622"/>
        <TextEquiv conf="0.9824295316834047">
          <Unicode>2663 (2008) Monasterii SS. Petri et Pauli ac Stephani Corbeiensis (in dioec. Ambia-</Unicode>
        </TextEquiv>
      </TextLine>
      <TextLine id="eSc_line_adf67993" custom="structure {type:default;}">
        <Coords points="324,629 324,651 388,653 390,653 392,653 393,653 398,648 410,639 439,639 448,646 453,650 453,651 454,651 456,651 458,651 460,651 485,643 485,629 485,585 470,580 468,580 466,580 465,580 463,580 458,585 441,599 409,599 387,582 376,573 375,573 373,573 371,573 324,577 324,629"/>
        <Baseline points="324,629 485,629"/>
        <TextEquiv conf="0.9993021587530772">
          <Unicode>Oct 7.</Unicode>
        </TextEquiv>
      </TextLine>
      <TextLine id="eSc_line_18370606" custom="structure {type:default;}">
        <Coords points="792,672 792,690 2249,689 2251,665 2246,639 791,641 792,672"/>
        <Baseline points="792,672 2251,665"/>
        <TextEquiv conf="0.9993968802419576">
          <Unicode>nensi), sub Odone abbate constituti, possessiones et privilegia litteris verbosis, quae-</Unicode>
        </TextEquiv>
      </TextLine>
      <TextLine id="eSc_line_73efd7da" custom="structure {type:default;}">
        <Coords points="791,711 791,729 2249,726 2251,704 2246,680 789,682 791,711"/>
        <Baseline points="791,711 2251,704"/>
        <TextEquiv conf="0.9982484880458103">
          <Unicode>que legantur dignis, confirmat. Marini I papiri p. 17, Mabillon De re dipl. p. 438, Mansi</Unicode>
        </TextEquiv>
      </TextLine>
      <TextLine id="eSc_line_1548b41f" custom="structure {type:default;}">
        <Coords points="794,753 794,777 1003,772 1015,777 1018,780 1020,780 1022,780 1023,782 1208,782 1208,780 1210,780 1220,777 1242,772 1264,777 1274,780 1276,780 1278,780 1293,777 1332,770 1371,777 1378,779 1380,779 1403,777 1524,770 1582,777 1594,779 1595,779 1597,779 1600,777 1621,770 1634,777 1634,779 1636,779 1638,779 1639,780 1763,780 1763,779 1765,779 1770,777 1809,768 2246,777 2249,748 2246,728 1920,728 1920,726 1896,717 1894,717 1892,717 1782,726 1755,729 1595,729 1590,726 1577,719 1575,719 1573,719 1536,726 1524,728 1517,726 1499,719 1497,719 1495,719 1493,719 1478,726 1473,729 1397,729 1393,726 1385,719 1383,719 1381,719 1380,719 1337,726 1322,728 1312,726 1285,719 1283,719 1281,719 1280,719 1263,726 1251,729 1218,726 1178,721 1176,721 1144,726 1117,729 1078,726 1033,721 1032,721 1001,726 974,729 967,726 962,721 960,721 959,721 957,721 792,724 794,753"/>
        <Baseline points="794,753 2249,748"/>
        <TextEquiv conf="0.9865042745292961">
          <Unicode>XIV. 118, Migne 115 p. 693, Cocqu. I. 185, Bull. Rom. E. T. I. 295, (D&#x27;Achery</Unicode>
        </TextEquiv>
      </TextLine>
      <TextLine id="eSc_line_7e7dfd7d" custom="structure {type:default;}">
        <Coords points="791,794 791,814 2251,814 2252,794 2251,767 791,767 791,794"/>
        <Baseline points="791,794 2252,794"/>
        <TextEquiv conf="0.9925674279052091">
          <Unicode>Spic. III. 343, Migne 129 p. 1001). Tabulae huius papyraceae fragmenta expresserunt</Unicode>
        </TextEquiv>
      </TextLine>
      <TextLine id="eSc_line_5c2ca90b" custom="structure {type:default;}">
        <Coords points="791,836 791,853 896,865 898,865 994,855 1008,855 1015,857 1052,865 1054,865 1055,865 1108,857 1123,855 1198,857 1395,865 1397,865 1514,860 1631,855 1921,855 1940,863 1943,865 1945,865 1947,865 1964,863 2021,857 2067,865 2074,865 2076,865 2077,865 2079,865 2093,855 2120,865 2122,865 2123,865 2125,867 2251,867 2252,836 2249,806 791,807 791,836"/>
        <Baseline points="791,836 2252,836"/>
        <TextEquiv conf="0.9943908162060238">
          <Unicode>Champollion-Figeac Chartes sur papyrus fol. XI. XII, Mabillon I. l. tab. 47, Nouveau</Unicode>
        </TextEquiv>
      </TextLine>
      <TextLine id="eSc_line_b1fdc6e1" custom="structure {type:default;}">
        <Coords points="791,879 791,892 842,906 843,906 845,906 887,892 891,892 892,892 926,902 928,902 930,902 932,902 964,892 976,902 976,904 977,904 979,904 981,904 1110,892 1128,906 1130,906 1132,906 1134,906 1195,892 1235,904 1237,904 1239,904 1241,904 1242,904 1242,902 1254,891 1256,891 1307,891 1308,891 1324,904 1325,904 1327,904 1329,904 1436,896 1572,904 1573,904 1575,904 1604,891 1624,904 1626,904 1628,904 1629,906 1679,906 1679,904 1680,904 1682,904 1682,902 1695,891 1718,891 1719,875 1716,853 806,848 804,848 803,848 801,848 789,853 791,879"/>
        <Baseline points="791,879 1719,875"/>
        <TextEquiv conf="0.99835533618927">
          <Unicode>traité de dipl. V. tab. 79. — „Cum Romanae sedis“.</Unicode>
        </TextEquiv>
      </TextLine>
      <TextLine id="eSc_line_c3dfc222" custom="structure {type:default;}">
        <Coords points="752,923 752,947 2249,938 2251,919 2247,889 750,889 752,923"/>
        <Baseline points="752,923 2251,919"/>
        <TextEquiv conf="0.9940389423835568">
          <Unicode>2664 (2009) Petente Hincmaro, archiepiscopo Remensi, acta synodi Suessionensis II.</Unicode>
        </TextEquiv>
      </TextLine>
      <TextLine id="eSc_line_c6a8336f" custom="structure {type:default;}">
        <Coords points="794,962 794,984 2252,979 2252,962 2252,936 794,936 794,962"/>
        <Baseline points="794,962 2252,962"/>
        <TextEquiv conf="0.994882874017538">
          <Unicode>(853, Apr. 28.) approbat, hac addita conditione: „Si ita est, nostro ut scriptis prae-</Unicode>
        </TextEquiv>
      </TextLine>
      <TextLine id="eSc_line_74caa0e4" custom="structure {type:default;}">
        <Coords points="794,1006 794,1030 2249,1031 2251,1006 2251,982 794,982 794,1006"/>
        <Baseline points="794,1006 2251,1006"/>
        <TextEquiv conf="0.9976345677919025">
          <Unicode>sulatui intimasti et gestorum serie demonstrasti“. Hincmari primatum confirmat,</Unicode>
        </TextEquiv>
      </TextLine>
      <TextLine id="eSc_line_0f7756a4" custom="structure {type:default;}">
        <Coords points="794,1048 794,1067 2247,1069 2251,1043 2246,1018 792,1018 794,1048"/>
        <Baseline points="794,1048 2251,1043"/>
        <TextEquiv conf="0.9948980139523018">
          <Unicode>sancitque, „ne quilibet dioeceseos Remensis eo contempto impune audeat, seu valeat</Unicode>
        </TextEquiv>
      </TextLine>
      <TextLine id="eSc_line_6fcd9865" custom="structure {type:default;}">
        <Coords points="792,1091 792,1104 2247,1109 2251,1087 2247,1064 1704,1053 1702,1053 1611,1062 1597,1062 1590,1062 1548,1053 1546,1053 1544,1053 1526,1062 1517,1064 1502,1060 1468,1055 1466,1055 1410,1060 1378,1064 791,1060 792,1091"/>
        <Baseline points="792,1091 2251,1087"/>
        <TextEquiv conf="0.9921702670763775">
          <Unicode>aliena expetere iudicia, salvo in omnibus iure apostolicae sedis“. (Hanc epistolam,</Unicode>
        </TextEquiv>
      </TextLine>
      <TextLine id="eSc_line_8e989822" custom="structure {type:default;}">
        <Coords points="794,1130 794,1150 2251,1154 2252,1130 2252,1108 794,1108 794,1130"/>
        <Baseline points="794,1130 2252,1130"/>
        <TextEquiv conf="0.9947645573055043">
          <Unicode>ut sibi crimini datum erat, finxisse se negat Hincmarus-Rem. in ep. 11 cf. v. Noorden</Unicode>
        </TextEquiv>
      </TextLine>
      <TextLine id="eSc_line_3f9b13b1" custom="structure {type:default;}">
        <Coords points="794,1172 794,1191 2251,1196 2254,1169 2249,1145 792,1147 794,1172"/>
        <Baseline points="794,1172 2254,1169"/>
        <TextEquiv conf="0.9996303290855594">
          <Unicode>Hincm. p. 6. 226. Vide etiam Nicolai I. ep. ap. Mansi XV. 740.) Baronii Annal. 853</Unicode>
        </TextEquiv>
      </TextLine>
      <TextLine id="eSc_line_e6b31ce5" custom="structure {type:default;}">
        <Coords points="794,1213 794,1233 2251,1232 2252,1216 2251,1191 794,1188 794,1213"/>
        <Baseline points="794,1213 2252,1216"/>
        <TextEquiv conf="0.9925586104393005">
          <Unicode>n. XV., Mansi XV. 110, Migne 115 p. 689, Cocqu. I. 184, Bull. Rom. E. T. I. 294.</Unicode>
        </TextEquiv>
      </TextLine>
      <TextLine id="eSc_line_5f617843" custom="structure {type:default;}">
        <Coords points="794,1254 792,1269 842,1271 852,1281 852,1283 853,1283 855,1283 857,1283 1091,1274 1100,1281 1100,1283 1101,1283 1103,1283 1261,1284 1263,1284 1330,1272 1332,1257 1330,1233 794,1230 794,1254"/>
        <Baseline points="794,1254 1332,1257"/>
        <TextEquiv conf="0.9972390064171383">
          <Unicode>— „Probabilium sacrorumque“.</Unicode>
        </TextEquiv>
      </TextLine>
      <TextLine id="eSc_line_9f657ced" custom="structure {type:default;}">
        <Coords points="741,1301 741,1322 2251,1322 2252,1296 2249,1266 740,1266 741,1301"/>
        <Baseline points="741,1301 2252,1296"/>
        <TextEquiv conf="0.9911571200503859">
          <Unicode>f2665 (cccxxr) Interamnensibus ipsam civitatem cum territorio asserit. (Habet titulum:</Unicode>
        </TextEquiv>
      </TextLine>
      <TextLine id="eSc_line_130ffffa" custom="structure {type:default;}">
        <Coords points="324,1303 324,1334 429,1332 429,1301 424,1233 322,1237 324,1303"/>
        <Baseline points="324,1303 429,1301"/>
        <TextEquiv conf="0.9908500760793686">
          <Unicode>Mai.</Unicode>
        </TextEquiv>
      </TextLine>
      <TextLine id="eSc_line_d6753cb1" custom="structure {type:default;}">
        <Coords points="797,1342 797,1362 2251,1354 2252,1337 2249,1310 825,1308 823,1308 821,1308 796,1317 797,1342"/>
        <Baseline points="797,1342 2252,1337"/>
        <TextEquiv conf="0.9948762700527529">
          <Unicode>„In nomine cet. a. ab inc. D. 857, mense Maii ind. VI.“ et subscriptionem: „Ego</Unicode>
        </TextEquiv>
      </TextLine>
      <TextLine id="eSc_line_d4a67048" custom="structure {type:default;}">
        <Coords points="794,1383 794,1405 2251,1408 2254,1379 2249,1359 792,1361 794,1383"/>
        <Baseline points="794,1383 2254,1379"/>
        <TextEquiv conf="0.9981195452701614">
          <Unicode>Petrus scriniarius S. R. E. hunc praeceptum per iussionem Benedicti III. papae manu</Unicode>
        </TextEquiv>
      </TextLine>
      <TextLine id="eSc_line_58db15df" custom="structure {type:default;}">
        <Coords points="794,1427 794,1446 1772,1451 1774,1451 1775,1451 1779,1451 1801,1442 1836,1451 1843,1451 1845,1452 2149,1452 2149,1451 2150,1451 2152,1451 2164,1442 2251,1451 2254,1423 2249,1398 792,1398 794,1427"/>
        <Baseline points="794,1427 2254,1423"/>
        <TextEquiv conf="0.9979420663362526">
          <Unicode>mea subscripsi“). Ughelli It. sacr. I. 753, Migne 129 p. 1011, Cocqu. I. 189, Bull.</Unicode>
        </TextEquiv>
      </TextLine>
      <TextLine id="eSc_line_ad9be07e" custom="structure {type:default;}">
        <Coords points="796,1469 796,1493 847,1498 848,1498 850,1498 870,1493 903,1485 916,1493 921,1496 923,1496 925,1496 926,1496 928,1496 942,1491 950,1490 957,1491 974,1498 976,1498 977,1498 979,1498 993,1491 1006,1485 1057,1485 1086,1490 1122,1498 1123,1498 1125,1498 1127,1498 1135,1490 1144,1483 1201,1483 1208,1490 1215,1495 1215,1496 1217,1496 1218,1496 1220,1498 1244,1498 1244,1496 1286,1488 1314,1483 1339,1488 1383,1496 1385,1496 1387,1496 1388,1496 1403,1486 1409,1483 1412,1486 1424,1496 1426,1496 1427,1496 1429,1498 1480,1498 1480,1496 1534,1485 1536,1466 1533,1440 1446,1430 1444,1430 1443,1430 1419,1439 1417,1439 1410,1439 1276,1430 1274,1430 1193,1439 1162,1440 1144,1437 1110,1432 1108,1432 1067,1437 1042,1440 794,1437 796,1469"/>
        <Baseline points="796,1469 1536,1466"/>
        <TextEquiv conf="0.9998081059832322">
          <Unicode>Rom. E. T. I. 302. — „Honestum nimis“.</Unicode>
        </TextEquiv>
      </TextLine>
      <TextLine id="eSc_line_66729f0d" custom="structure {type:default;}">
        <Coords points="733,1527 733,1551 1645,1549 1645,1522 1643,1490 1614,1479 1612,1479 1611,1479 1609,1479 1585,1490 1578,1491 1572,1490 1555,1481 1553,1481 1551,1481 1549,1481 1526,1488 1516,1491 1434,1488 1337,1485 1336,1485 1334,1485 1325,1488 1312,1493 1278,1488 1247,1483 1246,1483 1244,1483 1242,1483 1235,1488 1225,1493 1210,1488 1198,1483 1196,1483 1195,1483 1193,1483 1191,1483 1186,1488 1179,1495 1139,1495 1101,1486 1076,1483 1074,1483 1072,1483 1057,1486 1027,1496 977,1496 965,1486 962,1483 960,1483 959,1483 957,1483 731,1485 733,1527"/>
        <Baseline points="733,1527 1645,1522"/>
        <TextEquiv conf="0.9653160240915086">
          <Unicode>857. (Ind. 5.  1. S„t. — 6. imp. L.adlorico a. 5)— 9.)</Unicode>
        </TextEquiv>
      </TextLine>
      <TextLine id="eSc_line_a13f10fe" custom="structure {type:default;}">
        <Coords points="755,1576 755,1593 853,1593 857,1593 869,1602 870,1602 872,1602 874,1602 930,1593 937,1593 938,1593 959,1602 960,1602 962,1602 964,1602 965,1602 976,1593 977,1593 1234,1593 1241,1593 1353,1602 1354,1602 1356,1602 1376,1593 1390,1602 1392,1602 1393,1602 1395,1603 1505,1603 1505,1602 1583,1591 1594,1591 1597,1591 1614,1600 1616,1600 1617,1600 1709,1591 1721,1591 1728,1591 1779,1600 1780,1600 1850,1591 1857,1591 2257,1591 2259,1573 2254,1539 2011,1546 1998,1541 1987,1535 1986,1535 1898,1535 1896,1535 1864,1541 1835,1546 1811,1541 1782,1535 1780,1535 1746,1542 1724,1546 1706,1542 1677,1535 1675,1535 1673,1535 1672,1535 1663,1542 1656,1546 1590,1542 1512,1539 1510,1539 1509,1539 1507,1539 1502,1544 1497,1549 1179,1549 1174,1546 1156,1537 1154,1537 1152,1537 862,1546 809,1537 808,1537 753,1547 755,1576"/>
        <Baseline points="755,1576 2259,1573"/>
        <TextEquiv conf="0.9910622987805343">
          <Unicode>2666 (2010) Monasterii S. Dionysii possessiones „apud Anglos Saxones in terra Bri-</Unicode>
        </TextEquiv>
      </TextLine>
      <TextLine id="eSc_line_ad6d55df" custom="structure {type:default;}">
        <Coords points="329,1578 329,1614 383,1614 383,1612 385,1612 393,1608 412,1598 436,1605 454,1610 456,1610 458,1610 460,1610 494,1600 494,1575 490,1546 327,1532 329,1578"/>
        <Baseline points="329,1578 494,1575"/>
        <TextEquiv conf="0.9629191979765892">
          <Unicode>Nai. 11.</Unicode>
        </TextEquiv>
      </TextLine>
      <TextLine id="eSc_line_fa5ed25b" custom="structure {type:default;}">
        <Coords points="796,1619 796,1639 2254,1642 2257,1615 2252,1591 794,1595 796,1619"/>
        <Baseline points="796,1619 2257,1615"/>
        <TextEquiv conf="0.9869609723488489">
          <Unicode>tanniae“ confirmat. (Notae chronologicae sunt corruptae.) Doublet Hist. de St. Denys</Unicode>
        </TextEquiv>
      </TextLine>
      <TextLine id="eSc_line_b91307af" custom="structure {type:default;}">
        <Coords points="794,1659 794,1681 2256,1676 2257,1659 2256,1636 794,1636 794,1659"/>
        <Baseline points="794,1659 2257,1659"/>
        <TextEquiv conf="0.9891638472676277">
          <Unicode>p. 453, Mansi XV. 120, Migne 115 p. 702, Cocqu. I. 188, Bull. Rom. E. T. I. 301.</Unicode>
        </TextEquiv>
      </TextLine>
      <TextLine id="eSc_line_c1a4e12d" custom="structure {type:default;}">
        <Coords points="794,1702 794,1715 911,1726 913,1726 915,1726 932,1719 943,1727 945,1727 947,1727 949,1729 1020,1729 1020,1727 1022,1727 1023,1727 1023,1726 1033,1717 1074,1727 1076,1727 1078,1727 1125,1717 1130,1717 1218,1717 1220,1717 1227,1724 1227,1726 1229,1726 1230,1726 1232,1726 1297,1719 1319,1727 1320,1727 1322,1727 1324,1727 1346,1719 1347,1717 1347,1719 1356,1726 1356,1727 1358,1727 1359,1727 1361,1727 1363,1727 1392,1719 1398,1717 1403,1719 1434,1727 1436,1727 1437,1727 1482,1719 1492,1717 1546,1717 1548,1719 1556,1726 1556,1727 1558,1727 1560,1727 1561,1727 1808,1719 1808,1702 1808,1676 1794,1670 1792,1670 1791,1670 1789,1670 1736,1678 1684,1670 1682,1670 1680,1670 1660,1680 1483,1680 1468,1670 1466,1670 1465,1670 1463,1670 1332,1678 1319,1670 1317,1670 1315,1670 1314,1670 1259,1678 1227,1670 1225,1670 1224,1670 1222,1670 1207,1678 1200,1671 1200,1670 1198,1670 1196,1670 1140,1670 1139,1670 1137,1670 1120,1678 1113,1671 1113,1670 1111,1670 1110,1670 1042,1670 1040,1670 1038,1670 1037,1670 1025,1680 908,1680 899,1671 899,1670 898,1670 896,1670 819,1670 818,1670 816,1670 794,1678 794,1702"/>
        <Baseline points="794,1702 1808,1702"/>
        <TextEquiv conf="0.9932745540964192">
          <Unicode>Cf. Harttung Dipl. hist. Forsch. p. 110. — „Qucsti estis“.</Unicode>
        </TextEquiv>
      </TextLine>
      <TextLine id="eSc_line_4e0058dc" custom="structure {type:default;}">
        <Coords points="755,1739 753,1761 765,1770 767,1770 769,1770 770,1770 1273,1763 1517,1771 1519,1771 2256,1763 2257,1743 2256,1715 755,1714 755,1739"/>
        <Baseline points="755,1739 2257,1743"/>
        <TextEquiv conf="0.9979975278987441">
          <Unicode>2667 *Ignatio, patriarchae Constantinopolitano, petenti, ut Gregorii Syraousani archi-</Unicode>
        </TextEquiv>
      </TextLine>
      <TextLine id="eSc_line_1f6ed379" custom="structure {type:default;}">
        <Coords points="329,1744 329,1782 414,1787 415,1787 475,1775 475,1744 475,1712 407,1702 405,1702 329,1707 329,1744"/>
        <Baseline points="329,1744 475,1744"/>
        <TextEquiv conf="0.945015013217926">
          <Unicode>(. Iun.</Unicode>
        </TextEquiv>
      </TextLine>
      <TextLine id="eSc_line_93bc6d4c" custom="structure {type:default;}">
        <Coords points="792,1782 791,1800 2254,1805 2257,1785 2254,1756 792,1756 792,1782"/>
        <Baseline points="792,1782 2257,1785"/>
        <TextEquiv conf="0.9983035369091723">
          <Unicode>episcopi depositionem confirmet, non obsequitur. Ut causam iudicet, utramque partem</Unicode>
        </TextEquiv>
      </TextLine>
      <TextLine id="eSc_line_73a2f520" custom="structure {type:default;}">
        <Coords points="796,1829 796,1856 872,1856 872,1855 874,1855 898,1844 965,1851 967,1851 1144,1844 1159,1855 1161,1855 1162,1855 1164,1855 1166,1855 1196,1844 1388,1853 1390,1853 1431,1844 1444,1855 1446,1855 1448,1855 1449,1855 1458,1855 1580,1844 1673,1853 1675,1853 1677,1853 1706,1843 1775,1853 1777,1853 1779,1853 1813,1844 1867,1853 1869,1853 1870,1853 1872,1853 1886,1843 1962,1853 1964,1855 2252,1855 2254,1826 2249,1804 794,1804 796,1829"/>
        <Baseline points="796,1829 2254,1826"/>
        <TextEquiv conf="0.9998262258897345">
          <Unicode>Romam vocat. Aut ipse veniat cum Zacharia (legato Gregorii), aut per apocrisiarios,</Unicode>
        </TextEquiv>
      </TextLine>
      <TextLine id="eSc_line_34df98eb" custom="structure {type:default;}">
        <Coords points="794,1870 794,1889 2252,1892 2256,1870 2254,1848 794,1848 794,1870"/>
        <Baseline points="794,1870 2256,1870"/>
        <TextEquiv conf="0.9984084092653714">
          <Unicode>quos imperator mittat, negotium suum agat. (Hanc epistolam Ignatius, cum mense</Unicode>
        </TextEquiv>
      </TextLine>
      <TextLine id="eSc_line_8c06d132" custom="structure {type:default;}">
        <Coords points="794,1912 794,1929 2251,1931 2252,1912 2252,1887 794,1887 794,1912"/>
        <Baseline points="794,1912 2252,1912"/>
        <TextEquiv conf="0.9991699039250955">
          <Unicode>Iulio accepisset (accipere eam Ignatium noluisse in Hadriani II. ep. ap. Mansi XVI. 50,</Unicode>
        </TextEquiv>
      </TextLine>
      <TextLine id="eSc_line_a8e79a48" custom="structure {type:default;}">
        <Coords points="794,1955 794,1973 2252,1967 2254,1948 2251,1926 2193,1917 2191,1917 792,1928 794,1955"/>
        <Baseline points="794,1955 2254,1948"/>
        <TextEquiv conf="0.9937413535761029">
          <Unicode>infra ed. 1 reg. 2210 dicitur), se post 8 aut 10 (?) dies eiectum esse exponit (depositio</Unicode>
        </TextEquiv>
      </TextLine>
      <TextLine id="eSc_line_c7a1ba21" custom="structure {type:default;}">
        <Coords points="796,1997 796,2014 2249,2017 2252,1994 2249,1972 825,1965 823,1965 821,1965 794,1973 796,1997"/>
        <Baseline points="796,1997 2252,1994"/>
        <TextEquiv conf="0.9938707433897873">
          <Unicode>eius 857, Nov. 23.)) Vide acta synodi Constantinopolitanae ap. Deusdedit Coll. can. IV.</Unicode>
        </TextEquiv>
      </TextLine>
      <TextLine id="eSc_line_05d9b4d3" custom="structure {type:default;}">
        <Coords points="796,2038 796,2055 2161,2051 2162,2034 2159,2012 865,2006 864,2006 794,2014 796,2038"/>
        <Baseline points="796,2038 2162,2034"/>
        <TextEquiv conf="0.9947255325317382">
          <Unicode>c. 162 (ed. Martinucci p. 506. 507) et Mansi XV. 228. 229, infra reg. 2813.</Unicode>
        </TextEquiv>
      </TextLine>
      <TextLine id="eSc_line_92faebf1" custom="structure {type:default;}">
        <Coords points="331,2075 327,2160 385,2162 393,2170 409,2182 410,2182 412,2182 414,2182 446,2177 466,2174 488,2182 495,2079 495,2048 331,2040 331,2075"/>
        <Baseline points="331,2075 495,2079"/>
        <TextEquiv conf="0.9686623096466065">
          <Unicode>„* **</Unicode>
        </TextEquiv>
      </TextLine>
      <TextLine id="eSc_line_9c9fdb94" custom="structure {type:default;}">
        <Coords points="755,2080 755,2097 2254,2094 2256,2075 2251,2045 753,2050 755,2080"/>
        <Baseline points="755,2080 2256,2075"/>
        <TextEquiv conf="0.9997554449474111">
          <Unicode>2668 (2011) Monasterii Salvatoris Fuldensis privilegia confirmat, postulante Theotone</Unicode>
        </TextEquiv>
      </TextLine>
      <TextLine id="eSc_line_420d90b3" custom="structure {type:default;}">
        <Coords points="797,2123 797,2138 1191,2138 1196,2138 1247,2146 1249,2146 1303,2138 1307,2138 1310,2138 1397,2146 1398,2146 1400,2146 1420,2138 1497,2146 1499,2146 1609,2145 1611,2145 1612,2145 1622,2136 1624,2136 1648,2145 1650,2145 1651,2145 1695,2136 1701,2136 1712,2145 1714,2145 1716,2145 1718,2145 1753,2136 1758,2136 1762,2136 1804,2145 1806,2145 2254,2135 2256,2119 2252,2097 1543,2089 1541,2089 1539,2089 1507,2097 825,2090 823,2090 821,2090 796,2099 797,2123"/>
        <Baseline points="797,2123 2256,2119"/>
        <TextEquiv conf="0.9934456780552864">
          <Unicode>abbate. Dronke Cod. dipl. Fuld. p. 258, Migne 129 p. 1010, (Schannat Hist. Fuld.</Unicode>
        </TextEquiv>
      </TextLine>
      <TextLine id="eSc_line_e3c91db6" custom="structure {type:default;}">
        <Coords points="796,2163 796,2182 2252,2189 2254,2163 2252,2133 796,2138 796,2163"/>
        <Baseline points="796,2163 2254,2163"/>
        <TextEquiv conf="0.9876495362764381">
          <Unicode>Cod. Prob. p. 134, Migne 115 p. 702). Cf. Harttung Dipl. hist. Forsch. p. 285. 376,</Unicode>
        </TextEquiv>
      </TextLine>
      <TextLine id="eSc_line_d69545d2" custom="structure {type:default;}">
        <Coords points="796,2202 794,2219 804,2228 806,2228 808,2228 809,2230 947,2230 947,2228 949,2228 950,2228 959,2219 984,2228 986,2228 988,2228 1276,2219 1337,2230 1339,2230 1760,2219 1762,2206 1762,2182 1741,2172 1740,2172 1738,2172 1736,2172 1711,2180 1709,2180 1359,2172 1358,2172 1324,2175 1280,2180 1263,2175 1249,2170 1247,2170 1246,2170 1193,2174 1120,2179 1037,2172 1018,2170 1016,2170 1015,2170 1013,2170 1001,2179 993,2170 991,2170 989,2170 988,2170 986,2170 984,2170 957,2179 796,2169 796,2202"/>
        <Baseline points="796,2202 1762,2206"/>
        <TextEquiv conf="0.9971410870552063">
          <Unicode>Dümmler Ostfr. R. I. 433. — „Quoniam semper sunt“.</Unicode>
        </TextEquiv>
      </TextLine>
      <TextLine id="eSc_line_cbcbac88" custom="structure {type:default;}">
        <Coords points="755,2243 755,2270 2256,2272 2257,2243 2257,2221 755,2219 755,2243"/>
        <Baseline points="755,2243 2257,2243"/>
        <TextEquiv conf="0.9989473330840636">
          <Unicode>2669 (2012) Litteris ad archiepiscopos cunctosque episcopos, in Caroli regis (Provinciae)</Unicode>
        </TextEquiv>
      </TextLine>
      <TextLine id="eSc_line_5505ecd4" custom="structure {type:default;}">
        <Coords points="801,2291 801,2309 2252,2304 2254,2286 2249,2262 799,2265 801,2291"/>
        <Baseline points="801,2291 2254,2286"/>
        <TextEquiv conf="0.9971884268301504">
          <Unicode>regno morantes, Romam eos intra dies 30 venire sub excommunicationis poena iubet.</Unicode>
        </TextEquiv>
      </TextLine>
      <TextLine id="eSc_line_7504c810" custom="structure {type:default;}">
        <Coords points="799,2331 799,2350 2251,2345 2252,2326 2247,2301 797,2308 799,2331"/>
        <Baseline points="799,2331 2252,2326"/>
        <TextEquiv conf="0.9992284171375228">
          <Unicode>Hubertum clericum, „quondam Busonis filium“ (et fratrem Thcutbergae reginae), qui</Unicode>
        </TextEquiv>
      </TextLine>
      <TextLine id="eSc_line_609e6397" custom="structure {type:default;}">
        <Coords points="799,2374 799,2394 2251,2398 2254,2371 2249,2348 797,2352 799,2374"/>
        <Baseline points="799,2374 2254,2371"/>
        <TextEquiv conf="0.9952197162116446">
          <Unicode>praeter varia, quae commiserit, crimina, S. Mauritii quoque et Luxoviense b. Petri</Unicode>
        </TextEquiv>
      </TextLine>
      <TextLine id="eSc_line_4cf93153" custom="structure {type:default;}">
        <Coords points="799,2415 799,2433 2251,2437 2254,2411 2249,2389 797,2391 799,2415"/>
        <Baseline points="799,2415 2254,2411"/>
        <TextEquiv conf="0.9970707938075065">
          <Unicode>monasteria invaserit, „pacemque“, inquit „quam inter Hludouvicum munivimus, Cae-</Unicode>
        </TextEquiv>
      </TextLine>
      <TextLine id="eSc_line_7a17ec0b" custom="structure {type:default;}">
        <Coords points="799,2459 799,2476 2252,2469 2254,2452 2249,2425 797,2435 799,2459"/>
        <Baseline points="799,2459 2254,2452"/>
        <TextEquiv conf="0.9999942756616153">
          <Unicode>sarem semper Augustum, suosque gloriosos germanos, sua miserrima cupiditate ad</Unicode>
        </TextEquiv>
      </TextLine>
      <TextLine id="eSc_line_0b3ec98b" custom="structure {type:default;}">
        <Coords points="799,2500 799,2520 2252,2513 2254,2494 2249,2474 797,2477 799,2500"/>
        <Baseline points="799,2500 2254,2494"/>
        <TextEquiv conf="0.9987279703983893">
          <Unicode>multorum Christianorum necem atque periculum scindere, ut audivimus, non dubi-</Unicode>
        </TextEquiv>
      </TextLine>
      <TextLine id="eSc_line_39b2f151" custom="structure {type:default;}">
        <Coords points="799,2542 799,2557 2249,2561 2252,2539 2247,2515 797,2516 799,2542"/>
        <Baseline points="799,2542 2252,2539"/>
        <TextEquiv conf="0.9988353178824907">
          <Unicode>tavit“. Baronii Annal. 856 n. XXIV., Sirmond Conc. Gall. III. 109, Mansi XV. 111,</Unicode>
        </TextEquiv>
      </TextLine>
      <TextLine id="eSc_line_58d5b1d6" custom="structure {type:default;}">
        <Coords points="799,2584 799,2601 819,2612 821,2612 823,2612 932,2601 937,2601 940,2601 998,2612 999,2612 1117,2601 1118,2601 1184,2610 1186,2610 1285,2600 1297,2600 1337,2600 1746,2610 1748,2610 1870,2598 1881,2598 1886,2598 1930,2608 1931,2608 2096,2600 2181,2608 2183,2608 2251,2596 2252,2579 2249,2556 797,2552 799,2584"/>
        <Baseline points="799,2584 2252,2579"/>
        <TextEquiv conf="0.9989793066467557">
          <Unicode>Migne 115 p. 691. Cf. Hlefele IV. 226, Dümmler Ostfr. R. I. 448. — „Bonorum semper“.</Unicode>
        </TextEquiv>
      </TextLine>
      <TextLine id="eSc_line_42ebf4b0" custom="structure {type:default;}">
        <Coords points="735,2640 735,2661 962,2666 965,2635 960,2601 823,2603 821,2603 786,2595 784,2595 782,2595 733,2605 735,2640"/>
        <Baseline points="735,2640 965,2635"/>
        <TextEquiv conf="0.995075073507097">
          <Unicode>855— 858.</Unicode>
        </TextEquiv>
      </TextLine>
      <TextLine id="eSc_line_14025d11" custom="structure {type:default;}">
        <Coords points="760,2683 760,2720 921,2717 933,2720 962,2729 964,2729 965,2729 1072,2718 1101,2717 1110,2718 1144,2729 1145,2729 1147,2729 1149,2729 1188,2718 1195,2717 1203,2718 1256,2729 1257,2729 1259,2729 1261,2729 1278,2717 1283,2715 1310,2717 1393,2725 1395,2725 1521,2715 1541,2715 1561,2715 1755,2727 1757,2727 1855,2713 1860,2713 1867,2713 1926,2722 1928,2722 1930,2722 1947,2713 1965,2725 1967,2725 1969,2725 1971,2725 2030,2717 2079,2725 2081,2725 2257,2710 2257,2678 2252,2654 758,2657 760,2683"/>
        <Baseline points="760,2683 2257,2678"/>
        <TextEquiv conf="0.9907930924974638">
          <Unicode>2670 Monasterio Solemniacensi possessiones iniuste detentas restitui iubet, rogatu Ber-</Unicode>
        </TextEquiv>
      </TextLine>
    </TextRegion>
    <TextRegion id="eSc_textblock_1781a7b2"  custom="structure {type:default;}">
      <Coords points="1151,108 1612,122 1626,181 937,188 957,122 1151,108"/>
      <TextLine id="eSc_line_0b71cbfd" custom="structure {type:default;}">
        <Coords points="993,118 976,120 959,120 959,171 959,201 1227,201 1227,200 1229,200 1230,200 1235,196 1247,186 1286,195 1290,195 1291,195 1293,195 1295,195 1327,186 1604,188 1606,171 1606,130 999,117 993,118"/>
        <Baseline points="959,171 1606,171"/>
        <TextEquiv conf="0.9772739505767822">
          <Unicode>BENEDICTUS III. 855— 858.</Unicode>
        </TextEquiv>
      </TextLine>
    </TextRegion>
  </Page>
</PcGts>
