<?xml version="1.0" encoding="UTF-8"  standalone="yes"?>
<PcGts xmlns="http://schema.primaresearch.org/PAGE/gts/pagecontent/2019-07-15" xmlns:xsi="http://www.w3.org/2001/XMLSchema-instance" xsi:schemaLocation="http://schema.primaresearch.org/PAGE/gts/pagecontent/2019-07-15 http://schema.primaresearch.org/PAGE/gts/pagecontent/2019-07-15/pagecontent.xsd">
  <Metadata externalRef="pdf//regestapontificu01cath.pdf">
	<Creator>escriptorium</Creator>
	<Created>2026-02-12T11:36:55.046911+00:00</Created>
        <LastChange>2026-02-13T11:21:02.800950+00:00</LastChange>
  </Metadata>
  <Page imageFilename="regestapontificu01cath.pdf_page_412.png" imageWidth="2353" imageHeight="3055">
    <TextRegion id="eSc_textblock_c64dc1cf"  custom="structure {type:default;}">
      <Coords points="336,135 385,142 398,195 278,201 278,149 336,135"/>
      <TextLine id="eSc_line_08127502" custom="structure {type:default;}">
        <Coords points="368,139 351,137 334,135 317,139 300,142 283,145 286,186 286,205 312,215 314,215 315,215 317,215 319,215 319,213 320,213 327,205 368,212 370,212 371,212 373,212 373,210 375,210 380,201 380,181 373,139 368,139"/>
        <Baseline points="286,186 380,181"/>
        <TextEquiv conf="1.0">
          <Unicode>372</Unicode>
        </TextEquiv>
      </TextLine>
    </TextRegion>
    <TextRegion id="eSc_textblock_6625bcb6"  custom="structure {type:default;}">
      <Coords points="310,244 473,257 487,1240 480,1383 419,1466 439,1527 446,2048 439,2116 398,2150 312,2130 278,2048 305,1939 285,1826 312,1615 271,1410 264,706 292,251 310,244"/>
      <TextLine id="eSc_line_f6fdaedc" custom="structure {type:default;}">
        <Coords points="298,687 298,721 375,728 376,728 378,728 380,728 392,717 404,709 456,714 460,683 454,622 404,622 393,612 383,604 383,602 381,602 380,602 378,602 354,607 344,609 339,604 334,600 334,599 332,599 331,599 295,599 298,687"/>
        <Baseline points="298,687 460,683"/>
        <TextEquiv conf="0.9224554896354675">
          <Unicode>„„ „</Unicode>
        </TextEquiv>
      </TextLine>
      <TextLine id="eSc_line_cb2c2433" custom="structure {type:default;}">
        <Coords points="453,896 415,891 414,891 412,891 395,897 353,914 329,899 331,953 332,982 395,974 458,979 458,947 453,896"/>
        <Baseline points="331,953 458,947"/>
        <TextEquiv conf="0.9245356321334839">
          <Unicode>„ „</Unicode>
        </TextEquiv>
      </TextLine>
      <TextLine id="eSc_line_6b92f510" custom="structure {type:default;}">
        <Coords points="331,1074 332,1106 363,1093 463,1106 465,1074 465,1031 412,1031 410,1031 409,1031 407,1031 404,1033 388,1043 331,1038 331,1074"/>
        <Baseline points="331,1074 465,1074"/>
        <TextEquiv conf="0.9999703168869019">
          <Unicode>„ 5.</Unicode>
        </TextEquiv>
      </TextLine>
      <TextLine id="eSc_line_ea3e2364" custom="structure {type:default;}">
        <Coords points="315,1272 400,1267 468,1278 470,1240 468,1199 354,1206 317,1191 315,1240 315,1272"/>
        <Baseline points="315,1240 470,1240"/>
        <TextEquiv conf="0.9995616475741068">
          <Unicode>(„ 5.)</Unicode>
        </TextEquiv>
      </TextLine>
      <TextLine id="eSc_line_a44c2a95" custom="structure {type:default;}">
        <Coords points="319,1367 319,1396 334,1403 336,1403 337,1403 339,1403 341,1403 341,1401 349,1395 359,1386 397,1395 426,1401 427,1401 465,1395 465,1364 463,1320 427,1310 426,1310 424,1310 422,1310 421,1310 409,1318 381,1335 354,1335 317,1315 319,1367"/>
        <Baseline points="319,1367 465,1364"/>
        <TextEquiv conf="0.998449730873108">
          <Unicode>(„ „5</Unicode>
        </TextEquiv>
      </TextLine>
    </TextRegion>
    <TextRegion id="eSc_textblock_b356bee8"  custom="structure {type:default;}">
      <Coords points="942,244 2264,251 2264,2537 2244,2713 774,2720 713,2686 719,1459 704,1390 550,1390 543,1357 597,1337 509,1288 516,1235 590,1220 548,1179 516,1206 502,1145 516,1045 495,984 516,943 590,928 563,914 563,780 534,724 516,765 509,712 516,678 584,670 563,651 604,319 713,251 942,244"/>
      <TextLine id="eSc_line_66a2a455" custom="structure {type:default;}">
        <Coords points="704,252 706,290 706,310 1215,315 1217,286 1213,257 1132,247 1130,247 1083,254 1071,256 719,249 704,252"/>
        <Baseline points="706,290 1217,286"/>
        <TextEquiv conf="0.9834846874078115">
          <Unicode>869. (Ind. 2. — 1. Sept. — 3.)</Unicode>
        </TextEquiv>
      </TextLine>
      <TextLine id="eSc_line_dbad2b0b" custom="structure {type:default;}">
        <Coords points="765,337 765,361 2230,356 2232,332 2227,297 2164,305 1908,300 1780,297 1779,297 1777,297 1762,300 1738,307 1609,302 1495,298 1493,298 1492,298 1490,298 1483,303 1478,308 1251,308 1173,307 938,300 937,300 763,310 765,337"/>
        <Baseline points="765,337 2232,332"/>
        <TextEquiv conf="0.9956288043274937">
          <Unicode>aliorum (episcoporum) confirment tam ex Occidentalibus, quam ex Orientalituus, unde</Unicode>
        </TextEquiv>
      </TextLine>
      <TextLine id="eSc_line_89050e11" custom="structure {type:default;}">
        <Coords points="767,381 767,400 2230,395 2232,376 2227,353 765,354 767,381"/>
        <Baseline points="767,381 2232,376"/>
        <TextEquiv conf="0.9980125375092029">
          <Unicode>missos suos, nuper Constantinopolim pro contentione, quam Orientales cum Nicolao</Unicode>
        </TextEquiv>
      </TextLine>
      <TextLine id="eSc_line_35780bd0" custom="structure {type:default;}">
        <Coords points="767,422 767,446 2144,444 2144,422 2144,397 767,397 767,422"/>
        <Baseline points="767,422 2144,422"/>
        <TextEquiv conf="0.9977155351960981">
          <Unicode>papa habebanf. missos. tunc venturos sperat“. Hincmari Annales 869 p. 182.</Unicode>
        </TextEquiv>
      </TextLine>
      <TextLine id="eSc_line_e598a65d" custom="structure {type:default;}">
        <Coords points="724,465 724,492 2232,482 2234,459 2229,439 723,439 724,465"/>
        <Baseline points="724,465 2234,459"/>
        <TextEquiv conf="0.9939142224154894">
          <Unicode>Michaele, Bulgarorum rege, per Petrum legatum (qui una cum Formoso Portuensi et</Unicode>
        </TextEquiv>
      </TextLine>
      <TextLine id="eSc_line_d8afec53" custom="structure {type:default;}">
        <Coords points="767,505 767,527 2230,522 2232,502 2227,480 765,480 767,505"/>
        <Baseline points="767,505 2232,502"/>
        <TextEquiv conf="0.9999974904122291">
          <Unicode>Paulo Populoniensi episcopis Romam venerat) petente, „ut aut Marinum diaconum</Unicode>
        </TextEquiv>
      </TextLine>
      <TextLine id="eSc_line_d3850d77" custom="structure {type:default;}">
        <Coords points="767,549 767,568 2230,563 2232,544 2229,521 765,519 767,549"/>
        <Baseline points="767,549 2232,544"/>
        <TextEquiv conf="0.993018293664569">
          <Unicode>sibi archiepiscopum consecratum mittat, aut aliquem ex cardinalibus Bulgaris eligen-</Unicode>
        </TextEquiv>
      </TextLine>
      <TextLine id="eSc_line_5bde46da" custom="structure {type:default;}">
        <Coords points="767,590 767,616 1251,614 1278,614 1497,624 1499,624 1916,621 1918,621 1935,612 1938,611 1943,612 1974,621 1976,621 1977,622 2057,622 2057,621 2059,621 2060,621 2074,611 2076,611 2105,621 2106,621 2108,622 2213,622 2213,621 2215,621 2217,621 2232,611 2232,583 2227,563 765,568 767,590"/>
        <Baseline points="767,590 2232,583"/>
        <TextEquiv conf="0.9987398262430982">
          <Unicode>dum dirigat“, pro Marino „Constantinopolitanum missaticum sortito“ Silvestrum sub-</Unicode>
        </TextEquiv>
      </TextLine>
      <TextLine id="eSc_line_69dfac24" custom="structure {type:default;}">
        <Coords points="769,633 769,653 1487,648 1487,633 1487,609 769,607 769,633"/>
        <Baseline points="769,633 1487,633"/>
        <TextEquiv conf="0.9999964801888717">
          <Unicode>diaconum mittit. Vita Hadriani p. 252.</Unicode>
        </TextEquiv>
      </TextLine>
      <TextLine id="eSc_line_e8b72790" custom="structure {type:default;}">
        <Coords points="726,683 726,704 2232,699 2234,678 2230,656 1889,646 1887,646 1692,655 1645,656 724,655 726,683"/>
        <Baseline points="726,683 2234,678"/>
        <TextEquiv conf="0.9969224771821356">
          <Unicode>2917 (2214) Duces, comites et ceteros primates regni Caroli (Calvi) monet, ut regem</Unicode>
        </TextEquiv>
      </TextLine>
      <TextLine id="eSc_line_5749b0d1" custom="structure {type:default;}">
        <Coords points="767,724 767,743 2230,738 2232,719 2227,695 765,699 767,724"/>
        <Baseline points="767,724 2232,719"/>
        <TextEquiv conf="0.9963703267276287">
          <Unicode>ct eius filios ab occupando Lotharii regno dehortentur, quod hereditario iure ad</Unicode>
        </TextEquiv>
      </TextLine>
      <TextLine id="eSc_line_6a22b3b8" custom="structure {type:default;}">
        <Coords points="767,767 767,785 2230,782 2232,763 2229,741 765,736 767,767"/>
        <Baseline points="767,767 2232,763"/>
        <TextEquiv conf="0.999538148023996">
          <Unicode>Ludovicum II. imperatorem, ecclesiae Romanae contra Saracenos defensorem, redierit.</Unicode>
        </TextEquiv>
      </TextLine>
      <TextLine id="eSc_line_f8e4c46d" custom="structure {type:default;}">
        <Coords points="769,806 769,828 2230,826 2232,809 2230,785 769,782 769,806"/>
        <Baseline points="769,806 2232,809"/>
        <TextEquiv conf="0.9998634354273478">
          <Unicode>Qui regi secus suaserint, iis anathema minatur. Paulum et Leonem episcopos,</Unicode>
        </TextEquiv>
      </TextLine>
      <TextLine id="eSc_line_e1fe0c18" custom="structure {type:default;}">
        <Coords points="770,852 770,867 2229,872 2232,852 2230,824 770,821 770,852"/>
        <Baseline points="770,852 2232,852"/>
        <TextEquiv conf="0.9944444732232527">
          <Unicode>legatos suos, commendat. Sirmond Conc. Gall. III. 380, Bouquet Rec. VII. 447,</Unicode>
        </TextEquiv>
      </TextLine>
      <TextLine id="eSc_line_fece7ed1" custom="structure {type:default;}">
        <Coords points="767,894 767,906 886,906 887,906 908,914 909,914 911,914 971,906 976,906 982,906 1049,916 1050,916 1052,916 1054,916 1066,906 1084,916 1086,916 1088,918 1162,918 1162,916 1164,916 1186,906 1244,916 1246,916 1247,916 1249,916 1259,906 1281,916 1283,916 1285,916 1286,916 1310,904 1312,904 1315,904 1351,914 1353,914 1354,914 1419,904 1427,904 1485,904 1495,913 1495,914 1497,914 1499,914 1500,914 1804,902 1806,891 1802,868 1414,868 1356,858 1354,858 1283,868 1239,860 1237,860 1140,868 1072,860 1071,860 1069,860 1045,868 1037,860 1035,860 1033,860 864,860 862,860 818,868 784,860 782,860 780,860 779,860 777,860 765,867 767,894"/>
        <Baseline points="767,894 1806,891"/>
        <TextEquiv conf="0.9864216739056157">
          <Unicode>Mansi XV. 839, Migne 122 p. 1291. — „Omnes quidem“.</Unicode>
        </TextEquiv>
      </TextLine>
      <TextLine id="eSc_line_cc6401bc" custom="structure {type:default;}">
        <Coords points="728,940 728,960 2235,960 2235,940 2235,906 2013,906 2011,906 2010,906 2006,906 1984,916 728,916 728,940"/>
        <Baseline points="728,940 2235,940"/>
        <TextEquiv conf="0.9877870443426533">
          <Unicode>2918 (2215) Episcopis regni Caroli (Calvi) mandat, laborent, ut rex ab irrumpendo</Unicode>
        </TextEquiv>
      </TextLine>
      <TextLine id="eSc_line_04670289" custom="structure {type:default;}">
        <Coords points="767,986 767,1001 945,1001 950,1003 971,1011 972,1011 974,1011 1023,1003 1042,1001 1062,1004 1118,1011 1120,1011 1193,1004 1234,1001 1278,1004 1349,1011 1351,1011 1393,1006 1426,1001 1460,1006 1495,1011 1497,1011 1672,1008 1981,999 2023,1009 2028,1009 2030,1011 2229,1011 2230,982 2225,962 765,962 767,986"/>
        <Baseline points="767,986 2230,982"/>
        <TextEquiv conf="0.9935152066218389">
          <Unicode>Lotharii regno abstineat. Paulum et Leonem episcopos commendat. Sirmond Conc.</Unicode>
        </TextEquiv>
      </TextLine>
      <TextLine id="eSc_line_d25ff8f8" custom="structure {type:default;}">
        <Coords points="767,1026 767,1045 2045,1045 2045,1026 2045,1003 767,1001 767,1026"/>
        <Baseline points="767,1026 2045,1026"/>
        <TextEquiv conf="0.9903001645032097">
          <Unicode>Gall. III. 381, Mansi XV. 841, Migne 122 p. 1293. — „Inter exordia“.</Unicode>
        </TextEquiv>
      </TextLine>
      <TextLine id="eSc_line_58fa5479" custom="structure {type:default;}">
        <Coords points="726,1069 726,1087 2232,1082 2234,1064 2229,1037 724,1037 726,1069"/>
        <Baseline points="726,1069 2234,1064"/>
        <TextEquiv conf="0.999605655670166">
          <Unicode>2919 (2216) Hincmarum, archiepiscopum Remensem, vigilare iubet, ne quis in Lotharii</Unicode>
        </TextEquiv>
      </TextLine>
      <TextLine id="eSc_line_f7a47dbb" custom="structure {type:default;}">
        <Coords points="767,1109 767,1128 2232,1125 2234,1106 2229,1086 765,1087 767,1109"/>
        <Baseline points="767,1109 2234,1106"/>
        <TextEquiv conf="0.9948765123501803">
          <Unicode>regnum, heredium Ludovici II. imperatoris, irruat. Paulum et Leonem commendat.</Unicode>
        </TextEquiv>
      </TextLine>
      <TextLine id="eSc_line_9bc79458" custom="structure {type:default;}">
        <Coords points="767,1152 767,1171 1118,1179 1120,1179 1218,1171 1222,1171 1225,1171 1302,1179 1303,1179 1305,1179 1324,1171 1414,1179 1415,1179 1417,1179 1449,1171 1482,1179 1483,1179 1485,1179 1487,1179 1526,1169 1531,1169 1536,1169 1583,1177 1585,1177 1821,1169 1835,1169 1855,1177 1857,1177 1858,1177 1860,1177 1896,1169 1898,1169 1906,1169 2206,1177 2208,1177 2210,1177 2234,1167 2234,1149 2229,1126 765,1126 767,1152"/>
        <Baseline points="767,1152 2234,1149"/>
        <TextEquiv conf="0.9946547231158694">
          <Unicode>Sirmond Conc. Gall. III. 382, Mansi XV. 842, Migne 122 p. 1294. — „Sancti-</Unicode>
        </TextEquiv>
      </TextLine>
      <TextLine id="eSc_line_7229331f" custom="structure {type:default;}">
        <Coords points="767,1194 767,1206 833,1216 835,1216 887,1205 892,1205 896,1205 947,1215 949,1215 950,1215 984,1203 984,1191 979,1165 765,1167 767,1194"/>
        <Baseline points="767,1194 984,1191"/>
        <TextEquiv conf="0.9990900646556508">
          <Unicode>monia tua“.</Unicode>
        </TextEquiv>
      </TextLine>
      <TextLine id="eSc_line_9009e6bb" custom="structure {type:default;}">
        <Coords points="728,1233 728,1250 784,1261 786,1261 787,1261 823,1252 881,1261 882,1261 977,1252 1013,1261 1015,1261 1016,1261 1095,1252 1128,1261 1130,1261 1132,1261 1190,1252 1264,1261 1266,1262 1373,1262 1373,1261 1375,1261 1376,1261 1390,1252 1502,1261 1504,1261 2237,1250 2237,1233 2237,1201 2040,1201 2038,1201 2037,1201 2035,1201 2018,1210 1938,1201 1926,1201 1925,1201 1906,1201 1787,1210 728,1208 728,1233"/>
        <Baseline points="728,1233 2237,1233"/>
        <TextEquiv conf="0.9913077129946126">
          <Unicode>2920 *Carolo Calvo regi interdicit, ne regnum quondam Lotharii, quod Ludovico</Unicode>
        </TextEquiv>
      </TextLine>
      <TextLine id="eSc_line_ed92e622" custom="structure {type:default;}">
        <Coords points="770,1281 770,1305 1229,1300 1237,1303 1254,1308 1256,1308 1257,1308 1422,1301 1502,1298 1543,1300 1638,1306 1639,1306 1641,1306 1667,1300 1673,1298 1684,1300 1728,1306 1729,1306 1731,1306 1760,1298 1772,1296 1789,1298 1831,1305 1833,1305 1884,1298 1898,1296 1903,1298 1921,1305 1923,1305 1925,1306 2055,1306 2055,1305 2057,1305 2072,1296 2074,1296 2083,1296 2166,1305 2167,1305 2232,1294 2234,1276 2229,1252 769,1252 770,1281"/>
        <Baseline points="770,1281 2234,1276"/>
        <TextEquiv conf="0.9975732609629631">
          <Unicode>hereditario iure debeatur, invadat. Vide Hinemari Ann. a. 869, Dümmler Ostfr. R.</Unicode>
        </TextEquiv>
      </TextLine>
      <TextLine id="eSc_line_cb91401b" custom="structure {type:default;}">
        <Coords points="767,1322 767,1335 908,1335 908,1322 908,1298 767,1298 767,1322"/>
        <Baseline points="767,1322 908,1322"/>
        <TextEquiv conf="0.9999545812606812">
          <Unicode>I. 725.</Unicode>
        </TextEquiv>
      </TextLine>
      <TextLine id="eSc_line_50dc8197" custom="structure {type:default;}">
        <Coords points="728,1361 728,1379 848,1388 850,1388 906,1379 911,1379 913,1379 932,1388 933,1388 935,1388 937,1388 938,1388 950,1379 952,1379 1081,1379 1083,1379 1110,1388 1111,1388 1113,1388 1417,1378 1439,1378 1441,1378 1453,1386 1454,1386 1456,1386 1458,1388 1660,1388 1660,1386 1662,1386 1692,1378 2003,1384 2004,1384 2006,1384 2037,1376 2038,1376 2044,1376 2203,1384 2205,1384 2206,1384 2237,1374 2237,1356 2234,1327 1145,1327 1144,1327 1142,1327 1140,1327 1127,1335 726,1328 728,1361"/>
        <Baseline points="728,1361 2237,1356"/>
        <TextEquiv conf="0.9933831707025186">
          <Unicode>2921 (2217) Omnes primates et comites „regni domni Hlotarii, quondam magni im-</Unicode>
        </TextEquiv>
      </TextLine>
      <TextLine id="eSc_line_45f3cb39" custom="structure {type:default;}">
        <Coords points="770,1405 770,1427 2234,1418 2235,1400 2230,1376 769,1381 770,1405"/>
        <Baseline points="770,1405 2235,1400"/>
        <TextEquiv conf="0.9990333733035297">
          <Unicode>peratoris et genitoris domni Hludowici imperatoris“, sub excommunicationis et ana-</Unicode>
        </TextEquiv>
      </TextLine>
      <TextLine id="eSc_line_798e1bf0" custom="structure {type:default;}">
        <Coords points="769,1446 769,1464 2234,1461 2235,1440 2230,1417 767,1418 769,1446"/>
        <Baseline points="769,1446 2235,1440"/>
        <TextEquiv conf="0.9996470909520804">
          <Unicode>thematis poena hortatur, ut in Ludovici II. imperatoris fide permaneant, cui regnum</Unicode>
        </TextEquiv>
      </TextLine>
      <TextLine id="eSc_line_47b54253" custom="structure {type:default;}">
        <Coords points="770,1490 770,1505 2230,1507 2234,1486 2229,1463 769,1463 770,1490"/>
        <Baseline points="770,1490 2234,1486"/>
        <TextEquiv conf="0.9952327171003962">
          <Unicode>Lotharii, regis defuncti, hereditario iure obvenerit. Sirmond Conc. Gall. III. 379,</Unicode>
        </TextEquiv>
      </TextLine>
      <TextLine id="eSc_line_4a9180a8" custom="structure {type:default;}">
        <Coords points="769,1532 769,1549 1174,1556 1176,1556 1178,1556 1188,1551 1198,1547 1210,1551 1222,1556 1224,1556 1225,1556 1307,1552 1395,1547 1485,1552 1549,1556 1551,1556 1590,1552 1667,1546 1679,1552 1682,1556 1684,1556 1685,1556 1687,1556 1689,1556 1699,1552 1723,1547 1784,1554 1813,1556 1814,1556 1816,1556 1818,1556 1819,1554 1833,1546 1943,1554 1955,1554 1957,1554 1959,1554 1960,1554 1974,1544 1986,1554 1987,1554 1989,1554 1991,1556 2235,1556 2237,1525 2232,1502 767,1507 769,1532"/>
        <Baseline points="769,1532 2237,1525"/>
        <TextEquiv conf="0.9948361554703156">
          <Unicode>Bouquet Rec. VII. 446, Mansi XV. 837, Migne 122 p. 1295. Cf. de tempore huius</Unicode>
        </TextEquiv>
      </TextLine>
      <TextLine id="eSc_line_46f9bd3b" custom="structure {type:default;}">
        <Coords points="767,1573 767,1586 1076,1595 1078,1595 1079,1595 1108,1585 1111,1585 1132,1585 1276,1593 1278,1593 1366,1585 1388,1593 1390,1593 1392,1593 1555,1585 1672,1591 1673,1591 1675,1591 1707,1581 1707,1568 1702,1544 765,1544 767,1573"/>
        <Baseline points="767,1573 1707,1568"/>
        <TextEquiv conf="0.9900977132367152">
          <Unicode>ep. Dümmler Ostfr. R. I. 726. — „Perfectae procul“.</Unicode>
        </TextEquiv>
      </TextLine>
      <TextLine id="eSc_line_a248de23" custom="structure {type:default;}">
        <Coords points="726,1614 726,1631 1478,1637 1480,1637 1590,1627 1604,1627 1619,1627 1763,1636 1765,1636 1767,1636 1792,1627 1801,1627 2145,1634 2147,1634 2235,1624 2237,1607 2234,1581 1855,1575 1853,1575 1852,1575 1833,1583 1828,1585 1806,1583 1738,1576 1736,1576 1735,1576 1733,1576 1724,1583 1721,1586 1276,1586 1268,1586 1190,1578 1188,1578 1186,1578 1168,1586 1162,1586 977,1580 976,1580 974,1580 950,1588 949,1588 943,1588 840,1580 838,1580 836,1580 835,1580 823,1588 745,1580 743,1580 741,1580 724,1586 726,1614"/>
        <Baseline points="726,1614 2237,1607"/>
        <TextEquiv conf="0.9987155627913591">
          <Unicode>2922 (2218) *Episcopis Galliarum praecipit, „ut non alios ordinent episcopos, nisi</Unicode>
        </TextEquiv>
      </TextLine>
      <TextLine id="eSc_line_b39846a9" custom="structure {type:default;}">
        <Coords points="769,1656 769,1675 2234,1678 2237,1653 2232,1631 767,1631 769,1656"/>
        <Baseline points="769,1656 2237,1653"/>
        <TextEquiv conf="0.996765565581438">
          <Unicode>quibus (Ludovicus II.) imperator episcopatum concedat et ordinari mandet“. Hugonis</Unicode>
        </TextEquiv>
      </TextLine>
      <TextLine id="eSc_line_6865c8e0" custom="structure {type:default;}">
        <Coords points="767,1697 767,1717 1339,1712 1341,1693 1336,1670 765,1671 767,1697"/>
        <Baseline points="767,1697 1341,1693"/>
        <TextEquiv conf="0.9937228695038827">
          <Unicode>Flav. chron. MG. SS. VIII. 354.</Unicode>
        </TextEquiv>
      </TextLine>
      <TextLine id="eSc_line_79163b8e" custom="structure {type:default;}">
        <Coords points="728,1741 726,1761 735,1768 736,1768 738,1768 740,1768 981,1761 1106,1770 1108,1770 2235,1765 2237,1748 2235,1720 728,1715 728,1741"/>
        <Baseline points="728,1741 2237,1748"/>
        <TextEquiv conf="0.994762403209035">
          <Unicode>2923 (2219) *Gerardo duci, Rofrido comiti, et omnibus Galliarum comitibus scribit,</Unicode>
        </TextEquiv>
      </TextLine>
      <TextLine id="eSc_line_4942d945" custom="structure {type:default;}">
        <Coords points="772,1790 772,1809 2234,1800 2235,1785 2232,1761 852,1756 850,1756 770,1765 772,1790"/>
        <Baseline points="772,1790 2235,1785"/>
        <TextEquiv conf="0.9980474261676564">
          <Unicode>„ut nullius hominis favore vel gratia permittant alios viros ecclesiastici ordinis in</Unicode>
        </TextEquiv>
      </TextLine>
      <TextLine id="eSc_line_5cfc2722" custom="structure {type:default;}">
        <Coords points="769,1831 769,1848 796,1858 797,1858 799,1858 920,1848 932,1848 938,1848 1008,1858 1010,1858 1011,1858 1044,1848 1047,1848 1076,1848 1422,1858 1424,1858 1426,1858 1458,1848 1460,1848 1465,1848 1599,1856 1600,1856 1648,1848 1655,1846 1662,1848 1697,1856 1699,1856 1701,1858 1841,1858 1841,1856 1843,1856 1845,1856 1857,1846 1860,1846 1903,1846 2212,1856 2213,1856 2215,1856 2237,1846 2237,1827 2232,1805 767,1807 769,1831"/>
        <Baseline points="769,1831 2237,1827"/>
        <TextEquiv conf="0.999796528875092">
          <Unicode>episcopiis totius Galliae et Burgundiae consecrare episcopos, nisi quos Ludovicus</Unicode>
        </TextEquiv>
      </TextLine>
      <TextLine id="eSc_line_fb7cb191" custom="structure {type:default;}">
        <Coords points="770,1872 770,1894 840,1900 842,1900 908,1894 940,1890 967,1894 1032,1900 1033,1900 1035,1900 1055,1892 1066,1889 1123,1889 1134,1892 1159,1900 1161,1900 1162,1902 1256,1902 1256,1900 1257,1900 1259,1900 1259,1899 1269,1890 1271,1889 1280,1890 1322,1899 1324,1899 1397,1889 1407,1889 1415,1889 1468,1899 1470,1899 1607,1887 1607,1872 1607,1849 770,1849 770,1872"/>
        <Baseline points="770,1872 1607,1872"/>
        <TextEquiv conf="0.9941794124055416">
          <Unicode>imperator iubeat“. Hugonis Flavin. chron. I. I.</Unicode>
        </TextEquiv>
      </TextLine>
      <TextLine id="eSc_line_556626cd" custom="structure {type:default;}">
        <Coords points="726,1921 726,1946 2237,1946 2237,1921 2237,1897 726,1897 726,1921"/>
        <Baseline points="726,1921 2237,1921"/>
        <TextEquiv conf="0.9939758450519748">
          <Unicode>2924 Rostislavo et Kocelo commendans Methodium, scribit haec de eo et Constantino:</Unicode>
        </TextEquiv>
      </TextLine>
      <TextLine id="eSc_line_b039f81a" custom="structure {type:default;}">
        <Coords points="772,1967 772,1985 2235,1980 2237,1961 2232,1938 770,1941 772,1967"/>
        <Baseline points="772,1967 2237,1961"/>
        <TextEquiv conf="0.9948253020644188">
          <Unicode>„Non apud hunc episcopalem thronum tantum rogastis doctorem, sed etiam ab ortho-</Unicode>
        </TextEquiv>
      </TextLine>
      <TextLine id="eSc_line_59e50cd5" custom="structure {type:default;}">
        <Coords points="770,2006 770,2026 2234,2019 2235,2002 2232,1977 794,1973 792,1973 791,1973 769,1980 770,2006"/>
        <Baseline points="770,2006 2235,2002"/>
        <TextEquiv conf="0.9994345158338547">
          <Unicode>doxo impcratore Michacle, misitque vobis beatum philosophum Constantinum cum</Unicode>
        </TextEquiv>
      </TextLine>
      <TextLine id="eSc_line_e959feda" custom="structure {type:default;}">
        <Coords points="769,2048 769,2072 903,2067 916,2074 921,2075 923,2075 925,2077 1035,2077 1035,2075 1054,2074 1103,2067 1157,2074 1186,2077 1188,2077 1190,2077 1200,2074 1220,2067 1397,2067 1426,2074 1431,2075 1432,2075 1434,2075 1436,2075 1441,2074 1471,2067 1492,2074 1499,2077 1500,2077 1502,2077 1504,2077 1512,2075 1541,2065 1560,2075 1561,2075 1563,2075 1565,2075 1566,2075 1570,2075 1594,2067 1614,2075 1616,2075 1617,2075 1619,2077 1847,2077 1847,2075 1848,2075 1850,2075 1864,2065 1991,2065 2006,2075 2008,2075 2010,2075 2011,2077 2100,2077 2100,2075 2101,2075 2103,2075 2115,2067 2125,2075 2127,2075 2128,2075 2130,2077 2235,2077 2237,2045 2232,2023 767,2026 769,2048"/>
        <Baseline points="769,2048 2237,2045"/>
        <TextEquiv conf="0.9901725972399992">
          <Unicode>fratre, cum nobis occasio deesset. Illi vero iure sedis apostolicae in vestras partes</Unicode>
        </TextEquiv>
      </TextLine>
      <TextLine id="eSc_line_a1a0b1dc" custom="structure {type:default;}">
        <Coords points="770,2089 770,2113 2235,2107 2237,2085 2232,2063 769,2065 770,2089"/>
        <Baseline points="770,2089 2237,2085"/>
        <TextEquiv conf="0.9996302469474513">
          <Unicode>cognito, contra canonem nihil fecerunt, sed ad nos venerunt S. Clementis reliquias</Unicode>
        </TextEquiv>
      </TextLine>
      <TextLine id="eSc_line_84872ee0" custom="structure {type:default;}">
        <Coords points="772,2131 772,2150 2237,2148 2237,2131 2237,2106 772,2102 772,2131"/>
        <Baseline points="772,2131 2237,2131"/>
        <TextEquiv conf="0.9895706412232952">
          <Unicode>ferentes. Nos autem triplici gaudio repleti statuimus re considerata Methodium in</Unicode>
        </TextEquiv>
      </TextLine>
      <TextLine id="eSc_line_e72cc47a" custom="structure {type:default;}">
        <Coords points="772,2175 772,2201 2234,2192 2235,2172 2230,2152 770,2153 772,2175"/>
        <Baseline points="772,2175 2235,2172"/>
        <TextEquiv conf="0.9979074008324567">
          <Unicode>partes vestras mittere filium nostrum, postquam eum cum discipulis ordinavimus, virum</Unicode>
        </TextEquiv>
      </TextLine>
      <TextLine id="eSc_line_d8410ac4" custom="structure {type:default;}">
        <Coords points="774,2216 774,2238 2232,2235 2234,2213 2230,2191 772,2191 774,2216"/>
        <Baseline points="774,2216 2234,2213"/>
        <TextEquiv conf="0.9996088894016771">
          <Unicode>perfectum intellectu et orthodoxum, ut vos edoceret, quemadmodum rogastis libros in</Unicode>
        </TextEquiv>
      </TextLine>
      <TextLine id="eSc_line_2aa7876b" custom="structure {type:default;}">
        <Coords points="774,2257 774,2275 2234,2272 2235,2253 2232,2228 814,2225 813,2225 772,2233 774,2257"/>
        <Baseline points="774,2257 2235,2253"/>
        <TextEquiv conf="0.9965123392641544">
          <Unicode>vestram linguam interpretans secundum omnia ecclesiae praecepta plene cum sancta</Unicode>
        </TextEquiv>
      </TextLine>
      <TextLine id="eSc_line_4c1a07f2" custom="structure {type:default;}">
        <Coords points="772,2301 772,2316 1128,2316 1144,2320 1174,2328 1176,2328 1178,2328 1179,2328 1210,2320 1227,2316 1341,2321 1500,2328 1502,2328 1527,2323 1560,2315 1585,2323 1597,2326 1599,2326 1600,2328 2020,2328 2020,2326 2021,2326 2025,2326 2047,2318 2232,2326 2235,2298 2230,2275 770,2277 772,2301"/>
        <Baseline points="772,2301 2235,2298"/>
        <TextEquiv conf="0.9979424834251404">
          <Unicode>missa, id est cum liturgia et baptismo, sicuti Constantinus philosophus divina gratia</Unicode>
        </TextEquiv>
      </TextLine>
      <TextLine id="eSc_line_fcba2116" custom="structure {type:default;}">
        <Coords points="772,2340 772,2364 2237,2359 2237,2340 2237,2316 772,2316 772,2340"/>
        <Baseline points="772,2340 2237,2340"/>
        <TextEquiv conf="0.9977964080870152">
          <Unicode>et S. Clementis invocatione coepit“. „Hunc unum servate morem, ut in missa primo</Unicode>
        </TextEquiv>
      </TextLine>
      <TextLine id="eSc_line_4755f15a" custom="structure {type:default;}">
        <Coords points="772,2382 772,2399 2234,2399 2235,2382 2234,2357 772,2352 772,2382"/>
        <Baseline points="772,2382 2235,2382"/>
        <TextEquiv conf="0.9999985992908478">
          <Unicode>legant apostolum et evangelium Romane, dein Slovenice.“ Excommunicat eos qui</Unicode>
        </TextEquiv>
      </TextLine>
      <TextLine id="eSc_line_bb4f4713" custom="structure {type:default;}">
        <Coords points="774,2425 774,2440 828,2450 830,2450 898,2442 996,2450 998,2450 1083,2442 1139,2450 1140,2450 1224,2442 1490,2450 1492,2450 2234,2440 2235,2425 2232,2398 774,2399 774,2425"/>
        <Baseline points="774,2425 2235,2425"/>
        <TextEquiv conf="0.9910136584828539">
          <Unicode>vituperant litteras linguae eorum. Vita Methodii c. 8 ed. Dümmler p. 15 (Archiv f.</Unicode>
        </TextEquiv>
      </TextLine>
      <TextLine id="eSc_line_ffd4c7ff" custom="structure {type:default;}">
        <Coords points="774,2467 774,2489 2232,2489 2234,2462 2230,2440 772,2440 774,2467"/>
        <Baseline points="774,2467 2234,2462"/>
        <TextEquiv conf="0.9883615816340727">
          <Unicode>Runde Oesterr. Geschichtsqu. XIII.), cf. de tempore huius ep. ibid. p. 37, (Erben Re-</Unicode>
        </TextEquiv>
      </TextLine>
      <TextLine id="eSc_line_ccbb653c" custom="structure {type:default;}">
        <Coords points="774,2508 774,2527 2027,2523 2027,2508 2027,2484 774,2481 774,2508"/>
        <Baseline points="774,2508 2027,2508"/>
        <TextEquiv conf="0.9938205307808475">
          <Unicode>gesta Bohemiae I. 14). — „Audivimus de vobis“ („Gloria in excelsis“).</Unicode>
        </TextEquiv>
      </TextLine>
      <TextLine id="eSc_line_5e0fcec1" custom="structure {type:default;}">
        <Coords points="735,2550 733,2572 2232,2578 2235,2557 2234,2533 735,2527 735,2550"/>
        <Baseline points="735,2550 2235,2557"/>
        <TextEquiv conf="0.9962541638385682">
          <Unicode>2925 (2220) * Michaeli, Bulgarorum regi, (qui „magna sub velocitate“ Silvestrum dia-</Unicode>
        </TextEquiv>
      </TextLine>
      <TextLine id="eSc_line_3620692d" custom="structure {type:default;}">
        <Coords points="777,2596 775,2615 2229,2618 2232,2600 2230,2572 777,2567 777,2596"/>
        <Baseline points="777,2596 2232,2600"/>
        <TextEquiv conf="0.9982221488441739">
          <Unicode>conum „cum Leopardo Anconitano et Dominico Tarvisiensi episcopis, simul et litteras,</Unicode>
        </TextEquiv>
      </TextLine>
      <TextLine id="eSc_line_7b1c7042" custom="structure {type:default;}">
        <Coords points="775,2642 775,2674 830,2664 964,2673 965,2673 1054,2664 2232,2664 2235,2639 2232,2618 774,2618 775,2642"/>
        <Baseline points="775,2642 2235,2639"/>
        <TextEquiv conf="0.9999430924654007">
          <Unicode>pro archiepiscopo aut Formoso, Portuensi episcopo, remittendo importunissime de-</Unicode>
        </TextEquiv>
      </TextLine>
      <TextLine id="eSc_line_0278449b" custom="structure {type:default;}">
        <Coords points="777,2681 775,2717 1120,2724 1122,2724 1123,2724 1132,2720 1149,2713 1212,2720 1244,2724 1246,2724 1247,2724 1249,2724 1252,2720 1261,2715 1334,2715 1424,2722 1454,2724 1456,2724 1458,2724 1461,2722 1478,2715 1590,2715 1695,2724 1724,2725 1726,2725 1728,2725 1733,2724 1750,2717 2103,2717 2186,2725 2188,2725 2190,2725 2208,2717 2225,2727 2232,2686 2230,2661 777,2656 777,2681"/>
        <Baseline points="777,2681 2232,2686"/>
        <TextEquiv conf="0.9889876569610044">
          <Unicode>precantes“, remiserat) respondet, quemcunque nominatim devotio regalis expresserit,</Unicode>
        </TextEquiv>
      </TextLine>
    </TextRegion>
    <TextRegion id="eSc_textblock_9bc1f10c"  custom="structure {type:default;}">
      <Coords points="1084,122 1585,128 1599,188 1578,208 943,201 943,135 1084,122"/>
      <TextLine id="eSc_line_986b10b8" custom="structure {type:default;}">
        <Coords points="1375,125 1329,134 1317,135 1314,134 1302,123 1298,123 1286,123 1257,132 1249,135 1247,132 1235,123 1230,123 1213,123 1205,122 986,130 976,132 959,132 960,181 960,201 1578,198 1578,176 1575,135 1376,125 1375,125"/>
        <Baseline points="960,181 1578,176"/>
        <TextEquiv conf="0.9990350976586342">
          <Unicode>HADRIAXI&#x27;S II. S67 —872.</Unicode>
        </TextEquiv>
      </TextLine>
    </TextRegion>
    <TextRegion id="eSc_textblock_952044ea"  custom="structure {type:default;}">
      <Coords points="521,916 521,921 516,921 516,916 521,916"/>
    </TextRegion>
    <TextRegion id="eSc_textblock_c5c79879"  custom="structure {type:default;}">
      <Coords points="521,278 521,283 516,283 516,278 521,278"/>
    </TextRegion>
    <TextRegion id="eSc_textblock_ceef75fd"  custom="structure {type:default;}">
      <Coords points="392,2206 427,2247 439,2226 439,2530 325,2510 292,2469 325,2320 305,2253 339,2213 392,2206"/>
    </TextRegion>
  </Page>
</PcGts>
