<?xml version="1.0" encoding="UTF-8"  standalone="yes"?>
<PcGts xmlns="http://schema.primaresearch.org/PAGE/gts/pagecontent/2019-07-15" xmlns:xsi="http://www.w3.org/2001/XMLSchema-instance" xsi:schemaLocation="http://schema.primaresearch.org/PAGE/gts/pagecontent/2019-07-15 http://schema.primaresearch.org/PAGE/gts/pagecontent/2019-07-15/pagecontent.xsd">
  <Metadata externalRef="pdf//regestapontificu01cath.pdf">
	<Creator>escriptorium</Creator>
	<Created>2026-02-12T11:34:49.360567+00:00</Created>
        <LastChange>2026-02-13T11:10:05.891395+00:00</LastChange>
  </Metadata>
  <Page imageFilename="regestapontificu01cath.pdf_page_361.png" imageWidth="2278" imageHeight="3076">
    <TextRegion id="eSc_textblock_303171e4"  custom="structure {type:default;}">
      <Coords points="1934,225 2052,246 2038,2746 1813,2766 738,2759 346,2787 157,2787 61,2759 41,704 75,259 1934,225"/>
      <TextLine id="eSc_line_bebfc592" custom="structure {type:default;}">
        <Coords points="777,246 775,246 770,247 746,256 728,247 726,247 724,247 722,247 712,247 608,256 514,251 500,251 483,251 485,292 485,314 1575,312 1575,285 1570,246 1150,252 1103,246 1083,244 1081,244 1080,244 1078,244 1076,246 1068,254 933,254 815,247 779,246 777,246"/>
        <Baseline points="485,292 1575,285"/>
        <TextEquiv conf="0.9524834686890244">
          <Unicode>824. (Imdt. 2. 1. S.„pt. — 3. im,. L. deriro a. 11. „ Latlacio.)</Unicode>
        </TextEquiv>
      </TextLine>
      <TextLine id="eSc_line_e6dbff8a" custom="structure {type:default;}">
        <Coords points="546,340 546,365 2016,365 2018,334 2013,300 545,309 546,340"/>
        <Baseline points="546,340 2018,334"/>
        <TextEquiv conf="0.9708129521026168">
          <Unicode>„ronunciatu“ cet. Thegani vita IIludow. imp. c. 30 ibiidem II. 597: „papa (P&#x27;aslaali-)</Unicode>
        </TextEquiv>
      </TextLine>
      <TextLine id="eSc_line_2722c464" custom="structure {type:default;}">
        <Coords points="546,377 545,396 2014,399 2018,381 2016,355 546,352 546,377"/>
        <Baseline points="546,377 2018,381"/>
        <TextEquiv conf="0.9993021797530258">
          <Unicode>obiit, cuius funus Romanus populus in ecclesia b. Petri humari noluit, antequam</Unicode>
        </TextEquiv>
      </TextLine>
      <TextLine id="eSc_line_119d59c4" custom="structure {type:default;}">
        <Coords points="546,423 546,444 2014,446 2018,420 2014,399 545,396 546,423"/>
        <Baseline points="546,423 2018,420"/>
        <TextEquiv conf="0.9942139954452055">
          <Unicode>Eugenius papa post eum successit; et ipse iussit sepelire corpus cius in loco, quem</Unicode>
        </TextEquiv>
      </TextLine>
      <TextLine id="eSc_line_9a9461b0" custom="structure {type:default;}">
        <Coords points="548,466 548,493 2016,493 2018,463 2014,442 546,439 548,466"/>
        <Baseline points="548,466 2018,463"/>
        <TextEquiv conf="0.9954024010066744">
          <Unicode>ipse vivus construxerat“. Eugenio, quem constat m. Aug. a. 827 obiisse, in Vita</Unicode>
        </TextEquiv>
      </TextLine>
      <TextLine id="eSc_line_70486aa7" custom="structure {type:default;}">
        <Coords points="546,509 546,528 2016,524 2018,504 2014,480 545,480 546,509"/>
        <Baseline points="546,509 2018,504"/>
        <TextEquiv conf="0.9942841494784636">
          <Unicode>ap. Vignolium, Lib. pont. III. 1, assignantur a. 3 m. 2 d. 23, consecratio igitur aut</Unicode>
        </TextEquiv>
      </TextLine>
      <TextLine id="eSc_line_0f3e277b" custom="structure {type:default;}">
        <Coords points="548,550 548,567 678,577 680,577 762,567 775,567 792,567 907,577 909,577 965,567 975,567 992,567 1097,577 1098,579 1168,579 1168,577 1170,577 1172,577 1184,567 1187,567 1204,567 1309,575 1310,577 1367,577 1367,575 1368,575 1370,575 1380,567 1385,565 1476,567 1661,574 1662,574 1664,574 1666,574 1673,567 1674,567 1686,575 1688,575 1690,575 1691,575 2014,567 2016,546 2011,526 546,528 548,550"/>
        <Baseline points="548,550 2016,546"/>
        <TextEquiv conf="0.9991459457079569">
          <Unicode>ad exeuntem m. Maium aut initum m. lunium a. 824 est referenda; eamque ante</Unicode>
        </TextEquiv>
      </TextLine>
      <TextLine id="eSc_line_7f8eeb35" custom="structure {type:default;}">
        <Coords points="548,592 548,613 2016,611 2018,589 2013,567 546,569 548,592"/>
        <Baseline points="548,592 2018,589"/>
        <TextEquiv conf="0.9987089508845483">
          <Unicode>d. 6. Iunii factam esse, liquet ex notis chronologicis synodi Mantuanac ap. Mansi</Unicode>
        </TextEquiv>
      </TextLine>
      <TextLine id="eSc_line_4b5bc168" custom="structure {type:default;}">
        <Coords points="551,635 551,654 2018,654 2018,635 2018,608 551,608 551,635"/>
        <Baseline points="551,635 2018,635"/>
        <TextEquiv conf="0.981748171921434">
          <Unicode>XIV. 493: „Anno pontificatus Eugenii quarto, per indictionem quintam, VIII. id. Iunii“.</Unicode>
        </TextEquiv>
      </TextLine>
      <TextLine id="eSc_line_da555857" custom="structure {type:default;}">
        <Coords points="546,673 545,688 652,700 654,700 739,692 767,700 769,700 770,700 864,692 1141,700 1143,700 1144,700 1162,692 1211,702 1213,702 1785,692 1787,676 1785,652 546,649 546,673"/>
        <Baseline points="546,673 1787,676"/>
        <TextEquiv conf="0.9921771279021875">
          <Unicode>Cf. Simson Jahrb. I. 214, Bölmer-Mühlbacher Reg. der Karol. I. 281.</Unicode>
        </TextEquiv>
      </TextLine>
      <TextLine id="eSc_line_4cd9cf76" custom="structure {type:default;}">
        <Coords points="61,717 61,760 85,762 87,762 88,762 90,762 90,760 102,750 145,762 146,762 148,762 150,762 181,750 225,758 227,758 276,750 304,770 311,775 312,775 314,775 316,775 439,774 439,717 437,649 193,669 61,649 61,717"/>
        <Baseline points="61,717 439,717"/>
        <TextEquiv conf="0.9048539671030912">
          <Unicode>Oa Ner. Rn.</Unicode>
        </TextEquiv>
      </TextLine>
      <TextLine id="eSc_line_f5d985bc" custom="structure {type:default;}">
        <Coords points="505,717 505,741 2019,741 2019,717 2019,693 1985,685 1984,685 1767,685 1765,685 1763,685 1746,693 1647,685 1645,685 1643,685 1616,693 1616,695 1500,695 1498,693 1486,685 1485,685 1483,685 1481,685 1479,685 1445,693 1444,693 1440,693 1344,685 1343,685 1341,685 1339,685 1327,693 1326,695 656,695 652,693 642,685 640,685 639,685 637,685 505,692 505,717"/>
        <Baseline points="505,717 2019,717"/>
        <TextEquiv conf="0.9980957685481935">
          <Unicode>Lotharium I. imperatorem honorifice suscipit. Einhardi annal. 824 p. 213, Vita HIlu-</Unicode>
        </TextEquiv>
      </TextLine>
      <TextLine id="eSc_line_774e0e0d" custom="structure {type:default;}">
        <Coords points="548,760 548,775 1175,779 1177,760 1177,733 548,731 548,760"/>
        <Baseline points="548,760 1177,760"/>
        <TextEquiv conf="0.9999913152526406">
          <Unicode>dowici imp. c. 38 MG. SS. II. 628.</Unicode>
        </TextEquiv>
      </TextLine>
      <TextLine id="eSc_line_b41752c0" custom="structure {type:default;}">
        <Coords points="492,804 492,825 792,825 794,825 825,833 827,833 828,833 873,825 874,825 886,825 1170,832 1172,832 1174,832 1197,823 1201,823 1235,823 1524,830 1526,830 1570,821 1577,821 1584,821 1633,830 1635,830 1637,830 1659,821 1666,820 1679,821 1720,828 1722,828 2016,820 2018,798 2013,774 1847,774 1842,772 1828,763 1826,763 1825,763 1823,763 1688,772 1630,775 1573,772 1500,767 1498,767 1466,772 1440,775 1426,772 1406,765 1404,765 1281,765 1279,765 1245,770 1209,777 490,770 492,804"/>
        <Baseline points="492,804 2018,798"/>
        <TextEquiv conf="0.9970531205096876">
          <Unicode>f2558 (1943) Adalrammo, archiepiscopo Salaburgensi, pallii usum concedit, praesente</Unicode>
        </TextEquiv>
      </TextLine>
      <TextLine id="eSc_line_7e70e8c3" custom="structure {type:default;}">
        <Coords points="66,806 66,845 246,866 247,803 244,763 187,750 186,750 184,750 182,750 182,751 176,758 170,763 135,763 121,753 116,748 114,748 112,748 111,748 64,748 66,806"/>
        <Baseline points="66,806 247,803"/>
        <TextEquiv conf="0.8156067516122546">
          <Unicode>Xer 18.</Unicode>
        </TextEquiv>
      </TextLine>
      <TextLine id="eSc_line_d1b4eb94" custom="structure {type:default;}">
        <Coords points="548,844 548,868 2016,871 2018,844 2018,820 548,818 548,844"/>
        <Baseline points="548,844 2018,844"/>
        <TextEquiv conf="0.9923269763225462">
          <Unicode>Lothario, Ludewici imperatoris filio. Kleimayrn Nachr. v. Iuv. Anhang p. 80. (Vide</Unicode>
        </TextEquiv>
      </TextLine>
      <TextLine id="eSc_line_4981ab36" custom="structure {type:default;}">
        <Coords points="546,883 545,900 620,910 622,910 2018,904 2019,886 2018,861 546,857 546,883"/>
        <Baseline points="546,883 2019,886"/>
        <TextEquiv conf="0.9844294874756424">
          <Unicode>Dungel Archiv f. österr. Gesch. (1871] Bd. 46 p. 252, qui demonstrat, hanc bullam</Unicode>
        </TextEquiv>
      </TextLine>
      <TextLine id="eSc_line_5d309969" custom="structure {type:default;}">
        <Coords points="546,926 545,951 2016,955 2019,929 2016,900 546,900 546,926"/>
        <Baseline points="546,926 2019,929"/>
        <TextEquiv conf="0.9973000981086908">
          <Unicode>exemplo spuriae bullae Benedicti VII. (infra ed. I. reg. 2893) fictam esse). — „Pallii</Unicode>
        </TextEquiv>
      </TextLine>
      <TextLine id="eSc_line_082bcc8c" custom="structure {type:default;}">
        <Coords points="548,968 546,986 570,996 572,996 574,997 635,997 635,996 637,996 639,996 639,994 647,987 686,996 688,996 1021,989 1023,972 1021,948 548,943 548,968"/>
        <Baseline points="548,968 1023,972"/>
        <TextEquiv conf="0.990711700457793">
          <Unicode>usum“ („Diebus vite tue“).</Unicode>
        </TextEquiv>
      </TextLine>
      <TextLine id="eSc_line_bbf7afdd" custom="structure {type:default;}">
        <Coords points="507,1015 507,1032 2021,1027 2023,1009 2018,982 505,984 507,1015"/>
        <Baseline points="507,1015 2023,1009"/>
        <TextEquiv conf="0.9987176965784144">
          <Unicode>2559 (1944) * Monasterio Farfensi asserit possessioncm „duarum massarum iuris mo-</Unicode>
        </TextEquiv>
      </TextLine>
      <TextLine id="eSc_line_3ad4aecc" custom="structure {type:default;}">
        <Coords points="550,1057 550,1074 1191,1083 1192,1083 1295,1073 1310,1073 1324,1073 1396,1081 1397,1081 1491,1073 1505,1073 1546,1073 1912,1081 1913,1081 2016,1071 2018,1054 2014,1025 1327,1025 1326,1025 1300,1030 1279,1033 1078,1032 606,1027 604,1027 548,1035 550,1057"/>
        <Baseline points="550,1057 2018,1054"/>
        <TextEquiv conf="0.9938548155128956">
          <Unicode>nasterii S. Bibianae“ Romani, „quarum una Pompeiano et alia Balagai nuncupatur“.</Unicode>
        </TextEquiv>
      </TextLine>
      <TextLine id="eSc_line_bce29164" custom="structure {type:default;}">
        <Coords points="553,1098 553,1119 1279,1127 1281,1127 1524,1126 1526,1126 1527,1126 1529,1124 1541,1117 1568,1124 1573,1126 1575,1126 1577,1127 1671,1127 1671,1126 1673,1126 1674,1126 1686,1117 1826,1126 1840,1126 1842,1126 1847,1126 1903,1117 2018,1126 2021,1095 2018,1071 551,1068 553,1098"/>
        <Baseline points="553,1098 2021,1095"/>
        <TextEquiv conf="0.9904033531160915">
          <Unicode>Vide Lotharii I. imp. tabulas, die 31. Maii a. 825 datas, Regesto di Farfa II. 216 et</Unicode>
        </TextEquiv>
      </TextLine>
      <TextLine id="eSc_line_dba0a1ef" custom="structure {type:default;}">
        <Coords points="550,1141 550,1167 1098,1156 1100,1138 1097,1109 548,1107 550,1141"/>
        <Baseline points="550,1141 1100,1138"/>
        <TextEquiv conf="0.9984406381845474">
          <Unicode>Muratori R. It. SS. II. II. 383.</Unicode>
        </TextEquiv>
      </TextLine>
      <TextLine id="eSc_line_8a1fd874" custom="structure {type:default;}">
        <Coords points="483,1203 483,1226 592,1226 592,1199 589,1162 481,1162 483,1203"/>
        <Baseline points="483,1203 592,1199"/>
        <TextEquiv conf="0.9996599704027176">
          <Unicode>835.</Unicode>
        </TextEquiv>
      </TextLine>
      <TextLine id="eSc_line_3d432f0f" custom="structure {type:default;}">
        <Coords points="505,1249 505,1269 2023,1269 2023,1249 2023,1221 2001,1213 1999,1213 1809,1213 1808,1213 1806,1213 1785,1221 1784,1221 1707,1213 1705,1213 1654,1221 1649,1221 1642,1221 1551,1213 1549,1213 1423,1221 1397,1221 505,1218 505,1249"/>
        <Baseline points="505,1249 2023,1249"/>
        <TextEquiv conf="0.9951115376809064">
          <Unicode>2560 (1945) *Ludovico et Lothario imperatoribus petentibus concedit, „ut sacerdotibus</Unicode>
        </TextEquiv>
      </TextLine>
      <TextLine id="eSc_line_f5db1b66" custom="structure {type:default;}">
        <Coords points="546,1293 546,1315 2019,1310 2021,1288 2016,1267 545,1269 546,1293"/>
        <Baseline points="546,1293 2021,1288"/>
        <TextEquiv conf="0.9913457654140614">
          <Unicode>eorum liceat de libris sanctorum patrum sententias quaerere atque colligere, quae</Unicode>
        </TextEquiv>
      </TextLine>
      <TextLine id="eSc_line_970b08ee" custom="structure {type:default;}">
        <Coords points="550,1336 550,1355 2021,1350 2023,1331 2018,1307 548,1309 550,1336"/>
        <Baseline points="550,1336 2023,1331"/>
        <TextEquiv conf="0.9987496064930428">
          <Unicode>ad rem, pro qua Graecorum legati ipsum consulturi sint, veraciter definiendam con-</Unicode>
        </TextEquiv>
      </TextLine>
      <TextLine id="eSc_line_974c501f" custom="structure {type:default;}">
        <Coords points="551,1377 551,1391 668,1392 680,1402 681,1402 683,1402 685,1402 798,1392 804,1392 811,1392 898,1402 900,1402 945,1392 950,1392 956,1392 1020,1402 1021,1402 1107,1394 1124,1392 1182,1392 1185,1394 1197,1402 1199,1402 1201,1402 1203,1404 1317,1404 1317,1402 1319,1402 1336,1394 1338,1394 1339,1394 1370,1402 1372,1402 1373,1404 1536,1404 1536,1402 1538,1402 1563,1396 1573,1392 1582,1396 1602,1402 1604,1402 1606,1402 1661,1396 1688,1392 1727,1396 1802,1402 1804,1402 2021,1396 2021,1377 2021,1355 551,1355 551,1377"/>
        <Baseline points="551,1377 2021,1377"/>
        <TextEquiv conf="0.999999010717714">
          <Unicode>venire possint“. Vide Ludovici et Lotharii imperatorum epist. ad Eugenium ap.</Unicode>
        </TextEquiv>
      </TextLine>
      <TextLine id="eSc_line_197187f7" custom="structure {type:default;}">
        <Coords points="551,1420 551,1440 2019,1440 2021,1416 2018,1394 550,1392 551,1420"/>
        <Baseline points="551,1420 2021,1416"/>
        <TextEquiv conf="0.9805646443367004">
          <Unicode>Mansi XV. append. p. 437, Migne 98 p. 1347, 104 p. 1317, Sickel Acta Karol.</Unicode>
        </TextEquiv>
      </TextLine>
      <TextLine id="eSc_line_838457f6" custom="structure {type:default;}">
        <Coords points="548,1461 548,1479 1664,1479 1664,1461 1664,1437 548,1437 548,1461"/>
        <Baseline points="548,1461 1664,1461"/>
        <TextEquiv conf="0.9959054906522075">
          <Unicode>II. 155, Simson Jahrb. I. 249, Böhmer-Mühlbacher I. I. I. 291.</Unicode>
        </TextEquiv>
      </TextLine>
      <TextLine id="eSc_line_be3a5d47" custom="structure {type:default;}">
        <Coords points="507,1500 507,1522 675,1522 688,1531 690,1531 692,1531 693,1531 758,1522 786,1531 787,1531 789,1531 868,1522 871,1522 873,1522 951,1531 953,1532 1057,1532 1057,1531 1059,1531 1061,1531 1073,1522 1102,1531 1103,1531 1105,1531 2025,1522 2025,1500 2023,1469 1946,1478 1924,1469 1922,1469 1920,1469 1919,1469 1867,1479 1770,1479 1756,1469 1755,1469 1753,1469 1751,1469 1729,1469 1580,1478 507,1476 507,1500"/>
        <Baseline points="507,1500 2025,1500"/>
        <TextEquiv conf="0.9953900656582396">
          <Unicode>2561 Michaeli atque Theophilo, imperatoribus Graecorum, sub Eugenii II. nomine de</Unicode>
        </TextEquiv>
      </TextLine>
      <TextLine id="eSc_line_134b0ed4" custom="structure {type:default;}">
        <Coords points="76,1508 76,1548 111,1558 112,1558 114,1558 184,1549 184,1508 184,1476 135,1461 133,1461 131,1461 92,1462 90,1462 88,1462 76,1471 76,1508"/>
        <Baseline points="76,1508 184,1508"/>
        <TextEquiv conf="0.9969694167375565">
          <Unicode>Dec.</Unicode>
        </TextEquiv>
      </TextLine>
      <TextLine id="eSc_line_73b5cdc8" custom="structure {type:default;}">
        <Coords points="550,1546 550,1567 2021,1563 2023,1543 2018,1522 548,1522 550,1546"/>
        <Baseline points="550,1546 2023,1543"/>
        <TextEquiv conf="0.999167188822505">
          <Unicode>unitate ecclesiae restituenda synodus Parisiensis (825, Dec.) litteras dat, quas ut</Unicode>
        </TextEquiv>
      </TextLine>
      <TextLine id="eSc_line_a8afe343" custom="structure {type:default;}">
        <Coords points="548,1585 546,1602 620,1613 622,1613 2021,1611 2023,1589 2021,1563 548,1560 548,1585"/>
        <Baseline points="548,1585 2023,1589"/>
        <TextEquiv conf="0.9965524810484085">
          <Unicode>Constantinopolim dirigantur, papae transmittit. Vide acta syn. Par. ap. Mansi XIV. 463,</Unicode>
        </TextEquiv>
      </TextLine>
      <TextLine id="eSc_line_2e4e79fa" custom="structure {type:default;}">
        <Coords points="550,1633 550,1652 652,1664 654,1664 656,1664 676,1652 680,1652 726,1652 729,1652 772,1664 774,1664 775,1664 777,1664 779,1664 791,1652 890,1652 907,1662 909,1662 910,1662 912,1662 914,1662 915,1662 927,1652 958,1650 980,1650 982,1650 1001,1661 1003,1661 1004,1661 1006,1661 1045,1650 1049,1650 1052,1650 1122,1662 1124,1662 1126,1662 1127,1662 1144,1650 1184,1659 1185,1659 1187,1659 1211,1650 1240,1662 1242,1662 1244,1664 1312,1664 1312,1662 1314,1662 1315,1662 1334,1650 1457,1661 1459,1661 1461,1661 1462,1661 1476,1649 1478,1649 1536,1649 1549,1659 1551,1659 1553,1659 1555,1659 1632,1649 1755,1661 1756,1661 1758,1661 1784,1647 1784,1628 1780,1606 548,1602 550,1633"/>
        <Baseline points="550,1633 1784,1628"/>
        <TextEquiv conf="0.9930740371346474">
          <Unicode>Migme 98 p. 1337 (129 p. 991); cf. Hefele IV. 44. — „Oro autem“.</Unicode>
        </TextEquiv>
      </TextLine>
      <TextLine id="eSc_line_ceea2ad6" custom="structure {type:default;}">
        <Coords points="483,1688 483,1725 592,1708 594,1684 591,1650 516,1640 514,1640 481,1647 483,1688"/>
        <Baseline points="483,1688 594,1684"/>
        <TextEquiv conf="0.9999832212924957">
          <Unicode>826.</Unicode>
        </TextEquiv>
      </TextLine>
      <TextLine id="eSc_line_0486739f" custom="structure {type:default;}">
        <Coords points="505,1732 505,1755 2021,1753 2023,1727 2019,1702 1064,1695 1062,1695 504,1705 505,1732"/>
        <Baseline points="505,1732 2023,1727"/>
        <TextEquiv conf="0.9967048055985395">
          <Unicode>„Graviter infirmans, ita ut semivivus appareret, nec aliter quam lecto accumbens“ Ro-</Unicode>
        </TextEquiv>
      </TextLine>
      <TextLine id="eSc_line_68762b26" custom="structure {type:default;}">
        <Coords points="266,1734 266,1751 449,1758 451,1758 452,1758 475,1748 475,1731 469,1661 423,1662 422,1662 420,1662 418,1664 403,1676 382,1667 369,1662 367,1662 365,1662 364,1662 345,1671 331,1678 314,1674 292,1669 290,1669 288,1669 264,1676 266,1734"/>
        <Baseline points="266,1734 475,1731"/>
        <TextEquiv conf="0.9076812050559304">
          <Unicode>La patriar-</Unicode>
        </TextEquiv>
      </TextLine>
      <TextLine id="eSc_line_49f11c27" custom="structure {type:default;}">
        <Coords points="322,1775 322,1808 420,1808 420,1775 420,1751 322,1749 322,1775"/>
        <Baseline points="322,1775 420,1775"/>
        <TextEquiv conf="0.9998449385166168">
          <Unicode>chio</Unicode>
        </TextEquiv>
      </TextLine>
      <TextLine id="eSc_line_1448e572" custom="structure {type:default;}">
        <Coords points="548,1775 548,1794 830,1802 832,1802 833,1802 835,1802 847,1794 849,1794 893,1794 1285,1801 1286,1801 1288,1801 1290,1801 1300,1792 1302,1792 2019,1792 2021,1770 2018,1741 1039,1741 1037,1741 859,1749 857,1749 856,1749 563,1743 562,1743 560,1743 558,1743 546,1748 548,1775"/>
        <Baseline points="548,1775 2021,1770"/>
        <TextEquiv conf="0.994330168488514">
          <Unicode>doinum, abbatem S. Medardi Suessionensis, Ludovici Pii imperatoris legatum, excipit</Unicode>
        </TextEquiv>
      </TextLine>
      <TextLine id="eSc_line_45baffc4" custom="structure {type:default;}">
        <Coords points="550,1819 550,1838 1227,1845 1228,1845 1403,1837 1430,1837 1442,1837 1514,1845 1515,1845 1604,1837 1628,1835 1635,1837 1654,1843 1655,1843 1657,1843 2019,1835 2021,1814 2016,1790 548,1794 550,1819"/>
        <Baseline points="550,1819 2021,1814"/>
        <TextEquiv conf="0.9982545493647109">
          <Unicode>„anno 826, imperii vero IIludowici caesaris 13“. Translatio S. Sebastiani et. S. Greg.</Unicode>
        </TextEquiv>
      </TextLine>
      <TextLine id="eSc_line_617da369" custom="structure {type:default;}">
        <Coords points="546,1859 546,1878 1592,1878 1592,1859 1592,1835 546,1835 546,1859"/>
        <Baseline points="546,1859 1592,1859"/>
        <TextEquiv conf="0.999477795625137">
          <Unicode>Suess. ap. Mabillon Acta SS. ord. Ben. saec. IV. P. I. 390.</Unicode>
        </TextEquiv>
      </TextLine>
      <TextLine id="eSc_line_a1f47771" custom="structure {type:default;}">
        <Coords points="59,1944 205,1934 206,1905 203,1849 177,1860 141,1854 140,1854 93,1862 64,1845 61,1901 59,1944"/>
        <Baseline points="61,1901 206,1905"/>
        <TextEquiv conf="0.9597464998563131">
          <Unicode>„ Apr.</Unicode>
        </TextEquiv>
      </TextLine>
      <TextLine id="eSc_line_38beb23e" custom="structure {type:default;}">
        <Coords points="510,1903 510,1920 787,1920 789,1920 804,1931 806,1931 808,1931 810,1931 811,1931 813,1931 823,1922 898,1929 900,1929 902,1929 904,1929 915,1919 919,1919 939,1919 1112,1929 1114,1929 1115,1929 1150,1919 1156,1917 1232,1919 1579,1925 1580,1925 1633,1917 1642,1915 1650,1915 1695,1924 1696,1924 2021,1913 2023,1895 2019,1872 1743,1862 1741,1862 1739,1862 1717,1872 1715,1872 1712,1872 1678,1866 1676,1866 509,1874 510,1903"/>
        <Baseline points="510,1903 2023,1895"/>
        <TextEquiv conf="0.9993228865297217">
          <Unicode>Ad Ludovicum (Pium) imperatorem mittit Leonem, episcopum Centumcellensem, et</Unicode>
        </TextEquiv>
      </TextLine>
      <TextLine id="eSc_line_dc4fff4a" custom="structure {type:default;}">
        <Coords points="551,1944 551,1963 1640,1968 1642,1944 1642,1915 551,1913 551,1944"/>
        <Baseline points="551,1944 1642,1944"/>
        <TextEquiv conf="0.9942528249924643">
          <Unicode>Theophilactum nomenclatorem. Einhardi annales 826 p. 214.</Unicode>
        </TextEquiv>
      </TextLine>
      <TextLine id="eSc_line_0700a7a5" custom="structure {type:default;}">
        <Coords points="63,1987 63,2042 234,2042 235,2042 239,2042 249,2035 251,2025 268,2025 275,2025 316,2006 399,2011 401,2011 483,1994 572,2014 574,2014 659,2004 731,2004 757,2018 758,2018 760,2018 1009,2006 1044,2014 1045,2014 1047,2014 1127,2006 1151,2018 1153,2018 1155,2018 1156,2018 1187,2006 1232,2006 1259,2019 1261,2019 1262,2019 1264,2019 1291,2007 1343,2013 1344,2013 1346,2013 1380,2002 1437,2018 1438,2018 1440,2018 1442,2018 1447,2018 1526,2004 1560,2013 1561,2013 1563,2013 1638,2004 2019,2006 2023,1978 2018,1944 1626,1954 994,1951 524,1949 522,1949 521,1949 509,1954 502,1960 61,1960 63,1987"/>
        <Baseline points="63,1987 2023,1978"/>
        <TextEquiv conf="0.9622744616952915">
          <Unicode>Nov. 18. Coram sacra- Conenlium episcoporum 63 (aut 61), in qug 38 canones constitanant, de simonia, de</Unicode>
        </TextEquiv>
      </TextLine>
      <TextLine id="eSc_line_479d473b" custom="structure {type:default;}">
        <Coords points="252,2026 252,2042 273,2055 275,2055 276,2055 278,2055 481,2038 481,2026 480,1990 427,2002 355,1997 281,1992 280,1992 278,1992 252,2002 252,2026"/>
        <Baseline points="252,2026 481,2026"/>
        <TextEquiv conf="0.9999969899654388">
          <Unicode>tissimo cor-</Unicode>
        </TextEquiv>
      </TextLine>
      <TextLine id="eSc_line_b4638921" custom="structure {type:default;}">
        <Coords points="541,2028 541,2047 1032,2055 1033,2055 1185,2047 1228,2045 1232,2047 1242,2054 1244,2054 1245,2054 1247,2054 1329,2047 1355,2045 1365,2047 1399,2054 1401,2054 2018,2045 2019,2023 2014,1994 540,2002 541,2028"/>
        <Baseline points="541,2028 2019,2023"/>
        <TextEquiv conf="0.9986508495352241">
          <Unicode>sacerdotibus indoctis; de episcopis, nisi a clero et populo postulatis, non consecrandis:</Unicode>
        </TextEquiv>
      </TextLine>
      <TextLine id="eSc_line_b2630675" custom="structure {type:default;}">
        <Coords points="252,2089 475,2098 478,2071 475,2038 369,2045 360,2038 360,2036 358,2036 357,2036 355,2036 353,2036 276,2043 256,2035 254,2067 252,2089"/>
        <Baseline points="254,2067 478,2071"/>
        <TextEquiv conf="0.9615855537928067">
          <Unicode>pore b. prip-</Unicode>
        </TextEquiv>
      </TextLine>
      <TextLine id="eSc_line_afa00412" custom="structure {type:default;}">
        <Coords points="546,2069 546,2093 2018,2095 2021,2064 2016,2042 545,2047 546,2069"/>
        <Baseline points="546,2069 2021,2064"/>
        <TextEquiv conf="0.9999350373234067">
          <Unicode>ne episcopi diu absint ab ecclesiis; de claustris iuxta ecclesias constituendis;. de</Unicode>
        </TextEquiv>
      </TextLine>
      <TextLine id="eSc_line_117d36bf" custom="structure {type:default;}">
        <Coords points="254,2112 254,2153 293,2153 293,2151 295,2151 297,2151 297,2149 324,2132 375,2141 377,2141 459,2132 475,2142 480,2112 480,2088 254,2088 254,2112"/>
        <Baseline points="254,2112 480,2112"/>
        <TextEquiv conf="0.999556825711177">
          <Unicode>cipis aposto-</Unicode>
        </TextEquiv>
      </TextLine>
      <TextLine id="eSc_line_b259e8b8" custom="structure {type:default;}">
        <Coords points="543,2113 543,2130 2021,2129 2021,2107 2016,2083 541,2089 543,2113"/>
        <Baseline points="543,2113 2021,2107"/>
        <TextEquiv conf="0.9999221995472908">
          <Unicode>plebium baptismalium assensu in ordinandis presbyteris requirendo; de clericorum</Unicode>
        </TextEquiv>
      </TextLine>
      <TextLine id="eSc_line_0e1cae63" custom="structure {type:default;}">
        <Coords points="312,2151 311,2183 428,2187 432,2154 430,2129 312,2125 312,2151"/>
        <Baseline points="312,2151 432,2154"/>
        <TextEquiv conf="0.9999977946281433">
          <Unicode>lorumn</Unicode>
        </TextEquiv>
      </TextLine>
      <TextLine id="eSc_line_f8849944" custom="structure {type:default;}">
        <Coords points="550,2156 550,2175 914,2183 915,2183 1127,2175 1191,2173 1199,2175 1220,2182 1221,2182 1223,2182 1394,2180 1396,2180 1408,2175 1416,2171 1435,2175 1466,2180 1467,2180 1565,2175 1654,2170 2016,2173 2019,2149 2016,2125 625,2124 623,2124 548,2132 550,2156"/>
        <Baseline points="550,2156 2019,2149"/>
        <TextEquiv conf="0.9971632978250814">
          <Unicode>numero; de sacerdotum disciplina; ne episcopi „res immobiles de subiectis plebibus seu</Unicode>
        </TextEquiv>
      </TextLine>
      <TextLine id="eSc_line_9d96dfc6" custom="structure {type:default;}">
        <Coords points="546,2199 546,2221 2021,2219 2023,2190 2018,2168 545,2175 546,2199"/>
        <Baseline points="546,2199 2023,2190"/>
        <TextEquiv conf="0.9971012577067974">
          <Unicode>aliis piis locis in proprio usu habeant“; de oblationibus; de sacerdotibus ab episcopo</Unicode>
        </TextEquiv>
      </TextLine>
      <TextLine id="eSc_line_a013ce72" custom="structure {type:default;}">
        <Coords points="548,2240 548,2259 2018,2254 2019,2235 2014,2207 546,2211 548,2240"/>
        <Baseline points="548,2240 2019,2235"/>
        <TextEquiv conf="0.9943057067254011">
          <Unicode>non exauctorandis; de advocatis; de monasteriis et oratoriis „a dominio constructorum</Unicode>
        </TextEquiv>
      </TextLine>
      <TextLine id="eSc_line_029e259d" custom="structure {type:default;}">
        <Coords points="550,2281 550,2300 915,2308 917,2308 999,2298 1009,2298 1033,2298 1225,2307 1227,2307 1281,2298 1290,2296 1293,2296 1310,2305 1312,2305 1314,2307 1512,2307 1512,2305 1514,2305 1515,2305 1527,2296 1531,2296 1614,2305 1616,2305 1618,2305 1652,2295 1659,2295 2019,2295 2021,2274 2016,2254 548,2259 550,2281"/>
        <Baseline points="550,2281 2021,2274"/>
        <TextEquiv conf="0.9966229712261873">
          <Unicode>invite non auferendis“; de invasoribus; de xenodochiis; de piis locis desertis et de-</Unicode>
        </TextEquiv>
      </TextLine>
      <TextLine id="eSc_line_9f5ed9f7" custom="structure {type:default;}">
        <Coords points="550,2324 550,2344 2018,2346 2021,2317 2016,2296 548,2301 550,2324"/>
        <Baseline points="550,2324 2021,2317"/>
        <TextEquiv conf="0.9985356986522674">
          <Unicode>structis; de episcoporum reditu; de abbatibus; de monachis et monialibus; de die</Unicode>
        </TextEquiv>
      </TextLine>
      <TextLine id="eSc_line_583288dd" custom="structure {type:default;}">
        <Coords points="548,2363 548,2385 2018,2385 2019,2359 2014,2336 546,2339 548,2363"/>
        <Baseline points="548,2363 2019,2359"/>
        <TextEquiv conf="0.9988977249179568">
          <Unicode>dominica; de iis, qui inviti monachi facti sint; ne laici, dum sacra procurentur, in</Unicode>
        </TextEquiv>
      </TextLine>
      <TextLine id="eSc_line_b5732b26" custom="structure {type:default;}">
        <Coords points="550,2409 550,2428 2016,2431 2019,2404 2014,2377 548,2385 550,2409"/>
        <Baseline points="550,2409 2019,2404"/>
        <TextEquiv conf="0.9921181668718178">
          <Unicode>presbyterio sint; de magistris et doctoribus constituendis, „qui studia litterarum,</Unicode>
        </TextEquiv>
      </TextLine>
      <TextLine id="eSc_line_7c3d91c0" custom="structure {type:default;}">
        <Coords points="548,2450 548,2474 2019,2474 2021,2445 2016,2423 546,2426 548,2450"/>
        <Baseline points="548,2450 2021,2445"/>
        <TextEquiv conf="0.9961514416195097">
          <Unicode>liberaliumque artium dogmata assidue doceant“; ne festi dies „ballando, verba turpia</Unicode>
        </TextEquiv>
      </TextLine>
      <TextLine id="eSc_line_de657bac" custom="structure {type:default;}">
        <Coords points="548,2493 548,2512 2019,2505 2021,2486 2018,2462 546,2462 548,2493"/>
        <Baseline points="548,2493 2021,2486"/>
        <TextEquiv conf="0.9972997504122117">
          <Unicode>decantando, choros tenendo“ violentur; de divortiis: de bigamia, de matrimoniis illi-</Unicode>
        </TextEquiv>
      </TextLine>
      <TextLine id="eSc_line_2d9b53e3" custom="structure {type:default;}">
        <Coords points="548,2534 548,2551 604,2561 606,2561 608,2561 632,2551 634,2551 644,2551 734,2561 736,2561 738,2561 758,2553 811,2561 813,2561 815,2561 835,2551 844,2551 1032,2561 1033,2561 1035,2561 1037,2561 1049,2551 1074,2559 1076,2559 1078,2559 1080,2559 1100,2549 1102,2549 1109,2549 1167,2559 1168,2561 1338,2561 1338,2559 1339,2559 1360,2549 1362,2549 1442,2559 1444,2559 1445,2559 1473,2549 1548,2556 1549,2556 1551,2556 1568,2547 1572,2547 2019,2547 2021,2529 2018,2503 570,2503 569,2503 567,2503 546,2510 548,2534"/>
        <Baseline points="548,2534 2021,2529"/>
        <TextEquiv conf="0.9973348018370176">
          <Unicode>citis. MG. LI. II. append. p. 11 sq. (Mansi XIV. 999). Addit ex hoc concilio</Unicode>
        </TextEquiv>
      </TextLine>
      <TextLine id="eSc_line_d4abe291" custom="structure {type:default;}">
        <Coords points="548,2577 548,2595 2021,2588 2021,2571 2018,2549 1532,2541 1531,2541 1529,2541 1507,2549 1503,2551 546,2551 548,2577"/>
        <Baseline points="548,2577 2021,2571"/>
        <TextEquiv conf="0.9854992462109916">
          <Unicode>Deusdedit Coll. can. I. c. 123 (et sub titulo Leonis IV. Grat. L. LXXIX. c. 6):</Unicode>
        </TextEquiv>
      </TextLine>
      <TextLine id="eSc_line_77cbd34a" custom="structure {type:default;}">
        <Coords points="548,2618 548,2636 2019,2631 2019,2612 2014,2587 546,2587 548,2618"/>
        <Baseline points="548,2618 2019,2612"/>
        <TextEquiv conf="0.9846446373883415">
          <Unicode>de Romano pontifice, a sacerdotibus seu primatibus, nobilibus seu cuncto concilio Ro-</Unicode>
        </TextEquiv>
      </TextLine>
      <TextLine id="eSc_line_255c2ab6" custom="structure {type:default;}">
        <Coords points="551,2662 551,2682 1526,2689 1527,2689 1642,2681 1989,2688 1990,2688 1992,2688 2018,2677 2018,2657 2013,2636 550,2640 551,2662"/>
        <Baseline points="551,2662 2018,2657"/>
        <TextEquiv conf="0.999715471709216">
          <Unicode>manae ecclesiae electo (sicut in concilio Stephani papae statutum est), probando;</Unicode>
        </TextEquiv>
      </TextLine>
      <TextLine id="eSc_line_7116fea3" custom="structure {type:default;}">
        <Coords points="550,2701 550,2753 637,2732 832,2732 869,2747 871,2747 873,2747 963,2732 1025,2756 1027,2756 1028,2756 1030,2756 1080,2732 1165,2732 1184,2746 1185,2746 1187,2746 1189,2746 1191,2746 1221,2735 1305,2759 1322,2764 1324,2764 1326,2764 1327,2764 1341,2761 1370,2753 1447,2761 1478,2764 1479,2764 1481,2764 1486,2761 1510,2749 1553,2763 1555,2763 1556,2763 1558,2763 1560,2763 1561,2763 1592,2742 1703,2739 1746,2764 1748,2764 1749,2764 1751,2766 1881,2766 1883,2701 1881,2677 550,2677 550,2701"/>
        <Baseline points="550,2701 1883,2701"/>
        <TextEquiv conf="0.9700738737335453">
          <Unicode>Deusdedit. I. c. 129. de dogmatibus et praeceptis sedis apostolicae teneudis.</Unicode>
        </TextEquiv>
      </TextLine>
      <TextLine id="eSc_line_c601e42c" custom="structure {type:default;}">
        <Coords points="136,2788 145,2797 146,2797 148,2797 194,2799 196,2799 198,2799 199,2799 223,2782 227,2780 235,2782 292,2799 293,2799 295,2799 297,2799 299,2799 328,2780 334,2778 406,2778 408,2778 427,2797 427,2799 428,2799 430,2799 432,2800 490,2800 490,2799 492,2799 533,2776 533,2744 531,2706 469,2706 466,2705 454,2694 454,2693 452,2693 451,2693 331,2693 329,2693 328,2693 326,2693 317,2700 309,2708 160,2708 138,2696 136,2744 136,2788"/>
        <Baseline points="136,2744 533,2744"/>
        <TextEquiv conf="0.8205362531271848">
          <Unicode>(. o a E. „</Unicode>
        </TextEquiv>
      </TextLine>
      <TextLine id="eSc_line_9cb01161" custom="structure {type:default;}">
        <Coords points="1763,2747 1767,2799 1811,2800 1809,2744 1804,2713 1760,2713 1763,2747"/>
        <Baseline points="1763,2747 1809,2744"/>
        <TextEquiv conf="0.9989059269428253">
          <Unicode>41</Unicode>
        </TextEquiv>
      </TextLine>
    </TextRegion>
    <TextRegion id="eSc_textblock_954e2a56"  custom="structure {type:default;}">
      <Coords points="895,116 1336,129 1350,196 731,196 758,123 895,116"/>
      <TextLine id="eSc_line_cf7f4a8e" custom="structure {type:default;}">
        <Coords points="1174,124 1165,123 1117,133 1037,123 1035,123 992,131 979,121 979,119 977,119 975,119 974,119 876,128 784,119 780,121 763,121 748,148 748,176 746,198 1327,201 1331,179 1329,135 1201,135 1201,133 1189,124 1174,124"/>
        <Baseline points="748,176 1331,179"/>
        <TextEquiv conf="0.9773815756752378">
          <Unicode>ET&#x27;IENIIS II. 824—827</Unicode>
        </TextEquiv>
      </TextLine>
    </TextRegion>
    <TextRegion id="eSc_textblock_ce54539c"  custom="structure {type:default;}">
      <Coords points="1941,129 2031,136 2031,196 1924,203 1910,164 1941,129"/>
      <TextLine id="eSc_line_39ac5fef" custom="structure {type:default;}">
        <Coords points="2009,135 1992,133 1975,131 1961,129 1936,131 1925,143 1925,177 1925,203 2014,203 2014,174 2009,135 2009,135"/>
        <Baseline points="1925,177 2014,174"/>
        <TextEquiv conf="0.9999983310699463">
          <Unicode>3521</Unicode>
        </TextEquiv>
      </TextLine>
    </TextRegion>
  </Page>
</PcGts>
