<?xml version="1.0" encoding="UTF-8"  standalone="yes"?>
<PcGts xmlns="http://schema.primaresearch.org/PAGE/gts/pagecontent/2019-07-15" xmlns:xsi="http://www.w3.org/2001/XMLSchema-instance" xsi:schemaLocation="http://schema.primaresearch.org/PAGE/gts/pagecontent/2019-07-15 http://schema.primaresearch.org/PAGE/gts/pagecontent/2019-07-15/pagecontent.xsd">
  <Metadata externalRef="pdf//regestapontificu01cath.pdf">
	<Creator>escriptorium</Creator>
	<Created>2026-02-12T11:41:07.818268+00:00</Created>
        <LastChange>2026-02-13T11:41:47.151637+00:00</LastChange>
  </Metadata>
  <Page imageFilename="regestapontificu01cath.pdf_page_512.png" imageWidth="2353" imageHeight="3055">
    <TextRegion id="eSc_textblock_de7b5bef"  custom="structure {type:default;}">
      <Coords points="300,115 392,115 398,168 285,174 300,115"/>
      <TextLine id="eSc_line_14e6ef37" custom="structure {type:default;}">
        <Coords points="295,130 297,162 297,179 383,173 385,157 380,117 305,118 295,130"/>
        <Baseline points="297,162 385,157"/>
        <TextEquiv conf="0.9999999602635702">
          <Unicode>172</Unicode>
        </TextEquiv>
      </TextLine>
    </TextRegion>
    <TextRegion id="eSc_textblock_87a4258d"  custom="structure {type:default;}">
      <Coords points="2154,210 2271,224 2257,2679 767,2693 697,2652 502,2652 494,2510 466,2659 312,2652 278,2591 292,2335 271,2143 278,244 298,224 460,230 487,271 495,224 2154,210"/>
      <TextLine id="eSc_line_1b21a1f2" custom="structure {type:default;}">
        <Coords points="1249,217 1247,217 1246,217 1210,225 1191,230 1106,230 1095,225 1078,218 1076,218 1074,218 711,224 713,268 713,297 1130,297 1130,295 1132,295 1140,291 1152,286 1242,291 1363,297 1364,297 1858,295 1967,283 1981,283 1989,283 2047,293 2049,295 2220,295 2220,293 2222,293 2223,293 2240,281 2240,261 2239,227 2193,215 2191,215 2190,215 2188,215 2186,215 2171,225 1931,217 1930,217 1928,217 1926,217 1913,225 1911,225 1792,218 1791,218 1719,225 1702,227 1697,225 1673,215 1672,215 1670,215 1465,225 1388,229 1266,229 1261,225 1251,217 1249,217"/>
        <Baseline points="713,268 2240,261"/>
        <TextEquiv conf="0.955621236231592">
          <Unicode>967. (Lad. 10. — 1. S.„ — 11. „—t. „. 2. — 1. Lht. — 3. iap. Ortan. a. 5. — 2. 174.  — 6.)</Unicode>
        </TextEquiv>
      </TextLine>
      <TextLine id="eSc_line_7f7c92e4" custom="structure {type:default;}">
        <Coords points="303,319 303,368 387,359 407,363 446,368 448,368 449,368 468,358 468,319 466,269 303,274 303,319"/>
        <Baseline points="303,319 468,319"/>
        <TextEquiv conf="0.912750668823719">
          <Unicode>Febr.37.</Unicode>
        </TextEquiv>
      </TextLine>
      <TextLine id="eSc_line_b8195f29" custom="structure {type:default;}">
        <Coords points="730,317 730,332 938,341 940,341 1134,332 1142,332 1149,332 1339,342 1341,342 1392,332 1409,342 1410,342 1412,342 1414,342 1497,330 1504,330 1512,330 1614,341 1616,342 1692,342 1692,341 1694,341 1695,341 1711,330 1712,330 1721,330 2064,341 2066,341 2067,341 2069,341 2086,330 2220,341 2222,341 2223,341 2225,341 2240,329 2240,313 2235,285 728,286 730,317"/>
        <Baseline points="730,317 2240,313"/>
        <TextEquiv conf="0.9964987290910927">
          <Unicode>3713 (2845) „Ariberto archiepiscopo“ (Petro Ravennati) curtem Firminianam concedit.</Unicode>
        </TextEquiv>
      </TextLine>
      <TextLine id="eSc_line_b3ebf524" custom="structure {type:default;}">
        <Coords points="772,358 772,381 2237,383 2240,354 2237,334 782,327 780,327 779,327 777,327 770,332 772,358"/>
        <Baseline points="772,358 2240,354"/>
        <TextEquiv conf="0.9970999823676215">
          <Unicode>(Vitia multa, quae insunt in hac bulla, quamvis emendare arduum sit, tamen falsam</Unicode>
        </TextEquiv>
      </TextLine>
      <TextLine id="eSc_line_ee7be6f0" custom="structure {type:default;}">
        <Coords points="772,400 772,419 2191,412 2193,397 2190,373 770,373 772,400"/>
        <Baseline points="772,400 2193,397"/>
        <TextEquiv conf="0.995207750483563">
          <Unicode>eam non putaverim). Amadesius Ant. Rav. chronot. II. 328. — „Quotiens illa“.</Unicode>
        </TextEquiv>
      </TextLine>
      <TextLine id="eSc_line_3ac59118" custom="structure {type:default;}">
        <Coords points="310,444 310,470 390,478 392,478 495,466 505,475 507,475 509,475 511,476 578,476 578,475 685,459 685,437 684,385 668,373 667,373 665,373 628,373 626,373 624,373 584,386 584,388 519,388 519,386 500,375 499,375 497,375 495,375 419,386 398,390 308,388 310,444"/>
        <Baseline points="310,444 685,437"/>
        <TextEquiv conf="0.9238493565250846">
          <Unicode>Nart 21. Ravennae</Unicode>
        </TextEquiv>
      </TextLine>
      <TextLine id="eSc_line_bc28d388" custom="structure {type:default;}">
        <Coords points="731,437 730,451 763,463 765,463 767,463 816,454 860,463 862,463 942,454 960,463 962,463 964,463 965,463 988,454 1008,463 1010,463 1011,465 1322,465 1322,463 1324,463 1341,454 1402,465 1403,465 1483,456 1589,465 1590,465 2067,454 2069,441 2067,419 731,410 731,437"/>
        <Baseline points="731,437 2069,441"/>
        <TextEquiv conf="0.9944027654112202">
          <Unicode>cum Ottone I. imperatore „pascha celebrat“. Continuat. Regin. 967 p. 628.</Unicode>
        </TextEquiv>
      </TextLine>
      <TextLine id="eSc_line_4ed79871" custom="structure {type:default;}">
        <Coords points="308,488 308,527 475,519 475,485 471,461 307,458 308,488"/>
        <Baseline points="308,488 475,485"/>
        <TextEquiv conf="0.9988694020680019">
          <Unicode>Apr. 7.</Unicode>
        </TextEquiv>
      </TextLine>
      <TextLine id="eSc_line_c21c4c63" custom="structure {type:default;}">
        <Coords points="516,487 514,502 616,519 619,490 617,461 516,463 516,487"/>
        <Baseline points="516,487 619,490"/>
        <TextEquiv conf="0.8643171787261963">
          <Unicode>„</Unicode>
        </TextEquiv>
      </TextLine>
      <TextLine id="eSc_line_9267e3f8" custom="structure {type:default;}">
        <Coords points="733,487 733,509 2237,502 2239,483 2235,459 731,459 733,487"/>
        <Baseline points="733,487 2239,483"/>
        <TextEquiv conf="0.9898216927752775">
          <Unicode>„prope S. Severum infra civ(itatem) dudum Classis“ una cum Ottone imperatore residet.</Unicode>
        </TextEquiv>
      </TextLine>
      <TextLine id="eSc_line_31ecda5b" custom="structure {type:default;}">
        <Coords points="780,526 780,544 2235,539 2237,521 2232,497 779,497 780,526"/>
        <Baseline points="780,526 2237,521"/>
        <TextEquiv conf="0.993757261735637">
          <Unicode>Vide tab. ap. Fantuzzi Mon. Ravennat. II. 27, (ubi pro „die septimo de mense Apr.“</Unicode>
        </TextEquiv>
      </TextLine>
      <TextLine id="eSc_line_87ee132f" custom="structure {type:default;}">
        <Coords points="772,565 770,578 954,590 955,590 1254,582 1285,592 1286,592 1288,592 1383,583 1410,592 1412,592 1414,592 1521,583 1746,592 1748,592 1750,592 1770,582 1772,568 1770,544 772,541 772,565"/>
        <Baseline points="772,565 1772,568"/>
        <TextEquiv conf="0.9992369684306058">
          <Unicode>fortasse legendum est „die septimo decimo mens. Apr.“).</Unicode>
        </TextEquiv>
      </TextLine>
      <TextLine id="eSc_line_349da8ad" custom="structure {type:default;}">
        <Coords points="332,621 332,627 395,626 395,621 395,600 332,600 332,621"/>
        <Baseline points="332,621 395,621"/>
        <TextEquiv conf="0.9998966753482819">
          <Unicode>„„</Unicode>
        </TextEquiv>
      </TextLine>
      <TextLine id="eSc_line_473fff4f" custom="structure {type:default;}">
        <Coords points="572,616 572,639 624,627 624,616 624,594 572,585 572,616"/>
        <Baseline points="572,616 624,616"/>
        <TextEquiv conf="0.9999505281448364">
          <Unicode>„</Unicode>
        </TextEquiv>
      </TextLine>
      <TextLine id="eSc_line_976d54e4" custom="structure {type:default;}">
        <Coords points="731,609 731,631 2240,633 2242,605 2237,582 730,585 731,609"/>
        <Baseline points="731,609 2242,605"/>
        <TextEquiv conf="0.9950209181933176">
          <Unicode>Concilium, in quo Otto I. imperator „multa ad utilitatem sanctae ecclesiae adinvenit</Unicode>
        </TextEquiv>
      </TextLine>
      <TextLine id="eSc_line_97524b2b" custom="structure {type:default;}">
        <Coords points="775,651 775,673 2240,673 2242,648 2237,622 774,622 775,651"/>
        <Baseline points="775,651 2242,648"/>
        <TextEquiv conf="0.9991348334300665">
          <Unicode>et apostolico lohanni urbem et terram Ravennatium, aliaque complura, multis retro</Unicode>
        </TextEquiv>
      </TextLine>
      <TextLine id="eSc_line_7f25c437" custom="structure {type:default;}">
        <Coords points="775,689 774,706 801,716 803,716 804,716 2240,709 2242,692 2240,667 775,660 775,689"/>
        <Baseline points="775,689 2242,692"/>
        <TextEquiv conf="0.9898850195548113">
          <Unicode>temporibus Romanis pontificibus ablata, reddidit“. Continuat. Regin. 967 I. I. In hoc</Unicode>
        </TextEquiv>
      </TextLine>
      <TextLine id="eSc_line_65267a0d" custom="structure {type:default;}">
        <Coords points="777,734 777,753 1059,763 1061,763 1095,756 1103,755 1111,756 1154,763 1156,763 1213,756 1232,755 1252,756 1305,763 1307,765 1414,765 1414,763 1415,763 1427,758 1434,755 1461,758 1505,763 1507,763 1622,758 1731,755 1758,760 1780,763 1782,765 1931,765 1931,763 1933,763 1938,760 1950,755 2235,762 2239,734 2235,711 777,711 777,734"/>
        <Baseline points="777,734 2239,734"/>
        <TextEquiv conf="0.9995432052670455">
          <Unicode>concilio „mediante Aprili“ celebrato de „mulierositate relinquenda“ statutum esse,</Unicode>
        </TextEquiv>
      </TextLine>
      <TextLine id="eSc_line_a5e828c2" custom="structure {type:default;}">
        <Coords points="777,777 777,797 2240,801 2242,777 2242,750 777,750 777,777"/>
        <Baseline points="777,777 2242,777"/>
        <TextEquiv conf="0.9973007911517296">
          <Unicode>prodit Ratherius in ep. 12, Opp. p. 561, ap. Migne 136 p. 679; cf. ibid. Ratherii</Unicode>
        </TextEquiv>
      </TextLine>
      <TextLine id="eSc_line_c12566fd" custom="structure {type:default;}">
        <Coords points="779,818 779,838 1008,835 1008,818 1006,792 779,792 779,818"/>
        <Baseline points="779,818 1008,818"/>
        <TextEquiv conf="0.9847463640299711">
          <Unicode>Vitam S 18.</Unicode>
        </TextEquiv>
      </TextLine>
      <TextLine id="eSc_line_8b46ae16" custom="structure {type:default;}">
        <Coords points="339,867 341,901 368,901 368,899 370,899 371,899 371,897 383,885 473,894 475,860 466,773 439,775 438,775 436,775 436,777 410,801 373,836 337,836 339,867"/>
        <Baseline points="339,867 475,860"/>
        <TextEquiv conf="0.9517408808072408">
          <Unicode>— „</Unicode>
        </TextEquiv>
      </TextLine>
      <TextLine id="eSc_line_8414b2b2" custom="structure {type:default;}">
        <Coords points="567,868 567,904 628,901 628,868 628,826 567,811 567,868"/>
        <Baseline points="567,868 628,868"/>
        <TextEquiv conf="0.9960592985153198">
          <Unicode>„</Unicode>
        </TextEquiv>
      </TextLine>
      <TextLine id="eSc_line_f624cd3a" custom="structure {type:default;}">
        <Coords points="735,860 735,882 2244,882 2244,860 2244,828 735,828 735,860"/>
        <Baseline points="735,860 2244,860"/>
        <TextEquiv conf="0.9991950687067008">
          <Unicode>3714 (2846) In concilio canonicorum Bononiensium immunitatem confirmat. (Integram</Unicode>
        </TextEquiv>
      </TextLine>
      <TextLine id="eSc_line_5e160265" custom="structure {type:default;}">
        <Coords points="777,902 777,923 2244,923 2244,902 2244,877 777,877 777,902"/>
        <Baseline points="777,902 2244,902"/>
        <TextEquiv conf="0.9946821277168976">
          <Unicode>huius bullae clausulam ex autographo in tab. capit. Bonon. asservato praebet v. Pflugk-</Unicode>
        </TextEquiv>
      </TextLine>
      <TextLine id="eSc_line_0a97644f" custom="structure {type:default;}">
        <Coords points="779,943 777,958 2239,967 2242,947 2240,921 779,911 779,943"/>
        <Baseline points="779,943 2242,947"/>
        <TextEquiv conf="0.9925876921269952">
          <Unicode>Hlarttung Iter p. 183.) Sigonius De episc. Bonon. p. 51, Ughelli It. sacr. II. 13,</Unicode>
        </TextEquiv>
      </TextLine>
      <TextLine id="eSc_line_8e6a89a0" custom="structure {type:default;}">
        <Coords points="780,987 780,1016 1454,1016 1454,1014 1456,1014 1458,1014 1471,1006 1499,1014 1500,1014 1502,1014 1504,1014 1512,1014 1602,1006 1736,1014 1752,1014 1753,1014 1768,1014 1920,1004 1957,1013 1959,1013 1960,1013 2084,1004 2098,1013 2100,1013 2101,1013 2103,1014 2240,1014 2242,982 2237,958 779,962 780,987"/>
        <Baseline points="780,987 2242,982"/>
        <TextEquiv conf="0.9939863590633168">
          <Unicode>Mansi XVIII. 509, Cocqu. I. 261, Migne 135 p. 951, (Savioli Ann. Bol. I. II. 45, Vesi</Unicode>
        </TextEquiv>
      </TextLine>
      <TextLine id="eSc_line_70836135" custom="structure {type:default;}">
        <Coords points="775,1028 775,1048 962,1045 984,1047 1050,1053 1052,1053 1130,1045 1149,1043 1151,1045 1157,1050 1157,1052 1159,1052 1161,1052 1162,1053 1312,1053 1312,1052 1354,1042 1356,1025 1353,1003 774,1003 775,1028"/>
        <Baseline points="775,1028 1356,1025"/>
        <TextEquiv conf="0.9952598367967913">
          <Unicode>documenti I. 288). — „Cum ego“.</Unicode>
        </TextEquiv>
      </TextLine>
      <TextLine id="eSc_line_0e027ef2" custom="structure {type:default;}">
        <Coords points="344,1074 346,1099 387,1086 409,1093 415,1096 417,1096 419,1096 473,1086 475,1069 470,1028 342,1045 344,1074"/>
        <Baseline points="344,1074 475,1069"/>
        <TextEquiv conf="0.9617269277572632">
          <Unicode>„ 20.</Unicode>
        </TextEquiv>
      </TextLine>
      <TextLine id="eSc_line_f84cd089" custom="structure {type:default;}">
        <Coords points="563,1072 563,1081 584,1091 585,1091 587,1091 589,1091 612,1081 612,1072 612,1048 563,1047 563,1072"/>
        <Baseline points="563,1072 612,1072"/>
        <TextEquiv conf="0.9996111989021301">
          <Unicode>„„</Unicode>
        </TextEquiv>
      </TextLine>
      <TextLine id="eSc_line_9218da9c" custom="structure {type:default;}">
        <Coords points="735,1067 733,1084 2240,1094 2244,1070 2244,1042 2225,1031 2223,1031 2222,1031 2220,1031 2084,1033 2083,1033 2081,1033 2067,1042 2018,1031 1865,1031 1864,1031 1862,1031 1841,1040 1712,1033 1711,1033 1709,1033 1682,1042 1663,1033 1662,1033 1488,1030 1487,1030 1376,1040 735,1040 735,1067"/>
        <Baseline points="735,1067 2244,1070"/>
        <TextEquiv conf="0.9989390474994008">
          <Unicode>3715 (2847) In concilio ecclesiam Magdeburgensem, Ottone I. imperatore postulante,</Unicode>
        </TextEquiv>
      </TextLine>
      <TextLine id="eSc_line_66b22abc" custom="structure {type:default;}">
        <Coords points="607,1074 600,1074 589,1081 505,1069 507,1109 507,1126 699,1142 701,1106 696,1057 626,1062 624,1062 607,1070 607,1074"/>
        <Baseline points="507,1109 701,1106"/>
        <TextEquiv conf="0.9428217681971464">
          <Unicode>in ecclenia</Unicode>
        </TextEquiv>
      </TextLine>
      <TextLine id="eSc_line_39911911" custom="structure {type:default;}">
        <Coords points="779,1113 779,1137 2240,1140 2244,1109 2239,1089 777,1089 779,1113"/>
        <Baseline points="779,1113 2244,1109"/>
        <TextEquiv conf="0.9942194245479725">
          <Unicode>metropolim Brandenburgensis et Havelbergensis episcopatuum constituit, eiusdemque</Unicode>
        </TextEquiv>
      </TextLine>
      <TextLine id="eSc_line_0f771918" custom="structure {type:default;}">
        <Coords points="514,1150 514,1186 555,1198 556,1198 558,1198 685,1189 685,1150 685,1128 514,1128 514,1150"/>
        <Baseline points="514,1150 685,1150"/>
        <TextEquiv conf="0.9995812839931912">
          <Unicode>S. Severi</Unicode>
        </TextEquiv>
      </TextLine>
      <TextLine id="eSc_line_69b563f5" custom="structure {type:default;}">
        <Coords points="777,1155 777,1176 2242,1171 2244,1152 2239,1128 775,1128 777,1155"/>
        <Baseline points="777,1155 2244,1152"/>
        <TextEquiv conf="0.9923467515390131">
          <Unicode>archiepiscopis dat „potestatem per congrua loca, ubi per illorum praedicationem</Unicode>
        </TextEquiv>
      </TextLine>
      <TextLine id="eSc_line_0013ac80" custom="structure {type:default;}">
        <Coords points="777,1196 777,1215 2242,1211 2244,1193 2240,1171 775,1171 777,1196"/>
        <Baseline points="777,1196 2244,1193"/>
        <TextEquiv conf="0.998441796217646">
          <Unicode>Christianitas creverit, episcopos ordinare, nominatim nunc et praesentialiter Merse-</Unicode>
        </TextEquiv>
      </TextLine>
      <TextLine id="eSc_line_952c8e93" custom="structure {type:default;}">
        <Coords points="779,1240 779,1257 2240,1259 2244,1237 2240,1215 1510,1206 1509,1206 1507,1206 1482,1215 1480,1216 777,1216 779,1240"/>
        <Baseline points="779,1240 2244,1237"/>
        <TextEquiv conf="0.9996498796072874">
          <Unicode>burg, Cici et Misni“. Boysen Allg. hist. Mag. I. 122, Riedel Cod. dipl. Br. I. vIli. 94,</Unicode>
        </TextEquiv>
      </TextLine>
      <TextLine id="eSc_line_b76faadc" custom="structure {type:default;}">
        <Coords points="779,1281 779,1303 2244,1298 2244,1281 2244,1255 779,1254 779,1281"/>
        <Baseline points="779,1281 2244,1281"/>
        <TextEquiv conf="0.9968839325482333">
          <Unicode>L uckfeld Ant. Halb. p. 647, Mansi XVIII. 509, Cod. dipl. Sax. reg. I. Hauptth.</Unicode>
        </TextEquiv>
      </TextLine>
      <TextLine id="eSc_line_02c918f2" custom="structure {type:default;}">
        <Coords points="777,1325 777,1339 1066,1347 1067,1347 1130,1339 1302,1345 1303,1345 1305,1345 1334,1337 1337,1337 1339,1337 1385,1345 1387,1345 1388,1345 1419,1337 1420,1337 1460,1345 1461,1345 1463,1345 1465,1345 1476,1337 1478,1337 1765,1344 1767,1344 1768,1344 1770,1344 1780,1335 1881,1335 1882,1320 1879,1298 1687,1288 1685,1288 1556,1296 1551,1296 1549,1296 1517,1288 1516,1288 1514,1288 1512,1288 1487,1296 1480,1300 1300,1300 1291,1296 1266,1289 1264,1289 1263,1289 1196,1296 1173,1298 1166,1296 1151,1289 1149,1289 1147,1289 1145,1289 1144,1289 1144,1291 1139,1296 1134,1300 1123,1296 1106,1291 1105,1291 1103,1291 1071,1296 1045,1300 1032,1296 1016,1291 1015,1291 1013,1291 989,1296 969,1300 964,1296 959,1291 957,1291 955,1291 954,1291 932,1296 915,1300 901,1296 887,1291 886,1291 884,1291 775,1294 777,1325"/>
        <Baseline points="777,1325 1882,1320"/>
        <TextEquiv conf="0.9940907140572866">
          <Unicode>I. 242, II. Hauptth. I. 3, Migne 135 p. 952. — „Notum esse“.</Unicode>
        </TextEquiv>
      </TextLine>
      <TextLine id="eSc_line_59a3878a" custom="structure {type:default;}">
        <Coords points="337,1369 337,1388 356,1396 358,1396 359,1396 361,1396 383,1384 451,1395 453,1395 454,1395 456,1395 473,1381 473,1364 470,1318 402,1318 390,1306 390,1305 388,1305 387,1305 359,1305 358,1305 356,1305 334,1315 337,1369"/>
        <Baseline points="337,1369 473,1364"/>
        <TextEquiv conf="0.9053349614143371">
          <Unicode>„ 23.</Unicode>
        </TextEquiv>
      </TextLine>
      <TextLine id="eSc_line_a614ef23" custom="structure {type:default;}">
        <Coords points="563,1369 563,1401 609,1403 611,1403 612,1403 653,1383 653,1367 650,1339 580,1327 578,1327 577,1327 575,1327 561,1334 563,1369"/>
        <Baseline points="563,1369 653,1367"/>
        <TextEquiv conf="0.9999985694885254">
          <Unicode>(„)</Unicode>
        </TextEquiv>
      </TextLine>
      <TextLine id="eSc_line_ccb20ca0" custom="structure {type:default;}">
        <Coords points="735,1367 735,1384 2240,1388 2242,1364 2239,1340 2169,1330 2086,1330 2084,1330 2083,1330 2081,1330 2069,1339 2018,1330 2016,1330 1845,1339 1838,1339 733,1339 735,1367"/>
        <Baseline points="735,1367 2242,1364"/>
        <TextEquiv conf="0.9999099700916104">
          <Unicode>3716 (2848) In concilio parthenonem Quedlinburgensem, rogatu Mathildis abbatissae,</Unicode>
        </TextEquiv>
      </TextLine>
      <TextLine id="eSc_line_a264898c" custom="structure {type:default;}">
        <Coords points="780,1406 780,1429 2240,1422 2242,1403 2237,1379 779,1381 780,1406"/>
        <Baseline points="780,1406 2242,1403"/>
        <TextEquiv conf="0.9901601923517434">
          <Unicode>tuendum suscipit, bonaque eius confirmat, imposito ei librae argenti tributo annuo.</Unicode>
        </TextEquiv>
      </TextLine>
      <TextLine id="eSc_line_7c56db57" custom="structure {type:default;}">
        <Coords points="777,1451 777,1466 792,1474 794,1474 796,1474 886,1466 898,1474 899,1474 901,1474 903,1474 1050,1466 1137,1474 1139,1474 1295,1466 1427,1466 1441,1474 1443,1474 1444,1474 1446,1474 2079,1466 2220,1474 2222,1474 2223,1474 2244,1464 2244,1451 2244,1427 2225,1418 2223,1418 2222,1418 2154,1427 2142,1418 2140,1418 2139,1418 1964,1418 1962,1418 1960,1418 1959,1418 1948,1427 1947,1427 1925,1418 1923,1418 1921,1418 1920,1418 1887,1427 1882,1427 1874,1427 1819,1418 1818,1418 1780,1425 1772,1427 1763,1425 1736,1418 1735,1418 1733,1418 1673,1425 1650,1427 1614,1425 1536,1418 1534,1418 1533,1418 1521,1423 1512,1427 777,1420 777,1451"/>
        <Baseline points="777,1451 2244,1451"/>
        <TextEquiv conf="0.9954380872772961">
          <Unicode>(Inter „lohanne“ et „Spirense“ verba quaedam excidisse videntur.) Erath Cod. dipl.</Unicode>
        </TextEquiv>
      </TextLine>
      <TextLine id="eSc_line_6200a767" custom="structure {type:default;}">
        <Coords points="779,1491 779,1522 1987,1522 1987,1520 1989,1520 2004,1512 2006,1512 2028,1512 2171,1520 2173,1520 2237,1510 2239,1488 2235,1468 777,1468 779,1491"/>
        <Baseline points="779,1491 2239,1488"/>
        <TextEquiv conf="0.9948382620458249">
          <Unicode>Quedl. p. 13, (ibid. tab. VI. specimen scripturae praebetur), Migne 135 p. 972. —</Unicode>
        </TextEquiv>
      </TextLine>
      <TextLine id="eSc_line_ae29e374" custom="structure {type:default;}">
        <Coords points="780,1535 780,1554 1091,1556 1093,1556 1095,1556 1127,1546 1127,1530 1122,1507 779,1510 780,1535"/>
        <Baseline points="780,1535 1127,1530"/>
        <TextEquiv conf="0.9903907510969374">
          <Unicode>„Quia per beatum“.</Unicode>
        </TextEquiv>
      </TextLine>
      <TextLine id="eSc_line_c4b5319e" custom="structure {type:default;}">
        <Coords points="341,1581 342,1612 482,1591 482,1573 475,1512 431,1515 429,1515 427,1515 419,1520 397,1534 337,1534 341,1581"/>
        <Baseline points="341,1581 482,1573"/>
        <TextEquiv conf="0.9998461961746216">
          <Unicode>„ 25.</Unicode>
        </TextEquiv>
      </TextLine>
      <TextLine id="eSc_line_5c724f5b" custom="structure {type:default;}">
        <Coords points="555,1578 553,1617 634,1620 638,1580 638,1549 555,1541 555,1578"/>
        <Baseline points="555,1578 638,1580"/>
        <TextEquiv conf="1.0">
          <Unicode>„</Unicode>
        </TextEquiv>
      </TextLine>
      <TextLine id="eSc_line_1766574d" custom="structure {type:default;}">
        <Coords points="738,1578 738,1591 949,1600 950,1600 1108,1591 1123,1591 1151,1591 1441,1598 1443,1598 1548,1590 1568,1590 2246,1590 2246,1571 2240,1535 736,1542 738,1578"/>
        <Baseline points="738,1578 2246,1571"/>
        <TextEquiv conf="0.9927237270734249">
          <Unicode>3717 (2849) In concilio Heroldum, quondam archiepiseopum Salaburgensem, oculis</Unicode>
        </TextEquiv>
      </TextLine>
      <TextLine id="eSc_line_121e2906" custom="structure {type:default;}">
        <Coords points="780,1619 780,1639 1084,1637 1106,1641 1137,1646 1139,1646 1315,1641 1517,1636 1529,1642 1534,1644 1536,1644 1538,1646 1645,1646 1645,1644 1656,1642 1687,1636 1731,1642 1748,1644 1750,1644 1796,1642 1948,1634 2044,1642 2047,1642 2049,1642 2050,1642 2072,1634 2084,1642 2086,1642 2088,1642 2089,1644 2242,1644 2244,1614 2239,1593 779,1597 780,1619"/>
        <Baseline points="780,1619 2244,1614"/>
        <TextEquiv conf="0.996126132040489">
          <Unicode>privatum, qui a superioribus pontificibus Romanis deiectus, sacra facere pallioque</Unicode>
        </TextEquiv>
      </TextLine>
      <TextLine id="eSc_line_1277b4b1" custom="structure {type:default;}">
        <Coords points="780,1659 780,1681 2242,1681 2244,1654 2239,1631 779,1631 780,1659"/>
        <Baseline points="780,1659 2244,1654"/>
        <TextEquiv conf="0.999444421558153">
          <Unicode>uti non destiterit, damnat, et Fridericum, successorem eius, comprobat. (Subscripse-</Unicode>
        </TextEquiv>
      </TextLine>
      <TextLine id="eSc_line_bc8cca98" custom="structure {type:default;}">
        <Coords points="779,1704 779,1719 2239,1720 2242,1697 2237,1670 1797,1675 1758,1673 1655,1666 1653,1666 1651,1666 1621,1675 1616,1675 1604,1675 1522,1666 1521,1666 1519,1666 1517,1666 1507,1675 1504,1678 1232,1678 1205,1678 1173,1668 1171,1668 1169,1668 1168,1668 1127,1678 1123,1678 1117,1678 1025,1670 1023,1670 974,1678 808,1670 806,1670 804,1670 777,1678 779,1704"/>
        <Baseline points="779,1704 2242,1697"/>
        <TextEquiv conf="0.9868527841873658">
          <Unicode>runt praeter Ottonem imperatorem episcopi 59.) Kleimayrn Nachr. v. Iuv. Anhang</Unicode>
        </TextEquiv>
      </TextLine>
      <TextLine id="eSc_line_c31395be" custom="structure {type:default;}">
        <Coords points="780,1744 780,1765 2237,1766 2240,1739 2237,1717 1303,1710 1302,1710 1300,1710 1263,1719 843,1712 842,1712 779,1720 780,1744"/>
        <Baseline points="780,1744 2240,1739"/>
        <TextEquiv conf="0.9843401150938905">
          <Unicode>p. 183, Ludewig Rer. Germ. Scr. II. 347, Hund Metr. Sal. I. 51, Mansi XVIII. 499,</Unicode>
        </TextEquiv>
      </TextLine>
      <TextLine id="eSc_line_9b2ed954" custom="structure {type:default;}">
        <Coords points="780,1785 780,1805 860,1814 862,1814 864,1814 886,1805 887,1805 1067,1805 1069,1805 1128,1814 1130,1814 1132,1814 1162,1804 1168,1804 1173,1804 1213,1812 1215,1812 1252,1804 1257,1804 1276,1804 1470,1812 1471,1812 1516,1802 1521,1802 1524,1802 1544,1810 1546,1810 1548,1812 1804,1812 1804,1810 1806,1810 1835,1802 1875,1810 1877,1810 1879,1810 1914,1800 1918,1800 1925,1800 1994,1809 1996,1810 2213,1810 2213,1809 2215,1809 2244,1799 2244,1778 2239,1756 779,1758 780,1785"/>
        <Baseline points="780,1785 2244,1778"/>
        <TextEquiv conf="0.9922444015741348">
          <Unicode>Cocqu. I. 261, Gloria Cod. dipl. Pad. p. 73, Migne 135 p. 954. — „Sanctitati et“</Unicode>
        </TextEquiv>
      </TextLine>
      <TextLine id="eSc_line_d9eeaac2" custom="structure {type:default;}">
        <Coords points="780,1827 780,1843 950,1846 952,1846 954,1846 971,1839 974,1838 976,1839 996,1846 998,1846 999,1846 1050,1836 1052,1824 1049,1799 915,1790 913,1790 779,1800 780,1827"/>
        <Baseline points="780,1827 1052,1824"/>
        <TextEquiv conf="0.9963534697890282">
          <Unicode>„Sanctitati ac“.</Unicode>
        </TextEquiv>
      </TextLine>
      <TextLine id="eSc_line_608f756c" custom="structure {type:default;}">
        <Coords points="329,1872 329,1902 431,1883 431,1872 427,1822 409,1829 405,1824 395,1816 395,1814 393,1814 392,1814 370,1814 368,1814 366,1814 329,1829 329,1872"/>
        <Baseline points="329,1872 431,1872"/>
        <TextEquiv conf="0.9999911785125732">
          <Unicode>(„)</Unicode>
        </TextEquiv>
      </TextLine>
      <TextLine id="eSc_line_bc4974af" custom="structure {type:default;}">
        <Coords points="572,1870 572,1882 611,1892 612,1870 611,1819 572,1824 572,1870"/>
        <Baseline points="572,1870 612,1870"/>
        <TextEquiv conf="1.0">
          <Unicode>„</Unicode>
        </TextEquiv>
      </TextLine>
      <TextLine id="eSc_line_f83027a8" custom="structure {type:default;}">
        <Coords points="740,1872 740,1889 1113,1897 1115,1897 1322,1887 1334,1887 1342,1887 1490,1897 1492,1897 1493,1897 1526,1885 1529,1885 1533,1885 1575,1895 1577,1897 1702,1897 1702,1895 1704,1895 1729,1885 1750,1885 2164,1894 2166,1894 2244,1882 2246,1865 2240,1838 738,1841 740,1872"/>
        <Baseline points="740,1872 2246,1865"/>
        <TextEquiv conf="0.9936062434140374">
          <Unicode>3718 (2850) „In generali placito cum Ottone imperatore“ ecclesiae Ferrariensis privi-</Unicode>
        </TextEquiv>
      </TextLine>
      <TextLine id="eSc_line_483384da" custom="structure {type:default;}">
        <Coords points="495,1911 495,1926 604,1936 606,1936 711,1926 711,1911 709,1866 623,1878 580,1872 565,1870 563,1870 495,1875 495,1911"/>
        <Baseline points="495,1911 711,1911"/>
        <TextEquiv conf="0.9991320463327261">
          <Unicode>infra basili-</Unicode>
        </TextEquiv>
      </TextLine>
      <TextLine id="eSc_line_c5500d40" custom="structure {type:default;}">
        <Coords points="775,1912 775,1929 2242,1924 2244,1907 2239,1883 774,1887 775,1912"/>
        <Baseline points="775,1912 2244,1907"/>
        <TextEquiv conf="0.9972466433920512">
          <Unicode>legia et possessiones, petente Martino episcopo, confirmat. (T&#x27;abula suspecta. Cf.</Unicode>
        </TextEquiv>
      </TextLine>
      <TextLine id="eSc_line_e644148d" custom="structure {type:default;}">
        <Coords points="488,1951 488,1967 509,1977 511,1977 512,1977 575,1967 597,1978 599,1978 600,1980 660,1980 660,1978 721,1963 721,1950 716,1922 487,1922 488,1951"/>
        <Baseline points="488,1951 721,1950"/>
        <TextEquiv conf="0.9725253532330195">
          <Unicode>cam b. Apol-</Unicode>
        </TextEquiv>
      </TextLine>
      <TextLine id="eSc_line_2e86c7b3" custom="structure {type:default;}">
        <Coords points="770,1950 769,1967 825,1977 826,1977 911,1968 913,1968 916,1968 1470,1977 1471,1977 1473,1977 1490,1968 1493,1968 1568,1978 1570,1978 1572,1978 1597,1970 1633,1978 1634,1978 1636,1978 2242,1968 2244,1953 2242,1928 770,1921 770,1950"/>
        <Baseline points="770,1950 2244,1953"/>
        <TextEquiv conf="0.9968855654871142">
          <Unicode>Koepke und Dümmler Otto d. Grosse p. 417.) Mansi XIX. 1, Migne 135 p. 956.</Unicode>
        </TextEquiv>
      </TextLine>
      <TextLine id="eSc_line_a064f4f8" custom="structure {type:default;}">
        <Coords points="541,1994 541,2024 672,2024 672,1990 668,1968 539,1967 541,1994"/>
        <Baseline points="541,1994 672,1990"/>
        <TextEquiv conf="0.999966527734484">
          <Unicode>linaris</Unicode>
        </TextEquiv>
      </TextLine>
      <TextLine id="eSc_line_3d15142d" custom="structure {type:default;}">
        <Coords points="779,1992 779,2009 840,2009 850,2017 850,2019 852,2019 853,2019 855,2019 896,2011 1079,2019 1081,2019 1083,2019 1084,2019 1084,2017 1095,2009 1251,2019 1252,2019 1312,2007 1312,1992 1312,1970 779,1970 779,1992"/>
        <Baseline points="779,1992 1312,1992"/>
        <TextEquiv conf="0.9834337830543518">
          <Unicode>— „Denunciantes mandamus“.</Unicode>
        </TextEquiv>
      </TextLine>
      <TextLine id="eSc_line_9a4ab875" custom="structure {type:default;}">
        <Coords points="740,2036 740,2058 2244,2055 2246,2033 2240,2007 738,2009 740,2036"/>
        <Baseline points="740,2036 2246,2033"/>
        <TextEquiv conf="0.9990288582113054">
          <Unicode>3719 (2851) *0ttoni II. regi „literas invitatorias mittit, ut ad natalem Domini (25. Dec.)</Unicode>
        </TextEquiv>
      </TextLine>
      <TextLine id="eSc_line_9611437c" custom="structure {type:default;}">
        <Coords points="780,2079 780,2096 1998,2096 1999,2079 1998,2053 1933,2043 1931,2043 1930,2043 1913,2051 1904,2051 1701,2043 1699,2043 1697,2043 1679,2050 1675,2051 780,2046 780,2079"/>
        <Baseline points="780,2079 1999,2079"/>
        <TextEquiv conf="0.9995517758222726">
          <Unicode>Romae celebrandum festinet“. Vide Continuat. Reginon. 976 p. 629.</Unicode>
        </TextEquiv>
      </TextLine>
      <TextLine id="eSc_line_f64798dc" custom="structure {type:default;}">
        <Coords points="315,2121 315,2138 342,2148 344,2148 346,2148 439,2138 439,2121 439,2080 353,2065 351,2065 349,2065 315,2082 315,2121"/>
        <Baseline points="315,2121 439,2121"/>
        <TextEquiv conf="0.9995862444241842">
          <Unicode>(Mai.)</Unicode>
        </TextEquiv>
      </TextLine>
      <TextLine id="eSc_line_dd42e167" custom="structure {type:default;}">
        <Coords points="527,2119 527,2135 600,2150 602,2150 658,2148 660,2148 662,2148 680,2133 680,2116 675,2074 526,2075 527,2119"/>
        <Baseline points="527,2119 680,2116"/>
        <TextEquiv conf="0.9999329566955566">
          <Unicode>Romam</Unicode>
        </TextEquiv>
      </TextLine>
      <TextLine id="eSc_line_076fae2e" custom="structure {type:default;}">
        <Coords points="738,2119 738,2135 1461,2135 1461,2119 1461,2097 738,2097 738,2119"/>
        <Baseline points="738,2119 1461,2119"/>
        <TextEquiv conf="0.9974223404395871">
          <Unicode>revertitur. Continuat. Reginon. 967 I. I.</Unicode>
        </TextEquiv>
      </TextLine>
      <TextLine id="eSc_line_ee138746" custom="structure {type:default;}">
        <Coords points="312,2182 448,2182 475,2192 480,2163 480,2135 466,2128 465,2128 463,2128 461,2128 397,2131 334,2135 317,2124 314,2160 312,2182"/>
        <Baseline points="314,2160 480,2163"/>
        <TextEquiv conf="0.994506299495697">
          <Unicode>Sept. 7.</Unicode>
        </TextEquiv>
      </TextLine>
      <TextLine id="eSc_line_2766bd26" custom="structure {type:default;}">
        <Coords points="509,2162 509,2182 701,2182 701,2162 701,2136 680,2128 679,2128 677,2128 600,2136 526,2128 524,2128 522,2128 521,2128 509,2135 509,2162"/>
        <Baseline points="509,2162 701,2162"/>
        <TextEquiv conf="0.9656060636043549">
          <Unicode>Lleneventi</Unicode>
        </TextEquiv>
      </TextLine>
      <TextLine id="eSc_line_e8f87373" custom="structure {type:default;}">
        <Coords points="741,2163 741,2180 2060,2182 2064,2158 2059,2133 740,2136 741,2163"/>
        <Baseline points="741,2163 2064,2158"/>
        <TextEquiv conf="0.999026344054275">
          <Unicode>Annales Beneventani 967 in MG. SS. III. 176. (Muratori Ant. It. I. 255.)</Unicode>
        </TextEquiv>
      </TextLine>
      <TextLine id="eSc_line_f047b991" custom="structure {type:default;}">
        <Coords points="315,2204 315,2238 376,2243 378,2243 380,2243 381,2243 385,2240 405,2226 449,2226 475,2243 480,2204 480,2180 454,2172 453,2172 451,2172 449,2172 424,2179 414,2180 315,2174 315,2204"/>
        <Baseline points="315,2204 480,2204"/>
        <TextEquiv conf="0.9428651630878448">
          <Unicode>Dcc. 21.</Unicode>
        </TextEquiv>
      </TextLine>
      <TextLine id="eSc_line_c149f687" custom="structure {type:default;}">
        <Coords points="538,2204 538,2223 673,2219 673,2199 668,2172 536,2175 538,2204"/>
        <Baseline points="538,2204 673,2199"/>
        <TextEquiv conf="0.9999999761581421">
          <Unicode>Romae</Unicode>
        </TextEquiv>
      </TextLine>
      <TextLine id="eSc_line_d17b1c0a" custom="structure {type:default;}">
        <Coords points="743,2206 743,2230 2242,2216 2244,2199 2239,2174 741,2179 743,2206"/>
        <Baseline points="743,2206 2244,2199"/>
        <TextEquiv conf="0.9864039553536309">
          <Unicode>„In gradibus b. Petri residens“ Ottonem I. imperatorem et Ottonem II. regem hono-</Unicode>
        </TextEquiv>
      </TextLine>
      <TextLine id="eSc_line_1f12113d" custom="structure {type:default;}">
        <Coords points="782,2245 782,2262 889,2262 892,2262 920,2272 921,2272 923,2272 1083,2262 1106,2262 1110,2262 1122,2272 1123,2272 1125,2272 1127,2272 1179,2262 1186,2262 1190,2262 1213,2272 1215,2272 1217,2274 1303,2274 1303,2272 1305,2272 1332,2262 1336,2262 1354,2262 1451,2270 1453,2272 1546,2272 1546,2270 1548,2270 1549,2270 1558,2262 1561,2260 1572,2262 1599,2270 1600,2270 1602,2272 1645,2272 1645,2270 1646,2270 1648,2270 1656,2262 1662,2260 2113,2262 2117,2242 2113,2218 809,2214 808,2214 806,2214 780,2223 782,2245"/>
        <Baseline points="782,2245 2117,2242"/>
        <TextEquiv conf="0.983623538017273">
          <Unicode>rifice suscipit „12. kal. lanuarii“. Annalista Saxo 967 in MG. SS. VI. 620.</Unicode>
        </TextEquiv>
      </TextLine>
      <TextLine id="eSc_line_246198ae" custom="structure {type:default;}">
        <Coords points="344,2289 344,2311 483,2315 485,2286 480,2245 342,2250 344,2289"/>
        <Baseline points="344,2289 485,2286"/>
        <TextEquiv conf="0.9999980926513672">
          <Unicode>„ 25.</Unicode>
        </TextEquiv>
      </TextLine>
      <TextLine id="eSc_line_e0b7fb8e" custom="structure {type:default;}">
        <Coords points="517,2286 517,2301 563,2313 565,2313 673,2306 673,2286 672,2247 612,2257 604,2252 585,2240 584,2240 582,2240 544,2240 543,2240 541,2240 539,2240 517,2253 517,2286"/>
        <Baseline points="517,2286 673,2286"/>
        <TextEquiv conf="0.9829198320706686">
          <Unicode>Rtomae</Unicode>
        </TextEquiv>
      </TextLine>
      <TextLine id="eSc_line_155ecd68" custom="structure {type:default;}">
        <Coords points="738,2286 738,2306 2246,2306 2246,2286 2246,2262 738,2262 738,2286"/>
        <Baseline points="738,2286 2246,2286"/>
        <TextEquiv conf="0.9983922228755722">
          <Unicode>Ottoni II. imperatoriam coronam imponit, praesente Ottone I. Vide epist. Ottonis I.</Unicode>
        </TextEquiv>
      </TextLine>
      <TextLine id="eSc_line_11e3fb08" custom="structure {type:default;}">
        <Coords points="512,2328 512,2352 707,2348 707,2328 707,2301 512,2301 512,2328"/>
        <Baseline points="512,2328 707,2328"/>
        <TextEquiv conf="0.9999862909317017">
          <Unicode>in ecclesia</Unicode>
        </TextEquiv>
      </TextLine>
      <TextLine id="eSc_line_acb88366" custom="structure {type:default;}">
        <Coords points="784,2330 784,2350 2240,2342 2242,2325 2237,2296 782,2298 784,2330"/>
        <Baseline points="784,2330 2242,2325"/>
        <TextEquiv conf="0.9995280668139458">
          <Unicode>in Widukindi rer. gest. Saxon. L. III. c. 70 in MG. SS. III. 465: „in nativitate</Unicode>
        </TextEquiv>
      </TextLine>
      <TextLine id="eSc_line_05884481" custom="structure {type:default;}">
        <Coords points="531,2365 529,2413 580,2427 582,2427 584,2427 597,2421 600,2420 604,2423 626,2438 628,2438 629,2438 631,2438 677,2430 680,2371 679,2340 531,2338 531,2365"/>
        <Baseline points="531,2365 680,2371"/>
        <TextEquiv conf="0.9959480464458466">
          <Unicode>b. Petri</Unicode>
        </TextEquiv>
      </TextLine>
      <TextLine id="eSc_line_6ab83b90" custom="structure {type:default;}">
        <Coords points="784,2372 784,2399 1482,2399 1482,2398 1490,2398 1597,2389 2240,2396 2244,2369 2240,2347 782,2343 784,2372"/>
        <Baseline points="784,2372 2244,2369"/>
        <TextEquiv conf="0.9978825911169961">
          <Unicode>Domini“; Annal. Saxo 967: „sequenti die (deesse videtur: nativitatis dominicae) ante</Unicode>
        </TextEquiv>
      </TextLine>
      <TextLine id="eSc_line_29a3d701" custom="structure {type:default;}">
        <Coords points="784,2415 784,2437 1269,2430 1295,2437 1300,2438 1302,2438 1303,2438 1305,2438 1308,2437 1327,2430 1446,2437 1510,2440 1512,2440 1563,2437 1653,2430 1718,2437 1741,2438 1743,2438 1745,2438 1750,2437 1770,2428 1787,2437 1792,2438 1794,2438 1796,2440 1996,2440 1996,2438 1998,2438 2003,2437 2013,2430 2023,2437 2025,2438 2027,2438 2028,2438 2030,2438 2240,2435 2242,2411 2239,2387 782,2387 784,2415"/>
        <Baseline points="784,2415 2242,2411"/>
        <TextEquiv conf="0.9744525364665098">
          <Unicode>confessionem b. Petri“ . . .; cf. Marian. Scot. 968 (990): „Otto, filius Ottonis imp.,</Unicode>
        </TextEquiv>
      </TextLine>
      <TextLine id="eSc_line_812fa6a4" custom="structure {type:default;}">
        <Coords points="782,2455 782,2472 1947,2467 1948,2450 1943,2425 780,2425 782,2455"/>
        <Baseline points="782,2455 1948,2450"/>
        <TextEquiv conf="0.9995213655325083">
          <Unicode>a Iohanne papa ante altare s. Pefri cum patre suo coronatus est“.</Unicode>
        </TextEquiv>
      </TextLine>
      <TextLine id="eSc_line_a7c5e35a" custom="structure {type:default;}">
        <Coords points="342,2506 346,2564 363,2571 365,2571 366,2571 368,2571 390,2559 387,2503 380,2449 337,2450 342,2506"/>
        <Baseline points="342,2506 387,2503"/>
        <TextEquiv conf="1.0">
          <Unicode>„</Unicode>
        </TextEquiv>
      </TextLine>
      <TextLine id="eSc_line_18a4a377" custom="structure {type:default;}">
        <Coords points="582,2508 589,2556 643,2540 640,2501 634,2466 600,2457 599,2457 597,2457 595,2457 577,2467 582,2508"/>
        <Baseline points="582,2508 640,2501"/>
        <TextEquiv conf="0.9960587024688721">
          <Unicode>„</Unicode>
        </TextEquiv>
      </TextLine>
      <TextLine id="eSc_line_d4c19729" custom="structure {type:default;}">
        <Coords points="740,2496 740,2515 1095,2523 1096,2523 1162,2515 1168,2515 1173,2515 1261,2523 1263,2523 1264,2523 1266,2523 1278,2515 1280,2515 1297,2515 1680,2522 1682,2522 1684,2522 1699,2513 1701,2513 1702,2513 1731,2522 1733,2522 1735,2522 2074,2513 2084,2513 2086,2513 2098,2522 2100,2522 2101,2522 2103,2522 2240,2511 2242,2493 2240,2472 2212,2462 2210,2462 2208,2462 2050,2471 2044,2471 2037,2471 1935,2462 1933,2462 1833,2471 1814,2471 1729,2469 1461,2464 1460,2464 1458,2464 1456,2464 1451,2469 1444,2472 1431,2467 1417,2464 1415,2464 1414,2464 1387,2467 1354,2472 738,2466 740,2496"/>
        <Baseline points="740,2496 2242,2493"/>
        <TextEquiv conf="0.9937718045420763">
          <Unicode>Synodus praesentibus Ottone I. et II. imperatoribus, quam inter d. 25. et 31. Dec.</Unicode>
        </TextEquiv>
      </TextLine>
      <TextLine id="eSc_line_2e557a9a" custom="structure {type:default;}">
        <Coords points="784,2539 784,2562 1931,2562 1933,2535 1928,2508 782,2515 784,2539"/>
        <Baseline points="784,2539 1933,2535"/>
        <TextEquiv conf="0.9983344746358467">
          <Unicode>medio tempore habitam esse, liquet ex iis, quae sequuntur, bullis.</Unicode>
        </TextEquiv>
      </TextLine>
      <TextLine id="eSc_line_20073d78" custom="structure {type:default;}">
        <Coords points="719,2581 719,2603 2244,2600 2244,2576 2239,2542 718,2545 719,2581"/>
        <Baseline points="719,2581 2244,2576"/>
        <TextEquiv conf="0.999434342805077">
          <Unicode>f3720 (cccrxx) Bolezlao (Bohemorum duci) permittit, ut „ad ecclesiam SS. Viti et Wen-</Unicode>
        </TextEquiv>
      </TextLine>
      <TextLine id="eSc_line_290d376b" custom="structure {type:default;}">
        <Coords points="784,2622 784,2640 811,2651 813,2651 814,2651 862,2640 867,2640 877,2640 972,2651 974,2652 1254,2652 1254,2651 1256,2651 1281,2640 1283,2640 1312,2651 1314,2651 1315,2652 1466,2652 1466,2651 1468,2651 1505,2640 1514,2639 1903,2639 1913,2640 1959,2649 1960,2649 2010,2640 2018,2639 2025,2640 2059,2649 2060,2649 2062,2649 2242,2639 2244,2618 2239,2598 782,2600 784,2622"/>
        <Baseline points="784,2622 2244,2618"/>
        <TextEquiv conf="0.998927061816296">
          <Unicode>cezlai (Pragensem) fiat sedes episcopalis; ad ecclesiam vero S. Georgii congregatio</Unicode>
        </TextEquiv>
      </TextLine>
      <TextLine id="eSc_line_d39b6ae2" custom="structure {type:default;}">
        <Coords points="782,2662 782,2696 874,2696 879,2696 943,2710 945,2710 947,2710 977,2698 1038,2707 1040,2707 1042,2707 1059,2698 1064,2696 1201,2696 1215,2700 1254,2713 1256,2713 1257,2713 1259,2713 1285,2701 1297,2695 1327,2701 1370,2710 1371,2712 1398,2712 1398,2710 1400,2710 1402,2710 1412,2701 1424,2695 1548,2695 1568,2703 1594,2715 1595,2715 1597,2715 1670,2705 1707,2700 1736,2705 1752,2708 1753,2708 1755,2708 1762,2707 1780,2698 1809,2707 1811,2707 1813,2707 1814,2707 1819,2707 1858,2698 1901,2707 1931,2713 1933,2713 1935,2713 1948,2708 1957,2703 1965,2708 1972,2713 1974,2713 1976,2713 1977,2713 2242,2710 2242,2657 2237,2637 780,2640 782,2662"/>
        <Baseline points="782,2662 2242,2657"/>
        <TextEquiv conf="0.9933026532332102">
          <Unicode>sanctimonialium, verumtamen non sccundum ritus aut scctam Pulgarie gentis, vel</Unicode>
        </TextEquiv>
      </TextLine>
    </TextRegion>
    <TextRegion id="eSc_textblock_4ceb13f0"  custom="structure {type:default;}">
      <Coords points="1001,101 1585,108 1599,168 923,174 943,108 1001,101"/>
      <TextLine id="eSc_line_5bd8e8f9" custom="structure {type:default;}">
        <Coords points="947,154 947,183 1137,184 1139,184 1147,183 1191,174 1232,183 1239,184 1241,186 1302,186 1302,184 1303,184 1305,184 1305,183 1315,174 1376,183 1398,186 1400,186 1402,186 1412,183 1448,174 1577,183 1578,154 1578,123 1524,112 1522,112 1521,112 1519,112 1519,113 1510,122 1448,122 1403,106 1402,106 1400,106 1398,106 1359,123 1307,123 1241,105 1239,105 1237,105 1235,105 1198,120 1128,105 1011,105 1010,105 1008,105 1006,105 984,120 964,110 962,110 960,110 959,110 957,110 957,112 947,120 947,154"/>
        <Baseline points="947,154 1578,154"/>
        <TextEquiv conf="0.9896090186160543">
          <Unicode>IOHANNES XIII. 965 972.</Unicode>
        </TextEquiv>
      </TextLine>
    </TextRegion>
  </Page>
</PcGts>
