<?xml version="1.0" encoding="UTF-8"  standalone="yes"?>
<PcGts xmlns="http://schema.primaresearch.org/PAGE/gts/pagecontent/2019-07-15" xmlns:xsi="http://www.w3.org/2001/XMLSchema-instance" xsi:schemaLocation="http://schema.primaresearch.org/PAGE/gts/pagecontent/2019-07-15 http://schema.primaresearch.org/PAGE/gts/pagecontent/2019-07-15/pagecontent.xsd">
  <Metadata externalRef="pdf//regestapontificu01cath.pdf">
	<Creator>escriptorium</Creator>
	<Created>2026-02-12T11:28:59.900257+00:00</Created>
        <LastChange>2026-02-13T10:39:37.856712+00:00</LastChange>
  </Metadata>
  <Page imageFilename="regestapontificu01cath.pdf_page_220.png" imageWidth="2353" imageHeight="3055">
    <TextRegion id="eSc_textblock_098f0813"  custom="structure {type:default;}">
      <Coords points="273,122 378,128 378,195 264,208 251,149 273,122"/>
      <TextLine id="eSc_line_b43e33e3" custom="structure {type:default;}">
        <Coords points="356,127 339,125 320,123 303,123 286,122 269,122 273,169 273,198 361,193 361,166 358,127 356,127"/>
        <Baseline points="273,169 361,166"/>
        <TextEquiv conf="0.9838847517967224">
          <Unicode>180)</Unicode>
        </TextEquiv>
      </TextLine>
    </TextRegion>
    <TextRegion id="eSc_textblock_5e05c855"  custom="structure {type:default;}">
      <Coords points="268,224 663,237 672,271 699,237 2244,237 2237,2516 2217,2693 767,2713 692,2700 670,2652 577,2679 468,2639 475,2579 441,2516 460,2387 358,2430 385,2510 351,2557 278,2510 312,2430 285,2408 292,2260 258,2048 271,1656 244,1383 244,353 268,224"/>
      <TextLine id="eSc_line_34ad9d2f" custom="structure {type:default;}">
        <Coords points="921,237 904,237 894,242 886,242 770,237 769,237 752,237 735,237 718,237 701,237 684,252 685,278 685,308 1178,310 1179,310 1181,310 1207,300 1207,273 1201,237 935,242 933,242 926,237 921,237"/>
        <Baseline points="685,278 1207,273"/>
        <TextEquiv conf="0.9762570214271545">
          <Unicode>598. (Inf. 1. 1. S.„. 2.)</Unicode>
        </TextEquiv>
      </TextLine>
      <TextLine id="eSc_line_2d243976" custom="structure {type:default;}">
        <Coords points="746,327 746,347 1096,346 1140,351 1183,354 1184,354 1186,354 1196,351 1210,346 1283,351 1380,358 1381,358 1383,358 1407,351 1417,349 1424,351 1444,359 1446,359 1448,359 1549,353 1639,346 1811,346 1826,353 1838,359 1840,359 1841,359 2215,354 2215,327 2215,297 2077,297 2040,280 2038,280 2037,280 1736,295 1707,280 1706,280 1606,280 1604,280 1602,280 1551,295 1526,280 1524,280 1522,280 1521,280 1297,281 1295,281 1293,281 1278,291 1234,280 1232,280 1230,280 1229,280 1227,280 1203,297 746,297 746,327"/>
        <Baseline points="746,327 2215,327"/>
        <TextEquiv conf="0.9590592646017307">
          <Unicode>cepi-r — —rribit. Adalit dr Stratewio et R(udlevio drannir. Rtex. V1II. 22. (Maur.</Unicode>
        </TextEquiv>
      </TextLine>
      <TextLine id="eSc_line_c0ca7215" custom="structure {type:default;}">
        <Coords points="748,371 748,390 918,390 923,392 937,402 938,402 940,402 942,402 1003,392 1022,390 1040,393 1083,400 1084,400 1086,400 1101,393 1111,388 1115,393 1122,398 1122,400 1123,400 1125,400 1127,402 1210,402 1210,400 1212,400 1213,400 1222,393 1229,388 1249,393 1271,400 1273,400 1274,400 1276,400 1278,400 1278,398 1285,393 1293,386 1451,386 1460,395 1463,397 1463,398 1465,398 1466,398 1468,400 1560,400 1560,398 1561,398 1570,397 1606,385 1626,397 1628,397 1629,397 1631,398 1831,398 1833,364 1830,339 763,336 762,336 760,336 758,336 746,342 748,371"/>
        <Baseline points="748,371 1833,364"/>
        <TextEquiv conf="0.9416163179182238">
          <Unicode>Vi1l. 22. CIu--. VII. insl. 1. ep. 23). „lam duadlum vestrae-.</Unicode>
        </TextEquiv>
      </TextLine>
      <TextLine id="eSc_line_ca038d56" custom="structure {type:default;}">
        <Coords points="704,412 704,436 2215,436 2217,412 2215,388 704,388 704,412"/>
        <Baseline points="704,412 2217,412"/>
        <TextEquiv conf="0.9941768176853657">
          <Unicode>1511 (1144) Fantino defensori mandat, Agrigentum se conferat, Iudaeorumque chri-</Unicode>
        </TextEquiv>
      </TextLine>
      <TextLine id="eSc_line_e4ec4aea" custom="structure {type:default;}">
        <Coords points="290,415 290,465 378,449 378,415 378,368 337,351 336,351 334,351 332,351 290,361 290,415"/>
        <Baseline points="290,415 378,415"/>
        <TextEquiv conf="0.986516018708547">
          <Unicode>M„„</Unicode>
        </TextEquiv>
      </TextLine>
      <TextLine id="eSc_line_ebe25258" custom="structure {type:default;}">
        <Coords points="745,454 745,471 2212,473 2215,451 2212,426 743,426 745,454"/>
        <Baseline points="745,454 2215,451"/>
        <TextEquiv conf="0.9999837632532473">
          <Unicode>stiana sacra suscipere cogitantium consilium confirmet. Qui si diem paschalem ex-</Unicode>
        </TextEquiv>
      </TextLine>
      <TextLine id="eSc_line_88ab6ba5" custom="structure {type:default;}">
        <Coords points="745,492 743,509 763,519 765,519 767,519 892,510 1052,519 1054,519 1055,519 1074,510 1086,519 1088,519 1089,519 1091,519 1704,512 2154,522 2156,522 2213,512 2215,497 2213,473 745,470 745,492"/>
        <Baseline points="745,492 2215,497"/>
        <TextEquiv conf="0.9984740947568139">
          <Unicode>spectare noluerint, episcopum moneri iubet, ut „poenitentia ac abstinentia quadraginta</Unicode>
        </TextEquiv>
      </TextLine>
      <TextLine id="eSc_line_a5df10f2" custom="structure {type:default;}">
        <Coords points="746,536 745,561 2208,563 2212,539 2210,514 746,512 746,536"/>
        <Baseline points="746,536 2212,539"/>
        <TextEquiv conf="0.9928735445527469">
          <Unicode>diebus indicta, aut die dominico, aut si celeberrima festivitas fortassis occurrerit,</Unicode>
        </TextEquiv>
      </TextLine>
      <TextLine id="eSc_line_bd792543" custom="structure {type:default;}">
        <Coords points="746,578 746,594 879,594 881,594 916,604 918,604 920,604 1013,594 1025,594 1067,594 1071,594 1083,604 1084,604 1086,604 1088,605 1422,605 1422,604 1483,597 1509,594 1538,597 1607,604 1609,604 1767,602 1768,602 1777,597 1785,594 1814,597 1857,604 1858,604 1909,599 1952,594 1994,599 2037,604 2038,604 2213,599 2213,578 2213,554 746,551 746,578"/>
        <Baseline points="746,578 2213,578"/>
        <TextEquiv conf="0.9877572343462989">
          <Unicode>cos . . . baptizet“. Monasterium S. Stephani in Agrigentino territorio eiusque abba-</Unicode>
        </TextEquiv>
      </TextLine>
      <TextLine id="eSc_line_f9ad43d9" custom="structure {type:default;}">
        <Coords points="745,622 745,643 782,655 784,655 786,655 850,643 855,643 859,643 898,655 899,655 901,656 979,656 979,655 1045,643 1052,643 1057,643 1132,655 1134,655 1135,655 1161,643 1162,643 1291,643 1293,643 1312,655 1314,655 1315,655 1317,656 1358,656 1358,655 1359,655 1395,643 1397,643 1398,643 1454,655 1456,655 1458,655 1480,643 1482,643 1570,643 1572,643 1589,655 1590,655 1592,655 1594,656 1668,656 1668,655 1733,643 1735,643 1775,655 1777,655 1779,655 1780,655 1811,643 1814,643 1969,655 1971,655 1972,655 2006,643 2038,655 2040,655 2042,655 2044,655 2083,644 2140,655 2142,655 2144,655 2167,643 2213,643 2213,622 2213,599 745,599 745,622"/>
        <Baseline points="745,622 2213,622"/>
        <TextEquiv conf="0.9940130130449931">
          <Unicode>tissam Domnam commcndat. Reg. VIII. 23; (Maur. VIII. 23, Guss. VII. ind. I.</Unicode>
        </TextEquiv>
      </TextLine>
      <TextLine id="eSc_line_e163256e" custom="structure {type:default;}">
        <Coords points="745,665 745,687 819,680 830,685 842,694 843,694 845,694 847,694 920,683 960,678 965,683 971,687 971,689 972,689 974,689 1269,690 1271,690 1273,690 1307,675 1307,660 1302,636 743,638 745,665"/>
        <Baseline points="745,665 1307,660"/>
        <TextEquiv conf="0.9842308307516163">
          <Unicode>(p. 24). — „Domna abbatissa“.</Unicode>
        </TextEquiv>
      </TextLine>
      <TextLine id="eSc_line_fcf807dd" custom="structure {type:default;}">
        <Coords points="709,704 709,723 2215,726 2217,704 2215,675 709,677 709,704"/>
        <Baseline points="709,704 2217,704"/>
        <TextEquiv conf="0.9999949112534523">
          <Unicode>1512 *Anatolio diacono iterum Sabinianum, episcopum ladertinum, qui a Maximo Sa-</Unicode>
        </TextEquiv>
      </TextLine>
      <TextLine id="eSc_line_02d99963" custom="structure {type:default;}">
        <Coords points="286,782 342,779 371,787 378,709 378,663 292,660 290,706 286,782"/>
        <Baseline points="290,706 378,709"/>
        <TextEquiv conf="0.9499939978122711">
          <Unicode>ta</Unicode>
        </TextEquiv>
      </TextLine>
      <TextLine id="eSc_line_42e59bb4" custom="structure {type:default;}">
        <Coords points="746,745 745,762 899,763 957,777 959,777 1083,765 1186,765 1229,777 1230,777 1232,779 1276,779 1276,777 1278,777 1280,777 1297,765 1315,765 1402,765 1403,765 1420,777 1422,777 1424,777 1426,777 1427,777 1448,767 1480,779 1482,779 1483,780 1629,780 1629,779 1631,779 1633,779 1645,770 1711,779 1712,779 1714,779 1741,767 1823,767 1843,779 1845,779 1847,779 1848,779 1909,777 1911,777 1913,777 1930,767 2188,779 2190,779 2191,779 2213,767 2215,748 2213,724 746,721 746,745"/>
        <Baseline points="746,745 2215,748"/>
        <TextEquiv conf="0.9948329322478351">
          <Unicode>lonitano offendatur, commendat. Vide epistolam, quae scquitur. (Reg. VIII. 24, (Maur.</Unicode>
        </TextEquiv>
      </TextLine>
      <TextLine id="eSc_line_e97993ef" custom="structure {type:default;}">
        <Coords points="748,789 748,806 792,816 794,816 796,816 813,807 889,816 891,816 892,816 916,807 969,816 971,816 1018,807 1074,816 1076,816 1078,816 1105,807 1127,816 1128,816 1130,818 1280,818 1280,816 1281,816 1283,816 1297,807 1376,816 1378,816 1380,816 1402,806 1402,789 1402,767 748,767 748,789"/>
        <Baseline points="748,789 1402,789"/>
        <TextEquiv conf="0.9978681692951604">
          <Unicode>VIII. 24, Guss. VII. ind. I. ep. 251).</Unicode>
        </TextEquiv>
      </TextLine>
      <TextLine id="eSc_line_af7489a4" custom="structure {type:default;}">
        <Coords points="706,833 706,862 774,850 999,858 1001,858 1157,848 1184,857 1190,858 1191,858 1193,860 1281,860 1281,858 1387,855 1527,850 1538,853 1546,857 1548,857 1549,857 1551,857 1553,857 1558,853 1570,846 1650,852 1699,855 1701,855 2215,845 2217,826 2212,797 704,802 706,833"/>
        <Baseline points="706,833 2217,826"/>
        <TextEquiv conf="0.9951725623437336">
          <Unicode>1513 (1145) Sabinianum, episeopum ladertinum, inimicitias Maximi Salonitani fortiter</Unicode>
        </TextEquiv>
      </TextLine>
      <TextLine id="eSc_line_85216db3" custom="structure {type:default;}">
        <Coords points="314,843 322,911 334,901 353,908 351,840 344,801 308,801 314,843"/>
        <Baseline points="314,843 351,840"/>
        <TextEquiv conf="0.9999971389770508">
          <Unicode>„</Unicode>
        </TextEquiv>
      </TextLine>
      <TextLine id="eSc_line_cb6c407c" custom="structure {type:default;}">
        <Coords points="746,872 746,891 2215,891 2215,872 2215,846 746,840 746,872"/>
        <Baseline points="746,872 2215,872"/>
        <TextEquiv conf="0.9996855042874813">
          <Unicode>ferre iubet. Anatolii diaconi auxilium indicat. Lapsum quemdam presbyterum vetat</Unicode>
        </TextEquiv>
      </TextLine>
      <TextLine id="eSc_line_38eadfa0" custom="structure {type:default;}">
        <Coords points="746,914 746,941 1081,935 1134,940 1174,943 1176,943 1215,940 1252,935 1281,938 1317,943 1319,943 1407,938 1480,933 1490,936 1500,941 1502,941 1504,941 1505,941 1517,936 1529,933 1544,936 1565,941 1566,941 1568,941 1619,936 1651,933 1692,936 1774,941 1775,941 1819,935 1833,933 1881,935 2076,941 2077,941 2079,941 2105,933 2106,933 2181,941 2183,941 2184,941 2215,931 2215,911 2210,891 745,892 746,914"/>
        <Baseline points="746,914 2215,911"/>
        <TextEquiv conf="0.9983897871441312">
          <Unicode>aut continuare aut recipere honorem. Ut privilegia ladertina confirmentur, deces-</Unicode>
        </TextEquiv>
      </TextLine>
      <TextLine id="eSc_line_b0e3add4" custom="structure {type:default;}">
        <Coords points="745,955 745,980 2213,980 2215,958 2213,930 745,928 745,955"/>
        <Baseline points="745,955 2215,958"/>
        <TextEquiv conf="0.9972506618499756">
          <Unicode>sorum suorum tabulas poscit. Marcellum ad sese venire cupit. Reg. VIII. 24,</Unicode>
        </TextEquiv>
      </TextLine>
      <TextLine id="eSc_line_e33d206d" custom="structure {type:default;}">
        <Coords points="746,1001 746,1014 1033,1023 1035,1023 1037,1023 1038,1023 1049,1014 1050,1014 1135,1021 1137,1021 1349,1013 1368,1013 1371,1013 1412,1021 1414,1021 1415,1021 1432,1013 1434,1013 1493,1021 1495,1021 1556,1013 1580,1021 1582,1021 1583,1021 1797,1020 1799,1020 1801,1020 1811,1011 1818,1011 1950,1020 1952,1020 2001,1009 2003,996 1999,972 1909,962 1908,962 1685,970 1648,962 1646,962 1645,962 1580,972 1578,972 1168,964 1166,964 1164,964 1134,974 1089,965 1088,965 967,974 877,965 876,965 874,965 840,974 758,965 757,965 755,965 753,965 745,970 746,1001"/>
        <Baseline points="746,1001 2003,996"/>
        <TextEquiv conf="0.9771842850397711">
          <Unicode>(Maur. VIII. 24, Guss. VII. ind. I. ep. 25). — „Satis, frater carissime“.</Unicode>
        </TextEquiv>
      </TextLine>
      <TextLine id="eSc_line_083bccaf" custom="structure {type:default;}">
        <Coords points="487,1042 487,1091 577,1084 599,1099 602,1101 604,1101 606,1101 607,1103 653,1103 653,1042 653,996 597,996 590,989 575,977 573,977 572,977 524,970 522,970 521,970 487,979 487,1042"/>
        <Baseline points="487,1042 653,1042"/>
        <TextEquiv conf="0.9321283340454102">
          <Unicode>(ar„)</Unicode>
        </TextEquiv>
      </TextLine>
      <TextLine id="eSc_line_6288b6be" custom="structure {type:default;}">
        <Coords points="707,1043 707,1064 2212,1067 2215,1038 2212,1016 718,1011 716,1011 714,1011 713,1011 706,1014 707,1043"/>
        <Baseline points="707,1043 2215,1038"/>
        <TextEquiv conf="0.9977608047425747">
          <Unicode>1514 (1146) Victorem, episcopum Panormitanum, motus petitione Hebracorum, qui in</Unicode>
        </TextEquiv>
      </TextLine>
      <TextLine id="eSc_line_88cb79a8" custom="structure {type:default;}">
        <Coords points="317,1050 317,1072 353,1072 353,1050 353,1030 317,1030 317,1050"/>
        <Baseline points="317,1050 353,1050"/>
        <TextEquiv conf="0.9755013883113861">
          <Unicode>„„</Unicode>
        </TextEquiv>
      </TextLine>
      <TextLine id="eSc_line_0dad38d0" custom="structure {type:default;}">
        <Coords points="748,1084 748,1103 2213,1104 2217,1081 2212,1055 746,1055 748,1084"/>
        <Baseline points="748,1084 2217,1081"/>
        <TextEquiv conf="0.9981966399284731">
          <Unicode>hac urbe Roma habitant, hortatur, ne ludaeos Panormi iniuriis afficiat, utque litem</Unicode>
        </TextEquiv>
      </TextLine>
      <TextLine id="eSc_line_fa91f406" custom="structure {type:default;}">
        <Coords points="746,1125 746,1142 1038,1152 1040,1152 1224,1143 1519,1143 1531,1152 1533,1152 1534,1152 1536,1152 2027,1143 2089,1152 2091,1152 2093,1152 2094,1152 2108,1143 2215,1143 2215,1125 2215,1101 746,1101 746,1125"/>
        <Baseline points="746,1125 2215,1125"/>
        <TextEquiv conf="0.994655691832304">
          <Unicode>cum iis aut componat, aut ad sesc deferat. Reg. VIII. 25, (Maur. VIII. 25, Guss.</Unicode>
        </TextEquiv>
      </TextLine>
      <TextLine id="eSc_line_f53c97a5" custom="structure {type:default;}">
        <Coords points="750,1167 750,1181 836,1181 838,1181 860,1191 862,1191 864,1191 908,1181 909,1181 930,1191 932,1191 933,1191 935,1191 962,1181 981,1193 982,1193 984,1193 986,1194 1084,1194 1084,1193 1086,1193 1088,1193 1105,1179 1106,1179 1113,1179 1179,1191 1181,1193 1249,1193 1249,1191 1251,1191 1283,1179 1307,1191 1308,1191 1310,1193 1407,1193 1407,1191 1409,1191 1449,1177 1449,1164 1446,1142 757,1135 755,1135 753,1135 752,1135 752,1137 750,1137 748,1137 750,1167"/>
        <Baseline points="750,1167 1449,1164"/>
        <TextEquiv conf="0.9882743209600449">
          <Unicode>VII. ind. I. ep. 26). — „Sicut ludaeis“.</Unicode>
        </TextEquiv>
      </TextLine>
      <TextLine id="eSc_line_7a593c10" custom="structure {type:default;}">
        <Coords points="709,1208 709,1228 2213,1225 2215,1205 2210,1179 707,1181 709,1208"/>
        <Baseline points="709,1208 2215,1205"/>
        <TextEquiv conf="0.9963552390827852">
          <Unicode>1515 (1147) lohanni, episcopo Syracusano, mandlat, ut Pantalconi, notario suo, in ne-</Unicode>
        </TextEquiv>
      </TextLine>
      <TextLine id="eSc_line_0b3ff6e8" custom="structure {type:default;}">
        <Coords points="319,1218 319,1228 349,1235 351,1218 349,1191 319,1196 319,1218"/>
        <Baseline points="319,1218 351,1218"/>
        <TextEquiv conf="0.9301330149173737">
          <Unicode>„„</Unicode>
        </TextEquiv>
      </TextLine>
      <TextLine id="eSc_line_b2f55d56" custom="structure {type:default;}">
        <Coords points="748,1249 746,1269 2210,1272 2213,1252 2213,1227 2193,1216 2191,1216 2190,1216 2077,1225 2033,1216 2032,1216 1950,1225 1847,1216 1845,1216 1792,1225 1789,1225 1784,1225 1675,1216 1673,1216 1672,1216 1651,1225 1650,1225 1636,1225 1480,1216 1478,1216 1353,1223 1269,1215 1268,1215 1212,1223 1210,1225 918,1225 915,1223 891,1215 889,1215 887,1215 886,1215 884,1215 872,1223 869,1223 748,1223 748,1249"/>
        <Baseline points="748,1249 2213,1252"/>
        <TextEquiv conf="0.9988502702493777">
          <Unicode>gotiis cius occupato, ad colligenda vasa sacra, per clericos Italos in Sicilia vendita,</Unicode>
        </TextEquiv>
      </TextLine>
      <TextLine id="eSc_line_3cf910ff" custom="structure {type:default;}">
        <Coords points="748,1293 748,1310 1044,1318 1045,1318 1088,1310 1091,1310 1096,1310 1169,1318 1171,1318 1288,1310 1293,1310 1298,1310 1426,1318 1427,1318 1475,1310 1483,1308 1509,1308 1643,1317 1645,1317 1646,1317 1665,1308 1667,1308 1670,1308 1706,1317 1707,1317 1765,1308 1770,1308 1775,1308 1828,1317 1830,1317 1831,1317 1865,1308 1867,1308 1869,1308 1891,1317 1892,1317 1894,1317 1942,1308 1945,1308 1948,1308 2013,1317 2015,1317 2210,1306 2212,1289 2208,1269 1979,1269 1960,1259 1959,1259 1957,1259 1858,1267 1792,1259 1791,1259 1731,1267 1694,1259 1692,1259 1690,1259 1689,1259 1687,1259 1673,1269 1585,1269 1504,1259 1502,1259 1500,1259 1475,1269 1196,1261 1195,1261 1134,1269 1106,1261 1105,1261 1103,1261 1055,1269 1010,1261 1008,1261 850,1269 816,1261 814,1261 813,1261 746,1271 748,1293"/>
        <Baseline points="748,1293 2212,1289"/>
        <TextEquiv conf="0.9922433616239813">
          <Unicode>spatium concedat. Reg. VIII. 26, (Maur. VIII. 26, Guss. VII. ind. I. ep. 27). —</Unicode>
        </TextEquiv>
      </TextLine>
      <TextLine id="eSc_line_ba63cb4d" custom="structure {type:default;}">
        <Coords points="746,1335 746,1352 1276,1349 1278,1332 1273,1308 745,1310 746,1335"/>
        <Baseline points="746,1335 1278,1332"/>
        <TextEquiv conf="0.9999461482311117">
          <Unicode>„Quia pervenit ad nos, quod“.</Unicode>
        </TextEquiv>
      </TextLine>
      <TextLine id="eSc_line_93971fce" custom="structure {type:default;}">
        <Coords points="709,1376 709,1393 2217,1393 2217,1376 2215,1345 709,1345 709,1376"/>
        <Baseline points="709,1376 2217,1376"/>
        <TextEquiv conf="0.9985720418393612">
          <Unicode>1516 (1148) lohannem, episcopum Syracusanum, quo iure quaque iniuria diaconi Ca-</Unicode>
        </TextEquiv>
      </TextLine>
      <TextLine id="eSc_line_535a9a5e" custom="structure {type:default;}">
        <Coords points="324,1418 349,1415 349,1384 349,1350 325,1342 324,1384 324,1418"/>
        <Baseline points="324,1384 349,1384"/>
        <TextEquiv conf="0.9991191029548645">
          <Unicode>„</Unicode>
        </TextEquiv>
      </TextLine>
      <TextLine id="eSc_line_c366064b" custom="structure {type:default;}">
        <Coords points="746,1417 745,1446 855,1447 857,1447 867,1446 909,1437 926,1446 932,1447 933,1447 935,1449 1061,1449 1061,1447 1062,1447 1069,1444 1083,1439 1096,1444 1103,1447 1105,1447 1106,1447 1123,1444 1149,1439 1229,1444 1291,1447 1293,1447 1295,1447 1310,1444 1332,1437 1363,1442 1381,1446 1383,1446 1533,1442 1656,1439 1662,1440 1672,1449 1673,1449 1675,1449 1677,1449 1718,1440 1729,1439 1740,1440 1780,1449 1782,1449 1869,1440 1886,1439 1901,1440 1994,1449 1996,1449 2050,1439 2054,1439 2067,1449 2069,1449 2071,1449 2072,1451 2127,1451 2127,1449 2213,1437 2215,1420 2213,1396 746,1393 746,1417"/>
        <Baseline points="746,1417 2215,1420"/>
        <TextEquiv conf="0.9961202408694014">
          <Unicode>tanenses campagis se calecent, exquircre iubet. Reg. VIII. 27, (Maur. VIII. 27,</Unicode>
        </TextEquiv>
      </TextLine>
      <TextLine id="eSc_line_4eef85df" custom="structure {type:default;}">
        <Coords points="745,1459 745,1476 1103,1485 1105,1485 1106,1485 1135,1476 1203,1485 1205,1485 1207,1485 1208,1485 1208,1483 1217,1474 1218,1474 1278,1474 1280,1474 1286,1481 1286,1483 1288,1483 1290,1483 1291,1483 1667,1473 1668,1456 1663,1434 743,1435 745,1459"/>
        <Baseline points="745,1459 1668,1456"/>
        <TextEquiv conf="0.9994034225290472">
          <Unicode>Giuss. VII. ind. I. ep. 28). — „Ecclesiastici vigoris“.</Unicode>
        </TextEquiv>
      </TextLine>
      <TextLine id="eSc_line_8147bf73" custom="structure {type:default;}">
        <Coords points="292,1503 292,1535 368,1537 370,1503 368,1461 292,1463 292,1503"/>
        <Baseline points="292,1503 370,1503"/>
        <TextEquiv conf="0.9813315669695536">
          <Unicode>ut.</Unicode>
        </TextEquiv>
      </TextLine>
      <TextLine id="eSc_line_18eceda5" custom="structure {type:default;}">
        <Coords points="709,1503 709,1520 2213,1513 2215,1498 2212,1471 1218,1464 1217,1464 1215,1464 1213,1464 1203,1473 730,1466 728,1466 726,1466 707,1473 709,1503"/>
        <Baseline points="709,1503 2215,1498"/>
        <TextEquiv conf="0.9894623557726542">
          <Unicode>1517 (1149) Eulogio, episcopo Alexandrino, „runctorum martwrum gessta . .., Constan-</Unicode>
        </TextEquiv>
      </TextLine>
      <TextLine id="eSc_line_13be181d" custom="structure {type:default;}">
        <Coords points="748,1546 748,1564 950,1573 952,1573 1088,1564 1110,1573 1111,1573 1113,1573 1208,1563 1218,1563 1234,1563 1397,1571 1398,1571 1471,1561 1480,1561 1487,1561 1524,1569 1526,1569 1527,1569 1561,1561 1565,1561 1589,1561 1841,1569 1843,1569 1930,1561 1984,1568 1986,1568 1987,1568 1989,1568 1999,1559 2001,1559 2008,1559 2186,1568 2188,1568 2190,1568 2213,1558 2213,1539 2208,1517 746,1519 748,1546"/>
        <Baseline points="748,1546 2213,1539"/>
        <TextEquiv conf="0.9898474174387315">
          <Unicode>tini temporibus ab Eusebio Caesaricnsi collecta“, postulanti, respondet, de tali col-</Unicode>
        </TextEquiv>
      </TextLine>
      <TextLine id="eSc_line_e0956e63" custom="structure {type:default;}">
        <Coords points="746,1586 746,1605 2212,1608 2215,1581 2210,1559 745,1559 746,1586"/>
        <Baseline points="746,1586 2215,1581"/>
        <TextEquiv conf="0.9969852481569562">
          <Unicode>lectionc sc ignorare. „Praeter illa enim“, inquit „quae in ciusdem Euscbii libris de</Unicode>
        </TextEquiv>
      </TextLine>
      <TextLine id="eSc_line_a6b048e1" custom="structure {type:default;}">
        <Coords points="746,1627 746,1646 2215,1644 2215,1627 2213,1598 746,1598 746,1627"/>
        <Baseline points="746,1627 2215,1627"/>
        <TextEquiv conf="0.9952660978558552">
          <Unicode>gestis sanctorum martyrum continentur, nulla in archivo huius ecclesiae, vel in Ro-</Unicode>
        </TextEquiv>
      </TextLine>
      <TextLine id="eSc_line_93514934" custom="structure {type:default;}">
        <Coords points="748,1670 748,1692 2212,1697 2215,1666 2210,1646 746,1648 748,1670"/>
        <Baseline points="748,1670 2215,1666"/>
        <TextEquiv conf="0.9984365389460609">
          <Unicode>manae urbis bililiothecis esse cognovi, nisi pauca quaedam in unius codicis volumine</Unicode>
        </TextEquiv>
      </TextLine>
      <TextLine id="eSc_line_94a11091" custom="structure {type:default;}">
        <Coords points="746,1710 745,1732 2210,1734 2213,1714 2212,1685 746,1683 746,1710"/>
        <Baseline points="746,1710 2213,1714"/>
        <TextEquiv conf="0.9987183078413918">
          <Unicode>collecta; nos autem paene omnium martyrum, distinctis per dies singulos passionibus,</Unicode>
        </TextEquiv>
      </TextLine>
      <TextLine id="eSc_line_ade45bd0" custom="structure {type:default;}">
        <Coords points="746,1753 746,1771 2213,1768 2215,1749 2210,1726 745,1727 746,1753"/>
        <Baseline points="746,1753 2215,1749"/>
        <TextEquiv conf="0.992440189421177">
          <Unicode>colleeta in uno codice nomina habemus, atquc quotidianis diebus in corum venera-</Unicode>
        </TextEquiv>
      </TextLine>
      <TextLine id="eSc_line_a36d49fa" custom="structure {type:default;}">
        <Coords points="748,1797 748,1816 1259,1824 1261,1824 1300,1819 1327,1816 1351,1819 1381,1824 1383,1824 1415,1819 1443,1816 1460,1819 1476,1824 1478,1824 1480,1824 1505,1821 1539,1814 1645,1821 1682,1822 1684,1822 1694,1821 1724,1814 1808,1821 1828,1822 1830,1822 1882,1822 2164,1814 2212,1822 2215,1793 2212,1771 763,1765 762,1765 760,1765 758,1765 746,1770 748,1797"/>
        <Baseline points="748,1797 2215,1793"/>
        <TextEquiv conf="0.9983068796304556">
          <Unicode>tione missarum solemnia agimus; non tamen in eodem volumine, quis qualiter sit</Unicode>
        </TextEquiv>
      </TextLine>
      <TextLine id="eSc_line_74781527" custom="structure {type:default;}">
        <Coords points="748,1839 748,1860 2212,1858 2213,1834 2208,1810 746,1812 748,1839"/>
        <Baseline points="748,1839 2213,1834"/>
        <TextEquiv conf="0.9982392686169322">
          <Unicode>passus, indicatur, sed tantummodo nomen, locus et dies passionis ponitur; sed haec</Unicode>
        </TextEquiv>
      </TextLine>
      <TextLine id="eSc_line_63e54825" custom="structure {type:default;}">
        <Coords points="748,1878 748,1899 2215,1895 2215,1878 2213,1848 748,1848 748,1878"/>
        <Baseline points="748,1878 2215,1878"/>
        <TextEquiv conf="0.9990840591030357">
          <Unicode>habere vos crcdimus“. De lignis brevioribus ad cum missis, maioribusque mittendis</Unicode>
        </TextEquiv>
      </TextLine>
      <TextLine id="eSc_line_d9868493" custom="structure {type:default;}">
        <Coords points="748,1921 748,1945 2206,1950 2210,1921 2208,1897 2139,1885 2137,1885 2086,1894 2033,1885 2032,1885 2030,1885 1994,1895 1967,1885 1965,1885 1964,1885 1913,1895 1826,1885 1825,1885 1770,1895 1755,1885 1753,1885 1752,1885 1690,1885 1689,1885 1634,1897 1449,1897 1409,1885 1407,1885 1405,1885 1354,1895 1303,1885 1302,1885 1239,1895 1195,1885 1193,1885 1071,1885 1069,1885 1001,1895 821,1885 819,1885 748,1895 748,1921"/>
        <Baseline points="748,1921 2210,1921"/>
        <TextEquiv conf="0.9526839120669311">
          <Unicode>et dr reliquin S. Mavei euaruat listar- al.  o) suscerpda adddlit. R(rx. V1II. 2S. (Maur.</Unicode>
        </TextEquiv>
      </TextLine>
      <TextLine id="eSc_line_ffd7175a" custom="structure {type:default;}">
        <Coords points="750,1963 750,1978 901,1987 903,1987 904,1987 906,1987 915,1978 916,1978 1108,1978 1110,1978 1137,1987 1139,1987 1140,1987 1190,1978 1266,1987 1268,1987 1269,1987 1271,1987 1286,1977 1288,1977 1295,1977 1347,1985 1349,1985 1351,1985 1371,1977 1373,1977 1441,1977 1449,1984 1449,1985 1451,1985 1453,1985 1454,1987 1755,1987 1755,1985 1757,1985 1787,1975 1787,1960 1784,1936 757,1931 755,1931 753,1931 752,1931 752,1933 750,1933 748,1933 750,1963"/>
        <Baseline points="750,1963 1787,1960"/>
        <TextEquiv conf="0.9905102024475734">
          <Unicode>V11I. 29, Guss. VII. ind. I. ep. 29). — „Utilis semper est“.</Unicode>
        </TextEquiv>
      </TextLine>
      <TextLine id="eSc_line_e202bfcf" custom="structure {type:default;}">
        <Coords points="713,2007 713,2023 1821,2028 1823,2028 1945,2019 2191,2026 2193,2026 2195,2026 2213,2016 2213,2001 2208,1963 711,1968 713,2007"/>
        <Baseline points="713,2007 2213,2001"/>
        <TextEquiv conf="0.9702485933899879">
          <Unicode>131* (1150) Loul.„io. e„israpu Gleandritia. dr al-tudine qurritur. Hlaereticorum</Unicode>
        </TextEquiv>
      </TextLine>
      <TextLine id="eSc_line_b96bf9ab" custom="structure {type:default;}">
        <Coords points="748,2046 748,2079 1305,2079 1305,2077 1307,2077 1308,2077 1314,2072 1322,2068 1383,2072 1475,2077 1476,2077 1478,2077 1480,2077 1487,2070 1492,2067 1617,2070 1841,2075 1843,2075 1930,2067 1954,2065 1991,2067 2166,2074 2167,2074 2208,2063 2210,2040 2205,2016 746,2023 748,2046"/>
        <Baseline points="748,2046 2210,2040"/>
        <TextEquiv conf="0.9911492334471809">
          <Unicode>Alewandrinorum correctione gaudet. Nunciat de Augustino, „monasterii sui monacho“</Unicode>
        </TextEquiv>
      </TextLine>
      <TextLine id="eSc_line_51a60e89" custom="structure {type:default;}">
        <Coords points="714,2090 714,2107 989,2107 991,2107 1008,2116 1010,2116 1011,2116 1186,2107 1252,2106 1329,2109 1454,2114 1456,2114 1595,2109 1758,2104 2210,2111 2212,2085 2206,2063 713,2067 714,2090"/>
        <Baseline points="714,2090 2212,2085"/>
        <TextEquiv conf="0.995198885861196">
          <Unicode>„ ad Anglorum gentem misso. „Qui“ inquit, „data a me licentia, a Germaniarum</Unicode>
        </TextEquiv>
      </TextLine>
      <TextLine id="eSc_line_cbbbdf51" custom="structure {type:default;}">
        <Coords points="746,2131 746,2146 2206,2150 2210,2131 2208,2102 746,2101 746,2131"/>
        <Baseline points="746,2131 2210,2131"/>
        <TextEquiv conf="0.9887996402131506">
          <Unicode>episropis episcopus factus, ad praedictam gentem in finem mundi perductus est .. .;</Unicode>
        </TextEquiv>
      </TextLine>
      <TextLine id="eSc_line_b690b954" custom="structure {type:default;}">
        <Coords points="750,2172 750,2191 850,2199 852,2199 853,2199 855,2199 865,2191 867,2191 1013,2191 1018,2191 1064,2199 1066,2199 1161,2191 1169,2191 1176,2191 1273,2197 1274,2197 1276,2197 1293,2191 1297,2189 1317,2191 1402,2197 1403,2197 1487,2189 1502,2189 1504,2189 1519,2197 1521,2197 1522,2197 1583,2189 1594,2189 1606,2189 1689,2197 1690,2197 1767,2189 1789,2187 1799,2189 1830,2196 1831,2196 2208,2187 2210,2167 2206,2145 760,2141 758,2141 757,2141 755,2141 748,2146 750,2172"/>
        <Baseline points="750,2172 2210,2167"/>
        <TextEquiv conf="0.9981645762202251">
          <Unicode>in solemnitate autem dominicac nativitatis, quac hac prima indictione transacta est</Unicode>
        </TextEquiv>
      </TextLine>
      <TextLine id="eSc_line_45a2f923" custom="structure {type:default;}">
        <Coords points="748,2216 748,2238 2210,2238 2212,2211 2206,2189 746,2192 748,2216"/>
        <Baseline points="748,2216 2212,2211"/>
        <TextEquiv conf="0.9930429589457628">
          <Unicode>(i. e. d. 25. Decembr. a. 597), plus quam decem milia Angli ab codem nunciati sunt</Unicode>
        </TextEquiv>
      </TextLine>
      <TextLine id="eSc_line_fc08f519" custom="structure {type:default;}">
        <Coords points="748,2257 748,2274 1140,2281 1142,2281 1280,2275 1434,2270 1485,2277 1509,2279 1510,2279 1556,2277 1658,2270 1690,2277 1704,2279 1706,2279 1762,2277 1955,2269 2208,2277 2212,2252 2208,2226 746,2226 748,2257"/>
        <Baseline points="748,2257 2212,2252"/>
        <TextEquiv conf="0.9920375369489193">
          <Unicode>fratre et coepiscopo nostro baptizati“. De Eudoxio haeretico se ab eo informatum</Unicode>
        </TextEquiv>
      </TextLine>
      <TextLine id="eSc_line_738a555d" custom="structure {type:default;}">
        <Coords points="748,2299 748,2315 1038,2325 1040,2325 1042,2325 1044,2325 1057,2315 1059,2313 1505,2313 1519,2313 1711,2323 1712,2323 1763,2311 1787,2311 1937,2311 1938,2311 1954,2321 1955,2321 1957,2321 1959,2323 2021,2323 2021,2321 2210,2309 2212,2294 2208,2272 1239,2265 1237,2265 1235,2265 1234,2265 1218,2274 921,2267 920,2267 746,2275 748,2299"/>
        <Baseline points="748,2299 2212,2294"/>
        <TextEquiv conf="0.9939302346285652">
          <Unicode>esse, gratias agit. De erroribus in ecclesia Constantinopolitana nunc vigentibus sen-</Unicode>
        </TextEquiv>
      </TextLine>
      <TextLine id="eSc_line_5910f3b3" custom="structure {type:default;}">
        <Coords points="746,2340 746,2362 2208,2357 2210,2337 2205,2315 745,2315 746,2340"/>
        <Baseline points="746,2340 2210,2337"/>
        <TextEquiv conf="0.996645163744688">
          <Unicode>tentiam eius laudat. Reprehendit eum, quod in epistola ad sese missa his verbis:</Unicode>
        </TextEquiv>
      </TextLine>
      <TextLine id="eSc_line_57de4375" custom="structure {type:default;}">
        <Coords points="752,2382 752,2403 2206,2394 2208,2377 2203,2352 750,2352 752,2382"/>
        <Baseline points="752,2382 2208,2377"/>
        <TextEquiv conf="0.9950025590618005">
          <Unicode>„Sicut iussistis“ usus sit. „Non iussi“, inquit, „sed quae utilia sunt, indicare curavi“.</Unicode>
        </TextEquiv>
      </TextLine>
      <TextLine id="eSc_line_b00846e6" custom="structure {type:default;}">
        <Coords points="748,2423 748,2444 1370,2440 1446,2442 1660,2449 1662,2449 1663,2449 1682,2442 1685,2440 1835,2440 1843,2440 1898,2449 1899,2449 1901,2449 1903,2449 1914,2440 1916,2440 2020,2440 2023,2440 2069,2449 2071,2449 2072,2449 2089,2440 2108,2449 2110,2449 2111,2449 2208,2438 2210,2423 2208,2398 748,2398 748,2423"/>
        <Baseline points="748,2423 2210,2423"/>
        <TextEquiv conf="0.9913220354068426">
          <Unicode>Et improbat, quod ipsum universalem episcopum appcllaverit. Reg. VIII. 29, (Maur.</Unicode>
        </TextEquiv>
      </TextLine>
      <TextLine id="eSc_line_77f5ec8e" custom="structure {type:default;}">
        <Coords points="750,2464 750,2484 2001,2484 2001,2464 2001,2442 750,2442 750,2464"/>
        <Baseline points="750,2464 2001,2464"/>
        <TextEquiv conf="0.9992056295905315">
          <Unicode>VIII. 30, Guss. VII. ind. I. ep. 30). — „Communis filius, praesentium“.</Unicode>
        </TextEquiv>
      </TextLine>
      <TextLine id="eSc_line_fce0070b" custom="structure {type:default;}">
        <Coords points="713,2508 713,2527 2215,2527 2215,2503 2210,2472 711,2479 713,2508"/>
        <Baseline points="713,2508 2215,2503"/>
        <TextEquiv conf="0.9985968388617039">
          <Unicode>1519 (1151) Sccundino, episcopo Tauromenitano, mandat, ut monastcrium monasterio</Unicode>
        </TextEquiv>
      </TextLine>
      <TextLine id="eSc_line_2b56b8dd" custom="structure {type:default;}">
        <Coords points="750,2545 748,2559 2206,2562 2210,2549 2208,2522 750,2520 750,2545"/>
        <Baseline points="750,2545 2210,2549"/>
        <TextEquiv conf="0.9989570393619767">
          <Unicode>Castellignsi adiuncfum ordinct, ne aedificium in laicorum potestatem deveniat. Reg.</Unicode>
        </TextEquiv>
      </TextLine>
      <TextLine id="eSc_line_5c8c86f9" custom="structure {type:default;}">
        <Coords points="752,2591 752,2608 1264,2617 1266,2617 1398,2608 1400,2608 1402,2608 1449,2617 1451,2617 1492,2606 1497,2606 1504,2606 1533,2615 1534,2615 1536,2615 2208,2605 2210,2588 2206,2566 1480,2557 1478,2557 1427,2566 762,2559 760,2559 758,2559 757,2559 750,2564 752,2591"/>
        <Baseline points="752,2591 2210,2588"/>
        <TextEquiv conf="0.9943322997267653">
          <Unicode>VIII. 30, (Maur. VIII. 31, Guss. VII. ind. I. ep. 31). — „Querimoniam monachorum“.</Unicode>
        </TextEquiv>
      </TextLine>
      <TextLine id="eSc_line_b626f304" custom="structure {type:default;}">
        <Coords points="711,2632 711,2651 874,2661 876,2661 925,2652 932,2652 1120,2652 1123,2654 1139,2661 1140,2661 1142,2662 1239,2662 1239,2661 1241,2661 1242,2661 1251,2654 1256,2652 1288,2654 1361,2661 1363,2662 1522,2662 1522,2661 1524,2661 1536,2656 1546,2652 1551,2656 1556,2661 1558,2661 1560,2661 1561,2661 1590,2656 1617,2652 1677,2657 1729,2661 1731,2661 1770,2657 1826,2652 2208,2659 2210,2632 2210,2605 711,2605 711,2632"/>
        <Baseline points="711,2632 2210,2632"/>
        <TextEquiv conf="0.9871900167273379">
          <Unicode>1520 (1152) Dorninici, episcopi Carthaginiensis, erga se studium laudat. Reg. VIII. 31,</Unicode>
        </TextEquiv>
      </TextLine>
      <TextLine id="eSc_line_6436d413" custom="structure {type:default;}">
        <Coords points="752,2673 752,2710 1001,2722 1003,2722 1005,2722 1040,2710 1042,2710 1176,2710 1178,2710 1241,2722 1242,2722 1244,2722 1246,2722 1261,2710 1308,2722 1310,2722 1312,2722 1314,2722 1344,2708 1347,2708 1351,2708 1392,2720 1393,2720 1395,2722 1504,2722 1504,2720 1505,2720 1507,2720 1507,2718 1519,2708 1539,2720 1541,2720 1543,2720 1544,2720 1572,2710 1606,2718 1607,2718 1609,2718 1942,2707 1942,2669 1938,2645 750,2642 752,2673"/>
        <Baseline points="752,2673 1942,2669"/>
        <TextEquiv conf="0.9768694673759349">
          <Unicode>(Ntaur. VIII. 33. Guss. VII. ind. I. ep. 33) — „Seripta sanetitatis .</Unicode>
        </TextEquiv>
      </TextLine>
    </TextRegion>
    <TextRegion id="eSc_textblock_87625175"  custom="structure {type:default;}">
      <Coords points="1096,108 1572,115 1578,174 1565,195 1268,201 903,195 882,168 916,115 1096,108"/>
      <TextLine id="eSc_line_6402168e" custom="structure {type:default;}">
        <Coords points="1295,110 1293,110 1280,110 1263,110 1252,110 1251,110 976,120 930,113 928,113 926,113 916,117 906,127 908,169 908,184 977,184 979,184 1001,196 1003,196 1005,196 1006,196 1037,184 1040,184 1049,186 1108,196 1110,196 1193,188 1254,181 1334,181 1349,190 1358,195 1359,195 1361,195 1363,195 1563,191 1563,162 1558,122 1312,122 1297,110 1295,110"/>
        <Baseline points="908,169 1563,162"/>
        <TextEquiv conf="0.952601098495981">
          <Unicode>S (IREmoRIUs ( 390 6ot.</Unicode>
        </TextEquiv>
      </TextLine>
    </TextRegion>
  </Page>
</PcGts>
