<?xml version="1.0" encoding="UTF-8"  standalone="yes"?>
<PcGts xmlns="http://schema.primaresearch.org/PAGE/gts/pagecontent/2019-07-15" xmlns:xsi="http://www.w3.org/2001/XMLSchema-instance" xsi:schemaLocation="http://schema.primaresearch.org/PAGE/gts/pagecontent/2019-07-15 http://schema.primaresearch.org/PAGE/gts/pagecontent/2019-07-15/pagecontent.xsd">
  <Metadata externalRef="pdf//regestapontificu01cath.pdf">
	<Creator>escriptorium</Creator>
	<Created>2026-02-12T11:26:15.143785+00:00</Created>
        <LastChange>2026-02-13T10:25:34.536261+00:00</LastChange>
  </Metadata>
  <Page imageFilename="regestapontificu01cath.pdf_page_153.png" imageWidth="2260" imageHeight="3076">
    <TextRegion id="eSc_textblock_1b46ffc5"  custom="structure {type:default;}">
      <Coords points="194,266 253,287 403,266 471,287 492,266 2054,273 2061,2520 2034,2739 1822,2773 1665,2739 923,2739 456,2773 82,2759 61,1633 41,1584 61,1522 54,451 75,287 194,266"/>
      <TextLine id="eSc_line_f00b5d4f" custom="structure {type:default;}">
        <Coords points="690,362 690,386 767,387 777,398 777,399 779,399 781,399 782,399 846,387 876,399 878,399 880,399 982,391 1037,399 1039,399 1041,399 1042,399 1042,398 1056,387 1090,387 1102,398 1102,399 1104,399 1106,399 1107,399 1359,389 1437,399 1439,399 1533,387 1707,399 1709,399 1812,386 1812,362 1812,314 1783,304 1781,304 1779,304 1524,314 1458,304 1292,304 1290,304 1288,304 1265,312 1147,304 1145,304 1143,304 1118,316 825,316 803,305 801,305 800,305 690,314 690,362"/>
        <Baseline points="690,362 1812,362"/>
        <TextEquiv conf="0.9856198955984676">
          <Unicode>IOHANNES II. (MERCURIUS). 53? 535.</Unicode>
        </TextEquiv>
      </TextLine>
      <TextLine id="eSc_line_70f2a4f2" custom="structure {type:default;}">
        <Coords points="480,423 483,451 494,442 509,447 529,452 531,452 533,452 535,452 588,435 588,420 584,386 502,379 500,379 499,379 478,386 480,423"/>
        <Baseline points="480,423 588,420"/>
        <TextEquiv conf="0.9999894201755524">
          <Unicode>532.</Unicode>
        </TextEquiv>
      </TextLine>
      <TextLine id="eSc_line_d7891f57" custom="structure {type:default;}">
        <Coords points="78,478 78,509 241,522 242,478 241,406 78,422 78,478"/>
        <Baseline points="78,478 242,478"/>
        <TextEquiv conf="0.9998920361200968">
          <Unicode> 21</Unicode>
        </TextEquiv>
      </TextLine>
      <TextLine id="eSc_line_3c6718bd" custom="structure {type:default;}">
        <Coords points="499,475 497,490 649,500 651,500 757,493 770,502 772,502 774,502 776,502 909,493 926,502 928,502 929,502 998,493 1001,493 1010,493 1179,502 1181,502 1182,502 1210,493 1215,493 1220,493 1268,504 1270,504 1420,495 1430,495 1439,495 1533,504 1535,504 1536,504 1562,495 1565,495 1588,495 1721,504 1723,504 1777,497 1791,495 1796,497 1815,504 1817,504 1818,504 1853,497 1863,495 1870,497 1889,504 1890,504 1892,504 2018,497 2020,478 2018,451 1950,440 1948,440 1454,449 1388,449 1369,449 1235,439 1234,439 499,446 499,475"/>
        <Baseline points="499,475 2020,478"/>
        <TextEquiv conf="0.9936732789616526">
          <Unicode>Consecratur „iterum post consulatum Lampadii et Orestis“. Inscriptio ap. Anastas.</Unicode>
        </TextEquiv>
      </TextLine>
      <TextLine id="eSc_line_a63da5b4" custom="structure {type:default;}">
        <Coords points="543,516 541,538 2017,546 2020,521 2018,495 543,492 543,516"/>
        <Baseline points="543,516 2020,521"/>
        <TextEquiv conf="0.9928193587854685">
          <Unicode>Biblioth. ed. Bianchini III. 254. Diem indicat Vita Bonifatii II. p. 199, ubi sedem</Unicode>
        </TextEquiv>
      </TextLine>
      <TextLine id="eSc_line_e6b1a9c1" custom="structure {type:default;}">
        <Coords points="543,563 543,582 1523,582 1523,563 1523,536 543,536 543,563"/>
        <Baseline points="543,563 1523,563"/>
        <TextEquiv conf="0.9979513220067294">
          <Unicode>mortuo Bonifatio menses 2 et dies 15 vacasse legimus.</Unicode>
        </TextEquiv>
      </TextLine>
      <TextLine id="eSc_line_5794fdd2" custom="structure {type:default;}">
        <Coords points="483,633 483,659 564,652 755,657 923,661 924,661 926,661 947,654 957,651 1041,652 1343,659 1345,659 1347,659 1348,659 1348,657 1359,649 1461,659 1463,659 1465,659 1466,659 1466,657 1477,647 1477,628 1473,601 482,601 483,633"/>
        <Baseline points="483,633 1477,628"/>
        <TextEquiv conf="0.9817293440854108">
          <Unicode>534. (Iusfindano auqusfo TF. et Paulino funiore coss.)</Unicode>
        </TextEquiv>
      </TextLine>
      <TextLine id="eSc_line_bea7c7d5" custom="structure {type:default;}">
        <Coords points="76,690 76,719 131,727 133,727 135,727 136,727 136,726 141,722 148,714 186,714 249,724 251,686 244,632 188,649 141,644 92,639 90,639 88,639 87,639 75,645 76,690"/>
        <Baseline points="76,690 251,686"/>
        <TextEquiv conf="0.981525719165802">
          <Unicode>Mart 24.</Unicode>
        </TextEquiv>
      </TextLine>
      <TextLine id="eSc_line_6b123927" custom="structure {type:default;}">
        <Coords points="287,686 287,729 319,743 321,743 323,743 355,738 379,733 432,745 434,686 434,606 312,589 311,589 309,589 307,589 287,603 287,686"/>
        <Baseline points="287,686 434,686"/>
        <TextEquiv conf="1.0">
          <Unicode>„</Unicode>
        </TextEquiv>
      </TextLine>
      <TextLine id="eSc_line_04947390" custom="structure {type:default;}">
        <Coords points="500,688 500,705 2020,707 2022,688 2022,661 500,659 500,688"/>
        <Baseline points="500,688 2022,688"/>
        <TextEquiv conf="0.9990966084391572">
          <Unicode>884 (571) Iustiniani imperatoris fidem, per litteras explicatam, laudat. Cyrum et eius</Unicode>
        </TextEquiv>
      </TextLine>
      <TextLine id="eSc_line_17769333" custom="structure {type:default;}">
        <Coords points="545,727 543,743 2015,751 2018,731 2017,705 545,705 545,727"/>
        <Baseline points="545,727 2018,731"/>
        <TextEquiv conf="0.9992512375116348">
          <Unicode>sectatores, monachos Acoemetenses, excommunicatos nunciat, sed, deposito errore,</Unicode>
        </TextEquiv>
      </TextLine>
      <TextLine id="eSc_line_fff37430" custom="structure {type:default;}">
        <Coords points="545,772 545,794 2022,794 2022,772 2020,748 545,748 545,772"/>
        <Baseline points="545,772 2022,772"/>
        <TextEquiv conf="0.996030585265454">
          <Unicode>recipi iubet. Hypatium (Ephesinum) et Demetrium (Philippensem) episcopos, legatos</Unicode>
        </TextEquiv>
      </TextLine>
      <TextLine id="eSc_line_0abed01d" custom="structure {type:default;}">
        <Coords points="545,816 545,833 2015,837 2018,813 2013,789 543,789 545,816"/>
        <Baseline points="545,816 2018,813"/>
        <TextEquiv conf="0.995902752574486">
          <Unicode>imperatoris, commendat. (Cf. Liberati breviar. C. 20. p. 141 (Migne 68 p. 1036)</Unicode>
        </TextEquiv>
      </TextLine>
      <TextLine id="eSc_line_5fe375a8" custom="structure {type:default;}">
        <Coords points="545,856 545,871 697,883 699,883 750,873 753,873 829,873 830,873 856,883 858,883 859,883 909,873 914,873 1239,873 1249,874 1282,881 1283,881 1285,881 1302,874 1304,874 1324,883 1326,883 1328,885 1540,885 1540,883 1541,883 1543,883 1553,876 1557,873 1565,876 1591,883 1593,883 1594,883 1663,876 1695,873 1853,873 1858,876 1871,883 1873,883 1875,883 2024,876 2024,856 2024,835 545,835 545,856"/>
        <Baseline points="545,856 2024,856"/>
        <TextEquiv conf="0.9962079917328267">
          <Unicode>et Procopii de bello Goth. L. I. c. 3. ed. Bonn. p. 17). Mansi VIII. 797, Migne</Unicode>
        </TextEquiv>
      </TextLine>
      <TextLine id="eSc_line_188ef15a" custom="structure {type:default;}">
        <Coords points="547,898 547,915 617,926 618,926 620,926 649,917 707,926 709,927 1111,927 1111,926 1112,926 1131,917 1685,926 1687,926 1788,915 1788,898 1788,876 547,876 547,898"/>
        <Baseline points="547,898 1788,898"/>
        <TextEquiv conf="0.9944393494549919">
          <Unicode>66 p. 17, Bull. Rom. T. E. App. I. 489. — „Inter claras sapientiae“.</Unicode>
        </TextEquiv>
      </TextLine>
      <TextLine id="eSc_line_0a99f0ff" custom="structure {type:default;}">
        <Coords points="502,941 502,960 2020,965 2022,941 2022,915 502,912 502,941"/>
        <Baseline points="502,941 2022,941"/>
        <TextEquiv conf="0.9999684515671853">
          <Unicode>885 (572) Avienum, Senatorem, Liberium, Severinum, Fidelem, Avitum, Opilionem,</Unicode>
        </TextEquiv>
      </TextLine>
      <TextLine id="eSc_line_e7013ca9" custom="structure {type:default;}">
        <Coords points="547,980 545,997 647,1009 649,1009 800,1001 1138,1009 1140,1009 1206,1001 1285,1011 1287,1011 2020,1001 2022,984 2020,962 547,953 547,980"/>
        <Baseline points="547,980 2022,984"/>
        <TextEquiv conf="0.9999564477177554">
          <Unicode>lohannem, Silverium, Clementianum et Ampelionem, illustres et magnificos viros, docet:</Unicode>
        </TextEquiv>
      </TextLine>
      <TextLine id="eSc_line_27d40a61" custom="structure {type:default;}">
        <Coords points="548,1028 548,1045 2020,1049 2024,1023 2018,999 547,1004 548,1028"/>
        <Baseline points="548,1028 2024,1023"/>
        <TextEquiv conf="0.994991547699216">
          <Unicode>„Christum unum esse s. trinitatis ex duabus naturis cognoscendum, in deitate et</Unicode>
        </TextEquiv>
      </TextLine>
      <TextLine id="eSc_line_e5f093cc" custom="structure {type:default;}">
        <Coords points="548,1068 548,1086 2025,1086 2025,1068 2025,1045 548,1042 548,1068"/>
        <Baseline points="548,1068 2025,1068"/>
        <TextEquiv conf="0.9995232665980304">
          <Unicode>humanitate perfectum, non antea exsistente carne et postea unita verbo“ cet. Hor-</Unicode>
        </TextEquiv>
      </TextLine>
      <TextLine id="eSc_line_237809b6" custom="structure {type:default;}">
        <Coords points="547,1112 547,1131 810,1131 813,1131 834,1141 835,1141 837,1141 895,1131 906,1131 941,1131 1128,1139 1130,1139 1201,1131 1215,1131 1222,1131 1253,1139 1254,1139 1256,1139 1345,1131 1364,1131 1391,1131 1530,1139 1531,1139 1533,1139 1562,1131 1579,1127 1591,1131 1605,1138 1606,1138 1608,1138 1704,1131 1776,1127 1803,1131 1841,1138 1842,1139 1900,1139 1900,1138 1902,1138 1904,1138 1911,1131 1919,1127 2022,1131 2025,1107 2020,1086 545,1086 547,1112"/>
        <Baseline points="547,1112 2025,1107"/>
        <TextEquiv conf="0.9999627971354826">
          <Unicode>tatur, vitent monachos Acoemetenses, haeresis Nestorianae participes. Mansi VIII.</Unicode>
        </TextEquiv>
      </TextLine>
      <TextLine id="eSc_line_f7887ff2" custom="structure {type:default;}">
        <Coords points="548,1151 548,1172 1834,1172 1834,1151 1834,1129 548,1129 548,1151"/>
        <Baseline points="548,1151 1834,1151"/>
        <TextEquiv conf="0.995719474643024">
          <Unicode>803, Migne 66 p. 20, Bull. Rom. T. E. App. I. 495. — „Olim quidem“.</Unicode>
        </TextEquiv>
      </TextLine>
      <TextLine id="eSc_line_f019afed" custom="structure {type:default;}">
        <Coords points="104,1197 104,1233 174,1238 176,1238 177,1238 179,1238 201,1223 208,1220 241,1220 241,1197 241,1150 104,1141 104,1197"/>
        <Baseline points="104,1197 241,1197"/>
        <TextEquiv conf="0.9945809926305499">
          <Unicode>Apr. 7.</Unicode>
        </TextEquiv>
      </TextLine>
      <TextLine id="eSc_line_594f17cf" custom="structure {type:default;}">
        <Coords points="506,1194 506,1213 2025,1209 2027,1191 2022,1167 504,1168 506,1194"/>
        <Baseline points="506,1194 2027,1191"/>
        <TextEquiv conf="0.9970900984697564">
          <Unicode>886 (573) Universis episcopis per Gallias constitutis scribit, Contumeliosum episcopum</Unicode>
        </TextEquiv>
      </TextLine>
      <TextLine id="eSc_line_b5f9923d" custom="structure {type:default;}">
        <Coords points="547,1237 547,1257 564,1266 565,1266 567,1266 2027,1256 2027,1237 2027,1216 547,1211 547,1237"/>
        <Baseline points="547,1237 2027,1237"/>
        <TextEquiv conf="0.9985647367525704">
          <Unicode>(Reiensem) multis criminibus astrictum in monasterium relegandum esse; in cuius</Unicode>
        </TextEquiv>
      </TextLine>
      <TextLine id="eSc_line_1c8b6cff" custom="structure {type:default;}">
        <Coords points="548,1281 548,1298 2022,1302 2025,1278 2022,1254 547,1254 548,1281"/>
        <Baseline points="548,1281 2025,1278"/>
        <TextEquiv conf="0.99963550002147">
          <Unicode>locum visitatorem substitutum nunciat. (Flavio Paulino iun. cons.) Conc. Gall.</Unicode>
        </TextEquiv>
      </TextLine>
      <TextLine id="eSc_line_a2f83698" custom="structure {type:default;}">
        <Coords points="547,1324 547,1339 1111,1350 1112,1350 1114,1350 1133,1339 1150,1350 1152,1350 1153,1350 1155,1351 1224,1351 1224,1350 1316,1339 1336,1348 1338,1348 1340,1350 1394,1350 1394,1348 1396,1348 1398,1348 1412,1338 1427,1348 1429,1348 1430,1348 1432,1350 1489,1350 1489,1348 1560,1338 1565,1338 1569,1338 1601,1348 1603,1348 1605,1348 1606,1348 1629,1338 1632,1338 1704,1348 1706,1348 1707,1348 1709,1348 1723,1339 1846,1346 1848,1346 1933,1338 1969,1348 1971,1348 1972,1348 2025,1336 2027,1320 2024,1298 1328,1290 1326,1290 1280,1298 1275,1300 545,1300 547,1324"/>
        <Baseline points="547,1324 2027,1320"/>
        <TextEquiv conf="0.9936013190777271">
          <Unicode>I. 971, Mansi VIII. 807, Migne 66 p. 24, Bull. Rom. T. E. App. I. 500. — „In-</Unicode>
        </TextEquiv>
      </TextLine>
      <TextLine id="eSc_line_8e697e52" custom="structure {type:default;}">
        <Coords points="547,1365 547,1379 574,1391 576,1391 577,1391 661,1377 671,1377 678,1377 753,1389 755,1389 757,1389 759,1389 759,1387 770,1377 796,1377 798,1361 793,1339 545,1341 547,1365"/>
        <Baseline points="547,1365 798,1361"/>
        <TextEquiv conf="0.9944473079272679">
          <Unicode>notuit nobis“.</Unicode>
        </TextEquiv>
      </TextLine>
      <TextLine id="eSc_line_c741455c" custom="structure {type:default;}">
        <Coords points="124,1408 121,1454 235,1461 239,1411 237,1363 189,1365 188,1365 186,1365 186,1367 181,1372 167,1384 124,1380 124,1408"/>
        <Baseline points="124,1408 239,1411"/>
        <TextEquiv conf="0.9452018290758133">
          <Unicode>„ 7.</Unicode>
        </TextEquiv>
      </TextLine>
      <TextLine id="eSc_line_5cc599ba" custom="structure {type:default;}">
        <Coords points="507,1406 507,1426 2027,1423 2029,1401 2024,1375 506,1375 507,1406"/>
        <Baseline points="507,1406 2029,1401"/>
        <TextEquiv conf="0.9953537777245763">
          <Unicode>887 (574) Clerum (Reiensem) obedire iubet Caesario, episcopo Arelatensi, visitatori</Unicode>
        </TextEquiv>
      </TextLine>
      <TextLine id="eSc_line_1f546e1d" custom="structure {type:default;}">
        <Coords points="547,1449 547,1466 2024,1464 2025,1445 2022,1423 545,1423 547,1449"/>
        <Baseline points="547,1449 2025,1445"/>
        <TextEquiv conf="0.9980417802220299">
          <Unicode>constituto in locum Contumeliosi episcopi, criminibus multis convicti. (Paulino iun.</Unicode>
        </TextEquiv>
      </TextLine>
      <TextLine id="eSc_line_221c6f92" custom="structure {type:default;}">
        <Coords points="547,1491 547,1512 762,1519 764,1519 793,1512 805,1510 820,1512 868,1519 870,1519 943,1512 965,1510 984,1512 1042,1519 1044,1519 1046,1519 1066,1512 1071,1510 1085,1512 1141,1519 1143,1519 1278,1512 1304,1510 1316,1510 1372,1519 1374,1519 1376,1519 1401,1510 1403,1510 1413,1519 1415,1519 1417,1519 1418,1520 1495,1520 1495,1519 1497,1519 1516,1510 1518,1510 1526,1510 1608,1519 1610,1519 1612,1519 1639,1510 1641,1510 1644,1510 1694,1519 1695,1519 1697,1519 1699,1519 1711,1510 1712,1510 1822,1510 1825,1510 1900,1519 1902,1519 2027,1508 2027,1491 2027,1467 547,1467 547,1491"/>
        <Baseline points="547,1491 2027,1491"/>
        <TextEquiv conf="0.9943136180702009">
          <Unicode>cons.) Conc. Gall. I. 973, Mansi VIII. 807, Migne 66 p. 24, Bull. Rom. T. E.</Unicode>
        </TextEquiv>
      </TextLine>
      <TextLine id="eSc_line_86080e0f" custom="structure {type:default;}">
        <Coords points="548,1536 548,1551 1182,1549 1184,1532 1181,1508 547,1508 548,1536"/>
        <Baseline points="548,1536 1184,1532"/>
        <TextEquiv conf="0.9849369146607139">
          <Unicode>App. I. 502. — „Pervenit ad nos“.</Unicode>
        </TextEquiv>
      </TextLine>
      <TextLine id="eSc_line_73c82df3" custom="structure {type:default;}">
        <Coords points="95,1579 95,1628 147,1628 147,1626 148,1626 165,1618 191,1606 246,1608 247,1579 247,1536 235,1524 235,1522 234,1522 232,1522 200,1522 198,1522 196,1522 194,1522 177,1538 170,1543 95,1536 95,1579"/>
        <Baseline points="95,1579 247,1579"/>
        <TextEquiv conf="0.9982549945513407">
          <Unicode>„„„</Unicode>
        </TextEquiv>
      </TextLine>
      <TextLine id="eSc_line_de0f70ec" custom="structure {type:default;}">
        <Coords points="506,1573 506,1594 2027,1590 2029,1570 2024,1538 1653,1546 1642,1541 1639,1538 1637,1538 1636,1538 1434,1538 1432,1538 1430,1538 1429,1538 1424,1543 1417,1548 1251,1549 800,1549 582,1549 521,1539 519,1539 517,1539 516,1539 504,1546 506,1573"/>
        <Baseline points="506,1573 2029,1570"/>
        <TextEquiv conf="0.9993126543171434">
          <Unicode>888 (575) Caesario, episcopo Arelatensi, mandat, ut Contumeliosum episcopum, munere</Unicode>
        </TextEquiv>
      </TextLine>
      <TextLine id="eSc_line_230c5458" custom="structure {type:default;}">
        <Coords points="548,1618 548,1640 2027,1637 2029,1614 2024,1590 547,1596 548,1618"/>
        <Baseline points="548,1618 2029,1614"/>
        <TextEquiv conf="0.999455228999809">
          <Unicode>privatum, in monasterium retrudat, et ecclesiam (Reiensem), donec novus episcopus</Unicode>
        </TextEquiv>
      </TextLine>
      <TextLine id="eSc_line_9a00c0e4" custom="structure {type:default;}">
        <Coords points="547,1661 547,1681 2027,1679 2029,1655 2024,1631 545,1635 547,1661"/>
        <Baseline points="547,1661 2029,1655"/>
        <TextEquiv conf="0.9981062897929439">
          <Unicode>eligatur, administret. Conc. Gall. I. 965, Mansi VIII. 809, Migne 66 p. 25, Bull.</Unicode>
        </TextEquiv>
      </TextLine>
      <TextLine id="eSc_line_1687d21a" custom="structure {type:default;}">
        <Coords points="548,1705 548,1731 747,1725 755,1729 765,1737 767,1737 769,1737 770,1739 846,1739 846,1737 847,1737 880,1729 894,1725 1059,1725 1061,1727 1070,1734 1070,1736 1071,1736 1073,1736 1210,1737 1212,1737 1213,1737 1247,1725 1249,1725 1261,1736 1261,1737 1263,1737 1265,1737 1266,1739 1316,1739 1316,1737 1318,1737 1350,1725 1360,1736 1360,1737 1362,1737 1364,1737 1365,1739 1473,1739 1473,1737 1475,1737 1477,1737 1495,1725 1495,1705 1495,1681 1475,1673 1473,1673 1345,1673 1343,1673 1341,1673 1340,1673 1340,1674 1331,1683 1241,1683 1130,1683 1130,1681 1102,1673 1100,1673 1099,1673 1097,1673 1095,1673 1083,1681 1082,1683 981,1683 979,1681 967,1673 965,1673 964,1673 962,1673 911,1681 907,1681 906,1681 885,1673 883,1673 882,1673 880,1673 859,1681 858,1681 853,1681 786,1673 784,1673 782,1673 781,1673 772,1681 770,1681 741,1673 740,1673 738,1673 736,1673 707,1681 706,1681 704,1681 683,1673 682,1673 680,1673 548,1679 548,1705"/>
        <Baseline points="548,1705 1495,1705"/>
        <TextEquiv conf="0.9907364031443229">
          <Unicode>Rom. T. E. App. I. 501. — „Caritatis tuae litteras“.</Unicode>
        </TextEquiv>
      </TextLine>
      <TextLine id="eSc_line_6f47d897" custom="structure {type:default;}">
        <Coords points="487,1775 487,1799 547,1808 548,1808 550,1808 552,1808 569,1796 574,1792 608,1792 610,1792 622,1804 622,1806 623,1806 625,1806 627,1806 670,1804 671,1804 707,1787 707,1770 704,1734 651,1724 649,1724 610,1731 567,1737 485,1727 487,1775"/>
        <Baseline points="487,1775 707,1770"/>
        <TextEquiv conf="0.9611485302448273">
          <Unicode>833 535.</Unicode>
        </TextEquiv>
      </TextLine>
      <TextLine id="eSc_line_f0641c22" custom="structure {type:default;}">
        <Coords points="87,1831 87,1874 136,1876 138,1876 242,1852 242,1826 239,1787 128,1778 126,1778 124,1778 123,1778 123,1780 111,1790 111,1792 85,1792 87,1831"/>
        <Baseline points="87,1831 242,1826"/>
        <TextEquiv conf="0.9840287055288043">
          <Unicode>Aug. 6.</Unicode>
        </TextEquiv>
      </TextLine>
      <TextLine id="eSc_line_7c86dd58" custom="structure {type:default;}">
        <Coords points="488,1830 490,1857 516,1849 984,1852 1256,1854 1258,1854 1324,1849 1367,1845 1442,1847 1612,1852 1613,1852 1615,1852 1641,1845 1647,1843 1706,1843 2006,1850 2008,1850 2010,1850 2032,1840 2032,1823 2027,1796 487,1802 488,1830"/>
        <Baseline points="488,1830 2032,1823"/>
        <TextEquiv conf="0.9951886900936264">
          <Unicode>f889 (ccxvi) S Valerio episcopo rescribit, patrem filio maiorem non esse. Hinschius</Unicode>
        </TextEquiv>
      </TextLine>
      <TextLine id="eSc_line_d11c2b2f" custom="structure {type:default;}">
        <Coords points="548,1872 548,1893 690,1903 692,1903 694,1903 712,1893 714,1893 723,1893 812,1903 813,1903 1012,1893 1041,1891 1049,1891 1104,1901 1106,1901 1254,1893 1271,1901 1273,1901 1275,1903 1412,1903 1412,1901 1413,1901 1434,1891 1436,1891 1530,1901 1531,1901 1625,1890 1636,1890 1728,1890 1730,1890 1745,1900 1747,1900 1748,1900 1750,1900 2024,1888 2025,1867 2020,1845 547,1847 548,1872"/>
        <Baseline points="548,1872 2025,1867"/>
        <TextEquiv conf="0.9945506788790226">
          <Unicode>Ps. Is. p. 705, Mansi VIII. 794, Migne 66 p. 27, Bull. Rom. T. E. App. I. 503. —</Unicode>
        </TextEquiv>
      </TextLine>
      <TextLine id="eSc_line_6f0328b0" custom="structure {type:default;}">
        <Coords points="553,1919 553,1944 782,1934 841,1936 984,1943 986,1943 988,1943 1012,1931 1012,1915 1008,1888 605,1881 603,1881 552,1890 553,1919"/>
        <Baseline points="553,1919 1012,1915"/>
        <TextEquiv conf="0.9925808994858353">
          <Unicode>„Scripta tuae sanctitatis“.</Unicode>
        </TextEquiv>
      </TextLine>
      <TextLine id="eSc_line_52df06a2" custom="structure {type:default;}">
        <Coords points="485,1989 487,2016 559,2013 560,2013 591,1997 591,1982 588,1941 512,1932 511,1932 509,1932 482,1944 485,1989"/>
        <Baseline points="485,1989 591,1982"/>
        <TextEquiv conf="0.99998539686203">
          <Unicode>535.</Unicode>
        </TextEquiv>
      </TextLine>
      <TextLine id="eSc_line_701c8f28" custom="structure {type:default;}">
        <Coords points="88,2042 88,2069 182,2062 193,2071 198,2074 198,2076 200,2076 201,2076 203,2078 282,2078 282,2076 283,2076 306,2071 347,2060 475,2069 478,2038 476,1999 463,1990 461,1990 459,1990 458,1990 411,1999 321,1989 319,1989 317,1989 280,2001 264,1990 263,1990 261,1990 259,1990 258,1990 220,2001 184,1990 182,1990 181,1990 87,2002 88,2042"/>
        <Baseline points="88,2042 478,2038"/>
        <TextEquiv conf="0.9600271284580231">
          <Unicode>Mni. 27. In basiliea</Unicode>
        </TextEquiv>
      </TextLine>
      <TextLine id="eSc_line_852e36ea" custom="structure {type:default;}">
        <Coords points="497,2040 497,2055 971,2064 972,2064 974,2064 1005,2055 1008,2055 2027,2055 2029,2035 2025,2007 495,2004 497,2040"/>
        <Baseline points="497,2040 2029,2035"/>
        <TextEquiv conf="0.9887452226087271">
          <Unicode>Sepelitur „VI. kal. Iunias“. Vita lohannis in Vignolii Lib. pont. I. 200. A die 31.</Unicode>
        </TextEquiv>
      </TextLine>
      <TextLine id="eSc_line_c535ee55" custom="structure {type:default;}">
        <Coords points="294,2083 294,2105 314,2115 316,2115 317,2115 447,2107 447,2083 447,2060 294,2060 294,2083"/>
        <Baseline points="294,2083 447,2083"/>
        <TextEquiv conf="0.9999486729502678">
          <Unicode>b. Petri</Unicode>
        </TextEquiv>
      </TextLine>
      <TextLine id="eSc_line_f8690696" custom="structure {type:default;}">
        <Coords points="550,2084 550,2103 2025,2103 2027,2078 2024,2054 612,2052 610,2052 548,2060 550,2084"/>
        <Baseline points="550,2084 2027,2078"/>
        <TextEquiv conf="0.9941151979603345">
          <Unicode>m. Dec. 532 ad diem 27. m. Maii 535 numerantur a. 2 m. 4 d. 26. Neque quadrant,</Unicode>
        </TextEquiv>
      </TextLine>
      <TextLine id="eSc_line_e9974cc3" custom="structure {type:default;}">
        <Coords points="553,2125 553,2146 2024,2144 2025,2117 2020,2096 552,2096 553,2125"/>
        <Baseline points="553,2125 2025,2117"/>
        <TextEquiv conf="0.9977178523339421">
          <Unicode>quos Iohanni tribuit Vita eius p. 199, anni 2 m. 4 d. 16, neque quos Contin. Catal.</Unicode>
        </TextEquiv>
      </TextLine>
      <TextLine id="eSc_line_f5a43133" custom="structure {type:default;}">
        <Coords points="553,2168 553,2187 2027,2185 2027,2163 2024,2137 552,2136 553,2168"/>
        <Baseline points="553,2168 2027,2163"/>
        <TextEquiv conf="0.9883740969002247">
          <Unicode>Symmachiani ap. Anastas. Biblioth. ed. Bianchini T. IV. Prolegom. p. LXIX et ap.</Unicode>
        </TextEquiv>
      </TextLine>
      <TextLine id="eSc_line_83b15db1" custom="structure {type:default;}">
        <Coords points="552,2213 552,2240 673,2243 675,2243 697,2238 721,2233 741,2238 760,2243 762,2243 764,2243 800,2238 825,2233 830,2236 839,2243 839,2245 841,2245 842,2245 844,2245 950,2243 952,2243 971,2235 981,2231 991,2235 1018,2243 1020,2243 1022,2243 1024,2243 1025,2243 1035,2235 1039,2231 1044,2235 1066,2243 1068,2243 1070,2245 1143,2245 1143,2243 1213,2231 1229,2230 1237,2231 1273,2242 1275,2242 1277,2242 1278,2242 1280,2242 1297,2231 1300,2230 1439,2230 1441,2207 1436,2185 550,2187 552,2213"/>
        <Baseline points="552,2213 1441,2207"/>
        <TextEquiv conf="0.9848385710342258">
          <Unicode>Muratori R. It. Scr. III. rI. 47, anni 2 m. 4 d. 6.</Unicode>
        </TextEquiv>
      </TextLine>
      <TextLine id="eSc_line_cd88dcf2" custom="structure {type:default;}">
        <Coords points="887,2455 888,2489 935,2477 1039,2488 1073,2489 1075,2489 1077,2489 1085,2486 1118,2474 1210,2474 1237,2483 1251,2488 1253,2488 1254,2488 1341,2486 1343,2486 1345,2486 1345,2484 1350,2481 1359,2472 1410,2479 1447,2484 1449,2484 1451,2484 1470,2479 1485,2474 1642,2474 1644,2448 1641,2402 1535,2389 1533,2389 1531,2389 1502,2402 1499,2404 1340,2404 1336,2402 1324,2390 1324,2389 1323,2389 1321,2389 1299,2389 1297,2389 1295,2389 1294,2389 1277,2402 1273,2402 1212,2402 1148,2400 1138,2390 1136,2390 1135,2390 1133,2390 885,2400 887,2455"/>
        <Baseline points="887,2455 1644,2448"/>
        <TextEquiv conf="0.9695435399594514">
          <Unicode>S. 464P1708 I. 535 536.</Unicode>
        </TextEquiv>
      </TextLine>
      <TextLine id="eSc_line_02dd18a4" custom="structure {type:default;}">
        <Coords points="490,2532 490,2553 500,2561 502,2561 504,2561 506,2561 577,2549 625,2559 627,2559 702,2549 885,2559 887,2559 888,2559 914,2547 979,2559 981,2559 1054,2549 1206,2558 1208,2558 1210,2558 1212,2558 1230,2544 1230,2527 1227,2493 1029,2479 1027,2479 1025,2479 1024,2479 1005,2491 952,2484 950,2484 948,2484 947,2484 935,2494 933,2496 888,2496 888,2494 878,2486 878,2484 876,2484 875,2484 670,2483 668,2483 577,2496 576,2496 574,2496 500,2483 499,2483 497,2483 495,2483 495,2484 488,2489 490,2532"/>
        <Baseline points="490,2532 1230,2527"/>
        <TextEquiv conf="0.9797887817025185">
          <Unicode>535. (Fost consulatan Pauliai iunioris.)</Unicode>
        </TextEquiv>
      </TextLine>
      <TextLine id="eSc_line_a4f723cd" custom="structure {type:default;}">
        <Coords points="105,2588 105,2636 247,2631 247,2588 247,2559 105,2547 105,2588"/>
        <Baseline points="105,2588 247,2588"/>
        <TextEquiv conf="0.9933907645089286">
          <Unicode>fun. 3.</Unicode>
        </TextEquiv>
      </TextLine>
      <TextLine id="eSc_line_ac77a5b4" custom="structure {type:default;}">
        <Coords points="507,2585 507,2604 695,2616 697,2616 805,2606 883,2616 885,2616 887,2616 931,2604 988,2614 989,2616 1251,2616 1251,2614 1311,2602 1389,2602 1412,2612 1413,2612 1415,2612 1417,2612 1456,2602 1512,2611 1514,2611 1716,2600 1740,2611 1742,2611 1743,2611 1745,2611 1784,2600 1858,2607 1859,2607 2030,2597 2030,2578 2025,2541 1883,2549 1685,2544 1618,2542 1617,2542 1615,2542 1608,2544 1589,2551 1572,2544 1565,2542 1564,2542 1562,2542 1495,2546 1403,2551 1383,2547 1360,2542 1359,2542 1309,2547 1265,2553 1152,2549 962,2544 960,2544 959,2544 933,2553 929,2553 926,2553 890,2544 888,2544 820,2553 808,2556 506,2556 507,2585"/>
        <Baseline points="507,2585 2030,2578"/>
        <TextEquiv conf="0.9967167198657989">
          <Unicode>Consecratur. Etenim Vita lohannis II. p. 200 post hunc vacasse per dies 6 testa-</Unicode>
        </TextEquiv>
      </TextLine>
      <TextLine id="eSc_line_9ab19152" custom="structure {type:default;}">
        <Coords points="550,2629 550,2653 747,2653 748,2626 743,2602 548,2604 550,2629"/>
        <Baseline points="550,2629 748,2626"/>
        <TextEquiv conf="0.9999991178512573">
          <Unicode>tur sedem.</Unicode>
        </TextEquiv>
      </TextLine>
      <TextLine id="eSc_line_c773070e" custom="structure {type:default;}">
        <Coords points="143,2676 140,2710 165,2710 169,2677 169,2650 145,2645 143,2676"/>
        <Baseline points="143,2676 169,2677"/>
        <TextEquiv conf="0.9999994039535522">
          <Unicode>„</Unicode>
        </TextEquiv>
      </TextLine>
      <TextLine id="eSc_line_800a5d31" custom="structure {type:default;}">
        <Coords points="280,2672 280,2686 464,2682 464,2669 461,2623 278,2621 280,2672"/>
        <Baseline points="280,2672 464,2669"/>
        <TextEquiv conf="0.9672044515609741">
          <Unicode>In medio</Unicode>
        </TextEquiv>
      </TextLine>
      <TextLine id="eSc_line_832ad816" custom="structure {type:default;}">
        <Coords points="509,2670 509,2691 2027,2684 2027,2662 2025,2631 2013,2623 2012,2623 2010,2623 1759,2623 1757,2623 1755,2623 1719,2635 1719,2636 1677,2636 1541,2636 1490,2624 1489,2624 1415,2636 1413,2636 1275,2626 1273,2626 1109,2638 1107,2638 952,2629 950,2629 507,2641 509,2670"/>
        <Baseline points="509,2670 2027,2662"/>
        <TextEquiv conf="0.9910763470416374">
          <Unicode>„in ortu episcopatus sui, libellos anathematis, quos invidiae zelo extorserat Bonifatius (II.)</Unicode>
        </TextEquiv>
      </TextLine>
      <TextLine id="eSc_line_fe747bcd" custom="structure {type:default;}">
        <Coords points="290,2708 288,2730 314,2744 316,2744 317,2746 429,2746 429,2744 430,2744 454,2732 456,2712 454,2686 290,2686 290,2708"/>
        <Baseline points="290,2708 456,2712"/>
        <TextEquiv conf="0.9984120262993706">
          <Unicode>ecclesiae</Unicode>
        </TextEquiv>
      </TextLine>
      <TextLine id="eSc_line_68e3439e" custom="structure {type:default;}">
        <Coords points="553,2713 553,2758 615,2759 617,2759 618,2759 623,2758 649,2747 709,2758 728,2759 729,2759 748,2756 805,2747 841,2756 849,2758 851,2758 853,2759 971,2759 971,2758 996,2754 1058,2746 1102,2754 1119,2756 1121,2756 1159,2753 1254,2744 1372,2751 1410,2753 1412,2753 1444,2751 1553,2741 1670,2747 1743,2753 1745,2753 1747,2753 1762,2747 1789,2739 2027,2744 2029,2703 2024,2679 552,2688 553,2713"/>
        <Baseline points="553,2713 2029,2703"/>
        <TextEquiv conf="0.9864054948091507">
          <Unicode>presbpteris et episcopis contra canones adversus Dioscorum (antipapam), in medio</Unicode>
        </TextEquiv>
      </TextLine>
      <TextLine id="eSc_line_13a61138" custom="structure {type:default;}">
        <Coords points="140,2754 140,2795 545,2794 545,2751 540,2729 138,2729 140,2754"/>
        <Baseline points="140,2754 545,2751"/>
        <TextEquiv conf="0.9591141164302825">
          <Unicode>Regesta Pont. Ronian. Ed. sec.</Unicode>
        </TextEquiv>
      </TextLine>
      <TextLine id="eSc_line_5a5821ca" custom="structure {type:default;}">
        <Coords points="1776,2751 1772,2787 1810,2794 1815,2754 1815,2727 1777,2725 1776,2751"/>
        <Baseline points="1776,2751 1815,2754"/>
        <TextEquiv conf="0.9847019910812378">
          <Unicode>1*)</Unicode>
        </TextEquiv>
      </TextLine>
    </TextRegion>
    <TextRegion id="eSc_textblock_fcb0f8d8"  custom="structure {type:default;}">
      <Coords points="1034,129 1576,129 1603,203 478,217 464,196 492,136 1034,129"/>
      <TextLine id="eSc_line_6fed37cc" custom="structure {type:default;}">
        <Coords points="480,160 480,189 478,205 545,220 547,220 685,218 687,218 688,218 704,208 805,208 829,220 830,220 832,220 1136,208 1138,193 1136,155 1088,145 1087,145 485,150 480,160"/>
        <Baseline points="480,189 1138,193"/>
        <TextEquiv conf="0.9895105980060719">
          <Unicode>IOHIANNRS II. (MERCURIt&#x27;S).</Unicode>
        </TextEquiv>
      </TextLine>
      <TextLine id="eSc_line_40a37359" custom="structure {type:default;}">
        <Coords points="1208,193 1208,206 1393,217 1394,217 1519,205 1526,205 1530,205 1565,215 1567,215 1569,215 1571,215 1572,215 1583,206 1583,189 1579,157 1393,146 1391,146 1206,158 1208,193"/>
        <Baseline points="1208,193 1583,189"/>
        <TextEquiv conf="0.9968106031417847">
          <Unicode>S. 4G4117118 I.</Unicode>
        </TextEquiv>
      </TextLine>
    </TextRegion>
    <TextRegion id="eSc_textblock_2533731d"  custom="structure {type:default;}">
      <Coords points="1930,143 2034,150 2041,203 2013,223 1919,217 1930,143"/>
      <TextLine id="eSc_line_6f7c6a0c" custom="structure {type:default;}">
        <Coords points="2008,148 1996,146 1931,158 1924,172 1926,196 1926,213 2013,217 2015,193 2010,148 2008,148"/>
        <Baseline points="1926,196 2015,193"/>
        <TextEquiv conf="1.0">
          <Unicode>113</Unicode>
        </TextEquiv>
      </TextLine>
    </TextRegion>
  </Page>
</PcGts>
