<?xml version="1.0" encoding="UTF-8"  standalone="yes"?>
<PcGts xmlns="http://schema.primaresearch.org/PAGE/gts/pagecontent/2019-07-15" xmlns:xsi="http://www.w3.org/2001/XMLSchema-instance" xsi:schemaLocation="http://schema.primaresearch.org/PAGE/gts/pagecontent/2019-07-15 http://schema.primaresearch.org/PAGE/gts/pagecontent/2019-07-15/pagecontent.xsd">
  <Metadata externalRef="pdf//regestapontificu01cath.pdf">
	<Creator>escriptorium</Creator>
	<Created>2026-02-12T11:37:13.232812+00:00</Created>
        <LastChange>2026-02-13T11:22:33.569634+00:00</LastChange>
  </Metadata>
  <Page imageFilename="regestapontificu01cath.pdf_page_420.png" imageWidth="2353" imageHeight="3055">
    <TextRegion id="eSc_textblock_1c94bed1"  custom="structure {type:default;}">
      <Coords points="293,115 398,122 398,188 278,195 264,135 293,115"/>
      <TextLine id="eSc_line_1291c2bc" custom="structure {type:default;}">
        <Coords points="371,120 354,118 351,117 286,120 290,166 290,193 380,195 381,161 376,120 371,120"/>
        <Baseline points="290,166 381,161"/>
        <TextEquiv conf="0.9192050695419312">
          <Unicode>„80</Unicode>
        </TextEquiv>
      </TextLine>
    </TextRegion>
    <TextRegion id="eSc_textblock_145e29e4"  custom="structure {type:default;}">
      <Coords points="295,217 690,230 692,257 719,230 2264,230 2264,2591 2244,2700 713,2693 704,2408 285,2401 292,1568 251,617 264,237 295,217"/>
      <TextLine id="eSc_line_91e6c613" custom="structure {type:default;}">
        <Coords points="704,242 706,276 706,302 714,308 716,308 718,308 719,308 850,300 896,297 1207,302 1210,271 1207,246 1040,234 1038,234 955,246 954,246 859,234 857,234 803,247 799,247 784,234 782,234 780,234 716,234 704,242"/>
        <Baseline points="706,276 1210,271"/>
        <TextEquiv conf="0.9965006450812022">
          <Unicode>873. (Ind. 6. — 1. Sept. — 7.)</Unicode>
        </TextEquiv>
      </TextLine>
      <TextLine id="eSc_line_af2cf2c4" custom="structure {type:default;}">
        <Coords points="765,324 765,347 2234,344 2235,320 2230,285 2027,290 2013,285 1996,280 1994,280 1993,280 1913,286 1864,290 1853,286 1833,280 1831,280 1830,280 1755,286 1738,288 1723,288 1634,280 1633,280 1572,288 1560,290 1549,288 1500,280 1499,280 1071,291 1057,291 1055,291 999,283 998,283 763,293 765,324"/>
        <Baseline points="765,324 2235,320"/>
        <TextEquiv conf="0.9749251979995858">
          <Unicode>cons in cammmmiunicmaeem renipiunt. daner emendent quae adlmiscerunt. De percussorilauas</Unicode>
        </TextEquiv>
      </TextLine>
      <TextLine id="eSc_line_1e0867cc" custom="structure {type:default;}">
        <Coords points="770,368 770,385 2230,380 2232,363 2229,341 769,337 770,368"/>
        <Baseline points="770,368 2232,363"/>
        <TextEquiv conf="0.9955991325499136">
          <Unicode>vero Lazari monachi vide. ut secundum apostolorum canones a vobis iudicium pro-</Unicode>
        </TextEquiv>
      </TextLine>
      <TextLine id="eSc_line_db2fe253" custom="structure {type:default;}">
        <Coords points="767,409 767,434 892,424 943,424 960,434 962,434 964,434 965,436 1156,436 1156,434 1157,434 1159,434 1174,424 1302,432 1303,432 1305,432 1354,424 1370,432 1371,434 1373,434 1375,434 1376,434 1393,432 1471,424 1728,424 1782,431 1804,434 1806,434 1808,434 1814,431 1830,424 1865,431 1884,434 1886,434 1909,431 1955,424 1989,431 2001,432 2003,432 2013,431 2044,424 2227,429 2230,409 2229,385 767,385 767,409"/>
        <Baseline points="767,409 2230,409"/>
        <TextEquiv conf="0.9905847378075123">
          <Unicode>feratur“. (Fragmenta; cf. Neues Archiv V. 302. 303. 321.) Coll. Brit. loh. VIII.</Unicode>
        </TextEquiv>
      </TextLine>
      <TextLine id="eSc_line_cd8134f8" custom="structure {type:default;}">
        <Coords points="770,453 770,473 2230,470 2232,448 2227,422 769,424 770,453"/>
        <Baseline points="770,453 2232,448"/>
        <TextEquiv conf="0.9998612928958166">
          <Unicode>ep. 20, Miklosich und Racki Starine XII. 213, Dcusdedit Coll. can. I. 195, (Gratiani</Unicode>
        </TextEquiv>
      </TextLine>
      <TextLine id="eSc_line_43ad147a" custom="structure {type:default;}">
        <Coords points="767,493 767,509 2230,507 2232,488 2229,463 765,463 767,493"/>
        <Baseline points="767,493 2232,488"/>
        <TextEquiv conf="0.9897781573695901">
          <Unicode>decr. C. XVI. qu. 3. c. 14, Ivonis decr. VIII. c. 223, Mansi XVII. 264, Migne 126</Unicode>
        </TextEquiv>
      </TextLine>
      <TextLine id="eSc_line_0b65d393" custom="structure {type:default;}">
        <Coords points="769,534 769,561 894,561 894,560 896,560 898,560 909,551 940,560 942,560 943,560 949,560 1044,551 1132,560 1144,560 1145,560 1183,560 1363,553 1385,558 1392,560 1393,560 1395,560 1397,560 1398,560 1400,558 1409,551 1441,558 1451,560 1453,560 1463,558 1499,551 2229,554 2232,534 2230,510 769,510 769,534"/>
        <Baseline points="769,534 2232,534"/>
        <TextEquiv conf="0.9977681563224321">
          <Unicode>p. 654, Wattenbach Beiträge p. 48, Fefér C. D. H. I. 187, Boczek C. D. M. I. 35).</Unicode>
        </TextEquiv>
      </TextLine>
      <TextLine id="eSc_line_1ba55392" custom="structure {type:default;}">
        <Coords points="769,575 769,595 2152,602 2154,602 2156,602 2178,592 2178,571 2173,549 767,551 769,575"/>
        <Baseline points="769,575 2178,571"/>
        <TextEquiv conf="0.9817742617925008">
          <Unicode>— „Ipse nosti“ („Nam non solum“ „Si („Porro si] de annorum“ „Praevide ut“).</Unicode>
        </TextEquiv>
      </TextLine>
      <TextLine id="eSc_line_ee387ab5" custom="structure {type:default;}">
        <Coords points="285,627 285,677 475,668 475,627 470,563 460,571 451,563 449,563 449,561 448,561 446,561 444,561 443,561 431,565 404,573 385,568 356,561 354,561 353,561 285,575 285,627"/>
        <Baseline points="285,627 475,627"/>
        <TextEquiv conf="0.9624961018562317">
          <Unicode>„Na 11.</Unicode>
        </TextEquiv>
      </TextLine>
      <TextLine id="eSc_line_31bc918c" custom="structure {type:default;}">
        <Coords points="730,627 730,650 2212,651 2213,651 2215,651 2235,641 2235,622 2232,595 1855,587 1853,587 1818,594 1794,599 1398,599 1370,592 1358,588 1356,588 1354,588 1324,592 1257,599 1239,592 1232,588 1230,588 1229,588 1213,590 1168,602 1016,602 960,590 957,590 955,590 954,590 952,590 933,602 882,602 867,590 865,590 864,590 728,590 730,627"/>
        <Baseline points="730,627 2235,622"/>
        <TextEquiv conf="0.996787635676832">
          <Unicode>2977 Hermerico episcopo (Pataviensi) mandat, ut cum episcopis Paulo (Anconitano) et</Unicode>
        </TextEquiv>
      </TextLine>
      <TextLine id="eSc_line_e030424b" custom="structure {type:default;}">
        <Coords points="772,668 772,690 2229,690 2230,665 2225,641 770,643 772,668"/>
        <Baseline points="772,668 2230,665"/>
        <TextEquiv conf="0.9905069674316206">
          <Unicode>Methodio Romam veniat, et criminum in Methodium commissorum rationem reddat.</Unicode>
        </TextEquiv>
      </TextLine>
      <TextLine id="eSc_line_1e9982df" custom="structure {type:default;}">
        <Coords points="767,711 767,728 2230,726 2232,707 2229,682 765,682 767,711"/>
        <Baseline points="767,711 2232,707"/>
        <TextEquiv conf="0.9999785244464874">
          <Unicode>Interim eum communione privat. Nam ita temeritatem eius saeviisse, ut „Methodium</Unicode>
        </TextEquiv>
      </TextLine>
      <TextLine id="eSc_line_3e929b81" custom="structure {type:default;}">
        <Coords points="767,751 767,777 2230,773 2232,748 2229,728 765,724 767,751"/>
        <Baseline points="767,751 2232,748"/>
        <TextEquiv conf="0.9999078869819641">
          <Unicode>carceralibus penis afficiens et sub divo diutius acerrima hiemis et nimborum im-</Unicode>
        </TextEquiv>
      </TextLine>
      <TextLine id="eSc_line_e25c0b97" custom="structure {type:default;}">
        <Coords points="767,792 767,816 2234,812 2234,792 2234,768 767,768 767,792"/>
        <Baseline points="767,792 2234,792"/>
        <TextEquiv conf="0.9954881428218469">
          <Unicode>manitate castigans atque ab ecclesiae sibi commissae regimine subtrahens“ „in epi-</Unicode>
        </TextEquiv>
      </TextLine>
      <TextLine id="eSc_line_4f4561d2" custom="structure {type:default;}">
        <Coords points="769,835 769,853 2225,855 2229,831 2225,807 767,807 769,835"/>
        <Baseline points="769,835 2229,831"/>
        <TextEquiv conf="0.999873781060598">
          <Unicode>scoporum concilium tractum equino flagello percuteret, nisi prohiberetur ab aliis“.</Unicode>
        </TextEquiv>
      </TextLine>
      <TextLine id="eSc_line_2fa471b3" custom="structure {type:default;}">
        <Coords points="769,879 769,901 1227,901 1235,904 1252,911 1254,911 1256,911 1407,904 1539,899 1622,906 1672,909 1673,909 1675,909 1689,906 1714,899 1836,906 1862,908 1864,908 1870,908 1913,897 1940,908 1942,908 1943,908 1945,909 2232,909 2234,874 2229,852 767,855 769,879"/>
        <Baseline points="769,879 2234,874"/>
        <TextEquiv conf="0.9902687044028776">
          <Unicode>(Epistola est per Paulum transmissa.) Coll. Brit. lohi. VIII. ep. 21, Miklosich und</Unicode>
        </TextEquiv>
      </TextLine>
      <TextLine id="eSc_line_d38d39b5" custom="structure {type:default;}">
        <Coords points="767,921 767,940 1510,943 1512,943 1514,943 1549,933 1549,916 1544,892 765,892 767,921"/>
        <Baseline points="767,921 1549,916"/>
        <TextEquiv conf="0.9952312460759791">
          <Unicode>Racki Starine XII. 214. — „Ad deflendam“.</Unicode>
        </TextEquiv>
      </TextLine>
      <TextLine id="eSc_line_f8d9185d" custom="structure {type:default;}">
        <Coords points="728,967 728,994 1054,989 1164,992 1285,997 1286,997 1390,992 1453,989 1534,991 1719,997 1721,997 1908,989 1938,989 1954,989 2050,997 2052,997 2054,997 2055,997 2069,989 2071,989 2234,989 2234,967 2234,941 2042,930 2040,930 1392,940 1378,931 1376,931 1375,931 1217,930 1215,930 996,940 745,930 743,930 741,930 740,930 728,936 728,967"/>
        <Baseline points="728,967 2234,967"/>
        <TextEquiv conf="0.9972945024937759">
          <Unicode>2978 * Methodio, ecclesiae Pannoniensis archiepiscopo, per Paulum Anconitanum le-</Unicode>
        </TextEquiv>
      </TextLine>
      <TextLine id="eSc_line_f23a8bd0" custom="structure {type:default;}">
        <Coords points="769,1013 769,1031 2234,1031 2235,1009 2230,984 767,984 769,1013"/>
        <Baseline points="769,1013 2235,1009"/>
        <TextEquiv conf="0.9942395687103271">
          <Unicode>gatum suum litteris directis interdicit, ne in Sclavina lingua missarum sollemnia</Unicode>
        </TextEquiv>
      </TextLine>
      <TextLine id="eSc_line_fff6b927" custom="structure {type:default;}">
        <Coords points="767,1053 767,1070 1434,1079 1436,1079 1492,1070 1497,1070 2234,1070 2235,1050 2232,1026 816,1020 814,1020 765,1028 767,1053"/>
        <Baseline points="767,1053 2235,1050"/>
        <TextEquiv conf="0.9997607511143352">
          <Unicode>celebret. Vide infra reg. 3268, Boczele C. D. M. I. 37, Ginzel Gesch. d. Slavenapostel</Unicode>
        </TextEquiv>
      </TextLine>
      <TextLine id="eSc_line_09c58cc6" custom="structure {type:default;}">
        <Coords points="769,1096 769,1120 1257,1113 1263,1113 1308,1121 1310,1121 1312,1121 1347,1111 1347,1093 1344,1070 1062,1062 1061,1062 1059,1062 1057,1062 1057,1064 1049,1070 828,1064 826,1064 767,1072 769,1096"/>
        <Baseline points="769,1096 1347,1093"/>
        <TextEquiv conf="0.9849679935723543">
          <Unicode>p. 61, Dümmler Ostfr. R. I. 819.</Unicode>
        </TextEquiv>
      </TextLine>
      <TextLine id="eSc_line_45994d1e" custom="structure {type:default;}">
        <Coords points="302,1149 302,1198 365,1198 383,1208 397,1216 398,1216 400,1216 402,1218 451,1218 451,1145 444,1094 407,1108 380,1103 370,1101 368,1101 300,1113 302,1149"/>
        <Baseline points="302,1149 451,1145"/>
        <TextEquiv conf="0.8940485460417611">
          <Unicode>„ Sept.</Unicode>
        </TextEquiv>
      </TextLine>
      <TextLine id="eSc_line_2ef45893" custom="structure {type:default;}">
        <Coords points="726,1145 726,1164 831,1164 836,1165 860,1174 862,1174 864,1176 994,1176 994,1174 996,1174 998,1174 1010,1165 1011,1164 1015,1165 1032,1174 1033,1174 1035,1174 1037,1174 1055,1165 1061,1164 1072,1165 1113,1174 1115,1174 1174,1165 1196,1164 1280,1164 1286,1167 1297,1174 1298,1174 1300,1174 1302,1176 1449,1176 1449,1174 1451,1174 1470,1167 1482,1164 1622,1164 1628,1167 1636,1174 1638,1174 1639,1174 1641,1174 1690,1167 1724,1164 1735,1169 1746,1174 1748,1174 1750,1174 1777,1169 1799,1164 1935,1164 1943,1169 1950,1174 1952,1174 1954,1174 1955,1174 2020,1169 2089,1164 2234,1169 2235,1145 2235,1116 2117,1109 2115,1109 2113,1109 2111,1109 2103,1115 2093,1121 2079,1115 2067,1109 2066,1109 1996,1109 1994,1109 1969,1115 1931,1123 1782,1123 1762,1113 1757,1111 1755,1111 1753,1111 1752,1111 1743,1113 1714,1123 1346,1123 1325,1113 1324,1113 1322,1113 1320,1113 1302,1123 1193,1123 1166,1111 1162,1109 1161,1109 1052,1109 1050,1109 1049,1109 1047,1109 1020,1123 882,1123 859,1109 857,1109 855,1109 853,1109 826,1118 814,1109 813,1109 811,1109 726,1109 726,1145"/>
        <Baseline points="726,1145 2235,1145"/>
        <TextEquiv conf="0.99334710526776">
          <Unicode>2079 Annonem (Frisingensem episcopum), ut criminum sine mora rationem reddat,</Unicode>
        </TextEquiv>
      </TextLine>
      <TextLine id="eSc_line_a671a5e2" custom="structure {type:default;}">
        <Coords points="769,1188 769,1206 1164,1215 1166,1215 1208,1206 1210,1206 1254,1215 1256,1215 1461,1206 1492,1215 1493,1215 1495,1215 1587,1205 1597,1205 1628,1205 1879,1213 1881,1213 2127,1205 2205,1213 2206,1213 2208,1213 2234,1203 2234,1184 2229,1159 767,1160 769,1188"/>
        <Baseline points="769,1188 2234,1184"/>
        <TextEquiv conf="0.9900460499856207">
          <Unicode>Romam vocat. Alioquin post mensem Septembrium eum communione privat. Op-</Unicode>
        </TextEquiv>
      </TextLine>
      <TextLine id="eSc_line_a28abe00" custom="structure {type:default;}">
        <Coords points="770,1228 770,1250 2232,1245 2234,1228 2232,1205 770,1205 770,1228"/>
        <Baseline points="770,1228 2234,1228"/>
        <TextEquiv conf="0.9946257649433046">
          <Unicode>probrio dat ei, quod vices apostolicas et quasi patriarcha de archiepiscopo iudicium</Unicode>
        </TextEquiv>
      </TextLine>
      <TextLine id="eSc_line_e9aa011f" custom="structure {type:default;}">
        <Coords points="772,1269 772,1288 1305,1288 1356,1296 1358,1298 1536,1298 1536,1296 1538,1296 1539,1296 1551,1288 1590,1296 1592,1298 1699,1298 1699,1296 1701,1296 1719,1288 1750,1296 1752,1296 1753,1296 1921,1288 2212,1296 2213,1296 2215,1296 2234,1286 2234,1269 2232,1249 772,1249 772,1269"/>
        <Baseline points="772,1269 2234,1269"/>
        <TextEquiv conf="0.9980608610118308">
          <Unicode>sibi vindicavcrit et Methodio archiepiscopo, legatione apostolicae sedis ad gentes</Unicode>
        </TextEquiv>
      </TextLine>
      <TextLine id="eSc_line_dcf4e69e" custom="structure {type:default;}">
        <Coords points="769,1313 769,1334 2232,1332 2234,1310 2229,1288 767,1289 769,1313"/>
        <Baseline points="769,1313 2234,1310"/>
        <TextEquiv conf="0.9993315500371597">
          <Unicode>fungenti, Romanae sedis iudicium non permiserit, scd a divino ministerio separans eum</Unicode>
        </TextEquiv>
      </TextLine>
      <TextLine id="eSc_line_b298a215" custom="structure {type:default;}">
        <Coords points="769,1356 769,1374 2232,1367 2234,1349 2229,1327 767,1327 769,1356"/>
        <Baseline points="769,1356 2234,1349"/>
        <TextEquiv conf="0.9968283595862212">
          <Unicode>carceri mancipaverit. Additque: „Insuper et cum proprium S. Petri hominem esse te</Unicode>
        </TextEquiv>
      </TextLine>
      <TextLine id="eSc_line_2ab49a4e" custom="structure {type:default;}">
        <Coords points="767,1396 767,1413 2234,1413 2234,1396 2234,1374 767,1374 767,1396"/>
        <Baseline points="767,1396 2234,1396"/>
        <TextEquiv conf="0.9957301583182946">
          <Unicode>diceres, ut patrimonii in Germania siti curam gereres, istius fratris et coepiscopi, quin</Unicode>
        </TextEquiv>
      </TextLine>
      <TextLine id="eSc_line_ff71414a" custom="structure {type:default;}">
        <Coords points="770,1439 770,1461 2232,1463 2235,1435 2232,1415 769,1415 770,1439"/>
        <Baseline points="770,1439 2235,1435"/>
        <TextEquiv conf="0.9924710298456797">
          <Unicode>potius et missi nostri, de quo nobis maior cura debebatur, vincula et insecutiones</Unicode>
        </TextEquiv>
      </TextLine>
      <TextLine id="eSc_line_70219327" custom="structure {type:default;}">
        <Coords points="770,1479 770,1498 2235,1496 2235,1479 2234,1451 770,1452 770,1479"/>
        <Baseline points="770,1479 2235,1479"/>
        <TextEquiv conf="0.9991899438393421">
          <Unicode>non solum ut fidelis minime nunciasti, sed Romae cum super eo interrogareris a</Unicode>
        </TextEquiv>
      </TextLine>
      <TextLine id="eSc_line_550104bd" custom="structure {type:default;}">
        <Coords points="770,1522 770,1537 2237,1534 2237,1519 2235,1498 2217,1488 2215,1488 2213,1488 2071,1496 2045,1488 2044,1488 1787,1488 1785,1488 1784,1488 1762,1498 769,1498 770,1522"/>
        <Baseline points="770,1522 2237,1519"/>
        <TextEquiv conf="0.992529225491342">
          <Unicode>nostris, te illum nosse mentiendo negasti, cum cunctarum affiictionum sibi a vestra-</Unicode>
        </TextEquiv>
      </TextLine>
      <TextLine id="eSc_line_f6443c7d" custom="structure {type:default;}">
        <Coords points="767,1564 767,1581 930,1591 932,1591 1040,1583 1066,1591 1067,1591 1069,1593 1276,1593 1276,1591 1278,1591 1280,1591 1291,1583 1314,1591 1315,1591 1317,1591 1668,1583 1697,1591 1699,1591 1701,1591 2011,1583 2212,1591 2213,1591 2215,1591 2234,1581 2234,1564 2234,1542 767,1542 767,1564"/>
        <Baseline points="767,1564 2234,1564"/>
        <TextEquiv conf="0.9960654232391092">
          <Unicode>tibus illatarum, ipse incentor, ipse instigator, immo ipse fueris auctor“. Coll. Brit.</Unicode>
        </TextEquiv>
      </TextLine>
      <TextLine id="eSc_line_1c44d814" custom="structure {type:default;}">
        <Coords points="769,1607 769,1624 1162,1632 1164,1632 1302,1622 1319,1622 1342,1622 1544,1631 1546,1631 1548,1631 1577,1622 1633,1631 1634,1631 1636,1631 1658,1620 1660,1620 1667,1620 1721,1629 1723,1629 1724,1629 1746,1620 1750,1620 1757,1620 1825,1629 1826,1631 2040,1631 2040,1629 2042,1629 2081,1619 2081,1602 2076,1578 767,1581 769,1607"/>
        <Baseline points="769,1607 2081,1602"/>
        <TextEquiv conf="0.9976872426189788">
          <Unicode>loh. VIII. ep. 22, Miklosich und Racki Starine XII. 215. — „Audacia tua“.</Unicode>
        </TextEquiv>
      </TextLine>
      <TextLine id="eSc_line_1f577dec" custom="structure {type:default;}">
        <Coords points="358,1670 361,1698 388,1690 387,1666 378,1603 349,1603 358,1670"/>
        <Baseline points="358,1670 387,1666"/>
        <TextEquiv conf="0.9999891519546509">
          <Unicode>„</Unicode>
        </TextEquiv>
      </TextLine>
      <TextLine id="eSc_line_21753a8f" custom="structure {type:default;}">
        <Coords points="728,1651 726,1671 2232,1675 2235,1654 2234,1627 728,1622 728,1651"/>
        <Baseline points="728,1651 2235,1654"/>
        <TextEquiv conf="0.9880493685603142">
          <Unicode>2980 (2243) Annoni, episcopo Frisingensi, mandat, ut collectum ecclesiae Romanae</Unicode>
        </TextEquiv>
      </TextLine>
      <TextLine id="eSc_line_50525ea9" custom="structure {type:default;}">
        <Coords points="770,1698 770,1719 2234,1712 2235,1695 2232,1670 769,1670 770,1698"/>
        <Baseline points="770,1698 2235,1695"/>
        <TextEquiv conf="0.9995309545333126">
          <Unicode>reditum m. Septembri „futurae VII. indictionis“ sibi mittat. Ludovicum (Germanicum)</Unicode>
        </TextEquiv>
      </TextLine>
      <TextLine id="eSc_line_ae33a5b5" custom="structure {type:default;}">
        <Coords points="769,1741 769,1766 962,1760 974,1766 977,1770 979,1770 981,1770 982,1771 1081,1771 1081,1770 1098,1766 1128,1760 1164,1766 1184,1770 1186,1770 1224,1766 1298,1758 1337,1766 1351,1768 1353,1768 1366,1766 1405,1758 1456,1758 1468,1766 1471,1768 1473,1768 1475,1768 1476,1770 1522,1770 1522,1768 1524,1768 1526,1768 1529,1765 1539,1758 1566,1765 1578,1768 1580,1768 1582,1768 1599,1765 1638,1758 1750,1765 1782,1766 1784,1766 1785,1766 1787,1766 1789,1765 1806,1756 2232,1763 2235,1736 2230,1709 767,1717 769,1741"/>
        <Baseline points="769,1741 2235,1736"/>
        <TextEquiv conf="0.9903934837841406">
          <Unicode>regem, et episcopos comitesque Italici regni nuperrime per litteras admonitos a se</Unicode>
        </TextEquiv>
      </TextLine>
      <TextLine id="eSc_line_2575f99d" custom="structure {type:default;}">
        <Coords points="772,1782 772,1804 2234,1799 2235,1778 2230,1756 770,1756 772,1782"/>
        <Baseline points="772,1782 2235,1778"/>
        <TextEquiv conf="0.994419891258766">
          <Unicode>esse scribit, ut „reditus sibi deferri salvos faciant“. Hacc addit: „Precamur, ut opti-</Unicode>
        </TextEquiv>
      </TextLine>
      <TextLine id="eSc_line_c161b2ad" custom="structure {type:default;}">
        <Coords points="770,1824 770,1841 2232,1838 2234,1821 2229,1795 769,1797 770,1824"/>
        <Baseline points="770,1824 2234,1821"/>
        <TextEquiv conf="0.9994756036844009">
          <Unicode>mum organum cum artifice, qui hoc modcrari et facere ad omnem modulationis ef-</Unicode>
        </TextEquiv>
      </TextLine>
      <TextLine id="eSc_line_2594f465" custom="structure {type:default;}">
        <Coords points="769,1865 769,1882 2232,1889 2234,1865 2232,1841 769,1841 769,1865"/>
        <Baseline points="769,1865 2234,1865"/>
        <TextEquiv conf="0.9996206441590952">
          <Unicode>ficaciam possit, ad instructionem musicae disciplinae nobis deferas aut mittas“. Deus-</Unicode>
        </TextEquiv>
      </TextLine>
      <TextLine id="eSc_line_4ba66e12" custom="structure {type:default;}">
        <Coords points="770,1907 770,1926 2232,1931 2235,1904 2232,1877 789,1875 787,1875 786,1875 769,1882 770,1907"/>
        <Baseline points="770,1907 2235,1904"/>
        <TextEquiv conf="0.9938834157254961">
          <Unicode>dedit Coll. can. III. c. 123, (Coll. Brit. loh. VIII. ep. 23), Baluzii Misc. I. 402, Mansi</Unicode>
        </TextEquiv>
      </TextLine>
      <TextLine id="eSc_line_f2b3f3b5" custom="structure {type:default;}">
        <Coords points="774,1951 774,1965 1038,1975 1040,1975 1095,1965 1100,1965 1106,1965 1196,1975 1198,1975 1200,1975 1220,1965 1222,1965 1373,1965 1375,1965 1385,1973 1387,1973 1388,1973 1390,1973 1548,1965 1578,1963 1634,1965 1977,1973 1979,1973 1981,1973 2001,1963 2001,1948 1998,1924 1424,1914 1422,1914 1420,1914 1383,1924 984,1916 982,1916 981,1916 979,1916 969,1926 879,1926 869,1916 867,1916 865,1916 782,1916 780,1916 779,1916 777,1916 777,1917 772,1921 774,1951"/>
        <Baseline points="774,1951 2001,1948"/>
        <TextEquiv conf="0.9910204220901836">
          <Unicode>XVII. 215, Migne 126 p. 651. — „Efficaciam tuae“ („Precamur, ut“).</Unicode>
        </TextEquiv>
      </TextLine>
      <TextLine id="eSc_line_a469e6cb" custom="structure {type:default;}">
        <Coords points="483,1999 483,2023 954,2023 957,2023 989,2031 991,2031 993,2031 1064,2023 1069,2023 1101,2023 1628,2029 1629,2029 1729,2021 1757,2019 1774,2021 1821,2028 1823,2028 2234,2019 2235,1994 2230,1958 2169,1970 2066,1970 2021,1958 2010,1955 2008,1955 2006,1955 2004,1955 1998,1958 1971,1970 1908,1963 1906,1963 1468,1972 1378,1961 1376,1961 1336,1970 1257,1961 1256,1961 1040,1972 950,1963 949,1963 899,1972 716,1958 714,1958 604,1967 590,1958 589,1958 587,1958 482,1958 483,1999"/>
        <Baseline points="483,1999 2235,1994"/>
        <TextEquiv conf="0.9958015545721977">
          <Unicode>In Campania L.udovico II. imperatori Adalgisum, ducem Beneventanum, reconciliat. Hinemari An-</Unicode>
        </TextEquiv>
      </TextLine>
      <TextLine id="eSc_line_622c7a8f" custom="structure {type:default;}">
        <Coords points="772,2041 772,2057 1096,2060 1100,2038 1096,2012 823,2007 821,2007 770,2016 772,2041"/>
        <Baseline points="772,2041 1100,2038"/>
        <TextEquiv conf="0.9999435193398419">
          <Unicode>nales 873 p. 496.</Unicode>
        </TextEquiv>
      </TextLine>
      <TextLine id="eSc_line_6216e094" custom="structure {type:default;}">
        <Coords points="731,2082 731,2111 1081,2104 1134,2107 1186,2113 1188,2113 1190,2113 1191,2113 1198,2107 1205,2104 1286,2104 1320,2107 1383,2113 1385,2113 1449,2106 1483,2102 1488,2106 1497,2111 1499,2111 1500,2111 1502,2111 1568,2104 1595,2102 1611,2104 1653,2111 1655,2111 1656,2111 1679,2104 1684,2102 1697,2104 1757,2111 1758,2113 1899,2113 1899,2111 1901,2111 1903,2111 1914,2102 1962,2111 1964,2111 2032,2102 2054,2111 2055,2111 2057,2113 2217,2113 2217,2111 2218,2111 2220,2111 2237,2101 2237,2079 2234,2053 730,2050 731,2082"/>
        <Baseline points="731,2082 2237,2079"/>
        <TextEquiv conf="0.9998959187756885">
          <Unicode>2981 Ludovico (II.) imperatori nuntiat, se iam per tres vices Bertari abbati (Casinensi)</Unicode>
        </TextEquiv>
      </TextLine>
      <TextLine id="eSc_line_06439049" custom="structure {type:default;}">
        <Coords points="774,2124 774,2148 2234,2146 2235,2119 2230,2099 772,2099 774,2124"/>
        <Baseline points="774,2124 2235,2119"/>
        <TextEquiv conf="0.9999987681706747">
          <Unicode>epistolas misisse, ut Adelpertum monachum imperatori commendatum honori suo</Unicode>
        </TextEquiv>
      </TextLine>
      <TextLine id="eSc_line_0edc2aed" custom="structure {type:default;}">
        <Coords points="774,2167 774,2184 2234,2182 2235,2162 2232,2138 772,2138 774,2167"/>
        <Baseline points="774,2167 2235,2162"/>
        <TextEquiv conf="0.995639011075225">
          <Unicode>reddat. Eundem autem multis contumeliis ab abbate affectum esse qucritur. „Qua-</Unicode>
        </TextEquiv>
      </TextLine>
      <TextLine id="eSc_line_47f92973" custom="structure {type:default;}">
        <Coords points="774,2211 775,2236 809,2228 845,2236 848,2236 850,2236 853,2236 892,2228 945,2236 954,2236 955,2236 967,2236 1033,2228 1147,2235 1164,2235 1166,2235 1168,2235 1169,2235 1183,2226 1230,2235 1241,2235 1242,2235 1286,2233 1502,2225 1519,2231 1522,2233 1524,2233 1526,2233 1527,2233 1531,2231 1546,2225 1670,2225 1684,2231 1689,2233 1690,2233 1692,2233 1745,2230 1875,2223 2229,2226 2232,2204 2227,2182 772,2187 774,2211"/>
        <Baseline points="774,2211 2232,2204"/>
        <TextEquiv conf="0.9976920382476148">
          <Unicode>propter“ inquit „animadvertat gloria vestra, si sic superbus et contumax est, dum</Unicode>
        </TextEquiv>
      </TextLine>
      <TextLine id="eSc_line_88743564" custom="structure {type:default;}">
        <Coords points="774,2252 774,2274 2232,2267 2234,2245 2229,2223 772,2225 774,2252"/>
        <Baseline points="774,2252 2234,2245"/>
        <TextEquiv conf="0.9944284662604332">
          <Unicode>adhuc super eos estis, putas quales erunt post vestrum discessum“. Ut Adelpertum</Unicode>
        </TextEquiv>
      </TextLine>
      <TextLine id="eSc_line_8d05f697" custom="structure {type:default;}">
        <Coords points="774,2292 774,2313 2234,2309 2235,2292 2234,2265 774,2262 774,2292"/>
        <Baseline points="774,2292 2235,2292"/>
        <TextEquiv conf="0.9932680951385964">
          <Unicode>adiuvet, petit. Se excommunicaturum esse abbatem, nisi obediat, addit. Coll. Brit.</Unicode>
        </TextEquiv>
      </TextLine>
      <TextLine id="eSc_line_6e01fc1e" custom="structure {type:default;}">
        <Coords points="774,2333 774,2347 786,2355 787,2355 789,2355 791,2355 852,2347 937,2355 938,2355 940,2355 957,2347 981,2359 982,2359 984,2359 986,2359 1020,2347 1037,2355 1038,2355 1040,2355 1154,2347 1166,2357 1166,2359 1168,2359 1169,2359 1171,2359 1308,2355 1310,2355 1312,2355 1312,2354 1320,2347 1385,2359 1387,2359 1388,2359 1410,2347 1427,2355 1429,2355 1431,2355 1488,2345 1488,2333 1488,2311 791,2301 789,2301 787,2301 786,2301 774,2308 774,2333"/>
        <Baseline points="774,2333 1488,2333"/>
        <TextEquiv conf="0.9930582517071774">
          <Unicode>loh. VIII. ep. 24. — „Quidam sane se“.</Unicode>
        </TextEquiv>
      </TextLine>
      <TextLine id="eSc_line_b9e050b4" custom="structure {type:default;}">
        <Coords points="735,2369 735,2399 2235,2399 2237,2372 2237,2348 2201,2338 2200,2338 2198,2338 2113,2347 1996,2338 1994,2338 1993,2338 1957,2347 1948,2348 1937,2347 1886,2340 1884,2340 1667,2347 1585,2348 1536,2347 1427,2340 1426,2340 735,2343 735,2369"/>
        <Baseline points="735,2369 2237,2372"/>
        <TextEquiv conf="0.9875454694391733">
          <Unicode>2982 Bertulfo archiepiscopo (Trevirensi), quem contra interdictum apostolicae sedis</Unicode>
        </TextEquiv>
      </TextLine>
      <TextLine id="eSc_line_54636b2c" custom="structure {type:default;}">
        <Coords points="777,2418 777,2438 2235,2437 2237,2413 2232,2387 775,2387 777,2418"/>
        <Baseline points="777,2418 2237,2413"/>
        <TextEquiv conf="0.99699225267732">
          <Unicode>promotum, doncc Romae ostenderit, se esse canonice consecratum, non inter episcopos</Unicode>
        </TextEquiv>
      </TextLine>
      <TextLine id="eSc_line_4728efb9" custom="structure {type:default;}">
        <Coords points="777,2460 777,2479 2235,2474 2237,2455 2232,2430 2006,2430 2004,2430 1974,2421 1972,2421 1971,2421 1969,2421 1935,2430 1933,2430 1930,2430 1750,2423 1748,2423 1517,2432 1419,2423 1417,2423 1358,2432 1330,2423 1329,2423 1327,2423 1241,2433 1237,2433 1230,2433 967,2425 965,2425 916,2433 818,2425 816,2425 814,2425 775,2435 777,2460"/>
        <Baseline points="777,2460 2237,2455"/>
        <TextEquiv conf="0.9955968461840986">
          <Unicode>primum haberi voluit, impcratoris cotidianis precibus commotus, mandat, ut aut ipsc</Unicode>
        </TextEquiv>
      </TextLine>
      <TextLine id="eSc_line_312236b3" custom="structure {type:default;}">
        <Coords points="775,2501 775,2527 2234,2522 2235,2496 2230,2474 774,2474 775,2501"/>
        <Baseline points="775,2501 2235,2496"/>
        <TextEquiv conf="0.9950513846990539">
          <Unicode>Romam veniat, aut per legatos promotionis et fidei rationem reddat et pallium quod</Unicode>
        </TextEquiv>
      </TextLine>
      <TextLine id="eSc_line_e644a162" custom="structure {type:default;}">
        <Coords points="775,2542 775,2569 2232,2557 2234,2533 2229,2511 774,2520 775,2542"/>
        <Baseline points="775,2542 2234,2533"/>
        <TextEquiv conf="0.9976801346330082">
          <Unicode>postulaverat percipiat. Se legatos eius „per totum Octobrem futurae VII. indictionis“</Unicode>
        </TextEquiv>
      </TextLine>
      <TextLine id="eSc_line_8991420d" custom="structure {type:default;}">
        <Coords points="774,2583 774,2600 821,2613 823,2613 825,2613 1008,2600 1023,2600 1057,2600 1490,2613 1492,2613 1493,2613 1495,2613 1512,2600 1516,2598 1561,2600 1741,2606 1743,2606 1797,2600 1809,2598 1816,2600 1857,2608 1858,2608 1860,2608 1891,2600 1894,2598 1896,2600 1913,2612 1914,2612 1916,2612 1918,2612 2013,2598 2023,2598 2032,2598 2096,2612 2098,2613 2193,2613 2193,2612 2195,2612 2235,2598 2235,2579 2232,2557 818,2550 816,2550 772,2559 774,2583"/>
        <Baseline points="774,2583 2235,2579"/>
        <TextEquiv conf="0.9954704858362675">
          <Unicode>cxepectaturum esse addit. (Fragmentum.) Coll. Brit. loh. VIII. ep. 25. — „Cogno-</Unicode>
        </TextEquiv>
      </TextLine>
      <TextLine id="eSc_line_732500af" custom="structure {type:default;}">
        <Coords points="772,2625 772,2644 1110,2652 1111,2652 1171,2640 1173,2622 1166,2591 1134,2600 1023,2595 969,2593 967,2593 770,2601 772,2625"/>
        <Baseline points="772,2625 1173,2622"/>
        <TextEquiv conf="0.9999997764825821">
          <Unicode>scentes religiositatem“.</Unicode>
        </TextEquiv>
      </TextLine>
      <TextLine id="eSc_line_08b75cde" custom="structure {type:default;}">
        <Coords points="733,2661 731,2712 1095,2715 1096,2715 1120,2710 1161,2700 1186,2710 1196,2713 1198,2713 1200,2713 1224,2710 1264,2701 1344,2701 1359,2708 1370,2713 1371,2713 1373,2713 1476,2708 1580,2701 1599,2707 1633,2717 1634,2717 1636,2717 1940,2705 1945,2705 1947,2705 2013,2715 2015,2715 2016,2715 2052,2703 2055,2703 2062,2703 2132,2713 2133,2713 2235,2701 2237,2666 2234,2635 780,2637 733,2627 733,2661"/>
        <Baseline points="733,2661 2237,2666"/>
        <TextEquiv conf="0.9774623868011293">
          <Unicode>2983 Principes Sardiniae adhortatur, ut captivos aliquos Graccorum studiis a paganis</Unicode>
        </TextEquiv>
      </TextLine>
    </TextRegion>
    <TextRegion id="eSc_textblock_d7f589a5"  custom="structure {type:default;}">
      <Coords points="1062,108 1585,115 1599,181 930,181 930,122 1062,108"/>
      <TextLine id="eSc_line_d798cf1f" custom="structure {type:default;}">
        <Coords points="947,166 947,195 1174,196 1176,196 1178,196 1183,195 1198,186 1220,195 1229,196 1230,196 1232,196 1254,195 1307,186 1356,193 1380,196 1381,196 1383,196 1385,196 1390,193 1402,186 1443,193 1466,196 1468,196 1577,191 1577,166 1577,120 947,120 947,166"/>
        <Baseline points="947,166 1577,166"/>
        <TextEquiv conf="0.9941585262616476">
          <Unicode>IOHANNES VIII. 872— 882.</Unicode>
        </TextEquiv>
      </TextLine>
    </TextRegion>
  </Page>
</PcGts>
