<?xml version="1.0" encoding="UTF-8"  standalone="yes"?>
<PcGts xmlns="http://schema.primaresearch.org/PAGE/gts/pagecontent/2019-07-15" xmlns:xsi="http://www.w3.org/2001/XMLSchema-instance" xsi:schemaLocation="http://schema.primaresearch.org/PAGE/gts/pagecontent/2019-07-15 http://schema.primaresearch.org/PAGE/gts/pagecontent/2019-07-15/pagecontent.xsd">
  <Metadata externalRef="pdf//regestapontificu01cath.pdf">
	<Creator>escriptorium</Creator>
	<Created>2026-02-12T11:23:39.635985+00:00</Created>
        <LastChange>2026-02-13T10:11:17.698085+00:00</LastChange>
  </Metadata>
  <Page imageFilename="regestapontificu01cath.pdf_page_87.png" imageWidth="2260" imageHeight="3076">
    <TextRegion id="eSc_textblock_81bd7f69"  custom="structure {type:default;}">
      <Coords points="531,232 2027,246 2013,2725 485,2732 410,2643 458,2588 451,2447 430,2493 422,2418 328,2404 287,2370 430,2295 444,2248 410,2242 444,2233 444,2201 348,2192 278,2151 253,2165 251,2110 230,2173 237,2486 230,2541 210,2542 237,2577 237,2698 88,2664 123,2636 95,2623 102,2597 150,2588 129,2556 177,2547 75,2527 136,2501 82,2500 95,2488 68,2474 95,2460 41,2390 47,2324 88,2295 54,2267 41,2178 34,1496 41,1004 82,989 41,975 41,840 82,804 41,710 82,688 61,649 95,606 75,457 123,333 95,292 116,252 95,246 237,239 278,259 237,314 251,690 259,478 278,540 287,492 341,476 355,321 417,305 362,246 531,232"/>
      <TextLine id="eSc_line_802ebb0d" custom="structure {type:default;}">
        <Coords points="461,285 461,302 615,305 617,281 613,247 538,237 536,237 459,251 461,285"/>
        <Baseline points="461,285 617,281"/>
        <TextEquiv conf="0.9991028308868408">
          <Unicode>c. 415.</Unicode>
        </TextEquiv>
      </TextLine>
      <TextLine id="eSc_line_6a0f0329" custom="structure {type:default;}">
        <Coords points="526,331 524,352 699,363 700,363 800,355 810,355 820,355 921,363 923,363 924,363 926,363 936,357 938,355 955,357 1017,363 1018,363 1186,358 1263,357 1268,360 1277,365 1278,365 1280,365 1282,367 1995,367 1996,336 1995,280 1817,278 1815,278 1813,278 1812,278 1789,292 1718,278 1716,278 1714,278 1665,297 1507,297 1424,280 1307,278 1306,278 1244,288 1196,281 1194,281 1193,281 1162,293 1102,278 1100,278 1099,278 1097,278 1037,293 1008,275 1006,275 1005,275 1003,275 687,283 658,266 656,266 654,266 526,264 526,331"/>
        <Baseline points="526,331 1996,336"/>
        <TextEquiv conf="0.9135215646481212">
          <Unicode>(a. a aerelii diti. t. Sdr. Ginachia r. 1. „ atr. Ceneant „ s4s. Mana ut. auss.</Unicode>
        </TextEquiv>
      </TextLine>
      <TextLine id="eSc_line_6b58bc48" custom="structure {type:default;}">
        <Coords points="523,374 521,398 630,403 632,403 634,403 644,398 653,394 663,398 680,403 682,403 683,403 685,403 697,398 706,393 712,398 719,403 721,403 723,403 724,403 726,403 741,398 753,393 770,396 796,403 798,403 800,403 844,396 870,393 888,396 929,405 931,406 1082,406 1082,405 1128,394 1131,394 1135,394 1188,405 1189,405 1270,393 1271,377 1270,348 523,345 523,374"/>
        <Baseline points="523,374 1271,377"/>
        <TextEquiv conf="0.969389095539">
          <Unicode>Migene 20 p. 510. — „Apustolici favoris“.</Unicode>
        </TextEquiv>
      </TextLine>
      <TextLine id="eSc_line_9c69dac1" custom="structure {type:default;}">
        <Coords points="482,415 482,440 1995,440 1996,420 1995,386 482,381 482,415"/>
        <Baseline points="482,415 1996,420"/>
        <TextEquiv conf="0.9904456860878889">
          <Unicode>306 (103) Alexandtro episrapo (Antiocheno) Sevilit. gratis-imam sibi Lui-t legntiomem</Unicode>
        </TextEquiv>
      </TextLine>
      <TextLine id="eSc_line_7abeef84" custom="structure {type:default;}">
        <Coords points="524,463 524,480 659,480 666,481 697,490 699,490 700,490 750,481 762,480 774,481 817,490 818,490 899,481 924,480 945,481 1001,490 1003,490 1114,483 1167,480 1304,480 1309,483 1319,490 1321,490 1323,490 1324,492 1453,492 1453,490 1454,490 1466,483 1475,480 1540,485 1625,490 1627,490 1995,485 1995,463 1995,439 524,439 524,463"/>
        <Baseline points="524,463 1995,463"/>
        <TextEquiv conf="0.994075407472889">
          <Unicode>ab co missam. Crebras litteras poscit. Voelli et Justelli Bibl. I. 204, Hinschius Ps. Is.</Unicode>
        </TextEquiv>
      </TextLine>
      <TextLine id="eSc_line_b372ea0e" custom="structure {type:default;}">
        <Coords points="521,502 519,522 1991,524 1995,505 1993,480 521,476 521,502"/>
        <Baseline points="521,502 1995,505"/>
        <TextEquiv conf="0.9952953389928311">
          <Unicode>p. 546, Coustant p. 846, Mansi III. 1052, Migne 20 p. 543. — „Quam grata mihi“.</Unicode>
        </TextEquiv>
      </TextLine>
      <TextLine id="eSc_line_4632dc06" custom="structure {type:default;}">
        <Coords points="480,545 480,565 1995,572 1996,545 1996,517 480,516 480,545"/>
        <Baseline points="480,545 1996,545"/>
        <TextEquiv conf="0.9830868847576189">
          <Unicode>307 (101) Acacio. episcopo Berocensi, significnt, si omnes inimicitias in „anctum</Unicode>
        </TextEquiv>
      </TextLine>
      <TextLine id="eSc_line_fbb52a9d" custom="structure {type:default;}">
        <Coords points="524,586 523,611 1993,616 1996,589 1995,563 524,562 524,586"/>
        <Baseline points="524,586 1996,589"/>
        <TextEquiv conf="0.9877925934760194">
          <Unicode>loannem ((&#x27;hrysostomum), mirandum episropum“., deposterit, eum al Alexandro,</Unicode>
        </TextEquiv>
      </TextLine>
      <TextLine id="eSc_line_1f38bb3b" custom="structure {type:default;}">
        <Coords points="523,630 523,651 1998,651 1998,630 1998,608 523,608 523,630"/>
        <Baseline points="523,630 1998,630"/>
        <TextEquiv conf="0.9852455127529982">
          <Unicode>episcopo Antiocheno, „has suae socictatis litteras“ accepturum. Voelli et Justelli</Unicode>
        </TextEquiv>
      </TextLine>
      <TextLine id="eSc_line_b85133e0" custom="structure {type:default;}">
        <Coords points="521,675 523,704 553,692 692,692 731,702 733,702 735,702 736,702 738,702 740,702 757,692 858,698 859,698 926,690 1053,690 1070,698 1070,700 1071,700 1073,700 1075,700 1077,700 1080,698 1106,690 1165,698 1184,700 1186,700 1188,700 1189,700 1193,698 1206,690 1280,697 1300,698 1302,700 1398,700 1398,698 1400,698 1405,697 1420,688 1465,695 1487,698 1489,700 1610,700 1610,698 1612,698 1613,698 1618,693 1629,686 1668,693 1687,697 1689,697 1690,697 1692,697 1695,693 1707,686 1759,693 1793,697 1795,697 1996,690 1998,668 1995,645 519,644 521,675"/>
        <Baseline points="521,675 1998,668"/>
        <TextEquiv conf="0.9937264032480193">
          <Unicode>Bibl. I. 206, Hinschius Ps. Is. p. 548, Coustant p. 847, Mansi III. 1056, Migne 20</Unicode>
        </TextEquiv>
      </TextLine>
      <TextLine id="eSc_line_e744e900" custom="structure {type:default;}">
        <Coords points="521,717 521,734 528,741 528,743 529,743 531,743 533,743 535,743 560,729 562,729 718,729 731,741 731,743 733,743 735,743 736,745 803,745 803,743 914,741 916,741 940,727 952,739 952,741 953,741 955,741 957,743 1046,743 1046,741 1047,741 1049,741 1049,739 1063,727 1088,727 1090,714 1087,692 803,683 801,683 519,693 521,717"/>
        <Baseline points="521,717 1090,714"/>
        <TextEquiv conf="0.9926837625042084">
          <Unicode>p. 543. — „Adgaudere litteris“.</Unicode>
        </TextEquiv>
      </TextLine>
      <TextLine id="eSc_line_ad52e046" custom="structure {type:default;}">
        <Coords points="482,755 480,777 1993,780 1996,760 1995,733 482,727 482,755"/>
        <Baseline points="482,755 1996,760"/>
        <TextEquiv conf="0.9945361499326775">
          <Unicode>308 (105) Maximiano episcopo respondet, ad Atticum, episcopum Constantinopolitanum,</Unicode>
        </TextEquiv>
      </TextLine>
      <TextLine id="eSc_line_de38fea2" custom="structure {type:default;}">
        <Coords points="524,796 523,813 1993,818 1996,801 1995,777 524,770 524,796"/>
        <Baseline points="524,796 1996,801"/>
        <TextEquiv conf="0.9939552684162938">
          <Unicode>se litteras mittendas non censuisse, quod nec pacis studium sibi significasset, neque,</Unicode>
        </TextEquiv>
      </TextLine>
      <TextLine id="eSc_line_177dec79" custom="structure {type:default;}">
        <Coords points="526,844 526,862 788,862 789,862 812,871 813,871 815,871 817,871 842,862 846,862 847,862 887,871 888,871 931,862 935,862 977,862 1499,869 1500,869 1637,868 1639,868 1654,861 1658,859 1661,861 1680,868 1682,868 1683,868 1995,859 1996,839 1991,813 524,815 526,844"/>
        <Baseline points="526,844 1996,839"/>
        <TextEquiv conf="0.9956452797440921">
          <Unicode>ut Alexander, episcopus Antiochenus, de b. loanne (Chrysostomo) satisfecisset. Voelli</Unicode>
        </TextEquiv>
      </TextLine>
      <TextLine id="eSc_line_4b7ffa0e" custom="structure {type:default;}">
        <Coords points="523,883 521,902 1995,904 1998,886 1996,861 523,857 523,883"/>
        <Baseline points="523,883 1998,886"/>
        <TextEquiv conf="0.9933429598808289">
          <Unicode>et Justelli Bibl. I. 204, Hinschius Ps. Is. p. 546, Coustant p. 848, Mansi III. 1051,</Unicode>
        </TextEquiv>
      </TextLine>
      <TextLine id="eSc_line_a2325bad" custom="structure {type:default;}">
        <Coords points="523,927 523,945 1331,945 1331,927 1331,900 1318,893 1316,893 1314,893 1312,893 1273,902 1247,893 1246,893 1244,893 1133,902 1116,902 523,895 523,927"/>
        <Baseline points="523,927 1331,927"/>
        <TextEquiv conf="0.9916774804999189">
          <Unicode>Migne 20 p. 544. — „Miramur, prudentiam“.</Unicode>
        </TextEquiv>
      </TextLine>
      <TextLine id="eSc_line_0d4a1b2c" custom="structure {type:default;}">
        <Coords points="480,965 478,986 1996,991 2000,970 2000,945 480,941 480,965"/>
        <Baseline points="480,965 2000,970"/>
        <TextEquiv conf="0.9995187319988428">
          <Unicode>309 (106) Bonifatio presbytero nunciat, quibus conditionibus pacem fecerit cum Alexan-</Unicode>
        </TextEquiv>
      </TextLine>
      <TextLine id="eSc_line_8301b3d3" custom="structure {type:default;}">
        <Coords points="523,1009 521,1027 1995,1030 1998,1013 1996,987 523,984 523,1009"/>
        <Baseline points="523,1009 1998,1013"/>
        <TextEquiv conf="0.9997209776670505">
          <Unicode>dro, episcopo Antiocheno. Paulum diaconum rem omnem ordine narraturum scribit.</Unicode>
        </TextEquiv>
      </TextLine>
      <TextLine id="eSc_line_21048687" custom="structure {type:default;}">
        <Coords points="526,1054 524,1068 762,1081 764,1081 883,1071 902,1071 962,1073 1172,1080 1174,1080 1224,1074 1249,1073 1266,1074 1307,1083 1309,1085 1415,1085 1415,1083 1417,1083 1418,1083 1427,1076 1432,1074 1441,1076 1461,1083 1463,1083 1465,1085 1605,1085 1605,1083 1606,1083 1615,1078 1624,1074 1668,1080 1694,1081 1695,1081 1697,1081 1699,1081 1700,1080 1709,1073 1723,1080 1731,1083 1733,1083 1735,1085 1805,1085 1805,1083 1841,1081 1938,1073 1995,1081 1998,1057 1996,1032 1948,1021 1947,1021 1894,1030 1871,1021 1870,1021 1868,1021 1800,1030 1796,1030 1793,1030 1747,1021 1745,1021 1743,1021 1711,1030 1706,1030 1661,1030 1386,1021 1384,1021 1314,1028 1285,1030 1266,1028 1220,1020 1218,1020 1217,1020 1196,1027 1191,1028 1186,1027 1162,1020 1160,1020 1159,1020 526,1023 526,1054"/>
        <Baseline points="526,1054 1998,1057"/>
        <TextEquiv conf="0.9939196070899134">
          <Unicode>Voelli et Justelli Bibl. I. 204, Hinschius Pa. Is. p. 546, Coustant p. 849, Mansi III. 1051,</Unicode>
        </TextEquiv>
      </TextLine>
      <TextLine id="eSc_line_f1b70c93" custom="structure {type:default;}">
        <Coords points="521,1098 521,1121 647,1114 665,1119 675,1122 676,1122 678,1122 680,1122 690,1119 702,1114 712,1119 723,1124 724,1124 726,1126 726,1124 728,1124 740,1119 748,1114 782,1117 813,1121 815,1121 865,1115 909,1112 914,1115 921,1122 923,1122 924,1122 926,1124 1046,1124 1046,1122 1047,1122 1073,1112 1080,1110 1085,1112 1099,1119 1100,1119 1278,1121 1280,1121 1282,1121 1318,1109 1318,1093 1314,1071 519,1068 521,1098"/>
        <Baseline points="521,1098 1318,1093"/>
        <TextEquiv conf="0.9944267898071103">
          <Unicode>Migne 20 p. 546. — „Ecclesia Antiochena“.</Unicode>
        </TextEquiv>
      </TextLine>
      <TextLine id="eSc_line_f9c3c744" custom="structure {type:default;}">
        <Coords points="478,1139 478,1160 1998,1160 2000,1136 1995,1105 476,1107 478,1139"/>
        <Baseline points="478,1139 2000,1136"/>
        <TextEquiv conf="0.998026345056646">
          <Unicode>310 (107) Alexandro, episcopo Antiocheno, respondet 1) de ecclesiae cius auctoritate;</Unicode>
        </TextEquiv>
      </TextLine>
      <TextLine id="eSc_line_fac3adf1" custom="structure {type:default;}">
        <Coords points="524,1184 524,1201 1998,1201 2000,1179 1996,1158 523,1156 524,1184"/>
        <Baseline points="524,1184 2000,1179"/>
        <TextEquiv conf="0.9904322502287951">
          <Unicode>2) licet, „divisis imperiali iudicio provinciis“, duae sint metropoles factae, episcopos</Unicode>
        </TextEquiv>
      </TextLine>
      <TextLine id="eSc_line_440a3822" custom="structure {type:default;}">
        <Coords points="523,1223 523,1247 1998,1249 2000,1223 1998,1199 523,1199 523,1223"/>
        <Baseline points="523,1223 2000,1223"/>
        <TextEquiv conf="0.9913800586888819">
          <Unicode>tamen duos metropolitanos non esse creandos; 3) ne Cyprii in ordinandis episcopis</Unicode>
        </TextEquiv>
      </TextLine>
      <TextLine id="eSc_line_2d67c83f" custom="structure {type:default;}">
        <Coords points="524,1267 524,1285 1995,1288 1998,1264 1993,1237 523,1240 524,1267"/>
        <Baseline points="524,1267 1998,1264"/>
        <TextEquiv conf="0.9999979296817055">
          <Unicode>canones Nicaenos negligere pergant; 4) ne Arianorum clerici „cum sacerdotii aut</Unicode>
        </TextEquiv>
      </TextLine>
      <TextLine id="eSc_line_d11d7de3" custom="structure {type:default;}">
        <Coords points="523,1312 523,1338 690,1327 747,1336 760,1338 762,1339 856,1339 856,1338 858,1338 859,1338 863,1334 876,1327 957,1334 1012,1338 1013,1338 1044,1332 1087,1326 1124,1332 1148,1336 1150,1338 1229,1338 1229,1336 1230,1336 1244,1331 1258,1326 1396,1329 1601,1334 1603,1334 1605,1334 1622,1327 1629,1324 1637,1326 1658,1332 1659,1332 1661,1332 1771,1326 1793,1324 1803,1324 1877,1334 1878,1334 1880,1334 1909,1324 1967,1334 1969,1334 1971,1334 1996,1322 1996,1307 1991,1283 521,1286 523,1312"/>
        <Baseline points="523,1312 1996,1307"/>
        <TextEquiv conf="0.9988013197140522">
          <Unicode>ministerii cuiuspiam suscipiantur dignitate“. Voelli et Justelli Bibl. I. 205, Hin-</Unicode>
        </TextEquiv>
      </TextLine>
      <TextLine id="eSc_line_9c76b391" custom="structure {type:default;}">
        <Coords points="523,1351 523,1373 1996,1377 2000,1348 1996,1326 521,1326 523,1351"/>
        <Baseline points="523,1351 2000,1348"/>
        <TextEquiv conf="0.9804377978361105">
          <Unicode>schius Ps. Is. p. 547, Coustant p. 850, Mansi III. 1054, Migne 20 p. 547. — „Et</Unicode>
        </TextEquiv>
      </TextLine>
      <TextLine id="eSc_line_3264d04f" custom="structure {type:default;}">
        <Coords points="521,1394 521,1406 600,1416 601,1416 603,1416 605,1416 618,1406 632,1416 634,1416 635,1416 637,1416 639,1416 663,1404 665,1404 673,1404 736,1414 738,1414 808,1402 810,1391 805,1361 519,1363 521,1394"/>
        <Baseline points="521,1394 810,1391"/>
        <TextEquiv conf="0.9981912930806478">
          <Unicode>onus et honor“.</Unicode>
        </TextEquiv>
      </TextLine>
      <TextLine id="eSc_line_d773009c" custom="structure {type:default;}">
        <Coords points="463,1464 463,1483 1326,1478 1326,1459 1323,1430 1169,1421 1167,1421 916,1432 909,1432 907,1432 842,1423 841,1423 574,1433 565,1426 565,1425 564,1425 562,1425 473,1425 471,1425 470,1425 468,1425 461,1428 463,1464"/>
        <Baseline points="463,1464 1326,1459"/>
        <TextEquiv conf="0.9800921069814804">
          <Unicode>416. (TAcodosio auyusto FII. et Palladio coss.)</Unicode>
        </TextEquiv>
      </TextLine>
      <TextLine id="eSc_line_c66d546c" custom="structure {type:default;}">
        <Coords points="51,1573 152,1584 153,1584 227,1568 229,1517 229,1464 182,1464 169,1450 157,1440 155,1440 153,1440 152,1440 126,1442 97,1445 54,1428 52,1514 51,1573"/>
        <Baseline points="52,1514 229,1517"/>
        <TextEquiv conf="0.8862054347991943">
          <Unicode>„„ „</Unicode>
        </TextEquiv>
      </TextLine>
      <TextLine id="eSc_line_83e2f848" custom="structure {type:default;}">
        <Coords points="478,1522 478,1541 1998,1538 2000,1519 1996,1488 637,1483 635,1483 559,1491 506,1483 504,1483 502,1483 476,1491 478,1522"/>
        <Baseline points="478,1522 2000,1519"/>
        <TextEquiv conf="0.9890865957035738">
          <Unicode>311 (108) Decentio, episcopo Eugubino, respondet, 1) nec pacem ante confecta mysteria</Unicode>
        </TextEquiv>
      </TextLine>
      <TextLine id="eSc_line_fce60fec" custom="structure {type:default;}">
        <Coords points="524,1563 524,1589 1998,1582 2000,1560 1996,1538 523,1538 524,1563"/>
        <Baseline points="524,1563 2000,1560"/>
        <TextEquiv conf="0.999954211275752">
          <Unicode>indicendam; 2) nec largitorum nomina ante preces recitanda esse; 3) consignare in-</Unicode>
        </TextEquiv>
      </TextLine>
      <TextLine id="eSc_line_dc198264" custom="structure {type:default;}">
        <Coords points="524,1606 524,1626 1996,1628 2000,1601 1996,1579 523,1579 524,1606"/>
        <Baseline points="524,1606 2000,1601"/>
        <TextEquiv conf="0.9993979184024305">
          <Unicode>fantes solius episcopi esse; 4) sabbato ieiunium esse servandum; 5) de fermento die</Unicode>
        </TextEquiv>
      </TextLine>
      <TextLine id="eSc_line_0d9a862d" custom="structure {type:default;}">
        <Coords points="524,1647 524,1666 591,1678 593,1678 671,1667 680,1667 690,1667 789,1678 791,1678 907,1669 947,1667 971,1671 1027,1678 1029,1679 1118,1679 1118,1678 1119,1678 1121,1678 1130,1671 1135,1667 1153,1671 1181,1678 1182,1678 1184,1678 1186,1678 1194,1673 1201,1667 1222,1673 1244,1678 1246,1678 1247,1678 1331,1673 1432,1667 1524,1667 1536,1674 1540,1678 1541,1678 1543,1678 1545,1679 1639,1679 1639,1678 1641,1678 1646,1676 1666,1667 1812,1678 1834,1678 1836,1678 1844,1678 1916,1667 1995,1678 1998,1647 1996,1626 524,1625 524,1647"/>
        <Baseline points="524,1647 1998,1647"/>
        <TextEquiv conf="0.9988019825556339">
          <Unicode>dominica ad presbyteros mittendo; 6) energumenos ab episcopo designandos esse;</Unicode>
        </TextEquiv>
      </TextLine>
      <TextLine id="eSc_line_a5f9ff82" custom="structure {type:default;}">
        <Coords points="524,1693 524,1712 1995,1714 1998,1688 1993,1667 523,1669 524,1693"/>
        <Baseline points="524,1693 1998,1688"/>
        <TextEquiv conf="0.9949956797063351">
          <Unicode>7) „poenitentibus quinta feria ante pascha remittendum esse“; 8) de unctione ex-</Unicode>
        </TextEquiv>
      </TextLine>
      <TextLine id="eSc_line_a1548615" custom="structure {type:default;}">
        <Coords points="523,1734 523,1753 1996,1753 1998,1731 1995,1707 521,1703 523,1734"/>
        <Baseline points="523,1734 1998,1731"/>
        <TextEquiv conf="0.9903244943153567">
          <Unicode>trema. Leonis M. Opp. III. 198 (Migne 56 p. 513), Voelli et Justelli Bibl. I. 194,</Unicode>
        </TextEquiv>
      </TextLine>
      <TextLine id="eSc_line_5cc3111b" custom="structure {type:default;}">
        <Coords points="523,1777 523,1796 658,1804 659,1804 776,1797 818,1796 823,1797 834,1806 835,1806 837,1806 839,1806 841,1806 858,1797 865,1796 967,1796 981,1799 1010,1806 1012,1806 1013,1806 1015,1806 1039,1799 1053,1796 1181,1799 1330,1804 1331,1804 1333,1804 1348,1801 1374,1794 1509,1801 1547,1802 1548,1802 1550,1802 1552,1802 1552,1801 1567,1792 1625,1792 1654,1802 1658,1802 1659,1802 1661,1804 1998,1804 2000,1772 1996,1749 521,1748 523,1777"/>
        <Baseline points="523,1777 2000,1772"/>
        <TextEquiv conf="0.9874412587710789">
          <Unicode>Hinschius Ps. Is. p. 527, Coustant p. 855, Mansi III. 1028, La Fuente Hist. eccl. de</Unicode>
        </TextEquiv>
      </TextLine>
      <TextLine id="eSc_line_9f358e72" custom="structure {type:default;}">
        <Coords points="521,1819 521,1840 1446,1835 1446,1819 1446,1794 521,1794 521,1819"/>
        <Baseline points="521,1819 1446,1819"/>
        <TextEquiv conf="0.9913042637766624">
          <Unicode>Espana I. 378, Migne 20 p. 551. — „Si instituta“.</Unicode>
        </TextEquiv>
      </TextLine>
      <TextLine id="eSc_line_8c5b68eb" custom="structure {type:default;}">
        <Coords points="70,1855 71,1929 148,1908 211,1920 213,1855 213,1804 162,1799 160,1799 158,1799 157,1799 157,1801 148,1809 145,1813 70,1814 70,1855"/>
        <Baseline points="70,1855 213,1855"/>
        <TextEquiv conf="0.9037500023841858">
          <Unicode>tan 2.</Unicode>
        </TextEquiv>
      </TextLine>
      <TextLine id="eSc_line_7e0524b1" custom="structure {type:default;}">
        <Coords points="476,1862 476,1879 1998,1876 2000,1859 1995,1828 475,1831 476,1862"/>
        <Baseline points="476,1862 2000,1859"/>
        <TextEquiv conf="0.9953517125940871">
          <Unicode>312 (109) Aurelio (episcopo Carthaginiensi) scribit, quo facilius labefactata ecclesiae</Unicode>
        </TextEquiv>
      </TextLine>
      <TextLine id="eSc_line_3097b302" custom="structure {type:default;}">
        <Coords points="521,1905 521,1920 897,1931 899,1931 900,1931 928,1920 929,1920 962,1931 964,1931 965,1932 1092,1932 1092,1931 1094,1931 1119,1920 1135,1931 1136,1931 1138,1931 1140,1932 1205,1932 1205,1931 1268,1919 1275,1919 1282,1919 1326,1929 1328,1929 1401,1919 1410,1919 1415,1919 1459,1929 1461,1929 1518,1919 1523,1919 1706,1919 1707,1919 1721,1929 1723,1929 1724,1929 1726,1929 1996,1917 1998,1901 1993,1881 519,1883 521,1905"/>
        <Baseline points="521,1905 1998,1901"/>
        <TextEquiv conf="0.9981308390822592">
          <Unicode>auctoritas restituatur, cavendum esse, ne contra leges creentur episcopi. „Haec</Unicode>
        </TextEquiv>
      </TextLine>
      <TextLine id="eSc_line_1736e830" custom="structure {type:default;}">
        <Coords points="521,1946 521,1970 1996,1970 1998,1941 1993,1919 519,1922 521,1946"/>
        <Baseline points="521,1946 1998,1941"/>
        <TextEquiv conf="0.9952151363804227">
          <Unicode>recitanda per omnes Africanas ecclesias scripta dirigi“ vult. („Iulio quarto et Pal-</Unicode>
        </TextEquiv>
      </TextLine>
      <TextLine id="eSc_line_bf20f32f" custom="structure {type:default;}">
        <Coords points="523,1989 523,2006 861,2014 863,2014 960,2006 965,2006 967,2006 993,2014 994,2014 996,2014 1054,2006 1068,2004 1112,2006 1290,2013 1292,2013 1330,2004 1336,2004 1345,2004 1403,2013 1405,2013 1485,2004 1495,2004 1996,2004 1998,1984 1995,1958 521,1958 523,1989"/>
        <Baseline points="523,1989 1998,1984"/>
        <TextEquiv conf="0.9937609864186637">
          <Unicode>ladio coss.“, leg. „Iunio Oarto Palladio cons.“ Quam adulterinam vocat Coustant</Unicode>
        </TextEquiv>
      </TextLine>
      <TextLine id="eSc_line_3ace20a0" custom="structure {type:default;}">
        <Coords points="523,2035 523,2054 830,2059 832,2059 834,2059 856,2052 866,2050 883,2052 931,2059 933,2059 965,2052 972,2050 981,2052 1010,2059 1012,2059 1013,2059 1118,2050 1152,2048 1165,2050 1201,2057 1203,2057 1237,2050 1247,2048 1265,2050 1335,2057 1336,2057 1338,2057 1359,2048 1362,2048 1374,2048 1461,2057 1463,2057 1519,2048 1533,2047 1548,2048 1615,2055 1617,2055 1784,2047 1793,2047 1796,2047 1851,2055 1853,2055 1854,2055 1878,2047 1976,2055 1977,2055 1979,2055 1998,2045 1998,2030 1995,2007 1506,1999 1504,1999 1458,2007 584,2002 582,2002 521,2011 523,2035"/>
        <Baseline points="523,2035 1998,2030"/>
        <TextEquiv conf="0.9938952036201953">
          <Unicode>p. 932, epistolam hanc sinceram esse docent Ballerinii in Leonis M. Opp. III. p.</Unicode>
        </TextEquiv>
      </TextLine>
      <TextLine id="eSc_line_8a56008a" custom="structure {type:default;}">
        <Coords points="519,2074 519,2096 1981,2100 1983,2100 1984,2100 1986,2100 2000,2091 2000,2071 1995,2047 517,2048 519,2074"/>
        <Baseline points="519,2074 2000,2071"/>
        <TextEquiv conf="0.9951441853861266">
          <Unicode>CCII (Migne 56 p. 2261, quibus assentit Hinschius in Ps. Is. p. 546 et XCVIII.)</Unicode>
        </TextEquiv>
      </TextLine>
      <TextLine id="eSc_line_f46235e0" custom="structure {type:default;}">
        <Coords points="521,2115 519,2130 572,2132 605,2149 606,2149 608,2149 694,2134 745,2151 747,2151 748,2151 868,2148 870,2148 914,2134 916,2119 914,2095 521,2091 521,2115"/>
        <Baseline points="521,2115 916,2119"/>
        <TextEquiv conf="0.9997577458620072">
          <Unicode>— „Qua indignitate“.</Unicode>
        </TextEquiv>
      </TextLine>
      <TextLine id="eSc_line_16503e10" custom="structure {type:default;}">
        <Coords points="458,2185 458,2209 478,2219 480,2219 482,2219 533,2213 555,2211 682,2219 683,2185 683,2148 608,2139 606,2139 605,2139 603,2139 603,2141 594,2148 594,2149 458,2149 458,2185"/>
        <Baseline points="458,2185 683,2185"/>
        <TextEquiv conf="0.9955679575602213">
          <Unicode>401— 417.</Unicode>
        </TextEquiv>
      </TextLine>
      <TextLine id="eSc_line_098da37d" custom="structure {type:default;}">
        <Coords points="482,2243 482,2260 1996,2255 1998,2238 1995,2214 1788,2201 1786,2201 1784,2201 1783,2201 1765,2213 1764,2214 1618,2214 1612,2211 1571,2202 1569,2202 1511,2211 1489,2216 1249,2216 1237,2211 1217,2202 1215,2202 1213,2202 1095,2209 984,2216 959,2209 941,2204 940,2204 851,2204 849,2204 847,2204 839,2207 825,2216 765,2207 735,2204 608,2204 606,2204 605,2204 596,2207 572,2216 557,2207 553,2204 552,2204 550,2204 548,2204 480,2206 482,2243"/>
        <Baseline points="482,2243 1998,2238"/>
        <TextEquiv conf="0.9964643603638758">
          <Unicode>313 (110) Probo significat, cum Fortunius post Ursam uxorem in cantivitatem ab-</Unicode>
        </TextEquiv>
      </TextLine>
      <TextLine id="eSc_line_e0b2746d" custom="structure {type:default;}">
        <Coords points="523,2284 523,2305 1996,2308 1998,2281 1993,2257 521,2260 523,2284"/>
        <Baseline points="523,2284 1998,2281"/>
        <TextEquiv conf="0.993977945692399">
          <Unicode>stractam duxisset Restitutam, se, reversa Ursa, confirmasse nuptias priores, secundas</Unicode>
        </TextEquiv>
      </TextLine>
      <TextLine id="eSc_line_c20b6064" custom="structure {type:default;}">
        <Coords points="523,2327 523,2344 1991,2349 1995,2327 1993,2301 523,2300 523,2327"/>
        <Baseline points="523,2327 1995,2327"/>
        <TextEquiv conf="0.9888466548087985">
          <Unicode>diremisse. Voelli et Justelli Bibl. I. 203, Hinschius Ps. Is. p. 545, Coustant p. 909,</Unicode>
        </TextEquiv>
      </TextLine>
      <TextLine id="eSc_line_0dc6fc05" custom="structure {type:default;}">
        <Coords points="524,2370 524,2383 719,2383 723,2383 759,2394 760,2394 762,2394 955,2385 989,2394 991,2394 993,2394 1053,2382 1058,2382 1059,2382 1080,2392 1082,2392 1083,2392 1147,2382 1153,2382 1174,2382 1420,2392 1422,2392 1475,2380 1477,2366 1473,2344 523,2339 524,2370"/>
        <Baseline points="524,2370 1477,2366"/>
        <TextEquiv conf="0.996196631193161">
          <Unicode>Mansi III. 1049, Migne 20 p. 602. — „Conturbatio“.</Unicode>
        </TextEquiv>
      </TextLine>
      <TextLine id="eSc_line_e38f73cb" custom="structure {type:default;}">
        <Coords points="482,2411 482,2431 1993,2435 1995,2411 1995,2385 482,2385 482,2411"/>
        <Baseline points="482,2411 1995,2411"/>
        <TextEquiv conf="0.9971385652991547">
          <Unicode>314 (111) Felici, episcopo Nuceriano, respondet, ad clericatum non esse idoneos 1) eos,</Unicode>
        </TextEquiv>
      </TextLine>
      <TextLine id="eSc_line_898d54ff" custom="structure {type:default;}">
        <Coords points="526,2453 526,2472 1991,2474 1993,2453 1991,2424 526,2424 526,2453"/>
        <Baseline points="526,2453 1993,2453"/>
        <TextEquiv conf="0.9940503211582408">
          <Unicode>qui se ipsi consulto mutilaverint, 2) digamos, eosque qui viduas duxerint, 3) laicos.</Unicode>
        </TextEquiv>
      </TextLine>
      <TextLine id="eSc_line_f0bd9d15" custom="structure {type:default;}">
        <Coords points="526,2493 524,2512 533,2518 535,2518 536,2518 538,2518 588,2510 608,2518 610,2518 612,2518 1024,2510 1046,2518 1047,2518 1049,2520 1167,2520 1167,2518 1169,2518 1186,2510 1203,2518 1205,2518 1206,2518 1259,2510 1331,2520 1333,2520 1991,2510 1993,2496 1993,2474 1962,2464 1960,2464 1959,2464 1887,2472 1846,2464 1844,2464 1593,2472 1576,2472 1571,2472 1507,2464 1506,2464 1449,2472 1446,2472 1444,2472 1434,2464 1432,2464 1430,2464 1429,2464 1427,2464 1425,2464 1413,2472 1412,2474 1261,2474 1253,2472 1200,2462 1198,2462 1196,2462 1176,2471 1176,2472 680,2472 676,2471 654,2462 653,2462 651,2462 526,2469 526,2493"/>
        <Baseline points="526,2493 1993,2496"/>
        <TextEquiv conf="0.9955072506915691">
          <Unicode>qui militaverint, qui „causas egerint, hoc est postulaverint“, qui „administraverint“.</Unicode>
        </TextEquiv>
      </TextLine>
      <TextLine id="eSc_line_80fcfc77" custom="structure {type:default;}">
        <Coords points="526,2539 526,2559 1991,2565 1993,2539 1993,2513 526,2512 526,2539"/>
        <Baseline points="526,2539 1993,2539"/>
        <TextEquiv conf="0.9918904947963628">
          <Unicode>qui „curiales“ sint; sed 4) qui „habentes uxores baptizati sint, ac sic se instituerint.</Unicode>
        </TextEquiv>
      </TextLine>
      <TextLine id="eSc_line_26d95046" custom="structure {type:default;}">
        <Coords points="526,2580 526,2599 1046,2604 1047,2604 1283,2595 1371,2594 1417,2595 1548,2602 1550,2602 1552,2602 1572,2595 1574,2594 1576,2595 1591,2602 1593,2602 1594,2604 1936,2604 1936,2602 1989,2592 1991,2577 1988,2553 524,2551 526,2580"/>
        <Baseline points="526,2580 1991,2577"/>
        <TextEquiv conf="0.9806215052145073">
          <Unicode>ut opinio eorum in nullo vacillet . . . et si non concubam, non pellicem noverint“.</Unicode>
        </TextEquiv>
      </TextLine>
      <TextLine id="eSc_line_b0e0794a" custom="structure {type:default;}">
        <Coords points="526,2619 524,2636 1991,2640 1995,2623 1993,2600 526,2590 526,2619"/>
        <Baseline points="526,2619 1995,2623"/>
        <TextEquiv conf="0.9916816145874733">
          <Unicode>eos fieri clericos licere, 5) ea lege, ut ad honores altiores pedetentim promoveantur.</Unicode>
        </TextEquiv>
      </TextLine>
      <TextLine id="eSc_line_c0457c83" custom="structure {type:default;}">
        <Coords points="531,2660 529,2682 646,2693 647,2693 1029,2689 1314,2688 1326,2693 1340,2700 1341,2700 1343,2700 1384,2694 1424,2689 1500,2691 1506,2696 1514,2703 1516,2703 1518,2703 1519,2703 1593,2696 1646,2693 1665,2698 1682,2703 1683,2703 1685,2705 1877,2705 1877,2703 1890,2701 1938,2691 1989,2701 1993,2665 1991,2640 531,2633 531,2660"/>
        <Baseline points="531,2660 1993,2665"/>
        <TextEquiv conf="0.9917843840692354">
          <Unicode>Voelli et Justelli Bibl. I. 201, Hinschius Ps. Is. p. 533, Coustant p. 910, Mansi III. 1045,</Unicode>
        </TextEquiv>
      </TextLine>
      <TextLine id="eSc_line_3d76785c" custom="structure {type:default;}">
        <Coords points="528,2705 528,2753 719,2742 769,2751 798,2754 800,2754 801,2754 813,2749 846,2734 929,2734 974,2734 994,2746 996,2746 998,2746 1000,2746 1135,2734 1169,2744 1194,2753 1196,2753 1198,2754 1311,2754 1311,2753 1312,2753 1331,2742 1331,2701 1326,2677 526,2679 528,2705"/>
        <Baseline points="528,2705 1331,2701"/>
        <TextEquiv conf="0.976127226178239">
          <Unicode>Migne 20 p. 603. — „Mirari non possumus“.</Unicode>
        </TextEquiv>
      </TextLine>
    </TextRegion>
    <TextRegion id="eSc_textblock_277b1686"  custom="structure {type:default;}">
      <Coords points="823,116 1206,116 1247,123 1254,182 1241,203 786,196 786,129 823,116"/>
      <TextLine id="eSc_line_dc819340" custom="structure {type:default;}">
        <Coords points="798,172 796,191 810,201 812,201 813,201 815,201 817,201 839,191 902,201 1157,203 1159,203 1160,203 1162,203 1165,199 1177,193 1235,201 1239,176 1237,138 1177,138 1177,136 1165,126 1165,124 1164,124 1162,124 1160,124 1159,124 1131,136 1015,136 1005,136 1005,135 962,123 960,123 959,123 798,133 798,172"/>
        <Baseline points="798,172 1239,176"/>
        <TextEquiv conf="0.9919955991208553">
          <Unicode>S. INNONENTUS I.</Unicode>
        </TextEquiv>
      </TextLine>
    </TextRegion>
    <TextRegion id="eSc_textblock_d15799e9"  custom="structure {type:default;}">
      <Coords points="1945,129 2013,143 2000,203 1926,196 1919,157 1945,129"/>
      <TextLine id="eSc_line_a65c25fe" custom="structure {type:default;}">
        <Coords points="1981,136 1962,133 1953,131 1940,133 1930,143 1933,177 1938,247 2000,247 1995,172 1988,136 1981,136"/>
        <Baseline points="1933,177 1995,172"/>
        <TextEquiv conf="0.991164356470108">
          <Unicode>4*</Unicode>
        </TextEquiv>
      </TextLine>
    </TextRegion>
    <TextRegion id="eSc_textblock_5ac37068"  custom="structure {type:default;}">
      <Coords points="263,2399 264,2411 259,2411 259,2399 263,2399"/>
    </TextRegion>
    <TextRegion id="eSc_textblock_e4eb9719"  custom="structure {type:default;}">
      <Coords points="263,2365 264,2370 259,2370 259,2365 263,2365"/>
    </TextRegion>
  </Page>
</PcGts>
