<?xml version="1.0" encoding="UTF-8"  standalone="yes"?>
<PcGts xmlns="http://schema.primaresearch.org/PAGE/gts/pagecontent/2019-07-15" xmlns:xsi="http://www.w3.org/2001/XMLSchema-instance" xsi:schemaLocation="http://schema.primaresearch.org/PAGE/gts/pagecontent/2019-07-15 http://schema.primaresearch.org/PAGE/gts/pagecontent/2019-07-15/pagecontent.xsd">
  <Metadata externalRef="pdf//regestapontificu01cath.pdf">
	<Creator>escriptorium</Creator>
	<Created>2026-02-12T11:24:59.318714+00:00</Created>
        <LastChange>2026-02-13T10:18:44.395834+00:00</LastChange>
  </Metadata>
  <Page imageFilename="regestapontificu01cath.pdf_page_121.png" imageWidth="2260" imageHeight="3076">
    <TextRegion id="eSc_textblock_f47aa4a5"  custom="structure {type:default;}">
      <Coords points="1921,239 2054,246 2041,2746 109,2759 61,1925 68,540 102,252 1921,239"/>
      <TextLine id="eSc_line_05ec6985" custom="structure {type:default;}">
        <Coords points="492,290 492,314 918,305 918,287 914,254 490,252 492,290"/>
        <Baseline points="492,290 918,287"/>
        <TextEquiv conf="0.965352231547946">
          <Unicode>484. (Fenanfio cons.)</Unicode>
        </TextEquiv>
      </TextLine>
      <TextLine id="eSc_line_153c93f5" custom="structure {type:default;}">
        <Coords points="509,340 509,365 2030,363 2030,336 2027,309 1709,299 1707,299 1706,299 1689,307 1321,300 1319,300 1266,309 1235,300 1234,300 1232,300 965,309 923,300 921,300 919,300 888,309 875,300 873,300 871,300 519,300 517,300 516,300 514,300 507,305 509,340"/>
        <Baseline points="509,340 2030,336"/>
        <TextEquiv conf="0.9969931460288634">
          <Unicode>597 * lisdem legatis simul cum superiore epistola „rommonitorium“ (incerti tenoris)</Unicode>
        </TextEquiv>
      </TextLine>
      <TextLine id="eSc_line_bdeec20a" custom="structure {type:default;}">
        <Coords points="552,382 552,398 1294,396 1295,379 1292,355 550,353 552,382"/>
        <Baseline points="552,382 1295,379"/>
        <TextEquiv conf="0.9998212927995727">
          <Unicode>mittit. Evagrius Hist. eccl. L. III. c. 20.</Unicode>
        </TextEquiv>
      </TextLine>
      <TextLine id="eSc_line_fa6b455c" custom="structure {type:default;}">
        <Coords points="509,422 509,451 2025,442 2027,418 2024,391 507,387 509,422"/>
        <Baseline points="509,422 2027,418"/>
        <TextEquiv conf="0.9818600752774407">
          <Unicode>598 * Zenani imperatori xrriliit dr aynodo (halerdonia tuenda, et monet. ut perrseru-</Unicode>
        </TextEquiv>
      </TextLine>
      <TextLine id="eSc_line_102cb833" custom="structure {type:default;}">
        <Coords points="552,463 550,488 858,490 858,492 902,500 904,500 1148,493 1198,492 1230,493 1374,502 1376,502 1482,495 1506,493 1530,495 1615,502 1617,502 1689,495 1736,492 1791,497 1854,502 1856,502 1889,497 1921,492 1945,497 1965,502 1967,502 1969,502 2025,497 2027,466 2025,434 552,430 552,463"/>
        <Baseline points="552,463 2027,466"/>
        <TextEquiv conf="0.9761865173661431">
          <Unicode>tionem. quae in Afrien al. Hlunerico regi exritata sit . sedari ruret. F.agrius Hlist.</Unicode>
        </TextEquiv>
      </TextLine>
      <TextLine id="eSc_line_6780f7e7" custom="structure {type:default;}">
        <Coords points="547,507 547,526 887,522 887,507 887,483 547,478 547,507"/>
        <Baseline points="547,507 887,507"/>
        <TextEquiv conf="0.9705467194318771">
          <Unicode>cccl. L. III. c. 20.</Unicode>
        </TextEquiv>
      </TextLine>
      <TextLine id="eSc_line_e6ead6c9" custom="structure {type:default;}">
        <Coords points="107,548 107,572 188,565 188,548 188,485 107,478 107,548"/>
        <Baseline points="107,548 188,548"/>
        <TextEquiv conf="0.9988635182380676">
          <Unicode>tat.</Unicode>
        </TextEquiv>
      </TextLine>
      <TextLine id="eSc_line_f16203ca" custom="structure {type:default;}">
        <Coords points="299,548 302,613 316,603 446,604 447,545 444,471 377,471 376,471 374,471 297,493 299,548"/>
        <Baseline points="299,548 447,545"/>
        <TextEquiv conf="1.0">
          <Unicode>„</Unicode>
        </TextEquiv>
      </TextLine>
      <TextLine id="eSc_line_e406a2e0" custom="structure {type:default;}">
        <Coords points="507,548 507,565 541,575 543,575 545,575 675,567 680,567 682,567 716,575 718,575 719,577 899,577 899,575 900,575 902,575 912,567 914,567 923,567 994,575 996,575 1058,569 1071,567 1162,567 1165,569 1176,575 1177,575 1179,575 1181,577 1328,577 1328,575 1330,575 1331,575 1340,569 1341,567 1343,569 1353,575 1355,575 1357,575 1359,575 1406,569 1427,567 1446,569 1483,575 1485,575 1553,570 1593,567 1610,570 1636,575 1637,575 1926,570 1926,548 1926,519 507,516 507,548"/>
        <Baseline points="507,548 1926,548"/>
        <TextEquiv conf="0.9917249608039856">
          <Unicode>Synodus episcoporum 77 (67). V. epistolam, quae sequitur. (Hefele II. 607).</Unicode>
        </TextEquiv>
      </TextLine>
      <TextLine id="eSc_line_33d27012" custom="structure {type:default;}">
        <Coords points="509,592 509,615 2024,616 2027,589 2022,567 507,567 509,592"/>
        <Baseline points="509,592 2027,589"/>
        <TextEquiv conf="0.9912210791199295">
          <Unicode>599 (363) Acacium, episcopum Constantinopolitanum, sacerdotis et nomine et munere</Unicode>
        </TextEquiv>
      </TextLine>
      <TextLine id="eSc_line_c6a4d044" custom="structure {type:default;}">
        <Coords points="186,550 174,550 165,555 158,560 117,560 121,594 123,639 242,623 242,589 239,546 206,536 205,536 203,536 201,536 186,543 186,550"/>
        <Baseline points="121,594 242,589"/>
        <TextEquiv conf="0.9997902363538742">
          <Unicode>„ „„</Unicode>
        </TextEquiv>
      </TextLine>
      <TextLine id="eSc_line_ae1ec062" custom="structure {type:default;}">
        <Coords points="552,633 552,654 2025,656 2027,633 2025,604 552,606 552,633"/>
        <Baseline points="552,633 2027,633"/>
        <TextEquiv conf="0.9999804839491844">
          <Unicode>privat, ac damnat anathematizatque in perpetuum, quod alicna iura contra canoncs</Unicode>
        </TextEquiv>
      </TextLine>
      <TextLine id="eSc_line_8487b8e1" custom="structure {type:default;}">
        <Coords points="553,676 553,693 2025,690 2027,673 2024,651 552,649 553,676"/>
        <Baseline points="553,676 2027,673"/>
        <TextEquiv conf="0.9999534062955572">
          <Unicode>Nicaenos sibi vindicaverit, ac haereticos non modo receperit, sed etiam ecclesiis prac-</Unicode>
        </TextEquiv>
      </TextLine>
      <TextLine id="eSc_line_88ef9ed1" custom="structure {type:default;}">
        <Coords points="552,717 552,739 2029,739 2029,717 2029,695 552,695 552,717"/>
        <Baseline points="552,717 2029,717"/>
        <TextEquiv conf="0.9972342735245114">
          <Unicode>fecerit, velut Tyriae ecclesiae lohannem, Antiochena pulsum; quod Petrum et in inva-</Unicode>
        </TextEquiv>
      </TextLine>
      <TextLine id="eSc_line_3caa5c23" custom="structure {type:default;}">
        <Coords points="552,760 552,777 2022,780 2025,760 2024,731 552,731 552,760"/>
        <Baseline points="552,760 2025,760"/>
        <TextEquiv conf="0.9909499193110117">
          <Unicode>denda sede Alexandrina adiuverit et tueri pergat; denique quod Vitalem et Misenum,</Unicode>
        </TextEquiv>
      </TextLine>
      <TextLine id="eSc_line_63a70f76" custom="structure {type:default;}">
        <Coords points="553,801 553,820 2025,816 2027,798 2024,775 552,772 553,801"/>
        <Baseline points="553,801 2027,798"/>
        <TextEquiv conf="0.999998812215874">
          <Unicode>legatos suos, (iam privatos tum muneribus tum communione) corruperit. (Sulsscripse-</Unicode>
        </TextEquiv>
      </TextLine>
      <TextLine id="eSc_line_0b4df141" custom="structure {type:default;}">
        <Coords points="552,845 552,862 2022,866 2025,842 2022,818 623,813 622,813 550,821 552,845"/>
        <Baseline points="552,845 2025,842"/>
        <TextEquiv conf="0.9973440871963019">
          <Unicode>runt episcopi 77). Leonis M. Opp. III. 317 (Migne 56 p. 614), Hinschius Ps. Is.</Unicode>
        </TextEquiv>
      </TextLine>
      <TextLine id="eSc_line_25b7764b" custom="structure {type:default;}">
        <Coords points="553,888 553,910 2025,904 2027,885 2022,859 552,861 553,888"/>
        <Baseline points="553,888 2027,885"/>
        <TextEquiv conf="0.9991887385332132">
          <Unicode>p. 634, Mansi VII. 1053, Migne 58 p. 921, Bull. Rom. T. E. I. 91, Thiel I. 243.</Unicode>
        </TextEquiv>
      </TextLine>
      <TextLine id="eSc_line_1f29864c" custom="structure {type:default;}">
        <Coords points="552,927 552,943 608,943 620,953 620,955 622,955 623,955 625,956 789,956 789,955 791,955 793,955 808,943 856,955 858,955 859,955 998,946 1070,955 1071,955 1073,955 1121,941 1121,927 1121,907 552,907 552,927"/>
        <Baseline points="552,927 1121,927"/>
        <TextEquiv conf="0.9991744571718676">
          <Unicode>— „Multarum transgressionum“.</Unicode>
        </TextEquiv>
      </TextLine>
      <TextLine id="eSc_line_e5b277fc" custom="structure {type:default;}">
        <Coords points="511,967 511,994 2025,994 2027,972 2024,933 1553,934 1552,934 1523,945 1500,933 1499,933 1497,933 1439,943 1300,933 1280,931 1278,931 1277,931 1273,933 1249,941 1128,933 1126,933 1124,933 1123,933 1107,945 1024,945 579,943 511,933 511,967"/>
        <Baseline points="511,967 2027,972"/>
        <TextEquiv conf="0.9903015069577886">
          <Unicode>600 (364) Hoc „edictum sententiae dirigit propter Acacii, episcopi Constantinopolitani,</Unicode>
        </TextEquiv>
      </TextLine>
      <TextLine id="eSc_line_a7d95ccf" custom="structure {type:default;}">
        <Coords points="553,1013 553,1032 2027,1032 2029,1009 2025,986 552,984 553,1013"/>
        <Baseline points="553,1013 2029,1009"/>
        <TextEquiv conf="0.9989954562563645">
          <Unicode>damnationem: Acacius, qui secundo a nobis admonitus statutorum salubrium non</Unicode>
        </TextEquiv>
      </TextLine>
      <TextLine id="eSc_line_ac245a79" custom="structure {type:default;}">
        <Coords points="552,1056 552,1073 2027,1069 2029,1052 2024,1032 550,1032 552,1056"/>
        <Baseline points="552,1056 2029,1052"/>
        <TextEquiv conf="0.9991936785418812">
          <Unicode>destitit esse contemptor, meque in meis credidit carcerizandum, hunc Deus coelitus</Unicode>
        </TextEquiv>
      </TextLine>
      <TextLine id="eSc_line_72961e45" custom="structure {type:default;}">
        <Coords points="552,1098 552,1121 2025,1121 2027,1091 2022,1069 550,1074 552,1098"/>
        <Baseline points="552,1098 2027,1091"/>
        <TextEquiv conf="0.9938786513665143">
          <Unicode>prolata sententia de sacerdotio fecit extorrem; ergo si quis episcopus, clericus, mo-</Unicode>
        </TextEquiv>
      </TextLine>
      <TextLine id="eSc_line_83fa70ff" custom="structure {type:default;}">
        <Coords points="552,1139 552,1158 2029,1155 2030,1134 2025,1109 550,1110 552,1139"/>
        <Baseline points="552,1139 2030,1134"/>
        <TextEquiv conf="0.999897342629549">
          <Unicode>nachus, laicus, post hanc denunciationem eidem communicaverit, anathema sit sancto</Unicode>
        </TextEquiv>
      </TextLine>
      <TextLine id="eSc_line_feb58d52" custom="structure {type:default;}">
        <Coords points="552,1184 552,1203 2025,1197 2027,1179 2024,1156 1063,1150 1061,1150 1059,1150 1039,1158 598,1151 596,1151 550,1160 552,1184"/>
        <Baseline points="552,1184 2027,1179"/>
        <TextEquiv conf="0.9913675904273986">
          <Unicode>spiritu exsequente“. Sirmondi Opp. I. 435, Mansi VII. 1065, Gallandii Bibl. vet.</Unicode>
        </TextEquiv>
      </TextLine>
      <TextLine id="eSc_line_14ff00b8" custom="structure {type:default;}">
        <Coords points="553,1226 553,1252 630,1244 1083,1249 1287,1250 1288,1250 2025,1240 2027,1223 2024,1199 1307,1191 1306,1191 1247,1199 659,1192 658,1192 552,1201 553,1226"/>
        <Baseline points="553,1226 2027,1223"/>
        <TextEquiv conf="0.9993898854023073">
          <Unicode>patr. XI. 812. n. a., Migne 58 p. 934, Bull. Rom. T. E. App. I. 248, Thiel I. 247.</Unicode>
        </TextEquiv>
      </TextLine>
      <TextLine id="eSc_line_bed65b9d" custom="structure {type:default;}">
        <Coords points="553,1266 553,1279 608,1279 618,1288 618,1290 620,1290 622,1290 623,1291 779,1291 779,1290 781,1290 782,1290 793,1281 844,1290 846,1290 847,1290 883,1278 883,1266 883,1242 553,1242 553,1266"/>
        <Baseline points="553,1266 883,1266"/>
        <TextEquiv conf="0.9999822272973902">
          <Unicode>— „Acacius, qui“.</Unicode>
        </TextEquiv>
      </TextLine>
      <TextLine id="eSc_line_4efc950d" custom="structure {type:default;}">
        <Coords points="509,1307 509,1338 560,1327 706,1327 726,1336 728,1336 729,1336 827,1327 876,1336 878,1338 1136,1338 1136,1336 1138,1336 1164,1327 1244,1336 1246,1336 1247,1336 1268,1326 1371,1334 1372,1334 1454,1326 1569,1334 1571,1334 1953,1326 2022,1334 2025,1303 2020,1278 507,1281 509,1307"/>
        <Baseline points="509,1307 2025,1303"/>
        <TextEquiv conf="0.9983484528281472">
          <Unicode>601 (365) Zenoni imperatori scribit, contra ius fasque accidisse, ut Vitalis et Misenus,</Unicode>
        </TextEquiv>
      </TextLine>
      <TextLine id="eSc_line_604e166e" custom="structure {type:default;}">
        <Coords points="99,1310 99,1326 172,1334 174,1334 176,1334 186,1329 200,1322 244,1331 246,1305 241,1262 97,1262 99,1310"/>
        <Baseline points="99,1310 246,1305"/>
        <TextEquiv conf="0.9994648609842572">
          <Unicode>Aug. 1.</Unicode>
        </TextEquiv>
      </TextLine>
      <TextLine id="eSc_line_230ede27" custom="structure {type:default;}">
        <Coords points="552,1353 552,1373 2024,1370 2025,1346 2020,1322 550,1322 552,1353"/>
        <Baseline points="552,1353 2025,1346"/>
        <TextEquiv conf="0.9965574336903436">
          <Unicode>legati sui, „tanquam in captivitatem redacti tenerentur et chartis, quas baiulabant,</Unicode>
        </TextEquiv>
      </TextLine>
      <TextLine id="eSc_line_0b3d46bb" custom="structure {type:default;}">
        <Coords points="552,1391 552,1409 2024,1413 2027,1387 2022,1363 550,1365 552,1391"/>
        <Baseline points="552,1391 2027,1387"/>
        <TextEquiv conf="0.9949371160530462">
          <Unicode>violenter ablatis, ad communicandum haereticis, hoc est, apocrisiariis Alexandrini</Unicode>
        </TextEquiv>
      </TextLine>
      <TextLine id="eSc_line_314ffc7f" custom="structure {type:default;}">
        <Coords points="552,1433 552,1452 647,1461 649,1461 651,1461 653,1461 663,1454 666,1452 743,1452 757,1454 798,1462 800,1462 801,1462 834,1454 844,1452 851,1455 868,1462 870,1462 871,1462 936,1455 967,1452 976,1455 993,1462 994,1462 996,1464 1075,1464 1075,1462 1077,1462 1078,1462 1087,1455 1094,1452 1172,1452 1215,1457 1263,1462 1265,1462 1465,1461 1480,1459 1526,1450 1613,1450 1634,1459 1637,1461 1639,1461 1641,1461 1666,1459 1784,1450 1803,1461 1805,1461 1806,1461 1808,1462 1887,1462 1887,1461 1890,1461 1933,1450 1953,1461 1955,1461 1957,1462 2027,1462 2029,1430 2024,1409 550,1411 552,1433"/>
        <Baseline points="552,1433 2029,1430"/>
        <TextEquiv conf="0.9944078959524632">
          <Unicode>Petri, adversus quem ierant, de custodia sint producti“. Sedem b. apostoli Petri</Unicode>
        </TextEquiv>
      </TextLine>
      <TextLine id="eSc_line_d113890d" custom="structure {type:default;}">
        <Coords points="552,1479 552,1500 2027,1493 2029,1474 2024,1450 550,1452 552,1479"/>
        <Baseline points="552,1479 2029,1474"/>
        <TextEquiv conf="0.9970501291600964">
          <Unicode>affirmat, „Alexandrino Petro communionis nunquam vel praebuisse vel praebituram</Unicode>
        </TextEquiv>
      </TextLine>
      <TextLine id="eSc_line_0039d6da" custom="structure {type:default;}">
        <Coords points="552,1517 550,1532 562,1541 564,1541 565,1541 567,1541 1078,1536 1224,1534 2022,1543 2025,1520 2024,1491 552,1490 552,1517"/>
        <Baseline points="552,1517 2025,1520"/>
        <TextEquiv conf="0.9996165233322337">
          <Unicode>esse consensum“. De Acacio damnato et de excommunicationis sententia per Tutum,</Unicode>
        </TextEquiv>
      </TextLine>
      <TextLine id="eSc_line_e0f369d4" custom="structure {type:default;}">
        <Coords points="552,1563 552,1589 723,1580 916,1585 1018,1589 1020,1589 1051,1585 1097,1579 1359,1582 1646,1585 1647,1585 1678,1579 1687,1577 1692,1579 1707,1585 1709,1585 1711,1585 1806,1577 1822,1577 1841,1577 2003,1585 2005,1585 2006,1585 2027,1575 2027,1558 2022,1536 550,1539 552,1563"/>
        <Baseline points="552,1563 2027,1558"/>
        <TextEquiv conf="0.9997540962548903">
          <Unicode>„Romanae ecclesiae defensorem“, missa significat. Hortatur, „ut regiam voluntatem</Unicode>
        </TextEquiv>
      </TextLine>
      <TextLine id="eSc_line_aa6749ce" custom="structure {type:default;}">
        <Coords points="552,1604 552,1625 2025,1626 2029,1601 2024,1577 550,1577 552,1604"/>
        <Baseline points="552,1604 2029,1601"/>
        <TextEquiv conf="0.9912381091235597">
          <Unicode>sacerdotibus Christi studeat subdere, non praeferre“. Sirmondi Opp. I. 435, Mansi</Unicode>
        </TextEquiv>
      </TextLine>
      <TextLine id="eSc_line_6a9117e0" custom="structure {type:default;}">
        <Coords points="553,1645 553,1664 2027,1661 2029,1642 2025,1620 552,1616 553,1645"/>
        <Baseline points="553,1645 2029,1642"/>
        <TextEquiv conf="0.9945620132398002">
          <Unicode>VII. 1065, Migne 58 p. 934, Bull. Rom. T. E. App. I. 248, Thiel I. 247. — „Quo-</Unicode>
        </TextEquiv>
      </TextLine>
      <TextLine id="eSc_line_9d9ee3a7" custom="structure {type:default;}">
        <Coords points="548,1690 548,1705 596,1715 598,1717 748,1717 748,1715 750,1715 752,1715 752,1714 760,1707 839,1715 841,1715 842,1715 865,1705 865,1690 865,1667 548,1667 548,1690"/>
        <Baseline points="548,1690 865,1690"/>
        <TextEquiv conf="0.9998521173701567">
          <Unicode>niam pietas tua“.</Unicode>
        </TextEquiv>
      </TextLine>
      <TextLine id="eSc_line_ec76deb8" custom="structure {type:default;}">
        <Coords points="507,1729 507,1751 2025,1753 2029,1725 2024,1690 1906,1702 1658,1702 1639,1691 1637,1691 1636,1691 1634,1691 1624,1691 1530,1700 506,1700 507,1729"/>
        <Baseline points="507,1729 2029,1725"/>
        <TextEquiv conf="0.992140130106225">
          <Unicode>602 (366) Clerum et plebem orthodoxam Constantinopoli constitutam monet, ne Vitalis</Unicode>
        </TextEquiv>
      </TextLine>
      <TextLine id="eSc_line_a2068c9f" custom="structure {type:default;}">
        <Coords points="99,1734 99,1761 205,1765 206,1731 201,1659 95,1664 99,1734"/>
        <Baseline points="99,1734 206,1731"/>
        <TextEquiv conf="0.9703120738267899">
          <Unicode>Aur.</Unicode>
        </TextEquiv>
      </TextLine>
      <TextLine id="eSc_line_96b009f7" custom="structure {type:default;}">
        <Coords points="550,1773 550,1790 2027,1787 2029,1770 2025,1743 572,1739 570,1739 569,1739 548,1746 550,1773"/>
        <Baseline points="550,1773 2029,1770"/>
        <TextEquiv conf="0.9973363476555522">
          <Unicode>et Miseni, legatorum suorum, praevaricatione turbentur, atque ut communione Acacii</Unicode>
        </TextEquiv>
      </TextLine>
      <TextLine id="eSc_line_f7d6973f" custom="structure {type:default;}">
        <Coords points="548,1814 548,1833 630,1843 632,1843 695,1835 740,1843 741,1843 900,1835 984,1843 986,1845 1095,1845 1095,1843 1097,1843 1099,1843 1112,1835 1140,1843 1141,1843 1143,1843 1196,1835 1849,1843 1851,1843 1853,1843 1883,1835 1907,1843 1909,1843 1911,1843 1912,1843 1914,1843 1930,1835 2027,1835 2027,1814 2027,1792 548,1792 548,1814"/>
        <Baseline points="548,1814 2027,1814"/>
        <TextEquiv conf="0.9948563027381897">
          <Unicode>damnati abstineant. Sirmondi Opp. I. 437, Mansi VII. 1067, Migne 58 p. 936,</Unicode>
        </TextEquiv>
      </TextLine>
      <TextLine id="eSc_line_bbf4274f" custom="structure {type:default;}">
        <Coords points="550,1857 550,1874 1752,1871 1753,1854 1748,1830 548,1831 550,1857"/>
        <Baseline points="550,1857 1753,1854"/>
        <TextEquiv conf="0.9912532274539654">
          <Unicode>Bull. Rom. T. E. App. I. 250, Thiel I. 251. — „Probatam cunctis“.</Unicode>
        </TextEquiv>
      </TextLine>
      <TextLine id="eSc_line_70216893" custom="structure {type:default;}">
        <Coords points="507,1898 507,1917 1165,1925 1167,1925 1169,1925 1171,1925 1184,1917 1193,1917 1779,1924 1781,1924 2025,1913 2027,1895 2022,1864 506,1871 507,1898"/>
        <Baseline points="507,1898 2027,1895"/>
        <TextEquiv conf="0.9955207372640634">
          <Unicode>603 (367) Episcopis per Aegyptum, Thebaidem, Libyam et Pentapolim constitutis</Unicode>
        </TextEquiv>
      </TextLine>
      <TextLine id="eSc_line_d2a3b1ed" custom="structure {type:default;}">
        <Coords points="162,1910 162,1881 121,1866 119,1910 121,1951 162,1936 162,1910"/>
        <Baseline points="119,1910 162,1910"/>
        <TextEquiv conf="0.9979200959205627">
          <Unicode>„</Unicode>
        </TextEquiv>
      </TextLine>
      <TextLine id="eSc_line_1e6dd232" custom="structure {type:default;}">
        <Coords points="552,1943 552,1961 2025,1958 2027,1939 2024,1919 608,1912 606,1912 550,1920 552,1943"/>
        <Baseline points="552,1943 2027,1939"/>
        <TextEquiv conf="0.9942148691648013">
          <Unicode>scribit de Petro Alexandrino in catholicorum communionem nunquam restituendo.</Unicode>
        </TextEquiv>
      </TextLine>
      <TextLine id="eSc_line_b7297190" custom="structure {type:default;}">
        <Coords points="548,1985 548,2002 2024,2004 2027,1982 2024,1956 547,1956 548,1985"/>
        <Baseline points="548,1985 2027,1982"/>
        <TextEquiv conf="0.9978982638090085">
          <Unicode>(Fragmentum). Leonis M. Opp. III. p. CLXIV (Migne 56 p. 185), Mansi VII. 1065,</Unicode>
        </TextEquiv>
      </TextLine>
      <TextLine id="eSc_line_a38bdb06" custom="structure {type:default;}">
        <Coords points="550,2026 550,2043 2027,2040 2029,2023 2025,2001 548,1995 550,2026"/>
        <Baseline points="550,2026 2029,2023"/>
        <TextEquiv conf="0.999200491568981">
          <Unicode>Migne 58 p. 934, Bull. Rom. T. E. App. I. 262, La Fuente Hist. eccl. de Espana</Unicode>
        </TextEquiv>
      </TextLine>
      <TextLine id="eSc_line_d174e2d4" custom="structure {type:default;}">
        <Coords points="548,2067 548,2086 559,2093 560,2093 562,2093 564,2093 618,2084 682,2095 683,2095 685,2095 687,2095 700,2084 738,2095 740,2095 741,2095 846,2084 883,2095 885,2095 887,2095 941,2084 1008,2084 1018,2093 1018,2095 1020,2095 1022,2095 1024,2096 1309,2096 1309,2095 1311,2095 1336,2084 1345,2093 1345,2095 1347,2095 1348,2095 1350,2096 1393,2096 1393,2095 1394,2095 1437,2083 1437,2067 1437,2045 548,2045 548,2067"/>
        <Baseline points="548,2067 1437,2067"/>
        <TextEquiv conf="0.9989097416400909">
          <Unicode>II. 470, Thicl I. 250. — „Petrum (Petrus) vero“.</Unicode>
        </TextEquiv>
      </TextLine>
      <TextLine id="eSc_line_0a62954b" custom="structure {type:default;}">
        <Coords points="507,2110 507,2129 2027,2130 2029,2105 2024,2076 506,2083 507,2110"/>
        <Baseline points="507,2110 2029,2105"/>
        <TextEquiv conf="0.9933059062899613">
          <Unicode>604 (368) *„Monachis et clericis per Orientem, Aegyptum et Bithyniam commorantibus</Unicode>
        </TextEquiv>
      </TextLine>
      <TextLine id="eSc_line_412d2107" custom="structure {type:default;}">
        <Coords points="548,2153 548,2171 1037,2180 1039,2180 1140,2171 1160,2170 1169,2171 1203,2178 1205,2178 2024,2168 2025,2148 2020,2125 547,2129 548,2153"/>
        <Baseline points="548,2153 2025,2148"/>
        <TextEquiv conf="0.9967280771487799">
          <Unicode>scribit, ut Petrum, Alexandrinum episcopum, Chalcedoniae synodi obtrectatorem,</Unicode>
        </TextEquiv>
      </TextLine>
      <TextLine id="eSc_line_ffea3baf" custom="structure {type:default;}">
        <Coords points="548,2195 548,2214 1046,2224 1047,2224 1136,2214 1138,2214 1218,2224 1220,2224 1403,2213 1420,2213 1459,2213 1921,2223 1923,2223 1971,2213 1995,2223 1996,2223 1998,2223 2000,2223 2027,2211 2027,2192 2022,2170 547,2171 548,2195"/>
        <Baseline points="548,2195 2027,2192"/>
        <TextEquiv conf="0.9996265979801736">
          <Unicode>et eius communicatores tanquam haereticos vitent“. Victoris Tunnunensis chron. ap.</Unicode>
        </TextEquiv>
      </TextLine>
      <TextLine id="eSc_line_8bd599e2" custom="structure {type:default;}">
        <Coords points="550,2238 550,2264 1138,2257 1148,2260 1167,2265 1169,2265 1171,2265 1210,2259 1225,2257 1229,2259 1239,2265 1241,2265 1242,2265 1244,2267 1350,2267 1350,2265 1352,2265 1369,2257 1372,2257 1383,2257 1444,2265 1446,2265 1447,2265 1478,2257 1480,2257 1482,2257 1523,2265 1524,2265 1579,2255 1581,2238 1579,2213 550,2209 550,2238"/>
        <Baseline points="550,2238 1581,2238"/>
        <TextEquiv conf="0.9996266093170434">
          <Unicode>Roncallium Vet. lat. scr. chr. II. 349 (Migne 68 p. 946).</Unicode>
        </TextEquiv>
      </TextLine>
      <TextLine id="eSc_line_c846664a" custom="structure {type:default;}">
        <Coords points="492,2305 492,2329 745,2336 747,2336 924,2324 926,2300 921,2271 823,2271 822,2271 786,2259 784,2259 782,2259 781,2259 779,2259 765,2271 762,2274 682,2274 680,2272 661,2257 659,2257 658,2257 656,2257 601,2269 502,2259 500,2259 499,2259 497,2259 497,2260 490,2265 492,2305"/>
        <Baseline points="492,2305 926,2300"/>
        <TextEquiv conf="0.998028272932226">
          <Unicode>485. (Syaamaclo cona.)</Unicode>
        </TextEquiv>
      </TextLine>
      <TextLine id="eSc_line_205002fd" custom="structure {type:default;}">
        <Coords points="104,2356 102,2397 181,2390 189,2394 208,2404 210,2404 211,2404 213,2404 241,2390 242,2361 242,2315 225,2298 225,2296 223,2296 222,2296 188,2295 186,2295 184,2295 182,2295 148,2317 145,2317 104,2317 104,2356"/>
        <Baseline points="104,2356 242,2361"/>
        <TextEquiv conf="0.9338147342205048">
          <Unicode>Oct. „</Unicode>
        </TextEquiv>
      </TextLine>
      <TextLine id="eSc_line_bcfb33c1" custom="structure {type:default;}">
        <Coords points="304,2361 304,2380 417,2382 418,2382 420,2382 442,2371 442,2358 435,2296 410,2305 302,2298 304,2361"/>
        <Baseline points="304,2361 442,2358"/>
        <TextEquiv conf="0.993638942639033">
          <Unicode>Ronaae</Unicode>
        </TextEquiv>
      </TextLine>
      <TextLine id="eSc_line_12b18f6e" custom="structure {type:default;}">
        <Coords points="506,2363 506,2383 2025,2382 2027,2356 2025,2329 1983,2317 1981,2317 1834,2317 1832,2317 1830,2317 1805,2327 1793,2327 1567,2318 1565,2318 1564,2318 1562,2318 1550,2327 1545,2329 1500,2327 1403,2320 1401,2320 1328,2325 1263,2330 1232,2325 1203,2320 1201,2320 1200,2320 1179,2325 1155,2330 1088,2325 1030,2320 1029,2320 1027,2320 1018,2325 1006,2330 504,2324 506,2363"/>
        <Baseline points="506,2363 2027,2356"/>
        <TextEquiv conf="0.993227675363615">
          <Unicode>Synodus episcoporum 43, in qua de Acacio agitur, et Vitalis et Misenus excom-</Unicode>
        </TextEquiv>
      </TextLine>
      <TextLine id="eSc_line_a06feae2" custom="structure {type:default;}">
        <Coords points="268,2404 268,2431 338,2421 381,2424 456,2430 458,2430 459,2430 461,2430 475,2418 475,2399 470,2361 359,2371 266,2366 268,2404"/>
        <Baseline points="268,2404 475,2399"/>
        <TextEquiv conf="0.9999671459197998">
          <Unicode>ap. beatum</Unicode>
        </TextEquiv>
      </TextLine>
      <TextLine id="eSc_line_98c98ebb" custom="structure {type:default;}">
        <Coords points="550,2404 550,2424 682,2424 685,2426 718,2438 719,2438 721,2438 723,2438 755,2426 760,2424 851,2424 854,2426 873,2440 875,2440 876,2440 878,2440 972,2431 1165,2438 1167,2438 1169,2438 1186,2430 1205,2438 1206,2438 1208,2438 1270,2430 1394,2436 1396,2436 1398,2436 1400,2436 1413,2426 1424,2421 1502,2421 1514,2426 1535,2436 1536,2436 1538,2438 1588,2438 1588,2436 1589,2436 1591,2436 1605,2426 1613,2421 1706,2421 1718,2426 1724,2430 1726,2430 1728,2430 1730,2430 1736,2426 1750,2419 1769,2426 1791,2435 1793,2435 1795,2435 1830,2426 1861,2419 1894,2426 1928,2435 1930,2435 2025,2426 2027,2397 2024,2370 562,2368 560,2368 559,2368 557,2368 548,2373 550,2404"/>
        <Baseline points="550,2404 2027,2397"/>
        <TextEquiv conf="0.9717507327073499">
          <Unicode>municantur. V. Eyist. Synonlicam ap. Man-i V11. 1139. Thiel I. 252. (HLetel.</Unicode>
        </TextEquiv>
      </TextLine>
      <TextLine id="eSc_line_f06ea77a" custom="structure {type:default;}">
        <Coords points="550,2443 550,2460 567,2469 569,2469 570,2469 615,2462 625,2460 627,2462 641,2472 642,2472 644,2472 646,2472 723,2465 723,2443 723,2421 550,2418 550,2443"/>
        <Baseline points="550,2443 723,2443"/>
        <TextEquiv conf="0.9997101359897189">
          <Unicode>II. 609).</Unicode>
        </TextEquiv>
      </TextLine>
      <TextLine id="eSc_line_9815f8cc" custom="structure {type:default;}">
        <Coords points="299,2445 299,2489 442,2491 444,2445 444,2423 299,2423 299,2445"/>
        <Baseline points="299,2445 444,2445"/>
        <TextEquiv conf="0.9982528388500214">
          <Unicode>Petrum</Unicode>
        </TextEquiv>
      </TextLine>
      <TextLine id="eSc_line_847a460d" custom="structure {type:default;}">
        <Coords points="492,2486 492,2506 2025,2505 2025,2481 2020,2450 490,2453 492,2486"/>
        <Baseline points="492,2486 2025,2481"/>
        <TextEquiv conf="0.9999602884054184">
          <Unicode>p605 (cxcrx) In synodo Petrum Fullonem, episcopum Antiochenum, in Valentini, Ma-</Unicode>
        </TextEquiv>
      </TextLine>
      <TextLine id="eSc_line_26b31f50" custom="structure {type:default;}">
        <Coords points="552,2529 552,2547 2025,2542 2027,2524 2022,2496 550,2501 552,2529"/>
        <Baseline points="552,2529 2027,2524"/>
        <TextEquiv conf="0.999671023066451">
          <Unicode>nichaei, Arii, Apollinaris, Pauli Samosateni haereses dilapsum, monet, ut ad fidem</Unicode>
        </TextEquiv>
      </TextLine>
      <TextLine id="eSc_line_c0689291" custom="structure {type:default;}">
        <Coords points="552,2571 552,2587 617,2597 618,2597 724,2587 735,2587 738,2587 777,2597 779,2597 781,2597 871,2587 876,2587 892,2587 1194,2597 1196,2597 1198,2597 1220,2587 1324,2595 1326,2595 1328,2595 1360,2585 1364,2585 1367,2585 1429,2595 1430,2595 1432,2595 1465,2585 1466,2585 1468,2585 1514,2595 1516,2595 1565,2585 1567,2585 1632,2595 1634,2595 1636,2595 1659,2585 1690,2594 1692,2594 1694,2594 1786,2585 1801,2595 1803,2595 1805,2595 1806,2597 1865,2597 1865,2595 1866,2595 1894,2585 1907,2594 1909,2594 1911,2594 1912,2594 1914,2594 1935,2585 2006,2594 2008,2594 2010,2594 2012,2594 2027,2583 2027,2568 2025,2546 1996,2535 1995,2535 1993,2535 1942,2544 1818,2535 1817,2535 1815,2535 1788,2544 1764,2535 1762,2535 1760,2535 1718,2544 1706,2535 1704,2535 1702,2535 1700,2535 1646,2544 1574,2535 1572,2535 1571,2535 1548,2544 1466,2535 1465,2535 1463,2535 1432,2544 1365,2535 1364,2535 1362,2535 1360,2535 1347,2544 1126,2537 1124,2537 1123,2537 1121,2537 1109,2547 962,2547 866,2537 865,2537 863,2537 861,2537 849,2546 777,2539 776,2539 550,2547 552,2571"/>
        <Baseline points="552,2571 2027,2568"/>
        <TextEquiv conf="0.993083610534668">
          <Unicode>revertatur. Mansi VII. 1037, Migne 58 p. 903, Bull. Rom. T. E. App. I. 227.</Unicode>
        </TextEquiv>
      </TextLine>
      <TextLine id="eSc_line_56b99aac" custom="structure {type:default;}">
        <Coords points="553,2612 553,2635 2027,2629 2029,2609 2024,2585 552,2587 553,2612"/>
        <Baseline points="553,2612 2029,2609"/>
        <TextEquiv conf="0.9993567064210966">
          <Unicode>(Haec et quae sequuntur duae epistolae tanquam ad synodum Romanam a Simplicio</Unicode>
        </TextEquiv>
      </TextLine>
      <TextLine id="eSc_line_daaee8f9" custom="structure {type:default;}">
        <Coords points="553,2657 553,2670 2025,2665 2025,2652 2022,2626 1649,2618 1647,2618 552,2629 553,2657"/>
        <Baseline points="553,2657 2025,2652"/>
        <TextEquiv conf="0.9892804227679609">
          <Unicode>a. 478 habitam spectantes et genuinae defenduntur a Pagi. Critica in Baronii annal.</Unicode>
        </TextEquiv>
      </TextLine>
      <TextLine id="eSc_line_072877c4" custom="structure {type:default;}">
        <Coords points="555,2696 555,2739 670,2739 702,2761 704,2761 706,2761 707,2763 806,2763 806,2761 808,2761 853,2742 957,2746 959,2746 960,2746 977,2737 1034,2761 1035,2761 1037,2763 1090,2763 1090,2761 1092,2761 1138,2744 1181,2761 1182,2761 1184,2761 1186,2761 1225,2744 1287,2761 1288,2761 1290,2761 1579,2759 1581,2759 1625,2735 1656,2746 1658,2746 1659,2746 1748,2735 1753,2735 2025,2735 2027,2693 2024,2670 1637,2660 1636,2660 1634,2660 1632,2660 1617,2670 1521,2670 1434,2660 1432,2660 1430,2660 1405,2669 1352,2660 1350,2660 1280,2670 842,2662 841,2662 752,2670 702,2662 700,2662 699,2662 697,2662 683,2670 589,2662 588,2662 586,2662 553,2672 555,2696"/>
        <Baseline points="555,2696 2027,2693"/>
        <TextEquiv conf="0.8721461434449468">
          <Unicode>4es a. IS. er bieut. R. oe). ft utat u aut-as protaus remt u. argancu-</Unicode>
        </TextEquiv>
      </TextLine>
      <TextLine id="eSc_line_65364c33" custom="structure {type:default;}">
        <Coords points="140,2737 140,2780 251,2780 278,2788 324,2804 326,2804 328,2804 398,2797 406,2797 535,2805 536,2737 533,2696 495,2708 461,2698 456,2696 454,2696 453,2696 442,2698 411,2705 374,2700 347,2696 345,2696 343,2696 324,2701 297,2708 140,2706 140,2737"/>
        <Baseline points="140,2737 536,2737"/>
        <TextEquiv conf="0.9048910622413342">
          <Unicode>ees Pea — “ —</Unicode>
        </TextEquiv>
      </TextLine>
      <TextLine id="eSc_line_5e6d8b2e" custom="structure {type:default;}">
        <Coords points="1767,2744 1771,2782 1789,2790 1791,2790 1793,2790 1795,2790 1817,2780 1813,2739 1808,2706 1762,2713 1767,2744"/>
        <Baseline points="1767,2744 1813,2739"/>
        <TextEquiv conf="0.999665766954422">
          <Unicode>1„</Unicode>
        </TextEquiv>
      </TextLine>
    </TextRegion>
    <TextRegion id="eSc_textblock_02eaf546"  custom="structure {type:default;}">
      <Coords points="926,123 1213,123 1247,136 1254,189 1234,210 909,210 882,164 888,129 926,123"/>
      <TextLine id="eSc_line_b9f647ca" custom="structure {type:default;}">
        <Coords points="900,177 899,199 1229,201 1232,181 1232,140 1184,126 1182,126 1181,126 1179,126 1143,138 1119,126 1118,126 1116,126 1041,136 1024,124 1022,124 1020,124 1018,124 1017,124 982,136 981,136 900,136 900,177"/>
        <Baseline points="900,177 1232,181"/>
        <TextEquiv conf="0.9989050856003394">
          <Unicode>S. FEIIX III.</Unicode>
        </TextEquiv>
      </TextLine>
    </TextRegion>
    <TextRegion id="eSc_textblock_ba596c68"  custom="structure {type:default;}">
      <Coords points="1977,129 2048,143 2054,182 1960,210 1940,164 1977,129"/>
      <TextLine id="eSc_line_62877260" custom="structure {type:default;}">
        <Coords points="2005,135 2000,133 1965,136 1955,148 1959,182 1959,199 2017,199 2017,177 2010,135 2005,135"/>
        <Baseline points="1959,182 2017,177"/>
        <TextEquiv conf="0.9999984502792358">
          <Unicode>81</Unicode>
        </TextEquiv>
      </TextLine>
    </TextRegion>
  </Page>
</PcGts>
