<?xml version="1.0" encoding="UTF-8"  standalone="yes"?>
<PcGts xmlns="http://schema.primaresearch.org/PAGE/gts/pagecontent/2019-07-15" xmlns:xsi="http://www.w3.org/2001/XMLSchema-instance" xsi:schemaLocation="http://schema.primaresearch.org/PAGE/gts/pagecontent/2019-07-15 http://schema.primaresearch.org/PAGE/gts/pagecontent/2019-07-15/pagecontent.xsd">
  <Metadata externalRef="pdf//regestapontificu01cath.pdf">
	<Creator>escriptorium</Creator>
	<Created>2026-02-12T11:40:05.772426+00:00</Created>
        <LastChange>2026-02-13T11:36:01.035738+00:00</LastChange>
  </Metadata>
  <Page imageFilename="regestapontificu01cath.pdf_page_488.png" imageWidth="2353" imageHeight="3055">
    <TextRegion id="eSc_textblock_1d03c556"  custom="structure {type:default;}">
      <Coords points="295,101 419,108 419,154 292,181 295,101"/>
      <TextLine id="eSc_line_03b25b13" custom="structure {type:default;}">
        <Coords points="368,105 351,103 334,103 317,101 300,101 303,147 303,169 385,173 387,144 383,105 368,105"/>
        <Baseline points="303,147 387,144"/>
        <TextEquiv conf="1.0">
          <Unicode>448</Unicode>
        </TextEquiv>
      </TextLine>
    </TextRegion>
    <TextRegion id="eSc_textblock_9acb858e"  custom="structure {type:default;}">
      <Coords points="303,210 480,224 488,1140 502,902 529,880 502,828 509,794 543,792 534,697 509,738 502,563 550,541 527,459 509,493 502,359 590,251 679,217 713,244 726,217 2278,224 2291,554 2271,717 2291,819 2271,928 2291,989 2264,1031 2264,1525 2285,1534 2271,1804 2291,2028 2264,2131 2285,2401 2257,2457 2251,2625 733,2632 713,2118 697,2089 624,2068 624,2029 685,2021 679,1975 577,1919 563,1771 516,1749 509,1776 494,1274 480,2170 446,2476 414,2496 332,2455 271,2062 271,590 292,541 278,224 303,210"/>
      <TextLine id="eSc_line_7271c9e2" custom="structure {type:default;}">
        <Coords points="1093,313 1095,344 1113,336 1281,341 1336,342 1337,342 1339,342 1347,341 1370,334 1490,337 1590,341 1592,341 1594,341 1606,336 1616,332 1877,332 1879,308 1875,266 1826,254 1825,254 1823,254 1821,254 1821,256 1813,263 1774,256 1772,256 1770,256 1745,264 1741,264 1738,264 1706,251 1704,251 1702,251 1701,251 1699,251 1684,263 1682,264 1670,263 1641,257 1639,257 1606,263 1572,266 1553,261 1499,246 1497,246 1495,246 1493,246 1446,259 1444,261 1368,261 1364,259 1342,247 1341,247 1339,247 1091,254 1093,313"/>
        <Baseline points="1093,313 1879,308"/>
        <TextEquiv conf="0.9989797621965408">
          <Unicode>ANASTASIUS III. 911—918.</Unicode>
        </TextEquiv>
      </TextLine>
      <TextLine id="eSc_line_1054b781" custom="structure {type:default;}">
        <Coords points="850,380 848,405 1178,400 1215,409 1218,409 1220,409 1222,409 1224,409 1256,400 1290,409 1298,410 1300,410 1302,410 1320,409 1378,402 1741,409 1745,383 1741,346 850,347 850,380"/>
        <Baseline points="850,380 1745,383"/>
        <TextEquiv conf="0.9889383882284164">
          <Unicode>Balla huios poptificis, quae superest, seripta est per manum</Unicode>
        </TextEquiv>
      </TextLine>
      <TextLine id="eSc_line_067b6598" custom="structure {type:default;}">
        <Coords points="853,448 853,473 1032,466 1032,448 1032,427 853,424 853,448"/>
        <Baseline points="853,448 1032,448"/>
        <TextEquiv conf="0.9999801337718963">
          <Unicode>Data p. m.</Unicode>
        </TextEquiv>
      </TextLine>
      <TextLine id="eSc_line_eb4b834a" custom="structure {type:default;}">
        <Coords points="884,417 884,436 1426,432 1427,414 1422,392 882,393 884,417"/>
        <Baseline points="884,417 1427,414"/>
        <TextEquiv conf="0.9982122878233591">
          <Unicode>Iohannis scriniarii S. R. E. (3550).</Unicode>
        </TextEquiv>
      </TextLine>
      <TextLine id="eSc_line_f4e468e7" custom="structure {type:default;}">
        <Coords points="886,482 884,505 1556,509 1560,485 1560,461 1538,451 1536,451 1534,451 886,456 886,482"/>
        <Baseline points="886,482 1560,485"/>
        <TextEquiv conf="0.9892541545888652">
          <Unicode>Theophilaeti sacellarii s. sed. apost. (3550).</Unicode>
        </TextEquiv>
      </TextLine>
      <TextLine id="eSc_line_354e6bd4" custom="structure {type:default;}">
        <Coords points="718,560 718,578 813,575 813,554 809,519 740,505 738,505 736,505 735,505 714,517 718,560"/>
        <Baseline points="718,560 813,554"/>
        <TextEquiv conf="0.9999977350234985">
          <Unicode>911.</Unicode>
        </TextEquiv>
      </TextLine>
      <TextLine id="eSc_line_71fea2a1" custom="structure {type:default;}">
        <Coords points="310,617 310,629 329,639 331,639 332,639 334,639 336,639 354,627 393,638 395,638 397,638 398,638 443,622 443,612 438,588 308,592 310,617"/>
        <Baseline points="310,617 443,612"/>
        <TextEquiv conf="0.999827538217817">
          <Unicode>c. Iun.</Unicode>
        </TextEquiv>
      </TextLine>
      <TextLine id="eSc_line_c901ff5c" custom="structure {type:default;}">
        <Coords points="733,614 733,633 2242,638 2244,614 2244,575 1982,575 1981,573 1967,565 1965,565 1964,565 1962,565 1848,573 1836,575 1690,575 1689,573 1677,565 1675,565 1673,565 1672,565 733,570 733,614"/>
        <Baseline points="733,614 2244,614"/>
        <TextEquiv conf="0.9704851322882885">
          <Unicode>Conseeratur. Vide supra. Sed ex tabula apud Amadesium II. 227: „Anno pont.</Unicode>
        </TextEquiv>
      </TextLine>
      <TextLine id="eSc_line_50e6a3d2" custom="structure {type:default;}">
        <Coords points="780,655 779,668 811,678 813,678 814,678 2240,672 2242,658 2240,633 780,629 780,655"/>
        <Baseline points="780,655 2242,658"/>
        <TextEquiv conf="0.9998867166313258">
          <Unicode>Anastasii pp. I, pridie kal. Sept., ind. XV.“ i. e. 912, consecrationem post diem 31. m.</Unicode>
        </TextEquiv>
      </TextLine>
      <TextLine id="eSc_line_0243d9dd" custom="structure {type:default;}">
        <Coords points="780,695 779,714 818,726 819,726 821,726 870,717 926,726 928,728 1152,728 1152,726 1154,726 1156,726 1166,719 1168,717 1169,719 1184,726 1186,726 1188,726 1256,719 1280,717 1339,719 1461,726 1463,726 1488,721 1510,717 2237,728 2240,699 2239,672 780,668 780,695"/>
        <Baseline points="780,695 2240,699"/>
        <TextEquiv conf="0.9930660545825958">
          <Unicode>Aug. factam esse collegeris; apud Fantuxsi vero, Mon. Rav. II. 364, eadem tabula</Unicode>
        </TextEquiv>
      </TextLine>
      <TextLine id="eSc_line_324df79c" custom="structure {type:default;}">
        <Coords points="777,738 775,762 1159,756 1171,762 1181,765 1183,765 1184,765 1186,765 1195,762 1207,756 1234,762 1269,767 1271,767 1273,767 1274,767 1281,760 1286,758 1388,760 1724,767 1726,767 1728,767 1762,756 1763,741 1760,712 777,712 777,738"/>
        <Baseline points="777,738 1763,741"/>
        <TextEquiv conf="0.9873150124632079">
          <Unicode>die 1. Sept., pont. a. 1, ind. XV. i. e. 911 data dicitur.</Unicode>
        </TextEquiv>
      </TextLine>
      <TextLine id="eSc_line_77dca433" custom="structure {type:default;}">
        <Coords points="716,807 716,826 730,836 731,836 733,836 811,838 813,838 954,835 955,835 972,826 977,824 1032,824 1035,826 1044,835 1044,836 1045,836 1047,836 1049,836 1144,828 1201,823 1215,828 1230,835 1232,835 1234,836 1337,836 1337,835 1361,829 1393,823 1429,829 1446,833 1448,833 1670,831 1670,801 1667,773 1483,760 1482,760 1480,760 1478,760 1478,762 1465,775 1426,775 1415,775 1341,765 1339,765 1337,765 1315,775 1298,763 1297,763 1295,763 1293,763 1291,763 1261,773 1237,767 1235,767 1234,767 1106,777 1105,777 1076,765 1074,765 1072,765 1071,765 1069,765 1050,779 974,779 954,763 952,763 950,763 949,763 731,765 730,765 728,765 714,773 716,807"/>
        <Baseline points="716,807 1670,801"/>
        <TextEquiv conf="0.9806439397590501">
          <Unicode>912. (Int. 15. — 1. S„t. — 1. „ent. „. 1. — — Iaa. — 2.)</Unicode>
        </TextEquiv>
      </TextLine>
      <TextLine id="eSc_line_d57bd3b0" custom="structure {type:default;}">
        <Coords points="310,868 310,909 451,909 451,908 453,908 454,908 470,896 470,863 465,807 308,818 310,868"/>
        <Baseline points="310,868 470,863"/>
        <TextEquiv conf="0.9428397681978014">
          <Unicode>Febr. 10.</Unicode>
        </TextEquiv>
      </TextLine>
      <TextLine id="eSc_line_06c80556" custom="structure {type:default;}">
        <Coords points="735,863 733,879 2239,882 2242,867 2240,838 735,828 735,863"/>
        <Baseline points="735,863 2242,867"/>
        <TextEquiv conf="0.9981724533690027">
          <Unicode>3550 (2722) Ragemberto, episcopo Vercellensi, pallii usum concedit. Attonis Opp. I.</Unicode>
        </TextEquiv>
      </TextLine>
      <TextLine id="eSc_line_c6b392a0" custom="structure {type:default;}">
        <Coords points="775,908 775,926 906,936 908,936 909,936 928,926 930,926 937,926 984,935 986,935 1310,926 1342,926 1356,926 1514,936 1516,936 1577,926 1580,926 1583,926 1679,936 1680,936 1867,926 1882,936 1884,936 1886,936 1887,936 1889,936 1923,928 1940,936 1942,936 1943,938 2071,938 2071,936 2072,936 2098,926 2115,936 2117,936 2118,936 2120,938 2195,938 2195,936 2196,936 2237,924 2237,908 2235,884 775,884 775,908"/>
        <Baseline points="775,908 2237,908"/>
        <TextEquiv conf="0.9976044563686146">
          <Unicode>Praef. p. IX, Arch. st. It. IV. ser. VI. 4, Migne 131 p. 1183. — „Si pastores ovium“.</Unicode>
        </TextEquiv>
      </TextLine>
      <TextLine id="eSc_line_da2debdb" custom="structure {type:default;}">
        <Coords points="713,975 713,994 928,994 928,972 923,938 892,938 891,938 860,923 859,923 857,923 855,923 853,923 830,938 826,940 804,940 801,938 779,924 777,924 775,924 728,924 726,924 724,924 723,924 711,931 713,975"/>
        <Baseline points="713,975 928,972"/>
        <TextEquiv conf="0.9999240338802338">
          <Unicode>911—918.</Unicode>
        </TextEquiv>
      </TextLine>
      <TextLine id="eSc_line_6a11d20e" custom="structure {type:default;}">
        <Coords points="310,1037 310,1089 400,1089 400,1037 400,999 310,999 310,1037"/>
        <Baseline points="310,1037 400,1037"/>
        <TextEquiv conf="0.9987553507089615">
          <Unicode>fan.</Unicode>
        </TextEquiv>
      </TextLine>
      <TextLine id="eSc_line_a9777824" custom="structure {type:default;}">
        <Coords points="719,1033 719,1050 2240,1057 2242,1033 2242,999 719,999 719,1033"/>
        <Baseline points="719,1033 2242,1033"/>
        <TextEquiv conf="0.9995446184819395">
          <Unicode>13551 (2723) Ecclesiae Hamburgensis privilegia, petente Hogero archiepiscopo, confirmat,</Unicode>
        </TextEquiv>
      </TextLine>
      <TextLine id="eSc_line_7d8c1a71" custom="structure {type:default;}">
        <Coords points="779,1077 779,1094 2237,1103 2239,1077 2239,1053 779,1050 779,1077"/>
        <Baseline points="779,1077 2239,1077"/>
        <TextEquiv conf="0.9976689638914885">
          <Unicode>in his ut „episcopi in omnibus gentibus Sueonum seu Danorum, Noruuegorum, lsland,</Unicode>
        </TextEquiv>
      </TextLine>
      <TextLine id="eSc_line_1f5ae06e" custom="structure {type:default;}">
        <Coords points="775,1118 775,1138 2239,1135 2240,1115 2235,1091 774,1093 775,1118"/>
        <Baseline points="775,1118 2240,1115"/>
        <TextEquiv conf="0.9999407756177685">
          <Unicode>Scrideuinnun, Gronlandon et universarum septentrionalium nationum, necnon etiam</Unicode>
        </TextEquiv>
      </TextLine>
      <TextLine id="eSc_line_1b2b0404" custom="structure {type:default;}">
        <Coords points="775,1160 775,1176 2239,1172 2240,1157 2235,1130 774,1132 775,1160"/>
        <Baseline points="775,1160 2240,1157"/>
        <TextEquiv conf="0.991436338140851">
          <Unicode>in illis partibus Sclavorum, quae sunt a flumine Pene usque ad fluvium Egidore . . .</Unicode>
        </TextEquiv>
      </TextLine>
      <TextLine id="eSc_line_50eccfe1" custom="structure {type:default;}">
        <Coords points="775,1201 775,1220 864,1220 865,1220 879,1230 881,1230 882,1230 884,1232 1122,1232 1122,1230 1123,1230 1145,1222 1154,1220 1164,1222 1196,1230 1198,1230 1200,1232 1276,1232 1276,1230 1278,1230 1293,1223 1300,1220 1315,1223 1342,1230 1344,1230 1346,1230 1347,1230 1364,1223 1373,1222 1381,1223 1403,1230 1405,1230 1407,1230 1409,1230 1410,1230 1419,1225 1426,1220 1431,1225 1439,1230 1441,1230 1443,1230 1444,1230 1446,1230 1465,1225 1482,1220 1533,1225 1582,1230 1583,1230 1633,1227 1685,1222 1723,1227 1748,1230 1750,1230 1752,1230 1762,1227 1784,1220 1879,1228 1909,1230 1911,1230 1925,1228 1976,1220 1993,1228 1996,1230 1998,1230 1999,1230 2011,1228 2077,1220 2118,1230 2120,1230 2122,1230 2123,1232 2242,1232 2242,1201 2242,1179 775,1179 775,1201"/>
        <Baseline points="775,1201 2242,1201"/>
        <TextEquiv conf="0.9878810719598697">
          <Unicode>sub archiepiscoporum maneant potestate“. Hogero pallii mitraeque usum concedit.</Unicode>
        </TextEquiv>
      </TextLine>
      <TextLine id="eSc_line_da8eb18b" custom="structure {type:default;}">
        <Coords points="777,1245 777,1262 2237,1266 2240,1242 2235,1216 775,1218 777,1245"/>
        <Baseline points="777,1245 2240,1242"/>
        <TextEquiv conf="0.9936405015843255">
          <Unicode>(„Data p. m. Adriani scriniarii S. R. E. in mense Ian., ind. VIII.“ — In simulatarum</Unicode>
        </TextEquiv>
      </TextLine>
      <TextLine id="eSc_line_80000a7a" custom="structure {type:default;}">
        <Coords points="777,1284 777,1303 2239,1303 2240,1284 2239,1257 777,1257 777,1284"/>
        <Baseline points="777,1284 2240,1284"/>
        <TextEquiv conf="0.9917895074297742">
          <Unicode>numerum relegenda est bulla, non obstante nomine „Adriani scriniarii“, qui sub Io-</Unicode>
        </TextEquiv>
      </TextLine>
      <TextLine id="eSc_line_5d377aff" custom="structure {type:default;}">
        <Coords points="775,1328 775,1342 808,1354 809,1354 811,1354 940,1344 949,1344 1111,1344 1115,1345 1137,1354 1139,1354 1140,1356 1218,1356 1218,1354 1220,1354 1222,1354 1234,1345 1237,1344 1263,1345 1364,1354 1366,1354 1426,1347 1453,1344 1663,1344 1680,1349 1702,1354 1704,1354 1706,1356 1818,1356 1818,1354 1819,1354 1833,1349 1848,1344 1899,1349 1942,1354 1943,1354 1993,1350 2064,1344 2110,1344 2122,1350 2125,1354 2127,1354 2128,1354 2130,1354 2240,1350 2240,1328 2240,1305 775,1305 775,1328"/>
        <Baseline points="775,1328 2240,1328"/>
        <TextEquiv conf="0.995990265356867">
          <Unicode>hanne X. re vera funetus hoc munere est. Vide Roppmann in Zeitschr. d. Hamb.</Unicode>
        </TextEquiv>
      </TextLine>
      <TextLine id="eSc_line_a0c3fff8" custom="structure {type:default;}">
        <Coords points="775,1366 774,1383 2235,1390 2239,1369 2237,1342 775,1340 775,1366"/>
        <Baseline points="775,1366 2239,1369"/>
        <TextEquiv conf="0.9940567650856116">
          <Unicode>Gesch. Ver. V. 531.) Lappenberg Hamb. Urk. I. 38, Diplomatarium Island. p. 43,</Unicode>
        </TextEquiv>
      </TextLine>
      <TextLine id="eSc_line_bfb1b93e" custom="structure {type:default;}">
        <Coords points="775,1410 775,1430 2240,1427 2240,1410 2240,1384 775,1378 775,1410"/>
        <Baseline points="775,1410 2240,1410"/>
        <TextEquiv conf="0.9970501785154466">
          <Unicode>Migne 131 p. 1183. (Cf. Wigger Mecklenburgische Annalen p. 132. not., Forsch.</Unicode>
        </TextEquiv>
      </TextLine>
      <TextLine id="eSc_line_9686fb69" custom="structure {type:default;}">
        <Coords points="775,1452 775,1466 838,1476 840,1476 842,1476 876,1468 903,1478 904,1478 906,1479 972,1479 972,1478 974,1478 976,1478 989,1468 991,1468 998,1468 1089,1478 1091,1478 1093,1478 1120,1469 1123,1468 1127,1469 1144,1478 1145,1478 1147,1478 1149,1478 1179,1469 1181,1469 1217,1478 1218,1478 1220,1478 1222,1478 1224,1478 1224,1476 1232,1469 1234,1468 1298,1468 1302,1469 1308,1476 1308,1478 1310,1478 1312,1478 1314,1478 1429,1471 1478,1468 1490,1471 1512,1478 1514,1478 1516,1478 1517,1478 1531,1471 1534,1469 1539,1471 1558,1478 1560,1478 1561,1478 1685,1471 1685,1452 1684,1429 775,1429 775,1452"/>
        <Baseline points="775,1452 1685,1452"/>
        <TextEquiv conf="0.9995709812641144">
          <Unicode>z. d. Gesch. XXIII. 201.) — „Convenit apostolico“.</Unicode>
        </TextEquiv>
      </TextLine>
      <TextLine id="eSc_line_dd91af58" custom="structure {type:default;}">
        <Coords points="733,1495 733,1525 2242,1525 2242,1495 2242,1468 733,1466 733,1495"/>
        <Baseline points="733,1495 2242,1495"/>
        <TextEquiv conf="0.9902775585651398">
          <Unicode>3552 * Ecclesiae Gradensi privilegium dat. Vide bullam lohannis XIX. d. m. Dec. 1024</Unicode>
        </TextEquiv>
      </TextLine>
      <TextLine id="eSc_line_8c79bfbf" custom="structure {type:default;}">
        <Coords points="774,1537 774,1566 809,1568 811,1568 813,1568 814,1568 816,1566 830,1556 870,1564 886,1568 887,1568 906,1564 949,1556 1044,1563 1091,1564 1093,1564 1095,1564 1105,1561 1111,1558 1118,1561 1130,1566 1132,1566 1134,1566 1135,1566 1137,1566 1137,1564 1142,1559 1147,1556 1156,1559 1174,1566 1176,1566 1178,1566 1298,1558 1322,1556 1329,1556 1376,1566 1378,1566 1380,1566 1381,1566 1397,1556 1398,1554 1409,1556 1475,1564 1476,1564 1478,1564 1517,1552 1517,1534 1514,1510 772,1507 774,1537"/>
        <Baseline points="774,1537 1517,1534"/>
        <TextEquiv conf="0.9692466641083742">
          <Unicode>ap. Ughelli V. 1110, Migne 141 p. 1140.</Unicode>
        </TextEquiv>
      </TextLine>
      <TextLine id="eSc_line_9b5b2b07" custom="structure {type:default;}">
        <Coords points="716,1608 716,1625 816,1629 818,1605 814,1564 748,1551 746,1551 745,1551 714,1564 716,1608"/>
        <Baseline points="716,1608 818,1605"/>
        <TextEquiv conf="0.9999982416629791">
          <Unicode>918.</Unicode>
        </TextEquiv>
      </TextLine>
      <TextLine id="eSc_line_efecccd6" custom="structure {type:default;}">
        <Coords points="308,1661 308,1705 322,1715 324,1715 325,1715 327,1715 329,1715 331,1715 342,1705 346,1704 454,1715 456,1661 454,1581 308,1588 308,1661"/>
        <Baseline points="308,1661 456,1661"/>
        <TextEquiv conf="0.9800501108169556">
          <Unicode>„ Ler</Unicode>
        </TextEquiv>
      </TextLine>
      <TextLine id="eSc_line_fc3605f6" custom="structure {type:default;}">
        <Coords points="733,1663 733,1697 2047,1702 2049,1659 2045,1624 1923,1612 1879,1612 1877,1612 1875,1612 1874,1612 1860,1622 1785,1612 1784,1612 1782,1612 1760,1624 1668,1624 1616,1612 1614,1612 1612,1612 1570,1622 1556,1612 1555,1612 1553,1612 1390,1612 1388,1612 1334,1622 1307,1614 1305,1614 1303,1614 1302,1614 1300,1614 1286,1624 1161,1614 1159,1614 1157,1614 1156,1614 1137,1624 1137,1625 1123,1625 886,1625 842,1614 840,1614 838,1614 772,1624 758,1614 757,1614 755,1614 753,1614 752,1614 731,1622 733,1663"/>
        <Baseline points="733,1663 2049,1659"/>
        <TextEquiv conf="0.9553144093070711">
          <Unicode>Morienr, eun entalogi. Lendibn sedieet a. 2 m. 2 (al. a. 2 m. 1 4. 22)</Unicode>
        </TextEquiv>
      </TextLine>
      <TextLine id="eSc_line_e7bce9b6" custom="structure {type:default;}">
        <Coords points="716,1963 714,1985 767,1995 769,1995 816,1985 818,1967 818,1912 716,1912 716,1963"/>
        <Baseline points="716,1963 818,1967"/>
        <TextEquiv conf="0.9997937232255936">
          <Unicode>913.</Unicode>
        </TextEquiv>
      </TextLine>
      <TextLine id="eSc_line_86d3959c" custom="structure {type:default;}">
        <Coords points="1225,1924 1225,1951 1239,1961 1241,1961 1242,1961 1244,1961 1274,1955 1283,1961 1283,1963 1285,1963 1286,1963 1288,1963 1446,1958 1448,1958 1449,1958 1461,1950 1463,1950 1471,1951 1531,1960 1533,1960 1578,1951 1592,1950 1602,1951 1634,1963 1636,1963 1638,1963 1639,1963 1658,1953 1660,1951 1660,1953 1667,1958 1667,1960 1668,1960 1670,1960 1672,1960 1743,1953 1743,1924 1743,1872 1697,1858 1695,1858 1653,1858 1651,1858 1650,1858 1648,1858 1628,1872 1626,1873 1590,1873 1589,1870 1573,1858 1572,1858 1570,1858 1568,1858 1512,1860 1510,1860 1493,1870 1488,1872 1473,1870 1414,1858 1412,1858 1347,1866 1334,1860 1332,1860 1330,1860 1329,1860 1315,1866 1308,1870 1303,1866 1285,1858 1283,1858 1281,1858 1225,1865 1225,1924"/>
        <Baseline points="1225,1924 1743,1924"/>
        <TextEquiv conf="0.9809522979399737">
          <Unicode>1. 4700. 913 914.</Unicode>
        </TextEquiv>
      </TextLine>
      <TextLine id="eSc_line_ab693a84" custom="structure {type:default;}">
        <Coords points="310,2021 308,2038 451,2057 454,2024 454,1980 392,1967 390,1967 310,1972 310,2021"/>
        <Baseline points="310,2021 454,2024"/>
        <TextEquiv conf="0.8953395741326469">
          <Unicode>c. Aug.</Unicode>
        </TextEquiv>
      </TextLine>
      <TextLine id="eSc_line_7b4532d3" custom="structure {type:default;}">
        <Coords points="730,2012 730,2033 804,2046 806,2046 984,2043 986,2043 988,2043 988,2041 991,2040 996,2034 1044,2034 1052,2041 1055,2045 1057,2045 1059,2045 1061,2046 1242,2046 1242,2012 1242,1975 1103,1967 1101,1967 1030,1978 999,1982 976,1978 896,1967 894,1967 892,1967 848,1980 843,1984 730,1984 730,2012"/>
        <Baseline points="730,2012 1242,2012"/>
        <TextEquiv conf="0.9847769985596339">
          <Unicode>Conaeeratur. Vide supra.</Unicode>
        </TextEquiv>
      </TextLine>
      <TextLine id="eSc_line_36406b33" custom="structure {type:default;}">
        <Coords points="714,2082 714,2114 803,2114 804,2114 825,2102 825,2079 821,2043 713,2036 714,2082"/>
        <Baseline points="714,2082 825,2079"/>
        <TextEquiv conf="0.9999974370002747">
          <Unicode>914.</Unicode>
        </TextEquiv>
      </TextLine>
      <TextLine id="eSc_line_e77efb97" custom="structure {type:default;}">
        <Coords points="308,2146 308,2208 342,2219 344,2219 346,2219 348,2219 390,2209 431,2219 432,2219 434,2219 436,2219 458,2208 458,2146 458,2101 358,2085 356,2085 354,2085 308,2101 308,2146"/>
        <Baseline points="308,2146 458,2146"/>
        <TextEquiv conf="0.911723772684733">
          <Unicode>„ B</Unicode>
        </TextEquiv>
      </TextLine>
      <TextLine id="eSc_line_d4a47c10" custom="structure {type:default;}">
        <Coords points="736,2138 736,2167 782,2158 1049,2158 1064,2165 1067,2167 1069,2167 1071,2167 1072,2167 1078,2165 1100,2158 1181,2165 1218,2167 1220,2167 1222,2167 1224,2167 1227,2163 1237,2157 1259,2163 1264,2165 1266,2165 1268,2165 1288,2163 1363,2157 1599,2157 1607,2162 1612,2165 1614,2165 1616,2165 1617,2165 1665,2162 1736,2155 1791,2160 1821,2163 1823,2163 1864,2160 1920,2155 1954,2160 1986,2163 1987,2163 2235,2157 2237,2133 2232,2090 2135,2094 2133,2094 2132,2094 2115,2106 2067,2092 2064,2090 2062,2090 2060,2090 2059,2090 2054,2092 1998,2106 1886,2094 1857,2090 1740,2090 1738,2090 1736,2090 1735,2090 1729,2096 1711,2109 1330,2109 1317,2099 1307,2092 1305,2092 1303,2092 1302,2092 1256,2099 1198,2111 870,2111 862,2104 855,2099 853,2099 852,2099 850,2099 848,2099 830,2104 814,2107 801,2104 774,2097 772,2097 770,2097 735,2104 736,2138"/>
        <Baseline points="736,2138 2237,2133"/>
        <TextEquiv conf="0.9926384775726883">
          <Unicode>Moritur, moderatus ecclesiam per m. 6 d. 11, testante Flodoardo in vera. de pont.</Unicode>
        </TextEquiv>
      </TextLine>
      <TextLine id="eSc_line_d0d879b2" custom="structure {type:default;}">
        <Coords points="780,2180 780,2204 2237,2204 2237,2180 2237,2155 780,2148 780,2180"/>
        <Baseline points="780,2180 2237,2180"/>
        <TextEquiv conf="0.9994927778840065">
          <Unicode>Rom. ap. Mabillon Acta SS. ord. Ben. saec. III. P. II. 607 ap. Migne 135 p. 831,</Unicode>
        </TextEquiv>
      </TextLine>
      <TextLine id="eSc_line_653d20d3" custom="structure {type:default;}">
        <Coords points="779,2223 779,2242 884,2248 886,2248 937,2238 937,2223 937,2196 779,2192 779,2223"/>
        <Baseline points="779,2223 937,2223"/>
        <TextEquiv conf="0.999999463558197">
          <Unicode>ubi pro:</Unicode>
        </TextEquiv>
      </TextLine>
      <TextLine id="eSc_line_31acad3c" custom="structure {type:default;}">
        <Coords points="988,2262 986,2279 1025,2291 1027,2291 1028,2291 1081,2282 1123,2291 1125,2291 1127,2291 1128,2291 1128,2289 1137,2282 1139,2281 1151,2282 1212,2291 1213,2291 1215,2291 1237,2284 1244,2281 1247,2284 1254,2289 1254,2291 1256,2291 1257,2291 1259,2291 1297,2284 1303,2284 1334,2286 1468,2292 1470,2292 1471,2292 1482,2287 1492,2282 1536,2289 1558,2291 1560,2291 1573,2289 1611,2282 1619,2289 1621,2291 1621,2292 1622,2292 1624,2292 1626,2294 1660,2294 1660,2292 1662,2292 1663,2292 1663,2291 1665,2291 1673,2282 1733,2282 1847,2292 1850,2265 1848,2228 988,2225 988,2262"/>
        <Baseline points="988,2262 1850,2265"/>
        <TextEquiv conf="0.9994297769334581">
          <Unicode>„Quando dein summam Petri subit ordine sedem,</Unicode>
        </TextEquiv>
      </TextLine>
      <TextLine id="eSc_line_6ce4cf34" custom="structure {type:default;}">
        <Coords points="775,2348 775,2372 809,2387 811,2387 813,2389 945,2389 945,2387 947,2387 949,2387 949,2386 960,2374 1032,2372 1032,2348 1032,2311 831,2296 830,2296 828,2296 775,2309 775,2348"/>
        <Baseline points="775,2348 1032,2348"/>
        <TextEquiv conf="0.9740096288067954">
          <Unicode>legendum. est.</Unicode>
        </TextEquiv>
      </TextLine>
      <TextLine id="eSc_line_c53d6607" custom="structure {type:default;}">
        <Coords points="989,2306 989,2330 1794,2333 1797,2301 1792,2279 988,2281 989,2306"/>
        <Baseline points="989,2306 1797,2301"/>
        <TextEquiv conf="0.9894947531548414">
          <Unicode>Mensibus hanc coluit sex ut denisque diebus“</Unicode>
        </TextEquiv>
      </TextLine>
      <TextLine id="eSc_line_7246aa11" custom="structure {type:default;}">
        <Coords points="989,2391 989,2413 1134,2404 1232,2404 1242,2413 1242,2415 1244,2415 1246,2415 1247,2415 1268,2413 1388,2404 1410,2413 1414,2415 1415,2415 1417,2415 1476,2413 1476,2391 1476,2365 989,2365 989,2391"/>
        <Baseline points="989,2391 1476,2391"/>
        <TextEquiv conf="0.9981184850136439">
          <Unicode>„Lando dein summam etc.,</Unicode>
        </TextEquiv>
      </TextLine>
      <TextLine id="eSc_line_b56bafbb" custom="structure {type:default;}">
        <Coords points="989,2427 988,2450 1261,2447 1286,2450 1312,2455 1314,2455 1407,2450 1446,2449 1480,2450 1622,2457 1624,2457 1689,2449 1694,2449 1697,2449 1772,2457 1774,2457 1825,2447 1826,2430 1825,2404 989,2399 989,2427"/>
        <Baseline points="989,2427 1826,2430"/>
        <TextEquiv conf="0.989375193010677">
          <Unicode>Mensibus hanc coluit sex undenisque diebus“,</Unicode>
        </TextEquiv>
      </TextLine>
      <TextLine id="eSc_line_979f2989" custom="structure {type:default;}">
        <Coords points="780,2474 780,2489 2237,2488 2239,2471 2235,2444 779,2440 780,2474"/>
        <Baseline points="780,2474 2239,2471"/>
        <TextEquiv conf="0.9930390308174906">
          <Unicode>ut recte opinati sunt Jaffé in Reg. Pont. Rom. ed. pr. p. 309 et Duret ap. Kopp</Unicode>
        </TextEquiv>
      </TextLine>
      <TextLine id="eSc_line_f81f12b3" custom="structure {type:default;}">
        <Coords points="777,2513 777,2527 799,2537 801,2537 803,2537 894,2528 898,2528 989,2528 991,2528 1003,2537 1005,2537 1006,2537 1008,2539 1168,2539 1168,2537 1169,2537 1171,2537 1181,2530 1183,2528 1203,2530 1263,2537 1264,2537 1308,2532 1332,2528 2127,2528 2234,2537 2235,2513 2235,2491 2181,2481 2179,2481 2120,2489 2086,2481 2084,2481 2083,2481 2023,2489 1741,2481 1740,2481 1738,2481 1719,2491 1505,2491 1417,2481 1415,2481 1330,2489 1263,2481 1261,2481 1173,2489 1159,2481 1157,2481 1156,2481 1154,2481 1115,2489 1079,2481 1078,2481 1076,2481 884,2489 872,2481 870,2481 869,2481 867,2481 823,2489 799,2481 797,2481 796,2481 794,2481 777,2489 777,2513"/>
        <Baseline points="777,2513 2235,2513"/>
        <TextEquiv conf="0.9931159669702704">
          <Unicode>Gesch. aus d. Schweiz II. 291. — Landonem die 5. Febr. adhuc in vivis fuisse,</Unicode>
        </TextEquiv>
      </TextLine>
      <TextLine id="eSc_line_612791f5" custom="structure {type:default;}">
        <Coords points="777,2557 777,2579 2242,2571 2242,2552 2239,2530 1796,2522 1794,2522 1755,2530 1750,2532 775,2532 777,2557"/>
        <Baseline points="777,2557 2242,2552"/>
        <TextEquiv conf="0.9999140633477105">
          <Unicode>docet tabula ap. Amadesium Ant. Rav. II. 229 et Fantuzzi Mon. Rav. V. 160, in qua</Unicode>
        </TextEquiv>
      </TextLine>
      <TextLine id="eSc_line_4e42d9b2" custom="structure {type:default;}">
        <Coords points="779,2598 779,2635 848,2630 862,2635 884,2645 886,2645 887,2647 1100,2647 1100,2645 1101,2645 1123,2635 1135,2630 1263,2628 1285,2635 1288,2637 1290,2637 1291,2637 1320,2635 1460,2628 1483,2635 1492,2639 1493,2639 1495,2639 1587,2635 1719,2632 1728,2635 1735,2640 1736,2640 1738,2640 1740,2640 1775,2635 1823,2630 1843,2635 1864,2642 1865,2642 1867,2644 1996,2644 1996,2642 1998,2642 2020,2635 2054,2627 2145,2627 2159,2635 2164,2640 2166,2640 2167,2640 2169,2640 2235,2635 2235,2593 2232,2569 777,2569 779,2598"/>
        <Baseline points="779,2598 2235,2593"/>
        <TextEquiv conf="0.9884633501855339">
          <Unicode>sic legitur: „Anno pont. d. Landonis papae I. die 5. m. Febr, ind. II.“ i. e. 914.</Unicode>
        </TextEquiv>
      </TextLine>
    </TextRegion>
    <TextRegion id="eSc_textblock_32b49b7a"  custom="structure {type:default;}">
      <Coords points="758,88 1802,88 1898,95 1911,154 651,168 624,140 631,101 758,88"/>
      <TextLine id="eSc_line_694c4f2f" custom="structure {type:default;}">
        <Coords points="655,147 655,164 1881,166 1884,142 1882,110 1857,96 1855,96 1853,96 1765,106 1672,95 1670,95 1668,95 1622,108 1597,91 1595,91 1594,91 1533,91 1531,91 1439,112 1295,112 1261,93 1259,93 1257,93 1256,93 1210,110 1144,100 1142,100 1052,112 1008,95 1006,95 1005,95 1003,95 949,112 901,95 899,95 699,95 697,95 696,95 653,112 655,147"/>
        <Baseline points="655,147 1884,142"/>
        <TextEquiv conf="0.9795762428215572">
          <Unicode>ANASTASIUS III. 911—913. — LANDO. 913—914.</Unicode>
        </TextEquiv>
      </TextLine>
    </TextRegion>
    <TextRegion id="eSc_textblock_4d0027f8"  custom="structure {type:default;}">
      <Coords points="512,502 514,521 509,521 509,502 512,502"/>
    </TextRegion>
    <TextRegion id="eSc_textblock_c4dc9ef9"  custom="structure {type:default;}">
      <Coords points="512,760 521,772 509,785 509,760 512,760"/>
    </TextRegion>
  </Page>
</PcGts>
