<?xml version="1.0" encoding="UTF-8"  standalone="yes"?>
<PcGts xmlns="http://schema.primaresearch.org/PAGE/gts/pagecontent/2019-07-15" xmlns:xsi="http://www.w3.org/2001/XMLSchema-instance" xsi:schemaLocation="http://schema.primaresearch.org/PAGE/gts/pagecontent/2019-07-15 http://schema.primaresearch.org/PAGE/gts/pagecontent/2019-07-15/pagecontent.xsd">
  <Metadata externalRef="pdf//regestapontificu01cath.pdf">
	<Creator>escriptorium</Creator>
	<Created>2026-02-12T11:31:38.779715+00:00</Created>
        <LastChange>2026-02-13T10:52:57.354994+00:00</LastChange>
  </Metadata>
  <Page imageFilename="regestapontificu01cath.pdf_page_283.png" imageWidth="2278" imageHeight="3076">
    <TextRegion id="eSc_textblock_7d2123ed"  custom="structure {type:default;}">
      <Coords points="201,239 271,246 287,321 314,273 382,259 2066,266 2093,410 2059,492 2079,724 2066,1215 2093,1237 2072,1271 2066,2520 818,2520 519,2554 499,2493 483,2657 464,2657 442,2575 293,2547 273,2295 258,2554 211,2575 88,2547 54,2315 54,464 68,321 143,246 201,239"/>
      <TextLine id="eSc_line_726403c5" custom="structure {type:default;}">
        <Coords points="507,423 507,440 555,454 557,454 558,454 622,446 622,420 616,365 557,372 540,357 538,357 538,355 536,355 534,355 504,355 507,423"/>
        <Baseline points="507,423 622,420"/>
        <TextEquiv conf="0.9945441037416458">
          <Unicode>666.</Unicode>
        </TextEquiv>
      </TextLine>
      <TextLine id="eSc_line_98b0c45c" custom="structure {type:default;}">
        <Coords points="1009,381 1009,401 1035,411 1037,411 1039,413 1150,413 1150,411 1151,411 1177,401 1201,410 1203,410 1204,410 1245,401 1515,410 1517,410 1519,410 1544,398 1544,377 1539,328 1373,333 1356,331 1285,317 1283,317 1281,317 1279,317 1262,333 1259,336 1240,336 1237,333 1223,321 1223,319 1221,319 1220,319 1218,319 1153,328 1056,319 1054,319 1052,319 1008,334 1009,381"/>
        <Baseline points="1009,381 1544,377"/>
        <TextEquiv conf="0.999762217203776">
          <Unicode>C070X. 686 687.</Unicode>
        </TextEquiv>
      </TextLine>
      <TextLine id="eSc_line_a96701ac" custom="structure {type:default;}">
        <Coords points="95,483 95,512 259,512 261,512 280,504 569,504 596,512 598,512 599,512 695,504 893,510 895,510 897,510 915,502 1114,510 1117,510 1119,510 1121,510 1151,502 1230,510 1235,510 1237,510 1252,510 1517,500 1572,509 1573,509 2040,507 2042,478 2038,451 1796,451 1792,449 1722,430 1720,430 1719,430 1626,449 1620,449 1609,449 1543,440 1541,440 1500,447 1491,449 1488,447 1461,434 1459,434 1457,434 1387,447 1368,451 1278,447 1156,442 1155,442 1073,447 1018,449 1011,446 984,432 982,432 980,432 823,446 741,452 654,446 528,434 526,434 93,442 95,483"/>
        <Baseline points="95,483 2042,478"/>
        <TextEquiv conf="0.98841818098752">
          <Unicode>Aug. Ocl. In episcopi Eligitur a „sacerdotibus et elero“ (qui antea de Petro archiprest„tero consenseraty-</Unicode>
        </TextEquiv>
      </TextLine>
      <TextLine id="eSc_line_6f57ac28" custom="structure {type:default;}">
        <Coords points="280,524 280,572 422,562 500,570 502,521 497,490 278,498 280,524"/>
        <Baseline points="280,524 502,521"/>
        <TextEquiv conf="0.9659247886050831">
          <Unicode>Lateranen-i</Unicode>
        </TextEquiv>
      </TextLine>
      <TextLine id="eSc_line_784067bc" custom="structure {type:default;}">
        <Coords points="569,524 569,540 2043,541 2045,521 2040,497 567,498 569,524"/>
        <Baseline points="569,524 2045,521"/>
        <TextEquiv conf="0.9944238383558732">
          <Unicode>„e vestigio autem iudices una cum primatibus exercitus ... in eius laudem omnes</Unicode>
        </TextEquiv>
      </TextLine>
      <TextLine id="eSc_line_afdb5beb" custom="structure {type:default;}">
        <Coords points="572,563 572,581 2040,584 2042,563 2042,538 572,538 572,563"/>
        <Baseline points="572,563 2042,563"/>
        <TextEquiv conf="0.9980605986060166">
          <Unicode>simul adclamant; videns autem exercitus (qui cligi Theodorum presbyterum volucrat)</Unicode>
        </TextEquiv>
      </TextLine>
      <TextLine id="eSc_line_e835d51c" custom="structure {type:default;}">
        <Coords points="572,608 572,623 603,633 604,633 606,635 777,635 777,633 779,633 803,625 806,625 821,625 915,633 917,635 1050,635 1050,633 1052,633 1068,627 1076,625 2040,633 2042,608 2040,582 572,582 572,608"/>
        <Baseline points="572,608 2042,608"/>
        <TextEquiv conf="0.9975945526777312">
          <Unicode>unanimitatem cleri populique in decreto eius subscribentium, post aliquot dies et ipsi</Unicode>
        </TextEquiv>
      </TextLine>
      <TextLine id="eSc_line_206c7cc6" custom="structure {type:default;}">
        <Coords points="572,647 570,668 2038,675 2042,651 2040,623 572,622 572,647"/>
        <Baseline points="572,647 2042,651"/>
        <TextEquiv conf="0.9989556890158426">
          <Unicode>flectuntur et consentiunt in persona praedicti s. viri, atque in eius decreto devota</Unicode>
        </TextEquiv>
      </TextLine>
      <TextLine id="eSc_line_b5e90384" custom="structure {type:default;}">
        <Coords points="99,779 170,772 266,777 270,734 270,697 218,685 217,685 196,688 162,693 102,678 100,729 99,779"/>
        <Baseline points="100,729 270,734"/>
        <TextEquiv conf="0.9835274294018745">
          <Unicode>(ua. 21.</Unicode>
        </TextEquiv>
      </TextLine>
      <TextLine id="eSc_line_2fa95417" custom="structure {type:default;}">
        <Coords points="572,692 572,707 1693,710 1695,692 1693,664 572,664 572,692"/>
        <Baseline points="572,692 1695,692"/>
        <TextEquiv conf="0.9943253085726783">
          <Unicode>mente subscribunt“. Vita Cononis in Vignolii lib. pont. I. 298.</Unicode>
        </TextEquiv>
      </TextLine>
      <TextLine id="eSc_line_66f62731" custom="structure {type:default;}">
        <Coords points="522,734 522,755 598,767 599,769 760,769 760,767 762,767 796,755 798,755 825,765 827,765 828,765 895,757 910,767 912,767 914,767 915,769 980,769 980,767 982,767 1004,755 1025,767 1027,767 1028,769 1119,769 1119,767 1121,767 1153,755 1227,767 1228,767 1274,765 1276,765 1278,765 1293,753 1295,753 1510,753 1512,753 1531,765 1532,765 1534,765 1536,765 1538,765 1579,753 1580,753 1582,753 1613,765 1614,765 1616,767 1702,767 1702,765 1703,765 1729,753 1780,753 1797,765 1799,765 1801,765 1802,765 1804,765 1833,753 1934,753 1936,731 1931,709 521,710 522,734"/>
        <Baseline points="522,734 1936,731"/>
        <TextEquiv conf="0.9953497558423917">
          <Unicode>Consecratur, cum sedes vacasset menses 2, d. 18. Vita lohannis V. p. 297.</Unicode>
        </TextEquiv>
      </TextLine>
      <TextLine id="eSc_line_fe5e9ce6" custom="structure {type:default;}">
        <Coords points="507,835 622,825 647,828 693,837 695,837 697,837 745,823 745,803 745,770 690,755 688,755 686,755 645,763 606,770 591,758 589,757 587,757 586,757 584,757 577,757 540,762 509,751 507,803 507,835"/>
        <Baseline points="507,803 745,803"/>
        <TextEquiv conf="0.9999894963370429">
          <Unicode>686— 687.</Unicode>
        </TextEquiv>
      </TextLine>
      <TextLine id="eSc_line_c6398c6b" custom="structure {type:default;}">
        <Coords points="531,861 531,880 1004,888 1006,888 1174,878 1192,878 1220,878 1486,886 1488,886 1534,876 1541,876 1601,876 2002,885 2004,885 2006,885 2043,874 2043,856 2038,830 1534,830 1532,830 1510,818 1508,818 1411,816 1409,816 1408,816 1365,830 1363,832 1303,832 1302,830 1285,820 1283,820 1281,820 1279,820 1192,830 1189,830 1158,815 1156,815 1052,815 1050,815 714,816 649,828 603,816 601,816 599,816 529,830 531,861"/>
        <Baseline points="531,861 2043,856"/>
        <TextEquiv conf="0.997972513537809">
          <Unicode>„Lltra consuetudinem absque consensu cleri, ex immissione malorum hominum, in anti-</Unicode>
        </TextEquiv>
      </TextLine>
      <TextLine id="eSc_line_dc20192b" custom="structure {type:default;}">
        <Coords points="572,902 572,922 2040,919 2042,898 2037,874 570,876 572,902"/>
        <Baseline points="572,902 2042,898"/>
        <TextEquiv conf="0.9998435225428605">
          <Unicode>pathia ecclesiasticorum, Constantinum, diaconum ecclesiae Syracusanae, rectorem in</Unicode>
        </TextEquiv>
      </TextLine>
      <TextLine id="eSc_line_228309b1" custom="structure {type:default;}">
        <Coords points="574,945 574,967 2042,958 2043,941 2038,912 572,917 574,945"/>
        <Baseline points="574,945 2043,941"/>
        <TextEquiv conf="0.9999930166903838">
          <Unicode>patrimonio Siciliae constituit, hominem perperam et tergiversutum; sed et mappulo</Unicode>
        </TextEquiv>
      </TextLine>
      <TextLine id="eSc_line_0accc735" custom="structure {type:default;}">
        <Coords points="574,987 574,1008 610,1018 611,1018 613,1018 668,1008 675,1008 681,1008 763,1018 765,1020 974,1020 974,1018 975,1018 999,1008 1003,1008 1158,1018 1160,1018 1162,1018 1182,1006 1184,1006 1185,1006 1211,1016 1213,1016 1215,1016 1317,1006 1329,1006 1403,1006 1404,1006 1426,1016 1428,1016 1430,1016 1432,1016 1473,1006 1474,1006 1476,1006 1500,1016 1502,1016 1503,1016 1751,1004 1753,984 1749,962 608,955 606,955 604,955 572,963 574,987"/>
        <Baseline points="574,987 1753,984"/>
        <TextEquiv conf="0.9928979781957773">
          <Unicode>uti ad caballieandum ei licentiam concedir“. Vita Cononis p. 300.</Unicode>
        </TextEquiv>
      </TextLine>
      <TextLine id="eSc_line_53e949a6" custom="structure {type:default;}">
        <Coords points="507,1052 505,1078 541,1088 543,1088 545,1088 620,1074 622,1056 622,1021 560,1008 558,1008 507,1016 507,1052"/>
        <Baseline points="507,1052 622,1056"/>
        <TextEquiv conf="0.9999933242797852">
          <Unicode>687.</Unicode>
        </TextEquiv>
      </TextLine>
      <TextLine id="eSc_line_ec5704c1" custom="structure {type:default;}">
        <Coords points="528,1112 528,1131 717,1143 719,1143 765,1134 774,1132 784,1134 840,1143 842,1144 946,1144 946,1143 948,1143 950,1143 960,1134 963,1132 982,1136 1032,1143 1033,1143 1098,1136 1138,1132 1315,1132 1331,1138 1343,1143 1344,1143 1346,1144 1418,1144 1418,1143 1420,1143 1421,1143 1426,1139 1437,1132 1555,1132 1568,1139 1572,1143 1573,1143 1575,1143 1577,1143 1594,1139 1637,1132 1688,1141 1703,1143 1705,1143 1707,1143 1714,1141 1744,1132 1756,1141 1758,1143 1760,1143 1761,1143 1763,1144 1891,1144 1891,1143 1893,1143 1895,1143 1913,1132 1972,1132 2040,1143 2042,1112 2042,1069 1975,1069 1973,1069 1972,1069 1948,1080 1905,1069 1900,1069 1898,1069 1842,1069 1466,1080 1399,1073 1351,1069 1350,1069 1327,1074 1302,1081 1138,1081 1119,1076 1097,1071 840,1069 839,1069 787,1078 777,1081 615,1081 613,1080 591,1071 589,1071 587,1071 528,1080 528,1112"/>
        <Baseline points="528,1112 2042,1112"/>
        <TextEquiv conf="0.9915210943330418">
          <Unicode>Obiit „diutina infirmitate detentus, ut vix ordinationes sacras explere potui-set“. Vita</Unicode>
        </TextEquiv>
      </TextLine>
      <TextLine id="eSc_line_5289fd09" custom="structure {type:default;}">
        <Coords points="569,1151 567,1168 856,1172 859,1155 857,1131 569,1127 569,1151"/>
        <Baseline points="569,1151 859,1155"/>
        <TextEquiv conf="0.9999619523684183">
          <Unicode>Cononis p. 301.</Unicode>
        </TextEquiv>
      </TextLine>
      <TextLine id="eSc_line_0ea61ca3" custom="structure {type:default;}">
        <Coords points="100,1197 100,1226 121,1237 123,1237 124,1237 529,1226 772,1220 955,1220 986,1226 1018,1235 1020,1235 1021,1235 1068,1226 1083,1225 1170,1226 1266,1230 1268,1230 1269,1230 1276,1228 1293,1220 1356,1228 1392,1232 1394,1232 1421,1228 1481,1218 1551,1218 1592,1228 1614,1233 1616,1233 1618,1233 1669,1228 1765,1218 1835,1228 1859,1232 1861,1232 2045,1228 2045,1192 2040,1153 1787,1163 1618,1153 1616,1153 1531,1167 1423,1156 1421,1156 1324,1168 1138,1155 1136,1155 1134,1155 1085,1168 1052,1158 1050,1158 1049,1158 926,1168 886,1156 885,1156 883,1156 743,1170 550,1160 548,1160 546,1160 524,1170 469,1144 468,1144 466,1144 99,1144 100,1197"/>
        <Baseline points="100,1197 2045,1192"/>
        <TextEquiv conf="0.9746815827157762">
          <Unicode>Sept. 22 A4L. Feurum Sepelitur die 22. m. Sept.“, eeclesia per menvea 11 administrata. Vita Coneni-</Unicode>
        </TextEquiv>
      </TextLine>
      <TextLine id="eSc_line_f385c78f" custom="structure {type:default;}">
        <Coords points="574,1242 574,1264 688,1274 690,1274 692,1274 693,1274 709,1262 710,1261 714,1262 751,1273 753,1273 755,1273 757,1273 806,1259 806,1238 803,1216 688,1208 686,1208 572,1218 574,1242"/>
        <Baseline points="574,1242 806,1238"/>
        <TextEquiv conf="0.9996405045191447">
          <Unicode>p. 298. 302.</Unicode>
        </TextEquiv>
      </TextLine>
      <TextLine id="eSc_line_0d8cf71d" custom="structure {type:default;}">
        <Coords points="678,1394 678,1404 717,1418 719,1391 709,1346 675,1365 678,1394"/>
        <Baseline points="678,1394 719,1391"/>
        <TextEquiv conf="0.9113979339599609">
          <Unicode>„</Unicode>
        </TextEquiv>
      </TextLine>
      <TextLine id="eSc_line_4df5d81d" custom="structure {type:default;}">
        <Coords points="507,1561 507,1592 620,1580 620,1561 620,1519 582,1507 581,1507 579,1507 577,1507 558,1514 551,1515 507,1508 507,1561"/>
        <Baseline points="507,1561 620,1561"/>
        <TextEquiv conf="0.9991339445114136">
          <Unicode>687.</Unicode>
        </TextEquiv>
      </TextLine>
      <TextLine id="eSc_line_b1d6ee52" custom="structure {type:default;}">
        <Coords points="799,1517 799,1551 859,1543 902,1549 904,1549 905,1549 907,1549 907,1548 919,1536 955,1536 992,1549 996,1549 998,1549 999,1549 1057,1548 1059,1548 1061,1548 1061,1546 1074,1536 1163,1536 1175,1546 1179,1548 1179,1549 1180,1549 1182,1549 1184,1549 1346,1548 1348,1548 1367,1543 1401,1534 1577,1536 1582,1539 1592,1548 1594,1548 1596,1548 1597,1548 1599,1548 1626,1539 1637,1536 1652,1538 1688,1544 1690,1544 1763,1536 1765,1514 1761,1469 1664,1461 1662,1461 1661,1461 1637,1467 1621,1471 1616,1467 1608,1461 1606,1461 1604,1461 1602,1461 1570,1466 1553,1469 1548,1466 1524,1450 1522,1450 1520,1450 1519,1450 1450,1459 1449,1459 1447,1459 1447,1461 1442,1466 1435,1473 1293,1473 1283,1464 1283,1462 1281,1462 1279,1462 1278,1462 1259,1462 1156,1471 1139,1462 1126,1452 1124,1452 1122,1452 1121,1452 1066,1461 1054,1462 1049,1461 1030,1452 1028,1452 1027,1452 1025,1452 1023,1452 1023,1454 1015,1461 1006,1469 986,1461 967,1452 965,1452 963,1452 962,1452 939,1459 933,1462 927,1459 917,1452 915,1452 914,1452 912,1452 798,1457 799,1517"/>
        <Baseline points="799,1517 1765,1514"/>
        <TextEquiv conf="0.9942020100931968">
          <Unicode>P48014118 antipapa. 6S: c. 692.</Unicode>
        </TextEquiv>
      </TextLine>
      <TextLine id="eSc_line_77bc300b" custom="structure {type:default;}">
        <Coords points="529,1620 529,1642 2042,1640 2043,1616 2038,1580 946,1587 943,1587 904,1577 902,1577 900,1577 777,1585 592,1577 591,1577 528,1589 529,1620"/>
        <Baseline points="529,1620 2043,1616"/>
        <TextEquiv conf="0.9993722572046168">
          <Unicode>„Archidiaconus Paschalis videns sanetum pontificem (Cononem) infirmitate constrictum,</Unicode>
        </TextEquiv>
      </TextLine>
      <TextLine id="eSc_line_5b9d4403" custom="structure {type:default;}">
        <Coords points="570,1661 570,1678 2040,1679 2043,1661 2042,1633 570,1633 570,1661"/>
        <Baseline points="570,1661 2043,1661"/>
        <TextEquiv conf="0.9988624166293316">
          <Unicode>scribit Ravennam Iohanni glorioso novo patricio et exarcho, promittens ei dationem,</Unicode>
        </TextEquiv>
      </TextLine>
      <TextLine id="eSc_line_a1964056" custom="structure {type:default;}">
        <Coords points="570,1700 570,1719 2045,1719 2045,1700 2045,1676 570,1676 570,1700"/>
        <Baseline points="570,1700 2045,1700"/>
        <TextEquiv conf="0.9982292983267043">
          <Unicode>ut persona eius ad pontificatum eligatur; qui statim mandat de Ravenna suis iudi-</Unicode>
        </TextEquiv>
      </TextLine>
      <TextLine id="eSc_line_9c3ce6b2" custom="structure {type:default;}">
        <Coords points="570,1744 570,1772 676,1763 739,1772 741,1772 743,1772 745,1772 786,1763 1233,1770 1235,1770 1326,1761 1387,1770 1389,1770 1488,1761 1526,1770 1527,1770 1529,1770 1531,1770 1567,1761 2040,1770 2043,1741 2038,1715 569,1719 570,1744"/>
        <Baseline points="570,1744 2043,1741"/>
        <TextEquiv conf="0.9901774789713607">
          <Unicode>cibus, quos Romae ordinavit et direxit ad disponendam civitatem, ut post mortem</Unicode>
        </TextEquiv>
      </TextLine>
      <TextLine id="eSc_line_cc3c5faa" custom="structure {type:default;}">
        <Coords points="569,1787 569,1802 1148,1811 1150,1811 1833,1799 1835,1784 1831,1760 659,1753 657,1753 567,1761 569,1787"/>
        <Baseline points="569,1787 1835,1784"/>
        <TextEquiv conf="0.9994326308369637">
          <Unicode>pontificis, eiusdem archidiaconi persona eligatur“. Vita Cononis p. 301.</Unicode>
        </TextEquiv>
      </TextLine>
      <TextLine id="eSc_line_2dc22a36" custom="structure {type:default;}">
        <Coords points="85,1833 85,1866 275,1883 276,1828 271,1760 222,1761 220,1761 218,1761 206,1770 177,1787 150,1778 138,1775 136,1775 135,1775 133,1775 83,1789 85,1833"/>
        <Baseline points="85,1833 276,1828"/>
        <TextEquiv conf="0.7935302332043648">
          <Unicode>„ eg 2a.</Unicode>
        </TextEquiv>
      </TextLine>
      <TextLine id="eSc_line_e75f8a7c" custom="structure {type:default;}">
        <Coords points="524,1831 524,1847 746,1847 751,1847 808,1857 810,1857 868,1847 873,1847 878,1847 965,1857 967,1857 1057,1847 1073,1845 1115,1847 1355,1855 1356,1855 1621,1845 1633,1845 1649,1845 2019,1854 2021,1854 2023,1854 2045,1843 2045,1826 2042,1801 1534,1794 1532,1794 1490,1802 1485,1802 1481,1802 1437,1794 1435,1794 1433,1794 1432,1794 1420,1802 1418,1804 1291,1804 1291,1802 1268,1794 1266,1794 1264,1794 1180,1802 1163,1794 1162,1794 1160,1794 1114,1802 1052,1794 1050,1794 1049,1794 1027,1804 1025,1804 1008,1804 837,1796 835,1796 695,1804 540,1796 538,1796 536,1796 534,1796 522,1801 524,1831"/>
        <Baseline points="524,1831 2045,1826"/>
        <TextEquiv conf="0.9887344381388496">
          <Unicode>Eligitur a populi factione altera, dum altera pars Theodorum archipresbyterum eligit.</Unicode>
        </TextEquiv>
      </TextLine>
      <TextLine id="eSc_line_70f57f35" custom="structure {type:default;}">
        <Coords points="574,1871 574,1888 1331,1890 1334,1866 1329,1842 572,1847 574,1871"/>
        <Baseline points="574,1871 1334,1866"/>
        <TextEquiv conf="0.9986057016584609">
          <Unicode>Vita Sergii I. in Vignolii lib. pont. I. 303.</Unicode>
        </TextEquiv>
      </TextLine>
      <TextLine id="eSc_line_40b93aa2" custom="structure {type:default;}">
        <Coords points="292,1917 292,1934 326,1949 328,1949 329,1951 401,1951 401,1949 497,1932 499,1915 495,1876 428,1866 427,1866 425,1866 410,1871 393,1876 386,1869 381,1866 381,1864 379,1864 377,1864 346,1864 345,1864 343,1864 334,1866 311,1874 290,1864 292,1917"/>
        <Baseline points="292,1917 499,1915"/>
        <TextEquiv conf="0.9769562591205944">
          <Unicode>Fatriarehii</Unicode>
        </TextEquiv>
      </TextLine>
      <TextLine id="eSc_line_96bdf9c0" custom="structure {type:default;}">
        <Coords points="514,1915 514,1932 2037,1939 2040,1913 2035,1879 512,1886 514,1915"/>
        <Baseline points="514,1915 2040,1913"/>
        <TextEquiv conf="0.9964447210816776">
          <Unicode>partem exteriorem „ab oratorio S. Silvestri et basilica domus Iuliae, quae super cam-</Unicode>
        </TextEquiv>
      </TextLine>
      <TextLine id="eSc_line_cd6178f9" custom="structure {type:default;}">
        <Coords points="276,1999 276,2018 2042,2021 2043,1995 2038,1963 275,1970 276,1999"/>
        <Baseline points="276,1999 2043,1995"/>
        <TextEquiv conf="0.993932236606876">
          <Unicode>In episcopio „coactus et confusus, volens nolens suum dominum et electum (Sergium I.; cf. infra)</Unicode>
        </TextEquiv>
      </TextLine>
      <TextLine id="eSc_line_459fa482" custom="structure {type:default;}">
        <Coords points="572,1960 572,1977 620,1985 622,1985 623,1985 649,1977 666,1972 695,1977 755,1985 757,1985 758,1985 760,1985 760,1984 770,1975 772,1973 777,1975 791,1980 792,1980 794,1980 796,1980 806,1975 816,1970 849,1975 917,1984 919,1984 921,1984 943,1973 953,1968 1001,1972 1049,1977 1050,1977 1076,1972 1093,1968 1105,1972 1138,1982 1139,1982 1141,1982 1194,1978 1196,1978 1197,1978 1197,1977 1206,1970 1209,1966 1227,1970 1262,1977 1264,1977 1266,1977 1285,1970 1291,1966 1293,1968 1302,1977 1302,1978 1303,1978 1305,1978 1307,1978 1309,1978 1334,1968 1334,1953 1331,1927 769,1924 767,1924 570,1934 572,1960"/>
        <Baseline points="572,1960 1334,1953"/>
        <TextEquiv conf="0.9987129474228079">
          <Unicode>pum respicit, occupat“. Vita Sergii I. I. I.</Unicode>
        </TextEquiv>
      </TextLine>
      <TextLine id="eSc_line_bfd69a46" custom="structure {type:default;}">
        <Coords points="281,2043 283,2139 324,2139 324,2137 326,2137 328,2137 328,2136 340,2125 355,2110 379,2112 381,2112 382,2112 403,2100 415,2108 422,2113 423,2113 425,2113 427,2113 428,2113 502,2088 502,2038 497,2004 293,2007 292,2007 290,2007 280,2013 281,2043"/>
        <Baseline points="281,2043 502,2038"/>
        <TextEquiv conf="0.9008758167425791">
          <Unicode>1tss““</Unicode>
        </TextEquiv>
      </TextLine>
      <TextLine id="eSc_line_1bbf3203" custom="structure {type:default;}">
        <Coords points="562,2042 562,2054 608,2064 610,2064 693,2055 709,2054 721,2055 770,2062 772,2064 919,2064 919,2062 921,2062 938,2055 948,2052 967,2055 999,2062 1001,2062 1003,2062 1028,2055 1045,2052 1056,2055 1069,2062 1071,2062 1073,2062 1138,2055 1139,2038 1134,2013 560,2014 562,2042"/>
        <Baseline points="562,2042 1139,2038"/>
        <TextEquiv conf="0.9980741739273071">
          <Unicode>salutat.“ Vita Sergii I. p. 304.</Unicode>
        </TextEquiv>
      </TextLine>
      <TextLine id="eSc_line_dd72be43" custom="structure {type:default;}">
        <Coords points="529,2084 529,2105 546,2113 548,2113 550,2113 647,2103 651,2103 654,2103 733,2112 734,2112 845,2103 874,2112 876,2112 878,2112 880,2112 907,2101 909,2101 910,2101 948,2112 950,2112 951,2112 1035,2101 1040,2101 1050,2101 1254,2112 1256,2112 1309,2100 1312,2100 1315,2100 1343,2110 1344,2110 1346,2112 1553,2112 1553,2110 1555,2110 1577,2101 1655,2110 1657,2110 1659,2110 1661,2110 1671,2101 1797,2108 1799,2108 1801,2108 1802,2108 1816,2098 1818,2098 2043,2098 2045,2078 2042,2045 1360,2045 1358,2045 1309,2050 1283,2054 1184,2052 924,2047 922,2047 921,2047 905,2055 904,2055 859,2055 565,2048 563,2048 562,2048 528,2057 529,2084"/>
        <Baseline points="529,2084 2045,2078"/>
        <TextEquiv conf="0.9972000441380909">
          <Unicode>„Clanculo non cessat Ravennam suos mittere missos, promissaque pecunia vel aliis di-</Unicode>
        </TextEquiv>
      </TextLine>
      <TextLine id="eSc_line_05ef32e5" custom="structure {type:default;}">
        <Coords points="572,2124 572,2144 2040,2148 2043,2124 2040,2100 572,2100 572,2124"/>
        <Baseline points="572,2124 2043,2124"/>
        <TextEquiv conf="0.9999629440186899">
          <Unicode>versis donis lohanni patricio et exarcho, cognomento Platyn, cum suis iudicibus</Unicode>
        </TextEquiv>
      </TextLine>
      <TextLine id="eSc_line_ce82a12a" custom="structure {type:default;}">
        <Coords points="85,2213 85,2250 121,2252 123,2252 124,2252 136,2245 148,2240 157,2243 174,2250 176,2250 177,2250 179,2250 199,2240 213,2233 273,2233 273,2207 268,2163 193,2178 164,2173 131,2166 129,2166 128,2166 126,2166 112,2178 107,2182 83,2182 85,2213"/>
        <Baseline points="85,2213 273,2207"/>
        <TextEquiv conf="0.9605467319488525">
          <Unicode>p Dec. 15.</Unicode>
        </TextEquiv>
      </TextLine>
      <TextLine id="eSc_line_3bab7b8e" custom="structure {type:default;}">
        <Coords points="569,2168 569,2182 938,2190 939,2190 979,2182 987,2180 1097,2180 1098,2182 1105,2187 1105,2189 1107,2189 1109,2189 1110,2189 1719,2178 1720,2163 1715,2136 567,2141 569,2168"/>
        <Baseline points="569,2168 1720,2163"/>
        <TextEquiv conf="0.9997512698173523">
          <Unicode>nemine sciente Romam venire persuadet“. Vita Sergii I. p. 304.</Unicode>
        </TextEquiv>
      </TextLine>
      <TextLine id="eSc_line_05511469" custom="structure {type:default;}">
        <Coords points="531,2213 531,2235 736,2230 743,2233 750,2238 751,2238 753,2238 755,2240 871,2240 871,2238 873,2238 886,2231 895,2228 992,2228 1004,2231 1028,2238 1030,2238 1032,2238 1134,2230 1160,2228 1182,2230 1281,2236 1283,2236 1285,2236 1286,2236 1298,2228 1300,2226 1536,2223 1591,2224 1765,2233 1767,2233 1816,2223 1826,2221 1847,2223 1960,2231 1961,2231 1963,2231 1965,2231 1980,2221 1982,2221 2040,2221 2040,2202 2037,2180 1852,2168 1850,2168 1784,2180 1667,2173 1666,2173 1457,2182 1365,2171 1363,2171 1283,2183 1281,2185 1245,2185 1109,2185 1073,2173 1071,2173 1069,2173 1068,2173 1021,2185 1020,2185 1016,2185 792,2175 791,2175 733,2187 697,2177 695,2177 628,2177 627,2177 625,2177 623,2177 610,2187 546,2177 545,2177 543,2177 541,2177 529,2183 531,2213"/>
        <Baseline points="531,2213 2040,2202"/>
        <TextEquiv conf="0.9936211033799183">
          <Unicode>„Ab officio archidiaconatus propter aliquas incantationes et luculos, quos colebat, vel</Unicode>
        </TextEquiv>
      </TextLine>
      <TextLine id="eSc_line_02624139" custom="structure {type:default;}">
        <Coords points="572,2254 572,2276 2042,2276 2043,2248 2038,2223 570,2228 572,2254"/>
        <Baseline points="572,2254 2043,2248"/>
        <TextEquiv conf="0.9982751345350629">
          <Unicode>sortes, quas cum aliis respectatoribus tractabat, Dei beatique apostolorum principis</Unicode>
        </TextEquiv>
      </TextLine>
      <TextLine id="eSc_line_093ef532" custom="structure {type:default;}">
        <Coords points="569,2295 569,2313 2038,2312 2040,2289 2035,2264 567,2267 569,2295"/>
        <Baseline points="569,2295 2040,2289"/>
        <TextEquiv conf="0.9959299615243586">
          <Unicode>Petri interveniente iudicio, (a Sergio I.) privatur et in monasterium retruditur“.</Unicode>
        </TextEquiv>
      </TextLine>
      <TextLine id="eSc_line_0a54da28" custom="structure {type:default;}">
        <Coords points="570,2334 570,2361 657,2370 659,2370 661,2370 663,2370 669,2365 676,2359 685,2365 690,2370 692,2370 693,2370 695,2371 739,2371 739,2370 741,2370 750,2366 765,2358 818,2358 830,2368 832,2368 832,2370 833,2370 835,2370 837,2370 839,2370 845,2368 885,2358 962,2370 963,2334 962,2305 570,2310 570,2334"/>
        <Baseline points="570,2334 963,2334"/>
        <TextEquiv conf="0.9775522730567239">
          <Unicode>Vita Sergii I. p. 306.</Unicode>
        </TextEquiv>
      </TextLine>
      <TextLine id="eSc_line_6389f5ec" custom="structure {type:default;}">
        <Coords points="507,2406 507,2433 676,2431 676,2406 676,2366 618,2359 616,2359 507,2371 507,2406"/>
        <Baseline points="507,2406 676,2406"/>
        <TextEquiv conf="0.999998756817409">
          <Unicode>c. 692.</Unicode>
        </TextEquiv>
      </TextLine>
      <TextLine id="eSc_line_3ac391f4" custom="structure {type:default;}">
        <Coords points="524,2460 524,2510 596,2510 596,2508 598,2508 622,2496 657,2508 661,2508 663,2508 664,2510 779,2510 779,2508 789,2506 833,2496 863,2505 871,2508 873,2508 874,2508 979,2506 998,2505 1062,2494 1107,2503 1126,2506 1127,2506 1129,2506 1141,2503 1168,2494 1199,2501 1216,2506 1218,2506 1220,2506 1221,2506 1235,2501 1252,2496 1261,2501 1269,2508 1271,2508 1273,2508 1274,2508 1544,2498 1674,2494 1681,2498 1702,2508 1703,2508 1705,2510 1838,2510 1838,2508 1840,2508 1842,2508 1862,2496 1862,2494 2042,2493 2042,2460 2040,2421 1966,2423 1965,2423 1963,2423 1948,2433 1884,2421 1879,2421 1681,2421 1679,2421 1678,2421 1676,2421 1674,2423 1661,2431 1625,2423 1618,2421 1616,2421 1491,2421 1490,2421 1488,2421 1486,2421 1485,2423 1469,2435 1408,2435 1391,2424 1387,2421 1385,2421 1384,2421 1382,2421 1367,2424 1326,2433 1256,2424 1247,2424 1245,2424 1244,2424 1242,2424 1228,2435 1037,2435 1008,2426 1001,2424 999,2424 998,2424 996,2424 989,2426 968,2433 956,2426 951,2423 950,2423 948,2423 946,2423 945,2423 929,2426 904,2435 669,2435 625,2428 562,2421 560,2421 524,2428 524,2460"/>
        <Baseline points="524,2460 2042,2460"/>
        <TextEquiv conf="0.9841719496817816">
          <Unicode>Moritur „post quinquiennium, prae cordis duritia impoenitena“. Vita Sercii I. p 306.</Unicode>
        </TextEquiv>
      </TextLine>
    </TextRegion>
    <TextRegion id="eSc_textblock_7b15b2ca"  custom="structure {type:default;}">
      <Coords points="522,116 1731,116 1751,176 382,182 389,129 522,116"/>
      <TextLine id="eSc_line_98a6e2aa" custom="structure {type:default;}">
        <Coords points="1179,116 1162,116 1144,116 1127,116 1110,116 1093,116 1076,116 1059,116 1042,116 1025,116 1008,116 991,116 974,116 970,116 943,126 936,128 833,128 830,126 808,116 803,116 786,116 769,116 751,116 734,116 729,116 594,123 565,124 551,123 505,116 495,117 478,119 461,121 444,123 427,124 410,126 394,128 394,162 394,181 425,181 427,181 456,198 457,198 459,198 461,199 548,199 548,198 550,198 594,182 606,179 611,182 630,198 632,198 634,198 664,199 666,199 668,199 704,184 707,184 710,184 758,199 760,199 762,199 763,199 765,199 786,186 794,181 832,181 948,181 958,189 974,201 975,201 977,201 979,203 1411,203 1411,201 1413,201 1414,201 1421,196 1437,184 1654,184 1678,199 1679,201 1681,201 1683,201 1685,201 1732,199 1734,170 1732,133 1560,133 1556,131 1515,117 1514,117 1512,117 1510,117 1474,129 1474,131 1322,131 1309,129 1182,116 1179,116"/>
        <Baseline points="394,162 1734,170"/>
        <TextEquiv conf="0.9544742142683581">
          <Unicode>(O)NoN. 6S6i — 6s;. — 14S4 1111.18 antipapan. (—7— r 6;12</Unicode>
        </TextEquiv>
      </TextLine>
    </TextRegion>
    <TextRegion id="eSc_textblock_28aca161"  custom="structure {type:default;}">
      <Coords points="1996,123 2059,136 2045,196 1937,189 1944,136 1996,123"/>
      <TextLine id="eSc_line_f5700542" custom="structure {type:default;}">
        <Coords points="2035,131 2025,128 1949,136 1953,176 1958,266 2047,266 2042,170 2037,131 2035,131"/>
        <Baseline points="1953,176 2042,170"/>
        <TextEquiv conf="1.0">
          <Unicode>„</Unicode>
        </TextEquiv>
      </TextLine>
    </TextRegion>
    <TextRegion id="eSc_textblock_7467671f"  custom="structure {type:default;}">
      <Coords points="1763,2700 1826,2713 1833,2739 1753,2746 1739,2713 1763,2700"/>
      <TextLine id="eSc_line_d4d39d07" custom="structure {type:default;}">
        <Coords points="1808,2710 1790,2705 1773,2701 1777,2732 1789,2814 1801,2804 1831,2809 1826,2727 1820,2718 1808,2710"/>
        <Baseline points="1777,2732 1826,2727"/>
        <TextEquiv conf="0.9899864792823792">
          <Unicode>„</Unicode>
        </TextEquiv>
      </TextLine>
    </TextRegion>
  </Page>
</PcGts>
