<?xml version="1.0" encoding="UTF-8"  standalone="yes"?>
<PcGts xmlns="http://schema.primaresearch.org/PAGE/gts/pagecontent/2019-07-15" xmlns:xsi="http://www.w3.org/2001/XMLSchema-instance" xsi:schemaLocation="http://schema.primaresearch.org/PAGE/gts/pagecontent/2019-07-15 http://schema.primaresearch.org/PAGE/gts/pagecontent/2019-07-15/pagecontent.xsd">
  <Metadata externalRef="pdf//regestapontificu01cath.pdf">
	<Creator>escriptorium</Creator>
	<Created>2026-02-12T11:35:38.887166+00:00</Created>
        <LastChange>2026-02-13T11:14:25.192693+00:00</LastChange>
  </Metadata>
  <Page imageFilename="regestapontificu01cath.pdf_page_382.png" imageWidth="2353" imageHeight="3055">
    <TextRegion id="eSc_textblock_3175dc89"  custom="structure {type:default;}">
      <Coords points="302,128 405,135 412,181 285,201 271,156 302,128"/>
      <TextLine id="eSc_line_aed1036a" custom="structure {type:default;}">
        <Coords points="378,134 361,132 358,130 293,134 297,176 297,201 388,201 388,171 383,134 378,134"/>
        <Baseline points="297,176 388,171"/>
        <TextEquiv conf="0.9999964237213135">
          <Unicode>342</Unicode>
        </TextEquiv>
      </TextLine>
    </TextRegion>
    <TextRegion id="eSc_textblock_2ccbffba"  custom="structure {type:default;}">
      <Coords points="288,224 468,244 1200,224 2257,237 2237,2713 733,2720 699,2640 672,2652 697,2618 502,2591 550,2572 495,2545 568,2532 624,2477 495,2421 516,2396 488,2376 527,2362 536,2328 495,2320 480,2231 468,2259 319,2218 278,2170 264,325 288,224"/>
      <TextLine id="eSc_line_e4199dc6" custom="structure {type:default;}">
        <Coords points="711,288 711,303 733,315 735,315 736,315 814,310 814,285 809,244 707,244 711,288"/>
        <Baseline points="711,288 814,285"/>
        <TextEquiv conf="0.9999998807907104">
          <Unicode>858.</Unicode>
        </TextEquiv>
      </TextLine>
      <TextLine id="eSc_line_99451a27" custom="structure {type:default;}">
        <Coords points="787,286 770,286 753,288 736,288 719,288 718,286 312,286 314,337 314,364 385,364 385,363 387,363 409,353 533,353 567,363 568,363 570,363 575,363 670,353 735,363 741,363 743,364 1271,364 1271,363 1293,361 1392,351 1495,361 1509,361 1510,361 1533,361 1687,351 1706,359 1707,359 1896,361 1898,361 1899,361 1903,359 1920,351 1962,359 1976,361 1977,363 2098,363 2098,361 2100,361 2108,359 2137,351 2230,358 2232,334 2229,286 804,286 787,286"/>
        <Baseline points="314,337 2232,334"/>
        <TextEquiv conf="0.9913763868121">
          <Unicode>Apr. Inbasilica b. Eligitur „praesentia magis ae favore Hlludowici regis (imperatoris) et procerum cius,</Unicode>
        </TextEquiv>
      </TextLine>
      <TextLine id="eSc_line_1a463e31" custom="structure {type:default;}">
        <Coords points="466,337 449,337 432,337 432,381 432,439 470,446 471,381 471,337 466,337"/>
        <Baseline points="432,381 471,381"/>
        <TextEquiv conf="0.9999998807907104">
          <Unicode>„</Unicode>
        </TextEquiv>
      </TextLine>
      <TextLine id="eSc_line_9bdc0520" custom="structure {type:default;}">
        <Coords points="499,380 499,402 619,409 621,409 682,397 684,375 679,349 497,354 499,380"/>
        <Baseline points="499,380 684,375"/>
        <TextEquiv conf="0.9992277398705482">
          <Unicode>Dionysii</Unicode>
        </TextEquiv>
      </TextLine>
      <TextLine id="eSc_line_889953be" custom="structure {type:default;}">
        <Coords points="755,380 755,402 2232,400 2234,375 2230,351 1743,342 1741,342 1699,351 1300,344 1298,344 753,354 755,380"/>
        <Baseline points="755,380 2234,375"/>
        <TextEquiv conf="0.9941385039469091">
          <Unicode>quam cleri electione“, Prudentii Trecensis annal. 858 MG. SS. I. 452. Vita Nicolai</Unicode>
        </TextEquiv>
      </TextLine>
      <TextLine id="eSc_line_46eb0167" custom="structure {type:default;}">
        <Coords points="774,417 774,436 1334,437 1336,417 1336,390 774,390 774,417"/>
        <Baseline points="774,417 1336,417"/>
        <TextEquiv conf="0.9763771330609041">
          <Unicode>in Vignolii lib. pontif. III. 173.</Unicode>
        </TextEquiv>
      </TextLine>
      <TextLine id="eSc_line_34fdba4f" custom="structure {type:default;}">
        <Coords points="337,468 337,495 436,482 438,465 427,436 422,442 336,441 337,468"/>
        <Baseline points="337,468 438,465"/>
        <TextEquiv conf="1.0">
          <Unicode>„</Unicode>
        </TextEquiv>
      </TextLine>
      <TextLine id="eSc_line_4baad775" custom="structure {type:default;}">
        <Coords points="475,465 475,478 694,490 696,490 697,490 699,490 714,478 869,488 870,488 872,488 901,476 913,487 913,488 915,488 916,488 918,490 1028,490 1028,488 1081,485 1083,485 1084,485 1084,483 1093,475 1122,487 1123,487 1125,488 1183,488 1183,487 1251,475 1252,475 1256,475 1482,485 1483,485 1485,485 1487,485 1487,483 1499,473 1516,482 1517,482 1519,482 1583,471 1585,458 1582,436 1407,419 1405,419 1403,419 1358,434 1310,426 1308,426 1307,426 1278,437 1162,437 1135,426 1134,426 1132,426 1027,437 971,427 969,427 967,427 965,427 949,439 882,439 791,437 753,420 752,420 526,420 524,420 522,420 473,439 475,465"/>
        <Baseline points="475,465 1585,458"/>
        <TextEquiv conf="0.9780588646729788">
          <Unicode>„„. Petriaula. in quam confugerat, edueitur. Vita Nicolai 1. 1.</Unicode>
        </TextEquiv>
      </TextLine>
      <TextLine id="eSc_line_aa4da725" custom="structure {type:default;}">
        <Coords points="339,512 341,534 354,539 356,539 358,539 359,539 395,527 393,507 390,485 336,485 339,512"/>
        <Baseline points="339,512 393,507"/>
        <TextEquiv conf="1.0">
          <Unicode>„</Unicode>
        </TextEquiv>
      </TextLine>
      <TextLine id="eSc_line_d4dbbfc5" custom="structure {type:default;}">
        <Coords points="494,507 494,524 509,534 511,534 512,534 514,534 558,526 668,532 670,532 672,532 706,517 706,504 702,480 492,480 494,507"/>
        <Baseline points="494,507 706,504"/>
        <TextEquiv conf="0.9867353764447299">
          <Unicode>In patriar-</Unicode>
        </TextEquiv>
      </TextLine>
      <TextLine id="eSc_line_8eb22437" custom="structure {type:default;}">
        <Coords points="731,504 731,524 753,536 755,536 757,538 1151,538 1151,536 1152,536 1154,536 1154,534 1166,524 1376,536 1378,536 1500,522 1500,504 1500,480 731,480 731,504"/>
        <Baseline points="731,504 1500,504"/>
        <TextEquiv conf="0.9921624050898985">
          <Unicode>(Lateranense) perducitur. Vita Nicolai I. I.</Unicode>
        </TextEquiv>
      </TextLine>
      <TextLine id="eSc_line_0885719f" custom="structure {type:default;}">
        <Coords points="533,546 533,560 658,556 658,543 653,517 531,519 533,546"/>
        <Baseline points="533,546 658,543"/>
        <TextEquiv conf="0.9999972820281983">
          <Unicode>chium</Unicode>
        </TextEquiv>
      </TextLine>
      <TextLine id="eSc_line_89946df3" custom="structure {type:default;}">
        <Coords points="339,588 339,612 480,611 480,585 475,538 337,554 339,588"/>
        <Baseline points="339,588 480,585"/>
        <TextEquiv conf="0.9961063265800476">
          <Unicode>„ 21.</Unicode>
        </TextEquiv>
      </TextLine>
      <TextLine id="eSc_line_5cb230bd" custom="structure {type:default;}">
        <Coords points="499,587 499,604 702,607 704,585 702,558 663,548 662,548 660,548 497,554 499,587"/>
        <Baseline points="499,587 704,585"/>
        <TextEquiv conf="0.9999027306383307">
          <Unicode>In hasilica</Unicode>
        </TextEquiv>
      </TextLine>
      <TextLine id="eSc_line_65d91123" custom="structure {type:default;}">
        <Coords points="731,583 730,599 925,611 926,611 1003,602 1015,611 1016,611 1018,611 1020,611 1298,602 1346,602 1368,604 1483,612 1485,612 1599,604 1619,604 2230,607 2234,587 2232,556 2140,546 2139,546 2071,554 2055,556 2054,554 2035,543 2033,543 2032,543 1957,543 1955,543 1954,543 1925,554 1918,556 1911,554 1881,546 1879,546 1877,546 1746,554 1697,556 1690,553 1675,546 1673,546 1672,546 1634,553 1619,556 1607,553 1575,543 1573,543 1572,543 1478,553 1458,554 1436,553 1334,541 1332,541 1330,541 1303,553 1297,554 1274,553 1191,541 1120,541 1118,541 1117,541 1115,541 1101,551 1096,554 1081,551 1049,544 1047,544 1045,544 1022,551 1008,554 731,551 731,583"/>
        <Baseline points="731,583 2234,587"/>
        <TextEquiv conf="0.9951491108754786">
          <Unicode>Consecratur, praesente Lndovico II. imperatore. In variis vitae Nicolai codicibus,</Unicode>
        </TextEquiv>
      </TextLine>
      <TextLine id="eSc_line_9fb95205" custom="structure {type:default;}">
        <Coords points="524,629 524,677 679,665 679,629 679,600 524,597 524,629"/>
        <Baseline points="524,629 679,629"/>
        <TextEquiv conf="0.810308214277029">
          <Unicode>b. Le1ri</Unicode>
        </TextEquiv>
      </TextLine>
      <TextLine id="eSc_line_9c418fa1" custom="structure {type:default;}">
        <Coords points="774,629 774,653 2230,648 2232,626 2229,604 772,600 774,629"/>
        <Baseline points="774,629 2232,626"/>
        <TextEquiv conf="0.9954722627997399">
          <Unicode>quibus usus Vignolius est, licet verba: „VIII. kal. Maii“, ad quem diem ap. Lab-</Unicode>
        </TextEquiv>
      </TextLine>
      <TextLine id="eSc_line_7406d6d1" custom="structure {type:default;}">
        <Coords points="774,670 774,692 2232,689 2232,670 2232,641 774,641 774,670"/>
        <Baseline points="774,670 2232,670"/>
        <TextEquiv conf="0.9983480037787021">
          <Unicode>baeum Conc. VIII. 252 et ap. Baronium revocatur Nicolai consecratio, nequaquam</Unicode>
        </TextEquiv>
      </TextLine>
      <TextLine id="eSc_line_4cc78442" custom="structure {type:default;}">
        <Coords points="774,712 774,741 884,733 1037,741 1038,741 1040,741 1042,741 1057,731 1113,741 1115,743 1271,743 1271,741 1273,741 1274,741 1290,731 1663,731 1712,741 1714,741 1828,731 1872,731 1887,741 1889,741 1891,741 1892,741 1964,731 2093,741 2094,741 2096,741 2132,733 2144,741 2145,741 2147,741 2149,743 2232,743 2232,712 2232,689 774,689 774,712"/>
        <Baseline points="774,712 2232,712"/>
        <TextEquiv conf="0.9989005219505493">
          <Unicode>reperiantur, tamen probandus dominicus hic dies est, propterea quod verisimillimumi</Unicode>
        </TextEquiv>
      </TextLine>
      <TextLine id="eSc_line_565ada9d" custom="structure {type:default;}">
        <Coords points="774,755 774,779 2234,775 2234,755 2234,731 774,731 774,755"/>
        <Baseline points="774,755 2234,755"/>
        <TextEquiv conf="0.9916117061407138">
          <Unicode>est, istum pontificem, quem die 12. Nov. 867 posuisse vitam constat, moderatum</Unicode>
        </TextEquiv>
      </TextLine>
      <TextLine id="eSc_line_501c1ad6" custom="structure {type:default;}">
        <Coords points="774,797 774,816 2234,816 2235,797 2234,770 774,768 774,797"/>
        <Baseline points="774,797 2235,797"/>
        <TextEquiv conf="0.9948933877050876">
          <Unicode>ecclesiam esse per annos 9 m. 6 d. 20; qui quidem numeri in Vitae cod. Vat. VII.</Unicode>
        </TextEquiv>
      </TextLine>
      <TextLine id="eSc_line_0d35e9cc" custom="structure {type:default;}">
        <Coords points="775,840 775,865 1054,860 1100,865 1122,868 1123,868 1125,868 1135,865 1157,860 1186,865 1201,868 1203,868 1252,865 1376,858 1395,865 1402,868 1403,868 1405,868 1429,865 1487,858 1533,865 1560,870 1561,870 1563,870 1572,865 1587,857 1748,857 1848,857 1864,865 1867,868 1869,868 1870,868 1872,868 1896,865 1945,860 1959,865 1965,868 1967,868 1969,868 2234,865 2234,835 2230,812 774,812 775,840"/>
        <Baseline points="775,840 2234,835"/>
        <TextEquiv conf="0.9950118125239505">
          <Unicode>leguntur, dum ceteri codd. praebent a. 9 m. 2 d. 20. Cf. Pagii crit. ad Baronii</Unicode>
        </TextEquiv>
      </TextLine>
      <TextLine id="eSc_line_660d8138" custom="structure {type:default;}">
        <Coords points="779,882 779,906 1505,904 1507,879 1502,855 777,855 779,882"/>
        <Baseline points="779,882 1507,879"/>
        <TextEquiv conf="0.9980727002024651">
          <Unicode>Annal. 867 et Düimmler Ostfr. R. I. 191.</Unicode>
        </TextEquiv>
      </TextLine>
      <TextLine id="eSc_line_6c5df275" custom="structure {type:default;}">
        <Coords points="341,928 341,952 482,943 541,945 663,948 665,948 667,948 694,938 694,924 685,874 672,882 665,877 665,875 663,875 662,875 660,875 339,882 341,928"/>
        <Baseline points="341,928 694,924"/>
        <TextEquiv conf="0.9650552097488853">
          <Unicode>„ 24. In patriar-</Unicode>
        </TextEquiv>
      </TextLine>
      <TextLine id="eSc_line_bcd70c92" custom="structure {type:default;}">
        <Coords points="731,921 730,938 760,948 762,948 763,948 1295,945 1297,924 1295,896 731,892 731,921"/>
        <Baseline points="731,921 1297,924"/>
        <TextEquiv conf="0.9927154010342013">
          <Unicode>reducitur. Vita Nicolai p. 174.</Unicode>
        </TextEquiv>
      </TextLine>
      <TextLine id="eSc_line_1b5c6a2b" custom="structure {type:default;}">
        <Coords points="534,962 533,979 595,992 597,992 655,982 657,965 655,943 534,938 534,962"/>
        <Baseline points="534,962 657,965"/>
        <TextEquiv conf="0.9829108953475952">
          <Unicode>ehium</Unicode>
        </TextEquiv>
      </TextLine>
      <TextLine id="eSc_line_de270e20" custom="structure {type:default;}">
        <Coords points="324,1009 324,1013 461,1025 463,1025 465,1025 466,1025 466,1023 468,1023 475,1014 475,1006 470,970 322,986 324,1009"/>
        <Baseline points="324,1009 475,1006"/>
        <TextEquiv conf="0.9029069542884827">
          <Unicode>„ 26.</Unicode>
        </TextEquiv>
      </TextLine>
      <TextLine id="eSc_line_52e14b89" custom="structure {type:default;}">
        <Coords points="522,1008 522,1025 609,1035 611,1035 667,1025 667,1004 662,979 521,980 522,1008"/>
        <Baseline points="522,1008 667,1004"/>
        <TextEquiv conf="0.9999228596687317">
          <Unicode>Romae</Unicode>
        </TextEquiv>
      </TextLine>
      <TextLine id="eSc_line_dc3e396a" custom="structure {type:default;}">
        <Coords points="731,1006 730,1020 750,1031 752,1031 753,1033 916,1033 916,1031 918,1031 920,1031 933,1023 960,1031 962,1031 964,1031 1018,1023 1069,1031 1071,1031 1184,1023 1242,1031 1244,1031 1522,1025 1536,1033 1538,1033 1539,1033 1541,1033 2186,1026 2188,1009 2186,974 1913,967 1911,967 1909,967 1886,974 1867,979 1860,974 1853,969 1852,969 1850,969 1729,967 1728,967 1726,967 1709,974 1697,979 1667,974 1641,970 1639,970 1583,974 1521,979 1499,974 1456,965 1454,965 1453,965 1420,975 1410,977 731,977 731,1006"/>
        <Baseline points="731,1006 2188,1009"/>
        <TextEquiv conf="0.9837592883807856">
          <Unicode>coenat una cum Ludovico imperatore „tertio consecrationis die“. Vita Nicolai I. 1.</Unicode>
        </TextEquiv>
      </TextLine>
      <TextLine id="eSc_line_e75e2434" custom="structure {type:default;}">
        <Coords points="297,1050 297,1079 448,1084 449,1084 451,1084 453,1084 453,1082 458,1077 468,1069 509,1077 516,1077 517,1077 519,1077 521,1077 521,1076 531,1067 590,1067 607,1076 614,1079 616,1079 617,1079 619,1079 621,1079 626,1076 634,1070 640,1076 645,1079 645,1081 646,1081 648,1081 650,1081 651,1081 668,1074 684,1069 699,1074 702,1047 697,1008 636,1021 516,1013 514,1013 512,1013 490,1023 407,1013 405,1013 404,1013 363,1023 295,1011 297,1050"/>
        <Baseline points="297,1050 702,1047"/>
        <TextEquiv conf="0.9999406012621793">
          <Unicode>Apr. Mai. In loco, qui</Unicode>
        </TextEquiv>
      </TextLine>
      <TextLine id="eSc_line_6aac5df9" custom="structure {type:default;}">
        <Coords points="730,1047 728,1062 753,1074 755,1074 757,1074 998,1065 1018,1074 1020,1074 1022,1074 1115,1065 1122,1065 1128,1065 1193,1074 1195,1074 1349,1067 1402,1065 1415,1067 1444,1074 1446,1074 2108,1072 2110,1050 2108,1023 730,1020 730,1047"/>
        <Baseline points="730,1047 2110,1050"/>
        <TextEquiv conf="0.9983631403415234">
          <Unicode>Quintus dicitur (Torre di quinto) cum Ludovico imperatore. Vita Nicolai I. I.</Unicode>
        </TextEquiv>
      </TextLine>
      <TextLine id="eSc_line_16fe9679" custom="structure {type:default;}">
        <Coords points="339,1098 339,1130 380,1142 381,1142 383,1142 385,1142 387,1142 393,1137 402,1130 439,1142 441,1094 436,1074 337,1076 339,1098"/>
        <Baseline points="339,1098 441,1094"/>
        <TextEquiv conf="0.9999948342641195">
          <Unicode>„ „</Unicode>
        </TextEquiv>
      </TextLine>
      <TextLine id="eSc_line_a16997a8" custom="structure {type:default;}">
        <Coords points="527,1093 531,1145 556,1137 589,1140 607,1142 609,1142 611,1142 612,1142 617,1138 629,1128 672,1132 672,1087 668,1067 526,1059 527,1093"/>
        <Baseline points="527,1093 672,1087"/>
        <TextEquiv conf="0.9559182013784137">
          <Unicode>ftornam</Unicode>
        </TextEquiv>
      </TextLine>
      <TextLine id="eSc_line_b169f71d" custom="structure {type:default;}">
        <Coords points="731,1093 731,1120 852,1126 853,1126 930,1118 971,1113 977,1116 993,1126 994,1126 996,1126 998,1126 1038,1118 1196,1125 1198,1125 1200,1125 1201,1125 1201,1123 1213,1113 1217,1111 1298,1111 1302,1089 1298,1067 1038,1059 1037,1059 1035,1059 1011,1067 831,1060 830,1060 730,1069 731,1093"/>
        <Baseline points="731,1093 1302,1089"/>
        <TextEquiv conf="0.9995768703520298">
          <Unicode>revertitur. Vita Nicolai p. 176.</Unicode>
        </TextEquiv>
      </TextLine>
      <TextLine id="eSc_line_41954ce6" custom="structure {type:default;}">
        <Coords points="713,1160 713,1176 819,1176 823,1177 843,1193 845,1193 847,1193 848,1193 911,1191 913,1191 915,1191 915,1189 928,1176 928,1155 923,1116 711,1128 713,1160"/>
        <Baseline points="713,1160 928,1155"/>
        <TextEquiv conf="0.9999376071823968">
          <Unicode>858. 859.</Unicode>
        </TextEquiv>
      </TextLine>
      <TextLine id="eSc_line_4fd5c2b9" custom="structure {type:default;}">
        <Coords points="733,1215 731,1230 831,1232 848,1244 850,1244 852,1244 853,1245 945,1245 945,1244 947,1244 949,1244 964,1233 998,1244 999,1244 1001,1244 1139,1242 1140,1242 1142,1242 1152,1233 1154,1233 1166,1235 1242,1244 1244,1245 1364,1245 1364,1244 1366,1244 1368,1244 1378,1237 1383,1233 1410,1237 1485,1245 1487,1245 1595,1238 1639,1235 1665,1238 1716,1245 1718,1247 1825,1247 1825,1245 1826,1245 1828,1245 1836,1240 1845,1235 1899,1240 1955,1245 1957,1245 1981,1240 2008,1235 2035,1242 2052,1245 2054,1245 2055,1245 2232,1242 2234,1218 2232,1186 733,1184 733,1215"/>
        <Baseline points="733,1215 2234,1218"/>
        <TextEquiv conf="0.9990818294478051">
          <Unicode>2674 (2016) Weniloni, archiepiscopo Senonensi, et coepiscopis eius, de Herimanno,</Unicode>
        </TextEquiv>
      </TextLine>
      <TextLine id="eSc_line_fafaac47" custom="structure {type:default;}">
        <Coords points="774,1261 774,1279 2232,1283 2235,1261 2234,1237 774,1237 774,1261"/>
        <Baseline points="774,1261 2235,1261"/>
        <TextEquiv conf="0.9999778536428888">
          <Unicode>insano episcopo Nivernensi, sic respondet: „Quem, si ita gravatur, magis convencrat</Unicode>
        </TextEquiv>
      </TextLine>
      <TextLine id="eSc_line_1ad30c84" custom="structure {type:default;}">
        <Coords points="772,1303 772,1322 2234,1317 2235,1298 2232,1274 770,1274 772,1303"/>
        <Baseline points="772,1303 2235,1298"/>
        <TextEquiv conf="0.9928557000509123">
          <Unicode>sanctimonium vestrum sublevare, quam pondus eius ponderi superaddere, caritatemque</Unicode>
        </TextEquiv>
      </TextLine>
      <TextLine id="eSc_line_b6fe95e9" custom="structure {type:default;}">
        <Coords points="774,1344 774,1361 892,1361 898,1362 923,1374 925,1374 926,1374 1067,1366 1257,1374 1259,1374 1261,1374 1283,1366 1300,1359 1354,1366 1414,1373 1415,1374 1463,1374 1463,1373 1465,1373 1466,1373 1475,1366 1488,1359 1514,1367 1533,1373 1534,1373 1536,1374 1602,1374 1602,1373 1604,1373 1617,1367 1639,1359 1707,1367 1745,1373 1746,1373 1748,1373 1758,1369 1782,1357 1874,1366 1875,1366 1993,1357 2011,1369 2013,1369 2015,1369 2016,1369 2018,1369 2052,1357 2125,1371 2128,1371 2130,1373 2232,1373 2234,1339 2230,1318 772,1318 774,1344"/>
        <Baseline points="774,1344 2234,1339"/>
        <TextEquiv conf="0.9972560082573488">
          <Unicode>in eo confirmare potius, quam ei pietatis viscera obserare“. Vetat ne de excessibus</Unicode>
        </TextEquiv>
      </TextLine>
      <TextLine id="eSc_line_8489e1de" custom="structure {type:default;}">
        <Coords points="774,1388 774,1412 2230,1410 2232,1383 2227,1361 772,1362 774,1388"/>
        <Baseline points="774,1388 2232,1383"/>
        <TextEquiv conf="0.9997831302953054">
          <Unicode>puniatur, cum infirmitas eius ipsa ad poenam peccati pertineat. (Ad ind. VIII. hanc</Unicode>
        </TextEquiv>
      </TextLine>
      <TextLine id="eSc_line_b3c19b4e" custom="structure {type:default;}">
        <Coords points="774,1429 774,1444 2230,1449 2232,1429 2230,1400 774,1403 774,1429"/>
        <Baseline points="774,1429 2232,1429"/>
        <TextEquiv conf="0.9994364531485589">
          <Unicode>ep. ponit Coustant vel socii eius in dissertatione saepius citanda de Nicolai I. epistolis,</Unicode>
        </TextEquiv>
      </TextLine>
      <TextLine id="eSc_line_4cbd1002" custom="structure {type:default;}">
        <Coords points="774,1471 774,1490 2234,1490 2235,1471 2234,1449 774,1449 774,1471"/>
        <Baseline points="774,1471 2235,1471"/>
        <TextEquiv conf="0.9961868588642407">
          <Unicode>edita a. 1869 in Analectis iuris pontificii Series X. tom. V. pars 2 p. 60, cf. ibid. p. 77.)</Unicode>
        </TextEquiv>
      </TextLine>
      <TextLine id="eSc_line_3bafa90d" custom="structure {type:default;}">
        <Coords points="772,1513 772,1534 2232,1534 2232,1513 2232,1488 772,1488 772,1513"/>
        <Baseline points="772,1513 2232,1513"/>
        <TextEquiv conf="0.9993799315409714">
          <Unicode>LupiFerrariensis Opp. p. 511, Mansi XV. 397, Migne 119 p. 769. — „Epistolam sanctitatis“.</Unicode>
        </TextEquiv>
      </TextLine>
      <TextLine id="eSc_line_a82f5ec9" custom="structure {type:default;}">
        <Coords points="733,1554 733,1573 2229,1575 2232,1551 2227,1525 731,1529 733,1554"/>
        <Baseline points="733,1554 2232,1551"/>
        <TextEquiv conf="0.9930160523847092">
          <Unicode>2675 *Omnibus fidelibus scribit, certiorem se esse factum per Herardum, archiepiscopum</Unicode>
        </TextEquiv>
      </TextLine>
      <TextLine id="eSc_line_bbd9d4af" custom="structure {type:default;}">
        <Coords points="777,1595 775,1612 813,1624 814,1624 816,1625 981,1625 981,1624 982,1624 984,1624 996,1615 1125,1624 1127,1625 1339,1625 1339,1624 1341,1624 1368,1615 1371,1615 1543,1615 1544,1617 1561,1625 1563,1625 1565,1625 1668,1617 1677,1617 1684,1617 1787,1625 1789,1627 1877,1627 1877,1625 1879,1625 1881,1625 1891,1619 1894,1617 2227,1619 2230,1598 2229,1575 777,1564 777,1595"/>
        <Baseline points="777,1595 2230,1598"/>
        <TextEquiv conf="0.9978260336951776">
          <Unicode>Turonensem, de calamitatibus, quas ecclesia S. Martini a Normannis (a. 857) passa esset.</Unicode>
        </TextEquiv>
      </TextLine>
      <TextLine id="eSc_line_d2a3727a" custom="structure {type:default;}">
        <Coords points="774,1639 774,1658 2230,1659 2232,1639 2232,1615 774,1615 774,1639"/>
        <Baseline points="774,1639 2232,1639"/>
        <TextEquiv conf="0.9991638726658292">
          <Unicode>itemque de beneficiis, quae Carolus (Calvus) rex ei tribuisset. (Vide Böhmer Reg.</Unicode>
        </TextEquiv>
      </TextLine>
      <TextLine id="eSc_line_76b8582a" custom="structure {type:default;}">
        <Coords points="774,1680 774,1697 2234,1697 2234,1680 2234,1658 774,1653 774,1680"/>
        <Baseline points="774,1680 2234,1680"/>
        <TextEquiv conf="0.9960334240635739">
          <Unicode>Karolorum n. 1652). Monasterium tuendum suscipit eiusque possessiones et privi-</Unicode>
        </TextEquiv>
      </TextLine>
      <TextLine id="eSc_line_03f17877" custom="structure {type:default;}">
        <Coords points="772,1724 772,1756 857,1746 947,1756 959,1756 960,1756 971,1756 1045,1746 1111,1754 1130,1756 1132,1756 1149,1754 1205,1746 1319,1746 1329,1753 1334,1756 1336,1756 1337,1756 1339,1756 1361,1753 1400,1746 1482,1751 1546,1756 1548,1756 1549,1756 1563,1751 1577,1746 1599,1751 1617,1754 1619,1754 1670,1751 1723,1746 1741,1749 1770,1756 1772,1758 1901,1758 1901,1756 1903,1756 1931,1748 1942,1746 1947,1748 1955,1754 1957,1754 1959,1754 1960,1754 2105,1748 2140,1746 2150,1748 2206,1756 2208,1756 2210,1756 2234,1746 2234,1724 2232,1700 772,1700 772,1724"/>
        <Baseline points="772,1724 2234,1724"/>
        <TextEquiv conf="0.9906350239401772">
          <Unicode>legia confirmat. Mabille La Pancarte noire p. 140. (Cf. Harttung Dipl. Rist. Forsch.</Unicode>
        </TextEquiv>
      </TextLine>
      <TextLine id="eSc_line_3fd760e6" custom="structure {type:default;}">
        <Coords points="770,1771 770,1787 777,1793 779,1793 780,1793 782,1793 784,1793 813,1783 884,1790 886,1790 887,1790 926,1776 926,1765 923,1741 842,1734 840,1734 838,1734 836,1734 825,1744 823,1746 769,1746 770,1771"/>
        <Baseline points="770,1771 926,1765"/>
        <TextEquiv conf="0.9987151920795441">
          <Unicode>p. 127).</Unicode>
        </TextEquiv>
      </TextLine>
      <TextLine id="eSc_line_dcfd9702" custom="structure {type:default;}">
        <Coords points="714,1836 714,1856 2176,1858 2178,1831 2173,1802 1772,1802 1762,1802 1706,1792 1704,1792 1619,1793 1617,1793 1602,1802 1595,1805 1451,1805 1436,1802 1398,1793 1397,1793 1288,1802 1246,1804 1235,1802 1213,1793 1212,1793 1210,1793 1208,1793 1207,1793 1198,1802 1191,1807 1111,1807 1101,1802 1089,1795 1088,1795 1086,1795 1042,1802 1010,1805 955,1802 882,1795 881,1795 713,1800 714,1836"/>
        <Baseline points="714,1836 2178,1831"/>
        <TextEquiv conf="0.9797358020355827">
          <Unicode>859. (Indt. 7. — 1. Sept. — S, imp. Ludorico a. 10. et patricius (ley. post cons. ciua) a. 10.)</Unicode>
        </TextEquiv>
      </TextLine>
      <TextLine id="eSc_line_f026ce3c" custom="structure {type:default;}">
        <Coords points="308,1892 308,1917 477,1914 477,1889 473,1844 307,1831 308,1892"/>
        <Baseline points="308,1892 477,1889"/>
        <TextEquiv conf="0.9883862808346748">
          <Unicode>Lan. 12.</Unicode>
        </TextEquiv>
      </TextLine>
      <TextLine id="eSc_line_191f2fb6" custom="structure {type:default;}">
        <Coords points="730,1892 730,1914 2234,1907 2235,1889 2232,1861 2128,1861 2127,1860 2106,1849 2105,1849 2103,1849 2049,1860 2045,1860 2042,1860 1987,1851 1986,1851 1945,1860 1938,1860 1896,1860 1597,1849 1595,1849 1594,1849 1578,1858 1572,1861 1364,1861 728,1855 730,1892"/>
        <Baseline points="730,1892 2235,1889"/>
        <TextEquiv conf="0.9919446110725403">
          <Unicode>2676 (2017) Monasterii Salvatoris Fuldensis privilegia confirmat, petente Theotone</Unicode>
        </TextEquiv>
      </TextLine>
      <TextLine id="eSc_line_3e412a77" custom="structure {type:default;}">
        <Coords points="772,1933 772,1950 2232,1946 2234,1929 2229,1907 770,1909 772,1933"/>
        <Baseline points="772,1933 2234,1929"/>
        <TextEquiv conf="0.994534066745213">
          <Unicode>abbate. Dronke Cod. dipl. Fuld. p. 259, (Schannat Hist. Fuld. Cod. Pr. p. 135, Migne</Unicode>
        </TextEquiv>
      </TextLine>
      <TextLine id="eSc_line_6be17347" custom="structure {type:default;}">
        <Coords points="774,1977 774,1994 857,2004 859,2004 860,2004 891,1995 892,1995 1079,1995 1083,1997 1101,2004 1103,2004 1105,2004 1213,1997 1247,1995 1254,1997 1274,2004 1276,2004 1278,2004 1356,1997 1393,1995 1427,1999 1482,2004 1483,2006 1757,2006 1757,2004 1758,2004 1770,2001 1787,1995 1804,2001 1816,2004 1818,2004 1819,2004 1841,2001 1874,1995 1899,2001 1914,2004 1916,2004 1945,2002 2006,1995 2229,2002 2230,1977 2230,1953 2025,1943 2023,1943 2021,1943 1996,1951 1982,1943 1981,1943 1979,1943 1977,1943 1923,1951 1901,1943 1899,1943 1898,1943 1896,1943 1865,1951 1821,1943 1819,1943 1818,1943 1780,1951 1714,1943 1712,1943 1711,1943 1709,1943 1697,1953 1432,1953 1419,1943 1417,1943 1415,1943 1414,1943 1412,1943 1388,1951 1363,1943 1361,1943 1359,1943 1358,1943 1329,1951 1268,1943 1266,1943 1220,1951 1208,1943 1207,1943 1205,1943 1203,1943 1201,1943 1169,1951 1037,1943 1035,1943 982,1951 909,1943 908,1943 906,1943 904,1943 889,1953 774,1953 774,1977"/>
        <Baseline points="774,1977 2230,1977"/>
        <TextEquiv conf="0.9912648910567874">
          <Unicode>119 p. 770). Cf. Dümmler Ostfr. R. I. 433, Harttung Dipl. hist. Forsch. 375. 377 sq.</Unicode>
        </TextEquiv>
      </TextLine>
      <TextLine id="eSc_line_b29dc147" custom="structure {type:default;}">
        <Coords points="774,2012 772,2028 836,2040 994,2041 996,2041 998,2041 1025,2033 1098,2043 1100,2043 1259,2033 1261,2017 1259,1994 774,1985 774,2012"/>
        <Baseline points="774,2012 1261,2017"/>
        <TextEquiv conf="0.9993690500656763">
          <Unicode>— „Quoniam semper sunt“.</Unicode>
        </TextEquiv>
      </TextLine>
      <TextLine id="eSc_line_d2e48ead" custom="structure {type:default;}">
        <Coords points="307,2060 307,2099 354,2107 356,2107 358,2107 373,2104 402,2096 470,2107 471,2060 471,2026 307,2019 307,2060"/>
        <Baseline points="307,2060 471,2060"/>
        <TextEquiv conf="0.9998414739966393">
          <Unicode>Aug. 20.</Unicode>
        </TextEquiv>
      </TextLine>
      <TextLine id="eSc_line_8c85feb3" custom="structure {type:default;}">
        <Coords points="719,2060 719,2082 2230,2075 2232,2055 2229,2028 718,2026 719,2060"/>
        <Baseline points="719,2060 2232,2055"/>
        <TextEquiv conf="0.9990882022040231">
          <Unicode>f2677 (cccxurv) Monasterii S. Benedicti et S. Scholasticae virginis Sublacensis, sub Azzone</Unicode>
        </TextEquiv>
      </TextLine>
      <TextLine id="eSc_line_8023ba10" custom="structure {type:default;}">
        <Coords points="772,2101 772,2119 955,2119 957,2119 971,2130 972,2130 974,2130 976,2130 977,2130 998,2119 1001,2119 1057,2128 1059,2128 1269,2121 1283,2130 1285,2130 1286,2130 1288,2130 1330,2121 1337,2119 1346,2121 1385,2130 1387,2130 1426,2121 1432,2119 1439,2121 1468,2130 1470,2130 1471,2130 1604,2128 1606,2128 1607,2128 1616,2121 1621,2118 1633,2121 1653,2128 1655,2128 1656,2130 1811,2130 1811,2128 1813,2128 1814,2128 1821,2123 1826,2119 1860,2123 1923,2128 1925,2128 1926,2128 1928,2128 1937,2123 1945,2118 1967,2123 1991,2128 1993,2128 2044,2123 2096,2118 2122,2123 2140,2128 2142,2128 2144,2128 2232,2123 2232,2097 2229,2075 770,2074 772,2101"/>
        <Baseline points="772,2101 2232,2097"/>
        <TextEquiv conf="0.9998179703223996">
          <Unicode>abbate et presbytero constituti, bona confirmat. („Scriptum p. m. Gregorii notarii</Unicode>
        </TextEquiv>
      </TextLine>
      <TextLine id="eSc_line_f27757a1" custom="structure {type:default;}">
        <Coords points="770,2145 770,2160 2229,2165 2230,2145 2230,2119 770,2119 770,2145"/>
        <Baseline points="770,2145 2230,2145"/>
        <TextEquiv conf="0.9925533918345847">
          <Unicode>S. R. E. ind. I. Legimus. Data in nomine“ cet. anno Ludovici imp. 10. die 20. Aug.</Unicode>
        </TextEquiv>
      </TextLine>
      <TextLine id="eSc_line_f0f0d0a6" custom="structure {type:default;}">
        <Coords points="772,2186 772,2202 2227,2199 2229,2182 2225,2158 770,2155 772,2186"/>
        <Baseline points="772,2186 2229,2182"/>
        <TextEquiv conf="0.992144902031143">
          <Unicode>ind. 1.“ Confirmat hanc tabulam lohannes X. ap. Galletti Del primic. p. 118).</Unicode>
        </TextEquiv>
      </TextLine>
      <TextLine id="eSc_line_99049c0c" custom="structure {type:default;}">
        <Coords points="769,2226 769,2247 826,2257 828,2257 901,2247 908,2247 911,2247 942,2257 943,2257 945,2257 947,2257 976,2247 979,2247 988,2247 1066,2255 1067,2255 1115,2247 1118,2247 1122,2247 1162,2257 1164,2257 1166,2257 1218,2247 1220,2247 1222,2247 1269,2257 1271,2257 1319,2247 1320,2247 1330,2247 1707,2255 1709,2255 1711,2255 1752,2245 1755,2245 1760,2245 1821,2255 1823,2255 1825,2255 1826,2255 1841,2245 1843,2245 1954,2245 1962,2245 2144,2255 2145,2255 2227,2243 2229,2223 2223,2201 767,2201 769,2226"/>
        <Baseline points="769,2226 2229,2223"/>
        <TextEquiv conf="0.9837316068865004">
          <Unicode>Cocquelines I. 198, Bull. Rom. E. T. I. 319; cf. Muratori Ant. It. V. 774, Migne 129</Unicode>
        </TextEquiv>
      </TextLine>
      <TextLine id="eSc_line_e43277b6" custom="structure {type:default;}">
        <Coords points="769,2272 769,2287 784,2296 786,2296 787,2296 789,2296 809,2286 811,2286 972,2286 982,2286 1006,2296 1008,2296 1010,2296 1378,2282 1380,2269 1376,2247 1115,2238 1113,2238 767,2248 769,2272"/>
        <Baseline points="769,2272 1380,2269"/>
        <TextEquiv conf="0.9999305804570516">
          <Unicode>p. 1015. — „Cum piae voluntatis“.</Unicode>
        </TextEquiv>
      </TextLine>
      <TextLine id="eSc_line_e6467bd3" custom="structure {type:default;}">
        <Coords points="714,2313 714,2331 2229,2326 2229,2309 2223,2274 977,2282 955,2274 954,2274 813,2274 811,2274 809,2274 780,2282 753,2274 752,2274 750,2274 748,2274 713,2284 714,2313"/>
        <Baseline points="714,2313 2229,2309"/>
        <TextEquiv conf="0.9952902999662218">
          <Unicode>12678 Petente abbate Lcone, possessiones monasterii S. Benedicti et S. Scholasticae,</Unicode>
        </TextEquiv>
      </TextLine>
      <TextLine id="eSc_line_ac4c6f0f" custom="structure {type:default;}">
        <Coords points="770,2355 770,2372 1006,2382 1008,2382 1010,2382 1038,2372 1088,2379 1089,2379 1130,2371 1134,2371 1147,2381 1149,2381 1151,2381 1152,2382 1263,2382 1263,2381 1264,2381 1266,2381 1281,2371 1283,2369 1495,2369 1505,2369 1641,2379 1643,2379 1704,2367 1709,2367 1712,2367 1740,2377 1741,2377 1743,2377 1896,2376 1898,2376 1916,2367 1930,2377 1931,2377 1933,2377 1935,2377 2001,2365 2006,2365 2013,2365 2066,2376 2067,2376 2225,2364 2227,2347 2222,2326 769,2333 770,2355"/>
        <Baseline points="770,2355 2227,2347"/>
        <TextEquiv conf="0.9999895229935646">
          <Unicode>cuius privilegia „ab Agarenis cum omni suppellectile monasterii igne concremata“</Unicode>
        </TextEquiv>
      </TextLine>
      <TextLine id="eSc_line_ed5f5b76" custom="structure {type:default;}">
        <Coords points="770,2396 770,2416 2230,2416 2230,2393 2227,2369 769,2369 770,2396"/>
        <Baseline points="770,2396 2230,2393"/>
        <TextEquiv conf="0.996762551457049">
          <Unicode>sint, confirmat, imprimis autem „locum Puzcia cum specu, ubi beatissimus Bencdictus</Unicode>
        </TextEquiv>
      </TextLine>
      <TextLine id="eSc_line_b9e5d297" custom="structure {type:default;}">
        <Coords points="769,2438 769,2455 2222,2450 2223,2433 2218,2410 767,2413 769,2438"/>
        <Baseline points="769,2438 2223,2433"/>
        <TextEquiv conf="0.9980268274865499">
          <Unicode>heremiticam duxit vitam“. (Fragmentum.) Liverani Opere IV. 473. — „Quia petistis“.</Unicode>
        </TextEquiv>
      </TextLine>
      <TextLine id="eSc_line_004c6c96" custom="structure {type:default;}">
        <Coords points="730,2479 730,2508 794,2500 842,2508 845,2508 847,2508 852,2508 950,2500 1151,2500 1166,2506 1169,2508 1171,2508 1173,2510 1353,2510 1353,2508 1354,2508 1356,2508 1358,2506 1366,2500 1390,2506 1400,2508 1402,2508 1403,2510 1549,2510 1549,2508 1551,2508 1553,2508 1556,2505 1563,2500 1575,2505 1583,2508 1585,2508 1587,2508 2225,2501 2225,2479 2225,2455 730,2452 730,2479"/>
        <Baseline points="730,2479 2225,2479"/>
        <TextEquiv conf="0.9982412748393559">
          <Unicode>2679 (2018) *Ludovico (Germanico) regi rcspondet litteris Thiotoni, abbati Fuldensi,</Unicode>
        </TextEquiv>
      </TextLine>
      <TextLine id="eSc_line_f225eafe" custom="structure {type:default;}">
        <Coords points="772,2522 772,2545 2227,2540 2229,2518 2223,2496 770,2496 772,2522"/>
        <Baseline points="772,2522 2229,2518"/>
        <TextEquiv conf="0.9876350483724049">
          <Unicode>datis, quem Ludovicus „apologetica intentione Romam miserat, ut de gestis praeteriti</Unicode>
        </TextEquiv>
      </TextLine>
      <TextLine id="eSc_line_0b46f056" custom="structure {type:default;}">
        <Coords points="769,2562 769,2581 999,2589 1001,2589 1037,2581 1042,2581 2225,2581 2227,2557 2222,2533 767,2533 769,2562"/>
        <Baseline points="769,2562 2227,2557"/>
        <TextEquiv conf="0.9987310871481896">
          <Unicode>anni regem per omnia rationabiliter excusaret infamiae“. Vide Ruodolfi Fuldenses</Unicode>
        </TextEquiv>
      </TextLine>
      <TextLine id="eSc_line_337591cc" custom="structure {type:default;}">
        <Coords points="767,2605 767,2620 1278,2617 1280,2601 1276,2578 1022,2571 1020,2571 1018,2571 998,2579 996,2579 952,2572 950,2572 765,2581 767,2605"/>
        <Baseline points="767,2605 1280,2601"/>
        <TextEquiv conf="0.9983683118113765">
          <Unicode>annales 859 MG. SS. I. 373.</Unicode>
        </TextEquiv>
      </TextLine>
      <TextLine id="eSc_line_9f286022" custom="structure {type:default;}">
        <Coords points="731,2642 731,2669 2227,2666 2229,2645 2227,2620 731,2610 731,2642"/>
        <Baseline points="731,2642 2229,2645"/>
        <TextEquiv conf="0.9882171735351468">
          <Unicode>2680 (2019) *(Epistolam ad Prudentium, episcopum Trecensem, dedisse videtur, qua)</Unicode>
        </TextEquiv>
      </TextLine>
      <TextLine id="eSc_line_ca865321" custom="structure {type:default;}">
        <Coords points="775,2690 775,2734 887,2715 954,2732 955,2732 957,2734 964,2734 1247,2734 1247,2732 1249,2732 1251,2732 1252,2730 1269,2720 1307,2727 1308,2727 1310,2727 1337,2718 1375,2729 1385,2732 1387,2732 1388,2732 1390,2732 1392,2732 1395,2729 1414,2715 1483,2727 1485,2727 1487,2727 1514,2713 1663,2713 1701,2727 1707,2729 1709,2729 1711,2729 1712,2729 1723,2727 1774,2713 2021,2713 2047,2724 2064,2730 2066,2730 2067,2730 2130,2724 2198,2715 2220,2722 2225,2686 2220,2662 774,2664 775,2690"/>
        <Baseline points="775,2690 2225,2686"/>
        <TextEquiv conf="0.9958794942821365">
          <Unicode>„Nicolaus., pontifex Romamus, de gratia Dei et libero arbitrio, de veritate geminae</Unicode>
        </TextEquiv>
      </TextLine>
    </TextRegion>
    <TextRegion id="eSc_textblock_606548bc"  custom="structure {type:default;}">
      <Coords points="1008,122 1538,122 1551,188 1266,208 971,195 977,128 1008,122"/>
      <TextLine id="eSc_line_44fd2ea0" custom="structure {type:default;}">
        <Coords points="1252,122 1251,122 1249,122 1247,122 1225,130 1222,132 1205,130 1142,123 1140,123 1139,123 1137,123 1137,125 1132,130 1125,135 1105,128 1078,122 1076,122 1074,122 988,127 989,173 989,201 1536,201 1536,169 1533,135 1376,123 1375,123 1291,132 1268,134 1264,132 1254,123 1254,122 1252,122"/>
        <Baseline points="989,173 1536,169"/>
        <TextEquiv conf="0.988297510714758">
          <Unicode>NICOI.AUS I. 858 867.</Unicode>
        </TextEquiv>
      </TextLine>
    </TextRegion>
    <TextRegion id="eSc_textblock_9de2fb8b"  custom="structure {type:default;}">
      <Coords points="363,2376 473,2376 473,2381 359,2381 363,2376"/>
    </TextRegion>
  </Page>
</PcGts>
