<?xml version="1.0" encoding="UTF-8"  standalone="yes"?>
<PcGts xmlns="http://schema.primaresearch.org/PAGE/gts/pagecontent/2019-07-15" xmlns:xsi="http://www.w3.org/2001/XMLSchema-instance" xsi:schemaLocation="http://schema.primaresearch.org/PAGE/gts/pagecontent/2019-07-15 http://schema.primaresearch.org/PAGE/gts/pagecontent/2019-07-15/pagecontent.xsd">
  <Metadata externalRef="pdf//regestapontificu01cath.pdf">
	<Creator>escriptorium</Creator>
	<Created>2026-02-12T11:21:50.997604+00:00</Created>
        <LastChange>2026-02-13T10:03:15.863168+00:00</LastChange>
  </Metadata>
  <Page imageFilename="regestapontificu01cath.pdf_page_41.png" imageWidth="2243" imageHeight="3076">
    <TextRegion id="eSc_textblock_16c7756a"  custom="structure {type:default;}">
      <Coords points="229,259 2049,266 2036,1085 2063,1802 2042,2001 2070,2329 2049,2365 2036,2739 1880,2739 1824,2766 1434,2746 88,2753 109,2522 82,2370 75,1975 41,1871 54,396 75,273 229,259"/>
      <TextLine id="eSc_line_44768c79" custom="structure {type:default;}">
        <Coords points="947,363 947,393 1010,381 1022,391 1027,396 1027,398 1029,398 1030,398 1032,398 1034,398 1053,391 1065,386 1070,391 1080,398 1082,398 1083,398 1085,399 1206,399 1206,398 1270,393 1271,393 1273,393 1283,384 1294,379 1383,379 1401,382 1480,396 1482,396 1483,396 1545,377 1545,360 1542,311 1466,299 1465,299 1463,299 1441,311 1417,322 1292,322 1270,311 1254,299 1253,299 1251,299 1249,299 1248,299 1212,307 1188,300 1186,300 1184,300 1183,300 1181,300 1171,311 1169,311 1143,300 1142,300 1140,300 1138,300 1111,311 1107,311 945,311 947,363"/>
        <Baseline points="947,363 1545,360"/>
        <TextEquiv conf="0.9665922058953179">
          <Unicode>S. PEVIT8. . . 64?</Unicode>
        </TextEquiv>
      </TextLine>
      <TextLine id="eSc_line_c125a025" custom="structure {type:default;}">
        <Coords points="499,435 499,457 2008,457 2010,430 2007,398 1877,398 1873,394 1858,387 1856,387 1854,387 1789,394 1766,396 1760,394 1742,384 1740,384 1738,384 1636,393 1596,394 1564,391 1521,386 1519,386 1494,389 1451,398 1417,389 1410,387 1408,387 1227,384 1225,384 1196,386 1056,398 1018,384 1017,384 1015,384 1013,384 974,398 931,382 930,382 928,382 926,382 899,391 885,382 877,375 875,375 873,375 793,375 791,375 789,375 788,375 782,381 772,387 760,381 752,375 750,375 748,375 497,375 499,435"/>
        <Baseline points="499,435 2010,430"/>
        <TextEquiv conf="0.9220572610696157">
          <Unicode>S. Petrum uaa eum S. Paut. i urte leema dr chriatiani aaeria prarerpiser, conita-</Unicode>
        </TextEquiv>
      </TextLine>
      <TextLine id="eSc_line_4b543397" custom="structure {type:default;}">
        <Coords points="543,478 543,497 2008,497 2010,473 2007,446 541,446 543,478"/>
        <Baseline points="543,478 2010,473"/>
        <TextEquiv conf="0.9992483641420092">
          <Unicode>que ecclesia exstinctum esse, antiquissima sunt testimonia S. Ignatii ep. ad Romanos</Unicode>
        </TextEquiv>
      </TextLine>
      <TextLine id="eSc_line_9134f84e" custom="structure {type:default;}">
        <Coords points="543,519 543,538 1162,546 1164,546 1165,546 1176,541 1186,538 1287,543 1354,545 1355,545 1405,543 1538,536 1584,543 1595,545 1596,545 1598,545 1601,543 1622,536 1702,545 1714,545 1716,545 1718,545 1719,545 1745,536 1860,545 1868,545 1870,545 1873,545 1911,536 2003,545 2007,516 2003,495 1292,487 1290,487 1289,487 1271,495 1270,497 541,497 543,519"/>
        <Baseline points="543,519 2007,516"/>
        <TextEquiv conf="0.9989387626889386">
          <Unicode>in eiusdem epist. ed. Petermann p. 153 (Migne P. Gr. 5 p. 689), Dionysii epise.</Unicode>
        </TextEquiv>
      </TextLine>
      <TextLine id="eSc_line_80a6b649" custom="structure {type:default;}">
        <Coords points="541,557 540,575 2005,579 2008,562 2007,536 541,531 541,557"/>
        <Baseline points="541,557 2008,562"/>
        <TextEquiv conf="0.9980439945553126">
          <Unicode>Corinth. ad Romanos epistola, cuius mentio ap. Eusebium Hist. eccl. L. III. c. 28. (25.),</Unicode>
        </TextEquiv>
      </TextLine>
      <TextLine id="eSc_line_fbf3ec17" custom="structure {type:default;}">
        <Coords points="545,604 545,620 2005,622 2007,604 2007,581 545,577 545,604"/>
        <Baseline points="545,604 2007,604"/>
        <TextEquiv conf="0.9963473327019635">
          <Unicode>Irenaeus Contra haeres. L. III. o. 1. et 3. p. 174, 175 (Migne P. Gr. 7 p. 844, 848),</Unicode>
        </TextEquiv>
      </TextLine>
      <TextLine id="eSc_line_8b8b2bac" custom="structure {type:default;}">
        <Coords points="545,647 545,666 2005,668 2008,644 2005,622 543,616 545,647"/>
        <Baseline points="545,647 2008,644"/>
        <TextEquiv conf="0.9909357413649559">
          <Unicode>Tertullianus de praescriptionibus haeret. c. 36. Opp. p. 338 (ed. Oehler II. 34,</Unicode>
        </TextEquiv>
      </TextLine>
      <TextLine id="eSc_line_33456abf" custom="structure {type:default;}">
        <Coords points="545,688 545,705 2008,707 2012,685 2008,661 543,657 545,688"/>
        <Baseline points="545,688 2012,685"/>
        <TextEquiv conf="0.9976744644613151">
          <Unicode>Migne 2 p. 49), Gaii adv. Proculum liber, quem memorat Eusebius I. I., Origines ap.</Unicode>
        </TextEquiv>
      </TextLine>
      <TextLine id="eSc_line_af1f4a60" custom="structure {type:default;}">
        <Coords points="545,731 545,746 1909,743 1911,727 1907,705 543,698 545,731"/>
        <Baseline points="545,731 1911,727"/>
        <TextEquiv conf="0.99959943792488">
          <Unicode>Eusebium Hist. eccl. L. III. c. 1. et Clemens Alexandrinus ibidem L. VI. c. 14.</Unicode>
        </TextEquiv>
      </TextLine>
      <TextLine id="eSc_line_eb7ad6d2" custom="structure {type:default;}">
        <Coords points="487,777 487,794 2012,794 2013,770 2008,745 485,746 487,777"/>
        <Baseline points="487,777 2013,770"/>
        <TextEquiv conf="0.9985651308443488">
          <Unicode>f1 („) lubet haec: „Profer imaginem domini nostri lesu Christi et eam in turrioula</Unicode>
        </TextEquiv>
      </TextLine>
      <TextLine id="eSc_line_517f4b6f" custom="structure {type:default;}">
        <Coords points="541,813 541,833 1579,842 1581,842 1711,833 1713,833 1724,842 1726,842 1728,842 1730,844 1830,844 1830,842 2012,832 2013,813 2012,789 541,789 541,813"/>
        <Baseline points="541,813 2013,813"/>
        <TextEquiv conf="0.9918640616499348">
          <Unicode>exprime, ut cernant populi, qualem formam assumpserit filius Dei“. Mansi I. 71. —</Unicode>
        </TextEquiv>
      </TextLine>
      <TextLine id="eSc_line_ccd1b41e" custom="structure {type:default;}">
        <Coords points="545,862 545,878 731,895 733,895 735,895 736,895 736,893 752,880 798,878 919,893 921,893 923,893 924,893 924,892 941,876 976,886 977,886 979,886 1006,881 1018,892 1020,892 1022,892 1024,892 1092,876 1130,890 1131,890 1133,892 1259,892 1259,890 1261,890 1263,890 1263,888 1280,873 1312,871 1312,856 1309,833 1119,825 1118,825 1116,825 1114,825 1114,827 1112,827 1107,833 1107,835 1094,835 1025,835 996,825 994,825 993,825 991,825 989,825 989,827 981,833 888,827 887,827 801,835 776,827 774,827 772,827 771,827 745,835 560,828 559,828 557,828 555,828 543,833 545,862"/>
        <Baseline points="545,862 1312,856"/>
        <TextEquiv conf="0.9760727599263191">
          <Unicode>„EFensyxe r„w ctréva“ „Profer imaginem“.</Unicode>
        </TextEquiv>
      </TextLine>
      <TextLine id="eSc_line_96fe27d0" custom="structure {type:default;}">
        <Coords points="485,919 485,941 579,938 579,914 576,869 482,869 485,919"/>
        <Baseline points="485,919 579,914"/>
        <TextEquiv conf="1.0">
          <Unicode>64?</Unicode>
        </TextEquiv>
      </TextLine>
      <TextLine id="eSc_line_fcaf1aeb" custom="structure {type:default;}">
        <Coords points="75,962 75,1003 153,1015 155,1015 157,1015 158,1015 158,1013 181,991 188,984 201,987 217,992 218,992 220,992 222,992 244,982 244,958 241,873 169,862 167,862 165,862 164,862 152,873 111,864 109,864 107,864 71,874 75,962"/>
        <Baseline points="75,962 244,958"/>
        <TextEquiv conf="0.9999098479747772">
          <Unicode>„„</Unicode>
        </TextEquiv>
      </TextLine>
      <TextLine id="eSc_line_5c0de227" custom="structure {type:default;}">
        <Coords points="297,962 297,1013 435,1013 435,962 432,869 408,883 360,883 341,864 340,864 340,862 338,862 336,862 297,862 297,962"/>
        <Baseline points="297,962 435,962"/>
        <TextEquiv conf="0.9999997615814209">
          <Unicode>„</Unicode>
        </TextEquiv>
      </TextLine>
      <TextLine id="eSc_line_fc31470f" custom="structure {type:default;}">
        <Coords points="500,967 500,991 2013,991 2015,962 2010,936 1933,936 1930,934 1918,926 1916,926 1914,926 1913,926 1911,926 1878,934 1872,936 1861,934 1803,926 1699,926 1697,926 1695,926 1668,934 1665,936 1660,934 1636,926 1634,926 1555,926 1554,926 1487,934 1458,938 499,934 500,967"/>
        <Baseline points="500,967 2015,962"/>
        <TextEquiv conf="0.9992255632366452">
          <Unicode>Eusebii Chron. ap. Schoene II. 156: „Olymp. 211, An. Abrah. 2083, Neronis 13, Petrus</Unicode>
        </TextEquiv>
      </TextLine>
      <TextLine id="eSc_line_b7a7d5b1" custom="structure {type:default;}">
        <Coords points="547,1009 547,1028 2012,1025 2013,1004 2008,982 545,986 547,1009"/>
        <Baseline points="547,1009 2013,1004"/>
        <TextEquiv conf="0.9999823985915435">
          <Unicode>et Paulus gloriose Romae occubuerunt“. Sed persecutio Neronis, quae secundum</Unicode>
        </TextEquiv>
      </TextLine>
      <TextLine id="eSc_line_23e31721" custom="structure {type:default;}">
        <Coords points="545,1052 545,1071 2013,1068 2015,1049 2010,1023 543,1025 545,1052"/>
        <Baseline points="545,1052 2015,1049"/>
        <TextEquiv conf="0.9998546551255619">
          <Unicode>antiquissimam traditionem causa fuit martyrii apostolorum, non anno 67, qui respondet</Unicode>
        </TextEquiv>
      </TextLine>
      <TextLine id="eSc_line_282f51ce" custom="structure {type:default;}">
        <Coords points="545,1093 545,1117 2013,1112 2015,1090 2010,1064 543,1071 545,1093"/>
        <Baseline points="545,1093 2015,1090"/>
        <TextEquiv conf="0.9998438816804153">
          <Unicode>designationibus anni ap. Eusebium, sed anno 64 ascribenda est. Petrum annos 25</Unicode>
        </TextEquiv>
      </TextLine>
      <TextLine id="eSc_line_88c79f4d" custom="structure {type:default;}">
        <Coords points="547,1138 547,1158 2017,1153 2019,1132 2013,1109 545,1110 547,1138"/>
        <Baseline points="547,1138 2019,1132"/>
        <TextEquiv conf="0.9999620178166557">
          <Unicode>Romanae ecclesiae praefuisse et die 29. m. Iunii martyrio coronatum esse antiquissima</Unicode>
        </TextEquiv>
      </TextLine>
      <TextLine id="eSc_line_a5be9609" custom="structure {type:default;}">
        <Coords points="547,1177 547,1196 2017,1196 2017,1177 2017,1155 547,1155 547,1177"/>
        <Baseline points="547,1177 2017,1177"/>
        <TextEquiv conf="0.9872155154035205">
          <Unicode>ecclesiae catholicae traditio est; sed hi anni non sunt ex certa scientia sed suppu-</Unicode>
        </TextEquiv>
      </TextLine>
      <TextLine id="eSc_line_733bbe3e" custom="structure {type:default;}">
        <Coords points="545,1220 545,1242 2015,1240 2015,1220 2015,1199 545,1194 545,1220"/>
        <Baseline points="545,1220 2015,1220"/>
        <TextEquiv conf="0.9999738247306259">
          <Unicode>tatione annorum definiti, et dies mortis desumptus est ex notitia in „Depositione</Unicode>
        </TextEquiv>
      </TextLine>
      <TextLine id="eSc_line_4bf44558" custom="structure {type:default;}">
        <Coords points="547,1264 547,1285 2015,1278 2017,1257 2012,1235 545,1238 547,1264"/>
        <Baseline points="547,1264 2017,1257"/>
        <TextEquiv conf="0.995328527909738">
          <Unicode>martyrum“ a Chronographo a. 354 exscripta (ed. Mommsen, p. 632): „III. kal. Iulii</Unicode>
        </TextEquiv>
      </TextLine>
      <TextLine id="eSc_line_cd606a7a" custom="structure {type:default;}">
        <Coords points="547,1305 547,1324 870,1334 871,1334 873,1334 911,1324 914,1324 1201,1332 1203,1332 1249,1322 1251,1322 1253,1322 1316,1332 1318,1332 1319,1332 1364,1322 1485,1332 1487,1332 1489,1332 1516,1320 1569,1320 1615,1320 1617,1320 1630,1331 1632,1331 1634,1331 1636,1331 1728,1322 1752,1331 1754,1331 1755,1331 1757,1331 1759,1331 1774,1320 1863,1320 1878,1331 1880,1331 1882,1331 1883,1332 1996,1332 1996,1331 1998,1331 2000,1331 2017,1319 2017,1300 2013,1279 545,1276 547,1305"/>
        <Baseline points="547,1305 2017,1300"/>
        <TextEquiv conf="0.9988746731369583">
          <Unicode>Petri in Catacumbas et Pauli Ostiense. Tusco et Basso cons. (a. 258)“. — Quaestio</Unicode>
        </TextEquiv>
      </TextLine>
      <TextLine id="eSc_line_73360257" custom="structure {type:default;}">
        <Coords points="550,1350 550,1372 2019,1367 2020,1344 2015,1322 548,1326 550,1350"/>
        <Baseline points="550,1350 2020,1344"/>
        <TextEquiv conf="0.9994708983986466">
          <Unicode>utrum S. Petrus primus episcopus Romanus fuerit an non, vehementer agitatur inter</Unicode>
        </TextEquiv>
      </TextLine>
      <TextLine id="eSc_line_372f0f38" custom="structure {type:default;}">
        <Coords points="547,1392 547,1418 1347,1420 1348,1420 1355,1420 1480,1411 1516,1420 1518,1420 1519,1420 1521,1420 1555,1411 1660,1420 1661,1420 1663,1420 1665,1420 1723,1411 1735,1420 1736,1420 1738,1420 1740,1421 1837,1421 1839,1389 1834,1363 545,1365 547,1392"/>
        <Baseline points="547,1392 1839,1389"/>
        <TextEquiv conf="0.9928669873121623">
          <Unicode>theologos nostri aevi, de hac re sententiam proferre non est huius operis.</Unicode>
        </TextEquiv>
      </TextLine>
      <TextLine id="eSc_line_31237ef6" custom="structure {type:default;}">
        <Coords points="487,1645 487,1661 562,1666 564,1666 565,1666 586,1655 586,1642 581,1597 485,1604 487,1645"/>
        <Baseline points="487,1645 586,1642"/>
        <TextEquiv conf="1.0">
          <Unicode>64?</Unicode>
        </TextEquiv>
      </TextLine>
      <TextLine id="eSc_line_7fc3edc2" custom="structure {type:default;}">
        <Coords points="979,1604 979,1635 1039,1626 1090,1633 1100,1635 1102,1635 1533,1626 1535,1601 1530,1539 1432,1560 1278,1560 1265,1546 1258,1541 1258,1539 1256,1539 1254,1539 1253,1539 1087,1541 1085,1541 1083,1541 1070,1551 1058,1560 977,1555 979,1604"/>
        <Baseline points="979,1604 1535,1601"/>
        <TextEquiv conf="0.9998259439187891">
          <Unicode>S. LIXU8. 611—76?</Unicode>
        </TextEquiv>
      </TextLine>
      <TextLine id="eSc_line_53a257ab" custom="structure {type:default;}">
        <Coords points="507,1693 507,1714 2022,1710 2024,1690 2019,1661 1716,1661 1711,1661 1670,1647 1668,1647 1666,1647 1608,1655 1543,1647 1542,1647 1540,1647 1538,1647 1518,1661 1514,1662 1331,1662 1326,1661 1285,1647 1283,1647 1282,1647 1280,1647 1278,1647 1263,1661 1258,1662 1230,1661 1126,1649 892,1649 890,1649 888,1649 853,1659 837,1649 835,1649 834,1649 745,1649 743,1649 741,1649 704,1661 692,1662 675,1661 606,1649 605,1649 603,1649 601,1649 584,1661 579,1662 506,1661 507,1693"/>
        <Baseline points="507,1693 2024,1690"/>
        <TextEquiv conf="0.9779454745897432">
          <Unicode>Lino discipulo S. Pauli (II. Epist. ad Timotheum IV. 21) ecclesiae Romanae cura ab</Unicode>
        </TextEquiv>
      </TextLine>
      <TextLine id="eSc_line_03ac19e4" custom="structure {type:default;}">
        <Coords points="550,1737 550,1758 1259,1770 1261,1770 1263,1770 1292,1760 1302,1768 1304,1768 1306,1768 1307,1770 1425,1770 1425,1768 1427,1768 1429,1768 1444,1756 1470,1756 1554,1756 1591,1756 1678,1758 1690,1768 1692,1768 1694,1768 1695,1768 1848,1756 1851,1756 1853,1756 1916,1768 1918,1768 1919,1768 1921,1768 1938,1756 2022,1756 2024,1734 2020,1712 1287,1703 1285,1703 1283,1703 1263,1712 562,1705 560,1705 559,1705 557,1705 548,1710 550,1737"/>
        <Baseline points="550,1737 2024,1734"/>
        <TextEquiv conf="0.9888685223731127">
          <Unicode>ipsis apostolis coneredita esse dicitur ap. Irenaeum Contra baeres. L. III. c. 3. p. 176</Unicode>
        </TextEquiv>
      </TextLine>
      <TextLine id="eSc_line_c7fa1f81" custom="structure {type:default;}">
        <Coords points="548,1782 548,1804 670,1813 671,1813 719,1802 728,1801 733,1802 759,1813 760,1813 762,1813 764,1813 765,1813 782,1801 788,1799 822,1799 830,1801 870,1811 871,1811 873,1811 875,1811 877,1811 892,1799 918,1811 919,1811 921,1813 979,1813 979,1811 981,1811 1010,1797 1010,1778 1006,1756 567,1749 565,1749 564,1749 547,1756 548,1782"/>
        <Baseline points="548,1782 1010,1778"/>
        <TextEquiv conf="0.999064527451992">
          <Unicode>(Migne P. Gr. 7 p. 849).</Unicode>
        </TextEquiv>
      </TextLine>
      <TextLine id="eSc_line_7ca4ccae" custom="structure {type:default;}">
        <Coords points="70,1883 70,1905 100,1919 102,1919 104,1919 150,1908 162,1905 170,1908 189,1917 191,1917 193,1917 258,1910 258,1879 254,1804 68,1802 70,1883"/>
        <Baseline points="70,1883 258,1879"/>
        <TextEquiv conf="0.9361390471458435">
          <Unicode>Sep 2a„</Unicode>
        </TextEquiv>
      </TextLine>
      <TextLine id="eSc_line_9f2e8ec7" custom="structure {type:default;}">
        <Coords points="488,1842 488,1857 509,1867 511,1867 512,1867 582,1859 582,1837 577,1797 485,1801 488,1842"/>
        <Baseline points="488,1842 582,1837"/>
        <TextEquiv conf="1.0">
          <Unicode>76?</Unicode>
        </TextEquiv>
      </TextLine>
      <TextLine id="eSc_line_d34d416b" custom="structure {type:default;}">
        <Coords points="509,1890 509,1913 2022,1913 2024,1884 2020,1860 521,1855 519,1855 518,1855 516,1855 507,1860 509,1890"/>
        <Baseline points="509,1890 2024,1884"/>
        <TextEquiv conf="0.9957196506960638">
          <Unicode>Lini necem martyrologia ad diem 23. m. Sept. referunt, ecclesia catholica celebrat diem</Unicode>
        </TextEquiv>
      </TextLine>
      <TextLine id="eSc_line_523784a1" custom="structure {type:default;}">
        <Coords points="553,1932 553,1951 2020,1948 2022,1929 2017,1903 552,1905 553,1932"/>
        <Baseline points="553,1932 2022,1929"/>
        <TextEquiv conf="0.9998754371957081">
          <Unicode>26. m. Novembris. Eum annos 12 sedisse vult Eusebius in Hist. eccl. L. III. c. 13,</Unicode>
        </TextEquiv>
      </TextLine>
      <TextLine id="eSc_line_3e82f075" custom="structure {type:default;}">
        <Coords points="553,1973 553,1992 1285,2001 1287,2001 1410,1999 1412,1999 1413,1999 1424,1990 1425,1990 1434,1990 1499,1999 1501,1999 1565,1990 1574,1990 1588,1990 1719,1999 1721,1999 2022,1989 2024,1970 2019,1948 552,1949 553,1973"/>
        <Baseline points="553,1973 2024,1970"/>
        <TextEquiv conf="0.9948592971010906">
          <Unicode>cui consentit Catalogus Pontificum Romanorum, qui tempore Liberii papae compositus</Unicode>
        </TextEquiv>
      </TextLine>
      <TextLine id="eSc_line_a13d1c46" custom="structure {type:default;}">
        <Coords points="555,2018 555,2040 1998,2042 2000,2042 2001,2042 2024,2031 2024,2011 2019,1989 553,1990 555,2018"/>
        <Baseline points="555,2018 2024,2011"/>
        <TextEquiv conf="0.9991610384568935">
          <Unicode>invenitur in Chronographo a. 354, ed. Mommsen p. 634. (Catalogus Liberianus). Ille</Unicode>
        </TextEquiv>
      </TextLine>
      <TextLine id="eSc_line_6f69186e" custom="structure {type:default;}">
        <Coords points="555,2062 555,2079 887,2079 892,2081 904,2089 906,2089 907,2089 909,2089 1036,2081 1056,2081 1070,2081 1124,2088 1126,2088 1128,2088 1130,2088 1138,2083 1147,2078 1646,2083 1649,2059 1646,2035 1436,2025 1434,2025 1432,2025 1408,2033 1189,2026 1188,2026 871,2035 750,2026 748,2026 747,2026 711,2035 688,2026 687,2026 685,2026 683,2026 653,2035 584,2026 582,2026 581,2026 553,2036 555,2062"/>
        <Baseline points="555,2062 1649,2059"/>
        <TextEquiv conf="0.9966323594252269">
          <Unicode>autem in chronico ap. Schoene p. 155 Lino ascribit annos 14.</Unicode>
        </TextEquiv>
      </TextLine>
      <TextLine id="eSc_line_c610f576" custom="structure {type:default;}">
        <Coords points="541,2281 541,2308 948,2318 950,2318 952,2318 977,2310 988,2307 1000,2310 1020,2317 1022,2317 1024,2317 1068,2310 1095,2307 1160,2310 1256,2317 1258,2317 1259,2317 1278,2312 1297,2305 1314,2312 1321,2313 1323,2313 1324,2313 1326,2313 1328,2313 1331,2312 1343,2303 1448,2303 1478,2312 1494,2315 1495,2315 1497,2317 1497,2315 1499,2315 1512,2312 1533,2307 1625,2312 1666,2313 1668,2313 1670,2313 1675,2312 1706,2300 1798,2300 1813,2308 1815,2308 1817,2308 1819,2308 1873,2300 1974,2312 1978,2271 1972,2206 1887,2216 1793,2207 1783,2207 1781,2207 1779,2207 1776,2207 1733,2219 1581,2211 1543,2209 1542,2209 1540,2209 1531,2211 1494,2221 1251,2216 1112,2213 1111,2213 1109,2213 1107,2213 1100,2218 1094,2223 1059,2218 1030,2214 1029,2214 1027,2214 1015,2219 998,2226 906,2226 894,2221 875,2214 873,2214 871,2214 835,2221 825,2223 810,2221 752,2216 750,2216 748,2216 747,2216 738,2223 733,2226 687,2223 569,2216 567,2216 565,2216 540,2224 541,2281"/>
        <Baseline points="541,2281 1978,2271"/>
        <TextEquiv conf="0.98956392887162">
          <Unicode>S. AXACLETUS (AXEXcLETUS, CLETUS). 761 S?</Unicode>
        </TextEquiv>
      </TextLine>
      <TextLine id="eSc_line_54ea8106" custom="structure {type:default;}">
        <Coords points="499,2341 499,2359 524,2368 526,2368 528,2368 589,2356 589,2336 584,2296 495,2300 499,2341"/>
        <Baseline points="499,2341 589,2336"/>
        <TextEquiv conf="0.9999999602635702">
          <Unicode>76?</Unicode>
        </TextEquiv>
      </TextLine>
      <TextLine id="eSc_line_c7a7225b" custom="structure {type:default;}">
        <Coords points="518,2389 518,2407 1107,2416 1109,2416 1265,2407 1379,2414 1381,2414 1454,2402 1745,2402 1774,2411 1776,2411 1777,2411 1779,2411 1781,2411 1796,2402 1895,2402 1972,2411 1974,2411 2029,2399 2029,2380 2024,2348 817,2363 789,2363 543,2353 541,2353 540,2353 516,2363 518,2389"/>
        <Baseline points="518,2389 2029,2380"/>
        <TextEquiv conf="0.9896068469036458">
          <Unicode>Anacletum Iino successisse, tradit Irenaeus Contra haeres. L. III. c. 3. p. 176 (Migne</Unicode>
        </TextEquiv>
      </TextLine>
      <TextLine id="eSc_line_b4845b36" custom="structure {type:default;}">
        <Coords points="559,2431 559,2452 1437,2455 1439,2455 1499,2447 1509,2447 1536,2447 1726,2453 1728,2453 1730,2453 1754,2445 1757,2445 2025,2445 2027,2423 2022,2402 557,2407 559,2431"/>
        <Baseline points="559,2431 2027,2423"/>
        <TextEquiv conf="0.9943339424797252">
          <Unicode>P. Gr. 7 p. 849). Propter variam scribendi nominis rationem duo sunt pontifices</Unicode>
        </TextEquiv>
      </TextLine>
      <TextLine id="eSc_line_af37140f" custom="structure {type:default;}">
        <Coords points="557,2472 557,2493 2025,2491 2027,2465 2022,2440 555,2440 557,2472"/>
        <Baseline points="557,2472 2027,2465"/>
        <TextEquiv conf="0.9983483027009403">
          <Unicode>distincti, Cletus et Anacletus; quos alii ambo ante Clementem I., alii post eum, alii</Unicode>
        </TextEquiv>
      </TextLine>
      <TextLine id="eSc_line_dc563f91" custom="structure {type:default;}">
        <Coords points="557,2515 557,2542 1135,2547 1136,2547 1138,2547 1140,2547 1150,2539 1152,2539 1160,2539 1340,2546 1342,2546 1343,2546 1364,2537 1369,2537 1442,2544 1444,2544 1446,2544 1448,2544 1458,2535 1461,2535 1661,2535 1663,2535 1730,2544 1731,2544 1788,2534 1791,2534 1793,2534 1817,2542 1819,2542 1820,2542 1822,2542 1854,2534 1856,2534 1860,2534 2007,2542 2008,2542 2010,2542 2012,2542 2027,2532 2027,2506 2022,2479 555,2491 557,2515"/>
        <Baseline points="557,2515 2027,2506"/>
        <TextEquiv conf="0.9962775181321537">
          <Unicode>ita collocant, ut Clementis nomine dissocientur. Neque vero aut Irenaeus aut Eusebius</Unicode>
        </TextEquiv>
      </TextLine>
      <TextLine id="eSc_line_fb78abf0" custom="structure {type:default;}">
        <Coords points="557,2554 555,2580 1114,2582 1118,2558 1116,2534 557,2530 557,2554"/>
        <Baseline points="557,2554 1118,2558"/>
        <TextEquiv conf="0.9999975115060806">
          <Unicode>conscius est huius geminationis.</Unicode>
        </TextEquiv>
      </TextLine>
      <TextLine id="eSc_line_94654ed7" custom="structure {type:default;}">
        <Coords points="497,2618 497,2631 523,2641 524,2641 526,2641 528,2641 552,2633 557,2631 724,2633 726,2611 724,2577 702,2566 700,2566 699,2566 618,2577 598,2578 589,2577 541,2559 540,2559 538,2559 506,2561 504,2561 502,2561 502,2563 495,2568 497,2618"/>
        <Baseline points="497,2618 726,2611"/>
        <TextEquiv conf="0.9999538213014603">
          <Unicode>76?— 89?</Unicode>
        </TextEquiv>
      </TextLine>
      <TextLine id="eSc_line_fd04044d" custom="structure {type:default;}">
        <Coords points="497,2669 499,2698 521,2689 832,2694 918,2694 919,2694 933,2693 967,2686 1295,2688 1586,2689 1588,2689 1589,2689 1610,2684 1622,2681 1682,2682 1807,2688 1808,2688 2027,2677 2029,2657 2025,2629 1808,2619 1807,2619 1567,2631 1530,2623 1528,2623 1526,2623 1412,2631 1285,2624 1283,2624 1282,2624 1280,2624 1266,2633 1153,2624 1152,2624 1150,2624 1148,2624 1135,2635 964,2626 962,2626 960,2626 930,2636 596,2629 594,2629 495,2640 497,2669"/>
        <Baseline points="497,2669 2029,2657"/>
        <TextEquiv conf="0.9799489554236916">
          <Unicode>p2 (u) 5 Omnes episcopos et ceteros Sdeles iubet patientia niti. Detractorum et accu-</Unicode>
        </TextEquiv>
      </TextLine>
      <TextLine id="eSc_line_705a3874" custom="structure {type:default;}">
        <Coords points="545,2746 528,2746 511,2746 494,2746 476,2746 459,2746 442,2746 425,2746 408,2747 391,2747 374,2747 357,2747 340,2747 323,2747 306,2747 288,2747 271,2747 254,2747 237,2747 220,2747 203,2747 186,2747 169,2747 152,2747 152,2749 152,2795 555,2790 555,2749 555,2746 545,2746"/>
        <Baseline points="152,2749 555,2749"/>
        <TextEquiv conf="0.9858631491661072">
          <Unicode>*</Unicode>
        </TextEquiv>
      </TextLine>
      <TextLine id="eSc_line_881b5e14" custom="structure {type:default;}">
        <Coords points="564,2710 564,2744 627,2754 629,2754 740,2746 827,2754 829,2754 897,2744 1371,2753 1372,2753 1601,2741 1630,2751 1632,2751 1634,2753 1721,2753 1721,2751 1723,2751 1724,2751 1743,2739 1976,2749 1978,2749 1979,2749 2027,2735 2027,2701 2022,2674 562,2679 564,2710"/>
        <Baseline points="564,2710 2027,2701"/>
        <TextEquiv conf="0.9885889135655903">
          <Unicode>sutorum in sacerdotes iniurias pertinere ad Christum; cuius legem qui negligant, iis</Unicode>
        </TextEquiv>
      </TextLine>
    </TextRegion>
    <TextRegion id="eSc_textblock_4b311412"  custom="structure {type:default;}">
      <Coords points="651,123 1530,129 1550,189 1530,210 526,203 533,136 651,123"/>
      <TextLine id="eSc_line_2787d8d6" custom="structure {type:default;}">
        <Coords points="547,184 547,203 1521,210 1523,184 1523,136 1343,129 1342,129 1259,131 1258,131 1256,131 1249,138 1242,143 1224,138 1205,133 1203,133 1201,133 1200,133 1188,138 1176,145 1082,145 1073,140 1058,129 1056,129 1054,129 994,129 993,129 953,131 952,131 950,131 950,133 941,141 938,143 933,141 909,133 907,133 906,133 904,133 902,133 890,141 885,145 796,145 791,141 755,129 753,129 610,129 608,129 547,143 547,184"/>
        <Baseline points="547,184 1523,184"/>
        <TextEquiv conf="0.9864938644801869">
          <Unicode>S. PETRUS. S. LIXUS. S. ANACLETUS.</Unicode>
        </TextEquiv>
      </TextLine>
    </TextRegion>
    <TextRegion id="eSc_textblock_0ca6ca77"  custom="structure {type:default;}">
      <Coords points="1993,157 2008,177 2001,203 1969,182 1993,157"/>
    </TextRegion>
  </Page>
</PcGts>
