<?xml version="1.0" encoding="UTF-8"  standalone="yes"?>
<PcGts xmlns="http://schema.primaresearch.org/PAGE/gts/pagecontent/2019-07-15" xmlns:xsi="http://www.w3.org/2001/XMLSchema-instance" xsi:schemaLocation="http://schema.primaresearch.org/PAGE/gts/pagecontent/2019-07-15 http://schema.primaresearch.org/PAGE/gts/pagecontent/2019-07-15/pagecontent.xsd">
  <Metadata externalRef="pdf//regestapontificu01cath.pdf">
	<Creator>escriptorium</Creator>
	<Created>2026-02-12T11:26:28.474770+00:00</Created>
        <LastChange>2026-02-13T10:26:19.495879+00:00</LastChange>
  </Metadata>
  <Page imageFilename="regestapontificu01cath.pdf_page_158.png" imageWidth="2353" imageHeight="3055">
    <TextRegion id="eSc_textblock_88f1f235"  custom="structure {type:default;}">
      <Coords points="300,135 405,149 398,201 271,222 264,149 300,135"/>
      <TextLine id="eSc_line_e721ca41" custom="structure {type:default;}">
        <Coords points="285,191 290,278 373,273 370,186 365,154 281,154 285,191"/>
        <Baseline points="285,191 370,186"/>
        <TextEquiv conf="0.9818073511123657">
          <Unicode>„</Unicode>
        </TextEquiv>
      </TextLine>
    </TextRegion>
    <TextRegion id="eSc_textblock_3ee6ab5c"  custom="structure {type:default;}">
      <Coords points="288,237 677,251 685,285 713,251 2257,257 2264,2442 2230,2734 746,2734 690,2707 325,2707 271,2679 251,1194 258,264 288,237"/>
      <TextLine id="eSc_line_33a2be50" custom="structure {type:default;}">
        <Coords points="696,266 697,302 697,330 786,322 947,329 1022,330 1023,330 1059,325 1113,319 1135,324 1156,330 1157,330 1159,330 1220,322 1222,297 1218,264 702,259 696,266"/>
        <Baseline points="697,302 1222,297"/>
        <TextEquiv conf="0.9693804250823127">
          <Unicode>638. (Glario fedanne cons.)</Unicode>
        </TextEquiv>
      </TextLine>
      <TextLine id="eSc_line_734abeed" custom="structure {type:default;}">
        <Coords points="758,346 757,363 2222,366 2225,349 2223,317 1298,307 1297,307 1295,307 1278,315 1276,315 758,315 758,346"/>
        <Baseline points="758,346 2225,349"/>
        <TextEquiv conf="0.9961305948949996">
          <Unicode>admodum recipiendi sint: de consecrandis ecclesiis refectis; pascha anni proximi die</Unicode>
        </TextEquiv>
      </TextLine>
      <TextLine id="eSc_line_5baba51a" custom="structure {type:default;}">
        <Coords points="758,392 758,412 2223,417 2225,392 2225,369 758,369 758,392"/>
        <Baseline points="758,392 2225,392"/>
        <TextEquiv conf="0.9986742911515413">
          <Unicode>24. m. Aprilis agendum esse; de precum ordine. (Epistola est a Pseudo-Isidoro de-</Unicode>
        </TextEquiv>
      </TextLine>
      <TextLine id="eSc_line_8c076cf0" custom="structure {type:default;}">
        <Coords points="758,431 758,456 2220,454 2222,436 2220,410 758,405 758,431"/>
        <Baseline points="758,431 2222,436"/>
        <TextEquiv conf="0.9993031391178269">
          <Unicode>formata). Hinschius Ps. Is. p. 710 (cf. ibid. p. CV), Mansi IX. 29, Migne 69 p. 15.</Unicode>
        </TextEquiv>
      </TextLine>
      <TextLine id="eSc_line_e7fdfcda" custom="structure {type:default;}">
        <Coords points="757,475 757,498 819,498 847,519 848,519 850,519 852,519 972,515 974,515 976,515 976,514 988,505 996,514 998,514 999,514 1078,519 1079,519 1081,519 1145,498 1145,475 1144,444 757,448 757,475"/>
        <Baseline points="757,475 1145,475"/>
        <TextEquiv conf="0.9528319778896513">
          <Unicode>— „Dirertas ad moss“.</Unicode>
        </TextEquiv>
      </TextLine>
      <TextLine id="eSc_line_aa6a5583" custom="structure {type:default;}">
        <Coords points="694,536 694,556 814,553 814,531 811,493 730,487 728,487 726,487 690,497 694,536"/>
        <Baseline points="694,536 814,531"/>
        <TextEquiv conf="1.0">
          <Unicode>538?</Unicode>
        </TextEquiv>
      </TextLine>
      <TextLine id="eSc_line_2c5a6821" custom="structure {type:default;}">
        <Coords points="713,582 711,597 2220,609 2223,587 2223,558 2162,539 2161,539 2159,539 2157,539 2125,554 2122,556 2096,554 2010,548 2008,548 2006,548 1989,553 1950,563 1913,551 1889,543 1887,543 1886,543 1884,543 1857,549 1831,556 1806,548 1782,541 1780,541 1779,541 1738,548 1668,558 1645,544 1639,543 1638,543 1539,541 1538,541 1536,541 1534,541 1533,543 1505,561 1458,544 1456,544 1385,543 1383,543 1381,543 1334,561 1249,541 1247,541 1246,541 1203,558 1050,546 1049,546 1047,546 998,560 979,548 977,548 976,548 974,548 886,549 853,527 852,527 850,527 713,526 713,582"/>
        <Baseline points="713,582 2223,587"/>
        <TextEquiv conf="0.9743330250965075">
          <Unicode>Side erii „adventu territus, ne sede pelteretur, Belisario mandat: Trade mihi Siliverium,</Unicode>
        </TextEquiv>
      </TextLine>
      <TextLine id="eSc_line_31b0a482" custom="structure {type:default;}">
        <Coords points="758,627 758,644 830,655 831,655 896,646 899,646 901,646 942,656 943,656 945,656 1071,655 1072,655 1074,655 1086,646 1088,646 1101,646 1196,656 1198,656 1249,648 1259,646 1266,648 1290,655 1291,655 1293,655 1346,648 1366,646 1419,648 1572,656 1573,656 1609,650 1626,646 1646,650 1687,656 1689,658 1784,658 1784,656 1785,656 1787,656 1797,650 1804,646 1825,650 1855,656 1857,658 1933,658 1933,656 1935,656 1948,651 1962,646 1996,651 2033,656 2035,656 2218,651 2218,627 2218,605 758,605 758,627"/>
        <Baseline points="758,627 2218,627"/>
        <TextEquiv conf="0.9996193701570685">
          <Unicode>alioqui non possum facere, quod a me exigis“. Liberati breviar. C. 22. p. 151</Unicode>
        </TextEquiv>
      </TextLine>
      <TextLine id="eSc_line_b0d962bc" custom="structure {type:default;}">
        <Coords points="757,668 757,685 772,694 774,694 775,694 892,685 950,685 959,692 959,694 960,694 962,694 964,694 965,694 998,685 1033,694 1035,694 1037,694 1117,685 1387,694 1388,694 1453,685 1516,694 1517,694 1599,683 1599,668 1599,644 757,644 757,668"/>
        <Baseline points="757,668 1599,668"/>
        <TextEquiv conf="0.9974595802895566">
          <Unicode>(Migne 68 p. 1041). Cf. supra Silverii regesta.</Unicode>
        </TextEquiv>
      </TextLine>
      <TextLine id="eSc_line_d88b7e4f" custom="structure {type:default;}">
        <Coords points="716,706 714,723 753,733 755,733 1451,726 1468,734 1470,734 1471,734 2222,726 2223,709 2220,682 943,683 935,683 887,675 886,675 803,683 792,683 787,683 738,673 736,673 735,673 716,682 716,706"/>
        <Baseline points="716,706 2223,709"/>
        <TextEquiv conf="0.9830603488655978">
          <Unicode>908 Professionem fidei conscribit, in qua agit de una Christi natura, et promittit, se</Unicode>
        </TextEquiv>
      </TextLine>
      <TextLine id="eSc_line_341fc24f" custom="structure {type:default;}">
        <Coords points="758,750 757,770 2220,773 2223,753 2222,728 758,728 758,750"/>
        <Baseline points="758,750 2223,753"/>
        <TextEquiv conf="0.9964016970199875">
          <Unicode>defensurum canones quatuor conciliorum et decreta antecessorum suorum et omnes,</Unicode>
        </TextEquiv>
      </TextLine>
      <TextLine id="eSc_line_7a80463e" custom="structure {type:default;}">
        <Coords points="760,795 760,814 2223,809 2225,790 2220,767 758,770 760,795"/>
        <Baseline points="760,795 2225,790"/>
        <TextEquiv conf="0.9972652879105993">
          <Unicode>quos ipsi damnassent, damnatos et quos ipsi recepissent, praecipue venerabiles epi-</Unicode>
        </TextEquiv>
      </TextLine>
      <TextLine id="eSc_line_ad60916d" custom="structure {type:default;}">
        <Coords points="760,838 760,855 2223,860 2227,835 2223,812 1548,804 1546,804 1488,812 889,806 887,806 758,814 760,838"/>
        <Baseline points="760,838 2227,835"/>
        <TextEquiv conf="0.9808727547526359">
          <Unicode>scopos Thcodorctum (Theuderetum) et lbam, inter orthodoxos habiturum esse. Pitra</Unicode>
        </TextEquiv>
      </TextLine>
      <TextLine id="eSc_line_a612a127" custom="structure {type:default;}">
        <Coords points="758,879 758,896 784,906 786,906 787,906 947,896 959,896 969,896 1132,906 1134,906 1135,906 1159,896 1251,896 1297,896 1351,906 1353,906 1446,904 1448,904 1471,894 1482,904 1483,904 1485,904 1487,904 1488,904 1519,894 1521,894 1522,894 1551,902 1553,902 1555,902 1673,894 1679,894 1690,904 1692,904 1694,904 1695,904 1804,894 1806,894 1808,894 1891,904 1892,904 1948,892 1950,875 1947,855 769,848 767,848 765,848 763,848 757,852 758,879"/>
        <Baseline points="758,879 1950,875"/>
        <TextEquiv conf="0.9955070724854103">
          <Unicode>Spicilegium Solesmense T. IV. Prolegom. p. XII. — „Credo igitur“.</Unicode>
        </TextEquiv>
      </TextLine>
      <TextLine id="eSc_line_67b940d2" custom="structure {type:default;}">
        <Coords points="718,916 716,936 730,945 731,945 733,945 735,945 789,936 803,945 804,945 806,945 808,945 1380,936 1475,947 1476,947 1478,947 1512,938 1558,947 1560,947 2227,936 2229,919 2229,897 718,894 718,916"/>
        <Baseline points="718,916 2229,919"/>
        <TextEquiv conf="0.9914408820596609">
          <Unicode>909 (586) „Dominis et in Christi . . . caritate coniunctis fratribus, Theodosio (Alexan-</Unicode>
        </TextEquiv>
      </TextLine>
      <TextLine id="eSc_line_8a5de265" custom="structure {type:default;}">
        <Coords points="758,964 758,979 2223,982 2225,964 2225,940 758,936 758,964"/>
        <Baseline points="758,964 2225,964"/>
        <TextEquiv conf="0.9951336029030028">
          <Unicode>drino), Anthimo (Constantinopolitano) et Severo (Antiocheno) episcopis“, significat,</Unicode>
        </TextEquiv>
      </TextLine>
      <TextLine id="eSc_line_338475d0" custom="structure {type:default;}">
        <Coords points="760,1009 760,1026 2225,1023 2227,1003 2223,980 1139,975 1137,975 1135,975 1118,984 789,977 787,977 786,977 758,986 760,1009"/>
        <Baseline points="760,1009 2227,1003"/>
        <TextEquiv conf="0.9961203013557985">
          <Unicode>„quia modo gloriosa domina et filia sua, patricia Antonina, desideria sua fecit im-</Unicode>
        </TextEquiv>
      </TextLine>
      <TextLine id="eSc_line_13421bde" custom="structure {type:default;}">
        <Coords points="760,1050 760,1069 2225,1065 2227,1045 2222,1021 758,1025 760,1050"/>
        <Baseline points="760,1050 2227,1045"/>
        <TextEquiv conf="0.9901000592815742">
          <Unicode>pleri, ut fraternitati eorum praesentia scripta transmitteret, . . . eam fidem, quam ipsi</Unicode>
        </TextEquiv>
      </TextLine>
      <TextLine id="eSc_line_d6336024" custom="structure {type:default;}">
        <Coords points="758,1091 758,1106 2227,1106 2229,1086 2223,1060 757,1069 758,1091"/>
        <Baseline points="758,1091 2229,1086"/>
        <TextEquiv conf="0.9924969311001934">
          <Unicode>teneant, et tenuisse se et tenere“. „Oportet ergo“, inquit „ut haec, quae vobis</Unicode>
        </TextEquiv>
      </TextLine>
      <TextLine id="eSc_line_c9e65118" custom="structure {type:default;}">
        <Coords points="758,1132 758,1155 2227,1150 2229,1128 2223,1108 757,1109 758,1132"/>
        <Baseline points="758,1132 2229,1128"/>
        <TextEquiv conf="0.998995082924165">
          <Unicode>scribo, nullus agnoscat, sed magis tanquam suspectum me sapientia vestra ante alios</Unicode>
        </TextEquiv>
      </TextLine>
      <TextLine id="eSc_line_4aee5061" custom="structure {type:default;}">
        <Coords points="760,1172 760,1189 2227,1191 2229,1172 2229,1149 760,1149 760,1172"/>
        <Baseline points="760,1172 2229,1172"/>
        <TextEquiv conf="0.9993156545302447">
          <Unicode>aestimet se habere, ut facilius possim haec, quae coepi, operari et perficere“. Addit</Unicode>
        </TextEquiv>
      </TextLine>
      <TextLine id="eSc_line_115394a6" custom="structure {type:default;}">
        <Coords points="760,1218 760,1233 2227,1227 2229,1211 2225,1191 2006,1182 2004,1182 1860,1191 1838,1193 758,1193 760,1218"/>
        <Baseline points="760,1218 2229,1211"/>
        <TextEquiv conf="0.9964723641222174">
          <Unicode>hanc fidei professionem: „Non duas Christum confitemur naturas, sed ex duabus</Unicode>
        </TextEquiv>
      </TextLine>
      <TextLine id="eSc_line_007194b4" custom="structure {type:default;}">
        <Coords points="760,1261 760,1279 2229,1276 2230,1254 2225,1233 758,1238 760,1261"/>
        <Baseline points="760,1261 2230,1254"/>
        <TextEquiv conf="0.9978955833217765">
          <Unicode>naturis compositum unum filium, unum Christum, unum Dominum; . .. anathematiza-</Unicode>
        </TextEquiv>
      </TextLine>
      <TextLine id="eSc_line_e653e120" custom="structure {type:default;}">
        <Coords points="758,1301 758,1320 2225,1318 2227,1294 2222,1271 757,1276 758,1301"/>
        <Baseline points="758,1301 2227,1294"/>
        <TextEquiv conf="0.9984178008971276">
          <Unicode>mus ergo Paulum Samosatenum, Dioscorum (an Diodorum?), Theodorum, Theodoretum</Unicode>
        </TextEquiv>
      </TextLine>
      <TextLine id="eSc_line_3112980d" custom="structure {type:default;}">
        <Coords points="760,1342 760,1357 2227,1354 2229,1339 2223,1318 758,1320 760,1342"/>
        <Baseline points="760,1342 2229,1339"/>
        <TextEquiv conf="0.9907640058819841">
          <Unicode>et omnes, qui eorum statuta coluerint vel colunt“. Liberati breviar. C. 22. p. 152</Unicode>
        </TextEquiv>
      </TextLine>
      <TextLine id="eSc_line_59150b5d" custom="structure {type:default;}">
        <Coords points="760,1384 760,1410 2225,1406 2227,1381 2222,1359 758,1361 760,1384"/>
        <Baseline points="760,1384 2227,1381"/>
        <TextEquiv conf="0.9925803102198101">
          <Unicode>(Migne 68 p. 1041), Victoris Tunnunensis chron. ap. Roncallium Vet. lat. scr. chron.</Unicode>
        </TextEquiv>
      </TextLine>
      <TextLine id="eSc_line_f2cae1bf" custom="structure {type:default;}">
        <Coords points="696,1488 701,1510 704,1505 740,1508 786,1513 787,1513 789,1513 809,1507 826,1500 835,1505 843,1512 845,1512 847,1512 848,1512 850,1512 881,1503 891,1502 903,1503 942,1508 943,1508 945,1508 962,1502 969,1498 986,1500 1067,1510 1069,1510 1071,1510 1072,1510 1091,1496 1091,1483 1088,1454 1011,1442 1010,1442 1008,1442 979,1452 976,1452 879,1444 877,1444 840,1452 814,1457 784,1452 740,1444 738,1444 694,1451 696,1488"/>
        <Baseline points="696,1488 1091,1483"/>
        <TextEquiv conf="0.9567598808895458">
          <Unicode>540. (Iauotino conas.)</Unicode>
        </TextEquiv>
      </TextLine>
      <TextLine id="eSc_line_24a4cd69" custom="structure {type:default;}">
        <Coords points="487,1546 487,1568 1412,1568 1412,1566 1414,1566 1431,1561 1441,1558 1570,1558 1575,1559 1592,1566 1594,1566 1595,1566 1728,1559 1753,1558 1758,1558 1785,1566 1787,1566 1789,1566 1872,1558 1894,1556 1928,1558 2067,1564 2069,1564 2071,1564 2072,1564 2086,1556 2088,1556 2229,1556 2229,1539 2225,1508 2127,1498 2125,1498 2123,1498 2101,1507 2093,1512 1984,1512 1972,1507 1945,1498 1943,1498 1942,1498 1940,1498 1911,1507 1898,1510 1841,1507 1748,1500 1746,1500 1718,1507 1697,1512 1516,1512 1485,1505 1458,1500 1456,1500 1454,1500 1444,1505 1431,1513 1288,1513 1230,1505 1207,1502 1205,1502 1190,1505 1154,1513 1137,1505 1130,1502 1128,1502 1067,1502 1066,1502 1064,1502 1055,1505 1025,1513 840,1503 823,1503 821,1503 819,1503 818,1503 789,1517 624,1517 485,1503 487,1546"/>
        <Baseline points="487,1546 2229,1539"/>
        <TextEquiv conf="0.9914764204332905">
          <Unicode>Itomae in cum Belisario et Vitige, Gothorum rege. Vita Vigilii in Vignolii Lib. pont. I. 213:</Unicode>
        </TextEquiv>
      </TextLine>
      <TextLine id="eSc_line_910cea71" custom="structure {type:default;}">
        <Coords points="471,1586 471,1619 505,1614 514,1619 531,1627 533,1627 534,1629 585,1629 585,1627 587,1627 589,1627 609,1612 611,1610 634,1625 636,1625 638,1625 640,1625 641,1625 643,1625 643,1624 658,1610 706,1603 706,1583 701,1558 470,1559 471,1586"/>
        <Baseline points="471,1586 706,1583"/>
        <TextEquiv conf="0.9805559473378318">
          <Unicode>basilica Iulii</Unicode>
        </TextEquiv>
      </TextLine>
      <TextLine id="eSc_line_f92b2dab" custom="structure {type:default;}">
        <Coords points="733,1585 733,1603 2227,1603 2227,1585 2227,1561 733,1561 733,1585"/>
        <Baseline points="733,1585 2227,1585"/>
        <TextEquiv conf="0.9882565637429556">
          <Unicode>„Tunc deduxerunt eum (Vitigem) in basilicam Iulii, dedcruntque ei sacramentum,</Unicode>
        </TextEquiv>
      </TextLine>
      <TextLine id="eSc_line_a916f3e5" custom="structure {type:default;}">
        <Coords points="758,1629 758,1644 1684,1639 1685,1624 1682,1602 1066,1595 1064,1595 757,1605 758,1629"/>
        <Baseline points="758,1629 1685,1624"/>
        <TextEquiv conf="0.9972571134567261">
          <Unicode>ut salvus perducereftur ad lustinianum imperatorem“.</Unicode>
        </TextEquiv>
      </TextLine>
      <TextLine id="eSc_line_3a9cbcdb" custom="structure {type:default;}">
        <Coords points="293,1671 293,1698 402,1705 404,1705 458,1695 458,1671 458,1569 422,1569 421,1569 419,1569 417,1569 410,1576 381,1600 339,1588 324,1585 322,1585 320,1585 319,1585 293,1595 293,1671"/>
        <Baseline points="293,1671 458,1671"/>
        <TextEquiv conf="0.9222736557324728">
          <Unicode>„„„</Unicode>
        </TextEquiv>
      </TextLine>
      <TextLine id="eSc_line_b9660456" custom="structure {type:default;}">
        <Coords points="721,1670 721,1687 750,1697 752,1697 753,1697 755,1697 787,1688 813,1697 814,1697 816,1697 903,1688 955,1697 957,1697 1278,1688 1347,1687 1356,1688 1385,1695 1387,1695 1388,1697 1487,1697 1487,1695 1488,1695 1490,1695 1500,1688 1502,1687 1505,1688 1524,1695 1526,1695 1527,1695 1665,1688 1743,1685 1775,1688 1816,1693 1818,1693 1843,1688 1865,1685 2225,1688 2227,1664 2222,1644 719,1648 721,1670"/>
        <Baseline points="721,1670 2227,1664"/>
        <TextEquiv conf="0.9928615880318177">
          <Unicode>910 (599) Iustinianum imperatorem laudat, quod rectam fidem tueatur. Nicaenae,</Unicode>
        </TextEquiv>
      </TextLine>
      <TextLine id="eSc_line_a4bc57dd" custom="structure {type:default;}">
        <Coords points="760,1715 760,1734 2227,1727 2229,1707 2225,1685 1945,1676 1943,1676 1942,1676 1940,1676 1928,1685 1653,1678 1651,1678 1534,1687 1364,1680 1363,1680 1361,1680 1334,1688 775,1683 774,1683 772,1683 770,1683 758,1688 760,1715"/>
        <Baseline points="760,1715 2229,1707"/>
        <TextEquiv conf="0.9998498291541369">
          <Unicode>Constantinopolitanae, Ephesiae primae, Chaleedoniae synodorum, Leonisque primi</Unicode>
        </TextEquiv>
      </TextLine>
      <TextLine id="eSc_line_aa1a9a51" custom="structure {type:default;}">
        <Coords points="758,1756 758,1771 2227,1763 2229,1748 2225,1724 825,1724 823,1724 757,1732 758,1756"/>
        <Baseline points="758,1756 2229,1748"/>
        <TextEquiv conf="0.990972939832711">
          <Unicode>statuta observari cupit. Assentitur anathemati per Mennam, episcopum Constantino-</Unicode>
        </TextEquiv>
      </TextLine>
      <TextLine id="eSc_line_ab46363f" custom="structure {type:default;}">
        <Coords points="760,1797 760,1821 2135,1821 2135,1819 2229,1809 2230,1790 2225,1770 758,1775 760,1797"/>
        <Baseline points="760,1797 2230,1790"/>
        <TextEquiv conf="0.9962213715991458">
          <Unicode>politanum, prolato in Severum Antiochenum, Petrum Apamensem, Anthimum, Xe-</Unicode>
        </TextEquiv>
      </TextLine>
      <TextLine id="eSc_line_477da972" custom="structure {type:default;}">
        <Coords points="758,1839 758,1860 2227,1855 2229,1831 2223,1809 757,1816 758,1839"/>
        <Baseline points="758,1839 2229,1831"/>
        <TextEquiv conf="0.9930066241846456">
          <Unicode>neam, Theodosium Alexandrinum, Constantinum Laodicensem, Antoninum Versetanum</Unicode>
        </TextEquiv>
      </TextLine>
      <TextLine id="eSc_line_1a235784" custom="structure {type:default;}">
        <Coords points="760,1882 760,1899 2227,1894 2229,1875 2225,1851 797,1848 796,1848 794,1848 758,1856 760,1882"/>
        <Baseline points="760,1882 2229,1875"/>
        <TextEquiv conf="0.9988673059713273">
          <Unicode>et Dioscorum eiusque dcfensores; nihilo secius recipi vult resipiscentes. Litterarum</Unicode>
        </TextEquiv>
      </TextLine>
      <TextLine id="eSc_line_9c515f94" custom="structure {type:default;}">
        <Coords points="760,1926 760,1941 981,1951 982,1951 984,1951 1010,1941 1016,1939 1049,1941 1144,1950 1145,1950 1218,1941 1254,1938 1274,1941 1298,1946 1300,1946 1302,1946 1303,1946 1310,1941 1319,1936 1529,1936 1539,1941 1549,1946 1551,1946 1553,1946 1701,1941 1879,1934 1938,1941 1964,1943 1965,1943 1967,1943 1969,1943 1972,1941 1984,1933 1996,1941 1998,1941 1999,1941 2001,1941 2229,1939 2230,1916 2225,1894 758,1900 760,1926"/>
        <Baseline points="760,1926 2230,1916"/>
        <TextEquiv conf="0.9976664119296603">
          <Unicode>intermissionem excusat. Petit, ut b. Petri privilegia imminui vetet et orthodoxos</Unicode>
        </TextEquiv>
      </TextLine>
      <TextLine id="eSc_line_027ed996" custom="structure {type:default;}">
        <Coords points="762,1967 762,1984 2229,1977 2230,1960 2225,1936 760,1938 762,1967"/>
        <Baseline points="762,1967 2230,1960"/>
        <TextEquiv conf="0.994270828833063">
          <Unicode>semper ad se mittat legatos, mandatisque Dominico exconsuli et patricio datis aurem</Unicode>
        </TextEquiv>
      </TextLine>
      <TextLine id="eSc_line_e32a4661" custom="structure {type:default;}">
        <Coords points="762,2009 762,2029 2229,2017 2230,2001 2227,1978 1055,1975 1054,1975 760,1985 762,2009"/>
        <Baseline points="762,2009 2230,2001"/>
        <TextEquiv conf="0.9969511196801537">
          <Unicode>praebeat. Mansi IX. 35, Migne 69 p. 21, Bull. Rom. T. E. I. 146. — „Litteris</Unicode>
        </TextEquiv>
      </TextLine>
      <TextLine id="eSc_line_211fbd21" custom="structure {type:default;}">
        <Coords points="758,2050 758,2063 784,2077 786,2077 787,2079 865,2079 865,2077 976,2060 977,2046 972,2019 757,2024 758,2050"/>
        <Baseline points="758,2050 977,2046"/>
        <TextEquiv conf="0.9999961455663046">
          <Unicode>clementiae“.</Unicode>
        </TextEquiv>
      </TextLine>
      <TextLine id="eSc_line_e35289e2" custom="structure {type:default;}">
        <Coords points="324,2096 324,2128 346,2128 346,2126 348,2126 349,2126 349,2124 351,2124 368,2107 402,2119 405,2121 407,2121 409,2121 458,2114 458,2096 458,2038 417,2038 415,2038 414,2038 412,2038 412,2040 404,2048 390,2060 356,2067 324,2063 324,2096"/>
        <Baseline points="324,2096 458,2096"/>
        <TextEquiv conf="0.9941557049751282">
          <Unicode>„ 17.</Unicode>
        </TextEquiv>
      </TextLine>
      <TextLine id="eSc_line_1503bee3" custom="structure {type:default;}">
        <Coords points="721,2090 721,2121 772,2113 981,2119 1020,2119 1022,2119 1023,2119 1028,2118 1059,2111 1402,2114 1622,2116 1624,2116 2229,2104 2230,2082 2225,2057 719,2057 721,2090"/>
        <Baseline points="721,2090 2230,2082"/>
        <TextEquiv conf="0.9881218515691303">
          <Unicode>911 (591) Mennae, episcopi Constantinopolitani, religionem probat. De anathemate per</Unicode>
        </TextEquiv>
      </TextLine>
      <TextLine id="eSc_line_f6a69dbd" custom="structure {type:default;}">
        <Coords points="762,2135 763,2165 796,2155 869,2163 870,2163 872,2163 874,2163 886,2153 1003,2153 1016,2162 1018,2162 1020,2162 1022,2162 1023,2162 1040,2153 1179,2162 1198,2162 1200,2162 1208,2162 1257,2153 1414,2158 1460,2160 1461,2160 1476,2158 1524,2152 1663,2157 1729,2158 1731,2158 1733,2158 1735,2158 1738,2155 1748,2148 1887,2148 1899,2153 1903,2157 1904,2157 1906,2157 1908,2157 1928,2153 1964,2148 2004,2153 2025,2155 2027,2155 2028,2155 2030,2155 2032,2153 2042,2146 2060,2152 2071,2155 2072,2155 2074,2155 2225,2150 2227,2124 2222,2102 760,2111 762,2135"/>
        <Baseline points="762,2135 2227,2124"/>
        <TextEquiv conf="0.9963390131791433">
          <Unicode>eum prolato, quae in superiore epistola, eadem exponit. Mansi IX. 38, Migne 69</Unicode>
        </TextEquiv>
      </TextLine>
      <TextLine id="eSc_line_5a27e7c2" custom="structure {type:default;}">
        <Coords points="760,2179 760,2199 937,2189 943,2194 949,2199 949,2201 950,2201 952,2201 991,2204 993,2204 1054,2191 1067,2189 1071,2191 1088,2202 1089,2202 1091,2202 1093,2204 1186,2204 1186,2202 1188,2202 1241,2186 1241,2174 1235,2150 758,2155 760,2179"/>
        <Baseline points="760,2179 1241,2174"/>
        <TextEquiv conf="0.9925271387283618">
          <Unicode>p. 25. — „Licet universa“.</Unicode>
        </TextEquiv>
      </TextLine>
      <TextLine id="eSc_line_febd5f00" custom="structure {type:default;}">
        <Coords points="697,2247 697,2275 780,2275 780,2274 782,2274 784,2274 786,2272 797,2264 933,2269 991,2270 993,2270 1011,2267 1044,2260 1072,2265 1105,2270 1106,2270 1181,2262 1195,2262 1213,2262 1387,2267 1388,2267 1390,2267 1407,2257 1407,2238 1402,2204 696,2204 697,2247"/>
        <Baseline points="697,2247 1407,2238"/>
        <TextEquiv conf="0.9481684879252785">
          <Unicode>543. (Rterum post consulafum Bavitit.)</Unicode>
        </TextEquiv>
      </TextLine>
      <TextLine id="eSc_line_45e1207d" custom="structure {type:default;}">
        <Coords points="300,2301 300,2318 351,2330 353,2330 354,2330 373,2325 390,2320 398,2326 410,2337 410,2338 412,2338 414,2338 415,2338 458,2331 460,2298 456,2267 419,2259 417,2259 415,2259 407,2260 383,2267 358,2257 356,2257 354,2257 353,2257 351,2257 351,2259 349,2259 346,2264 298,2248 300,2301"/>
        <Baseline points="300,2301 460,2298"/>
        <TextEquiv conf="0.9691238477826118">
          <Unicode>Oct. 18.</Unicode>
        </TextEquiv>
      </TextLine>
      <TextLine id="eSc_line_bae17d16" custom="structure {type:default;}">
        <Coords points="719,2299 719,2318 2139,2320 2140,2320 2230,2309 2230,2292 2227,2269 1925,2259 1923,2259 1848,2270 1407,2270 1297,2262 1295,2262 1224,2270 1120,2262 1118,2262 1117,2262 1083,2272 833,2264 831,2264 718,2274 719,2299"/>
        <Baseline points="719,2299 2230,2292"/>
        <TextEquiv conf="0.9984899197900018">
          <Unicode>912 (592) Auxanio, episcopo Arelatensi canonice electo, gratulatur. Usum pallii et ce-</Unicode>
        </TextEquiv>
      </TextLine>
      <TextLine id="eSc_line_b3b95621" custom="structure {type:default;}">
        <Coords points="763,2343 763,2362 2227,2360 2229,2338 2223,2315 762,2318 763,2343"/>
        <Baseline points="763,2343 2229,2338"/>
        <TextEquiv conf="0.9998143602820003">
          <Unicode>tera, quae petierit, se, potestate ab imperatore facta, libenter concessurum scribit.</Unicode>
        </TextEquiv>
      </TextLine>
      <TextLine id="eSc_line_92cc867f" custom="structure {type:default;}">
        <Coords points="765,2386 765,2416 870,2401 1001,2411 1003,2411 1005,2411 1025,2404 1037,2413 1038,2415 1040,2415 1042,2415 1044,2416 1117,2416 1117,2415 1118,2415 1120,2415 1120,2413 1123,2411 1134,2401 1174,2411 1188,2413 1190,2413 1222,2410 1319,2399 1385,2399 1393,2408 1398,2411 1398,2413 1400,2413 1402,2413 1403,2413 1616,2403 1617,2382 1614,2359 763,2354 765,2386"/>
        <Baseline points="765,2386 1617,2382"/>
        <TextEquiv conf="0.9859377317958408">
          <Unicode>Mansi IX. 40, Migne 69 p. 26. — „Scripta de“.</Unicode>
        </TextEquiv>
      </TextLine>
      <TextLine id="eSc_line_c467d09d" custom="structure {type:default;}">
        <Coords points="699,2447 699,2471 811,2471 811,2447 811,2413 731,2399 730,2399 728,2399 699,2411 699,2447"/>
        <Baseline points="699,2447 811,2447"/>
        <TextEquiv conf="0.9999953210353851">
          <Unicode>544.</Unicode>
        </TextEquiv>
      </TextLine>
      <TextLine id="eSc_line_e4eb855e" custom="structure {type:default;}">
        <Coords points="297,2489 295,2518 353,2533 354,2533 356,2533 390,2518 393,2516 395,2518 421,2540 422,2540 424,2540 499,2542 500,2542 502,2542 504,2542 504,2540 517,2527 567,2525 568,2525 570,2525 584,2516 590,2513 680,2515 684,2493 682,2452 612,2452 611,2452 595,2440 594,2440 592,2440 590,2440 527,2442 507,2430 505,2430 504,2430 448,2428 446,2428 444,2428 400,2452 397,2454 297,2454 297,2489"/>
        <Baseline points="297,2489 684,2493"/>
        <TextEquiv conf="0.8914686212172875">
          <Unicode>N„ „„ Man. y.</Unicode>
        </TextEquiv>
      </TextLine>
      <TextLine id="eSc_line_dc4ae736" custom="structure {type:default;}">
        <Coords points="718,2491 718,2510 2222,2505 2223,2486 2220,2454 816,2454 814,2454 716,2462 718,2491"/>
        <Baseline points="718,2491 2223,2486"/>
        <TextEquiv conf="0.988552255395018">
          <Unicode>Vita Vigilii p. 216: „Anthimus scribon (missus a Theodora Augusta) veniens Romam,</Unicode>
        </TextEquiv>
      </TextLine>
      <TextLine id="eSc_line_89e08742" custom="structure {type:default;}">
        <Coords points="511,2535 511,2554 555,2564 556,2564 658,2559 658,2530 653,2510 509,2515 511,2535"/>
        <Baseline points="511,2535 658,2530"/>
        <TextEquiv conf="0.9415310621261597">
          <Unicode>(cclassia</Unicode>
        </TextEquiv>
      </TextLine>
      <TextLine id="eSc_line_20b7c563" custom="structure {type:default;}">
        <Coords points="765,2535 765,2561 1171,2561 1171,2559 1173,2559 1174,2559 1178,2556 1186,2550 1263,2554 1347,2559 1349,2559 1351,2559 1375,2554 1395,2549 1480,2552 1594,2557 1595,2557 1653,2550 1685,2547 1723,2550 1797,2556 1799,2556 1870,2549 1886,2547 1891,2549 1918,2556 1920,2556 1921,2556 2003,2547 2023,2545 2045,2547 2149,2554 2150,2554 2225,2544 2227,2527 2223,2506 1656,2500 1655,2500 1653,2500 1633,2508 1631,2508 1614,2508 1361,2501 1359,2501 763,2511 765,2535"/>
        <Baseline points="765,2535 2227,2527"/>
        <TextEquiv conf="0.9981681628104968">
          <Unicode>invenit eum (Vigilium) in ecclesia S. Caeciliae X. kal. Dec., munera erogantem</Unicode>
        </TextEquiv>
      </TextLine>
      <TextLine id="eSc_line_759639ad" custom="structure {type:default;}">
        <Coords points="483,2579 485,2620 536,2605 607,2605 616,2608 633,2615 634,2615 636,2615 638,2615 687,2600 687,2572 682,2547 482,2547 483,2579"/>
        <Baseline points="483,2579 687,2572"/>
        <TextEquiv conf="0.9989627599716187">
          <Unicode>S. Caeciliae</Unicode>
        </TextEquiv>
      </TextLine>
      <TextLine id="eSc_line_ce9f0f32" custom="structure {type:default;}">
        <Coords points="760,2578 760,2600 1241,2606 1242,2606 1244,2606 1281,2596 1286,2596 1293,2596 1361,2605 1363,2605 1424,2596 1465,2605 1466,2605 1609,2595 1614,2595 1638,2603 1639,2603 1641,2603 1687,2595 1835,2601 1836,2601 1838,2601 1853,2593 1867,2601 1869,2601 1870,2601 1872,2603 1979,2603 1979,2601 2201,2600 2203,2600 2225,2589 2225,2567 2220,2545 758,2550 760,2578"/>
        <Baseline points="760,2578 2225,2567"/>
        <TextEquiv conf="0.9893060072263082">
          <Unicode>ad populum; tenentes itaque eur, deposuerunt ad Tiberim, miseruntque eum in</Unicode>
        </TextEquiv>
      </TextLine>
      <TextLine id="eSc_line_22ff8201" custom="structure {type:default;}">
        <Coords points="762,2618 762,2634 982,2634 982,2618 982,2591 762,2584 762,2618"/>
        <Baseline points="762,2618 982,2618"/>
        <TextEquiv conf="0.9638909534974531">
          <Unicode>navem“ cet.</Unicode>
        </TextEquiv>
      </TextLine>
      <TextLine id="eSc_line_38e89bd6" custom="structure {type:default;}">
        <Coords points="334,2661 334,2727 436,2729 438,2661 438,2613 346,2605 344,2605 342,2605 341,2605 341,2606 334,2613 334,2661"/>
        <Baseline points="334,2661 438,2661"/>
        <TextEquiv conf="0.7997409403324127">
          <Unicode>L„</Unicode>
        </TextEquiv>
      </TextLine>
      <TextLine id="eSc_line_15447c3e" custom="structure {type:default;}">
        <Coords points="524,2659 524,2734 655,2734 655,2659 655,2634 524,2620 524,2659"/>
        <Baseline points="524,2659 655,2659"/>
        <TextEquiv conf="0.9423582851886749">
          <Unicode>Hons</Unicode>
        </TextEquiv>
      </TextLine>
      <TextLine id="eSc_line_15b488fe" custom="structure {type:default;}">
        <Coords points="718,2661 718,2685 2227,2668 2229,2651 2225,2625 2077,2617 2076,2617 1797,2625 1724,2615 1723,2615 1721,2615 1692,2627 1663,2617 1662,2617 1495,2617 1493,2617 1492,2617 1490,2617 1476,2625 1271,2618 1269,2618 1268,2618 1237,2628 1139,2620 1137,2620 1081,2632 843,2632 818,2623 816,2623 814,2623 716,2634 718,2661"/>
        <Baseline points="718,2661 2229,2651"/>
        <TextEquiv conf="0.9942051297010377">
          <Unicode>egreditur, vocatus a lustiniano imperatore. Marcellini comitis chron. contin. ap. Ron-</Unicode>
        </TextEquiv>
      </TextLine>
      <TextLine id="eSc_line_e513ab82" custom="structure {type:default;}">
        <Coords points="765,2700 765,2732 811,2741 813,2741 865,2732 870,2732 872,2732 906,2751 908,2751 909,2751 994,2742 1006,2751 1008,2751 1010,2751 1011,2752 1147,2752 1147,2751 1149,2751 1184,2739 1249,2751 1251,2751 1415,2749 1417,2749 1419,2749 1444,2734 1514,2747 1516,2747 1517,2747 1519,2747 1534,2737 1570,2742 1572,2742 1670,2729 2127,2729 2169,2739 2171,2739 2173,2739 2225,2725 2225,2695 2222,2671 916,2669 915,2669 763,2678 765,2700"/>
        <Baseline points="765,2700 2225,2695"/>
        <TextEquiv conf="0.9771022237837315">
          <Unicode>callium Vet. lat. scr. chron. II. 330 (Nigne 51 p. 945): „Ind. IX. P. C. Basilii</Unicode>
        </TextEquiv>
      </TextLine>
    </TextRegion>
    <TextRegion id="eSc_textblock_be59925a"  custom="structure {type:default;}">
      <Coords points="1144,135 1361,135 1381,201 1120,208 1113,162 1144,135"/>
      <TextLine id="eSc_line_26462d9b" custom="structure {type:default;}">
        <Coords points="1363,151 1137,149 1137,190 1137,212 1281,222 1283,222 1368,212 1368,190 1368,166 1363,151"/>
        <Baseline points="1137,190 1368,190"/>
        <TextEquiv conf="0.9773046324650446">
          <Unicode>VI(1I1.11&#x27;8.</Unicode>
        </TextEquiv>
      </TextLine>
    </TextRegion>
  </Page>
</PcGts>
