<?xml version="1.0" encoding="UTF-8"  standalone="yes"?>
<PcGts xmlns="http://schema.primaresearch.org/PAGE/gts/pagecontent/2019-07-15" xmlns:xsi="http://www.w3.org/2001/XMLSchema-instance" xsi:schemaLocation="http://schema.primaresearch.org/PAGE/gts/pagecontent/2019-07-15 http://schema.primaresearch.org/PAGE/gts/pagecontent/2019-07-15/pagecontent.xsd">
  <Metadata externalRef="pdf//regestapontificu01cath.pdf">
	<Creator>escriptorium</Creator>
	<Created>2026-02-12T11:36:47.576609+00:00</Created>
        <LastChange>2026-02-13T11:20:20.678822+00:00</LastChange>
  </Metadata>
  <Page imageFilename="regestapontificu01cath.pdf_page_410.png" imageWidth="2353" imageHeight="3055">
    <TextRegion id="eSc_textblock_055c5e48"  custom="structure {type:default;}">
      <Coords points="320,128 398,135 405,188 285,201 285,142 320,128"/>
      <TextLine id="eSc_line_2154a370" custom="structure {type:default;}">
        <Coords points="381,134 363,132 361,130 297,135 300,179 302,201 393,200 392,173 385,134 381,134"/>
        <Baseline points="300,179 392,173"/>
        <TextEquiv conf="0.9997429847717285">
          <Unicode>„70)</Unicode>
        </TextEquiv>
      </TextLine>
    </TextRegion>
    <TextRegion id="eSc_textblock_39f7b35e"  custom="structure {type:default;}">
      <Coords points="2188,230 2251,230 2278,257 2257,2707 774,2713 713,2693 711,2571 509,2557 494,2510 480,2544 414,2537 292,2469 271,2381 278,257 2188,230"/>
      <TextLine id="eSc_line_1be70d8c" custom="structure {type:default;}">
        <Coords points="716,290 716,310 1872,307 1872,283 1869,256 1736,247 1735,247 1685,254 1665,257 1651,254 1624,247 1622,247 1621,247 1497,254 1409,259 1370,254 1329,249 1327,249 1325,249 1310,254 1290,261 1207,254 1181,252 1179,252 1166,254 1118,261 1088,254 1074,251 1072,251 1071,251 1069,251 1062,254 1045,263 965,263 955,254 954,254 952,254 714,254 716,290"/>
        <Baseline points="716,290 1872,283"/>
        <TextEquiv conf="0.9918289018027923">
          <Unicode>868. (Ind. 1. — 1. Sept. — 2, imp. Lcone a. 19. post cons. eias 18.)</Unicode>
        </TextEquiv>
      </TextLine>
      <TextLine id="eSc_line_1c161cce" custom="structure {type:default;}">
        <Coords points="779,339 779,358 1052,366 1054,366 1055,366 1083,358 1142,366 1144,366 1145,366 1176,356 1181,356 1212,356 1414,364 1415,364 1417,364 1449,356 1451,356 1460,356 1804,363 1806,363 2242,351 2244,332 2240,308 1510,302 1509,302 1378,310 835,305 833,305 777,313 779,339"/>
        <Baseline points="779,339 2244,332"/>
        <TextEquiv conf="0.9990799304766532">
          <Unicode>nensibus se „Salomoni duci et populo Britannorum“ scripsisse, nunciat. Martene</Unicode>
        </TextEquiv>
      </TextLine>
      <TextLine id="eSc_line_3850e41b" custom="structure {type:default;}">
        <Coords points="779,376 777,397 2237,400 2240,380 2239,354 779,351 779,376"/>
        <Baseline points="779,376 2240,380"/>
        <TextEquiv conf="0.9895100096861521">
          <Unicode>Thes. III. 865, Morice Mém. de Bret. I. 324, Mansi XV. 827, Migne 122 p. 1273.</Unicode>
        </TextEquiv>
      </TextLine>
      <TextLine id="eSc_line_cb0c4ee3" custom="structure {type:default;}">
        <Coords points="777,417 775,427 930,442 932,442 1005,432 1076,442 1078,442 1181,432 1183,422 1179,390 777,392 777,417"/>
        <Baseline points="777,417 1183,422"/>
        <TextEquiv conf="0.999876621094617">
          <Unicode>— „Miscrias et diras“.</Unicode>
        </TextEquiv>
      </TextLine>
      <TextLine id="eSc_line_f4efb60c" custom="structure {type:default;}">
        <Coords points="310,466 310,507 473,505 473,463 466,405 432,417 381,414 325,409 324,409 322,409 320,409 308,415 310,466"/>
        <Baseline points="310,466 473,463"/>
        <TextEquiv conf="0.8597439196374681">
          <Unicode>Maat. 1n.</Unicode>
        </TextEquiv>
      </TextLine>
      <TextLine id="eSc_line_ff223131" custom="structure {type:default;}">
        <Coords points="736,466 736,487 1235,492 1237,492 1325,488 1473,483 1483,488 1487,492 1488,492 1490,492 1492,493 1718,493 1718,492 1768,490 1935,482 1948,490 1950,490 1952,490 1954,492 2242,492 2244,461 2239,426 1821,434 1794,429 1772,426 1770,426 1743,431 1709,436 1677,431 1656,427 1655,427 1444,432 1327,436 1310,434 1251,427 1249,427 1247,427 1224,436 1215,437 1145,436 904,429 903,429 801,437 775,429 774,429 772,429 770,429 735,439 736,466"/>
        <Baseline points="736,466 2244,461"/>
        <TextEquiv conf="0.9963059023524938">
          <Unicode>„Quarta feria post initium quadragesimae factione Arsenii, filius eius Eleutherius filiam</Unicode>
        </TextEquiv>
      </TextLine>
      <TextLine id="eSc_line_afa8d09e" custom="structure {type:default;}">
        <Coords points="780,507 780,527 1875,531 1877,531 2242,521 2244,500 2239,478 779,478 780,507"/>
        <Baseline points="780,507 2244,500"/>
        <TextEquiv conf="0.9916569073516203">
          <Unicode>Adriani papae, ab alio desponsatam, dolo decepit ct rapuit, sibique coniunxit; unde</Unicode>
        </TextEquiv>
      </TextLine>
      <TextLine id="eSc_line_56b9d582" custom="structure {type:default;}">
        <Coords points="777,546 777,565 1965,565 1965,546 1965,522 777,515 777,546"/>
        <Baseline points="777,546 1965,546"/>
        <TextEquiv conf="0.997944830902039">
          <Unicode>idem papa nimium est contristatus“. Hincmari Annal. 868 p. 477.</Unicode>
        </TextEquiv>
      </TextLine>
      <TextLine id="eSc_line_a9ceae35" custom="structure {type:default;}">
        <Coords points="312,594 312,621 376,633 378,633 380,633 381,633 381,631 402,611 407,607 415,611 448,619 449,619 451,619 453,619 454,619 471,605 471,590 465,541 385,565 310,548 312,594"/>
        <Baseline points="312,594 471,590"/>
        <TextEquiv conf="0.9807701366288322">
          <Unicode>Nai. 8.</Unicode>
        </TextEquiv>
      </TextLine>
      <TextLine id="eSc_line_a0534eaa" custom="structure {type:default;}">
        <Coords points="735,587 735,611 2244,611 2244,587 2244,563 735,560 735,587"/>
        <Baseline points="735,587 2244,587"/>
        <TextEquiv conf="0.9981873069686451">
          <Unicode>2907 (2204) Adoni, archiepiscopo Viennensi, ad Nicolai decreta omnino servanda hortanti</Unicode>
        </TextEquiv>
      </TextLine>
      <TextLine id="eSc_line_3c828cca" custom="structure {type:default;}">
        <Coords points="779,631 779,653 2244,656 2246,631 2246,604 779,602 779,631"/>
        <Baseline points="779,631 2246,631"/>
        <TextEquiv conf="0.9992329909140805">
          <Unicode>laudem tribuit. Sed addit, lenitate perficienda esse, quae ille severe inchoaverit.</Unicode>
        </TextEquiv>
      </TextLine>
      <TextLine id="eSc_line_508cb6cc" custom="structure {type:default;}">
        <Coords points="780,673 780,690 2193,689 2193,673 2193,646 780,641 780,673"/>
        <Baseline points="780,673 2193,673"/>
        <TextEquiv conf="0.9885435316123461">
          <Unicode>Mansi XV. 859, (cf. XVI. 123), Migne 122 p. 1274. — „Epistolam sanctitatis“.</Unicode>
        </TextEquiv>
      </TextLine>
      <TextLine id="eSc_line_98f2f93b" custom="structure {type:default;}">
        <Coords points="302,719 302,775 351,801 353,801 354,802 402,802 402,801 404,801 405,801 443,772 473,772 473,719 473,689 460,678 458,678 456,678 454,678 417,687 397,690 302,675 302,719"/>
        <Baseline points="302,719 473,719"/>
        <TextEquiv conf="0.9999838471412659">
          <Unicode>„„</Unicode>
        </TextEquiv>
      </TextLine>
      <TextLine id="eSc_line_16635afd" custom="structure {type:default;}">
        <Coords points="735,714 735,738 2242,734 2244,711 2239,689 733,689 735,714"/>
        <Baseline points="735,714 2244,711"/>
        <TextEquiv conf="0.9998453524377611">
          <Unicode>2908 (2205) Basilium impcratorem, quod, Photio remoto, Ignatium, patriarcham Con-</Unicode>
        </TextEquiv>
      </TextLine>
      <TextLine id="eSc_line_e9a78d31" custom="structure {type:default;}">
        <Coords points="777,758 777,780 2242,780 2244,753 2240,731 775,731 777,758"/>
        <Baseline points="777,758 2244,753"/>
        <TextEquiv conf="0.9972632405269577">
          <Unicode>stantinopolitanum, restituerit, collaudat. Hortatur, ut eius socios quoque expulsos</Unicode>
        </TextEquiv>
      </TextLine>
      <TextLine id="eSc_line_14d13d60" custom="structure {type:default;}">
        <Coords points="779,799 779,818 2244,818 2244,799 2244,770 779,767 779,799"/>
        <Baseline points="779,799 2244,799"/>
        <TextEquiv conf="0.9990026419227188">
          <Unicode>revocet; nominatimque Theognostum (al. Theodosium) exarchum commendat, qui</Unicode>
        </TextEquiv>
      </TextLine>
      <TextLine id="eSc_line_6875457d" custom="structure {type:default;}">
        <Coords points="779,841 779,863 1027,872 1028,872 1375,862 1417,862 1427,862 1509,870 1510,870 1645,862 1648,862 1651,862 1716,870 1718,870 1719,870 1738,862 1740,862 2150,868 2152,868 2154,868 2156,868 2167,860 2239,860 2240,836 2237,816 777,814 779,841"/>
        <Baseline points="779,841 2240,836"/>
        <TextEquiv conf="0.9994308902071668">
          <Unicode>Romae per septennium exsulaverit. Mansi XVI. 120, cf. ibid. p. 370, Migne 122</Unicode>
        </TextEquiv>
      </TextLine>
      <TextLine id="eSc_line_032f197e" custom="structure {type:default;}">
        <Coords points="775,887 775,901 1415,908 1417,908 1466,896 1468,884 1465,858 774,855 775,887"/>
        <Baseline points="775,887 1468,884"/>
        <TextEquiv conf="0.9999611764340788">
          <Unicode>p. 1276. — „Quoniam tranquillissime“.</Unicode>
        </TextEquiv>
      </TextLine>
      <TextLine id="eSc_line_7dc39d00" custom="structure {type:default;}">
        <Coords points="348,935 349,969 414,945 466,941 466,928 461,891 344,904 348,935"/>
        <Baseline points="348,935 466,928"/>
        <TextEquiv conf="0.998738631606102">
          <Unicode>„ 1.</Unicode>
        </TextEquiv>
      </TextLine>
      <TextLine id="eSc_line_22f2a507" custom="structure {type:default;}">
        <Coords points="735,923 735,945 2244,945 2244,923 2244,899 735,891 735,923"/>
        <Baseline points="735,923 2244,923"/>
        <TextEquiv conf="0.9941156031120391">
          <Unicode>2909 (2206) Ignatium, patriarcham Constantinopolitanum, quod de recepto munere nihil</Unicode>
        </TextEquiv>
      </TextLine>
      <TextLine id="eSc_line_f56b3c3e" custom="structure {type:default;}">
        <Coords points="775,969 775,992 2240,992 2242,962 2237,941 774,947 775,969"/>
        <Baseline points="775,969 2242,962"/>
        <TextEquiv conf="0.9961633338647731">
          <Unicode>sibi significaverit, amice obiurgat. Pollicetur, eum sociosque curae sibi fore. Theo-</Unicode>
        </TextEquiv>
      </TextLine>
      <TextLine id="eSc_line_3e3e2b7c" custom="structure {type:default;}">
        <Coords points="777,1009 777,1031 2240,1031 2242,1004 2237,982 775,986 777,1009"/>
        <Baseline points="777,1009 2242,1004"/>
        <TextEquiv conf="0.9955079129764012">
          <Unicode>gnostum exarchum laudat, idque addit „si ad apostolicam sedem quosdam mittere</Unicode>
        </TextEquiv>
      </TextLine>
      <TextLine id="eSc_line_433d0105" custom="structure {type:default;}">
        <Coords points="775,1052 775,1067 1475,1076 1476,1076 1526,1065 1533,1065 1543,1065 1629,1074 1631,1074 1633,1074 1662,1065 1665,1065 1699,1065 2133,1074 2135,1074 2137,1074 2159,1065 2222,1074 2223,1074 2225,1074 2244,1064 2244,1048 2239,1021 774,1026 775,1052"/>
        <Baseline points="775,1052 2244,1048"/>
        <TextEquiv conf="0.9957583197733251">
          <Unicode>disposueris, hunc specialiter volumus prae ceteris mitti“. De statu ecclesiae eius</Unicode>
        </TextEquiv>
      </TextLine>
      <TextLine id="eSc_line_b17c498a" custom="structure {type:default;}">
        <Coords points="777,1091 775,1108 830,1121 831,1121 887,1111 928,1121 930,1121 932,1123 1120,1123 1120,1121 1122,1121 1123,1121 1139,1111 1140,1111 1164,1120 1166,1120 1168,1120 1266,1113 1269,1113 1271,1113 1283,1121 1285,1121 1286,1121 1288,1121 1327,1113 1339,1111 1364,1113 1443,1121 1697,1123 1699,1123 1753,1116 1785,1113 1811,1116 1838,1121 1840,1121 1914,1118 2013,1113 2040,1120 2054,1121 2055,1121 2069,1120 2098,1113 2239,1120 2242,1094 2240,1070 777,1069 777,1091"/>
        <Baseline points="777,1091 2242,1094"/>
        <TextEquiv conf="0.9990162331806985">
          <Unicode>certior quamprimum fieri cupit. Euthymium spatharium commendat, „qui“ inquit</Unicode>
        </TextEquiv>
      </TextLine>
      <TextLine id="eSc_line_0620ad5a" custom="structure {type:default;}">
        <Coords points="779,1138 779,1157 2240,1154 2242,1133 2237,1109 777,1113 779,1138"/>
        <Baseline points="779,1138 2242,1133"/>
        <TextEquiv conf="0.999546617269516">
          <Unicode>„Romam imperialem ferens legationem, primus nobis de fraternitate vestra, quod</Unicode>
        </TextEquiv>
      </TextLine>
      <TextLine id="eSc_line_4d43cce2" custom="structure {type:default;}">
        <Coords points="777,1174 775,1191 836,1201 838,1201 903,1193 930,1201 932,1201 933,1201 1583,1194 1609,1203 1611,1203 1612,1203 1679,1194 1740,1203 1741,1203 1782,1194 1850,1203 1852,1203 2242,1193 2244,1177 2242,1154 777,1150 777,1174"/>
        <Baseline points="777,1174 2244,1177"/>
        <TextEquiv conf="0.999977171421051">
          <Unicode>semper optavimus, annunciavit“. Mansi XVI. 121, cf. p. 370, Migne 122 p. 1277.</Unicode>
        </TextEquiv>
      </TextLine>
      <TextLine id="eSc_line_b98d1496" custom="structure {type:default;}">
        <Coords points="777,1220 777,1232 833,1232 835,1232 847,1244 847,1245 848,1245 850,1245 852,1245 853,1245 891,1235 1032,1245 1033,1245 1035,1245 1064,1230 1078,1244 1078,1245 1079,1245 1081,1245 1083,1247 1247,1247 1247,1245 1249,1245 1251,1245 1269,1230 1291,1230 1293,1216 1288,1196 775,1198 777,1220"/>
        <Baseline points="777,1220 1293,1216"/>
        <TextEquiv conf="0.9999920438837122">
          <Unicode>— „Convenerat sanctitatem“.</Unicode>
        </TextEquiv>
      </TextLine>
      <TextLine id="eSc_line_6ac1cff3" custom="structure {type:default;}">
        <Coords points="735,1261 735,1283 2246,1283 2246,1261 2246,1235 735,1235 735,1261"/>
        <Baseline points="735,1261 2246,1261"/>
        <TextEquiv conf="0.9981101653243922">
          <Unicode>2910 (2207) Hincmaro, archiepiscopo Remensi, scribit, Hincmarum, episcopum Lau-</Unicode>
        </TextEquiv>
      </TextLine>
      <TextLine id="eSc_line_a643b836" custom="structure {type:default;}">
        <Coords points="777,1303 777,1320 2244,1322 2246,1303 2244,1271 2081,1279 1931,1271 1921,1271 1920,1271 1918,1271 1916,1271 1904,1279 1762,1271 1745,1271 1743,1271 1728,1271 1604,1279 777,1274 777,1303"/>
        <Baseline points="777,1303 2246,1303"/>
        <TextEquiv conf="0.9998544400388544">
          <Unicode>dunensem, Romam petere cupientem, a sese exspectari. Cuius iter ante kalendas</Unicode>
        </TextEquiv>
      </TextLine>
      <TextLine id="eSc_line_b6517776" custom="structure {type:default;}">
        <Coords points="780,1345 780,1371 2242,1371 2244,1342 2239,1320 779,1322 780,1345"/>
        <Baseline points="780,1345 2244,1342"/>
        <TextEquiv conf="0.9905256114222787">
          <Unicode>Augustas iniri praecipit. Northmannum, nisi, quas oocupaverit, res ecclesiae Laudunensis</Unicode>
        </TextEquiv>
      </TextLine>
      <TextLine id="eSc_line_c99300c7" custom="structure {type:default;}">
        <Coords points="777,1388 777,1412 2242,1410 2244,1383 2240,1361 775,1361 777,1388"/>
        <Baseline points="777,1388 2244,1383"/>
        <TextEquiv conf="0.9931857148303261">
          <Unicode>restituat, excommunicari iubet; itemque ipsum HIincmarum Laudunensem ait excom-</Unicode>
        </TextEquiv>
      </TextLine>
      <TextLine id="eSc_line_26e62480" custom="structure {type:default;}">
        <Coords points="777,1430 777,1449 1078,1447 1088,1451 1113,1459 1115,1459 1117,1459 1220,1451 1263,1447 1305,1451 1410,1459 1412,1459 1499,1451 1551,1446 1570,1451 1594,1457 1595,1457 1597,1459 1757,1459 1757,1457 1758,1457 1760,1457 1768,1451 1775,1447 1828,1451 1913,1457 1914,1457 1945,1451 1974,1446 2004,1451 2040,1457 2042,1457 2242,1451 2244,1427 2239,1398 775,1405 777,1430"/>
        <Baseline points="777,1430 2244,1427"/>
        <TextEquiv conf="0.9972212609038296">
          <Unicode>municatum iri, si a proposito Romam veniendi declinaverit. Mansi XV. 836, Migne 122</Unicode>
        </TextEquiv>
      </TextLine>
      <TextLine id="eSc_line_e2178551" custom="structure {type:default;}">
        <Coords points="775,1473 775,1490 782,1496 782,1498 784,1498 786,1498 787,1498 789,1498 819,1488 996,1488 1008,1498 1010,1498 1011,1498 1013,1500 1387,1500 1387,1498 1388,1498 1422,1486 1422,1473 1422,1451 1405,1442 1403,1442 1402,1442 1400,1442 1378,1451 1028,1442 1027,1442 932,1451 920,1442 918,1442 916,1442 843,1442 842,1442 775,1451 775,1473"/>
        <Baseline points="775,1473 1422,1473"/>
        <TextEquiv conf="0.9819108807679379">
          <Unicode>p. 1280. — „Ilustrem Hlincmarum“.</Unicode>
        </TextEquiv>
      </TextLine>
      <TextLine id="eSc_line_a367eba9" custom="structure {type:default;}">
        <Coords points="738,1512 738,1534 2246,1534 2246,1512 2246,1488 738,1488 738,1512"/>
        <Baseline points="738,1512 2246,1512"/>
        <TextEquiv conf="0.9994363545001238">
          <Unicode>2911 (2208) Carolo (Calvo) regi de HIincmaro, episcopo Laudunensi, ut in superiore epi-</Unicode>
        </TextEquiv>
      </TextLine>
      <TextLine id="eSc_line_0363ef47" custom="structure {type:default;}">
        <Coords points="779,1556 779,1573 2242,1569 2244,1552 2240,1529 777,1524 779,1556"/>
        <Baseline points="779,1556 2244,1552"/>
        <TextEquiv conf="0.9892602597558221">
          <Unicode>stola scribit. Haec addit: „Sicut gaudemus, cum serenitatem tuam erga statum ecclesia-</Unicode>
        </TextEquiv>
      </TextLine>
      <TextLine id="eSc_line_8d14efc6" custom="structure {type:default;}">
        <Coords points="779,1595 777,1614 835,1625 836,1625 891,1617 962,1625 964,1625 1241,1617 1285,1617 1291,1619 1327,1625 1329,1625 1431,1619 1468,1617 1480,1619 1510,1627 1512,1627 1514,1627 1706,1620 1787,1619 1801,1622 1821,1627 1823,1627 1825,1627 1926,1622 2011,1619 2239,1624 2242,1598 2240,1573 779,1573 779,1595"/>
        <Baseline points="779,1595 2242,1598"/>
        <TextEquiv conf="0.9965610136220484">
          <Unicode>sticum liberalem audimus, sic nimirum, cum cam in aliquo distrahentem comperimus,</Unicode>
        </TextEquiv>
      </TextLine>
      <TextLine id="eSc_line_545044ab" custom="structure {type:default;}">
        <Coords points="779,1639 779,1663 1347,1658 1366,1664 1371,1666 1373,1666 1375,1666 1390,1664 1431,1658 1485,1664 1504,1666 1505,1666 1553,1664 1735,1656 1835,1664 1840,1664 1841,1664 1843,1664 1867,1656 1881,1664 1882,1664 1884,1664 1886,1666 1982,1666 1982,1664 1984,1664 2016,1656 2083,1664 2084,1664 2086,1664 2088,1664 2120,1656 2132,1664 2133,1664 2135,1664 2137,1666 2240,1666 2242,1636 2239,1614 777,1614 779,1639"/>
        <Baseline points="779,1639 2242,1636"/>
        <TextEquiv conf="0.9981070019304752">
          <Unicode>tota valetudine constristamur.“ (Cf. Hincmari Annal. 868 p. 480, et Conc. Duzia-</Unicode>
        </TextEquiv>
      </TextLine>
      <TextLine id="eSc_line_64dc7b26" custom="structure {type:default;}">
        <Coords points="775,1680 775,1698 1022,1707 1023,1707 1025,1707 1054,1698 1055,1698 1314,1698 1393,1709 1395,1709 1397,1709 1431,1698 1444,1709 1446,1709 1448,1709 1449,1710 1507,1710 1507,1709 1624,1697 1631,1697 1636,1697 1699,1707 1701,1709 1821,1709 1821,1707 1823,1707 1845,1697 1899,1707 1901,1707 1971,1697 1993,1705 1994,1705 1996,1705 2108,1697 2123,1707 2125,1707 2127,1707 2128,1709 2222,1709 2222,1707 2223,1707 2225,1707 2242,1695 2242,1676 2237,1654 774,1656 775,1680"/>
        <Baseline points="775,1680 2242,1676"/>
        <TextEquiv conf="0.9949063360691071">
          <Unicode>ccnse ap. Mansi XVI. 579 et 651.) Mansi XV. 836, Migne 122 p. 1281. — „Illu-</Unicode>
        </TextEquiv>
      </TextLine>
      <TextLine id="eSc_line_c761316f" custom="structure {type:default;}">
        <Coords points="775,1722 775,1736 859,1744 860,1744 862,1744 886,1736 887,1736 889,1736 947,1748 949,1748 1123,1732 1125,1719 1120,1692 774,1698 775,1722"/>
        <Baseline points="775,1722 1125,1719"/>
        <TextEquiv conf="0.9999965148813584">
          <Unicode>strem Hincmarum“.</Unicode>
        </TextEquiv>
      </TextLine>
      <TextLine id="eSc_line_7532771d" custom="structure {type:default;}">
        <Coords points="738,1761 736,1782 2240,1785 2244,1765 2242,1737 1954,1727 1952,1727 1950,1727 1914,1737 1909,1739 1549,1739 1517,1737 1417,1727 1415,1727 1414,1727 1388,1737 1385,1737 1347,1737 1123,1729 1122,1729 1120,1729 1118,1729 1108,1737 1105,1739 923,1739 920,1737 896,1729 894,1729 892,1729 823,1737 813,1737 809,1737 774,1726 772,1726 770,1726 769,1726 738,1736 738,1761"/>
        <Baseline points="738,1761 2244,1765"/>
        <TextEquiv conf="0.9897316104554116">
          <Unicode>„fdlcutherius (Arsenii filius), consilio ut fertur fratris sui Anastasii, quem bibliothecarium</Unicode>
        </TextEquiv>
      </TextLine>
      <TextLine id="eSc_line_964973c0" custom="structure {type:default;}">
        <Coords points="779,1807 779,1824 2239,1831 2242,1807 2240,1785 779,1778 779,1807"/>
        <Baseline points="779,1807 2242,1807"/>
        <TextEquiv conf="0.999549005502536">
          <Unicode>Romanae ecclesiae in exordio ordinationis suae Adrianus constitucrat, Stephaniam,</Unicode>
        </TextEquiv>
      </TextLine>
      <TextLine id="eSc_line_b02e4b44" custom="structure {type:default;}">
        <Coords points="779,1849 779,1872 1001,1872 1040,1873 1166,1883 1168,1883 1237,1875 1268,1872 1274,1875 1285,1883 1286,1883 1288,1883 1290,1885 1466,1885 1466,1883 1622,1880 1624,1880 1631,1877 1650,1870 1668,1878 1675,1880 1677,1880 1914,1882 1916,1882 1918,1882 1920,1882 1923,1878 1938,1870 2003,1870 2032,1880 2038,1882 2040,1882 2042,1883 2137,1883 2137,1882 2139,1882 2142,1880 2159,1872 2239,1880 2242,1846 2237,1826 777,1827 779,1849"/>
        <Baseline points="779,1849 2242,1846"/>
        <TextEquiv conf="0.99115470086827">
          <Unicode>uxorem ipsius pontificis, et eius filiam, quam sibi rapuit, interfecit“. Hinemari An-</Unicode>
        </TextEquiv>
      </TextLine>
      <TextLine id="eSc_line_1b581be9" custom="structure {type:default;}">
        <Coords points="779,1887 777,1909 1020,1904 1022,1890 1020,1866 779,1861 779,1887"/>
        <Baseline points="779,1887 1022,1890"/>
        <TextEquiv conf="0.998356785093035">
          <Unicode>nal. 868 I. I.</Unicode>
        </TextEquiv>
      </TextLine>
      <TextLine id="eSc_line_f8d52d1a" custom="structure {type:default;}">
        <Coords points="297,1926 295,1951 381,1951 383,1951 395,1960 397,1960 398,1960 400,1960 473,1951 475,1929 475,1900 297,1897 297,1926"/>
        <Baseline points="297,1926 475,1929"/>
        <TextEquiv conf="0.9987829402089119">
          <Unicode>Oct. 12.</Unicode>
        </TextEquiv>
      </TextLine>
      <TextLine id="eSc_line_dab91f56" custom="structure {type:default;}">
        <Coords points="509,1943 575,1953 577,1953 578,1953 606,1941 609,1941 616,1941 673,1951 675,1951 677,1951 711,1939 711,1928 706,1865 589,1894 541,1894 509,1868 509,1931 509,1943"/>
        <Baseline points="509,1931 711,1928"/>
        <TextEquiv conf="0.9998403721385531">
          <Unicode>Apud san-</Unicode>
        </TextEquiv>
      </TextLine>
      <TextLine id="eSc_line_7e74f7d1" custom="structure {type:default;}">
        <Coords points="726,1929 724,1946 2239,1948 2242,1931 2242,1905 2218,1895 2217,1895 2215,1895 2147,1907 2139,1907 2089,1907 2088,1905 2067,1895 2066,1895 1896,1895 1894,1895 1892,1895 1865,1905 1862,1905 1857,1905 1814,1895 1757,1895 1755,1895 1753,1895 1752,1895 1738,1904 1735,1905 1712,1904 1626,1895 1624,1895 1622,1895 1592,1904 1580,1907 1468,1907 1454,1902 1431,1895 1429,1895 1359,1895 1358,1895 1356,1895 1342,1902 1334,1905 1297,1902 1259,1897 1257,1897 1256,1897 1242,1900 1225,1905 726,1899 726,1929"/>
        <Baseline points="726,1929 2242,1931"/>
        <TextEquiv conf="0.9969597782617734">
          <Unicode>2912 (2209) Synodus, in qua Anastasius, quondam cardinalis presbyter tit. b. Mar-</Unicode>
        </TextEquiv>
      </TextLine>
      <TextLine id="eSc_line_d5cc566e" custom="structure {type:default;}">
        <Coords points="494,1972 494,1995 544,2004 546,2004 548,2004 577,1994 589,1989 606,1992 662,2004 663,2004 665,2004 721,1987 721,1972 721,1946 494,1936 494,1972"/>
        <Baseline points="494,1972 721,1972"/>
        <TextEquiv conf="0.9941969080404802">
          <Unicode>ctam Praxe-</Unicode>
        </TextEquiv>
      </TextLine>
      <TextLine id="eSc_line_d9442501" custom="structure {type:default;}">
        <Coords points="767,1972 765,1987 860,2001 862,2001 864,2001 865,2001 882,1990 1259,2002 1261,2002 1263,2002 1298,1992 1373,1992 1398,2002 1400,2002 1402,2004 1495,2004 1495,2002 1497,2002 1499,2002 1512,1994 1614,2002 1616,2002 1690,1992 1694,1992 1699,1992 1777,2004 1779,2004 2128,2002 2130,2002 2132,2002 2145,1994 2147,1994 2186,2004 2188,2004 2190,2004 2240,1994 2242,1977 2240,1955 767,1950 767,1972"/>
        <Baseline points="767,1972 2242,1977"/>
        <TextEquiv conf="0.9946822802741806">
          <Unicode>cclli, iterum excommunicatur et anathematizatur. Hincmari Annales 868 p. 479,</Unicode>
        </TextEquiv>
      </TextLine>
      <TextLine id="eSc_line_4d3413e0" custom="structure {type:default;}">
        <Coords points="556,2011 555,2040 648,2038 650,2014 650,1989 556,1982 556,2011"/>
        <Baseline points="556,2011 650,2014"/>
        <TextEquiv conf="0.8927496274312338">
          <Unicode>dem</Unicode>
        </TextEquiv>
      </TextLine>
      <TextLine id="eSc_line_91a453e9" custom="structure {type:default;}">
        <Coords points="777,2014 775,2033 813,2045 814,2045 816,2045 896,2036 1028,2036 1042,2045 1044,2045 1045,2045 1047,2045 1375,2036 1449,2046 1451,2048 1943,2048 1943,2046 2004,2036 2006,2017 2004,1990 777,1989 777,2014"/>
        <Baseline points="777,2014 2006,2017"/>
        <TextEquiv conf="0.9848491806250352">
          <Unicode>Mansi XIV. 1028, Bull. Rom. E. T. I. 332. — „Omni Dei ecclesiae“.</Unicode>
        </TextEquiv>
      </TextLine>
      <TextLine id="eSc_line_f9c66425" custom="structure {type:default;}">
        <Coords points="711,2084 711,2118 811,2104 845,2107 915,2114 916,2114 918,2114 920,2114 940,2101 940,2079 937,2043 864,2031 862,2031 860,2031 845,2040 835,2045 709,2034 711,2084"/>
        <Baseline points="711,2084 940,2079"/>
        <TextEquiv conf="0.9999936554167006">
          <Unicode>868. 869.</Unicode>
        </TextEquiv>
      </TextLine>
      <TextLine id="eSc_line_14a13019" custom="structure {type:default;}">
        <Coords points="488,2141 488,2162 2244,2162 2244,2141 2244,2113 488,2109 488,2141"/>
        <Baseline points="488,2141 2244,2141"/>
        <TextEquiv conf="0.9997858488559723">
          <Unicode>In secretario A Basilio spathario, Basilii impcratoris legato, et a lohanne, metropolita Pergae Pam-</Unicode>
        </TextEquiv>
      </TextLine>
      <TextLine id="eSc_line_7013c24a" custom="structure {type:default;}">
        <Coords points="488,2182 488,2236 529,2236 529,2235 531,2235 533,2235 533,2233 543,2226 565,2206 631,2209 667,2211 668,2211 670,2211 721,2192 721,2182 721,2157 488,2148 488,2182"/>
        <Baseline points="488,2182 721,2182"/>
        <TextEquiv conf="0.9813393950462341">
          <Unicode>S. Mariaemx-</Unicode>
        </TextEquiv>
      </TextLine>
      <TextLine id="eSc_line_8b0cacb6" custom="structure {type:default;}">
        <Coords points="762,2182 760,2199 787,2211 789,2211 791,2211 894,2202 1064,2211 1066,2211 1378,2202 1381,2202 1383,2202 1502,2213 1504,2213 1543,2204 1577,2213 1578,2213 1580,2213 2239,2204 2240,2186 2237,2155 762,2155 762,2182"/>
        <Baseline points="762,2182 2240,2186"/>
        <TextEquiv conf="0.9998705190770766">
          <Unicode>philiae (non Caesareae Cappadociae), legato lgnatii, patriarchae Constantinopolitani,</Unicode>
        </TextEquiv>
      </TextLine>
      <TextLine id="eSc_line_d377a42c" custom="structure {type:default;}">
        <Coords points="553,2225 553,2240 655,2236 655,2225 655,2197 553,2197 553,2225"/>
        <Baseline points="553,2225 655,2225"/>
        <TextEquiv conf="1.0">
          <Unicode>ioris</Unicode>
        </TextEquiv>
      </TextLine>
      <TextLine id="eSc_line_7d9df0d8" custom="structure {type:default;}">
        <Coords points="775,2225 774,2238 959,2253 960,2253 1049,2242 1059,2242 1071,2243 1142,2253 1144,2253 1184,2243 1196,2242 1213,2245 1276,2255 1278,2255 1400,2247 1409,2247 1412,2247 1451,2255 1453,2255 1454,2255 1470,2247 1476,2243 1480,2247 1488,2253 1488,2255 1490,2255 1492,2255 1493,2255 1495,2255 1517,2248 1533,2243 1548,2248 1570,2255 1572,2255 1573,2255 1619,2248 1621,2228 1619,2204 775,2196 775,2225"/>
        <Baseline points="775,2225 1621,2228"/>
        <TextEquiv conf="0.9992480239969619">
          <Unicode>dona litterasque accipit. Vita Hadriani p. 234.</Unicode>
        </TextEquiv>
      </TextLine>
      <TextLine id="eSc_line_813bfa25" custom="structure {type:default;}">
        <Coords points="716,2291 716,2308 1232,2308 1232,2291 1232,2267 1186,2257 1184,2257 1183,2257 1181,2257 1169,2265 1093,2255 1091,2255 1089,2255 1050,2265 952,2257 950,2257 949,2257 918,2265 881,2255 879,2255 730,2255 728,2255 726,2255 724,2255 716,2262 716,2291"/>
        <Baseline points="716,2291 1232,2291"/>
        <TextEquiv conf="0.9995188891887665">
          <Unicode>869. (Ind. 2. — I. Sept. — 3.)</Unicode>
        </TextEquiv>
      </TextLine>
      <TextLine id="eSc_line_da5a62c9" custom="structure {type:default;}">
        <Coords points="300,2347 300,2374 706,2364 706,2347 706,2318 551,2318 543,2309 522,2294 521,2294 519,2294 517,2294 300,2299 300,2347"/>
        <Baseline points="300,2347 706,2347"/>
        <TextEquiv conf="0.9499423368410631">
          <Unicode>panla ante In eeclesia</Unicode>
        </TextEquiv>
      </TextLine>
      <TextLine id="eSc_line_dbc6a190" custom="structure {type:default;}">
        <Coords points="730,2347 728,2364 859,2374 860,2374 960,2367 974,2376 976,2376 977,2376 979,2376 1173,2367 1235,2376 1237,2376 1239,2376 1257,2367 1325,2376 1327,2376 1402,2367 1432,2376 1434,2376 1436,2376 1437,2376 1460,2367 1566,2377 1568,2377 2240,2367 2242,2350 2240,2325 730,2325 730,2347"/>
        <Baseline points="730,2347 2242,2350"/>
        <TextEquiv conf="0.9984652264208733">
          <Unicode>Concilium episcoporum 30, in quo 1) concilium Constantinopolitanum, a Photio et</Unicode>
        </TextEquiv>
      </TextLine>
      <TextLine id="eSc_line_c74ed06a" custom="structure {type:default;}">
        <Coords points="302,2387 300,2437 366,2444 368,2444 370,2444 371,2444 376,2438 392,2428 449,2438 451,2438 453,2438 454,2438 463,2432 473,2440 480,2391 478,2367 302,2365 302,2387"/>
        <Baseline points="302,2387 480,2391"/>
        <TextEquiv conf="0.9763257950544357">
          <Unicode>Lun. 19.</Unicode>
        </TextEquiv>
      </TextLine>
      <TextLine id="eSc_line_4e7b640a" custom="structure {type:default;}">
        <Coords points="509,2391 512,2425 524,2415 573,2423 619,2430 621,2430 677,2420 677,2391 677,2369 509,2369 509,2391"/>
        <Baseline points="509,2391 677,2391"/>
        <TextEquiv conf="0.9962761625647545">
          <Unicode>b. Petri</Unicode>
        </TextEquiv>
      </TextLine>
      <TextLine id="eSc_line_25a08084" custom="structure {type:default;}">
        <Coords points="780,2389 779,2408 971,2418 972,2418 1476,2411 1510,2420 1512,2420 1514,2420 2240,2411 2242,2393 2240,2369 780,2360 780,2389"/>
        <Baseline points="780,2389 2242,2393"/>
        <TextEquiv conf="0.9997279644012451">
          <Unicode>Michaele imperatore m. lanuario a. 867 cclebratum, damnatur, universaque actorum</Unicode>
        </TextEquiv>
      </TextLine>
      <TextLine id="eSc_line_0241d2c1" custom="structure {type:default;}">
        <Coords points="780,2430 779,2452 2239,2454 2242,2435 2240,2410 780,2403 780,2430"/>
        <Baseline points="780,2430 2242,2435"/>
        <TextEquiv conf="0.9954486798357081">
          <Unicode>concilii eiusdem exempla igni addicuntur; 2) duo conventicula contra Ignatium pa-</Unicode>
        </TextEquiv>
      </TextLine>
      <TextLine id="eSc_line_4f5d15d3" custom="structure {type:default;}">
        <Coords points="780,2472 779,2489 1748,2501 1750,2501 2242,2493 2244,2476 2242,2452 935,2452 780,2442 780,2472"/>
        <Baseline points="780,2472 2244,2476"/>
        <TextEquiv conf="0.9860582992434501">
          <Unicode>triarcham habita devoventur; 3) Photius damnatur et anathematizatur; 4) qui con-</Unicode>
        </TextEquiv>
      </TextLine>
      <TextLine id="eSc_line_0abe1f96" custom="structure {type:default;}">
        <Coords points="779,2515 777,2533 955,2544 957,2544 1475,2537 1524,2545 1526,2545 2240,2537 2242,2518 2240,2496 779,2491 779,2515"/>
        <Baseline points="779,2515 2242,2518"/>
        <TextEquiv conf="0.9986592005280888">
          <Unicode>cilio illi subscripserant, si resipuerint, ecclesiae communione donantur; Basilius in</Unicode>
        </TextEquiv>
      </TextLine>
      <TextLine id="eSc_line_553420d5" custom="structure {type:default;}">
        <Coords points="779,2556 779,2581 2239,2581 2240,2561 2239,2535 779,2530 779,2556"/>
        <Baseline points="779,2556 2240,2561"/>
        <TextEquiv conf="0.9938969503749501">
          <Unicode>catholicorum et piorum Augustorum numerum refertur; 5) qui actorum damnatorum</Unicode>
        </TextEquiv>
      </TextLine>
      <TextLine id="eSc_line_99ab0b02" custom="structure {type:default;}">
        <Coords points="779,2598 777,2613 2237,2622 2240,2603 2239,2578 779,2572 779,2598"/>
        <Baseline points="779,2598 2240,2603"/>
        <TextEquiv conf="0.9986405663001232">
          <Unicode>exempla servaverint, anathematizantur. (In errore versatur Mansi XV. 882. 886,</Unicode>
        </TextEquiv>
      </TextLine>
      <TextLine id="eSc_line_c14ba2bb" custom="structure {type:default;}">
        <Coords points="779,2639 777,2661 2240,2671 2244,2642 2242,2618 779,2617 779,2639"/>
        <Baseline points="779,2639 2244,2642"/>
        <TextEquiv conf="0.9998190034003485">
          <Unicode>qui hoc concilium ante m. August. a. 868 habitum esse coniicit ex Hadriani epistolis</Unicode>
        </TextEquiv>
      </TextLine>
      <TextLine id="eSc_line_c1acd7b1" custom="structure {type:default;}">
        <Coords points="779,2679 777,2713 786,2720 787,2720 789,2720 791,2720 792,2720 828,2710 830,2710 831,2710 887,2720 889,2720 1049,2712 1069,2712 1079,2712 1139,2720 1140,2720 1173,2713 1190,2710 1217,2713 1269,2722 1271,2722 1273,2722 1288,2715 1291,2713 1378,2713 1383,2715 1392,2722 1393,2722 1395,2722 1397,2724 1558,2724 1558,2722 1560,2722 1570,2717 1582,2712 1609,2718 1629,2722 1631,2722 1670,2718 1743,2712 1896,2720 1925,2722 1926,2722 1955,2722 2159,2713 2239,2724 2242,2685 2240,2661 779,2656 779,2679"/>
        <Baseline points="779,2679 2242,2685"/>
        <TextEquiv conf="0.9975042682747508">
          <Unicode>die I. Aug. 868 datis, in quibus ne tenuissima quidem concilii significatio invenitur.</Unicode>
        </TextEquiv>
      </TextLine>
    </TextRegion>
    <TextRegion id="eSc_textblock_79620d4f"  custom="structure {type:default;}">
      <Coords points="1089,122 1565,128 1592,195 943,195 950,135 1089,122"/>
      <TextLine id="eSc_line_d9128249" custom="structure {type:default;}">
        <Coords points="1555,127 1538,127 1521,127 1504,127 1487,127 1485,127 1480,132 1470,132 1441,132 1441,130 1434,125 1419,125 1402,125 1385,125 1368,125 1361,125 1315,130 1308,130 1300,130 1247,123 1232,123 1215,123 1198,122 1181,122 1164,122 1147,122 1130,122 1113,122 1096,122 1093,122 1062,122 1062,123 1045,125 1028,127 1011,128 994,130 977,132 962,134 962,174 960,198 1572,198 1573,178 1568,151 1555,127"/>
        <Baseline points="962,174 1573,178"/>
        <TextEquiv conf="0.980360324382782">
          <Unicode>IIALIRIAXIS II. Sti1—s12.</Unicode>
        </TextEquiv>
      </TextLine>
    </TextRegion>
  </Page>
</PcGts>
