<?xml version="1.0" encoding="UTF-8"  standalone="yes"?>
<PcGts xmlns="http://schema.primaresearch.org/PAGE/gts/pagecontent/2019-07-15" xmlns:xsi="http://www.w3.org/2001/XMLSchema-instance" xsi:schemaLocation="http://schema.primaresearch.org/PAGE/gts/pagecontent/2019-07-15 http://schema.primaresearch.org/PAGE/gts/pagecontent/2019-07-15/pagecontent.xsd">
  <Metadata externalRef="pdf//regestapontificu01cath.pdf">
	<Creator>escriptorium</Creator>
	<Created>2026-02-12T11:32:06.688878+00:00</Created>
        <LastChange>2026-02-13T10:55:00.522641+00:00</LastChange>
  </Metadata>
  <Page imageFilename="regestapontificu01cath.pdf_page_294.png" imageWidth="2353" imageHeight="3055">
    <TextRegion id="eSc_textblock_fa2768d7"  custom="structure {type:default;}">
      <Coords points="329,122 412,142 392,195 271,188 278,135 329,122"/>
      <TextLine id="eSc_line_657a2843" custom="structure {type:default;}">
        <Coords points="371,132 354,127 336,123 319,123 303,127 286,132 288,169 292,268 331,273 332,273 334,273 378,256 375,166 371,132 371,132"/>
        <Baseline points="288,169 375,166"/>
        <TextEquiv conf="1.0">
          <Unicode>„</Unicode>
        </TextEquiv>
      </TextLine>
    </TextRegion>
    <TextRegion id="eSc_textblock_0d895692"  custom="structure {type:default;}">
      <Coords points="281,224 2251,230 2257,2136 2230,2700 767,2707 706,2686 692,2389 665,2301 650,2340 563,2347 522,2292 543,2192 577,2172 650,2192 658,2247 699,2231 692,1955 650,1934 643,2075 609,2084 629,2123 595,2131 602,2163 563,2163 522,2041 522,1934 488,1880 373,1919 271,1872 281,224"/>
      <TextLine id="eSc_line_0da9549a" custom="structure {type:default;}">
        <Coords points="704,283 704,312 916,307 918,280 913,242 702,242 704,283"/>
        <Baseline points="704,283 918,280"/>
        <TextEquiv conf="0.9828783273696899">
          <Unicode>post 729.</Unicode>
        </TextEquiv>
      </TextLine>
      <TextLine id="eSc_line_ea0385c3" custom="structure {type:default;}">
        <Coords points="767,329 767,349 2229,344 2229,324 2227,286 2208,276 2206,276 2205,276 2203,276 2117,286 2108,286 2025,285 1743,276 1741,276 1621,278 1619,278 1583,288 1551,280 1549,280 1548,280 1451,285 1426,274 1419,271 1417,271 1415,271 1402,273 1337,286 1325,278 1324,278 1322,278 1320,278 974,285 938,264 930,261 928,261 926,261 765,261 767,329"/>
        <Baseline points="767,329 2229,324"/>
        <TextEquiv conf="0.8984924515463272">
          <Unicode>ti „sma a. 4. „r „araa- inmtt er asaa arcam „ „i„m a„</Unicode>
        </TextEquiv>
      </TextLine>
      <TextLine id="eSc_line_ce0c32ad" custom="structure {type:default;}">
        <Coords points="765,371 765,390 870,402 872,402 874,402 901,392 903,392 977,400 979,400 981,400 1003,392 1008,390 1027,392 1106,400 1108,400 1156,392 1168,390 1171,392 1191,402 1193,402 1195,402 1390,400 1392,400 1393,400 1405,392 1410,390 1426,392 1482,402 1483,402 1485,402 1510,393 1522,388 1529,393 1541,400 1543,400 1544,400 1546,400 1548,400 1570,393 1583,388 1653,388 1662,393 1670,400 1672,400 1673,400 1675,400 1711,393 1733,388 1755,393 1782,400 1784,400 1785,402 1899,402 1899,400 1901,400 1903,400 1911,393 1921,388 1986,393 2066,400 2067,400 2225,393 2227,368 2222,347 763,349 765,371"/>
        <Baseline points="765,371 2227,368"/>
        <TextEquiv conf="0.9997330834900123">
          <Unicode>comedendum, an non comedendum, bibendum an non bibendum“. Addit: „Nos</Unicode>
        </TextEquiv>
      </TextLine>
      <TextLine id="eSc_line_54efb853" custom="structure {type:default;}">
        <Coords points="765,412 765,432 2225,432 2227,412 2225,390 765,390 765,412"/>
        <Baseline points="765,412 2227,412"/>
        <TextEquiv conf="0.9999662225063031">
          <Unicode>viam ingredimur in extremas Oecidentis regiones versus illos, qui</Unicode>
        </TextEquiv>
      </TextLine>
      <TextLine id="eSc_line_851aabef" custom="structure {type:default;}">
        <Coords points="765,454 765,475 2223,480 2227,451 2222,424 763,426 765,454"/>
        <Baseline points="765,454 2227,451"/>
        <TextEquiv conf="0.9892774090955132">
          <Unicode>„„netum baptisma (1Vlazitant. (um enim illue (piscopos mississem et sanrtac-</Unicode>
        </TextEquiv>
      </TextLine>
      <TextLine id="eSc_line_654caf83" custom="structure {type:default;}">
        <Coords points="763,493 762,509 879,519 881,519 930,512 947,522 949,522 950,522 952,524 1215,524 1215,522 1217,522 1244,512 1599,512 1689,524 1690,524 1692,524 1694,524 1711,514 1780,524 1782,524 1879,514 1884,514 1887,514 1999,524 2001,524 2225,514 2227,497 2225,475 763,471 763,493"/>
        <Baseline points="763,493 2227,497"/>
        <TextEquiv conf="0.9903392544040432">
          <Unicode>ceclesiae nostrae clericos, nondum adducti sunt, ut capita sua inclinarent et</Unicode>
        </TextEquiv>
      </TextLine>
      <TextLine id="eSc_line_fcf149ce" custom="structure {type:default;}">
        <Coords points="765,539 765,561 2225,554 2227,536 2223,514 763,514 765,539"/>
        <Baseline points="765,539 2227,536"/>
        <TextEquiv conf="0.9997023404508397">
          <Unicode>laptizarentur, eorum principes, quod exoptent, ut eorum sim susceptor</Unicode>
        </TextEquiv>
      </TextLine>
      <TextLine id="eSc_line_75df4b5f" custom="structure {type:default;}">
        <Coords points="763,582 763,597 2223,602 2227,582 2223,551 763,554 763,582"/>
        <Baseline points="763,582 2227,582"/>
        <TextEquiv conf="0.9878336859715952">
          <Unicode>(Au? 4x:Cqroörreq yerto Jat aurcy draooyon). Hac de causa nos ad viam, Dei</Unicode>
        </TextEquiv>
      </TextLine>
      <TextLine id="eSc_line_79877b49" custom="structure {type:default;}">
        <Coords points="765,622 765,639 2223,639 2223,622 2223,599 765,597 765,622"/>
        <Baseline points="765,622 2223,622"/>
        <TextEquiv conf="0.9924920313498553">
          <Unicode>benignitate, accingimus, ne fortc damnationis et incuriac nostrae rationem reddamus“.</Unicode>
        </TextEquiv>
      </TextLine>
      <TextLine id="eSc_line_1f1ace8b" custom="structure {type:default;}">
        <Coords points="767,665 767,690 2218,689 2220,658 2215,633 765,633 767,665"/>
        <Baseline points="767,665 2220,658"/>
        <TextEquiv conf="0.9822519217666826">
          <Unicode>Man-i XII. 275. Miane —“; p 521. Lull. liom. F. I. I. 221. „Ta „octmireeera“</Unicode>
        </TextEquiv>
      </TextLine>
      <TextLine id="eSc_line_4f9df9a5" custom="structure {type:default;}">
        <Coords points="767,707 767,726 915,731 916,731 969,723 984,721 999,723 1067,729 1069,729 1071,729 1108,719 1108,704 1103,678 765,680 767,707"/>
        <Baseline points="767,707 1108,704"/>
        <TextEquiv conf="0.9962764978408813">
          <Unicode>„Accepimus vestri“.</Unicode>
        </TextEquiv>
      </TextLine>
      <TextLine id="eSc_line_043844f6" custom="structure {type:default;}">
        <Coords points="522,750 527,811 536,804 602,811 621,812 623,812 624,812 626,812 626,811 628,811 634,802 653,811 655,746 646,678 626,695 602,695 590,687 584,680 582,680 580,680 578,680 577,680 521,695 522,750"/>
        <Baseline points="522,750 655,746"/>
        <TextEquiv conf="0.9999771118164062">
          <Unicode>(</Unicode>
        </TextEquiv>
      </TextLine>
      <TextLine id="eSc_line_8195ad9e" custom="structure {type:default;}">
        <Coords points="721,750 721,765 967,777 969,777 1066,767 1067,767 1132,767 1147,777 1149,777 1151,777 1152,779 1278,779 1278,777 1280,777 1303,767 1305,767 1427,777 1429,777 1527,767 1531,767 1533,767 1650,777 1651,779 1758,779 1758,777 1760,777 1762,777 1779,767 1780,767 1831,767 1833,767 1847,777 1848,777 1850,777 1852,777 2169,767 2183,767 2184,767 2212,777 2213,777 2215,777 2217,777 2218,777 2230,768 2230,750 2230,724 2101,712 1950,712 1948,712 1947,712 1923,721 1918,723 1899,721 1830,714 1828,714 1775,721 1753,723 1745,721 1723,712 1721,712 1643,712 1641,712 1639,712 1622,719 1614,723 1519,723 1514,719 1505,712 1504,712 1502,712 1500,712 1460,717 1427,723 1388,717 1356,714 1354,714 1332,717 1303,723 1288,717 1274,712 1273,712 1271,712 1234,717 1184,724 852,724 799,714 796,714 794,714 792,714 767,723 721,714 721,750"/>
        <Baseline points="721,750 2230,750"/>
        <TextEquiv conf="0.9892420587016315">
          <Unicode>Prohibet ne census in provincia ad imperatorem inferatur. Vita Gregorii II. I. 1.,</Unicode>
        </TextEquiv>
      </TextLine>
      <TextLine id="eSc_line_71aabe9d" custom="structure {type:default;}">
        <Coords points="765,792 770,823 775,816 809,823 816,823 818,823 819,823 823,823 850,814 884,821 892,823 894,824 1203,824 1203,823 1205,823 1207,823 1212,818 1217,812 1232,818 1246,821 1247,821 1249,821 1251,821 1259,816 1268,812 1281,816 1297,821 1298,821 1300,821 1668,811 1670,789 1667,765 794,758 792,758 791,758 763,767 765,792"/>
        <Baseline points="765,792 1670,789"/>
        <TextEquiv conf="0.9934508169398588">
          <Unicode>vide Döllinger Paystfaleln p. 153. Hefele III. 355.</Unicode>
        </TextEquiv>
      </TextLine>
      <TextLine id="eSc_line_6ab9db02" custom="structure {type:default;}">
        <Coords points="704,862 704,887 811,891 813,858 809,821 774,809 772,809 770,809 702,818 704,862"/>
        <Baseline points="704,862 813,858"/>
        <TextEquiv conf="1.0">
          <Unicode>730.</Unicode>
        </TextEquiv>
      </TextLine>
      <TextLine id="eSc_line_6caffae0" custom="structure {type:default;}">
        <Coords points="723,916 723,940 1069,933 1084,940 1084,941 1086,941 1088,941 1089,943 1346,943 1346,941 1347,941 1353,940 1383,933 1429,940 1439,941 1441,941 1443,941 1446,940 1476,931 1543,940 1553,941 1555,941 1573,940 1692,931 1745,940 1746,940 1840,931 1916,931 1931,940 1931,941 1933,941 1935,941 1937,941 2225,940 2227,913 2223,887 2100,877 2098,877 1818,884 1758,885 1755,884 1738,877 1736,877 1558,877 1556,877 1505,884 1470,887 721,880 723,916"/>
        <Baseline points="723,916 2227,913"/>
        <TextEquiv conf="0.9966016014417013">
          <Unicode>Lutychio „exareho Ramae morante, venit in partibus Tusciae . . . quidam seduetor,</Unicode>
        </TextEquiv>
      </TextLine>
      <TextLine id="eSc_line_88b8acf3" custom="structure {type:default;}">
        <Coords points="767,958 767,977 2229,974 2230,955 2225,930 765,931 767,958"/>
        <Baseline points="767,958 2230,955"/>
        <TextEquiv conf="0.9964890619854868">
          <Unicode>Tiberius nomine, cui cognomen crat Petasius, qui sibi regnum Romani imperii usur-</Unicode>
        </TextEquiv>
      </TextLine>
      <TextLine id="eSc_line_1d1eabc4" custom="structure {type:default;}">
        <Coords points="765,1001 765,1025 843,1016 1103,1021 1246,1025 1247,1025 1249,1025 1251,1025 1256,1020 1264,1014 1371,1014 1380,1020 1385,1023 1387,1023 1388,1023 1390,1023 1541,1018 1626,1014 1643,1016 1689,1023 1690,1023 1752,1014 1772,1013 1791,1014 1841,1021 1843,1021 1964,1013 1976,1013 1984,1013 2113,1021 2115,1021 2117,1021 2144,1013 2178,1021 2179,1021 2181,1021 2230,1009 2230,996 2227,975 819,970 818,970 763,979 765,1001"/>
        <Baseline points="765,1001 2230,996"/>
        <TextEquiv conf="0.9994414119344008">
          <Unicode>pare conabatur“; „exarchus vero haec audiens turbatus est, quem s. papa con-</Unicode>
        </TextEquiv>
      </TextLine>
      <TextLine id="eSc_line_aaa4b3c6" custom="structure {type:default;}">
        <Coords points="763,1043 763,1065 981,1065 986,1067 1001,1074 1003,1074 1005,1074 1061,1067 1081,1065 1093,1067 1122,1074 1123,1074 1125,1074 1127,1074 1134,1067 1139,1064 1149,1067 1161,1072 1162,1072 1164,1072 1220,1067 1274,1064 1291,1069 1312,1074 1314,1074 1315,1076 1493,1076 1493,1074 1578,1069 1694,1062 1706,1069 1709,1072 1711,1072 1712,1072 1714,1074 1860,1074 1860,1072 1918,1070 2147,1060 2162,1070 2164,1070 2166,1070 2167,1072 2225,1072 2227,1037 2222,1016 762,1020 763,1043"/>
        <Baseline points="763,1043 2227,1037"/>
        <TextEquiv conf="0.9959145561758295">
          <Unicode>fortans, et cum eo proceres ecclesiae mittens atque exercitus, profecti sunt“. Vita</Unicode>
        </TextEquiv>
      </TextLine>
      <TextLine id="eSc_line_008a972d" custom="structure {type:default;}">
        <Coords points="760,1082 760,1103 1098,1101 1098,1082 1098,1059 760,1055 760,1082"/>
        <Baseline points="760,1082 1098,1082"/>
        <TextEquiv conf="0.9934296399354935">
          <Unicode>Giregorii II. p. 36.</Unicode>
        </TextEquiv>
      </TextLine>
      <TextLine id="eSc_line_3d5fdbcb" custom="structure {type:default;}">
        <Coords points="723,1125 723,1145 2225,1147 2229,1120 2223,1089 721,1089 723,1125"/>
        <Baseline points="723,1125 2229,1120"/>
        <TextEquiv conf="0.9853894614625252">
          <Unicode>2183 (1675) *Anastasii, patriarchae Constantinopolitani. synodica accepta, „dum haeresi</Unicode>
        </TextEquiv>
      </TextLine>
      <TextLine id="eSc_line_15722367" custom="structure {type:default;}">
        <Coords points="760,1167 760,1188 2222,1191 2225,1164 2222,1143 758,1143 760,1167"/>
        <Baseline points="760,1167 2225,1164"/>
        <TextEquiv conf="0.9998090717850662">
          <Unicode>consentientem reperit, non censet fratrem aut consacerdotem solito vocari, sed re-</Unicode>
        </TextEquiv>
      </TextLine>
      <TextLine id="eSc_line_962d94f8" custom="structure {type:default;}">
        <Coords points="762,1210 762,1230 2227,1230 2229,1205 2223,1181 760,1184 762,1210"/>
        <Baseline points="762,1210 2229,1205"/>
        <TextEquiv conf="0.9880056233967052">
          <Unicode>scriptis commonitoriis, nisi ad catholicam convertatur fidem, etiam extorrem a sacer-</Unicode>
        </TextEquiv>
      </TextLine>
      <TextLine id="eSc_line_c326ab44" custom="structure {type:default;}">
        <Coords points="762,1252 762,1267 796,1283 797,1283 799,1284 842,1284 842,1283 843,1283 845,1283 864,1267 865,1267 994,1267 998,1267 1020,1283 1022,1283 1023,1283 1025,1284 1198,1284 1198,1283 1200,1283 1232,1267 1237,1266 1251,1267 1286,1274 1288,1274 1341,1267 1364,1266 1373,1267 1410,1281 1412,1281 1414,1283 1470,1283 1470,1281 1471,1281 1499,1267 1504,1266 1509,1267 1526,1276 1527,1276 1529,1276 1531,1276 1556,1267 1566,1266 1639,1267 1643,1249 1639,1225 1200,1216 1198,1216 1156,1225 782,1218 780,1218 779,1218 760,1225 762,1252"/>
        <Baseline points="762,1252 1643,1249"/>
        <TextEquiv conf="0.9924260020256043">
          <Unicode>dotali officio esse mandat“. Vita Gregorii II. 38.</Unicode>
        </TextEquiv>
      </TextLine>
      <TextLine id="eSc_line_b42ee6f7" custom="structure {type:default;}">
        <Coords points="702,1322 702,1334 920,1332 920,1318 916,1283 819,1271 818,1271 701,1284 702,1322"/>
        <Baseline points="702,1322 920,1318"/>
        <TextEquiv conf="0.9999446868896484">
          <Unicode>717—730.</Unicode>
        </TextEquiv>
      </TextLine>
      <TextLine id="eSc_line_212945cb" custom="structure {type:default;}">
        <Coords points="297,1378 297,1396 348,1405 349,1405 465,1393 465,1374 460,1335 412,1335 405,1330 376,1306 375,1306 373,1306 371,1306 370,1306 344,1315 310,1306 308,1306 307,1306 305,1306 303,1306 303,1308 295,1315 297,1378"/>
        <Baseline points="297,1378 465,1374"/>
        <TextEquiv conf="0.9324581399559975">
          <Unicode>Nan. 1a.</Unicode>
        </TextEquiv>
      </TextLine>
      <TextLine id="eSc_line_603b1aa2" custom="structure {type:default;}">
        <Coords points="719,1376 719,1393 2225,1388 2227,1371 2223,1345 1972,1335 1971,1335 1901,1344 1879,1335 1877,1335 1875,1335 1814,1344 1794,1335 1792,1335 1791,1335 1718,1347 1500,1347 1487,1337 1485,1337 1483,1337 1363,1335 1361,1335 1286,1345 1234,1335 1232,1335 1230,1335 1203,1347 755,1337 753,1337 752,1337 718,1349 719,1376"/>
        <Baseline points="719,1376 2227,1371"/>
        <TextEquiv conf="0.9982406126289833">
          <Unicode>2184 (1676) SS. Petro et Paulo complura praedlia ac oliveta „nro concinnatione lu-</Unicode>
        </TextEquiv>
      </TextLine>
      <TextLine id="eSc_line_61f23220" custom="structure {type:default;}">
        <Coords points="760,1417 760,1435 843,1446 845,1446 942,1437 960,1435 972,1437 1028,1446 1030,1446 1079,1437 1091,1435 1108,1437 1178,1446 1179,1446 1247,1437 1268,1435 1300,1437 1402,1446 1403,1446 1485,1437 1502,1437 1526,1439 1624,1444 1626,1444 1628,1444 1643,1439 1655,1434 1672,1439 1690,1444 1692,1444 1694,1446 1814,1446 1814,1444 1816,1444 1818,1444 1825,1439 1831,1434 1864,1439 1898,1444 1899,1444 2223,1439 2225,1413 2220,1393 758,1395 760,1417"/>
        <Baseline points="760,1417 2225,1413"/>
        <TextEquiv conf="0.998334204995787">
          <Unicode>minariorum“ dicat. (Partim ex marmore porticus basilicae Vaticanae, partim ex</Unicode>
        </TextEquiv>
      </TextLine>
      <TextLine id="eSc_line_e356b128" custom="structure {type:default;}">
        <Coords points="762,1456 762,1476 2222,1476 2223,1459 2222,1434 762,1432 762,1456"/>
        <Baseline points="762,1456 2223,1459"/>
        <TextEquiv conf="0.9927109040319919">
          <Unicode>bibl. Vatic. ms. 6757). Bull. Vatic. I. 7, Maii Scr. vet. nov. coll. V. 209. Cf.</Unicode>
        </TextEquiv>
      </TextLine>
      <TextLine id="eSc_line_04561e2b" custom="structure {type:default;}">
        <Coords points="760,1502 760,1519 2223,1520 2227,1495 2223,1471 758,1471 760,1502"/>
        <Baseline points="760,1502 2227,1495"/>
        <TextEquiv conf="0.9839725975806897">
          <Unicode>Cocqu. I. 142 not. a. Bull. Rom. T. E. I. 227. Perperam hoc privilegium et sub</Unicode>
        </TextEquiv>
      </TextLine>
      <TextLine id="eSc_line_ec0a83ff" custom="structure {type:default;}">
        <Coords points="760,1544 760,1563 1084,1573 1086,1575 1195,1575 1195,1573 1196,1573 1215,1564 1218,1563 1297,1563 1302,1564 1319,1573 1320,1573 1322,1573 1409,1564 1429,1563 1441,1564 1488,1573 1490,1573 1549,1564 1578,1561 1612,1564 1673,1571 1675,1571 1729,1564 1763,1561 1797,1564 1855,1571 1857,1573 1914,1573 1914,1571 1916,1571 1918,1571 1928,1564 1935,1561 1959,1564 1994,1571 1996,1571 2028,1564 2050,1561 2059,1564 2071,1571 2072,1571 2074,1571 2076,1571 2101,1564 2118,1561 2128,1564 2142,1571 2144,1571 2145,1571 2225,1564 2227,1541 2223,1517 775,1512 774,1512 772,1512 770,1512 758,1517 760,1544"/>
        <Baseline points="760,1544 2227,1541"/>
        <TextEquiv conf="0.9917898261094396">
          <Unicode>Gregorii I. nomine legitur in Gregorii M. opp. ed. Maur. IV. 326. Vide De Rossi</Unicode>
        </TextEquiv>
      </TextLine>
      <TextLine id="eSc_line_251f7ab4" custom="structure {type:default;}">
        <Coords points="758,1588 758,1608 884,1617 886,1617 933,1608 952,1605 979,1607 1055,1615 1057,1615 1059,1615 1093,1607 1100,1605 1105,1607 1127,1615 1128,1615 1130,1615 1437,1603 1507,1602 1509,1603 1519,1612 1519,1614 1521,1614 1522,1614 1524,1615 1673,1615 1673,1614 1675,1614 1677,1614 1692,1603 1702,1612 1702,1614 1704,1614 1706,1614 1707,1615 1750,1615 1750,1614 1814,1600 1816,1583 1811,1559 757,1563 758,1588"/>
        <Baseline points="758,1588 1816,1583"/>
        <TextEquiv conf="0.9982434290070687">
          <Unicode>Bullettino di arch. crist. Ser. II. I. 98. — „Quotiens laudi“.</Unicode>
        </TextEquiv>
      </TextLine>
      <TextLine id="eSc_line_87e1542e" custom="structure {type:default;}">
        <Coords points="701,1656 701,1683 808,1673 833,1675 889,1680 891,1680 892,1680 913,1668 913,1649 909,1615 850,1605 848,1605 789,1617 777,1619 769,1617 730,1607 728,1607 726,1607 724,1607 699,1615 701,1656"/>
        <Baseline points="701,1656 913,1649"/>
        <TextEquiv conf="0.9346407353878021">
          <Unicode>715—731.</Unicode>
        </TextEquiv>
      </TextLine>
      <TextLine id="eSc_line_e1d67ef0" custom="structure {type:default;}">
        <Coords points="719,1709 719,1729 2225,1727 2227,1705 2223,1678 1955,1668 1954,1668 1898,1676 1855,1668 1853,1668 1757,1676 1721,1668 1719,1668 1718,1668 1716,1668 1714,1668 1699,1678 1558,1678 1473,1668 1471,1668 1470,1668 1441,1678 730,1670 728,1670 726,1670 724,1670 718,1675 719,1709"/>
        <Baseline points="719,1709 2227,1705"/>
        <TextEquiv conf="0.9990056056574167">
          <Unicode>2185 *Edictum de finibus Gradensis ct Foroiuliensis (Aquilciensis) ecclesiarum con-</Unicode>
        </TextEquiv>
      </TextLine>
      <TextLine id="eSc_line_0ed714b6" custom="structure {type:default;}">
        <Coords points="760,1753 760,1770 2220,1768 2222,1748 2218,1722 782,1719 780,1719 779,1719 758,1726 760,1753"/>
        <Baseline points="760,1753 2222,1748"/>
        <TextEquiv conf="0.999879186536059">
          <Unicode>stituit. Chron. patr. Gradensium M(I. SS. Rer. Langob. p. 396, (MG. SS. VII. 46).</Unicode>
        </TextEquiv>
      </TextLine>
      <TextLine id="eSc_line_e25ec7e9" custom="structure {type:default;}">
        <Coords points="297,1795 295,1836 366,1861 368,1861 370,1863 405,1863 405,1861 407,1861 439,1846 449,1843 466,1848 471,1800 471,1768 427,1758 426,1758 424,1758 402,1763 392,1765 370,1760 320,1746 319,1746 317,1746 315,1746 297,1751 297,1795"/>
        <Baseline points="297,1795 471,1800"/>
        <TextEquiv conf="0.9669360177857536">
          <Unicode>Rart 4.</Unicode>
        </TextEquiv>
      </TextLine>
      <TextLine id="eSc_line_4eb44701" custom="structure {type:default;}">
        <Coords points="709,1797 709,1816 850,1816 855,1817 879,1826 881,1826 882,1826 884,1826 908,1817 925,1817 1162,1822 1164,1822 1191,1817 1212,1814 1232,1817 1266,1824 1268,1824 1297,1817 1315,1814 1387,1817 1463,1822 1465,1822 1466,1822 1468,1822 1475,1819 1485,1812 1512,1819 1533,1822 1534,1822 1555,1819 1583,1812 1729,1819 1818,1822 1819,1822 1821,1822 1828,1819 1847,1810 2223,1819 2225,1790 2222,1768 707,1768 709,1797"/>
        <Baseline points="709,1797 2225,1790"/>
        <TextEquiv conf="0.9891546022617954">
          <Unicode>12186 * Monasterio Sextiensi (territ. Mcdiol.) bona ac privilegia confirmat. (Dat. anno</Unicode>
        </TextEquiv>
      </TextLine>
      <TextLine id="eSc_line_e29e06c4" custom="structure {type:default;}">
        <Coords points="765,1838 765,1856 2218,1861 2222,1834 2218,1812 763,1812 765,1838"/>
        <Baseline points="765,1838 2222,1834"/>
        <TextEquiv conf="0.996231672167778">
          <Unicode>7131). Exscripsi regestum ex Bibliothecae publ. Lucensis cod. 326 cf. supra reg.</Unicode>
        </TextEquiv>
      </TextLine>
      <TextLine id="eSc_line_8e28dc5e" custom="structure {type:default;}">
        <Coords points="762,1878 762,1895 1246,1892 1247,1873 1242,1846 760,1851 762,1878"/>
        <Baseline points="762,1878 1247,1873"/>
        <TextEquiv conf="0.9999900013208389">
          <Unicode>2102 et Archiv XII. 716.</Unicode>
        </TextEquiv>
      </TextLine>
      <TextLine id="eSc_line_17a4bc4a" custom="structure {type:default;}">
        <Coords points="699,1921 699,1936 950,1946 952,1946 954,1946 979,1936 982,1936 1195,1936 1198,1936 1213,1946 1215,1946 1217,1946 1218,1948 1273,1948 1273,1946 1274,1946 1293,1936 1297,1936 1373,1936 1378,1936 1429,1946 1431,1946 1432,1946 1468,1938 1646,1945 1648,1945 1650,1945 1680,1936 1689,1934 1697,1936 1743,1945 1745,1945 2223,1934 2223,1917 2220,1889 2088,1880 2086,1880 2038,1887 2015,1890 1994,1887 1960,1880 1959,1880 1957,1880 1955,1880 1947,1887 1940,1892 1614,1892 1600,1885 1589,1880 1587,1880 1585,1880 1561,1885 1534,1890 1504,1885 1476,1880 1475,1880 1436,1883 1368,1892 1100,1892 1071,1882 1066,1882 1064,1882 1062,1882 1050,1882 971,1892 862,1882 855,1882 853,1882 852,1882 823,1892 697,1882 699,1921"/>
        <Baseline points="699,1921 2223,1917"/>
        <TextEquiv conf="0.9932852387428284">
          <Unicode>12187 Bonifatio scribit de viduis et virginibus, quae a religionis proposito discedunt.</Unicode>
        </TextEquiv>
      </TextLine>
      <TextLine id="eSc_line_8ef99cd1" custom="structure {type:default;}">
        <Coords points="763,1961 763,1984 2222,1984 2223,1958 2218,1931 762,1938 763,1961"/>
        <Baseline points="763,1961 2223,1958"/>
        <TextEquiv conf="0.9962468687225791">
          <Unicode>(Quae epistola spuria utrum Gregorio II. an Gregorio III. attribuatur, adhuc haesito.</Unicode>
        </TextEquiv>
      </TextLine>
      <TextLine id="eSc_line_937344df" custom="structure {type:default;}">
        <Coords points="762,2004 762,2024 2220,2017 2222,2001 2217,1975 760,1975 762,2004"/>
        <Baseline points="762,2004 2222,2001"/>
        <TextEquiv conf="0.9911116007008131">
          <Unicode>Est autem Bencdicti Lev. add. IV. 88). Reginonis De synod. causis II. append. I</Unicode>
        </TextEquiv>
      </TextLine>
      <TextLine id="eSc_line_c7b322f4" custom="structure {type:default;}">
        <Coords points="762,2048 762,2063 994,2072 996,2072 1156,2063 1207,2062 1215,2063 1244,2072 1246,2072 1247,2072 1249,2072 1273,2063 1285,2060 1519,2060 1536,2063 1560,2068 1561,2068 1597,2063 1621,2060 1626,2063 1634,2070 1636,2070 1638,2070 1639,2070 1755,2068 1757,2068 1758,2068 1765,2063 1774,2058 1792,2063 1813,2068 1814,2068 1816,2068 2222,2062 2223,2043 2222,2019 2210,2011 2208,2011 2206,2011 2205,2011 2139,2019 1799,2012 1797,2012 1733,2021 1682,2012 1680,2012 1495,2021 1424,2012 1422,2012 1290,2021 1252,2012 1251,2012 1249,2012 1247,2012 1210,2023 1178,2014 1176,2014 1174,2014 1173,2014 1135,2023 908,2014 906,2014 865,2023 823,2014 821,2014 760,2024 762,2048"/>
        <Baseline points="762,2048 2223,2043"/>
        <TextEquiv conf="0.9914177343249321">
          <Unicode>c. 48, append. II c. 29 (ubi cum titulo beati Gregorii legitur), Burchardi Coll.</Unicode>
        </TextEquiv>
      </TextLine>
      <TextLine id="eSc_line_043fd750" custom="structure {type:default;}">
        <Coords points="760,2089 760,2111 1420,2107 1434,2109 1488,2116 1490,2116 1641,2107 1684,2106 1701,2107 1753,2114 1755,2114 1757,2114 1758,2114 1770,2107 1772,2106 1796,2107 1898,2114 1899,2114 1901,2114 1930,2106 1933,2106 1940,2106 1999,2114 2001,2114 2079,2106 2083,2106 2086,2106 2145,2114 2147,2114 2220,2104 2222,2085 2220,2063 2196,2053 2195,2053 2193,2053 1658,2062 1607,2053 1606,2053 1488,2063 1437,2055 1436,2055 1434,2055 1407,2063 1072,2055 1071,2055 1069,2055 1045,2063 1006,2055 1005,2055 937,2063 857,2055 855,2055 758,2065 760,2089"/>
        <Baseline points="760,2089 2222,2085"/>
        <TextEquiv conf="0.9788541626639482">
          <Unicode>can. VIIl c. 45, Ivonis decr. VIl c. 63, pan. III c. 204, Gratiani decr. C. XXVII.</Unicode>
        </TextEquiv>
      </TextLine>
      <TextLine id="eSc_line_a0b105fa" custom="structure {type:default;}">
        <Coords points="760,2130 760,2146 884,2140 899,2145 908,2148 909,2148 911,2148 913,2148 915,2148 918,2145 923,2141 926,2145 933,2150 933,2152 935,2152 937,2152 938,2152 940,2152 959,2145 972,2140 1066,2140 1069,2143 1074,2146 1074,2148 1076,2148 1078,2148 1079,2150 1166,2150 1166,2148 1168,2148 1169,2148 1181,2141 1186,2138 1196,2140 1232,2150 1234,2150 1235,2152 1353,2152 1353,2150 1417,2136 1419,2126 1415,2104 758,2101 760,2130"/>
        <Baseline points="760,2130 1419,2126"/>
        <TextEquiv conf="0.9822291500038571">
          <Unicode>qu. 1. c. 2. — „Viduas a proposito“.</Unicode>
        </TextEquiv>
      </TextLine>
      <TextLine id="eSc_line_bb0a9b34" custom="structure {type:default;}">
        <Coords points="719,2169 719,2187 753,2197 755,2197 757,2197 965,2189 986,2189 989,2189 1022,2197 1023,2197 1025,2197 1108,2189 1125,2189 1142,2191 1225,2197 1227,2197 1370,2191 1426,2189 2222,2194 2223,2169 2222,2133 779,2141 719,2133 719,2169"/>
        <Baseline points="719,2169 2223,2169"/>
        <TextEquiv conf="0.9994865503253006">
          <Unicode>2188 (1677) De periurorum poenitentiis constituit. Ex cod. Lucensi Mansi XII. 252,</Unicode>
        </TextEquiv>
      </TextLine>
      <TextLine id="eSc_line_bf8f08ee" custom="structure {type:default;}">
        <Coords points="765,2213 765,2235 828,2240 830,2240 860,2235 891,2228 901,2233 908,2236 909,2236 911,2236 913,2236 921,2233 933,2228 945,2233 960,2240 962,2240 964,2240 965,2240 986,2233 998,2228 1005,2231 1015,2240 1016,2240 1018,2240 1020,2240 1101,2231 1144,2226 1157,2230 1186,2238 1188,2238 1190,2240 1439,2240 1439,2238 1441,2238 1485,2225 1485,2209 1480,2182 763,2189 765,2213"/>
        <Baseline points="765,2213 1485,2209"/>
        <TextEquiv conf="0.988383887669979">
          <Unicode>Migne 89 p. 531. — „Si quis iuraverit“.</Unicode>
        </TextEquiv>
      </TextLine>
      <TextLine id="eSc_line_5748f9cf" custom="structure {type:default;}">
        <Coords points="719,2255 719,2275 2222,2272 2223,2248 2218,2223 718,2225 719,2255"/>
        <Baseline points="719,2255 2223,2248"/>
        <TextEquiv conf="0.9999304140315336">
          <Unicode>2189 Decernit: „Si quis in quoquam partemve praecepta antemissa apostolicae ecclesiae</Unicode>
        </TextEquiv>
      </TextLine>
      <TextLine id="eSc_line_d0c8dc7e" custom="structure {type:default;}">
        <Coords points="763,2298 763,2313 2222,2308 2223,2291 2218,2262 1490,2270 1402,2269 1128,2264 1127,2264 1125,2264 1123,2264 1115,2272 1113,2272 1089,2272 779,2265 777,2265 775,2265 774,2265 762,2270 763,2298"/>
        <Baseline points="763,2298 2223,2291"/>
        <TextEquiv conf="0.99403870178432">
          <Unicode>de olivetis et locis diversis temeraverit et non in omnibus observaverit, anathema</Unicode>
        </TextEquiv>
      </TextLine>
      <TextLine id="eSc_line_944211b3" custom="structure {type:default;}">
        <Coords points="762,2338 762,2365 876,2359 1142,2364 1420,2369 1422,2369 1424,2369 1426,2369 1437,2362 1443,2359 1458,2362 1480,2365 1482,2365 1483,2365 1497,2360 1510,2357 1531,2360 1565,2367 1566,2367 1568,2367 1583,2360 1594,2357 1626,2360 1689,2367 1690,2367 1692,2367 1714,2360 1723,2357 1729,2359 1745,2367 1746,2367 1748,2367 1896,2359 1903,2359 1908,2359 2032,2367 2033,2367 2035,2367 2054,2357 2057,2357 2142,2357 2144,2357 2156,2365 2157,2365 2159,2365 2161,2365 2220,2355 2222,2335 2218,2313 789,2306 787,2306 786,2306 760,2315 762,2338"/>
        <Baseline points="762,2338 2222,2335"/>
        <TextEquiv conf="0.997800627659107">
          <Unicode>sit“. (Cum titulo: Ex concilio Gregorii II. cap. XIII.) Deusdedit Coll. can. III c. 47.</Unicode>
        </TextEquiv>
      </TextLine>
      <TextLine id="eSc_line_0598056b" custom="structure {type:default;}">
        <Coords points="760,2379 760,2393 955,2403 957,2403 1050,2391 1052,2377 1047,2355 758,2355 760,2379"/>
        <Baseline points="760,2379 1052,2377"/>
        <TextEquiv conf="0.9998949845631917">
          <Unicode>— „Si quis in“.</Unicode>
        </TextEquiv>
      </TextLine>
      <TextLine id="eSc_line_7c867e96" custom="structure {type:default;}">
        <Coords points="721,2421 721,2442 1847,2445 1848,2445 1850,2445 1852,2445 1862,2437 1865,2437 2223,2437 2225,2415 2222,2389 1925,2379 1923,2379 1872,2387 1850,2379 1848,2379 1847,2379 1736,2389 1493,2381 1492,2381 1490,2381 1461,2391 1460,2391 1448,2391 1173,2382 1171,2382 1130,2391 1098,2382 1096,2382 1095,2382 960,2393 957,2393 952,2393 741,2384 740,2384 738,2384 719,2391 721,2421"/>
        <Baseline points="721,2421 2225,2415"/>
        <TextEquiv conf="0.9820683773607015">
          <Unicode>2190 (1678) *Anatholio triliuno „locat in XNVIII annos fundum Mcianula cum casis</Unicode>
        </TextEquiv>
      </TextLine>
      <TextLine id="eSc_line_f7cc0714" custom="structure {type:default;}">
        <Coords points="760,2464 760,2489 2220,2489 2222,2457 2217,2433 758,2440 760,2464"/>
        <Baseline points="760,2464 2222,2457"/>
        <TextEquiv conf="0.9932652826768806">
          <Unicode>et vineis et omnibus suis pertinentiis ex corpore massae Peltianae, territorio Ana-</Unicode>
        </TextEquiv>
      </TextLine>
      <TextLine id="eSc_line_1575337a" custom="structure {type:default;}">
        <Coords points="762,2506 762,2527 2220,2520 2222,2501 2217,2479 760,2479 762,2506"/>
        <Baseline points="762,2506 2222,2501"/>
        <TextEquiv conf="0.9962488495850865">
          <Unicode>gnino, patrimonio Lavicano sub annua pensione“. Ex Gregorii iunioris (i. e. se-</Unicode>
        </TextEquiv>
      </TextLine>
      <TextLine id="eSc_line_2636fb1b" custom="structure {type:default;}">
        <Coords points="762,2547 762,2562 838,2572 840,2572 842,2572 877,2564 906,2572 908,2572 909,2572 1022,2564 1186,2572 1188,2572 1305,2562 1729,2571 1731,2571 1733,2571 1753,2561 1772,2569 1774,2569 1775,2569 1858,2561 2200,2569 2201,2569 2203,2569 2223,2557 2223,2542 2218,2518 760,2522 762,2547"/>
        <Baseline points="762,2547 2223,2542"/>
        <TextEquiv conf="0.9993374071470121">
          <Unicode>„undi) registro Deusdedit Coll. can. III c. 149, (Borgia Brev. ist. del dom. temp.</Unicode>
        </TextEquiv>
      </TextLine>
      <TextLine id="eSc_line_e7cb6daa" custom="structure {type:default;}">
        <Coords points="765,2591 765,2615 2220,2608 2222,2583 2217,2561 763,2564 765,2591"/>
        <Baseline points="765,2591 2222,2583"/>
        <TextEquiv conf="0.9865267742902805">
          <Unicode>apyend. p. 9). Nota, quod hic et in plurimis regestis sequentibus (2190— 2228)</Unicode>
        </TextEquiv>
      </TextLine>
      <TextLine id="eSc_line_6b1e29fc" custom="structure {type:default;}">
        <Coords points="765,2632 765,2652 2222,2651 2223,2625 2218,2603 763,2606 765,2632"/>
        <Baseline points="765,2632 2223,2625"/>
        <TextEquiv conf="0.991053581237793">
          <Unicode>annuac pensiones in aurcis solidis aut siliquis praestandae asscriptae sunt; sed cum</Unicode>
        </TextEquiv>
      </TextLine>
      <TextLine id="eSc_line_65d968a9" custom="structure {type:default;}">
        <Coords points="767,2673 767,2718 933,2707 1033,2718 1044,2718 1045,2718 1047,2718 1049,2718 1084,2707 1286,2717 1300,2717 1302,2717 1303,2717 1305,2717 1322,2703 1493,2703 1577,2715 1578,2715 1580,2715 1582,2715 1629,2703 1670,2715 1672,2715 1673,2715 1675,2715 1690,2715 1918,2703 2222,2712 2223,2666 2218,2642 765,2642 767,2673"/>
        <Baseline points="767,2673 2223,2666"/>
        <TextEquiv conf="0.9828981096486011">
          <Unicode>non satis constet, qnid valcant notae numcrorum, quas Martinucci et Borgia in edi-.</Unicode>
        </TextEquiv>
      </TextLine>
    </TextRegion>
    <TextRegion id="eSc_textblock_8462de65"  custom="structure {type:default;}">
      <Coords points="1008,115 1531,115 1578,122 1585,181 937,195 937,128 1008,115"/>
      <TextLine id="eSc_line_962112e4" custom="structure {type:default;}">
        <Coords points="1370,115 1353,115 1344,115 1334,123 1330,125 1307,123 1184,115 1183,115 1166,115 1149,115 1132,115 1115,115 1098,115 1081,115 1071,115 967,120 962,122 945,125 947,168 947,191 964,200 965,200 1111,203 1113,203 1286,200 1288,200 1290,200 1290,198 1293,196 1300,190 1563,200 1565,164 1561,127 1432,127 1427,125 1380,115 1370,115"/>
        <Baseline points="947,168 1565,164"/>
        <TextEquiv conf="0.9766623501976331">
          <Unicode>(XRE(ORIIS 1I. 715— 731.</Unicode>
        </TextEquiv>
      </TextLine>
    </TextRegion>
    <TextRegion id="eSc_textblock_52434735"  custom="structure {type:default;}">
      <Coords points="438,162 473,162 473,174 434,174 438,162"/>
    </TextRegion>
  </Page>
</PcGts>
