<?xml version="1.0" encoding="UTF-8"  standalone="yes"?>
<PcGts xmlns="http://schema.primaresearch.org/PAGE/gts/pagecontent/2019-07-15" xmlns:xsi="http://www.w3.org/2001/XMLSchema-instance" xsi:schemaLocation="http://schema.primaresearch.org/PAGE/gts/pagecontent/2019-07-15 http://schema.primaresearch.org/PAGE/gts/pagecontent/2019-07-15/pagecontent.xsd">
  <Metadata externalRef="pdf//regestapontificu01cath.pdf">
	<Creator>escriptorium</Creator>
	<Created>2026-02-12T11:32:39.414414+00:00</Created>
        <LastChange>2026-02-13T10:58:31.057762+00:00</LastChange>
  </Metadata>
  <Page imageFilename="regestapontificu01cath.pdf_page_307.png" imageWidth="2278" imageHeight="3076">
    <TextRegion id="eSc_textblock_6151d682"  custom="structure {type:default;}">
      <Coords points="1722,225 2059,232 2038,2698 1869,2698 1785,2725 1628,2705 519,2712 492,2481 437,2513 415,2479 355,2472 430,2452 382,2438 360,2356 333,2365 312,2424 264,2392 251,2677 129,2677 102,2636 95,2515 68,2500 61,2178 68,307 88,246 312,246 333,312 360,314 410,246 497,259 499,239 560,232 1722,225"/>
      <TextLine id="eSc_line_4c8d1ff1" custom="structure {type:default;}">
        <Coords points="551,232 534,234 517,235 516,235 500,242 502,280 502,299 1799,293 1799,273 1796,230 1199,230 1197,230 1156,237 1139,239 1124,237 1086,230 1085,230 551,230 551,232"/>
        <Baseline points="502,280 1799,273"/>
        <TextEquiv conf="0.9565308474112248">
          <Unicode>748. (I-,. Cnstantino a. 29, poat cons. ciar a. ; 1ad. 1. 1. X„1. 2.,</Unicode>
        </TextEquiv>
      </TextLine>
      <TextLine id="eSc_line_124e4c5e" custom="structure {type:default;}">
        <Coords points="95,328 95,382 116,382 123,387 145,406 145,408 146,408 148,408 150,408 152,408 153,408 153,406 162,399 186,403 187,403 189,403 191,403 193,401 206,389 225,406 230,411 230,413 232,413 234,413 235,415 261,415 261,328 258,271 215,287 146,287 133,280 126,275 124,275 123,275 121,275 119,275 95,281 95,328"/>
        <Baseline points="95,328 261,328"/>
        <TextEquiv conf="0.9961821436882019">
          <Unicode>„</Unicode>
        </TextEquiv>
      </TextLine>
      <TextLine id="eSc_line_6144031c" custom="structure {type:default;}">
        <Coords points="505,328 505,353 2030,348 2030,324 2026,295 504,292 505,328"/>
        <Baseline points="505,328 2030,324"/>
        <TextEquiv conf="0.9798808338412319">
          <Unicode>f22—1 (errv) Monasterium (asinensr. a (iregorio III. per P-tronaeem allaateun rilui</Unicode>
        </TextEquiv>
      </TextLine>
      <TextLine id="eSc_line_a39207a2" custom="structure {type:default;}">
        <Coords points="563,369 563,386 1105,394 1107,394 1160,386 1167,386 1175,386 1259,394 1261,394 1334,386 1353,384 1373,386 1433,393 1435,393 2028,384 2030,365 2025,336 1543,341 1536,340 1527,333 1526,333 1524,333 1522,333 1442,340 1416,341 1406,340 1370,333 1368,333 1179,341 1129,343 1081,341 842,334 840,334 661,343 599,334 598,334 596,334 562,345 563,369"/>
        <Baseline points="563,369 2030,365"/>
        <TextEquiv conf="0.9909368206428576">
          <Unicode>coeptum, ab ipsoque perfectum et praesentibus archiepiscopis 13 ac episropis 68</Unicode>
        </TextEquiv>
      </TextLine>
      <TextLine id="eSc_line_5c1e9ede" custom="structure {type:default;}">
        <Coords points="563,408 562,435 2026,437 2030,411 2028,386 563,384 563,408"/>
        <Baseline points="563,408 2030,411"/>
        <TextEquiv conf="0.9942528842443443">
          <Unicode>dedicatum, privilegiis amplissimis ornat, eiusque possessiones confirmat. (Scriptum</Unicode>
        </TextEquiv>
      </TextLine>
      <TextLine id="eSc_line_c7679196" custom="structure {type:default;}">
        <Coords points="565,456 565,475 2028,471 2030,447 2025,423 563,423 565,456"/>
        <Baseline points="565,456 2030,447"/>
        <TextEquiv conf="0.9907182836255362">
          <Unicode>p. m. Leonis notarii et regionarii atque scriniarii carissimae R. E. in mense lanuario</Unicode>
        </TextEquiv>
      </TextLine>
      <TextLine id="eSc_line_61c685d0" custom="structure {type:default;}">
        <Coords points="565,497 565,522 625,510 900,517 902,517 904,517 936,509 1129,509 1172,521 1174,521 1175,521 1179,521 1250,512 1281,521 1283,521 1285,521 1286,521 1288,521 1290,521 1309,509 1495,519 1497,519 1498,519 1546,507 1561,519 1563,519 1565,519 1567,521 1662,521 1662,519 1664,519 1693,505 1710,514 1712,514 1714,514 1866,507 1883,517 1884,517 1886,517 1888,519 2028,519 2030,490 2026,466 946,461 945,461 563,471 565,497"/>
        <Baseline points="565,497 2030,490"/>
        <TextEquiv conf="0.9986274634919515">
          <Unicode>per ind. 1. Dat. 12. kal. Mart. Aquini p. m. Benedicti episcopi S. Silvae Candidae</Unicode>
        </TextEquiv>
      </TextLine>
      <TextLine id="eSc_line_35e68441" custom="structure {type:default;}">
        <Coords points="562,536 562,565 704,565 704,563 705,563 707,563 719,555 804,563 806,565 1054,565 1054,563 1056,563 1076,555 1155,555 1168,563 1170,563 1172,563 1174,563 1175,563 1209,555 1279,563 1281,563 1367,555 2030,563 2031,536 2031,514 562,514 562,536"/>
        <Baseline points="562,536 2031,536"/>
        <TextEquiv conf="0.9941164858039768">
          <Unicode>ecclesiae et bibliothecarii S. S. A. anno Zachariae cet. 1. in mense Martio ind. supra-</Unicode>
        </TextEquiv>
      </TextLine>
      <TextLine id="eSc_line_738ae6e9" custom="structure {type:default;}">
        <Coords points="560,579 560,601 2028,601 2030,575 2026,551 558,551 560,579"/>
        <Baseline points="560,579 2030,575"/>
        <TextEquiv conf="0.9990528204861809">
          <Unicode>scripta.) Tosti St. di Montec. I. 82 (ubi et sigillum plumbeum depingitur; scripturae</Unicode>
        </TextEquiv>
      </TextLine>
      <TextLine id="eSc_line_3d264de5" custom="structure {type:default;}">
        <Coords points="563,616 562,635 572,642 574,642 575,642 577,642 2028,635 2030,620 2028,587 563,587 563,616"/>
        <Baseline points="563,616 2030,620"/>
        <TextEquiv conf="0.9999042721355662">
          <Unicode>autem specimen praebet Pertz Archiv V. tab. III.), Acta SS. Oct. VIII. 152, Margarini</Unicode>
        </TextEquiv>
      </TextLine>
      <TextLine id="eSc_line_36531ba4" custom="structure {type:default;}">
        <Coords points="565,659 563,678 601,688 603,688 604,688 1285,681 1295,690 1297,690 1298,690 1300,690 2028,681 2030,663 2028,639 565,635 565,659"/>
        <Baseline points="565,659 2030,663"/>
        <TextEquiv conf="0.9970471644124319">
          <Unicode>Bull. Cas. I. 3. Hoc diploma transcribitur et confirmatur ab Honorio III. Gregorio IX.</Unicode>
        </TextEquiv>
      </TextLine>
      <TextLine id="eSc_line_34ad80f5" custom="structure {type:default;}">
        <Coords points="563,704 563,722 1047,731 1049,731 1131,722 1148,721 1151,722 1168,729 1170,729 1172,729 1216,722 1227,721 1235,722 1281,729 1283,729 1334,721 1343,721 1350,721 1389,729 1391,729 1456,721 1464,721 1467,721 1495,729 1497,729 1498,729 1565,721 1584,719 1589,721 1604,727 1606,727 1608,727 2023,719 2025,698 2019,676 562,680 563,704"/>
        <Baseline points="563,704 2025,698"/>
        <TextEquiv conf="0.9939138571421305">
          <Unicode>Urbano V. papis, vide Potthast Reg. Pont. 7405. 8706, Archiv V. 319. 320. —</Unicode>
        </TextEquiv>
      </TextLine>
      <TextLine id="eSc_line_884da2f7" custom="structure {type:default;}">
        <Coords points="562,748 562,767 801,760 803,760 811,769 813,769 815,769 816,769 904,757 905,741 900,716 762,717 760,717 731,709 729,709 728,709 560,721 562,748"/>
        <Baseline points="562,748 905,741"/>
        <TextEquiv conf="0.9999978012508817">
          <Unicode>„Omnipotenti Deo“.</Unicode>
        </TextEquiv>
      </TextLine>
      <TextLine id="eSc_line_6ebedf56" custom="structure {type:default;}">
        <Coords points="510,789 510,816 1124,808 1497,815 1520,815 1522,815 1526,815 1573,806 2028,813 2031,784 2028,748 1428,748 1426,748 1425,748 1423,748 1391,757 1279,748 1269,748 1268,748 1249,748 1013,758 965,750 963,750 575,758 509,750 510,789"/>
        <Baseline points="510,789 2031,784"/>
        <TextEquiv conf="0.9855861261833546">
          <Unicode>f2282 (cccrrt) S. Benedicti regulam in monasterii Casinensis dedicatione, praesentibus</Unicode>
        </TextEquiv>
      </TextLine>
      <TextLine id="eSc_line_d807adcc" custom="structure {type:default;}">
        <Coords points="563,832 563,852 2030,849 2031,827 2026,801 562,804 563,832"/>
        <Baseline points="563,832 2031,827"/>
        <TextEquiv conf="0.9900172128396876">
          <Unicode>archiepiscopis 13 et episcopis 68, confirmat. Benedicti et Mauri et Scholasticae vir-</Unicode>
        </TextEquiv>
      </TextLine>
      <TextLine id="eSc_line_a56b5592" custom="structure {type:default;}">
        <Coords points="562,873 562,897 763,888 1225,895 1227,895 1297,886 2026,893 2030,869 2026,845 1343,837 1341,837 1262,845 1256,847 560,847 562,873"/>
        <Baseline points="562,873 2030,869"/>
        <TextEquiv conf="0.9949839981489403">
          <Unicode>ginis festos instituit. Tertulli patricii, ac Placidi et Gregorii III. commemorationem</Unicode>
        </TextEquiv>
      </TextLine>
      <TextLine id="eSc_line_11a57504" custom="structure {type:default;}">
        <Coords points="560,914 560,943 915,943 915,941 917,941 919,941 934,931 989,941 991,941 1086,931 1411,931 1444,941 1445,941 1447,941 1507,931 1560,941 1561,941 1616,933 1708,941 1710,941 1712,941 1714,941 1729,931 1912,941 1913,941 1915,941 1941,931 1961,941 1963,941 1965,943 2030,943 2031,914 2028,890 560,890 560,914"/>
        <Baseline points="560,914 2031,914"/>
        <TextEquiv conf="0.9864777594040601">
          <Unicode>agi quotannis iubet. (Seriptum in m. Ian. ut supra reg. 2281.) Margarini Bull.</Unicode>
        </TextEquiv>
      </TextLine>
      <TextLine id="eSc_line_2d68c4bd" custom="structure {type:default;}">
        <Coords points="560,955 560,972 1949,968 1951,951 1946,929 558,931 560,955"/>
        <Baseline points="560,955 1951,951"/>
        <TextEquiv conf="0.992862982969535">
          <Unicode>Cas. I. 5, Cocquelines I. 147, Bull. Rom. E. T. I. 236. — „Omnipotenti Deo“.</Unicode>
        </TextEquiv>
      </TextLine>
      <TextLine id="eSc_line_d163f6a7" custom="structure {type:default;}">
        <Coords points="504,997 504,1013 2028,1013 2028,992 2025,963 502,963 504,997"/>
        <Baseline points="504,997 2028,992"/>
        <TextEquiv conf="0.9983652705369994">
          <Unicode>12283 (cccrv) Monasterii Casinensis possessiones Siculas confirmat. (Scriptum et Datum</Unicode>
        </TextEquiv>
      </TextLine>
      <TextLine id="eSc_line_b1f392aa" custom="structure {type:default;}">
        <Coords points="565,1040 565,1057 1539,1062 1541,1062 1577,1054 1584,1054 2028,1054 2030,1035 2025,1013 563,1016 565,1040"/>
        <Baseline points="565,1040 2030,1035"/>
        <TextEquiv conf="0.9872511263404574">
          <Unicode>ut supra reg. 2281 mutatis ind. I in „ind. II“ et 12. kal. Mart. in „12. kal. Febr.“</Unicode>
        </TextEquiv>
      </TextLine>
      <TextLine id="eSc_line_a46801fd" custom="structure {type:default;}">
        <Coords points="560,1083 560,1102 2028,1102 2030,1080 2025,1054 558,1056 560,1083"/>
        <Baseline points="560,1083 2030,1080"/>
        <TextEquiv conf="0.9999782501197443">
          <Unicode>Finitur etiam his verbis: in mense lanuario ind. suprascripta II.) Margarini Bull.</Unicode>
        </TextEquiv>
      </TextLine>
      <TextLine id="eSc_line_176d4d0a" custom="structure {type:default;}">
        <Coords points="558,1126 558,1139 1259,1134 1261,1121 1257,1095 557,1091 558,1126"/>
        <Baseline points="558,1126 1261,1121"/>
        <TextEquiv conf="0.9952363434590792">
          <Unicode>Cas. II. 5. — „Apostolico moderamini“.</Unicode>
        </TextEquiv>
      </TextLine>
      <TextLine id="eSc_line_83958809" custom="structure {type:default;}">
        <Coords points="521,1163 521,1196 598,1196 598,1194 599,1194 601,1194 618,1182 664,1194 669,1194 671,1194 690,1194 840,1182 900,1191 921,1194 922,1196 1153,1196 1153,1194 1155,1194 1174,1189 1199,1182 1223,1189 1245,1194 1247,1194 1249,1194 1392,1187 1433,1185 1449,1187 1517,1194 1519,1194 1556,1185 1573,1182 1661,1184 1934,1194 1936,1194 1937,1194 1939,1194 1956,1182 1958,1182 2030,1182 2030,1163 2030,1141 521,1141 521,1163"/>
        <Baseline points="521,1163 2030,1163"/>
        <TextEquiv conf="0.9969472715884079">
          <Unicode>2284 *Sydonio et Virgilio presbyteris „comminando scribit“, et ut convertantur ab</Unicode>
        </TextEquiv>
      </TextLine>
      <TextLine id="eSc_line_368c1c85" custom="structure {type:default;}">
        <Coords points="558,1208 558,1225 1861,1223 1862,1204 1857,1180 557,1182 558,1208"/>
        <Baseline points="558,1208 1862,1204"/>
        <TextEquiv conf="0.9933345781432258">
          <Unicode>errore evocat eos Romam. Vide S. Bonif. ep. 66 ap. Jaffé Bibl. III. 191.</Unicode>
        </TextEquiv>
      </TextLine>
      <TextLine id="eSc_line_ee682c9f" custom="structure {type:default;}">
        <Coords points="519,1245 517,1266 2023,1273 2026,1250 2025,1223 519,1213 519,1245"/>
        <Baseline points="519,1245 2026,1250"/>
        <TextEquiv conf="0.9957850025759802">
          <Unicode>2285 *Otiloni, duci Baioariorum scribens, evocatorias Virgilio presbytero mittit litteras,</Unicode>
        </TextEquiv>
      </TextLine>
      <TextLine id="eSc_line_356d09bb" custom="structure {type:default;}">
        <Coords points="562,1293 562,1314 2026,1315 2028,1293 2028,1269 562,1269 562,1293"/>
        <Baseline points="562,1293 2028,1293"/>
        <TextEquiv conf="0.9999980617971981">
          <Unicode>ut papae praesentatus et subtili indagatione requisitus, si erroneus fuerit inventus,</Unicode>
        </TextEquiv>
      </TextLine>
      <TextLine id="eSc_line_7d7bb6d8" custom="structure {type:default;}">
        <Coords points="560,1334 560,1355 1702,1350 1703,1331 1700,1307 558,1307 560,1334"/>
        <Baseline points="560,1334 1703,1331"/>
        <TextEquiv conf="0.9982804311439395">
          <Unicode>canonicis sanctionibus condempnetur. Vide S. Bonif. ep. 66 I. I.</Unicode>
        </TextEquiv>
      </TextLine>
      <TextLine id="eSc_line_b6e542cd" custom="structure {type:default;}">
        <Coords points="93,1379 95,1432 140,1432 140,1430 141,1430 143,1430 165,1413 193,1392 251,1391 251,1375 246,1339 174,1346 145,1329 136,1326 135,1326 92,1326 93,1379"/>
        <Baseline points="93,1379 251,1375"/>
        <TextEquiv conf="0.8254812657833099">
          <Unicode>Ra 1.</Unicode>
        </TextEquiv>
      </TextLine>
      <TextLine id="eSc_line_0d2d38dc" custom="structure {type:default;}">
        <Coords points="521,1375 521,1399 2028,1396 2028,1375 2028,1350 521,1346 521,1375"/>
        <Baseline points="521,1375 2028,1375"/>
        <TextEquiv conf="0.9978894080434527">
          <Unicode>2286 (1754) Ad Bonifatii litteras, per Burchardum, episcopum Wirzeburgensem, missas,</Unicode>
        </TextEquiv>
      </TextLine>
      <TextLine id="eSc_line_4778f7bb" custom="structure {type:default;}">
        <Coords points="560,1418 560,1437 980,1445 982,1445 984,1445 998,1440 1006,1437 1018,1440 1040,1445 1042,1445 1044,1445 1045,1445 1066,1440 1080,1437 1110,1440 1155,1445 1156,1445 1211,1440 1257,1437 1274,1440 1290,1445 1291,1445 1293,1445 1324,1442 1365,1435 1392,1442 1403,1444 1404,1444 1406,1444 1408,1444 1414,1442 1435,1435 1459,1442 1466,1444 1467,1444 1469,1444 1548,1442 1835,1435 2025,1444 2028,1414 2023,1394 558,1396 560,1418"/>
        <Baseline points="560,1418 2028,1414"/>
        <TextEquiv conf="0.9958631815733733">
          <Unicode>respondet: de baptismatibus iustis et vanis; de falsis sacerdotibus in monasteria</Unicode>
        </TextEquiv>
      </TextLine>
      <TextLine id="eSc_line_072b4cfc" custom="structure {type:default;}">
        <Coords points="560,1461 560,1481 2025,1483 2028,1455 2025,1433 558,1432 560,1461"/>
        <Baseline points="560,1461 2028,1455"/>
        <TextEquiv conf="0.9926414816844754">
          <Unicode>dividendis; de Samsone Scoto presbyteratu multando, propterea quod affirmet: „sine</Unicode>
        </TextEquiv>
      </TextLine>
      <TextLine id="eSc_line_a5a3c4f2" custom="structure {type:default;}">
        <Coords points="558,1502 558,1519 2025,1520 2028,1498 2023,1471 557,1471 558,1502"/>
        <Baseline points="558,1502 2028,1498"/>
        <TextEquiv conf="0.9970601064613066">
          <Unicode>misterica invocatione aut lavacro regenerationis posse fieri catholicum Christianum</Unicode>
        </TextEquiv>
      </TextLine>
      <TextLine id="eSc_line_93acd8fc" custom="structure {type:default;}">
        <Coords points="560,1544 560,1563 1162,1572 1163,1572 1165,1572 1167,1572 1179,1563 1185,1563 1585,1570 1587,1570 1696,1561 1705,1561 1715,1561 1886,1570 1888,1570 1890,1570 1917,1561 1975,1570 1977,1570 2025,1560 2026,1541 2021,1517 558,1520 560,1544"/>
        <Baseline points="560,1544 2026,1541"/>
        <TextEquiv conf="0.9951700440474919">
          <Unicode>per episcopalis manus impositionem“. Circummissas Bonifatii „de unitate fidei catho-</Unicode>
        </TextEquiv>
      </TextLine>
      <TextLine id="eSc_line_d608e6ce" custom="structure {type:default;}">
        <Coords points="560,1585 560,1609 2023,1609 2025,1585 2023,1560 560,1560 560,1585"/>
        <Baseline points="560,1585 2025,1585"/>
        <TextEquiv conf="0.9936819179304714">
          <Unicode>licae“ litteras laudat. Ad Franciae et Galliae concilia sacerdos eo vivo a se mittatur,</Unicode>
        </TextEquiv>
      </TextLine>
      <TextLine id="eSc_line_f5eda2db" custom="structure {type:default;}">
        <Coords points="558,1626 558,1643 2026,1640 2028,1623 2025,1597 557,1597 558,1626"/>
        <Baseline points="558,1626 2028,1623"/>
        <TextEquiv conf="0.9885196303143914">
          <Unicode>necesse non esse. Virgilium, qui discordiam concitet inter eum et Otilonem, Baio-</Unicode>
        </TextEquiv>
      </TextLine>
      <TextLine id="eSc_line_1e5a3d9d" custom="structure {type:default;}">
        <Coords points="560,1671 560,1696 2023,1686 2025,1667 2019,1643 558,1647 560,1671"/>
        <Baseline points="560,1671 2025,1667"/>
        <TextEquiv conf="0.9914465812315424">
          <Unicode>ariorum ducem, atque asseveret „quod alius mundus et alii homines sub terras sint“,</Unicode>
        </TextEquiv>
      </TextLine>
      <TextLine id="eSc_line_db4d4c6e" custom="structure {type:default;}">
        <Coords points="560,1712 560,1734 2025,1732 2026,1708 2021,1684 558,1684 560,1712"/>
        <Baseline points="560,1712 2026,1708"/>
        <TextEquiv conf="0.9996757081576756">
          <Unicode>sacerdotio privari iubet. Affirmat, se ei, quam Sidonio et Virgilio maiorem tribuere</Unicode>
        </TextEquiv>
      </TextLine>
      <TextLine id="eSc_line_2d4ab17c" custom="structure {type:default;}">
        <Coords points="557,1756 557,1772 2026,1772 2028,1751 2025,1722 555,1722 557,1756"/>
        <Baseline points="557,1756 2028,1751"/>
        <TextEquiv conf="0.9940656539870472">
          <Unicode>fidem. Litteris eius se intellexisse scribit, Moguntiae eum morari, cum de Colonia</Unicode>
        </TextEquiv>
      </TextLine>
      <TextLine id="eSc_line_257b360b" custom="structure {type:default;}">
        <Coords points="558,1794 557,1811 567,1819 569,1819 570,1819 572,1819 2023,1813 2025,1797 2023,1773 558,1770 558,1794"/>
        <Baseline points="558,1794 2025,1797"/>
        <TextEquiv conf="0.9970216383767683">
          <Unicode>quod promisissent, non exsolvissent Franci. Successorem ut sibi constituat, permittit.</Unicode>
        </TextEquiv>
      </TextLine>
      <TextLine id="eSc_line_958e57ef" custom="structure {type:default;}">
        <Coords points="558,1835 557,1852 2021,1855 2025,1838 2023,1813 558,1809 558,1835"/>
        <Baseline points="558,1835 2025,1838"/>
        <TextEquiv conf="0.9888995687166849">
          <Unicode>S. Bonif. ep. 66 ap. Jaffé Bibl. III. 184, Mabillon Acta SS. o. Ben. saec. III. P. II. 70,</Unicode>
        </TextEquiv>
      </TextLine>
      <TextLine id="eSc_line_77173bcc" custom="structure {type:default;}">
        <Coords points="560,1879 560,1896 2026,1896 2026,1879 2026,1855 560,1852 560,1879"/>
        <Baseline points="560,1879 2026,1879"/>
        <TextEquiv conf="0.9988831789106936">
          <Unicode>Mansi XII. 339, Migne 89 p. 943. Cf. Oelsner Jahrb. p. 30, Dünzelmann For-</Unicode>
        </TextEquiv>
      </TextLine>
      <TextLine id="eSc_line_1108d919" custom="structure {type:default;}">
        <Coords points="558,1920 558,1939 895,1939 900,1939 972,1948 974,1948 975,1948 999,1939 1040,1949 1042,1949 1044,1949 1045,1949 1062,1941 1081,1949 1083,1949 1085,1949 1179,1941 1235,1949 1237,1949 1238,1949 1264,1939 1580,1948 1582,1948 1584,1948 1614,1937 1642,1948 1643,1948 1645,1949 2004,1949 2004,1948 2006,1948 2007,1948 2025,1936 2025,1917 2019,1896 557,1896 558,1920"/>
        <Baseline points="558,1920 2025,1917"/>
        <TextEquiv conf="0.9984226573871661">
          <Unicode>schungen z. D. G. XIII. 19, Hahn ibid. XV. 78 et eiusdem Jahrb. p. 214, Böhmer-</Unicode>
        </TextEquiv>
      </TextLine>
      <TextLine id="eSc_line_377f0021" custom="structure {type:default;}">
        <Coords points="560,1960 558,1984 2021,1985 2025,1963 2021,1932 560,1934 560,1960"/>
        <Baseline points="560,1960 2025,1963"/>
        <TextEquiv conf="0.995660691292255">
          <Unicode>Will Mainzer Reg. I. 16. Loofs Zur Chronologie p. 35 duas huius epistolae non</Unicode>
        </TextEquiv>
      </TextLine>
      <TextLine id="eSc_line_a5d3c0b6" custom="structure {type:default;}">
        <Coords points="558,2006 558,2025 2023,2023 2025,2002 2021,1977 557,1975 558,2006"/>
        <Baseline points="558,2006 2025,2002"/>
        <TextEquiv conf="0.9986792013049126">
          <Unicode>cohaerentes partes esse censet, quarum temporis nota ad secundam tantummodo per-</Unicode>
        </TextEquiv>
      </TextLine>
      <TextLine id="eSc_line_c91cd210" custom="structure {type:default;}">
        <Coords points="555,2048 555,2071 934,2067 950,2072 963,2078 965,2078 967,2078 1027,2072 1090,2067 1100,2072 1105,2078 1107,2078 1109,2078 1110,2079 1204,2079 1204,2078 1307,2076 1309,2076 1310,2076 1314,2074 1327,2066 1348,2074 1355,2076 1356,2076 1358,2076 1375,2074 1418,2066 1452,2074 1456,2074 1457,2074 1459,2074 1490,2074 1720,2066 1741,2074 1744,2076 1746,2076 1748,2076 1760,2074 1804,2067 1876,2074 1895,2076 1896,2076 1898,2076 1900,2076 1902,2074 1915,2066 1929,2074 1929,2076 1931,2076 1932,2076 1934,2076 2026,2074 2026,2045 2023,2025 1356,2016 1355,2016 1293,2025 1286,2026 553,2026 555,2048"/>
        <Baseline points="555,2048 2026,2045"/>
        <TextEquiv conf="0.9902402539002267">
          <Unicode>tineat. Primam autem partem una cum reg. 2287 ad annum 747 luni. ponit (quod</Unicode>
        </TextEquiv>
      </TextLine>
      <TextLine id="eSc_line_45848120" custom="structure {type:default;}">
        <Coords points="555,2088 555,2112 1755,2105 1756,2084 1751,2062 553,2062 555,2088"/>
        <Baseline points="555,2088 1756,2084"/>
        <TextEquiv conf="0.9997751070902898">
          <Unicode>et Dünzelmann et Böhmer-Will iam feccrant). — „Sacris liminibus“.</Unicode>
        </TextEquiv>
      </TextLine>
      <TextLine id="eSc_line_28ef91fc" custom="structure {type:default;}">
        <Coords points="102,2137 102,2165 124,2178 126,2178 128,2178 129,2178 131,2178 153,2168 170,2160 263,2180 264,2132 256,2059 187,2083 100,2086 102,2137"/>
        <Baseline points="102,2137 264,2132"/>
        <TextEquiv conf="0.9996687054634095">
          <Unicode>(„ 1)</Unicode>
        </TextEquiv>
      </TextLine>
      <TextLine id="eSc_line_b1736daf" custom="structure {type:default;}">
        <Coords points="514,2130 514,2149 2021,2154 2025,2130 2023,2103 514,2100 514,2130"/>
        <Baseline points="514,2130 2025,2130"/>
        <TextEquiv conf="0.9964502468521212">
          <Unicode>2287 (1753) Reginfridi Rotomagensis, Deodati Bellovacensis, Rimberti Ambianensis,</Unicode>
        </TextEquiv>
      </TextLine>
      <TextLine id="eSc_line_ec5df58d" custom="structure {type:default;}">
        <Coords points="558,2170 557,2187 613,2199 615,2199 688,2190 919,2199 921,2199 968,2192 980,2190 1011,2192 1138,2201 1139,2202 1291,2202 1291,2201 1293,2201 1295,2201 1302,2195 1307,2192 1339,2195 1399,2201 1401,2201 1428,2195 1452,2192 1488,2197 1534,2202 1536,2204 1626,2204 1626,2202 1628,2202 1630,2202 1635,2197 1640,2194 1657,2197 1674,2202 1676,2202 1678,2204 1765,2204 1765,2202 1767,2202 1768,2202 1772,2199 1782,2194 2019,2201 2023,2175 2021,2151 558,2142 558,2170"/>
        <Baseline points="558,2170 2023,2175"/>
        <TextEquiv conf="0.996296251692423">
          <Unicode>Helesei Noviomensis, Fulcrici Tungrensis, Davidis Spirensis, Aetherei Tarvanensis,</Unicode>
        </TextEquiv>
      </TextLine>
      <TextLine id="eSc_line_e60c6db5" custom="structure {type:default;}">
        <Coords points="558,2213 557,2233 2021,2236 2025,2216 2023,2190 558,2187 558,2213"/>
        <Baseline points="558,2213 2025,2216"/>
        <TextEquiv conf="0.9951306596398354">
          <Unicode>Trewardi Cameracensis, Burchardi Wirzeburgensis, Genebaudi Laud(un)ensis, Romani</Unicode>
        </TextEquiv>
      </TextLine>
      <TextLine id="eSc_line_48993c48" custom="structure {type:default;}">
        <Coords points="558,2255 557,2272 2019,2276 2023,2259 2021,2231 558,2221 558,2255"/>
        <Baseline points="558,2255 2023,2259"/>
        <TextEquiv conf="0.9899072598579318">
          <Unicode>Meldensis, Agilolfi Coloniensis, Heddonis Strasburgensis episcoporum concordiam fidem-</Unicode>
        </TextEquiv>
      </TextLine>
      <TextLine id="eSc_line_4c7f00bb" custom="structure {type:default;}">
        <Coords points="558,2298 558,2324 2023,2320 2025,2301 2023,2277 558,2272 558,2298"/>
        <Baseline points="558,2298 2025,2301"/>
        <TextEquiv conf="0.9922029376029968">
          <Unicode>que laudat et confirmat, ac Bonifatium, eorum archiepiscopum, vicarium suum, iis</Unicode>
        </TextEquiv>
      </TextLine>
      <TextLine id="eSc_line_e2ce8ee3" custom="structure {type:default;}">
        <Coords points="555,2339 555,2363 2021,2359 2023,2342 2021,2317 555,2313 555,2339"/>
        <Baseline points="555,2339 2023,2342"/>
        <TextEquiv conf="0.988699968950248">
          <Unicode>commendat. S. Bonif. ep. 67 ap. Jaffé Bibl. III. 193, Mabillon Acta SS. ord. Ben.</Unicode>
        </TextEquiv>
      </TextLine>
      <TextLine id="eSc_line_38cf2708" custom="structure {type:default;}">
        <Coords points="555,2380 553,2400 2019,2402 2023,2385 2021,2359 555,2351 555,2380"/>
        <Baseline points="555,2380 2023,2385"/>
        <TextEquiv conf="0.9985286074799377">
          <Unicode>saec. III. P. II. 65, Mansi XII. 343, Migne 89 p. 948. Cf. Dünzelmann Forsch.</Unicode>
        </TextEquiv>
      </TextLine>
      <TextLine id="eSc_line_4a35e2db" custom="structure {type:default;}">
        <Coords points="553,2426 553,2442 717,2442 733,2452 734,2452 736,2452 738,2452 811,2442 927,2442 946,2452 948,2452 950,2452 951,2453 1114,2453 1114,2452 1115,2452 1117,2452 1134,2442 1203,2450 1204,2450 1338,2442 1351,2452 1353,2452 1355,2452 1356,2453 1642,2453 1642,2452 1643,2452 1685,2440 1685,2426 1683,2395 1269,2402 1250,2397 1233,2394 1232,2394 1230,2394 1228,2394 1218,2399 1209,2402 1182,2399 1150,2394 1148,2394 1146,2394 1133,2399 1121,2402 1095,2399 1056,2394 1054,2394 1023,2399 1008,2402 989,2400 945,2394 943,2394 888,2400 871,2402 863,2400 837,2394 835,2394 833,2394 832,2394 811,2400 810,2402 810,2400 801,2394 799,2394 798,2394 724,2394 722,2394 721,2394 704,2402 702,2402 700,2402 675,2394 673,2394 671,2394 669,2394 642,2402 640,2402 615,2394 613,2394 611,2394 553,2402 553,2426"/>
        <Baseline points="553,2426 1685,2426"/>
        <TextEquiv conf="0.9897804588079453">
          <Unicode>z. D. G. XIII. 31 et Hahn ibid. XV. 78. — „Gratias ago Deo“.</Unicode>
        </TextEquiv>
      </TextLine>
      <TextLine id="eSc_line_d1e4bca5" custom="structure {type:default;}">
        <Coords points="100,2471 102,2505 187,2481 223,2513 227,2517 228,2517 230,2517 232,2517 259,2515 259,2467 252,2406 158,2438 99,2409 100,2471"/>
        <Baseline points="100,2471 259,2467"/>
        <TextEquiv conf="0.9123477836449941">
          <Unicode>(„ 1„)</Unicode>
        </TextEquiv>
      </TextLine>
      <TextLine id="eSc_line_811f2dc8" custom="structure {type:default;}">
        <Coords points="516,2464 516,2489 2021,2488 2023,2467 2021,2442 516,2438 516,2464"/>
        <Baseline points="516,2464 2023,2467"/>
        <TextEquiv conf="0.9984175158643175">
          <Unicode>2288 Throandi, Sandradi, Nantherii, Liutfridi, Sterfridi, Gundperti, Agni, Haaldi, Ran-</Unicode>
        </TextEquiv>
      </TextLine>
      <TextLine id="eSc_line_0354292a" custom="structure {type:default;}">
        <Coords points="558,2508 558,2529 2021,2529 2021,2508 2021,2483 558,2481 558,2508"/>
        <Baseline points="558,2508 2021,2508"/>
        <TextEquiv conf="0.997323687734275">
          <Unicode>tulfi, Rotperti, Brunichonis, Rothardi, Rocgonis, aliorumque fidem laudat et confirmat.</Unicode>
        </TextEquiv>
      </TextLine>
      <TextLine id="eSc_line_ba9a5651" custom="structure {type:default;}">
        <Coords points="553,2547 551,2568 1044,2580 1045,2580 2021,2575 2023,2553 2021,2530 553,2520 553,2547"/>
        <Baseline points="553,2547 2023,2553"/>
        <TextEquiv conf="0.9955768613930208">
          <Unicode>Scribit de sacerdotibus honorandis reique divinae omnino delegandis; de presbyteris</Unicode>
        </TextEquiv>
      </TextLine>
      <TextLine id="eSc_line_a7b3eeb7" custom="structure {type:default;}">
        <Coords points="555,2590 553,2612 2021,2616 2025,2594 2023,2565 555,2565 555,2590"/>
        <Baseline points="555,2590 2025,2594"/>
        <TextEquiv conf="0.9953163602772881">
          <Unicode>sine episcopi commendatione non constituendis; de monasteriis, de decumis, de pecunia</Unicode>
        </TextEquiv>
      </TextLine>
      <TextLine id="eSc_line_c86e7afb" custom="structure {type:default;}">
        <Coords points="555,2631 553,2655 702,2665 704,2665 815,2659 886,2655 915,2660 955,2667 956,2667 958,2667 970,2660 980,2655 1103,2655 1117,2662 1127,2670 1129,2670 1131,2670 1133,2672 1237,2672 1237,2670 1238,2670 1257,2664 1281,2657 1375,2657 1391,2665 1392,2665 1394,2665 1396,2665 1401,2665 1527,2657 1556,2667 1568,2672 1570,2672 1572,2672 1573,2672 1589,2669 1628,2657 1657,2657 1679,2669 1685,2672 1686,2672 1688,2672 1690,2674 1767,2674 1767,2672 1768,2672 1775,2670 1813,2657 1849,2670 1850,2670 2018,2672 2021,2635 2019,2609 555,2606 555,2631"/>
        <Baseline points="555,2631 2021,2635"/>
        <TextEquiv conf="0.9959270846412842">
          <Unicode>ecclesiastica. S. Bonif. ep. 68 ap. Jaffé Bibl. III. 195. (Cf. Loofs Z. Chronologic</Unicode>
        </TextEquiv>
      </TextLine>
      <TextLine id="eSc_line_9d49022c" custom="structure {type:default;}">
        <Coords points="558,2677 558,2725 704,2730 705,2730 707,2730 709,2730 709,2729 712,2727 726,2715 835,2723 837,2723 839,2723 840,2723 859,2713 910,2713 948,2727 953,2729 955,2729 956,2729 967,2727 1004,2720 1085,2727 1086,2674 1083,2650 615,2647 613,2647 557,2655 558,2677"/>
        <Baseline points="558,2677 1086,2674"/>
        <TextEquiv conf="0.9900230627793533">
          <Unicode>P 36) — „Gratias ago Dco“.</Unicode>
        </TextEquiv>
      </TextLine>
    </TextRegion>
    <TextRegion id="eSc_textblock_b638b7a8"  custom="structure {type:default;}">
      <Coords points="902,109 1329,116 1343,182 770,189 770,123 902,109"/>
      <TextLine id="eSc_line_a51b7f46" custom="structure {type:default;}">
        <Coords points="798,119 780,119 782,169 782,184 811,196 813,196 815,196 816,196 839,187 1326,187 1326,164 1322,119 813,117 798,119"/>
        <Baseline points="782,169 1326,164"/>
        <TextEquiv conf="0.9925525094333448">
          <Unicode>24(114R14S. 741—132</Unicode>
        </TextEquiv>
      </TextLine>
    </TextRegion>
    <TextRegion id="eSc_textblock_4db7f8d0"  custom="structure {type:default;}">
      <Coords points="1941,123 2045,129 2052,176 1944,203 1924,182 1941,123"/>
      <TextLine id="eSc_line_de799b88" custom="structure {type:default;}">
        <Coords points="2021,128 2004,126 1987,124 1977,124 1944,128 1936,135 1939,170 1943,247 1997,256 1999,256 2001,256 2031,242 2028,165 2021,128 2021,128"/>
        <Baseline points="1939,170 2028,165"/>
        <TextEquiv conf="0.8549592693646749">
          <Unicode>26„</Unicode>
        </TextEquiv>
      </TextLine>
    </TextRegion>
  </Page>
</PcGts>
