<?xml version="1.0" encoding="UTF-8"  standalone="yes"?>
<PcGts xmlns="http://schema.primaresearch.org/PAGE/gts/pagecontent/2019-07-15" xmlns:xsi="http://www.w3.org/2001/XMLSchema-instance" xsi:schemaLocation="http://schema.primaresearch.org/PAGE/gts/pagecontent/2019-07-15 http://schema.primaresearch.org/PAGE/gts/pagecontent/2019-07-15/pagecontent.xsd">
  <Metadata externalRef="pdf//regestapontificu02cath.pdf">
	<Creator>escriptorium</Creator>
	<Created>2026-01-31T10:51:07.435840+00:00</Created>
        <LastChange>2026-02-05T00:08:28.723125+00:00</LastChange>
  </Metadata>
  <Page imageFilename="regestapontificu02cath.pdf_page_770.png" imageWidth="3007" imageHeight="3975">
    <TextRegion id="eSc_textblock_fe45442a"  custom="structure {type:default;}">
      <Coords points="338,141 421,159 404,236 273,227 282,159 338,141"/>
      <TextLine id="eSc_line_6d5bd842" custom="structure {type:default;}">
        <Coords points="291,209 291,238 404,240 406,203 399,154 287,156 291,209"/>
        <Baseline points="291,209 406,203"/>
        <TextEquiv conf="1.0">
          <Unicode>758</Unicode>
        </TextEquiv>
      </TextLine>
    </TextRegion>
    <TextRegion id="eSc_textblock_473641ef"  custom="structure {type:default;}">
      <Coords points="2501,291 2839,300 2830,3531 927,3548 857,3539 819,3495 757,3522 291,3504 265,3354 256,1528 273,759 309,697 265,598 265,309 2501,291"/>
      <TextLine id="eSc_line_b02ec571" custom="structure {type:default;}">
        <Coords points="883,302 881,302 830,315 830,357 830,395 992,395 992,357 992,318 885,302 883,302"/>
        <Baseline points="830,357 992,357"/>
        <TextEquiv conf="0.9999999046325684">
          <Unicode>1143.</Unicode>
        </TextEquiv>
      </TextLine>
      <TextLine id="eSc_line_786d386a" custom="structure {type:default;}">
        <Coords points="861,421 861,443 1199,443 1219,454 1221,454 1224,454 1226,454 1228,454 1230,454 1248,443 1283,454 1285,454 1288,454 1347,443 1391,454 1394,454 1396,454 1449,443 2788,454 2790,454 2792,454 2821,441 2821,421 2819,375 1668,382 1579,379 1305,371 1303,371 1120,382 1104,382 1087,371 1084,371 1082,371 1080,371 1078,371 1049,382 1047,384 861,384 861,421"/>
        <Baseline points="861,421 2821,421"/>
        <TextEquiv conf="0.997277686993281">
          <Unicode>8369 a Henrico, episcopo Wintoniensi, de electione Guilelmi thesaurarii in archiepi-</Unicode>
        </TextEquiv>
      </TextLine>
      <TextLine id="eSc_line_3c06c582" custom="structure {type:default;}">
        <Coords points="912,477 912,499 947,512 950,512 952,512 1084,501 1087,501 1146,512 1148,514 1562,514 1562,512 1564,512 1566,512 1579,501 1584,501 1601,501 1712,512 1714,512 1758,503 1769,501 1818,503 1990,512 1992,512 2059,503 2085,501 2096,503 2121,512 2123,512 2125,512 2819,505 2819,477 2819,446 912,446 912,477"/>
        <Baseline points="912,477 2819,477"/>
        <TextEquiv conf="0.9985093273222446">
          <Unicode>scopum Eboracensem scribit. Incipit hisce verbis: „Fraternitati tuae notum fieri</Unicode>
        </TextEquiv>
      </TextLine>
      <TextLine id="eSc_line_f2ce438d" custom="structure {type:default;}">
        <Coords points="914,525 912,549 2814,554 2819,530 2814,492 914,492 914,525"/>
        <Baseline points="914,525 2819,530"/>
        <TextEquiv conf="0.9930388068043908">
          <Unicode>volumus, quod Eboracensis ecclesiae clericos, qui pro discordia electionis inter ipsos</Unicode>
        </TextEquiv>
      </TextLine>
      <TextLine id="eSc_line_62a7f9a2" custom="structure {type:default;}">
        <Coords points="914,580 912,602 992,616 994,616 2814,611 2816,587 2814,556 914,549 914,580"/>
        <Baseline points="914,580 2816,587"/>
        <TextEquiv conf="0.995728520864851">
          <Unicode>diutius agitata“, cet. Ex ms. Collegii Corporis Christi Oxon. 137. saec. XII ex. fol. 82.</Unicode>
        </TextEquiv>
      </TextLine>
      <TextLine id="eSc_line_3f943ab4" custom="structure {type:default;}">
        <Coords points="916,638 914,671 941,684 943,684 945,684 1025,673 1100,684 1102,686 1327,686 1327,684 1330,684 1352,675 1356,673 1383,675 1513,686 1515,686 2050,682 2052,642 2050,611 916,600 916,638"/>
        <Baseline points="916,638 2052,642"/>
        <TextEquiv conf="0.9813647371657351">
          <Unicode>Misit Edm. Bishop. — „Fraternitati tuae notum“.</Unicode>
        </TextEquiv>
      </TextLine>
      <TextLine id="eSc_line_ba263636" custom="structure {type:default;}">
        <Coords points="1274,889 1272,907 1303,923 1305,923 1307,925 1696,925 1696,923 1699,923 1741,909 1853,909 1866,923 1866,925 1869,925 1871,925 1873,925 1944,912 2048,925 2050,927 2138,927 2138,925 2140,925 2143,925 2163,912 2317,925 2319,925 2381,909 2383,894 2383,834 2269,819 2266,819 2264,819 2220,832 2218,832 2213,832 2129,819 2127,819 1966,830 1937,832 1919,830 1829,817 1827,817 1274,825 1274,889"/>
        <Baseline points="1274,889 2383,894"/>
        <TextEquiv conf="0.9953153477265284">
          <Unicode>COELESTIXUS II. 1143—1144.</Unicode>
        </TextEquiv>
      </TextLine>
      <TextLine id="eSc_line_97d85781" custom="structure {type:default;}">
        <Coords points="830,951 830,971 1182,971 1182,947 1177,903 1067,894 1064,894 974,905 963,905 954,905 877,892 874,892 872,892 828,903 830,951"/>
        <Baseline points="830,951 1182,947"/>
        <TextEquiv conf="0.9824460268020629">
          <Unicode>1143—1144.</Unicode>
        </TextEquiv>
      </TextLine>
      <TextLine id="eSc_line_36e6f9c8" custom="structure {type:default;}">
        <Coords points="857,1013 857,1033 2794,1042 2797,1042 2799,1042 2823,1029 2823,1009 2819,978 1926,965 1924,965 1922,965 1877,976 1047,967 1045,967 1042,967 996,978 919,967 916,967 855,978 857,1013"/>
        <Baseline points="857,1013 2823,1009"/>
        <TextEquiv conf="0.9971391090324947">
          <Unicode>8472a (Raymundo) magistro hospitalis Hierosolymitanae, curam et dispositionem hospi-</Unicode>
        </TextEquiv>
      </TextLine>
      <TextLine id="eSc_line_971f1c2f" custom="structure {type:default;}">
        <Coords points="914,1066 912,1082 2812,1095 2816,1071 2814,1037 914,1033 914,1066"/>
        <Baseline points="914,1066 2816,1071"/>
        <TextEquiv conf="0.9920400977134705">
          <Unicode>talis S. Mariae Tcutonicorum committit. Vide Gregorii IX. bullam d. d. 12. Ian.</Unicode>
        </TextEquiv>
      </TextLine>
      <TextLine id="eSc_line_d3341082" custom="structure {type:default;}">
        <Coords points="916,1124 916,1146 1075,1159 1078,1159 1155,1148 1166,1148 1224,1148 1528,1159 1531,1159 1599,1152 1637,1148 2092,1148 2127,1154 2147,1159 2149,1159 2275,1157 2589,1148 2607,1159 2609,1159 2611,1159 2613,1161 2819,1161 2821,1124 2819,1093 916,1093 916,1124"/>
        <Baseline points="916,1124 2821,1124"/>
        <TextEquiv conf="0.996094477641118">
          <Unicode>1240 ap. Paoli I. 272, Potthast 10839. Cf. etiam Haymari Monachi De expugnata</Unicode>
        </TextEquiv>
      </TextLine>
      <TextLine id="eSc_line_48fc5ab7" custom="structure {type:default;}">
        <Coords points="914,1181 914,1201 2213,1210 2216,1210 2218,1210 2220,1210 2235,1199 2235,1177 2231,1146 1590,1135 1588,1135 1586,1135 1546,1146 936,1137 934,1137 932,1137 912,1146 914,1181"/>
        <Baseline points="914,1181 2235,1177"/>
        <TextEquiv conf="0.9879144589815821">
          <Unicode>Accone ed. Riant, Lugduni 1866, praef. p. XLIII. not. 1.</Unicode>
        </TextEquiv>
      </TextLine>
      <TextLine id="eSc_line_12728024" custom="structure {type:default;}">
        <Coords points="1400,1431 1400,1461 1663,1477 1665,1477 1668,1477 1670,1477 1670,1475 1685,1461 1694,1453 1729,1453 1743,1461 1756,1472 1758,1472 1760,1472 1763,1472 1765,1472 1800,1461 1833,1450 1877,1461 1937,1475 1939,1475 1942,1475 1984,1461 2017,1450 2083,1450 2096,1459 2114,1475 2116,1475 2118,1475 2121,1477 2231,1477 2231,1475 2233,1475 2269,1459 2269,1426 2264,1382 2143,1369 2140,1369 2138,1369 2136,1369 2136,1371 2125,1382 2019,1382 1964,1364 1961,1364 1959,1364 1829,1382 1802,1362 1800,1362 1798,1362 1752,1362 1749,1362 1747,1362 1745,1362 1716,1380 1509,1362 1506,1362 1504,1362 1455,1378 1411,1366 1409,1366 1407,1366 1405,1366 1402,1366 1402,1369 1400,1369 1398,1369 1400,1431"/>
        <Baseline points="1400,1431 2269,1426"/>
        <TextEquiv conf="0.9796207872304049">
          <Unicode>I.LCIU8 II. 1144—1145.</Unicode>
        </TextEquiv>
      </TextLine>
      <TextLine id="eSc_line_057e0d02" custom="structure {type:default;}">
        <Coords points="307,1550 307,1592 393,1596 395,1596 397,1596 399,1596 424,1581 437,1572 519,1570 519,1545 510,1453 468,1475 408,1475 377,1457 366,1448 364,1448 362,1448 360,1448 304,1457 307,1550"/>
        <Baseline points="307,1550 519,1545"/>
        <TextEquiv conf="0.9126369740281787">
          <Unicode>Mai 11.</Unicode>
        </TextEquiv>
      </TextLine>
      <TextLine id="eSc_line_ecaeada1" custom="structure {type:default;}">
        <Coords points="572,1548 572,1585 682,1609 684,1612 740,1612 740,1609 742,1609 793,1585 793,1548 786,1455 768,1472 722,1472 678,1453 676,1453 673,1453 671,1453 669,1453 667,1453 653,1464 642,1455 642,1453 640,1453 638,1453 572,1453 572,1548"/>
        <Baseline points="572,1548 793,1548"/>
        <TextEquiv conf="0.9378751251432631">
          <Unicode>Leanerani</Unicode>
        </TextEquiv>
      </TextLine>
      <TextLine id="eSc_line_76ac9499" custom="structure {type:default;}">
        <Coords points="830,1490 830,1510 992,1508 994,1486 989,1426 828,1426 830,1490"/>
        <Baseline points="830,1490 994,1486"/>
        <TextEquiv conf="0.9999999761581421">
          <Unicode>1144.</Unicode>
        </TextEquiv>
      </TextLine>
      <TextLine id="eSc_line_57ea0c62" custom="structure {type:default;}">
        <Coords points="855,1550 855,1572 2819,1567 2821,1545 2814,1512 2633,1517 2622,1510 2602,1497 2600,1497 2598,1497 2596,1497 2516,1510 2481,1517 2390,1510 2311,1506 2308,1506 2280,1510 2244,1517 2094,1510 2021,1508 2019,1508 1970,1510 1831,1519 1816,1510 1809,1506 1807,1506 1805,1506 1802,1506 1800,1506 1798,1506 1794,1510 1778,1521 1683,1521 1648,1510 1610,1499 1608,1499 1606,1499 1604,1499 1579,1510 1557,1519 1515,1510 1467,1499 1314,1499 1312,1499 1310,1499 1307,1499 1292,1510 1281,1517 1268,1510 1246,1499 1243,1499 1241,1499 1193,1510 1159,1517 1131,1510 1095,1499 1093,1499 1036,1499 1034,1499 1031,1499 1009,1510 989,1519 974,1510 967,1503 965,1503 963,1503 961,1503 852,1508 855,1550"/>
        <Baseline points="855,1550 2821,1545"/>
        <TextEquiv conf="0.9938037346391116">
          <Unicode>8601 a Monasterii S. lohannis Hortonensis protectionem suscipit possexssionesque con-</Unicode>
        </TextEquiv>
      </TextLine>
      <TextLine id="eSc_line_3d7ece51" custom="structure {type:default;}">
        <Coords points="910,1605 910,1629 2819,1631 2821,1605 2819,1572 910,1574 910,1605"/>
        <Baseline points="910,1605 2821,1605"/>
        <TextEquiv conf="0.9984499377968871">
          <Unicode>firmat, Guillelmo priore et Henrico Wintoniensi episcopo petentibus. Archaeologia</Unicode>
        </TextEquiv>
      </TextLine>
      <TextLine id="eSc_line_8b7da073" custom="structure {type:default;}">
        <Coords points="300,1709 298,1740 307,1746 309,1746 311,1746 313,1749 386,1749 386,1746 388,1746 391,1746 391,1744 395,1740 402,1735 512,1749 517,1713 517,1671 393,1656 391,1656 300,1665 300,1709"/>
        <Baseline points="300,1709 517,1713"/>
        <TextEquiv conf="0.9953857404845101">
          <Unicode>Oct. S.</Unicode>
        </TextEquiv>
      </TextLine>
      <TextLine id="eSc_line_977d308a" custom="structure {type:default;}">
        <Coords points="908,1660 908,1680 1204,1680 1206,1680 1224,1691 1226,1691 1228,1691 1230,1691 1407,1680 1440,1691 1442,1691 1444,1691 1948,1689 1950,1689 1999,1676 1999,1656 1992,1625 905,1627 908,1660"/>
        <Baseline points="908,1660 1999,1656"/>
        <TextEquiv conf="0.9977374998005953">
          <Unicode>Cantiana X. 272. — „Ad hoc nobis ecclesiae“.</Unicode>
        </TextEquiv>
      </TextLine>
      <TextLine id="eSc_line_28ae6dcd" custom="structure {type:default;}">
        <Coords points="631,1722 631,1766 735,1764 735,1722 735,1696 631,1689 631,1722"/>
        <Baseline points="631,1722 735,1722"/>
        <TextEquiv conf="1.0">
          <Unicode>„</Unicode>
        </TextEquiv>
      </TextLine>
      <TextLine id="eSc_line_ab67835c" custom="structure {type:default;}">
        <Coords points="855,1718 855,1737 2812,1742 2816,1713 2812,1676 874,1673 872,1673 870,1673 868,1673 852,1680 855,1718"/>
        <Baseline points="855,1718 2816,1713"/>
        <TextEquiv conf="0.999857173947727">
          <Unicode>8654a Parthenonis S. Siri Placentini protectionem suscipit bonaque et iura confirmat.</Unicode>
        </TextEquiv>
      </TextLine>
      <TextLine id="eSc_line_b92cb3a3" custom="structure {type:default;}">
        <Coords points="910,1773 910,1806 1078,1793 1137,1806 1142,1806 1144,1806 1148,1806 1217,1793 1305,1793 1327,1806 1330,1806 1332,1806 1334,1806 1356,1806 1495,1793 1604,1804 1632,1806 1634,1806 1637,1806 1648,1804 1692,1793 1741,1804 1756,1806 1758,1806 1760,1806 1763,1806 1767,1804 1780,1795 1880,1802 1906,1804 1908,1804 1928,1802 2032,1790 2291,1790 2306,1802 2311,1804 2313,1804 2315,1804 2317,1804 2816,1797 2819,1768 2814,1740 976,1731 974,1731 908,1742 910,1773"/>
        <Baseline points="910,1773 2819,1768"/>
        <TextEquiv conf="0.987483751924732">
          <Unicode>petente Agnete abbatissa. Pflugk-Harttung Acta III. 61. — „Dosiderium quod ad“.</Unicode>
        </TextEquiv>
      </TextLine>
      <TextLine id="eSc_line_faed1b4c" custom="structure {type:default;}">
        <Coords points="830,1852 830,1879 1182,1879 1182,1846 1177,1802 1067,1788 1064,1788 1062,1788 1025,1802 1016,1804 992,1802 894,1790 892,1790 828,1802 830,1852"/>
        <Baseline points="830,1852 1182,1846"/>
        <TextEquiv conf="0.9933487718755548">
          <Unicode>1144— 1145.</Unicode>
        </TextEquiv>
      </TextLine>
      <TextLine id="eSc_line_3905482d" custom="structure {type:default;}">
        <Coords points="857,1912 857,1936 919,1949 921,1949 1025,1938 1122,1949 1124,1949 1235,1938 1292,1949 1294,1949 1440,1938 1721,1938 1736,1949 1738,1949 1741,1949 1743,1952 1953,1952 1953,1949 1955,1949 1957,1949 1975,1938 2585,1949 2587,1949 2642,1938 2794,1949 2797,1949 2799,1949 2823,1936 2823,1912 2823,1881 857,1881 857,1912"/>
        <Baseline points="857,1912 2823,1912"/>
        <TextEquiv conf="0.9994327965236846">
          <Unicode>8696a Ecclesiae Sarisberiensi asserit praebendas de Merleberge et Bleobirie aliasque</Unicode>
        </TextEquiv>
      </TextLine>
      <TextLine id="eSc_line_4fb92265" custom="structure {type:default;}">
        <Coords points="910,1967 910,1994 2812,1989 2814,1963 2810,1934 908,1934 910,1967"/>
        <Baseline points="910,1967 2814,1963"/>
        <TextEquiv conf="0.9963113725939884">
          <Unicode>a quadraginta retro annis possessas, cet. Iones The Reg. of S. Osmund I. 384. —</Unicode>
        </TextEquiv>
      </TextLine>
      <TextLine id="eSc_line_fc5c6014" custom="structure {type:default;}">
        <Coords points="914,2022 912,2053 1539,2049 1542,2027 1539,1991 914,1987 914,2022"/>
        <Baseline points="914,2022 1542,2027"/>
        <TextEquiv conf="0.9894418739355527">
          <Unicode>„Dignum est et honestati“.</Unicode>
        </TextEquiv>
      </TextLine>
      <TextLine id="eSc_line_e53c3773" custom="structure {type:default;}">
        <Coords points="1323,2276 1323,2294 1338,2305 1341,2305 1343,2305 1345,2305 1431,2292 1458,2305 1460,2305 1462,2307 1615,2307 1615,2305 1754,2292 1767,2303 1767,2305 1769,2305 1771,2305 1774,2307 1824,2307 1824,2305 1827,2305 1877,2290 1880,2290 1886,2290 2054,2303 2056,2303 2059,2303 2061,2303 2083,2290 2143,2290 2156,2301 2156,2303 2158,2303 2160,2303 2163,2305 2306,2305 2306,2303 2308,2303 2311,2303 2333,2287 2333,2272 2328,2223 2207,2210 2204,2210 2107,2221 2092,2221 2090,2221 2054,2203 2052,2203 2050,2203 1955,2219 1937,2221 1871,2219 1566,2201 1564,2201 1321,2212 1323,2276"/>
        <Baseline points="1323,2276 2333,2272"/>
        <TextEquiv conf="0.9939423551162084">
          <Unicode>ETGEXIUS III. 1115—1153.</Unicode>
        </TextEquiv>
      </TextLine>
      <TextLine id="eSc_line_0d766f5b" custom="structure {type:default;}">
        <Coords points="302,2391 300,2409 342,2429 344,2429 346,2429 349,2429 404,2413 415,2411 433,2415 468,2424 470,2424 472,2424 501,2420 545,2411 565,2422 585,2435 587,2435 589,2435 592,2438 790,2438 793,2396 790,2345 700,2336 698,2336 695,2336 673,2345 651,2351 629,2345 609,2338 607,2338 605,2338 603,2338 600,2338 589,2345 563,2360 483,2347 481,2347 393,2358 375,2345 357,2334 355,2334 353,2334 351,2334 349,2334 302,2345 302,2391"/>
        <Baseline points="302,2391 793,2396"/>
        <TextEquiv conf="0.9925023106967702">
          <Unicode>Dec. 5. Vetvallae</Unicode>
        </TextEquiv>
      </TextLine>
      <TextLine id="eSc_line_57781e5f" custom="structure {type:default;}">
        <Coords points="832,2338 832,2356 965,2362 967,2362 969,2362 972,2362 989,2351 989,2334 985,2287 952,2287 945,2283 910,2261 908,2261 905,2261 903,2261 830,2272 832,2338"/>
        <Baseline points="832,2338 989,2334"/>
        <TextEquiv conf="0.9999999761581421">
          <Unicode>1145.</Unicode>
        </TextEquiv>
      </TextLine>
      <TextLine id="eSc_line_e3285fbc" custom="structure {type:default;}">
        <Coords points="857,2396 857,2418 1164,2418 1184,2420 1243,2431 1246,2431 1248,2431 1281,2420 1292,2418 1332,2420 1433,2431 1436,2431 1438,2431 1440,2431 1455,2422 1460,2418 1650,2415 1665,2422 1674,2426 1676,2426 1679,2426 1738,2422 1838,2415 1895,2424 1922,2426 1924,2426 1926,2426 1933,2424 1946,2415 1957,2424 1964,2429 1966,2429 1968,2429 1970,2429 1999,2424 2037,2418 2087,2424 2125,2429 2127,2429 2129,2429 2143,2424 2178,2413 2229,2424 2240,2426 2242,2429 2397,2429 2397,2426 2399,2426 2401,2426 2421,2413 2450,2426 2452,2426 2454,2426 2456,2429 2585,2429 2585,2426 2587,2426 2589,2426 2631,2413 2651,2426 2653,2426 2655,2426 2657,2429 2823,2429 2825,2389 2821,2340 2244,2338 2242,2338 2204,2345 2163,2356 1831,2356 1805,2349 1752,2340 1749,2340 1747,2340 1745,2340 1729,2349 1721,2356 1509,2356 1469,2354 1383,2345 1380,2345 1305,2354 1290,2356 1288,2356 1274,2345 1272,2345 1270,2345 1268,2345 1109,2356 1106,2356 1067,2345 1064,2345 1062,2345 1060,2345 1036,2358 855,2358 857,2396"/>
        <Baseline points="857,2396 2825,2389"/>
        <TextEquiv conf="0.9966592964004067">
          <Unicode>8796a Monasterii Aridagamantini (Aroasiensis) privilegia confirmat. petente (iervasio</Unicode>
        </TextEquiv>
      </TextLine>
      <TextLine id="eSc_line_93b3458d" custom="structure {type:default;}">
        <Coords points="912,2451 912,2473 1122,2473 1151,2484 1153,2484 1155,2484 1283,2473 1290,2473 1292,2473 1330,2484 1332,2484 1334,2484 1411,2473 1418,2473 1422,2473 1471,2484 1473,2484 1559,2473 1570,2473 1606,2473 1869,2484 1871,2486 2019,2486 2019,2484 2021,2484 2023,2484 2034,2475 2039,2473 2169,2473 2174,2475 2187,2484 2189,2484 2191,2484 2193,2484 2244,2475 2258,2473 2271,2475 2317,2484 2319,2484 2821,2475 2821,2451 2819,2413 912,2418 912,2451"/>
        <Baseline points="912,2451 2821,2451"/>
        <TextEquiv conf="0.9995792806148529">
          <Unicode>abbate. Fragm. apud Gosse Hist. d&#x27;Arrouaise p. 60. — „. . . praecipimus etiam ut“.</Unicode>
        </TextEquiv>
      </TextLine>
      <TextLine id="eSc_line_3d69b2ee" custom="structure {type:default;}">
        <Coords points="304,2590 304,2625 388,2623 391,2623 393,2623 410,2610 441,2621 444,2621 446,2621 461,2621 572,2610 578,2616 587,2623 587,2625 589,2625 592,2625 594,2627 771,2627 771,2625 773,2625 775,2625 797,2610 797,2590 797,2557 612,2541 609,2541 607,2541 585,2550 576,2555 536,2550 481,2544 479,2544 457,2548 437,2552 424,2548 395,2535 393,2535 391,2535 304,2544 304,2590"/>
        <Baseline points="304,2590 797,2590"/>
        <TextEquiv conf="0.9962435239239743">
          <Unicode>Mai. 18. (Parisiis)</Unicode>
        </TextEquiv>
      </TextLine>
      <TextLine id="eSc_line_1f5d302b" custom="structure {type:default;}">
        <Coords points="832,2535 832,2559 996,2546 996,2528 992,2484 894,2471 892,2471 828,2479 832,2535"/>
        <Baseline points="832,2535 996,2528"/>
        <TextEquiv conf="0.9999999523162841">
          <Unicode>1147.</Unicode>
        </TextEquiv>
      </TextLine>
      <TextLine id="eSc_line_684d8b95" custom="structure {type:default;}">
        <Coords points="857,2594 857,2614 2825,2610 2825,2590 2821,2557 919,2548 916,2548 855,2559 857,2594"/>
        <Baseline points="857,2594 2825,2590"/>
        <TextEquiv conf="0.9999076915638787">
          <Unicode>9053a Regulam in monasterio Springirsbacensi observandam constituit. Goerz Mittelrh.</Unicode>
        </TextEquiv>
      </TextLine>
      <TextLine id="eSc_line_eb5fa316" custom="structure {type:default;}">
        <Coords points="302,2700 302,2747 366,2744 368,2744 371,2744 371,2742 391,2725 563,2736 746,2747 748,2747 751,2747 817,2722 817,2700 817,2667 605,2654 603,2654 302,2663 302,2700"/>
        <Baseline points="302,2700 817,2700"/>
        <TextEquiv conf="0.9956512695009058">
          <Unicode>lul. 13. Alftissiodori</Unicode>
        </TextEquiv>
      </TextLine>
      <TextLine id="eSc_line_a766506b" custom="structure {type:default;}">
        <Coords points="914,2645 914,2667 2821,2669 2823,2641 2816,2612 912,2614 914,2645"/>
        <Baseline points="914,2645 2823,2641"/>
        <TextEquiv conf="0.9993042096495628">
          <Unicode>Reg. IV. 704 n. 2293. (Autographum est penes dom. Fier in Zella supra Mosellam.)</Unicode>
        </TextEquiv>
      </TextLine>
      <TextLine id="eSc_line_b88fed4c" custom="structure {type:default;}">
        <Coords points="857,2698 857,2725 2819,2725 2821,2694 2814,2667 855,2669 857,2698"/>
        <Baseline points="857,2698 2821,2694"/>
        <TextEquiv conf="0.9986550822854042">
          <Unicode>0093 a Monasterium Petershusanum, rogatu Theodewini S. Rufinae episcopi, tuendum</Unicode>
        </TextEquiv>
      </TextLine>
      <TextLine id="eSc_line_3caa25c2" custom="structure {type:default;}">
        <Coords points="916,2753 914,2775 2814,2778 2819,2758 2816,2725 916,2725 916,2753"/>
        <Baseline points="916,2753 2819,2758"/>
        <TextEquiv conf="0.999380312770246">
          <Unicode>suscipit eiusque possessiones et iura confirmat, bulla ad Conradum abbatem. In cod,</Unicode>
        </TextEquiv>
      </TextLine>
      <TextLine id="eSc_line_73d49c19" custom="structure {type:default;}">
        <Coords points="916,2815 916,2835 2816,2839 2821,2811 2814,2778 914,2780 916,2815"/>
        <Baseline points="916,2815 2821,2811"/>
        <TextEquiv conf="0.9972511187367056">
          <Unicode>Salemitano IXP. fol. 29“ „bibl. universit. Heidelberg. Dederunt Paul. Ladewig et Carol.</Unicode>
        </TextEquiv>
      </TextLine>
      <TextLine id="eSc_line_4e9b497f" custom="structure {type:default;}">
        <Coords points="916,2868 916,2886 1447,2897 1449,2897 1451,2897 1475,2884 1486,2895 1489,2895 1491,2895 1493,2895 1615,2884 1670,2895 1672,2895 1674,2895 1725,2879 1725,2862 1721,2833 925,2828 923,2828 921,2828 919,2828 919,2831 916,2831 914,2831 916,2868"/>
        <Baseline points="916,2868 1725,2862"/>
        <TextEquiv conf="0.9906960994966568">
          <Unicode>Koehne. — „Desiderium quod ad“.</Unicode>
        </TextEquiv>
      </TextLine>
      <TextLine id="eSc_line_fe60f79f" custom="structure {type:default;}">
        <Coords points="311,3009 311,3036 375,3045 377,3045 430,3036 450,3032 457,3036 468,3045 470,3045 472,3045 475,3047 554,3047 554,3045 556,3045 578,3034 581,3032 581,3034 592,3043 592,3045 594,3045 596,3045 598,3047 662,3047 662,3045 771,3029 771,3009 771,2972 676,2950 616,2950 614,2950 612,2950 578,2968 572,2970 547,2968 488,2959 486,2959 450,2965 424,2970 406,2963 371,2952 368,2952 366,2952 311,2961 311,3009"/>
        <Baseline points="311,3009 771,3009"/>
        <TextEquiv conf="0.9647036424049964">
          <Unicode>Apr. 2. Remis</Unicode>
        </TextEquiv>
      </TextLine>
      <TextLine id="eSc_line_9cd95397" custom="structure {type:default;}">
        <Coords points="832,2950 832,2970 972,2976 974,2976 976,2976 1000,2963 1000,2943 996,2892 828,2888 832,2950"/>
        <Baseline points="832,2950 1000,2943"/>
        <TextEquiv conf="1.0">
          <Unicode>1148.</Unicode>
        </TextEquiv>
      </TextLine>
      <TextLine id="eSc_line_ad77efe7" custom="structure {type:default;}">
        <Coords points="857,3009 857,3029 2819,3025 2821,3005 2816,2970 2103,2956 2101,2956 1997,2968 1966,2956 1964,2956 1961,2956 1836,2970 1760,2959 1758,2959 1290,2970 1060,2959 1058,2959 855,2972 857,3009"/>
        <Baseline points="857,3009 2821,3005"/>
        <TextEquiv conf="0.9998373910784721">
          <Unicode>9221a Monasterio S. Mariae Columbensi donatas a Gaufredo episcopo Carnotensi ec-</Unicode>
        </TextEquiv>
      </TextLine>
      <TextLine id="eSc_line_78e54f2c" custom="structure {type:default;}">
        <Coords points="916,3062 916,3082 2814,3087 2816,3062 2816,3034 916,3034 916,3062"/>
        <Baseline points="916,3062 2816,3062"/>
        <TextEquiv conf="0.995803136910711">
          <Unicode>clesias confirmat, petente Rogerio abbate. In bibl. nat. Paris. Coll. Gaigniéres ms.</Unicode>
        </TextEquiv>
      </TextLine>
      <TextLine id="eSc_line_88f88b05" custom="structure {type:default;}">
        <Coords points="912,3118 912,3140 969,3153 972,3153 974,3153 996,3142 1011,3142 1425,3153 1427,3153 1493,3144 1522,3142 2311,3142 2324,3151 2326,3153 2328,3153 2330,3153 2333,3153 2383,3151 2547,3142 2604,3153 2611,3153 2613,3153 2620,3153 2686,3142 2819,3153 2821,3118 2819,3085 912,3085 912,3118"/>
        <Baseline points="912,3118 2821,3118"/>
        <TextEquiv conf="0.9984356217746493">
          <Unicode>lat. 17048 fol. 431—447. in tabul. Carnot. Inventaire de Coulombs p. 327. Misit</Unicode>
        </TextEquiv>
      </TextLine>
      <TextLine id="eSc_line_08ce94ad" custom="structure {type:default;}">
        <Coords points="916,3173 916,3197 1444,3193 1444,3173 1442,3138 916,3138 916,3173"/>
        <Baseline points="916,3173 1444,3173"/>
        <TextEquiv conf="0.9937317630519038">
          <Unicode>A. Clerval Carnotensis.</Unicode>
        </TextEquiv>
      </TextLine>
      <TextLine id="eSc_line_81bf4653" custom="structure {type:default;}">
        <Coords points="342,3233 342,3257 424,3248 435,3255 461,3274 463,3274 466,3274 468,3274 470,3274 472,3274 505,3252 519,3246 563,3246 572,3250 600,3274 603,3274 605,3274 607,3274 729,3272 731,3272 799,3244 799,3226 793,3168 521,3182 512,3177 497,3166 494,3166 492,3166 490,3166 340,3182 342,3233"/>
        <Baseline points="342,3233 799,3226"/>
        <TextEquiv conf="0.9747873306274414">
          <Unicode>„ 20. Catalauni</Unicode>
        </TextEquiv>
      </TextLine>
      <TextLine id="eSc_line_6a03e916" custom="structure {type:default;}">
        <Coords points="861,3228 861,3248 2812,3255 2816,3224 2810,3182 2733,3193 2204,3184 1959,3182 1957,3182 1931,3186 1900,3193 1875,3186 1853,3182 1851,3182 1849,3182 1847,3182 1836,3188 1818,3197 1705,3197 1692,3188 1687,3184 1685,3184 1683,3184 1681,3184 1659,3188 1628,3195 1599,3188 1575,3184 1573,3184 1570,3184 1568,3184 1562,3188 1551,3195 1486,3191 1416,3184 1414,3184 859,3193 861,3228"/>
        <Baseline points="861,3228 2816,3224"/>
        <TextEquiv conf="0.9861260712901249">
          <Unicode>9248a Monasterii S. Mariae in Horreo (Trevirensis) protectionem suscipit. Goerz</Unicode>
        </TextEquiv>
      </TextLine>
      <TextLine id="eSc_line_1a158146" custom="structure {type:default;}">
        <Coords points="919,3281 919,3305 1864,3316 1866,3316 1975,3305 2001,3303 2008,3305 2028,3314 2030,3314 2032,3314 2816,3303 2819,3277 2814,3250 1906,3239 1904,3239 1902,3239 1864,3250 1862,3252 916,3252 919,3281"/>
        <Baseline points="919,3281 2819,3277"/>
        <TextEquiv conf="0.999237934999828">
          <Unicode>Mittelrh. Reg. IV. 704 n. 2294. (Autographum est penes dom. Fier in Zella supra</Unicode>
        </TextEquiv>
      </TextLine>
      <TextLine id="eSc_line_dfb22f7a" custom="structure {type:default;}">
        <Coords points="302,3392 302,3427 373,3433 457,3515 457,3517 459,3517 461,3517 463,3517 576,3515 578,3515 581,3515 682,3436 698,3425 766,3425 790,3438 799,3387 795,3347 603,3327 600,3327 598,3327 543,3350 532,3352 521,3350 475,3336 472,3336 470,3336 468,3336 424,3350 417,3352 417,3350 395,3332 395,3330 393,3330 391,3330 388,3330 300,3350 302,3392"/>
        <Baseline points="302,3392 799,3387"/>
        <TextEquiv conf="0.8634195327758789">
          <Unicode>te „ O„“</Unicode>
        </TextEquiv>
      </TextLine>
      <TextLine id="eSc_line_12582390" custom="structure {type:default;}">
        <Coords points="916,3336 916,3363 1164,3358 1166,3332 1159,3301 914,3303 916,3336"/>
        <Baseline points="916,3336 1166,3332"/>
        <TextEquiv conf="0.9998478531837464">
          <Unicode>Mosellam.)</Unicode>
        </TextEquiv>
      </TextLine>
      <TextLine id="eSc_line_a32f45a3" custom="structure {type:default;}">
        <Coords points="859,3389 859,3418 2823,3414 2823,3389 2823,3356 859,3345 859,3389"/>
        <Baseline points="859,3389 2823,3389"/>
        <TextEquiv conf="0.9956949864115033">
          <Unicode>9280a Monasterii S. Petri Coeli-aurei Papiensis tutelam suscipit, bonaque, quae enu-</Unicode>
        </TextEquiv>
      </TextLine>
      <TextLine id="eSc_line_d486d739" custom="structure {type:default;}">
        <Coords points="916,3445 916,3482 983,3469 1129,3469 1144,3480 1146,3480 1148,3480 1151,3480 1153,3480 1186,3469 1497,3469 1539,3478 1551,3480 1553,3480 2812,3467 2814,3440 2808,3409 914,3414 916,3445"/>
        <Baseline points="916,3445 2814,3440"/>
        <TextEquiv conf="0.9900208896114713">
          <Unicode>merat, et privilegia confirmat, petente Anselmo abbate. Pflugk-Harttung Acta III. 89</Unicode>
        </TextEquiv>
      </TextLine>
      <TextLine id="eSc_line_88c42080" custom="structure {type:default;}">
        <Coords points="916,3498 914,3535 967,3548 969,3548 1312,3539 1866,3555 1869,3557 2090,3557 2090,3555 2092,3555 2094,3555 2114,3542 2752,3555 2755,3555 2757,3555 2810,3539 2812,3502 2810,3464 916,3460 916,3498"/>
        <Baseline points="916,3498 2812,3502"/>
        <TextEquiv conf="0.9892419046018182">
          <Unicode>bullam falsam iudicat; cuius opinioni assentiri nequeo. — „Cum omnium ecclesiarum“</Unicode>
        </TextEquiv>
      </TextLine>
    </TextRegion>
    <TextRegion id="eSc_textblock_9fb7994c"  custom="structure {type:default;}">
      <Coords points="1363,141 1922,150 1931,227 1182,227 1199,150 1363,141"/>
      <TextLine id="eSc_line_09753cff" custom="structure {type:default;}">
        <Coords points="1204,212 1204,245 1904,245 1904,207 1897,156 1201,159 1204,212"/>
        <Baseline points="1204,212 1904,207"/>
        <TextEquiv conf="0.9865080863237381">
          <Unicode>Supplementum regestorum.</Unicode>
        </TextEquiv>
      </TextLine>
    </TextRegion>
  </Page>
</PcGts>
