<?xml version="1.0" encoding="UTF-8"  standalone="yes"?>
<PcGts xmlns="http://schema.primaresearch.org/PAGE/gts/pagecontent/2019-07-15" xmlns:xsi="http://www.w3.org/2001/XMLSchema-instance" xsi:schemaLocation="http://schema.primaresearch.org/PAGE/gts/pagecontent/2019-07-15 http://schema.primaresearch.org/PAGE/gts/pagecontent/2019-07-15/pagecontent.xsd">
  <Metadata externalRef="pdf//regestapontificu02cath.pdf">
	<Creator>escriptorium</Creator>
	<Created>2026-01-31T10:51:29.602834+00:00</Created>
        <LastChange>2026-02-05T00:10:11.698711+00:00</LastChange>
  </Metadata>
  <Page imageFilename="regestapontificu02cath.pdf_page_778.png" imageWidth="3007" imageHeight="3975">
    <TextRegion id="eSc_textblock_4fb1cbfe"  custom="structure {type:default;}">
      <Coords points="285,150 395,159 404,218 265,236 285,150"/>
      <TextLine id="eSc_line_dc305c3c" custom="structure {type:default;}">
        <Coords points="326,152 324,152 322,152 322,154 304,172 302,176 278,176 271,196 273,209 273,240 386,238 386,203 382,159 329,152 326,152"/>
        <Baseline points="273,209 386,203"/>
        <TextEquiv conf="0.9999310374259949">
          <Unicode>766</Unicode>
        </TextEquiv>
      </TextLine>
    </TextRegion>
    <TextRegion id="eSc_textblock_8a133574"  custom="structure {type:default;}">
      <Coords points="1866,291 2821,300 2812,3504 1111,3504 857,3531 804,3522 793,3486 521,3504 475,3451 406,3442 404,3407 265,3398 238,3327 247,326 282,300 528,326 1866,291"/>
      <TextLine id="eSc_line_1f310b0e" custom="structure {type:default;}">
        <Coords points="1095,311 1073,311 1051,311 1029,311 1007,313 1005,313 996,320 945,320 932,315 919,315 897,315 874,315 852,318 830,318 828,318 808,322 810,359 810,377 1124,388 1126,388 1129,388 1131,388 1153,375 1153,355 1148,320 1095,309 1095,311"/>
        <Baseline points="810,359 1153,355"/>
        <TextEquiv conf="0.9999968680468473">
          <Unicode>1166— 1179.</Unicode>
        </TextEquiv>
      </TextLine>
      <TextLine id="eSc_line_66c7bf9c" custom="structure {type:default;}">
        <Coords points="291,421 291,446 424,443 450,454 468,461 470,461 472,461 475,461 477,461 477,459 481,457 494,443 558,443 592,461 605,468 607,468 609,470 762,470 762,421 760,357 497,368 291,355 291,421"/>
        <Baseline points="291,421 762,421"/>
        <TextEquiv conf="0.9512418087790994">
          <Unicode>Mart. 7. Laterani</Unicode>
        </TextEquiv>
      </TextLine>
      <TextLine id="eSc_line_1e5c0f8c" custom="structure {type:default;}">
        <Coords points="826,419 824,439 2797,459 2801,428 2799,386 2715,368 2713,368 2386,384 2353,384 2348,384 2308,371 2306,371 2304,371 2200,382 2198,382 2196,382 2112,366 2109,366 2010,382 2001,384 1816,384 1807,382 1734,364 1732,364 1646,379 1643,379 1641,379 1597,364 1595,364 1592,364 1281,377 1206,362 1204,362 826,375 826,419"/>
        <Baseline points="826,419 2801,428"/>
        <TextEquiv conf="0.9888317486819099">
          <Unicode>13179a Bituricensi archiepiscopo et Lingonensi ac Tallensi episcopis et archidiaconis</Unicode>
        </TextEquiv>
      </TextLine>
      <TextLine id="eSc_line_5eff6547" custom="structure {type:default;}">
        <Coords points="890,474 888,499 2797,507 2801,481 2799,446 890,443 890,474"/>
        <Baseline points="890,474 2801,481"/>
        <TextEquiv conf="0.9999516266723012">
          <Unicode>(in eorum dioecesibus constitutis) mandat curent, ut fratres Cistercienses a solvendis</Unicode>
        </TextEquiv>
      </TextLine>
      <TextLine id="eSc_line_9a08c2d3" custom="structure {type:default;}">
        <Coords points="890,530 888,549 2792,563 2797,536 2794,503 890,496 890,530"/>
        <Baseline points="890,530 2797,536"/>
        <TextEquiv conf="0.989393562078476">
          <Unicode>decumis non solum novalium sed omnium laborum liberentur. Ex copia saec. XIII.</Unicode>
        </TextEquiv>
      </TextLine>
      <TextLine id="eSc_line_d3ff241a" custom="structure {type:default;}">
        <Coords points="888,587 885,602 1851,618 1853,618 2790,607 2792,591 2790,558 888,554 888,587"/>
        <Baseline points="888,587 2792,591"/>
        <TextEquiv conf="0.9964249225223766">
          <Unicode>in fol. 1. cod. 6 bibl. coen. Zwettlensis misit M. Tangl. — „Audivimus et audientes“.</Unicode>
        </TextEquiv>
      </TextLine>
      <TextLine id="eSc_line_84762e44" custom="structure {type:default;}">
        <Coords points="320,644 320,675 517,660 517,644 517,607 441,585 439,585 437,585 435,585 377,609 320,609 320,644"/>
        <Baseline points="320,644 517,644"/>
        <TextEquiv conf="0.9999843835830688">
          <Unicode>„ 28.</Unicode>
        </TextEquiv>
      </TextLine>
      <TextLine id="eSc_line_5cbd137e" custom="structure {type:default;}">
        <Coords points="556,642 554,649 656,669 658,669 660,669 689,655 691,651 689,622 605,620 558,600 556,642"/>
        <Baseline points="556,642 691,651"/>
        <TextEquiv conf="0.9999997615814209">
          <Unicode>„</Unicode>
        </TextEquiv>
      </TextLine>
      <TextLine id="eSc_line_f4ad368b" custom="structure {type:default;}">
        <Coords points="837,640 835,662 2792,680 2797,647 2794,607 837,607 837,640"/>
        <Baseline points="837,640 2797,647"/>
        <TextEquiv conf="0.994955294188999">
          <Unicode>13194a *Ecclesiae Paderbornensi, capitulo rogante, monasterium Helmershusense, sicut</Unicode>
        </TextEquiv>
      </TextLine>
      <TextLine id="eSc_line_36b903db" custom="structure {type:default;}">
        <Coords points="888,700 888,726 2580,722 2580,700 2580,666 888,666 888,700"/>
        <Baseline points="888,700 2580,700"/>
        <TextEquiv conf="0.9922752581851583">
          <Unicode>canonice possideat, confirmat. Fiuke Westfal. Urkundenb. V. 47. n. 125.</Unicode>
        </TextEquiv>
      </TextLine>
      <TextLine id="eSc_line_02433ccb" custom="structure {type:default;}">
        <Coords points="806,790 806,814 967,801 967,786 963,735 837,722 835,722 832,722 804,735 806,790"/>
        <Baseline points="806,790 967,786"/>
        <TextEquiv conf="0.9999999523162841">
          <Unicode>1179.</Unicode>
        </TextEquiv>
      </TextLine>
      <TextLine id="eSc_line_93a0ded8" custom="structure {type:default;}">
        <Coords points="282,854 280,894 346,896 349,896 351,896 362,892 410,874 446,889 448,889 450,889 452,889 552,876 594,887 647,901 649,901 651,901 762,881 764,861 764,828 744,810 744,808 742,808 740,808 737,808 561,819 475,823 282,806 282,854"/>
        <Baseline points="282,854 764,861"/>
        <TextEquiv conf="0.9954027778962079">
          <Unicode>Mart. 5. Laterani</Unicode>
        </TextEquiv>
      </TextLine>
      <TextLine id="eSc_line_12554277" custom="structure {type:default;}">
        <Coords points="835,863 835,887 2797,894 2799,863 2797,819 1882,825 1822,823 1705,814 1703,814 1701,814 1670,823 1659,825 1646,823 1615,814 1612,814 1610,814 1542,823 1524,825 1509,823 1458,814 1455,814 1319,825 1294,825 1290,825 1261,814 1259,814 1257,814 1254,814 1215,825 1210,825 1199,825 1100,814 1098,814 996,825 994,825 989,825 892,814 890,814 835,825 835,863"/>
        <Baseline points="835,863 2799,863"/>
        <TextEquiv conf="0.9993988919532162">
          <Unicode>13317a Capitulo Carnotensi scribit, ne quis ecclesiae servos taillare praesumat. (Bulla</Unicode>
        </TextEquiv>
      </TextLine>
      <TextLine id="eSc_line_965cd0eb" custom="structure {type:default;}">
        <Coords points="890,914 888,934 2794,938 2799,918 2797,883 890,878 890,914"/>
        <Baseline points="890,914 2799,918"/>
        <TextEquiv conf="0.9968199519550099">
          <Unicode>fortasse ad a. 1166 — 79 redigenda, vide supra ep. 13176.) In bibl. Carnot. 2e partie</Unicode>
        </TextEquiv>
      </TextLine>
      <TextLine id="eSc_line_6dc71f27" custom="structure {type:default;}">
        <Coords points="888,969 885,989 1217,1002 1219,1002 1643,993 1699,993 1703,993 1749,1007 1752,1007 1754,1007 1931,995 1933,995 1935,995 1953,1009 1955,1009 1957,1009 1959,1009 2039,998 2076,1009 2079,1009 2081,1009 2797,998 2799,973 2797,945 888,940 888,969"/>
        <Baseline points="888,969 2799,973"/>
        <TextEquiv conf="0.9998885262303236">
          <Unicode>des mss. n. 34. fol. 63 intitulato: Registrum privilegiorum papalium eccl. Carnot.</Unicode>
        </TextEquiv>
      </TextLine>
      <TextLine id="eSc_line_b3e78223" custom="structure {type:default;}">
        <Coords points="890,1026 890,1048 1201,1048 1230,1062 1232,1062 1235,1062 1237,1062 1272,1048 1341,1062 1343,1062 1345,1062 1389,1048 1411,1062 1414,1062 1416,1062 1418,1064 1535,1064 1535,1062 1537,1062 1539,1062 1539,1060 1553,1048 1637,1048 1650,1060 1650,1062 1652,1062 1654,1062 1657,1064 2034,1064 2034,1062 2037,1062 2085,1046 2085,1026 2083,993 890,995 890,1026"/>
        <Baseline points="890,1026 2085,1026"/>
        <TextEquiv conf="0.9898034954071044">
          <Unicode>Misit A. Clerval Carnotensis. — „Cum ecclesiarum“.</Unicode>
        </TextEquiv>
      </TextLine>
      <TextLine id="eSc_line_4f6bae77" custom="structure {type:default;}">
        <Coords points="402,1084 402,1101 494,1104 497,1084 497,1048 448,1035 446,1035 444,1035 441,1035 402,1048 402,1084"/>
        <Baseline points="402,1084 497,1084"/>
        <TextEquiv conf="0.9995758334795634">
          <Unicode>19.</Unicode>
        </TextEquiv>
      </TextLine>
      <TextLine id="eSc_line_3821aa08" custom="structure {type:default;}">
        <Coords points="596,1084 596,1095 623,1113 625,1113 627,1113 629,1113 711,1093 711,1084 711,1055 629,1037 627,1037 625,1037 596,1051 596,1084"/>
        <Baseline points="596,1084 711,1084"/>
        <TextEquiv conf="0.9999701579411825">
          <Unicode>(„)</Unicode>
        </TextEquiv>
      </TextLine>
      <TextLine id="eSc_line_030bc66f" custom="structure {type:default;}">
        <Coords points="837,1084 837,1104 1756,1115 1758,1115 1915,1104 1928,1104 2797,1104 2799,1079 2792,1046 835,1048 837,1084"/>
        <Baseline points="837,1084 2799,1079"/>
        <TextEquiv conf="0.9932850759203841">
          <Unicode>13333a *Ecclesiae S. Mariae Hierosolymitanae subiicit ecclesiam S. Mariae Bethlee-</Unicode>
        </TextEquiv>
      </TextLine>
      <TextLine id="eSc_line_9724dcd1" custom="structure {type:default;}">
        <Coords points="888,1135 885,1152 2786,1166 2790,1139 2788,1108 888,1104 888,1135"/>
        <Baseline points="888,1135 2790,1139"/>
        <TextEquiv conf="0.9923340380191803">
          <Unicode>mitanam. (Notae temporis sunt corruptae; sed bullam ad hunc annum pertinere,</Unicode>
        </TextEquiv>
      </TextLine>
      <TextLine id="eSc_line_9f74dd49" custom="structure {type:default;}">
        <Coords points="888,1194 888,1227 947,1216 1352,1216 1372,1227 1378,1230 1380,1230 1383,1232 1535,1232 1535,1230 1537,1230 1551,1225 1584,1216 1606,1225 1615,1230 1617,1230 1619,1230 1646,1225 1705,1216 1787,1225 1833,1230 1836,1230 1990,1225 2227,1216 2304,1223 2370,1230 2372,1232 2465,1232 2465,1230 2467,1230 2481,1223 2494,1216 2507,1223 2520,1230 2523,1230 2525,1230 2797,1221 2797,1194 2797,1166 888,1166 888,1194"/>
        <Baseline points="888,1194 2797,1194"/>
        <TextEquiv conf="0.9928570538759232">
          <Unicode>probant et ind. XII et incarn. anni 1178; pro „pont. a. 18“ corrigatur igitur „pont.</Unicode>
        </TextEquiv>
      </TextLine>
      <TextLine id="eSc_line_ee3d1b62" custom="structure {type:default;}">
        <Coords points="888,1249 888,1267 1641,1278 1643,1249 1643,1216 1610,1205 1608,1205 1480,1205 1478,1205 1475,1205 1473,1205 1473,1207 1462,1216 1462,1219 1314,1219 1312,1216 1290,1205 1288,1205 1285,1205 1283,1205 1243,1216 1232,1207 1232,1205 1230,1205 1228,1205 1226,1205 888,1214 888,1249"/>
        <Baseline points="888,1249 1643,1249"/>
        <TextEquiv conf="0.9943142623612375">
          <Unicode>a. 20“.) Pirri Sic. sacr. I. 584.</Unicode>
        </TextEquiv>
      </TextLine>
      <TextLine id="eSc_line_aef20a13" custom="structure {type:default;}">
        <Coords points="806,1340 806,1364 885,1375 888,1375 890,1375 972,1353 972,1336 967,1289 879,1276 877,1276 804,1291 806,1340"/>
        <Baseline points="806,1340 972,1336"/>
        <TextEquiv conf="0.9999999523162841">
          <Unicode>1180.</Unicode>
        </TextEquiv>
      </TextLine>
      <TextLine id="eSc_line_78af0c61" custom="structure {type:default;}">
        <Coords points="280,1408 280,1437 302,1453 304,1453 307,1453 309,1455 384,1455 384,1453 503,1428 503,1406 499,1371 278,1360 280,1408"/>
        <Baseline points="280,1408 503,1406"/>
        <TextEquiv conf="0.9999868737326728">
          <Unicode>Mart. 28.</Unicode>
        </TextEquiv>
      </TextLine>
      <TextLine id="eSc_line_031a6a3e" custom="structure {type:default;}">
        <Coords points="552,1406 550,1426 640,1459 642,1459 645,1461 695,1461 695,1459 698,1459 757,1426 760,1408 757,1360 552,1364 552,1406"/>
        <Baseline points="552,1406 760,1408"/>
        <TextEquiv conf="0.9069584144486321">
          <Unicode>Velletri.</Unicode>
        </TextEquiv>
      </TextLine>
      <TextLine id="eSc_line_40eef939" custom="structure {type:default;}">
        <Coords points="821,1411 821,1435 1805,1446 1807,1446 1935,1442 2134,1433 2514,1444 2554,1444 2556,1444 2560,1444 2611,1433 2790,1444 2794,1406 2790,1373 819,1369 821,1411"/>
        <Baseline points="821,1411 2794,1406"/>
        <TextEquiv conf="0.9999674863931609">
          <Unicode>13635a Monasterii S. Martiani Dertonensis possessiones et iura confirmat. Bottazzi</Unicode>
        </TextEquiv>
      </TextLine>
      <TextLine id="eSc_line_6f9b6713" custom="structure {type:default;}">
        <Coords points="883,1464 881,1492 2790,1495 2794,1468 2790,1428 883,1428 883,1464"/>
        <Baseline points="883,1464 2794,1468"/>
        <TextEquiv conf="0.9937454513561579">
          <Unicode>Carte inedite dell Arch. capit. di Tortona p. 141, Bottazzi Monumenti dell“ Arch.</Unicode>
        </TextEquiv>
      </TextLine>
      <TextLine id="eSc_line_7719eb4f" custom="structure {type:default;}">
        <Coords points="885,1521 885,1541 936,1554 938,1554 1018,1543 1290,1554 1292,1554 1347,1543 2717,1554 2719,1554 2797,1541 2797,1521 2794,1490 885,1490 885,1521"/>
        <Baseline points="885,1521 2797,1521"/>
        <TextEquiv conf="0.9981172472238541">
          <Unicode>capit. di Tortona p. 40 teste Desimoni Regesti p. 71. n. 204. — „Piae postulatio</Unicode>
        </TextEquiv>
      </TextLine>
      <TextLine id="eSc_line_95bd2d70" custom="structure {type:default;}">
        <Coords points="280,1627 278,1673 344,1676 346,1676 349,1676 351,1676 353,1673 388,1643 413,1660 415,1660 417,1660 419,1660 421,1660 486,1643 565,1643 603,1667 616,1678 618,1678 620,1678 623,1678 709,1665 711,1631 709,1574 600,1572 598,1572 596,1572 594,1572 594,1574 572,1596 494,1596 280,1570 280,1627"/>
        <Baseline points="280,1627 711,1631"/>
        <TextEquiv conf="0.9930143058300018">
          <Unicode>Mai. 10. („)</Unicode>
        </TextEquiv>
      </TextLine>
      <TextLine id="eSc_line_522aa7e2" custom="structure {type:default;}">
        <Coords points="885,1576 885,1590 1060,1603 1062,1603 1153,1583 1153,1570 1146,1541 883,1545 885,1576"/>
        <Baseline points="885,1576 1153,1570"/>
        <TextEquiv conf="0.9977239569028219">
          <Unicode>voluntatis“.</Unicode>
        </TextEquiv>
      </TextLine>
      <TextLine id="eSc_line_9bb78453" custom="structure {type:default;}">
        <Coords points="830,1631 830,1654 2794,1660 2797,1627 2792,1594 857,1587 855,1587 852,1587 828,1596 830,1631"/>
        <Baseline points="830,1631 2797,1627"/>
        <TextEquiv conf="0.9938584970576423">
          <Unicode>13655 a Walterum de Ridal, ob devotionem patris, b. m. Anskitilli (cf. supra 11193a)</Unicode>
        </TextEquiv>
      </TextLine>
      <TextLine id="eSc_line_592ef163" custom="structure {type:default;}">
        <Coords points="883,1684 881,1702 934,1715 936,1715 2790,1713 2792,1689 2788,1649 883,1649 883,1684"/>
        <Baseline points="883,1684 2792,1689"/>
        <TextEquiv conf="0.9962167525902773">
          <Unicode>erga sedem apostolicam, tuendum suscipit eique possessiones quasdam confirmat.</Unicode>
        </TextEquiv>
      </TextLine>
      <TextLine id="eSc_line_8a7610f1" custom="structure {type:default;}">
        <Coords points="888,1744 888,1764 2788,1760 2790,1740 2786,1709 908,1702 905,1702 903,1702 901,1702 885,1709 888,1744"/>
        <Baseline points="888,1744 2790,1740"/>
        <TextEquiv conf="0.9948461515357695">
          <Unicode>(Quo loco bulla data sit, iam legi nequit; sed in tergo notatum est „A. dom. 1180“.</Unicode>
        </TextEquiv>
      </TextLine>
      <TextLine id="eSc_line_de543904" custom="structure {type:default;}">
        <Coords points="885,1797 885,1830 2794,1821 2794,1797 2794,1768 885,1766 885,1797"/>
        <Baseline points="885,1797 2794,1797"/>
        <TextEquiv conf="0.9954795014290583">
          <Unicode>quibus verbis nisus eam huie anno inserui; aliter de nota dorsuali iudicat Bates in)</Unicode>
        </TextEquiv>
      </TextLine>
      <TextLine id="eSc_line_763bc5c5" custom="structure {type:default;}">
        <Coords points="885,1855 885,1877 2790,1881 2794,1850 2790,1813 974,1810 972,1810 883,1821 885,1855"/>
        <Baseline points="885,1855 2794,1850"/>
        <TextEquiv conf="0.9853323354170873">
          <Unicode>Archaeologia Aeliana 1887. p. 203, cf. ibid. p. 198. — „Sacrosancta Romana ec-</Unicode>
        </TextEquiv>
      </TextLine>
      <TextLine id="eSc_line_a480b826" custom="structure {type:default;}">
        <Coords points="271,1958 273,2018 335,2002 415,2011 433,2014 435,2014 437,2014 439,2014 441,2011 463,1996 481,2009 486,2014 488,2014 490,2014 492,2014 494,2014 497,2014 503,2009 521,1996 589,1996 598,2005 603,2007 603,2009 605,2009 607,2009 731,2018 733,2018 735,2018 737,2018 771,1998 771,1958 768,1885 600,1901 578,1892 576,1892 574,1892 572,1892 519,1910 468,1910 446,1896 428,1885 426,1885 424,1885 421,1885 419,1885 417,1885 402,1896 386,1908 271,1903 271,1958"/>
        <Baseline points="271,1958 771,1958"/>
        <TextEquiv conf="0.9448514464828703">
          <Unicode>Lul. 15. Tusentani</Unicode>
        </TextEquiv>
      </TextLine>
      <TextLine id="eSc_line_55d34715" custom="structure {type:default;}">
        <Coords points="883,1908 883,1919 967,1934 969,1934 1058,1914 1058,1903 1053,1870 965,1861 963,1861 881,1872 883,1908"/>
        <Baseline points="883,1908 1058,1903"/>
        <TextEquiv conf="0.9980643317103386">
          <Unicode>clesia“.</Unicode>
        </TextEquiv>
      </TextLine>
      <TextLine id="eSc_line_03067185" custom="structure {type:default;}">
        <Coords points="828,1963 828,1989 2790,1991 2794,1956 2790,1927 1484,1919 1482,1919 1411,1930 1402,1932 826,1932 828,1963"/>
        <Baseline points="828,1963 2794,1956"/>
        <TextEquiv conf="0.9933381742901273">
          <Unicode>13685 a Archiopiscopis, episcopis, abbatibus et aliis ecclesiarum praelatis mandat, curent</Unicode>
        </TextEquiv>
      </TextLine>
      <TextLine id="eSc_line_d8c56ed5" custom="structure {type:default;}">
        <Coords points="883,2020 883,2042 2790,2047 2794,2016 2788,1983 881,1987 883,2020"/>
        <Baseline points="883,2020 2794,2016"/>
        <TextEquiv conf="0.9985706354009694">
          <Unicode>ne a fratribus militiae templi decimae „de novalibus vel de aliis terris, quas propriis</Unicode>
        </TextEquiv>
      </TextLine>
      <TextLine id="eSc_line_9f009c9b" custom="structure {type:default;}">
        <Coords points="883,2073 883,2097 2790,2097 2792,2067 2786,2033 881,2036 883,2073"/>
        <Baseline points="883,2073 2792,2067"/>
        <TextEquiv conf="0.9949928291141987">
          <Unicode>manibus vel sumptibus excolant, sive de nutrimentis animalium“ exigantur, ut vel</Unicode>
        </TextEquiv>
      </TextLine>
      <TextLine id="eSc_line_ca102abf" custom="structure {type:default;}">
        <Coords points="883,2128 883,2159 2792,2159 2792,2128 2792,2100 883,2100 883,2128"/>
        <Baseline points="883,2128 2792,2128"/>
        <TextEquiv conf="0.9999851491077837">
          <Unicode>post concilium Lateranense factum sit. Transgressores, si clerici sint, suspendant,</Unicode>
        </TextEquiv>
      </TextLine>
      <TextLine id="eSc_line_6578906b" custom="structure {type:default;}">
        <Coords points="885,2186 885,2221 2794,2217 2794,2186 2794,2150 885,2150 885,2186"/>
        <Baseline points="885,2186 2794,2186"/>
        <TextEquiv conf="0.9992281517317129">
          <Unicode>si laici, excommunicent, donec satisfecerint. Ferreira Mem. dos Templarios I. I1. 789.</Unicode>
        </TextEquiv>
      </TextLine>
      <TextLine id="eSc_line_f0a4ee6f" custom="structure {type:default;}">
        <Coords points="885,2239 885,2261 1570,2261 1570,2239 1570,2208 1546,2197 1544,2197 1542,2197 1539,2197 1517,2208 1389,2197 1387,2197 1241,2208 1020,2197 1018,2197 1016,2197 1014,2197 1000,2210 885,2210 885,2239"/>
        <Baseline points="885,2239 1570,2239"/>
        <TextEquiv conf="0.9851137355521873">
          <Unicode>— „Audivimus et audientes“.</Unicode>
        </TextEquiv>
      </TextLine>
      <TextLine id="eSc_line_8ffaff28" custom="structure {type:default;}">
        <Coords points="802,2332 802,2351 1049,2347 1049,2325 1045,2279 936,2254 934,2254 799,2283 802,2332"/>
        <Baseline points="802,2332 1049,2325"/>
        <TextEquiv conf="0.9999979436397552">
          <Unicode>c. 1180.</Unicode>
        </TextEquiv>
      </TextLine>
      <TextLine id="eSc_line_2109de8e" custom="structure {type:default;}">
        <Coords points="830,2404 830,2429 2794,2424 2797,2400 2790,2358 2306,2362 2299,2360 2286,2351 2284,2351 2282,2351 2280,2351 2202,2360 2178,2362 2163,2360 2096,2349 2094,2349 2039,2360 2030,2365 1562,2365 1553,2365 1475,2351 1067,2351 1064,2351 978,2365 890,2351 888,2351 885,2351 828,2367 830,2404"/>
        <Baseline points="830,2404 2797,2400"/>
        <TextEquiv conf="0.9989982997669893">
          <Unicode>13723a Monasterii S. Hippoliti in Austria tutelam suscipit, possessionesque et privi-</Unicode>
        </TextEquiv>
      </TextLine>
      <TextLine id="eSc_line_4af632e3" custom="structure {type:default;}">
        <Coords points="885,2460 885,2479 2790,2486 2792,2460 2790,2418 885,2422 885,2460"/>
        <Baseline points="885,2460 2792,2460"/>
        <TextEquiv conf="0.9923929983661288">
          <Unicode>legia confirmat, petente Cunone praeposito. Duellius Excerpta genealogico-historica,</Unicode>
        </TextEquiv>
      </TextLine>
      <TextLine id="eSc_line_78a1651f" custom="structure {type:default;}">
        <Coords points="883,2515 883,2535 2790,2530 2792,2508 2788,2482 881,2477 883,2515"/>
        <Baseline points="883,2515 2792,2508"/>
        <TextEquiv conf="0.9881872197515086">
          <Unicode>Lipsiae 1725, p. 30. (Bulla etiam exstat apud Maderna Historia Canoniae San-</Unicode>
        </TextEquiv>
      </TextLine>
      <TextLine id="eSc_line_8ffb3f71" custom="structure {type:default;}">
        <Coords points="883,2570 883,2599 1261,2592 1380,2601 1429,2603 1431,2603 1455,2601 1515,2592 1553,2601 1568,2603 1570,2603 1586,2601 1623,2592 1705,2601 1734,2603 1736,2603 1785,2601 1959,2590 2021,2601 2026,2601 2028,2601 2032,2601 2101,2590 2308,2601 2317,2601 2319,2601 2322,2601 2375,2590 2467,2601 2470,2601 2472,2601 2474,2601 2531,2590 2622,2601 2624,2601 2626,2601 2629,2601 2653,2590 2783,2601 2788,2566 2783,2532 881,2532 883,2570"/>
        <Baseline points="883,2570 2788,2566"/>
        <TextEquiv conf="0.9999835108533318">
          <Unicode>hippolit. II. 58, meliusque ap. Lampel und Filgel Urkundenb. v. St.-Pölten I. 18,</Unicode>
        </TextEquiv>
      </TextLine>
      <TextLine id="eSc_line_61f451bd" custom="structure {type:default;}">
        <Coords points="883,2625 883,2645 1389,2656 1391,2656 1394,2656 1427,2645 1429,2645 1551,2656 1553,2656 1608,2643 1615,2643 1696,2643 1699,2643 1707,2652 1707,2654 1710,2654 1712,2654 1714,2656 1975,2656 1975,2654 1977,2654 1979,2654 1990,2643 2010,2654 2012,2654 2014,2656 2171,2656 2171,2654 2227,2641 2229,2621 2224,2590 1584,2579 1581,2579 881,2592 883,2625"/>
        <Baseline points="883,2625 2229,2621"/>
        <TextEquiv conf="0.9899513627353468">
          <Unicode>ut nobis scribit vir ill. Lampel. — „Desiderium quod ad“.</Unicode>
        </TextEquiv>
      </TextLine>
      <TextLine id="eSc_line_b7e542b9" custom="structure {type:default;}">
        <Coords points="802,2718 802,2742 894,2749 897,2749 950,2740 974,2736 1000,2738 1082,2747 1084,2747 1087,2747 1131,2733 1131,2714 1126,2669 837,2661 835,2661 832,2661 799,2669 802,2718"/>
        <Baseline points="802,2718 1131,2714"/>
        <TextEquiv conf="0.9991733729839325">
          <Unicode>1171 — 1181.</Unicode>
        </TextEquiv>
      </TextLine>
      <TextLine id="eSc_line_d0b26c63" custom="structure {type:default;}">
        <Coords points="273,2828 364,2828 364,2826 366,2826 368,2826 371,2824 391,2809 552,2820 684,2826 687,2826 768,2811 768,2784 768,2700 660,2700 658,2700 656,2700 587,2738 395,2738 366,2709 366,2707 364,2707 362,2707 360,2707 320,2714 276,2700 273,2784 273,2828"/>
        <Baseline points="273,2784 768,2784"/>
        <TextEquiv conf="0.9641882843441434">
          <Unicode>Lan. 12. Tusenlani</Unicode>
        </TextEquiv>
      </TextLine>
      <TextLine id="eSc_line_e72a477b" custom="structure {type:default;}">
        <Coords points="828,2789 828,2811 2792,2811 2792,2778 2788,2742 874,2740 872,2740 870,2740 826,2753 828,2789"/>
        <Baseline points="828,2789 2792,2778"/>
        <TextEquiv conf="0.9911365113979163">
          <Unicode>14244 a *Fratribus S. Bertini Sithiensibus praecipit, ut ad servitium in ecclesia Bur-</Unicode>
        </TextEquiv>
      </TextLine>
      <TextLine id="eSc_line_cd1fde4f" custom="structure {type:default;}">
        <Coords points="883,2842 883,2868 2786,2873 2790,2837 2786,2800 899,2797 897,2797 894,2797 892,2797 881,2804 883,2842"/>
        <Baseline points="883,2842 2790,2837"/>
        <TextEquiv conf="0.9923103036759775">
          <Unicode>burgensi duos presbyteros reservent. Haigneré Les chartes de St.-Bertin I. 139.</Unicode>
        </TextEquiv>
      </TextLine>
      <TextLine id="eSc_line_77310f80" custom="structure {type:default;}">
        <Coords points="883,2899 883,2926 1140,2921 1146,2923 1170,2941 1173,2941 1175,2941 1177,2943 1277,2943 1277,2941 1363,2939 1365,2939 1367,2939 1391,2921 1431,2939 1433,2939 1436,2941 1610,2941 1610,2939 1612,2939 1683,2917 1683,2895 1679,2866 881,2866 883,2899"/>
        <Baseline points="883,2899 1683,2895"/>
        <TextEquiv conf="0.9945957735180855">
          <Unicode>I. 313. — „Relatum est auribus“.</Unicode>
        </TextEquiv>
      </TextLine>
      <TextLine id="eSc_line_fc551caf" custom="structure {type:default;}">
        <Coords points="1356,3204 1356,3221 1449,3233 1451,3233 1453,3233 1455,3233 1469,3221 1471,3221 1495,3235 1497,3235 1500,3235 1555,3224 1641,3235 1643,3235 1646,3235 1648,3235 1661,3221 1668,3219 1687,3221 1745,3233 1747,3233 1827,3221 1855,3219 1869,3221 1906,3235 1908,3235 1911,3235 1990,3221 2028,3217 2054,3221 2101,3233 2103,3233 2253,3221 2255,3197 2251,3146 2204,3144 2187,3127 2187,3124 2185,3124 2182,3124 2079,3124 2076,3124 2074,3124 2072,3124 2072,3127 2048,3146 2048,3149 2001,3149 2001,3146 1955,3124 1953,3124 1950,3124 1851,3149 1844,3149 1811,3149 1427,3138 1425,3138 1354,3151 1356,3204"/>
        <Baseline points="1356,3204 2255,3197"/>
        <TextEquiv conf="0.9944831003313479">
          <Unicode>L.CCILS III. 1181—1185.</Unicode>
        </TextEquiv>
      </TextLine>
      <TextLine id="eSc_line_42c9abc0" custom="structure {type:default;}">
        <Coords points="799,3266 799,3283 872,3299 874,3299 956,3281 956,3261 952,3210 835,3195 832,3195 830,3195 797,3210 799,3266"/>
        <Baseline points="799,3266 956,3261"/>
        <TextEquiv conf="0.9999900102615357">
          <Unicode>1181.</Unicode>
        </TextEquiv>
      </TextLine>
      <TextLine id="eSc_line_834e7f1e" custom="structure {type:default;}">
        <Coords points="273,3334 273,3356 1528,3367 1531,3367 1972,3354 2032,3365 2034,3365 2485,3354 2757,3363 2759,3363 2761,3363 2792,3347 2792,3325 2786,3288 2372,3292 2324,3288 2277,3281 2275,3281 2176,3288 2045,3294 2026,3288 2010,3281 2008,3281 2006,3281 2003,3281 1992,3288 1975,3297 1900,3297 1871,3288 1851,3281 1849,3281 1847,3281 1844,3281 1824,3288 1796,3294 1747,3288 1723,3283 1721,3283 1674,3288 1584,3294 1557,3288 1539,3281 1537,3281 1535,3281 1425,3288 1243,3297 1193,3288 1173,3283 1170,3283 1117,3288 987,3297 930,3288 908,3283 905,3283 881,3288 813,3299 572,3288 530,3286 528,3286 525,3286 521,3288 490,3299 419,3288 408,3286 406,3286 404,3286 399,3288 373,3299 271,3288 273,3334"/>
        <Baseline points="273,3334 2792,3325"/>
        <TextEquiv conf="0.9954822509034166">
          <Unicode>Nov. 23. Romae ap. 14521 a (Dcsiderio) episcopo Morinensi sceribit de Hucbaldo milite, qui terram quan-</Unicode>
        </TextEquiv>
      </TextLine>
      <TextLine id="eSc_line_9af88367" custom="structure {type:default;}">
        <Coords points="525,3387 525,3429 607,3429 678,3480 718,3511 720,3511 722,3511 788,3517 790,3387 790,3356 525,3356 525,3387"/>
        <Baseline points="525,3387 790,3387"/>
        <TextEquiv>
          <Unicode></Unicode>
        </TextEquiv>
      </TextLine>
      <TextLine id="eSc_line_cf191380" custom="structure {type:default;}">
        <Coords points="821,3387 821,3411 2790,3411 2790,3380 2783,3347 819,3354 821,3387"/>
        <Baseline points="821,3387 2790,3380"/>
        <TextEquiv conf="0.999860554933548">
          <Unicode>dam ab matre sua Ele capellae monasterii S. Bertini Sithiensis donatam auferre</Unicode>
        </TextEquiv>
      </TextLine>
      <TextLine id="eSc_line_16494ca2" custom="structure {type:default;}">
        <Coords points="881,3445 881,3471 1336,3482 1338,3482 1341,3482 1343,3482 1360,3471 1363,3471 1396,3471 1749,3480 1752,3480 1847,3469 1866,3469 2790,3469 2790,3436 2783,3400 879,3407 881,3445"/>
        <Baseline points="881,3445 2790,3436"/>
        <TextEquiv conf="0.9968063485475234">
          <Unicode>conetur. Fragm. ap. Haigneré Les chartes de St.-Bertin I. 142. — „Dilectus filius</Unicode>
        </TextEquiv>
      </TextLine>
      <TextLine id="eSc_line_d96e662c" custom="structure {type:default;}">
        <Coords points="881,3498 881,3557 1067,3548 1067,3498 1067,3469 881,3469 881,3498"/>
        <Baseline points="881,3498 1067,3498"/>
        <TextEquiv conf="0.9978515282273293">
          <Unicode>moster“.</Unicode>
        </TextEquiv>
      </TextLine>
    </TextRegion>
    <TextRegion id="eSc_textblock_5cdf988c"  custom="structure {type:default;}">
      <Coords points="1531,141 1895,150 1904,236 1182,245 1155,209 1190,150 1531,141"/>
      <TextLine id="eSc_line_25e1dada" custom="structure {type:default;}">
        <Coords points="1184,212 1182,236 1875,240 1880,216 1877,170 1847,170 1847,167 1827,152 1827,150 1824,150 1822,150 1820,150 1617,152 1615,152 1612,152 1612,154 1599,167 1597,167 1588,167 1453,150 1451,150 1219,152 1217,152 1184,163 1184,212"/>
        <Baseline points="1184,212 1880,216"/>
        <TextEquiv conf="0.9999486654996872">
          <Unicode>Supplementum regestorum.</Unicode>
        </TextEquiv>
      </TextLine>
    </TextRegion>
  </Page>
</PcGts>
