<?xml version="1.0" encoding="UTF-8"  standalone="yes"?>
<PcGts xmlns="http://schema.primaresearch.org/PAGE/gts/pagecontent/2019-07-15" xmlns:xsi="http://www.w3.org/2001/XMLSchema-instance" xsi:schemaLocation="http://schema.primaresearch.org/PAGE/gts/pagecontent/2019-07-15 http://schema.primaresearch.org/PAGE/gts/pagecontent/2019-07-15/pagecontent.xsd">
  <Metadata externalRef="pdf//regestapontificu02cath.pdf">
	<Creator>escriptorium</Creator>
	<Created>2026-01-31T10:51:27.092671+00:00</Created>
        <LastChange>2026-02-05T00:10:21.389536+00:00</LastChange>
  </Metadata>
  <Page imageFilename="regestapontificu02cath.pdf_page_777.png" imageWidth="3007" imageHeight="3975">
    <TextRegion id="eSc_textblock_a2a16420"  custom="structure {type:default;}">
      <Coords points="2545,300 2733,309 2750,362 2724,3531 2671,3557 804,3566 704,3522 176,3504 150,3433 123,786 203,326 404,362 450,318 2545,300"/>
      <TextLine id="eSc_line_a3d572e1" custom="structure {type:default;}">
        <Coords points="691,377 691,408 850,408 850,377 850,335 753,320 751,320 691,333 691,377"/>
        <Baseline points="691,377 850,377"/>
        <TextEquiv conf="1.0">
          <Unicode>1176.</Unicode>
        </TextEquiv>
      </TextLine>
      <TextLine id="eSc_line_6320cd9b" custom="structure {type:default;}">
        <Coords points="724,437 724,463 2691,457 2691,437 2688,393 724,397 724,437"/>
        <Baseline points="724,437 2691,437"/>
        <TextEquiv conf="0.9979836823027811">
          <Unicode>12750a *Gilberto Londoniensi et Rogero Wigorniensi episcopis mandat, ut canonicis</Unicode>
        </TextEquiv>
      </TextLine>
      <TextLine id="eSc_line_8cd4bc00" custom="structure {type:default;}">
        <Coords points="773,494 773,514 2691,512 2693,488 2686,459 771,461 773,494"/>
        <Baseline points="773,494 2693,488"/>
        <TextEquiv conf="0.9993443618337792">
          <Unicode>S. Frideswidae Oxoniensibus super controversia contra ecclesiam Oseneiensem agitata</Unicode>
        </TextEquiv>
      </TextLine>
      <TextLine id="eSc_line_7422c50e" custom="structure {type:default;}">
        <Coords points="777,549 777,580 2691,574 2691,549 2688,516 777,516 777,549"/>
        <Baseline points="777,549 2691,549"/>
        <TextEquiv conf="0.9946133494377136">
          <Unicode>silentium imponant. Vide Howlett Chronicles of Stephen, Henry and Richard I.</Unicode>
        </TextEquiv>
      </TextLine>
      <TextLine id="eSc_line_16edb81f" custom="structure {type:default;}">
        <Coords points="775,609 775,638 832,627 888,629 972,633 974,633 976,633 978,633 994,622 994,605 989,571 881,560 879,560 773,574 775,609"/>
        <Baseline points="775,609 994,605"/>
        <TextEquiv conf="0.9998436495661736">
          <Unicode>p. XLII.</Unicode>
        </TextEquiv>
      </TextLine>
      <TextLine id="eSc_line_b59aa5e6" custom="structure {type:default;}">
        <Coords points="693,715 693,733 757,744 760,744 852,728 852,711 848,666 764,655 762,655 691,669 693,715"/>
        <Baseline points="693,715 852,711"/>
        <TextEquiv conf="0.9999998569488525">
          <Unicode>1177.</Unicode>
        </TextEquiv>
      </TextLine>
      <TextLine id="eSc_line_344ad70c" custom="structure {type:default;}">
        <Coords points="167,803 167,817 214,834 216,834 218,834 220,834 285,817 287,817 307,834 309,834 311,834 313,836 360,836 360,834 362,834 364,834 364,832 384,817 386,814 448,814 452,817 497,836 499,836 501,839 589,839 589,836 592,836 636,814 636,797 627,726 600,739 521,726 510,726 508,726 505,726 503,726 457,759 377,759 329,728 326,726 324,726 322,726 320,726 318,726 315,726 313,728 265,759 165,730 167,803"/>
        <Baseline points="167,803 636,797"/>
        <TextEquiv conf="0.9359003119170666">
          <Unicode>Lan 22. Sipamnti</Unicode>
        </TextEquiv>
      </TextLine>
      <TextLine id="eSc_line_36c45c5e" custom="structure {type:default;}">
        <Coords points="724,797 724,814 2688,817 2693,790 2688,759 2037,748 2034,748 2032,748 1995,759 1394,750 1391,750 1312,761 771,753 768,753 766,753 722,764 724,797"/>
        <Baseline points="724,797 2693,790"/>
        <TextEquiv conf="0.9983770311633243">
          <Unicode>12768a Monachos S. Bertini Sithienses hortatur, ut Simoni abbati (nuper electo)</Unicode>
        </TextEquiv>
      </TextLine>
      <TextLine id="eSc_line_4032f64a" custom="structure {type:default;}">
        <Coords points="775,845 773,863 2688,870 2693,850 2691,819 775,814 775,845"/>
        <Baseline points="775,845 2693,850"/>
        <TextEquiv conf="0.9997900277376175">
          <Unicode>obodientiam et reverentiam exhibeant. Haigncré Les chartes dc St.-Bertin I. 127.</Unicode>
        </TextEquiv>
      </TextLine>
      <TextLine id="eSc_line_9a0e628a" custom="structure {type:default;}">
        <Coords points="775,905 775,920 1011,934 1014,934 1016,934 1018,934 1034,920 1170,929 1173,929 1175,929 1199,918 1210,929 1210,931 1212,931 1215,931 1217,934 1301,934 1301,931 1303,931 1347,916 1347,901 1341,874 773,876 775,905"/>
        <Baseline points="775,905 1347,901"/>
        <TextEquiv conf="0.9975041384282319">
          <Unicode>— „Inanis est et vana“.</Unicode>
        </TextEquiv>
      </TextLine>
      <TextLine id="eSc_line_b89b68fb" custom="structure {type:default;}">
        <Coords points="167,967 167,1011 384,989 384,967 384,936 167,920 167,967"/>
        <Baseline points="167,967 384,967"/>
        <TextEquiv conf="0.9965347945690155">
          <Unicode>Fcbr. 4.</Unicode>
        </TextEquiv>
      </TextLine>
      <TextLine id="eSc_line_e08342a5" custom="structure {type:default;}">
        <Coords points="726,960 726,982 2693,976 2695,954 2691,925 1383,916 1380,916 1301,927 768,918 766,918 764,918 724,929 726,960"/>
        <Baseline points="726,960 2695,954"/>
        <TextEquiv conf="0.9967084259822451">
          <Unicode>12775a *Xenodochii Hierosolymitani possessiones et privilegia confirmat, petente Rogcro</Unicode>
        </TextEquiv>
      </TextLine>
      <TextLine id="eSc_line_36d4f32e" custom="structure {type:default;}">
        <Coords points="775,1015 775,1037 2691,1033 2693,1009 2686,980 773,984 775,1015"/>
        <Baseline points="775,1015 2693,1009"/>
        <TextEquiv conf="0.9937730467463114">
          <Unicode>magistro. Reg. ap. Naberat Sommaire des privil. de Lordre de St.-Jean p. 35. (Bulla</Unicode>
        </TextEquiv>
      </TextLine>
      <TextLine id="eSc_line_6cd57782" custom="structure {type:default;}">
        <Coords points="777,1071 777,1093 2691,1088 2693,1066 2686,1037 775,1040 777,1071"/>
        <Baseline points="777,1071 2693,1066"/>
        <TextEquiv conf="0.9981552286203518">
          <Unicode>fortasse ad a. 1178 redigenda; saepissime editores non animadverterunt, in canccllaria</Unicode>
        </TextEquiv>
      </TextLine>
      <TextLine id="eSc_line_6daf6ba6" custom="structure {type:default;}">
        <Coords points="775,1128 775,1148 2392,1143 2394,1121 2388,1093 773,1097 775,1128"/>
        <Baseline points="775,1128 2394,1121"/>
        <TextEquiv conf="0.9998898301805769">
          <Unicode>apostolica secundum calculum Florentinum annos indicari solitos esse.)</Unicode>
        </TextEquiv>
      </TextLine>
      <TextLine id="eSc_line_07988edf" custom="structure {type:default;}">
        <Coords points="170,1190 170,1205 240,1223 243,1223 245,1223 280,1205 366,1219 368,1219 371,1219 373,1219 373,1216 391,1199 391,1183 386,1150 320,1137 318,1137 315,1137 293,1143 262,1152 236,1139 229,1137 227,1137 167,1137 170,1190"/>
        <Baseline points="170,1190 391,1183"/>
        <TextEquiv conf="0.9923349469900131">
          <Unicode>Apr. 18.</Unicode>
        </TextEquiv>
      </TextLine>
      <TextLine id="eSc_line_bc17efb4" custom="structure {type:default;}">
        <Coords points="430,1188 430,1221 627,1221 627,1219 629,1219 665,1205 665,1183 660,1143 428,1143 430,1188"/>
        <Baseline points="430,1188 665,1183"/>
        <TextEquiv conf="0.9999999735090468">
          <Unicode>Perrariae</Unicode>
        </TextEquiv>
      </TextLine>
      <TextLine id="eSc_line_5584e491" custom="structure {type:default;}">
        <Coords points="724,1183 724,1201 2668,1205 2671,1205 2673,1205 2675,1205 2693,1194 2693,1174 2688,1146 1217,1139 1215,1139 1109,1150 744,1141 742,1141 740,1141 737,1141 722,1148 724,1183"/>
        <Baseline points="724,1183 2693,1174"/>
        <TextEquiv conf="0.997717247612175">
          <Unicode>12801 a Monasterii Ramesiensis protectionem suscipit ac „libertates, oblationes, digni-</Unicode>
        </TextEquiv>
      </TextLine>
      <TextLine id="eSc_line_1aa94865" custom="structure {type:default;}">
        <Coords points="777,1234 777,1256 2691,1258 2695,1230 2688,1203 775,1205 777,1234"/>
        <Baseline points="777,1234 2695,1230"/>
        <TextEquiv conf="0.9990373075008392">
          <Unicode>tates, immunitates, iura, quae emendationes vocantur“, confirmat. Hart and Lyons</Unicode>
        </TextEquiv>
      </TextLine>
      <TextLine id="eSc_line_355d8ae0" custom="structure {type:default;}">
        <Coords points="777,1289 777,1309 2165,1318 2167,1289 2167,1263 777,1263 777,1289"/>
        <Baseline points="777,1289 2167,1289"/>
        <TextEquiv conf="0.9915861898455126">
          <Unicode>Cartul. de Rameseia II. 148. — „Cum in apostolicae sedis“.</Unicode>
        </TextEquiv>
      </TextLine>
      <TextLine id="eSc_line_98d9a471" custom="structure {type:default;}">
        <Coords points="205,1358 205,1378 212,1384 212,1386 214,1386 216,1386 218,1386 265,1378 276,1375 280,1378 300,1395 300,1397 302,1397 304,1397 307,1397 386,1386 386,1353 382,1307 320,1307 318,1307 315,1307 313,1307 307,1311 285,1325 203,1322 205,1358"/>
        <Baseline points="205,1358 386,1353"/>
        <TextEquiv conf="0.9927686095237732">
          <Unicode>„ 28.</Unicode>
        </TextEquiv>
      </TextLine>
      <TextLine id="eSc_line_95a6d75a" custom="structure {type:default;}">
        <Coords points="503,1369 503,1384 539,1402 541,1402 543,1402 545,1402 587,1380 587,1364 581,1336 501,1338 503,1369"/>
        <Baseline points="503,1369 587,1364"/>
        <TextEquiv conf="1.0">
          <Unicode>„</Unicode>
        </TextEquiv>
      </TextLine>
      <TextLine id="eSc_line_a8c4f4ff" custom="structure {type:default;}">
        <Coords points="731,1349 731,1386 846,1369 1058,1369 1082,1382 1087,1384 1089,1384 1091,1384 1093,1384 1100,1382 1137,1369 1179,1380 1186,1382 1188,1382 1190,1382 1204,1380 1279,1366 1314,1380 1323,1382 1325,1382 1327,1382 1330,1382 1343,1378 1367,1371 1402,1378 1429,1382 1431,1382 1433,1382 1455,1378 1480,1371 1489,1375 1497,1382 1500,1382 1502,1382 1504,1382 1506,1382 1509,1382 1515,1375 1533,1364 1663,1373 1754,1380 1756,1380 1860,1371 1961,1362 2127,1366 2401,1375 2403,1375 2578,1364 2638,1373 2640,1373 2642,1373 2695,1358 2695,1338 2691,1309 744,1309 742,1309 740,1309 737,1309 729,1313 731,1349"/>
        <Baseline points="731,1349 2695,1338"/>
        <TextEquiv conf="0.9940662903841152">
          <Unicode>12816a Archiepiscopos, episcopos, abbates, priores et alios ecclesiarum praelatos hor-</Unicode>
        </TextEquiv>
      </TextLine>
      <TextLine id="eSc_line_e572e5ff" custom="structure {type:default;}">
        <Coords points="779,1402 779,1424 2695,1419 2697,1397 2691,1369 777,1371 779,1402"/>
        <Baseline points="779,1402 2697,1397"/>
        <TextEquiv conf="0.9888135059958413">
          <Unicode>tatur, ut populum sibi commissum ad instituendas pro templariis collectas admoneant.</Unicode>
        </TextEquiv>
      </TextLine>
      <TextLine id="eSc_line_5c6d8db9" custom="structure {type:default;}">
        <Coords points="777,1455 777,1477 2695,1475 2697,1450 2691,1424 775,1426 777,1455"/>
        <Baseline points="777,1455 2697,1450"/>
        <TextEquiv conf="0.9982379844159256">
          <Unicode>Eis, qui in eorum fraternitate se recipiendos curaverint et ei beneficia annuatim</Unicode>
        </TextEquiv>
      </TextLine>
      <TextLine id="eSc_line_b422777d" custom="structure {type:default;}">
        <Coords points="779,1508 779,1534 2699,1534 2699,1508 2699,1481 779,1481 779,1508"/>
        <Baseline points="779,1508 2699,1508"/>
        <TextEquiv conf="0.9993970003866014">
          <Unicode>contulerint, septimam poenitentiae partem relaxat; cet. Ferreira Mem. dos Templarios</Unicode>
        </TextEquiv>
      </TextLine>
      <TextLine id="eSc_line_c18ef162" custom="structure {type:default;}">
        <Coords points="779,1567 779,1585 1798,1594 1800,1594 1866,1581 1869,1563 1866,1534 1849,1523 1847,1523 1844,1523 1842,1523 1840,1523 1798,1534 1729,1523 1727,1523 1670,1534 1652,1523 1650,1523 1648,1523 1646,1523 1643,1523 1641,1523 1641,1525 1630,1537 1555,1537 1484,1523 1482,1523 1480,1523 1478,1523 1462,1534 1431,1523 1429,1523 1427,1523 1314,1537 925,1525 923,1525 921,1525 919,1525 919,1528 908,1539 826,1539 793,1525 790,1525 788,1525 786,1525 784,1525 784,1528 777,1532 779,1567"/>
        <Baseline points="779,1567 1869,1563"/>
        <TextEquiv conf="0.9893788758744585">
          <Unicode>I. II. 769. — „Milites templi Hierosolymitani“.</Unicode>
        </TextEquiv>
      </TextLine>
      <TextLine id="eSc_line_629b320b" custom="structure {type:default;}">
        <Coords points="172,1620 170,1656 678,1660 682,1625 678,1567 618,1585 499,1585 483,1572 448,1545 446,1545 444,1545 366,1543 364,1543 362,1543 315,1559 291,1543 289,1543 287,1543 285,1543 282,1543 280,1543 238,1576 201,1567 198,1567 196,1567 194,1567 172,1576 172,1620"/>
        <Baseline points="172,1620 682,1625"/>
        <TextEquiv conf="0.948652163932198">
          <Unicode>Mal. 2. venediis in</Unicode>
        </TextEquiv>
      </TextLine>
      <TextLine id="eSc_line_26256792" custom="structure {type:default;}">
        <Coords points="726,1625 726,1643 1159,1654 1162,1654 2699,1636 2699,1616 2693,1585 724,1592 726,1625"/>
        <Baseline points="726,1625 2699,1616"/>
        <TextEquiv conf="0.9921433259459103">
          <Unicode>12846a (Richardo) archiepiscopo Cantuariensi, apost. sedis legato, scribit, ecclesiam</Unicode>
        </TextEquiv>
      </TextLine>
      <TextLine id="eSc_line_c3364432" custom="structure {type:default;}">
        <Coords points="433,1684 433,1718 665,1720 667,1678 662,1651 594,1638 592,1638 589,1638 587,1638 587,1640 585,1640 576,1651 576,1654 430,1654 433,1684"/>
        <Baseline points="433,1684 667,1678"/>
        <TextEquiv conf="0.9958511458502876">
          <Unicode>Rivo alto</Unicode>
        </TextEquiv>
      </TextLine>
      <TextLine id="eSc_line_09e1170c" custom="structure {type:default;}">
        <Coords points="782,1676 782,1698 2695,1696 2697,1671 2693,1645 795,1636 793,1636 790,1636 788,1636 779,1643 782,1676"/>
        <Baseline points="782,1676 2697,1671"/>
        <TextEquiv conf="0.9983750546679777">
          <Unicode>S. Petri Haltonensem ex arbitrio (Silvani) abbatis Rievallensis et (Gregorii) prioris</Unicode>
        </TextEquiv>
      </TextLine>
      <TextLine id="eSc_line_b130dc41" custom="structure {type:default;}">
        <Coords points="784,1731 784,1755 2697,1751 2699,1726 2693,1700 782,1702 784,1731"/>
        <Baseline points="784,1731 2699,1726"/>
        <TextEquiv conf="0.9925462279790713">
          <Unicode>Bridlingtoniensis monachis de Nehus adiudicatam esse, mandatque, ut abbatissae et</Unicode>
        </TextEquiv>
      </TextLine>
      <TextLine id="eSc_line_5f3d622b" custom="structure {type:default;}">
        <Coords points="786,1786 786,1806 2695,1808 2697,1786 2697,1757 786,1757 786,1786"/>
        <Baseline points="786,1786 2697,1786"/>
        <TextEquiv conf="0.996791789929072">
          <Unicode>sororibus Alnestovensibus super hac re silentium imponat. (E cod. Mus. Britan.</Unicode>
        </TextEquiv>
      </TextLine>
      <TextLine id="eSc_line_400b68c3" custom="structure {type:default;}">
        <Coords points="786,1843 786,1863 2695,1866 2699,1837 2695,1810 2101,1799 2098,1799 2096,1799 2061,1810 2056,1813 784,1813 786,1843"/>
        <Baseline points="786,1843 2699,1837"/>
        <TextEquiv conf="0.9935241685463831">
          <Unicode>Harleian. 43. G. 24 anglice vertit) Wigram Chronicles of Elstow p. 47. — „From</Unicode>
        </TextEquiv>
      </TextLine>
      <TextLine id="eSc_line_ef998e3b" custom="structure {type:default;}">
        <Coords points="782,1896 782,1916 2147,1916 2147,1896 2147,1868 782,1868 782,1896"/>
        <Baseline points="782,1896 2147,1896"/>
        <TextEquiv conf="0.9993575349930794">
          <Unicode>lettres of our beloved brothers“ („Ex. litteris dilectorum“?).</Unicode>
        </TextEquiv>
      </TextLine>
      <TextLine id="eSc_line_f2770a7c" custom="structure {type:default;}">
        <Coords points="174,1958 174,1974 262,1985 265,1985 267,1985 269,1985 269,1983 280,1974 285,1969 322,1969 326,1974 335,1980 335,1983 338,1983 340,1983 342,1983 388,1972 388,1954 384,1919 172,1908 174,1958"/>
        <Baseline points="174,1958 388,1954"/>
        <TextEquiv conf="0.9999846390315464">
          <Unicode>lun. 9.</Unicode>
        </TextEquiv>
      </TextLine>
      <TextLine id="eSc_line_f781c8d4" custom="structure {type:default;}">
        <Coords points="510,1972 510,1991 607,1974 609,1967 605,1938 508,1930 510,1972"/>
        <Baseline points="510,1972 609,1967"/>
        <TextEquiv conf="1.0">
          <Unicode>„</Unicode>
        </TextEquiv>
      </TextLine>
      <TextLine id="eSc_line_58ef90fa" custom="structure {type:default;}">
        <Coords points="737,1956 737,1978 2699,1969 2702,1947 2697,1919 2238,1908 2235,1908 2233,1908 2207,1919 2204,1919 2169,1919 1811,1910 1809,1910 1729,1919 1714,1923 735,1923 737,1956"/>
        <Baseline points="737,1956 2702,1947"/>
        <TextEquiv conf="0.9981519877910614">
          <Unicode>12866a (lohannis) episcopi Carnotensis possessiones, in his abbatiam S. Andreae con-</Unicode>
        </TextEquiv>
      </TextLine>
      <TextLine id="eSc_line_0532abce" custom="structure {type:default;}">
        <Coords points="784,2009 784,2029 2699,2027 2702,2005 2697,1972 797,1967 795,1967 793,1967 790,1967 782,1974 784,2009"/>
        <Baseline points="784,2009 2702,2005"/>
        <TextEquiv conf="0.9999447606858753">
          <Unicode>firmat. In bibl. publ. Carnot. 2e partie des mss. n. 34. fol. 2276. Misit A. Clerval</Unicode>
        </TextEquiv>
      </TextLine>
      <TextLine id="eSc_line_ec4dc73f" custom="structure {type:default;}">
        <Coords points="779,2064 779,2080 1031,2091 1034,2091 1137,2080 1175,2091 1177,2091 1179,2091 1235,2078 1239,2078 1241,2078 1263,2089 1265,2089 1268,2091 1347,2091 1347,2089 1349,2089 1352,2089 1352,2086 1360,2080 1376,2089 1378,2089 1380,2089 1383,2091 1539,2091 1539,2089 1542,2089 1586,2075 1586,2060 1581,2033 1197,2022 1195,2022 1193,2022 1168,2033 797,2025 795,2025 793,2025 790,2025 777,2031 779,2064"/>
        <Baseline points="779,2064 1586,2060"/>
        <TextEquiv conf="0.9999946110388812">
          <Unicode>Carnotensis. — „Et ordo rationis“.</Unicode>
        </TextEquiv>
      </TextLine>
      <TextLine id="eSc_line_0eb5119e" custom="structure {type:default;}">
        <Coords points="174,2120 174,2164 258,2173 260,2173 262,2173 265,2173 282,2157 285,2155 289,2157 296,2164 298,2164 300,2164 302,2164 386,2148 388,2115 382,2044 172,2047 174,2120"/>
        <Baseline points="174,2120 388,2115"/>
        <TextEquiv conf="0.9792140275239944">
          <Unicode>lat. 26.</Unicode>
        </TextEquiv>
      </TextLine>
      <TextLine id="eSc_line_de6e6125" custom="structure {type:default;}">
        <Coords points="707,2117 707,2142 2699,2137 2702,2113 2697,2084 704,2078 707,2117"/>
        <Baseline points="707,2117 2702,2113"/>
        <TextEquiv conf="0.99973830113928">
          <Unicode>112890a Veronae altare maius S. Mariae antiquae consecrat, eisque qui in die assum-</Unicode>
        </TextEquiv>
      </TextLine>
      <TextLine id="eSc_line_34cf7cfc" custom="structure {type:default;}">
        <Coords points="784,2175 784,2201 2699,2199 2699,2175 2699,2146 784,2146 784,2175"/>
        <Baseline points="784,2175 2699,2175"/>
        <TextEquiv conf="0.9949126735676167">
          <Unicode>ptionis b. Mariae et per octavam ecclesiam visitaverint et de facultatibus adiuverint,</Unicode>
        </TextEquiv>
      </TextLine>
      <TextLine id="eSc_line_da3f39ef" custom="structure {type:default;}">
        <Coords points="784,2228 784,2252 2702,2245 2704,2221 2697,2195 782,2199 784,2228"/>
        <Baseline points="784,2228 2704,2221"/>
        <TextEquiv conf="0.9978575778294758">
          <Unicode>de iniuncta poenitentia centum annorum remissionem indulget. Inscriptio, sine dubio</Unicode>
        </TextEquiv>
      </TextLine>
      <TextLine id="eSc_line_984731fe" custom="structure {type:default;}">
        <Coords points="779,2287 779,2309 1853,2309 1855,2283 1851,2254 1685,2241 1683,2241 1588,2252 1553,2241 1551,2241 1548,2241 1467,2252 1451,2241 1449,2241 1447,2241 1444,2241 1442,2241 1414,2252 1372,2241 1369,2241 1367,2241 1365,2241 1363,2241 1363,2243 1352,2252 1025,2243 1022,2243 1020,2243 1018,2243 1018,2245 1007,2256 894,2256 802,2243 799,2243 797,2243 795,2243 777,2252 779,2287"/>
        <Baseline points="779,2287 1855,2283"/>
        <TextEquiv conf="0.9976524038517729">
          <Unicode>falsa, ap. Schöpflin Hist. Zaringo-Bad. V. 118.</Unicode>
        </TextEquiv>
      </TextLine>
      <TextLine id="eSc_line_afcaa154" custom="structure {type:default;}">
        <Coords points="700,2391 700,2422 866,2415 866,2391 866,2349 762,2345 740,2325 733,2318 731,2318 729,2318 700,2318 700,2391"/>
        <Baseline points="700,2391 866,2391"/>
        <TextEquiv conf="0.9999998807907104">
          <Unicode>1178.</Unicode>
        </TextEquiv>
      </TextLine>
      <TextLine id="eSc_line_42b582c4" custom="structure {type:default;}">
        <Coords points="176,2479 176,2499 338,2502 346,2508 368,2521 371,2521 373,2521 375,2524 444,2524 444,2521 446,2521 448,2521 459,2513 466,2508 497,2515 539,2521 541,2521 570,2517 625,2508 682,2521 687,2479 682,2435 634,2446 176,2438 176,2479"/>
        <Baseline points="176,2479 687,2479"/>
        <TextEquiv conf="0.9996823480254725">
          <Unicode>lan. 11. (Anagniae)</Unicode>
        </TextEquiv>
      </TextLine>
      <TextLine id="eSc_line_8e1d0a3b" custom="structure {type:default;}">
        <Coords points="733,2479 733,2499 2704,2493 2706,2471 2702,2442 2428,2442 2412,2429 2410,2429 2408,2429 2406,2429 2198,2444 1942,2444 1924,2431 1922,2431 1919,2431 1917,2431 1915,2431 1877,2442 1643,2433 1641,2433 1639,2433 1637,2433 1621,2444 1559,2433 1557,2433 1394,2444 1349,2433 1347,2433 1345,2433 1157,2444 755,2435 753,2435 751,2435 748,2435 731,2444 733,2479"/>
        <Baseline points="733,2479 2706,2471"/>
        <TextEquiv conf="0.992078337949865">
          <Unicode>13009a Adinulfo, Landulfo et Stulto, filiis Gregorii pagani, castrum Falbaterie usque</Unicode>
        </TextEquiv>
      </TextLine>
      <TextLine id="eSc_line_b7e6c5fe" custom="structure {type:default;}">
        <Coords points="786,2530 786,2550 2706,2550 2706,2530 2706,2504 786,2504 786,2530"/>
        <Baseline points="786,2530 2706,2530"/>
        <TextEquiv conf="0.999783034324646">
          <Unicode>ad 29 annos in feudum concedit. Studi e docum. di storia e diritto VII. 45.</Unicode>
        </TextEquiv>
      </TextLine>
      <TextLine id="eSc_line_dc3cac32" custom="structure {type:default;}">
        <Coords points="786,2585 786,2610 2706,2610 2706,2585 2704,2552 786,2555 786,2585"/>
        <Baseline points="786,2585 2706,2585"/>
        <TextEquiv conf="0.9943289174920037">
          <Unicode>(Scripsit cartam Ildicius, quem iudicem Anagninum fuisse didicimus ex num. 12736 a.)</Unicode>
        </TextEquiv>
      </TextLine>
      <TextLine id="eSc_line_a7fe7750" custom="structure {type:default;}">
        <Coords points="181,2645 181,2691 243,2691 243,2689 245,2689 254,2687 291,2669 311,2683 318,2689 320,2689 322,2689 324,2691 375,2691 375,2689 377,2689 380,2689 380,2687 388,2678 402,2667 490,2674 629,2683 631,2683 634,2683 669,2663 669,2643 667,2614 640,2601 638,2601 636,2601 634,2601 631,2601 616,2612 614,2612 492,2610 492,2608 477,2597 475,2597 472,2597 470,2597 468,2597 430,2605 408,2612 399,2605 391,2599 391,2597 388,2597 386,2597 302,2597 300,2597 298,2597 287,2601 260,2612 178,2599 181,2645"/>
        <Baseline points="181,2645 669,2643"/>
        <TextEquiv conf="0.9927731436841628">
          <Unicode>lun. 13. Laterani</Unicode>
        </TextEquiv>
      </TextLine>
      <TextLine id="eSc_line_29c79c17" custom="structure {type:default;}">
        <Coords points="737,2641 737,2665 2704,2665 2706,2641 2704,2612 737,2612 737,2641"/>
        <Baseline points="737,2641 2706,2641"/>
        <TextEquiv conf="0.999991924280212">
          <Unicode>13073 a Monasterii Heiningensis protectionem suscipit, possessionesque et privilegia</Unicode>
        </TextEquiv>
      </TextLine>
      <TextLine id="eSc_line_b5e22218" custom="structure {type:default;}">
        <Coords points="788,2698 788,2718 2704,2714 2706,2694 2699,2665 786,2667 788,2698"/>
        <Baseline points="788,2698 2706,2694"/>
        <TextEquiv conf="0.9993182843244528">
          <Unicode>confirmat, petente Heinrico praeposito. Autograph. in bibl. Beverin. Hildeshem.</Unicode>
        </TextEquiv>
      </TextLine>
      <TextLine id="eSc_line_abce7c2d" custom="structure {type:default;}">
        <Coords points="790,2753 790,2775 2704,2771 2706,2749 2702,2718 804,2711 802,2711 799,2711 797,2711 788,2718 790,2753"/>
        <Baseline points="790,2753 2706,2749"/>
        <TextEquiv conf="0.9973449041317035">
          <Unicode>Sammlung Kraatz, Abth. Heiningen. Dedit Doebner. (Cf. etiam Lüntzel Gesch. d.</Unicode>
        </TextEquiv>
      </TextLine>
      <TextLine id="eSc_line_b4d082e8" custom="structure {type:default;}">
        <Coords points="788,2806 788,2826 1544,2822 1546,2802 1542,2773 1164,2762 1162,2762 1159,2762 1129,2773 802,2764 799,2764 797,2764 795,2764 786,2769 788,2806"/>
        <Baseline points="788,2806 1546,2802"/>
        <TextEquiv conf="0.9959557389511782">
          <Unicode>Diöc. u. Stadt Hiidesh., II. 224.)</Unicode>
        </TextEquiv>
      </TextLine>
      <TextLine id="eSc_line_084ac5d9" custom="structure {type:default;}">
        <Coords points="218,2868 220,2892 278,2877 320,2884 375,2890 377,2890 380,2890 382,2890 397,2877 397,2862 393,2828 331,2820 329,2820 216,2833 218,2868"/>
        <Baseline points="218,2868 397,2862"/>
        <TextEquiv conf="0.9999888896942138">
          <Unicode>„ 30.</Unicode>
        </TextEquiv>
      </TextLine>
      <TextLine id="eSc_line_9ba28551" custom="structure {type:default;}">
        <Coords points="514,2875 514,2919 567,2930 570,2930 572,2930 574,2930 574,2928 600,2899 605,2895 625,2895 627,2870 623,2833 510,2826 514,2875"/>
        <Baseline points="514,2875 627,2870"/>
        <TextEquiv conf="0.9999990463256836">
          <Unicode>„</Unicode>
        </TextEquiv>
      </TextLine>
      <TextLine id="eSc_line_8dea63b1" custom="structure {type:default;}">
        <Coords points="740,2859 740,2886 2704,2886 2704,2859 2704,2831 740,2828 740,2859"/>
        <Baseline points="740,2859 2704,2859"/>
        <TextEquiv conf="0.9992221158541991">
          <Unicode>13079 a Monasterii Ramesiensis tutelam suscipit, possessionesque et privilegia confirmat,</Unicode>
        </TextEquiv>
      </TextLine>
      <TextLine id="eSc_line_3a1933fc" custom="structure {type:default;}">
        <Coords points="793,2919 793,2950 2704,2934 2706,2912 2699,2881 790,2888 793,2919"/>
        <Baseline points="793,2919 2706,2912"/>
        <TextEquiv conf="0.9935660279249843">
          <Unicode>petente Roberto priore. Hart and Lyons Cartul. de Rames. II. 134. — „Apostolici</Unicode>
        </TextEquiv>
      </TextLine>
      <TextLine id="eSc_line_31437f21" custom="structure {type:default;}">
        <Coords points="790,2972 790,2990 1319,2998 1321,2998 1323,2998 1374,2985 1374,2968 1367,2937 788,2941 790,2972"/>
        <Baseline points="790,2972 1374,2968"/>
        <TextEquiv conf="0.9999992847442627">
          <Unicode>moderaminis clementiae“.</Unicode>
        </TextEquiv>
      </TextLine>
      <TextLine id="eSc_line_749aea68" custom="structure {type:default;}">
        <Coords points="176,3029 176,3062 302,3049 326,3065 338,3074 340,3074 342,3074 344,3074 419,3065 419,3029 419,2994 377,2976 375,2976 373,2976 371,2976 326,2990 311,2994 176,2983 176,3029"/>
        <Baseline points="176,3029 419,3029"/>
        <TextEquiv conf="0.9630065187811852">
          <Unicode>Iul. 18.</Unicode>
        </TextEquiv>
      </TextLine>
      <TextLine id="eSc_line_09a91cf3" custom="structure {type:default;}">
        <Coords points="483,3034 481,3045 530,3071 532,3071 534,3071 536,3071 618,3045 620,3036 620,2996 572,2970 570,2970 567,2970 565,2970 563,2970 483,2996 483,3034"/>
        <Baseline points="483,3034 620,3036"/>
        <TextEquiv conf="1.0">
          <Unicode>„</Unicode>
        </TextEquiv>
      </TextLine>
      <TextLine id="eSc_line_4208424a" custom="structure {type:default;}">
        <Coords points="740,3029 740,3051 2706,3043 2708,3021 2702,2987 737,2992 740,3029"/>
        <Baseline points="740,3029 2708,3021"/>
        <TextEquiv conf="0.9954259388503575">
          <Unicode>13085 a Bona praepositurarum, quae Guillelmus episcopus Carnotensis ad usum capituli</Unicode>
        </TextEquiv>
      </TextLine>
      <TextLine id="eSc_line_921ac874" custom="structure {type:default;}">
        <Coords points="793,3080 793,3102 2704,3098 2706,3076 2699,3049 790,3051 793,3080"/>
        <Baseline points="793,3080 2706,3076"/>
        <TextEquiv conf="0.9967037793956225">
          <Unicode>communem deputavit, confirmat. In bibl. publ. Carnot. 2e partie des mss. n. 34.</Unicode>
        </TextEquiv>
      </TextLine>
      <TextLine id="eSc_line_f5128560" custom="structure {type:default;}">
        <Coords points="793,3135 793,3160 2704,3155 2706,3129 2702,3098 808,3096 806,3096 804,3096 802,3096 790,3102 793,3135"/>
        <Baseline points="793,3135 2706,3129"/>
        <TextEquiv conf="0.9938456636099589">
          <Unicode>fol. 62“, intitulato: Registr. privilegiorum papalium eccl. Carnot. Misit A. Clerval</Unicode>
        </TextEquiv>
      </TextLine>
      <TextLine id="eSc_line_8160f286" custom="structure {type:default;}">
        <Coords points="788,3184 786,3206 817,3219 819,3219 1084,3221 1087,3221 1089,3221 1091,3221 1106,3210 1164,3221 1166,3221 1261,3210 1323,3221 1325,3221 1970,3213 1972,3193 1970,3164 788,3155 788,3184"/>
        <Baseline points="788,3184 1972,3193"/>
        <TextEquiv conf="0.99923281402004">
          <Unicode>Carnotensis. — „Ad nostram noveritis audientiam“.</Unicode>
        </TextEquiv>
      </TextLine>
      <TextLine id="eSc_line_031b85cc" custom="structure {type:default;}">
        <Coords points="709,3310 709,3325 821,3336 824,3336 826,3336 828,3336 841,3325 936,3334 938,3334 1058,3319 1058,3303 1053,3259 733,3250 731,3250 729,3250 707,3261 709,3310"/>
        <Baseline points="709,3310 1058,3303"/>
        <TextEquiv conf="0.9991911252339681">
          <Unicode>1159 — 1179.</Unicode>
        </TextEquiv>
      </TextLine>
      <TextLine id="eSc_line_6be90e23" custom="structure {type:default;}">
        <Coords points="185,3407 185,3456 296,3462 357,3524 357,3526 360,3526 362,3526 364,3528 472,3528 472,3526 475,3526 477,3526 541,3471 574,3478 576,3478 578,3478 581,3478 616,3449 618,3449 676,3449 676,3407 676,3369 592,3350 472,3350 470,3350 468,3350 466,3350 448,3363 437,3369 185,3358 185,3407"/>
        <Baseline points="185,3407 676,3407"/>
        <TextEquiv conf="0.9656019338539669">
          <Unicode>Ser sp. deece-</Unicode>
        </TextEquiv>
      </TextLine>
      <TextLine id="eSc_line_8f673b49" custom="structure {type:default;}">
        <Coords points="740,3409 740,3431 2706,3425 2706,3403 2702,3374 2618,3358 2615,3358 2509,3372 2503,3372 2465,3372 2054,3363 2052,3363 1995,3369 1957,3376 1657,3376 1646,3367 1639,3363 1637,3363 1634,3363 1632,3363 1588,3367 1539,3374 1497,3367 1453,3361 1451,3361 1449,3361 1425,3367 1389,3376 1374,3367 1369,3363 1367,3363 1365,3363 943,3363 941,3363 938,3363 932,3365 897,3376 881,3365 879,3365 877,3365 737,3365 740,3409"/>
        <Baseline points="740,3409 2706,3403"/>
        <TextEquiv conf="0.9917438338784611">
          <Unicode>13141 a Episcopo Morinensi scribit, ut immunitatem ecclesiarum ad monasterium S. Ber-</Unicode>
        </TextEquiv>
      </TextLine>
      <TextLine id="eSc_line_660cb494" custom="structure {type:default;}">
        <Coords points="795,3458 793,3478 965,3491 967,3491 1749,3482 1778,3493 1780,3493 1782,3493 2704,3482 2706,3462 2704,3433 795,3427 795,3458"/>
        <Baseline points="795,3458 2706,3462"/>
        <TextEquiv conf="0.9961825271686876">
          <Unicode>tini Sithiense pertinentium, quae in eius dioecesi sitae sint, observet. Fragm. ap.</Unicode>
        </TextEquiv>
      </TextLine>
      <TextLine id="eSc_line_48cbe58d" custom="structure {type:default;}">
        <Coords points="795,3515 795,3546 2653,3542 2655,3511 2651,3484 793,3484 795,3515"/>
        <Baseline points="795,3515 2655,3511"/>
        <TextEquiv conf="0.9987539672232294">
          <Unicode>Haigneré Les chartes de St.-Bertin I. 135. n. 304. — „Iniunctum nobis a Dco“.</Unicode>
        </TextEquiv>
      </TextLine>
    </TextRegion>
    <TextRegion id="eSc_textblock_35aaebba"  custom="structure {type:default;}">
      <Coords points="1254,159 1780,167 1789,236 1763,262 1067,262 1040,236 1067,167 1254,159"/>
      <TextLine id="eSc_line_c835525c" custom="structure {type:default;}">
        <Coords points="1060,174 1062,227 1062,258 1760,267 1763,223 1758,176 1067,172 1060,174"/>
        <Baseline points="1062,227 1763,223"/>
        <TextEquiv conf="0.9959811021884283">
          <Unicode>Supplemenlum regestorum.</Unicode>
        </TextEquiv>
      </TextLine>
    </TextRegion>
    <TextRegion id="eSc_textblock_8d11ad94"  custom="structure {type:default;}">
      <Coords points="2589,159 2741,176 2741,236 2671,271 2558,262 2540,176 2589,159"/>
      <TextLine id="eSc_line_8dda08f1" custom="structure {type:default;}">
        <Coords points="2626,163 2624,163 2622,163 2560,185 2565,229 2565,265 2691,253 2693,225 2691,183 2629,163 2626,163"/>
        <Baseline points="2565,229 2693,225"/>
        <TextEquiv conf="0.9999861319859823">
          <Unicode>765</Unicode>
        </TextEquiv>
      </TextLine>
    </TextRegion>
  </Page>
</PcGts>
