<?xml version="1.0" encoding="UTF-8"  standalone="yes"?>
<PcGts xmlns="http://schema.primaresearch.org/PAGE/gts/pagecontent/2019-07-15" xmlns:xsi="http://www.w3.org/2001/XMLSchema-instance" xsi:schemaLocation="http://schema.primaresearch.org/PAGE/gts/pagecontent/2019-07-15 http://schema.primaresearch.org/PAGE/gts/pagecontent/2019-07-15/pagecontent.xsd">
  <Metadata externalRef="pdf//regestapontificu02cath.pdf">
	<Creator>escriptorium</Creator>
	<Created>2026-01-31T10:50:12.630341+00:00</Created>
        <LastChange>2026-02-12T10:55:42.485319+00:00</LastChange>
  </Metadata>
  <Page imageFilename="regestapontificu02cath.pdf_page_746.png" imageWidth="3007" imageHeight="3975">
    <TextRegion id="eSc_textblock_69cc4420"  custom="structure {type:default;}">
      <Coords points="349,132 439,141 457,209 309,227 309,141 349,132"/>
      <TextLine id="eSc_line_ba536292" custom="structure {type:default;}">
        <Coords points="404,136 382,134 360,132 338,132 315,139 320,200 320,231 430,240 433,194 424,136 404,136"/>
        <Baseline points="320,200 433,194"/>
        <TextEquiv conf="1.0">
          <Unicode>734</Unicode>
        </TextEquiv>
      </TextLine>
    </TextRegion>
    <TextRegion id="eSc_textblock_98ddf3e5"  custom="structure {type:default;}">
      <Coords points="1259,353 1562,397 2847,388 2874,2100 2865,3107 2830,3160 1022,3168 874,3142 848,3062 866,848 839,547 883,388 1259,353"/>
      <TextLine id="eSc_line_4b13d9e4" custom="structure {type:default;}">
        <Coords points="1420,477 1420,510 2273,514 2277,472 2273,428 2176,412 2174,412 2063,426 2026,408 2023,408 2021,408 1926,426 1851,412 1542,410 1539,410 1537,410 1480,428 1478,428 1455,410 1453,410 1451,410 1449,410 1447,410 1418,424 1420,477"/>
        <Baseline points="1420,477 2277,472"/>
        <TextEquiv conf="0.9942131383078439">
          <Unicode>S. SIRICIUS. 384 398.</Unicode>
        </TextEquiv>
      </TextLine>
      <TextLine id="eSc_line_d2f45697" custom="structure {type:default;}">
        <Coords points="855,481 857,536 857,556 1115,565 1117,565 1120,565 1157,552 1157,532 1153,488 1031,481 1029,481 1027,481 1022,481 980,492 855,477 855,481"/>
        <Baseline points="857,536 1157,532"/>
        <TextEquiv conf="0.9856812179088592">
          <Unicode>384 — 398.</Unicode>
        </TextEquiv>
      </TextLine>
      <TextLine id="eSc_line_32b1db01" custom="structure {type:default;}">
        <Coords points="861,609 861,631 2843,636 2845,609 2845,563 861,563 861,609"/>
        <Baseline points="861,609 2845,609"/>
        <TextEquiv conf="0.9981670394001236">
          <Unicode>f270 a lubet, ut contentiones de rcbus ecclesiae ortae ad metropolitanum deducantur</Unicode>
        </TextEquiv>
      </TextLine>
      <TextLine id="eSc_line_2b67ca49" custom="structure {type:default;}">
        <Coords points="861,722 861,746 2845,742 2847,715 2843,686 2185,675 2182,675 2094,686 1606,677 1604,677 1478,689 877,680 874,680 872,680 870,680 859,686 861,722"/>
        <Baseline points="861,722 2847,715"/>
        <TextEquiv conf="0.9950782116721658">
          <Unicode>f 270ß Decernit, ut nulli sacerdoti vel diacono aut subdiacono liceat saeculares pro-</Unicode>
        </TextEquiv>
      </TextLine>
      <TextLine id="eSc_line_8e4ed5c2" custom="structure {type:default;}">
        <Coords points="934,664 934,682 2841,693 2843,664 2841,627 2478,633 2439,627 2399,622 2397,622 2361,629 2333,633 2306,629 2275,622 2273,622 2271,622 2269,622 2262,629 2253,636 2116,636 2101,629 2074,622 2072,622 2070,622 1997,631 1961,633 1953,631 1935,622 1933,622 1931,622 1928,622 1904,631 1895,633 1882,631 1842,622 1840,622 1838,622 1820,631 1816,633 1796,631 1734,622 1732,622 1650,631 1630,633 1584,633 1341,622 1338,622 1336,622 1334,622 1319,633 1316,636 1212,636 1210,633 1073,622 1071,622 1069,622 1045,633 956,622 954,622 952,622 950,622 934,631 934,664"/>
        <Baseline points="934,664 2843,664"/>
        <TextEquiv conf="0.9930940822318748">
          <Unicode>Coll. Taurin. ap. Pflugk-Harttung Acta II. 6. n. 18. — „De rebus ecclesiae orta“.</Unicode>
        </TextEquiv>
      </TextLine>
      <TextLine id="eSc_line_18bb8dc9" custom="structure {type:default;}">
        <Coords points="934,777 934,799 2843,801 2847,772 2841,735 932,737 934,777"/>
        <Baseline points="934,777 2847,772"/>
        <TextEquiv conf="0.9915800137179238">
          <Unicode>curationes suscipere excepta episcopi iussione aut in pauperum favorem. Ut sacerdos,</Unicode>
        </TextEquiv>
      </TextLine>
      <TextLine id="eSc_line_704b5c39" custom="structure {type:default;}">
        <Coords points="2843,797 936,790 936,823 934,843 1056,856 1058,856 2847,850 2850,828 2847,808 2843,797"/>
        <Baseline points="936,823 2850,828"/>
        <TextEquiv conf="0.9998794152766843">
          <Unicode>cui ex qualibet muliere suspicio nascatur, nullam cum ea habeat conversationem.</Unicode>
        </TextEquiv>
      </TextLine>
      <TextLine id="eSc_line_6207550d" custom="structure {type:default;}">
        <Coords points="936,883 936,905 1053,918 1056,918 1129,907 1135,907 1140,907 1177,918 1179,918 1182,920 1400,920 1400,918 1402,918 1431,909 1438,907 1447,909 1473,918 1475,918 1478,920 1833,920 1833,918 1836,918 1838,918 1844,912 1853,907 1926,914 1999,918 2001,920 2001,918 2063,914 2149,907 2174,914 2185,918 2187,918 2189,918 2253,916 2397,907 2850,918 2852,883 2852,852 936,852 936,883"/>
        <Baseline points="936,883 2852,883"/>
        <TextEquiv conf="0.9959491555179868">
          <Unicode>Ut nulla ecclesia, ubi baptismus agatur, sine diacono reperiatur. Ut nullus clericus</Unicode>
        </TextEquiv>
      </TextLine>
      <TextLine id="eSc_line_b8127341" custom="structure {type:default;}">
        <Coords points="936,940 936,971 2847,965 2847,940 2847,905 936,905 936,940"/>
        <Baseline points="936,940 2847,940"/>
        <TextEquiv conf="0.9999485186168126">
          <Unicode>potestatem habeat, praedia ecclesiae alienandi vel pignorandi. (Fragmenta „ex</Unicode>
        </TextEquiv>
      </TextLine>
      <TextLine id="eSc_line_c8ca388e" custom="structure {type:default;}">
        <Coords points="934,995 934,1018 2845,1018 2847,989 2843,951 998,951 996,951 932,962 934,995"/>
        <Baseline points="934,995 2847,989"/>
        <TextEquiv conf="0.9988205789065943">
          <Unicode>canonica epistola“.) Coll. Taurin. ap. Pflugk-Harttung Acta II. 6. n. 20. — „Nulli</Unicode>
        </TextEquiv>
      </TextLine>
      <TextLine id="eSc_line_308a993e" custom="structure {type:default;}">
        <Coords points="934,1046 934,1079 1676,1075 1696,1084 1701,1086 1703,1086 1705,1088 1831,1088 1831,1086 1833,1086 1838,1084 1866,1075 2151,1086 2227,1088 2229,1088 2231,1088 2238,1086 2264,1077 2308,1086 2319,1088 2322,1088 2324,1088 2330,1086 2370,1077 2386,1088 2388,1088 2390,1088 2392,1090 2615,1090 2615,1088 2620,1088 2673,1077 2845,1088 2850,1051 2847,1020 934,1015 934,1046"/>
        <Baseline points="934,1046 2850,1051"/>
        <TextEquiv conf="0.992115789149181">
          <Unicode>sacerdoti vel diacono“, „Si cui sacerdoti“, „Nulla ecclesia ubi baptismum“, „Nullus</Unicode>
        </TextEquiv>
      </TextLine>
      <TextLine id="eSc_line_1248cee9" custom="structure {type:default;}">
        <Coords points="934,1104 934,1132 1597,1132 1597,1104 1597,1071 934,1071 934,1104"/>
        <Baseline points="934,1104 1597,1104"/>
        <TextEquiv conf="0.9999690364908289">
          <Unicode>presbyterorum, diaconorum“.</Unicode>
        </TextEquiv>
      </TextLine>
      <TextLine id="eSc_line_0f8102c2" custom="structure {type:default;}">
        <Coords points="859,1194 859,1216 938,1216 943,1216 978,1232 980,1232 983,1232 1071,1219 1071,1194 1071,1152 938,1135 936,1135 859,1150 859,1194"/>
        <Baseline points="859,1194 1071,1194"/>
        <TextEquiv conf="0.9999981778008598">
          <Unicode>c. 338.</Unicode>
        </TextEquiv>
      </TextLine>
      <TextLine id="eSc_line_49a02635" custom="structure {type:default;}">
        <Coords points="879,1272 879,1289 1177,1305 1179,1305 1252,1291 1257,1291 1261,1291 1312,1305 1314,1305 1316,1305 1372,1294 1449,1302 1451,1302 1453,1302 1475,1291 1484,1289 1511,1291 1584,1302 1586,1302 1732,1300 1734,1300 1736,1300 1745,1294 1752,1289 1767,1294 1800,1302 1802,1302 1805,1302 1922,1300 1924,1300 1946,1294 1970,1287 2116,1294 2235,1300 2238,1300 2319,1296 2470,1285 2501,1296 2507,1298 2509,1298 2512,1298 2531,1296 2602,1285 2662,1296 2675,1298 2677,1298 2854,1296 2854,1263 2852,1230 2794,1212 2792,1212 2790,1212 2439,1227 2357,1230 2328,1227 2238,1214 2235,1214 2163,1225 2132,1230 2094,1225 2037,1219 2034,1219 1957,1225 1895,1230 1886,1225 1877,1219 1875,1219 1873,1219 1871,1219 1842,1225 1818,1230 1796,1223 1776,1219 1774,1219 1771,1219 1769,1219 1756,1223 1736,1232 1714,1223 1694,1216 1692,1216 1690,1216 1632,1223 1562,1232 1478,1223 1455,1221 1453,1221 1440,1223 1383,1232 1354,1223 1343,1219 1341,1219 1338,1219 1336,1219 1334,1219 1330,1221 1312,1234 1208,1221 1179,1219 1177,1219 1157,1221 1100,1230 1078,1221 1071,1219 1069,1219 1067,1219 877,1219 879,1272"/>
        <Baseline points="879,1272 2854,1263"/>
        <TextEquiv conf="0.999234826082275">
          <Unicode>271a *Africanis episcopis respondet, homines, ctiam infantili aetate apud Donatistas</Unicode>
        </TextEquiv>
      </TextLine>
      <TextLine id="eSc_line_cf803c4e" custom="structure {type:default;}">
        <Coords points="936,1322 936,1344 2845,1351 2847,1318 2841,1287 934,1287 936,1322"/>
        <Baseline points="936,1322 2847,1318"/>
        <TextEquiv conf="0.9932265647604496">
          <Unicode>baptizatos, in clerum promoveri minime posse. Vide Concilium Carthag. d. 16. m.</Unicode>
        </TextEquiv>
      </TextLine>
      <TextLine id="eSc_line_4eb11c11" custom="structure {type:default;}">
        <Coords points="938,1378 938,1400 2319,1400 2319,1378 2319,1347 2295,1336 2293,1336 2291,1336 2288,1336 2240,1347 1798,1336 1796,1336 1794,1336 1769,1347 1752,1336 1749,1336 1747,1336 1745,1336 1683,1347 1592,1336 1590,1336 1588,1336 1564,1347 1553,1336 1551,1336 1548,1336 1546,1336 1396,1347 1343,1336 1341,1336 1338,1336 1314,1349 1058,1349 1029,1336 1027,1336 1025,1336 1022,1336 1020,1336 1020,1338 1009,1349 938,1349 938,1378"/>
        <Baseline points="938,1378 2319,1378"/>
        <TextEquiv conf="0.9951732128353442">
          <Unicode>lunii a. 401 ap. Mansi III. 747; cf. Coustant p. 704. n. X.</Unicode>
        </TextEquiv>
      </TextLine>
      <TextLine id="eSc_line_123485e6" custom="structure {type:default;}">
        <Coords points="859,1470 859,1508 1003,1495 1003,1470 1000,1415 859,1419 859,1470"/>
        <Baseline points="859,1470 1003,1470"/>
        <TextEquiv conf="0.999997615814209">
          <Unicode>398.</Unicode>
        </TextEquiv>
      </TextLine>
      <TextLine id="eSc_line_21a10757" custom="structure {type:default;}">
        <Coords points="879,1545 879,1565 2845,1561 2845,1539 2843,1503 2808,1490 2805,1490 2803,1490 2735,1499 2662,1486 2660,1486 2657,1486 2626,1499 2540,1486 2538,1486 2406,1501 2297,1486 2295,1486 2167,1503 2154,1503 2118,1503 1836,1490 1833,1490 1760,1503 1754,1503 1749,1503 1703,1488 1701,1488 1699,1488 1542,1503 1500,1506 1360,1503 1049,1495 1047,1495 1003,1503 983,1506 972,1503 934,1490 932,1490 930,1490 877,1501 879,1545"/>
        <Baseline points="879,1545 2845,1539"/>
        <TextEquiv conf="0.9978817694070863">
          <Unicode>272a *Flaviano, episcopo Antiocheno, litteras pacis transmittit. Vide Bonifatii I.</Unicode>
        </TextEquiv>
      </TextLine>
      <TextLine id="eSc_line_1e03f2e0" custom="structure {type:default;}">
        <Coords points="936,1598 936,1620 1005,1634 1007,1634 1464,1623 1504,1634 1506,1634 1509,1636 1509,1634 1511,1634 1551,1623 2178,1629 2180,1629 2293,1618 2335,1629 2337,1629 2339,1629 2341,1629 2370,1618 2823,1629 2825,1629 2828,1629 2830,1629 2845,1618 2845,1592 2839,1559 934,1567 936,1598"/>
        <Baseline points="936,1598 2845,1592"/>
        <TextEquiv conf="0.9990680615107218">
          <Unicode>Reg. 365 ap. Coustant p. 1043; cf. Theodorcti Hist. eccl. L. V. c. 8. et Sozomeni</Unicode>
        </TextEquiv>
      </TextLine>
      <TextLine id="eSc_line_7fd98b2c" custom="structure {type:default;}">
        <Coords points="938,1656 938,1691 1051,1680 1075,1689 1087,1693 1089,1693 1091,1693 1511,1673 1511,1649 1506,1620 936,1620 938,1656"/>
        <Baseline points="938,1656 1511,1649"/>
        <TextEquiv conf="0.9985294364965879">
          <Unicode>Hist. eccl. L. VIII. c. 3.</Unicode>
        </TextEquiv>
      </TextLine>
      <TextLine id="eSc_line_bc53257e" custom="structure {type:default;}">
        <Coords points="859,2137 857,2166 1073,2164 1075,2142 1075,2089 943,2075 941,2075 859,2089 859,2137"/>
        <Baseline points="859,2137 1075,2142"/>
        <TextEquiv conf="0.999998961176191">
          <Unicode>c. 404.</Unicode>
        </TextEquiv>
      </TextLine>
      <TextLine id="eSc_line_25e0b262" custom="structure {type:default;}">
        <Coords points="1281,2082 1281,2113 1506,2120 1509,2120 1581,2111 1612,2106 1646,2108 1727,2117 1729,2117 1820,2106 1864,2102 1875,2106 1900,2115 1902,2115 1904,2115 2012,2104 2039,2102 2054,2104 2127,2115 2129,2115 2191,2113 2193,2113 2196,2113 2196,2111 2207,2102 2209,2100 2224,2102 2330,2113 2333,2113 2414,2097 2417,2073 2410,2016 2341,2016 2337,2014 2311,1996 2308,1996 2306,1996 2304,1996 2302,1996 2299,1996 2271,2014 2264,2018 2204,2018 2193,2011 2156,1996 2154,1996 2081,1996 2079,1996 2076,1996 2074,1996 2056,2011 2045,2018 1933,2018 1915,2009 1889,1998 1886,1998 1884,1998 1882,1998 1880,1998 1866,2009 1862,2009 1838,2009 1699,1998 1696,1998 1694,1998 1692,1998 1679,2007 1676,2009 1674,2007 1665,1998 1663,1998 1661,1998 1659,1998 1559,2005 1464,2011 1394,2002 1383,2002 1380,2002 1378,2002 1376,2002 1349,2020 1279,2002 1281,2082"/>
        <Baseline points="1281,2082 2417,2073"/>
        <TextEquiv conf="0.9726204783828171">
          <Unicode>S. INVXOCEXTIU8 I. 401*417.</Unicode>
        </TextEquiv>
      </TextLine>
      <TextLine id="eSc_line_6a2b22c9" custom="structure {type:default;}">
        <Coords points="881,2212 881,2248 1016,2234 1206,2245 1217,2245 1219,2245 1237,2245 1491,2232 1559,2243 1568,2243 1570,2245 1692,2245 1692,2243 1694,2243 1696,2243 1699,2241 1712,2232 1782,2241 1809,2243 1811,2243 1981,2241 1984,2241 1988,2239 2008,2230 2127,2237 2191,2241 2193,2243 2348,2243 2348,2241 2350,2241 2366,2234 2383,2228 2397,2234 2401,2239 2403,2239 2406,2239 2408,2239 2847,2230 2850,2203 2845,2168 2611,2155 2609,2155 2607,2155 2604,2155 2585,2168 2582,2170 2573,2168 2520,2159 2518,2159 2348,2170 2337,2170 2306,2157 2304,2157 2138,2157 2136,2157 2134,2157 2132,2157 2112,2170 2096,2159 2094,2159 2092,2159 2090,2159 2087,2159 2032,2173 2030,2173 2028,2173 1957,2161 1955,2161 1871,2175 1860,2177 1610,2177 1491,2177 1433,2159 1431,2159 1429,2159 1252,2177 1224,2164 1221,2164 1062,2161 1060,2161 1058,2161 1000,2177 921,2161 919,2161 916,2161 879,2177 881,2212"/>
        <Baseline points="881,2212 2850,2203"/>
        <TextEquiv conf="0.9967542660387256">
          <Unicode>252aEpiscopis Africanis exponit, ut „episcopi ad transmarina pergere facile non</Unicode>
        </TextEquiv>
      </TextLine>
      <TextLine id="eSc_line_c18f6a23" custom="structure {type:default;}">
        <Coords points="934,2267 934,2290 1058,2303 1060,2303 1115,2292 1131,2290 1310,2292 1769,2303 1771,2303 1842,2296 1931,2287 2039,2296 2085,2301 2087,2301 2118,2298 2204,2287 2392,2287 2417,2298 2421,2301 2423,2301 2425,2301 2467,2301 2724,2287 2746,2301 2748,2301 2750,2301 2752,2303 2841,2303 2843,2263 2839,2223 1902,2223 1900,2223 1897,2223 1873,2230 1855,2234 1619,2232 963,2226 961,2226 958,2226 932,2234 934,2267"/>
        <Baseline points="934,2267 2843,2263"/>
        <TextEquiv conf="0.9980336970243698">
          <Unicode>debeant“. Vide Concilium Carthag. d. 23. m. Augusti a. 405 ap. Mansi III. 799;</Unicode>
        </TextEquiv>
      </TextLine>
      <TextLine id="eSc_line_fb77c03d" custom="structure {type:default;}">
        <Coords points="934,2325 934,2362 1025,2351 1056,2362 1058,2362 1060,2365 1254,2365 1254,2362 1257,2362 1259,2362 1281,2349 1484,2349 1555,2362 1557,2325 1557,2296 934,2296 934,2325"/>
        <Baseline points="934,2325 1557,2325"/>
        <TextEquiv conf="0.9974296391010284">
          <Unicode>cf. Coustant p. 922. H. X.</Unicode>
        </TextEquiv>
      </TextLine>
      <TextLine id="eSc_line_ea2ca2e4" custom="structure {type:default;}">
        <Coords points="857,2415 857,2431 952,2444 954,2444 1067,2431 1067,2415 1067,2380 930,2362 927,2362 925,2362 923,2362 923,2365 905,2380 857,2380 857,2415"/>
        <Baseline points="857,2415 1067,2415"/>
        <TextEquiv conf="0.9999999829701015">
          <Unicode>c. 414.</Unicode>
        </TextEquiv>
      </TextLine>
      <TextLine id="eSc_line_177d9620" custom="structure {type:default;}">
        <Coords points="881,2488 881,2508 2850,2502 2850,2479 2843,2433 879,2451 881,2488"/>
        <Baseline points="881,2488 2850,2479"/>
        <TextEquiv conf="0.999978566315116">
          <Unicode>303 a *Sententiis ab episcopis Macedoniae in Bubalium et Taurianum episcopos latis</Unicode>
        </TextEquiv>
      </TextLine>
      <TextLine id="eSc_line_ca666e90" custom="structure {type:default;}">
        <Coords points="934,2541 934,2574 2841,2563 2843,2537 2836,2499 932,2510 934,2541"/>
        <Baseline points="934,2541 2843,2537"/>
        <TextEquiv conf="0.9989443966528264">
          <Unicode>consentit litteris per Maximinianum et Eumenem missis. Vide Innocentii I. Reg. 304</Unicode>
        </TextEquiv>
      </TextLine>
      <TextLine id="eSc_line_cc1d9be6" custom="structure {type:default;}">
        <Coords points="934,2603 934,2625 1743,2630 1745,2630 1747,2630 1749,2630 1749,2627 1760,2619 1763,2619 1955,2627 1957,2627 2019,2614 2019,2594 2014,2563 1769,2552 1767,2552 1696,2563 1042,2559 1040,2559 932,2570 934,2603"/>
        <Baseline points="934,2603 2019,2594"/>
        <TextEquiv conf="0.9934227660946224">
          <Unicode>ap. Coustant p. 842; cf. ibid. p. 927. n. XXV.</Unicode>
        </TextEquiv>
      </TextLine>
      <TextLine id="eSc_line_124be663" custom="structure {type:default;}">
        <Coords points="857,2689 857,2714 1126,2722 1129,2722 1131,2722 1159,2709 1159,2689 1159,2654 1129,2638 1126,2638 1124,2638 978,2654 943,2638 941,2638 938,2638 857,2654 857,2689"/>
        <Baseline points="857,2689 1159,2689"/>
        <TextEquiv conf="0.99302872021993">
          <Unicode>401— 417.</Unicode>
        </TextEquiv>
      </TextLine>
      <TextLine id="eSc_line_55ae01ab" custom="structure {type:default;}">
        <Coords points="857,2764 857,2786 2843,2789 2847,2758 2843,2718 927,2716 925,2716 855,2727 857,2764"/>
        <Baseline points="857,2764 2847,2758"/>
        <TextEquiv conf="0.9950950848204749">
          <Unicode>f320a Poenitentibus, si nulla intervenerit aegritudo, V. feria ante Pascham remitti,</Unicode>
        </TextEquiv>
      </TextLine>
      <TextLine id="eSc_line_295a9425" custom="structure {type:default;}">
        <Coords points="934,2815 934,2835 2845,2839 2847,2811 2841,2778 932,2784 934,2815"/>
        <Baseline points="934,2815 2847,2811"/>
        <TextEquiv conf="0.9993241939199976">
          <Unicode>consuetudinem Romanae ecclesiae esse, dicit; si vero quis in aegritudinem inciderit</Unicode>
        </TextEquiv>
      </TextLine>
      <TextLine id="eSc_line_0939bce8" custom="structure {type:default;}">
        <Coords points="936,2873 936,2892 1312,2903 1314,2903 2841,2886 2843,2862 2836,2835 934,2844 936,2873"/>
        <Baseline points="936,2873 2843,2862"/>
        <TextEquiv conf="0.9999713835778175">
          <Unicode>et usque ad desperationem devenerit, eidem ante Pascham esse relaxandum. Ordo</Unicode>
        </TextEquiv>
      </TextLine>
      <TextLine id="eSc_line_e3ee178a" custom="structure {type:default;}">
        <Coords points="934,2928 934,2956 2832,2941 2834,2919 2828,2890 932,2897 934,2928"/>
        <Baseline points="934,2928 2834,2919"/>
        <TextEquiv conf="0.9993451423943043">
          <Unicode>poenitentiae ap. Schmitz Die Bussbücher u. die Bussdisciplin der Kirche p. 77. —</Unicode>
        </TextEquiv>
      </TextLine>
      <TextLine id="eSc_line_7bd86ce6" custom="structure {type:default;}">
        <Coords points="936,2983 936,3007 1595,3001 1597,2979 1590,2950 934,2952 936,2983"/>
        <Baseline points="936,2983 1597,2979"/>
        <TextEquiv conf="0.995484212349201">
          <Unicode>„De poenitentibus, qui sive“.</Unicode>
        </TextEquiv>
      </TextLine>
      <TextLine id="eSc_line_34dc6577" custom="structure {type:default;}">
        <Coords points="859,3038 859,3062 2839,3058 2841,3029 2834,2998 857,2998 859,3038"/>
        <Baseline points="859,3038 2841,3029"/>
        <TextEquiv conf="0.998003441167165">
          <Unicode>f320ß Dicit: „cui manum porrigitis vobiscum porrigo, cui porrigo, mecum porrigite“.</Unicode>
        </TextEquiv>
      </TextLine>
      <TextLine id="eSc_line_60edc623" custom="structure {type:default;}">
        <Coords points="936,3091 936,3151 1027,3131 1073,3144 1075,3144 1078,3144 1208,3133 1230,3146 1232,3149 1235,3149 1237,3149 1239,3149 1299,3146 1444,3138 1491,3142 1542,3149 1544,3149 1654,3146 1657,3146 1674,3140 1707,3127 1732,3140 1745,3146 1747,3146 1749,3149 1811,3149 1811,3146 1813,3146 1836,3138 1858,3129 2028,3133 2085,3135 2087,3135 2105,3133 2156,3124 2322,3124 2339,3129 2377,3142 2379,3142 2381,3142 2478,3138 2481,3138 2483,3138 2496,3127 2501,3124 2503,3127 2538,3144 2540,3144 2543,3146 2710,3146 2710,3144 2713,3144 2763,3122 2763,3085 2759,3058 2266,3047 2264,3047 2156,3058 2149,3058 2125,3058 1727,3049 1725,3049 934,3060 936,3091"/>
        <Baseline points="936,3091 2763,3085"/>
        <TextEquiv conf="0.9814791679382324">
          <Unicode>Coll. Taurin. ap. Pflugk-Harttung Acta II. 7. n. 32. — „Cai manum porrigitis“.</Unicode>
        </TextEquiv>
      </TextLine>
    </TextRegion>
    <TextRegion id="eSc_textblock_7baece2e"  custom="structure {type:default;}">
      <Coords points="1612,123 1948,132 1957,209 1208,218 1226,132 1612,123"/>
      <TextLine id="eSc_line_7a5576b9" custom="structure {type:default;}">
        <Coords points="1230,203 1230,227 1376,240 1378,240 1380,240 1383,240 1398,227 1632,227 1694,238 1696,238 1931,220 1931,196 1926,152 1699,134 1696,134 1694,134 1659,147 1641,154 1573,154 1559,145 1551,139 1548,139 1546,139 1544,139 1506,145 1458,152 1416,143 1396,139 1394,139 1228,139 1230,203"/>
        <Baseline points="1230,203 1931,196"/>
        <TextEquiv conf="0.9910097320874532">
          <Unicode>Supplementum regestorum.</Unicode>
        </TextEquiv>
      </TextLine>
    </TextRegion>
    <TextRegion id="eSc_textblock_d4eee046"  custom="structure {type:default;}">
      <Coords points="828,318 837,412 821,554 786,406 828,318"/>
    </TextRegion>
    <TextRegion id="eSc_textblock_14fda268"  custom="structure {type:default;}">
      <Coords points="828,2137 828,2144 821,2144 821,2137 828,2137"/>
    </TextRegion>
    <TextRegion id="eSc_textblock_c9845873"  custom="structure {type:default;}">
      <Coords points="826,2685 828,2691 821,2691 821,2685 826,2685"/>
    </TextRegion>
  </Page>
</PcGts>
