<?xml version="1.0" encoding="UTF-8"  standalone="yes"?>
<PcGts xmlns="http://schema.primaresearch.org/PAGE/gts/pagecontent/2019-07-15" xmlns:xsi="http://www.w3.org/2001/XMLSchema-instance" xsi:schemaLocation="http://schema.primaresearch.org/PAGE/gts/pagecontent/2019-07-15 http://schema.primaresearch.org/PAGE/gts/pagecontent/2019-07-15/pagecontent.xsd">
  <Metadata externalRef="pdf//regestapontificu02cath.pdf">
	<Creator>escriptorium</Creator>
	<Created>2026-01-31T10:50:38.917182+00:00</Created>
        <LastChange>2026-02-05T00:06:40.315951+00:00</LastChange>
  </Metadata>
  <Page imageFilename="regestapontificu02cath.pdf_page_757.png" imageWidth="3007" imageHeight="3975">
    <TextRegion id="eSc_textblock_80fd17f1"  custom="structure {type:default;}">
      <Coords points="145,335 324,335 344,494 424,415 466,459 483,406 501,450 503,353 627,335 2680,344 2706,501 2653,565 2680,936 2662,2047 2706,2930 2671,2968 2671,3584 106,3584 70,565 97,432 176,377 114,359 145,335"/>
      <TextLine id="eSc_line_a0ecd9a8" custom="structure {type:default;}">
        <Coords points="1206,446 1206,463 2072,459 2074,441 2072,397 2023,384 2021,384 2019,384 1676,395 1650,382 1648,382 1646,382 1643,382 1608,397 1559,384 1557,384 1555,384 1444,393 1224,382 1221,382 1219,382 1217,382 1217,384 1204,393 1206,446"/>
        <Baseline points="1206,446 2074,441"/>
        <TextEquiv conf="0.9476033693010156">
          <Unicode>N100L4178 I. 858 —867.</Unicode>
        </TextEquiv>
      </TextLine>
      <TextLine id="eSc_line_a70f8b6e" custom="structure {type:default;}">
        <Coords points="631,501 631,541 782,536 782,501 782,452 631,430 631,501"/>
        <Baseline points="631,501 782,501"/>
        <TextEquiv conf="0.9999681115150452">
          <Unicode>865.</Unicode>
        </TextEquiv>
      </TextLine>
      <TextLine id="eSc_line_983b425b" custom="structure {type:default;}">
        <Coords points="108,576 108,618 163,633 165,633 167,633 273,629 273,571 267,516 185,534 163,530 132,523 130,523 128,523 106,534 108,576"/>
        <Baseline points="108,576 273,571"/>
        <TextEquiv conf="0.8865316957235336">
          <Unicode>(Dec.)</Unicode>
        </TextEquiv>
      </TextLine>
      <TextLine id="eSc_line_67859623" custom="structure {type:default;}">
        <Coords points="665,574 665,596 2631,596 2631,574 2631,541 665,532 665,574"/>
        <Baseline points="665,574 2631,574"/>
        <TextEquiv conf="0.9984291642904282">
          <Unicode>2798a *Rimberto, archiepiscopo Hamaburgensi, concedit, „ut quia propter novellam</Unicode>
        </TextEquiv>
      </TextLine>
      <TextLine id="eSc_line_8f3daf0c" custom="structure {type:default;}">
        <Coords points="715,629 715,651 2633,651 2633,629 2633,600 715,600 715,629"/>
        <Baseline points="715,629 2633,629"/>
        <TextEquiv conf="0.9997993916273117">
          <Unicode>eiusdem sedis institutionem et necdum conversos ad fidem populos suffraganei non</Unicode>
        </TextEquiv>
      </TextLine>
      <TextLine id="eSc_line_b914b773" custom="structure {type:default;}">
        <Coords points="718,686 718,708 2631,702 2633,677 2626,651 715,653 718,686"/>
        <Baseline points="718,686 2633,677"/>
        <TextEquiv conf="0.9945366354549632">
          <Unicode>habentur episcopi, a quibus decedente uno alter archiepiscopus consecretur, palatinae</Unicode>
        </TextEquiv>
      </TextLine>
      <TextLine id="eSc_line_abcc86f4" custom="structure {type:default;}">
        <Coords points="718,742 718,764 2629,766 2633,735 2626,708 715,711 718,742"/>
        <Baseline points="718,742 2633,735"/>
        <TextEquiv conf="0.9945311946112935">
          <Unicode>interim providentiae succedentium per tempora pontificum consecratio sit commissa,</Unicode>
        </TextEquiv>
      </TextLine>
      <TextLine id="eSc_line_7eec9c4a" custom="structure {type:default;}">
        <Coords points="718,792 718,817 2635,817 2635,792 2635,764 718,764 718,792"/>
        <Baseline points="718,792 2635,792"/>
        <TextEquiv conf="0.9961212594787796">
          <Unicode>donec numerus suffraganeorum episcoporum canonice eum consecrare debentium ex</Unicode>
        </TextEquiv>
      </TextLine>
      <TextLine id="eSc_line_677f261e" custom="structure {type:default;}">
        <Coords points="720,850 720,874 2633,867 2635,845 2629,817 718,819 720,850"/>
        <Baseline points="720,850 2635,845"/>
        <TextEquiv conf="0.9999036675767053">
          <Unicode>gentibus suppleatur“. (Mensi Dec. ascripsimus propter bullam 2798. De fide idem</Unicode>
        </TextEquiv>
      </TextLine>
      <TextLine id="eSc_line_5a5f9730" custom="structure {type:default;}">
        <Coords points="718,905 718,925 2635,925 2635,905 2635,876 718,874 718,905"/>
        <Baseline points="718,905 2635,905"/>
        <TextEquiv conf="0.9989892767893301">
          <Unicode>dicendum est ac de Gregorii IV. bulla 2574, quacum nostra concordaf.) Vita</Unicode>
        </TextEquiv>
      </TextLine>
      <TextLine id="eSc_line_6d6c7975" custom="structure {type:default;}">
        <Coords points="713,960 713,984 2224,978 2227,956 2222,927 731,918 729,918 726,918 724,918 711,925 713,960"/>
        <Baseline points="713,960 2227,956"/>
        <TextEquiv conf="0.9972315384075046">
          <Unicode>S. Rimberti c. 11 in MG. SS. II. 770, ed. sep. cur. Waitz p. 90.</Unicode>
        </TextEquiv>
      </TextLine>
      <TextLine id="eSc_line_e8eaed07" custom="structure {type:default;}">
        <Coords points="631,1051 631,1068 676,1086 678,1086 680,1086 784,1062 784,1044 777,993 627,998 631,1051"/>
        <Baseline points="631,1051 784,1044"/>
        <TextEquiv conf="0.9999794960021973">
          <Unicode>866.</Unicode>
        </TextEquiv>
      </TextLine>
      <TextLine id="eSc_line_942c525b" custom="structure {type:default;}">
        <Coords points="665,1121 665,1148 2640,1148 2640,1121 2638,1084 1743,1093 1641,1082 1632,1082 1630,1082 1628,1082 1604,1095 1451,1095 1422,1082 1420,1082 1418,1082 1416,1082 1372,1093 1290,1082 1285,1082 1283,1082 1279,1082 1197,1093 1173,1082 1170,1082 1168,1082 1166,1082 1164,1082 1146,1093 1047,1082 1045,1082 1042,1082 1040,1082 1009,1093 978,1082 976,1082 974,1082 972,1082 925,1093 855,1082 852,1082 795,1093 779,1082 777,1082 775,1082 665,1082 665,1121"/>
        <Baseline points="665,1121 2640,1121"/>
        <TextEquiv conf="0.9996372836607473">
          <Unicode>2805 a *Carolo (Calvo) regi mandat, ut „si Hincmarum, archiepiscopum Remensem, ad</Unicode>
        </TextEquiv>
      </TextLine>
      <TextLine id="eSc_line_1ca15c9e" custom="structure {type:default;}">
        <Coords points="720,1181 720,1203 2635,1201 2638,1177 2633,1150 797,1141 795,1141 718,1152 720,1181"/>
        <Baseline points="720,1181 2638,1177"/>
        <TextEquiv conf="0.9935740098524629">
          <Unicode>se trahere, ut (apostolicae sedi) obediat, non valeat, sollicite caveat, ne ipsum (regem)</Unicode>
        </TextEquiv>
      </TextLine>
      <TextLine id="eSc_line_347c84d3" custom="structure {type:default;}">
        <Coords points="720,1234 720,1256 2633,1254 2635,1230 2629,1203 718,1205 720,1234"/>
        <Baseline points="720,1234 2635,1230"/>
        <TextEquiv conf="0.9990007597723125">
          <Unicode>ad se trahere quibuscumque valeat argumentis“; scribit de Wulfaldo eiusque sociis</Unicode>
        </TextEquiv>
      </TextLine>
      <TextLine id="eSc_line_4cea70a3" custom="structure {type:default;}">
        <Coords points="722,1287 720,1307 2629,1311 2633,1291 2631,1260 722,1256 722,1287"/>
        <Baseline points="722,1287 2633,1291"/>
        <TextEquiv conf="0.999955323805292">
          <Unicode>ab Hincmaro deiectis; de concilio die 18. m. Augusti Suessionensi celebrando addit.</Unicode>
        </TextEquiv>
      </TextLine>
      <TextLine id="eSc_line_68120909" custom="structure {type:default;}">
        <Coords points="724,1344 724,1366 2635,1366 2635,1344 2635,1316 724,1307 724,1344"/>
        <Baseline points="724,1344 2635,1344"/>
        <TextEquiv conf="0.9998590206798119">
          <Unicode>Vide epp. Caroli ap. Mansi XV. 707 et 734. (Huius epistolae fragmenta Sirmondus</Unicode>
        </TextEquiv>
      </TextLine>
      <TextLine id="eSc_line_9a9b2be8" custom="structure {type:default;}">
        <Coords points="715,1402 715,1424 2151,1419 2154,1395 2147,1366 713,1371 715,1402"/>
        <Baseline points="715,1402 2154,1395"/>
        <TextEquiv conf="0.9993843426469897">
          <Unicode>in schedis Nicolai Fabri vidit; cf. notam ap. Mansi XV. 707.)</Unicode>
        </TextEquiv>
      </TextLine>
      <TextLine id="eSc_line_8b92984a" custom="structure {type:default;}">
        <Coords points="636,1490 636,1519 797,1512 824,1514 927,1523 930,1523 932,1523 934,1523 954,1510 954,1486 950,1448 872,1431 870,1431 815,1439 751,1450 711,1435 707,1433 704,1433 634,1431 636,1490"/>
        <Baseline points="636,1490 954,1486"/>
        <TextEquiv conf="0.9974864065647125">
          <Unicode>858 — 867.</Unicode>
        </TextEquiv>
      </TextLine>
      <TextLine id="eSc_line_0bf84b1b" custom="structure {type:default;}">
        <Coords points="665,1563 665,1587 2640,1585 2640,1563 2640,1530 665,1523 665,1563"/>
        <Baseline points="665,1563 2640,1563"/>
        <TextEquiv conf="0.9998904539317619">
          <Unicode>2856 a *Monasterio S. Germani Autissiodorensi privilegium dat. Vide diploma Caroli</Unicode>
        </TextEquiv>
      </TextLine>
      <TextLine id="eSc_line_20b683da" custom="structure {type:default;}">
        <Coords points="715,1620 715,1643 2386,1640 2388,1616 2383,1590 737,1581 735,1581 733,1581 713,1590 715,1620"/>
        <Baseline points="715,1620 2388,1616"/>
        <TextEquiv conf="0.9846683636955593">
          <Unicode>Crassi ap. Bouquet Rec. IX. 352, Quantin Cart. gén. de IVonne I. 115.</Unicode>
        </TextEquiv>
      </TextLine>
      <TextLine id="eSc_line_4fd6ed40" custom="structure {type:default;}">
        <Coords points="665,1676 665,1698 2633,1691 2635,1669 2631,1643 680,1636 678,1636 676,1636 673,1636 662,1643 665,1676"/>
        <Baseline points="665,1676 2635,1669"/>
        <TextEquiv conf="0.9871102643300251">
          <Unicode>28566 *Omnibus fidelibus notum facit, sese ab Herardo archiepiscopo Turonensi audi-</Unicode>
        </TextEquiv>
      </TextLine>
      <TextLine id="eSc_line_a0000c55" custom="structure {type:default;}">
        <Coords points="722,1731 722,1753 2635,1749 2638,1726 2631,1700 720,1702 722,1731"/>
        <Baseline points="722,1731 2638,1726"/>
        <TextEquiv conf="0.9998692595645001">
          <Unicode>visse, monasterium S. Martini per impetus Normannorum in summam desolationem</Unicode>
        </TextEquiv>
      </TextLine>
      <TextLine id="eSc_line_86d18092" custom="structure {type:default;}">
        <Coords points="722,1786 722,1808 2635,1804 2638,1782 2631,1753 720,1757 722,1786"/>
        <Baseline points="722,1786 2638,1782"/>
        <TextEquiv conf="0.9888043236732483">
          <Unicode>redactum esse, sed Carolum (Calvum) regem diplomate suo eis bona quaedam ad</Unicode>
        </TextEquiv>
      </TextLine>
      <TextLine id="eSc_line_c4779c7c" custom="structure {type:default;}">
        <Coords points="720,1839 720,1863 2635,1859 2638,1835 2631,1808 718,1810 720,1839"/>
        <Baseline points="720,1839 2638,1835"/>
        <TextEquiv conf="0.9998910233198878">
          <Unicode>eorum sustentationem servientia concessisse. Monasterii protectionem suscipit, pos-</Unicode>
        </TextEquiv>
      </TextLine>
      <TextLine id="eSc_line_2e7ab6f4" custom="structure {type:default;}">
        <Coords points="720,1894 720,1919 2640,1919 2640,1894 2640,1868 720,1868 720,1894"/>
        <Baseline points="720,1894 2640,1894"/>
        <TextEquiv conf="0.9998752554742302">
          <Unicode>sessiones et privilegia quaedam confirmat. Mabille La pancarte noire de St.-Martin</Unicode>
        </TextEquiv>
      </TextLine>
      <TextLine id="eSc_line_3e5bbf44" custom="structure {type:default;}">
        <Coords points="718,1952 718,1972 1126,1972 1126,1952 1126,1923 1100,1912 1098,1912 1095,1912 859,1923 810,1912 808,1912 806,1912 804,1912 779,1923 744,1912 742,1912 740,1912 737,1912 718,1921 718,1952"/>
        <Baseline points="718,1952 1126,1952"/>
        <TextEquiv conf="0.9978764057159424">
          <Unicode>de Tours p. 140.</Unicode>
        </TextEquiv>
      </TextLine>
      <TextLine id="eSc_line_f9c6e97f" custom="structure {type:default;}">
        <Coords points="665,2000 662,2025 687,2036 689,2036 691,2036 1391,2027 1652,2038 1654,2038 2638,2027 2640,2005 2638,1976 665,1972 665,2000"/>
        <Baseline points="665,2000 2640,2005"/>
        <TextEquiv conf="0.9999967364617336">
          <Unicode>2856y Metropolitae cuidam de episcopo quodam Antonio a synodo provinciali iniuste</Unicode>
        </TextEquiv>
      </TextLine>
      <TextLine id="eSc_line_a2018d12" custom="structure {type:default;}">
        <Coords points="720,2062 720,2086 2638,2082 2640,2058 2633,2029 718,2033 720,2062"/>
        <Baseline points="720,2062 2640,2058"/>
        <TextEquiv conf="0.9998733214585178">
          <Unicode>excommunicato scribit, „inducias 70 dierum, intra quas episcopus apostolicam iussus</Unicode>
        </TextEquiv>
      </TextLine>
      <TextLine id="eSc_line_6d5f9778" custom="structure {type:default;}">
        <Coords points="722,2120 722,2139 2635,2135 2638,2113 2631,2086 720,2091 722,2120"/>
        <Baseline points="722,2120 2638,2113"/>
        <TextEquiv conf="0.9996342690785726">
          <Unicode>sit petere sedem, parvas admodum sese estimare“. (Fragmentum esse epistolae</Unicode>
        </TextEquiv>
      </TextLine>
      <TextLine id="eSc_line_fb40b39f" custom="structure {type:default;}">
        <Coords points="722,2173 722,2195 2640,2195 2640,2173 2640,2142 722,2142 722,2173"/>
        <Baseline points="722,2173 2640,2173"/>
        <TextEquiv conf="0.9970280882858095">
          <Unicode>Nicolai I. seu Hadriani I. et de Antonio episcopo Brixiensi agi, suspicatur Zeumer.)</Unicode>
        </TextEquiv>
      </TextLine>
      <TextLine id="eSc_line_535b00e2" custom="structure {type:default;}">
        <Coords points="722,2228 722,2250 2635,2248 2638,2223 2633,2197 1679,2186 1676,2186 1674,2186 1652,2197 1650,2199 720,2199 722,2228"/>
        <Baseline points="722,2228 2638,2223"/>
        <TextEquiv conf="0.9986661955714226">
          <Unicode>Additam. Coll. Sangallens. n. 1. in MG. Formul. Merov. p. 433. — „. . . non fuit</Unicode>
        </TextEquiv>
      </TextLine>
      <TextLine id="eSc_line_601272ab" custom="structure {type:default;}">
        <Coords points="720,2283 720,2298 813,2312 815,2312 952,2294 954,2279 947,2250 718,2252 720,2283"/>
        <Baseline points="720,2283 954,2279"/>
        <TextEquiv conf="0.9999318361282349">
          <Unicode>accessus“.</Unicode>
        </TextEquiv>
      </TextLine>
      <TextLine id="eSc_line_8f2e4aac" custom="structure {type:default;}">
        <Coords points="669,2338 669,2360 2640,2354 2640,2332 2633,2303 667,2305 669,2338"/>
        <Baseline points="669,2338 2640,2332"/>
        <TextEquiv conf="0.9904557695755591">
          <Unicode>2856 0 Decretum Nicolai I. de „arcanis peccatis“, quod exstat in Coll. Taurin. ap. Pflugke-</Unicode>
        </TextEquiv>
      </TextLine>
      <TextLine id="eSc_line_70171627" custom="structure {type:default;}">
        <Coords points="724,2393 724,2415 2638,2411 2640,2387 2635,2360 722,2360 724,2393"/>
        <Baseline points="724,2393 2640,2387"/>
        <TextEquiv conf="0.999817317650642">
          <Unicode>Harttung Acta II. 33. n. 65 et incipit „Cum dicit scriptura“, Ewaldus noster sine</Unicode>
        </TextEquiv>
      </TextLine>
      <TextLine id="eSc_line_4d34f79a" custom="structure {type:default;}">
        <Coords points="724,2451 724,2471 2638,2468 2640,2444 2635,2418 737,2411 735,2411 733,2411 731,2411 722,2418 724,2451"/>
        <Baseline points="724,2451 2640,2444"/>
        <TextEquiv conf="0.9980632016457707">
          <Unicode>dubio investigavit, invenitque id esse fragmentum epistolae vel decretalis cuiusdam</Unicode>
        </TextEquiv>
      </TextLine>
      <TextLine id="eSc_line_548ab565" custom="structure {type:default;}">
        <Coords points="724,2506 724,2528 2640,2524 2642,2502 2638,2475 722,2475 724,2506"/>
        <Baseline points="724,2506 2642,2502"/>
        <TextEquiv conf="0.9967416733144278">
          <Unicode>iam dudum nobis notae; sed illius Taurinensis collectionis textum citare, optimo ex</Unicode>
        </TextEquiv>
      </TextLine>
      <TextLine id="eSc_line_c77cf153" custom="structure {type:default;}">
        <Coords points="724,2559 724,2583 2640,2579 2642,2555 2635,2528 722,2530 724,2559"/>
        <Baseline points="724,2559 2642,2555"/>
        <TextEquiv conf="0.9993772000074387">
          <Unicode>mea sententia iure omisit. Equidem vero ubi lateat indicare nequeo. — „Cum dicit</Unicode>
        </TextEquiv>
      </TextLine>
      <TextLine id="eSc_line_572f1d4d" custom="structure {type:default;}">
        <Coords points="724,2616 724,2634 804,2647 806,2647 976,2634 976,2616 976,2588 724,2588 724,2616"/>
        <Baseline points="724,2616 976,2616"/>
        <TextEquiv conf="0.9999914927916094">
          <Unicode>scriptura“.</Unicode>
        </TextEquiv>
      </TextLine>
      <TextLine id="eSc_line_4c994303" custom="structure {type:default;}">
        <Coords points="1153,2857 1153,2873 1208,2890 1210,2890 1212,2890 1420,2879 1453,2890 1455,2890 1458,2892 1732,2892 1732,2890 1734,2890 1736,2890 1736,2888 1752,2875 1988,2875 2045,2890 2048,2890 2050,2890 2134,2873 2134,2857 2134,2811 2092,2797 2090,2797 2087,2797 1919,2811 1917,2811 1871,2791 1869,2791 1866,2791 1864,2791 1796,2811 1794,2813 1741,2813 1741,2811 1727,2800 1727,2797 1725,2797 1723,2797 1721,2797 1650,2806 1630,2791 1628,2791 1626,2791 1623,2791 1489,2793 1486,2793 1484,2793 1473,2802 1460,2793 1458,2793 1455,2793 1453,2793 1451,2793 1427,2802 1285,2791 1283,2791 1281,2791 1235,2806 1179,2793 1177,2793 1175,2793 1173,2793 1170,2793 1153,2804 1153,2857"/>
        <Baseline points="1153,2857 2134,2857"/>
        <TextEquiv conf="0.9721759097142653">
          <Unicode>HADRIANUS II. 861—812.</Unicode>
        </TextEquiv>
      </TextLine>
      <TextLine id="eSc_line_1353e67c" custom="structure {type:default;}">
        <Coords points="629,2915 629,2934 797,2930 797,2910 793,2850 627,2842 629,2915"/>
        <Baseline points="629,2915 797,2910"/>
        <TextEquiv conf="0.9999940156936645">
          <Unicode>„869.</Unicode>
        </TextEquiv>
      </TextLine>
      <TextLine id="eSc_line_c8c63e81" custom="structure {type:default;}">
        <Coords points="119,2985 119,3014 234,3001 335,3009 338,2985 335,2950 205,2954 203,2952 192,2943 192,2941 190,2941 187,2941 132,2941 130,2941 128,2941 125,2941 125,2943 119,2950 119,2985"/>
        <Baseline points="119,2985 338,2985"/>
        <TextEquiv conf="0.9999995401927403">
          <Unicode>Iul. 9.</Unicode>
        </TextEquiv>
      </TextLine>
      <TextLine id="eSc_line_77835ffd" custom="structure {type:default;}">
        <Coords points="404,2985 404,3016 583,3025 585,2985 578,2886 556,2903 543,2892 543,2890 541,2890 539,2890 483,2890 481,2890 479,2890 404,2910 404,2985"/>
        <Baseline points="404,2985 585,2985"/>
        <TextEquiv conf="0.9466323733329773">
          <Unicode>Remaa</Unicode>
        </TextEquiv>
      </TextLine>
      <TextLine id="eSc_line_e9d6792a" custom="structure {type:default;}">
        <Coords points="671,2981 669,3001 771,3014 773,3016 2642,3016 2644,2987 2644,2954 2578,2932 2576,2932 2573,2932 2463,2952 2454,2952 2445,2950 2390,2939 2388,2939 2386,2939 2383,2939 2366,2950 2361,2952 2313,2950 2200,2941 2198,2941 2196,2941 2182,2948 2171,2954 1995,2954 1981,2945 1972,2939 1970,2939 1968,2939 1838,2930 1836,2930 1833,2930 1787,2941 1771,2948 1570,2950 1433,2937 1332,2928 1330,2928 1162,2934 788,2948 671,2928 671,2981"/>
        <Baseline points="671,2981 2644,2987"/>
        <TextEquiv conf="0.9906473377266446">
          <Unicode>Vide Hinemari Ann. 869 in MG. SS. I. 482. „Adriano papa Romam ingrediente,</Unicode>
        </TextEquiv>
      </TextLine>
      <TextLine id="eSc_line_76dc3bfe" custom="structure {type:default;}">
        <Coords points="733,3043 733,3060 1685,3071 1687,3071 1774,3060 2602,3069 2604,3069 2607,3069 2646,3056 2646,3038 2642,3009 731,3007 733,3043"/>
        <Baseline points="733,3043 2646,3038"/>
        <TextEquiv conf="0.99818292870579">
          <Unicode>Lotharius ad ecclesiam b. Petri venit“. Quod die 9. Iul. evenisse probat Mühlbacher</Unicode>
        </TextEquiv>
      </TextLine>
      <TextLine id="eSc_line_125548ef" custom="structure {type:default;}">
        <Coords points="729,3098 729,3115 1020,3124 1022,3124 1098,3113 1104,3113 1109,3113 1142,3124 1144,3124 1146,3124 1148,3124 1151,3124 1164,3115 1173,3122 1173,3124 1175,3124 1177,3124 1179,3127 1279,3127 1279,3124 1281,3124 1321,3111 1321,3093 1316,3065 740,3056 737,3056 735,3056 733,3056 733,3058 726,3062 729,3098"/>
        <Baseline points="729,3098 1321,3093"/>
        <TextEquiv conf="0.9651607418060303">
          <Unicode>Reg. der Karol. n. 1288e.</Unicode>
        </TextEquiv>
      </TextLine>
      <TextLine id="eSc_line_c1a285d9" custom="structure {type:default;}">
        <Coords points="161,3153 163,3188 201,3168 247,3182 262,3186 265,3186 267,3186 333,3175 333,3149 331,3118 313,3102 313,3100 311,3100 309,3100 260,3100 258,3100 256,3100 218,3120 216,3122 159,3122 161,3153"/>
        <Baseline points="161,3153 333,3149"/>
        <TextEquiv conf="0.9999996662139893">
          <Unicode>„ 10.</Unicode>
        </TextEquiv>
      </TextLine>
      <TextLine id="eSc_line_d89f4fdc" custom="structure {type:default;}">
        <Coords points="461,3157 461,3164 497,3177 499,3177 501,3177 503,3177 505,3177 505,3175 508,3175 517,3162 519,3162 547,3162 550,3153 543,3124 459,3127 461,3157"/>
        <Baseline points="461,3157 550,3153"/>
        <TextEquiv conf="0.9998652935028076">
          <Unicode>„</Unicode>
        </TextEquiv>
      </TextLine>
      <TextLine id="eSc_line_93f04725" custom="structure {type:default;}">
        <Coords points="651,3155 651,3173 1166,3184 1168,3184 1241,3171 1246,3171 1250,3171 1299,3182 1301,3182 1449,3171 1451,3171 1473,3182 1475,3182 1478,3184 1659,3184 1659,3182 1661,3182 1663,3182 1676,3171 2176,3180 2178,3180 2180,3180 2182,3180 2198,3168 2273,3180 2275,3180 2277,3180 2280,3180 2295,3166 2295,3149 2291,3120 1752,3109 1749,3109 1747,3109 1745,3109 1745,3111 1734,3120 1206,3111 1204,3111 1201,3111 1199,3111 1199,3113 1188,3122 702,3113 700,3113 649,3124 651,3155"/>
        <Baseline points="651,3155 2295,3149"/>
        <TextEquiv conf="0.9956168012959616">
          <Unicode>„in crastina, subsequente videlicet dominica“. Hincmari Ann. 869 I. I.</Unicode>
        </TextEquiv>
      </TextLine>
      <TextLine id="eSc_line_b4c23884" custom="structure {type:default;}">
        <Coords points="634,3241 634,3266 930,3268 932,3268 934,3268 956,3255 956,3235 952,3199 839,3186 837,3186 835,3186 819,3191 777,3202 744,3186 735,3182 733,3182 631,3180 634,3241"/>
        <Baseline points="634,3241 956,3235"/>
        <TextEquiv conf="0.9906498988469442">
          <Unicode>867— 872.</Unicode>
        </TextEquiv>
      </TextLine>
      <TextLine id="eSc_line_0d40cdf2" custom="structure {type:default;}">
        <Coords points="678,3312 678,3339 2638,3343 2642,3308 2635,3279 676,3279 678,3312"/>
        <Baseline points="678,3312 2642,3308"/>
        <TextEquiv conf="0.993304455981535">
          <Unicode>2946a Quibusdam scribit, ne episcopi cuiusdam electioni „consentiant neque approbent,</Unicode>
        </TextEquiv>
      </TextLine>
      <TextLine id="eSc_line_949c7327" custom="structure {type:default;}">
        <Coords points="733,3372 733,3394 2640,3394 2642,3365 2638,3339 731,3336 733,3372"/>
        <Baseline points="733,3372 2642,3365"/>
        <TextEquiv conf="0.9939936924921838">
          <Unicode>immo resistant“. (Fragmentum valde mutilum ex epistola certe post Nicolai I.</Unicode>
        </TextEquiv>
      </TextLine>
      <TextLine id="eSc_line_51617081" custom="structure {type:default;}">
        <Coords points="731,3422 731,3449 2642,3449 2644,3418 2638,3392 729,3394 731,3422"/>
        <Baseline points="731,3422 2644,3418"/>
        <TextEquiv conf="0.9997705317832328">
          <Unicode>mortem scripta; scd ad quemnam eius successorum pertineat minime constat.)</Unicode>
        </TextEquiv>
      </TextLine>
      <TextLine id="eSc_line_0574f47c" custom="structure {type:default;}">
        <Coords points="733,3480 733,3517 1820,3504 1820,3480 1820,3451 733,3447 733,3480"/>
        <Baseline points="733,3480 1820,3480"/>
        <TextEquiv conf="0.9996472513952921">
          <Unicode>Neues Archiv VII. 158. — „Adiuro autem ut“.</Unicode>
        </TextEquiv>
      </TextLine>
      <TextLine id="eSc_line_34688eef" custom="structure {type:default;}">
        <Coords points="161,3559 159,3592 729,3590 731,3564 726,3524 161,3526 161,3559"/>
        <Baseline points="161,3559 731,3564"/>
        <TextEquiv conf="0.968154297556196">
          <Unicode>Regrsta F&#x27;ont. Rtoman. Sd. sec. 11.</Unicode>
        </TextEquiv>
      </TextLine>
      <TextLine id="eSc_line_d6978532" custom="structure {type:default;}">
        <Coords points="2302,3570 2302,3586 2370,3584 2370,3566 2364,3537 2299,3539 2302,3570"/>
        <Baseline points="2302,3570 2370,3566"/>
        <TextEquiv conf="0.9977039694786072">
          <Unicode>9);</Unicode>
        </TextEquiv>
      </TextLine>
    </TextRegion>
    <TextRegion id="eSc_textblock_ed88e851"  custom="structure {type:default;}">
      <Coords points="1016,159 1657,159 1718,176 1718,236 998,253 1016,159"/>
      <TextLine id="eSc_line_fd045619" custom="structure {type:default;}">
        <Coords points="1009,187 1009,216 1007,242 1029,260 1031,260 1034,260 1036,260 1305,242 1475,262 1478,262 1696,242 1699,220 1696,176 1018,174 1009,187"/>
        <Baseline points="1009,216 1699,220"/>
        <TextEquiv conf="0.9974674905339876">
          <Unicode>Supplementum regestorum.</Unicode>
        </TextEquiv>
      </TextLine>
    </TextRegion>
    <TextRegion id="eSc_textblock_bbd5fb95"  custom="structure {type:default;}">
      <Coords points="2527,150 2680,167 2680,227 2626,262 2487,253 2478,167 2527,150"/>
      <TextLine id="eSc_line_b5100c14" custom="structure {type:default;}">
        <Coords points="2507,223 2507,249 2631,249 2631,218 2626,167 2503,165 2507,223"/>
        <Baseline points="2507,223 2631,218"/>
        <TextEquiv conf="0.9999999205271403">
          <Unicode>745</Unicode>
        </TextEquiv>
      </TextLine>
    </TextRegion>
  </Page>
</PcGts>
