<?xml version="1.0" encoding="UTF-8"  standalone="yes"?>
<PcGts xmlns="http://schema.primaresearch.org/PAGE/gts/pagecontent/2019-07-15" xmlns:xsi="http://www.w3.org/2001/XMLSchema-instance" xsi:schemaLocation="http://schema.primaresearch.org/PAGE/gts/pagecontent/2019-07-15 http://schema.primaresearch.org/PAGE/gts/pagecontent/2019-07-15/pagecontent.xsd">
  <Metadata externalRef="pdf//regestapontificu02cath.pdf">
	<Creator>escriptorium</Creator>
	<Created>2026-01-31T10:51:38.946816+00:00</Created>
        <LastChange>2026-02-05T00:10:28.671231+00:00</LastChange>
  </Metadata>
  <Page imageFilename="regestapontificu02cath.pdf_page_782.png" imageWidth="3007" imageHeight="3975">
    <TextRegion id="eSc_textblock_7e29a503"  custom="structure {type:default;}">
      <Coords points="349,150 404,167 413,218 256,245 265,167 349,150"/>
      <TextLine id="eSc_line_af02addc" custom="structure {type:default;}">
        <Coords points="280,212 280,236 393,229 393,205 386,163 276,167 280,212"/>
        <Baseline points="280,212 393,205"/>
        <TextEquiv conf="0.9999858140945435">
          <Unicode>770)</Unicode>
        </TextEquiv>
      </TextLine>
    </TextRegion>
    <TextRegion id="eSc_textblock_0cf75407"  custom="structure {type:default;}">
      <Coords points="2580,282 2768,282 2821,300 2830,344 2847,951 2812,1172 2856,1819 2821,2243 2830,3425 2635,3436 2812,3451 901,3469 793,3425 618,3442 519,3398 483,3425 256,3416 229,2161 247,318 793,309 784,342 810,344 830,300 2580,282"/>
      <TextLine id="eSc_line_207559a9" custom="structure {type:default;}">
        <Coords points="806,342 808,362 808,388 885,397 888,397 1007,384 1036,395 1038,395 1040,395 1159,377 1159,355 1157,320 1098,300 1095,300 1093,300 956,320 932,300 930,300 927,300 841,300 839,300 837,300 835,300 824,306 806,342"/>
        <Baseline points="808,362 1159,355"/>
        <TextEquiv conf="0.9999967813491821">
          <Unicode>1186 — 1187.</Unicode>
        </TextEquiv>
      </TextLine>
      <TextLine id="eSc_line_253c751b" custom="structure {type:default;}">
        <Coords points="287,428 287,468 360,479 362,479 519,448 519,426 514,386 324,357 322,357 320,357 285,368 287,428"/>
        <Baseline points="287,428 519,426"/>
        <TextEquiv conf="0.9977286234498024">
          <Unicode>Mart 25.</Unicode>
        </TextEquiv>
      </TextLine>
      <TextLine id="eSc_line_1820e0a0" custom="structure {type:default;}">
        <Coords points="539,426 539,505 713,516 715,516 718,516 757,503 757,424 753,364 565,351 563,351 561,351 536,362 539,426"/>
        <Baseline points="539,426 757,424"/>
        <TextEquiv conf="0.8508022768156869">
          <Unicode>veronst</Unicode>
        </TextEquiv>
      </TextLine>
      <TextLine id="eSc_line_19ab93ce" custom="structure {type:default;}">
        <Coords points="848,426 848,446 1606,457 1608,457 1610,457 1612,457 1621,450 1630,446 1760,450 1858,454 1860,454 1862,454 1864,454 1869,452 1882,443 1906,452 1917,454 1919,454 1922,454 1924,454 1935,452 1968,443 2585,443 2602,454 2604,454 2607,454 2609,457 2801,457 2803,421 2799,384 2713,366 2710,366 2529,382 2403,366 2401,366 2319,384 2074,384 2006,366 2003,366 2001,366 1942,382 1484,368 1482,368 1405,384 1396,384 1387,384 1334,371 1332,371 846,382 848,426"/>
        <Baseline points="848,426 2803,421"/>
        <TextEquiv conf="0.984819597283075">
          <Unicode>15861 a Archiepiscopis. episcopis, abbatibus, prioribus et aliis ecclesiarum praelatis</Unicode>
        </TextEquiv>
      </TextLine>
      <TextLine id="eSc_line_ba18fcbc" custom="structure {type:default;}">
        <Coords points="894,483 894,510 2801,501 2803,477 2797,446 892,446 894,483"/>
        <Baseline points="894,483 2803,477"/>
        <TextEquiv conf="0.9995121374362852">
          <Unicode>interdicit, ne a fratribus templariis quartam partem elecmosinarum, a deccdentibus</Unicode>
        </TextEquiv>
      </TextLine>
      <TextLine id="eSc_line_ff23b382" custom="structure {type:default;}">
        <Coords points="897,536 897,558 2801,556 2803,530 2797,494 894,499 897,536"/>
        <Baseline points="897,536 2803,530"/>
        <TextEquiv conf="0.998798765415369">
          <Unicode>eis relictarum, exigant; de eorum sepulturis ac ecclesiis bencdicendis addit. Ferreira</Unicode>
        </TextEquiv>
      </TextLine>
      <TextLine id="eSc_line_a9625540" custom="structure {type:default;}">
        <Coords points="285,644 282,693 320,711 322,711 324,711 326,711 362,700 397,689 505,713 510,649 508,576 285,594 285,644"/>
        <Baseline points="285,644 510,649"/>
        <TextEquiv conf="0.9749136169751486">
          <Unicode>Sept. 13.</Unicode>
        </TextEquiv>
      </TextLine>
      <TextLine id="eSc_line_24fe1afa" custom="structure {type:default;}">
        <Coords points="848,642 848,671 2750,677 2752,677 2805,664 2805,638 2799,611 846,613 848,642"/>
        <Baseline points="848,642 2805,638"/>
        <TextEquiv conf="0.9981038296923918">
          <Unicode>15917a Episcopo, archipresbytero et canonicis Lunensibus indulget, „ne tempus elapsum</Unicode>
        </TextEquiv>
      </TextLine>
      <TextLine id="eSc_line_e0f0fb70" custom="structure {type:default;}">
        <Coords points="897,589 897,609 1259,620 1261,620 1367,607 1385,607 1723,607 1725,607 1820,618 1822,618 1913,605 1919,605 1928,605 1999,616 2001,618 2085,618 2085,616 2087,616 2090,616 2090,613 2101,605 2103,605 2244,616 2246,616 2249,616 2288,602 2288,583 2284,556 894,552 897,589"/>
        <Baseline points="897,589 2288,583"/>
        <TextEquiv conf="0.9914413875546949">
          <Unicode>Mem. dos Templarios I. II. 821. — „Quanto maiora dilecti“.</Unicode>
        </TextEquiv>
      </TextLine>
      <TextLine id="eSc_line_17fb92d0" custom="structure {type:default;}">
        <Coords points="600,651 598,660 695,686 702,653 700,624 600,613 600,651"/>
        <Baseline points="600,651 702,653"/>
        <TextEquiv conf="1.0">
          <Unicode>„</Unicode>
        </TextEquiv>
      </TextLine>
      <TextLine id="eSc_line_55f70846" custom="structure {type:default;}">
        <Coords points="894,704 894,722 2788,724 2792,697 2786,662 892,669 894,704"/>
        <Baseline points="894,704 2792,697"/>
        <TextEquiv conf="0.9991414863386272">
          <Unicode>„ . . . (contra?) ecclesiam eorum in praescriptione a quocumque valeat computari“</Unicode>
        </TextEquiv>
      </TextLine>
      <TextLine id="eSc_line_fbf6b7da" custom="structure {type:default;}">
        <Coords points="897,757 897,783 912,795 914,795 916,795 919,795 921,795 965,781 1020,806 1022,806 1025,808 1212,808 1212,806 1215,806 1217,806 1248,781 1294,783 1325,806 1327,806 1330,806 1332,806 1467,795 1696,806 1699,806 1745,803 1747,803 1749,803 1778,779 1780,779 1917,779 1919,779 1953,803 1955,803 1957,803 1959,803 1961,803 2052,779 2054,779 2218,779 2275,803 2277,803 2280,803 2282,803 2370,781 2406,790 2408,790 2410,790 2501,777 2503,753 2498,717 894,708 897,757"/>
        <Baseline points="897,757 2503,753"/>
        <TextEquiv conf="0.9637862595159616">
          <Unicode>(Mutita bulla.) Lvesimoni Regeari p. 116. — „Dum ccclesiavam iura“.</Unicode>
        </TextEquiv>
      </TextLine>
      <TextLine id="eSc_line_b093f904" custom="structure {type:default;}">
        <Coords points="1356,1040 1356,1062 2262,1055 2264,1035 2262,980 2211,965 2209,965 2207,965 2151,967 2149,967 2147,967 2132,980 2127,984 2008,984 2003,982 1900,954 1897,954 1895,954 1893,954 1840,982 1738,956 1736,956 1734,956 1637,969 1619,956 1617,956 1615,956 1612,956 1455,967 1433,956 1431,956 1429,956 1427,956 1354,984 1356,1040"/>
        <Baseline points="1356,1040 2264,1035"/>
        <TextEquiv conf="0.9851226097061521">
          <Unicode>GREGORIUS VIII. 11s7.</Unicode>
        </TextEquiv>
      </TextLine>
      <TextLine id="eSc_line_bf12579d" custom="structure {type:default;}">
        <Coords points="278,1139 278,1174 501,1177 503,1139 503,1097 457,1082 455,1082 452,1082 278,1088 278,1139"/>
        <Baseline points="278,1139 503,1139"/>
        <TextEquiv conf="0.9870297577646043">
          <Unicode>Oct. Der.</Unicode>
        </TextEquiv>
      </TextLine>
      <TextLine id="eSc_line_88afe6ee" custom="structure {type:default;}">
        <Coords points="808,1139 808,1157 2803,1157 2803,1132 2797,1088 806,1093 808,1139"/>
        <Baseline points="808,1139 2803,1132"/>
        <TextEquiv conf="0.9973719127294494">
          <Unicode>116082a A fratribus hospitalis Hierosolymitani quidquam exigi vel privilegia eorum</Unicode>
        </TextEquiv>
      </TextLine>
      <TextLine id="eSc_line_8bd63570" custom="structure {type:default;}">
        <Coords points="890,1192 890,1214 972,1227 974,1227 976,1227 1003,1216 1007,1214 1201,1214 1221,1216 1290,1227 1292,1227 1354,1225 1356,1225 1358,1225 1367,1216 1374,1212 1714,1212 1725,1219 1734,1225 1736,1225 1738,1225 1741,1227 1842,1227 1842,1225 1919,1223 1922,1223 1924,1223 1928,1219 1944,1210 2054,1219 2083,1221 2085,1221 2087,1221 2094,1219 2134,1210 2151,1219 2151,1221 2154,1221 2156,1221 2317,1223 2319,1223 2341,1221 2419,1207 2512,1221 2518,1221 2520,1221 2527,1221 2604,1210 2794,1221 2799,1183 2792,1157 888,1161 890,1192"/>
        <Baseline points="890,1192 2799,1183"/>
        <TextEquiv conf="0.9955812075051916">
          <Unicode>laedi vetat. Statuit, ut ab omnibus pedagiis, decimis et passagiis exempti sint nec</Unicode>
        </TextEquiv>
      </TextLine>
      <TextLine id="eSc_line_29e9db2c" custom="structure {type:default;}">
        <Coords points="890,1245 890,1276 2801,1272 2801,1245 2801,1216 890,1216 890,1245"/>
        <Baseline points="890,1245 2801,1245"/>
        <TextEquiv conf="0.9963319581675242">
          <Unicode>teneantur ad reparationem alicuius civitatis. Praeter Romanum pontificem nulli epi-</Unicode>
        </TextEquiv>
      </TextLine>
      <TextLine id="eSc_line_6c26977b" custom="structure {type:default;}">
        <Coords points="892,1300 892,1322 2799,1325 2801,1300 2801,1267 892,1263 892,1300"/>
        <Baseline points="892,1300 2801,1300"/>
        <TextEquiv conf="0.9955604031682015">
          <Unicode>scopo subiecti sint. („Dat. Laterani, Non. Maii, pont. a. 2.“ Bulla falsa. Forma</Unicode>
        </TextEquiv>
      </TextLine>
      <TextLine id="eSc_line_bbc26940" custom="structure {type:default;}">
        <Coords points="890,1358 890,1375 2799,1378 2801,1351 2797,1325 2410,1311 2408,1311 2288,1322 2249,1311 2246,1311 2244,1311 2242,1311 2198,1322 2167,1311 2165,1311 2163,1311 2063,1325 1919,1313 1917,1313 1915,1313 1913,1313 1895,1327 1584,1327 1526,1313 1524,1313 1380,1327 1347,1316 1345,1316 1343,1316 1080,1327 921,1316 919,1316 916,1316 888,1327 890,1358"/>
        <Baseline points="890,1358 2801,1351"/>
        <TextEquiv conf="0.9977152546246847">
          <Unicode>clausulac tempus Grcgorii IX. revocat, cum in canccllaria Gregorii VIII. indictiones</Unicode>
        </TextEquiv>
      </TextLine>
      <TextLine id="eSc_line_2d402192" custom="structure {type:default;}">
        <Coords points="890,1411 890,1433 1157,1444 1159,1444 1252,1435 1290,1433 1316,1435 1369,1444 1372,1444 1486,1437 1555,1433 1586,1437 1628,1444 1630,1444 1632,1444 1650,1437 1663,1433 1917,1439 2065,1442 2068,1442 2070,1442 2072,1442 2074,1439 2090,1431 2211,1431 2326,1442 2348,1442 2350,1442 2361,1442 2428,1431 2445,1442 2448,1442 2450,1442 2452,1444 2576,1444 2576,1442 2580,1442 2646,1431 2662,1442 2664,1442 2666,1442 2668,1444 2794,1444 2797,1406 2790,1378 888,1380 890,1411"/>
        <Baseline points="890,1411 2797,1406"/>
        <TextEquiv conf="0.9929674655558115">
          <Unicode>addi soleant; falsarius vero certe de hoc cogitavit.) In tabulario Maltensi Bullar.</Unicode>
        </TextEquiv>
      </TextLine>
      <TextLine id="eSc_line_9c191f92" custom="structure {type:default;}">
        <Coords points="890,1464 888,1484 983,1497 985,1497 2794,1495 2797,1468 2794,1431 890,1428 890,1464"/>
        <Baseline points="890,1464 2797,1468"/>
        <TextEquiv conf="0.9898592646826397">
          <Unicode>C. fol. 21“, in bibl. publ. Lucensi ms. 988. f. 162“, in bibl. nat. Paris. fonds espagn.</Unicode>
        </TextEquiv>
      </TextLine>
      <TextLine id="eSc_line_a4ae5080" custom="structure {type:default;}">
        <Coords points="894,1517 894,1550 2551,1545 2554,1521 2551,1484 894,1475 894,1517"/>
        <Baseline points="894,1517 2554,1521"/>
        <TextEquiv conf="0.9974368198050393">
          <Unicode>162. fol. 34*. Dedit Delaville le Roulx. — „Religionis vestrae meretur“.</Unicode>
        </TextEquiv>
      </TextLine>
      <TextLine id="eSc_line_f5ff1b39" custom="structure {type:default;}">
        <Coords points="806,1863 806,1894 974,1879 976,1857 972,1806 888,1786 885,1786 883,1786 804,1810 806,1863"/>
        <Baseline points="806,1863 976,1857"/>
        <TextEquiv conf="0.9999996662139893">
          <Unicode>1188.</Unicode>
        </TextEquiv>
      </TextLine>
      <TextLine id="eSc_line_c5a8a2e1" custom="structure {type:default;}">
        <Coords points="1321,1806 1321,1830 2304,1830 2304,1806 2304,1751 2189,1733 2187,1733 2185,1733 2136,1746 2083,1729 2081,1729 2079,1729 2076,1729 2043,1744 1992,1724 1990,1724 1988,1724 1986,1724 1915,1746 1902,1751 1718,1751 1687,1742 1597,1724 1442,1724 1440,1724 1438,1724 1436,1724 1436,1726 1420,1740 1414,1749 1394,1740 1367,1729 1365,1729 1363,1729 1321,1737 1321,1806"/>
        <Baseline points="1321,1806 2304,1806"/>
        <TextEquiv conf="0.9870448656704115">
          <Unicode>CIEMEXS III. 1187—1191.</Unicode>
        </TextEquiv>
      </TextLine>
      <TextLine id="eSc_line_11a929c4" custom="structure {type:default;}">
        <Coords points="282,1941 282,1967 366,1976 368,1976 441,1963 466,1974 468,1974 470,1974 472,1974 499,1958 499,1936 492,1881 364,1905 335,1901 298,1892 296,1892 293,1892 291,1892 280,1899 282,1941"/>
        <Baseline points="282,1941 499,1936"/>
        <TextEquiv conf="0.999658614397049">
          <Unicode>lan. 17.</Unicode>
        </TextEquiv>
      </TextLine>
      <TextLine id="eSc_line_5ac49c08" custom="structure {type:default;}">
        <Coords points="587,1938 592,1969 603,1961 612,1967 640,1987 642,1987 645,1987 647,1989 691,1989 691,1987 693,1987 695,1987 737,1958 742,1956 779,1956 779,1938 777,1835 702,1837 700,1837 698,1837 693,1841 671,1855 587,1850 587,1938"/>
        <Baseline points="587,1938 779,1938"/>
        <TextEquiv conf="0.9917140305042267">
          <Unicode>„„</Unicode>
        </TextEquiv>
      </TextLine>
      <TextLine id="eSc_line_4904681b" custom="structure {type:default;}">
        <Coords points="795,1938 795,1958 1252,1972 1254,1972 1257,1972 1281,1963 1292,1958 1663,1958 1676,1965 1692,1972 1694,1972 1696,1974 1796,1974 1796,1972 1950,1965 2193,1956 2233,1967 2242,1969 2244,1969 2246,1969 2430,1969 2448,1967 2450,1967 2452,1967 2467,1956 2549,1969 2556,1969 2558,1969 2560,1969 2562,1969 2591,1956 2622,1969 2624,1969 2626,1972 2797,1972 2799,1934 2792,1901 2434,1901 2428,1899 2403,1888 2401,1888 2399,1888 2348,1899 2335,1903 2039,1903 2032,1899 2021,1890 2019,1890 2017,1890 2014,1890 1935,1899 1900,1901 1884,1899 1851,1890 1849,1890 1847,1890 1844,1890 1813,1899 1789,1903 1650,1896 1524,1892 1522,1892 1471,1896 1411,1903 1383,1896 1354,1890 1352,1890 1349,1890 1347,1890 1327,1896 1305,1903 1274,1896 1243,1890 1241,1890 793,1894 795,1938"/>
        <Baseline points="795,1938 2799,1934"/>
        <TextEquiv conf="0.9964745350373096">
          <Unicode>16134a — Fratribus Ramesiensibus indulget, ne „mutuum contractum sine consensu</Unicode>
        </TextEquiv>
      </TextLine>
      <TextLine id="eSc_line_5bbdd727" custom="structure {type:default;}">
        <Coords points="892,1991 892,2014 1243,2025 1246,2025 1292,2018 1316,2014 1365,2018 1471,2027 1473,2027 1515,2018 1542,2014 1610,2018 1710,2027 1712,2027 1714,2027 1734,2020 1749,2014 1829,2020 1889,2025 1891,2025 1981,2020 2180,2011 2238,2022 2253,2025 2255,2025 2258,2025 2266,2022 2306,2011 2366,2022 2379,2025 2381,2025 2383,2025 2386,2025 2386,2022 2406,2011 2459,2025 2467,2025 2470,2025 2483,2025 2571,2011 2591,2025 2593,2025 2596,2025 2598,2027 2695,2027 2695,2025 2697,2025 2735,2011 2799,2025 2803,1987 2797,1958 890,1961 892,1991"/>
        <Baseline points="892,1991 2803,1987"/>
        <TextEquiv conf="0.9963595034128212">
          <Unicode>capituli et contra utilitatem ecclesiae“ eis praeiudicet. Hart and Lyons Cartul. de</Unicode>
        </TextEquiv>
      </TextLine>
      <TextLine id="eSc_line_4ed4828d" custom="structure {type:default;}">
        <Coords points="287,2106 287,2133 497,2133 497,2106 497,2067 428,2051 426,2051 424,2051 368,2064 326,2051 324,2051 322,2051 320,2051 287,2064 287,2106"/>
        <Baseline points="287,2106 497,2106"/>
        <TextEquiv conf="0.9998880550265312">
          <Unicode>Apr. 20.</Unicode>
        </TextEquiv>
      </TextLine>
      <TextLine id="eSc_line_9ad144e9" custom="structure {type:default;}">
        <Coords points="570,2104 570,2139 1062,2126 1100,2142 1102,2142 1104,2142 1106,2142 1115,2142 1190,2128 1365,2142 1383,2142 1385,2142 1387,2142 1389,2142 1420,2126 1663,2126 1897,2142 1908,2142 1911,2142 1913,2142 1948,2126 2165,2126 2200,2142 2202,2142 2204,2144 2408,2144 2408,2142 2410,2142 2531,2126 2629,2142 2631,2144 2794,2144 2797,2102 2792,2064 567,2062 570,2104"/>
        <Baseline points="570,2104 2797,2102"/>
        <TextEquiv conf="0.997172044452868">
          <Unicode>Laterani 16214a Fratribus Ramesiensibus de concedendis bencficiis ecelesiasticis et de monachis</Unicode>
        </TextEquiv>
      </TextLine>
      <TextLine id="eSc_line_8f7bbe17" custom="structure {type:default;}">
        <Coords points="892,2047 892,2067 1820,2062 1822,2042 1818,2014 890,2014 892,2047"/>
        <Baseline points="892,2047 1822,2042"/>
        <TextEquiv conf="0.995391287301716">
          <Unicode>Rameseia I. 110. n. 570. — „Peryenit“.</Unicode>
        </TextEquiv>
      </TextLine>
      <TextLine id="eSc_line_e1cc6b5b" custom="structure {type:default;}">
        <Coords points="894,2155 894,2179 1809,2190 1811,2190 1884,2177 1893,2177 1900,2177 1966,2188 1968,2188 1970,2188 1997,2177 1999,2177 2026,2177 2282,2188 2284,2188 2430,2177 2456,2188 2459,2188 2461,2190 2770,2190 2770,2188 2772,2188 2801,2175 2801,2150 2794,2124 892,2126 894,2155"/>
        <Baseline points="894,2155 2801,2150"/>
        <TextEquiv conf="0.9986530972432487">
          <Unicode>in eorum collegium admittendis privilegium dat. Hart and Lyons Cartul. de Rame-</Unicode>
        </TextEquiv>
      </TextLine>
      <TextLine id="eSc_line_7197d54d" custom="structure {type:default;}">
        <Coords points="894,2206 892,2223 1038,2239 1040,2239 1042,2239 1071,2228 1259,2228 1283,2241 1285,2241 1288,2241 1290,2241 1555,2230 1632,2243 1634,2243 2001,2230 2003,2212 2001,2181 894,2177 894,2206"/>
        <Baseline points="894,2206 2003,2212"/>
        <TextEquiv conf="0.9934459754398891">
          <Unicode>seia II. 153. — „Si quando scriptis apostolicis“.</Unicode>
        </TextEquiv>
      </TextLine>
      <TextLine id="eSc_line_ba7e2dea" custom="structure {type:default;}">
        <Coords points="285,2270 285,2285 499,2298 501,2270 501,2239 388,2239 364,2217 353,2208 353,2206 351,2206 349,2206 285,2206 285,2270"/>
        <Baseline points="285,2270 501,2270"/>
        <TextEquiv conf="0.9991748673575265">
          <Unicode>Mai. 9.</Unicode>
        </TextEquiv>
      </TextLine>
      <TextLine id="eSc_line_e97c2096" custom="structure {type:default;}">
        <Coords points="620,2272 620,2296 673,2309 676,2309 678,2309 751,2287 751,2272 748,2241 620,2243 620,2272"/>
        <Baseline points="620,2272 751,2272"/>
        <TextEquiv conf="0.9999966025352478">
          <Unicode>„„</Unicode>
        </TextEquiv>
      </TextLine>
      <TextLine id="eSc_line_e6417b7f" custom="structure {type:default;}">
        <Coords points="828,2270 828,2287 2799,2292 2801,2263 2797,2230 850,2230 848,2230 846,2230 826,2239 828,2270"/>
        <Baseline points="828,2270 2801,2263"/>
        <TextEquiv conf="0.9941503049396887">
          <Unicode>16227 a Woldemaro, episcopo Slesvicensi, eiusque successoribus concessum a Kanuto,</Unicode>
        </TextEquiv>
      </TextLine>
      <TextLine id="eSc_line_a987d082" custom="structure {type:default;}">
        <Coords points="892,2323 892,2343 952,2358 954,2358 956,2358 996,2345 1003,2345 1228,2356 1230,2356 1232,2356 1235,2356 1248,2345 1252,2345 1285,2345 1475,2356 1478,2356 1643,2347 1721,2345 1736,2349 1771,2358 1774,2358 1776,2360 1948,2360 1948,2358 1950,2358 1953,2358 1964,2349 1970,2345 1986,2349 2010,2358 2012,2358 2014,2360 2249,2360 2249,2358 2251,2358 2264,2351 2277,2345 2306,2351 2330,2358 2333,2358 2335,2358 2794,2354 2797,2323 2792,2292 892,2292 892,2323"/>
        <Baseline points="892,2323 2797,2323"/>
        <TextEquiv conf="0.9979962867039901">
          <Unicode>rege Danorum, et confirmatum ab A(bsalone) archiepiscopo Lundensi privilegium.</Unicode>
        </TextEquiv>
      </TextLine>
      <TextLine id="eSc_line_969e7ba0" custom="structure {type:default;}">
        <Coords points="892,2378 892,2398 2799,2407 2801,2378 2799,2345 892,2345 892,2378"/>
        <Baseline points="892,2378 2801,2378"/>
        <TextEquiv conf="0.998637913921733">
          <Unicode>ut eorum villici et coloni „ab omni gravamine regio vel officialium suorum liberi</Unicode>
        </TextEquiv>
      </TextLine>
      <TextLine id="eSc_line_d8381ccb" custom="structure {type:default;}">
        <Coords points="894,2433 894,2451 2794,2455 2799,2433 2797,2404 894,2404 894,2433"/>
        <Baseline points="894,2433 2799,2433"/>
        <TextEquiv conf="0.9987538349934113">
          <Unicode>maneant et immunes“, corroborat. Hasse Schleswig-Holst.-Lauenburg. Reg. p. 81.</Unicode>
        </TextEquiv>
      </TextLine>
      <TextLine id="eSc_line_7e1eef16" custom="structure {type:default;}">
        <Coords points="282,2539 280,2559 300,2577 300,2579 302,2579 304,2579 307,2581 366,2581 366,2579 368,2579 371,2579 371,2577 386,2563 393,2557 517,2572 521,2544 521,2510 282,2497 282,2539"/>
        <Baseline points="282,2539 521,2544"/>
        <TextEquiv conf="0.9998873131615775">
          <Unicode>lan. S.</Unicode>
        </TextEquiv>
      </TextLine>
      <TextLine id="eSc_line_5dc42929" custom="structure {type:default;}">
        <Coords points="892,2482 890,2497 972,2499 983,2510 983,2513 985,2513 987,2513 989,2515 1281,2515 1281,2513 1283,2513 1303,2504 1310,2513 1312,2513 1312,2515 1314,2515 1316,2515 1319,2515 1729,2502 1732,2486 1729,2457 892,2453 892,2482"/>
        <Baseline points="892,2482 1732,2486"/>
        <TextEquiv conf="0.9999132769949296">
          <Unicode>— „Intelleximus quod charissimus“.</Unicode>
        </TextEquiv>
      </TextLine>
      <TextLine id="eSc_line_af7d9e34" custom="structure {type:default;}">
        <Coords points="603,2546 603,2555 718,2555 718,2546 718,2519 603,2519 603,2546"/>
        <Baseline points="603,2546 718,2546"/>
        <TextEquiv conf="0.8752951920032501">
          <Unicode>.„</Unicode>
        </TextEquiv>
      </TextLine>
      <TextLine id="eSc_line_4b143f85" custom="structure {type:default;}">
        <Coords points="835,2541 835,2563 1657,2574 1659,2574 1661,2574 1687,2563 1696,2563 2509,2572 2512,2572 2514,2572 2551,2561 2578,2572 2580,2572 2582,2574 2750,2574 2750,2572 2752,2572 2801,2559 2801,2537 2794,2508 832,2510 835,2541"/>
        <Baseline points="835,2541 2801,2537"/>
        <TextEquiv conf="0.9996727523924429">
          <Unicode>16275a Omnibus, qui ad ecclesiam S. Mariae de Castello Ianuensem in festo puri-</Unicode>
        </TextEquiv>
      </TextLine>
      <TextLine id="eSc_line_4d78e6fb" custom="structure {type:default;}">
        <Coords points="892,2597 892,2616 2799,2623 2801,2597 2799,2561 892,2563 892,2597"/>
        <Baseline points="892,2597 2801,2597"/>
        <TextEquiv conf="0.9967015014754401">
          <Unicode>ficationis S. Mariae (d. 2. Febr.) accesserint, indulgentiam concedit. Vigna Illustraz. di</Unicode>
        </TextEquiv>
      </TextLine>
      <TextLine id="eSc_line_45e51492" custom="structure {type:default;}">
        <Coords points="892,2654 892,2676 1232,2676 1246,2678 1321,2691 1323,2691 1325,2691 1327,2691 1349,2678 1354,2674 1601,2674 1612,2678 1648,2694 1650,2694 1652,2694 1818,2683 1946,2694 1948,2694 1950,2694 1979,2680 2030,2694 2032,2694 2034,2694 2123,2678 2167,2672 2218,2678 2249,2683 2251,2683 2315,2678 2421,2672 2452,2678 2498,2691 2501,2691 2503,2691 2801,2678 2803,2647 2797,2616 890,2621 892,2654"/>
        <Baseline points="892,2654 2803,2647"/>
        <TextEquiv conf="0.9986444364620161">
          <Unicode>S. M. di Castello p. 473 teste Desimoni Regesti p. 79. n. 268. — „Dignum est et</Unicode>
        </TextEquiv>
      </TextLine>
      <TextLine id="eSc_line_195463d9" custom="structure {type:default;}">
        <Coords points="890,2709 890,2742 1018,2749 1020,2749 1093,2733 1093,2709 1093,2676 890,2676 890,2709"/>
        <Baseline points="890,2709 1093,2709"/>
        <TextEquiv conf="0.9971127841207716">
          <Unicode>rationi“.</Unicode>
        </TextEquiv>
      </TextLine>
      <TextLine id="eSc_line_c4ad0962" custom="structure {type:default;}">
        <Coords points="806,2797 806,2813 826,2824 828,2824 830,2824 976,2811 976,2797 976,2758 832,2738 830,2738 828,2738 826,2738 806,2751 806,2797"/>
        <Baseline points="806,2797 976,2797"/>
        <TextEquiv conf="1.0">
          <Unicode>1189.</Unicode>
        </TextEquiv>
      </TextLine>
      <TextLine id="eSc_line_efc26187" custom="structure {type:default;}">
        <Coords points="282,2873 287,2906 300,2897 318,2906 335,2915 338,2915 340,2915 342,2915 344,2915 353,2906 368,2892 433,2888 470,2901 472,2901 475,2901 477,2901 479,2901 479,2899 492,2886 552,2886 587,2910 592,2912 594,2912 596,2912 598,2915 740,2915 740,2912 742,2912 744,2912 744,2910 757,2903 768,2912 777,2868 773,2826 552,2815 550,2815 547,2815 519,2828 512,2833 280,2833 282,2873"/>
        <Baseline points="282,2873 777,2868"/>
        <TextEquiv conf="0.975554602987626">
          <Unicode>Febr. S. Laterani</Unicode>
        </TextEquiv>
      </TextLine>
      <TextLine id="eSc_line_c5690306" custom="structure {type:default;}">
        <Coords points="806,2870 806,2888 1166,2901 1168,2901 1557,2890 1575,2901 1577,2901 1579,2901 1581,2903 1692,2903 1692,2901 1964,2888 2635,2899 2638,2899 2640,2899 2671,2888 2768,2899 2770,2899 2772,2899 2803,2884 2803,2866 2799,2837 804,2833 806,2870"/>
        <Baseline points="806,2870 2803,2866"/>
        <TextEquiv conf="0.9977275736360665">
          <Unicode>16379a *Compositionem inter fratres S. Bertini Sithienses et Claromarescenses super</Unicode>
        </TextEquiv>
      </TextLine>
      <TextLine id="eSc_line_3b54dadc" custom="structure {type:default;}">
        <Coords points="890,2923 890,2950 2735,2950 2735,2923 2735,2897 890,2897 890,2923"/>
        <Baseline points="890,2923 2735,2923"/>
        <TextEquiv conf="0.9943251747351426">
          <Unicode>decimis quibusdam factam confirmat. Haigneré Les chartes de Sf.-Bertin I. 159.</Unicode>
        </TextEquiv>
      </TextLine>
      <TextLine id="eSc_line_f40fa03a" custom="structure {type:default;}">
        <Coords points="892,2983 892,3014 1555,2998 1557,2979 1551,2948 890,2950 892,2983"/>
        <Baseline points="892,2983 1557,2979"/>
        <TextEquiv conf="0.9993750929832459">
          <Unicode>„Iustis petentium desideriis“.</Unicode>
        </TextEquiv>
      </TextLine>
      <TextLine id="eSc_line_28e0815f" custom="structure {type:default;}">
        <Coords points="804,3071 804,3085 870,3100 872,3100 967,3080 967,3067 963,3016 894,3001 892,3001 802,3018 804,3071"/>
        <Baseline points="804,3071 967,3067"/>
        <TextEquiv conf="0.9999999761581421">
          <Unicode>1191.</Unicode>
        </TextEquiv>
      </TextLine>
      <TextLine id="eSc_line_701dd73f" custom="structure {type:default;}">
        <Coords points="282,3146 282,3199 512,3175 512,3146 512,3115 459,3102 457,3102 428,3107 393,3113 380,3102 366,3091 366,3089 364,3089 362,3089 360,3089 282,3091 282,3146"/>
        <Baseline points="282,3146 512,3146"/>
        <TextEquiv conf="0.9999953111012777">
          <Unicode>Lan. „</Unicode>
        </TextEquiv>
      </TextLine>
      <TextLine id="eSc_line_e16b6dd4" custom="structure {type:default;}">
        <Coords points="545,3144 545,3252 821,3250 824,3250 826,3250 835,3244 892,3208 897,3195 916,3195 943,3180 1047,3157 1104,3180 1106,3180 1109,3180 1263,3177 1265,3177 1268,3177 1290,3164 1345,3173 1347,3173 1349,3173 1352,3173 1369,3162 1418,3180 1420,3180 1486,3182 1489,3182 1491,3182 1548,3164 1721,3177 1723,3177 1809,3160 1900,3180 1902,3180 2023,3175 2026,3175 2061,3160 2134,3180 2136,3180 2242,3182 2244,3182 2246,3182 2291,3164 2330,3180 2333,3180 2335,3182 2496,3182 2496,3180 2498,3180 2534,3164 2585,3180 2587,3180 2589,3180 2591,3180 2631,3166 2794,3180 2799,3140 2794,3107 565,3100 563,3100 561,3100 558,3100 543,3107 545,3144"/>
        <Baseline points="545,3144 2799,3140"/>
        <TextEquiv conf="0.8669977697390544">
          <Unicode>aurrt. Ipesle FPecleses et deceer menesten s Pemin Susieasis iatenbcte cce esco</Unicode>
        </TextEquiv>
      </TextLine>
      <TextLine id="eSc_line_f48ea74e" custom="structure {type:default;}">
        <Coords points="892,3199 892,3224 2794,3224 2797,3195 2790,3166 890,3166 892,3199"/>
        <Baseline points="892,3199 2797,3195"/>
        <TextEquiv conf="0.9904360948573976">
          <Unicode>municationi supponi sine rationabili causa vetat. Haigneré Les chartes de St.-Bertin</Unicode>
        </TextEquiv>
      </TextLine>
      <TextLine id="eSc_line_81f5e8af" custom="structure {type:default;}">
        <Coords points="315,3314 315,3425 391,3438 421,3469 461,3504 461,3506 463,3506 466,3506 468,3506 512,3504 510,3310 505,3266 452,3252 450,3252 424,3259 375,3270 355,3252 353,3250 351,3250 349,3250 313,3250 315,3314"/>
        <Baseline points="315,3314 510,3310"/>
        <TextEquiv conf="0.991319477558136">
          <Unicode>„</Unicode>
        </TextEquiv>
      </TextLine>
      <TextLine id="eSc_line_613a0165" custom="structure {type:default;}">
        <Coords points="574,3310 574,3347 731,3319 731,3310 731,3283 574,3283 574,3310"/>
        <Baseline points="574,3310 731,3310"/>
        <TextEquiv conf="1.0">
          <Unicode>„</Unicode>
        </TextEquiv>
      </TextLine>
      <TextLine id="eSc_line_2fcd6a9d" custom="structure {type:default;}">
        <Coords points="892,3257 892,3274 2388,3270 2390,3252 2383,3221 890,3226 892,3257"/>
        <Baseline points="892,3257 2390,3252"/>
        <TextEquiv conf="0.991904629394412">
          <Unicode>I. 165. n. 375. — „Iuxta postulantium rationabilem voluntafeni“.</Unicode>
        </TextEquiv>
      </TextLine>
      <TextLine id="eSc_line_eb5f8bc6" custom="structure {type:default;}">
        <Coords points="828,3312 828,3330 996,3345 998,3345 1000,3345 1003,3345 1022,3332 1166,3343 1168,3343 1524,3330 1555,3330 1557,3330 1577,3343 1579,3343 1581,3343 1584,3345 1780,3345 1780,3343 1782,3343 1820,3330 1829,3327 1849,3330 1926,3341 1928,3343 2151,3343 2151,3341 2154,3341 2156,3341 2171,3330 2174,3327 2187,3330 2251,3341 2253,3341 2799,3327 2799,3303 2792,3270 2403,3274 2397,3272 2383,3263 2381,3263 2379,3263 2377,3263 2375,3263 2372,3263 2359,3272 2355,3277 2180,3277 2169,3274 2140,3266 2138,3266 2136,3266 2074,3274 2059,3277 2052,3274 2026,3266 2023,3266 2021,3266 1847,3277 1805,3279 1794,3277 1756,3268 1754,3268 1752,3268 1749,3268 1716,3279 1710,3279 1692,3279 1570,3268 1568,3268 1566,3268 1564,3268 1546,3279 1537,3279 1323,3268 1321,3268 1319,3268 1316,3268 1301,3281 1296,3281 1170,3270 1168,3270 1166,3270 1140,3281 1122,3270 1120,3270 1117,3270 855,3270 852,3270 850,3270 826,3281 828,3312"/>
        <Baseline points="828,3312 2799,3303"/>
        <TextEquiv conf="0.9889668630964962">
          <Unicode>16651ß *Fratribus S. Bertini Sithiensibus et presbyteris eorum facultatem dat ex-</Unicode>
        </TextEquiv>
      </TextLine>
      <TextLine id="eSc_line_0042227b" custom="structure {type:default;}">
        <Coords points="890,3363 890,3389 2786,3387 2788,3358 2783,3330 888,3327 890,3363"/>
        <Baseline points="890,3363 2788,3358"/>
        <TextEquiv conf="0.9959799631645805">
          <Unicode>communicandi malefactores suos. Haigneré Les chartes de St.-Bertin I. 166. —</Unicode>
        </TextEquiv>
      </TextLine>
      <TextLine id="eSc_line_23f939ec" custom="structure {type:default;}">
        <Coords points="892,3420 892,3449 989,3460 992,3460 994,3460 996,3460 1009,3449 1011,3449 1022,3458 1025,3458 1027,3458 1029,3458 1031,3458 1073,3447 1075,3447 1080,3447 1115,3458 1117,3458 1120,3458 1122,3458 1124,3458 1135,3449 1148,3460 1151,3460 1153,3460 1155,3462 1226,3462 1226,3460 1228,3460 1230,3460 1248,3445 1588,3438 1588,3416 1581,3387 890,3389 892,3420"/>
        <Baseline points="892,3420 1588,3416"/>
        <TextEquiv conf="0.9893012683967064">
          <Unicode>„Cum postulantium desideria“.</Unicode>
        </TextEquiv>
      </TextLine>
    </TextRegion>
    <TextRegion id="eSc_textblock_84305987"  custom="structure {type:default;}">
      <Coords points="1212,150 1895,150 1913,236 1173,245 1173,159 1212,150"/>
      <TextLine id="eSc_line_d19856ca" custom="structure {type:default;}">
        <Coords points="1224,150 1221,150 1186,165 1186,212 1186,242 1886,245 1889,212 1889,167 1789,152 1787,152 1562,165 1548,154 1548,152 1546,152 1544,152 1486,152 1484,152 1422,165 1407,152 1405,152 1402,152 1226,150 1224,150"/>
        <Baseline points="1186,212 1889,212"/>
        <TextEquiv conf="0.9997839257121086">
          <Unicode>Supplementum regestorum.</Unicode>
        </TextEquiv>
      </TextLine>
    </TextRegion>
    <TextRegion id="eSc_textblock_4ce20015"  custom="structure {type:default;}">
      <Coords points="331,3445 342,3445 342,3451 326,3451 331,3445"/>
    </TextRegion>
  </Page>
</PcGts>
