<?xml version="1.0" encoding="UTF-8"  standalone="yes"?>
<PcGts xmlns="http://schema.primaresearch.org/PAGE/gts/pagecontent/2019-07-15" xmlns:xsi="http://www.w3.org/2001/XMLSchema-instance" xsi:schemaLocation="http://schema.primaresearch.org/PAGE/gts/pagecontent/2019-07-15 http://schema.primaresearch.org/PAGE/gts/pagecontent/2019-07-15/pagecontent.xsd">
  <Metadata externalRef="pdf//regestapontificu02cath.pdf">
	<Creator>escriptorium</Creator>
	<Created>2026-01-31T10:51:13.053837+00:00</Created>
        <LastChange>2026-02-04T22:46:16.485384+00:00</LastChange>
  </Metadata>
  <Page imageFilename="regestapontificu02cath.pdf_page_771.png" imageWidth="3007" imageHeight="3975">
    <TextRegion id="eSc_textblock_7effde53"  custom="structure {type:default;}">
      <Coords points="1018,318 2724,326 2706,1985 2741,2744 2706,2870 2724,3319 2697,3522 150,3522 114,432 176,344 377,362 404,1086 406,344 1018,318"/>
      <TextLine id="eSc_line_971cdf2d" custom="structure {type:default;}">
        <Coords points="687,393 687,417 848,417 848,386 843,337 768,329 766,329 682,342 687,393"/>
        <Baseline points="687,393 848,386"/>
        <TextEquiv conf="0.9999989032745361">
          <Unicode>1148.</Unicode>
        </TextEquiv>
      </TextLine>
      <TextLine id="eSc_line_6c7716e4" custom="structure {type:default;}">
        <Coords points="715,448 713,472 2675,479 2680,454 2677,415 2456,404 2454,404 2291,410 2154,417 2138,410 2123,404 2121,404 2118,404 2116,404 2101,410 2087,417 1882,417 1818,408 1760,401 1758,401 1681,406 1575,415 1480,406 1433,401 1431,401 1429,401 1418,406 1396,415 1374,406 1360,399 1358,399 1356,399 1288,404 1186,412 1142,404 1120,399 1117,399 1115,399 1113,399 1109,404 1093,415 852,415 715,401 715,448"/>
        <Baseline points="715,448 2680,454"/>
        <TextEquiv conf="0.9984631482944932">
          <Unicode>9291a Archiepiscopos, episcopos, abliates et universos ecclesiarum praelatos hortatur,</Unicode>
        </TextEquiv>
      </TextLine>
      <TextLine id="eSc_line_a26cdd7d" custom="structure {type:default;}">
        <Coords points="439,452 441,505 503,492 514,499 539,514 541,514 543,514 545,514 592,512 594,512 596,512 625,488 625,446 620,401 435,390 439,452"/>
        <Baseline points="439,452 625,446"/>
        <TextEquiv conf="0.7418263703584671">
          <Unicode>Ervin.</Unicode>
        </TextEquiv>
      </TextLine>
      <TextLine id="eSc_line_0b9b8b81" custom="structure {type:default;}">
        <Coords points="154,454 154,492 304,488 307,488 344,501 346,501 349,501 351,501 353,501 373,488 373,454 373,401 326,390 324,390 287,397 231,406 154,390 154,454"/>
        <Baseline points="154,454 373,454"/>
        <TextEquiv conf="0.9912140624863761">
          <Unicode>Sept. „</Unicode>
        </TextEquiv>
      </TextLine>
      <TextLine id="eSc_line_f0b0da9e" custom="structure {type:default;}">
        <Coords points="771,510 771,536 2677,534 2680,503 2673,470 768,474 771,510"/>
        <Baseline points="771,510 2680,503"/>
        <TextEquiv conf="0.9949672818183899">
          <Unicode>ut populum sibi commissum ad faciendas collectas in favorem Templariorum mil-</Unicode>
        </TextEquiv>
      </TextLine>
      <TextLine id="eSc_line_4aada996" custom="structure {type:default;}">
        <Coords points="768,563 768,585 2677,587 2682,558 2677,530 1738,518 1736,518 1734,518 1685,530 1027,521 1025,521 766,532 768,563"/>
        <Baseline points="768,563 2682,558"/>
        <TextEquiv conf="0.9943605973607018">
          <Unicode>moneant. Qui in eorum fraternitatem introierit eique annuatim beneficia persolverit,</Unicode>
        </TextEquiv>
      </TextLine>
      <TextLine id="eSc_line_b3d1f907" custom="structure {type:default;}">
        <Coords points="768,618 768,640 2684,636 2686,613 2680,587 766,589 768,618"/>
        <Baseline points="768,618 2686,613"/>
        <TextEquiv conf="0.9934415646961757">
          <Unicode>ci septimam partem iniunctae poenitentiae relaxat, cet. Ferreira Mem. dos Templarios</Unicode>
        </TextEquiv>
      </TextLine>
      <TextLine id="eSc_line_276f2d33" custom="structure {type:default;}">
        <Coords points="771,675 771,695 1763,706 1765,706 1853,691 1855,671 1849,638 768,640 771,675"/>
        <Baseline points="771,675 1855,671"/>
        <TextEquiv conf="0.9799074456095695">
          <Unicode>I. 11. 765. — „Milites templi Hlicrosolymitani“.</Unicode>
        </TextEquiv>
      </TextLine>
      <TextLine id="eSc_line_9fc98053" custom="structure {type:default;}">
        <Coords points="156,724 154,772 220,775 223,775 225,775 227,775 229,772 267,748 338,750 357,770 366,728 362,680 271,691 236,669 229,662 227,662 225,662 156,662 156,724"/>
        <Baseline points="156,724 366,728"/>
        <TextEquiv conf="0.9994618466922215">
          <Unicode>Oct. 6.</Unicode>
        </TextEquiv>
      </TextLine>
      <TextLine id="eSc_line_5a5fa154" custom="structure {type:default;}">
        <Coords points="718,726 718,746 2682,748 2684,726 2684,695 718,695 718,726"/>
        <Baseline points="718,726 2684,726"/>
        <TextEquiv conf="0.9922709879995901">
          <Unicode>91297 a Sententiam, qua Ivo quondam episcopus Carnotensis monasterio Columbensi</Unicode>
        </TextEquiv>
      </TextLine>
      <TextLine id="eSc_line_e61bc98d" custom="structure {type:default;}">
        <Coords points="768,783 768,806 2684,799 2686,777 2682,750 2048,739 2045,739 1984,750 1422,742 1420,742 1330,753 841,744 839,744 766,755 768,783"/>
        <Baseline points="768,783 2686,777"/>
        <TextEquiv conf="0.9982575454363009">
          <Unicode>ccclesiam de Villemeux adiudicaverat contra abbatiam S. Aviti Castrodunensem, con-</Unicode>
        </TextEquiv>
      </TextLine>
      <TextLine id="eSc_line_234c4e36" custom="structure {type:default;}">
        <Coords points="766,836 766,856 2618,867 2620,836 2620,808 766,808 766,836"/>
        <Baseline points="766,836 2620,836"/>
        <TextEquiv conf="0.9957301646848268">
          <Unicode>firmat. Merlet Hist. de l&#x27;abb. de Coulombs p. 24. Misit A. Clerval Carnotensis.</Unicode>
        </TextEquiv>
      </TextLine>
      <TextLine id="eSc_line_ac905155" custom="structure {type:default;}">
        <Coords points="718,887 715,909 731,920 733,920 735,920 737,920 1643,912 1701,923 1703,923 2680,912 2682,892 2680,861 718,856 718,887"/>
        <Baseline points="718,887 2682,892"/>
        <TextEquiv conf="0.9997480540740781">
          <Unicode>9297ß Sententiam Simonis de Montfort super falsatis titulis monialium de Villemeux</Unicode>
        </TextEquiv>
      </TextLine>
      <TextLine id="eSc_line_de520658" custom="structure {type:default;}">
        <Coords points="196,898 196,918 289,905 320,925 322,925 324,925 326,927 368,927 368,894 364,861 309,852 307,852 304,852 302,852 302,854 291,863 291,865 289,863 273,856 271,856 269,856 194,867 196,898"/>
        <Baseline points="196,898 368,894"/>
        <TextEquiv conf="0.9999302178621292">
          <Unicode>„ 6.</Unicode>
        </TextEquiv>
      </TextLine>
      <TextLine id="eSc_line_84818744" custom="structure {type:default;}">
        <Coords points="768,949 768,971 2680,969 2682,945 2677,916 1725,905 1723,905 1721,905 1718,905 1701,916 861,907 859,907 766,918 768,949"/>
        <Baseline points="768,949 2682,945"/>
        <TextEquiv conf="0.9961318729854212">
          <Unicode>confirmat. Merlet Ilist. de Labb. de Coulombs p. 24. Misit A. Clerval Carnotensis.</Unicode>
        </TextEquiv>
      </TextLine>
      <TextLine id="eSc_line_f127cf45" custom="structure {type:default;}">
        <Coords points="671,1042 671,1064 850,1060 850,1035 848,993 777,969 775,969 773,969 720,971 718,971 669,995 671,1042"/>
        <Baseline points="671,1042 850,1035"/>
        <TextEquiv conf="0.999999737739563">
          <Unicode>1150.</Unicode>
        </TextEquiv>
      </TextLine>
      <TextLine id="eSc_line_4333d424" custom="structure {type:default;}">
        <Coords points="421,1108 421,1132 2684,1135 2686,1108 2686,1071 2657,1055 2655,1055 2653,1055 2487,1071 2461,1073 2406,1071 2240,1062 2238,1062 2165,1068 2116,1073 2076,1068 1986,1055 1984,1055 1787,1066 1639,1073 1520,1064 1420,1055 1418,1055 1416,1055 1398,1062 1369,1075 870,1075 802,1057 797,1057 795,1057 788,1057 640,1073 609,1055 607,1055 605,1055 421,1055 421,1108"/>
        <Baseline points="421,1108 2686,1108"/>
        <TextEquiv conf="0.98765070438385">
          <Unicode>L&#x27;erentini 9421 a (9511 nostrae edit.) Fratribus Alciacensibus mandat, ut privilegia S. Bertini</Unicode>
        </TextEquiv>
      </TextLine>
      <TextLine id="eSc_line_ff44a251" custom="structure {type:default;}">
        <Coords points="156,1113 156,1163 236,1163 236,1161 238,1161 240,1161 258,1148 282,1135 371,1135 371,1113 371,1079 285,1079 267,1068 231,1051 229,1051 227,1051 156,1057 156,1113"/>
        <Baseline points="156,1113 371,1113"/>
        <TextEquiv conf="0.9212967455387115">
          <Unicode>Lvec. 8.</Unicode>
        </TextEquiv>
      </TextLine>
      <TextLine id="eSc_line_3baa31fb" custom="structure {type:default;}">
        <Coords points="768,1168 768,1190 2684,1185 2686,1163 2682,1137 766,1137 768,1168"/>
        <Baseline points="768,1168 2686,1163"/>
        <TextEquiv conf="0.9999810964972885">
          <Unicode>Sithiensis de electione abbatum Alciacensium observent. Fromentin Essai hist. sur</Unicode>
        </TextEquiv>
      </TextLine>
      <TextLine id="eSc_line_05dc5c9d" custom="structure {type:default;}">
        <Coords points="768,1223 768,1245 2680,1249 2684,1219 2677,1190 766,1190 768,1223"/>
        <Baseline points="768,1223 2684,1219"/>
        <TextEquiv conf="0.9974653727786486">
          <Unicode>les abbés de S. Silvin d&#x27;Auchy p. 96, teste Hlaigneré Les chartes de St.-Bertin I. 91,</Unicode>
        </TextEquiv>
      </TextLine>
      <TextLine id="eSc_line_6329bc61" custom="structure {type:default;}">
        <Coords points="766,1278 766,1302 2680,1296 2682,1272 2675,1243 764,1245 766,1278"/>
        <Baseline points="766,1278 2682,1272"/>
        <TextEquiv conf="0.9990408846310207">
          <Unicode>ubi fragmentum legitur. (Vide etiam Ioh. Longi chron. in MG. SS. XXV. 801.) —</Unicode>
        </TextEquiv>
      </TextLine>
      <TextLine id="eSc_line_e85f3766" custom="structure {type:default;}">
        <Coords points="768,1336 768,1355 1261,1360 1263,1360 1265,1360 1305,1347 1305,1329 1299,1300 766,1305 768,1336"/>
        <Baseline points="768,1336 1305,1329"/>
        <TextEquiv conf="0.9999987532695135">
          <Unicode>„Apostolicae sedis cui“.</Unicode>
        </TextEquiv>
      </TextLine>
      <TextLine id="eSc_line_b5fc910c" custom="structure {type:default;}">
        <Coords points="682,1424 682,1439 742,1455 744,1455 857,1439 1000,1453 1003,1453 1005,1453 1007,1453 1031,1437 1031,1419 1025,1375 680,1378 682,1424"/>
        <Baseline points="682,1424 1031,1419"/>
        <TextEquiv conf="0.9999997913837433">
          <Unicode>1145 — 1152.</Unicode>
        </TextEquiv>
      </TextLine>
      <TextLine id="eSc_line_0004e1a7" custom="structure {type:default;}">
        <Coords points="707,1497 707,1519 2684,1514 2686,1492 2682,1461 1957,1461 1871,1448 1869,1448 1813,1459 912,1450 910,1450 850,1461 782,1450 779,1450 704,1464 707,1497"/>
        <Baseline points="707,1497 2686,1492"/>
        <TextEquiv conf="0.9926808842693466">
          <Unicode>9505 a *Fratribus S. lohannis Hierosolymitanis donata a Simone ea. quae habebiat in</Unicode>
        </TextEquiv>
      </TextLine>
      <TextLine id="eSc_line_cb57faaa" custom="structure {type:default;}">
        <Coords points="154,1499 154,1545 249,1543 251,1543 254,1543 254,1541 271,1528 344,1528 364,1541 371,1499 371,1459 287,1457 280,1448 256,1428 256,1426 254,1426 251,1426 249,1426 154,1435 154,1499"/>
        <Baseline points="154,1499 371,1499"/>
        <TextEquiv conf="0.9891434535384178">
          <Unicode>Nov. 11.</Unicode>
        </TextEquiv>
      </TextLine>
      <TextLine id="eSc_line_47081104" custom="structure {type:default;}">
        <Coords points="768,1552 768,1574 2682,1570 2684,1548 2680,1521 766,1519 768,1552"/>
        <Baseline points="768,1552 2684,1548"/>
        <TextEquiv conf="0.9988148392815339">
          <Unicode>Montescurt, et domum de Ham et quae in feudum tenebat ab Eudone de Ham, con-</Unicode>
        </TextEquiv>
      </TextLine>
      <TextLine id="eSc_line_032e3492" custom="structure {type:default;}">
        <Coords points="764,1607 764,1631 2680,1634 2684,1603 2677,1574 762,1576 764,1607"/>
        <Baseline points="764,1607 2684,1603"/>
        <TextEquiv conf="0.999103268218595">
          <Unicode>firmat. Cocheris Notices et extraits des docum. relat. à Thist. de la Picardie II. 44.</Unicode>
        </TextEquiv>
      </TextLine>
      <TextLine id="eSc_line_d0f71d50" custom="structure {type:default;}">
        <Coords points="682,1702 682,1720 720,1737 722,1737 724,1740 788,1740 788,1737 790,1737 843,1711 843,1696 839,1651 786,1638 784,1638 678,1649 682,1702"/>
        <Baseline points="682,1702 843,1696"/>
        <TextEquiv conf="0.999999737739563">
          <Unicode>1152.</Unicode>
        </TextEquiv>
      </TextLine>
      <TextLine id="eSc_line_ee4c113f" custom="structure {type:default;}">
        <Coords points="159,1773 159,1808 2229,1797 2240,1797 2638,1806 2640,1806 2642,1806 2686,1793 2686,1768 2682,1735 156,1729 159,1773"/>
        <Baseline points="159,1773 2686,1768"/>
        <TextEquiv conf="0.9856728663984334">
          <Unicode>A„yv. 20. Pistoriae(?) 9569a *Fratribus templi Hierosolymitani concessum a Ludovico Francorum rege castrum</Unicode>
        </TextEquiv>
      </TextLine>
      <TextLine id="eSc_line_fd78dd20" custom="structure {type:default;}">
        <Coords points="768,1826 768,1850 2684,1846 2686,1821 2682,1793 766,1793 768,1826"/>
        <Baseline points="768,1826 2686,1821"/>
        <TextEquiv conf="0.9999671087545507">
          <Unicode>et castellaniam de Bazecs cum pertinentiis, in Aquitania sitam, aliaque privilegia ab</Unicode>
        </TextEquiv>
      </TextLine>
      <TextLine id="eSc_line_60f2a282" custom="structure {type:default;}">
        <Coords points="771,1881 771,1903 2684,1910 2686,1881 2686,1855 771,1852 771,1881"/>
        <Baseline points="771,1881 2686,1881"/>
        <TextEquiv conf="0.9969630699332167">
          <Unicode>ipso indulta confirmat. (Huius bullae, cui parvam fidem habemus, regestum praebet)</Unicode>
        </TextEquiv>
      </TextLine>
      <TextLine id="eSc_line_d962f48f" custom="structure {type:default;}">
        <Coords points="771,1936 771,1956 2280,1958 2282,1936 2282,1908 771,1903 771,1936"/>
        <Baseline points="771,1936 2282,1936"/>
        <TextEquiv conf="0.9967096215113997">
          <Unicode>Naberat Sommaire des privil. de l&#x27;ordre de St. Jean p. 17 et 18.</Unicode>
        </TextEquiv>
      </TextLine>
      <TextLine id="eSc_line_206b7b49" custom="structure {type:default;}">
        <Coords points="159,1987 156,2027 209,2029 212,2029 214,2029 223,2027 260,2009 368,2020 373,1991 373,1956 338,1943 335,1943 333,1943 300,1949 267,1956 159,1934 159,1987"/>
        <Baseline points="159,1987 373,1991"/>
        <TextEquiv conf="0.9919791296124458">
          <Unicode>Mai. 27.</Unicode>
        </TextEquiv>
      </TextLine>
      <TextLine id="eSc_line_b0bb5e19" custom="structure {type:default;}">
        <Coords points="444,1989 444,2020 908,2014 925,2020 947,2027 950,2027 952,2029 1111,2029 1111,2027 1190,2018 1239,2014 1285,2018 1374,2027 1376,2027 1378,2027 1400,2018 1411,2014 1690,2014 1696,2016 1714,2027 1716,2027 1718,2027 1721,2029 2244,2029 2244,2027 2304,2014 2311,2014 2319,2014 2432,2027 2434,2027 2496,2014 2498,2014 2684,2014 2686,1989 2684,1961 444,1949 444,1989"/>
        <Baseline points="444,1989 2686,1989"/>
        <TextEquiv conf="0.986710786819458">
          <Unicode>Signiac 9583a Monasterii S. Mariae in Horreo (Trevirensis) patrocinium suscipit. Goerz</Unicode>
        </TextEquiv>
      </TextLine>
      <TextLine id="eSc_line_9ee228e2" custom="structure {type:default;}">
        <Coords points="775,2047 775,2071 2684,2064 2686,2040 2680,2011 773,2011 775,2047"/>
        <Baseline points="775,2047 2686,2040"/>
        <TextEquiv conf="0.9931396774098843">
          <Unicode>Mittelrh. Reg. IV. 705 n. 2281. (Autographum est penes dom. Fier in Zclla supra</Unicode>
        </TextEquiv>
      </TextLine>
      <TextLine id="eSc_line_44806369" custom="structure {type:default;}">
        <Coords points="771,2097 768,2126 1029,2124 1031,2102 1031,2069 1003,2058 1000,2058 998,2058 996,2058 994,2058 980,2069 976,2069 901,2055 899,2055 897,2055 894,2055 881,2064 877,2067 771,2062 771,2097"/>
        <Baseline points="771,2097 1031,2102"/>
        <TextEquiv conf="0.9530158698558807">
          <Unicode>Mosellam.)</Unicode>
        </TextEquiv>
      </TextLine>
      <TextLine id="eSc_line_309b64a5" custom="structure {type:default;}">
        <Coords points="689,2192 689,2214 793,2221 795,2221 797,2221 848,2208 848,2186 841,2137 687,2142 689,2192"/>
        <Baseline points="689,2192 848,2186"/>
        <TextEquiv conf="0.9999998092651368">
          <Unicode>1153.</Unicode>
        </TextEquiv>
      </TextLine>
      <TextLine id="eSc_line_51f819b5" custom="structure {type:default;}">
        <Coords points="161,2265 161,2301 382,2301 382,2263 380,2212 346,2195 344,2195 342,2195 271,2210 256,2197 256,2195 254,2195 251,2195 201,2195 198,2195 196,2195 159,2210 161,2265"/>
        <Baseline points="161,2265 382,2263"/>
        <TextEquiv conf="0.9984956830739975">
          <Unicode>Mart. 4.</Unicode>
        </TextEquiv>
      </TextLine>
      <TextLine id="eSc_line_87524ead" custom="structure {type:default;}">
        <Coords points="433,2265 433,2287 1551,2298 1553,2298 1555,2298 1601,2287 2638,2296 2640,2296 2642,2296 2688,2283 2688,2261 2684,2232 2079,2232 2074,2230 2059,2219 2056,2219 2054,2219 2052,2219 2050,2219 2026,2230 2021,2232 1787,2232 1782,2228 1758,2219 1756,2219 1754,2219 1683,2228 1663,2230 1657,2228 1634,2219 1632,2219 1630,2219 1577,2228 1548,2232 1475,2228 1380,2221 1140,2221 1137,2221 1135,2221 1122,2226 1106,2232 1082,2226 1060,2221 1058,2221 1056,2221 430,2223 433,2265"/>
        <Baseline points="433,2265 2688,2261"/>
        <TextEquiv conf="0.9999238144844136">
          <Unicode>Laterani 9712a Ecclesiae S. Mariae Magdalenae Castrodunensis tutelam suscipit, possessionesque</Unicode>
        </TextEquiv>
      </TextLine>
      <TextLine id="eSc_line_c5ac0b48" custom="structure {type:default;}">
        <Coords points="768,2323 768,2340 1124,2354 1126,2354 1190,2343 1378,2351 1380,2351 1657,2340 1763,2351 1765,2351 1862,2340 1877,2351 1880,2351 1882,2351 1884,2354 2034,2354 2034,2351 2229,2340 2381,2349 2383,2349 2386,2349 2406,2338 2421,2349 2423,2349 2425,2349 2428,2349 2487,2338 2578,2349 2580,2349 2671,2334 2671,2316 2664,2290 766,2294 768,2323"/>
        <Baseline points="768,2323 2671,2316"/>
        <TextEquiv conf="0.9969388827100977">
          <Unicode>confirmat, petente Fulcherio abbate. Bourdas Hist. somm. du Dunois II. 216. —</Unicode>
        </TextEquiv>
      </TextLine>
      <TextLine id="eSc_line_ae5fb83a" custom="structure {type:default;}">
        <Coords points="773,2373 771,2409 773,2411 775,2411 775,2413 777,2413 779,2413 782,2413 784,2413 810,2402 846,2413 848,2413 850,2413 1022,2402 1142,2415 1144,2418 1221,2418 1221,2415 1224,2415 1226,2415 1226,2413 1237,2404 1400,2415 1402,2415 1405,2415 1429,2404 1438,2415 1440,2415 1440,2418 1442,2418 1444,2418 1447,2418 1771,2407 1774,2380 1771,2347 773,2340 773,2373"/>
        <Baseline points="773,2373 1774,2380"/>
        <TextEquiv conf="0.9852952731980218">
          <Unicode>„Effectum iuste (lege: iusta) postulantibus“.</Unicode>
        </TextEquiv>
      </TextLine>
      <TextLine id="eSc_line_a92709bc" custom="structure {type:default;}">
        <Coords points="1144,2729 1144,2749 1367,2749 1369,2749 1418,2769 1420,2769 1422,2771 1555,2771 1555,2769 1557,2769 1559,2769 1588,2751 1597,2758 1597,2760 1599,2760 1601,2760 1604,2760 1807,2747 1822,2747 1824,2747 1853,2767 1855,2767 1858,2767 1860,2769 1988,2769 1988,2767 1990,2767 1992,2767 2023,2747 2054,2767 2056,2767 2059,2767 2061,2769 2169,2769 2169,2767 2171,2767 2231,2744 2231,2725 2227,2678 2138,2663 2136,2663 2054,2676 1891,2665 1889,2665 1785,2676 1749,2650 1747,2650 1745,2650 1743,2650 1741,2650 1683,2665 1661,2652 1659,2652 1657,2652 1654,2652 1489,2654 1486,2654 1447,2669 1400,2652 1398,2652 1327,2652 1325,2652 1323,2652 1292,2669 1259,2652 1257,2652 1206,2652 1204,2652 1201,2652 1142,2678 1144,2729"/>
        <Baseline points="1144,2729 2231,2725"/>
        <TextEquiv conf="0.9847549080848694">
          <Unicode>4N1874814S IV. 1153—1151.</Unicode>
        </TextEquiv>
      </TextLine>
      <TextLine id="eSc_line_df9bdeb4" custom="structure {type:default;}">
        <Coords points="680,2784 680,2806 771,2815 773,2815 850,2795 850,2778 846,2731 676,2711 680,2784"/>
        <Baseline points="680,2784 850,2778"/>
        <TextEquiv conf="0.9999959468841553">
          <Unicode>1158.</Unicode>
        </TextEquiv>
      </TextLine>
      <TextLine id="eSc_line_71431d6a" custom="structure {type:default;}">
        <Coords points="161,2855 161,2899 371,2912 373,2855 371,2804 287,2813 249,2809 183,2800 181,2800 178,2800 176,2800 161,2809 161,2855"/>
        <Baseline points="161,2855 373,2855"/>
        <TextEquiv conf="0.9999079778790474">
          <Unicode>Aug. 2u.</Unicode>
        </TextEquiv>
      </TextLine>
      <TextLine id="eSc_line_5b049cb2" custom="structure {type:default;}">
        <Coords points="715,2857 715,2881 2684,2875 2686,2850 2682,2817 2489,2804 2487,2804 2485,2804 2456,2815 2456,2817 2275,2817 2262,2815 2158,2804 2156,2804 2154,2804 2151,2804 2138,2815 2136,2815 2132,2815 2096,2804 2094,2804 2092,2804 2043,2815 2026,2817 2012,2813 1988,2806 1986,2806 1984,2806 1935,2813 1908,2817 1782,2813 1586,2806 1584,2806 1542,2813 1506,2817 1491,2813 1475,2806 1473,2806 1471,2806 1420,2813 1356,2820 713,2811 715,2857"/>
        <Baseline points="715,2857 2686,2850"/>
        <TextEquiv conf="0.9801571332336811">
          <Unicode>in praesentia domni papae et totius curiae Nicolaus ablias Criptac-fcrratae Ulialdo pres-</Unicode>
        </TextEquiv>
      </TextLine>
      <TextLine id="eSc_line_007df77d" custom="structure {type:default;}">
        <Coords points="768,2912 768,2937 2682,2930 2684,2906 2680,2877 766,2877 768,2912"/>
        <Baseline points="768,2912 2684,2906"/>
        <TextEquiv conf="0.9973139628058388">
          <Unicode>bytero cardinali tit. S. Praxedis concessionem facit. Vide instrum. ap. Galletti Del</Unicode>
        </TextEquiv>
      </TextLine>
      <TextLine id="eSc_line_504151c5" custom="structure {type:default;}">
        <Coords points="764,2968 764,3009 936,3009 936,3007 938,3007 956,2998 972,2990 989,2996 1016,3005 1018,3005 1020,3005 1022,3005 1025,3005 1040,2994 1049,2987 1179,2985 1179,2963 1173,2934 762,2937 764,2968"/>
        <Baseline points="764,2968 1179,2963"/>
        <TextEquiv conf="0.9740718427826377">
          <Unicode>primicero p. 310.</Unicode>
        </TextEquiv>
      </TextLine>
      <TextLine id="eSc_line_41fc2e1a" custom="structure {type:default;}">
        <Coords points="684,3056 684,3074 1022,3069 1025,3049 1020,3012 954,3001 952,3001 817,3014 815,3014 797,3003 795,3003 793,3003 790,3003 682,3016 684,3056"/>
        <Baseline points="684,3056 1025,3049"/>
        <TextEquiv conf="0.9718538463115692">
          <Unicode>1153—1154.</Unicode>
        </TextEquiv>
      </TextLine>
      <TextLine id="eSc_line_94998cb9" custom="structure {type:default;}">
        <Coords points="713,3124 713,3151 2680,3151 2680,3124 2680,3096 2565,3082 2368,3082 2366,3082 2364,3082 2335,3093 2333,3093 713,3089 713,3124"/>
        <Baseline points="713,3124 2680,3124"/>
        <TextEquiv conf="0.9928868374763391">
          <Unicode>9809 a *Sub anathemate mandat, ut Erchembaudus et filius Stephani Gradulphi et</Unicode>
        </TextEquiv>
      </TextLine>
      <TextLine id="eSc_line_ae14d6d0" custom="structure {type:default;}">
        <Coords points="768,3184 768,3206 2039,3215 2041,3215 2682,3199 2682,3177 2675,3151 766,3155 768,3184"/>
        <Baseline points="768,3184 2682,3177"/>
        <TextEquiv conf="0.9994429030588695">
          <Unicode>quidam alii ablatam iniuste decimam ecclesiae S. Sollemnis, ad monasterium S. Mariae</Unicode>
        </TextEquiv>
      </TextLine>
      <TextLine id="eSc_line_83bad822" custom="structure {type:default;}">
        <Coords points="766,3241 766,3272 2381,3263 2383,3235 2379,3204 764,3204 766,3241"/>
        <Baseline points="766,3241 2383,3235"/>
        <TextEquiv conf="0.9986503389146593">
          <Unicode>Blasense pertinenti, restituant. Mclanges d&#x27;archéol. et d&#x27;hist. VI. 451.</Unicode>
        </TextEquiv>
      </TextLine>
      <TextLine id="eSc_line_d1e041ae" custom="structure {type:default;}">
        <Coords points="684,3330 684,3376 855,3363 855,3323 850,3286 720,3274 718,3274 715,3274 682,3283 684,3330"/>
        <Baseline points="684,3330 855,3323"/>
        <TextEquiv conf="0.999996542930603">
          <Unicode>1154.</Unicode>
        </TextEquiv>
      </TextLine>
      <TextLine id="eSc_line_7c4931fa" custom="structure {type:default;}">
        <Coords points="713,3396 711,3442 954,3445 996,3467 998,3467 1000,3469 1069,3469 1069,3467 1071,3467 1113,3447 1115,3447 1117,3447 1186,3469 1188,3469 1190,3471 1292,3471 1292,3469 1294,3469 1296,3469 1325,3449 1330,3447 1402,3447 1411,3449 1458,3469 1460,3469 1462,3471 2054,3471 2054,3469 2125,3456 2154,3451 2176,3456 2224,3471 2227,3471 2229,3471 2324,3458 2390,3449 2450,3460 2485,3464 2487,3464 2518,3460 2567,3451 2671,3460 2675,3400 2673,3367 713,3363 713,3396"/>
        <Baseline points="713,3396 2675,3400"/>
        <TextEquiv conf="0.9814306930417106">
          <Unicode>9pos c Feclesiae Gradensi privilegfum dat. In schedis Instituti Austriaci. Dedit T5.</Unicode>
        </TextEquiv>
      </TextLine>
      <TextLine id="eSc_line_a48696e4" custom="structure {type:default;}">
        <Coords points="161,3403 165,3526 187,3504 229,3504 251,3522 254,3522 256,3522 258,3522 302,3517 322,3537 324,3537 324,3539 326,3539 329,3539 331,3542 380,3542 380,3403 380,3363 335,3352 333,3352 331,3352 329,3352 315,3354 285,3363 260,3347 256,3343 254,3343 251,3343 161,3334 161,3403"/>
        <Baseline points="161,3403 380,3403"/>
        <TextEquiv conf="0.9285931438207626">
          <Unicode>2 *.</Unicode>
        </TextEquiv>
      </TextLine>
      <TextLine id="eSc_line_b5858abc" custom="structure {type:default;}">
        <Coords points="428,3403 428,3469 642,3464 642,3398 634,3321 596,3334 556,3325 539,3323 536,3323 426,3334 428,3403"/>
        <Baseline points="428,3403 642,3398"/>
        <TextEquiv conf="0.9783768802881241">
          <Unicode>Laterani</Unicode>
        </TextEquiv>
      </TextLine>
      <TextLine id="eSc_line_f8db0524" custom="structure {type:default;}">
        <Coords points="771,3453 768,3491 934,3493 938,3458 936,3422 771,3418 771,3453"/>
        <Baseline points="771,3453 938,3458"/>
        <TextEquiv conf="1.0">
          <Unicode>Sickel.</Unicode>
        </TextEquiv>
      </TextLine>
    </TextRegion>
    <TextRegion id="eSc_textblock_db9e37f6"  custom="structure {type:default;}">
      <Coords points="1069,176 1754,176 1789,262 1049,271 1040,185 1069,176"/>
      <TextLine id="eSc_line_c2901757" custom="structure {type:default;}">
        <Coords points="1752,189 1623,189 1610,176 1608,176 1586,176 1564,176 1542,176 1520,176 1497,176 1493,176 1471,187 1462,194 1378,194 1374,187 1360,176 1343,176 1321,176 1299,176 1292,176 1056,183 1058,242 1058,269 1760,269 1760,236 1756,196 1752,189"/>
        <Baseline points="1058,242 1760,236"/>
        <TextEquiv conf="0.9700742554664612">
          <Unicode>Supyilementum regestorum.</Unicode>
        </TextEquiv>
      </TextLine>
    </TextRegion>
    <TextRegion id="eSc_textblock_43e80e11"  custom="structure {type:default;}">
      <Coords points="2571,176 2680,176 2715,194 2715,245 2671,280 2549,271 2540,212 2571,176"/>
      <TextLine id="eSc_line_a04cf09b" custom="structure {type:default;}">
        <Coords points="2671,176 2649,176 2633,176 2573,178 2560,185 2565,240 2565,269 2677,271 2680,234 2671,176 2671,176"/>
        <Baseline points="2565,240 2680,234"/>
        <TextEquiv conf="0.9999993244806925">
          <Unicode>739</Unicode>
        </TextEquiv>
      </TextLine>
    </TextRegion>
  </Page>
</PcGts>
