<?xml version="1.0" encoding="UTF-8"  standalone="yes"?>
<PcGts xmlns="http://schema.primaresearch.org/PAGE/gts/pagecontent/2019-07-15" xmlns:xsi="http://www.w3.org/2001/XMLSchema-instance" xsi:schemaLocation="http://schema.primaresearch.org/PAGE/gts/pagecontent/2019-07-15 http://schema.primaresearch.org/PAGE/gts/pagecontent/2019-07-15/pagecontent.xsd">
  <Metadata externalRef="pdf//regestapontificu02cath.pdf">
	<Creator>escriptorium</Creator>
	<Created>2026-01-31T10:51:04.996694+00:00</Created>
        <LastChange>2026-02-12T10:56:46.685187+00:00</LastChange>
  </Metadata>
  <Page imageFilename="regestapontificu02cath.pdf_page_769.png" imageWidth="3007" imageHeight="3975">
    <TextRegion id="eSc_textblock_a49dabb6"  custom="structure {type:default;}">
      <Coords points="2554,318 2724,335 2733,379 2715,3531 2470,3531 2432,3557 150,3531 114,3177 88,1366 132,371 698,326 2554,318"/>
      <TextLine id="eSc_line_192e22ff" custom="structure {type:default;}">
        <Coords points="678,395 678,410 839,408 839,390 835,337 757,326 755,326 676,342 678,395"/>
        <Baseline points="678,395 839,390"/>
        <TextEquiv conf="0.9999974012374878">
          <Unicode>1139.</Unicode>
        </TextEquiv>
      </TextLine>
      <TextLine id="eSc_line_8546e0f3" custom="structure {type:default;}">
        <Coords points="154,457 154,488 368,481 368,452 357,384 311,415 258,417 220,388 218,388 216,388 152,388 154,457"/>
        <Baseline points="154,457 368,452"/>
        <TextEquiv conf="0.999819244657244">
          <Unicode>Mai. 3.</Unicode>
        </TextEquiv>
      </TextLine>
      <TextLine id="eSc_line_842b7f77" custom="structure {type:default;}">
        <Coords points="424,457 424,483 598,496 600,496 603,496 640,481 640,454 636,412 567,412 556,404 539,386 536,386 534,386 532,386 530,386 497,395 488,397 421,388 424,457"/>
        <Baseline points="424,457 640,454"/>
        <TextEquiv conf="0.999581903219223">
          <Unicode>Laterani</Unicode>
        </TextEquiv>
      </TextLine>
      <TextLine id="eSc_line_a54bbf88" custom="structure {type:default;}">
        <Coords points="678,454 678,485 2675,485 2677,452 2671,408 2266,415 2094,404 1964,397 1961,397 1959,397 1944,404 1919,417 1824,417 1802,404 1789,397 1787,397 1785,397 1729,404 1648,412 1632,401 1626,397 1623,397 1621,397 1542,397 1539,397 1537,397 1528,401 1511,412 1495,401 1489,397 1486,397 1484,397 1391,397 1389,397 1360,401 1283,415 1204,401 1190,399 1188,399 1166,401 1011,415 943,399 927,397 925,397 923,397 912,399 855,415 804,399 802,399 799,399 795,399 735,410 676,399 678,454"/>
        <Baseline points="678,454 2677,452"/>
        <TextEquiv conf="0.9936836333159941">
          <Unicode>8031 a -Galtero abbati et fratribus Ramesiensibus collatam a Stephano rege (terram)</Unicode>
        </TextEquiv>
      </TextLine>
      <TextLine id="eSc_line_a21fe011" custom="structure {type:default;}">
        <Coords points="762,510 762,532 2675,525 2677,503 2671,472 760,477 762,510"/>
        <Baseline points="762,510 2677,503"/>
        <TextEquiv conf="0.9976748971195964">
          <Unicode>de Riptona confirmat. Regest. in Hart and Lyons Cartul. de Rameseia I. 108. —</Unicode>
        </TextEquiv>
      </TextLine>
      <TextLine id="eSc_line_70fe1d73" custom="structure {type:default;}">
        <Coords points="766,565 766,591 1341,578 1343,558 1338,530 808,523 806,523 804,523 764,534 766,565"/>
        <Baseline points="766,565 1343,558"/>
        <TextEquiv conf="0.9999951819578806">
          <Unicode>„Acquum et rationabile“.</Unicode>
        </TextEquiv>
      </TextLine>
      <TextLine id="eSc_line_9a2d27f2" custom="structure {type:default;}">
        <Coords points="190,624 192,655 240,631 282,631 304,649 309,653 309,655 311,655 313,655 315,658 391,658 391,655 393,655 395,655 395,653 406,644 421,631 483,631 492,640 508,653 508,655 510,655 512,655 514,655 517,655 519,655 545,638 556,631 629,631 631,622 627,596 187,596 190,624"/>
        <Baseline points="190,624 631,622"/>
        <TextEquiv conf="0.9879917427897453">
          <Unicode>„ 5. „ „</Unicode>
        </TextEquiv>
      </TextLine>
      <TextLine id="eSc_line_6b681fb0" custom="structure {type:default;}">
        <Coords points="693,622 693,640 2677,644 2682,616 2677,583 1356,574 1354,574 1038,585 740,576 737,576 735,576 691,587 693,622"/>
        <Baseline points="693,622 2682,616"/>
        <TextEquiv conf="0.9950590424759443">
          <Unicode>80316 *Monasterii S. Benedicti Ramesiensis tutelam suscipit ac bona iuraque confirmat,</Unicode>
        </TextEquiv>
      </TextLine>
      <TextLine id="eSc_line_5209a2d4" custom="structure {type:default;}">
        <Coords points="766,677 766,706 2675,689 2677,666 2673,638 1551,631 1548,631 1546,631 1524,642 1177,633 1175,633 1173,633 1142,644 819,636 817,636 764,647 766,677"/>
        <Baseline points="766,677 2677,666"/>
        <TextEquiv conf="0.9908276308666576">
          <Unicode>petente Gautero abbate. Regest. in Hart and Lyons Cart. de Rameseia I. 108. —</Unicode>
        </TextEquiv>
      </TextLine>
      <TextLine id="eSc_line_b8e3b1ce" custom="structure {type:default;}">
        <Coords points="768,730 768,750 1073,755 1075,755 1078,755 1117,742 1117,724 1113,693 804,686 802,686 799,686 766,697 768,730"/>
        <Baseline points="768,730 1117,724"/>
        <TextEquiv conf="0.9946970827877522">
          <Unicode>„Sicut iniusta“.</Unicode>
        </TextEquiv>
      </TextLine>
      <TextLine id="eSc_line_4c23276f" custom="structure {type:default;}">
        <Coords points="154,783 154,823 267,810 293,814 329,821 331,821 333,821 368,810 382,821 382,823 384,823 386,823 388,823 391,823 393,823 406,810 406,783 406,746 265,746 254,733 247,728 247,726 245,726 243,726 154,726 154,783"/>
        <Baseline points="154,783 406,783"/>
        <TextEquiv conf="0.9986361190676689">
          <Unicode>Nov. 18.</Unicode>
        </TextEquiv>
      </TextLine>
      <TextLine id="eSc_line_0c97c65b" custom="structure {type:default;}">
        <Coords points="461,788 461,799 512,823 514,823 517,825 554,825 554,823 556,823 558,823 585,806 592,801 623,806 625,788 625,761 501,744 499,744 497,744 461,759 461,788"/>
        <Baseline points="461,788 625,788"/>
        <TextEquiv conf="0.9999998807907104">
          <Unicode>(„)</Unicode>
        </TextEquiv>
      </TextLine>
      <TextLine id="eSc_line_b679f2d6" custom="structure {type:default;}">
        <Coords points="689,786 689,801 2684,801 2684,777 2680,746 1188,739 1186,739 1102,750 729,742 726,742 724,742 687,753 689,786"/>
        <Baseline points="689,786 2684,777"/>
        <TextEquiv conf="0.9915612971081453">
          <Unicode>8052a Ecclesiae S. Laurentii Viterbiensi ecclesiam S. Valentini de Burgo asserit. (Si</Unicode>
        </TextEquiv>
      </TextLine>
      <TextLine id="eSc_line_cd5562c1" custom="structure {type:default;}">
        <Coords points="766,839 766,861 2682,856 2684,834 2677,806 764,806 766,839"/>
        <Baseline points="766,839 2684,834"/>
        <TextEquiv conf="0.9996055444566215">
          <Unicode>genuina est bulla, pro „Dat. p. m. Andreae S. R. E. diac. card. et cancell.“ certe</Unicode>
        </TextEquiv>
      </TextLine>
      <TextLine id="eSc_line_1463a8a8" custom="structure {type:default;}">
        <Coords points="768,889 766,916 2677,925 2682,896 2680,861 768,854 768,889"/>
        <Baseline points="768,889 2682,896"/>
        <TextEquiv conf="0.9987493805587292">
          <Unicode>legendum est: „Aimerici“.) Christofori Le tombe dei papi in Viterbo, Siena 1887,</Unicode>
        </TextEquiv>
      </TextLine>
      <TextLine id="eSc_line_a7b4b7eb" custom="structure {type:default;}">
        <Coords points="766,949 766,971 1440,978 1442,978 1444,978 1447,978 1460,967 1460,949 1460,918 1438,907 1436,907 1433,907 1431,907 1429,907 1414,918 1005,907 1003,907 930,918 881,907 879,907 877,907 766,918 766,949"/>
        <Baseline points="766,949 1460,949"/>
        <TextEquiv conf="0.9732652668442044">
          <Unicode>p. 430. (Misit Winkcelmann.)</Unicode>
        </TextEquiv>
      </TextLine>
      <TextLine id="eSc_line_c63ab797" custom="structure {type:default;}">
        <Coords points="713,998 711,1020 2682,1024 2686,1002 2684,971 1714,971 1676,962 1652,958 1650,958 1394,960 777,967 713,956 713,998"/>
        <Baseline points="713,998 2686,1002"/>
        <TextEquiv conf="0.9969807336496752">
          <Unicode>8066a Monasterii Herdensis regulam S. Augustini ac possessiones confirmat, privilegia-</Unicode>
        </TextEquiv>
      </TextLine>
      <TextLine id="eSc_line_cc77a2c7" custom="structure {type:default;}">
        <Coords points="766,1060 766,1084 2680,1084 2682,1053 2675,1026 764,1031 766,1060"/>
        <Baseline points="766,1060 2682,1053"/>
        <TextEquiv conf="0.9992530643939972">
          <Unicode>que constituit, Anselmo praeposito per Anselmum, episcopum Spirensem, petente.</Unicode>
        </TextEquiv>
      </TextLine>
      <TextLine id="eSc_line_fcc365f7" custom="structure {type:default;}">
        <Coords points="766,1113 766,1137 2682,1137 2684,1108 2680,1082 1727,1071 1725,1071 1723,1071 1721,1071 1707,1082 808,1073 806,1073 804,1073 764,1084 766,1113"/>
        <Baseline points="766,1113 2684,1108"/>
        <TextEquiv conf="0.9991253425803366">
          <Unicode>(Bullae fidem non satis habeo exploratam.) Remling Urkundl. Gesch. der Abt. und</Unicode>
        </TextEquiv>
      </TextLine>
      <TextLine id="eSc_line_cbdeda19" custom="structure {type:default;}">
        <Coords points="768,1170 768,1190 1124,1203 1126,1203 1129,1203 1131,1203 1131,1201 1142,1192 1246,1201 1248,1201 1303,1188 1310,1188 1314,1188 1387,1201 1389,1201 1391,1201 1394,1201 1414,1188 1416,1188 1493,1188 1506,1199 1506,1201 1509,1201 1511,1201 1513,1203 1595,1203 1595,1201 1668,1185 1674,1185 1679,1185 1743,1199 1745,1199 1747,1199 1771,1185 1787,1199 1789,1199 1791,1199 1794,1199 1893,1185 1895,1185 1950,1199 1953,1199 1955,1199 1957,1199 2010,1183 2010,1163 2006,1137 1736,1137 1690,1124 1687,1124 1685,1124 1683,1124 1681,1124 1681,1126 1670,1137 1588,1137 1564,1126 1562,1126 1559,1126 1398,1137 1319,1126 1316,1126 1314,1126 1288,1137 1235,1126 1232,1126 1230,1126 1228,1126 1228,1128 1217,1137 932,1128 930,1128 927,1128 925,1128 908,1139 868,1128 866,1128 863,1128 861,1128 839,1139 777,1128 775,1128 773,1128 771,1128 771,1130 768,1130 766,1130 768,1170"/>
        <Baseline points="768,1170 2010,1163"/>
        <TextEquiv conf="0.9834347554281646">
          <Unicode>Kl. in Rheinbayern II. 319. — „Super his, quae de“.</Unicode>
        </TextEquiv>
      </TextLine>
      <TextLine id="eSc_line_fc4fd42d" custom="structure {type:default;}">
        <Coords points="684,1269 684,1294 771,1307 773,1307 863,1289 863,1265 859,1225 757,1210 755,1210 682,1227 684,1269"/>
        <Baseline points="684,1269 863,1265"/>
        <TextEquiv conf="1.0">
          <Unicode>1140.</Unicode>
        </TextEquiv>
      </TextLine>
      <TextLine id="eSc_line_c0e7a819" custom="structure {type:default;}">
        <Coords points="139,1355 139,1380 194,1397 196,1397 198,1397 201,1397 229,1389 254,1380 287,1393 311,1402 313,1402 315,1402 371,1397 371,1351 360,1276 349,1287 265,1287 254,1276 238,1263 238,1260 236,1260 234,1260 150,1258 148,1258 145,1258 143,1258 143,1260 136,1265 139,1355"/>
        <Baseline points="139,1355 371,1351"/>
        <TextEquiv conf="0.9549875408411026">
          <Unicode>ante dua</Unicode>
        </TextEquiv>
      </TextLine>
      <TextLine id="eSc_line_a938d374" custom="structure {type:default;}">
        <Coords points="691,1355 691,1397 813,1397 815,1397 885,1369 1047,1393 1049,1393 1051,1393 1095,1380 1111,1391 1113,1391 1115,1391 1117,1391 1120,1391 1122,1391 1151,1373 1272,1382 1274,1382 1277,1382 1310,1366 1327,1380 1330,1380 1332,1380 1334,1380 1482,1380 1522,1391 1533,1393 1535,1393 1537,1393 1555,1391 1606,1380 1637,1389 1639,1389 1641,1389 1643,1389 1646,1389 1670,1373 1727,1384 1729,1384 1732,1384 1734,1384 1758,1369 1908,1378 1911,1378 1913,1378 1915,1378 1935,1364 2059,1364 2118,1382 2121,1382 2123,1382 2125,1382 2187,1366 2235,1380 2238,1380 2240,1380 2686,1375 2688,1347 2684,1318 689,1318 691,1355"/>
        <Baseline points="691,1355 2688,1347"/>
        <TextEquiv conf="0.9932285604022798">
          <Unicode>18099a Hariulpho, abbati Aldenburgensi, ita scribit: . . . „ Cum monachus S. Medardi</Unicode>
        </TextEquiv>
      </TextLine>
      <TextLine id="eSc_line_a53107be" custom="structure {type:default;}">
        <Coords points="766,1411 766,1433 2684,1428 2686,1404 2680,1375 764,1380 766,1411"/>
        <Baseline points="766,1411 2686,1404"/>
        <TextEquiv conf="0.9929765211530479">
          <Unicode>Suessionensis quondam fueris ct a tua professione recedens cellam in prioratum tibi</Unicode>
        </TextEquiv>
      </TextLine>
      <TextLine id="eSc_line_4ebd0b4d" custom="structure {type:default;}">
        <Coords points="766,1464 766,1488 2686,1486 2688,1459 2684,1431 764,1431 766,1464"/>
        <Baseline points="766,1464 2688,1459"/>
        <TextEquiv conf="0.9990300653978835">
          <Unicode>astutia feceris, S. Medardi monasterium tua obedientia suaque ecclesiastica (iustitia)</Unicode>
        </TextEquiv>
      </TextLine>
      <TextLine id="eSc_line_5a7bf12d" custom="structure {type:default;}">
        <Coords points="768,1519 768,1543 2682,1541 2684,1514 2680,1486 1765,1475 1763,1475 1760,1475 1721,1486 846,1477 843,1477 766,1488 768,1519"/>
        <Baseline points="768,1519 2684,1514"/>
        <TextEquiv conf="0.9994570471346378">
          <Unicode>spoliaveris, mandamus ut deposito baculo, abbati S. Medardi te ut suum monarchum</Unicode>
        </TextEquiv>
      </TextLine>
      <TextLine id="eSc_line_3a3ae040" custom="structure {type:default;}">
        <Coords points="768,1574 768,1598 2682,1594 2684,1570 2677,1543 766,1545 768,1574"/>
        <Baseline points="768,1574 2684,1570"/>
        <TextEquiv conf="0.9999637113341803">
          <Unicode>(lege: monachum) sibique iure obedientem celerius restituas et capitulo fratrum</Unicode>
        </TextEquiv>
      </TextLine>
      <TextLine id="eSc_line_e8782a8e" custom="structure {type:default;}">
        <Coords points="766,1631 766,1651 1204,1662 1206,1662 1208,1662 1246,1651 1250,1651 1254,1651 1305,1662 1307,1662 1482,1651 1533,1649 1573,1651 1683,1660 1685,1660 1732,1651 1747,1649 1893,1649 1897,1651 1911,1660 1913,1660 1915,1660 1917,1662 2032,1662 2032,1660 2034,1660 2037,1660 2048,1651 2056,1647 2295,1647 2304,1651 2319,1658 2322,1658 2324,1658 2684,1649 2686,1625 2682,1594 782,1590 779,1590 777,1590 775,1590 764,1596 766,1631"/>
        <Baseline points="766,1631 2686,1625"/>
        <TextEquiv conf="0.9952273418505987">
          <Unicode>S. Medardi ecclesiam quam tulisti restituas“. De harum litterarum fide cf. Hariulphi</Unicode>
        </TextEquiv>
      </TextLine>
      <TextLine id="eSc_line_d9497b67" custom="structure {type:default;}">
        <Coords points="766,1684 766,1711 2682,1711 2684,1680 2677,1651 764,1654 766,1684"/>
        <Baseline points="766,1684 2684,1680"/>
        <TextEquiv conf="0.9967120951268731">
          <Unicode>narrationem in Chron. Aldenburg. ed. Van de Putte p. 56 sq. — „Non est laudandum“.</Unicode>
        </TextEquiv>
      </TextLine>
      <TextLine id="eSc_line_e2adc074" custom="structure {type:default;}">
        <Coords points="682,1790 682,1804 757,1832 760,1832 762,1832 764,1832 848,1799 848,1786 846,1744 786,1724 784,1724 782,1724 779,1724 746,1733 735,1735 680,1726 682,1790"/>
        <Baseline points="682,1790 848,1786"/>
        <TextEquiv conf="0.9999994993209839">
          <Unicode>1141.</Unicode>
        </TextEquiv>
      </TextLine>
      <TextLine id="eSc_line_944100e0" custom="structure {type:default;}">
        <Coords points="163,1870 163,1916 194,1927 196,1927 198,1927 201,1927 236,1916 254,1910 278,1914 353,1930 355,1930 357,1930 360,1930 360,1927 375,1912 377,1908 426,1908 433,1912 457,1927 459,1927 461,1927 463,1930 576,1930 576,1927 578,1927 581,1927 603,1908 645,1905 647,1866 640,1813 541,1817 503,1808 455,1797 452,1797 450,1797 419,1806 377,1819 329,1804 311,1799 309,1799 307,1799 304,1799 302,1799 296,1804 271,1819 161,1802 163,1870"/>
        <Baseline points="163,1870 647,1866"/>
        <TextEquiv conf="0.9684762604096356">
          <Unicode>Lan. 27. Lavevani</Unicode>
        </TextEquiv>
      </TextLine>
      <TextLine id="eSc_line_49ddcf7d" custom="structure {type:default;}">
        <Coords points="709,1866 707,1888 2686,1892 2691,1870 2688,1839 709,1835 709,1866"/>
        <Baseline points="709,1866 2691,1870"/>
        <TextEquiv conf="0.9952330526183634">
          <Unicode>8124 a Monasterii S. Benedicti Ramesiensis tutelam suscipit ac possessiones et privi-</Unicode>
        </TextEquiv>
      </TextLine>
      <TextLine id="eSc_line_2d85fe0b" custom="structure {type:default;}">
        <Coords points="771,1925 771,1949 2688,1949 2688,1925 2688,1894 771,1894 771,1925"/>
        <Baseline points="771,1925 2688,1925"/>
        <TextEquiv conf="0.9949607078622027">
          <Unicode>legia confirmat, petente Gautero abbate. Hart and Lyons Cart. de Rameseia II. 155.</Unicode>
        </TextEquiv>
      </TextLine>
      <TextLine id="eSc_line_15efa1ce" custom="structure {type:default;}">
        <Coords points="786,1983 786,2000 1091,2011 1093,2011 1095,2011 1120,2000 1155,2011 1157,2011 1159,2011 1672,1996 1674,1978 1668,1949 784,1952 786,1983"/>
        <Baseline points="786,1983 1674,1978"/>
        <TextEquiv conf="0.998636282779075">
          <Unicode>— „Apostolici moderaminis clementia“.</Unicode>
        </TextEquiv>
      </TextLine>
      <TextLine id="eSc_line_430a3de2" custom="structure {type:default;}">
        <Coords points="715,2036 715,2058 2688,2053 2691,2031 2686,2005 735,1996 733,1996 731,1996 729,1996 713,2002 715,2036"/>
        <Baseline points="715,2036 2691,2031"/>
        <TextEquiv conf="0.9999997600913048">
          <Unicode>8166a *Morinensem et Atrebatensem episcopos et abbatem Praemonstratensem iudices</Unicode>
        </TextEquiv>
      </TextLine>
      <TextLine id="eSc_line_dcf1a33c" custom="structure {type:default;}">
        <Coords points="768,2091 768,2115 2686,2111 2688,2086 2684,2058 766,2058 768,2091"/>
        <Baseline points="768,2091 2688,2086"/>
        <TextEquiv conf="0.9994384290241614">
          <Unicode>constituit inter monasterium S. Medardi Suessionense et Hariulphum, abbatem Alden-</Unicode>
        </TextEquiv>
      </TextLine>
      <TextLine id="eSc_line_4030688f" custom="structure {type:default;}">
        <Coords points="771,2144 768,2161 786,2175 788,2175 790,2175 793,2177 1014,2177 1014,2175 1016,2175 1018,2175 1036,2164 1168,2175 1170,2175 1173,2175 1204,2164 1292,2177 1294,2177 1354,2166 1376,2177 1378,2177 1380,2177 1723,2166 1765,2177 1767,2177 1769,2177 2039,2168 2079,2179 2081,2179 2083,2179 2198,2166 2200,2150 2198,2120 1787,2120 1778,2117 1723,2106 1721,2106 771,2111 771,2144"/>
        <Baseline points="771,2144 2200,2150"/>
        <TextEquiv conf="0.9989732775771827">
          <Unicode>burgensem. Vide Chron. Aldenburg. ed. Van de Putte p. 62.</Unicode>
        </TextEquiv>
      </TextLine>
      <TextLine id="eSc_line_54f360d9" custom="structure {type:default;}">
        <Coords points="682,2250 682,2272 753,2290 755,2290 857,2276 857,2250 857,2208 682,2192 682,2250"/>
        <Baseline points="682,2250 857,2250"/>
        <TextEquiv conf="1.0">
          <Unicode>1142.</Unicode>
        </TextEquiv>
      </TextLine>
      <TextLine id="eSc_line_7ed8da73" custom="structure {type:default;}">
        <Coords points="165,2329 165,2365 212,2385 214,2385 216,2385 282,2376 349,2367 386,2385 391,2329 391,2285 165,2274 165,2329"/>
        <Baseline points="165,2329 391,2329"/>
        <TextEquiv conf="0.9995261430740356">
          <Unicode>Nart. 21.</Unicode>
        </TextEquiv>
      </TextLine>
      <TextLine id="eSc_line_87e49fb5" custom="structure {type:default;}">
        <Coords points="430,2334 430,2354 612,2367 614,2367 616,2367 658,2351 658,2334 658,2294 430,2287 430,2334"/>
        <Baseline points="430,2334 658,2334"/>
        <TextEquiv conf="0.9999999701976776">
          <Unicode>Laterani</Unicode>
        </TextEquiv>
      </TextLine>
      <TextLine id="eSc_line_95386ceb" custom="structure {type:default;}">
        <Coords points="709,2334 709,2356 2691,2351 2693,2329 2688,2298 707,2296 709,2334"/>
        <Baseline points="709,2334 2693,2329"/>
        <TextEquiv conf="0.9993923999542413">
          <Unicode>8215 a Ecclesiae S. Saturnini Tolosanae patrocinium suscipit possessionesque et privi-</Unicode>
        </TextEquiv>
      </TextLine>
      <TextLine id="eSc_line_cc813ca2" custom="structure {type:default;}">
        <Coords points="775,2389 775,2411 2688,2407 2691,2385 2686,2358 773,2356 775,2389"/>
        <Baseline points="775,2389 2691,2385"/>
        <TextEquiv conf="0.9998812739338193">
          <Unicode>legia, rogatu Ugonis abbatis, confirmat, ea tamen lege, ut decem solidi Pictaviensis</Unicode>
        </TextEquiv>
      </TextLine>
      <TextLine id="eSc_line_72ccad50" custom="structure {type:default;}">
        <Coords points="773,2444 773,2464 2686,2471 2688,2444 2688,2415 773,2415 773,2444"/>
        <Baseline points="773,2444 2688,2444"/>
        <TextEquiv conf="0.9964300753122353">
          <Unicode>monetae veteris annuatim Lateranensi palatio solvantur. (Notae temporis in a. 1142,</Unicode>
        </TextEquiv>
      </TextLine>
      <TextLine id="eSc_line_cb11365a" custom="structure {type:default;}">
        <Coords points="775,2499 775,2524 2691,2517 2693,2493 2686,2464 773,2468 775,2499"/>
        <Baseline points="775,2499 2693,2493"/>
        <TextEquiv conf="0.9984010429609389">
          <Unicode>non 1141 concordant.) Douais Cartul. de St.-Sernin de Toulouse p. 481. — „Apostolici</Unicode>
        </TextEquiv>
      </TextLine>
      <TextLine id="eSc_line_404afdcf" custom="structure {type:default;}">
        <Coords points="773,2552 773,2570 841,2583 843,2583 1358,2570 1358,2552 1358,2524 773,2524 773,2552"/>
        <Baseline points="773,2552 1358,2552"/>
        <TextEquiv conf="0.9855664595961571">
          <Unicode>moderaminis clementiae“.</Unicode>
        </TextEquiv>
      </TextLine>
      <TextLine id="eSc_line_1c4bb851" custom="structure {type:default;}">
        <Coords points="689,2658 689,2691 1045,2687 1045,2650 1040,2608 925,2592 923,2592 921,2592 883,2610 707,2599 704,2599 702,2599 700,2599 687,2608 689,2658"/>
        <Baseline points="689,2658 1045,2650"/>
        <TextEquiv conf="0.9985926097089594">
          <Unicode>1138— 1143.</Unicode>
        </TextEquiv>
      </TextLine>
      <TextLine id="eSc_line_4db444a6" custom="structure {type:default;}">
        <Coords points="165,2738 165,2773 388,2756 391,2731 386,2691 163,2674 165,2738"/>
        <Baseline points="165,2738 391,2731"/>
        <TextEquiv conf="0.9999836683273315">
          <Unicode>Mart. 19.</Unicode>
        </TextEquiv>
      </TextLine>
      <TextLine id="eSc_line_f9798e8d" custom="structure {type:default;}">
        <Coords points="435,2736 435,2773 653,2795 656,2736 656,2685 435,2676 435,2736"/>
        <Baseline points="435,2736 656,2736"/>
        <TextEquiv conf="0.9983892813324928">
          <Unicode>Laterani</Unicode>
        </TextEquiv>
      </TextLine>
      <TextLine id="eSc_line_17a341d2" custom="structure {type:default;}">
        <Coords points="720,2738 720,2762 2691,2756 2693,2731 2688,2700 755,2694 753,2694 751,2694 718,2705 720,2738"/>
        <Baseline points="720,2738 2693,2731"/>
        <TextEquiv conf="0.9936014858982231">
          <Unicode>8295 a Pacem inter archidiaconum Drocensem et canonicos S. Stephani factam con-</Unicode>
        </TextEquiv>
      </TextLine>
      <TextLine id="eSc_line_73a01948" custom="structure {type:default;}">
        <Coords points="777,2793 777,2815 2684,2817 2688,2789 2684,2760 775,2760 777,2793"/>
        <Baseline points="777,2793 2688,2789"/>
        <TextEquiv conf="0.9882828277277659">
          <Unicode>firmat. Cartul. de St. Etienne de Dreux in bibl. nat. Paris. ms. lat. 10106. f. 15.</Unicode>
        </TextEquiv>
      </TextLine>
      <TextLine id="eSc_line_932f2145" custom="structure {type:default;}">
        <Coords points="775,2850 775,2868 1122,2879 1124,2879 1126,2879 1157,2868 1188,2877 1190,2877 1193,2877 1500,2866 1522,2866 1524,2866 1535,2877 1537,2877 1539,2877 1542,2879 1643,2879 1643,2877 1646,2877 1690,2866 1727,2877 1729,2877 1732,2877 1871,2864 1886,2864 1919,2864 2242,2875 2244,2875 2246,2875 2288,2862 2288,2844 2284,2817 1950,2806 1948,2806 773,2820 775,2850"/>
        <Baseline points="775,2850 2288,2844"/>
        <TextEquiv conf="0.9806793102851281">
          <Unicode>Misit A. Clerval Carnotensis. — „Solet annuere sedes apostolica“.</Unicode>
        </TextEquiv>
      </TextLine>
      <TextLine id="eSc_line_5c0ac767" custom="structure {type:default;}">
        <Coords points="172,2903 178,2943 185,2934 218,2939 249,2943 251,2943 254,2943 256,2943 267,2934 282,2923 384,2923 386,2899 382,2866 170,2859 172,2903"/>
        <Baseline points="172,2903 386,2899"/>
        <TextEquiv conf="0.980973448072161">
          <Unicode>lun. 7.</Unicode>
        </TextEquiv>
      </TextLine>
      <TextLine id="eSc_line_c2b66194" custom="structure {type:default;}">
        <Coords points="512,2908 512,2928 547,2934 550,2934 552,2934 554,2934 554,2932 567,2921 572,2917 607,2917 607,2908 607,2881 512,2879 512,2908"/>
        <Baseline points="512,2908 607,2908"/>
        <TextEquiv conf="1.0">
          <Unicode>„</Unicode>
        </TextEquiv>
      </TextLine>
      <TextLine id="eSc_line_9f868b08" custom="structure {type:default;}">
        <Coords points="718,2906 718,2943 888,2926 1000,2939 1003,2939 1005,2939 1045,2926 1162,2939 1164,2939 1166,2939 1217,2923 1449,2939 1458,2939 1460,2939 1462,2939 1515,2923 1590,2923 1617,2937 1621,2939 1623,2939 1626,2941 1703,2941 1703,2939 1705,2939 1714,2937 1763,2921 1908,2934 1961,2939 1964,2939 1966,2939 1977,2934 1997,2926 2094,2932 2156,2937 2158,2937 2160,2937 2163,2937 2169,2932 2185,2921 2249,2932 2288,2937 2291,2937 2293,2937 2295,2937 2302,2930 2319,2919 2388,2930 2436,2937 2439,2937 2476,2928 2512,2921 2523,2928 2527,2932 2529,2932 2531,2932 2534,2932 2693,2926 2695,2897 2691,2868 1723,2859 1721,2859 1601,2870 1592,2870 1575,2870 1274,2862 1272,2862 715,2873 718,2906"/>
        <Baseline points="718,2906 2695,2897"/>
        <TextEquiv conf="0.991686035479818">
          <Unicode>8312a Leoni abbati et monachis S. Bertini Sithiensis scribit, sese, acceptis Milonis</Unicode>
        </TextEquiv>
      </TextLine>
      <TextLine id="eSc_line_c4bff606" custom="structure {type:default;}">
        <Coords points="782,2956 782,2983 2691,2974 2693,2950 2688,2923 779,2921 782,2956"/>
        <Baseline points="782,2956 2693,2950"/>
        <TextEquiv conf="0.9928839062822277">
          <Unicode>Morinensis et Alvisi Atrebatensis episcoporum litteris, querelam Henrici clerici contra</Unicode>
        </TextEquiv>
      </TextLine>
      <TextLine id="eSc_line_59a8c42f" custom="structure {type:default;}">
        <Coords points="777,3009 777,3034 2693,3034 2693,3009 2693,2983 777,2983 777,3009"/>
        <Baseline points="777,3009 2693,3009"/>
        <TextEquiv conf="0.9940502310083026">
          <Unicode>eos recipere noluisse, sed ei mandatum esse, ut ab infestatione monasterii desistat.</Unicode>
        </TextEquiv>
      </TextLine>
      <TextLine id="eSc_line_760fa364" custom="structure {type:default;}">
        <Coords points="779,3067 779,3089 2688,3087 2691,3060 2684,3029 777,3036 779,3067"/>
        <Baseline points="779,3067 2691,3060"/>
        <TextEquiv conf="0.999137975820681">
          <Unicode>Miloni Morinensi negotium se dedisse, ut de clerico iustitiam canonicam faciat, si</Unicode>
        </TextEquiv>
      </TextLine>
      <TextLine id="eSc_line_17f006b4" custom="structure {type:default;}">
        <Coords points="777,3124 777,3146 2688,3142 2691,3120 2684,3089 775,3091 777,3124"/>
        <Baseline points="777,3124 2691,3120"/>
        <TextEquiv conf="0.9998269535246349">
          <Unicode>apostolici mandati transgessor exstiterit. Haigneré Les chartes de St.-Bertin I. 77.</Unicode>
        </TextEquiv>
      </TextLine>
      <TextLine id="eSc_line_4b7dc68d" custom="structure {type:default;}">
        <Coords points="779,3173 777,3191 859,3206 861,3206 1020,3195 1034,3206 1036,3206 1038,3206 1162,3208 1164,3208 1166,3208 1190,3197 1224,3208 1226,3208 1228,3208 1526,3195 1528,3177 1526,3146 779,3142 779,3173"/>
        <Baseline points="779,3173 1528,3177"/>
        <TextEquiv conf="0.9965638101100922">
          <Unicode>— „Beati Bertini monasterium“.</Unicode>
        </TextEquiv>
      </TextLine>
      <TextLine id="eSc_line_3c8795c6" custom="structure {type:default;}">
        <Coords points="691,3274 691,3310 866,3303 866,3270 861,3210 751,3193 748,3193 746,3193 744,3193 722,3210 720,3213 689,3213 691,3274"/>
        <Baseline points="691,3274 866,3270"/>
        <TextEquiv conf="0.9547299146652222">
          <Unicode>114s.</Unicode>
        </TextEquiv>
      </TextLine>
      <TextLine id="eSc_line_b6aa2cc1" custom="structure {type:default;}">
        <Coords points="178,3361 178,3458 273,3438 298,3451 313,3462 315,3462 318,3462 320,3462 322,3462 355,3451 366,3460 366,3462 368,3462 371,3462 373,3464 490,3464 490,3462 492,3462 494,3462 517,3442 656,3429 656,3361 656,3314 585,3294 583,3294 581,3294 481,3310 472,3312 470,3310 450,3292 450,3290 448,3290 446,3290 368,3290 366,3290 364,3290 333,3308 318,3314 178,3303 178,3361"/>
        <Baseline points="178,3361 656,3361"/>
        <TextEquiv conf="0.8865968080667349">
          <Unicode>Ar ie Lat sss</Unicode>
        </TextEquiv>
      </TextLine>
      <TextLine id="eSc_line_f2247fae" custom="structure {type:default;}">
        <Coords points="722,3361 722,3385 2695,3378 2695,3354 2691,3323 2063,3323 2026,3305 2023,3305 1847,3305 1844,3305 1842,3305 1805,3323 1524,3323 1380,3305 1378,3305 1184,3308 1182,3308 1146,3323 1053,3308 1051,3308 894,3323 771,3314 768,3314 766,3314 720,3327 722,3361"/>
        <Baseline points="722,3361 2695,3354"/>
        <TextEquiv conf="0.9947567907876746">
          <Unicode>8358 a Monasterii Caduinensis possessiones. bulla ad Petrum abbatem, confirmat, cfode-</Unicode>
        </TextEquiv>
      </TextLine>
      <TextLine id="eSc_line_bf88dee6" custom="structure {type:default;}">
        <Coords points="779,3416 779,3436 1398,3447 1400,3447 1533,3436 2569,3442 2571,3442 2688,3429 2688,3409 2682,3378 777,3383 779,3416"/>
        <Baseline points="779,3416 2688,3409"/>
        <TextEquiv conf="0.9935157012056421">
          <Unicode>frido) Burdigalensi archiepiscopo et L(amberto) Engolismensi ac G(aufrido) Petro-</Unicode>
        </TextEquiv>
      </TextLine>
      <TextLine id="eSc_line_8c181ffb" custom="structure {type:default;}">
        <Coords points="784,3467 782,3495 1380,3506 1383,3506 1462,3495 1511,3491 1577,3495 1690,3506 1692,3506 1694,3506 1714,3495 1721,3493 1745,3495 1827,3509 1829,3509 1968,3495 2014,3493 2463,3493 2483,3495 2540,3509 2543,3509 2545,3509 2567,3495 2573,3493 2682,3495 2686,3471 2684,3440 784,3436 784,3467"/>
        <Baseline points="784,3467 2686,3471"/>
        <TextEquiv conf="0.994763284562582">
          <Unicode>goricensi episcopis petentibus. Gourgues St.-Suaire de Cadouin, Paris 1868, p. 259.</Unicode>
        </TextEquiv>
      </TextLine>
      <TextLine id="eSc_line_8420f0ff" custom="structure {type:default;}">
        <Coords points="782,3524 782,3559 828,3573 830,3573 832,3573 972,3562 1299,3577 1301,3577 1431,3559 1506,3575 1509,3577 1581,3577 1581,3575 1584,3575 1586,3575 1606,3559 1663,3575 1665,3575 1668,3575 1902,3562 2341,3573 2344,3573 2454,3553 2454,3517 2448,3491 779,3495 782,3524"/>
        <Baseline points="782,3524 2454,3517"/>
        <TextEquiv conf="0.9958854291368934">
          <Unicode>ut mecum communicat comes Riant. — „Episcoporum precibus inclinati“.</Unicode>
        </TextEquiv>
      </TextLine>
    </TextRegion>
    <TextRegion id="eSc_textblock_30745328"  custom="structure {type:default;}">
      <Coords points="1201,176 1771,185 1780,253 1040,262 1049,185 1201,176"/>
      <TextLine id="eSc_line_ca7a4e24" custom="structure {type:default;}">
        <Coords points="1718,183 1696,183 1674,183 1652,183 1630,183 1608,181 1586,181 1564,181 1542,181 1520,181 1497,181 1475,178 1453,178 1431,178 1409,178 1387,178 1374,178 1272,185 1186,176 1166,176 1144,178 1122,178 1100,181 1095,181 1056,187 1058,245 1058,269 1758,271 1760,240 1756,185 1721,183 1718,183"/>
        <Baseline points="1058,245 1760,240"/>
        <TextEquiv conf="0.9842456436157226">
          <Unicode>Suppilementum regestornm.</Unicode>
        </TextEquiv>
      </TextLine>
    </TextRegion>
    <TextRegion id="eSc_textblock_b614618d"  custom="structure {type:default;}">
      <Coords points="2580,176 2715,194 2724,253 2558,280 2540,194 2580,176"/>
      <TextLine id="eSc_line_6bf1aa20" custom="structure {type:default;}">
        <Coords points="2673,187 2651,185 2629,183 2607,178 2585,176 2562,181 2567,245 2567,267 2680,265 2680,240 2673,187 2673,187"/>
        <Baseline points="2567,245 2680,240"/>
        <TextEquiv conf="1.0">
          <Unicode>757</Unicode>
        </TextEquiv>
      </TextLine>
    </TextRegion>
  </Page>
</PcGts>
