<?xml version="1.0" encoding="UTF-8"  standalone="yes"?>
<PcGts xmlns="http://schema.primaresearch.org/PAGE/gts/pagecontent/2019-07-15" xmlns:xsi="http://www.w3.org/2001/XMLSchema-instance" xsi:schemaLocation="http://schema.primaresearch.org/PAGE/gts/pagecontent/2019-07-15 http://schema.primaresearch.org/PAGE/gts/pagecontent/2019-07-15/pagecontent.xsd">
  <Metadata>
	<Creator>escriptorium</Creator>
	<Created>2024-07-19T10:06:58.313121+00:00</Created>
        <LastChange>2024-08-08T08:30:52.071273+00:00</LastChange>
  </Metadata>
  <Page imageFilename="0181.png" imageWidth="3007" imageHeight="3975">
    <TextRegion id="eSc_textblock_fdf90095"  custom="structure {type:default;}">
      <Coords points="302,159 430,159 448,227 300,253 273,203 302,159"/>
      <TextLine id="eSc_line_37f07cb8" custom="structure {type:default;}">
        <Coords points="307,218 307,245 424,240 424,212 417,167 302,172 307,218"/>
        <Baseline points="307,218 424,212"/>
        <TextEquiv conf="1.0">
          <Unicode>168</Unicode>
        </TextEquiv>
      </TextLine>
    </TextRegion>
    <TextRegion id="eSc_textblock_98aeca8a"  custom="structure {type:default;}">
      <Coords points="2023,291 2883,318 2874,3513 919,3539 846,3504 592,3522 556,3486 545,3522 291,3522 273,335 309,309 837,344 857,309 1005,300 2023,291"/>
      <TextLine id="eSc_line_c922ca04" custom="structure {type:default;}">
        <Coords points="846,322 848,362 848,397 1325,397 1325,395 1327,395 1345,390 1365,384 1553,386 1877,393 1880,393 2001,382 2006,382 2014,382 2386,390 2388,390 2390,390 2392,390 2392,388 2401,379 2401,355 2394,309 861,309 846,322"/>
        <Baseline points="848,362 2401,355"/>
        <TextEquiv conf="0.9901779787881034">
          <Unicode>1163. (Ind. 11, pont a. 4. — 20. Sept. — 5, 1162. — 25. Mart. — 1163.)</Unicode>
        </TextEquiv>
      </TextLine>
      <TextLine id="eSc_line_09edecea" custom="structure {type:default;}">
        <Coords points="315,430 315,479 536,461 536,424 532,379 313,377 315,430"/>
        <Baseline points="315,430 536,424"/>
        <TextEquiv conf="0.9997844994068146">
          <Unicode>Apr. 25.</Unicode>
        </TextEquiv>
      </TextLine>
      <TextLine id="eSc_line_eff72d8c" custom="structure {type:default;}">
        <Coords points="594,430 594,461 649,474 651,474 790,463 790,421 786,375 589,368 594,430"/>
        <Baseline points="594,430 790,421"/>
        <TextEquiv conf="0.9994177222251892">
          <Unicode>Parisiis</Unicode>
        </TextEquiv>
      </TextLine>
      <TextLine id="eSc_line_2b9d95d0" custom="structure {type:default;}">
        <Coords points="877,426 877,450 2845,443 2847,419 2843,388 2775,375 2772,375 2646,386 2620,375 2618,375 2615,375 2613,375 2573,388 2224,388 2193,375 2191,375 2189,375 2123,388 923,379 921,379 919,379 874,393 877,426"/>
        <Baseline points="877,426 2847,419"/>
        <TextEquiv conf="0.9997225923593654">
          <Unicode>10856 (7277) Ecclesiae Gerboredensis protectionem suscipit, bonaque et privilegia con-</Unicode>
        </TextEquiv>
      </TextLine>
      <TextLine id="eSc_line_495b7e15" custom="structure {type:default;}">
        <Coords points="927,483 927,507 2841,501 2843,477 2839,448 941,441 938,441 936,441 934,441 925,448 927,483"/>
        <Baseline points="927,483 2843,477"/>
        <TextEquiv conf="0.9995836102509801">
          <Unicode>firmat, imposito canonicis unius bizantii censu annuo. Pillet Hist. de Gerberoy</Unicode>
        </TextEquiv>
      </TextLine>
      <TextLine id="eSc_line_049c858f" custom="structure {type:default;}">
        <Coords points="927,536 927,567 2834,554 2836,530 2830,499 925,503 927,536"/>
        <Baseline points="927,536 2836,530"/>
        <TextEquiv conf="0.9960588286449383">
          <Unicode>p. 332, Beauvillé Rec. de doc. conc. la Picardie III. 21, Migne 200 p. 215. —</Unicode>
        </TextEquiv>
      </TextLine>
      <TextLine id="eSc_line_f96a0033" custom="structure {type:default;}">
        <Coords points="927,591 927,620 1338,605 1341,585 1336,556 1064,547 1062,547 925,560 927,591"/>
        <Baseline points="927,591 1341,585"/>
        <TextEquiv conf="0.9859724044799805">
          <Unicode>„Quoties illud a“.</Unicode>
        </TextEquiv>
      </TextLine>
      <TextLine id="eSc_line_102a397d" custom="structure {type:default;}">
        <Coords points="353,662 355,695 406,682 452,686 514,693 517,693 519,693 521,693 532,682 532,658 525,613 351,616 353,662"/>
        <Baseline points="353,662 532,658"/>
        <TextEquiv conf="0.9875045776367187">
          <Unicode>„ 29.</Unicode>
        </TextEquiv>
      </TextLine>
      <TextLine id="eSc_line_6eeb8ef4" custom="structure {type:default;}">
        <Coords points="600,660 600,689 698,702 700,702 802,684 802,655 797,609 598,609 600,660"/>
        <Baseline points="600,660 802,655"/>
        <TextEquiv conf="0.9999998126711164">
          <Unicode>Carnoti</Unicode>
        </TextEquiv>
      </TextLine>
      <TextLine id="eSc_line_866ee37a" custom="structure {type:default;}">
        <Coords points="879,653 877,677 2841,686 2845,658 2843,618 879,611 879,653"/>
        <Baseline points="879,653 2845,658"/>
        <TextEquiv conf="0.999069581771719">
          <Unicode>10857 (7278) Ecclesiae S. Petri Duacensis protectionem suscipit, bonaque ac privilegia,</Unicode>
        </TextEquiv>
      </TextLine>
      <TextLine id="eSc_line_567d2983" custom="structure {type:default;}">
        <Coords points="930,713 930,742 2845,739 2847,708 2841,677 927,680 930,713"/>
        <Baseline points="930,713 2847,708"/>
        <TextEquiv conf="0.9928472965228848">
          <Unicode>petente Hugone praeposito, confirmat. Miraei Opp. dipl. III. 51, Migne 200 p. 217.</Unicode>
        </TextEquiv>
      </TextLine>
      <TextLine id="eSc_line_e15e8d9c" custom="structure {type:default;}">
        <Coords points="932,766 932,783 1122,797 1124,797 1126,797 1164,783 1166,783 1168,783 1261,797 1263,797 1265,797 1268,797 1283,786 1537,795 1539,795 1610,779 1612,761 1606,730 930,733 932,766"/>
        <Baseline points="932,766 1612,761"/>
        <TextEquiv conf="0.9999464626969963">
          <Unicode>— „Sicut iniusta petentibus“.</Unicode>
        </TextEquiv>
      </TextLine>
      <TextLine id="eSc_line_8f9fab06" custom="structure {type:default;}">
        <Coords points="318,828 318,850 346,863 349,863 351,863 410,852 433,848 534,854 536,823 534,786 499,772 497,772 494,772 492,772 472,781 463,786 315,775 318,828"/>
        <Baseline points="318,828 536,823"/>
        <TextEquiv conf="0.9971713253429958">
          <Unicode>Mai. 2.</Unicode>
        </TextEquiv>
      </TextLine>
      <TextLine id="eSc_line_97a7fe15" custom="structure {type:default;}">
        <Coords points="658,836 658,852 715,861 718,861 720,861 722,861 744,848 744,836 744,797 722,786 720,786 718,786 658,795 658,836"/>
        <Baseline points="658,836 744,836"/>
        <TextEquiv conf="0.9999995231628418">
          <Unicode>„</Unicode>
        </TextEquiv>
      </TextLine>
      <TextLine id="eSc_line_0ced6260" custom="structure {type:default;}">
        <Coords points="883,819 883,850 2845,843 2847,812 2841,779 881,779 883,819"/>
        <Baseline points="883,819 2847,812"/>
        <TextEquiv conf="0.9907282497509416">
          <Unicode>10858 Domus leprosorum Belli-loci tutelam suscipit, possessionesque confirmat. (Pro</Unicode>
        </TextEquiv>
      </TextLine>
      <TextLine id="eSc_line_f1f92dd5" custom="structure {type:default;}">
        <Coords points="936,878 936,907 1042,896 2845,896 2847,874 2843,841 967,834 965,834 963,834 934,845 936,878"/>
        <Baseline points="936,878 2847,874"/>
        <TextEquiv conf="0.9941607030426584">
          <Unicode>„XI. non. Maii“ legendum esse puto: „VI. non. Maii“.) In bibl. nat. Paris. Cartul.</Unicode>
        </TextEquiv>
      </TextLine>
      <TextLine id="eSc_line_bb121dbf" custom="structure {type:default;}">
        <Coords points="932,931 932,956 2843,960 2847,925 2843,896 930,894 932,931"/>
        <Baseline points="932,931 2847,925"/>
        <TextEquiv conf="0.9960877531912269">
          <Unicode>de la léproserie du Grand Beaulieu, ms. lat. nouv. acqu. 1408, cuius folia numeris</Unicode>
        </TextEquiv>
      </TextLine>
      <TextLine id="eSc_line_13cd1cd8" custom="structure {type:default;}">
        <Coords points="930,987 930,1007 1482,1015 1484,1015 1486,1015 1528,1004 1531,1004 1535,1004 1637,1015 1639,1015 1758,1002 1767,1002 1769,1002 1778,1011 1778,1013 1780,1013 1782,1013 1785,1015 2021,1015 2021,1013 2023,1013 2068,1000 2068,980 2061,949 927,956 930,987"/>
        <Baseline points="930,987 2068,980"/>
        <TextEquiv conf="0.9990374859498472">
          <Unicode>adhuc carent. — „Sacrae scripturae attestatione“.</Unicode>
        </TextEquiv>
      </TextLine>
      <TextLine id="eSc_line_fc109319" custom="structure {type:default;}">
        <Coords points="360,1060 360,1086 508,1086 508,1084 510,1084 539,1071 539,1055 528,987 510,1000 492,989 490,989 488,989 486,989 483,989 477,991 435,1002 357,1000 360,1060"/>
        <Baseline points="360,1060 539,1055"/>
        <TextEquiv conf="0.9999025106430054">
          <Unicode>„ 12.</Unicode>
        </TextEquiv>
      </TextLine>
      <TextLine id="eSc_line_50af4ef9" custom="structure {type:default;}">
        <Coords points="614,1057 614,1090 645,1090 651,1093 713,1130 715,1130 718,1130 720,1130 722,1130 724,1130 737,1119 775,1128 777,1128 779,1128 782,1128 784,1128 784,1126 786,1126 793,1115 793,1051 788,998 742,987 740,987 612,1000 614,1057"/>
        <Baseline points="614,1057 793,1051"/>
        <TextEquiv conf="0.9149680137634277">
          <Unicode>Furoni</Unicode>
        </TextEquiv>
      </TextLine>
      <TextLine id="eSc_line_f551863b" custom="structure {type:default;}">
        <Coords points="879,1051 879,1077 2845,1075 2847,1051 2845,1011 879,1009 879,1051"/>
        <Baseline points="879,1051 2847,1051"/>
        <TextEquiv conf="0.9950415391519846">
          <Unicode>in ecclesia S. Martini ad portam Parve-aree missam celebrat. Chron. S. Mart. Turon.</Unicode>
        </TextEquiv>
      </TextLine>
      <TextLine id="eSc_line_694b3e73" custom="structure {type:default;}">
        <Coords points="934,1108 934,1128 2355,1128 2355,1108 2355,1073 934,1073 934,1108"/>
        <Baseline points="934,1108 2355,1108"/>
        <TextEquiv conf="0.9936132221891169">
          <Unicode>1163 ap. Martene et Durand V. 1019, in MG. SS. XXVI. 463.</Unicode>
        </TextEquiv>
      </TextLine>
      <TextLine id="eSc_line_eeee8f94" custom="structure {type:default;}">
        <Coords points="364,1170 366,1230 424,1201 541,1223 543,1163 539,1119 450,1117 448,1117 446,1117 444,1117 444,1119 430,1130 424,1137 362,1137 364,1170"/>
        <Baseline points="364,1170 543,1163"/>
        <TextEquiv conf="0.991853654384613">
          <Unicode>„ 16.</Unicode>
        </TextEquiv>
      </TextLine>
      <TextLine id="eSc_line_de1d17d0" custom="structure {type:default;}">
        <Coords points="658,1177 656,1183 684,1196 687,1196 689,1196 742,1185 744,1179 742,1150 658,1148 658,1177"/>
        <Baseline points="658,1177 744,1179"/>
        <TextEquiv conf="0.9999563097953796">
          <Unicode>„)</Unicode>
        </TextEquiv>
      </TextLine>
      <TextLine id="eSc_line_75800259" custom="structure {type:default;}">
        <Coords points="883,1161 883,1188 2847,1188 2850,1154 2845,1119 881,1119 883,1161"/>
        <Baseline points="883,1161 2850,1154"/>
        <TextEquiv conf="0.9949218173821767">
          <Unicode>10859 (7279) Ecclesiae Legionensis libertatem, possessiones, privilegia confirmat, petente</Unicode>
        </TextEquiv>
      </TextLine>
      <TextLine id="eSc_line_3ec18863" custom="structure {type:default;}">
        <Coords points="934,1216 934,1238 976,1249 978,1249 1111,1238 1133,1238 1137,1241 1155,1252 1157,1252 1159,1252 1162,1252 1164,1252 1210,1241 1219,1238 1226,1241 1279,1252 1281,1252 1338,1241 1349,1238 1394,1241 1584,1249 1586,1252 1692,1252 1692,1249 1694,1249 1712,1241 1721,1236 1738,1241 1774,1249 1776,1249 1778,1249 1827,1241 1842,1238 1915,1241 2145,1249 2147,1249 2149,1249 2151,1249 2163,1241 2171,1236 2218,1241 2280,1247 2282,1247 2284,1247 2306,1241 2335,1234 2361,1241 2383,1247 2386,1247 2388,1249 2598,1249 2598,1247 2600,1247 2615,1241 2633,1234 2843,1241 2847,1210 2841,1181 932,1181 934,1216"/>
        <Baseline points="934,1216 2847,1210"/>
        <TextEquiv conf="0.9995783583985435">
          <Unicode>lohanne episcopo. Risco Espafia sagr. XXXV. 421, Migne 200 p. 219. — „Ad</Unicode>
        </TextEquiv>
      </TextLine>
      <TextLine id="eSc_line_ba0d158b" custom="structure {type:default;}">
        <Coords points="932,1272 932,1291 1226,1300 1228,1300 1396,1285 1398,1265 1391,1232 930,1236 932,1272"/>
        <Baseline points="932,1272 1398,1265"/>
        <TextEquiv conf="0.9854262377086439">
          <Unicode>sedem apostolicam“.</Unicode>
        </TextEquiv>
      </TextLine>
      <TextLine id="eSc_line_106da520" custom="structure {type:default;}">
        <Coords points="364,1347 366,1395 421,1382 455,1393 459,1395 461,1395 463,1395 539,1391 539,1340 534,1285 475,1278 472,1278 470,1278 468,1278 441,1300 424,1316 362,1316 364,1347"/>
        <Baseline points="364,1347 539,1340"/>
        <TextEquiv conf="0.9988911390304566">
          <Unicode>„ 19.</Unicode>
        </TextEquiv>
      </TextLine>
      <TextLine id="eSc_line_60caa224" custom="structure {type:default;}">
        <Coords points="583,1340 583,1360 821,1355 824,1336 813,1267 799,1278 737,1267 724,1267 722,1267 720,1267 715,1267 682,1280 581,1269 583,1340"/>
        <Baseline points="583,1340 824,1336"/>
        <TextEquiv conf="0.9807186060481601">
          <Unicode>Turoni in</Unicode>
        </TextEquiv>
      </TextLine>
      <TextLine id="eSc_line_e308c2f2" custom="structure {type:default;}">
        <Coords points="874,1336 874,1358 2847,1364 2850,1331 2847,1298 2810,1285 2808,1285 2805,1285 2735,1298 2726,1300 2368,1300 2364,1296 2346,1285 2344,1285 2341,1285 2339,1285 2258,1296 2242,1300 2167,1300 2163,1296 2145,1285 2143,1285 2140,1285 2138,1285 1928,1296 1840,1302 1705,1302 1690,1296 1665,1287 1663,1287 1661,1287 1617,1296 1592,1300 1497,1296 1336,1287 1334,1287 1259,1296 1228,1298 1217,1296 1190,1287 1188,1287 1186,1287 1184,1287 1168,1296 1155,1302 1084,1302 1073,1296 1062,1287 1060,1287 1058,1287 1056,1287 872,1294 874,1336"/>
        <Baseline points="874,1336 2850,1331"/>
        <TextEquiv conf="0.9999855584219882">
          <Unicode>Concilium „cardinalium 17, episcoporum 124, abbatum 414“. Bosonis card. Vita</Unicode>
        </TextEquiv>
      </TextLine>
      <TextLine id="eSc_line_f48f22bf" custom="structure {type:default;}">
        <Coords points="574,1393 574,1415 826,1426 828,1393 826,1351 574,1353 574,1393"/>
        <Baseline points="574,1393 828,1393"/>
        <TextEquiv conf="0.9999989379536022">
          <Unicode>ecclesia S.</Unicode>
        </TextEquiv>
      </TextLine>
      <TextLine id="eSc_line_96f5454b" custom="structure {type:default;}">
        <Coords points="934,1393 934,1413 2843,1415 2847,1389 2841,1358 932,1360 934,1393"/>
        <Baseline points="934,1393 2847,1389"/>
        <TextEquiv conf="0.9951783646771937">
          <Unicode>Alexandri ap. Watterich II. 393: „XIV. kal. Iunii“. Chron. S. Petri vivi 1163 ap.</Unicode>
        </TextEquiv>
      </TextLine>
      <TextLine id="eSc_line_5fa47e56" custom="structure {type:default;}">
        <Coords points="605,1448 605,1512 620,1525 623,1525 625,1525 627,1525 629,1525 671,1510 673,1510 687,1521 689,1521 691,1521 693,1521 695,1521 698,1521 698,1519 707,1512 709,1510 720,1512 766,1525 768,1525 771,1525 806,1517 806,1448 806,1417 605,1408 605,1448"/>
        <Baseline points="605,1448 806,1448"/>
        <TextEquiv conf="0.9775836600197686">
          <Unicode>Mauritii.</Unicode>
        </TextEquiv>
      </TextLine>
      <TextLine id="eSc_line_0c1edf0f" custom="structure {type:default;}">
        <Coords points="934,1446 934,1470 2845,1468 2847,1442 2841,1411 932,1411 934,1446"/>
        <Baseline points="934,1446 2847,1442"/>
        <TextEquiv conf="0.9906094145207178">
          <Unicode>D&#x27;Achery Spic. II. 486, in MG. SS. XXVI. 35: „in octavis pentecostes scil. XIV. kal.</Unicode>
        </TextEquiv>
      </TextLine>
      <TextLine id="eSc_line_e9f5c342" custom="structure {type:default;}">
        <Coords points="934,1501 934,1528 1345,1528 1347,1528 1378,1543 1380,1543 1383,1543 1385,1543 1387,1543 1409,1530 1480,1543 1482,1543 1484,1543 1546,1528 1548,1528 1617,1543 1619,1543 1621,1543 1663,1528 1721,1543 1723,1543 1725,1543 1727,1543 1769,1528 1889,1543 1891,1543 1977,1525 1984,1525 1990,1525 2039,1541 2041,1541 2043,1541 2134,1528 2174,1541 2176,1541 2178,1541 2304,1528 2412,1541 2414,1543 2781,1543 2781,1541 2783,1541 2850,1523 2850,1497 2843,1468 932,1470 934,1501"/>
        <Baseline points="934,1501 2850,1497"/>
        <TextEquiv conf="0.9923936840775726">
          <Unicode>lun.“. Chron. Fiscanense 1163 ap. Labbe N. B. M. I. 326: „dominica prima post</Unicode>
        </TextEquiv>
      </TextLine>
      <TextLine id="eSc_line_f57d6718" custom="structure {type:default;}">
        <Coords points="934,1559 934,1581 1179,1583 1182,1583 1235,1570 1237,1554 1230,1523 932,1525 934,1559"/>
        <Baseline points="934,1559 1237,1554"/>
        <TextEquiv conf="0.9999697345953721">
          <Unicode>pentecosten“.</Unicode>
        </TextEquiv>
      </TextLine>
      <TextLine id="eSc_line_f7b14974" custom="structure {type:default;}">
        <Coords points="934,1612 934,1636 2845,1638 2850,1603 2839,1552 2819,1567 2721,1567 2492,1559 2489,1559 2185,1570 2167,1561 2151,1554 2149,1554 1891,1554 1889,1554 1827,1565 1800,1570 1769,1567 1687,1556 1685,1556 1683,1556 1681,1556 1665,1567 1659,1572 1641,1567 1595,1559 1592,1559 1590,1559 1566,1570 1557,1572 1551,1570 1513,1556 1511,1556 1509,1556 1418,1572 1394,1574 1349,1572 1208,1563 1206,1563 932,1576 934,1612"/>
        <Baseline points="934,1612 2850,1603"/>
        <TextEquiv conf="0.9978410256914345">
          <Unicode>Statuunt: 1) ne aut praebendae dividantur aut dignitates permutentur; 2) ne clerici</Unicode>
        </TextEquiv>
      </TextLine>
      <TextLine id="eSc_line_bc6127e6" custom="structure {type:default;}">
        <Coords points="934,1669 934,1696 2847,1691 2850,1660 2843,1629 932,1629 934,1669"/>
        <Baseline points="934,1669 2850,1660"/>
        <TextEquiv conf="0.9999391637652754">
          <Unicode>usuram accipiant; 3) ne „quis alicui laico in saeculo remanenti ecclesiam decimamve</Unicode>
        </TextEquiv>
      </TextLine>
      <TextLine id="eSc_line_d8deaf35" custom="structure {type:default;}">
        <Coords points="934,1720 934,1744 2847,1742 2850,1715 2843,1689 932,1691 934,1720"/>
        <Baseline points="934,1720 2850,1715"/>
        <TextEquiv conf="0.9999368079006672">
          <Unicode>concedat“; 4) excommunicant participes haeresis, quae „in partibus Tolosae dudum</Unicode>
        </TextEquiv>
      </TextLine>
      <TextLine id="eSc_line_61a8c66c" custom="structure {type:default;}">
        <Coords points="934,1775 934,1799 2845,1804 2850,1771 2843,1735 932,1740 934,1775"/>
        <Baseline points="934,1775 2850,1771"/>
        <TextEquiv conf="0.991086837611621">
          <Unicode>emersit, quae more cancri paullatim ad vicina loca diffundens, per Vasconiam et</Unicode>
        </TextEquiv>
      </TextLine>
      <TextLine id="eSc_line_68f635c2" custom="structure {type:default;}">
        <Coords points="934,1832 934,1855 2850,1850 2852,1826 2845,1795 932,1804 934,1832"/>
        <Baseline points="934,1832 2852,1826"/>
        <TextEquiv conf="0.9960613024385669">
          <Unicode>alias provincias quam plurimos iam infecit“; 5) ne „sub annuo pretio sacerdotes</Unicode>
        </TextEquiv>
      </TextLine>
      <TextLine id="eSc_line_67677831" custom="structure {type:default;}">
        <Coords points="934,1888 934,1912 2847,1903 2850,1879 2843,1852 932,1859 934,1888"/>
        <Baseline points="934,1888 2850,1879"/>
        <TextEquiv conf="0.998523650424821">
          <Unicode>ad ecclesiarum regimen statuantur“; 6) „ne ab iis, qui ad religionem transire volue-</Unicode>
        </TextEquiv>
      </TextLine>
      <TextLine id="eSc_line_387974a7" custom="structure {type:default;}">
        <Coords points="934,1941 934,1967 2847,1965 2850,1934 2843,1901 932,1912 934,1941"/>
        <Baseline points="934,1941 2850,1934"/>
        <TextEquiv conf="0.997721328621819">
          <Unicode>rint, aliqua pecunia requiratur, neve prioratus aut capellaniae quaelibet monachorum</Unicode>
        </TextEquiv>
      </TextLine>
      <TextLine id="eSc_line_01ee111e" custom="structure {type:default;}">
        <Coords points="934,1996 934,2022 1493,2027 1495,2027 1557,2020 1592,2016 1606,2020 1628,2027 1630,2027 1632,2027 1634,2027 1637,2027 1648,2018 1654,2016 1699,2018 1802,2027 1805,2027 1972,2018 2006,2016 2034,2016 2202,2027 2204,2027 2330,2014 2353,2014 2381,2014 2554,2025 2556,2025 2633,2014 2635,2014 2702,2025 2704,2025 2759,2014 2821,2025 2823,2025 2825,2025 2850,2011 2850,1989 2843,1963 932,1965 934,1996"/>
        <Baseline points="934,1996 2850,1989"/>
        <TextEquiv conf="0.9999322564136691">
          <Unicode>aut clericorum vendantur“; 7) ne „decani vel archipresbyteri ad agendas vices epi-</Unicode>
        </TextEquiv>
      </TextLine>
      <TextLine id="eSc_line_9da2f2f2" custom="structure {type:default;}">
        <Coords points="936,2051 936,2075 2850,2071 2852,2047 2845,2020 934,2022 936,2051"/>
        <Baseline points="936,2051 2852,2047"/>
        <TextEquiv conf="0.9987284802808994">
          <Unicode>scoporum seu archidiaconorum et terminandas causas ecclesiasticas sub pretio annuo</Unicode>
        </TextEquiv>
      </TextLine>
      <TextLine id="eSc_line_be12e56c" custom="structure {type:default;}">
        <Coords points="936,2104 936,2126 1860,2137 1862,2137 1864,2137 1915,2124 1922,2124 1935,2124 2045,2135 2048,2135 2050,2135 2076,2124 2079,2124 2081,2124 2138,2135 2140,2137 2423,2137 2423,2135 2425,2135 2452,2124 2540,2135 2543,2135 2633,2124 2651,2135 2653,2135 2655,2135 2657,2135 2660,2135 2706,2124 2828,2135 2830,2135 2832,2135 2834,2135 2854,2122 2854,2100 2847,2073 934,2075 936,2104"/>
        <Baseline points="936,2104 2854,2100"/>
        <TextEquiv conf="0.9976855648888482">
          <Unicode>constituantur“; 8) „ut nullus omnino post votum religionis, post factam in aliquo</Unicode>
        </TextEquiv>
      </TextLine>
      <TextLine id="eSc_line_908cc284" custom="structure {type:default;}">
        <Coords points="934,2159 934,2186 2850,2177 2852,2150 2845,2124 932,2131 934,2159"/>
        <Baseline points="934,2159 2852,2150"/>
        <TextEquiv conf="0.9925221579197125">
          <Unicode>religioso loco professionem, ad physicam legesve mundanas legendas permittatur</Unicode>
        </TextEquiv>
      </TextLine>
      <TextLine id="eSc_line_e8aa867e" custom="structure {type:default;}">
        <Coords points="934,2214 934,2239 1228,2250 1230,2250 1232,2250 1265,2239 1268,2239 1279,2239 1396,2248 1398,2248 1705,2237 1752,2237 1765,2237 1860,2248 1862,2248 1959,2237 1981,2234 1988,2237 2008,2245 2010,2245 2012,2245 2014,2245 2041,2237 2045,2234 2050,2237 2072,2245 2074,2245 2076,2245 2850,2232 2852,2206 2845,2177 932,2186 934,2214"/>
        <Baseline points="934,2214 2852,2206"/>
        <TextEquiv conf="0.9940147021237542">
          <Unicode>exire“; 9) „ordinationes factas ab Octaviano et aliis schismaticis et haereticis eva-</Unicode>
        </TextEquiv>
      </TextLine>
      <TextLine id="eSc_line_381bd064" custom="structure {type:default;}">
        <Coords points="936,2270 936,2292 2845,2296 2850,2263 2843,2234 934,2234 936,2270"/>
        <Baseline points="936,2270 2850,2263"/>
        <TextEquiv conf="0.9999398408056814">
          <Unicode>cuant“; 10) statuunt de ecclesiarum castrensium possessionibus. Acta exstant in</Unicode>
        </TextEquiv>
      </TextLine>
      <TextLine id="eSc_line_b460fa28" custom="structure {type:default;}">
        <Coords points="936,2327 936,2347 2638,2351 2642,2323 2638,2292 1791,2281 1789,2281 1787,2281 1785,2281 1785,2283 1774,2292 950,2283 947,2283 945,2283 943,2283 934,2290 936,2327"/>
        <Baseline points="936,2327 2642,2323"/>
        <TextEquiv conf="0.9879215690824721">
          <Unicode>Bosonis card. Vita Alex. I. I., Mansi XXI. 1176. Cf. Reuter I. 546. 547.</Unicode>
        </TextEquiv>
      </TextLine>
      <TextLine id="eSc_line_bd531be8" custom="structure {type:default;}">
        <Coords points="936,2382 936,2404 2852,2398 2854,2376 2850,2345 934,2343 936,2382"/>
        <Baseline points="936,2382 2854,2376"/>
        <TextEquiv conf="0.9912477958051464">
          <Unicode>In hoc concilio „Alexander papa excommunicat Octavianum schismaticum et Rainal-</Unicode>
        </TextEquiv>
      </TextLine>
      <TextLine id="eSc_line_34809e57" custom="structure {type:default;}">
        <Coords points="936,2435 936,2457 2847,2453 2850,2429 2843,2396 934,2396 936,2435"/>
        <Baseline points="936,2435 2850,2429"/>
        <TextEquiv conf="0.9954428904586368">
          <Unicode>dum Coloniensem electum, archiepiscopum quoque Moguntinum, Hugonem etiam</Unicode>
        </TextEquiv>
      </TextLine>
      <TextLine id="eSc_line_9ca689b0" custom="structure {type:default;}">
        <Coords points="934,2491 934,2513 2850,2508 2852,2486 2845,2451 932,2460 934,2491"/>
        <Baseline points="934,2491 2852,2486"/>
        <TextEquiv conf="0.9999878030074271">
          <Unicode>abbatem Cluniacensem cum quibusdam schismatis auctoribus“. Sigeberti Contin.</Unicode>
        </TextEquiv>
      </TextLine>
      <TextLine id="eSc_line_cb7d8d90" custom="structure {type:default;}">
        <Coords points="936,2548 936,2568 1756,2563 1758,2544 1754,2513 1389,2499 1387,2499 1385,2499 1383,2499 1367,2510 1265,2502 1263,2502 1095,2513 1042,2502 1040,2502 983,2513 969,2502 967,2502 965,2502 963,2502 961,2502 934,2513 936,2548"/>
        <Baseline points="936,2548 1758,2544"/>
        <TextEquiv conf="0.998573819228581">
          <Unicode>Aquicinct. 1162 in MG. SS. VI. 409.</Unicode>
        </TextEquiv>
      </TextLine>
      <TextLine id="eSc_line_a60ecdac" custom="structure {type:default;}">
        <Coords points="360,2612 360,2658 539,2647 539,2605 532,2537 457,2539 455,2539 452,2539 441,2548 417,2563 357,2559 360,2612"/>
        <Baseline points="360,2612 539,2605"/>
        <TextEquiv conf="0.9999897718429566">
          <Unicode>„ 22.</Unicode>
        </TextEquiv>
      </TextLine>
      <TextLine id="eSc_line_ac738944" custom="structure {type:default;}">
        <Coords points="616,2603 618,2674 649,2661 698,2665 753,2672 755,2672 757,2672 799,2654 799,2599 793,2541 614,2544 616,2603"/>
        <Baseline points="616,2603 799,2599"/>
        <TextEquiv conf="0.9297921458880106">
          <Unicode>Turoni</Unicode>
        </TextEquiv>
      </TextLine>
      <TextLine id="eSc_line_d67cb45f" custom="structure {type:default;}">
        <Coords points="885,2601 885,2623 2852,2614 2854,2592 2850,2559 2531,2548 2529,2548 2527,2548 2501,2557 2487,2561 2443,2557 2357,2548 2355,2548 2308,2557 2271,2566 2092,2566 2076,2557 2068,2552 2065,2552 2063,2552 2023,2557 1953,2563 1906,2557 1871,2550 1869,2550 1749,2555 1535,2566 1429,2555 1398,2552 1396,2552 1394,2552 1385,2555 1343,2570 1179,2570 1137,2555 1135,2555 883,2555 885,2601"/>
        <Baseline points="885,2601 2854,2592"/>
        <TextEquiv conf="0.99999371667703">
          <Unicode>10860 Universos ecclesiarum praelatos hortatur, moneant propositis indulgentiis com-</Unicode>
        </TextEquiv>
      </TextLine>
      <TextLine id="eSc_line_bc2d8424" custom="structure {type:default;}">
        <Coords points="936,2656 936,2678 2852,2672 2854,2650 2847,2621 934,2625 936,2656"/>
        <Baseline points="936,2656 2854,2650"/>
        <TextEquiv conf="0.9947879630842327">
          <Unicode>missum sibi populum, ut pro Templariorum usibus collectas faciant. Addit de aliis</Unicode>
        </TextEquiv>
      </TextLine>
      <TextLine id="eSc_line_8e414b09" custom="structure {type:default;}">
        <Coords points="934,2709 934,2729 1265,2742 1268,2742 1372,2729 1376,2729 1402,2742 1405,2742 1407,2742 1515,2729 1517,2729 1535,2742 1537,2742 1539,2742 1542,2744 1617,2744 1617,2742 1705,2727 1714,2727 1718,2727 1756,2740 1758,2740 1760,2742 1882,2742 1882,2740 1884,2740 1911,2727 1913,2727 1942,2727 2244,2740 2246,2740 2249,2740 2286,2727 2401,2740 2403,2740 2467,2725 2470,2705 2465,2678 1743,2667 1741,2667 1738,2667 1701,2678 1696,2680 932,2680 934,2709"/>
        <Baseline points="934,2709 2470,2705"/>
        <TextEquiv conf="0.9938174907977765">
          <Unicode>eorum privilegiis. Prutz Malteser Urk. p. 39. — „Milites templi“.</Unicode>
        </TextEquiv>
      </TextLine>
      <TextLine id="eSc_line_15ea0315" custom="structure {type:default;}">
        <Coords points="366,2784 366,2828 541,2828 541,2780 534,2716 477,2718 475,2718 472,2718 472,2720 459,2731 433,2753 364,2753 366,2784"/>
        <Baseline points="366,2784 541,2780"/>
        <TextEquiv conf="0.9999636054039002">
          <Unicode>„ 25.</Unicode>
        </TextEquiv>
      </TextLine>
      <TextLine id="eSc_line_74277c19" custom="structure {type:default;}">
        <Coords points="667,2791 665,2820 755,2820 757,2795 757,2758 667,2749 667,2791"/>
        <Baseline points="667,2791 757,2795"/>
        <TextEquiv conf="0.976097822189331">
          <Unicode>„</Unicode>
        </TextEquiv>
      </TextLine>
      <TextLine id="eSc_line_514a4c56" custom="structure {type:default;}">
        <Coords points="888,2775 888,2806 2854,2795 2854,2764 2847,2736 885,2736 888,2775"/>
        <Baseline points="888,2775 2854,2764"/>
        <TextEquiv conf="0.9997787804175646">
          <Unicode>10861 (7280) Monasterii S. Iohannis Ambianensis protectionem suscipit, bonaque</Unicode>
        </TextEquiv>
      </TextLine>
      <TextLine id="eSc_line_42e998ca" custom="structure {type:default;}">
        <Coords points="936,2833 936,2853 1159,2864 1162,2864 1164,2864 1186,2853 1215,2864 1217,2864 1219,2864 1338,2853 1363,2850 1637,2850 1641,2850 1683,2862 1685,2862 1687,2862 1782,2850 1802,2848 1820,2850 1906,2859 1908,2859 1992,2848 2003,2848 2008,2848 2034,2859 2037,2859 2039,2859 2121,2848 2140,2846 2147,2848 2171,2857 2174,2857 2176,2857 2178,2857 2211,2848 2218,2846 2224,2848 2249,2857 2251,2857 2253,2857 2847,2844 2850,2822 2845,2793 1319,2791 1316,2791 934,2804 936,2833"/>
        <Baseline points="936,2833 2850,2822"/>
        <TextEquiv conf="0.9956107981999716">
          <Unicode>confirmat, petente Eustachio abbate. Hugo O. P. A. I. Pr. p. 694, Migne 200</Unicode>
        </TextEquiv>
      </TextLine>
      <TextLine id="eSc_line_b4682d66" custom="structure {type:default;}">
        <Coords points="938,2886 938,2919 992,2908 1038,2919 1042,2919 1045,2919 1051,2919 1113,2908 1394,2908 1414,2915 1425,2919 1427,2919 1429,2919 1475,2915 1546,2908 1557,2915 1568,2921 1570,2921 1573,2921 1575,2923 1687,2923 1687,2921 1690,2921 1692,2921 1703,2912 1712,2908 1718,2912 1736,2921 1738,2921 1741,2923 1950,2923 1950,2921 2037,2910 2056,2908 2081,2910 2207,2921 2209,2921 2211,2921 2213,2921 2229,2910 2297,2919 2299,2919 2302,2919 2304,2919 2319,2908 2324,2903 2335,2908 2368,2919 2370,2919 2372,2921 2472,2921 2472,2919 2474,2919 2476,2919 2496,2906 2501,2903 2514,2906 2585,2919 2587,2919 2644,2908 2746,2919 2748,2919 2850,2901 2852,2879 2847,2850 1577,2842 1575,2842 1573,2842 1539,2853 1016,2844 1014,2844 936,2855 938,2886"/>
        <Baseline points="938,2886 2852,2879"/>
        <TextEquiv conf="0.9982375182756563">
          <Unicode>p. 222: „VIII. kal. Iun.“, (Neues Archiv VII. 97: „VII. kal. Iun.“). — „Religiosam</Unicode>
        </TextEquiv>
      </TextLine>
      <TextLine id="eSc_line_8407ae85" custom="structure {type:default;}">
        <Coords points="936,2941 936,2959 1056,2972 1058,2972 1060,2972 1062,2972 1080,2956 1084,2956 1093,2956 1186,2970 1188,2970 1374,2952 1376,2934 1372,2908 1257,2895 1254,2895 1252,2895 1199,2908 1120,2897 1117,2897 1115,2897 1075,2910 974,2899 972,2899 969,2899 934,2910 936,2941"/>
        <Baseline points="936,2941 1376,2934"/>
        <TextEquiv conf="0.9972600340843201">
          <Unicode>vitam eligentibus“.</Unicode>
        </TextEquiv>
      </TextLine>
      <TextLine id="eSc_line_395e04c8" custom="structure {type:default;}">
        <Coords points="368,3005 368,3045 547,3040 547,3001 543,2952 450,2941 448,2941 446,2941 444,2941 419,2956 415,2961 366,2961 368,3005"/>
        <Baseline points="368,3005 547,3001"/>
        <TextEquiv conf="0.9999996662139893">
          <Unicode>„ 26.</Unicode>
        </TextEquiv>
      </TextLine>
      <TextLine id="eSc_line_f7aceb47" custom="structure {type:default;}">
        <Coords points="673,3009 671,3038 746,3045 751,3014 751,2961 676,2950 673,3009"/>
        <Baseline points="673,3009 751,3014"/>
        <TextEquiv conf="1.0">
          <Unicode>„</Unicode>
        </TextEquiv>
      </TextLine>
      <TextLine id="eSc_line_7eeb5cc2" custom="structure {type:default;}">
        <Coords points="890,2992 890,3018 2850,3012 2852,2985 2845,2945 888,2950 890,2992"/>
        <Baseline points="890,2992 2852,2985"/>
        <TextEquiv conf="0.9940400870407329">
          <Unicode>10862 (7281) Henrico, archiepiscopo Remensi, mandat, iudicet inter fratres S. Remigii</Unicode>
        </TextEquiv>
      </TextLine>
      <TextLine id="eSc_line_d4e2bac4" custom="structure {type:default;}">
        <Coords points="941,3049 941,3074 2850,3065 2852,3040 2845,3009 938,3021 941,3049"/>
        <Baseline points="941,3049 2852,3040"/>
        <TextEquiv conf="0.9939750869099687">
          <Unicode>et abbatem Dervensem. Canonicos Grandis-prati moneri vult, ut corpus filii comitis</Unicode>
        </TextEquiv>
      </TextLine>
      <TextLine id="eSc_line_77f4f32e" custom="structure {type:default;}">
        <Coords points="936,3107 936,3131 996,3142 998,3142 1000,3142 1022,3131 1025,3131 2847,3131 2850,3096 2843,3067 934,3076 936,3107"/>
        <Baseline points="936,3107 2850,3096"/>
        <TextEquiv conf="0.9939552200845925">
          <Unicode>eiusdem loci ablatum ecclesiae S. Remigii reddant. Martene Coll. II. 691, Migne 200</Unicode>
        </TextEquiv>
      </TextLine>
      <TextLine id="eSc_line_35886a88" custom="structure {type:default;}">
        <Coords points="938,3162 938,3184 1049,3193 1051,3193 1159,3182 1193,3180 1201,3182 1232,3193 1235,3193 1237,3193 1314,3180 1323,3180 1327,3180 1374,3193 1376,3193 1378,3193 1588,3186 1590,3186 1608,3177 1610,3175 1610,3177 1623,3188 1626,3188 1628,3188 1630,3191 1756,3191 1756,3188 1820,3173 1822,3153 1818,3127 1652,3115 1650,3115 1595,3127 1016,3122 1014,3122 936,3133 938,3162"/>
        <Baseline points="938,3162 1822,3153"/>
        <TextEquiv conf="0.9956972913609611">
          <Unicode>p. 224. — „Ex conquestione abbatis“.</Unicode>
        </TextEquiv>
      </TextLine>
      <TextLine id="eSc_line_f1229408" custom="structure {type:default;}">
        <Coords points="366,3235 366,3263 547,3261 547,3230 541,3133 466,3138 463,3138 461,3138 461,3140 435,3164 413,3188 364,3188 366,3235"/>
        <Baseline points="366,3235 547,3230"/>
        <TextEquiv conf="0.921104097366333">
          <Unicode>„ 26.</Unicode>
        </TextEquiv>
      </TextLine>
      <TextLine id="eSc_line_0effb26d" custom="structure {type:default;}">
        <Coords points="678,3241 678,3261 753,3261 753,3241 751,3184 678,3193 678,3241"/>
        <Baseline points="678,3241 753,3241"/>
        <TextEquiv conf="0.9999793767929077">
          <Unicode>„</Unicode>
        </TextEquiv>
      </TextLine>
      <TextLine id="eSc_line_50c2d9e5" custom="structure {type:default;}">
        <Coords points="892,3221 892,3252 2850,3241 2852,3213 2847,3184 890,3184 892,3221"/>
        <Baseline points="892,3221 2852,3213"/>
        <TextEquiv conf="0.9999732822179794">
          <Unicode>10863 (7282) Monasterium S. Fidis Gorshamense tuendum suscipit et bona eius con-</Unicode>
        </TextEquiv>
      </TextLine>
      <TextLine id="eSc_line_fef021d2" custom="structure {type:default;}">
        <Coords points="938,3283 938,3312 2847,3297 2850,3270 2843,3233 936,3252 938,3283"/>
        <Baseline points="938,3283 2850,3270"/>
        <TextEquiv conf="0.996320352496871">
          <Unicode>firmat, petente Bernardo priore. Monast. Angl. I. 416, nov. ed. III. 637, Migne 200</Unicode>
        </TextEquiv>
      </TextLine>
      <TextLine id="eSc_line_c1e3324e" custom="structure {type:default;}">
        <Coords points="938,3336 938,3361 945,3367 945,3369 947,3369 950,3369 952,3369 954,3369 989,3356 1091,3365 1093,3365 1177,3354 1212,3367 1215,3367 1217,3369 1385,3369 1385,3367 1615,3365 1617,3365 1663,3350 1663,3330 1659,3303 1239,3294 1237,3294 936,3308 938,3336"/>
        <Baseline points="938,3336 1663,3330"/>
        <TextEquiv conf="0.9912744698853329">
          <Unicode>p. 225. — „Religiosam vitam“.</Unicode>
        </TextEquiv>
      </TextLine>
      <TextLine id="eSc_line_b6f63883" custom="structure {type:default;}">
        <Coords points="364,3403 371,3526 461,3526 461,3524 463,3524 466,3524 483,3509 494,3500 550,3500 545,3392 536,3323 360,3345 364,3403"/>
        <Baseline points="364,3403 545,3392"/>
        <TextEquiv conf="0.8877695351839066">
          <Unicode>„ **</Unicode>
        </TextEquiv>
      </TextLine>
      <TextLine id="eSc_line_3eefc2c6" custom="structure {type:default;}">
        <Coords points="662,3400 656,3509 748,3531 757,3405 755,3310 665,3323 662,3400"/>
        <Baseline points="662,3400 757,3405"/>
        <TextEquiv conf="0.9998276233673096">
          <Unicode>„</Unicode>
        </TextEquiv>
      </TextLine>
      <TextLine id="eSc_line_48a945da" custom="structure {type:default;}">
        <Coords points="892,3389 892,3420 2854,3405 2854,3380 2847,3347 890,3347 892,3389"/>
        <Baseline points="892,3389 2854,3380"/>
        <TextEquiv conf="0.99553934421884">
          <Unicode>10864 (7283) Monasterii S. Bertini Sithiensis libertatem bonaque confirmat, petente</Unicode>
        </TextEquiv>
      </TextLine>
      <TextLine id="eSc_line_abd518da" custom="structure {type:default;}">
        <Coords points="938,3442 938,3482 1307,3475 1321,3482 1334,3491 1336,3491 1338,3491 1341,3491 1343,3491 1374,3482 1387,3478 1407,3482 1484,3495 1486,3495 1489,3495 1533,3480 1551,3475 1568,3480 1599,3489 1601,3489 1604,3489 1606,3489 1628,3480 1637,3475 1847,3475 1855,3480 1915,3509 1917,3509 1919,3509 1922,3509 1959,3498 1988,3511 1990,3511 1992,3513 2322,3513 2322,3511 2324,3511 2370,3493 2390,3509 2392,3509 2394,3509 2397,3509 2399,3509 2450,3491 2485,3506 2487,3506 2489,3506 2492,3506 2549,3480 2668,3475 2682,3475 2684,3475 2708,3493 2710,3493 2713,3493 2715,3493 2717,3493 2761,3475 2766,3473 2847,3473 2850,3433 2843,3405 936,3411 938,3442"/>
        <Baseline points="938,3442 2850,3433"/>
        <TextEquiv conf="0.9934181829532945">
          <Unicode>Godescalco abbate. Collection des Cartulaires IIf. 888. Rigne 200 p. 227. — „Iasti-</Unicode>
        </TextEquiv>
      </TextLine>
      <TextLine id="eSc_line_26265415" custom="structure {type:default;}">
        <Coords points="943,3500 945,3570 987,3557 1003,3568 1005,3570 1007,3570 1009,3570 1011,3573 1093,3573 1093,3570 1095,3570 1098,3570 1104,3564 1111,3559 1126,3564 1151,3568 1153,3568 1155,3568 1175,3562 1190,3555 1334,3555 1334,3500 1334,3469 943,3467 943,3500"/>
        <Baseline points="943,3500 1334,3500"/>
        <TextEquiv conf="0.9952236519140356">
          <Unicode>tiae et rationis.</Unicode>
        </TextEquiv>
      </TextLine>
    </TextRegion>
    <TextRegion id="eSc_textblock_871d70e9"  custom="structure {type:default;}">
      <Coords points="1230,141 2052,150 2061,236 1129,253 1084,227 1093,150 1230,141"/>
      <TextLine id="eSc_line_d9f00694" custom="structure {type:default;}">
        <Coords points="1902,147 1900,147 1864,163 1712,154 1710,154 1619,165 1546,150 1544,150 1542,150 1500,165 1444,150 1442,150 1440,150 1438,150 1405,161 1336,152 1334,152 1332,152 1330,152 1314,165 1148,152 1146,152 1144,152 1109,167 1111,218 1111,238 2034,231 2037,212 2032,165 1904,147 1902,147"/>
        <Baseline points="1111,218 2037,212"/>
        <TextEquiv conf="0.9996322584152222">
          <Unicode>ALEXANDER III. 1159—1181.</Unicode>
        </TextEquiv>
      </TextLine>
    </TextRegion>
  </Page>
</PcGts>
