<?xml version="1.0" encoding="UTF-8"  standalone="yes"?>
<PcGts xmlns="http://schema.primaresearch.org/PAGE/gts/pagecontent/2019-07-15" xmlns:xsi="http://www.w3.org/2001/XMLSchema-instance" xsi:schemaLocation="http://schema.primaresearch.org/PAGE/gts/pagecontent/2019-07-15 http://schema.primaresearch.org/PAGE/gts/pagecontent/2019-07-15/pagecontent.xsd">
  <Metadata>
	<Creator>escriptorium</Creator>
	<Created>2024-07-19T10:07:01.491619+00:00</Created>
        <LastChange>2024-08-08T08:31:32.795758+00:00</LastChange>
  </Metadata>
  <Page imageFilename="0188.png" imageWidth="3007" imageHeight="3975">
    <TextRegion id="eSc_textblock_27e33c62"  custom="structure {type:default;}">
      <Coords points="835,300 2706,318 2697,3027 2662,3539 715,3557 642,3522 406,3539 377,3495 315,3539 123,3531 88,2753 97,406 167,326 342,326 377,406 397,318 634,318 651,344 662,309 835,300"/>
      <TextLine id="eSc_line_4c4fcc7b" custom="structure {type:default;}">
        <Coords points="2204,311 2182,311 2160,311 2138,311 2116,311 2094,311 2072,311 2050,311 2028,311 2006,311 1984,309 1961,309 1950,309 1778,313 1743,306 1741,306 1718,306 1696,306 1685,306 1628,315 1590,306 1586,306 1564,306 1542,306 1535,304 1486,315 1453,304 1431,304 1431,306 1414,320 1296,320 1277,306 1274,306 1272,306 1270,306 1263,306 1168,320 1106,309 1104,309 1102,309 1073,320 965,309 943,306 941,306 669,309 658,315 660,366 660,386 2220,386 2220,353 2213,311 2204,311"/>
        <Baseline points="660,366 2220,353"/>
        <TextEquiv conf="0.9738324460848956">
          <Unicode>1163. (Ind. 11, pont. a. 4. — 20. Sept. — 5, 1162. — 25. Mart. — 1163.)</Unicode>
        </TextEquiv>
      </TextLine>
      <TextLine id="eSc_line_00b6f40c" custom="structure {type:default;}">
        <Coords points="128,368 128,426 128,459 349,468 351,426 344,353 322,368 311,357 309,357 307,357 304,357 205,368 136,355 128,368"/>
        <Baseline points="128,426 351,426"/>
        <TextEquiv conf="0.9875476360321045">
          <Unicode>Oct. 21.</Unicode>
        </TextEquiv>
      </TextLine>
      <TextLine id="eSc_line_2af487a5" custom="structure {type:default;}">
        <Coords points="408,426 408,525 510,525 510,523 512,523 514,523 514,521 547,492 561,481 603,481 603,426 603,377 408,342 408,426"/>
        <Baseline points="408,426 603,426"/>
        <TextEquiv conf="0.6850155591964722">
          <Unicode>Sent.</Unicode>
        </TextEquiv>
      </TextLine>
      <TextLine id="eSc_line_04e2cb15" custom="structure {type:default;}">
        <Coords points="689,428 689,448 2657,441 2660,421 2653,379 687,388 689,428"/>
        <Baseline points="689,428 2660,421"/>
        <TextEquiv conf="0.9999864937245161">
          <Unicode>10950 Monasterii de Scarleiis protectionem suscipit, possessionesque et privilegia con-</Unicode>
        </TextEquiv>
      </TextLine>
      <TextLine id="eSc_line_a3a77908" custom="structure {type:default;}">
        <Coords points="737,483 737,505 2653,507 2657,477 2653,446 2017,435 2014,435 2012,435 2010,435 1997,446 1378,437 1376,437 1374,437 1343,448 760,439 757,439 755,439 735,448 737,483"/>
        <Baseline points="737,483 2657,477"/>
        <TextEquiv conf="0.9852649334036274">
          <Unicode>firmat, petente Theobaudo abbate. Quantin Cart. gén. de I&#x27;Vonne II. 148. — „Desi-</Unicode>
        </TextEquiv>
      </TextLine>
      <TextLine id="eSc_line_ea6dc479" custom="structure {type:default;}">
        <Coords points="735,536 735,552 872,565 874,565 877,565 914,552 934,565 936,565 938,565 941,565 1036,549 1040,549 1042,549 1093,563 1095,563 1098,563 1100,563 1151,547 1151,532 1146,503 760,494 757,494 755,494 733,503 735,536"/>
        <Baseline points="735,536 1151,532"/>
        <TextEquiv conf="0.9931336492300034">
          <Unicode>derium quod ad“.</Unicode>
        </TextEquiv>
      </TextLine>
      <TextLine id="eSc_line_ea00fd10" custom="structure {type:default;}">
        <Coords points="167,600 170,633 218,622 256,624 322,631 324,631 326,631 329,631 346,618 346,596 342,543 276,532 273,532 271,532 225,552 214,558 165,558 167,600"/>
        <Baseline points="167,600 346,596"/>
        <TextEquiv conf="0.9882720589637757">
          <Unicode>„ 23.</Unicode>
        </TextEquiv>
      </TextLine>
      <TextLine id="eSc_line_4747148c" custom="structure {type:default;}">
        <Coords points="472,609 472,627 565,624 565,609 565,558 472,556 472,609"/>
        <Baseline points="472,609 565,609"/>
        <TextEquiv conf="1.0">
          <Unicode>„</Unicode>
        </TextEquiv>
      </TextLine>
      <TextLine id="eSc_line_911642b6" custom="structure {type:default;}">
        <Coords points="689,589 689,618 2657,613 2660,585 2655,547 751,543 748,543 687,554 689,589"/>
        <Baseline points="689,589 2660,585"/>
        <TextEquiv conf="0.9922032446362251">
          <Unicode>10951 Monasterii S. Mariae Perseniensis tutelam suscipit, possessionesque ac decumarum</Unicode>
        </TextEquiv>
      </TextLine>
      <TextLine id="eSc_line_5ebbcf15" custom="structure {type:default;}">
        <Coords points="740,649 740,671 2660,664 2662,640 2655,609 737,616 740,649"/>
        <Baseline points="740,649 2662,640"/>
        <TextEquiv conf="0.9963305858244379">
          <Unicode>immunitatem confirmat, petente Erardo abbate. Fleury Cartul. de l&#x27;abb. cistercienne</Unicode>
        </TextEquiv>
      </TextLine>
      <TextLine id="eSc_line_4c87de0d" custom="structure {type:default;}">
        <Coords points="737,702 737,719 1813,715 1816,697 1811,662 762,660 760,660 757,660 735,669 737,702"/>
        <Baseline points="737,702 1816,697"/>
        <TextEquiv conf="0.9990529459576274">
          <Unicode>de Perseigne p. 90. — „Desiderium quod ad“.</Unicode>
        </TextEquiv>
      </TextLine>
      <TextLine id="eSc_line_64333559" custom="structure {type:default;}">
        <Coords points="170,761 172,808 234,792 346,812 346,755 342,717 280,702 278,702 276,702 225,719 216,722 167,722 170,761"/>
        <Baseline points="170,761 346,755"/>
        <TextEquiv conf="0.9762837767601014">
          <Unicode>„ 26.</Unicode>
        </TextEquiv>
      </TextLine>
      <TextLine id="eSc_line_7fbfe973" custom="structure {type:default;}">
        <Coords points="461,770 461,801 565,795 565,766 561,730 457,713 461,770"/>
        <Baseline points="461,770 565,766"/>
        <TextEquiv conf="1.0">
          <Unicode>„</Unicode>
        </TextEquiv>
      </TextLine>
      <TextLine id="eSc_line_be4cef8c" custom="structure {type:default;}">
        <Coords points="689,757 689,786 2660,775 2662,750 2657,719 1349,711 1347,711 1345,711 1312,722 715,713 713,713 711,713 687,722 689,757"/>
        <Baseline points="689,757 2662,750"/>
        <TextEquiv conf="0.9953917548423861">
          <Unicode>10952 (7341) Thomam, archiepiscopum Cantuariensem, hortatur, ut angustias fortiter</Unicode>
        </TextEquiv>
      </TextLine>
      <TextLine id="eSc_line_3da3729c" custom="structure {type:default;}">
        <Coords points="740,810 740,832 2655,834 2660,806 2655,779 737,777 740,810"/>
        <Baseline points="740,810 2660,806"/>
        <TextEquiv conf="0.9960538033979485">
          <Unicode>ferat, et „si illi, qui eum appellaverint, forte veniant, per se ipsum, si ei visum</Unicode>
        </TextEquiv>
      </TextLine>
      <TextLine id="eSc_line_7417d62d" custom="structure {type:default;}">
        <Coords points="742,867 742,887 2653,892 2657,861 2653,832 757,825 755,825 753,825 751,825 740,832 742,867"/>
        <Baseline points="742,867 2657,861"/>
        <TextEquiv conf="0.9968827598235186">
          <Unicode>fuerit, appellationem ipsam prosequatur“. Promittit, se iura ecclesiae eius tuiturum.</Unicode>
        </TextEquiv>
      </TextLine>
      <TextLine id="eSc_line_9bfd09a4" custom="structure {type:default;}">
        <Coords points="742,923 742,945 2657,940 2660,916 2655,887 740,885 742,923"/>
        <Baseline points="742,923 2660,916"/>
        <TextEquiv conf="0.9999777361750603">
          <Unicode>Monet, ut „se in Cantuariensem ecclesiam recipiat et, paucis quidem retentis ad-</Unicode>
        </TextEquiv>
      </TextLine>
      <TextLine id="eSc_line_75c2f652" custom="structure {type:default;}">
        <Coords points="740,978 740,1000 2657,998 2660,971 2655,942 2026,931 2023,931 2021,931 1986,942 819,936 817,936 737,947 740,978"/>
        <Baseline points="740,978 2660,971"/>
        <TextEquiv conf="0.9941863105064486">
          <Unicode>modum necessariis, ad minus quam poterit per terram illam discurrat, et ut nullius</Unicode>
        </TextEquiv>
      </TextLine>
      <TextLine id="eSc_line_6ec48e7c" custom="structure {type:default;}">
        <Coords points="740,1031 740,1051 2655,1046 2657,1026 2653,995 788,989 786,989 784,989 737,1000 740,1031"/>
        <Baseline points="740,1031 2657,1026"/>
        <TextEquiv conf="0.9902091354466556">
          <Unicode>timoris vel adversitatis obtentu, iuri et dignitati ecclesiae suae abrenunciare cogatur“.</Unicode>
        </TextEquiv>
      </TextLine>
      <TextLine id="eSc_line_5cfe4a5f" custom="structure {type:default;}">
        <Coords points="742,1086 742,1110 2655,1110 2657,1079 2651,1048 740,1053 742,1086"/>
        <Baseline points="742,1086 2657,1079"/>
        <TextEquiv conf="0.9939281399312773">
          <Unicode>Epist. S. Thomae ed. Lupus p. 28, ed. Giles II. 4, Mansi XXI. 872, Migne 200</Unicode>
        </TextEquiv>
      </TextLine>
      <TextLine id="eSc_line_367a55ac" custom="structure {type:default;}">
        <Coords points="737,1146 737,1166 2043,1168 2045,1168 2116,1154 2118,1139 2112,1106 735,1110 737,1146"/>
        <Baseline points="737,1146 2118,1139"/>
        <TextEquiv conf="0.9948995182911555">
          <Unicode>p. 271; cf. Reuter I. 557. not. g. — „Litteras, quas nobis“.</Unicode>
        </TextEquiv>
      </TextLine>
      <TextLine id="eSc_line_e7e3ed60" custom="structure {type:default;}">
        <Coords points="463,1199 459,1238 499,1245 501,1245 503,1245 570,1225 572,1205 574,1117 468,1106 463,1199"/>
        <Baseline points="463,1199 572,1205"/>
        <TextEquiv conf="1.0">
          <Unicode>(„)</Unicode>
        </TextEquiv>
      </TextLine>
      <TextLine id="eSc_line_b59ea186" custom="structure {type:default;}">
        <Coords points="691,1196 691,1221 2660,1214 2662,1190 2657,1159 689,1154 691,1196"/>
        <Baseline points="691,1196 2662,1190"/>
        <TextEquiv conf="0.995436923331525">
          <Unicode>10953 (7362) Rogerum, archiepiscopum Eboracensem, hortatur, ut „sicut nec ante con-</Unicode>
        </TextEquiv>
      </TextLine>
      <TextLine id="eSc_line_3cd6d6f0" custom="structure {type:default;}">
        <Coords points="740,1252 740,1276 2657,1269 2660,1245 2653,1216 737,1219 740,1252"/>
        <Baseline points="740,1252 2660,1245"/>
        <TextEquiv conf="0.9967464525022625">
          <Unicode>cessionem suam crucis per totam Angliam ante se deferendae in ipso effectu digni-</Unicode>
        </TextEquiv>
      </TextLine>
      <TextLine id="eSc_line_64367bcd" custom="structure {type:default;}">
        <Coords points="737,1305 737,1329 2660,1325 2662,1300 2655,1272 735,1274 737,1305"/>
        <Baseline points="737,1305 2662,1300"/>
        <TextEquiv conf="0.9998367753209947">
          <Unicode>tate huiusmodi usus sit, ita ea nimirum non utatur, quousque controversia, quae</Unicode>
        </TextEquiv>
      </TextLine>
      <TextLine id="eSc_line_ae06294b" custom="structure {type:default;}">
        <Coords points="742,1362 742,1386 2660,1378 2662,1358 2657,1329 1714,1318 1712,1318 1710,1318 1687,1329 885,1320 883,1320 740,1331 742,1362"/>
        <Baseline points="742,1362 2662,1358"/>
        <TextEquiv conf="0.9965673784414927">
          <Unicode>super hoc vertatur, debitum recipiat complementum“. Epist. S. Thomae ed. Lupus</Unicode>
        </TextEquiv>
      </TextLine>
      <TextLine id="eSc_line_4c8e95f7" custom="structure {type:default;}">
        <Coords points="740,1417 740,1450 2651,1435 2653,1411 2649,1382 1378,1373 1376,1373 1312,1384 771,1375 768,1375 766,1375 737,1384 740,1417"/>
        <Baseline points="740,1417 2653,1411"/>
        <TextEquiv conf="0.9973510875330343">
          <Unicode>p. 24, ed. Giles II. 43, Migne 200 p. 283. De tempore cf. Reuter I. 549 sq. —</Unicode>
        </TextEquiv>
      </TextLine>
      <TextLine id="eSc_line_0f8c3c99" custom="structure {type:default;}">
        <Coords points="740,1472 740,1492 1089,1497 1091,1497 1093,1497 1137,1484 1137,1466 1133,1435 883,1426 881,1426 879,1426 877,1426 877,1428 863,1439 863,1442 857,1442 821,1442 775,1428 773,1428 771,1428 768,1428 737,1439 740,1472"/>
        <Baseline points="740,1472 1137,1466"/>
        <TextEquiv conf="0.9999822833958794">
          <Unicode>„Pro illa animi“.</Unicode>
        </TextEquiv>
      </TextLine>
      <TextLine id="eSc_line_c4a8fa2b" custom="structure {type:default;}">
        <Coords points="130,1530 130,1570 346,1556 346,1530 346,1481 183,1468 181,1468 130,1479 130,1530"/>
        <Baseline points="130,1530 346,1530"/>
        <TextEquiv conf="0.999991638319833">
          <Unicode>Nov. 2.</Unicode>
        </TextEquiv>
      </TextLine>
      <TextLine id="eSc_line_ab70f514" custom="structure {type:default;}">
        <Coords points="468,1541 468,1565 570,1561 570,1541 570,1490 468,1486 468,1541"/>
        <Baseline points="468,1541 570,1541"/>
        <TextEquiv conf="1.0">
          <Unicode>„</Unicode>
        </TextEquiv>
      </TextLine>
      <TextLine id="eSc_line_f40867c2" custom="structure {type:default;}">
        <Coords points="689,1525 689,1552 2660,1550 2662,1519 2655,1484 687,1488 689,1525"/>
        <Baseline points="689,1525 2662,1519"/>
        <TextEquiv conf="0.999797041157642">
          <Unicode>10954 T(heoderico) episcopo et R(adulfo) decano Ambianensi mandat, inducant fratres</Unicode>
        </TextEquiv>
      </TextLine>
      <TextLine id="eSc_line_596addad" custom="structure {type:default;}">
        <Coords points="742,1581 742,1605 2660,1601 2662,1576 2657,1545 740,1541 742,1581"/>
        <Baseline points="742,1581 2662,1576"/>
        <TextEquiv conf="0.995793936482395">
          <Unicode>Maforis-monasterii in possessionem decimae cuiusdam, P(etro) abbati S. Richarii ab-</Unicode>
        </TextEquiv>
      </TextLine>
      <TextLine id="eSc_line_82eb710a" custom="structure {type:default;}">
        <Coords points="740,1636 740,1656 2198,1658 2200,1636 2200,1607 740,1607 740,1636"/>
        <Baseline points="740,1636 2200,1636"/>
        <TextEquiv conf="0.992654025554657">
          <Unicode>iudicatae. Loewenfeld Epistolae p. 134. — „Cum causa quae“.</Unicode>
        </TextEquiv>
      </TextLine>
      <TextLine id="eSc_line_796462dd" custom="structure {type:default;}">
        <Coords points="167,1702 167,1737 201,1737 201,1735 203,1735 205,1735 205,1733 207,1733 231,1711 289,1724 298,1726 300,1726 302,1726 304,1726 304,1724 307,1724 311,1720 313,1722 322,1731 324,1731 326,1731 329,1731 331,1731 333,1731 346,1720 346,1696 340,1649 165,1667 167,1702"/>
        <Baseline points="167,1702 346,1696"/>
        <TextEquiv conf="0.9999989867210388">
          <Unicode>„ 9.</Unicode>
        </TextEquiv>
      </TextLine>
      <TextLine id="eSc_line_66053b0f" custom="structure {type:default;}">
        <Coords points="470,1709 470,1729 574,1724 574,1709 574,1667 470,1647 470,1709"/>
        <Baseline points="470,1709 574,1709"/>
        <TextEquiv conf="1.0">
          <Unicode>„</Unicode>
        </TextEquiv>
      </TextLine>
      <TextLine id="eSc_line_3ccb278f" custom="structure {type:default;}">
        <Coords points="691,1691 691,1713 2660,1709 2662,1687 2655,1649 689,1651 691,1691"/>
        <Baseline points="691,1691 2662,1687"/>
        <TextEquiv conf="0.9921610254839243">
          <Unicode>10955 (7342) Gilberto, episcopo Londinensi, mandat, „quoniam inter Henricum, Anglo-</Unicode>
        </TextEquiv>
      </TextLine>
      <TextLine id="eSc_line_0d59f87f" custom="structure {type:default;}">
        <Coords points="740,1746 740,1766 2660,1775 2662,1746 2662,1715 740,1715 740,1746"/>
        <Baseline points="740,1746 2662,1746"/>
        <TextEquiv conf="0.9996215054174749">
          <Unicode>rum regem, et Anglicam ipsam ecclesiam scintilla cuiusdam indignationis emicuerit,</Unicode>
        </TextEquiv>
      </TextLine>
      <TextLine id="eSc_line_77829f35" custom="structure {type:default;}">
        <Coords points="742,1799 742,1828 2657,1819 2660,1795 2655,1766 740,1764 742,1799"/>
        <Baseline points="742,1799 2660,1795"/>
        <TextEquiv conf="0.9958710804581642">
          <Unicode>ut ad eam extinguendam iugiter elaboret, et ipsius regis animum in pacis et con-</Unicode>
        </TextEquiv>
      </TextLine>
      <TextLine id="eSc_line_45ae356d" custom="structure {type:default;}">
        <Coords points="742,1852 742,1883 2657,1881 2660,1857 2657,1819 742,1817 742,1852"/>
        <Baseline points="742,1852 2660,1857"/>
        <TextEquiv conf="0.9993578375771989">
          <Unicode>cordiae statum reducat“. Gilberti Foliot epistolae ed. Giles II. 92, Migne 200 p. 272.</Unicode>
        </TextEquiv>
      </TextLine>
      <TextLine id="eSc_line_f5ae58aa" custom="structure {type:default;}">
        <Coords points="744,1912 744,1930 945,1941 947,1941 1045,1927 1051,1927 1056,1927 1106,1938 1109,1938 1111,1938 1113,1938 1129,1927 1131,1927 1133,1927 1343,1936 1345,1936 1347,1936 1398,1923 1398,1905 1391,1877 742,1881 744,1912"/>
        <Baseline points="744,1912 1398,1905"/>
        <TextEquiv conf="0.9999931526184082">
          <Unicode>— „Quoniam de honestate“.</Unicode>
        </TextEquiv>
      </TextLine>
      <TextLine id="eSc_line_7dacabf3" custom="structure {type:default;}">
        <Coords points="165,1980 165,1996 346,1994 346,1972 340,1923 256,1930 247,1927 220,1919 218,1919 216,1919 214,1919 161,1932 165,1980"/>
        <Baseline points="165,1980 346,1972"/>
        <TextEquiv conf="0.9999505132436752">
          <Unicode>„ 9.</Unicode>
        </TextEquiv>
      </TextLine>
      <TextLine id="eSc_line_24e6b40c" custom="structure {type:default;}">
        <Coords points="470,1983 477,2093 578,2062 576,1978 570,1923 468,1932 470,1983"/>
        <Baseline points="470,1983 576,1978"/>
        <TextEquiv conf="1.0">
          <Unicode>„</Unicode>
        </TextEquiv>
      </TextLine>
      <TextLine id="eSc_line_d7653838" custom="structure {type:default;}">
        <Coords points="689,1967 689,1989 2660,1985 2662,1961 2657,1925 2271,1916 2269,1916 2218,1925 2209,1927 2202,1925 2167,1916 2165,1916 2163,1916 2160,1916 2127,1927 2123,1927 2112,1927 2030,1916 2028,1916 2026,1916 1992,1927 1981,1930 1928,1927 1760,1919 1758,1919 1681,1930 1668,1930 1659,1930 1606,1919 1604,1919 1537,1930 1531,1930 1520,1930 1409,1919 1407,1919 1352,1930 1341,1932 1294,1930 1073,1921 1071,1921 1014,1932 1011,1932 996,1921 994,1921 992,1921 724,1921 722,1921 720,1921 687,1930 689,1967"/>
        <Baseline points="689,1967 2662,1961"/>
        <TextEquiv conf="0.9922101535858252">
          <Unicode>10956 (7343) (Gisbertum) magistrum hospitalis domus Hierosolymitanae monet, ne</Unicode>
        </TextEquiv>
      </TextLine>
      <TextLine id="eSc_line_c7fbeb23" custom="structure {type:default;}">
        <Coords points="742,2022 742,2053 2657,2049 2660,2018 2653,1987 740,1989 742,2022"/>
        <Baseline points="742,2022 2660,2018"/>
        <TextEquiv conf="0.9982730739000367">
          <Unicode>„Petrum, dictum Alamannum, priorem hospitalis domus S. Iohannis Constantinopoleos,</Unicode>
        </TextEquiv>
      </TextLine>
      <TextLine id="eSc_line_44ea452c" custom="structure {type:default;}">
        <Coords points="744,2075 744,2100 2660,2093 2662,2071 2655,2040 742,2044 744,2075"/>
        <Baseline points="744,2075 2662,2071"/>
        <TextEquiv conf="0.9999368176048185">
          <Unicode>qui ibidem in servitio Dei, ad honorem quoque carissimi in Christo filii sui Con-</Unicode>
        </TextEquiv>
      </TextLine>
      <TextLine id="eSc_line_4cfc452f" custom="structure {type:default;}">
        <Coords points="742,2133 742,2157 2660,2157 2662,2128 2655,2097 740,2097 742,2133"/>
        <Baseline points="742,2133 2662,2128"/>
        <TextEquiv conf="0.9965807433639254">
          <Unicode>stantinopolitani imperatoris non modico fuerit tempore commoratus, contra voluntatem</Unicode>
        </TextEquiv>
      </TextLine>
      <TextLine id="eSc_line_5a76c1fa" custom="structure {type:default;}">
        <Coords points="742,2186 742,2208 2660,2203 2662,2181 2655,2150 740,2150 742,2186"/>
        <Baseline points="742,2186 2662,2181"/>
        <TextEquiv conf="0.9953748789834388">
          <Unicode>et bcneplacitum eiusdem imperatoris ab ipso prioratu retrahat, neve ad suam prae-</Unicode>
        </TextEquiv>
      </TextLine>
      <TextLine id="eSc_line_10c9adec" custom="structure {type:default;}">
        <Coords points="740,2239 740,2265 2660,2263 2662,2232 2655,2203 737,2206 740,2239"/>
        <Baseline points="740,2239 2662,2232"/>
        <TextEquiv conf="0.9986399095735432">
          <Unicode>sentiam revocet“. Duchesne Hist. Fr. SS. IV. 626, Bouquet Rec. XV. 809, Migne 200</Unicode>
        </TextEquiv>
      </TextLine>
      <TextLine id="eSc_line_c41cd9e0" custom="structure {type:default;}">
        <Coords points="742,2296 742,2316 1106,2325 1109,2325 1111,2325 1113,2325 1126,2314 1151,2325 1153,2325 1155,2325 1316,2312 1336,2312 1338,2312 1360,2323 1363,2323 1365,2325 1524,2325 1524,2323 1526,2323 1573,2309 1573,2292 1568,2254 824,2254 821,2254 740,2265 742,2296"/>
        <Baseline points="742,2296 1573,2292"/>
        <TextEquiv conf="0.9841965306550264">
          <Unicode>p. 273. — „Ea, quae ad honorem“.</Unicode>
        </TextEquiv>
      </TextLine>
      <TextLine id="eSc_line_0d522f71" custom="structure {type:default;}">
        <Coords points="172,2358 172,2398 351,2382 351,2351 344,2301 167,2301 172,2358"/>
        <Baseline points="172,2358 351,2351"/>
        <TextEquiv conf="0.9999996185302734">
          <Unicode>„ 22.</Unicode>
        </TextEquiv>
      </TextLine>
      <TextLine id="eSc_line_5f07800e" custom="structure {type:default;}">
        <Coords points="483,2365 483,2391 558,2378 558,2365 558,2318 483,2314 483,2365"/>
        <Baseline points="483,2365 558,2365"/>
        <TextEquiv conf="1.0">
          <Unicode>„</Unicode>
        </TextEquiv>
      </TextLine>
      <TextLine id="eSc_line_5620df77" custom="structure {type:default;}">
        <Coords points="693,2347 693,2380 2660,2378 2662,2347 2660,2314 693,2314 693,2347"/>
        <Baseline points="693,2347 2662,2347"/>
        <TextEquiv conf="0.9940736313442607">
          <Unicode>10957 Monasterii Vallislucentis possessiones et privilegia confirmat, petente Petro abbate.</Unicode>
        </TextEquiv>
      </TextLine>
      <TextLine id="eSc_line_8d5d166e" custom="structure {type:default;}">
        <Coords points="742,2404 742,2426 2253,2422 2255,2400 2249,2365 740,2371 742,2404"/>
        <Baseline points="742,2404 2255,2400"/>
        <TextEquiv conf="0.9926277831677468">
          <Unicode>Quantin Cart. gén. de l&#x27;Vonne II. 156. — „Desiderium quod ad“.</Unicode>
        </TextEquiv>
      </TextLine>
      <TextLine id="eSc_line_59d6b4cc" custom="structure {type:default;}">
        <Coords points="468,2464 466,2508 523,2513 525,2513 528,2513 574,2493 576,2468 576,2415 492,2400 490,2400 488,2400 468,2407 468,2464"/>
        <Baseline points="468,2464 576,2468"/>
        <TextEquiv conf="0.9830791354179382">
          <Unicode>(„)</Unicode>
        </TextEquiv>
      </TextLine>
      <TextLine id="eSc_line_f54f0298" custom="structure {type:default;}">
        <Coords points="693,2460 693,2488 2660,2482 2662,2453 2657,2420 691,2420 693,2460"/>
        <Baseline points="693,2460 2662,2453"/>
        <TextEquiv conf="0.9933577369241153">
          <Unicode>10958 (7363) Rogero, archiepiscopo Eboracensi, et canonicis Eboracensibus scribit, ne</Unicode>
        </TextEquiv>
      </TextLine>
      <TextLine id="eSc_line_af4c2a27" custom="structure {type:default;}">
        <Coords points="742,2515 742,2539 2660,2537 2662,2510 2657,2482 819,2475 817,2475 740,2486 742,2515"/>
        <Baseline points="742,2515 2662,2510"/>
        <TextEquiv conf="0.997064875551017">
          <Unicode>archiepiscopus „in provincia Cantuariensis ecclesiae crucem ullatenus deferat, neve</Unicode>
        </TextEquiv>
      </TextLine>
      <TextLine id="eSc_line_adfdba7b" custom="structure {type:default;}">
        <Coords points="744,2568 744,2592 2660,2590 2662,2563 2655,2532 742,2537 744,2568"/>
        <Baseline points="744,2568 2662,2563"/>
        <TextEquiv conf="0.9878683963487315">
          <Unicode>ullius appellationis obtentu id aliqua occasione attentet“. Epist. S. Thomae ed. Lupus</Unicode>
        </TextEquiv>
      </TextLine>
      <TextLine id="eSc_line_1429c6ab" custom="structure {type:default;}">
        <Coords points="744,2630 744,2658 2660,2658 2662,2623 2657,2592 817,2585 815,2585 742,2597 744,2630"/>
        <Baseline points="744,2630 2662,2623"/>
        <TextEquiv conf="0.9900105719159289">
          <Unicode>p. 121, ed. Giles II. 44, Migne 200 p. 161 et 283. De tempore cf. Reuter I. 549sq.</Unicode>
        </TextEquiv>
      </TextLine>
      <TextLine id="eSc_line_a329d8d5" custom="structure {type:default;}">
        <Coords points="751,2680 751,2698 1093,2709 1095,2709 1239,2707 1241,2707 1243,2707 1257,2698 1268,2707 1270,2707 1272,2707 1274,2709 1440,2709 1440,2707 1442,2707 1489,2694 1489,2676 1484,2647 748,2647 751,2680"/>
        <Baseline points="751,2680 1489,2676"/>
        <TextEquiv conf="0.9999442100524902">
          <Unicode>— „Decet prudentiam vestram“.</Unicode>
        </TextEquiv>
      </TextLine>
      <TextLine id="eSc_line_e93fe66a" custom="structure {type:default;}">
        <Coords points="132,2736 132,2769 355,2764 355,2731 351,2694 278,2678 276,2678 273,2678 254,2685 216,2696 196,2678 192,2674 190,2674 187,2674 130,2674 132,2736"/>
        <Baseline points="132,2736 355,2731"/>
        <TextEquiv conf="0.9851022809743881">
          <Unicode>Dec. 16.</Unicode>
        </TextEquiv>
      </TextLine>
      <TextLine id="eSc_line_8ccc19d2" custom="structure {type:default;}">
        <Coords points="472,2749 472,2758 572,2760 574,2749 574,2716 472,2716 472,2749"/>
        <Baseline points="472,2749 574,2749"/>
        <TextEquiv conf="0.9999994039535522">
          <Unicode>„„)</Unicode>
        </TextEquiv>
      </TextLine>
      <TextLine id="eSc_line_4d49ff02" custom="structure {type:default;}">
        <Coords points="695,2736 695,2764 2660,2753 2662,2729 2657,2696 715,2689 713,2689 711,2689 709,2689 693,2696 695,2736"/>
        <Baseline points="695,2736 2662,2729"/>
        <TextEquiv conf="0.996026824502384">
          <Unicode>10959 (7344) W. priorem et fratres ecclesiae Cantuariensis laudat, quod Thomae archi-</Unicode>
        </TextEquiv>
      </TextLine>
      <TextLine id="eSc_line_0c25ead2" custom="structure {type:default;}">
        <Coords points="742,2789 742,2815 2660,2809 2662,2782 2655,2751 740,2758 742,2789"/>
        <Baseline points="742,2789 2662,2782"/>
        <TextEquiv conf="0.9983764643018896">
          <Unicode>episcopo „in negotiis ecclesiae ferventer adsistant et eius tribulationibus et angustiis</Unicode>
        </TextEquiv>
      </TextLine>
      <TextLine id="eSc_line_1b53f118" custom="structure {type:default;}">
        <Coords points="742,2844 742,2864 1676,2875 1679,2875 1869,2862 1877,2862 1880,2862 1933,2873 1935,2873 2138,2862 2308,2873 2311,2873 2313,2873 2359,2862 2375,2873 2377,2873 2379,2873 2381,2875 2644,2875 2644,2873 2646,2873 2649,2873 2664,2859 2664,2839 2657,2811 740,2813 742,2844"/>
        <Baseline points="742,2844 2664,2839"/>
        <TextEquiv conf="0.99271600834931">
          <Unicode>compatientes, consilium ei et auxilium libentius ministrent“. Haec addit: „Con-</Unicode>
        </TextEquiv>
      </TextLine>
      <TextLine id="eSc_line_9d84e622" custom="structure {type:default;}">
        <Coords points="744,2899 744,2928 2660,2928 2662,2895 2657,2866 742,2862 744,2899"/>
        <Baseline points="744,2899 2662,2895"/>
        <TextEquiv conf="0.9999775334640786">
          <Unicode>fidimus, quod ille, in cuius manu corda regum sunt, Henrici Anglorum regis animum</Unicode>
        </TextEquiv>
      </TextLine>
      <TextLine id="eSc_line_5abb62c4" custom="structure {type:default;}">
        <Coords points="744,2954 744,2976 925,2976 932,2979 972,2990 974,2990 976,2990 1215,2979 1224,2979 1230,2979 1347,2987 1349,2987 1407,2979 1436,2974 1484,2979 1562,2985 1564,2985 1829,2983 1831,2983 1840,2979 1855,2972 1871,2979 1886,2985 1889,2985 1891,2987 2050,2987 2050,2985 2052,2985 2068,2979 2085,2972 2103,2979 2116,2985 2118,2985 2121,2985 2167,2979 2220,2972 2231,2979 2235,2983 2238,2983 2240,2983 2242,2983 2660,2979 2662,2945 2655,2917 742,2923 744,2954"/>
        <Baseline points="744,2954 2662,2945"/>
        <TextEquiv conf="0.9935608642647066">
          <Unicode>circa archiepiscopum mitigabit“. Gilberti Foliot epist. ed. Giles II. 69, Migne 200</Unicode>
        </TextEquiv>
      </TextLine>
      <TextLine id="eSc_line_e37599e0" custom="structure {type:default;}">
        <Coords points="742,3007 742,3032 777,3038 779,3038 782,3038 797,3032 813,3025 824,3032 832,3038 835,3038 837,3038 839,3040 912,3040 912,3038 914,3038 916,3038 916,3036 923,3032 930,3025 1051,3025 1062,3029 1075,3036 1078,3036 1281,3038 1283,3038 1285,3038 1288,3038 1303,3027 1307,3025 1330,3027 1431,3038 1433,3038 1436,3038 1438,3038 1455,3025 1460,3025 1517,3038 1520,3038 1637,3023 1637,3007 1637,2979 742,2979 742,3007"/>
        <Baseline points="742,3007 1637,3007"/>
        <TextEquiv conf="0.9984232579406939">
          <Unicode>p. 273. — „Venerabilis frater noster“.</Unicode>
        </TextEquiv>
      </TextLine>
      <TextLine id="eSc_line_2c4bd7d3" custom="structure {type:default;}">
        <Coords points="172,3071 174,3100 214,3087 351,3093 353,3067 349,3029 291,3018 289,3018 229,3032 227,3032 225,3032 194,3021 192,3021 190,3021 187,3021 170,3029 172,3071"/>
        <Baseline points="172,3071 353,3067"/>
        <TextEquiv conf="0.9819328546524048">
          <Unicode>„ 19.</Unicode>
        </TextEquiv>
      </TextLine>
      <TextLine id="eSc_line_d4c5a1c5" custom="structure {type:default;}">
        <Coords points="472,3080 472,3093 499,3109 501,3109 503,3109 572,3091 572,3074 567,3027 468,3027 472,3080"/>
        <Baseline points="472,3080 572,3074"/>
        <TextEquiv conf="1.0">
          <Unicode>„</Unicode>
        </TextEquiv>
      </TextLine>
      <TextLine id="eSc_line_e34948dc" custom="structure {type:default;}">
        <Coords points="698,3062 698,3087 2662,3087 2662,3062 2662,3029 698,3023 698,3062"/>
        <Baseline points="698,3062 2662,3062"/>
        <TextEquiv conf="0.9992910931850302">
          <Unicode>10960 B(ertrando) archiepiscopo Burdegalensi significat, sese indutias fratribus S. Ma-</Unicode>
        </TextEquiv>
      </TextLine>
      <TextLine id="eSc_line_a4521885" custom="structure {type:default;}">
        <Coords points="746,3115 746,3144 2662,3149 2664,3115 2664,3087 746,3087 746,3115"/>
        <Baseline points="746,3115 2664,3115"/>
        <TextEquiv conf="0.9927722382836226">
          <Unicode>charii concessas (vide supra ep. 10937) non posse iterum prolongare, causamque ita</Unicode>
        </TextEquiv>
      </TextLine>
      <TextLine id="eSc_line_3fff1b44" custom="structure {type:default;}">
        <Coords points="748,3173 748,3199 2660,3199 2662,3164 2655,3138 746,3144 748,3173"/>
        <Baseline points="748,3173 2662,3164"/>
        <TextEquiv conf="0.9981802922708017">
          <Unicode>a sese terminatam esse, ut ecclesia eorum „perpetuo debeat in subiectione et obe-</Unicode>
        </TextEquiv>
      </TextLine>
      <TextLine id="eSc_line_175d07e7" custom="structure {type:default;}">
        <Coords points="746,3228 746,3252 2660,3250 2662,3221 2655,3193 744,3197 746,3228"/>
        <Baseline points="746,3228 2662,3221"/>
        <TextEquiv conf="0.9998727440834045">
          <Unicode>dientia monasterii S. Crucis Burdegalensis permanere“. Rogat, ne fratribus S. Crucis</Unicode>
        </TextEquiv>
      </TextLine>
      <TextLine id="eSc_line_7252447f" custom="structure {type:default;}">
        <Coords points="746,3281 746,3310 2664,3303 2664,3281 2662,3244 746,3250 746,3281"/>
        <Baseline points="746,3281 2664,3281"/>
        <TextEquiv conf="0.9917744134045854">
          <Unicode>pro eo irascatur, quod litem non in archiepiscopi, sed in Romana curia tractari</Unicode>
        </TextEquiv>
      </TextLine>
      <TextLine id="eSc_line_33f2f75f" custom="structure {type:default;}">
        <Coords points="744,3339 744,3358 2344,3352 2346,3332 2341,3303 775,3297 773,3297 771,3297 742,3305 744,3339"/>
        <Baseline points="744,3339 2346,3332"/>
        <TextEquiv conf="0.999994259892088">
          <Unicode>fecerint. Archives hist. de la Gironde I. 220. — „Cum in omnibus“.</Unicode>
        </TextEquiv>
      </TextLine>
      <TextLine id="eSc_line_f408bad6" custom="structure {type:default;}">
        <Coords points="181,3394 183,3427 234,3411 353,3418 355,3385 351,3350 176,3345 181,3394"/>
        <Baseline points="181,3394 355,3385"/>
        <TextEquiv conf="0.9998860359191895">
          <Unicode>„ 25.</Unicode>
        </TextEquiv>
      </TextLine>
      <TextLine id="eSc_line_6f7375b1" custom="structure {type:default;}">
        <Coords points="486,3398 483,3414 523,3431 525,3431 528,3431 530,3431 563,3416 565,3403 565,3361 521,3347 519,3347 517,3347 514,3347 486,3356 486,3398"/>
        <Baseline points="486,3398 565,3403"/>
        <TextEquiv conf="1.0">
          <Unicode>„</Unicode>
        </TextEquiv>
      </TextLine>
      <TextLine id="eSc_line_45aab064" custom="structure {type:default;}">
        <Coords points="695,3389 695,3414 2618,3414 2618,3389 2618,3358 695,3350 695,3389"/>
        <Baseline points="695,3389 2618,3389"/>
        <TextEquiv conf="0.9817119633279195">
          <Unicode>In ecclesia S. Columbae „die natalis Domini“. Annal. S. Columbae Senon. 1164 I. I.</Unicode>
        </TextEquiv>
      </TextLine>
      <TextLine id="eSc_line_08d4e4c5" custom="structure {type:default;}">
        <Coords points="176,3451 176,3495 355,3495 355,3447 349,3411 174,3414 176,3451"/>
        <Baseline points="176,3451 355,3447"/>
        <TextEquiv conf="0.9970158100128174">
          <Unicode>„ 31.</Unicode>
        </TextEquiv>
      </TextLine>
      <TextLine id="eSc_line_f7681502" custom="structure {type:default;}">
        <Coords points="459,3456 457,3480 497,3498 499,3498 501,3498 574,3489 576,3462 576,3407 459,3418 459,3456"/>
        <Baseline points="459,3456 576,3462"/>
        <TextEquiv conf="1.0">
          <Unicode>„</Unicode>
        </TextEquiv>
      </TextLine>
      <TextLine id="eSc_line_4accb447" custom="structure {type:default;}">
        <Coords points="698,3447 700,3489 762,3473 2653,3482 2657,3442 2651,3405 695,3407 698,3447"/>
        <Baseline points="698,3447 2657,3442"/>
        <TextEquiv conf="0.9904473550617695">
          <Unicode>In ecclesia S. Columbae, cum Ludovico Francorum rege, „solemnitate S. Columbae“.</Unicode>
        </TextEquiv>
      </TextLine>
      <TextLine id="eSc_line_6baeb604" custom="structure {type:default;}">
        <Coords points="751,3502 751,3544 934,3544 943,3548 980,3564 983,3564 985,3564 987,3564 1022,3548 1034,3544 1093,3551 1133,3553 1135,3553 1137,3553 1144,3551 1168,3542 1197,3542 1208,3551 1219,3559 1219,3562 1221,3562 1224,3562 1226,3564 1327,3564 1327,3562 1330,3562 1332,3562 1332,3559 1338,3553 1347,3544 1385,3553 1422,3562 1425,3562 1586,3555 1588,3498 1584,3469 771,3460 768,3460 766,3460 764,3460 748,3467 751,3502"/>
        <Baseline points="751,3502 1588,3498"/>
        <TextEquiv conf="0.9788711547851563">
          <Unicode>Annal. S. Columb. Senon. 1164 I. I.</Unicode>
        </TextEquiv>
      </TextLine>
    </TextRegion>
    <TextRegion id="eSc_textblock_119a92d5"  custom="structure {type:default;}">
      <Coords points="923,141 1851,141 1886,227 1842,253 927,253 892,209 923,141"/>
      <TextLine id="eSc_line_57adb20f" custom="structure {type:default;}">
        <Coords points="919,220 919,236 1080,249 1082,249 1210,236 1217,236 1239,236 1615,245 1617,245 1619,245 1648,234 1654,231 1665,234 1710,242 1712,242 1851,231 1851,212 1849,163 1782,145 1780,145 1778,145 1776,145 1745,159 1705,147 1703,147 1701,147 1699,147 1696,147 1681,161 1575,152 1573,152 1570,152 1568,152 1568,154 1559,161 1557,165 1433,165 1427,161 1387,143 1385,143 1383,143 1303,159 1148,145 1146,145 1073,161 1067,161 1060,161 1014,147 1011,147 1009,147 916,159 919,220"/>
        <Baseline points="919,220 1851,212"/>
        <TextEquiv conf="0.9998839211463928">
          <Unicode>ALEXANDER III. 1159—1181.</Unicode>
        </TextEquiv>
      </TextLine>
    </TextRegion>
    <TextRegion id="eSc_textblock_bb7d40c0"  custom="structure {type:default;}">
      <Coords points="2545,150 2688,159 2706,218 2635,253 2531,245 2514,159 2545,150"/>
      <TextLine id="eSc_line_f76d2819" custom="structure {type:default;}">
        <Coords points="2543,220 2543,242 2660,242 2660,214 2655,161 2591,154 2589,154 2587,154 2538,167 2543,220"/>
        <Baseline points="2543,220 2660,214"/>
        <TextEquiv conf="0.9999991257985433">
          <Unicode>175</Unicode>
        </TextEquiv>
      </TextLine>
    </TextRegion>
    <TextRegion id="eSc_textblock_0434681a"  custom="structure {type:default;}">
      <Coords points="2068,3577 2087,3592 2054,3601 2054,3586 2068,3577"/>
    </TextRegion>
  </Page>
</PcGts>
