<?xml version="1.0" encoding="UTF-8"  standalone="yes"?>
<PcGts xmlns="http://schema.primaresearch.org/PAGE/gts/pagecontent/2019-07-15" xmlns:xsi="http://www.w3.org/2001/XMLSchema-instance" xsi:schemaLocation="http://schema.primaresearch.org/PAGE/gts/pagecontent/2019-07-15 http://schema.primaresearch.org/PAGE/gts/pagecontent/2019-07-15/pagecontent.xsd">
  <Metadata>
	<Creator>escriptorium</Creator>
	<Created>2024-07-19T10:07:15.866777+00:00</Created>
        <LastChange>2024-08-08T08:31:36.325675+00:00</LastChange>
  </Metadata>
  <Page imageFilename="0193.png" imageWidth="3007" imageHeight="3975">
    <TextRegion id="eSc_textblock_466377e9"  custom="structure {type:default;}">
      <Coords points="302,159 421,167 430,236 291,262 265,203 302,159"/>
      <TextLine id="eSc_line_f9bdb863" custom="structure {type:default;}">
        <Coords points="402,165 380,163 355,161 333,161 311,159 291,170 296,223 296,247 410,238 410,214 404,165 402,165"/>
        <Baseline points="296,223 410,214"/>
        <TextEquiv conf="0.9719226956367493">
          <Unicode>180</Unicode>
        </TextEquiv>
      </TextLine>
    </TextRegion>
    <TextRegion id="eSc_textblock_6cd14b8d"  custom="structure {type:default;}">
      <Coords points="2713,300 2883,309 2874,3513 1349,3513 1347,3539 892,3539 828,3504 609,3522 572,3495 545,3522 282,3513 265,353 309,318 563,353 828,344 919,309 2713,300"/>
      <TextLine id="eSc_line_6e3a0e71" custom="structure {type:default;}">
        <Coords points="901,313 879,322 857,331 835,340 837,368 837,388 1029,399 1031,399 1034,399 1062,390 1071,386 1316,386 1360,390 1418,397 1420,397 1462,390 1497,386 1551,390 1615,397 1617,397 1734,390 1886,384 1992,393 2037,395 2039,395 2041,395 2048,393 2070,384 2209,393 2258,395 2260,395 2302,393 2428,384 2534,393 2538,393 2540,393 2543,393 2578,382 2600,393 2602,393 2604,395 2755,395 2757,359 2750,311 2487,318 2474,313 2452,302 2450,302 2448,302 2445,302 2423,313 2414,320 2308,320 2286,313 2231,304 2229,304 2132,315 2092,320 2081,315 2052,304 2050,304 1893,304 1891,304 1758,320 1747,320 1745,320 1732,309 1729,309 1727,309 1725,309 1628,318 1573,306 1570,306 1478,320 1378,306 1376,306 1374,306 1345,322 1246,324 1204,324 1201,324 1166,311 1164,311 1162,311 1159,311 1122,324 1091,311 1089,311 914,309 901,313"/>
        <Baseline points="837,368 2757,359"/>
        <TextEquiv conf="0.9943525623739435">
          <Unicode>1164. (Ind. 12. — 25. Sept. — 13, pont. a. 5. — 20. Sept. — 6, 1163. — 25. Mart. — 1164.)</Unicode>
        </TextEquiv>
      </TextLine>
      <TextLine id="eSc_line_49f953eb" custom="structure {type:default;}">
        <Coords points="587,430 587,507 682,516 684,516 784,496 784,426 777,382 585,384 587,430"/>
        <Baseline points="587,430 784,426"/>
        <TextEquiv conf="0.9964089478765216">
          <Unicode>Senonis</Unicode>
        </TextEquiv>
      </TextLine>
      <TextLine id="eSc_line_3a5e7e36" custom="structure {type:default;}">
        <Coords points="868,430 868,463 952,452 2830,452 2834,426 2830,390 1851,379 1849,379 1749,390 1741,393 866,393 868,430"/>
        <Baseline points="868,430 2834,426"/>
        <TextEquiv conf="0.9954874480471891">
          <Unicode>11013 Bertranni magistri militiae templi Hierosolymitani eiusque fratrum protectionem</Unicode>
        </TextEquiv>
      </TextLine>
      <TextLine id="eSc_line_5385f262" custom="structure {type:default;}">
        <Coords points="311,432 311,459 530,459 530,432 530,386 486,373 483,373 481,373 479,373 439,384 311,382 311,432"/>
        <Baseline points="311,432 530,432"/>
        <TextEquiv conf="0.9450077679422166">
          <Unicode>Mart. 30.</Unicode>
        </TextEquiv>
      </TextLine>
      <TextLine id="eSc_line_be7d901d" custom="structure {type:default;}">
        <Coords points="916,483 916,505 2830,512 2834,479 2828,446 914,450 916,483"/>
        <Baseline points="916,483 2834,479"/>
        <TextEquiv conf="0.9869925989824183">
          <Unicode>suscipit ac possessiones et privilegia confirmat. Cf. Prutz Malteser-Urk. p. 31, idem</Unicode>
        </TextEquiv>
      </TextLine>
      <TextLine id="eSc_line_1c21f721" custom="structure {type:default;}">
        <Coords points="919,534 919,558 2428,558 2430,538 2428,507 919,503 919,534"/>
        <Baseline points="919,534 2430,538"/>
        <TextEquiv conf="0.9905833865775436">
          <Unicode>ap. Löher Arch. Zeitschr. VIII. 93. — („Omne datum optimum“).</Unicode>
        </TextEquiv>
      </TextLine>
      <TextLine id="eSc_line_c215ea0e" custom="structure {type:default;}">
        <Coords points="872,591 872,618 2839,618 2839,591 2839,560 872,560 872,591"/>
        <Baseline points="872,591 2839,591"/>
        <TextEquiv conf="0.9998105473816394">
          <Unicode>11014 (7371) Thomae, archiepiscopo Cantuariensi, peccatum quoddam condonat, eum-</Unicode>
        </TextEquiv>
      </TextLine>
      <TextLine id="eSc_line_ecce1524" custom="structure {type:default;}">
        <Coords points="311,600 311,624 415,638 417,638 419,638 421,638 437,622 530,620 530,596 523,556 309,558 311,600"/>
        <Baseline points="311,600 530,596"/>
        <TextEquiv conf="0.9868927768298558">
          <Unicode>Apr. 1.</Unicode>
        </TextEquiv>
      </TextLine>
      <TextLine id="eSc_line_ba5c7c7a" custom="structure {type:default;}">
        <Coords points="658,607 656,629 733,629 735,609 733,554 658,563 658,607"/>
        <Baseline points="658,607 735,609"/>
        <TextEquiv conf="1.0">
          <Unicode>„</Unicode>
        </TextEquiv>
      </TextLine>
      <TextLine id="eSc_line_ce2e4eda" custom="structure {type:default;}">
        <Coords points="923,644 923,673 2834,669 2836,649 2832,611 923,611 923,644"/>
        <Baseline points="923,644 2836,649"/>
        <TextEquiv conf="0.9998091222291969">
          <Unicode>que hortatur, ne „a missarum celebratione cesset, neve a consecratione sanguinis et</Unicode>
        </TextEquiv>
      </TextLine>
      <TextLine id="eSc_line_6c246b1a" custom="structure {type:default;}">
        <Coords points="921,702 921,726 2834,737 2836,702 2836,671 921,671 921,702"/>
        <Baseline points="921,702 2836,702"/>
        <TextEquiv conf="0.9889910313345137">
          <Unicode>corporis domini abstineat“. Epist. S. Thomae ed. Lupus p. 40, ed. Giles II. 5, Mansi</Unicode>
        </TextEquiv>
      </TextLine>
      <TextLine id="eSc_line_92588155" custom="structure {type:default;}">
        <Coords points="923,757 923,781 2191,779 2193,750 2189,722 1813,711 1811,711 1809,711 1765,722 1763,722 1743,722 1425,713 1422,713 921,724 923,757"/>
        <Baseline points="923,757 2193,750"/>
        <TextEquiv conf="0.9994239628314971">
          <Unicode>XXI. 1193, Migne 200 p. 290. — „Ad aures nostras“.</Unicode>
        </TextEquiv>
      </TextLine>
      <TextLine id="eSc_line_c8971477" custom="structure {type:default;}">
        <Coords points="874,810 874,836 2839,836 2839,810 2839,779 874,775 874,810"/>
        <Baseline points="874,810 2839,810"/>
        <TextEquiv conf="0.9999952238230478">
          <Unicode>11015 (7372) Stephano, episcopo Meldensi, ius parochiale in villa et monasterio Res-</Unicode>
        </TextEquiv>
      </TextLine>
      <TextLine id="eSc_line_21d3a41f" custom="structure {type:default;}">
        <Coords points="344,830 346,859 450,839 466,852 468,852 470,852 472,852 525,850 525,819 519,772 340,772 344,830"/>
        <Baseline points="344,830 525,819"/>
        <TextEquiv conf="0.989280104637146">
          <Unicode>„ 2.</Unicode>
        </TextEquiv>
      </TextLine>
      <TextLine id="eSc_line_c24fbf7d" custom="structure {type:default;}">
        <Coords points="658,830 658,889 740,894 742,830 742,775 658,768 658,830"/>
        <Baseline points="658,830 742,830"/>
        <TextEquiv conf="1.0">
          <Unicode>„</Unicode>
        </TextEquiv>
      </TextLine>
      <TextLine id="eSc_line_84da487e" custom="structure {type:default;}">
        <Coords points="925,867 925,894 2836,892 2839,863 2834,834 938,825 936,825 934,825 932,825 923,832 925,867"/>
        <Baseline points="925,867 2839,863"/>
        <TextEquiv conf="0.9999574571847916">
          <Unicode>bacensi adiudicat. Launoii Opp. III. II. 408, Migne 200 p. 290. — „Controversiae</Unicode>
        </TextEquiv>
      </TextLine>
      <TextLine id="eSc_line_469a88fb" custom="structure {type:default;}">
        <Coords points="919,923 919,938 996,949 998,949 1082,929 1082,918 1075,881 916,881 919,923"/>
        <Baseline points="919,923 1082,918"/>
        <TextEquiv conf="0.9999999829701015">
          <Unicode>inter“.</Unicode>
        </TextEquiv>
      </TextLine>
      <TextLine id="eSc_line_698dec09" custom="structure {type:default;}">
        <Coords points="846,978 846,998 2841,995 2841,971 2836,934 843,931 846,978"/>
        <Baseline points="846,978 2841,971"/>
        <TextEquiv conf="0.9905359461540129">
          <Unicode>f11016 M(icolao) electo Cameracensi et abbati Affligemiensi mandat, prohibeant, ne</Unicode>
        </TextEquiv>
      </TextLine>
      <TextLine id="eSc_line_7a0b4109" custom="structure {type:default;}">
        <Coords points="342,993 342,1007 353,1015 355,1015 357,1015 360,1015 362,1015 391,1004 408,998 521,1011 525,987 519,940 340,960 342,993"/>
        <Baseline points="342,993 525,987"/>
        <TextEquiv conf="0.9999997615814209">
          <Unicode>„ 9.</Unicode>
        </TextEquiv>
      </TextLine>
      <TextLine id="eSc_line_ef3e77df" custom="structure {type:default;}">
        <Coords points="925,1033 925,1060 2836,1053 2839,1029 2834,1000 2766,987 2763,987 2761,987 2728,998 2728,1000 2258,1000 2255,998 2238,987 2235,987 2233,987 2231,987 2229,987 2193,998 2189,998 2171,998 2017,987 2014,987 1877,998 1824,1000 1789,995 1725,989 1723,989 1721,989 1705,995 1699,1000 1685,995 1661,989 1659,989 1657,989 1654,989 1652,989 1643,995 1637,1000 1615,995 1575,989 1573,989 1537,995 1515,1000 1491,995 1449,989 1447,989 1444,989 1422,995 1405,1000 1380,995 1345,989 1343,989 1265,995 1208,1000 1195,995 1179,989 1177,989 1175,989 923,993 925,1033"/>
        <Baseline points="925,1033 2839,1029"/>
        <TextEquiv conf="0.995126179995991">
          <Unicode>praebendae ecclesiae Bruxellensis incognitis vel minus idoneis personis conferantur.</Unicode>
        </TextEquiv>
      </TextLine>
      <TextLine id="eSc_line_b83c637a" custom="structure {type:default;}">
        <Coords points="925,1088 925,1119 2839,1115 2841,1082 2836,1051 2218,1040 2216,1040 2213,1040 2211,1040 2193,1051 1592,1042 1590,1042 1533,1053 969,1044 967,1044 965,1044 923,1055 925,1088"/>
        <Baseline points="925,1088 2841,1082"/>
        <TextEquiv conf="0.9913856120486009">
          <Unicode>(„Dat. Anagniae a. dom. 1164, V. id. Apr.“) Miraei Opp. dipl. IV. 24. — „Cum</Unicode>
        </TextEquiv>
      </TextLine>
      <TextLine id="eSc_line_575f1f60" custom="structure {type:default;}">
        <Coords points="923,1141 923,1159 958,1172 961,1172 963,1172 1056,1159 1058,1159 1100,1172 1102,1172 1104,1172 1349,1154 1352,1137 1347,1108 1162,1097 1159,1097 921,1110 923,1141"/>
        <Baseline points="923,1141 1352,1137"/>
        <TextEquiv conf="0.99836041405797">
          <Unicode>nobis quamquam“.</Unicode>
        </TextEquiv>
      </TextLine>
      <TextLine id="eSc_line_3c8cc36f" custom="structure {type:default;}">
        <Coords points="872,1201 872,1230 2012,1216 2043,1216 2165,1225 2167,1225 2169,1225 2202,1216 2211,1214 2306,1214 2816,1221 2819,1221 2821,1221 2858,1207 2858,1188 2854,1154 2697,1154 2673,1141 2671,1141 2668,1141 2666,1141 2664,1141 2646,1154 2580,1154 2525,1154 2509,1154 2233,1143 2231,1143 2019,1157 2008,1157 1990,1157 1628,1148 1626,1148 1623,1148 1579,1159 1577,1159 1575,1159 1539,1148 1537,1148 1535,1148 1455,1159 1440,1163 870,1163 872,1201"/>
        <Baseline points="872,1201 2858,1188"/>
        <TextEquiv conf="0.9959580733115414">
          <Unicode>„Feria 6 in parasceve“. Sigeberti cont. Burburg. 1164 in MG. SS. VI. 458, „In para-</Unicode>
        </TextEquiv>
      </TextLine>
      <TextLine id="eSc_line_05ac2c06" custom="structure {type:default;}">
        <Coords points="353,1207 353,1232 530,1230 532,1201 528,1159 472,1146 470,1146 351,1163 353,1207"/>
        <Baseline points="353,1207 532,1201"/>
        <TextEquiv conf="0.9999989032745361">
          <Unicode>„ 10.</Unicode>
        </TextEquiv>
      </TextLine>
      <TextLine id="eSc_line_7b890c9d" custom="structure {type:default;}">
        <Coords points="662,1207 660,1225 689,1236 691,1236 693,1236 746,1223 748,1212 748,1166 662,1166 662,1207"/>
        <Baseline points="662,1207 748,1212"/>
        <TextEquiv conf="1.0">
          <Unicode>„</Unicode>
        </TextEquiv>
      </TextLine>
      <TextLine id="eSc_line_d1f62d31" custom="structure {type:default;}">
        <Coords points="925,1252 925,1276 2843,1272 2843,1252 2843,1219 925,1219 925,1252"/>
        <Baseline points="925,1252 2843,1252"/>
        <TextEquiv conf="0.9952477481630113">
          <Unicode>sceue, 4. Id. Apr.“ Chronica regia Colon. 1164 ibid. XVII. 778, ed. Waitz p. 114.</Unicode>
        </TextEquiv>
      </TextLine>
      <TextLine id="eSc_line_a4487a8d" custom="structure {type:default;}">
        <Coords points="874,1305 874,1329 2841,1331 2843,1298 2839,1269 2286,1258 2284,1258 872,1272 874,1305"/>
        <Baseline points="874,1305 2843,1298"/>
        <TextEquiv conf="0.9866021422778859">
          <Unicode>11017 (7373) Henrico, archiepiscopo Remensi, de officiis Ar(dicioni) S. Theodori dia-</Unicode>
        </TextEquiv>
      </TextLine>
      <TextLine id="eSc_line_6edc768b" custom="structure {type:default;}">
        <Coords points="353,1316 353,1347 532,1333 532,1311 525,1272 351,1274 353,1316"/>
        <Baseline points="353,1316 532,1311"/>
        <TextEquiv conf="0.9997161149978637">
          <Unicode>„ 15.</Unicode>
        </TextEquiv>
      </TextLine>
      <TextLine id="eSc_line_3b44e229" custom="structure {type:default;}">
        <Coords points="658,1320 660,1384 753,1393 753,1316 748,1274 691,1260 689,1260 687,1260 684,1260 653,1272 658,1320"/>
        <Baseline points="658,1320 753,1316"/>
        <TextEquiv conf="1.0">
          <Unicode>„</Unicode>
        </TextEquiv>
      </TextLine>
      <TextLine id="eSc_line_59a2e599" custom="structure {type:default;}">
        <Coords points="925,1360 925,1386 2843,1386 2845,1355 2841,1329 956,1320 954,1320 952,1320 923,1331 925,1360"/>
        <Baseline points="925,1360 2845,1355"/>
        <TextEquiv conf="0.9966550725924818">
          <Unicode>cono cardinali tributis gratias agit. Haec addit: „per magistrum Od. quaedam de</Unicode>
        </TextEquiv>
      </TextLine>
      <TextLine id="eSc_line_887438b8" custom="structure {type:default;}">
        <Coords points="927,1417 927,1442 2841,1446 2843,1417 2843,1386 927,1386 927,1417"/>
        <Baseline points="927,1417 2843,1417"/>
        <TextEquiv conf="0.9944058798608326">
          <Unicode>statu Italiae tuae discretioni curavimus intimare, firmam spem fiduciamque tenentes,</Unicode>
        </TextEquiv>
      </TextLine>
      <TextLine id="eSc_line_a877b645" custom="structure {type:default;}">
        <Coords points="927,1472 927,1499 2843,1499 2845,1468 2841,1437 1022,1431 1020,1431 925,1442 927,1472"/>
        <Baseline points="927,1472 2845,1468"/>
        <TextEquiv conf="0.9996054058983213">
          <Unicode>quod ecclesia Dei, inimicis suis humiliatis, optatae in proximo pacis tranquillitate</Unicode>
        </TextEquiv>
      </TextLine>
      <TextLine id="eSc_line_1fb86fa4" custom="structure {type:default;}">
        <Coords points="927,1525 927,1561 980,1550 1599,1556 1873,1559 1875,1559 1877,1559 1880,1559 1884,1554 1895,1548 2832,1548 2834,1521 2830,1490 1029,1481 1027,1481 925,1492 927,1525"/>
        <Baseline points="927,1525 2834,1521"/>
        <TextEquiv conf="0.9989453911781311">
          <Unicode>gaudebit“. Martene Coll. II. 708, Bouquet Rec. XV. 831, Migne 200 p. 291. —</Unicode>
        </TextEquiv>
      </TextLine>
      <TextLine id="eSc_line_f5122c90" custom="structure {type:default;}">
        <Coords points="927,1583 927,1605 1606,1594 1608,1576 1604,1548 1380,1537 1378,1537 1146,1550 972,1541 969,1541 967,1541 925,1552 927,1583"/>
        <Baseline points="927,1583 1608,1576"/>
        <TextEquiv conf="0.9997836564268384">
          <Unicode>„Amorem et honorificentiam“.</Unicode>
        </TextEquiv>
      </TextLine>
      <TextLine id="eSc_line_cbbaea2b" custom="structure {type:default;}">
        <Coords points="879,1636 879,1667 2843,1651 2845,1629 2841,1596 2244,1585 2242,1585 2191,1596 2185,1598 877,1598 879,1636"/>
        <Baseline points="879,1636 2845,1629"/>
        <TextEquiv conf="0.9915694230940284">
          <Unicode>11018 (7374) Monasterii S. Mariae Stratensis tutelam suscipit bonaque et iura con-</Unicode>
        </TextEquiv>
      </TextLine>
      <TextLine id="eSc_line_6cc789ad" custom="structure {type:default;}">
        <Coords points="353,1645 353,1671 536,1669 536,1638 532,1596 351,1592 353,1645"/>
        <Baseline points="353,1645 536,1638"/>
        <TextEquiv conf="0.9158007740974426">
          <Unicode>„ 17.</Unicode>
        </TextEquiv>
      </TextLine>
      <TextLine id="eSc_line_27373ac6" custom="structure {type:default;}">
        <Coords points="662,1649 662,1673 751,1676 753,1649 753,1598 662,1594 662,1649"/>
        <Baseline points="662,1649 753,1649"/>
        <TextEquiv conf="1.0">
          <Unicode>„</Unicode>
        </TextEquiv>
      </TextLine>
      <TextLine id="eSc_line_35405ad2" custom="structure {type:default;}">
        <Coords points="927,1691 927,1720 2836,1711 2839,1687 2834,1656 950,1647 947,1647 945,1647 925,1656 927,1691"/>
        <Baseline points="927,1691 2839,1687"/>
        <TextEquiv conf="0.9987826085672146">
          <Unicode>firmat, petente Gervasio abbate. Gall. Chr. XI. Instr. p. 136, Migne 200 p. 292. —</Unicode>
        </TextEquiv>
      </TextLine>
      <TextLine id="eSc_line_eb95a7f8" custom="structure {type:default;}">
        <Coords points="930,1746 930,1775 1053,1773 1056,1773 1058,1773 1058,1771 1060,1771 1069,1762 1153,1766 1263,1771 1265,1771 1268,1771 1310,1757 1310,1740 1303,1711 927,1715 930,1746"/>
        <Baseline points="930,1746 1310,1740"/>
        <TextEquiv conf="0.9995936495917184">
          <Unicode>„Cum omnibus“.</Unicode>
        </TextEquiv>
      </TextLine>
      <TextLine id="eSc_line_53e06d4f" custom="structure {type:default;}">
        <Coords points="879,1797 879,1826 2843,1826 2845,1793 2839,1760 877,1762 879,1797"/>
        <Baseline points="879,1797 2845,1793"/>
        <TextEquiv conf="0.998361904480878">
          <Unicode>11019 (7375) Basilii, prioris Cartusiensis, et universorum priorum et fratrum ordinis</Unicode>
        </TextEquiv>
      </TextLine>
      <TextLine id="eSc_line_2f15b435" custom="structure {type:default;}">
        <Coords points="349,1810 349,1826 362,1839 362,1841 364,1841 366,1841 368,1841 371,1841 402,1826 410,1824 428,1828 463,1839 466,1839 468,1839 534,1835 534,1804 528,1757 346,1777 349,1810"/>
        <Baseline points="349,1810 534,1804"/>
        <TextEquiv conf="0.9999993085861206">
          <Unicode>„ 17.</Unicode>
        </TextEquiv>
      </TextLine>
      <TextLine id="eSc_line_fe5cce7e" custom="structure {type:default;}">
        <Coords points="667,1813 667,1832 746,1841 748,1813 748,1771 667,1771 667,1813"/>
        <Baseline points="667,1813 748,1813"/>
        <TextEquiv conf="1.0">
          <Unicode>„</Unicode>
        </TextEquiv>
      </TextLine>
      <TextLine id="eSc_line_a895700e" custom="structure {type:default;}">
        <Coords points="934,1859 934,1890 1891,1874 2841,1879 2845,1846 2839,1815 932,1824 934,1859"/>
        <Baseline points="934,1859 2845,1846"/>
        <TextEquiv conf="0.9938383059842246">
          <Unicode>„institutiones ad observantiam religionis de communi assensu capituli rationabiliter</Unicode>
        </TextEquiv>
      </TextLine>
      <TextLine id="eSc_line_0e43f1d2" custom="structure {type:default;}">
        <Coords points="930,1912 930,1938 2843,1934 2845,1908 2841,1877 927,1874 930,1912"/>
        <Baseline points="930,1912 2845,1908"/>
        <TextEquiv conf="0.9920991932644564">
          <Unicode>factas“ confirmat. Privil. ord. Cartus. fol. 1“, Nova coll. stat. ord. Cart., append.</Unicode>
        </TextEquiv>
      </TextLine>
      <TextLine id="eSc_line_47945ac9" custom="structure {type:default;}">
        <Coords points="927,1967 927,1987 2182,1983 2185,1963 2180,1930 974,1923 972,1923 969,1923 925,1934 927,1967"/>
        <Baseline points="927,1967 2185,1963"/>
        <TextEquiv conf="0.9881628465193969">
          <Unicode>p. 6, Migne 200 p. 293. — „Ex rescripto litterarum“.</Unicode>
        </TextEquiv>
      </TextLine>
      <TextLine id="eSc_line_a9878596" custom="structure {type:default;}">
        <Coords points="874,2020 874,2044 2845,2049 2847,2020 2845,1983 874,1983 874,2020"/>
        <Baseline points="874,2020 2847,2020"/>
        <TextEquiv conf="0.9917570914345226">
          <Unicode>Ecclesiae novae altare SS. Petri et Pauli consecrat „in sequenti anno, XIII. kal. Maii,</Unicode>
        </TextEquiv>
      </TextLine>
      <TextLine id="eSc_line_e86f50b6" custom="structure {type:default;}">
        <Coords points="355,2029 355,2053 368,2062 371,2062 373,2062 375,2062 377,2062 404,2051 417,2047 534,2058 536,2022 530,1974 353,1983 355,2029"/>
        <Baseline points="355,2029 536,2022"/>
        <TextEquiv conf="0.9999992609024048">
          <Unicode>„ 19.</Unicode>
        </TextEquiv>
      </TextLine>
      <TextLine id="eSc_line_55c7fe85" custom="structure {type:default;}">
        <Coords points="660,2036 660,2049 751,2044 751,2031 746,1989 656,1985 660,2036"/>
        <Baseline points="660,2036 751,2031"/>
        <TextEquiv conf="0.9999998807907104">
          <Unicode>„</Unicode>
        </TextEquiv>
      </TextLine>
      <TextLine id="eSc_line_e3bb4be6" custom="structure {type:default;}">
        <Coords points="934,2075 934,2097 2845,2095 2847,2071 2841,2040 932,2042 934,2075"/>
        <Baseline points="934,2075 2847,2071"/>
        <TextEquiv conf="0.9974160653999052">
          <Unicode>in qua die fuerunt octavae dominicae resurrectionis“. Chron. S. Petri Vivi 1163 ap.</Unicode>
        </TextEquiv>
      </TextLine>
      <TextLine id="eSc_line_dbfaaba2" custom="structure {type:default;}">
        <Coords points="932,2128 932,2157 2843,2150 2845,2124 2839,2093 930,2095 932,2128"/>
        <Baseline points="932,2128 2845,2124"/>
        <TextEquiv conf="0.9935828072053415">
          <Unicode>D&#x27;Achery Spic. II. 486, in MG. SS. XXVI. 35. „In octavis pasce“, Alex. III. bulla</Unicode>
        </TextEquiv>
      </TextLine>
      <TextLine id="eSc_line_e816ea77" custom="structure {type:default;}">
        <Coords points="930,2186 930,2210 1654,2210 1657,2181 1650,2142 927,2153 930,2186"/>
        <Baseline points="930,2186 1657,2181"/>
        <TextEquiv conf="0.9965554456556996">
          <Unicode>ap. Quantin Cart. gén. II. 179.</Unicode>
        </TextEquiv>
      </TextLine>
      <TextLine id="eSc_line_963961da" custom="structure {type:default;}">
        <Coords points="881,2241 881,2263 2845,2261 2847,2234 2843,2197 879,2197 881,2241"/>
        <Baseline points="881,2241 2847,2234"/>
        <TextEquiv conf="0.9971884194626865">
          <Unicode>Ecclesiam S. Columbae consecrat „VI. kal. Maii“. Annal. S. Columbae Senonensis 1164</Unicode>
        </TextEquiv>
      </TextLine>
      <TextLine id="eSc_line_0e89c4e6" custom="structure {type:default;}">
        <Coords points="360,2250 360,2267 541,2267 541,2243 536,2186 461,2181 459,2181 457,2181 455,2181 450,2186 435,2197 355,2188 360,2250"/>
        <Baseline points="360,2250 541,2243"/>
        <TextEquiv conf="0.999999713897705">
          <Unicode>„ 26.</Unicode>
        </TextEquiv>
      </TextLine>
      <TextLine id="eSc_line_52721f7b" custom="structure {type:default;}">
        <Coords points="667,2256 667,2281 751,2265 751,2252 746,2203 662,2190 667,2256"/>
        <Baseline points="667,2256 751,2252"/>
        <TextEquiv conf="0.9999998807907104">
          <Unicode>„</Unicode>
        </TextEquiv>
      </TextLine>
      <TextLine id="eSc_line_55e67001" custom="structure {type:default;}">
        <Coords points="934,2294 934,2323 2845,2323 2847,2290 2843,2259 1992,2248 1990,2248 1893,2259 1884,2261 932,2261 934,2294"/>
        <Baseline points="934,2294 2847,2290"/>
        <TextEquiv conf="0.9921679451495786">
          <Unicode>in MG. SS. I. 108; Chron. S. Petri Vivi 1163 ap. D&#x27;Achery Spic. II. 486, in MG.</Unicode>
        </TextEquiv>
      </TextLine>
      <TextLine id="eSc_line_f166d11c" custom="structure {type:default;}">
        <Coords points="930,2349 930,2369 1283,2371 1288,2345 1283,2312 1115,2301 1113,2301 927,2314 930,2349"/>
        <Baseline points="930,2349 1288,2345"/>
        <TextEquiv conf="0.9996298138911908">
          <Unicode>SS. XXVI. 35.</Unicode>
        </TextEquiv>
      </TextLine>
      <TextLine id="eSc_line_568f5e49" custom="structure {type:default;}">
        <Coords points="885,2404 885,2426 2845,2424 2847,2398 2843,2365 883,2360 885,2404"/>
        <Baseline points="885,2404 2847,2398"/>
        <TextEquiv conf="0.995173915857222">
          <Unicode>11020 Omnibus festo dedicationis ecclesiae S. Columbae (d. 26. Apr.) „per sex dies</Unicode>
        </TextEquiv>
      </TextLine>
      <TextLine id="eSc_line_d62b706f" custom="structure {type:default;}">
        <Coords points="662,2415 665,2491 764,2491 762,2411 760,2365 722,2354 720,2354 718,2354 660,2367 662,2415"/>
        <Baseline points="662,2415 762,2411"/>
        <TextEquiv conf="0.9999966621398926">
          <Unicode>(„)</Unicode>
        </TextEquiv>
      </TextLine>
      <TextLine id="eSc_line_8345d2b0" custom="structure {type:default;}">
        <Coords points="338,2418 338,2431 382,2449 384,2449 386,2449 388,2449 437,2426 437,2413 430,2307 331,2307 338,2418"/>
        <Baseline points="338,2418 437,2413"/>
        <TextEquiv conf="0.9999931653340658">
          <Unicode>(„)</Unicode>
        </TextEquiv>
      </TextLine>
      <TextLine id="eSc_line_5b748547" custom="structure {type:default;}">
        <Coords points="936,2460 936,2482 2843,2486 2847,2455 2841,2424 934,2426 936,2460"/>
        <Baseline points="936,2460 2847,2455"/>
        <TextEquiv conf="0.9997450241559669">
          <Unicode>annuatim venientibus, de iniuncta poenitentia relaxationem 20 dierum“ indulget.</Unicode>
        </TextEquiv>
      </TextLine>
      <TextLine id="eSc_line_df7c19e5" custom="structure {type:default;}">
        <Coords points="934,2515 934,2532 1301,2544 1303,2544 1378,2532 1380,2532 1383,2532 1429,2544 1431,2544 1433,2544 1436,2544 1464,2532 1551,2544 1553,2544 1555,2544 1557,2544 1577,2530 1579,2530 1590,2530 1661,2541 1663,2541 1831,2530 1844,2530 1847,2530 1862,2541 1864,2541 1866,2541 1869,2544 2171,2544 2171,2541 2224,2528 2227,2510 2222,2482 2028,2482 2010,2468 2008,2468 2006,2468 2003,2468 1922,2479 1889,2468 1886,2468 1884,2468 1882,2468 1880,2468 1860,2482 1749,2482 1694,2468 1692,2468 1690,2468 1687,2468 1687,2471 1676,2479 1153,2471 1151,2471 1148,2471 1146,2471 1131,2482 1080,2471 1078,2471 1025,2482 958,2471 956,2471 954,2471 952,2471 932,2479 934,2515"/>
        <Baseline points="934,2515 2227,2510"/>
        <TextEquiv conf="0.9938199476762252">
          <Unicode>Quantin Cart. gén. II. 176. — „Notum sit universitati“.</Unicode>
        </TextEquiv>
      </TextLine>
      <TextLine id="eSc_line_4ba4f28d" custom="structure {type:default;}">
        <Coords points="883,2568 883,2592 1827,2603 1829,2603 2008,2592 2196,2601 2198,2601 2200,2601 2224,2590 2227,2590 2229,2590 2269,2601 2271,2601 2273,2601 2275,2601 2306,2590 2308,2590 2341,2590 2768,2601 2770,2601 2841,2588 2843,2563 2839,2530 930,2524 927,2524 925,2524 881,2535 883,2568"/>
        <Baseline points="883,2568 2843,2563"/>
        <TextEquiv conf="0.9937437569222799">
          <Unicode>11021 Monasterio S. Petri de Montibus privilegium tribuit. Neues Archiv VII. 97. —</Unicode>
        </TextEquiv>
      </TextLine>
      <TextLine id="eSc_line_8d1714df" custom="structure {type:default;}">
        <Coords points="326,2570 326,2610 543,2603 543,2570 541,2526 326,2526 326,2570"/>
        <Baseline points="326,2570 543,2570"/>
        <TextEquiv conf="0.9863179251551628">
          <Unicode>Mai. 10.</Unicode>
        </TextEquiv>
      </TextLine>
      <TextLine id="eSc_line_c65735ba" custom="structure {type:default;}">
        <Coords points="671,2583 676,2630 755,2588 755,2579 753,2544 713,2528 711,2528 709,2528 667,2535 671,2583"/>
        <Baseline points="671,2583 755,2579"/>
        <TextEquiv conf="1.0">
          <Unicode>„</Unicode>
        </TextEquiv>
      </TextLine>
      <TextLine id="eSc_line_92659ecd" custom="structure {type:default;}">
        <Coords points="934,2625 934,2645 941,2652 941,2654 943,2654 945,2654 947,2656 1124,2656 1124,2654 1126,2654 1182,2638 1184,2638 1259,2652 1261,2652 1341,2636 1343,2621 1338,2588 932,2588 934,2625"/>
        <Baseline points="934,2625 1343,2621"/>
        <TextEquiv conf="0.9995077126904538">
          <Unicode>„Religiosis votis“.</Unicode>
        </TextEquiv>
      </TextLine>
      <TextLine id="eSc_line_aebaa9d0" custom="structure {type:default;}">
        <Coords points="888,2680 888,2703 2847,2694 2850,2672 2845,2638 2635,2638 2633,2636 2618,2625 2615,2625 2613,2625 2611,2625 2408,2636 2353,2638 2288,2636 2107,2627 2105,2627 2063,2636 2045,2638 1939,2636 1767,2630 1765,2630 1763,2630 1760,2630 1754,2634 1743,2641 1681,2634 1623,2630 1621,2630 1475,2634 1226,2643 885,2634 888,2680"/>
        <Baseline points="888,2680 2850,2672"/>
        <TextEquiv conf="0.9964583452258792">
          <Unicode>11022 Monasterii S. Iohannis de Vineis Suessionensis possessiones et privilegia con-</Unicode>
        </TextEquiv>
      </TextLine>
      <TextLine id="eSc_line_f350398d" custom="structure {type:default;}">
        <Coords points="364,2689 364,2714 547,2703 547,2680 543,2641 499,2627 497,2627 494,2627 492,2627 455,2643 444,2647 360,2645 364,2689"/>
        <Baseline points="364,2689 547,2680"/>
        <TextEquiv conf="0.9997262597084046">
          <Unicode>„ 14.</Unicode>
        </TextEquiv>
      </TextLine>
      <TextLine id="eSc_line_ee9bac39" custom="structure {type:default;}">
        <Coords points="665,2691 665,2709 760,2729 762,2691 762,2654 665,2636 665,2691"/>
        <Baseline points="665,2691 762,2691"/>
        <TextEquiv conf="1.0">
          <Unicode>„</Unicode>
        </TextEquiv>
      </TextLine>
      <TextLine id="eSc_line_a1732eba" custom="structure {type:default;}">
        <Coords points="936,2736 936,2760 2845,2760 2847,2725 2841,2696 934,2705 936,2736"/>
        <Baseline points="936,2736 2847,2725"/>
        <TextEquiv conf="0.9989242469653105">
          <Unicode>firmat. Hoc videtur esse argumentum bullae, cuius exiguum fragmentum exstat in</Unicode>
        </TextEquiv>
      </TextLine>
      <TextLine id="eSc_line_5fd7d589" custom="structure {type:default;}">
        <Coords points="936,2786 936,2811 2576,2811 2576,2786 2576,2756 936,2747 936,2786"/>
        <Baseline points="936,2786 2576,2786"/>
        <TextEquiv conf="0.9839542818069458">
          <Unicode>bibl. nat. Paris. Cartul. S. Iohannis Suess. s. XIII. ms. lat. 11004. f. 9.</Unicode>
        </TextEquiv>
      </TextLine>
      <TextLine id="eSc_line_f37c36df" custom="structure {type:default;}">
        <Coords points="885,2839 885,2864 2847,2859 2847,2835 2841,2804 883,2806 885,2839"/>
        <Baseline points="885,2839 2847,2835"/>
        <TextEquiv conf="0.9985327110734097">
          <Unicode>11023 (7376) Henrico, archiepiscopo Remensi, mandat, ut Ub., monasterii S. Vasli prio-</Unicode>
        </TextEquiv>
      </TextLine>
      <TextLine id="eSc_line_6777525c" custom="structure {type:default;}">
        <Coords points="362,2850 362,2881 545,2881 545,2846 539,2806 360,2813 362,2850"/>
        <Baseline points="362,2850 545,2846"/>
        <TextEquiv conf="0.9997564673423767">
          <Unicode>„ 19.</Unicode>
        </TextEquiv>
      </TextLine>
      <TextLine id="eSc_line_0f66fba0" custom="structure {type:default;}">
        <Coords points="667,2855 662,2928 748,2928 753,2859 751,2797 669,2797 667,2855"/>
        <Baseline points="667,2855 753,2859"/>
        <TextEquiv conf="1.0">
          <Unicode>„</Unicode>
        </TextEquiv>
      </TextLine>
      <TextLine id="eSc_line_47cc09a7" custom="structure {type:default;}">
        <Coords points="936,2897 936,2919 2847,2926 2850,2897 2847,2862 936,2864 936,2897"/>
        <Baseline points="936,2897 2850,2897"/>
        <TextEquiv conf="0.9947295028429765">
          <Unicode>rem, ad reddendam Gil. latori huius epistolae pecuniam hortetur. Martene Coll.</Unicode>
        </TextEquiv>
      </TextLine>
      <TextLine id="eSc_line_78de571b" custom="structure {type:default;}">
        <Coords points="938,2952 938,2972 1226,2983 1228,2983 1230,2983 1281,2970 1288,2970 1301,2970 1407,2981 1409,2981 1464,2970 1467,2970 1553,2981 1555,2981 1705,2968 1707,2968 1710,2968 1725,2979 1727,2979 1729,2979 1732,2981 1864,2981 1864,2979 1866,2979 1869,2979 1882,2965 1902,2976 1904,2976 1906,2976 1955,2965 1957,2965 1979,2976 1981,2976 1984,2979 2145,2979 2145,2976 2147,2976 2176,2963 2176,2943 2169,2908 936,2912 938,2952"/>
        <Baseline points="938,2952 2176,2943"/>
        <TextEquiv conf="0.9999542331695557">
          <Unicode>II. 709, Migne 200 p. 294. — „Veniens ad nos Gil.“</Unicode>
        </TextEquiv>
      </TextLine>
      <TextLine id="eSc_line_73180cfa" custom="structure {type:default;}">
        <Coords points="892,3007 892,3029 2852,3023 2852,3001 2847,2970 1548,2961 1546,2961 1544,2961 1511,2972 914,2963 912,2963 910,2963 890,2972 892,3007"/>
        <Baseline points="892,3007 2852,3001"/>
        <TextEquiv conf="0.993055746668861">
          <Unicode>11024 (7377) Monachis S. Petri Carnotensibus concedit, ut in ecclesiis parochialibus</Unicode>
        </TextEquiv>
      </TextLine>
      <TextLine id="eSc_line_c113d9bd" custom="structure {type:default;}">
        <Coords points="329,3009 329,3040 550,3036 550,3009 550,2976 329,2965 329,3009"/>
        <Baseline points="329,3009 550,3009"/>
        <TextEquiv conf="0.9997635909489223">
          <Unicode>Iun. 3.</Unicode>
        </TextEquiv>
      </TextLine>
      <TextLine id="eSc_line_c3d56b9c" custom="structure {type:default;}">
        <Coords points="669,3018 665,3082 682,3093 684,3093 687,3093 689,3093 755,3087 760,3023 757,2968 669,2968 669,3018"/>
        <Baseline points="669,3018 760,3023"/>
        <TextEquiv conf="0.9999998807907104">
          <Unicode>„</Unicode>
        </TextEquiv>
      </TextLine>
      <TextLine id="eSc_line_73232e5e" custom="structure {type:default;}">
        <Coords points="936,3062 936,3089 2845,3082 2847,3054 2841,3025 934,3032 936,3062"/>
        <Baseline points="936,3062 2847,3054"/>
        <TextEquiv conf="0.9991018169305541">
          <Unicode>sacerdotes instituant ac tempore communis interdicti certis conditionibus divina officia</Unicode>
        </TextEquiv>
      </TextLine>
      <TextLine id="eSc_line_7417975a" custom="structure {type:default;}">
        <Coords points="936,3118 936,3142 2836,3135 2839,3111 2832,3080 934,3085 936,3118"/>
        <Baseline points="936,3118 2839,3111"/>
        <TextEquiv conf="0.9999979615211487">
          <Unicode>celebrent. (Fragmentum.) Collection des Cartulaires II. 651, Migne 200 p. 294. —</Unicode>
        </TextEquiv>
      </TextLine>
      <TextLine id="eSc_line_6d9f36ed" custom="structure {type:default;}">
        <Coords points="938,3173 938,3195 1372,3186 1374,3166 1367,3138 936,3138 938,3173"/>
        <Baseline points="938,3173 1374,3166"/>
        <TextEquiv conf="0.9999907581429732">
          <Unicode>„Statuimus, ut in“.</Unicode>
        </TextEquiv>
      </TextLine>
      <TextLine id="eSc_line_6ede57fa" custom="structure {type:default;}">
        <Coords points="892,3226 892,3259 2843,3244 2845,3217 2839,3182 890,3184 892,3226"/>
        <Baseline points="892,3226 2845,3217"/>
        <TextEquiv conf="0.9958792825539907">
          <Unicode>11025 (7378) Henrico, archiepiscopo Remensi, mandat, ut iudicii inter abbates S. Re-</Unicode>
        </TextEquiv>
      </TextLine>
      <TextLine id="eSc_line_64307f2a" custom="structure {type:default;}">
        <Coords points="362,3237 362,3283 393,3283 393,3281 395,3281 397,3281 402,3277 428,3255 479,3263 501,3268 503,3268 505,3268 550,3252 550,3230 545,3184 481,3173 479,3173 360,3188 362,3237"/>
        <Baseline points="362,3237 550,3230"/>
        <TextEquiv conf="0.8766672313213348">
          <Unicode>„ 4.</Unicode>
        </TextEquiv>
      </TextLine>
      <TextLine id="eSc_line_bd9864b0" custom="structure {type:default;}">
        <Coords points="667,3244 667,3259 709,3270 711,3270 713,3270 764,3255 764,3239 757,3188 662,3188 667,3244"/>
        <Baseline points="667,3244 764,3239"/>
        <TextEquiv conf="1.0">
          <Unicode>„</Unicode>
        </TextEquiv>
      </TextLine>
      <TextLine id="eSc_line_6e4172fd" custom="structure {type:default;}">
        <Coords points="943,3281 943,3305 2845,3299 2847,3274 2841,3246 941,3248 943,3281"/>
        <Baseline points="943,3281 2847,3274"/>
        <TextEquiv conf="0.9980105198011165">
          <Unicode>migii et Dervensem faciendi causa, locum utrique parti opportunum constituat. Mar-</Unicode>
        </TextEquiv>
      </TextLine>
      <TextLine id="eSc_line_b9da3dd5" custom="structure {type:default;}">
        <Coords points="941,3334 941,3354 2414,3358 2417,3334 2417,3303 941,3303 941,3334"/>
        <Baseline points="941,3334 2417,3334"/>
        <TextEquiv conf="0.9999858453625539">
          <Unicode>tene Coll. II. 709, Migne 200 p. 294. — „Causam, quae inter“.</Unicode>
        </TextEquiv>
      </TextLine>
      <TextLine id="eSc_line_8124d17f" custom="structure {type:default;}">
        <Coords points="890,3389 890,3431 1038,3411 1067,3425 1069,3425 1071,3425 1073,3425 1102,3414 1352,3422 1354,3422 1482,3409 1511,3427 1513,3427 1515,3427 1517,3427 1537,3427 1995,3411 2079,3422 2083,3422 2085,3422 2094,3422 2229,3414 2244,3422 2251,3425 2253,3425 2255,3425 2284,3420 2350,3411 2397,3420 2432,3427 2434,3427 2474,3420 2509,3411 2600,3411 2615,3418 2626,3427 2629,3427 2631,3427 2633,3427 2677,3418 2702,3414 2724,3418 2770,3427 2772,3427 2845,3416 2847,3385 2841,3352 888,3352 890,3389"/>
        <Baseline points="890,3389 2847,3385"/>
        <TextEquiv conf="0.9941459436749303">
          <Unicode>11026 (7379) Monasterii Vallis-Richeriae protectionem suscipit, bonaque ac privilegia,</Unicode>
        </TextEquiv>
      </TextLine>
      <TextLine id="eSc_line_56a74dc5" custom="structure {type:default;}">
        <Coords points="355,3400 357,3495 450,3504 452,3504 455,3504 481,3493 510,3480 554,3489 552,3392 547,3343 503,3332 501,3332 499,3332 497,3332 494,3332 494,3334 492,3334 483,3345 448,3334 446,3334 444,3334 441,3334 439,3334 424,3345 415,3350 351,3347 355,3400"/>
        <Baseline points="355,3400 552,3392"/>
        <TextEquiv conf="0.8925934831301371">
          <Unicode>„*.</Unicode>
        </TextEquiv>
      </TextLine>
      <TextLine id="eSc_line_e35d3867" custom="structure {type:default;}">
        <Coords points="658,3405 660,3524 771,3517 768,3400 764,3358 656,3354 658,3405"/>
        <Baseline points="658,3405 768,3400"/>
        <TextEquiv conf="0.9999997615814209">
          <Unicode>„</Unicode>
        </TextEquiv>
      </TextLine>
      <TextLine id="eSc_line_98132037" custom="structure {type:default;}">
        <Coords points="943,3442 945,3489 987,3471 1363,3471 1389,3486 1391,3486 1394,3486 1396,3489 1579,3489 1648,3489 1648,3486 1650,3486 1710,3471 1778,3486 1780,3486 1782,3486 1785,3486 1919,3469 2054,3484 2056,3486 2138,3486 2138,3484 2140,3484 2176,3469 2222,3484 2224,3484 2227,3484 2507,3482 2509,3482 2536,3469 2576,3484 2578,3484 2580,3484 2657,3471 2710,3484 2713,3484 2715,3484 2717,3484 2794,3469 2836,3484 2843,3438 2836,3409 941,3411 943,3442"/>
        <Baseline points="943,3442 2843,3438"/>
        <TextEquiv conf="0.9923125616709392">
          <Unicode>petente Roberto abbate, confirmat. Neustria pia p. 826, Migne 200 p. 295. —</Unicode>
        </TextEquiv>
      </TextLine>
      <TextLine id="eSc_line_a31e9e8b" custom="structure {type:default;}">
        <Coords points="945,3502 950,3570 983,3544 1014,3544 1034,3564 1040,3568 1040,3570 1042,3570 1045,3570 1047,3573 1142,3573 1142,3570 1144,3570 1146,3570 1170,3553 1188,3542 1215,3542 1224,3548 1246,3568 1248,3568 1250,3568 1252,3568 1254,3568 1347,3539 1347,3498 1343,3456 976,3456 974,3456 972,3456 943,3467 945,3502"/>
        <Baseline points="945,3502 1347,3498"/>
        <TextEquiv conf="0.9876840773381685">
          <Unicode>„Religiosis rotis“.</Unicode>
        </TextEquiv>
      </TextLine>
    </TextRegion>
    <TextRegion id="eSc_textblock_40063012"  custom="structure {type:default;}">
      <Coords points="1106,150 2026,150 2043,236 1093,253 1067,194 1106,150"/>
      <TextLine id="eSc_line_31451bfa" custom="structure {type:default;}">
        <Coords points="1095,220 1095,238 2019,234 2021,216 2019,165 1990,152 1988,152 1986,152 1984,152 1950,165 1732,165 1716,152 1714,152 1712,152 1710,152 1544,165 1528,154 1526,154 1524,154 1522,154 1520,154 1478,165 1451,154 1449,154 1148,154 1146,154 1144,154 1093,167 1095,220"/>
        <Baseline points="1095,220 2021,216"/>
        <TextEquiv conf="0.999961974620819">
          <Unicode>ALEXANDER III. 1159—1181.</Unicode>
        </TextEquiv>
      </TextLine>
    </TextRegion>
  </Page>
</PcGts>
