<?xml version="1.0" encoding="UTF-8"  standalone="yes"?>
<PcGts xmlns="http://schema.primaresearch.org/PAGE/gts/pagecontent/2019-07-15" xmlns:xsi="http://www.w3.org/2001/XMLSchema-instance" xsi:schemaLocation="http://schema.primaresearch.org/PAGE/gts/pagecontent/2019-07-15 http://schema.primaresearch.org/PAGE/gts/pagecontent/2019-07-15/pagecontent.xsd">
  <Metadata>
	<Creator>escriptorium</Creator>
	<Created>2024-07-19T10:07:16.355941+00:00</Created>
        <LastChange>2024-08-08T08:31:39.938579+00:00</LastChange>
  </Metadata>
  <Page imageFilename="0194.png" imageWidth="3007" imageHeight="3975">
    <TextRegion id="eSc_textblock_c020a6a2"  custom="structure {type:default;}">
      <Coords points="720,291 2724,300 2715,3522 777,3539 678,3495 433,3504 413,3442 377,3504 159,3486 123,397 176,318 368,318 404,415 433,300 651,300 678,326 720,291"/>
      <TextLine id="eSc_line_44dca973" custom="structure {type:default;}">
        <Coords points="2598,298 2576,298 2567,298 2531,302 2518,298 2509,298 2487,298 2476,298 2461,306 2160,306 2149,298 2145,295 2134,295 2112,295 2096,295 2079,298 2030,304 2017,300 2006,295 2001,295 1979,295 1968,300 1953,304 1891,300 1824,295 1802,295 1780,295 1778,295 1752,302 1727,306 1555,304 1199,298 1197,298 1106,309 1102,309 1098,309 1000,295 713,295 698,306 676,324 678,351 678,382 2609,375 2609,344 2602,298 2598,298"/>
        <Baseline points="678,351 2609,344"/>
        <TextEquiv conf="0.9769808656713935">
          <Unicode>1164. (Ind. 12. — 25. Sept. — 13, pont. a. 5. — 20. Sept. — 6, 1163. — 25. Mart. — 1161.)</Unicode>
        </TextEquiv>
      </TextLine>
      <TextLine id="eSc_line_f26b26b1" custom="structure {type:default;}">
        <Coords points="430,417 430,521 623,521 623,417 623,371 430,366 430,417"/>
        <Baseline points="430,417 623,417"/>
        <TextEquiv conf="0.9535013536612192">
          <Unicode>senoni</Unicode>
        </TextEquiv>
      </TextLine>
      <TextLine id="eSc_line_6d40ab5d" custom="structure {type:default;}">
        <Coords points="709,417 709,441 2682,430 2684,406 2680,375 707,375 709,417"/>
        <Baseline points="709,417 2684,406"/>
        <TextEquiv conf="0.9960821725073314">
          <Unicode>11027 Monasterii S. Nicolai Buttenburgensis tutelam suscipit, disciplinam et posses-</Unicode>
        </TextEquiv>
      </TextLine>
      <TextLine id="eSc_line_35f05774" custom="structure {type:default;}">
        <Coords points="156,424 156,448 371,448 371,417 366,375 307,364 304,364 282,368 238,377 152,359 156,424"/>
        <Baseline points="156,424 371,417"/>
        <TextEquiv conf="0.9964021742343903">
          <Unicode>lun. 11.</Unicode>
        </TextEquiv>
      </TextLine>
      <TextLine id="eSc_line_c84a37be" custom="structure {type:default;}">
        <Coords points="760,468 760,496 2684,496 2686,472 2684,439 760,435 760,468"/>
        <Baseline points="760,468 2686,472"/>
        <TextEquiv conf="0.9940971386703578">
          <Unicode>sioncs confirmat, privilegiaque instituit, petente Wilhelmo abbate. Chronicon et cartul.</Unicode>
        </TextEquiv>
      </TextLine>
      <TextLine id="eSc_line_5e915f03" custom="structure {type:default;}">
        <Coords points="757,527 757,552 1109,558 1111,558 1338,547 1407,545 1411,547 1422,556 1425,556 1427,556 1429,558 1581,558 1581,556 1765,545 1796,543 1820,543 1986,554 1988,554 2045,541 2048,521 2041,488 755,494 757,527"/>
        <Baseline points="757,527 2048,521"/>
        <TextEquiv conf="0.9867554094110217">
          <Unicode>S. Nicol. Furnens. p. 66. — „Pie postulatio voluntatis“.</Unicode>
        </TextEquiv>
      </TextLine>
      <TextLine id="eSc_line_23c78aa5" custom="structure {type:default;}">
        <Coords points="711,580 711,607 2682,611 2686,576 2680,541 709,545 711,580"/>
        <Baseline points="711,580 2686,576"/>
        <TextEquiv conf="0.9991210890912462">
          <Unicode>11028 Capitulo ecclesiae Magalonensis liberam eligendi praepositum facultatem indulget.</Unicode>
        </TextEquiv>
      </TextLine>
      <TextLine id="eSc_line_b54ad274" custom="structure {type:default;}">
        <Coords points="194,591 196,624 231,609 368,613 371,587 362,530 333,538 302,530 289,527 287,527 285,527 282,527 280,527 276,532 258,545 192,534 194,591"/>
        <Baseline points="194,591 371,587"/>
        <TextEquiv conf="0.9999989032745361">
          <Unicode>„ 22.</Unicode>
        </TextEquiv>
      </TextLine>
      <TextLine id="eSc_line_0e111796" custom="structure {type:default;}">
        <Coords points="505,594 505,611 574,611 574,594 574,541 505,534 505,594"/>
        <Baseline points="505,594 574,594"/>
        <TextEquiv conf="1.0">
          <Unicode>„</Unicode>
        </TextEquiv>
      </TextLine>
      <TextLine id="eSc_line_8ad9d57c" custom="structure {type:default;}">
        <Coords points="766,633 766,658 2213,655 2213,633 2213,605 766,605 766,633"/>
        <Baseline points="766,633 2213,633"/>
        <TextEquiv conf="0.9943663417282751">
          <Unicode>Mém. de la soc. de Montpellier V. 522. — „Ex innata vobis“.</Unicode>
        </TextEquiv>
      </TextLine>
      <TextLine id="eSc_line_074660f1" custom="structure {type:default;}">
        <Coords points="715,693 715,719 919,715 952,719 1007,726 1009,726 1069,717 1095,715 1115,717 1166,726 1168,726 1310,717 1372,713 1425,715 1557,724 1559,724 1562,724 1586,715 1592,713 1599,715 1637,724 1639,724 1641,724 1807,713 1849,711 1853,713 1871,722 1873,722 1875,724 2030,724 2030,722 2032,722 2052,711 2054,711 2063,711 2143,722 2145,722 2337,708 2359,708 2370,708 2448,719 2450,722 2591,722 2591,719 2593,719 2596,719 2613,708 2653,719 2655,719 2657,719 2660,719 2688,706 2688,684 2684,655 2326,644 2324,644 2187,655 2180,655 2163,655 1741,647 1738,647 1676,658 1670,658 1634,658 1219,649 1217,649 1215,649 1182,660 1177,662 713,662 715,693"/>
        <Baseline points="715,693 2688,684"/>
        <TextEquiv conf="0.9999848339292738">
          <Unicode>11029 Rainerio canonico et magistro scholarum ecclesiae Rotomagensis concessam ab</Unicode>
        </TextEquiv>
      </TextLine>
      <TextLine id="eSc_line_5e665c76" custom="structure {type:default;}">
        <Coords points="194,700 194,733 377,724 377,695 375,662 346,647 344,647 293,647 291,647 289,647 287,647 276,655 265,664 192,651 194,700"/>
        <Baseline points="194,700 377,695"/>
        <TextEquiv conf="0.999690842628479">
          <Unicode>„ 25.</Unicode>
        </TextEquiv>
      </TextLine>
      <TextLine id="eSc_line_e4fb9662" custom="structure {type:default;}">
        <Coords points="497,704 494,726 578,728 583,708 583,662 497,658 497,704"/>
        <Baseline points="497,704 583,708"/>
        <TextEquiv conf="1.0">
          <Unicode>„</Unicode>
        </TextEquiv>
      </TextLine>
      <TextLine id="eSc_line_1be4a19f" custom="structure {type:default;}">
        <Coords points="766,746 768,779 806,768 2686,768 2688,742 2682,713 764,713 766,746"/>
        <Baseline points="766,746 2688,742"/>
        <TextEquiv conf="0.9889678743324781">
          <Unicode>Hugone archiepiscopo sub quinque solidorum censu annuo terram S. Romani con-</Unicode>
        </TextEquiv>
      </TextLine>
      <TextLine id="eSc_line_99d4b351" custom="structure {type:default;}">
        <Coords points="760,801 760,823 1568,834 1570,834 1573,834 1623,821 1630,821 1637,821 1687,832 1690,834 2315,834 2315,832 2383,819 2386,797 2379,768 757,770 760,801"/>
        <Baseline points="760,801 2386,797"/>
        <TextEquiv conf="0.9996301920517631">
          <Unicode>firmat. Pflugk-Harttung Acta I. 238. — „Iustis petentium desideriis“.</Unicode>
        </TextEquiv>
      </TextLine>
      <TextLine id="eSc_line_f2bb69d4" custom="structure {type:default;}">
        <Coords points="715,854 715,885 2686,876 2688,850 2682,821 713,823 715,854"/>
        <Baseline points="715,854 2688,850"/>
        <TextEquiv conf="0.995413717059862">
          <Unicode>11030 Hugoni, archiepiscopo Tarraconensi, concessum ab ecclesia Barcinonensi eiusque</Unicode>
        </TextEquiv>
      </TextLine>
      <TextLine id="eSc_line_747c1a49" custom="structure {type:default;}">
        <Coords points="194,865 194,892 375,889 375,861 371,823 192,823 194,865"/>
        <Baseline points="194,865 375,861"/>
        <TextEquiv conf="0.9999906778335571">
          <Unicode>„ 25.</Unicode>
        </TextEquiv>
      </TextLine>
      <TextLine id="eSc_line_febf9b47" custom="structure {type:default;}">
        <Coords points="501,872 501,889 585,883 585,867 578,821 497,823 501,872"/>
        <Baseline points="501,872 585,867"/>
        <TextEquiv conf="1.0">
          <Unicode>„</Unicode>
        </TextEquiv>
      </TextLine>
      <TextLine id="eSc_line_1af76fee" custom="structure {type:default;}">
        <Coords points="764,909 764,947 2688,940 2688,909 2686,878 764,878 764,909"/>
        <Baseline points="764,909 2688,909"/>
        <TextEquiv conf="0.9957872785627842">
          <Unicode>episcopo beneficium confirmat. Villanueva Viage literar. XIX. 286. — „Pro maxima</Unicode>
        </TextEquiv>
      </TextLine>
      <TextLine id="eSc_line_40ae5d61" custom="structure {type:default;}">
        <Coords points="762,967 762,982 784,998 786,998 788,998 790,1000 850,1000 850,998 852,998 943,973 943,962 936,934 760,934 762,967"/>
        <Baseline points="762,967 943,962"/>
        <TextEquiv conf="0.9997638463973999">
          <Unicode>quam“.</Unicode>
        </TextEquiv>
      </TextLine>
      <TextLine id="eSc_line_e122c633" custom="structure {type:default;}">
        <Coords points="715,1022 715,1046 2686,1042 2688,1015 2682,978 713,984 715,1022"/>
        <Baseline points="715,1022 2688,1015"/>
        <TextEquiv conf="0.9948156570515981">
          <Unicode>11031 Leprosorum Suessionensium possessiones quasdam confirmat, eosque a solvendis</Unicode>
        </TextEquiv>
      </TextLine>
      <TextLine id="eSc_line_69f98c15" custom="structure {type:default;}">
        <Coords points="196,1026 196,1060 380,1055 380,1022 373,976 194,991 196,1026"/>
        <Baseline points="196,1026 380,1022"/>
        <TextEquiv conf="0.9999300479888916">
          <Unicode>„ 26.</Unicode>
        </TextEquiv>
      </TextLine>
      <TextLine id="eSc_line_0e235af2" custom="structure {type:default;}">
        <Coords points="497,1035 497,1060 589,1064 592,1033 587,1004 494,995 497,1035"/>
        <Baseline points="497,1035 592,1033"/>
        <TextEquiv conf="1.0">
          <Unicode>„</Unicode>
        </TextEquiv>
      </TextLine>
      <TextLine id="eSc_line_44980178" custom="structure {type:default;}">
        <Coords points="766,1075 766,1101 1714,1113 1716,1113 2056,1110 2059,1110 2065,1108 2101,1099 2386,1110 2419,1110 2421,1110 2430,1110 2512,1099 2536,1110 2538,1110 2540,1113 2686,1113 2688,1071 2682,1042 764,1042 766,1075"/>
        <Baseline points="766,1075 2688,1071"/>
        <TextEquiv conf="0.9930087335315751">
          <Unicode>decumis eximit. Copia vidim. a. 1275 in tab. nat. Paris. L. 230. n. 23. — „Iustis</Unicode>
        </TextEquiv>
      </TextLine>
      <TextLine id="eSc_line_b7326124" custom="structure {type:default;}">
        <Coords points="764,1128 764,1150 1153,1161 1155,1161 1263,1148 1263,1128 1263,1099 764,1095 764,1128"/>
        <Baseline points="764,1128 1263,1128"/>
        <TextEquiv conf="0.9993946281346408">
          <Unicode>petentium desideriis“.</Unicode>
        </TextEquiv>
      </TextLine>
      <TextLine id="eSc_line_fed2b727" custom="structure {type:default;}">
        <Coords points="715,1188 715,1212 2193,1216 2196,1216 2688,1203 2691,1179 2684,1146 713,1154 715,1188"/>
        <Baseline points="715,1188 2691,1179"/>
        <TextEquiv conf="0.9934559962328743">
          <Unicode>11032 Nicolao clerico asserit domum iuxta ecclesiam b. Iacobi, quam Telfus, ecclesiae</Unicode>
        </TextEquiv>
      </TextLine>
      <TextLine id="eSc_line_b81c3c9a" custom="structure {type:default;}">
        <Coords points="163,1192 163,1221 373,1210 375,1185 371,1152 318,1139 315,1139 313,1139 307,1141 267,1154 225,1128 212,1117 209,1117 207,1117 159,1117 163,1192"/>
        <Baseline points="163,1192 375,1185"/>
        <TextEquiv conf="0.9896746022360665">
          <Unicode>Iul. 3.</Unicode>
        </TextEquiv>
      </TextLine>
      <TextLine id="eSc_line_a553565a" custom="structure {type:default;}">
        <Coords points="497,1196 494,1223 594,1219 596,1201 596,1170 558,1159 556,1159 554,1159 497,1166 497,1196"/>
        <Baseline points="497,1196 596,1201"/>
        <TextEquiv conf="1.0">
          <Unicode>„</Unicode>
        </TextEquiv>
      </TextLine>
      <TextLine id="eSc_line_c18ba44e" custom="structure {type:default;}">
        <Coords points="768,1243 768,1269 2684,1260 2686,1234 2680,1205 766,1207 768,1243"/>
        <Baseline points="768,1243 2686,1234"/>
        <TextEquiv conf="0.9948481390642565">
          <Unicode>Parisiensis archipresbyter, in eleemosynam ei concesserat. Autogr. in tab. nat. Paris.</Unicode>
        </TextEquiv>
      </TextLine>
      <TextLine id="eSc_line_d92cadf9" custom="structure {type:default;}">
        <Coords points="766,1298 766,1316 1604,1327 1606,1327 1840,1325 1842,1325 1889,1307 1889,1289 1882,1260 764,1263 766,1298"/>
        <Baseline points="766,1298 1889,1289"/>
        <TextEquiv conf="0.9997506303091844">
          <Unicode>L. 230. n. 25a. — „Iustis petentium desideriis“.</Unicode>
        </TextEquiv>
      </TextLine>
      <TextLine id="eSc_line_88525c18" custom="structure {type:default;}">
        <Coords points="715,1351 715,1386 2028,1386 2028,1384 2149,1373 2169,1373 2220,1373 2638,1382 2640,1382 2642,1382 2688,1369 2688,1344 2684,1316 2054,1305 2052,1305 2050,1305 2028,1316 2026,1318 713,1318 715,1351"/>
        <Baseline points="715,1351 2688,1344"/>
        <TextEquiv conf="0.9991343915462494">
          <Unicode>11033 (7380) Henrico, archiepiscopo Remensi, significat, „illum auctorem et caput tur-</Unicode>
        </TextEquiv>
      </TextLine>
      <TextLine id="eSc_line_d4174386" custom="structure {type:default;}">
        <Coords points="494,1362 492,1397 592,1402 596,1366 596,1329 494,1325 494,1362"/>
        <Baseline points="494,1362 596,1366"/>
        <TextEquiv conf="1.0">
          <Unicode>„</Unicode>
        </TextEquiv>
      </TextLine>
      <TextLine id="eSc_line_964a3616" custom="structure {type:default;}">
        <Coords points="203,1366 207,1448 271,1437 278,1442 293,1455 296,1455 298,1455 300,1455 346,1453 349,1453 351,1453 375,1431 371,1353 364,1313 196,1313 203,1366"/>
        <Baseline points="203,1366 371,1353"/>
        <TextEquiv conf="0.9456772804260254">
          <Unicode>„6.</Unicode>
        </TextEquiv>
      </TextLine>
      <TextLine id="eSc_line_fca72cb8" custom="structure {type:default;}">
        <Coords points="768,1404 768,1431 2691,1431 2691,1404 2691,1375 768,1373 768,1404"/>
        <Baseline points="768,1404 2691,1404"/>
        <TextEquiv conf="0.9991258616958346">
          <Unicode>bationis ecclesiae, R(einaldum, archiepiscopum Coloniensem), videlicet quondam F(ri-</Unicode>
        </TextEquiv>
      </TextLine>
      <TextLine id="eSc_line_180c204d" custom="structure {type:default;}">
        <Coords points="768,1459 768,1488 2686,1481 2688,1455 2682,1424 766,1431 768,1459"/>
        <Baseline points="768,1459 2688,1455"/>
        <TextEquiv conf="0.9992641418813223">
          <Unicode>derici), dicti imperatoris, cancellarium, cum aliunde suus omnimodo disturbetur in-</Unicode>
        </TextEquiv>
      </TextLine>
      <TextLine id="eSc_line_d3df83e7" custom="structure {type:default;}">
        <Coords points="768,1514 768,1541 2686,1541 2688,1510 2682,1484 766,1484 768,1514"/>
        <Baseline points="768,1514 2688,1510"/>
        <TextEquiv conf="0.9940861139768435">
          <Unicode>gressus, per Flandriam in Teutonicam terram ire disponere“. Monet, ut „praedictum</Unicode>
        </TextEquiv>
      </TextLine>
      <TextLine id="eSc_line_acb99f96" custom="structure {type:default;}">
        <Coords points="768,1565 766,1587 813,1601 815,1601 817,1601 1590,1592 1729,1603 1732,1603 2686,1592 2688,1570 2686,1541 768,1537 768,1565"/>
        <Baseline points="768,1565 2688,1570"/>
        <TextEquiv conf="0.9995130627620511">
          <Unicode>R(einaldum) disturbare satagat, et omnimodis impedire, et ipsum, si possit, capere</Unicode>
        </TextEquiv>
      </TextLine>
      <TextLine id="eSc_line_cb7b77d7" custom="structure {type:default;}">
        <Coords points="768,1627 768,1647 2684,1658 2686,1627 2684,1596 768,1596 768,1627"/>
        <Baseline points="768,1627 2686,1627"/>
        <TextEquiv conf="0.9928239489473948">
          <Unicode>nulla ratione postponat“. „Nihil enim“ inquit „posses unquam ad praesens efficere,</Unicode>
        </TextEquiv>
      </TextLine>
      <TextLine id="eSc_line_2a377867" custom="structure {type:default;}">
        <Coords points="771,1682 771,1702 2684,1709 2688,1678 2682,1649 768,1651 771,1682"/>
        <Baseline points="771,1682 2688,1678"/>
        <TextEquiv conf="0.9986569068011115">
          <Unicode>quod nobis et ecclesiae amplius gratum et acceptum existeret“. Martene Coll. II. 710,</Unicode>
        </TextEquiv>
      </TextLine>
      <TextLine id="eSc_line_aeb2aad4" custom="structure {type:default;}">
        <Coords points="768,1735 768,1757 2476,1762 2478,1735 2476,1704 768,1704 768,1735"/>
        <Baseline points="768,1735 2478,1735"/>
        <TextEquiv conf="0.9998907578342101">
          <Unicode>Bouquet Rec. XV. 818, Migne 200 p. 297. — „Attendentes illum animi“.</Unicode>
        </TextEquiv>
      </TextLine>
      <TextLine id="eSc_line_ca129164" custom="structure {type:default;}">
        <Coords points="720,1793 720,1817 2688,1810 2691,1786 2686,1757 733,1751 731,1751 729,1751 726,1751 718,1755 720,1793"/>
        <Baseline points="720,1793 2691,1786"/>
        <TextEquiv conf="0.9991445747159776">
          <Unicode>11034 B(ertrando) archiepiscopo Burdegalensi mandat, ne sententiam in fratres S. Ma-</Unicode>
        </TextEquiv>
      </TextLine>
      <TextLine id="eSc_line_a4bb1ef5" custom="structure {type:default;}">
        <Coords points="203,1802 203,1837 247,1835 249,1835 251,1835 251,1832 269,1815 324,1830 340,1835 342,1835 344,1835 380,1826 380,1795 373,1746 326,1749 324,1749 322,1749 322,1751 318,1753 298,1771 201,1771 203,1802"/>
        <Baseline points="203,1802 380,1795"/>
        <TextEquiv conf="0.9999624490737915">
          <Unicode>„ 9.</Unicode>
        </TextEquiv>
      </TextLine>
      <TextLine id="eSc_line_d8eba253" custom="structure {type:default;}">
        <Coords points="497,1813 497,1848 594,1866 596,1808 592,1773 494,1768 497,1813"/>
        <Baseline points="497,1813 596,1808"/>
        <TextEquiv conf="1.0">
          <Unicode>„</Unicode>
        </TextEquiv>
      </TextLine>
      <TextLine id="eSc_line_5d8de97f" custom="structure {type:default;}">
        <Coords points="768,1846 768,1870 2686,1866 2688,1841 2684,1815 1752,1804 1749,1804 1747,1804 1723,1815 804,1806 802,1806 799,1806 766,1817 768,1846"/>
        <Baseline points="768,1846 2688,1841"/>
        <TextEquiv conf="0.9964220608983722">
          <Unicode>charii prolatam remittat, utque eos ad obedientiam abbati S. Crucis Burdegalensi ex-</Unicode>
        </TextEquiv>
      </TextLine>
      <TextLine id="eSc_line_965a63bc" custom="structure {type:default;}">
        <Coords points="771,1896 768,1919 855,1934 857,1934 996,1923 1029,1934 1031,1934 1034,1934 1206,1923 1604,1934 1606,1934 1701,1923 1707,1923 1710,1923 1741,1936 1743,1936 1745,1936 1833,1925 1944,1936 1946,1936 2688,1925 2691,1901 2688,1870 771,1857 771,1896"/>
        <Baseline points="771,1896 2691,1901"/>
        <TextEquiv conf="0.9959162808954716">
          <Unicode>hibendam instanter commoneat. Nisi fecerint, eos depositum iri minatur. Archives</Unicode>
        </TextEquiv>
      </TextLine>
      <TextLine id="eSc_line_7c9cfc79" custom="structure {type:default;}">
        <Coords points="768,1956 768,1976 958,1976 976,1987 978,1987 980,1987 983,1987 985,1987 1020,1976 1137,1987 1140,1987 1272,1976 1325,1987 1327,1987 1398,1976 1829,1987 1831,1987 1915,1974 1915,1956 1913,1923 768,1925 768,1956"/>
        <Baseline points="768,1956 1915,1956"/>
        <TextEquiv conf="0.9911255872979456">
          <Unicode>hist. de la Gironde I. 231. — „Per alia scripta“.</Unicode>
        </TextEquiv>
      </TextLine>
      <TextLine id="eSc_line_d6ba4f66" custom="structure {type:default;}">
        <Coords points="722,2014 722,2044 2688,2027 2691,2005 2686,1976 2454,1963 2452,1963 2322,1974 2204,1965 2202,1965 2200,1965 2198,1965 2182,1976 2176,1976 2070,1965 2068,1965 1961,1976 1959,1976 1931,1965 1928,1965 1926,1965 1864,1976 1842,1965 1840,1965 1838,1965 1721,1976 1701,1978 1646,1978 1338,1967 1336,1967 1248,1978 1241,1978 1226,1967 1224,1967 1221,1967 1219,1967 1124,1978 1100,1980 1073,1978 978,1969 976,1969 720,1978 722,2014"/>
        <Baseline points="722,2014 2691,2005"/>
        <TextEquiv conf="0.997114896774292">
          <Unicode>11035 Waltero abbati et fratribus S. Vincentii Laudunensibus altare de Bairi, a fra-</Unicode>
        </TextEquiv>
      </TextLine>
      <TextLine id="eSc_line_59f9c959" custom="structure {type:default;}">
        <Coords points="203,2020 207,2060 245,2038 271,2038 289,2051 296,2058 298,2058 300,2058 302,2058 380,2040 380,2016 373,1941 313,1943 311,1943 309,1943 309,1945 293,1958 269,1983 201,1983 203,2020"/>
        <Baseline points="203,2020 380,2016"/>
        <TextEquiv conf="0.9954257845878601">
          <Unicode>„ 12.</Unicode>
        </TextEquiv>
      </TextLine>
      <TextLine id="eSc_line_a5cad1fb" custom="structure {type:default;}">
        <Coords points="503,2029 503,2067 592,2069 594,2029 592,1983 503,1987 503,2029"/>
        <Baseline points="503,2029 594,2029"/>
        <TextEquiv conf="1.0">
          <Unicode>„</Unicode>
        </TextEquiv>
      </TextLine>
      <TextLine id="eSc_line_ed50aa00" custom="structure {type:default;}">
        <Coords points="771,2064 771,2089 2688,2086 2691,2060 2684,2029 768,2036 771,2064"/>
        <Baseline points="771,2064 2691,2060"/>
        <TextEquiv conf="0.9999287709957216">
          <Unicode>tribus Maioris-monasterii vindicatum, adiudicat. In bibl. nat. Paris. Coll. Moreau</Unicode>
        </TextEquiv>
      </TextLine>
      <TextLine id="eSc_line_22acdf97" custom="structure {type:default;}">
        <Coords points="768,2124 768,2142 2264,2137 2266,2120 2264,2091 2253,2080 2253,2078 2251,2078 2249,2078 2246,2078 2244,2078 2218,2089 1648,2078 1646,2078 1643,2078 1604,2089 1579,2078 1577,2078 1575,2078 1573,2078 1570,2078 1555,2089 1484,2080 1482,2080 1480,2080 1444,2091 1089,2080 1087,2080 1084,2080 1058,2091 994,2080 992,2080 989,2080 967,2091 943,2080 941,2080 938,2080 936,2080 901,2091 890,2080 888,2080 885,2080 795,2080 793,2080 790,2080 766,2091 768,2124"/>
        <Baseline points="768,2124 2266,2120"/>
        <TextEquiv conf="0.9959167526318476">
          <Unicode>t. 73. f. 16, Coll. Grenier t. 257. f. 142. — „Nuntiis tuis cum“.</Unicode>
        </TextEquiv>
      </TextLine>
      <TextLine id="eSc_line_d9cc268c" custom="structure {type:default;}">
        <Coords points="722,2179 722,2203 2688,2195 2691,2170 2686,2139 2615,2126 2613,2126 2611,2126 2578,2137 2571,2142 2476,2142 2470,2137 2448,2126 2445,2126 2443,2126 2441,2126 2406,2137 2399,2139 2357,2137 2231,2131 2229,2131 2147,2137 2087,2142 2014,2137 1922,2131 1919,2131 1860,2137 1809,2142 1785,2137 1752,2128 1749,2128 1747,2128 1705,2137 1668,2144 1628,2135 1610,2133 1608,2133 1606,2133 1597,2135 1573,2144 1433,2135 1343,2131 1341,2131 1338,2131 1336,2131 1330,2135 1314,2146 1201,2146 1182,2135 1177,2133 1175,2133 1173,2133 1170,2133 1164,2135 1137,2146 1109,2135 1102,2133 1100,2133 1098,2133 1095,2133 1087,2135 1042,2146 989,2135 978,2133 976,2133 720,2133 722,2179"/>
        <Baseline points="722,2179 2691,2170"/>
        <TextEquiv conf="0.9999355353415013">
          <Unicode>11036 (7381) Henrico, archiepiscopo Remensi, mandat, ut Guillelmum, „si monachos</Unicode>
        </TextEquiv>
      </TextLine>
      <TextLine id="eSc_line_3333ffb3" custom="structure {type:default;}">
        <Coords points="205,2186 209,2232 293,2210 322,2230 324,2230 326,2230 329,2230 384,2226 384,2177 380,2120 201,2120 205,2186"/>
        <Baseline points="205,2186 384,2177"/>
        <TextEquiv conf="0.9999958515167237">
          <Unicode>„ 13.</Unicode>
        </TextEquiv>
      </TextLine>
      <TextLine id="eSc_line_4ecaaa91" custom="structure {type:default;}">
        <Coords points="503,2197 503,2241 598,2241 598,2197 598,2124 503,2120 503,2197"/>
        <Baseline points="503,2197 598,2197"/>
        <TextEquiv conf="1.0">
          <Unicode>„</Unicode>
        </TextEquiv>
      </TextLine>
      <TextLine id="eSc_line_016a5eb2" custom="structure {type:default;}">
        <Coords points="768,2232 768,2254 2684,2250 2686,2228 2682,2190 788,2190 786,2190 784,2190 782,2190 766,2197 768,2232"/>
        <Baseline points="768,2232 2686,2228"/>
        <TextEquiv conf="0.999888943620475">
          <Unicode>S. Remigii non habita licentia uxoris eum monasticum habitum induisse constiterit“,</Unicode>
        </TextEquiv>
      </TextLine>
      <TextLine id="eSc_line_1756e8ec" custom="structure {type:default;}">
        <Coords points="771,2287 771,2314 2684,2316 2688,2283 2684,2254 1780,2243 1778,2243 1727,2254 1723,2256 768,2256 771,2287"/>
        <Baseline points="771,2287 2688,2283"/>
        <TextEquiv conf="0.9924809712739218">
          <Unicode>ab impetitione abbatis et fratrum absolvat. Martene Coll. II. 710, Migne 200 p. 298.</Unicode>
        </TextEquiv>
      </TextLine>
      <TextLine id="eSc_line_c1a1e197" custom="structure {type:default;}">
        <Coords points="773,2338 771,2351 839,2354 852,2367 852,2369 855,2369 857,2369 859,2369 998,2356 1042,2369 1045,2369 1047,2369 1049,2369 1080,2356 1091,2369 1093,2369 1093,2371 1095,2371 1098,2371 1100,2371 1405,2356 1407,2343 1405,2312 773,2301 773,2338"/>
        <Baseline points="773,2338 1407,2343"/>
        <TextEquiv conf="0.9982097770856775">
          <Unicode>— „Dum W. parochianus“.</Unicode>
        </TextEquiv>
      </TextLine>
      <TextLine id="eSc_line_1cc38914" custom="structure {type:default;}">
        <Coords points="724,2398 724,2422 2688,2415 2691,2389 2682,2345 2635,2356 2372,2356 2333,2347 2304,2340 2302,2340 2264,2347 2193,2360 2116,2360 2098,2347 2092,2343 2090,2343 2087,2343 1966,2343 1964,2343 1961,2343 1959,2343 1953,2347 1946,2354 1937,2347 1931,2343 1928,2343 1926,2343 1710,2343 1707,2343 1668,2349 1621,2358 1601,2349 1588,2345 1586,2345 1584,2345 1546,2349 1482,2360 1358,2351 1321,2349 1319,2349 1294,2351 1210,2365 1022,2365 967,2354 927,2347 925,2347 923,2347 903,2354 879,2362 861,2354 848,2347 846,2347 843,2347 722,2354 724,2398"/>
        <Baseline points="724,2398 2691,2389"/>
        <TextEquiv conf="0.9986771352319832">
          <Unicode>11037 Universis ecclesiarum praelatis mandat, ut populum propositis indulgentiis ad</Unicode>
        </TextEquiv>
      </TextLine>
      <TextLine id="eSc_line_aa83f725" custom="structure {type:default;}">
        <Coords points="205,2402 207,2442 265,2413 326,2442 331,2444 333,2444 335,2444 384,2442 384,2396 380,2334 357,2320 355,2320 353,2320 351,2320 349,2320 307,2332 280,2338 201,2327 205,2402"/>
        <Baseline points="205,2402 384,2396"/>
        <TextEquiv conf="0.9737606167793273">
          <Unicode>„ 15.</Unicode>
        </TextEquiv>
      </TextLine>
      <TextLine id="eSc_line_9073083a" custom="structure {type:default;}">
        <Coords points="503,2411 501,2451 594,2464 598,2415 596,2389 503,2382 503,2411"/>
        <Baseline points="503,2411 598,2415"/>
        <TextEquiv conf="1.0">
          <Unicode>„</Unicode>
        </TextEquiv>
      </TextLine>
      <TextLine id="eSc_line_acd27189" custom="structure {type:default;}">
        <Coords points="771,2451 771,2475 2686,2482 2691,2446 2686,2420 1736,2409 1734,2409 1681,2420 830,2411 828,2411 768,2422 771,2451"/>
        <Baseline points="771,2451 2691,2446"/>
        <TextEquiv conf="0.9994076108321165">
          <Unicode>collectas in usum Templariorum faciendas admoneant. De aliis eorum privilegiis</Unicode>
        </TextEquiv>
      </TextLine>
      <TextLine id="eSc_line_2f96db68" custom="structure {type:default;}">
        <Coords points="771,2506 771,2524 1058,2537 1060,2537 1062,2537 1084,2526 1129,2537 1131,2537 1133,2537 1290,2526 1396,2537 1398,2537 1400,2537 1402,2537 1411,2528 1420,2535 1420,2537 1422,2537 1425,2537 1427,2537 1573,2526 1970,2537 1972,2537 2037,2524 2037,2506 2034,2471 1398,2475 1383,2473 1332,2464 1330,2464 1226,2473 1206,2475 1190,2475 1109,2464 1106,2464 1104,2464 1102,2464 1089,2475 1087,2477 996,2477 994,2475 961,2464 958,2464 956,2464 894,2475 892,2475 824,2464 821,2464 771,2475 771,2506"/>
        <Baseline points="771,2506 2037,2506"/>
        <TextEquiv conf="0.9928683244957114">
          <Unicode>addit. Prutz Malteser Urk. p. 39. — „Milites templi“.</Unicode>
        </TextEquiv>
      </TextLine>
      <TextLine id="eSc_line_d1c1751a" custom="structure {type:default;}">
        <Coords points="726,2563 726,2588 2688,2581 2691,2557 2688,2526 2660,2513 2657,2513 2655,2513 2585,2524 2233,2515 2231,2515 2087,2524 2030,2526 724,2519 726,2563"/>
        <Baseline points="726,2563 2691,2557"/>
        <TextEquiv conf="0.9982684631890888">
          <Unicode>11038 (7382) Henricum, archiepiscopum Remensem, hortatur, ut controversiam Mil-</Unicode>
        </TextEquiv>
      </TextLine>
      <TextLine id="eSc_line_3929b804" custom="structure {type:default;}">
        <Coords points="209,2572 209,2608 318,2610 320,2610 322,2610 324,2610 324,2608 326,2608 333,2599 335,2594 388,2592 388,2566 377,2499 353,2515 335,2508 315,2504 313,2504 311,2504 309,2504 307,2504 307,2506 293,2519 276,2537 207,2537 209,2572"/>
        <Baseline points="209,2572 388,2566"/>
        <TextEquiv conf="0.98726806640625">
          <Unicode>„ 18.</Unicode>
        </TextEquiv>
      </TextLine>
      <TextLine id="eSc_line_11b2509f" custom="structure {type:default;}">
        <Coords points="503,2577 501,2623 603,2603 605,2581 605,2504 505,2504 503,2577"/>
        <Baseline points="503,2577 605,2581"/>
        <TextEquiv conf="1.0">
          <Unicode>„</Unicode>
        </TextEquiv>
      </TextLine>
      <TextLine id="eSc_line_3d451706" custom="structure {type:default;}">
        <Coords points="777,2616 777,2645 2691,2636 2693,2612 2688,2583 775,2581 777,2616"/>
        <Baseline points="777,2616 2693,2612"/>
        <TextEquiv conf="0.9986048830407006">
          <Unicode>lesendis mulieris et Radulfi de Coci super dote illius intra dies 30 diiudicet. Mar-</Unicode>
        </TextEquiv>
      </TextLine>
      <TextLine id="eSc_line_ede8930c" custom="structure {type:default;}">
        <Coords points="777,2672 777,2700 1159,2698 1170,2703 1186,2709 1188,2709 1190,2709 1235,2703 1270,2698 1319,2703 1372,2709 1374,2709 1405,2703 1438,2698 1471,2705 1502,2709 1504,2709 1581,2705 1674,2698 1703,2705 1723,2709 1725,2709 1727,2709 1911,2705 2304,2696 2324,2707 2326,2707 2328,2707 2330,2709 2691,2709 2693,2667 2688,2638 775,2632 777,2672"/>
        <Baseline points="777,2672 2693,2667"/>
        <TextEquiv conf="0.9853344337145488">
          <Unicode>tene Coll. II. 711, Bouquet Rec. XV. 818, Migne 200 p. 298. — „Causam, quae</Unicode>
        </TextEquiv>
      </TextLine>
      <TextLine id="eSc_line_10230d57" custom="structure {type:default;}">
        <Coords points="773,2727 773,2740 813,2756 815,2756 817,2756 932,2736 932,2720 925,2685 771,2691 773,2727"/>
        <Baseline points="773,2727 932,2720"/>
        <TextEquiv conf="0.999687237398965">
          <Unicode>inter“.</Unicode>
        </TextEquiv>
      </TextLine>
      <TextLine id="eSc_line_54170625" custom="structure {type:default;}">
        <Coords points="726,2782 726,2804 2691,2809 2693,2778 2688,2744 1710,2733 1707,2733 1597,2744 740,2736 737,2736 735,2736 733,2736 724,2740 726,2782"/>
        <Baseline points="726,2782 2693,2778"/>
        <TextEquiv conf="0.9966785575068274">
          <Unicode>11039 (Manassae) episcopo et capitulo S. Crucis Aurelianensi significat, in praesentia</Unicode>
        </TextEquiv>
      </TextLine>
      <TextLine id="eSc_line_c732ba1b" custom="structure {type:default;}">
        <Coords points="214,2789 214,2820 391,2813 391,2782 386,2731 209,2725 214,2789"/>
        <Baseline points="214,2789 391,2782"/>
        <TextEquiv conf="0.9999686002731323">
          <Unicode>„ 20.</Unicode>
        </TextEquiv>
      </TextLine>
      <TextLine id="eSc_line_0b61ddf3" custom="structure {type:default;}">
        <Coords points="501,2800 501,2828 556,2831 558,2831 561,2831 612,2811 612,2800 609,2738 501,2740 501,2800"/>
        <Baseline points="501,2800 612,2800"/>
        <TextEquiv conf="1.0">
          <Unicode>„</Unicode>
        </TextEquiv>
      </TextLine>
      <TextLine id="eSc_line_0b17322c" custom="structure {type:default;}">
        <Coords points="777,2837 777,2862 2691,2857 2693,2833 2688,2804 775,2802 777,2837"/>
        <Baseline points="777,2837 2693,2833"/>
        <TextEquiv conf="0.9966759592637249">
          <Unicode>Herberti archidiaconi et Guarini archipresbyteri Gilonem, militem de Loriaco, ecclesias</Unicode>
        </TextEquiv>
      </TextLine>
      <TextLine id="eSc_line_951dd336" custom="structure {type:default;}">
        <Coords points="777,2890 777,2915 2693,2915 2693,2890 2693,2862 777,2859 777,2890"/>
        <Baseline points="777,2890 2693,2890"/>
        <TextEquiv conf="0.9999993177781622">
          <Unicode>de Arebrachio et de Loriaco, „quas ex prava et antiqua illa consuetudine iure here-</Unicode>
        </TextEquiv>
      </TextLine>
      <TextLine id="eSc_line_de3b8aed" custom="structure {type:default;}">
        <Coords points="777,2948 777,2972 2050,2979 2052,2979 2688,2965 2691,2941 2684,2912 775,2917 777,2948"/>
        <Baseline points="777,2948 2691,2941"/>
        <TextEquiv conf="0.9960237706408781">
          <Unicode>ditario possedisset“, in manibus suis refutasse et ecclesiae eorum dimisisse. Loewen-</Unicode>
        </TextEquiv>
      </TextLine>
      <TextLine id="eSc_line_d01d632c" custom="structure {type:default;}">
        <Coords points="777,3001 777,3021 890,3021 894,3021 925,3034 927,3034 930,3034 1098,3023 1144,3034 1146,3034 1148,3034 1151,3034 1153,3034 1173,3021 1188,3032 1190,3032 1193,3032 1195,3032 1281,3021 1283,3021 1285,3021 1564,3032 1566,3032 1568,3032 1612,3018 1615,3018 1619,3018 1705,3032 1707,3032 1774,3018 1776,3018 1853,3032 1855,3032 1937,3016 1939,2996 1933,2956 775,2959 777,3001"/>
        <Baseline points="777,3001 1939,2996"/>
        <TextEquiv conf="0.9908957894967527">
          <Unicode>feld Epistolae p. 136. — „Quotiens aliqua digna“.</Unicode>
        </TextEquiv>
      </TextLine>
      <TextLine id="eSc_line_6d8a3b0a" custom="structure {type:default;}">
        <Coords points="731,3054 731,3080 2695,3076 2695,3049 2688,3014 729,3023 731,3054"/>
        <Baseline points="731,3054 2695,3049"/>
        <TextEquiv conf="0.9952684010971676">
          <Unicode>11040 (7383) Hugoni, episcopo Suessionensi, Rain. archidiaconum Sarisberiensem, Parisiis</Unicode>
        </TextEquiv>
      </TextLine>
      <TextLine id="eSc_line_6bdecd58" custom="structure {type:default;}">
        <Coords points="214,3060 216,3096 260,3078 391,3091 393,3056 386,2994 282,3003 276,3001 247,2992 245,2992 243,2992 240,2992 212,3003 214,3060"/>
        <Baseline points="214,3060 393,3056"/>
        <TextEquiv conf="0.9999290704727173">
          <Unicode>„ 26.</Unicode>
        </TextEquiv>
      </TextLine>
      <TextLine id="eSc_line_3cc26953" custom="structure {type:default;}">
        <Coords points="514,3074 514,3093 605,3093 605,3074 605,3005 554,2994 552,2994 550,2994 514,3009 514,3074"/>
        <Baseline points="514,3074 605,3074"/>
        <TextEquiv conf="1.0">
          <Unicode>„</Unicode>
        </TextEquiv>
      </TextLine>
      <TextLine id="eSc_line_03c91388" custom="structure {type:default;}">
        <Coords points="779,3107 777,3131 2686,3135 2691,3111 2688,3080 779,3076 779,3107"/>
        <Baseline points="779,3107 2691,3111"/>
        <TextEquiv conf="0.9999753953535345">
          <Unicode>operam studiis daturum, commendat. Duchesne Hist. Fr. SS. IV. 594, Bouquet Rec.</Unicode>
        </TextEquiv>
      </TextLine>
      <TextLine id="eSc_line_f3510f50" custom="structure {type:default;}">
        <Coords points="782,3166 782,3188 2527,3193 2529,3166 2529,3135 782,3127 782,3166"/>
        <Baseline points="782,3166 2529,3166"/>
        <TextEquiv conf="0.9986021088229285">
          <Unicode>XV. 819, (Mansi XXI. 981, Migne 200 p. 299). — „Dilectus filius noster“.</Unicode>
        </TextEquiv>
      </TextLine>
      <TextLine id="eSc_line_6e4452f1" custom="structure {type:default;}">
        <Coords points="733,3221 733,3246 2686,3248 2691,3213 2684,3184 731,3184 733,3221"/>
        <Baseline points="733,3221 2691,3213"/>
        <TextEquiv conf="0.9996270761770361">
          <Unicode>11041 Giffredo abbati et fratribus S. Trinitatis Dunfermelinensibus asserit ecclesiam</Unicode>
        </TextEquiv>
      </TextLine>
      <TextLine id="eSc_line_40407fa3" custom="structure {type:default;}">
        <Coords points="216,3226 216,3257 395,3246 395,3217 391,3175 322,3164 320,3164 212,3180 216,3226"/>
        <Baseline points="216,3226 395,3217"/>
        <TextEquiv conf="0.9997398614883423">
          <Unicode>„ 27.</Unicode>
        </TextEquiv>
      </TextLine>
      <TextLine id="eSc_line_73fd836c" custom="structure {type:default;}">
        <Coords points="510,3237 510,3255 609,3246 609,3237 609,3182 510,3180 510,3237"/>
        <Baseline points="510,3237 609,3237"/>
        <TextEquiv conf="1.0">
          <Unicode>„</Unicode>
        </TextEquiv>
      </TextLine>
      <TextLine id="eSc_line_b5a022bb" custom="structure {type:default;}">
        <Coords points="782,3274 782,3299 1416,3310 1418,3310 1420,3310 1442,3299 1447,3297 1451,3299 1464,3308 1467,3308 1469,3308 1471,3308 1599,3299 1643,3297 1670,3299 1747,3308 1749,3308 2691,3297 2693,3268 2686,3241 779,3241 782,3274"/>
        <Baseline points="782,3274 2693,3268"/>
        <TextEquiv conf="0.9992918209596113">
          <Unicode>de Dunchelden, ab Andrea, episcopo Catenensi, concessam. (Specimen scripturae</Unicode>
        </TextEquiv>
      </TextLine>
      <TextLine id="eSc_line_b921b0d9" custom="structure {type:default;}">
        <Coords points="777,3327 777,3354 2582,3354 2582,3327 2582,3299 777,3297 777,3327"/>
        <Baseline points="777,3327 2582,3327"/>
        <TextEquiv conf="0.997212716738383">
          <Unicode>apud) Registrum de Dunferm. p. 151 et 418. — „Iustis petentium desideriis“.</Unicode>
        </TextEquiv>
      </TextLine>
      <TextLine id="eSc_line_0c61c323" custom="structure {type:default;}">
        <Coords points="733,3380 731,3407 2688,3414 2693,3385 2691,3354 733,3343 733,3380"/>
        <Baseline points="733,3380 2693,3385"/>
        <TextEquiv conf="0.9976534108782924">
          <Unicode>1142 Monasterii S. Mariae de Laude protectionem suscipit ac possessiones et privilegia</Unicode>
        </TextEquiv>
      </TextLine>
      <TextLine id="eSc_line_c182fff1" custom="structure {type:default;}">
        <Coords points="218,3387 220,3484 307,3469 329,3473 371,3484 373,3484 375,3484 377,3484 380,3484 397,3469 397,3383 393,3345 216,3339 218,3387"/>
        <Baseline points="218,3387 397,3383"/>
        <TextEquiv conf="0.9381009817123414">
          <Unicode>„ 48.</Unicode>
        </TextEquiv>
      </TextLine>
      <TextLine id="eSc_line_0b5e8f01" custom="structure {type:default;}">
        <Coords points="499,3398 501,3535 554,3522 607,3539 612,3398 612,3347 499,3347 499,3398"/>
        <Baseline points="499,3398 612,3398"/>
        <TextEquiv conf="1.0">
          <Unicode>„</Unicode>
        </TextEquiv>
      </TextLine>
      <TextLine id="eSc_line_058884ac" custom="structure {type:default;}">
        <Coords points="782,3436 779,3460 952,3480 954,3480 1069,3464 1078,3464 1389,3464 1402,3469 1425,3475 1427,3475 1429,3475 1559,3471 1699,3464 1886,3473 2050,3482 2052,3484 2684,3484 2686,3440 2684,3407 782,3403 782,3436"/>
        <Baseline points="782,3436 2686,3440"/>
        <TextEquiv conf="0.979220736026764">
          <Unicode>confirmat, petente Samuele abbate. In Coll. Moreau t. 73. f. 18 in bibl. nat. Paris.,</Unicode>
        </TextEquiv>
      </TextLine>
      <TextLine id="eSc_line_26284433" custom="structure {type:default;}">
        <Coords points="779,3493 779,3542 828,3542 841,3553 841,3555 843,3555 846,3555 848,3557 923,3557 923,3555 925,3555 927,3555 927,3553 938,3542 941,3542 943,3542 1007,3555 1009,3555 1093,3544 1113,3542 1122,3544 1151,3555 1153,3555 1155,3557 1292,3557 1292,3555 1294,3555 1296,3555 1305,3546 1310,3542 1319,3546 1334,3553 1336,3553 1338,3553 1341,3553 1354,3546 1363,3542 1436,3546 1535,3555 1537,3555 1539,3555 1553,3548 1568,3542 1584,3548 1599,3555 1601,3555 1604,3555 1637,3548 1663,3544 1681,3551 1699,3555 1701,3555 1703,3555 1705,3555 1716,3551 1734,3542 1756,3551 1769,3555 1771,3555 1774,3555 1776,3555 1791,3551 1822,3542 1871,3551 1873,3493 1873,3462 779,3460 779,3493"/>
        <Baseline points="779,3493 1873,3493"/>
        <TextEquiv conf="0.9958952969974941">
          <Unicode>(Neues Archiv VII. 97). — „Quotiens IIlud a“.</Unicode>
        </TextEquiv>
      </TextLine>
    </TextRegion>
    <TextRegion id="eSc_textblock_30c97c56"  custom="structure {type:default;}">
      <Coords points="956,132 1851,132 1895,159 1895,227 963,245 919,200 956,132"/>
      <TextLine id="eSc_line_5e8d3d25" custom="structure {type:default;}">
        <Coords points="945,207 945,234 1398,238 1400,238 1425,236 1513,225 1528,236 1531,236 1533,236 1535,238 1869,238 1871,203 1866,154 1646,154 1559,139 1557,139 1555,139 1506,152 1391,143 1389,143 1387,143 1345,154 1290,141 1288,141 1285,141 1283,141 1232,154 992,141 989,141 987,141 943,156 945,207"/>
        <Baseline points="945,207 1871,203"/>
        <TextEquiv conf="0.9992820620536804">
          <Unicode>ALEXANDER III. 1159—1181.</Unicode>
        </TextEquiv>
      </TextLine>
    </TextRegion>
    <TextRegion id="eSc_textblock_23bd3ac0"  custom="structure {type:default;}">
      <Coords points="2615,141 2724,159 2724,209 2567,236 2540,185 2615,141"/>
      <TextLine id="eSc_line_f7b912e1" custom="structure {type:default;}">
        <Coords points="2567,167 2569,209 2569,236 2677,236 2677,205 2671,150 2582,156 2567,167"/>
        <Baseline points="2569,209 2677,205"/>
        <TextEquiv conf="1.0">
          <Unicode>181</Unicode>
        </TextEquiv>
      </TextLine>
    </TextRegion>
  </Page>
</PcGts>
