<?xml version="1.0" encoding="UTF-8"  standalone="yes"?>
<PcGts xmlns="http://schema.primaresearch.org/PAGE/gts/pagecontent/2019-07-15" xmlns:xsi="http://www.w3.org/2001/XMLSchema-instance" xsi:schemaLocation="http://schema.primaresearch.org/PAGE/gts/pagecontent/2019-07-15 http://schema.primaresearch.org/PAGE/gts/pagecontent/2019-07-15/pagecontent.xsd">
  <Metadata>
	<Creator>escriptorium</Creator>
	<Created>2024-07-19T10:07:42.477417+00:00</Created>
        <LastChange>2024-08-08T08:32:21.045768+00:00</LastChange>
  </Metadata>
  <Page imageFilename="0204.png" imageWidth="3007" imageHeight="3975">
    <TextRegion id="eSc_textblock_235a225c"  custom="structure {type:default;}">
      <Coords points="702,318 2688,318 2662,3522 742,3548 642,3513 397,3522 377,3469 351,3513 132,3513 97,2506 97,415 141,344 333,335 377,441 397,335 642,353 702,318"/>
      <TextLine id="eSc_line_fa252052" custom="structure {type:default;}">
        <Coords points="1908,318 1886,318 1882,318 1877,322 1794,318 1776,318 1754,318 1732,318 1710,318 1687,318 1674,318 1623,324 1604,318 1599,318 1577,318 1557,318 1513,324 1469,318 1467,318 1444,318 1427,318 1411,324 1129,318 1126,318 1034,329 1020,318 1018,318 1016,318 1014,318 936,329 702,318 693,320 671,333 649,346 651,377 651,397 2202,399 2204,368 2200,324 1935,324 1917,318 1908,318"/>
        <Baseline points="651,377 2204,368"/>
        <TextEquiv conf="0.9709459816066313">
          <Unicode>1165. (Ind. 13, pont. a. 6. — 20. Sept. — 7, 1164. — 25. Mart. — 1165.)</Unicode>
        </TextEquiv>
      </TextLine>
      <TextLine id="eSc_line_7f52baa8" custom="structure {type:default;}">
        <Coords points="130,450 130,483 196,490 198,490 201,490 227,474 231,472 234,474 243,481 245,481 247,481 249,481 342,463 342,443 338,390 125,379 130,450"/>
        <Baseline points="130,450 342,443"/>
        <TextEquiv conf="0.9999798834323883">
          <Unicode>Apr. 17.</Unicode>
        </TextEquiv>
      </TextLine>
      <TextLine id="eSc_line_32636a03" custom="structure {type:default;}">
        <Coords points="404,448 406,521 598,514 596,441 592,390 399,390 404,448"/>
        <Baseline points="404,448 596,441"/>
        <TextEquiv conf="0.9482215046882629">
          <Unicode>Paridi.</Unicode>
        </TextEquiv>
      </TextLine>
      <TextLine id="eSc_line_77b2f497" custom="structure {type:default;}">
        <Coords points="678,441 678,463 2644,463 2646,435 2640,388 676,393 678,441"/>
        <Baseline points="678,441 2646,435"/>
        <TextEquiv conf="0.9993239218675638">
          <Unicode>11177 (7454) Monasterium S. Walarici tuendum suscipit et eius bona ac iura con-</Unicode>
        </TextEquiv>
      </TextLine>
      <TextLine id="eSc_line_a3cd6c16" custom="structure {type:default;}">
        <Coords points="731,492 731,518 2638,514 2640,488 2635,459 753,450 751,450 748,450 729,459 731,492"/>
        <Baseline points="731,492 2640,488"/>
        <TextEquiv conf="0.9756428363882466">
          <Unicode>firmat, petente Asselino abbate. Gall. Chr. X. Instr. p. 317, Migne 200 p. 352. —</Unicode>
        </TextEquiv>
      </TextLine>
      <TextLine id="eSc_line_eed6f31d" custom="structure {type:default;}">
        <Coords points="731,549 731,574 1170,569 1170,549 1170,518 731,518 731,549"/>
        <Baseline points="731,549 1170,549"/>
        <TextEquiv conf="0.9941791860680831">
          <Unicode>„Quotiens illud a“.</Unicode>
        </TextEquiv>
      </TextLine>
      <TextLine id="eSc_line_b34042f3" custom="structure {type:default;}">
        <Coords points="170,611 170,638 344,624 344,607 340,560 262,549 260,549 258,549 256,549 240,563 238,565 167,565 170,611"/>
        <Baseline points="170,611 344,607"/>
        <TextEquiv conf="0.9999994516372681">
          <Unicode>„ 19.</Unicode>
        </TextEquiv>
      </TextLine>
      <TextLine id="eSc_line_38e81da3" custom="structure {type:default;}">
        <Coords points="463,620 463,651 550,629 550,620 550,563 463,563 463,620"/>
        <Baseline points="463,620 550,620"/>
        <TextEquiv conf="0.9999758005142212">
          <Unicode>„</Unicode>
        </TextEquiv>
      </TextLine>
      <TextLine id="eSc_line_44b24f51" custom="structure {type:default;}">
        <Coords points="676,600 673,624 1964,624 1966,605 1961,556 676,560 676,600"/>
        <Baseline points="676,600 1966,605"/>
        <TextEquiv conf="0.9954159177985846">
          <Unicode>Cum Ludovico, Francorum rege. Vide infra ep. 11183.</Unicode>
        </TextEquiv>
      </TextLine>
      <TextLine id="eSc_line_ab107e70" custom="structure {type:default;}">
        <Coords points="165,671 165,697 340,682 340,666 335,627 163,627 165,671"/>
        <Baseline points="165,671 340,666"/>
        <TextEquiv conf="0.9999994754791259">
          <Unicode>„ 20.</Unicode>
        </TextEquiv>
      </TextLine>
      <TextLine id="eSc_line_f1ee0b4b" custom="structure {type:default;}">
        <Coords points="534,622 528,622 521,627 508,642 446,642 446,677 446,684 486,700 488,700 490,700 492,700 512,691 528,686 558,695 563,677 563,620 534,620 534,622"/>
        <Baseline points="446,677 563,677"/>
        <TextEquiv conf="1.0">
          <Unicode>„</Unicode>
        </TextEquiv>
      </TextLine>
      <TextLine id="eSc_line_20126e86" custom="structure {type:default;}">
        <Coords points="678,662 678,684 2646,677 2649,655 2642,611 1475,620 1455,611 1451,609 1449,609 1447,609 1411,611 1292,622 1186,611 1173,611 1170,611 1168,611 1166,611 1142,622 1102,611 1098,611 1095,611 1093,611 676,611 678,662"/>
        <Baseline points="678,662 2649,655"/>
        <TextEquiv conf="0.9980136492673088">
          <Unicode>11178 (7455) Ecclesiae Parisiensis tutelam suscipit canonicorumque bona et privilegia</Unicode>
        </TextEquiv>
      </TextLine>
      <TextLine id="eSc_line_a2830620" custom="structure {type:default;}">
        <Coords points="731,711 731,733 2642,737 2646,706 2642,677 729,673 731,711"/>
        <Baseline points="731,711 2646,706"/>
        <TextEquiv conf="0.9964888004156259">
          <Unicode>confirmat, petente Clemente decano. („XII. kal. Maii“. De fide tabulae non est</Unicode>
        </TextEquiv>
      </TextLine>
      <TextLine id="eSc_line_0c3bf04c" custom="structure {type:default;}">
        <Coords points="733,768 733,790 2644,788 2644,768 2642,733 733,735 733,768"/>
        <Baseline points="733,768 2644,768"/>
        <TextEquiv conf="0.9886045862646664">
          <Unicode>dubitandum.) Autogr. in tab. nat. Paris. L. 230. n. 28“., Copia a. 1308 ibid. n. 28“,</Unicode>
        </TextEquiv>
      </TextLine>
      <TextLine id="eSc_line_ff080b3b" custom="structure {type:default;}">
        <Coords points="731,817 729,843 746,854 748,854 751,854 753,854 2649,845 2651,821 2649,790 731,786 731,817"/>
        <Baseline points="731,817 2651,821"/>
        <TextEquiv conf="0.9981025516986847">
          <Unicode>(Collection des Cartulaires IV. 227, Migne 200 p. 353). — „Effectum iusta postu-</Unicode>
        </TextEquiv>
      </TextLine>
      <TextLine id="eSc_line_1cd0f908" custom="structure {type:default;}">
        <Coords points="733,876 733,896 746,905 748,905 751,905 753,905 963,892 963,876 963,845 733,841 733,876"/>
        <Baseline points="733,876 963,876"/>
        <TextEquiv conf="0.9999969840049744">
          <Unicode>lantibus“.</Unicode>
        </TextEquiv>
      </TextLine>
      <TextLine id="eSc_line_e6de3903" custom="structure {type:default;}">
        <Coords points="167,947 167,971 342,969 342,938 338,894 256,883 254,883 251,883 249,883 234,896 229,901 163,901 167,947"/>
        <Baseline points="167,947 342,938"/>
        <TextEquiv conf="0.9999997854232788">
          <Unicode>„ 20.</Unicode>
        </TextEquiv>
      </TextLine>
      <TextLine id="eSc_line_a24a4a38" custom="structure {type:default;}">
        <Coords points="402,936 402,960 607,960 607,931 600,883 399,887 402,936"/>
        <Baseline points="402,936 607,931"/>
        <TextEquiv conf="1.0">
          <Unicode>Stampis</Unicode>
        </TextEquiv>
      </TextLine>
      <TextLine id="eSc_line_73c93966" custom="structure {type:default;}">
        <Coords points="682,934 682,956 2646,951 2649,929 2644,894 1681,883 1679,883 1676,883 1654,894 702,885 700,885 698,885 695,885 680,892 682,934"/>
        <Baseline points="682,934 2649,929"/>
        <TextEquiv conf="0.9938601943708602">
          <Unicode>11179 Inter fratres S. Martini de Campis et P. presbyterum de Crisperiis compositio-</Unicode>
        </TextEquiv>
      </TextLine>
      <TextLine id="eSc_line_3fe30776" custom="structure {type:default;}">
        <Coords points="733,989 733,1011 2646,1009 2649,982 2642,951 731,951 733,989"/>
        <Baseline points="733,989 2649,982"/>
        <TextEquiv conf="0.9933438557612745">
          <Unicode>nem super redditibus quibusdam, M(auritio) episcopo Parisiensi et Hugone abbate</Unicode>
        </TextEquiv>
      </TextLine>
      <TextLine id="eSc_line_a586e384" custom="structure {type:default;}">
        <Coords points="733,1042 733,1066 2640,1071 2644,1037 2638,1000 731,1011 733,1042"/>
        <Baseline points="733,1042 2644,1037"/>
        <TextEquiv conf="0.9956677407026291">
          <Unicode>S. Germani de Pratis mediantibus, factam approbat. („XII. kal. Maii.“ Bulla omni</Unicode>
        </TextEquiv>
      </TextLine>
      <TextLine id="eSc_line_39bd9628" custom="structure {type:default;}">
        <Coords points="733,1099 733,1119 2646,1115 2649,1095 2642,1064 731,1066 733,1099"/>
        <Baseline points="733,1099 2649,1095"/>
        <TextEquiv conf="0.9973457202144053">
          <Unicode>suspicione caret.) Autogr. in tab. nat. Paris. L. 231. — „Iustis petentium desideriis“.</Unicode>
        </TextEquiv>
      </TextLine>
      <TextLine id="eSc_line_206e5e84" custom="structure {type:default;}">
        <Coords points="163,1163 165,1194 207,1179 249,1190 256,1192 258,1192 260,1192 344,1185 344,1159 340,1106 161,1101 163,1163"/>
        <Baseline points="163,1163 344,1159"/>
        <TextEquiv conf="0.9999764680862426">
          <Unicode>„ 21.</Unicode>
        </TextEquiv>
      </TextLine>
      <TextLine id="eSc_line_40ddf8a3" custom="structure {type:default;}">
        <Coords points="459,1172 461,1227 556,1234 556,1168 552,1115 499,1104 497,1104 494,1104 455,1117 459,1172"/>
        <Baseline points="459,1172 556,1168"/>
        <TextEquiv conf="0.9999834299087524">
          <Unicode>„</Unicode>
        </TextEquiv>
      </TextLine>
      <TextLine id="eSc_line_c2eacec9" custom="structure {type:default;}">
        <Coords points="682,1152 682,1174 2642,1179 2646,1148 2642,1119 680,1113 682,1152"/>
        <Baseline points="682,1152 2646,1148"/>
        <TextEquiv conf="0.9955455179397876">
          <Unicode>11180 Ecclesiae S. Mariae de Vado Ulmi, a Widone, ostiario Ludovici, Francorum</Unicode>
        </TextEquiv>
      </TextLine>
      <TextLine id="eSc_line_d1b41747" custom="structure {type:default;}">
        <Coords points="733,1207 733,1230 2646,1227 2649,1203 2642,1168 731,1174 733,1207"/>
        <Baseline points="733,1207 2649,1203"/>
        <TextEquiv conf="0.9990752821876889">
          <Unicode>regis fundatae, tutelam suscipit possessionesque confirmat. Ex chartular. S. Evurtii</Unicode>
        </TextEquiv>
      </TextLine>
      <TextLine id="eSc_line_7f310845" custom="structure {type:default;}">
        <Coords points="735,1265 735,1291 2653,1283 2653,1258 2649,1227 2019,1216 2017,1216 1964,1227 757,1221 755,1221 753,1221 733,1230 735,1265"/>
        <Baseline points="735,1265 2653,1258"/>
        <TextEquiv conf="0.9988456221187816">
          <Unicode>p. 529 ms. lat. 10089 in bibl. nat. Paris. misit Delisle; In eadem bibl. Coll. Baluze</Unicode>
        </TextEquiv>
      </TextLine>
      <TextLine id="eSc_line_c5156b5f" custom="structure {type:default;}">
        <Coords points="733,1318 733,1336 753,1347 755,1347 757,1349 757,1347 760,1347 782,1336 899,1347 901,1347 903,1347 938,1336 950,1347 952,1347 954,1347 956,1347 1038,1336 1460,1347 1462,1347 1524,1333 1524,1318 1524,1287 733,1287 733,1318"/>
        <Baseline points="733,1318 1524,1318"/>
        <TextEquiv conf="0.9801305672701668">
          <Unicode>t. 78. f. 749. — „Effectum iusta“.</Unicode>
        </TextEquiv>
      </TextLine>
      <TextLine id="eSc_line_f7370f0a" custom="structure {type:default;}">
        <Coords points="167,1380 167,1413 342,1431 344,1375 338,1322 165,1338 167,1380"/>
        <Baseline points="167,1380 344,1375"/>
        <TextEquiv conf="0.9629824995994568">
          <Unicode>„ 21.</Unicode>
        </TextEquiv>
      </TextLine>
      <TextLine id="eSc_line_2db33dbd" custom="structure {type:default;}">
        <Coords points="466,1391 466,1422 556,1408 556,1391 556,1333 466,1333 466,1391"/>
        <Baseline points="466,1391 556,1391"/>
        <TextEquiv conf="1.0">
          <Unicode>„</Unicode>
        </TextEquiv>
      </TextLine>
      <TextLine id="eSc_line_16ebbb73" custom="structure {type:default;}">
        <Coords points="684,1373 684,1395 2646,1397 2651,1369 2646,1336 682,1336 684,1373"/>
        <Baseline points="684,1373 2651,1369"/>
        <TextEquiv conf="0.9937347973265299">
          <Unicode>11181 M(auritio) episcopo Parisiensi mandat, moneat canonicos suos, ut in eligendo</Unicode>
        </TextEquiv>
      </TextLine>
      <TextLine id="eSc_line_5b54cbf4" custom="structure {type:default;}">
        <Coords points="733,1426 733,1448 2596,1444 2598,1422 2591,1393 731,1395 733,1426"/>
        <Baseline points="733,1426 2598,1422"/>
        <TextEquiv conf="0.9969078663148379">
          <Unicode>decano tandem conveniant. Loewenfeld Epistolae p. 137. — „Ex relatione tua“.</Unicode>
        </TextEquiv>
      </TextLine>
      <TextLine id="eSc_line_b44e4250" custom="structure {type:default;}">
        <Coords points="165,1492 170,1528 209,1503 251,1503 269,1514 280,1523 282,1523 285,1523 287,1523 289,1523 346,1503 346,1488 338,1419 302,1435 285,1424 285,1422 282,1422 280,1422 278,1422 276,1422 265,1424 216,1437 163,1433 165,1492"/>
        <Baseline points="165,1492 346,1488"/>
        <TextEquiv conf="0.9500410914421081">
          <Unicode>„ 21.</Unicode>
        </TextEquiv>
      </TextLine>
      <TextLine id="eSc_line_67c7be05" custom="structure {type:default;}">
        <Coords points="466,1501 466,1508 503,1523 505,1523 508,1523 510,1523 552,1503 552,1497 545,1433 461,1433 466,1501"/>
        <Baseline points="466,1501 552,1497"/>
        <TextEquiv conf="1.0">
          <Unicode>„</Unicode>
        </TextEquiv>
      </TextLine>
      <TextLine id="eSc_line_65138568" custom="structure {type:default;}">
        <Coords points="687,1481 687,1508 2649,1508 2649,1481 2649,1448 687,1444 687,1481"/>
        <Baseline points="687,1481 2649,1481"/>
        <TextEquiv conf="0.9975183762609958">
          <Unicode>11182 (7456) Henricum, archiepiscopum Remensem, constituit iudicem inter Agnetem</Unicode>
        </TextEquiv>
      </TextLine>
      <TextLine id="eSc_line_5dade081" custom="structure {type:default;}">
        <Coords points="733,1537 733,1561 2642,1565 2646,1532 2642,1503 731,1501 733,1537"/>
        <Baseline points="733,1537 2646,1532"/>
        <TextEquiv conf="0.9998823766197477">
          <Unicode>abbatissam sororesque S. Glodesindis (Metensis) et monachos S. Theobaldi de Vitreio.</Unicode>
        </TextEquiv>
      </TextLine>
      <TextLine id="eSc_line_a8757714" custom="structure {type:default;}">
        <Coords points="735,1594 735,1618 2649,1616 2651,1587 2646,1552 760,1550 757,1550 755,1550 733,1559 735,1594"/>
        <Baseline points="735,1594 2651,1587"/>
        <TextEquiv conf="0.9955169215798378">
          <Unicode>(Pro „XI. kal. Martias“ leg. „XI. kal. Maias“.) Martene Coll. II. 691, Migne 200</Unicode>
        </TextEquiv>
      </TextLine>
      <TextLine id="eSc_line_11ae87cf" custom="structure {type:default;}">
        <Coords points="733,1649 733,1667 766,1678 768,1678 771,1678 773,1678 775,1678 786,1667 788,1667 994,1667 996,1667 1029,1678 1031,1678 1034,1678 1113,1667 1124,1676 1124,1678 1126,1678 1129,1678 1131,1680 1212,1680 1212,1678 1402,1665 1416,1665 1429,1665 1652,1676 1654,1676 1657,1676 1699,1662 1699,1645 1694,1616 1226,1605 1224,1605 1221,1605 1219,1605 1201,1616 815,1607 813,1607 731,1618 733,1649"/>
        <Baseline points="733,1649 1699,1645"/>
        <TextEquiv conf="0.9988891054422427">
          <Unicode>p. 354. — „Ex conquestione dilectarum“.</Unicode>
        </TextEquiv>
      </TextLine>
      <TextLine id="eSc_line_b1b2e882" custom="structure {type:default;}">
        <Coords points="172,1709 174,1744 201,1731 300,1742 302,1742 304,1742 309,1742 446,1729 479,1740 481,1740 483,1740 486,1740 488,1740 505,1726 638,1737 642,1702 638,1658 554,1643 552,1643 550,1643 510,1654 494,1643 492,1643 490,1643 488,1643 486,1643 441,1654 428,1658 421,1654 395,1629 393,1629 391,1629 333,1629 331,1629 329,1629 287,1651 271,1660 240,1651 187,1636 185,1636 183,1636 181,1636 178,1636 170,1640 172,1709"/>
        <Baseline points="172,1709 642,1702"/>
        <TextEquiv conf="0.9965784682167901">
          <Unicode>„ 25. ap. S. Bene.</Unicode>
        </TextEquiv>
      </TextLine>
      <TextLine id="eSc_line_07bfe753" custom="structure {type:default;}">
        <Coords points="682,1702 682,1726 2649,1720 2651,1696 2646,1660 680,1660 682,1702"/>
        <Baseline points="682,1702 2651,1696"/>
        <TextEquiv conf="0.9997833878905685">
          <Unicode>11183 (7457) Ludovicum, Francorum regem, sicut „proxima secunda feria, quae prae-</Unicode>
        </TextEquiv>
      </TextLine>
      <TextLine id="eSc_line_dcd3b6aa" custom="structure {type:default;}">
        <Coords points="357,1762 357,1806 393,1806 395,1806 397,1806 397,1804 426,1784 552,1784 558,1788 578,1802 581,1802 583,1802 585,1802 587,1802 647,1777 647,1757 640,1726 355,1729 357,1762"/>
        <Baseline points="357,1762 647,1757"/>
        <TextEquiv conf="0.9999510645866394">
          <Unicode>dictum super</Unicode>
        </TextEquiv>
      </TextLine>
      <TextLine id="eSc_line_834bc0c5" custom="structure {type:default;}">
        <Coords points="735,1757 735,1779 2649,1777 2651,1753 2646,1724 733,1724 735,1757"/>
        <Baseline points="735,1757 2651,1753"/>
        <TextEquiv conf="0.9868275141993235">
          <Unicode>teriit (d. 19. m. Apr.) Parisiis“ viva voce rogaverat, sic nunc per litteras rogat, ut</Unicode>
        </TextEquiv>
      </TextLine>
      <TextLine id="eSc_line_7d9dee94" custom="structure {type:default;}">
        <Coords points="404,1817 404,1843 609,1837 609,1813 607,1784 561,1771 558,1771 556,1771 554,1771 510,1782 501,1784 490,1782 455,1773 452,1773 450,1773 402,1779 404,1817"/>
        <Baseline points="404,1817 609,1813"/>
        <TextEquiv conf="1.0">
          <Unicode>Ligerim</Unicode>
        </TextEquiv>
      </TextLine>
      <TextLine id="eSc_line_6cbb5421" custom="structure {type:default;}">
        <Coords points="737,1813 737,1835 2651,1835 2651,1813 2651,1782 737,1782 737,1813"/>
        <Baseline points="737,1813 2651,1813"/>
        <TextEquiv conf="0.9924768797958954">
          <Unicode>clerico cuidam unum ex archidiaconatibus Carnotensibus concedat. Duchesne Hist.</Unicode>
        </TextEquiv>
      </TextLine>
      <TextLine id="eSc_line_72c08552" custom="structure {type:default;}">
        <Coords points="733,1868 733,1892 2644,1888 2646,1863 2642,1832 1805,1821 1802,1821 1694,1832 1683,1835 731,1835 733,1868"/>
        <Baseline points="733,1868 2646,1863"/>
        <TextEquiv conf="0.9959836252530416">
          <Unicode>Fr. SS. IV. 625, Bouquet Rec. XV. 832, Mansi XXI. 1023, Migne 200 p. 354. —</Unicode>
        </TextEquiv>
      </TextLine>
      <TextLine id="eSc_line_5fca041b" custom="structure {type:default;}">
        <Coords points="733,1923 733,1943 1179,1938 1182,1919 1177,1885 731,1881 733,1923"/>
        <Baseline points="733,1923 1182,1919"/>
        <TextEquiv conf="0.9875187207670773">
          <Unicode>„Cum in proxima“.</Unicode>
        </TextEquiv>
      </TextLine>
      <TextLine id="eSc_line_737d4e9a" custom="structure {type:default;}">
        <Coords points="170,1985 172,2011 229,1998 344,2002 346,1978 340,1930 167,1932 170,1985"/>
        <Baseline points="170,1985 346,1978"/>
        <TextEquiv conf="0.9999979734420776">
          <Unicode>„ 28.</Unicode>
        </TextEquiv>
      </TextLine>
      <TextLine id="eSc_line_4df63262" custom="structure {type:default;}">
        <Coords points="397,1980 399,2075 439,2064 609,2069 612,1980 612,1932 397,1932 397,1980"/>
        <Baseline points="397,1980 612,1980"/>
        <TextEquiv conf="0.8865841371672494">
          <Unicode>piurcis</Unicode>
        </TextEquiv>
      </TextLine>
      <TextLine id="eSc_line_d1605c3d" custom="structure {type:default;}">
        <Coords points="682,1974 682,2007 2651,2000 2653,1969 2649,1938 680,1936 682,1974"/>
        <Baseline points="682,1974 2653,1969"/>
        <TextEquiv conf="0.9977761934785282">
          <Unicode>11184 (7458) Statuit, „ut in ecclesiis monasterii S. Petri Carnotensis, in quibus est</Unicode>
        </TextEquiv>
      </TextLine>
      <TextLine id="eSc_line_ebe6c41d" custom="structure {type:default;}">
        <Coords points="735,2031 735,2053 2649,2055 2653,2027 2649,1998 733,1994 735,2031"/>
        <Baseline points="735,2031 2653,2027"/>
        <TextEquiv conf="0.9998773532577708">
          <Unicode>quatuor vel quinque monachorum conventus, capellanis earum nullatenus liceat in</Unicode>
        </TextEquiv>
      </TextLine>
      <TextLine id="eSc_line_9ad0140f" custom="structure {type:default;}">
        <Coords points="735,2089 735,2111 2651,2108 2653,2082 2646,2053 733,2058 735,2089"/>
        <Baseline points="735,2089 2653,2082"/>
        <TextEquiv conf="0.9984954213484739">
          <Unicode>maiori altari missarum solempnia populo celebrare, sed chorum et magnum altare</Unicode>
        </TextEquiv>
      </TextLine>
      <TextLine id="eSc_line_fa67795d" custom="structure {type:default;}">
        <Coords points="735,2142 735,2164 2649,2170 2651,2142 2651,2111 735,2106 735,2142"/>
        <Baseline points="735,2142 2651,2142"/>
        <TextEquiv conf="0.9924519006596055">
          <Unicode>solis monachis reserventur“. Autogr. in ms. lat. 9221 bibl. nat. Paris. Dedit Delisle,</Unicode>
        </TextEquiv>
      </TextLine>
      <TextLine id="eSc_line_ee352ba5" custom="structure {type:default;}">
        <Coords points="733,2197 733,2221 2651,2212 2653,2188 2649,2159 731,2157 733,2197"/>
        <Baseline points="733,2197 2653,2188"/>
        <TextEquiv conf="0.993600738843282">
          <Unicode>(Collection des Cartulaires II. 650, Migne 200 p. 355). — „Pervenit ad nos“</Unicode>
        </TextEquiv>
      </TextLine>
      <TextLine id="eSc_line_3c8e3df6" custom="structure {type:default;}">
        <Coords points="733,2252 733,2272 746,2281 748,2281 751,2281 753,2281 861,2279 863,2279 866,2279 866,2276 874,2267 879,2265 910,2267 1003,2279 1005,2279 1239,2270 1241,2248 1239,2219 1197,2206 1195,2206 1193,2206 1190,2206 1188,2206 1173,2219 1031,2219 1000,2206 998,2206 996,2206 994,2206 992,2206 976,2219 779,2208 777,2208 775,2208 731,2221 733,2252"/>
        <Baseline points="733,2252 1241,2248"/>
        <TextEquiv conf="0.9782223279277483">
          <Unicode>(„Nos . . . statuimus“).</Unicode>
        </TextEquiv>
      </TextLine>
      <TextLine id="eSc_line_65c20f1b" custom="structure {type:default;}">
        <Coords points="167,2312 167,2327 346,2325 346,2307 340,2256 165,2259 167,2312"/>
        <Baseline points="167,2312 346,2307"/>
        <TextEquiv conf="0.9999882221221924">
          <Unicode>„ 29.</Unicode>
        </TextEquiv>
      </TextLine>
      <TextLine id="eSc_line_584eee2a" custom="structure {type:default;}">
        <Coords points="470,2320 466,2389 561,2389 565,2325 565,2259 472,2261 470,2320"/>
        <Baseline points="470,2320 565,2325"/>
        <TextEquiv conf="0.9999997615814209">
          <Unicode>„</Unicode>
        </TextEquiv>
      </TextLine>
      <TextLine id="eSc_line_0f4d4ac8" custom="structure {type:default;}">
        <Coords points="689,2305 689,2329 2651,2332 2653,2305 2651,2259 689,2265 689,2305"/>
        <Baseline points="689,2305 2653,2305"/>
        <TextEquiv conf="0.9943200491368771">
          <Unicode>11185 (7459) Theubaldo, nobili viro, ecclesiam Bonaevallensem et Walterum, novum</Unicode>
        </TextEquiv>
      </TextLine>
      <TextLine id="eSc_line_129b7cb7" custom="structure {type:default;}">
        <Coords points="737,2358 735,2376 806,2389 808,2389 1418,2382 1668,2380 1732,2385 1811,2391 1813,2393 2649,2393 2651,2362 2646,2323 737,2323 737,2358"/>
        <Baseline points="737,2358 2651,2362"/>
        <TextEquiv conf="0.9939524980440532">
          <Unicode>abbatem, commendat. Duchesne Hist. Fr. SS. IV. 608, Bouquet Rec. XV. 832,</Unicode>
        </TextEquiv>
      </TextLine>
      <TextLine id="eSc_line_0838ac74" custom="structure {type:default;}">
        <Coords points="735,2418 735,2435 1060,2435 1067,2435 1126,2446 1129,2446 1131,2446 1133,2446 1151,2435 1155,2435 1243,2446 1246,2446 1299,2435 1301,2435 1303,2435 1429,2446 1431,2446 1433,2446 1467,2433 1469,2433 1473,2433 1497,2444 1500,2444 1502,2444 1577,2433 1588,2433 1670,2433 1672,2433 1683,2444 1685,2444 1687,2444 1690,2446 2010,2446 2010,2444 2012,2444 2037,2433 2072,2444 2074,2444 2076,2444 2079,2444 2129,2431 2129,2413 2125,2382 1718,2369 1716,2369 1714,2369 1692,2380 1504,2371 1502,2371 1409,2382 1360,2371 1358,2371 1356,2371 1217,2382 1164,2371 1162,2371 1159,2371 1137,2382 1047,2371 1045,2371 1042,2371 1014,2382 1000,2371 998,2371 996,2371 866,2371 863,2371 861,2371 832,2382 753,2371 751,2371 748,2371 746,2371 733,2380 735,2418"/>
        <Baseline points="735,2418 2129,2413"/>
        <TextEquiv conf="0.9922104392732892">
          <Unicode>Mansi XXI. 999, Migne 200 p. 355. — „Religiosa loca et“.</Unicode>
        </TextEquiv>
      </TextLine>
      <TextLine id="eSc_line_aa7fba82" custom="structure {type:default;}">
        <Coords points="136,2473 136,2546 192,2546 192,2544 194,2544 196,2544 223,2521 265,2484 309,2497 313,2497 315,2497 318,2497 320,2497 351,2484 351,2466 346,2424 134,2413 136,2473"/>
        <Baseline points="136,2473 351,2466"/>
        <TextEquiv conf="0.9837631498064313">
          <Unicode>Rai. 7.</Unicode>
        </TextEquiv>
      </TextLine>
      <TextLine id="eSc_line_28e418d7" custom="structure {type:default;}">
        <Coords points="468,2484 463,2566 486,2574 488,2574 490,2574 492,2574 558,2550 563,2488 561,2426 468,2431 468,2484"/>
        <Baseline points="468,2484 563,2488"/>
        <TextEquiv conf="0.9999955892562866">
          <Unicode>„</Unicode>
        </TextEquiv>
      </TextLine>
      <TextLine id="eSc_line_8e603f9b" custom="structure {type:default;}">
        <Coords points="687,2471 687,2495 2651,2488 2653,2464 2646,2426 684,2429 687,2471"/>
        <Baseline points="687,2471 2653,2464"/>
        <TextEquiv conf="0.9954931706190109">
          <Unicode>11186 (7460) Abbatem S. Remigii Remensem hortatur, ut priori S. Mauritii posses-</Unicode>
        </TextEquiv>
      </TextLine>
      <TextLine id="eSc_line_205bb38e" custom="structure {type:default;}">
        <Coords points="735,2526 735,2550 2651,2548 2653,2519 2649,2491 2118,2479 2116,2479 2021,2491 2008,2493 733,2493 735,2526"/>
        <Baseline points="735,2526 2653,2519"/>
        <TextEquiv conf="0.9998193558974143">
          <Unicode>sionem quandam restituat. Martene Coll. II. 666, Migne 200 p. 355. — „Dilectus</Unicode>
        </TextEquiv>
      </TextLine>
      <TextLine id="eSc_line_b292e10f" custom="structure {type:default;}">
        <Coords points="733,2581 733,2597 843,2608 846,2608 848,2608 850,2608 863,2597 877,2608 879,2608 881,2608 883,2608 1049,2592 1051,2577 1049,2550 1018,2537 1016,2537 1014,2537 885,2550 753,2539 751,2539 748,2539 746,2539 731,2548 733,2581"/>
        <Baseline points="733,2581 1051,2577"/>
        <TextEquiv conf="0.999795701354742">
          <Unicode>fillius noster“.</Unicode>
        </TextEquiv>
      </TextLine>
      <TextLine id="eSc_line_7b729b2f" custom="structure {type:default;}">
        <Coords points="172,2641 172,2709 351,2709 351,2636 344,2577 254,2590 170,2581 172,2641"/>
        <Baseline points="172,2641 351,2636"/>
        <TextEquiv conf="0.9969172239303589">
          <Unicode>„ 13.</Unicode>
        </TextEquiv>
      </TextLine>
      <TextLine id="eSc_line_3ac9753b" custom="structure {type:default;}">
        <Coords points="470,2652 472,2720 563,2720 563,2647 556,2566 497,2552 494,2552 492,2552 466,2566 470,2652"/>
        <Baseline points="470,2652 563,2647"/>
        <TextEquiv conf="0.9999980926513672">
          <Unicode>„</Unicode>
        </TextEquiv>
      </TextLine>
      <TextLine id="eSc_line_055fcf23" custom="structure {type:default;}">
        <Coords points="689,2638 689,2663 2649,2663 2651,2627 2646,2592 709,2590 707,2590 704,2590 702,2590 687,2597 689,2638"/>
        <Baseline points="689,2638 2651,2627"/>
        <TextEquiv conf="0.9949105331083623">
          <Unicode>11187 (7461) Monasterium Rigniacense tuendum suscipit et eius possessiones ac iura</Unicode>
        </TextEquiv>
      </TextLine>
      <TextLine id="eSc_line_c8daccd6" custom="structure {type:default;}">
        <Coords points="737,2689 737,2711 2646,2716 2651,2683 2644,2654 735,2658 737,2689"/>
        <Baseline points="737,2689 2651,2683"/>
        <TextEquiv conf="0.998885548267609">
          <Unicode>confirmat, petente Ascelino abbate. Gall. Chr. XII. 129, Quantin Cart. gén. de</Unicode>
        </TextEquiv>
      </TextLine>
      <TextLine id="eSc_line_14ef14e8" custom="structure {type:default;}">
        <Coords points="733,2744 733,2767 2357,2762 2359,2740 2355,2711 751,2703 748,2703 746,2703 744,2703 731,2709 733,2744"/>
        <Baseline points="733,2744 2359,2740"/>
        <TextEquiv conf="0.9999393883036144">
          <Unicode>IVonne II. 171, Migne 200 p. 356. — „Religiosis desideriis dignum“.</Unicode>
        </TextEquiv>
      </TextLine>
      <TextLine id="eSc_line_f2905961" custom="structure {type:default;}">
        <Coords points="174,2804 174,2826 346,2826 346,2797 340,2744 170,2744 174,2804"/>
        <Baseline points="174,2804 346,2797"/>
        <TextEquiv conf="0.9999231338500977">
          <Unicode>„ 12.</Unicode>
        </TextEquiv>
      </TextLine>
      <TextLine id="eSc_line_9020ba78" custom="structure {type:default;}">
        <Coords points="470,2813 468,2826 558,2831 563,2817 565,2749 472,2749 470,2813"/>
        <Baseline points="470,2813 563,2817"/>
        <TextEquiv conf="0.9997244477272034">
          <Unicode>„</Unicode>
        </TextEquiv>
      </TextLine>
      <TextLine id="eSc_line_a67440cf" custom="structure {type:default;}">
        <Coords points="689,2797 689,2822 2653,2822 2653,2797 2653,2769 689,2758 689,2797"/>
        <Baseline points="689,2797 2653,2797"/>
        <TextEquiv conf="0.9891831569373608">
          <Unicode>11188 (7462) Monasterium Boni-montis tuendum suscipit, eiusque bona ac iura con-</Unicode>
        </TextEquiv>
      </TextLine>
      <TextLine id="eSc_line_0b998746" custom="structure {type:default;}">
        <Coords points="737,2855 737,2879 2646,2881 2651,2850 2644,2820 735,2822 737,2855"/>
        <Baseline points="737,2855 2651,2850"/>
        <TextEquiv conf="0.9974687121532582">
          <Unicode>firmat, petente Iohanne abbate. Hist. Patr. Mon. Chart. I. 831, Migne 200 p. 359.</Unicode>
        </TextEquiv>
      </TextLine>
      <TextLine id="eSc_line_79bb40ba" custom="structure {type:default;}">
        <Coords points="742,2903 740,2921 824,2937 826,2937 1082,2926 1135,2939 1137,2939 1140,2939 1425,2926 1427,2908 1425,2873 742,2864 742,2903"/>
        <Baseline points="742,2903 1427,2908"/>
        <TextEquiv conf="0.9879580859480233">
          <Unicode>— „Religiosis votis annuere“.</Unicode>
        </TextEquiv>
      </TextLine>
      <TextLine id="eSc_line_dd83ef9d" custom="structure {type:default;}">
        <Coords points="174,2968 176,2994 225,2983 269,2992 298,2998 300,2998 351,2990 351,2963 346,2923 172,2917 174,2968"/>
        <Baseline points="174,2968 351,2963"/>
        <TextEquiv conf="0.9986847639083862">
          <Unicode>„ 13.</Unicode>
        </TextEquiv>
      </TextLine>
      <TextLine id="eSc_line_ad1dd508" custom="structure {type:default;}">
        <Coords points="468,2979 468,3027 499,3029 501,3029 503,3029 505,3029 570,2990 570,2974 565,2941 494,2928 492,2928 490,2928 466,2941 468,2979"/>
        <Baseline points="468,2979 570,2974"/>
        <TextEquiv conf="1.0">
          <Unicode>„</Unicode>
        </TextEquiv>
      </TextLine>
      <TextLine id="eSc_line_3728273d" custom="structure {type:default;}">
        <Coords points="689,2965 689,2987 2651,2981 2653,2959 2649,2926 715,2919 713,2919 711,2919 687,2928 689,2965"/>
        <Baseline points="689,2965 2653,2959"/>
        <TextEquiv conf="0.9994539292085738">
          <Unicode>11189 (7463) Ecclesiae S. Marci Venetae possessiones confirmat, rogatu Vitalis ducis</Unicode>
        </TextEquiv>
      </TextLine>
      <TextLine id="eSc_line_3666a6dc" custom="structure {type:default;}">
        <Coords points="742,3016 742,3040 2649,3047 2651,3016 2651,2987 742,2985 742,3016"/>
        <Baseline points="742,3016 2651,3016"/>
        <TextEquiv conf="0.9860049376542541">
          <Unicode>et civium Venetorum. Cornelii Eccl. Venet. X. II. 219, Fontes Rer. Austr. II. XII. 145,</Unicode>
        </TextEquiv>
      </TextLine>
      <TextLine id="eSc_line_0f03205c" custom="structure {type:default;}">
        <Coords points="742,3071 742,3098 2649,3093 2651,3065 2644,3034 740,3036 742,3071"/>
        <Baseline points="742,3071 2651,3065"/>
        <TextEquiv conf="0.9966385161175447">
          <Unicode>Migne 200 p. 362. — „Piae postulatio voluntatis effectu“ („Pie postulationis effectu“</Unicode>
        </TextEquiv>
      </TextLine>
      <TextLine id="eSc_line_33bb70cf" custom="structure {type:default;}">
        <Coords points="740,3129 740,3153 1140,3146 1142,3122 1137,3091 737,3091 740,3129"/>
        <Baseline points="740,3129 1142,3122"/>
        <TextEquiv conf="0.9999958607885573">
          <Unicode>„Praepostulatio“.)</Unicode>
        </TextEquiv>
      </TextLine>
      <TextLine id="eSc_line_37289032" custom="structure {type:default;}">
        <Coords points="178,3182 178,3208 353,3197 353,3175 349,3131 174,3127 178,3182"/>
        <Baseline points="178,3182 353,3175"/>
        <TextEquiv conf="1.0">
          <Unicode>„ 15.</Unicode>
        </TextEquiv>
      </TextLine>
      <TextLine id="eSc_line_c9e758e6" custom="structure {type:default;}">
        <Coords points="466,3248 572,3261 574,3197 572,3133 503,3142 468,3131 466,3197 466,3248"/>
        <Baseline points="466,3197 574,3197"/>
        <TextEquiv conf="1.0">
          <Unicode>„</Unicode>
        </TextEquiv>
      </TextLine>
      <TextLine id="eSc_line_01aaef73" custom="structure {type:default;}">
        <Coords points="691,3177 689,3197 2646,3206 2651,3184 2649,3144 691,3142 691,3177"/>
        <Baseline points="691,3177 2651,3184"/>
        <TextEquiv conf="0.9996568988351261">
          <Unicode>11190 (7464) Templarios in Lugdunensi et Cabilonensi episcopatibus morantes hortatur,</Unicode>
        </TextEquiv>
      </TextLine>
      <TextLine id="eSc_line_a871b98c" custom="structure {type:default;}">
        <Coords points="742,3237 742,3259 2651,3255 2653,3233 2646,3204 740,3206 742,3237"/>
        <Baseline points="742,3237 2653,3233"/>
        <TextEquiv conf="0.9998414872623071">
          <Unicode>ut cum fratribus Trenorciensibus de decimis quibusdam monasterio subtractis trans-</Unicode>
        </TextEquiv>
      </TextLine>
      <TextLine id="eSc_line_2eb79206" custom="structure {type:default;}">
        <Coords points="742,3290 742,3316 2649,3319 2653,3286 2649,3257 755,3248 753,3248 751,3248 748,3248 740,3255 742,3290"/>
        <Baseline points="742,3290 2653,3286"/>
        <TextEquiv conf="0.9922248873955164">
          <Unicode>igant. Iuenin Nouv. hist. de Tournus Pr. p. 167, Migne 200 p. 363. — „Ex parte</Unicode>
        </TextEquiv>
      </TextLine>
      <TextLine id="eSc_line_0040c55f" custom="structure {type:default;}">
        <Coords points="740,3345 740,3361 846,3372 848,3372 958,3356 961,3341 954,3308 737,3310 740,3345"/>
        <Baseline points="740,3345 961,3341"/>
        <TextEquiv conf="1.0">
          <Unicode>fratrum“.</Unicode>
        </TextEquiv>
      </TextLine>
      <TextLine id="eSc_line_6ccb4a89" custom="structure {type:default;}">
        <Coords points="174,3403 174,3462 357,3471 360,3398 353,3347 172,3350 174,3403"/>
        <Baseline points="174,3403 360,3398"/>
        <TextEquiv conf="0.9908032059669495">
          <Unicode>„ 18.</Unicode>
        </TextEquiv>
      </TextLine>
      <TextLine id="eSc_line_91da5077" custom="structure {type:default;}">
        <Coords points="461,3411 461,3471 567,3478 570,3411 570,3354 461,3352 461,3411"/>
        <Baseline points="461,3411 570,3411"/>
        <TextEquiv conf="1.0">
          <Unicode>„</Unicode>
        </TextEquiv>
      </TextLine>
      <TextLine id="eSc_line_9ff0642b" custom="structure {type:default;}">
        <Coords points="691,3398 691,3440 839,3420 1447,3431 1449,3431 1692,3422 1758,3431 1807,3436 1809,3436 1811,3436 1831,3429 1849,3425 1855,3429 1864,3436 1866,3436 1869,3436 1871,3436 1964,3429 2014,3425 2061,3427 2182,3436 2185,3436 2187,3436 2224,3425 2251,3418 2264,3425 2277,3431 2280,3431 2282,3431 2284,3431 2304,3425 2313,3422 2317,3425 2333,3436 2335,3436 2337,3436 2339,3438 2492,3438 2492,3436 2649,3420 2651,3394 2646,3361 733,3352 731,3352 729,3352 689,3363 691,3398"/>
        <Baseline points="691,3398 2651,3394"/>
        <TextEquiv conf="0.9956551817641861">
          <Unicode>11191 Abbatiae S. Mariae Blesensis tutelam suscipit, possessionesque et privilegia con-</Unicode>
        </TextEquiv>
      </TextLine>
      <TextLine id="eSc_line_e5b3d046" custom="structure {type:default;}">
        <Coords points="742,3449 740,3473 914,3491 916,3491 1060,3480 1093,3478 1109,3480 1146,3489 1148,3489 1151,3489 1175,3482 1188,3478 1310,3484 1418,3489 1420,3489 1449,3486 1497,3480 1542,3486 1588,3495 1590,3495 1592,3495 1615,3489 1643,3480 1661,3489 1665,3491 1668,3491 1670,3491 1690,3489 1780,3480 1818,3491 1829,3495 1831,3495 1833,3495 1836,3495 1847,3493 1884,3480 1957,3493 2012,3504 2014,3504 2355,3502 2357,3502 2364,3500 2425,3482 2489,3502 2496,3504 2498,3504 2501,3506 2646,3506 2649,3456 2646,3418 742,3418 742,3449"/>
        <Baseline points="742,3449 2649,3456"/>
        <TextEquiv conf="0.99931043530085">
          <Unicode>firmat, petente Ivysano abbate. Cartul. de Burgo-medio Bles., Coll. Housseau 12. I.</Unicode>
        </TextEquiv>
      </TextLine>
      <TextLine id="eSc_line_6ef8669a" custom="structure {type:default;}">
        <Coords points="744,3509 746,3577 790,3564 804,3575 804,3577 806,3577 808,3577 810,3579 1014,3579 1014,3577 1016,3577 1018,3577 1034,3564 1184,3575 1186,3575 1188,3575 1226,3562 1288,3562 1301,3573 1301,3575 1303,3575 1305,3575 1307,3575 1310,3575 1312,3575 1332,3562 1385,3575 1387,3575 1389,3575 1391,3575 1394,3575 1409,3562 1577,3575 1579,3504 1575,3473 762,3467 760,3467 757,3467 755,3467 742,3473 744,3509"/>
        <Baseline points="744,3509 1579,3504"/>
        <TextEquiv conf="0.9845341758595573">
          <Unicode>f. 76. — „Religiosis votis annuere“.</Unicode>
        </TextEquiv>
      </TextLine>
    </TextRegion>
    <TextRegion id="eSc_textblock_5061cdc5"  custom="structure {type:default;}">
      <Coords points="930,159 1851,167 1860,245 910,262 892,203 930,159"/>
      <TextLine id="eSc_line_e1d76e5b" custom="structure {type:default;}">
        <Coords points="1577,163 1557,163 1548,172 1431,172 1391,161 1378,161 1365,161 1332,174 1257,161 1254,161 1095,172 1084,163 1084,161 1082,161 1080,161 969,161 967,161 965,161 914,176 916,229 916,249 1840,245 1842,225 1838,174 1623,174 1586,163 1577,163"/>
        <Baseline points="916,229 1842,225"/>
        <TextEquiv conf="0.9997959685325623">
          <Unicode>ALEXANDER III. 1159—1181.</Unicode>
        </TextEquiv>
      </TextLine>
    </TextRegion>
    <TextRegion id="eSc_textblock_6fb2ae70"  custom="structure {type:default;}">
      <Coords points="2562,159 2688,176 2688,236 2523,262 2505,194 2562,159"/>
      <TextLine id="eSc_line_73d19694" custom="structure {type:default;}">
        <Coords points="2591,163 2571,159 2531,174 2527,178 2529,229 2529,249 2644,251 2646,225 2642,172 2607,163 2591,163"/>
        <Baseline points="2529,229 2646,225"/>
        <TextEquiv conf="0.9999180833498637">
          <Unicode>191</Unicode>
        </TextEquiv>
      </TextLine>
    </TextRegion>
  </Page>
</PcGts>
