<?xml version="1.0" encoding="UTF-8"  standalone="yes"?>
<PcGts xmlns="http://schema.primaresearch.org/PAGE/gts/pagecontent/2019-07-15" xmlns:xsi="http://www.w3.org/2001/XMLSchema-instance" xsi:schemaLocation="http://schema.primaresearch.org/PAGE/gts/pagecontent/2019-07-15 http://schema.primaresearch.org/PAGE/gts/pagecontent/2019-07-15/pagecontent.xsd">
  <Metadata>
	<Creator>escriptorium</Creator>
	<Created>2024-07-19T10:07:43.446853+00:00</Created>
        <LastChange>2024-08-08T08:32:23.154069+00:00</LastChange>
  </Metadata>
  <Page imageFilename="0206.png" imageWidth="3007" imageHeight="3975">
    <TextRegion id="eSc_textblock_a199baf3"  custom="structure {type:default;}">
      <Coords points="419,318 2697,326 2697,3177 2671,3548 2434,3548 2370,3601 2185,3548 114,3584 114,1687 88,1472 114,1325 70,609 150,326 342,326 377,353 419,318"/>
      <TextLine id="eSc_line_8557e358" custom="structure {type:default;}">
        <Coords points="2196,324 2174,324 2151,324 2129,324 2107,322 2085,322 2063,322 2041,322 2019,322 1997,322 1975,322 1953,322 1931,322 1908,322 1886,322 1864,322 1842,322 1820,322 1798,322 1776,322 1754,322 1732,322 1710,322 1687,322 1665,322 1654,322 1643,322 1621,322 1599,322 1577,322 1555,322 1548,320 1531,324 1330,320 1312,320 1290,320 1268,320 1246,320 1224,320 1201,320 1179,320 1157,320 1135,320 1113,320 1106,320 1075,329 662,320 660,320 658,320 656,320 656,322 649,326 651,377 651,406 1356,395 1442,404 1460,406 1462,406 1478,404 1557,393 1712,404 1734,404 1736,404 1738,404 1741,404 1765,390 1964,401 1977,401 1979,401 1981,401 1984,401 1999,388 2200,399 2202,362 2198,324 2196,324"/>
        <Baseline points="651,377 2202,362"/>
        <TextEquiv conf="0.9870978878891986">
          <Unicode>1165. (Ind. 13. pont. a. 6. — 20. Sept. — 7, 1164. — 25. Mart. 1165.)</Unicode>
        </TextEquiv>
      </TextLine>
      <TextLine id="eSc_line_09bd7535" custom="structure {type:default;}">
        <Coords points="733,437 733,459 2644,454 2646,430 2640,390 731,395 733,437"/>
        <Baseline points="733,437 2646,430"/>
        <TextEquiv conf="0.997552885685438">
          <Unicode>ecclesias vero et ecclesiasticas personas tam regni, quam terrae suae, nec per se</Unicode>
        </TextEquiv>
      </TextLine>
      <TextLine id="eSc_line_e1da0a09" custom="structure {type:default;}">
        <Coords points="733,492 733,521 2644,507 2646,485 2640,457 731,461 733,492"/>
        <Baseline points="733,492 2646,485"/>
        <TextEquiv conf="0.9944980917153535">
          <Unicode>gravet, nec a quoquam gravari patiatur“. Mandat, „ut denarium b. Petri praesentis</Unicode>
        </TextEquiv>
      </TextLine>
      <TextLine id="eSc_line_cbe1e4a6" custom="structure {type:default;}">
        <Coords points="733,547 733,569 2644,565 2646,541 2640,512 731,516 733,547"/>
        <Baseline points="733,547 2646,541"/>
        <TextEquiv conf="0.9972784489761164">
          <Unicode>anni per totam Angliam fideliter recolligi faciat“. Rogat, ut quousque praedictum</Unicode>
        </TextEquiv>
      </TextLine>
      <TextLine id="eSc_line_0a128aaa" custom="structure {type:default;}">
        <Coords points="733,600 733,624 2644,620 2646,596 2640,563 731,571 733,600"/>
        <Baseline points="733,600 2646,596"/>
        <TextEquiv conf="0.9896057698615762">
          <Unicode>denarium recolligat, de pecunia sua, vel aliunde mutuo acquisita, ipsi interim studeat</Unicode>
        </TextEquiv>
      </TextLine>
      <TextLine id="eSc_line_8b62b13d" custom="structure {type:default;}">
        <Coords points="735,658 735,682 2644,677 2646,651 2642,622 2014,611 2012,611 2010,611 2008,611 1997,622 1995,624 733,624 735,658"/>
        <Baseline points="735,658 2646,651"/>
        <TextEquiv conf="0.9995287227076154">
          <Unicode>utiliter providere, et illam infra proximas kalendas Augustas sibi transmittat, eandem</Unicode>
        </TextEquiv>
      </TextLine>
      <TextLine id="eSc_line_78bc7ddf" custom="structure {type:default;}">
        <Coords points="735,711 735,737 1604,739 1606,739 1621,737 1699,728 1791,737 1809,739 1811,739 1824,737 1886,728 1966,737 1981,739 1984,739 2006,737 2134,726 2204,737 2207,737 2280,726 2642,737 2646,704 2640,673 733,677 735,711"/>
        <Baseline points="735,711 2646,704"/>
        <TextEquiv conf="0.994007713654462">
          <Unicode>postea de memorato denario recepturus“. (Pro: „VI. id. Iulii“ leg.: „VI. id. Iunii“.)</Unicode>
        </TextEquiv>
      </TextLine>
      <TextLine id="eSc_line_5678729f" custom="structure {type:default;}">
        <Coords points="735,766 735,795 2649,792 2651,759 2644,728 733,733 735,766"/>
        <Baseline points="735,766 2651,759"/>
        <TextEquiv conf="0.9897406054170508">
          <Unicode>Epist. S. Thomae ed. Lupus p. 56, ed. Giles II. 96, Migne 200 p. 373, (Mansi</Unicode>
        </TextEquiv>
      </TextLine>
      <TextLine id="eSc_line_ecdb3aa4" custom="structure {type:default;}">
        <Coords points="737,823 737,841 1617,836 1619,819 1617,790 1588,777 1586,777 1584,777 1581,777 1548,788 735,783 737,823"/>
        <Baseline points="737,823 1619,819"/>
        <TextEquiv conf="0.9934316403938063">
          <Unicode>XXI. 877). — „A memoria tua non“.</Unicode>
        </TextEquiv>
      </TextLine>
      <TextLine id="eSc_line_2adb698b" custom="structure {type:default;}">
        <Coords points="682,881 682,898 2653,894 2653,872 2649,836 680,836 682,881"/>
        <Baseline points="682,881 2653,872"/>
        <TextEquiv conf="0.9867506011938437">
          <Unicode>11206 (7477) Henricum, Anglorum regem, reprehendit, quod „iudicia clericorum a</Unicode>
        </TextEquiv>
      </TextLine>
      <TextLine id="eSc_line_25c4cfb2" custom="structure {type:default;}">
        <Coords points="119,885 119,925 231,925 231,923 234,923 236,923 236,920 251,907 357,907 371,918 371,920 373,920 375,920 377,920 534,909 638,918 640,881 634,825 543,839 508,828 505,828 503,828 497,828 360,843 245,843 234,832 229,828 227,828 225,828 223,828 117,834 119,885"/>
        <Baseline points="119,885 640,881"/>
        <TextEquiv conf="0.9925460815429688">
          <Unicode>(lun.) (ap. Clarum-</Unicode>
        </TextEquiv>
      </TextLine>
      <TextLine id="eSc_line_db6f325b" custom="structure {type:default;}">
        <Coords points="735,934 735,954 2646,960 2651,929 2646,898 733,894 735,934"/>
        <Baseline points="735,934 2651,929"/>
        <TextEquiv conf="0.9962788669542334">
          <Unicode>laicorum iudiciis diversa pervertat, et quae sint lesu Christi, suae potestati usurpet,</Unicode>
        </TextEquiv>
      </TextLine>
      <TextLine id="eSc_line_c3414a6b" custom="structure {type:default;}">
        <Coords points="399,940 399,971 616,976 618,934 612,905 397,909 399,940"/>
        <Baseline points="399,940 618,934"/>
        <TextEquiv conf="0.9999963385718209">
          <Unicode>montem)</Unicode>
        </TextEquiv>
      </TextLine>
      <TextLine id="eSc_line_3d8f6ddd" custom="structure {type:default;}">
        <Coords points="735,987 735,1011 2651,1004 2653,980 2646,951 733,954 735,987"/>
        <Baseline points="735,987 2653,980"/>
        <TextEquiv conf="0.9948308828436299">
          <Unicode>novas leges ad oppressionem ecclesiarum et Christi pauperum condat, consuetudines</Unicode>
        </TextEquiv>
      </TextLine>
      <TextLine id="eSc_line_f39ac747" custom="structure {type:default;}">
        <Coords points="737,1040 737,1062 2649,1068 2653,1035 2646,1009 735,1011 737,1040"/>
        <Baseline points="737,1040 2653,1035"/>
        <TextEquiv conf="0.9955148123204708">
          <Unicode>etiam, quas avitas vocet, inducat“. Haec addit: „Si autem universa, quae in usus</Unicode>
        </TextEquiv>
      </TextLine>
      <TextLine id="eSc_line_74b8cbe0" custom="structure {type:default;}">
        <Coords points="740,1095 740,1119 2651,1115 2653,1090 2649,1060 737,1060 740,1095"/>
        <Baseline points="740,1095 2653,1090"/>
        <TextEquiv conf="0.9989763902766364">
          <Unicode>tuos per huiusmodi angarias de bonis ecclesiasticis convertuntur, in refectione pau-</Unicode>
        </TextEquiv>
      </TextLine>
      <TextLine id="eSc_line_46a08356" custom="structure {type:default;}">
        <Coords points="740,1154 740,1188 821,1174 1135,1174 1179,1185 1184,1185 1186,1185 1188,1185 1190,1185 1195,1185 1224,1172 1239,1183 1241,1183 1243,1183 1246,1183 2653,1170 2655,1146 2651,1117 737,1117 740,1154"/>
        <Baseline points="740,1154 2655,1146"/>
        <TextEquiv conf="0.9996266859142404">
          <Unicode>perum vel aliis operibus pietatis expenderes, obsequium non magis Deo gratum</Unicode>
        </TextEquiv>
      </TextLine>
      <TextLine id="eSc_line_6a068aeb" custom="structure {type:default;}">
        <Coords points="737,1207 737,1232 2651,1223 2653,1199 2646,1170 735,1177 737,1207"/>
        <Baseline points="737,1207 2653,1199"/>
        <TextEquiv conf="0.9983270456051004">
          <Unicode>efficeres, quam si, altari quolibet discooperto, aliud cooperires, aut si Petrum cruci-</Unicode>
        </TextEquiv>
      </TextLine>
      <TextLine id="eSc_line_ce8cea05" custom="structure {type:default;}">
        <Coords points="740,1263 740,1294 870,1283 1422,1291 1425,1291 1785,1280 2649,1289 2653,1258 2649,1227 755,1221 753,1221 751,1221 748,1221 737,1227 740,1263"/>
        <Baseline points="740,1263 2653,1258"/>
        <TextEquiv conf="0.9957273013708068">
          <Unicode>figeres, ut Paulum a mortis periculo liberares“. Epist. S. Thomae ed. Lupus p. 67,</Unicode>
        </TextEquiv>
      </TextLine>
      <TextLine id="eSc_line_7bd88792" custom="structure {type:default;}">
        <Coords points="740,1313 737,1333 755,1344 757,1344 760,1344 762,1347 2651,1347 2653,1318 2653,1287 2629,1274 2626,1274 2624,1274 2543,1285 2520,1274 2518,1274 2516,1274 2514,1274 2474,1285 2428,1274 2425,1274 2423,1274 2034,1285 2014,1285 2010,1285 1944,1274 1942,1274 1851,1285 1844,1285 1838,1285 1785,1274 1782,1274 1780,1274 1778,1274 1763,1285 1752,1285 1643,1272 1641,1272 1639,1272 1601,1285 1509,1285 1458,1285 1455,1283 1438,1272 1436,1272 1433,1272 1431,1272 1376,1283 1334,1272 1332,1272 1330,1272 1327,1272 1303,1283 1301,1283 1208,1272 1206,1272 1204,1272 1175,1283 1173,1283 1162,1283 996,1272 994,1272 992,1272 961,1283 956,1283 945,1283 857,1272 855,1272 852,1272 850,1272 837,1283 832,1283 740,1283 740,1313"/>
        <Baseline points="740,1313 2653,1318"/>
        <TextEquiv conf="0.9929559953510761">
          <Unicode>ed. Giles II. 115, Rog. de Hov. ap. Savile R. A. SS. p. 286“, ed. Stubbs I. 241.</Unicode>
        </TextEquiv>
      </TextLine>
      <TextLine id="eSc_line_8e41051f" custom="structure {type:default;}">
        <Coords points="746,1371 746,1395 2571,1389 2573,1366 2569,1336 744,1331 746,1371"/>
        <Baseline points="746,1371 2573,1366"/>
        <TextEquiv conf="0.9996712843577067">
          <Unicode>Wilkins Conc. I. 443, Mansi XXI. 875, Migne 200 p. 375. — „Etsi circa nos“.</Unicode>
        </TextEquiv>
      </TextLine>
      <TextLine id="eSc_line_96b8522f" custom="structure {type:default;}">
        <Coords points="687,1428 687,1448 2657,1448 2657,1422 2651,1386 1802,1393 1794,1391 1778,1382 1776,1382 1774,1382 1721,1391 1701,1393 1676,1391 1595,1382 1592,1382 1590,1382 1588,1382 1575,1391 1570,1395 1438,1395 1425,1393 1343,1382 1341,1382 1338,1382 1301,1393 1290,1397 1100,1397 1095,1395 1069,1384 1067,1384 740,1384 737,1384 684,1395 687,1428"/>
        <Baseline points="687,1428 2657,1422"/>
        <TextEquiv conf="0.997347499853299">
          <Unicode>11207 (7478) Thomam, archiepiscopum Cantuariensem, rogat, „quoniam dies mali sint</Unicode>
        </TextEquiv>
      </TextLine>
      <TextLine id="eSc_line_91f942fa" custom="structure {type:default;}">
        <Coords points="143,1437 141,1470 243,1472 247,1442 245,1404 220,1404 220,1400 209,1386 207,1386 207,1384 205,1384 203,1384 201,1384 143,1391 143,1437"/>
        <Baseline points="143,1437 247,1442"/>
        <TextEquiv conf="0.9999998013178507">
          <Unicode>(„)</Unicode>
        </TextEquiv>
      </TextLine>
      <TextLine id="eSc_line_ada8d2a5" custom="structure {type:default;}">
        <Coords points="463,1437 468,1484 481,1472 499,1477 536,1484 539,1484 541,1484 543,1484 581,1461 581,1437 581,1406 501,1389 499,1389 497,1389 463,1404 463,1437"/>
        <Baseline points="463,1437 581,1437"/>
        <TextEquiv conf="0.9999999602635702">
          <Unicode>(„)</Unicode>
        </TextEquiv>
      </TextLine>
      <TextLine id="eSc_line_a2d7e590" custom="structure {type:default;}">
        <Coords points="740,1481 740,1506 2657,1503 2660,1475 2653,1448 737,1453 740,1481"/>
        <Baseline points="740,1481 2660,1475"/>
        <TextEquiv conf="0.999104917049408">
          <Unicode>et multa sint pro qualitate toleranda, ut in omnibus suis et ecclesiae agendis se</Unicode>
        </TextEquiv>
      </TextLine>
      <TextLine id="eSc_line_2d51c993" custom="structure {type:default;}">
        <Coords points="742,1537 742,1561 2655,1554 2657,1530 2651,1501 740,1506 742,1537"/>
        <Baseline points="742,1537 2657,1530"/>
        <TextEquiv conf="0.9985147707164288">
          <Unicode>cautum, providum et circumspectum exhibeat, ad gratiam regis Anglorum recuperan-</Unicode>
        </TextEquiv>
      </TextLine>
      <TextLine id="eSc_line_10662f86" custom="structure {type:default;}">
        <Coords points="742,1592 742,1616 2655,1614 2657,1585 2651,1550 740,1563 742,1592"/>
        <Baseline points="742,1592 2657,1585"/>
        <TextEquiv conf="0.9988174080848694">
          <Unicode>dam enitatur, et usque ad proximum pascha eundem regem sustineat, ita quod nihil</Unicode>
        </TextEquiv>
      </TextLine>
      <TextLine id="eSc_line_dfabf458" custom="structure {type:default;}">
        <Coords points="744,1649 744,1671 2655,1667 2657,1640 2653,1612 742,1612 744,1649"/>
        <Baseline points="744,1649 2657,1640"/>
        <TextEquiv conf="0.9999129873950307">
          <Unicode>in eum vel terram ipsius usque ad praescriptum studeat exercere“. Epist. S. Thomae</Unicode>
        </TextEquiv>
      </TextLine>
      <TextLine id="eSc_line_50cca61d" custom="structure {type:default;}">
        <Coords points="742,1702 742,1731 2655,1735 2660,1698 2655,1669 1701,1658 1699,1658 1588,1669 1579,1671 740,1671 742,1702"/>
        <Baseline points="742,1702 2660,1698"/>
        <TextEquiv conf="0.9967395006081997">
          <Unicode>ed. Lupus p. 68, ed. Giles II. 6, Mansi XXI. 875, Migne 200 p. 377. — „Quoniam</Unicode>
        </TextEquiv>
      </TextLine>
      <TextLine id="eSc_line_c3307acf" custom="structure {type:default;}">
        <Coords points="740,1755 740,1771 826,1784 828,1784 830,1784 832,1784 848,1771 954,1782 956,1782 958,1782 998,1766 998,1751 992,1711 852,1724 821,1720 766,1713 764,1713 762,1713 737,1722 740,1755"/>
        <Baseline points="740,1755 998,1751"/>
        <TextEquiv conf="0.9903663234277205">
          <Unicode>dies mali“.</Unicode>
        </TextEquiv>
      </TextLine>
      <TextLine id="eSc_line_79989764" custom="structure {type:default;}">
        <Coords points="691,1808 691,1843 2662,1835 2662,1808 2662,1773 2638,1762 2635,1762 2633,1762 1939,1771 1617,1773 1573,1766 1531,1762 1528,1762 1502,1766 1467,1773 1363,1766 1301,1762 1299,1762 1261,1764 1179,1773 1151,1764 1142,1762 1140,1762 1137,1762 1135,1762 1126,1764 1091,1773 987,1764 965,1762 963,1762 934,1762 753,1773 691,1762 691,1808"/>
        <Baseline points="691,1808 2662,1808"/>
        <TextEquiv conf="0.9960685114968907">
          <Unicode>11208 (7479) Thomae, archiepiscopo Cantuariensi, significat, se „sententiam ab episcopis</Unicode>
        </TextEquiv>
      </TextLine>
      <TextLine id="eSc_line_26f71f1c" custom="structure {type:default;}">
        <Coords points="150,1821 143,1923 190,1925 192,1925 194,1925 249,1901 256,1828 254,1766 152,1766 150,1821"/>
        <Baseline points="150,1821 256,1828"/>
        <TextEquiv conf="0.8883847892284393">
          <Unicode>(„</Unicode>
        </TextEquiv>
      </TextLine>
      <TextLine id="eSc_line_3d741bed" custom="structure {type:default;}">
        <Coords points="468,1857 578,1857 578,1819 576,1773 466,1744 468,1824 468,1857"/>
        <Baseline points="468,1824 578,1819"/>
        <TextEquiv conf="1.0">
          <Unicode>(„)</Unicode>
        </TextEquiv>
      </TextLine>
      <TextLine id="eSc_line_4796bf3d" custom="structure {type:default;}">
        <Coords points="742,1866 742,1890 2655,1899 2657,1866 2657,1837 742,1837 742,1866"/>
        <Baseline points="742,1866 2657,1866"/>
        <TextEquiv conf="0.9989424237498531">
          <Unicode>et baronibus Angliae, quoniam ad primam regis citationem sui copiam non fecisset,</Unicode>
        </TextEquiv>
      </TextLine>
      <TextLine id="eSc_line_1efa4070" custom="structure {type:default;}">
        <Coords points="742,1923 742,1947 2657,1941 2660,1916 2653,1888 740,1890 742,1923"/>
        <Baseline points="742,1923 2660,1916"/>
        <TextEquiv conf="0.9999647434935512">
          <Unicode>adversus eum praesumtuose prolatam, in qua omnia mobilia eius abiudicassent“, irri-</Unicode>
        </TextEquiv>
      </TextLine>
      <TextLine id="eSc_line_50946fc0" custom="structure {type:default;}">
        <Coords points="742,1976 742,2000 1058,2000 1064,2002 1095,2014 1098,2014 1100,2014 1175,2002 1195,2000 1548,2000 1555,2002 1568,2014 1570,2014 1573,2014 1575,2016 2063,2016 2063,2014 2065,2014 2068,2014 2081,2005 2090,2000 2176,2000 2185,2005 2198,2014 2200,2014 2202,2014 2204,2014 2207,2014 2231,2005 2240,2002 2249,2005 2277,2014 2280,2014 2282,2014 2344,2005 2379,2000 2408,2005 2454,2014 2456,2014 2512,2005 2549,2000 2657,2005 2660,1976 2660,1947 742,1947 742,1976"/>
        <Baseline points="742,1976 2660,1976"/>
        <TextEquiv conf="0.9940653531639664">
          <Unicode>tam fecisse. Epist. S. Thomae ed. Lupus p. 76, ed. Giles II. 7, Migne 200 p. 377.</Unicode>
        </TextEquiv>
      </TextLine>
      <TextLine id="eSc_line_9d6304dd" custom="structure {type:default;}">
        <Coords points="744,2031 744,2049 817,2049 830,2060 830,2062 832,2062 835,2062 837,2062 980,2049 1029,2062 1031,2062 1034,2062 1129,2049 1151,2062 1153,2062 1155,2062 1157,2064 1327,2064 1327,2062 1330,2062 1376,2047 1376,2031 1376,2005 744,2005 744,2031"/>
        <Baseline points="744,2031 1376,2031"/>
        <TextEquiv conf="0.9856773096582164">
          <Unicode>— „Quod minor maiorem“.</Unicode>
        </TextEquiv>
      </TextLine>
      <TextLine id="eSc_line_adb55da1" custom="structure {type:default;}">
        <Coords points="695,2086 695,2108 2660,2115 2662,2086 2660,2047 1869,2051 1851,2049 1805,2040 1802,2040 1800,2040 1798,2040 1787,2049 1780,2053 1570,2053 1559,2049 1513,2040 1511,2040 1509,2040 1489,2049 1484,2053 1199,2053 1190,2051 1120,2040 1117,2040 1016,2051 1011,2051 1005,2051 923,2040 921,2040 839,2051 837,2051 744,2040 742,2040 740,2040 695,2051 695,2086"/>
        <Baseline points="695,2086 2662,2086"/>
        <TextEquiv conf="0.9967431917786598">
          <Unicode>11209 (7480) Abbati cuidam mandat, ut inter E. et A. sacerdotem iudicium faciat.</Unicode>
        </TextEquiv>
      </TextLine>
      <TextLine id="eSc_line_5d57015b" custom="structure {type:default;}">
        <Coords points="174,2120 205,2126 207,2126 209,2126 220,2122 262,2106 353,2126 355,2091 351,2027 311,2018 309,2018 307,2018 304,2018 302,2018 302,2020 296,2025 293,2027 291,2025 278,2014 276,2014 273,2014 271,2014 227,2022 194,2029 172,2020 174,2097 174,2120"/>
        <Baseline points="174,2097 355,2091"/>
        <TextEquiv conf="0.9976274371147156">
          <Unicode>„ 9.</Unicode>
        </TextEquiv>
      </TextLine>
      <TextLine id="eSc_line_8039c5af" custom="structure {type:default;}">
        <Coords points="483,2102 483,2155 570,2159 572,2100 565,2069 481,2071 483,2102"/>
        <Baseline points="483,2102 572,2100"/>
        <TextEquiv conf="0.9999997615814209">
          <Unicode>„</Unicode>
        </TextEquiv>
      </TextLine>
      <TextLine id="eSc_line_36aebc85" custom="structure {type:default;}">
        <Coords points="742,2144 742,2166 916,2166 921,2166 947,2177 950,2177 952,2177 954,2177 956,2177 972,2166 974,2166 1327,2166 1330,2166 1376,2177 1378,2177 1380,2177 1383,2177 1414,2166 1416,2166 1447,2166 2006,2175 2008,2175 2145,2164 2182,2161 2191,2164 2218,2173 2220,2173 2222,2173 2660,2161 2662,2137 2657,2104 762,2102 760,2102 757,2102 755,2102 740,2108 742,2144"/>
        <Baseline points="742,2144 2662,2137"/>
        <TextEquiv conf="0.999075793012788">
          <Unicode>(Haec epistola est Henrico, archiepiscopo Remensi, perperam inscripta.) Martene</Unicode>
        </TextEquiv>
      </TextLine>
      <TextLine id="eSc_line_49890c8e" custom="structure {type:default;}">
        <Coords points="742,2197 742,2217 1199,2228 1201,2228 1204,2228 1206,2228 1206,2226 1217,2217 1290,2217 1292,2217 1374,2228 1376,2228 1378,2228 1380,2228 1394,2217 1855,2226 1858,2226 1860,2226 1862,2226 1877,2217 1886,2223 1886,2226 1889,2226 1891,2226 1893,2228 2056,2228 2056,2226 2059,2226 2101,2212 2101,2192 2096,2164 1422,2153 1420,2153 1418,2153 1416,2153 1402,2164 777,2155 775,2155 773,2155 740,2166 742,2197"/>
        <Baseline points="742,2197 2101,2192"/>
        <TextEquiv conf="0.9982159018516541">
          <Unicode>Coll. II. 715, Migne 200 p. 377. — „Ex litteris tuis, fili“.</Unicode>
        </TextEquiv>
      </TextLine>
      <TextLine id="eSc_line_b7170721" custom="structure {type:default;}">
        <Coords points="698,2248 695,2267 740,2281 742,2281 744,2281 1409,2274 1679,2272 1712,2276 1754,2283 1756,2285 2660,2285 2662,2252 2660,2219 916,2219 698,2206 698,2248"/>
        <Baseline points="698,2248 2662,2252"/>
        <TextEquiv conf="0.9988906717016584">
          <Unicode>11210 Parthenonis S. Mariae de Bonesana tutelam suscipit, possessionesque confirmat,</Unicode>
        </TextEquiv>
      </TextLine>
      <TextLine id="eSc_line_c785f57a" custom="structure {type:default;}">
        <Coords points="178,2259 178,2303 357,2296 357,2259 355,2177 298,2188 285,2177 282,2177 280,2177 278,2177 276,2177 229,2201 212,2212 178,2212 178,2259"/>
        <Baseline points="178,2259 357,2259"/>
        <TextEquiv conf="0.9999350905418396">
          <Unicode>„ 14.</Unicode>
        </TextEquiv>
      </TextLine>
      <TextLine id="eSc_line_971e4fb4" custom="structure {type:default;}">
        <Coords points="479,2272 479,2307 572,2305 572,2267 563,2166 475,2179 479,2272"/>
        <Baseline points="479,2272 572,2267"/>
        <TextEquiv conf="0.9999755620956421">
          <Unicode>„</Unicode>
        </TextEquiv>
      </TextLine>
      <TextLine id="eSc_line_be33f3ab" custom="structure {type:default;}">
        <Coords points="746,2309 748,2345 788,2334 1067,2334 1087,2343 1087,2345 1089,2345 1091,2345 1093,2345 1113,2343 1226,2332 1372,2343 1391,2343 1394,2343 1396,2343 1398,2343 1425,2332 1447,2343 1449,2343 1451,2343 1453,2343 1586,2340 2070,2332 2143,2338 2178,2340 2180,2340 2218,2338 2317,2327 2370,2336 2383,2338 2386,2338 2660,2334 2662,2301 2657,2272 2224,2261 2222,2261 2156,2272 1789,2263 1787,2263 1692,2274 810,2267 808,2267 744,2279 746,2309"/>
        <Baseline points="746,2309 2662,2301"/>
        <TextEquiv conf="0.9904434694800266">
          <Unicode>petente lovita priorissa. In bibl. nat. Paris. Coll. Moreau t. 74. f. 7. — „Religiosam</Unicode>
        </TextEquiv>
      </TextLine>
      <TextLine id="eSc_line_be880352" custom="structure {type:default;}">
        <Coords points="746,2362 746,2380 958,2391 961,2391 1179,2376 1182,2358 1175,2323 744,2327 746,2362"/>
        <Baseline points="746,2362 1182,2358"/>
        <TextEquiv conf="0.9990574278329548">
          <Unicode>vitam eligentibus“.</Unicode>
        </TextEquiv>
      </TextLine>
      <TextLine id="eSc_line_63448f4f" custom="structure {type:default;}">
        <Coords points="695,2420 695,2440 2655,2444 2660,2415 2653,2378 2037,2378 2030,2378 1972,2367 1970,2367 1968,2367 1944,2378 1937,2382 1789,2382 1776,2378 1727,2367 1725,2367 1723,2367 1687,2378 1672,2382 1652,2378 1621,2371 1619,2371 1617,2371 1595,2378 1577,2385 1332,2385 1323,2378 1312,2369 1310,2369 1307,2369 1193,2369 1190,2369 1188,2369 1162,2378 1148,2382 1124,2378 1064,2369 1062,2369 1060,2369 1022,2378 1014,2380 992,2378 892,2369 890,2369 693,2378 695,2420"/>
        <Baseline points="695,2420 2660,2415"/>
        <TextEquiv conf="0.9975317197687485">
          <Unicode>11211 (7481) Monasterii Mauziacensis patrocinium suscipit, bonaque et iura confirmat,</Unicode>
        </TextEquiv>
      </TextLine>
      <TextLine id="eSc_line_275c6d02" custom="structure {type:default;}">
        <Coords points="181,2475 256,2460 289,2471 302,2475 304,2475 307,2475 357,2466 357,2422 357,2371 311,2365 309,2365 289,2369 212,2387 185,2365 181,2422 181,2475"/>
        <Baseline points="181,2422 357,2422"/>
        <TextEquiv conf="0.9752596259117127">
          <Unicode>„ 15.</Unicode>
        </TextEquiv>
      </TextLine>
      <TextLine id="eSc_line_1d4cbd8e" custom="structure {type:default;}">
        <Coords points="479,2435 479,2468 523,2479 525,2479 528,2479 576,2464 576,2431 574,2396 541,2378 539,2378 536,2378 534,2378 477,2396 479,2435"/>
        <Baseline points="479,2435 576,2431"/>
        <TextEquiv conf="0.9838348627090454">
          <Unicode>„</Unicode>
        </TextEquiv>
      </TextLine>
      <TextLine id="eSc_line_c5d1f9bc" custom="structure {type:default;}">
        <Coords points="746,2473 746,2504 1420,2495 1447,2499 1478,2506 1480,2506 1482,2506 1506,2499 1524,2495 1537,2499 1557,2506 1559,2506 1562,2506 1564,2506 1588,2499 1604,2495 1617,2499 1650,2508 1652,2508 1654,2508 1705,2497 1723,2495 1729,2497 1747,2506 1749,2506 1752,2508 2478,2508 2478,2506 2660,2491 2662,2468 2657,2440 1838,2429 1836,2429 1699,2440 934,2431 932,2431 744,2442 746,2473"/>
        <Baseline points="746,2473 2662,2468"/>
        <TextEquiv conf="0.9996079264617548">
          <Unicode>petente Petro abbate. Gall. Chr. II. Instr. p. 111, Migne 200 p. 378, (Bull. Clun.</Unicode>
        </TextEquiv>
      </TextLine>
      <TextLine id="eSc_line_1d68c902" custom="structure {type:default;}">
        <Coords points="746,2528 746,2557 1157,2557 1157,2555 1199,2548 1230,2544 1237,2548 1248,2555 1250,2555 1252,2555 1254,2555 1657,2552 1659,2552 1707,2539 1707,2521 1703,2491 1581,2482 1579,2482 1533,2491 1524,2493 1520,2491 1497,2482 1495,2482 1493,2482 1301,2495 1274,2495 1272,2495 1250,2484 1248,2484 1246,2484 1188,2495 1186,2495 1140,2484 1137,2484 1135,2484 1133,2484 1131,2484 1131,2486 1120,2495 1064,2484 1062,2484 901,2497 826,2486 824,2486 744,2499 746,2528"/>
        <Baseline points="746,2528 1707,2521"/>
        <TextEquiv conf="0.9997796736112455">
          <Unicode>p. 68). — „Effectum iusta postulantibus“.</Unicode>
        </TextEquiv>
      </TextLine>
      <TextLine id="eSc_line_e6bd8047" custom="structure {type:default;}">
        <Coords points="698,2583 698,2605 2660,2599 2662,2577 2657,2546 695,2539 698,2583"/>
        <Baseline points="698,2583 2662,2577"/>
        <TextEquiv conf="0.9983110954595167">
          <Unicode>11212 (7482) Monasterium b. IIIidii tuendum suscipit et possessiones iuraque eius con-</Unicode>
        </TextEquiv>
      </TextLine>
      <TextLine id="eSc_line_a974baa5" custom="structure {type:default;}">
        <Coords points="181,2588 181,2608 265,2601 300,2630 309,2636 311,2636 313,2636 315,2638 360,2638 360,2583 353,2517 178,2535 181,2588"/>
        <Baseline points="181,2588 360,2583"/>
        <TextEquiv conf="0.9983414053916931">
          <Unicode>„ 15.</Unicode>
        </TextEquiv>
      </TextLine>
      <TextLine id="eSc_line_88be568f" custom="structure {type:default;}">
        <Coords points="477,2599 477,2650 505,2661 508,2661 510,2661 578,2645 578,2594 567,2515 472,2546 477,2599"/>
        <Baseline points="477,2599 578,2594"/>
        <TextEquiv conf="0.9997288584709167">
          <Unicode>„</Unicode>
        </TextEquiv>
      </TextLine>
      <TextLine id="eSc_line_c14a7b22" custom="structure {type:default;}">
        <Coords points="748,2638 748,2663 908,2661 914,2663 930,2672 932,2672 934,2672 1058,2663 1098,2661 1124,2663 1228,2674 1230,2674 1292,2663 1303,2661 1314,2663 1380,2674 1383,2674 1385,2674 1414,2661 1422,2658 1820,2658 1840,2661 1928,2672 1931,2672 2070,2661 2565,2669 2567,2669 2651,2656 2653,2632 2649,2603 2227,2603 2185,2590 2182,2590 2180,2590 2114,2601 2090,2590 2087,2590 2085,2590 2012,2603 1520,2592 1517,2592 1515,2592 1513,2592 1495,2603 1111,2594 1109,2594 1106,2594 1073,2605 976,2594 974,2594 901,2605 768,2594 766,2594 764,2594 762,2594 746,2603 748,2638"/>
        <Baseline points="748,2638 2653,2632"/>
        <TextEquiv conf="0.9996814389287689">
          <Unicode>firmat, petente Arnaldo abbate. Gall. Chr. II. Instr. p. 102, Migne 200 p. 380. —</Unicode>
        </TextEquiv>
      </TextLine>
      <TextLine id="eSc_line_0ba1592b" custom="structure {type:default;}">
        <Coords points="751,2691 751,2714 1184,2705 1186,2685 1179,2650 748,2658 751,2691"/>
        <Baseline points="751,2691 1186,2685"/>
        <TextEquiv conf="0.9999846251387345">
          <Unicode>„Quotiens illud a“.</Unicode>
        </TextEquiv>
      </TextLine>
      <TextLine id="eSc_line_d3b42b23" custom="structure {type:default;}">
        <Coords points="698,2742 698,2771 2660,2771 2660,2742 2657,2703 2068,2707 2045,2703 2006,2696 2003,2696 1939,2705 1908,2707 1836,2705 1652,2696 1650,2696 1648,2696 1646,2696 1632,2705 1628,2709 1422,2709 1418,2705 1398,2696 1396,2696 1237,2696 1235,2696 1232,2696 1195,2707 1188,2707 1179,2707 1102,2696 1100,2696 1098,2696 1095,2696 1078,2707 1075,2709 698,2709 698,2742"/>
        <Baseline points="698,2742 2660,2742"/>
        <TextEquiv conf="0.9752442340056101">
          <Unicode>11213 (7483) Ludovico, Francorum regi, affirmat, R. quondam ecclesiae b. Aniani can-</Unicode>
        </TextEquiv>
      </TextLine>
      <TextLine id="eSc_line_125dd417" custom="structure {type:default;}">
        <Coords points="185,2753 187,2813 315,2811 318,2811 362,2793 360,2744 357,2705 324,2689 322,2689 320,2689 318,2689 273,2707 214,2700 212,2700 209,2700 183,2709 185,2753"/>
        <Baseline points="185,2753 360,2744"/>
        <TextEquiv conf="0.9954526782035827">
          <Unicode>„ 25.</Unicode>
        </TextEquiv>
      </TextLine>
      <TextLine id="eSc_line_753391d8" custom="structure {type:default;}">
        <Coords points="481,2764 481,2797 583,2797 583,2760 576,2718 479,2729 481,2764"/>
        <Baseline points="481,2764 583,2760"/>
        <TextEquiv conf="1.0">
          <Unicode>„</Unicode>
        </TextEquiv>
      </TextLine>
      <TextLine id="eSc_line_a8f09312" custom="structure {type:default;}">
        <Coords points="751,2800 751,2826 2660,2826 2662,2795 2655,2767 748,2767 751,2800"/>
        <Baseline points="751,2800 2662,2795"/>
        <TextEquiv conf="0.9959438007869078">
          <Unicode>torem, suasoribus omnibus, qui affuissent, fratribus suis, „officio ac beneficio cantorio</Unicode>
        </TextEquiv>
      </TextLine>
      <TextLine id="eSc_line_79e6ef10" custom="structure {type:default;}">
        <Coords points="753,2857 753,2884 2660,2877 2662,2853 2657,2824 1710,2813 1707,2813 1705,2813 1703,2813 1683,2824 777,2815 775,2815 773,2815 751,2824 753,2857"/>
        <Baseline points="753,2857 2662,2853"/>
        <TextEquiv conf="0.9968423118462434">
          <Unicode>privatum esse“; quem negat restitui posse. Humbert Antiqu. de Saint Aignan</Unicode>
        </TextEquiv>
      </TextLine>
      <TextLine id="eSc_line_bc1957e3" custom="structure {type:default;}">
        <Coords points="753,2910 753,2934 2657,2939 2662,2906 2655,2873 751,2877 753,2910"/>
        <Baseline points="753,2910 2662,2906"/>
        <TextEquiv conf="0.9970570772886276">
          <Unicode>d&#x27;0rléans Pr. p. 51, Duchesne Hist. Fr. SS. IV. 624, Bouquet Rec. XV. 837, Mansi</Unicode>
        </TextEquiv>
      </TextLine>
      <TextLine id="eSc_line_21f24630" custom="structure {type:default;}">
        <Coords points="753,2965 753,2985 2167,2985 2167,2965 2167,2934 753,2926 753,2965"/>
        <Baseline points="753,2965 2167,2965"/>
        <TextEquiv conf="0.9999942747609956">
          <Unicode>XXI. 1021, Migne 200 p. 381. — „Pervenit ad audientiam“.</Unicode>
        </TextEquiv>
      </TextLine>
      <TextLine id="eSc_line_54603a98" custom="structure {type:default;}">
        <Coords points="695,3021 695,3043 2660,3040 2662,3014 2657,2976 724,2976 722,2976 720,2976 693,2985 695,3021"/>
        <Baseline points="695,3021 2662,3014"/>
        <TextEquiv conf="0.9963362162140594">
          <Unicode>11214 Parthenonis S. Petri Bellimontis patrocinium suscipit, bonaque confirmat, petente</Unicode>
        </TextEquiv>
      </TextLine>
      <TextLine id="eSc_line_16415ea3" custom="structure {type:default;}">
        <Coords points="375,3023 375,3040 665,3036 667,3018 658,2943 576,2968 481,2952 479,2952 477,2952 475,2952 452,2968 441,2959 439,2959 437,2959 435,2959 433,2959 408,2968 373,2952 375,3023"/>
        <Baseline points="375,3023 667,3018"/>
        <TextEquiv conf="0.9891854971647263">
          <Unicode>ap. monaste-</Unicode>
        </TextEquiv>
      </TextLine>
      <TextLine id="eSc_line_d76f3d07" custom="structure {type:default;}">
        <Coords points="187,3029 190,3078 254,3069 251,3025 247,2983 183,2970 187,3029"/>
        <Baseline points="187,3029 251,3025"/>
        <TextEquiv conf="1.0">
          <Unicode>„</Unicode>
        </TextEquiv>
      </TextLine>
      <TextLine id="eSc_line_150b75af" custom="structure {type:default;}">
        <Coords points="373,3071 371,3089 384,3102 384,3104 386,3104 388,3104 466,3109 468,3109 470,3109 488,3100 512,3089 521,3100 523,3100 523,3102 525,3102 528,3102 530,3102 592,3102 607,3118 614,3122 614,3124 616,3124 618,3124 620,3127 665,3127 667,3076 665,3045 373,3038 373,3071"/>
        <Baseline points="373,3071 667,3076"/>
        <TextEquiv conf="0.9699722691015764">
          <Unicode>rium Casae-</Unicode>
        </TextEquiv>
      </TextLine>
      <TextLine id="eSc_line_66100265" custom="structure {type:default;}">
        <Coords points="746,3076 746,3093 2660,3104 2662,3076 2662,3045 746,3040 746,3076"/>
        <Baseline points="746,3076 2662,3076"/>
        <TextEquiv conf="0.999826587163485">
          <Unicode>Caecilia abbatissa. (Verba „XII. kal. Iul.“ mendum sine dubio continent.) Mém.</Unicode>
        </TextEquiv>
      </TextLine>
      <TextLine id="eSc_line_51666ce1" custom="structure {type:default;}">
        <Coords points="468,3129 468,3157 563,3160 565,3124 558,3093 463,3096 468,3129"/>
        <Baseline points="468,3129 565,3124"/>
        <TextEquiv conf="1.0">
          <Unicode>dei</Unicode>
        </TextEquiv>
      </TextLine>
      <TextLine id="eSc_line_c1a08ad7" custom="structure {type:default;}">
        <Coords points="753,3129 753,3153 2662,3151 2664,3124 2660,3096 773,3087 771,3087 768,3087 766,3087 751,3093 753,3129"/>
        <Baseline points="753,3129 2664,3124"/>
        <TextEquiv conf="0.9933036237190931">
          <Unicode>de L&#x27;acad. de Clermont-Ferrand XIX. 130, Mon. pont. Arverniae p. 278. — „Reli-</Unicode>
        </TextEquiv>
      </TextLine>
      <TextLine id="eSc_line_568b5a1a" custom="structure {type:default;}">
        <Coords points="753,3182 753,3208 936,3202 974,3206 1040,3213 1042,3213 1045,3213 1069,3204 1080,3199 1142,3202 1310,3210 1312,3210 1314,3210 1358,3197 1358,3177 1352,3146 751,3151 753,3182"/>
        <Baseline points="753,3182 1358,3177"/>
        <TextEquiv conf="0.9999989729661208">
          <Unicode>giosam vitam eligentibus“.</Unicode>
        </TextEquiv>
      </TextLine>
      <TextLine id="eSc_line_e8d9b936" custom="structure {type:default;}">
        <Coords points="187,3239 187,3378 539,3376 541,3376 567,3365 768,3268 824,3266 1000,3272 1003,3272 1153,3261 1195,3272 1197,3272 1199,3272 1268,3261 1294,3272 1296,3272 1299,3272 1400,3261 1467,3274 1469,3274 1581,3266 1621,3279 1623,3279 1626,3279 1628,3279 1683,3257 1732,3274 1734,3274 1736,3274 2081,3259 2136,3272 2138,3272 2350,3277 2353,3277 2410,3266 2507,3279 2509,3279 2609,3266 2657,3279 2664,3233 2660,3193 2569,3180 2463,3180 2461,3180 2459,3180 2428,3191 2423,3195 2180,3195 2169,3191 2118,3180 2116,3180 1937,3191 1917,3191 1895,3191 1721,3182 1718,3182 1681,3191 1657,3195 1449,3195 1438,3191 1418,3182 1416,3182 1414,3182 1197,3188 961,3197 185,3188 187,3239"/>
        <Baseline points="187,3239 2664,3233"/>
        <TextEquiv conf="0.8127622194588184">
          <Unicode>„““ „ ass 1escesb letes. luscrs ap. E edsesrs faceser aes?</Unicode>
        </TextEquiv>
      </TextLine>
      <TextLine id="eSc_line_360dbbcc" custom="structure {type:default;}">
        <Coords points="751,3292 751,3314 2664,3314 2664,3292 2664,3263 751,3263 751,3292"/>
        <Baseline points="751,3292 2664,3292"/>
        <TextEquiv conf="0.9920651130378246">
          <Unicode>commendat. De „novis illis, quae de Alemannia nuper venerint“ ita scribit: „con-</Unicode>
        </TextEquiv>
      </TextLine>
      <TextLine id="eSc_line_37144d77" custom="structure {type:default;}">
        <Coords points="751,3345 751,3369 2662,3374 2664,3345 2664,3316 751,3310 751,3345"/>
        <Baseline points="751,3345 2664,3345"/>
        <TextEquiv conf="0.9879417208636679">
          <Unicode>fidas, quod ea quae ille persecutor ecclesiae, qui cum ipsa simulatam semper pacem</Unicode>
        </TextEquiv>
      </TextLine>
      <TextLine id="eSc_line_798bacc5" custom="structure {type:default;}">
        <Coords points="753,3400 753,3425 2660,3431 2662,3400 2662,3372 753,3372 753,3400"/>
        <Baseline points="753,3400 2662,3400"/>
        <TextEquiv conf="0.9997930454044808">
          <Unicode>quaesivit, adversum illam provenire credit, in sui ipsius verecundiam redundabunt;</Unicode>
        </TextEquiv>
      </TextLine>
      <TextLine id="eSc_line_6f02ebcf" custom="structure {type:default;}">
        <Coords points="755,3456 755,3478 2660,3486 2662,3456 2662,3427 755,3427 755,3456"/>
        <Baseline points="755,3456 2662,3456"/>
        <TextEquiv conf="0.9953543479953494">
          <Unicode>sicut enim accepimus et Moguntinus electus serenitati tuae poterit plenius intimare,</Unicode>
        </TextEquiv>
      </TextLine>
      <TextLine id="eSc_line_972d9fa1" custom="structure {type:default;}">
        <Coords points="755,3509 755,3562 806,3562 808,3562 832,3579 835,3579 837,3579 839,3579 841,3579 901,3562 903,3562 908,3562 963,3579 965,3579 967,3581 1274,3581 1274,3579 1332,3566 1345,3564 1354,3566 1385,3579 1387,3579 1389,3579 1391,3579 1433,3568 1442,3566 1515,3568 1767,3579 1769,3579 1805,3570 1847,3562 1992,3562 2050,3575 2076,3579 2079,3579 2081,3579 2090,3575 2107,3566 2125,3575 2134,3579 2136,3579 2138,3579 2271,3577 2273,3577 2275,3577 2304,3562 2655,3579 2660,3509 2657,3480 755,3480 755,3509"/>
        <Baseline points="755,3509 2660,3509"/>
        <TextEquiv conf="0.9891835927963257">
          <Unicode>de tota terra sua mommisi tres absolutum iuramentum praestare potuit cohiercere-</Unicode>
        </TextEquiv>
      </TextLine>
      <TextLine id="eSc_line_519003fa" custom="structure {type:default;}">
        <Coords points="185,3559 185,3604 254,3623 256,3623 258,3623 307,3612 320,3623 322,3623 324,3623 326,3626 479,3626 479,3623 481,3623 483,3623 508,3606 521,3617 523,3617 525,3617 528,3617 589,3606 592,3606 594,3606 609,3619 612,3619 614,3619 616,3619 618,3619 645,3606 647,3606 651,3606 709,3617 711,3617 713,3617 751,3606 751,3559 751,3517 185,3517 185,3559"/>
        <Baseline points="185,3559 751,3559"/>
        <TextEquiv conf="0.9212531085525241">
          <Unicode>Regsts Pon. Rorran Ea as. I.</Unicode>
        </TextEquiv>
      </TextLine>
      <TextLine id="eSc_line_c167668e" custom="structure {type:default;}">
        <Coords points="2324,3577 2330,3634 2357,3621 2392,3628 2390,3570 2383,3537 2319,3542 2324,3577"/>
        <Baseline points="2324,3577 2390,3570"/>
        <TextEquiv conf="0.9999909996986389">
          <Unicode>25</Unicode>
        </TextEquiv>
      </TextLine>
    </TextRegion>
    <TextRegion id="eSc_textblock_e0b69c81"  custom="structure {type:default;}">
      <Coords points="938,159 1842,159 1860,236 1842,262 910,262 892,194 938,159"/>
      <TextLine id="eSc_line_b8b05f6f" custom="structure {type:default;}">
        <Coords points="1707,159 1685,159 1683,159 1663,174 1623,159 1621,159 1619,159 1524,167 1509,159 1509,159 1493,159 1462,176 1405,176 1380,159 1378,159 1376,159 1374,159 1372,159 1321,176 1248,161 1175,159 1173,159 1170,159 1146,172 1129,159 1126,159 1124,159 1122,159 1120,159 1087,170 1014,159 1011,159 1009,159 1007,159 1007,161 992,176 956,161 954,161 952,161 950,161 912,178 914,229 914,249 1279,258 1281,258 1283,258 1307,247 1310,247 1312,247 1360,258 1363,258 1365,258 1407,247 1416,245 1433,247 1513,256 1515,256 1670,245 1679,245 1685,245 1796,256 1798,256 1800,256 1838,242 1838,225 1833,176 1710,159 1707,159"/>
        <Baseline points="914,229 1838,225"/>
        <TextEquiv conf="0.9904481053352356">
          <Unicode>ALEXANDER III. 1159—1181.</Unicode>
        </TextEquiv>
      </TextLine>
    </TextRegion>
    <TextRegion id="eSc_textblock_97cc19da"  custom="structure {type:default;}">
      <Coords points="2518,159 2680,167 2697,227 2653,262 2523,262 2496,227 2518,159"/>
      <TextLine id="eSc_line_bbffdd71" custom="structure {type:default;}">
        <Coords points="2525,229 2525,251 2580,262 2582,262 2646,247 2646,225 2642,165 2520,165 2525,229"/>
        <Baseline points="2525,229 2646,225"/>
        <TextEquiv conf="0.9999998807907104">
          <Unicode>193</Unicode>
        </TextEquiv>
      </TextLine>
    </TextRegion>
  </Page>
</PcGts>
