<?xml version="1.0" encoding="UTF-8"  standalone="yes"?>
<PcGts xmlns="http://schema.primaresearch.org/PAGE/gts/pagecontent/2019-07-15" xmlns:xsi="http://www.w3.org/2001/XMLSchema-instance" xsi:schemaLocation="http://schema.primaresearch.org/PAGE/gts/pagecontent/2019-07-15 http://schema.primaresearch.org/PAGE/gts/pagecontent/2019-07-15/pagecontent.xsd">
  <Metadata>
	<Creator>escriptorium</Creator>
	<Created>2024-07-19T10:08:20.238553+00:00</Created>
        <LastChange>2024-08-08T08:33:46.498400+00:00</LastChange>
  </Metadata>
  <Page imageFilename="0226.png" imageWidth="3007" imageHeight="3975">
    <TextRegion id="eSc_textblock_0cda2ee5"  custom="structure {type:default;}">
      <Coords points="720,282 2724,291 2724,3257 2697,3486 424,3504 397,3345 377,3504 159,3495 132,388 185,309 377,300 404,379 424,309 687,318 720,282"/>
      <TextLine id="eSc_line_f1d2d968" custom="structure {type:default;}">
        <Coords points="704,295 682,315 684,344 684,368 1025,368 1025,335 1020,300 938,287 936,287 934,287 932,287 932,289 930,289 921,300 899,289 897,289 894,289 748,302 707,291 704,295"/>
        <Baseline points="684,344 1025,335"/>
        <TextEquiv conf="0.9544405817985535">
          <Unicode>1167—1169.</Unicode>
        </TextEquiv>
      </TextLine>
      <TextLine id="eSc_line_d3db620d" custom="structure {type:default;}">
        <Coords points="163,412 163,443 287,443 287,406 282,359 159,344 163,412"/>
        <Baseline points="163,412 287,406"/>
        <TextEquiv conf="0.9999927282333374">
          <Unicode>Nov.</Unicode>
        </TextEquiv>
      </TextLine>
      <TextLine id="eSc_line_46457328" custom="structure {type:default;}">
        <Coords points="421,406 421,496 554,505 556,505 558,505 561,505 574,494 576,494 605,505 607,505 609,505 665,492 665,406 662,346 565,353 539,342 532,340 530,340 528,340 525,340 521,342 490,353 421,340 421,406"/>
        <Baseline points="421,406 665,406"/>
        <TextEquiv conf="0.8821548745036125">
          <Unicode>Pererent</Unicode>
        </TextEquiv>
      </TextLine>
      <TextLine id="eSc_line_c3492c0f" custom="structure {type:default;}">
        <Coords points="715,406 715,437 2684,430 2686,401 2682,364 2549,348 2547,348 2545,348 2543,348 2523,362 2481,348 2478,348 2476,348 2474,348 2472,348 2454,362 2397,351 2394,351 2253,362 2171,348 2169,348 2167,348 2132,364 1816,364 1701,348 1699,348 1696,348 1643,364 1115,351 1113,351 1111,351 1069,364 1022,351 1020,351 1018,351 1016,351 978,364 821,353 819,353 713,366 715,406"/>
        <Baseline points="715,406 2686,401"/>
        <TextEquiv conf="0.9920162588357926">
          <Unicode>11449 Canonicorum S. Wilfridi Riponensium possessiones quasdam confirmat. (Dat.:</Unicode>
        </TextEquiv>
      </TextLine>
      <TextLine id="eSc_line_506f3928" custom="structure {type:default;}">
        <Coords points="768,465 768,490 2684,488 2686,457 2682,424 813,421 810,421 808,421 766,435 768,465"/>
        <Baseline points="768,465 2686,457"/>
        <TextEquiv conf="0.99499094247818">
          <Unicode>„13. Id. Nov.“) Memorials of Ripon I. 112, ubi perperam bulla Alexandro IV.</Unicode>
        </TextEquiv>
      </TextLine>
      <TextLine id="eSc_line_9a249adf" custom="structure {type:default;}">
        <Coords points="768,516 768,536 1756,543 1758,516 1756,483 768,485 768,516"/>
        <Baseline points="768,516 1758,516"/>
        <TextEquiv conf="0.9923159046606584">
          <Unicode>ascribitur. — „Iustis petentium desideriis“.</Unicode>
        </TextEquiv>
      </TextLine>
      <TextLine id="eSc_line_8677a469" custom="structure {type:default;}">
        <Coords points="196,580 196,602 375,605 377,576 373,521 320,510 318,510 194,523 196,580"/>
        <Baseline points="196,580 377,576"/>
        <TextEquiv conf="0.9780611872673035">
          <Unicode>„ 12.</Unicode>
        </TextEquiv>
      </TextLine>
      <TextLine id="eSc_line_d0e57876" custom="structure {type:default;}">
        <Coords points="505,587 505,602 592,602 592,583 587,534 519,523 517,523 514,523 512,523 501,530 505,587"/>
        <Baseline points="505,587 592,583"/>
        <TextEquiv conf="1.0">
          <Unicode>„</Unicode>
        </TextEquiv>
      </TextLine>
      <TextLine id="eSc_line_31c77995" custom="structure {type:default;}">
        <Coords points="720,569 720,596 2686,596 2688,569 2686,536 720,536 720,569"/>
        <Baseline points="720,569 2688,569"/>
        <TextEquiv conf="0.9990287171788963">
          <Unicode>11450 (7657) Henrico, archiepiscopo Remensi, mandat, ut Mainerium presbyterum abla-</Unicode>
        </TextEquiv>
      </TextLine>
      <TextLine id="eSc_line_538d0fbf" custom="structure {type:default;}">
        <Coords points="768,627 768,658 1542,651 1581,655 1648,662 1650,662 1652,662 1679,653 1692,651 1767,653 1953,662 1955,662 2123,651 2154,651 2180,651 2337,662 2339,662 2399,651 2403,651 2417,651 2653,662 2655,662 2657,662 2688,649 2688,627 2688,596 768,591 768,627"/>
        <Baseline points="768,627 2688,627"/>
        <TextEquiv conf="0.9937297260606444">
          <Unicode>tam Henrico paroeciam reddere cogat. Martene Coll. II. 762, Migne 200 p. 514.</Unicode>
        </TextEquiv>
      </TextLine>
      <TextLine id="eSc_line_303521b1" custom="structure {type:default;}">
        <Coords points="768,680 768,702 1548,700 1548,680 1548,651 768,644 768,680"/>
        <Baseline points="768,680 1548,680"/>
        <TextEquiv conf="0.9871868991082714">
          <Unicode>— „Lator praesentium Henricus“.</Unicode>
        </TextEquiv>
      </TextLine>
      <TextLine id="eSc_line_7248b7e3" custom="structure {type:default;}">
        <Coords points="196,744 196,766 377,770 380,737 373,693 194,693 196,744"/>
        <Baseline points="196,744 380,737"/>
        <TextEquiv conf="0.9999964952468872">
          <Unicode>„ 17.</Unicode>
        </TextEquiv>
      </TextLine>
      <TextLine id="eSc_line_bac2d082" custom="structure {type:default;}">
        <Coords points="503,748 501,781 528,792 530,792 532,792 534,792 589,768 592,753 592,702 503,697 503,748"/>
        <Baseline points="503,748 592,753"/>
        <TextEquiv conf="1.0">
          <Unicode>„</Unicode>
        </TextEquiv>
      </TextLine>
      <TextLine id="eSc_line_1c3a7ec6" custom="structure {type:default;}">
        <Coords points="718,739 718,761 2686,753 2686,728 2680,693 2357,695 2344,693 2315,684 2313,684 2311,684 2198,693 2125,697 2101,693 2072,686 2070,686 2068,686 2065,686 2056,693 2048,700 1736,700 1723,693 1718,689 1716,689 1714,689 1712,689 1710,689 1699,693 1681,700 1590,693 1551,691 1548,691 1500,693 1367,702 1305,693 1281,691 1279,691 1277,691 1265,693 1235,702 1084,693 1056,693 1053,693 1051,693 1049,693 1031,704 715,695 718,739"/>
        <Baseline points="718,739 2686,728"/>
        <TextEquiv conf="0.9992216130097707">
          <Unicode>11451 (7658) Henrico, archiepiscopo Remensi, mandat, compellat (Guidonem), episcopum</Unicode>
        </TextEquiv>
      </TextLine>
      <TextLine id="eSc_line_2bb0ff0f" custom="structure {type:default;}">
        <Coords points="768,792 768,814 2682,819 2686,788 2682,759 766,757 768,792"/>
        <Baseline points="768,792 2686,788"/>
        <TextEquiv conf="0.9905515189577894">
          <Unicode>Catalaunensem, ut P. sacerdoti ablatam ecclesiam restituat. Martene Coll. II. 763,</Unicode>
        </TextEquiv>
      </TextLine>
      <TextLine id="eSc_line_ce5adfbc" custom="structure {type:default;}">
        <Coords points="768,845 768,870 969,876 972,876 1016,867 1031,865 1036,867 1051,878 1053,878 1056,878 1058,878 1060,878 1087,867 1091,865 1104,867 1153,874 1155,874 1254,865 1285,863 1290,865 1307,876 1310,876 1312,876 1314,878 1385,878 1385,876 1387,876 1389,876 1405,863 1409,861 1411,863 1429,874 1431,874 1433,874 1436,874 1696,872 1699,872 1701,872 1714,861 1767,872 1769,872 1771,872 1800,859 1800,834 1794,806 766,817 768,845"/>
        <Baseline points="768,845 1800,834"/>
        <TextEquiv conf="0.9998170360922813">
          <Unicode>Migne 200 p. 515. — „Ex conquestione P.“</Unicode>
        </TextEquiv>
      </TextLine>
      <TextLine id="eSc_line_92f6193a" custom="structure {type:default;}">
        <Coords points="194,909 194,927 380,923 380,905 375,863 324,852 322,852 192,865 194,909"/>
        <Baseline points="194,909 380,905"/>
        <TextEquiv conf="0.9999999523162841">
          <Unicode>„ 18.</Unicode>
        </TextEquiv>
      </TextLine>
      <TextLine id="eSc_line_d49529ff" custom="structure {type:default;}">
        <Coords points="501,918 499,925 543,945 545,945 547,945 550,945 589,929 592,923 594,812 505,806 501,918"/>
        <Baseline points="501,918 592,923"/>
        <TextEquiv conf="0.9912952184677124">
          <Unicode>„</Unicode>
        </TextEquiv>
      </TextLine>
      <TextLine id="eSc_line_b60f144b" custom="structure {type:default;}">
        <Coords points="722,901 722,925 2688,920 2691,896 2686,867 1922,856 1919,856 720,867 722,901"/>
        <Baseline points="722,901 2691,896"/>
        <TextEquiv conf="0.9937916118421672">
          <Unicode>11452 (7659) Henrico, archiepiscopo Remensi, mandat, cogat S. Andreae de Castello</Unicode>
        </TextEquiv>
      </TextLine>
      <TextLine id="eSc_line_607e37f6" custom="structure {type:default;}">
        <Coords points="771,958 771,982 2686,973 2688,949 2684,918 813,916 810,916 808,916 768,927 771,958"/>
        <Baseline points="771,958 2688,949"/>
        <TextEquiv conf="0.9999691698609329">
          <Unicode>et S. Sepulcri Cameracensis abbates et canonicos S. Gaugerici et Manassem de Rumi-</Unicode>
        </TextEquiv>
      </TextLine>
      <TextLine id="eSc_line_43b96357" custom="structure {type:default;}">
        <Coords points="768,1013 768,1042 2684,1037 2686,1007 2682,976 766,973 768,1013"/>
        <Baseline points="768,1013 2686,1007"/>
        <TextEquiv conf="0.9957558350798524">
          <Unicode>niaco, ut infirmis Cameracensibus ablatas decimas reddant. Martene Coll. II. 763,</Unicode>
        </TextEquiv>
      </TextLine>
      <TextLine id="eSc_line_dcbe341d" custom="structure {type:default;}">
        <Coords points="768,1066 768,1086 890,1097 892,1097 1190,1086 1212,1086 1219,1086 1305,1097 1307,1097 1310,1097 1312,1097 1330,1086 1332,1086 1447,1097 1449,1097 1451,1097 1453,1097 1473,1086 1931,1095 1933,1095 1997,1084 2001,1084 2008,1084 2127,1095 2129,1095 2132,1095 2160,1084 2189,1095 2191,1095 2193,1097 2361,1097 2361,1095 2364,1095 2406,1082 2406,1062 2401,1033 782,1024 779,1024 777,1024 775,1024 766,1031 768,1066"/>
        <Baseline points="768,1066 2406,1062"/>
        <TextEquiv conf="0.991992250084877">
          <Unicode>Bouquet Rec. XV. 869, Migne 200 p. 515. — „Etsi ofnes teneamur“.</Unicode>
        </TextEquiv>
      </TextLine>
      <TextLine id="eSc_line_f2cba2e9" custom="structure {type:default;}">
        <Coords points="201,1128 201,1152 380,1152 380,1124 371,1057 280,1082 198,1064 201,1128"/>
        <Baseline points="201,1128 380,1124"/>
        <TextEquiv conf="0.9998451948165894">
          <Unicode>„ 18.</Unicode>
        </TextEquiv>
      </TextLine>
      <TextLine id="eSc_line_3751355d" custom="structure {type:default;}">
        <Coords points="503,1137 503,1203 594,1205 596,1137 594,1079 503,1082 503,1137"/>
        <Baseline points="503,1137 596,1137"/>
        <TextEquiv conf="0.9986749291419983">
          <Unicode>„</Unicode>
        </TextEquiv>
      </TextLine>
      <TextLine id="eSc_line_8956c8fe" custom="structure {type:default;}">
        <Coords points="720,1119 720,1148 2688,1148 2691,1115 2684,1082 718,1086 720,1119"/>
        <Baseline points="720,1119 2691,1115"/>
        <TextEquiv conf="0.9992702298386152">
          <Unicode>11453 (7660) S. Andreae de Castello et S. Sepulcri abbatibus et canonicis S. Gaugerici</Unicode>
        </TextEquiv>
      </TextLine>
      <TextLine id="eSc_line_e4c4f8bc" custom="structure {type:default;}">
        <Coords points="768,1177 768,1203 2686,1201 2688,1170 2682,1141 766,1146 768,1177"/>
        <Baseline points="768,1177 2688,1170"/>
        <TextEquiv conf="0.994744154011331">
          <Unicode>de superiore epistola significat. Martene Coll. II. 764, Migne 200 p. 516. — „Con-</Unicode>
        </TextEquiv>
      </TextLine>
      <TextLine id="eSc_line_bcdc60b2" custom="structure {type:default;}">
        <Coords points="768,1232 768,1252 1204,1245 1206,1225 1199,1196 766,1201 768,1232"/>
        <Baseline points="768,1232 1206,1225"/>
        <TextEquiv conf="0.999997804039403">
          <Unicode>questi sunt nobis“.</Unicode>
        </TextEquiv>
      </TextLine>
      <TextLine id="eSc_line_63a36720" custom="structure {type:default;}">
        <Coords points="196,1294 196,1320 313,1327 315,1327 380,1311 380,1287 375,1245 293,1234 291,1234 289,1234 271,1238 236,1249 194,1236 196,1294"/>
        <Baseline points="196,1294 380,1287"/>
        <TextEquiv conf="0.9938070058822632">
          <Unicode>„ 18.</Unicode>
        </TextEquiv>
      </TextLine>
      <TextLine id="eSc_line_32aed3ab" custom="structure {type:default;}">
        <Coords points="503,1302 503,1313 596,1311 598,1298 592,1249 499,1252 503,1302"/>
        <Baseline points="503,1302 598,1298"/>
        <TextEquiv conf="0.9845889210700989">
          <Unicode>„</Unicode>
        </TextEquiv>
      </TextLine>
      <TextLine id="eSc_line_0c829204" custom="structure {type:default;}">
        <Coords points="718,1287 718,1311 2686,1302 2688,1278 2682,1243 715,1247 718,1287"/>
        <Baseline points="718,1287 2688,1278"/>
        <TextEquiv conf="0.9881799689361027">
          <Unicode>11454 *Inter Bertrandum, archiepiscopum Burdigalensem, apost. sedis legatum, et Ber-</Unicode>
        </TextEquiv>
      </TextLine>
      <TextLine id="eSc_line_c5ded055" custom="structure {type:default;}">
        <Coords points="768,1340 768,1364 2688,1366 2691,1340 2691,1311 768,1309 768,1340"/>
        <Baseline points="768,1340 2691,1340"/>
        <TextEquiv conf="0.9956276291682397">
          <Unicode>trandum abbatem S. Crucis factam super ecclesia Solacensi compositionem approbat.</Unicode>
        </TextEquiv>
      </TextLine>
      <TextLine id="eSc_line_16c54063" custom="structure {type:default;}">
        <Coords points="768,1397 768,1419 2299,1415 2302,1393 2295,1362 766,1364 768,1397"/>
        <Baseline points="768,1397 2302,1393"/>
        <TextEquiv conf="0.9991833576384712">
          <Unicode>In bibl. nat. Paris. ms. lat. 13666. (Monast. Bened. IX.) fol. 154“.</Unicode>
        </TextEquiv>
      </TextLine>
      <TextLine id="eSc_line_e556b3da" custom="structure {type:default;}">
        <Coords points="198,1459 198,1479 380,1481 382,1453 373,1406 355,1415 326,1408 300,1404 298,1404 296,1404 269,1413 231,1424 196,1417 198,1459"/>
        <Baseline points="198,1459 382,1453"/>
        <TextEquiv conf="0.9999761581420898">
          <Unicode>„ 19.</Unicode>
        </TextEquiv>
      </TextLine>
      <TextLine id="eSc_line_18f6dd5f" custom="structure {type:default;}">
        <Coords points="505,1466 505,1484 598,1479 598,1461 594,1426 503,1426 505,1466"/>
        <Baseline points="505,1466 598,1461"/>
        <TextEquiv conf="0.9996668100357056">
          <Unicode>„</Unicode>
        </TextEquiv>
      </TextLine>
      <TextLine id="eSc_line_3347fbac" custom="structure {type:default;}">
        <Coords points="720,1453 720,1477 2688,1470 2691,1446 2686,1417 718,1413 720,1453"/>
        <Baseline points="720,1453 2691,1446"/>
        <TextEquiv conf="0.995173753062381">
          <Unicode>11455 (7661) Henrico, archiepiscopo Remensi, mandat, ut Aegidium presbyterum de</Unicode>
        </TextEquiv>
      </TextLine>
      <TextLine id="eSc_line_520f2355" custom="structure {type:default;}">
        <Coords points="773,1508 773,1532 2686,1525 2688,1499 2684,1470 771,1468 773,1508"/>
        <Baseline points="773,1508 2688,1499"/>
        <TextEquiv conf="0.9923105308642755">
          <Unicode>Monte Hunoldi, Hu. militem de Warch., alios, cum abbate et fratribus ecclesiae</Unicode>
        </TextEquiv>
      </TextLine>
      <TextLine id="eSc_line_061c00ab" custom="structure {type:default;}">
        <Coords points="768,1559 768,1585 2688,1585 2688,1559 2686,1528 768,1528 768,1559"/>
        <Baseline points="768,1559 2688,1559"/>
        <TextEquiv conf="0.9977840076132518">
          <Unicode>S. Martini Laudunensis litigantes, ad B(artholomaeum) Bellovacensem et (Balduinum)</Unicode>
        </TextEquiv>
      </TextLine>
      <TextLine id="eSc_line_8a2e17ac" custom="structure {type:default;}">
        <Coords points="773,1616 773,1640 2686,1638 2688,1612 2684,1583 771,1578 773,1616"/>
        <Baseline points="773,1616 2688,1612"/>
        <TextEquiv conf="0.9991498171509087">
          <Unicode>Noviomensem episcopos in ius adire cogat. Martene Coll. II. 765, Bouquet Rec.</Unicode>
        </TextEquiv>
      </TextLine>
      <TextLine id="eSc_line_239b1542" custom="structure {type:default;}">
        <Coords points="773,1671 773,1691 1091,1702 1093,1702 1263,1691 1268,1691 1270,1691 1310,1702 1312,1702 1314,1702 1316,1702 1345,1691 1436,1702 1438,1702 1440,1702 1442,1702 1442,1700 1444,1700 1453,1689 1533,1689 1535,1689 1544,1698 1544,1700 1546,1700 1548,1700 1551,1700 1623,1689 1630,1689 1634,1689 1683,1700 1685,1702 1771,1702 1771,1700 1774,1700 1776,1700 1787,1689 1802,1700 1805,1700 1807,1700 1809,1702 2063,1702 2063,1700 2065,1700 2112,1687 2112,1667 2107,1638 784,1629 782,1629 779,1629 777,1629 777,1631 771,1636 773,1671"/>
        <Baseline points="773,1671 2112,1667"/>
        <TextEquiv conf="0.9860891710828852">
          <Unicode>XV. 869, Migne 200 p. 517. — „In causis religiosorum“.</Unicode>
        </TextEquiv>
      </TextLine>
      <TextLine id="eSc_line_b73b2311" custom="structure {type:default;}">
        <Coords points="198,1733 198,1764 260,1755 296,1757 357,1762 360,1762 362,1762 364,1762 382,1749 382,1726 377,1684 196,1684 198,1733"/>
        <Baseline points="198,1733 382,1726"/>
        <TextEquiv conf="0.9999998807907104">
          <Unicode>„ 19.</Unicode>
        </TextEquiv>
      </TextLine>
      <TextLine id="eSc_line_4b35f1b2" custom="structure {type:default;}">
        <Coords points="505,1742 505,1773 594,1753 594,1742 592,1684 505,1691 505,1742"/>
        <Baseline points="505,1742 594,1742"/>
        <TextEquiv conf="1.0">
          <Unicode>„</Unicode>
        </TextEquiv>
      </TextLine>
      <TextLine id="eSc_line_1f233125" custom="structure {type:default;}">
        <Coords points="718,1726 718,1751 2691,1744 2691,1720 2686,1691 1376,1682 1374,1682 1372,1682 1349,1693 737,1684 735,1684 733,1684 731,1684 715,1691 718,1726"/>
        <Baseline points="718,1726 2691,1720"/>
        <TextEquiv conf="0.9947054445007701">
          <Unicode>11456 (7662) Henricum, archiepiscopum Remensem, hortatur, ut R. diaconum „ad ali-</Unicode>
        </TextEquiv>
      </TextLine>
      <TextLine id="eSc_line_1dc23f3a" custom="structure {type:default;}">
        <Coords points="768,1782 768,1808 1040,1806 1098,1810 1197,1819 1199,1819 1201,1819 1226,1810 1235,1808 1254,1810 1310,1819 1312,1819 1367,1810 1405,1806 1427,1813 1453,1819 1455,1819 1458,1821 1727,1821 1727,1819 1798,1813 1873,1806 1893,1813 1904,1817 1906,1817 1908,1817 1911,1817 1919,1813 1942,1804 1961,1813 1968,1817 1970,1817 1972,1819 2339,1819 2339,1817 2341,1817 2350,1815 2392,1804 2527,1804 2560,1815 2565,1817 2567,1817 2569,1817 2686,1815 2688,1777 2684,1749 1741,1737 1738,1737 1736,1737 1734,1737 1723,1749 1721,1751 766,1751 768,1782"/>
        <Baseline points="768,1782 2688,1777"/>
        <TextEquiv conf="0.9875658857516754">
          <Unicode>quam ecclesiam intitulet“. Martene Coll. II. 766, Migne 200 p. 517. — „Veniens</Unicode>
        </TextEquiv>
      </TextLine>
      <TextLine id="eSc_line_0f8859da" custom="structure {type:default;}">
        <Coords points="768,1837 768,1855 897,1866 899,1866 1031,1850 1034,1832 1027,1799 766,1806 768,1837"/>
        <Baseline points="768,1837 1034,1832"/>
        <TextEquiv conf="0.9727486133575439">
          <Unicode>ad nos R.“</Unicode>
        </TextEquiv>
      </TextLine>
      <TextLine id="eSc_line_d4ae2b39" custom="structure {type:default;}">
        <Coords points="163,1892 163,1932 380,1932 380,1892 380,1846 331,1837 329,1837 304,1841 254,1850 163,1835 163,1892"/>
        <Baseline points="163,1892 380,1892"/>
        <TextEquiv conf="0.9567587716238839">
          <Unicode>Dec. 1.</Unicode>
        </TextEquiv>
      </TextLine>
      <TextLine id="eSc_line_ef45ce2e" custom="structure {type:default;}">
        <Coords points="508,1905 508,1925 594,1930 596,1905 596,1852 508,1839 508,1905"/>
        <Baseline points="508,1905 596,1905"/>
        <TextEquiv conf="1.0">
          <Unicode>„</Unicode>
        </TextEquiv>
      </TextLine>
      <TextLine id="eSc_line_0b0f0bf6" custom="structure {type:default;}">
        <Coords points="722,1894 722,1919 2686,1916 2688,1883 2682,1846 817,1848 720,1859 722,1894"/>
        <Baseline points="722,1894 2688,1883"/>
        <TextEquiv conf="0.9997144951877823">
          <Unicode>11457 (7663) Parthenoni Fontebraldensi asserit „donum quinquaginta librarum reditus</Unicode>
        </TextEquiv>
      </TextLine>
      <TextLine id="eSc_line_16b6a59b" custom="structure {type:default;}">
        <Coords points="771,1947 771,1969 830,1983 832,1983 894,1969 903,1969 1157,1969 1159,1969 1186,1983 1188,1983 1190,1985 1319,1985 1319,1983 1321,1983 1323,1983 1341,1972 1365,1983 1367,1983 1369,1983 1372,1983 1374,1983 1391,1969 1394,1969 1396,1969 1427,1983 1429,1983 1431,1983 1491,1972 1657,1983 1659,1983 1661,1983 1663,1983 1681,1969 1683,1969 1705,1980 1707,1980 1710,1983 2070,1983 2070,1980 2072,1980 2074,1980 2087,1969 2092,1967 2112,1969 2165,1980 2167,1980 2297,1969 2346,1967 2388,1969 2494,1980 2496,1980 2498,1980 2534,1969 2549,1967 2567,1969 2615,1980 2618,1980 2686,1969 2688,1943 2682,1905 768,1916 771,1947"/>
        <Baseline points="771,1947 2688,1943"/>
        <TextEquiv conf="0.9999535381793976">
          <Unicode>super castrum Divionense, ab Eudone duce Burgundiae concessum“. Vide Gall.</Unicode>
        </TextEquiv>
      </TextLine>
      <TextLine id="eSc_line_78014f11" custom="structure {type:default;}">
        <Coords points="766,2002 766,2022 1162,2022 1162,2002 1162,1967 766,1965 766,2002"/>
        <Baseline points="766,2002 1162,2002"/>
        <TextEquiv conf="0.9814406703500187">
          <Unicode>Christ. II. 1319.</Unicode>
        </TextEquiv>
      </TextLine>
      <TextLine id="eSc_line_e4c72490" custom="structure {type:default;}">
        <Coords points="201,2067 203,2097 260,2075 377,2091 380,2060 377,2027 324,2011 322,2011 320,2011 318,2011 315,2011 315,2014 302,2027 300,2029 198,2029 201,2067"/>
        <Baseline points="201,2067 380,2060"/>
        <TextEquiv conf="0.9999537020921707">
          <Unicode>„ 3.</Unicode>
        </TextEquiv>
      </TextLine>
      <TextLine id="eSc_line_04f7c5c3" custom="structure {type:default;}">
        <Coords points="505,2073 505,2089 592,2078 592,2067 587,2020 550,2011 547,2011 545,2011 501,2025 505,2073"/>
        <Baseline points="505,2073 592,2067"/>
        <TextEquiv conf="0.9999852180480957">
          <Unicode>„</Unicode>
        </TextEquiv>
      </TextLine>
      <TextLine id="eSc_line_a76c689c" custom="structure {type:default;}">
        <Coords points="720,2055 720,2080 2686,2073 2688,2049 2682,2009 718,2020 720,2055"/>
        <Baseline points="720,2055 2688,2049"/>
        <TextEquiv conf="0.9904587114558501">
          <Unicode>11458 Archiepiscopos et episcopos aliosque ecclesiarum praelatos hortatur, ut fratres</Unicode>
        </TextEquiv>
      </TextLine>
      <TextLine id="eSc_line_d08c20c1" custom="structure {type:default;}">
        <Coords points="771,2111 771,2135 2686,2131 2688,2106 2682,2078 768,2080 771,2111"/>
        <Baseline points="771,2111 2688,2106"/>
        <TextEquiv conf="0.9999903825724997">
          <Unicode>militiae templi Hierosolymitani ab iniuriis parochianorum tueantur, qui oblationes</Unicode>
        </TextEquiv>
      </TextLine>
      <TextLine id="eSc_line_8f6d6637" custom="structure {type:default;}">
        <Coords points="771,2166 771,2195 2688,2188 2688,2166 2688,2137 771,2135 771,2166"/>
        <Baseline points="771,2166 2688,2166"/>
        <TextEquiv conf="0.9999550095310917">
          <Unicode>seu elemosinas eis concessas auferre vel retinere praesumant. Prutz Malteser Urk.</Unicode>
        </TextEquiv>
      </TextLine>
      <TextLine id="eSc_line_fb13c681" custom="structure {type:default;}">
        <Coords points="768,2223 768,2241 793,2254 795,2254 797,2254 799,2254 802,2254 824,2241 826,2241 972,2241 1005,2241 1047,2254 1049,2254 1051,2254 1173,2243 1226,2252 1228,2252 1230,2252 1232,2252 1250,2239 1301,2252 1303,2252 1305,2252 1307,2252 1310,2252 1327,2239 1352,2250 1354,2250 1356,2252 1608,2252 1608,2250 1610,2250 1670,2234 1670,2217 1663,2188 766,2192 768,2223"/>
        <Baseline points="768,2223 1670,2217"/>
        <TextEquiv conf="0.9998965017935809">
          <Unicode>p. 40. — „Quantum ad defendendam“.</Unicode>
        </TextEquiv>
      </TextLine>
      <TextLine id="eSc_line_271662e6" custom="structure {type:default;}">
        <Coords points="203,2283 203,2314 382,2309 382,2276 377,2230 201,2230 203,2283"/>
        <Baseline points="203,2283 382,2276"/>
        <TextEquiv conf="0.9996878802776337">
          <Unicode>„ 6.</Unicode>
        </TextEquiv>
      </TextLine>
      <TextLine id="eSc_line_030a7ac0" custom="structure {type:default;}">
        <Coords points="503,2292 503,2309 596,2307 596,2292 596,2237 541,2223 539,2223 536,2223 534,2223 503,2237 503,2292"/>
        <Baseline points="503,2292 596,2292"/>
        <TextEquiv conf="0.9999730587005615">
          <Unicode>„</Unicode>
        </TextEquiv>
      </TextLine>
      <TextLine id="eSc_line_d65f1c52" custom="structure {type:default;}">
        <Coords points="720,2274 720,2301 2688,2296 2691,2270 2684,2239 718,2243 720,2274"/>
        <Baseline points="720,2274 2691,2270"/>
        <TextEquiv conf="0.9998901054776949">
          <Unicode>11459 (7664) Universos archiepiscopos, episcopos, abbates, priores et alios ecclesiarum</Unicode>
        </TextEquiv>
      </TextLine>
      <TextLine id="eSc_line_17862187" custom="structure {type:default;}">
        <Coords points="773,2334 773,2362 2686,2356 2688,2329 2682,2294 771,2301 773,2334"/>
        <Baseline points="773,2334 2688,2329"/>
        <TextEquiv conf="0.9894029900431633">
          <Unicode>praelatos de tuendo monasterio Rivipullensi hortatur. Marca Marca Hisp. p. 1350,</Unicode>
        </TextEquiv>
      </TextLine>
      <TextLine id="eSc_line_25a5005f" custom="structure {type:default;}">
        <Coords points="773,2389 773,2409 2045,2415 2048,2415 2103,2404 2114,2404 2684,2404 2686,2382 2682,2351 1422,2343 1420,2343 1418,2343 1376,2354 802,2345 799,2345 797,2345 771,2354 773,2389"/>
        <Baseline points="773,2389 2686,2382"/>
        <TextEquiv conf="0.9930823268713774">
          <Unicode>Aguirre Conc. V. 85, Mansi XXI. 1064, Migne 200 p. 518. — „Discretionis vestrae“.</Unicode>
        </TextEquiv>
      </TextLine>
      <TextLine id="eSc_line_705a0d65" custom="structure {type:default;}">
        <Coords points="205,2449 205,2473 384,2464 384,2442 380,2389 315,2376 313,2376 311,2376 285,2389 276,2391 201,2389 205,2449"/>
        <Baseline points="205,2449 384,2442"/>
        <TextEquiv conf="0.9985101670026779">
          <Unicode>„ 6.</Unicode>
        </TextEquiv>
      </TextLine>
      <TextLine id="eSc_line_ade0bdc6" custom="structure {type:default;}">
        <Coords points="505,2455 508,2526 600,2526 598,2451 592,2389 501,2402 505,2455"/>
        <Baseline points="505,2455 598,2451"/>
        <TextEquiv conf="1.0">
          <Unicode>„</Unicode>
        </TextEquiv>
      </TextLine>
      <TextLine id="eSc_line_a4db8142" custom="structure {type:default;}">
        <Coords points="722,2444 722,2468 2686,2464 2688,2435 2684,2407 720,2404 722,2444"/>
        <Baseline points="722,2444 2688,2435"/>
        <TextEquiv conf="0.9917438725630442">
          <Unicode>11460 (7665) Henrico, archiepiscopo Remensi, iam iterum mandat, compellat B. comitem</Unicode>
        </TextEquiv>
      </TextLine>
      <TextLine id="eSc_line_1bfc646b" custom="structure {type:default;}">
        <Coords points="773,2497 773,2519 2684,2521 2688,2493 2684,2464 788,2455 786,2455 784,2455 782,2455 771,2462 773,2497"/>
        <Baseline points="773,2497 2688,2493"/>
        <TextEquiv conf="0.9941322933404874">
          <Unicode>de Henou, ut Amelio de Albiniaco ablatum feodum reddat. Martene Coll. II. 766,</Unicode>
        </TextEquiv>
      </TextLine>
      <TextLine id="eSc_line_9a0adf29" custom="structure {type:default;}">
        <Coords points="771,2550 771,2572 2284,2572 2284,2550 2284,2515 771,2510 771,2550"/>
        <Baseline points="771,2550 2284,2550"/>
        <TextEquiv conf="0.9915909151561925">
          <Unicode>Bouquet Rec. XV. 870, Migne 200 p. 519. — „Per alia scripta“.</Unicode>
        </TextEquiv>
      </TextLine>
      <TextLine id="eSc_line_fd98b3c7" custom="structure {type:default;}">
        <Coords points="201,2612 201,2634 380,2630 380,2608 375,2550 198,2546 201,2612"/>
        <Baseline points="201,2612 380,2608"/>
        <TextEquiv conf="0.9999997317790985">
          <Unicode>„ 6.</Unicode>
        </TextEquiv>
      </TextLine>
      <TextLine id="eSc_line_1f8ed7f1" custom="structure {type:default;}">
        <Coords points="508,2619 508,2630 596,2634 598,2619 592,2550 576,2563 558,2557 543,2550 541,2550 539,2550 536,2550 508,2563 508,2619"/>
        <Baseline points="508,2619 598,2619"/>
        <TextEquiv conf="1.0">
          <Unicode>„</Unicode>
        </TextEquiv>
      </TextLine>
      <TextLine id="eSc_line_44462793" custom="structure {type:default;}">
        <Coords points="724,2608 724,2632 2686,2630 2688,2601 2682,2568 722,2570 724,2608"/>
        <Baseline points="724,2608 2688,2601"/>
        <TextEquiv conf="0.9991520672668646">
          <Unicode>11461 (7666) Henrico, archiepiscopo Remensi, mandat, hortetur Iohannem de Machel-</Unicode>
        </TextEquiv>
      </TextLine>
      <TextLine id="eSc_line_a311a041" custom="structure {type:default;}">
        <Coords points="771,2663 771,2689 2686,2685 2688,2654 2682,2625 768,2632 771,2663"/>
        <Baseline points="771,2663 2688,2654"/>
        <TextEquiv conf="0.9980075344443321">
          <Unicode>curt, ut conventionem cum Amelio factam exsequatur. Martene Coll. II. 767, Migne</Unicode>
        </TextEquiv>
      </TextLine>
      <TextLine id="eSc_line_a95b629a" custom="structure {type:default;}">
        <Coords points="773,2716 773,2740 2315,2736 2315,2716 2315,2685 773,2678 773,2716"/>
        <Baseline points="773,2716 2315,2716"/>
        <TextEquiv conf="0.9999771676957607">
          <Unicode>200 p. 519; vide infra ep. 11483. — „Controversiam, quae inter“.</Unicode>
        </TextEquiv>
      </TextLine>
      <TextLine id="eSc_line_707e1651" custom="structure {type:default;}">
        <Coords points="201,2778 203,2806 262,2784 382,2797 384,2771 380,2733 304,2722 302,2722 271,2729 231,2738 198,2727 201,2778"/>
        <Baseline points="201,2778 384,2771"/>
        <TextEquiv conf="0.9997302889823914">
          <Unicode>„ 7.</Unicode>
        </TextEquiv>
      </TextLine>
      <TextLine id="eSc_line_061a252a" custom="structure {type:default;}">
        <Coords points="510,2786 514,2850 567,2859 570,2859 572,2859 600,2844 596,2780 592,2742 503,2725 510,2786"/>
        <Baseline points="510,2786 596,2780"/>
        <TextEquiv conf="1.0">
          <Unicode>„</Unicode>
        </TextEquiv>
      </TextLine>
      <TextLine id="eSc_line_730a8dcf" custom="structure {type:default;}">
        <Coords points="722,2771 722,2795 2688,2791 2691,2764 2684,2727 720,2738 722,2771"/>
        <Baseline points="722,2771 2691,2764"/>
        <TextEquiv conf="0.9960081252184781">
          <Unicode>11462 Fulcrando, praeposito Magalonensi, scribit, diiudicasse se controversiam inter eum</Unicode>
        </TextEquiv>
      </TextLine>
      <TextLine id="eSc_line_9103d63d" custom="structure {type:default;}">
        <Coords points="773,2824 773,2848 2688,2844 2691,2820 2684,2793 771,2793 773,2824"/>
        <Baseline points="773,2824 2691,2820"/>
        <TextEquiv conf="0.9999952816668852">
          <Unicode>et (Iohannem) eiusdem civitatis episcopum, de electione archidiaconi, ordinatione</Unicode>
        </TextEquiv>
      </TextLine>
      <TextLine id="eSc_line_ba2da0d0" custom="structure {type:default;}">
        <Coords points="477,2886 477,2972 508,2968 508,2886 508,2747 477,2747 477,2886"/>
        <Baseline points="477,2886 508,2886"/>
        <TextEquiv>
          <Unicode></Unicode>
        </TextEquiv>
      </TextLine>
      <TextLine id="eSc_line_94f8a804" custom="structure {type:default;}">
        <Coords points="771,2877 771,2908 2691,2908 2691,2877 2691,2848 771,2848 771,2877"/>
        <Baseline points="771,2877 2691,2877"/>
        <TextEquiv conf="0.9997820994000376">
          <Unicode>ecclesiarum aliisque ortam. Mém. de la soc. de Montpellier V. 527. — „Ex iniuncte</Unicode>
        </TextEquiv>
      </TextLine>
      <TextLine id="eSc_line_4c29803e" custom="structure {type:default;}">
        <Coords points="768,2934 768,2956 943,2956 943,2934 943,2903 768,2903 768,2934"/>
        <Baseline points="768,2934 943,2934"/>
        <TextEquiv conf="0.9999999829701015">
          <Unicode>nobis“.</Unicode>
        </TextEquiv>
      </TextLine>
      <TextLine id="eSc_line_4ae629e4" custom="structure {type:default;}">
        <Coords points="201,2996 201,3021 249,3029 251,3029 254,3029 291,3012 302,3007 309,3009 342,3027 344,3027 346,3027 349,3027 351,3027 386,3005 386,2992 382,2959 329,2948 326,2948 324,2948 322,2948 322,2950 311,2959 245,2950 243,2950 240,2950 198,2961 201,2996"/>
        <Baseline points="201,2996 386,2992"/>
        <TextEquiv conf="0.9999098777770996">
          <Unicode>„ 7.</Unicode>
        </TextEquiv>
      </TextLine>
      <TextLine id="eSc_line_0484130d" custom="structure {type:default;}">
        <Coords points="505,3005 508,3074 567,3078 570,3078 572,3078 574,3078 603,3058 600,2998 596,2959 501,2954 505,3005"/>
        <Baseline points="505,3005 600,2998"/>
        <TextEquiv conf="1.0">
          <Unicode>„</Unicode>
        </TextEquiv>
      </TextLine>
      <TextLine id="eSc_line_dc0dfc90" custom="structure {type:default;}">
        <Coords points="722,2994 722,3012 1071,3025 1073,3025 1075,3025 1109,3014 1115,3012 1122,3014 1155,3023 1157,3023 1159,3023 1460,3014 1612,3009 1716,3014 1860,3021 1862,3021 1926,3014 1992,3007 2019,3014 2034,3018 2037,3018 2039,3018 2390,3016 2392,3016 2397,3014 2421,3005 2450,3014 2456,3016 2459,3016 2461,3016 2489,3014 2611,3005 2688,3014 2691,2983 2686,2950 2076,2939 2074,2939 1919,2950 1871,2952 720,2952 722,2994"/>
        <Baseline points="722,2994 2691,2983"/>
        <TextEquiv conf="0.9924734507078006">
          <Unicode>11463 (lohanni) episcopo Magalonensi idem significat. („IIII. Id. Dec.“ mutavi in</Unicode>
        </TextEquiv>
      </TextLine>
      <TextLine id="eSc_line_b72defeb" custom="structure {type:default;}">
        <Coords points="775,3047 775,3074 2688,3067 2691,3038 2686,3009 773,3009 775,3047"/>
        <Baseline points="775,3047 2691,3038"/>
        <TextEquiv conf="0.9946233251515557">
          <Unicode>„VII. Id. Dec.“; in duabus enim epistolis aut „IIII.“ aut „VII.“ legendum esse puto.)</Unicode>
        </TextEquiv>
      </TextLine>
      <TextLine id="eSc_line_1e867bd2" custom="structure {type:default;}">
        <Coords points="775,3096 773,3120 777,3124 779,3124 779,3127 782,3127 784,3127 786,3127 2249,3118 2251,3100 2249,3067 775,3065 775,3096"/>
        <Baseline points="775,3096 2251,3100"/>
        <TextEquiv conf="0.9971124998858718">
          <Unicode>Mém. de la soc. de Montpellier V. 529. — „Ex iniuncte nobis“.</Unicode>
        </TextEquiv>
      </TextLine>
      <TextLine id="eSc_line_c725c9ea" custom="structure {type:default;}">
        <Coords points="203,3160 203,3193 258,3188 260,3188 262,3188 262,3186 265,3184 278,3171 307,3177 355,3188 357,3188 360,3188 362,3188 362,3186 384,3164 384,3153 380,3115 315,3102 313,3102 311,3102 309,3102 285,3120 282,3120 247,3109 245,3109 243,3109 240,3109 201,3120 203,3160"/>
        <Baseline points="203,3160 384,3153"/>
        <TextEquiv conf="0.9998173415660858">
          <Unicode>„ 7.</Unicode>
        </TextEquiv>
      </TextLine>
      <TextLine id="eSc_line_30a2ab7c" custom="structure {type:default;}">
        <Coords points="505,3164 503,3184 596,3180 598,3168 598,3138 567,3122 565,3122 563,3122 505,3127 505,3164"/>
        <Baseline points="505,3164 598,3168"/>
        <TextEquiv conf="1.0">
          <Unicode>„</Unicode>
        </TextEquiv>
      </TextLine>
      <TextLine id="eSc_line_3c26d787" custom="structure {type:default;}">
        <Coords points="726,3155 726,3177 2693,3171 2693,3149 2688,3120 724,3115 726,3155"/>
        <Baseline points="726,3155 2693,3149"/>
        <TextEquiv conf="0.9938942601041096">
          <Unicode>11464 Guidoni S. Thomae, P. S. Mariae in Garda et R. S. Iohannis in Fontana sacer-</Unicode>
        </TextEquiv>
      </TextLine>
      <TextLine id="eSc_line_5d33069b" custom="structure {type:default;}">
        <Coords points="773,3208 773,3235 2684,3233 2686,3204 2682,3175 1732,3164 1729,3164 1727,3164 1725,3164 1710,3175 795,3166 793,3166 790,3166 771,3175 773,3208"/>
        <Baseline points="773,3208 2686,3204"/>
        <TextEquiv conf="0.9962906078858809">
          <Unicode>dotibus mandat, ut plebi de Medicina obediant. Pflugk-Harttung Iter p. 268. —</Unicode>
        </TextEquiv>
      </TextLine>
      <TextLine id="eSc_line_ceb0e0dd" custom="structure {type:default;}">
        <Coords points="775,3263 775,3286 1175,3281 1175,3263 1173,3230 775,3230 775,3263"/>
        <Baseline points="775,3263 1175,3263"/>
        <TextEquiv conf="0.9996756985783577">
          <Unicode>„Dignum est et“.</Unicode>
        </TextEquiv>
      </TextLine>
      <TextLine id="eSc_line_bf681a5b" custom="structure {type:default;}">
        <Coords points="198,3325 198,3345 386,3339 386,3316 380,3270 260,3283 194,3277 198,3325"/>
        <Baseline points="198,3325 386,3316"/>
        <TextEquiv conf="0.9999919235706329">
          <Unicode>„ 8.</Unicode>
        </TextEquiv>
      </TextLine>
      <TextLine id="eSc_line_8fddec20" custom="structure {type:default;}">
        <Coords points="488,3330 488,3405 598,3405 598,3330 598,3272 488,3272 488,3330"/>
        <Baseline points="488,3330 598,3330"/>
        <TextEquiv conf="1.0">
          <Unicode>„</Unicode>
        </TextEquiv>
      </TextLine>
      <TextLine id="eSc_line_bf1e5de4" custom="structure {type:default;}">
        <Coords points="722,3319 722,3343 2691,3336 2691,3312 2686,3281 2242,3270 2240,3270 720,3283 722,3319"/>
        <Baseline points="722,3319 2691,3312"/>
        <TextEquiv conf="0.9984615264059622">
          <Unicode>11465 (7667) Henrico, archiepiscopo Remensi, mandat, nobilem virum Rainaldum de</Unicode>
        </TextEquiv>
      </TextLine>
      <TextLine id="eSc_line_b95a5e43" custom="structure {type:default;}">
        <Coords points="777,3372 777,3396 2686,3392 2688,3365 2684,3339 775,3339 777,3372"/>
        <Baseline points="777,3372 2688,3365"/>
        <TextEquiv conf="0.9983749971670263">
          <Unicode>Roseto compellat, „ut Aegidio de Cimai dotalitium uxoris suae et cetera ablata resti-</Unicode>
        </TextEquiv>
      </TextLine>
      <TextLine id="eSc_line_83a18b95" custom="structure {type:default;}">
        <Coords points="775,3425 775,3460 1071,3460 1084,3462 1120,3471 1122,3471 1124,3471 1274,3464 1372,3460 1387,3464 1407,3473 1409,3473 1411,3473 1447,3467 1473,3460 1504,3467 1553,3478 1555,3478 1604,3467 1632,3462 1687,3469 1767,3478 1769,3478 1771,3478 1789,3469 1807,3462 1904,3471 2010,3480 2012,3480 2688,3478 2688,3425 2688,3396 775,3394 775,3425"/>
        <Baseline points="775,3425 2688,3425"/>
        <TextEquiv conf="0.9947974756360054">
          <Unicode>tuat“. Martene Coll. II. 767, Bouquet Rec. XV. 870, Migne 200 p. 520. — „Rediens</Unicode>
        </TextEquiv>
      </TextLine>
      <TextLine id="eSc_line_f0e56fa0" custom="structure {type:default;}">
        <Coords points="777,3475 775,3517 930,3537 932,3537 1071,3522 1073,3480 1071,3447 777,3442 777,3475"/>
        <Baseline points="777,3475 1073,3480"/>
        <TextEquiv conf="0.9880663248208853">
          <Unicode>lerosolymis“.</Unicode>
        </TextEquiv>
      </TextLine>
    </TextRegion>
    <TextRegion id="eSc_textblock_09b9dcb4"  custom="structure {type:default;}">
      <Coords points="965,123 1877,123 1904,132 1904,218 945,227 927,176 965,123"/>
      <TextLine id="eSc_line_e25c1d0d" custom="structure {type:default;}">
        <Coords points="954,194 952,216 965,227 967,227 969,227 972,229 1208,229 1208,227 1210,227 1241,216 1296,227 1299,227 1301,227 1354,214 1356,214 1414,229 1416,229 1418,229 1420,229 1460,216 1595,229 1597,229 1665,216 1668,216 1670,216 1703,229 1705,229 1707,229 1710,229 1752,216 1754,216 1776,229 1778,229 1780,229 1782,229 1875,216 1877,198 1875,147 1676,134 1674,134 1672,134 1650,145 1641,136 1641,134 1639,134 1637,134 1634,134 1584,145 1579,145 1575,145 1542,134 1539,134 1537,134 1535,134 1533,134 1533,136 1524,145 1522,147 1444,147 1440,145 1411,132 1409,132 1407,132 1405,132 1358,143 1319,132 1316,132 1314,132 954,141 954,194"/>
        <Baseline points="954,194 1877,198"/>
        <TextEquiv conf="0.9989105749130249">
          <Unicode>ALEXANDER III. 1159—1181.</Unicode>
        </TextEquiv>
      </TextLine>
    </TextRegion>
    <TextRegion id="eSc_textblock_df0cd3fa"  custom="structure {type:default;}">
      <Coords points="2562,132 2724,141 2724,209 2567,236 2540,200 2562,132"/>
      <TextLine id="eSc_line_59a186e3" custom="structure {type:default;}">
        <Coords points="2565,200 2565,227 2686,231 2688,196 2682,139 2560,141 2565,200"/>
        <Baseline points="2565,200 2688,196"/>
        <TextEquiv conf="1.0">
          <Unicode>213</Unicode>
        </TextEquiv>
      </TextLine>
    </TextRegion>
  </Page>
</PcGts>
