<?xml version="1.0" encoding="UTF-8"  standalone="yes"?>
<PcGts xmlns="http://schema.primaresearch.org/PAGE/gts/pagecontent/2019-07-15" xmlns:xsi="http://www.w3.org/2001/XMLSchema-instance" xsi:schemaLocation="http://schema.primaresearch.org/PAGE/gts/pagecontent/2019-07-15 http://schema.primaresearch.org/PAGE/gts/pagecontent/2019-07-15/pagecontent.xsd">
  <Metadata>
	<Creator>escriptorium</Creator>
	<Created>2024-07-19T10:08:31.468525+00:00</Created>
        <LastChange>2024-08-08T08:34:33.678934+00:00</LastChange>
  </Metadata>
  <Page imageFilename="0237.png" imageWidth="3007" imageHeight="3975">
    <TextRegion id="eSc_textblock_2ce967d0"  custom="structure {type:default;}">
      <Coords points="346,159 466,167 475,236 318,262 300,203 346,159"/>
      <TextLine id="eSc_line_ca89c68b" custom="structure {type:default;}">
        <Coords points="322,178 326,229 326,249 448,238 448,223 441,165 322,176 322,178"/>
        <Baseline points="326,229 448,223"/>
        <TextEquiv conf="0.9999995231628418">
          <Unicode>224</Unicode>
        </TextEquiv>
      </TextLine>
    </TextRegion>
    <TextRegion id="eSc_textblock_302ff427"  custom="structure {type:default;}">
      <Coords points="340,309 583,353 872,344 883,318 2900,318 2900,3186 2874,3539 662,3531 592,3495 589,3239 563,3522 318,3513 291,574 300,344 340,309"/>
      <TextLine id="eSc_line_d36a4cbc" custom="structure {type:default;}">
        <Coords points="2724,318 2702,318 2686,318 2576,326 2529,318 2525,318 2503,318 2481,318 2478,318 2459,329 2330,329 2277,318 2260,318 2238,318 2222,318 2200,326 2180,318 2171,318 2149,318 2127,318 2109,318 2074,322 2039,318 2017,318 1995,318 1972,318 1959,318 1933,326 1800,318 1796,318 1774,318 1752,318 1729,318 1718,318 1696,329 1672,318 1663,318 1641,318 1619,318 1597,318 1575,318 1553,318 1531,318 1522,318 1506,329 1383,318 1376,318 1354,318 1347,318 1332,331 1208,331 1170,318 1155,318 1133,318 1126,318 1058,329 1029,318 1022,318 1000,318 978,318 956,318 934,318 912,318 894,318 885,320 868,344 870,373 870,395 1168,395 1170,395 1186,406 1188,406 1190,406 1193,406 1195,406 1228,395 1230,395 1246,395 1394,406 1396,406 1458,395 1469,395 1528,397 1816,406 1818,406 1820,406 1842,397 1855,393 1915,397 1990,404 1992,404 2783,399 2783,368 2779,329 2726,318 2724,318"/>
        <Baseline points="870,373 2783,368"/>
        <TextEquiv conf="0.9854411072201199">
          <Unicode>1169. (Ind. 2. — 25. Sept. — 3, pont. a. 10. — 20. Sept. — 11, 11685. — 25. Mart. — 1169.)</Unicode>
        </TextEquiv>
      </TextLine>
      <TextLine id="eSc_line_77900511" custom="structure {type:default;}">
        <Coords points="344,481 437,492 439,492 441,492 475,479 479,477 563,477 565,435 565,386 514,368 512,368 510,368 508,368 490,377 475,386 435,386 349,359 346,430 344,481"/>
        <Baseline points="346,430 565,435"/>
        <TextEquiv conf="0.9713160917162895">
          <Unicode>lun. 13.</Unicode>
        </TextEquiv>
      </TextLine>
      <TextLine id="eSc_line_00078da6" custom="structure {type:default;}">
        <Coords points="605,432 605,481 843,512 846,432 846,384 605,384 605,432"/>
        <Baseline points="605,432 846,432"/>
        <TextEquiv conf="0.9971722099516127">
          <Unicode>Benerenti</Unicode>
        </TextEquiv>
      </TextLine>
      <TextLine id="eSc_line_5c01cd08" custom="structure {type:default;}">
        <Coords points="901,437 901,459 2863,463 2867,432 2863,397 899,393 901,437"/>
        <Baseline points="901,437 2867,432"/>
        <TextEquiv conf="0.9990275522997213">
          <Unicode>11625 Monasterii S. Mariae Lucediensis possessiones iuraque confirmat, petente Serlone</Unicode>
        </TextEquiv>
      </TextLine>
      <TextLine id="eSc_line_b4f5e2a7" custom="structure {type:default;}">
        <Coords points="952,492 952,514 2319,518 2322,518 2324,518 2364,505 2364,485 2359,457 1948,446 1946,446 1893,457 1886,459 950,459 952,492"/>
        <Baseline points="952,492 2364,485"/>
        <TextEquiv conf="0.9983410064516396">
          <Unicode>abbate. Pflugk-Harttung Iter p. 270. — „Religiosam vitam“.</Unicode>
        </TextEquiv>
      </TextLine>
      <TextLine id="eSc_line_d94089ea" custom="structure {type:default;}">
        <Coords points="901,545 901,571 2867,569 2867,545 2867,514 901,514 901,545"/>
        <Baseline points="901,545 2867,545"/>
        <TextEquiv conf="0.994821895186494">
          <Unicode>11626 (7762) Thomam, archiepiscopum Cantuariensem, totius Angliae primatem et apo-</Unicode>
        </TextEquiv>
      </TextLine>
      <TextLine id="eSc_line_5e36fd1c" custom="structure {type:default;}">
        <Coords points="386,552 391,638 565,627 561,541 556,494 521,481 519,481 517,481 514,481 479,492 446,503 380,490 386,552"/>
        <Baseline points="386,552 561,541"/>
        <TextEquiv conf="0.972021508216858">
          <Unicode>„ 18.</Unicode>
        </TextEquiv>
      </TextLine>
      <TextLine id="eSc_line_2ec99b71" custom="structure {type:default;}">
        <Coords points="687,624 766,624 771,558 771,521 695,499 691,554 687,624"/>
        <Baseline points="691,554 771,558"/>
        <TextEquiv conf="1.0">
          <Unicode>„</Unicode>
        </TextEquiv>
      </TextLine>
      <TextLine id="eSc_line_b83a1da1" custom="structure {type:default;}">
        <Coords points="952,600 952,622 2865,633 2867,600 2865,567 952,567 952,600"/>
        <Baseline points="952,600 2867,600"/>
        <TextEquiv conf="0.9947502635419369">
          <Unicode>stolicae sedis legatum, reprehendit, quod ante nunciorum eius reditum „quaslibet</Unicode>
        </TextEquiv>
      </TextLine>
      <TextLine id="eSc_line_c8532c89" custom="structure {type:default;}">
        <Coords points="954,651 952,677 2861,684 2865,655 2863,624 954,611 954,651"/>
        <Baseline points="954,651 2865,655"/>
        <TextEquiv conf="0.9989004601270725">
          <Unicode>personas regni Anglorum aliqua sententia gravaverit“. Hortatur, ut „sententiam</Unicode>
        </TextEquiv>
      </TextLine>
      <TextLine id="eSc_line_c36dd424" custom="structure {type:default;}">
        <Coords points="956,711 956,733 2863,742 2865,711 2865,682 956,675 956,711"/>
        <Baseline points="956,711 2865,711"/>
        <TextEquiv conf="0.9891539827177797">
          <Unicode>ipsam suspendat, quousque ex responsione nunciorum suorum cognoscat, an rex eum</Unicode>
        </TextEquiv>
      </TextLine>
      <TextLine id="eSc_line_c39ac05d" custom="structure {type:default;}">
        <Coords points="954,764 954,788 2863,792 2865,764 2865,735 954,735 954,764"/>
        <Baseline points="954,764 2865,764"/>
        <TextEquiv conf="0.9984721198849295">
          <Unicode>sibi reconciliare velit“. „Si rex“ inquit „in sua duritia perstiterit, sententiam ipsam</Unicode>
        </TextEquiv>
      </TextLine>
      <TextLine id="eSc_line_9da6c74d" custom="structure {type:default;}">
        <Coords points="954,817 952,845 2858,852 2863,823 2861,786 954,783 954,817"/>
        <Baseline points="954,817 2863,823"/>
        <TextEquiv conf="0.9911286277430398">
          <Unicode>indubitanter poteris revocare“. Epist. S. Thomae ed. Giles II. 22, Migne 200 p. 590,</Unicode>
        </TextEquiv>
      </TextLine>
      <TextLine id="eSc_line_48291cb9" custom="structure {type:default;}">
        <Coords points="952,874 952,896 1977,898 1979,874 1979,845 952,839 952,874"/>
        <Baseline points="952,874 1979,874"/>
        <TextEquiv conf="0.9909966093737904">
          <Unicode>(ed. Lupus p. 520). — „Cum nuncios tuos“.</Unicode>
        </TextEquiv>
      </TextLine>
      <TextLine id="eSc_line_e73c0c1e" custom="structure {type:default;}">
        <Coords points="903,929 903,951 2865,960 2867,929 2867,896 903,889 903,929"/>
        <Baseline points="903,929 2867,929"/>
        <TextEquiv conf="0.99400574270683">
          <Unicode>11627 (7763) Canonicorum cardinalium Ravennatum possessiones confirmat, petente</Unicode>
        </TextEquiv>
      </TextLine>
      <TextLine id="eSc_line_b030c152" custom="structure {type:default;}">
        <Coords points="382,936 384,967 441,951 483,958 523,962 525,962 528,962 556,949 556,929 552,883 377,883 382,936"/>
        <Baseline points="382,936 556,929"/>
        <TextEquiv conf="0.9999999761581421">
          <Unicode>„ 22.</Unicode>
        </TextEquiv>
      </TextLine>
      <TextLine id="eSc_line_fe5f6350" custom="structure {type:default;}">
        <Coords points="698,940 698,962 737,969 740,969 742,969 771,954 771,940 766,821 698,839 698,940"/>
        <Baseline points="698,940 771,940"/>
        <TextEquiv conf="0.9994938373565674">
          <Unicode>„</Unicode>
        </TextEquiv>
      </TextLine>
      <TextLine id="eSc_line_12287014" custom="structure {type:default;}">
        <Coords points="954,984 954,1007 2607,1007 2607,984 2607,954 954,947 954,984"/>
        <Baseline points="954,984 2607,984"/>
        <TextEquiv conf="0.9980030707691027">
          <Unicode>Berardo archidiacono. Fantuzzi Mon. Rav. II. 138. — „Quotiens illud“.</Unicode>
        </TextEquiv>
      </TextLine>
      <TextLine id="eSc_line_5f35111d" custom="structure {type:default;}">
        <Coords points="903,1040 903,1064 2865,1062 2867,1035 2861,1002 901,1002 903,1040"/>
        <Baseline points="903,1040 2867,1035"/>
        <TextEquiv conf="0.9975929771150861">
          <Unicode>11628 (7764) Suffraganeis ecclesiae Panormitanae episcopis, rogatu Willelmi Siciliae</Unicode>
        </TextEquiv>
      </TextLine>
      <TextLine id="eSc_line_0b133219" custom="structure {type:default;}">
        <Coords points="384,1044 384,1066 558,1064 558,1040 554,995 382,993 384,1044"/>
        <Baseline points="384,1044 558,1040"/>
        <TextEquiv conf="0.9999999761581421">
          <Unicode>„ 22.</Unicode>
        </TextEquiv>
      </TextLine>
      <TextLine id="eSc_line_bb9760a5" custom="structure {type:default;}">
        <Coords points="689,1048 684,1115 764,1121 771,1053 771,1002 691,995 689,1048"/>
        <Baseline points="689,1048 771,1053"/>
        <TextEquiv conf="1.0">
          <Unicode>„</Unicode>
        </TextEquiv>
      </TextLine>
      <TextLine id="eSc_line_10cc3190" custom="structure {type:default;}">
        <Coords points="954,1095 954,1119 2863,1121 2867,1090 2861,1062 952,1062 954,1095"/>
        <Baseline points="954,1095 2867,1090"/>
        <TextEquiv conf="0.9947122976749758">
          <Unicode>regis, permittit, ut W(alterium) electum archiepiscopum consecrent, idque coram</Unicode>
        </TextEquiv>
      </TextLine>
      <TextLine id="eSc_line_0ed64725" custom="structure {type:default;}">
        <Coords points="954,1146 952,1168 987,1181 989,1181 992,1181 2863,1172 2865,1150 2863,1119 954,1113 954,1146"/>
        <Baseline points="954,1146 2865,1150"/>
        <TextEquiv conf="0.9970927571966535">
          <Unicode>I(ohanne) tit. S. Stephani presbytero cardinali, pallium deferente. Pirri Sic. sacr.</Unicode>
        </TextEquiv>
      </TextLine>
      <TextLine id="eSc_line_6bfc28e3" custom="structure {type:default;}">
        <Coords points="952,1205 952,1225 2129,1234 2132,1205 2132,1174 952,1174 952,1205"/>
        <Baseline points="952,1205 2132,1205"/>
        <TextEquiv conf="0.999655442578452">
          <Unicode>I. 104, Migne 200 p. 591. — „Venerabilis frater“.</Unicode>
        </TextEquiv>
      </TextLine>
      <TextLine id="eSc_line_4d6ca84d" custom="structure {type:default;}">
        <Coords points="901,1260 901,1283 2865,1289 2867,1260 2867,1225 901,1216 901,1260"/>
        <Baseline points="901,1260 2867,1260"/>
        <TextEquiv conf="0.9924490872551414">
          <Unicode>11629 Monasterium S. Bartholomaei de Carpineto tuendum suscipit, eiusque possessiones</Unicode>
        </TextEquiv>
      </TextLine>
      <TextLine id="eSc_line_4c77df8b" custom="structure {type:default;}">
        <Coords points="382,1265 384,1294 441,1278 472,1287 481,1289 483,1289 486,1289 561,1278 561,1258 556,1199 488,1185 486,1185 377,1203 382,1265"/>
        <Baseline points="382,1265 561,1258"/>
        <TextEquiv conf="0.9927349805831909">
          <Unicode>„ 25.</Unicode>
        </TextEquiv>
      </TextLine>
      <TextLine id="eSc_line_5df7c837" custom="structure {type:default;}">
        <Coords points="698,1272 698,1289 766,1283 766,1267 762,1216 693,1214 698,1272"/>
        <Baseline points="698,1272 766,1267"/>
        <TextEquiv conf="1.0">
          <Unicode>„</Unicode>
        </TextEquiv>
      </TextLine>
      <TextLine id="eSc_line_201a3e36" custom="structure {type:default;}">
        <Coords points="954,1311 954,1336 2631,1336 2633,1316 2631,1283 954,1278 954,1311"/>
        <Baseline points="954,1311 2633,1316"/>
        <TextEquiv conf="0.9914225290218989">
          <Unicode>et iura confirmat. Pflugk-Harttung Iter p. 270. — „Iustis religiosorum“.</Unicode>
        </TextEquiv>
      </TextLine>
      <TextLine id="eSc_line_95a1079c" custom="structure {type:default;}">
        <Coords points="342,1364 338,1446 452,1472 455,1472 457,1472 459,1472 514,1435 519,1433 558,1433 563,1373 563,1329 342,1311 342,1364"/>
        <Baseline points="342,1364 563,1373"/>
        <TextEquiv conf="0.9360574583212534">
          <Unicode>1a. 1.</Unicode>
        </TextEquiv>
      </TextLine>
      <TextLine id="eSc_line_80cc01fc" custom="structure {type:default;}">
        <Coords points="903,1369 903,1395 2867,1395 2867,1369 2867,1338 903,1338 903,1369"/>
        <Baseline points="903,1369 2867,1369"/>
        <TextEquiv conf="0.9947156955214108">
          <Unicode>11630 (7765) Monasterii S. Zenonis Reichenhallensis tutelam suscipit, bonaque et iura</Unicode>
        </TextEquiv>
      </TextLine>
      <TextLine id="eSc_line_a936e16d" custom="structure {type:default;}">
        <Coords points="684,1378 680,1455 773,1472 779,1382 782,1329 684,1327 684,1378"/>
        <Baseline points="684,1378 779,1382"/>
        <TextEquiv conf="1.0">
          <Unicode>„</Unicode>
        </TextEquiv>
      </TextLine>
      <TextLine id="eSc_line_f47f4aa2" custom="structure {type:default;}">
        <Coords points="954,1424 954,1450 2865,1457 2867,1424 2867,1395 954,1395 954,1424"/>
        <Baseline points="954,1424 2867,1424"/>
        <TextEquiv conf="0.9929403306507483">
          <Unicode>confirmat, petente Alhardo praeposito. Hund III. 513, Mon. Boic. III. 544. — „Quo-</Unicode>
        </TextEquiv>
      </TextLine>
      <TextLine id="eSc_line_1ace709b" custom="structure {type:default;}">
        <Coords points="954,1481 954,1508 1343,1495 1345,1477 1341,1448 987,1439 985,1439 983,1439 952,1450 954,1481"/>
        <Baseline points="954,1481 1345,1477"/>
        <TextEquiv conf="0.9999276213347912">
          <Unicode>niam sine vere“.</Unicode>
        </TextEquiv>
      </TextLine>
      <TextLine id="eSc_line_7d28fa9e" custom="structure {type:default;}">
        <Coords points="901,1534 901,1561 2863,1563 2867,1528 2861,1492 899,1497 901,1534"/>
        <Baseline points="901,1534 2867,1528"/>
        <TextEquiv conf="0.9895605902846266">
          <Unicode>11631 (7766) Henrico, archiepiscopo Remensi, mandat post mortem R(oberti) episcopi</Unicode>
        </TextEquiv>
      </TextLine>
      <TextLine id="eSc_line_4f39ebbf" custom="structure {type:default;}">
        <Coords points="371,1545 373,1585 424,1572 554,1574 556,1541 552,1481 490,1470 488,1470 368,1488 371,1545"/>
        <Baseline points="371,1545 556,1541"/>
        <TextEquiv conf="0.9941027760505676">
          <Unicode>„ 2.</Unicode>
        </TextEquiv>
      </TextLine>
      <TextLine id="eSc_line_1cc0da54" custom="structure {type:default;}">
        <Coords points="691,1548 691,1587 768,1587 768,1548 768,1481 735,1468 733,1468 731,1468 729,1468 691,1481 691,1548"/>
        <Baseline points="691,1548 768,1548"/>
        <TextEquiv conf="1.0">
          <Unicode>„</Unicode>
        </TextEquiv>
      </TextLine>
      <TextLine id="eSc_line_58cd9c00" custom="structure {type:default;}">
        <Coords points="961,1590 961,1614 2867,1614 2867,1590 2867,1559 961,1554 961,1590"/>
        <Baseline points="961,1590 2867,1590"/>
        <TextEquiv conf="0.9989853803022408">
          <Unicode>Ambianensis, ut Nicolaum intra dies 20 „in canonicum Ambianensis ecclesiae recipi</Unicode>
        </TextEquiv>
      </TextLine>
      <TextLine id="eSc_line_a7258834" custom="structure {type:default;}">
        <Coords points="954,1645 954,1667 2865,1669 2867,1645 2867,1614 954,1612 954,1645"/>
        <Baseline points="954,1645 2867,1645"/>
        <TextEquiv conf="0.9980772123104189">
          <Unicode>et ipsi stallum in choro faciat assignari, et si qua praebenda, priusquam ibi epi-</Unicode>
        </TextEquiv>
      </TextLine>
      <TextLine id="eSc_line_a02b84c9" custom="structure {type:default;}">
        <Coords points="954,1696 952,1718 2861,1729 2865,1702 2863,1669 954,1662 954,1696"/>
        <Baseline points="954,1696 2865,1702"/>
        <TextEquiv conf="0.9997334858266319">
          <Unicode>scopus substituatur, vacaverit, eam concedat“. Martene Coll. II. 744, Bouquet Rec.</Unicode>
        </TextEquiv>
      </TextLine>
      <TextLine id="eSc_line_3703eacd" custom="structure {type:default;}">
        <Coords points="954,1755 954,1775 1279,1786 1281,1786 1714,1773 1721,1773 1732,1782 1732,1784 1734,1784 1736,1784 1738,1786 1880,1786 1880,1784 2235,1782 2238,1782 2240,1782 2240,1779 2251,1771 2311,1782 2313,1782 2315,1782 2344,1768 2344,1749 2337,1713 952,1722 954,1755"/>
        <Baseline points="954,1755 2344,1749"/>
        <TextEquiv conf="0.9939288772069491">
          <Unicode>XV. 863. Migne 200 p. 592. — „Cum bonae memoriae R.“</Unicode>
        </TextEquiv>
      </TextLine>
      <TextLine id="eSc_line_84ebe856" custom="structure {type:default;}">
        <Coords points="901,1808 901,1832 2861,1835 2865,1804 2861,1775 899,1768 901,1808"/>
        <Baseline points="901,1808 2865,1804"/>
        <TextEquiv conf="0.9942646909909076">
          <Unicode>11632 (7767) Abbatibus ordinis Cisterciensis privilegia quaedam concedit. Henriquez</Unicode>
        </TextEquiv>
      </TextLine>
      <TextLine id="eSc_line_18ec7d38" custom="structure {type:default;}">
        <Coords points="366,1826 366,1852 459,1837 499,1855 501,1855 503,1855 505,1855 556,1852 556,1817 545,1742 517,1755 472,1749 448,1746 446,1746 362,1760 366,1826"/>
        <Baseline points="366,1826 556,1817"/>
        <TextEquiv conf="0.9942769259214401">
          <Unicode>„ 1.</Unicode>
        </TextEquiv>
      </TextLine>
      <TextLine id="eSc_line_fbb7fde4" custom="structure {type:default;}">
        <Coords points="684,1826 684,1852 713,1861 715,1861 718,1861 720,1861 771,1843 771,1821 766,1762 707,1749 704,1749 702,1749 700,1749 680,1760 684,1826"/>
        <Baseline points="684,1826 771,1821"/>
        <TextEquiv conf="1.0">
          <Unicode>„</Unicode>
        </TextEquiv>
      </TextLine>
      <TextLine id="eSc_line_043e9ef3" custom="structure {type:default;}">
        <Coords points="954,1866 954,1892 2863,1883 2865,1861 2858,1830 952,1830 954,1866"/>
        <Baseline points="954,1866 2865,1861"/>
        <TextEquiv conf="0.9932912057492791">
          <Unicode>Regula p. 56, Manrique Ann. Cist. II. 478, Cron. et cartul. de Dunis p. 125, Migne</Unicode>
        </TextEquiv>
      </TextLine>
      <TextLine id="eSc_line_f8e58aaf" custom="structure {type:default;}">
        <Coords points="954,1916 954,1945 2863,1943 2865,1921 2863,1888 954,1879 954,1916"/>
        <Baseline points="954,1916 2865,1921"/>
        <TextEquiv conf="0.9889440364307828">
          <Unicode>200 p. 592, (Comp. II. L. 1. t. 6. c. 1, L. 2. t. 19. c. 5, Decr. Greg. L. 1. t. 10. c. 1,</Unicode>
        </TextEquiv>
      </TextLine>
      <TextLine id="eSc_line_4df73269" custom="structure {type:default;}">
        <Coords points="952,1976 952,1998 2863,1994 2865,1972 2861,1941 950,1936 952,1976"/>
        <Baseline points="952,1976 2865,1972"/>
        <TextEquiv conf="0.9963307782505335">
          <Unicode>L. II. t. 28. c. 34). — „Attendentes, quomodo“ („Quia nos elegit“ „Statuimus praeterea“).</Unicode>
        </TextEquiv>
      </TextLine>
      <TextLine id="eSc_line_85c34d8d" custom="structure {type:default;}">
        <Coords points="901,2027 901,2053 2865,2058 2867,2027 2867,1998 901,1996 901,2027"/>
        <Baseline points="901,2027 2867,2027"/>
        <TextEquiv conf="0.9995448880252384">
          <Unicode>11633 (7768) Archiepiscopos, episcopos, abbates in Cisterciensi capitulo congregatos</Unicode>
        </TextEquiv>
      </TextLine>
      <TextLine id="eSc_line_b8a5900c" custom="structure {type:default;}">
        <Coords points="554,1987 492,1974 490,1974 488,1974 459,1983 424,1991 373,1978 375,2042 377,2073 435,2053 477,2071 479,2071 481,2071 483,2071 486,2071 488,2071 488,2069 505,2058 556,2067 558,2036 554,1987"/>
        <Baseline points="375,2042 558,2036"/>
        <TextEquiv conf="0.9999997615814209">
          <Unicode>„ 19.</Unicode>
        </TextEquiv>
      </TextLine>
      <TextLine id="eSc_line_f1acb293" custom="structure {type:default;}">
        <Coords points="684,2044 684,2179 773,2168 773,2044 771,1934 684,1943 684,2044"/>
        <Baseline points="684,2044 773,2044"/>
        <TextEquiv conf="0.9999998807907104">
          <Unicode>„</Unicode>
        </TextEquiv>
      </TextLine>
      <TextLine id="eSc_line_39dfbe37" custom="structure {type:default;}">
        <Coords points="954,2084 954,2111 2863,2104 2865,2078 2861,2047 952,2047 954,2084"/>
        <Baseline points="954,2084 2865,2078"/>
        <TextEquiv conf="0.9970428254869249">
          <Unicode>hortatur, ut patrum ordinis Cisterciensis, de ecclesia bene meriti, vestigia persequantur.</Unicode>
        </TextEquiv>
      </TextLine>
      <TextLine id="eSc_line_52a2e9fc" custom="structure {type:default;}">
        <Coords points="954,2139 954,2173 2861,2159 2863,2133 2856,2095 952,2108 954,2139"/>
        <Baseline points="954,2139 2863,2133"/>
        <TextEquiv conf="0.9972611614843694">
          <Unicode>(Pontium) abbatem Claraevallensem, „pro inevitabili necessitate promovendae pacis“</Unicode>
        </TextEquiv>
      </TextLine>
      <TextLine id="eSc_line_603b36d4" custom="structure {type:default;}">
        <Coords points="954,2197 954,2221 2863,2219 2865,2192 2861,2157 1186,2155 1184,2155 952,2166 954,2197"/>
        <Baseline points="954,2197 2865,2192"/>
        <TextEquiv conf="0.9981820343376754">
          <Unicode>a sese retentum, excusat. Manrique Ann. Cist. II. 500, Duchesne Hist. Fr. SS.</Unicode>
        </TextEquiv>
      </TextLine>
      <TextLine id="eSc_line_4e29c0eb" custom="structure {type:default;}">
        <Coords points="954,2250 954,2279 2858,2279 2861,2245 2856,2214 952,2208 954,2250"/>
        <Baseline points="954,2250 2861,2245"/>
        <TextEquiv conf="0.9958887839317322">
          <Unicode>IV. 478, Henriquez Regula p. 239, Bouquet Rec. XV. 877, Migne 200 p. 594. —</Unicode>
        </TextEquiv>
      </TextLine>
      <TextLine id="eSc_line_7692b7e6" custom="structure {type:default;}">
        <Coords points="952,2305 952,2336 1787,2320 1789,2298 1782,2267 950,2272 952,2305"/>
        <Baseline points="952,2305 1789,2298"/>
        <TextEquiv conf="0.9812255452076594">
          <Unicode>„Inter innumeras“ „Inter universas“.</Unicode>
        </TextEquiv>
      </TextLine>
      <TextLine id="eSc_line_6a59536e" custom="structure {type:default;}">
        <Coords points="903,2360 903,2389 2867,2385 2867,2354 2863,2320 901,2316 903,2360"/>
        <Baseline points="903,2360 2867,2354"/>
        <TextEquiv conf="0.9996147170124283">
          <Unicode>11634 (7773) Parthenonum S. Fabiani Farinatensis et S. Damiani Donariensis, (quorum</Unicode>
        </TextEquiv>
      </TextLine>
      <TextLine id="eSc_line_8d81a729" custom="structure {type:default;}">
        <Coords points="380,2367 380,2391 393,2398 395,2398 397,2398 399,2398 419,2391 452,2380 472,2393 481,2402 483,2402 486,2402 488,2402 556,2398 556,2362 550,2314 377,2316 380,2367"/>
        <Baseline points="380,2367 556,2362"/>
        <TextEquiv conf="0.9652772307395935">
          <Unicode>„ 22.</Unicode>
        </TextEquiv>
      </TextLine>
      <TextLine id="eSc_line_79fecd01" custom="structure {type:default;}">
        <Coords points="689,2373 689,2389 771,2391 773,2373 773,2309 689,2309 689,2373"/>
        <Baseline points="689,2373 773,2373"/>
        <TextEquiv conf="1.0">
          <Unicode>„</Unicode>
        </TextEquiv>
      </TextLine>
      <TextLine id="eSc_line_682bc6a6" custom="structure {type:default;}">
        <Coords points="954,2413 954,2438 2863,2433 2865,2409 2858,2380 952,2382 954,2413"/>
        <Baseline points="954,2413 2865,2409"/>
        <TextEquiv conf="0.9992967580820059">
          <Unicode>illum a comitibus Bergomensibus constructum et sub censu annuo duodecim dena-</Unicode>
        </TextEquiv>
      </TextLine>
      <TextLine id="eSc_line_17b91113" custom="structure {type:default;}">
        <Coords points="954,2471 954,2495 2861,2497 2865,2466 2861,2435 983,2426 980,2426 978,2426 952,2435 954,2471"/>
        <Baseline points="954,2471 2865,2466"/>
        <TextEquiv conf="0.9983641547315261">
          <Unicode>riorum Mediolanensium b. Petro oblatum esse narrat), tutelam suscipit, ac libertatem,</Unicode>
        </TextEquiv>
      </TextLine>
      <TextLine id="eSc_line_41ced48a" custom="structure {type:default;}">
        <Coords points="952,2521 952,2550 2861,2552 2865,2517 2858,2486 950,2491 952,2521"/>
        <Baseline points="952,2521 2865,2517"/>
        <TextEquiv conf="0.9999996132966948">
          <Unicode>possessiones, privilegia confirmat, Taide abbatissa per G(aldinum), archiepiscopum</Unicode>
        </TextEquiv>
      </TextLine>
      <TextLine id="eSc_line_b1d68df3" custom="structure {type:default;}">
        <Coords points="954,2579 954,2601 2858,2605 2863,2574 2858,2544 952,2541 954,2579"/>
        <Baseline points="954,2579 2863,2574"/>
        <TextEquiv conf="0.9986292060216267">
          <Unicode>Mediolanensem, et Albertum, episcopum Laudensem, petente. („XI. kal. Aug.“)</Unicode>
        </TextEquiv>
      </TextLine>
      <TextLine id="eSc_line_3d6df853" custom="structure {type:default;}">
        <Coords points="954,2634 954,2654 2863,2656 2865,2634 2865,2601 954,2599 954,2634"/>
        <Baseline points="954,2634 2865,2634"/>
        <TextEquiv conf="0.9959275105169841">
          <Unicode>Ughelli It. sacr. IV. 672, Vignati Cod. dipl. Laud. II. 55, Cappelletti Chiese d&#x27;It.</Unicode>
        </TextEquiv>
      </TextLine>
      <TextLine id="eSc_line_f2619a27" custom="structure {type:default;}">
        <Coords points="954,2689 954,2711 2865,2711 2865,2689 2865,2656 2834,2645 2832,2645 2830,2645 2737,2658 2699,2658 2383,2658 2381,2656 2357,2645 2355,2645 2353,2645 2258,2656 2246,2656 2240,2656 2189,2645 2187,2645 2132,2656 2123,2656 2112,2654 2059,2645 2056,2645 2012,2654 2001,2656 1981,2654 1895,2645 1893,2645 1807,2654 1776,2658 1637,2658 1630,2654 1619,2645 1617,2645 1615,2645 1612,2645 1559,2654 1533,2656 1502,2652 1438,2645 1436,2645 1391,2652 1365,2656 1325,2652 1261,2645 1259,2645 1224,2652 1199,2656 1179,2652 1155,2645 1153,2645 1151,2645 954,2650 954,2689"/>
        <Baseline points="954,2689 2865,2689"/>
        <TextEquiv conf="0.9947301019460727">
          <Unicode>XII. 345, Migne 200 p. 602. — „Ad hoc universalium“ (leg. puto „universalis“).</Unicode>
        </TextEquiv>
      </TextLine>
      <TextLine id="eSc_line_be67b195" custom="structure {type:default;}">
        <Coords points="901,2744 901,2778 2863,2762 2865,2738 2861,2707 899,2707 901,2744"/>
        <Baseline points="901,2744 2865,2738"/>
        <TextEquiv conf="0.9972501361653918">
          <Unicode>11635 (7769) Clero, iudicibus, universo populo Beneventano praecipit, ne uti consue-</Unicode>
        </TextEquiv>
      </TextLine>
      <TextLine id="eSc_line_432975db" custom="structure {type:default;}">
        <Coords points="375,2753 375,2820 558,2820 558,2749 552,2694 373,2700 375,2753"/>
        <Baseline points="375,2753 558,2749"/>
        <TextEquiv conf="0.9729840397834778">
          <Unicode>„ 24.</Unicode>
        </TextEquiv>
      </TextLine>
      <TextLine id="eSc_line_07023dac" custom="structure {type:default;}">
        <Coords points="689,2758 689,2767 729,2782 731,2782 733,2782 735,2782 779,2764 779,2753 771,2616 695,2605 693,2605 691,2605 689,2605 680,2610 689,2758"/>
        <Baseline points="689,2758 779,2753"/>
        <TextEquiv>
          <Unicode></Unicode>
        </TextEquiv>
      </TextLine>
      <TextLine id="eSc_line_edbbc2e3" custom="structure {type:default;}">
        <Coords points="952,2800 952,2822 2863,2820 2865,2795 2858,2764 950,2767 952,2800"/>
        <Baseline points="952,2800 2865,2795"/>
        <TextEquiv conf="0.9996650857584817">
          <Unicode>tudine pergant, qua „mercatores, viatores et peregrini hospitio apud aliquem in ipsa</Unicode>
        </TextEquiv>
      </TextLine>
      <TextLine id="eSc_line_c811daf2" custom="structure {type:default;}">
        <Coords points="952,2853 952,2875 2861,2879 2863,2853 2863,2817 952,2817 952,2853"/>
        <Baseline points="952,2853 2863,2853"/>
        <TextEquiv conf="0.998811389718737">
          <Unicode>civitate recepti, si contingat eos ibi aliqua infirmitate gravari, nec domum egredi,</Unicode>
        </TextEquiv>
      </TextLine>
      <TextLine id="eSc_line_dc492e58" custom="structure {type:default;}">
        <Coords points="954,2906 954,2934 2865,2934 2865,2906 2865,2877 954,2877 954,2906"/>
        <Baseline points="954,2906 2865,2906"/>
        <TextEquiv conf="0.9941391944885254">
          <Unicode>nec testamentum de rebus suis facere, nec sepulturam ubi voluerint si decesserint</Unicode>
        </TextEquiv>
      </TextLine>
      <TextLine id="eSc_line_ec774026" custom="structure {type:default;}">
        <Coords points="954,2961 954,2985 2863,2987 2865,2961 2865,2930 954,2923 954,2961"/>
        <Baseline points="954,2961 2865,2961"/>
        <TextEquiv conf="0.9927044675267976">
          <Unicode>eligere permittantur, sed res eorum partim curiae apostolicae, partim ecclesiae, partim</Unicode>
        </TextEquiv>
      </TextLine>
      <TextLine id="eSc_line_b66df459" custom="structure {type:default;}">
        <Coords points="952,3018 952,3040 2863,3049 2865,3018 2865,2985 952,2985 952,3018"/>
        <Baseline points="952,3018 2865,3018"/>
        <TextEquiv conf="0.9916987972087171">
          <Unicode>hospitibus dispergantur“. Borgia Mem. ist. di Benevento III. 157, Migne 200 p. 595.</Unicode>
        </TextEquiv>
      </TextLine>
      <TextLine id="eSc_line_17bb64c4" custom="structure {type:default;}">
        <Coords points="956,3071 956,3089 1168,3102 1170,3102 1407,3100 1409,3100 1453,3085 1453,3067 1449,3036 1071,3032 1069,3032 954,3043 956,3071"/>
        <Baseline points="956,3071 1453,3067"/>
        <TextEquiv conf="0.9987659517087435">
          <Unicode>— „Sicut in vanum“.</Unicode>
        </TextEquiv>
      </TextLine>
      <TextLine id="eSc_line_f027813f" custom="structure {type:default;}">
        <Coords points="901,3124 901,3151 2863,3146 2865,3120 2863,3089 2812,3076 2810,3076 2808,3076 2730,3087 2691,3076 2688,3076 2686,3076 2454,3087 2423,3087 2412,3087 2341,3076 2339,3076 2337,3076 2335,3076 2319,3085 2317,3087 2304,3085 2231,3076 2229,3076 2151,3085 2129,3087 2112,3085 2054,3076 2052,3076 1948,3085 1880,3089 1864,3085 1849,3078 1847,3078 1844,3078 1813,3082 1782,3089 899,3080 901,3124"/>
        <Baseline points="901,3124 2865,3120"/>
        <TextEquiv conf="0.9997507266700267">
          <Unicode>11636 (7770) Ecclesiam Astensem tuendam suscipit, canonicorumque possessiones et</Unicode>
        </TextEquiv>
      </TextLine>
      <TextLine id="eSc_line_e858291a" custom="structure {type:default;}">
        <Coords points="693,3135 693,3155 775,3149 775,3131 771,3080 689,3074 693,3135"/>
        <Baseline points="693,3135 775,3131"/>
        <TextEquiv conf="1.0">
          <Unicode>„</Unicode>
        </TextEquiv>
      </TextLine>
      <TextLine id="eSc_line_ffab7c5a" custom="structure {type:default;}">
        <Coords points="384,3138 386,3186 450,3160 556,3166 558,3131 552,3058 380,3071 384,3138"/>
        <Baseline points="384,3138 558,3131"/>
        <TextEquiv conf="0.9993647813796998">
          <Unicode>„ 25.</Unicode>
        </TextEquiv>
      </TextLine>
      <TextLine id="eSc_line_09f86989" custom="structure {type:default;}">
        <Coords points="954,3182 954,3204 2861,3206 2865,3177 2858,3146 952,3146 954,3182"/>
        <Baseline points="954,3182 2865,3177"/>
        <TextEquiv conf="0.9984591933618109">
          <Unicode>iura confirmat, Nicolao archidiacono et Gardulfo praeposito petentibus. Hist. Patr.</Unicode>
        </TextEquiv>
      </TextLine>
      <TextLine id="eSc_line_49a823c0" custom="structure {type:default;}">
        <Coords points="956,3235 956,3263 2863,3263 2863,3235 2863,3204 956,3199 956,3235"/>
        <Baseline points="956,3235 2863,3235"/>
        <TextEquiv conf="0.9953997780879339">
          <Unicode>Mon. Chart. I. 853, Ughelli It. sacr. IV. 368, Migne 200 p. 597. — „Officii nostri“.</Unicode>
        </TextEquiv>
      </TextLine>
      <TextLine id="eSc_line_fc573c15" custom="structure {type:default;}">
        <Coords points="901,3290 901,3316 2861,3319 2865,3286 2861,3257 899,3250 901,3290"/>
        <Baseline points="901,3290 2865,3286"/>
        <TextEquiv conf="0.9951802759334959">
          <Unicode>11637 (7771) Proceres, milites et universos Christi fideles, proposita peccatorum venia</Unicode>
        </TextEquiv>
      </TextLine>
      <TextLine id="eSc_line_8e8fbc8d" custom="structure {type:default;}">
        <Coords points="673,3314 775,3312 777,3294 773,3259 735,3246 733,3246 731,3246 729,3246 700,3261 689,3266 671,3261 673,3301 673,3314"/>
        <Baseline points="673,3301 777,3294"/>
        <TextEquiv conf="0.713410496711731">
          <Unicode>„</Unicode>
        </TextEquiv>
      </TextLine>
      <TextLine id="eSc_line_385c44d2" custom="structure {type:default;}">
        <Coords points="377,3303 380,3369 556,3369 554,3294 550,3248 373,3246 377,3303"/>
        <Baseline points="377,3303 554,3294"/>
        <TextEquiv conf="0.996189558506012">
          <Unicode>„ 39.</Unicode>
        </TextEquiv>
      </TextLine>
      <TextLine id="eSc_line_e8697443" custom="structure {type:default;}">
        <Coords points="956,3343 956,3367 2863,3369 2865,3343 2865,3312 956,3312 956,3343"/>
        <Baseline points="956,3343 2865,3343"/>
        <TextEquiv conf="0.9909844295478162">
          <Unicode>ut ecclesiae Orientali subveniant monet, „tamquam Deo exhortante per (Fridericum)</Unicode>
        </TextEquiv>
      </TextLine>
      <TextLine id="eSc_line_0284fe27" custom="structure {type:default;}">
        <Coords points="956,3396 956,3422 2865,3422 2865,3396 2865,3367 956,3361 956,3396"/>
        <Baseline points="956,3396 2865,3396"/>
        <TextEquiv conf="0.9904641340940427">
          <Unicode>Tyrensem archiepiscopum, (Iohannem) Paneadensem episcopum, et G(uidonem) prae-</Unicode>
        </TextEquiv>
      </TextLine>
      <TextLine id="eSc_line_f503e0db" custom="structure {type:default;}">
        <Coords points="954,3451 954,3478 1014,3491 1016,3491 1082,3480 1087,3480 1098,3480 1292,3491 1294,3491 1354,3482 1369,3480 1416,3482 1573,3491 1575,3491 1619,3484 1643,3480 1681,3484 1747,3491 1749,3491 1752,3491 1771,3484 1785,3480 2863,3491 2865,3451 2865,3422 954,3418 954,3451"/>
        <Baseline points="954,3451 2865,3451"/>
        <TextEquiv conf="0.988035138112953">
          <Unicode>ceptorem Hospitalis et nobilem virum A. de Landast“. Martene Coll. II. 747, Bouquet</Unicode>
        </TextEquiv>
      </TextLine>
      <TextLine id="eSc_line_e003b45e" custom="structure {type:default;}">
        <Coords points="954,3506 954,3562 998,3573 1000,3573 1003,3573 1005,3573 1020,3562 1029,3559 1142,3559 1157,3562 1230,3579 1232,3579 1235,3579 1288,3562 1299,3559 1332,3559 1334,3562 1356,3581 1358,3581 1360,3581 1363,3584 1475,3584 1475,3581 1478,3581 1515,3566 1615,3581 1617,3581 1619,3581 1621,3581 1621,3579 1639,3566 1659,3581 1661,3581 1663,3581 1665,3581 1668,3581 1696,3570 1721,3581 1723,3581 1725,3581 1727,3581 1729,3581 1752,3564 1771,3579 1771,3581 1774,3581 1776,3581 1778,3584 1827,3584 1827,3581 1829,3581 1875,3568 1904,3579 1906,3579 1908,3579 1911,3579 1946,3562 1948,3559 1950,3562 1972,3575 1975,3575 1977,3575 1979,3575 1981,3575 1984,3575 1999,3562 2003,3559 2129,3559 2143,3562 2262,3581 2264,3581 2266,3581 2269,3581 2286,3566 2372,3559 2372,3506 2370,3473 954,3475 954,3506"/>
        <Baseline points="954,3506 2372,3506"/>
        <TextEquiv conf="0.9781149295823914">
          <Unicode>Rec. XV. 878. Migne 200 p. 599. — „Luter ommis, qune in“</Unicode>
        </TextEquiv>
      </TextLine>
    </TextRegion>
    <TextRegion id="eSc_textblock_5a02902a"  custom="structure {type:default;}">
      <Coords points="1504,150 2070,159 2079,236 2061,262 1164,262 1102,227 1120,159 1504,150"/>
      <TextLine id="eSc_line_8105df83" custom="structure {type:default;}">
        <Coords points="1824,154 1822,154 1818,154 1796,154 1780,154 1778,154 1641,174 1597,154 1595,154 1592,154 1520,170 1502,156 1500,156 1497,156 1495,156 1444,167 1427,156 1425,156 1422,156 1420,156 1418,156 1374,172 1248,156 1246,156 1133,178 1135,227 1135,247 2054,253 2059,223 2054,176 1953,161 1950,161 1851,174 1827,154 1824,154"/>
        <Baseline points="1135,227 2059,223"/>
        <TextEquiv conf="0.9950537061691285">
          <Unicode>ALEXANDER III. 1159—1181.</Unicode>
        </TextEquiv>
      </TextLine>
    </TextRegion>
  </Page>
</PcGts>
