<?xml version="1.0" encoding="UTF-8"  standalone="yes"?>
<PcGts xmlns="http://schema.primaresearch.org/PAGE/gts/pagecontent/2019-07-15" xmlns:xsi="http://www.w3.org/2001/XMLSchema-instance" xsi:schemaLocation="http://schema.primaresearch.org/PAGE/gts/pagecontent/2019-07-15 http://schema.primaresearch.org/PAGE/gts/pagecontent/2019-07-15/pagecontent.xsd">
  <Metadata>
	<Creator>escriptorium</Creator>
	<Created>2024-07-19T10:09:00.711399+00:00</Created>
        <LastChange>2024-08-08T08:35:11.368578+00:00</LastChange>
  </Metadata>
  <Page imageFilename="0244.png" imageWidth="3007" imageHeight="3975">
    <TextRegion id="eSc_textblock_05d59906"  custom="structure {type:default;}">
      <Coords points="673,309 2680,309 2662,3531 742,3557 97,3522 70,415 132,318 333,318 368,344 380,318 642,335 673,309"/>
      <TextLine id="eSc_line_cdcb18d7" custom="structure {type:default;}">
        <Coords points="2547,309 2525,309 2503,309 2481,309 2467,309 2375,313 2330,309 2326,309 2304,309 2282,309 2260,309 2238,309 2216,309 2196,309 2169,315 2136,309 2127,309 2105,309 2083,309 2061,309 2039,309 1990,315 1961,311 1950,309 1928,309 1906,309 1893,309 1877,311 1851,315 1838,313 1822,309 1818,309 1796,309 1774,309 1752,309 1747,309 1714,313 1679,318 1648,315 1597,309 1597,309 1575,309 1557,309 1478,318 1460,318 1455,318 1433,309 1420,309 1402,309 1372,318 1363,320 1270,320 673,309 671,309 669,309 647,326 649,368 649,404 768,388 837,399 839,399 1034,386 1402,401 1405,401 1480,386 1548,399 1551,399 1734,386 1796,399 1798,399 1877,386 1915,397 1917,397 1919,397 2094,395 2096,395 2129,382 2291,395 2293,395 2399,379 2454,395 2456,395 2459,397 2565,397 2567,357 2560,309 2547,309"/>
        <Baseline points="649,368 2567,357"/>
        <TextEquiv conf="0.9807617312736725">
          <Unicode>1170. (Ind. 3. — 25. Sept. — 4, pont. a. 11. — 2u. Sept. — 12, 1769. — 25. Mart. — 1170.)</Unicode>
        </TextEquiv>
      </TextLine>
      <TextLine id="eSc_line_1aa48520" custom="structure {type:default;}">
        <Coords points="103,430 103,518 289,514 289,430 289,386 103,359 103,430"/>
        <Baseline points="103,430 289,430"/>
        <TextEquiv conf="0.9636585593223572">
          <Unicode>(ebr)</Unicode>
        </TextEquiv>
      </TextLine>
      <TextLine id="eSc_line_b9f3192f" custom="structure {type:default;}">
        <Coords points="360,430 364,527 402,507 441,518 472,527 475,527 477,527 572,525 574,525 576,525 607,499 609,496 640,494 640,424 634,357 589,359 587,359 585,359 581,362 547,384 466,377 391,371 388,371 386,371 357,386 360,430"/>
        <Baseline points="360,430 640,424"/>
        <TextEquiv conf="0.8923869927724203">
          <Unicode>(enevent,</Unicode>
        </TextEquiv>
      </TextLine>
      <TextLine id="eSc_line_4f98d421" custom="structure {type:default;}">
        <Coords points="673,428 673,452 2642,454 2646,424 2640,388 671,388 673,428"/>
        <Baseline points="673,428 2646,424"/>
        <TextEquiv conf="0.9930682656276657">
          <Unicode>11727 (7837) *Universis episcopis et ceteris ecclesiarum praelatis per Rotomagensem</Unicode>
        </TextEquiv>
      </TextLine>
      <TextLine id="eSc_line_3e2dcd74" custom="structure {type:default;}">
        <Coords points="731,483 731,518 2646,518 2646,483 2646,452 731,452 731,483"/>
        <Baseline points="731,483 2646,483"/>
        <TextEquiv conf="0.9897954140801027">
          <Unicode>provinciam constitutis de interdicto idem praecepti dat. Epist. S. Thomae ed. Giles</Unicode>
        </TextEquiv>
      </TextLine>
      <TextLine id="eSc_line_ed7802d0" custom="structure {type:default;}">
        <Coords points="731,538 731,558 1917,560 1919,538 1919,507 731,507 731,538"/>
        <Baseline points="731,538 1919,538"/>
        <TextEquiv conf="0.9977865731716156">
          <Unicode>II. 74, ed. Lupus p. 707. — („Noverit industria“).</Unicode>
        </TextEquiv>
      </TextLine>
      <TextLine id="eSc_line_261666ec" custom="structure {type:default;}">
        <Coords points="136,596 132,677 240,671 245,600 245,552 196,541 194,541 192,541 136,547 136,596"/>
        <Baseline points="136,596 245,600"/>
        <TextEquiv conf="0.9999975363413492">
          <Unicode>(„)</Unicode>
        </TextEquiv>
      </TextLine>
      <TextLine id="eSc_line_9159b266" custom="structure {type:default;}">
        <Coords points="459,596 457,627 561,624 563,602 563,560 499,541 497,541 494,541 492,541 461,549 459,596"/>
        <Baseline points="459,596 563,602"/>
        <TextEquiv conf="1.0">
          <Unicode>(„)</Unicode>
        </TextEquiv>
      </TextLine>
      <TextLine id="eSc_line_44d623b4" custom="structure {type:default;}">
        <Coords points="682,596 682,620 2644,622 2646,596 2646,558 682,558 682,596"/>
        <Baseline points="682,596 2646,596"/>
        <TextEquiv conf="0.9952286932357522">
          <Unicode>11728 (7838) (Rotrodo), archiepiscopo Rotomagensi, et (Bernardo), episcopo Nivernensi,</Unicode>
        </TextEquiv>
      </TextLine>
      <TextLine id="eSc_line_d50d868b" custom="structure {type:default;}">
        <Coords points="733,649 733,669 2644,671 2646,649 2646,618 733,611 733,649"/>
        <Baseline points="733,649 2646,649"/>
        <TextEquiv conf="0.9970344079703819">
          <Unicode>scribit, delatum sibi esse, Henricum regem in Angliam transiisse. Mandat, ut intra</Unicode>
        </TextEquiv>
      </TextLine>
      <TextLine id="eSc_line_5d3e9b93" custom="structure {type:default;}">
        <Coords points="731,704 731,730 2649,722 2649,700 2642,669 729,671 731,704"/>
        <Baseline points="731,704 2649,700"/>
        <TextEquiv conf="0.9998719075391459">
          <Unicode>dies 20 ad eum festinent, mandata prioribus litteris data persequantur, epistolas suas</Unicode>
        </TextEquiv>
      </TextLine>
      <TextLine id="eSc_line_5429d4d5" custom="structure {type:default;}">
        <Coords points="731,759 731,783 2644,783 2646,753 2640,724 729,728 731,759"/>
        <Baseline points="731,759 2646,753"/>
        <TextEquiv conf="0.9998996529398085">
          <Unicode>ad archiepiscopos et episcopos de observando interdicto deferendas curent. Hacc</Unicode>
        </TextEquiv>
      </TextLine>
      <TextLine id="eSc_line_19bdea3c" custom="structure {type:default;}">
        <Coords points="733,812 733,836 2644,832 2646,808 2640,779 731,779 733,812"/>
        <Baseline points="733,812 2646,808"/>
        <TextEquiv conf="0.9972388422352144">
          <Unicode>addit: „regi proponatis, quod si nec sic resipuerit, personae suae, sicut nec Frederico</Unicode>
        </TextEquiv>
      </TextLine>
      <TextLine id="eSc_line_4ce07d39" custom="structure {type:default;}">
        <Coords points="733,870 733,889 2644,898 2646,870 2646,839 733,832 733,870"/>
        <Baseline points="733,870 2646,870"/>
        <TextEquiv conf="0.9998193868884334">
          <Unicode>dicto imperatori fecimus, nequaquam parcemus“, Epist. S. Thomae ed. Giles II. 59,</Unicode>
        </TextEquiv>
      </TextLine>
      <TextLine id="eSc_line_2ca68944" custom="structure {type:default;}">
        <Coords points="733,923 733,945 2644,942 2644,923 2644,892 733,883 733,923"/>
        <Baseline points="733,923 2644,923"/>
        <TextEquiv conf="0.9941216654415372">
          <Unicode>ed. Lupus p. 701, Migne 200 p. 647; cf. Reuter II. 676. — „Quoniam de vestrae“.</Unicode>
        </TextEquiv>
      </TextLine>
      <TextLine id="eSc_line_33661bd5" custom="structure {type:default;}">
        <Coords points="136,987 136,1004 161,1018 163,1018 165,1018 243,1004 243,987 243,942 136,934 136,987"/>
        <Baseline points="136,987 243,987"/>
        <TextEquiv conf="0.9998606642087301">
          <Unicode>(„)</Unicode>
        </TextEquiv>
      </TextLine>
      <TextLine id="eSc_line_df90c014" custom="structure {type:default;}">
        <Coords points="457,982 452,1060 519,1051 558,1062 567,987 567,942 457,931 457,982"/>
        <Baseline points="457,982 567,987"/>
        <TextEquiv conf="0.9999998013178507">
          <Unicode>(„)</Unicode>
        </TextEquiv>
      </TextLine>
      <TextLine id="eSc_line_2987f886" custom="structure {type:default;}">
        <Coords points="680,978 680,1000 2644,1009 2646,978 2646,947 680,940 680,978"/>
        <Baseline points="680,978 2646,978"/>
        <TextEquiv conf="0.9999991960641814">
          <Unicode>11729 (7839) Rotrodo, archiepiscopo Rotomagensi, et Bernardo, episcopo Nivernensi,</Unicode>
        </TextEquiv>
      </TextLine>
      <TextLine id="eSc_line_cc62f103" custom="structure {type:default;}">
        <Coords points="733,1033 733,1064 2644,1053 2646,1029 2642,998 731,998 733,1033"/>
        <Baseline points="733,1033 2646,1029"/>
        <TextEquiv conf="0.9976782059094992">
          <Unicode>praescribit, quibus a Thoma, archiepiscopo Cantuariensi, excommunicatis communionem</Unicode>
        </TextEquiv>
      </TextLine>
      <TextLine id="eSc_line_02171fdb" custom="structure {type:default;}">
        <Coords points="733,1086 731,1108 2640,1119 2644,1090 2642,1057 733,1053 733,1086"/>
        <Baseline points="733,1086 2644,1090"/>
        <TextEquiv conf="0.9970845755858299">
          <Unicode>reddant, quibus denegent. Epist. S. Thomae ed. Giles II. 61, ed. Lupus p. 702,</Unicode>
        </TextEquiv>
      </TextLine>
      <TextLine id="eSc_line_05548ae4" custom="structure {type:default;}">
        <Coords points="731,1146 731,1166 2339,1159 2341,1139 2337,1108 1942,1097 1939,1097 729,1108 731,1146"/>
        <Baseline points="731,1146 2341,1139"/>
        <TextEquiv conf="0.9996863060922765">
          <Unicode>Liverani Spic. Lib. p. 545, Migne 200 p. 648. — „Quoniam in aliis“.</Unicode>
        </TextEquiv>
      </TextLine>
      <TextLine id="eSc_line_17751e41" custom="structure {type:default;}">
        <Coords points="141,1205 141,1278 243,1272 243,1205 243,1148 141,1141 141,1205"/>
        <Baseline points="141,1205 243,1205"/>
        <TextEquiv conf="0.9999908606211344">
          <Unicode>(„)</Unicode>
        </TextEquiv>
      </TextLine>
      <TextLine id="eSc_line_6d38a6f4" custom="structure {type:default;}">
        <Coords points="457,1207 457,1274 499,1274 499,1272 501,1272 503,1272 503,1269 523,1249 539,1236 570,1236 570,1207 570,1143 512,1130 510,1130 508,1130 457,1141 457,1207"/>
        <Baseline points="457,1207 570,1207"/>
        <TextEquiv conf="0.9999998013178507">
          <Unicode>(„)</Unicode>
        </TextEquiv>
      </TextLine>
      <TextLine id="eSc_line_c50c67f6" custom="structure {type:default;}">
        <Coords points="680,1196 680,1223 2644,1219 2646,1192 2642,1161 678,1157 680,1196"/>
        <Baseline points="680,1196 2646,1192"/>
        <TextEquiv conf="0.9982240987412724">
          <Unicode>11730 (7840) Thomam, archiepiscopum Cantuariensem, monet, ut (Willelmi) archiepi-</Unicode>
        </TextEquiv>
      </TextLine>
      <TextLine id="eSc_line_ad14ca0e" custom="structure {type:default;}">
        <Coords points="733,1254 733,1276 2640,1285 2642,1254 2642,1223 733,1223 733,1254"/>
        <Baseline points="733,1254 2642,1254"/>
        <TextEquiv conf="0.9917601311908049">
          <Unicode>scopi Senonensis, apostolicae sedis legati, et (Rotrodi), archiepiscopi Rotomagensis,</Unicode>
        </TextEquiv>
      </TextLine>
      <TextLine id="eSc_line_c721fe1e" custom="structure {type:default;}">
        <Coords points="731,1305 729,1325 2640,1338 2644,1311 2642,1276 731,1272 731,1305"/>
        <Baseline points="731,1305 2644,1311"/>
        <TextEquiv conf="0.9926704913377762">
          <Unicode>et (Bernardi), episcopi Nivernensis, consilio utatur. Epist. S. Thomae ed. Giles II. 27,</Unicode>
        </TextEquiv>
      </TextLine>
      <TextLine id="eSc_line_d82cb0e3" custom="structure {type:default;}">
        <Coords points="733,1358 733,1384 2322,1384 2324,1362 2322,1327 733,1325 733,1358"/>
        <Baseline points="733,1358 2324,1362"/>
        <TextEquiv conf="0.9999836320057511">
          <Unicode>ed. Lupus p. 717, Migne 200 p. 649. — „Per venerabilem fratrem“.</Unicode>
        </TextEquiv>
      </TextLine>
      <TextLine id="eSc_line_72aaeedc" custom="structure {type:default;}">
        <Coords points="161,1422 161,1448 342,1435 342,1415 338,1380 247,1364 245,1364 243,1364 227,1373 205,1382 159,1369 161,1422"/>
        <Baseline points="161,1422 342,1415"/>
        <TextEquiv conf="0.9954694867134094">
          <Unicode>„ 21.</Unicode>
        </TextEquiv>
      </TextLine>
      <TextLine id="eSc_line_6da06121" custom="structure {type:default;}">
        <Coords points="468,1435 468,1442 505,1453 508,1453 510,1453 512,1453 556,1437 556,1431 552,1389 463,1389 468,1435"/>
        <Baseline points="468,1435 556,1431"/>
        <TextEquiv conf="0.9999998807907104">
          <Unicode>„</Unicode>
        </TextEquiv>
      </TextLine>
      <TextLine id="eSc_line_ec0875d3" custom="structure {type:default;}">
        <Coords points="680,1419 680,1444 2642,1439 2644,1413 2640,1382 678,1378 680,1419"/>
        <Baseline points="680,1419 2644,1413"/>
        <TextEquiv conf="0.9998154792843795">
          <Unicode>11731 (7841) Ecclesiae S. Mariae Vibergensis protectionem suscipit, canonicorumque</Unicode>
        </TextEquiv>
      </TextLine>
      <TextLine id="eSc_line_5af48f87" custom="structure {type:default;}">
        <Coords points="733,1472 733,1503 2646,1503 2646,1472 2646,1442 733,1442 733,1472"/>
        <Baseline points="733,1472 2646,1472"/>
        <TextEquiv conf="0.9923439399305597">
          <Unicode>possessiones ac privilegia confirmat, petente Suenone praeposito. Thorkelin Diplom.</Unicode>
        </TextEquiv>
      </TextLine>
      <TextLine id="eSc_line_c4d59468" custom="structure {type:default;}">
        <Coords points="735,1528 735,1552 2311,1545 2313,1523 2306,1492 733,1497 735,1528"/>
        <Baseline points="735,1528 2313,1523"/>
        <TextEquiv conf="0.9960571030775706">
          <Unicode>Arna-Magn. I. 24, Migne 200 p. 649. — „Pie postulatio voluntatis“.</Unicode>
        </TextEquiv>
      </TextLine>
      <TextLine id="eSc_line_182cbc45" custom="structure {type:default;}">
        <Coords points="134,1585 130,1680 161,1698 163,1698 165,1698 234,1689 240,1590 240,1537 134,1532 134,1585"/>
        <Baseline points="134,1585 240,1590"/>
        <TextEquiv conf="0.9475254118442535">
          <Unicode>(—).</Unicode>
        </TextEquiv>
      </TextLine>
      <TextLine id="eSc_line_1cdb5b4f" custom="structure {type:default;}">
        <Coords points="455,1590 455,1667 567,1658 567,1590 567,1541 455,1532 455,1590"/>
        <Baseline points="455,1590 567,1590"/>
        <TextEquiv conf="0.9999996423721313">
          <Unicode>(„)</Unicode>
        </TextEquiv>
      </TextLine>
      <TextLine id="eSc_line_73bef7ae" custom="structure {type:default;}">
        <Coords points="680,1585 680,1609 2644,1605 2646,1578 2640,1543 678,1550 680,1585"/>
        <Baseline points="680,1585 2646,1578"/>
        <TextEquiv conf="0.9999490174246423">
          <Unicode>11732 (7842) Waldemaro, Danorum regi, significat, se Suenoni Arusiensi et Nicolao</Unicode>
        </TextEquiv>
      </TextLine>
      <TextLine id="eSc_line_9c41d996" custom="structure {type:default;}">
        <Coords points="737,1638 737,1662 2642,1669 2644,1638 2644,1607 737,1598 737,1638"/>
        <Baseline points="737,1638 2644,1638"/>
        <TextEquiv conf="0.9994575150310994">
          <Unicode>Vibergensi episcopis negotium dedisse, commonerent Margaretam, nobilem mulierem,</Unicode>
        </TextEquiv>
      </TextLine>
      <TextLine id="eSc_line_6fada076" custom="structure {type:default;}">
        <Coords points="733,1693 733,1715 2642,1709 2644,1687 2638,1656 731,1665 733,1693"/>
        <Baseline points="733,1693 2644,1687"/>
        <TextEquiv conf="0.9999753560548947">
          <Unicode>ut terram de Culsne et ecclesiae Wengensis ornamenta fratribus Calvensibus resti-</Unicode>
        </TextEquiv>
      </TextLine>
      <TextLine id="eSc_line_01f07eb1" custom="structure {type:default;}">
        <Coords points="731,1749 731,1779 2642,1771 2644,1742 2640,1713 729,1713 731,1749"/>
        <Baseline points="731,1749 2644,1742"/>
        <TextEquiv conf="0.997484585681519">
          <Unicode>tueret. Monachis ut opituletur, monet. Langebek SS. R. Dan. V. 246, Migne 200</Unicode>
        </TextEquiv>
      </TextLine>
      <TextLine id="eSc_line_d2d2729c" custom="structure {type:default;}">
        <Coords points="731,1806 731,1826 1491,1830 1495,1802 1493,1771 1473,1760 1471,1760 1469,1760 1467,1760 1394,1771 1323,1760 1321,1760 1319,1760 1294,1771 1221,1760 1219,1760 1142,1771 1137,1771 1126,1762 1126,1760 1124,1760 1122,1760 1120,1760 1117,1760 1115,1760 1115,1762 1106,1771 1102,1773 1093,1771 1060,1762 1058,1762 1056,1762 1053,1762 1027,1771 1014,1773 729,1768 731,1806"/>
        <Baseline points="731,1806 1495,1802"/>
        <TextEquiv conf="0.9942283798009157">
          <Unicode>p. 651. — „Noverit excellentia“.</Unicode>
        </TextEquiv>
      </TextLine>
      <TextLine id="eSc_line_ade0e588" custom="structure {type:default;}">
        <Coords points="156,1863 156,1888 335,1874 335,1859 329,1815 154,1817 156,1863"/>
        <Baseline points="156,1863 335,1859"/>
        <TextEquiv conf="0.9999740839004516">
          <Unicode>„ 24.</Unicode>
        </TextEquiv>
      </TextLine>
      <TextLine id="eSc_line_c659d90d" custom="structure {type:default;}">
        <Coords points="441,1874 441,1877 472,1892 475,1892 477,1892 552,1877 552,1870 543,1826 517,1839 497,1832 486,1828 483,1828 481,1828 479,1828 439,1839 441,1874"/>
        <Baseline points="441,1874 552,1870"/>
        <TextEquiv conf="1.0">
          <Unicode>„</Unicode>
        </TextEquiv>
      </TextLine>
      <TextLine id="eSc_line_0680d697" custom="structure {type:default;}">
        <Coords points="680,1859 680,1885 2646,1877 2646,1852 2642,1821 2585,1808 2582,1808 2580,1808 2534,1819 2246,1808 2244,1808 2242,1808 2204,1821 1957,1821 1336,1813 1334,1813 1332,1813 1330,1813 1314,1824 797,1813 795,1813 678,1826 680,1859"/>
        <Baseline points="680,1859 2646,1852"/>
        <TextEquiv conf="0.9940472120462462">
          <Unicode>11733 (7843) T(homae), archiepiscopo Cantuariensi, praecipit, „ut, si Henricus, Anglo-</Unicode>
        </TextEquiv>
      </TextLine>
      <TextLine id="eSc_line_be8346b0" custom="structure {type:default;}">
        <Coords points="731,1914 731,1936 2642,1932 2644,1910 2638,1881 729,1881 731,1914"/>
        <Baseline points="731,1914 2644,1910"/>
        <TextEquiv conf="0.9971129267246692">
          <Unicode>rum rex, filium suum coronari voluerit et in regem inungi, ei manum nequaquam</Unicode>
        </TextEquiv>
      </TextLine>
      <TextLine id="eSc_line_3d148114" custom="structure {type:default;}">
        <Coords points="731,1965 729,1989 2638,1998 2642,1969 2640,1938 731,1932 731,1965"/>
        <Baseline points="731,1965 2642,1969"/>
        <TextEquiv conf="0.9824480000664206">
          <Unicode>imponat, nec ab alio quolibet imponi permittat, nisi prius illud iuramentum exhibeat,</Unicode>
        </TextEquiv>
      </TextLine>
      <TextLine id="eSc_line_0d63e5bc" custom="structure {type:default;}">
        <Coords points="731,2022 731,2047 2642,2044 2644,2018 2638,1989 729,1991 731,2022"/>
        <Baseline points="731,2022 2644,2018"/>
        <TextEquiv conf="0.9987660358933842">
          <Unicode>quod alii reges, eius praedecessores ecclesiae Dei et specialiter Cantuariensi impen-</Unicode>
        </TextEquiv>
      </TextLine>
      <TextLine id="eSc_line_71cdbd09" custom="structure {type:default;}">
        <Coords points="729,2078 729,2100 2642,2104 2644,2078 2644,2049 729,2049 729,2078"/>
        <Baseline points="729,2078 2644,2078"/>
        <TextEquiv conf="0.9978141116808696">
          <Unicode>dere consueverunt, et nisi universos ab observatione consuetudinum suarum et sacra-</Unicode>
        </TextEquiv>
      </TextLine>
      <TextLine id="eSc_line_54b65430" custom="structure {type:default;}">
        <Coords points="731,2133 731,2157 2640,2153 2642,2128 2638,2100 729,2100 731,2133"/>
        <Baseline points="731,2133 2642,2128"/>
        <TextEquiv conf="0.9980400379111127">
          <Unicode>mentis illis, quae ultimo ab hominibus Angliae extorta fuerunt, prorsus absolvat“.</Unicode>
        </TextEquiv>
      </TextLine>
      <TextLine id="eSc_line_95c02907" custom="structure {type:default;}">
        <Coords points="733,2186 733,2214 2644,2214 2644,2186 2644,2157 733,2153 733,2186"/>
        <Baseline points="733,2186 2644,2186"/>
        <TextEquiv conf="0.9993428087528841">
          <Unicode>Wilkins Conc. I. 458, (Epist. S. Thomae ed. Lupus p. 683, ed. Giles II. 26, Migne</Unicode>
        </TextEquiv>
      </TextLine>
      <TextLine id="eSc_line_09490559" custom="structure {type:default;}">
        <Coords points="731,2239 729,2259 797,2272 799,2272 1117,2263 1305,2274 1307,2274 1875,2263 1877,2243 1875,2203 731,2201 731,2239"/>
        <Baseline points="731,2239 1877,2243"/>
        <TextEquiv conf="0.9927819878497022">
          <Unicode>200 p. 652). — „Ex commissi vobis (al. nobis)“.</Unicode>
        </TextEquiv>
      </TextLine>
      <TextLine id="eSc_line_3facd9e7" custom="structure {type:default;}">
        <Coords points="167,2301 167,2327 2635,2327 2638,2294 2631,2248 1080,2259 1056,2248 1053,2248 1051,2248 1049,2248 1034,2248 921,2261 276,2250 251,2250 249,2250 247,2250 196,2261 165,2250 167,2301"/>
        <Baseline points="167,2301 2638,2294"/>
        <TextEquiv conf="0.9912324859982445">
          <Unicode>„ 26. ap. Cerumar 11734 (7844) Rogero, archiepiscopo Eboracensi, apostolicae sedis legato, Hugoni Dunél.-</Unicode>
        </TextEquiv>
      </TextLine>
      <TextLine id="eSc_line_6cbf85c8" custom="structure {type:default;}">
        <Coords points="349,2354 349,2376 614,2387 616,2387 618,2387 642,2373 642,2354 640,2318 349,2320 349,2354"/>
        <Baseline points="349,2354 642,2354"/>
        <TextEquiv conf="0.9999779783762418">
          <Unicode>(al. ap. Cis-</Unicode>
        </TextEquiv>
      </TextLine>
      <TextLine id="eSc_line_2a5a33fc" custom="structure {type:default;}">
        <Coords points="720,2356 720,2378 2635,2380 2640,2349 2635,2320 718,2318 720,2356"/>
        <Baseline points="720,2356 2640,2349"/>
        <TextEquiv conf="0.9962592405431411">
          <Unicode>mensi et universis episcopis Angliae interdicit, „ut si illustris rex Anglorum filium</Unicode>
        </TextEquiv>
      </TextLine>
      <TextLine id="eSc_line_7a2eb34f" custom="structure {type:default;}">
        <Coords points="377,2409 377,2433 419,2446 421,2446 424,2446 499,2433 600,2444 603,2444 605,2444 607,2444 618,2433 618,2404 612,2373 375,2376 377,2409"/>
        <Baseline points="377,2409 618,2404"/>
        <TextEquiv conf="0.997070484691196">
          <Unicode>vinarium)</Unicode>
        </TextEquiv>
      </TextLine>
      <TextLine id="eSc_line_5b81addb" custom="structure {type:default;}">
        <Coords points="724,2411 724,2433 2638,2435 2642,2404 2638,2376 2014,2365 2012,2365 2010,2365 2008,2365 1992,2376 1398,2367 1396,2367 1394,2367 1354,2378 788,2369 786,2369 722,2380 724,2411"/>
        <Baseline points="724,2411 2642,2404"/>
        <TextEquiv conf="0.9996139306619943">
          <Unicode>suum, dum Thomas, Cantuariensis archiepiscopus, in exilio fuerit, coronari voluerit</Unicode>
        </TextEquiv>
      </TextLine>
      <TextLine id="eSc_line_aa7bf58a" custom="structure {type:default;}">
        <Coords points="726,2464 726,2486 2633,2493 2638,2460 2631,2431 724,2433 726,2464"/>
        <Baseline points="726,2464 2638,2460"/>
        <TextEquiv conf="0.9991685610551101">
          <Unicode>et in regem inungi, nullus ei manum imponere praesumat“. Wilkins Conc. I. 459,</Unicode>
        </TextEquiv>
      </TextLine>
      <TextLine id="eSc_line_1df1fe92" custom="structure {type:default;}">
        <Coords points="726,2515 724,2535 766,2548 768,2548 771,2548 1681,2539 1701,2550 1703,2550 1705,2550 1707,2550 2640,2539 2642,2519 2640,2488 726,2482 726,2515"/>
        <Baseline points="726,2515 2642,2519"/>
        <TextEquiv conf="0.9910682706456435">
          <Unicode>Rymer Foedera I. 25, Mansi XXI. 898, (Epist. S. Thomae ed. Lupus p. 682, ed.</Unicode>
        </TextEquiv>
      </TextLine>
      <TextLine id="eSc_line_db71dce7" custom="structure {type:default;}">
        <Coords points="724,2568 722,2590 985,2603 987,2603 1581,2594 1716,2605 1718,2605 2638,2594 2640,2572 2638,2537 724,2537 724,2568"/>
        <Baseline points="724,2568 2640,2572"/>
        <TextEquiv conf="0.9999783703043491">
          <Unicode>Giles II. 47, Migne 200 p. 653). Cf. Reuter II. 683. — „Quoniam ad audientiam“.</Unicode>
        </TextEquiv>
      </TextLine>
      <TextLine id="eSc_line_4e60414e" custom="structure {type:default;}">
        <Coords points="134,2632 134,2672 216,2674 218,2674 220,2674 223,2674 236,2663 236,2627 229,2528 128,2521 134,2632"/>
        <Baseline points="134,2632 236,2627"/>
        <TextEquiv conf="0.9999682108561198">
          <Unicode>(„)</Unicode>
        </TextEquiv>
      </TextLine>
      <TextLine id="eSc_line_c90dd1e1" custom="structure {type:default;}">
        <Coords points="673,2627 673,2652 2638,2647 2640,2623 2635,2594 671,2590 673,2627"/>
        <Baseline points="673,2627 2640,2623"/>
        <TextEquiv conf="0.9899335518115904">
          <Unicode>11735 (7845) Rogero, archiepiscopo Eboracensi, et omnibus episcopis Angliae inter-</Unicode>
        </TextEquiv>
      </TextLine>
      <TextLine id="eSc_line_02c1578e" custom="structure {type:default;}">
        <Coords points="726,2683 726,2705 2635,2716 2638,2683 2638,2654 726,2643 726,2683"/>
        <Baseline points="726,2683 2638,2683"/>
        <TextEquiv conf="0.9936730970696706">
          <Unicode>dicit, ne ecclesiae Cantuariensis iura laedant. Epist. S. Thomae ed. Lupus p. 682,</Unicode>
        </TextEquiv>
      </TextLine>
      <TextLine id="eSc_line_e293c43a" custom="structure {type:default;}">
        <Coords points="724,2733 722,2753 967,2767 969,2767 1453,2758 1520,2769 1522,2769 2235,2758 2238,2738 2235,2707 724,2703 724,2733"/>
        <Baseline points="724,2733 2238,2738"/>
        <TextEquiv conf="0.9863883759826422">
          <Unicode>ed. Giles II. 46, Migne 200 p. 653. — „Quantae auctoritatis et“.</Unicode>
        </TextEquiv>
      </TextLine>
      <TextLine id="eSc_line_cb407017" custom="structure {type:default;}">
        <Coords points="159,2793 159,2822 333,2820 335,2789 329,2738 156,2747 159,2793"/>
        <Baseline points="159,2793 335,2789"/>
        <TextEquiv conf="0.9994324088096619">
          <Unicode>„ 26.</Unicode>
        </TextEquiv>
      </TextLine>
      <TextLine id="eSc_line_f8d53ece" custom="structure {type:default;}">
        <Coords points="397,2791 397,2809 600,2802 600,2784 594,2736 395,2740 397,2791"/>
        <Baseline points="397,2791 600,2784"/>
        <TextEquiv conf="0.9999984900156657">
          <Unicode>Harene</Unicode>
        </TextEquiv>
      </TextLine>
      <TextLine id="eSc_line_ce0b9dfa" custom="structure {type:default;}">
        <Coords points="676,2793 676,2817 2635,2820 2640,2789 2635,2758 673,2756 676,2793"/>
        <Baseline points="676,2793 2640,2789"/>
        <TextEquiv conf="0.9989481819681374">
          <Unicode>11736 Henrico, abbati S. Petri Pratellensi, asserit ecclesiam S. Audoeni de Brotona</Unicode>
        </TextEquiv>
      </TextLine>
      <TextLine id="eSc_line_3767350e" custom="structure {type:default;}">
        <Coords points="368,2844 368,2873 618,2873 618,2844 618,2809 368,2804 368,2844"/>
        <Baseline points="368,2844 618,2844"/>
        <TextEquiv conf="0.9999999761581421">
          <Unicode>(Cairani?)</Unicode>
        </TextEquiv>
      </TextLine>
      <TextLine id="eSc_line_5b09e842" custom="structure {type:default;}">
        <Coords points="726,2848 726,2868 2638,2873 2640,2848 2640,2817 726,2815 726,2848"/>
        <Baseline points="726,2848 2640,2848"/>
        <TextEquiv conf="0.9911824542206603">
          <Unicode>cum universis beneficiis, a Roberto comite de Mellent concessam. („Carta data</Unicode>
        </TextEquiv>
      </TextLine>
      <TextLine id="eSc_line_f728b86e" custom="structure {type:default;}">
        <Coords points="724,2903 724,2928 2635,2930 2640,2897 2635,2868 722,2868 724,2903"/>
        <Baseline points="724,2903 2640,2897"/>
        <TextEquiv conf="0.9992331519722939">
          <Unicode>Harene per manum magistri Graciani IIII. kal. Martii“. Non est, cur bullae fidem</Unicode>
        </TextEquiv>
      </TextLine>
      <TextLine id="eSc_line_1f99d0b5" custom="structure {type:default;}">
        <Coords points="724,2956 724,2981 2635,2983 2640,2950 2633,2923 722,2926 724,2956"/>
        <Baseline points="724,2956 2640,2950"/>
        <TextEquiv conf="0.9995681948959827">
          <Unicode>suspicemur, licet clausulam a librario nescio quo aut valde corruptam aut omnino</Unicode>
        </TextEquiv>
      </TextLine>
      <TextLine id="eSc_line_267789a5" custom="structure {type:default;}">
        <Coords points="724,3009 724,3043 2642,3034 2642,3009 2642,2979 724,2979 724,3009"/>
        <Baseline points="724,3009 2642,3009"/>
        <TextEquiv conf="0.9942440759194525">
          <Unicode>additam esse pateat. Annum 1170 Iafféus statuit, quocum bullam Leop. Delisle</Unicode>
        </TextEquiv>
      </TextLine>
      <TextLine id="eSc_line_8850b6d1" custom="structure {type:default;}">
        <Coords points="724,3065 724,3089 2640,3091 2642,3065 2642,3036 724,3027 724,3065"/>
        <Baseline points="724,3065 2642,3065"/>
        <TextEquiv conf="0.9938202890349023">
          <Unicode>communicaverat; idemque inter uncos apposuit „Cairani“?) In Archiv dép. de l&#x27;Eure</Unicode>
        </TextEquiv>
      </TextLine>
      <TextLine id="eSc_line_4e60d73a" custom="structure {type:default;}">
        <Coords points="726,3120 726,3144 2569,3144 2569,3120 2569,3091 726,3089 726,3120"/>
        <Baseline points="726,3120 2569,3120"/>
        <TextEquiv conf="0.998658530595826">
          <Unicode>in Evreux, Cartul. de St.-Pierre-de-Préaux f. 7B. — „Iustis petentium desideriis“.</Unicode>
        </TextEquiv>
      </TextLine>
      <TextLine id="eSc_line_ec555047" custom="structure {type:default;}">
        <Coords points="117,3173 117,3199 623,3197 623,3173 623,3124 117,3122 117,3173"/>
        <Baseline points="117,3173 623,3173"/>
        <TextEquiv conf="0.9934416952587309">
          <Unicode>Mart. 5.  ap. S. Ger-</Unicode>
        </TextEquiv>
      </TextLine>
      <TextLine id="eSc_line_5c3f4876" custom="structure {type:default;}">
        <Coords points="671,3175 671,3202 2640,3197 2642,3171 2638,3140 669,3133 671,3175"/>
        <Baseline points="671,3175 2642,3171"/>
        <TextEquiv conf="0.9999807543224759">
          <Unicode>11737 (7846) Quendam monet, ne ab Haiderico, propterea quod nepos eius puer inter</Unicode>
        </TextEquiv>
      </TextLine>
      <TextLine id="eSc_line_7cc287d8" custom="structure {type:default;}">
        <Coords points="404,3230 404,3255 554,3263 556,3263 558,3263 589,3250 589,3226 583,3195 402,3195 404,3230"/>
        <Baseline points="404,3230 589,3226"/>
        <TextEquiv conf="1.0">
          <Unicode>manum</Unicode>
        </TextEquiv>
      </TextLine>
      <TextLine id="eSc_line_8cb4ab50" custom="structure {type:default;}">
        <Coords points="724,3230 724,3255 2640,3250 2640,3230 2640,3202 724,3202 724,3230"/>
        <Baseline points="724,3230 2640,3230"/>
        <TextEquiv conf="0.9996731474995613">
          <Unicode>sagittandum necatus sit, centum solidos expostulet. (Pro: „III. non. Maii“ leg.:</Unicode>
        </TextEquiv>
      </TextLine>
      <TextLine id="eSc_line_0cd86c42" custom="structure {type:default;}">
        <Coords points="726,3286 726,3314 2642,3310 2642,3286 2642,3255 726,3250 726,3286"/>
        <Baseline points="726,3286 2642,3286"/>
        <TextEquiv conf="0.9979726797268714">
          <Unicode>„III. non. Martias“.) Martene Coll. II. 821, Migne 200 p. 653. — „Ex latore prae-</Unicode>
        </TextEquiv>
      </TextLine>
      <TextLine id="eSc_line_3af26dc7" custom="structure {type:default;}">
        <Coords points="724,3339 724,3361 950,3361 950,3339 950,3303 724,3303 724,3339"/>
        <Baseline points="724,3339 950,3339"/>
        <TextEquiv conf="0.9999836020999484">
          <Unicode>sentium“.</Unicode>
        </TextEquiv>
      </TextLine>
      <TextLine id="eSc_line_6fe9eb18" custom="structure {type:default;}">
        <Coords points="148,3400 150,3469 333,3460 333,3392 329,3341 143,3341 148,3400"/>
        <Baseline points="148,3400 333,3392"/>
        <TextEquiv conf="0.9946088343858719">
          <Unicode>„ 7.</Unicode>
        </TextEquiv>
      </TextLine>
      <TextLine id="eSc_line_9c9a1d52" custom="structure {type:default;}">
        <Coords points="448,3409 459,3597 565,3597 554,3403 547,3345 441,3347 448,3409"/>
        <Baseline points="448,3409 554,3403"/>
        <TextEquiv conf="0.9999996423721313">
          <Unicode>„</Unicode>
        </TextEquiv>
      </TextLine>
      <TextLine id="eSc_line_5d93a244" custom="structure {type:default;}">
        <Coords points="671,3398 671,3420 2640,3416 2640,3392 2633,3341 2227,3352 2171,3345 2140,3341 2138,3341 2136,3341 2127,3345 2109,3352 2092,3345 2079,3341 2076,3341 2074,3341 2037,3345 1977,3354 1637,3350 1285,3345 1283,3345 1281,3345 1246,3354 1232,3356 1129,3354 684,3345 682,3345 680,3345 678,3345 669,3350 671,3398"/>
        <Baseline points="671,3398 2640,3392"/>
        <TextEquiv conf="0.9985356059255479">
          <Unicode>11738 (7847) Henrico, archiepiscopo Remensi, mandat, ut Harduinum aliosque, qui</Unicode>
        </TextEquiv>
      </TextLine>
      <TextLine id="eSc_line_f10baa0c" custom="structure {type:default;}">
        <Coords points="724,3451 724,3475 1087,3475 1089,3475 1106,3489 1109,3489 1111,3489 1113,3489 1334,3475 1389,3473 1429,3475 1548,3486 1551,3486 1553,3486 1592,3475 1608,3473 1634,3475 1705,3486 1707,3486 1787,3478 1807,3475 1842,3478 1961,3484 1964,3484 1966,3484 1990,3478 2014,3471 2052,3478 2092,3484 2094,3486 2386,3486 2386,3484 2388,3484 2408,3478 2430,3471 2452,3478 2467,3484 2470,3484 2472,3484 2640,3478 2640,3445 2635,3416 1436,3407 1433,3407 722,3418 724,3451"/>
        <Baseline points="724,3451 2640,3445"/>
        <TextEquiv conf="0.999056516509307">
          <Unicode>„in Balduinum presbyterum violentas manus iniecerint“, excommunicet. Martene</Unicode>
        </TextEquiv>
      </TextLine>
      <TextLine id="eSc_line_5c732d06" custom="structure {type:default;}">
        <Coords points="722,3500 720,3544 837,3546 837,3548 897,3573 899,3573 901,3573 996,3557 1034,3570 1036,3570 1038,3570 1040,3570 1042,3570 1060,3555 1082,3573 1084,3573 1087,3573 1089,3575 1151,3575 1151,3573 1153,3573 1193,3555 1210,3548 1235,3555 1270,3566 1272,3566 1274,3566 1277,3566 1279,3566 1279,3564 1288,3557 1303,3570 1303,3573 1305,3573 1307,3573 1310,3573 1312,3573 1345,3557 1367,3548 1398,3559 1405,3562 1407,3562 1409,3562 1438,3559 1548,3551 1562,3562 1573,3573 1573,3575 1575,3575 1577,3575 1579,3577 1774,3577 1774,3575 1813,3568 1906,3551 1939,3551 1959,3570 1961,3573 1961,3575 1964,3575 1966,3575 1968,3577 1999,3577 1999,3575 2001,3575 2003,3575 2003,3573 2006,3573 2019,3557 2054,3573 2061,3504 2059,3473 722,3469 722,3500"/>
        <Baseline points="722,3500 2061,3504"/>
        <TextEquiv conf="0.9879454428499396">
          <Unicode>Coll. II. 829. Migue 200 p. 654. — „Suerelam Balduini“.</Unicode>
        </TextEquiv>
      </TextLine>
    </TextRegion>
    <TextRegion id="eSc_textblock_3b96f7ab"  custom="structure {type:default;}">
      <Coords points="932,150 1851,150 1860,236 910,253 892,185 932,150"/>
      <TextLine id="eSc_line_117a3f6c" custom="structure {type:default;}">
        <Coords points="916,218 916,245 1838,245 1840,214 1836,165 1776,152 1774,152 1668,163 1343,154 1341,154 1338,154 1336,154 1319,165 978,154 976,154 914,167 916,218"/>
        <Baseline points="916,218 1840,214"/>
        <TextEquiv conf="0.9996771927063282">
          <Unicode>ALEXANDER III. 1159— 1181.</Unicode>
        </TextEquiv>
      </TextLine>
    </TextRegion>
    <TextRegion id="eSc_textblock_f997bc1a"  custom="structure {type:default;}">
      <Coords points="2589,150 2671,167 2671,227 2644,253 2514,245 2514,167 2589,150"/>
      <TextLine id="eSc_line_afa3e5e3" custom="structure {type:default;}">
        <Coords points="2567,154 2545,159 2534,159 2523,165 2527,220 2527,245 2642,251 2644,214 2640,161 2571,152 2567,154"/>
        <Baseline points="2527,220 2644,214"/>
        <TextEquiv conf="1.0">
          <Unicode>231</Unicode>
        </TextEquiv>
      </TextLine>
    </TextRegion>
  </Page>
</PcGts>
