<?xml version="1.0" encoding="UTF-8"  standalone="yes"?>
<PcGts xmlns="http://schema.primaresearch.org/PAGE/gts/pagecontent/2019-07-15" xmlns:xsi="http://www.w3.org/2001/XMLSchema-instance" xsi:schemaLocation="http://schema.primaresearch.org/PAGE/gts/pagecontent/2019-07-15 http://schema.primaresearch.org/PAGE/gts/pagecontent/2019-07-15/pagecontent.xsd">
  <Metadata>
	<Creator>escriptorium</Creator>
	<Created>2024-07-19T10:09:01.222047+00:00</Created>
        <LastChange>2024-08-08T08:35:08.720514+00:00</LastChange>
  </Metadata>
  <Page imageFilename="0245.png" imageWidth="3007" imageHeight="3975">
    <TextRegion id="eSc_textblock_cd39d2cc"  custom="structure {type:default;}">
      <Coords points="364,150 457,159 466,227 309,245 309,167 364,150"/>
      <TextLine id="eSc_line_219557da" custom="structure {type:default;}">
        <Coords points="326,218 326,240 446,247 448,214 441,159 322,161 326,218"/>
        <Baseline points="326,218 448,214"/>
        <TextEquiv conf="0.9999999602635702">
          <Unicode>232</Unicode>
        </TextEquiv>
      </TextLine>
    </TextRegion>
    <TextRegion id="eSc_textblock_58ac1567"  custom="structure {type:default;}">
      <Coords points="2739,300 2892,309 2874,3531 954,3539 863,3504 609,3513 583,3478 581,2762 563,3495 326,3495 291,2391 291,353 335,309 872,344 919,309 2739,300"/>
      <TextLine id="eSc_line_7f0bb630" custom="structure {type:default;}">
        <Coords points="2507,300 2505,300 2503,300 2501,300 2465,311 2445,315 2364,311 2282,306 2280,306 2277,306 2275,306 2269,311 2255,320 2098,320 2085,313 2070,306 2068,306 2065,306 2063,306 2045,313 2032,318 1942,313 1811,309 1809,309 1725,315 1674,320 1634,318 1511,304 1509,304 1447,318 1436,320 1427,318 1385,306 1383,306 1380,306 1378,306 1347,320 1336,322 1321,320 1261,306 1259,306 1257,306 1230,320 1199,306 1197,306 1179,306 1157,306 1135,306 1113,306 1091,306 1069,306 1047,306 1025,306 1003,306 980,306 958,306 936,306 914,309 892,324 872,340 872,368 872,390 2790,390 2790,359 2783,309 2534,315 2523,309 2509,300 2507,300"/>
        <Baseline points="872,368 2790,359"/>
        <TextEquiv conf="0.989044061537539">
          <Unicode>1170. (Ind. 3. — 25. Sept. — 4, pont. a. 11. — 20. Sept. — 12, 1169. — 25. Nart. — 1170.)</Unicode>
        </TextEquiv>
      </TextLine>
      <TextLine id="eSc_line_64c0ee07" custom="structure {type:default;}">
        <Coords points="344,457 852,461 857,426 857,384 804,368 802,368 799,368 596,375 402,379 349,366 346,421 344,457"/>
        <Baseline points="346,421 857,426"/>
        <TextEquiv conf="0.9992735594511032">
          <Unicode>Mart. 7. ap. S. Ger-</Unicode>
        </TextEquiv>
      </TextLine>
      <TextLine id="eSc_line_b8d08ecf" custom="structure {type:default;}">
        <Coords points="897,426 894,448 2863,459 2867,430 2865,390 897,388 897,426"/>
        <Baseline points="897,426 2867,430"/>
        <TextEquiv conf="0.9982189349381321">
          <Unicode>11739 (7848) Henrico, archiepiscopo Remensi, mandat, hortetur G. et Hu. sacerdotes,</Unicode>
        </TextEquiv>
      </TextLine>
      <TextLine id="eSc_line_b4d3ead2" custom="structure {type:default;}">
        <Coords points="631,481 631,516 709,530 711,530 821,518 821,477 815,446 629,448 631,481"/>
        <Baseline points="631,481 821,477"/>
        <TextEquiv conf="0.9999687910079956">
          <Unicode>manum</Unicode>
        </TextEquiv>
      </TextLine>
      <TextLine id="eSc_line_668a1e0a" custom="structure {type:default;}">
        <Coords points="956,481 954,505 2861,516 2865,485 2863,452 956,448 956,481"/>
        <Baseline points="956,481 2865,485"/>
        <TextEquiv conf="0.9921723986849372">
          <Unicode>ut A. latori huius epistolae ablatam ecclesiam restituant. Martene Coll. II. 820,</Unicode>
        </TextEquiv>
      </TextLine>
      <TextLine id="eSc_line_070df40c" custom="structure {type:default;}">
        <Coords points="954,536 954,560 1984,556 1986,532 1981,503 952,499 954,536"/>
        <Baseline points="954,536 1986,532"/>
        <TextEquiv conf="0.9997754916548729">
          <Unicode>Migne 200 p. 654. — „Ex conquestione A.“</Unicode>
        </TextEquiv>
      </TextLine>
      <TextLine id="eSc_line_e595dbb0" custom="structure {type:default;}">
        <Coords points="384,591 384,624 561,620 561,591 558,545 384,549 384,591"/>
        <Baseline points="384,591 561,591"/>
        <TextEquiv conf="0.9999977350234985">
          <Unicode>„ 10.</Unicode>
        </TextEquiv>
      </TextLine>
      <TextLine id="eSc_line_da70244b" custom="structure {type:default;}">
        <Coords points="673,602 671,620 773,631 777,605 777,560 673,549 673,602"/>
        <Baseline points="673,602 777,605"/>
        <TextEquiv conf="1.0">
          <Unicode>„</Unicode>
        </TextEquiv>
      </TextLine>
      <TextLine id="eSc_line_9d9144e4" custom="structure {type:default;}">
        <Coords points="905,594 905,622 2870,618 2870,594 2870,560 905,549 905,594"/>
        <Baseline points="905,594 2870,594"/>
        <TextEquiv conf="0.9908274887573152">
          <Unicode>11740 (7849) B. decano et capitulo S. Martini Turonensi praescribit, ut „omnia, quae</Unicode>
        </TextEquiv>
      </TextLine>
      <TextLine id="eSc_line_6c1e5e6a" custom="structure {type:default;}">
        <Coords points="961,642 958,669 2861,680 2865,647 2863,616 961,602 961,642"/>
        <Baseline points="961,642 2865,647"/>
        <TextEquiv conf="0.9970862585377981">
          <Unicode>W(illelmus), Senonensis archiepiscopus, ac sedis apostolicae legatus, et Stephanus,</Unicode>
        </TextEquiv>
      </TextLine>
      <TextLine id="eSc_line_494b6edb" custom="structure {type:default;}">
        <Coords points="954,704 954,726 2865,722 2867,700 2863,671 952,664 954,704"/>
        <Baseline points="954,704 2867,700"/>
        <TextEquiv conf="0.9940457364608501">
          <Unicode>Meldensis episcopus, de capituli reditibus et praeposituris statuerint, firmiter obser-</Unicode>
        </TextEquiv>
      </TextLine>
      <TextLine id="eSc_line_5dc62011" custom="structure {type:default;}">
        <Coords points="956,753 954,775 2861,790 2865,759 2863,728 956,722 956,753"/>
        <Baseline points="956,753 2865,759"/>
        <TextEquiv conf="0.986677273944184">
          <Unicode>vent; ac eis iniungit, ut processio purificationis b. Mariae candelis redditis, ut soleant,</Unicode>
        </TextEquiv>
      </TextLine>
      <TextLine id="eSc_line_83c8e133" custom="structure {type:default;}">
        <Coords points="954,810 952,841 2863,843 2867,814 2865,783 954,779 954,810"/>
        <Baseline points="954,810 2867,814"/>
        <TextEquiv conf="0.9952816590666771">
          <Unicode>perpetuo deinceps celebretur“. Rec. sur S. Martin de Tours piéces iustif. p. 21,</Unicode>
        </TextEquiv>
      </TextLine>
      <TextLine id="eSc_line_b2dca9ae" custom="structure {type:default;}">
        <Coords points="952,863 950,885 1849,892 1853,867 1851,836 1447,836 1440,834 1405,823 1402,823 1400,823 952,830 952,863"/>
        <Baseline points="952,863 1853,867"/>
        <TextEquiv conf="0.9999393663908306">
          <Unicode>teste Bréquigny Table chron. III. 313.</Unicode>
        </TextEquiv>
      </TextLine>
      <TextLine id="eSc_line_bb3c3e36" custom="structure {type:default;}">
        <Coords points="380,925 380,951 2865,951 2867,925 2865,874 2748,867 2746,867 2744,867 2739,870 2717,881 2633,867 2631,867 2565,883 2534,870 2531,870 2529,870 2366,885 2326,872 2324,872 2322,872 2319,872 2284,885 2258,874 2255,874 2253,874 2251,874 2207,885 1897,876 1895,876 1528,892 1480,876 1478,876 1321,876 1319,876 1316,876 1290,887 1146,874 1144,874 859,889 693,812 676,803 673,803 380,803 380,925"/>
        <Baseline points="380,925 850,916 2867,925"/>
        <TextEquiv conf="0.8957969661269869">
          <Unicode>„ I. aaavaex prve v.  ua c- pas. a ema uaesessan a 1. a vn. ert. v. ia</Unicode>
        </TextEquiv>
      </TextLine>
      <TextLine id="eSc_line_0be663e0" custom="structure {type:default;}">
        <Coords points="585,973 585,1011 863,1011 863,973 861,931 585,940 585,973"/>
        <Baseline points="585,973 863,973"/>
        <TextEquiv conf="0.9999959588050842">
          <Unicode>de Canneto</Unicode>
        </TextEquiv>
      </TextLine>
      <TextLine id="eSc_line_a0bcfe61" custom="structure {type:default;}">
        <Coords points="950,978 950,1000 2295,1004 2299,973 2295,942 1866,931 1864,931 947,942 950,978"/>
        <Baseline points="950,978 2299,973"/>
        <TextEquiv conf="0.991512899045591">
          <Unicode>Martii“). Annal. Ceccanenses 1170 in MG. SS. XIX. 286.</Unicode>
        </TextEquiv>
      </TextLine>
      <TextLine id="eSc_line_c8f0a2a6" custom="structure {type:default;}">
        <Coords points="382,1033 382,1062 567,1062 567,1026 561,987 380,989 382,1033"/>
        <Baseline points="382,1033 567,1026"/>
        <TextEquiv conf="0.9999750137329102">
          <Unicode>„ 16?</Unicode>
        </TextEquiv>
      </TextLine>
      <TextLine id="eSc_line_5b88d64b" custom="structure {type:default;}">
        <Coords points="627,1024 625,1055 817,1064 821,1029 819,995 627,991 627,1024"/>
        <Baseline points="627,1024 821,1029"/>
        <TextEquiv conf="0.9999999829701015">
          <Unicode>Verulas</Unicode>
        </TextEquiv>
      </TextLine>
      <TextLine id="eSc_line_764a1e96" custom="structure {type:default;}">
        <Coords points="899,1033 899,1060 2865,1055 2867,1033 2863,989 899,998 899,1033"/>
        <Baseline points="899,1033 2867,1033"/>
        <TextEquiv conf="0.9980481564998627">
          <Unicode>pervenit. Vide Annales Ceccanensis 1170 in MG. SS. XIX. 286, ubi pro „XV. kal.</Unicode>
        </TextEquiv>
      </TextLine>
      <TextLine id="eSc_line_365bc164" custom="structure {type:default;}">
        <Coords points="952,1088 952,1115 2865,1113 2867,1084 2863,1053 974,1044 972,1044 969,1044 950,1053 952,1088"/>
        <Baseline points="952,1088 2867,1084"/>
        <TextEquiv conf="0.9972274821429026">
          <Unicode>Apr.“ legendum videtur „XVII. kal. Apr.“, quo die papam Verulis fuisse ex subsequen-</Unicode>
        </TextEquiv>
      </TextLine>
      <TextLine id="eSc_line_b17e534f" custom="structure {type:default;}">
        <Coords points="952,1141 952,1168 1367,1168 1367,1141 1367,1110 952,1110 952,1141"/>
        <Baseline points="952,1141 1367,1141"/>
        <TextEquiv conf="0.9999953633860538">
          <Unicode>tibus bullis patet.</Unicode>
        </TextEquiv>
      </TextLine>
      <TextLine id="eSc_line_ae0d5359" custom="structure {type:default;}">
        <Coords points="382,1196 382,1234 556,1223 558,1192 554,1148 468,1130 466,1130 380,1150 382,1196"/>
        <Baseline points="382,1196 558,1192"/>
        <TextEquiv conf="0.9973164796829224">
          <Unicode>„ 16.</Unicode>
        </TextEquiv>
      </TextLine>
      <TextLine id="eSc_line_8730a17e" custom="structure {type:default;}">
        <Coords points="634,1192 634,1223 821,1227 824,1192 824,1154 634,1150 634,1192"/>
        <Baseline points="634,1192 824,1192"/>
        <TextEquiv conf="0.9999235613005502">
          <Unicode>Verulis</Unicode>
        </TextEquiv>
      </TextLine>
      <TextLine id="eSc_line_63d5494a" custom="structure {type:default;}">
        <Coords points="899,1199 899,1221 2867,1216 2867,1192 2861,1157 897,1159 899,1199"/>
        <Baseline points="899,1199 2867,1192"/>
        <TextEquiv conf="0.9975857763405306">
          <Unicode>11741 (7861) Canonicis Pisanis „venditiones vel infeudationes sive alienationes aut</Unicode>
        </TextEquiv>
      </TextLine>
      <TextLine id="eSc_line_37c39109" custom="structure {type:default;}">
        <Coords points="952,1252 952,1276 2863,1274 2865,1247 2861,1219 950,1214 952,1252"/>
        <Baseline points="952,1252 2865,1247"/>
        <TextEquiv conf="0.9965546390589546">
          <Unicode>obligationes, quas intrusus abbas monasterii Sextensis de thesauro vel possessionibus</Unicode>
        </TextEquiv>
      </TextLine>
      <TextLine id="eSc_line_8e2c9630" custom="structure {type:default;}">
        <Coords points="952,1307 952,1331 2865,1331 2865,1307 2865,1276 952,1269 952,1307"/>
        <Baseline points="952,1307 2865,1307"/>
        <TextEquiv conf="0.9993130543652703">
          <Unicode>monasterii fecit, cassatas“ nunciat. Ughelli It. sacr. III. 405, Mittarelli Ann. Cam.</Unicode>
        </TextEquiv>
      </TextLine>
      <TextLine id="eSc_line_465ebde3" custom="structure {type:default;}">
        <Coords points="954,1364 954,1393 2865,1393 2865,1364 2865,1327 954,1322 954,1364"/>
        <Baseline points="954,1364 2865,1364"/>
        <TextEquiv conf="0.9964938325646483">
          <Unicode>IV. app. p. 30, Migne 200 p. 663. (Autographum bullae praebet: „XVII. kal. Apr.“,</Unicode>
        </TextEquiv>
      </TextLine>
      <TextLine id="eSc_line_71610a15" custom="structure {type:default;}">
        <Coords points="952,1417 952,1439 2357,1435 2359,1413 2355,1382 992,1375 989,1375 987,1375 950,1386 952,1417"/>
        <Baseline points="952,1417 2359,1413"/>
        <TextEquiv conf="0.9918894404071873">
          <Unicode>vide Pflugk-Harttung Iter p. 75.) — „Qualiter monasterium“.</Unicode>
        </TextEquiv>
      </TextLine>
      <TextLine id="eSc_line_0d457555" custom="structure {type:default;}">
        <Coords points="382,1472 382,1530 441,1525 444,1525 446,1525 446,1523 468,1503 556,1521 558,1472 556,1424 382,1431 382,1472"/>
        <Baseline points="382,1472 558,1472"/>
        <TextEquiv conf="0.9966459274291992">
          <Unicode>„ 16.</Unicode>
        </TextEquiv>
      </TextLine>
      <TextLine id="eSc_line_095e4172" custom="structure {type:default;}">
        <Coords points="682,1481 682,1501 768,1492 768,1481 768,1439 682,1428 682,1481"/>
        <Baseline points="682,1481 768,1481"/>
        <TextEquiv conf="1.0">
          <Unicode>„</Unicode>
        </TextEquiv>
      </TextLine>
      <TextLine id="eSc_line_53d378be" custom="structure {type:default;}">
        <Coords points="901,1472 901,1495 2863,1501 2865,1472 2865,1439 901,1439 901,1472"/>
        <Baseline points="901,1472 2865,1472"/>
        <TextEquiv conf="0.9999434226824914">
          <Unicode>11742 (7852) Henricum, archiepiscopum Remensem, hortatur, ut Galterum sacerdotem,</Unicode>
        </TextEquiv>
      </TextLine>
      <TextLine id="eSc_line_b576afad" custom="structure {type:default;}">
        <Coords points="952,1525 952,1554 2863,1545 2865,1521 2858,1492 950,1495 952,1525"/>
        <Baseline points="952,1525 2865,1521"/>
        <TextEquiv conf="0.9990868693516578">
          <Unicode>„qui in huius turbationis principio ex episcopatu Tullensi propter schismaticorum</Unicode>
        </TextEquiv>
      </TextLine>
      <TextLine id="eSc_line_a9f80601" custom="structure {type:default;}">
        <Coords points="952,1583 952,1607 2861,1603 2863,1574 2856,1545 950,1550 952,1583"/>
        <Baseline points="952,1583 2863,1574"/>
        <TextEquiv conf="0.9986172751301811">
          <Unicode>malitiam ad partes Remenses cum matre, fratre quoque et sorore diverterit“, clericum</Unicode>
        </TextEquiv>
      </TextLine>
      <TextLine id="eSc_line_9bbbbe33" custom="structure {type:default;}">
        <Coords points="950,1636 950,1665 2863,1660 2865,1631 2858,1603 947,1605 950,1636"/>
        <Baseline points="950,1636 2865,1631"/>
        <TextEquiv conf="0.995723446694816">
          <Unicode>ordinet, munerique praeponat. („XVII. kal. Apr.“) Martene Coll. II. 822, Migne 200</Unicode>
        </TextEquiv>
      </TextLine>
      <TextLine id="eSc_line_c9514b78" custom="structure {type:default;}">
        <Coords points="950,1693 950,1718 1701,1720 1703,1720 1705,1720 1745,1707 1745,1689 1741,1658 980,1651 978,1651 976,1651 947,1662 950,1693"/>
        <Baseline points="950,1693 1745,1689"/>
        <TextEquiv conf="0.9881643727421761">
          <Unicode>p. 656. — „Ex transmissa nobis“.</Unicode>
        </TextEquiv>
      </TextLine>
      <TextLine id="eSc_line_0bf53677" custom="structure {type:default;}">
        <Coords points="375,1749 375,1784 410,1793 413,1793 415,1793 437,1786 468,1777 483,1788 486,1790 488,1790 490,1790 492,1790 558,1788 558,1744 554,1704 373,1702 375,1749"/>
        <Baseline points="375,1749 558,1744"/>
        <TextEquiv conf="0.9998070120811462">
          <Unicode>„ 18.</Unicode>
        </TextEquiv>
      </TextLine>
      <TextLine id="eSc_line_e7c20ba3" custom="structure {type:default;}">
        <Coords points="684,1757 684,1795 718,1804 720,1804 722,1804 771,1782 771,1753 766,1702 680,1700 684,1757"/>
        <Baseline points="684,1757 771,1753"/>
        <TextEquiv conf="0.9999991655349731">
          <Unicode>„</Unicode>
        </TextEquiv>
      </TextLine>
      <TextLine id="eSc_line_a3d4e2a3" custom="structure {type:default;}">
        <Coords points="901,1744 901,1771 2863,1766 2865,1740 2861,1709 899,1704 901,1744"/>
        <Baseline points="901,1744 2865,1740"/>
        <TextEquiv conf="0.9964730087448569">
          <Unicode>11743 Ab Henrico, quondam episcopo Trecensi, constitutum in ecclesia cathedrali „loco</Unicode>
        </TextEquiv>
      </TextLine>
      <TextLine id="eSc_line_9bb15815" custom="structure {type:default;}">
        <Coords points="950,1802 950,1830 2843,1832 2845,1832 2847,1832 2850,1832 2867,1821 2867,1797 2861,1768 947,1771 950,1802"/>
        <Baseline points="950,1802 2867,1797"/>
        <TextEquiv conf="0.9953096448620663">
          <Unicode>praepositurae decanatum“ confirmat. Lalore Coll. des cartul. V. 34. — „Ad aures</Unicode>
        </TextEquiv>
      </TextLine>
      <TextLine id="eSc_line_137ad7ea" custom="structure {type:default;}">
        <Coords points="945,1855 945,1870 987,1885 989,1885 992,1885 1098,1883 1100,1883 1155,1863 1155,1850 1148,1817 943,1824 945,1855"/>
        <Baseline points="945,1855 1155,1850"/>
        <TextEquiv conf="0.999973197778066">
          <Unicode>nostras“.</Unicode>
        </TextEquiv>
      </TextLine>
      <TextLine id="eSc_line_e74a5998" custom="structure {type:default;}">
        <Coords points="375,1912 375,1943 554,1938 554,1905 547,1835 512,1837 510,1837 508,1837 499,1846 457,1874 413,1863 410,1863 408,1863 406,1863 404,1863 373,1872 375,1912"/>
        <Baseline points="375,1912 554,1905"/>
        <TextEquiv conf="0.9993783116340638">
          <Unicode>„ 18.</Unicode>
        </TextEquiv>
      </TextLine>
      <TextLine id="eSc_line_62d4cb67" custom="structure {type:default;}">
        <Coords points="682,1921 682,1941 773,1936 773,1921 773,1877 682,1877 682,1921"/>
        <Baseline points="682,1921 773,1921"/>
        <TextEquiv conf="1.0">
          <Unicode>„</Unicode>
        </TextEquiv>
      </TextLine>
      <TextLine id="eSc_line_1a428afa" custom="structure {type:default;}">
        <Coords points="901,1914 901,1945 2863,1930 2865,1905 2861,1870 899,1870 901,1914"/>
        <Baseline points="901,1914 2865,1905"/>
        <TextEquiv conf="0.9949519935949349">
          <Unicode>11744 (7850) Quibusdam mandat, iudicent inter Gerardum et Ar., de hereditate con-</Unicode>
        </TextEquiv>
      </TextLine>
      <TextLine id="eSc_line_978c0bfe" custom="structure {type:default;}">
        <Coords points="945,1967 945,1991 1902,2000 1904,2000 2014,1989 2039,1987 2061,1989 2140,1998 2143,1998 2863,1985 2865,1958 2858,1930 943,1936 945,1967"/>
        <Baseline points="945,1967 2865,1958"/>
        <TextEquiv conf="0.9975269595278969">
          <Unicode>sanguinei cuiusdam, nomine Manger, litigantes. Martene Coll. II. 822, Migne 200</Unicode>
        </TextEquiv>
      </TextLine>
      <TextLine id="eSc_line_05fde426" custom="structure {type:default;}">
        <Coords points="947,2022 947,2049 1199,2036 1248,2036 1263,2049 1265,2049 1268,2049 1270,2049 1679,2044 1681,2016 1674,1985 945,1987 947,2022"/>
        <Baseline points="947,2022 1681,2016"/>
        <TextEquiv conf="0.9909200154501816">
          <Unicode>p. 655. — „Querelam Girardi“.</Unicode>
        </TextEquiv>
      </TextLine>
      <TextLine id="eSc_line_405cc2ae" custom="structure {type:default;}">
        <Coords points="377,2080 377,2111 558,2111 558,2073 552,2029 375,2031 377,2080"/>
        <Baseline points="377,2080 558,2073"/>
        <TextEquiv conf="0.9999911069869996">
          <Unicode>„ 18.</Unicode>
        </TextEquiv>
      </TextLine>
      <TextLine id="eSc_line_0e5dc8e1" custom="structure {type:default;}">
        <Coords points="684,2082 682,2102 757,2117 762,2086 762,2044 687,2036 684,2082"/>
        <Baseline points="684,2082 762,2086"/>
        <TextEquiv conf="1.0">
          <Unicode>„</Unicode>
        </TextEquiv>
      </TextLine>
      <TextLine id="eSc_line_315880d3" custom="structure {type:default;}">
        <Coords points="901,2075 901,2104 2863,2095 2865,2071 2861,2038 923,2029 921,2029 919,2029 899,2038 901,2075"/>
        <Baseline points="901,2075 2865,2071"/>
        <TextEquiv conf="0.9913272060627161">
          <Unicode>11745 (7851) Henrico, archiepiscopo Remensi, praecipit, ut „suffraganeis suis et prae-</Unicode>
        </TextEquiv>
      </TextLine>
      <TextLine id="eSc_line_dbbabe5d" custom="structure {type:default;}">
        <Coords points="950,2131 950,2155 2863,2150 2865,2126 2861,2097 1022,2089 1020,2089 947,2100 950,2131"/>
        <Baseline points="950,2131 2865,2126"/>
        <TextEquiv conf="0.997897224455345">
          <Unicode>sertim B(artholomaeo) Bellovacensi episcopo nullum contra sanctorum patrum statuta</Unicode>
        </TextEquiv>
      </TextLine>
      <TextLine id="eSc_line_42609bff" custom="structure {type:default;}">
        <Coords points="954,2184 954,2210 2863,2210 2863,2184 2863,2155 954,2155 954,2184"/>
        <Baseline points="954,2184 2863,2184"/>
        <TextEquiv conf="0.9997521676594698">
          <Unicode>vel praeter antecessorum suorum antiquam et rationabilem consuetudinem gravamen</Unicode>
        </TextEquiv>
      </TextLine>
      <TextLine id="eSc_line_9f6d1163" custom="structure {type:default;}">
        <Coords points="950,2241 950,2267 2377,2274 2379,2274 2467,2261 2478,2261 2489,2261 2585,2272 2587,2272 2856,2259 2858,2232 2854,2203 947,2203 950,2241"/>
        <Baseline points="950,2241 2858,2232"/>
        <TextEquiv conf="0.9941180698076884">
          <Unicode>infligat“. Martene Coll. II. 823, Bouquet Rec. XV. 881, Migne 200 p. 655. —</Unicode>
        </TextEquiv>
      </TextLine>
      <TextLine id="eSc_line_f6fc0fac" custom="structure {type:default;}">
        <Coords points="950,2296 950,2325 1281,2309 1283,2292 1279,2261 1122,2250 1120,2250 1117,2250 1115,2250 1102,2261 980,2252 978,2252 976,2252 947,2263 950,2296"/>
        <Baseline points="950,2296 1283,2292"/>
        <TextEquiv conf="0.9810115575790406">
          <Unicode>„Sicut tibi a“.</Unicode>
        </TextEquiv>
      </TextLine>
      <TextLine id="eSc_line_1a07a856" custom="structure {type:default;}">
        <Coords points="380,2351 380,2382 554,2373 556,2347 550,2305 377,2305 380,2351"/>
        <Baseline points="380,2351 556,2347"/>
        <TextEquiv conf="0.9997583270072937">
          <Unicode>„ 20.</Unicode>
        </TextEquiv>
      </TextLine>
      <TextLine id="eSc_line_a13f10a6" custom="structure {type:default;}">
        <Coords points="689,2356 689,2385 760,2380 760,2356 760,2314 689,2309 689,2356"/>
        <Baseline points="689,2356 760,2356"/>
        <TextEquiv conf="1.0">
          <Unicode>„</Unicode>
        </TextEquiv>
      </TextLine>
      <TextLine id="eSc_line_7437a3c7" custom="structure {type:default;}">
        <Coords points="901,2347 901,2376 2863,2376 2865,2343 2858,2301 899,2312 901,2347"/>
        <Baseline points="901,2347 2865,2343"/>
        <TextEquiv conf="0.9887365400791168">
          <Unicode>11746 (7853) Henrico, archiepiscopo Remensi, mandat, ut Arwinum ab abbate S. Remigii</Unicode>
        </TextEquiv>
      </TextLine>
      <TextLine id="eSc_line_49a949ba" custom="structure {type:default;}">
        <Coords points="947,2404 947,2431 2858,2431 2861,2396 2854,2367 945,2373 947,2404"/>
        <Baseline points="947,2404 2861,2396"/>
        <TextEquiv conf="0.9988499026239654">
          <Unicode>excommunicatione absolutum, nisi Rolando ablata intra dies 15 restituerit, iterum</Unicode>
        </TextEquiv>
      </TextLine>
      <TextLine id="eSc_line_396ffabb" custom="structure {type:default;}">
        <Coords points="947,2460 947,2486 2863,2479 2865,2453 2858,2415 945,2429 947,2460"/>
        <Baseline points="947,2460 2865,2453"/>
        <TextEquiv conf="0.9981077520052591">
          <Unicode>excommunicet. Martene Coll. II. 823, Migne 200 p. 657. — „Conquerente nobis</Unicode>
        </TextEquiv>
      </TextLine>
      <TextLine id="eSc_line_61dbd427" custom="structure {type:default;}">
        <Coords points="945,2515 945,2544 1126,2544 1126,2541 1129,2541 1184,2526 1184,2510 1177,2477 943,2479 945,2515"/>
        <Baseline points="945,2515 1184,2510"/>
        <TextEquiv conf="0.9931461148791842">
          <Unicode>Rolando“.</Unicode>
        </TextEquiv>
      </TextLine>
      <TextLine id="eSc_line_70bb32df" custom="structure {type:default;}">
        <Coords points="380,2572 380,2599 558,2594 558,2566 550,2513 503,2526 377,2524 380,2572"/>
        <Baseline points="380,2572 558,2566"/>
        <TextEquiv conf="0.9999999523162841">
          <Unicode>„ 21.</Unicode>
        </TextEquiv>
      </TextLine>
      <TextLine id="eSc_line_c849df03" custom="structure {type:default;}">
        <Coords points="687,2577 684,2599 766,2594 768,2581 768,2537 689,2532 687,2577"/>
        <Baseline points="687,2577 768,2581"/>
        <TextEquiv conf="0.9797824025154114">
          <Unicode>„</Unicode>
        </TextEquiv>
      </TextLine>
      <TextLine id="eSc_line_bae63c94" custom="structure {type:default;}">
        <Coords points="897,2568 897,2599 2863,2588 2863,2563 2856,2528 894,2530 897,2568"/>
        <Baseline points="897,2568 2863,2563"/>
        <TextEquiv conf="0.9996170063077667">
          <Unicode>Lconatem, abbatem Piscariensem, ecclesiae Romanae diaconum facit „XII. kal. Apr.,</Unicode>
        </TextEquiv>
      </TextLine>
      <TextLine id="eSc_line_47435714" custom="structure {type:default;}">
        <Coords points="950,2619 947,2650 1736,2658 1738,2658 1829,2650 1858,2647 1864,2650 1884,2658 1886,2658 1889,2658 1946,2650 1948,2650 1950,2650 1964,2661 1966,2661 1968,2661 1970,2663 2306,2663 2306,2661 2359,2650 2390,2661 2392,2661 2394,2661 2397,2661 2399,2661 2414,2650 2417,2650 2861,2650 2863,2623 2861,2592 950,2585 950,2619"/>
        <Baseline points="950,2619 2863,2623"/>
        <TextEquiv conf="0.9943419016897679">
          <Unicode>sabbato ante dominicam de passione“. Chron. Casaur. 1170 ap. Muratori R. It. SS.</Unicode>
        </TextEquiv>
      </TextLine>
      <TextLine id="eSc_line_b0bfe7fc" custom="structure {type:default;}">
        <Coords points="950,2680 950,2700 1217,2703 1221,2676 1217,2645 1148,2634 1146,2634 947,2645 950,2680"/>
        <Baseline points="950,2680 1221,2676"/>
        <TextEquiv conf="0.9999785373608271">
          <Unicode>II. II. 907.</Unicode>
        </TextEquiv>
      </TextLine>
      <TextLine id="eSc_line_7b0f7119" custom="structure {type:default;}">
        <Coords points="371,2740 373,2813 558,2813 556,2731 547,2643 475,2645 472,2645 470,2645 470,2647 450,2667 435,2687 366,2689 371,2740"/>
        <Baseline points="371,2740 556,2731"/>
        <TextEquiv conf="0.9967757165431976">
          <Unicode>„„</Unicode>
        </TextEquiv>
      </TextLine>
      <TextLine id="eSc_line_aade49bd" custom="structure {type:default;}">
        <Coords points="671,2742 671,2756 775,2764 777,2742 775,2694 671,2709 671,2742"/>
        <Baseline points="671,2742 777,2742"/>
        <TextEquiv conf="1.0">
          <Unicode>„</Unicode>
        </TextEquiv>
      </TextLine>
      <TextLine id="eSc_line_86ec9359" custom="structure {type:default;}">
        <Coords points="901,2736 901,2760 2865,2760 2865,2727 2863,2694 2832,2680 2830,2680 2828,2680 2472,2691 2406,2680 2403,2680 2401,2680 2348,2694 2346,2694 2337,2694 2103,2683 2101,2683 2043,2694 2028,2683 2026,2683 2023,2683 2021,2683 1891,2696 1873,2696 1816,2696 1427,2685 1425,2685 1376,2696 1363,2698 1314,2696 1144,2687 1142,2687 899,2696 901,2736"/>
        <Baseline points="901,2736 2865,2727"/>
        <TextEquiv conf="0.9964774191379547">
          <Unicode>11747 Universis consulibus civitatum Lombardiae, Marchiae et Romagnolae et aliis</Unicode>
        </TextEquiv>
      </TextLine>
      <TextLine id="eSc_line_cb860ddc" custom="structure {type:default;}">
        <Coords points="947,2789 947,2813 2861,2806 2863,2782 2856,2753 945,2753 947,2789"/>
        <Baseline points="947,2789 2863,2782"/>
        <TextEquiv conf="0.9993925721614392">
          <Unicode>omnibus tam minoribus quam maioribus in societate et coniunctione Lombardorum</Unicode>
        </TextEquiv>
      </TextLine>
      <TextLine id="eSc_line_0b0188c7" custom="structure {type:default;}">
        <Coords points="950,2842 950,2868 2861,2859 2863,2833 2856,2806 947,2809 950,2842"/>
        <Baseline points="950,2842 2863,2833"/>
        <TextEquiv conf="0.9993194313276381">
          <Unicode>existentibus nuntiat, sese eorum consules et rectores ad sedem apostolicam venientes</Unicode>
        </TextEquiv>
      </TextLine>
      <TextLine id="eSc_line_5ba97577" custom="structure {type:default;}">
        <Coords points="954,2901 954,2930 2861,2917 2863,2890 2856,2859 952,2868 954,2901"/>
        <Baseline points="954,2901 2863,2890"/>
        <TextEquiv conf="0.999188733689579">
          <Unicode>„pro verbo, quod (Eberhardus) Pavember(gensis) episcopus ex parte F(riderici) de-</Unicode>
        </TextEquiv>
      </TextLine>
      <TextLine id="eSc_line_55f4b325" custom="structure {type:default;}">
        <Coords points="950,2952 950,2981 2858,2981 2861,2943 2854,2912 947,2923 950,2952"/>
        <Baseline points="950,2952 2861,2943"/>
        <TextEquiv conf="0.9996466840014738">
          <Unicode>tulerit“, benigne recepisse omnibusque cardinalium consiliis „licet praeter ecclesiae</Unicode>
        </TextEquiv>
      </TextLine>
      <TextLine id="eSc_line_0dae2dad" custom="structure {type:default;}">
        <Coords points="950,3007 950,3036 2858,3036 2861,2998 2854,2970 947,2974 950,3007"/>
        <Baseline points="950,3007 2861,2998"/>
        <TextEquiv conf="0.9884304560366131">
          <Unicode>consuetudinem fuerit“, interesse fecisse. „Inter quae“ inquit „idem Pavember(gensis)</Unicode>
        </TextEquiv>
      </TextLine>
      <TextLine id="eSc_line_28c666a4" custom="structure {type:default;}">
        <Coords points="947,3060 947,3087 2856,3093 2858,3060 2858,3032 947,3027 947,3060"/>
        <Baseline points="947,3060 2858,3060"/>
        <TextEquiv conf="0.9941096643367445">
          <Unicode>hoc unum adiecit, quod F(ridericus) de persona nostra, sive de honore et dignitate,</Unicode>
        </TextEquiv>
      </TextLine>
      <TextLine id="eSc_line_ef6ad4f3" custom="structure {type:default;}">
        <Coords points="950,3118 950,3142 2856,3133 2858,3109 2852,3080 947,3080 950,3118"/>
        <Baseline points="950,3118 2858,3109"/>
        <TextEquiv conf="0.993506954376956">
          <Unicode>quam licet insufficientes habemus, nullam nobis quaestionem movebat, sed alia quae-</Unicode>
        </TextEquiv>
      </TextLine>
      <TextLine id="eSc_line_4aea339a" custom="structure {type:default;}">
        <Coords points="950,3171 950,3199 2856,3193 2858,3162 2852,3133 947,3140 950,3171"/>
        <Baseline points="950,3171 2858,3162"/>
        <TextEquiv conf="0.9993511696895921">
          <Unicode>dam sibi fieri postulavit, quibus sicut nec debuimus non duximus aliquatenus acqui-</Unicode>
        </TextEquiv>
      </TextLine>
      <TextLine id="eSc_line_bff3755c" custom="structure {type:default;}">
        <Coords points="952,3224 952,3250 2858,3244 2861,3217 2854,3188 950,3188 952,3224"/>
        <Baseline points="952,3224 2861,3217"/>
        <TextEquiv conf="0.9925139190220251">
          <Unicode>escendum.  Quae autem illa fuerint, praenominati consules vobis poterunt voce viva</Unicode>
        </TextEquiv>
      </TextLine>
      <TextLine id="eSc_line_f25a5248" custom="structure {type:default;}">
        <Coords points="952,3283 952,3314 2856,3297 2858,3272 2852,3244 950,3252 952,3283"/>
        <Baseline points="952,3283 2858,3272"/>
        <TextEquiv conf="0.9990472661124336">
          <Unicode>plenius aperire.“ Scribit, se ad pacem et tranquillitatem Lombardiae conservandam</Unicode>
        </TextEquiv>
      </TextLine>
      <TextLine id="eSc_line_4012bc51" custom="structure {type:default;}">
        <Coords points="950,3336 950,3361 2856,3361 2858,3330 2852,3299 947,3303 950,3336"/>
        <Baseline points="950,3336 2858,3330"/>
        <TextEquiv conf="0.9938879939446966">
          <Unicode>(Udalrico) patriarchae Aquileiensi, (Galdino) archiepiscopo Mediolanensi, et Odoni.</Unicode>
        </TextEquiv>
      </TextLine>
      <TextLine id="eSc_line_76f61cfb" custom="structure {type:default;}">
        <Coords points="952,3389 952,3414 2861,3405 2861,3383 2854,3354 950,3354 952,3389"/>
        <Baseline points="952,3389 2861,3383"/>
        <TextEquiv conf="0.9902502609924837">
          <Unicode>S. Nicolai in carcere Tulliano diacono cardinali, apost. sed. legatis, ac universis epi-</Unicode>
        </TextEquiv>
      </TextLine>
      <TextLine id="eSc_line_f5e8f0e1" custom="structure {type:default;}">
        <Coords points="952,3445 952,3471 2854,3462 2856,3433 2850,3398 950,3411 952,3445"/>
        <Baseline points="952,3445 2856,3433"/>
        <TextEquiv conf="0.998272170965699">
          <Unicode>scopis per civitates eorum constitutis, mandasse, ut si qui coniurationem contra foedus</Unicode>
        </TextEquiv>
      </TextLine>
      <TextLine id="eSc_line_1ffc6add" custom="structure {type:default;}">
        <Coords points="952,3495 952,3548 987,3559 989,3559 992,3559 994,3559 1014,3548 1029,3542 1060,3551 1100,3559 1102,3559 1104,3559 1106,3559 1109,3559 1122,3551 1131,3544 1142,3551 1162,3559 1164,3559 1166,3562 1312,3562 1312,3559 1314,3559 1343,3551 1374,3542 1394,3551 1409,3559 1411,3559 1414,3559 1416,3559 1442,3551 1482,3539 1588,3539 1639,3553 1665,3559 1668,3559 1670,3562 1807,3562 1807,3559 1809,3559 1833,3553 1884,3539 1924,3553 1935,3557 1937,3557 1939,3557 1942,3557 1948,3555 1981,3537 2079,3551 2081,3551 2134,3539 2156,3555 2158,3555 2160,3555 2163,3555 2165,3555 2167,3555 2196,3537 2414,3548 2417,3548 2507,3537 2527,3551 2529,3551 2531,3551 2534,3551 2536,3551 2580,3539 2638,3555 2640,3555 2642,3555 2644,3555 2646,3555 2673,3537 2726,3537 2761,3557 2763,3557 2766,3557 2768,3559 2854,3559 2856,3491 2850,3460 950,3467 952,3495"/>
        <Baseline points="952,3495 2856,3491"/>
        <TextEquiv conf="0.9961958053784493">
          <Unicode>corum fecerint, eos encommunicent. Addit haec: „Ceterum si Tusci vobis adiungi</Unicode>
        </TextEquiv>
      </TextLine>
    </TextRegion>
    <TextRegion id="eSc_textblock_48476dfb"  custom="structure {type:default;}">
      <Coords points="1142,150 2052,150 2087,227 2070,253 1137,253 1102,194 1142,150"/>
      <TextLine id="eSc_line_468b76da" custom="structure {type:default;}">
        <Coords points="2050,165 1948,165 1911,150 1908,150 1906,150 1904,150 1877,163 1778,152 1776,152 1641,163 1597,150 1595,150 1592,150 1590,150 1533,165 1444,152 1155,152 1153,152 1151,152 1148,152 1131,163 1133,220 1133,240 2059,238 2061,216 2056,172 2050,165"/>
        <Baseline points="1133,220 2061,216"/>
        <TextEquiv conf="0.9978019618988037">
          <Unicode>ALEXANDER III. 1159—1181.</Unicode>
        </TextEquiv>
      </TextLine>
    </TextRegion>
  </Page>
</PcGts>
