<?xml version="1.0" encoding="UTF-8"  standalone="yes"?>
<PcGts xmlns="http://schema.primaresearch.org/PAGE/gts/pagecontent/2019-07-15" xmlns:xsi="http://www.w3.org/2001/XMLSchema-instance" xsi:schemaLocation="http://schema.primaresearch.org/PAGE/gts/pagecontent/2019-07-15 http://schema.primaresearch.org/PAGE/gts/pagecontent/2019-07-15/pagecontent.xsd">
  <Metadata>
	<Creator>escriptorium</Creator>
	<Created>2024-07-19T10:09:07.383734+00:00</Created>
        <LastChange>2024-08-08T08:35:41.663755+00:00</LastChange>
  </Metadata>
  <Page imageFilename="0250.png" imageWidth="3007" imageHeight="3975">
    <TextRegion id="eSc_textblock_879f3770"  custom="structure {type:default;}">
      <Coords points="729,300 2706,300 2688,3504 689,3531 660,3407 634,3451 503,3486 397,3345 395,3142 351,3469 289,3504 141,3486 97,2365 106,583 132,415 167,309 273,335 351,309 368,335 368,1949 395,2199 406,388 441,309 651,309 669,335 729,300"/>
      <TextLine id="eSc_line_91404d0e" custom="structure {type:default;}">
        <Coords points="2302,300 2280,300 2277,300 2255,311 2103,311 1992,300 1970,300 1948,300 1935,300 1922,313 1646,313 1615,300 1612,300 1610,300 1524,313 1502,300 1500,300 1497,300 1495,300 1367,313 1327,300 1325,300 1323,300 1321,300 1319,300 1296,313 1080,302 1078,302 969,318 947,304 945,304 943,304 718,304 711,306 689,320 667,333 669,362 669,388 2582,382 2582,348 2578,309 2326,309 2308,300 2302,300"/>
        <Baseline points="669,362 2582,348"/>
        <TextEquiv conf="0.9880348377013475">
          <Unicode>1170. (Ind. 3. — 25. Sept. — 4, pont. a. 11. — 20. Sept. — 12, 1169. — 25. Mart. — 1170.)</Unicode>
        </TextEquiv>
      </TextLine>
      <TextLine id="eSc_line_07e34377" custom="structure {type:default;}">
        <Coords points="751,421 751,450 2664,450 2666,417 2662,384 793,377 790,377 788,377 748,388 751,421"/>
        <Baseline points="751,421 2666,417"/>
        <TextEquiv conf="0.9981517407454943">
          <Unicode>mandata sua adhortetur. Epist. S. Thomae ed. Giles II. 70, ed. Lupus p. 784,</Unicode>
        </TextEquiv>
      </TextLine>
      <TextLine id="eSc_line_74ff3b34" custom="structure {type:default;}">
        <Coords points="753,477 753,512 899,501 2660,505 2664,472 2660,441 751,441 753,477"/>
        <Baseline points="753,477 2664,472"/>
        <TextEquiv conf="0.9973353995726659">
          <Unicode>Mansi XXI. 900, Liverani Spicil. Liber. p. 548, Migne 200 p. 683. — „Litteras,</Unicode>
        </TextEquiv>
      </TextLine>
      <TextLine id="eSc_line_76901a13" custom="structure {type:default;}">
        <Coords points="751,532 751,549 848,560 850,560 1040,545 1042,527 1036,496 748,499 751,532"/>
        <Baseline points="751,532 1042,527"/>
        <TextEquiv conf="0.9986035625139872">
          <Unicode>quas nobis“.</Unicode>
        </TextEquiv>
      </TextLine>
      <TextLine id="eSc_line_bfe39021" custom="structure {type:default;}">
        <Coords points="143,587 139,680 353,680 357,594 357,538 143,530 143,587"/>
        <Baseline points="143,587 357,594"/>
        <TextEquiv conf="0.9806294952120099">
          <Unicode>ton. 2.</Unicode>
        </TextEquiv>
      </TextLine>
      <TextLine id="eSc_line_0473057b" custom="structure {type:default;}">
        <Coords points="508,598 510,684 563,680 565,680 567,680 567,677 592,653 598,642 618,640 618,594 614,525 556,512 554,512 552,512 550,512 503,525 508,598"/>
        <Baseline points="508,598 618,594"/>
        <TextEquiv conf="0.9278495013713837">
          <Unicode>e.</Unicode>
        </TextEquiv>
      </TextLine>
      <TextLine id="eSc_line_d4751d72" custom="structure {type:default;}">
        <Coords points="702,589 702,611 2668,611 2668,580 2662,534 700,547 702,589"/>
        <Baseline points="702,589 2668,580"/>
        <TextEquiv conf="0.9989302434572359">
          <Unicode>11809 (7893) (Petro) Bituricensi, (Henrico) Remensi, (loscio) Turonensi, (Rotrodo)</Unicode>
        </TextEquiv>
      </TextLine>
      <TextLine id="eSc_line_d6cc40ca" custom="structure {type:default;}">
        <Coords points="751,642 751,666 2666,660 2668,633 2664,605 748,605 751,642"/>
        <Baseline points="751,642 2668,633"/>
        <TextEquiv conf="0.9990519093615668">
          <Unicode>Rotomagensi archiepiscopis mandat, ut „singuli in provincia sua, ascitis prudentibus</Unicode>
        </TextEquiv>
      </TextLine>
      <TextLine id="eSc_line_e6140010" custom="structure {type:default;}">
        <Coords points="751,695 751,715 2666,726 2668,695 2668,666 751,666 751,695"/>
        <Baseline points="751,695 2668,695"/>
        <TextEquiv conf="0.9972671821147581">
          <Unicode>et religiosis viris, pravam doctrinam, quam adhuc quidam teneant et praedicent,</Unicode>
        </TextEquiv>
      </TextLine>
      <TextLine id="eSc_line_ede90605" custom="structure {type:default;}">
        <Coords points="753,750 753,775 2660,777 2664,746 2660,717 1718,706 1716,706 1714,706 1712,706 1699,717 841,708 839,708 751,719 753,750"/>
        <Baseline points="753,750 2664,746"/>
        <TextEquiv conf="0.9958156851621774">
          <Unicode>quod Christus secundum quod sit homo non sit aliquid, penitus abrogare curent,</Unicode>
        </TextEquiv>
      </TextLine>
      <TextLine id="eSc_line_f37d9843" custom="structure {type:default;}">
        <Coords points="751,806 751,825 2664,832 2666,806 2666,775 751,775 751,806"/>
        <Baseline points="751,806 2666,806"/>
        <TextEquiv conf="0.9973289680480957">
          <Unicode>et Christum sicut perfectum Deum sic et perfectum ac verum hominem ex anima</Unicode>
        </TextEquiv>
      </TextLine>
      <TextLine id="eSc_line_5e388f1d" custom="structure {type:default;}">
        <Coords points="751,861 751,883 2664,878 2666,856 2662,828 1707,817 1705,817 748,828 751,861"/>
        <Baseline points="751,861 2666,856"/>
        <TextEquiv conf="0.9999972787904151">
          <Unicode>et corpore secundum quod homo consistentem tenendum et praedicandum praecipiant“.</Unicode>
        </TextEquiv>
      </TextLine>
      <TextLine id="eSc_line_75d440b1" custom="structure {type:default;}">
        <Coords points="751,916 751,938 2662,931 2664,909 2660,878 748,876 751,916"/>
        <Baseline points="751,916 2664,909"/>
        <TextEquiv conf="0.9934749836209177">
          <Unicode>Martene Coll. II. 843, Bouquet Rec. XV. 888, Migne 200 p. 684. — „Eis, qui disponente“.</Unicode>
        </TextEquiv>
      </TextLine>
      <TextLine id="eSc_line_5cb3db1b" custom="structure {type:default;}">
        <Coords points="181,984 183,1020 267,998 311,1018 313,1018 315,1018 357,1015 357,980 351,929 178,929 181,984"/>
        <Baseline points="181,984 357,980"/>
        <TextEquiv conf="0.9955687373876572">
          <Unicode>„ 5.</Unicode>
        </TextEquiv>
      </TextLine>
      <TextLine id="eSc_line_40affbed" custom="structure {type:default;}">
        <Coords points="477,993 475,1033 572,1020 574,998 574,938 479,929 477,993"/>
        <Baseline points="477,993 574,998"/>
        <TextEquiv conf="0.9976840019226074">
          <Unicode>„</Unicode>
        </TextEquiv>
      </TextLine>
      <TextLine id="eSc_line_79399461" custom="structure {type:default;}">
        <Coords points="698,971 698,995 2664,987 2666,962 2660,929 695,934 698,971"/>
        <Baseline points="698,971 2666,962"/>
        <TextEquiv conf="0.9943965254006563">
          <Unicode>11810 (7895) Hospitale S. Blasii iuxta Modoetiam tuendum suscipit, petente Ardico</Unicode>
        </TextEquiv>
      </TextLine>
      <TextLine id="eSc_line_a8d9a9f1" custom="structure {type:default;}">
        <Coords points="751,1024 751,1048 2023,1055 2026,1055 2028,1055 2059,1044 2063,1044 2662,1044 2664,1018 2660,989 1405,980 1402,980 1400,980 1398,980 1380,991 857,982 855,982 748,993 751,1024"/>
        <Baseline points="751,1024 2664,1018"/>
        <TextEquiv conf="0.9998100105818216">
          <Unicode>magistro. Giulini Mem. d. Mil. VI. 542, Frisi Mem. d. Monza II. 69, Migne 200</Unicode>
        </TextEquiv>
      </TextLine>
      <TextLine id="eSc_line_6c31e9e0" custom="structure {type:default;}">
        <Coords points="748,1084 748,1101 1321,1106 1325,1079 1321,1048 1062,1037 1060,1037 1058,1037 1029,1048 852,1040 850,1040 746,1051 748,1084"/>
        <Baseline points="748,1084 1325,1079"/>
        <TextEquiv conf="0.9999883608384565">
          <Unicode>p. 685. — „Ad hoc in“.</Unicode>
        </TextEquiv>
      </TextLine>
      <TextLine id="eSc_line_9ecc9be1" custom="structure {type:default;}">
        <Coords points="178,1146 178,1168 355,1163 355,1139 349,1095 176,1097 178,1146"/>
        <Baseline points="178,1146 355,1139"/>
        <TextEquiv conf="0.9996246337890625">
          <Unicode>„ 11.</Unicode>
        </TextEquiv>
      </TextLine>
      <TextLine id="eSc_line_a3b20280" custom="structure {type:default;}">
        <Coords points="481,1159 481,1172 572,1172 572,1159 572,1099 481,1099 481,1159"/>
        <Baseline points="481,1159 572,1159"/>
        <TextEquiv conf="1.0">
          <Unicode>„</Unicode>
        </TextEquiv>
      </TextLine>
      <TextLine id="eSc_line_598890d8" custom="structure {type:default;}">
        <Coords points="698,1137 698,1170 757,1159 2664,1161 2668,1130 2662,1097 2421,1097 2417,1097 2372,1086 2370,1086 2368,1086 2233,1097 2213,1084 2211,1084 2209,1084 2116,1084 2114,1084 2112,1084 2081,1097 1961,1086 1959,1086 1957,1086 1955,1086 1933,1099 1931,1101 1745,1101 1741,1099 1526,1086 1524,1086 1522,1086 1489,1099 1471,1086 1469,1086 1467,1086 1374,1086 1372,1086 1369,1086 1367,1086 1343,1101 1341,1101 1334,1101 1142,1090 1140,1090 1022,1101 950,1088 947,1088 695,1104 698,1137"/>
        <Baseline points="698,1137 2668,1130"/>
        <TextEquiv conf="0.9991439402103424">
          <Unicode>11811 Archiepiscopis, episcopis et aliis ecclesiarum praelatis mandat, ne fratres militiae</Unicode>
        </TextEquiv>
      </TextLine>
      <TextLine id="eSc_line_70193ad3" custom="structure {type:default;}">
        <Coords points="751,1190 751,1219 2664,1212 2666,1185 2660,1154 748,1159 751,1190"/>
        <Baseline points="751,1190 2666,1185"/>
        <TextEquiv conf="0.9982070076612779">
          <Unicode>templi super elemosynis a fidelibus collatis a quoquam vexari sinant. Prutz Malt.</Unicode>
        </TextEquiv>
      </TextLine>
      <TextLine id="eSc_line_2df8f4d8" custom="structure {type:default;}">
        <Coords points="748,1245 748,1265 1436,1274 1438,1274 1440,1274 1453,1272 1489,1260 1504,1272 1506,1272 1509,1272 1511,1274 1787,1274 1789,1238 1782,1207 746,1212 748,1245"/>
        <Baseline points="748,1245 1789,1238"/>
        <TextEquiv conf="0.988984245321025">
          <Unicode>Urk. p. 41. n. 14. — („Quanto dilecti filii“.)</Unicode>
        </TextEquiv>
      </TextLine>
      <TextLine id="eSc_line_0d334f29" custom="structure {type:default;}">
        <Coords points="181,1309 181,1331 357,1331 357,1302 353,1256 178,1254 181,1309"/>
        <Baseline points="181,1309 357,1302"/>
        <TextEquiv conf="0.9885215163230896">
          <Unicode>„ 15.</Unicode>
        </TextEquiv>
      </TextLine>
      <TextLine id="eSc_line_b695e57b" custom="structure {type:default;}">
        <Coords points="481,1325 481,1448 572,1439 572,1325 572,1260 481,1254 481,1325"/>
        <Baseline points="481,1325 572,1325"/>
        <TextEquiv conf="1.0">
          <Unicode>„</Unicode>
        </TextEquiv>
      </TextLine>
      <TextLine id="eSc_line_2efd4da0" custom="structure {type:default;}">
        <Coords points="700,1300 700,1325 2664,1320 2666,1294 2662,1263 698,1258 700,1300"/>
        <Baseline points="700,1300 2666,1294"/>
        <TextEquiv conf="0.991636587040765">
          <Unicode>11812 (7896) Decanum et capitulum ecclesiae Carnotensis hortatur, ut Philippo, filio</Unicode>
        </TextEquiv>
      </TextLine>
      <TextLine id="eSc_line_8fa87a38" custom="structure {type:default;}">
        <Coords points="751,1358 751,1384 2664,1384 2666,1351 2662,1322 2037,1311 2034,1311 1984,1322 1981,1322 1953,1322 1420,1313 1418,1313 1365,1325 1358,1327 748,1327 751,1358"/>
        <Baseline points="751,1358 2666,1351"/>
        <TextEquiv conf="0.9952523747557088">
          <Unicode>Roberti comitis, „reditus praebendae suae non tamquam forinseco, sed tamquam</Unicode>
        </TextEquiv>
      </TextLine>
      <TextLine id="eSc_line_2a63fb35" custom="structure {type:default;}">
        <Coords points="751,1411 751,1433 2660,1439 2664,1406 2660,1375 748,1369 751,1411"/>
        <Baseline points="751,1411 2664,1406"/>
        <TextEquiv conf="0.9919773759665312">
          <Unicode>intrinseco cum integritate reddant“. Martene Coll. II. 844, Bouquet Rec. XV. 889,</Unicode>
        </TextEquiv>
      </TextLine>
      <TextLine id="eSc_line_cfcda2f5" custom="structure {type:default;}">
        <Coords points="751,1464 751,1486 1787,1486 1787,1464 1787,1435 751,1426 751,1464"/>
        <Baseline points="751,1464 1787,1464"/>
        <TextEquiv conf="0.9999359115958214">
          <Unicode>Migne 200 p. 686. — „Quantum Philippus“.</Unicode>
        </TextEquiv>
      </TextLine>
      <TextLine id="eSc_line_9f1252b5" custom="structure {type:default;}">
        <Coords points="181,1525 181,1561 353,1548 353,1525 353,1481 181,1481 181,1525"/>
        <Baseline points="181,1525 353,1525"/>
        <TextEquiv conf="0.9951662659645081">
          <Unicode>„ 15.</Unicode>
        </TextEquiv>
      </TextLine>
      <TextLine id="eSc_line_df29d6e3" custom="structure {type:default;}">
        <Coords points="481,1539 475,1616 565,1634 574,1545 576,1466 486,1464 481,1539"/>
        <Baseline points="481,1539 574,1545"/>
        <TextEquiv conf="1.0">
          <Unicode>„</Unicode>
        </TextEquiv>
      </TextLine>
      <TextLine id="eSc_line_0f5000ba" custom="structure {type:default;}">
        <Coords points="700,1521 700,1543 2668,1539 2671,1514 2664,1479 698,1484 700,1521"/>
        <Baseline points="700,1521 2671,1514"/>
        <TextEquiv conf="0.9995783666769663">
          <Unicode>11813 (7897) Henricum, archiepiscopum Remensem, de litteris pro Philippo nepote eius</Unicode>
        </TextEquiv>
      </TextLine>
      <TextLine id="eSc_line_6e4f60ac" custom="structure {type:default;}">
        <Coords points="751,1576 751,1598 2666,1592 2668,1570 2664,1541 773,1534 771,1534 768,1534 748,1543 751,1576"/>
        <Baseline points="751,1576 2668,1570"/>
        <TextEquiv conf="0.9882802802782792">
          <Unicode>ad (Willelmum) archiepiscopum Senonensem et ad capitulum Carnotense datis cer-</Unicode>
        </TextEquiv>
      </TextLine>
      <TextLine id="eSc_line_41753ab2" custom="structure {type:default;}">
        <Coords points="751,1629 753,1662 797,1651 1111,1660 1177,1662 1179,1662 1197,1660 1268,1651 1356,1660 1391,1662 1394,1662 1416,1660 1469,1651 1520,1658 1546,1662 1548,1662 1628,1658 1780,1649 1811,1658 1824,1660 1827,1660 1829,1660 1895,1656 2021,1649 2076,1656 2114,1660 2116,1660 2118,1660 2129,1656 2145,1649 2169,1656 2191,1660 2193,1660 2196,1660 2242,1656 2288,1649 2306,1654 2322,1660 2324,1660 2326,1660 2660,1651 2662,1625 2657,1596 779,1587 777,1587 775,1587 748,1596 751,1629"/>
        <Baseline points="751,1629 2662,1625"/>
        <TextEquiv conf="0.9946497296675657">
          <Unicode>tiorem facit. Martene Coll. II. 845, Bouquet Rec. XV. 889, Migne 200 p. 687. —</Unicode>
        </TextEquiv>
      </TextLine>
      <TextLine id="eSc_line_38dc9d5a" custom="structure {type:default;}">
        <Coords points="748,1687 748,1711 1179,1698 1182,1680 1177,1649 987,1640 985,1640 892,1654 881,1654 879,1654 859,1643 857,1643 855,1643 852,1643 830,1654 828,1654 784,1643 782,1643 779,1643 777,1643 746,1651 748,1687"/>
        <Baseline points="748,1687 1182,1680"/>
        <TextEquiv conf="0.9999997113880358">
          <Unicode>„Probata fides et“.</Unicode>
        </TextEquiv>
      </TextLine>
      <TextLine id="eSc_line_954bc30a" custom="structure {type:default;}">
        <Coords points="185,1746 185,1773 353,1773 353,1740 349,1702 267,1691 265,1691 183,1704 185,1746"/>
        <Baseline points="185,1746 353,1740"/>
        <TextEquiv conf="0.9993247270584107">
          <Unicode>„ 16.</Unicode>
        </TextEquiv>
      </TextLine>
      <TextLine id="eSc_line_e04bc760" custom="structure {type:default;}">
        <Coords points="486,1757 481,1821 556,1830 563,1762 563,1698 488,1698 486,1757"/>
        <Baseline points="486,1757 563,1762"/>
        <TextEquiv conf="1.0">
          <Unicode>„</Unicode>
        </TextEquiv>
      </TextLine>
      <TextLine id="eSc_line_ae52a040" custom="structure {type:default;}">
        <Coords points="698,1737 698,1782 802,1779 804,1779 850,1762 998,1773 1000,1773 1003,1773 1005,1773 1029,1757 1212,1773 1215,1773 1217,1773 1219,1773 1246,1757 1360,1762 1383,1775 1383,1777 1385,1777 1387,1777 1389,1777 1391,1777 1396,1775 1425,1764 1480,1775 1495,1777 1497,1777 1500,1777 1509,1775 1548,1760 1703,1773 1741,1775 1743,1775 1745,1775 1752,1773 1785,1757 1836,1764 1838,1764 1840,1764 1869,1753 1953,1771 1970,1773 1972,1773 1975,1773 1984,1771 2032,1753 2090,1768 2092,1768 2094,1768 2098,1768 2156,1757 2255,1766 2280,1768 2282,1768 2284,1768 2291,1766 2324,1755 2379,1766 2397,1768 2399,1768 2401,1768 2408,1766 2430,1753 2456,1764 2474,1773 2476,1773 2478,1773 2540,1764 2604,1755 2664,1762 2668,1733 2662,1691 695,1702 698,1737"/>
        <Baseline points="698,1737 2668,1733"/>
        <TextEquiv conf="0.9966355694664849">
          <Unicode>11814 (7898) Henrico, archiepiscopo Remensi, de decem auri marcis sibi donatis et</Unicode>
        </TextEquiv>
      </TextLine>
      <TextLine id="eSc_line_7354ffba" custom="structure {type:default;}">
        <Coords points="751,1797 751,1821 2664,1813 2666,1790 2662,1760 782,1753 779,1753 777,1753 748,1764 751,1797"/>
        <Baseline points="751,1797 2666,1790"/>
        <TextEquiv conf="0.9988759239035917">
          <Unicode>„Eust. magistro militiae templi Parisius assignatis“ gratias agit. Fratres militiae</Unicode>
        </TextEquiv>
      </TextLine>
      <TextLine id="eSc_line_05ab66ba" custom="structure {type:default;}">
        <Coords points="751,1848 751,1872 2664,1879 2666,1848 2666,1817 751,1817 751,1848"/>
        <Baseline points="751,1848 2666,1848"/>
        <TextEquiv conf="0.9969922594726086">
          <Unicode>templi commendat. Martene Coll. II. 845, Bouquet Rec. XV. 889, Migne 200 p. 687.</Unicode>
        </TextEquiv>
      </TextLine>
      <TextLine id="eSc_line_e7e49c24" custom="structure {type:default;}">
        <Coords points="751,1903 751,1921 839,1934 841,1934 992,1923 1009,1934 1011,1934 1014,1934 1016,1936 1117,1936 1117,1934 1120,1934 1122,1934 1122,1932 1133,1923 1177,1934 1179,1934 1182,1934 1184,1934 1230,1921 1230,1903 1230,1874 751,1874 751,1903"/>
        <Baseline points="751,1903 1230,1903"/>
        <TextEquiv conf="0.9998604622152116">
          <Unicode>— „Quod nobis in“.</Unicode>
        </TextEquiv>
      </TextLine>
      <TextLine id="eSc_line_aaebfd47" custom="structure {type:default;}">
        <Coords points="183,1963 183,1994 353,1994 353,1958 349,1914 181,1914 183,1963"/>
        <Baseline points="183,1963 353,1958"/>
        <TextEquiv conf="0.9999999761581421">
          <Unicode>„ 20.</Unicode>
        </TextEquiv>
      </TextLine>
      <TextLine id="eSc_line_886d6ccb" custom="structure {type:default;}">
        <Coords points="481,1976 475,2053 561,2062 570,1983 572,1912 486,1912 481,1976"/>
        <Baseline points="481,1976 570,1983"/>
        <TextEquiv conf="1.0">
          <Unicode>„</Unicode>
        </TextEquiv>
      </TextLine>
      <TextLine id="eSc_line_be1e676b" custom="structure {type:default;}">
        <Coords points="698,1958 698,1983 2664,1978 2666,1954 2662,1921 2397,1921 2397,1919 2370,1908 2368,1908 2366,1908 2238,1919 2233,1919 2224,1919 1935,1908 1933,1908 1802,1919 1794,1919 1785,1919 1692,1910 1690,1910 1687,1910 1685,1910 1674,1919 1668,1921 1641,1919 1551,1910 1548,1910 1509,1919 1493,1921 1469,1919 1400,1910 1398,1910 1396,1910 1365,1919 1354,1921 1332,1919 1274,1910 1272,1910 1270,1910 1237,1919 1221,1921 695,1919 698,1958"/>
        <Baseline points="698,1958 2666,1954"/>
        <TextEquiv conf="0.9939210048641067">
          <Unicode>11815 (7899) Petente G(erardo), archiepiscopo Spalatino, confirmat legem, ne archi-</Unicode>
        </TextEquiv>
      </TextLine>
      <TextLine id="eSc_line_1ecf6078" custom="structure {type:default;}">
        <Coords points="748,2014 748,2033 2664,2038 2666,2014 2666,1983 748,1983 748,2014"/>
        <Baseline points="748,2014 2666,2014"/>
        <TextEquiv conf="0.9991478803869965">
          <Unicode>episcoporum ad imperatorem Constantinopolitanum et ad Hungariae regem itinera</Unicode>
        </TextEquiv>
      </TextLine>
      <TextLine id="eSc_line_f7957152" custom="structure {type:default;}">
        <Coords points="751,2067 751,2093 2662,2093 2662,2067 2662,2036 751,2033 751,2067"/>
        <Baseline points="751,2067 2662,2067"/>
        <TextEquiv conf="0.9953507489936296">
          <Unicode>clericis Spalatinis sumptum afferant. Farlati III. sacr. III. 192, Migne 200 p. 688. —</Unicode>
        </TextEquiv>
      </TextLine>
      <TextLine id="eSc_line_03fc3238" custom="structure {type:default;}">
        <Coords points="753,2126 753,2148 1884,2146 1886,2122 1882,2091 1347,2080 1345,2080 1343,2080 1312,2091 788,2082 786,2082 784,2082 751,2093 753,2126"/>
        <Baseline points="753,2126 1886,2122"/>
        <TextEquiv conf="0.9999758493900299">
          <Unicode>„Quotiens ab apostolica“ („Quotiens apostolicae“).</Unicode>
        </TextEquiv>
      </TextLine>
      <TextLine id="eSc_line_ca3b3e10" custom="structure {type:default;}">
        <Coords points="181,2186 181,2210 355,2210 355,2179 349,2135 178,2139 181,2186"/>
        <Baseline points="181,2186 355,2179"/>
        <TextEquiv conf="0.9992529034614563">
          <Unicode>„ 25.</Unicode>
        </TextEquiv>
      </TextLine>
      <TextLine id="eSc_line_23e8b15c" custom="structure {type:default;}">
        <Coords points="483,2197 483,2217 565,2217 565,2197 565,2146 483,2137 483,2197"/>
        <Baseline points="483,2197 565,2197"/>
        <TextEquiv conf="1.0">
          <Unicode>„</Unicode>
        </TextEquiv>
      </TextLine>
      <TextLine id="eSc_line_50c14e04" custom="structure {type:default;}">
        <Coords points="698,2179 698,2203 2664,2197 2666,2175 2662,2144 1681,2133 1679,2133 1597,2144 1590,2146 695,2146 698,2179"/>
        <Baseline points="698,2179 2666,2175"/>
        <TextEquiv conf="0.9984650810559591">
          <Unicode>11816 (7900) Monasterium S. Stephani de Vallibus tuendum suscipit et eius bona iura-</Unicode>
        </TextEquiv>
      </TextLine>
      <TextLine id="eSc_line_55cca202" custom="structure {type:default;}">
        <Coords points="751,2230 748,2254 2657,2263 2662,2234 2660,2201 751,2197 751,2230"/>
        <Baseline points="751,2230 2662,2234"/>
        <TextEquiv conf="0.9973199563867906">
          <Unicode>que confirmat, petente Willelmo abbate. Grasillier Cart. inéd. de la Saintonge I. 51,</Unicode>
        </TextEquiv>
      </TextLine>
      <TextLine id="eSc_line_24e0e657" custom="structure {type:default;}">
        <Coords points="748,2285 748,2314 1522,2320 1524,2320 1641,2312 1676,2309 1690,2312 1736,2320 1738,2320 1741,2320 1758,2312 1763,2309 1780,2312 1858,2320 1860,2320 1948,2309 1964,2309 1970,2309 2003,2320 2006,2320 2008,2320 2010,2320 2043,2309 2048,2309 2079,2309 2311,2320 2313,2320 2498,2307 2501,2285 2498,2256 748,2256 748,2285"/>
        <Baseline points="748,2285 2501,2285"/>
        <TextEquiv conf="0.9979305904205531">
          <Unicode>(Gall. Chr. II. Instr. p. 476, Migne 200 p. 688). — „Desiderium quod ad“.</Unicode>
        </TextEquiv>
      </TextLine>
      <TextLine id="eSc_line_c9799afc" custom="structure {type:default;}">
        <Coords points="143,2343 143,2367 340,2378 342,2343 342,2254 143,2250 143,2343"/>
        <Baseline points="143,2343 342,2343"/>
        <TextEquiv conf="0.9670815393328667">
          <Unicode>Lun Int.</Unicode>
        </TextEquiv>
      </TextLine>
      <TextLine id="eSc_line_04671b06" custom="structure {type:default;}">
        <Coords points="488,2354 486,2371 525,2387 528,2387 530,2387 532,2387 567,2376 570,2358 570,2305 488,2303 488,2354"/>
        <Baseline points="488,2354 570,2358"/>
        <TextEquiv conf="1.0">
          <Unicode>„</Unicode>
        </TextEquiv>
      </TextLine>
      <TextLine id="eSc_line_1e5d965a" custom="structure {type:default;}">
        <Coords points="700,2345 700,2367 2668,2362 2668,2338 2664,2309 2549,2296 2547,2296 2545,2296 2543,2296 2527,2307 2322,2298 2319,2298 2209,2307 2191,2296 2189,2296 2187,2296 2185,2296 2023,2309 2006,2309 1961,2309 1581,2298 1579,2298 1504,2309 1500,2309 1495,2309 1438,2298 1436,2298 1433,2298 1407,2309 1356,2298 1354,2298 1299,2309 1285,2312 1259,2309 1155,2301 1153,2301 1151,2301 1148,2301 1133,2309 1131,2312 1122,2309 1073,2301 1071,2301 1027,2309 1018,2312 1016,2309 1003,2301 1000,2301 998,2301 996,2301 698,2309 700,2345"/>
        <Baseline points="700,2345 2668,2338"/>
        <TextEquiv conf="0.9954559614018696">
          <Unicode>11817 (7901) Henricum, archiepiscopum Remensem, hortatur, ne bona fratrum militiae</Unicode>
        </TextEquiv>
      </TextLine>
      <TextLine id="eSc_line_3373bb31" custom="structure {type:default;}">
        <Coords points="751,2400 751,2426 2662,2429 2666,2393 2660,2362 748,2362 751,2400"/>
        <Baseline points="751,2400 2666,2393"/>
        <TextEquiv conf="0.9987658753114588">
          <Unicode>templi violari patiatur. („Data II. Iulii“.) Martene Coll. II. 846, Migne 200 p. 690.</Unicode>
        </TextEquiv>
      </TextLine>
      <TextLine id="eSc_line_6446848b" custom="structure {type:default;}">
        <Coords points="751,2451 751,2471 826,2471 837,2479 837,2482 839,2482 841,2482 843,2484 1018,2484 1018,2482 1020,2482 1042,2471 1201,2482 1204,2482 1206,2482 1254,2468 1254,2451 1254,2420 751,2420 751,2451"/>
        <Baseline points="751,2451 1254,2451"/>
        <TextEquiv conf="0.9825986538614545">
          <Unicode>— „Fratres militiae“.</Unicode>
        </TextEquiv>
      </TextLine>
      <TextLine id="eSc_line_ea36e6ca" custom="structure {type:default;}">
        <Coords points="143,2508 143,2535 360,2550 362,2508 362,2471 143,2466 143,2508"/>
        <Baseline points="143,2508 362,2508"/>
        <TextEquiv conf="0.999009259045124">
          <Unicode>Iul. 17.</Unicode>
        </TextEquiv>
      </TextLine>
      <TextLine id="eSc_line_cf25e00f" custom="structure {type:default;}">
        <Coords points="479,2519 475,2592 567,2594 574,2524 572,2466 479,2471 479,2519"/>
        <Baseline points="479,2519 574,2524"/>
        <TextEquiv conf="1.0">
          <Unicode>„</Unicode>
        </TextEquiv>
      </TextLine>
      <TextLine id="eSc_line_d117324b" custom="structure {type:default;}">
        <Coords points="700,2506 700,2532 2666,2532 2666,2506 2666,2473 2472,2473 2472,2471 2454,2460 2452,2460 2450,2460 2448,2460 2445,2460 2417,2471 2302,2460 2017,2460 2014,2460 2012,2460 1984,2471 1961,2471 1581,2460 1579,2460 1577,2460 1544,2471 1539,2471 1531,2471 1422,2460 1420,2460 1303,2471 1288,2471 700,2471 700,2506"/>
        <Baseline points="700,2506 2666,2506"/>
        <TextEquiv conf="0.9933564974503084">
          <Unicode>11818 (7902) H(enrico), archiepiscopo Remensi, mandat, ut Rad. de Cociaco, qui, „capella</Unicode>
        </TextEquiv>
      </TextLine>
      <TextLine id="eSc_line_152b318f" custom="structure {type:default;}">
        <Coords points="751,2559 748,2579 2662,2583 2666,2563 2664,2532 751,2528 751,2559"/>
        <Baseline points="751,2559 2666,2563"/>
        <TextEquiv conf="0.994637878877776">
          <Unicode>fratrum militiae templi confracta, hominem inde violenter extraxerit“, excommunicet.</Unicode>
        </TextEquiv>
      </TextLine>
      <TextLine id="eSc_line_5f8be57f" custom="structure {type:default;}">
        <Coords points="753,2619 753,2643 2664,2638 2666,2612 2662,2581 751,2579 753,2619"/>
        <Baseline points="753,2619 2666,2612"/>
        <TextEquiv conf="0.9873384795127771">
          <Unicode>Martene Coll. II. 846, Bouquet Rec. XV. 890, Migne 200 p. 690. — „Referentibus</Unicode>
        </TextEquiv>
      </TextLine>
      <TextLine id="eSc_line_81b5d243" custom="structure {type:default;}">
        <Coords points="751,2672 751,2691 1071,2703 1073,2703 1422,2687 1425,2667 1420,2638 1148,2627 1146,2627 1087,2638 1080,2641 748,2641 751,2672"/>
        <Baseline points="751,2672 1425,2667"/>
        <TextEquiv conf="0.9897735118865967">
          <Unicode>nobis“ „Requirentibus nobis“.</Unicode>
        </TextEquiv>
      </TextLine>
      <TextLine id="eSc_line_ad9f4537" custom="structure {type:default;}">
        <Coords points="187,2731 187,2775 362,2762 362,2727 357,2683 185,2676 187,2731"/>
        <Baseline points="187,2731 362,2727"/>
        <TextEquiv conf="0.9955042123794555">
          <Unicode>„ 20.</Unicode>
        </TextEquiv>
      </TextLine>
      <TextLine id="eSc_line_55ace887" custom="structure {type:default;}">
        <Coords points="475,2740 472,2775 576,2775 578,2744 578,2700 475,2687 475,2740"/>
        <Baseline points="475,2740 578,2744"/>
        <TextEquiv conf="0.9999996423721313">
          <Unicode>„</Unicode>
        </TextEquiv>
      </TextLine>
      <TextLine id="eSc_line_99ada9b6" custom="structure {type:default;}">
        <Coords points="700,2727 700,2751 2664,2747 2666,2720 2660,2687 698,2687 700,2727"/>
        <Baseline points="700,2727 2666,2720"/>
        <TextEquiv conf="0.9997777565416083">
          <Unicode>11819 Raimundo abbati et fratribus S. Ruffi concedit, ne de novalibus vel de nutri-</Unicode>
        </TextEquiv>
      </TextLine>
      <TextLine id="eSc_line_e5e62a4b" custom="structure {type:default;}">
        <Coords points="751,2780 751,2804 2660,2809 2664,2773 2657,2747 748,2751 751,2780"/>
        <Baseline points="751,2780 2664,2773"/>
        <TextEquiv conf="0.9986454317202935">
          <Unicode>mentis animalium decimas solvant, utque canonicos „cum episcopi opportunitatem</Unicode>
        </TextEquiv>
      </TextLine>
      <TextLine id="eSc_line_187de267" custom="structure {type:default;}">
        <Coords points="751,2833 748,2859 2660,2864 2664,2837 2662,2806 751,2802 751,2833"/>
        <Baseline points="751,2833 2664,2837"/>
        <TextEquiv conf="0.9920981969775223">
          <Unicode>non habuerint, tonsorare et coronam facere“ eis liceat. Codex dipl. ord. S. Ruffi,</Unicode>
        </TextEquiv>
      </TextLine>
      <TextLine id="eSc_line_d40724f6" custom="structure {type:default;}">
        <Coords points="751,2892 751,2915 2664,2910 2666,2886 2660,2857 748,2859 751,2892"/>
        <Baseline points="751,2892 2666,2886"/>
        <TextEquiv conf="0.9999357238411903">
          <Unicode>quem composuit et possidet Ulysses Chevalier Romanensis, f. 15. — „Iustis peten-</Unicode>
        </TextEquiv>
      </TextLine>
      <TextLine id="eSc_line_7a0b8b98" custom="structure {type:default;}">
        <Coords points="748,2945 748,2963 828,2976 830,2976 1131,2963 1131,2945 1131,2915 748,2915 748,2945"/>
        <Baseline points="748,2945 1131,2945"/>
        <TextEquiv conf="0.9999820905573228">
          <Unicode>tium desideriis“.</Unicode>
        </TextEquiv>
      </TextLine>
      <TextLine id="eSc_line_63641cbb" custom="structure {type:default;}">
        <Coords points="183,3001 183,3047 364,3029 364,3001 364,2970 282,2952 280,2952 183,2968 183,3001"/>
        <Baseline points="183,3001 364,3001"/>
        <TextEquiv conf="0.9999878883361817">
          <Unicode>„ 21.</Unicode>
        </TextEquiv>
      </TextLine>
      <TextLine id="eSc_line_5d1297dd" custom="structure {type:default;}">
        <Coords points="486,3009 483,3043 567,3043 572,3016 572,2963 488,2959 486,3009"/>
        <Baseline points="486,3009 572,3016"/>
        <TextEquiv conf="0.9999510049819946">
          <Unicode>„</Unicode>
        </TextEquiv>
      </TextLine>
      <TextLine id="eSc_line_aa60b083" custom="structure {type:default;}">
        <Coords points="698,3001 698,3032 2624,3032 2624,3029 2626,3029 2666,3016 2666,2996 2660,2961 695,2963 698,3001"/>
        <Baseline points="698,3001 2666,2996"/>
        <TextEquiv conf="0.9993753689666127">
          <Unicode>11820 Canonicos S. Antonini Placentinos hortatur, ut hospitium aliaque debita obsequia</Unicode>
        </TextEquiv>
      </TextLine>
      <TextLine id="eSc_line_f5e8a533" custom="structure {type:default;}">
        <Coords points="748,3054 748,3076 2580,3071 2582,3049 2578,3023 1668,3012 1665,3012 1663,3012 1661,3012 1648,3023 806,3014 804,3014 746,3025 748,3054"/>
        <Baseline points="748,3054 2582,3049"/>
        <TextEquiv conf="0.9960271978378296">
          <Unicode>episcopo Placentino praestent. Wiener Sitzungsber. XCIV. 669. — „Ex parfe“.</Unicode>
        </TextEquiv>
      </TextLine>
      <TextLine id="eSc_line_ee905561" custom="structure {type:default;}">
        <Coords points="185,3107 183,3140 362,3140 364,3111 360,3058 185,3062 185,3107"/>
        <Baseline points="185,3107 364,3111"/>
        <TextEquiv conf="0.9999091148376464">
          <Unicode>„ 21.</Unicode>
        </TextEquiv>
      </TextLine>
      <TextLine id="eSc_line_4de68f79" custom="structure {type:default;}">
        <Coords points="475,3120 470,3188 572,3188 576,3124 576,3071 475,3069 475,3120"/>
        <Baseline points="475,3120 576,3124"/>
        <TextEquiv conf="1.0">
          <Unicode>„</Unicode>
        </TextEquiv>
      </TextLine>
      <TextLine id="eSc_line_73ff2db0" custom="structure {type:default;}">
        <Coords points="700,3107 700,3142 2662,3129 2664,3102 2657,3071 698,3076 700,3107"/>
        <Baseline points="700,3107 2664,3102"/>
        <TextEquiv conf="0.9988017380237579">
          <Unicode>11821 (7903) Henrico, archiepiscopo Remensi, scribit de milite quodam, in coemeterio</Unicode>
        </TextEquiv>
      </TextLine>
      <TextLine id="eSc_line_59a478e3" custom="structure {type:default;}">
        <Coords points="751,3162 751,3186 2662,3182 2664,3157 2657,3131 748,3131 751,3162"/>
        <Baseline points="751,3162 2664,3157"/>
        <TextEquiv conf="0.9951004938906934">
          <Unicode>fratrum militiae templi sepulto ac postea effosso, in eodem coemeterio iterum sepe-</Unicode>
        </TextEquiv>
      </TextLine>
      <TextLine id="eSc_line_40dead46" custom="structure {type:default;}">
        <Coords points="751,3217 751,3244 2655,3239 2657,3213 2653,3184 748,3182 751,3217"/>
        <Baseline points="751,3217 2657,3213"/>
        <TextEquiv conf="0.9995326686215091">
          <Unicode>liendo nisi fuerit excommunicatus. Martene Coll. II. 847, Migne 200 p. 690. —</Unicode>
        </TextEquiv>
      </TextLine>
      <TextLine id="eSc_line_3f53cffb" custom="structure {type:default;}">
        <Coords points="751,3274 751,3294 1283,3290 1285,3270 1281,3239 779,3230 777,3230 775,3230 748,3239 751,3274"/>
        <Baseline points="751,3274 1285,3270"/>
        <TextEquiv conf="0.9811800147096316">
          <Unicode>„Significaverunt nobis“.</Unicode>
        </TextEquiv>
      </TextLine>
      <TextLine id="eSc_line_a3c17982" custom="structure {type:default;}">
        <Coords points="362,3297 362,3286 183,3281 185,3330 185,3403 289,3405 291,3405 293,3405 296,3405 324,3380 331,3376 366,3374 366,3325 364,3319 362,3297"/>
        <Baseline points="185,3330 366,3325"/>
        <TextEquiv conf="0.996332848072052">
          <Unicode>„ 25.</Unicode>
        </TextEquiv>
      </TextLine>
      <TextLine id="eSc_line_84336962" custom="structure {type:default;}">
        <Coords points="481,3339 486,3482 576,3489 572,3334 563,3233 475,3235 481,3339"/>
        <Baseline points="481,3339 572,3334"/>
        <TextEquiv conf="1.0">
          <Unicode>„</Unicode>
        </TextEquiv>
      </TextLine>
      <TextLine id="eSc_line_e64d1ce0" custom="structure {type:default;}">
        <Coords points="698,3327 698,3352 2660,3356 2664,3323 2660,3288 695,3281 698,3327"/>
        <Baseline points="698,3327 2664,3323"/>
        <TextEquiv conf="0.997946965833043">
          <Unicode>11822 (7904) Henrico, archiepiscopo Remensi, mandat, ut Guidonem ecclesiae B. lohannis</Unicode>
        </TextEquiv>
      </TextLine>
      <TextLine id="eSc_line_3a4f5d98" custom="structure {type:default;}">
        <Coords points="751,3380 751,3403 2657,3407 2660,3380 2660,3352 751,3347 751,3380"/>
        <Baseline points="751,3380 2660,3380"/>
        <TextEquiv conf="0.99810211599609">
          <Unicode>Suessionensis canonicum in eandem, quam deseruerit, ecclesiam, vel invito abbate,</Unicode>
        </TextEquiv>
      </TextLine>
      <TextLine id="eSc_line_5d7ddaec" custom="structure {type:default;}">
        <Coords points="751,3431 748,3458 828,3471 830,3471 936,3462 1022,3478 1025,3478 1117,3464 1120,3462 1190,3462 1199,3464 1246,3480 1248,3480 1250,3480 1252,3480 1303,3467 1321,3462 1471,3462 1694,3462 1723,3471 1758,3480 1760,3480 1763,3480 1765,3480 1780,3471 1791,3467 1824,3473 1866,3480 1869,3480 1902,3473 1948,3464 1992,3475 2017,3480 2019,3480 2059,3475 2147,3464 2167,3478 2174,3482 2176,3482 2178,3482 2180,3484 2657,3484 2660,3436 2657,3405 751,3394 751,3431"/>
        <Baseline points="751,3431 2660,3436"/>
        <TextEquiv conf="0.9915916234254837">
          <Unicode>infra triginta dies post litterarum susceptionem reducat. Martene Coll. II. 847,</Unicode>
        </TextEquiv>
      </TextLine>
      <TextLine id="eSc_line_9beaf872" custom="structure {type:default;}">
        <Coords points="753,3491 753,3548 808,3537 830,3548 848,3557 850,3557 852,3557 855,3557 888,3548 923,3537 934,3546 945,3557 947,3557 950,3557 952,3559 1049,3559 1049,3557 1051,3557 1053,3557 1053,3555 1064,3546 1073,3539 1100,3546 1129,3551 1131,3551 1133,3551 1135,3551 1142,3544 1153,3537 1228,3537 1239,3544 1259,3557 1261,3557 1263,3557 1265,3559 1367,3559 1367,3557 1369,3557 1372,3557 1389,3542 1394,3539 1414,3542 1528,3557 1531,3557 1533,3557 1535,3557 1562,3539 1568,3537 1579,3539 1634,3557 1637,3557 1639,3557 1641,3557 1643,3557 1663,3539 1668,3537 1729,3537 1732,3491 1732,3460 753,3456 753,3491"/>
        <Baseline points="753,3491 1732,3491"/>
        <TextEquiv conf="0.9802447155117988">
          <Unicode>Migne 206 p. 691. — „OfScii nostri mos“.</Unicode>
        </TextEquiv>
      </TextLine>
    </TextRegion>
    <TextRegion id="eSc_textblock_51c25e0d"  custom="structure {type:default;}">
      <Coords points="956,141 1780,141 1869,150 1877,227 927,245 919,150 956,141"/>
      <TextLine id="eSc_line_bc0731e6" custom="structure {type:default;}">
        <Coords points="934,212 934,234 1387,245 1389,245 1391,245 1409,240 1433,231 1665,231 1847,242 1851,207 1849,159 1800,143 1798,143 1796,143 1794,143 1741,156 1718,143 1716,143 1714,143 1712,143 1710,143 1670,156 1590,143 1588,143 1458,156 1367,145 1365,145 1363,145 1360,145 1343,159 1283,145 1281,145 1279,145 1246,159 1157,145 1155,145 1153,145 1111,159 1084,145 1082,145 1080,145 1078,145 1075,145 1053,159 989,145 987,145 985,145 932,161 934,212"/>
        <Baseline points="934,212 1851,207"/>
        <TextEquiv conf="0.9906821417808532">
          <Unicode>ALEXANDER III. 1159—1181.</Unicode>
        </TextEquiv>
      </TextLine>
    </TextRegion>
    <TextRegion id="eSc_textblock_9e959b99"  custom="structure {type:default;}">
      <Coords points="2554,150 2697,159 2706,218 2540,245 2523,167 2554,150"/>
      <TextLine id="eSc_line_6f448762" custom="structure {type:default;}">
        <Coords points="2649,154 2626,154 2618,152 2538,159 2543,212 2543,238 2664,238 2664,207 2657,154 2649,154"/>
        <Baseline points="2543,212 2664,207"/>
        <TextEquiv conf="1.0">
          <Unicode>237</Unicode>
        </TextEquiv>
      </TextLine>
    </TextRegion>
  </Page>
</PcGts>
