<?xml version="1.0" encoding="UTF-8"  standalone="yes"?>
<PcGts xmlns="http://schema.primaresearch.org/PAGE/gts/pagecontent/2019-07-15" xmlns:xsi="http://www.w3.org/2001/XMLSchema-instance" xsi:schemaLocation="http://schema.primaresearch.org/PAGE/gts/pagecontent/2019-07-15 http://schema.primaresearch.org/PAGE/gts/pagecontent/2019-07-15/pagecontent.xsd">
  <Metadata>
	<Creator>escriptorium</Creator>
	<Created>2024-07-19T10:09:48.764352+00:00</Created>
        <LastChange>2024-08-08T08:37:17.835891+00:00</LastChange>
  </Metadata>
  <Page imageFilename="0273.png" imageWidth="3007" imageHeight="3975">
    <TextRegion id="eSc_textblock_51c4a6bf"  custom="structure {type:default;}">
      <Coords points="346,176 448,176 483,245 335,289 309,194 346,176"/>
      <TextLine id="eSc_line_c9fadeb2" custom="structure {type:default;}">
        <Coords points="444,185 391,176 371,176 355,176 326,189 331,242 331,271 457,260 457,236 452,194 444,185"/>
        <Baseline points="331,242 457,236"/>
        <TextEquiv conf="0.9999988079071045">
          <Unicode>260</Unicode>
        </TextEquiv>
      </TextLine>
    </TextRegion>
    <TextRegion id="eSc_textblock_2a2f4df9"  custom="structure {type:default;}">
      <Coords points="1045,326 2900,335 2909,3478 2883,3566 980,3566 881,3531 627,3531 607,3142 589,3522 335,3522 300,3204 309,406 335,344 1045,326"/>
      <TextLine id="eSc_line_29cfa56c" custom="structure {type:default;}">
        <Coords points="2664,333 2642,333 2620,333 2598,333 2576,333 2554,333 2531,333 2509,333 2492,333 2483,337 2481,340 2355,340 2353,337 2344,331 2333,331 2311,331 2288,331 2266,331 2244,331 2222,331 2200,331 2178,331 2156,331 2134,331 2112,331 2090,331 2068,331 2045,331 2030,331 2019,337 2012,340 1939,337 1818,331 1816,331 1813,331 1800,335 1787,342 1584,342 1575,335 1559,329 1559,329 1539,329 1506,335 1473,342 1431,335 1374,326 1372,326 1369,326 1367,326 1354,335 1338,344 1217,335 1182,333 1179,333 1164,335 1117,342 1106,335 1098,329 1095,329 1093,329 1091,329 874,333 877,388 877,412 2794,415 2799,379 2794,340 2673,333 2664,333"/>
        <Baseline points="877,388 2799,379"/>
        <TextEquiv conf="0.9831353667077054">
          <Unicode>1172. (Ind. 5. — 25. Sept. — 6, pont. a. 13. — 20. Sept. — 14, 1171. — 25. Mart. — 1172.)</Unicode>
        </TextEquiv>
      </TextLine>
      <TextLine id="eSc_line_3e0fdc7e" custom="structure {type:default;}">
        <Coords points="961,446 958,465 2867,472 2872,452 2870,410 961,408 961,446"/>
        <Baseline points="961,446 2872,452"/>
        <TextEquiv conf="0.999051180948694">
          <Unicode>latum“, tuendum suscipit, possessionesque et iura confirmat, petente Hugone abbate.</Unicode>
        </TextEquiv>
      </TextLine>
      <TextLine id="eSc_line_fd55e2fe" custom="structure {type:default;}">
        <Coords points="958,501 956,518 1056,532 1058,532 1648,523 1869,534 1871,534 2757,523 2759,505 2757,474 958,465 958,501"/>
        <Baseline points="958,501 2759,505"/>
        <TextEquiv conf="0.9937560767322392">
          <Unicode>Chronicon et cartul. S. Nicol. Furnens. p. 68. — „Commisse nobis dignitatis“.</Unicode>
        </TextEquiv>
      </TextLine>
      <TextLine id="eSc_line_ee71fce6" custom="structure {type:default;}">
        <Coords points="351,560 351,587 567,589 570,556 563,479 475,485 472,485 470,485 468,488 450,501 430,492 410,485 408,485 406,485 404,485 349,501 351,560"/>
        <Baseline points="351,560 570,556"/>
        <TextEquiv conf="0.9596991472774081">
          <Unicode>Pebr. 15.</Unicode>
        </TextEquiv>
      </TextLine>
      <TextLine id="eSc_line_08096d52" custom="structure {type:default;}">
        <Coords points="614,560 614,636 726,644 729,644 731,644 733,644 771,613 784,602 848,602 848,560 848,503 793,503 793,501 771,483 768,483 766,483 729,483 726,483 724,483 722,483 722,485 704,501 700,503 614,501 614,560"/>
        <Baseline points="614,560 848,560"/>
        <TextEquiv conf="0.846267451842626">
          <Unicode>ruenteni.</Unicode>
        </TextEquiv>
      </TextLine>
      <TextLine id="eSc_line_5060c498" custom="structure {type:default;}">
        <Coords points="910,563 910,583 2872,589 2876,558 2874,525 2850,512 2847,512 2845,512 2770,525 2487,525 2280,525 2277,523 2240,512 2238,512 2235,512 2233,512 2211,523 2202,523 2037,512 2034,512 1924,523 1886,525 1822,523 1676,514 1674,514 1623,521 1595,525 1562,521 1500,514 1497,514 1495,514 1475,521 1462,525 1433,521 1385,514 1383,514 1336,521 1305,525 1296,521 1288,514 1285,514 1283,514 1281,514 908,518 910,563"/>
        <Baseline points="910,563 2876,558"/>
        <TextEquiv conf="0.9999469504636876">
          <Unicode>12139 (8161) Ecclesiam Tarantasiensem, petente Petro archiepiscopo, tuendam suscipit,</Unicode>
        </TextEquiv>
      </TextLine>
      <TextLine id="eSc_line_9386bedd" custom="structure {type:default;}">
        <Coords points="961,616 961,636 2872,644 2874,616 2874,585 961,578 961,616"/>
        <Baseline points="961,616 2874,616"/>
        <TextEquiv conf="0.9946297338375678">
          <Unicode>et eius bona ac iura confirmat. Besson Mém. p. I&#x27;hist. eccl. de Génève p. 365,</Unicode>
        </TextEquiv>
      </TextLine>
      <TextLine id="eSc_line_94eb9cff" custom="structure {type:default;}">
        <Coords points="961,669 961,691 2691,686 2693,664 2688,633 958,631 961,669"/>
        <Baseline points="961,669 2693,664"/>
        <TextEquiv conf="0.9954579174518585">
          <Unicode>Gall. Chr. XII. Instr. p. 385, Migne 200 p. 870. — „In apostolicae sedis“.</Unicode>
        </TextEquiv>
      </TextLine>
      <TextLine id="eSc_line_ace02dcb" custom="structure {type:default;}">
        <Coords points="912,726 912,755 2874,746 2876,722 2872,691 910,691 912,726"/>
        <Baseline points="912,726 2876,722"/>
        <TextEquiv conf="0.9999101225818906">
          <Unicode>12140 Monasterii Vadi Ulmi tutelam suscipit ac disciplinam, possessiones, privilegia</Unicode>
        </TextEquiv>
      </TextLine>
      <TextLine id="eSc_line_7a2fca9f" custom="structure {type:default;}">
        <Coords points="393,733 393,755 567,755 567,728 565,693 534,680 532,680 488,680 486,680 483,680 481,680 468,691 459,697 391,691 393,733"/>
        <Baseline points="393,733 567,728"/>
        <TextEquiv conf="0.9999989748001099">
          <Unicode>„ 17.</Unicode>
        </TextEquiv>
      </TextLine>
      <TextLine id="eSc_line_7bd640d6" custom="structure {type:default;}">
        <Coords points="700,744 700,814 786,803 786,744 786,713 700,702 700,744"/>
        <Baseline points="700,744 786,744"/>
        <TextEquiv conf="1.0">
          <Unicode>„</Unicode>
        </TextEquiv>
      </TextLine>
      <TextLine id="eSc_line_09ec0935" custom="structure {type:default;}">
        <Coords points="963,779 963,801 2874,803 2876,779 2876,748 963,737 963,779"/>
        <Baseline points="963,779 2876,779"/>
        <TextEquiv conf="0.9947455997874097">
          <Unicode>confirmat. Ex chartul. S. Evurtii p. 503 ms. lat. 10089 in bibl. nat. Paris. misit</Unicode>
        </TextEquiv>
      </TextLine>
      <TextLine id="eSc_line_f7036e43" custom="structure {type:default;}">
        <Coords points="961,836 961,854 2655,850 2657,832 2653,801 2103,801 2023,788 2021,788 2019,788 1972,799 1908,788 1906,788 1818,801 1805,801 1794,801 1741,790 1610,790 1608,790 1606,790 1604,790 1592,801 1579,790 1577,790 1575,790 1573,790 1513,801 1502,801 1478,801 1347,790 1345,790 958,799 961,836"/>
        <Baseline points="961,836 2657,832"/>
        <TextEquiv conf="0.9852507420488306">
          <Unicode>Delisle; Coll. Baluze t. 78. f. 728is in eadem bibl. — „Religiosam vitam“.</Unicode>
        </TextEquiv>
      </TextLine>
      <TextLine id="eSc_line_dba40502" custom="structure {type:default;}">
        <Coords points="910,889 910,916 2876,912 2878,885 2872,852 908,854 910,889"/>
        <Baseline points="910,889 2878,885"/>
        <TextEquiv conf="0.9967534669807979">
          <Unicode>12141 (8162) Henrico, archiepiscopo Remensi, mandat, iudicet inter abbatem S. Urbani</Unicode>
        </TextEquiv>
      </TextLine>
      <TextLine id="eSc_line_13138b2d" custom="structure {type:default;}">
        <Coords points="393,901 395,934 450,916 563,923 565,894 561,841 388,841 393,901"/>
        <Baseline points="393,901 565,894"/>
        <TextEquiv conf="0.9998791933059692">
          <Unicode>„ 21.</Unicode>
        </TextEquiv>
      </TextLine>
      <TextLine id="eSc_line_0438acb5" custom="structure {type:default;}">
        <Coords points="700,907 700,938 782,942 784,907 782,843 700,843 700,907"/>
        <Baseline points="700,907 784,907"/>
        <TextEquiv conf="0.9999862909317017">
          <Unicode>„</Unicode>
        </TextEquiv>
      </TextLine>
      <TextLine id="eSc_line_45319a89" custom="structure {type:default;}">
        <Coords points="961,940 958,960 2870,965 2874,945 2872,912 961,909 961,940"/>
        <Baseline points="961,940 2874,945"/>
        <TextEquiv conf="0.9890120473018912">
          <Unicode>et abbatem Dervensem. Martene Coll. II. 886, Migne 200 p. 779. — „Causam, quae inter“.</Unicode>
        </TextEquiv>
      </TextLine>
      <TextLine id="eSc_line_ad5fa37f" custom="structure {type:default;}">
        <Coords points="914,1000 914,1035 2874,1035 2874,1000 2874,967 914,967 914,1000"/>
        <Baseline points="914,1000 2874,1000"/>
        <TextEquiv conf="0.9966974783511389">
          <Unicode>12142 Galando abbati S. Auberti Cameracensis privilegium dat. Neues Archiv VII. 101.</Unicode>
        </TextEquiv>
      </TextLine>
      <TextLine id="eSc_line_93988135" custom="structure {type:default;}">
        <Coords points="395,1009 395,1033 567,1020 567,1002 561,934 391,949 395,1009"/>
        <Baseline points="395,1009 567,1002"/>
        <TextEquiv conf="0.9906898856163024">
          <Unicode>„ 26.</Unicode>
        </TextEquiv>
      </TextLine>
      <TextLine id="eSc_line_97ab8ecd" custom="structure {type:default;}">
        <Coords points="709,1018 709,1033 724,1044 726,1044 729,1044 731,1044 733,1044 782,1031 782,1018 779,929 709,940 709,1018"/>
        <Baseline points="709,1018 782,1018"/>
        <TextEquiv conf="1.0">
          <Unicode>„</Unicode>
        </TextEquiv>
      </TextLine>
      <TextLine id="eSc_line_b7640cdf" custom="structure {type:default;}">
        <Coords points="963,1048 961,1068 1396,1073 1400,1053 1396,1009 963,1013 963,1048"/>
        <Baseline points="963,1048 1400,1053"/>
        <TextEquiv conf="0.9954255254645097">
          <Unicode>— „Officii nostri“.</Unicode>
        </TextEquiv>
      </TextLine>
      <TextLine id="eSc_line_b2d09735" custom="structure {type:default;}">
        <Coords points="910,1108 910,1132 2874,1141 2876,1108 2876,1073 910,1071 910,1108"/>
        <Baseline points="910,1108 2876,1108"/>
        <TextEquiv conf="0.9967419519657041">
          <Unicode>12143 (8163) (Rotrodo), archiepiscopo Rotomagensi, et (Theobaldo), episcopo Ambia-</Unicode>
        </TextEquiv>
      </TextLine>
      <TextLine id="eSc_line_c6585b2b" custom="structure {type:default;}">
        <Coords points="388,1124 391,1190 565,1190 563,1117 556,1055 475,1073 384,1060 388,1124"/>
        <Baseline points="388,1124 563,1117"/>
        <TextEquiv conf="0.9989139556884765">
          <Unicode>„ 38.</Unicode>
        </TextEquiv>
      </TextLine>
      <TextLine id="eSc_line_50ca3b54" custom="structure {type:default;}">
        <Coords points="700,1130 700,1260 788,1258 788,1130 788,1068 700,1062 700,1130"/>
        <Baseline points="700,1130 788,1130"/>
        <TextEquiv conf="1.0">
          <Unicode>„</Unicode>
        </TextEquiv>
      </TextLine>
      <TextLine id="eSc_line_1bea0c7b" custom="structure {type:default;}">
        <Coords points="961,1166 961,1188 2874,1185 2876,1159 2872,1130 1676,1121 1674,1121 1546,1132 1056,1124 1053,1124 958,1135 961,1166"/>
        <Baseline points="961,1166 2876,1159"/>
        <TextEquiv conf="0.9959732800722122">
          <Unicode>nensi, mandat, ut Gilbertum, episcopum Londinensem „in confinium regis Francorum</Unicode>
        </TextEquiv>
      </TextLine>
      <TextLine id="eSc_line_1f9f061b" custom="structure {type:default;}">
        <Coords points="961,1219 961,1241 2874,1247 2876,1219 2876,1190 961,1181 961,1219"/>
        <Baseline points="961,1219 2876,1219"/>
        <TextEquiv conf="0.9983695946633816">
          <Unicode>et regis Angliae, in marchiam videlicet, convocent ante se, et si cum sexta manu</Unicode>
        </TextEquiv>
      </TextLine>
      <TextLine id="eSc_line_21ee911c" custom="structure {type:default;}">
        <Coords points="963,1276 963,1298 2874,1294 2876,1269 2870,1236 961,1236 963,1276"/>
        <Baseline points="963,1276 2876,1269"/>
        <TextEquiv conf="0.9941742696932384">
          <Unicode>iuraverit, quod nec scripto nec verbo vel facto regem scienter provocaverit, propter</Unicode>
        </TextEquiv>
      </TextLine>
      <TextLine id="eSc_line_2cf586bc" custom="structure {type:default;}">
        <Coords points="963,1331 963,1355 2874,1349 2876,1325 2872,1294 961,1291 963,1331"/>
        <Baseline points="963,1331 2876,1325"/>
        <TextEquiv conf="0.9923747349321173">
          <Unicode>quod Thomas, archiepiscopus Cantuariensis, occisus fuerit, ei officii plenitudinem resti-</Unicode>
        </TextEquiv>
      </TextLine>
      <TextLine id="eSc_line_cb2ccf9b" custom="structure {type:default;}">
        <Coords points="963,1384 963,1411 1186,1404 1212,1413 1228,1417 1230,1417 1232,1417 1272,1413 1338,1404 1440,1413 1495,1417 1497,1417 1535,1413 1604,1404 1628,1413 1639,1417 1641,1417 1643,1417 1646,1417 1659,1413 1687,1404 1840,1404 1869,1413 1873,1415 1875,1415 1877,1415 1880,1415 1884,1413 1922,1402 1975,1415 1984,1415 1986,1415 1988,1415 1992,1415 2023,1402 2112,1415 2123,1415 2125,1415 2127,1415 2129,1415 2167,1402 2271,1402 2291,1415 2293,1415 2295,1415 2297,1417 2461,1417 2461,1415 2467,1415 2567,1402 2587,1415 2589,1415 2591,1415 2593,1417 2874,1417 2876,1380 2872,1342 1080,1342 1078,1342 961,1353 963,1384"/>
        <Baseline points="963,1384 2876,1380"/>
        <TextEquiv conf="0.9996203537050047">
          <Unicode>tuant“. Epist. S. Thomae ed. Giles II. 68, Migne 200 p. 872. — „Fraternitati</Unicode>
        </TextEquiv>
      </TextLine>
      <TextLine id="eSc_line_d0bb75a6" custom="structure {type:default;}">
        <Coords points="963,1439 963,1455 1113,1466 1115,1466 1117,1466 1120,1466 1140,1455 1148,1461 1148,1464 1151,1464 1153,1464 1155,1464 1272,1450 1274,1435 1270,1404 1135,1393 1133,1393 1131,1393 1129,1393 1111,1406 1109,1406 1040,1395 1038,1395 961,1408 963,1439"/>
        <Baseline points="963,1439 1274,1435"/>
        <TextEquiv conf="0.9999996698819674">
          <Unicode>vestrae non“.</Unicode>
        </TextEquiv>
      </TextLine>
      <TextLine id="eSc_line_a9bb0ac5" custom="structure {type:default;}">
        <Coords points="914,1492 912,1514 2874,1517 2878,1497 2876,1457 914,1448 914,1492"/>
        <Baseline points="914,1492 2878,1497"/>
        <TextEquiv conf="0.9956576973199844">
          <Unicode>12144 Heriberto abbati S. Theoderici Remensis bullam tribuit. Neues Archiv VII. 101.</Unicode>
        </TextEquiv>
      </TextLine>
      <TextLine id="eSc_line_8bd347fd" custom="structure {type:default;}">
        <Coords points="393,1506 395,1530 444,1517 567,1519 570,1497 565,1455 388,1455 393,1506"/>
        <Baseline points="393,1506 570,1497"/>
        <TextEquiv conf="0.9502105474472046">
          <Unicode>„ 29.</Unicode>
        </TextEquiv>
      </TextLine>
      <TextLine id="eSc_line_bab2faa7" custom="structure {type:default;}">
        <Coords points="704,1512 707,1563 775,1565 775,1508 768,1470 700,1472 704,1512"/>
        <Baseline points="704,1512 775,1508"/>
        <TextEquiv conf="1.0">
          <Unicode>„</Unicode>
        </TextEquiv>
      </TextLine>
      <TextLine id="eSc_line_455834bd" custom="structure {type:default;}">
        <Coords points="963,1548 963,1567 1038,1567 1049,1576 1049,1578 1051,1578 1053,1578 1056,1578 1493,1567 1493,1548 1491,1506 963,1514 963,1548"/>
        <Baseline points="963,1548 1493,1548"/>
        <TextEquiv conf="0.999135997891426">
          <Unicode>— „Desiderium quod“.</Unicode>
        </TextEquiv>
      </TextLine>
      <TextLine id="eSc_line_7f9c3404" custom="structure {type:default;}">
        <Coords points="355,1605 355,1640 574,1631 574,1605 572,1559 355,1561 355,1605"/>
        <Baseline points="355,1605 574,1605"/>
        <TextEquiv conf="0.999962204032474">
          <Unicode>Mart. 15.</Unicode>
        </TextEquiv>
      </TextLine>
      <TextLine id="eSc_line_7d11243a" custom="structure {type:default;}">
        <Coords points="912,1605 912,1625 2876,1629 2878,1601 2874,1565 2755,1552 2752,1552 2750,1552 2748,1552 2730,1565 2163,1565 2145,1552 2143,1552 2140,1552 1924,1552 1922,1552 1809,1565 1763,1554 1760,1554 1758,1554 980,1565 927,1554 925,1554 923,1554 921,1554 910,1561 912,1605"/>
        <Baseline points="912,1605 2878,1601"/>
        <TextEquiv conf="0.9929949661547487">
          <Unicode>12145 (8164) Ecclesiae S. Salvatoris Fratensis protectionem suscipit, bonaque confirmat,</Unicode>
        </TextEquiv>
      </TextLine>
      <TextLine id="eSc_line_20d726d0" custom="structure {type:default;}">
        <Coords points="702,1623 702,1662 775,1684 779,1620 775,1550 700,1550 702,1623"/>
        <Baseline points="702,1623 779,1620"/>
        <TextEquiv conf="1.0">
          <Unicode>„</Unicode>
        </TextEquiv>
      </TextLine>
      <TextLine id="eSc_line_0fefeba9" custom="structure {type:default;}">
        <Coords points="963,1660 965,1693 1007,1682 1142,1682 1162,1693 1164,1693 1166,1693 1168,1693 1175,1693 1334,1682 1363,1693 1365,1693 1367,1693 1396,1693 1944,1680 2876,1691 2881,1656 2876,1625 1922,1614 1919,1614 1917,1614 1893,1625 1891,1627 961,1627 963,1660"/>
        <Baseline points="963,1660 2881,1656"/>
        <TextEquiv conf="0.9997974520637876">
          <Unicode>petente Ippolito priore. Mittarelli Ann. Cam. IV. app. p. 35, Gloria Cod. dipl. Pad.</Unicode>
        </TextEquiv>
      </TextLine>
      <TextLine id="eSc_line_d2b34bef" custom="structure {type:default;}">
        <Coords points="963,1713 963,1731 2045,1735 2050,1709 2043,1676 961,1676 963,1713"/>
        <Baseline points="963,1713 2050,1709"/>
        <TextEquiv conf="0.9874911732143826">
          <Unicode>II. 222. — „Quoties id a“ „Quotiens illud a“.</Unicode>
        </TextEquiv>
      </TextLine>
      <TextLine id="eSc_line_938bbf81" custom="structure {type:default;}">
        <Coords points="916,1768 916,1795 2878,1795 2881,1762 2874,1726 914,1731 916,1768"/>
        <Baseline points="916,1768 2881,1762"/>
        <TextEquiv conf="0.9993508702301117">
          <Unicode>12146 (8165) Parthenonem S. Cosmae Taliacotiensem tuendum suscipit, eiusque posses-</Unicode>
        </TextEquiv>
      </TextLine>
      <TextLine id="eSc_line_96cbc30b" custom="structure {type:default;}">
        <Coords points="391,1779 393,1806 437,1793 570,1802 572,1771 565,1720 508,1724 505,1724 503,1724 494,1731 468,1746 388,1746 391,1779"/>
        <Baseline points="391,1779 572,1771"/>
        <TextEquiv conf="0.9999863147735596">
          <Unicode>„ 17.</Unicode>
        </TextEquiv>
      </TextLine>
      <TextLine id="eSc_line_8debb877" custom="structure {type:default;}">
        <Coords points="700,1788 702,1843 782,1841 782,1784 775,1735 695,1735 700,1788"/>
        <Baseline points="700,1788 782,1784"/>
        <TextEquiv conf="0.999971866607666">
          <Unicode>„</Unicode>
        </TextEquiv>
      </TextLine>
      <TextLine id="eSc_line_4fb392ac" custom="structure {type:default;}">
        <Coords points="963,1826 963,1855 2872,1846 2874,1817 2867,1786 961,1786 963,1826"/>
        <Baseline points="963,1826 2874,1817"/>
        <TextEquiv conf="0.9997634534482602">
          <Unicode>siones ac iura confirmat, petente Advisa abbatissa. Gattulae Hist. Cas. p. 802. —</Unicode>
        </TextEquiv>
      </TextLine>
      <TextLine id="eSc_line_e4c0d7d6" custom="structure {type:default;}">
        <Coords points="965,1881 965,1905 1402,1894 1405,1874 1400,1843 1109,1835 1106,1835 963,1848 965,1881"/>
        <Baseline points="965,1881 1405,1874"/>
        <TextEquiv conf="0.9991258131830316">
          <Unicode>„Quotiens illud a“.</Unicode>
        </TextEquiv>
      </TextLine>
      <TextLine id="eSc_line_cb1e9a28" custom="structure {type:default;}">
        <Coords points="916,1932 916,1958 2878,1954 2881,1927 2874,1892 914,1894 916,1932"/>
        <Baseline points="916,1932 2881,1927"/>
        <TextEquiv conf="0.9905529275707815">
          <Unicode>12147 (8166) Galdino, archiepiscopo Mediolanensi, apostolicae sedis legato, de eligendo</Unicode>
        </TextEquiv>
      </TextLine>
      <TextLine id="eSc_line_aaf09c2f" custom="structure {type:default;}">
        <Coords points="393,1943 393,1974 470,1958 497,1965 532,1972 534,1972 536,1972 574,1954 574,1938 567,1885 391,1888 393,1943"/>
        <Baseline points="393,1943 574,1938"/>
        <TextEquiv conf="0.9286521315574646">
          <Unicode>„ 25.</Unicode>
        </TextEquiv>
      </TextLine>
      <TextLine id="eSc_line_68780f2f" custom="structure {type:default;}">
        <Coords points="704,1954 704,2011 779,2009 779,1954 779,1890 704,1885 704,1954"/>
        <Baseline points="704,1954 779,1954"/>
        <TextEquiv conf="1.0">
          <Unicode>„</Unicode>
        </TextEquiv>
      </TextLine>
      <TextLine id="eSc_line_c151661c" custom="structure {type:default;}">
        <Coords points="965,1989 965,2016 2881,2011 2881,1989 2881,1958 965,1958 965,1989"/>
        <Baseline points="965,1989 2881,1989"/>
        <TextEquiv conf="0.9854083687444276">
          <Unicode>primicerio scribit. Saxii Arch. Med. ser. p. 574, Migne 200 p. 874. — „Ex. lit-</Unicode>
        </TextEquiv>
      </TextLine>
      <TextLine id="eSc_line_09a64a34" custom="structure {type:default;}">
        <Coords points="963,2038 961,2058 1157,2071 1159,2071 1162,2071 1219,2055 1221,2042 1219,2009 963,2002 963,2038"/>
        <Baseline points="963,2038 1221,2042"/>
        <TextEquiv conf="0.9811874677737554">
          <Unicode>teris tuis“.</Unicode>
        </TextEquiv>
      </TextLine>
      <TextLine id="eSc_line_1b879a38" custom="structure {type:default;}">
        <Coords points="360,2097 355,2175 415,2168 446,2181 448,2181 450,2181 452,2181 455,2181 499,2153 519,2142 570,2142 572,2104 572,2049 360,2047 360,2097"/>
        <Baseline points="360,2097 572,2104"/>
        <TextEquiv conf="0.95978353704725">
          <Unicode>Apr. 5.</Unicode>
        </TextEquiv>
      </TextLine>
      <TextLine id="eSc_line_c785c99b" custom="structure {type:default;}">
        <Coords points="916,2097 916,2120 2878,2113 2881,2091 2876,2055 914,2053 916,2097"/>
        <Baseline points="916,2097 2881,2091"/>
        <TextEquiv conf="0.9994662898342784">
          <Unicode>12148 *Monasterio S. Edmundi privilegia concedit. Vide Chronica locelini de Brake-</Unicode>
        </TextEquiv>
      </TextLine>
      <TextLine id="eSc_line_e9c1a32e" custom="structure {type:default;}">
        <Coords points="707,2115 707,2170 775,2177 777,2115 775,2047 707,2047 707,2115"/>
        <Baseline points="707,2115 777,2115"/>
        <TextEquiv conf="1.0">
          <Unicode>„</Unicode>
        </TextEquiv>
      </TextLine>
      <TextLine id="eSc_line_50f9b4d5" custom="structure {type:default;}">
        <Coords points="963,2155 963,2177 2328,2179 2333,2148 2328,2117 1875,2106 1873,2106 1871,2106 1840,2117 1822,2117 1491,2108 1489,2108 1422,2120 1414,2122 961,2122 963,2155"/>
        <Baseline points="963,2155 2333,2148"/>
        <TextEquiv conf="0.998544292491779">
          <Unicode>londa ed. Rokewode p. 107, Battely Antiqu. S. Edm. p. 79.</Unicode>
        </TextEquiv>
      </TextLine>
      <TextLine id="eSc_line_655a9932" custom="structure {type:default;}">
        <Coords points="919,2212 919,2232 2881,2226 2881,2201 2876,2168 1736,2161 1734,2161 916,2175 919,2212"/>
        <Baseline points="919,2212 2881,2201"/>
        <TextEquiv conf="0.9992548836903139">
          <Unicode>12149 (8167) Canonicis ecclesiae S. Victoris Parisiensis gratulatur, quod eorum ecclesia</Unicode>
        </TextEquiv>
      </TextLine>
      <TextLine id="eSc_line_c8b683c0" custom="structure {type:default;}">
        <Coords points="393,2219 393,2243 570,2239 572,2212 567,2181 508,2170 505,2170 391,2186 393,2219"/>
        <Baseline points="393,2219 572,2212"/>
        <TextEquiv conf="0.9999819993972778">
          <Unicode>„ 11.</Unicode>
        </TextEquiv>
      </TextLine>
      <TextLine id="eSc_line_c546bea9" custom="structure {type:default;}">
        <Coords points="707,2223 698,2334 768,2345 779,2228 782,2186 762,2170 760,2170 757,2170 755,2170 753,2170 707,2181 707,2223"/>
        <Baseline points="707,2223 779,2228"/>
        <TextEquiv conf="1.0">
          <Unicode>„</Unicode>
        </TextEquiv>
      </TextLine>
      <TextLine id="eSc_line_95ee2e08" custom="structure {type:default;}">
        <Coords points="967,2265 967,2285 2878,2283 2881,2261 2876,2228 1045,2219 1042,2219 965,2230 967,2265"/>
        <Baseline points="967,2265 2881,2261"/>
        <TextEquiv conf="0.9998535815491734">
          <Unicode>a (Stephano) Bituricensi et (Willelmo) Senonensi archiepiscopis in pristinum statum</Unicode>
        </TextEquiv>
      </TextLine>
      <TextLine id="eSc_line_8b926538" custom="structure {type:default;}">
        <Coords points="969,2318 969,2343 2876,2345 2881,2314 2876,2281 1056,2274 1053,2274 967,2285 969,2318"/>
        <Baseline points="969,2318 2881,2314"/>
        <TextEquiv conf="0.9980401319615981">
          <Unicode>restituta sit, et quod, cum Ero(isius) abbas praesentibus A(lberto) tit. S. Laurentii</Unicode>
        </TextEquiv>
      </TextLine>
      <TextLine id="eSc_line_ae4db2cf" custom="structure {type:default;}">
        <Coords points="967,2373 967,2402 2881,2402 2881,2373 2881,2340 967,2338 967,2373"/>
        <Baseline points="967,2373 2881,2373"/>
        <TextEquiv conf="0.9960245444224431">
          <Unicode>in Lucina et T(heodino) tit. S. Vitalis presbyteris cardinalibus, legatis suis, abdicasset,</Unicode>
        </TextEquiv>
      </TextLine>
      <TextLine id="eSc_line_4f5fdded" custom="structure {type:default;}">
        <Coords points="965,2424 965,2446 2881,2449 2883,2424 2883,2391 965,2387 965,2424"/>
        <Baseline points="965,2424 2883,2424"/>
        <TextEquiv conf="0.9950603076389858">
          <Unicode>honestum successorem elegerint. Duchesne Hist. Fr. SS. IV. 605, Martene Coll.</Unicode>
        </TextEquiv>
      </TextLine>
      <TextLine id="eSc_line_06c521f2" custom="structure {type:default;}">
        <Coords points="972,2479 972,2508 2883,2508 2883,2479 2883,2446 972,2438 972,2479"/>
        <Baseline points="972,2479 2883,2479"/>
        <TextEquiv conf="0.9931970657529058">
          <Unicode>VI. 254, Bouquet Rec. XV. 913, Mansi XXI. 995, Migne 200 p. 876. — „Quanto</Unicode>
        </TextEquiv>
      </TextLine>
      <TextLine id="eSc_line_3ee2c46e" custom="structure {type:default;}">
        <Coords points="967,2535 967,2557 1341,2557 1341,2535 1341,2504 967,2502 967,2535"/>
        <Baseline points="967,2535 1341,2535"/>
        <TextEquiv conf="0.9971600034657646">
          <Unicode>ecclesia vestra“.</Unicode>
        </TextEquiv>
      </TextLine>
      <TextLine id="eSc_line_de2c7ee7" custom="structure {type:default;}">
        <Coords points="919,2592 919,2614 2881,2608 2883,2585 2876,2541 916,2541 919,2592"/>
        <Baseline points="919,2592 2883,2585"/>
        <TextEquiv conf="0.9859327155001023">
          <Unicode>12150 (8168) Guarinum, novum ecclesiae S. Victoris Parisiensis abbatem, fungi officio</Unicode>
        </TextEquiv>
      </TextLine>
      <TextLine id="eSc_line_93ea6857" custom="structure {type:default;}">
        <Coords points="393,2599 393,2665 455,2665 455,2663 457,2663 459,2663 490,2643 517,2627 576,2625 576,2599 576,2517 545,2497 543,2497 541,2497 492,2497 490,2497 488,2497 441,2521 439,2524 393,2524 393,2599"/>
        <Baseline points="393,2599 576,2599"/>
        <TextEquiv conf="0.9146123230457306">
          <Unicode>„„</Unicode>
        </TextEquiv>
      </TextLine>
      <TextLine id="eSc_line_6e82af21" custom="structure {type:default;}">
        <Coords points="704,2605 698,2718 775,2720 784,2610 784,2539 707,2539 704,2605"/>
        <Baseline points="704,2605 784,2610"/>
        <TextEquiv conf="1.0">
          <Unicode>„</Unicode>
        </TextEquiv>
      </TextLine>
      <TextLine id="eSc_line_f942007e" custom="structure {type:default;}">
        <Coords points="969,2647 969,2672 2876,2676 2881,2643 2876,2610 967,2605 969,2647"/>
        <Baseline points="969,2647 2881,2643"/>
        <TextEquiv conf="0.989924173039126">
          <Unicode>iubet. Martene Coll. VI. 255, Duchesne Hist. Fr. SS. IV. 606, Bouquet Rec. XV. 913,</Unicode>
        </TextEquiv>
      </TextLine>
      <TextLine id="eSc_line_54c10416" custom="structure {type:default;}">
        <Coords points="969,2700 969,2720 1513,2731 1515,2731 1517,2731 1520,2731 1535,2720 1537,2720 1639,2720 1681,2731 1683,2731 1685,2731 1687,2731 1690,2731 1710,2718 1712,2718 1723,2718 1794,2729 1796,2729 1798,2729 1824,2718 1829,2718 1911,2718 1913,2718 1924,2729 1926,2729 1928,2729 1931,2731 2145,2731 2145,2729 2147,2729 2149,2729 2167,2718 2182,2729 2185,2729 2187,2729 2189,2729 2191,2729 2227,2718 2251,2729 2253,2729 2255,2731 2392,2731 2392,2729 2394,2729 2441,2716 2441,2696 2436,2665 967,2658 969,2700"/>
        <Baseline points="969,2700 2441,2696"/>
        <TextEquiv conf="0.9998156527678171">
          <Unicode>Mansi XXI. 995, Migne 200 p. 877. — „Intellecto et cognito“.</Unicode>
        </TextEquiv>
      </TextLine>
      <TextLine id="eSc_line_2e1d61de" custom="structure {type:default;}">
        <Coords points="921,2758 921,2780 2881,2773 2883,2751 2878,2718 919,2714 921,2758"/>
        <Baseline points="921,2758 2883,2751"/>
        <TextEquiv conf="0.9926387948551397">
          <Unicode>12151 Monasterii Marcianensis tutelam suscipit, eiusque bona ac iura confirmat, petente</Unicode>
        </TextEquiv>
      </TextLine>
      <TextLine id="eSc_line_2d32124c" custom="structure {type:default;}">
        <Coords points="397,2764 397,2786 419,2795 421,2795 424,2795 426,2795 437,2791 472,2778 492,2795 492,2797 494,2797 497,2797 574,2806 574,2758 570,2716 457,2703 455,2703 452,2703 395,2720 397,2764"/>
        <Baseline points="397,2764 574,2758"/>
        <TextEquiv conf="0.9995926737785339">
          <Unicode>„ 20.</Unicode>
        </TextEquiv>
      </TextLine>
      <TextLine id="eSc_line_b5d8a73f" custom="structure {type:default;}">
        <Coords points="700,2773 702,2844 742,2831 790,2844 795,2773 793,2703 700,2705 700,2773"/>
        <Baseline points="700,2773 795,2773"/>
        <TextEquiv conf="0.999975323677063">
          <Unicode>„</Unicode>
        </TextEquiv>
      </TextLine>
      <TextLine id="eSc_line_d8931cdf" custom="structure {type:default;}">
        <Coords points="972,2813 972,2833 2874,2837 2878,2809 2874,2775 969,2771 972,2813"/>
        <Baseline points="972,2813 2878,2809"/>
        <TextEquiv conf="0.9979271208538728">
          <Unicode>Iohanne abbate. In bibl. nat. Paris. Cartul. de Marchiennes, nouv. acquis. lat. 1204.</Unicode>
        </TextEquiv>
      </TextLine>
      <TextLine id="eSc_line_792d28db" custom="structure {type:default;}">
        <Coords points="969,2868 969,2888 2799,2888 2801,2864 2797,2831 1906,2820 1904,2820 1718,2831 1027,2822 1025,2822 967,2833 969,2868"/>
        <Baseline points="969,2868 2801,2864"/>
        <TextEquiv conf="0.9962916614173295">
          <Unicode>s. XIX ex. f. 199, (Neues Archiv VII. 101). — „Religiosam vitam eligentibus“.</Unicode>
        </TextEquiv>
      </TextLine>
      <TextLine id="eSc_line_497ea8f4" custom="structure {type:default;}">
        <Coords points="360,2921 360,2959 437,2959 437,2956 439,2956 455,2950 472,2941 492,2948 525,2956 528,2956 530,2956 532,2956 578,2939 578,2921 578,2866 360,2864 360,2921"/>
        <Baseline points="360,2921 578,2921"/>
        <TextEquiv conf="0.9999013287680489">
          <Unicode>Mai. 9.</Unicode>
        </TextEquiv>
      </TextLine>
      <TextLine id="eSc_line_de99309c" custom="structure {type:default;}">
        <Coords points="919,2921 919,2943 2878,2945 2883,2915 2878,2877 938,2877 936,2877 934,2877 932,2877 916,2884 919,2921"/>
        <Baseline points="919,2921 2883,2915"/>
        <TextEquiv conf="0.9999696111973421">
          <Unicode>12152 Ecclesiae Toletanae eiusque archiepiscopo Celebruno monasterium S. Servandi</Unicode>
        </TextEquiv>
      </TextLine>
      <TextLine id="eSc_line_c2419e06" custom="structure {type:default;}">
        <Coords points="698,2928 695,2937 726,2952 729,2952 731,2952 793,2937 795,2934 797,2864 764,2846 762,2846 760,2846 700,2859 698,2928"/>
        <Baseline points="698,2928 795,2934"/>
        <TextEquiv conf="1.0">
          <Unicode>„</Unicode>
        </TextEquiv>
      </TextLine>
      <TextLine id="eSc_line_a45a6640" custom="structure {type:default;}">
        <Coords points="969,2974 969,2998 2872,3003 2876,2970 2872,2941 967,2939 969,2974"/>
        <Baseline points="969,2974 2876,2970"/>
        <TextEquiv conf="0.9948448930916033">
          <Unicode>cum omnibus possessionibus sub censu annuo concedit. Neues Archiv VI. 299. —</Unicode>
        </TextEquiv>
      </TextLine>
      <TextLine id="eSc_line_acc4fb28" custom="structure {type:default;}">
        <Coords points="972,3029 972,3056 1451,3045 1453,3025 1447,2994 969,2994 972,3029"/>
        <Baseline points="972,3029 1453,3025"/>
        <TextEquiv conf="0.9999045160683718">
          <Unicode>„Devotionis et fidei“.</Unicode>
        </TextEquiv>
      </TextLine>
      <TextLine id="eSc_line_41a914f6" custom="structure {type:default;}">
        <Coords points="362,3089 362,3142 578,3135 578,3082 570,3027 543,3038 470,3036 375,3032 373,3032 371,3032 368,3032 360,3036 362,3089"/>
        <Baseline points="362,3089 578,3082"/>
        <TextEquiv conf="0.999745212495327">
          <Unicode>Iun. 12.</Unicode>
        </TextEquiv>
      </TextLine>
      <TextLine id="eSc_line_e629cbfd" custom="structure {type:default;}">
        <Coords points="919,3089 919,3107 2881,3107 2881,3078 2876,3043 2593,3032 2591,3032 2467,3043 2454,3043 2381,3043 1716,3034 1714,3034 1712,3034 1710,3034 1694,3045 1690,3047 916,3047 919,3089"/>
        <Baseline points="919,3089 2881,3078"/>
        <TextEquiv conf="0.9989113170047139">
          <Unicode>12153 (8496) Salaburgensi et Gurcensi praepositis respondet, se dolere molestias eorum</Unicode>
        </TextEquiv>
      </TextLine>
      <TextLine id="eSc_line_210671e7" custom="structure {type:default;}">
        <Coords points="678,3098 678,3127 737,3151 740,3151 742,3151 799,3138 799,3098 799,3034 678,3032 678,3098"/>
        <Baseline points="678,3098 799,3098"/>
        <TextEquiv conf="1.0">
          <Unicode>(„)</Unicode>
        </TextEquiv>
      </TextLine>
      <TextLine id="eSc_line_811255a3" custom="structure {type:default;}">
        <Coords points="972,3142 972,3162 2878,3160 2881,3138 2876,3107 1935,3096 1933,3096 1931,3096 1902,3107 1047,3098 1045,3098 969,3109 972,3142"/>
        <Baseline points="972,3142 2881,3138"/>
        <TextEquiv conf="0.9966858375219652">
          <Unicode>ecclesiae (i. e. Salzburgensis); ad quam H(ildebrandum) basilicae XII apostolorum</Unicode>
        </TextEquiv>
      </TextLine>
      <TextLine id="eSc_line_81473cb7" custom="structure {type:default;}">
        <Coords points="972,3195 972,3224 2878,3219 2881,3188 2876,3160 969,3155 972,3195"/>
        <Baseline points="972,3195 2881,3188"/>
        <TextEquiv conf="0.996205496788025">
          <Unicode>presbyterum cardinalem, apostolicae sedis legatum, non accessisse, tum quod, cum</Unicode>
        </TextEquiv>
      </TextLine>
      <TextLine id="eSc_line_526e87da" custom="structure {type:default;}">
        <Coords points="974,3246 974,3272 2876,3266 2878,3239 2872,3213 972,3217 974,3246"/>
        <Baseline points="974,3246 2878,3239"/>
        <TextEquiv conf="0.9972909953859117">
          <Unicode>Tarvisium venisset, a quibus deduceretur, non reperissct, tum quod „rectores Mar-</Unicode>
        </TextEquiv>
      </TextLine>
      <TextLine id="eSc_line_86afb00f" custom="structure {type:default;}">
        <Coords points="972,3303 972,3325 2876,3327 2881,3299 2876,3268 969,3268 972,3303"/>
        <Baseline points="972,3303 2881,3299"/>
        <TextEquiv conf="0.9959376461284105">
          <Unicode>chiae“, inquit „dubitantes et timentes, ne sine ipsis cum F(riderico) dicto imperatore</Unicode>
        </TextEquiv>
      </TextLine>
      <TextLine id="eSc_line_529f4c0f" custom="structure {type:default;}">
        <Coords points="974,3361 974,3389 2878,3376 2881,3354 2876,3325 2249,3314 2246,3314 2244,3314 2242,3314 2229,3325 1016,3319 1014,3319 1011,3319 972,3330 974,3361"/>
        <Baseline points="974,3361 2881,3354"/>
        <TextEquiv conf="0.9940624198852441">
          <Unicode>pacem componeremus, eidem cardinali prohibuerunt, ne ultra progrederetur“. Re-</Unicode>
        </TextEquiv>
      </TextLine>
      <TextLine id="eSc_line_fddfa464" custom="structure {type:default;}">
        <Coords points="976,3416 976,3445 2881,3438 2881,3407 2874,3376 974,3383 976,3416"/>
        <Baseline points="976,3416 2881,3407"/>
        <TextEquiv conf="0.9993898443792059">
          <Unicode>prehendit, quod testibus nuntiis A(delberti), archiepiscopi Salzburgensis, nec litteras</Unicode>
        </TextEquiv>
      </TextLine>
      <TextLine id="eSc_line_bff4b5d0" custom="structure {type:default;}">
        <Coords points="976,3469 976,3491 2874,3498 2878,3469 2876,3438 976,3438 976,3469"/>
        <Baseline points="976,3469 2878,3469"/>
        <TextEquiv conf="0.9980055349213737">
          <Unicode>suas eidem archiepiscopo tradiderint, et „per Bavariam, Poloniam et Bohemiam,</Unicode>
        </TextEquiv>
      </TextLine>
      <TextLine id="eSc_line_00dc9b95" custom="structure {type:default;}">
        <Coords points="976,3515 974,3564 1038,3579 1040,3579 1042,3579 1080,3568 1201,3579 1204,3579 1206,3579 1252,3568 1268,3564 1277,3568 1301,3579 1303,3579 1305,3579 1400,3568 1447,3564 1460,3568 1482,3579 1484,3579 1486,3579 1705,3573 1871,3566 1893,3573 1915,3581 1917,3581 1919,3584 2021,3584 2021,3581 2023,3581 2039,3575 2059,3566 2079,3575 2094,3581 2096,3581 2098,3581 2280,3579 2282,3579 2286,3577 2306,3568 2386,3577 2436,3584 2439,3586 2596,3586 2596,3584 2598,3584 2607,3579 2635,3568 2874,3581 2878,3522 2876,3491 976,3484 976,3515"/>
        <Baseline points="976,3515 2878,3522"/>
        <TextEquiv conf="0.9961150310125696">
          <Unicode>Cermaniam et Cngariam publice fecerint praedicari“, ipsum archiepiscopi deiectionem</Unicode>
        </TextEquiv>
      </TextLine>
    </TextRegion>
    <TextRegion id="eSc_textblock_44fc1f58"  custom="structure {type:default;}">
      <Coords points="1301,167 2079,176 2087,253 1120,253 1137,176 1301,167"/>
      <TextLine id="eSc_line_d24ca6ac" custom="structure {type:default;}">
        <Coords points="1891,174 1886,172 1816,172 1802,172 1780,172 1758,172 1736,172 1723,172 1707,178 1703,181 1703,178 1694,172 1692,172 1670,170 1648,170 1626,170 1604,170 1588,170 1586,170 1493,181 1482,181 1475,181 1422,170 1420,170 1270,181 1265,181 1235,170 1232,170 1230,170 1140,181 1140,238 1140,258 2061,262 2063,238 2063,178 1897,174 1891,174"/>
        <Baseline points="1140,238 2063,238"/>
        <TextEquiv conf="0.9807495427131653">
          <Unicode>ALEXANDER III. 1159—1181.</Unicode>
        </TextEquiv>
      </TextLine>
    </TextRegion>
  </Page>
</PcGts>
