<?xml version="1.0" encoding="UTF-8"  standalone="yes"?>
<PcGts xmlns="http://schema.primaresearch.org/PAGE/gts/pagecontent/2019-07-15" xmlns:xsi="http://www.w3.org/2001/XMLSchema-instance" xsi:schemaLocation="http://schema.primaresearch.org/PAGE/gts/pagecontent/2019-07-15 http://schema.primaresearch.org/PAGE/gts/pagecontent/2019-07-15/pagecontent.xsd">
  <Metadata>
	<Creator>escriptorium</Creator>
	<Created>2024-07-19T10:09:50.894479+00:00</Created>
        <LastChange>2024-08-08T08:37:39.072428+00:00</LastChange>
  </Metadata>
  <Page imageFilename="0278.png" imageWidth="3007" imageHeight="3975">
    <TextRegion id="eSc_textblock_ea901094"  custom="structure {type:default;}">
      <Coords points="172,318 324,326 344,477 388,318 2688,318 2680,3575 2397,3601 114,3584 79,2471 79,494 123,335 172,318"/>
      <TextLine id="eSc_line_899299ec" custom="structure {type:default;}">
        <Coords points="2514,318 2492,318 2386,331 2284,318 2271,318 2258,318 2218,331 2218,333 2103,333 2101,331 2079,318 2072,318 2054,318 1984,329 1860,320 1858,320 1855,320 1820,329 1807,333 1789,329 1749,318 1747,318 1745,318 1743,318 1721,329 1712,333 1659,329 1564,320 1562,320 1559,320 1544,329 1528,337 1469,337 1455,326 1444,320 1442,320 1440,320 1438,320 1436,320 1418,326 1396,337 1221,337 1199,326 1195,324 1193,324 1190,324 1177,326 1111,337 636,324 638,379 638,408 2547,404 2549,371 2547,333 2518,318 2514,318"/>
        <Baseline points="638,379 2549,371"/>
        <TextEquiv conf="0.9931598459736685">
          <Unicode>1173. (Ind. 6. — 25. Sept. — 7, pont. a. 14. — 20. Sept. — 15, 1172. — 25. Mart. — 1773.)</Unicode>
        </TextEquiv>
      </TextLine>
      <TextLine id="eSc_line_3a5238ad" custom="structure {type:default;}">
        <Coords points="722,441 722,465 2635,465 2635,441 2635,406 722,406 722,441"/>
        <Baseline points="722,441 2635,441"/>
        <TextEquiv conf="0.998456882360654">
          <Unicode>die „III. id. Mart.“ datum memorat Rad. de Diceto Im. Hist. ap. Twysden HI. A.</Unicode>
        </TextEquiv>
      </TextLine>
      <TextLine id="eSc_line_46301462" custom="structure {type:default;}">
        <Coords points="718,499 718,521 2357,516 2359,492 2355,461 1820,450 1818,450 1816,450 1787,461 1785,463 715,463 718,499"/>
        <Baseline points="718,499 2359,492"/>
        <TextEquiv conf="0.9936249040895038">
          <Unicode>SS. I. 569, ed. Stubbs I. 369, Wilkins Conc. I. 475. — „Redolet Anglia“.</Unicode>
        </TextEquiv>
      </TextLine>
      <TextLine id="eSc_line_2f6679b0" custom="structure {type:default;}">
        <Coords points="397,552 397,591 587,591 587,547 581,465 393,468 397,552"/>
        <Baseline points="397,552 587,547"/>
        <TextEquiv conf="0.9999300071171352">
          <Unicode>Sirniae</Unicode>
        </TextEquiv>
      </TextLine>
      <TextLine id="eSc_line_c21354fb" custom="structure {type:default;}">
        <Coords points="671,552 671,578 2633,569 2635,545 2629,514 669,518 671,552"/>
        <Baseline points="671,552 2635,545"/>
        <TextEquiv conf="0.992784205646742">
          <Unicode>12205 (8204) Ecclesiae S. Stephani Divionensis protectionem suscipit, disciplinamque</Unicode>
        </TextEquiv>
      </TextLine>
      <TextLine id="eSc_line_78cd33af" custom="structure {type:default;}">
        <Coords points="114,554 114,589 329,589 329,549 324,472 220,459 218,459 112,474 114,554"/>
        <Baseline points="114,554 329,549"/>
        <TextEquiv conf="0.9865110251638625">
          <Unicode>Mart. 14.</Unicode>
        </TextEquiv>
      </TextLine>
      <TextLine id="eSc_line_bb9a79b3" custom="structure {type:default;}">
        <Coords points="722,607 722,640 2633,627 2635,600 2629,571 720,576 722,607"/>
        <Baseline points="722,607 2635,600"/>
        <TextEquiv conf="0.9925305574405484">
          <Unicode>et possessiones ac iura confirmat, petente Her(berto) abbate. Hist. de S. Estienne</Unicode>
        </TextEquiv>
      </TextLine>
      <TextLine id="eSc_line_e5ce4af1" custom="structure {type:default;}">
        <Coords points="722,660 722,682 2313,684 2315,660 2313,627 722,627 722,660"/>
        <Baseline points="722,660 2315,660"/>
        <TextEquiv conf="0.9923427104949951">
          <Unicode>de Diion Pr. p. 112, Migne 200 p. 902. — „Apostolici moderaminis“.</Unicode>
        </TextEquiv>
      </TextLine>
      <TextLine id="eSc_line_1e84aa27" custom="structure {type:default;}">
        <Coords points="671,715 671,739 2635,735 2638,708 2631,671 669,680 671,715"/>
        <Baseline points="671,715 2638,708"/>
        <TextEquiv conf="0.9945613344510397">
          <Unicode>12206 Abbati et fratribus S. Ebrulfi scribit de decimis et oblationibus ecclesiae S. Petri</Unicode>
        </TextEquiv>
      </TextLine>
      <TextLine id="eSc_line_65632aef" custom="structure {type:default;}">
        <Coords points="150,722 150,746 329,744 329,717 324,686 254,677 251,677 148,691 150,722"/>
        <Baseline points="150,722 329,717"/>
        <TextEquiv conf="0.9999999284744263">
          <Unicode>„ 17.</Unicode>
        </TextEquiv>
      </TextLine>
      <TextLine id="eSc_line_23be587c" custom="structure {type:default;}">
        <Coords points="457,730 457,757 592,750 592,726 585,693 455,697 457,730"/>
        <Baseline points="457,730 592,726"/>
        <TextEquiv conf="0.9999884764353434">
          <Unicode>„ „</Unicode>
        </TextEquiv>
      </TextLine>
      <TextLine id="eSc_line_83056322" custom="structure {type:default;}">
        <Coords points="722,770 722,806 2633,795 2635,766 2629,735 720,737 722,770"/>
        <Baseline points="722,770 2635,766"/>
        <TextEquiv conf="0.9991230382976761">
          <Unicode>de Nidis. Ex chartul. S. Ebrulfi I. 158 in bibl. nat. Paris. Misit Delisle. — „Sug-</Unicode>
        </TextEquiv>
      </TextLine>
      <TextLine id="eSc_line_ab313753" custom="structure {type:default;}">
        <Coords points="722,825 722,850 961,854 963,854 965,854 1016,841 1016,821 1009,792 720,795 722,825"/>
        <Baseline points="722,825 1016,821"/>
        <TextEquiv conf="0.999310111006101">
          <Unicode>gestum est“.</Unicode>
        </TextEquiv>
      </TextLine>
      <TextLine id="eSc_line_f7ad10d1" custom="structure {type:default;}">
        <Coords points="671,878 671,903 2635,901 2638,874 2631,834 669,843 671,878"/>
        <Baseline points="671,878 2638,874"/>
        <TextEquiv conf="0.9999994810034589">
          <Unicode>12207 Inter fratres Troarnenses et capitulum Baiocense compositionem super iuribus</Unicode>
        </TextEquiv>
      </TextLine>
      <TextLine id="eSc_line_50e10072" custom="structure {type:default;}">
        <Coords points="152,885 156,923 192,898 326,914 329,881 324,845 262,836 260,836 150,850 152,885"/>
        <Baseline points="152,885 329,881"/>
        <TextEquiv conf="0.9999998569488525">
          <Unicode>„ 18.</Unicode>
        </TextEquiv>
      </TextLine>
      <TextLine id="eSc_line_82b074ed" custom="structure {type:default;}">
        <Coords points="455,892 450,980 541,1002 550,896 547,856 455,856 455,892"/>
        <Baseline points="455,892 550,896"/>
        <TextEquiv conf="1.0">
          <Unicode>„</Unicode>
        </TextEquiv>
      </TextLine>
      <TextLine id="eSc_line_34c6b87b" custom="structure {type:default;}">
        <Coords points="722,936 722,962 2633,960 2635,929 2629,901 720,905 722,936"/>
        <Baseline points="722,936 2635,929"/>
        <TextEquiv conf="0.9983580579240638">
          <Unicode>quibusdam factam approbat. In bibl. nat. Paris. Chartul. Troarnense ms. lat. 10086.</Unicode>
        </TextEquiv>
      </TextLine>
      <TextLine id="eSc_line_d9cec612" custom="structure {type:default;}">
        <Coords points="724,991 724,1009 1022,1022 1025,1022 1027,1022 1029,1022 1051,1009 1053,1009 1131,1009 1173,1022 1175,1022 1177,1022 1232,1011 1621,1020 1623,1020 1703,1004 1705,987 1701,954 788,949 786,949 722,960 724,991"/>
        <Baseline points="724,991 1705,987"/>
        <TextEquiv conf="0.9997009053826332">
          <Unicode>s. XIV. f. 14. — „Ea quae compositione“.</Unicode>
        </TextEquiv>
      </TextLine>
      <TextLine id="eSc_line_7f1908ec" custom="structure {type:default;}">
        <Coords points="676,1044 676,1077 2638,1064 2640,1040 2633,1009 673,1009 676,1044"/>
        <Baseline points="676,1044 2640,1040"/>
        <TextEquiv conf="0.9997528470479525">
          <Unicode>12208 Transactionem inter monasterium Troarnense et (lohannem) comitem de Pon-</Unicode>
        </TextEquiv>
      </TextLine>
      <TextLine id="eSc_line_050b4c24" custom="structure {type:default;}">
        <Coords points="156,1053 161,1099 198,1084 329,1084 326,1042 322,998 278,984 276,984 273,984 227,989 225,989 223,989 205,1004 196,1009 152,1007 156,1053"/>
        <Baseline points="156,1053 326,1042"/>
        <TextEquiv conf="0.9888346672058106">
          <Unicode>„ 18.</Unicode>
        </TextEquiv>
      </TextLine>
      <TextLine id="eSc_line_3dd69bf9" custom="structure {type:default;}">
        <Coords points="455,1060 455,1088 554,1075 554,1055 545,987 486,1011 450,1011 455,1060"/>
        <Baseline points="455,1060 554,1055"/>
        <TextEquiv conf="1.0">
          <Unicode>„</Unicode>
        </TextEquiv>
      </TextLine>
      <TextLine id="eSc_line_174433bd" custom="structure {type:default;}">
        <Coords points="724,1101 724,1128 2635,1128 2638,1093 2631,1060 722,1071 724,1101"/>
        <Baseline points="724,1101 2638,1093"/>
        <TextEquiv conf="0.9999888756058433">
          <Unicode>tiaco super iure patronatus factam et ab (Henrico) Anglorum rege ac (Rotrodo)</Unicode>
        </TextEquiv>
      </TextLine>
      <TextLine id="eSc_line_21f5f9cf" custom="structure {type:default;}">
        <Coords points="722,1154 722,1179 2638,1172 2640,1148 2633,1119 720,1124 722,1154"/>
        <Baseline points="722,1154 2640,1148"/>
        <TextEquiv conf="0.9999092041728008">
          <Unicode>archiepiscopo Rotomagensi firmatam laudat. In bibl. nat. Paris. Chartul. Troarnense</Unicode>
        </TextEquiv>
      </TextLine>
      <TextLine id="eSc_line_f40a5170" custom="structure {type:default;}">
        <Coords points="724,1205 724,1230 1486,1230 1489,1230 1506,1241 1509,1241 1511,1241 1513,1241 2253,1230 2255,1210 2251,1170 724,1172 724,1205"/>
        <Baseline points="724,1205 2255,1210"/>
        <TextEquiv conf="0.9867222264631471">
          <Unicode>ms. lat. 10086. s. XIV. f. 111 (et f. 16). — „Suggestum est nobis“.</Unicode>
        </TextEquiv>
      </TextLine>
      <TextLine id="eSc_line_6fc4804a" custom="structure {type:default;}">
        <Coords points="673,1265 673,1291 2635,1285 2638,1258 2631,1227 671,1232 673,1265"/>
        <Baseline points="673,1265 2638,1258"/>
        <TextEquiv conf="0.9976723332230638">
          <Unicode>12209 (8205) Henrico, archiepiscopo Remensi, mandat, ne fratres S. Medardi a fene-</Unicode>
        </TextEquiv>
      </TextLine>
      <TextLine id="eSc_line_225aac6d" custom="structure {type:default;}">
        <Coords points="152,1269 152,1300 333,1294 333,1260 324,1172 148,1185 152,1269"/>
        <Baseline points="152,1269 333,1260"/>
        <TextEquiv conf="0.9998005509376526">
          <Unicode>„ 20.</Unicode>
        </TextEquiv>
      </TextLine>
      <TextLine id="eSc_line_6bea714d" custom="structure {type:default;}">
        <Coords points="457,1276 455,1302 547,1307 552,1280 550,1232 457,1236 457,1276"/>
        <Baseline points="457,1276 552,1280"/>
        <TextEquiv conf="0.9999996423721313">
          <Unicode>„</Unicode>
        </TextEquiv>
      </TextLine>
      <TextLine id="eSc_line_a2ae4bc1" custom="structure {type:default;}">
        <Coords points="724,1320 724,1353 2635,1340 2638,1311 2631,1283 722,1289 724,1320"/>
        <Baseline points="724,1320 2638,1311"/>
        <TextEquiv conf="0.9974288502825966">
          <Unicode>ratoribus quibusdam vexari de usuris patiatur. Martene Coll. II. 956, Migne 200</Unicode>
        </TextEquiv>
      </TextLine>
      <TextLine id="eSc_line_5aaae326" custom="structure {type:default;}">
        <Coords points="722,1373 722,1395 1294,1406 1296,1406 1365,1393 1369,1393 1372,1393 1467,1406 1469,1406 1539,1391 1539,1373 1537,1336 722,1342 722,1373"/>
        <Baseline points="722,1373 1539,1373"/>
        <TextEquiv conf="0.9888928839654634">
          <Unicode>p. 904. — „Conquerentibus nobis“.</Unicode>
        </TextEquiv>
      </TextLine>
      <TextLine id="eSc_line_1e70d67f" custom="structure {type:default;}">
        <Coords points="152,1426 150,1470 333,1475 338,1431 338,1402 256,1386 254,1386 251,1386 227,1395 216,1400 152,1393 152,1426"/>
        <Baseline points="152,1426 338,1431"/>
        <TextEquiv conf="0.9997862815856934">
          <Unicode>„ 21.</Unicode>
        </TextEquiv>
      </TextLine>
      <TextLine id="eSc_line_415789b1" custom="structure {type:default;}">
        <Coords points="673,1426 673,1455 2640,1455 2642,1426 2640,1397 673,1397 673,1426"/>
        <Baseline points="673,1426 2642,1426"/>
        <TextEquiv conf="0.9996324528621722">
          <Unicode>12210 (8206) Henrico, archiepiscopo Remensi, mandat, ut presbyterorum decanatus</Unicode>
        </TextEquiv>
      </TextLine>
      <TextLine id="eSc_line_49ef3ae7" custom="structure {type:default;}">
        <Coords points="459,1444 459,1479 552,1461 552,1444 552,1413 459,1402 459,1444"/>
        <Baseline points="459,1444 552,1444"/>
        <TextEquiv conf="0.9999009370803833">
          <Unicode>„</Unicode>
        </TextEquiv>
      </TextLine>
      <TextLine id="eSc_line_a4c63f20" custom="structure {type:default;}">
        <Coords points="731,1481 731,1506 2635,1510 2640,1477 2635,1450 729,1446 731,1481"/>
        <Baseline points="731,1481 2640,1477"/>
        <TextEquiv conf="0.9930103281397878">
          <Unicode>Virtuensis et capituli S. Stephani Catalaunensis de cerae censu controversiam di-</Unicode>
        </TextEquiv>
      </TextLine>
      <TextLine id="eSc_line_3b4b4e40" custom="structure {type:default;}">
        <Coords points="724,1539 724,1561 2527,1556 2529,1534 2525,1506 1639,1495 1637,1495 1634,1495 1606,1506 950,1497 947,1497 722,1508 724,1539"/>
        <Baseline points="724,1539 2529,1534"/>
        <TextEquiv conf="0.9997616904346567">
          <Unicode>sceptet. Martene Coll. II. 957, Migne 200 p. 904. — „Significaverunt nobis“.</Unicode>
        </TextEquiv>
      </TextLine>
      <TextLine id="eSc_line_f712012d" custom="structure {type:default;}">
        <Coords points="156,1596 156,1634 331,1638 333,1590 326,1556 154,1559 156,1596"/>
        <Baseline points="156,1596 333,1590"/>
        <TextEquiv conf="0.9999974489212036">
          <Unicode>„ 23.</Unicode>
        </TextEquiv>
      </TextLine>
      <TextLine id="eSc_line_d70ce92a" custom="structure {type:default;}">
        <Coords points="676,1596 676,1620 2640,1620 2642,1592 2635,1552 673,1554 676,1596"/>
        <Baseline points="676,1596 2642,1592"/>
        <TextEquiv conf="0.995447209903172">
          <Unicode>12211 Fratribus Ursicampi vineas de Bayri asserit. (Huius bullae, perperam Alex. IV.</Unicode>
        </TextEquiv>
      </TextLine>
      <TextLine id="eSc_line_ce4e6626" custom="structure {type:default;}">
        <Coords points="463,1609 463,1638 505,1645 508,1645 510,1645 512,1645 514,1643 528,1634 543,1645 550,1609 550,1572 503,1559 501,1559 499,1559 497,1559 463,1574 463,1609"/>
        <Baseline points="463,1609 550,1609"/>
        <TextEquiv conf="0.9999998807907104">
          <Unicode>„</Unicode>
        </TextEquiv>
      </TextLine>
      <TextLine id="eSc_line_3c83a5d4" custom="structure {type:default;}">
        <Coords points="724,1647 724,1673 2635,1678 2640,1643 2633,1614 722,1616 724,1647"/>
        <Baseline points="724,1647 2640,1643"/>
        <TextEquiv conf="0.9895778151206028">
          <Unicode>tributae, quae sint prima verba, nobiscum communicavit Delisle.) Peigné-Delacourt</Unicode>
        </TextEquiv>
      </TextLine>
      <TextLine id="eSc_line_f47a7aad" custom="structure {type:default;}">
        <Coords points="724,1702 724,1731 1475,1733 1478,1733 1480,1733 1482,1733 1482,1731 1489,1724 1493,1722 1577,1722 1579,1724 1588,1731 1588,1733 1590,1733 1592,1733 1595,1735 1727,1735 1727,1733 1729,1733 1732,1733 1741,1724 1749,1731 1749,1733 1752,1733 1754,1733 1756,1735 1972,1735 1972,1733 1975,1733 2014,1720 2014,1698 2008,1669 722,1671 724,1702"/>
        <Baseline points="724,1702 2014,1698"/>
        <TextEquiv conf="0.9799003347202584">
          <Unicode>Cart. d&#x27;0urscamp p. 302. n. 484. — „Iustis petentium“.</Unicode>
        </TextEquiv>
      </TextLine>
      <TextLine id="eSc_line_287961b3" custom="structure {type:default;}">
        <Coords points="159,1760 159,1795 338,1793 338,1755 335,1722 298,1709 296,1709 249,1709 247,1709 245,1709 243,1709 243,1711 231,1720 225,1724 156,1720 159,1760"/>
        <Baseline points="159,1760 338,1755"/>
        <TextEquiv conf="0.9420632600784302">
          <Unicode>„ 23.</Unicode>
        </TextEquiv>
      </TextLine>
      <TextLine id="eSc_line_e731ef68" custom="structure {type:default;}">
        <Coords points="678,1760 678,1786 2642,1782 2644,1755 2640,1724 676,1724 678,1760"/>
        <Baseline points="678,1760 2644,1755"/>
        <TextEquiv conf="0.999829775230451">
          <Unicode>12212 Ecclesiae Lucensis possessiones et iura confirmat, petente Hugone archipresbytero.</Unicode>
        </TextEquiv>
      </TextLine>
      <TextLine id="eSc_line_4ba0e9df" custom="structure {type:default;}">
        <Coords points="463,1773 463,1790 545,1793 547,1768 541,1729 461,1733 463,1773"/>
        <Baseline points="463,1773 547,1768"/>
        <TextEquiv conf="1.0">
          <Unicode>„</Unicode>
        </TextEquiv>
      </TextLine>
      <TextLine id="eSc_line_b56762e1" custom="structure {type:default;}">
        <Coords points="726,1815 726,1835 1250,1846 1252,1846 1254,1846 1257,1846 1257,1843 1268,1832 1270,1832 1455,1832 1458,1832 1482,1843 1484,1843 1486,1843 1630,1832 1632,1832 1637,1832 1752,1843 1754,1843 1756,1843 1800,1830 1800,1810 1796,1782 735,1773 733,1773 731,1773 729,1773 729,1775 726,1775 724,1775 726,1815"/>
        <Baseline points="726,1815 1800,1810"/>
        <TextEquiv conf="0.9999819229478422">
          <Unicode>Pflugk-Harttung Iter p. 274. — „Iustis votis“.</Unicode>
        </TextEquiv>
      </TextLine>
      <TextLine id="eSc_line_1b087adf" custom="structure {type:default;}">
        <Coords points="156,1870 156,1910 338,1908 338,1866 333,1835 154,1828 156,1870"/>
        <Baseline points="156,1870 338,1866"/>
        <TextEquiv conf="0.9999999046325684">
          <Unicode>„ 25.</Unicode>
        </TextEquiv>
      </TextLine>
      <TextLine id="eSc_line_a366f230" custom="structure {type:default;}">
        <Coords points="678,1870 678,1903 2640,1896 2642,1863 2638,1832 2160,1821 2158,1821 2001,1832 1981,1835 676,1835 678,1870"/>
        <Baseline points="678,1870 2642,1863"/>
        <TextEquiv conf="0.9911691470201626">
          <Unicode>12213 Ecclesiae Glasguensis tutelam suscipit, possessionesque et libertates confirmat,</Unicode>
        </TextEquiv>
      </TextLine>
      <TextLine id="eSc_line_e3db0624" custom="structure {type:default;}">
        <Coords points="452,1883 452,1903 556,1910 558,1883 556,1841 452,1843 452,1883"/>
        <Baseline points="452,1883 558,1883"/>
        <TextEquiv conf="1.0">
          <Unicode>„</Unicode>
        </TextEquiv>
      </TextLine>
      <TextLine id="eSc_line_b78620e6" custom="structure {type:default;}">
        <Coords points="729,1923 729,1952 2642,1949 2642,1923 2642,1894 729,1894 729,1923"/>
        <Baseline points="729,1923 2642,1923"/>
        <TextEquiv conf="0.9995873548090458">
          <Unicode>petente Salomone decano. Registrum ep. Glasg. I. 25. — „Quotiens illud a nobis“.</Unicode>
        </TextEquiv>
      </TextLine>
      <TextLine id="eSc_line_ac9aaa1f" custom="structure {type:default;}">
        <Coords points="680,1978 680,2005 2640,2002 2642,1972 2638,1945 693,1938 691,1938 689,1938 687,1938 678,1943 680,1978"/>
        <Baseline points="680,1978 2642,1972"/>
        <TextEquiv conf="0.995790382962168">
          <Unicode>12214 (8207) Henrico, archiepiscopo Remensi, mandat, ne P. presbytero communionem</Unicode>
        </TextEquiv>
      </TextLine>
      <TextLine id="eSc_line_c1877ad9" custom="structure {type:default;}">
        <Coords points="159,1980 159,2000 240,1989 338,2009 340,1976 333,1912 285,1914 282,1914 280,1914 258,1927 218,1952 156,1952 159,1980"/>
        <Baseline points="159,1980 340,1976"/>
        <TextEquiv conf="1.0">
          <Unicode>„ 25.</Unicode>
        </TextEquiv>
      </TextLine>
      <TextLine id="eSc_line_9bf0c135" custom="structure {type:default;}">
        <Coords points="459,1991 459,2014 550,2000 550,1991 547,1956 459,1958 459,1991"/>
        <Baseline points="459,1991 550,1991"/>
        <TextEquiv conf="0.9999998807907104">
          <Unicode>„</Unicode>
        </TextEquiv>
      </TextLine>
      <TextLine id="eSc_line_fe9ef16a" custom="structure {type:default;}">
        <Coords points="731,2033 731,2058 2640,2060 2644,2029 2638,1991 729,2002 731,2033"/>
        <Baseline points="731,2033 2644,2029"/>
        <TextEquiv conf="0.9994640164077282">
          <Unicode>reddat, donec A. presbytero S. Mauricii domum quamdam restituerit. Martene Coll.</Unicode>
        </TextEquiv>
      </TextLine>
      <TextLine id="eSc_line_ca27aaf6" custom="structure {type:default;}">
        <Coords points="731,2089 731,2108 1975,2104 1977,2084 1972,2055 742,2047 740,2047 737,2047 735,2047 735,2049 729,2053 731,2089"/>
        <Baseline points="731,2089 1977,2084"/>
        <TextEquiv conf="0.9953685062272208">
          <Unicode>II. 959, Migne 200 p. 905. — „Si bene meminimus“.</Unicode>
        </TextEquiv>
      </TextLine>
      <TextLine id="eSc_line_f6c6eb9a" custom="structure {type:default;}">
        <Coords points="159,2144 159,2173 338,2168 338,2139 335,2108 285,2093 282,2093 280,2093 156,2111 159,2144"/>
        <Baseline points="159,2144 338,2139"/>
        <TextEquiv conf="0.999998927116394">
          <Unicode>„ 28.</Unicode>
        </TextEquiv>
      </TextLine>
      <TextLine id="eSc_line_de9e3102" custom="structure {type:default;}">
        <Coords points="386,2144 386,2181 499,2195 501,2195 618,2177 618,2139 612,2058 384,2062 386,2144"/>
        <Baseline points="386,2144 618,2139"/>
        <TextEquiv conf="0.9732117851575216">
          <Unicode>Anaepiae.</Unicode>
        </TextEquiv>
      </TextLine>
      <TextLine id="eSc_line_39400ee7" custom="structure {type:default;}">
        <Coords points="678,2144 678,2168 2642,2161 2644,2137 2638,2104 676,2108 678,2144"/>
        <Baseline points="678,2144 2644,2137"/>
        <TextEquiv conf="0.9967697117217752">
          <Unicode>12215 (8208) Monasterii S. Sabini Placentini possessiones et privilegia confirmat, pe-</Unicode>
        </TextEquiv>
      </TextLine>
      <TextLine id="eSc_line_4c363183" custom="structure {type:default;}">
        <Coords points="731,2197 731,2228 2642,2228 2644,2192 2638,2164 729,2166 731,2197"/>
        <Baseline points="731,2197 2644,2192"/>
        <TextEquiv conf="0.9977203858904091">
          <Unicode>tente Savino abbate. Campi Hist. di Piac. II. 361, Ughelli It. sacr. II. 218, Migne</Unicode>
        </TextEquiv>
      </TextLine>
      <TextLine id="eSc_line_57d258af" custom="structure {type:default;}">
        <Coords points="733,2245 731,2267 742,2279 742,2281 744,2281 746,2281 748,2283 883,2283 883,2281 885,2281 912,2267 974,2283 976,2283 978,2283 980,2283 1025,2270 1095,2270 1111,2283 1113,2283 1115,2283 1117,2283 1458,2270 1460,2252 1458,2221 733,2214 733,2245"/>
        <Baseline points="733,2245 1460,2252"/>
        <TextEquiv conf="0.9996314971677719">
          <Unicode>200 p. 905. — „Officii nostri“.</Unicode>
        </TextEquiv>
      </TextLine>
      <TextLine id="eSc_line_f3f59e33" custom="structure {type:default;}">
        <Coords points="161,2307 161,2345 340,2345 340,2301 331,2217 156,2228 161,2307"/>
        <Baseline points="161,2307 340,2301"/>
        <TextEquiv conf="0.9970939040184021">
          <Unicode>„ 28.</Unicode>
        </TextEquiv>
      </TextLine>
      <TextLine id="eSc_line_3bd6ca68" custom="structure {type:default;}">
        <Coords points="680,2309 680,2336 2642,2334 2644,2301 2638,2259 678,2272 680,2309"/>
        <Baseline points="680,2309 2644,2301"/>
        <TextEquiv conf="0.9994970280003835">
          <Unicode>12216 (8209) Ecclesiam S. Eustorgii Mediolanensem tuendam suscipit, eiusque bona et</Unicode>
        </TextEquiv>
      </TextLine>
      <TextLine id="eSc_line_2ffbd38a" custom="structure {type:default;}">
        <Coords points="459,2323 459,2340 503,2347 505,2347 508,2347 563,2329 563,2318 556,2274 457,2279 459,2323"/>
        <Baseline points="459,2323 563,2318"/>
        <TextEquiv conf="0.9999991655349731">
          <Unicode>„</Unicode>
        </TextEquiv>
      </TextLine>
      <TextLine id="eSc_line_b2ee2a9c" custom="structure {type:default;}">
        <Coords points="731,2365 731,2393 2642,2387 2644,2360 2638,2329 729,2332 731,2365"/>
        <Baseline points="731,2365 2644,2360"/>
        <TextEquiv conf="0.999840734153986">
          <Unicode>privilegia confirmat, petente Philippo praeposito. Giulini Mem. di Mil. VI. 544,</Unicode>
        </TextEquiv>
      </TextLine>
      <TextLine id="eSc_line_a47c1f00" custom="structure {type:default;}">
        <Coords points="731,2418 731,2446 987,2438 1007,2444 1020,2449 1022,2449 1025,2449 1027,2449 1047,2444 1071,2438 1091,2442 1113,2449 1115,2449 1117,2449 1170,2442 1217,2435 1243,2440 1272,2446 1274,2446 1473,2438 1489,2438 1495,2438 1597,2446 1599,2446 1601,2446 1604,2446 1604,2444 1615,2435 1699,2435 1701,2413 1696,2385 762,2376 760,2376 757,2376 729,2387 731,2418"/>
        <Baseline points="731,2418 1701,2413"/>
        <TextEquiv conf="0.9999825755755106">
          <Unicode>Migne 200 p. 907. — „Quotiens illud a“.</Unicode>
        </TextEquiv>
      </TextLine>
      <TextLine id="eSc_line_64ae1915" custom="structure {type:default;}">
        <Coords points="161,2471 161,2508 338,2510 340,2466 335,2438 256,2424 254,2424 251,2424 249,2424 249,2426 238,2438 236,2438 159,2438 161,2471"/>
        <Baseline points="161,2471 340,2466"/>
        <TextEquiv conf="0.9999970197677612">
          <Unicode>„ 31.</Unicode>
        </TextEquiv>
      </TextLine>
      <TextLine id="eSc_line_34cab1c2" custom="structure {type:default;}">
        <Coords points="680,2473 680,2502 2644,2502 2646,2466 2640,2433 678,2435 680,2473"/>
        <Baseline points="680,2473 2646,2466"/>
        <TextEquiv conf="0.9980599716305733">
          <Unicode>12217 (8210) Ecclesiam Lausannensem tuendam suscipit canonicorumque possessiones</Unicode>
        </TextEquiv>
      </TextLine>
      <TextLine id="eSc_line_203590d2" custom="structure {type:default;}">
        <Coords points="468,2486 468,2526 554,2508 554,2486 554,2460 468,2460 468,2486"/>
        <Baseline points="468,2486 554,2486"/>
        <TextEquiv conf="0.9959945380687714">
          <Unicode>„„</Unicode>
        </TextEquiv>
      </TextLine>
      <TextLine id="eSc_line_b67912e2" custom="structure {type:default;}">
        <Coords points="731,2526 731,2563 2642,2555 2644,2519 2638,2491 729,2495 731,2526"/>
        <Baseline points="731,2526 2644,2519"/>
        <TextEquiv conf="0.9944903130938367">
          <Unicode>confirmat. Mém. et doc. de la société de la Suisse Rom. VII. 20, Migne 200 p. 908.</Unicode>
        </TextEquiv>
      </TextLine>
      <TextLine id="eSc_line_8fe3c146" custom="structure {type:default;}">
        <Coords points="733,2581 733,2597 821,2612 824,2614 1009,2614 1009,2612 1011,2612 1042,2599 1126,2612 1129,2612 1131,2612 1177,2599 1199,2612 1201,2612 1204,2612 1206,2612 1208,2612 1254,2597 1254,2581 1254,2552 733,2552 733,2581"/>
        <Baseline points="733,2581 1254,2581"/>
        <TextEquiv conf="0.9981141828355335">
          <Unicode>— „Quotiens illud a“.</Unicode>
        </TextEquiv>
      </TextLine>
      <TextLine id="eSc_line_08f537b9" custom="structure {type:default;}">
        <Coords points="132,2632 132,2658 174,2678 176,2678 178,2680 231,2680 231,2678 234,2678 236,2678 260,2661 262,2661 267,2663 307,2674 309,2674 311,2674 313,2674 346,2663 346,2632 346,2561 293,2548 291,2548 289,2548 269,2559 267,2559 265,2557 243,2548 240,2548 238,2548 236,2548 234,2548 223,2557 216,2559 132,2555 132,2632"/>
        <Baseline points="132,2632 346,2632"/>
        <TextEquiv conf="0.9997854488236564">
          <Unicode>Apr. 2.</Unicode>
        </TextEquiv>
      </TextLine>
      <TextLine id="eSc_line_bba7f7ae" custom="structure {type:default;}">
        <Coords points="682,2636 682,2663 2644,2663 2644,2632 2640,2599 680,2597 682,2636"/>
        <Baseline points="682,2636 2644,2632"/>
        <TextEquiv conf="0.996157624504783">
          <Unicode>12218 (8211) Willelmo, archiepiscopo Senonensi, et eius suffraganeis significat, Thomam,</Unicode>
        </TextEquiv>
      </TextLine>
      <TextLine id="eSc_line_d92577aa" custom="structure {type:default;}">
        <Coords points="457,2643 457,2667 472,2678 475,2678 477,2678 479,2678 565,2667 565,2643 565,2605 508,2588 505,2588 503,2588 501,2588 457,2605 457,2643"/>
        <Baseline points="457,2643 565,2643"/>
        <TextEquiv conf="0.9999998807907104">
          <Unicode>(„)</Unicode>
        </TextEquiv>
      </TextLine>
      <TextLine id="eSc_line_e85fe845" custom="structure {type:default;}">
        <Coords points="733,2691 733,2725 2642,2714 2644,2687 2640,2658 731,2658 733,2691"/>
        <Baseline points="733,2691 2644,2687"/>
        <TextEquiv conf="0.9999366196302267">
          <Unicode>quondam archiepiscopum Cantuariensem, „in capite ieiunii“ in numerum sanctorum</Unicode>
        </TextEquiv>
      </TextLine>
      <TextLine id="eSc_line_10923dbc" custom="structure {type:default;}">
        <Coords points="733,2742 733,2771 2644,2767 2646,2738 2642,2711 731,2711 733,2742"/>
        <Baseline points="733,2742 2646,2738"/>
        <TextEquiv conf="0.9997759286095115">
          <Unicode>relatum esse. Diem, quo interfectus sit, singulis annis celebrari iubet. (Pro „Tuscu-</Unicode>
        </TextEquiv>
      </TextLine>
      <TextLine id="eSc_line_016c68fb" custom="structure {type:default;}">
        <Coords points="735,2797 735,2826 1464,2833 1467,2833 1469,2833 1502,2824 1515,2822 1568,2824 1716,2833 1718,2833 1721,2833 1723,2833 1736,2824 1741,2822 1758,2824 1827,2833 1829,2833 2112,2822 2145,2822 2147,2822 2160,2833 2163,2833 2165,2833 2167,2835 2271,2835 2271,2833 2364,2822 2368,2822 2372,2822 2483,2833 2485,2833 2562,2820 2565,2797 2562,2762 735,2762 735,2797"/>
        <Baseline points="735,2797 2565,2797"/>
        <TextEquiv conf="0.9972167579332988">
          <Unicode>lani“ est „Anagniae“ legendum.) Sirmondi Opp. III. 886. — „Redolet Anglia“.</Unicode>
        </TextEquiv>
      </TextLine>
      <TextLine id="eSc_line_7f1ba403" custom="structure {type:default;}">
        <Coords points="145,2853 148,2932 249,2890 249,2850 247,2813 143,2782 145,2853"/>
        <Baseline points="145,2853 249,2850"/>
        <TextEquiv conf="0.999949057896932">
          <Unicode>(„)</Unicode>
        </TextEquiv>
      </TextLine>
      <TextLine id="eSc_line_eb64e1e6" custom="structure {type:default;}">
        <Coords points="687,2855 687,2888 2649,2875 2651,2848 2644,2820 684,2822 687,2855"/>
        <Baseline points="687,2855 2651,2848"/>
        <TextEquiv conf="0.9994349613785743">
          <Unicode>12219 (8212) (Waltero), episcopo Aversano, mandat, ut Thomae, archiepiscopi Can-</Unicode>
        </TextEquiv>
      </TextLine>
      <TextLine id="eSc_line_a0ad3dca" custom="structure {type:default;}">
        <Coords points="459,2892 570,2890 570,2859 567,2789 499,2795 461,2778 459,2859 459,2892"/>
        <Baseline points="459,2859 570,2859"/>
        <TextEquiv conf="0.9999998410542806">
          <Unicode>(„)</Unicode>
        </TextEquiv>
      </TextLine>
      <TextLine id="eSc_line_2b76b0f0" custom="structure {type:default;}">
        <Coords points="735,2910 735,2937 2649,2930 2651,2903 2644,2877 733,2881 735,2910"/>
        <Baseline points="735,2910 2651,2903"/>
        <TextEquiv conf="0.9997017797900409">
          <Unicode>tuariensis, „solemnitatem annuatim cum magna veneratione celebret et a parochianis</Unicode>
        </TextEquiv>
      </TextLine>
      <TextLine id="eSc_line_2f71fd68" custom="structure {type:default;}">
        <Coords points="737,2965 737,2990 2646,2987 2649,2959 2642,2926 735,2934 737,2965"/>
        <Baseline points="737,2965 2649,2959"/>
        <TextEquiv conf="0.9985269069671631">
          <Unicode>suis praecipiat generaliter celebrari, et fratres suos comprovinciales ad celebrandam</Unicode>
        </TextEquiv>
      </TextLine>
      <TextLine id="eSc_line_6f14cc1c" custom="structure {type:default;}">
        <Coords points="737,3021 737,3047 2646,3049 2651,3016 2644,2985 735,2987 737,3021"/>
        <Baseline points="737,3021 2651,3016"/>
        <TextEquiv conf="0.9985763732209263">
          <Unicode>illius martyris festivitatem invitet attentius“. Epist. S. Thomae ed. Giles II. 88,</Unicode>
        </TextEquiv>
      </TextLine>
      <TextLine id="eSc_line_e9169a0d" custom="structure {type:default;}">
        <Coords points="735,3074 735,3100 2317,3098 2317,3074 2317,3043 735,3043 735,3074"/>
        <Baseline points="735,3074 2317,3074"/>
        <TextEquiv conf="0.9998569452401364">
          <Unicode>ed. Lupus p. 881, Migne 200 p. 910. — „Quia (al. Qui) vice beati“.</Unicode>
        </TextEquiv>
      </TextLine>
      <TextLine id="eSc_line_c49f7d4d" custom="structure {type:default;}">
        <Coords points="167,3127 167,3168 351,3168 351,3127 351,3100 291,3087 289,3087 167,3098 167,3127"/>
        <Baseline points="167,3127 351,3127"/>
        <TextEquiv conf="0.9984489679336548">
          <Unicode>„ 7.</Unicode>
        </TextEquiv>
      </TextLine>
      <TextLine id="eSc_line_67c545f0" custom="structure {type:default;}">
        <Coords points="687,3129 687,3151 2649,3160 2651,3129 2649,3089 687,3093 687,3129"/>
        <Baseline points="687,3129 2651,3129"/>
        <TextEquiv conf="0.9995421293270157">
          <Unicode>12220 Ecclesiae Ulciensis protectionem suscipit, possessionesque ac iura confirmat,</Unicode>
        </TextEquiv>
      </TextLine>
      <TextLine id="eSc_line_c8470557" custom="structure {type:default;}">
        <Coords points="463,3140 463,3160 572,3171 574,3140 572,3093 463,3100 463,3140"/>
        <Baseline points="463,3140 574,3140"/>
        <TextEquiv conf="1.0">
          <Unicode>„</Unicode>
        </TextEquiv>
      </TextLine>
      <TextLine id="eSc_line_d42c4870" custom="structure {type:default;}">
        <Coords points="742,3184 742,3213 2649,3204 2651,3180 2644,3149 740,3151 742,3184"/>
        <Baseline points="742,3184 2651,3180"/>
        <TextEquiv conf="0.9907096866951433">
          <Unicode>petente Nicolao praeposito. Pennotti Ord. cler. can. hist. ed. Rom. p. 493, ed. Colon.</Unicode>
        </TextEquiv>
      </TextLine>
      <TextLine id="eSc_line_40af9bef" custom="structure {type:default;}">
        <Coords points="740,3237 740,3272 2653,3263 2653,3237 2653,3206 740,3204 740,3237"/>
        <Baseline points="740,3237 2653,3237"/>
        <TextEquiv conf="0.9965170682831244">
          <Unicode>p. 506, (Ulciensis eccl. chartar. p. 10 cum additam. in Miscel. di stor. ital. XX. 571).</Unicode>
        </TextEquiv>
      </TextLine>
      <TextLine id="eSc_line_04a5a41a" custom="structure {type:default;}">
        <Coords points="744,3288 744,3310 806,3310 824,3323 826,3323 828,3323 830,3325 978,3325 978,3323 980,3323 983,3323 983,3321 994,3312 1011,3323 1014,3323 1016,3323 1018,3325 1129,3325 1129,3323 1131,3323 1173,3308 1173,3288 1173,3261 744,3261 744,3288"/>
        <Baseline points="744,3288 1173,3288"/>
        <TextEquiv conf="0.9794486196417558">
          <Unicode>— „Officii nostri“.</Unicode>
        </TextEquiv>
      </TextLine>
      <TextLine id="eSc_line_ccf42552" custom="structure {type:default;}">
        <Coords points="172,3345 172,3374 351,3374 353,3341 346,3263 298,3266 296,3266 293,3266 293,3268 278,3281 249,3314 170,3314 172,3345"/>
        <Baseline points="172,3345 353,3341"/>
        <TextEquiv conf="0.9993502050638199">
          <Unicode>„ 8.</Unicode>
        </TextEquiv>
      </TextLine>
      <TextLine id="eSc_line_0f848a5b" custom="structure {type:default;}">
        <Coords points="691,3345 691,3372 2646,3376 2651,3341 2646,3308 746,3301 744,3301 689,3312 691,3345"/>
        <Baseline points="691,3345 2651,3341"/>
        <TextEquiv conf="0.9997663025198311">
          <Unicode>12221 (8213) Monasterii Bellilocensis protectionem suscipit, possessionesque confirmat,</Unicode>
        </TextEquiv>
      </TextLine>
      <TextLine id="eSc_line_26befa6f" custom="structure {type:default;}">
        <Coords points="468,3361 468,3376 570,3372 570,3356 563,3319 466,3325 468,3361"/>
        <Baseline points="468,3361 570,3356"/>
        <TextEquiv conf="0.9994248151779175">
          <Unicode>„</Unicode>
        </TextEquiv>
      </TextLine>
      <TextLine id="eSc_line_b4168b05" custom="structure {type:default;}">
        <Coords points="742,3400 742,3436 2653,3427 2653,3400 2653,3369 742,3367 742,3400"/>
        <Baseline points="742,3400 2653,3400"/>
        <TextEquiv conf="0.9987707011401653">
          <Unicode>petente Giraldo abbate. Gall. Chr. ed. 1. T. IV. 152, Migne 200 p. 911. — „Reli-</Unicode>
        </TextEquiv>
      </TextLine>
      <TextLine id="eSc_line_22bc946e" custom="structure {type:default;}">
        <Coords points="744,3456 744,3484 1354,3484 1354,3456 1352,3425 744,3425 744,3456"/>
        <Baseline points="744,3456 1354,3456"/>
        <TextEquiv conf="0.9999999679051913">
          <Unicode>giosam vitam eligentibus“.</Unicode>
        </TextEquiv>
      </TextLine>
      <TextLine id="eSc_line_29c7ff4b" custom="structure {type:default;}">
        <Coords points="181,3511 181,3542 373,3539 375,3509 371,3473 260,3464 258,3464 178,3475 181,3511"/>
        <Baseline points="181,3511 375,3509"/>
        <TextEquiv conf="0.999706768989563">
          <Unicode>„ 12.</Unicode>
        </TextEquiv>
      </TextLine>
      <TextLine id="eSc_line_e17b7e2d" custom="structure {type:default;}">
        <Coords points="687,3511 687,3553 994,3555 1089,3575 1091,3575 1173,3562 1347,3570 1349,3570 1352,3570 1354,3570 1376,3555 1539,3573 1542,3573 1646,3559 1676,3570 1679,3570 1681,3570 1683,3570 1685,3570 1714,3551 1716,3551 1743,3570 1745,3570 1747,3570 1749,3570 1842,3559 1860,3570 1862,3570 1864,3570 1866,3570 1955,3559 2103,3570 2105,3570 2107,3570 2158,3551 2165,3548 2249,3548 2255,3551 2284,3568 2286,3568 2288,3568 2291,3568 2293,3568 2328,3551 2333,3548 2388,3548 2401,3551 2509,3568 2512,3568 2514,3568 2545,3553 2604,3562 2607,3562 2609,3562 2653,3548 2653,3502 2649,3471 1182,3464 1179,3464 1177,3464 1153,3475 733,3467 731,3467 729,3467 684,3478 687,3511"/>
        <Baseline points="687,3511 2653,3502"/>
        <TextEquiv conf="0.9896964304976993">
          <Unicode>12323 Universis praclatis provinciae Saleburgeneis praecipit, ut (Adelberto) archiepiscopo</Unicode>
        </TextEquiv>
      </TextLine>
      <TextLine id="eSc_line_f7a5fbf9" custom="structure {type:default;}">
        <Coords points="483,3515 483,3535 547,3537 550,3513 541,3458 481,3475 483,3515"/>
        <Baseline points="483,3515 550,3513"/>
        <TextEquiv conf="0.9771373867988586">
          <Unicode>„</Unicode>
        </TextEquiv>
      </TextLine>
      <TextLine id="eSc_line_8be417f4" custom="structure {type:default;}">
        <Coords points="176,3555 174,3597 225,3617 227,3617 229,3617 231,3617 269,3601 315,3621 318,3621 320,3623 410,3623 410,3621 413,3621 415,3621 444,3599 536,3623 539,3623 541,3623 746,3601 748,3564 748,3535 729,3524 726,3524 724,3524 722,3524 598,3533 570,3520 567,3520 565,3520 503,3531 441,3515 439,3515 437,3515 371,3528 176,3528 176,3555"/>
        <Baseline points="176,3555 748,3564"/>
        <TextEquiv conf="0.8837975417745525">
          <Unicode>Regata Sont Ronan. Bd ees. I.</Unicode>
        </TextEquiv>
      </TextLine>
      <TextLine id="eSc_line_32d25004" custom="structure {type:default;}">
        <Coords points="2313,3573 2315,3619 2383,3615 2383,3568 2377,3535 2311,3537 2313,3573"/>
        <Baseline points="2313,3573 2383,3568"/>
        <TextEquiv conf="0.9999986290931702">
          <Unicode>34</Unicode>
        </TextEquiv>
      </TextLine>
    </TextRegion>
    <TextRegion id="eSc_textblock_622d36c3"  custom="structure {type:default;}">
      <Coords points="912,159 1789,159 1842,167 1851,253 972,271 883,253 883,167 912,159"/>
      <TextLine id="eSc_line_863a5a30" custom="structure {type:default;}">
        <Coords points="901,236 901,256 1820,260 1824,229 1820,183 1716,170 1714,170 1712,170 1710,170 1710,172 1699,183 1626,183 1595,165 1592,165 1515,163 1513,163 1511,163 1509,163 1509,165 1493,183 1455,183 1325,165 1323,165 1321,165 1319,165 1319,167 1299,183 1018,167 1016,167 899,187 901,236"/>
        <Baseline points="901,236 1824,229"/>
        <TextEquiv conf="0.9999650049209595">
          <Unicode>ALEXANDER III. 1159—1181.</Unicode>
        </TextEquiv>
      </TextLine>
    </TextRegion>
    <TextRegion id="eSc_textblock_dc9fc5b6"  custom="structure {type:default;}">
      <Coords points="2518,167 2671,176 2688,218 2644,262 2505,262 2487,194 2518,167"/>
      <TextLine id="eSc_line_605ac636" custom="structure {type:default;}">
        <Coords points="2618,172 2596,172 2582,170 2507,174 2509,229 2509,260 2565,271 2567,271 2569,271 2633,253 2633,225 2626,172 2618,172"/>
        <Baseline points="2509,229 2633,225"/>
        <TextEquiv conf="1.0">
          <Unicode>265</Unicode>
        </TextEquiv>
      </TextLine>
    </TextRegion>
  </Page>
</PcGts>
