<?xml version="1.0" encoding="UTF-8"  standalone="yes"?>
<PcGts xmlns="http://schema.primaresearch.org/PAGE/gts/pagecontent/2019-07-15" xmlns:xsi="http://www.w3.org/2001/XMLSchema-instance" xsi:schemaLocation="http://schema.primaresearch.org/PAGE/gts/pagecontent/2019-07-15 http://schema.primaresearch.org/PAGE/gts/pagecontent/2019-07-15/pagecontent.xsd">
  <Metadata>
	<Creator>escriptorium</Creator>
	<Created>2024-07-19T10:10:15.490873+00:00</Created>
        <LastChange>2024-08-08T08:37:58.731384+00:00</LastChange>
  </Metadata>
  <Page imageFilename="0282.png" imageWidth="3007" imageHeight="3975">
    <TextRegion id="eSc_textblock_6c46faab"  custom="structure {type:default;}">
      <Coords points="861,309 2680,318 2671,3522 733,3548 634,3504 406,3513 371,3504 360,2983 333,3504 123,3504 79,2965 79,1413 114,1199 79,1048 88,468 141,326 342,326 360,459 380,318 625,326 634,362 662,318 861,309"/>
      <TextLine id="eSc_line_3846fea3" custom="structure {type:default;}">
        <Coords points="839,309 837,309 797,329 795,329 788,329 720,313 709,313 693,313 656,324 642,342 645,375 645,395 974,393 974,371 969,329 841,309 839,309"/>
        <Baseline points="645,375 974,371"/>
        <TextEquiv conf="0.9967780768871307">
          <Unicode>1173—1174.</Unicode>
        </TextEquiv>
      </TextLine>
      <TextLine id="eSc_line_8053a2aa" custom="structure {type:default;}">
        <Coords points="724,437 724,463 1312,459 1321,461 1358,470 1360,470 1363,470 1665,459 1725,457 1741,457 1816,468 1818,468 1820,468 1851,457 1864,468 1866,468 1869,468 1871,470 1981,470 1981,468 2392,454 2410,465 2412,465 2414,465 2417,468 2624,468 2624,465 2626,465 2629,465 2644,452 2644,430 2642,388 2602,368 2600,368 2514,368 2512,368 2509,368 2474,388 2249,388 2229,375 2227,375 2224,375 2222,375 2001,388 1959,375 1957,375 1955,375 1829,388 1738,373 1736,373 1634,384 1615,371 1612,371 1610,371 1451,371 1449,371 1376,382 1363,373 1360,373 1358,373 1356,373 1354,373 1303,390 1301,393 1254,393 1252,390 1228,373 1226,373 1224,373 1117,373 1115,373 1113,373 1051,390 1051,393 861,393 861,390 788,377 786,377 722,390 724,437"/>
        <Baseline points="724,437 2644,430"/>
        <TextEquiv conf="0.9924011719532502">
          <Unicode>latam observari iubeat. Martene Coll. II. 964, Migne 200 p. 935. — „Significa.</Unicode>
        </TextEquiv>
      </TextLine>
      <TextLine id="eSc_line_1e3860ac" custom="structure {type:default;}">
        <Coords points="726,490 726,507 965,518 967,518 1219,503 1221,485 1215,454 724,454 726,490"/>
        <Baseline points="726,490 1221,485"/>
        <TextEquiv conf="0.9999594471671365">
          <Unicode>verunt nobis dilecti“.</Unicode>
        </TextEquiv>
      </TextLine>
      <TextLine id="eSc_line_03dec826" custom="structure {type:default;}">
        <Coords points="123,547 123,578 335,571 335,547 335,459 123,459 123,547"/>
        <Baseline points="123,547 335,547"/>
        <TextEquiv conf="0.9957420825958252">
          <Unicode>Apr. 14.</Unicode>
        </TextEquiv>
      </TextLine>
      <TextLine id="eSc_line_9afc0fc1" custom="structure {type:default;}">
        <Coords points="380,578 410,578 448,605 450,605 452,605 455,605 497,602 499,602 501,602 534,576 545,585 547,585 550,585 552,585 554,585 609,569 609,541 605,452 558,443 556,443 530,450 497,457 475,448 463,443 461,443 459,443 457,443 448,448 417,459 377,446 380,547 380,578"/>
        <Baseline points="380,547 609,541"/>
        <TextEquiv conf="0.9452778398990631">
          <Unicode>Aaaenae.</Unicode>
        </TextEquiv>
      </TextLine>
      <TextLine id="eSc_line_e1e05f78" custom="structure {type:default;}">
        <Coords points="671,545 671,567 2642,563 2644,538 2640,505 2174,494 2171,494 669,507 671,545"/>
        <Baseline points="671,545 2644,538"/>
        <TextEquiv conf="0.9989677383456119">
          <Unicode>12264 (8238) Henrico, archiepiscopo Remensi, de praebenda ecclesiae S. Petri Duacensis</Unicode>
        </TextEquiv>
      </TextLine>
      <TextLine id="eSc_line_d3196ab1" custom="structure {type:default;}">
        <Coords points="731,596 731,624 2644,624 2644,596 2644,567 731,565 731,596"/>
        <Baseline points="731,596 2644,596"/>
        <TextEquiv conf="0.9924822413777731">
          <Unicode>Walchero clerico, litterarum latori, tribuenda mandat. Martene Coll. II. 964, Migne</Unicode>
        </TextEquiv>
      </TextLine>
      <TextLine id="eSc_line_be54f23d" custom="structure {type:default;}">
        <Coords points="726,651 726,675 737,684 740,684 742,684 744,686 1007,686 1007,684 1009,684 1011,684 1011,682 1022,673 1612,684 1615,684 1716,671 1716,651 1716,622 726,622 726,651"/>
        <Baseline points="726,651 1716,651"/>
        <TextEquiv conf="0.9938580349087716">
          <Unicode>200 p. 935. — „Veniens ad nos dilectus“.</Unicode>
        </TextEquiv>
      </TextLine>
      <TextLine id="eSc_line_a76f170e" custom="structure {type:default;}">
        <Coords points="152,715 152,753 181,768 183,768 185,768 187,768 190,768 212,753 269,768 271,768 273,768 276,768 340,748 340,715 340,673 152,669 152,715"/>
        <Baseline points="152,715 340,715"/>
        <TextEquiv conf="0.9979277729988099">
          <Unicode>„ 14.</Unicode>
        </TextEquiv>
      </TextLine>
      <TextLine id="eSc_line_bcbeb254" custom="structure {type:default;}">
        <Coords points="461,722 459,757 503,766 505,766 508,766 543,753 545,726 547,677 523,664 521,664 519,664 463,671 461,722"/>
        <Baseline points="461,722 545,726"/>
        <TextEquiv conf="1.0">
          <Unicode>„</Unicode>
        </TextEquiv>
      </TextLine>
      <TextLine id="eSc_line_ea27a1ee" custom="structure {type:default;}">
        <Coords points="678,708 678,735 2642,735 2644,704 2640,673 676,671 678,708"/>
        <Baseline points="678,708 2644,704"/>
        <TextEquiv conf="0.999771930095626">
          <Unicode>12265 (8239) Henrico, archiepiscopo Remensi, mandat, ut „a leprosis Sparnacensibus</Unicode>
        </TextEquiv>
      </TextLine>
      <TextLine id="eSc_line_32332e02" custom="structure {type:default;}">
        <Coords points="724,764 724,788 2638,779 2640,755 2633,728 722,735 724,764"/>
        <Baseline points="724,764 2640,755"/>
        <TextEquiv conf="0.9943435192108154">
          <Unicode>decimas de novalibus suis, quae propriis sumtibus excolant, sive de nutrimentis ani-</Unicode>
        </TextEquiv>
      </TextLine>
      <TextLine id="eSc_line_85d65e2c" custom="structure {type:default;}">
        <Coords points="724,817 724,843 2633,839 2635,812 2631,781 722,781 724,817"/>
        <Baseline points="724,817 2635,812"/>
        <TextEquiv conf="0.9997454371797033">
          <Unicode>malium suorum per canonicos Sparnacenses exigi vel extorqueri nullatenus patiatur“.</Unicode>
        </TextEquiv>
      </TextLine>
      <TextLine id="eSc_line_e0b1c3ce" custom="structure {type:default;}">
        <Coords points="726,872 726,894 2328,898 2330,872 2330,843 726,832 726,872"/>
        <Baseline points="726,872 2330,872"/>
        <TextEquiv conf="0.9897637293888972">
          <Unicode>Martene Coll. II. 965, Migne 200 p. 936. — „Querelam leprosorum“.</Unicode>
        </TextEquiv>
      </TextLine>
      <TextLine id="eSc_line_ba157d4e" custom="structure {type:default;}">
        <Coords points="152,936 152,958 333,951 333,929 326,881 150,892 152,936"/>
        <Baseline points="152,936 333,929"/>
        <TextEquiv conf="0.9072392582893372">
          <Unicode>„ 17.</Unicode>
        </TextEquiv>
      </TextLine>
      <TextLine id="eSc_line_17d54145" custom="structure {type:default;}">
        <Coords points="468,938 466,960 534,969 539,942 539,889 470,885 468,938"/>
        <Baseline points="468,938 539,942"/>
        <TextEquiv conf="1.0">
          <Unicode>„</Unicode>
        </TextEquiv>
      </TextLine>
      <TextLine id="eSc_line_f3c1fb7f" custom="structure {type:default;}">
        <Coords points="680,929 680,956 2642,956 2642,929 2642,896 680,887 680,929"/>
        <Baseline points="680,929 2642,929"/>
        <TextEquiv conf="0.9990508380608681">
          <Unicode>12266 (8240) Henrico, archiepiscopo Remensi, Milonem, nuncium eius, commendat.</Unicode>
        </TextEquiv>
      </TextLine>
      <TextLine id="eSc_line_3ece0cd1" custom="structure {type:default;}">
        <Coords points="726,987 726,1013 2348,1000 2350,980 2346,947 1847,936 1844,936 1842,936 1805,947 1802,947 1771,947 1268,938 1265,938 1263,938 1261,938 1248,949 1246,951 724,951 726,987"/>
        <Baseline points="726,987 2350,980"/>
        <TextEquiv conf="0.9973849832122006">
          <Unicode>Martene Coll. II. 966, Migne 200 p. 937. — „Tantam sollicitudinem“.</Unicode>
        </TextEquiv>
      </TextLine>
      <TextLine id="eSc_line_372e4997" custom="structure {type:default;}">
        <Coords points="154,1044 154,1071 333,1062 335,1040 329,993 152,1002 154,1044"/>
        <Baseline points="154,1044 335,1040"/>
        <TextEquiv conf="0.9977597832679749">
          <Unicode>„ 17.</Unicode>
        </TextEquiv>
      </TextLine>
      <TextLine id="eSc_line_f08bbc7f" custom="structure {type:default;}">
        <Coords points="463,1068 543,1064 545,1051 536,995 486,1009 461,1000 463,1055 463,1068"/>
        <Baseline points="463,1055 545,1051"/>
        <TextEquiv conf="1.0">
          <Unicode>„</Unicode>
        </TextEquiv>
      </TextLine>
      <TextLine id="eSc_line_8d55a281" custom="structure {type:default;}">
        <Coords points="676,1040 676,1064 2642,1055 2644,1031 2640,998 673,998 676,1040"/>
        <Baseline points="676,1040 2644,1031"/>
        <TextEquiv conf="0.9936326979154564">
          <Unicode>12267 (8241) Henrico, archiepiscopo Remensi, mandat, ut An. de Loesi, donec R. sub-</Unicode>
        </TextEquiv>
      </TextLine>
      <TextLine id="eSc_line_512c34b1" custom="structure {type:default;}">
        <Coords points="724,1093 724,1115 2642,1117 2644,1093 2644,1062 724,1055 724,1093"/>
        <Baseline points="724,1093 2644,1093"/>
        <TextEquiv conf="0.9974390752175275">
          <Unicode>diacono a quo carceri tradito pecuniam extorsisset, de illatis iniuriis satisfecerit,</Unicode>
        </TextEquiv>
      </TextLine>
      <TextLine id="eSc_line_44271bcc" custom="structure {type:default;}">
        <Coords points="726,1148 726,1174 2631,1170 2633,1141 2629,1113 724,1110 726,1148"/>
        <Baseline points="726,1148 2633,1141"/>
        <TextEquiv conf="0.9938022216161092">
          <Unicode>haberi pro excommunicato iubeat. Martene Coll. II. 966, Migne 200 p. 937. —</Unicode>
        </TextEquiv>
      </TextLine>
      <TextLine id="eSc_line_01c94dc2" custom="structure {type:default;}">
        <Coords points="729,1203 729,1230 1217,1232 1219,1232 1221,1232 1259,1219 1259,1196 1252,1168 726,1170 729,1203"/>
        <Baseline points="729,1203 1259,1196"/>
        <TextEquiv conf="0.9999651253223419">
          <Unicode>„Gravem querelam R.“</Unicode>
        </TextEquiv>
      </TextLine>
      <TextLine id="eSc_line_30b73738" custom="structure {type:default;}">
        <Coords points="154,1263 156,1302 209,1289 243,1300 249,1302 251,1302 254,1302 256,1302 267,1300 309,1289 333,1298 338,1263 338,1216 154,1212 154,1263"/>
        <Baseline points="154,1263 338,1263"/>
        <TextEquiv conf="0.9985856652259827">
          <Unicode>„ 18.</Unicode>
        </TextEquiv>
      </TextLine>
      <TextLine id="eSc_line_1859e640" custom="structure {type:default;}">
        <Coords points="468,1274 468,1347 534,1338 534,1274 534,1223 468,1223 468,1274"/>
        <Baseline points="468,1274 534,1274"/>
        <TextEquiv conf="1.0">
          <Unicode>„</Unicode>
        </TextEquiv>
      </TextLine>
      <TextLine id="eSc_line_3eb5723e" custom="structure {type:default;}">
        <Coords points="678,1258 678,1285 2642,1283 2644,1249 2638,1219 676,1221 678,1258"/>
        <Baseline points="678,1258 2644,1249"/>
        <TextEquiv conf="0.9988310660844968">
          <Unicode>12268 (8242) Henrico, archiepiscopo Remensi, mandat, compellat G. presbyterum, ut</Unicode>
        </TextEquiv>
      </TextLine>
      <TextLine id="eSc_line_1c9f602f" custom="structure {type:default;}">
        <Coords points="729,1316 729,1347 2642,1336 2644,1305 2638,1276 726,1285 729,1316"/>
        <Baseline points="729,1316 2644,1305"/>
        <TextEquiv conf="0.9948322679623064">
          <Unicode>A. presbytero ablatam paroeciam de Nisi restituat. Martene Coll. II. 967, Migne 200</Unicode>
        </TextEquiv>
      </TextLine>
      <TextLine id="eSc_line_26c3a5ea" custom="structure {type:default;}">
        <Coords points="726,1369 726,1391 1528,1397 1531,1397 1533,1397 1588,1382 1588,1362 1581,1333 724,1333 726,1369"/>
        <Baseline points="726,1369 1588,1362"/>
        <TextEquiv conf="0.999938302380698">
          <Unicode>p. 938. — „Querelam A. presbyteri“.</Unicode>
        </TextEquiv>
      </TextLine>
      <TextLine id="eSc_line_5c8977f1" custom="structure {type:default;}">
        <Coords points="154,1428 154,1453 333,1448 333,1422 329,1389 276,1375 273,1375 271,1375 243,1386 231,1391 152,1386 154,1428"/>
        <Baseline points="154,1428 333,1422"/>
        <TextEquiv conf="0.999963915348053">
          <Unicode>„ 19.</Unicode>
        </TextEquiv>
      </TextLine>
      <TextLine id="eSc_line_1f112ef1" custom="structure {type:default;}">
        <Coords points="468,1439 468,1459 543,1455 543,1439 541,1380 468,1382 468,1439"/>
        <Baseline points="468,1439 543,1439"/>
        <TextEquiv conf="1.0">
          <Unicode>„</Unicode>
        </TextEquiv>
      </TextLine>
      <TextLine id="eSc_line_cc49e595" custom="structure {type:default;}">
        <Coords points="680,1424 680,1448 2642,1442 2644,1417 2640,1386 678,1382 680,1424"/>
        <Baseline points="680,1424 2644,1417"/>
        <TextEquiv conf="0.9959781228760143">
          <Unicode>12269 (8243) Henrico, archiepiscopo Remensi, mandat, cogat Matthaeum, civem Cata-</Unicode>
        </TextEquiv>
      </TextLine>
      <TextLine id="eSc_line_fdffc60e" custom="structure {type:default;}">
        <Coords points="726,1479 726,1508 2644,1506 2644,1479 2644,1446 726,1444 726,1479"/>
        <Baseline points="726,1479 2644,1479"/>
        <TextEquiv conf="0.9915306211971655">
          <Unicode>launensem, ut Evrardo presbytero ablatam plateam restituat. Martene Coll. II. 968,</Unicode>
        </TextEquiv>
      </TextLine>
      <TextLine id="eSc_line_94726814" custom="structure {type:default;}">
        <Coords points="724,1534 724,1556 1732,1550 1734,1530 1729,1501 722,1501 724,1534"/>
        <Baseline points="724,1534 1734,1530"/>
        <TextEquiv conf="0.9992940059074988">
          <Unicode>Migne 200 p. 938. — „Querelam Evrardi“.</Unicode>
        </TextEquiv>
      </TextLine>
      <TextLine id="eSc_line_5c087d66" custom="structure {type:default;}">
        <Coords points="156,1592 159,1625 216,1609 254,1620 260,1623 262,1623 265,1623 335,1616 338,1585 331,1521 154,1541 156,1592"/>
        <Baseline points="156,1592 338,1585"/>
        <TextEquiv conf="0.9999996185302734">
          <Unicode>„ 19.</Unicode>
        </TextEquiv>
      </TextLine>
      <TextLine id="eSc_line_147918a0" custom="structure {type:default;}">
        <Coords points="463,1605 463,1678 545,1680 547,1605 545,1519 463,1523 463,1605"/>
        <Baseline points="463,1605 547,1605"/>
        <TextEquiv conf="0.999997615814209">
          <Unicode>„</Unicode>
        </TextEquiv>
      </TextLine>
      <TextLine id="eSc_line_c02ab3f6" custom="structure {type:default;}">
        <Coords points="676,1590 676,1614 2640,1618 2644,1585 2638,1541 673,1545 676,1590"/>
        <Baseline points="676,1590 2644,1585"/>
        <TextEquiv conf="0.9974933967870825">
          <Unicode>12270 (8244) Henrico, archiepiscopo Remensi, significat, se „nobili viro, Ph(ilippo),</Unicode>
        </TextEquiv>
      </TextLine>
      <TextLine id="eSc_line_35a2fea3" custom="structure {type:default;}">
        <Coords points="724,1643 724,1667 2638,1669 2642,1636 2638,1609 2043,1598 2041,1598 1977,1609 1972,1609 1942,1609 1378,1601 1376,1601 1374,1601 1372,1601 1358,1612 1356,1614 722,1614 724,1643"/>
        <Baseline points="724,1643 2642,1636"/>
        <TextEquiv conf="0.9944186565242236">
          <Unicode>comiti Flandrensi, nullam immunitatem contra ius et dignitatem eius indulsisse,</Unicode>
        </TextEquiv>
      </TextLine>
      <TextLine id="eSc_line_af3b5400" custom="structure {type:default;}">
        <Coords points="726,1700 726,1726 2642,1731 2644,1700 2644,1667 726,1667 726,1700"/>
        <Baseline points="726,1700 2644,1700"/>
        <TextEquiv conf="0.993301795352073">
          <Unicode>neque illum a potestate eius exemisse“. Martene Coll. II. 968, Bouquet Rec. XV. 932,</Unicode>
        </TextEquiv>
      </TextLine>
      <TextLine id="eSc_line_b40a18ce" custom="structure {type:default;}">
        <Coords points="726,1753 726,1773 1140,1784 1142,1784 1144,1784 1168,1773 1170,1773 1387,1782 1389,1782 1391,1782 1414,1771 1416,1771 1431,1771 1612,1782 1615,1782 1617,1782 1657,1771 1692,1782 1694,1782 1696,1782 1699,1782 1745,1768 1745,1749 1741,1715 724,1713 726,1753"/>
        <Baseline points="726,1753 1745,1749"/>
        <TextEquiv conf="0.9954497992992402">
          <Unicode>Migne 200 p. 938. — „Cum devotionis et“.</Unicode>
        </TextEquiv>
      </TextLine>
      <TextLine id="eSc_line_83bc5434" custom="structure {type:default;}">
        <Coords points="159,1810 159,1846 338,1846 338,1810 338,1768 267,1757 265,1757 262,1757 260,1757 260,1760 249,1768 249,1771 159,1771 159,1810"/>
        <Baseline points="159,1810 338,1810"/>
        <TextEquiv conf="0.9999999523162841">
          <Unicode>„ 20.</Unicode>
        </TextEquiv>
      </TextLine>
      <TextLine id="eSc_line_6cc38851" custom="structure {type:default;}">
        <Coords points="466,1843 501,1857 503,1857 505,1857 508,1857 550,1839 550,1824 547,1790 463,1766 466,1828 466,1843"/>
        <Baseline points="466,1828 550,1824"/>
        <TextEquiv conf="1.0">
          <Unicode>„</Unicode>
        </TextEquiv>
      </TextLine>
      <TextLine id="eSc_line_6ddacfd8" custom="structure {type:default;}">
        <Coords points="678,1808 678,1835 2642,1828 2644,1802 2638,1771 676,1773 678,1808"/>
        <Baseline points="678,1808 2644,1802"/>
        <TextEquiv conf="0.9988366328639748">
          <Unicode>12271 (8245) Henrico, archiepiscopo Remensi, mandat, ut fratrum Humolariensium et</Unicode>
        </TextEquiv>
      </TextLine>
      <TextLine id="eSc_line_3d6e46ce" custom="structure {type:default;}">
        <Coords points="731,1863 731,1888 2640,1892 2644,1859 2638,1828 729,1830 731,1863"/>
        <Baseline points="731,1863 2644,1859"/>
        <TextEquiv conf="0.99993952191793">
          <Unicode>T. de Nigella controversiam super modio salis agitatam decernat. Martene Coll.</Unicode>
        </TextEquiv>
      </TextLine>
      <TextLine id="eSc_line_1d56af64" custom="structure {type:default;}">
        <Coords points="726,1919 726,1938 1864,1941 1866,1919 1866,1888 726,1888 726,1919"/>
        <Baseline points="726,1919 1866,1919"/>
        <TextEquiv conf="0.9739154953023662">
          <Unicode>II. 970, Migne 200 p. 939. — „Iam pridem, si“.</Unicode>
        </TextEquiv>
      </TextLine>
      <TextLine id="eSc_line_90f0cd80" custom="structure {type:default;}">
        <Coords points="156,1978 156,2000 247,1994 260,1996 320,2005 322,2005 324,2005 326,2005 340,1991 340,1974 335,1914 154,1912 156,1978"/>
        <Baseline points="156,1978 340,1974"/>
        <TextEquiv conf="0.9980947613716126">
          <Unicode>„ 21.</Unicode>
        </TextEquiv>
      </TextLine>
      <TextLine id="eSc_line_209b913a" custom="structure {type:default;}">
        <Coords points="461,1987 459,2002 550,2007 554,1991 554,1932 463,1927 461,1987"/>
        <Baseline points="461,1987 554,1991"/>
        <TextEquiv conf="1.0">
          <Unicode>„</Unicode>
        </TextEquiv>
      </TextLine>
      <TextLine id="eSc_line_e1c8ab25" custom="structure {type:default;}">
        <Coords points="680,1978 680,2002 2640,2002 2642,1972 2638,1936 678,1932 680,1978"/>
        <Baseline points="680,1978 2642,1972"/>
        <TextEquiv conf="0.9984245432747735">
          <Unicode>12272 (8246) Henrico, archiepiscopo Remensi, mandat, compellat abbatem Dervensem,</Unicode>
        </TextEquiv>
      </TextLine>
      <TextLine id="eSc_line_ae2c7f2b" custom="structure {type:default;}">
        <Coords points="726,2027 726,2060 2001,2060 2001,2058 2012,2058 2105,2047 2638,2055 2642,2020 2638,1991 724,1989 726,2027"/>
        <Baseline points="726,2027 2642,2020"/>
        <TextEquiv conf="0.994670020628579">
          <Unicode>ut Ric. et Arn. mercatoribus Flandrensibus marcas argenti 30 restituat. Martene</Unicode>
        </TextEquiv>
      </TextLine>
      <TextLine id="eSc_line_b446ee24" custom="structure {type:default;}">
        <Coords points="724,2082 724,2106 2182,2102 2182,2082 2182,2051 724,2051 724,2082"/>
        <Baseline points="724,2082 2182,2082"/>
        <TextEquiv conf="0.9933592100297252">
          <Unicode>Coll. II. 970, Migne 200 p. 939. — „Constituti in praesentia“.</Unicode>
        </TextEquiv>
      </TextLine>
      <TextLine id="eSc_line_78f7efea" custom="structure {type:default;}">
        <Coords points="159,2139 159,2164 203,2170 205,2170 207,2170 234,2161 245,2157 249,2159 265,2170 267,2170 269,2170 271,2170 338,2155 338,2139 335,2080 238,2100 159,2095 159,2139"/>
        <Baseline points="159,2139 338,2139"/>
        <TextEquiv conf="0.9661149740219116">
          <Unicode>„ 28.</Unicode>
        </TextEquiv>
      </TextLine>
      <TextLine id="eSc_line_7dfde0e3" custom="structure {type:default;}">
        <Coords points="463,2157 463,2232 554,2230 554,2157 554,2089 463,2075 463,2157"/>
        <Baseline points="463,2157 554,2157"/>
        <TextEquiv conf="1.0">
          <Unicode>„</Unicode>
        </TextEquiv>
      </TextLine>
      <TextLine id="eSc_line_4ff061df" custom="structure {type:default;}">
        <Coords points="680,2139 680,2164 2642,2159 2644,2133 2638,2095 678,2102 680,2139"/>
        <Baseline points="680,2139 2644,2133"/>
        <TextEquiv conf="0.9958342122442928">
          <Unicode>12273 (8247) Henrico, archiepiscopo Remensi, mandat, ut monachorum Compendiensium</Unicode>
        </TextEquiv>
      </TextLine>
      <TextLine id="eSc_line_249c2efc" custom="structure {type:default;}">
        <Coords points="731,2190 731,2226 2642,2214 2644,2186 2638,2159 729,2161 731,2190"/>
        <Baseline points="731,2190 2644,2186"/>
        <TextEquiv conf="0.9999974980586912">
          <Unicode>possessiones quasdam et privilegia contra canonicos ipsius ecclesiae tueatur. Mar-</Unicode>
        </TextEquiv>
      </TextLine>
      <TextLine id="eSc_line_43e0bd7d" custom="structure {type:default;}">
        <Coords points="726,2248 726,2270 1473,2281 1475,2281 1478,2281 1506,2270 2138,2279 2140,2279 2224,2265 2227,2243 2222,2214 1520,2203 1517,2203 1515,2203 1471,2214 868,2206 866,2206 724,2217 726,2248"/>
        <Baseline points="726,2248 2227,2243"/>
        <TextEquiv conf="0.9976815320551395">
          <Unicode>tene Coll. II. 971, Migne 200 p. 940. — „Significantibus nobis“.</Unicode>
        </TextEquiv>
      </TextLine>
      <TextLine id="eSc_line_b9111c74" custom="structure {type:default;}">
        <Coords points="159,2307 159,2367 212,2367 212,2365 214,2365 216,2365 238,2349 262,2329 340,2325 342,2301 335,2254 156,2259 159,2307"/>
        <Baseline points="159,2307 342,2301"/>
        <TextEquiv conf="0.9942183136940003">
          <Unicode>„ 28.</Unicode>
        </TextEquiv>
      </TextLine>
      <TextLine id="eSc_line_6be58d3a" custom="structure {type:default;}">
        <Coords points="468,2323 470,2382 550,2385 550,2318 536,2237 517,2250 463,2248 468,2323"/>
        <Baseline points="468,2323 550,2318"/>
        <TextEquiv conf="0.9999961853027344">
          <Unicode>„</Unicode>
        </TextEquiv>
      </TextLine>
      <TextLine id="eSc_line_3830eaa8" custom="structure {type:default;}">
        <Coords points="680,2303 680,2329 2642,2325 2644,2298 2640,2261 693,2259 691,2259 689,2259 687,2259 678,2263 680,2303"/>
        <Baseline points="680,2303 2644,2298"/>
        <TextEquiv conf="0.9952663500097734">
          <Unicode>12274 (8248) Henricum, archiepiscopum Remensem, monachos Compendienses tutantem</Unicode>
        </TextEquiv>
      </TextLine>
      <TextLine id="eSc_line_42100b06" custom="structure {type:default;}">
        <Coords points="729,2356 729,2387 2644,2385 2644,2356 2644,2318 729,2318 729,2356"/>
        <Baseline points="729,2356 2644,2356"/>
        <TextEquiv conf="0.9996842705173257">
          <Unicode>laudat. Mandat, interdicat eiusdem ecclesiae canonicis, „ne de antiquo et communi</Unicode>
        </TextEquiv>
      </TextLine>
      <TextLine id="eSc_line_b931882b" custom="structure {type:default;}">
        <Coords points="729,2409 726,2431 2638,2433 2642,2413 2638,2371 729,2373 729,2409"/>
        <Baseline points="729,2409 2642,2413"/>
        <TextEquiv conf="0.9945709298638736">
          <Unicode>sigillo aliqua faciant scripta bullari, quae in detrimentum monasterii convertantur“.</Unicode>
        </TextEquiv>
      </TextLine>
      <TextLine id="eSc_line_b69e3de3" custom="structure {type:default;}">
        <Coords points="724,2464 724,2491 2600,2491 2602,2464 2600,2431 724,2429 724,2464"/>
        <Baseline points="724,2464 2602,2464"/>
        <TextEquiv conf="0.9944928526878357">
          <Unicode>Coll. II. 972, Bouquet Rec. XV. 933, Migne 200 p. 940. — „Dilecti filii nostri“.</Unicode>
        </TextEquiv>
      </TextLine>
      <TextLine id="eSc_line_0efdc27a" custom="structure {type:default;}">
        <Coords points="161,2528 163,2561 220,2544 338,2555 340,2521 335,2479 159,2479 161,2528"/>
        <Baseline points="161,2528 340,2521"/>
        <TextEquiv conf="0.9025322556495666">
          <Unicode>„ 28.</Unicode>
        </TextEquiv>
      </TextLine>
      <TextLine id="eSc_line_d5f0b493" custom="structure {type:default;}">
        <Coords points="461,2537 459,2550 505,2566 508,2566 510,2566 512,2566 514,2566 514,2563 525,2555 528,2552 552,2555 556,2541 554,2477 463,2479 461,2537"/>
        <Baseline points="461,2537 556,2541"/>
        <TextEquiv conf="1.0">
          <Unicode>„</Unicode>
        </TextEquiv>
      </TextLine>
      <TextLine id="eSc_line_21e6ced8" custom="structure {type:default;}">
        <Coords points="680,2524 680,2550 2642,2550 2644,2517 2638,2477 678,2484 680,2524"/>
        <Baseline points="680,2524 2644,2517"/>
        <TextEquiv conf="0.9961251725510853">
          <Unicode>12275 (8249) Henrico, archiepiscopo Remensi, mandat, ut compositionem a S. Remigii</Unicode>
        </TextEquiv>
      </TextLine>
      <TextLine id="eSc_line_3b21a952" custom="structure {type:default;}">
        <Coords points="724,2577 724,2601 2640,2597 2642,2572 2635,2544 722,2544 724,2577"/>
        <Baseline points="724,2577 2642,2572"/>
        <TextEquiv conf="0.9996538402103796">
          <Unicode>et S. Crispini abbatibus factam inter Compendienses et Thenolienses fratres obser-</Unicode>
        </TextEquiv>
      </TextLine>
      <TextLine id="eSc_line_4044302e" custom="structure {type:default;}">
        <Coords points="729,2632 729,2654 2638,2650 2640,2627 2635,2599 726,2594 729,2632"/>
        <Baseline points="729,2632 2640,2627"/>
        <TextEquiv conf="0.9976031314104031">
          <Unicode>vari iubeat. Martene Coll. II. 972, Migne 200 p. 941. — „Ex transmissa nobis“.</Unicode>
        </TextEquiv>
      </TextLine>
      <TextLine id="eSc_line_c7819cb8" custom="structure {type:default;}">
        <Coords points="159,2689 159,2714 333,2716 338,2685 333,2638 156,2638 159,2689"/>
        <Baseline points="159,2689 338,2685"/>
        <TextEquiv conf="0.9999080896377563">
          <Unicode>„ 28.</Unicode>
        </TextEquiv>
      </TextLine>
      <TextLine id="eSc_line_3b7238eb" custom="structure {type:default;}">
        <Coords points="461,2700 457,2762 550,2771 556,2705 558,2645 463,2641 461,2700"/>
        <Baseline points="461,2700 556,2705"/>
        <TextEquiv conf="1.0">
          <Unicode>„</Unicode>
        </TextEquiv>
      </TextLine>
      <TextLine id="eSc_line_cdc8fb4a" custom="structure {type:default;}">
        <Coords points="680,2687 680,2720 2640,2716 2642,2683 2638,2647 678,2647 680,2687"/>
        <Baseline points="680,2687 2642,2683"/>
        <TextEquiv conf="0.9910611764686864">
          <Unicode>12276 Universis clericis infra. terminos Compendienses commorantibus praecipit, ut</Unicode>
        </TextEquiv>
      </TextLine>
      <TextLine id="eSc_line_a666dba3" custom="structure {type:default;}">
        <Coords points="729,2742 729,2767 2640,2769 2644,2738 2640,2709 748,2700 746,2700 744,2700 742,2700 726,2707 729,2742"/>
        <Baseline points="729,2742 2644,2738"/>
        <TextEquiv conf="0.9943059363016268">
          <Unicode>(Ansoldo) abbati Compendiensi obediant et „de querelis ad ipsum perlatis, sub eius</Unicode>
        </TextEquiv>
      </TextLine>
      <TextLine id="eSc_line_0287c6ff" custom="structure {type:default;}">
        <Coords points="726,2795 726,2820 2640,2820 2642,2791 2638,2762 724,2762 726,2795"/>
        <Baseline points="726,2795 2642,2791"/>
        <TextEquiv conf="0.9999261597792307">
          <Unicode>examine ordine iudiciario experiantur“. Chartul. S. Cornel. Compend. LL. 1622.</Unicode>
        </TextEquiv>
      </TextLine>
      <TextLine id="eSc_line_8626a4a9" custom="structure {type:default;}">
        <Coords points="724,2846 724,2877 2642,2877 2644,2850 2642,2817 724,2813 724,2846"/>
        <Baseline points="724,2846 2644,2850"/>
        <TextEquiv conf="0.9908293319302935">
          <Unicode>s. XIII. f. 136 in tabular. nat. Paris., Coll. Moreau t. 70. f. 8 in bibl. nat. Paris.</Unicode>
        </TextEquiv>
      </TextLine>
      <TextLine id="eSc_line_6614292c" custom="structure {type:default;}">
        <Coords points="726,2903 726,2923 799,2923 802,2923 815,2937 817,2937 819,2937 821,2937 1084,2926 1208,2934 1210,2934 1212,2934 1235,2923 1252,2934 1254,2934 1257,2934 1259,2937 1396,2937 1396,2934 1398,2934 1449,2919 1449,2899 1442,2870 724,2873 726,2903"/>
        <Baseline points="726,2903 1449,2899"/>
        <TextEquiv conf="0.9981542527675629">
          <Unicode>— „Significavit nobis dilectus“.</Unicode>
        </TextEquiv>
      </TextLine>
      <TextLine id="eSc_line_e7770e12" custom="structure {type:default;}">
        <Coords points="159,2961 159,2987 333,2990 338,2956 331,2915 156,2917 159,2961"/>
        <Baseline points="159,2961 338,2956"/>
        <TextEquiv conf="0.9999944925308227">
          <Unicode>„ 30.</Unicode>
        </TextEquiv>
      </TextLine>
      <TextLine id="eSc_line_f45ab893" custom="structure {type:default;}">
        <Coords points="459,2972 457,2994 556,2992 558,2976 558,2919 461,2915 459,2972"/>
        <Baseline points="459,2972 558,2976"/>
        <TextEquiv conf="1.0">
          <Unicode>„</Unicode>
        </TextEquiv>
      </TextLine>
      <TextLine id="eSc_line_f63add4d" custom="structure {type:default;}">
        <Coords points="680,2961 680,2985 2642,2981 2644,2956 2638,2912 678,2921 680,2961"/>
        <Baseline points="680,2961 2644,2956"/>
        <TextEquiv conf="0.9986323269016771">
          <Unicode>12277 (8250) Henrico, archiepiscopo Remensi, mandat, hortetur (Bartholomaeum), epi-</Unicode>
        </TextEquiv>
      </TextLine>
      <TextLine id="eSc_line_4fd74575" custom="structure {type:default;}">
        <Coords points="731,3014 731,3040 2640,3034 2642,3007 2635,2981 729,2983 731,3014"/>
        <Baseline points="731,3014 2642,3007"/>
        <TextEquiv conf="0.9938150395949682">
          <Unicode>scopum Bellovacensem, ne canonicis ecclesiae S. Laurentii pistores, qui eorum molen-</Unicode>
        </TextEquiv>
      </TextLine>
      <TextLine id="eSc_line_cba544f6" custom="structure {type:default;}">
        <Coords points="729,3069 729,3093 2644,3093 2644,3069 2644,3040 729,3040 729,3069"/>
        <Baseline points="729,3069 2644,3069"/>
        <TextEquiv conf="0.9984031096100807">
          <Unicode>dinum frequentare solent, subtrahat, utque ecclesiam Franci Castelli ablatam eis</Unicode>
        </TextEquiv>
      </TextLine>
      <TextLine id="eSc_line_7d7f801d" custom="structure {type:default;}">
        <Coords points="729,3120 729,3149 2640,3149 2642,3124 2640,3093 729,3085 729,3120"/>
        <Baseline points="729,3120 2642,3124"/>
        <TextEquiv conf="0.9965728183826769">
          <Unicode>restituat. Martene Coll. II. 973, Migne 200 p. 941. — „Ex transmissa conquestione“.</Unicode>
        </TextEquiv>
      </TextLine>
      <TextLine id="eSc_line_e7b08c10" custom="structure {type:default;}">
        <Coords points="123,3177 123,3204 338,3215 340,3177 340,3129 123,3127 123,3177"/>
        <Baseline points="123,3177 340,3177"/>
        <TextEquiv conf="0.9622499857630048">
          <Unicode>Mai. 1.</Unicode>
        </TextEquiv>
      </TextLine>
      <TextLine id="eSc_line_ea4ca6d4" custom="structure {type:default;}">
        <Coords points="459,3195 459,3263 558,3255 558,3195 558,3080 459,3078 459,3195"/>
        <Baseline points="459,3195 558,3195"/>
        <TextEquiv conf="0.9999983310699463">
          <Unicode>„</Unicode>
        </TextEquiv>
      </TextLine>
      <TextLine id="eSc_line_0e541da8" custom="structure {type:default;}">
        <Coords points="680,3177 680,3204 2644,3204 2644,3177 2644,3149 680,3146 680,3177"/>
        <Baseline points="680,3177 2644,3177"/>
        <TextEquiv conf="0.9961789054114644">
          <Unicode>12278 (8251) Henrico, archiepiscopo Remensi, mandat, compellat magistrum G. Laudu-</Unicode>
        </TextEquiv>
      </TextLine>
      <TextLine id="eSc_line_53025cca" custom="structure {type:default;}">
        <Coords points="731,3228 729,3252 2640,3259 2644,3233 2642,3202 731,3197 731,3228"/>
        <Baseline points="731,3228 2644,3233"/>
        <TextEquiv conf="0.9998408107110012">
          <Unicode>nensem, ut Hu. mulieri de Suune libras 18 restituat. Martene Coll. II. 974, Migne</Unicode>
        </TextEquiv>
      </TextLine>
      <TextLine id="eSc_line_284ea491" custom="structure {type:default;}">
        <Coords points="731,3281 729,3308 1471,3308 1478,3308 1586,3319 1588,3319 1794,3305 1796,3288 1794,3255 731,3250 731,3281"/>
        <Baseline points="731,3281 1796,3288"/>
        <TextEquiv conf="0.9994135984154635">
          <Unicode>200 p. 942. — „Ex transmissa conquestione“.</Unicode>
        </TextEquiv>
      </TextLine>
      <TextLine id="eSc_line_1450f54e" custom="structure {type:default;}">
        <Coords points="262,3347 265,3422 340,3445 340,3343 333,3297 258,3299 262,3347"/>
        <Baseline points="262,3347 340,3343"/>
        <TextEquiv conf="0.9964615702629089">
          <Unicode>*.</Unicode>
        </TextEquiv>
      </TextLine>
      <TextLine id="eSc_line_8af6bb62" custom="structure {type:default;}">
        <Coords points="446,3358 450,3431 558,3425 556,3352 552,3301 441,3299 446,3358"/>
        <Baseline points="446,3358 556,3352"/>
        <TextEquiv conf="0.9998928308486938">
          <Unicode>„</Unicode>
        </TextEquiv>
      </TextLine>
      <TextLine id="eSc_line_7315b061" custom="structure {type:default;}">
        <Coords points="680,3345 680,3367 2644,3367 2644,3339 2638,3301 1573,3308 1566,3308 1526,3297 1524,3297 1522,3297 1444,3308 1438,3308 1433,3308 1354,3297 1352,3297 1349,3297 1325,3308 1323,3308 1175,3299 1173,3299 1170,3299 1131,3310 1129,3310 1113,3299 1111,3299 1109,3299 695,3299 693,3299 691,3299 689,3299 678,3305 680,3345"/>
        <Baseline points="680,3345 2644,3339"/>
        <TextEquiv conf="0.9966374698807211">
          <Unicode>12279 Abbati S. Remigii et decano Remensi mandat, ut infra viginti dies post litteras</Unicode>
        </TextEquiv>
      </TextLine>
      <TextLine id="eSc_line_ae5b2b74" custom="structure {type:default;}">
        <Coords points="729,3396 729,3422 2642,3422 2642,3396 2640,3363 729,3363 729,3396"/>
        <Baseline points="729,3396 2642,3396"/>
        <TextEquiv conf="0.9913087122142314">
          <Unicode>acceptas presbyteros ecclesiarum S. Iohannis, S. Iacobi et S. Nicolai Gandensium</Unicode>
        </TextEquiv>
      </TextLine>
      <TextLine id="eSc_line_f0c45a98" custom="structure {type:default;}">
        <Coords points="731,3447 729,3473 930,3486 932,3489 2638,3489 2640,3451 2638,3418 731,3411 731,3447"/>
        <Baseline points="731,3447 2640,3451"/>
        <TextEquiv conf="0.9982566988313353">
          <Unicode>moneant, ut omnium oblationum duas partes fratribus S. Petri reddant. Lokeren</Unicode>
        </TextEquiv>
      </TextLine>
      <TextLine id="eSc_line_a6e1aa51" custom="structure {type:default;}">
        <Coords points="726,3504 726,3562 757,3568 760,3568 762,3568 777,3564 815,3551 868,3564 877,3566 879,3566 881,3566 883,3566 885,3566 888,3564 905,3551 978,3566 1031,3575 1034,3575 1036,3575 1053,3566 1080,3551 1142,3562 1144,3562 1146,3562 1173,3551 1352,3551 1398,3568 1414,3575 1416,3575 1418,3575 1420,3575 1431,3570 1467,3551 1504,3551 1533,3570 1537,3575 1539,3575 1542,3575 1544,3577 1652,3577 1652,3575 1654,3575 1663,3573 1705,3557 1736,3573 1741,3575 1743,3575 1745,3575 1747,3575 1749,3575 1752,3573 1767,3559 1840,3557 1864,3573 1864,3575 1866,3575 1869,3575 1871,3577 1970,3577 1970,3575 1972,3575 1975,3575 1975,3573 1995,3557 2012,3573 2012,3575 2014,3575 2017,3575 2019,3577 2090,3577 2090,3504 2090,3475 726,3473 726,3504"/>
        <Baseline points="726,3504 2090,3504"/>
        <TextEquiv conf="0.9844307052461725">
          <Unicode>S. Pierre s. Gand p. 154. — „Ex transmissa conquestione“.</Unicode>
        </TextEquiv>
      </TextLine>
    </TextRegion>
    <TextRegion id="eSc_textblock_71c102aa"  custom="structure {type:default;}">
      <Coords points="912,150 1833,150 1860,159 1860,245 919,262 883,227 883,159 912,150"/>
      <TextLine id="eSc_line_5301899c" custom="structure {type:default;}">
        <Coords points="908,227 908,251 916,260 919,260 921,260 923,262 1109,262 1109,260 1111,260 1113,260 1124,249 1159,260 1162,260 1164,260 1243,247 1261,258 1263,258 1265,258 1268,258 1270,258 1272,258 1292,247 1520,258 1522,258 1524,258 1575,245 1597,256 1599,256 1601,256 1604,256 1606,256 1617,245 1639,256 1641,256 1643,256 1646,256 1670,245 1818,256 1820,256 1822,256 1824,256 1824,253 1827,253 1833,245 1833,220 1829,170 1721,156 1718,156 1601,167 1568,154 1566,154 1564,154 1562,154 1517,170 1321,159 1319,159 1316,159 1274,170 1212,156 1210,156 1133,159 1131,159 1129,159 1111,172 934,159 932,159 930,159 927,159 905,170 908,227"/>
        <Baseline points="908,227 1833,220"/>
        <TextEquiv conf="0.9993558549880981">
          <Unicode>ALEXANDER III. 1159—1181.</Unicode>
        </TextEquiv>
      </TextLine>
    </TextRegion>
    <TextRegion id="eSc_textblock_3305c3f3"  custom="structure {type:default;}">
      <Coords points="2545,150 2680,167 2680,236 2514,262 2487,167 2545,150"/>
      <TextLine id="eSc_line_51996e8d" custom="structure {type:default;}">
        <Coords points="2518,229 2518,256 2609,265 2611,265 2613,265 2642,247 2642,220 2635,172 2580,165 2578,165 2576,165 2512,181 2518,229"/>
        <Baseline points="2518,229 2642,220"/>
        <TextEquiv conf="1.0">
          <Unicode>269</Unicode>
        </TextEquiv>
      </TextLine>
    </TextRegion>
  </Page>
</PcGts>
