<?xml version="1.0" encoding="UTF-8"  standalone="yes"?>
<PcGts xmlns="http://schema.primaresearch.org/PAGE/gts/pagecontent/2019-07-15" xmlns:xsi="http://www.w3.org/2001/XMLSchema-instance" xsi:schemaLocation="http://schema.primaresearch.org/PAGE/gts/pagecontent/2019-07-15 http://schema.primaresearch.org/PAGE/gts/pagecontent/2019-07-15/pagecontent.xsd">
  <Metadata>
	<Creator>escriptorium</Creator>
	<Created>2024-07-19T10:10:24.198324+00:00</Created>
        <LastChange>2024-08-08T08:38:36.224620+00:00</LastChange>
  </Metadata>
  <Page imageFilename="0292.png" imageWidth="3007" imageHeight="3975">
    <TextRegion id="eSc_textblock_3f9530ba"  custom="structure {type:default;}">
      <Coords points="658,318 2688,326 2662,3115 2653,3522 2626,3557 653,3557 616,3513 353,3522 351,1472 324,3513 97,3504 79,415 123,335 324,326 360,406 380,326 607,326 634,353 658,318"/>
      <TextLine id="eSc_line_6dfed1b6" custom="structure {type:default;}">
        <Coords points="905,318 883,318 861,318 839,318 830,318 828,318 826,318 826,320 817,329 813,331 797,329 748,318 746,318 653,324 640,340 642,375 642,390 969,386 972,368 969,331 925,318 905,318"/>
        <Baseline points="642,375 972,368"/>
        <TextEquiv conf="0.9998377561569214">
          <Unicode>1159—1175.</Unicode>
        </TextEquiv>
      </TextLine>
      <TextLine id="eSc_line_46f454a4" custom="structure {type:default;}">
        <Coords points="114,439 114,468 196,481 198,481 201,481 249,465 296,479 298,479 300,479 302,479 338,461 338,435 331,377 112,390 114,439"/>
        <Baseline points="114,439 338,435"/>
        <TextEquiv conf="0.999971367418766">
          <Unicode>Dec. 11.</Unicode>
        </TextEquiv>
      </TextLine>
      <TextLine id="eSc_line_22c2a04e" custom="structure {type:default;}">
        <Coords points="373,437 373,463 488,474 490,474 609,459 609,432 603,375 435,386 433,386 397,375 395,375 393,375 391,375 388,375 371,384 373,437"/>
        <Baseline points="373,437 609,432"/>
        <TextEquiv conf="0.9998932480812073">
          <Unicode>Anagniae</Unicode>
        </TextEquiv>
      </TextLine>
      <TextLine id="eSc_line_4dbdfa90" custom="structure {type:default;}">
        <Coords points="671,437 671,465 2642,465 2642,437 2642,395 671,393 671,437"/>
        <Baseline points="671,437 2642,437"/>
        <TextEquiv conf="0.9974644205656397">
          <Unicode>12408 Galando abbati S. Auberti Cameracensi privilegium dat. Neues Archiv VII. 102.</Unicode>
        </TextEquiv>
      </TextLine>
      <TextLine id="eSc_line_0bee950d" custom="structure {type:default;}">
        <Coords points="724,492 724,516 1098,521 1100,492 1100,457 855,448 852,448 724,459 724,492"/>
        <Baseline points="724,492 1100,492"/>
        <TextEquiv conf="0.9979647199312845">
          <Unicode>— „Qui iustis“.</Unicode>
        </TextEquiv>
      </TextLine>
      <TextLine id="eSc_line_c40ca6fe" custom="structure {type:default;}">
        <Coords points="642,607 642,624 965,624 967,602 963,554 640,552 642,607"/>
        <Baseline points="642,607 967,602"/>
        <TextEquiv conf="0.9995289266109466">
          <Unicode>1161—1175.</Unicode>
        </TextEquiv>
      </TextLine>
      <TextLine id="eSc_line_fa2b9aec" custom="structure {type:default;}">
        <Coords points="97,686 97,722 335,717 335,686 333,613 97,624 97,686"/>
        <Baseline points="97,686 335,686"/>
        <TextEquiv conf="0.9914185166358948">
          <Unicode>Ans. Sept.</Unicode>
        </TextEquiv>
      </TextLine>
      <TextLine id="eSc_line_d20fa812" custom="structure {type:default;}">
        <Coords points="380,684 380,717 603,724 605,680 598,611 377,618 380,684"/>
        <Baseline points="380,684 605,680"/>
        <TextEquiv conf="0.9996452530225118">
          <Unicode>Ferentini</Unicode>
        </TextEquiv>
      </TextLine>
      <TextLine id="eSc_line_ec3a6de0" custom="structure {type:default;}">
        <Coords points="671,684 671,708 2640,702 2642,677 2638,627 713,616 711,616 709,616 669,631 671,684"/>
        <Baseline points="671,684 2642,677"/>
        <TextEquiv conf="0.9758620813142421">
          <Unicode>12409 S(yro) archiepiscopo et consulibus lanuensibus. („Dat. Xmrrr. id. Sept.“) paugt-</Unicode>
        </TextEquiv>
      </TextLine>
      <TextLine id="eSc_line_9b5c365c" custom="structure {type:default;}">
        <Coords points="722,739 722,757 1464,764 1467,764 1469,764 1493,753 1566,764 1568,764 1570,764 1612,750 1612,733 1608,700 731,697 729,697 726,697 724,697 724,700 722,700 720,700 722,739"/>
        <Baseline points="722,739 1612,733"/>
        <TextEquiv conf="0.9879565947764629">
          <Unicode>Harttung Iter p. 275. — „Super illo“.</Unicode>
        </TextEquiv>
      </TextLine>
      <TextLine id="eSc_line_06803223" custom="structure {type:default;}">
        <Coords points="110,795 110,861 331,856 331,795 331,755 227,733 225,733 181,742 163,728 161,728 159,728 156,728 154,728 110,739 110,795"/>
        <Baseline points="110,795 331,795"/>
        <TextEquiv conf="0.9982671936353048">
          <Unicode>Sept. 10.</Unicode>
        </TextEquiv>
      </TextLine>
      <TextLine id="eSc_line_1c56c898" custom="structure {type:default;}">
        <Coords points="463,810 463,850 541,859 543,810 543,783 463,783 463,810"/>
        <Baseline points="463,810 543,810"/>
        <TextEquiv conf="1.0">
          <Unicode>„</Unicode>
        </TextEquiv>
      </TextLine>
      <TextLine id="eSc_line_3c9ee42c" custom="structure {type:default;}">
        <Coords points="671,792 671,814 2640,817 2642,788 2638,750 2501,737 2498,737 2496,737 2494,737 2478,748 2467,757 2412,757 2379,748 2326,737 2324,737 2322,737 2293,748 2271,755 2220,748 2189,744 2187,744 2163,748 2116,755 2101,746 2083,737 2081,737 1840,737 1838,737 1836,737 1818,746 1809,750 1769,746 1736,742 1734,742 1712,746 1650,759 1319,759 1283,744 1281,744 1279,744 1274,744 1131,757 1100,744 1098,744 1095,744 1093,744 1091,744 1071,759 1009,759 954,742 952,742 950,742 947,742 945,742 943,742 919,757 859,744 857,744 855,744 824,757 669,742 671,792"/>
        <Baseline points="671,792 2642,788"/>
        <TextEquiv conf="0.9965069639829942">
          <Unicode>12410 Fratribus S. Acheoli concessam in ecclesia S. Firmini praebendam confirmat.</Unicode>
        </TextEquiv>
      </TextLine>
      <TextLine id="eSc_line_12175a2b" custom="structure {type:default;}">
        <Coords points="722,845 722,863 775,876 777,876 1036,865 1067,876 1069,876 1071,876 1073,876 1111,865 1166,876 1168,876 1257,865 1334,865 1345,874 1345,876 1347,876 1349,876 1352,876 1743,865 1948,876 1950,876 2006,863 2006,845 2006,817 722,812 722,845"/>
        <Baseline points="722,845 2006,845"/>
        <TextEquiv conf="0.9999314601774569">
          <Unicode>Neues Archiv IV. 352. — „Iustis petentium desideriis“.</Unicode>
        </TextEquiv>
      </TextLine>
      <TextLine id="eSc_line_4ce87207" custom="structure {type:default;}">
        <Coords points="466,923 468,969 550,951 550,918 545,874 479,865 477,865 475,865 472,865 461,872 466,923"/>
        <Baseline points="466,923 550,918"/>
        <TextEquiv conf="1.0">
          <Unicode>„</Unicode>
        </TextEquiv>
      </TextLine>
      <TextLine id="eSc_line_b06d5abe" custom="structure {type:default;}">
        <Coords points="671,905 671,936 2635,918 2638,896 2633,865 2538,852 2536,852 2467,863 669,863 671,905"/>
        <Baseline points="671,905 2638,896"/>
        <TextEquiv conf="0.9951431325503758">
          <Unicode>12411 (8863. 8877) Archiepiscopo Cantuariensi de iudicibus delegatis ac de remissio-</Unicode>
        </TextEquiv>
      </TextLine>
      <TextLine id="eSc_line_ac73e67a" custom="structure {type:default;}">
        <Coords points="724,958 724,978 2633,987 2635,958 2635,927 724,927 724,958"/>
        <Baseline points="724,958 2635,958"/>
        <TextEquiv conf="0.983064856557619">
          <Unicode>nibus, „quae fiunt in dedicationibus ecclesiarum“, respondet. App. conc. Lat. X. 27,</Unicode>
        </TextEquiv>
      </TextLine>
      <TextLine id="eSc_line_095dcc8f" custom="structure {type:default;}">
        <Coords points="722,1015 722,1040 2635,1033 2638,1011 2633,978 2229,965 2227,965 2224,965 2222,965 2204,978 2023,978 1957,965 1955,965 1820,976 1771,965 1769,965 1767,965 1676,978 1652,967 1650,967 1648,967 1646,967 1617,978 1570,967 1568,967 1566,967 1471,978 1312,967 1310,967 1159,978 1135,967 1133,967 1131,967 1073,978 994,967 992,967 901,978 883,967 881,967 879,967 742,967 740,967 737,967 735,967 720,976 722,1015"/>
        <Baseline points="722,1015 2638,1011"/>
        <TextEquiv conf="0.9935171044454342">
          <Unicode>XXXV. 4, Coll. Lips. XLVII. 36, Coll. Cass. LI. 33, Coll. Bamb. XLII. 33, Comp. I.</Unicode>
        </TextEquiv>
      </TextLine>
      <TextLine id="eSc_line_1e6c69d8" custom="structure {type:default;}">
        <Coords points="718,1068 718,1088 2631,1084 2633,1064 2629,1035 715,1035 718,1068"/>
        <Baseline points="718,1068 2633,1064"/>
        <TextEquiv conf="0.9917226735125767">
          <Unicode>I. 2. t. 1. c. 3, I. 2. t. 20. c. 36, I. 5. t. 33. c. 3, Decr. Greg. L. V. t. 38. c. 4. —</Unicode>
        </TextEquiv>
      </TextLine>
      <TextLine id="eSc_line_0f7634b1" custom="structure {type:default;}">
        <Coords points="722,1121 722,1143 2631,1139 2633,1117 2629,1088 828,1079 826,1079 720,1090 722,1121"/>
        <Baseline points="722,1121 2633,1117"/>
        <TextEquiv conf="0.9962321338130207">
          <Unicode>— „In eminenti“ „Nos in eminenti“ „Quia vero inimicitia“ „Quod autem consuluisti“.</Unicode>
        </TextEquiv>
      </TextLine>
      <TextLine id="eSc_line_ac4d07dc" custom="structure {type:default;}">
        <Coords points="461,1199 463,1238 486,1241 488,1241 490,1241 492,1241 545,1205 545,1192 539,1161 457,1166 461,1199"/>
        <Baseline points="461,1199 545,1192"/>
        <TextEquiv conf="1.0">
          <Unicode>„</Unicode>
        </TextEquiv>
      </TextLine>
      <TextLine id="eSc_line_e040b63f" custom="structure {type:default;}">
        <Coords points="671,1179 671,1203 2633,1205 2638,1174 2633,1141 669,1137 671,1179"/>
        <Baseline points="671,1179 2638,1174"/>
        <TextEquiv conf="0.9981369177500407">
          <Unicode>12412 (8335) Abbatibus et fratribus monasteriorum Cisterciensis ordinis in Anglia</Unicode>
        </TextEquiv>
      </TextLine>
      <TextLine id="eSc_line_6b756d75" custom="structure {type:default;}">
        <Coords points="720,1234 720,1256 2631,1258 2635,1225 2629,1194 718,1203 720,1234"/>
        <Baseline points="720,1234 2635,1225"/>
        <TextEquiv conf="0.9969744511034296">
          <Unicode>interdicit, ne „iura patronatus in ecclesiis, aut ecclesias acquirant“. Gilberti Foliot</Unicode>
        </TextEquiv>
      </TextLine>
      <TextLine id="eSc_line_2ee7594e" custom="structure {type:default;}">
        <Coords points="720,1285 718,1305 2631,1316 2635,1289 2633,1256 720,1252 720,1285"/>
        <Baseline points="720,1285 2635,1289"/>
        <TextEquiv conf="0.9932286040536289">
          <Unicode>Ep. ed. Giles II. 106, App. conc. Lat. XV. 10, Coll. Cass. LIII. 8, Coll. Bamb. XLV. 8,</Unicode>
        </TextEquiv>
      </TextLine>
      <TextLine id="eSc_line_b8db9396" custom="structure {type:default;}">
        <Coords points="715,1338 713,1391 848,1397 850,1397 852,1397 866,1391 892,1375 919,1391 930,1395 932,1395 934,1395 936,1395 947,1391 961,1384 1011,1389 1089,1397 1091,1397 1093,1397 1095,1397 1106,1389 1122,1375 1164,1375 1186,1389 1201,1397 1204,1397 1206,1397 1208,1397 1292,1386 1301,1386 1303,1386 1327,1397 1330,1397 1332,1397 1440,1389 1864,1400 1866,1400 1869,1400 1871,1400 1886,1386 1939,1400 1942,1400 1944,1400 2026,1395 2028,1395 2030,1395 2050,1380 2054,1378 2103,1380 2277,1389 2280,1389 2282,1389 2284,1389 2297,1378 2299,1378 2443,1378 2445,1342 2441,1307 768,1307 715,1296 715,1338"/>
        <Baseline points="715,1338 2445,1342"/>
        <TextEquiv conf="0.9794713035225868">
          <Unicode>Comp. I. I. 3. t. 33. c. 14, Migne 200 p. 1004. — „Relatum est auribus“.</Unicode>
        </TextEquiv>
      </TextLine>
      <TextLine id="eSc_line_8660a13b" custom="structure {type:default;}">
        <Coords points="634,1455 634,1486 932,1495 934,1495 936,1495 972,1481 972,1455 972,1404 868,1380 866,1380 720,1402 669,1380 667,1380 665,1380 662,1380 660,1380 634,1397 634,1455"/>
        <Baseline points="634,1455 972,1455"/>
        <TextEquiv conf="0.9632694233547557">
          <Unicode>1162— 1175.</Unicode>
        </TextEquiv>
      </TextLine>
      <TextLine id="eSc_line_e23f628e" custom="structure {type:default;}">
        <Coords points="106,1537 106,1616 324,1616 324,1537 324,1470 302,1461 300,1461 298,1461 258,1468 174,1484 145,1461 145,1459 143,1459 141,1459 106,1459 106,1537"/>
        <Baseline points="106,1537 324,1537"/>
        <TextEquiv conf="0.8542121946811676">
          <Unicode>fan. 3.</Unicode>
        </TextEquiv>
      </TextLine>
      <TextLine id="eSc_line_1aabfeb0" custom="structure {type:default;}">
        <Coords points="665,1534 665,1559 2633,1554 2635,1530 2631,1488 662,1488 665,1534"/>
        <Baseline points="665,1534 2635,1530"/>
        <TextEquiv conf="0.9875262298701722">
          <Unicode>12413 (8336) Quibusdam mandat, cogant heredes amitae Helwidis, priorissae Burbur-</Unicode>
        </TextEquiv>
      </TextLine>
      <TextLine id="eSc_line_523dc4b3" custom="structure {type:default;}">
        <Coords points="715,1590 715,1614 2633,1612 2633,1590 2633,1559 715,1559 715,1590"/>
        <Baseline points="715,1590 2633,1590"/>
        <TextEquiv conf="0.9995338391690027">
          <Unicode>gensis, ut libras decem in testamento Helwidi legatas dependant, vel coram eis intra</Unicode>
        </TextEquiv>
      </TextLine>
      <TextLine id="eSc_line_39c77dde" custom="structure {type:default;}">
        <Coords points="715,1647 715,1667 1639,1678 1641,1678 1774,1667 1785,1667 2635,1667 2635,1643 2629,1612 713,1614 715,1647"/>
        <Baseline points="715,1647 2635,1643"/>
        <TextEquiv conf="0.9999275267124176">
          <Unicode>quadraginta dies post litterarum susceptionem iustitiam exhibeant. Martene Coll.</Unicode>
        </TextEquiv>
      </TextLine>
      <TextLine id="eSc_line_040c6e95" custom="structure {type:default;}">
        <Coords points="715,1700 715,1720 1911,1729 1913,1729 1915,1729 1966,1715 1966,1696 1959,1665 713,1667 715,1700"/>
        <Baseline points="715,1700 1966,1696"/>
        <TextEquiv conf="0.9972242903709412">
          <Unicode>II. 821, Migne 200 p. 1005. — „Ex parte Helwidis“.</Unicode>
        </TextEquiv>
      </TextLine>
      <TextLine id="eSc_line_a8126390" custom="structure {type:default;}">
        <Coords points="665,1755 665,1782 2631,1779 2633,1749 2629,1718 662,1713 665,1755"/>
        <Baseline points="665,1755 2633,1749"/>
        <TextEquiv conf="0.9983478706507456">
          <Unicode>12414 (8337) (Bartholomaeo), episcopo Bellovacensi, mandat, iudicet inter A. decanum</Unicode>
        </TextEquiv>
      </TextLine>
      <TextLine id="eSc_line_11af0e2e" custom="structure {type:default;}">
        <Coords points="713,1808 713,1835 2624,1837 2629,1804 2622,1775 711,1777 713,1808"/>
        <Baseline points="713,1808 2629,1804"/>
        <TextEquiv conf="0.9947313338518142">
          <Unicode>Castri-Rodulphi et eius adversarios. Martene Coll. II. 798, Migne 200 p. 1005. —</Unicode>
        </TextEquiv>
      </TextLine>
      <TextLine id="eSc_line_0194eab8" custom="structure {type:default;}">
        <Coords points="715,1870 715,1888 1354,1881 1356,1863 1352,1830 1170,1819 1168,1819 1166,1819 1135,1830 1131,1832 713,1832 715,1870"/>
        <Baseline points="715,1870 1356,1863"/>
        <TextEquiv conf="0.9978428224722544">
          <Unicode>„Significavit nobis dilectus“.</Unicode>
        </TextEquiv>
      </TextLine>
      <TextLine id="eSc_line_41070b27" custom="structure {type:default;}">
        <Coords points="667,1921 667,1943 2626,1947 2631,1916 2626,1885 2569,1872 2567,1872 2565,1872 2562,1872 2545,1883 2545,1885 2154,1885 2149,1883 2118,1872 2116,1872 2114,1872 2068,1881 2059,1883 2045,1881 1977,1872 1975,1872 1972,1872 1948,1881 1942,1883 1791,1881 1484,1874 1482,1874 1480,1874 1460,1879 1431,1885 665,1877 667,1921"/>
        <Baseline points="667,1921 2631,1916"/>
        <TextEquiv conf="0.9965700760483742">
          <Unicode>12415 (8338) Episcopo Catalaunensi Milonem clericum litteratum, ex eius parochia</Unicode>
        </TextEquiv>
      </TextLine>
      <TextLine id="eSc_line_5c6a5fcb" custom="structure {type:default;}">
        <Coords points="715,1974 715,1998 2629,2007 2631,1974 2629,1943 715,1943 715,1974"/>
        <Baseline points="715,1974 2631,1974"/>
        <TextEquiv conf="0.9999549237887064">
          <Unicode>oriundum, commendat. Martene Coll. II. 842, Migne 200 p. 1005. — „Commissum</Unicode>
        </TextEquiv>
      </TextLine>
      <TextLine id="eSc_line_6f36f7e1" custom="structure {type:default;}">
        <Coords points="713,2029 713,2044 751,2058 753,2058 755,2058 1040,2044 1040,2029 1040,1996 713,1996 713,2029"/>
        <Baseline points="713,2029 1040,2029"/>
        <TextEquiv conf="0.9999416470527649">
          <Unicode>tibi officium“.</Unicode>
        </TextEquiv>
      </TextLine>
      <TextLine id="eSc_line_52c99fb4" custom="structure {type:default;}">
        <Coords points="665,2082 665,2108 2631,2106 2633,2082 2629,2044 665,2047 665,2082"/>
        <Baseline points="665,2082 2633,2082"/>
        <TextEquiv conf="0.9955659700028691">
          <Unicode>12416 (8340) Henrico, archiepiscopo Remensi, mandat, ut canonicorum S. Ursmari et</Unicode>
        </TextEquiv>
      </TextLine>
      <TextLine id="eSc_line_2ca3155e" custom="structure {type:default;}">
        <Coords points="715,2142 715,2161 2631,2157 2633,2135 2629,2106 713,2102 715,2142"/>
        <Baseline points="715,2142 2633,2135"/>
        <TextEquiv conf="0.999839206536611">
          <Unicode>Antoniensium ecclesiae Lobiensi subiectorum, qui „fornicarias in propriis domiciliis</Unicode>
        </TextEquiv>
      </TextLine>
      <TextLine id="eSc_line_50ba6e81" custom="structure {type:default;}">
        <Coords points="715,2195 715,2217 2629,2226 2631,2195 2631,2164 715,2164 715,2195"/>
        <Baseline points="715,2195 2631,2195"/>
        <TextEquiv conf="0.9897206636463723">
          <Unicode>tenere praesumant“, disciplinam restituat. Addit de Lamberto, S. Ursmari canonico,</Unicode>
        </TextEquiv>
      </TextLine>
      <TextLine id="eSc_line_94991c73" custom="structure {type:default;}">
        <Coords points="713,2248 713,2272 2626,2274 2631,2243 2624,2217 711,2219 713,2248"/>
        <Baseline points="713,2248 2631,2243"/>
        <TextEquiv conf="0.9985748068491618">
          <Unicode>qui I(ohannem) abbatem Lobiensem iniuste fatigaverit. (Fragmentum.) Martene</Unicode>
        </TextEquiv>
      </TextLine>
      <TextLine id="eSc_line_e75ded60" custom="structure {type:default;}">
        <Coords points="713,2303 713,2325 2624,2327 2626,2303 2626,2274 713,2274 713,2303"/>
        <Baseline points="713,2303 2626,2303"/>
        <TextEquiv conf="0.9948243289798885">
          <Unicode>Coll. II. 794, Mansi XXI. 1076, Migne 200 p. 1006. — „Pervenit ad nos, quod“.</Unicode>
        </TextEquiv>
      </TextLine>
      <TextLine id="eSc_line_99f2ef9e" custom="structure {type:default;}">
        <Coords points="665,2360 665,2385 2624,2378 2626,2354 2622,2325 1325,2316 1323,2316 1263,2327 680,2318 678,2318 676,2318 673,2318 662,2325 665,2360"/>
        <Baseline points="665,2360 2626,2354"/>
        <TextEquiv conf="0.9997141678122026">
          <Unicode>12417 (8339) Henricum, archiepiscopum Remensem, hortatur, ut quem post appella-</Unicode>
        </TextEquiv>
      </TextLine>
      <TextLine id="eSc_line_091f69f1" custom="structure {type:default;}">
        <Coords points="715,2415 715,2442 2626,2442 2629,2411 2622,2382 713,2385 715,2415"/>
        <Baseline points="715,2415 2629,2411"/>
        <TextEquiv conf="0.9907082734228689">
          <Unicode>tionem ad sese interpositam excommunicatione affecerit, Ma. civem Catalaunensem</Unicode>
        </TextEquiv>
      </TextLine>
      <TextLine id="eSc_line_1caf22fd" custom="structure {type:default;}">
        <Coords points="713,2471 713,2495 2626,2491 2629,2466 2622,2429 711,2429 713,2471"/>
        <Baseline points="713,2471 2629,2466"/>
        <TextEquiv conf="0.9986388798464428">
          <Unicode>absolvat, ut „exinde causa in praesentia Laudunensis episcopi debitae iustitiae recipiat</Unicode>
        </TextEquiv>
      </TextLine>
      <TextLine id="eSc_line_3b57b9e8" custom="structure {type:default;}">
        <Coords points="713,2524 713,2552 2624,2548 2626,2519 2620,2491 711,2493 713,2524"/>
        <Baseline points="713,2524 2626,2519"/>
        <TextEquiv conf="0.9969445729539508">
          <Unicode>complementum“. (Data „III. id. Mergolii“.) Martene Coll. II. 703, Migne 200 p. 1006.</Unicode>
        </TextEquiv>
      </TextLine>
      <TextLine id="eSc_line_8397ee28" custom="structure {type:default;}">
        <Coords points="713,2579 713,2597 784,2597 797,2608 797,2610 799,2610 802,2610 804,2610 879,2597 919,2610 921,2610 923,2612 1254,2612 1254,2610 1257,2610 1305,2594 1305,2579 1305,2550 713,2550 713,2579"/>
        <Baseline points="713,2579 1305,2579"/>
        <TextEquiv conf="0.9998624514449727">
          <Unicode>— „Si bene meminimus“.</Unicode>
        </TextEquiv>
      </TextLine>
      <TextLine id="eSc_line_50320117" custom="structure {type:default;}">
        <Coords points="662,2636 662,2661 2620,2665 2624,2632 2618,2599 2202,2599 2185,2597 2114,2579 1789,2579 1787,2579 1785,2579 1782,2579 1760,2594 1756,2597 1729,2594 1696,2590 1694,2590 1674,2594 1637,2601 1623,2592 1619,2590 1617,2590 1615,2590 1612,2590 1610,2590 1601,2592 1577,2601 1427,2592 1338,2588 1336,2588 1334,2588 1319,2592 1288,2603 1137,2603 1115,2590 1106,2588 1104,2588 1102,2588 1100,2588 1089,2590 1053,2601 1027,2590 1020,2588 1018,2588 1016,2588 660,2588 662,2636"/>
        <Baseline points="662,2636 2624,2632"/>
        <TextEquiv conf="0.9999399930238724">
          <Unicode>12418 (8341) Henricum, archiepiscopum Remensem, petente Ludovico Francorum rege,</Unicode>
        </TextEquiv>
      </TextLine>
      <TextLine id="eSc_line_42e02717" custom="structure {type:default;}">
        <Coords points="715,2689 715,2714 2624,2709 2626,2685 2620,2656 713,2656 715,2689"/>
        <Baseline points="715,2689 2626,2685"/>
        <TextEquiv conf="0.9941162963708242">
          <Unicode>monet, ut M. civem Catalaunensem excommunicatione absolvat, qua eum pro appel-</Unicode>
        </TextEquiv>
      </TextLine>
      <TextLine id="eSc_line_c6621072" custom="structure {type:default;}">
        <Coords points="713,2747 713,2771 2624,2773 2629,2740 2622,2709 711,2709 713,2747"/>
        <Baseline points="713,2747 2629,2740"/>
        <TextEquiv conf="0.9944811931678227">
          <Unicode>latione ad sedem apostolicam interposita innodaverit. Martene Coll. II. 817, Bouquet</Unicode>
        </TextEquiv>
      </TextLine>
      <TextLine id="eSc_line_224d0890" custom="structure {type:default;}">
        <Coords points="713,2800 713,2820 947,2820 950,2820 967,2833 969,2833 972,2833 974,2833 1060,2820 1075,2833 1078,2833 1080,2833 1082,2835 1155,2835 1155,2833 1157,2833 1204,2817 1208,2817 1210,2817 1239,2831 1241,2831 1243,2831 1246,2831 1277,2817 1279,2817 1312,2831 1314,2831 1316,2831 1319,2831 1369,2817 1380,2826 1380,2828 1383,2828 1385,2828 1473,2831 1475,2831 1478,2831 1526,2817 1637,2831 1639,2831 1895,2828 1897,2828 1900,2828 1900,2826 1911,2817 1926,2828 1928,2828 1931,2828 1933,2831 2063,2831 2063,2828 2065,2828 2105,2813 2105,2793 2098,2764 711,2769 713,2800"/>
        <Baseline points="713,2800 2105,2793"/>
        <TextEquiv conf="0.9993662298735926">
          <Unicode>Rec. XV. 847, Migne 200 p. 1007. — „Praesentibus litteris“.</Unicode>
        </TextEquiv>
      </TextLine>
      <TextLine id="eSc_line_710c81bf" custom="structure {type:default;}">
        <Coords points="662,2853 662,2881 2629,2881 2629,2853 2629,2822 662,2811 662,2853"/>
        <Baseline points="662,2853 2629,2853"/>
        <TextEquiv conf="0.9998418144881726">
          <Unicode>12419 (8342) Henrico, archiepiscopo Remensi, mandat, ut inter Martinum et Adamum</Unicode>
        </TextEquiv>
      </TextLine>
      <TextLine id="eSc_line_891b54b3" custom="structure {type:default;}">
        <Coords points="715,2910 715,2934 2624,2928 2626,2903 2620,2873 713,2879 715,2910"/>
        <Baseline points="715,2910 2626,2903"/>
        <TextEquiv conf="0.9944603450690643">
          <Unicode>super vinea quadam litigantes iudicium faciat. Martene Coll. II. 841, Migne 200</Unicode>
        </TextEquiv>
      </TextLine>
      <TextLine id="eSc_line_ffe3a88c" custom="structure {type:default;}">
        <Coords points="713,2965 713,2990 1515,2990 1517,2961 1513,2932 711,2930 713,2965"/>
        <Baseline points="713,2965 1517,2961"/>
        <TextEquiv conf="0.9948728643357754">
          <Unicode>p. 1008. — „Causam, quae inter“.</Unicode>
        </TextEquiv>
      </TextLine>
      <TextLine id="eSc_line_61cd2331" custom="structure {type:default;}">
        <Coords points="662,3016 662,3045 2629,3045 2629,3016 2629,2985 662,2976 662,3016"/>
        <Baseline points="662,3016 2629,3016"/>
        <TextEquiv conf="0.9930029033142843">
          <Unicode>12420 (8343) Henrico, archiepiscopo Remensi, mandat, compellat Rossam mulierem et</Unicode>
        </TextEquiv>
      </TextLine>
      <TextLine id="eSc_line_d9e2e247" custom="structure {type:default;}">
        <Coords points="715,3074 715,3100 2624,3102 2626,3074 2626,3045 715,3036 715,3074"/>
        <Baseline points="715,3074 2626,3074"/>
        <TextEquiv conf="0.9998115301132202">
          <Unicode>Phy. de Castris, ut vineam fratribus de Sarnaio ablatam reddant. Martene Coll.</Unicode>
        </TextEquiv>
      </TextLine>
      <TextLine id="eSc_line_f853acf7" custom="structure {type:default;}">
        <Coords points="713,3129 713,3151 2160,3151 2160,3129 2160,3098 713,3096 713,3129"/>
        <Baseline points="713,3129 2160,3129"/>
        <TextEquiv conf="0.9765057200092381">
          <Unicode>II. 850, Migne 200 p. 1008. — „Ex transmissa conquestione“.</Unicode>
        </TextEquiv>
      </TextLine>
      <TextLine id="eSc_line_17f53f9c" custom="structure {type:default;}">
        <Coords points="662,3186 662,3208 2620,3213 2624,3182 2620,3151 2529,3138 2527,3138 2525,3138 2498,3149 2494,3149 2324,3138 2322,3138 2319,3138 2317,3138 2302,3149 2299,3151 1931,3151 1915,3146 1862,3138 1860,3138 1858,3138 1855,3138 1844,3146 1838,3149 1782,3146 1670,3140 1668,3140 1665,3140 1643,3146 1619,3151 1517,3144 1431,3140 1429,3140 1387,3144 1332,3151 1288,3144 1261,3140 1259,3140 1257,3140 1241,3144 1212,3151 1144,3144 1111,3140 1109,3140 660,3140 662,3186"/>
        <Baseline points="662,3186 2624,3182"/>
        <TextEquiv conf="0.9964286951457753">
          <Unicode>12421 (8344) Henrico, archiepiscopo Remensi, mandat, hortetur canonicos Cameracenses,</Unicode>
        </TextEquiv>
      </TextLine>
      <TextLine id="eSc_line_f09cdbe5" custom="structure {type:default;}">
        <Coords points="715,3239 715,3261 2620,3263 2624,3235 2618,3206 713,3206 715,3239"/>
        <Baseline points="715,3239 2624,3235"/>
        <TextEquiv conf="0.9901771868567869">
          <Unicode>ut fratribus hospitalis apud Valencenas „construendi ibidem oratorium et cimiterium</Unicode>
        </TextEquiv>
      </TextLine>
      <TextLine id="eSc_line_13cfe5b8" custom="structure {type:default;}">
        <Coords points="713,3294 713,3319 2624,3316 2626,3290 2622,3261 711,3255 713,3294"/>
        <Baseline points="713,3294 2626,3290"/>
        <TextEquiv conf="0.9980750724673271">
          <Unicode>liberam tribuant facultatem“. Hortatur, ut „nullum virum ecclesiasticum per pro-</Unicode>
        </TextEquiv>
      </TextLine>
      <TextLine id="eSc_line_1490f6b1" custom="structure {type:default;}">
        <Coords points="713,3347 713,3369 2620,3380 2622,3347 2622,3316 713,3316 713,3347"/>
        <Baseline points="713,3347 2622,3347"/>
        <TextEquiv conf="0.9972456492483616">
          <Unicode>vinciam suam a personis saecularibus iudicari permittat“. Martene Coll. II. 868,</Unicode>
        </TextEquiv>
      </TextLine>
      <TextLine id="eSc_line_a167306c" custom="structure {type:default;}">
        <Coords points="713,3403 713,3425 1882,3420 1884,3398 1880,3369 711,3363 713,3403"/>
        <Baseline points="713,3403 1884,3398"/>
        <TextEquiv conf="0.9995346652424854">
          <Unicode>Migne 200 p. 1008. — „Perlatum ad audientiam“.</Unicode>
        </TextEquiv>
      </TextLine>
      <TextLine id="eSc_line_37116fb7" custom="structure {type:default;}">
        <Coords points="662,3456 662,3491 2620,3480 2622,3451 2618,3422 660,3416 662,3456"/>
        <Baseline points="662,3456 2622,3451"/>
        <TextEquiv conf="0.9953611885629049">
          <Unicode>12422 (8345) Henrico, archiepiscopo Remensi, mandat, ne I. presbyterum, capellanum</Unicode>
        </TextEquiv>
      </TextLine>
      <TextLine id="eSc_line_546fb7a6" custom="structure {type:default;}">
        <Coords points="713,3513 713,3555 817,3566 819,3566 821,3566 824,3566 837,3557 843,3555 985,3555 992,3557 1022,3573 1025,3573 1027,3575 1151,3575 1151,3573 1153,3573 1155,3573 1175,3559 1177,3557 1177,3559 1199,3573 1201,3573 1204,3573 1206,3573 1208,3573 1232,3559 1237,3557 1248,3559 1307,3573 1310,3573 1312,3573 1314,3573 1332,3559 1341,3555 1422,3555 1451,3562 1504,3573 1506,3573 1509,3573 1544,3562 1546,3562 1551,3562 1630,3573 1632,3573 1634,3573 1657,3562 1668,3555 1679,3562 1692,3570 1694,3570 1696,3570 1699,3573 1794,3573 1794,3570 1796,3570 1809,3564 1829,3553 1847,3564 1858,3568 1860,3568 1862,3568 1902,3564 1979,3553 2006,3564 2021,3570 2023,3570 2026,3573 2271,3573 2271,3570 2273,3570 2288,3566 2333,3553 2379,3566 2386,3568 2388,3568 2390,3568 2392,3568 2394,3568 2397,3566 2412,3557 2496,3568 2527,3570 2529,3570 2531,3570 2543,3568 2591,3553 2615,3568 2624,3509 2620,3480 711,3478 713,3513"/>
        <Baseline points="713,3513 2624,3509"/>
        <TextEquiv conf="0.995482664732706">
          <Unicode>infirmorum fratrum de Turribus super Marnam, qui puer novitius monasterii loiacensis</Unicode>
        </TextEquiv>
      </TextLine>
    </TextRegion>
    <TextRegion id="eSc_textblock_1aa81313"  custom="structure {type:default;}">
      <Coords points="912,150 1780,150 1851,159 1860,245 910,262 883,167 912,150"/>
      <TextLine id="eSc_line_36b7c2c3" custom="structure {type:default;}">
        <Coords points="908,227 908,251 1833,247 1836,223 1831,170 1760,159 1758,159 1756,159 1732,170 1725,174 1548,174 1546,172 1515,159 1513,159 1511,159 1416,172 1372,159 1369,159 1367,159 1365,159 1363,159 1363,161 1349,174 1347,174 1336,174 1224,161 1221,161 1049,172 978,161 976,161 905,176 908,227"/>
        <Baseline points="908,227 1836,223"/>
        <TextEquiv conf="0.9999949359893798">
          <Unicode>ALEXANDER III. 1159—1181.</Unicode>
        </TextEquiv>
      </TextLine>
    </TextRegion>
    <TextRegion id="eSc_textblock_856f6862"  custom="structure {type:default;}">
      <Coords points="2527,159 2680,167 2680,236 2653,262 2505,262 2487,176 2527,159"/>
      <TextLine id="eSc_line_74c9cb24" custom="structure {type:default;}">
        <Coords points="2516,229 2516,251 2549,265 2551,265 2554,265 2556,265 2578,256 2589,267 2589,269 2591,269 2593,269 2596,269 2642,258 2642,223 2638,174 2600,163 2598,163 2596,163 2512,181 2516,229"/>
        <Baseline points="2516,229 2642,223"/>
        <TextEquiv conf="0.9999999602635702">
          <Unicode>279</Unicode>
        </TextEquiv>
      </TextLine>
    </TextRegion>
  </Page>
</PcGts>
