<?xml version="1.0" encoding="UTF-8"  standalone="yes"?>
<PcGts xmlns="http://schema.primaresearch.org/PAGE/gts/pagecontent/2019-07-15" xmlns:xsi="http://www.w3.org/2001/XMLSchema-instance" xsi:schemaLocation="http://schema.primaresearch.org/PAGE/gts/pagecontent/2019-07-15 http://schema.primaresearch.org/PAGE/gts/pagecontent/2019-07-15/pagecontent.xsd">
  <Metadata>
	<Creator>escriptorium</Creator>
	<Created>2024-07-19T10:10:55.609734+00:00</Created>
        <LastChange>2024-08-08T08:39:28.676889+00:00</LastChange>
  </Metadata>
  <Page imageFilename="0307.png" imageWidth="3007" imageHeight="3975">
    <TextRegion id="eSc_textblock_b6cd669a"  custom="structure {type:default;}">
      <Coords points="285,176 421,176 439,245 282,271 285,176"/>
      <TextLine id="eSc_line_f6705d95" custom="structure {type:default;}">
        <Coords points="291,236 291,262 415,262 415,231 408,178 287,181 291,236"/>
        <Baseline points="291,236 415,231"/>
        <TextEquiv conf="1.0">
          <Unicode>294</Unicode>
        </TextEquiv>
      </TextLine>
    </TextRegion>
    <TextRegion id="eSc_textblock_356e72a7"  custom="structure {type:default;}">
      <Coords points="313,326 519,344 547,415 574,344 793,335 837,362 857,326 2865,326 2839,3539 919,3557 828,3522 574,3522 554,3372 519,3531 282,3522 256,644 265,371 313,326"/>
      <TextLine id="eSc_line_3b0153ed" custom="structure {type:default;}">
        <Coords points="1100,326 1082,326 1069,335 1022,326 1020,326 1018,326 980,337 936,326 923,326 901,326 879,326 857,326 835,359 837,384 837,410 1162,408 1162,375 1157,335 1115,326 1100,326"/>
        <Baseline points="837,384 1162,375"/>
        <TextEquiv conf="0.9991211836988275">
          <Unicode>1173— 1176.</Unicode>
        </TextEquiv>
      </TextLine>
      <TextLine id="eSc_line_b796b6aa" custom="structure {type:default;}">
        <Coords points="309,439 307,472 521,481 525,443 523,382 309,386 309,439"/>
        <Baseline points="309,439 525,443"/>
        <TextEquiv conf="0.9984889626502991">
          <Unicode>Mai. 23.</Unicode>
        </TextEquiv>
      </TextLine>
      <TextLine id="eSc_line_2c7cd8fa" custom="structure {type:default;}">
        <Coords points="572,443 572,472 802,470 802,439 795,364 570,377 572,443"/>
        <Baseline points="572,443 802,439"/>
        <TextEquiv conf="0.9999221712350845">
          <Unicode>Anagniae</Unicode>
        </TextEquiv>
      </TextLine>
      <TextLine id="eSc_line_ff3ddf45" custom="structure {type:default;}">
        <Coords points="866,446 866,470 2832,468 2832,446 2832,397 2790,386 2788,386 2786,386 2719,397 2688,382 2686,382 2629,382 2626,382 2624,382 2622,382 2600,397 2487,382 2485,382 2335,397 2129,384 2127,384 2125,384 2123,384 2098,399 1902,399 1875,382 1873,382 1871,382 1758,382 1756,382 1637,397 1486,382 1484,382 1482,382 1451,399 1316,399 1221,382 1219,382 1217,382 1177,399 866,399 866,446"/>
        <Baseline points="866,446 2832,446"/>
        <TextEquiv conf="0.9977726756140243">
          <Unicode>12646 (8413) Episcopo et consulibus Bononiensibus scribit, ut ab iniuriis in ecclesiam</Unicode>
        </TextEquiv>
      </TextLine>
      <TextLine id="eSc_line_688be818" custom="structure {type:default;}">
        <Coords points="919,499 919,530 2830,527 2830,499 2830,468 919,463 919,499"/>
        <Baseline points="919,499 2830,499"/>
        <TextEquiv conf="0.998704194277525">
          <Unicode>Nonantulanam desistant. Litem nuntiat Ildebrandi, basilicae duodecim Apostolorum</Unicode>
        </TextEquiv>
      </TextLine>
      <TextLine id="eSc_line_f0fa17b3" custom="structure {type:default;}">
        <Coords points="919,556 919,585 2828,578 2828,556 2828,521 919,514 919,556"/>
        <Baseline points="919,556 2828,556"/>
        <TextEquiv conf="0.9879999640344204">
          <Unicode>presbyteri cardinalis, arbitrio permissam esse. Tiraboschi St. di Non. II. 277, Savioli</Unicode>
        </TextEquiv>
      </TextLine>
      <TextLine id="eSc_line_831e24e6" custom="structure {type:default;}">
        <Coords points="921,607 921,633 2432,629 2434,611 2432,576 921,571 921,607"/>
        <Baseline points="921,607 2434,611"/>
        <TextEquiv conf="0.9980322884731605">
          <Unicode>Ann. Bol. II. II. 39, Migne 200 p. 1057. — „Cum Nonantulana“,</Unicode>
        </TextEquiv>
      </TextLine>
      <TextLine id="eSc_line_238e8861" custom="structure {type:default;}">
        <Coords points="870,660 870,689 2830,689 2832,664 2830,631 870,620 870,660"/>
        <Baseline points="870,660 2832,664"/>
        <TextEquiv conf="0.9905932495392948">
          <Unicode>12647 Fratribus S. Vincentii Silvanectensibus asserit praebendas, quas in ecclesiis</Unicode>
        </TextEquiv>
      </TextLine>
      <TextLine id="eSc_line_0a28ac84" custom="structure {type:default;}">
        <Coords points="346,666 346,697 525,693 525,662 521,627 452,616 450,616 448,616 397,629 364,618 362,618 360,618 357,618 355,618 344,624 346,666"/>
        <Baseline points="346,666 525,662"/>
        <TextEquiv conf="0.9999931573867797">
          <Unicode>„ 25.</Unicode>
        </TextEquiv>
      </TextLine>
      <TextLine id="eSc_line_499c74f9" custom="structure {type:default;}">
        <Coords points="653,671 651,686 737,704 742,675 740,631 653,631 653,671"/>
        <Baseline points="653,671 742,675"/>
        <TextEquiv conf="1.0">
          <Unicode>„</Unicode>
        </TextEquiv>
      </TextLine>
      <TextLine id="eSc_line_e70bc8d5" custom="structure {type:default;}">
        <Coords points="919,722 919,750 2825,746 2828,717 2823,684 916,680 919,722"/>
        <Baseline points="919,722 2828,717"/>
        <TextEquiv conf="0.9890157389335144">
          <Unicode>S. Mariae, S. Reguli et S. Franbaldi possident. Pflugk-Harttung Acta I. 260. —</Unicode>
        </TextEquiv>
      </TextLine>
      <TextLine id="eSc_line_d7b02efe" custom="structure {type:default;}">
        <Coords points="916,775 916,799 1493,797 1495,768 1491,739 1120,730 1117,730 914,744 916,775"/>
        <Baseline points="916,775 1495,768"/>
        <TextEquiv conf="0.9868220761418343">
          <Unicode>„Tunc officium nostrum“.</Unicode>
        </TextEquiv>
      </TextLine>
      <TextLine id="eSc_line_2c4bf834" custom="structure {type:default;}">
        <Coords points="866,823 866,856 2828,856 2830,828 2828,792 866,788 866,823"/>
        <Baseline points="866,823 2830,828"/>
        <TextEquiv conf="0.9970274843820711">
          <Unicode>12648 Fratribus Sarnaiensibus bona ac iura quaedam asserit. Merlet et Moutié Cart.</Unicode>
        </TextEquiv>
      </TextLine>
      <TextLine id="eSc_line_ab0f6185" custom="structure {type:default;}">
        <Coords points="311,828 311,867 525,859 525,828 525,792 311,790 311,828"/>
        <Baseline points="311,828 525,828"/>
        <TextEquiv conf="0.9999600734029498">
          <Unicode>lun. 2.</Unicode>
        </TextEquiv>
      </TextLine>
      <TextLine id="eSc_line_f2e7d47f" custom="structure {type:default;}">
        <Coords points="653,834 651,852 737,859 742,839 742,801 653,781 653,834"/>
        <Baseline points="653,834 742,839"/>
        <TextEquiv conf="0.9999998807907104">
          <Unicode>„</Unicode>
        </TextEquiv>
      </TextLine>
      <TextLine id="eSc_line_a2cfd891" custom="structure {type:default;}">
        <Coords points="916,878 914,901 930,912 932,912 934,912 936,912 2357,903 2359,883 2357,850 916,845 916,878"/>
        <Baseline points="916,878 2359,883"/>
        <TextEquiv conf="0.9873238157053463">
          <Unicode>des Vaux de Cernay I. p. 53. — „Iustis petentium desideriis“.</Unicode>
        </TextEquiv>
      </TextLine>
      <TextLine id="eSc_line_fd8202af" custom="structure {type:default;}">
        <Coords points="868,938 868,962 2828,965 2832,934 2828,903 866,901 868,938"/>
        <Baseline points="868,938 2832,934"/>
        <TextEquiv conf="0.9984490378403369">
          <Unicode>12649 *Ecclesiae S. Petri Ariensi factam a Philippo, comite Flandriae, donationem</Unicode>
        </TextEquiv>
      </TextLine>
      <TextLine id="eSc_line_f7f797f3" custom="structure {type:default;}">
        <Coords points="344,940 344,973 517,962 519,936 514,903 342,896 344,940"/>
        <Baseline points="344,940 519,936"/>
        <TextEquiv conf="1.0">
          <Unicode>„ 18.</Unicode>
        </TextEquiv>
      </TextLine>
      <TextLine id="eSc_line_fe581065" custom="structure {type:default;}">
        <Coords points="653,949 653,995 748,976 748,949 748,907 653,907 653,949"/>
        <Baseline points="653,949 748,949"/>
        <TextEquiv conf="0.9999990463256836">
          <Unicode>„</Unicode>
        </TextEquiv>
      </TextLine>
      <TextLine id="eSc_line_3369c0f5" custom="structure {type:default;}">
        <Coords points="916,993 916,1013 1939,1009 1942,989 1935,958 914,960 916,993"/>
        <Baseline points="916,993 1942,989"/>
        <TextEquiv conf="0.9867105158892545">
          <Unicode>confirmat. Invent. des arch. de Lille p. 56.</Unicode>
        </TextEquiv>
      </TextLine>
      <TextLine id="eSc_line_2a7f21da" custom="structure {type:default;}">
        <Coords points="866,1051 866,1088 978,1073 1014,1084 1016,1084 1018,1084 1075,1073 1356,1082 1358,1082 1360,1082 1363,1082 1383,1071 1581,1079 1668,1084 1670,1084 1672,1084 1674,1084 1681,1079 1699,1071 1873,1077 2021,1082 2023,1082 2174,1073 2227,1071 2246,1073 2313,1079 2315,1079 2317,1079 2353,1071 2375,1066 2419,1071 2518,1079 2520,1079 2523,1079 2551,1068 2558,1066 2578,1068 2677,1079 2680,1079 2682,1079 2726,1066 2728,1066 2770,1079 2772,1079 2775,1079 2777,1079 2832,1064 2832,1042 2830,1011 2794,998 2792,998 2790,998 2788,998 2748,1009 2372,998 2370,998 2280,1011 2107,1000 2105,1000 1813,1013 1475,1002 1473,1002 1319,1015 885,1004 883,1004 881,1004 879,1004 863,1013 866,1051"/>
        <Baseline points="866,1051 2832,1042"/>
        <TextEquiv conf="0.9994809130827585">
          <Unicode>12650 (Bartholomaeo) archiepiscopo Turonensi, apostolicae sedis legato, eiusque suf-</Unicode>
        </TextEquiv>
      </TextLine>
      <TextLine id="eSc_line_d3dc6873" custom="structure {type:default;}">
        <Coords points="344,1053 344,1082 523,1079 523,1046 517,991 342,1007 344,1053"/>
        <Baseline points="344,1053 523,1046"/>
        <TextEquiv conf="0.9999997854232788">
          <Unicode>„ 21.</Unicode>
        </TextEquiv>
      </TextLine>
      <TextLine id="eSc_line_a52451e3" custom="structure {type:default;}">
        <Coords points="649,1057 647,1075 742,1075 744,1060 744,1007 649,982 649,1057"/>
        <Baseline points="649,1057 744,1060"/>
        <TextEquiv conf="1.0">
          <Unicode>„</Unicode>
        </TextEquiv>
      </TextLine>
      <TextLine id="eSc_line_4fd37536" custom="structure {type:default;}">
        <Coords points="916,1101 916,1128 2828,1132 2832,1097 2825,1064 914,1071 916,1101"/>
        <Baseline points="916,1101 2832,1097"/>
        <TextEquiv conf="0.9987086012393613">
          <Unicode>fraganeis abbatem et fratres Maioris-monasterii commendat. Loewenfeld Epistolae</Unicode>
        </TextEquiv>
      </TextLine>
      <TextLine id="eSc_line_0eddff14" custom="structure {type:default;}">
        <Coords points="919,1161 919,1183 1687,1179 1690,1154 1685,1115 1217,1115 1215,1115 1212,1115 1179,1124 1168,1126 1137,1124 1011,1117 1009,1117 916,1128 919,1161"/>
        <Baseline points="919,1161 1690,1154"/>
        <TextEquiv conf="0.9862317610532045">
          <Unicode>p. 147. — „Decet nos religiosa“.</Unicode>
        </TextEquiv>
      </TextLine>
      <TextLine id="eSc_line_2c957996" custom="structure {type:default;}">
        <Coords points="870,1212 870,1236 2825,1241 2830,1207 2823,1174 868,1174 870,1212"/>
        <Baseline points="870,1212 2830,1207"/>
        <TextEquiv conf="0.9917221360428389">
          <Unicode>12651 (Fulcrando) praeposito Magalonensi asserit curam capituli ecclesiae spiritualem,</Unicode>
        </TextEquiv>
      </TextLine>
      <TextLine id="eSc_line_d5647609" custom="structure {type:default;}">
        <Coords points="342,1214 342,1247 519,1236 519,1210 512,1170 340,1181 342,1214"/>
        <Baseline points="342,1214 519,1210"/>
        <TextEquiv conf="0.9999357700347901">
          <Unicode>„ 28.</Unicode>
        </TextEquiv>
      </TextLine>
      <TextLine id="eSc_line_61fd8579" custom="structure {type:default;}">
        <Coords points="656,1223 656,1241 737,1249 740,1223 737,1172 656,1174 656,1223"/>
        <Baseline points="656,1223 740,1223"/>
        <TextEquiv conf="0.9999815225601196">
          <Unicode>„</Unicode>
        </TextEquiv>
      </TextLine>
      <TextLine id="eSc_line_e25f3e34" custom="structure {type:default;}">
        <Coords points="919,1269 919,1300 2832,1289 2834,1265 2830,1234 916,1232 919,1269"/>
        <Baseline points="919,1269 2834,1265"/>
        <TextEquiv conf="0.9990688249468803">
          <Unicode>a I(ohanne) episcopo concessam. Mém. de la soc. de Montpellier V. 534. — „Iustis</Unicode>
        </TextEquiv>
      </TextLine>
      <TextLine id="eSc_line_c6d9ec50" custom="structure {type:default;}">
        <Coords points="916,1320 916,1349 1164,1340 1224,1342 1352,1351 1354,1351 1414,1338 1416,1318 1409,1289 914,1289 916,1320"/>
        <Baseline points="916,1320 1416,1318"/>
        <TextEquiv conf="0.9995882565324957">
          <Unicode>petentium desideriis“.</Unicode>
        </TextEquiv>
      </TextLine>
      <TextLine id="eSc_line_db205ac6" custom="structure {type:default;}">
        <Coords points="307,1375 307,1400 368,1415 371,1415 373,1415 408,1404 417,1402 523,1406 525,1371 521,1336 304,1331 307,1375"/>
        <Baseline points="307,1375 525,1371"/>
        <TextEquiv conf="0.998789370059967">
          <Unicode>lul. 6.</Unicode>
        </TextEquiv>
      </TextLine>
      <TextLine id="eSc_line_133f980e" custom="structure {type:default;}">
        <Coords points="868,1375 868,1406 2832,1400 2834,1371 2828,1331 866,1340 868,1375"/>
        <Baseline points="868,1375 2834,1371"/>
        <TextEquiv conf="0.9999172505210427">
          <Unicode>12652 Inter fratres Massilienses et S. Eusebii factam, P(etro) episcopo Aptensi prae-</Unicode>
        </TextEquiv>
      </TextLine>
      <TextLine id="eSc_line_161672bb" custom="structure {type:default;}">
        <Coords points="651,1389 651,1406 740,1417 742,1389 740,1340 651,1349 651,1389"/>
        <Baseline points="651,1389 742,1389"/>
        <TextEquiv conf="0.9999879598617554">
          <Unicode>„</Unicode>
        </TextEquiv>
      </TextLine>
      <TextLine id="eSc_line_59179dc8" custom="structure {type:default;}">
        <Coords points="916,1431 916,1461 2830,1464 2832,1431 2832,1400 916,1400 916,1431"/>
        <Baseline points="916,1431 2832,1431"/>
        <TextEquiv conf="0.9965379703335646">
          <Unicode>sente et U(gone) archiepiscopo Aquensi assentiente, compositionem confirmat. Coll.</Unicode>
        </TextEquiv>
      </TextLine>
      <TextLine id="eSc_line_6fc57f97" custom="structure {type:default;}">
        <Coords points="919,1481 916,1508 1946,1506 1948,1486 1946,1450 919,1450 919,1481"/>
        <Baseline points="919,1481 1948,1486"/>
        <TextEquiv conf="0.9998800796131755">
          <Unicode>des Cartulaires IX. 396. — „Cura suscepti“.</Unicode>
        </TextEquiv>
      </TextLine>
      <TextLine id="eSc_line_b9474d58" custom="structure {type:default;}">
        <Coords points="868,1541 868,1563 2834,1559 2834,1537 2830,1503 866,1499 868,1541"/>
        <Baseline points="868,1541 2834,1537"/>
        <TextEquiv conf="0.9957123974273945">
          <Unicode>12653 B(alduino) abbati et fratribus Branensibus ius collocandi in ecclesia de Cersiolo</Unicode>
        </TextEquiv>
      </TextLine>
      <TextLine id="eSc_line_7d79d5e2" custom="structure {type:default;}">
        <Coords points="344,1545 344,1567 519,1561 519,1537 512,1497 342,1503 344,1545"/>
        <Baseline points="344,1545 519,1537"/>
        <TextEquiv conf="0.9999999701976776">
          <Unicode>„ 6.</Unicode>
        </TextEquiv>
      </TextLine>
      <TextLine id="eSc_line_2254de08" custom="structure {type:default;}">
        <Coords points="653,1554 653,1578 742,1572 744,1550 740,1501 649,1499 653,1554"/>
        <Baseline points="653,1554 744,1550"/>
        <TextEquiv conf="1.0">
          <Unicode>„</Unicode>
        </TextEquiv>
      </TextLine>
      <TextLine id="eSc_line_33a6b3f2" custom="structure {type:default;}">
        <Coords points="916,1596 916,1623 2828,1623 2830,1592 2823,1559 914,1559 916,1596"/>
        <Baseline points="916,1596 2830,1592"/>
        <TextEquiv conf="0.9931908409262813">
          <Unicode>tres aut quatuor canonicos asserit. Alia privilegia addit. In tabul. nat. Paris. Cart.</Unicode>
        </TextEquiv>
      </TextLine>
      <TextLine id="eSc_line_d13eb101" custom="structure {type:default;}">
        <Coords points="916,1649 916,1678 2543,1673 2543,1649 2543,1618 916,1614 916,1649"/>
        <Baseline points="916,1649 2543,1649"/>
        <TextEquiv conf="0.987007831317791">
          <Unicode>de St.-TVved de Braine s. XIII. LL. 1583. f. 22. — „Hortatur nos et“.</Unicode>
        </TextEquiv>
      </TextLine>
      <TextLine id="eSc_line_24d374de" custom="structure {type:default;}">
        <Coords points="346,1707 351,1749 368,1735 417,1740 490,1749 492,1749 494,1749 528,1729 528,1702 523,1669 344,1669 346,1707"/>
        <Baseline points="346,1707 528,1702"/>
        <TextEquiv conf="0.9999853610992432">
          <Unicode>„ 15.</Unicode>
        </TextEquiv>
      </TextLine>
      <TextLine id="eSc_line_8bdb25ed" custom="structure {type:default;}">
        <Coords points="870,1707 870,1733 2830,1726 2832,1702 2828,1671 2185,1660 2182,1660 868,1671 870,1707"/>
        <Baseline points="870,1707 2832,1702"/>
        <TextEquiv conf="0.9997214770611421">
          <Unicode>12654 Canonicis S. Gaugerici Cameracensibus asserit praebendas, a Nicolao quondam</Unicode>
        </TextEquiv>
      </TextLine>
      <TextLine id="eSc_line_ba041041" custom="structure {type:default;}">
        <Coords points="649,1718 649,1760 711,1771 713,1771 715,1771 746,1755 746,1718 744,1669 649,1676 649,1718"/>
        <Baseline points="649,1718 746,1718"/>
        <TextEquiv conf="0.9999998807907104">
          <Unicode>„</Unicode>
        </TextEquiv>
      </TextLine>
      <TextLine id="eSc_line_313f385e" custom="structure {type:default;}">
        <Coords points="919,1762 919,1786 2828,1795 2830,1762 2830,1731 919,1731 919,1762"/>
        <Baseline points="919,1762 2830,1762"/>
        <TextEquiv conf="0.9970195559894337">
          <Unicode>episcopo ad claustrum et officinas reparandas concessas. Pflugk-Harttung Acta I. 260.</Unicode>
        </TextEquiv>
      </TextLine>
      <TextLine id="eSc_line_65c11f18" custom="structure {type:default;}">
        <Coords points="919,1817 919,1839 1356,1846 1358,1846 1360,1846 1409,1832 1409,1813 1402,1784 916,1784 919,1817"/>
        <Baseline points="919,1817 1409,1813"/>
        <TextEquiv conf="0.9736632171430086">
          <Unicode>— „Ea quae sacris“.</Unicode>
        </TextEquiv>
      </TextLine>
      <TextLine id="eSc_line_6debf6a9" custom="structure {type:default;}">
        <Coords points="866,1870 866,1905 1102,1894 1714,1903 1716,1903 1855,1892 2828,1901 2832,1866 2828,1835 863,1830 866,1870"/>
        <Baseline points="866,1870 2832,1866"/>
        <TextEquiv conf="0.991412454917107">
          <Unicode>12655 Monasterio S. Martini Pontisariensi asserit ecclesiam de Charz, a R(otrodo)</Unicode>
        </TextEquiv>
      </TextLine>
      <TextLine id="eSc_line_a20cd95a" custom="structure {type:default;}">
        <Coords points="346,1872 346,1910 523,1899 523,1868 519,1830 344,1826 346,1872"/>
        <Baseline points="346,1872 523,1868"/>
        <TextEquiv conf="0.9999999046325684">
          <Unicode>„ 22.</Unicode>
        </TextEquiv>
      </TextLine>
      <TextLine id="eSc_line_183156bd" custom="structure {type:default;}">
        <Coords points="651,1877 649,1914 742,1908 744,1883 744,1832 653,1830 651,1877"/>
        <Baseline points="651,1877 744,1883"/>
        <TextEquiv conf="1.0">
          <Unicode>„</Unicode>
        </TextEquiv>
      </TextLine>
      <TextLine id="eSc_line_29ac9517" custom="structure {type:default;}">
        <Coords points="916,1925 916,1952 2819,1947 2821,1919 2814,1890 914,1894 916,1925"/>
        <Baseline points="916,1925 2821,1919"/>
        <TextEquiv conf="0.9983045510303827">
          <Unicode>archiepiscopo Rotomagensi concessam. Autogr. in tab. nat. Paris. L. 230. n. 30. —</Unicode>
        </TextEquiv>
      </TextLine>
      <TextLine id="eSc_line_c123c6ac" custom="structure {type:default;}">
        <Coords points="919,1980 919,2007 1586,2007 1586,1980 1586,1949 919,1949 919,1980"/>
        <Baseline points="919,1980 1586,1980"/>
        <TextEquiv conf="0.9924982070922852">
          <Unicode>„Iustis petentium desideriis“.</Unicode>
        </TextEquiv>
      </TextLine>
      <TextLine id="eSc_line_91a25af8" custom="structure {type:default;}">
        <Coords points="346,2033 346,2071 521,2064 521,2029 517,1936 459,1934 457,1934 455,1934 452,1934 413,1961 384,1978 344,1978 346,2033"/>
        <Baseline points="346,2033 521,2029"/>
        <TextEquiv conf="0.9956412792205811">
          <Unicode>„ 26.</Unicode>
        </TextEquiv>
      </TextLine>
      <TextLine id="eSc_line_8cc16265" custom="structure {type:default;}">
        <Coords points="870,2038 870,2062 2828,2053 2830,2029 2823,1996 868,1998 870,2038"/>
        <Baseline points="870,2038 2830,2029"/>
        <TextEquiv conf="0.9985448227209204">
          <Unicode>12656 Inter fratres S. Mariae et S. Evodii Branenses et monachos S. Leodegarii (Sues-</Unicode>
        </TextEquiv>
      </TextLine>
      <TextLine id="eSc_line_97ca6230" custom="structure {type:default;}">
        <Coords points="660,2044 656,2117 731,2122 737,2049 735,1996 660,2002 660,2044"/>
        <Baseline points="660,2044 737,2049"/>
        <TextEquiv conf="1.0">
          <Unicode>„</Unicode>
        </TextEquiv>
      </TextLine>
      <TextLine id="eSc_line_9dda2a2d" custom="structure {type:default;}">
        <Coords points="916,2091 916,2115 2828,2113 2830,2084 2823,2051 914,2058 916,2091"/>
        <Baseline points="916,2091 2830,2084"/>
        <TextEquiv conf="0.9996765447251591">
          <Unicode>sionenses) ab Henrico episcopo Silvanectensi et P(etro) abbate S. Remigii Remensi</Unicode>
        </TextEquiv>
      </TextLine>
      <TextLine id="eSc_line_513e3282" custom="structure {type:default;}">
        <Coords points="916,2146 916,2170 2825,2173 2830,2142 2823,2111 914,2113 916,2146"/>
        <Baseline points="916,2146 2830,2142"/>
        <TextEquiv conf="0.9829223286814806">
          <Unicode>actum arbitrium probat. In tab. nat. Paris. Cartul. de St. Tved de Braine s. XIII.</Unicode>
        </TextEquiv>
      </TextLine>
      <TextLine id="eSc_line_6eb6e345" custom="structure {type:default;}">
        <Coords points="916,2201 916,2221 1961,2217 1964,2197 1957,2164 1604,2166 1599,2166 1524,2155 1522,2155 1520,2155 1475,2166 1440,2155 1438,2155 1436,2155 1433,2155 1431,2155 1431,2157 1429,2157 1420,2168 1414,2168 1254,2157 1252,2157 1250,2157 1212,2168 1197,2157 1195,2157 1193,2157 1190,2157 1188,2157 1153,2168 1140,2157 1137,2157 1135,2157 1038,2157 1036,2157 1034,2157 994,2168 930,2157 927,2157 925,2157 923,2157 923,2159 914,2166 916,2201"/>
        <Baseline points="916,2201 1964,2197"/>
        <TextEquiv conf="0.9943539381027222">
          <Unicode>LL. 1583. f. 20. — „Ex litteris venerabilis“.</Unicode>
        </TextEquiv>
      </TextLine>
      <TextLine id="eSc_line_cab355b7" custom="structure {type:default;}">
        <Coords points="346,2254 346,2285 521,2290 523,2248 517,2195 344,2201 346,2254"/>
        <Baseline points="346,2254 523,2248"/>
        <TextEquiv conf="0.9998682856559753">
          <Unicode>„ 27.</Unicode>
        </TextEquiv>
      </TextLine>
      <TextLine id="eSc_line_c59dbe18" custom="structure {type:default;}">
        <Coords points="870,2256 870,2279 2828,2283 2832,2250 2828,2217 868,2212 870,2256"/>
        <Baseline points="870,2256 2832,2250"/>
        <TextEquiv conf="0.9999379386384804">
          <Unicode>12657 Capitulo S. Martini Turonensi privilegia quaedam de „ecclesiae malefactoribus</Unicode>
        </TextEquiv>
      </TextLine>
      <TextLine id="eSc_line_5a8f5cfa" custom="structure {type:default;}">
        <Coords points="658,2265 662,2365 735,2351 733,2261 729,2217 653,2217 658,2265"/>
        <Baseline points="658,2265 733,2261"/>
        <TextEquiv conf="0.9999994039535522">
          <Unicode>„</Unicode>
        </TextEquiv>
      </TextLine>
      <TextLine id="eSc_line_489115a8" custom="structure {type:default;}">
        <Coords points="919,2309 919,2336 2828,2336 2828,2309 2828,2276 919,2274 919,2309"/>
        <Baseline points="919,2309 2828,2309"/>
        <TextEquiv conf="0.9994723677635193">
          <Unicode>et iuratis“ indulget, epistola ad Bartholomaeum decanum directa. In bibl. nat. Paris.</Unicode>
        </TextEquiv>
      </TextLine>
      <TextLine id="eSc_line_7c10723c" custom="structure {type:default;}">
        <Coords points="916,2365 916,2393 2043,2380 2045,2360 2041,2332 1489,2320 1486,2320 1425,2332 941,2323 938,2323 936,2323 914,2332 916,2365"/>
        <Baseline points="916,2365 2045,2360"/>
        <TextEquiv conf="0.9779046277205149">
          <Unicode>Coll. Baluze t. 76. f. 357. — „Hortatur nos et“.</Unicode>
        </TextEquiv>
      </TextLine>
      <TextLine id="eSc_line_946a2cc2" custom="structure {type:default;}">
        <Coords points="313,2415 313,2455 521,2449 521,2415 517,2347 457,2371 399,2371 373,2351 368,2347 366,2347 364,2347 362,2347 313,2351 313,2415"/>
        <Baseline points="313,2415 521,2415"/>
        <TextEquiv conf="0.984767769064222">
          <Unicode>Aug. 9.</Unicode>
        </TextEquiv>
      </TextLine>
      <TextLine id="eSc_line_e483d691" custom="structure {type:default;}">
        <Coords points="868,2420 868,2444 2828,2438 2830,2413 2825,2380 866,2378 868,2420"/>
        <Baseline points="868,2420 2830,2413"/>
        <TextEquiv conf="0.9982902795769447">
          <Unicode>12659 Archiepiscopos et episcopos, in quorum parochiis monasterium Casae-Dei ecclesias</Unicode>
        </TextEquiv>
      </TextLine>
      <TextLine id="eSc_line_795d3b5c" custom="structure {type:default;}">
        <Coords points="653,2429 653,2457 737,2453 737,2429 737,2393 653,2378 653,2429"/>
        <Baseline points="653,2429 737,2429"/>
        <TextEquiv conf="1.0">
          <Unicode>„</Unicode>
        </TextEquiv>
      </TextLine>
      <TextLine id="eSc_line_29bd260f" custom="structure {type:default;}">
        <Coords points="921,2473 921,2502 2828,2493 2830,2468 2823,2440 919,2442 921,2473"/>
        <Baseline points="921,2473 2830,2468"/>
        <TextEquiv conf="0.9988477741970735">
          <Unicode>habet, monet, ne ab ipsis procurationes exigant nec eis „novas et indebitas consuetu-</Unicode>
        </TextEquiv>
      </TextLine>
      <TextLine id="eSc_line_679127b1" custom="structure {type:default;}">
        <Coords points="919,2530 919,2555 2830,2546 2830,2521 2823,2493 916,2493 919,2530"/>
        <Baseline points="919,2530 2830,2521"/>
        <TextEquiv conf="0.997239014883151">
          <Unicode>dines imponant neque ipsos, qui in eisdem ecclesiis Domino famulantur, irrationabiliter</Unicode>
        </TextEquiv>
      </TextLine>
      <TextLine id="eSc_line_c0705efb" custom="structure {type:default;}">
        <Coords points="916,2585 916,2605 1467,2616 1469,2616 1537,2603 1548,2603 1559,2603 1639,2614 1641,2614 1643,2614 1674,2603 1679,2603 1687,2603 1771,2614 1774,2614 1939,2603 1944,2603 1948,2603 2041,2614 2043,2614 2129,2601 2140,2601 2151,2601 2224,2612 2227,2612 2624,2599 2626,2579 2622,2550 914,2548 916,2585"/>
        <Baseline points="916,2585 2626,2579"/>
        <TextEquiv conf="0.9979782725723696">
          <Unicode>fatigent“. Pflugk-Harttung Acta III. 243. — „Decet honestatem vestram“.</Unicode>
        </TextEquiv>
      </TextLine>
      <TextLine id="eSc_line_fa7de304" custom="structure {type:default;}">
        <Coords points="868,2636 868,2661 2825,2665 2828,2636 2828,2605 868,2597 868,2636"/>
        <Baseline points="868,2636 2828,2636"/>
        <TextEquiv conf="0.9945625483989715">
          <Unicode>12660 Fratribus S. Victoris Parisiensibus asserit maiorem decimam de Bussiaco, a</Unicode>
        </TextEquiv>
      </TextLine>
      <TextLine id="eSc_line_6b5e15f3" custom="structure {type:default;}">
        <Coords points="342,2641 344,2674 402,2656 519,2667 521,2634 514,2599 340,2605 342,2641"/>
        <Baseline points="342,2641 521,2634"/>
        <TextEquiv conf="0.9999999761581421">
          <Unicode>„ 10.</Unicode>
        </TextEquiv>
      </TextLine>
      <TextLine id="eSc_line_c6b44996" custom="structure {type:default;}">
        <Coords points="651,2647 651,2669 737,2661 737,2647 737,2614 651,2601 651,2647"/>
        <Baseline points="651,2647 737,2647"/>
        <TextEquiv conf="1.0">
          <Unicode>„</Unicode>
        </TextEquiv>
      </TextLine>
      <TextLine id="eSc_line_4576980b" custom="structure {type:default;}">
        <Coords points="925,2694 925,2720 2825,2711 2828,2685 2823,2656 923,2656 925,2694"/>
        <Baseline points="925,2694 2828,2685"/>
        <TextEquiv conf="0.9935111920517611">
          <Unicode>W(illelmo) archiepiscopo Senonensi, ap. sed. legato, et (Manasse) episcopo Aurelia-</Unicode>
        </TextEquiv>
      </TextLine>
      <TextLine id="eSc_line_f9e4a447" custom="structure {type:default;}">
        <Coords points="919,2749 919,2780 2823,2775 2825,2742 2821,2714 916,2714 919,2749"/>
        <Baseline points="919,2749 2825,2742"/>
        <TextEquiv conf="0.9994952537119388">
          <Unicode>nensi concessam. Privilegia quaedam addit. Autogr. in tabul. nat. Paris. L. 230.</Unicode>
        </TextEquiv>
      </TextLine>
      <TextLine id="eSc_line_880fd1e5" custom="structure {type:default;}">
        <Coords points="919,2804 919,2824 1791,2826 1794,2804 1794,2773 919,2764 919,2804"/>
        <Baseline points="919,2804 1794,2804"/>
        <TextEquiv conf="0.9931709954613134">
          <Unicode>n. 1. — „Iustis petentium desideriis“.</Unicode>
        </TextEquiv>
      </TextLine>
      <TextLine id="eSc_line_5f39300d" custom="structure {type:default;}">
        <Coords points="344,2857 346,2906 397,2888 439,2897 470,2903 472,2903 475,2903 523,2888 523,2853 517,2815 342,2817 344,2857"/>
        <Baseline points="344,2857 523,2853"/>
        <TextEquiv conf="0.9939937949180603">
          <Unicode>„ 13.</Unicode>
        </TextEquiv>
      </TextLine>
      <TextLine id="eSc_line_9f8980c0" custom="structure {type:default;}">
        <Coords points="868,2857 868,2892 2825,2877 2828,2848 2823,2817 866,2817 868,2857"/>
        <Baseline points="868,2857 2828,2848"/>
        <TextEquiv conf="0.9992067508208446">
          <Unicode>12661 Fratribus Curiae-dei concessam a Manasse, episcopo Arelianensi, domum de</Unicode>
        </TextEquiv>
      </TextLine>
      <TextLine id="eSc_line_e413d679" custom="structure {type:default;}">
        <Coords points="653,2870 653,2897 678,2910 680,2910 682,2910 742,2899 742,2870 742,2833 700,2817 698,2817 695,2817 693,2817 653,2833 653,2870"/>
        <Baseline points="653,2870 742,2870"/>
        <TextEquiv conf="0.9996117949485779">
          <Unicode>„</Unicode>
        </TextEquiv>
      </TextLine>
      <TextLine id="eSc_line_559e8d50" custom="structure {type:default;}">
        <Coords points="919,2912 919,2934 2823,2939 2828,2906 2821,2873 916,2881 919,2912"/>
        <Baseline points="919,2912 2828,2906"/>
        <TextEquiv conf="0.9970488815735548">
          <Unicode>Lanches asserit. In bibl. nat. Paris. ms. lat. 12739. f. 551. (Cartam Manassis</Unicode>
        </TextEquiv>
      </TextLine>
      <TextLine id="eSc_line_2d1df8a5" custom="structure {type:default;}">
        <Coords points="919,2965 919,2990 2328,2985 2330,2961 2324,2932 916,2934 919,2965"/>
        <Baseline points="919,2965 2330,2961"/>
        <TextEquiv conf="0.9995894829432169">
          <Unicode>anno 1171 datam vide ibid.) — „Iustis petentium desideriis“.</Unicode>
        </TextEquiv>
      </TextLine>
      <TextLine id="eSc_line_e321ccc8" custom="structure {type:default;}">
        <Coords points="872,3021 872,3051 2823,3045 2825,3016 2821,2985 870,2985 872,3021"/>
        <Baseline points="872,3021 2825,3016"/>
        <TextEquiv conf="0.9981667499944388">
          <Unicode>12662 L(aurentio) abbati et fratribus S. Richarii ecclesiam S. Luciani Lulliacensem</Unicode>
        </TextEquiv>
      </TextLine>
      <TextLine id="eSc_line_7e57a8c9" custom="structure {type:default;}">
        <Coords points="349,3023 349,3049 525,3045 525,3018 519,2974 346,2979 349,3023"/>
        <Baseline points="349,3023 525,3018"/>
        <TextEquiv conf="0.9996858954429626">
          <Unicode>„ 22.</Unicode>
        </TextEquiv>
      </TextLine>
      <TextLine id="eSc_line_8d9e20a8" custom="structure {type:default;}">
        <Coords points="653,3032 649,3104 726,3109 733,3036 733,2983 653,2981 653,3032"/>
        <Baseline points="653,3032 733,3036"/>
        <TextEquiv conf="0.9998992681503296">
          <Unicode>„</Unicode>
        </TextEquiv>
      </TextLine>
      <TextLine id="eSc_line_41f203dc" custom="structure {type:default;}">
        <Coords points="919,3078 919,3100 2675,3093 2677,3071 2673,3040 963,3036 961,3036 958,3036 916,3047 919,3078"/>
        <Baseline points="919,3078 2677,3071"/>
        <TextEquiv conf="0.9965952921223331">
          <Unicode>asserit. In bibl. nat. Paris. ms. lat. 12890. f. 40. — „Cum ecclesia vestra“.</Unicode>
        </TextEquiv>
      </TextLine>
      <TextLine id="eSc_line_7bf56535" custom="structure {type:default;}">
        <Coords points="349,3131 351,3168 404,3149 433,3162 437,3162 439,3162 441,3162 525,3151 525,3124 521,3091 346,3091 349,3131"/>
        <Baseline points="349,3131 525,3124"/>
        <TextEquiv conf="0.9997575163841248">
          <Unicode>„ 23.</Unicode>
        </TextEquiv>
      </TextLine>
      <TextLine id="eSc_line_e30d6716" custom="structure {type:default;}">
        <Coords points="870,3133 870,3164 2825,3151 2828,3124 2821,3093 868,3100 870,3133"/>
        <Baseline points="870,3133 2828,3124"/>
        <TextEquiv conf="0.9981249742124273">
          <Unicode>12663 Capellanis civitatis Patavinae concessa a Gerardo episcopo eiusque antecessoribus</Unicode>
        </TextEquiv>
      </TextLine>
      <TextLine id="eSc_line_de9fe706" custom="structure {type:default;}">
        <Coords points="662,3144 662,3162 740,3160 740,3144 740,3093 662,3091 662,3144"/>
        <Baseline points="662,3144 740,3144"/>
        <TextEquiv conf="0.9586330056190491">
          <Unicode>„</Unicode>
        </TextEquiv>
      </TextLine>
      <TextLine id="eSc_line_c96e0db7" custom="structure {type:default;}">
        <Coords points="919,3186 919,3213 2823,3202 2825,3177 2819,3151 916,3155 919,3186"/>
        <Baseline points="919,3186 2825,3177"/>
        <TextEquiv conf="0.9850727066397666">
          <Unicode>quartisia decimarum quarundam confirmat. (Verba „pont. n. a. XIIII.“ certe addi-</Unicode>
        </TextEquiv>
      </TextLine>
      <TextLine id="eSc_line_10b96e57" custom="structure {type:default;}">
        <Coords points="919,3239 919,3266 2821,3261 2823,3235 2816,3202 916,3208 919,3239"/>
        <Baseline points="919,3239 2823,3235"/>
        <TextEquiv conf="0.9905420207395786">
          <Unicode>ticia sunt, ipsaque bulla non videtur a suspicione libera.) Gloria Cod. dipl. Pad.</Unicode>
        </TextEquiv>
      </TextLine>
      <TextLine id="eSc_line_11d3a505" custom="structure {type:default;}">
        <Coords points="919,3292 916,3316 1672,3321 1676,3297 1672,3255 919,3259 919,3292"/>
        <Baseline points="919,3292 1676,3297"/>
        <TextEquiv conf="0.9973959624767303">
          <Unicode>II. 281. — „Postulavit a nobis“.</Unicode>
        </TextEquiv>
      </TextLine>
      <TextLine id="eSc_line_b407f826" custom="structure {type:default;}">
        <Coords points="870,3350 870,3380 2821,3367 2823,3339 2816,3310 868,3314 870,3350"/>
        <Baseline points="870,3350 2823,3339"/>
        <TextEquiv conf="0.9935016217111032">
          <Unicode>12664 (8414) Pacem inter Hugonem, episcopum Terracinensem, et Petrum de Roberto</Unicode>
        </TextEquiv>
      </TextLine>
      <TextLine id="eSc_line_c9e10027" custom="structure {type:default;}">
        <Coords points="346,3352 346,3383 530,3383 530,3345 521,3237 342,3250 346,3352"/>
        <Baseline points="346,3352 530,3345"/>
        <TextEquiv conf="0.9762390971183776">
          <Unicode>„ 26.</Unicode>
        </TextEquiv>
      </TextLine>
      <TextLine id="eSc_line_3b207f88" custom="structure {type:default;}">
        <Coords points="660,3363 665,3500 753,3502 748,3358 742,3303 656,3310 660,3363"/>
        <Baseline points="660,3363 748,3358"/>
        <TextEquiv conf="0.9769672155380249">
          <Unicode>„</Unicode>
        </TextEquiv>
      </TextLine>
      <TextLine id="eSc_line_c37ea1c7" custom="structure {type:default;}">
        <Coords points="919,3407 919,3431 2819,3425 2821,3394 2814,3363 916,3376 919,3407"/>
        <Baseline points="919,3407 2821,3394"/>
        <TextEquiv conf="0.9938931413638739">
          <Unicode>a B(ernardo) episcopo Portuensi et P(etro) tit. S. Laurentii in Damaso presbytero</Unicode>
        </TextEquiv>
      </TextLine>
      <TextLine id="eSc_line_6270477f" custom="structure {type:default;}">
        <Coords points="921,3458 921,3491 1294,3491 1367,3506 1369,3506 1372,3506 1374,3506 1396,3489 1398,3489 1411,3489 1551,3504 1553,3504 1555,3504 1586,3489 1615,3502 1617,3502 1619,3502 1621,3502 1661,3489 1663,3489 1789,3502 1791,3502 1794,3502 1824,3489 1860,3500 1862,3500 1864,3500 2017,3486 2026,3486 2037,3486 2339,3502 2341,3502 2527,3491 2697,3500 2699,3500 2702,3500 2733,3484 2783,3500 2786,3500 2788,3500 2790,3500 2819,3482 2819,3449 2812,3420 919,3427 921,3458"/>
        <Baseline points="921,3458 2819,3449"/>
        <TextEquiv conf="0.9971597492694855">
          <Unicode>cardinali conciliatam confirmaf. Cantator Hist. Terracin. p. 399, Migne 200 p. 1058.</Unicode>
        </TextEquiv>
      </TextLine>
      <TextLine id="eSc_line_c2036110" custom="structure {type:default;}">
        <Coords points="925,3513 927,3575 980,3555 1005,3570 1007,3570 1009,3570 1011,3570 1014,3570 1016,3570 1062,3555 1075,3566 1082,3573 1082,3575 1084,3575 1087,3575 1089,3575 1257,3570 1259,3570 1261,3570 1261,3568 1274,3555 1277,3555 1312,3555 1312,3513 1312,3484 925,3484 925,3513"/>
        <Baseline points="925,3513 1312,3513"/>
        <TextEquiv conf="0.9946961786065783">
          <Unicode>— „Cum tu et“.</Unicode>
        </TextEquiv>
      </TextLine>
    </TextRegion>
    <TextRegion id="eSc_textblock_5665cbb9"  custom="structure {type:default;}">
      <Coords points="1106,167 2026,167 2043,245 2026,271 1102,271 1067,212 1106,167"/>
      <TextLine id="eSc_line_0a3c3f52" custom="structure {type:default;}">
        <Coords points="1098,238 1098,260 2021,253 2021,231 2017,185 1935,170 1933,170 1796,183 1760,170 1758,170 1756,170 1754,170 1752,170 1732,183 1712,172 1710,172 1707,172 1599,185 1522,172 1520,172 1517,172 1486,185 1473,172 1473,170 1471,170 1469,170 1402,170 1400,170 1140,172 1137,172 1095,189 1098,238"/>
        <Baseline points="1098,238 2021,231"/>
        <TextEquiv conf="0.9990357160568237">
          <Unicode>ALEXANDER III. 1159—1181.</Unicode>
        </TextEquiv>
      </TextLine>
    </TextRegion>
  </Page>
</PcGts>
