<?xml version="1.0" encoding="UTF-8"  standalone="yes"?>
<PcGts xmlns="http://schema.primaresearch.org/PAGE/gts/pagecontent/2019-07-15" xmlns:xsi="http://www.w3.org/2001/XMLSchema-instance" xsi:schemaLocation="http://schema.primaresearch.org/PAGE/gts/pagecontent/2019-07-15 http://schema.primaresearch.org/PAGE/gts/pagecontent/2019-07-15/pagecontent.xsd">
  <Metadata>
	<Creator>escriptorium</Creator>
	<Created>2024-07-19T10:11:02.684082+00:00</Created>
        <LastChange>2024-08-08T08:40:01.071673+00:00</LastChange>
  </Metadata>
  <Page imageFilename="0313.png" imageWidth="3007" imageHeight="3975">
    <TextRegion id="eSc_textblock_71c92226"  custom="structure {type:default;}">
      <Coords points="302,167 430,167 448,236 318,271 273,236 302,167"/>
      <TextLine id="eSc_line_fe1d8a2d" custom="structure {type:default;}">
        <Coords points="304,229 304,260 428,260 428,225 424,181 368,170 366,170 300,181 304,229"/>
        <Baseline points="304,229 428,225"/>
        <TextEquiv conf="1.0">
          <Unicode>300</Unicode>
        </TextEquiv>
      </TextLine>
    </TextRegion>
    <TextRegion id="eSc_textblock_923b7154"  custom="structure {type:default;}">
      <Coords points="322,309 2883,318 2874,3531 954,3548 828,3504 600,3513 581,3115 572,3504 300,3504 265,724 273,326 322,309"/>
      <TextLine id="eSc_line_52634389" custom="structure {type:default;}">
        <Coords points="2138,313 2054,329 1997,315 1995,315 1992,315 1615,329 1531,315 1528,315 1526,315 1482,331 1374,318 1372,318 1219,331 1190,318 1188,318 881,318 879,318 877,318 846,331 848,377 848,404 2788,404 2788,371 2783,329 2140,313 2138,313"/>
        <Baseline points="848,377 2788,371"/>
        <TextEquiv conf="0.9812510785129335">
          <Unicode>1176. (Ind. 9. — 25. Sept. — 10, pont. a. 17. — 20. Sept. — 18, 1175. — 25. Mart. — 1176.)</Unicode>
        </TextEquiv>
      </TextLine>
      <TextLine id="eSc_line_16fe5083" custom="structure {type:default;}">
        <Coords points="932,439 932,463 2839,465 2843,432 2839,399 1568,390 1566,390 1564,390 1531,401 1049,393 1047,393 930,404 932,439"/>
        <Baseline points="932,439 2843,432"/>
        <TextEquiv conf="0.9995725353558859">
          <Unicode>„sine Lombardis, aut sine (Willelmi) regis Siciliae, vel (Manuelis) Constantinopolitani</Unicode>
        </TextEquiv>
      </TextLine>
      <TextLine id="eSc_line_6b8af9f8" custom="structure {type:default;}">
        <Coords points="930,490 930,516 2841,523 2843,490 2841,454 930,459 930,490"/>
        <Baseline points="930,490 2843,490"/>
        <TextEquiv conf="0.9979118712437458">
          <Unicode>imperatoris (assensu) pacem ad plenum statueret“. Ex conventu se in Lombardiam</Unicode>
        </TextEquiv>
      </TextLine>
      <TextLine id="eSc_line_d7731516" custom="structure {type:default;}">
        <Coords points="930,545 930,569 2845,569 2845,545 2845,516 930,516 930,545"/>
        <Baseline points="930,545 2845,545"/>
        <TextEquiv conf="0.9974065748758094">
          <Unicode>cum regis Siciliae nunciis, per litteras vocandis, venturum esse. Mandat, „rectores et</Unicode>
        </TextEquiv>
      </TextLine>
      <TextLine id="eSc_line_d9c7eef4" custom="structure {type:default;}">
        <Coords points="934,596 932,618 2839,633 2843,605 2841,571 934,563 934,596"/>
        <Baseline points="934,596 2843,605"/>
        <TextEquiv conf="0.9916124407734189">
          <Unicode>consules societatis Lombardiae moneant, ut, ad quem locum securius applicare possit,</Unicode>
        </TextEquiv>
      </TextLine>
      <TextLine id="eSc_line_80cf7352" custom="structure {type:default;}">
        <Coords points="934,651 932,677 2839,684 2843,658 2841,627 934,620 934,651"/>
        <Baseline points="934,651 2843,658"/>
        <TextEquiv conf="0.9998792077219764">
          <Unicode>et liberius et honestius de pace tractare, sibi sine dilatione significent, et interim</Unicode>
        </TextEquiv>
      </TextLine>
      <TextLine id="eSc_line_919666a4" custom="structure {type:default;}">
        <Coords points="936,706 934,730 2841,744 2845,713 2843,673 936,673 936,706"/>
        <Baseline points="936,706 2845,713"/>
        <TextEquiv conf="0.992053230603536">
          <Unicode>societatem et unitatem suam consolident et confirment“. Pez Thes. anecd. VI. I. 397,</Unicode>
        </TextEquiv>
      </TextLine>
      <TextLine id="eSc_line_acb2ce98" custom="structure {type:default;}">
        <Coords points="936,766 936,795 1100,783 1179,792 1230,797 1232,797 1235,797 1252,790 1274,783 1323,790 1380,797 1383,797 1385,797 1418,788 1447,781 1473,788 1500,795 1502,795 1504,795 1592,792 1595,792 1597,792 1597,790 1604,786 1606,781 1617,786 1641,795 1643,795 1646,797 1902,797 1902,795 1904,795 1964,779 1964,761 1959,733 934,728 936,766"/>
        <Baseline points="936,766 1964,761"/>
        <TextEquiv conf="0.998311657731126">
          <Unicode>Migne 200 p. 1081. — „Pro tractata pace“.</Unicode>
        </TextEquiv>
      </TextLine>
      <TextLine id="eSc_line_59eb3958" custom="structure {type:default;}">
        <Coords points="331,825 331,859 554,856 554,823 547,722 329,722 331,825"/>
        <Baseline points="331,825 554,823"/>
        <TextEquiv conf="0.9596607089042664">
          <Unicode>oar. 2.</Unicode>
        </TextEquiv>
      </TextLine>
      <TextLine id="eSc_line_6d1b4c1e" custom="structure {type:default;}">
        <Coords points="581,821 581,867 821,859 821,821 821,726 581,724 581,821"/>
        <Baseline points="581,821 821,821"/>
        <TextEquiv conf="0.9954666867852211">
          <Unicode>Aaarniae</Unicode>
        </TextEquiv>
      </TextLine>
      <TextLine id="eSc_line_68a0af9d" custom="structure {type:default;}">
        <Coords points="881,821 881,843 2847,841 2850,817 2845,783 879,779 881,821"/>
        <Baseline points="881,821 2850,817"/>
        <TextEquiv conf="0.9954025034200061">
          <Unicode>12738 Ecclesiae S. Basilii Senensis tutelam suscipit, bonaque et iura confirmat, petente</Unicode>
        </TextEquiv>
      </TextLine>
      <TextLine id="eSc_line_4bbd2839" custom="structure {type:default;}">
        <Coords points="938,874 938,896 2775,896 2775,874 2775,843 938,839 938,874"/>
        <Baseline points="938,874 2775,874"/>
        <TextEquiv conf="0.9994202945139501">
          <Unicode>Madio presbyterio. Pflugk-Harttung Acta III. 253. — „Quotiens illud a nobis“.</Unicode>
        </TextEquiv>
      </TextLine>
      <TextLine id="eSc_line_f7b74f38" custom="structure {type:default;}">
        <Coords points="360,942 360,971 366,978 366,980 368,980 371,980 373,980 375,980 408,969 421,965 541,976 543,936 536,896 357,907 360,942"/>
        <Baseline points="360,942 543,936"/>
        <TextEquiv conf="0.9999934434890747">
          <Unicode>„ 8.</Unicode>
        </TextEquiv>
      </TextLine>
      <TextLine id="eSc_line_09374170" custom="structure {type:default;}">
        <Coords points="667,942 665,960 680,971 682,971 684,971 687,971 748,958 751,947 748,914 667,903 667,942"/>
        <Baseline points="667,942 751,947"/>
        <TextEquiv conf="1.0">
          <Unicode>„</Unicode>
        </TextEquiv>
      </TextLine>
      <TextLine id="eSc_line_2c37cdc8" custom="structure {type:default;}">
        <Coords points="883,931 883,949 2850,947 2850,927 2845,896 905,887 903,887 901,887 881,896 883,931"/>
        <Baseline points="883,931 2850,927"/>
        <TextEquiv conf="0.9974251448372264">
          <Unicode>12739 (8445) Inter (Theobaldum) Placentinum et Parmensem episcopos, sententiam de</Unicode>
        </TextEquiv>
      </TextLine>
      <TextLine id="eSc_line_9a6e5241" custom="structure {type:default;}">
        <Coords points="936,982 936,1004 2845,1015 2847,982 2847,951 936,951 936,982"/>
        <Baseline points="936,982 2847,982"/>
        <TextEquiv conf="0.9975358926972677">
          <Unicode>ecclesia Castri Speculi et ecclesia S. Christinae a (lohanne) episcopo Brixiensi latam</Unicode>
        </TextEquiv>
      </TextLine>
      <TextLine id="eSc_line_96843eec" custom="structure {type:default;}">
        <Coords points="936,1040 936,1068 2845,1062 2847,1035 2841,1004 934,1007 936,1040"/>
        <Baseline points="936,1040 2847,1035"/>
        <TextEquiv conf="0.9940283688498132">
          <Unicode>probat. Campi Hist. di Piac. II. 364, Migne 200 p. 1082: „VI. id. Nov.“, (Pflugk-</Unicode>
        </TextEquiv>
      </TextLine>
      <TextLine id="eSc_line_0180db13" custom="structure {type:default;}">
        <Coords points="936,1093 936,1115 2423,1110 2425,1088 2419,1051 934,1062 936,1093"/>
        <Baseline points="936,1093 2425,1088"/>
        <TextEquiv conf="0.999027051708915">
          <Unicode>Harttung Iter p. 73: „II. id. Nov.“). — „Ex litteris venerabilis“.</Unicode>
        </TextEquiv>
      </TextLine>
      <TextLine id="eSc_line_6caef03e" custom="structure {type:default;}">
        <Coords points="357,1166 357,1185 543,1188 545,1159 539,1106 488,1108 486,1108 483,1108 483,1110 481,1113 466,1126 355,1126 357,1166"/>
        <Baseline points="357,1166 545,1159"/>
        <TextEquiv conf="0.9999974966049194">
          <Unicode>„ S.</Unicode>
        </TextEquiv>
      </TextLine>
      <TextLine id="eSc_line_7209da39" custom="structure {type:default;}">
        <Coords points="673,1166 673,1190 751,1196 753,1166 751,1060 673,1062 673,1166"/>
        <Baseline points="673,1166 753,1166"/>
        <TextEquiv conf="0.9999988079071045">
          <Unicode>„</Unicode>
        </TextEquiv>
      </TextLine>
      <TextLine id="eSc_line_3f0a9658" custom="structure {type:default;}">
        <Coords points="892,1152 892,1174 2843,1177 2847,1148 2841,1110 890,1113 892,1152"/>
        <Baseline points="892,1152 2847,1148"/>
        <TextEquiv conf="0.9959067730016486">
          <Unicode>12740 (8446) Monasterii Schoenthalensis protectionem suscipit, possessiones confirmat,</Unicode>
        </TextEquiv>
      </TextLine>
      <TextLine id="eSc_line_ce2546ba" custom="structure {type:default;}">
        <Coords points="941,1205 941,1238 2839,1223 2841,1199 2834,1168 938,1170 941,1205"/>
        <Baseline points="941,1205 2841,1199"/>
        <TextEquiv conf="0.9968404941260814">
          <Unicode>privilegia instituit, petente Hartwico abbate. Wirtemberg. Urkundenb. II. 179. —</Unicode>
        </TextEquiv>
      </TextLine>
      <TextLine id="eSc_line_d3f3ae39" custom="structure {type:default;}">
        <Coords points="941,1260 941,1280 1601,1285 1604,1285 1606,1285 1654,1272 1654,1254 1650,1225 1175,1216 1173,1216 967,1219 965,1219 938,1227 941,1260"/>
        <Baseline points="941,1260 1654,1254"/>
        <TextEquiv conf="0.9982021162586827">
          <Unicode>„Religiosam vitam eligentibus“.</Unicode>
        </TextEquiv>
      </TextLine>
      <TextLine id="eSc_line_089b1b9d" custom="structure {type:default;}">
        <Coords points="364,1325 364,1358 550,1349 550,1320 545,1249 494,1249 492,1249 490,1249 488,1249 463,1265 428,1289 362,1289 364,1325"/>
        <Baseline points="364,1325 550,1320"/>
        <TextEquiv conf="0.9982931852340698">
          <Unicode>„ 15.</Unicode>
        </TextEquiv>
      </TextLine>
      <TextLine id="eSc_line_3b7067e9" custom="structure {type:default;}">
        <Coords points="665,1331 665,1362 762,1355 762,1331 760,1287 665,1291 665,1331"/>
        <Baseline points="665,1331 762,1331"/>
        <TextEquiv conf="0.9998773336410522">
          <Unicode>„</Unicode>
        </TextEquiv>
      </TextLine>
      <TextLine id="eSc_line_02a86487" custom="structure {type:default;}">
        <Coords points="888,1313 888,1338 2850,1333 2852,1309 2847,1272 930,1267 927,1267 925,1267 885,1278 888,1313"/>
        <Baseline points="888,1313 2852,1309"/>
        <TextEquiv conf="0.998465437780727">
          <Unicode>12741 (8447) Monasterii S. Germani Parisiensis protectionem suscipit, possessionesque ac</Unicode>
        </TextEquiv>
      </TextLine>
      <TextLine id="eSc_line_71609f60" custom="structure {type:default;}">
        <Coords points="938,1369 938,1393 2843,1397 2847,1364 2843,1336 936,1333 938,1369"/>
        <Baseline points="938,1369 2847,1364"/>
        <TextEquiv conf="0.999913001205863">
          <Unicode>iura confirmat, petente Hugone abbate. Bouillart Hist. de St. Germain des Prez Pr.</Unicode>
        </TextEquiv>
      </TextLine>
      <TextLine id="eSc_line_672da52f" custom="structure {type:default;}">
        <Coords points="938,1426 938,1450 1098,1446 1124,1450 1173,1457 1175,1457 1294,1448 1352,1444 1365,1446 1391,1455 1394,1455 1396,1455 1398,1455 1420,1446 1429,1444 1455,1446 1539,1455 1542,1455 1626,1444 1648,1442 1650,1444 1659,1450 1659,1453 1661,1453 1663,1453 1665,1455 1889,1455 1889,1453 1891,1453 1924,1442 1928,1439 1933,1442 1955,1450 1957,1450 1959,1453 2163,1453 2163,1450 2165,1450 2216,1437 2216,1417 2209,1386 936,1389 938,1426"/>
        <Baseline points="938,1426 2216,1417"/>
        <TextEquiv conf="0.9994762150140909">
          <Unicode>p. 44, Migne 200 p. 1083. — „Monet nos apostolicae“.</Unicode>
        </TextEquiv>
      </TextLine>
      <TextLine id="eSc_line_f8d13dfe" custom="structure {type:default;}">
        <Coords points="366,1490 368,1521 421,1508 452,1517 457,1519 459,1519 461,1519 541,1512 541,1484 536,1446 477,1435 475,1435 364,1457 366,1490"/>
        <Baseline points="366,1490 541,1484"/>
        <TextEquiv conf="0.9999999523162841">
          <Unicode>„ 28.</Unicode>
        </TextEquiv>
      </TextLine>
      <TextLine id="eSc_line_427e8342" custom="structure {type:default;}">
        <Coords points="673,1495 673,1519 762,1503 762,1495 762,1455 673,1455 673,1495"/>
        <Baseline points="673,1495 762,1495"/>
        <TextEquiv conf="0.9999996423721313">
          <Unicode>„</Unicode>
        </TextEquiv>
      </TextLine>
      <TextLine id="eSc_line_78e4f053" custom="structure {type:default;}">
        <Coords points="890,1481 890,1506 2850,1503 2852,1472 2845,1439 888,1444 890,1481"/>
        <Baseline points="890,1481 2852,1472"/>
        <TextEquiv conf="0.9997012892434763">
          <Unicode>12742 (8448) Ecclesiae S. Laurentii Florentinae protectionem suscipit, et bona iuraque</Unicode>
        </TextEquiv>
      </TextLine>
      <TextLine id="eSc_line_bcce73fb" custom="structure {type:default;}">
        <Coords points="938,1530 936,1550 963,1563 965,1563 967,1563 2847,1554 2850,1534 2847,1501 938,1497 938,1530"/>
        <Baseline points="938,1530 2850,1534"/>
        <TextEquiv conf="0.9969819843033214">
          <Unicode>confirmat, petente Bernardo priore. Lami Eccl. Fl. Mon. III. 1780, Cianfogni Mem.</Unicode>
        </TextEquiv>
      </TextLine>
      <TextLine id="eSc_line_35192798" custom="structure {type:default;}">
        <Coords points="936,1587 936,1609 2410,1605 2412,1583 2406,1554 934,1556 936,1587"/>
        <Baseline points="936,1587 2412,1583"/>
        <TextEquiv conf="0.9887637458150349">
          <Unicode>ist. p. 205, Migne 200 p. 1084. — „Piae voluntatis postulatio“.</Unicode>
        </TextEquiv>
      </TextLine>
      <TextLine id="eSc_line_e6091f54" custom="structure {type:default;}">
        <Coords points="309,1649 309,1680 342,1696 344,1696 346,1696 512,1682 512,1649 512,1609 309,1607 309,1649"/>
        <Baseline points="309,1649 512,1649"/>
        <TextEquiv conf="0.9968755160059247">
          <Unicode>c. Nov.</Unicode>
        </TextEquiv>
      </TextLine>
      <TextLine id="eSc_line_e7d3be11" custom="structure {type:default;}">
        <Coords points="658,1654 658,1684 766,1682 766,1654 764,1556 658,1561 658,1654"/>
        <Baseline points="658,1654 766,1654"/>
        <TextEquiv conf="0.9999999205271403">
          <Unicode>(„)</Unicode>
        </TextEquiv>
      </TextLine>
      <TextLine id="eSc_line_a6f30808" custom="structure {type:default;}">
        <Coords points="890,1645 890,1669 2852,1660 2852,1638 2847,1607 905,1601 903,1601 901,1601 899,1601 888,1607 890,1645"/>
        <Baseline points="890,1645 2852,1638"/>
        <TextEquiv conf="0.9988274681999023">
          <Unicode>12743 (8449) Rectoribus Marchiae respondet, ne credant, se cum imperatore pacem iam</Unicode>
        </TextEquiv>
      </TextLine>
      <TextLine id="eSc_line_0d09b320" custom="structure {type:default;}">
        <Coords points="938,1691 936,1715 954,1726 956,1726 958,1726 961,1726 1780,1718 1908,1729 1911,1729 2852,1718 2854,1696 2854,1665 938,1660 938,1691"/>
        <Baseline points="938,1691 2854,1696"/>
        <TextEquiv conf="0.999521866822854">
          <Unicode>composuisse. Licet (Wichmannus) archiepiscopus Magdeburgensis, O. (Christianus</Unicode>
        </TextEquiv>
      </TextLine>
      <TextLine id="eSc_line_e302d354" custom="structure {type:default;}">
        <Coords points="938,1753 938,1777 2852,1775 2854,1749 2847,1718 936,1720 938,1753"/>
        <Baseline points="938,1753 2854,1749"/>
        <TextEquiv conf="0.9942841987277187">
          <Unicode>archiepiscopus Moguntinus) cancellarius, (Conradus) electus Wormatiensis et (Arduinus)</Unicode>
        </TextEquiv>
      </TextLine>
      <TextLine id="eSc_line_65bd5d9b" custom="structure {type:default;}">
        <Coords points="938,1806 938,1835 2847,1832 2850,1799 2845,1773 936,1773 938,1806"/>
        <Baseline points="938,1806 2850,1799"/>
        <TextEquiv conf="0.9992929071914859">
          <Unicode>protonotarius imperatoris pacificatum venissent, moveri se non potuisse, „ut pacem</Unicode>
        </TextEquiv>
      </TextLine>
      <TextLine id="eSc_line_69c567f4" custom="structure {type:default;}">
        <Coords points="938,1863 938,1890 2852,1888 2854,1855 2847,1824 936,1832 938,1863"/>
        <Baseline points="938,1863 2854,1855"/>
        <TextEquiv conf="0.9989696028588833">
          <Unicode>ecclesiae sine (pace) eorum et (Willelmi) regis Siciliae et aliorum adiutorum ecclesiae</Unicode>
        </TextEquiv>
      </TextLine>
      <TextLine id="eSc_line_ecba8bde" custom="structure {type:default;}">
        <Coords points="938,1916 938,1943 2850,1943 2852,1912 2845,1883 936,1885 938,1916"/>
        <Baseline points="938,1916 2852,1912"/>
        <TextEquiv conf="0.9954561404435032">
          <Unicode>reciperet“. Nunciat, una cum regis Siciliae nunciis se ad eos venturum. Haec addit:</Unicode>
        </TextEquiv>
      </TextLine>
      <TextLine id="eSc_line_b5eb010a" custom="structure {type:default;}">
        <Coords points="943,1976 943,2002 2850,1991 2852,1965 2847,1936 1705,1930 1703,1930 1701,1930 1699,1930 1683,1941 1325,1932 1323,1932 1157,1943 980,1934 978,1934 976,1934 941,1945 943,1976"/>
        <Baseline points="943,1976 2852,1965"/>
        <TextEquiv conf="0.9992779202239458">
          <Unicode>„viriliter agite et in domino confortamini ac vestro pio proposito persistentes, donec</Unicode>
        </TextEquiv>
      </TextLine>
      <TextLine id="eSc_line_f1ed69da" custom="structure {type:default;}">
        <Coords points="943,2027 943,2053 2850,2044 2852,2020 2845,1991 941,1996 943,2027"/>
        <Baseline points="943,2027 2852,2020"/>
        <TextEquiv conf="0.9955966621637344">
          <Unicode>pax consummet societatem vestram, in eodem proposito propensius solidandam“. Pez</Unicode>
        </TextEquiv>
      </TextLine>
      <TextLine id="eSc_line_48aa0b3f" custom="structure {type:default;}">
        <Coords points="941,2080 941,2108 2847,2102 2850,2073 2843,2044 938,2049 941,2080"/>
        <Baseline points="941,2080 2850,2073"/>
        <TextEquiv conf="0.9910018708132491">
          <Unicode>Thes. anecd. VI. I. 388, Gloria Cod. dipl. Padov. II. 332, Migne 200 p. 1086. —</Unicode>
        </TextEquiv>
      </TextLine>
      <TextLine id="eSc_line_8a60a612" custom="structure {type:default;}">
        <Coords points="941,2137 941,2170 1009,2159 1100,2166 1131,2168 1133,2168 1524,2153 1526,2131 1520,2100 938,2104 941,2137"/>
        <Baseline points="941,2137 1526,2131"/>
        <TextEquiv conf="0.9999653586634883">
          <Unicode>„Intelleximus ex litteris“.</Unicode>
        </TextEquiv>
      </TextLine>
      <TextLine id="eSc_line_427416cc" custom="structure {type:default;}">
        <Coords points="331,2197 331,2226 547,2230 550,2197 550,2122 331,2106 331,2197"/>
        <Baseline points="331,2197 550,2197"/>
        <TextEquiv conf="0.9808583515030997">
          <Unicode>Der. 6.</Unicode>
        </TextEquiv>
      </TextLine>
      <TextLine id="eSc_line_0dda7f96" custom="structure {type:default;}">
        <Coords points="605,2197 605,2212 658,2228 660,2228 662,2228 790,2223 793,2223 795,2223 819,2208 819,2190 815,2108 600,2102 605,2197"/>
        <Baseline points="605,2197 819,2190"/>
        <TextEquiv conf="0.999212520463126">
          <Unicode>Anagpia</Unicode>
        </TextEquiv>
      </TextLine>
      <TextLine id="eSc_line_4d914571" custom="structure {type:default;}">
        <Coords points="888,2192 888,2219 2737,2212 2739,2186 2733,2146 1056,2155 1051,2155 987,2144 985,2144 885,2155 888,2192"/>
        <Baseline points="888,2192 2739,2186"/>
        <TextEquiv conf="0.9909379451305835">
          <Unicode>proficiscitur „8 id. Decembris“. Annal. Ceccanenses 1176 in MG. SS. XIX. 286.</Unicode>
        </TextEquiv>
      </TextLine>
      <TextLine id="eSc_line_8649ac02" custom="structure {type:default;}">
        <Coords points="371,2263 371,2312 415,2314 417,2263 417,2232 371,2232 371,2263"/>
        <Baseline points="371,2263 417,2263"/>
        <TextEquiv conf="0.9999998807907104">
          <Unicode>„</Unicode>
        </TextEquiv>
      </TextLine>
      <TextLine id="eSc_line_aedfa19c" custom="structure {type:default;}">
        <Coords points="581,2252 583,2287 620,2276 835,2283 839,2248 832,2212 578,2212 581,2252"/>
        <Baseline points="581,2252 839,2248"/>
        <TextEquiv conf="0.9999975323677063">
          <Unicode>per terram</Unicode>
        </TextEquiv>
      </TextLine>
      <TextLine id="eSc_line_63884270" custom="structure {type:default;}">
        <Coords points="894,2245 894,2279 2092,2281 2094,2245 2094,2212 894,2210 894,2245"/>
        <Baseline points="894,2245 2094,2245"/>
        <TextEquiv conf="0.998122653182672">
          <Unicode>Vide Romualdi Salern. Annal. in MG. SS. XIX. 443.</Unicode>
        </TextEquiv>
      </TextLine>
      <TextLine id="eSc_line_18e26989" custom="structure {type:default;}">
        <Coords points="616,2305 616,2327 810,2323 810,2301 804,2270 614,2272 616,2305"/>
        <Baseline points="616,2305 810,2301"/>
        <TextEquiv conf="1.0">
          <Unicode>Laboris</Unicode>
        </TextEquiv>
      </TextLine>
      <TextLine id="eSc_line_48f342a6" custom="structure {type:default;}">
        <Coords points="371,2365 373,2391 417,2376 461,2382 521,2389 523,2389 525,2389 528,2389 547,2373 547,2360 543,2279 488,2279 486,2279 483,2279 481,2279 459,2294 430,2312 368,2312 371,2365"/>
        <Baseline points="371,2365 547,2360"/>
        <TextEquiv conf="0.9810753345489502">
          <Unicode>„ 25.</Unicode>
        </TextEquiv>
      </TextLine>
      <TextLine id="eSc_line_3d455900" custom="structure {type:default;}">
        <Coords points="596,2360 596,2393 760,2402 762,2402 835,2387 835,2356 828,2323 594,2325 596,2360"/>
        <Baseline points="596,2360 835,2356"/>
        <TextEquiv conf="0.9999993244806925">
          <Unicode>Beneventi</Unicode>
        </TextEquiv>
      </TextLine>
      <TextLine id="eSc_line_ea8283de" custom="structure {type:default;}">
        <Coords points="892,2356 892,2387 1022,2385 1025,2385 1027,2385 1027,2382 1038,2373 1195,2385 1197,2385 1581,2371 1606,2382 1608,2382 1610,2385 1694,2385 1968,2385 1968,2382 1970,2382 1972,2382 1986,2371 2101,2380 2105,2351 2098,2303 1999,2318 1924,2318 1908,2303 1906,2303 1904,2303 1902,2303 1900,2303 1893,2305 1847,2316 1800,2305 1787,2303 1785,2303 1767,2305 1707,2316 1654,2307 1630,2303 1628,2303 1626,2303 1615,2307 1592,2316 1557,2307 1533,2303 1531,2303 1528,2303 1515,2307 1491,2318 1458,2309 1451,2307 1449,2307 1447,2307 1427,2309 1356,2318 1290,2312 1257,2307 1254,2307 1252,2307 1237,2312 1210,2318 1193,2312 1182,2307 1179,2307 1177,2307 1175,2307 1173,2307 1173,2309 1168,2312 1164,2318 1148,2312 1135,2307 1133,2307 1131,2307 1084,2314 1040,2318 1031,2314 1014,2305 1011,2305 1009,2305 890,2314 892,2356"/>
        <Baseline points="892,2356 2105,2351"/>
        <TextEquiv conf="0.9940110124074496">
          <Unicode>„Festo nativitatis“. Romualdi Salern. Annal. p. 443.</Unicode>
        </TextEquiv>
      </TextLine>
      <TextLine id="eSc_line_5b8c1186" custom="structure {type:default;}">
        <Coords points="368,2420 368,2466 397,2466 397,2464 399,2464 402,2464 402,2462 404,2462 426,2438 459,2438 490,2453 505,2462 508,2462 510,2462 512,2462 550,2446 550,2415 545,2380 468,2371 466,2371 366,2385 368,2420"/>
        <Baseline points="368,2420 550,2415"/>
        <TextEquiv conf="0.9997626662254333">
          <Unicode>„ 29.</Unicode>
        </TextEquiv>
      </TextLine>
      <TextLine id="eSc_line_6546add0" custom="structure {type:default;}">
        <Coords points="682,2429 678,2473 742,2486 748,2433 746,2391 684,2391 682,2429"/>
        <Baseline points="682,2429 748,2433"/>
        <TextEquiv conf="1.0">
          <Unicode>„</Unicode>
        </TextEquiv>
      </TextLine>
      <TextLine id="eSc_line_ac531b0d" custom="structure {type:default;}">
        <Coords points="897,2411 897,2446 2852,2431 2854,2400 2847,2358 894,2376 897,2411"/>
        <Baseline points="897,2411 2854,2400"/>
        <TextEquiv conf="0.996561465615576">
          <Unicode>12744 (8450) Domus S. Iuliani Pereirensis protectionem suscipit, possessionesque ac pri-</Unicode>
        </TextEquiv>
      </TextLine>
      <TextLine id="eSc_line_610c7e36" custom="structure {type:default;}">
        <Coords points="947,2464 947,2488 2850,2486 2852,2457 2845,2429 945,2433 947,2464"/>
        <Baseline points="947,2464 2852,2457"/>
        <TextEquiv conf="0.9993836062677791">
          <Unicode>vilegia confirmat. Diffiniciones de Calatrava p. 58, Torres y Tapia Cron. de Alcantara I.</Unicode>
        </TextEquiv>
      </TextLine>
      <TextLine id="eSc_line_fd2b95fa" custom="structure {type:default;}">
        <Coords points="945,2517 945,2541 2845,2535 2847,2510 2841,2482 943,2486 945,2517"/>
        <Baseline points="945,2517 2847,2510"/>
        <TextEquiv conf="0.9932564382369702">
          <Unicode>82— 84, Henriquez Regula p. 506, Migne 200 p. 1086. — „Quoties illud a nobis“.</Unicode>
        </TextEquiv>
      </TextLine>
      <TextLine id="eSc_line_4052f580" custom="structure {type:default;}">
        <Coords points="375,2581 375,2621 556,2621 556,2577 552,2544 468,2530 466,2530 463,2530 461,2530 461,2532 446,2548 446,2550 373,2550 375,2581"/>
        <Baseline points="375,2581 556,2577"/>
        <TextEquiv conf="0.9958311557769776">
          <Unicode>„ 30.</Unicode>
        </TextEquiv>
      </TextLine>
      <TextLine id="eSc_line_028ed8c2" custom="structure {type:default;}">
        <Coords points="680,2590 676,2652 766,2643 771,2594 771,2552 680,2552 680,2590"/>
        <Baseline points="680,2590 771,2594"/>
        <TextEquiv conf="1.0">
          <Unicode>„</Unicode>
        </TextEquiv>
      </TextLine>
      <TextLine id="eSc_line_4676ccc7" custom="structure {type:default;}">
        <Coords points="894,2577 894,2608 1036,2599 2847,2601 2852,2570 2847,2539 1564,2530 1562,2530 1559,2530 1557,2530 1539,2541 923,2532 921,2532 919,2532 892,2541 894,2577"/>
        <Baseline points="894,2577 2852,2570"/>
        <TextEquiv conf="0.9987793301427087">
          <Unicode>12745 (8451) Petro, tit. S. Chrysogoni presbytero cardinali, apostolicae sedis legato,</Unicode>
        </TextEquiv>
      </TextLine>
      <TextLine id="eSc_line_4303a1ae" custom="structure {type:default;}">
        <Coords points="945,2627 945,2661 2854,2647 2856,2621 2850,2592 943,2597 945,2627"/>
        <Baseline points="945,2627 2856,2621"/>
        <TextEquiv conf="0.9975557163357734">
          <Unicode>mandat, ut monasterium S. Maglorii Parisiense tueatur, a Ludovico Francorum rege</Unicode>
        </TextEquiv>
      </TextLine>
      <TextLine id="eSc_line_020894e7" custom="structure {type:default;}">
        <Coords points="950,2683 950,2714 2852,2714 2854,2676 2850,2641 980,2641 978,2641 976,2641 947,2652 950,2683"/>
        <Baseline points="950,2683 2854,2676"/>
        <TextEquiv conf="0.990221427904593">
          <Unicode>sibi commendatum. Duchesne H. Fr. SS. IV. 565, Bouquet Rec, XV. 955, Mansi</Unicode>
        </TextEquiv>
      </TextLine>
      <TextLine id="eSc_line_bb4af382" custom="structure {type:default;}">
        <Coords points="952,2736 952,2760 1444,2769 1447,2769 1449,2769 1451,2769 1464,2760 1467,2758 1471,2760 1500,2769 1502,2769 1504,2769 1506,2769 1539,2760 1544,2758 1546,2760 1557,2769 1559,2769 1562,2769 1564,2771 1659,2771 1659,2769 1661,2769 1663,2769 1663,2767 1672,2758 1674,2758 1747,2758 1754,2758 1800,2769 1802,2769 1875,2758 1882,2758 1886,2758 1964,2769 1966,2769 2185,2756 2185,2736 2182,2700 952,2700 952,2736"/>
        <Baseline points="952,2736 2185,2736"/>
        <TextEquiv conf="0.9940191472277922">
          <Unicode>XXI. 968, Migne 200 p. 1087. — „Ita sollicite nos“.</Unicode>
        </TextEquiv>
      </TextLine>
      <TextLine id="eSc_line_451e2838" custom="structure {type:default;}">
        <Coords points="377,2802 377,2842 556,2842 556,2797 552,2760 486,2744 483,2744 481,2744 479,2744 455,2762 452,2762 417,2749 415,2749 413,2749 410,2749 375,2760 377,2802"/>
        <Baseline points="377,2802 556,2797"/>
        <TextEquiv conf="0.9947509646415711">
          <Unicode>„ 31.</Unicode>
        </TextEquiv>
      </TextLine>
      <TextLine id="eSc_line_a5875d67" custom="structure {type:default;}">
        <Coords points="687,2813 687,2855 722,2857 724,2857 726,2857 766,2835 766,2809 757,2725 680,2736 687,2813"/>
        <Baseline points="687,2813 766,2809"/>
        <TextEquiv conf="1.0">
          <Unicode>„</Unicode>
        </TextEquiv>
      </TextLine>
      <TextLine id="eSc_line_f508bc8a" custom="structure {type:default;}">
        <Coords points="899,2793 899,2817 2854,2815 2856,2786 2852,2756 897,2751 899,2793"/>
        <Baseline points="899,2793 2856,2786"/>
        <TextEquiv conf="0.994308702647686">
          <Unicode>12746 (8452) *Monasterio Laetiensi „de altaribus et omnimoda libertate ecclesiae“ bullam</Unicode>
        </TextEquiv>
      </TextLine>
      <TextLine id="eSc_line_4f022e41" custom="structure {type:default;}">
        <Coords points="945,2850 945,2870 1398,2879 1400,2879 1736,2868 1820,2866 1862,2868 2039,2877 2041,2877 2043,2877 2085,2866 2096,2864 2103,2866 2118,2875 2121,2875 2123,2875 2432,2864 2434,2842 2430,2811 1718,2802 1716,2802 1714,2802 1683,2813 996,2806 994,2806 943,2817 945,2850"/>
        <Baseline points="945,2850 2434,2842"/>
        <TextEquiv conf="0.9885224172326385">
          <Unicode>tribuit. Reiffenberg Monuments VII. 657, (Migne 200 p. 1088.)</Unicode>
        </TextEquiv>
      </TextLine>
      <TextLine id="eSc_line_808e0510" custom="structure {type:default;}">
        <Coords points="377,2908 377,2937 556,2948 558,2908 558,2864 488,2850 486,2850 483,2850 450,2866 439,2870 377,2868 377,2908"/>
        <Baseline points="377,2908 558,2908"/>
        <TextEquiv conf="0.9886263370513916">
          <Unicode>„ 31.</Unicode>
        </TextEquiv>
      </TextLine>
      <TextLine id="eSc_line_97e7711c" custom="structure {type:default;}">
        <Coords points="689,2921 689,2952 766,2943 766,2921 764,2859 689,2870 689,2921"/>
        <Baseline points="689,2921 766,2921"/>
        <TextEquiv conf="0.9999973773956299">
          <Unicode>„</Unicode>
        </TextEquiv>
      </TextLine>
      <TextLine id="eSc_line_61ad1da1" custom="structure {type:default;}">
        <Coords points="899,2903 899,2934 2852,2928 2854,2899 2850,2866 897,2864 899,2903"/>
        <Baseline points="899,2903 2854,2899"/>
        <TextEquiv conf="0.9964454566890543">
          <Unicode>12747 (8453) Monasterii S. Gisleni protectionem suscipit, possessionesque ac privilegia,</Unicode>
        </TextEquiv>
      </TextLine>
      <TextLine id="eSc_line_4eeedf37" custom="structure {type:default;}">
        <Coords points="950,2956 950,2994 1005,2983 2847,2983 2852,2948 2845,2917 947,2926 950,2956"/>
        <Baseline points="950,2956 2852,2948"/>
        <TextEquiv conf="0.9944378848259265">
          <Unicode>petente Lamberto abbate, confirmat. Reiffenberg Monuments VIII. 385, Migne 200</Unicode>
        </TextEquiv>
      </TextLine>
      <TextLine id="eSc_line_da3e179d" custom="structure {type:default;}">
        <Coords points="947,3014 947,3034 972,3045 974,3045 976,3045 978,3045 1014,3034 1020,3032 1027,3034 1062,3045 1064,3045 1067,3045 1212,3032 1235,3029 1237,3032 1248,3040 1248,3043 1250,3043 1252,3043 1254,3045 1372,3045 1372,3043 1460,3027 1467,3027 1469,3027 1493,3040 1495,3040 1497,3040 1500,3040 1531,3027 1577,3040 1579,3040 1581,3040 1659,3025 1663,3025 1683,3038 1685,3038 1687,3038 1690,3040 1767,3040 1767,3038 1769,3038 1811,3023 1811,3005 1805,2976 945,2981 947,3014"/>
        <Baseline points="947,3014 1811,3005"/>
        <TextEquiv conf="0.9980172895722919">
          <Unicode>p. 1088. — „Quotiens a nobis illud“.</Unicode>
        </TextEquiv>
      </TextLine>
      <TextLine id="eSc_line_b23a5144" custom="structure {type:default;}">
        <Coords points="377,3078 380,3144 437,3135 457,3138 497,3146 499,3146 501,3146 558,3129 558,3071 554,3021 375,3021 377,3078"/>
        <Baseline points="377,3078 558,3071"/>
        <TextEquiv conf="0.959350335597992">
          <Unicode>„ 31.</Unicode>
        </TextEquiv>
      </TextLine>
      <TextLine id="eSc_line_e59edd78" custom="structure {type:default;}">
        <Coords points="676,3087 676,3113 704,3127 707,3127 709,3127 777,3120 777,3082 771,3034 671,3034 676,3087"/>
        <Baseline points="676,3087 777,3082"/>
        <TextEquiv conf="0.9999990463256836">
          <Unicode>„</Unicode>
        </TextEquiv>
      </TextLine>
      <TextLine id="eSc_line_a1509451" custom="structure {type:default;}">
        <Coords points="901,3071 901,3104 2852,3087 2854,3058 2850,3021 1643,3021 1641,3021 1522,3032 1511,3032 1500,3032 1334,3023 1332,3023 1140,3034 941,3025 938,3025 936,3025 899,3036 901,3071"/>
        <Baseline points="901,3071 2854,3058"/>
        <TextEquiv conf="0.9946631349623203">
          <Unicode>12748 Heriberto abbati S. Theoderici Remensis bullam dat. Neues Archiv VII. 103.</Unicode>
        </TextEquiv>
      </TextLine>
      <TextLine id="eSc_line_264f4244" custom="structure {type:default;}">
        <Coords points="952,3122 952,3140 1186,3153 1188,3153 1305,3140 1440,3151 1442,3151 1444,3151 1486,3135 1486,3118 1482,3089 1354,3078 1352,3078 950,3089 952,3122"/>
        <Baseline points="952,3122 1486,3118"/>
        <TextEquiv conf="0.9999822463308062">
          <Unicode>— „Religiosam vitam“.</Unicode>
        </TextEquiv>
      </TextLine>
      <TextLine id="eSc_line_b9da6539" custom="structure {type:default;}">
        <Coords points="899,3175 899,3206 2852,3195 2854,3164 2847,3129 897,3135 899,3175"/>
        <Baseline points="899,3175 2854,3164"/>
        <TextEquiv conf="0.9963072817046921">
          <Unicode>12749 (8454) Archiepiscopum Eboracensem et Cantuariensem eodem loco et numero</Unicode>
        </TextEquiv>
      </TextLine>
      <TextLine id="eSc_line_5dd9bca7" custom="structure {type:default;}">
        <Coords points="952,3230 952,3255 2850,3246 2852,3219 2845,3186 950,3199 952,3230"/>
        <Baseline points="952,3230 2852,3219"/>
        <TextEquiv conf="0.9960546458468718">
          <Unicode>haberi iubet, modo „ut prior habeatur, qui prius fuerit ordinatus“. Radulf. de Diceto</Unicode>
        </TextEquiv>
      </TextLine>
      <TextLine id="eSc_line_df069e22" custom="structure {type:default;}">
        <Coords points="952,3283 952,3312 2852,3312 2854,3274 2847,3246 950,3250 952,3283"/>
        <Baseline points="952,3283 2854,3274"/>
        <TextEquiv conf="0.9997635174401199">
          <Unicode>Im. Hist. ap. Twysden H. A. SS. I. 589, Opp. ed. Stubbs I. 406, Gilberti Foliot</Unicode>
        </TextEquiv>
      </TextLine>
      <TextLine id="eSc_line_5659303f" custom="structure {type:default;}">
        <Coords points="952,3339 952,3361 1765,3369 1767,3369 1769,3369 1771,3369 1791,3356 1794,3356 1796,3356 1824,3367 1827,3367 1829,3367 1992,3356 2003,3356 2021,3367 2023,3367 2026,3367 2028,3369 2176,3369 2176,3367 2585,3352 2587,3330 2580,3301 950,3308 952,3339"/>
        <Baseline points="952,3339 2587,3330"/>
        <TextEquiv conf="0.9907036029240665">
          <Unicode>epist. ed. Giles II 75, Migne 200 p. 1090. — „Antiquam Eboracensis“.</Unicode>
        </TextEquiv>
      </TextLine>
      <TextLine id="eSc_line_bd25817f" custom="structure {type:default;}">
        <Coords points="901,3394 901,3420 2852,3407 2854,3380 2847,3352 899,3361 901,3394"/>
        <Baseline points="901,3394 2854,3380"/>
        <TextEquiv conf="0.9999436011368578">
          <Unicode>12750 Monasterii Tironiensis patrocinium suscipit, possessionesque et privilegia confir-</Unicode>
        </TextEquiv>
      </TextLine>
      <TextLine id="eSc_line_ad9ca833" custom="structure {type:default;}">
        <Coords points="954,3447 954,3484 2852,3471 2852,3436 2845,3407 952,3416 954,3447"/>
        <Baseline points="954,3447 2852,3436"/>
        <TextEquiv conf="0.9867351658642292">
          <Unicode>mat, petente Stephano abbate. (1177, p. a. XVII.) Merlet Cart. de la Ste-Trinité</Unicode>
        </TextEquiv>
      </TextLine>
      <TextLine id="eSc_line_1be82b01" custom="structure {type:default;}">
        <Coords points="952,3500 952,3548 1029,3566 1031,3566 1034,3566 1091,3551 1109,3546 1243,3546 1250,3551 1259,3559 1259,3562 1261,3562 1263,3562 1265,3562 1268,3562 1294,3551 1305,3546 1310,3551 1323,3564 1323,3566 1325,3566 1327,3566 1330,3566 1332,3566 1334,3566 1349,3551 1358,3546 1394,3546 1400,3553 1414,3564 1414,3566 1416,3566 1418,3566 1420,3566 1515,3553 1520,3553 1548,3566 1551,3566 1553,3568 1752,3568 1752,3566 1809,3555 1847,3546 1864,3555 1880,3562 1882,3562 1884,3562 1931,3555 1990,3546 2019,3555 2032,3559 2034,3559 2037,3559 2112,3555 2112,3500 2112,3471 952,3471 952,3500"/>
        <Baseline points="952,3500 2112,3500"/>
        <TextEquiv conf="0.9717016789317131">
          <Unicode>de Riron II. 9S. — „Religiosis desideriis dignum“.</Unicode>
        </TextEquiv>
      </TextLine>
    </TextRegion>
    <TextRegion id="eSc_textblock_0f44db37"  custom="structure {type:default;}">
      <Coords points="1098,159 2043,159 2061,236 2043,262 1111,262 1058,209 1058,167 1098,159"/>
      <TextLine id="eSc_line_10283044" custom="structure {type:default;}">
        <Coords points="1109,229 1109,251 1407,262 1409,262 1486,249 1493,249 1509,249 1701,260 1703,260 1831,247 1836,247 1840,247 2008,258 2010,258 2012,258 2014,258 2034,245 2034,223 2030,176 1924,161 1922,161 1919,161 1877,174 1723,165 1721,165 1718,165 1716,165 1701,176 1429,163 1427,163 1316,176 1144,167 1142,167 1140,167 1106,181 1109,229"/>
        <Baseline points="1109,229 2034,223"/>
        <TextEquiv conf="0.9943543815612793">
          <Unicode>ALEXANDER III. 1159—1181.</Unicode>
        </TextEquiv>
      </TextLine>
    </TextRegion>
  </Page>
</PcGts>
