<?xml version="1.0" encoding="UTF-8"  standalone="yes"?>
<PcGts xmlns="http://schema.primaresearch.org/PAGE/gts/pagecontent/2019-07-15" xmlns:xsi="http://www.w3.org/2001/XMLSchema-instance" xsi:schemaLocation="http://schema.primaresearch.org/PAGE/gts/pagecontent/2019-07-15 http://schema.primaresearch.org/PAGE/gts/pagecontent/2019-07-15/pagecontent.xsd">
  <Metadata>
	<Creator>escriptorium</Creator>
	<Created>2024-07-19T10:11:39.336932+00:00</Created>
        <LastChange>2024-08-08T08:41:26.529830+00:00</LastChange>
  </Metadata>
  <Page imageFilename="0334.png" imageWidth="3007" imageHeight="3975">
    <TextRegion id="eSc_textblock_20c8b36e"  custom="structure {type:default;}">
      <Coords points="888,309 2715,318 2706,3548 2370,3592 150,3566 123,424 176,344 360,344 386,397 406,335 669,353 680,318 888,309"/>
      <TextLine id="eSc_line_c5e9adec" custom="structure {type:default;}">
        <Coords points="2611,315 2589,315 2567,315 2545,315 2523,315 2501,315 2496,315 2430,318 2406,315 2390,315 2368,315 2346,315 2324,315 2302,315 2295,315 2291,320 2200,320 2189,313 2169,313 2160,313 2156,315 2143,318 2101,315 2074,313 2059,313 2037,313 2014,313 1992,313 1972,313 1968,315 1959,320 1950,315 1942,313 1926,313 1904,313 1891,313 1858,318 1816,324 1486,324 1482,320 1462,311 1462,311 1444,311 1431,322 1429,322 1420,322 1354,313 1352,313 1349,313 1347,313 1334,322 1332,324 1310,322 1206,311 1204,311 1091,324 1087,324 1084,324 1042,313 1040,313 777,313 755,313 733,313 711,315 689,315 667,351 669,373 669,401 2145,390 2231,399 2238,399 2240,399 2246,399 2337,388 2633,397 2638,362 2631,315 2611,315"/>
        <Baseline points="669,373 2638,362"/>
        <TextEquiv conf="0.9911074690196825">
          <Unicode>1178. (Ind. 11. — 25. Sept. — 12, pont. a. 19. — 20. Sept. — 20), 1177. — 25. Mart. — 1178.)</Unicode>
        </TextEquiv>
      </TextLine>
      <TextLine id="eSc_line_00c5ed56" custom="structure {type:default;}">
        <Coords points="698,437 698,470 779,459 835,470 837,470 839,470 843,470 998,459 1020,470 1022,470 1025,470 1042,470 1372,457 1763,468 1769,468 1771,468 1774,468 1900,457 1964,468 1966,468 1968,468 1975,468 2145,454 2187,465 2189,465 2191,468 2662,468 2664,430 2660,388 740,388 737,388 735,388 695,399 698,437"/>
        <Baseline points="698,437 2664,430"/>
        <TextEquiv conf="0.9829647408591377">
          <Unicode>„in Laetare ferusalem“, Bosonis card. vit. Alex. p. 451. „In media quadragesima“.</Unicode>
        </TextEquiv>
      </TextLine>
      <TextLine id="eSc_line_251f61a6" custom="structure {type:default;}">
        <Coords points="150,439 152,474 194,463 267,470 311,474 313,474 315,474 329,468 346,459 404,465 459,470 461,470 532,459 554,457 565,459 616,470 618,470 620,470 649,454 649,432 645,393 587,382 585,382 481,388 419,393 408,388 395,382 393,382 391,382 388,382 368,386 349,393 340,386 331,379 329,379 326,379 324,379 278,386 207,395 196,384 194,384 194,382 192,382 190,382 187,382 148,382 150,439"/>
        <Baseline points="150,439 649,432"/>
        <TextEquiv conf="0.9751263916492462">
          <Unicode>Mart. 19.  Romae ap.</Unicode>
        </TextEquiv>
      </TextLine>
      <TextLine id="eSc_line_466bccdb" custom="structure {type:default;}">
        <Coords points="748,490 748,512 1743,514 1747,485 1741,452 746,454 748,490"/>
        <Baseline points="748,490 1747,485"/>
        <TextEquiv conf="0.9999734667631296">
          <Unicode>Annal. Pegav. 1178 in MG. SS. XVI. 261.</Unicode>
        </TextEquiv>
      </TextLine>
      <TextLine id="eSc_line_5fef61fa" custom="structure {type:default;}">
        <Coords points="391,492 391,514 647,510 649,488 645,459 388,457 391,492"/>
        <Baseline points="391,492 649,488"/>
        <TextEquiv conf="0.9999981058968438">
          <Unicode>S. Crucem</Unicode>
        </TextEquiv>
      </TextLine>
      <TextLine id="eSc_line_8d1483c1" custom="structure {type:default;}">
        <Coords points="698,545 698,574 1988,565 1990,538 1986,501 735,501 733,501 731,501 695,512 698,545"/>
        <Baseline points="698,545 1990,538"/>
        <TextEquiv conf="0.9974151055018107">
          <Unicode>„in passione domini“. Bosonis card. Vit. Alex. p. 451.</Unicode>
        </TextEquiv>
      </TextLine>
      <TextLine id="eSc_line_7ce584a5" custom="structure {type:default;}">
        <Coords points="194,552 196,585 254,571 302,583 304,583 307,583 313,583 421,569 439,580 441,580 444,580 446,580 647,574 649,547 645,512 419,503 417,503 192,516 194,552"/>
        <Baseline points="194,552 649,547"/>
        <TextEquiv conf="0.9722352065145969">
          <Unicode>„ 26.  Romae ap.</Unicode>
        </TextEquiv>
      </TextLine>
      <TextLine id="eSc_line_e4bd4f22" custom="structure {type:default;}">
        <Coords points="397,602 397,624 647,620 647,598 640,563 395,567 397,602"/>
        <Baseline points="397,602 647,598"/>
        <TextEquiv conf="1.0">
          <Unicode>S. Petrum</Unicode>
        </TextEquiv>
      </TextLine>
      <TextLine id="eSc_line_33555f4c" custom="structure {type:default;}">
        <Coords points="700,651 700,677 2664,682 2668,647 2662,607 698,609 700,651"/>
        <Baseline points="700,651 2668,647"/>
        <TextEquiv conf="0.9941820335942645">
          <Unicode>13035 (8573) Petro, tit. S. Chrysogoni presbytero cardinali, apostolicae sedis legato,</Unicode>
        </TextEquiv>
      </TextLine>
      <TextLine id="eSc_line_fa98bfa7" custom="structure {type:default;}">
        <Coords points="413,655 413,691 625,691 627,649 620,620 410,624 413,655"/>
        <Baseline points="413,655 627,649"/>
        <TextEquiv conf="1.0">
          <Unicode>Laterani</Unicode>
        </TextEquiv>
      </TextLine>
      <TextLine id="eSc_line_0269ed5c" custom="structure {type:default;}">
        <Coords points="187,664 187,695 366,682 366,658 362,624 304,613 302,613 185,629 187,664"/>
        <Baseline points="187,664 366,658"/>
        <TextEquiv conf="0.9999641656875611">
          <Unicode>„ 27.</Unicode>
        </TextEquiv>
      </TextLine>
      <TextLine id="eSc_line_256526d7" custom="structure {type:default;}">
        <Coords points="751,704 751,733 2668,733 2671,700 2664,669 748,673 751,704"/>
        <Baseline points="751,704 2671,700"/>
        <TextEquiv conf="0.9946811199188232">
          <Unicode>mandat, ut „candelabra 24 et cuppam argenteam 14 marcarum, deauratam intus et</Unicode>
        </TextEquiv>
      </TextLine>
      <TextLine id="eSc_line_a8376147" custom="structure {type:default;}">
        <Coords points="751,757 748,777 808,790 810,790 2668,788 2671,761 2668,728 751,724 751,757"/>
        <Baseline points="751,757 2671,761"/>
        <TextEquiv conf="0.9948457824178489">
          <Unicode>extra“, a W(illelmo), quondam episcopo Portuensi, in ecclesia Lemovicensi deposita,</Unicode>
        </TextEquiv>
      </TextLine>
      <TextLine id="eSc_line_9aeda934" custom="structure {type:default;}">
        <Coords points="755,817 755,839 2668,841 2673,810 2668,781 2079,770 2076,770 1818,781 1451,772 1449,772 1389,783 857,775 855,775 753,786 755,817"/>
        <Baseline points="755,817 2673,810"/>
        <TextEquiv conf="0.9957889899974917">
          <Unicode>aut ipse ad sese deferat, aut abbati S. Germani Parisiensis tradi iubeat. Duchesne</Unicode>
        </TextEquiv>
      </TextLine>
      <TextLine id="eSc_line_17fb28a6" custom="structure {type:default;}">
        <Coords points="751,872 751,898 2185,903 2187,903 2664,889 2666,863 2662,832 748,832 751,872"/>
        <Baseline points="751,872 2666,863"/>
        <TextEquiv conf="0.9917589846329812">
          <Unicode>H. Fr. SS. IV. 566, Bouquet Rec. XV. 960, Mansi XXI. 970, Migne 200 p. 1163. —</Unicode>
        </TextEquiv>
      </TextLine>
      <TextLine id="eSc_line_78f6f0c8" custom="structure {type:default;}">
        <Coords points="753,927 753,945 965,956 967,956 1031,942 1042,942 1051,942 1111,954 1113,954 1307,940 1310,923 1305,892 793,885 790,885 788,885 751,896 753,927"/>
        <Baseline points="753,927 1310,923"/>
        <TextEquiv conf="0.9999887744585673">
          <Unicode>„Cum bonae memoriae“.</Unicode>
        </TextEquiv>
      </TextLine>
      <TextLine id="eSc_line_0d5106e8" custom="structure {type:default;}">
        <Coords points="707,980 707,1007 2673,1007 2675,973 2671,940 2154,929 2151,929 2019,940 2010,940 1972,940 1363,931 1360,931 1358,931 1356,931 1338,942 1336,945 704,945 707,980"/>
        <Baseline points="707,980 2675,973"/>
        <TextEquiv conf="0.9954540855744306">
          <Unicode>13036 (8574) Monasterii S. Lamberti in Carinthia tutelam suscipit, possessionesque et</Unicode>
        </TextEquiv>
      </TextLine>
      <TextLine id="eSc_line_6a70a17e" custom="structure {type:default;}">
        <Coords points="192,991 192,1024 368,1015 368,982 364,927 187,925 192,991"/>
        <Baseline points="192,991 368,982"/>
        <TextEquiv conf="0.999996280670166">
          <Unicode>„ 28.</Unicode>
        </TextEquiv>
      </TextLine>
      <TextLine id="eSc_line_626f62b1" custom="structure {type:default;}">
        <Coords points="486,995 483,1015 583,1015 585,1000 585,958 550,956 547,949 534,938 534,936 532,936 530,936 528,936 486,938 486,995"/>
        <Baseline points="486,995 585,1000"/>
        <TextEquiv conf="1.0">
          <Unicode>„</Unicode>
        </TextEquiv>
      </TextLine>
      <TextLine id="eSc_line_2ea8a231" custom="structure {type:default;}">
        <Coords points="757,1040 757,1064 2673,1053 2675,1031 2668,1000 755,1002 757,1040"/>
        <Baseline points="757,1040 2675,1031"/>
        <TextEquiv conf="0.9934059338397291">
          <Unicode>privilegia, petente Wernhero abbate, confirmat. Monachis annuum bizantii unius cen-</Unicode>
        </TextEquiv>
      </TextLine>
      <TextLine id="eSc_line_1b0030e7" custom="structure {type:default;}">
        <Coords points="757,1090 757,1124 2673,1110 2675,1084 2668,1055 755,1060 757,1090"/>
        <Baseline points="757,1090 2675,1084"/>
        <TextEquiv conf="0.9928679834855231">
          <Unicode>sum iniungit. Zahn Urkundenb. v. Steiermark I. 559. — „Pie postulatio volun-</Unicode>
        </TextEquiv>
      </TextLine>
      <TextLine id="eSc_line_2dbdc4ce" custom="structure {type:default;}">
        <Coords points="755,1146 755,1157 788,1174 790,1174 793,1174 908,1152 908,1139 901,1106 753,1110 755,1146"/>
        <Baseline points="755,1146 908,1139"/>
        <TextEquiv conf="0.9999915020806449">
          <Unicode>tatis“.</Unicode>
        </TextEquiv>
      </TextLine>
      <TextLine id="eSc_line_f5fd2e38" custom="structure {type:default;}">
        <Coords points="707,1196 707,1221 2673,1219 2675,1192 2671,1161 704,1157 707,1196"/>
        <Baseline points="707,1196 2675,1192"/>
        <TextEquiv conf="0.9884753912344746">
          <Unicode>13037 (8575) Ecclesiae Cardonensis protectionem suscipit, possessionesque ac privilegia</Unicode>
        </TextEquiv>
      </TextLine>
      <TextLine id="eSc_line_f16b2903" custom="structure {type:default;}">
        <Coords points="196,1210 201,1247 265,1230 302,1241 313,1243 315,1243 318,1243 364,1234 364,1199 360,1143 338,1132 335,1132 333,1132 331,1132 296,1143 262,1154 190,1143 196,1210"/>
        <Baseline points="196,1210 364,1199"/>
        <TextEquiv conf="0.989379370212555">
          <Unicode>„ 30.</Unicode>
        </TextEquiv>
      </TextLine>
      <TextLine id="eSc_line_e689c8c2" custom="structure {type:default;}">
        <Coords points="488,1216 488,1252 528,1267 530,1267 532,1267 534,1267 592,1252 592,1216 589,1154 488,1163 488,1216"/>
        <Baseline points="488,1216 592,1216"/>
        <TextEquiv conf="0.9990218877792358">
          <Unicode>„</Unicode>
        </TextEquiv>
      </TextLine>
      <TextLine id="eSc_line_4620260e" custom="structure {type:default;}">
        <Coords points="760,1254 760,1280 2675,1274 2677,1247 2671,1216 757,1223 760,1254"/>
        <Baseline points="760,1254 2677,1247"/>
        <TextEquiv conf="0.9983521191085257">
          <Unicode>confirmat, petente Formaro praeposito. Günther Cod. dipl. Rh. Mosel. I. 425, Beyer</Unicode>
        </TextEquiv>
      </TextLine>
      <TextLine id="eSc_line_25c994ee" custom="structure {type:default;}">
        <Coords points="762,1309 762,1329 1617,1338 1619,1309 1619,1278 762,1276 762,1309"/>
        <Baseline points="762,1309 1619,1309"/>
        <TextEquiv conf="0.9878060306821551">
          <Unicode>M. U. II. 67. — „Quotiens a nobis“.</Unicode>
        </TextEquiv>
      </TextLine>
      <TextLine id="eSc_line_01d8bb23" custom="structure {type:default;}">
        <Coords points="713,1364 713,1400 2675,1386 2677,1355 2671,1325 711,1331 713,1364"/>
        <Baseline points="713,1364 2677,1355"/>
        <TextEquiv conf="0.9922932455706042">
          <Unicode>13038 (Willelmo) archiepiscopo Remensi, apostolicae sedis legato, eiusque suffraganeis</Unicode>
        </TextEquiv>
      </TextLine>
      <TextLine id="eSc_line_e5b01c4d" custom="structure {type:default;}">
        <Coords points="194,1373 194,1417 373,1400 373,1366 368,1333 298,1325 296,1325 192,1338 194,1373"/>
        <Baseline points="194,1373 373,1366"/>
        <TextEquiv conf="0.9031971096992493">
          <Unicode>„ 31.</Unicode>
        </TextEquiv>
      </TextLine>
      <TextLine id="eSc_line_a89a05c2" custom="structure {type:default;}">
        <Coords points="497,1380 497,1411 585,1408 585,1380 585,1333 497,1329 497,1380"/>
        <Baseline points="497,1380 585,1380"/>
        <TextEquiv conf="1.0">
          <Unicode>„</Unicode>
        </TextEquiv>
      </TextLine>
      <TextLine id="eSc_line_b206d163" custom="structure {type:default;}">
        <Coords points="760,1417 760,1446 2677,1437 2680,1411 2675,1384 757,1382 760,1417"/>
        <Baseline points="760,1417 2680,1411"/>
        <TextEquiv conf="0.9984954539467307">
          <Unicode>mandat, videant ne a fratribus Fusniacensibus vel aliorum monasteriorum Cisterciensis</Unicode>
        </TextEquiv>
      </TextLine>
      <TextLine id="eSc_line_5d7b9344" custom="structure {type:default;}">
        <Coords points="760,1472 760,1499 2675,1492 2677,1466 2671,1439 757,1444 760,1472"/>
        <Baseline points="760,1472 2677,1466"/>
        <TextEquiv conf="0.9979204478717986">
          <Unicode>ordinis „de novalibus vel de aliis terris, quas propriis manibus vel sumptibus exco-</Unicode>
        </TextEquiv>
      </TextLine>
      <TextLine id="eSc_line_737994b9" custom="structure {type:default;}">
        <Coords points="762,1525 762,1550 2677,1556 2680,1525 2680,1497 762,1492 762,1525"/>
        <Baseline points="762,1525 2680,1525"/>
        <TextEquiv conf="0.9927116308031203">
          <Unicode>lant, vel de nutrimentis animalium decimae quomodolibet extorqueantur“. De Smet</Unicode>
        </TextEquiv>
      </TextLine>
      <TextLine id="eSc_line_7c3a4148" custom="structure {type:default;}">
        <Coords points="760,1583 760,1603 2014,1607 2017,1583 2014,1550 760,1552 760,1583"/>
        <Baseline points="760,1583 2017,1583"/>
        <TextEquiv conf="0.9996600782170015">
          <Unicode>Cart. de Cambron I. 11. — „Audivimus et audientes“.</Unicode>
        </TextEquiv>
      </TextLine>
      <TextLine id="eSc_line_2527132c" custom="structure {type:default;}">
        <Coords points="161,1640 159,1680 340,1676 366,1687 373,1645 371,1612 161,1607 161,1640"/>
        <Baseline points="161,1640 373,1645"/>
        <TextEquiv conf="0.9999794619424003">
          <Unicode>Apr. 2.</Unicode>
        </TextEquiv>
      </TextLine>
      <TextLine id="eSc_line_faff95cc" custom="structure {type:default;}">
        <Coords points="713,1640 713,1665 2441,1665 2443,1636 2436,1603 711,1603 713,1640"/>
        <Baseline points="713,1640 2443,1636"/>
        <TextEquiv conf="0.9995731458272019">
          <Unicode>13038a *Monasterio S. Iusti privilegium dat. Pflugk-Harttung Iter p. 283.</Unicode>
        </TextEquiv>
      </TextLine>
      <TextLine id="eSc_line_cea2e4b3" custom="structure {type:default;}">
        <Coords points="468,1645 468,1656 503,1673 505,1673 508,1673 585,1654 585,1645 585,1532 565,1519 563,1519 561,1519 558,1519 468,1530 468,1645"/>
        <Baseline points="468,1645 585,1645"/>
        <TextEquiv conf="0.9999452829360962">
          <Unicode>(„)</Unicode>
        </TextEquiv>
      </TextLine>
      <TextLine id="eSc_line_83a13232" custom="structure {type:default;}">
        <Coords points="444,1696 444,1715 561,1724 563,1724 625,1709 625,1689 620,1658 441,1658 444,1696"/>
        <Baseline points="444,1696 625,1689"/>
        <TextEquiv conf="1.0">
          <Unicode>Romae</Unicode>
        </TextEquiv>
      </TextLine>
      <TextLine id="eSc_line_d59e2e05" custom="structure {type:default;}">
        <Coords points="713,1696 713,1724 2019,1713 2021,1691 2017,1660 740,1651 737,1651 735,1651 711,1660 713,1696"/>
        <Baseline points="713,1696 2021,1691"/>
        <TextEquiv conf="0.9928831366392282">
          <Unicode>„in Palmis“. Annal. Pegav. 1178 in MG. SS. XVI. 261.</Unicode>
        </TextEquiv>
      </TextLine>
      <TextLine id="eSc_line_763031b7" custom="structure {type:default;}">
        <Coords points="196,1702 196,1733 373,1724 373,1702 373,1673 320,1660 318,1660 196,1671 196,1702"/>
        <Baseline points="196,1702 373,1702"/>
        <TextEquiv conf="0.999921515583992">
          <Unicode>„ 2.</Unicode>
        </TextEquiv>
      </TextLine>
      <TextLine id="eSc_line_cbf9afbb" custom="structure {type:default;}">
        <Coords points="715,1746 715,1782 2680,1782 2680,1746 2677,1713 715,1713 715,1746"/>
        <Baseline points="715,1746 2680,1746"/>
        <TextEquiv conf="0.9941728122177578">
          <Unicode>13039 (8582) Testatur, se, praesentibus magistris Gerardo Pucella et Petro Blesensi,</Unicode>
        </TextEquiv>
      </TextLine>
      <TextLine id="eSc_line_4a672e6c" custom="structure {type:default;}">
        <Coords points="424,1751 426,1808 457,1795 519,1799 603,1806 605,1806 607,1806 636,1788 636,1746 629,1702 421,1711 424,1751"/>
        <Baseline points="424,1751 636,1746"/>
        <TextEquiv conf="0.9445830583572388">
          <Unicode>Laterani</Unicode>
        </TextEquiv>
      </TextLine>
      <TextLine id="eSc_line_837084f4" custom="structure {type:default;}">
        <Coords points="194,1760 194,1797 304,1804 307,1804 309,1804 371,1784 371,1753 364,1720 192,1722 194,1760"/>
        <Baseline points="194,1760 371,1753"/>
        <TextEquiv conf="0.9996211975812912">
          <Unicode>„ 3.</Unicode>
        </TextEquiv>
      </TextLine>
      <TextLine id="eSc_line_f427cc01" custom="structure {type:default;}">
        <Coords points="764,1806 764,1830 2677,1824 2680,1799 2673,1768 762,1773 764,1806"/>
        <Baseline points="764,1806 2680,1799"/>
        <TextEquiv conf="0.9970398060111112">
          <Unicode>(Ricardi) archiepiscopi Cantuariensis procuratoribus, decreyisse, ut (Rogerus) electus</Unicode>
        </TextEquiv>
      </TextLine>
      <TextLine id="eSc_line_d8e17722" custom="structure {type:default;}">
        <Coords points="764,1857 764,1883 2677,1879 2680,1852 2673,1824 762,1826 764,1857"/>
        <Baseline points="764,1857 2680,1852"/>
        <TextEquiv conf="0.9999311644406546">
          <Unicode>monasterii S. Augustini Cantuariensis abbas et eius successores ab archiepiscopis in</Unicode>
        </TextEquiv>
      </TextLine>
      <TextLine id="eSc_line_fc0b7524" custom="structure {type:default;}">
        <Coords points="762,1914 762,1938 2675,1932 2677,1908 2671,1877 760,1883 762,1914"/>
        <Baseline points="762,1914 2677,1908"/>
        <TextEquiv conf="0.9994769993869738">
          <Unicode>ipso monasterio „absque exactione obedientae“ dedicarentur. Hist. Mon. S. August. Cant.</Unicode>
        </TextEquiv>
      </TextLine>
      <TextLine id="eSc_line_4d0eba8f" custom="structure {type:default;}">
        <Coords points="766,1969 768,2007 819,1994 945,1994 965,2005 967,2005 969,2005 972,2005 974,2005 1011,1994 1232,1994 1252,2005 1254,2005 1257,2005 1259,2005 1760,2002 1763,2002 1842,1991 1977,2002 1990,2002 1992,2002 1995,2002 1997,2002 2014,1991 2068,2002 2076,2002 2079,2002 2677,1998 2680,1965 2675,1934 1725,1923 1723,1923 1721,1923 1685,1934 855,1925 852,1925 764,1936 766,1969"/>
        <Baseline points="766,1969 2680,1965"/>
        <TextEquiv conf="0.990562486958194">
          <Unicode>p. 420, (Chron. W. Thorn. ap. Twysden H. A. SS. II. 1822, Migne 200 p. 1168).</Unicode>
        </TextEquiv>
      </TextLine>
      <TextLine id="eSc_line_146d7b6e" custom="structure {type:default;}">
        <Coords points="764,2022 764,2042 1199,2044 1201,2022 1201,1994 764,1994 764,2022"/>
        <Baseline points="764,2022 1201,2022"/>
        <TextEquiv conf="0.9999998737783993">
          <Unicode>— „Recepta olim“.</Unicode>
        </TextEquiv>
      </TextLine>
      <TextLine id="eSc_line_a6ceaaa7" custom="structure {type:default;}">
        <Coords points="718,2075 718,2102 2680,2097 2682,2071 2675,2040 715,2040 718,2075"/>
        <Baseline points="718,2075 2682,2071"/>
        <TextEquiv conf="0.999934974041852">
          <Unicode>13040 (8583) R(icardo) archiepiscopo Cantuariensi, apostolicae sedis legato, de superio-</Unicode>
        </TextEquiv>
      </TextLine>
      <TextLine id="eSc_line_ef15a37b" custom="structure {type:default;}">
        <Coords points="196,2089 196,2117 285,2104 309,2115 315,2117 318,2117 320,2117 377,2111 377,2084 373,2047 194,2038 196,2089"/>
        <Baseline points="196,2089 377,2084"/>
        <TextEquiv conf="0.99268938601017">
          <Unicode>„ 3.</Unicode>
        </TextEquiv>
      </TextLine>
      <TextLine id="eSc_line_54804a36" custom="structure {type:default;}">
        <Coords points="499,2093 499,2113 589,2108 589,2093 589,2051 499,2047 499,2093"/>
        <Baseline points="499,2093 589,2093"/>
        <TextEquiv conf="1.0">
          <Unicode>„</Unicode>
        </TextEquiv>
      </TextLine>
      <TextLine id="eSc_line_eeab7a1e" custom="structure {type:default;}">
        <Coords points="766,2133 766,2164 2675,2159 2677,2128 2673,2100 764,2097 766,2133"/>
        <Baseline points="766,2133 2677,2128"/>
        <TextEquiv conf="0.9918295092880726">
          <Unicode>ribus litteris significat. Hist. mon. S. Aug. Cant. p. 422, (Chron. W. Thorn ap.</Unicode>
        </TextEquiv>
      </TextLine>
      <TextLine id="eSc_line_9a09a2ce" custom="structure {type:default;}">
        <Coords points="764,2186 764,2210 2452,2217 2454,2186 2454,2155 764,2155 764,2186"/>
        <Baseline points="764,2186 2454,2186"/>
        <TextEquiv conf="0.9948696323803493">
          <Unicode>Twysden H. A. SS. II. 1822, Migne 200 p. 1169). — „Cum dilecti filii“.</Unicode>
        </TextEquiv>
      </TextLine>
      <TextLine id="eSc_line_f0f00535" custom="structure {type:default;}">
        <Coords points="715,2241 715,2274 2677,2259 2680,2232 2673,2197 713,2203 715,2241"/>
        <Baseline points="715,2241 2680,2232"/>
        <TextEquiv conf="0.9950566524412574">
          <Unicode>13041 Archiepiscopis, episcopis, archidiaconis, decanis et aliis ecclesiarum prae-</Unicode>
        </TextEquiv>
      </TextLine>
      <TextLine id="eSc_line_0f244455" custom="structure {type:default;}">
        <Coords points="194,2252 194,2281 373,2285 375,2248 373,2210 344,2197 342,2197 296,2197 293,2197 291,2197 289,2197 276,2208 269,2212 192,2208 194,2252"/>
        <Baseline points="194,2252 375,2248"/>
        <TextEquiv conf="0.9982376545667648">
          <Unicode>„ 4.</Unicode>
        </TextEquiv>
      </TextLine>
      <TextLine id="eSc_line_e8ba8c46" custom="structure {type:default;}">
        <Coords points="481,2252 479,2276 589,2272 592,2256 592,2221 481,2206 481,2252"/>
        <Baseline points="481,2252 592,2256"/>
        <TextEquiv conf="1.0">
          <Unicode>„</Unicode>
        </TextEquiv>
      </TextLine>
      <TextLine id="eSc_line_cefcc9ed" custom="structure {type:default;}">
        <Coords points="764,2296 764,2323 2680,2316 2682,2290 2675,2261 762,2261 764,2296"/>
        <Baseline points="764,2296 2682,2290"/>
        <TextEquiv conf="0.9917259866541083">
          <Unicode>latis mandat, ne a fratribus Fusniacensibus et Boheriensibus, sicut nec ab aliis ordinis</Unicode>
        </TextEquiv>
      </TextLine>
      <TextLine id="eSc_line_7f534e60" custom="structure {type:default;}">
        <Coords points="764,2345 762,2367 2675,2371 2680,2349 2677,2316 764,2314 764,2345"/>
        <Baseline points="764,2345 2680,2349"/>
        <TextEquiv conf="0.9995245489963266">
          <Unicode>Cisterciensis monachis, decimas de novalibus vel de aliis terris vel vineis, quas pro-</Unicode>
        </TextEquiv>
      </TextLine>
      <TextLine id="eSc_line_6224a7ab" custom="structure {type:default;}">
        <Coords points="766,2409 766,2435 2677,2429 2680,2402 2675,2373 764,2371 766,2409"/>
        <Baseline points="766,2409 2680,2402"/>
        <TextEquiv conf="0.9997717621849804">
          <Unicode>priis manibus aut sumptibus colant decimas exigi sinant. Autograph. in tabul. nat.</Unicode>
        </TextEquiv>
      </TextLine>
      <TextLine id="eSc_line_7e230c49" custom="structure {type:default;}">
        <Coords points="764,2462 764,2482 1935,2477 1937,2457 1931,2429 762,2431 764,2462"/>
        <Baseline points="764,2462 1937,2457"/>
        <TextEquiv conf="0.9955144785344601">
          <Unicode>Paris. L. 250 n. 80. — „Audivimus et audientes“.</Unicode>
        </TextEquiv>
      </TextLine>
      <TextLine id="eSc_line_9517750d" custom="structure {type:default;}">
        <Coords points="715,2513 715,2546 2682,2539 2684,2513 2682,2482 715,2482 715,2513"/>
        <Baseline points="715,2513 2684,2513"/>
        <TextEquiv conf="0.9952393946824251">
          <Unicode>13042 (8577) Ecclesiae Reginae protectionem suscipit, canonicorumque bona ac iura</Unicode>
        </TextEquiv>
      </TextLine>
      <TextLine id="eSc_line_1068b21a" custom="structure {type:default;}">
        <Coords points="194,2524 194,2546 373,2552 375,2519 368,2433 262,2442 249,2429 247,2429 247,2426 245,2426 243,2426 240,2426 190,2426 194,2524"/>
        <Baseline points="194,2524 375,2519"/>
        <TextEquiv conf="0.9997416337331136">
          <Unicode>„ „</Unicode>
        </TextEquiv>
      </TextLine>
      <TextLine id="eSc_line_4c7f1d1e" custom="structure {type:default;}">
        <Coords points="503,2532 503,2555 539,2561 541,2561 543,2561 583,2544 583,2528 576,2484 499,2486 503,2532"/>
        <Baseline points="503,2532 583,2528"/>
        <TextEquiv conf="1.0">
          <Unicode>„</Unicode>
        </TextEquiv>
      </TextLine>
      <TextLine id="eSc_line_ff07967c" custom="structure {type:default;}">
        <Coords points="766,2570 766,2605 2677,2601 2680,2566 2673,2532 764,2539 766,2570"/>
        <Baseline points="766,2570 2680,2566"/>
        <TextEquiv conf="0.9951073853742509">
          <Unicode>confirmat, petente lacobo archidiacono. Muratori Ant. It. V. 251, Migne 200 p. 1164.</Unicode>
        </TextEquiv>
      </TextLine>
      <TextLine id="eSc_line_dbb51201" custom="structure {type:default;}">
        <Coords points="766,2621 764,2638 790,2654 793,2654 795,2656 1038,2656 1038,2654 1040,2654 1075,2641 1087,2654 1089,2654 1089,2656 1091,2656 1093,2656 1095,2656 1416,2641 1418,2625 1416,2594 766,2590 766,2621"/>
        <Baseline points="766,2621 1418,2625"/>
        <TextEquiv conf="0.9998092960428309">
          <Unicode>— „Quotiens illud a nobis“.</Unicode>
        </TextEquiv>
      </TextLine>
      <TextLine id="eSc_line_2934b0cf" custom="structure {type:default;}">
        <Coords points="711,2680 711,2711 2361,2714 2366,2676 2359,2643 709,2645 711,2680"/>
        <Baseline points="711,2680 2366,2676"/>
        <TextEquiv conf="0.9950379090649741">
          <Unicode>„in pascha Regnum solemniter induit“. Bosonis card. vit. Alex. p. 451.</Unicode>
        </TextEquiv>
      </TextLine>
      <TextLine id="eSc_line_c16d4821" custom="structure {type:default;}">
        <Coords points="198,2685 198,2709 665,2705 665,2678 660,2645 607,2645 607,2643 587,2625 587,2623 585,2623 583,2623 581,2623 578,2623 530,2641 457,2638 428,2612 428,2610 426,2610 424,2610 421,2610 342,2612 340,2612 338,2612 291,2643 280,2647 196,2643 198,2685"/>
        <Baseline points="198,2685 665,2678"/>
        <TextEquiv conf="0.9890258525099073">
          <Unicode>„ 9. Romae ap.</Unicode>
        </TextEquiv>
      </TextLine>
      <TextLine id="eSc_line_3932665d" custom="structure {type:default;}">
        <Coords points="406,2736 406,2769 649,2775 651,2731 647,2703 424,2694 421,2694 419,2694 417,2694 404,2700 406,2736"/>
        <Baseline points="406,2736 651,2731"/>
        <TextEquiv conf="0.9997469120555453">
          <Unicode>S. Petrum</Unicode>
        </TextEquiv>
      </TextLine>
      <TextLine id="eSc_line_e11e5db1" custom="structure {type:default;}">
        <Coords points="715,2789 715,2822 2686,2813 2686,2789 2686,2756 715,2753 715,2789"/>
        <Baseline points="715,2789 2686,2789"/>
        <TextEquiv conf="0.999796454553251">
          <Unicode>13043 Monasterii S. Mariae Fontis-vivi exemptionem, bona, iura confirmat. Ex Cod.</Unicode>
        </TextEquiv>
      </TextLine>
      <TextLine id="eSc_line_9ee3fb7b" custom="structure {type:default;}">
        <Coords points="201,2795 201,2820 227,2824 229,2824 231,2824 234,2824 238,2820 260,2806 298,2820 309,2824 311,2824 313,2824 375,2820 375,2789 371,2758 324,2747 322,2747 198,2762 201,2795"/>
        <Baseline points="201,2795 375,2789"/>
        <TextEquiv conf="0.9999959468841553">
          <Unicode>„ 12.</Unicode>
        </TextEquiv>
      </TextLine>
      <TextLine id="eSc_line_4a048979" custom="structure {type:default;}">
        <Coords points="771,2839 768,2859 793,2870 795,2870 797,2870 1639,2864 1641,2844 1639,2802 771,2797 771,2839"/>
        <Baseline points="771,2839 1641,2844"/>
        <TextEquiv conf="0.984666555268424">
          <Unicode>Vaticano 7927 dedit b. m. Bethmann.</Unicode>
        </TextEquiv>
      </TextLine>
      <TextLine id="eSc_line_3746483a" custom="structure {type:default;}">
        <Coords points="715,2895 715,2923 2686,2923 2686,2895 2686,2862 715,2862 715,2895"/>
        <Baseline points="715,2895 2686,2895"/>
        <TextEquiv conf="0.9984705637483036">
          <Unicode>13044 Ecclesiae S. Leonardi de Lacu, rogatu Radulfi prioris, tutelam suscipit ac pos-</Unicode>
        </TextEquiv>
      </TextLine>
      <TextLine id="eSc_line_cb814aef" custom="structure {type:default;}">
        <Coords points="428,2899 428,2928 645,2932 647,2895 640,2853 426,2862 428,2899"/>
        <Baseline points="428,2899 647,2895"/>
        <TextEquiv conf="0.9999999850988388">
          <Unicode>Laterani</Unicode>
        </TextEquiv>
      </TextLine>
      <TextLine id="eSc_line_0f6db15f" custom="structure {type:default;}">
        <Coords points="201,2901 201,2934 380,2932 380,2897 375,2864 198,2864 201,2901"/>
        <Baseline points="201,2901 380,2897"/>
        <TextEquiv conf="0.9999874591827392">
          <Unicode>„ 14.</Unicode>
        </TextEquiv>
      </TextLine>
      <TextLine id="eSc_line_3ef9e29d" custom="structure {type:default;}">
        <Coords points="768,2948 768,2983 2686,2976 2686,2948 2686,2921 768,2917 768,2948"/>
        <Baseline points="768,2948 2686,2948"/>
        <TextEquiv conf="0.9956559524124051">
          <Unicode>sessiones, decimas, scriptum a b. m. Walfredo et Rainerio episcopis Senensibus de</Unicode>
        </TextEquiv>
      </TextLine>
      <TextLine id="eSc_line_01e99d0f" custom="structure {type:default;}">
        <Coords points="768,3005 768,3029 2682,3025 2684,3001 2677,2974 766,2976 768,3005"/>
        <Baseline points="768,3005 2684,3001"/>
        <TextEquiv conf="0.9980456902657027">
          <Unicode>censu duorum cereorum annuo ecclesiae Senensi praestando confirmat. Qui orationis</Unicode>
        </TextEquiv>
      </TextLine>
      <TextLine id="eSc_line_8701532e" custom="structure {type:default;}">
        <Coords points="768,3062 768,3087 2682,3078 2684,3054 2677,3027 766,3034 768,3062"/>
        <Baseline points="768,3062 2684,3054"/>
        <TextEquiv conf="0.9994153144918843">
          <Unicode>causa ad S. Leonardum accedant, eos laedi vetat. Fratribus pensionem duorum soli-</Unicode>
        </TextEquiv>
      </TextLine>
      <TextLine id="eSc_line_4c320afd" custom="structure {type:default;}">
        <Coords points="768,3111 766,3144 2680,3146 2684,3115 2682,3085 768,3080 768,3111"/>
        <Baseline points="768,3111 2684,3115"/>
        <TextEquiv conf="0.991904636224111">
          <Unicode>dorum Lucensium quotannis Lateranensi palatio persolvendam imponit. Autogr. in</Unicode>
        </TextEquiv>
      </TextLine>
      <TextLine id="eSc_line_362f21bf" custom="structure {type:default;}">
        <Coords points="768,3164 766,3184 793,3199 795,3199 797,3199 799,3202 978,3202 978,3199 980,3199 983,3199 983,3197 996,3186 1031,3199 1034,3199 1036,3199 1159,3197 1162,3197 1201,3184 1303,3184 1319,3199 1319,3202 1321,3202 1323,3202 1325,3204 1464,3204 1464,3202 1467,3202 1511,3186 1577,3202 1579,3202 1581,3202 1619,3186 1646,3197 1648,3197 1650,3197 1707,3184 1710,3168 1707,3138 768,3133 768,3164"/>
        <Baseline points="768,3164 1710,3168"/>
        <TextEquiv conf="0.9973203467159737">
          <Unicode>bibl. reg. Berolin. — „Quotiens illud a“.</Unicode>
        </TextEquiv>
      </TextLine>
      <TextLine id="eSc_line_f3e64bdc" custom="structure {type:default;}">
        <Coords points="722,3224 722,3255 2686,3244 2686,3219 2682,3186 720,3186 722,3224"/>
        <Baseline points="722,3224 2686,3219"/>
        <TextEquiv conf="0.9934459532008452">
          <Unicode>13045 (8578) Ecclesiae S. Audomari protectionem suscipit, iuraque confirmat, bulla ad</Unicode>
        </TextEquiv>
      </TextLine>
      <TextLine id="eSc_line_5acf343d" custom="structure {type:default;}">
        <Coords points="205,3228 205,3266 291,3252 315,3257 355,3263 357,3263 360,3263 386,3248 386,3221 382,3149 307,3144 304,3144 302,3144 300,3144 300,3146 273,3173 260,3188 203,3188 205,3228"/>
        <Baseline points="205,3228 386,3221"/>
        <TextEquiv conf="0.9998100161552429">
          <Unicode>„ 16.</Unicode>
        </TextEquiv>
      </TextLine>
      <TextLine id="eSc_line_c46b49c6" custom="structure {type:default;}">
        <Coords points="490,3230 490,3279 609,3272 609,3230 609,3191 552,3175 550,3175 547,3175 490,3186 490,3230"/>
        <Baseline points="490,3230 609,3230"/>
        <TextEquiv conf="0.9999998807907104">
          <Unicode>(„)</Unicode>
        </TextEquiv>
      </TextLine>
      <TextLine id="eSc_line_6b14ad1f" custom="structure {type:default;}">
        <Coords points="779,3274 779,3310 1120,3301 1385,3310 1579,3314 1581,3314 1615,3308 1639,3303 1663,3308 1694,3314 1696,3314 1769,3308 1818,3303 1844,3308 1884,3314 1886,3314 1889,3314 1913,3308 1928,3303 1950,3308 1995,3314 1997,3314 1999,3314 2019,3308 2030,3303 2068,3305 2165,3316 2167,3316 2470,3305 2485,3305 2509,3316 2512,3316 2514,3316 2684,3303 2686,3281 2684,3250 779,3237 779,3274"/>
        <Baseline points="779,3274 2686,3281"/>
        <TextEquiv conf="0.9979834471430097">
          <Unicode>Willelmum decanum. (Fragmentum). Miraei Opp. dipl. IV. 28, Migne 200 p. 1165.</Unicode>
        </TextEquiv>
      </TextLine>
      <TextLine id="eSc_line_632c64d1" custom="structure {type:default;}">
        <Coords points="782,3330 779,3341 793,3352 793,3354 795,3354 797,3354 799,3354 802,3354 837,3341 1038,3341 1060,3358 1062,3358 1064,3358 1159,3361 1162,3361 1164,3361 1199,3345 1235,3361 1237,3361 1239,3363 1484,3363 1484,3361 1486,3361 1489,3361 1489,3358 1506,3343 1535,3343 1537,3334 1535,3303 782,3301 782,3330"/>
        <Baseline points="782,3330 1537,3334"/>
        <TextEquiv conf="0.9803189856665475">
          <Unicode>—„ . . . „. felicis recordationis“.</Unicode>
        </TextEquiv>
      </TextLine>
      <TextLine id="eSc_line_d0ce3c15" custom="structure {type:default;}">
        <Coords points="724,3389 724,3429 994,3409 1031,3420 1034,3420 1036,3422 1274,3422 1274,3420 1277,3420 1321,3409 1436,3420 1438,3420 1703,3411 1763,3422 1765,3422 1836,3411 1866,3425 1869,3425 1871,3425 1873,3425 1889,3425 1981,3411 2010,3422 2014,3425 2017,3425 2019,3425 2021,3425 2028,3422 2076,3407 2158,3422 2178,3425 2180,3425 2359,3420 2428,3418 2430,3418 2432,3418 2450,3407 2682,3418 2686,3385 2680,3352 722,3352 724,3389"/>
        <Baseline points="724,3389 2686,3385"/>
        <TextEquiv conf="0.9993937136161894">
          <Unicode>13046 (8579) Monasterii S. Paterniani Fanensis privilegia et possessiones confirmat,</Unicode>
        </TextEquiv>
      </TextLine>
      <TextLine id="eSc_line_42e32d57" custom="structure {type:default;}">
        <Coords points="203,3431 256,3420 300,3425 362,3431 364,3431 366,3431 388,3418 388,3392 388,3361 311,3347 309,3347 276,3352 231,3358 205,3347 203,3392 203,3431"/>
        <Baseline points="203,3392 388,3392"/>
        <TextEquiv conf="0.9942171812057495">
          <Unicode>„ 17.</Unicode>
        </TextEquiv>
      </TextLine>
      <TextLine id="eSc_line_074910e0" custom="structure {type:default;}">
        <Coords points="505,3400 505,3422 600,3420 600,3400 598,3352 505,3363 505,3400"/>
        <Baseline points="505,3400 600,3400"/>
        <TextEquiv conf="1.0">
          <Unicode>„</Unicode>
        </TextEquiv>
      </TextLine>
      <TextLine id="eSc_line_38071f32" custom="structure {type:default;}">
        <Coords points="777,3440 777,3482 837,3473 901,3484 914,3484 916,3484 919,3484 923,3484 961,3471 1036,3484 1047,3484 1049,3484 1051,3484 1056,3484 1091,3471 1420,3471 1449,3482 1451,3482 1453,3482 1455,3482 1489,3471 1718,3471 1752,3482 1754,3482 1756,3482 2023,3471 2050,3484 2052,3484 2054,3486 2401,3486 2401,3484 2403,3484 2406,3484 2425,3473 2684,3484 2686,3440 2686,3411 777,3411 777,3440"/>
        <Baseline points="777,3440 2686,3440"/>
        <TextEquiv conf="0.9949179857969284">
          <Unicode>petente Alberto abbate. (Initium bullae depravatum est). Amiani Mem. di Fano II.</Unicode>
        </TextEquiv>
      </TextLine>
      <TextLine id="eSc_line_9bc0f459" custom="structure {type:default;}">
        <Coords points="777,3495 777,3542 843,3555 846,3555 899,3546 905,3544 908,3546 925,3559 925,3562 927,3562 930,3562 932,3562 934,3562 967,3546 980,3559 983,3559 985,3559 987,3559 989,3559 1014,3548 1014,3546 1016,3548 1034,3562 1036,3562 1038,3562 1040,3562 1106,3548 1113,3548 1115,3548 1135,3568 1135,3570 1137,3570 1140,3570 1142,3570 1144,3570 1146,3570 1179,3551 1193,3544 1277,3544 1290,3553 1294,3557 1296,3557 1299,3557 1301,3557 1325,3553 1374,3544 1387,3555 1400,3566 1400,3568 1402,3568 1405,3568 1407,3568 1409,3568 1411,3568 1427,3555 1431,3553 1436,3555 1451,3564 1453,3564 1455,3564 1458,3564 1460,3564 1469,3557 1486,3544 1579,3546 1599,3559 1601,3562 1604,3562 1606,3562 1608,3562 1610,3562 1612,3562 1612,3559 1615,3559 1623,3551 1637,3559 1639,3562 1641,3562 1643,3562 1646,3562 1665,3559 1696,3557 1701,3562 1710,3568 1710,3570 1712,3570 1714,3570 1716,3573 1911,3573 1911,3570 1913,3570 1915,3570 1919,3566 1937,3553 1970,3566 1975,3495 1972,3462 777,3464 777,3495"/>
        <Baseline points="777,3495 1975,3495"/>
        <TextEquiv conf="0.9821254727887172">
          <Unicode>sommario p. XIII. — „Pie postulantibus votuntatis“.</Unicode>
        </TextEquiv>
      </TextLine>
      <TextLine id="eSc_line_67f27c1c" custom="structure {type:default;}">
        <Coords points="205,3539 205,3601 236,3592 280,3601 313,3606 315,3606 318,3606 320,3606 326,3599 344,3588 388,3588 424,3597 457,3608 459,3608 461,3608 519,3599 614,3610 616,3610 618,3610 620,3610 631,3599 667,3608 669,3608 671,3608 673,3608 676,3608 691,3592 766,3590 768,3546 768,3509 746,3498 744,3498 742,3498 740,3498 737,3498 702,3509 642,3498 640,3498 565,3509 563,3509 461,3495 459,3495 408,3506 406,3506 205,3504 205,3539"/>
        <Baseline points="205,3539 768,3546"/>
        <TextEquiv conf="0.9177557706832886">
          <Unicode>Regea Sont. Ronan. Sd ect. II.</Unicode>
        </TextEquiv>
      </TextLine>
      <TextLine id="eSc_line_0f27ef6e" custom="structure {type:default;}">
        <Coords points="2353,3559 2359,3630 2410,3630 2403,3553 2390,3500 2346,3511 2353,3559"/>
        <Baseline points="2353,3559 2403,3553"/>
        <TextEquiv conf="0.988421618938446">
          <Unicode>41</Unicode>
        </TextEquiv>
      </TextLine>
    </TextRegion>
    <TextRegion id="eSc_textblock_fab28931"  custom="structure {type:default;}">
      <Coords points="956,150 1824,150 1877,159 1886,236 945,262 910,203 919,159 956,150"/>
      <TextLine id="eSc_line_7b471459" custom="structure {type:default;}">
        <Coords points="934,227 934,245 1853,253 1858,223 1855,174 1800,156 1798,156 1796,156 1794,156 1791,156 1774,172 1650,172 1606,154 1604,154 1601,154 1599,154 1557,170 1531,161 1528,161 1526,161 1451,172 1416,159 1414,159 1411,159 1307,174 1290,159 1290,156 1288,156 1285,156 1283,156 1168,167 1042,156 1040,156 932,176 934,227"/>
        <Baseline points="934,227 1858,223"/>
        <TextEquiv conf="0.99134437084198">
          <Unicode>ALEXANDER III. 1159—1181.</Unicode>
        </TextEquiv>
      </TextLine>
    </TextRegion>
    <TextRegion id="eSc_textblock_e3f29786"  custom="structure {type:default;}">
      <Coords points="2545,159 2715,167 2715,227 2540,253 2545,159"/>
      <TextLine id="eSc_line_ca842fa5" custom="structure {type:default;}">
        <Coords points="2651,163 2629,163 2611,161 2558,165 2545,187 2545,225 2545,249 2668,247 2668,218 2662,163 2651,163"/>
        <Baseline points="2545,225 2668,218"/>
        <TextEquiv conf="1.0">
          <Unicode>321</Unicode>
        </TextEquiv>
      </TextLine>
    </TextRegion>
  </Page>
</PcGts>
