<?xml version="1.0" encoding="UTF-8"  standalone="yes"?>
<PcGts xmlns="http://schema.primaresearch.org/PAGE/gts/pagecontent/2019-07-15" xmlns:xsi="http://www.w3.org/2001/XMLSchema-instance" xsi:schemaLocation="http://schema.primaresearch.org/PAGE/gts/pagecontent/2019-07-15 http://schema.primaresearch.org/PAGE/gts/pagecontent/2019-07-15/pagecontent.xsd">
  <Metadata>
	<Creator>escriptorium</Creator>
	<Created>2024-07-19T10:13:20.687070+00:00</Created>
        <LastChange>2024-08-08T08:44:59.725944+00:00</LastChange>
  </Metadata>
  <Page imageFilename="0387.png" imageWidth="3007" imageHeight="3975">
    <TextRegion id="eSc_textblock_b5ad6706"  custom="structure {type:default;}">
      <Coords points="338,150 466,159 475,227 309,253 300,167 338,150"/>
      <TextLine id="eSc_line_1cb87f48" custom="structure {type:default;}">
        <Coords points="406,154 399,152 318,167 324,220 324,251 448,251 448,212 444,159 419,154 406,154"/>
        <Baseline points="324,220 448,212"/>
        <TextEquiv conf="1.0">
          <Unicode>374</Unicode>
        </TextEquiv>
      </TextLine>
    </TextRegion>
    <TextRegion id="eSc_textblock_d329dd15"  custom="structure {type:default;}">
      <Coords points="1584,300 2883,309 2892,2974 2856,3539 874,3522 857,344 883,309 1584,300"/>
      <TextLine id="eSc_line_dfe43e6f" custom="structure {type:default;}">
        <Coords points="866,329 868,368 868,390 927,406 930,408 983,408 983,406 985,406 987,406 1003,395 1014,390 1190,399 1193,362 1188,324 1082,309 1080,309 1007,324 983,309 980,309 978,309 976,309 881,315 879,315 866,329"/>
        <Baseline points="868,368 1193,362"/>
        <TextEquiv conf="0.9999515831470489">
          <Unicode>1159—1181.</Unicode>
        </TextEquiv>
      </TextLine>
      <TextLine id="eSc_line_2a511e47" custom="structure {type:default;}">
        <Coords points="945,426 943,443 969,457 972,457 974,457 2854,452 2856,435 2854,393 2377,373 2375,373 2282,388 2280,388 2273,388 2079,377 2076,377 2074,377 2052,388 2050,388 2039,388 1900,371 1897,371 1895,371 1844,386 1820,371 1818,371 1816,371 1813,371 1705,373 1703,373 1674,386 1672,386 1615,371 1612,371 1610,371 1608,371 1606,371 1584,386 1420,386 1299,386 1296,384 1272,368 1270,368 1268,368 1210,368 1208,368 1206,368 1177,384 1175,384 945,384 945,426"/>
        <Baseline points="945,426 2856,435"/>
        <TextEquiv conf="0.992326562432037">
          <Unicode>ecclesiis, quibus debeantur, persolvant“. Gilberti Foliot epist. ed. Giles II. 65, App.</Unicode>
        </TextEquiv>
      </TextLine>
      <TextLine id="eSc_line_7951c0c6" custom="structure {type:default;}">
        <Coords points="947,483 945,505 2854,518 2858,490 2856,454 947,448 947,483"/>
        <Baseline points="947,483 2858,490"/>
        <TextEquiv conf="0.9994096329182754">
          <Unicode>conc. Lat. IV. 2, Coll. Lips. XXII. 1, Coll. Cass. XXXIV. 1, Coll. Bamb. XXIV. 1,</Unicode>
        </TextEquiv>
      </TextLine>
      <TextLine id="eSc_line_99cc98c2" custom="structure {type:default;}">
        <Coords points="945,534 943,560 2852,578 2856,543 2854,510 945,501 945,534"/>
        <Baseline points="945,534 2856,543"/>
        <TextEquiv conf="0.9878394834697246">
          <Unicode>Comp. I. L. 3. t. 26. c. 2, Decr. Greg. L. III. t. 30. c. 5. — „Pervenit ad nos,</Unicode>
        </TextEquiv>
      </TextLine>
      <TextLine id="eSc_line_4e8dcf23" custom="structure {type:default;}">
        <Coords points="945,594 945,616 1109,616 1109,594 1109,560 945,560 945,594"/>
        <Baseline points="945,594 1109,594"/>
        <TextEquiv conf="1.0">
          <Unicode>quod“.</Unicode>
        </TextEquiv>
      </TextLine>
      <TextLine id="eSc_line_56e3d23d" custom="structure {type:default;}">
        <Coords points="899,651 899,673 2858,680 2863,647 2858,616 2781,600 2779,600 2777,600 2739,613 2529,602 2527,602 2525,602 2503,613 2501,616 2379,616 2377,613 2297,600 2295,600 2293,600 2244,613 2242,613 2240,613 2116,600 2114,600 1919,613 1875,616 1802,613 1577,605 1575,605 1573,605 1570,605 1559,613 1553,618 1427,618 1414,613 1372,602 1369,602 1367,602 897,611 899,651"/>
        <Baseline points="899,651 2863,647"/>
        <TextEquiv conf="0.9838913440704345">
          <Unicode>13822 (8889) Archiepiscopo Cantuariensi et eius suffraganeis scribit, ut in ecclesiis</Unicode>
        </TextEquiv>
      </TextLine>
      <TextLine id="eSc_line_e9cb60cb" custom="structure {type:default;}">
        <Coords points="950,702 947,726 2854,733 2858,708 2856,675 950,669 950,702"/>
        <Baseline points="950,702 2858,708"/>
        <TextEquiv conf="0.9977284617722034">
          <Unicode>aliqua de causa vacantibus oeconomos ponant. App. conc. Lat. XV. 21, Coll. Lips.</Unicode>
        </TextEquiv>
      </TextLine>
      <TextLine id="eSc_line_b8138db0" custom="structure {type:default;}">
        <Coords points="952,759 950,777 2854,790 2858,764 2856,728 952,719 952,759"/>
        <Baseline points="952,759 2858,764"/>
        <TextEquiv conf="0.9925746246229245">
          <Unicode>XXXII. 5, Coll. Cass. XLI. 5, Coll. Bamb. XXXII. 5, Comp. I. L. 1. t. 23. c. 5,</Unicode>
        </TextEquiv>
      </TextLine>
      <TextLine id="eSc_line_00cf84d9" custom="structure {type:default;}">
        <Coords points="947,814 947,836 2752,836 2752,814 2752,786 947,777 947,814"/>
        <Baseline points="947,814 2752,814"/>
        <TextEquiv conf="0.9945640580294883">
          <Unicode>Decr. Greg. L. I. t. 31. c. 4. — „Cum nos plerumque“ „Cum vos plerumque“.</Unicode>
        </TextEquiv>
      </TextLine>
      <TextLine id="eSc_line_95f83906" custom="structure {type:default;}">
        <Coords points="899,867 897,887 2854,898 2858,872 2856,839 899,825 899,867"/>
        <Baseline points="899,867 2858,872"/>
        <TextEquiv conf="0.997614616439456">
          <Unicode>13823 (8890) Archiepiscopo Cantuariensi et eius suffraganeis respondet de iis, „qui,</Unicode>
        </TextEquiv>
      </TextLine>
      <TextLine id="eSc_line_92ae8db8" custom="structure {type:default;}">
        <Coords points="952,925 952,949 2854,951 2858,920 2852,892 950,894 952,925"/>
        <Baseline points="952,925 2858,920"/>
        <TextEquiv conf="0.9999472278924215">
          <Unicode>uxoribus relictis, concubinis adhaerere non dubitent, et errorem suum ac temeritatem</Unicode>
        </TextEquiv>
      </TextLine>
      <TextLine id="eSc_line_aae500df" custom="structure {type:default;}">
        <Coords points="952,976 950,998 2536,1011 2538,1011 2863,1000 2865,982 2865,951 952,945 952,976"/>
        <Baseline points="952,976 2865,982"/>
        <TextEquiv conf="0.9983684085309505">
          <Unicode>tueri per appellationis obstaculum nitantur“. App. conc. Lat. X. 20, Coll. Lips.</Unicode>
        </TextEquiv>
      </TextLine>
      <TextLine id="eSc_line_9628172b" custom="structure {type:default;}">
        <Coords points="950,1031 950,1060 2861,1060 2863,1035 2861,1002 950,998 950,1031"/>
        <Baseline points="950,1031 2863,1035"/>
        <TextEquiv conf="0.995145133248082">
          <Unicode>XLVII. 20, Coll. Cass. LI. 19, Coll. Bamb. XLII. 18, Comp. I. L. 2. t. 20. c. 21.</Unicode>
        </TextEquiv>
      </TextLine>
      <TextLine id="eSc_line_96198f7d" custom="structure {type:default;}">
        <Coords points="950,1088 950,1106 1557,1113 1559,1088 1559,1057 950,1057 950,1088"/>
        <Baseline points="950,1088 1559,1088"/>
        <TextEquiv conf="0.9999058942000071">
          <Unicode>— „Relatum est auribus“.</Unicode>
        </TextEquiv>
      </TextLine>
      <TextLine id="eSc_line_30af3abb" custom="structure {type:default;}">
        <Coords points="899,1146 899,1174 2865,1170 2865,1146 2865,1108 899,1106 899,1146"/>
        <Baseline points="899,1146 2865,1146"/>
        <TextEquiv conf="0.9988723524979183">
          <Unicode>13824 (8891) Archiepiscopo Cantuariensi et episcopo Cicestriensi scribit de causa A.</Unicode>
        </TextEquiv>
      </TextLine>
      <TextLine id="eSc_line_269dc936" custom="structure {type:default;}">
        <Coords points="947,1199 947,1223 958,1232 961,1232 963,1232 965,1232 1047,1219 1129,1232 1131,1232 1232,1219 1285,1232 1288,1232 1290,1232 1292,1232 1352,1216 1354,1216 1564,1230 1566,1230 1568,1230 1570,1230 1590,1216 1672,1227 1674,1227 1676,1227 1721,1214 1771,1225 1774,1225 1897,1214 1964,1227 1966,1227 2295,1225 2297,1225 2299,1225 2324,1210 2324,1190 2317,1154 945,1168 947,1199"/>
        <Baseline points="947,1199 2324,1190"/>
        <TextEquiv conf="0.9959843158721924">
          <Unicode>presbyteri. App. ronc. Lat. VIII. 20. — „Retulit nobis A.“</Unicode>
        </TextEquiv>
      </TextLine>
      <TextLine id="eSc_line_a9c53f01" custom="structure {type:default;}">
        <Coords points="901,1252 901,1278 2858,1276 2861,1247 2856,1219 899,1219 901,1252"/>
        <Baseline points="901,1252 2861,1247"/>
        <TextEquiv conf="0.9958492375555492">
          <Unicode>13825 (8892) Archiepiscopo Cantuariensi et episcopo Wigorniensi praecipit, ut N. ec-</Unicode>
        </TextEquiv>
      </TextLine>
      <TextLine id="eSc_line_2aba823e" custom="structure {type:default;}">
        <Coords points="947,1307 947,1331 2189,1338 2191,1338 2238,1327 2246,1327 2812,1327 2814,1300 2808,1269 945,1274 947,1307"/>
        <Baseline points="947,1307 2814,1300"/>
        <TextEquiv conf="0.9918169010626642">
          <Unicode>clesiam quandam restituant. App. conc. Lat. XXII. 13. — „Praecipimus, ut N.“</Unicode>
        </TextEquiv>
      </TextLine>
      <TextLine id="eSc_line_f7cf97ad" custom="structure {type:default;}">
        <Coords points="901,1364 901,1386 2863,1382 2863,1358 2858,1327 921,1322 919,1322 916,1322 914,1322 899,1329 901,1364"/>
        <Baseline points="901,1364 2863,1358"/>
        <TextEquiv conf="0.9958795145863578">
          <Unicode>13826 (8893) Archiepiscopo Cantuariensi et episcopo Wigorniensi (al. abbati Rivallis</Unicode>
        </TextEquiv>
      </TextLine>
      <TextLine id="eSc_line_1fae58ef" custom="structure {type:default;}">
        <Coords points="952,1415 952,1442 2861,1439 2861,1415 2861,1386 952,1386 952,1415"/>
        <Baseline points="952,1415 2861,1415"/>
        <TextEquiv conf="0.999869191646576">
          <Unicode>et priori de Bridi) mandat, ut controversiam inter monachos de H. et moniales de</Unicode>
        </TextEquiv>
      </TextLine>
      <TextLine id="eSc_line_7163be26" custom="structure {type:default;}">
        <Coords points="952,1470 950,1490 2854,1503 2858,1475 2856,1442 1926,1442 1915,1433 1908,1428 1906,1428 1904,1428 1902,1428 1626,1431 1007,1437 952,1426 952,1470"/>
        <Baseline points="952,1470 2858,1475"/>
        <TextEquiv conf="0.9923039623876897">
          <Unicode>Leden. diiudicent. App. conc. Lat. VII. 5, Coll. Lips. XL. 4, Coll. Cass. XLVI. 3,</Unicode>
        </TextEquiv>
      </TextLine>
      <TextLine id="eSc_line_aee4c7b9" custom="structure {type:default;}">
        <Coords points="947,1523 947,1556 2854,1552 2856,1528 2854,1497 947,1492 947,1523"/>
        <Baseline points="947,1523 2856,1528"/>
        <TextEquiv conf="0.9992687469575463">
          <Unicode>Coll. Bamb. XXVII. 3, Comp. I. L. 2. t. 10. c. 3, Decr. Greg. L. II. t. 8. c. 1. —</Unicode>
        </TextEquiv>
      </TextLine>
      <TextLine id="eSc_line_9bce0247" custom="structure {type:default;}">
        <Coords points="952,1581 950,1603 1115,1612 1117,1612 1120,1612 1122,1612 1137,1603 1144,1598 1159,1603 1210,1614 1212,1614 1215,1614 1217,1614 1232,1603 1292,1612 1294,1612 1411,1598 1414,1585 1411,1550 952,1545 952,1581"/>
        <Baseline points="952,1581 1414,1585"/>
        <TextEquiv conf="0.989987534025441">
          <Unicode>„Dilecti filii nostri“.</Unicode>
        </TextEquiv>
      </TextLine>
      <TextLine id="eSc_line_c3c5421a" custom="structure {type:default;}">
        <Coords points="905,1638 905,1665 2854,1667 2858,1638 2856,1603 905,1601 905,1638"/>
        <Baseline points="905,1638 2858,1638"/>
        <TextEquiv conf="0.9953026522037595">
          <Unicode>13827 Sententias inter fratres S. Augustini Cantuarienses et Soldanum, laicum quendam,</Unicode>
        </TextEquiv>
      </TextLine>
      <TextLine id="eSc_line_c732eea4" custom="structure {type:default;}">
        <Coords points="950,1693 950,1718 2854,1722 2858,1689 2854,1660 947,1660 950,1693"/>
        <Baseline points="950,1693 2858,1689"/>
        <TextEquiv conf="0.9940597777125202">
          <Unicode>eiusque filium a Londonensi episcopo latas corroborat. Hist. mon. S. Aug. Cant.</Unicode>
        </TextEquiv>
      </TextLine>
      <TextLine id="eSc_line_ea1f7994" custom="structure {type:default;}">
        <Coords points="950,1749 950,1768 972,1779 974,1779 976,1779 978,1779 1005,1766 1007,1766 1124,1766 1201,1766 1221,1779 1224,1779 1226,1779 1228,1779 1478,1777 1480,1777 1482,1777 1497,1764 1517,1775 1520,1775 1522,1775 1524,1775 1575,1762 1577,1762 1579,1762 1608,1775 1610,1775 1612,1777 1743,1777 1743,1775 1745,1775 1796,1760 1796,1742 1791,1713 947,1711 950,1749"/>
        <Baseline points="950,1749 1796,1742"/>
        <TextEquiv conf="0.9995713531970978">
          <Unicode>p. 434. — „Suggestum est auribus“.</Unicode>
        </TextEquiv>
      </TextLine>
      <TextLine id="eSc_line_311180c2" custom="structure {type:default;}">
        <Coords points="901,1797 899,1824 2854,1832 2858,1804 2856,1771 901,1760 901,1797"/>
        <Baseline points="901,1797 2858,1804"/>
        <TextEquiv conf="0.9999574724450169">
          <Unicode>13828 Fratribus monasterii S. Augustini Cantuariensis asserit capellam de Sobdedon,</Unicode>
        </TextEquiv>
      </TextLine>
      <TextLine id="eSc_line_3adab016" custom="structure {type:default;}">
        <Coords points="952,1859 952,1888 2858,1888 2861,1852 2856,1824 2319,1813 2317,1813 2202,1824 2196,1824 2163,1824 1588,1815 1586,1815 950,1826 952,1859"/>
        <Baseline points="952,1859 2861,1852"/>
        <TextEquiv conf="0.9997578059570699">
          <Unicode>a Roberto, quondam episcopo Herefordensi, donatam et a G. eius successore robo-</Unicode>
        </TextEquiv>
      </TextLine>
      <TextLine id="eSc_line_36b73313" custom="structure {type:default;}">
        <Coords points="950,1912 950,1934 2651,1930 2653,1908 2646,1879 947,1881 950,1912"/>
        <Baseline points="950,1912 2653,1908"/>
        <TextEquiv conf="0.9984764729936918">
          <Unicode>ratam. Hist. mon. S. Aug. Cant. p. 435. — „Iustis petentium desideriis“.</Unicode>
        </TextEquiv>
      </TextLine>
      <TextLine id="eSc_line_34e801ba" custom="structure {type:default;}">
        <Coords points="899,1967 899,1991 2856,1989 2858,1961 2854,1930 897,1925 899,1967"/>
        <Baseline points="899,1967 2858,1961"/>
        <TextEquiv conf="0.9950323813101825">
          <Unicode>13829 (8894) Universis monachis et canonicis regularibus per Cantuariensem provinciam</Unicode>
        </TextEquiv>
      </TextLine>
      <TextLine id="eSc_line_e61e4687" custom="structure {type:default;}">
        <Coords points="947,2022 947,2047 2858,2040 2861,2016 2856,1983 963,1983 961,1983 958,1983 956,1983 945,1989 947,2022"/>
        <Baseline points="947,2022 2861,2016"/>
        <TextEquiv conf="0.999292729882633">
          <Unicode>constitutis praecipit, „ut in ecclesiis, in quibus praesentationem habeant, cum vaca-</Unicode>
        </TextEquiv>
      </TextLine>
      <TextLine id="eSc_line_c612ba94" custom="structure {type:default;}">
        <Coords points="952,2078 952,2111 2861,2097 2863,2073 2856,2044 950,2044 952,2078"/>
        <Baseline points="952,2078 2863,2073"/>
        <TextEquiv conf="0.999481303162045">
          <Unicode>verint, dioecesanis episcopis clericos idoneos praesentent, qui illis de spiritualibus, et</Unicode>
        </TextEquiv>
      </TextLine>
      <TextLine id="eSc_line_af535f61" custom="structure {type:default;}">
        <Coords points="950,2128 947,2148 2852,2157 2856,2133 2854,2100 950,2091 950,2128"/>
        <Baseline points="950,2128 2856,2133"/>
        <TextEquiv conf="0.9967082426991574">
          <Unicode>iis de temporalibus debeant respondere“. Gilberti Foliot epist. ed. Giles II. 68, App.</Unicode>
        </TextEquiv>
      </TextLine>
      <TextLine id="eSc_line_a30f3711" custom="structure {type:default;}">
        <Coords points="947,2184 945,2206 2852,2219 2856,2188 2854,2155 947,2150 947,2184"/>
        <Baseline points="947,2184 2856,2188"/>
        <TextEquiv conf="0.995664960727459">
          <Unicode>conc. Lat. XV. 24, Coll. Lips. LII. 28, Coll. Cass. LIII. 21, Coll. Bamb. XLV. 21,</Unicode>
        </TextEquiv>
      </TextLine>
      <TextLine id="eSc_line_c8f46ca2" custom="structure {type:default;}">
        <Coords points="945,2237 943,2261 1201,2270 1204,2270 1279,2261 1305,2259 1310,2261 1319,2270 1321,2270 1323,2270 1325,2270 1327,2270 1354,2261 1360,2259 1363,2261 1372,2267 1372,2270 1374,2270 1376,2270 1378,2270 1453,2261 1460,2261 1469,2261 1551,2272 1553,2272 1555,2272 1557,2272 1557,2270 1568,2261 1648,2261 1659,2270 1659,2272 1661,2272 1663,2272 1665,2274 1769,2274 1769,2272 1771,2272 1809,2261 1811,2261 1871,2272 1873,2272 1964,2261 1981,2272 1984,2272 1986,2272 1988,2272 2090,2259 2092,2241 2087,2201 1014,2206 945,2195 945,2237"/>
        <Baseline points="945,2237 2092,2241"/>
        <TextEquiv conf="0.9986895842755095">
          <Unicode>Comp. I. L. 3. t. 32. c. 3. — „Cum deceat nos“.</Unicode>
        </TextEquiv>
      </TextLine>
      <TextLine id="eSc_line_b40b591b" custom="structure {type:default;}">
        <Coords points="899,2296 899,2320 2858,2316 2861,2292 2856,2261 897,2259 899,2296"/>
        <Baseline points="899,2296 2861,2292"/>
        <TextEquiv conf="0.9853087569155344">
          <Unicode>13830 (8895) Episcopo Crapulano (leg. Caprulano) respondet de „sublatione appella-</Unicode>
        </TextEquiv>
      </TextLine>
      <TextLine id="eSc_line_3c094779" custom="structure {type:default;}">
        <Coords points="947,2349 947,2376 2856,2376 2856,2349 2856,2320 947,2320 947,2349"/>
        <Baseline points="947,2349 2856,2349"/>
        <TextEquiv conf="0.9902541659496449">
          <Unicode>tionis“. Coll. Lips. XLVII. 17, Comp. I. L. 2. t. 20. c. 26, (Mansi XXI. 1086). —</Unicode>
        </TextEquiv>
      </TextLine>
      <TextLine id="eSc_line_8b507c3f" custom="structure {type:default;}">
        <Coords points="950,2409 950,2429 1581,2422 1584,2402 1579,2367 989,2365 987,2365 985,2365 947,2376 950,2409"/>
        <Baseline points="950,2409 1584,2402"/>
        <TextEquiv conf="0.9993670753070286">
          <Unicode>„Quaesivisti ab apostolatu“.</Unicode>
        </TextEquiv>
      </TextLine>
      <TextLine id="eSc_line_6262a8df" custom="structure {type:default;}">
        <Coords points="899,2462 899,2482 2858,2484 2861,2455 2854,2409 2799,2420 2518,2411 2443,2409 2441,2409 2406,2411 2317,2420 2275,2413 2253,2409 2251,2409 2249,2409 2233,2413 2196,2422 2149,2413 2132,2411 2129,2411 2065,2413 1926,2422 1891,2415 1866,2411 1864,2411 1862,2411 1844,2415 1818,2422 1743,2418 1668,2411 1665,2411 1606,2418 1546,2424 1391,2420 1206,2413 1204,2413 897,2422 899,2462"/>
        <Baseline points="899,2462 2861,2455"/>
        <TextEquiv conf="0.9928219864167362">
          <Unicode>13831 (8896) Episcopo Capuano (al. Capitulano, al. Caprario) et abbati S. Luciae et</Unicode>
        </TextEquiv>
      </TextLine>
      <TextLine id="eSc_line_a96e3b08" custom="structure {type:default;}">
        <Coords points="950,2515 950,2544 2856,2535 2858,2510 2852,2482 947,2482 950,2515"/>
        <Baseline points="950,2515 2858,2510"/>
        <TextEquiv conf="0.9987937639741337">
          <Unicode>priori S. Crucis mandat, iudicent inter N. et O. monachos „super electione de utroque</Unicode>
        </TextEquiv>
      </TextLine>
      <TextLine id="eSc_line_d5e998bb" custom="structure {type:default;}">
        <Coords points="950,2570 950,2594 2854,2597 2856,2570 2856,2539 950,2539 950,2570"/>
        <Baseline points="950,2570 2856,2570"/>
        <TextEquiv conf="0.9968745040606304">
          <Unicode>facta“. App. conc. Lat. VIII. 2, Coll. Lips. XLIII. 2, Coll. Cass. XLVIII. 1, Coll.</Unicode>
        </TextEquiv>
      </TextLine>
      <TextLine id="eSc_line_c741febe" custom="structure {type:default;}">
        <Coords points="947,2625 947,2652 2850,2647 2852,2619 2847,2588 945,2583 947,2625"/>
        <Baseline points="947,2625 2852,2619"/>
        <TextEquiv conf="0.9839237536056132">
          <Unicode>Bamb. XXXIX. 1, Comp. I. L. 2. t. 13. c. 10, Decr. Greg. L. II. t. 20. c. 11. —</Unicode>
        </TextEquiv>
      </TextLine>
      <TextLine id="eSc_line_1e171103" custom="structure {type:default;}">
        <Coords points="952,2680 952,2705 1517,2696 1520,2674 1513,2645 950,2647 952,2680"/>
        <Baseline points="952,2680 1520,2674"/>
        <TextEquiv conf="0.9935947319735652">
          <Unicode>„Causam, quae inter N.“</Unicode>
        </TextEquiv>
      </TextLine>
      <TextLine id="eSc_line_99bc4d91" custom="structure {type:default;}">
        <Coords points="899,2736 899,2760 2856,2758 2858,2729 2854,2691 897,2691 899,2736"/>
        <Baseline points="899,2736 2858,2729"/>
        <TextEquiv conf="0.9969765501362937">
          <Unicode>13832 (8898) Episcopo Carnotensi scribit, compositionem apud iudicem extraordinarium</Unicode>
        </TextEquiv>
      </TextLine>
      <TextLine id="eSc_line_e18a1ae8" custom="structure {type:default;}">
        <Coords points="945,2791 945,2813 2850,2815 2854,2784 2847,2756 943,2760 945,2791"/>
        <Baseline points="945,2791 2854,2784"/>
        <TextEquiv conf="0.9974009649055761">
          <Unicode>factam, nisi sit iuri contraria, a loci episcopo non esse aliquatenus reprobandam.</Unicode>
        </TextEquiv>
      </TextLine>
      <TextLine id="eSc_line_031b0aca" custom="structure {type:default;}">
        <Coords points="952,2846 952,2870 2852,2870 2854,2837 2847,2806 950,2811 952,2846"/>
        <Baseline points="952,2846 2854,2837"/>
        <TextEquiv conf="0.9995740883052349">
          <Unicode>App. conc. Lat. XXVIII. 10, Coll. Lips. VI. 3, Coll. Cass. XVIII. 3, Coll. Bamb.</Unicode>
        </TextEquiv>
      </TextLine>
      <TextLine id="eSc_line_4322f5e1" custom="structure {type:default;}">
        <Coords points="952,2897 952,2923 2854,2919 2856,2892 2852,2866 950,2859 952,2897"/>
        <Baseline points="952,2897 2856,2892"/>
        <TextEquiv conf="0.9934985812117414">
          <Unicode>VI. 3, Comp. I. L. 1. t. 27. c. 5, Decr. Greg. L. I. t. 36. c. 5. — „De cetero no-</Unicode>
        </TextEquiv>
      </TextLine>
      <TextLine id="eSc_line_6aea3131" custom="structure {type:default;}">
        <Coords points="950,2952 950,2972 1140,2983 1142,2983 1144,2983 1146,2983 1159,2972 1303,2981 1305,2981 1307,2981 1354,2968 1354,2948 1349,2919 947,2919 950,2952"/>
        <Baseline points="950,2952 1354,2948"/>
        <TextEquiv conf="0.9884166529304103">
          <Unicode>veris (noveritis)“.</Unicode>
        </TextEquiv>
      </TextLine>
      <TextLine id="eSc_line_340b1d78" custom="structure {type:default;}">
        <Coords points="897,3007 897,3034 2854,3029 2856,2998 2852,2963 894,2963 897,3007"/>
        <Baseline points="897,3007 2856,2998"/>
        <TextEquiv conf="0.9848997522802914">
          <Unicode>13833 (8899) Episcopo Carnotensi (al. Tornacensi) mandat, statuat, ne „ecclesiasticae</Unicode>
        </TextEquiv>
      </TextLine>
      <TextLine id="eSc_line_19465652" custom="structure {type:default;}">
        <Coords points="947,3062 947,3091 2854,3080 2856,3056 2850,3027 945,3029 947,3062"/>
        <Baseline points="947,3062 2856,3056"/>
        <TextEquiv conf="0.9962579243323382">
          <Unicode>personae episcopatus de his, quae iis de bonis ecclesiarum proveniant, condant testa-</Unicode>
        </TextEquiv>
      </TextLine>
      <TextLine id="eSc_line_82051d2b" custom="structure {type:default;}">
        <Coords points="947,3115 947,3138 2854,3140 2856,3115 2856,3085 947,3085 947,3115"/>
        <Baseline points="947,3115 2856,3115"/>
        <TextEquiv conf="0.9912205760992026">
          <Unicode>mentum“. Coll. Lips. XVI. 6, Coll. Bamb. XVI. 7, Coll. Cass. XXVII. 7, Comp. I.</Unicode>
        </TextEquiv>
      </TextLine>
      <TextLine id="eSc_line_363b0fd0" custom="structure {type:default;}">
        <Coords points="947,3173 947,3195 2576,3188 2578,3166 2573,3138 2132,3127 2129,3127 2034,3138 2028,3138 1999,3138 1515,3129 1513,3129 1511,3129 1486,3140 1484,3142 945,3142 947,3173"/>
        <Baseline points="947,3173 2578,3166"/>
        <TextEquiv conf="0.9984440479959761">
          <Unicode>L. 3. t. 22. c. 8, Decr. Greg. L. I. t. 9. c. 4. — „Admonet nos cura“.</Unicode>
        </TextEquiv>
      </TextLine>
      <TextLine id="eSc_line_bbe8c438" custom="structure {type:default;}">
        <Coords points="899,3226 899,3252 2852,3250 2854,3221 2850,3186 897,3186 899,3226"/>
        <Baseline points="899,3226 2854,3221"/>
        <TextEquiv conf="0.9893514349542815">
          <Unicode>13834 (8900) Episcopo Carnotensi (corr. archiepiscopo Cantuariensi) scribit de causa G.</Unicode>
        </TextEquiv>
      </TextLine>
      <TextLine id="eSc_line_44225665" custom="structure {type:default;}">
        <Coords points="947,3281 947,3305 1321,3316 1323,3316 1528,3305 1531,3305 1562,3316 1564,3316 1566,3316 1568,3316 1590,3305 2074,3314 2076,3314 2191,3303 2209,3314 2211,3314 2213,3314 2216,3314 2317,3301 2328,3301 2330,3301 2350,3312 2353,3312 2355,3312 2850,3299 2852,3274 2845,3246 945,3250 947,3281"/>
        <Baseline points="947,3281 2852,3274"/>
        <TextEquiv conf="0.9907507780310395">
          <Unicode>clerici et abbatissae de Helenostove ac H. clerici. App. conc. Lat. IX. 22. —</Unicode>
        </TextEquiv>
      </TextLine>
      <TextLine id="eSc_line_7276cea6" custom="structure {type:default;}">
        <Coords points="947,3336 947,3361 1511,3361 1511,3336 1509,3301 947,3301 947,3336"/>
        <Baseline points="947,3336 1511,3336"/>
        <TextEquiv conf="0.9942876261014205">
          <Unicode>„Ex litteris venerabilis“.</Unicode>
        </TextEquiv>
      </TextLine>
      <TextLine id="eSc_line_fa1c4c5d" custom="structure {type:default;}">
        <Coords points="897,3389 897,3414 2856,3405 2856,3380 2850,3345 894,3356 897,3389"/>
        <Baseline points="897,3389 2856,3380"/>
        <TextEquiv conf="0.9995122531125712">
          <Unicode>13835 (8901) Episcopo Carnotensi (al. archiepiscopo Cantuariensi) de delegatis iudici-</Unicode>
        </TextEquiv>
      </TextLine>
      <TextLine id="eSc_line_531f2054" custom="structure {type:default;}">
        <Coords points="947,3442 947,3467 2852,3471 2854,3442 2854,3411 947,3411 947,3442"/>
        <Baseline points="947,3442 2854,3442"/>
        <TextEquiv conf="0.9995348632335663">
          <Unicode>bus respondet. App. conc. Lat. VII. 20, Coll. Lips. XXXV. 20, XLV. 6, XLVII. 31,</Unicode>
        </TextEquiv>
      </TextLine>
      <TextLine id="eSc_line_1f6bb71f" custom="structure {type:default;}">
        <Coords points="945,3493 943,3539 1075,3573 1078,3573 1184,3555 1217,3573 1219,3573 1221,3573 1224,3573 1310,3546 1314,3546 1316,3546 1383,3562 1385,3562 1387,3562 1389,3562 1411,3548 1420,3544 1716,3544 1743,3553 1780,3564 1782,3564 1785,3564 1787,3564 1811,3555 1827,3548 1882,3548 1891,3555 1917,3575 1919,3575 1922,3575 1924,3577 1995,3577 1995,3575 1997,3575 2032,3557 2039,3555 2048,3557 2096,3575 2098,3575 2101,3577 2543,3577 2543,3575 2545,3575 2571,3566 2638,3546 2699,3546 2726,3562 2728,3562 2730,3562 2733,3562 2735,3562 2779,3546 2845,3570 2852,3498 2850,3464 945,3460 945,3493"/>
        <Baseline points="945,3493 2852,3498"/>
        <TextEquiv conf="0.9652411032606054">
          <Unicode>Coll. Cass. XIsIi. 21. XI-IX. 9. II. 28. Coll. Bamb. XXXIdl. 20. XI. 8. XLIl. 28.</Unicode>
        </TextEquiv>
      </TextLine>
    </TextRegion>
    <TextRegion id="eSc_textblock_c9933120"  custom="structure {type:default;}">
      <Coords points="1142,150 2001,150 2070,159 2079,245 1129,253 1102,185 1142,150"/>
      <TextLine id="eSc_line_6deed082" custom="structure {type:default;}">
        <Coords points="1131,218 1129,238 1188,253 1190,256 1500,256 1500,253 1502,253 1539,242 1584,253 1586,253 1588,253 1866,245 1988,256 1990,256 2050,242 2052,223 2052,172 2019,154 2017,154 2014,154 2012,154 1961,167 1924,154 1922,154 1919,154 1917,154 1889,170 1703,156 1701,156 1699,156 1665,170 1652,156 1652,154 1650,154 1648,154 1590,152 1588,152 1586,152 1535,167 1482,152 1480,152 1478,152 1391,165 1235,152 1232,152 1131,165 1131,218"/>
        <Baseline points="1131,218 2052,223"/>
        <TextEquiv conf="0.998590669631958">
          <Unicode>ALEXANDER III. 1159—1181.</Unicode>
        </TextEquiv>
      </TextLine>
    </TextRegion>
  </Page>
</PcGts>
