<?xml version="1.0" encoding="UTF-8"  standalone="yes"?>
<PcGts xmlns="http://schema.primaresearch.org/PAGE/gts/pagecontent/2019-07-15" xmlns:xsi="http://www.w3.org/2001/XMLSchema-instance" xsi:schemaLocation="http://schema.primaresearch.org/PAGE/gts/pagecontent/2019-07-15 http://schema.primaresearch.org/PAGE/gts/pagecontent/2019-07-15/pagecontent.xsd">
  <Metadata>
	<Creator>escriptorium</Creator>
	<Created>2024-07-19T10:13:27.386063+00:00</Created>
        <LastChange>2024-08-08T08:45:28.799647+00:00</LastChange>
  </Metadata>
  <Page imageFilename="0392.png" imageWidth="3007" imageHeight="3975">
    <TextRegion id="eSc_textblock_cc4c57bd"  custom="structure {type:default;}">
      <Coords points="667,300 2688,300 2644,3522 2381,3522 2397,3566 2344,3584 2222,3575 2070,3504 1853,3504 1833,3531 653,3522 667,300"/>
      <TextLine id="eSc_line_ed97c617" custom="structure {type:default;}">
        <Coords points="892,300 870,300 868,300 806,311 804,311 802,311 760,300 757,300 755,300 649,313 651,362 651,384 980,384 980,355 976,309 901,300 892,300"/>
        <Baseline points="651,362 980,355"/>
        <TextEquiv conf="0.9876462112773549">
          <Unicode>1159— 1181.</Unicode>
        </TextEquiv>
      </TextLine>
      <TextLine id="eSc_line_db74ab05" custom="structure {type:default;}">
        <Coords points="733,421 733,450 2651,446 2651,421 2649,366 2372,373 2359,366 2341,357 2339,357 2337,357 2335,357 2302,366 2277,373 2182,366 2090,362 2087,362 2085,362 2083,362 2076,368 2068,375 1902,375 1862,368 1749,355 1365,355 1363,355 1360,355 1314,371 1283,355 1281,355 1062,355 1060,355 989,373 733,373 733,421"/>
        <Baseline points="733,421 2651,421"/>
        <TextEquiv conf="0.9814858494735346">
          <Unicode>causam diligenter inqnirat, et „si ei visum fuerit, ut eum matre puellae remaneat,</Unicode>
        </TextEquiv>
      </TextLine>
      <TextLine id="eSc_line_f3fc819d" custom="structure {type:default;}">
        <Coords points="733,474 733,496 2644,492 2646,470 2640,441 731,443 733,474"/>
        <Baseline points="733,474 2646,470"/>
        <TextEquiv conf="0.9987777411937714">
          <Unicode>ne discordia inter utriusque consanguincos olim exorta, nunc autem sopita, denuo</Unicode>
        </TextEquiv>
      </TextLine>
      <TextLine id="eSc_line_00813f8f" custom="structure {type:default;}">
        <Coords points="733,525 731,552 2642,556 2646,532 2644,501 733,494 733,525"/>
        <Baseline points="733,525 2646,532"/>
        <TextEquiv conf="0.9997866721380324">
          <Unicode>suscitetur, id dissimulare poterit et aequanimiter tolerare“. App. conc. Lat. VI. 7,</Unicode>
        </TextEquiv>
      </TextLine>
      <TextLine id="eSc_line_2950e5bd" custom="structure {type:default;}">
        <Coords points="731,583 729,602 2640,616 2644,587 2642,554 731,549 731,583"/>
        <Baseline points="731,583 2644,587"/>
        <TextEquiv conf="0.998610502001883">
          <Unicode>Coll. Lips. LIX. 4, Coll. Cass. LVIII. 5, Coll. Bamb. LI. 4, Comp. I. L. 4. t. 2. c. 6,</Unicode>
        </TextEquiv>
      </TextLine>
      <TextLine id="eSc_line_5693dfca" custom="structure {type:default;}">
        <Coords points="733,638 733,660 2121,658 2121,638 2121,602 733,598 733,638"/>
        <Baseline points="733,638 2121,638"/>
        <TextEquiv conf="0.9968412760960854">
          <Unicode>Decr. Greg. L. IV. t. 2. c. 5. — „Accessit ad praesentiam“.</Unicode>
        </TextEquiv>
      </TextLine>
      <TextLine id="eSc_line_6631ca74" custom="structure {type:default;}">
        <Coords points="680,695 680,719 2649,715 2649,691 2644,660 2209,647 2207,647 2204,647 2202,647 2185,660 1966,660 1942,647 1939,647 1937,647 1791,658 1774,647 1771,647 1769,647 1767,647 1663,660 1648,660 1639,660 1595,649 1592,649 1539,660 1528,660 1491,660 1303,649 1301,649 1252,660 1243,660 1239,660 1210,649 1208,649 1206,649 1204,649 1166,660 1157,660 1146,660 1078,649 1075,649 1020,660 1011,660 1000,660 945,649 943,649 678,658 680,695"/>
        <Baseline points="680,695 2649,691"/>
        <TextEquiv conf="0.9940552195397819">
          <Unicode>13888 (8953) (Rogero) archiepiscopo Eboracensi mandat, ut A. presbyterum iuramento</Unicode>
        </TextEquiv>
      </TextLine>
      <TextLine id="eSc_line_517284d1" custom="structure {type:default;}">
        <Coords points="733,750 733,775 2642,781 2646,746 2642,715 826,708 824,708 731,719 733,750"/>
        <Baseline points="733,750 2646,746"/>
        <TextEquiv conf="0.9960776596893499">
          <Unicode>quodam solvat. Comp. II. L. 1. t. 20. c. 1, Decr. Greg. L. I. t. 43. c. 2. — „Non</Unicode>
        </TextEquiv>
      </TextLine>
      <TextLine id="eSc_line_4518e862" custom="structure {type:default;}">
        <Coords points="731,803 731,828 1022,828 1022,803 1020,766 731,770 731,803"/>
        <Baseline points="731,803 1022,803"/>
        <TextEquiv conf="0.9787872632344564">
          <Unicode>sine multa“.</Unicode>
        </TextEquiv>
      </TextLine>
      <TextLine id="eSc_line_f3f0f9ab" custom="structure {type:default;}">
        <Coords points="682,861 682,885 2644,878 2646,854 2642,817 680,812 682,861"/>
        <Baseline points="682,861 2646,854"/>
        <TextEquiv conf="0.9976038724877113">
          <Unicode>13889 (8954) (Rogero) archiepiscopo Eboracensi respondet, non licere G., qui „ad reli-</Unicode>
        </TextEquiv>
      </TextLine>
      <TextLine id="eSc_line_f6cf9f0f" custom="structure {type:default;}">
        <Coords points="731,918 731,938 2642,931 2644,912 2642,881 2618,870 2615,870 2613,870 729,881 731,918"/>
        <Baseline points="731,918 2644,912"/>
        <TextEquiv conf="0.9977418593613498">
          <Unicode>gionem fratrum Hospitalis Hierosolymitani transierit, ab eorum consortio separari“.</Unicode>
        </TextEquiv>
      </TextLine>
      <TextLine id="eSc_line_2d75c533" custom="structure {type:default;}">
        <Coords points="729,971 729,991 2565,987 2567,967 2560,934 726,934 729,971"/>
        <Baseline points="729,971 2567,967"/>
        <TextEquiv conf="0.9912471614385906">
          <Unicode>Comp. II. L. 3. t. 11. c. 2, Mansi XXI. 1098. — „Ad audientiam apostolatus“.</Unicode>
        </TextEquiv>
      </TextLine>
      <TextLine id="eSc_line_963bd469" custom="structure {type:default;}">
        <Coords points="680,1022 680,1048 2646,1048 2646,1022 2646,991 680,989 680,1022"/>
        <Baseline points="680,1022 2646,1022"/>
        <TextEquiv conf="0.9995359246219907">
          <Unicode>13890 (8955) (Rogero) archiepiscopo Eboracensi et episcopo Conventriensi scribit, ut</Unicode>
        </TextEquiv>
      </TextLine>
      <TextLine id="eSc_line_90d5af87" custom="structure {type:default;}">
        <Coords points="733,1082 733,1101 2638,1104 2642,1077 2638,1046 731,1044 733,1082"/>
        <Baseline points="733,1082 2642,1077"/>
        <TextEquiv conf="0.9999659884543646">
          <Unicode>N. capellano archidiaconatus restituatur. App. conc. Lat. VII. 21, Coll. Lips. XXXV.</Unicode>
        </TextEquiv>
      </TextLine>
      <TextLine id="eSc_line_806f9d0b" custom="structure {type:default;}">
        <Coords points="731,1137 731,1159 2642,1166 2644,1137 2644,1101 1681,1090 1679,1090 1676,1090 1648,1101 1646,1101 1621,1090 1619,1090 1617,1090 1615,1090 1612,1090 1597,1101 1581,1090 1579,1090 1577,1090 1394,1090 1391,1090 1389,1090 1354,1101 1352,1101 1341,1101 1131,1090 1129,1090 1036,1101 1034,1101 1031,1101 892,1090 890,1090 731,1101 731,1137"/>
        <Baseline points="731,1137 2644,1137"/>
        <TextEquiv conf="0.9986708393463721">
          <Unicode>21, Coll. Cass. XLII. 22, Coll. Bamb. XXXIII. 21, Comp. I. L. 1. t. 21. c. 17,</Unicode>
        </TextEquiv>
      </TextLine>
      <TextLine id="eSc_line_03987735" custom="structure {type:default;}">
        <Coords points="731,1188 731,1210 1864,1203 1866,1181 1862,1152 729,1148 731,1188"/>
        <Baseline points="731,1188 1866,1181"/>
        <TextEquiv conf="0.9708415041578576">
          <Unicode>Decr. Greg. L. I. t. 29. c. 12. — „Ex parte V.“</Unicode>
        </TextEquiv>
      </TextLine>
      <TextLine id="eSc_line_9638e088" custom="structure {type:default;}">
        <Coords points="678,1243 678,1267 2640,1272 2644,1238 2638,1203 676,1205 678,1243"/>
        <Baseline points="678,1243 2644,1238"/>
        <TextEquiv conf="0.9999642821005833">
          <Unicode>13891 (8956) (Rogero) archiepiscopo Eboracensi, (episcopo) Exoniensi et abbati de</Unicode>
        </TextEquiv>
      </TextLine>
      <TextLine id="eSc_line_2db1734c" custom="structure {type:default;}">
        <Coords points="731,1300 731,1320 2640,1322 2642,1300 2642,1265 731,1263 731,1300"/>
        <Baseline points="731,1300 2642,1300"/>
        <TextEquiv conf="0.9854145778550042">
          <Unicode>Herfort scribit de priore de Prigileven. incontinentiae accusato. Comp. II. L. 2.</Unicode>
        </TextEquiv>
      </TextLine>
      <TextLine id="eSc_line_d26dd256" custom="structure {type:default;}">
        <Coords points="724,1355 724,1373 1259,1384 1261,1384 1263,1384 1265,1384 1283,1373 1285,1373 1294,1373 1701,1382 1703,1382 1758,1371 1760,1371 1771,1382 1774,1382 1776,1382 1778,1384 2087,1384 2087,1382 2147,1369 2149,1351 2145,1320 722,1320 724,1355"/>
        <Baseline points="724,1355 2149,1351"/>
        <TextEquiv conf="0.9953462353774479">
          <Unicode>t. 18. c. 2, Mansi XXI. 1096. — „Quoniam quidam pridem“.</Unicode>
        </TextEquiv>
      </TextLine>
      <TextLine id="eSc_line_028527a2" custom="structure {type:default;}">
        <Coords points="680,1411 680,1435 2642,1435 2644,1404 2638,1369 678,1373 680,1411"/>
        <Baseline points="680,1411 2644,1404"/>
        <TextEquiv conf="0.9935215566047403">
          <Unicode>13892 (8957) Canonicis regularibus et monachis dioecesis Eboracensis praecipit, ut „si</Unicode>
        </TextEquiv>
      </TextLine>
      <TextLine id="eSc_line_a02b905d" custom="structure {type:default;}">
        <Coords points="729,1464 729,1490 2635,1492 2640,1457 2633,1428 726,1433 729,1464"/>
        <Baseline points="729,1464 2640,1457"/>
        <TextEquiv conf="0.9990631205489836">
          <Unicode>quas portiones vel antiquos reditus clericorum sine consensu R(ogeri) archiepiscopi</Unicode>
        </TextEquiv>
      </TextLine>
      <TextLine id="eSc_line_750a2850" custom="structure {type:default;}">
        <Coords points="726,1517 724,1537 740,1548 742,1548 744,1548 746,1548 2635,1543 2638,1521 2635,1488 726,1484 726,1517"/>
        <Baseline points="726,1517 2638,1521"/>
        <TextEquiv conf="0.9941129175628104">
          <Unicode>minuerint, vel parochias diviserint, eas ad integritatem pristinam revocent“. App.</Unicode>
        </TextEquiv>
      </TextLine>
      <TextLine id="eSc_line_e65f4324" custom="structure {type:default;}">
        <Coords points="726,1572 724,1592 2633,1603 2638,1576 2633,1532 726,1537 726,1572"/>
        <Baseline points="726,1572 2638,1576"/>
        <TextEquiv conf="0.9846918989972371">
          <Unicode>conc. Lat. XIII. 1, Coll. Lips. XXIII. 1, Coll. Cass. XXXV. 1, Coll. Bamb. XXV. 1,</Unicode>
        </TextEquiv>
      </TextLine>
      <TextLine id="eSc_line_49e7ee6c" custom="structure {type:default;}">
        <Coords points="724,1627 724,1651 2578,1647 2578,1627 2578,1596 724,1592 724,1627"/>
        <Baseline points="724,1627 2578,1627"/>
        <TextEquiv conf="0.9956369252852452">
          <Unicode>Comp. I. L. 3. t. 5. c. 12, Decr. Greg. L. III. t. 5. c. 10. — „Avaritiae, quae“.</Unicode>
        </TextEquiv>
      </TextLine>
      <TextLine id="eSc_line_54e293c8" custom="structure {type:default;}">
        <Coords points="678,1684 678,1713 2638,1709 2638,1680 2633,1649 2165,1649 2140,1636 2138,1636 2136,1636 1957,1647 1860,1636 1858,1636 1855,1636 1853,1636 1836,1649 1721,1649 1672,1636 1670,1636 1668,1636 1592,1649 1579,1651 1453,1651 1449,1649 1436,1638 1433,1638 1431,1638 1429,1638 1380,1649 1372,1649 1341,1649 1175,1638 1173,1638 1115,1649 1106,1649 1104,1649 1091,1638 1089,1638 1087,1638 1084,1638 1025,1649 1014,1649 1007,1649 976,1638 974,1638 972,1638 676,1647 678,1684"/>
        <Baseline points="678,1684 2638,1680"/>
        <TextEquiv conf="0.9969006187944527">
          <Unicode>13893 (8958) Abbatibus, prioribus et clericis per archiepiscopatum Eboracensem con-</Unicode>
        </TextEquiv>
      </TextLine>
      <TextLine id="eSc_line_c4b8e70e" custom="structure {type:default;}">
        <Coords points="726,1737 726,1762 2633,1757 2635,1733 2629,1702 724,1707 726,1737"/>
        <Baseline points="726,1737 2635,1733"/>
        <TextEquiv conf="0.99166106081557">
          <Unicode>stitutis praecipit, ne „ex donatione laicorum, nisi auctoritas episcopi adsit, sibi ec-</Unicode>
        </TextEquiv>
      </TextLine>
      <TextLine id="eSc_line_c2812f99" custom="structure {type:default;}">
        <Coords points="724,1790 722,1810 2629,1821 2633,1795 2631,1762 724,1755 724,1790"/>
        <Baseline points="724,1790 2633,1795"/>
        <TextEquiv conf="0.9984566116907511">
          <Unicode>clesias vendicent“. Addit de excommunicandis iis, qui „violentas manus in clericos,</Unicode>
        </TextEquiv>
      </TextLine>
      <TextLine id="eSc_line_3bf564c6" custom="structure {type:default;}">
        <Coords points="726,1848 726,1870 2631,1877 2633,1848 2633,1817 726,1817 726,1848"/>
        <Baseline points="726,1848 2633,1848"/>
        <TextEquiv conf="0.9954096478494731">
          <Unicode>canonicos, conversos iniiciant“. App. conc. Lat. XV. 9, Coll. Lips. LII. 14, Coll. Cass.</Unicode>
        </TextEquiv>
      </TextLine>
      <TextLine id="eSc_line_fd4f3ba4" custom="structure {type:default;}">
        <Coords points="724,1905 724,1930 2629,1932 2633,1901 2629,1870 1679,1859 1676,1859 1674,1859 1630,1870 1626,1872 722,1872 724,1905"/>
        <Baseline points="724,1905 2633,1901"/>
        <TextEquiv conf="0.9944091897185255">
          <Unicode>LIII. 7, Coll. Bamb. XLV. 7, Comp. I. L. 5. t. 34. c. 6, L. 3. t. 33. c. 13, Decr.</Unicode>
        </TextEquiv>
      </TextLine>
      <TextLine id="eSc_line_cb32b16b" custom="structure {type:default;}">
        <Coords points="724,1983 1970,1991 1972,1991 2631,1978 2633,1947 2629,1916 724,1914 724,1958 724,1983"/>
        <Baseline points="724,1958 2251,1958 2633,1947"/>
        <TextEquiv conf="0.9761160154168199">
          <Unicode>Greg. L. III. t. 38. c. 11, L. V. t. 39. c. 5. — „Quia pastorali“ „Cura pastorali-</Unicode>
        </TextEquiv>
      </TextLine>
      <TextLine id="eSc_line_a7821e3f" custom="structure {type:default;}">
        <Coords points="726,2016 726,2036 1531,2027 1533,2007 1528,1974 760,1972 757,1972 755,1972 724,1983 726,2016"/>
        <Baseline points="726,2016 1533,2007"/>
        <TextEquiv conf="0.997900928511764">
          <Unicode>„Cum pastorali“ „Non dubium est“.</Unicode>
        </TextEquiv>
      </TextLine>
      <TextLine id="eSc_line_51c99fa4" custom="structure {type:default;}">
        <Coords points="676,2067 673,2084 2629,2097 2633,2071 2631,2033 676,2029 676,2067"/>
        <Baseline points="676,2067 2633,2071"/>
        <TextEquiv conf="0.999225500084105">
          <Unicode>13894 (8959) Praeposito et canonicis Eburdinensis (Ebredunensis?) ecclesiae nunciat,</Unicode>
        </TextEquiv>
      </TextLine>
      <TextLine id="eSc_line_4cd3b2f0" custom="structure {type:default;}">
        <Coords points="724,2124 724,2144 2633,2146 2635,2124 2635,2095 724,2095 724,2124"/>
        <Baseline points="724,2124 2635,2124"/>
        <TextEquiv conf="0.9979603439569473">
          <Unicode>se eorum excommunicationem ab archiepiscopo prolatam rescidisse. App. conc. Lat.</Unicode>
        </TextEquiv>
      </TextLine>
      <TextLine id="eSc_line_e15f91d1" custom="structure {type:default;}">
        <Coords points="729,2179 729,2201 2633,2208 2635,2179 2635,2144 729,2142 729,2179"/>
        <Baseline points="729,2179 2635,2179"/>
        <TextEquiv conf="0.9878386223172567">
          <Unicode>VIII. 10, Coll. Lips. XLIII. 11, Coll. Cass. XLVIII. 8, Coll. Bamb. XXXIX. 8, Comp.</Unicode>
        </TextEquiv>
      </TextLine>
      <TextLine id="eSc_line_738f54a6" custom="structure {type:default;}">
        <Coords points="724,2234 724,2254 2368,2250 2370,2230 2366,2197 722,2197 724,2234"/>
        <Baseline points="724,2234 2370,2230"/>
        <TextEquiv conf="0.9947332829645236">
          <Unicode>I. L. 2. t. 13. c. 16, Decr. Greg. L. II. t. 20. c. 16. — „Cum tu, fili“.</Unicode>
        </TextEquiv>
      </TextLine>
      <TextLine id="eSc_line_b7e40100" custom="structure {type:default;}">
        <Coords points="673,2285 671,2309 2629,2316 2633,2290 2631,2252 673,2239 673,2285"/>
        <Baseline points="673,2285 2633,2290"/>
        <TextEquiv conf="0.999776958741925">
          <Unicode>13895 Monasterii S. Ebrulfi possessiones, petente Roberto abbate, confirmat. Ex Chartul.</Unicode>
        </TextEquiv>
      </TextLine>
      <TextLine id="eSc_line_eeb2cf3f" custom="structure {type:default;}">
        <Coords points="724,2345 724,2373 2629,2373 2631,2340 2626,2309 1776,2298 1774,2298 1674,2309 1665,2312 722,2312 724,2345"/>
        <Baseline points="724,2345 2631,2340"/>
        <TextEquiv conf="0.9933266596096318">
          <Unicode>S. Ebrulfi ms. lat. 11057 f. 155 in bibl. nat. Paris. Misit Delisle. — „Desiderium</Unicode>
        </TextEquiv>
      </TextLine>
      <TextLine id="eSc_line_7791830e" custom="structure {type:default;}">
        <Coords points="715,2400 715,2413 795,2426 797,2426 881,2407 881,2396 874,2354 713,2354 715,2400"/>
        <Baseline points="715,2400 881,2396"/>
        <TextEquiv conf="0.9999995628992716">
          <Unicode>quod“.</Unicode>
        </TextEquiv>
      </TextLine>
      <TextLine id="eSc_line_cc6c24b9" custom="structure {type:default;}">
        <Coords points="671,2453 671,2479 2633,2479 2635,2449 2631,2409 669,2404 671,2453"/>
        <Baseline points="671,2453 2635,2449"/>
        <TextEquiv conf="0.9988864168178203">
          <Unicode>13896 (8960) Episcopo Eliensi mandat, iudicet inter P. rectorem ecclesiae de Gestunens</Unicode>
        </TextEquiv>
      </TextLine>
      <TextLine id="eSc_line_970124bc" custom="structure {type:default;}">
        <Coords points="722,2508 722,2530 2626,2535 2631,2504 2626,2473 1705,2462 1703,2462 1575,2473 757,2464 755,2464 753,2464 720,2475 722,2508"/>
        <Baseline points="722,2508 2631,2504"/>
        <TextEquiv conf="0.9994651086536455">
          <Unicode>et lohannem de Fescam. App. conc. Lat. XXXIX. 5 et 6, Comp. I. L. 1. t. 20. c. 3,</Unicode>
        </TextEquiv>
      </TextLine>
      <TextLine id="eSc_line_263d8187" custom="structure {type:default;}">
        <Coords points="720,2561 720,2588 2151,2592 2154,2592 2631,2579 2633,2552 2626,2526 718,2532 720,2561"/>
        <Baseline points="720,2561 2633,2552"/>
        <TextEquiv conf="0.9922077186405659">
          <Unicode>Comp. II. L. 3. t. 4. c. 2, Decr. Greg. L. I. t. 28. c. 2. — „Veniens ad nos P.“</Unicode>
        </TextEquiv>
      </TextLine>
      <TextLine id="eSc_line_9ca2c98d" custom="structure {type:default;}">
        <Coords points="722,2619 722,2638 1785,2632 1787,2612 1780,2579 1513,2581 1511,2581 1489,2570 1486,2570 1484,2570 1349,2583 1334,2583 1325,2583 1250,2572 1248,2572 1246,2572 1210,2583 1184,2572 1182,2572 1179,2572 1177,2572 1135,2583 1120,2572 1117,2572 1115,2572 1113,2572 956,2585 859,2574 857,2574 855,2574 821,2585 751,2574 748,2574 746,2574 720,2585 722,2619"/>
        <Baseline points="722,2619 1787,2612"/>
        <TextEquiv conf="0.9998542520734999">
          <Unicode>„Provideas attentius“ „Ceterum si memoratus“.</Unicode>
        </TextEquiv>
      </TextLine>
      <TextLine id="eSc_line_ee57645d" custom="structure {type:default;}">
        <Coords points="671,2674 671,2696 2631,2694 2633,2669 2626,2625 669,2636 671,2674"/>
        <Baseline points="671,2674 2633,2669"/>
        <TextEquiv conf="0.9985283123595374">
          <Unicode>13897 (8961) Ricardo, archidiacono Eliensi, concedit, „ut, si aliqua ecclesia eum ad</Unicode>
        </TextEquiv>
      </TextLine>
      <TextLine id="eSc_line_1b5fae74" custom="structure {type:default;}">
        <Coords points="722,2729 722,2751 2631,2747 2633,2725 2629,2694 720,2689 722,2729"/>
        <Baseline points="722,2729 2633,2725"/>
        <TextEquiv conf="0.9999538574899945">
          <Unicode>beneficium vel dignitatem quamlibet vocaverit, non obstante quia non sit de legitimo</Unicode>
        </TextEquiv>
      </TextLine>
      <TextLine id="eSc_line_9197bc3f" custom="structure {type:default;}">
        <Coords points="722,2782 722,2802 2633,2802 2633,2778 2629,2749 1710,2738 1707,2738 1599,2749 837,2740 835,2740 720,2751 722,2782"/>
        <Baseline points="722,2782 2633,2778"/>
        <TextEquiv conf="0.9997509963810444">
          <Unicode>matrimonio natus, libere valeat ad beneficium vel dignitatem assumi“. Radulfi de</Unicode>
        </TextEquiv>
      </TextLine>
      <TextLine id="eSc_line_57767d6e" custom="structure {type:default;}">
        <Coords points="722,2835 722,2862 2631,2862 2631,2835 2631,2804 722,2804 722,2835"/>
        <Baseline points="722,2835 2631,2835"/>
        <TextEquiv conf="0.9932005949318409">
          <Unicode>Diceto Imag. Hist. ap. Twysden H. A. SS. I. 651, Opp. hist. ed. Stubbs II. 74. —</Unicode>
        </TextEquiv>
      </TextLine>
      <TextLine id="eSc_line_21fbe989" custom="structure {type:default;}">
        <Coords points="722,2895 722,2912 1151,2903 1153,2886 1146,2850 901,2857 894,2857 828,2846 826,2846 720,2862 722,2895"/>
        <Baseline points="722,2895 1153,2886"/>
        <TextEquiv conf="0.9930874422976845">
          <Unicode>„Audito laudabilr“.</Unicode>
        </TextEquiv>
      </TextLine>
      <TextLine id="eSc_line_71eac348" custom="structure {type:default;}">
        <Coords points="671,2945 671,2970 2629,2965 2631,2941 2626,2906 1650,2895 1648,2895 1299,2906 704,2897 702,2897 700,2897 669,2906 671,2945"/>
        <Baseline points="671,2945 2631,2941"/>
        <TextEquiv conf="0.9991106558136824">
          <Unicode>13898 (8962) Archidiacono Eliensi interdicit, ne cuiquam „sine licentia et mandato</Unicode>
        </TextEquiv>
      </TextLine>
      <TextLine id="eSc_line_090c1a16" custom="structure {type:default;}">
        <Coords points="724,2996 722,3016 2624,3032 2629,3003 2629,2972 2602,2959 2600,2959 2598,2959 2596,2959 2571,2970 2556,2959 2554,2959 2551,2959 2549,2959 2176,2970 2154,2970 2151,2970 2134,2959 2132,2959 2129,2959 2127,2959 1968,2968 1942,2956 1939,2956 1937,2956 1853,2970 1838,2970 1586,2970 1584,2968 1553,2956 1551,2956 1548,2956 1455,2968 1442,2968 1405,2968 1146,2956 1144,2956 724,2963 724,2996"/>
        <Baseline points="724,2996 2629,3003"/>
        <TextEquiv conf="0.9933609671890735">
          <Unicode>episcopi curam animarum committat“. App. conc. Lat. XXIV. 2, Coll. Lips. XII. 2,</Unicode>
        </TextEquiv>
      </TextLine>
      <TextLine id="eSc_line_b1afe7ce" custom="structure {type:default;}">
        <Coords points="718,3051 715,3071 2624,3085 2629,3058 2626,3025 718,3018 718,3051"/>
        <Baseline points="718,3051 2629,3058"/>
        <TextEquiv conf="0.9922871485699055">
          <Unicode>Coll. Cass. XXII. 2, Coll. Bamb. XII. 2, Comp. I. L. 1. t. 15. c. 4, Decr. Greg. L. I.</Unicode>
        </TextEquiv>
      </TextLine>
      <TextLine id="eSc_line_f91246b9" custom="structure {type:default;}">
        <Coords points="718,3109 718,3129 1915,3124 1917,3104 1913,3076 1314,3065 1312,3065 1310,3065 1307,3065 1292,3076 737,3067 735,3067 733,3067 731,3067 715,3074 718,3109"/>
        <Baseline points="718,3109 1917,3104"/>
        <TextEquiv conf="0.9976689851284027">
          <Unicode>t. 23. c. 4, (Mansi XXI. 1089). — „Cum satis sit“.</Unicode>
        </TextEquiv>
      </TextLine>
      <TextLine id="eSc_line_2f70f835" custom="structure {type:default;}">
        <Coords points="671,3157 669,3182 2626,3186 2631,3162 2629,3129 671,3118 671,3157"/>
        <Baseline points="671,3157 2631,3162"/>
        <TextEquiv conf="0.9922034194670528">
          <Unicode>13899 (8963) Episcopo Exoniensi scribit, „sanctorum patrum constitutioni contrarium</Unicode>
        </TextEquiv>
      </TextLine>
      <TextLine id="eSc_line_3816b2b5" custom="structure {type:default;}">
        <Coords points="720,3217 720,3241 2626,3237 2629,3213 2622,3186 718,3186 720,3217"/>
        <Baseline points="720,3217 2629,3213"/>
        <TextEquiv conf="0.9944934422193572">
          <Unicode>esse, ut vir, uxore in seculo remanente, aut uxor, viro non assumente religionis habi-</Unicode>
        </TextEquiv>
      </TextLine>
      <TextLine id="eSc_line_02fcb920" custom="structure {type:default;}">
        <Coords points="722,3272 722,3297 2626,3303 2629,3272 2629,3241 722,3241 722,3272"/>
        <Baseline points="722,3272 2629,3272"/>
        <TextEquiv conf="0.9944100791499728">
          <Unicode>tum, debeat ad religionem transire“ cet. App. conc. Lat. V. 3, Coll. Lips. LVIII. 3,</Unicode>
        </TextEquiv>
      </TextLine>
      <TextLine id="eSc_line_ae92eb91" custom="structure {type:default;}">
        <Coords points="718,3323 715,3345 2622,3354 2626,3327 2624,3292 718,3290 718,3323"/>
        <Baseline points="718,3323 2626,3327"/>
        <TextEquiv conf="0.9965090848678766">
          <Unicode>Coll. Cass. LVII. 3, Coll. Bamb. L. 3, Comp. I, L. 3. t. 28. c. 4, Decr. Greg. L. III.</Unicode>
        </TextEquiv>
      </TextLine>
      <TextLine id="eSc_line_081d28b7" custom="structure {type:default;}">
        <Coords points="715,3378 713,3396 821,3411 824,3411 826,3411 859,3400 1064,3400 1080,3411 1082,3411 1084,3411 1087,3411 1535,3400 1548,3411 1551,3411 1553,3411 1696,3414 1699,3416 1977,3416 1977,3414 1979,3414 1981,3414 1995,3403 2019,3414 2021,3414 2023,3414 2103,3403 2121,3414 2123,3414 2125,3414 2127,3416 2330,3416 2330,3414 2333,3414 2335,3414 2348,3403 2392,3414 2394,3414 2397,3414 2463,3400 2465,3383 2463,3352 715,3347 715,3378"/>
        <Baseline points="715,3378 2465,3383"/>
        <TextEquiv conf="0.9980733088544897">
          <Unicode>t. 32. c. 4. — „Cum sis praeditus“ „Cum praeditus sis“ „Si quisquam, qui“.</Unicode>
        </TextEquiv>
      </TextLine>
      <TextLine id="eSc_line_9e4530a9" custom="structure {type:default;}">
        <Coords points="671,3431 669,3467 1646,3462 1818,3475 1836,3475 1838,3475 1844,3475 1906,3464 2056,3475 2061,3475 2063,3475 2065,3475 2098,3464 2145,3478 2151,3478 2154,3478 2156,3480 2472,3480 2472,3478 2474,3478 2507,3467 2622,3478 2626,3440 2624,3407 671,3392 671,3431"/>
        <Baseline points="671,3431 2626,3440"/>
        <TextEquiv conf="0.9921705828437323">
          <Unicode>13900 (8964) Episcopo Exoniensi mandat de matrimonio cuiusdam dissolvendo. App.</Unicode>
        </TextEquiv>
      </TextLine>
      <TextLine id="eSc_line_d05a51eb" custom="structure {type:default;}">
        <Coords points="720,3491 720,3535 773,3555 775,3555 777,3557 850,3557 850,3555 852,3555 855,3555 855,3553 866,3544 927,3555 930,3555 932,3555 934,3555 954,3539 956,3537 972,3539 1040,3555 1042,3555 1166,3553 1168,3553 1170,3553 1179,3544 1190,3537 1356,3537 1367,3548 1372,3551 1372,3553 1374,3553 1376,3553 1378,3553 1380,3553 1400,3548 1422,3542 1431,3548 1438,3555 1440,3555 1442,3555 1444,3555 1535,3551 1765,3537 1836,3555 1840,3491 1840,3460 720,3460 720,3491"/>
        <Baseline points="720,3491 1840,3491"/>
        <TextEquiv conf="0.9768345634142558">
          <Unicode>comc. Lat. XLV. 2. — „E praesemtium latoris“.</Unicode>
        </TextEquiv>
      </TextLine>
      <TextLine id="eSc_line_8fb3ee23" custom="structure {type:default;}">
        <Coords points="2260,3551 2262,3588 2348,3590 2348,3544 2341,3509 2255,3509 2260,3551"/>
        <Baseline points="2260,3551 2348,3544"/>
        <TextEquiv conf="0.999988834063212">
          <Unicode>48*</Unicode>
        </TextEquiv>
      </TextLine>
    </TextRegion>
    <TextRegion id="eSc_textblock_b11ef5c9"  custom="structure {type:default;}">
      <Coords points="941,141 1851,141 1860,236 910,245 901,150 941,141"/>
      <TextLine id="eSc_line_723c0911" custom="structure {type:default;}">
        <Coords points="1723,141 1721,141 1718,141 1716,141 1714,141 1687,163 1610,163 1568,141 1566,141 1564,141 1562,141 1559,141 1542,156 1526,145 1524,145 1522,145 1520,145 1420,161 1380,141 1378,141 1376,141 1374,141 1352,152 1341,143 1338,143 1336,143 1334,143 1332,143 1330,143 1305,163 1219,143 1217,143 1215,143 1166,159 956,143 954,143 952,143 950,143 914,163 916,212 916,234 1336,245 1338,245 1341,245 1372,234 1380,231 1480,231 1482,234 1491,240 1491,242 1493,242 1495,242 1497,242 1842,231 1844,207 1840,163 1776,147 1774,147 1771,147 1749,159 1725,141 1723,141"/>
        <Baseline points="916,212 1844,207"/>
        <TextEquiv conf="0.999763662815094">
          <Unicode>ALEXANDER III. 1159—1181.</Unicode>
        </TextEquiv>
      </TextLine>
    </TextRegion>
    <TextRegion id="eSc_textblock_2f5742c9"  custom="structure {type:default;}">
      <Coords points="2527,141 2680,150 2671,236 2514,245 2487,167 2527,141"/>
      <TextLine id="eSc_line_c17f85ce" custom="structure {type:default;}">
        <Coords points="2525,209 2525,229 2651,242 2653,209 2651,147 2525,156 2525,209"/>
        <Baseline points="2525,209 2653,209"/>
        <TextEquiv conf="0.9999988873799642">
          <Unicode>379</Unicode>
        </TextEquiv>
      </TextLine>
    </TextRegion>
    <TextRegion id="eSc_textblock_cb1352e5"  custom="structure {type:default;}">
      <Coords points="2465,3551 2538,3551 2538,3557 2443,3566 2465,3551"/>
    </TextRegion>
  </Page>
</PcGts>
