<?xml version="1.0" encoding="UTF-8"  standalone="yes"?>
<PcGts xmlns="http://schema.primaresearch.org/PAGE/gts/pagecontent/2019-07-15" xmlns:xsi="http://www.w3.org/2001/XMLSchema-instance" xsi:schemaLocation="http://schema.primaresearch.org/PAGE/gts/pagecontent/2019-07-15 http://schema.primaresearch.org/PAGE/gts/pagecontent/2019-07-15/pagecontent.xsd">
  <Metadata>
	<Creator>escriptorium</Creator>
	<Created>2024-07-19T10:14:00.833829+00:00</Created>
        <LastChange>2024-08-08T08:46:00.245040+00:00</LastChange>
  </Metadata>
  <Page imageFilename="0400.png" imageWidth="3007" imageHeight="3975">
    <TextRegion id="eSc_textblock_7da9b1be"  custom="structure {type:default;}">
      <Coords points="2607,273 2733,291 2706,3486 2671,3522 2417,3513 2441,3548 2397,3566 2302,3566 2273,3522 2185,3504 707,3513 698,300 2607,273"/>
      <TextLine id="eSc_line_53fb475c" custom="structure {type:default;}">
        <Coords points="850,298 828,298 806,298 784,298 762,298 740,298 724,298 695,306 698,351 698,373 1018,379 1022,346 1018,304 850,295 850,298"/>
        <Baseline points="698,351 1022,346"/>
        <TextEquiv conf="0.9999996640465476">
          <Unicode>1159— 1181.</Unicode>
        </TextEquiv>
      </TextLine>
      <TextLine id="eSc_line_87be20f7" custom="structure {type:default;}">
        <Coords points="729,412 729,435 2691,439 2695,408 2688,359 2452,362 2436,359 2392,351 2390,351 2346,359 2333,362 2308,359 2229,351 2227,351 1942,362 1895,362 1882,362 1802,351 1800,351 1798,351 1767,362 1765,362 1725,362 1367,353 1365,353 1279,364 1263,364 1243,364 1100,353 1098,353 885,364 879,364 841,353 839,353 837,353 726,364 729,412"/>
        <Baseline points="729,412 2695,408"/>
        <TextEquiv conf="0.9931347158890736">
          <Unicode>13989 Ecclesiam B. Mariae et S. Ursmari Lobiensem tuendam suscipit eiusque bona</Unicode>
        </TextEquiv>
      </TextLine>
      <TextLine id="eSc_line_1b64b57f" custom="structure {type:default;}">
        <Coords points="777,465 777,488 2666,483 2668,461 2664,432 1725,421 1723,421 1721,421 1699,432 852,424 850,424 775,435 777,465"/>
        <Baseline points="777,465 2668,461"/>
        <TextEquiv conf="0.9936881794741279">
          <Unicode>confirmat. (Fragmentum). Duvivier Recherches p. 634. — „Devotos et humiles“.</Unicode>
        </TextEquiv>
      </TextLine>
      <TextLine id="eSc_line_204e3c03" custom="structure {type:default;}">
        <Coords points="729,521 729,545 2688,541 2691,514 2686,485 726,483 729,521"/>
        <Baseline points="729,521 2691,514"/>
        <TextEquiv conf="0.9993834872355406">
          <Unicode>13990 (9054) Episcopo Londinensi concedit, „si pro debilitate vel aliqua gravi necessi-</Unicode>
        </TextEquiv>
      </TextLine>
      <TextLine id="eSc_line_cf0fd5d9" custom="structure {type:default;}">
        <Coords points="779,576 779,602 2691,602 2693,569 2686,543 777,547 779,576"/>
        <Baseline points="779,576 2693,569"/>
        <TextEquiv conf="0.9999991742576041">
          <Unicode>tate tractandis causis, quae ei ab apostolica sede committantur, interesse non po-</Unicode>
        </TextEquiv>
      </TextLine>
      <TextLine id="eSc_line_5f2e606c" custom="structure {type:default;}">
        <Coords points="779,631 779,651 2686,658 2691,627 2686,598 795,589 793,589 790,589 788,589 777,596 779,631"/>
        <Baseline points="779,631 2691,627"/>
        <TextEquiv conf="0.9969561017792801">
          <Unicode>tuerit, ut discretis et idoncis personis vices suas committat“. App. conc. Lat. VII. 5,</Unicode>
        </TextEquiv>
      </TextLine>
      <TextLine id="eSc_line_27364af3" custom="structure {type:default;}">
        <Coords points="777,686 777,706 2691,708 2693,686 2693,653 777,653 777,686"/>
        <Baseline points="777,686 2693,686"/>
        <TextEquiv conf="0.9933658340309239">
          <Unicode>Coll. Lips. XXXV. 4, Coll. Cass. XLII. 4, Coll. Bamb. XXXIII. 4, Comp. I. L. 1.</Unicode>
        </TextEquiv>
      </TextLine>
      <TextLine id="eSc_line_81054b00" custom="structure {type:default;}">
        <Coords points="775,742 775,761 996,761 998,761 1031,772 1034,772 1036,772 1038,772 1040,772 1053,761 1060,761 1305,770 1307,770 1356,759 1358,759 1360,759 1396,770 1398,770 1400,770 1824,757 1829,757 1893,768 1895,768 2017,755 2028,755 2043,755 2229,766 2231,766 2233,766 2277,753 2277,733 2275,704 2251,693 2249,693 2246,693 773,704 775,742"/>
        <Baseline points="775,742 2277,733"/>
        <TextEquiv conf="0.9968863271955234">
          <Unicode>t. 21. c. 4, Decr. Gregr. L. I. t. 29. c. 3. — „Si pro debilitate“.</Unicode>
        </TextEquiv>
      </TextLine>
      <TextLine id="eSc_line_638d8377" custom="structure {type:default;}">
        <Coords points="729,795 726,817 2688,819 2693,799 2691,764 2620,750 2618,750 2615,750 2573,761 2571,761 2567,761 2403,750 2401,750 2198,761 2158,764 2010,764 2006,759 1992,750 1990,750 1988,750 1986,750 1984,750 1959,759 1953,761 1939,759 1893,750 1891,750 1889,750 1871,759 1864,761 1849,759 1807,750 1805,750 1736,759 1725,759 1723,759 1710,748 1707,748 1705,748 1703,748 1701,748 1665,757 1659,759 1637,757 1535,748 1533,748 1389,757 1334,759 729,755 729,795"/>
        <Baseline points="729,795 2693,799"/>
        <TextEquiv conf="0.9981177771792692">
          <Unicode>13991 (9055) Episcopo Londinensi de appellatione ad sedem apostolicam respondet. App.</Unicode>
        </TextEquiv>
      </TextLine>
      <TextLine id="eSc_line_83d451cf" custom="structure {type:default;}">
        <Coords points="777,848 775,872 2686,881 2691,852 2688,817 777,812 777,848"/>
        <Baseline points="777,848 2691,852"/>
        <TextEquiv conf="0.9911793082593435">
          <Unicode>conc. Lat. VII. 1, Coll. Lips. XXXV. 1, Coll. Cass. XLII. 1, Coll. Bamb. XXXIII. 1,</Unicode>
        </TextEquiv>
      </TextLine>
      <TextLine id="eSc_line_3d48da78" custom="structure {type:default;}">
        <Coords points="777,901 775,918 806,934 808,934 810,936 965,936 965,934 967,934 969,934 987,920 1005,934 1007,934 1009,934 1011,934 1014,934 1062,920 1078,931 1080,931 1082,931 1084,931 1140,923 1237,934 1239,934 1241,934 1281,920 1354,936 1356,936 1358,936 1398,923 1522,923 1537,936 1539,936 1542,936 1544,936 1732,923 1754,936 1756,936 1758,936 1760,936 1818,923 1833,936 1836,936 1838,936 1840,936 1913,920 1915,905 1911,863 777,867 777,901"/>
        <Baseline points="777,901 1915,905"/>
        <TextEquiv conf="0.9952577774723371">
          <Unicode>Comp. I. L. 1. t. 21. c. 1. — „Cum tibi sit de“.</Unicode>
        </TextEquiv>
      </TextLine>
      <TextLine id="eSc_line_d2f02d07" custom="structure {type:default;}">
        <Coords points="724,960 724,987 2693,987 2693,956 2688,923 722,923 724,960"/>
        <Baseline points="724,960 2693,956"/>
        <TextEquiv conf="0.9986228346824646">
          <Unicode>13992 (9056. 9057) Episcopo Londinensi concedit, ut institutiones ab archidiaconis eo</Unicode>
        </TextEquiv>
      </TextLine>
      <TextLine id="eSc_line_ba4df557" custom="structure {type:default;}">
        <Coords points="777,1011 777,1037 2688,1037 2691,1015 2688,978 777,973 777,1011"/>
        <Baseline points="777,1011 2691,1015"/>
        <TextEquiv conf="0.9931440755378368">
          <Unicode>inconsulto factas rescindat; scribit de puniendis clericis „fornicarias detinentibus“.</Unicode>
        </TextEquiv>
      </TextLine>
      <TextLine id="eSc_line_90e32d36" custom="structure {type:default;}">
        <Coords points="779,1073 779,1095 2684,1097 2688,1068 2684,1035 777,1033 779,1073"/>
        <Baseline points="779,1073 2688,1068"/>
        <TextEquiv conf="0.9875074121214095">
          <Unicode>App. conc. Lat. XVIII. 8, XXIV. 1, Coll. Lips. XII. 1, LXIV. 7, Coll. Cass. XXII. 1,</Unicode>
        </TextEquiv>
      </TextLine>
      <TextLine id="eSc_line_c3065512" custom="structure {type:default;}">
        <Coords points="777,1128 777,1146 2686,1154 2688,1128 2688,1095 2558,1095 2558,1093 2543,1082 2540,1082 2538,1082 2536,1082 2534,1082 2509,1093 2417,1082 2414,1082 2412,1082 2388,1093 2346,1082 2344,1082 2341,1082 2339,1082 2304,1093 2266,1082 2264,1082 2262,1082 2260,1082 2227,1093 2156,1082 2154,1082 2151,1082 2107,1093 2105,1093 2098,1093 1939,1082 1937,1082 1935,1082 1911,1093 1886,1082 1884,1082 1882,1082 1880,1082 1849,1093 1847,1093 1840,1093 1738,1082 1736,1082 1630,1093 1621,1093 1617,1093 1584,1082 1581,1082 1579,1082 1513,1093 1504,1093 1495,1093 1400,1082 1398,1082 777,1090 777,1128"/>
        <Baseline points="777,1128 2688,1128"/>
        <TextEquiv conf="0.9922752946983149">
          <Unicode>LXIII. 7, Coll. Bamb. XII. 1, LV. 6, Comp. I. L. 3. t. 2. c. 7, L. 3. t. 7. c. 2,</Unicode>
        </TextEquiv>
      </TextLine>
      <TextLine id="eSc_line_6e4ad4d1" custom="structure {type:default;}">
        <Coords points="777,1179 777,1201 2439,1201 2439,1179 2439,1148 777,1148 777,1179"/>
        <Baseline points="777,1179 2439,1179"/>
        <TextEquiv conf="0.9990434472759565">
          <Unicode>Decr. Greg. L. III. t. 2. c. 6. — „Ad aures nostras“ „Si autem clerici“.</Unicode>
        </TextEquiv>
      </TextLine>
      <TextLine id="eSc_line_12cbfb11" custom="structure {type:default;}">
        <Coords points="724,1232 722,1252 2684,1260 2688,1236 2686,1201 724,1196 724,1232"/>
        <Baseline points="724,1232 2688,1236"/>
        <TextEquiv conf="0.9967770799994469">
          <Unicode>13993 (9058) Episcopo Londinensi mandat, ut Stephanum, „si contra compositionem,</Unicode>
        </TextEquiv>
      </TextLine>
      <TextLine id="eSc_line_96942235" custom="structure {type:default;}">
        <Coords points="777,1289 777,1313 2691,1313 2691,1289 2691,1260 777,1254 777,1289"/>
        <Baseline points="777,1289 2691,1289"/>
        <TextEquiv conf="0.9970467471799185">
          <Unicode>interpositione fidei firmatam, venerit, ab ecclesia non differat spoliare“. App. conc.</Unicode>
        </TextEquiv>
      </TextLine>
      <TextLine id="eSc_line_9b7214d4" custom="structure {type:default;}">
        <Coords points="777,1344 775,1364 2684,1378 2688,1349 2686,1311 777,1307 777,1344"/>
        <Baseline points="777,1344 2688,1349"/>
        <TextEquiv conf="0.9909028097987175">
          <Unicode>Lat. XVII. 6, Coll. Lips. XVII. 8, Coll. Cass. XXVIII. 10, Coll. Bamb. XVIII. 8,</Unicode>
        </TextEquiv>
      </TextLine>
      <TextLine id="eSc_line_418e325c" custom="structure {type:default;}">
        <Coords points="775,1400 775,1419 1866,1415 1869,1395 1862,1362 773,1366 775,1400"/>
        <Baseline points="775,1400 1869,1395"/>
        <TextEquiv conf="0.9965946886274549">
          <Unicode>Comp. I. L. 2. t. 17. c. 8. — „Si Stephanum“.</Unicode>
        </TextEquiv>
      </TextLine>
      <TextLine id="eSc_line_cc9df715" custom="structure {type:default;}">
        <Coords points="722,1455 722,1479 2686,1472 2688,1450 2682,1413 720,1417 722,1455"/>
        <Baseline points="722,1455 2688,1450"/>
        <TextEquiv conf="0.9939465249877378">
          <Unicode>13994 (9059) Episcopo Londinensi scribit: si mandatum apostolicum pro alicuius pro-</Unicode>
        </TextEquiv>
      </TextLine>
      <TextLine id="eSc_line_e5014562" custom="structure {type:default;}">
        <Coords points="777,1510 777,1532 2682,1537 2686,1506 2682,1477 1741,1466 1738,1466 1670,1477 813,1468 810,1468 808,1468 775,1479 777,1510"/>
        <Baseline points="777,1510 2686,1506"/>
        <TextEquiv conf="0.9929532806078593">
          <Unicode>visione receperit, qui aliud beneficium habeat, de quo valeat commode sustentari,</Unicode>
        </TextEquiv>
      </TextLine>
      <TextLine id="eSc_line_88cb797d" custom="structure {type:default;}">
        <Coords points="775,1565 775,1590 2682,1594 2686,1561 2680,1530 773,1532 775,1565"/>
        <Baseline points="775,1565 2686,1561"/>
        <TextEquiv conf="0.9962682482562487">
          <Unicode>mandatum suum exequi opus non esse. App. conc. Lat. XXX. 2, Coll. Lips. XXI. 2,</Unicode>
        </TextEquiv>
      </TextLine>
      <TextLine id="eSc_line_7a860b12" custom="structure {type:default;}">
        <Coords points="771,1620 771,1643 2684,1651 2686,1620 2686,1590 2576,1576 2573,1576 2571,1576 2569,1576 2554,1587 2554,1590 2143,1590 2140,1587 2116,1576 2114,1576 2112,1576 2109,1576 2074,1587 2070,1587 2068,1587 2054,1576 2052,1576 2050,1576 2048,1576 1966,1585 1948,1587 1928,1585 1849,1576 1847,1576 1844,1576 1811,1585 1802,1587 1771,1585 1670,1576 1668,1576 1595,1585 1568,1587 1559,1585 1537,1576 1535,1576 1533,1576 1531,1576 1513,1585 1504,1587 1484,1585 1438,1576 1436,1576 1433,1576 1418,1585 1411,1587 1387,1583 1338,1576 1336,1576 1301,1583 1283,1587 1265,1583 1235,1576 1232,1576 1230,1576 1228,1576 1226,1576 1215,1583 1208,1587 1188,1583 1155,1576 1153,1576 771,1581 771,1620"/>
        <Baseline points="771,1620 2686,1620"/>
        <TextEquiv conf="0.9979331681999979">
          <Unicode>Coll. Cass. XXXI. 2, Coll. Bamb. XXI. 2, Comp. I. L. 3. t. 5. c. 8, Decr. Greg.</Unicode>
        </TextEquiv>
      </TextLine>
      <TextLine id="eSc_line_ac971c63" custom="structure {type:default;}">
        <Coords points="771,1673 771,1700 1754,1700 1754,1673 1754,1645 771,1634 771,1673"/>
        <Baseline points="771,1673 1754,1673"/>
        <TextEquiv conf="0.9980499416589736">
          <Unicode>L. III. t. 5. c. 6. — „Cum teneamur ex“.</Unicode>
        </TextEquiv>
      </TextLine>
      <TextLine id="eSc_line_2faa74ba" custom="structure {type:default;}">
        <Coords points="722,1729 722,1753 2684,1757 2688,1724 2684,1689 720,1689 722,1729"/>
        <Baseline points="722,1729 2688,1724"/>
        <TextEquiv conf="0.98968855291605">
          <Unicode>13995 (9060) Episcopo Londinensi mandat, ut W. presbytero ecclesiam de Novoburgo</Unicode>
        </TextEquiv>
      </TextLine>
      <TextLine id="eSc_line_b7124533" custom="structure {type:default;}">
        <Coords points="773,1784 773,1808 2682,1815 2684,1784 2682,1749 773,1751 773,1784"/>
        <Baseline points="773,1784 2684,1784"/>
        <TextEquiv conf="0.9854080775116063">
          <Unicode>restituat. App. conc. Lat. XIX. 5, Coll. Cass. XXXIII. 5, Coll. Bamb. XXIII. 5,</Unicode>
        </TextEquiv>
      </TextLine>
      <TextLine id="eSc_line_efba33e4" custom="structure {type:default;}">
        <Coords points="768,1835 766,1852 795,1866 797,1866 799,1866 2684,1857 2686,1839 2684,1806 768,1799 768,1835"/>
        <Baseline points="768,1835 2686,1839"/>
        <TextEquiv conf="0.9981462527723873">
          <Unicode>Comp. I. L. 1. t. 9. c. 6, Decr. Greg. L. I. t. 17. c. 5. — „Veniens ad praesentiam“.</Unicode>
        </TextEquiv>
      </TextLine>
      <TextLine id="eSc_line_c0177019" custom="structure {type:default;}">
        <Coords points="722,1894 722,1919 2684,1914 2686,1888 2682,1859 2284,1848 2282,1848 720,1861 722,1894"/>
        <Baseline points="722,1894 2686,1888"/>
        <TextEquiv conf="0.9923026220182355">
          <Unicode>13996 (9061) Episcopo Londinensi (al. Lingonensi) conccdit, ut „si ordinatio alicuius ec-</Unicode>
        </TextEquiv>
      </TextLine>
      <TextLine id="eSc_line_cd66b260" custom="structure {type:default;}">
        <Coords points="771,1949 771,1974 2686,1976 2688,1945 2684,1916 802,1908 799,1908 797,1908 768,1919 771,1949"/>
        <Baseline points="771,1949 2688,1945"/>
        <TextEquiv conf="0.9999891663419789">
          <Unicode>clesiae ad eius institutionem spectet, et pro controversiis laicorum de iure patronatus</Unicode>
        </TextEquiv>
      </TextLine>
      <TextLine id="eSc_line_6ae3f09b" custom="structure {type:default;}">
        <Coords points="771,2000 768,2020 2682,2027 2686,2005 2684,1972 771,1967 771,2000"/>
        <Baseline points="771,2000 2686,2005"/>
        <TextEquiv conf="0.9999473081545883">
          <Unicode>differatur, in eadem ecclesia personam idoneam constituat“. App. conc. Lat. XV. 12, Coll.</Unicode>
        </TextEquiv>
      </TextLine>
      <TextLine id="eSc_line_dc4bbb73" custom="structure {type:default;}">
        <Coords points="775,2058 773,2078 2680,2089 2684,2062 2682,2025 775,2014 775,2058"/>
        <Baseline points="775,2058 2684,2062"/>
        <TextEquiv conf="0.9921339590882146">
          <Unicode>Lips. LII. 17, Coll. Cass. LIII. 10, Coll. Bamb. XLV. 10, Comp. I. L. 3. t. 33. c. 15,</Unicode>
        </TextEquiv>
      </TextLine>
      <TextLine id="eSc_line_e10900b3" custom="structure {type:default;}">
        <Coords points="773,2113 773,2135 2529,2135 2529,2113 2529,2084 773,2073 773,2113"/>
        <Baseline points="773,2113 2529,2113"/>
        <TextEquiv conf="0.9989501308453711">
          <Unicode>Decr. Greg. L. III. t. 38. c. 12. — „Si vero aliquando“ „Si vero ordinatio“.</Unicode>
        </TextEquiv>
      </TextLine>
      <TextLine id="eSc_line_e2054211" custom="structure {type:default;}">
        <Coords points="722,2168 722,2197 2684,2188 2686,2164 2680,2133 720,2135 722,2168"/>
        <Baseline points="722,2168 2686,2164"/>
        <TextEquiv conf="0.9887579782509509">
          <Unicode>13997 (9062) Episcopo Londinensi mandat, ut monachorum de Nestun „seculariter vi-</Unicode>
        </TextEquiv>
      </TextLine>
      <TextLine id="eSc_line_aadc56b5" custom="structure {type:default;}">
        <Coords points="775,2226 775,2245 2680,2256 2682,2226 2680,2188 775,2190 775,2226"/>
        <Baseline points="775,2226 2682,2226"/>
        <TextEquiv conf="0.9973312169313431">
          <Unicode>ventium“ disciplinam corrigat. App. conc. Lat. XXVII. 7, Comp. I. L. 3. t. 37. c. 7,</Unicode>
        </TextEquiv>
      </TextLine>
      <TextLine id="eSc_line_644160f9" custom="structure {type:default;}">
        <Coords points="771,2279 771,2301 2098,2294 2101,2274 2096,2243 1433,2232 1431,2232 1429,2232 1427,2232 1414,2243 1398,2243 786,2234 784,2234 782,2234 779,2234 768,2239 771,2279"/>
        <Baseline points="771,2279 2101,2274"/>
        <TextEquiv conf="0.9986221727571989">
          <Unicode>Decr. Greg. L. III. t. 50. c. 7. — „Relatum est auribus“.</Unicode>
        </TextEquiv>
      </TextLine>
      <TextLine id="eSc_line_6914702f" custom="structure {type:default;}">
        <Coords points="720,2329 720,2356 2682,2365 2684,2329 2684,2296 720,2287 720,2329"/>
        <Baseline points="720,2329 2684,2329"/>
        <TextEquiv conf="0.9931895703804202">
          <Unicode>13998 (9063) Episcopo Londinensi mandat, cogat monachos de Wardone (al. Warsiniae)</Unicode>
        </TextEquiv>
      </TextLine>
      <TextLine id="eSc_line_b9c6f90b" custom="structure {type:default;}">
        <Coords points="773,2389 773,2411 2677,2415 2682,2385 2675,2354 771,2356 773,2389"/>
        <Baseline points="773,2389 2682,2385"/>
        <TextEquiv conf="0.9961762097146776">
          <Unicode>ut terram quandam T. Eschalero et matri eius restituant. App. conc. Lat. XVI. 10,</Unicode>
        </TextEquiv>
      </TextLine>
      <TextLine id="eSc_line_38eafcda" custom="structure {type:default;}">
        <Coords points="768,2440 766,2462 2677,2475 2682,2444 2680,2411 768,2402 768,2440"/>
        <Baseline points="768,2440 2682,2444"/>
        <TextEquiv conf="0.9972539962757201">
          <Unicode>Coll. Lips. IX. 6, Coll. Cass. XX. 9, Coll. Bamb. IX. 6, Comp. I. L. 5. t. 15. c. 7.</Unicode>
        </TextEquiv>
      </TextLine>
      <TextLine id="eSc_line_b8e84b6f" custom="structure {type:default;}">
        <Coords points="775,2497 775,2517 846,2517 857,2526 857,2528 859,2528 861,2528 863,2528 954,2517 1014,2528 1016,2530 1182,2530 1182,2528 1184,2528 1210,2517 1248,2528 1250,2528 1252,2530 1482,2530 1482,2528 1542,2515 1542,2497 1542,2466 775,2466 775,2497"/>
        <Baseline points="775,2497 1542,2497"/>
        <TextEquiv conf="0.9743350667338218">
          <Unicode>— „Ex transmissa conquestione“.</Unicode>
        </TextEquiv>
      </TextLine>
      <TextLine id="eSc_line_94decf90" custom="structure {type:default;}">
        <Coords points="720,2550 720,2574 2686,2572 2686,2550 2686,2517 720,2517 720,2550"/>
        <Baseline points="720,2550 2686,2550"/>
        <TextEquiv conf="0.99062798562504">
          <Unicode>13999 Episcopo Londinensi scribit, „ne monachi vel clerici causa lucri negotientur“.</Unicode>
        </TextEquiv>
      </TextLine>
      <TextLine id="eSc_line_e9d53ab3" custom="structure {type:default;}">
        <Coords points="771,2610 771,2632 2677,2636 2682,2605 2677,2572 768,2566 771,2610"/>
        <Baseline points="771,2610 2682,2605"/>
        <TextEquiv conf="0.9959299439607665">
          <Unicode>App. conc. Lat. XXVII. 3, Coll. Lips. XIV. 3, Coll. Cass. XXIV. 3, Coll. Bamb. XIV. 3,</Unicode>
        </TextEquiv>
      </TextLine>
      <TextLine id="eSc_line_cd6a1797" custom="structure {type:default;}">
        <Coords points="768,2663 768,2685 2677,2678 2680,2656 2675,2627 1405,2619 1402,2619 1314,2630 788,2621 786,2621 784,2621 782,2621 766,2627 768,2663"/>
        <Baseline points="768,2663 2680,2656"/>
        <TextEquiv conf="0.9901982623906362">
          <Unicode>Comp. I. L. 3. t. 37. c. 5, Decr. Greg. L. III. t. 50. c. 6. — „Secundum instituta“.</Unicode>
        </TextEquiv>
      </TextLine>
      <TextLine id="eSc_line_e149dd4c" custom="structure {type:default;}">
        <Coords points="720,2716 720,2744 2680,2744 2682,2711 2677,2680 718,2676 720,2716"/>
        <Baseline points="720,2716 2682,2711"/>
        <TextEquiv conf="0.9921900237478861">
          <Unicode>14000 (9064) Londinensi et Wigorniensi episcopis mandat, inducant Hospitalarios de</Unicode>
        </TextEquiv>
      </TextLine>
      <TextLine id="eSc_line_33b1b874" custom="structure {type:default;}">
        <Coords points="775,2773 775,2793 2675,2800 2680,2773 2677,2742 775,2731 775,2773"/>
        <Baseline points="775,2773 2680,2773"/>
        <TextEquiv conf="0.9936536134007465">
          <Unicode>A., ut decumas quasdam ecclesiae magistri N. (al. Hen.) persolvant. App. conc. Lat.</Unicode>
        </TextEquiv>
      </TextLine>
      <TextLine id="eSc_line_c65b0d96" custom="structure {type:default;}">
        <Coords points="773,2826 773,2850 2677,2855 2680,2826 2680,2793 773,2784 773,2826"/>
        <Baseline points="773,2826 2680,2826"/>
        <TextEquiv conf="0.9973011707387319">
          <Unicode>XXIII. 22, Coll. Cass. XXXV. 18, Coll. Bamb. XXV. 18, Comp. I. L. 3. t. 26. c. 22.</Unicode>
        </TextEquiv>
      </TextLine>
      <TextLine id="eSc_line_aa78e53d" custom="structure {type:default;}">
        <Coords points="773,2877 771,2895 857,2910 859,2910 1102,2899 1345,2912 1347,2912 1829,2899 1831,2881 1829,2844 773,2842 773,2877"/>
        <Baseline points="773,2877 1831,2881"/>
        <TextEquiv conf="0.998868466778235">
          <Unicode>— „Deferente magistro“ „Referente magistro“.</Unicode>
        </TextEquiv>
      </TextLine>
      <TextLine id="eSc_line_b44b6436" custom="structure {type:default;}">
        <Coords points="720,2934 720,2961 2677,2965 2682,2930 2677,2899 718,2895 720,2934"/>
        <Baseline points="720,2934 2682,2930"/>
        <TextEquiv conf="0.9854171254805156">
          <Unicode>14001 (9065) Londinensi et Wigorniensi episcopis mandat, iudicent inter R. canonicum</Unicode>
        </TextEquiv>
      </TextLine>
      <TextLine id="eSc_line_6d7e95f3" custom="structure {type:default;}">
        <Coords points="768,2992 768,3014 2680,3016 2682,2987 2675,2952 766,2952 768,2992"/>
        <Baseline points="768,2992 2682,2987"/>
        <TextEquiv conf="0.9998363217240885">
          <Unicode>Lincolniensem et W. Salvagium, censum duorum byzantiorum annuum per biennium</Unicode>
        </TextEquiv>
      </TextLine>
      <TextLine id="eSc_line_b25a1421" custom="structure {type:default;}">
        <Coords points="771,3045 771,3065 1135,3076 1137,3076 1232,3067 1277,3065 1312,3069 1372,3076 1374,3076 1376,3076 1402,3069 1420,3065 1453,3069 1504,3076 1506,3076 1539,3069 1566,3065 1604,3069 1648,3076 1650,3076 1805,3074 1807,3074 1809,3074 1813,3071 1827,3062 1853,3071 1862,3074 1864,3074 1866,3074 2001,3071 2436,3062 2454,3074 2456,3074 2459,3074 2461,3076 2675,3076 2677,3040 2673,3012 1723,3001 1721,3001 1672,3012 1668,3014 768,3014 771,3045"/>
        <Baseline points="771,3045 2677,3040"/>
        <TextEquiv conf="0.9983028777233967">
          <Unicode>solvere recusantem. App. conc. Lat. XVII. 5, Coll. Lips. XVII. 7, Coll. Cass.</Unicode>
        </TextEquiv>
      </TextLine>
      <TextLine id="eSc_line_3ae6af83" custom="structure {type:default;}">
        <Coords points="773,3100 773,3129 2677,3131 2680,3100 2680,3067 773,3067 773,3100"/>
        <Baseline points="773,3100 2680,3100"/>
        <TextEquiv conf="0.9938630958398184">
          <Unicode>XXVIII. 9, Coll. Bamb. XIX. 7, Comp. I. L. 2. t. 17. c. 7, Decr. Greg. L. II. t. 24.</Unicode>
        </TextEquiv>
      </TextLine>
      <TextLine id="eSc_line_0b62a141" custom="structure {type:default;}">
        <Coords points="768,3151 768,3168 839,3182 841,3182 921,3168 925,3168 938,3168 1314,3180 1316,3180 1319,3180 1347,3164 1347,3146 1341,3111 766,3111 768,3151"/>
        <Baseline points="768,3151 1347,3146"/>
        <TextEquiv conf="0.9889250208031047">
          <Unicode>c. 10. — „Querelam R.“</Unicode>
        </TextEquiv>
      </TextLine>
      <TextLine id="eSc_line_b858d180" custom="structure {type:default;}">
        <Coords points="718,3202 718,3237 2677,3237 2680,3206 2677,3171 718,3157 718,3202"/>
        <Baseline points="718,3202 2680,3206"/>
        <TextEquiv conf="0.9999263083062521">
          <Unicode>14002 (9066) Londinensi et Wigorniensi episcopis mandat de disceptanda causa R. et</Unicode>
        </TextEquiv>
      </TextLine>
      <TextLine id="eSc_line_deda689d" custom="structure {type:default;}">
        <Coords points="771,3266 771,3286 2675,3288 2680,3261 2675,3230 768,3224 771,3266"/>
        <Baseline points="771,3266 2680,3261"/>
        <TextEquiv conf="0.9937076817584943">
          <Unicode>F., „H(enrico) regi Anglorum possessionum iudicium relinquens“. App. conc. Lat.</Unicode>
        </TextEquiv>
      </TextLine>
      <TextLine id="eSc_line_ad317372" custom="structure {type:default;}">
        <Coords points="771,3314 768,3339 2675,3352 2680,3319 2677,3286 771,3272 771,3314"/>
        <Baseline points="771,3314 2680,3319"/>
        <TextEquiv conf="0.9823270123681904">
          <Unicode>XXXIII. 4, Comp. I. L. 4. t. 18. c. 7, Decr. Greg. L. IV. t. 17. c. 7. — „Causam,</Unicode>
        </TextEquiv>
      </TextLine>
      <TextLine id="eSc_line_7cba632e" custom="structure {type:default;}">
        <Coords points="768,3369 768,3389 782,3398 784,3398 786,3398 788,3398 1053,3385 1053,3369 1053,3339 768,3336 768,3369"/>
        <Baseline points="768,3369 1053,3369"/>
        <TextEquiv conf="0.9988340735435486">
          <Unicode>quae inter“.</Unicode>
        </TextEquiv>
      </TextLine>
      <TextLine id="eSc_line_b3bebb97" custom="structure {type:default;}">
        <Coords points="718,3422 718,3451 2680,3451 2680,3422 2680,3387 718,3378 718,3422"/>
        <Baseline points="718,3422 2680,3422"/>
        <TextEquiv conf="0.9963880000489481">
          <Unicode>14003 (9067) Priori et fratribus S. Trinitatis Londinensis (al. Lundon., al. Lorido) con-</Unicode>
        </TextEquiv>
      </TextLine>
      <TextLine id="eSc_line_bbf3d777" custom="structure {type:default;}">
        <Coords points="768,3475 766,3515 908,3517 923,3531 925,3531 927,3531 930,3531 932,3531 934,3531 952,3520 1062,3520 1089,3537 1091,3537 1093,3537 1095,3539 1376,3539 1376,3537 1378,3537 1416,3524 1447,3535 1449,3535 1451,3535 1453,3535 1486,3522 1528,3522 1553,3522 1575,3535 1577,3535 1579,3535 1581,3535 1584,3535 1634,3522 1668,3539 1670,3539 1672,3542 1754,3542 1754,3539 1756,3539 1789,3524 1959,3539 1961,3539 1964,3539 2019,3524 2028,3522 2037,3524 2103,3542 2105,3542 2107,3542 2235,3528 2295,3539 2297,3539 2299,3539 2333,3526 2337,3524 2671,3526 2675,3482 2673,3449 768,3445 768,3475"/>
        <Baseline points="768,3475 2675,3482"/>
        <TextEquiv conf="0.9848338721812456">
          <Unicode>cedit, „ut liceat iis in causis ecclesiae suae testimonium ferre“. App. conc. VIII. 18.</Unicode>
        </TextEquiv>
      </TextLine>
      <TextLine id="eSc_line_01ea31d6" custom="structure {type:default;}">
        <Coords points="2315,3542 2322,3608 2403,3588 2399,3533 2392,3502 2311,3509 2315,3542"/>
        <Baseline points="2315,3542 2399,3533"/>
        <TextEquiv conf="0.9985033671061198">
          <Unicode>43*</Unicode>
        </TextEquiv>
      </TextLine>
    </TextRegion>
    <TextRegion id="eSc_textblock_d8211578"  custom="structure {type:default;}">
      <Coords points="974,132 1860,132 1904,141 1904,218 954,236 936,141 974,132"/>
      <TextLine id="eSc_line_6254d5cf" custom="structure {type:default;}">
        <Coords points="958,203 958,227 1880,223 1882,198 1877,156 1747,139 1745,139 1661,154 1551,136 1548,136 1546,136 1544,136 1544,139 1524,156 1460,156 1431,136 1429,136 1427,136 1425,136 1336,156 1277,136 1274,136 1272,136 1197,147 1182,136 1179,136 1177,136 1005,136 1003,136 1000,136 956,156 958,203"/>
        <Baseline points="958,203 1882,198"/>
        <TextEquiv conf="0.9981958723068237">
          <Unicode>ALEXANDER III. 1159—1181.</Unicode>
        </TextEquiv>
      </TextLine>
    </TextRegion>
    <TextRegion id="eSc_textblock_717edd6c"  custom="structure {type:default;}">
      <Coords points="2580,132 2733,150 2733,209 2662,245 2567,236 2549,141 2580,132"/>
      <TextLine id="eSc_line_77f6de93" custom="structure {type:default;}">
        <Coords points="2680,143 2657,141 2635,139 2624,136 2569,154 2573,203 2573,220 2693,231 2695,198 2691,145 2680,143"/>
        <Baseline points="2573,203 2695,198"/>
        <TextEquiv conf="0.9999996821085612">
          <Unicode>387</Unicode>
        </TextEquiv>
      </TextLine>
    </TextRegion>
  </Page>
</PcGts>
