<?xml version="1.0" encoding="UTF-8"  standalone="yes"?>
<PcGts xmlns="http://schema.primaresearch.org/PAGE/gts/pagecontent/2019-07-15" xmlns:xsi="http://www.w3.org/2001/XMLSchema-instance" xsi:schemaLocation="http://schema.primaresearch.org/PAGE/gts/pagecontent/2019-07-15 http://schema.primaresearch.org/PAGE/gts/pagecontent/2019-07-15/pagecontent.xsd">
  <Metadata>
	<Creator>escriptorium</Creator>
	<Created>2024-07-19T10:14:03.559797+00:00</Created>
        <LastChange>2024-08-08T08:46:07.239363+00:00</LastChange>
  </Metadata>
  <Page imageFilename="0404.png" imageWidth="3007" imageHeight="3975">
    <TextRegion id="eSc_textblock_367bef27"  custom="structure {type:default;}">
      <Coords points="2562,273 2733,282 2741,326 2715,547 2715,3504 707,3513 689,291 2562,273"/>
      <TextLine id="eSc_line_f7fc18f2" custom="structure {type:default;}">
        <Coords points="905,289 883,289 866,289 821,300 753,289 751,289 729,289 707,289 698,287 684,295 687,342 687,377 1011,371 1014,337 1009,300 925,287 905,289"/>
        <Baseline points="687,342 1014,337"/>
        <TextEquiv conf="0.9999919154427268">
          <Unicode>1159— 1181.</Unicode>
        </TextEquiv>
      </TextLine>
      <TextLine id="eSc_line_a0ad0766" custom="structure {type:default;}">
        <Coords points="768,401 768,424 2677,432 2680,401 2680,355 2450,342 2448,342 2445,342 2399,355 2386,357 2370,355 2302,342 2299,342 2297,342 2262,355 2260,355 2255,355 2176,342 2174,342 2171,342 2169,342 2149,355 2145,359 1919,359 1911,355 1871,344 1869,344 1866,344 1864,344 1822,355 1816,357 1813,355 1794,342 1791,342 1789,342 1787,342 1685,355 1615,342 1612,342 1610,342 1573,357 1568,357 1555,357 1429,342 1427,342 1425,342 1374,357 1369,357 1367,357 1303,342 1301,342 1299,342 1263,357 1261,357 1226,342 1224,342 1051,342 1049,342 1047,342 1005,357 1005,359 768,359 768,401"/>
        <Baseline points="768,401 2680,401"/>
        <TextEquiv conf="0.9915767474265038">
          <Unicode>tur, per eandem possint pecuniam liberari“. App. conc. Lat. XVI. 1, Coll. Lips.</Unicode>
        </TextEquiv>
      </TextLine>
      <TextLine id="eSc_line_1d5dec81" custom="structure {type:default;}">
        <Coords points="771,459 771,490 2680,485 2680,459 2680,426 771,421 771,459"/>
        <Baseline points="771,459 2680,459"/>
        <TextEquiv conf="0.9915346836759931">
          <Unicode>IX. 1, Coll. Cass. XX. 4, Coll. Bamb. IX. 1, Comp. I. L. 5. t. 15. c. 3, Decr. Greg.</Unicode>
        </TextEquiv>
      </TextLine>
      <TextLine id="eSc_line_18eed0cf" custom="structure {type:default;}">
        <Coords points="768,516 768,536 1484,545 1486,545 1634,532 1646,532 1648,532 1659,543 1661,543 1663,543 1665,545 1884,545 1884,543 1959,530 1966,530 1968,530 1990,541 1992,541 1995,541 2255,527 2258,507 2253,479 766,477 768,516"/>
        <Baseline points="768,516 2258,507"/>
        <TextEquiv conf="0.992909933290174">
          <Unicode>L. V. t. 19. c. 4. — „Super eo vero, quod“ „Super eo, quod a“.</Unicode>
        </TextEquiv>
      </TextLine>
      <TextLine id="eSc_line_dc65a278" custom="structure {type:default;}">
        <Coords points="718,569 718,591 2686,585 2686,563 2682,532 715,532 718,569"/>
        <Baseline points="718,569 2686,563"/>
        <TextEquiv conf="0.9951783889605675">
          <Unicode>14043 (9105) Archiepiscopo Panormitano respondet de iis, „qui praestito iuramento</Unicode>
        </TextEquiv>
      </TextLine>
      <TextLine id="eSc_line_b02b67a5" custom="structure {type:default;}">
        <Coords points="771,624 771,653 2677,642 2680,620 2673,589 768,594 771,624"/>
        <Baseline points="771,624 2680,620"/>
        <TextEquiv conf="0.9988730152448019">
          <Unicode>promittunt, se aliquas mulieres ducturos et postea eis incognitis dimittunt terram“.</Unicode>
        </TextEquiv>
      </TextLine>
      <TextLine id="eSc_line_61804b5f" custom="structure {type:default;}">
        <Coords points="775,680 775,708 2680,706 2682,675 2675,642 773,644 775,680"/>
        <Baseline points="775,680 2682,675"/>
        <TextEquiv conf="0.9923019669521814">
          <Unicode>App. conc. Lat. VI. 12, Coll. Lips. LIX. 22, Coll. Cass. LVIII. 12, Coll. Bamb. LI. 11,</Unicode>
        </TextEquiv>
      </TextLine>
      <TextLine id="eSc_line_dde96d95" custom="structure {type:default;}">
        <Coords points="768,730 768,755 857,768 859,768 914,757 945,768 947,768 950,770 1716,770 1716,768 1718,768 1747,761 1760,757 1767,761 1778,768 1780,768 1782,768 1785,768 1855,761 1897,757 1950,761 2030,768 2032,768 2072,761 2105,757 2174,761 2246,768 2249,768 2299,764 2357,757 2682,764 2684,730 2682,700 768,700 768,730"/>
        <Baseline points="768,730 2684,730"/>
        <TextEquiv conf="0.9957675628545808">
          <Unicode>Comp. I. L. IV. t. 1. c. 4, Decr. Greg. L. IV. t. 1. c. 5, t. 5. c. 3. — „De illis</Unicode>
        </TextEquiv>
      </TextLine>
      <TextLine id="eSc_line_b4779964" custom="structure {type:default;}">
        <Coords points="766,790 766,812 890,817 892,817 894,817 956,797 956,783 950,753 764,757 766,790"/>
        <Baseline points="766,790 956,783"/>
        <TextEquiv conf="0.9997234770229885">
          <Unicode>autem“.</Unicode>
        </TextEquiv>
      </TextLine>
      <TextLine id="eSc_line_ecf797e5" custom="structure {type:default;}">
        <Coords points="722,843 722,872 2686,872 2688,836 2682,801 720,801 722,843"/>
        <Baseline points="722,843 2688,836"/>
        <TextEquiv conf="0.9951227687299251">
          <Unicode>14044 (9106) Archiepiscopo Panormitano respondet de puniendis Saracenis, qui mu-</Unicode>
        </TextEquiv>
      </TextLine>
      <TextLine id="eSc_line_71bcdaea" custom="structure {type:default;}">
        <Coords points="768,898 768,923 2682,920 2684,892 2680,863 766,863 768,898"/>
        <Baseline points="768,898 2684,892"/>
        <TextEquiv conf="0.9902693324145817">
          <Unicode>lieres Christianas puerosque rapiunt et iis abuti praesumunt. Addit de eo, qui „uxo-</Unicode>
        </TextEquiv>
      </TextLine>
      <TextLine id="eSc_line_24f0de9f" custom="structure {type:default;}">
        <Coords points="771,954 771,978 2682,980 2686,949 2680,918 768,920 771,954"/>
        <Baseline points="771,954 2686,949"/>
        <TextEquiv conf="0.9983068314336595">
          <Unicode>rem fratris sui cognovit“. App. conc. Lat. L. 48, Coll. Cass. LIX. 9, Comp. I. L. 5.</Unicode>
        </TextEquiv>
      </TextLine>
      <TextLine id="eSc_line_16be7e61" custom="structure {type:default;}">
        <Coords points="768,1013 768,1035 2684,1035 2686,1007 2682,973 2059,962 2056,962 2054,962 2010,973 1500,965 1497,965 1402,976 883,967 881,967 766,978 768,1013"/>
        <Baseline points="768,1013 2686,1007"/>
        <TextEquiv conf="0.9777905366000007">
          <Unicode>t. 14. c. 3, Comp. II. L. 4. t. 7. c. 2, Decr. Greg. L. IV. t. 13. c. 3, L. V. t. 17.</Unicode>
        </TextEquiv>
      </TextLine>
      <TextLine id="eSc_line_5cda230c" custom="structure {type:default;}">
        <Coords points="768,1064 768,1084 1354,1095 1356,1095 1447,1084 1528,1093 1531,1093 1533,1093 1555,1082 1557,1082 1586,1082 1871,1093 1873,1093 1946,1079 1948,1060 1942,1029 766,1031 768,1064"/>
        <Baseline points="768,1064 1948,1060"/>
        <TextEquiv conf="0.9983541429042816">
          <Unicode>c. 4. — „In archiepiscopatu“ „De illo autem, qui“.</Unicode>
        </TextEquiv>
      </TextLine>
      <TextLine id="eSc_line_696f6b88" custom="structure {type:default;}">
        <Coords points="720,1119 720,1146 2686,1141 2688,1113 2684,1079 718,1077 720,1119"/>
        <Baseline points="720,1119 2688,1113"/>
        <TextEquiv conf="0.9991963089898576">
          <Unicode>14045 (9107) Archiepiscopo Panormitano scribit, ne ecclesias patiatur a clericis „sine</Unicode>
        </TextEquiv>
      </TextLine>
      <TextLine id="eSc_line_4f9fc0f9" custom="structure {type:default;}">
        <Coords points="771,1174 771,1199 2686,1194 2688,1168 2682,1139 768,1143 771,1174"/>
        <Baseline points="771,1174 2688,1168"/>
        <TextEquiv conf="0.9982022114098072">
          <Unicode>autoritate et conscientia sua in manibus advocatorum resignari“. App. conc. Lat.</Unicode>
        </TextEquiv>
      </TextLine>
      <TextLine id="eSc_line_1c6004f1" custom="structure {type:default;}">
        <Coords points="771,1232 771,1252 1646,1249 1648,1225 1643,1194 768,1190 771,1232"/>
        <Baseline points="771,1232 1648,1225"/>
        <TextEquiv conf="0.9874580230031694">
          <Unicode>XV. 25. — „Insinuatum est auribus“.</Unicode>
        </TextEquiv>
      </TextLine>
      <TextLine id="eSc_line_d45dcd45" custom="structure {type:default;}">
        <Coords points="722,1283 722,1316 2686,1302 2688,1276 2682,1236 720,1245 722,1283"/>
        <Baseline points="722,1283 2688,1276"/>
        <TextEquiv conf="0.9919404899372773">
          <Unicode>14046 (9108) Archiepiscopo Panormitano (al. episcopo Vigiliensi) respondet, „clericos</Unicode>
        </TextEquiv>
      </TextLine>
      <TextLine id="eSc_line_3c32f568" custom="structure {type:default;}">
        <Coords points="768,1340 768,1364 2686,1355 2688,1331 2682,1302 766,1302 768,1340"/>
        <Baseline points="768,1340 2688,1331"/>
        <TextEquiv conf="0.9933158878873034">
          <Unicode>seculares de mobilibus vel immobilibus rebus, quas consideratione ecclesiae perce-</Unicode>
        </TextEquiv>
      </TextLine>
      <TextLine id="eSc_line_a87887ae" custom="structure {type:default;}">
        <Coords points="771,1395 771,1424 2684,1411 2686,1386 2680,1358 768,1364 771,1395"/>
        <Baseline points="771,1395 2686,1386"/>
        <TextEquiv conf="0.9989110055642251">
          <Unicode>perint, nullum posse facere testamentum“. App. conc. Lat. XXIX. 5, Coll. Cass.</Unicode>
        </TextEquiv>
      </TextLine>
      <TextLine id="eSc_line_fb2e5a04" custom="structure {type:default;}">
        <Coords points="775,1453 775,1479 2682,1477 2684,1444 2680,1413 2381,1400 2379,1400 2377,1400 2355,1411 2324,1402 2322,1402 2319,1402 2176,1413 2163,1413 2151,1413 1990,1402 1988,1402 1933,1413 1931,1413 1908,1413 1323,1404 1321,1404 1319,1404 1316,1404 1299,1415 1263,1404 1261,1404 1259,1404 1170,1415 1151,1417 1146,1415 1133,1406 1131,1406 1129,1406 1126,1406 773,1415 775,1453"/>
        <Baseline points="775,1453 2684,1444"/>
        <TextEquiv conf="0.9832377861527836">
          <Unicode>XXVII. 4, Coll. Bamb. XVII. 3, Comp. I. L. 3. t. 22. c. 6, Decr. L. III. t. 26. c. 9.</Unicode>
        </TextEquiv>
      </TextLine>
      <TextLine id="eSc_line_2d2c3f45" custom="structure {type:default;}">
        <Coords points="773,1499 771,1517 857,1532 859,1532 1098,1523 1109,1532 1109,1534 1111,1534 1113,1534 1115,1534 1363,1521 1365,1503 1363,1470 773,1464 773,1499"/>
        <Baseline points="773,1499 1365,1503"/>
        <TextEquiv conf="0.9984370832857878">
          <Unicode>— „Quia nos tua duxit“.</Unicode>
        </TextEquiv>
      </TextLine>
      <TextLine id="eSc_line_e09a0c2e" custom="structure {type:default;}">
        <Coords points="724,1556 724,1587 2686,1587 2688,1550 2684,1519 722,1517 724,1556"/>
        <Baseline points="724,1556 2688,1550"/>
        <TextEquiv conf="0.9969507496465336">
          <Unicode>14047 (9109) Consulibus Papiae interdicit, ne „de decimis vel de ecclesiasticis negotiis</Unicode>
        </TextEquiv>
      </TextLine>
      <TextLine id="eSc_line_e5e3b7f0" custom="structure {type:default;}">
        <Coords points="771,1614 771,1643 2688,1638 2688,1614 2688,1583 771,1583 771,1614"/>
        <Baseline points="771,1614 2688,1614"/>
        <TextEquiv conf="0.9901302953561147">
          <Unicode>se intromittant“. Coll. Lips. XXII. 4, Comp. I. L. 2. t. 1. c. 4, (Mansi XXI. 1084).</Unicode>
        </TextEquiv>
      </TextLine>
      <TextLine id="eSc_line_1c50dc7a" custom="structure {type:default;}">
        <Coords points="773,1667 773,1687 850,1687 861,1696 861,1698 863,1698 866,1698 868,1700 1336,1700 1336,1698 1338,1698 1383,1684 1383,1667 1383,1638 773,1636 773,1667"/>
        <Baseline points="773,1667 1383,1667"/>
        <TextEquiv conf="0.9873804301023483">
          <Unicode>— „Relatum est auribus“.</Unicode>
        </TextEquiv>
      </TextLine>
      <TextLine id="eSc_line_f6f7348d" custom="structure {type:default;}">
        <Coords points="720,1724 720,1760 821,1749 1190,1757 1250,1757 1252,1757 1290,1755 1471,1746 2686,1746 2688,1718 2682,1680 718,1684 720,1724"/>
        <Baseline points="720,1724 2688,1718"/>
        <TextEquiv conf="0.9985588220344193">
          <Unicode>f14048 (9110) Episcopo Parisiensi scribit, „maritis etiam ex sola suscipione uxores ac-</Unicode>
        </TextEquiv>
      </TextLine>
      <TextLine id="eSc_line_97563214" custom="structure {type:default;}">
        <Coords points="775,1777 775,1806 2688,1806 2688,1777 2688,1749 775,1749 775,1777"/>
        <Baseline points="775,1777 2688,1777"/>
        <TextEquiv conf="0.9980186032660213">
          <Unicode>cusare permissum esse“. (Male Alex. III. inscribitur, est enim ex concilio quodam</Unicode>
        </TextEquiv>
      </TextLine>
      <TextLine id="eSc_line_256e3195" custom="structure {type:default;}">
        <Coords points="773,1835 773,1859 2686,1855 2688,1830 2684,1799 1756,1788 1754,1788 1752,1788 1727,1799 1725,1802 771,1802 773,1835"/>
        <Baseline points="773,1835 2688,1830"/>
        <TextEquiv conf="0.9918919171011725">
          <Unicode>Parisiensi). Coll. Lips. XXII. 7, Comp. I. L. 5. t. 13. c. 5, Decr. Greg. L. V. t. 16.</Unicode>
        </TextEquiv>
      </TextLine>
      <TextLine id="eSc_line_ca15fa17" custom="structure {type:default;}">
        <Coords points="771,1890 771,1910 1352,1903 1354,1883 1347,1855 768,1859 771,1890"/>
        <Baseline points="771,1890 1354,1883"/>
        <TextEquiv conf="0.97983301927646">
          <Unicode>c. 4. — „Maritis etiam“.</Unicode>
        </TextEquiv>
      </TextLine>
      <TextLine id="eSc_line_9fe998e1" custom="structure {type:default;}">
        <Coords points="724,1936 724,1972 2686,1972 2688,1941 2684,1894 724,1899 724,1936"/>
        <Baseline points="724,1936 2688,1941"/>
        <TextEquiv conf="0.9995372019162992">
          <Unicode>14049 (9111) Episcopo Parisiensi, et abbati S. Remigii, ac decano Meldensi mandat,</Unicode>
        </TextEquiv>
      </TextLine>
      <TextLine id="eSc_line_a1818d58" custom="structure {type:default;}">
        <Coords points="775,1998 775,2022 1345,2033 1347,2033 1349,2033 1383,2022 1458,2031 1460,2031 1805,2020 1813,2020 1820,2020 2012,2031 2014,2031 2017,2031 2052,2020 2408,2029 2410,2029 2412,2029 2414,2029 2430,2018 2478,2018 2529,2018 2547,2029 2549,2029 2551,2029 2554,2031 2657,2031 2657,2029 2660,2029 2688,2016 2688,1991 2682,1963 773,1967 775,1998"/>
        <Baseline points="775,1998 2688,1991"/>
        <TextEquiv conf="0.9958078218744947">
          <Unicode>ut ecclesiam de Alde iubeant R. restitui. Comp. II. L. 2. t. 7. c. 2. — „Con-</Unicode>
        </TextEquiv>
      </TextLine>
      <TextLine id="eSc_line_87868ee0" custom="structure {type:default;}">
        <Coords points="773,2053 773,2071 934,2082 936,2082 938,2082 965,2071 974,2080 974,2082 976,2082 978,2082 980,2082 983,2082 1011,2069 1016,2069 1025,2069 1098,2080 1100,2080 1190,2067 1193,2049 1188,2020 771,2020 773,2053"/>
        <Baseline points="773,2053 1193,2049"/>
        <TextEquiv conf="0.9996171825461917">
          <Unicode>questus et nobis“.</Unicode>
        </TextEquiv>
      </TextLine>
      <TextLine id="eSc_line_83fdbc73" custom="structure {type:default;}">
        <Coords points="722,2108 722,2137 2684,2137 2686,2104 2682,2069 720,2069 722,2108"/>
        <Baseline points="722,2108 2686,2104"/>
        <TextEquiv conf="0.9901654146066526">
          <Unicode>14050 (9112) Episcopo Parisiensi, et abbati S. Remigii, ac decano Meldensi mandat,</Unicode>
        </TextEquiv>
      </TextLine>
      <TextLine id="eSc_line_162ec48d" custom="structure {type:default;}">
        <Coords points="775,2164 775,2192 2686,2192 2688,2159 2684,2124 797,2122 795,2122 793,2122 773,2131 775,2164"/>
        <Baseline points="775,2164 2688,2159"/>
        <TextEquiv conf="0.9976651440432043">
          <Unicode>ut inter fratres Arremarenses corumque abbatem iudicium faciant, quem „monasterii</Unicode>
        </TextEquiv>
      </TextLine>
      <TextLine id="eSc_line_32220067" custom="structure {type:default;}">
        <Coords points="777,2212 775,2234 2684,2245 2688,2219 2686,2188 777,2173 777,2212"/>
        <Baseline points="777,2212 2688,2219"/>
        <TextEquiv conf="0.9958843287215176">
          <Unicode>bona dilapidasse et inutilem esse et sortilegum“ illi accusaverint. App. conc. Lat.</Unicode>
        </TextEquiv>
      </TextLine>
      <TextLine id="eSc_line_fbbb31fe" custom="structure {type:default;}">
        <Coords points="777,2274 777,2296 2686,2307 2688,2274 2688,2239 777,2237 777,2274"/>
        <Baseline points="777,2274 2688,2274"/>
        <TextEquiv conf="0.9916804509285169">
          <Unicode>XXII. 3, Coll. Lips. XXXIX. 3, Coll. Cass. XLV. 4, Coll. Bamb. XXXVI. 3, Comp.</Unicode>
        </TextEquiv>
      </TextLine>
      <TextLine id="eSc_line_28eee952" custom="structure {type:default;}">
        <Coords points="775,2329 775,2351 1829,2343 1831,2323 1824,2292 773,2296 775,2329"/>
        <Baseline points="775,2329 1831,2323"/>
        <TextEquiv conf="0.9903054727448357">
          <Unicode>I. L. 2. t. 9. c. 3. — „Fratres Aremarenses“.</Unicode>
        </TextEquiv>
      </TextLine>
      <TextLine id="eSc_line_a525a180" custom="structure {type:default;}">
        <Coords points="724,2382 724,2409 2686,2398 2688,2369 2682,2338 722,2340 724,2382"/>
        <Baseline points="724,2382 2688,2369"/>
        <TextEquiv conf="0.9944413873586762">
          <Unicode>14051 (9113) Simoni, archidiacono Parisiensi, interdicit, ne „pro intronixatione abbatis“</Unicode>
        </TextEquiv>
      </TextLine>
      <TextLine id="eSc_line_0bb8ac41" custom="structure {type:default;}">
        <Coords points="777,2438 777,2460 2682,2464 2686,2433 2680,2402 775,2402 777,2438"/>
        <Baseline points="777,2438 2686,2433"/>
        <TextEquiv conf="0.9928148200240317">
          <Unicode>a fratribus ecclesiae S. Victoris pecuniam exigat. Duchesne H. Fr. SS. IV. 569,</Unicode>
        </TextEquiv>
      </TextLine>
      <TextLine id="eSc_line_d5c83b13" custom="structure {type:default;}">
        <Coords points="777,2491 777,2517 2688,2517 2688,2491 2688,2460 777,2453 777,2491"/>
        <Baseline points="777,2491 2688,2491"/>
        <TextEquiv conf="0.9945418795472697">
          <Unicode>Martene Coll. VI. 248, Bouquet Rec. XV. 913, Mansi XXI. 973. — „Cum si vir“.</Unicode>
        </TextEquiv>
      </TextLine>
      <TextLine id="eSc_line_d8802de1" custom="structure {type:default;}">
        <Coords points="724,2546 724,2572 2688,2568 2691,2541 2686,2513 722,2510 724,2546"/>
        <Baseline points="724,2546 2691,2541"/>
        <TextEquiv conf="0.9994749699109866">
          <Unicode>14052 (9114) Episcopo Parmensi (al. Parisiensi) de matrimonio quodam investigando</Unicode>
        </TextEquiv>
      </TextLine>
      <TextLine id="eSc_line_e27ab1ef" custom="structure {type:default;}">
        <Coords points="777,2601 777,2625 2688,2621 2691,2597 2684,2563 775,2570 777,2601"/>
        <Baseline points="777,2601 2691,2597"/>
        <TextEquiv conf="0.9912248438312894">
          <Unicode>respondet, licet absens sit maritus, qui propter homicidium et civitate egressus sit</Unicode>
        </TextEquiv>
      </TextLine>
      <TextLine id="eSc_line_c6fb7fad" custom="structure {type:default;}">
        <Coords points="777,2656 777,2683 2686,2683 2688,2652 2684,2623 1866,2612 1864,2612 1741,2623 1727,2625 775,2625 777,2656"/>
        <Baseline points="777,2656 2688,2652"/>
        <TextEquiv conf="0.9981787649981947">
          <Unicode>et literis episcopalibus quaesitus per quinquennium inveniri non potuerit. Comp. I.</Unicode>
        </TextEquiv>
      </TextLine>
      <TextLine id="eSc_line_45bfa224" custom="structure {type:default;}">
        <Coords points="777,2709 777,2736 2691,2736 2691,2709 2688,2674 777,2674 777,2709"/>
        <Baseline points="777,2709 2691,2709"/>
        <TextEquiv conf="0.995802989712468">
          <Unicode>L. 4. t. 19. c. 1, Decr. Greg. L. IV. t. 18. c. 1. — „Relatum nobis est“ „Relatum</Unicode>
        </TextEquiv>
      </TextLine>
      <TextLine id="eSc_line_7c1d10df" custom="structure {type:default;}">
        <Coords points="775,2764 775,2780 892,2793 894,2793 1027,2775 1029,2760 1022,2727 773,2729 775,2764"/>
        <Baseline points="775,2764 1029,2760"/>
        <TextEquiv conf="0.9675553711977872">
          <Unicode>est nobis“.</Unicode>
        </TextEquiv>
      </TextLine>
      <TextLine id="eSc_line_784b2420" custom="structure {type:default;}">
        <Coords points="726,2813 726,2846 2691,2844 2693,2817 2688,2773 726,2778 726,2813"/>
        <Baseline points="726,2813 2693,2817"/>
        <TextEquiv conf="0.999825561330432">
          <Unicode>14053 Monasterii S. Michaelis Passignanensis possessiones et iura confirmat, petente</Unicode>
        </TextEquiv>
      </TextLine>
      <TextLine id="eSc_line_79486a05" custom="structure {type:default;}">
        <Coords points="777,2875 777,2897 1292,2908 1294,2908 1813,2906 1816,2906 1844,2892 1849,2892 1908,2892 2324,2903 2326,2903 2328,2903 2377,2890 2377,2868 2370,2839 775,2839 777,2875"/>
        <Baseline points="777,2875 2377,2868"/>
        <TextEquiv conf="0.996502350515394">
          <Unicode>Hugone abbate. Pflugk-Harttung Iter p. 291. — „Officii nostri nos“.</Unicode>
        </TextEquiv>
      </TextLine>
      <TextLine id="eSc_line_34599b37" custom="structure {type:default;}">
        <Coords points="724,2928 724,2963 2688,2948 2691,2921 2684,2888 722,2895 724,2928"/>
        <Baseline points="724,2928 2691,2921"/>
        <TextEquiv conf="0.9956581312933086">
          <Unicode>14054 (9115) Episcopo Patavino respondet de matrimonio nobilis cuiusdam viri, ex-</Unicode>
        </TextEquiv>
      </TextLine>
      <TextLine id="eSc_line_f0eff9dd" custom="structure {type:default;}">
        <Coords points="777,2983 777,3012 2688,3018 2691,2983 2691,2950 777,2950 777,2983"/>
        <Baseline points="777,2983 2691,2983"/>
        <TextEquiv conf="0.9955414460926522">
          <Unicode>communicati pro nece quondam Vincentini episcopi. Comp. I. L. 2. t. 1. c. 9, Decr.</Unicode>
        </TextEquiv>
      </TextLine>
      <TextLine id="eSc_line_3c53c2dc" custom="structure {type:default;}">
        <Coords points="777,3036 777,3058 1816,3062 1818,3036 1818,3007 777,3007 777,3036"/>
        <Baseline points="777,3036 1818,3036"/>
        <TextEquiv conf="0.9825490130318536">
          <Unicode>Greg. L. II. t. 1. c. 7. — „Intelleximus ex“.</Unicode>
        </TextEquiv>
      </TextLine>
      <TextLine id="eSc_line_d720f7ca" custom="structure {type:default;}">
        <Coords points="729,3087 729,3118 2695,3118 2695,3087 2693,3045 729,3047 729,3087"/>
        <Baseline points="729,3087 2695,3087"/>
        <TextEquiv conf="0.9968093399490628">
          <Unicode>14055 (9116) Episcopo Patavino respondet de muliere, quae „a proprio viri sui fratre</Unicode>
        </TextEquiv>
      </TextLine>
      <TextLine id="eSc_line_e1745bd6" custom="structure {type:default;}">
        <Coords points="779,3146 779,3173 2686,3177 2691,3142 2684,3113 777,3115 779,3146"/>
        <Baseline points="779,3146 2691,3142"/>
        <TextEquiv conf="0.9840248649896577">
          <Unicode>se desponsari permiserit“. Comp. I. L. 4. t. 17. c. 2, Decr. Greg. L. IV. t. 16. c. 1.</Unicode>
        </TextEquiv>
      </TextLine>
      <TextLine id="eSc_line_d02b3b70" custom="structure {type:default;}">
        <Coords points="782,3199 782,3219 1075,3233 1078,3233 1080,3233 1082,3233 1095,3219 1131,3233 1133,3233 1135,3233 1243,3217 1243,3199 1241,3162 782,3164 782,3199"/>
        <Baseline points="782,3199 1243,3199"/>
        <TextEquiv conf="0.9980205579807884">
          <Unicode>— „Litterae, quas“.</Unicode>
        </TextEquiv>
      </TextLine>
      <TextLine id="eSc_line_ba9ea224" custom="structure {type:default;}">
        <Coords points="729,3255 729,3281 2691,3274 2693,3248 2688,3217 755,3210 753,3210 751,3210 726,3219 729,3255"/>
        <Baseline points="729,3255 2693,3248"/>
        <TextEquiv conf="0.9939851407394853">
          <Unicode>14056 Episcopum Patavinum iudicem constituit inter clericos plebis S. Floriani et cle-</Unicode>
        </TextEquiv>
      </TextLine>
      <TextLine id="eSc_line_48b5f788" custom="structure {type:default;}">
        <Coords points="779,3310 779,3334 2609,3330 2611,3305 2604,3277 777,3279 779,3310"/>
        <Baseline points="779,3310 2611,3305"/>
        <TextEquiv conf="0.9910216579189548">
          <Unicode>ricos S. Laurentii de Arcerata. Coll. Lips. XXXI. 17. — „Cum clerici plebis“.</Unicode>
        </TextEquiv>
      </TextLine>
      <TextLine id="eSc_line_2c36c399" custom="structure {type:default;}">
        <Coords points="731,3358 731,3389 2691,3389 2693,3363 2691,3332 731,3327 731,3358"/>
        <Baseline points="731,3358 2693,3363"/>
        <TextEquiv conf="0.9997654933305014">
          <Unicode>14057 Episcopo Patavino mandat, ut in causa inter filium Turisindi et M. eius uxorem</Unicode>
        </TextEquiv>
      </TextLine>
      <TextLine id="eSc_line_7bad05f2" custom="structure {type:default;}">
        <Coords points="784,3418 784,3445 2688,3447 2691,3411 2686,3385 782,3383 784,3418"/>
        <Baseline points="784,3418 2691,3411"/>
        <TextEquiv conf="0.9932966423886163">
          <Unicode>alios etiam testes ab altera parte praesentatos recipiat, si attestationes adhuc non</Unicode>
        </TextEquiv>
      </TextLine>
      <TextLine id="eSc_line_adcdc1b6" custom="structure {type:default;}">
        <Coords points="782,3475 782,3526 848,3526 892,3548 894,3548 897,3551 1018,3551 1018,3548 1020,3548 1022,3548 1022,3546 1036,3535 1098,3539 1100,3539 1102,3539 1129,3528 1133,3526 1135,3528 1157,3544 1159,3544 1162,3544 1164,3544 1166,3544 1168,3544 1188,3528 1190,3526 1199,3528 1232,3539 1235,3539 1237,3539 1239,3539 1241,3539 1257,3531 1265,3526 1330,3526 1336,3531 1360,3548 1363,3548 1365,3548 1367,3548 1369,3548 1414,3537 1442,3548 1444,3548 1447,3551 1447,3548 1449,3548 1475,3537 1491,3548 1493,3548 1495,3548 1497,3551 1628,3551 1628,3548 1630,3548 1674,3533 1696,3526 1782,3526 1813,3535 1860,3548 1862,3548 1864,3548 1922,3535 1964,3526 1986,3537 2008,3546 2010,3546 2012,3546 2014,3546 2017,3546 2028,3537 2037,3528 2056,3537 2070,3542 2072,3542 2074,3542 2200,3537 2200,3475 2200,3445 782,3445 782,3475"/>
        <Baseline points="782,3475 2200,3475"/>
        <TextEquiv conf="0.9521003975983588">
          <Unicode>sint publicatae. Colt. Lips. Xdsd4I. 1. — „Lanotuit nobis ox“.</Unicode>
        </TextEquiv>
      </TextLine>
    </TextRegion>
    <TextRegion id="eSc_textblock_3ea22565"  custom="structure {type:default;}">
      <Coords points="974,123 1869,123 1895,209 945,227 936,132 974,123"/>
      <TextLine id="eSc_line_dbdf7929" custom="structure {type:default;}">
        <Coords points="1862,136 1796,128 1794,128 1791,128 1765,139 1760,141 1756,139 1732,125 1729,125 1727,125 1725,125 1723,125 1703,139 1701,141 1687,139 1608,128 1606,128 1604,128 1555,141 1551,141 1542,141 1431,130 1429,130 1427,130 1425,130 1409,143 1405,145 1332,145 1330,143 1312,132 1310,132 1307,132 1305,132 1303,132 1281,141 1022,128 1020,128 1018,128 950,145 952,194 952,220 1288,229 1290,229 1292,229 1334,218 1341,218 1347,218 1409,229 1411,229 1414,229 1451,218 1460,216 1478,218 1555,227 1557,227 1559,227 1562,227 1575,216 1577,216 1590,216 1670,227 1672,227 1674,227 1710,216 1712,216 1716,216 1789,227 1791,227 1873,214 1875,189 1871,152 1862,136"/>
        <Baseline points="952,194 1875,189"/>
        <TextEquiv conf="0.9999727201461792">
          <Unicode>ALEXANDER III. 1159—1181.</Unicode>
        </TextEquiv>
      </TextLine>
    </TextRegion>
    <TextRegion id="eSc_textblock_7bf9b638"  custom="structure {type:default;}">
      <Coords points="2562,123 2724,132 2733,200 2653,236 2549,227 2531,159 2562,123"/>
      <TextLine id="eSc_line_a079cedb" custom="structure {type:default;}">
        <Coords points="2558,194 2558,225 2682,216 2682,189 2675,132 2554,141 2558,194"/>
        <Baseline points="2558,194 2682,189"/>
        <TextEquiv conf="1.0">
          <Unicode>391</Unicode>
        </TextEquiv>
      </TextLine>
    </TextRegion>
  </Page>
</PcGts>
