<?xml version="1.0" encoding="UTF-8"  standalone="yes"?>
<PcGts xmlns="http://schema.primaresearch.org/PAGE/gts/pagecontent/2019-07-15" xmlns:xsi="http://www.w3.org/2001/XMLSchema-instance" xsi:schemaLocation="http://schema.primaresearch.org/PAGE/gts/pagecontent/2019-07-15 http://schema.primaresearch.org/PAGE/gts/pagecontent/2019-07-15/pagecontent.xsd">
  <Metadata>
	<Creator>escriptorium</Creator>
	<Created>2024-07-19T10:14:35.340640+00:00</Created>
        <LastChange>2024-08-08T08:47:16.297034+00:00</LastChange>
  </Metadata>
  <Page imageFilename="0419.png" imageWidth="3007" imageHeight="3975">
    <TextRegion id="eSc_textblock_e0d03777"  custom="structure {type:default;}">
      <Coords points="329,132 439,141 448,192 309,227 282,167 329,132"/>
      <TextLine id="eSc_line_4897c629" custom="structure {type:default;}">
        <Coords points="300,150 304,192 304,223 368,227 371,227 373,227 426,209 426,185 419,141 302,145 300,150"/>
        <Baseline points="304,192 426,185"/>
        <TextEquiv conf="0.9999999602635702">
          <Unicode>406</Unicode>
        </TextEquiv>
      </TextLine>
    </TextRegion>
    <TextRegion id="eSc_textblock_8fe06490"  custom="structure {type:default;}">
      <Coords points="879,282 2874,291 2883,2912 2856,3504 1067,3522 866,3513 846,3486 583,3495 563,3442 536,3495 282,3478 282,318 309,291 556,326 592,300 846,318 879,282"/>
      <TextLine id="eSc_line_f1e5498f" custom="structure {type:default;}">
        <Coords points="1098,282 1095,282 1003,302 894,284 892,284 890,284 861,295 846,313 848,342 848,373 1170,371 1170,337 1168,302 1100,282 1098,282"/>
        <Baseline points="848,342 1170,337"/>
        <TextEquiv conf="0.9999999674883756">
          <Unicode>1171— 1181.</Unicode>
        </TextEquiv>
      </TextLine>
      <TextLine id="eSc_line_d6c26ac7" custom="structure {type:default;}">
        <Coords points="581,399 578,439 817,437 819,404 819,344 581,344 581,399"/>
        <Baseline points="581,399 819,404"/>
        <TextEquiv conf="0.9560958743095398">
          <Unicode>Tuscnulani</Unicode>
        </TextEquiv>
      </TextLine>
      <TextLine id="eSc_line_6471387a" custom="structure {type:default;}">
        <Coords points="320,404 320,430 545,428 545,399 541,342 428,313 426,313 424,313 315,342 320,404"/>
        <Baseline points="320,404 545,399"/>
        <TextEquiv conf="0.9765063694545201">
          <Unicode>lan. 9.</Unicode>
        </TextEquiv>
      </TextLine>
      <TextLine id="eSc_line_de38b278" custom="structure {type:default;}">
        <Coords points="881,404 881,432 2847,432 2847,404 2845,351 2746,362 2686,351 2682,351 2680,351 2671,351 2589,362 1950,355 1407,351 1405,351 1402,351 1400,351 1389,359 1383,364 1283,364 1270,359 1217,351 1215,351 1212,351 1177,362 1170,362 1148,362 1000,351 998,351 881,362 881,404"/>
        <Baseline points="881,404 2847,404"/>
        <TextEquiv conf="0.9963807215293249">
          <Unicode>14243 Bulla pro prioratu, ut videtur, Bohonensi. Inventaire des titres du prieuré de</Unicode>
        </TextEquiv>
      </TextLine>
      <TextLine id="eSc_line_931d1bed" custom="structure {type:default;}">
        <Coords points="934,454 932,479 1009,492 1011,492 1871,483 1906,494 1908,494 1911,494 2845,483 2847,459 2845,426 934,421 934,454"/>
        <Baseline points="934,454 2847,459"/>
        <TextEquiv conf="0.9879156416509209">
          <Unicode>Bohon fol. 108 in Arch. dép. d&#x27;Indre et Loire in Tours. (Indicavit Delisle. Exstat</Unicode>
        </TextEquiv>
      </TextLine>
      <TextLine id="eSc_line_3709a603" custom="structure {type:default;}">
        <Coords points="930,516 930,536 1411,541 1416,510 1411,479 945,472 943,472 941,472 938,472 927,479 930,516"/>
        <Baseline points="930,516 1416,510"/>
        <TextEquiv conf="0.9999651367014105">
          <Unicode>inter schedas Jafféi).</Unicode>
        </TextEquiv>
      </TextLine>
      <TextLine id="eSc_line_9b6e293c" custom="structure {type:default;}">
        <Coords points="881,569 881,594 2841,598 2845,565 2841,532 879,525 881,569"/>
        <Baseline points="881,569 2845,565"/>
        <TextEquiv conf="0.992764033195449">
          <Unicode>14244 Fratribus Corbeiensibus (dioc. Ambian.) concedit, ne quis homines eorum, „de</Unicode>
        </TextEquiv>
      </TextLine>
      <TextLine id="eSc_line_fd5426c0" custom="structure {type:default;}">
        <Coords points="357,574 357,618 463,618 463,616 466,616 468,616 481,605 534,613 536,567 530,512 355,525 357,574"/>
        <Baseline points="357,574 536,567"/>
        <TextEquiv conf="0.9970524668693542">
          <Unicode>„ 10.</Unicode>
        </TextEquiv>
      </TextLine>
      <TextLine id="eSc_line_b7867d8d" custom="structure {type:default;}">
        <Coords points="667,585 667,611 751,609 751,580 744,549 665,549 667,585"/>
        <Baseline points="667,585 751,580"/>
        <TextEquiv conf="1.0">
          <Unicode>„</Unicode>
        </TextEquiv>
      </TextLine>
      <TextLine id="eSc_line_1eb902f2" custom="structure {type:default;}">
        <Coords points="932,622 930,644 2839,653 2843,627 2841,594 932,589 932,622"/>
        <Baseline points="932,622 2843,627"/>
        <TextEquiv conf="0.9952784545281355">
          <Unicode>quibus ipsi iura episcopalia percipiant“, excommunicet aut, si excommunicati fuerint,</Unicode>
        </TextEquiv>
      </TextLine>
      <TextLine id="eSc_line_c49548c6" custom="structure {type:default;}">
        <Coords points="927,675 925,700 2836,708 2841,682 2839,649 927,642 927,675"/>
        <Baseline points="927,675 2841,682"/>
        <TextEquiv conf="0.9973202174486115">
          <Unicode>absolvat, cet. In bibl. nat. Paris. Cartul. de Corbie ms. lat. 17758. s. XIII. f. 227,</Unicode>
        </TextEquiv>
      </TextLine>
      <TextLine id="eSc_line_ad8ee19f" custom="structure {type:default;}">
        <Coords points="927,733 927,757 2554,757 2554,733 2554,702 927,697 927,733"/>
        <Baseline points="927,733 2554,733"/>
        <TextEquiv conf="0.9997554332462709">
          <Unicode>ms. lat. 17759. s. XIII.—XIV. f. 38b. — „Licet omnium ecclesiarum“.</Unicode>
        </TextEquiv>
      </TextLine>
      <TextLine id="eSc_line_ebadba0d" custom="structure {type:default;}">
        <Coords points="881,783 879,808 2841,810 2845,790 2843,757 881,746 881,783"/>
        <Baseline points="881,783 2845,790"/>
        <TextEquiv conf="0.9940764368250129">
          <Unicode>14245 Monasterii Corbeiensis (d. Ambian.) decimas quasdam confirmat. In bibl. nat. Paris.</Unicode>
        </TextEquiv>
      </TextLine>
      <TextLine id="eSc_line_4ba9ef7a" custom="structure {type:default;}">
        <Coords points="360,790 362,823 419,801 461,808 510,817 512,817 514,817 517,817 539,797 539,783 536,744 472,726 470,726 468,726 466,726 419,750 415,753 357,753 360,790"/>
        <Baseline points="360,790 539,783"/>
        <TextEquiv conf="0.9999937534332275">
          <Unicode>„ 16.</Unicode>
        </TextEquiv>
      </TextLine>
      <TextLine id="eSc_line_dec29ef5" custom="structure {type:default;}">
        <Coords points="669,799 669,821 682,830 684,830 687,830 689,830 748,819 748,799 748,764 709,755 707,755 704,755 669,768 669,799"/>
        <Baseline points="669,799 748,799"/>
        <TextEquiv conf="1.0">
          <Unicode>„</Unicode>
        </TextEquiv>
      </TextLine>
      <TextLine id="eSc_line_b269f8db" custom="structure {type:default;}">
        <Coords points="925,841 925,865 2843,865 2843,841 2843,810 925,806 925,841"/>
        <Baseline points="925,841 2843,841"/>
        <TextEquiv conf="0.9892858178778128">
          <Unicode>Cartul. de Corbie ms. lat. 17759. s. XIII. —XIV. f. 36. — „Iustis petentium desideriis“.</Unicode>
        </TextEquiv>
      </TextLine>
      <TextLine id="eSc_line_64ba174b" custom="structure {type:default;}">
        <Coords points="881,898 881,920 2841,914 2843,892 2839,863 1535,854 1533,854 1473,865 1467,867 879,867 881,898"/>
        <Baseline points="881,898 2843,892"/>
        <TextEquiv conf="0.9983452253225373">
          <Unicode>14246 Canonicos S. Antonini Placentinos rogat, ut controversiam cum Ard(uinoy. Ro-</Unicode>
        </TextEquiv>
      </TextLine>
      <TextLine id="eSc_line_2e355e48" custom="structure {type:default;}">
        <Coords points="355,901 355,934 444,923 463,927 503,934 505,934 508,934 539,918 539,896 528,852 517,861 479,854 444,850 441,850 439,850 437,850 437,852 435,852 430,859 426,865 353,865 355,901"/>
        <Baseline points="355,901 539,896"/>
        <TextEquiv conf="0.9999999046325684">
          <Unicode>„ 18.</Unicode>
        </TextEquiv>
      </TextLine>
      <TextLine id="eSc_line_0981a146" custom="structure {type:default;}">
        <Coords points="665,912 665,931 748,927 748,907 744,859 660,856 665,912"/>
        <Baseline points="665,912 748,907"/>
        <TextEquiv conf="1.0">
          <Unicode>„</Unicode>
        </TextEquiv>
      </TextLine>
      <TextLine id="eSc_line_67503c66" custom="structure {type:default;}">
        <Coords points="927,949 925,969 2839,976 2843,954 2841,923 927,918 927,949"/>
        <Baseline points="927,949 2843,954"/>
        <TextEquiv conf="0.9977434745317773">
          <Unicode>manae ecclesiae subdiacono, praebendam in eorum ecclesia postulanti, componant.</Unicode>
        </TextEquiv>
      </TextLine>
      <TextLine id="eSc_line_b91e53ef" custom="structure {type:default;}">
        <Coords points="930,1007 930,1033 2843,1029 2845,1002 2841,973 927,971 930,1007"/>
        <Baseline points="930,1007 2845,1002"/>
        <TextEquiv conf="0.9999200217425823">
          <Unicode>Pflugk-Harttung Acta III. 282, (Wiener Sitzungsber. XCIV. 670). — „Literis devo-</Unicode>
        </TextEquiv>
      </TextLine>
      <TextLine id="eSc_line_018d4722" custom="structure {type:default;}">
        <Coords points="927,1060 927,1079 941,1090 943,1090 945,1090 947,1093 1047,1093 1047,1090 1049,1090 1051,1090 1069,1077 1100,1090 1102,1090 1104,1093 1208,1093 1208,1090 1283,1075 1283,1060 1283,1031 927,1031 927,1060"/>
        <Baseline points="927,1060 1283,1060"/>
        <TextEquiv conf="0.9934530071914196">
          <Unicode>tionis vestrae“.</Unicode>
        </TextEquiv>
      </TextLine>
      <TextLine id="eSc_line_dc93fef4" custom="structure {type:default;}">
        <Coords points="360,1117 360,1146 539,1146 539,1113 534,1073 357,1073 360,1117"/>
        <Baseline points="360,1117 539,1113"/>
        <TextEquiv conf="0.9999971866607666">
          <Unicode>„ 21.</Unicode>
        </TextEquiv>
      </TextLine>
      <TextLine id="eSc_line_0485efe6" custom="structure {type:default;}">
        <Coords points="883,1117 883,1141 2843,1139 2845,1110 2839,1068 881,1077 883,1117"/>
        <Baseline points="883,1117 2845,1110"/>
        <TextEquiv conf="0.9937807798385621">
          <Unicode>14247 (9287) Duci Venetiarum Henricum, patriarcham Gradensem, maxima necessitate</Unicode>
        </TextEquiv>
      </TextLine>
      <TextLine id="eSc_line_b74ce519" custom="structure {type:default;}">
        <Coords points="660,1126 656,1205 742,1216 748,1130 748,1084 660,1084 660,1126"/>
        <Baseline points="660,1126 748,1130"/>
        <TextEquiv conf="1.0">
          <Unicode>„</Unicode>
        </TextEquiv>
      </TextLine>
      <TextLine id="eSc_line_2100c328" custom="structure {type:default;}">
        <Coords points="930,1172 930,1201 2847,1194 2847,1172 2847,1141 930,1141 930,1172"/>
        <Baseline points="930,1172 2847,1172"/>
        <TextEquiv conf="0.9968248672783375">
          <Unicode>pressum, commendat, suadetque, ut sedem patriarchatus Venetias transferri sinat.</Unicode>
        </TextEquiv>
      </TextLine>
      <TextLine id="eSc_line_233c5463" custom="structure {type:default;}">
        <Coords points="930,1223 930,1249 2651,1249 2653,1223 2651,1194 930,1194 930,1223"/>
        <Baseline points="930,1223 2653,1223"/>
        <TextEquiv conf="0.994789140325197">
          <Unicode>Cornelii Eccl. Ven. III. 75, Migne 200 p. 1284. — „Non sine contemptu“.</Unicode>
        </TextEquiv>
      </TextLine>
      <TextLine id="eSc_line_0e8c5dd4" custom="structure {type:default;}">
        <Coords points="883,1278 881,1300 2841,1302 2845,1283 2843,1249 883,1243 883,1278"/>
        <Baseline points="883,1278 2845,1283"/>
        <TextEquiv conf="0.9987966956862484">
          <Unicode>14248 Fratribus S. Germani de Pratis Parisiensis petentibus, sepulturam locorum, in</Unicode>
        </TextEquiv>
      </TextLine>
      <TextLine id="eSc_line_be175f08" custom="structure {type:default;}">
        <Coords points="357,1283 360,1325 408,1307 536,1313 541,1278 536,1219 470,1205 468,1205 466,1205 463,1205 463,1207 444,1225 426,1241 395,1241 384,1230 380,1225 380,1223 377,1223 375,1223 373,1223 371,1223 355,1227 357,1283"/>
        <Baseline points="357,1283 541,1278"/>
        <TextEquiv conf="0.9999615550041199">
          <Unicode>„ 25.</Unicode>
        </TextEquiv>
      </TextLine>
      <TextLine id="eSc_line_ac3e7895" custom="structure {type:default;}">
        <Coords points="660,1296 660,1331 748,1338 751,1294 744,1243 658,1249 660,1296"/>
        <Baseline points="660,1296 751,1294"/>
        <TextEquiv conf="1.0">
          <Unicode>„</Unicode>
        </TextEquiv>
      </TextLine>
      <TextLine id="eSc_line_25644129" custom="structure {type:default;}">
        <Coords points="932,1338 932,1362 2843,1362 2845,1333 2839,1298 930,1307 932,1338"/>
        <Baseline points="932,1338 2845,1333"/>
        <TextEquiv conf="0.9954923170584219">
          <Unicode>quibus quatuor aut tres eorum assidue commorentur, liberam esse decernit. Autogr.</Unicode>
        </TextEquiv>
      </TextLine>
      <TextLine id="eSc_line_5de8164c" custom="structure {type:default;}">
        <Coords points="927,1393 927,1415 1734,1408 1736,1386 1732,1358 941,1351 938,1351 936,1351 934,1351 925,1355 927,1393"/>
        <Baseline points="927,1393 1736,1386"/>
        <TextEquiv conf="0.9965579731123788">
          <Unicode>in tabul. nat. Paris. L. 231 n. 37.</Unicode>
        </TextEquiv>
      </TextLine>
      <TextLine id="eSc_line_ab80f340" custom="structure {type:default;}">
        <Coords points="355,1446 355,1472 536,1479 539,1442 534,1402 463,1393 461,1393 459,1393 457,1393 437,1408 426,1417 353,1417 355,1446"/>
        <Baseline points="355,1446 539,1442"/>
        <TextEquiv conf="0.9999981880187988">
          <Unicode>„ 24.</Unicode>
        </TextEquiv>
      </TextLine>
      <TextLine id="eSc_line_eb4ee0ee" custom="structure {type:default;}">
        <Coords points="879,1448 879,1470 2845,1464 2847,1442 2841,1400 877,1402 879,1448"/>
        <Baseline points="879,1448 2847,1442"/>
        <TextEquiv conf="0.9981631173807032">
          <Unicode>14249 Priori et praeceptori domus hospitalis S. Egidii interdicit, ne homines ab epi-</Unicode>
        </TextEquiv>
      </TextLine>
      <TextLine id="eSc_line_06dd4c2c" custom="structure {type:default;}">
        <Coords points="667,1455 665,1481 740,1488 744,1459 744,1408 667,1406 667,1455"/>
        <Baseline points="667,1455 744,1459"/>
        <TextEquiv conf="1.0">
          <Unicode>„</Unicode>
        </TextEquiv>
      </TextLine>
      <TextLine id="eSc_line_77b9e44c" custom="structure {type:default;}">
        <Coords points="930,1501 930,1525 2841,1530 2845,1497 2839,1468 927,1468 930,1501"/>
        <Baseline points="930,1501 2845,1497"/>
        <TextEquiv conf="0.9939464577814427">
          <Unicode>scopo Biterrensi excommunicatos, ad divina officia vel ad sepulturam recipiant. In</Unicode>
        </TextEquiv>
      </TextLine>
      <TextLine id="eSc_line_9e9ca651" custom="structure {type:default;}">
        <Coords points="930,1552 927,1572 943,1583 945,1583 947,1583 950,1583 2666,1574 2668,1556 2666,1519 930,1519 930,1552"/>
        <Baseline points="930,1552 2668,1556"/>
        <TextEquiv conf="0.9993185265154778">
          <Unicode>bibl. nat. Paris. Coll. Doat. p. 61. f. 98. — „Venerabilis frater Biterrensis“.</Unicode>
        </TextEquiv>
      </TextLine>
      <TextLine id="eSc_line_07ae55b3" custom="structure {type:default;}">
        <Coords points="355,1612 355,1647 397,1651 399,1651 402,1651 404,1651 404,1649 406,1647 421,1631 534,1645 536,1605 530,1548 457,1554 455,1554 452,1554 452,1556 448,1559 437,1572 415,1565 391,1559 388,1559 386,1559 384,1559 353,1572 355,1612"/>
        <Baseline points="355,1612 536,1605"/>
        <TextEquiv conf="0.9945937156677246">
          <Unicode>„ 24.</Unicode>
        </TextEquiv>
      </TextLine>
      <TextLine id="eSc_line_616f52ba" custom="structure {type:default;}">
        <Coords points="881,1614 881,1651 989,1634 1148,1649 1151,1649 1153,1649 1155,1649 1157,1649 1175,1636 1323,1634 1683,1645 1703,1645 1705,1645 1710,1645 1747,1636 1769,1645 1776,1647 1778,1647 1780,1647 1805,1645 1875,1634 1955,1643 1961,1643 1964,1643 1966,1643 1997,1629 2054,1643 2072,1645 2074,1645 2211,1640 2465,1631 2505,1638 2523,1640 2525,1640 2558,1638 2649,1627 2686,1636 2710,1643 2713,1643 2715,1643 2845,1634 2847,1605 2841,1574 879,1576 881,1614"/>
        <Baseline points="881,1614 2847,1605"/>
        <TextEquiv conf="0.9943764277479865">
          <Unicode>14250 Canonicis S. Mariae Blesensibus permittit, ut „praebendas, quas laici in ecclesiis</Unicode>
        </TextEquiv>
      </TextLine>
      <TextLine id="eSc_line_c4158687" custom="structure {type:default;}">
        <Coords points="667,1623 667,1647 740,1649 742,1620 735,1561 665,1570 667,1623"/>
        <Baseline points="667,1623 742,1620"/>
        <TextEquiv conf="1.0">
          <Unicode>„</Unicode>
        </TextEquiv>
      </TextLine>
      <TextLine id="eSc_line_e178ba59" custom="structure {type:default;}">
        <Coords points="927,1667 927,1693 2843,1693 2845,1662 2839,1634 925,1634 927,1667"/>
        <Baseline points="927,1667 2845,1662"/>
        <TextEquiv conf="0.9982451842976855">
          <Unicode>eorum iure heriditario detineant, decimas etiam, quas infra metas parochiarum</Unicode>
        </TextEquiv>
      </TextLine>
      <TextLine id="eSc_line_1f5ff7dc" custom="structure {type:default;}">
        <Coords points="927,1720 927,1751 2839,1751 2841,1715 2834,1687 925,1689 927,1720"/>
        <Baseline points="927,1720 2841,1715"/>
        <TextEquiv conf="0.9951843757962071">
          <Unicode>occupent et possessiones ecclesiasticas ab eis titulo pignoris sub ea forma recipiant,</Unicode>
        </TextEquiv>
      </TextLine>
      <TextLine id="eSc_line_b10ef40c" custom="structure {type:default;}">
        <Coords points="932,1775 932,1797 2847,1793 2847,1771 2841,1742 930,1744 932,1775"/>
        <Baseline points="932,1775 2847,1771"/>
        <TextEquiv conf="0.9993438074387699">
          <Unicode>ut fructus inde percepti in sortem nullatenus computentur“. Chartul. de Burgo-medio</Unicode>
        </TextEquiv>
      </TextLine>
      <TextLine id="eSc_line_010248ba" custom="structure {type:default;}">
        <Coords points="932,1830 932,1855 2845,1855 2845,1830 2845,1802 932,1795 932,1830"/>
        <Baseline points="932,1830 2845,1830"/>
        <TextEquiv conf="0.9820616480744915">
          <Unicode>Bles. Coll. Housseau 12. I. f. 72b in bibl. nat. Paris. (Auvray Notice sur le ms.</Unicode>
        </TextEquiv>
      </TextLine>
      <TextLine id="eSc_line_dc7d78c0" custom="structure {type:default;}">
        <Coords points="927,1888 927,1908 2839,1903 2841,1883 2836,1852 1972,1841 1970,1841 1886,1852 1877,1855 925,1855 927,1888"/>
        <Baseline points="927,1888 2841,1883"/>
        <TextEquiv conf="0.9975793063640594">
          <Unicode>Ottobon. 2966 p. 18 in Mélanges d&#x27;arch. et d&#x27;hist. VI.) — „Cum iustas multorum“.</Unicode>
        </TextEquiv>
      </TextLine>
      <TextLine id="eSc_line_ba5aa792" custom="structure {type:default;}">
        <Coords points="357,1941 357,1972 536,1972 536,1936 530,1863 355,1877 357,1941"/>
        <Baseline points="357,1941 536,1936"/>
        <TextEquiv conf="0.9020130395889282">
          <Unicode>„ 25.</Unicode>
        </TextEquiv>
      </TextLine>
      <TextLine id="eSc_line_a34c6fbb" custom="structure {type:default;}">
        <Coords points="881,1941 881,1974 2843,1974 2843,1941 2843,1910 881,1910 881,1941"/>
        <Baseline points="881,1941 2843,1941"/>
        <TextEquiv conf="0.9920196791729295">
          <Unicode>14251 Fratres Gornaienses a solvendis decumis eximit. Autogr. in tabul. nat. Paris.</Unicode>
        </TextEquiv>
      </TextLine>
      <TextLine id="eSc_line_f73ccb2b" custom="structure {type:default;}">
        <Coords points="669,1954 671,2020 742,2027 742,1949 737,1888 665,1883 669,1954"/>
        <Baseline points="669,1954 742,1949"/>
        <TextEquiv conf="1.0">
          <Unicode>„</Unicode>
        </TextEquiv>
      </TextLine>
      <TextLine id="eSc_line_c82133db" custom="structure {type:default;}">
        <Coords points="930,1996 930,2016 1707,2022 1710,2022 1712,2022 1758,2009 1758,1991 1754,1961 941,1954 938,1954 936,1954 934,1954 934,1956 927,1961 930,1996"/>
        <Baseline points="930,1996 1758,1991"/>
        <TextEquiv conf="0.99062237309085">
          <Unicode>L. 230. n. 12. — „Officio pietatis“.</Unicode>
        </TextEquiv>
      </TextLine>
      <TextLine id="eSc_line_0234ad43" custom="structure {type:default;}">
        <Coords points="360,2049 362,2082 404,2064 539,2082 541,2044 536,2014 450,2000 448,2000 446,2000 417,2016 415,2018 357,2018 360,2049"/>
        <Baseline points="360,2049 541,2044"/>
        <TextEquiv conf="0.9999884366989136">
          <Unicode>„ 25.</Unicode>
        </TextEquiv>
      </TextLine>
      <TextLine id="eSc_line_8686c160" custom="structure {type:default;}">
        <Coords points="883,2051 883,2075 2843,2073 2845,2044 2839,2007 881,2007 883,2051"/>
        <Baseline points="883,2051 2845,2044"/>
        <TextEquiv conf="0.9947300721617306">
          <Unicode>14252 Monasterii S. Aegidii possessiones, sine fratrum assensu, alicui religioso loco</Unicode>
        </TextEquiv>
      </TextLine>
      <TextLine id="eSc_line_1e379376" custom="structure {type:default;}">
        <Coords points="665,2064 665,2142 751,2131 751,2062 746,2020 711,2011 709,2011 707,2011 662,2022 665,2064"/>
        <Baseline points="665,2064 751,2062"/>
        <TextEquiv conf="1.0">
          <Unicode>„</Unicode>
        </TextEquiv>
      </TextLine>
      <TextLine id="eSc_line_7655e93e" custom="structure {type:default;}">
        <Coords points="934,2104 934,2128 2839,2126 2841,2100 2834,2069 932,2073 934,2104"/>
        <Baseline points="934,2104 2841,2100"/>
        <TextEquiv conf="0.9933450818061829">
          <Unicode>conferri vel praedia et redditus monasterii quoquam modo alienari vetat. Goiffon</Unicode>
        </TextEquiv>
      </TextLine>
      <TextLine id="eSc_line_dd042668" custom="structure {type:default;}">
        <Coords points="932,2159 932,2181 2313,2181 2315,2159 2311,2128 932,2128 932,2159"/>
        <Baseline points="932,2159 2315,2159"/>
        <TextEquiv conf="0.9997784084287183">
          <Unicode>Bull. de St.-Gilles p. 82. — „Quanto monasterium vestrum“.</Unicode>
        </TextEquiv>
      </TextLine>
      <TextLine id="eSc_line_b45f2479" custom="structure {type:default;}">
        <Coords points="357,2217 357,2252 364,2259 364,2261 366,2261 368,2261 371,2261 373,2261 428,2245 514,2259 517,2259 519,2259 521,2259 521,2256 536,2239 536,2210 530,2139 355,2175 357,2217"/>
        <Baseline points="357,2217 536,2210"/>
        <TextEquiv conf="0.9991226315498352">
          <Unicode>„ 29.</Unicode>
        </TextEquiv>
      </TextLine>
      <TextLine id="eSc_line_992b82b2" custom="structure {type:default;}">
        <Coords points="883,2217 883,2239 2841,2232 2843,2210 2839,2179 881,2175 883,2217"/>
        <Baseline points="883,2217 2843,2210"/>
        <TextEquiv conf="0.9972953901571386">
          <Unicode>14253 Fratribus hospitalis Munsteriensis decimas et cappellas quasdam, a Petro archi-</Unicode>
        </TextEquiv>
      </TextLine>
      <TextLine id="eSc_line_93015e03" custom="structure {type:default;}">
        <Coords points="662,2226 660,2248 709,2267 711,2267 713,2267 715,2267 757,2250 760,2230 760,2195 662,2188 662,2226"/>
        <Baseline points="662,2226 760,2230"/>
        <TextEquiv conf="1.0">
          <Unicode>„</Unicode>
        </TextEquiv>
      </TextLine>
      <TextLine id="eSc_line_f10fbc8c" custom="structure {type:default;}">
        <Coords points="934,2270 934,2298 2841,2296 2843,2261 2836,2230 932,2237 934,2270"/>
        <Baseline points="934,2270 2843,2261"/>
        <TextEquiv conf="0.9904895284596611">
          <Unicode>episcopo Tarantasiensi donatas, asserit. Besson Mém. p. s. a. I&#x27;hist. eccl. de Genève</Unicode>
        </TextEquiv>
      </TextLine>
      <TextLine id="eSc_line_c9138717" custom="structure {type:default;}">
        <Coords points="932,2327 932,2347 1389,2356 1391,2356 1588,2343 1610,2343 1612,2343 1623,2354 1626,2354 1628,2354 1630,2356 1796,2356 1796,2354 1855,2340 1858,2323 1853,2290 1016,2285 1014,2285 930,2296 932,2327"/>
        <Baseline points="932,2327 1858,2323"/>
        <TextEquiv conf="0.9857545733451843">
          <Unicode>p. 372. — „Iustis petentium desideriis“.</Unicode>
        </TextEquiv>
      </TextLine>
      <TextLine id="eSc_line_0827d087" custom="structure {type:default;}">
        <Coords points="362,2378 362,2413 541,2402 541,2371 534,2332 360,2336 362,2378"/>
        <Baseline points="362,2378 541,2371"/>
        <TextEquiv conf="0.9999998569488525">
          <Unicode>„ 30.</Unicode>
        </TextEquiv>
      </TextLine>
      <TextLine id="eSc_line_1a860944" custom="structure {type:default;}">
        <Coords points="883,2380 883,2404 2839,2400 2841,2376 2834,2343 881,2343 883,2380"/>
        <Baseline points="883,2380 2841,2376"/>
        <TextEquiv conf="0.9998972226933736">
          <Unicode>14254 (9288) Gilberto, episcopo Londinensi, mandat, cogat Albericum comitem, ut A.</Unicode>
        </TextEquiv>
      </TextLine>
      <TextLine id="eSc_line_67997556" custom="structure {type:default;}">
        <Coords points="665,2389 658,2528 751,2535 760,2393 760,2347 665,2343 665,2389"/>
        <Baseline points="665,2389 760,2393"/>
        <TextEquiv conf="1.0">
          <Unicode>„</Unicode>
        </TextEquiv>
      </TextLine>
      <TextLine id="eSc_line_3ef56168" custom="structure {type:default;}">
        <Coords points="934,2433 934,2460 2839,2451 2841,2424 2834,2398 932,2402 934,2433"/>
        <Baseline points="934,2433 2841,2424"/>
        <TextEquiv conf="0.9999801602708288">
          <Unicode>uxorem suam „debita cum veneratione suscipiat, et ei participationem in mensa, com-</Unicode>
        </TextEquiv>
      </TextLine>
      <TextLine id="eSc_line_4c03057b" custom="structure {type:default;}">
        <Coords points="934,2491 934,2515 1847,2521 1849,2521 1882,2517 1966,2508 1981,2519 1984,2519 1986,2519 1988,2521 2403,2521 2403,2519 2408,2519 2465,2508 2518,2519 2520,2519 2523,2519 2525,2519 2554,2508 2642,2519 2644,2519 2646,2519 2649,2519 2682,2508 2699,2519 2702,2519 2704,2519 2706,2521 2839,2521 2841,2486 2834,2455 932,2457 934,2491"/>
        <Baseline points="934,2491 2841,2486"/>
        <TextEquiv conf="0.9968535529404152">
          <Unicode>munionem in thoro non differat exhibere“. Gilberti Foliot epist. ed. Giles II. 90,</Unicode>
        </TextEquiv>
      </TextLine>
      <TextLine id="eSc_line_91a91ddb" custom="structure {type:default;}">
        <Coords points="936,2541 936,2566 1942,2559 1944,2535 1937,2499 934,2510 936,2541"/>
        <Baseline points="936,2541 1944,2535"/>
        <TextEquiv conf="0.9820038452744484">
          <Unicode>Migne 200 p. 1285. — „Nobilis mulier A.“</Unicode>
        </TextEquiv>
      </TextLine>
      <TextLine id="eSc_line_0e131647" custom="structure {type:default;}">
        <Coords points="324,2594 324,2627 415,2638 417,2638 543,2623 543,2590 534,2521 501,2530 490,2519 486,2517 486,2515 483,2515 481,2515 479,2515 477,2515 463,2519 410,2535 322,2515 324,2594"/>
        <Baseline points="324,2594 543,2590"/>
        <TextEquiv conf="0.9966687485575676">
          <Unicode>Febr. 1.</Unicode>
        </TextEquiv>
      </TextLine>
      <TextLine id="eSc_line_497ead6d" custom="structure {type:default;}">
        <Coords points="883,2601 883,2623 2841,2614 2843,2592 2836,2559 881,2559 883,2601"/>
        <Baseline points="883,2601 2843,2592"/>
        <TextEquiv conf="0.9912141054526142">
          <Unicode>14255 Canonicorum ecclesiae S. Stephani Trecensis, ministerio altaris S. Mauritii depu-</Unicode>
        </TextEquiv>
      </TextLine>
      <TextLine id="eSc_line_4726cef3" custom="structure {type:default;}">
        <Coords points="662,2614 662,2643 700,2654 702,2654 704,2654 771,2638 771,2610 768,2572 722,2552 720,2552 718,2552 715,2552 660,2572 662,2614"/>
        <Baseline points="662,2614 771,2610"/>
        <TextEquiv conf="0.9999924898147583">
          <Unicode>„</Unicode>
        </TextEquiv>
      </TextLine>
      <TextLine id="eSc_line_575ef465" custom="structure {type:default;}">
        <Coords points="934,2656 934,2680 2841,2680 2843,2650 2839,2619 992,2614 989,2614 932,2625 934,2656"/>
        <Baseline points="934,2656 2843,2650"/>
        <TextEquiv conf="0.9971108547476835">
          <Unicode>tatorum, bona quaedam confirmat. In bibl. nat. Paris. Cartul. de St.-Etienne, ms. lat.</Unicode>
        </TextEquiv>
      </TextLine>
      <TextLine id="eSc_line_e791e249" custom="structure {type:default;}">
        <Coords points="934,2709 934,2731 2377,2725 2379,2705 2375,2674 932,2674 934,2709"/>
        <Baseline points="934,2709 2379,2705"/>
        <TextEquiv conf="0.998842949828794">
          <Unicode>17098. s. XIII. —XIV. f. 103. — „Iustis petentium desideriis“.</Unicode>
        </TextEquiv>
      </TextLine>
      <TextLine id="eSc_line_bcf89e04" custom="structure {type:default;}">
        <Coords points="883,2762 883,2789 2841,2784 2843,2758 2839,2727 881,2727 883,2762"/>
        <Baseline points="883,2762 2843,2758"/>
        <TextEquiv conf="0.9999568365514279">
          <Unicode>14256 *Leprosorum Senonensium tutelam suscipit, decimarumque immunitatem confir-</Unicode>
        </TextEquiv>
      </TextLine>
      <TextLine id="eSc_line_99809d49" custom="structure {type:default;}">
        <Coords points="362,2767 362,2804 539,2789 539,2760 534,2720 360,2720 362,2767"/>
        <Baseline points="362,2767 539,2760"/>
        <TextEquiv conf="0.9999985992908478">
          <Unicode>„ 5.</Unicode>
        </TextEquiv>
      </TextLine>
      <TextLine id="eSc_line_96be9c2e" custom="structure {type:default;}">
        <Coords points="669,2782 669,2802 753,2802 753,2778 746,2720 665,2720 669,2782"/>
        <Baseline points="669,2782 753,2778"/>
        <TextEquiv conf="1.0">
          <Unicode>„</Unicode>
        </TextEquiv>
      </TextLine>
      <TextLine id="eSc_line_8251afd5" custom="structure {type:default;}">
        <Coords points="934,2820 934,2837 1981,2848 1984,2820 1984,2789 934,2789 934,2820"/>
        <Baseline points="934,2820 1984,2820"/>
        <TextEquiv conf="0.999949318031932">
          <Unicode>mat. Quantin Cart. gén. de I&#x27;Vonne II. 161.</Unicode>
        </TextEquiv>
      </TextLine>
      <TextLine id="eSc_line_0005d129" custom="structure {type:default;}">
        <Coords points="355,2877 355,2897 541,2897 541,2873 536,2826 472,2815 470,2815 468,2815 441,2828 437,2828 435,2828 404,2817 402,2817 399,2817 397,2817 353,2828 355,2877"/>
        <Baseline points="355,2877 541,2873"/>
        <TextEquiv conf="0.9997075796127319">
          <Unicode>„ 7.</Unicode>
        </TextEquiv>
      </TextLine>
      <TextLine id="eSc_line_de33a732" custom="structure {type:default;}">
        <Coords points="883,2877 883,2901 2841,2899 2843,2866 2836,2826 881,2831 883,2877"/>
        <Baseline points="883,2877 2843,2866"/>
        <TextEquiv conf="0.9952958926211956">
          <Unicode>14257 (9289) Roberto clerico, personae ecclesiae de Chedelewirthe, capellam de Vueleia</Unicode>
        </TextEquiv>
      </TextLine>
      <TextLine id="eSc_line_999e3ad4" custom="structure {type:default;}">
        <Coords points="662,2886 660,2910 755,2903 757,2890 751,2811 740,2820 731,2815 715,2806 713,2806 711,2806 709,2806 665,2822 662,2886"/>
        <Baseline points="662,2886 757,2890"/>
        <TextEquiv conf="0.9999922513961792">
          <Unicode>„</Unicode>
        </TextEquiv>
      </TextLine>
      <TextLine id="eSc_line_f06fc5e7" custom="structure {type:default;}">
        <Coords points="932,2928 932,2950 2408,2950 2408,2928 2408,2897 932,2897 932,2928"/>
        <Baseline points="932,2928 2408,2928"/>
        <TextEquiv conf="0.9977435157412574">
          <Unicode>asserit. Rymer Foederea I. 43. — „Iustis petentium desideriis“.</Unicode>
        </TextEquiv>
      </TextLine>
      <TextLine id="eSc_line_0771a9ea" custom="structure {type:default;}">
        <Coords points="883,2985 883,3012 2843,2996 2843,2972 2836,2937 881,2952 883,2985"/>
        <Baseline points="883,2985 2843,2972"/>
        <TextEquiv conf="0.9953305359397616">
          <Unicode>14258 (9290) Oder(isio) Valvensi, et Aprutino, Marsicano, Pennensi, Furconiensi epi-</Unicode>
        </TextEquiv>
      </TextLine>
      <TextLine id="eSc_line_38eeeecb" custom="structure {type:default;}">
        <Coords points="353,2987 353,3014 505,3018 508,3018 510,3018 539,3003 539,2981 534,2941 351,2939 353,2987"/>
        <Baseline points="353,2987 539,2981"/>
        <TextEquiv conf="0.9998171180486679">
          <Unicode>„ 7.</Unicode>
        </TextEquiv>
      </TextLine>
      <TextLine id="eSc_line_11901101" custom="structure {type:default;}">
        <Coords points="662,2996 660,3007 693,3025 695,3025 698,3025 755,3012 757,3003 760,2961 665,2934 662,2996"/>
        <Baseline points="662,2996 757,3003"/>
        <TextEquiv conf="1.0">
          <Unicode>„</Unicode>
        </TextEquiv>
      </TextLine>
      <TextLine id="eSc_line_13f9d636" custom="structure {type:default;}">
        <Coords points="934,3036 934,3062 2836,3056 2839,3029 2832,2996 932,3005 934,3036"/>
        <Baseline points="934,3036 2839,3029"/>
        <TextEquiv conf="0.9999854426558424">
          <Unicode>scopis, capitulo Teatino, abbati S. Vincentii mandat, cogant Gentilem de Raino, ut</Unicode>
        </TextEquiv>
      </TextLine>
      <TextLine id="eSc_line_cf17fa11" custom="structure {type:default;}">
        <Coords points="936,3091 936,3118 2834,3120 2839,3087 2832,3058 934,3060 936,3091"/>
        <Baseline points="936,3091 2839,3087"/>
        <TextEquiv conf="0.996327406167984">
          <Unicode>monasterio Piscariensi debitum censum solvat. Chron. Casaur. ap. Muratori R. It.</Unicode>
        </TextEquiv>
      </TextLine>
      <TextLine id="eSc_line_fb3ed787" custom="structure {type:default;}">
        <Coords points="934,3149 934,3171 2240,3164 2242,3142 2238,3109 941,3107 938,3107 936,3107 934,3107 934,3109 932,3109 934,3149"/>
        <Baseline points="934,3149 2242,3142"/>
        <TextEquiv conf="0.997326100314105">
          <Unicode>SS. II. II. 911, Migne 200 p. 1286. — „Ex transmissa“.</Unicode>
        </TextEquiv>
      </TextLine>
      <TextLine id="eSc_line_dcd857ce" custom="structure {type:default;}">
        <Coords points="883,3202 883,3228 2839,3217 2841,3188 2834,3153 881,3164 883,3202"/>
        <Baseline points="883,3202 2841,3188"/>
        <TextEquiv conf="0.9916588919503349">
          <Unicode>14259 (9291) Aprutino et Pennensi episcopis dat negotium, ut ab ecclesiis monasterii</Unicode>
        </TextEquiv>
      </TextLine>
      <TextLine id="eSc_line_02783cf9" custom="structure {type:default;}">
        <Coords points="360,3213 362,3261 437,3230 472,3244 477,3244 479,3244 481,3244 541,3230 543,3206 536,3151 357,3155 360,3213"/>
        <Baseline points="360,3213 543,3206"/>
        <TextEquiv conf="0.9994908720254898">
          <Unicode>„ 7.</Unicode>
        </TextEquiv>
      </TextLine>
      <TextLine id="eSc_line_9e63c391" custom="structure {type:default;}">
        <Coords points="665,3215 662,3235 762,3233 764,3219 762,3160 665,3164 665,3215"/>
        <Baseline points="665,3215 764,3219"/>
        <TextEquiv conf="0.9999574422836304">
          <Unicode>„</Unicode>
        </TextEquiv>
      </TextLine>
      <TextLine id="eSc_line_cb2cef87" custom="structure {type:default;}">
        <Coords points="936,3255 936,3281 2836,3281 2839,3255 2836,3226 936,3221 936,3255"/>
        <Baseline points="936,3255 2839,3255"/>
        <TextEquiv conf="0.9932005589916593">
          <Unicode>Piscariensis defendant iniurias. Chron. Casaur. ap. Muratori R. It. SS. II. II. 911,</Unicode>
        </TextEquiv>
      </TextLine>
      <TextLine id="eSc_line_9170be0c" custom="structure {type:default;}">
        <Coords points="934,3308 934,3330 996,3343 998,3343 1082,3332 1109,3343 1111,3343 1113,3343 1188,3332 1204,3343 1206,3343 1208,3343 1210,3343 1263,3332 1316,3343 1319,3343 1416,3332 1486,3332 1497,3341 1497,3343 1500,3343 1502,3343 1504,3343 1944,3330 1944,3308 1944,3279 934,3270 934,3308"/>
        <Baseline points="934,3308 1944,3308"/>
        <TextEquiv conf="0.9801547626654307">
          <Unicode>Migne 200 p. 1287. — „Significavit nobis“.</Unicode>
        </TextEquiv>
      </TextLine>
      <TextLine id="eSc_line_67c74a32" custom="structure {type:default;}">
        <Coords points="883,3365 883,3398 2839,3387 2841,3354 2836,3325 2520,3314 2518,3314 2419,3325 2412,3325 2397,3325 2169,3316 2167,3316 2068,3327 2052,3330 881,3330 883,3365"/>
        <Baseline points="883,3365 2841,3354"/>
        <TextEquiv conf="0.9989753701220984">
          <Unicode>14260 Ecclesiae Claromontensis possessiones et iura quaedam confirmat, petente P(ontio)</Unicode>
        </TextEquiv>
      </TextLine>
      <TextLine id="eSc_line_6b038617" custom="structure {type:default;}">
        <Coords points="355,3374 355,3489 362,3493 364,3493 366,3493 368,3493 371,3493 373,3493 382,3484 406,3467 435,3467 543,3491 545,3369 539,3299 463,3303 461,3303 459,3303 459,3305 430,3323 353,3314 355,3374"/>
        <Baseline points="355,3374 545,3369"/>
        <TextEquiv conf="0.8678120175997416">
          <Unicode>„b.</Unicode>
        </TextEquiv>
      </TextLine>
      <TextLine id="eSc_line_96e80625" custom="structure {type:default;}">
        <Coords points="649,3383 649,3478 724,3464 760,3482 764,3383 764,3319 649,3319 649,3383"/>
        <Baseline points="649,3383 764,3383"/>
        <TextEquiv conf="1.0">
          <Unicode>„</Unicode>
        </TextEquiv>
      </TextLine>
      <TextLine id="eSc_line_d57dbc5f" custom="structure {type:default;}">
        <Coords points="934,3418 934,3447 974,3467 976,3467 978,3467 980,3467 1049,3449 1557,3458 1559,3458 1657,3449 1703,3447 1725,3451 1791,3462 1794,3462 1858,3451 1882,3447 1891,3451 1913,3462 1915,3462 1917,3462 1919,3462 1942,3451 1948,3449 2140,3449 2156,3451 2196,3462 2198,3462 2200,3462 2202,3462 2227,3451 2235,3449 2246,3451 2280,3462 2282,3462 2284,3462 2839,3453 2839,3411 2832,3378 932,3387 934,3418"/>
        <Baseline points="934,3418 2839,3411"/>
        <TextEquiv conf="0.9911620091824305">
          <Unicode>episcopo. Mém. de L&#x27;acad. de Glermont-Ferrand XIX. 311, Mon. pont. Arverniae p. 319.</Unicode>
        </TextEquiv>
      </TextLine>
      <TextLine id="eSc_line_ba64bcdf" custom="structure {type:default;}">
        <Coords points="936,3471 934,3517 1042,3544 1045,3544 1047,3544 1089,3526 1100,3537 1100,3539 1102,3539 1104,3539 1106,3539 1109,3539 1135,3528 1170,3544 1173,3544 1175,3544 1177,3544 1179,3544 1210,3522 1215,3522 1265,3522 1272,3524 1310,3544 1312,3544 1314,3544 1316,3544 1352,3526 1380,3546 1383,3546 1385,3546 1387,3546 1628,3528 1630,3475 1628,3445 936,3440 936,3471"/>
        <Baseline points="936,3471 1630,3475"/>
        <TextEquiv conf="0.9848117152849833">
          <Unicode>— „Licet universis fratribus“.</Unicode>
        </TextEquiv>
      </TextLine>
    </TextRegion>
    <TextRegion id="eSc_textblock_4bcba6f3"  custom="structure {type:default;}">
      <Coords points="1265,123 2052,132 2061,218 1093,209 1102,132 1265,123"/>
      <TextLine id="eSc_line_94de6514" custom="structure {type:default;}">
        <Coords points="1115,192 1113,220 2032,218 2034,196 2032,147 1889,132 1886,132 1884,132 1858,145 1849,145 1687,134 1685,134 1621,145 1612,145 1606,145 1553,130 1551,130 1548,130 1546,130 1511,141 1497,130 1495,130 1493,130 1360,130 1358,130 1356,130 1327,141 1316,130 1314,130 1312,130 1310,130 1204,141 1155,130 1153,130 1151,130 1148,130 1115,141 1115,192"/>
        <Baseline points="1115,192 2034,196"/>
        <TextEquiv conf="0.9999854993820191">
          <Unicode>ALEXANDER III. 1159—1181.</Unicode>
        </TextEquiv>
      </TextLine>
    </TextRegion>
  </Page>
</PcGts>
