<?xml version="1.0" encoding="UTF-8"  standalone="yes"?>
<PcGts xmlns="http://schema.primaresearch.org/PAGE/gts/pagecontent/2019-07-15" xmlns:xsi="http://www.w3.org/2001/XMLSchema-instance" xsi:schemaLocation="http://schema.primaresearch.org/PAGE/gts/pagecontent/2019-07-15 http://schema.primaresearch.org/PAGE/gts/pagecontent/2019-07-15/pagecontent.xsd">
  <Metadata>
	<Creator>escriptorium</Creator>
	<Created>2024-07-19T10:14:38.819829+00:00</Created>
        <LastChange>2024-08-08T08:47:26.231712+00:00</LastChange>
  </Metadata>
  <Page imageFilename="0426.png" imageWidth="3007" imageHeight="3975">
    <TextRegion id="eSc_textblock_ef1c64c7"  custom="structure {type:default;}">
      <Coords points="402,309 2715,309 2706,3513 768,3539 642,3495 415,3504 395,2912 360,3504 150,3495 123,3327 123,1590 97,1525 123,1428 123,636 132,583 194,563 150,483 176,318 368,318 397,624 402,309"/>
      <TextLine id="eSc_line_b3ae6338" custom="structure {type:default;}">
        <Coords points="885,309 863,309 850,309 824,320 733,309 731,309 709,309 704,309 665,322 667,368 667,397 994,388 994,364 989,320 901,309 885,309"/>
        <Baseline points="667,368 994,364"/>
        <TextEquiv conf="0.987626314163208">
          <Unicode>1179—1181.</Unicode>
        </TextEquiv>
      </TextLine>
      <TextLine id="eSc_line_e6da08c6" custom="structure {type:default;}">
        <Coords points="751,430 751,454 2668,452 2671,424 2664,375 2350,382 2266,377 2156,371 2154,371 1981,379 1886,384 1877,379 1862,373 1860,373 1858,373 1763,382 1729,384 1723,382 1712,373 1710,373 1707,373 1705,373 1652,382 1641,384 1630,382 1588,373 1586,373 1509,384 1500,384 1497,384 1473,373 1471,373 1469,373 1232,386 1206,386 1204,386 1175,375 1173,375 1170,375 1117,386 1115,386 1064,375 1062,375 1060,375 1058,375 1038,386 1038,388 866,388 830,375 828,375 826,375 748,388 751,430"/>
        <Baseline points="751,430 2671,424"/>
        <TextEquiv conf="0.9883391425317648">
          <Unicode>I. 2. t. 20. c. 43, Decr. Greg. I. I. t. 14. c. 4, L. II. t. 1. c. 5, I. II. t. 28. c. 27, L. III.</Unicode>
        </TextEquiv>
      </TextLine>
      <TextLine id="eSc_line_f6d71a66" custom="structure {type:default;}">
        <Coords points="751,483 751,510 2666,499 2668,477 2662,443 748,443 751,483"/>
        <Baseline points="751,483 2668,477"/>
        <TextEquiv conf="0.9995038109489635">
          <Unicode>t. 38. c. 22. — „Eam te decet“ „Ad haec praesentibus“ „Ceterum quia quandoque“.</Unicode>
        </TextEquiv>
      </TextLine>
      <TextLine id="eSc_line_44496a2b" custom="structure {type:default;}">
        <Coords points="698,536 698,563 2668,563 2671,527 2664,499 695,503 698,536"/>
        <Baseline points="698,536 2671,527"/>
        <TextEquiv conf="0.9998191736993336">
          <Unicode>14350 (8937. 8940) (Rogero) archiepiscopo Eboracensi respondet de appellationibus et</Unicode>
        </TextEquiv>
      </TextLine>
      <TextLine id="eSc_line_26f9a721" custom="structure {type:default;}">
        <Coords points="751,589 751,616 2668,611 2671,585 2664,552 748,558 751,589"/>
        <Baseline points="751,589 2671,585"/>
        <TextEquiv conf="0.9979085217161876">
          <Unicode>de concessionibus praebendarum. Statuit praeterea haec: „si sententiam a nobis la-</Unicode>
        </TextEquiv>
      </TextLine>
      <TextLine id="eSc_line_ee921065" custom="structure {type:default;}">
        <Coords points="751,644 751,671 2668,664 2671,638 2664,602 748,613 751,644"/>
        <Baseline points="751,644 2671,638"/>
        <TextEquiv conf="0.9953340791165829">
          <Unicode>tam praeceperimus per aliquem executioni mandari, et fraus intervenerit, non est</Unicode>
        </TextEquiv>
      </TextLine>
      <TextLine id="eSc_line_db6c2d1d" custom="structure {type:default;}">
        <Coords points="751,702 751,726 2671,717 2673,693 2668,664 748,664 751,702"/>
        <Baseline points="751,702 2673,693"/>
        <TextEquiv conf="0.9971873483487538">
          <Unicode>facultas executori de negotio toto cognoscere, sed referri quaestiones ad sedem apo-</Unicode>
        </TextEquiv>
      </TextLine>
      <TextLine id="eSc_line_534f6b71" custom="structure {type:default;}">
        <Coords points="751,757 751,779 2666,781 2671,753 2666,717 810,711 808,711 748,722 751,757"/>
        <Baseline points="751,757 2671,753"/>
        <TextEquiv conf="0.9928600003447714">
          <Unicode>stolicam oportebit“. App. conc. Lat. XLVII. 7, XLIX. 12. 13, Coll. Lips. XLVII.</Unicode>
        </TextEquiv>
      </TextLine>
      <TextLine id="eSc_line_fabc4a2f" custom="structure {type:default;}">
        <Coords points="751,810 751,839 2668,834 2671,803 2664,772 748,777 751,810"/>
        <Baseline points="751,810 2671,803"/>
        <TextEquiv conf="0.9909035939545858">
          <Unicode>38. 39. 40. 41, Coll. Cass. LI. 35. 36. 37, Coll. Bamb. XLII. 34. 37, Comp. I. L. 2.</Unicode>
        </TextEquiv>
      </TextLine>
      <TextLine id="eSc_line_d262c431" custom="structure {type:default;}">
        <Coords points="751,865 751,892 2668,885 2671,859 2666,830 2034,819 2032,819 2030,819 2028,819 2014,830 2012,832 748,832 751,865"/>
        <Baseline points="751,865 2671,859"/>
        <TextEquiv conf="0.9892210031664649">
          <Unicode>t. 20. c. 38. 39. 40, L. 2. t. 19. c. 7, Decr. Greg. L. II. t. 27. c. 5, L. II. t. 28.</Unicode>
        </TextEquiv>
      </TextLine>
      <TextLine id="eSc_line_f138c765" custom="structure {type:default;}">
        <Coords points="751,918 751,951 2668,942 2671,912 2664,874 748,878 751,918"/>
        <Baseline points="751,918 2671,912"/>
        <TextEquiv conf="0.9967560672465666">
          <Unicode>c. 24, L. III. t. 8. c. 3. — „Proposuit nobis“ „Relatum est auribus“ „In eminenti</Unicode>
        </TextEquiv>
      </TextLine>
      <TextLine id="eSc_line_22984f27" custom="structure {type:default;}">
        <Coords points="751,973 751,993 1069,1004 1071,1004 1073,1004 1104,993 1115,1002 1115,1004 1117,1004 1120,1004 1122,1007 1197,1007 1197,1004 1254,993 1299,1004 1301,1004 1303,1004 1385,991 1394,991 1398,991 1431,1002 1433,1002 1436,1004 1663,1004 1663,1002 1665,1002 1668,1002 1681,991 1683,991 1842,1002 1844,1002 1847,1002 1895,989 1895,969 1891,940 748,936 751,973"/>
        <Baseline points="751,973 1895,969"/>
        <TextEquiv conf="0.9999826513230801">
          <Unicode>specula“ „Cum aliqua causa“ „De cetero noveris“.</Unicode>
        </TextEquiv>
      </TextLine>
      <TextLine id="eSc_line_005443ea" custom="structure {type:default;}">
        <Coords points="702,1031 702,1055 2671,1046 2673,1022 2668,987 700,987 702,1031"/>
        <Baseline points="702,1031 2673,1022"/>
        <TextEquiv conf="0.995514058641025">
          <Unicode>14351 Archiepiscopo Gradensi eiusque suffraganeis mandat, prohibeant sub anathematis</Unicode>
        </TextEquiv>
      </TextLine>
      <TextLine id="eSc_line_2737320a" custom="structure {type:default;}">
        <Coords points="753,1082 753,1113 2673,1104 2675,1077 2668,1048 751,1048 753,1082"/>
        <Baseline points="753,1082 2675,1077"/>
        <TextEquiv conf="0.999984378233934">
          <Unicode>interminatione, ne quis parochianorum ulterius ligneamenta ad faciendas galeas</Unicode>
        </TextEquiv>
      </TextLine>
      <TextLine id="eSc_line_23b5379d" custom="structure {type:default;}">
        <Coords points="751,1137 751,1170 2673,1163 2675,1132 2671,1099 748,1099 751,1137"/>
        <Baseline points="751,1137 2675,1132"/>
        <TextEquiv conf="0.9942989726609821">
          <Unicode>Saracenis deferat, vel naves aut operas ad portandum locet, aut pecuniam credat</Unicode>
        </TextEquiv>
      </TextLine>
      <TextLine id="eSc_line_c52254a1" custom="structure {type:default;}">
        <Coords points="751,1192 751,1214 1732,1223 1734,1223 1736,1223 1785,1210 1785,1188 1780,1159 748,1159 751,1192"/>
        <Baseline points="751,1192 1785,1188"/>
        <TextEquiv conf="0.9788632478032794">
          <Unicode>cet. Coll. Lips. LV. 6. — „Grave gerimus“.</Unicode>
        </TextEquiv>
      </TextLine>
      <TextLine id="eSc_line_c5e3eed5" custom="structure {type:default;}">
        <Coords points="704,1249 704,1278 2675,1272 2677,1241 2671,1203 702,1214 704,1249"/>
        <Baseline points="704,1249 2677,1241"/>
        <TextEquiv conf="0.9945229130026735">
          <Unicode>14352 Aurium, ducem Venetiae, hortatur, ne subditos suos ligneamenta aliasque res</Unicode>
        </TextEquiv>
      </TextLine>
      <TextLine id="eSc_line_9af9bd1f" custom="structure {type:default;}">
        <Coords points="751,1305 751,1331 2671,1331 2673,1298 2666,1263 748,1267 751,1305"/>
        <Baseline points="751,1305 2673,1298"/>
        <TextEquiv conf="0.9993359586338938">
          <Unicode>Saracenis vendere vel locare patiatur. Mirari se, quod dux auctoritate litterarum</Unicode>
        </TextEquiv>
      </TextLine>
      <TextLine id="eSc_line_0082303f" custom="structure {type:default;}">
        <Coords points="753,1358 753,1386 2593,1384 2596,1353 2591,1325 751,1322 753,1358"/>
        <Baseline points="753,1358 2596,1353"/>
        <TextEquiv conf="0.998928469496888">
          <Unicode>apostolicarum hoc permisisse dicatur. Coll. Lips. LV. 7. — „Et pro te sumus“.</Unicode>
        </TextEquiv>
      </TextLine>
      <TextLine id="eSc_line_c8176b91" custom="structure {type:default;}">
        <Coords points="671,1464 671,1495 1005,1490 1007,1459 1000,1419 976,1419 967,1415 914,1382 912,1382 910,1382 908,1382 905,1382 903,1382 874,1404 852,1422 826,1422 762,1413 737,1391 731,1384 729,1384 726,1384 669,1384 671,1464"/>
        <Baseline points="671,1464 1007,1459"/>
        <TextEquiv conf="0.9905600726604462">
          <Unicode>1180 1181.</Unicode>
        </TextEquiv>
      </TextLine>
      <TextLine id="eSc_line_012e939b" custom="structure {type:default;}">
        <Coords points="148,1525 148,1550 231,1567 234,1567 236,1567 249,1561 273,1548 377,1572 380,1521 375,1433 145,1433 148,1525"/>
        <Baseline points="148,1525 380,1521"/>
        <TextEquiv conf="0.9338149768965585">
          <Unicode>Ma. 25.</Unicode>
        </TextEquiv>
      </TextLine>
      <TextLine id="eSc_line_ab81ca1e" custom="structure {type:default;}">
        <Coords points="404,1523 404,1554 638,1559 640,1519 636,1435 402,1428 404,1523"/>
        <Baseline points="404,1523 640,1519"/>
        <TextEquiv conf="0.9349362783961825">
          <Unicode>rarentani</Unicode>
        </TextEquiv>
      </TextLine>
      <TextLine id="eSc_line_0806bc1a" custom="structure {type:default;}">
        <Coords points="702,1523 702,1550 2677,1543 2680,1517 2675,1484 2061,1472 2059,1472 2056,1472 2014,1484 843,1477 841,1477 700,1488 702,1523"/>
        <Baseline points="702,1523 2680,1517"/>
        <TextEquiv conf="0.9991668553913341">
          <Unicode>14353 M(iloni) episcopo Taurinensi et O(berto) archidiacono Mediolanensi mandat, com-</Unicode>
        </TextEquiv>
      </TextLine>
      <TextLine id="eSc_line_8a98d733" custom="structure {type:default;}">
        <Coords points="753,1576 753,1607 2675,1598 2677,1570 2671,1541 751,1545 753,1576"/>
        <Baseline points="753,1576 2677,1570"/>
        <TextEquiv conf="0.998470805309437">
          <Unicode>ponant litem inter T(edaldum) episcopum Placentinum et P(etrum) Romanae ecclesiae</Unicode>
        </TextEquiv>
      </TextLine>
      <TextLine id="eSc_line_692d9462" custom="structure {type:default;}">
        <Coords points="753,1634 753,1662 2675,1656 2677,1625 2673,1596 751,1596 753,1634"/>
        <Baseline points="753,1634 2677,1625"/>
        <TextEquiv conf="0.9945033767644097">
          <Unicode>subdiaconum, S. Antonini praepositum, de ecclesia Brunetensi litigantes. Pflugk-Hart-</Unicode>
        </TextEquiv>
      </TextLine>
      <TextLine id="eSc_line_e7c82441" custom="structure {type:default;}">
        <Coords points="753,1684 753,1720 2673,1709 2675,1678 2668,1640 751,1654 753,1684"/>
        <Baseline points="753,1684 2675,1678"/>
        <TextEquiv conf="0.9961221714814504">
          <Unicode>tung Acta III. 280, (Wiener Sitzungsber. XCIV. 670). — „Cum inter I(ohannem?)“</Unicode>
        </TextEquiv>
      </TextLine>
      <TextLine id="eSc_line_ddde2884" custom="structure {type:default;}">
        <Coords points="755,1744 755,1775 1241,1760 1243,1740 1237,1707 753,1711 755,1744"/>
        <Baseline points="755,1744 1243,1740"/>
        <TextEquiv conf="0.9939669102430344">
          <Unicode>„Cum inter fratrem“.</Unicode>
        </TextEquiv>
      </TextLine>
      <TextLine id="eSc_line_97a9b8ec" custom="structure {type:default;}">
        <Coords points="152,1799 152,1835 364,1828 364,1795 357,1755 150,1757 152,1799"/>
        <Baseline points="152,1799 364,1795"/>
        <TextEquiv conf="0.9999775364995003">
          <Unicode>Aug. 30.</Unicode>
        </TextEquiv>
      </TextLine>
      <TextLine id="eSc_line_049cb41f" custom="structure {type:default;}">
        <Coords points="707,1797 707,1821 2680,1813 2680,1790 2673,1760 704,1760 707,1797"/>
        <Baseline points="707,1797 2680,1790"/>
        <TextEquiv conf="0.9930879088436685">
          <Unicode>14354 Monasterio Agaunensi asserit ecelesiam S. Mauritii de Aigle, a Guarino, epi-</Unicode>
        </TextEquiv>
      </TextLine>
      <TextLine id="eSc_line_186c68b1" custom="structure {type:default;}">
        <Coords points="755,1852 755,1879 2675,1874 2677,1846 2671,1813 753,1817 755,1852"/>
        <Baseline points="755,1852 2677,1846"/>
        <TextEquiv conf="0.9996752907248104">
          <Unicode>scopo Sedunensi donatam, a Ludovico, eius successore, ereptam, sed a Stephano, archi-</Unicode>
        </TextEquiv>
      </TextLine>
      <TextLine id="eSc_line_c7b154d3" custom="structure {type:default;}">
        <Coords points="753,1905 753,1947 826,1936 2668,1936 2673,1901 2666,1872 751,1874 753,1905"/>
        <Baseline points="753,1905 2673,1901"/>
        <TextEquiv conf="0.9981447947876794">
          <Unicode>episcopo Viennensi, apost. sed. legato, restitutam. Schweizer. Urkundenreg. II. 307.</Unicode>
        </TextEquiv>
      </TextLine>
      <TextLine id="eSc_line_6daa6530" custom="structure {type:default;}">
        <Coords points="676,2009 676,2036 954,2047 956,2047 958,2047 985,2036 989,2033 994,2036 1007,2044 1009,2044 1011,2044 1014,2044 1069,2036 1087,2033 1243,2033 1246,2036 1254,2042 1254,2044 1257,2044 1259,2044 1261,2044 1330,2033 1354,2031 1363,2033 1385,2042 1387,2042 1389,2044 1469,2044 1469,2042 1471,2042 1473,2042 1473,2040 1480,2033 1484,2031 1502,2033 1557,2042 1559,2042 1619,2033 1652,2029 1692,2033 1758,2040 1760,2040 1908,2031 1911,2000 1908,1961 1882,1947 1880,1947 1877,1947 1875,1947 1873,1947 1873,1949 1860,1961 1847,1972 1807,1958 1802,1958 1800,1958 1798,1958 1785,1958 1696,1972 1621,1958 1555,1945 1553,1945 1551,1945 1548,1945 1535,1956 1513,1976 1467,1976 1431,1956 1414,1947 1411,1947 1365,1945 1363,1945 1360,1945 1358,1945 1345,1954 1321,1974 1288,1956 1285,1956 1283,1956 1281,1956 1228,1978 1045,1978 1022,1958 1022,1956 1020,1956 1018,1956 1016,1956 1014,1956 950,1976 932,1961 932,1958 930,1958 927,1958 925,1958 923,1958 921,1958 921,1961 905,1974 859,1954 857,1954 855,1954 852,1954 850,1954 821,1976 788,1949 786,1949 784,1949 673,1949 676,2009"/>
        <Baseline points="676,2009 1911,2000"/>
        <TextEquiv conf="0.9820084723559293">
          <Unicode>1181. (Ind. 14. pont. a. 22, 1180. — 25. Mart. — 1181.)</Unicode>
        </TextEquiv>
      </TextLine>
      <TextLine id="eSc_line_388a20ea" custom="structure {type:default;}">
        <Coords points="154,2073 154,2104 366,2108 368,2069 366,2038 329,2027 326,2027 324,2027 296,2031 249,2040 152,2020 154,2073"/>
        <Baseline points="154,2073 368,2069"/>
        <TextEquiv conf="0.99998939037323">
          <Unicode>lan. 3.</Unicode>
        </TextEquiv>
      </TextLine>
      <TextLine id="eSc_line_5db6b6f3" custom="structure {type:default;}">
        <Coords points="408,2071 408,2113 645,2106 645,2071 645,1989 408,1989 408,2071"/>
        <Baseline points="408,2071 645,2071"/>
        <TextEquiv conf="0.9754552377594842">
          <Unicode>Tusentani</Unicode>
        </TextEquiv>
      </TextLine>
      <TextLine id="eSc_line_414f8fa3" custom="structure {type:default;}">
        <Coords points="704,2073 704,2100 2668,2091 2671,2062 2664,2031 702,2031 704,2073"/>
        <Baseline points="704,2073 2671,2062"/>
        <TextEquiv conf="0.9932537473827959">
          <Unicode>14355 L(anfranco) episcopo Papiensi mandat, iudicet inter abbatem monachosque Fruc-</Unicode>
        </TextEquiv>
      </TextLine>
      <TextLine id="eSc_line_d95e844c" custom="structure {type:default;}">
        <Coords points="755,2126 755,2153 2673,2144 2675,2117 2668,2089 753,2095 755,2126"/>
        <Baseline points="755,2126 2675,2117"/>
        <TextEquiv conf="0.9980360651284121">
          <Unicode>tuarienses et moniales de Rocca. Hist. Patr. Mon. Chart. II. 1080. — „Causam quae inter“.</Unicode>
        </TextEquiv>
      </TextLine>
      <TextLine id="eSc_line_82e73756" custom="structure {type:default;}">
        <Coords points="187,2188 187,2217 216,2219 218,2219 220,2219 223,2219 227,2214 254,2197 302,2210 320,2214 322,2214 324,2214 362,2206 362,2181 355,2146 185,2148 187,2188"/>
        <Baseline points="187,2188 362,2181"/>
        <TextEquiv conf="0.9999171793460846">
          <Unicode>„ 4.</Unicode>
        </TextEquiv>
      </TextLine>
      <TextLine id="eSc_line_e460aff6" custom="structure {type:default;}">
        <Coords points="494,2197 494,2219 581,2214 581,2197 581,2168 494,2159 494,2197"/>
        <Baseline points="494,2197 581,2197"/>
        <TextEquiv conf="1.0">
          <Unicode>„</Unicode>
        </TextEquiv>
      </TextLine>
      <TextLine id="eSc_line_7a354301" custom="structure {type:default;}">
        <Coords points="707,2179 707,2210 2677,2208 2677,2179 2677,2148 707,2148 707,2179"/>
        <Baseline points="707,2179 2677,2179"/>
        <TextEquiv conf="0.9952376662265687">
          <Unicode>14356 (9336) P(aulo), episcopo Praenestino, aliisque heredibus bon. mem. lo(hannis),</Unicode>
        </TextEquiv>
      </TextLine>
      <TextLine id="eSc_line_cd35fe83" custom="structure {type:default;}">
        <Coords points="757,2237 757,2263 2675,2256 2677,2230 2673,2201 755,2199 757,2237"/>
        <Baseline points="757,2237 2677,2230"/>
        <TextEquiv conf="0.9950954087755897">
          <Unicode>SS. Io(hannis) et Pa(uli) cardinalis presbyteri, praecipit, ut quosdam libros scholasti-</Unicode>
        </TextEquiv>
      </TextLine>
      <TextLine id="eSc_line_1c85bc3b" custom="structure {type:default;}">
        <Coords points="757,2287 757,2320 2671,2316 2673,2283 2666,2254 755,2256 757,2287"/>
        <Baseline points="757,2287 2673,2283"/>
        <TextEquiv conf="0.9998590190236162">
          <Unicode>cos fratribus ecclesiae S. Frigdiani Lucensis restituant. Baluzii Misc. IV. 596. —</Unicode>
        </TextEquiv>
      </TextLine>
      <TextLine id="eSc_line_2f1fecc4" custom="structure {type:default;}">
        <Coords points="760,2347 760,2367 1239,2362 1241,2343 1235,2312 757,2314 760,2347"/>
        <Baseline points="760,2347 1241,2343"/>
        <TextEquiv conf="0.9809473894891285">
          <Unicode>„Recepimus litteras“.</Unicode>
        </TextEquiv>
      </TextLine>
      <TextLine id="eSc_line_ca8bf1e1" custom="structure {type:default;}">
        <Coords points="192,2402 192,2438 371,2438 371,2402 371,2358 192,2354 192,2402"/>
        <Baseline points="192,2402 371,2402"/>
        <TextEquiv conf="0.9999539732933045">
          <Unicode>„ 13.</Unicode>
        </TextEquiv>
      </TextLine>
      <TextLine id="eSc_line_d588da93" custom="structure {type:default;}">
        <Coords points="499,2413 499,2438 592,2440 594,2413 594,2349 499,2340 499,2413"/>
        <Baseline points="499,2413 594,2413"/>
        <TextEquiv conf="0.9999891519546509">
          <Unicode>„</Unicode>
        </TextEquiv>
      </TextLine>
      <TextLine id="eSc_line_f07350a8" custom="structure {type:default;}">
        <Coords points="707,2400 707,2433 2677,2420 2680,2393 2675,2362 704,2360 707,2400"/>
        <Baseline points="707,2400 2680,2393"/>
        <TextEquiv conf="0.9934382095056422">
          <Unicode>14357 (9337) Canonicorum ecclesiae Ianuensis tutelam suscipit possessionesque et pri-</Unicode>
        </TextEquiv>
      </TextLine>
      <TextLine id="eSc_line_1e157b38" custom="structure {type:default;}">
        <Coords points="762,2453 762,2482 2677,2482 2677,2453 2675,2418 762,2420 762,2453"/>
        <Baseline points="762,2453 2677,2453"/>
        <TextEquiv conf="0.9983379411988142">
          <Unicode>vilegia confirmat, Oberto praeposito et Bonifatio archidiacono petentibus. Pflugk-</Unicode>
        </TextEquiv>
      </TextLine>
      <TextLine id="eSc_line_a58f3f60" custom="structure {type:default;}">
        <Coords points="760,2510 760,2535 2489,2528 2492,2504 2487,2475 757,2475 760,2510"/>
        <Baseline points="760,2510 2492,2504"/>
        <TextEquiv conf="0.9924781419135429">
          <Unicode>Harttung Acta III. 286, (Ughelli It. sacr. IV. 872). — „Quotiens a nobis“.</Unicode>
        </TextEquiv>
      </TextLine>
      <TextLine id="eSc_line_f9bbc276" custom="structure {type:default;}">
        <Coords points="192,2566 192,2594 368,2590 368,2561 362,2530 190,2530 192,2566"/>
        <Baseline points="192,2566 368,2561"/>
        <TextEquiv conf="0.9999983787536622">
          <Unicode>„ 15.</Unicode>
        </TextEquiv>
      </TextLine>
      <TextLine id="eSc_line_1fcb1f76" custom="structure {type:default;}">
        <Coords points="499,2579 501,2661 530,2661 530,2658 532,2658 534,2658 589,2619 589,2574 585,2541 494,2532 499,2579"/>
        <Baseline points="499,2579 589,2574"/>
        <TextEquiv conf="1.0">
          <Unicode>„</Unicode>
        </TextEquiv>
      </TextLine>
      <TextLine id="eSc_line_2cdb5b02" custom="structure {type:default;}">
        <Coords points="709,2566 709,2592 2677,2583 2680,2557 2673,2528 707,2528 709,2566"/>
        <Baseline points="709,2566 2680,2557"/>
        <TextEquiv conf="0.9952916050531778">
          <Unicode>14358 Monasterii Flaviniacensis possessiones quasdam et compositiones cum fratribus</Unicode>
        </TextEquiv>
      </TextLine>
      <TextLine id="eSc_line_25633d1d" custom="structure {type:default;}">
        <Coords points="760,2619 760,2652 2675,2643 2677,2614 2673,2585 757,2585 760,2619"/>
        <Baseline points="760,2619 2677,2614"/>
        <TextEquiv conf="0.9994807932750288">
          <Unicode>Fontanetensibus, Ungiacensibus ac O(ttone), quondam duce Burgundiae, factas confir-</Unicode>
        </TextEquiv>
      </TextLine>
      <TextLine id="eSc_line_d4a28677" custom="structure {type:default;}">
        <Coords points="760,2674 760,2707 2054,2707 2054,2705 2169,2691 2171,2667 2165,2638 757,2641 760,2674"/>
        <Baseline points="760,2674 2171,2667"/>
        <TextEquiv conf="0.9863309582759594">
          <Unicode>mat. Pflugk-Harttung Acta I. 281. — „Inter cetera quibus“.</Unicode>
        </TextEquiv>
      </TextLine>
      <TextLine id="eSc_line_33fd3750" custom="structure {type:default;}">
        <Coords points="194,2731 194,2764 285,2756 371,2764 373,2727 366,2691 192,2694 194,2731"/>
        <Baseline points="194,2731 373,2727"/>
        <TextEquiv conf="0.9999978303909302">
          <Unicode>„ 16.</Unicode>
        </TextEquiv>
      </TextLine>
      <TextLine id="eSc_line_bfa16153" custom="structure {type:default;}">
        <Coords points="494,2740 492,2767 587,2760 589,2744 587,2696 494,2696 494,2740"/>
        <Baseline points="494,2740 589,2744"/>
        <TextEquiv conf="1.0">
          <Unicode>„</Unicode>
        </TextEquiv>
      </TextLine>
      <TextLine id="eSc_line_d84c2dc5" custom="structure {type:default;}">
        <Coords points="707,2727 707,2756 2680,2749 2680,2722 2675,2694 704,2689 707,2727"/>
        <Baseline points="707,2727 2680,2722"/>
        <TextEquiv conf="0.9991106934845447">
          <Unicode>14359 Canonicis S. Gaugerici Cameracensibus concessas a Nicolao quondam episcopo</Unicode>
        </TextEquiv>
      </TextLine>
      <TextLine id="eSc_line_4e8eb001" custom="structure {type:default;}">
        <Coords points="764,2784 764,2811 1718,2822 1721,2822 1838,2811 2618,2820 2620,2820 2684,2806 2684,2780 2680,2751 762,2751 764,2784"/>
        <Baseline points="764,2784 2684,2780"/>
        <TextEquiv conf="0.9978253441612895">
          <Unicode>praebendas ad reparationem claustri et officinarum confirmat. Pflugk-Harttung Acta</Unicode>
        </TextEquiv>
      </TextLine>
      <TextLine id="eSc_line_5eab9850" custom="structure {type:default;}">
        <Coords points="762,2837 762,2859 1217,2870 1219,2870 1402,2868 1405,2868 1436,2855 1438,2855 1464,2868 1467,2868 1469,2870 1595,2870 1595,2868 1681,2853 1683,2833 1679,2804 760,2802 762,2837"/>
        <Baseline points="762,2837 1683,2833"/>
        <TextEquiv conf="0.9743833333253861">
          <Unicode>I. 282. — „Iustis petentium desideriis“.</Unicode>
        </TextEquiv>
      </TextLine>
      <TextLine id="eSc_line_42d3481a" custom="structure {type:default;}">
        <Coords points="196,2895 196,2934 282,2923 368,2932 371,2890 366,2846 194,2846 196,2895"/>
        <Baseline points="196,2895 371,2890"/>
        <TextEquiv conf="0.94607013463974">
          <Unicode>„ 16.</Unicode>
        </TextEquiv>
      </TextLine>
      <TextLine id="eSc_line_1b0a70c6" custom="structure {type:default;}">
        <Coords points="492,2908 492,2928 589,2934 592,2903 587,2853 488,2848 492,2908"/>
        <Baseline points="492,2908 592,2903"/>
        <TextEquiv conf="0.9312345385551453">
          <Unicode>„</Unicode>
        </TextEquiv>
      </TextLine>
      <TextLine id="eSc_line_5b4b2823" custom="structure {type:default;}">
        <Coords points="711,2895 711,2923 2680,2912 2680,2886 2675,2857 709,2855 711,2895"/>
        <Baseline points="711,2895 2680,2886"/>
        <TextEquiv conf="0.9959624118275112">
          <Unicode>14360 (9338) Duces, principes, comites, barones, universos dei fideles, solitis beneficiis</Unicode>
        </TextEquiv>
      </TextLine>
      <TextLine id="eSc_line_78cfff66" custom="structure {type:default;}">
        <Coords points="762,2948 762,2974 2675,2968 2677,2941 2671,2915 760,2915 762,2948"/>
        <Baseline points="762,2948 2677,2941"/>
        <TextEquiv conf="0.9998715088285249">
          <Unicode>propositis hortatur, ut terrae Hierosolymitanae infidelium incursionibus contritae sub-</Unicode>
        </TextEquiv>
      </TextLine>
      <TextLine id="eSc_line_08da5a52" custom="structure {type:default;}">
        <Coords points="766,3003 766,3027 2677,3029 2680,3003 2680,2972 766,2970 766,3003"/>
        <Baseline points="766,3003 2680,3003"/>
        <TextEquiv conf="0.9995872974395752">
          <Unicode>veniant, praesertim cum Balduinus rex „ita sit graviter iusto Dei iudicio flagellatus,</Unicode>
        </TextEquiv>
      </TextLine>
      <TextLine id="eSc_line_0d6f1cc7" custom="structure {type:default;}">
        <Coords points="764,3054 762,3078 2673,3082 2677,3058 2675,3027 764,3023 764,3054"/>
        <Baseline points="764,3054 2677,3058"/>
        <TextEquiv conf="0.9966452313320977">
          <Unicode>ut vix ad tolerandos sufficiat continuos sui corporis cruciatus“. Gesta Henrici II.,</Unicode>
        </TextEquiv>
      </TextLine>
      <TextLine id="eSc_line_53327b99" custom="structure {type:default;}">
        <Coords points="762,3107 762,3140 2675,3135 2677,3111 2675,3080 762,3076 762,3107"/>
        <Baseline points="762,3107 2677,3111"/>
        <TextEquiv conf="0.9991870701313019">
          <Unicode>olim Benedicto Petrob. tributa, 1181 ed. Stubbs I. 272, Rogeri de Hoveden Annal.</Unicode>
        </TextEquiv>
      </TextLine>
      <TextLine id="eSc_line_785005f3" custom="structure {type:default;}">
        <Coords points="768,3166 768,3197 2675,3197 2677,3160 2671,3122 766,3124 768,3166"/>
        <Baseline points="768,3166 2677,3160"/>
        <TextEquiv conf="0.9893858952400012">
          <Unicode>1181 ap. Savile R. A. SS. 349, ed. Stubbs II. 255, Bouquet Rec. XV. 973, Mansi</Unicode>
        </TextEquiv>
      </TextLine>
      <TextLine id="eSc_line_aff2b70f" custom="structure {type:default;}">
        <Coords points="766,3219 766,3246 1995,3244 1997,3215 1990,3186 764,3186 766,3219"/>
        <Baseline points="766,3219 1997,3215"/>
        <TextEquiv conf="0.9832899024089178">
          <Unicode>XXI. 915, Migne 200 p. 1294. — „Cor nostrum et“.</Unicode>
        </TextEquiv>
      </TextLine>
      <TextLine id="eSc_line_46411ed8" custom="structure {type:default;}">
        <Coords points="176,3277 178,3367 216,3361 227,3369 240,3380 240,3383 243,3383 245,3383 247,3383 249,3383 280,3372 280,3274 276,3191 174,3184 176,3277"/>
        <Baseline points="176,3277 280,3274"/>
        <TextEquiv conf="0.9998363256454468">
          <Unicode>(„)</Unicode>
        </TextEquiv>
      </TextLine>
      <TextLine id="eSc_line_a0bb0b6d" custom="structure {type:default;}">
        <Coords points="488,3281 488,3352 528,3352 528,3350 530,3350 532,3350 532,3347 550,3332 561,3321 600,3316 600,3281 600,3186 488,3186 488,3281"/>
        <Baseline points="488,3281 600,3281"/>
        <TextEquiv conf="0.9994372526804606">
          <Unicode>(„)</Unicode>
        </TextEquiv>
      </TextLine>
      <TextLine id="eSc_line_9b5d0f27" custom="structure {type:default;}">
        <Coords points="713,3277 713,3305 2680,3303 2680,3270 2673,3239 711,3239 713,3277"/>
        <Baseline points="713,3277 2680,3270"/>
        <TextEquiv conf="0.9981351002704265">
          <Unicode>14361 (9339) Archiepiscopis, episcopis, abbatibus, aliis ecclesiarum praelatis milites</Unicode>
        </TextEquiv>
      </TextLine>
      <TextLine id="eSc_line_9a22aafc" custom="structure {type:default;}">
        <Coords points="764,3325 762,3347 2673,3354 2677,3332 2675,3301 764,3290 764,3325"/>
        <Baseline points="764,3325 2677,3332"/>
        <TextEquiv conf="0.9998242074535006">
          <Unicode>templi missos, qui terrae orientali auxilium peterent, commendat. Gesta Henrici II.,</Unicode>
        </TextEquiv>
      </TextLine>
      <TextLine id="eSc_line_1f641add" custom="structure {type:default;}">
        <Coords points="766,3378 766,3409 2675,3407 2677,3385 2675,3354 766,3347 766,3378"/>
        <Baseline points="766,3378 2677,3385"/>
        <TextEquiv conf="0.99796571645392">
          <Unicode>olim Benedicto Petroburg. tributa, 1181 ed. Stubbs I. 275, Rogeri de Hoveden Annal.</Unicode>
        </TextEquiv>
      </TextLine>
      <TextLine id="eSc_line_f0be4cc4" custom="structure {type:default;}">
        <Coords points="768,3436 768,3467 2673,3480 2675,3436 2675,3407 768,3396 768,3436"/>
        <Baseline points="768,3436 2675,3436"/>
        <TextEquiv conf="0.9867312602698803">
          <Unicode>1181 ap. Savile R. A. SS. 349“, ed. Stubbs II. 258, Bouquet Rec. XV. 972, (Mansi</Unicode>
        </TextEquiv>
      </TextLine>
      <TextLine id="eSc_line_ea571077" custom="structure {type:default;}">
        <Coords points="768,3493 768,3537 832,3557 835,3557 837,3557 839,3557 874,3539 952,3551 954,3551 1014,3539 1058,3564 1060,3564 1062,3566 1122,3566 1122,3564 1124,3564 1168,3539 1193,3551 1195,3551 1197,3551 1199,3551 1224,3539 1274,3564 1277,3564 1279,3566 1341,3566 1341,3564 1343,3564 1396,3539 1460,3551 1462,3551 1592,3539 1690,3559 1692,3559 1694,3559 1734,3544 1774,3564 1776,3564 1778,3566 1911,3566 1911,3564 1913,3564 1933,3553 1944,3564 1946,3564 1948,3564 1950,3566 2070,3566 2070,3564 2072,3564 2123,3537 2123,3493 2123,3462 768,3451 768,3493"/>
        <Baseline points="768,3493 2123,3493"/>
        <TextEquiv conf="0.9849336401179984">
          <Unicode>XXI. 917. Migne 200 p. 1296) — „Cum orientalis terra“.</Unicode>
        </TextEquiv>
      </TextLine>
    </TextRegion>
    <TextRegion id="eSc_textblock_cee3e7fb"  custom="structure {type:default;}">
      <Coords points="956,141 1833,141 1877,159 1886,227 1860,253 927,253 910,159 956,141"/>
      <TextLine id="eSc_line_fb38d6d7" custom="structure {type:default;}">
        <Coords points="930,218 930,240 980,253 983,253 1111,242 1115,242 1117,242 1173,253 1175,253 1177,253 1212,242 1219,240 1221,242 1235,253 1237,253 1239,253 1241,253 1292,242 1307,240 1325,242 1383,253 1385,253 1387,253 1422,245 1444,238 1491,245 1535,249 1537,249 1539,249 1551,245 1562,238 1573,245 1581,251 1584,251 1586,251 1588,251 1590,251 1592,251 1601,245 1608,240 1632,245 1670,251 1672,251 1851,245 1853,214 1849,167 1760,167 1729,150 1727,150 1725,150 1723,150 1694,165 1546,152 1544,152 1440,165 1365,152 1363,152 1360,152 1310,167 1290,152 1288,152 1285,152 994,152 992,152 989,152 927,170 930,218"/>
        <Baseline points="930,218 1853,214"/>
        <TextEquiv conf="0.9842597222328187">
          <Unicode>ALEXANDER III. 1159—1181.</Unicode>
        </TextEquiv>
      </TextLine>
    </TextRegion>
    <TextRegion id="eSc_textblock_ecb76346"  custom="structure {type:default;}">
      <Coords points="2562,141 2715,159 2715,227 2671,253 2531,245 2514,159 2562,141"/>
      <TextLine id="eSc_line_dedd10f0" custom="structure {type:default;}">
        <Coords points="2655,150 2540,167 2547,220 2547,249 2671,240 2671,212 2662,150 2655,150"/>
        <Baseline points="2547,220 2671,212"/>
        <TextEquiv conf="0.9999999602635702">
          <Unicode>413</Unicode>
        </TextEquiv>
      </TextLine>
    </TextRegion>
  </Page>
</PcGts>
