<?xml version="1.0" encoding="UTF-8"  standalone="yes"?>
<PcGts xmlns="http://schema.primaresearch.org/PAGE/gts/pagecontent/2019-07-15" xmlns:xsi="http://www.w3.org/2001/XMLSchema-instance" xsi:schemaLocation="http://schema.primaresearch.org/PAGE/gts/pagecontent/2019-07-15 http://schema.primaresearch.org/PAGE/gts/pagecontent/2019-07-15/pagecontent.xsd">
  <Metadata>
	<Creator>escriptorium</Creator>
	<Created>2024-07-19T10:14:46.305358+00:00</Created>
        <LastChange>2024-08-08T08:48:09.952026+00:00</LastChange>
  </Metadata>
  <Page imageFilename="0434.png" imageWidth="3007" imageHeight="3975">
    <TextRegion id="eSc_textblock_bc167762"  custom="structure {type:default;}">
      <Coords points="684,300 2706,300 2697,3389 2662,3522 715,3522 616,3478 406,3469 386,1481 360,1775 360,3469 150,3478 123,3442 97,415 150,309 360,309 386,415 406,309 684,300"/>
      <TextLine id="eSc_line_9d06fe92" custom="structure {type:default;}">
        <Coords points="671,353 671,373 1946,379 1948,348 1942,304 669,304 671,353"/>
        <Baseline points="671,353 1948,348"/>
        <TextEquiv conf="0.9977729092041652">
          <Unicode>1160. (Ind. 8. — 25. Sept. — 9), pont. a. 1. — 4. Oct. — 2.)</Unicode>
        </TextEquiv>
      </TextLine>
      <TextLine id="eSc_line_44f95832" custom="structure {type:default;}">
        <Coords points="143,439 357,439 360,417 360,364 320,351 318,351 315,351 245,355 174,359 148,346 145,412 143,439"/>
        <Baseline points="145,412 360,417"/>
        <TextEquiv conf="0.9996198415756226">
          <Unicode>Nov. 19.</Unicode>
        </TextEquiv>
      </TextLine>
      <TextLine id="eSc_line_90ebce15" custom="structure {type:default;}">
        <Coords points="430,419 430,490 514,503 517,503 605,485 605,415 600,362 426,348 430,419"/>
        <Baseline points="430,419 605,415"/>
        <TextEquiv conf="0.9589353402455648">
          <Unicode>Popint</Unicode>
        </TextEquiv>
      </TextLine>
      <TextLine id="eSc_line_2663275f" custom="structure {type:default;}">
        <Coords points="700,421 700,441 2668,437 2671,415 2664,375 698,379 700,421"/>
        <Baseline points="700,421 2671,415"/>
        <TextEquiv conf="0.9997168032602332">
          <Unicode>14442 (9384) Ecclesiae Hildesheimensis protectionem suscipit, possessionesque ac privi-</Unicode>
        </TextEquiv>
      </TextLine>
      <TextLine id="eSc_line_4ff608f9" custom="structure {type:default;}">
        <Coords points="753,474 753,496 2666,490 2668,468 2662,437 751,437 753,474"/>
        <Baseline points="753,474 2668,468"/>
        <TextEquiv conf="0.9919644103330725">
          <Unicode>legia confirmat. In schedis societatis Mon. Germ.: „XIII. kal. Dec.“ cf. Neues Archiv</Unicode>
        </TextEquiv>
      </TextLine>
      <TextLine id="eSc_line_a2637e88" custom="structure {type:default;}">
        <Coords points="757,527 757,549 2668,558 2671,527 2671,494 757,490 757,527"/>
        <Baseline points="757,527 2671,527"/>
        <TextEquiv conf="0.9887377591694102">
          <Unicode>VII. 107. (Orig. Guelf. III. 450: „XIII. kal. Oct.“, Neues Archiv IV. 66: „VIII. kal.</Unicode>
        </TextEquiv>
      </TextLine>
      <TextLine id="eSc_line_4ca99e78" custom="structure {type:default;}">
        <Coords points="751,580 751,600 784,613 786,613 788,616 883,616 883,613 885,613 888,613 888,611 899,602 980,602 992,611 992,613 994,613 996,613 998,616 1369,616 1369,613 1372,613 1374,613 1374,611 1385,602 1562,613 1564,613 1646,600 1646,580 1646,552 751,552 751,580"/>
        <Baseline points="751,580 1646,580"/>
        <TextEquiv conf="0.9995069809449024">
          <Unicode>Oct.“) — „Iustis petentium desideriis“.</Unicode>
        </TextEquiv>
      </TextLine>
      <TextLine id="eSc_line_f06d1834" custom="structure {type:default;}">
        <Coords points="145,636 145,675 267,662 357,673 360,631 353,574 143,580 145,636"/>
        <Baseline points="145,636 360,631"/>
        <TextEquiv conf="0.9995299066816058">
          <Unicode>Dec. 3.</Unicode>
        </TextEquiv>
      </TextLine>
      <TextLine id="eSc_line_aa72802b" custom="structure {type:default;}">
        <Coords points="486,649 483,673 536,695 539,695 541,695 578,689 581,653 583,576 488,571 486,649"/>
        <Baseline points="486,649 581,653"/>
        <TextEquiv conf="1.0">
          <Unicode>„</Unicode>
        </TextEquiv>
      </TextLine>
      <TextLine id="eSc_line_ab48726b" custom="structure {type:default;}">
        <Coords points="704,638 704,662 2671,662 2671,633 2666,598 2249,587 2246,587 2244,587 2222,596 2207,600 2149,596 2059,587 2056,587 2019,596 1992,600 1822,594 1734,591 1732,591 1729,591 1718,594 1681,605 1069,605 901,591 892,591 890,591 888,591 863,602 839,591 835,589 832,589 830,589 702,589 704,638"/>
        <Baseline points="704,638 2671,633"/>
        <TextEquiv conf="0.9926918020302599">
          <Unicode>14443 Archiepiscopis, episcopis, abbatibus, praepositis, archidiaconis et aliis personis</Unicode>
        </TextEquiv>
      </TextLine>
      <TextLine id="eSc_line_ba097563" custom="structure {type:default;}">
        <Coords points="751,689 748,708 2664,717 2668,693 2666,662 751,658 751,689"/>
        <Baseline points="751,689 2668,693"/>
        <TextEquiv conf="0.9921933568336747">
          <Unicode>ecclesiasticis, ducibus, baronibus, comitibus et universis Christi fidelibus significat,</Unicode>
        </TextEquiv>
      </TextLine>
      <TextLine id="eSc_line_60799c94" custom="structure {type:default;}">
        <Coords points="753,746 753,770 2668,766 2671,742 2664,713 751,715 753,746"/>
        <Baseline points="753,746 2671,742"/>
        <TextEquiv conf="0.9997916039897174">
          <Unicode>ecclesiam Dei per Rolandum eiusque sequaces simonia et periuriis maculari, cancel-</Unicode>
        </TextEquiv>
      </TextLine>
      <TextLine id="eSc_line_ef4e1489" custom="structure {type:default;}">
        <Coords points="751,799 751,825 2664,819 2666,795 2662,768 748,766 751,799"/>
        <Baseline points="751,799 2666,795"/>
        <TextEquiv conf="0.9976459418434694">
          <Unicode>lariam merito nunc vocari „carcerariam“, episcopatus, legationes et singulas digni-</Unicode>
        </TextEquiv>
      </TextLine>
      <TextLine id="eSc_line_bc43c1d5" custom="structure {type:default;}">
        <Coords points="753,856 753,878 2671,878 2671,856 2671,828 753,821 753,856"/>
        <Baseline points="753,856 2671,856"/>
        <TextEquiv conf="0.9967057347297669">
          <Unicode>tates „quasi iumenta vel pecora vendi“. Narrat, illos vivente adhuc papa Adriano</Unicode>
        </TextEquiv>
      </TextLine>
      <TextLine id="eSc_line_94d12a7f" custom="structure {type:default;}">
        <Coords points="755,909 755,940 2668,931 2668,909 2666,876 755,876 755,909"/>
        <Baseline points="755,909 2668,909"/>
        <TextEquiv conf="0.9992837026351835">
          <Unicode>sese coniurasse et unum de coniuratis papam constituisse, foedere cum Siculo (rege</Unicode>
        </TextEquiv>
      </TextLine>
      <TextLine id="eSc_line_cea54184" custom="structure {type:default;}">
        <Coords points="760,965 760,989 2671,989 2671,965 2671,936 760,927 760,965"/>
        <Baseline points="760,965 2671,965"/>
        <TextEquiv conf="0.9993837088346481">
          <Unicode>Willelmo I.) et Mediolanensibus facto; seque ipsum multoties ab eis et praecipue</Unicode>
        </TextEquiv>
      </TextLine>
      <TextLine id="eSc_line_9ca81c30" custom="structure {type:default;}">
        <Coords points="753,1022 753,1044 2664,1048 2668,1018 2664,987 751,987 753,1022"/>
        <Baseline points="753,1022 2668,1018"/>
        <TextEquiv conf="0.9979267679614785">
          <Unicode>a Willelmo Papiensi quondam cardinali (tit. S. Petri ad vincula) ad coniurationem</Unicode>
        </TextEquiv>
      </TextLine>
      <TextLine id="eSc_line_55271216" custom="structure {type:default;}">
        <Coords points="753,1075 753,1097 2668,1104 2671,1075 2671,1046 753,1042 753,1075"/>
        <Baseline points="753,1075 2671,1075"/>
        <TextEquiv conf="0.9965746948517948">
          <Unicode>invitatum fuisse. „Propter eorum“, inquit, „rapacitates et manifestissimas simonias</Unicode>
        </TextEquiv>
      </TextLine>
      <TextLine id="eSc_line_4ebb6523" custom="structure {type:default;}">
        <Coords points="751,1130 751,1152 2666,1148 2668,1126 2662,1097 748,1099 751,1130"/>
        <Baseline points="751,1130 2668,1126"/>
        <TextEquiv conf="0.9958710238337517">
          <Unicode>ordo ecclesiasticus factus est in derisum et in proverbium omnium regionum. Com-</Unicode>
        </TextEquiv>
      </TextLine>
      <TextLine id="eSc_line_43794873" custom="structure {type:default;}">
        <Coords points="753,1185 753,1219 2668,1210 2671,1181 2666,1152 751,1148 753,1185"/>
        <Baseline points="753,1185 2671,1181"/>
        <TextEquiv conf="0.9999840495198272">
          <Unicode>posuerunt de eis cantilenam et diversa carmina plurimi stulti, qui in choreis et locis</Unicode>
        </TextEquiv>
      </TextLine>
      <TextLine id="eSc_line_ab9679f5" custom="structure {type:default;}">
        <Coords points="753,1241 753,1263 2664,1267 2668,1236 2664,1207 751,1205 753,1241"/>
        <Baseline points="753,1241 2668,1236"/>
        <TextEquiv conf="0.9956980827378064">
          <Unicode>forensibus per Gallias et per Italiam decantant et sacerdotale officium factum est</Unicode>
        </TextEquiv>
      </TextLine>
      <TextLine id="eSc_line_1faf003c" custom="structure {type:default;}">
        <Coords points="751,1296 751,1318 2662,1322 2666,1289 2662,1260 775,1254 773,1254 771,1254 748,1263 751,1296"/>
        <Baseline points="751,1296 2666,1289"/>
        <TextEquiv conf="0.9954115740954876">
          <Unicode>materia histrionum“. Friderici, Romanorum „christianissimi imperatoris“, studium</Unicode>
        </TextEquiv>
      </TextLine>
      <TextLine id="eSc_line_162539f9" custom="structure {type:default;}">
        <Coords points="751,1349 751,1373 2328,1382 2330,1382 2333,1382 2370,1371 2403,1382 2406,1382 2408,1384 2644,1384 2644,1382 2646,1382 2649,1382 2668,1369 2668,1344 2662,1316 748,1318 751,1349"/>
        <Baseline points="751,1349 2668,1344"/>
        <TextEquiv conf="0.999500471047866">
          <Unicode>erga Romanam ecclesiam laudat. Liverani Spicilegium Liberianum p. 763, Pflugk-</Unicode>
        </TextEquiv>
      </TextLine>
      <TextLine id="eSc_line_81c080e1" custom="structure {type:default;}">
        <Coords points="751,1404 751,1426 1948,1426 1948,1404 1948,1375 751,1371 751,1404"/>
        <Baseline points="751,1404 1948,1404"/>
        <TextEquiv conf="0.999998114546951">
          <Unicode>Harttung Acta II. 378. — „Schismaticorum sectas“.</Unicode>
        </TextEquiv>
      </TextLine>
      <TextLine id="eSc_line_e7c54914" custom="structure {type:default;}">
        <Coords points="183,1459 183,1492 271,1479 296,1484 329,1492 331,1492 333,1492 335,1492 362,1477 362,1455 357,1411 181,1402 183,1459"/>
        <Baseline points="183,1459 362,1455"/>
        <TextEquiv conf="0.9999981164932251">
          <Unicode>„ 29.</Unicode>
        </TextEquiv>
      </TextLine>
      <TextLine id="eSc_line_2a0f87a0" custom="structure {type:default;}">
        <Coords points="490,1468 490,1484 578,1481 578,1468 578,1415 490,1411 490,1468"/>
        <Baseline points="490,1468 578,1468"/>
        <TextEquiv conf="1.0">
          <Unicode>„</Unicode>
        </TextEquiv>
      </TextLine>
      <TextLine id="eSc_line_465ecdbd" custom="structure {type:default;}">
        <Coords points="700,1461 700,1486 2664,1481 2666,1455 2660,1422 698,1426 700,1461"/>
        <Baseline points="700,1461 2666,1455"/>
        <TextEquiv conf="0.9979092051001156">
          <Unicode>14444 (9385) Ecclesiam S. Vincentii Bergomatem tuendam suscipit, eiusque bona et iura</Unicode>
        </TextEquiv>
      </TextLine>
      <TextLine id="eSc_line_2a651cea" custom="structure {type:default;}">
        <Coords points="751,1514 751,1541 2666,1543 2668,1514 2668,1486 751,1481 751,1514"/>
        <Baseline points="751,1514 2668,1514"/>
        <TextEquiv conf="0.9954575422135267">
          <Unicode>confirmat, petente Adelardo archidiacono. Lupi C. D. Berg. II. 1179. — „Commisse nobis“.</Unicode>
        </TextEquiv>
      </TextLine>
      <TextLine id="eSc_line_0712e1e6" custom="structure {type:default;}">
        <Coords points="669,1616 669,1643 1528,1651 1531,1651 1533,1651 1535,1651 1539,1649 1559,1638 1670,1638 1692,1649 1694,1649 1696,1649 1699,1651 1964,1651 1966,1609 1961,1578 1911,1567 1908,1567 1906,1567 1904,1567 1904,1570 1895,1578 1893,1581 1639,1581 1634,1578 1584,1567 1581,1567 1579,1567 1533,1578 1522,1581 1453,1578 1224,1572 1221,1572 1219,1572 1199,1581 1197,1581 1195,1581 1159,1570 1157,1570 1155,1570 1153,1570 1151,1570 1135,1581 1133,1583 667,1583 669,1616"/>
        <Baseline points="669,1616 1966,1609"/>
        <TextEquiv conf="0.979464856783549">
          <Unicode>1161. (Ind. 9. — 25. Sept. — 10, ponf. a. 2. — 4. Oct. — 3.)</Unicode>
        </TextEquiv>
      </TextLine>
      <TextLine id="eSc_line_5d4008e6" custom="structure {type:default;}">
        <Coords points="145,1698 360,1707 362,1676 360,1618 176,1620 148,1609 145,1676 145,1698"/>
        <Baseline points="145,1676 362,1676"/>
        <TextEquiv conf="0.9946387186646461">
          <Unicode>lan. 16.</Unicode>
        </TextEquiv>
      </TextLine>
      <TextLine id="eSc_line_d061fe9f" custom="structure {type:default;}">
        <Coords points="426,1676 428,1751 612,1751 609,1669 605,1625 424,1618 426,1676"/>
        <Baseline points="426,1676 609,1669"/>
        <TextEquiv conf="0.8994807260377067">
          <Unicode>Tanrini</Unicode>
        </TextEquiv>
      </TextLine>
      <TextLine id="eSc_line_0cb39935" custom="structure {type:default;}">
        <Coords points="702,1680 702,1702 2671,1700 2671,1676 2664,1636 700,1638 702,1680"/>
        <Baseline points="702,1680 2671,1676"/>
        <TextEquiv conf="0.992936207967646">
          <Unicode>14445 (9405) „E(berhardo), Salzburgensi archiepiscopo, eiusque suffraganeis episcopis</Unicode>
        </TextEquiv>
      </TextLine>
      <TextLine id="eSc_line_821a0bba" custom="structure {type:default;}">
        <Coords points="751,1733 751,1760 2666,1760 2666,1733 2664,1696 751,1702 751,1733"/>
        <Baseline points="751,1733 2666,1733"/>
        <TextEquiv conf="0.9999561647574107">
          <Unicode>et dilectis filiis abbatibus, prepositis, decanis et aliis ecclesiarum prelatis per eundem</Unicode>
        </TextEquiv>
      </TextLine>
      <TextLine id="eSc_line_99cf75a5" custom="structure {type:default;}">
        <Coords points="751,1790 751,1815 2666,1806 2668,1782 2662,1753 748,1760 751,1790"/>
        <Baseline points="751,1790 2668,1782"/>
        <TextEquiv conf="0.9996241848152804">
          <Unicode>archiepiscopatum constitutis salutem et apostolicam benedictionem. Divinis humanis-</Unicode>
        </TextEquiv>
      </TextLine>
      <TextLine id="eSc_line_580be4c8" custom="structure {type:default;}">
        <Coords points="755,1846 755,1870 2668,1866 2668,1839 2662,1810 753,1815 755,1846"/>
        <Baseline points="755,1846 2668,1839"/>
        <TextEquiv conf="0.9999966243418251">
          <Unicode>que rationibus consonum probatur et consentaneum, menbrorum saluti caput sollicite</Unicode>
        </TextEquiv>
      </TextLine>
      <TextLine id="eSc_line_3d7e257a" custom="structure {type:default;}">
        <Coords points="753,1899 753,1925 2660,1930 2662,1899 2662,1870 753,1870 753,1899"/>
        <Baseline points="753,1899 2662,1899"/>
        <TextEquiv conf="0.9968699683626014">
          <Unicode>providere et ad subiectionem et famulatum sui capitis menbra concorditer convenire,</Unicode>
        </TextEquiv>
      </TextLine>
      <TextLine id="eSc_line_4e0d4532" custom="structure {type:default;}">
        <Coords points="753,1952 753,1978 2666,1978 2666,1952 2666,1923 753,1919 753,1952"/>
        <Baseline points="753,1952 2666,1952"/>
        <TextEquiv conf="0.9970954060554504">
          <Unicode>nec ab eius institutis et regulis ullatenus deviare. Nulli siquidem catholicorum extat</Unicode>
        </TextEquiv>
      </TextLine>
      <TextLine id="eSc_line_adf1f3fd" custom="structure {type:default;}">
        <Coords points="751,2009 751,2033 2657,2038 2662,2002 2655,1974 748,1974 751,2009"/>
        <Baseline points="751,2009 2662,2002"/>
        <TextEquiv conf="0.9969741098190609">
          <Unicode>ambiguum nullique debet esse incognitum, sacrosanctam Romanam et apostolicam</Unicode>
        </TextEquiv>
      </TextLine>
      <TextLine id="eSc_line_b69d2639" custom="structure {type:default;}">
        <Coords points="751,2060 751,2084 2664,2091 2666,2060 2666,2033 751,2031 751,2060"/>
        <Baseline points="751,2060 2666,2060"/>
        <TextEquiv conf="0.9999729496868033">
          <Unicode>ecclesiam ab ipso domino et salvatore nostro accepisse primatum. Unde merito</Unicode>
        </TextEquiv>
      </TextLine>
      <TextLine id="eSc_line_7061b766" custom="structure {type:default;}">
        <Coords points="751,2117 751,2144 2664,2144 2664,2117 2662,2086 751,2086 751,2117"/>
        <Baseline points="751,2117 2664,2117"/>
        <TextEquiv conf="0.9999596374790843">
          <Unicode>cardo et caput omnium ecclesiarum ab ipso salvatore Iesu Christo est instituta, ut</Unicode>
        </TextEquiv>
      </TextLine>
      <TextLine id="eSc_line_f2382945" custom="structure {type:default;}">
        <Coords points="751,2173 751,2197 2662,2199 2664,2173 2664,2144 751,2137 751,2173"/>
        <Baseline points="751,2173 2664,2173"/>
        <TextEquiv conf="0.9999508808640872">
          <Unicode>sicut cardine hostium regitur, ita eiusdem sancte sedis doctrina et auctoritate omnes</Unicode>
        </TextEquiv>
      </TextLine>
      <TextLine id="eSc_line_238d71df" custom="structure {type:default;}">
        <Coords points="751,2221 748,2245 2660,2250 2664,2226 2662,2197 751,2192 751,2221"/>
        <Baseline points="751,2221 2664,2226"/>
        <TextEquiv conf="0.9999603754208412">
          <Unicode>ecclesiae Domino disponente regantur. Quae tales nimirum sibi statuit filios pro-</Unicode>
        </TextEquiv>
      </TextLine>
      <TextLine id="eSc_line_18350179" custom="structure {type:default;}">
        <Coords points="751,2281 751,2307 2662,2307 2662,2281 2662,2254 751,2252 751,2281"/>
        <Baseline points="751,2281 2662,2281"/>
        <TextEquiv conf="0.9996412098407745">
          <Unicode>creare, per quos veluti per columpnas immobiles possit in sue libertatis sublimitate</Unicode>
        </TextEquiv>
      </TextLine>
      <TextLine id="eSc_line_92c20785" custom="structure {type:default;}">
        <Coords points="751,2338 751,2362 2660,2360 2662,2334 2655,2307 748,2309 751,2338"/>
        <Baseline points="751,2338 2662,2334"/>
        <TextEquiv conf="0.999840375213396">
          <Unicode>atque vigore iugiter inconcussa servari et cum fluctus erroris et scismatis, diabolo</Unicode>
        </TextEquiv>
      </TextLine>
      <TextLine id="eSc_line_5d834fbe" custom="structure {type:default;}">
        <Coords points="751,2391 751,2418 2660,2413 2662,2387 2655,2358 748,2358 751,2391"/>
        <Baseline points="751,2391 2662,2387"/>
        <TextEquiv conf="0.999540206264047">
          <Unicode>consueta venena fundente, fortiter intumuerint, eorum vigilantia et industria valeant</Unicode>
        </TextEquiv>
      </TextLine>
      <TextLine id="eSc_line_69e44e6d" custom="structure {type:default;}">
        <Coords points="751,2446 751,2473 2660,2471 2662,2442 2657,2413 748,2413 751,2446"/>
        <Baseline points="751,2446 2662,2442"/>
        <TextEquiv conf="0.9910181669627919">
          <Unicode>auxiliante domino reprimi et tranquillitas ecclesiae celerius reformari. Quanto autem</Unicode>
        </TextEquiv>
      </TextLine>
      <TextLine id="eSc_line_1733bf57" custom="structure {type:default;}">
        <Coords points="751,2504 751,2532 2660,2521 2662,2497 2655,2468 748,2468 751,2504"/>
        <Baseline points="751,2504 2662,2497"/>
        <TextEquiv conf="0.9970148263207401">
          <Unicode>errore et scismate predicta mater vestra per Rolandi symoniaci et invasoris suorum-</Unicode>
        </TextEquiv>
      </TextLine>
      <TextLine id="eSc_line_8c3c0a5c" custom="structure {type:default;}">
        <Coords points="751,2559 751,2590 2660,2579 2662,2555 2655,2524 748,2528 751,2559"/>
        <Baseline points="751,2559 2662,2555"/>
        <TextEquiv conf="0.9982901840675168">
          <Unicode>que complicium conspirationes et mendacia et periuria concuciatur et fatigetur, et</Unicode>
        </TextEquiv>
      </TextLine>
      <TextLine id="eSc_line_c0fa29df" custom="structure {type:default;}">
        <Coords points="751,2610 751,2645 2664,2638 2664,2610 2664,2583 751,2581 751,2610"/>
        <Baseline points="751,2610 2664,2610"/>
        <TextEquiv conf="0.9993982962620112">
          <Unicode>quam manifestis symoniis, rapacitatibus et importunis exactionibus, quod dolentes</Unicode>
        </TextEquiv>
      </TextLine>
      <TextLine id="eSc_line_ef252865" custom="structure {type:default;}">
        <Coords points="751,2665 751,2691 2660,2694 2662,2665 2662,2636 751,2630 751,2665"/>
        <Baseline points="751,2665 2662,2665"/>
        <TextEquiv conf="0.9997389919701076">
          <Unicode>dicimus, hactenus per eosdem fuerit deformata, vestrae discretioni non credimus esse</Unicode>
        </TextEquiv>
      </TextLine>
      <TextLine id="eSc_line_1c6afa9c" custom="structure {type:default;}">
        <Coords points="751,2720 751,2747 2662,2747 2662,2720 2662,2691 751,2689 751,2720"/>
        <Baseline points="751,2720 2662,2720"/>
        <TextEquiv conf="0.9996335070307661">
          <Unicode>occultum, cum iam rerum experientia celebrique fama predicante, fere per universum</Unicode>
        </TextEquiv>
      </TextLine>
      <TextLine id="eSc_line_c81531e7" custom="structure {type:default;}">
        <Coords points="751,2773 751,2802 2662,2802 2662,2773 2662,2747 751,2742 751,2773"/>
        <Baseline points="751,2773 2662,2773"/>
        <TextEquiv conf="0.9998056924059278">
          <Unicode>orbem sit“ cognitum et divulgatum. De tanta igitur concussione et scissura ecclesiae</Unicode>
        </TextEquiv>
      </TextLine>
      <TextLine id="eSc_line_890bb26d" custom="structure {type:default;}">
        <Coords points="751,2833 751,2859 2660,2850 2662,2826 2655,2800 748,2804 751,2833"/>
        <Baseline points="751,2833 2662,2826"/>
        <TextEquiv conf="0.9926487162143369">
          <Unicode>plurimum dolentes et ad statum rectitudinis omnia reduci cupientes, communicato</Unicode>
        </TextEquiv>
      </TextLine>
      <TextLine id="eSc_line_dff27666" custom="structure {type:default;}">
        <Coords points="751,2886 751,2910 2660,2919 2662,2886 2662,2857 751,2850 751,2886"/>
        <Baseline points="751,2886 2662,2886"/>
        <TextEquiv conf="0.9985846182968043">
          <Unicode>fratrum nostrorum episcoporum et cardinalium multorum et religiosorum consilio,</Unicode>
        </TextEquiv>
      </TextLine>
      <TextLine id="eSc_line_f05a5745" custom="structure {type:default;}">
        <Coords points="751,2939 751,2965 2664,2965 2664,2939 2664,2912 751,2910 751,2939"/>
        <Baseline points="751,2939 2664,2939"/>
        <TextEquiv conf="0.9958329476416111">
          <Unicode>dominica, qua cantatur Vocem iocunditatis (21. Maii), generale concilium Cremone</Unicode>
        </TextEquiv>
      </TextLine>
      <TextLine id="eSc_line_72e4aca5" custom="structure {type:default;}">
        <Coords points="748,2992 746,3014 2655,3027 2660,2996 2657,2963 748,2959 748,2992"/>
        <Baseline points="748,2992 2660,2996"/>
        <TextEquiv conf="0.9962716443198067">
          <Unicode>statuimus celebrandum. Ad quod venerabiles fratres nostros primates, archiepiscopos,</Unicode>
        </TextEquiv>
      </TextLine>
      <TextLine id="eSc_line_2091fb41" custom="structure {type:default;}">
        <Coords points="751,3045 748,3071 2657,3074 2662,3049 2660,3021 751,3016 751,3045"/>
        <Baseline points="751,3045 2662,3049"/>
        <TextEquiv conf="0.9982730609824858">
          <Unicode>abbates, prepositos, decanos, aliosque ecclesiarum prelatos de universo orbe dignum</Unicode>
        </TextEquiv>
      </TextLine>
      <TextLine id="eSc_line_f37215ea" custom="structure {type:default;}">
        <Coords points="751,3102 751,3129 2660,3133 2662,3102 2662,3076 751,3076 751,3102"/>
        <Baseline points="751,3102 2662,3102"/>
        <TextEquiv conf="0.9975660944857249">
          <Unicode>duximus convocandos, quorum consilio et auctoritate rete Petri exuberantia malorum</Unicode>
        </TextEquiv>
      </TextLine>
      <TextLine id="eSc_line_aa849b15" custom="structure {type:default;}">
        <Coords points="751,3157 751,3184 2662,3184 2662,3157 2662,3131 751,3131 751,3157"/>
        <Baseline points="751,3157 2662,3157"/>
        <TextEquiv conf="0.9996152994144394">
          <Unicode>aliquatenus scissum resarciatur et unitas ecclesiae domino cooperante consolidetur.</Unicode>
        </TextEquiv>
      </TextLine>
      <TextLine id="eSc_line_02b5e5e3" custom="structure {type:default;}">
        <Coords points="751,3208 748,3235 2655,3237 2660,3213 2657,3182 751,3177 751,3208"/>
        <Baseline points="751,3208 2660,3213"/>
        <TextEquiv conf="0.9989648615612703">
          <Unicode>Quocirca fraternitati vestrae per apostolica scripta mandamus, et in virtute obedien-</Unicode>
        </TextEquiv>
      </TextLine>
      <TextLine id="eSc_line_0b7b6f99" custom="structure {type:default;}">
        <Coords points="753,3263 751,3286 1045,3299 1047,3299 2660,3292 2662,3268 2660,3239 753,3235 753,3263"/>
        <Baseline points="753,3263 2662,3268"/>
        <TextEquiv conf="0.9999689634253339">
          <Unicode>tiae auctoritate beatorum apostolorum Petri et Pauli firmiter precipimus, quatinus</Unicode>
        </TextEquiv>
      </TextLine>
      <TextLine id="eSc_line_0ddb47fd" custom="structure {type:default;}">
        <Coords points="748,3321 748,3345 2657,3350 2660,3321 2660,3290 748,3286 748,3321"/>
        <Baseline points="748,3321 2660,3321"/>
        <TextEquiv conf="0.9996271341680044">
          <Unicode>ad iam dictum concilium in prefixo termino, omni occasione postposita, veniatis, ut</Unicode>
        </TextEquiv>
      </TextLine>
      <TextLine id="eSc_line_0315628c" custom="structure {type:default;}">
        <Coords points="751,3374 751,3403 2657,3398 2660,3369 2655,3343 748,3341 751,3374"/>
        <Baseline points="751,3374 2660,3369"/>
        <TextEquiv conf="0.9926693985859553">
          <Unicode>que corrigenda sunt corrigantur, statuenda statuantur, et que tenenda fuerint, invo-</Unicode>
        </TextEquiv>
      </TextLine>
      <TextLine id="eSc_line_bc1464bf" custom="structure {type:default;}">
        <Coords points="751,3425 748,3451 2655,3456 2660,3429 2657,3400 751,3394 751,3425"/>
        <Baseline points="751,3425 2660,3429"/>
        <TextEquiv conf="0.9957963904229606">
          <Unicode>cata spiritus sancti gratia, communi consensu teneantur et confirmentur. Quicunque</Unicode>
        </TextEquiv>
      </TextLine>
      <TextLine id="eSc_line_997f0b6e" custom="structure {type:default;}">
        <Coords points="751,3478 748,3526 998,3528 1025,3542 1027,3542 1029,3542 1334,3533 1343,3533 1429,3559 1431,3559 1433,3559 1612,3557 1615,3557 1617,3557 1643,3537 1699,3557 1701,3557 1703,3557 1705,3557 1743,3539 1794,3559 1796,3559 1798,3562 1964,3562 1964,3559 1966,3559 2006,3544 2114,3544 2154,3562 2156,3562 2158,3562 2432,3546 2505,3559 2507,3559 2509,3559 2551,3542 2569,3535 2651,3542 2655,3484 2653,3456 751,3447 751,3478"/>
        <Baseline points="751,3478 2655,3484"/>
        <TextEquiv conf="0.9752762687493519">
          <Unicode>ewim tam venerando et sancto concilio se subtranere presumpserit, wlius se non csse</Unicode>
        </TextEquiv>
      </TextLine>
    </TextRegion>
    <TextRegion id="eSc_textblock_7beed3b0"  custom="structure {type:default;}">
      <Coords points="656,132 2087,132 2132,141 2132,218 2114,245 1860,253 662,245 618,200 656,132"/>
      <TextLine id="eSc_line_2749208c" custom="structure {type:default;}">
        <Coords points="656,209 656,229 733,242 735,242 843,231 1201,242 1204,242 1312,231 1884,240 1886,240 2012,229 2056,240 2059,240 2061,240 2063,240 2098,225 2098,205 2094,152 653,147 656,209"/>
        <Baseline points="656,209 2098,205"/>
        <TextEquiv conf="0.998467645380232">
          <Unicode>VICTOR IV. (OCTAVIANUS) antipapa. 1159— 1164.</Unicode>
        </TextEquiv>
      </TextLine>
    </TextRegion>
    <TextRegion id="eSc_textblock_769f31c5"  custom="structure {type:default;}">
      <Coords points="2562,141 2688,150 2706,218 2671,245 2531,236 2523,159 2562,141"/>
      <TextLine id="eSc_line_215cf596" custom="structure {type:default;}">
        <Coords points="2657,147 2635,145 2613,143 2593,143 2547,156 2551,212 2551,242 2666,251 2668,207 2664,147 2657,147"/>
        <Baseline points="2551,212 2668,207"/>
        <TextEquiv conf="0.9999998013178507">
          <Unicode>421</Unicode>
        </TextEquiv>
      </TextLine>
    </TextRegion>
  </Page>
</PcGts>
