<?xml version="1.0" encoding="UTF-8"  standalone="yes"?>
<PcGts xmlns="http://schema.primaresearch.org/PAGE/gts/pagecontent/2019-07-15" xmlns:xsi="http://www.w3.org/2001/XMLSchema-instance" xsi:schemaLocation="http://schema.primaresearch.org/PAGE/gts/pagecontent/2019-07-15 http://schema.primaresearch.org/PAGE/gts/pagecontent/2019-07-15/pagecontent.xsd">
  <Metadata>
	<Creator>escriptorium</Creator>
	<Created>2024-07-19T10:14:47.936726+00:00</Created>
        <LastChange>2024-08-08T08:48:27.359676+00:00</LastChange>
  </Metadata>
  <Page imageFilename="0438.png" imageWidth="3007" imageHeight="3975">
    <TextRegion id="eSc_textblock_86a2dd67"  custom="structure {type:default;}">
      <Coords points="2492,282 2671,291 2635,3539 2353,3584 1886,3548 97,3557 61,2736 61,512 114,318 333,309 342,432 344,309 371,291 2492,282"/>
      <TextLine id="eSc_line_9bec681d" custom="structure {type:default;}">
        <Coords points="625,353 627,386 669,375 790,375 808,386 810,386 813,386 815,386 817,386 821,384 857,373 945,384 954,384 956,384 958,384 961,384 1007,373 1071,382 1073,382 1075,382 1078,382 1078,379 1089,371 1164,382 1170,382 1173,382 1179,382 1237,371 1433,379 1464,379 1467,379 1478,379 1555,366 1964,373 1966,340 1961,293 1785,287 1782,287 1780,287 1754,295 1736,304 1615,304 1608,298 1595,289 1592,289 1590,289 1588,289 1586,289 1564,300 1557,302 1551,300 1524,289 1522,289 1520,289 1460,302 1442,306 1330,306 1327,304 1314,293 1312,293 1310,293 1307,293 1305,293 1303,293 1292,304 1288,309 1175,309 1173,306 1131,291 1129,291 1126,291 1045,309 1042,309 1040,309 987,293 985,293 983,293 914,309 850,293 848,293 846,293 843,293 786,311 751,295 748,295 642,295 640,295 638,295 636,295 636,298 623,309 625,353"/>
        <Baseline points="625,353 1966,340"/>
        <TextEquiv conf="0.9875236827819074">
          <Unicode>1162. (Ind. 10. — 25. Sept. — 11, pont. a. 3. — 4. Oct. — 4.)</Unicode>
        </TextEquiv>
      </TextLine>
      <TextLine id="eSc_line_1125ecd7" custom="structure {type:default;}">
        <Coords points="709,415 709,437 2618,430 2620,408 2618,373 2578,359 2576,359 2573,359 2514,371 2487,359 2485,359 2483,359 2346,371 2231,359 2229,359 2087,371 1984,359 1981,359 1979,359 1977,359 1953,373 1418,362 1416,362 1414,362 1411,362 1394,373 1252,364 1250,364 1248,364 1246,364 1230,377 1064,377 1038,364 1036,364 1034,364 1031,364 996,377 779,377 735,364 733,364 731,364 729,364 726,364 707,375 709,415"/>
        <Baseline points="709,415 2620,408"/>
        <TextEquiv conf="0.9933836185015165">
          <Unicode>Martene et Dur. Vet. Script. I. 865, Wigand Archiv III. rr. 4, Wilmans Addita-</Unicode>
        </TextEquiv>
      </TextLine>
      <TextLine id="eSc_line_4cfad756" custom="structure {type:default;}">
        <Coords points="707,472 707,490 2174,483 2176,465 2171,435 1197,426 1195,426 1075,437 746,428 744,428 742,428 704,439 707,472"/>
        <Baseline points="707,472 2176,465"/>
        <TextEquiv conf="0.9995301248597317">
          <Unicode>menta p. 46, Jaffé Bibl. I. 603. — Praedecessorum nostrorum“.</Unicode>
        </TextEquiv>
      </TextLine>
      <TextLine id="eSc_line_4f2f5c6b" custom="structure {type:default;}">
        <Coords points="377,525 377,547 578,549 581,521 574,477 375,479 377,525"/>
        <Baseline points="377,525 581,521"/>
        <TextEquiv conf="1.0">
          <Unicode>Bisuntii</Unicode>
        </TextEquiv>
      </TextLine>
      <TextLine id="eSc_line_c76696b2" custom="structure {type:default;}">
        <Coords points="656,527 656,549 2620,549 2622,518 2618,488 1639,479 1637,479 1634,479 1632,479 1615,490 1153,481 1151,481 1148,481 1122,492 676,483 673,483 671,483 669,483 653,490 656,527"/>
        <Baseline points="656,527 2622,518"/>
        <TextEquiv conf="0.9989776015281677">
          <Unicode>14473 Monasterii S. Mariae Romersdorfensis tutelam suscipit, bonaque et iura confir-</Unicode>
        </TextEquiv>
      </TextLine>
      <TextLine id="eSc_line_5f623206" custom="structure {type:default;}">
        <Coords points="97,530 97,552 187,563 190,563 320,547 320,525 315,483 245,472 243,472 95,483 97,530"/>
        <Baseline points="97,530 320,525"/>
        <TextEquiv conf="0.9999979337056478">
          <Unicode>Sept. 11.</Unicode>
        </TextEquiv>
      </TextLine>
      <TextLine id="eSc_line_3d1c7b96" custom="structure {type:default;}">
        <Coords points="707,578 707,600 2618,602 2622,574 2618,545 1663,534 1661,534 1566,545 914,536 912,536 704,547 707,578"/>
        <Baseline points="707,578 2622,574"/>
        <TextEquiv conf="0.9915369439434696">
          <Unicode>mat, petente Rodulfo abbate. Beyer M. U. I. 692, Wegeler Die Praemonstr.-Abt.</Unicode>
        </TextEquiv>
      </TextLine>
      <TextLine id="eSc_line_720da809" custom="structure {type:default;}">
        <Coords points="707,631 707,655 1992,653 1992,631 1990,591 707,594 707,631"/>
        <Baseline points="707,631 1992,631"/>
        <TextEquiv conf="0.9942558659957006">
          <Unicode>Rommersdorf, Append. p. 3. — „Quociens ea petuntur“.</Unicode>
        </TextEquiv>
      </TextLine>
      <TextLine id="eSc_line_3ff53ef4" custom="structure {type:default;}">
        <Coords points="349,689 349,713 600,711 603,684 596,647 510,647 497,642 475,631 472,631 470,631 468,631 448,640 426,649 417,638 413,636 413,633 410,633 408,633 406,633 346,633 349,689"/>
        <Baseline points="349,689 603,684"/>
        <TextEquiv conf="0.9970834612846374">
          <Unicode>ap. Faver-</Unicode>
        </TextEquiv>
      </TextLine>
      <TextLine id="eSc_line_280d8edf" custom="structure {type:default;}">
        <Coords points="653,689 653,711 2620,704 2622,682 2618,651 651,649 653,689"/>
        <Baseline points="653,689 2622,682"/>
        <TextEquiv conf="0.9937855731218289">
          <Unicode>14474 Monasterium S. Petri Balmense tuendum suscipit et „ab omni obedientia et</Unicode>
        </TextEquiv>
      </TextLine>
      <TextLine id="eSc_line_01636e9b" custom="structure {type:default;}">
        <Coords points="136,697 136,719 159,730 161,730 163,730 165,730 185,719 196,715 313,726 315,691 307,631 280,640 265,636 236,629 234,629 231,629 229,629 198,644 185,653 134,653 136,697"/>
        <Baseline points="136,697 315,691"/>
        <TextEquiv conf="1.0">
          <Unicode>„ 26.</Unicode>
        </TextEquiv>
      </TextLine>
      <TextLine id="eSc_line_d6ce3536" custom="structure {type:default;}">
        <Coords points="384,744 384,772 567,781 570,739 565,708 410,702 408,702 406,702 382,711 384,744"/>
        <Baseline points="384,744 570,739"/>
        <TextEquiv conf="0.9999974767367045">
          <Unicode>niacum</Unicode>
        </TextEquiv>
      </TextLine>
      <TextLine id="eSc_line_bc21a396" custom="structure {type:default;}">
        <Coords points="707,744 707,766 2620,759 2622,735 2615,706 704,713 707,744"/>
        <Baseline points="707,744 2622,735"/>
        <TextEquiv conf="0.9991556891175204">
          <Unicode>subiectione Cluniacensis ecclesiae absolvit“. Possessiones eius confirmat, petente Hu-</Unicode>
        </TextEquiv>
      </TextLine>
      <TextLine id="eSc_line_658bd15b" custom="structure {type:default;}">
        <Coords points="707,799 707,825 2615,825 2618,795 2613,766 1685,755 1683,755 1681,755 1650,766 1648,768 704,768 707,799"/>
        <Baseline points="707,799 2618,795"/>
        <TextEquiv conf="0.9782630627668356">
          <Unicode>gone abbate. Monnier Recherches hist. sur Beaume-les-Messieurs, ms. saec. XIX.,</Unicode>
        </TextEquiv>
      </TextLine>
      <TextLine id="eSc_line_36c3fcf2" custom="structure {type:default;}">
        <Coords points="707,854 707,881 2620,881 2622,848 2618,819 1352,810 1349,810 1347,810 1345,810 1332,821 965,812 963,812 704,823 707,854"/>
        <Baseline points="707,854 2622,848"/>
        <TextEquiv conf="0.9999536355821098">
          <Unicode>nouv. acquis. frano. 1039, Copia s. XVIII. in Coll. Moreau t. 71. f. 105, in bibl.</Unicode>
        </TextEquiv>
      </TextLine>
      <TextLine id="eSc_line_7c1ba3e3" custom="structure {type:default;}">
        <Coords points="704,907 704,927 1495,923 1497,903 1491,874 702,876 704,907"/>
        <Baseline points="704,907 1497,903"/>
        <TextEquiv conf="0.9998116544314793">
          <Unicode>nat. Paris. — „Officii nostri nos“.</Unicode>
        </TextEquiv>
      </TextLine>
      <TextLine id="eSc_line_e400a587" custom="structure {type:default;}">
        <Coords points="2622,925 2604,914 2602,914 2600,914 2598,914 2017,923 1736,925 1694,918 1663,914 1661,914 1659,914 1657,914 1650,918 1639,925 1588,918 1546,912 1544,912 1517,916 1491,925 1045,925 1016,912 1014,912 1011,912 1009,912 980,912 707,923 658,909 656,958 656,989 2620,989 2622,962 2622,925"/>
        <Baseline points="656,958 2622,962"/>
        <TextEquiv conf="0.9967570304870605">
          <Unicode>14475 (9403) Monasterii Bonifagetensis protectionem suscipit, possessionesque confirmat,</Unicode>
        </TextEquiv>
      </TextLine>
      <TextLine id="eSc_line_3590b65d" custom="structure {type:default;}">
        <Coords points="95,962 95,1000 315,1004 318,962 315,898 95,905 95,962"/>
        <Baseline points="95,962 318,962"/>
        <TextEquiv conf="0.9716087324278695">
          <Unicode>Oct. 8.</Unicode>
        </TextEquiv>
      </TextLine>
      <TextLine id="eSc_line_4923c799" custom="structure {type:default;}">
        <Coords points="406,967 406,984 472,995 475,995 550,978 550,962 543,901 402,903 406,967"/>
        <Baseline points="406,967 550,962"/>
        <TextEquiv conf="0.9984031558036804">
          <Unicode>Tulli</Unicode>
        </TextEquiv>
      </TextLine>
      <TextLine id="eSc_line_86e67830" custom="structure {type:default;}">
        <Coords points="707,1018 707,1046 2615,1033 2618,1013 2613,984 1674,973 1672,973 1670,973 1668,973 1657,984 1654,987 704,987 707,1018"/>
        <Baseline points="707,1018 2618,1013"/>
        <TextEquiv conf="0.9955199421980442">
          <Unicode>petente Ascelino abbate. Hugo O. P. A. I. Pr. p. 309. — „Desiderium, quod ad“.</Unicode>
        </TextEquiv>
      </TextLine>
      <TextLine id="eSc_line_817d5251" custom="structure {type:default;}">
        <Coords points="656,1073 656,1099 2618,1093 2620,1066 2615,1029 1336,1029 1334,1029 1332,1029 1307,1040 1305,1040 1237,1040 671,1031 669,1031 667,1031 665,1031 653,1037 656,1073"/>
        <Baseline points="656,1073 2620,1066"/>
        <TextEquiv conf="0.9984664134232395">
          <Unicode>14476 Agnete, abbatissa S. Glodesindis Metensis, petente praeposituram S. Theobaldi</Unicode>
        </TextEquiv>
      </TextLine>
      <TextLine id="eSc_line_81e0823a" custom="structure {type:default;}">
        <Coords points="132,1106 218,1095 313,1108 315,1077 313,1031 192,1033 134,1018 132,1077 132,1106"/>
        <Baseline points="132,1077 315,1077"/>
        <TextEquiv conf="0.9813321828842163">
          <Unicode>„ 27.</Unicode>
        </TextEquiv>
      </TextLine>
      <TextLine id="eSc_line_569c4d0f" custom="structure {type:default;}">
        <Coords points="399,1077 399,1108 558,1095 558,1068 552,1018 395,1022 399,1077"/>
        <Baseline points="399,1077 558,1068"/>
        <TextEquiv conf="0.9999954223632812">
          <Unicode>Metis</Unicode>
        </TextEquiv>
      </TextLine>
      <TextLine id="eSc_line_fc9219c0" custom="structure {type:default;}">
        <Coords points="704,1128 704,1154 2618,1148 2620,1121 2613,1093 702,1097 704,1128"/>
        <Baseline points="704,1128 2620,1121"/>
        <TextEquiv conf="0.9990919150412083">
          <Unicode>tuendam suscipit eiusque possessiones ac sororum S. Glodesindis in praeposituram</Unicode>
        </TextEquiv>
      </TextLine>
      <TextLine id="eSc_line_058ba62e" custom="structure {type:default;}">
        <Coords points="704,1181 704,1212 2618,1203 2620,1177 2615,1148 702,1146 704,1181"/>
        <Baseline points="704,1181 2620,1177"/>
        <TextEquiv conf="0.9993059399687214">
          <Unicode>iura confirmat. Hist. de Metz III. Preuves p. 128. (In Gall. Chr. XIII. 930 bulla</Unicode>
        </TextEquiv>
      </TextLine>
      <TextLine id="eSc_line_72e234c0" custom="structure {type:default;}">
        <Coords points="702,1236 702,1256 2439,1258 2441,1236 2441,1205 702,1205 702,1236"/>
        <Baseline points="702,1236 2441,1236"/>
        <TextEquiv conf="0.9998888985530751">
          <Unicode>data legitur „XVI. kal. Nov.“ i. e. 17. Oct.). — „Ad hoc, auctore domino“.</Unicode>
        </TextEquiv>
      </TextLine>
      <TextLine id="eSc_line_f1de595e" custom="structure {type:default;}">
        <Coords points="364,1294 364,1325 578,1331 581,1294 578,1247 364,1247 364,1294"/>
        <Baseline points="364,1294 581,1294"/>
        <TextEquiv conf="0.9999998509883881">
          <Unicode>Treveris</Unicode>
        </TextEquiv>
      </TextLine>
      <TextLine id="eSc_line_f092f91a" custom="structure {type:default;}">
        <Coords points="649,1294 649,1316 2622,1307 2622,1285 2618,1252 647,1252 649,1294"/>
        <Baseline points="649,1294 2622,1285"/>
        <TextEquiv conf="0.9902630884472917">
          <Unicode>Synodum „in festo omnium sanctorum cum multis episcopis et religiosis personis ce-</Unicode>
        </TextEquiv>
      </TextLine>
      <TextLine id="eSc_line_554a1d3a" custom="structure {type:default;}">
        <Coords points="95,1296 95,1318 119,1333 121,1333 123,1333 125,1333 192,1327 194,1327 196,1327 196,1325 198,1325 203,1318 207,1313 240,1313 247,1318 260,1329 260,1331 262,1331 265,1331 267,1331 311,1320 311,1291 307,1249 260,1238 258,1238 231,1243 192,1249 176,1238 170,1232 167,1232 165,1232 163,1232 161,1232 159,1232 154,1236 145,1243 92,1232 95,1296"/>
        <Baseline points="95,1296 311,1291"/>
        <TextEquiv conf="0.9991365671157837">
          <Unicode>Nov. 1.</Unicode>
        </TextEquiv>
      </TextLine>
      <TextLine id="eSc_line_db40906c" custom="structure {type:default;}">
        <Coords points="702,1349 702,1371 2618,1364 2620,1340 2613,1309 700,1313 702,1349"/>
        <Baseline points="702,1349 2620,1340"/>
        <TextEquiv conf="0.9977042398801664">
          <Unicode>lebrat“. Annal. Palidenses 1162 in MG. SS. XVI. 92. Quo in concilio „cum episcopis</Unicode>
        </TextEquiv>
      </TextLine>
      <TextLine id="eSc_line_c996ba72" custom="structure {type:default;}">
        <Coords points="704,1402 704,1431 2618,1422 2620,1397 2615,1366 720,1360 718,1360 715,1360 713,1360 702,1366 704,1402"/>
        <Baseline points="704,1402 2620,1397"/>
        <TextEquiv conf="0.9999945795679667">
          <Unicode>Teutonicis et Italicis sibi adhaerentibus Rolandum et eius sequaces anathematizat“.</Unicode>
        </TextEquiv>
      </TextLine>
      <TextLine id="eSc_line_b2908336" custom="structure {type:default;}">
        <Coords points="530,1426 532,1439 543,1439 543,1424 532,1382 521,1382 530,1426"/>
        <Baseline points="530,1426 543,1424"/>
        <TextEquiv>
          <Unicode></Unicode>
        </TextEquiv>
      </TextLine>
      <TextLine id="eSc_line_5634f67a" custom="structure {type:default;}">
        <Coords points="698,1457 698,1479 1743,1479 1743,1457 1743,1428 1687,1415 1685,1415 1683,1415 1641,1426 1606,1415 1604,1415 1601,1415 1535,1426 1531,1426 1528,1426 1455,1415 1453,1415 1365,1426 1356,1426 1341,1415 1338,1415 1336,1415 1334,1415 1250,1426 1237,1426 1228,1426 1182,1415 1179,1415 1122,1424 1109,1426 698,1424 698,1457"/>
        <Baseline points="698,1457 1743,1457"/>
        <TextEquiv conf="0.9904376850886778">
          <Unicode>Sigeb. cont. Aquicinct. 1162 ibidem VI. 409.</Unicode>
        </TextEquiv>
      </TextLine>
      <TextLine id="eSc_line_71fbb874" custom="structure {type:default;}">
        <Coords points="651,1517 651,1552 724,1550 726,1550 729,1550 748,1537 941,1550 943,1550 945,1550 947,1550 969,1537 1100,1545 1102,1545 1204,1534 1427,1548 1429,1548 1504,1534 1562,1545 1564,1545 1889,1532 1911,1545 1913,1545 1915,1545 1917,1545 2176,1532 2613,1543 2618,1508 2613,1475 2414,1464 2412,1464 649,1475 651,1517"/>
        <Baseline points="651,1517 2618,1508"/>
        <TextEquiv conf="0.9999622891930973">
          <Unicode>14477 (9404) Universas ecclesias per Babenbergensem episcopatum constitutas hortatur,</Unicode>
        </TextEquiv>
      </TextLine>
      <TextLine id="eSc_line_d7e730a4" custom="structure {type:default;}">
        <Coords points="128,1521 128,1537 136,1545 139,1545 141,1545 143,1545 194,1534 225,1530 309,1541 311,1517 307,1481 236,1466 234,1466 231,1466 229,1466 209,1481 203,1486 125,1484 128,1521"/>
        <Baseline points="128,1521 311,1517"/>
        <TextEquiv conf="0.9561826884746552">
          <Unicode>„ 4.</Unicode>
        </TextEquiv>
      </TextLine>
      <TextLine id="eSc_line_ad1562e6" custom="structure {type:default;}">
        <Coords points="433,1528 433,1548 517,1537 517,1528 517,1486 461,1472 459,1472 457,1472 433,1484 433,1528"/>
        <Baseline points="433,1528 517,1528"/>
        <TextEquiv conf="0.9999992847442627">
          <Unicode>„</Unicode>
        </TextEquiv>
      </TextLine>
      <TextLine id="eSc_line_bb2e030d" custom="structure {type:default;}">
        <Coords points="700,1570 700,1603 2613,1587 2615,1559 2611,1530 1467,1523 1464,1523 1462,1523 1460,1523 1447,1534 1100,1525 1098,1525 698,1539 700,1570"/>
        <Baseline points="700,1570 2615,1559"/>
        <TextEquiv conf="0.9963131990543631">
          <Unicode>ut sibi aere alieno laboranti „factis collationibus“ subveniant. Jaffé Bibl. V. 533. —</Unicode>
        </TextEquiv>
      </TextLine>
      <TextLine id="eSc_line_7d2b4247" custom="structure {type:default;}">
        <Coords points="700,1625 700,1658 1115,1643 1115,1620 1111,1590 698,1587 700,1625"/>
        <Baseline points="700,1625 1115,1620"/>
        <TextEquiv conf="0.999999957926133">
          <Unicode>„Mater et caput“.</Unicode>
        </TextEquiv>
      </TextLine>
      <TextLine id="eSc_line_3f6ebf86" custom="structure {type:default;}">
        <Coords points="620,1713 620,1746 914,1746 914,1744 972,1731 972,1709 967,1649 729,1649 726,1649 724,1649 722,1649 722,1651 711,1660 618,1651 620,1713"/>
        <Baseline points="620,1713 972,1709"/>
        <TextEquiv conf="0.9516664147377014">
          <Unicode>1160—1163.</Unicode>
        </TextEquiv>
      </TextLine>
      <TextLine id="eSc_line_a5ae6cb7" custom="structure {type:default;}">
        <Coords points="362,1786 362,1815 581,1821 583,1786 583,1746 523,1733 521,1733 362,1742 362,1786"/>
        <Baseline points="362,1786 583,1786"/>
        <TextEquiv conf="0.9999963707394071">
          <Unicode>Vercellis</Unicode>
        </TextEquiv>
      </TextLine>
      <TextLine id="eSc_line_5d7243a3" custom="structure {type:default;}">
        <Coords points="649,1788 649,1813 2611,1815 2615,1784 2609,1740 647,1744 649,1788"/>
        <Baseline points="649,1788 2615,1784"/>
        <TextEquiv conf="0.9922438509324017">
          <Unicode>14478 (9406) Arducio, episcopo Genevensi, significat, se A(medeo) comiti praecepisse,</Unicode>
        </TextEquiv>
      </TextLine>
      <TextLine id="eSc_line_538d4429" custom="structure {type:default;}">
        <Coords points="95,1790 95,1817 311,1817 311,1786 307,1746 106,1737 103,1737 101,1737 99,1737 92,1742 95,1790"/>
        <Baseline points="95,1790 311,1786"/>
        <TextEquiv conf="0.9997671161379132">
          <Unicode>Apr. 1.</Unicode>
        </TextEquiv>
      </TextLine>
      <TextLine id="eSc_line_17f0f6da" custom="structure {type:default;}">
        <Coords points="700,1841 700,1866 2620,1874 2622,1841 2622,1810 700,1810 700,1841"/>
        <Baseline points="700,1841 2622,1841"/>
        <TextEquiv conf="0.998326249869473">
          <Unicode>ut ablata ecclesiae Genevensi restitueret iniuriisque in eam abstineret. Spon Hist.</Unicode>
        </TextEquiv>
      </TextLine>
      <TextLine id="eSc_line_8706a4a5" custom="structure {type:default;}">
        <Coords points="698,1894 698,1923 782,1923 795,1934 797,1934 799,1934 802,1936 967,1936 967,1934 969,1934 972,1934 983,1925 992,1932 992,1934 994,1934 996,1934 998,1934 1000,1934 1022,1923 1042,1934 1045,1934 1047,1934 1120,1923 1144,1934 1146,1934 1148,1936 1367,1936 1367,1934 1369,1934 1372,1934 1372,1932 1383,1923 1654,1934 1657,1934 1816,1921 1816,1894 1816,1866 698,1866 698,1894"/>
        <Baseline points="698,1894 1816,1894"/>
        <TextEquiv conf="0.9965550225713978">
          <Unicode>de Gen. II. 22. — „Quoniam sedis apostolicae“.</Unicode>
        </TextEquiv>
      </TextLine>
      <TextLine id="eSc_line_b5ed6411" custom="structure {type:default;}">
        <Coords points="620,1987 620,2011 952,2011 952,1987 952,1947 879,1930 877,1930 810,1932 808,1932 806,1932 797,1938 788,1945 620,1932 620,1987"/>
        <Baseline points="620,1987 952,1987"/>
        <TextEquiv conf="0.9864958107471467">
          <Unicode>1161—1163.</Unicode>
        </TextEquiv>
      </TextLine>
      <TextLine id="eSc_line_bbe4e73d" custom="structure {type:default;}">
        <Coords points="344,2060 344,2089 404,2104 406,2104 408,2104 410,2104 430,2091 433,2091 444,2093 514,2104 517,2104 592,2095 592,2060 592,2016 499,2016 490,2009 468,1998 466,1998 406,1998 404,1998 402,1998 399,1998 399,2000 393,2007 386,2011 344,2005 344,2060"/>
        <Baseline points="344,2060 592,2060"/>
        <TextEquiv conf="0.999847374856472">
          <Unicode>Cremonae</Unicode>
        </TextEquiv>
      </TextLine>
      <TextLine id="eSc_line_ab82819f" custom="structure {type:default;}">
        <Coords points="92,2064 92,2117 201,2100 229,2108 245,2115 247,2115 249,2115 313,2102 313,2060 311,2022 276,2009 273,2009 271,2009 216,2018 181,2025 90,2016 92,2064"/>
        <Baseline points="92,2064 313,2060"/>
        <TextEquiv conf="0.9929616004228592">
          <Unicode>Iun. 13.</Unicode>
        </TextEquiv>
      </TextLine>
      <TextLine id="eSc_line_e7e27537" custom="structure {type:default;}">
        <Coords points="651,2064 651,2095 2618,2086 2620,2055 2613,2014 649,2020 651,2064"/>
        <Baseline points="651,2064 2620,2055"/>
        <TextEquiv conf="0.9907612485044143">
          <Unicode>14479 H(erberto) archiepiscopo et capitulo S. Iohannis Vesontionensi significat, sese</Unicode>
        </TextEquiv>
      </TextLine>
      <TextLine id="eSc_line_9cd86df2" custom="structure {type:default;}">
        <Coords points="702,2117 702,2142 2613,2146 2618,2113 2611,2084 700,2086 702,2117"/>
        <Baseline points="702,2117 2618,2113"/>
        <TextEquiv conf="0.9896093224301751">
          <Unicode>ad eorum petitionem P(etro) abbati S. Vincentii usum mitrae et anuli concessisse.</Unicode>
        </TextEquiv>
      </TextLine>
      <TextLine id="eSc_line_f0eb72e1" custom="structure {type:default;}">
        <Coords points="698,2170 698,2197 1283,2208 1285,2208 1288,2208 1325,2197 1330,2197 1334,2197 1387,2208 1389,2208 1391,2208 1422,2197 1431,2195 1447,2197 1502,2206 1504,2206 2163,2195 2165,2166 2160,2135 722,2131 720,2131 718,2131 695,2139 698,2170"/>
        <Baseline points="698,2170 2165,2166"/>
        <TextEquiv conf="0.9961133636534214">
          <Unicode>Gall. Christ. XV. Instr. p. 40. — „Consuevit apostolicae sedis“.</Unicode>
        </TextEquiv>
      </TextLine>
      <TextLine id="eSc_line_2b7e1d27" custom="structure {type:default;}">
        <Coords points="623,2276 623,2294 1933,2294 1935,2267 1931,2221 1875,2219 1873,2219 1871,2219 1869,2219 1869,2221 1851,2234 1752,2221 1727,2219 1725,2219 1723,2219 1721,2219 1721,2221 1718,2221 1703,2237 1592,2237 1577,2226 1575,2226 1573,2226 1570,2226 1469,2237 1427,2223 1418,2221 1416,2221 1414,2221 1411,2221 1409,2221 1409,2223 1407,2223 1394,2239 1338,2239 1303,2223 1294,2221 1292,2221 1290,2221 1288,2221 1285,2221 1285,2223 1283,2223 1270,2239 1175,2226 1157,2223 1155,2223 1129,2226 1005,2239 978,2226 972,2223 969,2223 967,2223 965,2223 956,2226 923,2241 850,2228 837,2226 835,2226 832,2226 824,2228 777,2241 748,2228 742,2226 740,2226 737,2226 620,2228 623,2276"/>
        <Baseline points="623,2276 1935,2267"/>
        <TextEquiv conf="0.9940233553042177">
          <Unicode>1163. (Ind. 11. — 25. Sept. — 12, pont. a. 4. — 4. Oct. — 5.)</Unicode>
        </TextEquiv>
      </TextLine>
      <TextLine id="eSc_line_b9dd76e5" custom="structure {type:default;}">
        <Coords points="338,2329 335,2367 596,2378 600,2336 600,2279 558,2274 556,2274 554,2274 552,2274 550,2276 536,2287 486,2276 466,2272 463,2272 338,2272 338,2329"/>
        <Baseline points="338,2329 600,2336"/>
        <TextEquiv conf="0.9652714282274246">
          <Unicode>Cremonam</Unicode>
        </TextEquiv>
      </TextLine>
      <TextLine id="eSc_line_7126cbc4" custom="structure {type:default;}">
        <Coords points="645,2334 645,2362 2622,2362 2622,2334 2622,2298 2483,2283 2481,2283 2478,2283 2443,2298 2282,2298 2231,2283 2229,2283 2227,2283 2224,2283 2193,2294 2163,2283 2160,2283 1939,2283 1937,2283 1935,2283 1933,2283 1911,2296 1506,2285 1504,2285 1449,2296 1391,2285 1389,2285 1265,2296 1219,2285 1217,2285 1215,2285 1153,2298 755,2298 700,2285 698,2285 645,2296 645,2334"/>
        <Baseline points="645,2334 2622,2334"/>
        <TextEquiv conf="0.9972158842776195">
          <Unicode>se confert post disturbatum colloquium Vesontionense (rectius: Laonense), ut tradit</Unicode>
        </TextEquiv>
      </TextLine>
      <TextLine id="eSc_line_54124272" custom="structure {type:default;}">
        <Coords points="702,2387 700,2411 1643,2411 1646,2391 1643,2360 702,2356 702,2387"/>
        <Baseline points="702,2387 1646,2391"/>
        <TextEquiv conf="0.9960000611640312">
          <Unicode>Acerbus Morena in MG. SS. XVIII. 640.</Unicode>
        </TextEquiv>
      </TextLine>
      <TextLine id="eSc_line_d352b36c" custom="structure {type:default;}">
        <Coords points="344,2444 344,2482 598,2482 598,2444 598,2407 344,2400 344,2444"/>
        <Baseline points="344,2444 598,2444"/>
        <TextEquiv conf="1.0">
          <Unicode>Cremonae</Unicode>
        </TextEquiv>
      </TextLine>
      <TextLine id="eSc_line_eeb07974" custom="structure {type:default;}">
        <Coords points="647,2444 647,2471 2622,2471 2622,2444 2622,2413 647,2407 647,2444"/>
        <Baseline points="647,2444 2622,2444"/>
        <TextEquiv conf="0.9963477920083439">
          <Unicode>14480 Monasterii S. Martini Glandariensis protectionem suscipit, possessionesque con-</Unicode>
        </TextEquiv>
      </TextLine>
      <TextLine id="eSc_line_2a0d2929" custom="structure {type:default;}">
        <Coords points="700,2504 700,2524 2618,2528 2622,2499 2620,2471 2591,2457 2589,2457 2587,2457 2476,2468 2244,2460 2242,2460 2154,2468 2136,2457 2134,2457 2132,2457 2129,2457 2127,2457 2094,2471 1904,2471 1769,2457 1767,2457 1703,2468 1670,2457 1668,2457 1665,2457 1663,2457 1621,2471 1564,2460 1562,2460 1204,2471 930,2460 927,2460 852,2471 720,2460 718,2460 715,2460 713,2460 698,2466 700,2504"/>
        <Baseline points="700,2504 2622,2499"/>
        <TextEquiv conf="0.9983703655961119">
          <Unicode>firmat, petente Folmaro abbate. (Notae temporis hae sunt: „Ind. 11, inc. a. 1163,</Unicode>
        </TextEquiv>
      </TextLine>
      <TextLine id="eSc_line_94c52e8d" custom="structure {type:default;}">
        <Coords points="702,2561 704,2590 744,2579 1084,2588 1164,2588 1166,2588 1201,2585 1312,2577 1513,2583 1639,2585 1641,2585 2620,2570 2622,2552 2618,2524 2143,2513 2140,2513 2138,2513 2136,2513 2121,2524 2118,2524 2109,2524 1796,2515 1794,2515 1670,2526 1657,2526 1621,2526 1243,2517 1241,2517 1186,2528 1177,2530 700,2530 702,2561"/>
        <Baseline points="702,2561 2622,2552"/>
        <TextEquiv conf="0.991081843405594">
          <Unicode>p. a. 4“. Testium nomina male desripta sunt, de fide vero bullae non est dubitan-</Unicode>
        </TextEquiv>
      </TextLine>
      <TextLine id="eSc_line_1ad3c5b1" custom="structure {type:default;}">
        <Coords points="700,2612 700,2636 2618,2636 2620,2608 2615,2579 1663,2568 1661,2568 1659,2568 1634,2579 731,2570 729,2570 726,2570 698,2579 700,2612"/>
        <Baseline points="700,2612 2620,2608"/>
        <TextEquiv conf="0.9850388779697647">
          <Unicode>dum). In bibl. nat. Paris. Cartul. S. Mart. s. XIV. ms. lat. 10030. f. 2, Coll. Mo-</Unicode>
        </TextEquiv>
      </TextLine>
      <TextLine id="eSc_line_7565d5a1" custom="structure {type:default;}">
        <Coords points="698,2665 698,2685 1235,2696 1237,2696 1420,2694 1422,2694 1425,2694 1425,2691 1436,2683 1478,2694 1480,2694 1482,2694 1553,2683 1557,2683 1559,2683 1590,2694 1592,2694 1595,2696 1805,2696 1805,2694 1807,2694 1858,2680 1858,2661 1851,2625 695,2632 698,2665"/>
        <Baseline points="698,2665 1858,2661"/>
        <TextEquiv conf="0.9944887428867574">
          <Unicode>reau 72. f. 51. — „Apostolicae sedis consuetudo“.</Unicode>
        </TextEquiv>
      </TextLine>
      <TextLine id="eSc_line_23ec7e3d" custom="structure {type:default;}">
        <Coords points="647,2714 647,2744 2096,2744 2222,2756 2224,2756 2372,2744 2591,2756 2593,2756 2596,2756 2618,2742 2620,2720 2620,2689 2578,2676 2576,2676 2573,2676 2412,2687 2408,2687 2401,2687 2112,2676 2109,2676 2107,2676 2065,2687 2061,2687 2052,2687 1959,2674 1957,2674 1862,2685 1824,2674 1822,2674 1820,2674 1818,2674 1778,2685 1676,2674 1674,2674 1610,2685 1608,2685 1604,2685 1542,2674 1539,2674 1537,2674 1515,2685 1438,2685 828,2674 826,2674 777,2683 771,2683 762,2683 704,2672 702,2672 647,2680 647,2714"/>
        <Baseline points="647,2714 2620,2720"/>
        <TextEquiv conf="0.9953618489560627">
          <Unicode>venit „die sabbati, quae fuit secunda dies mensis Novembris“. Acerbi Morenae Contin.</Unicode>
        </TextEquiv>
      </TextLine>
      <TextLine id="eSc_line_920a216f" custom="structure {type:default;}">
        <Coords points="95,2718 95,2769 315,2764 315,2714 309,2669 214,2672 198,2665 192,2658 190,2658 187,2658 185,2658 183,2658 172,2663 145,2674 92,2661 95,2718"/>
        <Baseline points="95,2718 315,2714"/>
        <TextEquiv conf="0.9956318310328892">
          <Unicode>Nov. 2.</Unicode>
        </TextEquiv>
      </TextLine>
      <TextLine id="eSc_line_fd2a5c1a" custom="structure {type:default;}">
        <Coords points="364,2720 364,2756 468,2769 470,2769 581,2751 581,2716 574,2665 362,2667 364,2720"/>
        <Baseline points="364,2720 581,2716"/>
        <TextEquiv conf="0.999995231628418">
          <Unicode>Landam</Unicode>
        </TextEquiv>
      </TextLine>
      <TextLine id="eSc_line_05c2f31a" custom="structure {type:default;}">
        <Coords points="700,2775 700,2797 1259,2793 1261,2771 1257,2740 715,2731 713,2731 711,2731 709,2731 698,2738 700,2775"/>
        <Baseline points="700,2775 1261,2771"/>
        <TextEquiv conf="0.9834383699026975">
          <Unicode>in MG. SS. XVIII. 642.</Unicode>
        </TextEquiv>
      </TextLine>
      <TextLine id="eSc_line_f0b5fc01" custom="structure {type:default;}">
        <Coords points="368,2866 565,2855 565,2826 565,2797 483,2780 481,2780 479,2780 452,2786 419,2795 371,2780 368,2826 368,2866"/>
        <Baseline points="368,2826 565,2826"/>
        <TextEquiv conf="0.9999997615814209">
          <Unicode>Laudae</Unicode>
        </TextEquiv>
      </TextLine>
      <TextLine id="eSc_line_ada78f1e" custom="structure {type:default;}">
        <Coords points="647,2833 647,2859 2622,2859 2624,2824 2615,2780 2587,2791 2061,2784 1774,2782 1771,2782 1705,2789 1630,2795 1464,2791 1246,2784 1243,2784 1241,2784 1239,2784 1228,2793 1224,2797 943,2797 936,2795 912,2786 910,2786 908,2786 857,2797 848,2797 839,2797 782,2786 779,2786 645,2797 647,2833"/>
        <Baseline points="647,2833 2624,2824"/>
        <TextEquiv conf="0.998228047875797">
          <Unicode>„proximo die lunae apostolicus et imperator et (Udalricus) patriarcha Aquileiensis et</Unicode>
        </TextEquiv>
      </TextLine>
      <TextLine id="eSc_line_6a59a427" custom="structure {type:default;}">
        <Coords points="136,2835 136,2879 225,2868 309,2877 311,2831 307,2795 134,2795 136,2835"/>
        <Baseline points="136,2835 311,2831"/>
        <TextEquiv conf="0.9778710156679153">
          <Unicode>„ 4.</Unicode>
        </TextEquiv>
      </TextLine>
      <TextLine id="eSc_line_e5305217" custom="structure {type:default;}">
        <Coords points="700,2886 700,2910 2618,2908 2620,2879 2613,2850 698,2855 700,2886"/>
        <Baseline points="700,2886 2620,2879"/>
        <TextEquiv conf="0.9968906299451764">
          <Unicode>(Hugo) abbas Cluniacensis cum aliis quibusdam episcopis et archiepiscopis extra ecclesiam</Unicode>
        </TextEquiv>
      </TextLine>
      <TextLine id="eSc_line_c7e5ea01" custom="structure {type:default;}">
        <Coords points="700,2941 700,2963 2618,2965 2622,2934 2615,2906 698,2910 700,2941"/>
        <Baseline points="700,2941 2622,2934"/>
        <TextEquiv conf="0.9953480262354196">
          <Unicode>maiorem de Laude-veteri corpus b. Bassiani suis humeris portant; et ab aliis deinde</Unicode>
        </TextEquiv>
      </TextLine>
      <TextLine id="eSc_line_b4c786c4" custom="structure {type:default;}">
        <Coords points="700,2994 700,3016 2525,3012 2527,2990 2523,2961 1634,2950 1632,2950 1551,2961 751,2952 748,2952 698,2963 700,2994"/>
        <Baseline points="700,2994 2527,2990"/>
        <TextEquiv conf="0.9866571687672236">
          <Unicode>ad Novum-Laude transvehitur“. Acerbi Morenae Cont. in MG. SS. XVIII. 642.</Unicode>
        </TextEquiv>
      </TextLine>
      <TextLine id="eSc_line_edc6f1fc" custom="structure {type:default;}">
        <Coords points="647,3043 645,3067 2620,3071 2624,3047 2622,3018 647,3012 647,3043"/>
        <Baseline points="647,3043 2624,3047"/>
        <TextEquiv conf="0.9943701531979945">
          <Unicode>(Paviae hoc anno mense Novembri aut Decembri Victorem a Conrado archiepiscopo</Unicode>
        </TextEquiv>
      </TextLine>
      <TextLine id="eSc_line_ca7996ef" custom="structure {type:default;}">
        <Coords points="707,3104 707,3127 2620,3120 2622,3098 2618,3069 704,3067 707,3104"/>
        <Baseline points="707,3104 2622,3098"/>
        <TextEquiv conf="0.9989049449751649">
          <Unicode>Moguntino receptum esse, ex Helmoldi Chron. Slav. L. I. c. 90 contendit Böhmer-</Unicode>
        </TextEquiv>
      </TextLine>
      <TextLine id="eSc_line_79f3b721" custom="structure {type:default;}">
        <Coords points="707,3157 707,3182 2618,3184 2622,3153 2615,3118 704,3122 707,3157"/>
        <Baseline points="707,3157 2622,3153"/>
        <TextEquiv conf="0.9978543594479561">
          <Unicode>Will Reg. arch. Mog. II. 5. n. 29; Helmoldi vero verba non huc pertinere, sed ad</Unicode>
        </TextEquiv>
      </TextLine>
      <TextLine id="eSc_line_e3d89a4b" custom="structure {type:default;}">
        <Coords points="698,3213 698,3239 2262,3250 2264,3213 2264,3182 698,3182 698,3213"/>
        <Baseline points="698,3213 2264,3213"/>
        <TextEquiv conf="0.9986044706836823">
          <Unicode>annum 1160, iam recte annotavit Lappenberg in MG. SS. XXI. 82.</Unicode>
        </TextEquiv>
      </TextLine>
      <TextLine id="eSc_line_acc74a36" custom="structure {type:default;}">
        <Coords points="618,3303 618,3325 653,3339 656,3339 658,3339 963,3323 963,3297 958,3255 872,3244 870,3244 868,3244 866,3244 848,3255 806,3241 804,3241 802,3241 799,3241 753,3257 704,3241 702,3241 700,3241 634,3244 631,3244 629,3244 616,3252 618,3303"/>
        <Baseline points="618,3303 963,3297"/>
        <TextEquiv conf="0.9567729397253557">
          <Unicode>1159— 1164.</Unicode>
        </TextEquiv>
      </TextLine>
      <TextLine id="eSc_line_c372961a" custom="structure {type:default;}">
        <Coords points="651,3374 651,3403 2622,3403 2622,3374 2622,3336 2178,3336 2178,3334 2143,3323 2140,3323 2138,3323 2136,3323 2114,3334 2074,3323 2072,3323 2070,3323 651,3332 651,3374"/>
        <Baseline points="651,3374 2622,3374"/>
        <TextEquiv conf="0.9969176081405289">
          <Unicode>14481 Archiepiscopis, episcopis, abbatibus, praepositis et omni clero, ducibus, marchi-</Unicode>
        </TextEquiv>
      </TextLine>
      <TextLine id="eSc_line_837e5163" custom="structure {type:default;}">
        <Coords points="702,3429 702,3456 2620,3456 2620,3429 2620,3403 702,3403 702,3429"/>
        <Baseline points="702,3429 2620,3429"/>
        <TextEquiv conf="0.9974500280480052">
          <Unicode>onibus, comitibus, egregiae ac strenuissimae militiae et universo populo in regno Teu-</Unicode>
        </TextEquiv>
      </TextLine>
      <TextLine id="eSc_line_607b6904" custom="structure {type:default;}">
        <Coords points="702,3484 702,3537 793,3564 795,3564 797,3564 799,3564 835,3548 905,3564 908,3564 910,3564 976,3546 1022,3564 1025,3564 1027,3564 1188,3542 1224,3559 1226,3559 1228,3559 1319,3542 1334,3539 1367,3542 1590,3564 1592,3566 1758,3566 1758,3564 1760,3564 1831,3544 1844,3542 1855,3544 1904,3564 1906,3564 1908,3566 2068,3566 2068,3564 2176,3546 2182,3546 2189,3546 2235,3559 2238,3559 2240,3559 2242,3559 2286,3548 2317,3539 2436,3539 2452,3548 2456,3553 2459,3553 2461,3553 2463,3553 2494,3548 2538,3542 2551,3548 2571,3559 2573,3559 2576,3559 2578,3559 2618,3548 2618,3484 2618,3456 702,3447 702,3484"/>
        <Baseline points="702,3484 2618,3484"/>
        <TextEquiv conf="0.9738726937635378">
          <Unicode>tonico constiruto scribit, et ecclesiae et fmperit negoriis prospicere et malorum pravi-</Unicode>
        </TextEquiv>
      </TextLine>
      <TextLine id="eSc_line_778910cd" custom="structure {type:default;}">
        <Coords points="130,3528 128,3577 338,3577 364,3588 366,3588 368,3588 371,3588 417,3575 421,3575 424,3575 448,3588 450,3588 452,3588 455,3588 501,3575 508,3575 514,3575 554,3590 556,3590 558,3590 700,3575 702,3535 702,3504 130,3493 130,3528"/>
        <Baseline points="130,3528 702,3535"/>
        <TextEquiv conf="0.9449209155458392">
          <Unicode>Regesta Pont. Roman. Ed. ssc. II.</Unicode>
        </TextEquiv>
      </TextLine>
      <TextLine id="eSc_line_748f7802" custom="structure {type:default;}">
        <Coords points="2328,3551 2330,3615 2359,3632 2361,3632 2364,3632 2366,3632 2368,3632 2370,3632 2403,3608 2401,3546 2397,3513 2324,3513 2328,3551"/>
        <Baseline points="2328,3551 2401,3546"/>
        <TextEquiv conf="0.9992512464523315">
          <Unicode>54</Unicode>
        </TextEquiv>
      </TextLine>
    </TextRegion>
    <TextRegion id="eSc_textblock_0eaac2e4"  custom="structure {type:default;}">
      <Coords points="612,132 2079,132 2087,227 600,236 583,141 612,132"/>
      <TextLine id="eSc_line_b5297382" custom="structure {type:default;}">
        <Coords points="1747,132 1745,132 1743,132 1725,145 1575,145 1559,145 1486,134 1484,134 1482,134 1453,145 1447,145 1431,145 1347,134 1345,134 614,143 616,203 616,223 653,238 656,238 658,238 832,225 910,238 912,238 914,238 961,225 978,238 980,238 983,238 985,238 1310,225 1325,225 1327,225 1360,236 1363,236 1365,238 1577,238 1577,236 1628,225 1654,220 1683,225 1732,234 1734,234 1785,225 1807,223 1842,225 1924,234 1926,234 2061,225 2061,196 2056,145 1749,132 1747,132"/>
        <Baseline points="616,203 2061,196"/>
        <TextEquiv conf="0.9904775456948713">
          <Unicode>VICTOR IV. (OCTAVIANUS) antipapa. 1159—1164.</Unicode>
        </TextEquiv>
      </TextLine>
    </TextRegion>
    <TextRegion id="eSc_textblock_864900e4"  custom="structure {type:default;}">
      <Coords points="2501,141 2662,150 2662,209 2496,236 2470,185 2501,141"/>
      <TextLine id="eSc_line_7ec856d6" custom="structure {type:default;}">
        <Coords points="2604,145 2591,145 2494,159 2498,203 2498,223 2604,231 2607,231 2609,231 2611,231 2626,220 2626,198 2620,145 2604,145"/>
        <Baseline points="2498,203 2626,198"/>
        <TextEquiv conf="0.9999997615814209">
          <Unicode>425</Unicode>
        </TextEquiv>
      </TextLine>
    </TextRegion>
  </Page>
</PcGts>
