<?xml version="1.0" encoding="UTF-8"  standalone="yes"?>
<PcGts xmlns="http://schema.primaresearch.org/PAGE/gts/pagecontent/2019-07-15" xmlns:xsi="http://www.w3.org/2001/XMLSchema-instance" xsi:schemaLocation="http://schema.primaresearch.org/PAGE/gts/pagecontent/2019-07-15 http://schema.primaresearch.org/PAGE/gts/pagecontent/2019-07-15/pagecontent.xsd">
  <Metadata>
	<Creator>escriptorium</Creator>
	<Created>2024-07-19T10:15:18.037958+00:00</Created>
        <LastChange>2024-08-08T08:48:48.608016+00:00</LastChange>
  </Metadata>
  <Page imageFilename="0776.png" imageWidth="3007" imageHeight="3975">
    <TextRegion id="eSc_textblock_9666f8f3"  custom="structure {type:default;}">
      <Coords points="720,318 2715,326 2697,3531 2443,3531 2397,3551 2406,3592 2319,3601 2246,3557 2008,3531 1906,3531 1895,3557 768,3566 669,3522 406,3531 380,3495 368,3531 318,3531 150,3486 106,2709 123,415 167,344 368,344 395,406 406,344 616,335 669,362 720,318"/>
      <TextLine id="eSc_line_fb007d7f" custom="structure {type:default;}">
        <Coords points="673,353 678,386 678,408 837,397 837,375 832,333 746,320 744,320 742,320 695,335 673,353"/>
        <Baseline points="678,386 837,375"/>
        <TextEquiv conf="0.9999993801116943">
          <Unicode>1169.</Unicode>
        </TextEquiv>
      </TextLine>
      <TextLine id="eSc_line_e97228d2" custom="structure {type:default;}">
        <Coords points="399,443 399,541 472,536 475,536 477,536 477,534 488,523 508,532 530,541 532,541 534,541 536,541 539,541 558,527 574,518 645,518 647,443 647,395 399,388 399,443"/>
        <Baseline points="399,443 647,443"/>
        <TextEquiv conf="0.881015807390213">
          <Unicode>Benevemi</Unicode>
        </TextEquiv>
      </TextLine>
      <TextLine id="eSc_line_ea21438f" custom="structure {type:default;}">
        <Coords points="709,443 709,465 2668,470 2671,443 2666,379 2624,393 2516,379 2470,375 2467,375 2439,382 2381,393 2344,382 2322,375 2319,375 2317,375 2282,382 2231,393 2207,382 2191,375 2189,375 2187,375 2185,375 2169,382 2147,393 2054,384 2006,379 2003,379 1975,384 1926,393 1754,386 1495,375 1493,375 1491,375 1453,388 1444,390 1429,388 1380,379 1378,379 1376,379 1343,388 1327,393 1312,388 1265,377 1263,377 1261,377 1049,390 1047,390 1027,377 1025,377 1022,377 916,375 914,375 912,375 872,393 709,393 709,443"/>
        <Baseline points="709,443 2671,443"/>
        <TextEquiv conf="0.9943272028027511">
          <Unicode>11621y Ecclesiae S. Caprasii Aginnensis possessiones confirmat, petente B. priore.</Unicode>
        </TextEquiv>
      </TextLine>
      <TextLine id="eSc_line_335b5804" custom="structure {type:default;}">
        <Coords points="154,446 154,470 329,477 331,477 333,477 377,463 377,443 373,395 152,386 154,446"/>
        <Baseline points="154,446 377,443"/>
        <TextEquiv conf="0.999134860932827">
          <Unicode>Mai. 14.</Unicode>
        </TextEquiv>
      </TextLine>
      <TextLine id="eSc_line_347e56a0" custom="structure {type:default;}">
        <Coords points="760,499 760,518 2671,527 2673,499 2673,468 2518,454 2516,454 2428,465 2421,465 2419,465 2406,454 2403,454 2401,454 2399,454 2397,454 2372,465 2370,465 2366,465 2330,454 2328,454 2326,454 2324,454 2291,465 2284,465 2255,463 2116,454 2114,454 2112,454 2081,463 2072,465 2065,463 2045,454 2043,454 2041,454 1966,463 1931,465 1884,461 1791,454 1789,454 1787,454 1760,461 1741,465 1699,461 1641,454 1639,454 1610,461 1586,465 760,457 760,499"/>
        <Baseline points="760,499 2673,499"/>
        <TextEquiv conf="0.998251308287893">
          <Unicode>Cop. saec. XIII. in Arch. dép. de la Haute-Garonne in Toulouse, fonds de St.-Sernin,</Unicode>
        </TextEquiv>
      </TextLine>
      <TextLine id="eSc_line_6938a3bf" custom="structure {type:default;}">
        <Coords points="757,554 757,576 1447,576 1493,580 1555,587 1557,587 1588,580 1615,576 2244,585 2381,585 2383,585 2392,585 2470,574 2671,585 2675,549 2671,521 755,514 757,554"/>
        <Baseline points="757,554 2675,549"/>
        <TextEquiv conf="0.9867805211575">
          <Unicode>Liasse 8. titre 4. Ex litteris Douais mecum communicavit comes Riant. — „Apo-</Unicode>
        </TextEquiv>
      </TextLine>
      <TextLine id="eSc_line_7415fbde" custom="structure {type:default;}">
        <Coords points="757,605 755,629 1469,638 1473,609 1469,569 757,569 757,605"/>
        <Baseline points="757,605 1473,609"/>
        <TextEquiv conf="0.9907772444909618">
          <Unicode>stolici moderaminis clementia“.</Unicode>
        </TextEquiv>
      </TextLine>
      <TextLine id="eSc_line_2f6c765c" custom="structure {type:default;}">
        <Coords points="676,704 676,733 839,726 839,697 835,651 775,638 773,638 671,649 676,704"/>
        <Baseline points="676,704 839,697"/>
        <TextEquiv conf="0.9999995231628418">
          <Unicode>1170.</Unicode>
        </TextEquiv>
      </TextLine>
      <TextLine id="eSc_line_bfd5def4" custom="structure {type:default;}">
        <Coords points="413,768 410,803 640,803 642,772 640,719 413,719 413,768"/>
        <Baseline points="413,768 642,772"/>
        <TextEquiv conf="0.9999994171990289">
          <Unicode>Ferentini</Unicode>
        </TextEquiv>
      </TextLine>
      <TextLine id="eSc_line_5b4c624a" custom="structure {type:default;}">
        <Coords points="150,775 150,797 229,810 231,810 373,792 373,770 368,726 148,719 150,775"/>
        <Baseline points="150,775 373,770"/>
        <TextEquiv conf="0.9998994602097405">
          <Unicode>Sept. 16.</Unicode>
        </TextEquiv>
      </TextLine>
      <TextLine id="eSc_line_ede13c3e" custom="structure {type:default;}">
        <Coords points="704,775 704,795 2675,790 2675,766 2668,724 702,726 704,775"/>
        <Baseline points="704,775 2675,766"/>
        <TextEquiv conf="0.9973912813314577">
          <Unicode>11837a Ab Hugone archiepiscopo lanuensi et Gerardo abbate Civitatulano latam inter</Unicode>
        </TextEquiv>
      </TextLine>
      <TextLine id="eSc_line_383edc33" custom="structure {type:default;}">
        <Coords points="757,828 757,848 2668,850 2673,823 2666,792 755,795 757,828"/>
        <Baseline points="757,828 2673,823"/>
        <TextEquiv conf="0.9969954750476739">
          <Unicode>ecclesiam S. Mariae Castellanam et ecclesiam SS. Nazarii et Damiani sententiam</Unicode>
        </TextEquiv>
      </TextLine>
      <TextLine id="eSc_line_c546774d" custom="structure {type:default;}">
        <Coords points="757,881 757,903 2668,909 2673,876 2668,848 1760,836 1758,836 1597,848 846,839 843,839 755,850 757,881"/>
        <Baseline points="757,881 2673,876"/>
        <TextEquiv conf="0.9916980172075877">
          <Unicode>confirmat. Vigna IIlustraz. di S. Maria di Castello, Genova 1864, p. 477 teste De-</Unicode>
        </TextEquiv>
      </TextLine>
      <TextLine id="eSc_line_dc09b15a" custom="structure {type:default;}">
        <Coords points="757,936 757,956 2165,967 2167,936 2167,907 757,907 757,936"/>
        <Baseline points="757,936 2167,936"/>
        <TextEquiv conf="0.996990923154152">
          <Unicode>simoni Regesti p. 68. n. 184. — „Quotiens super re aliqua“.</Unicode>
        </TextEquiv>
      </TextLine>
      <TextLine id="eSc_line_3cad818c" custom="structure {type:default;}">
        <Coords points="711,993 711,1018 2671,1018 2673,984 2666,945 709,956 711,993"/>
        <Baseline points="711,993 2673,984"/>
        <TextEquiv conf="0.9913716768643942">
          <Unicode>11837ß Clericos SS. Nazarii et Damiani hortatur, ut sententiam in favorem S. Mariae</Unicode>
        </TextEquiv>
      </TextLine>
      <TextLine id="eSc_line_8ad9eee8" custom="structure {type:default;}">
        <Coords points="187,998 187,1046 238,1046 238,1044 240,1044 243,1044 243,1042 258,1029 366,1044 368,998 366,947 187,965 187,998"/>
        <Baseline points="187,998 368,998"/>
        <TextEquiv conf="0.9997972130775452">
          <Unicode>„ 17.</Unicode>
        </TextEquiv>
      </TextLine>
      <TextLine id="eSc_line_dba94980" custom="structure {type:default;}">
        <Coords points="479,1009 479,1033 525,1044 528,1044 530,1044 532,1044 532,1042 534,1042 543,1029 545,1026 581,1024 583,1004 576,958 477,962 479,1009"/>
        <Baseline points="479,1009 583,1004"/>
        <TextEquiv conf="0.9999966621398926">
          <Unicode>„</Unicode>
        </TextEquiv>
      </TextLine>
      <TextLine id="eSc_line_f5207a4d" custom="structure {type:default;}">
        <Coords points="757,1046 757,1068 817,1082 819,1082 972,1071 1014,1068 1190,1068 1206,1073 1237,1082 1239,1082 1241,1082 1356,1073 1418,1068 1469,1073 1542,1082 1544,1082 1584,1075 1615,1068 1661,1075 1712,1082 1714,1082 1716,1082 1718,1082 1727,1075 1734,1071 1767,1075 1800,1079 1802,1079 1805,1079 1807,1079 1811,1075 1827,1066 2668,1079 2673,1042 2668,1013 777,1004 775,1004 773,1004 771,1004 755,1011 757,1046"/>
        <Baseline points="757,1046 2673,1042"/>
        <TextEquiv conf="0.9908375267575427">
          <Unicode>Castellanae latam observent. Vigna Illustraz. di S. Maria di Castello p. 478 teste</Unicode>
        </TextEquiv>
      </TextLine>
      <TextLine id="eSc_line_66ffbf5c" custom="structure {type:default;}">
        <Coords points="757,1104 757,1132 1206,1143 1208,1143 1210,1143 1212,1143 1212,1141 1215,1141 1221,1132 1224,1130 1237,1132 1299,1141 1301,1143 1407,1143 1407,1141 1409,1141 1411,1141 1411,1139 1420,1132 1422,1130 1431,1132 1493,1141 1495,1141 1497,1141 1520,1130 1522,1130 1528,1130 1586,1141 1588,1141 2138,1128 2140,1097 2136,1068 755,1066 757,1104"/>
        <Baseline points="757,1104 2140,1097"/>
        <TextEquiv conf="0.9911860585212707">
          <Unicode>Desimoni Regesti p. 68. n. 185. — „Ea quae de mandato“.</Unicode>
        </TextEquiv>
      </TextLine>
      <TextLine id="eSc_line_bc8d919a" custom="structure {type:default;}">
        <Coords points="673,1181 673,1196 751,1207 753,1207 835,1192 835,1177 830,1132 740,1121 737,1121 671,1135 673,1181"/>
        <Baseline points="673,1181 835,1177"/>
        <TextEquiv conf="0.9982281684875488">
          <Unicode>1172.</Unicode>
        </TextEquiv>
      </TextLine>
      <TextLine id="eSc_line_98a69819" custom="structure {type:default;}">
        <Coords points="406,1241 406,1272 492,1283 494,1283 497,1283 528,1269 609,1278 612,1278 614,1278 642,1263 642,1236 638,1190 404,1185 406,1241"/>
        <Baseline points="406,1241 642,1236"/>
        <TextEquiv conf="0.9999891387091743">
          <Unicode>Tusculani</Unicode>
        </TextEquiv>
      </TextLine>
      <TextLine id="eSc_line_e5cca10c" custom="structure {type:default;}">
        <Coords points="707,1241 707,1260 2675,1263 2677,1234 2673,1196 2034,1183 2032,1183 2030,1183 1975,1196 1537,1185 1535,1185 1533,1185 1493,1196 1374,1185 1372,1185 1175,1199 779,1188 777,1188 704,1201 707,1241"/>
        <Baseline points="707,1241 2677,1234"/>
        <TextEquiv conf="0.9954806126299358">
          <Unicode>12160a Decano et capitulo Wormatiensi indulget, ut ecclesiae malefactores, si tertio</Unicode>
        </TextEquiv>
      </TextLine>
      <TextLine id="eSc_line_2d78593c" custom="structure {type:default;}">
        <Coords points="152,1243 152,1272 236,1278 238,1278 291,1267 300,1265 302,1267 313,1276 315,1276 318,1276 320,1276 322,1276 366,1263 366,1238 362,1188 150,1185 152,1243"/>
        <Baseline points="152,1243 366,1238"/>
        <TextEquiv conf="0.9996971487998962">
          <Unicode>Aug. 28.</Unicode>
        </TextEquiv>
      </TextLine>
      <TextLine id="eSc_line_7471229d" custom="structure {type:default;}">
        <Coords points="755,1294 755,1313 2675,1309 2675,1289 2671,1260 1860,1249 1858,1249 1723,1260 1710,1263 753,1263 755,1294"/>
        <Baseline points="755,1294 2675,1289"/>
        <TextEquiv conf="0.997224818777155">
          <Unicode>commoniti satisfacere noluerint, cum assensu electi (Conradi) vel episcopi excom-</Unicode>
        </TextEquiv>
      </TextLine>
      <TextLine id="eSc_line_45601f6c" custom="structure {type:default;}">
        <Coords points="755,1344 753,1369 2668,1382 2673,1349 2668,1305 2445,1316 2375,1305 2368,1305 2366,1305 2359,1305 2306,1316 2158,1307 2125,1305 2123,1305 2121,1305 2118,1305 2118,1307 2101,1318 1955,1318 1928,1307 1919,1305 1917,1305 1654,1302 1652,1302 1617,1309 1586,1316 1252,1316 1241,1309 1219,1302 1217,1302 1215,1302 1212,1302 1210,1302 1199,1311 1193,1313 1148,1311 1042,1302 1040,1302 1038,1302 1016,1311 1007,1313 992,1311 943,1302 941,1302 755,1311 755,1344"/>
        <Baseline points="755,1344 2673,1349"/>
        <TextEquiv conf="0.9950507406781359">
          <Unicode>municent. (Textus depravatus est.) Westdeut. Zeitschr. f. Gesch. u. Kunst VII. 97.</Unicode>
        </TextEquiv>
      </TextLine>
      <TextLine id="eSc_line_79936c80" custom="structure {type:default;}">
        <Coords points="757,1400 755,1422 824,1437 826,1437 1102,1428 1113,1437 1113,1439 1115,1439 1117,1439 1120,1439 1378,1426 1380,1404 1376,1364 757,1366 757,1400"/>
        <Baseline points="757,1400 1380,1404"/>
        <TextEquiv conf="0.9995320582389832">
          <Unicode>— „Si quando postulatur“.</Unicode>
        </TextEquiv>
      </TextLine>
      <TextLine id="eSc_line_0a76d349" custom="structure {type:default;}">
        <Coords points="673,1497 673,1521 1000,1530 1003,1497 1003,1455 925,1437 923,1437 852,1453 843,1453 837,1453 764,1437 762,1437 673,1448 673,1497"/>
        <Baseline points="673,1497 1003,1497"/>
        <TextEquiv conf="0.9999031587080522">
          <Unicode>1160. 1173.</Unicode>
        </TextEquiv>
      </TextLine>
      <TextLine id="eSc_line_139f8bb4" custom="structure {type:default;}">
        <Coords points="404,1567 406,1620 463,1607 638,1616 640,1563 634,1519 402,1521 404,1567"/>
        <Baseline points="404,1567 640,1563"/>
        <TextEquiv conf="0.9999954402446747">
          <Unicode>Anagniae</Unicode>
        </TextEquiv>
      </TextLine>
      <TextLine id="eSc_line_c8afb6c9" custom="structure {type:default;}">
        <Coords points="704,1570 704,1601 2673,1585 2673,1563 2668,1523 2355,1508 2353,1508 2138,1521 2107,1508 2105,1508 2017,1508 2014,1508 1946,1523 1794,1510 1791,1510 1732,1523 1670,1510 1668,1510 1590,1523 1478,1510 1475,1510 1321,1525 1226,1512 1224,1512 1020,1525 998,1514 996,1514 994,1514 885,1523 843,1512 841,1512 839,1512 702,1528 704,1570"/>
        <Baseline points="704,1570 2673,1563"/>
        <TextEquiv conf="0.999748365034031">
          <Unicode>12174a Lunensem episcopum miratur „ad mandatum et suggestionem Friderici (— non</Unicode>
        </TextEquiv>
      </TextLine>
      <TextLine id="eSc_line_736827e4" custom="structure {type:default;}">
        <Coords points="148,1572 148,1623 375,1627 377,1565 371,1503 207,1519 145,1508 148,1572"/>
        <Baseline points="148,1572 377,1565"/>
        <TextEquiv conf="0.9462312534451485">
          <Unicode>Nov. 26?</Unicode>
        </TextEquiv>
      </TextLine>
      <TextLine id="eSc_line_82616210" custom="structure {type:default;}">
        <Coords points="755,1623 755,1651 2671,1649 2673,1618 2666,1583 753,1592 755,1623"/>
        <Baseline points="755,1623 2673,1618"/>
        <TextEquiv conf="0.9940874627450618">
          <Unicode>dicimus imperatoris, sed vehementis persecutoris ecclesiae“ —) civibus Ianuensibus</Unicode>
        </TextEquiv>
      </TextLine>
      <TextLine id="eSc_line_67dd3cd4" custom="structure {type:default;}">
        <Coords points="757,1678 757,1713 855,1702 2668,1702 2673,1671 2666,1645 755,1649 757,1678"/>
        <Baseline points="757,1678 2673,1671"/>
        <TextEquiv conf="0.9869484381620274">
          <Unicode>apostolicae sedi fidelibus Portum Veneris una cum consulibus Pisanis abstulisse itaque</Unicode>
        </TextEquiv>
      </TextLine>
      <TextLine id="eSc_line_b5e6cfcf" custom="structure {type:default;}">
        <Coords points="757,1737 757,1768 2671,1751 2673,1729 2668,1693 1389,1693 1387,1693 1155,1704 1137,1704 1122,1704 810,1696 808,1696 755,1707 757,1737"/>
        <Baseline points="757,1737 2673,1729"/>
        <TextEquiv conf="0.9939906226425637">
          <Unicode>potentiam illius auxisse, qui se ipsum (i. e. papam) de die in diem vehementissime</Unicode>
        </TextEquiv>
      </TextLine>
      <TextLine id="eSc_line_e444ca17" custom="structure {type:default;}">
        <Coords points="757,1790 757,1821 969,1810 1155,1819 1215,1821 1217,1821 1248,1819 1319,1810 1683,1815 2019,1819 2021,1819 2023,1819 2039,1813 2052,1806 2107,1813 2163,1817 2165,1817 2671,1806 2673,1784 2666,1755 755,1760 757,1790"/>
        <Baseline points="757,1790 2673,1784"/>
        <TextEquiv conf="0.9984287405625368">
          <Unicode>persequi non desisteret. Mandat, a tali praesumptione abstineat et ab obsequio</Unicode>
        </TextEquiv>
      </TextLine>
      <TextLine id="eSc_line_a0413ba7" custom="structure {type:default;}">
        <Coords points="760,1846 762,1881 804,1870 1064,1879 1098,1879 1100,1879 1106,1879 1159,1868 1427,1874 1515,1877 1517,1877 1520,1877 1522,1877 1524,1874 1542,1866 1743,1872 1849,1874 1851,1874 1882,1870 1928,1863 2671,1863 2673,1835 2666,1806 757,1815 760,1846"/>
        <Baseline points="760,1846 2673,1835"/>
        <TextEquiv conf="0.9896851137280465">
          <Unicode>„memorati tiranni“ ulterius se subtrahat. Desimoni Regesti p. 104. (Quae de tem-</Unicode>
        </TextEquiv>
      </TextLine>
      <TextLine id="eSc_line_2a178677" custom="structure {type:default;}">
        <Coords points="757,1899 757,1932 861,1921 2668,1925 2673,1894 2668,1863 936,1859 934,1859 755,1870 757,1899"/>
        <Baseline points="757,1899 2673,1894"/>
        <TextEquiv conf="0.9914699484066791">
          <Unicode>pore epistolae profert auctor ibid. p. 67. n. 174, nullius momenti sunt. Ceterum in</Unicode>
        </TextEquiv>
      </TextLine>
      <TextLine id="eSc_line_f038bced" custom="structure {type:default;}">
        <Coords points="757,1954 757,1985 1188,1985 1193,1985 1261,2000 1263,2002 1471,2002 1471,2000 1579,1985 1581,1985 1588,1985 2030,1998 2032,1998 2034,1998 2079,1983 2083,1983 2094,1983 2240,1998 2242,1998 2311,1983 2313,1983 2344,1998 2346,1998 2348,2000 2565,2000 2565,1998 2567,1998 2569,1998 2596,1983 2668,1983 2671,1949 2664,1921 755,1923 757,1954"/>
        <Baseline points="757,1954 2671,1949"/>
        <TextEquiv conf="0.9953475386263376">
          <Unicode>regesto et in lemmate epist. legitur: Nov. 15; in clausula vero „VI. kal. Dec.“.) —</Unicode>
        </TextEquiv>
      </TextLine>
      <TextLine id="eSc_line_2f241592" custom="structure {type:default;}">
        <Coords points="757,2014 757,2051 852,2064 855,2064 857,2064 859,2064 870,2053 879,2047 930,2047 945,2055 956,2062 958,2062 961,2062 963,2062 965,2062 985,2055 1005,2049 1027,2055 1047,2062 1049,2062 1051,2062 1053,2062 1056,2062 1062,2055 1078,2044 1109,2058 1117,2060 1120,2060 1122,2060 1217,2058 1217,2007 1212,1978 932,1969 930,1969 755,1983 757,2014"/>
        <Baseline points="757,2014 1217,2007"/>
        <TextEquiv conf="0.9427767709681862">
          <Unicode>„Licet devotionem“.</Unicode>
        </TextEquiv>
      </TextLine>
      <TextLine id="eSc_line_43999358" custom="structure {type:default;}">
        <Coords points="676,2106 676,2126 724,2137 726,2137 837,2120 837,2100 832,2047 746,2038 744,2038 671,2051 676,2106"/>
        <Baseline points="676,2106 837,2100"/>
        <TextEquiv conf="0.9989461183547974">
          <Unicode>1173.</Unicode>
        </TextEquiv>
      </TextLine>
      <TextLine id="eSc_line_f7d30f78" custom="structure {type:default;}">
        <Coords points="148,2177 148,2217 178,2230 181,2230 183,2232 236,2232 236,2230 238,2230 240,2230 256,2219 260,2214 271,2219 289,2226 291,2226 293,2226 368,2219 368,2173 362,2093 240,2111 145,2095 148,2177"/>
        <Baseline points="148,2177 368,2173"/>
        <TextEquiv conf="0.9721174372567071">
          <Unicode>Febr. 26.</Unicode>
        </TextEquiv>
      </TextLine>
      <TextLine id="eSc_line_a5751074" custom="structure {type:default;}">
        <Coords points="424,2177 424,2219 623,2219 623,2177 623,2104 424,2097 424,2177"/>
        <Baseline points="424,2177 623,2177"/>
        <TextEquiv conf="0.989723699433463">
          <Unicode>Sirniae</Unicode>
        </TextEquiv>
      </TextLine>
      <TextLine id="eSc_line_2f71ef2e" custom="structure {type:default;}">
        <Coords points="707,2177 707,2201 2673,2201 2675,2173 2671,2126 2615,2113 2613,2113 2547,2126 2538,2126 2531,2126 2470,2108 2467,2108 2465,2108 2355,2126 2344,2126 2339,2126 2297,2111 2295,2111 2293,2111 2136,2124 2021,2106 1780,2106 1778,2106 1776,2106 1741,2126 1736,2128 1687,2128 1676,2126 1630,2108 1628,2108 1467,2108 1464,2108 1462,2108 1429,2126 1422,2131 1051,2131 1038,2126 985,2108 983,2108 980,2108 704,2124 707,2177"/>
        <Baseline points="707,2177 2675,2173"/>
        <TextEquiv conf="0.993916451268726">
          <Unicode>12192a Fratribus de Claromaresco praecipit, ut monasterii S. Bertini Sithiensis privilegia</Unicode>
        </TextEquiv>
      </TextLine>
      <TextLine id="eSc_line_9a0af1cb" custom="structure {type:default;}">
        <Coords points="760,2232 760,2256 824,2267 826,2267 828,2267 859,2259 866,2256 1168,2256 1179,2259 1210,2267 1212,2267 1215,2267 1217,2267 1243,2259 1259,2254 1274,2259 1296,2265 1299,2265 1301,2265 1478,2259 1623,2254 1668,2259 1712,2265 1714,2265 1802,2261 1928,2252 2072,2261 2127,2263 2129,2263 2185,2261 2386,2250 2403,2261 2406,2261 2408,2261 2410,2263 2671,2263 2673,2223 2666,2195 757,2201 760,2232"/>
        <Baseline points="760,2232 2673,2223"/>
        <TextEquiv conf="0.9999706229058708">
          <Unicode>super territorio Arquensi observent. Fragm. ap. Haigneré Les chartes de St.-Bertin</Unicode>
        </TextEquiv>
      </TextLine>
      <TextLine id="eSc_line_dc194b9a" custom="structure {type:default;}">
        <Coords points="757,2285 757,2303 826,2316 828,2316 930,2305 1391,2316 1394,2316 1451,2303 1451,2285 1451,2256 757,2254 757,2285"/>
        <Baseline points="757,2285 1451,2285"/>
        <TextEquiv conf="0.9949068920365696">
          <Unicode>I. 118. — „Sicut vobis iura“.</Unicode>
        </TextEquiv>
      </TextLine>
      <TextLine id="eSc_line_e4fe00c9" custom="structure {type:default;}">
        <Coords points="152,2343 152,2391 368,2385 368,2340 364,2274 150,2272 152,2343"/>
        <Baseline points="152,2343 368,2340"/>
        <TextEquiv conf="0.9972227811813354">
          <Unicode>Aug. 7.</Unicode>
        </TextEquiv>
      </TextLine>
      <TextLine id="eSc_line_f9d48005" custom="structure {type:default;}">
        <Coords points="707,2343 707,2376 790,2365 2673,2365 2675,2336 2671,2305 2264,2290 2262,2290 2198,2303 2112,2290 2109,2290 2014,2305 1986,2292 1984,2292 1849,2292 1847,2292 1844,2292 1813,2305 1455,2294 1453,2294 1354,2307 1332,2294 1330,2294 1327,2294 1325,2294 1323,2294 1288,2307 1235,2296 1232,2296 1040,2307 1007,2294 1005,2294 1003,2294 1000,2294 969,2307 927,2294 925,2294 923,2294 863,2307 808,2294 806,2294 804,2294 704,2309 707,2343"/>
        <Baseline points="707,2343 2675,2336"/>
        <TextEquiv conf="0.9999585137647741">
          <Unicode>12233a „Duobus curialibus“ mandat, ut exequantur iudicium ab ipso prolatum in favorem</Unicode>
        </TextEquiv>
      </TextLine>
      <TextLine id="eSc_line_80511ff1" custom="structure {type:default;}">
        <Coords points="406,2345 406,2382 521,2393 523,2393 642,2378 642,2340 636,2307 404,2309 406,2345"/>
        <Baseline points="406,2345 642,2340"/>
        <TextEquiv conf="0.9999976605176926">
          <Unicode>Anagniae</Unicode>
        </TextEquiv>
      </TextLine>
      <TextLine id="eSc_line_589de797" custom="structure {type:default;}">
        <Coords points="760,2398 760,2426 1968,2426 1968,2424 1975,2424 2039,2413 2671,2422 2675,2391 2671,2362 779,2356 777,2356 775,2356 773,2356 757,2362 760,2398"/>
        <Baseline points="760,2398 2675,2391"/>
        <TextEquiv conf="0.9995336723633301">
          <Unicode>Alatrinorum contra Frusinates, fundum „Campi Flori“ sibi vindicantes. Luigi de</Unicode>
        </TextEquiv>
      </TextLine>
      <TextLine id="eSc_line_123ae857" custom="structure {type:default;}">
        <Coords points="760,2451 760,2479 2671,2479 2673,2444 2668,2418 757,2413 760,2451"/>
        <Baseline points="760,2451 2673,2444"/>
        <TextEquiv conf="0.9898281809760303">
          <Unicode>Persiis Del pontificato di S. Sisto I. papa e martire, della traslazione delle sue</Unicode>
        </TextEquiv>
      </TextLine>
      <TextLine id="eSc_line_00369e85" custom="structure {type:default;}">
        <Coords points="760,2504 760,2537 2675,2530 2675,2504 2675,2475 760,2475 760,2504"/>
        <Baseline points="760,2504 2675,2504"/>
        <TextEquiv conf="0.9932904291984647">
          <Unicode>reliquie da Roma in Alatri, Alatri 1884, p. 213: ex Arch. capit. Alatr. pergam. n. 12.</Unicode>
        </TextEquiv>
      </TextLine>
      <TextLine id="eSc_line_643ba2d9" custom="structure {type:default;}">
        <Coords points="757,2561 757,2594 983,2583 1330,2592 1343,2592 1345,2592 1347,2592 1349,2592 1367,2581 1387,2592 1389,2592 1391,2592 1398,2592 1504,2581 1575,2592 1584,2592 1586,2592 1604,2592 1741,2579 1796,2590 1798,2590 1800,2590 1802,2590 1891,2579 2147,2590 2191,2590 2193,2590 2204,2588 2271,2577 2308,2588 2311,2588 2313,2588 2673,2585 2675,2552 2671,2526 2233,2515 2231,2515 2229,2515 2191,2526 2189,2526 2174,2526 1811,2517 1809,2517 1674,2528 1663,2528 1632,2528 1239,2519 1237,2519 1235,2519 1232,2519 1221,2530 1219,2532 755,2532 757,2561"/>
        <Baseline points="757,2561 2675,2552"/>
        <TextEquiv conf="0.9992972362685848">
          <Unicode>(Extractum ex hoc libro, quem ipse non vidi, debeo Edmundo Bishop; ideoque</Unicode>
        </TextEquiv>
      </TextLine>
      <TextLine id="eSc_line_1c0ad645" custom="structure {type:default;}">
        <Coords points="760,2616 760,2638 2611,2643 2615,2612 2609,2583 757,2585 760,2616"/>
        <Baseline points="760,2616 2615,2612"/>
        <TextEquiv conf="0.9988621532181163">
          <Unicode>facultatem non habeo disceptandi, rectene sit ascripta epistola huic anno necne.)</Unicode>
        </TextEquiv>
      </TextLine>
      <TextLine id="eSc_line_282c0b83" custom="structure {type:default;}">
        <Coords points="148,2665 145,2714 366,2709 368,2669 366,2594 148,2597 148,2665"/>
        <Baseline points="148,2665 368,2669"/>
        <TextEquiv conf="0.9481956735253334">
          <Unicode>Oet. 26.</Unicode>
        </TextEquiv>
      </TextLine>
      <TextLine id="eSc_line_a07522c6" custom="structure {type:default;}">
        <Coords points="709,2674 709,2718 810,2716 813,2716 850,2696 919,2714 921,2714 923,2714 925,2714 1005,2694 1036,2707 1038,2707 1040,2707 1042,2707 1075,2691 1254,2703 1257,2703 1336,2691 1429,2709 1431,2709 1433,2709 1486,2696 1524,2709 1531,2711 1533,2711 1535,2711 1537,2711 1544,2709 1584,2694 1712,2694 1736,2707 1738,2709 1741,2709 1743,2709 1745,2709 1747,2709 1760,2707 1813,2691 1953,2705 1975,2705 1977,2705 1992,2703 2068,2691 2112,2703 2149,2711 2151,2711 2154,2711 2211,2700 2277,2687 2306,2700 2324,2707 2326,2707 2328,2707 2330,2707 2348,2698 2355,2696 2673,2696 2675,2665 2671,2632 724,2632 722,2632 720,2632 718,2632 707,2638 709,2674"/>
        <Baseline points="709,2674 2675,2665"/>
        <TextEquiv conf="0.996031929587209">
          <Unicode>12241 a (8285) Henrico, archiepiscopo Remensi, mandat, ut fugitivos H. thesaurarii ec-</Unicode>
        </TextEquiv>
      </TextLine>
      <TextLine id="eSc_line_2e524135" custom="structure {type:default;}">
        <Coords points="472,2687 472,2720 519,2727 521,2727 523,2727 585,2705 585,2683 581,2652 523,2643 521,2643 519,2643 510,2647 492,2656 470,2645 472,2687"/>
        <Baseline points="472,2687 585,2683"/>
        <TextEquiv conf="1.0">
          <Unicode>„</Unicode>
        </TextEquiv>
      </TextLine>
      <TextLine id="eSc_line_69d2c1f7" custom="structure {type:default;}">
        <Coords points="760,2727 760,2744 2675,2753 2677,2727 2677,2696 760,2696 760,2727"/>
        <Baseline points="760,2727 2677,2727"/>
        <TextEquiv conf="0.9997422565252353">
          <Unicode>clesiae Altissiodorensis servos reverti ad eundem dominum cogat. Martene Coll.</Unicode>
        </TextEquiv>
      </TextLine>
      <TextLine id="eSc_line_3c1eb0f3" custom="structure {type:default;}">
        <Coords points="760,2778 760,2811 2675,2800 2675,2778 2675,2749 760,2749 760,2778"/>
        <Baseline points="760,2778 2675,2778"/>
        <TextEquiv conf="0.9998379272299928">
          <Unicode>II. 992, Migne 200 p. 965. (Jaffé hanc ep. annis 1173—74 attribuerat; sed die</Unicode>
        </TextEquiv>
      </TextLine>
      <TextLine id="eSc_line_d9b0ac72" custom="structure {type:default;}">
        <Coords points="762,2835 762,2862 2671,2859 2673,2831 2668,2804 760,2800 762,2835"/>
        <Baseline points="762,2835 2673,2831"/>
        <TextEquiv conf="0.9956526383757591">
          <Unicode>26. Oct. a. 1174 papa „Anagniae“ iam non erat. Suo loco eam delevi, sed in locum</Unicode>
        </TextEquiv>
      </TextLine>
      <TextLine id="eSc_line_92e98ded" custom="structure {type:default;}">
        <Coords points="760,2895 760,2932 914,2926 925,2932 934,2939 936,2939 938,2939 1195,2941 1197,2941 1199,2941 1201,2941 1219,2930 1221,2930 1265,2941 1268,2941 1270,2941 1321,2930 1332,2928 1347,2930 1422,2941 1425,2941 1427,2941 1475,2928 1497,2923 1522,2928 1573,2939 1575,2939 1626,2928 1643,2923 1648,2928 1659,2937 1659,2939 1661,2939 1663,2939 1665,2941 1794,2941 1794,2939 1796,2939 1798,2939 1818,2926 1822,2923 1833,2926 1877,2939 1880,2939 1882,2939 1884,2939 1886,2939 1886,2937 1900,2926 1902,2923 1942,2923 1955,2926 2017,2939 2019,2939 2021,2939 2023,2939 2041,2926 2045,2923 2090,2923 2094,2890 2087,2857 757,2859 760,2895"/>
        <Baseline points="760,2895 2094,2890"/>
        <TextEquiv conf="0.9964962046025163">
          <Unicode>alium transferre oblitus eram.) — „Dilectus filius noster“.</Unicode>
        </TextEquiv>
      </TextLine>
      <TextLine id="eSc_line_194940c1" custom="structure {type:default;}">
        <Coords points="678,2968 678,2987 698,2996 700,2996 702,2996 839,2983 839,2959 832,2915 771,2917 768,2915 742,2899 740,2899 737,2899 735,2899 733,2899 673,2917 678,2968"/>
        <Baseline points="678,2968 839,2959"/>
        <TextEquiv conf="0.9999999523162841">
          <Unicode>1175.</Unicode>
        </TextEquiv>
      </TextLine>
      <TextLine id="eSc_line_6989540e" custom="structure {type:default;}">
        <Coords points="152,3025 152,3054 320,3065 322,3065 324,3065 375,3047 375,3025 375,2974 338,2961 335,2961 333,2961 265,2972 247,2974 152,2970 152,3025"/>
        <Baseline points="152,3025 375,3025"/>
        <TextEquiv conf="0.9664464890956879">
          <Unicode>Mai. 22.</Unicode>
        </TextEquiv>
      </TextLine>
      <TextLine id="eSc_line_868fdc3f" custom="structure {type:default;}">
        <Coords points="413,3025 413,3107 578,3115 581,3115 583,3115 587,3113 605,3104 645,3115 649,3025 642,2959 629,2972 576,2972 565,2963 545,2945 545,2943 543,2943 541,2943 475,2943 472,2943 470,2943 413,2972 413,3025"/>
        <Baseline points="413,3025 649,3025"/>
        <TextEquiv conf="0.676449586947759">
          <Unicode>Perntr</Unicode>
        </TextEquiv>
      </TextLine>
      <TextLine id="eSc_line_87c9148b" custom="structure {type:default;}">
        <Coords points="707,3025 707,3056 2675,3045 2675,3021 2671,2981 704,2981 707,3025"/>
        <Baseline points="707,3025 2675,3021"/>
        <TextEquiv conf="0.9931536410228315">
          <Unicode>12485a Consulibus lanuensibus ecclesiam S. Ruffi omnesque ad eam pertinentes eccle-</Unicode>
        </TextEquiv>
      </TextLine>
      <TextLine id="eSc_line_be268a62" custom="structure {type:default;}">
        <Coords points="760,3080 760,3104 2675,3102 2677,3074 2671,3047 757,3049 760,3080"/>
        <Baseline points="760,3080 2677,3074"/>
        <TextEquiv conf="0.9990319974720479">
          <Unicode>sias commendat. Hortatur eos, ut ecclesiae S. Salvatoris, in cuius terra noviter</Unicode>
        </TextEquiv>
      </TextLine>
      <TextLine id="eSc_line_86dd3a63" custom="structure {type:default;}">
        <Coords points="762,3133 762,3160 2675,3160 2675,3133 2675,3102 762,3096 762,3133"/>
        <Baseline points="762,3133 2675,3133"/>
        <TextEquiv conf="0.9886162265753135">
          <Unicode>muri ad munitionem civitatis sint erecti, dignam compensationem exhibeant. (In</Unicode>
        </TextEquiv>
      </TextLine>
      <TextLine id="eSc_line_17b4f62a" custom="structure {type:default;}">
        <Coords points="762,3191 762,3217 2675,3217 2675,3191 2675,3160 762,3160 762,3191"/>
        <Baseline points="762,3191 2675,3191"/>
        <TextEquiv conf="0.9992369442810247">
          <Unicode>clausula „II. kal. Iun.“ significare „11“, non „2“ docet regestum p. 69. n. 188.)</Unicode>
        </TextEquiv>
      </TextLine>
      <TextLine id="eSc_line_b87c98cd" custom="structure {type:default;}">
        <Coords points="764,3244 764,3268 1922,3268 1922,3244 1922,3213 764,3208 764,3244"/>
        <Baseline points="764,3244 1922,3244"/>
        <TextEquiv conf="0.9961297226448854">
          <Unicode>Desimoni Regesti p. 109. — „Ecclesiam S. Ruffi“.</Unicode>
        </TextEquiv>
      </TextLine>
      <TextLine id="eSc_line_56b86216" custom="structure {type:default;}">
        <Coords points="713,3299 713,3332 2675,3327 2677,3294 2673,3266 726,3257 724,3257 722,3257 720,3257 711,3261 713,3299"/>
        <Baseline points="713,3299 2677,3294"/>
        <TextEquiv conf="0.9987455990753675">
          <Unicode>12518a Domum leprosorum Baiocensium tuendam suscipit eiusque possessiones ab</Unicode>
        </TextEquiv>
      </TextLine>
      <TextLine id="eSc_line_9a5d7911" custom="structure {type:default;}">
        <Coords points="152,3301 152,3376 258,3378 260,3378 262,3378 265,3378 293,3352 311,3339 380,3339 380,3301 380,3261 342,3248 340,3248 338,3248 276,3261 262,3250 262,3248 260,3248 258,3248 201,3248 198,3248 196,3248 152,3261 152,3301"/>
        <Baseline points="152,3301 380,3301"/>
        <TextEquiv conf="0.9532889260186089">
          <Unicode>Sept. 10.</Unicode>
        </TextEquiv>
      </TextLine>
      <TextLine id="eSc_line_81c0d735" custom="structure {type:default;}">
        <Coords points="479,3314 481,3425 585,3429 583,3310 576,3261 477,3270 479,3314"/>
        <Baseline points="479,3314 583,3310"/>
        <TextEquiv conf="0.9999992847442627">
          <Unicode>„</Unicode>
        </TextEquiv>
      </TextLine>
      <TextLine id="eSc_line_c53dc13e" custom="structure {type:default;}">
        <Coords points="766,3354 766,3383 2675,3383 2677,3350 2673,3323 764,3323 766,3354"/>
        <Baseline points="766,3354 2677,3350"/>
        <TextEquiv conf="0.9948160727340055">
          <Unicode>Heinrico Anglorum rege, Henrico episcopo Baiocensi eorumque praedecessoribus aliis-</Unicode>
        </TextEquiv>
      </TextLine>
      <TextLine id="eSc_line_ca96cf7b" custom="structure {type:default;}">
        <Coords points="766,3409 766,3431 2675,3431 2675,3409 2675,3380 766,3380 766,3409"/>
        <Baseline points="766,3409 2675,3409"/>
        <TextEquiv conf="0.9948981904689177">
          <Unicode>que donatas confirmat. In bibl. publ. Baiocensi ms. 1, Cartul. de prieuré de St.-</Unicode>
        </TextEquiv>
      </TextLine>
      <TextLine id="eSc_line_32fdc046" custom="structure {type:default;}">
        <Coords points="768,3462 768,3486 802,3500 804,3500 806,3500 808,3500 843,3489 1102,3489 1106,3489 1131,3500 1133,3500 1135,3500 1336,3493 1385,3504 1387,3504 1389,3504 1484,3493 1500,3491 1511,3493 1564,3504 1566,3504 1628,3493 1646,3491 1650,3493 1661,3502 1663,3502 1665,3502 1668,3502 1670,3502 1672,3502 1683,3493 1690,3489 1725,3493 1776,3502 1778,3502 1831,3495 1864,3491 1902,3495 1959,3502 1961,3502 1964,3502 1979,3495 1995,3489 2012,3495 2030,3504 2032,3504 2034,3506 2251,3506 2251,3504 2253,3504 2255,3504 2264,3498 2280,3489 2359,3498 2408,3504 2410,3504 2450,3500 2494,3493 2531,3500 2556,3504 2558,3504 2560,3504 2562,3504 2567,3500 2580,3491 2596,3500 2604,3504 2607,3504 2609,3504 2668,3500 2671,3462 2668,3427 768,3422 768,3462"/>
        <Baseline points="768,3462 2671,3462"/>
        <TextEquiv conf="0.9891294766413538">
          <Unicode>Nicolas de la Maladrerie près Bayeux, vulgairement nommé de la Chesnay, scr.</Unicode>
        </TextEquiv>
      </TextLine>
      <TextLine id="eSc_line_dce76b28" custom="structure {type:default;}">
        <Coords points="766,3520 766,3584 821,3590 824,3590 826,3590 828,3590 835,3584 843,3575 934,3568 961,3584 965,3588 967,3588 969,3588 1016,3590 1018,3590 1020,3590 1022,3590 1034,3584 1062,3568 1246,3568 1288,3584 1303,3588 1305,3588 1307,3588 1310,3588 1312,3588 1312,3586 1316,3581 1334,3566 1378,3581 1394,3588 1396,3588 1398,3590 1489,3590 1489,3588 1491,3588 1493,3588 1500,3581 1513,3573 1568,3581 1610,3588 1612,3588 1615,3588 1617,3588 1628,3581 1648,3568 1668,3581 1676,3588 1679,3588 1681,3588 1683,3590 1758,3590 1758,3588 1760,3588 1763,3588 1763,3586 1769,3581 1782,3566 1811,3581 1818,3584 1820,3584 1822,3584 1875,3579 1875,3515 1871,3486 764,3486 766,3520"/>
        <Baseline points="766,3520 1875,3515"/>
        <TextEquiv conf="0.9875466203203007">
          <Unicode>c. 1450. fol. 7. — „Iustis petentium desideriis“.</Unicode>
        </TextEquiv>
      </TextLine>
      <TextLine id="eSc_line_02a60362" custom="structure {type:default;}">
        <Coords points="2392,3522 2311,3531 2315,3575 2317,3630 2403,3619 2403,3570 2399,3539 2392,3522"/>
        <Baseline points="2315,3575 2403,3570"/>
        <TextEquiv conf="1.0">
          <Unicode>96*</Unicode>
        </TextEquiv>
      </TextLine>
    </TextRegion>
    <TextRegion id="eSc_textblock_e561ae67"  custom="structure {type:default;}">
      <Coords points="1184,167 1763,176 1780,245 1040,262 1049,176 1184,167"/>
      <TextLine id="eSc_line_c6d4a91c" custom="structure {type:default;}">
        <Coords points="1734,174 1712,174 1690,174 1668,174 1646,174 1623,174 1621,172 1252,181 1250,181 1232,170 1230,170 1228,170 1137,170 1115,170 1093,172 1071,174 1058,174 1049,181 1051,234 1051,258 1752,253 1752,229 1745,174 1734,174"/>
        <Baseline points="1051,234 1752,229"/>
        <TextEquiv conf="0.9993909150362015">
          <Unicode>Supplementum regestorum.</Unicode>
        </TextEquiv>
      </TextLine>
    </TextRegion>
    <TextRegion id="eSc_textblock_6776f96c"  custom="structure {type:default;}">
      <Coords points="2571,167 2706,185 2706,245 2549,271 2531,185 2571,167"/>
      <TextLine id="eSc_line_25d65a9f" custom="structure {type:default;}">
        <Coords points="2662,178 2640,176 2615,172 2549,176 2556,238 2556,260 2644,267 2646,267 2649,267 2677,251 2677,229 2668,178 2662,178"/>
        <Baseline points="2556,238 2677,229"/>
        <TextEquiv conf="0.9997742176055908">
          <Unicode>763</Unicode>
        </TextEquiv>
      </TextLine>
    </TextRegion>
  </Page>
</PcGts>
