<?xml version='1.0' encoding='utf-8'?>
<data>
  <row>
    <pope>ALEXANDER III.</pope>
    <date>1159 Sept. Oct.</date>
    <place>(Terracinac.)</place>
    <number>10585 (7128)</number>
    <text>*Ad Fridericum imperatorem, „in partibus Lombardiae obsidentem Cre- mam, nuncios cum apostolicis litteris humiliter destinat, cupiens eum ad amorem ecclesiae in omni patientia et mansuetudine revocare“. Bosonis card. Vita Alexandri ap. Watterich II. 382.</text>
    <page_nr>147</page_nr>
  </row>
</data>
