<?xml version='1.0' encoding='utf-8'?>
<data>
  <row>
    <pope>ALEXANDER III.</pope>
    <date>1159 </date>
    <place>Terracinac.</place>
    <number>10589</number>
    <text>P(etro) episcopo et canonicis ecclesiae maioris ac universo clero Parisiensi eadem, quae epistola 10587 scribit. Pflugk-Harttung Acta II. 364. (Legitur etiam haec ep. in Coll. Cantabrig. in cod. collegii Trinit. Cantabrig. R. 9. 17. saec. XII. f. 728.) — „Eterma et ducommutabulis“</text>
    <page_nr>147</page_nr>
  </row>
</data>
