<?xml version='1.0' encoding='utf-8'?>
<data>
  <row>
    <pope>ALEXANDER III.</pope>
    <date>1159 Ber. 12.</date>
    <place>Anagniae</place>
    <number>10600 (7135)</number>
    <text>Henricum, episcopum Bellovacensem, credit „tum publica et communi fama, tum litteris saepius a sese in Galliam destinatis“ iam eruditum de schismate esse. H(enricum) tituli SS. Nerei et Achillei presbyterum et O(ddonem) S. Nicolai in carcere Tulliano diaconum cardinales, legatos suos, commendat. Martene Coll. II. 654, Bouquet Rec. XV. 748, Migne 200 p. 81. — „Qualiter Octavianus“.</text>
    <page_nr>149</page_nr>
  </row>
</data>
