<?xml version='1.0' encoding='utf-8'?>
<data>
  <row>
    <pope>ALEXANDER III.</pope>
    <date>1159 — 1160?</date>
    <place> </place>
    <number>10606 (7140)</number>
    <text>Praeposito et canonicis Sulcan. (al. Insulensibus, Insilensis) scribit de praebenda sacerdoti cuidam collata. (Ex registri libro 1?) App. conc. Lat. L. 9, Comp. I. L. 3. t. 5. c. 13, Decr. Greg. L. III. t. 5. c. 11, Migne 200 p. 83. — „Signi- ficatum est nobis“.</text>
    <page_nr>149</page_nr>
  </row>
</data>
