<?xml version='1.0' encoding='utf-8'?>
<data>
  <row>
    <pope>ALEXANDER III.</pope>
    <date>1159 „ 13.</date>
    <place>Anagniae</place>
    <number>10601 (7136)</number>
    <text>Archiepiscopis, episcopis, abbatibus, prioribus et universis ecclesiarum praelatis, per Liguriam, Aemiliam, Histriam et ducatum Venetiae constitutis, de schismate paucis mutatis eadem, quae superioribus litteris 10584. 10587. 10592 scribit. Addit, Octavianum quintadecima die post sui consecrationem, octava post excommunicationem ab ipso in eum prolatam, (i. e. d. 4. m. Octobris), per (Imarum) Tusculanum, ac per Melphiensem et (Ubaldum) Ferentinensem episcopos, praesentibus Iohanne et Guidone „quondam“ cardinalibus, „exsecratum“ (i. e. consecratum) esse. Rubei Hist. Rav. p. 341. — „Eterna et immutabilis“.</text>
    <page_nr>149</page_nr>
  </row>
</data>
