<?xml version='1.0' encoding='utf-8'?>
<data>
  <row>
    <pope>ALEXANDER III.</pope>
    <date>10614  „ 17.</date>
    <place>Anarnlae</place>
    <number>10618 (7155)</number>
    <text>Samsonem, archiepiscopum Remensem, laudat, quod Milonem, electum Tarvanensem, interposita a canonicis Boloniensibus ad sese provocatione, consecrare noluerit. Statum ecclesiae Boloniensis immutandum non esse. Milonem a sese, salvo iure ecclesiae Remensis, consecratum nuntiat. Marlot Metr. Rem. II. 371, Miraei Opp. dipl. II. 1174, Bouquet Rec. XV. 748, Migne 200 p. 98. — „Dilecti filii nostri“.</text>
    <page_nr>150</page_nr>
  </row>
</data>
