<?xml version='1.0' encoding='utf-8'?>
<data>
  <row>
    <pope>ALEXANDER III.</pope>
    <date>1160 Dec. 21.</date>
    <place>Aaagniar.</place>
    <number>10637 (7150)</number>
    <text>Canonicorum S. Frigdiani Lucensium privilegium confirmat, ut ex eorum numero diaconi cardinales S. Mariae novae eligantur. Cronica can. ord. p. 33, Pen- notti Ord. cleric. canonic. hist. ed. Rom. p. 275, ed. Colon. p. 283, (Bull. Lat. p. 41). — „Ad hoc universalis“.</text>
    <page_nr>151</page_nr>
  </row>
</data>
