<?xml version='1.0' encoding='utf-8'?>
<data>
  <row>
    <pope>ALEXANDER III.</pope>
    <date>1161 „ 17.</date>
    <place>Anagniae</place>
    <number>10644 (7156)</number>
    <text>Ludovici, Francorum regis, erga ecclesiam Romanam studium collaudat. Memorat de Frederici (imperatoris) in eandem iniuriis; de litteris Hen(rici tit. Nerei et Achillei) et W(illelmi S. Petri ad vincula, presbyterorum) et Odonis (S. Nicolai in carcere Tulliano diaconi) cardinalium ex Gallia ad sese missis. „Voluntatem habemus“ inquit „paci et quieti tuae et regni tuae gubernationi commissi libenter intendere; super his autem, quae nobis propriis litteris tua excellentia indicavit, per Guidonem, Maioris-monasterii monachum, in proximo respondere curabimus“. M(a- nassi) episcopo Aurelianensi se fauturum. Duchesne H. Fr. SS. IV. 595, Bouquet Rec. XV. 766, Mansi XXI. 983, Migne 200 p. 100. — „Quantum illustres et“.</text>
    <page_nr>152</page_nr>
  </row>
</data>
