<?xml version='1.0' encoding='utf-8'?>
<data>
  <row>
    <pope>ALEXANDER III.</pope>
    <date>1161 Mart. 6.</date>
    <place>(Anagntae)</place>
    <number>10658 (7164)</number>
    <text>Magistro Nicolao significat, se de eo ad Hugonem Senonensem et S(am- sonem) Remensem archiepiscopos et Henricum comitem (Trecensem) diligenter scri- psisse. Martene Coll. II. 658, Bouquet Rec. XV. 757, Migne 200 p. 109. — „De- votionis tuae constantiam“.</text>
    <page_nr>153</page_nr>
  </row>
</data>
