<?xml version='1.0' encoding='utf-8'?>
<data>
  <row>
    <pope>ALEXANDER III.</pope>
    <date>1161 „ „</date>
    <place>Anagniae</place>
    <number>10653 (7160)</number>
    <text>Archiepiscopis, episcopis, abbatibus, prioribus, aliisque ecclesiarum prae- latis Edwardum, quondam Anglorum regem, numero sanctorum confessorum insertum nunciat. Wilkins Conc. I. 434, Mansi XXI. 871 et 1047, Acta SS. lan. T. I. 302, Monast. Angt. nov. ed. I. 308, Migne 300 p. 106. — „IGlius devotionis“.</text>
    <page_nr>152</page_nr>
  </row>
</data>
