<?xml version='1.0' encoding='utf-8'?>
<data>
  <row>
    <pope>ALEXANDER III.</pope>
    <date>1161 „ 9.</date>
    <place>Latenamr</place>
    <number>10663 (7169)</number>
    <text>Syri, archiepiscopi lanuensis, eiusque successorum dignitatem, ab Inno- centio II. constitutam, confirmat, eique episcopatum Albigaunensem subiicit et lega- tionem transmarinam (octavo quoque anno obeundam), usumque equi cum nacco albo, crucis dominicae, pallii concedit, cet. Ughelli It. sacr. IV. 867, Migne 200 p. 115: „Dat. Laterani . . . 5. id. Apr., ind. IX., inc. a. 1161, p. a. 2“, An recta sit clausula, parum liquet; vide infra bullam 10707. — „Superna et ineffabilis“.</text>
    <page_nr>153</page_nr>
  </row>
</data>
