<?xml version='1.0' encoding='utf-8'?>
<data>
  <row>
    <pope>ALEXANDER III.</pope>
    <date>1161 „ 7.</date>
    <place>(Anagntae)</place>
    <number>10661 (7167)</number>
    <text>Universis fratribus Cluniacensis monasterii in communione ecclesiae et in ipsius fidelitate et obedientia existentibus nunciat, Henrico, episcopo Bellovacensi, quid mandaverit. Martene Coll. II. 661, Bouquet Rec. XV. 769, Mansi XXI. 1151, Migne 200 p. 113. — „Sicut Cluniacense“.</text>
    <page_nr>153</page_nr>
  </row>
</data>
