<?xml version='1.0' encoding='utf-8'?>
<data>
  <row>
    <pope>ALEXANDER III.</pope>
    <date>1161 lat. 2.</date>
    <place>Feaennii</place>
    <number>10669 (7175)</number>
    <text>Clerum et populum Salonitanum (al. Salernitanum) collaudat, quod Iulium, episcopum Praenestinum, et Petrum S. Eustachii diaconum cardinalem, legatos apostolicos, bene tractaverint. (Petrum) episcopum Narniensem a sese iis praefectum archiepiscopum, pallioque donatum esse. Farlati III. sacr. III. 183, Ughelli It. sacr. I. 1015, Migne 200 p. 122, (Pflugk-Harttung Iter p. 131). — „Illa devotionis sin- ceritas“.</text>
    <page_nr>154</page_nr>
  </row>
</data>
