<?xml version='1.0' encoding='utf-8'?>
<data>
  <row>
    <pope>ALEXANDER III.</pope>
    <date>1161 „ 23.</date>
    <place>Terracinae</place>
    <number>10688 (7182)</number>
    <text>Henrico Bellovacensi, et M(auritio) Parisiensi episcopis mandat, ut de R. abbate Flaviniacensi „tam in civilibus quam in criminalibus accusato“ iudicium faciant. Martene Coll. II. 655, Bouquet Rec. XV. 772, Migne 200 p. 128. — „Pervenit ad nos, quod“.</text>
    <page_nr>155</page_nr>
  </row>
</data>
