<?xml version='1.0' encoding='utf-8'?>
<data>
  <row>
    <pope>ALEXANDER III.</pope>
    <date>1161 Nov. 29.</date>
    <place>Terracinae</place>
    <number>10680 (7180)</number>
    <text>Ludovico, Francorum regi, respondet, se ecclesiae Flaviniacensis causam H(enrici) Bellovacensis et M(auritii) Parisiensis episcoporum arbitrio commississe. Duchesne H. Fr. SS. IV. 597, Bouquet Rec. XV. 7171, Mansi XXI. 986, Migne 200 p. 127. — „Litteras celsitudinis“.</text>
    <page_nr>154</page_nr>
  </row>
</data>
