<?xml version='1.0' encoding='utf-8'?>
<data>
  <row>
    <pope>ALEXANDER III.</pope>
    <date>1162 „ *6.</date>
    <place>lanuae</place>
    <number>10693</number>
    <text>(ccccxv) Villano, archiepiscopo Pisano, subiicit Galtelinensem et Civitatensem episcopatus, in Sardiniae indicatu Gallurensi sitos, ac episcopatum Populoniensem, „pro recompensatione episcopatuum“, quos Hubertus, quondam archiepiscopus Pisanus sedi Romanae concesserit. Insuper ei tribuit primatum super provinciam Turritanam, legationem Sardiniae, usum equi albi crucisque, ac pallium, quo utatur in consecra- tione Aleriensis, Aiacensis, Saguntini ac trium episcoporum, qui supra memorati sunt. (Nescio, quo seductus errore Jaffé hanc bullam in simulatarum numerum relegaverit.) Vivianus Praxis iurispatronatus p. 70; Theatr. basil. Pisan. p. 75 teste Pflugk-Hart- tung Iter p. 262, (Reg. ap. Ughelli It. sacr. III. 395). — „Tunc apostolicae sedi“.</text>
    <page_nr>155</page_nr>
  </row>
</data>
