<?xml version='1.0' encoding='utf-8'?>
<data>
  <row>
    <pope>ALEXANDER III.</pope>
    <date>1162 „ 16.</date>
    <place>Lann</place>
    <number>10702 (7188)</number>
    <text>Eberhardo, archiepiscopo Salzburgensi, mandat, cum „pro facto ecclesiae ab imperatore vocatus, in proximo debeat ad praesentiam illius accedere“, ut impe- ratoris animum sibi conciliet. „Quod si“ inquit „omnipotens Deus ei inspiraverit, quod ad sinum matris vellet ecclesiae redire, nihil temporale nobis contingere posset in seculo, quod acceptius et gratius haberemus“. Tengnagel Vet. mon. p. 425, Mansi XXI. 1038, Migne 200 p. 133. — „Anteacta vita“.</text>
    <page_nr>156</page_nr>
  </row>
</data>
