<?xml version='1.0' encoding='utf-8'?>
<data>
  <row>
    <pope>ALEXANDER III.</pope>
    <date>1162 „ 20.</date>
    <place>pessulanum</place>
    <number>10708 (7190)</number>
    <text>Ludovico, Francorum regi, significat, se Monte-pessulano a (Raimundo) comite S. Egidii et Willelmo de Montepessulano honorifice susceptum esse, et „Trin- cavillum (Raimundum vicecomitem Carcassonensem) et nobilem mulierem Herm(engar- dam) de Narbona atque plures alios illius regionis barones ad sese venisse“. Car- dinales quosdam ad eum legatos missum iri. Duchesne HI. Fr. SS. IV. 596, Bouquet Rec. XV. 774, Mansi XXI. 985, Migne 200 p. 135. — „Firma spes et“.</text>
    <page_nr>157</page_nr>
  </row>
</data>
