<?xml version='1.0' encoding='utf-8'?>
<data>
  <row>
    <pope>ALEXANDER III.</pope>
    <date>1162 „ 25.</date>
    <place>pessulanum</place>
    <number>10709 (7191)</number>
    <text>Syri archiepiscopi, canonicorum, consulum, universi cleri et populi Ianuensis erga se studia grate collaudat atque in posterum confirmat. (Annus 1159 est per- peram adscriptus). Ughelli It. sacr. IV. 866, Semeria sec. crist. II. 561, Hist. Patr. Mon. Lib. iur. Gen. I. 205, Migne 200 p. 135: „VIIII. kal. Mad.“, (Pflugk-Harttung Iter p. 30: „VIII. kal. Mad.“). — „Quod non prius“.</text>
    <page_nr>157</page_nr>
  </row>
</data>
