<?xml version='1.0' encoding='utf-8'?>
<data>
  <row>
    <pope>ALEXANDER III.</pope>
    <date>1162 „ „</date>
    <place>pessulanum</place>
    <number>10735</number>
    <text>(Petro) Rutenensi, Albiensi, (Gaucelino) Lutevensi et (Guillelmo) Bitterrensi episcopis mandat, curent, ut si in causis civilibus iuramentum a fratribus Salvanien- sibus exigitur, adversarii iuramento yconomi eorum contenti sint. In bibl. nat. Paris. Coll. Doat t. 150. f. 274. — „Dilecti filii nostri“.</text>
    <page_nr>159</page_nr>
  </row>
</data>
