<?xml version='1.0' encoding='utf-8'?>
<data>
  <row>
    <pope>ALEXANDER III.</pope>
    <date>1162 „ „ „ uaraa</date>
    <place>pessulanum</place>
    <number>10730</number>
    <text>Monasterium S. Roberti Casae-dei protegendum suscipit, ac eius possessiones confirmat, statuitque, ne cui fratres excommunicare vel eorum domum interdicere liceat. (Bulla corrigenda est ex copia s. XVII, quam in bibl. nat. Paris. Chron. Casae-dei, ms. lat. 12818. f. 253 exhibet.) Mém. de L'acad. de Clermont -Ferrand XIX. 102, Mon. pont. Arverniae p. 250. — „Cum omnibus catholicae“ „Cum omni- bus ecclesiae“.</text>
    <page_nr>159</page_nr>
  </row>
</data>
