<?xml version='1.0' encoding='utf-8'?>
<data>
  <row>
    <pope>ALEXANDER III.</pope>
    <date>1162 „ 15.</date>
    <place> </place>
    <number>10747 (7215)</number>
    <text>(Pontio) archiepiscopo Narbonensi, capitulo Arelatensis ecclesiae, et uni- versis utriusque ecclesiae suffraganeis, et (Raimundo) Vivariensi, (Aldeberto) Mima- tensi, (Petro) Aniciensi, et (Hugoni) Rutenensi episcopis mandat, ut Guillelmum de Montepessulano et eius bona hominesque et mercatores Montispessulani tueantur. (Aliena manus addidit: „pontif. nostri a. IV.“) Gariel Ser. I. 212, Bouquet Rec. XV. 782, Migne 200 p. 163. — „Piae postulatio voluntatis“.</text>
    <page_nr>160</page_nr>
  </row>
</data>
