<?xml version='1.0' encoding='utf-8'?>
<data>
  <row>
    <pope>ALEXANDER III.</pope>
    <date>1162 „ 13.</date>
    <place>pessulanum</place>
    <number>10742 (7211)</number>
    <text>Rogero, archiepiscopo Eboracensi, „crucem ante se deferendi, regem quo- que coronandi liberam concedit facultatem“. Epist. S. Thomae ed. Lupus p. 24, ed. Giles II. 43, Migne 200 p. 161; cf. Reuter I. 549. — „Quanto personam tuam“ „Decet prudentiam“.</text>
    <page_nr>159</page_nr>
  </row>
</data>
