<?xml version='1.0' encoding='utf-8'?>
<data>
  <row>
    <pope>ALEXANDER III.</pope>
    <date>1162 „ 14.</date>
    <place>pessulanum</place>
    <number>10745 (7214)</number>
    <text>Ludovico, Francorum regi, significat, se (Manassi) episcopo Aurelianensi per litteras praecepisse, ut aut Letoldo (cf. infra ep. 10783), M. capellano, et Adamo canonicis ablata redderet, aut „proximo festo S. Lucae“ (18. Oct.) ad sese adiret vel responsalem mitteret. Duchesne Hist. Fr. SS. IV. 600, Bouquet Rec. XV. 781, Mansi XXI. 990, Migne 200 p. 162. — „Quam acerbae et“.</text>
    <page_nr>160</page_nr>
  </row>
</data>
