<?xml version='1.0' encoding='utf-8'?>
<data>
  <row>
    <pope>ALEXANDER III.</pope>
    <date>1162 „ 19.</date>
    <place>montem</place>
    <number>10755 (7221)</number>
    <text>Pacem inter Stephanum episcopum canonicosque Claromontenses et Wil- lelmum comitem Arvernorum compositam probat. Baluze Hist. d'Auvergne II. 65, Bouquet Rec. XV. 784, Mon. pont. Arverniae p. 253, Migne 200 p. 167, (Iustel Hist. d'Auvergne Pr. p. 31). — „Ea, quae pro bono“ („Vestris iustis postulationibus“).</text>
    <page_nr>161</page_nr>
  </row>
</data>
