<?xml version='1.0' encoding='utf-8'?>
<data>
  <row>
    <pope>ALEXANDER III.</pope>
    <date>1162 „ 24.</date>
    <place>maatee</place>
    <number>10750 (7217)</number>
    <text>H(ugoni), episcopo Suessionensi, mandat, ut Ludovici, Francorum regis, erga se voluntatem confirmet. „Specialiter autem super eo“ inquit „quod disposuit, cum Frederico, dicto imperatore, se colloquium habiturum, eum diligentius ammonere non differas, ut, quia credimus et timemus, colloquium illud tam ecclesiae Dei ac nobis ipsis, quam etiam eidem regi ac regno suo multipliciter fieri posse damnosum, ab eo abstineat ac tale penitus propositum derelinquat“. Duchesne Hist. Fr. SS. IV. 595, Bouquet Rec. XV. 782, Mansi XXI. 983, Migne 200 p. 164. — „Fidei ac devotionis“.</text>
    <page_nr>160</page_nr>
  </row>
</data>
