<?xml version='1.0' encoding='utf-8'?>
<data>
  <row>
    <pope>ALEXANDER III.</pope>
    <date>1162 „ 29.</date>
    <place>Turoni</place>
    <number>10771 (7231)</number>
    <text>Excommunicationem ab Udalrico, episcopo Halberstadensi, in praepositum Rodensem sociosque, bonorum ecclesiae Kaltenbornensis invasores, prolatam confirmat. Schöttgen et Kreysig Diplomat. II. 698, Schmidt Urk. d. Hochst. Halb. I. 227, Migne 200 p. 178. — „Ecclesiastica sententia“.</text>
    <page_nr>162</page_nr>
  </row>
</data>
