<?xml version='1.0' encoding='utf-8'?>
<data>
  <row>
    <pope>ALEXANDER III.</pope>
    <date>1162 „ 28.</date>
    <place>Turoni</place>
    <number>10788 (7238)</number>
    <text>Henrico, archiepiscopo Remensi, respondet, se (Godescalco) episcopo Atre- batensi scripsisse, „ut quoniam infirmitate gravatus ad propriam administrationem noscatur insufficiens, animae suae consulere et ecclesiae studeat commodius providere“. De „honesta visitatione devotionis eius“ agit gratias. Monet, ut „rumores Teutonicos sollerter inquirens, eos sibi saepius studeat declarare“. Martene Coll. II. 679, Bouquet Rec. XV. 787, Migne 200 p. 182. — „Dilectum filium nostrum“.</text>
    <page_nr>163</page_nr>
  </row>
</data>
