<?xml version='1.0' encoding='utf-8'?>
<data>
  <row>
    <pope>ALEXANDER III.</pope>
    <date>1162 „ 20.</date>
    <place>Turoni</place>
    <number>10795 (7243)</number>
    <text>Henrico, archiepiscopo Remensi, scribit, Ludovicum, Francorum regem, „pro illo Aurelianensi episcopo instanter apud se intercessisse“; qua de re quid ei videatur, quaerit. Hortatur, ut post festum natalis Domini ad sese accedat. Martene Coll. II. 682, Bouquet Rec. XV. 789, Migne 200 p. 186. — „Corporali quondam“.</text>
    <page_nr>163</page_nr>
  </row>
</data>
