<?xml version='1.0' encoding='utf-8'?>
<data>
  <row>
    <pope>ALEXANDER III.</pope>
    <date>1162 „ 20.</date>
    <place>Turoni</place>
    <number>10794 (7242)</number>
    <text>Henrico, archiepiscopo Remensi, mandat, hortetur praepositum, decanum et universum capitulum ecclesiae Caslatensis, ut W. puero pro praebenda abiudicata „aliquam recompensationem“ concedant. Martene Coll. II. 682, Migne 200 p. 185. — „Latoris praesentium W.“</text>
    <page_nr>163</page_nr>
  </row>
</data>
