<?xml version='1.0' encoding='utf-8'?>
<data>
  <row>
    <pope>ALEXANDER III.</pope>
    <date>1161 Sept. 20.</date>
    <place>Ferentini</place>
    <number>10677 (7178)</number>
    <text>L. archipresbyterum et universos canonicos ecclesiae Pisanae hortatur, „ut pro exaltatione et libertate ecclesiae totis viribus laborent“. „Verbum autem illud secretum“ ait „se in praesentarium duxisse differendum“. Rogat, ut „pecuniam sub convenientibus usuris, si aliter fieri nequeat, a civibus Pisanis mutuo invenire et acquirere studeant, et Bosoni, SS. Cosmae et Damiani diacono cardinali, illam assignent, ut Manc., Lucano civi, credita pecunia persolvatur“. Ughelli It. sacr. III. 402, Migne 200 p. 125. — „Super illa“.</text>
  </row>
</data>
