<?xml version='1.0' encoding='utf-8'?>
<data>
  <row>
    <pope>AL.</pope>
    <date>1163 „ 12.</date>
    <place>Turoni</place>
    <number>10810 (7250)</number>
    <text>Henrico, archiepiscopo Remensi, mandat, ut Milonem clericum de Lar- geriaco et servientes uxoris Bald. militis compellat ad restituenda ea, quae Drogoni diacono et canonico ecclesiae SS. Timothei et Apollinaris abstulerint. Martene Coll. II. 685, Migne 200 p. 193. — „Veniens ad praesentiam“.</text>
    <page_nr>164</page_nr>
  </row>
</data>
