<?xml version='1.0' encoding='utf-8'?>
<data>
  <row>
    <pope>ALEXANDER III.</pope>
    <date>1163 „ 28.</date>
    <place>Parisiis.</place>
    <number>10824 (7258)</number>
    <text>Universo clero et populo in regno Teutonico scribit, se schismatis op- pugnandi causa Eberhardum, archiepiscopum Salzburgensem, legatum in regno Teu- tonico constituisse. Cui ut obediant, hortatur. Hansizii Germ. sacr. II. 273, Migne 200 p. 197. — „In apostolicae sedis“.</text>
    <page_nr>165</page_nr>
  </row>
</data>
