<?xml version='1.0' encoding='utf-8'?>
<data>
  <row>
    <pope>ALEXANDER III.</pope>
    <date>1163 „ 9.</date>
    <place>Parii.</place>
    <number>10828 (7261)</number>
    <text>Henricum, archiepiscopum Remensem, rogat, „ut civitatem Bellovacensem a sententia interdicti absolvat, donec controversia in eius vel (Bartholomaei) episcopi Bellovacensis iudicio finem debitum sortiatur“. Martene Coll. II. 687, Bouquet Rec. XV. 795, Migne 200 p. 200. — „Carissimus in Christo“.</text>
    <page_nr>166</page_nr>
  </row>
</data>
