<?xml version='1.0' encoding='utf-8'?>
<data>
  <row>
    <pope>ALEXANDER III.</pope>
    <date>1163 „ 18.</date>
    <place>Parii.</place>
    <number>10836</number>
    <text>A(madeo) episcopo Sedunensi concedit, ut ecclesiae possessiones, ab anteces- soribus eius, praecipue a Ludovico, quondam episcopo, „quocumque titulo, postquam scisma sapuit“, alienatas, recuperet. Mém. et doc. de la Suisse Rom. XVIII. 360. — „Susceptis litteris“.</text>
    <page_nr>166</page_nr>
  </row>
</data>
