<?xml version='1.0' encoding='utf-8'?>
<data>
  <row>
    <pope>ALEXANDER III.</pope>
    <date>1163 „ 13.</date>
    <place>Parisfi-</place>
    <number>10849 (7413)</number>
    <text>Compositionem inter monachos S. Vedasti et abbatissam S. Mariae Stru- mensis factam a Gualtero episcopo Albanensi et Odone ac Bosone diaconis cardi- nalibus confirmat. Martene et Dur. Vet. Script. I. 888, Guimann Cart. de S.-Vaast d'Arras p. 311, Migne 200 p. 322. — „Iustis petentium desideriis“.</text>
    <page_nr>167</page_nr>
  </row>
</data>
