<?xml version='1.0' encoding='utf-8'?>
<data>
  <row>
    <pope>ALEXANDER III.</pope>
    <date>1163 „ 22.</date>
    <place>Parisfi-</place>
    <number>10852</number>
    <text>Universis fidelibus per regnum Francorum constitutis, qui ad ecclesiam S. Ger- mani de Pratis, a sese consecratam, „a die dedicationis (21. Apr.) usque ad octavas pentecostes“ (19. Mai.) accesserint, unum annum de iniuncta penitentia relaxat; in anniversario vero die eam visitantibus 20 dies indulget. Loewenfeld Epistolae p. 133. — „Certum est et“.</text>
    <page_nr>167</page_nr>
  </row>
</data>
