<?xml version='1.0' encoding='utf-8'?>
<data>
  <row>
    <pope>ALEXANDER III.</pope>
    <date>1163 „ 23.</date>
    <place>Parisfi-</place>
    <number>10854 (7275)</number>
    <text>Henrico, archiepiscopo Remensi, significat, se (Andreae) episcopo Atre- batensi abdicanti „tria altaria, videlicet de Monci, de Remcort et de Mirelmont, ad necessariam vitae sustentationem concessisse“. Martene Coll. II. 1010, Migne 200 p. 210. — „Sicut nuper fraternitati“.</text>
    <page_nr>167</page_nr>
  </row>
</data>
