<?xml version='1.0' encoding='utf-8'?>
<data>
  <row>
    <pope>ALEXANDER III.</pope>
    <date>1163 Iun. 1.</date>
    <place>Turoni</place>
    <number>10871 (7287)</number>
    <text>Hugoni abbati S. Germani Parisiensis concedit, ut Mauricii episcopi pro- clamatio in concilio Turonensi facta „nullam interruptionem nullumque possit iuri et libertati eius ecclesiae praeiudicium in posterum generare“. Bouquet Rec. XV. 796, Migne 200 p. 228. — „Dum venerabilis frater“.</text>
    <page_nr>169</page_nr>
  </row>
</data>
