<?xml version='1.0' encoding='utf-8'?>
<data>
  <row>
    <pope>ALEXANDER III.</pope>
    <date>1163 „ 5.</date>
    <place>Turoni</place>
    <number>10877</number>
    <text>Monasterii Eveshamensis tutelam suscipit bonaque et iura confirmat, petente Ada abbate. Chronicon abb. de Evesham p. 175. — „Piae postulatio voluntatis“. 10878 Monasterii Candeliensis protectionem suscipit, possessionesque ac decumarum immunitatem confirmat, petente Gosberto abbate. In bibl. nat. Paris. Coll. Doat. t. 114. f. 449. — „Religiosis votis annuere“.</text>
    <page_nr>169</page_nr>
  </row>
</data>
