<?xml version='1.0' encoding='utf-8'?>
<data>
  <row>
    <pope>ALEXANDER III.</pope>
    <date>1163 „ 2.</date>
    <place>Turoni</place>
    <number>10872</number>
    <text>Universos ecclesiae praelatos hortatur, ut xenodochio Hierosolymitano subveniant populumque, indulgentia proposita, ad collectas faciendas compellant. Addit de privi- legiis hospitalariis concessis. In bibl. nat. Paris. Coll. Grenier t. 53. f. 83. — „Quam amabilis Deo“.</text>
    <page_nr>169</page_nr>
  </row>
</data>
