<?xml version='1.0' encoding='utf-8'?>
<data>
  <row>
    <pope>ALEXANDER III.</pope>
    <date>1163 „ 3.</date>
    <place>Turoni</place>
    <number>10873 (7288)</number>
    <text>Henrico, archiepiscopo Remensi, mandat, ut Ric. de Corberio id facere cogat, quod „dum in habitu fratrum militiae templi militaret“ promiserit, „se ad Cisterciensium fratrum vel aliam districtam religionem transiturum“. Martene Coll. II. 692, Migne 200 p. 228. — „Pervenit ad audientiam“.</text>
    <page_nr>169</page_nr>
  </row>
</data>
