<?xml version='1.0' encoding='utf-8'?>
<data>
  <row>
    <pope>ALEXANDER III.</pope>
    <date>1163 „ 5.</date>
    <place>Turoni</place>
    <number>10879</number>
    <text>Monasterii S. Petri Condomiensis possessiones confirmat, petente Garsia abbate. (Fragmentum.) In bibl. nat. Paris. ms. lat. 12752. f. 499. 10880 (7291) Henrico, archiepiscopo Remensi, hoc mandat: „suffraganeos tuos episcopos et universos abbates per tuam provinciam constitutos ad honestas procurationes nobis et fratribus nostris faciendas exhortari studeas, ut eas hine ad primum festum b. Iacobi (25. Iulii) honeste possimus utiliterque recipere“. Martene Coll. II. 692, Bouquet Rec. XV. 797, Migne 200 p. 233. — „Discretionis tuae“.</text>
    <page_nr>169</page_nr>
  </row>
</data>
