<?xml version='1.0' encoding='utf-8'?>
<data>
  <row>
    <pope>ALEXANDER III.</pope>
    <date>1163 „ 10.</date>
    <place>Taroni</place>
    <number>10887 (7296)</number>
    <text>Monasterii S. Martini Canigonensis protectionem suscipit, possessiones- que ac privilegia, rogatu Raimundi abbatis, confirmat, imposito monachis unius mora- batini censu annuo. Marca Marca Hisp. p. 1334, Aguirre Conc. V. 79, Migne 200 p. 236. — „Quotiens illud a“.</text>
    <page_nr>170</page_nr>
  </row>
</data>
