<?xml version='1.0' encoding='utf-8'?>
<data>
  <row>
    <pope>ALEXANDER III.</pope>
    <date>1163 „ 9.</date>
    <place>Taroni</place>
    <number>10886 (7295)</number>
    <text>Thomae, archiepiscopo Cantuariensi, mandat, „ut episcopos suffraganeos suos et abbates atque alias religiosas personas in sua provincia constitutas convocet, et Anselmi quondam archiepiscopi Cantuariensis vita perlecta et miraculorum serie publice declarata, cum consilio et assensu convenientium fratrum super illo canoni- zando, ipsius fultus auctoritate, procedat“. Gilberti Foliot epist. ed. Giles II. 61, Rymer Foedera I. 42, Wharton Angl. sacr. II. 177, Migne 200 p. 235. — „Con- stitutus olim“.</text>
    <page_nr>170</page_nr>
  </row>
</data>
