<?xml version='1.0' encoding='utf-8'?>
<data>
  <row>
    <pope>ALEXANDER III.</pope>
    <date>1163 „ 13.</date>
    <place>Turoni</place>
    <number>10894</number>
    <text>(Iohanni) episcopo, (Bernardo) praeposito, archidiaconis et universo capitulo Magalonensi significat, se „verbum quoddam ambiguum in concordia quadam inter Iohannem et Bernardum facta positum“ ita interpretari velle, ut in ecclesia Maga- lonensi dispensatores a praeposito cum consilio capituli instituantur et instituti nisi praeposito nulli in rebus administrandis obediant. Mém. de la soc. de Montpellier V. 521. — „Dum vos, frater“.</text>
    <page_nr>171</page_nr>
  </row>
</data>
