<?xml version='1.0' encoding='utf-8'?>
<data>
  <row>
    <pope>ALEXANDER III.</pope>
    <date>1163 „ 17.</date>
    <place>Turoni</place>
    <number>10896 (7303)</number>
    <text>(Pontio) archiepiscopo Narbonensi, (Artaldo) Elenensi et (Pontio) Car- cassonensi episcopis praecipit, ne monasterium Crassense iniuriis afficiant. Martene Thes. I. 463, Bouges Hist. de Carcass. p. 541, Bouquet Rec. XV. 799, Migne 200 p. 244. — „Relatum est“.</text>
    <page_nr>171</page_nr>
  </row>
</data>
