<?xml version='1.0' encoding='utf-8'?>
<data>
  <row>
    <pope>ALEXANDER III.</pope>
    <date>1163 „ 11.</date>
    <place>Taroni</place>
    <number>10891 (7300)</number>
    <text>Ad Ludovicum, Francorum regem, cum mandatis quibusdam mittit (Ste- phanum) episcopum Meldensem et P. Sancti Aniani Aurelianensis decanum. Se Bituricas profecturum nunciat; rogatque, „homines illius loci diligenter admoneat, ut liberum accessum universis, qui illuc voluerint venire, concedant, et sibi et curiae suae debitam reverentiam et honorem impendant“. Duchesne Hist. Fr. SS. IV. 626, Bouquet Rec. XV. 799, Mansi XXI. 1024, Migne 200 p. 241. — „Quoniam non semper“.</text>
    <page_nr>170</page_nr>
  </row>
</data>
