<?xml version='1.0' encoding='utf-8'?>
<data>
  <row>
    <pope>ALEXANDER III.</pope>
    <date>1163 Sept. 1.</date>
    <place>Bituricis</place>
    <number>10933 (7328)</number>
    <text>Ludovico, Francorum regi, scribit, se eos ecclesiae S. Maximini fratres, qui „illud flagitiosum faoinus de abbate suo perpetrassent“, per monasteria disper- tiisse, in eorumque locum alios substituisse. Quos ut ab adversariorum tueatur in- iuriis, rogat. Duchesne Hist. Fr. SS. IV. 623, Bouquet Rec. XV. 805, Mansi XXI. 1019, Migne 200 p. 261. — „Ab excellentis serenitatis“.</text>
    <page_nr>173</page_nr>
  </row>
</data>
