<?xml version='1.0' encoding='utf-8'?>
<data>
  <row>
    <pope>ALEXANDER III.</pope>
    <date>1163 „ 5.</date>
    <place>Bituricis</place>
    <number>10939 (7331)</number>
    <text>Henrico, archiepiscopo Remensi, mandat, ad (Richardum) electum Vir- dunensem litteras suas deferendas curet, quibus moneatur, ut „fillium nobilis viri Fraiapanis de regno Teutonico, ubi cum parentibus suis commoretur, ad se venturum, usque ad regnum Francorum faciat secure deduci“. Martene Coll. II. 675, Bouquet Rec. XV. 806, Migne 200 p. 265. — „De sinceritatis ac“.</text>
    <page_nr>174</page_nr>
  </row>
</data>
