<?xml version='1.0' encoding='utf-8'?>
<data>
  <row>
    <pope>ALEXANDER III.</pope>
    <date>1163 Spt 4.</date>
    <place>Bituricis</place>
    <number>10937</number>
    <text>Monachis S. Macharii nuntiat, sese fratribus eorum, cum B(ertrando) abbate S. Crucis Burdegalensi in praesentia sua litigantibus, inducias usque ad proximas octavas b. Martini (d. 18. Nov.) concessisse. Interim eos praedicto abbati obedire iubet. Archives hist. de la Gironde I. 217. — „Constitutis in praesentia“.</text>
    <page_nr>174</page_nr>
  </row>
</data>
