<?xml version='1.0' encoding='utf-8'?>
<data>
  <row>
    <pope>ALEXANDER III.</pope>
    <date>1163 „ 28.</date>
    <place>Bituricis</place>
    <number>10932 (7327)</number>
    <text>Henrico, archiepiscopo Remensi, respondet, de electione in ecclesia Cata- launensi facta etsi Ludovico Francorum regi placuerit, se tamen ante diem prae- stitutam non posse constituere. Martene Coll. II. 674, Bouquet Rec. XV. 805, Migne 200 p. 261. — „Ex litteris tuae“.</text>
    <page_nr>173</page_nr>
  </row>
</data>
