<?xml version='1.0' encoding='utf-8'?>
<data>
  <row>
    <pope>ALEXANDER III.</pope>
    <date>1163</date>
    <place>(Sent.)</place>
    <number>10953 (7362)</number>
    <text>Rogerum, archiepiscopum Eboracensem, hortatur, ut „sicut nec ante con- cessionem suam crucis per totam Angliam ante se deferendae in ipso effectu digni- tate huiusmodi usus sit, ita ea nimirum non utatur, quousque controversia, quae super hoc vertatur, debitum recipiat complementum“. Epist. S. Thomae ed. Lupus p. 24, ed. Giles II. 43, Migne 200 p. 283. De tempore cf. Reuter I. 549 sq. — „Pro illa animi“.</text>
    <page_nr>175</page_nr>
  </row>
</data>
