<?xml version='1.0' encoding='utf-8'?>
<data>
  <row>
    <pope>ALEXANDER III.</pope>
    <date>1163 „ 9.</date>
    <place>Sent.</place>
    <number>10955 (7342)</number>
    <text>Gilberto, episcopo Londinensi, mandat, „quoniam inter Henricum, Anglo- rum regem, et Anglicam ipsam ecclesiam scintilla cuiusdam indignationis emicuerit, ut ad eam extinguendam iugiter elaboret, et ipsius regis animum in pacis et con- cordiae statum reducat“. Gilberti Foliot epistolae ed. Giles II. 92, Migne 200 p. 272. — „Quoniam de honestate“.</text>
    <page_nr>175</page_nr>
  </row>
</data>
