<?xml version='1.0' encoding='utf-8'?>
<data>
  <row>
    <pope>ALEXANDER III.</pope>
    <date>1163— 1164 „ 9.</date>
    <place>Senonis</place>
    <number>10975 (7352)</number>
    <text>Ludovicum, Francorum regem, rogat, ut priori domus hospitalis, apud Cerel. sitae, licentiam concedat itineris in Angliam suo mandatu faciendi. Duchesne Hist. Fr. SS. IV. 606, Bouquet Rec. XV. 810, Mansi XXI. 996, Migne 200 p. 278. — „Cum dilectum nostrum“.</text>
    <page_nr>176</page_nr>
  </row>
</data>
