<?xml version='1.0' encoding='utf-8'?>
<data>
  <row>
    <pope>ALEXANDER III.</pope>
    <date>1163—1164 „ 28.</date>
    <place>Sn</place>
    <number>10982</number>
    <text>Arnulfo, episcopo Lexoviensi, significat, se comperisse, G. de Lachim, olim mona- chum Cisterciensem, e coenobio egressum, in dioecesi eius parochiales ecclesias ob- tinuisse, et in praebenda quadam filium suum instituisse, ac in ordine subdiaconatus matrimonium contraxisse. Mandat, compellat eum sub excommunicationis poena, ut ecclesias vel praebendas dimittat et in monasterium redeat. Filium vero, „si post egressum illius de monasterio genitum eum esse constiterit“, ab ecclesia removeri iubet. Liverani Spicil. Liber. p. 580, Pflugk-Harttung Acta II. 369. — „Ad audien- tiam nostram“.</text>
    <page_nr>177</page_nr>
  </row>
</data>
