<?xml version='1.0' encoding='utf-8'?>
<data>
  <row>
    <pope>ALEXANDER III.</pope>
    <date>1163—1164 Dec. 2.</date>
    <place>Sn</place>
    <number>10983</number>
    <text>Fratribus Gimundensibus praecipit, ut in monasterio altare erigant ad memoriam sepultorum in ecclesia S. Petri de Mazeris (vel Maderis), a Willelmo Ernaudi, occa- sione conversionis Azemarii fratris, concessa. Loewenfeld Epistolae p. 135. — „Quo- niam sicut accepimus“.</text>
    <page_nr>177</page_nr>
  </row>
</data>
