<?xml version='1.0' encoding='utf-8'?>
<data>
  <row>
    <pope>ALEXANDER III.</pope>
    <date>1163—1164 „ 6.</date>
    <place>Sn</place>
    <number>10985 (7355)</number>
    <text>Ludovico, Francorum regi, significat, priorem Castrifortis sociosque ob infamiam abbati Burguliensi illatam a (Ioscio) archiepiscopo Turonensi, et (Gaufrido) episcopo Andegavensi, et abbate Maioris-monasterii excommunicatos esse. Monet, ut ecclesiam Burguliensem tueatur. Duchesne Hist. Fr. SS. IV. 607, Bouquet Rec. XV. 811, Mansi XXI. 997, Migne 200 p. 279. — „Quia de regiae“.</text>
    <page_nr>177</page_nr>
  </row>
</data>
