<?xml version='1.0' encoding='utf-8'?>
<data>
  <row>
    <pope>ALEXANDER III.</pope>
    <date>1164 „ 21.</date>
    <place>Senonis</place>
    <number>10998</number>
    <text>Monasterium S. Mariae de Argonia tuendum suscipit ac eius possessiones deci- marumque immunitatem confirmat, petente Gervasio abbate. Cartul. de Moutier-en- Argonne ms. lat. 10946. s. XII. f. 3, ms. lat. 9905. s. XVI. f. 10 in bibl. nat. Paris. — „Desiderium quod ad“.</text>
    <page_nr>178</page_nr>
  </row>
</data>
