<?xml version='1.0' encoding='utf-8'?>
<data>
  <row>
    <pope>ALEXANDER III.</pope>
    <date>1164 „ 15.</date>
    <place>Senonis</place>
    <number>11017 (7373)</number>
    <text>Henrico, archiepiscopo Remensi, de officiis Ar(dicioni) S. Theodori dia- cono cardinali tributis gratias agit. Haec addit: „per magistrum Od. quaedam de statu Italiae tuae discretioni curavimus intimare, firmam spem fiduciamque tenentes, quod ecclesia Dei, inimicis suis humiliatis, optatae in proximo pacis tranquillitate gaudebit“. Martene Coll. II. 708, Bouquet Rec. XV. 831, Migne 200 p. 291. — „Amorem et honorificentiam“.</text>
    <page_nr>180</page_nr>
  </row>
</data>
