<?xml version='1.0' encoding='utf-8'?>
<data>
  <row>
    <pope>ALEXANDER III.</pope>
    <date>1164 Iun. 3.</date>
    <place>Senonis</place>
    <number>11024 (7377)</number>
    <text>Monachis S. Petri Carnotensibus concedit, ut in ecclesiis parochialibus sacerdotes instituant ac tempore communis interdicti certis conditionibus divina officia celebrent. (Fragmentum.) Collection des Cartulaires II. 651, Migne 200 p. 294. — „Statuimus, ut in“.</text>
    <page_nr>180</page_nr>
  </row>
</data>
