<?xml version='1.0' encoding='utf-8'?>
<data>
  <row>
    <pope>ALEXANDER III.</pope>
    <date>1164 („)</date>
    <place>(Seneni.)</place>
    <number>11049 (7388)</number>
    <text>Henrico abbati et fratribus S. Mariae Vitescolensis asserit ecclesiae locum, ab Eskillo, episcopo Arusiensi, concessum, qui „aliquando errori consensit, qui tamen factum suum in districto examine positus reprobavit“. Memorat, se de ea re „cum Eskillo, Lundensi archiepiscopo, et aliis fratribus suis deliberasse“. Langebek SS. R. Dan. V. 241, Migne 200 p. 304. — „Litteris devotionis tuae“.</text>
    <page_nr>182</page_nr>
  </row>
</data>
