<?xml version='1.0' encoding='utf-8'?>
<data>
  <row>
    <pope>ALEXANDER III.</pope>
    <date>1164 („)</date>
    <place>(Seneni.)</place>
    <number>11047 (7386)</number>
    <text>Upsaliam urbem Scarensis, Lincopiensis, Strengesensis et Arusensis epi- scopatuum metropolim constituit, et Stephano archiepiscopo „precibus et interventu Caroli, illustris regis Sweorum et Gothorum, episcoporum quoque et UIfy ducis regni illius“ pallium concedit, eiusque successores ab archiepiscopo Lundensi, „tamquam proprio primati“, consecrandos esse statuit. Liliegren Dipl. Suec. I. 70, Ornhialm Hist. Sueon. p. 482, Rydberg Sverges Trakt. I. 80, Migne 200 p. 301. — „Licet omnes“.</text>
    <page_nr>182</page_nr>
  </row>
</data>
