<?xml version='1.0' encoding='utf-8'?>
<data>
  <row>
    <pope>ALEXANDER III.</pope>
    <date>1164 „ 18.</date>
    <place>Senonis</place>
    <number>11056</number>
    <text>Inter Hugonem abbatem fratresque S. Germani de Pratis Parisienses et mona- sterium S. Iohannis Senonense compositionem de ecclesia S. Georgii de Matriolis factam ab Hubaldo tit. S. Crucis et Willelmo tit. S. Petri presbyteris cardinalibus confirmat. Autogr. in tab. nat. Paris. L. 230. n. 25“. — „Iustis petentium desideriis“.</text>
    <page_nr>183</page_nr>
  </row>
</data>
