<?xml version='1.0' encoding='utf-8'?>
<data>
  <row>
    <pope>ALEXANDER III.</pope>
    <date>1164 „ 20.</date>
    <place>Senonis</place>
    <number>11057 (7394)</number>
    <text>Ludovico, Francorum regi, scribit, „relaxationem, in sexta feria ei factam, taliter distinguendam esse, ut in quadragesima, quae dicitur b. Martini, usque ad adventum domini in sexta feria uno ferculo piscium et vino temperate sumpto uta- tur; in adventu vero et in maiori quadragesima consuetum abstinentiam semper sexta feria observet“ cet. Duchesne Hist. Fr. SS. IV. 608, Bouquet Rec. XV. 823, Mansi XXI. 999, Migne 200 p. 307. — „Desiderium et affectum“.</text>
    <page_nr>183</page_nr>
  </row>
</data>
