<?xml version='1.0' encoding='utf-8'?>
<data>
  <row>
    <pope>ALEXANDER III.</pope>
    <date>1164 „ 11.</date>
    <place>Seneni.</place>
    <number>11052 (7390)</number>
    <text>(Hugoni), episcopo Suessionensi, mandat, hortetur Ludovicum, Fran- corum regem, ut abbati et fratribus Compendiensibus hospitale quoddam, si iuris eorum sit, restituat, si minus, concedat. Duchesne Hist. Fr. SS. IV. 594, Bouquet Rec. XV. 821, Mansi XXI. 981, Migne 200 p. 305. — „Quoniam de hospitali“.</text>
    <page_nr>182</page_nr>
  </row>
</data>
