<?xml version='1.0' encoding='utf-8'?>
<data>
  <row>
    <pope>ALEXANDER III.</pope>
    <date>1164 „ 20.</date>
    <place>Senoni-</place>
    <number>11073</number>
    <text>Monasterio Compendiensi hospitale eiusdem loci adiudicat, perspectis litteris B(alduini) Noviomensis et A(malrici) Silvanectensis episcoporum, qui de assensu et voluntate L(udovici), Francorum regis, causam diligenter investigaverant. In tabul. nat. Paris. Cartul. Compend. s. XIII. LL. 1622. f. 58, in bibl. nat. Paris. Coll. Moreau t. 74. f. 79. — „Cum de hospitali“.</text>
    <page_nr>184</page_nr>
  </row>
</data>
