<?xml version='1.0' encoding='utf-8'?>
<data>
  <row>
    <pope>ALEXANDER III.</pope>
    <date>1164 „ 28.</date>
    <place>Senoni-</place>
    <number>11076</number>
    <text>Balduino abbati S. Martini Vprensi eiusque successoribus asserit altare de Ca- lona, ab Alviso, quondam episcopo Atrebatensi, donatum. Statutum, ut singulis annis octo diebus statutis missae in capella de Upstal celebrentur et quidquid ibidem ob- latum fuerit, usibus fratrum templi Hierosolymitani deputetur, confirmat. (Cf. supra bullam 7812.) Les trois cart. de St.-Mart. à Vpres I. 17. — „Apostolice sedis, cui“.</text>
    <page_nr>184</page_nr>
  </row>
</data>
