<?xml version='1.0' encoding='utf-8'?>
<data>
  <row>
    <pope>ALEXANDER III.</pope>
    <date>1164 „ 20.</date>
    <place>Senoni-</place>
    <number>11072 (7405)</number>
    <text>Ludovico, Francorum regi, respondet, se hospitale Compendiense, cum ipsius arbitrio permisisset controversiam, habita ratione litterarum B(alduini) Novio- mensis et (Amalrici) Silvanectensis episcoporum, monasterio Compendiensi addixisse. Duchesne Hist. Fr. SS. IV. 610, Bouquet Rec. XV. 826, Mansi XXI. 1002, Migne 200 p. 314. — „Illam sincerissimam“.</text>
    <page_nr>184</page_nr>
  </row>
</data>
