<?xml version='1.0' encoding='utf-8'?>
<data>
  <row>
    <pope>ALEXANDER III.</pope>
    <date>1161 Doc. 23.</date>
    <place>Terracinae</place>
    <number>10687 (7181)</number>
    <text>Henrico, episcopo Bellovacensi, scribit, in suas ad eum et episcopum Parisiensem litteras de negotio ecclesiae Flaviniacensis haec verba: „R. quondam abbas“ irrepsisse, cum idem abbas per sententiam W(illelmi) presbyt. card. tit. S. Petri ad vincula restitutus esset. Emendatum igitur litterarum earundem exemplum (quod sequitur) mittit. Martene Coll. II. 656, Migne 200 p. 127.</text>
    <incipit>„In litteris, quas“.</incipit>
  </row>
</data>
