<?xml version='1.0' encoding='utf-8'?>
<data>
  <row>
    <pope>ALEXANDER III.</pope>
    <date>1162 Febr. 18.</date>
    <place>Lann</place>
    <number>10697 (7185)</number>
    <text>Philippum abbatem fratresque monasterii Praemonstratensis perstantes in fide laudat, monetque, ut „schismaticos ordinis ad veritatem studeant propensius revocare et schisma Octaviani haeresiarchae sub iureiurando abrenunciare“. Contumaces excommunicari iubet. Le Paige Bibl. Praem. p. 629, Hugo O. Pr. A. I. Pr. p. 21, Bouquet Rec. XV. 774, Migne 200 p. 130.</text>
    <incipit>„Omnipotenti Deo“.</incipit>
  </row>
</data>
