<?xml version='1.0' encoding='utf-8'?>
<data>
  <row>
    <pope>ALEXANDER III.</pope>
    <date>1162 Febr. 28.</date>
    <place>Lann</place>
    <number>10700 (7187)</number>
    <text>Frederico praeposito et canonicis ecclesiae Placentinae concedit, ut pro ecclesia S. Iohannis de Viculo, ab Innocentio II. iis tributa, in posterum non dimi- diam auri unciam, sed duos tantum molachinos, quotannis sibi suisque successoribus persolvant. Campi Hist. di Piac. II. 358, Migne 200 p. 132. — „Eos, quos sacro- sancta“.</text>
  </row>
</data>
