<?xml version='1.0' encoding='utf-8'?>
<data>
  <row>
    <pope>ALEXANDER III.</pope>
    <date>1162 Mart 16.</date>
    <place>Lann</place>
    <number>10703 (7188a</number>
    <text>) Roberto abbati et universo capitulo S. Albani significat, se (Hilario) Cicestrensi et (Willelmo) Norwicensi episcopis mandasse, ut inter eos et (Robertum) episcopum Lincolniensem iudicium facerent. Matthaei Paris. Opp. app. p. 77, Gesta abb. S. Albani I. 144, Migne 200 p. 134. Cf. supra ep. 10647.</text>
    <incipit>„Cum anno praeterito“.</incipit>
  </row>
</data>
