<?xml version='1.0' encoding='utf-8'?>
<data>
  <row>
    <pope>ALEXANDER III.</pope>
    <date>1162 Mart 25.</date>
    <place>(Lann)</place>
    <number>10707</number>
    <text>Syri, archiepiscopi lanuensis, eiusque successorum, dignitatem, ab Innocentio II. constitutam, confirmat, eique episcopatum Albigaunensem subiicit et legationem transmarinam (octavo quoque anno obeundam), usumque equi cum nacco albo, crucis dominicae, pallii concedit, cet. („Dat. Ianuae VIII. kal. Apr., ind. X., inc. a. 1162. p. a. IV.“, cf. supra 10663.) Pflugk-Harttung Iter p. 264.</text>
    <incipit>„Superna et ineffabilis“.</incipit>
  </row>
</data>
