<?xml version='1.0' encoding='utf-8'?>
<data>
  <row>
    <pope>ALEXANDER III.</pope>
    <date>1159 Oct. 5.</date>
    <place>Terracinac.</place>
    <number>10587 (7129)</number>
    <text>Gerardo episcopo et canonicis et legis doctoribus ceterisque magistris Bononiae commorantibus eadem significat, quae superiore epistola 10584 continentur. Addit, Octavianum ac I. de S. Martino et G(uidonem) Cremensem et (Ubaldum) episcopum Ferentinum aliosque socios octava post ipsius consecrationem die (27. Sept.) excommunicatos esse. Sarti De claris archig. I. II. Praef. p. 14, Savioli Ann. Bol. I. II. 258, (Ragewini Gest. Frid. L. IV. c. 51 in MG. SS. XX. 470, Mansi XXI. 868, Migne 200 p. 73). — „Eterna et incommutabilis“.</text>
  </row>
</data>
