<?xml version='1.0' encoding='utf-8'?>
<data>
  <row>
    <pope>ALEXANDER III.</pope>
    <date>1162 Apr. 30.</date>
    <place>pessulanum</place>
    <number>10710 (7192)</number>
    <text>Henrico, electo Remensi, per abbatem Grandis-silvae pallium mittit; eum- que hortatur, ut illud, quod abbas et nuncii eius coram mandaverint, apud Ludo- vicum, Francorum regem, efficiat. Martene Coll. II. 665, Bouquet Rec. XV. 777, Migne 200 p. 136. — „Quanto amplius effectum“.</text>
  </row>
</data>
