<?xml version='1.0' encoding='utf-8'?>
<data>
  <row>
    <pope>ALEXANDER III.</pope>
    <date>1162 Apr. 30.</date>
    <place>pessulanum</place>
    <number>10712 (7194)</number>
    <text>Ludovico, Francorum regi, Henricum, archiepiscopum Remensem, et (Godefridum) Lingonensem ac (Amalricum) Silvanectensem episcopos, abbatemque Grandis-silvae commendat. Gratias agit, quod Raimundus, comes S. Aegidii, ipsi „magnifice occurrerit, et se ac terram suam exposuerit“. Duchesne Hist. Fr. SS. IV. 599, Bouquet Rec. XV. 776, Mansi XXI. 989, Migne 200 p. 138.</text>
    <incipit>„Sicut meminisse possumus“.</incipit>
  </row>
</data>
