<?xml version='1.0' encoding='utf-8'?>
<data>
  <row>
    <pope>ALEXANDER III.</pope>
    <date>1162</date>
    <place> </place>
    <number/>
    <text>Statuunt: 1) ut „quicunque princeps saecularis ab ecclesiastico monitus iurisdictionem temporalem in hereticos aliosque non curaverit exercere, vinculo anathematis sit innodatus“; 2) ne quis monachus vel canonicus regularis aut alius religiosu</text>
    <incipit>d seculares leges vel physicam legendas accedat. Mansi XXI. 1159.</incipit>
  </row>
</data>
