<?xml version='1.0' encoding='utf-8'?>
<data>
  <row>
    <pope>ALEXANDER III.</pope>
    <date>1162</date>
    <place>pessulanum</place>
    <number>10720 (7205)</number>
    <text>Monasterium Vizeliacense ab ecclesiae Cluniacensis potestate liberat, „con- siderans, quam manifeste Cluniacensis ecclesia tempore huius turbationis erraverit et quomodo a pristina religione et honeste corruens ab unitate ecclesiae se fecerit alienam“. D'Achery Spicil. II. 537, Mansi XXI. 1160, Migne 200 p. 153. — „Sacro- sancta Romana ecclesia“.</text>
  </row>
</data>
