<?xml version='1.0' encoding='utf-8'?>
<data>
  <row>
    <pope>ALEXANDER III.</pope>
    <date>1162 Mai. 31.</date>
    <place>pessulanum</place>
    <number>10725</number>
    <text>Monasterii b. Arnulfi martyris Crispeiensis tutelam suscipit bonaque et privilegia confirmat, petente Theobaldo priore. Autogr. mutilum d. 24. Iun. 1884 a bibl. nat. Paris. acquisitum est. Misit Delisle. (Nescio quae sit ratio inter hanc et bullam 10722.) — („Religiosam vitam eligentibus apostolicum con)venit adesse presidium“.</text>
  </row>
</data>
