<?xml version='1.0' encoding='utf-8'?>
<data>
  <row>
    <pope>ALEXANDER III.</pope>
    <date>1162 Laa 4.</date>
    <place>pessulanum</place>
    <number>10727 (7204)</number>
    <text>Ludovico, Francorum regi, respondet, se causam (Henrici) episcopi Augustodunensis et abbatis Flaviniacensis „ad octavas S. Michaelis“ (6. Oct.) ampliasse, interimque ut castrum Flaviniacense in regis potestate esset, decrevisse. Stephanum, subdiaconum suum, mittit. Duchesne Hist. Fr. SS. IV. 598, Bouquet Rec. XV. 778, Mansi XXI. 987, Migne 200 p. 152.</text>
    <incipit>„Litteras, quas nobis“.</incipit>
  </row>
</data>
