<?xml version='1.0' encoding='utf-8'?>
<data>
  <row>
    <pope>ALEXANDER III.</pope>
    <date>1162 Lul. 1.</date>
    <place>pessulanum</place>
    <number>10734 (7206)</number>
    <text>Guillelmi de Montepessulano et eius bonorum protectionem suscipit, eique concedit, „ut nulli omnino liceat, nisi Romano pontifici, vel ei, cui specialiter man- daverit, aut cardinali ab eius latere delegato, personam eius excommunicationis vin- culo innodare“. De una capella a progenitoribus b. Petro oblata unus aureus an- nuatim Lateranensi palatio solvatur, statuit. (Perperam additum est: „pontificatus nostri anno IV.“) Gariel Ser. I. 211, Bouquet Rec. XV. 779, Migne 200 p. 154. — „Considerantes et diligentius“.</text>
  </row>
</data>
