<?xml version='1.0' encoding='utf-8'?>
<data>
  <row>
    <pope>ALEXANDER III.</pope>
    <date>1162 Lul. 10.</date>
    <place>pessulanum</place>
    <number>10740 (7209)</number>
    <text>Ad Ludovici, Francorum regis, litteras, per T(eobaldum) abbatem S. Ger- mani et B. Glege: Carducum, cf. Reuter I. 520) clericum missas, respondet. Duos ex fratribus suis legatos venturos ad eum commendat. Duchesne Hist. Fr. SS. IV. 599, Bouquet Rec. XV. 780, Mansi XXI. 988, Migne 200 p. 158. (Bernardum ep. Por- tuensem et lacinthum diaconum legatos papae fuisse, patet ex Hugonis Pictav. Hist. Vizel. ap. D'Achery Spicil. II. 539, in MG. SS. XXVI. 146). — „Quam promptae devotionis“.</text>
  </row>
</data>
