<?xml version='1.0' encoding='utf-8'?>
<data>
  <row>
    <pope>ALEXANDER III.</pope>
    <date>1162    </date>
    <place>Alestae</place>
    <number/>
    <text>Vide Bosonis card. Vita Alexandri p. 389: „per Alestam“, pro quo „Alesiam“ legendum esse, putant Watterich I. I., Reuter I. 207. n. 6 et II. 185. n. 8, Prutz I. 306. Quae correctio haud necessaria videtur, cum „villa Alestensis“ in territ</text>
    <incipit>o Nemausensi sita memoretur in Loewenfeld Epistolae p. 79, et in loco „Alesti“ Gelasii bulla 6665 ac „ap. Alestam“ Alex. III. ep. d. 5. Iul. 1165 data sit.</incipit>
  </row>
</data>
