<?xml version='1.0' encoding='utf-8'?>
<data>
  <row>
    <pope>ALEXANDER III.</pope>
    <date>1162   23.</date>
    <place>maatee</place>
    <number>10749 (7216)</number>
    <text>Henrico, archiepiscopo Remensi, (Milonem), episcopum Morinensem, qui „primus inter occidentales episcopos ad praesentiam suam accesserit et munus consecrationis de manibus suis acceperit“ commendat. Monet, ut Sebrandum clericum, excommunicatum ab eodem episcopo, vitari iubeat. Martene Coll. II. 712, Bouquet Rec. XV. 782, Migne 200 p. 164. — „Dum universis Dei“ „Cum universis Dei“.</text>
  </row>
</data>
