<?xml version='1.0' encoding='utf-8'?>
<data>
  <row>
    <pope>ALEXANDER III.</pope>
    <date>1162 Aug. 1.</date>
    <place>Brivatae</place>
    <number>10752 (7218)</number>
    <text>Henricum, archiepiscopum Remensem, hortatur, ut una cum Ludovico, Francorum rege, Clarum-montem ad sese accedat, ubi de ecclesia Catalaunensi constituatur. Monet, „ut ad disturbationem ipsius colloquii, quod cum Frederico, dicto imperatore, idem rex se proposuerit habiturum, omnibus modis intendat, et quod nulla ratione huiusmodi propositum habeat complementum, quibuscumque modis potuerit, efficiat et laboret“. Martene Coll. II. 671, Bouquet Rec. XV. 783, Migne 200 p. 165.</text>
    <incipit>„Illius fervorem devotionis“.</incipit>
  </row>
</data>
