<?xml version='1.0' encoding='utf-8'?>
<data>
  <row>
    <pope>ALEXANDER III.</pope>
    <date>1162 Sept. 17.</date>
    <place>Silviniaci</place>
    <number>10757 (7222)</number>
    <text>Ludovico, Francorum regi, scribit, „quantas molestias et gravamina in colloquio Frederici, dicti imperatoris, sustinuisset, quantam mentis constantiam et spiritum fortitudinis induisset“, se comperisse. Henricum, Anglorum regem, a sese per (Rogerium), archiepiscopum Eboracensem, et (Rotrodum) Ebroicensem ac (Arnulfum) Lexoviensem episcopos, ut Ludovico „tanquam domino suo vires et auxilium praestaret et studeret in omnibus et per omnia deservire“, admonitum esse. Henrici regis nuncios commendat. „Praefatum regem“ inquit „quem in proxima tertia feria (18. Sept.) ad nostram praesentiam exspectamus, ad honorem et fidelitatem tuam inducere curabimus“. Duchesne Hist. Fr. SS. IV. 620, Bouquet Rec. XV. 784, Mansi XXI. 1015, Migne 200 p. 168.</text>
    <incipit>Audito per venerabiles“ („Audivimus per“).</incipit>
  </row>
</data>
