<?xml version='1.0' encoding='utf-8'?>
<data>
  <row>
    <pope>ALEXANDER III.</pope>
    <date>1162 Sept. 22.</date>
    <place>Silviniaci</place>
    <number>10761 (7226)</number>
    <text>Ludovico, Francorum regi, respondet, ad postulationem eius se Odoni, Burgundiae duci, mandasse, ut Flaviniacum castrum aut regi aut (Henrico), episcopo Augustodunensi, „resignet; alioquin sententiam, quam idem episcopus promulgaverit, ratam habiturum, et ipsam a (Godefrido) Lingonensi et (Petro) Cabilonensi episcopis mandasse ratam haberi“. Duchesne Hist. Fr. SS. IV. 619, Bouquet Rec. XV. 785, Mansi XXI. 1015, Migne 200 p. 172.</text>
    <incipit>„Litteras excellentiae tuae“.</incipit>
  </row>
</data>
