<?xml version='1.0' encoding='utf-8'?>
<data>
  <row>
    <pope>ALEXANDER III.</pope>
    <date>1162 Sept. 23.</date>
    <place>Silviniaci</place>
    <number/>
    <text>lohannem episcopum Pictaviensem consecrat „in abbatia Dolensi, die S. Teclae“. Radulph. de Diceto ad 1194 ap. Twysden Hist. Angl. SS. I. 675, ed. Stubbs II. 120, ap. Bouquet Rec. XVII. 648. 10762 (7227) Ecclesiae Carnotensis protectionem suscipit et possessiones confirmat, petente Roberto episcopo. Gall. Chr. VIII. Instr. p. 337, Lépinois et Merlet Cart. I. 169, Migne 200 p. 173.</text>
    <incipit>„Et ordo rationis“.</incipit>
  </row>
</data>
