<?xml version='1.0' encoding='utf-8'?>
<data>
  <row>
    <pope>ALEXANDER III.</pope>
    <date>1159   8.</date>
    <place>Terracinac.</place>
    <number>10595 (7133)</number>
    <text>Henricum, episcopum Bellovacensem, putat „ex litteris ad archiepiscopos et episcopos aliosque ecclesiae praelatos per Franciam“ missis de schismate cognovisse. Hortatur, ut „simoniaca pravitate Octaviani schismatici omnimodo reprobata“, suas partes sequatur. Martene Coll. II. 663, Bouquet Rec. XV. 747, Migne 200 p. 80.</text>
    <incipit>„Sacrosanctae Romanae“.</incipit>
  </row>
</data>
