<?xml version='1.0' encoding='utf-8'?>
<data>
  <row>
    <pope>ALEXANDER III.</pope>
    <date>1159   13.</date>
    <place>Agaeniae</place>
    <number>10596 (7134)</number>
    <text>B. (corr. Constantiam), Francorum reginam, hortatur, ut „simoniaca pravitate illius schismatici atque apostolici omnino reprobata, a quo videlicet episcopi, abbates atque alii viri religiosi sicut a peste mortifera fugiant, in petra fidei et ecclesiae unitate animi sui constituat firmitatem, atque Ludovicum, regem Francorum, ad hoc ipsum iugi exhortatione inducere studeat“. Duchesne H. Fr. SS. IV. 567, Bouquet Rec. XV. 747, Mansi XXI. 971, Migne 200 p. 80; Pro B(ertha) legendum esse C(onstantiam) probat Reuter I. 101. n. 2.</text>
    <incipit>„Quanto tibi divina“.</incipit>
  </row>
</data>
