<?xml version='1.0' encoding='utf-8'?>
<data>
  <row>
    <pope>ALEXANDER III.</pope>
    <date>1162 Dec. 10.</date>
    <place>Turoni</place>
    <number>10792 (7240)</number>
    <text>Henrico, archiepiscopo Remensi, mandat, ut excommunicationis sententiam, a (Milone), episcopo Morinensi, prolatam in M(atthaeum) filium comitis Flandrensis et canonicos quosdam seculares, observari iubeat. Martene Coll. II. 680, Bouquet Rec. XV. 788, Migne 200 p. 184. — „Dum interna consideratione“.</text>
  </row>
</data>
