<?xml version='1.0' encoding='utf-8'?>
<data>
  <row>
    <pope>AL.</pope>
    <date>1162</date>
    <place>Turoni</place>
    <number>10800</number>
    <text>Stephano, episcopo Meldensi, asserit „ius episcopale, quod praedecessores eius in monasteriis et ecclesiis infra episcopatum sitis tenuisse noscantur“. In bibl. nat. Paris. Cartul. eccl. Meldens. ms. lat. 5528. s. XIII. f. 36“, ms. lat. 5185 F. s. XVII. f. 43.</text>
    <incipit>„Suscepti regiminis cura“.</incipit>
  </row>
</data>
