<?xml version='1.0' encoding='utf-8'?>
<data>
  <row>
    <pope>ALEXANDER III.</pope>
    <date>1159   27.</date>
    <place>Agaeniae</place>
    <number>10598</number>
    <text>Archidiacono, priori et universo clero ecclesiae S. Andreae, pastore destitutae, significat, sese precibus Malcolmi, regis Scotorum, per (Willelmum) episcopum Moraviensem et magistrum Nicolaum sibi propositis assensum praebere non potuisse; memorato episcopo legationis munus impositum esse. Quem ut eligant, suadet. Haddan and Stubbs Councils II. I. 233.</text>
    <incipit>„Petitiones, quas“.</incipit>
  </row>
</data>
