<?xml version='1.0' encoding='utf-8'?>
<data>
  <row>
    <pope>AL.</pope>
    <date>1163 lan. 11.</date>
    <place> </place>
    <number>10809 (7249)</number>
    <text>Ludovico, Francorum regi, respondet, se „illos, qui in Flandriae partibus haeresis arguantur, nulla ratione voluisse audire, nec aliquatenus auditurum, donec super hoc tam regis quam Henrici, archiepiscopi Remensis, atque aliorum religiosorum consilium plenius habeat“. Martene Coll. II. 684, Bouquet Rec. XV. 792, Migne 200 p. 193.</text>
    <incipit>„Litteras super negotio“.</incipit>
  </row>
</data>
