<?xml version='1.0' encoding='utf-8'?>
<data>
  <row>
    <pope>ALEXANDER III.</pope>
    <date>1163 lan. 22.</date>
    <place>Turoni</place>
    <number>10813 (7252)</number>
    <text>Abbatem de Castro-Landonis hortatur, ut „annualia, quae abbas et fratres S. Victoris Parisiensis in ecclesia S. Salvatoris iam ex longo tempore canonice possidere noscantur, quiete eos permittat possidere, donec cum iis super his componat“. Martene Coll. VI. 232, Bouquet Rec. XV. 793, Migne 200 p. 194, (Duchesne H. Fr. SS. IV. 751, Mansi XXI. 1033).</text>
    <incipit>„Iniuncti nobis officii“.</incipit>
  </row>
</data>
