<?xml version='1.0' encoding='utf-8'?>
<data>
  <row>
    <pope>ALEXANDER III.</pope>
    <date>1163    </date>
    <place>(Parisiis.)</place>
    <number>10826 (7259)</number>
    <text>Ludovico, Francorum regi, ita scribit: „Ex antiqua Romanorum ponti- ficum institutione noscitur processisse, quod media quadragesima ea dominica, qua cantatur Laetare Ierosolyma, (3. Mart.) consueverunt ipsi florem aureum propriis manibus gestare; flos namque Christum regem exprimit ac designat, qui de se ipso loquitur dicens: Ego flos campi et lilium convallium“. Aurum, ex quo flos factus sits quid significet, addit. Regi forem tribuit eique bene imprecatur. Radulfi de Diceto Imag. Histor. ap. Twysden H. A. SS. I. 535, ed. Stubbs I. 310, Duchesne H. Fr. SS. IV. 768, Bouquet Rec. XV. 794, Mansi XXI. 1031, Migne 200 p. 198. — „Ex antiqua Romanorum“ „Romanorum pontificum“.</text>
  </row>
</data>
