<?xml version='1.0' encoding='utf-8'?>
<data>
  <row>
    <pope>ALEXANDER III.</pope>
    <date>1163 Nan. 11.</date>
    <place>Parii.</place>
    <number>10832</number>
    <text>Willelmo abbati Savigneiensi indulget, ut „in omnibus monasteriis, quae de eius monasterio sint egressi, et in his, quae de egressis ab eodem monasterio prodierint, de personis quam de rebus disponendi liberam habeat facultatem“, excommunicandique eos, qui eius subiectioni se subtraxerint. Cart. de Savigny s. XIII. f. 158 in Arch. dép. de la Manche in St.-L0.</text>
    <incipit>„Cum omnibus ecclesiasticis“.</incipit>
  </row>
</data>
