<?xml version='1.0' encoding='utf-8'?>
<data>
  <row>
    <pope>ALEXANDER III.</pope>
    <date>1163 Nan. 18.</date>
    <place>Parii.</place>
    <number>10834 (7266)</number>
    <text>Henrico, Anglorum regi, omnes archiepiscopos et episcopos ad concilium missuro, gratias agit; sed „statuit, ut propter hoc ei aut posteris eius nullum detrimentum vel incommodum debeat provenire, neque, occasione ista, nova consuetudo in regnum eius possit induci, vel ipsius regni dignitas aliquatenus minorari“. Rymer Foedera I. 44.</text>
    <incipit>„IIlum devotae“.</incipit>
  </row>
</data>
