<?xml version='1.0' encoding='utf-8'?>
<data>
  <row>
    <pope>ALEXANDER III.</pope>
    <date>1163 Nan. 19.</date>
    <place>Parii.</place>
    <number>10837 (7268)</number>
    <text>G(ilberto), episcopo Herefordensi, concedit rogatu Henrici Anglorum regis et T(homae) archiepiscopi Cantuariensis, ut ecclesiam Londinensem regendam susci- piat, „si tamen Londinensis ecclesia hoc unanimiter postulaverit“. Gilberti Foliot epist. ed. Giles I. 192, Migne 200 p. 205. — „Ex litteris carissimi“.</text>
  </row>
</data>
