<?xml version='1.0' encoding='utf-8'?>
<data>
  <row>
    <pope>ALEXANDER III.</pope>
    <date>1163    </date>
    <place>(Parii.)</place>
    <number>10838 (7269)</number>
    <text>Capitulo Londinensi significat, se Henrico, Anglorum regi, permisisse, ut (Gilbertus) episcopus Herefordensis ecclesiae Londinensi praeponeretur, „si tamen“ inquit „vos eundem episcopum unanimiter postulaveritis“. Radulf. de Diceto Imag. Hist. ap. Twysden H. A. SS. I. 534, Opp. ed. Stubbs I. 309, Migne 200 p. 206.</text>
    <incipit>„Ex litteris carissimi“.</incipit>
  </row>
</data>
