<?xml version='1.0' encoding='utf-8'?>
<data>
  <row>
    <pope>ALEXANDER III.</pope>
    <date>1163 Mart. 22.</date>
    <place>Parisfi-</place>
    <number>10841 (7271)</number>
    <text>Henrico, archiepiscopo Remensi, mandat, ut excommunicationis sententiam a (Nicolao) episcopo Cameracensi in uxorem comitis Namurcensis prolatam, nisi intra dies 30 ad virum redierit, iterum edat. Martene Coll. II. 690, Bouquet Rec. XV. 795, Migne 200 p. 207.</text>
    <incipit>„Dilectus filius noster“.</incipit>
  </row>
</data>
