<?xml version='1.0' encoding='utf-8'?>
<data>
  <row>
    <pope>ALEXANDER III.</pope>
    <date>1163 Apr. 20</date>
    <place>Parisfi-</place>
    <number>10851</number>
    <text>Inter Rogerium abbatem Columbensem et Mauritium episcopum Parisiensem compositionem super ecclesia S. Germani in Leia et capella S. Aegidii, a Milone archipresbytero Mediolanensi et Osmundo canonico Parisiensi factam, confirmat. Loewenfeld Epistolae p. 132. — „Iustis petentium desideriis“.</text>
  </row>
</data>
