<?xml version='1.0' encoding='utf-8'?>
<data>
  <row>
    <pope>ALEXANDER III.</pope>
    <date>1163 Mai. 2.</date>
    <place>Carnoti</place>
    <number>10858</number>
    <text>Domus leprosorum Belli-loci tutelam suscipit, possessionesque confirmat. (Pro „XI. non. Maii“ legendum esse puto: „VI. non. Maii“.) In bibl. nat. Paris. Cartul. de la léproserie du Grand Beaulieu, ms. lat. nouv. acqu. 1408, cuius folia numeris adhuc carent.</text>
    <incipit>„Sacrae scripturae attestatione“.</incipit>
  </row>
</data>
