<?xml version='1.0' encoding='utf-8'?>
<data>
  <row>
    <pope>ALEXANDER III.</pope>
    <date>1163 Mai. 19.</date>
    <place>Mauritii.</place>
    <number/>
    <text>Concilium „cardinalium 17, episcoporum 124, abbatum 414“. Bosonis card. Vita Alexandri ap. Watterich II. 393: „XIV. kal. Iunii“. Chron. S. Petri vivi 1163 ap. D'Achery Spic. II. 486, in MG. SS. XXVI. 35: „in octavis pentecostes scil. XIV. kal. lun.“. Chron. Fiscanense 1163 ap. Labbe N. B. M. I. 326: „dominica prima post pentecosten“. Statuunt: 1) ne aut praebendae dividantur aut dignitates permutentur; 2) ne clerici usuram accipiant; 3) ne „quis alicui laico in saeculo remanenti ecclesiam decimamve concedat“; 4) excommunicant participes haeresis, quae „in partibus Tolosae dudum emersit, quae more cancri paullatim ad vicina loca diffundens, per Vasconiam et alias provincias quam plurimos iam infecit“; 5) ne „sub annuo pretio sacerdotes ad ecclesiarum regimen statuantur“; 6) „ne ab iis, qui ad religionem transire volue- rint, aliqua pecunia requiratur, neve prioratus aut capellaniae quaelibet monachorum aut clericorum vendantur“; 7) ne „decani vel archipresbyteri ad agendas vices epi- scoporum seu archidiaconorum et terminandas causas ecclesiasticas sub pretio annuo constituantur“; 8) „ut nullus omnino post votum religionis, post factam in aliquo religioso loco professionem, ad physicam legesve mundanas legendas permittatur exire“; 9) „ordinationes factas ab Octaviano et aliis schismaticis et haereticis eva- cuant“; 10) statuunt de ecclesiarum castrensium possessionibus. Acta exstant in Bosonis card. Vita Alex. I. I., Mansi XXI. 1176. Cf. Reuter I. 546. 547. In hoc concilio „Alexander papa excommunicat Octavianum schismaticum et Rainal- dum Coloniensem electum, archiepiscopum quoque Moguntinum, Hugonem etiam abbatem Cluniacensem cum quibusdam schismatis auctoribus“. Sigeberti Contin. Aquicinct. 1162 in MG. SS. VI. 409.</text>
  </row>
</data>
