<?xml version='1.0' encoding='utf-8'?>
<data>
  <row>
    <pope>ALEXANDER III.</pope>
    <date>1163   26.</date>
    <place>Turoni</place>
    <number>10866</number>
    <text>Ab ecclesiis quibusdam, ad ius monasterii S. Bertini Sithiensis pertinentibus, Hugonem clericum episcopi Tornacensis removet, easque ab omni personatu absolvit, „ita videlicet, ut nulli liceat, presbyteris ipsarum ecclesiarum aliquam personam prae- ferre, per quam iidem presbyteri rebus propriis inique spolientur“. Alia privilegia addit. In bibl. nat. Paris. Coll. Moreau t. 72. p. 129, (Iohannis Longi chron. S. Ber- tini in MG. SS. XXV. 806). — „Ecclesiarum utilitatibus“.</text>
  </row>
</data>
