<?xml version='1.0' encoding='utf-8'?>
<data>
  <row>
    <pope>ALEXANDER III.</pope>
    <date>1159 — 1160?</date>
    <place> </place>
    <number>10605 (7139)</number>
    <text>Episcopo Sarisberiensi scribit de Rogerio canonico, qui „frustatoriae dilationis causa videatur appellasse“. (Ex registri libro I?) Append. conc. Lat. L. 11, Comp. I. L. 2. t. 20. c. 44, Decr. Greg. L. II. t. 28. c. 28, Migne 200 p. 84.</text>
    <incipit>„Pervenit ad nos, quod“.</incipit>
  </row>
</data>
