<?xml version='1.0' encoding='utf-8'?>
<data>
  <row>
    <pope>ALEXANDER III.</pope>
    <date>1163 Iun. S.</date>
    <place>Taroni</place>
    <number>10885 (7294)</number>
    <text>(Hugoni), episcopo Suessionensi, mandat, hortetur (Mauritium) episcopum Parisiensem, ut aut Odoni sacerdoti ablata restituat, aut cum eodem rem transigat. Duchesne Hist. Fr. SS. IV. 592, Bouquet Rec. XV. 797, (Mansi XXI. 979, Migne 200 p. 235).</text>
    <incipit>„Ex conquestione Odonis“.</incipit>
  </row>
</data>
