<?xml version='1.0' encoding='utf-8'?>
<data>
  <row>
    <pope>ALEXANDER III.</pope>
    <date>1163 Iun. 10.</date>
    <place>Taroni</place>
    <number>10889 (7298)</number>
    <text>Sententiam, ab A(rraldo) quondam abbate S. Benedicti de ecclesia S. Germani latam secundum capitulum ecclesiae b. Aniani contra episcopum Aurelianensem confirmat. Humbert Antiqu. de S. Aignan d'Orleans Pr. p. 118, Bouquet Rec. XV. 798, Migne 200 p. 239.</text>
    <incipit>„Causam, quae inter vos“.</incipit>
  </row>
</data>
