<?xml version='1.0' encoding='utf-8'?>
<data>
  <row>
    <pope>ALEXANDER III.</pope>
    <date>1163 Iun. 11.</date>
    <place>Taroni</place>
    <number>10892</number>
    <text>Monasterii Malmesburiensis protectionem suscipit, bonaque et privilegia, rogatu Gregorii abbatis, confirmat, iniuncta fratribus unciae auri pensione annua. (Pro „IId. id. Iulfi“ legendum est „III. id. lunii“.) Registrum Malmesbur. I. 353.</text>
    <incipit>„Car universis sanctae“.</incipit>
  </row>
</data>
