<?xml version='1.0' encoding='utf-8'?>
<data>
  <row>
    <pope>ALEXANDER III.</pope>
    <date>1159 — 1160?</date>
    <place> </place>
    <number>10607 (7141)</number>
    <text>Episcopo Tornacensi (al. archiepiscopo Turonensi) mandat, inducat mulierem, quae filium interemerit, ut monasterium capessat. (Ex registri libro I?). App. conc. Lat. L. 12, Coll. Cass. XXXIX. 4, Comp. I. L. 5. t. 9. c. 1, Decr. Greg. L. V. t. 10. c. 1, Migne 200 p. 84.</text>
    <incipit>„Veniens ad nos M.“</incipit>
  </row>
</data>
