<?xml version='1.0' encoding='utf-8'?>
<data>
  <row>
    <pope>ALEXANDER III.</pope>
    <date>1163 Lal. 7.</date>
    <place>werestenum</place>
    <number>10903 (7308)</number>
    <text>Henrico, archiepiscopo Remensi, de quibusdam civibus Atrebatensibus, „qui multo tempore curiam secuti iustitiam super diffamatione sua instantius obtulerint“, mandat, „ut factum ipsum plenius inquirat et sibi studeat intimare“. Martene Coll. II. 668, Bouquet Rec. XV. 799, Migne 200 p. 247.</text>
    <incipit>„Fervorem tuae sincerissimae“.</incipit>
  </row>
</data>
