<?xml version='1.0' encoding='utf-8'?>
<data>
  <row>
    <pope>ALEXANDER III.</pope>
    <date>1163 Lal. 11.</date>
    <place>werestenum</place>
    <number>10904 (7309)</number>
    <text>Ludovico, Francorum regi, monachos S. Maximini, „quos vitae turpioris conversatio et sui abbatis interemptio diffamassent“, per monasteria divisos, aliosque in eorum locum substitutos nunciat; quos tutelae eius commendat. Duchesne Hist. Fr. SS. IV. 628, Bouquet Rec. XV. 800, Mansi XXI. 1026, Migne 200 p. 248. — „Apostolicae amministrationis“.</text>
  </row>
</data>
