<?xml version='1.0' encoding='utf-8'?>
<data>
  <row>
    <pope>ALEXANDER III.</pope>
    <date>1163 lul. 20.</date>
    <place>monasterium</place>
    <number>10909 (7312)</number>
    <text>S(tephanum) abbatem et fratres Cluniacenses hortatur, ut de possessio- nibus quibusdam transigant cum canonicis b. Mauritii Turonensis, aut „proximo festo b. Lucae“ (18. Oct.) ad sese veniant, aut rem Henrico, archiepiscopo Remensi, de- cernendam comittant. Martene Coll. II. 669, Migne 200 p. 250. — „Significaverunt nobis“.</text>
  </row>
</data>
