<?xml version='1.0' encoding='utf-8'?>
<data>
  <row>
    <pope>ALEXANDER III.</pope>
    <date>1163 lul. 22.</date>
    <place>monasterium</place>
    <number>10910 (7313)</number>
    <text>Henrico, archiepiscopo Remensi, significat, de ecclesia Catalaunensi cum Ludovicum, Francorum regem, dissentire cum co comperisset, se rem in „festum b. Lucae“ (18. Oct.) distulisse. Hortatur, ut abbati S. Bertini (Sithiensis) „alteram de duabus procurationibus suis remittat“. Martene Coll. II. 670, Bouquet Rec. XV. 802, Migne 200 p. 250.</text>
    <incipit>„Ex inspectione litterarum“.</incipit>
  </row>
</data>
