<?xml version='1.0' encoding='utf-8'?>
<data>
  <row>
    <pope>ALEXANDER III.</pope>
    <date>1163 lul. 26.</date>
    <place>monasterium</place>
    <number>10912 (7315)</number>
    <text>Archiepiscopo Toletano praecipit, ne, mortuo archiepiscopo Tarraconensi, „in Tarraconensi provincia in ordinandis ecclesiis nec in electionibus vacantium eccle- siarum faciendis auctoritatem suam interponat, neu ibi aliqua primatiae iura attentet exercere, donec causa, quae inter ecclesiam eius et illam vertatur, ad ipsius audi- torium deferatur“. Marca Marca Hisp. p. 1338, Aguirre Conc. V. 82, Mansi XXI. 1060, Migne 200 p. 254. — „Fraternitatis tuae prudentiam“.</text>
  </row>
</data>
