<?xml version='1.0' encoding='utf-8'?>
<data>
  <row>
    <pope>ALEXANDER III.</pope>
    <date>1163 Ang. 20.</date>
    <place>Bituricis</place>
    <number>10927 (7323)</number>
    <text>Ludovico, Francorum regi, significat, unum nunciorum imperatoris Con- stantinopolitani ap. S. Aegidium valetudine retineri, alterum ad sese accedere. „Quia vero“ inquit „quoddam verbum secretum nobis et tibi tantum habet proponere, volun- tatis illius est, quod in aliquo loco praesentes simus, ut verbum pariter audiamus“. Qua de re quid ei videatur, quaerit. Duchesne Hist. Fr. SS. IV. 619, Bouquet Rec. XV. 803, Mansi XXI. 1013, Migne 200 p. 259. — „Cum ex multis aliis“.</text>
  </row>
</data>
