<?xml version='1.0' encoding='utf-8'?>
<data>
  <row>
    <pope>ALEXANDER III.</pope>
    <date>1163 Ang. 25.</date>
    <place>Bituricis</place>
    <number>10930 (7326)</number>
    <text>Ludovico, Francorum regi, significat, alterum nunciorum imperatoris Con- stantinopolitani „illud secretum verbum communiter ipsi et regi propositum“ voluisse. Se vero, ut nuncius antea ad regem accederet, decrevisse, „ne“ inquit „ei quodam- modo occurrere videreris“. Duchesne Hist. Fr. SS. IV. 614, Bouquet Rec. XV. 804, Mansi XXI. 1007, Migne 200 p. 260. — „Sicut per servientem“.</text>
  </row>
</data>
