<?xml version='1.0' encoding='utf-8'?>
<data>
  <row>
    <pope>ALEXANDER III.</pope>
    <date>1163 Ang. 28.</date>
    <place>Bituricis</place>
    <number>10932 (7327)</number>
    <text>Henrico, archiepiscopo Remensi, respondet, de electione in ecclesia Catalaunensi facta etsi Ludovico Francorum regi placuerit, se tamen ante diem praestitutam non posse constituere. Martene Coll. II. 674, Bouquet Rec. XV. 805, Migne 200 p. 261.</text>
    <incipit>„Ex litteris tuae“.</incipit>
  </row>
</data>
