<?xml version='1.0' encoding='utf-8'?>
<data>
  <row>
    <pope>ALEXANDER III.</pope>
    <date>1163 Sept. 2.</date>
    <place>Bituricis</place>
    <number>10934 (7329)</number>
    <text>H(ugoni), episcopo Suessionensi, scribit haec: „De his, quae nobis P. ecclesiae b. Aniani decanus retulit, de hoc videlicet, quod circa Ludovicum, illustrem Francorum regem, habere dinosceris sollicitudinem, pariter nos habere noveris et cautelam, nec quisquam ad hoc nos inducere poterit, quod collata tibi dignitas seu officium per nos minui debeat vel auferri“. Duchesne Hist. Fr. SS. IV. 593, Bouquet Rec. XV. 806, Mansi XXI. 980, Migne 200 p. 262.</text>
    <incipit>„Universos ecclesiae filios“.</incipit>
  </row>
</data>
