<?xml version='1.0' encoding='utf-8'?>
<data>
  <row>
    <pope>ALEXANDER III.</pope>
    <date>1163 Sept. 4.</date>
    <place>Bituricis</place>
    <number>10935 (7330)</number>
    <text>(Gilberto), episcopo Londinensi, mandat, hortetur Henricum, Anglorum regem, ut ecclesias „sinceriori affectu diligat, manuteneat, atque ad earum libertatem diligentius, quam consueverit, studeat et intendat“. Monet, ne „de cetero carni suae nimiam austeritatem indicat, sed modico vino et temperato utatur et carnibus aliquando“. Gilberti Foliot epistolae ed. Giles II. 85, Migne 200 p. 263.</text>
    <incipit>„Quanto maiorem in“.</incipit>
  </row>
</data>
