<?xml version='1.0' encoding='utf-8'?>
<data>
  <row>
    <pope>ALEXANDER III.</pope>
    <date>1163 Sept. 4.</date>
    <place>Bituricis</place>
    <number>10936</number>
    <text>Coronensi et Cellensi abbatibus mandat, ut quosdam testium a fratribus S. Crucis Burdegalensibus et monachis S. Macharii citatorum, qui valetudinis causa ad sese accedere non potuerint, recipiant eorumque „depositiones“ sibi transmittant. Archives histor. de la Giromde I. 216.</text>
    <incipit>„Quum (an Quoniam?) dilecti filii“.</incipit>
  </row>
</data>
