<?xml version='1.0' encoding='utf-8'?>
<data>
  <row>
    <pope>ALEXANDER III.</pope>
    <date>1163 Spt 5.</date>
    <place>Bituricis</place>
    <number>10939 (7331)</number>
    <text>Henrico, archiepiscopo Remensi, mandat, ad (Richardum) electum Virdunensem litteras suas deferendas curet, quibus moneatur, ut „fillium nobilis viri Fraiapanis de regno Teutonico, ubi cum parentibus suis commoretur, ad se venturum, usque ad regnum Francorum faciat secure deduci“. Martene Coll. II. 675, Bouquet Rec. XV. 806, Migne 200 p. 265.</text>
    <incipit>„De sinceritatis ac“.</incipit>
  </row>
</data>
