<?xml version='1.0' encoding='utf-8'?>
<data>
  <row>
    <pope>ALEXANDER III.</pope>
    <date>1163 Spt 10.</date>
    <place>Bituricis</place>
    <number>10940 (7332)</number>
    <text>Henricum, archiepiscopum Remensem, hortatur, ut ad locum, quo ipse cum Ludovico, Francorum rege, conventurus sit, accedat. Haec addit: „non autem locum certum habemus, si (sed?) apud S. Laurentium vel apud S. Benedictum super Ligerim credimus nos convenire“. Martene Coll. II. 676, Bouquet Rec. XV. 806. Migne 200 p. 265.</text>
    <incipit>„Fraternitati tuae cognitum“.</incipit>
  </row>
</data>
