<?xml version='1.0' encoding='utf-8'?>
<data>
  <row>
    <pope>ALEXANDER III.</pope>
    <date>1160 lan. 2.</date>
    <place>Anarnlae</place>
    <number>10612</number>
    <text>B(osonis) episcopi Catalaunensis studium erga se et Romanam ecclesiam laudat. De appellationibus respondet, „non licere civilibus personis in causa civili ante pro- nuntiationem sententiae in vocem appellationis prorumpere“, cet. R. canonici, ex ecclesia Omnium samnctorum eiecti, causam ei demandat; qui eum verberaverint. eos tamdiu excommunicatione innodandos esse iubet, donec satisfacturi ad sedem apo- stolicam accesserint. Loewenfeld Epistolae p. 131. — „Constitutus in praesentia“.</text>
  </row>
</data>
