<?xml version='1.0' encoding='utf-8'?>
<data>
  <row>
    <pope>ALEXANDER III.</pope>
    <date>1163 Oct. 12.</date>
    <place>Senonis</place>
    <number>10947 (7338)</number>
    <text>Ludovicum, Francorum regem, hortatur, moneat per litteras Willelmum, Siciliae regem, „ut quia inimici eius se praeparent, et totam intentionem ad hoc dirigant, quod possint terram illius intrare et ipsum crebris vexationibus fatigare, se et terram suam praemuniat“. Episcopum Tropaeensem commendari Willelmo regi cupit. Duchesne Hist. Fr. SS. IV. 625, Bouquet Rec. XV. 825, Mansi XXI. 1022, Migne 200 p. 269.</text>
    <incipit>„Quoniam regnum Siciliae“.</incipit>
  </row>
</data>
