<?xml version='1.0' encoding='utf-8'?>
<data>
  <row>
    <pope>ALEXANDER III.</pope>
    <date>1163 Oct. 16.</date>
    <place>Senonis</place>
    <number>10948 (7339)</number>
    <text>Ludovico, Francorum regi, agit gratias, „quod, audito a nunciis Constan- tinopolitani imperatoris de honore et reverentia ab eodem imperatore sibi et sanctae Romanae ecclesiae exhibenda, laetitiam non modicam conceperit, iudicans eos de cetero super aliis, quae attulissent, negotiis audiendos“. „De cetero“ inquit „nos, praedictis nunciis quicquid a nobis responsum fuerit, tibi litteris nostris curabimus plenius intimare“. Duchesne Hist. Fr. SS. IV. 616, Bouquet Rec. XV. 807, Migne 200 p. 269. — „IIla devotissima excellentiae“.</text>
  </row>
</data>
