<?xml version='1.0' encoding='utf-8'?>
<data>
  <row>
    <pope>ALEXANDER III.</pope>
    <date>1160</date>
    <place> </place>
    <number>10613 (7154)</number>
    <text>Morinensibus significat, se Milonis episcopi adversario, ut ecclesia Boloniensis fieret sedes episcopalis studenti, non esse obsecutum. (Annus 1161 certe aliena manu additum est.) Gall. Chr. X. Instr. p. 405, Bouquet Rec. XV. 749. not. a, Duchet et Giry Cart. de Térouane p. 33, Migne 200 p. 98. — „Dilectum filium nostrum“. phano abbate. Tabula saec. XII vel XIII in. adulterina in bibl. nat. Paris. Coll. de Bourgogne t. 80. n. 256, (Cop. s. XVIII. in Coll. Moreau t. 76. f. 127).</text>
    <incipit>„Cum omnium fidelium“.</incipit>
  </row>
</data>
