<?xml version='1.0' encoding='utf-8'?>
<data>
  <row>
    <pope>ALEXANDER III.</pope>
    <date>1163</date>
    <place>(Sent.)</place>
    <number>10958 (7363)</number>
    <text>Rogero, archiepiscopo Eboracensi, et canonicis Eboracensibus scribit, ne archiepiscopus „in provincia Cantuariensis ecclesiae crucem ullatenus deferat, neve ullius appellationis obtentu id aliqua occasione attentet“. Epist. S. Thomae ed. Lupus p. 121, ed. Giles II. 44, Migne 200 p. 161 et 283. De tempore cf. Reuter I. 549sq. — „Decet prudentiam vestram“.</text>
  </row>
</data>
