<?xml version='1.0' encoding='utf-8'?>
<data>
  <row>
    <pope>ALEXANDER III.</pope>
    <date>1163 Dec. 16.</date>
    <place>((Sent.))</place>
    <number>10959 (7344)</number>
    <text>W. priorem et fratres ecclesiae Cantuariensis laudat, quod Thomae archiepiscopo „in negotiis ecclesiae ferventer adsistant et eius tribulationibus et angustiis compatientes, consilium ei et auxilium libentius ministrent“. Haec addit: „Confidimus, quod ille, in cuius manu corda regum sunt, Henrici Anglorum regis animum circa archiepiscopum mitigabit“. Gilberti Foliot epist. ed. Giles II. 69, Migne 200 p. 273.</text>
    <incipit>„Venerabilis frater noster“.</incipit>
  </row>
</data>
