<?xml version='1.0' encoding='utf-8'?>
<data>
  <row>
    <pope>ALEXANDER III.</pope>
    <date>1163— 1164 Oct. 8.</date>
    <place>Senonis</place>
    <number>10966 (7346)</number>
    <text>H(ugoni), episcopo Suessionensi, mandat, cogat Gil. et Hauguidim uxorem, ut aut in curia (Amalrici) episcopi Silvanectensis, aut praesente B(artholomaeo), episcopo Bellovacensi, de possessionibus ecclesiae Silvanectensis detentis rationem reddant. Duchesne Hist. Fr. SS. IV. 612, Bouquet Rec. XV. 807, Mansi XXI. 1004, Migne 200 p. 275.</text>
    <incipit>„Venerabilis frater noster“.</incipit>
  </row>
</data>
