<?xml version='1.0' encoding='utf-8'?>
<data>
  <row>
    <pope>ALEXANDER III.</pope>
    <date>1163— 1164 Oct. 18.</date>
    <place>Senonis</place>
    <number>10969 (7347)</number>
    <text>Ludovicum, Francorum regem, hortatur, ut quem Petrus, frater eius, ceperit, hominem ecclesiae S. Mariae de Porta S. Leonis, dimittat, ablataque eidem reddi iubeat. Duchesne Hist. Fr. SS. IV. 628, Bouquet Rec. XV. 808, Mansi XXI. 1026, Migne 200 p. 275. — „Conquesti nobis sunt“.</text>
  </row>
</data>
