<?xml version='1.0' encoding='utf-8'?>
<data>
  <row>
    <pope>ALEXANDER III.</pope>
    <date>1163— 1164 Nov. 6.</date>
    <place> </place>
    <number>10974 (7351)</number>
    <text>A Ludovico, Francorum rege, petit, ut in monasterio Ferrariensi, a sese consecrato, „anniversario die consecrationis nundinas constituat; et principibus, baro- nibus et ceteris de regno prohibeat (praecipiat?), ut, his, qui ad nundinas acces- serint, si quis iniuriam inferre praesumat, digna poena eum censeant puniendum“. Duchesne Hist. Fr. SS. IV. 618, Bouquet Rec. XV. 809, Mansi XXI. 1012, Migne 200 p. 277. — „Quanto gloriam et“.</text>
  </row>
</data>
