<?xml version='1.0' encoding='utf-8'?>
<data>
  <row>
    <pope>ALEXANDER III.</pope>
    <date>1163— 1164 Nov. 9.</date>
    <place>Senonis</place>
    <number>10975 (7352)</number>
    <text>Ludovicum, Francorum regem, rogat, ut priori domus hospitalis, apud Cerel. sitae, licentiam concedat itineris in Angliam suo mandatu faciendi. Duchesne Hist. Fr. SS. IV. 606, Bouquet Rec. XV. 810, Mansi XXI. 996, Migne 200 p. 278.</text>
    <incipit>„Cum dilectum nostrum“.</incipit>
  </row>
</data>
