<?xml version='1.0' encoding='utf-8'?>
<data>
  <row>
    <pope>ALEXANDER III.</pope>
    <date>1163—1164 Dec. 30.</date>
    <place>Senonis</place>
    <number>10993</number>
    <text>(Willelmum) Cenomanensem et (Godefridum) Andegavensem episcopos iudices constituit inter S. Florentii Salmurensem et Malleonensem abbates, super parte parochiae S. Leontii litigantes. In bibl. nat. Paris. ms. lat. 12671. (Mon. Benedict. XIV.) f. 248.</text>
    <incipit>„Causam quae inter“.</incipit>
  </row>
</data>
