<?xml version='1.0' encoding='utf-8'?>
<data>
  <row>
    <pope>ALEXANDER III.</pope>
    <date>1164 Ian. 21.</date>
    <place>Senonis</place>
    <number>10996 (7361)</number>
    <text>Thomae, archiepiscopo Cantuariensi, significat, se (Rogero), archiepiscopo Eboracensi, scripsisse, „ut, licet in litteris concessionis suae facultatem ei dederit crucem per totam Angliam deferendi, non tamen eam per parochiam Cantuariensem deferre praesumeret, donec causa ipsa iudiciario ordine terminaretur“. Affirmat, „in eisdem litteris concessionis hoc: per totam Angliam nulla ratione fuisse appositum; unde ex oblivione potius, quam ex industria contigisse, quod verbum illud postremae litterae (quas irritas facit) continerent“. Epist. S. Thomae ed. Lupus p. 121, ed. Giles II. 8, Migne 200 p. 282. Hanc epist. illustravit Reuter I. 558 sq.</text>
    <incipit>„Querimonias adversus“.</incipit>
  </row>
</data>
