<?xml version='1.0' encoding='utf-8'?>
<data>
  <row>
    <pope>ALEXANDER III.</pope>
    <date>1164    </date>
    <place>(Senonis)</place>
    <number>11005 (7366)</number>
    <text>Thomae, archiepiscopo Canturiensi, et omnibus episcopis Angliae praecipit, ut „si Anglorum rex quidquam ab iis aliquo tempore requisierit, quod contra ecclesiasticam libertatem existat, hoc ei facere nullatenus attentent; si autem iam dicto regi super huiusmodi se in aliquo astrictos cognoscant, quod promiserint, nullatenus observent“. Epist. S. Thomae ed. Lupus p. 140, ed. Giles II. 9, Migne 200 p. 287.</text>
    <incipit>„Ad hoc pontificalis“.</incipit>
  </row>
</data>
