<?xml version='1.0' encoding='utf-8'?>
<data>
  <row>
    <pope>ALEXANDER III.</pope>
    <date>1164 Mart. 15.</date>
    <place>Senonis</place>
    <number>11007</number>
    <text>B(ertrando) archiepiscopo Burdegalensi mandat, ut infra 15 dies monachos S. Macharii, praecipue eum, qui pro priore se gerat, Bonafusumque clericum ad obe- dientiam abbati S. Crucis praestandam compellat; quos, nisi fecerint, excommunicari iubet. Archives hist. de la Gironde I. 224. — „Dum fratres sancti“.</text>
  </row>
</data>
