<?xml version='1.0' encoding='utf-8'?>
<data>
  <row>
    <pope>ALEXANDER III.</pope>
    <date>1164 Mart. 21.</date>
    <place>Senonis</place>
    <number>11009 (7368)</number>
    <text>Henricum, archiepiscopum Remensem, et Henricum, tit. SS. Nerei et Achillei presbyterum cardinalem, hortatur, ut „consilio (Ludovici) Francorum regis, donec ista colloquia separentur, se nullatenus subtrahant“. Cardinalem aegrotare dolet. Responsum per cursorem a sese missum poscit. Martene Coll. II. 705, Bou- quet Rec. XV. 829, Migne 200 p. 288. — „De dispositione vestra“.</text>
  </row>
</data>
