<?xml version='1.0' encoding='utf-8'?>
<data>
  <row>
    <pope>ALEXANDER III.</pope>
    <date>1164 Mart. 22.</date>
    <place>Senonis</place>
    <number>11011 (7369)</number>
    <text>E(berhardo), archiepiscopo Salzburgensi, scribit, se ad G(erhohi) prae- positi Reichersbergensis litteras, „in quibus capitula quaedam continebantur, quae, eo et aliis decertantibus, in quaestionis scrupulum devenerunt, nil certi super eisdem capitulis duxisse respondendum“. Mandat, faciat, ut „praepositus et caeteri ab huius- modi ulterius disputationibus, praesertim in publicis conventibus abstineant“. Pez Thes, anecd. VI. I. 398, Migne 200 p. 288. — „Cum dilectus filius“.</text>
  </row>
</data>
