<?xml version='1.0' encoding='utf-8'?>
<data>
  <row>
    <pope>ALEXANDER III.</pope>
    <date>1164 Apr. 1.</date>
    <place>Senonis</place>
    <number>11014 (7371)</number>
    <text>Thomae, archiepiscopo Cantuariensi, peccatum quoddam condonat, eum- que hortatur, ne „a missarum celebratione cesset, neve a consecratione sanguinis et corporis domini abstineat“. Epist. S. Thomae ed. Lupus p. 40, ed. Giles II. 5, Mansi XXI. 1193, Migne 200 p. 290. — „Ad aures nostras“.</text>
  </row>
</data>
