<?xml version='1.0' encoding='utf-8'?>
<data>
  <row>
    <pope>ALEXANDER III.</pope>
    <date>10614  lan. 18.</date>
    <place>Anarnlae</place>
    <number>10621 (7143)</number>
    <text>Canonicis ecclesiae Remensis scribit, putare se, eos de exorto schismate „ex generalibus litteris iamdudum per universas provincias destinatis“ cognovisse. Hortatur, ut, „simoniaca pravitate Octaviani apostatici atque schismatici omnimode reprobata“, in fide permaneant. Marlot Metr. Rem. II. 374, Bouquet Rec. XV. 749, Migne 200 p. 85.</text>
    <incipit>„Sacrosanctae Romanae“.</incipit>
  </row>
</data>
