<?xml version='1.0' encoding='utf-8'?>
<data>
  <row>
    <pope>ALEXANDER III.</pope>
    <date>1164 Apr. 17.</date>
    <place>Senonis</place>
    <number>11019 (7375)</number>
    <text>Basilii, prioris Cartusiensis, et universorum priorum et fratrum ordinis „institutiones ad observantiam religionis de communi assensu capituli rationabiliter factas“ confirmat. Privil. ord. Cartus. fol. 1“, Nova coll. stat. ord. Cart., append. p. 6, Migne 200 p. 293.</text>
    <incipit>„Ex rescripto litterarum“.</incipit>
  </row>
</data>
