<?xml version='1.0' encoding='utf-8'?>
<data>
  <row>
    <pope>ALEXANDER III.</pope>
    <date>1164    </date>
    <place>senoni</place>
    <number>11033 (7380)</number>
    <text>Henrico, archiepiscopo Remensi, significat, „illum auctorem et caput tur- bationis ecclesiae, R(einaldum, archiepiscopum Coloniensem), videlicet quondam F(ri- derici), dicti imperatoris, cancellarium, cum aliunde suus omnimodo disturbetur in- gressus, per Flandriam in Teutonicam terram ire disponere“. Monet, ut „praedictum R(einaldum) disturbare satagat, et omnimodis impedire, et ipsum, si possit, capere nulla ratione postponat“. „Nihil enim“ inquit „posses unquam ad praesens efficere, quod nobis et ecclesiae amplius gratum et acceptum existeret“. Martene Coll. II. 710, Bouquet Rec. XV. 818, Migne 200 p. 297. — „Attendentes illum animi“.</text>
  </row>
</data>
