<?xml version='1.0' encoding='utf-8'?>
<data>
  <row>
    <pope>ALEXANDER III.</pope>
    <date>1164   9.</date>
    <place>senoni</place>
    <number>11034</number>
    <text>B(ertrando) archiepiscopo Burdegalensi mandat, ne sententiam in fratres S. Macharii prolatam remittat, utque eos ad obedientiam abbati S. Crucis Burdegalensi exhibendam instanter commoneat. Nisi fecerint, eos depositum iri minatur. Archives hist. de la Gironde I. 231.</text>
    <incipit>„Per alia scripta“.</incipit>
  </row>
</data>
