<?xml version='1.0' encoding='utf-8'?>
<data>
  <row>
    <pope>ALEXANDER III.</pope>
    <date>10614  Apr. 1.</date>
    <place>Anarnlae</place>
    <number>10627 (7146)</number>
    <text>Arnulpho, episcopo Lexoviensi, respondet, se litteras eius „in fratrum suorum auditorio publice fecisse recitari“. Henricum, regem Anglorum, „firmum et stabilem in catholicae unitate ecclesiae permanere“, gaudet. Mandat, videat, ne rex „per frequentes vexationes imperatoris et nunciorum eius a devotione ecclesiae et sua velit modo quolibet declinare“. Exponit de Friderici imperatoris in ecclesiam iniuriis, ac de concilio Papiensi. in quo Octarianum ab imperatore „de papatu per annulum (prout dicatur) investitum esse“ scribit. Litteras ad (Hugonem) archiepiscopum Rotomagensem et eius suffraganeos missas esse. Fridericum imperatorem cum Octaviano „in coena domini“ (24. Mart.) a sese excommunicatum nunciat. Arnulfi Lex. epist. p. 112, Watterich II. 490, Bouquet Rec. XV. 760, Mansi XXI. 1124, Migne 200 p. 88.</text>
    <incipit>„Litteras a tua nobis“.</incipit>
  </row>
</data>
