<?xml version='1.0' encoding='utf-8'?>
<data>
  <row>
    <pope>ALEXANDER III.</pope>
    <date>1160 Ar 4.</date>
    <place>Aaagniar.</place>
    <number>10628 (7147)</number>
    <text>(Eberhardo), archiepiscopo Salzburgensi, eiusque suffraganeis scribit de Friderici imperatoris in ecclesiam Romanam iniuriis, de conventu Papiensi, de Octaviano per annulum ab imperatore papatu investito. Significat, se „in coena domini“ (24. Mart.) et imperatorem et Octavianum et Ottonem comitem palatinum „atque omnes principales fautores eorum“ excommunicasse. Haec addit: „Vos omnes specialiter et communiter universos a fidelitate, quam ei fecistis, et ab omni debito imperii absolvimus, ita quod in nullo ei de caetero teneamini obedire, sed potius in remissionem vobis iniungimus delictorum, ut contra cos, quos ipse per tyrannidem suam sibi subiugare, opprimere et vastare voluerit, nullum ei consilium vel auxilium ministretis“. Tengnagel Vet. mon. p. 396, Mansi XXI. 1034, Migne 200 p. 90.</text>
    <incipit>„Pro illis tribulationibus“.</incipit>
  </row>
</data>
