<?xml version='1.0' encoding='utf-8'?>
<data>
  <row>
    <pope>ALEXANDER III.</pope>
    <date>1160 Iun. 9.</date>
    <place> </place>
    <number>p10632</number>
    <text>Lampridio, archiepiscopo Iaderensi, scribit: cognovisse se ex Absalone archiepiscopo Spalatensi, cives Spalatenses iureiurando sanxisse, „ut nulli de civitate eorum liceat aliquas possessiones vel bona immobilia ecclesiae alicui donare, vendere, seu legare“. Quod institutum per „potestatem, consilium et communem civitatis“ illius tollendum curet, praecipit. („Dat. Viterbii, V. id. Iun., pont. n. a. I.“ Falsarius bullam Alexandri IV. prae oculis habuisse videtur.) Farlatus III. sacr. III. 181, Feiér C. D. H. II. 159.</text>
    <incipit>„Ex parte venerabilis“.</incipit>
  </row>
</data>
