<?xml version='1.0' encoding='utf-8'?>
<data>
  <row>
    <pope>ALEXANDER III.</pope>
    <date>1160 Nov. 17.</date>
    <place>Aaagniar.</place>
    <number>10634</number>
    <text>(Bernardo) Santonensi et (Raimundo) Tolosano episcopis schisma in episcopatu Pampilonensi ortum cognoscendum committit, ubi electorum alter ab archiepiscopo Tarraconensi, alter ab archiepiscopo Toletano consecratus sit. („In secundo libro domini Al.“) Neues Archiv VI. 295.</text>
    <incipit>„Insolitum ac abominabile“.</incipit>
  </row>
</data>
