<?xml version='1.0' encoding='utf-8'?>
<data>
  <row>
    <pope>ALEXANDER III.</pope>
    <date>1161 Apr. 7.</date>
    <place>Anagntae</place>
    <number>10660 (7166)</number>
    <text>Henrici, episcopi Bellovacensis, erge se studium collaudat, et sui „receptionem, quae in concilio in Francia celebrato (Tolosae, cf. Reuter I. 499) solemniter facta est, magis quam ei, nulli mortalium imputat“. Hugonem, abbatem Cluniacensem, Octaviani fautorem, excommunicat. Mandat, ut Cluniacum se conferat, et Hugonem aut removeat, aut, si reverti ad fidem constituerit, recipiat, atque „Imarum, schismaticum et haereticum Tusculanum quondam episcopum, capiat vel a monasterio prorsus eiiciat“. Martene Coll. II. 659, Bouquet Rec. XV. 768, Mansi XXI. 1149, Migne 200 p. 111.</text>
    <incipit>„Illa ardentis caritatis“.</incipit>
  </row>
</data>
