<?xml version='1.0' encoding='utf-8'?>
<data>
  <row>
    <pope>ALEXANDER III.</pope>
    <date>1161 lun. 12.</date>
    <place>Laterani</place>
    <number>10664 (7170)</number>
    <text>Sententiam ab Herrico, patriarcha Gradensi, et Ildebrando, basilicae XII apostolorum presbytero cardinali, legato suo, latam inter Guidonem, priorem ecclesiae S. Salvatoris Venetae, et Dominicum, plebanum S. Bartholomei, super domibus quibus- dam parochialibus, confirmat. Cornelii Eccl. Ven. XIV. 97, Migne 200 p. 118. — „Quotiens a fratribus“.</text>
  </row>
</data>
