<?xml version='1.0' encoding='utf-8'?>
<data>
  <row>
    <pope>ALEXANDER III.</pope>
    <date>1161 lun. 14.</date>
    <place>S. Mariam</place>
    <number>10666 (7172)</number>
    <text>Henrico, patriarchae Gradensi, eiusque suffraganeis, Patavino, Veronensi, Tarvisino, Perrariensi, Vicentino et universis episcopis, abbatibus aliisque ecclesiarum praelatis per Marchiam constitutis nunciat, se „VIII. id. Iunii (d. 6. Iun.) Urbem tenuisse et a clero et populo Romano apud ecclesiam S. Mariae novae solemniter fuisse receptum, sequenti quoque die dominico (11. Iunii) in Lateranensi ecclesia missarum sollemnia celebrasse“. Hortatur, ut fidi sibi maneant. Tengnagel Vet. mon. p. 399, Mansi XXI. 1036, Migne 200 p. 121.</text>
    <incipit>„Licet aliquando“.</incipit>
  </row>
</data>
