<?xml version='1.0' encoding='utf-8'?>
<data>
  <row>
    <pope>ALEXANDER III.</pope>
    <date>1159 „ „</date>
    <place> </place>
    <number>f10599</number>
    <text>(ccccxvm) Excellentissimo principi christianissimpque filio suo domino regi, col- legio Cantuariensi et omnibus archiepiscopis et episcopis in eodem collegio existen- tibus significat, se „quendam Thomam, Cantuariensem archiepiscopum, ab omni ordine ecclesiastico et archiepiscopatu degradare et stultissimum declarare“. Praecipit, ut „poemam condignam eidem imponant,, scilicet ut in areto monasterio recludatur“. („Scriptum Romae, 2 die mens. Dec. et nostri apostolatus anno 1.“) Gilberti Foliot epist. ed. Giles II. 109, Migne 200 p. 1317. — „Sancta et catholica“.</text>
    <page_nr>148</page_nr>
  </row>
</data>
