<?xml version="1.0" encoding="UTF-8"  standalone="yes"?>
<PcGts xmlns="http://schema.primaresearch.org/PAGE/gts/pagecontent/2019-07-15" xmlns:xsi="http://www.w3.org/2001/XMLSchema-instance" xsi:schemaLocation="http://schema.primaresearch.org/PAGE/gts/pagecontent/2019-07-15 http://schema.primaresearch.org/PAGE/gts/pagecontent/2019-07-15/pagecontent.xsd">
  <Metadata externalRef="pdf//regestapontificu01cath.pdf">
	<Creator>escriptorium</Creator>
	<Created>2026-02-12T11:39:40.894636+00:00</Created>
        <LastChange>2026-02-13T11:34:39.246179+00:00</LastChange>
  </Metadata>
  <Page imageFilename="regestapontificu01cath.pdf_page_477.png" imageWidth="2278" imageHeight="3076">
    <TextRegion id="eSc_textblock_358c1ddc"  custom="structure {type:default;}">
      <Coords points="1977,225 2045,239 2031,2705 485,2718 471,2392 449,2431 285,2370 273,2404 264,2342 244,2445 203,2447 217,2486 189,2529 237,2556 244,2474 244,2575 95,2561 47,2377 41,2171 47,1879 75,1796 47,1413 61,246 463,239 476,280 499,239 1977,225"/>
      <TextLine id="eSc_line_5d2ccc5d" custom="structure {type:default;}">
        <Coords points="1215,232 1107,244 1102,244 1090,244 868,234 863,235 845,235 828,235 825,235 757,244 722,235 709,235 707,235 690,244 666,237 657,237 640,237 628,237 592,242 550,237 538,237 521,237 509,237 500,240 487,256 488,281 488,307 1726,307 1726,278 1722,242 1536,232 1534,232 1414,242 1413,242 1411,242 1327,232 1326,232 1324,232 1290,240 1216,232 1215,232"/>
        <Baseline points="488,281 1726,278"/>
        <TextEquiv>
          <Unicode></Unicode>
        </TextEquiv>
      </TextLine>
      <TextLine id="eSc_line_b0c0d468" custom="structure {type:default;}">
        <Coords points="502,331 502,350 745,360 746,360 748,360 772,353 777,352 1056,352 1062,355 1074,360 1076,360 1078,360 1139,355 1184,352 1582,358 1743,360 1744,360 1746,360 1749,358 1777,352 2016,360 2018,331 2018,300 502,300 502,331"/>
        <Baseline points="502,331 2018,331"/>
        <TextEquiv>
          <Unicode></Unicode>
        </TextEquiv>
      </TextLine>
      <TextLine id="eSc_line_e24ba7c0" custom="structure {type:default;}">
        <Coords points="546,374 546,394 2014,403 2018,374 2016,350 546,345 546,374"/>
        <Baseline points="546,374 2018,374"/>
        <TextEquiv>
          <Unicode></Unicode>
        </TextEquiv>
      </TextLine>
      <TextLine id="eSc_line_0392b9df" custom="structure {type:default;}">
        <Coords points="548,413 546,434 2011,439 2014,418 2013,391 548,381 548,413"/>
        <Baseline points="548,413 2014,418"/>
        <TextEquiv>
          <Unicode></Unicode>
        </TextEquiv>
      </TextLine>
      <TextLine id="eSc_line_f85f3991" custom="structure {type:default;}">
        <Coords points="546,454 545,469 635,481 637,481 724,473 770,481 772,483 2014,483 2016,459 2014,434 546,428 546,454"/>
        <Baseline points="546,454 2016,459"/>
        <TextEquiv>
          <Unicode></Unicode>
        </TextEquiv>
      </TextLine>
      <TextLine id="eSc_line_ecd42c07" custom="structure {type:default;}">
        <Coords points="546,498 546,524 2014,524 2016,504 2014,480 546,475 546,498"/>
        <Baseline points="546,498 2016,504"/>
        <TextEquiv>
          <Unicode></Unicode>
        </TextEquiv>
      </TextLine>
      <TextLine id="eSc_line_c8090943" custom="structure {type:default;}">
        <Coords points="546,543 546,562 2016,562 2018,543 2016,517 546,517 546,543"/>
        <Baseline points="546,543 2018,543"/>
        <TextEquiv>
          <Unicode></Unicode>
        </TextEquiv>
      </TextLine>
      <TextLine id="eSc_line_189ac398" custom="structure {type:default;}">
        <Coords points="548,586 548,603 2016,603 2016,586 2016,560 1485,560 1467,555 1440,550 1438,550 1384,555 1341,560 625,560 548,550 548,586"/>
        <Baseline points="548,586 2016,586"/>
        <TextEquiv>
          <Unicode></Unicode>
        </TextEquiv>
      </TextLine>
      <TextLine id="eSc_line_8fc51885" custom="structure {type:default;}">
        <Coords points="546,623 545,647 2013,649 2016,627 2014,604 546,601 546,623"/>
        <Baseline points="546,623 2016,627"/>
        <TextEquiv>
          <Unicode></Unicode>
        </TextEquiv>
      </TextLine>
      <TextLine id="eSc_line_5a475f48" custom="structure {type:default;}">
        <Coords points="546,666 545,683 2011,690 2014,669 2013,642 546,639 546,666"/>
        <Baseline points="546,666 2014,669"/>
        <TextEquiv>
          <Unicode></Unicode>
        </TextEquiv>
      </TextLine>
      <TextLine id="eSc_line_4a139bed" custom="structure {type:default;}">
        <Coords points="546,707 545,724 2013,731 2016,710 2014,685 546,675 546,707"/>
        <Baseline points="546,707 2016,710"/>
        <TextEquiv>
          <Unicode></Unicode>
        </TextEquiv>
      </TextLine>
      <TextLine id="eSc_line_730d5e61" custom="structure {type:default;}">
        <Coords points="546,750 545,767 567,777 569,777 570,777 2014,775 2016,757 2014,731 1609,721 1608,721 1444,724 1285,727 1256,722 1237,719 1235,719 1056,721 615,724 546,716 546,750"/>
        <Baseline points="546,750 2016,757"/>
        <TextEquiv>
          <Unicode></Unicode>
        </TextEquiv>
      </TextLine>
      <TextLine id="eSc_line_7eaa9958" custom="structure {type:default;}">
        <Coords points="546,794 546,815 1344,811 1344,794 1344,767 546,763 546,794"/>
        <Baseline points="546,794 1344,794"/>
        <TextEquiv>
          <Unicode></Unicode>
        </TextEquiv>
      </TextLine>
      <TextLine id="eSc_line_277fc377" custom="structure {type:default;}">
        <Coords points="504,832 502,851 2014,856 2018,837 2018,808 2004,801 2002,801 2001,801 1900,801 1898,801 1896,801 1895,801 1881,810 1647,801 1645,801 1582,810 1573,810 1570,810 1543,801 1541,801 1539,801 1538,801 1515,810 1514,810 1510,810 1486,799 1485,799 1392,799 1391,799 1389,799 1387,799 1375,808 1373,808 504,804 504,832"/>
        <Baseline points="504,832 2018,837"/>
        <TextEquiv>
          <Unicode></Unicode>
        </TextEquiv>
      </TextLine>
      <TextLine id="eSc_line_2570b0c0" custom="structure {type:default;}">
        <Coords points="545,880 545,900 2013,905 2016,876 2011,854 543,856 545,880"/>
        <Baseline points="545,880 2016,876"/>
        <TextEquiv>
          <Unicode></Unicode>
        </TextEquiv>
      </TextLine>
      <TextLine id="eSc_line_27bd0e4a" custom="structure {type:default;}">
        <Coords points="543,922 543,938 780,933 782,934 791,941 791,943 792,943 794,943 796,943 951,941 953,941 955,941 967,933 975,939 975,941 977,941 979,941 980,943 1028,943 1028,941 1030,941 1062,929 1062,919 1059,895 541,892 543,922"/>
        <Baseline points="543,922 1062,919"/>
        <TextEquiv>
          <Unicode></Unicode>
        </TextEquiv>
      </TextLine>
      <TextLine id="eSc_line_6855ebef" custom="structure {type:default;}">
        <Coords points="504,960 502,975 615,986 616,987 2013,987 2014,965 2013,938 1936,927 1934,927 1932,927 1931,927 1919,936 1917,938 1512,938 1508,936 1481,926 1479,926 1478,926 504,931 504,960"/>
        <Baseline points="504,960 2014,965"/>
        <TextEquiv>
          <Unicode></Unicode>
        </TextEquiv>
      </TextLine>
      <TextLine id="eSc_line_b4aafe4b" custom="structure {type:default;}">
        <Coords points="545,1006 545,1027 1061,1037 1062,1037 1064,1037 1105,1027 1144,1037 1146,1037 1148,1037 1150,1037 1179,1027 1278,1037 1279,1037 1462,1035 1464,1035 1503,1025 1507,1025 1510,1025 1565,1033 1567,1033 1655,1025 1659,1025 1662,1025 1722,1035 1724,1037 1985,1037 1985,1035 1987,1035 2018,1023 2018,1003 2014,982 1303,974 1302,974 1300,974 1264,982 611,975 610,975 543,984 545,1006"/>
        <Baseline points="545,1006 2018,1003"/>
        <TextEquiv>
          <Unicode></Unicode>
        </TextEquiv>
      </TextLine>
      <TextLine id="eSc_line_5075daf3" custom="structure {type:default;}">
        <Coords points="540,1049 540,1061 567,1069 569,1069 570,1069 686,1059 686,1045 681,1020 538,1021 540,1049"/>
        <Baseline points="540,1049 686,1045"/>
        <TextEquiv>
          <Unicode></Unicode>
        </TextEquiv>
      </TextLine>
      <TextLine id="eSc_line_0d2a03e8" custom="structure {type:default;}">
        <Coords points="504,1091 504,1109 599,1109 601,1109 613,1117 615,1117 616,1117 618,1117 620,1117 644,1109 645,1109 647,1109 710,1117 712,1117 714,1117 716,1117 728,1109 731,1107 874,1107 876,1109 888,1117 890,1117 892,1117 893,1117 895,1117 897,1117 909,1109 914,1107 941,1109 1020,1117 1021,1119 1227,1119 1227,1117 1228,1117 1256,1110 1264,1109 1274,1110 1302,1115 1303,1115 1305,1115 1307,1115 1314,1110 1322,1105 1355,1110 1385,1115 1387,1115 1449,1110 1524,1105 1584,1112 1625,1115 1626,1115 1662,1112 1707,1107 2013,1112 2016,1088 2013,1066 1943,1054 1941,1054 1939,1054 1919,1064 1884,1054 1883,1054 1881,1054 1784,1064 1782,1064 1780,1064 1731,1056 1729,1056 1727,1056 1703,1064 1702,1066 1437,1066 1432,1064 1389,1054 1387,1054 1385,1054 1384,1054 1368,1064 1367,1064 1356,1064 1295,1057 1293,1057 1264,1064 1250,1066 1227,1062 1179,1057 1177,1057 1103,1062 1062,1066 1044,1062 1003,1056 1001,1056 965,1062 946,1066 922,1062 886,1057 885,1057 851,1062 837,1064 833,1062 825,1056 823,1056 821,1056 820,1056 502,1061 504,1091"/>
        <Baseline points="504,1091 2016,1088"/>
        <TextEquiv>
          <Unicode></Unicode>
        </TextEquiv>
      </TextLine>
      <TextLine id="eSc_line_30b50c3d" custom="structure {type:default;}">
        <Coords points="546,1132 546,1153 2016,1153 2018,1132 2016,1110 546,1110 546,1132"/>
        <Baseline points="546,1132 2018,1132"/>
        <TextEquiv>
          <Unicode></Unicode>
        </TextEquiv>
      </TextLine>
      <TextLine id="eSc_line_0adeb1b5" custom="structure {type:default;}">
        <Coords points="545,1175 545,1192 2014,1191 2016,1172 2013,1150 1288,1141 1286,1141 1285,1141 1283,1141 1269,1150 1268,1151 543,1151 545,1175"/>
        <Baseline points="545,1175 2016,1172"/>
        <TextEquiv>
          <Unicode></Unicode>
        </TextEquiv>
      </TextLine>
      <TextLine id="eSc_line_1ee69002" custom="structure {type:default;}">
        <Coords points="545,1213 543,1230 555,1237 557,1237 558,1237 560,1237 1363,1230 1365,1216 1363,1192 545,1189 545,1213"/>
        <Baseline points="545,1213 1365,1216"/>
        <TextEquiv>
          <Unicode></Unicode>
        </TextEquiv>
      </TextLine>
      <TextLine id="eSc_line_392fb088" custom="structure {type:default;}">
        <Coords points="502,1254 500,1278 2013,1283 2016,1259 2014,1235 502,1228 502,1254"/>
        <Baseline points="502,1254 2016,1259"/>
        <TextEquiv>
          <Unicode></Unicode>
        </TextEquiv>
      </TextLine>
      <TextLine id="eSc_line_10ff808c" custom="structure {type:default;}">
        <Coords points="546,1302 546,1322 2014,1322 2016,1298 2011,1273 545,1276 546,1302"/>
        <Baseline points="546,1302 2016,1298"/>
        <TextEquiv>
          <Unicode></Unicode>
        </TextEquiv>
      </TextLine>
      <TextLine id="eSc_line_b170bac0" custom="structure {type:default;}">
        <Coords points="276,1351 275,1367 285,1373 287,1373 288,1373 290,1373 292,1373 309,1370 324,1365 338,1375 348,1385 350,1385 352,1385 403,1389 406,1353 403,1283 364,1285 362,1285 360,1285 360,1286 336,1302 276,1293 276,1351"/>
        <Baseline points="276,1351 406,1353"/>
        <TextEquiv>
          <Unicode></Unicode>
        </TextEquiv>
      </TextLine>
      <TextLine id="eSc_line_0b175d5b" custom="structure {type:default;}">
        <Coords points="546,1343 546,1361 760,1361 763,1363 777,1373 779,1373 780,1373 782,1373 833,1363 842,1361 844,1363 859,1373 861,1373 863,1373 864,1373 933,1365 1092,1373 1093,1373 1095,1373 1097,1373 1110,1363 1114,1361 1119,1363 1146,1373 1148,1373 1150,1375 1279,1375 1279,1373 1281,1373 1312,1365 1327,1360 1339,1365 1358,1372 1360,1372 1362,1373 1425,1373 1425,1372 1426,1372 1428,1372 1437,1365 1445,1360 1755,1360 1767,1365 1778,1372 1780,1372 1782,1372 1820,1365 1842,1361 1859,1365 1884,1372 1886,1372 1888,1372 2014,1365 2016,1339 2013,1319 545,1315 546,1343"/>
        <Baseline points="546,1343 2016,1339"/>
        <TextEquiv>
          <Unicode></Unicode>
        </TextEquiv>
      </TextLine>
      <TextLine id="eSc_line_c0c27746" custom="structure {type:default;}">
        <Coords points="543,1385 543,1402 1189,1402 1189,1385 1189,1363 543,1363 543,1385"/>
        <Baseline points="543,1385 1189,1385"/>
        <TextEquiv>
          <Unicode></Unicode>
        </TextEquiv>
      </TextLine>
      <TextLine id="eSc_line_bb2b094c" custom="structure {type:default;}">
        <Coords points="502,1425 500,1442 2014,1445 2018,1428 2018,1402 1996,1392 1994,1392 1992,1392 1990,1392 1955,1401 1908,1392 1662,1392 1661,1392 1659,1392 1633,1401 1577,1392 1575,1392 1573,1392 1551,1401 1549,1401 1534,1401 1297,1392 1295,1392 1009,1399 998,1399 994,1399 921,1391 919,1391 502,1397 502,1425"/>
        <Baseline points="502,1425 2018,1428"/>
        <TextEquiv>
          <Unicode></Unicode>
        </TextEquiv>
      </TextLine>
      <TextLine id="eSc_line_1eaa7c21" custom="structure {type:default;}">
        <Coords points="545,1469 545,1488 640,1498 642,1498 690,1490 692,1490 745,1498 746,1498 810,1490 813,1490 816,1490 888,1498 890,1500 963,1500 963,1498 965,1498 967,1498 977,1490 979,1490 989,1490 1112,1498 1114,1498 2014,1491 2014,1469 2014,1449 545,1445 545,1469"/>
        <Baseline points="545,1469 2014,1469"/>
        <TextEquiv>
          <Unicode></Unicode>
        </TextEquiv>
      </TextLine>
      <TextLine id="eSc_line_70d91ae9" custom="structure {type:default;}">
        <Coords points="545,1510 545,1534 2014,1531 2016,1510 2014,1488 545,1488 545,1510"/>
        <Baseline points="545,1510 2016,1510"/>
        <TextEquiv>
          <Unicode></Unicode>
        </TextEquiv>
      </TextLine>
      <TextLine id="eSc_line_1713f87e" custom="structure {type:default;}">
        <Coords points="541,1549 540,1568 2014,1572 2018,1553 2016,1529 541,1526 541,1549"/>
        <Baseline points="541,1549 2018,1553"/>
        <TextEquiv>
          <Unicode></Unicode>
        </TextEquiv>
      </TextLine>
      <TextLine id="eSc_line_1a2387ca" custom="structure {type:default;}">
        <Coords points="543,1596 541,1616 567,1628 569,1628 570,1628 707,1618 733,1628 734,1628 736,1628 801,1618 845,1628 847,1628 849,1630 967,1630 967,1628 968,1628 1006,1618 1011,1616 1015,1618 1035,1628 1037,1628 1279,1630 1281,1631 1334,1631 1334,1630 1336,1630 1338,1630 1355,1618 1356,1618 1396,1618 1447,1618 1464,1630 1466,1630 1467,1630 1469,1631 1652,1631 1652,1630 1654,1630 1685,1618 1686,1618 1688,1618 1719,1630 1720,1630 1722,1630 1789,1618 1794,1618 1797,1618 1825,1628 1826,1628 1828,1628 2011,1618 2013,1599 2011,1575 543,1573 543,1596"/>
        <Baseline points="543,1596 2013,1599"/>
        <TextEquiv>
          <Unicode></Unicode>
        </TextEquiv>
      </TextLine>
      <TextLine id="eSc_line_b4aa24a1" custom="structure {type:default;}">
        <Coords points="541,1638 541,1652 857,1657 861,1635 856,1614 540,1616 541,1638"/>
        <Baseline points="541,1638 861,1635"/>
        <TextEquiv>
          <Unicode></Unicode>
        </TextEquiv>
      </TextLine>
      <TextLine id="eSc_line_b29423d6" custom="structure {type:default;}">
        <Coords points="502,1678 500,1695 616,1705 618,1705 2013,1700 2014,1681 2014,1654 2001,1645 1999,1645 1997,1645 1891,1645 1890,1645 1888,1645 1886,1645 1871,1655 1845,1645 1843,1645 1842,1645 1688,1647 1686,1647 1685,1647 1674,1655 1669,1655 1632,1645 1630,1645 1628,1645 1561,1654 1548,1655 1052,1655 1037,1652 955,1643 953,1643 898,1652 886,1654 863,1652 777,1645 775,1645 774,1645 748,1652 738,1654 724,1652 681,1645 680,1645 502,1650 502,1678"/>
        <Baseline points="502,1678 2014,1681"/>
        <TextEquiv>
          <Unicode></Unicode>
        </TextEquiv>
      </TextLine>
      <TextLine id="eSc_line_65046e2d" custom="structure {type:default;}">
        <Coords points="545,1724 545,1741 625,1753 627,1753 628,1753 663,1743 664,1743 666,1743 772,1753 774,1755 840,1755 840,1753 842,1753 844,1753 857,1743 859,1743 936,1743 938,1743 962,1753 963,1753 965,1753 967,1753 991,1743 994,1743 1050,1743 1054,1744 1073,1753 1074,1753 1076,1753 1139,1744 1151,1743 1160,1744 1199,1753 1201,1755 1315,1755 1315,1753 1317,1753 1319,1753 1329,1744 1332,1743 1341,1744 1375,1753 1377,1753 1379,1753 1467,1744 1498,1743 1524,1744 1585,1753 1587,1753 1650,1746 1679,1743 1693,1746 1720,1753 1722,1753 1724,1753 2014,1746 2014,1724 2014,1703 545,1698 545,1724"/>
        <Baseline points="545,1724 2014,1724"/>
        <TextEquiv>
          <Unicode></Unicode>
        </TextEquiv>
      </TextLine>
      <TextLine id="eSc_line_2db7cf26" custom="structure {type:default;}">
        <Coords points="545,1766 545,1785 2014,1784 2014,1766 2014,1743 545,1743 545,1766"/>
        <Baseline points="545,1766 2014,1766"/>
        <TextEquiv>
          <Unicode></Unicode>
        </TextEquiv>
      </TextLine>
      <TextLine id="eSc_line_6f624595" custom="structure {type:default;}">
        <Coords points="543,1806 541,1823 574,1837 575,1837 577,1837 637,1828 652,1838 654,1838 656,1838 657,1838 659,1838 688,1826 868,1837 869,1837 951,1828 963,1826 977,1828 1057,1838 1302,1840 1303,1840 1305,1840 1326,1831 1327,1830 1329,1831 1341,1840 1343,1840 1344,1840 1346,1842 1442,1842 1442,1840 1444,1840 1445,1840 1456,1831 1462,1828 1628,1828 1645,1833 1661,1840 1662,1840 1664,1840 1722,1835 1790,1828 1825,1835 1847,1840 1849,1840 1879,1837 1917,1831 2011,1837 2014,1809 2013,1785 543,1782 543,1806"/>
        <Baseline points="543,1806 2014,1809"/>
        <TextEquiv>
          <Unicode></Unicode>
        </TextEquiv>
      </TextLine>
      <TextLine id="eSc_line_cb320807" custom="structure {type:default;}">
        <Coords points="541,1850 541,1862 986,1871 987,1850 987,1828 541,1828 541,1850"/>
        <Baseline points="541,1850 987,1850"/>
        <TextEquiv>
          <Unicode></Unicode>
        </TextEquiv>
      </TextLine>
      <TextLine id="eSc_line_8326231d" custom="structure {type:default;}">
        <Coords points="502,1890 500,1910 2013,1913 2016,1893 2014,1862 502,1860 502,1890"/>
        <Baseline points="502,1890 2016,1893"/>
        <TextEquiv>
          <Unicode></Unicode>
        </TextEquiv>
      </TextLine>
      <TextLine id="eSc_line_7e08a1ce" custom="structure {type:default;}">
        <Coords points="545,1931 543,1948 1042,1960 1044,1960 2011,1953 2013,1936 2011,1910 545,1903 545,1931"/>
        <Baseline points="545,1931 2013,1936"/>
        <TextEquiv>
          <Unicode></Unicode>
        </TextEquiv>
      </TextLine>
      <TextLine id="eSc_line_41b34dd3" custom="structure {type:default;}">
        <Coords points="541,1973 540,1989 780,1990 782,1992 808,2001 810,2001 811,2001 859,1992 866,1992 874,1994 921,2002 922,2002 1679,2001 1681,1978 1679,1954 541,1949 541,1973"/>
        <Baseline points="541,1973 1681,1978"/>
        <TextEquiv>
          <Unicode></Unicode>
        </TextEquiv>
      </TextLine>
      <TextLine id="eSc_line_8879fbca" custom="structure {type:default;}">
        <Coords points="70,2021 70,2050 135,2060 136,2060 206,2047 206,2018 201,1939 131,1943 114,1932 109,1927 107,1927 105,1927 104,1927 66,1927 70,2021"/>
        <Baseline points="70,2021 206,2018"/>
        <TextEquiv>
          <Unicode></Unicode>
        </TextEquiv>
      </TextLine>
      <TextLine id="eSc_line_b17f4345" custom="structure {type:default;}">
        <Coords points="500,2016 499,2040 2013,2040 2014,2019 2013,1990 500,1989 500,2016"/>
        <Baseline points="500,2016 2014,2019"/>
        <TextEquiv>
          <Unicode></Unicode>
        </TextEquiv>
      </TextLine>
      <TextLine id="eSc_line_06da2f91" custom="structure {type:default;}">
        <Coords points="545,2060 545,2081 910,2079 922,2083 943,2088 945,2088 946,2088 986,2083 1006,2079 1011,2083 1035,2095 1037,2095 1039,2096 1134,2096 1134,2095 1136,2095 1160,2083 1237,2095 1238,2095 1240,2095 1242,2095 1259,2083 1262,2081 1413,2081 1414,2083 1438,2095 1440,2095 1442,2096 1591,2096 1591,2095 1592,2095 1616,2086 1638,2095 1640,2095 1642,2096 1814,2096 1814,2095 1816,2095 1852,2083 1864,2079 1931,2079 1937,2083 1951,2093 1953,2093 1955,2093 1994,2095 1996,2095 1997,2095 1999,2095 2016,2083 2016,2060 2014,2040 1951,2030 1949,2030 1948,2030 1925,2038 1925,2040 1331,2040 1307,2035 1281,2030 1279,2030 1237,2033 1191,2038 1179,2033 1170,2030 1168,2030 1167,2030 1146,2033 1117,2038 1110,2033 1107,2030 1105,2030 1103,2030 1020,2030 1018,2030 1016,2030 1015,2030 1011,2031 1001,2040 907,2040 890,2031 886,2030 885,2030 545,2030 545,2060"/>
        <Baseline points="545,2060 2016,2060"/>
        <TextEquiv>
          <Unicode></Unicode>
        </TextEquiv>
      </TextLine>
      <TextLine id="eSc_line_ed62ddd6" custom="structure {type:default;}">
        <Coords points="543,2101 541,2119 592,2130 594,2130 596,2130 628,2122 642,2130 644,2130 645,2130 647,2130 1355,2125 1356,2105 1355,2081 543,2078 543,2101"/>
        <Baseline points="543,2101 1356,2105"/>
        <TextEquiv>
          <Unicode></Unicode>
        </TextEquiv>
      </TextLine>
      <TextLine id="eSc_line_7a1c377e" custom="structure {type:default;}">
        <Coords points="80,2151 82,2180 128,2171 141,2173 177,2177 179,2177 181,2177 182,2177 191,2168 191,2146 187,2119 76,2113 80,2151"/>
        <Baseline points="80,2151 191,2146"/>
        <TextEquiv>
          <Unicode></Unicode>
        </TextEquiv>
      </TextLine>
      <TextLine id="eSc_line_3990c170" custom="structure {type:default;}">
        <Coords points="502,2142 500,2161 2011,2168 2014,2146 2013,2119 502,2110 502,2142"/>
        <Baseline points="502,2142 2014,2146"/>
        <TextEquiv>
          <Unicode></Unicode>
        </TextEquiv>
      </TextLine>
      <TextLine id="eSc_line_955df5f5" custom="structure {type:default;}">
        <Coords points="545,2185 543,2202 651,2213 652,2213 849,2206 880,2216 881,2216 883,2218 1052,2218 1052,2216 1054,2216 1056,2216 1069,2206 1071,2206 1100,2216 1102,2216 1103,2216 1203,2207 1223,2206 1233,2207 1279,2218 1281,2219 1380,2219 1380,2218 1382,2218 1384,2218 1396,2207 1397,2207 1404,2207 1461,2218 1462,2219 1558,2219 1558,2218 1560,2218 1579,2209 1584,2207 1592,2209 1623,2218 1625,2218 1626,2218 1743,2211 1794,2207 2009,2211 2013,2189 2011,2165 545,2160 545,2185"/>
        <Baseline points="545,2185 2013,2189"/>
        <TextEquiv>
          <Unicode></Unicode>
        </TextEquiv>
      </TextLine>
      <TextLine id="eSc_line_482fe645" custom="structure {type:default;}">
        <Coords points="545,2226 543,2250 2011,2254 2014,2230 2013,2206 545,2201 545,2226"/>
        <Baseline points="545,2226 2014,2230"/>
        <TextEquiv>
          <Unicode></Unicode>
        </TextEquiv>
      </TextLine>
      <TextLine id="eSc_line_28d55a0f" custom="structure {type:default;}">
        <Coords points="543,2271 543,2291 968,2291 970,2291 1018,2300 1020,2300 1080,2291 1083,2291 1092,2291 1290,2301 1291,2303 1421,2303 1421,2301 1423,2301 1444,2293 1497,2301 1498,2301 1835,2293 1963,2301 1965,2301 2013,2291 2014,2274 2013,2248 543,2245 543,2271"/>
        <Baseline points="543,2271 2014,2274"/>
        <TextEquiv>
          <Unicode></Unicode>
        </TextEquiv>
      </TextLine>
      <TextLine id="eSc_line_f0fe6ce6" custom="structure {type:default;}">
        <Coords points="543,2312 541,2324 610,2336 611,2336 780,2327 798,2337 799,2337 801,2337 803,2337 1020,2327 1021,2315 1020,2289 543,2279 543,2312"/>
        <Baseline points="543,2312 1021,2315"/>
        <TextEquiv>
          <Unicode></Unicode>
        </TextEquiv>
      </TextLine>
      <TextLine id="eSc_line_cda7d714" custom="structure {type:default;}">
        <Coords points="73,2356 73,2421 123,2433 124,2433 126,2433 128,2433 128,2431 136,2424 152,2411 177,2411 191,2423 191,2424 193,2424 194,2424 196,2424 198,2424 199,2424 213,2414 234,2428 239,2356 239,2317 205,2303 203,2303 201,2303 199,2303 179,2310 160,2317 146,2307 141,2301 140,2301 138,2301 73,2298 73,2356"/>
        <Baseline points="73,2356 239,2356"/>
        <TextEquiv>
          <Unicode></Unicode>
        </TextEquiv>
      </TextLine>
      <TextLine id="eSc_line_252da5ba" custom="structure {type:default;}">
        <Coords points="502,2354 500,2373 675,2383 676,2383 2013,2378 2014,2358 2013,2332 502,2329 502,2354"/>
        <Baseline points="502,2354 2014,2358"/>
        <TextEquiv>
          <Unicode></Unicode>
        </TextEquiv>
      </TextLine>
      <TextLine id="eSc_line_7cea711d" custom="structure {type:default;}">
        <Coords points="546,2395 545,2412 2007,2418 2011,2400 2009,2375 546,2368 546,2395"/>
        <Baseline points="546,2395 2011,2400"/>
        <TextEquiv>
          <Unicode></Unicode>
        </TextEquiv>
      </TextLine>
      <TextLine id="eSc_line_5292f0ab" custom="structure {type:default;}">
        <Coords points="540,2438 538,2455 692,2469 693,2469 950,2459 1093,2469 1095,2469 1273,2462 1300,2471 1302,2471 1303,2471 1426,2460 1500,2471 1502,2471 1503,2471 1536,2462 1772,2471 1773,2471 1862,2460 1929,2471 1931,2471 2006,2459 2007,2442 2006,2416 540,2407 540,2438"/>
        <Baseline points="540,2438 2007,2442"/>
        <TextEquiv>
          <Unicode></Unicode>
        </TextEquiv>
      </TextLine>
      <TextLine id="eSc_line_a93c81dc" custom="structure {type:default;}">
        <Coords points="546,2484 546,2508 946,2506 946,2484 946,2459 546,2459 546,2484"/>
        <Baseline points="546,2484 946,2484"/>
        <TextEquiv>
          <Unicode></Unicode>
        </TextEquiv>
      </TextLine>
      <TextLine id="eSc_line_e23b0498" custom="structure {type:default;}">
        <Coords points="481,2551 481,2582 707,2578 707,2551 707,2513 666,2500 664,2500 663,2500 481,2510 481,2551"/>
        <Baseline points="481,2551 707,2551"/>
        <TextEquiv>
          <Unicode></Unicode>
        </TextEquiv>
      </TextLine>
      <TextLine id="eSc_line_8f59dd5e" custom="structure {type:default;}">
        <Coords points="502,2606 500,2628 509,2635 510,2635 512,2635 514,2635 2009,2629 2011,2611 2009,2583 1785,2583 1782,2580 1767,2573 1765,2573 1763,2573 1761,2573 1760,2573 1751,2580 1748,2583 1508,2583 1403,2580 1396,2577 1380,2568 1379,2568 1377,2568 1298,2575 1247,2580 1220,2575 1187,2568 1185,2568 1184,2568 1167,2573 1150,2582 1076,2582 1064,2573 1057,2568 1056,2568 1054,2568 1003,2566 1001,2566 999,2566 982,2571 963,2578 840,2571 765,2566 763,2566 762,2566 750,2570 722,2578 702,2570 698,2568 697,2568 502,2568 502,2606"/>
        <Baseline points="502,2606 2011,2611"/>
        <TextEquiv>
          <Unicode></Unicode>
        </TextEquiv>
      </TextLine>
      <TextLine id="eSc_line_336132ac" custom="structure {type:default;}">
        <Coords points="545,2648 543,2672 661,2684 663,2684 664,2684 692,2674 770,2684 772,2684 931,2674 936,2674 938,2674 979,2684 980,2684 982,2684 984,2684 1025,2674 1047,2684 1049,2684 1050,2684 1117,2674 1121,2674 1126,2674 1242,2684 1244,2684 1245,2684 1276,2674 1278,2674 1329,2674 1379,2674 1397,2686 1399,2686 1401,2686 1403,2688 1575,2688 1575,2686 1577,2686 1601,2676 1633,2686 1635,2686 1637,2686 1845,2676 1878,2686 1879,2686 1881,2686 1883,2686 1908,2676 1934,2684 1936,2684 1937,2684 2007,2674 2009,2652 2007,2626 545,2623 545,2648"/>
        <Baseline points="545,2648 2009,2652"/>
        <TextEquiv>
          <Unicode></Unicode>
        </TextEquiv>
      </TextLine>
      <TextLine id="eSc_line_427882e6" custom="structure {type:default;}">
        <Coords points="543,2693 543,2722 656,2722 680,2730 686,2734 688,2734 762,2735 765,2689 762,2667 551,2660 550,2660 548,2660 546,2660 546,2662 541,2665 543,2693"/>
        <Baseline points="543,2693 765,2689"/>
        <TextEquiv>
          <Unicode></Unicode>
        </TextEquiv>
      </TextLine>
    </TextRegion>
    <TextRegion id="eSc_textblock_5e05e96d"  custom="structure {type:default;}">
      <Coords points="794,116 1302,116 1315,182 777,196 758,157 794,116"/>
      <TextLine id="eSc_line_4211f78e" custom="structure {type:default;}">
        <Coords points="1240,116 1223,116 1220,116 1191,126 1148,117 1146,117 1066,124 1033,128 1030,124 1021,117 1021,116 1020,116 1018,116 1001,116 984,116 967,116 950,116 933,116 915,116 898,116 881,116 873,116 791,119 779,131 779,169 779,184 804,198 806,198 808,199 938,199 938,198 939,198 941,198 941,196 955,184 1081,184 1083,184 1097,196 1097,198 1098,198 1100,198 1102,198 1103,198 1150,186 1158,184 1201,184 1204,186 1220,198 1221,198 1223,198 1225,198 1300,186 1300,169 1300,129 1245,116 1240,116"/>
        <Baseline points="779,169 1300,169"/>
        <TextEquiv>
          <Unicode></Unicode>
        </TextEquiv>
      </TextLine>
    </TextRegion>
    <TextRegion id="eSc_textblock_b0a31107"  custom="structure {type:default;}">
      <Coords points="1949,123 2038,136 2045,182 1924,196 1910,136 1949,123"/>
      <TextLine id="eSc_line_a60f4384" custom="structure {type:default;}">
        <Coords points="2007,131 2001,129 1922,133 1925,176 1929,254 2018,249 2014,170 2009,131 2007,131"/>
        <Baseline points="1925,176 2014,170"/>
        <TextEquiv>
          <Unicode></Unicode>
        </TextEquiv>
      </TextLine>
    </TextRegion>
    <TextRegion id="eSc_textblock_ea845ac6"  custom="structure {type:default;}">
      <Coords points="63,0 66,0 66,5 61,5 63,0"/>
    </TextRegion>
    <TextRegion id="eSc_textblock_9d684099"  custom="structure {type:default;}">
      <Coords points="228,2467 230,2513 225,2513 225,2467 228,2467"/>
    </TextRegion>
  </Page>
</PcGts>
