<?xml version="1.0" encoding="UTF-8"  standalone="yes"?>
<PcGts xmlns="http://schema.primaresearch.org/PAGE/gts/pagecontent/2019-07-15" xmlns:xsi="http://www.w3.org/2001/XMLSchema-instance" xsi:schemaLocation="http://schema.primaresearch.org/PAGE/gts/pagecontent/2019-07-15 http://schema.primaresearch.org/PAGE/gts/pagecontent/2019-07-15/pagecontent.xsd">
  <Metadata externalRef="pdf//regestapontificu01cath.pdf">
	<Creator>escriptorium</Creator>
	<Created>2026-02-12T11:31:04.251469+00:00</Created>
        <LastChange>2026-02-13T10:50:20.946095+00:00</LastChange>
  </Metadata>
  <Page imageFilename="regestapontificu01cath.pdf_page_269.png" imageWidth="2278" imageHeight="3076">
    <TextRegion id="eSc_textblock_e52b881f"  custom="structure {type:default;}">
      <Coords points="1941,239 2059,252 2052,2718 505,2718 485,2590 389,2541 451,2515 280,2493 266,2187 184,2137 176,2213 102,2219 82,1707 102,1633 75,1338 88,1032 54,915 82,900 88,471 129,293 182,293 198,259 567,246 1941,239"/>
      <TextLine id="eSc_line_8a1acab0" custom="structure {type:default;}">
        <Coords points="509,247 507,247 505,247 505,249 504,249 499,254 500,297 500,324 729,319 731,293 729,259 704,247 702,247 700,247 592,259 510,247 509,247"/>
        <Baseline points="500,297 731,293"/>
        <TextEquiv>
          <Unicode></Unicode>
        </TextEquiv>
      </TextLine>
      <TextLine id="eSc_line_a12259e2" custom="structure {type:default;}">
        <Coords points="563,346 563,367 2030,365 2031,343 2028,305 1821,295 1820,295 1568,305 1567,305 1549,295 1548,295 1546,295 1481,295 1479,295 1478,295 1433,305 1368,295 1367,295 1365,295 1329,305 1146,297 1144,297 1088,307 1013,297 769,297 767,297 765,297 726,309 562,309 563,346"/>
        <Baseline points="563,346 2031,343"/>
        <TextEquiv>
          <Unicode></Unicode>
        </TextEquiv>
      </TextLine>
      <TextLine id="eSc_line_5b99563e" custom="structure {type:default;}">
        <Coords points="565,387 565,406 644,406 647,408 661,416 663,416 664,416 666,416 746,408 772,406 857,406 868,410 890,416 892,416 893,416 934,410 953,406 970,410 998,415 999,415 1151,411 1355,405 1464,405 1478,413 1479,415 1481,415 1483,415 1485,416 2028,416 2030,384 2026,365 1307,357 1305,357 1303,357 1302,357 1286,365 582,358 581,358 579,358 563,365 565,387"/>
        <Baseline points="565,387 2030,384"/>
        <TextEquiv>
          <Unicode></Unicode>
        </TextEquiv>
      </TextLine>
      <TextLine id="eSc_line_7722f0d8" custom="structure {type:default;}">
        <Coords points="565,430 565,456 2028,449 2030,430 2028,408 565,408 565,430"/>
        <Baseline points="565,430 2030,430"/>
        <TextEquiv>
          <Unicode></Unicode>
        </TextEquiv>
      </TextLine>
      <TextLine id="eSc_line_94a95272" custom="structure {type:default;}">
        <Coords points="565,469 563,485 2026,490 2030,473 2026,440 565,440 565,469"/>
        <Baseline points="565,469 2030,473"/>
        <TextEquiv>
          <Unicode></Unicode>
        </TextEquiv>
      </TextLine>
      <TextLine id="eSc_line_ab2bdab5" custom="structure {type:default;}">
        <Coords points="567,514 567,538 734,546 736,546 738,546 753,540 757,538 1174,538 1177,540 1192,550 1194,550 1196,550 1197,550 1326,541 2026,541 2028,510 2025,480 565,478 567,514"/>
        <Baseline points="567,514 2028,510"/>
        <TextEquiv>
          <Unicode></Unicode>
        </TextEquiv>
      </TextLine>
      <TextLine id="eSc_line_ed6dfd86" custom="structure {type:default;}">
        <Coords points="565,558 565,575 1100,581 1102,581 1184,567 1185,553 1182,524 779,524 777,524 775,524 774,524 774,526 767,531 765,533 739,533 625,526 623,526 563,534 565,558"/>
        <Baseline points="565,558 1185,553"/>
        <TextEquiv>
          <Unicode></Unicode>
        </TextEquiv>
      </TextLine>
      <TextLine id="eSc_line_455a39f0" custom="structure {type:default;}">
        <Coords points="305,599 305,616 391,632 393,632 483,613 483,596 476,543 451,555 304,550 305,599"/>
        <Baseline points="305,599 483,596"/>
        <TextEquiv>
          <Unicode></Unicode>
        </TextEquiv>
      </TextLine>
      <TextLine id="eSc_line_858fa934" custom="structure {type:default;}">
        <Coords points="519,596 519,616 2031,616 2031,596 2031,567 519,567 519,596"/>
        <Baseline points="519,596 2031,596"/>
        <TextEquiv>
          <Unicode></Unicode>
        </TextEquiv>
      </TextLine>
      <TextLine id="eSc_line_5d31d800" custom="structure {type:default;}">
        <Coords points="565,642 565,657 630,668 632,668 634,668 659,659 664,657 746,657 751,659 762,668 763,668 765,668 767,669 837,669 837,668 839,668 859,659 866,657 873,661 888,668 890,668 892,668 931,661 950,657 1187,657 1203,663 1220,668 1221,668 1223,668 1261,663 1307,656 1430,656 1447,663 1452,666 1454,666 1456,666 1503,664 1643,656 1915,666 1932,666 1934,666 1936,666 1937,666 1951,656 2026,666 2030,639 2025,613 563,616 565,642"/>
        <Baseline points="565,642 2030,639"/>
        <TextEquiv>
          <Unicode></Unicode>
        </TextEquiv>
      </TextLine>
      <TextLine id="eSc_line_3916a7ae" custom="structure {type:default;}">
        <Coords points="565,683 565,709 2030,709 2031,680 2028,659 563,659 565,683"/>
        <Baseline points="565,683 2031,680"/>
        <TextEquiv>
          <Unicode></Unicode>
        </TextEquiv>
      </TextLine>
      <TextLine id="eSc_line_45892a2f" custom="structure {type:default;}">
        <Coords points="565,722 563,739 2026,745 2030,727 2028,700 565,693 565,722"/>
        <Baseline points="565,722 2030,727"/>
        <TextEquiv>
          <Unicode></Unicode>
        </TextEquiv>
      </TextLine>
      <TextLine id="eSc_line_2fbc551c" custom="structure {type:default;}">
        <Coords points="567,765 567,787 2030,780 2030,765 2030,743 1363,743 1321,738 1276,733 1274,733 1273,733 1262,736 1252,741 1233,736 1216,733 1215,733 1213,733 1191,736 1163,741 1062,736 1009,733 1008,733 1006,733 998,734 979,741 967,734 965,733 963,733 962,733 847,733 845,733 832,734 770,741 707,733 700,733 698,733 690,733 613,741 567,733 567,765"/>
        <Baseline points="567,765 2030,765"/>
        <TextEquiv>
          <Unicode></Unicode>
        </TextEquiv>
      </TextLine>
      <TextLine id="eSc_line_e8e26729" custom="structure {type:default;}">
        <Coords points="350,810 350,851 444,842 444,810 444,775 413,770 413,769 394,751 394,750 393,750 391,750 389,750 350,757 350,810"/>
        <Baseline points="350,810 444,810"/>
        <TextEquiv>
          <Unicode></Unicode>
        </TextEquiv>
      </TextLine>
      <TextLine id="eSc_line_408e24df" custom="structure {type:default;}">
        <Coords points="524,808 524,827 2031,830 2033,808 2033,784 524,780 524,808"/>
        <Baseline points="524,808 2033,808"/>
        <TextEquiv>
          <Unicode></Unicode>
        </TextEquiv>
      </TextLine>
      <TextLine id="eSc_line_f90a4342" custom="structure {type:default;}">
        <Coords points="567,852 567,873 2030,871 2031,849 2026,821 565,821 567,852"/>
        <Baseline points="567,852 2031,849"/>
        <TextEquiv>
          <Unicode></Unicode>
        </TextEquiv>
      </TextLine>
      <TextLine id="eSc_line_2d7e136a" custom="structure {type:default;}">
        <Coords points="93,927 93,967 117,967 117,927 117,876 93,876 93,927"/>
        <Baseline points="93,927 117,927"/>
        <TextEquiv>
          <Unicode></Unicode>
        </TextEquiv>
      </TextLine>
      <TextLine id="eSc_line_1b11518a" custom="structure {type:default;}">
        <Coords points="567,893 567,910 806,910 813,914 835,924 837,924 839,926 912,926 912,924 914,924 933,914 939,910 946,914 962,924 963,924 965,924 967,926 1103,926 1103,924 1105,924 1127,915 1144,910 1170,915 1206,924 1208,924 1209,924 1211,924 1220,917 1228,910 1298,909 1331,917 1348,922 1350,922 1351,922 1392,917 1476,909 1558,917 1560,917 1561,917 1577,909 1592,919 1596,922 1597,922 1599,922 1601,924 1676,924 1676,922 1678,922 1679,922 1681,921 1702,909 1797,919 1799,919 1855,909 1883,921 1884,921 2028,922 2031,890 2028,864 565,864 567,893"/>
        <Baseline points="567,893 2031,890"/>
        <TextEquiv>
          <Unicode></Unicode>
        </TextEquiv>
      </TextLine>
      <TextLine id="eSc_line_3ed9fd68" custom="structure {type:default;}">
        <Coords points="563,936 563,948 748,950 750,931 745,907 562,910 563,936"/>
        <Baseline points="563,936 750,931"/>
        <TextEquiv>
          <Unicode></Unicode>
        </TextEquiv>
      </TextLine>
      <TextLine id="eSc_line_699e44f6" custom="structure {type:default;}">
        <Coords points="526,972 524,991 2030,994 2033,975 2031,948 526,945 526,972"/>
        <Baseline points="526,972 2033,975"/>
        <TextEquiv>
          <Unicode></Unicode>
        </TextEquiv>
      </TextLine>
      <TextLine id="eSc_line_9b37baff" custom="structure {type:default;}">
        <Coords points="565,1018 565,1035 2031,1032 2033,1015 2028,992 563,994 565,1018"/>
        <Baseline points="565,1018 2033,1015"/>
        <TextEquiv>
          <Unicode></Unicode>
        </TextEquiv>
      </TextLine>
      <TextLine id="eSc_line_9c372a7d" custom="structure {type:default;}">
        <Coords points="565,1061 565,1083 2031,1083 2033,1057 2028,1035 563,1037 565,1061"/>
        <Baseline points="565,1061 2033,1057"/>
        <TextEquiv>
          <Unicode></Unicode>
        </TextEquiv>
      </TextLine>
      <TextLine id="eSc_line_d8aa3ad7" custom="structure {type:default;}">
        <Coords points="567,1100 565,1115 2031,1121 2035,1103 2035,1071 567,1068 567,1100"/>
        <Baseline points="567,1100 2035,1103"/>
        <TextEquiv>
          <Unicode></Unicode>
        </TextEquiv>
      </TextLine>
      <TextLine id="eSc_line_6342231a" custom="structure {type:default;}">
        <Coords points="563,1144 563,1165 1133,1177 1134,1177 1136,1177 1138,1177 1146,1170 1155,1165 1276,1170 1310,1172 1312,1172 1314,1172 1315,1172 1327,1163 1339,1172 1344,1175 1346,1175 1348,1175 1350,1177 1404,1177 1404,1175 1406,1175 1414,1172 1435,1163 1558,1163 1591,1174 1599,1175 1601,1175 1602,1177 1715,1177 1715,1175 1717,1175 1720,1174 1746,1163 1794,1174 1801,1175 1802,1175 1804,1175 1806,1175 1825,1163 1932,1163 1949,1175 1951,1175 1953,1175 1955,1175 1956,1175 1975,1167 2031,1175 2035,1141 2031,1119 1298,1110 1297,1110 1227,1119 579,1112 577,1112 575,1112 574,1112 562,1117 563,1144"/>
        <Baseline points="563,1144 2035,1141"/>
        <TextEquiv>
          <Unicode></Unicode>
        </TextEquiv>
      </TextLine>
      <TextLine id="eSc_line_7a843f17" custom="structure {type:default;}">
        <Coords points="563,1187 563,1211 859,1216 861,1216 863,1216 904,1201 904,1182 898,1160 562,1163 563,1187"/>
        <Baseline points="563,1187 904,1182"/>
        <TextEquiv>
          <Unicode></Unicode>
        </TextEquiv>
      </TextLine>
      <TextLine id="eSc_line_b34cf3a9" custom="structure {type:default;}">
        <Coords points="500,1256 500,1278 553,1285 555,1285 598,1278 622,1273 627,1276 632,1281 632,1283 634,1283 635,1283 693,1285 695,1285 697,1285 726,1274 739,1271 751,1274 775,1283 777,1283 779,1285 909,1285 909,1283 910,1283 912,1283 912,1281 922,1273 924,1271 939,1271 1013,1278 1015,1278 1016,1278 1035,1271 1039,1269 1042,1271 1078,1281 1080,1281 1081,1283 1189,1283 1189,1281 1191,1281 1221,1267 1223,1267 1227,1267 1297,1278 1298,1278 1300,1278 1302,1278 1321,1267 1403,1267 1440,1279 1442,1279 1444,1279 1445,1279 1447,1279 1464,1266 1464,1249 1459,1220 1032,1226 1008,1220 998,1218 996,1218 994,1218 979,1220 941,1228 926,1221 917,1216 915,1216 914,1216 868,1221 813,1226 774,1221 748,1218 746,1218 745,1218 743,1218 739,1221 728,1230 680,1221 656,1218 654,1218 499,1221 500,1256"/>
        <Baseline points="500,1256 1464,1249"/>
        <TextEquiv>
          <Unicode></Unicode>
        </TextEquiv>
      </TextLine>
      <TextLine id="eSc_line_1449a622" custom="structure {type:default;}">
        <Coords points="100,1307 100,1385 174,1385 174,1384 176,1384 177,1384 177,1382 191,1370 201,1360 220,1367 228,1368 230,1368 232,1368 234,1368 266,1358 266,1307 261,1215 213,1247 179,1247 131,1213 129,1213 128,1213 100,1213 100,1307"/>
        <Baseline points="100,1307 266,1307"/>
        <TextEquiv>
          <Unicode></Unicode>
        </TextEquiv>
      </TextLine>
      <TextLine id="eSc_line_319a8ee9" custom="structure {type:default;}">
        <Coords points="521,1305 521,1322 2033,1315 2035,1297 2030,1271 519,1274 521,1305"/>
        <Baseline points="521,1305 2035,1297"/>
        <TextEquiv>
          <Unicode></Unicode>
        </TextEquiv>
      </TextLine>
      <TextLine id="eSc_line_c0a43422" custom="structure {type:default;}">
        <Coords points="565,1346 565,1370 1625,1372 1626,1372 1637,1370 1696,1361 2030,1370 2033,1339 2028,1319 563,1324 565,1346"/>
        <Baseline points="565,1346 2033,1339"/>
        <TextEquiv>
          <Unicode></Unicode>
        </TextEquiv>
      </TextLine>
      <TextLine id="eSc_line_5d514995" custom="structure {type:default;}">
        <Coords points="567,1389 567,1409 2035,1409 2037,1385 2031,1361 565,1363 567,1389"/>
        <Baseline points="567,1389 2037,1385"/>
        <TextEquiv>
          <Unicode></Unicode>
        </TextEquiv>
      </TextLine>
      <TextLine id="eSc_line_37e470a4" custom="structure {type:default;}">
        <Coords points="565,1430 565,1447 2035,1444 2037,1426 2031,1399 563,1404 565,1430"/>
        <Baseline points="565,1430 2037,1426"/>
        <TextEquiv>
          <Unicode></Unicode>
        </TextEquiv>
      </TextLine>
      <TextLine id="eSc_line_7e8b9c21" custom="structure {type:default;}">
        <Coords points="565,1474 565,1500 2033,1493 2035,1467 2031,1447 1746,1438 1744,1438 1666,1447 1662,1447 1647,1447 1300,1440 1298,1440 1297,1440 1276,1449 1274,1449 1249,1449 933,1442 931,1442 563,1450 565,1474"/>
        <Baseline points="565,1474 2035,1467"/>
        <TextEquiv>
          <Unicode></Unicode>
        </TextEquiv>
      </TextLine>
      <TextLine id="eSc_line_cba20c0a" custom="structure {type:default;}">
        <Coords points="565,1514 565,1538 2033,1538 2035,1508 2030,1486 563,1486 565,1514"/>
        <Baseline points="565,1514 2035,1508"/>
        <TextEquiv>
          <Unicode></Unicode>
        </TextEquiv>
      </TextLine>
      <TextLine id="eSc_line_85786474" custom="structure {type:default;}">
        <Coords points="565,1556 565,1573 2031,1568 2033,1551 2028,1524 563,1524 565,1556"/>
        <Baseline points="565,1556 2033,1551"/>
        <TextEquiv>
          <Unicode></Unicode>
        </TextEquiv>
      </TextLine>
      <TextLine id="eSc_line_f0a408fd" custom="structure {type:default;}">
        <Coords points="567,1599 567,1614 1011,1623 1013,1623 1015,1623 1039,1614 1040,1614 1057,1614 1332,1621 1334,1621 1377,1613 1384,1613 1392,1613 1457,1621 1459,1621 1461,1621 1479,1613 1491,1621 1493,1621 1495,1621 1497,1621 1676,1613 1690,1613 1696,1613 1775,1621 1777,1621 1852,1613 1854,1613 1855,1613 1884,1621 1886,1621 1888,1621 1890,1621 1908,1613 1966,1621 1968,1621 2033,1611 2035,1596 2030,1572 565,1575 567,1599"/>
        <Baseline points="567,1599 2035,1596"/>
        <TextEquiv>
          <Unicode></Unicode>
        </TextEquiv>
      </TextLine>
      <TextLine id="eSc_line_fb61289a" custom="structure {type:default;}">
        <Coords points="567,1642 567,1667 2037,1664 2037,1642 2035,1614 567,1614 567,1642"/>
        <Baseline points="567,1642 2037,1642"/>
        <TextEquiv>
          <Unicode></Unicode>
        </TextEquiv>
      </TextLine>
      <TextLine id="eSc_line_6fb3ddee" custom="structure {type:default;}">
        <Coords points="569,1679 567,1698 599,1700 625,1717 627,1717 628,1717 828,1722 830,1722 832,1722 878,1708 941,1722 943,1722 945,1722 946,1722 972,1703 1008,1703 1009,1683 1008,1659 874,1649 873,1649 871,1649 839,1657 833,1657 830,1657 791,1647 789,1647 787,1647 569,1654 569,1679"/>
        <Baseline points="569,1679 1009,1683"/>
        <TextEquiv>
          <Unicode></Unicode>
        </TextEquiv>
      </TextLine>
      <TextLine id="eSc_line_7ef2a95d" custom="structure {type:default;}">
        <Coords points="505,1753 505,1770 734,1765 734,1749 729,1705 504,1708 505,1753"/>
        <Baseline points="505,1753 734,1749"/>
        <TextEquiv>
          <Unicode></Unicode>
        </TextEquiv>
      </TextLine>
      <TextLine id="eSc_line_c70a6cc1" custom="structure {type:default;}">
        <Coords points="322,1801 322,1826 463,1828 464,1801 464,1768 322,1746 322,1801"/>
        <Baseline points="322,1801 464,1801"/>
        <TextEquiv>
          <Unicode></Unicode>
        </TextEquiv>
      </TextLine>
      <TextLine id="eSc_line_581154eb" custom="structure {type:default;}">
        <Coords points="521,1801 521,1821 2033,1825 2037,1797 2031,1756 1949,1766 1632,1760 1478,1756 1476,1756 1474,1756 1462,1761 1447,1766 1409,1761 1372,1756 1370,1756 1341,1761 1319,1766 1302,1763 1279,1756 1278,1756 1276,1756 1274,1756 1257,1763 1244,1768 1148,1763 1023,1758 1021,1758 1020,1758 1018,1758 1008,1765 1003,1770 784,1770 779,1768 750,1760 748,1760 746,1760 745,1760 719,1768 716,1768 712,1768 659,1758 657,1758 584,1768 538,1760 536,1760 534,1760 519,1766 521,1801"/>
        <Baseline points="521,1801 2037,1797"/>
        <TextEquiv>
          <Unicode></Unicode>
        </TextEquiv>
      </TextLine>
      <TextLine id="eSc_line_ffe27fc5" custom="structure {type:default;}">
        <Coords points="567,1843 567,1862 2031,1862 2033,1837 2028,1813 565,1819 567,1843"/>
        <Baseline points="567,1843 2033,1837"/>
        <TextEquiv>
          <Unicode></Unicode>
        </TextEquiv>
      </TextLine>
      <TextLine id="eSc_line_09991f5a" custom="structure {type:default;}">
        <Coords points="567,1886 567,1912 627,1901 967,1908 1054,1910 1056,1910 1105,1908 1232,1900 2035,1900 2037,1881 2031,1859 565,1862 567,1886"/>
        <Baseline points="567,1886 2037,1881"/>
        <TextEquiv>
          <Unicode></Unicode>
        </TextEquiv>
      </TextLine>
      <TextLine id="eSc_line_a6b0644c" custom="structure {type:default;}">
        <Coords points="567,1927 567,1948 2031,1953 2035,1924 2030,1900 565,1900 567,1927"/>
        <Baseline points="567,1927 2035,1924"/>
        <TextEquiv>
          <Unicode></Unicode>
        </TextEquiv>
      </TextLine>
      <TextLine id="eSc_line_82e1eff3" custom="structure {type:default;}">
        <Coords points="565,1968 565,1987 654,2002 656,2004 717,2004 717,2002 719,2002 721,2002 721,2001 733,1989 751,1997 753,1997 755,1997 757,1997 789,1989 820,2002 821,2002 823,2004 951,2004 951,2002 953,2002 955,2002 974,1989 1018,2002 1020,2002 1021,2002 1115,1989 1295,1999 1297,1999 1298,1999 1324,1987 1324,1968 1324,1946 565,1946 565,1968"/>
        <Baseline points="565,1968 1324,1968"/>
        <TextEquiv>
          <Unicode></Unicode>
        </TextEquiv>
      </TextLine>
      <TextLine id="eSc_line_bf1e2d12" custom="structure {type:default;}">
        <Coords points="504,2038 504,2057 734,2057 734,2038 734,1999 642,1989 640,1989 598,1997 575,1989 574,1989 572,1989 504,1997 504,2038"/>
        <Baseline points="504,2038 734,2038"/>
        <TextEquiv>
          <Unicode></Unicode>
        </TextEquiv>
      </TextLine>
      <TextLine id="eSc_line_f9c0b046" custom="structure {type:default;}">
        <Coords points="287,2088 287,2101 475,2112 476,2112 478,2112 499,2100 499,2086 490,2040 475,2050 285,2043 287,2088"/>
        <Baseline points="287,2088 499,2086"/>
        <TextEquiv>
          <Unicode></Unicode>
        </TextEquiv>
      </TextLine>
      <TextLine id="eSc_line_3a3a4dbe" custom="structure {type:default;}">
        <Coords points="514,2086 514,2105 2026,2112 2030,2084 2025,2045 1555,2052 1522,2047 1479,2042 1478,2042 1332,2048 1264,2052 1252,2050 1225,2042 1223,2042 1221,2042 1138,2050 1131,2050 1126,2050 1059,2042 1057,2042 1056,2042 1037,2050 1033,2054 847,2054 845,2052 816,2042 815,2042 724,2042 722,2042 721,2042 683,2052 637,2045 635,2045 512,2054 514,2086"/>
        <Baseline points="514,2086 2030,2084"/>
        <TextEquiv>
          <Unicode></Unicode>
        </TextEquiv>
      </TextLine>
      <TextLine id="eSc_line_4f0f87f5" custom="structure {type:default;}">
        <Coords points="281,2130 281,2149 471,2153 473,2153 475,2153 493,2142 493,2127 490,2100 280,2098 281,2130"/>
        <Baseline points="281,2130 493,2127"/>
        <TextEquiv>
          <Unicode></Unicode>
        </TextEquiv>
      </TextLine>
      <TextLine id="eSc_line_795ab152" custom="structure {type:default;}">
        <Coords points="553,2130 553,2148 2033,2141 2035,2124 2030,2100 551,2105 553,2130"/>
        <Baseline points="553,2130 2035,2124"/>
        <TextEquiv>
          <Unicode></Unicode>
        </TextEquiv>
      </TextLine>
      <TextLine id="eSc_line_b80a45d4" custom="structure {type:default;}">
        <Coords points="292,2171 292,2219 485,2216 485,2168 481,2146 290,2146 292,2171"/>
        <Baseline points="292,2171 485,2168"/>
        <TextEquiv>
          <Unicode></Unicode>
        </TextEquiv>
      </TextLine>
      <TextLine id="eSc_line_4c5a95dc" custom="structure {type:default;}">
        <Coords points="560,2173 560,2189 2035,2185 2037,2168 2033,2144 1638,2134 1637,2134 1522,2144 1259,2136 1257,2136 1206,2144 1155,2136 1153,2136 1092,2144 1069,2136 1068,2136 1066,2136 1001,2146 632,2137 630,2137 558,2148 560,2173"/>
        <Baseline points="560,2173 2037,2168"/>
        <TextEquiv>
          <Unicode></Unicode>
        </TextEquiv>
      </TextLine>
      <TextLine id="eSc_line_cdbab902" custom="structure {type:default;}">
        <Coords points="569,2214 569,2235 2037,2236 2038,2211 2035,2185 632,2182 630,2182 567,2190 569,2214"/>
        <Baseline points="569,2214 2038,2211"/>
        <TextEquiv>
          <Unicode></Unicode>
        </TextEquiv>
      </TextLine>
      <TextLine id="eSc_line_88fb51f2" custom="structure {type:default;}">
        <Coords points="565,2254 565,2271 919,2271 919,2254 919,2230 565,2230 565,2254"/>
        <Baseline points="565,2254 919,2254"/>
        <TextEquiv>
          <Unicode></Unicode>
        </TextEquiv>
      </TextLine>
      <TextLine id="eSc_line_a9208150" custom="structure {type:default;}">
        <Coords points="528,2296 528,2313 639,2324 640,2325 738,2325 738,2324 739,2324 741,2324 751,2315 755,2315 772,2315 876,2324 878,2324 968,2317 1008,2315 1059,2318 1153,2324 1155,2324 1332,2320 1538,2315 2031,2324 2033,2296 2033,2269 1982,2257 1980,2257 1924,2267 1922,2267 1920,2267 1852,2257 1756,2257 1755,2257 1753,2257 1726,2267 1722,2267 1681,2265 1456,2257 1454,2257 1332,2264 1274,2267 1238,2264 1177,2257 1175,2257 1174,2257 1160,2264 1150,2267 1073,2262 979,2257 977,2257 948,2262 919,2267 528,2260 528,2296"/>
        <Baseline points="528,2296 2033,2296"/>
        <TextEquiv>
          <Unicode></Unicode>
        </TextEquiv>
      </TextLine>
      <TextLine id="eSc_line_1f117aaa" custom="structure {type:default;}">
        <Coords points="570,2341 570,2365 2033,2365 2035,2336 2030,2315 569,2317 570,2341"/>
        <Baseline points="570,2341 2035,2336"/>
        <TextEquiv>
          <Unicode></Unicode>
        </TextEquiv>
      </TextLine>
      <TextLine id="eSc_line_c1dc56f6" custom="structure {type:default;}">
        <Coords points="569,2382 569,2400 2035,2399 2037,2378 2031,2353 567,2354 569,2382"/>
        <Baseline points="569,2382 2037,2378"/>
        <TextEquiv>
          <Unicode></Unicode>
        </TextEquiv>
      </TextLine>
      <TextLine id="eSc_line_68e87bf6" custom="structure {type:default;}">
        <Coords points="569,2424 569,2440 2028,2442 2031,2418 2028,2389 1300,2389 1298,2389 1238,2395 1220,2397 1163,2397 934,2390 933,2390 931,2390 897,2399 893,2399 874,2399 586,2392 584,2392 582,2392 567,2399 569,2424"/>
        <Baseline points="569,2424 2031,2418"/>
        <TextEquiv>
          <Unicode></Unicode>
        </TextEquiv>
      </TextLine>
      <TextLine id="eSc_line_740d6340" custom="structure {type:default;}">
        <Coords points="570,2467 570,2488 794,2488 803,2489 827,2496 828,2496 830,2496 924,2489 970,2488 992,2491 1044,2498 1045,2498 1047,2498 1064,2491 1076,2486 1100,2491 1126,2496 1127,2498 1314,2498 1314,2496 1315,2496 1327,2493 1341,2488 1430,2493 1500,2496 1502,2496 1604,2493 1881,2484 1898,2493 1900,2493 2031,2494 2035,2462 2030,2435 569,2440 570,2467"/>
        <Baseline points="570,2467 2035,2462"/>
        <TextEquiv>
          <Unicode></Unicode>
        </TextEquiv>
      </TextLine>
      <TextLine id="eSc_line_3f76d0cf" custom="structure {type:default;}">
        <Coords points="567,2508 567,2524 832,2525 833,2508 833,2483 567,2483 567,2508"/>
        <Baseline points="567,2508 833,2508"/>
        <TextEquiv>
          <Unicode></Unicode>
        </TextEquiv>
      </TextLine>
      <TextLine id="eSc_line_38554a47" custom="structure {type:default;}">
        <Coords points="504,2568 504,2597 739,2590 741,2563 736,2527 502,2527 504,2568"/>
        <Baseline points="504,2568 741,2563"/>
        <TextEquiv>
          <Unicode></Unicode>
        </TextEquiv>
      </TextLine>
      <TextLine id="eSc_line_9243e56b" custom="structure {type:default;}">
        <Coords points="529,2618 529,2638 2037,2635 2037,2611 2031,2583 528,2585 529,2618"/>
        <Baseline points="529,2618 2037,2611"/>
        <TextEquiv>
          <Unicode></Unicode>
        </TextEquiv>
      </TextLine>
      <TextLine id="eSc_line_7db90d3a" custom="structure {type:default;}">
        <Coords points="572,2659 572,2681 992,2691 994,2691 1052,2682 1064,2682 1122,2684 1326,2689 1327,2689 1471,2684 1647,2679 2033,2686 2035,2653 2031,2628 652,2628 651,2628 570,2636 572,2659"/>
        <Baseline points="572,2659 2035,2653"/>
        <TextEquiv>
          <Unicode></Unicode>
        </TextEquiv>
      </TextLine>
      <TextLine id="eSc_line_1e7f6c8e" custom="structure {type:default;}">
        <Coords points="572,2701 572,2741 772,2739 789,2741 912,2753 914,2753 1028,2741 1083,2751 1085,2753 1238,2753 1238,2751 1240,2751 1242,2751 1259,2737 1288,2737 1307,2751 1309,2751 1310,2751 1312,2753 1387,2753 1387,2751 1479,2735 1532,2749 1534,2749 1536,2749 1538,2749 1573,2735 1768,2747 1770,2747 1772,2747 1799,2732 1799,2696 1796,2676 570,2674 572,2701"/>
        <Baseline points="572,2701 1799,2696"/>
        <TextEquiv>
          <Unicode></Unicode>
        </TextEquiv>
      </TextLine>
    </TextRegion>
    <TextRegion id="eSc_textblock_8d72f01c"  custom="structure {type:default;}">
      <Coords points="760,129 1329,129 1363,136 1370,196 745,210 738,143 760,129"/>
      <TextLine id="eSc_line_e875fd56" custom="structure {type:default;}">
        <Coords points="1165,129 1153,129 1081,136 1044,140 1013,138 905,129 904,129 755,141 757,184 757,208 994,215 996,215 1098,206 1133,203 1136,205 1144,213 1146,213 1148,213 1150,215 1324,215 1324,213 1326,213 1351,203 1351,181 1346,133 1206,138 1196,135 1180,129 1165,129"/>
        <Baseline points="757,184 1351,181"/>
        <TextEquiv>
          <Unicode></Unicode>
        </TextEquiv>
      </TextLine>
    </TextRegion>
    <TextRegion id="eSc_textblock_d8fcd806"  custom="structure {type:default;}">
      <Coords points="1955,136 2038,143 2052,196 1937,223 1917,177 1955,136"/>
      <TextLine id="eSc_line_5dade58e" custom="structure {type:default;}">
        <Coords points="2018,141 2001,140 1984,138 1966,136 1949,136 1948,138 1934,157 1937,191 1943,271 2031,261 2026,184 2021,141 2018,141"/>
        <Baseline points="1937,191 2026,184"/>
        <TextEquiv>
          <Unicode></Unicode>
        </TextEquiv>
      </TextLine>
    </TextRegion>
  </Page>
</PcGts>
