<?xml version="1.0" encoding="UTF-8"  standalone="yes"?>
<PcGts xmlns="http://schema.primaresearch.org/PAGE/gts/pagecontent/2019-07-15" xmlns:xsi="http://www.w3.org/2001/XMLSchema-instance" xsi:schemaLocation="http://schema.primaresearch.org/PAGE/gts/pagecontent/2019-07-15 http://schema.primaresearch.org/PAGE/gts/pagecontent/2019-07-15/pagecontent.xsd">
  <Metadata externalRef="pdf//regestapontificu01cath.pdf">
	<Creator>escriptorium</Creator>
	<Created>2026-02-12T11:36:29.530061+00:00</Created>
        <LastChange>2026-02-13T11:18:48.868129+00:00</LastChange>
  </Metadata>
  <Page imageFilename="regestapontificu01cath.pdf_page_402.png" imageWidth="2353" imageHeight="3055">
    <TextRegion id="eSc_textblock_59f8e14c"  custom="structure {type:default;}">
      <Coords points="334,128 426,135 432,195 312,201 305,142 334,128"/>
      <TextLine id="eSc_line_5859812e" custom="structure {type:default;}">
        <Coords points="409,134 392,132 376,130 324,132 325,176 327,266 385,280 387,280 388,280 421,268 419,173 414,134 409,134"/>
        <Baseline points="325,176 419,173"/>
        <TextEquiv>
          <Unicode></Unicode>
        </TextEquiv>
      </TextLine>
    </TextRegion>
    <TextRegion id="eSc_textblock_740ec905"  custom="structure {type:default;}">
      <Coords points="1028,244 2271,251 2271,2618 2251,2727 740,2720 746,400 719,257 1028,244"/>
      <TextLine id="eSc_line_03ff5995" custom="structure {type:default;}">
        <Coords points="908,249 891,249 876,249 869,252 850,259 830,252 826,251 823,252 806,252 789,254 772,254 755,256 743,256 738,256 738,290 736,312 960,312 962,293 960,249 923,247 908,249"/>
        <Baseline points="738,290 962,293"/>
        <TextEquiv>
          <Unicode></Unicode>
        </TextEquiv>
      </TextLine>
      <TextLine id="eSc_line_85aef145" custom="structure {type:default;}">
        <Coords points="760,341 760,364 2256,363 2257,344 2256,310 760,302 760,341"/>
        <Baseline points="760,341 2257,344"/>
        <TextEquiv>
          <Unicode></Unicode>
        </TextEquiv>
      </TextLine>
      <TextLine id="eSc_line_c749d986" custom="structure {type:default;}">
        <Coords points="799,385 799,402 2252,405 2256,381 2251,354 797,358 799,385"/>
        <Baseline points="799,385 2256,381"/>
        <TextEquiv>
          <Unicode></Unicode>
        </TextEquiv>
      </TextLine>
      <TextLine id="eSc_line_48bf4acf" custom="structure {type:default;}">
        <Coords points="801,424 801,446 2254,446 2256,424 2254,403 801,403 801,424"/>
        <Baseline points="801,424 2256,424"/>
        <TextEquiv>
          <Unicode></Unicode>
        </TextEquiv>
      </TextLine>
      <TextLine id="eSc_line_44e4304d" custom="structure {type:default;}">
        <Coords points="799,466 799,485 2254,493 2256,466 2254,439 799,442 799,466"/>
        <Baseline points="799,466 2256,466"/>
        <TextEquiv>
          <Unicode></Unicode>
        </TextEquiv>
      </TextLine>
      <TextLine id="eSc_line_dffe42cb" custom="structure {type:default;}">
        <Coords points="801,510 801,526 921,536 923,538 1078,538 1078,536 1079,536 1081,536 1091,527 1145,536 1147,536 1217,527 1222,527 1225,527 1298,536 1300,536 1302,536 1330,527 1334,527 1400,527 1409,534 1409,536 1410,536 1412,536 1414,536 1804,527 1804,510 1804,482 801,482 801,510"/>
        <Baseline points="801,510 1804,510"/>
        <TextEquiv>
          <Unicode></Unicode>
        </TextEquiv>
      </TextLine>
      <TextLine id="eSc_line_ceeec527" custom="structure {type:default;}">
        <Coords points="757,551 757,573 993,573 996,573 1006,582 1008,582 1010,582 1011,582 1168,575 1227,573 1263,577 1332,582 1334,583 1431,583 1431,582 1432,582 1441,577 1449,573 1492,577 1538,582 1539,583 1634,583 1634,582 1636,582 1638,582 1643,578 1651,573 1672,578 1685,582 1687,582 1689,582 1767,580 1931,573 2113,582 2132,582 2133,582 2135,582 2137,582 2149,573 2159,582 2161,582 2162,582 2164,583 2256,583 2257,551 2256,529 757,529 757,551"/>
        <Baseline points="757,551 2257,551"/>
        <TextEquiv>
          <Unicode></Unicode>
        </TextEquiv>
      </TextLine>
      <TextLine id="eSc_line_480647d7" custom="structure {type:default;}">
        <Coords points="801,594 801,616 2252,617 2256,594 2254,570 801,570 801,594"/>
        <Baseline points="801,594 2256,594"/>
        <TextEquiv>
          <Unicode></Unicode>
        </TextEquiv>
      </TextLine>
      <TextLine id="eSc_line_5f0736b3" custom="structure {type:default;}">
        <Coords points="797,636 797,653 2254,655 2256,636 2254,605 797,609 797,636"/>
        <Baseline points="797,636 2256,636"/>
        <TextEquiv>
          <Unicode></Unicode>
        </TextEquiv>
      </TextLine>
      <TextLine id="eSc_line_157fcb0d" custom="structure {type:default;}">
        <Coords points="799,675 797,690 836,704 838,704 840,704 899,694 984,702 986,704 986,702 1071,694 1164,706 1166,707 1346,707 1346,706 1347,706 1371,695 1434,706 1436,706 1580,697 1582,697 1583,697 1634,707 1636,709 1814,709 1814,707 1816,707 1840,699 1845,697 1853,699 1904,709 1906,709 1954,699 1959,699 2251,700 2254,682 2252,658 799,651 799,675"/>
        <Baseline points="799,675 2254,682"/>
        <TextEquiv>
          <Unicode></Unicode>
        </TextEquiv>
      </TextLine>
      <TextLine id="eSc_line_c8c13b8a" custom="structure {type:default;}">
        <Coords points="799,717 797,739 1319,746 1320,746 1322,746 1324,746 1336,738 1339,738 1514,738 1516,738 1538,746 1539,746 1541,746 1780,736 1782,721 1780,695 799,692 799,717"/>
        <Baseline points="799,717 1782,721"/>
        <TextEquiv>
          <Unicode></Unicode>
        </TextEquiv>
      </TextLine>
      <TextLine id="eSc_line_b6740b84" custom="structure {type:default;}">
        <Coords points="755,758 753,775 840,785 842,785 2251,780 2252,762 2251,734 755,731 755,758"/>
        <Baseline points="755,758 2252,762"/>
        <TextEquiv>
          <Unicode></Unicode>
        </TextEquiv>
      </TextLine>
      <TextLine id="eSc_line_f40633ce" custom="structure {type:default;}">
        <Coords points="799,806 799,828 2251,833 2252,806 2252,784 799,784 799,806"/>
        <Baseline points="799,806 2252,806"/>
        <TextEquiv>
          <Unicode></Unicode>
        </TextEquiv>
      </TextLine>
      <TextLine id="eSc_line_4f539861" custom="structure {type:default;}">
        <Coords points="796,843 794,863 2249,868 2252,846 2251,819 796,818 796,843"/>
        <Baseline points="796,843 2252,846"/>
        <TextEquiv>
          <Unicode></Unicode>
        </TextEquiv>
      </TextLine>
      <TextLine id="eSc_line_805eda7f" custom="structure {type:default;}">
        <Coords points="796,887 796,906 2247,908 2251,884 2247,860 794,858 796,887"/>
        <Baseline points="796,887 2251,884"/>
        <TextEquiv>
          <Unicode></Unicode>
        </TextEquiv>
      </TextLine>
      <TextLine id="eSc_line_d0b81690" custom="structure {type:default;}">
        <Coords points="794,930 794,948 847,960 848,960 930,950 937,950 955,950 1134,960 1135,962 1269,962 1269,960 1271,960 1290,953 1298,950 1307,953 1324,960 1325,960 1327,960 1402,953 1453,950 1482,955 1516,960 1517,960 1556,955 1599,950 1636,957 1663,960 1665,960 1724,957 1826,950 1906,958 1930,960 1931,960 1933,960 1940,958 1974,950 2010,958 2011,958 2013,958 2015,958 2083,950 2113,960 2115,960 2117,960 2118,962 2252,962 2252,930 2252,909 794,909 794,930"/>
        <Baseline points="794,930 2252,930"/>
        <TextEquiv>
          <Unicode></Unicode>
        </TextEquiv>
      </TextLine>
      <TextLine id="eSc_line_5c1511d8" custom="structure {type:default;}">
        <Coords points="796,970 794,991 2247,996 2251,975 2249,947 796,945 796,970"/>
        <Baseline points="796,970 2251,975"/>
        <TextEquiv>
          <Unicode></Unicode>
        </TextEquiv>
      </TextLine>
      <TextLine id="eSc_line_e95b9cdf" custom="structure {type:default;}">
        <Coords points="796,1013 796,1030 1371,1038 1373,1038 1375,1038 1395,1030 1402,1037 1402,1038 1403,1038 1405,1038 1407,1040 1465,1040 1465,1038 1544,1028 1544,1013 1544,989 796,989 796,1013"/>
        <Baseline points="796,1013 1544,1013"/>
        <TextEquiv>
          <Unicode></Unicode>
        </TextEquiv>
      </TextLine>
      <TextLine id="eSc_line_113954a0" custom="structure {type:default;}">
        <Coords points="753,1057 753,1079 2251,1086 2252,1057 2252,1033 2212,1023 2052,1023 2050,1023 2049,1023 2047,1023 2035,1031 2033,1031 2025,1031 1937,1023 1935,1023 1933,1023 1909,1030 1904,1031 753,1025 753,1057"/>
        <Baseline points="753,1057 2252,1057"/>
        <TextEquiv>
          <Unicode></Unicode>
        </TextEquiv>
      </TextLine>
      <TextLine id="eSc_line_5ccc76b5" custom="structure {type:default;}">
        <Coords points="796,1099 796,1125 2249,1120 2251,1099 2249,1074 796,1070 796,1099"/>
        <Baseline points="796,1099 2251,1099"/>
        <TextEquiv>
          <Unicode></Unicode>
        </TextEquiv>
      </TextLine>
      <TextLine id="eSc_line_a8c1e17d" custom="structure {type:default;}">
        <Coords points="794,1140 794,1159 2252,1159 2252,1140 2252,1116 794,1116 794,1140"/>
        <Baseline points="794,1140 2252,1140"/>
        <TextEquiv>
          <Unicode></Unicode>
        </TextEquiv>
      </TextLine>
      <TextLine id="eSc_line_535fd4ef" custom="structure {type:default;}">
        <Coords points="792,1181 792,1205 1134,1215 1135,1215 1276,1208 1381,1205 1410,1210 1439,1215 1441,1215 1466,1210 1495,1205 1514,1210 1526,1215 1527,1215 1529,1215 1585,1211 1670,1205 1684,1211 1690,1215 1692,1215 1694,1216 1816,1216 1816,1215 1833,1213 1882,1205 1923,1213 1933,1215 1935,1215 1967,1213 2128,1205 2149,1215 2150,1215 2152,1216 2252,1216 2252,1181 2252,1160 792,1159 792,1181"/>
        <Baseline points="792,1181 2252,1181"/>
        <TextEquiv>
          <Unicode></Unicode>
        </TextEquiv>
      </TextLine>
      <TextLine id="eSc_line_a440f77d" custom="structure {type:default;}">
        <Coords points="792,1223 792,1245 859,1249 860,1249 862,1249 876,1244 887,1238 891,1242 896,1247 896,1249 898,1249 899,1249 999,1250 1001,1250 1003,1250 1047,1237 1047,1223 1047,1199 792,1199 792,1223"/>
        <Baseline points="792,1223 1047,1223"/>
        <TextEquiv>
          <Unicode></Unicode>
        </TextEquiv>
      </TextLine>
      <TextLine id="eSc_line_3e0301b9" custom="structure {type:default;}">
        <Coords points="753,1266 753,1284 2251,1279 2251,1261 2247,1233 769,1232 767,1232 765,1232 763,1232 752,1237 753,1266"/>
        <Baseline points="753,1266 2251,1261"/>
        <TextEquiv>
          <Unicode></Unicode>
        </TextEquiv>
      </TextLine>
      <TextLine id="eSc_line_ce550af3" custom="structure {type:default;}">
        <Coords points="792,1310 792,1328 2249,1334 2251,1310 2251,1288 792,1288 792,1310"/>
        <Baseline points="792,1310 2251,1310"/>
        <TextEquiv>
          <Unicode></Unicode>
        </TextEquiv>
      </TextLine>
      <TextLine id="eSc_line_87a29adc" custom="structure {type:default;}">
        <Coords points="792,1350 792,1371 2251,1374 2252,1350 2252,1327 792,1327 792,1350"/>
        <Baseline points="792,1350 2252,1350"/>
        <TextEquiv>
          <Unicode></Unicode>
        </TextEquiv>
      </TextLine>
      <TextLine id="eSc_line_f500dc78" custom="structure {type:default;}">
        <Coords points="794,1393 794,1413 2249,1410 2251,1390 2246,1364 792,1367 794,1393"/>
        <Baseline points="794,1393 2251,1390"/>
        <TextEquiv>
          <Unicode></Unicode>
        </TextEquiv>
      </TextLine>
      <TextLine id="eSc_line_4e4f0942" custom="structure {type:default;}">
        <Coords points="792,1435 792,1456 1035,1456 1038,1456 1079,1464 1081,1464 1164,1456 1168,1456 1169,1456 1256,1464 1257,1464 1426,1454 1443,1454 1446,1454 1473,1463 1475,1463 1760,1464 1762,1464 1947,1463 1948,1463 1950,1463 1967,1452 1969,1452 2004,1463 2006,1463 2008,1464 2196,1464 2196,1463 2247,1451 2249,1430 2244,1410 791,1413 792,1435"/>
        <Baseline points="792,1435 2249,1430"/>
        <TextEquiv>
          <Unicode></Unicode>
        </TextEquiv>
      </TextLine>
      <TextLine id="eSc_line_7a6c7571" custom="structure {type:default;}">
        <Coords points="792,1479 792,1500 2249,1498 2251,1474 2246,1451 791,1454 792,1479"/>
        <Baseline points="792,1479 2251,1474"/>
        <TextEquiv>
          <Unicode></Unicode>
        </TextEquiv>
      </TextLine>
      <TextLine id="eSc_line_d4f197d0" custom="structure {type:default;}">
        <Coords points="794,1520 794,1539 2247,1539 2249,1517 2246,1493 813,1486 811,1486 809,1486 792,1493 794,1520"/>
        <Baseline points="794,1520 2249,1517"/>
        <TextEquiv>
          <Unicode></Unicode>
        </TextEquiv>
      </TextLine>
      <TextLine id="eSc_line_1ebeacb3" custom="structure {type:default;}">
        <Coords points="792,1559 792,1581 2251,1583 2252,1559 2252,1537 792,1537 792,1559"/>
        <Baseline points="792,1559 2252,1559"/>
        <TextEquiv>
          <Unicode></Unicode>
        </TextEquiv>
      </TextLine>
      <TextLine id="eSc_line_040b6794" custom="structure {type:default;}">
        <Coords points="794,1602 792,1620 2247,1627 2251,1605 2249,1576 794,1575 794,1602"/>
        <Baseline points="794,1602 2251,1605"/>
        <TextEquiv>
          <Unicode></Unicode>
        </TextEquiv>
      </TextLine>
      <TextLine id="eSc_line_65a5a393" custom="structure {type:default;}">
        <Coords points="794,1646 794,1664 2247,1661 2249,1642 2244,1617 792,1619 794,1646"/>
        <Baseline points="794,1646 2249,1642"/>
        <TextEquiv>
          <Unicode></Unicode>
        </TextEquiv>
      </TextLine>
      <TextLine id="eSc_line_6ce5a522" custom="structure {type:default;}">
        <Coords points="792,1688 792,1712 2247,1707 2249,1683 2244,1663 791,1664 792,1688"/>
        <Baseline points="792,1688 2249,1683"/>
        <TextEquiv>
          <Unicode></Unicode>
        </TextEquiv>
      </TextLine>
      <TextLine id="eSc_line_a0179628" custom="structure {type:default;}">
        <Coords points="789,1731 789,1753 2247,1754 2251,1731 2249,1705 789,1705 789,1731"/>
        <Baseline points="789,1731 2251,1731"/>
        <TextEquiv>
          <Unicode></Unicode>
        </TextEquiv>
      </TextLine>
      <TextLine id="eSc_line_2bdc1629" custom="structure {type:default;}">
        <Coords points="791,1773 791,1788 1144,1799 1145,1799 1147,1799 1184,1785 1184,1773 1184,1749 791,1749 791,1773"/>
        <Baseline points="791,1773 1184,1773"/>
        <TextEquiv>
          <Unicode></Unicode>
        </TextEquiv>
      </TextLine>
      <TextLine id="eSc_line_bee95d27" custom="structure {type:default;}">
        <Coords points="748,1816 748,1838 2247,1841 2251,1810 2249,1787 2210,1775 2208,1775 2035,1775 2033,1775 2032,1775 2030,1775 2011,1787 2010,1787 1942,1776 1940,1776 1938,1776 1937,1776 1923,1787 1921,1788 1872,1788 1872,1787 1823,1775 1821,1775 1819,1775 1752,1788 1745,1788 1738,1788 1673,1776 1672,1776 1670,1776 1641,1788 1639,1790 1468,1790 1466,1788 1443,1776 1441,1776 1439,1776 1383,1788 1381,1788 1380,1788 1247,1776 1246,1776 1244,1776 1210,1790 1207,1790 1174,1790 887,1780 886,1780 884,1780 850,1790 792,1780 791,1780 789,1780 746,1790 748,1816"/>
        <Baseline points="748,1816 2251,1810"/>
        <TextEquiv>
          <Unicode></Unicode>
        </TextEquiv>
      </TextLine>
      <TextLine id="eSc_line_ea396b8d" custom="structure {type:default;}">
        <Coords points="789,1858 789,1880 2247,1880 2249,1851 2244,1829 787,1831 789,1858"/>
        <Baseline points="789,1858 2249,1851"/>
        <TextEquiv>
          <Unicode></Unicode>
        </TextEquiv>
      </TextLine>
      <TextLine id="eSc_line_016ba06d" custom="structure {type:default;}">
        <Coords points="787,1899 787,1917 1409,1929 1410,1929 1505,1917 1516,1916 1519,1916 1548,1928 1549,1928 1551,1929 1612,1929 1612,1928 1614,1928 1616,1928 1631,1916 1633,1916 1650,1916 1792,1926 1794,1926 1796,1926 1826,1916 1828,1916 1830,1916 1879,1928 1881,1928 1931,1916 1935,1916 1937,1916 1981,1924 1982,1924 2015,1917 2032,1928 2033,1928 2035,1928 2037,1928 2038,1928 2072,1916 2242,1916 2244,1895 2240,1875 1521,1866 1519,1866 1517,1866 1516,1866 1502,1875 801,1868 799,1868 797,1868 796,1868 786,1873 787,1899"/>
        <Baseline points="787,1899 2244,1895"/>
        <TextEquiv>
          <Unicode></Unicode>
        </TextEquiv>
      </TextLine>
      <TextLine id="eSc_line_8c87c9d7" custom="structure {type:default;}">
        <Coords points="792,1943 792,1960 1098,1967 1100,1967 1101,1967 1140,1955 1140,1939 1137,1917 818,1911 816,1911 814,1911 791,1919 792,1943"/>
        <Baseline points="792,1943 1140,1939"/>
        <TextEquiv>
          <Unicode></Unicode>
        </TextEquiv>
      </TextLine>
      <TextLine id="eSc_line_54705bda" custom="structure {type:default;}">
        <Coords points="750,1984 750,2001 2249,2002 2251,1980 2247,1953 767,1946 765,1946 763,1946 748,1953 750,1984"/>
        <Baseline points="750,1984 2251,1980"/>
        <TextEquiv>
          <Unicode></Unicode>
        </TextEquiv>
      </TextLine>
      <TextLine id="eSc_line_de25f5b2" custom="structure {type:default;}">
        <Coords points="791,2026 791,2046 2242,2046 2244,2023 2239,1992 1695,1999 1636,1992 1619,1990 1617,1990 1600,1992 1544,1999 1524,1992 1519,1990 1517,1990 1516,1990 1514,1990 1509,1992 1483,2001 789,1994 791,2026"/>
        <Baseline points="791,2026 2244,2023"/>
        <TextEquiv>
          <Unicode></Unicode>
        </TextEquiv>
      </TextLine>
      <TextLine id="eSc_line_0e9e66b2" custom="structure {type:default;}">
        <Coords points="787,2067 787,2089 1750,2096 1752,2096 1918,2085 1926,2085 1938,2085 2223,2094 2225,2094 2227,2094 2246,2084 2246,2062 2240,2040 786,2045 787,2067"/>
        <Baseline points="787,2067 2246,2062"/>
        <TextEquiv>
          <Unicode></Unicode>
        </TextEquiv>
      </TextLine>
      <TextLine id="eSc_line_3ac768f9" custom="structure {type:default;}">
        <Coords points="787,2109 787,2126 2242,2128 2244,2109 2244,2084 787,2084 787,2109"/>
        <Baseline points="787,2109 2244,2109"/>
        <TextEquiv>
          <Unicode></Unicode>
        </TextEquiv>
      </TextLine>
      <TextLine id="eSc_line_112ec1a2" custom="structure {type:default;}">
        <Coords points="746,2152 746,2170 2242,2167 2244,2148 2239,2121 745,2123 746,2152"/>
        <Baseline points="746,2152 2244,2148"/>
        <TextEquiv>
          <Unicode></Unicode>
        </TextEquiv>
      </TextLine>
      <TextLine id="eSc_line_54627438" custom="structure {type:default;}">
        <Coords points="787,2194 787,2214 2242,2219 2246,2191 2240,2167 786,2170 787,2194"/>
        <Baseline points="787,2194 2246,2191"/>
        <TextEquiv>
          <Unicode></Unicode>
        </TextEquiv>
      </TextLine>
      <TextLine id="eSc_line_a27ec1ac" custom="structure {type:default;}">
        <Coords points="787,2235 787,2257 2244,2257 2244,2235 2244,2211 787,2209 787,2235"/>
        <Baseline points="787,2235 2244,2235"/>
        <TextEquiv>
          <Unicode></Unicode>
        </TextEquiv>
      </TextLine>
      <TextLine id="eSc_line_d5827d9b" custom="structure {type:default;}">
        <Coords points="746,2277 746,2298 2242,2292 2244,2272 2240,2247 769,2243 767,2243 765,2243 745,2250 746,2277"/>
        <Baseline points="746,2277 2244,2272"/>
        <TextEquiv>
          <Unicode></Unicode>
        </TextEquiv>
      </TextLine>
      <TextLine id="eSc_line_750b86b7" custom="structure {type:default;}">
        <Coords points="786,2321 786,2340 1168,2348 1169,2348 1276,2338 1293,2338 1315,2338 1454,2347 1456,2347 1702,2338 1755,2347 1757,2347 1945,2337 1959,2337 1974,2337 2210,2345 2212,2345 2213,2345 2244,2335 2244,2316 2239,2294 784,2298 786,2321"/>
        <Baseline points="786,2321 2244,2316"/>
        <TextEquiv>
          <Unicode></Unicode>
        </TextEquiv>
      </TextLine>
      <TextLine id="eSc_line_3efdae30" custom="structure {type:default;}">
        <Coords points="786,2362 786,2379 2242,2376 2244,2359 2239,2335 784,2337 786,2362"/>
        <Baseline points="786,2362 2244,2359"/>
        <TextEquiv>
          <Unicode></Unicode>
        </TextEquiv>
      </TextLine>
      <TextLine id="eSc_line_34d8fca7" custom="structure {type:default;}">
        <Coords points="746,2403 746,2423 2242,2420 2244,2399 2240,2376 745,2371 746,2403"/>
        <Baseline points="746,2403 2244,2399"/>
        <TextEquiv>
          <Unicode></Unicode>
        </TextEquiv>
      </TextLine>
      <TextLine id="eSc_line_82afcde0" custom="structure {type:default;}">
        <Coords points="787,2447 787,2466 1748,2472 1750,2472 1752,2472 1775,2464 2145,2471 2147,2471 2246,2460 2246,2442 2240,2418 786,2425 787,2447"/>
        <Baseline points="787,2447 2246,2442"/>
        <TextEquiv>
          <Unicode></Unicode>
        </TextEquiv>
      </TextLine>
      <TextLine id="eSc_line_1c91604e" custom="structure {type:default;}">
        <Coords points="787,2486 786,2503 2240,2513 2244,2489 2240,2457 787,2457 787,2486"/>
        <Baseline points="787,2486 2244,2489"/>
        <TextEquiv>
          <Unicode></Unicode>
        </TextEquiv>
      </TextLine>
      <TextLine id="eSc_line_2b4985b8" custom="structure {type:default;}">
        <Coords points="786,2528 786,2545 797,2554 799,2554 801,2554 803,2556 1028,2556 1028,2554 1030,2554 1047,2545 1066,2554 1067,2554 1069,2554 1120,2545 1139,2554 1140,2554 1142,2554 1144,2554 1176,2545 1215,2554 1217,2554 1218,2554 1220,2554 1220,2552 1229,2545 1622,2554 1624,2554 1626,2554 1660,2544 1660,2528 1660,2505 1624,2496 1622,2496 1621,2496 1045,2505 930,2496 928,2496 926,2496 925,2496 915,2506 786,2506 786,2528"/>
        <Baseline points="786,2528 1660,2528"/>
        <TextEquiv>
          <Unicode></Unicode>
        </TextEquiv>
      </TextLine>
      <TextLine id="eSc_line_c08b1bf6" custom="structure {type:default;}">
        <Coords points="746,2571 746,2595 2244,2593 2244,2566 2242,2544 2213,2533 2212,2533 2210,2533 1808,2542 1752,2533 1750,2533 1748,2533 1746,2533 1729,2544 1235,2537 1234,2537 1232,2537 1230,2537 1217,2547 1083,2547 1057,2537 1055,2537 1054,2537 904,2545 763,2537 762,2537 760,2537 758,2537 745,2544 746,2571"/>
        <Baseline points="746,2571 2244,2566"/>
        <TextEquiv>
          <Unicode></Unicode>
        </TextEquiv>
      </TextLine>
      <TextLine id="eSc_line_ea3c2103" custom="structure {type:default;}">
        <Coords points="787,2613 787,2637 2242,2637 2244,2610 2239,2586 786,2588 787,2613"/>
        <Baseline points="787,2613 2244,2610"/>
        <TextEquiv>
          <Unicode></Unicode>
        </TextEquiv>
      </TextLine>
      <TextLine id="eSc_line_0e08e1ef" custom="structure {type:default;}">
        <Coords points="786,2654 786,2671 2240,2673 2242,2654 2242,2630 786,2630 786,2654"/>
        <Baseline points="786,2654 2242,2654"/>
        <TextEquiv>
          <Unicode></Unicode>
        </TextEquiv>
      </TextLine>
      <TextLine id="eSc_line_3dc11f39" custom="structure {type:default;}">
        <Coords points="786,2696 786,2754 852,2754 852,2752 853,2752 855,2752 876,2737 923,2735 1005,2749 1006,2751 1083,2751 1083,2749 1084,2749 1086,2749 1096,2741 1127,2747 1135,2749 1137,2749 1159,2747 1276,2734 1315,2744 1337,2751 1339,2751 1341,2752 1395,2752 1395,2751 1397,2751 1398,2751 1410,2742 1427,2734 1522,2737 1527,2741 1539,2751 1541,2751 1543,2751 1544,2752 1707,2752 1707,2751 1765,2742 1840,2747 1841,2747 1843,2747 1882,2735 1896,2732 2013,2732 2021,2734 2103,2749 2105,2749 2106,2749 2156,2730 2240,2729 2240,2691 2235,2671 784,2674 786,2696"/>
        <Baseline points="786,2696 2240,2691"/>
        <TextEquiv>
          <Unicode></Unicode>
        </TextEquiv>
      </TextLine>
    </TextRegion>
    <TextRegion id="eSc_textblock_36cd9b5d"  custom="structure {type:default;}">
      <Coords points="1210,122 1551,128 1578,195 1032,215 984,174 1018,128 1210,122"/>
      <TextLine id="eSc_line_5dae64b1" custom="structure {type:default;}">
        <Coords points="1560,156 1546,134 1533,128 1531,128 1529,128 1468,139 1465,139 1460,139 1380,128 1378,128 1290,137 1261,139 1257,135 1249,128 1249,127 1247,127 1246,127 1183,125 1181,125 1179,125 1159,135 1154,137 1151,135 1135,125 1134,125 1132,125 1130,125 1016,132 1016,181 1016,203 1561,207 1563,181 1560,159 1560,156"/>
        <Baseline points="1016,181 1563,181"/>
        <TextEquiv>
          <Unicode></Unicode>
        </TextEquiv>
      </TextLine>
    </TextRegion>
  </Page>
</PcGts>
