<?xml version="1.0" encoding="UTF-8"  standalone="yes"?>
<PcGts xmlns="http://schema.primaresearch.org/PAGE/gts/pagecontent/2019-07-15" xmlns:xsi="http://www.w3.org/2001/XMLSchema-instance" xsi:schemaLocation="http://schema.primaresearch.org/PAGE/gts/pagecontent/2019-07-15 http://schema.primaresearch.org/PAGE/gts/pagecontent/2019-07-15/pagecontent.xsd">
  <Metadata externalRef="pdf//regestapontificu01cath.pdf">
	<Creator>escriptorium</Creator>
	<Created>2026-02-12T11:37:01.826492+00:00</Created>
        <LastChange>2026-02-13T11:20:57.900606+00:00</LastChange>
  </Metadata>
  <Page imageFilename="regestapontificu01cath.pdf_page_415.png" imageWidth="2278" imageHeight="3076">
    <TextRegion id="eSc_textblock_4a3550d0"  custom="structure {type:default;}">
      <Coords points="105,232 2059,232 2052,2424 2031,2568 553,2582 476,2547 328,2554 273,2493 271,2397 244,2582 102,2588 54,2561 54,355 75,246 105,232"/>
      <TextLine id="eSc_line_5f47c5d2" custom="structure {type:default;}">
        <Coords points="502,283 500,305 695,316 697,316 698,316 726,307 728,287 726,244 502,242 502,283"/>
        <Baseline points="502,283 728,287"/>
        <TextEquiv>
          <Unicode></Unicode>
        </TextEquiv>
      </TextLine>
      <TextLine id="eSc_line_e194e3c4" custom="structure {type:default;}">
        <Coords points="565,336 565,365 2033,357 2035,333 2031,292 1961,278 1960,278 1958,278 1932,290 1908,280 1907,280 1905,280 1903,280 1866,292 1729,292 1662,276 1661,276 1543,285 1454,278 1452,278 1450,278 1432,288 1413,276 1411,276 1409,276 1341,276 1339,276 1279,288 1237,280 1235,280 1233,280 1208,290 1167,280 1165,280 1003,278 1001,278 999,278 965,288 883,280 881,280 880,280 857,290 810,280 808,280 806,280 779,292 563,293 565,336"/>
        <Baseline points="565,336 2035,333"/>
        <TextEquiv>
          <Unicode></Unicode>
        </TextEquiv>
      </TextLine>
      <TextLine id="eSc_line_00e11d43" custom="structure {type:default;}">
        <Coords points="565,375 563,401 2031,406 2035,381 2033,352 565,350 565,375"/>
        <Baseline points="565,375 2035,381"/>
        <TextEquiv>
          <Unicode></Unicode>
        </TextEquiv>
      </TextLine>
      <TextLine id="eSc_line_621e9c90" custom="structure {type:default;}">
        <Coords points="565,416 563,435 2030,437 2033,420 2031,396 565,389 565,416"/>
        <Baseline points="565,416 2033,420"/>
        <TextEquiv>
          <Unicode></Unicode>
        </TextEquiv>
      </TextLine>
      <TextLine id="eSc_line_8c4c3565" custom="structure {type:default;}">
        <Coords points="565,463 565,480 1244,480 1278,488 1279,488 1281,490 1719,490 1719,488 1720,488 1737,480 1772,488 1773,488 1775,488 1837,480 1857,488 1859,488 1861,490 2002,490 2002,488 2004,488 2035,478 2035,463 2035,440 565,440 565,463"/>
        <Baseline points="565,463 2035,463"/>
        <TextEquiv>
          <Unicode></Unicode>
        </TextEquiv>
      </TextLine>
      <TextLine id="eSc_line_3e6decd4" custom="structure {type:default;}">
        <Coords points="563,504 563,524 2033,524 2033,504 2033,480 563,480 563,504"/>
        <Baseline points="563,504 2033,504"/>
        <TextEquiv>
          <Unicode></Unicode>
        </TextEquiv>
      </TextLine>
      <TextLine id="eSc_line_6e7f0157" custom="structure {type:default;}">
        <Coords points="565,548 565,569 880,562 1001,569 1025,570 1027,570 1028,570 1033,569 1061,562 1078,569 1080,570 1081,570 1083,570 1098,569 1179,562 1218,569 1225,570 1227,570 1244,569 1344,560 2030,569 2033,545 2030,521 632,514 630,514 563,522 565,548"/>
        <Baseline points="565,548 2033,545"/>
        <TextEquiv>
          <Unicode></Unicode>
        </TextEquiv>
      </TextLine>
      <TextLine id="eSc_line_af48b146" custom="structure {type:default;}">
        <Coords points="565,586 563,610 2028,618 2031,589 2030,565 565,562 565,586"/>
        <Baseline points="565,586 2031,589"/>
        <TextEquiv>
          <Unicode></Unicode>
        </TextEquiv>
      </TextLine>
      <TextLine id="eSc_line_b585e743" custom="structure {type:default;}">
        <Coords points="562,628 562,649 1150,654 1151,654 1204,644 1206,625 1201,601 560,601 562,628"/>
        <Baseline points="562,628 1206,625"/>
        <TextEquiv>
          <Unicode></Unicode>
        </TextEquiv>
      </TextLine>
      <TextLine id="eSc_line_11964b65" custom="structure {type:default;}">
        <Coords points="524,666 522,690 2031,695 2035,671 2033,640 592,642 524,633 524,666"/>
        <Baseline points="524,666 2035,671"/>
        <TextEquiv>
          <Unicode></Unicode>
        </TextEquiv>
      </TextLine>
      <TextLine id="eSc_line_73b5968c" custom="structure {type:default;}">
        <Coords points="567,714 567,727 663,727 673,736 673,738 675,738 676,738 678,738 680,738 714,727 726,738 726,739 728,739 729,739 731,741 873,741 873,739 874,739 912,727 998,727 1011,738 1011,739 1013,739 1015,739 1016,739 1018,739 1050,727 1495,739 1497,739 1498,739 1524,727 1584,739 1585,739 1638,726 1638,714 1638,692 567,685 567,714"/>
        <Baseline points="567,714 1638,714"/>
        <TextEquiv>
          <Unicode></Unicode>
        </TextEquiv>
      </TextLine>
      <TextLine id="eSc_line_3381b60b" custom="structure {type:default;}">
        <Coords points="521,753 521,779 2030,779 2031,757 2030,731 521,721 521,753"/>
        <Baseline points="521,753 2031,757"/>
        <TextEquiv>
          <Unicode></Unicode>
        </TextEquiv>
      </TextLine>
      <TextLine id="eSc_line_62240fe0" custom="structure {type:default;}">
        <Coords points="562,798 562,816 2031,818 2035,798 2033,769 562,769 562,798"/>
        <Baseline points="562,798 2035,798"/>
        <TextEquiv>
          <Unicode></Unicode>
        </TextEquiv>
      </TextLine>
      <TextLine id="eSc_line_4cb94c7a" custom="structure {type:default;}">
        <Coords points="558,839 558,851 644,866 645,868 714,868 714,866 716,866 717,866 736,852 765,852 765,839 763,813 558,813 558,839"/>
        <Baseline points="558,839 765,839"/>
        <TextEquiv>
          <Unicode></Unicode>
        </TextEquiv>
      </TextLine>
      <TextLine id="eSc_line_625a81e0" custom="structure {type:default;}">
        <Coords points="502,881 502,902 2030,904 2033,878 2028,852 500,854 502,881"/>
        <Baseline points="502,881 2033,878"/>
        <TextEquiv>
          <Unicode></Unicode>
        </TextEquiv>
      </TextLine>
      <TextLine id="eSc_line_1546e5cf" custom="structure {type:default;}">
        <Coords points="560,922 558,938 570,946 572,946 574,946 575,946 2030,939 2031,926 2030,900 560,897 560,922"/>
        <Baseline points="560,922 2031,926"/>
        <TextEquiv>
          <Unicode></Unicode>
        </TextEquiv>
      </TextLine>
      <TextLine id="eSc_line_37542bdc" custom="structure {type:default;}">
        <Coords points="558,970 558,987 656,999 657,999 659,999 680,989 683,987 770,987 782,989 852,1001 854,1001 982,989 1025,986 1032,989 1042,997 1044,997 1045,997 1047,997 1049,997 1068,989 1076,986 1256,986 1269,989 1298,999 1300,999 1302,1001 1437,1001 1437,999 1438,999 1459,991 1471,986 1498,991 1539,997 1541,999 1768,999 1768,997 1770,997 1784,991 1796,984 1806,991 1814,997 1816,997 1818,997 1820,997 1961,991 1963,965 1960,943 1681,943 1657,933 1655,933 1654,933 1652,933 1650,933 1638,941 1295,934 1293,934 1291,934 1290,934 1279,943 1278,945 1199,945 1191,943 1103,934 1102,934 1100,934 1098,934 1088,943 1086,945 557,945 558,970"/>
        <Baseline points="558,970 1963,965"/>
        <TextEquiv>
          <Unicode></Unicode>
        </TextEquiv>
      </TextLine>
      <TextLine id="eSc_line_25c820ae" custom="structure {type:default;}">
        <Coords points="499,1037 499,1050 1379,1045 1380,1030 1375,1003 1254,1003 1247,1003 1201,992 1199,992 1119,1003 1093,1004 1078,1003 1047,996 1045,996 980,1003 933,1006 922,1003 910,996 909,996 907,996 861,1003 827,1006 775,1003 724,997 722,997 721,997 709,1003 695,1008 685,1003 676,996 675,996 673,996 671,996 497,1001 499,1037"/>
        <Baseline points="499,1037 1380,1030"/>
        <TextEquiv>
          <Unicode></Unicode>
        </TextEquiv>
      </TextLine>
      <TextLine id="eSc_line_9f1e6563" custom="structure {type:default;}">
        <Coords points="95,1090 97,1143 174,1121 194,1138 201,1143 203,1143 205,1143 206,1144 292,1144 292,1143 293,1143 321,1129 336,1121 437,1119 442,1121 457,1131 459,1131 461,1131 463,1131 464,1131 490,1117 490,1086 485,999 401,1001 399,1001 398,1001 389,1008 341,1050 319,1054 305,1044 304,1044 302,1044 300,1044 299,1044 297,1044 281,1057 247,1057 217,1027 217,1025 215,1025 213,1025 211,1025 210,1025 208,1025 206,1028 172,1054 145,1033 143,1032 141,1032 140,1032 138,1032 93,1039 95,1090"/>
        <Baseline points="95,1090 490,1086"/>
        <TextEquiv>
          <Unicode></Unicode>
        </TextEquiv>
      </TextLine>
      <TextLine id="eSc_line_4e052786" custom="structure {type:default;}">
        <Coords points="509,1088 507,1110 2025,1121 2028,1093 2026,1069 509,1064 509,1088"/>
        <Baseline points="509,1088 2028,1093"/>
        <TextEquiv>
          <Unicode></Unicode>
        </TextEquiv>
      </TextLine>
      <TextLine id="eSc_line_8b0550a2" custom="structure {type:default;}">
        <Coords points="321,1132 322,1191 358,1179 382,1184 403,1187 405,1187 406,1187 440,1175 440,1129 435,1107 319,1110 321,1132"/>
        <Baseline points="321,1132 440,1129"/>
        <TextEquiv>
          <Unicode></Unicode>
        </TextEquiv>
      </TextLine>
      <TextLine id="eSc_line_881b7d02" custom="structure {type:default;}">
        <Coords points="558,1131 558,1153 2030,1151 2031,1134 2030,1109 558,1107 558,1131"/>
        <Baseline points="558,1131 2031,1134"/>
        <TextEquiv>
          <Unicode></Unicode>
        </TextEquiv>
      </TextLine>
      <TextLine id="eSc_line_7a764a37" custom="structure {type:default;}">
        <Coords points="560,1175 560,1194 2031,1192 2033,1175 2031,1150 560,1150 560,1175"/>
        <Baseline points="560,1175 2033,1175"/>
        <TextEquiv>
          <Unicode></Unicode>
        </TextEquiv>
      </TextLine>
      <TextLine id="eSc_line_e736038e" custom="structure {type:default;}">
        <Coords points="560,1220 560,1238 1238,1247 1240,1247 2031,1237 2033,1216 2030,1194 558,1192 560,1220"/>
        <Baseline points="560,1220 2033,1216"/>
        <TextEquiv>
          <Unicode></Unicode>
        </TextEquiv>
      </TextLine>
      <TextLine id="eSc_line_bc594231" custom="structure {type:default;}">
        <Coords points="558,1262 558,1279 2028,1281 2031,1262 2030,1237 558,1235 558,1262"/>
        <Baseline points="558,1262 2031,1262"/>
        <TextEquiv>
          <Unicode></Unicode>
        </TextEquiv>
      </TextLine>
      <TextLine id="eSc_line_372d6510" custom="structure {type:default;}">
        <Coords points="560,1300 560,1320 2030,1319 2031,1305 2030,1279 560,1273 560,1300"/>
        <Baseline points="560,1300 2031,1305"/>
        <TextEquiv>
          <Unicode></Unicode>
        </TextEquiv>
      </TextLine>
      <TextLine id="eSc_line_a7a543f8" custom="structure {type:default;}">
        <Coords points="560,1341 558,1358 640,1368 642,1368 1727,1363 1729,1344 1727,1322 1148,1322 1115,1315 1095,1312 1093,1312 955,1314 608,1319 560,1310 560,1341"/>
        <Baseline points="560,1341 1729,1344"/>
        <TextEquiv>
          <Unicode></Unicode>
        </TextEquiv>
      </TextLine>
      <TextLine id="eSc_line_2ff47479" custom="structure {type:default;}">
        <Coords points="514,1384 514,1411 2028,1411 2030,1389 2026,1356 586,1358 514,1350 514,1384"/>
        <Baseline points="514,1384 2030,1389"/>
        <TextEquiv>
          <Unicode></Unicode>
        </TextEquiv>
      </TextLine>
      <TextLine id="eSc_line_b56f5a9c" custom="structure {type:default;}">
        <Coords points="560,1433 560,1452 2028,1444 2030,1426 2026,1404 927,1399 926,1399 924,1399 922,1399 909,1408 587,1401 586,1401 584,1401 558,1409 560,1433"/>
        <Baseline points="560,1433 2030,1426"/>
        <TextEquiv>
          <Unicode></Unicode>
        </TextEquiv>
      </TextLine>
      <TextLine id="eSc_line_d1b54e16" custom="structure {type:default;}">
        <Coords points="557,1474 557,1491 1006,1502 1008,1502 1009,1502 1011,1502 1021,1495 1027,1491 1174,1495 1358,1500 1360,1500 1391,1496 1440,1490 1491,1496 1520,1500 1522,1500 1524,1500 1534,1496 1561,1488 1597,1496 1602,1498 1604,1498 1606,1498 1642,1496 1852,1488 1867,1498 1869,1498 1871,1498 1872,1500 2026,1500 2028,1469 2025,1449 1538,1440 1536,1440 1534,1440 1532,1440 1522,1449 1498,1449 1062,1442 1061,1442 1059,1442 1040,1450 1039,1452 555,1452 557,1474"/>
        <Baseline points="557,1474 2028,1469"/>
        <TextEquiv>
          <Unicode></Unicode>
        </TextEquiv>
      </TextLine>
      <TextLine id="eSc_line_7c40b12c" custom="structure {type:default;}">
        <Coords points="555,1514 555,1534 2028,1531 2030,1510 2026,1488 553,1488 555,1514"/>
        <Baseline points="555,1514 2030,1510"/>
        <TextEquiv>
          <Unicode></Unicode>
        </TextEquiv>
      </TextLine>
      <TextLine id="eSc_line_5b7a8bf9" custom="structure {type:default;}">
        <Coords points="555,1558 555,1575 2026,1577 2030,1553 2026,1532 582,1527 581,1527 579,1527 553,1536 555,1558"/>
        <Baseline points="555,1558 2030,1553"/>
        <TextEquiv>
          <Unicode></Unicode>
        </TextEquiv>
      </TextLine>
      <TextLine id="eSc_line_abd5f682" custom="structure {type:default;}">
        <Coords points="555,1597 555,1620 2030,1620 2030,1597 2028,1575 555,1575 555,1597"/>
        <Baseline points="555,1597 2030,1597"/>
        <TextEquiv>
          <Unicode></Unicode>
        </TextEquiv>
      </TextLine>
      <TextLine id="eSc_line_5c02ac4f" custom="structure {type:default;}">
        <Coords points="555,1642 555,1659 2025,1662 2028,1638 2023,1614 553,1614 555,1642"/>
        <Baseline points="555,1642 2028,1638"/>
        <TextEquiv>
          <Unicode></Unicode>
        </TextEquiv>
      </TextLine>
      <TextLine id="eSc_line_e222466d" custom="structure {type:default;}">
        <Coords points="555,1686 555,1702 2025,1698 2026,1683 2023,1661 570,1654 569,1654 567,1654 565,1654 553,1659 555,1686"/>
        <Baseline points="555,1686 2026,1683"/>
        <TextEquiv>
          <Unicode></Unicode>
        </TextEquiv>
      </TextLine>
      <TextLine id="eSc_line_e8e36840" custom="structure {type:default;}">
        <Coords points="553,1727 553,1751 1187,1746 1242,1753 1254,1755 1256,1755 1257,1755 1261,1753 1285,1746 1397,1755 1416,1755 1418,1755 1420,1755 1421,1755 1442,1746 1493,1755 1500,1755 1502,1755 1515,1755 1625,1746 1811,1755 1821,1755 1823,1755 1825,1755 1826,1755 1840,1746 1951,1746 2026,1755 2028,1727 2028,1703 553,1703 553,1727"/>
        <Baseline points="553,1727 2028,1727"/>
        <TextEquiv>
          <Unicode></Unicode>
        </TextEquiv>
      </TextLine>
      <TextLine id="eSc_line_cf1c82a6" custom="structure {type:default;}">
        <Coords points="553,1768 553,1787 782,1792 784,1792 786,1792 806,1785 815,1784 832,1785 893,1792 895,1792 958,1784 977,1782 979,1784 986,1789 986,1790 987,1790 989,1790 991,1792 1259,1792 1259,1790 1261,1790 1297,1780 1297,1765 1293,1741 551,1741 553,1768"/>
        <Baseline points="553,1768 1297,1765"/>
        <TextEquiv>
          <Unicode></Unicode>
        </TextEquiv>
      </TextLine>
      <TextLine id="eSc_line_a36b807c" custom="structure {type:default;}">
        <Coords points="85,1809 85,1854 128,1857 129,1857 131,1857 148,1849 165,1842 186,1847 220,1854 222,1854 223,1854 254,1840 254,1809 252,1739 85,1739 85,1809"/>
        <Baseline points="85,1809 254,1809"/>
        <TextEquiv>
          <Unicode></Unicode>
        </TextEquiv>
      </TextLine>
      <TextLine id="eSc_line_d27370c2" custom="structure {type:default;}">
        <Coords points="514,1804 512,1826 627,1838 628,1840 1194,1840 1194,1838 1196,1838 1230,1830 1271,1840 1273,1840 1274,1840 1396,1831 1519,1840 1520,1840 1577,1831 1650,1840 1652,1840 2028,1830 2030,1808 2028,1784 603,1784 514,1773 514,1804"/>
        <Baseline points="514,1804 2030,1808"/>
        <TextEquiv>
          <Unicode></Unicode>
        </TextEquiv>
      </TextLine>
      <TextLine id="eSc_line_33abdffb" custom="structure {type:default;}">
        <Coords points="555,1854 555,1878 2023,1876 2025,1847 2019,1826 553,1831 555,1854"/>
        <Baseline points="555,1854 2025,1847"/>
        <TextEquiv>
          <Unicode></Unicode>
        </TextEquiv>
      </TextLine>
      <TextLine id="eSc_line_13814f1f" custom="structure {type:default;}">
        <Coords points="553,1896 553,1915 2026,1913 2026,1890 2021,1866 551,1866 553,1896"/>
        <Baseline points="553,1896 2026,1890"/>
        <TextEquiv>
          <Unicode></Unicode>
        </TextEquiv>
      </TextLine>
      <TextLine id="eSc_line_a6e22d39" custom="structure {type:default;}">
        <Coords points="551,1939 551,1954 582,1966 584,1966 586,1966 664,1954 669,1954 675,1954 753,1966 755,1966 821,1954 823,1953 1086,1953 1102,1953 1261,1965 1262,1965 1389,1953 1392,1953 1399,1953 1773,1963 1775,1963 1777,1963 1806,1951 1809,1951 1917,1963 1919,1963 1920,1963 1922,1963 1937,1951 1963,1960 1965,1960 1966,1960 2023,1949 2025,1934 2019,1913 550,1915 551,1939"/>
        <Baseline points="551,1939 2025,1934"/>
        <TextEquiv>
          <Unicode></Unicode>
        </TextEquiv>
      </TextLine>
      <TextLine id="eSc_line_f9ddb9c5" custom="structure {type:default;}">
        <Coords points="551,1982 551,2002 2021,2004 2025,1977 2019,1954 550,1956 551,1982"/>
        <Baseline points="551,1982 2025,1977"/>
        <TextEquiv>
          <Unicode></Unicode>
        </TextEquiv>
      </TextLine>
      <TextLine id="eSc_line_2610df60" custom="structure {type:default;}">
        <Coords points="553,2021 553,2040 2023,2036 2025,2018 2021,1994 551,1994 553,2021"/>
        <Baseline points="553,2021 2025,2018"/>
        <TextEquiv>
          <Unicode></Unicode>
        </TextEquiv>
      </TextLine>
      <TextLine id="eSc_line_c15b95fa" custom="structure {type:default;}">
        <Coords points="551,2064 551,2084 1285,2093 1286,2093 1329,2083 1334,2083 1353,2083 1485,2091 1486,2091 1488,2091 1490,2091 1503,2083 1505,2083 1726,2083 1746,2091 1748,2091 1749,2091 1900,2083 1990,2091 1992,2091 1994,2091 2025,2081 2025,2060 2019,2035 550,2042 551,2064"/>
        <Baseline points="551,2064 2025,2060"/>
        <TextEquiv>
          <Unicode></Unicode>
        </TextEquiv>
      </TextLine>
      <TextLine id="eSc_line_2ba91735" custom="structure {type:default;}">
        <Coords points="553,2107 553,2130 2025,2129 2025,2103 2019,2081 551,2081 553,2107"/>
        <Baseline points="553,2107 2025,2103"/>
        <TextEquiv>
          <Unicode></Unicode>
        </TextEquiv>
      </TextLine>
      <TextLine id="eSc_line_450f0bae" custom="structure {type:default;}">
        <Coords points="553,2149 553,2166 2021,2166 2023,2146 2019,2122 551,2120 553,2149"/>
        <Baseline points="553,2149 2023,2146"/>
        <TextEquiv>
          <Unicode></Unicode>
        </TextEquiv>
      </TextLine>
      <TextLine id="eSc_line_82521a3e" custom="structure {type:default;}">
        <Coords points="551,2190 551,2207 685,2218 686,2218 688,2218 710,2207 716,2206 832,2206 835,2207 847,2218 849,2218 851,2218 852,2219 900,2219 900,2218 902,2218 904,2218 919,2207 921,2206 926,2207 965,2218 967,2218 968,2218 970,2218 994,2209 1068,2218 1069,2218 1071,2218 1073,2218 1073,2216 1083,2206 1102,2216 1103,2216 1105,2216 1189,2206 1197,2206 1215,2218 1216,2218 1218,2218 1220,2219 1358,2219 1358,2218 1360,2218 1392,2206 1394,2206 1396,2206 1498,2218 1500,2218 1502,2218 1503,2218 1503,2216 1515,2206 1541,2206 1543,2189 1539,2168 550,2160 551,2190"/>
        <Baseline points="551,2190 1543,2189"/>
        <TextEquiv>
          <Unicode></Unicode>
        </TextEquiv>
      </TextLine>
      <TextLine id="eSc_line_fa4e614a" custom="structure {type:default;}">
        <Coords points="150,2173 111,2158 117,2243 121,2272 158,2260 157,2240 150,2173"/>
        <Baseline points="117,2243 157,2240"/>
        <TextEquiv>
          <Unicode></Unicode>
        </TextEquiv>
      </TextLine>
      <TextLine id="eSc_line_fa21a1a4" custom="structure {type:default;}">
        <Coords points="492,2235 492,2259 2021,2257 2023,2230 2018,2197 1194,2206 1175,2197 1174,2197 1172,2197 1170,2197 1155,2197 979,2207 945,2199 943,2199 941,2199 746,2207 490,2199 492,2235"/>
        <Baseline points="492,2235 2023,2230"/>
        <TextEquiv>
          <Unicode></Unicode>
        </TextEquiv>
      </TextLine>
      <TextLine id="eSc_line_dab6001b" custom="structure {type:default;}">
        <Coords points="553,2276 553,2295 2019,2289 2021,2271 2016,2245 551,2250 553,2276"/>
        <Baseline points="553,2276 2021,2271"/>
        <TextEquiv>
          <Unicode></Unicode>
        </TextEquiv>
      </TextLine>
      <TextLine id="eSc_line_99b61a61" custom="structure {type:default;}">
        <Coords points="551,2317 551,2337 772,2346 774,2346 775,2346 801,2339 808,2337 816,2339 851,2346 852,2346 909,2339 939,2336 992,2339 1062,2344 1064,2344 1133,2339 1192,2336 1237,2339 1283,2344 1285,2344 1286,2344 1288,2344 1293,2341 1305,2334 1445,2341 1505,2342 1507,2342 1599,2341 1913,2332 2016,2341 2019,2310 2016,2289 1973,2279 1972,2279 1970,2279 1937,2288 1418,2281 1416,2281 1414,2281 1413,2281 1399,2291 1279,2293 1035,2293 1021,2283 1020,2283 1018,2283 1016,2283 1015,2283 982,2291 955,2283 953,2283 951,2283 712,2293 695,2284 693,2284 575,2284 574,2284 572,2284 550,2293 551,2317"/>
        <Baseline points="551,2317 2019,2310"/>
        <TextEquiv>
          <Unicode></Unicode>
        </TextEquiv>
      </TextLine>
      <TextLine id="eSc_line_52acb8a9" custom="structure {type:default;}">
        <Coords points="553,2359 553,2383 2018,2378 2019,2356 2016,2334 551,2330 553,2359"/>
        <Baseline points="553,2359 2019,2356"/>
        <TextEquiv>
          <Unicode></Unicode>
        </TextEquiv>
      </TextLine>
      <TextLine id="eSc_line_63d626bf" custom="structure {type:default;}">
        <Coords points="551,2402 551,2421 851,2428 852,2428 1191,2419 1257,2418 1268,2418 1321,2426 1322,2426 1363,2418 1368,2418 1384,2418 1529,2426 1531,2426 1532,2426 1549,2418 1553,2416 1568,2418 1643,2424 1645,2424 1736,2416 1743,2416 1744,2416 1755,2424 1756,2424 1758,2424 1760,2426 1989,2426 1989,2424 1990,2424 2021,2414 2021,2397 2018,2373 1042,2366 1040,2366 757,2375 620,2368 618,2368 550,2377 551,2402"/>
        <Baseline points="551,2402 2021,2397"/>
        <TextEquiv>
          <Unicode></Unicode>
        </TextEquiv>
      </TextLine>
      <TextLine id="eSc_line_fb2903a4" custom="structure {type:default;}">
        <Coords points="548,2443 548,2459 555,2465 557,2465 558,2465 560,2465 675,2464 676,2464 716,2452 716,2440 712,2411 596,2404 594,2404 546,2412 548,2443"/>
        <Baseline points="548,2443 716,2440"/>
        <TextEquiv>
          <Unicode></Unicode>
        </TextEquiv>
      </TextLine>
      <TextLine id="eSc_line_641d06f4" custom="structure {type:default;}">
        <Coords points="68,2483 68,2529 117,2534 119,2534 121,2534 145,2525 160,2520 172,2524 208,2534 210,2534 211,2534 213,2534 249,2518 249,2483 249,2442 68,2442 68,2483"/>
        <Baseline points="68,2483 249,2483"/>
        <TextEquiv>
          <Unicode></Unicode>
        </TextEquiv>
      </TextLine>
      <TextLine id="eSc_line_70d74b40" custom="structure {type:default;}">
        <Coords points="512,2484 514,2532 551,2512 929,2512 950,2525 951,2525 953,2525 955,2525 1021,2517 1052,2527 1068,2532 1069,2532 1071,2532 1107,2527 1136,2522 1146,2525 1160,2532 1162,2532 1163,2532 1344,2530 1346,2530 1360,2524 1375,2517 1389,2524 1397,2527 1399,2527 1599,2530 1601,2532 1640,2532 1640,2530 1642,2530 1659,2522 1667,2517 1724,2520 1838,2529 1840,2529 2021,2517 2023,2477 2019,2455 1772,2443 1770,2443 1698,2453 1693,2453 1691,2453 1676,2443 1674,2443 1673,2443 1671,2443 1669,2443 1637,2453 1626,2457 1476,2457 1469,2452 1459,2445 1457,2445 1456,2445 1454,2445 1343,2452 1262,2457 1097,2452 958,2447 956,2447 686,2448 685,2448 681,2450 664,2459 613,2450 603,2448 601,2448 599,2448 596,2450 570,2459 557,2450 557,2448 555,2448 553,2448 551,2448 510,2448 512,2484"/>
        <Baseline points="512,2484 2023,2477"/>
        <TextEquiv>
          <Unicode></Unicode>
        </TextEquiv>
      </TextLine>
      <TextLine id="eSc_line_251440ec" custom="structure {type:default;}">
        <Coords points="550,2527 550,2585 613,2577 622,2582 625,2585 627,2585 628,2585 630,2587 736,2587 736,2585 738,2585 739,2585 750,2577 758,2568 772,2575 779,2578 780,2578 782,2578 933,2566 933,2527 933,2496 550,2496 550,2527"/>
        <Baseline points="550,2527 933,2527"/>
        <TextEquiv>
          <Unicode></Unicode>
        </TextEquiv>
      </TextLine>
    </TextRegion>
    <TextRegion id="eSc_textblock_0ebe8c56"  custom="structure {type:default;}">
      <Coords points="856,116 1370,129 1391,189 738,189 745,129 856,116"/>
      <TextLine id="eSc_line_9e562bad" custom="structure {type:default;}">
        <Coords points="1368,133 1338,128 1334,128 1317,128 1302,126 1249,133 1225,124 1215,124 1197,124 1180,124 1163,123 1158,123 1146,133 1144,133 1143,133 1009,119 1008,119 753,131 753,176 753,203 1370,203 1370,176 1370,138 1368,133"/>
        <Baseline points="753,176 1370,176"/>
        <TextEquiv>
          <Unicode></Unicode>
        </TextEquiv>
      </TextLine>
    </TextRegion>
    <TextRegion id="eSc_textblock_56411aeb"  custom="structure {type:default;}">
      <Coords points="1963,164 2011,164 2038,182 1951,189 1963,164"/>
      <TextLine id="eSc_line_34c2d0ec" custom="structure {type:default;}">
        <Coords points="2014,167 1997,164 1980,164 1963,164 1961,155 1946,157 1948,177 1951,266 2035,261 2033,174 2028,150 2014,150 2014,167"/>
        <Baseline points="1948,177 2033,174"/>
        <TextEquiv>
          <Unicode></Unicode>
        </TextEquiv>
      </TextLine>
    </TextRegion>
    <TextRegion id="eSc_textblock_924150c8"  custom="structure {type:default;}">
      <Coords points="56,0 100,0 100,5 54,5 56,0"/>
    </TextRegion>
    <TextRegion id="eSc_textblock_495e181f"  custom="structure {type:default;}">
      <Coords points="1963,150 1997,150 1997,155 1958,155 1963,150"/>
    </TextRegion>
  </Page>
</PcGts>
