<?xml version="1.0" encoding="UTF-8"  standalone="yes"?>
<PcGts xmlns="http://schema.primaresearch.org/PAGE/gts/pagecontent/2019-07-15" xmlns:xsi="http://www.w3.org/2001/XMLSchema-instance" xsi:schemaLocation="http://schema.primaresearch.org/PAGE/gts/pagecontent/2019-07-15 http://schema.primaresearch.org/PAGE/gts/pagecontent/2019-07-15/pagecontent.xsd">
  <Metadata externalRef="pdf//regestapontificu01cath.pdf">
	<Creator>escriptorium</Creator>
	<Created>2026-02-12T11:41:17.601081+00:00</Created>
        <LastChange>2026-02-13T11:41:50.491294+00:00</LastChange>
  </Metadata>
  <Page imageFilename="regestapontificu01cath.pdf_page_515.png" imageWidth="2315" imageHeight="3076">
    <TextRegion id="eSc_textblock_3122d8c7"  custom="structure {type:default;}">
      <Coords points="1952,205 2048,225 2034,1761 2055,2390 2034,2677 1796,2691 1795,2732 1714,2732 1665,2691 485,2691 456,2643 307,2636 328,2611 292,2561 244,2590 246,2624 292,2636 75,2657 47,2363 47,355 88,225 237,218 271,328 300,252 306,299 333,307 376,278 382,239 492,218 1952,205"/>
      <TextLine id="eSc_line_1f15aef2" custom="structure {type:default;}">
        <Coords points="477,264 477,295 817,288 851,297 866,300 868,300 870,302 1299,302 1299,300 1301,300 1309,297 1321,292 1458,297 1547,300 1549,300 1550,300 1557,297 1579,287 1718,287 1762,297 1774,300 1776,300 1778,300 2005,297 2007,261 2003,230 1764,230 1761,228 1738,220 1737,220 1735,220 1641,227 1634,227 1629,227 1571,217 1569,217 1567,217 1545,227 1540,228 1518,227 1446,217 1444,217 1388,225 1364,228 1348,225 1319,217 1318,217 1316,217 1314,217 1299,225 1289,230 1234,230 1121,223 1032,218 849,218 848,218 846,218 837,222 818,230 748,222 724,218 723,218 721,218 714,220 689,230 649,220 646,220 644,220 475,220 477,264"/>
        <Baseline points="477,264 2007,261"/>
        <TextEquiv>
          <Unicode></Unicode>
        </TextEquiv>
      </TextLine>
      <TextLine id="eSc_line_eb96c306" custom="structure {type:default;}">
        <Coords points="591,307 591,328 834,326 836,304 830,280 589,280 591,307"/>
        <Baseline points="591,307 836,304"/>
        <TextEquiv>
          <Unicode></Unicode>
        </TextEquiv>
      </TextLine>
      <TextLine id="eSc_line_b10abc0d" custom="structure {type:default;}">
        <Coords points="500,357 500,377 2014,381 2015,357 2015,322 1860,312 1858,312 1805,321 1781,311 1779,311 1684,311 1682,311 1680,311 1656,321 1656,322 1400,322 1398,321 1384,311 1383,311 1381,311 1379,311 1335,321 1331,321 1330,321 1272,311 1171,311 1169,311 1167,311 1143,321 1142,321 1135,321 1036,311 952,311 950,311 948,311 924,321 923,322 880,322 878,321 865,311 863,311 861,311 860,311 858,311 834,321 830,321 630,321 603,321 572,311 571,311 569,311 500,319 500,357"/>
        <Baseline points="500,357 2015,357"/>
        <TextEquiv>
          <Unicode></Unicode>
        </TextEquiv>
      </TextLine>
      <TextLine id="eSc_line_12b954bb" custom="structure {type:default;}">
        <Coords points="78,362 78,389 181,396 182,396 237,382 237,357 230,297 179,311 148,305 107,300 106,300 104,300 75,312 78,362"/>
        <Baseline points="78,362 237,357"/>
        <TextEquiv>
          <Unicode></Unicode>
        </TextEquiv>
      </TextLine>
      <TextLine id="eSc_line_800134f3" custom="structure {type:default;}">
        <Coords points="545,401 545,423 1237,425 1239,425 1275,423 1366,415 1545,422 1598,423 1600,423 1602,423 1610,422 1646,413 2008,420 2012,394 2007,370 543,370 545,401"/>
        <Baseline points="545,401 2012,394"/>
        <TextEquiv>
          <Unicode></Unicode>
        </TextEquiv>
      </TextLine>
      <TextLine id="eSc_line_a7a64f68" custom="structure {type:default;}">
        <Coords points="541,440 541,459 2012,459 2012,440 2012,415 541,411 541,440"/>
        <Baseline points="541,440 2012,440"/>
        <TextEquiv>
          <Unicode></Unicode>
        </TextEquiv>
      </TextLine>
      <TextLine id="eSc_line_d7b2a5df" custom="structure {type:default;}">
        <Coords points="543,485 543,502 2008,509 2010,485 2010,459 543,459 543,485"/>
        <Baseline points="543,485 2010,485"/>
        <TextEquiv>
          <Unicode></Unicode>
        </TextEquiv>
      </TextLine>
      <TextLine id="eSc_line_cf96eaf0" custom="structure {type:default;}">
        <Coords points="541,528 541,546 1841,543 1843,524 1839,497 540,497 541,528"/>
        <Baseline points="541,528 1843,524"/>
        <TextEquiv>
          <Unicode></Unicode>
        </TextEquiv>
      </TextLine>
      <TextLine id="eSc_line_47fcbced" custom="structure {type:default;}">
        <Coords points="475,589 473,623 651,627 653,627 711,616 712,592 712,553 682,545 680,545 678,545 475,545 475,589"/>
        <Baseline points="475,589 712,592"/>
        <TextEquiv>
          <Unicode></Unicode>
        </TextEquiv>
      </TextLine>
      <TextLine id="eSc_line_68f8169b" custom="structure {type:default;}">
        <Coords points="500,652 500,671 2012,671 2014,649 2010,620 526,613 524,613 523,613 499,622 500,652"/>
        <Baseline points="500,652 2014,649"/>
        <TextEquiv>
          <Unicode></Unicode>
        </TextEquiv>
      </TextLine>
      <TextLine id="eSc_line_10884e30" custom="structure {type:default;}">
        <Coords points="543,695 543,709 2010,712 2014,692 2010,668 1278,659 1277,659 1215,668 560,661 559,661 557,661 541,668 543,695"/>
        <Baseline points="543,695 2014,692"/>
        <TextEquiv>
          <Unicode></Unicode>
        </TextEquiv>
      </TextLine>
      <TextLine id="eSc_line_5ad4cd82" custom="structure {type:default;}">
        <Coords points="540,738 540,763 1605,755 1607,731 1602,707 538,712 540,738"/>
        <Baseline points="540,738 1607,731"/>
        <TextEquiv>
          <Unicode></Unicode>
        </TextEquiv>
      </TextLine>
      <TextLine id="eSc_line_5dd642d0" custom="structure {type:default;}">
        <Coords points="478,806 478,835 535,842 536,842 538,842 562,835 596,827 815,827 829,833 836,839 837,839 839,839 906,840 907,840 909,840 924,833 938,827 1034,832 1126,837 1128,837 1130,837 1131,837 1140,832 1150,825 1348,825 1357,830 1371,839 1372,839 1374,839 1376,839 1378,839 1398,828 1400,828 1401,828 1417,840 1419,840 1420,840 1422,842 1470,842 1470,840 1531,837 1533,837 1552,828 1562,823 1574,828 1602,839 1603,839 1605,839 1743,837 1745,837 1767,827 1769,827 1831,839 1832,840 1991,840 1991,839 1993,839 1995,839 2012,827 2012,801 2005,758 1957,770 1870,758 1867,758 1865,758 1861,758 1796,770 1774,758 1773,758 1771,758 1723,758 1721,758 1720,758 1718,758 1690,770 1583,758 1569,758 1567,758 1559,758 1494,772 1436,763 1434,763 1395,772 1366,760 1364,760 1318,760 1316,760 1314,760 1313,760 1294,772 1178,762 1176,762 1116,772 1094,760 1092,760 1090,760 1089,760 1082,760 1039,769 1025,760 1024,760 1022,760 1020,760 1019,760 1013,760 964,774 911,762 909,762 853,762 851,762 849,762 824,775 771,775 752,762 750,762 748,762 747,762 745,762 743,762 697,774 477,763 478,806"/>
        <Baseline points="478,806 2012,801"/>
        <TextEquiv>
          <Unicode></Unicode>
        </TextEquiv>
      </TextLine>
      <TextLine id="eSc_line_0be6ddc7" custom="structure {type:default;}">
        <Coords points="593,845 593,871 817,871 817,869 818,869 820,869 834,861 834,840 830,818 591,816 593,845"/>
        <Baseline points="593,845 834,840"/>
        <TextEquiv>
          <Unicode></Unicode>
        </TextEquiv>
      </TextLine>
      <TextLine id="eSc_line_02ceefb7" custom="structure {type:default;}">
        <Coords points="502,905 502,922 2014,917 2015,900 2012,871 1824,871 1776,859 1774,859 1684,869 1569,862 1567,862 1263,871 1248,861 1246,861 1244,861 1242,861 1181,869 1042,861 1041,861 972,871 557,862 555,862 500,874 502,905"/>
        <Baseline points="502,905 2015,900"/>
        <TextEquiv>
          <Unicode></Unicode>
        </TextEquiv>
      </TextLine>
      <TextLine id="eSc_line_e451d024" custom="structure {type:default;}">
        <Coords points="73,907 73,943 242,938 242,907 241,832 73,833 73,907"/>
        <Baseline points="73,907 242,907"/>
        <TextEquiv>
          <Unicode></Unicode>
        </TextEquiv>
      </TextLine>
      <TextLine id="eSc_line_b706289e" custom="structure {type:default;}">
        <Coords points="541,948 541,963 2010,965 2014,943 2010,919 1523,910 1521,910 1519,910 1489,921 1242,921 1186,910 1184,910 1138,919 1125,910 1123,910 1121,910 1032,910 1030,910 1029,910 998,921 955,912 954,912 726,921 651,912 649,912 647,912 646,912 634,922 540,922 541,948"/>
        <Baseline points="541,948 2014,943"/>
        <TextEquiv>
          <Unicode></Unicode>
        </TextEquiv>
      </TextLine>
      <TextLine id="eSc_line_59eb316c" custom="structure {type:default;}">
        <Coords points="540,987 540,1011 2012,1009 2014,987 2012,963 540,963 540,987"/>
        <Baseline points="540,987 2014,987"/>
        <TextEquiv>
          <Unicode></Unicode>
        </TextEquiv>
      </TextLine>
      <TextLine id="eSc_line_8591cff8" custom="structure {type:default;}">
        <Coords points="541,1030 541,1047 742,1044 743,1045 752,1052 752,1054 753,1054 755,1054 757,1056 827,1056 827,1054 829,1054 853,1044 860,1042 894,1044 1024,1052 1025,1052 1116,1040 1118,1027 1113,1003 540,1004 541,1030"/>
        <Baseline points="541,1030 1118,1027"/>
        <TextEquiv>
          <Unicode></Unicode>
        </TextEquiv>
      </TextLine>
      <TextLine id="eSc_line_0fd0fde5" custom="structure {type:default;}">
        <Coords points="500,1073 500,1088 709,1097 711,1097 712,1097 714,1097 726,1088 728,1088 1068,1088 1070,1088 1159,1097 1160,1097 1268,1086 1282,1086 1292,1086 1355,1095 1357,1095 1413,1086 1420,1086 1449,1086 1730,1095 1731,1095 1733,1095 1735,1095 1749,1086 1750,1086 1752,1086 1986,1095 1988,1095 1990,1095 2015,1085 2015,1069 2012,1044 1950,1033 1949,1033 1947,1033 1913,1042 1786,1033 1784,1033 1692,1042 1656,1033 1655,1033 1653,1033 1590,1042 1415,1033 1413,1033 1412,1033 1393,1044 1290,1044 1260,1033 1258,1033 1256,1033 1188,1044 1166,1035 1164,1035 1162,1035 1160,1035 1125,1044 617,1035 615,1035 553,1044 512,1035 511,1035 509,1035 507,1035 499,1040 500,1073"/>
        <Baseline points="500,1073 2015,1069"/>
        <TextEquiv>
          <Unicode></Unicode>
        </TextEquiv>
      </TextLine>
      <TextLine id="eSc_line_f098d794" custom="structure {type:default;}">
        <Coords points="75,1074 75,1139 131,1139 131,1138 133,1138 135,1138 145,1129 162,1117 241,1117 241,1074 241,1049 75,1033 75,1074"/>
        <Baseline points="75,1074 241,1074"/>
        <TextEquiv>
          <Unicode></Unicode>
        </TextEquiv>
      </TextLine>
      <TextLine id="eSc_line_1839d523" custom="structure {type:default;}">
        <Coords points="541,1115 541,1134 2014,1131 2015,1112 2010,1088 540,1090 541,1115"/>
        <Baseline points="541,1115 2015,1112"/>
        <TextEquiv>
          <Unicode></Unicode>
        </TextEquiv>
      </TextLine>
      <TextLine id="eSc_line_b7036d7a" custom="structure {type:default;}">
        <Coords points="543,1158 543,1175 2014,1170 2015,1153 2010,1127 541,1131 543,1158"/>
        <Baseline points="543,1158 2015,1153"/>
        <TextEquiv>
          <Unicode></Unicode>
        </TextEquiv>
      </TextLine>
      <TextLine id="eSc_line_5ddc6a1a" custom="structure {type:default;}">
        <Coords points="541,1203 541,1220 653,1233 654,1233 656,1233 695,1220 724,1233 726,1233 728,1235 793,1235 793,1233 795,1233 824,1218 825,1218 931,1218 933,1218 947,1230 947,1232 948,1232 950,1232 952,1233 993,1233 993,1232 995,1232 996,1232 1007,1221 1025,1232 1027,1232 1029,1233 1089,1233 1089,1232 1090,1232 1092,1232 1113,1216 1114,1216 1121,1216 1193,1230 1195,1230 1196,1230 1198,1230 1219,1216 1220,1216 1236,1216 1531,1228 1533,1228 1535,1228 1566,1215 1608,1223 1610,1223 1656,1213 1658,1196 1655,1174 1417,1163 1415,1163 1413,1163 1374,1175 1253,1175 1234,1165 1232,1165 1231,1165 1229,1165 1227,1165 1217,1174 1032,1167 1030,1167 1029,1167 1003,1175 995,1168 995,1167 993,1167 991,1167 846,1167 844,1167 842,1167 841,1167 841,1168 832,1175 608,1168 606,1168 540,1179 541,1203"/>
        <Baseline points="541,1203 1658,1196"/>
        <TextEquiv>
          <Unicode></Unicode>
        </TextEquiv>
      </TextLine>
      <TextLine id="eSc_line_42671676" custom="structure {type:default;}">
        <Coords points="478,1271 478,1281 504,1290 506,1290 507,1290 509,1290 538,1279 541,1279 543,1279 586,1293 588,1293 589,1293 591,1293 647,1276 647,1266 644,1223 564,1216 562,1216 560,1216 530,1233 523,1237 477,1237 478,1271"/>
        <Baseline points="478,1271 647,1266"/>
        <TextEquiv>
          <Unicode></Unicode>
        </TextEquiv>
      </TextLine>
      <TextLine id="eSc_line_933ade4b" custom="structure {type:default;}">
        <Coords points="482,1327 482,1346 2010,1348 2012,1327 2012,1298 1730,1286 1675,1286 1673,1286 1672,1286 1670,1286 1658,1295 1653,1298 1345,1298 1326,1291 1309,1288 1307,1288 1306,1288 1215,1291 1078,1297 1053,1290 1039,1286 1037,1286 767,1286 765,1286 764,1286 760,1288 742,1298 627,1298 482,1286 482,1327"/>
        <Baseline points="482,1327 2012,1327"/>
        <TextEquiv>
          <Unicode></Unicode>
        </TextEquiv>
      </TextLine>
      <TextLine id="eSc_line_e170207b" custom="structure {type:default;}">
        <Coords points="541,1367 541,1391 2012,1389 2014,1363 2008,1341 540,1341 541,1367"/>
        <Baseline points="541,1367 2014,1363"/>
        <TextEquiv>
          <Unicode></Unicode>
        </TextEquiv>
      </TextLine>
      <TextLine id="eSc_line_790e7ea4" custom="structure {type:default;}">
        <Coords points="541,1413 541,1428 2014,1423 2015,1408 2010,1380 540,1384 541,1413"/>
        <Baseline points="541,1413 2015,1408"/>
        <TextEquiv>
          <Unicode></Unicode>
        </TextEquiv>
      </TextLine>
      <TextLine id="eSc_line_527a8055" custom="structure {type:default;}">
        <Coords points="540,1454 540,1474 2010,1476 2014,1449 2008,1428 538,1432 540,1454"/>
        <Baseline points="540,1454 2014,1449"/>
        <TextEquiv>
          <Unicode></Unicode>
        </TextEquiv>
      </TextLine>
      <TextLine id="eSc_line_1b7d5808" custom="structure {type:default;}">
        <Coords points="540,1496 540,1519 2012,1508 2014,1491 2008,1467 538,1471 540,1496"/>
        <Baseline points="540,1496 2014,1491"/>
        <TextEquiv>
          <Unicode></Unicode>
        </TextEquiv>
      </TextLine>
      <TextLine id="eSc_line_b46b6d43" custom="structure {type:default;}">
        <Coords points="540,1538 540,1556 2014,1556 2015,1534 2010,1507 538,1507 540,1538"/>
        <Baseline points="540,1538 2015,1534"/>
        <TextEquiv>
          <Unicode></Unicode>
        </TextEquiv>
      </TextLine>
      <TextLine id="eSc_line_24f31e6d" custom="structure {type:default;}">
        <Coords points="540,1575 538,1597 671,1606 673,1606 675,1606 692,1599 700,1594 706,1599 716,1606 718,1606 719,1606 721,1608 860,1608 860,1606 901,1599 928,1594 966,1599 1032,1608 1034,1608 1126,1599 1166,1596 1200,1599 1275,1608 1277,1608 1323,1599 1342,1596 1350,1599 1360,1604 1362,1604 1537,1608 1538,1608 1540,1608 1572,1599 1584,1597 1610,1599 1706,1609 1708,1609 1709,1609 1711,1609 1725,1599 1728,1597 1737,1599 1773,1609 1774,1609 1776,1609 2012,1599 2014,1580 2012,1556 540,1551 540,1575"/>
        <Baseline points="540,1575 2014,1580"/>
        <TextEquiv>
          <Unicode></Unicode>
        </TextEquiv>
      </TextLine>
      <TextLine id="eSc_line_eb8d5518" custom="structure {type:default;}">
        <Coords points="540,1621 540,1643 1702,1640 1704,1618 1699,1596 538,1597 540,1621"/>
        <Baseline points="540,1621 1704,1618"/>
        <TextEquiv>
          <Unicode></Unicode>
        </TextEquiv>
      </TextLine>
      <TextLine id="eSc_line_ded5870e" custom="structure {type:default;}">
        <Coords points="478,1691 478,1710 552,1719 553,1719 555,1719 598,1707 608,1715 608,1717 610,1717 612,1717 613,1719 677,1719 677,1717 678,1717 702,1703 702,1688 699,1652 634,1640 632,1640 630,1640 601,1647 576,1654 562,1645 553,1642 552,1642 550,1642 477,1642 478,1691"/>
        <Baseline points="478,1691 702,1688"/>
        <TextEquiv>
          <Unicode></Unicode>
        </TextEquiv>
      </TextLine>
      <TextLine id="eSc_line_7207c4a6" custom="structure {type:default;}">
        <Coords points="495,1746 495,1766 2014,1760 2015,1741 2012,1717 1704,1717 1651,1707 1649,1707 1507,1717 1506,1717 1485,1708 1484,1708 1482,1708 1270,1717 1174,1708 1172,1708 918,1719 913,1719 911,1719 863,1710 861,1710 726,1719 704,1710 702,1710 511,1710 509,1710 507,1710 506,1710 494,1715 495,1746"/>
        <Baseline points="495,1746 2015,1741"/>
        <TextEquiv>
          <Unicode></Unicode>
        </TextEquiv>
      </TextLine>
      <TextLine id="eSc_line_0fa691db" custom="structure {type:default;}">
        <Coords points="538,1790 538,1813 2014,1802 2015,1785 2010,1760 536,1763 538,1790"/>
        <Baseline points="538,1790 2015,1785"/>
        <TextEquiv>
          <Unicode></Unicode>
        </TextEquiv>
      </TextLine>
      <TextLine id="eSc_line_81a680e2" custom="structure {type:default;}">
        <Coords points="540,1833 540,1850 2010,1854 2014,1830 2008,1806 538,1808 540,1833"/>
        <Baseline points="540,1833 2014,1830"/>
        <TextEquiv>
          <Unicode></Unicode>
        </TextEquiv>
      </TextLine>
      <TextLine id="eSc_line_d4fcf56d" custom="structure {type:default;}">
        <Coords points="541,1874 541,1893 2014,1890 2015,1871 2012,1847 540,1845 541,1874"/>
        <Baseline points="541,1874 2015,1871"/>
        <TextEquiv>
          <Unicode></Unicode>
        </TextEquiv>
      </TextLine>
      <TextLine id="eSc_line_9c32ea3f" custom="structure {type:default;}">
        <Coords points="541,1917 541,1934 2012,1929 2014,1912 2010,1888 540,1886 541,1917"/>
        <Baseline points="541,1917 2014,1912"/>
        <TextEquiv>
          <Unicode></Unicode>
        </TextEquiv>
      </TextLine>
      <TextLine id="eSc_line_0fff3459" custom="structure {type:default;}">
        <Coords points="540,1960 540,1978 796,1987 798,1987 800,1987 801,1987 813,1978 815,1978 824,1978 967,1985 969,1985 1178,1977 1196,1977 1198,1977 1208,1985 1210,1985 1212,1985 1213,1987 1335,1987 1335,1985 1337,1985 1364,1977 1376,1985 1378,1985 1379,1985 1381,1987 1494,1987 1494,1985 1547,1975 1552,1975 1557,1975 1600,1984 1602,1984 1795,1975 1800,1975 1803,1975 1926,1984 1928,1984 1930,1984 1932,1984 1943,1975 1986,1984 1988,1984 1990,1984 2014,1973 2014,1954 2008,1932 538,1936 540,1960"/>
        <Baseline points="540,1960 2014,1954"/>
        <TextEquiv>
          <Unicode></Unicode>
        </TextEquiv>
      </TextLine>
      <TextLine id="eSc_line_faca092d" custom="structure {type:default;}">
        <Coords points="540,2001 540,2019 2010,2019 2012,2001 2010,1977 540,1977 540,2001"/>
        <Baseline points="540,2001 2012,2001"/>
        <TextEquiv>
          <Unicode></Unicode>
        </TextEquiv>
      </TextLine>
      <TextLine id="eSc_line_aa9bff9a" custom="structure {type:default;}">
        <Coords points="538,2043 538,2059 1945,2055 1947,2040 1943,2018 552,2011 550,2011 548,2011 547,2011 536,2016 538,2043"/>
        <Baseline points="538,2043 1947,2040"/>
        <TextEquiv>
          <Unicode></Unicode>
        </TextEquiv>
      </TextLine>
      <TextLine id="eSc_line_a2cc9201" custom="structure {type:default;}">
        <Coords points="482,2083 482,2110 2010,2103 2012,2086 2012,2062 482,2059 482,2083"/>
        <Baseline points="482,2083 2012,2086"/>
        <TextEquiv>
          <Unicode></Unicode>
        </TextEquiv>
      </TextLine>
      <TextLine id="eSc_line_344ec422" custom="structure {type:default;}">
        <Coords points="70,2084 70,2117 162,2115 162,2084 162,2042 70,2026 70,2084"/>
        <Baseline points="70,2084 162,2084"/>
        <TextEquiv>
          <Unicode></Unicode>
        </TextEquiv>
      </TextLine>
      <TextLine id="eSc_line_fe53422c" custom="structure {type:default;}">
        <Coords points="540,2129 540,2153 2012,2146 2014,2129 2012,2101 540,2101 540,2129"/>
        <Baseline points="540,2129 2014,2129"/>
        <TextEquiv>
          <Unicode></Unicode>
        </TextEquiv>
      </TextLine>
      <TextLine id="eSc_line_d1f0aca9" custom="structure {type:default;}">
        <Coords points="538,2170 538,2192 552,2199 553,2199 555,2199 557,2199 576,2190 714,2190 716,2190 747,2204 748,2204 750,2206 824,2206 824,2204 974,2202 976,2202 1001,2189 1029,2202 1030,2202 1032,2204 1073,2204 1073,2202 1075,2202 1114,2187 1114,2166 1109,2142 839,2144 827,2136 825,2136 824,2136 822,2136 671,2146 591,2137 589,2137 536,2148 538,2170"/>
        <Baseline points="538,2170 1114,2166"/>
        <TextEquiv>
          <Unicode></Unicode>
        </TextEquiv>
      </TextLine>
      <TextLine id="eSc_line_2d652d98" custom="structure {type:default;}">
        <Coords points="473,2248 473,2281 620,2271 639,2277 641,2277 642,2277 644,2277 646,2277 663,2267 829,2267 853,2277 854,2277 856,2277 928,2265 952,2277 954,2277 964,2279 1041,2279 1042,2279 1054,2277 1114,2265 1169,2276 1186,2279 1188,2279 1189,2279 1200,2276 1242,2264 1284,2264 1306,2276 1311,2277 1313,2277 1314,2277 1316,2277 1326,2274 1367,2264 1427,2274 1453,2277 1454,2277 1489,2274 1535,2267 1578,2272 1622,2277 1624,2277 1653,2272 1699,2262 1814,2262 1827,2271 1834,2276 1836,2276 1837,2276 1839,2277 1901,2277 1901,2276 1902,2276 1904,2276 1913,2269 1925,2262 2007,2267 2010,2242 2007,2216 1955,2206 1954,2206 1952,2206 1950,2206 1937,2216 1932,2218 1908,2216 1843,2209 1841,2209 1779,2216 1757,2218 1752,2216 1726,2206 1725,2206 1723,2206 1721,2206 1701,2216 1697,2218 1670,2216 1569,2207 1567,2207 1566,2207 1549,2216 1542,2221 1443,2221 1436,2216 1419,2207 1417,2207 1415,2207 1413,2207 1412,2207 1400,2216 1395,2219 1369,2216 1307,2209 1306,2209 1260,2218 1234,2221 1208,2218 1181,2213 1179,2213 1178,2213 1169,2218 1160,2221 1003,2219 1001,2218 984,2209 983,2209 981,2209 979,2209 954,2218 940,2221 902,2218 836,2211 834,2211 832,2211 805,2218 784,2223 762,2218 730,2211 728,2211 471,2218 473,2248"/>
        <Baseline points="473,2248 2010,2242"/>
        <TextEquiv>
          <Unicode></Unicode>
        </TextEquiv>
      </TextLine>
      <TextLine id="eSc_line_9a9fa5a5" custom="structure {type:default;}">
        <Coords points="586,2288 586,2307 827,2308 830,2284 825,2260 584,2260 586,2288"/>
        <Baseline points="586,2288 830,2284"/>
        <TextEquiv>
          <Unicode></Unicode>
        </TextEquiv>
      </TextLine>
      <TextLine id="eSc_line_5e3d4936" custom="structure {type:default;}">
        <Coords points="497,2337 497,2358 2012,2353 2014,2332 2010,2308 1788,2308 1745,2298 1743,2298 1742,2298 1723,2307 1384,2300 1383,2300 1265,2308 1254,2308 1248,2308 1167,2300 1166,2300 1164,2300 1143,2308 1142,2310 495,2310 497,2337"/>
        <Baseline points="497,2337 2014,2332"/>
        <TextEquiv>
          <Unicode></Unicode>
        </TextEquiv>
      </TextLine>
      <TextLine id="eSc_line_b4351c23" custom="structure {type:default;}">
        <Coords points="68,2339 68,2383 155,2387 157,2339 157,2312 68,2298 68,2339"/>
        <Baseline points="68,2339 157,2339"/>
        <TextEquiv>
          <Unicode></Unicode>
        </TextEquiv>
      </TextLine>
      <TextLine id="eSc_line_9e4e46b0" custom="structure {type:default;}">
        <Coords points="538,2378 538,2399 2039,2395 2039,2378 2039,2353 538,2353 538,2378"/>
        <Baseline points="538,2378 2039,2378"/>
        <TextEquiv>
          <Unicode></Unicode>
        </TextEquiv>
      </TextLine>
      <TextLine id="eSc_line_664c3403" custom="structure {type:default;}">
        <Coords points="538,2423 538,2438 2007,2435 2008,2419 2005,2397 1737,2387 1735,2387 1663,2395 1619,2387 1617,2387 1543,2395 1487,2387 1485,2387 1484,2387 1482,2387 1468,2395 1036,2389 1034,2389 950,2397 860,2389 858,2389 774,2397 695,2389 694,2389 624,2397 603,2389 601,2389 600,2389 536,2399 538,2423"/>
        <Baseline points="538,2423 2008,2419"/>
        <TextEquiv>
          <Unicode></Unicode>
        </TextEquiv>
      </TextLine>
      <TextLine id="eSc_line_a3a800dc" custom="structure {type:default;}">
        <Coords points="540,2464 540,2488 1301,2489 1302,2489 1319,2488 1405,2481 1489,2488 1506,2489 1507,2489 1509,2489 1513,2488 1537,2479 2005,2488 2008,2459 2003,2436 538,2440 540,2464"/>
        <Baseline points="540,2464 2008,2459"/>
        <TextEquiv>
          <Unicode></Unicode>
        </TextEquiv>
      </TextLine>
      <TextLine id="eSc_line_65c2cb1b" custom="structure {type:default;}">
        <Coords points="536,2506 536,2525 2002,2527 2005,2501 2000,2476 535,2477 536,2506"/>
        <Baseline points="536,2506 2005,2501"/>
        <TextEquiv>
          <Unicode></Unicode>
        </TextEquiv>
      </TextLine>
      <TextLine id="eSc_line_b380f2a6" custom="structure {type:default;}">
        <Coords points="497,2547 497,2566 742,2566 757,2568 842,2578 844,2580 947,2580 947,2578 948,2578 950,2578 967,2568 969,2566 974,2568 1007,2578 1008,2578 1010,2578 1101,2568 1104,2568 1128,2578 1130,2578 1131,2580 1239,2580 1239,2578 1241,2578 1242,2578 1258,2568 1265,2565 1273,2568 1301,2578 1302,2578 1304,2580 1345,2580 1345,2578 1347,2578 1366,2568 1372,2565 1383,2568 1412,2578 1413,2578 1415,2580 1480,2580 1480,2578 1482,2578 1514,2568 1533,2563 1564,2568 1608,2577 1610,2577 1690,2568 1747,2563 1762,2568 1783,2577 1784,2577 1786,2577 1826,2568 1855,2563 1868,2568 1885,2577 1887,2577 1889,2577 2007,2568 2008,2542 2003,2518 495,2520 497,2547"/>
        <Baseline points="497,2547 2008,2542"/>
        <TextEquiv>
          <Unicode></Unicode>
        </TextEquiv>
      </TextLine>
      <TextLine id="eSc_line_f155be3a" custom="structure {type:default;}">
        <Coords points="541,2588 541,2604 757,2604 767,2612 767,2614 769,2614 771,2614 772,2616 818,2616 818,2614 952,2612 954,2612 977,2602 1000,2612 1001,2612 1003,2614 1090,2614 1090,2612 1092,2612 1126,2600 1126,2585 1123,2565 540,2565 541,2588"/>
        <Baseline points="541,2588 1126,2585"/>
        <TextEquiv>
          <Unicode></Unicode>
        </TextEquiv>
      </TextLine>
      <TextLine id="eSc_line_e4d196e3" custom="structure {type:default;}">
        <Coords points="497,2628 495,2648 2005,2650 2008,2631 2007,2602 497,2599 497,2628"/>
        <Baseline points="497,2628 2008,2631"/>
        <TextEquiv>
          <Unicode></Unicode>
        </TextEquiv>
      </TextLine>
      <TextLine id="eSc_line_e3623496" custom="structure {type:default;}">
        <Coords points="85,2633 82,2672 145,2681 150,2636 150,2604 85,2602 85,2633"/>
        <Baseline points="85,2633 150,2636"/>
        <TextEquiv>
          <Unicode></Unicode>
        </TextEquiv>
      </TextLine>
      <TextLine id="eSc_line_c24d42ab" custom="structure {type:default;}">
        <Coords points="540,2672 540,2713 603,2706 615,2713 618,2717 620,2717 622,2717 624,2718 714,2718 714,2717 716,2717 730,2713 753,2706 887,2712 967,2715 969,2715 1007,2712 1054,2706 1142,2710 1270,2717 1272,2717 1381,2708 1443,2705 1449,2708 1458,2715 1460,2715 1461,2715 1463,2717 1612,2717 1612,2715 1614,2715 1643,2708 1655,2705 1658,2708 1668,2715 1670,2715 1672,2715 1673,2715 1757,2706 1784,2705 1822,2706 1974,2715 1976,2715 1978,2715 2007,2705 2007,2669 2003,2648 1273,2640 1272,2640 1225,2648 1222,2650 538,2650 540,2672"/>
        <Baseline points="540,2672 2007,2669"/>
        <TextEquiv>
          <Unicode></Unicode>
        </TextEquiv>
      </TextLine>
      <TextLine id="eSc_line_b2fe7747" custom="structure {type:default;}">
        <Coords points="1728,2718 1730,2749 1795,2739 1795,2713 1790,2689 1725,2689 1728,2718"/>
        <Baseline points="1728,2718 1795,2713"/>
        <TextEquiv>
          <Unicode></Unicode>
        </TextEquiv>
      </TextLine>
    </TextRegion>
    <TextRegion id="eSc_textblock_be9bd85f"  custom="structure {type:default;}">
      <Coords points="714,95 1350,102 1357,169 697,176 690,109 714,95"/>
      <TextLine id="eSc_line_20a1d5a7" custom="structure {type:default;}">
        <Coords points="1323,100 1306,100 1290,100 1213,111 1198,99 1186,99 1169,99 1138,112 1072,112 1034,99 1032,99 1015,97 1003,97 960,107 947,97 947,97 930,97 913,97 895,97 878,97 861,95 849,95 848,95 846,95 824,105 795,95 793,95 783,95 750,112 707,112 707,153 707,176 724,184 726,184 728,184 1342,181 1342,153 1342,109 1326,100 1323,100"/>
        <Baseline points="707,153 1342,153"/>
        <TextEquiv>
          <Unicode></Unicode>
        </TextEquiv>
      </TextLine>
    </TextRegion>
    <TextRegion id="eSc_textblock_7f47e3a8"  custom="structure {type:default;}">
      <Coords points="1938,109 2007,109 2034,155 2007,182 1920,182 1906,129 1938,109"/>
      <TextLine id="eSc_line_173472cc" custom="structure {type:default;}">
        <Coords points="1966,109 1952,109 1916,121 1920,155 1925,234 2014,228 2008,148 2005,116 1969,109 1966,109"/>
        <Baseline points="1920,155 2008,148"/>
        <TextEquiv>
          <Unicode></Unicode>
        </TextEquiv>
      </TextLine>
    </TextRegion>
  </Page>
</PcGts>
