<?xml version="1.0" encoding="UTF-8"  standalone="yes"?>
<PcGts xmlns="http://schema.primaresearch.org/PAGE/gts/pagecontent/2019-07-15" xmlns:xsi="http://www.w3.org/2001/XMLSchema-instance" xsi:schemaLocation="http://schema.primaresearch.org/PAGE/gts/pagecontent/2019-07-15 http://schema.primaresearch.org/PAGE/gts/pagecontent/2019-07-15/pagecontent.xsd">
  <Metadata externalRef="pdf//regestapontificu01cath.pdf">
	<Creator>escriptorium</Creator>
	<Created>2026-02-12T11:31:45.426877+00:00</Created>
        <LastChange>2026-02-13T10:53:40.956019+00:00</LastChange>
  </Metadata>
  <Page imageFilename="regestapontificu01cath.pdf_page_286.png" imageWidth="2353" imageHeight="3055">
    <TextRegion id="eSc_textblock_bebf3458"  custom="structure {type:default;}">
      <Coords points="286,122 378,128 385,195 258,208 251,156 286,122"/>
      <TextLine id="eSc_line_a6f845be" custom="structure {type:default;}">
        <Coords points="275,132 275,173 275,252 361,256 363,173 363,135 278,128 275,132"/>
        <Baseline points="275,173 363,173"/>
        <TextEquiv>
          <Unicode></Unicode>
        </TextEquiv>
      </TextLine>
    </TextRegion>
    <TextRegion id="eSc_textblock_372f1e84"  custom="structure {type:default;}">
      <Coords points="281,224 2251,237 2264,2225 2237,2686 1993,2713 760,2713 699,2693 670,2510 325,2516 264,2496 251,291 281,224"/>
      <TextLine id="eSc_line_abea98a9" custom="structure {type:default;}">
        <Coords points="690,283 690,298 752,312 753,312 755,312 787,303 806,298 830,303 860,312 862,312 864,312 921,307 921,280 918,247 835,234 833,234 831,234 801,247 706,235 704,235 702,235 701,235 689,244 690,283"/>
        <Baseline points="690,283 921,280"/>
        <TextEquiv>
          <Unicode></Unicode>
        </TextEquiv>
      </TextLine>
      <TextLine id="eSc_line_00a1cc37" custom="structure {type:default;}">
        <Coords points="707,330 707,347 2215,344 2217,327 2212,295 1779,297 1772,297 1699,283 1580,283 1578,283 1516,297 1514,298 1314,298 1312,298 1290,285 1288,285 1286,285 1152,285 1151,285 706,300 707,330"/>
        <Baseline points="707,330 2217,327"/>
        <TextEquiv>
          <Unicode></Unicode>
        </TextEquiv>
      </TextLine>
      <TextLine id="eSc_line_a9a57839" custom="structure {type:default;}">
        <Coords points="753,371 753,386 843,397 845,398 1037,398 1037,397 1038,397 1040,397 1055,388 2142,397 2144,397 2213,386 2215,371 2213,349 753,349 753,371"/>
        <Baseline points="753,371 2215,371"/>
        <TextEquiv>
          <Unicode></Unicode>
        </TextEquiv>
      </TextLine>
      <TextLine id="eSc_line_a2510b99" custom="structure {type:default;}">
        <Coords points="753,414 753,434 2213,439 2217,410 2212,381 752,383 753,414"/>
        <Baseline points="753,414 2217,410"/>
        <TextEquiv>
          <Unicode></Unicode>
        </TextEquiv>
      </TextLine>
      <TextLine id="eSc_line_5be0dac5" custom="structure {type:default;}">
        <Coords points="753,454 753,475 1069,473 1071,451 1067,426 752,424 753,454"/>
        <Baseline points="753,454 1071,451"/>
        <TextEquiv>
          <Unicode></Unicode>
        </TextEquiv>
      </TextLine>
      <TextLine id="eSc_line_e0038898" custom="structure {type:default;}">
        <Coords points="285,502 285,519 317,529 319,529 320,529 322,529 349,522 361,519 454,524 456,497 449,449 388,470 334,456 322,454 320,454 283,459 285,502"/>
        <Baseline points="285,502 456,497"/>
        <TextEquiv>
          <Unicode></Unicode>
        </TextEquiv>
      </TextLine>
      <TextLine id="eSc_line_b16f3aa5" custom="structure {type:default;}">
        <Coords points="692,500 692,521 2217,514 2218,493 2215,465 2147,456 2145,456 1918,465 1914,465 1867,454 1865,454 1864,454 1835,465 1804,456 1802,456 1801,456 1716,466 1707,466 1699,466 1572,456 1570,456 1521,466 1419,458 1417,458 1303,468 1298,468 1297,468 1263,458 1261,458 1074,458 1072,458 965,470 959,471 819,471 767,471 716,459 714,459 713,459 690,468 692,500"/>
        <Baseline points="692,500 2218,493"/>
        <TextEquiv>
          <Unicode></Unicode>
        </TextEquiv>
      </TextLine>
      <TextLine id="eSc_line_f501435e" custom="structure {type:default;}">
        <Coords points="753,539 753,563 2213,561 2215,536 2210,510 752,514 753,539"/>
        <Baseline points="753,539 2215,536"/>
        <TextEquiv>
          <Unicode></Unicode>
        </TextEquiv>
      </TextLine>
      <TextLine id="eSc_line_acb17164" custom="structure {type:default;}">
        <Coords points="752,583 752,600 2215,599 2217,578 2213,553 750,551 752,583"/>
        <Baseline points="752,583 2217,578"/>
        <TextEquiv>
          <Unicode></Unicode>
        </TextEquiv>
      </TextLine>
      <TextLine id="eSc_line_1b4346a6" custom="structure {type:default;}">
        <Coords points="752,624 752,639 2215,634 2217,619 2213,599 1259,592 1257,592 1256,592 1235,600 803,594 801,594 750,602 752,624"/>
        <Baseline points="752,624 2217,619"/>
        <TextEquiv>
          <Unicode></Unicode>
        </TextEquiv>
      </TextLine>
      <TextLine id="eSc_line_1721d993" custom="structure {type:default;}">
        <Coords points="753,667 753,685 2213,682 2215,663 2210,639 752,641 753,667"/>
        <Baseline points="753,667 2215,663"/>
        <TextEquiv>
          <Unicode></Unicode>
        </TextEquiv>
      </TextLine>
      <TextLine id="eSc_line_456b8825" custom="structure {type:default;}">
        <Coords points="753,707 753,726 2215,728 2218,704 2213,678 752,680 753,707"/>
        <Baseline points="753,707 2218,704"/>
        <TextEquiv>
          <Unicode></Unicode>
        </TextEquiv>
      </TextLine>
      <TextLine id="eSc_line_4fd2b6a9" custom="structure {type:default;}">
        <Coords points="752,753 752,773 767,784 769,784 770,784 772,785 915,785 915,784 916,784 918,784 918,782 932,772 1001,779 1003,779 1005,779 1006,779 1020,770 1195,782 1196,782 1198,782 1230,770 1246,780 1247,780 1249,780 1251,780 1324,768 1351,780 1353,780 1354,782 1454,782 1454,780 1456,780 1458,780 1480,767 1480,748 1476,726 994,719 993,719 991,719 989,719 989,721 988,721 982,728 760,721 758,721 757,721 755,721 755,723 750,726 752,753"/>
        <Baseline points="752,753 1480,748"/>
        <TextEquiv>
          <Unicode></Unicode>
        </TextEquiv>
      </TextLine>
      <TextLine id="eSc_line_47baf03e" custom="structure {type:default;}">
        <Coords points="692,826 692,846 707,855 709,855 711,855 806,843 806,823 803,790 689,767 692,826"/>
        <Baseline points="692,826 806,823"/>
        <TextEquiv>
          <Unicode></Unicode>
        </TextEquiv>
      </TextLine>
      <TextLine id="eSc_line_ebd18080" custom="structure {type:default;}">
        <Coords points="512,882 511,919 641,928 645,885 645,807 599,814 575,799 558,787 556,787 555,787 553,787 514,790 512,882"/>
        <Baseline points="512,882 645,885"/>
        <TextEquiv>
          <Unicode></Unicode>
        </TextEquiv>
      </TextLine>
      <TextLine id="eSc_line_b5aa1c15" custom="structure {type:default;}">
        <Coords points="709,884 709,904 2217,906 2218,884 2218,853 2173,843 2171,843 2132,852 2130,852 2128,852 2033,843 2032,843 1986,852 1965,855 1955,852 1933,843 1931,843 1930,843 1836,852 1782,855 1740,850 1689,845 1687,845 1622,850 1556,855 1356,848 1179,843 1178,843 1176,843 1168,848 1152,857 787,857 769,846 763,843 762,843 760,843 709,845 709,884"/>
        <Baseline points="709,884 2218,884"/>
        <TextEquiv>
          <Unicode></Unicode>
        </TextEquiv>
      </TextLine>
      <TextLine id="eSc_line_0328d71b" custom="structure {type:default;}">
        <Coords points="757,923 755,936 2215,940 2218,926 2217,897 757,897 757,923"/>
        <Baseline points="757,923 2218,926"/>
        <TextEquiv>
          <Unicode></Unicode>
        </TextEquiv>
      </TextLine>
      <TextLine id="eSc_line_7e2cff3f" custom="structure {type:default;}">
        <Coords points="758,969 758,986 821,996 823,996 825,996 857,986 862,986 1011,986 1015,986 1038,996 1040,996 1042,997 1042,996 1044,996 1067,986 1071,986 1074,986 1105,996 1106,996 1108,996 1164,986 1171,986 1174,986 1201,996 1203,996 1205,996 1207,996 1244,986 1256,984 1334,984 1342,986 1363,994 1364,994 1366,994 1424,986 1446,984 1461,986 1510,996 1512,996 1587,987 1673,996 1675,996 1677,996 1706,986 1711,986 1719,986 1765,994 1767,994 1768,994 1770,994 1780,986 1787,982 1797,986 1818,994 1819,994 1821,996 1889,996 1889,994 1891,994 1904,986 1913,982 1930,986 1959,994 1960,994 1962,994 2217,986 2218,964 2215,941 757,938 758,969"/>
        <Baseline points="758,969 2218,964"/>
        <TextEquiv>
          <Unicode></Unicode>
        </TextEquiv>
      </TextLine>
      <TextLine id="eSc_line_45eef8f2" custom="structure {type:default;}">
        <Coords points="753,1006 752,1023 1297,1033 1298,1033 1655,1025 1656,1009 1655,986 753,979 753,1006"/>
        <Baseline points="753,1006 1656,1009"/>
        <TextEquiv>
          <Unicode></Unicode>
        </TextEquiv>
      </TextLine>
      <TextLine id="eSc_line_63532449" custom="structure {type:default;}">
        <Coords points="718,1050 718,1070 2203,1072 2205,1072 2206,1072 2208,1072 2220,1064 2220,1045 2215,1021 716,1025 718,1050"/>
        <Baseline points="718,1050 2220,1045"/>
        <TextEquiv>
          <Unicode></Unicode>
        </TextEquiv>
      </TextLine>
      <TextLine id="eSc_line_54ac054e" custom="structure {type:default;}">
        <Coords points="760,1093 760,1109 855,1120 857,1120 898,1111 901,1111 904,1111 938,1120 940,1120 942,1120 1086,1113 1125,1111 1130,1113 1145,1120 1147,1120 1149,1120 1225,1113 1261,1111 1271,1115 1288,1120 1290,1120 1291,1120 1334,1115 1363,1111 2217,1120 2218,1093 2218,1070 760,1065 760,1093"/>
        <Baseline points="760,1093 2218,1093"/>
        <TextEquiv>
          <Unicode></Unicode>
        </TextEquiv>
      </TextLine>
      <TextLine id="eSc_line_4a5c4478" custom="structure {type:default;}">
        <Coords points="757,1137 757,1154 2223,1149 2223,1132 2218,1108 755,1111 757,1137"/>
        <Baseline points="757,1137 2223,1132"/>
        <TextEquiv>
          <Unicode></Unicode>
        </TextEquiv>
      </TextLine>
      <TextLine id="eSc_line_95c9e2b0" custom="structure {type:default;}">
        <Coords points="757,1179 757,1198 2220,1191 2222,1171 2217,1147 755,1152 757,1179"/>
        <Baseline points="757,1179 2222,1171"/>
        <TextEquiv>
          <Unicode></Unicode>
        </TextEquiv>
      </TextLine>
      <TextLine id="eSc_line_2e6750f9" custom="structure {type:default;}">
        <Coords points="757,1220 757,1238 1157,1247 1159,1247 1161,1247 1188,1238 1242,1247 1244,1247 1320,1237 1330,1237 1376,1237 1711,1245 1712,1245 1768,1235 1777,1235 1784,1235 1836,1244 1838,1244 2218,1233 2220,1215 2215,1194 755,1198 757,1220"/>
        <Baseline points="757,1220 2220,1215"/>
        <TextEquiv>
          <Unicode></Unicode>
        </TextEquiv>
      </TextLine>
      <TextLine id="eSc_line_5b1244a8" custom="structure {type:default;}">
        <Coords points="755,1262 755,1279 906,1279 911,1281 928,1288 930,1288 932,1288 976,1281 991,1279 1033,1281 1130,1286 1132,1286 1244,1283 1358,1278 1443,1283 1507,1286 1509,1286 1541,1283 1589,1278 1621,1283 1639,1286 1641,1286 1643,1286 1650,1283 1665,1278 1707,1283 1729,1286 1731,1286 1733,1286 1745,1284 1777,1276 1935,1276 1954,1284 1955,1284 1957,1284 1959,1286 2220,1286 2222,1257 2218,1235 753,1235 755,1262"/>
        <Baseline points="755,1262 2222,1257"/>
        <TextEquiv>
          <Unicode></Unicode>
        </TextEquiv>
      </TextLine>
      <TextLine id="eSc_line_c846f042" custom="structure {type:default;}">
        <Coords points="758,1301 758,1320 2220,1320 2222,1301 2218,1276 758,1276 758,1301"/>
        <Baseline points="758,1301 2222,1301"/>
        <TextEquiv>
          <Unicode></Unicode>
        </TextEquiv>
      </TextLine>
      <TextLine id="eSc_line_76689d54" custom="structure {type:default;}">
        <Coords points="758,1347 758,1367 2220,1362 2222,1342 2218,1320 1743,1311 1741,1311 1740,1311 1738,1311 1728,1320 1302,1313 1300,1313 1242,1322 833,1315 831,1315 757,1323 758,1347"/>
        <Baseline points="758,1347 2222,1342"/>
        <TextEquiv>
          <Unicode></Unicode>
        </TextEquiv>
      </TextLine>
      <TextLine id="eSc_line_63b898cf" custom="structure {type:default;}">
        <Coords points="758,1390 758,1408 876,1417 877,1417 1132,1408 1151,1408 1156,1408 1229,1417 1230,1417 1232,1417 1263,1408 1264,1408 1266,1408 1332,1417 1334,1417 1336,1417 1364,1408 1370,1408 1724,1415 1726,1415 1728,1415 1745,1406 1746,1406 1848,1406 1850,1406 1860,1415 1862,1415 1864,1415 1865,1417 2183,1417 2183,1415 2184,1415 2220,1405 2220,1386 2215,1361 757,1362 758,1390"/>
        <Baseline points="758,1390 2220,1386"/>
        <TextEquiv>
          <Unicode></Unicode>
        </TextEquiv>
      </TextLine>
      <TextLine id="eSc_line_3291c245" custom="structure {type:default;}">
        <Coords points="697,1459 697,1485 920,1479 920,1452 916,1417 696,1412 697,1459"/>
        <Baseline points="697,1459 920,1452"/>
        <TextEquiv>
          <Unicode></Unicode>
        </TextEquiv>
      </TextLine>
      <TextLine id="eSc_line_928b25aa" custom="structure {type:default;}">
        <Coords points="718,1508 716,1527 2220,1534 2223,1513 2222,1485 718,1473 718,1508"/>
        <Baseline points="718,1508 2223,1513"/>
        <TextEquiv>
          <Unicode></Unicode>
        </TextEquiv>
      </TextLine>
      <TextLine id="eSc_line_c1bf974d" custom="structure {type:default;}">
        <Coords points="760,1554 760,1571 2218,1576 2222,1554 2220,1527 760,1527 760,1554"/>
        <Baseline points="760,1554 2222,1554"/>
        <TextEquiv>
          <Unicode></Unicode>
        </TextEquiv>
      </TextLine>
      <TextLine id="eSc_line_1ba3afed" custom="structure {type:default;}">
        <Coords points="760,1598 760,1619 2220,1617 2222,1595 2218,1571 758,1566 760,1598"/>
        <Baseline points="760,1598 2222,1595"/>
        <TextEquiv>
          <Unicode></Unicode>
        </TextEquiv>
      </TextLine>
      <TextLine id="eSc_line_324a70bf" custom="structure {type:default;}">
        <Coords points="760,1639 760,1659 2223,1656 2225,1634 2220,1612 758,1612 760,1639"/>
        <Baseline points="760,1639 2225,1634"/>
        <TextEquiv>
          <Unicode></Unicode>
        </TextEquiv>
      </TextLine>
      <TextLine id="eSc_line_e11ca8ff" custom="structure {type:default;}">
        <Coords points="758,1683 758,1698 2220,1702 2223,1678 2218,1651 757,1654 758,1683"/>
        <Baseline points="758,1683 2223,1678"/>
        <TextEquiv>
          <Unicode></Unicode>
        </TextEquiv>
      </TextLine>
      <TextLine id="eSc_line_bda3f58d" custom="structure {type:default;}">
        <Coords points="757,1724 757,1746 872,1756 874,1756 876,1756 898,1746 906,1741 909,1746 921,1754 921,1756 923,1756 925,1756 926,1758 952,1758 952,1756 954,1756 988,1744 993,1743 998,1744 1027,1756 1028,1756 1030,1758 1096,1758 1096,1756 1098,1756 1100,1756 1120,1743 1123,1741 1132,1743 1151,1748 1152,1748 1154,1748 1156,1748 1174,1743 1186,1739 1190,1743 1200,1751 1201,1751 1203,1751 1205,1751 1207,1751 1244,1743 1249,1741 1251,1741 1274,1754 1276,1754 1278,1756 1315,1756 1315,1754 1317,1754 1319,1754 1319,1753 1332,1741 1334,1739 1402,1739 1403,1741 1419,1753 1419,1754 1420,1754 1422,1754 1424,1756 1526,1756 1526,1754 1527,1754 1529,1754 1529,1753 1546,1739 1575,1739 1577,1720 1572,1698 755,1700 757,1724"/>
        <Baseline points="757,1724 1577,1720"/>
        <TextEquiv>
          <Unicode></Unicode>
        </TextEquiv>
      </TextLine>
      <TextLine id="eSc_line_5a4c07ae" custom="structure {type:default;}">
        <Coords points="697,1793 697,1805 746,1821 748,1821 750,1821 752,1821 804,1804 804,1790 801,1754 757,1741 755,1741 753,1741 752,1741 723,1749 711,1753 696,1748 697,1793"/>
        <Baseline points="697,1793 804,1790"/>
        <TextEquiv>
          <Unicode></Unicode>
        </TextEquiv>
      </TextLine>
      <TextLine id="eSc_line_1735b99c" custom="structure {type:default;}">
        <Coords points="280,1851 280,1885 482,1885 573,1873 750,1885 752,1885 753,1885 791,1870 1235,1870 1273,1878 1274,1878 1276,1878 1466,1868 1497,1880 1499,1880 1500,1880 1602,1870 1626,1880 1628,1880 1726,1882 1728,1882 1875,1866 1986,1878 1987,1878 2037,1868 2057,1878 2059,1878 2060,1878 2128,1870 2149,1880 2150,1880 2152,1882 2223,1882 2225,1844 2222,1817 1943,1809 1942,1809 1940,1809 1928,1812 1914,1819 1777,1819 1735,1810 1706,1805 1704,1805 1684,1809 1639,1821 1539,1821 1512,1807 1470,1788 1468,1788 1466,1788 1339,1804 1251,1802 1249,1802 1247,1802 1242,1804 1200,1821 1130,1807 1128,1807 959,1821 901,1799 876,1790 874,1790 872,1790 870,1790 845,1799 794,1816 738,1812 709,1797 702,1793 692,1788 690,1788 689,1788 278,1790 280,1851"/>
        <Baseline points="280,1851 2225,1844"/>
        <TextEquiv>
          <Unicode></Unicode>
        </TextEquiv>
      </TextLine>
      <TextLine id="eSc_line_85cf538c" custom="structure {type:default;}">
        <Coords points="534,1892 534,1931 636,1934 638,1889 633,1865 533,1866 534,1892"/>
        <Baseline points="534,1892 638,1889"/>
        <TextEquiv>
          <Unicode></Unicode>
        </TextEquiv>
      </TextLine>
      <TextLine id="eSc_line_cc07729a" custom="structure {type:default;}">
        <Coords points="762,1890 762,1924 908,1924 908,1922 909,1922 911,1922 911,1921 913,1921 925,1911 971,1911 986,1919 989,1922 991,1922 993,1922 994,1922 996,1922 1006,1919 1033,1911 1069,1919 1089,1922 1091,1924 1164,1924 1164,1922 1166,1922 1178,1917 1188,1911 1263,1916 1376,1922 1378,1922 1380,1922 1415,1912 1426,1911 1434,1912 1480,1922 1482,1922 1483,1922 1505,1911 1509,1911 1599,1911 1599,1890 1599,1866 762,1866 762,1890"/>
        <Baseline points="762,1890 1599,1890"/>
        <TextEquiv>
          <Unicode></Unicode>
        </TextEquiv>
      </TextLine>
      <TextLine id="eSc_line_643ceea8" custom="structure {type:default;}">
        <Coords points="1083,2209 1083,2235 1387,2240 1388,2240 1390,2240 1409,2230 1419,2225 1427,2230 1448,2240 1449,2240 1451,2242 1524,2242 1524,2240 1526,2240 1527,2240 1527,2238 1541,2228 1544,2223 1595,2223 1602,2226 1614,2236 1616,2236 1617,2236 1663,2238 1665,2238 1667,2238 1668,2238 1668,2236 1682,2225 1685,2223 1848,2223 1850,2204 1847,2141 1774,2135 1772,2135 1770,2135 1757,2140 1735,2152 1673,2152 1628,2140 1604,2135 1602,2135 1600,2135 1599,2135 1599,2136 1595,2140 1583,2152 1439,2143 1437,2143 1395,2152 1368,2138 1363,2136 1361,2136 1359,2136 1358,2136 1351,2138 1329,2146 1259,2138 1251,2138 1249,2138 1247,2138 1246,2138 1246,2140 1230,2155 1213,2155 1198,2140 1198,2138 1196,2138 1195,2138 1193,2138 1186,2138 1108,2148 1081,2138 1083,2209"/>
        <Baseline points="1083,2209 1850,2204"/>
        <TextEquiv>
          <Unicode></Unicode>
        </TextEquiv>
      </TextLine>
      <TextLine id="eSc_line_c6b49223" custom="structure {type:default;}">
        <Coords points="702,2294 702,2316 2093,2306 2093,2287 2088,2255 1860,2255 1858,2255 1845,2245 1843,2245 1841,2245 1741,2243 1740,2243 1699,2252 1626,2245 1624,2245 1622,2245 1621,2245 1607,2255 1604,2257 1597,2255 1568,2245 1566,2245 1565,2245 1493,2255 1476,2257 1446,2255 1334,2247 1332,2247 1288,2255 1276,2259 1108,2259 1103,2255 1093,2248 1091,2248 1089,2248 1088,2248 1052,2255 1044,2257 1015,2255 947,2252 945,2252 943,2252 942,2252 937,2255 928,2262 792,2262 784,2255 774,2248 772,2248 770,2248 769,2248 701,2255 702,2294"/>
        <Baseline points="702,2294 2093,2287"/>
        <TextEquiv>
          <Unicode></Unicode>
        </TextEquiv>
      </TextLine>
      <TextLine id="eSc_line_ee6e9bd1" custom="structure {type:default;}">
        <Coords points="293,2348 293,2381 460,2362 460,2348 460,2316 293,2299 293,2348"/>
        <Baseline points="293,2348 460,2348"/>
        <TextEquiv>
          <Unicode></Unicode>
        </TextEquiv>
      </TextLine>
      <TextLine id="eSc_line_2e59fcc6" custom="structure {type:default;}">
        <Coords points="714,2342 714,2357 2225,2350 2225,2333 2222,2311 1685,2303 1684,2303 1682,2303 1662,2311 1621,2304 1619,2304 1617,2304 1594,2315 1460,2315 1330,2304 1329,2304 1327,2304 1325,2304 1314,2313 1246,2306 1244,2306 1242,2306 1208,2315 1018,2306 1016,2306 1015,2306 989,2316 741,2308 740,2308 738,2308 713,2316 714,2342"/>
        <Baseline points="714,2342 2225,2333"/>
        <TextEquiv>
          <Unicode></Unicode>
        </TextEquiv>
      </TextLine>
      <TextLine id="eSc_line_dfdc817b" custom="structure {type:default;}">
        <Coords points="760,2382 760,2403 2222,2396 2223,2376 2218,2352 758,2357 760,2382"/>
        <Baseline points="760,2382 2223,2376"/>
        <TextEquiv>
          <Unicode></Unicode>
        </TextEquiv>
      </TextLine>
      <TextLine id="eSc_line_021c2c0d" custom="structure {type:default;}">
        <Coords points="760,2427 760,2445 1152,2438 1164,2445 1166,2447 1168,2447 1169,2447 1171,2447 1173,2447 1178,2445 1201,2437 1419,2444 1422,2421 1419,2401 1361,2391 1359,2391 1273,2399 1168,2393 1166,2393 1164,2393 1162,2393 1154,2401 1128,2393 1127,2393 1125,2393 1123,2393 1106,2401 1089,2393 1088,2393 1086,2393 1084,2393 1059,2401 979,2394 977,2394 976,2394 974,2394 960,2403 843,2394 842,2394 758,2404 760,2427"/>
        <Baseline points="760,2427 1422,2421"/>
        <TextEquiv>
          <Unicode></Unicode>
        </TextEquiv>
      </TextLine>
      <TextLine id="eSc_line_91a22aaf" custom="structure {type:default;}">
        <Coords points="293,2471 293,2496 460,2496 460,2471 460,2445 293,2438 293,2471"/>
        <Baseline points="293,2471 460,2471"/>
        <TextEquiv>
          <Unicode></Unicode>
        </TextEquiv>
      </TextLine>
      <TextLine id="eSc_line_0264d5f2" custom="structure {type:default;}">
        <Coords points="719,2467 719,2488 2225,2488 2225,2462 2220,2437 718,2440 719,2467"/>
        <Baseline points="719,2467 2225,2462"/>
        <TextEquiv>
          <Unicode></Unicode>
        </TextEquiv>
      </TextLine>
      <TextLine id="eSc_line_e305b160" custom="structure {type:default;}">
        <Coords points="763,2510 763,2527 2222,2523 2223,2503 2218,2477 762,2479 763,2510"/>
        <Baseline points="763,2510 2223,2503"/>
        <TextEquiv>
          <Unicode></Unicode>
        </TextEquiv>
      </TextLine>
      <TextLine id="eSc_line_a15a8601" custom="structure {type:default;}">
        <Coords points="760,2552 760,2569 2223,2561 2225,2544 2222,2520 2049,2511 2047,2511 1933,2520 1928,2520 1909,2520 1375,2515 1373,2515 1371,2515 1346,2523 1342,2523 1314,2523 1052,2516 1050,2516 1008,2525 1003,2527 758,2527 760,2552"/>
        <Baseline points="760,2552 2225,2544"/>
        <TextEquiv>
          <Unicode></Unicode>
        </TextEquiv>
      </TextLine>
      <TextLine id="eSc_line_544681c0" custom="structure {type:default;}">
        <Coords points="762,2593 762,2610 1852,2613 1853,2613 1855,2613 1874,2605 1881,2605 2115,2612 2117,2612 2223,2601 2223,2586 2220,2564 1139,2559 1137,2559 1072,2567 791,2561 789,2561 787,2561 760,2569 762,2593"/>
        <Baseline points="762,2593 2223,2586"/>
        <TextEquiv>
          <Unicode></Unicode>
        </TextEquiv>
      </TextLine>
      <TextLine id="eSc_line_5a1c1b2f" custom="structure {type:default;}">
        <Coords points="763,2634 763,2656 2222,2649 2222,2627 2217,2603 762,2608 763,2634"/>
        <Baseline points="763,2634 2222,2627"/>
        <TextEquiv>
          <Unicode></Unicode>
        </TextEquiv>
      </TextLine>
      <TextLine id="eSc_line_ef4a59cb" custom="structure {type:default;}">
        <Coords points="763,2674 763,2708 842,2713 843,2713 845,2713 847,2713 853,2708 869,2698 891,2707 892,2707 894,2707 957,2698 988,2707 1028,2718 1030,2718 1032,2718 1033,2718 1072,2708 1118,2718 1120,2718 1264,2717 1266,2717 1268,2717 1281,2707 1310,2717 1312,2717 1314,2717 1366,2708 1448,2717 1449,2717 1451,2717 1492,2700 1499,2696 1706,2695 1718,2698 1774,2713 1775,2713 1777,2713 1779,2713 1780,2713 1804,2696 1808,2695 1841,2695 1847,2696 1898,2715 1899,2715 1901,2717 1971,2717 1971,2715 1972,2715 2015,2695 2093,2708 2094,2708 2096,2708 2154,2691 2154,2669 2150,2647 1718,2639 1716,2639 1714,2639 1687,2647 1685,2647 1660,2647 1227,2640 1225,2640 1224,2640 1207,2649 1205,2651 762,2651 763,2674"/>
        <Baseline points="763,2674 2154,2669"/>
        <TextEquiv>
          <Unicode></Unicode>
        </TextEquiv>
      </TextLine>
    </TextRegion>
    <TextRegion id="eSc_textblock_33416e9d"  custom="structure {type:default;}">
      <Coords points="702,115 1898,115 1911,181 862,201 597,195 563,174 577,122 702,115"/>
      <TextLine id="eSc_line_37069769" custom="structure {type:default;}">
        <Coords points="1687,115 1631,125 1622,127 1621,125 1607,115 1600,115 1583,115 1566,115 1549,115 1533,115 1516,115 1499,115 1485,115 1444,118 1439,115 1431,115 1414,115 1397,115 1380,115 1363,115 1346,115 1329,115 1314,115 1298,123 1286,130 1241,132 1184,132 1173,122 1164,115 1162,115 1161,115 1159,115 1123,122 1079,132 933,132 891,120 870,115 870,115 853,115 836,115 819,115 803,115 786,115 774,115 641,117 633,118 616,118 599,120 600,173 600,203 823,203 823,201 825,201 826,201 842,190 921,190 1166,201 1195,201 1196,201 1198,201 1201,201 1244,188 1283,200 1285,200 1286,201 1444,201 1444,200 1448,200 1568,186 1653,186 1670,198 1672,198 1673,198 1675,198 1780,190 1886,198 1889,166 1886,128 1689,115 1687,115"/>
        <Baseline points="600,173 1889,166"/>
        <TextEquiv>
          <Unicode></Unicode>
        </TextEquiv>
      </TextLine>
    </TextRegion>
  </Page>
</PcGts>
