<?xml version="1.0" encoding="UTF-8"  standalone="yes"?>
<PcGts xmlns="http://schema.primaresearch.org/PAGE/gts/pagecontent/2019-07-15" xmlns:xsi="http://www.w3.org/2001/XMLSchema-instance" xsi:schemaLocation="http://schema.primaresearch.org/PAGE/gts/pagecontent/2019-07-15 http://schema.primaresearch.org/PAGE/gts/pagecontent/2019-07-15/pagecontent.xsd">
  <Metadata externalRef="pdf//regestapontificu01cath.pdf">
	<Creator>escriptorium</Creator>
	<Created>2026-02-12T11:26:39.394962+00:00</Created>
        <LastChange>2026-02-13T10:27:47.379701+00:00</LastChange>
  </Metadata>
  <Page imageFilename="regestapontificu01cath.pdf_page_163.png" imageWidth="2260" imageHeight="3076">
    <TextRegion id="eSc_textblock_0fc4798b"  custom="structure {type:default;}">
      <Coords points="1097,232 2054,239 2034,2705 1817,2718 1829,2746 1774,2759 1706,2725 1507,2712 321,2712 266,2698 264,2465 244,2494 244,2705 116,2705 88,2677 82,2595 61,1973 68,505 109,246 1097,232"/>
      <TextLine id="eSc_line_40037813" custom="structure {type:default;}">
        <Coords points="499,290 499,309 1615,312 1617,285 1613,251 1514,251 1512,249 1494,237 1492,237 1490,237 1489,237 1487,237 1461,249 1459,249 1299,247 982,242 981,242 957,244 861,252 793,252 770,242 762,239 760,239 759,239 497,239 499,290"/>
        <Baseline points="499,290 1617,285"/>
        <TextEquiv>
          <Unicode></Unicode>
        </TextEquiv>
      </TextLine>
      <TextLine id="eSc_line_7ed952d9" custom="structure {type:default;}">
        <Coords points="280,334 280,355 492,355 492,334 492,293 280,281 280,334"/>
        <Baseline points="280,334 492,334"/>
        <TextEquiv>
          <Unicode></Unicode>
        </TextEquiv>
      </TextLine>
      <TextLine id="eSc_line_962c4287" custom="structure {type:default;}">
        <Coords points="516,336 516,357 2032,362 2036,333 2032,307 1957,297 1955,297 1953,297 1924,305 1627,297 1625,297 1624,297 1622,297 1610,307 1482,307 1466,297 1465,297 1463,297 1285,297 1283,297 1282,297 1256,307 1234,307 764,299 762,299 685,307 656,299 654,299 653,299 594,307 538,299 536,299 535,299 514,305 516,336"/>
        <Baseline points="516,336 2036,333"/>
        <TextEquiv>
          <Unicode></Unicode>
        </TextEquiv>
      </TextLine>
      <TextLine id="eSc_line_e2940e16" custom="structure {type:default;}">
        <Coords points="271,377 271,398 468,405 470,405 471,405 507,394 507,377 507,352 271,352 271,377"/>
        <Baseline points="271,377 507,377"/>
        <TextEquiv>
          <Unicode></Unicode>
        </TextEquiv>
      </TextLine>
      <TextLine id="eSc_line_2b03c04e" custom="structure {type:default;}">
        <Coords points="533,377 533,399 690,410 692,410 747,401 757,401 769,401 841,410 842,410 924,403 953,401 964,403 993,411 994,411 996,411 998,411 1029,403 1041,401 1179,401 1186,405 1193,410 1194,410 1196,410 1198,410 1224,405 1244,401 2032,410 2036,377 2034,353 533,353 533,377"/>
        <Baseline points="533,377 2036,377"/>
        <TextEquiv>
          <Unicode></Unicode>
        </TextEquiv>
      </TextLine>
      <TextLine id="eSc_line_a2815d2d" custom="structure {type:default;}">
        <Coords points="270,418 270,444 312,454 314,454 379,446 487,454 488,454 490,454 507,444 507,418 507,394 270,387 270,418"/>
        <Baseline points="270,418 507,418"/>
        <TextEquiv>
          <Unicode></Unicode>
        </TextEquiv>
      </TextLine>
      <TextLine id="eSc_line_0a899f05" custom="structure {type:default;}">
        <Coords points="528,420 528,437 1511,437 1511,420 1511,394 528,394 528,420"/>
        <Baseline points="528,420 1511,420"/>
        <TextEquiv>
          <Unicode></Unicode>
        </TextEquiv>
      </TextLine>
      <TextLine id="eSc_line_e48eb27c" custom="structure {type:default;}">
        <Coords points="517,464 517,481 526,490 528,490 529,490 531,490 632,480 818,490 820,490 883,478 911,488 912,488 914,488 964,478 1121,488 1123,488 1182,476 1212,487 1213,487 1215,488 1312,488 1312,487 1314,487 1341,476 1410,485 1412,485 1413,485 1415,485 1427,475 1427,459 1422,437 516,440 517,464"/>
        <Baseline points="517,464 1427,459"/>
        <TextEquiv>
          <Unicode></Unicode>
        </TextEquiv>
      </TextLine>
      <TextLine id="eSc_line_107e7bf9" custom="structure {type:default;}">
        <Coords points="379,468 381,495 408,485 408,468 408,446 379,446 379,468"/>
        <Baseline points="379,468 408,468"/>
        <TextEquiv>
          <Unicode></Unicode>
        </TextEquiv>
      </TextLine>
      <TextLine id="eSc_line_f0ec9e8a" custom="structure {type:default;}">
        <Coords points="104,504 104,543 259,529 259,504 259,454 213,440 211,440 210,440 208,440 184,452 181,454 177,452 162,440 160,440 158,440 157,440 155,440 153,440 153,442 147,449 131,440 129,440 128,440 126,440 104,447 104,504"/>
        <Baseline points="104,504 259,504"/>
        <TextEquiv>
          <Unicode></Unicode>
        </TextEquiv>
      </TextLine>
      <TextLine id="eSc_line_d11d8ebb" custom="structure {type:default;}">
        <Coords points="521,505 521,529 2034,529 2036,502 2032,476 1579,464 1577,464 1530,475 1463,468 1461,468 1077,476 1024,466 1022,466 1020,466 1018,466 1001,478 765,478 634,466 632,466 519,478 521,505"/>
        <Baseline points="521,505 2036,502"/>
        <TextEquiv>
          <Unicode></Unicode>
        </TextEquiv>
      </TextLine>
      <TextLine id="eSc_line_3a4cda43" custom="structure {type:default;}">
        <Coords points="352,507 347,545 384,563 386,563 388,563 389,563 420,551 425,514 423,492 352,487 352,507"/>
        <Baseline points="352,507 425,514"/>
        <TextEquiv>
          <Unicode></Unicode>
        </TextEquiv>
      </TextLine>
      <TextLine id="eSc_line_bbfb8a12" custom="structure {type:default;}">
        <Coords points="559,546 559,565 2034,560 2036,541 2030,517 557,521 559,546"/>
        <Baseline points="559,546 2036,541"/>
        <TextEquiv>
          <Unicode></Unicode>
        </TextEquiv>
      </TextLine>
      <TextLine id="eSc_line_bf148cdc" custom="structure {type:default;}">
        <Coords points="562,591 562,615 1030,610 1046,616 1051,620 1053,620 1182,623 1184,623 1213,618 1256,610 1277,618 1282,620 1283,620 1425,622 1427,622 1429,622 1439,618 1471,608 1504,618 1512,622 1514,622 1516,622 1518,622 1524,618 1550,608 1591,616 1593,616 1594,616 1618,608 1637,620 1639,620 1641,620 1642,620 1644,620 1647,620 1683,610 1704,620 1706,620 1707,620 1709,622 2032,622 2034,584 2030,562 1668,555 1666,555 1543,563 1528,563 1523,563 1480,555 1478,555 1403,563 1401,563 1400,563 1365,555 1364,555 1362,555 1360,555 1338,563 1336,563 1206,557 1205,557 1203,557 1201,557 1191,565 1189,567 1123,567 1121,565 1104,557 1102,557 929,557 928,557 851,567 841,567 825,567 709,558 707,558 560,567 562,591"/>
        <Baseline points="562,591 2034,584"/>
        <TextEquiv>
          <Unicode></Unicode>
        </TextEquiv>
      </TextLine>
      <TextLine id="eSc_line_5e649aba" custom="structure {type:default;}">
        <Coords points="560,628 560,652 1020,642 1022,623 1017,598 559,606 560,628"/>
        <Baseline points="560,628 1022,623"/>
        <TextEquiv>
          <Unicode></Unicode>
        </TextEquiv>
      </TextLine>
      <TextLine id="eSc_line_d96739ed" custom="structure {type:default;}">
        <Coords points="97,666 95,704 254,702 258,673 258,635 229,623 227,623 225,623 179,628 152,632 97,622 97,666"/>
        <Baseline points="97,666 258,673"/>
        <TextEquiv>
          <Unicode></Unicode>
        </TextEquiv>
      </TextLine>
      <TextLine id="eSc_line_18433e77" custom="structure {type:default;}">
        <Coords points="516,676 516,692 2034,685 2036,669 2032,640 514,639 516,676"/>
        <Baseline points="516,676 2036,669"/>
        <TextEquiv>
          <Unicode></Unicode>
        </TextEquiv>
      </TextLine>
      <TextLine id="eSc_line_e9f08839" custom="structure {type:default;}">
        <Coords points="362,680 364,722 429,693 429,678 425,647 360,640 362,680"/>
        <Baseline points="362,680 429,678"/>
        <TextEquiv>
          <Unicode></Unicode>
        </TextEquiv>
      </TextLine>
      <TextLine id="eSc_line_40a48a33" custom="structure {type:default;}">
        <Coords points="559,716 559,733 745,738 747,738 748,738 750,738 759,731 764,729 779,731 813,738 815,738 817,738 818,738 818,736 825,731 827,729 906,729 916,731 955,738 957,738 1114,729 1145,727 1169,727 1300,736 1302,736 1360,726 1362,712 1359,690 959,681 957,681 955,681 919,690 577,683 576,683 574,683 557,690 559,716"/>
        <Baseline points="559,716 1362,712"/>
        <TextEquiv>
          <Unicode></Unicode>
        </TextEquiv>
      </TextLine>
      <TextLine id="eSc_line_a0319c67" custom="structure {type:default;}">
        <Coords points="516,755 516,775 2034,777 2036,755 2036,731 516,731 516,755"/>
        <Baseline points="516,755 2036,755"/>
        <TextEquiv>
          <Unicode></Unicode>
        </TextEquiv>
      </TextLine>
      <TextLine id="eSc_line_bd950762" custom="structure {type:default;}">
        <Coords points="362,762 360,787 406,789 410,763 408,741 362,739 362,762"/>
        <Baseline points="362,762 410,763"/>
        <TextEquiv>
          <Unicode></Unicode>
        </TextEquiv>
      </TextLine>
      <TextLine id="eSc_line_2bf3cf9a" custom="structure {type:default;}">
        <Coords points="128,763 129,796 254,780 254,757 251,719 218,707 217,707 215,707 124,727 128,763"/>
        <Baseline points="128,763 254,757"/>
        <TextEquiv>
          <Unicode></Unicode>
        </TextEquiv>
      </TextLine>
      <TextLine id="eSc_line_fd7d67ee" custom="structure {type:default;}">
        <Coords points="559,796 557,811 2029,818 2032,799 2029,765 559,767 559,796"/>
        <Baseline points="559,796 2032,799"/>
        <TextEquiv>
          <Unicode></Unicode>
        </TextEquiv>
      </TextLine>
      <TextLine id="eSc_line_8c5006b2" custom="structure {type:default;}">
        <Coords points="553,840 553,856 644,866 646,866 707,856 712,856 716,856 747,866 748,866 750,868 796,868 796,866 798,866 800,866 812,856 813,856 820,856 940,866 941,866 943,866 945,866 957,857 1035,866 1037,866 1039,866 1068,856 1152,856 1201,866 1203,866 1321,864 1323,864 1324,864 1340,854 1341,854 1360,864 1362,864 1364,864 1507,854 1519,854 1574,854 1576,854 1589,864 1591,864 1593,864 1594,864 1699,854 1700,854 1718,862 1719,862 1721,862 1723,862 1755,854 1765,862 1767,862 1769,862 1861,864 1863,864 1916,852 1918,837 1914,816 1235,808 1234,808 1232,808 1215,816 567,810 565,810 564,810 562,810 552,815 553,840"/>
        <Baseline points="553,840 1918,837"/>
        <TextEquiv>
          <Unicode></Unicode>
        </TextEquiv>
      </TextLine>
      <TextLine id="eSc_line_f1c9c17f" custom="structure {type:default;}">
        <Coords points="516,886 516,909 2032,905 2034,880 2029,854 514,856 516,886"/>
        <Baseline points="516,886 2034,880"/>
        <TextEquiv>
          <Unicode></Unicode>
        </TextEquiv>
      </TextLine>
      <TextLine id="eSc_line_9da12dbd" custom="structure {type:default;}">
        <Coords points="555,926 555,945 2030,943 2032,922 2029,898 553,897 555,926"/>
        <Baseline points="555,926 2032,922"/>
        <TextEquiv>
          <Unicode></Unicode>
        </TextEquiv>
      </TextLine>
      <TextLine id="eSc_line_d610472b" custom="structure {type:default;}">
        <Coords points="559,970 559,989 606,989 620,999 622,999 623,999 625,999 796,997 798,997 827,989 834,987 921,987 926,989 952,999 953,999 955,999 1022,989 1025,989 1035,989 1201,997 1203,997 1205,997 1206,997 1206,996 1215,989 1220,986 1239,989 1287,997 1288,999 1381,999 1381,997 1383,997 1384,997 1396,989 1405,984 1432,989 1466,996 1468,997 1536,997 1536,996 1538,996 1540,996 1548,989 1555,984 1569,989 1584,996 1586,996 1588,997 1651,997 1651,996 1653,996 1665,989 1675,984 1820,989 1824,965 1820,941 557,939 559,970"/>
        <Baseline points="559,970 1824,965"/>
        <TextEquiv>
          <Unicode></Unicode>
        </TextEquiv>
      </TextLine>
      <TextLine id="eSc_line_b6cfe34b" custom="structure {type:default;}">
        <Coords points="488,1039 488,1068 570,1068 572,1068 574,1068 574,1066 588,1054 617,1054 632,1066 632,1068 634,1068 635,1068 637,1069 697,1069 697,1068 699,1068 700,1068 718,1052 892,1052 1000,1061 1001,1061 1003,1061 1029,1054 1056,1064 1058,1064 1059,1064 1427,1052 1459,1062 1461,1062 1463,1062 1610,1061 1612,1032 1608,1001 1415,1001 1401,989 1401,987 1400,987 1398,987 1365,987 1364,987 1362,987 1307,1003 1302,1003 1295,1003 1220,989 1218,989 1217,989 1174,1003 1157,989 1155,989 1153,989 1152,989 1150,989 1106,1003 1051,989 1049,989 1047,989 1046,989 1044,989 1029,999 967,991 965,991 964,991 962,991 962,992 948,1004 947,1004 941,1004 813,991 812,991 810,991 808,991 791,1004 791,1006 760,1008 676,1008 675,1006 661,994 661,992 659,992 658,992 622,992 620,992 618,992 617,992 601,1004 547,992 545,992 487,1006 488,1039"/>
        <Baseline points="488,1039 1612,1032"/>
        <TextEquiv>
          <Unicode></Unicode>
        </TextEquiv>
      </TextLine>
      <TextLine id="eSc_line_125ac652" custom="structure {type:default;}">
        <Coords points="102,1093 102,1129 179,1117 251,1129 253,1090 249,1037 100,1035 102,1093"/>
        <Baseline points="102,1093 253,1090"/>
        <TextEquiv>
          <Unicode></Unicode>
        </TextEquiv>
      </TextLine>
      <TextLine id="eSc_line_87ee572f" custom="structure {type:default;}">
        <Coords points="514,1093 514,1115 2034,1115 2034,1093 2034,1068 1842,1057 1841,1057 1839,1057 1815,1066 1812,1066 1784,1066 1600,1057 1598,1057 1596,1057 1594,1057 1584,1064 1581,1066 1536,1064 1412,1057 1304,1057 1302,1057 1300,1057 1288,1062 1282,1066 514,1059 514,1093"/>
        <Baseline points="514,1093 2034,1093"/>
        <TextEquiv>
          <Unicode></Unicode>
        </TextEquiv>
      </TextLine>
      <TextLine id="eSc_line_d89f8fef" custom="structure {type:default;}">
        <Coords points="553,1136 553,1158 1266,1162 1268,1162 1321,1155 1336,1153 1374,1155 1538,1162 1540,1162 1677,1153 1699,1151 1702,1151 1712,1160 1714,1160 1716,1160 1718,1162 2001,1162 2001,1160 2003,1160 2034,1150 2034,1131 2029,1107 552,1110 553,1136"/>
        <Baseline points="553,1136 2034,1131"/>
        <TextEquiv>
          <Unicode></Unicode>
        </TextEquiv>
      </TextLine>
      <TextLine id="eSc_line_3bac9c04" custom="structure {type:default;}">
        <Coords points="552,1175 550,1192 559,1199 560,1199 562,1199 564,1199 805,1192 837,1201 839,1201 841,1201 1124,1192 1126,1179 1124,1153 552,1146 552,1175"/>
        <Baseline points="552,1175 1126,1179"/>
        <TextEquiv>
          <Unicode></Unicode>
        </TextEquiv>
      </TextLine>
      <TextLine id="eSc_line_373ec9cc" custom="structure {type:default;}">
        <Coords points="509,1221 509,1240 2030,1244 2034,1218 2029,1194 507,1196 509,1221"/>
        <Baseline points="509,1221 2034,1218"/>
        <TextEquiv>
          <Unicode></Unicode>
        </TextEquiv>
      </TextLine>
      <TextLine id="eSc_line_d4986a89" custom="structure {type:default;}">
        <Coords points="119,1225 119,1261 220,1266 222,1266 223,1266 251,1254 251,1221 247,1180 200,1170 198,1170 196,1170 194,1170 194,1172 184,1180 184,1182 117,1182 119,1225"/>
        <Baseline points="119,1225 251,1221"/>
        <TextEquiv>
          <Unicode></Unicode>
        </TextEquiv>
      </TextLine>
      <TextLine id="eSc_line_c83efa7b" custom="structure {type:default;}">
        <Coords points="552,1264 552,1285 2030,1276 2032,1259 2027,1237 550,1238 552,1264"/>
        <Baseline points="552,1264 2032,1259"/>
        <TextEquiv>
          <Unicode></Unicode>
        </TextEquiv>
      </TextLine>
      <TextLine id="eSc_line_b2702161" custom="structure {type:default;}">
        <Coords points="552,1305 552,1319 2012,1326 2013,1326 2015,1326 2034,1315 2034,1302 2030,1279 550,1274 552,1305"/>
        <Baseline points="552,1305 2034,1302"/>
        <TextEquiv>
          <Unicode></Unicode>
        </TextEquiv>
      </TextLine>
      <TextLine id="eSc_line_b14aa4fd" custom="structure {type:default;}">
        <Coords points="553,1348 553,1372 2034,1365 2034,1348 2034,1324 553,1324 553,1348"/>
        <Baseline points="553,1348 2034,1348"/>
        <TextEquiv>
          <Unicode></Unicode>
        </TextEquiv>
      </TextLine>
      <TextLine id="eSc_line_e2d3cbc0" custom="structure {type:default;}">
        <Coords points="552,1389 552,1408 2030,1411 2032,1389 2032,1363 552,1360 552,1389"/>
        <Baseline points="552,1389 2032,1389"/>
        <TextEquiv>
          <Unicode></Unicode>
        </TextEquiv>
      </TextLine>
      <TextLine id="eSc_line_1fc3ce37" custom="structure {type:default;}">
        <Coords points="553,1432 553,1447 1547,1455 1548,1455 1550,1455 1583,1445 1583,1432 1583,1406 1559,1396 1557,1396 1555,1396 1482,1406 1478,1406 1475,1406 1379,1397 1377,1397 1333,1404 1324,1406 1314,1404 1268,1396 1266,1396 1215,1404 1196,1406 1133,1402 1037,1397 1035,1397 957,1401 851,1406 829,1399 815,1396 813,1396 812,1396 810,1396 798,1399 774,1408 615,1408 553,1397 553,1432"/>
        <Baseline points="553,1432 1583,1432"/>
        <TextEquiv>
          <Unicode></Unicode>
        </TextEquiv>
      </TextLine>
      <TextLine id="eSc_line_c9604b80" custom="structure {type:default;}">
        <Coords points="507,1474 507,1495 2029,1500 2032,1471 2029,1447 506,1447 507,1474"/>
        <Baseline points="507,1474 2032,1471"/>
        <TextEquiv>
          <Unicode></Unicode>
        </TextEquiv>
      </TextLine>
      <TextLine id="eSc_line_b118c242" custom="structure {type:default;}">
        <Coords points="550,1515 550,1534 1788,1536 1791,1512 1786,1488 548,1490 550,1515"/>
        <Baseline points="550,1515 1791,1512"/>
        <TextEquiv>
          <Unicode></Unicode>
        </TextEquiv>
      </TextLine>
      <TextLine id="eSc_line_5e4e52be" custom="structure {type:default;}">
        <Coords points="507,1553 506,1570 564,1584 565,1585 680,1585 680,1584 682,1584 683,1584 699,1573 700,1573 878,1584 880,1584 989,1577 991,1577 1015,1585 1017,1585 1018,1587 1104,1587 1104,1585 1106,1585 1123,1577 1130,1575 1295,1575 1309,1580 1324,1585 1326,1585 1328,1585 1330,1585 1331,1585 1340,1580 1350,1575 1518,1575 1531,1582 1538,1587 1540,1587 1541,1587 1543,1587 1583,1584 1637,1577 1665,1584 1678,1587 1680,1587 1682,1589 1818,1589 1818,1587 1820,1587 1825,1585 1849,1577 2027,1587 2030,1558 2029,1534 507,1524 507,1553"/>
        <Baseline points="507,1553 2030,1558"/>
        <TextEquiv>
          <Unicode></Unicode>
        </TextEquiv>
      </TextLine>
      <TextLine id="eSc_line_5c2d7a0f" custom="structure {type:default;}">
        <Coords points="552,1601 552,1620 892,1628 894,1628 895,1628 897,1628 911,1618 912,1618 916,1618 948,1626 950,1626 952,1628 1090,1628 1090,1626 1092,1626 1111,1618 1116,1618 1237,1626 1239,1626 1241,1626 1271,1616 1271,1597 1266,1573 550,1577 552,1601"/>
        <Baseline points="552,1601 1271,1597"/>
        <TextEquiv>
          <Unicode></Unicode>
        </TextEquiv>
      </TextLine>
      <TextLine id="eSc_line_3dbf433b" custom="structure {type:default;}">
        <Coords points="506,1642 506,1661 2030,1661 2030,1642 2030,1616 506,1613 506,1642"/>
        <Baseline points="506,1642 2030,1642"/>
        <TextEquiv>
          <Unicode></Unicode>
        </TextEquiv>
      </TextLine>
      <TextLine id="eSc_line_9930baea" custom="structure {type:default;}">
        <Coords points="548,1686 548,1703 557,1710 559,1710 560,1710 562,1710 683,1700 699,1700 755,1700 757,1702 765,1708 765,1710 767,1710 769,1710 770,1710 827,1702 841,1700 854,1702 894,1708 895,1708 938,1702 955,1700 964,1702 984,1710 986,1710 988,1710 989,1710 991,1710 1001,1703 1010,1698 1102,1698 1111,1703 1118,1708 1119,1708 1121,1708 1123,1708 1124,1708 1141,1703 1164,1698 1188,1703 1206,1708 1208,1708 1210,1710 1265,1710 1265,1708 1266,1708 1268,1708 1273,1705 1282,1698 1304,1705 1316,1708 1318,1708 1319,1708 1321,1708 1331,1705 1353,1698 1369,1705 1376,1708 1377,1708 1379,1708 1430,1705 1432,1683 1429,1661 1307,1650 1306,1650 1215,1659 1174,1650 1172,1650 1171,1650 1169,1650 1159,1661 1092,1661 1034,1650 1032,1650 991,1661 984,1661 957,1661 815,1652 813,1652 547,1659 548,1686"/>
        <Baseline points="548,1686 1432,1683"/>
        <TextEquiv>
          <Unicode></Unicode>
        </TextEquiv>
      </TextLine>
      <TextLine id="eSc_line_1697f4f7" custom="structure {type:default;}">
        <Coords points="100,1725 100,1755 1405,1761 1406,1761 1427,1760 1524,1751 1627,1761 1641,1761 1642,1761 1663,1761 1836,1751 1858,1761 1859,1761 1861,1763 2030,1763 2032,1725 2030,1688 1812,1688 1810,1688 1808,1688 1769,1702 1677,1688 1675,1688 1673,1688 1646,1700 1516,1702 1485,1693 1483,1693 1482,1693 1415,1702 853,1693 851,1693 849,1693 829,1703 656,1703 601,1693 600,1693 598,1693 562,1702 458,1688 229,1688 227,1688 225,1688 194,1696 100,1688 100,1725"/>
        <Baseline points="100,1725 2032,1725"/>
        <TextEquiv>
          <Unicode></Unicode>
        </TextEquiv>
      </TextLine>
      <TextLine id="eSc_line_4493c809" custom="structure {type:default;}">
        <Coords points="329,1766 328,1799 415,1801 418,1770 418,1744 329,1741 329,1766"/>
        <Baseline points="329,1766 418,1770"/>
        <TextEquiv>
          <Unicode></Unicode>
        </TextEquiv>
      </TextLine>
      <TextLine id="eSc_line_4fde4007" custom="structure {type:default;}">
        <Coords points="547,1770 547,1785 899,1782 900,1766 895,1743 545,1744 547,1770"/>
        <Baseline points="547,1770 900,1766"/>
        <TextEquiv>
          <Unicode></Unicode>
        </TextEquiv>
      </TextLine>
      <TextLine id="eSc_line_26de1db7" custom="structure {type:default;}">
        <Coords points="507,1811 507,1837 948,1842 950,1842 952,1842 969,1837 977,1833 1116,1833 1160,1835 1280,1842 1282,1842 1473,1833 1507,1833 1511,1833 1530,1842 1531,1842 1533,1843 1772,1843 1772,1842 1859,1833 1871,1842 1873,1842 1875,1842 1877,1843 1998,1843 1998,1842 2000,1842 2027,1831 2027,1811 2027,1789 507,1789 507,1811"/>
        <Baseline points="507,1811 2027,1811"/>
        <TextEquiv>
          <Unicode></Unicode>
        </TextEquiv>
      </TextLine>
      <TextLine id="eSc_line_50251ab0" custom="structure {type:default;}">
        <Coords points="119,1813 121,1837 177,1823 246,1837 247,1813 244,1772 188,1792 119,1792 119,1813"/>
        <Baseline points="119,1813 247,1813"/>
        <TextEquiv>
          <Unicode></Unicode>
        </TextEquiv>
      </TextLine>
      <TextLine id="eSc_line_16b46316" custom="structure {type:default;}">
        <Coords points="350,1818 345,1845 400,1850 405,1825 405,1797 352,1792 350,1818"/>
        <Baseline points="350,1818 405,1825"/>
        <TextEquiv>
          <Unicode></Unicode>
        </TextEquiv>
      </TextLine>
      <TextLine id="eSc_line_5239b0bc" custom="structure {type:default;}">
        <Coords points="553,1854 553,1871 1169,1876 1171,1854 1171,1830 553,1823 553,1854"/>
        <Baseline points="553,1854 1171,1854"/>
        <TextEquiv>
          <Unicode></Unicode>
        </TextEquiv>
      </TextLine>
      <TextLine id="eSc_line_3331e7af" custom="structure {type:default;}">
        <Coords points="116,1895 116,1912 246,1915 247,1895 246,1864 116,1867 116,1895"/>
        <Baseline points="116,1895 247,1895"/>
        <TextEquiv>
          <Unicode></Unicode>
        </TextEquiv>
      </TextLine>
      <TextLine id="eSc_line_8bec035d" custom="structure {type:default;}">
        <Coords points="507,1896 507,1915 2029,1912 2030,1893 2025,1864 506,1866 507,1896"/>
        <Baseline points="507,1896 2030,1893"/>
        <TextEquiv>
          <Unicode></Unicode>
        </TextEquiv>
      </TextLine>
      <TextLine id="eSc_line_d3e66af6" custom="structure {type:default;}">
        <Coords points="347,1900 345,1943 408,1925 410,1903 410,1874 347,1866 347,1900"/>
        <Baseline points="347,1900 410,1903"/>
        <TextEquiv>
          <Unicode></Unicode>
        </TextEquiv>
      </TextLine>
      <TextLine id="eSc_line_57de32d4" custom="structure {type:default;}">
        <Coords points="547,1937 547,1954 924,1963 926,1963 1114,1954 1118,1954 1121,1954 1232,1963 1234,1963 1235,1963 1268,1953 1273,1953 1447,1953 1451,1953 1466,1961 1468,1961 1470,1961 1555,1953 1562,1953 1564,1953 1593,1961 1594,1961 1596,1961 1598,1961 1630,1953 1632,1953 1832,1953 1853,1961 1854,1961 1856,1961 1921,1951 1923,1934 1918,1912 545,1913 547,1937"/>
        <Baseline points="547,1937 1923,1934"/>
        <TextEquiv>
          <Unicode></Unicode>
        </TextEquiv>
      </TextLine>
      <TextLine id="eSc_line_59e754c4" custom="structure {type:default;}">
        <Coords points="116,1980 114,1997 129,2006 131,2006 133,2006 135,2006 136,2006 138,2006 138,2004 147,1997 153,1990 179,1990 253,2007 256,1984 253,1951 116,1958 116,1980"/>
        <Baseline points="116,1980 256,1984"/>
        <TextEquiv>
          <Unicode></Unicode>
        </TextEquiv>
      </TextLine>
      <TextLine id="eSc_line_6ad78a4d" custom="structure {type:default;}">
        <Coords points="506,1982 506,2001 929,2009 931,2009 1164,2001 1208,1999 1210,2001 1225,2007 1227,2007 1229,2007 2029,1997 2029,1977 2024,1949 504,1958 506,1982"/>
        <Baseline points="506,1982 2029,1977"/>
        <TextEquiv>
          <Unicode></Unicode>
        </TextEquiv>
      </TextLine>
      <TextLine id="eSc_line_341f0f9d" custom="structure {type:default;}">
        <Coords points="329,1985 328,1990 364,2007 365,2007 367,2007 369,2007 401,1992 403,1989 403,1968 329,1965 329,1985"/>
        <Baseline points="329,1985 403,1989"/>
        <TextEquiv>
          <Unicode></Unicode>
        </TextEquiv>
      </TextLine>
      <TextLine id="eSc_line_3862e641" custom="structure {type:default;}">
        <Coords points="547,2023 547,2040 894,2042 897,2019 894,1995 545,1995 547,2023"/>
        <Baseline points="547,2023 897,2019"/>
        <TextEquiv>
          <Unicode></Unicode>
        </TextEquiv>
      </TextLine>
      <TextLine id="eSc_line_58bd5724" custom="structure {type:default;}">
        <Coords points="506,2062 506,2081 582,2081 598,2091 600,2091 601,2091 603,2091 695,2083 851,2089 853,2089 854,2089 883,2081 924,2091 926,2091 928,2091 1068,2083 1085,2091 1087,2091 1088,2091 1179,2083 1191,2091 1193,2091 1194,2091 1196,2091 1323,2083 1357,2089 1359,2089 1415,2081 1600,2081 1615,2091 1617,2091 1618,2091 1620,2091 1789,2081 1875,2091 1877,2091 1878,2091 1914,2081 2027,2081 2027,2062 2027,2040 1261,2030 1259,2030 1182,2038 1133,2030 1131,2030 1130,2030 1102,2038 996,2030 994,2030 993,2030 974,2040 579,2040 523,2030 521,2030 519,2030 517,2030 506,2036 506,2062"/>
        <Baseline points="506,2062 2027,2062"/>
        <TextEquiv>
          <Unicode></Unicode>
        </TextEquiv>
      </TextLine>
      <TextLine id="eSc_line_acbdd8e0" custom="structure {type:default;}">
        <Coords points="116,2064 116,2091 172,2098 174,2098 176,2098 177,2098 177,2096 179,2096 184,2089 188,2086 196,2089 220,2098 222,2098 223,2098 225,2098 227,2098 227,2096 235,2088 239,2083 321,2083 326,2086 341,2093 343,2093 345,2093 347,2093 376,2086 446,2095 447,2095 449,2095 473,2081 473,2060 470,2018 386,2011 384,2011 382,2011 381,2011 381,2013 372,2019 365,2026 324,2026 316,2021 306,2014 304,2014 302,2014 300,2014 254,2023 229,2026 217,2023 188,2013 186,2013 184,2013 114,2025 116,2064"/>
        <Baseline points="116,2064 473,2060"/>
        <TextEquiv>
          <Unicode></Unicode>
        </TextEquiv>
      </TextLine>
      <TextLine id="eSc_line_85ba8ad7" custom="structure {type:default;}">
        <Coords points="259,2110 259,2130 476,2130 476,2107 473,2083 374,2074 372,2074 258,2084 259,2110"/>
        <Baseline points="259,2110 476,2107"/>
        <TextEquiv>
          <Unicode></Unicode>
        </TextEquiv>
      </TextLine>
      <TextLine id="eSc_line_b1319a9b" custom="structure {type:default;}">
        <Coords points="547,2110 547,2130 2025,2130 2027,2105 2024,2081 545,2081 547,2110"/>
        <Baseline points="547,2110 2027,2105"/>
        <TextEquiv>
          <Unicode></Unicode>
        </TextEquiv>
      </TextLine>
      <TextLine id="eSc_line_5a506bb2" custom="structure {type:default;}">
        <Coords points="299,2149 299,2170 444,2173 446,2146 441,2120 297,2122 299,2149"/>
        <Baseline points="299,2149 446,2146"/>
        <TextEquiv>
          <Unicode></Unicode>
        </TextEquiv>
      </TextLine>
      <TextLine id="eSc_line_5be1cb97" custom="structure {type:default;}">
        <Coords points="548,2151 548,2166 2025,2166 2025,2148 2020,2119 547,2124 548,2151"/>
        <Baseline points="548,2151 2025,2148"/>
        <TextEquiv>
          <Unicode></Unicode>
        </TextEquiv>
      </TextLine>
      <TextLine id="eSc_line_dbaaf054" custom="structure {type:default;}">
        <Coords points="547,2190 545,2211 924,2219 926,2219 959,2214 988,2209 996,2214 1003,2219 1005,2219 1006,2219 1008,2221 1198,2221 1198,2219 1200,2219 1208,2216 1222,2209 1394,2216 1434,2218 1436,2218 1465,2218 1598,2211 1617,2218 1625,2221 1627,2221 1629,2221 1630,2221 1637,2218 1651,2211 1678,2218 1683,2219 1685,2219 1687,2219 1730,2218 1945,2211 2020,2219 2024,2194 2020,2161 547,2165 547,2190"/>
        <Baseline points="547,2190 2024,2194"/>
        <TextEquiv>
          <Unicode></Unicode>
        </TextEquiv>
      </TextLine>
      <TextLine id="eSc_line_596d91fd" custom="structure {type:default;}">
        <Coords points="547,2233 547,2257 2022,2254 2022,2233 2022,2209 547,2209 547,2233"/>
        <Baseline points="547,2233 2022,2233"/>
        <TextEquiv>
          <Unicode></Unicode>
        </TextEquiv>
      </TextLine>
      <TextLine id="eSc_line_54df2964" custom="structure {type:default;}">
        <Coords points="547,2276 547,2293 2015,2296 2018,2272 2015,2248 545,2247 547,2276"/>
        <Baseline points="547,2276 2018,2272"/>
        <TextEquiv>
          <Unicode></Unicode>
        </TextEquiv>
      </TextLine>
      <TextLine id="eSc_line_f70c7524" custom="structure {type:default;}">
        <Coords points="547,2317 547,2342 663,2337 673,2342 676,2346 678,2346 680,2346 682,2348 769,2348 769,2346 800,2342 834,2337 847,2342 859,2346 861,2346 863,2346 865,2346 876,2342 890,2337 919,2341 950,2346 952,2346 953,2346 971,2341 986,2337 991,2341 998,2346 1000,2346 1001,2346 1003,2348 1135,2348 1135,2346 1179,2341 1203,2337 1225,2341 1268,2346 1270,2346 1311,2339 1328,2337 1343,2339 1379,2346 1381,2346 1383,2346 1384,2346 1394,2339 1400,2337 1530,2337 1533,2339 1543,2346 1545,2346 1547,2346 1548,2348 1641,2348 1641,2346 1700,2337 1707,2337 1711,2337 1738,2346 1740,2346 1742,2346 1743,2346 1760,2337 1762,2337 1892,2337 1895,2337 1986,2346 1988,2346 1989,2346 2020,2336 2020,2317 2018,2296 547,2296 547,2317"/>
        <Baseline points="547,2317 2020,2317"/>
        <TextEquiv>
          <Unicode></Unicode>
        </TextEquiv>
      </TextLine>
      <TextLine id="eSc_line_9e20e422" custom="structure {type:default;}">
        <Coords points="547,2361 547,2382 2017,2377 2018,2356 2013,2330 545,2336 547,2361"/>
        <Baseline points="547,2361 2018,2356"/>
        <TextEquiv>
          <Unicode></Unicode>
        </TextEquiv>
      </TextLine>
      <TextLine id="eSc_line_236967df" custom="structure {type:default;}">
        <Coords points="547,2400 547,2418 1976,2421 1977,2400 1977,2375 547,2375 547,2400"/>
        <Baseline points="547,2400 1977,2400"/>
        <TextEquiv>
          <Unicode></Unicode>
        </TextEquiv>
      </TextLine>
      <TextLine id="eSc_line_16bc60cc" custom="structure {type:default;}">
        <Coords points="504,2440 504,2464 2017,2464 2018,2443 2017,2421 504,2414 504,2440"/>
        <Baseline points="504,2440 2018,2443"/>
        <TextEquiv>
          <Unicode></Unicode>
        </TextEquiv>
      </TextLine>
      <TextLine id="eSc_line_ea2461c0" custom="structure {type:default;}">
        <Coords points="117,2442 117,2467 164,2467 169,2471 198,2491 200,2491 201,2491 203,2491 235,2489 237,2489 239,2489 239,2488 253,2476 258,2471 263,2477 264,2477 264,2479 266,2479 268,2479 270,2481 304,2481 304,2479 306,2479 394,2467 420,2488 423,2491 425,2491 427,2491 429,2493 482,2493 482,2442 482,2411 427,2397 425,2397 423,2397 326,2406 304,2397 302,2397 300,2397 242,2411 211,2397 210,2397 208,2397 117,2411 117,2442"/>
        <Baseline points="117,2442 482,2442"/>
        <TextEquiv>
          <Unicode></Unicode>
        </TextEquiv>
      </TextLine>
      <TextLine id="eSc_line_740456c3" custom="structure {type:default;}">
        <Coords points="547,2484 547,2506 2017,2505 2018,2484 2017,2460 547,2460 547,2484"/>
        <Baseline points="547,2484 2018,2484"/>
        <TextEquiv>
          <Unicode></Unicode>
        </TextEquiv>
      </TextLine>
      <TextLine id="eSc_line_c6d79fb1" custom="structure {type:default;}">
        <Coords points="333,2486 335,2534 417,2529 417,2483 411,2459 329,2460 333,2486"/>
        <Baseline points="333,2486 417,2483"/>
        <TextEquiv>
          <Unicode></Unicode>
        </TextEquiv>
      </TextLine>
      <TextLine id="eSc_line_7931764b" custom="structure {type:default;}">
        <Coords points="547,2525 547,2542 1555,2542 1555,2525 1555,2500 547,2498 547,2525"/>
        <Baseline points="547,2525 1555,2525"/>
        <TextEquiv>
          <Unicode></Unicode>
        </TextEquiv>
      </TextLine>
      <TextLine id="eSc_line_c9cb85e9" custom="structure {type:default;}">
        <Coords points="506,2566 506,2587 743,2600 745,2600 747,2600 788,2588 789,2588 929,2588 955,2600 957,2600 959,2600 1022,2588 1025,2588 1027,2588 1054,2600 1056,2600 1058,2600 1059,2600 1061,2600 1078,2588 1080,2588 1092,2588 1275,2600 1277,2600 1341,2588 1350,2588 1357,2588 1422,2600 1424,2602 1603,2602 1603,2600 1605,2600 1606,2600 1620,2592 1788,2600 1789,2600 1834,2590 1836,2590 1859,2600 1861,2600 1863,2602 2000,2602 2000,2600 2001,2600 2020,2590 2020,2566 2020,2541 1290,2534 1288,2534 1287,2534 1278,2537 1261,2544 741,2544 673,2534 668,2534 666,2534 665,2534 637,2542 506,2534 506,2566"/>
        <Baseline points="506,2566 2020,2566"/>
        <TextEquiv>
          <Unicode></Unicode>
        </TextEquiv>
      </TextLine>
      <TextLine id="eSc_line_63e0bcd1" custom="structure {type:default;}">
        <Coords points="552,2609 552,2628 1400,2635 1401,2609 1401,2587 552,2582 552,2609"/>
        <Baseline points="552,2609 1401,2609"/>
        <TextEquiv>
          <Unicode></Unicode>
        </TextEquiv>
      </TextLine>
      <TextLine id="eSc_line_effddd83" custom="structure {type:default;}">
        <Coords points="507,2645 507,2672 2018,2670 2020,2650 2018,2624 507,2621 507,2645"/>
        <Baseline points="507,2645 2020,2650"/>
        <TextEquiv>
          <Unicode></Unicode>
        </TextEquiv>
      </TextLine>
      <TextLine id="eSc_line_3b6603e6" custom="structure {type:default;}">
        <Coords points="547,2694 547,2734 562,2744 564,2744 565,2744 567,2744 620,2734 635,2746 637,2746 639,2746 641,2746 642,2746 688,2734 731,2746 733,2746 735,2747 876,2747 876,2746 878,2746 919,2735 926,2734 935,2735 994,2746 996,2747 1299,2747 1299,2746 1300,2746 1302,2746 1312,2737 1319,2734 1396,2734 1406,2739 1420,2746 1422,2746 1424,2746 1514,2739 1593,2734 1629,2741 1659,2746 1661,2747 1707,2747 1707,2746 1709,2746 1711,2746 1716,2741 1728,2734 1752,2734 1760,2734 1777,2732 1795,2730 1795,2735 2015,2742 2017,2694 2017,2672 547,2670 547,2694"/>
        <Baseline points="547,2694 2017,2694"/>
        <TextEquiv>
          <Unicode></Unicode>
        </TextEquiv>
      </TextLine>
      <TextLine id="eSc_line_e0c0f022" custom="structure {type:default;}">
        <Coords points="1742,2739 1745,2773 1810,2771 1806,2732 1801,2710 1738,2715 1742,2739"/>
        <Baseline points="1742,2739 1806,2732"/>
        <TextEquiv>
          <Unicode></Unicode>
        </TextEquiv>
      </TextLine>
    </TextRegion>
    <TextRegion id="eSc_textblock_6883fd64"  custom="structure {type:default;}">
      <Coords points="945,123 1165,123 1193,182 1172,203 936,203 923,150 945,123"/>
      <TextLine id="eSc_line_97acea24" custom="structure {type:default;}">
        <Coords points="1160,123 938,128 941,177 941,199 993,208 994,208 1171,196 1171,170 1165,131 1160,123"/>
        <Baseline points="941,177 1171,170"/>
        <TextEquiv>
          <Unicode></Unicode>
        </TextEquiv>
      </TextLine>
    </TextRegion>
    <TextRegion id="eSc_textblock_1d8d98d7"  custom="structure {type:default;}">
      <Coords points="1984,129 2054,143 2054,182 1947,196 1940,143 1984,129"/>
      <TextLine id="eSc_line_c8db8ab1" custom="structure {type:default;}">
        <Coords points="2017,136 2000,133 1962,135 1948,140 1952,177 1957,268 2042,259 2037,172 2032,136 2017,136"/>
        <Baseline points="1952,177 2037,172"/>
        <TextEquiv>
          <Unicode></Unicode>
        </TextEquiv>
      </TextLine>
    </TextRegion>
  </Page>
</PcGts>
