<?xml version="1.0" encoding="UTF-8"  standalone="yes"?>
<PcGts xmlns="http://schema.primaresearch.org/PAGE/gts/pagecontent/2019-07-15" xmlns:xsi="http://www.w3.org/2001/XMLSchema-instance" xsi:schemaLocation="http://schema.primaresearch.org/PAGE/gts/pagecontent/2019-07-15 http://schema.primaresearch.org/PAGE/gts/pagecontent/2019-07-15/pagecontent.xsd">
  <Metadata externalRef="pdf//regestapontificu01cath.pdf">
	<Creator>escriptorium</Creator>
	<Created>2026-02-12T11:25:08.801839+00:00</Created>
        <LastChange>2026-02-13T10:19:41.707120+00:00</LastChange>
  </Metadata>
  <Page imageFilename="regestapontificu01cath.pdf_page_125.png" imageWidth="2260" imageHeight="3076">
    <TextRegion id="eSc_textblock_a5003fba"  custom="structure {type:default;}">
      <Coords points="1938,232 2061,239 2082,266 2082,333 2054,334 2082,579 2063,565 2048,587 2048,777 2061,1297 2089,1358 2054,1449 2068,1686 2048,1708 2034,2725 547,2732 456,2684 287,2684 285,2650 225,2664 237,2684 102,2684 54,2527 47,1693 54,437 102,252 1938,232"/>
      <TextLine id="eSc_line_b48b1341" custom="structure {type:default;}">
        <Coords points="482,292 482,309 1073,311 1075,288 1070,247 480,252 482,292"/>
        <Baseline points="482,292 1075,288"/>
        <TextEquiv>
          <Unicode></Unicode>
        </TextEquiv>
      </TextLine>
      <TextLine id="eSc_line_d8354611" custom="structure {type:default;}">
        <Coords points="545,340 545,363 2020,358 2022,334 2018,304 1731,290 1730,290 1663,302 1571,290 1569,290 1444,304 1442,304 1441,304 1237,292 1235,292 1174,305 1107,305 1090,293 1088,293 1087,293 1085,293 1035,305 1032,307 812,307 810,305 789,295 788,295 786,295 738,305 569,297 567,297 565,297 543,305 545,340"/>
        <Baseline points="545,340 2022,334"/>
        <TextEquiv>
          <Unicode></Unicode>
        </TextEquiv>
      </TextLine>
      <TextLine id="eSc_line_ced3497f" custom="structure {type:default;}">
        <Coords points="545,381 545,405 2018,405 2020,377 2015,353 543,355 545,381"/>
        <Baseline points="545,381 2020,377"/>
        <TextEquiv>
          <Unicode></Unicode>
        </TextEquiv>
      </TextLine>
      <TextLine id="eSc_line_63eaa6dd" custom="structure {type:default;}">
        <Coords points="547,425 547,442 2017,446 2020,420 2017,399 581,394 579,394 577,394 545,403 547,425"/>
        <Baseline points="547,425 2020,420"/>
        <TextEquiv>
          <Unicode></Unicode>
        </TextEquiv>
      </TextLine>
      <TextLine id="eSc_line_dff35528" custom="structure {type:default;}">
        <Coords points="545,466 545,500 2018,493 2020,459 2015,434 543,442 545,466"/>
        <Baseline points="545,466 2020,459"/>
        <TextEquiv>
          <Unicode></Unicode>
        </TextEquiv>
      </TextLine>
      <TextLine id="eSc_line_a5343d7f" custom="structure {type:default;}">
        <Coords points="482,534 482,565 1102,565 1104,529 1099,504 998,504 994,502 984,492 984,490 982,490 981,490 918,490 916,490 914,490 912,490 912,492 904,498 851,492 849,492 847,492 846,492 835,498 827,505 803,498 789,495 788,495 786,495 784,495 777,498 762,505 712,498 711,498 584,507 564,495 562,493 560,493 559,493 557,493 480,493 482,534"/>
        <Baseline points="482,534 1104,529"/>
        <TextEquiv>
          <Unicode></Unicode>
        </TextEquiv>
      </TextLine>
      <TextLine id="eSc_line_d4b1572d" custom="structure {type:default;}">
        <Coords points="502,592 502,615 2020,610 2020,586 2017,557 1916,546 1914,546 1912,546 1892,557 1803,557 1593,557 1589,557 1540,548 1538,548 1470,557 1468,557 1466,557 1418,548 1417,548 1247,558 1218,558 1184,558 988,550 986,550 892,558 865,562 729,562 726,558 709,551 707,551 706,551 500,558 502,592"/>
        <Baseline points="502,592 2020,586"/>
        <TextEquiv>
          <Unicode></Unicode>
        </TextEquiv>
      </TextLine>
      <TextLine id="eSc_line_30c221ec" custom="structure {type:default;}">
        <Coords points="545,635 545,651 2022,654 2024,630 2018,606 543,608 545,635"/>
        <Baseline points="545,635 2024,630"/>
        <TextEquiv>
          <Unicode></Unicode>
        </TextEquiv>
      </TextLine>
      <TextLine id="eSc_line_74c9ca2a" custom="structure {type:default;}">
        <Coords points="547,676 547,693 2018,690 2020,673 2017,651 545,649 547,676"/>
        <Baseline points="547,676 2020,673"/>
        <TextEquiv>
          <Unicode></Unicode>
        </TextEquiv>
      </TextLine>
      <TextLine id="eSc_line_588eafae" custom="structure {type:default;}">
        <Coords points="547,721 547,741 2018,738 2020,717 2015,693 545,695 547,721"/>
        <Baseline points="547,721 2020,717"/>
        <TextEquiv>
          <Unicode></Unicode>
        </TextEquiv>
      </TextLine>
      <TextLine id="eSc_line_7b093142" custom="structure {type:default;}">
        <Coords points="545,765 545,780 2020,774 2022,757 2017,731 543,738 545,765"/>
        <Baseline points="545,765 2022,757"/>
        <TextEquiv>
          <Unicode></Unicode>
        </TextEquiv>
      </TextLine>
      <TextLine id="eSc_line_5fe99fbb" custom="structure {type:default;}">
        <Coords points="547,806 547,825 719,832 721,832 770,825 781,823 789,823 839,832 841,832 842,832 871,823 882,821 906,823 977,830 979,830 1112,821 1150,820 1153,821 1162,828 1164,828 1165,828 1167,830 1251,830 1251,828 1253,828 1254,828 1265,820 1268,818 1555,818 1557,818 1569,827 1571,827 1572,827 1574,828 1671,828 1671,827 1742,818 1753,816 1784,816 1983,825 1984,825 1986,825 2022,815 2022,798 2017,777 545,784 547,806"/>
        <Baseline points="547,806 2022,798"/>
        <TextEquiv>
          <Unicode></Unicode>
        </TextEquiv>
      </TextLine>
      <TextLine id="eSc_line_891ff169" custom="structure {type:default;}">
        <Coords points="547,844 547,864 2020,869 2022,844 2022,821 547,818 547,844"/>
        <Baseline points="547,844 2022,844"/>
        <TextEquiv>
          <Unicode></Unicode>
        </TextEquiv>
      </TextLine>
      <TextLine id="eSc_line_db0a21d4" custom="structure {type:default;}">
        <Coords points="547,888 547,904 2020,902 2022,883 2017,857 545,862 547,888"/>
        <Baseline points="547,888 2022,883"/>
        <TextEquiv>
          <Unicode></Unicode>
        </TextEquiv>
      </TextLine>
      <TextLine id="eSc_line_d6911585" custom="structure {type:default;}">
        <Coords points="547,931 547,953 1261,946 1275,948 1309,955 1311,955 1347,948 1357,946 1388,948 1528,955 1530,955 1571,946 1579,945 1586,946 1615,953 1617,953 1618,953 1923,945 2005,953 2006,953 2008,953 2010,953 2022,943 2022,926 2018,905 1608,897 1606,897 1528,905 1523,905 1495,905 1039,898 1037,898 994,907 989,909 545,909 547,931"/>
        <Baseline points="547,931 2022,926"/>
        <TextEquiv>
          <Unicode></Unicode>
        </TextEquiv>
      </TextLine>
      <TextLine id="eSc_line_d095a3db" custom="structure {type:default;}">
        <Coords points="547,974 547,991 800,999 801,999 1131,989 1164,989 1182,989 1362,997 1364,997 1446,989 1528,997 1530,997 1531,997 1533,997 1543,987 1545,987 1567,987 1779,996 1781,996 1933,987 1998,996 2000,996 2001,996 2022,986 2022,968 2017,946 545,950 547,974"/>
        <Baseline points="547,974 2022,968"/>
        <TextEquiv>
          <Unicode></Unicode>
        </TextEquiv>
      </TextLine>
      <TextLine id="eSc_line_4f8886db" custom="structure {type:default;}">
        <Coords points="547,1016 547,1032 2022,1030 2024,1011 2018,987 545,991 547,1016"/>
        <Baseline points="547,1016 2024,1011"/>
        <TextEquiv>
          <Unicode></Unicode>
        </TextEquiv>
      </TextLine>
      <TextLine id="eSc_line_e3dab639" custom="structure {type:default;}">
        <Coords points="545,1056 545,1078 2020,1069 2022,1050 2017,1028 543,1032 545,1056"/>
        <Baseline points="545,1056 2022,1050"/>
        <TextEquiv>
          <Unicode></Unicode>
        </TextEquiv>
      </TextLine>
      <TextLine id="eSc_line_6827f4bf" custom="structure {type:default;}">
        <Coords points="545,1100 545,1117 1936,1112 1938,1095 1933,1071 543,1074 545,1100"/>
        <Baseline points="545,1100 1938,1095"/>
        <TextEquiv>
          <Unicode></Unicode>
        </TextEquiv>
      </TextLine>
      <TextLine id="eSc_line_348cbf13" custom="structure {type:default;}">
        <Coords points="504,1139 504,1158 2024,1155 2025,1136 2020,1112 502,1114 504,1139"/>
        <Baseline points="504,1139 2025,1136"/>
        <TextEquiv>
          <Unicode></Unicode>
        </TextEquiv>
      </TextLine>
      <TextLine id="eSc_line_354a2d16" custom="structure {type:default;}">
        <Coords points="85,1141 85,1170 242,1162 242,1141 242,1100 155,1090 153,1090 114,1098 97,1090 95,1090 94,1090 92,1090 90,1090 90,1091 85,1097 85,1141"/>
        <Baseline points="85,1141 242,1141"/>
        <TextEquiv>
          <Unicode></Unicode>
        </TextEquiv>
      </TextLine>
      <TextLine id="eSc_line_073a7102" custom="structure {type:default;}">
        <Coords points="547,1185 547,1204 2022,1196 2024,1179 2018,1156 545,1162 547,1185"/>
        <Baseline points="547,1185 2024,1179"/>
        <TextEquiv>
          <Unicode></Unicode>
        </TextEquiv>
      </TextLine>
      <TextLine id="eSc_line_831ff81d" custom="structure {type:default;}">
        <Coords points="547,1226 547,1245 2022,1240 2024,1221 2018,1199 545,1203 547,1226"/>
        <Baseline points="547,1226 2024,1221"/>
        <TextEquiv>
          <Unicode></Unicode>
        </TextEquiv>
      </TextLine>
      <TextLine id="eSc_line_96d20bb7" custom="structure {type:default;}">
        <Coords points="545,1269 545,1285 1230,1293 1232,1293 1393,1285 1436,1291 1437,1291 1439,1291 1456,1283 1477,1283 1747,1291 1748,1291 1750,1291 1781,1283 1795,1291 1796,1291 1798,1291 1800,1293 2005,1293 2005,1291 2006,1291 2025,1281 2025,1266 2022,1242 562,1235 560,1235 559,1235 543,1242 545,1269"/>
        <Baseline points="545,1269 2025,1266"/>
        <TextEquiv>
          <Unicode></Unicode>
        </TextEquiv>
      </TextLine>
      <TextLine id="eSc_line_32bdb8a1" custom="structure {type:default;}">
        <Coords points="548,1309 548,1322 683,1339 685,1339 687,1339 721,1324 740,1338 741,1338 743,1338 803,1339 805,1339 907,1322 907,1309 907,1286 548,1286 548,1309"/>
        <Baseline points="548,1309 907,1309"/>
        <TextEquiv>
          <Unicode></Unicode>
        </TextEquiv>
      </TextLine>
      <TextLine id="eSc_line_526a0308" custom="structure {type:default;}">
        <Coords points="504,1351 504,1370 883,1379 885,1379 994,1370 1589,1375 1591,1375 1687,1367 1998,1373 2000,1373 2001,1373 2036,1363 2036,1344 2032,1322 521,1319 519,1319 517,1319 502,1326 504,1351"/>
        <Baseline points="504,1351 2036,1344"/>
        <TextEquiv>
          <Unicode></Unicode>
        </TextEquiv>
      </TextLine>
      <TextLine id="eSc_line_61bd46ed" custom="structure {type:default;}">
        <Coords points="116,1356 116,1377 241,1380 242,1353 239,1320 189,1309 188,1309 186,1309 184,1309 184,1310 170,1324 164,1331 114,1329 116,1356"/>
        <Baseline points="116,1356 242,1353"/>
        <TextEquiv>
          <Unicode></Unicode>
        </TextEquiv>
      </TextLine>
      <TextLine id="eSc_line_32eb2840" custom="structure {type:default;}">
        <Coords points="547,1394 547,1411 2022,1408 2024,1391 2018,1368 545,1370 547,1394"/>
        <Baseline points="547,1394 2024,1391"/>
        <TextEquiv>
          <Unicode></Unicode>
        </TextEquiv>
      </TextLine>
      <TextLine id="eSc_line_50ab1720" custom="structure {type:default;}">
        <Coords points="548,1438 548,1461 2024,1452 2025,1433 2022,1411 547,1411 548,1438"/>
        <Baseline points="548,1438 2025,1433"/>
        <TextEquiv>
          <Unicode></Unicode>
        </TextEquiv>
      </TextLine>
      <TextLine id="eSc_line_a0f3604f" custom="structure {type:default;}">
        <Coords points="550,1478 550,1498 2022,1493 2024,1473 2018,1450 548,1454 550,1478"/>
        <Baseline points="550,1478 2024,1473"/>
        <TextEquiv>
          <Unicode></Unicode>
        </TextEquiv>
      </TextLine>
      <TextLine id="eSc_line_dbcc02e2" custom="structure {type:default;}">
        <Coords points="548,1522 548,1543 2024,1543 2024,1522 2024,1498 1738,1488 1736,1488 1735,1488 1733,1488 1719,1498 1572,1498 1543,1488 1541,1488 1540,1488 1364,1496 1309,1488 1307,1488 1306,1488 1273,1496 1225,1488 1224,1488 1222,1488 1198,1496 1128,1488 1126,1488 1025,1496 996,1488 994,1488 993,1488 885,1496 832,1488 830,1488 786,1496 692,1488 690,1488 688,1488 687,1488 675,1498 548,1498 548,1522"/>
        <Baseline points="548,1522 2024,1522"/>
        <TextEquiv>
          <Unicode></Unicode>
        </TextEquiv>
      </TextLine>
      <TextLine id="eSc_line_e20f57c6" custom="structure {type:default;}">
        <Coords points="548,1563 548,1587 2020,1579 2022,1560 2018,1538 547,1538 548,1563"/>
        <Baseline points="548,1563 2022,1560"/>
        <TextEquiv>
          <Unicode></Unicode>
        </TextEquiv>
      </TextLine>
      <TextLine id="eSc_line_c39beb76" custom="structure {type:default;}">
        <Coords points="506,1604 506,1625 2022,1628 2025,1601 2020,1575 504,1579 506,1604"/>
        <Baseline points="506,1604 2025,1601"/>
        <TextEquiv>
          <Unicode></Unicode>
        </TextEquiv>
      </TextLine>
      <TextLine id="eSc_line_09e034fd" custom="structure {type:default;}">
        <Coords points="545,1647 545,1664 589,1674 591,1674 750,1666 806,1674 808,1674 923,1666 957,1674 959,1674 960,1674 1114,1666 1147,1674 1148,1674 1150,1674 1895,1664 1895,1647 1895,1625 545,1625 545,1647"/>
        <Baseline points="545,1647 1895,1647"/>
        <TextEquiv>
          <Unicode></Unicode>
        </TextEquiv>
      </TextLine>
      <TextLine id="eSc_line_fb99400e" custom="structure {type:default;}">
        <Coords points="82,1691 82,1719 251,1705 251,1686 244,1638 179,1655 80,1640 82,1691"/>
        <Baseline points="82,1691 251,1686"/>
        <TextEquiv>
          <Unicode></Unicode>
        </TextEquiv>
      </TextLine>
      <TextLine id="eSc_line_2e850dd9" custom="structure {type:default;}">
        <Coords points="287,1691 287,1746 454,1765 454,1688 447,1635 423,1647 408,1640 401,1637 400,1637 398,1637 396,1637 379,1643 355,1654 341,1649 331,1645 329,1645 328,1645 326,1645 285,1655 287,1691"/>
        <Baseline points="287,1691 454,1688"/>
        <TextEquiv>
          <Unicode></Unicode>
        </TextEquiv>
      </TextLine>
      <TextLine id="eSc_line_0cbb29d1" custom="structure {type:default;}">
        <Coords points="506,1691 506,1705 629,1715 630,1715 757,1707 781,1705 784,1707 796,1717 798,1717 800,1717 801,1719 933,1719 933,1717 935,1717 936,1717 936,1715 947,1707 948,1705 957,1707 1010,1717 1012,1717 1013,1717 1034,1707 1042,1703 1051,1707 1071,1715 1073,1715 1075,1717 1167,1717 1167,1715 1169,1715 1193,1707 1206,1703 1227,1707 1253,1712 1254,1712 1282,1707 1304,1703 1309,1707 1319,1715 1321,1715 1323,1715 1324,1715 1519,1707 1521,1688 1518,1667 512,1661 511,1661 509,1661 507,1661 507,1662 506,1662 504,1662 506,1691"/>
        <Baseline points="506,1691 1521,1688"/>
        <TextEquiv>
          <Unicode></Unicode>
        </TextEquiv>
      </TextLine>
      <TextLine id="eSc_line_7ea04d31" custom="structure {type:default;}">
        <Coords points="506,1732 506,1751 2025,1748 2027,1729 2022,1703 504,1705 506,1732"/>
        <Baseline points="506,1732 2027,1729"/>
        <TextEquiv>
          <Unicode></Unicode>
        </TextEquiv>
      </TextLine>
      <TextLine id="eSc_line_cc3906fe" custom="structure {type:default;}">
        <Coords points="111,1736 112,1773 155,1761 241,1773 242,1736 242,1710 218,1702 217,1702 215,1702 111,1707 111,1736"/>
        <Baseline points="111,1736 242,1736"/>
        <TextEquiv>
          <Unicode></Unicode>
        </TextEquiv>
      </TextLine>
      <TextLine id="eSc_line_60210e86" custom="structure {type:default;}">
        <Coords points="548,1775 548,1796 2022,1796 2024,1772 2018,1746 547,1751 548,1775"/>
        <Baseline points="548,1775 2024,1772"/>
        <TextEquiv>
          <Unicode></Unicode>
        </TextEquiv>
      </TextLine>
      <TextLine id="eSc_line_6822bd51" custom="structure {type:default;}">
        <Coords points="548,1818 548,1840 2020,1842 2024,1814 2018,1792 547,1794 548,1818"/>
        <Baseline points="548,1818 2024,1814"/>
        <TextEquiv>
          <Unicode></Unicode>
        </TextEquiv>
      </TextLine>
      <TextLine id="eSc_line_bb1710a6" custom="structure {type:default;}">
        <Coords points="548,1860 548,1879 2022,1876 2024,1855 2018,1830 547,1833 548,1860"/>
        <Baseline points="548,1860 2024,1855"/>
        <TextEquiv>
          <Unicode></Unicode>
        </TextEquiv>
      </TextLine>
      <TextLine id="eSc_line_7f6eb210" custom="structure {type:default;}">
        <Coords points="548,1901 548,1920 2022,1913 2024,1895 2018,1871 547,1879 548,1901"/>
        <Baseline points="548,1901 2024,1895"/>
        <TextEquiv>
          <Unicode></Unicode>
        </TextEquiv>
      </TextLine>
      <TextLine id="eSc_line_5da46d91" custom="structure {type:default;}">
        <Coords points="547,1946 547,1968 2022,1961 2024,1939 2018,1917 545,1922 547,1946"/>
        <Baseline points="547,1946 2024,1939"/>
        <TextEquiv>
          <Unicode></Unicode>
        </TextEquiv>
      </TextLine>
      <TextLine id="eSc_line_b86e9b8c" custom="structure {type:default;}">
        <Coords points="547,1987 547,2004 2022,2001 2024,1982 2018,1956 545,1961 547,1987"/>
        <Baseline points="547,1987 2024,1982"/>
        <TextEquiv>
          <Unicode></Unicode>
        </TextEquiv>
      </TextLine>
      <TextLine id="eSc_line_f50a6323" custom="structure {type:default;}">
        <Coords points="547,2030 547,2048 1427,2054 1429,2054 1430,2054 1432,2054 1442,2043 1444,2043 1466,2052 1468,2052 1470,2054 1620,2054 1620,2052 1622,2052 1654,2043 1861,2050 1863,2050 1865,2050 1866,2050 1880,2042 2000,2050 2001,2050 2003,2050 2022,2040 2022,2021 2017,2001 545,2007 547,2030"/>
        <Baseline points="547,2030 2022,2021"/>
        <TextEquiv>
          <Unicode></Unicode>
        </TextEquiv>
      </TextLine>
      <TextLine id="eSc_line_63717cd4" custom="structure {type:default;}">
        <Coords points="547,2069 547,2093 2020,2089 2022,2066 2017,2045 545,2047 547,2069"/>
        <Baseline points="547,2069 2022,2066"/>
        <TextEquiv>
          <Unicode></Unicode>
        </TextEquiv>
      </TextLine>
      <TextLine id="eSc_line_782da68d" custom="structure {type:default;}">
        <Coords points="548,2115 548,2132 2022,2130 2024,2108 2018,2081 547,2088 548,2115"/>
        <Baseline points="548,2115 2024,2108"/>
        <TextEquiv>
          <Unicode></Unicode>
        </TextEquiv>
      </TextLine>
      <TextLine id="eSc_line_cb976389" custom="structure {type:default;}">
        <Coords points="548,2154 548,2170 678,2180 680,2180 733,2171 740,2171 755,2171 858,2180 859,2180 1015,2173 1087,2171 1100,2175 1121,2180 1123,2180 1124,2180 1176,2175 1215,2171 1259,2175 1309,2180 1311,2180 1360,2177 1424,2171 1769,2178 1841,2180 1842,2180 1849,2180 1895,2171 2018,2180 2022,2154 2018,2125 548,2130 548,2154"/>
        <Baseline points="548,2154 2022,2154"/>
        <TextEquiv>
          <Unicode></Unicode>
        </TextEquiv>
      </TextLine>
      <TextLine id="eSc_line_7aaaff1b" custom="structure {type:default;}">
        <Coords points="547,2197 547,2219 2022,2218 2024,2192 2018,2170 545,2171 547,2197"/>
        <Baseline points="547,2197 2024,2192"/>
        <TextEquiv>
          <Unicode></Unicode>
        </TextEquiv>
      </TextLine>
      <TextLine id="eSc_line_35cdf235" custom="structure {type:default;}">
        <Coords points="547,2238 547,2257 2022,2254 2024,2235 2018,2211 545,2213 547,2238"/>
        <Baseline points="547,2238 2024,2235"/>
        <TextEquiv>
          <Unicode></Unicode>
        </TextEquiv>
      </TextLine>
      <TextLine id="eSc_line_9deaaf05" custom="structure {type:default;}">
        <Coords points="547,2283 547,2300 907,2308 909,2308 911,2308 935,2300 938,2300 2018,2300 2020,2276 2015,2254 545,2259 547,2283"/>
        <Baseline points="547,2283 2020,2276"/>
        <TextEquiv>
          <Unicode></Unicode>
        </TextEquiv>
      </TextLine>
      <TextLine id="eSc_line_0725a3f9" custom="structure {type:default;}">
        <Coords points="548,2322 548,2344 2020,2342 2022,2318 2017,2296 547,2298 548,2322"/>
        <Baseline points="548,2322 2022,2318"/>
        <TextEquiv>
          <Unicode></Unicode>
        </TextEquiv>
      </TextLine>
      <TextLine id="eSc_line_e0bfaf12" custom="structure {type:default;}">
        <Coords points="548,2365 548,2383 2022,2380 2024,2361 2018,2336 547,2337 548,2365"/>
        <Baseline points="548,2365 2024,2361"/>
        <TextEquiv>
          <Unicode></Unicode>
        </TextEquiv>
      </TextLine>
      <TextLine id="eSc_line_bd1ad5ef" custom="structure {type:default;}">
        <Coords points="550,2409 550,2424 603,2433 605,2433 774,2424 794,2424 800,2424 841,2433 842,2433 897,2424 912,2423 933,2424 1003,2431 1005,2431 1100,2424 1145,2421 1157,2424 1177,2430 1179,2430 1181,2430 1208,2424 1222,2421 1234,2424 1256,2430 1258,2430 1259,2430 1341,2423 1377,2421 1381,2423 1391,2430 1393,2430 1394,2430 1396,2430 1398,2430 1422,2423 1434,2421 1446,2423 1471,2428 1473,2428 1475,2428 1477,2428 1483,2423 1490,2419 1521,2423 1562,2428 1564,2428 1591,2423 1610,2419 1629,2423 1653,2428 1654,2428 1692,2423 1730,2418 2017,2421 2020,2400 2017,2378 885,2375 883,2375 839,2383 612,2377 610,2377 548,2385 550,2409"/>
        <Baseline points="550,2409 2020,2400"/>
        <TextEquiv>
          <Unicode></Unicode>
        </TextEquiv>
      </TextLine>
      <TextLine id="eSc_line_9923be3a" custom="structure {type:default;}">
        <Coords points="550,2452 550,2469 2020,2464 2022,2447 2018,2423 1685,2414 1683,2414 548,2424 550,2452"/>
        <Baseline points="550,2452 2022,2447"/>
        <TextEquiv>
          <Unicode></Unicode>
        </TextEquiv>
      </TextLine>
      <TextLine id="eSc_line_a70535fc" custom="structure {type:default;}">
        <Coords points="548,2489 548,2508 1577,2508 1579,2489 1577,2464 548,2464 548,2489"/>
        <Baseline points="548,2489 1579,2489"/>
        <TextEquiv>
          <Unicode></Unicode>
        </TextEquiv>
      </TextLine>
      <TextLine id="eSc_line_8773e01b" custom="structure {type:default;}">
        <Coords points="504,2532 504,2549 994,2561 996,2561 1261,2559 1323,2549 1326,2549 1330,2549 1377,2559 1379,2561 1502,2561 1502,2559 1504,2559 1540,2549 1547,2547 2024,2547 2025,2527 2022,2500 1579,2491 1577,2491 1523,2500 1509,2503 502,2503 504,2532"/>
        <Baseline points="504,2532 2025,2527"/>
        <TextEquiv>
          <Unicode></Unicode>
        </TextEquiv>
      </TextLine>
      <TextLine id="eSc_line_f3363ed5" custom="structure {type:default;}">
        <Coords points="87,2534 87,2587 153,2587 153,2585 155,2585 157,2585 174,2573 198,2559 249,2563 251,2534 251,2474 176,2474 174,2474 172,2474 170,2474 158,2484 148,2493 87,2493 87,2534"/>
        <Baseline points="87,2534 251,2534"/>
        <TextEquiv>
          <Unicode></Unicode>
        </TextEquiv>
      </TextLine>
      <TextLine id="eSc_line_b62eb222" custom="structure {type:default;}">
        <Coords points="548,2575 548,2597 2018,2599 2022,2570 2017,2546 547,2551 548,2575"/>
        <Baseline points="548,2575 2022,2570"/>
        <TextEquiv>
          <Unicode></Unicode>
        </TextEquiv>
      </TextLine>
      <TextLine id="eSc_line_099d51c6" custom="structure {type:default;}">
        <Coords points="548,2614 548,2633 2020,2629 2022,2611 2017,2587 547,2588 548,2614"/>
        <Baseline points="548,2614 2022,2611"/>
        <TextEquiv>
          <Unicode></Unicode>
        </TextEquiv>
      </TextLine>
      <TextLine id="eSc_line_d0690af8" custom="structure {type:default;}">
        <Coords points="548,2657 548,2682 658,2674 774,2682 784,2682 786,2684 1083,2684 1083,2682 1085,2682 1087,2682 1087,2681 1099,2674 1254,2674 1265,2681 1266,2682 1268,2682 1270,2682 1271,2682 1300,2681 1384,2674 2018,2677 2022,2657 2020,2633 548,2628 548,2657"/>
        <Baseline points="548,2657 2022,2657"/>
        <TextEquiv>
          <Unicode></Unicode>
        </TextEquiv>
      </TextLine>
      <TextLine id="eSc_line_2df31289" custom="structure {type:default;}">
        <Coords points="550,2700 550,2734 858,2732 863,2734 912,2754 914,2754 916,2756 1044,2756 1044,2754 1046,2754 1047,2754 1083,2732 1087,2732 1126,2732 1191,2734 1235,2749 1237,2749 1239,2749 1241,2749 1263,2739 1285,2753 1287,2753 1288,2753 1290,2753 1528,2737 1550,2753 1552,2753 1553,2753 1555,2754 1653,2754 1653,2753 1654,2753 1656,2753 1673,2741 1743,2739 1784,2749 1786,2749 1788,2749 1789,2749 1854,2730 1856,2730 1924,2730 1952,2742 1953,2742 1955,2742 2018,2729 2020,2696 2015,2674 548,2674 550,2700"/>
        <Baseline points="550,2700 2020,2696"/>
        <TextEquiv>
          <Unicode></Unicode>
        </TextEquiv>
      </TextLine>
    </TextRegion>
    <TextRegion id="eSc_textblock_d66d0ee2"  custom="structure {type:default;}">
      <Coords points="1106,123 1234,129 1247,189 1220,210 868,210 827,176 847,129 1106,123"/>
      <TextLine id="eSc_line_c21d8cec" custom="structure {type:default;}">
        <Coords points="847,179 847,203 1224,203 1224,179 1224,136 847,136 847,179"/>
        <Baseline points="847,179 1224,179"/>
        <TextEquiv>
          <Unicode></Unicode>
        </TextEquiv>
      </TextLine>
    </TextRegion>
    <TextRegion id="eSc_textblock_2414ce25"  custom="structure {type:default;}">
      <Coords points="1964,129 2061,143 2068,169 2027,203 1953,203 1940,143 1964,129"/>
      <TextLine id="eSc_line_23bc47cc" custom="structure {type:default;}">
        <Coords points="1953,176 1953,199 2020,201 2022,176 2022,136 1953,136 1953,176"/>
        <Baseline points="1953,176 2022,176"/>
        <TextEquiv>
          <Unicode></Unicode>
        </TextEquiv>
      </TextLine>
    </TextRegion>
    <TextRegion id="eSc_textblock_fb6f3172"  custom="structure {type:default;}">
      <Coords points="2082,362 2082,374 2077,374 2077,362 2082,362"/>
    </TextRegion>
    <TextRegion id="eSc_textblock_a6506353"  custom="structure {type:default;}">
      <Coords points="249,2672 251,2677 246,2677 246,2672 249,2672"/>
    </TextRegion>
    <TextRegion id="eSc_textblock_16e9bf47"  custom="structure {type:default;}">
      <Coords points="2082,1093 2082,1105 2077,1105 2077,1093 2082,1093"/>
    </TextRegion>
  </Page>
</PcGts>
