<?xml version="1.0" encoding="UTF-8"  standalone="yes"?>
<PcGts xmlns="http://schema.primaresearch.org/PAGE/gts/pagecontent/2019-07-15" xmlns:xsi="http://www.w3.org/2001/XMLSchema-instance" xsi:schemaLocation="http://schema.primaresearch.org/PAGE/gts/pagecontent/2019-07-15 http://schema.primaresearch.org/PAGE/gts/pagecontent/2019-07-15/pagecontent.xsd">
  <Metadata externalRef="pdf//regestapontificu01cath.pdf">
	<Creator>escriptorium</Creator>
	<Created>2026-02-12T11:40:39.575949+00:00</Created>
        <LastChange>2026-02-13T11:39:29.493995+00:00</LastChange>
  </Metadata>
  <Page imageFilename="regestapontificu01cath.pdf_page_501.png" imageWidth="2315" imageHeight="3076">
    <TextRegion id="eSc_textblock_32f51623"  custom="structure {type:default;}">
      <Coords points="1287,205 2061,211 2041,2677 560,2698 483,2670 300,2677 271,2602 244,2670 88,2670 54,1919 54,451 82,211 470,211 490,246 512,211 1287,205"/>
      <TextLine id="eSc_line_f21720c4" custom="structure {type:default;}">
        <Coords points="509,213 492,237 494,258 494,278 1436,275 1436,251 1431,210 871,218 868,217 854,210 853,210 731,210 730,210 728,210 704,218 700,220 699,218 690,211 689,211 687,211 518,211 509,213"/>
        <Baseline points="494,258 1436,251"/>
        <TextEquiv>
          <Unicode></Unicode>
        </TextEquiv>
      </TextLine>
      <TextLine id="eSc_line_26e4943c" custom="structure {type:default;}">
        <Coords points="514,305 514,331 2024,326 2024,305 2024,273 1995,263 1993,263 1991,263 1935,273 1846,263 1754,263 1752,263 1750,263 1749,263 1735,273 1733,275 1607,275 1603,273 1591,263 1590,263 1588,263 1449,263 1448,263 1446,263 1444,263 1432,271 1429,275 1224,275 1217,270 1201,263 1200,263 1198,263 1196,263 1176,270 1166,275 993,275 986,270 977,263 976,263 974,263 972,263 933,270 907,275 825,275 812,268 796,263 795,263 793,263 704,268 617,273 514,268 514,305"/>
        <Baseline points="514,305 2024,305"/>
        <TextEquiv>
          <Unicode></Unicode>
        </TextEquiv>
      </TextLine>
      <TextLine id="eSc_line_3f6e71d5" custom="structure {type:default;}">
        <Coords points="555,348 555,372 2020,363 2022,343 2017,314 553,317 555,348"/>
        <Baseline points="555,348 2022,343"/>
        <TextEquiv>
          <Unicode></Unicode>
        </TextEquiv>
      </TextLine>
      <TextLine id="eSc_line_e3245758" custom="structure {type:default;}">
        <Coords points="553,391 553,408 2022,408 2022,391 2022,369 553,369 553,391"/>
        <Baseline points="553,391 2022,391"/>
        <TextEquiv>
          <Unicode></Unicode>
        </TextEquiv>
      </TextLine>
      <TextLine id="eSc_line_b34b5645" custom="structure {type:default;}">
        <Coords points="553,430 553,454 2019,454 2020,434 2019,406 553,403 553,430"/>
        <Baseline points="553,430 2020,434"/>
        <TextEquiv>
          <Unicode></Unicode>
        </TextEquiv>
      </TextLine>
      <TextLine id="eSc_line_44c47138" custom="structure {type:default;}">
        <Coords points="87,471 87,505 138,521 140,521 141,521 143,521 176,507 223,512 225,512 227,512 253,500 253,466 249,422 83,420 87,471"/>
        <Baseline points="87,471 253,466"/>
        <TextEquiv>
          <Unicode></Unicode>
        </TextEquiv>
      </TextLine>
      <TextLine id="eSc_line_bb856221" custom="structure {type:default;}">
        <Coords points="516,473 516,492 2024,492 2024,473 2024,447 516,440 516,473"/>
        <Baseline points="516,473 2024,473"/>
        <TextEquiv>
          <Unicode></Unicode>
        </TextEquiv>
      </TextLine>
      <TextLine id="eSc_line_4cf90a4c" custom="structure {type:default;}">
        <Coords points="557,517 557,536 1121,545 1123,545 1125,545 1126,545 1131,540 1138,536 1265,536 1275,540 1285,545 1287,545 1289,545 1328,541 1383,534 1417,541 1431,543 1432,543 1444,541 1475,534 1492,541 1497,543 1499,543 1501,543 1526,541 1614,534 1769,543 1788,543 1790,543 1791,543 1793,543 1824,534 2019,543 2022,514 2019,492 1289,483 1287,483 555,493 557,517"/>
        <Baseline points="557,517 2022,514"/>
        <TextEquiv>
          <Unicode></Unicode>
        </TextEquiv>
      </TextLine>
      <TextLine id="eSc_line_6002eb81" custom="structure {type:default;}">
        <Coords points="553,560 553,582 2022,582 2024,555 2019,531 552,531 553,560"/>
        <Baseline points="553,560 2024,555"/>
        <TextEquiv>
          <Unicode></Unicode>
        </TextEquiv>
      </TextLine>
      <TextLine id="eSc_line_5d6b8b86" custom="structure {type:default;}">
        <Coords points="555,601 555,620 2022,615 2024,598 2019,572 553,572 555,601"/>
        <Baseline points="555,601 2024,598"/>
        <TextEquiv>
          <Unicode></Unicode>
        </TextEquiv>
      </TextLine>
      <TextLine id="eSc_line_f4c3eafd" custom="structure {type:default;}">
        <Coords points="555,639 553,666 690,668 692,668 694,668 695,668 695,666 709,657 740,666 745,668 747,668 748,668 767,666 848,657 870,666 875,668 877,668 878,668 899,666 979,657 1051,657 1065,666 1066,668 1068,668 1070,668 1072,668 1126,666 1287,657 1306,664 1318,669 1319,669 1321,669 1347,664 1378,659 1398,664 1413,669 1415,669 1417,669 1472,664 1533,659 1552,664 1567,669 1569,669 1571,669 1600,664 1629,659 1660,664 1684,668 1685,668 1721,664 1767,659 1802,664 1839,669 1841,669 2020,663 2022,642 2020,618 555,615 555,639"/>
        <Baseline points="555,639 2022,642"/>
        <TextEquiv>
          <Unicode></Unicode>
        </TextEquiv>
      </TextLine>
      <TextLine id="eSc_line_b9607194" custom="structure {type:default;}">
        <Coords points="557,685 557,705 2019,707 2022,685 2020,657 557,657 557,685"/>
        <Baseline points="557,685 2022,685"/>
        <TextEquiv>
          <Unicode></Unicode>
        </TextEquiv>
      </TextLine>
      <TextLine id="eSc_line_a4f8d3a7" custom="structure {type:default;}">
        <Coords points="557,727 557,750 796,743 904,750 938,751 940,751 977,750 1107,741 1289,741 1306,748 1307,750 1309,750 1311,750 1340,748 1472,741 1506,748 1516,750 1518,750 1519,750 1521,750 1523,748 1538,739 1576,748 1579,748 1581,748 1586,748 1656,739 1704,748 1709,748 1711,748 1716,748 1755,739 1784,748 1786,748 1788,748 1790,748 2020,746 2022,722 2019,697 555,697 557,727"/>
        <Baseline points="557,727 2022,722"/>
        <TextEquiv>
          <Unicode></Unicode>
        </TextEquiv>
      </TextLine>
      <TextLine id="eSc_line_30aca9ce" custom="structure {type:default;}">
        <Coords points="555,770 555,792 2022,792 2024,765 2020,743 1044,736 1042,736 553,746 555,770"/>
        <Baseline points="555,770 2024,765"/>
        <TextEquiv>
          <Unicode></Unicode>
        </TextEquiv>
      </TextLine>
      <TextLine id="eSc_line_07286a65" custom="structure {type:default;}">
        <Coords points="557,813 557,835 2022,825 2024,808 2019,784 555,787 557,813"/>
        <Baseline points="557,813 2024,808"/>
        <TextEquiv>
          <Unicode></Unicode>
        </TextEquiv>
      </TextLine>
      <TextLine id="eSc_line_2b79b447" custom="structure {type:default;}">
        <Coords points="555,849 553,869 914,878 916,878 918,878 919,878 930,869 931,869 1280,869 1292,869 1371,880 1372,880 1374,880 1407,871 1484,880 1485,881 1634,881 1634,880 1636,880 1637,880 1651,871 1985,880 1986,880 1988,880 2024,869 2026,852 2026,828 1995,820 1993,820 1991,820 555,825 555,849"/>
        <Baseline points="555,849 2026,852"/>
        <TextEquiv>
          <Unicode></Unicode>
        </TextEquiv>
      </TextLine>
      <TextLine id="eSc_line_f7d024da" custom="structure {type:default;}">
        <Coords points="555,895 557,926 576,917 622,926 661,933 663,934 702,934 702,933 704,933 706,933 706,931 712,926 718,921 728,926 747,933 748,933 750,933 752,933 777,924 798,919 875,924 902,926 904,926 906,926 907,926 907,924 909,924 918,915 1010,915 1020,924 1024,926 1024,927 1025,927 1027,927 1085,931 1087,931 1478,921 1480,892 1477,871 605,864 603,864 553,873 555,895"/>
        <Baseline points="555,895 1480,892"/>
        <TextEquiv>
          <Unicode></Unicode>
        </TextEquiv>
      </TextLine>
      <TextLine id="eSc_line_e0b2dcc1" custom="structure {type:default;}">
        <Coords points="497,963 497,991 613,992 615,992 647,987 697,977 774,982 866,989 868,989 870,989 897,979 907,975 923,977 989,989 991,989 993,989 995,989 1008,977 1008,958 1003,934 902,934 887,931 849,921 848,921 846,921 844,921 818,929 796,936 495,922 497,963"/>
        <Baseline points="497,963 1008,958"/>
        <TextEquiv>
          <Unicode></Unicode>
        </TextEquiv>
      </TextLine>
      <TextLine id="eSc_line_c2b0e1ba" custom="structure {type:default;}">
        <Coords points="88,1018 90,1109 201,1073 201,1018 201,943 88,936 88,1018"/>
        <Baseline points="88,1018 201,1018"/>
        <TextEquiv>
          <Unicode></Unicode>
        </TextEquiv>
      </TextLine>
      <TextLine id="eSc_line_2ab20133" custom="structure {type:default;}">
        <Coords points="512,1021 512,1044 2026,1039 2027,1016 2024,992 1667,992 1665,991 1644,982 1643,982 1641,982 1600,991 1598,991 1596,991 1574,980 1572,980 1571,980 1523,991 1511,992 1460,991 1333,984 1331,984 1330,984 1316,991 1311,992 1304,991 1284,982 1282,982 1280,982 1172,989 1125,992 1061,989 957,984 955,984 954,984 952,984 945,989 936,994 870,989 803,984 801,984 511,987 512,1021"/>
        <Baseline points="512,1021 2027,1016"/>
        <TextEquiv>
          <Unicode></Unicode>
        </TextEquiv>
      </TextLine>
      <TextLine id="eSc_line_76601e4b" custom="structure {type:default;}">
        <Coords points="553,1064 553,1088 2024,1088 2026,1061 2020,1035 552,1039 553,1064"/>
        <Baseline points="553,1064 2026,1061"/>
        <TextEquiv>
          <Unicode></Unicode>
        </TextEquiv>
      </TextLine>
      <TextLine id="eSc_line_e28c54cc" custom="structure {type:default;}">
        <Coords points="555,1105 555,1127 2026,1122 2027,1105 2026,1081 555,1081 555,1105"/>
        <Baseline points="555,1105 2027,1105"/>
        <TextEquiv>
          <Unicode></Unicode>
        </TextEquiv>
      </TextLine>
      <TextLine id="eSc_line_b4740b0d" custom="structure {type:default;}">
        <Coords points="553,1148 553,1167 2027,1174 2029,1148 2029,1126 1976,1115 1974,1115 1904,1124 1543,1115 1542,1115 1540,1115 1538,1115 1528,1124 1501,1115 1499,1115 1497,1115 1496,1115 1494,1115 1482,1126 1328,1126 1284,1115 1282,1115 1280,1115 1261,1124 1249,1115 1248,1115 1246,1115 1087,1115 1085,1115 1037,1124 1001,1115 1000,1115 998,1115 996,1115 976,1124 924,1115 923,1115 825,1124 798,1115 796,1115 795,1115 793,1115 771,1126 600,1126 581,1115 579,1115 577,1115 576,1115 553,1124 553,1148"/>
        <Baseline points="553,1148 2029,1148"/>
        <TextEquiv>
          <Unicode></Unicode>
        </TextEquiv>
      </TextLine>
      <TextLine id="eSc_line_0b51b8e5" custom="structure {type:default;}">
        <Coords points="555,1191 555,1209 2029,1206 2031,1187 2026,1163 553,1165 555,1191"/>
        <Baseline points="555,1191 2031,1187"/>
        <TextEquiv>
          <Unicode></Unicode>
        </TextEquiv>
      </TextLine>
      <TextLine id="eSc_line_d63b4e9b" custom="structure {type:default;}">
        <Coords points="553,1230 553,1244 571,1256 572,1256 574,1256 576,1256 704,1242 704,1230 704,1203 553,1203 553,1230"/>
        <Baseline points="553,1230 704,1230"/>
        <TextEquiv>
          <Unicode></Unicode>
        </TextEquiv>
      </TextLine>
      <TextLine id="eSc_line_43909767" custom="structure {type:default;}">
        <Coords points="268,1276 268,1297 2032,1295 2032,1271 2029,1245 1938,1238 1937,1238 1935,1238 1923,1244 1916,1247 1896,1244 1824,1233 1822,1233 1820,1233 1800,1244 1795,1247 1773,1244 1730,1238 1728,1238 1653,1244 1629,1245 1624,1244 1598,1235 1596,1235 1595,1235 1494,1244 1436,1249 1376,1244 1275,1235 1273,1235 1234,1244 1224,1245 1172,1244 1049,1238 1048,1238 1046,1238 1036,1244 1024,1249 991,1244 940,1235 938,1235 849,1244 771,1250 661,1244 634,1242 632,1242 622,1244 586,1250 559,1244 526,1233 524,1233 523,1233 266,1242 268,1276"/>
        <Baseline points="268,1276 2032,1271"/>
        <TextEquiv>
          <Unicode></Unicode>
        </TextEquiv>
      </TextLine>
      <TextLine id="eSc_line_07907117" custom="structure {type:default;}">
        <Coords points="329,1314 326,1389 427,1396 432,1317 430,1288 329,1285 329,1314"/>
        <Baseline points="329,1314 432,1317"/>
        <TextEquiv>
          <Unicode></Unicode>
        </TextEquiv>
      </TextLine>
      <TextLine id="eSc_line_f542c9cd" custom="structure {type:default;}">
        <Coords points="557,1317 557,1336 2027,1339 2031,1314 2026,1288 555,1290 557,1317"/>
        <Baseline points="557,1317 2031,1314"/>
        <TextEquiv>
          <Unicode></Unicode>
        </TextEquiv>
      </TextLine>
      <TextLine id="eSc_line_1de338a6" custom="structure {type:default;}">
        <Coords points="553,1360 553,1382 726,1389 728,1389 730,1389 757,1382 767,1379 771,1382 781,1389 783,1389 784,1389 786,1389 824,1380 836,1379 842,1380 865,1389 866,1389 868,1389 870,1389 887,1380 895,1377 901,1380 919,1389 921,1389 923,1391 1007,1391 1007,1389 1051,1379 1070,1375 1196,1379 1424,1384 1425,1384 1427,1384 1454,1375 1465,1373 1528,1375 1697,1382 1699,1382 1819,1373 1824,1373 1826,1373 1839,1384 1841,1384 1843,1384 1844,1384 1916,1372 1918,1355 1913,1332 552,1336 553,1360"/>
        <Baseline points="553,1360 1918,1355"/>
        <TextEquiv>
          <Unicode></Unicode>
        </TextEquiv>
      </TextLine>
      <TextLine id="eSc_line_12ad1a4c" custom="structure {type:default;}">
        <Coords points="494,1426 494,1442 1008,1440 1010,1423 1007,1397 492,1397 494,1426"/>
        <Baseline points="494,1426 1010,1423"/>
        <TextEquiv>
          <Unicode></Unicode>
        </TextEquiv>
      </TextLine>
      <TextLine id="eSc_line_0773f623" custom="structure {type:default;}">
        <Coords points="88,1476 87,1507 119,1522 121,1522 169,1524 170,1524 247,1508 249,1479 249,1432 88,1414 88,1476"/>
        <Baseline points="88,1476 249,1479"/>
        <TextEquiv>
          <Unicode></Unicode>
        </TextEquiv>
      </TextLine>
      <TextLine id="eSc_line_ca1d5b10" custom="structure {type:default;}">
        <Coords points="512,1483 512,1503 2032,1503 2032,1483 2032,1454 1631,1445 1629,1445 1627,1445 1625,1445 1617,1450 1608,1457 1555,1457 1507,1450 1456,1445 1454,1445 1453,1445 1437,1450 1422,1455 1330,1450 1278,1447 1277,1447 1183,1449 957,1455 733,1447 668,1445 666,1445 654,1447 606,1455 512,1447 512,1483"/>
        <Baseline points="512,1483 2032,1483"/>
        <TextEquiv>
          <Unicode></Unicode>
        </TextEquiv>
      </TextLine>
      <TextLine id="eSc_line_6c8969a7" custom="structure {type:default;}">
        <Coords points="553,1527 553,1553 2029,1543 2031,1522 2026,1500 552,1505 553,1527"/>
        <Baseline points="553,1527 2031,1522"/>
        <TextEquiv>
          <Unicode></Unicode>
        </TextEquiv>
      </TextLine>
      <TextLine id="eSc_line_736807ba" custom="structure {type:default;}">
        <Coords points="553,1568 553,1587 2027,1589 2031,1565 2027,1541 552,1541 553,1568"/>
        <Baseline points="553,1568 2031,1565"/>
        <TextEquiv>
          <Unicode></Unicode>
        </TextEquiv>
      </TextLine>
      <TextLine id="eSc_line_bc674564" custom="structure {type:default;}">
        <Coords points="555,1608 553,1623 2026,1635 2029,1613 2026,1587 1408,1587 1403,1585 1386,1579 1384,1579 1383,1579 1381,1579 1379,1579 1369,1585 1364,1589 1049,1589 1042,1585 1027,1577 1025,1577 1024,1577 1022,1577 989,1585 984,1585 971,1585 863,1577 861,1577 860,1577 844,1585 842,1585 834,1585 771,1577 769,1577 555,1584 555,1608"/>
        <Baseline points="555,1608 2029,1613"/>
        <TextEquiv>
          <Unicode></Unicode>
        </TextEquiv>
      </TextLine>
      <TextLine id="eSc_line_efea8497" custom="structure {type:default;}">
        <Coords points="553,1652 553,1673 2031,1673 2031,1652 2031,1631 553,1630 553,1652"/>
        <Baseline points="553,1652 2031,1652"/>
        <TextEquiv>
          <Unicode></Unicode>
        </TextEquiv>
      </TextLine>
      <TextLine id="eSc_line_04725744" custom="structure {type:default;}">
        <Coords points="553,1693 552,1708 2026,1714 2029,1698 2027,1673 553,1667 553,1693"/>
        <Baseline points="553,1693 2029,1698"/>
        <TextEquiv>
          <Unicode></Unicode>
        </TextEquiv>
      </TextLine>
      <TextLine id="eSc_line_81e66a6b" custom="structure {type:default;}">
        <Coords points="553,1739 553,1755 565,1763 567,1763 569,1763 571,1763 750,1755 1066,1763 1068,1763 1203,1755 1207,1755 1208,1755 1242,1763 1244,1763 1246,1765 1328,1765 1328,1763 1330,1763 1331,1763 1343,1755 1366,1763 1367,1763 1369,1763 1443,1755 1448,1755 1454,1755 1523,1763 1525,1763 1843,1755 1843,1739 1843,1714 1831,1707 1829,1707 1827,1707 1826,1707 1824,1707 1793,1715 1545,1707 1543,1707 1542,1707 1540,1707 1526,1717 1441,1717 1388,1707 1386,1707 1311,1715 1241,1707 1239,1707 1157,1715 1104,1707 1102,1707 1101,1707 1073,1715 1024,1707 1022,1707 1020,1707 989,1715 967,1707 966,1707 964,1707 897,1715 863,1707 861,1707 860,1707 858,1707 832,1715 767,1707 765,1707 764,1707 735,1715 711,1707 709,1707 572,1707 571,1707 569,1707 553,1714 553,1739"/>
        <Baseline points="553,1739 1843,1739"/>
        <TextEquiv>
          <Unicode></Unicode>
        </TextEquiv>
      </TextLine>
      <TextLine id="eSc_line_6fe8f046" custom="structure {type:default;}">
        <Coords points="85,1773 83,1831 249,1821 251,1777 251,1743 85,1743 85,1773"/>
        <Baseline points="85,1773 251,1777"/>
        <TextEquiv>
          <Unicode></Unicode>
        </TextEquiv>
      </TextLine>
      <TextLine id="eSc_line_63745b7a" custom="structure {type:default;}">
        <Coords points="494,1782 494,1801 2027,1799 2029,1778 2026,1753 550,1748 548,1748 492,1756 494,1782"/>
        <Baseline points="494,1782 2029,1778"/>
        <TextEquiv>
          <Unicode></Unicode>
        </TextEquiv>
      </TextLine>
      <TextLine id="eSc_line_c2442a63" custom="structure {type:default;}">
        <Coords points="553,1823 553,1842 2029,1842 2029,1823 2029,1797 553,1797 553,1823"/>
        <Baseline points="553,1823 2029,1823"/>
        <TextEquiv>
          <Unicode></Unicode>
        </TextEquiv>
      </TextLine>
      <TextLine id="eSc_line_efbefd35" custom="structure {type:default;}">
        <Coords points="87,1857 83,1922 136,1936 138,1936 140,1936 186,1922 189,1860 188,1828 87,1825 87,1857"/>
        <Baseline points="87,1857 189,1860"/>
        <TextEquiv>
          <Unicode></Unicode>
        </TextEquiv>
      </TextLine>
      <TextLine id="eSc_line_f6cee12a" custom="structure {type:default;}">
        <Coords points="514,1864 514,1886 2029,1886 2029,1864 2029,1842 514,1833 514,1864"/>
        <Baseline points="514,1864 2029,1864"/>
        <TextEquiv>
          <Unicode></Unicode>
        </TextEquiv>
      </TextLine>
      <TextLine id="eSc_line_69b84f73" custom="structure {type:default;}">
        <Coords points="553,1907 553,1931 2026,1927 2027,1907 2026,1884 553,1884 553,1907"/>
        <Baseline points="553,1907 2027,1907"/>
        <TextEquiv>
          <Unicode></Unicode>
        </TextEquiv>
      </TextLine>
      <TextLine id="eSc_line_fc605859" custom="structure {type:default;}">
        <Coords points="553,1951 553,1977 801,1970 940,1975 1065,1980 1066,1980 1113,1975 1147,1970 1178,1973 1220,1980 1222,1980 1224,1980 1237,1973 1242,1970 1248,1973 1256,1980 1258,1980 1260,1980 1261,1982 1330,1982 1330,1980 1331,1980 1357,1973 1367,1970 1376,1973 1393,1980 1395,1980 1396,1982 1482,1982 1482,1980 1484,1980 1499,1972 1506,1970 1637,1970 1641,1972 1661,1980 1663,1980 1665,1982 1738,1982 1738,1980 1740,1980 1769,1970 1773,1970 1783,1970 1872,1980 1873,1980 2029,1968 2029,1951 2029,1927 1957,1917 1955,1917 1954,1917 1920,1925 1918,1925 553,1922 553,1951"/>
        <Baseline points="553,1951 2029,1951"/>
        <TextEquiv>
          <Unicode></Unicode>
        </TextEquiv>
      </TextLine>
      <TextLine id="eSc_line_c68437d1" custom="structure {type:default;}">
        <Coords points="495,2019 495,2036 658,2042 659,2019 659,1985 577,1970 576,1970 574,1970 572,1970 552,1985 495,1985 495,2019"/>
        <Baseline points="495,2019 659,2019"/>
        <TextEquiv>
          <Unicode></Unicode>
        </TextEquiv>
      </TextLine>
      <TextLine id="eSc_line_24949035" custom="structure {type:default;}">
        <Coords points="511,2076 511,2093 2026,2100 2027,2076 2027,2045 1959,2035 1957,2035 699,2043 559,2035 557,2035 511,2043 511,2076"/>
        <Baseline points="511,2076 2027,2076"/>
        <TextEquiv>
          <Unicode></Unicode>
        </TextEquiv>
      </TextLine>
      <TextLine id="eSc_line_2b5302e0" custom="structure {type:default;}">
        <Coords points="553,2119 553,2137 2026,2142 2029,2115 2024,2095 552,2095 553,2119"/>
        <Baseline points="553,2119 2029,2115"/>
        <TextEquiv>
          <Unicode></Unicode>
        </TextEquiv>
      </TextLine>
      <TextLine id="eSc_line_dec71cb1" custom="structure {type:default;}">
        <Coords points="555,2160 555,2183 1781,2183 1781,2160 1781,2136 555,2134 555,2160"/>
        <Baseline points="555,2160 1781,2160"/>
        <TextEquiv>
          <Unicode></Unicode>
        </TextEquiv>
      </TextLine>
      <TextLine id="eSc_line_0ee31624" custom="structure {type:default;}">
        <Coords points="512,2197 511,2214 2024,2221 2027,2204 2026,2178 512,2171 512,2197"/>
        <Baseline points="512,2197 2027,2204"/>
        <TextEquiv>
          <Unicode></Unicode>
        </TextEquiv>
      </TextLine>
      <TextLine id="eSc_line_677e15a2" custom="structure {type:default;}">
        <Coords points="560,2242 559,2262 591,2272 593,2272 594,2272 2026,2269 2027,2245 2026,2223 560,2214 560,2242"/>
        <Baseline points="560,2242 2027,2245"/>
        <TextEquiv>
          <Unicode></Unicode>
        </TextEquiv>
      </TextLine>
      <TextLine id="eSc_line_339c1a95" custom="structure {type:default;}">
        <Coords points="553,2288 553,2310 1726,2307 1728,2284 1725,2262 1157,2254 1155,2254 1109,2262 617,2255 615,2255 552,2264 553,2288"/>
        <Baseline points="553,2288 1728,2284"/>
        <TextEquiv>
          <Unicode></Unicode>
        </TextEquiv>
      </TextLine>
      <TextLine id="eSc_line_4fcc865c" custom="structure {type:default;}">
        <Coords points="494,2356 494,2378 1022,2375 1022,2351 1017,2325 986,2325 984,2324 974,2315 972,2315 971,2315 969,2315 967,2315 966,2315 954,2324 947,2327 492,2322 494,2356"/>
        <Baseline points="494,2356 1022,2351"/>
        <TextEquiv>
          <Unicode></Unicode>
        </TextEquiv>
      </TextLine>
      <TextLine id="eSc_line_d8c0480d" custom="structure {type:default;}">
        <Coords points="85,2411 87,2453 189,2440 189,2407 186,2378 83,2370 85,2411"/>
        <Baseline points="85,2411 189,2407"/>
        <TextEquiv>
          <Unicode></Unicode>
        </TextEquiv>
      </TextLine>
      <TextLine id="eSc_line_99daea55" custom="structure {type:default;}">
        <Coords points="511,2407 509,2430 2026,2433 2029,2411 2027,2378 511,2375 511,2407"/>
        <Baseline points="511,2407 2029,2411"/>
        <TextEquiv>
          <Unicode></Unicode>
        </TextEquiv>
      </TextLine>
      <TextLine id="eSc_line_3c99631a" custom="structure {type:default;}">
        <Coords points="555,2452 555,2472 2024,2472 2026,2455 2024,2423 555,2423 555,2452"/>
        <Baseline points="555,2452 2026,2455"/>
        <TextEquiv>
          <Unicode></Unicode>
        </TextEquiv>
      </TextLine>
      <TextLine id="eSc_line_6afc73a5" custom="structure {type:default;}">
        <Coords points="553,2493 553,2525 2024,2520 2026,2496 2024,2474 1345,2474 1313,2467 1289,2464 1287,2464 1078,2465 612,2471 553,2462 553,2493"/>
        <Baseline points="553,2493 2026,2496"/>
        <TextEquiv>
          <Unicode></Unicode>
        </TextEquiv>
      </TextLine>
      <TextLine id="eSc_line_33c1f596" custom="structure {type:default;}">
        <Coords points="559,2532 557,2551 1000,2558 1003,2539 1001,2513 559,2510 559,2532"/>
        <Baseline points="559,2532 1003,2539"/>
        <TextEquiv>
          <Unicode></Unicode>
        </TextEquiv>
      </TextLine>
      <TextLine id="eSc_line_397b1a32" custom="structure {type:default;}">
        <Coords points="133,2588 138,2648 184,2653 181,2583 176,2558 129,2561 133,2588"/>
        <Baseline points="133,2588 181,2583"/>
        <TextEquiv>
          <Unicode></Unicode>
        </TextEquiv>
      </TextLine>
      <TextLine id="eSc_line_8b641614" custom="structure {type:default;}">
        <Coords points="514,2575 512,2595 2024,2600 2027,2582 2027,2554 1983,2542 1981,2542 1819,2542 1817,2542 1815,2542 1814,2542 1800,2553 1798,2553 1786,2553 1625,2541 1405,2541 1403,2541 1401,2541 1379,2549 1376,2551 1360,2549 1254,2539 1253,2539 1142,2549 1126,2549 1111,2549 1034,2541 1032,2541 995,2547 983,2549 514,2546 514,2575"/>
        <Baseline points="514,2575 2027,2582"/>
        <TextEquiv>
          <Unicode></Unicode>
        </TextEquiv>
      </TextLine>
      <TextLine id="eSc_line_893ed136" custom="structure {type:default;}">
        <Coords points="555,2619 553,2641 2022,2652 2026,2624 2024,2600 555,2595 555,2619"/>
        <Baseline points="555,2619 2026,2624"/>
        <TextEquiv>
          <Unicode></Unicode>
        </TextEquiv>
      </TextLine>
      <TextLine id="eSc_line_324545d6" custom="structure {type:default;}">
        <Coords points="557,2662 555,2717 844,2718 846,2718 848,2718 849,2718 854,2715 873,2701 926,2715 933,2715 935,2715 936,2715 938,2715 938,2713 959,2700 1049,2713 1068,2715 1070,2715 1094,2713 1118,2710 1123,2712 1130,2718 1131,2718 1133,2718 1135,2718 1184,2712 1225,2706 1254,2712 1295,2718 1297,2718 1299,2718 1301,2718 1311,2710 1321,2705 1347,2710 1364,2713 1366,2713 1367,2713 1376,2710 1398,2701 1578,2701 1588,2708 1602,2720 1603,2720 1605,2720 1607,2722 1648,2722 1648,2720 1649,2720 1678,2708 1685,2705 1870,2705 1873,2665 1872,2640 557,2636 557,2662"/>
        <Baseline points="557,2662 1873,2665"/>
        <TextEquiv>
          <Unicode></Unicode>
        </TextEquiv>
      </TextLine>
    </TextRegion>
    <TextRegion id="eSc_textblock_23f89f97"  custom="structure {type:default;}">
      <Coords points="774,88 1350,95 1364,155 1330,176 779,176 738,155 774,88"/>
      <TextLine id="eSc_line_9135fe05" custom="structure {type:default;}">
        <Coords points="760,112 760,145 760,169 1337,169 1337,145 1337,100 776,90 760,112"/>
        <Baseline points="760,145 1337,145"/>
        <TextEquiv>
          <Unicode></Unicode>
        </TextEquiv>
      </TextLine>
    </TextRegion>
    <TextRegion id="eSc_textblock_209ca85a"  custom="structure {type:default;}">
      <Coords points="1937,95 2048,102 2061,141 2020,176 1940,176 1913,135 1937,95"/>
      <TextLine id="eSc_line_3e3f9651" custom="structure {type:default;}">
        <Coords points="1930,104 1933,146 1935,169 2019,162 2019,141 2014,99 1930,102 1930,104"/>
        <Baseline points="1933,146 2019,141"/>
        <TextEquiv>
          <Unicode></Unicode>
        </TextEquiv>
      </TextLine>
    </TextRegion>
  </Page>
</PcGts>
