<?xml version="1.0" encoding="UTF-8"  standalone="yes"?>
<PcGts xmlns="http://schema.primaresearch.org/PAGE/gts/pagecontent/2019-07-15" xmlns:xsi="http://www.w3.org/2001/XMLSchema-instance" xsi:schemaLocation="http://schema.primaresearch.org/PAGE/gts/pagecontent/2019-07-15 http://schema.primaresearch.org/PAGE/gts/pagecontent/2019-07-15/pagecontent.xsd">
  <Metadata externalRef="pdf//regestapontificu01cath.pdf">
	<Creator>escriptorium</Creator>
	<Created>2026-02-12T11:28:04.501931+00:00</Created>
        <LastChange>2026-02-13T10:34:33.413750+00:00</LastChange>
  </Metadata>
  <Page imageFilename="regestapontificu01cath.pdf_page_197.png" imageWidth="2278" imageHeight="3076">
    <TextRegion id="eSc_textblock_c29b676a"  custom="structure {type:default;}">
      <Coords points="1286,205 2045,211 2059,232 2038,2691 2025,2712 505,2705 476,2657 430,2643 435,2595 341,2561 382,2520 362,2447 389,2440 292,2397 244,2399 244,2465 230,2424 210,2440 203,2527 211,2549 312,2561 205,2575 196,2636 116,2664 88,2575 102,2440 68,2397 61,471 88,389 141,375 123,355 177,328 136,312 109,259 170,225 258,239 271,471 410,387 451,292 423,251 444,225 1286,205"/>
      <TextLine id="eSc_line_a17bfa79" custom="structure {type:default;}">
        <Coords points="592,220 575,222 558,222 541,222 524,222 507,223 490,223 490,223 492,270 492,295 1066,295 1066,264 1061,228 910,232 904,230 874,217 873,217 871,217 869,217 868,217 851,230 845,230 792,234 784,230 767,223 765,223 763,223 710,230 594,220 592,220"/>
        <Baseline points="492,270 1066,264"/>
        <TextEquiv>
          <Unicode></Unicode>
        </TextEquiv>
      </TextLine>
      <TextLine id="eSc_line_9e8c00b7" custom="structure {type:default;}">
        <Coords points="551,317 551,343 1262,348 1264,348 1302,346 1397,338 1413,346 1418,348 1420,348 1421,348 1435,346 1469,340 1507,346 1522,348 1524,348 1526,348 1527,348 1529,346 1543,336 1601,346 1606,346 1608,346 1613,346 1674,336 1691,346 1693,346 1695,346 1696,348 1884,348 1884,346 1886,346 1920,336 1941,346 1943,346 1944,348 2025,348 2026,312 2023,278 1534,270 1532,270 550,281 551,317"/>
        <Baseline points="551,317 2026,312"/>
        <TextEquiv>
          <Unicode></Unicode>
        </TextEquiv>
      </TextLine>
      <TextLine id="eSc_line_08b10cc3" custom="structure {type:default;}">
        <Coords points="548,360 548,381 2023,375 2025,355 2019,334 546,338 548,360"/>
        <Baseline points="548,360 2025,355"/>
        <TextEquiv>
          <Unicode></Unicode>
        </TextEquiv>
      </TextLine>
      <TextLine id="eSc_line_927adcec" custom="structure {type:default;}">
        <Coords points="550,401 550,422 2026,422 2026,401 2026,377 550,377 550,401"/>
        <Baseline points="550,401 2026,401"/>
        <TextEquiv>
          <Unicode></Unicode>
        </TextEquiv>
      </TextLine>
      <TextLine id="eSc_line_d27bb306" custom="structure {type:default;}">
        <Coords points="610,444 610,461 700,471 702,471 745,464 774,459 810,459 816,464 820,468 820,469 821,469 823,469 825,469 938,466 939,440 934,408 608,413 610,444"/>
        <Baseline points="610,444 939,440"/>
        <TextEquiv>
          <Unicode></Unicode>
        </TextEquiv>
      </TextLine>
      <TextLine id="eSc_line_ee3757ae" custom="structure {type:default;}">
        <Coords points="90,485 90,526 129,531 131,531 133,531 179,514 179,481 176,449 87,435 90,485"/>
        <Baseline points="90,485 179,481"/>
        <TextEquiv>
          <Unicode></Unicode>
        </TextEquiv>
      </TextLine>
      <TextLine id="eSc_line_f5d410d8" custom="structure {type:default;}">
        <Coords points="507,487 507,504 2025,500 2025,481 2019,454 505,461 507,487"/>
        <Baseline points="507,487 2025,481"/>
        <TextEquiv>
          <Unicode></Unicode>
        </TextEquiv>
      </TextLine>
      <TextLine id="eSc_line_1a7ae42d" custom="structure {type:default;}">
        <Coords points="551,528 551,546 2025,543 2026,524 2021,498 550,500 551,528"/>
        <Baseline points="551,528 2026,524"/>
        <TextEquiv>
          <Unicode></Unicode>
        </TextEquiv>
      </TextLine>
      <TextLine id="eSc_line_5af8a2c3" custom="structure {type:default;}">
        <Coords points="550,570 550,586 2021,589 2025,567 2019,543 548,543 550,570"/>
        <Baseline points="550,570 2025,567"/>
        <TextEquiv>
          <Unicode></Unicode>
        </TextEquiv>
      </TextLine>
      <TextLine id="eSc_line_a2b907d8" custom="structure {type:default;}">
        <Coords points="548,611 548,630 2021,633 2023,611 2023,589 548,589 548,611"/>
        <Baseline points="548,611 2023,611"/>
        <TextEquiv>
          <Unicode></Unicode>
        </TextEquiv>
      </TextLine>
      <TextLine id="eSc_line_612a4d25" custom="structure {type:default;}">
        <Coords points="546,652 546,668 915,676 917,676 919,676 941,668 948,675 948,676 950,676 951,676 953,678 1009,678 1009,676 1011,676 1013,676 1013,675 1015,675 1021,666 1092,666 1093,666 1100,673 1100,675 1102,675 1103,675 1105,676 1314,676 1314,675 1315,675 1346,666 1348,666 1442,675 1444,675 1445,675 1479,664 1479,649 1474,625 545,627 546,652"/>
        <Baseline points="546,652 1479,649"/>
        <TextEquiv>
          <Unicode></Unicode>
        </TextEquiv>
      </TextLine>
      <TextLine id="eSc_line_41ddbe02" custom="structure {type:default;}">
        <Coords points="510,697 510,724 557,716 904,721 1008,722 1009,722 1025,721 1064,714 1310,717 1517,721 1519,721 2025,710 2026,692 2023,668 522,664 521,664 519,664 517,664 509,669 510,697"/>
        <Baseline points="510,697 2026,692"/>
        <TextEquiv>
          <Unicode></Unicode>
        </TextEquiv>
      </TextLine>
      <TextLine id="eSc_line_97a835d7" custom="structure {type:default;}">
        <Coords points="550,736 550,758 2025,755 2026,733 2021,712 548,714 550,736"/>
        <Baseline points="550,736 2026,733"/>
        <TextEquiv>
          <Unicode></Unicode>
        </TextEquiv>
      </TextLine>
      <TextLine id="eSc_line_fdeedcb6" custom="structure {type:default;}">
        <Coords points="548,780 548,798 2021,801 2025,777 2019,753 546,755 548,780"/>
        <Baseline points="548,780 2025,777"/>
        <TextEquiv>
          <Unicode></Unicode>
        </TextEquiv>
      </TextLine>
      <TextLine id="eSc_line_cd9f2e25" custom="structure {type:default;}">
        <Coords points="550,825 550,847 1235,847 1235,845 1237,845 1238,845 1247,839 1252,837 1300,839 1433,845 1435,845 1531,837 1551,835 1553,837 1565,844 1567,844 1568,844 1570,844 1702,835 1710,835 1715,835 1859,842 1861,842 1862,842 1888,833 1891,833 2006,842 2007,842 2009,842 2011,842 2026,832 2026,816 2021,792 548,803 550,825"/>
        <Baseline points="550,825 2026,816"/>
        <TextEquiv>
          <Unicode></Unicode>
        </TextEquiv>
      </TextLine>
      <TextLine id="eSc_line_41b14549" custom="structure {type:default;}">
        <Coords points="548,866 548,888 634,880 792,888 806,888 808,890 915,890 915,888 917,888 919,888 936,880 965,888 968,888 970,888 972,888 974,888 975,888 996,880 1021,888 1032,890 1033,890 1035,890 1189,886 1191,886 1192,886 1204,878 1438,886 1520,888 1522,888 1524,888 1534,885 1565,876 1582,885 1585,886 1587,886 1589,886 1606,885 1695,876 1717,885 1720,886 1722,886 1724,888 1854,888 1854,886 1855,886 1857,886 1859,885 1871,876 1881,885 1883,885 1884,885 1886,885 2026,883 2028,861 2023,837 546,840 548,866"/>
        <Baseline points="548,866 2028,861"/>
        <TextEquiv>
          <Unicode></Unicode>
        </TextEquiv>
      </TextLine>
      <TextLine id="eSc_line_f4450277" custom="structure {type:default;}">
        <Coords points="548,907 548,927 2026,927 2028,902 2025,880 546,878 548,907"/>
        <Baseline points="548,907 2028,902"/>
        <TextEquiv>
          <Unicode></Unicode>
        </TextEquiv>
      </TextLine>
      <TextLine id="eSc_line_ac2082ad" custom="structure {type:default;}">
        <Coords points="548,950 548,965 565,974 567,974 569,974 622,963 623,963 632,963 886,972 888,972 946,960 948,946 943,924 546,926 548,950"/>
        <Baseline points="548,950 948,946"/>
        <TextEquiv>
          <Unicode></Unicode>
        </TextEquiv>
      </TextLine>
      <TextLine id="eSc_line_de05e27d" custom="structure {type:default;}">
        <Coords points="510,994 510,1011 2023,1013 2026,987 2021,962 509,967 510,994"/>
        <Baseline points="510,994 2026,987"/>
        <TextEquiv>
          <Unicode></Unicode>
        </TextEquiv>
      </TextLine>
      <TextLine id="eSc_line_2b6ab5dc" custom="structure {type:default;}">
        <Coords points="128,999 131,1013 141,1015 140,996 123,953 116,958 128,999"/>
        <Baseline points="128,999 140,996"/>
        <TextEquiv>
          <Unicode></Unicode>
        </TextEquiv>
      </TextLine>
      <TextLine id="eSc_line_163c05dd" custom="structure {type:default;}">
        <Coords points="551,1035 551,1052 2025,1045 2026,1028 2023,1006 550,1006 551,1035"/>
        <Baseline points="551,1035 2026,1028"/>
        <TextEquiv>
          <Unicode></Unicode>
        </TextEquiv>
      </TextLine>
      <TextLine id="eSc_line_5cab74e0" custom="structure {type:default;}">
        <Coords points="548,1078 548,1102 1433,1093 2021,1100 2025,1074 2021,1052 546,1049 548,1078"/>
        <Baseline points="548,1078 2025,1074"/>
        <TextEquiv>
          <Unicode></Unicode>
        </TextEquiv>
      </TextLine>
      <TextLine id="eSc_line_e171af5e" custom="structure {type:default;}">
        <Coords points="548,1117 548,1131 746,1141 748,1141 799,1131 962,1139 963,1139 965,1139 999,1127 999,1114 994,1093 546,1095 548,1117"/>
        <Baseline points="548,1117 999,1114"/>
        <TextEquiv>
          <Unicode></Unicode>
        </TextEquiv>
      </TextLine>
      <TextLine id="eSc_line_b8641758" custom="structure {type:default;}">
        <Coords points="93,1156 90,1197 129,1213 131,1213 133,1213 135,1213 167,1201 170,1160 172,1093 95,1090 93,1156"/>
        <Baseline points="93,1156 170,1160"/>
        <TextEquiv>
          <Unicode></Unicode>
        </TextEquiv>
      </TextLine>
      <TextLine id="eSc_line_009433ec" custom="structure {type:default;}">
        <Coords points="505,1160 505,1177 2025,1180 2028,1160 2026,1132 1461,1124 1459,1124 1457,1124 1456,1124 1444,1132 1442,1134 1187,1134 1182,1132 1103,1124 1102,1124 1100,1124 1071,1132 1069,1134 627,1134 606,1134 553,1124 551,1124 505,1132 505,1160"/>
        <Baseline points="505,1160 2028,1160"/>
        <TextEquiv>
          <Unicode></Unicode>
        </TextEquiv>
      </TextLine>
      <TextLine id="eSc_line_07742e15" custom="structure {type:default;}">
        <Coords points="550,1203 550,1225 719,1233 721,1233 910,1223 929,1223 933,1223 962,1232 963,1232 965,1232 1008,1223 1011,1223 1015,1223 1107,1232 1109,1232 1160,1221 1167,1221 1174,1221 1230,1230 1232,1230 1331,1221 1332,1221 1336,1221 1433,1230 1435,1230 1551,1228 1553,1228 1555,1228 1567,1220 1568,1220 1572,1220 1698,1228 1700,1228 1702,1228 1731,1218 1734,1218 1737,1218 1777,1226 1778,1226 1961,1218 2002,1226 2004,1226 2006,1226 2028,1216 2028,1194 2023,1174 548,1180 550,1203"/>
        <Baseline points="550,1203 2028,1194"/>
        <TextEquiv>
          <Unicode></Unicode>
        </TextEquiv>
      </TextLine>
      <TextLine id="eSc_line_3c816d7b" custom="structure {type:default;}">
        <Coords points="550,1245 550,1264 2023,1266 2026,1240 2021,1215 548,1221 550,1245"/>
        <Baseline points="550,1245 2026,1240"/>
        <TextEquiv>
          <Unicode></Unicode>
        </TextEquiv>
      </TextLine>
      <TextLine id="eSc_line_fb815bde" custom="structure {type:default;}">
        <Coords points="548,1288 548,1307 868,1305 898,1309 943,1314 945,1314 946,1314 948,1314 955,1309 963,1305 1057,1309 1139,1312 1141,1312 1203,1309 1317,1303 1358,1310 1377,1312 1379,1312 1380,1312 1385,1310 1396,1303 1406,1310 1408,1312 1409,1312 1411,1312 1413,1314 1508,1314 1508,1312 1510,1312 1517,1310 1546,1302 1703,1302 1715,1310 1717,1310 1719,1310 1720,1310 1732,1310 1903,1302 1919,1310 1920,1310 1922,1310 1924,1312 2026,1312 2028,1283 2023,1254 546,1261 548,1288"/>
        <Baseline points="548,1288 2028,1283"/>
        <TextEquiv>
          <Unicode></Unicode>
        </TextEquiv>
      </TextLine>
      <TextLine id="eSc_line_7c65f132" custom="structure {type:default;}">
        <Coords points="546,1331 546,1346 620,1353 622,1353 707,1336 707,1326 704,1303 545,1302 546,1331"/>
        <Baseline points="546,1331 707,1326"/>
        <TextEquiv>
          <Unicode></Unicode>
        </TextEquiv>
      </TextLine>
      <TextLine id="eSc_line_02fc3ab5" custom="structure {type:default;}">
        <Coords points="509,1373 509,1402 594,1391 627,1399 628,1399 630,1399 632,1399 651,1391 700,1399 702,1399 704,1399 705,1399 719,1389 910,1389 1165,1399 1189,1399 1191,1399 1192,1399 1194,1399 1213,1389 1257,1399 1264,1399 1266,1399 1281,1397 1382,1387 1440,1397 1447,1397 1449,1397 1450,1397 1452,1397 1474,1389 1555,1396 1573,1397 1575,1397 1587,1396 1632,1389 2025,1392 2028,1367 2023,1332 1729,1341 1696,1336 1676,1332 1674,1332 1673,1332 1662,1336 1643,1343 1449,1338 1324,1336 1322,1336 1293,1341 1266,1344 1256,1341 1245,1336 1244,1336 1242,1336 1240,1336 1227,1341 1216,1344 1139,1343 975,1336 974,1336 972,1336 943,1344 939,1344 924,1344 762,1338 760,1338 758,1338 724,1346 698,1338 697,1338 695,1338 608,1346 531,1338 529,1338 528,1338 507,1346 509,1373"/>
        <Baseline points="509,1373 2028,1367"/>
        <TextEquiv>
          <Unicode></Unicode>
        </TextEquiv>
      </TextLine>
      <TextLine id="eSc_line_95c16b50" custom="structure {type:default;}">
        <Coords points="141,1373 136,1351 121,1351 124,1377 131,1397 143,1387 141,1373"/>
        <Baseline points="124,1377 141,1373"/>
        <TextEquiv>
          <Unicode></Unicode>
        </TextEquiv>
      </TextLine>
      <TextLine id="eSc_line_78bb14dd" custom="structure {type:default;}">
        <Coords points="551,1413 551,1433 2026,1428 2028,1408 2023,1384 550,1391 551,1413"/>
        <Baseline points="551,1413 2028,1408"/>
        <TextEquiv>
          <Unicode></Unicode>
        </TextEquiv>
      </TextLine>
      <TextLine id="eSc_line_4bbe7ea5" custom="structure {type:default;}">
        <Coords points="548,1454 548,1474 1144,1483 1146,1483 1201,1474 1203,1474 1208,1474 1529,1481 1531,1481 1532,1481 1551,1473 1553,1473 1767,1473 1768,1473 1782,1481 1784,1481 1785,1481 1787,1483 1884,1483 1884,1481 2026,1471 2028,1450 2023,1430 546,1430 548,1454"/>
        <Baseline points="548,1454 2028,1450"/>
        <TextEquiv>
          <Unicode></Unicode>
        </TextEquiv>
      </TextLine>
      <TextLine id="eSc_line_23762b55" custom="structure {type:default;}">
        <Coords points="548,1500 548,1519 2026,1512 2028,1493 2023,1471 546,1474 548,1500"/>
        <Baseline points="548,1500 2028,1493"/>
        <TextEquiv>
          <Unicode></Unicode>
        </TextEquiv>
      </TextLine>
      <TextLine id="eSc_line_f2a19ca9" custom="structure {type:default;}">
        <Coords points="548,1543 548,1556 2021,1561 2025,1539 2021,1517 1324,1508 1322,1508 1281,1517 661,1510 659,1510 546,1519 548,1543"/>
        <Baseline points="548,1543 2025,1539"/>
        <TextEquiv>
          <Unicode></Unicode>
        </TextEquiv>
      </TextLine>
      <TextLine id="eSc_line_ae3a5678" custom="structure {type:default;}">
        <Coords points="546,1584 546,1599 615,1608 616,1608 750,1599 763,1599 769,1599 808,1608 810,1608 811,1608 833,1599 835,1599 839,1599 902,1609 904,1609 982,1599 1004,1608 1006,1608 1008,1609 1131,1609 1131,1608 1133,1608 1153,1597 1155,1597 1158,1597 1189,1608 1191,1608 1192,1608 1194,1608 1220,1597 1223,1597 1227,1597 1273,1608 1274,1608 1276,1608 1295,1597 1298,1597 1355,1597 1356,1597 1367,1608 1368,1608 1370,1608 1372,1609 1679,1609 1679,1608 1681,1608 1722,1596 1722,1580 1717,1558 545,1560 546,1584"/>
        <Baseline points="546,1584 1722,1580"/>
        <TextEquiv>
          <Unicode></Unicode>
        </TextEquiv>
      </TextLine>
      <TextLine id="eSc_line_c2f6dc11" custom="structure {type:default;}">
        <Coords points="509,1626 509,1643 2025,1647 2028,1621 2023,1597 507,1601 509,1626"/>
        <Baseline points="509,1626 2028,1621"/>
        <TextEquiv>
          <Unicode></Unicode>
        </TextEquiv>
      </TextLine>
      <TextLine id="eSc_line_583cbcdd" custom="structure {type:default;}">
        <Coords points="124,1631 124,1649 141,1647 141,1631 141,1611 124,1611 124,1631"/>
        <Baseline points="124,1631 141,1631"/>
        <TextEquiv>
          <Unicode></Unicode>
        </TextEquiv>
      </TextLine>
      <TextLine id="eSc_line_24b25e93" custom="structure {type:default;}">
        <Coords points="546,1667 546,1684 775,1693 777,1693 815,1684 820,1684 825,1684 852,1693 854,1693 856,1693 968,1684 982,1684 992,1684 1062,1693 1064,1693 1114,1684 1121,1684 2025,1684 2026,1664 2021,1642 545,1645 546,1667"/>
        <Baseline points="546,1667 2026,1664"/>
        <TextEquiv>
          <Unicode></Unicode>
        </TextEquiv>
      </TextLine>
      <TextLine id="eSc_line_7ac3467f" custom="structure {type:default;}">
        <Coords points="546,1712 546,1727 902,1734 904,1734 1011,1725 1020,1725 1023,1725 1064,1736 1066,1736 1068,1736 1069,1736 1071,1736 1083,1725 1085,1725 1143,1736 1144,1736 1146,1736 1148,1736 1165,1725 1165,1724 1237,1724 1238,1724 1247,1732 1247,1734 1249,1734 1250,1734 1252,1736 1514,1736 1514,1734 1515,1734 1553,1722 1553,1707 1549,1684 557,1679 555,1679 553,1679 551,1679 545,1684 546,1712"/>
        <Baseline points="546,1712 1553,1707"/>
        <TextEquiv>
          <Unicode></Unicode>
        </TextEquiv>
      </TextLine>
      <TextLine id="eSc_line_4a7349f7" custom="structure {type:default;}">
        <Coords points="509,1753 509,1770 2030,1766 2031,1748 2026,1722 507,1725 509,1753"/>
        <Baseline points="509,1753 2031,1748"/>
        <TextEquiv>
          <Unicode></Unicode>
        </TextEquiv>
      </TextLine>
      <TextLine id="eSc_line_91d111a4" custom="structure {type:default;}">
        <Coords points="126,1758 131,1828 150,1826 145,1756 140,1722 123,1724 126,1758"/>
        <Baseline points="126,1758 145,1756"/>
        <TextEquiv>
          <Unicode></Unicode>
        </TextEquiv>
      </TextLine>
      <TextLine id="eSc_line_950bc1b8" custom="structure {type:default;}">
        <Coords points="548,1796 548,1811 915,1819 917,1819 1018,1809 1030,1809 1054,1809 1285,1818 1286,1818 1421,1808 1433,1808 1450,1808 1650,1816 1652,1816 1784,1814 1785,1814 1787,1814 1797,1806 1799,1806 1808,1806 1924,1814 1925,1814 1927,1814 1951,1806 1978,1814 1980,1814 1982,1814 2026,1804 2028,1789 2023,1768 546,1770 548,1796"/>
        <Baseline points="548,1796 2028,1789"/>
        <TextEquiv>
          <Unicode></Unicode>
        </TextEquiv>
      </TextLine>
      <TextLine id="eSc_line_f2ba7e0a" custom="structure {type:default;}">
        <Coords points="546,1835 546,1855 2026,1860 2028,1835 2028,1813 546,1813 546,1835"/>
        <Baseline points="546,1835 2028,1835"/>
        <TextEquiv>
          <Unicode></Unicode>
        </TextEquiv>
      </TextLine>
      <TextLine id="eSc_line_fafa36e5" custom="structure {type:default;}">
        <Coords points="546,1879 546,1896 1855,1891 1857,1874 1854,1852 545,1852 546,1879"/>
        <Baseline points="546,1879 1857,1874"/>
        <TextEquiv>
          <Unicode></Unicode>
        </TextEquiv>
      </TextLine>
      <TextLine id="eSc_line_11b55282" custom="structure {type:default;}">
        <Coords points="512,1917 510,1936 616,1946 618,1948 698,1948 698,1946 700,1946 702,1946 716,1937 881,1946 883,1946 885,1946 886,1946 900,1937 917,1946 919,1946 1293,1948 1295,1948 1406,1939 1517,1948 1519,1948 2023,1937 2025,1920 2023,1898 512,1895 512,1917"/>
        <Baseline points="512,1917 2025,1920"/>
        <TextEquiv>
          <Unicode></Unicode>
        </TextEquiv>
      </TextLine>
      <TextLine id="eSc_line_f6e43398" custom="structure {type:default;}">
        <Coords points="550,1965 550,1984 2021,1987 2025,1960 2019,1937 548,1941 550,1965"/>
        <Baseline points="550,1965 2025,1960"/>
        <TextEquiv>
          <Unicode></Unicode>
        </TextEquiv>
      </TextLine>
      <TextLine id="eSc_line_a2fbfdce" custom="structure {type:default;}">
        <Coords points="546,2004 546,2019 671,2030 673,2030 675,2030 693,2021 748,2030 750,2030 796,2021 798,2021 832,2030 833,2030 835,2030 837,2030 857,2021 874,2030 876,2030 878,2030 934,2021 938,2021 1021,2021 1023,2021 1035,2030 1037,2030 1039,2030 1040,2030 1078,2021 1080,2021 1081,2021 1103,2030 1105,2030 1107,2030 1163,2021 1168,2021 1225,2021 1233,2028 1233,2030 1235,2030 1237,2030 1238,2030 1674,2021 1674,2004 1673,1977 546,1978 546,2004"/>
        <Baseline points="546,2004 1674,2004"/>
        <TextEquiv>
          <Unicode></Unicode>
        </TextEquiv>
      </TextLine>
      <TextLine id="eSc_line_ef02e469" custom="structure {type:default;}">
        <Coords points="510,2047 512,2076 534,2067 839,2072 1015,2076 1016,2076 1045,2071 1076,2066 1107,2071 1133,2074 1134,2074 1271,2069 1356,2066 1399,2067 1514,2074 1515,2074 1517,2074 1519,2074 1529,2066 1531,2064 1539,2066 1563,2072 1565,2072 1567,2072 1609,2066 1621,2064 1674,2064 1949,2072 1951,2072 2030,2060 2030,2042 2026,2021 522,2016 521,2016 519,2016 517,2016 509,2021 510,2047"/>
        <Baseline points="510,2047 2030,2042"/>
        <TextEquiv>
          <Unicode></Unicode>
        </TextEquiv>
      </TextLine>
      <TextLine id="eSc_line_a154560e" custom="structure {type:default;}">
        <Coords points="126,2055 129,2117 150,2117 146,2054 136,1995 121,2002 126,2055"/>
        <Baseline points="126,2055 146,2054"/>
        <TextEquiv>
          <Unicode></Unicode>
        </TextEquiv>
      </TextLine>
      <TextLine id="eSc_line_36ae429f" custom="structure {type:default;}">
        <Coords points="550,2089 550,2110 2023,2113 2026,2086 2021,2064 548,2066 550,2089"/>
        <Baseline points="550,2089 2026,2086"/>
        <TextEquiv>
          <Unicode></Unicode>
        </TextEquiv>
      </TextLine>
      <TextLine id="eSc_line_f4ad854c" custom="structure {type:default;}">
        <Coords points="548,2132 548,2149 2026,2148 2028,2129 2023,2101 546,2105 548,2132"/>
        <Baseline points="548,2132 2028,2129"/>
        <TextEquiv>
          <Unicode></Unicode>
        </TextEquiv>
      </TextLine>
      <TextLine id="eSc_line_f36a5693" custom="structure {type:default;}">
        <Coords points="546,2175 546,2185 620,2199 622,2199 700,2180 700,2171 695,2148 545,2149 546,2175"/>
        <Baseline points="546,2175 700,2171"/>
        <TextEquiv>
          <Unicode></Unicode>
        </TextEquiv>
      </TextLine>
      <TextLine id="eSc_line_0db54877" custom="structure {type:default;}">
        <Coords points="512,2216 512,2235 2028,2231 2028,2213 2025,2189 528,2182 526,2182 524,2182 522,2182 510,2187 512,2216"/>
        <Baseline points="512,2216 2028,2213"/>
        <TextEquiv>
          <Unicode></Unicode>
        </TextEquiv>
      </TextLine>
      <TextLine id="eSc_line_d5c73e78" custom="structure {type:default;}">
        <Coords points="550,2260 550,2279 2019,2281 2023,2255 2019,2233 1536,2224 1534,2224 1532,2224 1531,2224 1520,2233 668,2228 666,2228 548,2236 550,2260"/>
        <Baseline points="550,2260 2023,2255"/>
        <TextEquiv>
          <Unicode></Unicode>
        </TextEquiv>
      </TextLine>
      <TextLine id="eSc_line_fd24c461" custom="structure {type:default;}">
        <Coords points="548,2300 548,2322 739,2322 758,2330 760,2330 762,2332 859,2332 859,2330 861,2330 863,2330 874,2322 876,2322 910,2322 1177,2330 1179,2330 1180,2330 1199,2324 1208,2320 1233,2324 1283,2330 1285,2330 1346,2324 1396,2318 1430,2324 1457,2329 1459,2330 1570,2330 1570,2329 1572,2329 1587,2325 1611,2318 1696,2325 1749,2329 1751,2329 1753,2329 1755,2329 1758,2325 1768,2318 1794,2325 1808,2329 1809,2329 1811,2329 1833,2325 1878,2318 2019,2325 2023,2296 2018,2276 546,2277 548,2300"/>
        <Baseline points="548,2300 2023,2296"/>
        <TextEquiv>
          <Unicode></Unicode>
        </TextEquiv>
      </TextLine>
      <TextLine id="eSc_line_6bd975ae" custom="structure {type:default;}">
        <Coords points="550,2344 550,2358 628,2358 632,2358 661,2368 663,2368 664,2368 666,2368 698,2358 700,2358 702,2358 750,2368 751,2368 753,2368 755,2368 772,2358 774,2358 825,2358 832,2358 849,2368 851,2368 852,2368 854,2368 1035,2366 1037,2366 1039,2366 1047,2358 1056,2365 1056,2366 1057,2366 1059,2366 1061,2368 1127,2368 1127,2366 1129,2366 1163,2354 1163,2341 1160,2318 548,2318 550,2344"/>
        <Baseline points="550,2344 1163,2341"/>
        <TextEquiv>
          <Unicode></Unicode>
        </TextEquiv>
      </TextLine>
      <TextLine id="eSc_line_dcb8aeeb" custom="structure {type:default;}">
        <Coords points="92,2383 92,2404 169,2399 169,2383 169,2349 116,2334 114,2334 112,2334 111,2334 92,2341 92,2383"/>
        <Baseline points="92,2383 169,2383"/>
        <TextEquiv>
          <Unicode></Unicode>
        </TextEquiv>
      </TextLine>
      <TextLine id="eSc_line_04a1dc78" custom="structure {type:default;}">
        <Coords points="507,2385 507,2402 2023,2404 2026,2380 2021,2354 505,2358 507,2385"/>
        <Baseline points="507,2385 2026,2380"/>
        <TextEquiv>
          <Unicode></Unicode>
        </TextEquiv>
      </TextLine>
      <TextLine id="eSc_line_0a413a1f" custom="structure {type:default;}">
        <Coords points="548,2428 548,2452 2023,2445 2025,2423 2019,2402 546,2406 548,2428"/>
        <Baseline points="548,2428 2025,2423"/>
        <TextEquiv>
          <Unicode></Unicode>
        </TextEquiv>
      </TextLine>
      <TextLine id="eSc_line_94fe7c37" custom="structure {type:default;}">
        <Coords points="546,2469 546,2488 2023,2489 2025,2469 2025,2445 546,2445 546,2469"/>
        <Baseline points="546,2469 2025,2469"/>
        <TextEquiv>
          <Unicode></Unicode>
        </TextEquiv>
      </TextLine>
      <TextLine id="eSc_line_2a5004bb" custom="structure {type:default;}">
        <Coords points="545,2508 543,2524 569,2534 570,2534 572,2534 649,2525 728,2534 729,2534 789,2525 912,2534 914,2534 915,2534 945,2525 996,2534 998,2534 1062,2525 1093,2535 1095,2535 1097,2537 1266,2537 1266,2535 1268,2535 1293,2527 1520,2535 1522,2535 1585,2525 1587,2512 1585,2489 1517,2489 1517,2488 1507,2479 1505,2479 1503,2479 1502,2479 1445,2488 1444,2488 1442,2488 1401,2479 1399,2479 1336,2488 1332,2488 1327,2488 1269,2479 1268,2479 1206,2488 1199,2488 1194,2488 1162,2479 1160,2479 1158,2479 1115,2488 1109,2488 1092,2488 996,2479 994,2479 866,2486 857,2486 847,2477 845,2477 844,2477 842,2477 799,2486 796,2486 545,2486 545,2508"/>
        <Baseline points="545,2508 1587,2512"/>
        <TextEquiv>
          <Unicode></Unicode>
        </TextEquiv>
      </TextLine>
      <TextLine id="eSc_line_8a6e000b" custom="structure {type:default;}">
        <Coords points="505,2554 505,2575 921,2585 922,2585 1042,2575 1187,2585 1189,2585 1191,2585 1213,2575 1261,2583 1262,2583 1377,2575 1602,2583 1604,2583 1681,2575 1773,2580 1775,2580 1777,2580 1778,2580 1792,2571 1872,2582 1874,2582 1876,2582 1912,2571 1927,2582 1929,2582 1931,2582 1932,2583 1996,2583 1996,2582 1997,2582 2026,2568 2026,2547 2023,2525 1814,2517 1813,2517 1811,2517 1792,2525 1787,2525 1686,2518 1685,2518 1642,2527 1635,2527 1604,2527 1430,2520 1428,2520 1139,2529 1117,2529 1112,2529 1032,2520 1030,2520 900,2529 881,2520 880,2520 878,2520 876,2520 837,2530 833,2530 810,2530 522,2522 521,2522 519,2522 504,2529 505,2554"/>
        <Baseline points="505,2554 2026,2547"/>
        <TextEquiv>
          <Unicode></Unicode>
        </TextEquiv>
      </TextLine>
      <TextLine id="eSc_line_f45a5e60" custom="structure {type:default;}">
        <Coords points="545,2595 545,2616 878,2616 878,2595 878,2570 545,2570 545,2595"/>
        <Baseline points="545,2595 878,2595"/>
        <TextEquiv>
          <Unicode></Unicode>
        </TextEquiv>
      </TextLine>
      <TextLine id="eSc_line_9514dffb" custom="structure {type:default;}">
        <Coords points="509,2636 509,2667 596,2657 697,2664 698,2664 700,2664 702,2664 716,2655 917,2655 936,2664 936,2665 938,2665 939,2665 941,2665 967,2664 1102,2655 1115,2664 1119,2665 1121,2665 1122,2665 1124,2665 1175,2662 1271,2657 1285,2662 1290,2664 1291,2664 1293,2664 1295,2664 1297,2664 1298,2662 1314,2653 1414,2660 1461,2664 1462,2664 1464,2664 1466,2664 1471,2660 1483,2653 1551,2660 1599,2664 1601,2664 1674,2659 1753,2653 2021,2655 2025,2633 2021,2609 1638,2600 1637,2600 1635,2600 1611,2609 1609,2611 1449,2611 1444,2609 1327,2600 1326,2600 1324,2600 1298,2609 1268,2600 1266,2600 1264,2600 1208,2611 1199,2611 1192,2611 1141,2602 1139,2602 1138,2602 1119,2611 1115,2612 507,2612 509,2636"/>
        <Baseline points="509,2636 2025,2633"/>
        <TextEquiv>
          <Unicode></Unicode>
        </TextEquiv>
      </TextLine>
      <TextLine id="eSc_line_bebdc9f4" custom="structure {type:default;}">
        <Coords points="124,2648 126,2659 145,2657 143,2643 128,2607 114,2614 124,2648"/>
        <Baseline points="124,2648 143,2643"/>
        <TextEquiv>
          <Unicode></Unicode>
        </TextEquiv>
      </TextLine>
      <TextLine id="eSc_line_574f084b" custom="structure {type:default;}">
        <Coords points="550,2679 550,2717 1201,2725 1203,2725 1274,2715 1286,2715 1411,2715 1413,2715 1423,2723 1425,2723 1426,2723 1428,2723 1430,2723 1459,2715 1462,2715 1466,2715 1505,2723 1507,2723 1549,2715 1553,2715 1555,2715 1601,2723 1602,2723 1796,2715 1799,2715 1818,2723 1820,2723 1821,2725 1990,2725 1990,2723 1992,2723 2021,2713 2021,2676 2016,2652 548,2657 550,2679"/>
        <Baseline points="550,2679 2021,2676"/>
        <TextEquiv>
          <Unicode></Unicode>
        </TextEquiv>
      </TextLine>
    </TextRegion>
    <TextRegion id="eSc_textblock_dd2ccc06"  custom="structure {type:default;}">
      <Coords points="856,95 1384,102 1397,169 1356,189 697,176 704,109 856,95"/>
      <TextLine id="eSc_line_76f63141" custom="structure {type:default;}">
        <Coords points="1344,100 1339,100 1329,111 1327,112 1283,116 1238,116 1233,111 1225,104 1225,102 1223,102 1221,102 1220,102 1115,111 1076,114 1069,111 1049,97 1037,97 1020,97 1003,97 986,97 968,95 951,95 934,95 926,95 924,95 922,95 902,109 873,95 871,95 869,95 760,104 755,102 746,104 729,105 712,107 714,155 714,172 746,181 748,181 780,174 789,172 794,174 821,186 823,186 825,186 827,186 828,186 840,177 871,186 873,186 874,186 1080,184 1081,184 1093,179 1110,170 1177,181 1208,184 1209,184 1211,184 1221,181 1247,172 1271,181 1278,184 1279,184 1281,184 1283,184 1291,182 1327,172 1370,182 1375,152 1373,109 1358,100 1344,100"/>
        <Baseline points="714,155 1375,152"/>
        <TextEquiv>
          <Unicode></Unicode>
        </TextEquiv>
      </TextLine>
    </TextRegion>
    <TextRegion id="eSc_textblock_5a97b96a"  custom="structure {type:default;}">
      <Coords points="1955,109 2045,123 2052,162 1931,182 1924,123 1955,109"/>
      <TextLine id="eSc_line_a8551053" custom="structure {type:default;}">
        <Coords points="1937,155 1937,181 2023,184 2025,155 2023,119 1937,119 1937,155"/>
        <Baseline points="1937,155 2025,155"/>
        <TextEquiv>
          <Unicode></Unicode>
        </TextEquiv>
      </TextLine>
    </TextRegion>
    <TextRegion id="eSc_textblock_165dbc51"  custom="structure {type:default;}">
      <Coords points="242,2631 244,2643 239,2643 239,2631 242,2631"/>
    </TextRegion>
  </Page>
</PcGts>
