<?xml version="1.0" encoding="UTF-8"  standalone="yes"?>
<PcGts xmlns="http://schema.primaresearch.org/PAGE/gts/pagecontent/2019-07-15" xmlns:xsi="http://www.w3.org/2001/XMLSchema-instance" xsi:schemaLocation="http://schema.primaresearch.org/PAGE/gts/pagecontent/2019-07-15 http://schema.primaresearch.org/PAGE/gts/pagecontent/2019-07-15/pagecontent.xsd">
  <Metadata externalRef="pdf//regestapontificu01cath.pdf">
	<Creator>escriptorium</Creator>
	<Created>2026-02-12T11:25:42.054447+00:00</Created>
        <LastChange>2026-02-13T10:22:38.651276+00:00</LastChange>
  </Metadata>
  <Page imageFilename="regestapontificu01cath.pdf_page_139.png" imageWidth="2260" imageHeight="3076">
    <TextRegion id="eSc_textblock_cb4fe60b"  custom="structure {type:default;}">
      <Coords points="1964,218 2061,239 2068,287 2041,2712 1844,2718 1904,2739 1822,2753 1735,2753 1685,2725 1119,2712 512,2725 476,2670 307,2657 280,2588 278,2438 251,2684 68,2670 47,1626 68,1515 68,922 88,921 68,914 68,457 102,246 1753,239 1964,218"/>
      <TextLine id="eSc_line_f49f0233" custom="structure {type:default;}">
        <Coords points="495,283 495,311 728,311 728,283 728,246 495,246 495,283"/>
        <Baseline points="495,283 728,283"/>
        <TextEquiv>
          <Unicode></Unicode>
        </TextEquiv>
      </TextLine>
      <TextLine id="eSc_line_a6ce6c4b" custom="structure {type:default;}">
        <Coords points="517,333 517,350 2030,345 2032,329 2030,300 1991,281 1989,281 1942,281 1940,281 1938,281 1936,281 1911,300 1653,300 1625,287 1624,287 1622,287 1489,299 1463,281 1461,281 1459,281 1275,281 1273,281 1182,290 1104,283 1102,283 1100,283 1053,300 1051,300 1047,300 1006,285 1005,285 1003,285 1001,285 977,295 858,287 856,287 854,287 829,300 827,300 822,300 776,288 774,288 516,299 517,333"/>
        <Baseline points="517,333 2032,329"/>
        <TextEquiv>
          <Unicode></Unicode>
        </TextEquiv>
      </TextLine>
      <TextLine id="eSc_line_e2ccaee0" custom="structure {type:default;}">
        <Coords points="557,375 557,401 1082,398 1104,405 1118,408 1119,408 1121,410 1447,410 1447,408 1475,405 1552,396 1581,406 1584,406 1586,406 1588,408 2030,408 2032,370 2027,348 555,350 557,375"/>
        <Baseline points="557,375 2032,370"/>
        <TextEquiv>
          <Unicode></Unicode>
        </TextEquiv>
      </TextLine>
      <TextLine id="eSc_line_9c092a33" custom="structure {type:default;}">
        <Coords points="553,418 553,439 1107,434 1109,415 1104,391 552,393 553,418"/>
        <Baseline points="553,418 1109,415"/>
        <TextEquiv>
          <Unicode></Unicode>
        </TextEquiv>
      </TextLine>
      <TextLine id="eSc_line_1bef974c" custom="structure {type:default;}">
        <Coords points="494,476 494,495 519,509 521,509 523,510 576,510 576,509 577,509 579,509 579,507 591,497 593,495 601,497 651,509 653,509 718,500 718,476 718,442 494,442 494,476"/>
        <Baseline points="494,476 718,476"/>
        <TextEquiv>
          <Unicode></Unicode>
        </TextEquiv>
      </TextLine>
      <TextLine id="eSc_line_66f2e89a" custom="structure {type:default;}">
        <Coords points="497,522 497,546 2030,545 2032,526 2030,495 497,493 497,522"/>
        <Baseline points="497,522 2032,526"/>
        <TextEquiv>
          <Unicode></Unicode>
        </TextEquiv>
      </TextLine>
      <TextLine id="eSc_line_782f36ff" custom="structure {type:default;}">
        <Coords points="557,569 557,586 2032,581 2034,563 2030,540 555,538 557,569"/>
        <Baseline points="557,569 2034,563"/>
        <TextEquiv>
          <Unicode></Unicode>
        </TextEquiv>
      </TextLine>
      <TextLine id="eSc_line_a975b9bc" custom="structure {type:default;}">
        <Coords points="557,611 557,628 2030,625 2032,608 2027,584 555,586 557,611"/>
        <Baseline points="557,611 2032,608"/>
        <TextEquiv>
          <Unicode></Unicode>
        </TextEquiv>
      </TextLine>
      <TextLine id="eSc_line_dfd6e98f" custom="structure {type:default;}">
        <Coords points="557,654 557,680 1123,671 1288,675 1533,680 1535,680 1536,680 1538,680 1548,673 1555,669 1668,671 2000,678 2001,678 2003,678 2032,668 2032,649 2027,625 555,625 557,654"/>
        <Baseline points="557,654 2032,649"/>
        <TextEquiv>
          <Unicode></Unicode>
        </TextEquiv>
      </TextLine>
      <TextLine id="eSc_line_b1bf257f" custom="structure {type:default;}">
        <Coords points="497,716 497,743 557,745 559,745 560,745 581,739 606,731 618,736 634,743 635,743 637,745 702,745 702,743 704,743 706,743 718,733 718,712 712,673 495,675 497,716"/>
        <Baseline points="497,716 718,712"/>
        <TextEquiv>
          <Unicode></Unicode>
        </TextEquiv>
      </TextLine>
      <TextLine id="eSc_line_5aa13904" custom="structure {type:default;}">
        <Coords points="517,763 517,786 2030,774 2032,758 2029,731 1943,721 1942,721 1439,731 1359,731 1324,731 1121,721 1119,721 1037,731 1010,733 981,731 904,722 902,722 516,729 517,763"/>
        <Baseline points="517,763 2032,758"/>
        <TextEquiv>
          <Unicode></Unicode>
        </TextEquiv>
      </TextLine>
      <TextLine id="eSc_line_019cecd6" custom="structure {type:default;}">
        <Coords points="557,806 557,825 685,825 690,827 712,839 714,839 716,839 782,827 800,823 938,823 988,828 1022,832 1024,832 1049,828 1090,823 1118,828 1147,835 1148,835 1181,830 1215,823 1258,830 1285,833 1287,833 1288,833 1295,830 1311,821 1364,830 1365,830 1367,830 1369,830 1396,821 1415,830 1424,835 1425,835 1427,835 1449,832 1473,827 1518,832 1555,835 1557,835 1559,835 1560,835 1565,832 1584,821 1689,821 1712,832 1716,833 1718,833 1719,835 1779,835 1779,833 1781,833 1783,833 1798,823 1841,833 1846,833 1848,835 2032,835 2034,799 2029,777 555,777 557,806"/>
        <Baseline points="557,806 2034,799"/>
        <TextEquiv>
          <Unicode></Unicode>
        </TextEquiv>
      </TextLine>
      <TextLine id="eSc_line_3ea230ff" custom="structure {type:default;}">
        <Coords points="555,847 555,864 1148,874 1150,874 1152,874 1153,874 1153,873 1165,862 1196,862 1198,844 1193,821 553,823 555,847"/>
        <Baseline points="555,847 1198,844"/>
        <TextEquiv>
          <Unicode></Unicode>
        </TextEquiv>
      </TextLine>
      <TextLine id="eSc_line_961e9f47" custom="structure {type:default;}">
        <Coords points="494,909 494,924 712,927 716,904 714,869 694,857 692,857 690,857 632,857 630,857 629,857 627,857 627,859 613,873 557,861 555,861 492,874 494,909"/>
        <Baseline points="494,909 716,904"/>
        <TextEquiv>
          <Unicode></Unicode>
        </TextEquiv>
      </TextLine>
      <TextLine id="eSc_line_aebb0a87" custom="structure {type:default;}">
        <Coords points="517,955 517,972 2032,979 2034,955 2034,927 1447,919 1446,919 1396,927 1391,927 1377,927 1239,919 1237,919 1147,927 1141,927 1135,927 1044,919 1042,919 517,927 517,955"/>
        <Baseline points="517,955 2034,955"/>
        <TextEquiv>
          <Unicode></Unicode>
        </TextEquiv>
      </TextLine>
      <TextLine id="eSc_line_9251cefb" custom="structure {type:default;}">
        <Coords points="555,997 555,1016 2036,1016 2036,997 2036,974 1877,974 1854,963 1853,963 1851,963 1740,972 1388,963 1386,963 1090,972 895,963 894,963 892,963 890,963 875,974 740,974 594,963 593,963 591,963 555,972 555,997"/>
        <Baseline points="555,997 2036,997"/>
        <TextEquiv>
          <Unicode></Unicode>
        </TextEquiv>
      </TextLine>
      <TextLine id="eSc_line_e5bdadd8" custom="structure {type:default;}">
        <Coords points="555,1040 555,1068 659,1057 1280,1066 1282,1066 1377,1056 2030,1064 2034,1037 2029,1015 553,1018 555,1040"/>
        <Baseline points="555,1040 2034,1037"/>
        <TextEquiv>
          <Unicode></Unicode>
        </TextEquiv>
      </TextLine>
      <TextLine id="eSc_line_24b8a858" custom="structure {type:default;}">
        <Coords points="559,1083 559,1107 2036,1098 2036,1083 2034,1056 559,1056 559,1083"/>
        <Baseline points="559,1083 2036,1083"/>
        <TextEquiv>
          <Unicode></Unicode>
        </TextEquiv>
      </TextLine>
      <TextLine id="eSc_line_38f2660b" custom="structure {type:default;}">
        <Coords points="100,1191 162,1208 164,1208 165,1208 167,1208 169,1208 169,1206 186,1191 244,1187 244,1151 241,1083 211,1076 210,1076 208,1076 206,1076 206,1078 201,1081 193,1090 162,1090 148,1080 145,1076 143,1076 141,1076 140,1076 138,1076 124,1080 107,1085 100,1080 100,1155 100,1191"/>
        <Baseline points="100,1155 244,1151"/>
        <TextEquiv>
          <Unicode></Unicode>
        </TextEquiv>
      </TextLine>
      <TextLine id="eSc_line_0ce93996" custom="structure {type:default;}">
        <Coords points="559,1126 559,1143 2034,1139 2036,1122 2032,1098 582,1091 581,1091 579,1091 557,1100 559,1126"/>
        <Baseline points="559,1126 2036,1122"/>
        <TextEquiv>
          <Unicode></Unicode>
        </TextEquiv>
      </TextLine>
      <TextLine id="eSc_line_8dbdfa83" custom="structure {type:default;}">
        <Coords points="555,1167 555,1184 844,1192 846,1192 906,1184 911,1184 916,1184 984,1192 986,1192 988,1192 1020,1184 1022,1184 1024,1184 1082,1192 1083,1192 1085,1192 1106,1184 1121,1184 1531,1191 1533,1191 1574,1182 1577,1182 1584,1182 1671,1191 1673,1191 1712,1182 1714,1182 1743,1191 1745,1191 1747,1192 1993,1192 1993,1191 1995,1191 2034,1180 2034,1163 2030,1143 1299,1134 1297,1134 1295,1134 1294,1134 1283,1143 570,1136 569,1136 567,1136 565,1136 553,1141 555,1167"/>
        <Baseline points="555,1167 2034,1163"/>
        <TextEquiv>
          <Unicode></Unicode>
        </TextEquiv>
      </TextLine>
      <TextLine id="eSc_line_bfe92e3c" custom="structure {type:default;}">
        <Coords points="553,1206 553,1226 1278,1226 1282,1226 1294,1235 1295,1235 1297,1235 1299,1235 1596,1228 1622,1228 1630,1228 1723,1237 1724,1237 2032,1228 2034,1213 2032,1185 553,1179 553,1206"/>
        <Baseline points="553,1206 2034,1213"/>
        <TextEquiv>
          <Unicode></Unicode>
        </TextEquiv>
      </TextLine>
      <TextLine id="eSc_line_45987da5" custom="structure {type:default;}">
        <Coords points="553,1249 552,1264 564,1271 565,1271 567,1271 569,1271 1285,1264 1287,1252 1285,1228 553,1220 553,1249"/>
        <Baseline points="553,1249 1287,1252"/>
        <TextEquiv>
          <Unicode></Unicode>
        </TextEquiv>
      </TextLine>
      <TextLine id="eSc_line_32e500e4" custom="structure {type:default;}">
        <Coords points="495,1312 495,1332 610,1331 615,1332 625,1341 627,1341 629,1341 630,1343 630,1341 632,1341 634,1341 644,1332 647,1331 654,1332 682,1341 683,1341 685,1341 687,1341 712,1331 719,1329 726,1331 745,1339 747,1339 748,1341 878,1341 878,1339 880,1339 916,1329 921,1327 935,1327 1044,1338 1046,1338 1047,1338 1071,1326 1071,1307 1068,1279 959,1271 957,1271 895,1279 846,1269 844,1269 842,1269 808,1281 806,1283 752,1283 707,1283 644,1271 642,1271 641,1271 603,1283 579,1271 577,1271 512,1271 511,1271 509,1271 507,1271 494,1278 495,1312"/>
        <Baseline points="495,1312 1071,1307"/>
        <TextEquiv>
          <Unicode></Unicode>
        </TextEquiv>
      </TextLine>
      <TextLine id="eSc_line_e7ff60ba" custom="structure {type:default;}">
        <Coords points="514,1356 512,1373 596,1384 598,1384 1169,1377 1292,1385 1294,1385 2036,1377 2037,1360 2037,1334 1846,1334 1844,1332 1832,1324 1830,1324 1829,1324 1827,1324 1767,1332 1760,1332 1752,1332 1653,1324 1651,1324 1649,1324 1624,1332 1620,1332 1603,1332 1499,1324 1497,1324 1218,1331 1181,1331 1176,1331 1133,1322 1131,1322 1130,1322 1111,1331 1109,1331 1087,1331 947,1322 945,1322 897,1329 885,1331 514,1329 514,1356"/>
        <Baseline points="514,1356 2037,1360"/>
        <TextEquiv>
          <Unicode></Unicode>
        </TextEquiv>
      </TextLine>
      <TextLine id="eSc_line_3f2640b7" custom="structure {type:default;}">
        <Coords points="555,1402 555,1421 2032,1426 2036,1399 2030,1377 553,1379 555,1402"/>
        <Baseline points="555,1402 2036,1399"/>
        <TextEquiv>
          <Unicode></Unicode>
        </TextEquiv>
      </TextLine>
      <TextLine id="eSc_line_1db80b2d" custom="structure {type:default;}">
        <Coords points="553,1442 552,1455 589,1466 591,1466 593,1466 2032,1459 2034,1445 2030,1414 553,1416 553,1442"/>
        <Baseline points="553,1442 2034,1445"/>
        <TextEquiv>
          <Unicode></Unicode>
        </TextEquiv>
      </TextLine>
      <TextLine id="eSc_line_74e32108" custom="structure {type:default;}">
        <Coords points="553,1490 553,1507 2032,1505 2034,1486 2030,1462 552,1461 553,1490"/>
        <Baseline points="553,1490 2034,1486"/>
        <TextEquiv>
          <Unicode></Unicode>
        </TextEquiv>
      </TextLine>
      <TextLine id="eSc_line_12cb9e2e" custom="structure {type:default;}">
        <Coords points="555,1531 555,1555 1087,1546 1090,1549 1097,1555 1097,1556 1099,1556 1100,1556 1102,1558 1311,1558 1311,1556 1312,1556 1314,1556 1328,1548 1389,1556 1391,1556 1393,1556 1436,1544 1436,1527 1432,1503 572,1498 570,1498 569,1498 553,1505 555,1531"/>
        <Baseline points="555,1531 1436,1527"/>
        <TextEquiv>
          <Unicode></Unicode>
        </TextEquiv>
      </TextLine>
      <TextLine id="eSc_line_2ca876f6" custom="structure {type:default;}">
        <Coords points="494,1590 494,1609 849,1608 851,1587 846,1556 774,1556 765,1553 750,1544 748,1544 747,1544 687,1549 588,1558 564,1544 562,1543 560,1543 559,1543 492,1543 494,1590"/>
        <Baseline points="494,1590 851,1587"/>
        <TextEquiv>
          <Unicode></Unicode>
        </TextEquiv>
      </TextLine>
      <TextLine id="eSc_line_1c8b59a0" custom="structure {type:default;}">
        <Coords points="75,1645 75,1664 239,1679 241,1642 235,1590 179,1592 177,1592 176,1592 167,1597 152,1609 73,1609 75,1645"/>
        <Baseline points="75,1645 241,1642"/>
        <TextEquiv>
          <Unicode></Unicode>
        </TextEquiv>
      </TextLine>
      <TextLine id="eSc_line_51c5ffbb" custom="structure {type:default;}">
        <Coords points="514,1638 514,1661 2034,1661 2034,1638 2034,1611 514,1608 514,1638"/>
        <Baseline points="514,1638 2034,1638"/>
        <TextEquiv>
          <Unicode></Unicode>
        </TextEquiv>
      </TextLine>
      <TextLine id="eSc_line_feff3423" custom="structure {type:default;}">
        <Coords points="555,1681 555,1698 2034,1695 2036,1678 2030,1654 553,1655 555,1681"/>
        <Baseline points="555,1681 2036,1678"/>
        <TextEquiv>
          <Unicode></Unicode>
        </TextEquiv>
      </TextLine>
      <TextLine id="eSc_line_58e36382" custom="structure {type:default;}">
        <Coords points="553,1727 553,1755 1290,1755 1290,1753 1295,1753 1352,1744 2030,1751 2034,1724 2029,1700 552,1702 553,1727"/>
        <Baseline points="553,1727 2034,1724"/>
        <TextEquiv>
          <Unicode></Unicode>
        </TextEquiv>
      </TextLine>
      <TextLine id="eSc_line_d03f63e9" custom="structure {type:default;}">
        <Coords points="555,1768 555,1787 2032,1780 2034,1763 2029,1739 553,1743 555,1768"/>
        <Baseline points="555,1768 2034,1763"/>
        <TextEquiv>
          <Unicode></Unicode>
        </TextEquiv>
      </TextLine>
      <TextLine id="eSc_line_bd2a3fec" custom="structure {type:default;}">
        <Coords points="553,1806 552,1821 2029,1828 2032,1809 2030,1784 553,1780 553,1806"/>
        <Baseline points="553,1806 2032,1809"/>
        <TextEquiv>
          <Unicode></Unicode>
        </TextEquiv>
      </TextLine>
      <TextLine id="eSc_line_f6547b18" custom="structure {type:default;}">
        <Coords points="555,1849 555,1869 765,1876 767,1876 769,1876 786,1869 793,1867 805,1869 844,1876 846,1876 847,1876 849,1876 858,1869 863,1867 960,1867 979,1869 1041,1876 1042,1876 1044,1876 1046,1876 1054,1869 1056,1867 1222,1867 1234,1867 1292,1876 1294,1876 1295,1876 1297,1876 1306,1867 1307,1867 1417,1867 1429,1867 1530,1876 1531,1876 1603,1867 1605,1867 1606,1867 1617,1876 1618,1876 1620,1876 1622,1878 1781,1878 1781,1876 1783,1876 1784,1876 1798,1867 1846,1876 1848,1876 1889,1866 1890,1849 1889,1826 555,1826 555,1849"/>
        <Baseline points="555,1849 1890,1849"/>
        <TextEquiv>
          <Unicode></Unicode>
        </TextEquiv>
      </TextLine>
      <TextLine id="eSc_line_f69b9b7e" custom="structure {type:default;}">
        <Coords points="95,1900 95,1922 203,1931 205,1931 261,1917 261,1895 253,1852 235,1862 222,1855 210,1850 208,1850 206,1850 94,1867 95,1900"/>
        <Baseline points="95,1900 261,1895"/>
        <TextEquiv>
          <Unicode></Unicode>
        </TextEquiv>
      </TextLine>
      <TextLine id="eSc_line_b5166391" custom="structure {type:default;}">
        <Coords points="517,1893 517,1915 2032,1915 2034,1888 2029,1864 516,1866 517,1893"/>
        <Baseline points="517,1893 2034,1888"/>
        <TextEquiv>
          <Unicode></Unicode>
        </TextEquiv>
      </TextLine>
      <TextLine id="eSc_line_0074ecd0" custom="structure {type:default;}">
        <Coords points="555,1937 555,1953 2029,1946 2030,1931 2027,1907 924,1901 923,1901 791,1910 591,1903 589,1903 588,1903 553,1912 555,1937"/>
        <Baseline points="555,1937 2030,1931"/>
        <TextEquiv>
          <Unicode></Unicode>
        </TextEquiv>
      </TextLine>
      <TextLine id="eSc_line_0a3464b3" custom="structure {type:default;}">
        <Coords points="553,1978 553,2004 653,1995 709,2004 714,2004 716,2004 723,2004 784,1995 835,2004 844,2004 846,2004 859,2002 921,1995 952,2002 959,2004 960,2004 962,2006 1131,2006 1131,2004 1133,2004 1135,2004 1138,2002 1147,1995 1189,2001 1213,2004 1215,2006 1343,2006 1343,2004 1345,2004 1347,2004 1350,2001 1357,1995 1376,2001 1393,2004 1394,2004 1396,2004 1434,2001 1473,1995 1509,1999 1553,2004 1555,2004 1557,2004 1576,1999 1589,1995 1606,1999 1634,2004 1636,2004 1663,1999 1677,1995 1687,1999 1704,2004 1706,2004 1707,2004 2030,1995 2030,1978 2029,1953 553,1953 553,1978"/>
        <Baseline points="553,1978 2030,1978"/>
        <TextEquiv>
          <Unicode></Unicode>
        </TextEquiv>
      </TextLine>
      <TextLine id="eSc_line_df1113d0" custom="structure {type:default;}">
        <Coords points="555,2021 555,2038 1524,2031 1526,2016 1521,1992 553,1992 555,2021"/>
        <Baseline points="555,2021 1526,2016"/>
        <TextEquiv>
          <Unicode></Unicode>
        </TextEquiv>
      </TextLine>
      <TextLine id="eSc_line_896a185a" custom="structure {type:default;}">
        <Coords points="294,2060 294,2100 458,2103 459,2057 458,2006 442,1992 442,1990 441,1990 439,1990 437,1990 362,2006 352,2009 321,2009 319,2006 311,1999 311,1997 309,1997 307,1997 306,1997 304,1997 292,2002 294,2060"/>
        <Baseline points="294,2060 459,2057"/>
        <TextEquiv>
          <Unicode></Unicode>
        </TextEquiv>
      </TextLine>
      <TextLine id="eSc_line_d7a1c20a" custom="structure {type:default;}">
        <Coords points="512,2060 512,2078 2034,2074 2034,2057 2030,2026 511,2026 512,2060"/>
        <Baseline points="512,2060 2034,2057"/>
        <TextEquiv>
          <Unicode></Unicode>
        </TextEquiv>
      </TextLine>
      <TextLine id="eSc_line_eef9df0d" custom="structure {type:default;}">
        <Coords points="553,2103 553,2125 606,2132 608,2132 665,2127 726,2120 752,2127 770,2132 772,2132 774,2132 882,2127 1030,2120 1087,2129 1119,2132 1121,2132 1174,2129 1232,2124 1256,2129 1275,2132 1277,2132 1278,2132 1280,2132 1283,2129 1294,2122 1304,2129 1306,2130 1307,2130 1309,2130 1311,2130 1326,2129 1389,2119 1446,2129 1456,2130 1458,2130 1470,2129 1538,2119 1567,2129 1571,2130 1572,2130 1574,2132 1699,2132 1699,2130 1700,2130 1702,2130 1716,2120 1733,2130 1735,2130 1736,2130 1738,2132 1844,2132 1844,2130 1846,2130 1878,2119 1974,2119 2027,2130 2030,2100 2025,2078 552,2081 553,2103"/>
        <Baseline points="553,2103 2030,2100"/>
        <TextEquiv>
          <Unicode></Unicode>
        </TextEquiv>
      </TextLine>
      <TextLine id="eSc_line_ec4e65c8" custom="structure {type:default;}">
        <Coords points="553,2146 553,2163 1671,2161 1673,2142 1668,2119 552,2120 553,2146"/>
        <Baseline points="553,2146 1673,2142"/>
        <TextEquiv>
          <Unicode></Unicode>
        </TextEquiv>
      </TextLine>
      <TextLine id="eSc_line_e46c3893" custom="structure {type:default;}">
        <Coords points="494,2199 494,2219 719,2213 721,2195 718,2158 492,2149 494,2199"/>
        <Baseline points="494,2199 721,2195"/>
        <TextEquiv>
          <Unicode></Unicode>
        </TextEquiv>
      </TextLine>
      <TextLine id="eSc_line_4e532ba6" custom="structure {type:default;}">
        <Coords points="494,2247 494,2276 582,2264 612,2272 613,2272 615,2272 656,2264 671,2274 673,2274 675,2274 676,2274 678,2274 680,2274 695,2264 839,2272 865,2272 866,2272 868,2272 870,2272 870,2271 883,2262 933,2271 948,2272 950,2272 952,2272 953,2272 957,2271 967,2262 1106,2262 1128,2267 1147,2272 1148,2272 1150,2272 1205,2267 1263,2260 1388,2264 1605,2271 1606,2271 1699,2260 2015,2265 2017,2265 2018,2265 2020,2265 2030,2257 2030,2240 2029,2214 1998,2204 1996,2204 1995,2204 1848,2213 1671,2204 1670,2204 1567,2206 1565,2206 1564,2206 1552,2214 1550,2216 492,2216 494,2247"/>
        <Baseline points="494,2247 2030,2240"/>
        <TextEquiv>
          <Unicode></Unicode>
        </TextEquiv>
      </TextLine>
      <TextLine id="eSc_line_55c06892" custom="structure {type:default;}">
        <Coords points="555,2288 555,2312 2027,2307 2029,2283 2024,2260 553,2262 555,2288"/>
        <Baseline points="555,2288 2029,2283"/>
        <TextEquiv>
          <Unicode></Unicode>
        </TextEquiv>
      </TextLine>
      <TextLine id="eSc_line_71fa4f07" custom="structure {type:default;}">
        <Coords points="553,2329 553,2346 2025,2349 2029,2325 2024,2298 552,2298 553,2329"/>
        <Baseline points="553,2329 2029,2325"/>
        <TextEquiv>
          <Unicode></Unicode>
        </TextEquiv>
      </TextLine>
      <TextLine id="eSc_line_343fd7e3" custom="structure {type:default;}">
        <Coords points="553,2370 553,2385 2027,2387 2029,2370 2029,2346 553,2346 553,2370"/>
        <Baseline points="553,2370 2029,2370"/>
        <TextEquiv>
          <Unicode></Unicode>
        </TextEquiv>
      </TextLine>
      <TextLine id="eSc_line_38012681" custom="structure {type:default;}">
        <Coords points="555,2412 555,2430 854,2438 856,2438 858,2438 888,2430 890,2430 938,2438 940,2438 941,2438 959,2430 1006,2438 1008,2438 1140,2428 1153,2428 1181,2428 1451,2436 1453,2436 1454,2436 1483,2426 1489,2426 1499,2426 1564,2435 1565,2435 1687,2426 1697,2426 1707,2426 1866,2435 1868,2435 1914,2424 1916,2407 1911,2385 553,2389 555,2412"/>
        <Baseline points="555,2412 1916,2407"/>
        <TextEquiv>
          <Unicode></Unicode>
        </TextEquiv>
      </TextLine>
      <TextLine id="eSc_line_b5209dbc" custom="structure {type:default;}">
        <Coords points="494,2455 494,2474 2025,2469 2027,2448 2022,2421 492,2428 494,2455"/>
        <Baseline points="494,2455 2027,2448"/>
        <TextEquiv>
          <Unicode></Unicode>
        </TextEquiv>
      </TextLine>
      <TextLine id="eSc_line_9464df98" custom="structure {type:default;}">
        <Coords points="559,2496 559,2517 2022,2515 2024,2493 2020,2467 1762,2460 1760,2460 1724,2467 1718,2469 1711,2467 1682,2460 1680,2460 1678,2460 1553,2469 1538,2469 1536,2469 1519,2460 1518,2460 1398,2460 1396,2460 1394,2460 1359,2469 1357,2469 1307,2460 1306,2460 1304,2460 1302,2460 1287,2471 1285,2471 1266,2471 1159,2462 1157,2462 1155,2462 1130,2471 1128,2472 929,2472 856,2472 786,2462 784,2462 782,2462 762,2471 644,2464 642,2464 557,2472 559,2496"/>
        <Baseline points="559,2496 2024,2493"/>
        <TextEquiv>
          <Unicode></Unicode>
        </TextEquiv>
      </TextLine>
      <TextLine id="eSc_line_39f64f4d" custom="structure {type:default;}">
        <Coords points="555,2539 555,2563 2024,2558 2025,2534 2020,2510 553,2513 555,2539"/>
        <Baseline points="555,2539 2025,2534"/>
        <TextEquiv>
          <Unicode></Unicode>
        </TextEquiv>
      </TextLine>
      <TextLine id="eSc_line_c71e1a01" custom="structure {type:default;}">
        <Coords points="492,2597 492,2616 612,2616 622,2624 623,2624 625,2624 627,2624 721,2616 743,2614 750,2616 770,2623 772,2623 774,2623 1015,2616 1015,2592 1012,2565 822,2565 806,2559 782,2553 781,2553 779,2553 777,2553 764,2558 743,2566 658,2556 629,2553 627,2553 625,2553 623,2553 623,2554 622,2554 606,2570 584,2570 569,2554 569,2553 567,2553 565,2553 490,2553 492,2597"/>
        <Baseline points="492,2597 1015,2592"/>
        <TextEquiv>
          <Unicode></Unicode>
        </TextEquiv>
      </TextLine>
      <TextLine id="eSc_line_ad5d6ebd" custom="structure {type:default;}">
        <Coords points="251,2621 215,2600 213,2600 211,2600 210,2600 208,2600 194,2612 186,2621 170,2621 140,2604 128,2597 126,2597 99,2597 99,2643 97,2676 102,2681 104,2681 104,2682 105,2682 107,2682 109,2682 251,2670 253,2647 253,2633 251,2621"/>
        <Baseline points="99,2643 253,2647"/>
        <TextEquiv>
          <Unicode></Unicode>
        </TextEquiv>
      </TextLine>
      <TextLine id="eSc_line_5ef48a4b" custom="structure {type:default;}">
        <Coords points="514,2641 514,2665 2027,2669 2029,2641 2029,2619 514,2619 514,2641"/>
        <Baseline points="514,2641 2029,2641"/>
        <TextEquiv>
          <Unicode></Unicode>
        </TextEquiv>
      </TextLine>
      <TextLine id="eSc_line_e35cda81" custom="structure {type:default;}">
        <Coords points="557,2691 557,2718 603,2729 605,2729 606,2729 625,2718 630,2717 682,2717 688,2718 718,2732 719,2732 721,2732 924,2730 926,2730 928,2730 943,2718 950,2715 964,2718 979,2723 981,2723 982,2723 1063,2718 1138,2715 1150,2718 1169,2727 1171,2727 1172,2727 1212,2718 1217,2718 1218,2718 1234,2727 1235,2727 1237,2727 1239,2727 1265,2718 1287,2713 1318,2718 1335,2722 1336,2722 1338,2722 1340,2722 1343,2718 1352,2713 1401,2718 1429,2722 1430,2722 1444,2718 1480,2712 1553,2718 1584,2722 1586,2722 1588,2722 1596,2718 1606,2715 1618,2718 1639,2727 1641,2727 1642,2729 1706,2729 1706,2727 1707,2727 1709,2727 1721,2718 1740,2710 1810,2710 1827,2718 1836,2725 1837,2725 1839,2725 1841,2725 2027,2718 2027,2682 2022,2657 555,2664 557,2691"/>
        <Baseline points="557,2691 2027,2682"/>
        <TextEquiv>
          <Unicode></Unicode>
        </TextEquiv>
      </TextLine>
      <TextLine id="eSc_line_e1fb808f" custom="structure {type:default;}">
        <Coords points="1747,2732 1750,2768 1810,2759 1808,2725 1801,2691 1742,2696 1747,2732"/>
        <Baseline points="1747,2732 1808,2725"/>
        <TextEquiv>
          <Unicode></Unicode>
        </TextEquiv>
      </TextLine>
    </TextRegion>
    <TextRegion id="eSc_textblock_0fae1b19"  custom="structure {type:default;}">
      <Coords points="890,116 1220,116 1247,176 1227,196 868,196 861,123 890,116"/>
      <TextLine id="eSc_line_7cf90634" custom="structure {type:default;}">
        <Coords points="1215,119 1203,116 1196,116 1179,116 1162,116 1160,116 1116,121 1104,123 1095,121 1071,116 1059,116 1042,116 1025,116 996,119 962,123 876,117 871,119 871,169 871,198 1227,198 1227,169 1227,136 1215,119"/>
        <Baseline points="871,169 1227,169"/>
        <TextEquiv>
          <Unicode></Unicode>
        </TextEquiv>
      </TextLine>
    </TextRegion>
    <TextRegion id="eSc_textblock_4aa73977"  custom="structure {type:default;}">
      <Coords points="1971,123 2034,123 2054,176 1960,196 1947,157 1971,123"/>
      <TextLine id="eSc_line_8755f341" custom="structure {type:default;}">
        <Coords points="2012,123 1995,123 1981,123 1976,123 1962,133 1965,170 1967,196 2030,194 2030,165 2024,123 2012,123"/>
        <Baseline points="1965,170 2030,165"/>
        <TextEquiv>
          <Unicode></Unicode>
        </TextEquiv>
      </TextLine>
    </TextRegion>
  </Page>
</PcGts>
