<?xml version="1.0" encoding="UTF-8"  standalone="yes"?>
<PcGts xmlns="http://schema.primaresearch.org/PAGE/gts/pagecontent/2019-07-15" xmlns:xsi="http://www.w3.org/2001/XMLSchema-instance" xsi:schemaLocation="http://schema.primaresearch.org/PAGE/gts/pagecontent/2019-07-15 http://schema.primaresearch.org/PAGE/gts/pagecontent/2019-07-15/pagecontent.xsd">
  <Metadata externalRef="pdf//regestapontificu01cath.pdf">
	<Creator>escriptorium</Creator>
	<Created>2026-02-12T11:34:55.944648+00:00</Created>
        <LastChange>2026-02-13T11:10:18.944633+00:00</LastChange>
  </Metadata>
  <Page imageFilename="regestapontificu01cath.pdf_page_364.png" imageWidth="2353" imageHeight="3055">
    <TextRegion id="eSc_textblock_87b06e6f"  custom="structure {type:default;}">
      <Coords points="334,122 392,135 392,181 271,195 278,135 334,122"/>
      <TextLine id="eSc_line_2c7f34a1" custom="structure {type:default;}">
        <Coords points="288,174 288,200 378,198 378,171 373,135 286,137 288,174"/>
        <Baseline points="288,174 378,171"/>
        <TextEquiv>
          <Unicode></Unicode>
        </TextEquiv>
      </TextLine>
    </TextRegion>
    <TextRegion id="eSc_textblock_391cd2e8"  custom="structure {type:default;}">
      <Coords points="295,230 684,237 692,264 746,237 2278,237 2264,2693 726,2707 711,2673 577,2673 522,2645 500,2306 480,2503 332,2516 292,2489 271,2421 258,366 271,244 295,230"/>
      <TextLine id="eSc_line_946a1acd" custom="structure {type:default;}">
        <Coords points="721,247 704,256 706,281 706,300 726,310 728,310 784,312 786,312 787,312 789,312 806,302 921,310 923,310 979,297 979,278 976,246 857,239 855,239 853,239 813,249 811,249 735,239 721,247"/>
        <Baseline points="706,281 979,278"/>
        <TextEquiv>
          <Unicode></Unicode>
        </TextEquiv>
      </TextLine>
      <TextLine id="eSc_line_809f1477" custom="structure {type:default;}">
        <Coords points="303,373 466,369 466,336 465,283 405,286 397,278 385,268 385,266 383,266 381,266 349,266 348,266 346,266 344,266 334,274 325,280 305,273 303,336 303,373"/>
        <Baseline points="303,336 466,336"/>
        <TextEquiv>
          <Unicode></Unicode>
        </TextEquiv>
      </TextLine>
      <TextLine id="eSc_line_65054b3a" custom="structure {type:default;}">
        <Coords points="709,332 709,346 2237,344 2237,327 2234,297 2038,285 2037,285 1819,295 1755,288 1753,288 1752,288 1726,297 1723,297 1718,297 1658,286 1656,286 1514,297 1504,297 1500,297 1465,286 1463,286 1246,286 1244,286 1198,297 1196,298 707,298 709,332"/>
        <Baseline points="709,332 2237,327"/>
        <TextEquiv>
          <Unicode></Unicode>
        </TextEquiv>
      </TextLine>
      <TextLine id="eSc_line_5d68477b" custom="structure {type:default;}">
        <Coords points="769,371 769,390 789,400 791,400 792,402 949,402 949,400 950,400 982,390 986,390 988,390 1022,400 1023,400 1025,400 1069,390 1072,390 1076,390 1111,400 1113,400 1115,400 1184,390 1193,390 1205,390 1319,400 1320,400 1380,392 1478,400 1480,400 1482,400 1516,390 1519,390 1524,390 1577,400 1578,402 1650,402 1650,400 1651,400 1653,400 1667,390 1668,390 1811,390 1852,390 1867,400 1869,400 1870,400 1872,400 1945,392 2076,400 2077,400 2122,390 2125,390 2139,400 2140,400 2142,400 2144,402 2205,402 2205,400 2206,400 2237,390 2237,371 2237,346 769,344 769,371"/>
        <Baseline points="769,371 2237,371"/>
        <TextEquiv>
          <Unicode></Unicode>
        </TextEquiv>
      </TextLine>
      <TextLine id="eSc_line_3adbbeed" custom="structure {type:default;}">
        <Coords points="769,412 769,436 2232,434 2234,415 2232,390 769,386 769,412"/>
        <Baseline points="769,412 2234,415"/>
        <TextEquiv>
          <Unicode></Unicode>
        </TextEquiv>
      </TextLine>
      <TextLine id="eSc_line_af28a98d" custom="structure {type:default;}">
        <Coords points="769,456 769,473 2234,471 2235,453 2232,427 767,427 769,456"/>
        <Baseline points="769,456 2235,453"/>
        <TextEquiv>
          <Unicode></Unicode>
        </TextEquiv>
      </TextLine>
      <TextLine id="eSc_line_8ded89f4" custom="structure {type:default;}">
        <Coords points="770,498 770,514 797,524 799,524 801,524 913,515 935,514 959,515 1076,524 1078,524 1118,515 1130,514 1208,515 1441,524 1443,524 1483,517 1510,512 1536,517 1561,522 1563,524 1609,524 1609,522 1611,522 1612,522 1619,517 1628,512 2232,519 2235,495 2230,473 769,475 770,498"/>
        <Baseline points="770,498 2235,495"/>
        <TextEquiv>
          <Unicode></Unicode>
        </TextEquiv>
      </TextLine>
      <TextLine id="eSc_line_ca7cd7e2" custom="structure {type:default;}">
        <Coords points="769,541 769,556 2232,560 2235,538 2230,514 767,515 769,541"/>
        <Baseline points="769,541 2235,538"/>
        <TextEquiv>
          <Unicode></Unicode>
        </TextEquiv>
      </TextLine>
      <TextLine id="eSc_line_4ac19dfd" custom="structure {type:default;}">
        <Coords points="769,580 769,605 2232,600 2234,583 2232,558 769,549 769,580"/>
        <Baseline points="769,580 2234,583"/>
        <TextEquiv>
          <Unicode></Unicode>
        </TextEquiv>
      </TextLine>
      <TextLine id="eSc_line_900d1a01" custom="structure {type:default;}">
        <Coords points="706,651 706,675 821,672 821,651 821,614 745,597 743,597 741,597 706,607 706,651"/>
        <Baseline points="706,651 821,651"/>
        <TextEquiv>
          <Unicode></Unicode>
        </TextEquiv>
      </TextLine>
      <TextLine id="eSc_line_4608b410" custom="structure {type:default;}">
        <Coords points="305,709 305,739 468,728 468,709 468,663 305,660 305,709"/>
        <Baseline points="305,709 468,709"/>
        <TextEquiv>
          <Unicode></Unicode>
        </TextEquiv>
      </TextLine>
      <TextLine id="eSc_line_7a8b9177" custom="structure {type:default;}">
        <Coords points="714,709 714,728 2239,723 2240,706 2237,675 713,675 714,709"/>
        <Baseline points="714,709 2240,706"/>
        <TextEquiv>
          <Unicode></Unicode>
        </TextEquiv>
      </TextLine>
      <TextLine id="eSc_line_014b4ad7" custom="structure {type:default;}">
        <Coords points="774,750 774,767 2239,767 2239,750 2239,728 774,728 774,750"/>
        <Baseline points="774,750 2239,750"/>
        <TextEquiv>
          <Unicode></Unicode>
        </TextEquiv>
      </TextLine>
      <TextLine id="eSc_line_69ef8b5c" custom="structure {type:default;}">
        <Coords points="772,794 772,811 2235,814 2239,790 2235,767 1595,758 1594,758 1509,767 1500,768 770,768 772,794"/>
        <Baseline points="772,794 2239,790"/>
        <TextEquiv>
          <Unicode></Unicode>
        </TextEquiv>
      </TextLine>
      <TextLine id="eSc_line_501a0762" custom="structure {type:default;}">
        <Coords points="772,835 772,850 2239,852 2240,835 2240,804 772,804 772,835"/>
        <Baseline points="772,835 2240,835"/>
        <TextEquiv>
          <Unicode></Unicode>
        </TextEquiv>
      </TextLine>
      <TextLine id="eSc_line_7b579e8d" custom="structure {type:default;}">
        <Coords points="774,877 774,892 2237,894 2240,874 2237,852 1981,841 1979,841 1977,841 1959,852 1767,852 1729,841 1728,841 1726,841 1724,841 1692,850 1679,841 1677,841 1675,841 1673,841 1672,841 1655,850 1628,841 1626,841 1624,841 1622,841 1621,841 1609,850 1363,843 1361,843 1359,843 1329,852 1268,843 1266,843 1191,852 1128,843 1127,843 1125,843 1105,852 1069,843 1067,843 1066,843 1064,843 1047,852 1030,843 1028,843 1027,843 1025,843 1023,843 1011,852 991,843 989,843 988,843 986,843 960,852 898,843 896,843 894,843 862,852 843,843 842,843 840,843 838,843 813,852 791,843 789,843 787,843 786,843 784,843 772,850 774,877"/>
        <Baseline points="774,877 2240,874"/>
        <TextEquiv>
          <Unicode></Unicode>
        </TextEquiv>
      </TextLine>
      <TextLine id="eSc_line_09f50c4c" custom="structure {type:default;}">
        <Coords points="774,921 774,938 2240,938 2242,918 2239,892 1507,884 1505,884 1453,892 796,885 794,885 792,885 772,892 774,921"/>
        <Baseline points="774,921 2242,918"/>
        <TextEquiv>
          <Unicode></Unicode>
        </TextEquiv>
      </TextLine>
      <TextLine id="eSc_line_ae0c5935" custom="structure {type:default;}">
        <Coords points="774,962 774,979 1660,980 1662,980 1706,970 1707,957 1704,931 772,930 774,962"/>
        <Baseline points="774,962 1707,957"/>
        <TextEquiv>
          <Unicode></Unicode>
        </TextEquiv>
      </TextLine>
      <TextLine id="eSc_line_7679b21a" custom="structure {type:default;}">
        <Coords points="733,1003 733,1021 1113,1021 1139,1025 1176,1031 1178,1031 1179,1031 1198,1026 1213,1021 1220,1026 1227,1031 1229,1031 1230,1031 1297,1033 1298,1033 1347,1026 1392,1021 1427,1028 1458,1033 1460,1033 1495,1028 1549,1020 1587,1028 1604,1033 1606,1033 1607,1033 1609,1033 1624,1030 1653,1021 1670,1030 1679,1033 1680,1033 1682,1035 1784,1035 1784,1033 1785,1033 1796,1030 1835,1020 1858,1031 1864,1033 1865,1033 1867,1035 1987,1035 1987,1033 1989,1033 1993,1031 2015,1021 2035,1033 2037,1033 2038,1033 2040,1033 2052,1033 2128,1025 2142,1033 2144,1033 2145,1033 2147,1035 2240,1035 2242,999 2239,977 2167,967 2166,967 1689,975 1570,967 1568,967 1517,975 1505,967 1504,967 1502,967 1500,967 1499,967 1497,967 1483,977 1454,969 1453,969 1451,969 1147,977 1127,969 1125,969 1123,969 1122,969 1100,977 1088,969 1086,969 1084,969 977,969 976,969 974,969 957,977 945,969 943,969 942,969 745,969 743,969 741,969 740,969 731,974 733,1003"/>
        <Baseline points="733,1003 2242,999"/>
        <TextEquiv>
          <Unicode></Unicode>
        </TextEquiv>
      </TextLine>
      <TextLine id="eSc_line_6e205a2a" custom="structure {type:default;}">
        <Coords points="777,1043 777,1060 808,1072 809,1072 811,1074 886,1074 886,1072 887,1072 921,1060 925,1060 1022,1060 1025,1060 1055,1072 1057,1072 1059,1074 1159,1074 1159,1072 1161,1072 1191,1060 1196,1059 1201,1060 1222,1070 1224,1070 1225,1070 1307,1060 1332,1059 1395,1059 1398,1060 1407,1069 1407,1070 1409,1070 1410,1070 1412,1070 1414,1070 1437,1060 1446,1059 1454,1060 1485,1070 1487,1070 1488,1070 1543,1060 1544,1040 1539,1018 775,1020 777,1043"/>
        <Baseline points="777,1043 1544,1040"/>
        <TextEquiv>
          <Unicode></Unicode>
        </TextEquiv>
      </TextLine>
      <TextLine id="eSc_line_e9bc8f39" custom="structure {type:default;}">
        <Coords points="711,1115 711,1137 923,1137 923,1111 920,1079 842,1065 840,1065 838,1065 792,1081 791,1081 789,1081 733,1067 731,1067 730,1067 728,1067 709,1077 711,1115"/>
        <Baseline points="711,1115 923,1111"/>
        <TextEquiv>
          <Unicode></Unicode>
        </TextEquiv>
      </TextLine>
      <TextLine id="eSc_line_eef82615" custom="structure {type:default;}">
        <Coords points="731,1171 731,1193 2244,1188 2244,1167 2240,1140 730,1135 731,1171"/>
        <Baseline points="731,1171 2244,1167"/>
        <TextEquiv>
          <Unicode></Unicode>
        </TextEquiv>
      </TextLine>
      <TextLine id="eSc_line_5a0af9b1" custom="structure {type:default;}">
        <Coords points="774,1215 774,1230 2240,1227 2242,1211 2239,1186 1549,1177 1548,1177 1504,1186 833,1179 831,1179 772,1188 774,1215"/>
        <Baseline points="774,1215 2242,1211"/>
        <TextEquiv>
          <Unicode></Unicode>
        </TextEquiv>
      </TextLine>
      <TextLine id="eSc_line_a773776f" custom="structure {type:default;}">
        <Coords points="774,1255 774,1271 1139,1281 1140,1281 1142,1281 1144,1281 1157,1271 1159,1271 1212,1271 1215,1271 1300,1281 1302,1281 1303,1281 1341,1271 1358,1281 1359,1281 1361,1281 1363,1281 1364,1281 1385,1272 1485,1281 1487,1281 1488,1281 1516,1269 1519,1269 1684,1269 1687,1269 1724,1279 1726,1279 1728,1279 1729,1279 1760,1269 1762,1269 1763,1269 1806,1278 1808,1278 1809,1278 1831,1269 1853,1279 1855,1279 1857,1279 1986,1269 2018,1279 2020,1279 2021,1281 2144,1281 2144,1279 2145,1279 2162,1271 2210,1279 2212,1279 2213,1279 2242,1267 2242,1252 2237,1230 772,1232 774,1255"/>
        <Baseline points="774,1255 2242,1252"/>
        <TextEquiv>
          <Unicode></Unicode>
        </TextEquiv>
      </TextLine>
      <TextLine id="eSc_line_02da98b5" custom="structure {type:default;}">
        <Coords points="774,1296 774,1313 2242,1320 2244,1296 2242,1271 774,1271 774,1296"/>
        <Baseline points="774,1296 2244,1296"/>
        <TextEquiv>
          <Unicode></Unicode>
        </TextEquiv>
      </TextLine>
      <TextLine id="eSc_line_5d3d9ae8" custom="structure {type:default;}">
        <Coords points="779,1340 779,1361 2240,1357 2242,1340 2239,1310 779,1313 779,1340"/>
        <Baseline points="779,1340 2242,1340"/>
        <TextEquiv>
          <Unicode></Unicode>
        </TextEquiv>
      </TextLine>
      <TextLine id="eSc_line_91899284" custom="structure {type:default;}">
        <Coords points="777,1381 777,1400 823,1410 825,1412 981,1412 981,1410 982,1410 1003,1401 1006,1401 2240,1410 2242,1381 2242,1359 2122,1359 2122,1357 2108,1349 2106,1349 2105,1349 2103,1349 2054,1357 2052,1357 1999,1349 1998,1349 1935,1357 1933,1357 1913,1349 1911,1349 1909,1349 1870,1357 1852,1349 1850,1349 1848,1349 1847,1349 1821,1357 1819,1357 1818,1357 1765,1349 1665,1349 1663,1349 1662,1349 1660,1349 1648,1357 1645,1357 1585,1349 1583,1349 1582,1349 1548,1357 1546,1357 1533,1349 1531,1349 1529,1349 1527,1349 1483,1357 1482,1357 1480,1357 1460,1349 1458,1349 1375,1349 1373,1349 1371,1349 1370,1349 1358,1357 1354,1357 1303,1349 1302,1349 1300,1349 1280,1357 1278,1357 1276,1357 1244,1349 1242,1349 1241,1349 777,1356 777,1381"/>
        <Baseline points="777,1381 2242,1381"/>
        <TextEquiv>
          <Unicode></Unicode>
        </TextEquiv>
      </TextLine>
      <TextLine id="eSc_line_534aae0b" custom="structure {type:default;}">
        <Coords points="775,1423 775,1444 2242,1439 2244,1420 2239,1398 774,1400 775,1423"/>
        <Baseline points="775,1423 2244,1420"/>
        <TextEquiv>
          <Unicode></Unicode>
        </TextEquiv>
      </TextLine>
      <TextLine id="eSc_line_d53e8a8b" custom="structure {type:default;}">
        <Coords points="775,1466 775,1485 2242,1485 2244,1461 2239,1432 774,1434 775,1466"/>
        <Baseline points="775,1466 2244,1461"/>
        <TextEquiv>
          <Unicode></Unicode>
        </TextEquiv>
      </TextLine>
      <TextLine id="eSc_line_560a1713" custom="structure {type:default;}">
        <Coords points="775,1507 775,1524 882,1534 884,1534 886,1534 911,1524 915,1524 1022,1524 1028,1524 1103,1535 1105,1535 1106,1535 1145,1524 1147,1524 1152,1524 1252,1534 1254,1534 1334,1524 1347,1522 1626,1522 1628,1522 1643,1534 1645,1534 1646,1534 1648,1534 1650,1534 1680,1525 1716,1534 1718,1534 1719,1534 1780,1522 1789,1520 1796,1522 1833,1532 1835,1532 1836,1534 2217,1534 2217,1532 2218,1532 2244,1520 2244,1502 2239,1481 774,1485 775,1507"/>
        <Baseline points="775,1507 2244,1502"/>
        <TextEquiv>
          <Unicode></Unicode>
        </TextEquiv>
      </TextLine>
      <TextLine id="eSc_line_5fe566fc" custom="structure {type:default;}">
        <Coords points="775,1549 775,1568 2242,1573 2244,1549 2242,1524 775,1524 775,1549"/>
        <Baseline points="775,1549 2244,1549"/>
        <TextEquiv>
          <Unicode></Unicode>
        </TextEquiv>
      </TextLine>
      <TextLine id="eSc_line_fdbf992e" custom="structure {type:default;}">
        <Coords points="779,1591 779,1608 2242,1607 2244,1585 2239,1561 777,1563 779,1591"/>
        <Baseline points="779,1591 2244,1585"/>
        <TextEquiv>
          <Unicode></Unicode>
        </TextEquiv>
      </TextLine>
      <TextLine id="eSc_line_9ce4c667" custom="structure {type:default;}">
        <Coords points="779,1634 779,1651 2122,1656 2123,1656 2125,1656 2127,1656 2142,1646 2240,1656 2244,1629 2239,1603 777,1610 779,1634"/>
        <Baseline points="779,1634 2244,1629"/>
        <TextEquiv>
          <Unicode></Unicode>
        </TextEquiv>
      </TextLine>
      <TextLine id="eSc_line_7167cb1e" custom="structure {type:default;}">
        <Coords points="780,1675 780,1693 2242,1697 2246,1671 2240,1649 779,1651 780,1675"/>
        <Baseline points="780,1675 2246,1671"/>
        <TextEquiv>
          <Unicode></Unicode>
        </TextEquiv>
      </TextLine>
      <TextLine id="eSc_line_71b24494" custom="structure {type:default;}">
        <Coords points="779,1717 779,1736 2244,1736 2246,1714 2242,1687 777,1685 779,1717"/>
        <Baseline points="779,1717 2246,1714"/>
        <TextEquiv>
          <Unicode></Unicode>
        </TextEquiv>
      </TextLine>
      <TextLine id="eSc_line_bdd6d7c3" custom="structure {type:default;}">
        <Coords points="780,1761 780,1775 920,1775 921,1775 947,1783 949,1783 950,1783 1332,1773 1344,1773 1364,1782 1366,1782 1368,1782 1424,1773 1453,1783 1454,1783 1456,1783 1458,1783 1490,1773 1673,1782 1675,1782 1677,1782 1719,1771 1740,1782 1741,1782 1743,1783 1802,1783 1802,1782 1804,1782 1841,1771 1875,1782 1877,1782 1879,1782 1959,1780 1960,1780 1981,1770 1984,1770 2225,1780 2227,1780 2229,1780 2230,1780 2246,1768 2246,1754 2242,1732 779,1731 780,1761"/>
        <Baseline points="780,1761 2246,1754"/>
        <TextEquiv>
          <Unicode></Unicode>
        </TextEquiv>
      </TextLine>
      <TextLine id="eSc_line_647c3bbd" custom="structure {type:default;}">
        <Coords points="780,1802 780,1822 2242,1822 2244,1802 2242,1776 780,1776 780,1802"/>
        <Baseline points="780,1802 2244,1802"/>
        <TextEquiv>
          <Unicode></Unicode>
        </TextEquiv>
      </TextLine>
      <TextLine id="eSc_line_9974cd08" custom="structure {type:default;}">
        <Coords points="780,1844 780,1860 2244,1860 2246,1841 2242,1814 779,1814 780,1844"/>
        <Baseline points="780,1844 2246,1841"/>
        <TextEquiv>
          <Unicode></Unicode>
        </TextEquiv>
      </TextLine>
      <TextLine id="eSc_line_3b3d73f4" custom="structure {type:default;}">
        <Coords points="780,1885 780,1900 2240,1905 2244,1885 2242,1860 780,1860 780,1885"/>
        <Baseline points="780,1885 2244,1885"/>
        <TextEquiv>
          <Unicode></Unicode>
        </TextEquiv>
      </TextLine>
      <TextLine id="eSc_line_98f57c5e" custom="structure {type:default;}">
        <Coords points="780,1924 779,1943 2239,1946 2242,1928 2240,1900 780,1897 780,1924"/>
        <Baseline points="780,1924 2242,1928"/>
        <TextEquiv>
          <Unicode></Unicode>
        </TextEquiv>
      </TextLine>
      <TextLine id="eSc_line_160bbb5d" custom="structure {type:default;}">
        <Coords points="782,1970 782,1987 1475,1995 1476,1995 1478,1995 1480,1995 1493,1987 1495,1987 1646,1987 1648,1987 1665,1995 1667,1995 1668,1995 1670,1995 1694,1987 1695,1987 1702,1987 1836,1995 1838,1995 1840,1995 1864,1987 1918,1995 1920,1995 2108,1987 2133,1995 2135,1995 2137,1995 2139,1995 2159,1987 2190,1995 2191,1995 2193,1995 2244,1985 2246,1970 2244,1943 782,1938 782,1970"/>
        <Baseline points="782,1970 2246,1970"/>
        <TextEquiv>
          <Unicode></Unicode>
        </TextEquiv>
      </TextLine>
      <TextLine id="eSc_line_2b6b8ca3" custom="structure {type:default;}">
        <Coords points="782,2012 782,2043 853,2041 855,2041 857,2041 876,2026 1186,2026 1196,2033 1203,2040 1205,2040 1207,2040 1208,2041 1490,2041 1490,2040 1492,2040 1541,2024 1541,2009 1538,1987 1454,1977 1453,1977 1376,1985 1373,1985 1370,1985 1235,1977 1234,1977 1173,1985 1157,1987 1144,1985 1101,1978 1100,1978 1055,1985 1040,1987 1033,1985 1016,1978 1015,1978 1013,1978 1011,1978 996,1985 991,1987 986,1985 972,1978 971,1978 969,1978 940,1985 930,1987 923,1985 909,1978 908,1978 906,1978 780,1984 782,2012"/>
        <Baseline points="782,2012 1541,2009"/>
        <TextEquiv>
          <Unicode></Unicode>
        </TextEquiv>
      </TextLine>
      <TextLine id="eSc_line_aea142c2" custom="structure {type:default;}">
        <Coords points="721,2080 721,2111 789,2111 789,2109 791,2109 794,2107 819,2096 857,2106 865,2107 867,2107 869,2107 870,2107 881,2104 918,2094 949,2102 950,2102 952,2102 957,2102 1030,2092 1042,2099 1050,2106 1052,2106 1054,2106 1055,2107 1134,2107 1134,2106 1135,2106 1137,2106 1152,2096 1161,2090 1191,2096 1251,2104 1252,2104 1254,2104 1256,2104 1273,2094 1273,2074 1268,2046 1154,2048 1125,2043 1093,2038 1091,2038 1089,2038 1071,2043 1040,2050 950,2043 949,2043 947,2043 945,2043 933,2051 915,2040 909,2036 908,2036 906,2036 904,2036 884,2040 842,2048 719,2038 721,2080"/>
        <Baseline points="721,2080 1273,2074"/>
        <TextEquiv>
          <Unicode></Unicode>
        </TextEquiv>
      </TextLine>
      <TextLine id="eSc_line_bf9d3a94" custom="structure {type:default;}">
        <Coords points="516,2136 516,2163 699,2160 699,2133 694,2048 658,2048 657,2048 636,2028 636,2026 634,2026 633,2026 595,2026 594,2026 592,2026 590,2026 590,2028 568,2048 567,2050 561,2048 539,2038 538,2038 536,2038 534,2038 512,2045 516,2136"/>
        <Baseline points="516,2136 699,2133"/>
        <TextEquiv>
          <Unicode></Unicode>
        </TextEquiv>
      </TextLine>
      <TextLine id="eSc_line_71a71443" custom="structure {type:default;}">
        <Coords points="736,2135 736,2163 872,2153 909,2163 911,2163 913,2163 915,2163 928,2163 1095,2153 1215,2162 1241,2163 1242,2163 1308,2162 1592,2152 1675,2160 1697,2162 1699,2163 1942,2163 1942,2162 1943,2162 1945,2162 1948,2158 1959,2152 1977,2158 1982,2160 1984,2160 1986,2160 1987,2160 1989,2160 1991,2158 2001,2152 2059,2158 2091,2162 2093,2162 2249,2157 2249,2131 2246,2097 2032,2090 2030,2090 2028,2090 2027,2090 2015,2097 2008,2102 1825,2102 1779,2099 1639,2092 1638,2092 1582,2101 1573,2101 1566,2101 1492,2090 1490,2090 1441,2101 1431,2104 1125,2104 1120,2102 1016,2092 1015,2092 1013,2092 977,2102 860,2094 859,2094 735,2104 736,2135"/>
        <Baseline points="736,2135 2249,2131"/>
        <TextEquiv>
          <Unicode></Unicode>
        </TextEquiv>
      </TextLine>
      <TextLine id="eSc_line_3368a92b" custom="structure {type:default;}">
        <Coords points="780,2179 780,2196 833,2206 835,2206 950,2197 1013,2194 1044,2199 1084,2206 1086,2206 1088,2206 1103,2199 1117,2194 1176,2201 1218,2204 1220,2204 1222,2204 1232,2201 1254,2192 1278,2201 1280,2201 1281,2201 1290,2201 1466,2192 1485,2202 1487,2204 1488,2204 1490,2204 1492,2206 1597,2206 1597,2204 1599,2204 1600,2204 1600,2202 1609,2196 1706,2204 1709,2175 1706,2153 1471,2153 1456,2143 1454,2143 1453,2143 1451,2143 1354,2152 1320,2143 1319,2143 1317,2143 1315,2143 1285,2152 1264,2143 1263,2143 1261,2143 1259,2143 1239,2153 1203,2145 1201,2145 1200,2145 1118,2153 1018,2145 1016,2145 1015,2145 994,2153 955,2145 954,2145 913,2153 869,2145 867,2145 813,2153 799,2145 797,2145 796,2145 794,2145 792,2145 791,2145 779,2152 780,2179"/>
        <Baseline points="780,2179 1709,2175"/>
        <TextEquiv>
          <Unicode></Unicode>
        </TextEquiv>
      </TextLine>
      <TextLine id="eSc_line_692f25fb" custom="structure {type:default;}">
        <Coords points="509,2219 509,2238 704,2238 704,2219 704,2191 509,2191 509,2219"/>
        <Baseline points="509,2219 704,2219"/>
        <TextEquiv>
          <Unicode></Unicode>
        </TextEquiv>
      </TextLine>
      <TextLine id="eSc_line_ff5613a6" custom="structure {type:default;}">
        <Coords points="743,2216 741,2238 1458,2236 1460,2219 1458,2191 743,2191 743,2216"/>
        <Baseline points="743,2216 1460,2219"/>
        <TextEquiv>
          <Unicode></Unicode>
        </TextEquiv>
      </TextLine>
      <TextLine id="eSc_line_ddfb9d69" custom="structure {type:default;}">
        <Coords points="517,2264 519,2325 536,2325 560,2345 560,2347 561,2347 563,2347 565,2347 690,2326 689,2259 685,2238 516,2238 517,2264"/>
        <Baseline points="517,2264 689,2259"/>
        <TextEquiv>
          <Unicode></Unicode>
        </TextEquiv>
      </TextLine>
      <TextLine id="eSc_line_0f6da8c0" custom="structure {type:default;}">
        <Coords points="314,2306 314,2355 359,2369 361,2369 363,2369 448,2360 448,2303 444,2250 373,2250 371,2250 370,2250 368,2250 349,2264 339,2270 312,2270 314,2306"/>
        <Baseline points="314,2306 448,2303"/>
        <TextEquiv>
          <Unicode></Unicode>
        </TextEquiv>
      </TextLine>
      <TextLine id="eSc_line_a9cbd4c0" custom="structure {type:default;}">
        <Coords points="745,2306 745,2330 2251,2325 2251,2299 2247,2272 2088,2272 2049,2260 2047,2260 2045,2260 2044,2260 2013,2272 1655,2272 1639,2262 1638,2262 1636,2262 1634,2262 1566,2270 1497,2262 1495,2262 1403,2274 1122,2264 1120,2264 1042,2275 908,2267 906,2267 743,2277 745,2306"/>
        <Baseline points="745,2306 2251,2299"/>
        <TextEquiv>
          <Unicode></Unicode>
        </TextEquiv>
      </TextLine>
      <TextLine id="eSc_line_bfd4c10d" custom="structure {type:default;}">
        <Coords points="784,2345 784,2365 2247,2364 2249,2340 2244,2316 782,2316 784,2345"/>
        <Baseline points="784,2345 2249,2340"/>
        <TextEquiv>
          <Unicode></Unicode>
        </TextEquiv>
      </TextLine>
      <TextLine id="eSc_line_cb9f527d" custom="structure {type:default;}">
        <Coords points="784,2387 784,2406 2246,2401 2247,2382 2244,2355 1271,2355 1269,2355 1174,2364 1164,2364 1139,2364 801,2357 799,2357 797,2357 782,2364 784,2387"/>
        <Baseline points="784,2387 2247,2382"/>
        <TextEquiv>
          <Unicode></Unicode>
        </TextEquiv>
      </TextLine>
      <TextLine id="eSc_line_44148c09" custom="structure {type:default;}">
        <Coords points="786,2432 786,2455 1302,2447 1314,2450 1330,2457 1332,2457 1334,2457 1451,2449 1516,2445 1538,2449 1572,2454 1573,2455 1780,2455 1780,2454 1782,2454 1811,2445 1813,2445 1814,2445 1830,2454 1831,2454 1833,2455 2001,2455 2001,2454 2244,2440 2246,2421 2240,2398 784,2404 786,2432"/>
        <Baseline points="786,2432 2246,2421"/>
        <TextEquiv>
          <Unicode></Unicode>
        </TextEquiv>
      </TextLine>
      <TextLine id="eSc_line_78f10fe5" custom="structure {type:default;}">
        <Coords points="787,2474 787,2489 2242,2491 2246,2469 2240,2444 786,2447 787,2474"/>
        <Baseline points="787,2474 2246,2469"/>
        <TextEquiv>
          <Unicode></Unicode>
        </TextEquiv>
      </TextLine>
      <TextLine id="eSc_line_418458d1" custom="structure {type:default;}">
        <Coords points="786,2513 786,2528 1534,2525 1536,2510 1533,2488 1159,2479 1157,2479 1105,2488 797,2481 796,2481 794,2481 792,2481 784,2486 786,2513"/>
        <Baseline points="786,2513 1536,2510"/>
        <TextEquiv>
          <Unicode></Unicode>
        </TextEquiv>
      </TextLine>
      <TextLine id="eSc_line_0a8cb6af" custom="structure {type:default;}">
        <Coords points="743,2556 743,2576 2249,2569 2249,2549 2244,2527 741,2532 743,2556"/>
        <Baseline points="743,2556 2249,2549"/>
        <TextEquiv>
          <Unicode></Unicode>
        </TextEquiv>
      </TextLine>
      <TextLine id="eSc_line_6bf19efe" custom="structure {type:default;}">
        <Coords points="786,2596 786,2613 2249,2617 2251,2591 2246,2567 784,2567 786,2596"/>
        <Baseline points="786,2596 2251,2591"/>
        <TextEquiv>
          <Unicode></Unicode>
        </TextEquiv>
      </TextLine>
      <TextLine id="eSc_line_b6404422" custom="structure {type:default;}">
        <Coords points="786,2639 786,2661 838,2671 840,2671 1061,2662 1098,2674 1100,2674 1101,2674 1393,2666 1458,2673 1460,2673 1461,2673 1482,2661 1483,2661 1492,2661 1561,2673 1563,2673 1612,2661 1619,2661 1714,2661 1719,2661 1748,2671 1750,2671 1752,2673 1848,2673 1848,2671 1850,2671 1870,2661 1877,2659 1945,2661 2122,2669 2123,2669 2125,2669 2149,2661 2156,2659 2159,2661 2171,2671 2173,2671 2174,2671 2176,2671 2244,2661 2244,2634 2240,2610 1789,2601 1787,2601 1785,2601 1755,2610 1753,2610 1726,2610 1271,2603 1269,2603 784,2612 786,2639"/>
        <Baseline points="786,2639 2244,2634"/>
        <TextEquiv>
          <Unicode></Unicode>
        </TextEquiv>
      </TextLine>
      <TextLine id="eSc_line_7f425444" custom="structure {type:default;}">
        <Coords points="784,2681 784,2703 831,2703 833,2705 859,2717 860,2717 862,2717 923,2707 938,2705 947,2708 960,2713 962,2713 964,2713 965,2713 967,2713 972,2708 986,2700 1016,2710 1027,2713 1028,2713 1030,2713 1086,2712 1086,2676 1081,2654 782,2657 784,2681"/>
        <Baseline points="784,2681 1086,2676"/>
        <TextEquiv>
          <Unicode></Unicode>
        </TextEquiv>
      </TextLine>
    </TextRegion>
    <TextRegion id="eSc_textblock_3d74f0f8"  custom="structure {type:default;}">
      <Coords points="1076,108 1585,115 1592,181 930,181 930,122 1076,108"/>
      <TextLine id="eSc_line_ba76edc6" custom="structure {type:default;}">
        <Coords points="1013,113 996,115 979,117 962,118 947,118 947,164 945,186 969,200 971,200 972,200 974,201 1186,201 1186,200 1188,200 1237,186 1259,201 1261,201 1263,201 1264,201 1266,201 1307,188 1415,196 1417,196 1573,186 1575,168 1573,127 1509,117 1507,117 1383,122 1285,125 1273,118 1268,115 1266,115 1264,115 1022,112 1013,113"/>
        <Baseline points="947,164 1575,168"/>
        <TextEquiv>
          <Unicode></Unicode>
        </TextEquiv>
      </TextLine>
    </TextRegion>
  </Page>
</PcGts>
