<?xml version="1.0" encoding="UTF-8"  standalone="yes"?>
<PcGts xmlns="http://schema.primaresearch.org/PAGE/gts/pagecontent/2019-07-15" xmlns:xsi="http://www.w3.org/2001/XMLSchema-instance" xsi:schemaLocation="http://schema.primaresearch.org/PAGE/gts/pagecontent/2019-07-15 http://schema.primaresearch.org/PAGE/gts/pagecontent/2019-07-15/pagecontent.xsd">
  <Metadata externalRef="pdf//regestapontificu01cath.pdf">
	<Creator>escriptorium</Creator>
	<Created>2026-02-12T11:40:13.531252+00:00</Created>
        <LastChange>2026-02-13T11:37:19.392502+00:00</LastChange>
  </Metadata>
  <Page imageFilename="regestapontificu01cath.pdf_page_490.png" imageWidth="2353" imageHeight="3055">
    <TextRegion id="eSc_textblock_a59836f8"  custom="structure {type:default;}">
      <Coords points="295,115 453,122 453,140 400,140 392,188 305,195 264,174 295,115"/>
      <TextLine id="eSc_line_f9e788bf" custom="structure {type:default;}">
        <Coords points="285,132 285,161 285,186 375,183 375,157 370,118 293,118 285,132"/>
        <Baseline points="285,161 375,157"/>
        <TextEquiv>
          <Unicode></Unicode>
        </TextEquiv>
      </TextLine>
    </TextRegion>
    <TextRegion id="eSc_textblock_069a64f5"  custom="structure {type:default;}">
      <Coords points="281,210 482,230 2264,224 2264,2238 2237,2686 713,2693 697,2673 495,2673 480,2272 453,2666 292,2639 264,2421 258,1661 281,210"/>
      <TextLine id="eSc_line_48761f8a" custom="structure {type:default;}">
        <Coords points="797,229 780,229 763,229 746,229 730,229 713,229 709,229 696,234 697,271 697,290 804,286 804,268 801,229 797,229"/>
        <Baseline points="697,271 804,268"/>
        <TextEquiv>
          <Unicode></Unicode>
        </TextEquiv>
      </TextLine>
      <TextLine id="eSc_line_7c5a6bee" custom="structure {type:default;}">
        <Coords points="718,315 716,341 2225,344 2229,319 2227,278 2117,278 2115,276 2098,266 2096,266 2094,266 2093,266 2091,266 2049,276 2047,278 1799,278 1797,276 1780,266 1779,266 1777,266 1775,266 1650,276 1636,276 1619,276 1500,266 1499,266 1497,266 1478,274 1380,264 1378,264 718,273 718,315"/>
        <Baseline points="718,315 2229,319"/>
        <TextEquiv>
          <Unicode></Unicode>
        </TextEquiv>
      </TextLine>
      <TextLine id="eSc_line_0f51dd44" custom="structure {type:default;}">
        <Coords points="760,363 760,385 2225,385 2227,358 2222,334 758,337 760,363"/>
        <Baseline points="760,363 2227,358"/>
        <TextEquiv>
          <Unicode></Unicode>
        </TextEquiv>
      </TextLine>
      <TextLine id="eSc_line_10e39b94" custom="structure {type:default;}">
        <Coords points="760,402 760,417 2225,420 2227,402 2227,376 760,375 760,402"/>
        <Baseline points="760,402 2227,402"/>
        <TextEquiv>
          <Unicode></Unicode>
        </TextEquiv>
      </TextLine>
      <TextLine id="eSc_line_419a6b0e" custom="structure {type:default;}">
        <Coords points="760,444 760,461 1731,470 1733,470 1735,470 1757,461 1758,461 1762,461 1835,470 1836,470 1838,470 1858,461 1860,461 1931,470 1933,470 2008,461 2010,461 2081,470 2083,470 2225,459 2225,444 2225,420 760,420 760,444"/>
        <Baseline points="760,444 2225,444"/>
        <TextEquiv>
          <Unicode></Unicode>
        </TextEquiv>
      </TextLine>
      <TextLine id="eSc_line_6b95c339" custom="structure {type:default;}">
        <Coords points="762,487 762,509 2223,509 2225,483 2220,459 760,461 762,487"/>
        <Baseline points="762,487 2225,483"/>
        <TextEquiv>
          <Unicode></Unicode>
        </TextEquiv>
      </TextLine>
      <TextLine id="eSc_line_27e7ac4d" custom="structure {type:default;}">
        <Coords points="758,529 758,544 2042,541 2044,526 2040,502 782,495 780,495 779,495 757,502 758,529"/>
        <Baseline points="758,529 2044,526"/>
        <TextEquiv>
          <Unicode></Unicode>
        </TextEquiv>
      </TextLine>
      <TextLine id="eSc_line_b30ad97f" custom="structure {type:default;}">
        <Coords points="298,575 298,631 441,611 441,571 438,531 295,509 298,575"/>
        <Baseline points="298,575 441,571"/>
        <TextEquiv>
          <Unicode></Unicode>
        </TextEquiv>
      </TextLine>
      <TextLine id="eSc_line_64b2ba83" custom="structure {type:default;}">
        <Coords points="466,573 466,595 2223,597 2227,566 2223,539 2118,529 2117,529 2054,539 2044,541 1779,543 1687,543 1679,539 1656,531 1655,531 1653,531 1651,531 1621,539 1609,541 465,539 466,573"/>
        <Baseline points="466,573 2227,566"/>
        <TextEquiv>
          <Unicode></Unicode>
        </TextEquiv>
      </TextLine>
      <TextLine id="eSc_line_796ae465" custom="structure {type:default;}">
        <Coords points="521,616 521,677 582,673 584,673 585,673 594,665 607,655 655,655 655,612 650,587 519,587 521,616"/>
        <Baseline points="521,616 655,612"/>
        <TextEquiv>
          <Unicode></Unicode>
        </TextEquiv>
      </TextLine>
      <TextLine id="eSc_line_2b5d5728" custom="structure {type:default;}">
        <Coords points="762,616 762,636 2223,629 2225,611 2220,587 760,588 762,616"/>
        <Baseline points="762,616 2225,611"/>
        <TextEquiv>
          <Unicode></Unicode>
        </TextEquiv>
      </TextLine>
      <TextLine id="eSc_line_3c8f20bf" custom="structure {type:default;}">
        <Coords points="760,655 760,672 2222,672 2223,650 2218,626 758,631 760,655"/>
        <Baseline points="760,655 2223,650"/>
        <TextEquiv>
          <Unicode></Unicode>
        </TextEquiv>
      </TextLine>
      <TextLine id="eSc_line_3a08aade" custom="structure {type:default;}">
        <Coords points="765,697 765,721 945,714 984,723 998,724 999,724 1001,724 1003,724 1005,723 1018,712 1220,712 1247,723 1252,724 1254,724 1256,724 1266,723 1308,712 1536,719 1538,719 1539,719 1560,711 1602,723 1604,723 1606,723 1607,724 1704,724 1704,723 1706,723 1731,711 1791,711 1821,723 1823,723 1825,724 2222,724 2223,694 2220,672 1504,663 1502,663 1500,663 1463,672 780,665 779,665 777,665 775,665 763,670 765,697"/>
        <Baseline points="765,697 2223,694"/>
        <TextEquiv>
          <Unicode></Unicode>
        </TextEquiv>
      </TextLine>
      <TextLine id="eSc_line_81956b86" custom="structure {type:default;}">
        <Coords points="760,738 760,753 814,763 816,763 818,763 847,755 857,763 859,763 860,763 862,763 864,763 894,755 1047,755 1061,763 1062,763 1064,763 1066,763 1111,755 1142,763 1144,763 1145,763 1215,755 1247,763 1249,763 1251,763 1400,755 1549,763 1551,763 1597,753 1597,738 1597,714 760,714 760,738"/>
        <Baseline points="760,738 1597,738"/>
        <TextEquiv>
          <Unicode></Unicode>
        </TextEquiv>
      </TextLine>
      <TextLine id="eSc_line_4b3f0fdc" custom="structure {type:default;}">
        <Coords points="721,780 721,795 2223,801 2225,780 2223,750 721,751 721,780"/>
        <Baseline points="721,780 2225,780"/>
        <TextEquiv>
          <Unicode></Unicode>
        </TextEquiv>
      </TextLine>
      <TextLine id="eSc_line_58a7cd91" custom="structure {type:default;}">
        <Coords points="760,823 760,840 782,850 784,850 786,850 842,841 852,840 1089,841 1599,848 1600,848 1602,848 1604,848 1607,845 1617,838 1631,845 1636,848 1638,848 1639,848 1662,845 1704,840 1731,846 1741,848 1743,848 1745,848 1746,848 1753,846 1780,838 2223,848 2227,819 2223,799 1551,790 1549,790 758,801 760,823"/>
        <Baseline points="760,823 2227,819"/>
        <TextEquiv>
          <Unicode></Unicode>
        </TextEquiv>
      </TextLine>
      <TextLine id="eSc_line_3a20c9c2" custom="structure {type:default;}">
        <Coords points="762,865 762,884 2225,885 2229,862 2223,840 760,841 762,865"/>
        <Baseline points="762,865 2229,862"/>
        <TextEquiv>
          <Unicode></Unicode>
        </TextEquiv>
      </TextLine>
      <TextLine id="eSc_line_ad3826e1" custom="structure {type:default;}">
        <Coords points="762,906 762,926 2225,923 2227,901 2222,877 760,879 762,906"/>
        <Baseline points="762,906 2227,901"/>
        <TextEquiv>
          <Unicode></Unicode>
        </TextEquiv>
      </TextLine>
      <TextLine id="eSc_line_0475c85c" custom="structure {type:default;}">
        <Coords points="760,948 760,970 932,970 940,972 979,984 981,984 982,986 1235,986 1235,984 1237,984 1259,974 1266,970 1283,974 1332,984 1334,984 1392,974 1397,974 1400,974 1424,984 1426,984 1427,984 1561,980 1563,980 1565,980 1572,975 1580,969 1589,975 1599,982 1600,982 1602,982 1604,982 1606,982 1633,975 1662,969 1882,969 1899,977 1901,977 1903,977 1904,977 1906,977 1908,977 1920,969 1933,977 1945,982 1947,982 1948,984 2016,984 2016,982 2018,982 2020,982 2027,977 2037,970 2050,977 2062,982 2064,982 2066,982 2227,977 2229,945 2225,924 1538,916 1536,916 1470,924 823,918 821,918 758,926 760,948"/>
        <Baseline points="760,948 2229,945"/>
        <TextEquiv>
          <Unicode></Unicode>
        </TextEquiv>
      </TextLine>
      <TextLine id="eSc_line_19734929" custom="structure {type:default;}">
        <Coords points="760,989 758,1009 962,1011 965,992 964,967 760,964 760,989"/>
        <Baseline points="760,989 965,992"/>
        <TextEquiv>
          <Unicode></Unicode>
        </TextEquiv>
      </TextLine>
      <TextLine id="eSc_line_82f7c3f0" custom="structure {type:default;}">
        <Coords points="702,1048 702,1069 899,1069 899,1067 901,1067 918,1057 918,1045 915,1004 836,1001 835,1001 833,1001 831,1001 831,1003 825,1009 819,1014 780,1014 775,1013 758,997 757,997 755,997 719,997 718,997 716,997 714,997 714,999 701,1009 702,1048"/>
        <Baseline points="702,1048 918,1045"/>
        <TextEquiv>
          <Unicode></Unicode>
        </TextEquiv>
      </TextLine>
      <TextLine id="eSc_line_b20376cc" custom="structure {type:default;}">
        <Coords points="719,1089 719,1106 2229,1109 2230,1089 2229,1055 1008,1059 1001,1059 947,1050 945,1050 719,1059 719,1089"/>
        <Baseline points="719,1089 2230,1089"/>
        <TextEquiv>
          <Unicode></Unicode>
        </TextEquiv>
      </TextLine>
      <TextLine id="eSc_line_66e7980b" custom="structure {type:default;}">
        <Coords points="762,1132 762,1152 2223,1155 2227,1126 2223,1106 760,1104 762,1132"/>
        <Baseline points="762,1132 2227,1126"/>
        <TextEquiv>
          <Unicode></Unicode>
        </TextEquiv>
      </TextLine>
      <TextLine id="eSc_line_7b47fa47" custom="structure {type:default;}">
        <Coords points="762,1174 762,1193 2222,1194 2225,1174 2223,1149 762,1149 762,1174"/>
        <Baseline points="762,1174 2225,1174"/>
        <TextEquiv>
          <Unicode></Unicode>
        </TextEquiv>
      </TextLine>
      <TextLine id="eSc_line_94f29cce" custom="structure {type:default;}">
        <Coords points="765,1218 765,1232 1740,1237 1741,1237 1743,1237 1762,1228 1765,1228 2229,1228 2230,1213 2225,1191 763,1194 765,1218"/>
        <Baseline points="765,1218 2230,1213"/>
        <TextEquiv>
          <Unicode></Unicode>
        </TextEquiv>
      </TextLine>
      <TextLine id="eSc_line_182ab04a" custom="structure {type:default;}">
        <Coords points="762,1261 762,1284 932,1276 974,1283 993,1286 994,1286 996,1286 1008,1283 1033,1276 1052,1283 1067,1288 1069,1288 1071,1289 1203,1289 1203,1288 1205,1288 1218,1281 1227,1278 1300,1278 1307,1279 1324,1288 1325,1288 1327,1288 1329,1288 1330,1288 1342,1279 1351,1274 1507,1274 1514,1278 1521,1284 1522,1284 1524,1284 1526,1284 1555,1278 1560,1278 1566,1278 1643,1286 1645,1286 1646,1286 1675,1276 1684,1274 1689,1276 1709,1286 1711,1286 1712,1288 1869,1288 1869,1286 1870,1286 1904,1274 1906,1274 1920,1286 1921,1286 1923,1286 1925,1288 2010,1288 2010,1286 2011,1286 2060,1272 2060,1257 2057,1235 1543,1225 1541,1225 1539,1225 1538,1225 1526,1235 1439,1235 1415,1225 1414,1225 1412,1225 1363,1235 1359,1235 1332,1235 932,1227 930,1227 879,1235 803,1227 801,1227 760,1235 762,1261"/>
        <Baseline points="762,1261 2060,1257"/>
        <TextEquiv>
          <Unicode></Unicode>
        </TextEquiv>
      </TextLine>
      <TextLine id="eSc_line_b95bc50c" custom="structure {type:default;}">
        <Coords points="702,1327 702,1356 994,1347 1022,1354 1049,1361 1050,1361 1052,1361 1054,1361 1072,1354 1088,1347 1169,1347 1181,1352 1203,1362 1205,1362 1207,1362 1339,1356 1341,1356 1351,1350 1364,1345 1514,1345 1544,1349 1617,1361 1619,1361 1925,1352 2201,1359 2203,1359 2205,1359 2230,1344 2230,1322 2227,1288 701,1288 702,1327"/>
        <Baseline points="702,1327 2230,1322"/>
        <TextEquiv>
          <Unicode></Unicode>
        </TextEquiv>
      </TextLine>
      <TextLine id="eSc_line_64826940" custom="structure {type:default;}">
        <Coords points="297,1383 297,1413 461,1405 461,1383 460,1303 365,1311 354,1301 344,1293 344,1291 342,1291 341,1291 339,1291 297,1300 297,1383"/>
        <Baseline points="297,1383 461,1383"/>
        <TextEquiv>
          <Unicode></Unicode>
        </TextEquiv>
      </TextLine>
      <TextLine id="eSc_line_a2e862d7" custom="structure {type:default;}">
        <Coords points="719,1383 719,1403 2225,1406 2229,1379 2225,1354 1943,1354 1942,1352 1928,1342 1926,1342 1925,1342 1923,1342 1752,1350 1714,1352 1616,1350 1346,1344 1344,1344 1342,1344 1341,1344 1334,1349 1327,1354 1302,1349 1274,1344 1273,1344 1234,1349 1203,1352 1142,1349 1076,1344 1074,1344 1072,1344 1061,1347 1040,1354 1001,1347 974,1344 972,1344 718,1345 719,1383"/>
        <Baseline points="719,1383 2229,1379"/>
        <TextEquiv>
          <Unicode></Unicode>
        </TextEquiv>
      </TextLine>
      <TextLine id="eSc_line_f2963e5b" custom="structure {type:default;}">
        <Coords points="760,1425 760,1446 2229,1444 2229,1425 2229,1400 760,1400 760,1425"/>
        <Baseline points="760,1425 2229,1425"/>
        <TextEquiv>
          <Unicode></Unicode>
        </TextEquiv>
      </TextLine>
      <TextLine id="eSc_line_7429a7ce" custom="structure {type:default;}">
        <Coords points="763,1468 763,1488 855,1500 857,1500 971,1490 991,1488 1003,1490 1047,1496 1049,1496 1050,1496 1066,1490 1071,1488 1286,1488 1291,1490 1310,1500 1312,1500 1314,1500 1315,1500 1334,1490 1341,1488 1495,1488 1507,1490 1536,1498 1538,1498 1539,1500 1813,1500 1813,1498 1814,1498 1830,1491 1841,1486 1862,1491 1889,1498 1891,1498 1892,1498 1948,1491 1971,1490 1996,1491 2062,1498 2064,1498 2066,1498 2067,1498 2076,1491 2086,1486 2105,1491 2127,1498 2128,1498 2130,1498 2227,1491 2229,1464 2225,1442 1539,1432 1538,1432 1536,1432 1492,1442 1405,1434 1403,1434 1164,1442 1132,1434 1130,1434 865,1434 864,1434 809,1442 796,1434 794,1434 792,1434 791,1434 789,1434 762,1444 763,1468"/>
        <Baseline points="763,1468 2229,1464"/>
        <TextEquiv>
          <Unicode></Unicode>
        </TextEquiv>
      </TextLine>
      <TextLine id="eSc_line_7835e7a8" custom="structure {type:default;}">
        <Coords points="762,1508 762,1532 1050,1541 1052,1541 1054,1541 1088,1532 1100,1541 1101,1541 1103,1541 1105,1541 1198,1530 1198,1508 1198,1488 762,1488 762,1508"/>
        <Baseline points="762,1508 1198,1508"/>
        <TextEquiv>
          <Unicode></Unicode>
        </TextEquiv>
      </TextLine>
      <TextLine id="eSc_line_4691036c" custom="structure {type:default;}">
        <Coords points="704,1580 704,1605 814,1597 870,1607 881,1608 882,1608 884,1608 886,1608 886,1607 899,1595 1005,1595 1018,1605 1018,1607 1020,1607 1022,1607 1078,1608 1079,1608 1089,1607 1144,1595 1159,1607 1162,1610 1164,1610 1166,1610 1168,1610 1555,1608 1556,1608 1565,1607 1619,1591 1840,1605 1841,1573 1840,1546 1806,1535 1804,1535 1802,1535 1718,1544 1714,1544 1699,1532 1699,1530 1697,1530 1695,1530 1694,1530 1692,1530 1655,1544 1651,1544 1639,1544 1541,1535 1539,1535 1538,1535 1536,1535 1527,1542 1522,1547 1475,1547 1466,1542 1446,1532 1444,1532 1322,1532 1320,1532 1319,1532 1290,1541 1269,1547 1249,1541 1230,1534 1229,1534 1227,1534 1225,1534 1207,1541 1188,1547 1176,1541 1166,1534 1164,1534 1162,1534 1161,1534 1159,1534 1157,1534 1157,1535 1151,1541 1142,1549 1105,1549 1095,1539 1088,1534 1086,1534 1084,1534 1047,1534 1045,1534 1044,1534 1023,1539 986,1549 950,1539 940,1535 938,1535 937,1535 935,1535 928,1539 904,1549 864,1537 855,1535 853,1535 852,1535 850,1535 845,1537 818,1549 777,1537 772,1535 770,1535 769,1535 702,1535 704,1580"/>
        <Baseline points="704,1580 1841,1573"/>
        <TextEquiv>
          <Unicode></Unicode>
        </TextEquiv>
      </TextLine>
      <TextLine id="eSc_line_1f5ce902" custom="structure {type:default;}">
        <Coords points="297,1636 297,1673 332,1688 334,1688 336,1688 370,1681 400,1676 456,1692 460,1636 458,1580 297,1591 297,1636"/>
        <Baseline points="297,1636 460,1636"/>
        <TextEquiv>
          <Unicode></Unicode>
        </TextEquiv>
      </TextLine>
      <TextLine id="eSc_line_c7fc9c48" custom="structure {type:default;}">
        <Coords points="719,1634 719,1656 2229,1656 2229,1631 2225,1605 2166,1595 2164,1595 2125,1603 2123,1605 1864,1605 1857,1603 1821,1595 1819,1595 1765,1602 1752,1603 1735,1602 1670,1595 1668,1595 1628,1602 1614,1603 1612,1602 1599,1591 1597,1591 1595,1591 1594,1591 1592,1591 1555,1602 1544,1603 1529,1602 1473,1591 1471,1591 1195,1597 1193,1597 1191,1597 1188,1600 1178,1605 1166,1600 1151,1593 1149,1593 1147,1593 718,1597 719,1634"/>
        <Baseline points="719,1634 2229,1631"/>
        <TextEquiv>
          <Unicode></Unicode>
        </TextEquiv>
      </TextLine>
      <TextLine id="eSc_line_e95e667c" custom="structure {type:default;}">
        <Coords points="765,1676 765,1700 2227,1697 2229,1676 2227,1651 765,1651 765,1676"/>
        <Baseline points="765,1676 2229,1676"/>
        <TextEquiv>
          <Unicode></Unicode>
        </TextEquiv>
      </TextLine>
      <TextLine id="eSc_line_6b749727" custom="structure {type:default;}">
        <Coords points="763,1717 763,1736 2225,1737 2229,1714 2225,1690 821,1683 819,1683 762,1692 763,1717"/>
        <Baseline points="763,1717 2229,1714"/>
        <TextEquiv>
          <Unicode></Unicode>
        </TextEquiv>
      </TextLine>
      <TextLine id="eSc_line_bc2215c6" custom="structure {type:default;}">
        <Coords points="763,1761 763,1776 1071,1776 1078,1780 1091,1788 1093,1788 1095,1788 1096,1790 1266,1790 1266,1788 1268,1788 1286,1782 1298,1776 1305,1782 1312,1787 1314,1787 1315,1787 1376,1788 1378,1788 1426,1782 1465,1776 1478,1782 1492,1788 1493,1788 1495,1788 1599,1785 1600,1785 1602,1785 1604,1783 1616,1775 1658,1783 1677,1787 1679,1788 1826,1788 1826,1787 1828,1787 1833,1785 1852,1775 1882,1785 1887,1787 1889,1787 1891,1788 1965,1788 1965,1787 1967,1787 1969,1785 1991,1775 2086,1775 2123,1787 2125,1787 2127,1788 2229,1788 2230,1758 2225,1736 762,1737 763,1761"/>
        <Baseline points="763,1761 2230,1758"/>
        <TextEquiv>
          <Unicode></Unicode>
        </TextEquiv>
      </TextLine>
      <TextLine id="eSc_line_f011d774" custom="structure {type:default;}">
        <Coords points="760,1804 760,1822 2225,1824 2229,1799 2225,1776 1780,1768 1779,1768 1677,1776 1672,1776 1660,1776 1387,1770 1385,1770 758,1778 760,1804"/>
        <Baseline points="760,1804 2229,1799"/>
        <TextEquiv>
          <Unicode></Unicode>
        </TextEquiv>
      </TextLine>
      <TextLine id="eSc_line_47c5fa3d" custom="structure {type:default;}">
        <Coords points="762,1844 762,1861 2223,1865 2227,1841 2222,1814 760,1817 762,1844"/>
        <Baseline points="762,1844 2227,1841"/>
        <TextEquiv>
          <Unicode></Unicode>
        </TextEquiv>
      </TextLine>
      <TextLine id="eSc_line_eadaab2a" custom="structure {type:default;}">
        <Coords points="763,1885 763,1904 1027,1904 1045,1905 1091,1914 1093,1914 1174,1907 1213,1904 1220,1907 1229,1914 1230,1914 1232,1914 1234,1916 1283,1916 1283,1914 1285,1914 1302,1907 1312,1904 1320,1907 1332,1914 1334,1914 1336,1914 1380,1909 1415,1904 1422,1909 1429,1914 1431,1914 1432,1914 1434,1916 1495,1916 1495,1914 1602,1909 1768,1902 1813,1911 1823,1912 1825,1914 1984,1914 1984,1912 1986,1912 1987,1912 2011,1904 2027,1912 2028,1912 2030,1912 2032,1914 2227,1914 2229,1882 2223,1861 762,1863 763,1885"/>
        <Baseline points="763,1885 2229,1882"/>
        <TextEquiv>
          <Unicode></Unicode>
        </TextEquiv>
      </TextLine>
      <TextLine id="eSc_line_4b2f820e" custom="structure {type:default;}">
        <Coords points="765,1924 765,1948 2223,1948 2225,1928 2223,1902 765,1895 765,1924"/>
        <Baseline points="765,1924 2225,1928"/>
        <TextEquiv>
          <Unicode></Unicode>
        </TextEquiv>
      </TextLine>
      <TextLine id="eSc_line_bdc088e9" custom="structure {type:default;}">
        <Coords points="763,1968 763,1987 2227,1984 2229,1965 2223,1939 762,1941 763,1968"/>
        <Baseline points="763,1968 2229,1965"/>
        <TextEquiv>
          <Unicode></Unicode>
        </TextEquiv>
      </TextLine>
      <TextLine id="eSc_line_e433d6e7" custom="structure {type:default;}">
        <Coords points="765,2012 765,2024 826,2036 828,2036 950,2028 1013,2036 1015,2036 1016,2036 1042,2028 1052,2024 1083,2028 1134,2033 1135,2033 1137,2033 1147,2028 1154,2024 1195,2028 1244,2033 1246,2033 1247,2033 1264,2029 1283,2024 1298,2029 1322,2036 1324,2036 1325,2036 1373,2029 1410,2024 1449,2029 1495,2036 1497,2036 1566,2034 1568,2034 1570,2034 1575,2031 1587,2023 1604,2031 1606,2031 1607,2031 1609,2031 1612,2031 1655,2023 1843,2031 1845,2031 1847,2031 1848,2031 1860,2023 1875,2033 1877,2033 1879,2033 1881,2033 1887,2033 1998,2023 2023,2034 2025,2034 2027,2034 2028,2036 2229,2036 2230,2009 2227,1989 763,1985 765,2012"/>
        <Baseline points="765,2012 2230,2009"/>
        <TextEquiv>
          <Unicode></Unicode>
        </TextEquiv>
      </TextLine>
      <TextLine id="eSc_line_0ced7a76" custom="structure {type:default;}">
        <Coords points="765,2055 765,2072 2225,2075 2229,2055 2227,2029 765,2029 765,2055"/>
        <Baseline points="765,2055 2229,2055"/>
        <TextEquiv>
          <Unicode></Unicode>
        </TextEquiv>
      </TextLine>
      <TextLine id="eSc_line_4c96bacf" custom="structure {type:default;}">
        <Coords points="762,2094 762,2113 2229,2113 2229,2094 2229,2068 762,2068 762,2094"/>
        <Baseline points="762,2094 2229,2094"/>
        <TextEquiv>
          <Unicode></Unicode>
        </TextEquiv>
      </TextLine>
      <TextLine id="eSc_line_1efed20b" custom="structure {type:default;}">
        <Coords points="762,2135 760,2148 804,2160 806,2160 808,2160 884,2152 1347,2160 1349,2160 1351,2160 1388,2152 1555,2162 1556,2162 1600,2153 1660,2162 1662,2163 1870,2163 1870,2162 1872,2162 1874,2162 1887,2153 2190,2162 2191,2162 2193,2162 2227,2152 2229,2138 2227,2114 762,2111 762,2135"/>
        <Baseline points="762,2135 2229,2138"/>
        <TextEquiv>
          <Unicode></Unicode>
        </TextEquiv>
      </TextLine>
      <TextLine id="eSc_line_824b5ef7" custom="structure {type:default;}">
        <Coords points="765,2179 765,2197 1186,2208 1188,2208 1190,2208 1218,2197 1244,2208 1246,2208 1247,2208 1249,2208 1286,2199 1359,2208 1361,2208 1363,2208 1364,2208 1380,2197 1437,2197 1493,2208 1495,2208 1544,2196 1549,2196 1665,2196 1667,2196 1684,2206 1685,2206 1687,2206 1689,2208 1801,2208 1801,2206 1802,2206 1828,2196 1865,2206 1867,2206 1869,2208 1937,2208 1937,2206 1938,2206 1959,2196 1981,2206 1982,2206 1984,2208 2040,2208 2040,2206 2042,2206 2044,2206 2059,2196 2201,2206 2203,2206 2205,2206 2229,2194 2229,2175 2223,2153 763,2153 765,2179"/>
        <Baseline points="765,2179 2229,2175"/>
        <TextEquiv>
          <Unicode></Unicode>
        </TextEquiv>
      </TextLine>
      <TextLine id="eSc_line_a3ff9be2" custom="structure {type:default;}">
        <Coords points="763,2219 763,2238 1074,2238 1074,2219 1074,2192 763,2192 763,2219"/>
        <Baseline points="763,2219 1074,2219"/>
        <TextEquiv>
          <Unicode></Unicode>
        </TextEquiv>
      </TextLine>
      <TextLine id="eSc_line_f1b28627" custom="structure {type:default;}">
        <Coords points="297,2264 297,2291 405,2291 405,2264 405,2228 371,2214 370,2214 368,2214 297,2223 297,2264"/>
        <Baseline points="297,2264 405,2264"/>
        <TextEquiv>
          <Unicode></Unicode>
        </TextEquiv>
      </TextLine>
      <TextLine id="eSc_line_bdeed7fd" custom="structure {type:default;}">
        <Coords points="726,2262 726,2281 826,2281 828,2281 845,2289 847,2289 848,2289 850,2289 879,2281 882,2281 1173,2281 1174,2281 1225,2289 1227,2289 1288,2279 1297,2279 1339,2279 1648,2287 1650,2287 1651,2287 1653,2287 1667,2279 1672,2279 2173,2286 2174,2286 2229,2275 2230,2257 2225,2235 1889,2235 1882,2233 1869,2226 1867,2226 1865,2226 1864,2226 1862,2226 1853,2233 1848,2236 1770,2236 1731,2231 1668,2226 1667,2226 1665,2226 1663,2226 1656,2231 1646,2238 1429,2238 1412,2230 1402,2226 1400,2226 1398,2226 1397,2226 1380,2230 1354,2236 1339,2230 1330,2226 1329,2226 1259,2226 1257,2226 1256,2226 1246,2230 1220,2238 1037,2228 1013,2228 1011,2228 1005,2228 950,2238 937,2228 935,2228 933,2228 932,2228 921,2228 821,2236 808,2228 806,2228 804,2228 724,2228 726,2262"/>
        <Baseline points="726,2262 2230,2257"/>
        <TextEquiv>
          <Unicode></Unicode>
        </TextEquiv>
      </TextLine>
      <TextLine id="eSc_line_1b9db883" custom="structure {type:default;}">
        <Coords points="762,2306 762,2323 2227,2331 2229,2306 2229,2281 762,2281 762,2306"/>
        <Baseline points="762,2306 2229,2306"/>
        <TextEquiv>
          <Unicode></Unicode>
        </TextEquiv>
      </TextLine>
      <TextLine id="eSc_line_e15afdd2" custom="structure {type:default;}">
        <Coords points="765,2347 765,2374 830,2367 857,2374 882,2381 884,2381 886,2381 962,2374 1118,2382 1120,2382 1122,2382 1123,2382 1139,2371 1144,2367 1191,2367 1200,2371 1229,2382 1230,2382 1232,2382 1410,2367 1443,2365 1444,2367 1458,2379 1458,2381 1460,2381 1461,2381 1463,2382 1533,2382 1533,2381 1534,2381 1536,2381 1546,2371 1583,2381 1585,2381 1587,2381 1701,2364 1702,2343 1699,2318 763,2313 765,2347"/>
        <Baseline points="765,2347 1702,2343"/>
        <TextEquiv>
          <Unicode></Unicode>
        </TextEquiv>
      </TextLine>
      <TextLine id="eSc_line_ddf4439b" custom="structure {type:default;}">
        <Coords points="704,2408 704,2432 959,2420 1076,2430 1096,2432 1098,2432 1100,2432 1103,2430 1132,2416 1166,2430 1168,2430 1169,2430 1171,2430 1215,2428 1215,2398 1210,2365 1117,2374 1049,2365 1040,2365 1038,2365 1037,2365 1035,2365 1013,2377 887,2367 882,2367 881,2367 879,2367 818,2381 782,2367 780,2367 779,2367 777,2367 702,2367 704,2408"/>
        <Baseline points="704,2408 1215,2398"/>
        <TextEquiv>
          <Unicode></Unicode>
        </TextEquiv>
      </TextLine>
      <TextLine id="eSc_line_4eb02f29" custom="structure {type:default;}">
        <Coords points="300,2455 300,2493 398,2484 398,2455 398,2421 337,2406 336,2406 300,2413 300,2455"/>
        <Baseline points="300,2455 398,2455"/>
        <TextEquiv>
          <Unicode></Unicode>
        </TextEquiv>
      </TextLine>
      <TextLine id="eSc_line_32bc905e" custom="structure {type:default;}">
        <Coords points="721,2455 721,2472 1714,2479 1716,2479 1762,2471 2171,2477 2173,2477 2229,2467 2229,2450 2223,2423 719,2427 721,2455"/>
        <Baseline points="721,2455 2229,2450"/>
        <TextEquiv>
          <Unicode></Unicode>
        </TextEquiv>
      </TextLine>
      <TextLine id="eSc_line_b83321a5" custom="structure {type:default;}">
        <Coords points="765,2496 765,2520 1122,2513 1144,2518 1164,2522 1166,2522 1213,2516 1256,2513 1302,2516 1388,2523 1390,2523 1392,2523 1409,2515 1415,2513 1541,2513 1553,2515 1602,2522 1604,2522 1606,2522 1622,2513 1624,2513 1634,2522 1636,2522 1638,2522 1639,2523 1767,2523 1767,2522 1768,2522 1794,2513 1797,2511 1799,2513 1811,2522 1813,2522 1814,2522 1816,2522 1916,2513 2004,2522 2006,2522 2074,2511 2106,2522 2108,2522 2110,2522 2227,2508 2227,2493 2222,2471 763,2471 765,2496"/>
        <Baseline points="765,2496 2227,2493"/>
        <TextEquiv>
          <Unicode></Unicode>
        </TextEquiv>
      </TextLine>
      <TextLine id="eSc_line_6d168403" custom="structure {type:default;}">
        <Coords points="765,2539 765,2566 881,2556 965,2564 967,2564 1066,2556 1196,2564 1217,2564 1218,2564 1230,2564 1302,2556 2222,2556 2225,2535 2220,2513 763,2515 765,2539"/>
        <Baseline points="765,2539 2225,2535"/>
        <TextEquiv>
          <Unicode></Unicode>
        </TextEquiv>
      </TextLine>
      <TextLine id="eSc_line_652eeed0" custom="structure {type:default;}">
        <Coords points="765,2578 765,2600 2223,2600 2223,2572 2218,2550 763,2554 765,2578"/>
        <Baseline points="765,2578 2223,2572"/>
        <TextEquiv>
          <Unicode></Unicode>
        </TextEquiv>
      </TextLine>
      <TextLine id="eSc_line_ac552961" custom="structure {type:default;}">
        <Coords points="767,2622 767,2644 984,2652 986,2652 1100,2644 1110,2644 1127,2654 1128,2654 1130,2654 1132,2654 1217,2645 1234,2654 1235,2654 1237,2654 1346,2644 1347,2644 1349,2644 1414,2654 1415,2654 1417,2654 1419,2654 1434,2644 1533,2652 1534,2652 1578,2642 1585,2642 1597,2642 1731,2657 1733,2659 2069,2659 2069,2657 2071,2657 2106,2642 2133,2652 2135,2652 2137,2652 2220,2640 2222,2618 2218,2595 876,2591 874,2591 765,2600 767,2622"/>
        <Baseline points="767,2622 2222,2618"/>
        <TextEquiv>
          <Unicode></Unicode>
        </TextEquiv>
      </TextLine>
      <TextLine id="eSc_line_e1f1ddd7" custom="structure {type:default;}">
        <Coords points="767,2666 767,2705 791,2710 792,2710 794,2710 796,2710 796,2708 801,2705 811,2696 823,2705 825,2705 826,2705 828,2705 857,2705 1088,2695 1101,2701 1123,2715 1125,2715 1127,2715 1224,2717 1225,2717 1330,2715 1332,2715 1387,2698 1392,2696 1395,2698 1424,2713 1426,2713 1427,2713 1429,2713 1463,2696 1468,2695 1476,2696 1544,2712 1546,2712 1548,2712 1582,2696 1602,2712 1604,2712 1606,2712 1607,2712 1687,2693 1687,2662 1684,2640 792,2634 791,2634 789,2634 765,2642 767,2666"/>
        <Baseline points="767,2666 1687,2662"/>
        <TextEquiv>
          <Unicode></Unicode>
        </TextEquiv>
      </TextLine>
    </TextRegion>
    <TextRegion id="eSc_textblock_0d79ec67"  custom="structure {type:default;}">
      <Coords points="994,101 1551,108 1558,168 964,181 950,128 994,101"/>
      <TextLine id="eSc_line_e0d9ea31" custom="structure {type:default;}">
        <Coords points="1510,106 1495,106 1449,115 1444,117 1278,117 1278,115 1263,103 1256,103 1239,103 1222,103 1205,103 1188,103 1171,103 1154,103 1137,103 1132,103 1130,103 1128,103 1127,103 1115,113 1105,105 1105,103 1103,103 1101,103 1100,103 1098,103 1079,112 1038,103 1037,103 967,115 967,117 967,156 967,186 1539,186 1539,156 1539,113 1524,106 1510,106"/>
        <Baseline points="967,156 1539,156"/>
        <TextEquiv>
          <Unicode></Unicode>
        </TextEquiv>
      </TextLine>
    </TextRegion>
    <TextRegion id="eSc_textblock_99563130"  custom="structure {type:default;}">
      <Coords points="444,149 460,149 466,161 434,168 444,149"/>
    </TextRegion>
  </Page>
</PcGts>
