<?xml version="1.0" encoding="UTF-8"  standalone="yes"?>
<PcGts xmlns="http://schema.primaresearch.org/PAGE/gts/pagecontent/2019-07-15" xmlns:xsi="http://www.w3.org/2001/XMLSchema-instance" xsi:schemaLocation="http://schema.primaresearch.org/PAGE/gts/pagecontent/2019-07-15 http://schema.primaresearch.org/PAGE/gts/pagecontent/2019-07-15/pagecontent.xsd">
  <Metadata externalRef="pdf//regestapontificu01cath.pdf">
	<Creator>escriptorium</Creator>
	<Created>2026-02-12T11:38:51.538102+00:00</Created>
        <LastChange>2026-02-13T11:31:23.376230+00:00</LastChange>
  </Metadata>
  <Page imageFilename="regestapontificu01cath.pdf_page_458.png" imageWidth="2353" imageHeight="3055">
    <TextRegion id="eSc_textblock_7d76b3de"  custom="structure {type:default;}">
      <Coords points="307,115 480,122 432,149 480,156 480,168 298,188 285,135 307,115"/>
      <TextLine id="eSc_line_f5ba6963" custom="structure {type:default;}">
        <Coords points="390,117 305,118 308,164 308,184 400,179 400,159 395,117 390,117"/>
        <Baseline points="308,164 400,159"/>
        <TextEquiv>
          <Unicode></Unicode>
        </TextEquiv>
      </TextLine>
    </TextRegion>
    <TextRegion id="eSc_textblock_ed14fecd"  custom="structure {type:default;}">
      <Coords points="302,217 494,224 509,271 516,224 2271,230 2264,2679 774,2700 719,2679 697,2632 522,2645 500,2001 480,2618 400,2645 305,2591 285,2211 302,217"/>
      <TextLine id="eSc_line_288b1654" custom="structure {type:default;}">
        <Coords points="726,273 726,291 1274,291 1274,269 1269,237 989,244 981,237 981,235 979,235 977,235 976,235 916,244 869,234 857,232 855,232 853,232 848,234 819,244 808,234 808,232 806,232 804,232 803,232 724,232 726,273"/>
        <Baseline points="726,273 1274,269"/>
        <TextEquiv>
          <Unicode></Unicode>
        </TextEquiv>
      </TextLine>
      <TextLine id="eSc_line_028083a8" custom="structure {type:default;}">
        <Coords points="787,322 787,341 2247,344 2251,317 2246,278 786,283 787,322"/>
        <Baseline points="787,322 2251,317"/>
        <TextEquiv>
          <Unicode></Unicode>
        </TextEquiv>
      </TextLine>
      <TextLine id="eSc_line_b736db3a" custom="structure {type:default;}">
        <Coords points="786,363 786,383 860,392 862,392 1111,383 1128,383 1134,383 1210,392 1212,392 1466,383 1629,390 1631,390 1633,390 1662,381 1675,390 1677,390 1679,390 1680,392 1914,392 1914,390 1916,390 1938,381 1950,390 1952,390 1954,390 1955,392 2230,392 2230,390 2232,390 2234,390 2249,380 2249,359 2244,334 784,336 786,363"/>
        <Baseline points="786,363 2249,359"/>
        <TextEquiv>
          <Unicode></Unicode>
        </TextEquiv>
      </TextLine>
      <TextLine id="eSc_line_74133a34" custom="structure {type:default;}">
        <Coords points="784,405 784,420 853,429 855,429 903,420 906,420 908,420 925,429 926,429 928,429 986,420 1010,431 1011,431 1013,431 1015,431 1042,419 1044,419 1054,429 1055,429 1057,429 1059,429 1117,419 1123,419 1135,419 1271,429 1273,429 1274,429 1302,420 1507,427 1509,427 1566,415 1568,400 1565,378 1054,371 1052,371 1050,371 1049,371 1040,380 1038,381 782,381 784,405"/>
        <Baseline points="784,405 1568,400"/>
        <TextEquiv>
          <Unicode></Unicode>
        </TextEquiv>
      </TextLine>
      <TextLine id="eSc_line_cc89a3d6" custom="structure {type:default;}">
        <Coords points="320,448 320,482 431,485 432,485 434,485 483,468 483,444 480,412 319,392 320,448"/>
        <Baseline points="320,448 483,444"/>
        <TextEquiv>
          <Unicode></Unicode>
        </TextEquiv>
      </TextLine>
      <TextLine id="eSc_line_cdd3a6a2" custom="structure {type:default;}">
        <Coords points="741,444 741,470 2251,470 2251,444 2251,422 741,422 741,444"/>
        <Baseline points="741,444 2251,444"/>
        <TextEquiv>
          <Unicode></Unicode>
        </TextEquiv>
      </TextLine>
      <TextLine id="eSc_line_1fa3bed3" custom="structure {type:default;}">
        <Coords points="786,488 786,507 2247,510 2251,485 2246,461 784,461 786,488"/>
        <Baseline points="786,488 2251,485"/>
        <TextEquiv>
          <Unicode></Unicode>
        </TextEquiv>
      </TextLine>
      <TextLine id="eSc_line_af0201f2" custom="structure {type:default;}">
        <Coords points="786,529 786,549 2247,546 2249,526 2246,504 796,497 794,497 792,497 791,497 784,502 786,529"/>
        <Baseline points="786,529 2249,526"/>
        <TextEquiv>
          <Unicode></Unicode>
        </TextEquiv>
      </TextLine>
      <TextLine id="eSc_line_af3150f4" custom="structure {type:default;}">
        <Coords points="786,573 786,597 2246,599 2249,570 2244,549 784,549 786,573"/>
        <Baseline points="786,573 2249,570"/>
        <TextEquiv>
          <Unicode></Unicode>
        </TextEquiv>
      </TextLine>
      <TextLine id="eSc_line_2c2b3d37" custom="structure {type:default;}">
        <Coords points="786,616 786,638 2246,638 2247,612 2244,587 784,587 786,616"/>
        <Baseline points="786,616 2247,612"/>
        <TextEquiv>
          <Unicode></Unicode>
        </TextEquiv>
      </TextLine>
      <TextLine id="eSc_line_3935adee" custom="structure {type:default;}">
        <Coords points="780,656 780,672 1594,680 1595,680 1597,680 1622,672 1624,672 1667,680 1668,680 1763,672 1765,672 1825,680 1826,680 1870,672 1933,680 1935,680 1937,680 1969,672 1994,680 1996,680 1998,680 2038,670 2038,656 2038,631 780,624 780,656"/>
        <Baseline points="780,656 2038,656"/>
        <TextEquiv>
          <Unicode></Unicode>
        </TextEquiv>
      </TextLine>
      <TextLine id="eSc_line_29fd7dbd" custom="structure {type:default;}">
        <Coords points="346,702 346,729 478,729 478,702 473,621 454,633 438,627 417,621 415,621 414,621 412,621 410,621 395,634 388,639 346,641 346,702"/>
        <Baseline points="346,702 478,702"/>
        <TextEquiv>
          <Unicode></Unicode>
        </TextEquiv>
      </TextLine>
      <TextLine id="eSc_line_74d818b1" custom="structure {type:default;}">
        <Coords points="741,697 741,721 2247,724 2249,697 2249,675 741,675 741,697"/>
        <Baseline points="741,697 2249,697"/>
        <TextEquiv>
          <Unicode></Unicode>
        </TextEquiv>
      </TextLine>
      <TextLine id="eSc_line_8245a355" custom="structure {type:default;}">
        <Coords points="786,739 786,762 2246,765 2249,739 2246,712 786,714 786,739"/>
        <Baseline points="786,739 2249,739"/>
        <TextEquiv>
          <Unicode></Unicode>
        </TextEquiv>
      </TextLine>
      <TextLine id="eSc_line_50d6dc19" custom="structure {type:default;}">
        <Coords points="784,784 784,799 2244,804 2247,784 2246,758 2183,750 2181,750 2179,750 2162,756 2154,762 2081,762 2064,756 2038,750 2037,750 2035,750 2033,750 2032,750 2021,756 2013,762 1765,762 1750,755 1736,750 1735,750 1653,750 1651,750 1650,750 1648,750 1643,753 1631,760 1432,753 1380,751 1378,751 1364,753 1291,760 1062,750 1025,750 1023,750 1006,750 869,760 784,750 784,784"/>
        <Baseline points="784,784 2247,784"/>
        <TextEquiv>
          <Unicode></Unicode>
        </TextEquiv>
      </TextLine>
      <TextLine id="eSc_line_9a4ef237" custom="structure {type:default;}">
        <Coords points="782,824 782,843 1485,852 1487,852 1510,846 1543,841 1561,848 1568,850 1570,850 1572,850 1585,848 1616,841 1636,848 1643,850 1645,850 1646,850 1662,848 1702,841 1969,850 2006,850 2008,850 2010,850 2011,850 2038,841 2049,850 2050,850 2052,850 2054,852 2244,852 2246,821 2240,799 780,801 782,824"/>
        <Baseline points="782,824 2246,821"/>
        <TextEquiv>
          <Unicode></Unicode>
        </TextEquiv>
      </TextLine>
      <TextLine id="eSc_line_5dcbade2" custom="structure {type:default;}">
        <Coords points="780,867 780,885 2242,884 2244,863 2239,840 779,841 780,867"/>
        <Baseline points="780,867 2244,863"/>
        <TextEquiv>
          <Unicode></Unicode>
        </TextEquiv>
      </TextLine>
      <TextLine id="eSc_line_c71ff07c" custom="structure {type:default;}">
        <Coords points="348,913 348,945 395,948 397,948 398,948 400,948 412,938 414,936 415,938 422,943 424,943 426,943 427,943 429,943 475,930 475,909 473,867 439,857 438,857 436,857 434,857 410,863 392,868 346,862 348,913"/>
        <Baseline points="348,913 475,909"/>
        <TextEquiv>
          <Unicode></Unicode>
        </TextEquiv>
      </TextLine>
      <TextLine id="eSc_line_0604ee67" custom="structure {type:default;}">
        <Coords points="738,908 738,926 2247,923 2249,904 2244,879 736,880 738,908"/>
        <Baseline points="738,908 2249,904"/>
        <TextEquiv>
          <Unicode></Unicode>
        </TextEquiv>
      </TextLine>
      <TextLine id="eSc_line_e17f1f64" custom="structure {type:default;}">
        <Coords points="786,950 786,970 1128,970 1134,972 1144,979 1145,979 1147,979 1149,979 1151,979 1178,972 1186,970 1195,972 1215,979 1217,979 1218,979 1368,974 1466,970 1495,974 1524,979 1526,979 1560,975 1599,970 1976,977 2060,979 2062,979 2069,979 2122,970 2133,979 2135,979 2137,979 2139,980 2247,980 2249,950 2247,928 786,928 786,950"/>
        <Baseline points="786,950 2249,950"/>
        <TextEquiv>
          <Unicode></Unicode>
        </TextEquiv>
      </TextLine>
      <TextLine id="eSc_line_d0afa63e" custom="structure {type:default;}">
        <Coords points="784,992 784,1016 2242,1018 2246,992 2244,967 784,967 784,992"/>
        <Baseline points="784,992 2246,992"/>
        <TextEquiv>
          <Unicode></Unicode>
        </TextEquiv>
      </TextLine>
      <TextLine id="eSc_line_099e254d" custom="structure {type:default;}">
        <Coords points="780,1037 780,1048 840,1048 842,1048 864,1060 865,1060 867,1060 1025,1057 1027,1057 1028,1057 1042,1047 1059,1059 1061,1059 1062,1059 1064,1060 1103,1060 1103,1059 1183,1050 1266,1057 1268,1057 1269,1057 1303,1043 1303,1031 1300,1009 1230,999 1229,999 1125,1009 1098,999 1096,999 1095,999 1045,1009 1028,1001 1027,1001 877,1001 876,1001 874,1001 872,1001 855,1013 779,1013 780,1037"/>
        <Baseline points="780,1037 1303,1031"/>
        <TextEquiv>
          <Unicode></Unicode>
        </TextEquiv>
      </TextLine>
      <TextLine id="eSc_line_a049f95f" custom="structure {type:default;}">
        <Coords points="315,1079 315,1126 339,1126 339,1125 341,1125 342,1125 342,1123 346,1121 358,1109 376,1116 387,1120 388,1120 390,1120 453,1104 453,1076 449,1031 314,1030 315,1079"/>
        <Baseline points="315,1079 453,1076"/>
        <TextEquiv>
          <Unicode></Unicode>
        </TextEquiv>
      </TextLine>
      <TextLine id="eSc_line_b1ff6c1e" custom="structure {type:default;}">
        <Coords points="502,1076 502,1106 704,1106 704,1076 704,1037 653,1033 602,989 550,941 548,941 546,941 502,941 502,1076"/>
        <Baseline points="502,1076 704,1076"/>
        <TextEquiv>
          <Unicode></Unicode>
        </TextEquiv>
      </TextLine>
      <TextLine id="eSc_line_928aa337" custom="structure {type:default;}">
        <Coords points="736,1077 736,1098 2247,1104 2249,1074 2244,1045 1711,1050 1702,1047 1687,1042 1685,1042 1499,1042 1497,1042 1495,1042 1493,1042 1487,1048 1482,1053 1154,1053 1147,1052 1108,1043 1106,1043 1105,1043 1103,1043 1091,1052 1089,1053 976,1053 974,1052 960,1043 959,1043 957,1043 955,1043 894,1052 752,1043 750,1043 748,1043 746,1043 735,1048 736,1077"/>
        <Baseline points="736,1077 2249,1074"/>
        <TextEquiv>
          <Unicode></Unicode>
        </TextEquiv>
      </TextLine>
      <TextLine id="eSc_line_b8233f8d" custom="structure {type:default;}">
        <Coords points="534,1118 534,1186 607,1182 609,1182 611,1182 628,1167 640,1159 675,1159 675,1118 675,1093 534,1093 534,1118"/>
        <Baseline points="534,1118 675,1118"/>
        <TextEquiv>
          <Unicode></Unicode>
        </TextEquiv>
      </TextLine>
      <TextLine id="eSc_line_803ca1ea" custom="structure {type:default;}">
        <Coords points="780,1120 780,1138 1156,1133 1157,1115 1152,1093 779,1096 780,1120"/>
        <Baseline points="780,1120 1157,1115"/>
        <TextEquiv>
          <Unicode></Unicode>
        </TextEquiv>
      </TextLine>
      <TextLine id="eSc_line_d199fbc0" custom="structure {type:default;}">
        <Coords points="349,1167 349,1216 370,1216 370,1167 370,1140 349,1140 349,1167"/>
        <Baseline points="349,1167 370,1167"/>
        <TextEquiv>
          <Unicode></Unicode>
        </TextEquiv>
      </TextLine>
      <TextLine id="eSc_line_251790bf" custom="structure {type:default;}">
        <Coords points="743,1157 743,1182 2246,1182 2247,1162 2247,1135 2225,1125 2223,1125 2222,1125 1904,1132 1796,1133 1779,1130 1745,1123 1743,1123 1697,1130 1679,1132 1541,1128 1354,1123 1353,1123 1314,1126 1247,1132 1235,1125 1234,1123 1232,1123 1230,1123 1229,1123 1134,1125 830,1130 743,1121 743,1157"/>
        <Baseline points="743,1157 2247,1162"/>
        <TextEquiv>
          <Unicode></Unicode>
        </TextEquiv>
      </TextLine>
      <TextLine id="eSc_line_78619cc5" custom="structure {type:default;}">
        <Coords points="782,1198 780,1216 814,1230 816,1230 818,1230 1220,1222 1342,1230 1344,1230 1512,1220 1553,1232 1555,1232 1556,1232 1672,1222 1752,1232 1753,1233 1845,1233 1845,1232 1847,1232 1867,1222 1889,1230 1891,1230 1892,1230 2050,1222 2161,1232 2162,1232 2244,1220 2246,1201 2244,1179 782,1171 782,1198"/>
        <Baseline points="782,1198 2246,1201"/>
        <TextEquiv>
          <Unicode></Unicode>
        </TextEquiv>
      </TextLine>
      <TextLine id="eSc_line_47e62631" custom="structure {type:default;}">
        <Coords points="780,1245 780,1266 2244,1267 2247,1242 2242,1218 779,1220 780,1245"/>
        <Baseline points="780,1245 2247,1242"/>
        <TextEquiv>
          <Unicode></Unicode>
        </TextEquiv>
      </TextLine>
      <TextLine id="eSc_line_07ee61e5" custom="structure {type:default;}">
        <Coords points="782,1286 782,1303 2249,1301 2249,1286 2249,1266 782,1257 782,1286"/>
        <Baseline points="782,1286 2249,1286"/>
        <TextEquiv>
          <Unicode></Unicode>
        </TextEquiv>
      </TextLine>
      <TextLine id="eSc_line_8a9c29c1" custom="structure {type:default;}">
        <Coords points="782,1327 780,1349 2242,1350 2246,1330 2244,1306 782,1303 782,1327"/>
        <Baseline points="782,1327 2246,1330"/>
        <TextEquiv>
          <Unicode></Unicode>
        </TextEquiv>
      </TextLine>
      <TextLine id="eSc_line_29510f2d" custom="structure {type:default;}">
        <Coords points="782,1371 782,1393 1948,1384 1950,1367 1945,1345 780,1345 782,1371"/>
        <Baseline points="782,1371 1950,1367"/>
        <TextEquiv>
          <Unicode></Unicode>
        </TextEquiv>
      </TextLine>
      <TextLine id="eSc_line_0e4e3f95" custom="structure {type:default;}">
        <Coords points="339,1415 339,1454 373,1459 375,1459 376,1459 414,1440 414,1415 414,1367 339,1359 339,1415"/>
        <Baseline points="339,1415 414,1415"/>
        <TextEquiv>
          <Unicode></Unicode>
        </TextEquiv>
      </TextLine>
      <TextLine id="eSc_line_fb27fd48" custom="structure {type:default;}">
        <Coords points="740,1410 740,1432 2249,1432 2249,1410 2247,1378 740,1384 740,1410"/>
        <Baseline points="740,1410 2249,1410"/>
        <TextEquiv>
          <Unicode></Unicode>
        </TextEquiv>
      </TextLine>
      <TextLine id="eSc_line_1348efe2" custom="structure {type:default;}">
        <Coords points="780,1454 780,1478 2247,1476 2247,1454 2246,1432 780,1432 780,1454"/>
        <Baseline points="780,1454 2247,1454"/>
        <TextEquiv>
          <Unicode></Unicode>
        </TextEquiv>
      </TextLine>
      <TextLine id="eSc_line_1a04123c" custom="structure {type:default;}">
        <Coords points="780,1495 779,1512 2242,1515 2246,1498 2244,1471 780,1468 780,1495"/>
        <Baseline points="780,1495 2246,1498"/>
        <TextEquiv>
          <Unicode></Unicode>
        </TextEquiv>
      </TextLine>
      <TextLine id="eSc_line_e0f8b68d" custom="structure {type:default;}">
        <Coords points="782,1537 780,1552 2244,1556 2247,1541 2246,1517 782,1508 782,1537"/>
        <Baseline points="782,1537 2247,1541"/>
        <TextEquiv>
          <Unicode></Unicode>
        </TextEquiv>
      </TextLine>
      <TextLine id="eSc_line_38f7a9f4" custom="structure {type:default;}">
        <Coords points="779,1581 779,1607 930,1602 976,1608 994,1610 996,1610 998,1610 1006,1608 1032,1602 1040,1608 1042,1610 1044,1610 1045,1610 1047,1612 1145,1612 1145,1610 1147,1610 1156,1608 1184,1602 1225,1608 1239,1610 1241,1612 1241,1610 1252,1608 1297,1602 1370,1608 1388,1610 1390,1610 1407,1608 1482,1602 1762,1610 1796,1610 1797,1610 1801,1610 1836,1602 1864,1610 1865,1610 1867,1610 1869,1610 1870,1610 1872,1610 1887,1602 2033,1602 2047,1610 2049,1610 2050,1610 2052,1612 2249,1612 2249,1581 2249,1559 779,1559 779,1581"/>
        <Baseline points="779,1581 2249,1581"/>
        <TextEquiv>
          <Unicode></Unicode>
        </TextEquiv>
      </TextLine>
      <TextLine id="eSc_line_9fb3d725" custom="structure {type:default;}">
        <Coords points="779,1622 779,1644 857,1648 859,1648 921,1634 921,1622 921,1597 779,1595 779,1622"/>
        <Baseline points="779,1622 921,1622"/>
        <TextEquiv>
          <Unicode></Unicode>
        </TextEquiv>
      </TextLine>
      <TextLine id="eSc_line_b14aedfe" custom="structure {type:default;}">
        <Coords points="336,1698 419,1695 421,1670 422,1608 383,1597 381,1597 380,1597 378,1597 376,1597 373,1598 363,1607 342,1591 337,1666 336,1698"/>
        <Baseline points="337,1666 421,1670"/>
        <TextEquiv>
          <Unicode></Unicode>
        </TextEquiv>
      </TextLine>
      <TextLine id="eSc_line_0d3468b6" custom="structure {type:default;}">
        <Coords points="738,1664 738,1683 2246,1680 2247,1661 2242,1632 736,1634 738,1664"/>
        <Baseline points="738,1664 2247,1661"/>
        <TextEquiv>
          <Unicode></Unicode>
        </TextEquiv>
      </TextLine>
      <TextLine id="eSc_line_249e3014" custom="structure {type:default;}">
        <Coords points="780,1707 780,1726 1443,1736 1444,1736 1475,1731 1514,1724 1572,1731 1600,1734 1602,1734 1653,1731 1757,1726 1799,1732 1804,1732 1806,1732 1808,1732 1830,1724 1877,1732 1879,1732 2242,1734 2246,1704 2240,1683 779,1685 780,1707"/>
        <Baseline points="780,1707 2246,1704"/>
        <TextEquiv>
          <Unicode></Unicode>
        </TextEquiv>
      </TextLine>
      <TextLine id="eSc_line_34613867" custom="structure {type:default;}">
        <Coords points="780,1749 780,1766 2244,1770 2247,1744 2242,1722 779,1722 780,1749"/>
        <Baseline points="780,1749 2247,1744"/>
        <TextEquiv>
          <Unicode></Unicode>
        </TextEquiv>
      </TextLine>
      <TextLine id="eSc_line_0e09b9bc" custom="structure {type:default;}">
        <Coords points="780,1790 780,1807 969,1807 972,1807 984,1817 986,1817 988,1817 989,1817 991,1817 1016,1809 1171,1817 1173,1817 1174,1817 1176,1817 1188,1807 1190,1807 1195,1807 1229,1817 1230,1817 1232,1817 1288,1809 1325,1817 1327,1817 1329,1817 1330,1817 1332,1817 1347,1807 1349,1807 1359,1807 1424,1817 1426,1817 1427,1817 1446,1807 1449,1807 1456,1807 1510,1817 1512,1817 1561,1807 1578,1805 1597,1807 1646,1816 1648,1816 1650,1816 1677,1807 1689,1805 1777,1807 1999,1816 2001,1816 2246,1807 2247,1787 2242,1758 779,1758 780,1790"/>
        <Baseline points="780,1790 2247,1787"/>
        <TextEquiv>
          <Unicode></Unicode>
        </TextEquiv>
      </TextLine>
      <TextLine id="eSc_line_bf1b27c6" custom="structure {type:default;}">
        <Coords points="779,1831 777,1851 794,1858 796,1858 797,1858 799,1858 814,1851 828,1846 862,1851 899,1856 901,1856 903,1856 904,1856 904,1855 909,1851 915,1846 976,1846 984,1849 996,1858 998,1858 999,1858 1074,1860 1076,1860 1078,1860 1105,1849 1106,1848 1108,1849 1128,1860 1130,1860 1132,1861 1259,1861 1259,1860 1346,1846 1347,1834 1346,1810 779,1807 779,1831"/>
        <Baseline points="779,1831 1347,1834"/>
        <TextEquiv>
          <Unicode></Unicode>
        </TextEquiv>
      </TextLine>
      <TextLine id="eSc_line_1b761b04" custom="structure {type:default;}">
        <Coords points="314,1875 314,1914 353,1922 354,1922 356,1922 397,1907 397,1872 393,1829 353,1816 351,1816 349,1816 348,1816 310,1829 314,1875"/>
        <Baseline points="314,1875 397,1872"/>
        <TextEquiv>
          <Unicode></Unicode>
        </TextEquiv>
      </TextLine>
      <TextLine id="eSc_line_c8600c55" custom="structure {type:default;}">
        <Coords points="736,1872 736,1894 2246,1897 2249,1872 2247,1848 736,1848 736,1872"/>
        <Baseline points="736,1872 2249,1872"/>
        <TextEquiv>
          <Unicode></Unicode>
        </TextEquiv>
      </TextLine>
      <TextLine id="eSc_line_f6b7f32f" custom="structure {type:default;}">
        <Coords points="780,1916 780,1934 2244,1931 2246,1912 2242,1885 779,1885 780,1916"/>
        <Baseline points="780,1916 2246,1912"/>
        <TextEquiv>
          <Unicode></Unicode>
        </TextEquiv>
      </TextLine>
      <TextLine id="eSc_line_d4a6e97e" custom="structure {type:default;}">
        <Coords points="779,1953 777,1973 821,1985 823,1985 825,1985 928,1977 1086,1985 1088,1985 1154,1977 1196,1985 1198,1985 1257,1977 1297,1987 1298,1987 1300,1987 1755,1978 1794,1989 1796,1989 1797,1989 1799,1989 1801,1989 1816,1980 2086,1989 2088,1989 2246,1978 2247,1958 2246,1936 779,1931 779,1953"/>
        <Baseline points="779,1953 2247,1958"/>
        <TextEquiv>
          <Unicode></Unicode>
        </TextEquiv>
      </TextLine>
      <TextLine id="eSc_line_7bc53360" custom="structure {type:default;}">
        <Coords points="780,2001 780,2021 1926,2016 1926,2001 1926,1977 780,1973 780,2001"/>
        <Baseline points="780,2001 1926,2001"/>
        <TextEquiv>
          <Unicode></Unicode>
        </TextEquiv>
      </TextLine>
      <TextLine id="eSc_line_a7083610" custom="structure {type:default;}">
        <Coords points="466,2011 438,2004 436,2004 434,2004 432,2004 432,2006 431,2007 419,2019 387,2019 346,2001 348,2048 349,2085 398,2079 400,2079 402,2079 402,2077 409,2072 421,2057 470,2055 470,2041 466,2011"/>
        <Baseline points="348,2048 470,2041"/>
        <TextEquiv>
          <Unicode></Unicode>
        </TextEquiv>
      </TextLine>
      <TextLine id="eSc_line_e5923b55" custom="structure {type:default;}">
        <Coords points="738,2041 738,2060 2247,2057 2249,2038 2246,2014 2181,2004 1974,2004 1972,2004 1971,2004 1952,2012 1952,2014 1527,2014 1524,2012 1514,2004 1512,2004 1510,2004 1509,2004 1398,2011 1353,2014 1307,2011 1229,2006 1227,2006 1201,2011 1186,2014 736,2011 738,2041"/>
        <Baseline points="738,2041 2249,2038"/>
        <TextEquiv>
          <Unicode></Unicode>
        </TextEquiv>
      </TextLine>
      <TextLine id="eSc_line_a0e7b8d7" custom="structure {type:default;}">
        <Coords points="779,2084 779,2102 823,2113 825,2113 972,2104 999,2104 1001,2106 1022,2116 1023,2116 1025,2116 1084,2107 1115,2114 1117,2114 1118,2114 1120,2114 1139,2106 1145,2104 1159,2107 1205,2116 1207,2118 1251,2118 1251,2116 1252,2116 1254,2116 1266,2107 1273,2104 1303,2107 1351,2114 1353,2114 1354,2114 1376,2109 1395,2104 1402,2109 1412,2116 1414,2116 1415,2116 1417,2116 1475,2109 1512,2106 1570,2111 1636,2116 1638,2116 1757,2113 1903,2107 1918,2114 1923,2116 1925,2116 1926,2116 1957,2114 2083,2104 2106,2116 2108,2116 2110,2116 2111,2118 2247,2118 2247,2084 2247,2062 779,2062 779,2084"/>
        <Baseline points="779,2084 2247,2084"/>
        <TextEquiv>
          <Unicode></Unicode>
        </TextEquiv>
      </TextLine>
      <TextLine id="eSc_line_563c9341" custom="structure {type:default;}">
        <Coords points="779,2124 779,2146 898,2150 899,2150 947,2138 947,2124 947,2099 779,2099 779,2124"/>
        <Baseline points="779,2124 947,2124"/>
        <TextEquiv>
          <Unicode></Unicode>
        </TextEquiv>
      </TextLine>
      <TextLine id="eSc_line_3ed125c9" custom="structure {type:default;}">
        <Coords points="346,2170 346,2214 388,2214 388,2213 390,2213 392,2213 392,2211 404,2201 415,2189 471,2186 471,2167 468,2141 422,2133 421,2133 419,2133 417,2133 402,2143 398,2145 344,2145 346,2170"/>
        <Baseline points="346,2170 471,2167"/>
        <TextEquiv>
          <Unicode></Unicode>
        </TextEquiv>
      </TextLine>
      <TextLine id="eSc_line_118d435d" custom="structure {type:default;}">
        <Coords points="736,2165 735,2182 2246,2186 2249,2169 2247,2140 736,2136 736,2165"/>
        <Baseline points="736,2165 2249,2169"/>
        <TextEquiv>
          <Unicode></Unicode>
        </TextEquiv>
      </TextLine>
      <TextLine id="eSc_line_951745ff" custom="structure {type:default;}">
        <Coords points="779,2211 779,2230 1381,2238 1383,2238 1385,2238 1412,2230 1504,2238 1505,2238 1622,2236 1624,2236 1626,2236 1636,2228 1639,2228 1648,2228 1726,2236 1728,2236 2242,2226 2244,2208 2240,2186 777,2184 779,2211"/>
        <Baseline points="779,2211 2244,2208"/>
        <TextEquiv>
          <Unicode></Unicode>
        </TextEquiv>
      </TextLine>
      <TextLine id="eSc_line_b5a7eeb4" custom="structure {type:default;}">
        <Coords points="779,2252 779,2275 2247,2279 2249,2252 2249,2226 779,2226 779,2252"/>
        <Baseline points="779,2252 2249,2252"/>
        <TextEquiv>
          <Unicode></Unicode>
        </TextEquiv>
      </TextLine>
      <TextLine id="eSc_line_27bd6293" custom="structure {type:default;}">
        <Coords points="779,2291 777,2309 1592,2318 1594,2318 1595,2318 1597,2318 1611,2309 1634,2318 1636,2318 1638,2318 1639,2318 1663,2309 1697,2318 1699,2318 1701,2318 1762,2308 1763,2294 1762,2270 779,2267 779,2291"/>
        <Baseline points="779,2291 1763,2294"/>
        <TextEquiv>
          <Unicode></Unicode>
        </TextEquiv>
      </TextLine>
      <TextLine id="eSc_line_bf4aceff" custom="structure {type:default;}">
        <Coords points="342,2337 342,2403 412,2391 439,2416 443,2418 443,2420 444,2420 446,2420 448,2421 473,2421 473,2337 473,2298 342,2298 342,2337"/>
        <Baseline points="342,2337 473,2337"/>
        <TextEquiv>
          <Unicode></Unicode>
        </TextEquiv>
      </TextLine>
      <TextLine id="eSc_line_fb8963ac" custom="structure {type:default;}">
        <Coords points="736,2331 735,2355 2246,2362 2249,2335 2247,2306 736,2306 736,2331"/>
        <Baseline points="736,2331 2249,2335"/>
        <TextEquiv>
          <Unicode></Unicode>
        </TextEquiv>
      </TextLine>
      <TextLine id="eSc_line_9264a144" custom="structure {type:default;}">
        <Coords points="775,2377 775,2401 2246,2399 2246,2377 2246,2352 775,2352 775,2377"/>
        <Baseline points="775,2377 2246,2377"/>
        <TextEquiv>
          <Unicode></Unicode>
        </TextEquiv>
      </TextLine>
      <TextLine id="eSc_line_baf035ff" custom="structure {type:default;}">
        <Coords points="779,2421 779,2438 2242,2435 2244,2416 2240,2389 777,2389 779,2421"/>
        <Baseline points="779,2421 2244,2416"/>
        <TextEquiv>
          <Unicode></Unicode>
        </TextEquiv>
      </TextLine>
      <TextLine id="eSc_line_73352f4b" custom="structure {type:default;}">
        <Coords points="777,2462 777,2483 1305,2491 1307,2491 1361,2483 1363,2483 1366,2483 1507,2491 1509,2491 1510,2491 1546,2481 1549,2481 1551,2481 1563,2489 1565,2489 1566,2489 1568,2491 1733,2491 1733,2489 1735,2489 1736,2489 1746,2481 1768,2489 1770,2489 1772,2489 1977,2481 1989,2481 1998,2481 2150,2489 2152,2489 2242,2479 2244,2459 2240,2438 775,2435 777,2462"/>
        <Baseline points="777,2462 2244,2459"/>
        <TextEquiv>
          <Unicode></Unicode>
        </TextEquiv>
      </TextLine>
      <TextLine id="eSc_line_c36e62b0" custom="structure {type:default;}">
        <Coords points="777,2500 777,2527 2242,2527 2244,2505 2242,2481 777,2476 777,2500"/>
        <Baseline points="777,2500 2244,2505"/>
        <TextEquiv>
          <Unicode></Unicode>
        </TextEquiv>
      </TextLine>
      <TextLine id="eSc_line_959453fe" custom="structure {type:default;}">
        <Coords points="777,2542 775,2562 2242,2567 2246,2545 2244,2520 777,2513 777,2542"/>
        <Baseline points="777,2542 2246,2545"/>
        <TextEquiv>
          <Unicode></Unicode>
        </TextEquiv>
      </TextLine>
      <TextLine id="eSc_line_95bc7c9b" custom="structure {type:default;}">
        <Coords points="779,2588 779,2605 1035,2615 1037,2615 1038,2615 1076,2605 1081,2605 1091,2605 1179,2615 1181,2615 1183,2615 1213,2605 1215,2605 1229,2615 1230,2615 1232,2615 1234,2617 1305,2617 1305,2615 1371,2605 1376,2605 1381,2605 1443,2615 1444,2615 1446,2615 1476,2605 1478,2605 1507,2615 1509,2615 1510,2615 1634,2605 1660,2603 1667,2605 1690,2613 1692,2613 1694,2613 1695,2613 1721,2605 1726,2603 1731,2605 1753,2613 1755,2613 1757,2613 1758,2613 1789,2605 1794,2603 1797,2605 1808,2612 1809,2612 1811,2612 1813,2612 1864,2605 1875,2603 1886,2605 1928,2613 1930,2613 2242,2603 2244,2584 2239,2564 777,2566 779,2588"/>
        <Baseline points="779,2588 2244,2584"/>
        <TextEquiv>
          <Unicode></Unicode>
        </TextEquiv>
      </TextLine>
      <TextLine id="eSc_line_9938b261" custom="structure {type:default;}">
        <Coords points="780,2630 780,2649 1106,2651 1108,2652 1212,2662 1213,2662 1215,2662 1217,2662 1230,2652 1232,2651 1398,2651 1439,2654 1524,2661 1526,2661 1527,2661 1541,2654 1548,2651 1694,2651 1702,2656 1721,2662 1723,2662 1724,2664 2047,2664 2047,2662 2049,2662 2067,2657 2091,2651 2239,2657 2242,2630 2240,2606 780,2606 780,2630"/>
        <Baseline points="780,2630 2242,2630"/>
        <TextEquiv>
          <Unicode></Unicode>
        </TextEquiv>
      </TextLine>
      <TextLine id="eSc_line_0b29b1d5" custom="structure {type:default;}">
        <Coords points="779,2666 777,2722 806,2729 808,2729 862,2724 952,2713 999,2724 1028,2730 1030,2730 1067,2724 1084,2722 1098,2725 1122,2730 1123,2730 1125,2730 1127,2730 1128,2730 1135,2725 1149,2715 1186,2715 1200,2725 1205,2730 1207,2730 1208,2730 1210,2732 1237,2732 1237,2730 1239,2730 1241,2730 1241,2729 1246,2725 1252,2718 1274,2725 1276,2725 1278,2725 1280,2725 1319,2717 1330,2725 1336,2730 1337,2730 1339,2730 1383,2732 1385,2732 1387,2732 1388,2732 1395,2727 1412,2717 1488,2717 1514,2727 1519,2671 1517,2642 779,2634 779,2666"/>
        <Baseline points="779,2666 1519,2671"/>
        <TextEquiv>
          <Unicode></Unicode>
        </TextEquiv>
      </TextLine>
    </TextRegion>
    <TextRegion id="eSc_textblock_ff1238f4"  custom="structure {type:default;}">
      <Coords points="1008,108 1592,108 1606,174 943,181 950,115 1008,108"/>
      <TextLine id="eSc_line_2936026a" custom="structure {type:default;}">
        <Coords points="1568,108 1551,108 1534,108 1531,108 1500,113 1460,118 1434,113 1403,108 1398,108 1388,108 1375,115 1368,120 1263,120 1261,117 1252,110 1252,108 1251,108 1249,108 1247,108 1127,115 1055,108 1042,108 1028,108 957,122 959,161 959,183 1590,181 1590,157 1587,112 1570,108 1568,108"/>
        <Baseline points="959,161 1590,157"/>
        <TextEquiv>
          <Unicode></Unicode>
        </TextEquiv>
      </TextLine>
    </TextRegion>
  </Page>
</PcGts>
