<?xml version="1.0" encoding="UTF-8"  standalone="yes"?>
<PcGts xmlns="http://schema.primaresearch.org/PAGE/gts/pagecontent/2019-07-15" xmlns:xsi="http://www.w3.org/2001/XMLSchema-instance" xsi:schemaLocation="http://schema.primaresearch.org/PAGE/gts/pagecontent/2019-07-15 http://schema.primaresearch.org/PAGE/gts/pagecontent/2019-07-15/pagecontent.xsd">
  <Metadata externalRef="pdf//regestapontificu01cath.pdf">
	<Creator>escriptorium</Creator>
	<Created>2026-02-12T11:37:08.783760+00:00</Created>
        <LastChange>2026-02-13T11:22:00.428432+00:00</LastChange>
  </Metadata>
  <Page imageFilename="regestapontificu01cath.pdf_page_418.png" imageWidth="2353" imageHeight="3055">
    <TextRegion id="eSc_textblock_47c9ea51"  custom="structure {type:default;}">
      <Coords points="300,128 398,128 412,188 292,215 271,162 300,128"/>
      <TextLine id="eSc_line_ebceb9be" custom="structure {type:default;}">
        <Coords points="298,183 303,276 397,278 392,176 385,130 293,135 298,183"/>
        <Baseline points="298,183 392,176"/>
        <TextEquiv>
          <Unicode></Unicode>
        </TextEquiv>
      </TextLine>
    </TextRegion>
    <TextRegion id="eSc_textblock_78653ed4"  custom="structure {type:default;}">
      <Coords points="302,230 2271,244 2271,2401 2251,2713 787,2720 713,2693 713,2593 677,2530 624,2550 494,2496 466,2523 278,2510 278,251 302,230"/>
      <TextLine id="eSc_line_2cad56cd" custom="structure {type:default;}">
        <Coords points="714,288 713,315 1052,312 1074,313 1118,320 1120,320 1122,320 1135,313 1139,312 1144,313 1169,322 1171,322 1173,322 1251,312 1252,291 1251,252 1061,246 1059,246 1057,246 1055,246 1055,247 1049,252 1044,259 986,259 977,254 959,244 957,244 955,244 954,244 928,254 923,256 909,254 842,246 730,246 728,246 726,246 724,246 714,252 714,288"/>
        <Baseline points="714,288 1252,291"/>
        <TextEquiv>
          <Unicode></Unicode>
        </TextEquiv>
      </TextLine>
      <TextLine id="eSc_line_4d2232ce" custom="structure {type:default;}">
        <Coords points="779,337 779,364 2246,361 2246,337 2246,312 779,307 779,337"/>
        <Baseline points="779,337 2246,337"/>
        <TextEquiv>
          <Unicode></Unicode>
        </TextEquiv>
      </TextLine>
      <TextLine id="eSc_line_dc3c38a4" custom="structure {type:default;}">
        <Coords points="779,383 779,402 2242,397 2244,380 2239,353 777,354 779,383"/>
        <Baseline points="779,383 2244,380"/>
        <TextEquiv>
          <Unicode></Unicode>
        </TextEquiv>
      </TextLine>
      <TextLine id="eSc_line_21bc29f1" custom="structure {type:default;}">
        <Coords points="779,422 779,441 860,441 876,451 877,451 879,451 881,451 882,451 916,439 920,439 957,439 959,439 974,451 976,451 977,451 979,451 1076,442 1098,451 1100,451 1101,453 1410,453 1410,451 1412,451 1414,451 1432,439 1434,439 1436,439 1633,446 1634,446 1636,446 1655,437 1658,437 1662,437 1711,449 1712,449 1714,449 1735,437 1738,437 1794,437 1799,437 1857,449 1858,449 1860,449 1887,439 2093,446 2094,446 2237,436 2239,419 2235,392 777,392 779,422"/>
        <Baseline points="779,422 2239,419"/>
        <TextEquiv>
          <Unicode></Unicode>
        </TextEquiv>
      </TextLine>
      <TextLine id="eSc_line_d0602936" custom="structure {type:default;}">
        <Coords points="738,465 738,490 2240,483 2242,461 2237,434 736,436 738,465"/>
        <Baseline points="738,465 2242,461"/>
        <TextEquiv>
          <Unicode></Unicode>
        </TextEquiv>
      </TextLine>
      <TextLine id="eSc_line_d0ddc34e" custom="structure {type:default;}">
        <Coords points="779,505 779,527 2240,524 2242,505 2240,482 779,482 779,505"/>
        <Baseline points="779,505 2242,505"/>
        <TextEquiv>
          <Unicode></Unicode>
        </TextEquiv>
      </TextLine>
      <TextLine id="eSc_line_083d33d7" custom="structure {type:default;}">
        <Coords points="779,548 779,566 2240,563 2242,544 2239,522 777,517 779,548"/>
        <Baseline points="779,548 2242,544"/>
        <TextEquiv>
          <Unicode></Unicode>
        </TextEquiv>
      </TextLine>
      <TextLine id="eSc_line_3d9061c5" custom="structure {type:default;}">
        <Coords points="777,590 777,612 2239,617 2242,587 2237,566 775,568 777,590"/>
        <Baseline points="777,590 2242,587"/>
        <TextEquiv>
          <Unicode></Unicode>
        </TextEquiv>
      </TextLine>
      <TextLine id="eSc_line_57a997bb" custom="structure {type:default;}">
        <Coords points="779,633 779,655 2240,651 2242,627 2237,604 777,607 779,633"/>
        <Baseline points="779,633 2242,627"/>
        <TextEquiv>
          <Unicode></Unicode>
        </TextEquiv>
      </TextLine>
      <TextLine id="eSc_line_5099c34c" custom="structure {type:default;}">
        <Coords points="779,675 779,690 1264,699 1266,699 1308,689 1314,689 1364,689 1752,697 1753,697 1755,697 1792,687 1797,687 1818,687 1974,695 1976,695 2025,687 2027,687 2032,687 2213,695 2215,695 2217,695 2244,685 2244,670 2240,650 777,648 779,675"/>
        <Baseline points="779,675 2244,670"/>
        <TextEquiv>
          <Unicode></Unicode>
        </TextEquiv>
      </TextLine>
      <TextLine id="eSc_line_febec167" custom="structure {type:default;}">
        <Coords points="779,717 779,738 1157,738 1161,739 1174,748 1176,748 1178,748 1179,748 2240,739 2242,714 2237,692 777,694 779,717"/>
        <Baseline points="779,717 2242,714"/>
        <TextEquiv>
          <Unicode></Unicode>
        </TextEquiv>
      </TextLine>
      <TextLine id="eSc_line_3d51ce41" custom="structure {type:default;}">
        <Coords points="779,758 779,773 1543,775 1544,758 1544,734 779,734 779,758"/>
        <Baseline points="779,758 1544,758"/>
        <TextEquiv>
          <Unicode></Unicode>
        </TextEquiv>
      </TextLine>
      <TextLine id="eSc_line_b9b7e386" custom="structure {type:default;}">
        <Coords points="738,799 738,819 2240,818 2242,795 2239,770 736,765 738,799"/>
        <Baseline points="738,799 2242,795"/>
        <TextEquiv>
          <Unicode></Unicode>
        </TextEquiv>
      </TextLine>
      <TextLine id="eSc_line_2607a977" custom="structure {type:default;}">
        <Coords points="779,841 779,868 2240,865 2242,841 2240,821 779,814 779,841"/>
        <Baseline points="779,841 2242,841"/>
        <TextEquiv>
          <Unicode></Unicode>
        </TextEquiv>
      </TextLine>
      <TextLine id="eSc_line_28877553" custom="structure {type:default;}">
        <Coords points="779,885 779,906 2239,904 2240,882 2235,855 777,855 779,885"/>
        <Baseline points="779,885 2240,882"/>
        <TextEquiv>
          <Unicode></Unicode>
        </TextEquiv>
      </TextLine>
      <TextLine id="eSc_line_8a4d6bf9" custom="structure {type:default;}">
        <Coords points="779,926 779,943 2239,940 2240,923 2235,899 777,901 779,926"/>
        <Baseline points="779,926 2240,923"/>
        <TextEquiv>
          <Unicode></Unicode>
        </TextEquiv>
      </TextLine>
      <TextLine id="eSc_line_b9f20ca9" custom="structure {type:default;}">
        <Coords points="779,969 779,994 1178,987 1188,992 1193,996 1195,996 1196,996 1198,997 1426,997 1426,996 1427,996 1429,996 1434,991 1441,987 1563,987 1587,991 1628,996 1629,996 1631,996 1633,996 1641,991 1646,987 1755,987 1768,989 1802,996 1804,996 1840,989 1848,987 1853,989 1875,996 1877,996 1879,996 1881,996 1906,989 1913,987 1920,989 1959,996 1960,996 1962,996 1964,996 1974,987 1976,987 2110,987 2115,987 2178,996 2179,996 2244,986 2244,969 2244,947 779,947 779,969"/>
        <Baseline points="779,969 2244,969"/>
        <TextEquiv>
          <Unicode></Unicode>
        </TextEquiv>
      </TextLine>
      <TextLine id="eSc_line_1e6755ad" custom="structure {type:default;}">
        <Coords points="777,1009 777,1026 1923,1023 1925,1006 1921,984 775,984 777,1009"/>
        <Baseline points="777,1009 1925,1006"/>
        <TextEquiv>
          <Unicode></Unicode>
        </TextEquiv>
      </TextLine>
      <TextLine id="eSc_line_1d85c5c7" custom="structure {type:default;}">
        <Coords points="738,1048 736,1065 2240,1070 2244,1052 2242,1026 738,1023 738,1048"/>
        <Baseline points="738,1048 2244,1052"/>
        <TextEquiv>
          <Unicode></Unicode>
        </TextEquiv>
      </TextLine>
      <TextLine id="eSc_line_9bf229a7" custom="structure {type:default;}">
        <Coords points="779,1096 779,1116 1875,1120 1877,1120 2242,1109 2244,1089 2239,1069 777,1074 779,1096"/>
        <Baseline points="779,1096 2244,1089"/>
        <TextEquiv>
          <Unicode></Unicode>
        </TextEquiv>
      </TextLine>
      <TextLine id="eSc_line_64015de9" custom="structure {type:default;}">
        <Coords points="779,1137 779,1157 2244,1157 2244,1137 2244,1111 779,1111 779,1137"/>
        <Baseline points="779,1137 2244,1137"/>
        <TextEquiv>
          <Unicode></Unicode>
        </TextEquiv>
      </TextLine>
      <TextLine id="eSc_line_e6b95d6f" custom="structure {type:default;}">
        <Coords points="775,1179 775,1196 1156,1196 1159,1196 1171,1206 1173,1206 1174,1206 1176,1206 1178,1206 1205,1196 1208,1196 1217,1196 1263,1205 1264,1205 1358,1196 1397,1194 1504,1194 1510,1196 1529,1205 1531,1205 1533,1205 1614,1196 1646,1194 1663,1196 1702,1205 1704,1205 1821,1203 1823,1203 1835,1196 1843,1193 1853,1196 1867,1203 1869,1203 1870,1203 1928,1196 1957,1194 1965,1196 1982,1203 1984,1203 1986,1203 2242,1196 2244,1174 2239,1143 1224,1154 1171,1154 787,1147 786,1147 784,1147 782,1147 774,1152 775,1179"/>
        <Baseline points="775,1179 2244,1174"/>
        <TextEquiv>
          <Unicode></Unicode>
        </TextEquiv>
      </TextLine>
      <TextLine id="eSc_line_78908813" custom="structure {type:default;}">
        <Coords points="777,1222 777,1238 1205,1245 1207,1245 1208,1245 1241,1232 1241,1218 1237,1198 1010,1188 1008,1188 1006,1188 1005,1188 1005,1189 994,1198 840,1189 838,1189 775,1199 777,1222"/>
        <Baseline points="777,1222 1241,1218"/>
        <TextEquiv>
          <Unicode></Unicode>
        </TextEquiv>
      </TextLine>
      <TextLine id="eSc_line_efc0cc0f" custom="structure {type:default;}">
        <Coords points="736,1261 736,1281 2246,1283 2247,1257 2242,1225 735,1232 736,1261"/>
        <Baseline points="736,1261 2247,1257"/>
        <TextEquiv>
          <Unicode></Unicode>
        </TextEquiv>
      </TextLine>
      <TextLine id="eSc_line_c4a2dd0e" custom="structure {type:default;}">
        <Coords points="779,1306 779,1325 2240,1325 2242,1301 2239,1274 791,1274 789,1274 787,1274 786,1274 777,1279 779,1306"/>
        <Baseline points="779,1306 2242,1301"/>
        <TextEquiv>
          <Unicode></Unicode>
        </TextEquiv>
      </TextLine>
      <TextLine id="eSc_line_b65b3104" custom="structure {type:default;}">
        <Coords points="777,1345 777,1364 2246,1364 2246,1345 2246,1323 777,1320 777,1345"/>
        <Baseline points="777,1345 2246,1345"/>
        <TextEquiv>
          <Unicode></Unicode>
        </TextEquiv>
      </TextLine>
      <TextLine id="eSc_line_c7f6a326" custom="structure {type:default;}">
        <Coords points="777,1390 777,1408 2240,1410 2244,1384 2239,1361 775,1364 777,1390"/>
        <Baseline points="777,1390 2244,1384"/>
        <TextEquiv>
          <Unicode></Unicode>
        </TextEquiv>
      </TextLine>
      <TextLine id="eSc_line_e7185253" custom="structure {type:default;}">
        <Coords points="777,1430 777,1447 982,1451 984,1451 986,1451 1022,1440 1022,1427 1016,1400 775,1401 777,1430"/>
        <Baseline points="777,1430 1022,1427"/>
        <TextEquiv>
          <Unicode></Unicode>
        </TextEquiv>
      </TextLine>
      <TextLine id="eSc_line_d8d89bc6" custom="structure {type:default;}">
        <Coords points="736,1468 735,1491 2242,1498 2246,1473 2242,1435 1987,1446 1892,1435 1879,1435 1877,1435 1848,1437 1711,1444 1685,1437 1672,1434 1670,1434 1668,1434 1639,1437 1590,1444 1504,1437 1439,1434 1437,1434 1405,1439 1366,1444 1280,1439 1215,1435 1213,1435 736,1440 736,1468"/>
        <Baseline points="736,1468 2246,1473"/>
        <TextEquiv>
          <Unicode></Unicode>
        </TextEquiv>
      </TextLine>
      <TextLine id="eSc_line_7b10f462" custom="structure {type:default;}">
        <Coords points="779,1515 779,1542 2244,1534 2246,1510 2240,1486 777,1486 779,1515"/>
        <Baseline points="779,1515 2246,1510"/>
        <TextEquiv>
          <Unicode></Unicode>
        </TextEquiv>
      </TextLine>
      <TextLine id="eSc_line_8e859041" custom="structure {type:default;}">
        <Coords points="780,1558 780,1575 2242,1569 2244,1552 2240,1527 779,1527 780,1558"/>
        <Baseline points="780,1558 2244,1552"/>
        <TextEquiv>
          <Unicode></Unicode>
        </TextEquiv>
      </TextLine>
      <TextLine id="eSc_line_3209dc22" custom="structure {type:default;}">
        <Coords points="780,1598 780,1614 808,1624 809,1624 811,1624 860,1614 867,1614 894,1614 1134,1624 1135,1624 1137,1624 1173,1614 1176,1614 1179,1614 1234,1624 1235,1624 1237,1624 1263,1614 1283,1624 1285,1624 1286,1625 1388,1625 1388,1624 1390,1624 1412,1614 1414,1614 1419,1614 1509,1624 1510,1624 1575,1614 1589,1612 1606,1614 1679,1622 1680,1622 1682,1622 1709,1614 1712,1612 1718,1614 1736,1620 1738,1620 1740,1620 1823,1614 1843,1612 1850,1614 1882,1622 1884,1622 1886,1622 1950,1614 1964,1612 2028,1612 2032,1614 2044,1622 2045,1622 2047,1622 2049,1622 2240,1612 2242,1595 2237,1573 779,1575 780,1598"/>
        <Baseline points="780,1598 2242,1595"/>
        <TextEquiv>
          <Unicode></Unicode>
        </TextEquiv>
      </TextLine>
      <TextLine id="eSc_line_d6e20680" custom="structure {type:default;}">
        <Coords points="779,1641 779,1661 2242,1664 2244,1641 2244,1617 779,1612 779,1641"/>
        <Baseline points="779,1641 2244,1641"/>
        <TextEquiv>
          <Unicode></Unicode>
        </TextEquiv>
      </TextLine>
      <TextLine id="eSc_line_026b1509" custom="structure {type:default;}">
        <Coords points="779,1681 779,1714 862,1714 862,1712 864,1712 865,1712 887,1700 1020,1700 1054,1709 1059,1710 1061,1710 1062,1710 1064,1710 1067,1709 1086,1700 1103,1709 1110,1712 1111,1712 1113,1714 1183,1714 1183,1712 1184,1712 1186,1712 1186,1710 1191,1707 1198,1700 1229,1707 1257,1712 1259,1712 1261,1712 1263,1712 1271,1705 1278,1702 1288,1705 1305,1712 1307,1712 1308,1712 1310,1712 1312,1712 1320,1705 1329,1700 1353,1705 1373,1709 1375,1709 1439,1704 1487,1700 1490,1704 1499,1710 1499,1712 1500,1712 1502,1712 1504,1712 1757,1698 1757,1681 1757,1653 779,1649 779,1681"/>
        <Baseline points="779,1681 1757,1681"/>
        <TextEquiv>
          <Unicode></Unicode>
        </TextEquiv>
      </TextLine>
      <TextLine id="eSc_line_3ff7dfbf" custom="structure {type:default;}">
        <Coords points="713,1749 713,1778 816,1768 881,1773 899,1775 901,1775 903,1775 904,1775 904,1773 906,1773 915,1765 1015,1770 1098,1773 1100,1773 1151,1765 1166,1763 1173,1765 1205,1773 1207,1773 1208,1773 1210,1773 1212,1773 1225,1763 1225,1744 1222,1719 1096,1709 1095,1709 1074,1714 1040,1722 915,1722 879,1707 865,1702 864,1702 711,1702 713,1749"/>
        <Baseline points="713,1749 1225,1744"/>
        <TextEquiv>
          <Unicode></Unicode>
        </TextEquiv>
      </TextLine>
      <TextLine id="eSc_line_f6ce59aa" custom="structure {type:default;}">
        <Coords points="492,1807 492,1833 2246,1827 2246,1804 2240,1748 2179,1749 2178,1749 2115,1768 1955,1763 1928,1749 1926,1749 1865,1749 1864,1749 1862,1749 1860,1749 1831,1761 1775,1749 1768,1749 1767,1749 1755,1749 1689,1758 1660,1751 1653,1749 1651,1749 1650,1749 1648,1749 1645,1751 1617,1763 1565,1751 1551,1749 1549,1749 1507,1751 1393,1760 1370,1753 1363,1751 1361,1751 1359,1751 1358,1751 1353,1753 1319,1770 1159,1761 1157,1761 1156,1761 1137,1771 692,1771 667,1758 655,1751 653,1751 651,1751 490,1758 492,1807"/>
        <Baseline points="492,1807 2246,1804"/>
        <TextEquiv>
          <Unicode></Unicode>
        </TextEquiv>
      </TextLine>
      <TextLine id="eSc_line_10be9481" custom="structure {type:default;}">
        <Coords points="553,1844 550,1929 567,1931 568,1931 570,1931 572,1931 572,1929 578,1924 590,1912 607,1919 616,1921 617,1921 619,1921 621,1921 653,1909 657,1848 655,1819 553,1816 553,1844"/>
        <Baseline points="553,1844 657,1848"/>
        <TextEquiv>
          <Unicode></Unicode>
        </TextEquiv>
      </TextLine>
      <TextLine id="eSc_line_5a6b2905" custom="structure {type:default;}">
        <Coords points="777,1849 777,1868 1488,1877 1490,1877 1492,1877 1510,1866 1512,1866 1517,1866 1553,1875 1555,1875 1621,1866 1633,1866 1646,1866 1738,1875 1740,1875 1741,1875 1743,1875 1755,1866 1767,1875 1768,1875 1770,1875 1772,1875 1833,1866 1840,1866 1855,1866 2023,1875 2025,1875 2244,1865 2246,1846 2242,1826 775,1826 777,1849"/>
        <Baseline points="777,1849 2246,1846"/>
        <TextEquiv>
          <Unicode></Unicode>
        </TextEquiv>
      </TextLine>
      <TextLine id="eSc_line_6928dad5" custom="structure {type:default;}">
        <Coords points="777,1892 777,1912 2028,1905 2030,1887 2025,1865 775,1866 777,1892"/>
        <Baseline points="777,1892 2030,1887"/>
        <TextEquiv>
          <Unicode></Unicode>
        </TextEquiv>
      </TextLine>
      <TextLine id="eSc_line_f02ccb49" custom="structure {type:default;}">
        <Coords points="297,1929 295,1951 308,1961 310,1961 312,1961 314,1961 380,1958 422,1956 431,1965 436,1968 436,1970 438,1970 439,1970 441,1972 487,1972 488,1933 488,1899 368,1882 366,1882 297,1894 297,1929"/>
        <Baseline points="297,1929 488,1933"/>
        <TextEquiv>
          <Unicode></Unicode>
        </TextEquiv>
      </TextLine>
      <TextLine id="eSc_line_8dbde7a1" custom="structure {type:default;}">
        <Coords points="735,1933 735,1951 2244,1946 2244,1928 2239,1895 733,1899 735,1933"/>
        <Baseline points="735,1933 2244,1928"/>
        <TextEquiv>
          <Unicode></Unicode>
        </TextEquiv>
      </TextLine>
      <TextLine id="eSc_line_5adc7631" custom="structure {type:default;}">
        <Coords points="779,1973 779,1990 809,2002 811,2002 813,2002 898,2001 899,2001 901,2001 916,1990 920,1990 976,2002 977,2002 979,2002 1008,1990 1010,1990 1128,1990 1130,1990 1147,2002 1149,2002 1151,2002 1152,2004 1300,2004 1300,2002 1302,2002 1303,2002 1320,1990 1353,2002 1354,2002 1356,2004 1495,2004 1495,2002 1497,2002 1499,2002 1516,1989 1517,1989 1563,1989 1566,1989 1582,2001 1583,2001 1585,2001 1587,2001 1685,1989 1695,1989 1729,1989 1731,1989 1746,2001 1748,2001 1750,2001 1752,2001 1833,1989 1836,1989 1838,1989 1862,2001 1864,2001 1865,2001 1918,1989 1921,1989 1923,1989 1965,1997 1967,1997 2242,1987 2244,1970 2239,1948 777,1951 779,1973"/>
        <Baseline points="779,1973 2244,1970"/>
        <TextEquiv>
          <Unicode></Unicode>
        </TextEquiv>
      </TextLine>
      <TextLine id="eSc_line_626ab60a" custom="structure {type:default;}">
        <Coords points="779,2016 779,2040 2246,2040 2246,2012 2240,1990 777,1990 779,2016"/>
        <Baseline points="779,2016 2246,2012"/>
        <TextEquiv>
          <Unicode></Unicode>
        </TextEquiv>
      </TextLine>
      <TextLine id="eSc_line_06c640ce" custom="structure {type:default;}">
        <Coords points="780,2060 780,2079 2242,2079 2244,2053 2239,2028 779,2028 780,2060"/>
        <Baseline points="780,2060 2244,2053"/>
        <TextEquiv>
          <Unicode></Unicode>
        </TextEquiv>
      </TextLine>
      <TextLine id="eSc_line_23064fef" custom="structure {type:default;}">
        <Coords points="779,2101 779,2118 1132,2126 1134,2126 1242,2118 1276,2116 1303,2118 1371,2124 1373,2124 2242,2116 2244,2096 2239,2075 777,2079 779,2101"/>
        <Baseline points="779,2101 2244,2096"/>
        <TextEquiv>
          <Unicode></Unicode>
        </TextEquiv>
      </TextLine>
      <TextLine id="eSc_line_a7f30c11" custom="structure {type:default;}">
        <Coords points="779,2141 779,2167 1297,2160 1329,2165 1358,2169 1359,2169 1361,2169 1363,2169 1370,2163 1376,2160 1407,2163 1443,2169 1444,2169 1473,2163 1495,2160 1529,2163 1582,2169 1583,2169 1612,2163 1629,2160 1672,2162 1763,2169 1765,2169 1877,2162 1906,2160 1911,2162 1930,2169 1931,2169 1933,2169 2010,2160 2021,2160 2033,2160 2132,2169 2133,2169 2135,2169 2137,2169 2147,2160 2149,2160 2244,2160 2244,2141 2244,2119 779,2119 779,2141"/>
        <Baseline points="779,2141 2244,2141"/>
        <TextEquiv>
          <Unicode></Unicode>
        </TextEquiv>
      </TextLine>
      <TextLine id="eSc_line_6702fa1e" custom="structure {type:default;}">
        <Coords points="779,2184 779,2202 2240,2202 2242,2184 2240,2158 779,2155 779,2184"/>
        <Baseline points="779,2184 2242,2184"/>
        <TextEquiv>
          <Unicode></Unicode>
        </TextEquiv>
      </TextLine>
      <TextLine id="eSc_line_df4a06f4" custom="structure {type:default;}">
        <Coords points="780,2228 780,2247 2239,2245 2240,2225 2237,2199 1544,2191 1543,2191 1476,2199 847,2192 845,2192 779,2201 780,2228"/>
        <Baseline points="780,2228 2240,2225"/>
        <TextEquiv>
          <Unicode></Unicode>
        </TextEquiv>
      </TextLine>
      <TextLine id="eSc_line_ba6e88a8" custom="structure {type:default;}">
        <Coords points="780,2267 780,2291 1246,2286 1251,2289 1256,2294 1257,2294 1259,2294 1261,2296 1390,2296 1390,2294 1392,2294 1420,2287 1436,2284 1565,2284 1568,2286 1575,2292 1577,2292 1578,2292 1580,2294 1813,2294 1813,2292 1879,2284 1886,2284 1887,2284 1903,2292 1904,2292 1906,2294 2023,2294 2023,2292 2064,2282 2066,2264 2062,2243 779,2242 780,2267"/>
        <Baseline points="780,2267 2066,2264"/>
        <TextEquiv>
          <Unicode></Unicode>
        </TextEquiv>
      </TextLine>
      <TextLine id="eSc_line_6d5d4160" custom="structure {type:default;}">
        <Coords points="297,2316 297,2350 449,2357 451,2316 451,2260 392,2260 385,2253 373,2242 373,2240 371,2240 370,2240 344,2236 342,2236 297,2243 297,2316"/>
        <Baseline points="297,2316 451,2316"/>
        <TextEquiv>
          <Unicode></Unicode>
        </TextEquiv>
      </TextLine>
      <TextLine id="eSc_line_77895fb9" custom="structure {type:default;}">
        <Coords points="736,2315 736,2331 2240,2331 2242,2308 2237,2277 735,2282 736,2315"/>
        <Baseline points="736,2315 2242,2308"/>
        <TextEquiv>
          <Unicode></Unicode>
        </TextEquiv>
      </TextLine>
      <TextLine id="eSc_line_bfab8893" custom="structure {type:default;}">
        <Coords points="780,2354 780,2371 1468,2369 1509,2377 1510,2377 1869,2376 1870,2376 1872,2376 1884,2365 1887,2365 1920,2374 1921,2374 1923,2374 2089,2365 2091,2365 2093,2365 2218,2374 2220,2374 2222,2374 2244,2364 2244,2347 2240,2326 1198,2321 1196,2321 943,2330 836,2323 835,2323 779,2331 780,2354"/>
        <Baseline points="780,2354 2244,2347"/>
        <TextEquiv>
          <Unicode></Unicode>
        </TextEquiv>
      </TextLine>
      <TextLine id="eSc_line_ee59d95c" custom="structure {type:default;}">
        <Coords points="779,2396 779,2416 1038,2425 1040,2425 1354,2415 1373,2415 1380,2415 1490,2423 1492,2423 1493,2423 1495,2423 1510,2413 1512,2413 1516,2413 1543,2421 1544,2421 1546,2423 1767,2423 1767,2421 1768,2421 1787,2413 1789,2413 1874,2421 1875,2421 1945,2411 1952,2411 1954,2411 1965,2420 1967,2420 1969,2420 1971,2420 2240,2410 2242,2389 2237,2367 777,2367 779,2396"/>
        <Baseline points="779,2396 2242,2389"/>
        <TextEquiv>
          <Unicode></Unicode>
        </TextEquiv>
      </TextLine>
      <TextLine id="eSc_line_0451084c" custom="structure {type:default;}">
        <Coords points="779,2435 779,2454 1353,2455 1354,2455 1356,2455 1387,2445 1387,2430 1383,2406 777,2406 779,2435"/>
        <Baseline points="779,2435 1387,2430"/>
        <TextEquiv>
          <Unicode></Unicode>
        </TextEquiv>
      </TextLine>
      <TextLine id="eSc_line_691e2a53" custom="structure {type:default;}">
        <Coords points="302,2477 302,2532 348,2544 349,2544 444,2528 444,2474 439,2428 356,2440 300,2427 302,2477"/>
        <Baseline points="302,2477 444,2474"/>
        <TextEquiv>
          <Unicode></Unicode>
        </TextEquiv>
      </TextLine>
      <TextLine id="eSc_line_e61798e4" custom="structure {type:default;}">
        <Coords points="735,2477 735,2494 2240,2494 2240,2474 2239,2447 2200,2437 2198,2437 2196,2437 2195,2437 2166,2445 2133,2437 2132,2437 2130,2437 2052,2445 2050,2445 1989,2437 1987,2437 1892,2445 1887,2445 1881,2445 1789,2437 1787,2437 1746,2445 1741,2445 1736,2445 1673,2437 1672,2437 1570,2445 1555,2445 1548,2445 1502,2437 1500,2437 1499,2437 1482,2445 1476,2447 1461,2445 1427,2438 1426,2438 1392,2444 1373,2447 733,2444 735,2477"/>
        <Baseline points="735,2477 2240,2474"/>
        <TextEquiv>
          <Unicode></Unicode>
        </TextEquiv>
      </TextLine>
      <TextLine id="eSc_line_6032774c" custom="structure {type:default;}">
        <Coords points="780,2523 780,2542 2239,2533 2240,2515 2237,2493 1072,2489 1071,2489 779,2500 780,2523"/>
        <Baseline points="780,2523 2240,2515"/>
        <TextEquiv>
          <Unicode></Unicode>
        </TextEquiv>
      </TextLine>
      <TextLine id="eSc_line_a424cb2f" custom="structure {type:default;}">
        <Coords points="780,2561 780,2579 2240,2574 2240,2556 2235,2532 779,2535 780,2561"/>
        <Baseline points="780,2561 2240,2556"/>
        <TextEquiv>
          <Unicode></Unicode>
        </TextEquiv>
      </TextLine>
      <TextLine id="eSc_line_261b4f01" custom="structure {type:default;}">
        <Coords points="780,2605 780,2622 2237,2622 2239,2598 2235,2574 779,2574 780,2605"/>
        <Baseline points="780,2605 2239,2598"/>
        <TextEquiv>
          <Unicode></Unicode>
        </TextEquiv>
      </TextLine>
      <TextLine id="eSc_line_51661285" custom="structure {type:default;}">
        <Coords points="779,2645 779,2664 1504,2671 1505,2671 1679,2662 1850,2669 1852,2669 1853,2669 1875,2661 2193,2668 2195,2668 2239,2657 2239,2639 2234,2615 777,2622 779,2645"/>
        <Baseline points="779,2645 2239,2639"/>
        <TextEquiv>
          <Unicode></Unicode>
        </TextEquiv>
      </TextLine>
      <TextLine id="eSc_line_e9621f4b" custom="structure {type:default;}">
        <Coords points="780,2686 780,2718 1003,2713 1037,2720 1054,2722 1055,2722 1083,2720 1137,2713 1149,2720 1154,2722 1156,2722 1157,2724 1393,2724 1393,2722 1419,2720 1473,2713 1495,2720 1504,2722 1505,2722 1507,2722 1533,2720 1607,2712 1945,2712 2016,2720 2025,2720 2027,2720 2032,2720 2071,2712 2169,2720 2181,2720 2183,2720 2184,2720 2188,2720 2218,2712 2230,2720 2237,2683 2234,2659 779,2659 780,2686"/>
        <Baseline points="780,2686 2237,2683"/>
        <TextEquiv>
          <Unicode></Unicode>
        </TextEquiv>
      </TextLine>
    </TextRegion>
    <TextRegion id="eSc_textblock_5664bb66"  custom="structure {type:default;}">
      <Coords points="1069,122 1599,128 1612,195 1585,215 943,201 943,135 1069,122"/>
      <TextLine id="eSc_line_a41bba84" custom="structure {type:default;}">
        <Coords points="959,130 960,181 960,203 1589,203 1589,176 1585,130 976,130 959,130"/>
        <Baseline points="960,181 1589,176"/>
        <TextEquiv>
          <Unicode></Unicode>
        </TextEquiv>
      </TextLine>
    </TextRegion>
  </Page>
</PcGts>
