<?xml version="1.0" encoding="UTF-8"  standalone="yes"?>
<PcGts xmlns="http://schema.primaresearch.org/PAGE/gts/pagecontent/2019-07-15" xmlns:xsi="http://www.w3.org/2001/XMLSchema-instance" xsi:schemaLocation="http://schema.primaresearch.org/PAGE/gts/pagecontent/2019-07-15 http://schema.primaresearch.org/PAGE/gts/pagecontent/2019-07-15/pagecontent.xsd">
  <Metadata externalRef="pdf//regestapontificu01cath.pdf">
	<Creator>escriptorium</Creator>
	<Created>2026-02-12T11:39:30.980906+00:00</Created>
        <LastChange>2026-02-13T11:34:26.787756+00:00</LastChange>
  </Metadata>
  <Page imageFilename="regestapontificu01cath.pdf_page_474.png" imageWidth="2353" imageHeight="3055">
    <TextRegion id="eSc_textblock_6ac96783"  custom="structure {type:default;}">
      <Coords points="295,128 453,135 453,161 414,161 358,224 373,237 2278,230 2278,330 2257,346 2278,699 2278,2564 2257,2707 787,2713 726,2693 718,2632 623,2652 507,2625 332,2632 285,2584 264,244 292,217 264,201 264,162 295,128"/>
      <TextLine id="eSc_line_8749e665" custom="structure {type:default;}">
        <Coords points="290,181 292,264 378,261 376,178 371,135 286,137 290,181"/>
        <Baseline points="290,181 376,178"/>
        <TextEquiv>
          <Unicode></Unicode>
        </TextEquiv>
      </TextLine>
      <TextLine id="eSc_line_48d7839e" custom="structure {type:default;}">
        <Coords points="701,290 701,317 791,307 1208,307 1220,313 1224,315 1225,315 1227,315 1229,315 1271,312 1354,305 1419,310 1463,313 1465,313 2021,302 2023,281 2020,252 1840,252 1838,251 1821,237 1819,237 1818,237 1816,237 1694,251 1663,252 1629,249 1517,239 1516,239 1514,239 1487,249 1473,254 1460,249 1441,241 1439,241 1437,241 1368,249 1314,254 1291,247 1266,241 1264,241 1263,241 1261,241 1244,247 1225,257 1110,257 1084,247 1072,242 1071,242 1069,242 1067,242 1055,247 1030,257 962,257 869,246 850,244 848,244 699,244 701,290"/>
        <Baseline points="701,290 2023,281"/>
        <TextEquiv>
          <Unicode></Unicode>
        </TextEquiv>
      </TextLine>
      <TextLine id="eSc_line_ab534907" custom="structure {type:default;}">
        <Coords points="763,337 763,358 2229,361 2232,334 2229,303 2142,293 2140,293 2071,302 2069,302 762,302 763,337"/>
        <Baseline points="763,337 2232,334"/>
        <TextEquiv>
          <Unicode></Unicode>
        </TextEquiv>
      </TextLine>
      <TextLine id="eSc_line_71f2c73e" custom="structure {type:default;}">
        <Coords points="765,380 765,400 2230,400 2232,375 2229,351 1254,344 1252,344 763,354 765,380"/>
        <Baseline points="765,380 2232,375"/>
        <TextEquiv>
          <Unicode></Unicode>
        </TextEquiv>
      </TextLine>
      <TextLine id="eSc_line_66c4d74a" custom="structure {type:default;}">
        <Coords points="763,417 763,437 2234,436 2234,417 2234,392 763,392 763,417"/>
        <Baseline points="763,417 2234,417"/>
        <TextEquiv>
          <Unicode></Unicode>
        </TextEquiv>
      </TextLine>
      <TextLine id="eSc_line_d3095378" custom="structure {type:default;}">
        <Coords points="765,461 765,480 801,488 803,488 804,488 806,488 818,480 821,480 943,480 947,480 988,488 989,488 1111,480 1139,478 1388,478 1392,478 1417,487 1419,487 1420,487 2232,475 2234,454 2230,432 819,429 818,429 763,437 765,461"/>
        <Baseline points="765,461 2234,454"/>
        <TextEquiv>
          <Unicode></Unicode>
        </TextEquiv>
      </TextLine>
      <TextLine id="eSc_line_9d3d49df" custom="structure {type:default;}">
        <Coords points="765,500 765,527 1078,527 1086,527 1156,538 1157,538 1159,538 1161,538 1173,527 1215,527 1310,527 1314,527 1351,538 1353,538 1354,539 1478,539 1478,538 1594,527 1602,527 1617,527 1881,538 1882,538 1947,527 1948,527 1996,538 1998,539 2140,539 2140,538 2225,526 2227,500 2225,478 765,478 765,500"/>
        <Baseline points="765,500 2227,500"/>
        <TextEquiv>
          <Unicode></Unicode>
        </TextEquiv>
      </TextLine>
      <TextLine id="eSc_line_8c9fc249" custom="structure {type:default;}">
        <Coords points="770,546 770,565 1117,561 1118,541 1113,514 769,514 770,546"/>
        <Baseline points="770,546 1118,541"/>
        <TextEquiv>
          <Unicode></Unicode>
        </TextEquiv>
      </TextLine>
      <TextLine id="eSc_line_4b9e3230" custom="structure {type:default;}">
        <Coords points="730,587 730,605 2234,605 2235,583 2232,556 2032,546 1948,546 1947,546 1945,546 1943,546 1933,554 1931,554 1802,553 1358,548 1356,548 1354,548 1346,551 1332,556 1276,551 1237,548 1139,548 1137,548 1135,548 1134,548 1130,551 1120,556 728,549 730,587"/>
        <Baseline points="730,587 2235,583"/>
        <TextEquiv>
          <Unicode></Unicode>
        </TextEquiv>
      </TextLine>
      <TextLine id="eSc_line_d039b9df" custom="structure {type:default;}">
        <Coords points="302,590 302,622 421,633 422,633 424,633 461,619 461,590 461,543 417,543 402,531 380,515 378,515 376,515 302,514 302,590"/>
        <Baseline points="302,590 461,590"/>
        <TextEquiv>
          <Unicode></Unicode>
        </TextEquiv>
      </TextLine>
      <TextLine id="eSc_line_25529811" custom="structure {type:default;}">
        <Coords points="519,590 519,621 609,639 611,639 612,639 614,639 623,634 634,626 657,638 660,585 650,498 623,517 590,517 577,507 573,504 573,502 572,502 570,502 568,502 516,512 519,590"/>
        <Baseline points="519,590 660,585"/>
        <TextEquiv>
          <Unicode></Unicode>
        </TextEquiv>
      </TextLine>
      <TextLine id="eSc_line_ada29fcb" custom="structure {type:default;}">
        <Coords points="769,631 769,651 2234,651 2235,624 2232,602 1504,595 1502,595 1456,604 780,599 779,599 777,599 775,599 767,604 769,631"/>
        <Baseline points="769,631 2235,624"/>
        <TextEquiv>
          <Unicode></Unicode>
        </TextEquiv>
      </TextLine>
      <TextLine id="eSc_line_f0872c59" custom="structure {type:default;}">
        <Coords points="769,672 769,690 2235,687 2237,667 2234,641 767,641 769,672"/>
        <Baseline points="769,672 2237,667"/>
        <TextEquiv>
          <Unicode></Unicode>
        </TextEquiv>
      </TextLine>
      <TextLine id="eSc_line_5b3e1ba4" custom="structure {type:default;}">
        <Coords points="769,716 769,733 1998,728 1999,711 1996,687 1599,677 1597,677 1595,677 1594,677 1577,687 1419,678 1417,678 1415,678 1397,689 1266,689 1225,678 1224,678 1142,689 955,680 954,680 952,680 950,680 938,690 870,690 828,680 826,680 767,690 769,716"/>
        <Baseline points="769,716 1999,711"/>
        <TextEquiv>
          <Unicode></Unicode>
        </TextEquiv>
      </TextLine>
      <TextLine id="eSc_line_c93b0529" custom="structure {type:default;}">
        <Coords points="726,758 726,780 2235,780 2237,751 2232,724 724,729 726,758"/>
        <Baseline points="726,758 2237,751"/>
        <TextEquiv>
          <Unicode></Unicode>
        </TextEquiv>
      </TextLine>
      <TextLine id="eSc_line_70104a0d" custom="structure {type:default;}">
        <Coords points="339,760 339,773 359,782 361,782 363,782 365,782 383,775 390,773 392,777 402,784 402,785 404,785 405,785 407,785 470,779 470,755 465,700 381,714 336,709 339,760"/>
        <Baseline points="339,760 470,755"/>
        <TextEquiv>
          <Unicode></Unicode>
        </TextEquiv>
      </TextLine>
      <TextLine id="eSc_line_dd489150" custom="structure {type:default;}">
        <Coords points="770,799 770,821 2235,818 2237,792 2232,767 769,767 770,799"/>
        <Baseline points="770,799 2237,792"/>
        <TextEquiv>
          <Unicode></Unicode>
        </TextEquiv>
      </TextLine>
      <TextLine id="eSc_line_4a2ff676" custom="structure {type:default;}">
        <Coords points="769,841 769,857 786,865 787,865 789,865 791,865 818,857 828,853 840,855 877,863 879,863 943,853 960,852 965,853 988,863 989,863 991,863 993,863 1032,852 1042,850 1049,852 1079,860 1081,860 1083,862 1283,862 1283,860 1285,860 1315,846 1315,835 1312,811 1176,802 1174,802 1173,802 1171,802 1156,812 1154,812 1144,812 1001,806 999,806 898,816 896,816 894,816 850,807 848,807 767,818 769,841"/>
        <Baseline points="769,841 1315,835"/>
        <TextEquiv>
          <Unicode></Unicode>
        </TextEquiv>
      </TextLine>
      <TextLine id="eSc_line_1f0e0d4c" custom="structure {type:default;}">
        <Coords points="731,882 731,904 2235,899 2237,877 2234,853 1735,845 1733,845 1685,853 1305,846 1303,846 1229,855 748,848 746,848 745,848 730,855 731,882"/>
        <Baseline points="731,882 2237,877"/>
        <TextEquiv>
          <Unicode></Unicode>
        </TextEquiv>
      </TextLine>
      <TextLine id="eSc_line_14b9b2d1" custom="structure {type:default;}">
        <Coords points="307,884 307,921 466,916 466,884 466,841 441,833 439,833 438,833 436,833 414,841 410,841 307,838 307,884"/>
        <Baseline points="307,884 466,884"/>
        <TextEquiv>
          <Unicode></Unicode>
        </TextEquiv>
      </TextLine>
      <TextLine id="eSc_line_c80434e3" custom="structure {type:default;}">
        <Coords points="772,923 772,941 2235,945 2239,919 2234,889 770,894 772,923"/>
        <Baseline points="772,923 2239,919"/>
        <TextEquiv>
          <Unicode></Unicode>
        </TextEquiv>
      </TextLine>
      <TextLine id="eSc_line_8227b1bf" custom="structure {type:default;}">
        <Coords points="774,965 774,984 935,984 940,984 991,994 993,994 1081,984 1086,984 1089,984 1140,996 1142,997 1239,997 1239,996 1241,996 1285,984 1305,994 1307,994 1412,996 1414,996 1475,984 1499,996 1500,996 1502,996 1504,996 1529,982 1531,982 1645,982 1646,982 1668,994 1670,994 1672,994 1757,986 1819,994 1821,994 1823,994 1850,982 1886,982 1904,994 1906,994 1908,994 1909,994 1911,994 1943,984 2218,994 2220,994 2222,994 2223,994 2240,980 2240,962 2235,936 1836,940 1825,938 1789,931 1787,931 1748,938 1740,940 1735,938 1716,931 1714,931 1712,931 1670,940 1663,940 1656,940 1622,931 1621,931 1619,931 1617,931 1606,940 1604,940 1595,940 1514,931 1512,931 1510,931 1509,931 1500,940 1499,940 1488,933 1487,933 1485,933 1483,933 1363,941 1342,941 1325,941 1212,933 1210,933 1208,933 1207,933 1195,941 1193,943 1113,943 981,943 928,933 926,933 877,941 806,933 804,933 803,933 772,943 774,965"/>
        <Baseline points="774,965 2240,962"/>
        <TextEquiv>
          <Unicode></Unicode>
        </TextEquiv>
      </TextLine>
      <TextLine id="eSc_line_33225712" custom="structure {type:default;}">
        <Coords points="774,1008 774,1026 1495,1023 1497,1004 1492,982 772,982 774,1008"/>
        <Baseline points="774,1008 1497,1004"/>
        <TextEquiv>
          <Unicode></Unicode>
        </TextEquiv>
      </TextLine>
      <TextLine id="eSc_line_f6449066" custom="structure {type:default;}">
        <Coords points="731,1050 731,1069 2239,1064 2240,1043 2235,1018 730,1023 731,1050"/>
        <Baseline points="731,1050 2240,1043"/>
        <TextEquiv>
          <Unicode></Unicode>
        </TextEquiv>
      </TextLine>
      <TextLine id="eSc_line_fbc3f228" custom="structure {type:default;}">
        <Coords points="344,1055 344,1087 443,1101 444,1101 446,1101 448,1101 471,1082 471,1052 468,986 431,986 429,986 427,986 422,987 402,999 341,994 344,1055"/>
        <Baseline points="344,1055 471,1052"/>
        <TextEquiv>
          <Unicode></Unicode>
        </TextEquiv>
      </TextLine>
      <TextLine id="eSc_line_a1ba996d" custom="structure {type:default;}">
        <Coords points="775,1093 775,1115 1057,1109 1076,1113 1106,1118 1108,1118 1110,1118 1111,1118 1118,1113 1127,1108 1239,1108 1297,1111 1400,1116 1402,1116 1456,1109 1482,1106 1526,1108 1626,1115 1628,1115 1629,1115 1646,1108 1655,1104 1675,1108 1719,1113 1721,1113 1753,1106 1765,1104 1775,1106 1819,1115 1821,1115 1823,1115 1858,1106 1865,1104 1870,1104 1916,1115 1918,1115 2150,1113 2237,1101 2239,1084 2235,1062 2128,1053 2127,1053 1543,1064 1492,1055 1490,1055 1488,1055 1487,1055 1473,1064 1400,1055 1398,1055 1397,1055 1356,1065 1252,1057 1251,1057 1249,1057 1218,1065 1208,1057 1207,1057 1205,1057 1067,1057 1066,1057 959,1059 957,1059 955,1059 943,1067 928,1059 926,1059 804,1059 803,1059 801,1059 774,1069 775,1093"/>
        <Baseline points="775,1093 2239,1084"/>
        <TextEquiv>
          <Unicode></Unicode>
        </TextEquiv>
      </TextLine>
      <TextLine id="eSc_line_84da168f" custom="structure {type:default;}">
        <Coords points="774,1135 774,1157 2237,1150 2239,1130 2235,1108 772,1108 774,1135"/>
        <Baseline points="774,1135 2239,1130"/>
        <TextEquiv>
          <Unicode></Unicode>
        </TextEquiv>
      </TextLine>
      <TextLine id="eSc_line_06e6a3f0" custom="structure {type:default;}">
        <Coords points="733,1184 733,1203 1089,1211 1091,1211 1093,1211 1120,1203 1132,1211 1134,1211 1135,1211 1137,1211 1193,1205 1234,1213 1235,1213 1351,1201 1361,1201 1388,1201 1694,1211 1695,1211 1864,1199 1875,1199 1881,1199 1931,1210 1933,1211 2210,1211 2210,1210 2212,1210 2244,1198 2244,1179 2240,1155 1933,1145 1931,1145 1775,1152 1702,1155 1668,1152 1607,1145 1606,1145 1604,1145 1587,1152 1577,1157 1305,1157 1269,1150 1237,1145 1235,1145 1195,1150 1132,1159 1074,1159 1061,1149 1059,1147 1057,1147 1055,1147 853,1147 852,1147 850,1147 847,1149 830,1157 811,1149 808,1147 806,1147 804,1147 731,1147 733,1184"/>
        <Baseline points="733,1184 2244,1179"/>
        <TextEquiv>
          <Unicode></Unicode>
        </TextEquiv>
      </TextLine>
      <TextLine id="eSc_line_40d445a4" custom="structure {type:default;}">
        <Coords points="774,1227 774,1245 2239,1247 2242,1220 2239,1198 772,1198 774,1227"/>
        <Baseline points="774,1227 2242,1220"/>
        <TextEquiv>
          <Unicode></Unicode>
        </TextEquiv>
      </TextLine>
      <TextLine id="eSc_line_f2ffef64" custom="structure {type:default;}">
        <Coords points="779,1267 779,1286 2246,1286 2246,1267 2244,1240 779,1240 779,1267"/>
        <Baseline points="779,1267 2246,1267"/>
        <TextEquiv>
          <Unicode></Unicode>
        </TextEquiv>
      </TextLine>
      <TextLine id="eSc_line_f967e3d9" custom="structure {type:default;}">
        <Coords points="775,1310 775,1328 909,1337 911,1337 959,1328 965,1328 971,1328 1030,1339 1032,1339 1144,1330 1232,1339 1234,1339 1235,1339 1271,1330 1327,1339 1329,1339 1393,1328 1444,1339 1446,1339 1448,1339 1468,1327 1471,1327 1651,1327 1653,1327 1665,1337 1667,1337 1668,1337 1670,1337 1719,1327 1723,1327 1724,1327 1774,1337 1775,1339 1930,1339 1930,1337 1931,1337 1933,1337 1945,1328 1957,1337 1959,1337 1960,1337 1962,1339 2067,1339 2067,1337 2117,1325 2118,1306 2115,1286 1480,1278 1478,1278 1434,1286 1431,1288 774,1288 775,1310"/>
        <Baseline points="775,1310 2118,1306"/>
        <TextEquiv>
          <Unicode></Unicode>
        </TextEquiv>
      </TextLine>
      <TextLine id="eSc_line_05b3cc50" custom="structure {type:default;}">
        <Coords points="735,1361 735,1379 2242,1379 2244,1356 2239,1322 733,1328 735,1361"/>
        <Baseline points="735,1361 2244,1356"/>
        <TextEquiv>
          <Unicode></Unicode>
        </TextEquiv>
      </TextLine>
      <TextLine id="eSc_line_bccdd2d6" custom="structure {type:default;}">
        <Coords points="777,1403 777,1423 2239,1420 2240,1400 2235,1378 775,1378 777,1403"/>
        <Baseline points="777,1403 2240,1400"/>
        <TextEquiv>
          <Unicode></Unicode>
        </TextEquiv>
      </TextLine>
      <TextLine id="eSc_line_4aaac69b" custom="structure {type:default;}">
        <Coords points="779,1444 779,1469 2242,1459 2244,1440 2239,1415 777,1417 779,1444"/>
        <Baseline points="779,1444 2244,1440"/>
        <TextEquiv>
          <Unicode></Unicode>
        </TextEquiv>
      </TextLine>
      <TextLine id="eSc_line_017e5b5f" custom="structure {type:default;}">
        <Coords points="779,1486 779,1503 2246,1500 2247,1483 2244,1461 1512,1452 1510,1452 1509,1452 1485,1461 808,1454 806,1454 804,1454 777,1463 779,1486"/>
        <Baseline points="779,1486 2247,1483"/>
        <TextEquiv>
          <Unicode></Unicode>
        </TextEquiv>
      </TextLine>
      <TextLine id="eSc_line_b1a4b8c9" custom="structure {type:default;}">
        <Coords points="780,1529 780,1556 964,1547 998,1556 999,1556 1001,1558 1261,1558 1261,1556 1263,1556 1264,1556 1293,1547 1707,1554 1731,1554 1733,1554 1736,1554 1804,1546 2244,1552 2247,1525 2244,1503 779,1503 780,1529"/>
        <Baseline points="780,1529 2247,1525"/>
        <TextEquiv>
          <Unicode></Unicode>
        </TextEquiv>
      </TextLine>
      <TextLine id="eSc_line_9bcf7239" custom="structure {type:default;}">
        <Coords points="780,1569 780,1595 2244,1591 2246,1564 2240,1541 779,1544 780,1569"/>
        <Baseline points="780,1569 2246,1564"/>
        <TextEquiv>
          <Unicode></Unicode>
        </TextEquiv>
      </TextLine>
      <TextLine id="eSc_line_71d0dd76" custom="structure {type:default;}">
        <Coords points="780,1610 780,1629 2246,1629 2246,1610 2244,1588 780,1588 780,1610"/>
        <Baseline points="780,1610 2246,1610"/>
        <TextEquiv>
          <Unicode></Unicode>
        </TextEquiv>
      </TextLine>
      <TextLine id="eSc_line_7c6cf511" custom="structure {type:default;}">
        <Coords points="780,1653 780,1673 1011,1673 1022,1675 1067,1683 1069,1683 1071,1683 1095,1675 1101,1673 1147,1675 1288,1681 1290,1681 1330,1675 1356,1671 1364,1675 1378,1681 1380,1681 1381,1681 1383,1681 1398,1675 1410,1671 1434,1675 1470,1681 1471,1681 1473,1681 1475,1681 1483,1675 1490,1671 1560,1676 1653,1681 1655,1681 1784,1680 1785,1680 1787,1680 1792,1676 1804,1670 1862,1676 1894,1680 1896,1680 1898,1680 1909,1676 1933,1670 1957,1676 1969,1680 1971,1680 1972,1681 2018,1681 2018,1680 2020,1680 2021,1680 2025,1676 2035,1670 2050,1676 2057,1680 2059,1680 2060,1680 2242,1676 2244,1648 2239,1625 779,1631 780,1653"/>
        <Baseline points="780,1653 2244,1648"/>
        <TextEquiv>
          <Unicode></Unicode>
        </TextEquiv>
      </TextLine>
      <TextLine id="eSc_line_543d6445" custom="structure {type:default;}">
        <Coords points="780,1693 779,1712 1030,1719 1032,1719 1100,1712 1123,1710 1139,1712 1181,1719 1183,1719 1234,1712 1252,1710 1269,1712 1341,1720 1342,1720 1490,1712 1495,1712 1500,1712 1611,1720 1612,1720 1723,1710 1724,1697 1723,1673 780,1664 780,1693"/>
        <Baseline points="780,1693 1724,1697"/>
        <TextEquiv>
          <Unicode></Unicode>
        </TextEquiv>
      </TextLine>
      <TextLine id="eSc_line_b0eacad5" custom="structure {type:default;}">
        <Coords points="740,1746 740,1770 2247,1768 2247,1741 2242,1717 1493,1719 1443,1710 1441,1710 1346,1719 1273,1710 1271,1710 1200,1720 865,1712 864,1712 862,1712 842,1720 767,1712 765,1712 763,1712 738,1720 740,1746"/>
        <Baseline points="740,1746 2247,1741"/>
        <TextEquiv>
          <Unicode></Unicode>
        </TextEquiv>
      </TextLine>
      <TextLine id="eSc_line_ec9eb94c" custom="structure {type:default;}">
        <Coords points="780,1788 780,1807 2246,1804 2247,1783 2242,1758 779,1760 780,1788"/>
        <Baseline points="780,1788 2247,1783"/>
        <TextEquiv>
          <Unicode></Unicode>
        </TextEquiv>
      </TextLine>
      <TextLine id="eSc_line_9d9fb9bb" custom="structure {type:default;}">
        <Coords points="780,1829 780,1853 1918,1860 1920,1860 1921,1860 1923,1860 1937,1851 2074,1851 2162,1860 2167,1860 2169,1860 2171,1860 2203,1851 2244,1860 2246,1829 2246,1807 780,1805 780,1829"/>
        <Baseline points="780,1829 2246,1829"/>
        <TextEquiv>
          <Unicode></Unicode>
        </TextEquiv>
      </TextLine>
      <TextLine id="eSc_line_ce315814" custom="structure {type:default;}">
        <Coords points="782,1873 782,1894 2242,1892 2244,1870 2239,1846 780,1848 782,1873"/>
        <Baseline points="782,1873 2244,1870"/>
        <TextEquiv>
          <Unicode></Unicode>
        </TextEquiv>
      </TextLine>
      <TextLine id="eSc_line_54322b40" custom="structure {type:default;}">
        <Coords points="784,1914 784,1934 2246,1928 2247,1911 2242,1885 782,1889 784,1914"/>
        <Baseline points="784,1914 2247,1911"/>
        <TextEquiv>
          <Unicode></Unicode>
        </TextEquiv>
      </TextLine>
      <TextLine id="eSc_line_959f96f3" custom="structure {type:default;}">
        <Coords points="782,1956 782,1977 913,1985 915,1985 916,1985 918,1985 928,1978 933,1977 1040,1977 1066,1978 1140,1989 1142,1989 1144,1989 1178,1980 1191,1977 1207,1980 1247,1989 1249,1989 1303,1980 1342,1975 1381,1982 1420,1987 1422,1987 1448,1982 1471,1977 1493,1982 1519,1987 1521,1989 1590,1989 1590,1987 1592,1987 1600,1982 1612,1977 1662,1984 1699,1987 1701,1987 1702,1987 1704,1987 1709,1984 1723,1975 1743,1984 1753,1987 1755,1987 1757,1987 1785,1984 1858,1973 1938,1982 1940,1982 1942,1982 1959,1973 1989,1985 1993,1985 1994,1985 1996,1987 2244,1987 2246,1951 2240,1929 780,1933 782,1956"/>
        <Baseline points="782,1956 2246,1951"/>
        <TextEquiv>
          <Unicode></Unicode>
        </TextEquiv>
      </TextLine>
      <TextLine id="eSc_line_bb7e4457" custom="structure {type:default;}">
        <Coords points="780,2001 780,2017 1079,2026 1081,2026 1137,2016 1144,2016 1154,2016 1244,2024 1246,2024 1398,2014 1417,2014 1419,2014 1431,2023 1432,2023 1434,2023 1436,2024 1573,2024 1573,2023 1575,2023 1577,2023 1577,2021 1585,2014 1646,2023 1648,2023 1650,2023 1689,2012 1689,1995 1685,1973 1483,1965 1482,1965 1392,1973 1380,1975 779,1975 780,2001"/>
        <Baseline points="780,2001 1689,1995"/>
        <TextEquiv>
          <Unicode></Unicode>
        </TextEquiv>
      </TextLine>
      <TextLine id="eSc_line_d4dc0139" custom="structure {type:default;}">
        <Coords points="743,2046 743,2070 1921,2077 1923,2077 1971,2068 1972,2068 1982,2077 1984,2077 1986,2077 1987,2079 2193,2079 2193,2077 2244,2067 2246,2043 2242,2021 2193,2011 2191,2011 2133,2019 2132,2021 2020,2021 2018,2019 2006,2011 2004,2011 2003,2011 2001,2011 1999,2011 1976,2019 1974,2019 741,2017 743,2046"/>
        <Baseline points="743,2046 2246,2043"/>
        <TextEquiv>
          <Unicode></Unicode>
        </TextEquiv>
      </TextLine>
      <TextLine id="eSc_line_49657313" custom="structure {type:default;}">
        <Coords points="786,2089 786,2114 2246,2114 2246,2089 2244,2063 786,2063 786,2089"/>
        <Baseline points="786,2089 2246,2089"/>
        <TextEquiv>
          <Unicode></Unicode>
        </TextEquiv>
      </TextLine>
      <TextLine id="eSc_line_8579de14" custom="structure {type:default;}">
        <Coords points="786,2131 786,2150 2246,2150 2246,2131 2246,2102 786,2101 786,2131"/>
        <Baseline points="786,2131 2246,2131"/>
        <TextEquiv>
          <Unicode></Unicode>
        </TextEquiv>
      </TextLine>
      <TextLine id="eSc_line_43e668eb" custom="structure {type:default;}">
        <Coords points="787,2172 787,2197 2240,2202 2244,2169 2239,2145 786,2152 787,2172"/>
        <Baseline points="787,2172 2244,2169"/>
        <TextEquiv>
          <Unicode></Unicode>
        </TextEquiv>
      </TextLine>
      <TextLine id="eSc_line_252f8684" custom="structure {type:default;}">
        <Coords points="786,2216 786,2236 2242,2238 2246,2211 2240,2189 784,2189 786,2216"/>
        <Baseline points="786,2216 2246,2211"/>
        <TextEquiv>
          <Unicode></Unicode>
        </TextEquiv>
      </TextLine>
      <TextLine id="eSc_line_66d8e08c" custom="structure {type:default;}">
        <Coords points="786,2259 786,2275 2246,2274 2247,2253 2244,2226 784,2226 786,2259"/>
        <Baseline points="786,2259 2247,2253"/>
        <TextEquiv>
          <Unicode></Unicode>
        </TextEquiv>
      </TextLine>
      <TextLine id="eSc_line_c5dc28a4" custom="structure {type:default;}">
        <Coords points="787,2299 787,2321 1695,2328 1697,2328 1736,2320 1753,2328 1755,2328 1757,2328 1826,2318 1833,2318 1836,2318 1865,2326 1867,2326 1869,2328 2110,2328 2110,2326 2111,2326 2133,2318 2205,2326 2206,2326 2208,2326 2244,2316 2244,2294 2240,2274 1785,2265 1784,2265 1743,2274 1741,2274 1716,2274 1280,2267 1278,2267 1276,2267 1247,2275 1244,2277 786,2277 787,2299"/>
        <Baseline points="787,2299 2244,2294"/>
        <TextEquiv>
          <Unicode></Unicode>
        </TextEquiv>
      </TextLine>
      <TextLine id="eSc_line_7b358f0b" custom="structure {type:default;}">
        <Coords points="787,2342 787,2364 2244,2359 2246,2337 2240,2315 786,2315 787,2342"/>
        <Baseline points="787,2342 2246,2337"/>
        <TextEquiv>
          <Unicode></Unicode>
        </TextEquiv>
      </TextLine>
      <TextLine id="eSc_line_5dab3322" custom="structure {type:default;}">
        <Coords points="787,2384 787,2403 2246,2403 2247,2381 2242,2355 786,2355 787,2384"/>
        <Baseline points="787,2384 2247,2381"/>
        <TextEquiv>
          <Unicode></Unicode>
        </TextEquiv>
      </TextLine>
      <TextLine id="eSc_line_95dbaaa7" custom="structure {type:default;}">
        <Coords points="787,2427 787,2445 940,2454 942,2454 994,2445 999,2445 1005,2445 1071,2455 1072,2455 1140,2445 1154,2444 1212,2445 1514,2454 1516,2454 1639,2452 1641,2452 1643,2452 1656,2444 1672,2452 1673,2452 1675,2454 1819,2454 1819,2452 1869,2442 1881,2440 1889,2442 1913,2450 1914,2450 1916,2450 2244,2440 2246,2420 2240,2396 786,2404 787,2427"/>
        <Baseline points="787,2427 2246,2420"/>
        <TextEquiv>
          <Unicode></Unicode>
        </TextEquiv>
      </TextLine>
      <TextLine id="eSc_line_142325af" custom="structure {type:default;}">
        <Coords points="787,2466 787,2489 2246,2493 2247,2466 2247,2442 787,2442 787,2466"/>
        <Baseline points="787,2466 2247,2466"/>
        <TextEquiv>
          <Unicode></Unicode>
        </TextEquiv>
      </TextLine>
      <TextLine id="eSc_line_b6888cf4" custom="structure {type:default;}">
        <Coords points="787,2510 787,2527 1604,2525 1606,2506 1600,2483 786,2483 787,2510"/>
        <Baseline points="787,2510 1606,2506"/>
        <TextEquiv>
          <Unicode></Unicode>
        </TextEquiv>
      </TextLine>
      <TextLine id="eSc_line_74971541" custom="structure {type:default;}">
        <Coords points="745,2556 743,2574 2247,2579 2251,2559 2251,2530 2191,2520 2190,2520 1872,2522 1870,2522 1848,2527 1835,2530 1819,2527 1785,2520 1733,2520 1731,2520 1729,2520 1728,2520 1719,2527 1711,2530 1478,2528 1473,2525 1465,2518 1463,2518 1461,2518 1460,2518 1458,2518 1441,2525 1429,2530 1264,2530 1251,2523 1237,2518 1235,2518 1234,2518 1178,2523 1120,2528 745,2522 745,2556"/>
        <Baseline points="745,2556 2251,2559"/>
        <TextEquiv>
          <Unicode></Unicode>
        </TextEquiv>
      </TextLine>
      <TextLine id="eSc_line_1b48b940" custom="structure {type:default;}">
        <Coords points="324,2557 324,2618 371,2632 373,2632 375,2632 376,2632 378,2632 397,2617 398,2617 429,2617 466,2632 468,2632 470,2632 471,2632 473,2632 490,2617 490,2557 490,2498 448,2498 446,2498 444,2498 443,2498 443,2500 439,2501 426,2513 324,2511 324,2557"/>
        <Baseline points="324,2557 490,2557"/>
        <TextEquiv>
          <Unicode></Unicode>
        </TextEquiv>
      </TextLine>
      <TextLine id="eSc_line_394f0902" custom="structure {type:default;}">
        <Coords points="792,2600 792,2617 2251,2617 2251,2600 2251,2574 792,2572 792,2600"/>
        <Baseline points="792,2600 2251,2600"/>
        <TextEquiv>
          <Unicode></Unicode>
        </TextEquiv>
      </TextLine>
      <TextLine id="eSc_line_328c9872" custom="structure {type:default;}">
        <Coords points="792,2642 792,2664 2244,2673 2247,2642 2246,2620 792,2620 792,2642"/>
        <Baseline points="792,2642 2247,2642"/>
        <TextEquiv>
          <Unicode></Unicode>
        </TextEquiv>
      </TextLine>
      <TextLine id="eSc_line_4398e83e" custom="structure {type:default;}">
        <Coords points="794,2681 792,2722 899,2729 901,2729 903,2729 904,2729 904,2727 909,2724 920,2715 981,2715 989,2722 989,2724 991,2724 993,2724 994,2724 999,2724 1059,2715 1074,2724 1081,2729 1083,2729 1084,2729 1086,2729 1147,2724 1205,2720 1239,2725 1271,2729 1273,2729 1274,2729 1285,2725 1308,2715 1410,2725 1463,2730 1465,2730 1466,2730 1475,2725 1492,2717 1517,2725 1522,2727 1524,2727 1526,2727 1536,2725 1590,2717 1675,2727 1714,2730 1716,2730 1718,2730 1731,2727 1765,2717 1870,2717 1906,2727 1911,2685 1909,2659 794,2656 794,2681"/>
        <Baseline points="794,2681 1911,2685"/>
        <TextEquiv>
          <Unicode></Unicode>
        </TextEquiv>
      </TextLine>
    </TextRegion>
    <TextRegion id="eSc_textblock_0c6dc554"  custom="structure {type:default;}">
      <Coords points="1008,122 1551,122 1578,128 1585,188 937,201 943,128 1008,122"/>
      <TextLine id="eSc_line_64776b74" custom="structure {type:default;}">
        <Coords points="1514,122 1502,122 1475,132 1437,132 1273,132 1271,132 1257,122 1242,122 1225,122 1208,122 1191,122 1174,122 1157,122 1156,122 1151,127 1144,122 1140,122 1123,122 1117,122 1028,128 996,122 988,123 971,125 965,125 954,130 955,176 955,198 1135,205 1137,205 1213,200 1330,191 1349,200 1356,203 1358,203 1359,203 1376,200 1420,191 1563,200 1565,171 1563,132 1527,122 1514,122"/>
        <Baseline points="955,176 1565,171"/>
        <TextEquiv>
          <Unicode></Unicode>
        </TextEquiv>
      </TextLine>
    </TextRegion>
    <TextRegion id="eSc_textblock_855a4dbb"  custom="structure {type:default;}">
      <Coords points="449,169 460,169 460,181 448,181 449,169"/>
    </TextRegion>
  </Page>
</PcGts>
