<?xml version="1.0" encoding="UTF-8"  standalone="yes"?>
<PcGts xmlns="http://schema.primaresearch.org/PAGE/gts/pagecontent/2019-07-15" xmlns:xsi="http://www.w3.org/2001/XMLSchema-instance" xsi:schemaLocation="http://schema.primaresearch.org/PAGE/gts/pagecontent/2019-07-15 http://schema.primaresearch.org/PAGE/gts/pagecontent/2019-07-15/pagecontent.xsd">
  <Metadata externalRef="pdf//regestapontificu01cath.pdf">
	<Creator>escriptorium</Creator>
	<Created>2026-02-12T11:25:31.339816+00:00</Created>
        <LastChange>2026-02-13T10:21:30.197135+00:00</LastChange>
  </Metadata>
  <Page imageFilename="regestapontificu01cath.pdf_page_134.png" imageWidth="2353" imageHeight="3055">
    <TextRegion id="eSc_textblock_a04fcbd0"  custom="structure {type:default;}">
      <Coords points="314,142 385,156 392,195 365,222 292,215 285,176 314,142"/>
      <TextLine id="eSc_line_f6468f3d" custom="structure {type:default;}">
        <Coords points="353,149 307,147 298,156 302,196 308,290 375,278 370,191 365,151 353,149"/>
        <Baseline points="302,196 370,191"/>
        <TextEquiv>
          <Unicode></Unicode>
        </TextEquiv>
      </TextLine>
    </TextRegion>
    <TextRegion id="eSc_textblock_8dfe4349"  custom="structure {type:default;}">
      <Coords points="2242,251 2278,264 2264,2734 740,2734 706,2659 726,2313 719,271 2242,251"/>
      <TextLine id="eSc_line_ddd566be" custom="structure {type:default;}">
        <Coords points="821,269 804,269 787,269 770,269 753,269 736,269 726,266 719,266 719,305 719,334 825,334 825,305 823,269 821,269"/>
        <Baseline points="719,305 825,305"/>
        <TextEquiv>
          <Unicode></Unicode>
        </TextEquiv>
      </TextLine>
      <TextLine id="eSc_line_2c67e557" custom="structure {type:default;}">
        <Coords points="740,354 738,371 746,378 748,378 750,378 752,378 2247,373 2249,358 2247,327 2203,317 2201,317 1952,324 1898,325 1892,324 1870,315 1869,315 1777,315 1775,315 1774,315 1772,315 1762,324 1757,327 1646,327 1597,322 1493,313 1492,313 1490,313 1466,320 1456,324 1371,320 1212,313 1144,313 1142,313 1140,313 1139,313 1132,319 1123,325 1037,325 1023,319 1015,313 1013,313 1011,313 952,317 865,324 740,317 740,354"/>
        <Baseline points="740,354 2249,358"/>
        <TextEquiv>
          <Unicode></Unicode>
        </TextEquiv>
      </TextLine>
      <TextLine id="eSc_line_5d2e9f4e" custom="structure {type:default;}">
        <Coords points="779,395 779,419 2244,419 2246,400 2244,371 779,368 779,395"/>
        <Baseline points="779,395 2246,400"/>
        <TextEquiv>
          <Unicode></Unicode>
        </TextEquiv>
      </TextLine>
      <TextLine id="eSc_line_63957b85" custom="structure {type:default;}">
        <Coords points="779,441 779,454 1086,454 1089,454 1154,463 1156,463 1215,453 1225,453 1235,453 1297,461 1298,461 1300,461 1317,453 1319,453 1609,453 1662,461 1663,461 1845,451 1858,451 1872,451 2076,459 2077,459 2079,459 2115,449 2115,436 2111,412 777,409 779,441"/>
        <Baseline points="779,441 2115,436"/>
        <TextEquiv>
          <Unicode></Unicode>
        </TextEquiv>
      </TextLine>
      <TextLine id="eSc_line_65cf114b" custom="structure {type:default;}">
        <Coords points="740,482 740,500 2244,505 2246,482 2246,458 740,458 740,482"/>
        <Baseline points="740,482 2246,482"/>
        <TextEquiv>
          <Unicode></Unicode>
        </TextEquiv>
      </TextLine>
      <TextLine id="eSc_line_69f3ed99" custom="structure {type:default;}">
        <Coords points="779,522 779,546 2246,538 2247,519 2244,497 777,497 779,522"/>
        <Baseline points="779,522 2247,519"/>
        <TextEquiv>
          <Unicode></Unicode>
        </TextEquiv>
      </TextLine>
      <TextLine id="eSc_line_86470a76" custom="structure {type:default;}">
        <Coords points="780,563 779,577 2246,580 2249,566 2247,541 780,538 780,563"/>
        <Baseline points="780,563 2249,566"/>
        <TextEquiv>
          <Unicode></Unicode>
        </TextEquiv>
      </TextLine>
      <TextLine id="eSc_line_7f51ef78" custom="structure {type:default;}">
        <Coords points="780,609 780,624 801,634 803,634 804,634 889,626 999,634 1001,634 1113,626 1127,626 1132,626 1171,634 1173,634 1218,626 1229,626 1242,627 1310,634 1312,634 1314,634 1315,634 1325,627 1329,626 1334,627 1354,634 1356,634 1358,634 1427,627 1451,626 1473,627 1527,634 1529,634 1566,629 1583,626 1602,629 1638,634 1639,634 1641,634 1663,629 1677,626 1685,629 1697,634 1699,634 1701,636 1858,636 1858,634 1860,634 1872,629 1884,626 2244,631 2246,609 2246,585 780,585 780,609"/>
        <Baseline points="780,609 2246,609"/>
        <TextEquiv>
          <Unicode></Unicode>
        </TextEquiv>
      </TextLine>
      <TextLine id="eSc_line_d6fd33bf" custom="structure {type:default;}">
        <Coords points="780,646 780,672 1074,665 1078,668 1083,672 1083,673 1084,673 1086,673 1088,675 1271,675 1271,673 1351,663 1351,646 1349,622 780,622 780,646"/>
        <Baseline points="780,646 1351,646"/>
        <TextEquiv>
          <Unicode></Unicode>
        </TextEquiv>
      </TextLine>
      <TextLine id="eSc_line_e607c24f" custom="structure {type:default;}">
        <Coords points="738,689 738,709 2249,706 2251,685 2246,655 736,655 738,689"/>
        <Baseline points="738,689 2251,685"/>
        <TextEquiv>
          <Unicode></Unicode>
        </TextEquiv>
      </TextLine>
      <TextLine id="eSc_line_d045b59a" custom="structure {type:default;}">
        <Coords points="784,733 784,753 1434,762 1436,762 1490,753 1512,762 1514,762 1516,762 1592,751 1602,751 1614,751 1695,760 1697,760 1799,751 1809,751 1838,751 2212,760 2213,760 2215,760 2251,750 2251,729 2247,709 782,709 784,733"/>
        <Baseline points="784,733 2251,729"/>
        <TextEquiv>
          <Unicode></Unicode>
        </TextEquiv>
      </TextLine>
      <TextLine id="eSc_line_eb7dd5d6" custom="structure {type:default;}">
        <Coords points="780,775 780,795 2249,797 2251,775 2251,750 780,750 780,775"/>
        <Baseline points="780,775 2251,775"/>
        <TextEquiv>
          <Unicode></Unicode>
        </TextEquiv>
      </TextLine>
      <TextLine id="eSc_line_c7165384" custom="structure {type:default;}">
        <Coords points="779,818 779,833 2246,836 2247,818 2247,792 779,792 779,818"/>
        <Baseline points="779,818 2247,818"/>
        <TextEquiv>
          <Unicode></Unicode>
        </TextEquiv>
      </TextLine>
      <TextLine id="eSc_line_4de54acb" custom="structure {type:default;}">
        <Coords points="780,860 780,877 2242,879 2246,857 2242,833 1582,824 1580,824 1516,833 1509,835 779,835 780,860"/>
        <Baseline points="780,860 2246,857"/>
        <TextEquiv>
          <Unicode></Unicode>
        </TextEquiv>
      </TextLine>
      <TextLine id="eSc_line_a20e044a" custom="structure {type:default;}">
        <Coords points="780,901 780,919 1183,919 1184,919 1247,928 1249,928 1251,928 1271,919 1403,926 1405,926 1565,918 1572,918 1573,918 1624,926 1626,926 1704,918 1755,926 1757,926 1864,916 1872,916 1877,916 1916,924 1918,926 2217,926 2217,924 2218,924 2247,914 2247,896 2242,874 779,877 780,901"/>
        <Baseline points="780,901 2247,896"/>
        <TextEquiv>
          <Unicode></Unicode>
        </TextEquiv>
      </TextLine>
      <TextLine id="eSc_line_9028bcc0" custom="structure {type:default;}">
        <Coords points="780,945 780,962 1096,967 1098,967 1156,960 1166,958 1168,960 1174,965 1174,967 1176,967 1178,967 1179,969 1297,969 1297,967 1373,958 1383,957 1385,957 1392,964 1392,965 1393,965 1395,965 1397,967 1504,967 1504,965 1582,955 1583,940 1580,916 1314,908 1312,908 1246,916 811,911 809,911 808,911 779,919 780,945"/>
        <Baseline points="780,945 1583,940"/>
        <TextEquiv>
          <Unicode></Unicode>
        </TextEquiv>
      </TextLine>
      <TextLine id="eSc_line_ee4a054b" custom="structure {type:default;}">
        <Coords points="740,984 740,1003 838,1013 840,1013 842,1013 862,1003 864,1003 867,1003 903,1011 904,1011 993,1003 1001,1003 1003,1003 1032,1013 1033,1013 1035,1014 1123,1014 1123,1013 1125,1013 1162,1003 1176,1013 1178,1013 1179,1013 1181,1014 1283,1014 1283,1013 1359,1003 1373,1013 1375,1013 1376,1013 1378,1014 1454,1014 1454,1013 1456,1013 1492,1001 1497,1001 1643,1001 1645,1001 1662,1009 1663,1009 1665,1009 1667,1009 1695,1003 1707,1011 1709,1011 1711,1011 1712,1011 1787,1001 1792,1001 1797,1001 1855,1011 1857,1011 1972,1001 1977,1001 1981,1001 2096,1011 2098,1011 2100,1011 2140,1001 2181,1011 2183,1011 2184,1011 2249,999 2251,980 2247,960 738,955 740,984"/>
        <Baseline points="740,984 2251,980"/>
        <TextEquiv>
          <Unicode></Unicode>
        </TextEquiv>
      </TextLine>
      <TextLine id="eSc_line_0c3196e0" custom="structure {type:default;}">
        <Coords points="779,1030 779,1052 2249,1043 2251,1026 2246,1001 777,1003 779,1030"/>
        <Baseline points="779,1030 2251,1026"/>
        <TextEquiv>
          <Unicode></Unicode>
        </TextEquiv>
      </TextLine>
      <TextLine id="eSc_line_a501faf9" custom="structure {type:default;}">
        <Coords points="779,1070 779,1087 2249,1087 2249,1070 2249,1045 779,1045 779,1070"/>
        <Baseline points="779,1070 2249,1070"/>
        <TextEquiv>
          <Unicode></Unicode>
        </TextEquiv>
      </TextLine>
      <TextLine id="eSc_line_61df68f7" custom="structure {type:default;}">
        <Coords points="775,1111 775,1126 887,1126 889,1126 916,1138 918,1138 920,1138 971,1126 974,1126 1015,1126 1054,1126 1066,1138 1067,1138 1069,1138 1071,1138 1122,1126 1123,1126 1184,1138 1186,1138 1188,1138 1215,1126 1249,1126 1271,1126 1280,1133 1280,1135 1281,1135 1283,1135 1285,1135 1342,1125 1351,1125 1414,1125 1415,1125 1434,1137 1436,1137 1437,1137 1439,1138 1772,1138 1772,1137 1774,1137 1816,1123 1816,1108 1813,1087 1300,1079 1298,1079 1297,1079 1269,1087 786,1081 784,1081 782,1081 780,1081 774,1084 775,1111"/>
        <Baseline points="775,1111 1816,1108"/>
        <TextEquiv>
          <Unicode></Unicode>
        </TextEquiv>
      </TextLine>
      <TextLine id="eSc_line_00a51a38" custom="structure {type:default;}">
        <Coords points="738,1152 738,1172 2247,1174 2249,1152 2247,1120 738,1126 738,1152"/>
        <Baseline points="738,1152 2249,1152"/>
        <TextEquiv>
          <Unicode></Unicode>
        </TextEquiv>
      </TextLine>
      <TextLine id="eSc_line_c6660837" custom="structure {type:default;}">
        <Coords points="777,1196 777,1213 2249,1210 2251,1193 2247,1169 1777,1160 1775,1160 775,1169 777,1196"/>
        <Baseline points="777,1196 2251,1193"/>
        <TextEquiv>
          <Unicode></Unicode>
        </TextEquiv>
      </TextLine>
      <TextLine id="eSc_line_50a0931e" custom="structure {type:default;}">
        <Coords points="775,1237 775,1254 796,1264 797,1264 799,1264 989,1254 1045,1264 1047,1264 1184,1254 1324,1254 1346,1264 1347,1264 1349,1266 1488,1266 1488,1264 1490,1264 1492,1264 1509,1254 1828,1264 1830,1266 1898,1266 1898,1264 1899,1264 1901,1264 1918,1254 2052,1264 2054,1264 2055,1264 2096,1254 2123,1264 2125,1264 2127,1266 2208,1266 2208,1264 2210,1264 2251,1252 2251,1237 2251,1215 775,1215 775,1237"/>
        <Baseline points="775,1237 2251,1237"/>
        <TextEquiv>
          <Unicode></Unicode>
        </TextEquiv>
      </TextLine>
      <TextLine id="eSc_line_ea897274" custom="structure {type:default;}">
        <Coords points="774,1281 774,1300 2247,1298 2249,1278 2244,1254 772,1255 774,1281"/>
        <Baseline points="774,1281 2249,1278"/>
        <TextEquiv>
          <Unicode></Unicode>
        </TextEquiv>
      </TextLine>
      <TextLine id="eSc_line_263dec8e" custom="structure {type:default;}">
        <Coords points="774,1320 774,1335 2247,1340 2249,1320 2249,1296 774,1296 774,1320"/>
        <Baseline points="774,1320 2249,1320"/>
        <TextEquiv>
          <Unicode></Unicode>
        </TextEquiv>
      </TextLine>
      <TextLine id="eSc_line_77c13610" custom="structure {type:default;}">
        <Coords points="774,1362 772,1376 804,1386 806,1386 808,1386 874,1379 886,1388 887,1388 889,1388 891,1388 938,1379 1042,1379 1061,1388 1062,1388 1064,1388 1111,1379 1122,1388 1123,1388 1125,1388 1127,1388 1534,1381 1606,1390 1607,1390 2246,1381 2247,1366 2246,1340 774,1337 774,1362"/>
        <Baseline points="774,1362 2247,1366"/>
        <TextEquiv>
          <Unicode></Unicode>
        </TextEquiv>
      </TextLine>
      <TextLine id="eSc_line_677267c5" custom="structure {type:default;}">
        <Coords points="779,1405 779,1425 1872,1425 1874,1401 1869,1379 777,1381 779,1405"/>
        <Baseline points="779,1405 1874,1401"/>
        <TextEquiv>
          <Unicode></Unicode>
        </TextEquiv>
      </TextLine>
      <TextLine id="eSc_line_d7476f53" custom="structure {type:default;}">
        <Coords points="738,1449 738,1466 2249,1461 2251,1444 2247,1418 736,1417 738,1449"/>
        <Baseline points="738,1449 2251,1444"/>
        <TextEquiv>
          <Unicode></Unicode>
        </TextEquiv>
      </TextLine>
      <TextLine id="eSc_line_e319c8b7" custom="structure {type:default;}">
        <Coords points="779,1491 779,1505 799,1515 801,1515 803,1517 857,1517 857,1515 859,1515 860,1515 876,1505 877,1505 998,1505 999,1505 1010,1513 1011,1513 1013,1513 1015,1513 1095,1505 1105,1505 1106,1505 1127,1515 1128,1515 1130,1515 1179,1507 1252,1515 1254,1515 1256,1515 1257,1515 1271,1505 1273,1505 1278,1505 1336,1515 1337,1515 1339,1515 1361,1505 1364,1505 1368,1505 1414,1515 1415,1515 1473,1505 1482,1505 1492,1505 1563,1513 1565,1513 1566,1513 1568,1513 1580,1505 1585,1503 1641,1505 1796,1513 1797,1513 1799,1513 1801,1513 1813,1505 1818,1503 1826,1505 1852,1513 1853,1513 1855,1513 2249,1505 2251,1488 2247,1466 1514,1457 1512,1457 1510,1457 1490,1466 794,1459 792,1459 791,1459 789,1459 777,1464 779,1491"/>
        <Baseline points="779,1491 2251,1488"/>
        <TextEquiv>
          <Unicode></Unicode>
        </TextEquiv>
      </TextLine>
      <TextLine id="eSc_line_1081e109" custom="structure {type:default;}">
        <Coords points="779,1532 779,1552 2244,1554 2246,1532 2244,1505 779,1507 779,1532"/>
        <Baseline points="779,1532 2246,1532"/>
        <TextEquiv>
          <Unicode></Unicode>
        </TextEquiv>
      </TextLine>
      <TextLine id="eSc_line_1476bb27" custom="structure {type:default;}">
        <Coords points="779,1573 779,1590 1079,1588 1084,1590 1108,1597 1110,1597 1111,1597 1166,1588 1173,1588 1174,1588 1184,1597 1186,1597 1188,1597 1190,1598 1293,1598 1293,1597 1342,1588 1346,1588 1349,1588 1448,1597 1449,1597 1492,1586 1492,1573 1492,1547 779,1546 779,1573"/>
        <Baseline points="779,1573 1492,1573"/>
        <TextEquiv>
          <Unicode></Unicode>
        </TextEquiv>
      </TextLine>
      <TextLine id="eSc_line_a41f1b67" custom="structure {type:default;}">
        <Coords points="738,1615 738,1639 2247,1642 2249,1615 2249,1590 738,1581 738,1615"/>
        <Baseline points="738,1615 2249,1615"/>
        <TextEquiv>
          <Unicode></Unicode>
        </TextEquiv>
      </TextLine>
      <TextLine id="eSc_line_c151f9fe" custom="structure {type:default;}">
        <Coords points="779,1658 779,1680 2249,1678 2251,1654 2247,1631 777,1629 779,1658"/>
        <Baseline points="779,1658 2251,1654"/>
        <TextEquiv>
          <Unicode></Unicode>
        </TextEquiv>
      </TextLine>
      <TextLine id="eSc_line_b2137113" custom="structure {type:default;}">
        <Coords points="779,1700 779,1717 2249,1712 2251,1695 2246,1671 777,1675 779,1700"/>
        <Baseline points="779,1700 2251,1695"/>
        <TextEquiv>
          <Unicode></Unicode>
        </TextEquiv>
      </TextLine>
      <TextLine id="eSc_line_1268ffec" custom="structure {type:default;}">
        <Coords points="779,1741 779,1758 809,1768 811,1768 813,1768 864,1760 930,1768 932,1768 1016,1760 1057,1768 1059,1768 1144,1760 1145,1760 1149,1760 1322,1768 1324,1768 2249,1760 2249,1741 2249,1719 779,1719 779,1741"/>
        <Baseline points="779,1741 2249,1741"/>
        <TextEquiv>
          <Unicode></Unicode>
        </TextEquiv>
      </TextLine>
      <TextLine id="eSc_line_174680a2" custom="structure {type:default;}">
        <Coords points="779,1783 779,1799 2246,1807 2247,1783 2246,1756 779,1758 779,1783"/>
        <Baseline points="779,1783 2247,1783"/>
        <TextEquiv>
          <Unicode></Unicode>
        </TextEquiv>
      </TextLine>
      <TextLine id="eSc_line_94426774" custom="structure {type:default;}">
        <Coords points="780,1824 780,1851 899,1843 1319,1848 1512,1849 1514,1849 1516,1849 1531,1846 1551,1841 2247,1841 2249,1821 2246,1799 779,1793 780,1824"/>
        <Baseline points="780,1824 2249,1821"/>
        <TextEquiv>
          <Unicode></Unicode>
        </TextEquiv>
      </TextLine>
      <TextLine id="eSc_line_1e009d8b" custom="structure {type:default;}">
        <Coords points="777,1866 777,1880 814,1892 816,1892 818,1892 974,1877 976,1863 971,1841 775,1843 777,1866"/>
        <Baseline points="777,1866 976,1863"/>
        <TextEquiv>
          <Unicode></Unicode>
        </TextEquiv>
      </TextLine>
      <TextLine id="eSc_line_6cbc56f0" custom="structure {type:default;}">
        <Coords points="740,1907 740,1929 2251,1929 2251,1907 2251,1883 740,1883 740,1907"/>
        <Baseline points="740,1907 2251,1907"/>
        <TextEquiv>
          <Unicode></Unicode>
        </TextEquiv>
      </TextLine>
      <TextLine id="eSc_line_8691d3e8" custom="structure {type:default;}">
        <Coords points="780,1951 780,1967 2247,1965 2249,1948 2244,1922 779,1924 780,1951"/>
        <Baseline points="780,1951 2249,1948"/>
        <TextEquiv>
          <Unicode></Unicode>
        </TextEquiv>
      </TextLine>
      <TextLine id="eSc_line_bcdd278d" custom="structure {type:default;}">
        <Coords points="780,1994 780,2012 2249,2012 2249,1994 2249,1970 2229,1961 2227,1961 2225,1961 2223,1961 2205,1970 2122,1961 2120,1961 2074,1970 2037,1961 2035,1961 2033,1961 1957,1970 1881,1961 1879,1961 1877,1961 1853,1970 1831,1961 1830,1961 1828,1961 1748,1970 1721,1961 1719,1961 1718,1961 1716,1961 1685,1970 1685,1972 1502,1972 1502,1970 1482,1961 1480,1961 1478,1961 1407,1970 1402,1970 1398,1970 1325,1961 1324,1961 1322,1961 1302,1970 1300,1970 1298,1970 1257,1961 1256,1961 1254,1961 1252,1961 1241,1970 1237,1970 1191,1961 1190,1961 1188,1961 1169,1970 1168,1970 1164,1970 1117,1961 1115,1961 1113,1961 1083,1970 1079,1970 1071,1970 1003,1961 1001,1961 999,1961 972,1970 971,1970 967,1970 943,1961 942,1961 940,1961 780,1968 780,1994"/>
        <Baseline points="780,1994 2249,1994"/>
        <TextEquiv>
          <Unicode></Unicode>
        </TextEquiv>
      </TextLine>
      <TextLine id="eSc_line_fda3b832" custom="structure {type:default;}">
        <Coords points="779,2034 779,2053 2246,2058 2249,2031 2246,2009 1519,2001 1517,2001 1516,2001 1514,2001 1502,2009 1500,2011 777,2011 779,2034"/>
        <Baseline points="779,2034 2249,2031"/>
        <TextEquiv>
          <Unicode></Unicode>
        </TextEquiv>
      </TextLine>
      <TextLine id="eSc_line_7888980b" custom="structure {type:default;}">
        <Coords points="780,2079 780,2094 1125,2102 1127,2102 1128,2102 1149,2094 1152,2094 1157,2094 1208,2102 1210,2102 1280,2094 1302,2092 1493,2092 1499,2094 1507,2101 1509,2101 1510,2101 1512,2101 2249,2092 2251,2074 2247,2050 797,2045 796,2045 794,2045 779,2051 780,2079"/>
        <Baseline points="780,2079 2251,2074"/>
        <TextEquiv>
          <Unicode></Unicode>
        </TextEquiv>
      </TextLine>
      <TextLine id="eSc_line_8a7d1080" custom="structure {type:default;}">
        <Coords points="779,2116 777,2128 804,2143 806,2143 808,2143 974,2130 976,2119 974,2096 779,2092 779,2116"/>
        <Baseline points="779,2116 976,2119"/>
        <TextEquiv>
          <Unicode></Unicode>
        </TextEquiv>
      </TextLine>
      <TextLine id="eSc_line_645dc277" custom="structure {type:default;}">
        <Coords points="740,2162 740,2184 2249,2184 2251,2157 2247,2123 1485,2121 1483,2121 1482,2121 1466,2128 1461,2131 1152,2131 1134,2131 1027,2123 1025,2123 1023,2123 1022,2123 1010,2131 1008,2131 957,2124 955,2124 738,2133 740,2162"/>
        <Baseline points="740,2162 2251,2157"/>
        <TextEquiv>
          <Unicode></Unicode>
        </TextEquiv>
      </TextLine>
      <TextLine id="eSc_line_0e29d480" custom="structure {type:default;}">
        <Coords points="779,2204 779,2221 2249,2216 2251,2199 2246,2172 777,2172 779,2204"/>
        <Baseline points="779,2204 2251,2199"/>
        <TextEquiv>
          <Unicode></Unicode>
        </TextEquiv>
      </TextLine>
      <TextLine id="eSc_line_69e35f6e" custom="structure {type:default;}">
        <Coords points="779,2245 779,2272 847,2264 1071,2270 1103,2270 1105,2270 2249,2259 2251,2240 2246,2219 777,2223 779,2245"/>
        <Baseline points="779,2245 2251,2240"/>
        <TextEquiv>
          <Unicode></Unicode>
        </TextEquiv>
      </TextLine>
      <TextLine id="eSc_line_64fefcdc" custom="structure {type:default;}">
        <Coords points="779,2286 779,2308 2247,2309 2251,2281 2246,2260 777,2262 779,2286"/>
        <Baseline points="779,2286 2251,2281"/>
        <TextEquiv>
          <Unicode></Unicode>
        </TextEquiv>
      </TextLine>
      <TextLine id="eSc_line_c1a99a4f" custom="structure {type:default;}">
        <Coords points="779,2328 779,2347 2247,2347 2249,2331 2247,2298 779,2296 779,2328"/>
        <Baseline points="779,2328 2249,2331"/>
        <TextEquiv>
          <Unicode></Unicode>
        </TextEquiv>
      </TextLine>
      <TextLine id="eSc_line_f49300eb" custom="structure {type:default;}">
        <Coords points="777,2372 777,2386 1105,2393 1106,2393 1213,2386 1235,2384 1244,2384 1291,2393 1293,2393 1295,2393 1315,2384 1319,2384 1322,2384 1358,2393 1359,2393 1687,2382 1689,2367 1687,2343 1665,2335 1663,2335 1662,2335 1470,2343 1441,2343 1434,2343 1383,2333 1381,2333 1339,2343 1327,2345 1320,2343 1298,2335 1297,2335 1295,2335 1293,2335 1263,2343 1251,2345 1237,2343 1198,2335 1100,2335 1098,2335 1096,2335 1095,2335 1083,2343 1074,2348 1006,2348 1001,2343 998,2340 998,2338 996,2338 994,2338 993,2338 957,2343 923,2347 915,2343 906,2338 904,2338 903,2338 901,2338 891,2343 881,2347 864,2343 838,2337 836,2337 835,2337 775,2342 777,2372"/>
        <Baseline points="777,2372 1689,2367"/>
        <TextEquiv>
          <Unicode></Unicode>
        </TextEquiv>
      </TextLine>
      <TextLine id="eSc_line_6d5d4b40" custom="structure {type:default;}">
        <Coords points="740,2413 740,2433 2252,2428 2252,2408 2247,2384 738,2387 740,2413"/>
        <Baseline points="740,2413 2252,2408"/>
        <TextEquiv>
          <Unicode></Unicode>
        </TextEquiv>
      </TextLine>
      <TextLine id="eSc_line_73e30b9d" custom="structure {type:default;}">
        <Coords points="779,2455 779,2472 2247,2474 2251,2452 2246,2423 777,2428 779,2455"/>
        <Baseline points="779,2455 2251,2452"/>
        <TextEquiv>
          <Unicode></Unicode>
        </TextEquiv>
      </TextLine>
      <TextLine id="eSc_line_2fea403b" custom="structure {type:default;}">
        <Coords points="779,2498 779,2513 2249,2508 2251,2493 2247,2467 791,2467 789,2467 787,2467 786,2467 777,2472 779,2498"/>
        <Baseline points="779,2498 2251,2493"/>
        <TextEquiv>
          <Unicode></Unicode>
        </TextEquiv>
      </TextLine>
      <TextLine id="eSc_line_8a6d548c" custom="structure {type:default;}">
        <Coords points="779,2540 779,2557 1013,2566 1015,2566 1078,2557 1079,2557 1115,2566 1117,2566 1118,2566 1120,2566 1144,2557 1147,2556 1152,2556 1181,2564 1183,2564 1184,2564 1232,2556 1239,2556 1256,2556 1397,2564 1398,2564 1400,2564 1432,2556 1434,2556 1490,2564 1492,2564 1679,2554 1695,2554 1709,2554 1879,2562 1881,2562 1882,2562 1903,2552 1906,2552 2083,2552 2084,2552 2108,2561 2110,2561 2111,2561 2249,2550 2251,2533 2247,2511 1529,2505 1527,2505 1526,2505 1507,2513 796,2508 794,2508 792,2508 777,2515 779,2540"/>
        <Baseline points="779,2540 2251,2533"/>
        <TextEquiv>
          <Unicode></Unicode>
        </TextEquiv>
      </TextLine>
      <TextLine id="eSc_line_f74da658" custom="structure {type:default;}">
        <Coords points="779,2581 779,2596 1122,2596 1130,2598 1147,2605 1149,2605 1151,2605 1242,2600 1298,2596 1324,2600 1361,2605 1363,2605 1432,2600 1514,2595 1536,2601 1546,2603 1548,2603 1549,2605 1791,2605 1791,2603 1792,2603 1797,2601 1819,2595 1908,2603 1925,2603 1926,2603 1928,2603 1930,2603 1952,2595 2021,2603 2030,2603 2032,2603 2033,2603 2035,2603 2047,2595 2106,2603 2110,2603 2111,2603 2113,2603 2150,2595 2246,2603 2249,2578 2246,2552 777,2550 779,2581"/>
        <Baseline points="779,2581 2249,2578"/>
        <TextEquiv>
          <Unicode></Unicode>
        </TextEquiv>
      </TextLine>
      <TextLine id="eSc_line_00ebb52e" custom="structure {type:default;}">
        <Coords points="777,2623 777,2634 848,2644 850,2644 852,2644 882,2634 884,2634 903,2645 904,2645 906,2645 908,2647 957,2647 957,2645 959,2645 960,2645 976,2634 998,2644 999,2644 1001,2644 1003,2644 1025,2634 1035,2644 1035,2645 1037,2645 1038,2645 1040,2647 1105,2647 1105,2645 1106,2645 1108,2645 1123,2634 1203,2645 1205,2645 1207,2645 1208,2645 1224,2634 1234,2642 1235,2642 1237,2642 1239,2642 1241,2642 1269,2632 1271,2632 1285,2644 1286,2644 1288,2644 1290,2644 1291,2644 1315,2635 1339,2644 1341,2644 1342,2644 1344,2644 1346,2644 1346,2642 1358,2632 1373,2632 1629,2644 1631,2644 1633,2644 1672,2630 1672,2620 1668,2598 1497,2588 1495,2588 1347,2596 1307,2588 1305,2588 1256,2596 1235,2588 1234,2588 1232,2588 1230,2588 1190,2598 1181,2591 1181,2589 1179,2589 1178,2589 1176,2589 933,2598 908,2589 906,2589 904,2589 903,2589 872,2598 843,2589 842,2589 840,2589 838,2589 818,2598 789,2589 787,2589 786,2589 784,2589 782,2589 782,2591 775,2596 777,2623"/>
        <Baseline points="777,2623 1672,2620"/>
        <TextEquiv>
          <Unicode></Unicode>
        </TextEquiv>
      </TextLine>
      <TextLine id="eSc_line_406ff6e2" custom="structure {type:default;}">
        <Coords points="741,2666 741,2685 2251,2676 2251,2657 2247,2634 2047,2625 2045,2625 740,2639 741,2666"/>
        <Baseline points="741,2666 2251,2657"/>
        <TextEquiv>
          <Unicode></Unicode>
        </TextEquiv>
      </TextLine>
      <TextLine id="eSc_line_702cdc57" custom="structure {type:default;}">
        <Coords points="780,2707 780,2747 894,2749 896,2749 903,2747 947,2737 957,2746 959,2746 960,2746 1003,2747 1061,2749 1062,2751 1443,2751 1443,2749 1454,2747 1514,2735 1575,2747 1578,2747 1580,2749 1724,2749 1724,2747 1726,2747 1728,2747 1750,2735 2246,2746 2249,2703 2244,2678 779,2679 780,2707"/>
        <Baseline points="780,2707 2249,2703"/>
        <TextEquiv>
          <Unicode></Unicode>
        </TextEquiv>
      </TextLine>
    </TextRegion>
    <TextRegion id="eSc_textblock_1f13e35c"  custom="structure {type:default;}">
      <Coords points="1096,135 1456,142 1470,201 1449,222 1106,222 1059,174 1059,149 1096,135"/>
      <TextLine id="eSc_line_0b7e9139" custom="structure {type:default;}">
        <Coords points="1093,196 1093,212 1327,222 1329,222 1375,212 1390,208 1446,210 1449,191 1446,156 1339,140 1337,140 1336,140 1300,149 1210,142 1208,142 1207,142 1162,157 1113,151 1111,151 1110,151 1091,157 1093,196"/>
        <Baseline points="1093,196 1449,191"/>
        <TextEquiv>
          <Unicode></Unicode>
        </TextEquiv>
      </TextLine>
    </TextRegion>
  </Page>
</PcGts>
