<?xml version="1.0" encoding="UTF-8"  standalone="yes"?>
<PcGts xmlns="http://schema.primaresearch.org/PAGE/gts/pagecontent/2019-07-15" xmlns:xsi="http://www.w3.org/2001/XMLSchema-instance" xsi:schemaLocation="http://schema.primaresearch.org/PAGE/gts/pagecontent/2019-07-15 http://schema.primaresearch.org/PAGE/gts/pagecontent/2019-07-15/pagecontent.xsd">
  <Metadata externalRef="pdf//regestapontificu01cath.pdf">
	<Creator>escriptorium</Creator>
	<Created>2026-02-12T11:33:39.909219+00:00</Created>
        <LastChange>2026-02-13T11:03:28.105283+00:00</LastChange>
  </Metadata>
  <Page imageFilename="regestapontificu01cath.pdf_page_332.png" imageWidth="2353" imageHeight="3055">
    <TextRegion id="eSc_textblock_6da06ba4"  custom="structure {type:default;}">
      <Coords points="329,122 378,128 405,181 271,195 278,135 329,122"/>
      <TextLine id="eSc_line_5a73ffe9" custom="structure {type:default;}">
        <Coords points="290,173 290,247 375,247 375,173 375,134 290,134 290,173"/>
        <Baseline points="290,173 375,173"/>
        <TextEquiv>
          <Unicode></Unicode>
        </TextEquiv>
      </TextLine>
    </TextRegion>
    <TextRegion id="eSc_textblock_5b6d1004"  custom="structure {type:default;}">
      <Coords points="962,224 2264,224 2271,2143 2244,2700 740,2707 631,2686 645,2668 617,2661 650,2661 651,2627 713,2571 713,2287 651,2245 692,2231 665,2218 679,2179 624,2150 638,2104 617,2063 645,2028 611,1967 624,1799 563,1790 568,1756 507,1736 480,1805 480,2292 398,2272 392,2299 365,2279 332,2292 292,2130 312,2109 292,2089 312,2002 285,1987 292,1860 312,1851 292,1771 312,1758 285,1715 271,1546 278,244 500,237 555,285 611,256 584,244 962,224"/>
      <TextLine id="eSc_line_edc29aa9" custom="structure {type:default;}">
        <Coords points="704,283 704,308 806,310 808,283 808,249 704,237 704,283"/>
        <Baseline points="704,283 808,283"/>
        <TextEquiv>
          <Unicode></Unicode>
        </TextEquiv>
      </TextLine>
      <TextLine id="eSc_line_61b99fed" custom="structure {type:default;}">
        <Coords points="767,325 765,347 2232,351 2235,329 2235,288 2212,276 2210,276 2208,276 1877,286 1870,286 1867,286 1784,276 1782,276 1660,285 974,274 972,274 923,285 916,285 767,285 767,325"/>
        <Baseline points="767,325 2235,329"/>
        <TextEquiv>
          <Unicode></Unicode>
        </TextEquiv>
      </TextLine>
      <TextLine id="eSc_line_9a635cc1" custom="structure {type:default;}">
        <Coords points="769,369 769,392 2234,392 2234,369 2232,346 769,346 769,369"/>
        <Baseline points="769,369 2234,369"/>
        <TextEquiv>
          <Unicode></Unicode>
        </TextEquiv>
      </TextLine>
      <TextLine id="eSc_line_537ad4b2" custom="structure {type:default;}">
        <Coords points="767,412 767,432 2232,436 2234,412 2234,390 767,390 767,412"/>
        <Baseline points="767,412 2234,412"/>
        <TextEquiv>
          <Unicode></Unicode>
        </TextEquiv>
      </TextLine>
      <TextLine id="eSc_line_432fe41f" custom="structure {type:default;}">
        <Coords points="769,456 769,473 2232,470 2234,451 2229,426 767,427 769,456"/>
        <Baseline points="769,456 2234,451"/>
        <TextEquiv>
          <Unicode></Unicode>
        </TextEquiv>
      </TextLine>
      <TextLine id="eSc_line_04991890" custom="structure {type:default;}">
        <Coords points="772,497 772,527 901,527 901,526 903,526 904,526 920,515 979,524 989,526 991,527 1225,527 1225,526 1227,526 1235,522 1256,515 1302,515 1312,522 1317,526 1319,526 1320,526 1322,526 1324,526 1339,522 1366,515 1604,515 1638,519 1687,526 1689,527 1736,527 1736,526 1738,526 1740,526 1750,519 1753,515 1758,519 1772,526 1774,526 1775,526 1874,517 1906,515 1940,517 2059,524 2060,524 2062,524 2086,515 2088,515 2094,515 2173,526 2174,526 2234,514 2235,497 2234,473 1460,463 1458,463 1415,471 1403,463 1402,463 1400,463 1312,463 1310,463 1308,463 1307,463 1291,473 1001,473 957,463 955,463 954,463 952,463 938,473 772,473 772,497"/>
        <Baseline points="772,497 2235,497"/>
        <TextEquiv>
          <Unicode></Unicode>
        </TextEquiv>
      </TextLine>
      <TextLine id="eSc_line_2fd031c0" custom="structure {type:default;}">
        <Coords points="770,539 770,563 2234,563 2235,536 2230,514 769,514 770,539"/>
        <Baseline points="770,539 2235,536"/>
        <TextEquiv>
          <Unicode></Unicode>
        </TextEquiv>
      </TextLine>
      <TextLine id="eSc_line_a6fa25f7" custom="structure {type:default;}">
        <Coords points="769,582 769,597 2234,594 2235,577 2230,551 767,556 769,582"/>
        <Baseline points="769,582 2235,577"/>
        <TextEquiv>
          <Unicode></Unicode>
        </TextEquiv>
      </TextLine>
      <TextLine id="eSc_line_cc20dd6c" custom="structure {type:default;}">
        <Coords points="770,622 770,638 1229,646 1230,646 1266,641 1288,638 1402,641 1499,644 1500,644 1549,643 1656,636 1709,643 1724,644 1726,644 1728,644 1729,644 1731,643 1743,636 1870,636 1911,644 1918,644 1920,644 1925,644 1960,636 2044,644 2052,644 2054,644 2060,644 2147,636 2229,644 2232,619 2229,595 769,590 770,622"/>
        <Baseline points="770,622 2232,619"/>
        <TextEquiv>
          <Unicode></Unicode>
        </TextEquiv>
      </TextLine>
      <TextLine id="eSc_line_fd96f268" custom="structure {type:default;}">
        <Coords points="772,663 772,683 2106,680 2108,660 2103,638 770,639 772,663"/>
        <Baseline points="772,663 2108,660"/>
        <TextEquiv>
          <Unicode></Unicode>
        </TextEquiv>
      </TextLine>
      <TextLine id="eSc_line_d4b9ae00" custom="structure {type:default;}">
        <Coords points="731,702 731,728 2235,728 2237,706 2235,678 731,670 731,702"/>
        <Baseline points="731,702 2237,706"/>
        <TextEquiv>
          <Unicode></Unicode>
        </TextEquiv>
      </TextLine>
      <TextLine id="eSc_line_d55f2429" custom="structure {type:default;}">
        <Coords points="772,750 772,763 2235,767 2237,750 2237,728 772,728 772,750"/>
        <Baseline points="772,750 2237,750"/>
        <TextEquiv>
          <Unicode></Unicode>
        </TextEquiv>
      </TextLine>
      <TextLine id="eSc_line_9bbe0b30" custom="structure {type:default;}">
        <Coords points="772,792 772,812 2234,812 2235,789 2232,765 784,758 782,758 780,758 779,758 770,763 772,792"/>
        <Baseline points="772,792 2235,789"/>
        <TextEquiv>
          <Unicode></Unicode>
        </TextEquiv>
      </TextLine>
      <TextLine id="eSc_line_dbd3e663" custom="structure {type:default;}">
        <Coords points="772,833 772,850 2235,846 2237,829 2232,804 770,804 772,833"/>
        <Baseline points="772,833 2237,829"/>
        <TextEquiv>
          <Unicode></Unicode>
        </TextEquiv>
      </TextLine>
      <TextLine id="eSc_line_08e0f63c" custom="structure {type:default;}">
        <Coords points="772,874 772,887 988,896 989,896 1054,887 1057,887 1071,897 1072,897 1074,897 1076,899 1142,899 1142,897 1220,885 1232,885 1268,885 1516,896 1517,896 1519,896 1521,896 1533,887 1543,896 1544,896 1546,896 1548,897 1612,897 1612,896 1690,884 1692,870 1687,841 1001,846 998,846 918,838 916,838 843,846 819,838 818,838 816,838 770,848 772,874"/>
        <Baseline points="772,874 1692,870"/>
        <TextEquiv>
          <Unicode></Unicode>
        </TextEquiv>
      </TextLine>
      <TextLine id="eSc_line_248d6a13" custom="structure {type:default;}">
        <Coords points="731,914 731,941 826,933 898,941 899,941 901,941 903,941 949,933 996,941 998,941 999,943 1152,943 1152,941 1154,941 1156,941 1168,933 1210,941 1212,941 1213,941 1218,941 1324,933 2237,940 2239,914 2239,889 731,885 731,914"/>
        <Baseline points="731,914 2239,914"/>
        <TextEquiv>
          <Unicode></Unicode>
        </TextEquiv>
      </TextLine>
      <TextLine id="eSc_line_98c55d39" custom="structure {type:default;}">
        <Coords points="774,957 774,980 2237,980 2239,953 2234,928 772,930 774,957"/>
        <Baseline points="774,957 2239,953"/>
        <TextEquiv>
          <Unicode></Unicode>
        </TextEquiv>
      </TextLine>
      <TextLine id="eSc_line_3db4095a" custom="structure {type:default;}">
        <Coords points="774,1001 774,1014 1728,1011 1729,996 1726,975 1548,965 1546,965 1424,974 1412,965 1410,965 1409,965 1407,965 1347,975 1322,967 1320,967 1319,967 1086,977 847,969 845,969 772,979 774,1001"/>
        <Baseline points="774,1001 1729,996"/>
        <TextEquiv>
          <Unicode></Unicode>
        </TextEquiv>
      </TextLine>
      <TextLine id="eSc_line_e7f0ea2a" custom="structure {type:default;}">
        <Coords points="310,1050 310,1072 365,1082 366,1082 368,1082 395,1070 395,1045 388,982 361,982 353,979 329,965 327,965 325,965 324,965 305,972 310,1050"/>
        <Baseline points="310,1050 395,1045"/>
        <TextEquiv>
          <Unicode></Unicode>
        </TextEquiv>
      </TextLine>
      <TextLine id="eSc_line_cb7ba3cd" custom="structure {type:default;}">
        <Coords points="714,1045 714,1065 2240,1065 2240,1038 2235,1013 713,1014 714,1045"/>
        <Baseline points="714,1045 2240,1038"/>
        <TextEquiv>
          <Unicode></Unicode>
        </TextEquiv>
      </TextLine>
      <TextLine id="eSc_line_86d5199f" custom="structure {type:default;}">
        <Coords points="779,1084 779,1104 2237,1099 2239,1079 2234,1055 777,1055 779,1084"/>
        <Baseline points="779,1084 2239,1079"/>
        <TextEquiv>
          <Unicode></Unicode>
        </TextEquiv>
      </TextLine>
      <TextLine id="eSc_line_a684cdda" custom="structure {type:default;}">
        <Coords points="774,1126 774,1143 2234,1147 2237,1121 2234,1099 1753,1091 1752,1091 1251,1101 830,1094 828,1094 772,1103 774,1126"/>
        <Baseline points="774,1126 2237,1121"/>
        <TextEquiv>
          <Unicode></Unicode>
        </TextEquiv>
      </TextLine>
      <TextLine id="eSc_line_f1423624" custom="structure {type:default;}">
        <Coords points="774,1169 774,1193 2239,1193 2240,1162 2237,1142 1874,1133 1872,1133 1870,1133 1869,1133 1855,1142 789,1138 787,1138 786,1138 784,1138 772,1143 774,1169"/>
        <Baseline points="774,1169 2240,1162"/>
        <TextEquiv>
          <Unicode></Unicode>
        </TextEquiv>
      </TextLine>
      <TextLine id="eSc_line_ec3a969a" custom="structure {type:default;}">
        <Coords points="772,1208 772,1228 2239,1225 2240,1205 2235,1182 770,1184 772,1208"/>
        <Baseline points="772,1208 2240,1205"/>
        <TextEquiv>
          <Unicode></Unicode>
        </TextEquiv>
      </TextLine>
      <TextLine id="eSc_line_d85d8148" custom="structure {type:default;}">
        <Coords points="779,1250 779,1269 2239,1269 2240,1245 2237,1220 797,1218 796,1218 794,1218 777,1225 779,1250"/>
        <Baseline points="779,1250 2240,1245"/>
        <TextEquiv>
          <Unicode></Unicode>
        </TextEquiv>
      </TextLine>
      <TextLine id="eSc_line_fac1a1a4" custom="structure {type:default;}">
        <Coords points="779,1294 779,1322 1381,1322 1381,1320 1385,1320 1434,1311 1478,1320 1490,1322 1492,1322 1504,1320 1553,1310 1755,1320 1777,1320 1779,1320 1787,1320 1879,1308 1920,1318 1921,1318 1923,1320 2088,1320 2088,1318 2089,1318 2127,1308 2237,1318 2240,1288 2237,1267 1918,1259 1916,1259 1874,1267 1870,1267 1838,1267 1512,1261 1510,1261 1509,1261 1487,1269 1482,1271 777,1271 779,1294"/>
        <Baseline points="779,1294 2240,1288"/>
        <TextEquiv>
          <Unicode></Unicode>
        </TextEquiv>
      </TextLine>
      <TextLine id="eSc_line_758ae094" custom="structure {type:default;}">
        <Coords points="777,1335 777,1361 850,1352 981,1359 1013,1361 1015,1361 1168,1357 1483,1350 1626,1354 1831,1357 1833,1357 1835,1357 1858,1350 1867,1349 1872,1350 1887,1357 1889,1357 1891,1359 2120,1359 2120,1357 2122,1357 2123,1357 2135,1349 2218,1357 2220,1357 2222,1357 2240,1347 2240,1330 2237,1308 775,1308 777,1335"/>
        <Baseline points="777,1335 2240,1330"/>
        <TextEquiv>
          <Unicode></Unicode>
        </TextEquiv>
      </TextLine>
      <TextLine id="eSc_line_cf89f9c5" custom="structure {type:default;}">
        <Coords points="775,1376 775,1391 1281,1391 1288,1391 1341,1400 1342,1400 1460,1391 1470,1391 1473,1391 1504,1400 1505,1400 1507,1400 1572,1391 1589,1390 1636,1391 1792,1398 1794,1398 2240,1390 2242,1373 2239,1349 774,1349 775,1376"/>
        <Baseline points="775,1376 2242,1373"/>
        <TextEquiv>
          <Unicode></Unicode>
        </TextEquiv>
      </TextLine>
      <TextLine id="eSc_line_a25eaa91" custom="structure {type:default;}">
        <Coords points="774,1418 774,1446 999,1440 1091,1447 1123,1449 1125,1449 1152,1447 1234,1440 1263,1447 1269,1449 1271,1449 1273,1449 1286,1447 1330,1440 1361,1447 1368,1449 1370,1449 1371,1449 1380,1447 1415,1440 1437,1447 1441,1449 1443,1449 1444,1449 1463,1447 1551,1440 1684,1449 1702,1449 1704,1449 1706,1449 1707,1449 1729,1440 1748,1449 1750,1449 1752,1449 1753,1451 2108,1451 2108,1449 2110,1449 2159,1440 2242,1449 2244,1418 2244,1396 774,1396 774,1418"/>
        <Baseline points="774,1418 2244,1418"/>
        <TextEquiv>
          <Unicode></Unicode>
        </TextEquiv>
      </TextLine>
      <TextLine id="eSc_line_26646da0" custom="structure {type:default;}">
        <Coords points="774,1463 774,1481 1264,1481 1266,1459 1263,1434 772,1434 774,1463"/>
        <Baseline points="774,1463 1266,1459"/>
        <TextEquiv>
          <Unicode></Unicode>
        </TextEquiv>
      </TextLine>
      <TextLine id="eSc_line_e7ddf0ca" custom="structure {type:default;}">
        <Coords points="308,1507 310,1556 395,1541 395,1503 390,1447 305,1449 308,1507"/>
        <Baseline points="308,1507 395,1503"/>
        <TextEquiv>
          <Unicode></Unicode>
        </TextEquiv>
      </TextLine>
      <TextLine id="eSc_line_6a179426" custom="structure {type:default;}">
        <Coords points="719,1507 719,1522 928,1522 933,1524 957,1530 959,1530 960,1530 962,1530 964,1530 976,1522 977,1522 988,1522 1037,1529 1038,1529 1125,1522 1151,1520 1179,1522 1312,1529 1314,1529 1315,1529 1317,1529 1329,1520 1332,1519 1466,1519 1482,1519 1580,1527 1582,1527 1692,1517 1709,1517 1726,1517 1847,1525 1848,1525 1965,1515 1979,1515 1981,1515 2001,1524 2003,1524 2004,1525 2220,1525 2220,1524 2222,1524 2244,1513 2244,1498 2240,1469 2010,1461 2008,1461 1950,1469 1931,1471 1857,1469 1633,1463 1631,1463 1549,1469 1516,1473 1483,1469 1419,1464 1417,1464 1324,1471 1261,1474 718,1473 719,1507"/>
        <Baseline points="719,1507 2244,1498"/>
        <TextEquiv>
          <Unicode></Unicode>
        </TextEquiv>
      </TextLine>
      <TextLine id="eSc_line_6fb7b33a" custom="structure {type:default;}">
        <Coords points="779,1546 779,1563 972,1571 974,1571 976,1571 996,1563 998,1563 1001,1563 1022,1573 1023,1573 1025,1573 1100,1563 1111,1563 1125,1563 1201,1571 1203,1571 1205,1571 1232,1563 1242,1561 1341,1561 1351,1563 1378,1571 1380,1571 1381,1571 1429,1563 1449,1561 1495,1563 1589,1569 1590,1569 1592,1569 1604,1563 1612,1559 1624,1563 1641,1569 1643,1569 1645,1569 1701,1563 1743,1559 1760,1563 1775,1568 1777,1568 1779,1568 1780,1568 1797,1563 1814,1559 1825,1563 1836,1569 1838,1569 1840,1569 1901,1563 1933,1561 1984,1563 2060,1568 2062,1568 2064,1568 2072,1563 2084,1558 2098,1563 2110,1568 2111,1568 2113,1568 2242,1563 2244,1539 2239,1519 777,1524 779,1546"/>
        <Baseline points="779,1546 2244,1539"/>
        <TextEquiv>
          <Unicode></Unicode>
        </TextEquiv>
      </TextLine>
      <TextLine id="eSc_line_c104059f" custom="structure {type:default;}">
        <Coords points="775,1586 775,1607 2244,1603 2244,1586 2244,1561 775,1559 775,1586"/>
        <Baseline points="775,1586 2244,1586"/>
        <TextEquiv>
          <Unicode></Unicode>
        </TextEquiv>
      </TextLine>
      <TextLine id="eSc_line_c26fcac8" custom="structure {type:default;}">
        <Coords points="775,1629 775,1648 2242,1644 2244,1625 2240,1602 826,1595 825,1595 774,1603 775,1629"/>
        <Baseline points="775,1629 2244,1625"/>
        <TextEquiv>
          <Unicode></Unicode>
        </TextEquiv>
      </TextLine>
      <TextLine id="eSc_line_d9b71842" custom="structure {type:default;}">
        <Coords points="779,1670 779,1700 892,1700 892,1698 894,1698 896,1698 911,1690 1371,1695 1670,1697 1672,1697 1673,1697 1684,1692 1690,1688 1695,1692 1707,1697 1709,1697 1711,1697 1753,1692 1777,1688 1828,1690 1950,1697 1952,1697 1954,1697 1981,1688 1986,1688 2008,1688 2144,1697 2145,1697 2147,1697 2174,1688 2217,1697 2218,1697 2220,1697 2244,1687 2244,1666 2239,1646 777,1648 779,1670"/>
        <Baseline points="779,1670 2244,1666"/>
        <TextEquiv>
          <Unicode></Unicode>
        </TextEquiv>
      </TextLine>
      <TextLine id="eSc_line_9f386ac9" custom="structure {type:default;}">
        <Coords points="779,1712 779,1736 2242,1736 2244,1709 2239,1681 777,1685 779,1712"/>
        <Baseline points="779,1712 2244,1709"/>
        <TextEquiv>
          <Unicode></Unicode>
        </TextEquiv>
      </TextLine>
      <TextLine id="eSc_line_230586b3" custom="structure {type:default;}">
        <Coords points="780,1754 780,1771 2242,1770 2244,1751 2240,1727 2008,1719 2006,1719 779,1727 780,1754"/>
        <Baseline points="780,1754 2244,1751"/>
        <TextEquiv>
          <Unicode></Unicode>
        </TextEquiv>
      </TextLine>
      <TextLine id="eSc_line_cad56419" custom="structure {type:default;}">
        <Coords points="780,1795 780,1814 2242,1814 2244,1795 2242,1771 780,1768 780,1795"/>
        <Baseline points="780,1795 2244,1795"/>
        <TextEquiv>
          <Unicode></Unicode>
        </TextEquiv>
      </TextLine>
      <TextLine id="eSc_line_f8604544" custom="structure {type:default;}">
        <Coords points="780,1838 780,1856 2237,1860 2240,1834 2235,1812 779,1812 780,1838"/>
        <Baseline points="780,1838 2240,1834"/>
        <TextEquiv>
          <Unicode></Unicode>
        </TextEquiv>
      </TextLine>
      <TextLine id="eSc_line_101afc7a" custom="structure {type:default;}">
        <Coords points="779,1878 779,1895 2240,1894 2242,1875 2237,1848 777,1853 779,1878"/>
        <Baseline points="779,1878 2242,1875"/>
        <TextEquiv>
          <Unicode></Unicode>
        </TextEquiv>
      </TextLine>
      <TextLine id="eSc_line_1e07bf92" custom="structure {type:default;}">
        <Coords points="779,1922 779,1948 1409,1943 1414,1945 1424,1953 1426,1953 1427,1953 1429,1953 1921,1951 1923,1951 1947,1941 1948,1941 1972,1951 1974,1951 1976,1953 2100,1953 2100,1951 2101,1951 2103,1951 2117,1943 2213,1951 2215,1951 2217,1951 2242,1939 2242,1919 2237,1897 777,1897 779,1922"/>
        <Baseline points="779,1922 2242,1919"/>
        <TextEquiv>
          <Unicode></Unicode>
        </TextEquiv>
      </TextLine>
      <TextLine id="eSc_line_a6c03ccb" custom="structure {type:default;}">
        <Coords points="777,1965 777,1987 1380,1987 1381,1960 1378,1934 775,1934 777,1965"/>
        <Baseline points="777,1965 1381,1960"/>
        <TextEquiv>
          <Unicode></Unicode>
        </TextEquiv>
      </TextLine>
      <TextLine id="eSc_line_c0b5ef35" custom="structure {type:default;}">
        <Coords points="721,2006 721,2023 2244,2023 2244,2002 2239,1970 719,1975 721,2006"/>
        <Baseline points="721,2006 2244,2002"/>
        <TextEquiv>
          <Unicode></Unicode>
        </TextEquiv>
      </TextLine>
      <TextLine id="eSc_line_3ef0f332" custom="structure {type:default;}">
        <Coords points="779,2050 779,2065 831,2065 835,2067 852,2075 853,2075 855,2075 904,2067 913,2065 920,2067 952,2077 954,2077 955,2077 957,2077 959,2077 974,2067 976,2065 988,2067 1042,2075 1044,2075 1142,2067 1173,2065 1193,2067 1261,2077 1263,2077 1308,2068 1324,2065 1356,2068 1444,2077 1446,2077 1621,2075 1650,2068 1670,2065 1714,2068 1779,2075 1780,2075 1782,2075 1806,2070 1830,2063 1850,2070 1867,2075 1869,2075 1870,2077 2015,2077 2015,2075 2016,2075 2027,2070 2033,2067 2076,2070 2130,2075 2132,2075 2133,2075 2135,2075 2142,2070 2154,2063 2167,2070 2176,2075 2178,2075 2179,2075 2240,2070 2242,2046 2239,2024 791,2017 789,2017 787,2017 786,2017 777,2023 779,2050"/>
        <Baseline points="779,2050 2242,2046"/>
        <TextEquiv>
          <Unicode></Unicode>
        </TextEquiv>
      </TextLine>
      <TextLine id="eSc_line_8f7656eb" custom="structure {type:default;}">
        <Coords points="777,2089 777,2107 823,2119 825,2119 826,2119 860,2109 1027,2119 1028,2121 1281,2121 1281,2119 1283,2119 1285,2119 1285,2118 1295,2109 1341,2109 1356,2119 1358,2119 1359,2119 1361,2119 1363,2119 1387,2109 1417,2119 1419,2119 1420,2121 1534,2121 1534,2119 1636,2109 1702,2119 1704,2119 1706,2119 1735,2107 1735,2089 1735,2065 777,2065 777,2089"/>
        <Baseline points="777,2089 1735,2089"/>
        <TextEquiv>
          <Unicode></Unicode>
        </TextEquiv>
      </TextLine>
      <TextLine id="eSc_line_62477eed" custom="structure {type:default;}">
        <Coords points="719,2158 719,2194 898,2184 898,2158 898,2118 719,2116 719,2158"/>
        <Baseline points="719,2158 898,2158"/>
        <TextEquiv>
          <Unicode></Unicode>
        </TextEquiv>
      </TextLine>
      <TextLine id="eSc_line_0eb5b207" custom="structure {type:default;}">
        <Coords points="740,2213 740,2240 2242,2238 2242,2213 2239,2177 2220,2187 1967,2187 1954,2179 1952,2177 1950,2177 1948,2177 1860,2177 1858,2177 1857,2177 1855,2177 1853,2179 1841,2187 1461,2187 1449,2180 1443,2177 1441,2177 1439,2177 1437,2177 1429,2180 1415,2187 1249,2187 1239,2180 1234,2177 1232,2177 1230,2177 1229,2177 1227,2177 1217,2180 1203,2186 740,2184 740,2213"/>
        <Baseline points="740,2213 2242,2213"/>
        <TextEquiv>
          <Unicode></Unicode>
        </TextEquiv>
      </TextLine>
      <TextLine id="eSc_line_0d018687" custom="structure {type:default;}">
        <Coords points="780,2257 780,2275 2237,2270 2239,2252 2235,2228 779,2228 780,2257"/>
        <Baseline points="780,2257 2239,2252"/>
        <TextEquiv>
          <Unicode></Unicode>
        </TextEquiv>
      </TextLine>
      <TextLine id="eSc_line_5d02d330" custom="structure {type:default;}">
        <Coords points="780,2294 780,2315 2240,2315 2242,2294 2240,2274 780,2272 780,2294"/>
        <Baseline points="780,2294 2242,2294"/>
        <TextEquiv>
          <Unicode></Unicode>
        </TextEquiv>
      </TextLine>
      <TextLine id="eSc_line_9e13c357" custom="structure {type:default;}">
        <Coords points="779,2340 779,2364 2235,2357 2237,2337 2232,2315 777,2316 779,2340"/>
        <Baseline points="779,2340 2237,2337"/>
        <TextEquiv>
          <Unicode></Unicode>
        </TextEquiv>
      </TextLine>
      <TextLine id="eSc_line_a2ea25e5" custom="structure {type:default;}">
        <Coords points="779,2382 779,2403 2239,2403 2240,2376 2235,2350 777,2355 779,2382"/>
        <Baseline points="779,2382 2240,2376"/>
        <TextEquiv>
          <Unicode></Unicode>
        </TextEquiv>
      </TextLine>
      <TextLine id="eSc_line_39c8ce8a" custom="structure {type:default;}">
        <Coords points="779,2421 779,2440 2235,2435 2237,2416 2234,2389 1264,2389 1263,2389 1188,2398 1173,2398 1144,2398 981,2391 979,2391 777,2399 779,2421"/>
        <Baseline points="779,2421 2237,2416"/>
        <TextEquiv>
          <Unicode></Unicode>
        </TextEquiv>
      </TextLine>
      <TextLine id="eSc_line_f3e12217" custom="structure {type:default;}">
        <Coords points="780,2464 780,2491 2184,2491 2184,2489 2239,2479 2239,2459 2234,2438 779,2438 780,2464"/>
        <Baseline points="780,2464 2239,2459"/>
        <TextEquiv>
          <Unicode></Unicode>
        </TextEquiv>
      </TextLine>
      <TextLine id="eSc_line_dc979697" custom="structure {type:default;}">
        <Coords points="782,2506 782,2530 2208,2530 2208,2528 2210,2528 2237,2518 2237,2501 2232,2477 780,2477 782,2506"/>
        <Baseline points="782,2506 2237,2501"/>
        <TextEquiv>
          <Unicode></Unicode>
        </TextEquiv>
      </TextLine>
      <TextLine id="eSc_line_c5479f1f" custom="structure {type:default;}">
        <Coords points="780,2547 780,2564 2232,2569 2235,2544 2232,2522 831,2515 830,2515 779,2523 780,2547"/>
        <Baseline points="780,2547 2235,2544"/>
        <TextEquiv>
          <Unicode></Unicode>
        </TextEquiv>
      </TextLine>
      <TextLine id="eSc_line_6d013564" custom="structure {type:default;}">
        <Coords points="780,2589 780,2606 2232,2608 2235,2586 2230,2564 779,2566 780,2589"/>
        <Baseline points="780,2589 2235,2586"/>
        <TextEquiv>
          <Unicode></Unicode>
        </TextEquiv>
      </TextLine>
      <TextLine id="eSc_line_74d45511" custom="structure {type:default;}">
        <Coords points="779,2630 779,2649 2234,2642 2234,2623 2229,2601 777,2606 779,2630"/>
        <Baseline points="779,2630 2234,2623"/>
        <TextEquiv>
          <Unicode></Unicode>
        </TextEquiv>
      </TextLine>
      <TextLine id="eSc_line_3898a1ac" custom="structure {type:default;}">
        <Coords points="741,2671 741,2708 2230,2708 2232,2668 2227,2644 740,2644 741,2671"/>
        <Baseline points="741,2671 2232,2668"/>
        <TextEquiv>
          <Unicode></Unicode>
        </TextEquiv>
      </TextLine>
    </TextRegion>
    <TextRegion id="eSc_textblock_413b4d1b"  custom="structure {type:default;}">
      <Coords points="1015,115 1538,115 1585,128 1585,181 1558,201 950,195 950,128 1015,115"/>
      <TextLine id="eSc_line_6ef98b55" custom="structure {type:default;}">
        <Coords points="1507,115 1420,125 1405,115 1405,115 1388,115 1378,115 1347,128 1266,128 1252,115 1235,115 1218,115 1201,115 1184,115 1168,115 1151,115 1134,115 1117,115 1100,115 1083,115 1066,115 1049,115 1032,115 1015,115 998,117 981,120 971,122 964,128 965,169 965,188 981,198 982,198 984,198 986,198 1224,188 1368,183 1561,193 1563,164 1560,127 1509,115 1507,115"/>
        <Baseline points="965,169 1563,164"/>
        <TextEquiv>
          <Unicode></Unicode>
        </TextEquiv>
      </TextLine>
    </TextRegion>
    <TextRegion id="eSc_textblock_c91a9f39"  custom="structure {type:default;}">
      <Coords points="390,2579 500,2606 514,2645 487,2686 392,2713 292,2700 298,2620 390,2579"/>
      <TextLine id="eSc_line_56c70364" custom="structure {type:default;}">
        <Coords points="319,2676 319,2727 371,2727 371,2725 373,2725 410,2712 458,2724 461,2673 458,2620 351,2612 349,2612 348,2612 317,2620 319,2676"/>
        <Baseline points="319,2676 461,2673"/>
        <TextEquiv>
          <Unicode></Unicode>
        </TextEquiv>
      </TextLine>
    </TextRegion>
    <TextRegion id="eSc_textblock_4db2e727"  custom="structure {type:default;}">
      <Coords points="1470,210 1490,210 1490,215 1465,215 1470,210"/>
    </TextRegion>
  </Page>
</PcGts>
