<?xml version="1.0" encoding="UTF-8"  standalone="yes"?>
<PcGts xmlns="http://schema.primaresearch.org/PAGE/gts/pagecontent/2019-07-15" xmlns:xsi="http://www.w3.org/2001/XMLSchema-instance" xsi:schemaLocation="http://schema.primaresearch.org/PAGE/gts/pagecontent/2019-07-15 http://schema.primaresearch.org/PAGE/gts/pagecontent/2019-07-15/pagecontent.xsd">
  <Metadata externalRef="pdf//regestapontificu01cath.pdf">
	<Creator>escriptorium</Creator>
	<Created>2026-02-12T11:33:50.632913+00:00</Created>
        <LastChange>2026-02-13T11:04:45.599025+00:00</LastChange>
  </Metadata>
  <Page imageFilename="regestapontificu01cath.pdf_page_337.png" imageWidth="2278" imageHeight="3076">
    <TextRegion id="eSc_textblock_b547e91b"  custom="structure {type:default;}">
      <Coords points="1907,232 2052,246 2045,2718 1835,2725 1813,2759 1532,2725 581,2725 551,2759 251,2773 75,2753 54,2664 41,1011 54,341 82,252 1907,232"/>
      <TextLine id="eSc_line_e2264245" custom="structure {type:default;}">
        <Coords points="499,290 499,312 885,319 886,319 910,314 931,311 948,314 965,319 967,319 968,319 970,319 979,316 991,309 1121,316 1172,317 1174,317 1206,316 1322,307 1454,316 1457,283 1454,254 1262,244 1261,244 1223,252 1211,254 1192,252 1148,246 1146,246 1088,251 1057,254 1040,251 1006,244 1004,244 968,251 939,256 873,251 818,246 816,246 774,249 700,258 686,249 685,247 683,247 681,247 611,247 610,247 608,247 606,247 604,249 594,258 584,249 582,247 581,247 579,247 577,247 497,247 499,290"/>
        <Baseline points="499,290 1457,283"/>
        <TextEquiv>
          <Unicode></Unicode>
        </TextEquiv>
      </TextLine>
      <TextLine id="eSc_line_f427b43a" custom="structure {type:default;}">
        <Coords points="309,340 309,393 355,387 362,394 381,411 381,413 382,413 384,413 386,415 428,415 428,413 430,413 432,413 432,411 446,398 446,340 446,302 309,292 309,340"/>
        <Baseline points="309,340 446,340"/>
        <TextEquiv>
          <Unicode></Unicode>
        </TextEquiv>
      </TextLine>
      <TextLine id="eSc_line_7edb1c80" custom="structure {type:default;}">
        <Coords points="500,340 500,360 2023,362 2025,333 2019,300 499,304 500,340"/>
        <Baseline points="500,340 2025,333"/>
        <TextEquiv>
          <Unicode></Unicode>
        </TextEquiv>
      </TextLine>
      <TextLine id="eSc_line_dd7d919a" custom="structure {type:default;}">
        <Coords points="93,341 93,365 176,369 176,370 194,382 196,382 198,382 199,382 256,372 256,338 252,293 90,280 93,341"/>
        <Baseline points="93,341 256,338"/>
        <TextEquiv>
          <Unicode></Unicode>
        </TextEquiv>
      </TextLine>
      <TextLine id="eSc_line_6c0dbb5f" custom="structure {type:default;}">
        <Coords points="555,382 555,403 2021,405 2025,377 2019,353 553,353 555,382"/>
        <Baseline points="555,382 2025,377"/>
        <TextEquiv>
          <Unicode></Unicode>
        </TextEquiv>
      </TextLine>
      <TextLine id="eSc_line_38b0c3c5" custom="structure {type:default;}">
        <Coords points="555,423 555,452 2023,439 2025,416 2019,393 553,396 555,423"/>
        <Baseline points="555,423 2025,416"/>
        <TextEquiv>
          <Unicode></Unicode>
        </TextEquiv>
      </TextLine>
      <TextLine id="eSc_line_dcf32b88" custom="structure {type:default;}">
        <Coords points="555,463 555,483 2021,490 2023,463 2021,437 555,437 555,463"/>
        <Baseline points="555,463 2023,463"/>
        <TextEquiv>
          <Unicode></Unicode>
        </TextEquiv>
      </TextLine>
      <TextLine id="eSc_line_ac5d01cf" custom="structure {type:default;}">
        <Coords points="557,507 557,529 2021,528 2023,504 2019,480 555,480 557,507"/>
        <Baseline points="557,507 2023,504"/>
        <TextEquiv>
          <Unicode></Unicode>
        </TextEquiv>
      </TextLine>
      <TextLine id="eSc_line_5a89b002" custom="structure {type:default;}">
        <Coords points="553,548 553,565 2019,572 2021,548 2021,522 553,521 553,548"/>
        <Baseline points="553,548 2021,548"/>
        <TextEquiv>
          <Unicode></Unicode>
        </TextEquiv>
      </TextLine>
      <TextLine id="eSc_line_c929e0a6" custom="structure {type:default;}">
        <Coords points="517,591 517,620 2021,620 2021,591 2021,567 517,558 517,591"/>
        <Baseline points="517,591 2021,591"/>
        <TextEquiv>
          <Unicode></Unicode>
        </TextEquiv>
      </TextLine>
      <TextLine id="eSc_line_bd2f6409" custom="structure {type:default;}">
        <Coords points="75,592 75,640 152,640 153,640 155,640 155,639 164,632 247,639 249,589 244,524 174,528 172,528 170,528 167,531 155,538 131,534 97,528 95,528 93,528 73,536 75,592"/>
        <Baseline points="75,592 249,589"/>
        <TextEquiv>
          <Unicode></Unicode>
        </TextEquiv>
      </TextLine>
      <TextLine id="eSc_line_85394613" custom="structure {type:default;}">
        <Coords points="553,633 553,656 2025,656 2026,630 2021,606 551,608 553,633"/>
        <Baseline points="553,633 2026,630"/>
        <TextEquiv>
          <Unicode></Unicode>
        </TextEquiv>
      </TextLine>
      <TextLine id="eSc_line_c7af3a66" custom="structure {type:default;}">
        <Coords points="553,675 553,692 738,704 739,704 852,693 885,704 886,704 888,704 1045,693 1158,704 1160,704 1264,693 1291,704 1293,704 1295,704 1297,704 1317,693 1360,704 1362,704 1363,704 1772,693 1874,704 1876,704 2023,692 2025,675 2023,652 553,652 553,675"/>
        <Baseline points="553,675 2025,675"/>
        <TextEquiv>
          <Unicode></Unicode>
        </TextEquiv>
      </TextLine>
      <TextLine id="eSc_line_c3799d9f" custom="structure {type:default;}">
        <Coords points="553,716 553,736 2023,741 2026,716 2025,695 553,695 553,716"/>
        <Baseline points="553,716 2026,716"/>
        <TextEquiv>
          <Unicode></Unicode>
        </TextEquiv>
      </TextLine>
      <TextLine id="eSc_line_0b717dbd" custom="structure {type:default;}">
        <Coords points="555,760 555,779 2021,780 2025,755 2021,731 553,731 555,760"/>
        <Baseline points="555,760 2025,755"/>
        <TextEquiv>
          <Unicode></Unicode>
        </TextEquiv>
      </TextLine>
      <TextLine id="eSc_line_7e53db1e" custom="structure {type:default;}">
        <Coords points="558,803 558,830 702,821 1288,828 1290,828 1291,828 1310,820 2021,827 2025,799 2021,775 1587,775 1585,774 1573,765 1572,765 1570,765 1568,765 1444,774 1426,774 1425,774 1408,765 1406,765 1291,765 1290,765 1288,765 1266,772 1256,775 1227,772 1168,767 1167,767 1141,772 1126,777 992,777 986,772 979,767 977,767 975,767 974,767 557,770 558,803"/>
        <Baseline points="558,803 2025,799"/>
        <TextEquiv>
          <Unicode></Unicode>
        </TextEquiv>
      </TextLine>
      <TextLine id="eSc_line_39d1036c" custom="structure {type:default;}">
        <Coords points="557,840 555,857 575,868 577,868 579,868 2021,864 2023,844 2019,813 557,815 557,840"/>
        <Baseline points="557,840 2023,844"/>
        <TextEquiv>
          <Unicode></Unicode>
        </TextEquiv>
      </TextLine>
      <TextLine id="eSc_line_15355147" custom="structure {type:default;}">
        <Coords points="558,885 558,907 2021,909 2025,881 2021,857 557,856 558,885"/>
        <Baseline points="558,885 2025,881"/>
        <TextEquiv>
          <Unicode></Unicode>
        </TextEquiv>
      </TextLine>
      <TextLine id="eSc_line_ae8c869a" custom="structure {type:default;}">
        <Coords points="555,926 555,946 2025,946 2025,926 2023,898 555,900 555,926"/>
        <Baseline points="555,926 2025,926"/>
        <TextEquiv>
          <Unicode></Unicode>
        </TextEquiv>
      </TextLine>
      <TextLine id="eSc_line_c676155d" custom="structure {type:default;}">
        <Coords points="618,972 618,991 751,997 753,997 825,989 830,989 833,989 873,997 874,997 960,987 965,987 968,987 1023,996 1025,996 1162,984 1163,965 1158,939 640,941 639,941 616,950 618,972"/>
        <Baseline points="618,972 1163,965"/>
        <TextEquiv>
          <Unicode></Unicode>
        </TextEquiv>
      </TextLine>
      <TextLine id="eSc_line_99676369" custom="structure {type:default;}">
        <Coords points="516,1013 516,1028 2023,1037 2025,1013 2025,987 1867,975 1866,975 1794,986 1705,975 1703,975 1702,975 1673,987 1519,987 1493,975 1491,975 1271,975 1269,975 1268,975 1266,975 1250,987 610,987 550,975 548,975 546,975 516,986 516,1013"/>
        <Baseline points="516,1013 2025,1013"/>
        <TextEquiv>
          <Unicode></Unicode>
        </TextEquiv>
      </TextLine>
      <TextLine id="eSc_line_168c5c57" custom="structure {type:default;}">
        <Coords points="119,1021 119,1068 218,1068 218,1021 218,991 119,980 119,1021"/>
        <Baseline points="119,1021 218,1021"/>
        <TextEquiv>
          <Unicode></Unicode>
        </TextEquiv>
      </TextLine>
      <TextLine id="eSc_line_790e5ae2" custom="structure {type:default;}">
        <Coords points="558,1056 558,1071 2019,1078 2023,1056 2021,1033 1922,1023 1920,1023 1881,1032 1843,1023 1842,1023 1840,1023 1838,1023 1801,1032 1799,1032 1690,1023 1688,1023 1686,1023 1667,1032 1657,1023 1655,1023 1654,1023 1652,1023 1650,1023 1614,1032 1613,1032 1573,1023 1572,1023 1570,1023 1549,1032 1546,1032 1473,1023 1471,1023 1428,1032 1426,1032 1406,1023 1404,1023 1403,1023 1329,1032 1322,1033 1064,1033 1062,1032 1052,1023 1050,1023 1049,1023 1047,1023 974,1032 963,1032 951,1032 852,1023 851,1023 806,1032 799,1032 782,1032 669,1023 668,1023 558,1030 558,1056"/>
        <Baseline points="558,1056 2023,1056"/>
        <TextEquiv>
          <Unicode></Unicode>
        </TextEquiv>
      </TextLine>
      <TextLine id="eSc_line_b47a115f" custom="structure {type:default;}">
        <Coords points="553,1098 553,1115 2023,1119 2026,1095 2021,1073 551,1074 553,1098"/>
        <Baseline points="553,1098 2026,1095"/>
        <TextEquiv>
          <Unicode></Unicode>
        </TextEquiv>
      </TextLine>
      <TextLine id="eSc_line_6daae3e9" custom="structure {type:default;}">
        <Coords points="553,1139 553,1155 2021,1160 2023,1139 2023,1114 553,1112 553,1139"/>
        <Baseline points="553,1139 2023,1139"/>
        <TextEquiv>
          <Unicode></Unicode>
        </TextEquiv>
      </TextLine>
      <TextLine id="eSc_line_33841440" custom="structure {type:default;}">
        <Coords points="553,1180 553,1197 839,1208 840,1208 1004,1197 1015,1197 1030,1197 1305,1206 1307,1206 1309,1206 1310,1206 1324,1197 1430,1206 1432,1206 1433,1206 1435,1206 1449,1196 1450,1196 1471,1204 1473,1204 1474,1204 1534,1196 1543,1196 1558,1196 1729,1206 1731,1206 1732,1206 1758,1196 1760,1196 1763,1196 1855,1206 1857,1206 1859,1206 1861,1206 1874,1196 1876,1196 2018,1196 2019,1177 2014,1155 551,1156 553,1180"/>
        <Baseline points="553,1180 2019,1177"/>
        <TextEquiv>
          <Unicode></Unicode>
        </TextEquiv>
      </TextLine>
      <TextLine id="eSc_line_226efd92" custom="structure {type:default;}">
        <Coords points="555,1225 555,1242 560,1247 560,1249 562,1249 563,1249 565,1249 757,1237 763,1237 770,1237 909,1247 910,1247 912,1247 951,1235 951,1221 948,1199 581,1192 579,1192 577,1192 553,1201 555,1225"/>
        <Baseline points="555,1225 951,1221"/>
        <TextEquiv>
          <Unicode></Unicode>
        </TextEquiv>
      </TextLine>
      <TextLine id="eSc_line_fe253346" custom="structure {type:default;}">
        <Coords points="82,1266 82,1286 249,1295 251,1261 246,1225 208,1225 182,1204 181,1204 179,1204 177,1204 80,1228 82,1266"/>
        <Baseline points="82,1266 251,1261"/>
        <TextEquiv>
          <Unicode></Unicode>
        </TextEquiv>
      </TextLine>
      <TextLine id="eSc_line_dfabf15c" custom="structure {type:default;}">
        <Coords points="510,1267 510,1283 2023,1285 2025,1262 2019,1233 509,1237 510,1267"/>
        <Baseline points="510,1267 2025,1262"/>
        <TextEquiv>
          <Unicode></Unicode>
        </TextEquiv>
      </TextLine>
      <TextLine id="eSc_line_5246a059" custom="structure {type:default;}">
        <Coords points="557,1309 557,1336 676,1327 698,1336 700,1336 702,1336 704,1336 719,1336 821,1327 856,1334 868,1336 869,1336 924,1334 1054,1327 1168,1331 1286,1336 1288,1336 1290,1336 1300,1331 1310,1326 1401,1329 1503,1334 1505,1334 1572,1329 1604,1326 1611,1327 1628,1334 1630,1334 1632,1334 1717,1327 1741,1326 1761,1327 1859,1334 1861,1334 1927,1326 1929,1326 1932,1326 1996,1334 1997,1334 1999,1334 2028,1324 2028,1305 2023,1283 555,1285 557,1309"/>
        <Baseline points="557,1309 2028,1305"/>
        <TextEquiv>
          <Unicode></Unicode>
        </TextEquiv>
      </TextLine>
      <TextLine id="eSc_line_3935d9b9" custom="structure {type:default;}">
        <Coords points="555,1351 555,1372 2021,1373 2025,1348 2019,1324 553,1327 555,1351"/>
        <Baseline points="555,1351 2025,1348"/>
        <TextEquiv>
          <Unicode></Unicode>
        </TextEquiv>
      </TextLine>
      <TextLine id="eSc_line_ba1ce9ff" custom="structure {type:default;}">
        <Coords points="557,1392 557,1411 2026,1408 2028,1387 2023,1361 555,1363 557,1392"/>
        <Baseline points="557,1392 2028,1387"/>
        <TextEquiv>
          <Unicode></Unicode>
        </TextEquiv>
      </TextLine>
      <TextLine id="eSc_line_56bffd25" custom="structure {type:default;}">
        <Coords points="555,1435 555,1452 628,1462 630,1462 675,1454 780,1454 794,1462 796,1462 798,1462 799,1462 864,1454 917,1462 919,1462 994,1454 1069,1462 1071,1462 1119,1454 1182,1462 1184,1464 1579,1464 1579,1462 1580,1462 1582,1462 1594,1454 1625,1462 1626,1462 1628,1464 1881,1464 1881,1462 1883,1462 1900,1454 1963,1462 1965,1462 2025,1452 2026,1435 2025,1413 555,1409 555,1435"/>
        <Baseline points="555,1435 2026,1435"/>
        <TextEquiv>
          <Unicode></Unicode>
        </TextEquiv>
      </TextLine>
      <TextLine id="eSc_line_ba8a8844" custom="structure {type:default;}">
        <Coords points="555,1473 553,1490 2023,1493 2026,1476 2025,1450 555,1449 555,1473"/>
        <Baseline points="555,1473 2026,1476"/>
        <TextEquiv>
          <Unicode></Unicode>
        </TextEquiv>
      </TextLine>
      <TextLine id="eSc_line_07c2440f" custom="structure {type:default;}">
        <Coords points="557,1519 557,1536 1442,1544 1444,1544 1445,1544 1469,1534 1473,1534 1570,1534 1575,1534 1633,1544 1635,1546 1910,1546 1910,1544 2021,1532 2023,1515 2019,1491 555,1490 557,1519"/>
        <Baseline points="557,1519 2023,1515"/>
        <TextEquiv>
          <Unicode></Unicode>
        </TextEquiv>
      </TextLine>
      <TextLine id="eSc_line_45f5c865" custom="structure {type:default;}">
        <Coords points="553,1561 553,1580 562,1587 563,1587 565,1587 567,1587 818,1575 830,1575 832,1575 851,1587 852,1587 854,1587 856,1589 955,1589 955,1587 1011,1573 1013,1558 1008,1532 551,1534 553,1561"/>
        <Baseline points="553,1561 1013,1558"/>
        <TextEquiv>
          <Unicode></Unicode>
        </TextEquiv>
      </TextLine>
      <TextLine id="eSc_line_52a0f6f4" custom="structure {type:default;}">
        <Coords points="516,1604 516,1623 2021,1628 2025,1601 2021,1573 514,1573 516,1604"/>
        <Baseline points="516,1604 2025,1601"/>
        <TextEquiv>
          <Unicode></Unicode>
        </TextEquiv>
      </TextLine>
      <TextLine id="eSc_line_a3e28a61" custom="structure {type:default;}">
        <Coords points="105,1616 105,1621 117,1633 117,1635 119,1635 121,1635 123,1635 124,1635 126,1635 145,1623 150,1620 225,1630 227,1611 222,1587 104,1592 105,1616"/>
        <Baseline points="105,1616 227,1611"/>
        <TextEquiv>
          <Unicode></Unicode>
        </TextEquiv>
      </TextLine>
      <TextLine id="eSc_line_4c0a0081" custom="structure {type:default;}">
        <Coords points="558,1645 558,1664 2025,1664 2025,1645 2025,1623 1782,1613 1780,1613 1657,1621 1637,1613 1635,1613 1633,1613 1573,1621 1514,1613 1512,1613 1510,1613 1486,1623 1047,1623 992,1613 991,1613 989,1613 987,1613 974,1623 856,1623 741,1613 739,1613 738,1613 717,1621 599,1613 598,1613 558,1621 558,1645"/>
        <Baseline points="558,1645 2025,1645"/>
        <TextEquiv>
          <Unicode></Unicode>
        </TextEquiv>
      </TextLine>
      <TextLine id="eSc_line_71568985" custom="structure {type:default;}">
        <Coords points="558,1688 558,1707 1100,1717 1102,1717 1160,1707 1175,1717 1177,1717 1179,1717 1180,1719 1291,1719 1291,1717 1293,1717 1331,1705 1334,1705 1341,1705 1413,1715 1414,1717 1527,1717 1527,1715 1529,1715 1549,1705 1551,1705 1599,1715 1601,1715 1767,1705 1768,1705 1808,1715 1809,1715 1811,1717 1900,1717 1900,1715 1902,1715 1922,1705 1996,1715 1997,1715 1999,1715 2028,1703 2028,1684 2025,1664 557,1664 558,1688"/>
        <Baseline points="558,1688 2028,1684"/>
        <TextEquiv>
          <Unicode></Unicode>
        </TextEquiv>
      </TextLine>
      <TextLine id="eSc_line_e046980f" custom="structure {type:default;}">
        <Coords points="555,1729 555,1749 2025,1751 2028,1729 2026,1705 555,1705 555,1729"/>
        <Baseline points="555,1729 2028,1729"/>
        <TextEquiv>
          <Unicode></Unicode>
        </TextEquiv>
      </TextLine>
      <TextLine id="eSc_line_4fe04b6e" custom="structure {type:default;}">
        <Coords points="555,1773 555,1790 2026,1785 2028,1768 2023,1741 553,1744 555,1773"/>
        <Baseline points="555,1773 2028,1768"/>
        <TextEquiv>
          <Unicode></Unicode>
        </TextEquiv>
      </TextLine>
      <TextLine id="eSc_line_ef2d8f4e" custom="structure {type:default;}">
        <Coords points="553,1816 553,1835 2023,1840 2026,1813 2021,1789 551,1790 553,1816"/>
        <Baseline points="553,1816 2026,1813"/>
        <TextEquiv>
          <Unicode></Unicode>
        </TextEquiv>
      </TextLine>
      <TextLine id="eSc_line_3da62d9f" custom="structure {type:default;}">
        <Coords points="553,1855 553,1874 1920,1874 1920,1855 1919,1828 553,1830 553,1855"/>
        <Baseline points="553,1855 1920,1855"/>
        <TextEquiv>
          <Unicode></Unicode>
        </TextEquiv>
      </TextLine>
      <TextLine id="eSc_line_5192c4a2" custom="structure {type:default;}">
        <Coords points="85,1898 85,1960 146,1966 148,1966 150,1966 152,1966 196,1936 213,1925 254,1924 254,1895 252,1872 222,1859 220,1859 218,1859 217,1859 215,1859 215,1860 206,1869 201,1874 133,1874 83,1859 85,1898"/>
        <Baseline points="85,1898 254,1895"/>
        <TextEquiv>
          <Unicode></Unicode>
        </TextEquiv>
      </TextLine>
      <TextLine id="eSc_line_4a9b03ec" custom="structure {type:default;}">
        <Coords points="514,1898 514,1917 2030,1917 2030,1898 2030,1876 514,1872 514,1898"/>
        <Baseline points="514,1898 2030,1898"/>
        <TextEquiv>
          <Unicode></Unicode>
        </TextEquiv>
      </TextLine>
      <TextLine id="eSc_line_608fd449" custom="structure {type:default;}">
        <Coords points="558,1941 558,1968 2030,1966 2031,1937 2026,1917 557,1919 558,1941"/>
        <Baseline points="558,1941 2031,1937"/>
        <TextEquiv>
          <Unicode></Unicode>
        </TextEquiv>
      </TextLine>
      <TextLine id="eSc_line_3158f035" custom="structure {type:default;}">
        <Coords points="558,1984 558,2002 2025,2006 2028,1980 2023,1956 557,1956 558,1984"/>
        <Baseline points="558,1984 2028,1980"/>
        <TextEquiv>
          <Unicode></Unicode>
        </TextEquiv>
      </TextLine>
      <TextLine id="eSc_line_d0515c00" custom="structure {type:default;}">
        <Coords points="558,2026 558,2042 950,2042 963,2042 1040,2052 1042,2052 1044,2052 1045,2052 1059,2042 1066,2040 1114,2042 1215,2048 1216,2048 1353,2042 1384,2042 1387,2042 1399,2050 1401,2050 1403,2050 1404,2050 1524,2042 1596,2038 1632,2042 1679,2048 1681,2048 2025,2042 2026,2021 2021,1994 1001,2002 945,2002 668,1995 666,1995 557,2004 558,2026"/>
        <Baseline points="558,2026 2026,2021"/>
        <TextEquiv>
          <Unicode></Unicode>
        </TextEquiv>
      </TextLine>
      <TextLine id="eSc_line_5c025f35" custom="structure {type:default;}">
        <Coords points="557,2069 557,2093 796,2093 799,2093 823,2101 825,2101 827,2101 871,2093 888,2089 1098,2089 1109,2095 1114,2098 1115,2098 1117,2098 1119,2098 1121,2098 1122,2098 1126,2095 1134,2089 1165,2095 1194,2100 1196,2100 1227,2095 1264,2089 1290,2095 1300,2098 1302,2098 1303,2098 1346,2096 1444,2089 1503,2096 1534,2100 1536,2100 1850,2098 1854,2098 1907,2088 1931,2098 1932,2098 1934,2100 2026,2100 2028,2064 2023,2042 555,2047 557,2069"/>
        <Baseline points="557,2069 2028,2064"/>
        <TextEquiv>
          <Unicode></Unicode>
        </TextEquiv>
      </TextLine>
      <TextLine id="eSc_line_641cff15" custom="structure {type:default;}">
        <Coords points="557,2112 557,2132 750,2125 757,2130 762,2136 763,2136 765,2136 767,2137 1016,2137 1016,2136 1018,2136 1020,2136 1032,2127 1035,2125 1050,2127 1090,2134 1092,2134 1093,2134 1109,2127 1115,2124 1126,2127 1148,2134 1150,2134 1151,2134 1153,2134 1155,2134 1165,2127 1170,2124 1230,2124 1232,2125 1240,2132 1240,2134 1242,2134 1244,2134 1245,2134 1302,2125 1321,2134 1322,2134 1324,2136 1459,2136 1459,2134 1461,2134 1500,2122 1500,2108 1497,2086 555,2081 557,2112"/>
        <Baseline points="557,2112 1500,2108"/>
        <TextEquiv>
          <Unicode></Unicode>
        </TextEquiv>
      </TextLine>
      <TextLine id="eSc_line_6c0173c2" custom="structure {type:default;}">
        <Coords points="497,2166 497,2182 519,2194 521,2194 522,2194 579,2183 604,2194 606,2194 608,2194 758,2183 811,2197 813,2197 815,2197 936,2195 938,2195 986,2182 986,2166 986,2136 885,2117 883,2117 774,2125 678,2134 632,2120 627,2119 625,2119 497,2115 497,2166"/>
        <Baseline points="497,2166 986,2166"/>
        <TextEquiv>
          <Unicode></Unicode>
        </TextEquiv>
      </TextLine>
      <TextLine id="eSc_line_39b2b64d" custom="structure {type:default;}">
        <Coords points="516,2213 516,2236 2025,2236 2026,2216 2025,2185 516,2185 516,2213"/>
        <Baseline points="516,2213 2026,2216"/>
        <TextEquiv>
          <Unicode></Unicode>
        </TextEquiv>
      </TextLine>
      <TextLine id="eSc_line_c2f93ae2" custom="structure {type:default;}">
        <Coords points="558,2259 558,2276 2026,2274 2028,2255 2023,2226 557,2226 558,2259"/>
        <Baseline points="558,2259 2028,2255"/>
        <TextEquiv>
          <Unicode></Unicode>
        </TextEquiv>
      </TextLine>
      <TextLine id="eSc_line_1671669c" custom="structure {type:default;}">
        <Coords points="555,2301 555,2329 1486,2329 1486,2327 1529,2320 1541,2318 1563,2320 1657,2327 1659,2327 1661,2327 1693,2318 1702,2317 1710,2318 1737,2325 1739,2325 1741,2325 1775,2318 1784,2317 1811,2317 1958,2325 1960,2325 2026,2315 2028,2295 2023,2274 553,2274 555,2301"/>
        <Baseline points="555,2301 2028,2295"/>
        <TextEquiv>
          <Unicode></Unicode>
        </TextEquiv>
      </TextLine>
      <TextLine id="eSc_line_d1bfef79" custom="structure {type:default;}">
        <Coords points="557,2342 557,2366 2026,2359 2026,2342 2026,2318 557,2317 557,2342"/>
        <Baseline points="557,2342 2026,2342"/>
        <TextEquiv>
          <Unicode></Unicode>
        </TextEquiv>
      </TextLine>
      <TextLine id="eSc_line_24fe1471" custom="structure {type:default;}">
        <Coords points="555,2385 555,2402 2025,2400 2026,2380 2021,2354 553,2358 555,2385"/>
        <Baseline points="555,2385 2026,2380"/>
        <TextEquiv>
          <Unicode></Unicode>
        </TextEquiv>
      </TextLine>
      <TextLine id="eSc_line_2b239888" custom="structure {type:default;}">
        <Coords points="555,2424 555,2443 2021,2445 2025,2421 2019,2397 553,2402 555,2424"/>
        <Baseline points="555,2424 2025,2421"/>
        <TextEquiv>
          <Unicode></Unicode>
        </TextEquiv>
      </TextLine>
      <TextLine id="eSc_line_7892a64e" custom="structure {type:default;}">
        <Coords points="560,2469 560,2491 2026,2486 2026,2469 2026,2445 560,2438 560,2469"/>
        <Baseline points="560,2469 2026,2469"/>
        <TextEquiv>
          <Unicode></Unicode>
        </TextEquiv>
      </TextLine>
      <TextLine id="eSc_line_c47dfbf9" custom="structure {type:default;}">
        <Coords points="555,2508 555,2530 2026,2530 2028,2505 2023,2474 553,2481 555,2508"/>
        <Baseline points="555,2508 2028,2505"/>
        <TextEquiv>
          <Unicode></Unicode>
        </TextEquiv>
      </TextLine>
      <TextLine id="eSc_line_b81ef296" custom="structure {type:default;}">
        <Coords points="555,2554 555,2573 799,2573 801,2573 818,2583 820,2583 821,2583 823,2583 825,2583 827,2583 842,2573 856,2585 857,2585 859,2585 861,2585 929,2573 938,2571 941,2573 955,2580 956,2580 958,2580 1027,2571 1039,2571 1044,2571 1078,2583 1080,2583 1081,2583 1083,2583 1115,2571 1117,2571 1119,2571 1146,2583 1148,2583 1150,2583 1326,2575 1643,2582 1645,2582 1647,2582 1669,2570 1669,2549 1666,2529 553,2525 555,2554"/>
        <Baseline points="555,2554 1669,2549"/>
        <TextEquiv>
          <Unicode></Unicode>
        </TextEquiv>
      </TextLine>
      <TextLine id="eSc_line_2acbbd09" custom="structure {type:default;}">
        <Coords points="497,2609 497,2629 599,2631 615,2641 616,2641 618,2641 620,2641 738,2640 739,2640 741,2640 741,2638 748,2631 751,2629 784,2631 878,2640 880,2640 881,2640 897,2633 904,2629 927,2633 979,2640 980,2640 982,2640 984,2640 984,2638 986,2638 989,2633 992,2629 1001,2633 1011,2638 1013,2638 1015,2638 1360,2636 1362,2636 1363,2636 1363,2635 1365,2635 1373,2626 1481,2635 1483,2602 1478,2577 1351,2577 1350,2577 1317,2565 1315,2565 1314,2565 1312,2565 1269,2577 1268,2577 1264,2577 1163,2570 1162,2570 1083,2578 1078,2578 1076,2578 1047,2565 1045,2565 1044,2565 1042,2565 1015,2573 996,2565 994,2565 992,2565 991,2565 950,2580 945,2580 929,2580 816,2570 815,2570 813,2570 811,2570 794,2580 792,2582 743,2582 743,2580 726,2568 724,2568 722,2568 686,2568 685,2568 683,2568 663,2580 654,2571 654,2570 652,2570 651,2570 512,2568 510,2568 509,2568 507,2568 495,2575 497,2609"/>
        <Baseline points="497,2609 1483,2602"/>
        <TextEquiv>
          <Unicode></Unicode>
        </TextEquiv>
      </TextLine>
      <TextLine id="eSc_line_894377c5" custom="structure {type:default;}">
        <Coords points="514,2655 514,2677 613,2677 639,2688 640,2688 642,2688 644,2688 668,2677 755,2677 770,2688 772,2688 774,2688 775,2689 907,2689 907,2688 909,2688 929,2677 958,2688 960,2688 962,2689 1298,2689 1298,2688 1300,2688 1302,2688 1321,2677 1426,2677 1442,2688 1444,2688 1445,2688 1447,2689 1597,2689 1597,2688 1599,2688 1601,2688 1616,2677 1736,2688 1737,2688 1739,2688 1741,2688 1758,2677 1835,2677 1857,2688 1859,2688 1861,2689 1924,2689 1924,2688 1925,2688 1948,2677 2028,2677 2028,2655 2028,2626 514,2626 514,2655"/>
        <Baseline points="514,2655 2028,2655"/>
        <TextEquiv>
          <Unicode></Unicode>
        </TextEquiv>
      </TextLine>
      <TextLine id="eSc_line_0c750578" custom="structure {type:default;}">
        <Coords points="87,2657 87,2684 145,2693 146,2693 148,2693 150,2693 170,2677 179,2670 201,2674 232,2679 234,2679 235,2679 256,2669 256,2657 256,2623 186,2623 182,2619 172,2609 172,2607 170,2607 169,2607 167,2607 87,2614 87,2657"/>
        <Baseline points="87,2657 256,2657"/>
        <TextEquiv>
          <Unicode></Unicode>
        </TextEquiv>
      </TextLine>
      <TextLine id="eSc_line_14047616" custom="structure {type:default;}">
        <Coords points="558,2698 560,2754 640,2734 661,2734 688,2753 690,2753 692,2753 693,2754 745,2754 745,2753 746,2753 791,2737 818,2751 820,2751 821,2751 897,2749 898,2749 900,2749 922,2734 970,2749 972,2749 974,2749 1035,2737 1061,2749 1062,2749 1148,2753 1165,2753 1167,2753 1168,2753 1170,2753 1199,2734 1211,2742 1213,2742 1215,2742 1334,2746 1336,2746 1338,2746 1372,2732 1464,2751 1466,2753 1474,2753 1579,2753 1579,2751 1580,2751 1662,2732 1700,2742 1702,2742 1703,2742 1705,2742 1748,2732 1949,2732 2025,2749 2028,2694 2023,2674 557,2676 558,2698"/>
        <Baseline points="558,2698 2028,2694"/>
        <TextEquiv>
          <Unicode></Unicode>
        </TextEquiv>
      </TextLine>
      <TextLine id="eSc_line_1030037b" custom="structure {type:default;}">
        <Coords points="143,2737 143,2773 205,2795 206,2795 208,2795 292,2782 340,2775 423,2775 442,2790 447,2795 449,2795 451,2795 452,2797 543,2797 543,2737 543,2703 521,2696 519,2696 517,2696 480,2703 469,2705 464,2703 440,2693 439,2693 437,2693 435,2693 416,2701 413,2705 408,2701 391,2691 389,2691 387,2691 386,2691 292,2693 290,2693 288,2693 288,2694 281,2700 276,2706 242,2706 234,2698 225,2691 223,2691 222,2691 220,2691 143,2696 143,2737"/>
        <Baseline points="143,2737 543,2737"/>
        <TextEquiv>
          <Unicode></Unicode>
        </TextEquiv>
      </TextLine>
      <TextLine id="eSc_line_857dadcc" custom="structure {type:default;}">
        <Coords points="1773,2744 1777,2792 1816,2794 1814,2741 1809,2708 1768,2710 1773,2744"/>
        <Baseline points="1773,2744 1814,2741"/>
        <TextEquiv>
          <Unicode></Unicode>
        </TextEquiv>
      </TextLine>
    </TextRegion>
    <TextRegion id="eSc_textblock_a434a5eb"  custom="structure {type:default;}">
      <Coords points="909,123 1350,129 1363,189 717,189 745,129 909,123"/>
      <TextLine id="eSc_line_cf92c1e3" custom="structure {type:default;}">
        <Coords points="1285,128 1268,128 1250,128 1245,126 1237,133 1196,126 1182,126 1174,126 1126,135 956,126 955,126 953,126 917,135 892,124 890,124 888,124 825,124 823,126 815,126 813,126 811,126 811,128 801,136 789,128 789,126 772,128 755,128 738,140 739,181 739,196 1047,205 1049,205 1081,199 1119,194 1156,201 1184,205 1185,205 1204,201 1240,193 1256,201 1257,203 1259,203 1261,203 1262,203 1336,201 1336,174 1332,135 1297,128 1285,128"/>
        <Baseline points="739,181 1336,174"/>
        <TextEquiv>
          <Unicode></Unicode>
        </TextEquiv>
      </TextLine>
    </TextRegion>
    <TextRegion id="eSc_textblock_1641b774"  custom="structure {type:default;}">
      <Coords points="1968,129 2025,136 2038,189 1924,196 1924,143 1968,129"/>
      <TextLine id="eSc_line_94e6b399" custom="structure {type:default;}">
        <Coords points="1999,133 1982,131 1965,129 1948,135 1931,140 1934,179 1937,246 2023,246 2019,174 2016,135 1999,133"/>
        <Baseline points="1934,179 2019,174"/>
        <TextEquiv>
          <Unicode></Unicode>
        </TextEquiv>
      </TextLine>
    </TextRegion>
  </Page>
</PcGts>
