<?xml version="1.0" encoding="UTF-8"  standalone="yes"?>
<PcGts xmlns="http://schema.primaresearch.org/PAGE/gts/pagecontent/2019-07-15" xmlns:xsi="http://www.w3.org/2001/XMLSchema-instance" xsi:schemaLocation="http://schema.primaresearch.org/PAGE/gts/pagecontent/2019-07-15 http://schema.primaresearch.org/PAGE/gts/pagecontent/2019-07-15/pagecontent.xsd">
  <Metadata externalRef="pdf//regestapontificu01cath.pdf">
	<Creator>escriptorium</Creator>
	<Created>2026-02-12T11:24:25.702327+00:00</Created>
        <LastChange>2026-02-13T10:15:11.231551+00:00</LastChange>
  </Metadata>
  <Page imageFilename="regestapontificu01cath.pdf_page_107.png" imageWidth="2260" imageHeight="3076">
    <TextRegion id="eSc_textblock_c80795ad"  custom="structure {type:default;}">
      <Coords points="1071,218 2054,225 2048,2240 2020,2718 1837,2718 1795,2753 512,2718 478,2534 485,2310 403,2274 437,2255 403,2254 403,2221 355,2213 335,2178 321,1845 287,1816 280,1871 264,1768 244,2349 143,2356 68,2288 61,977 82,962 68,321 88,246 109,225 1071,218"/>
      <TextLine id="eSc_line_91b2a4b9" custom="structure {type:default;}">
        <Coords points="492,271 492,293 875,299 878,264 873,230 490,234 492,271"/>
        <Baseline points="492,271 878,264"/>
        <TextEquiv>
          <Unicode></Unicode>
        </TextEquiv>
      </TextLine>
      <TextLine id="eSc_line_cb758bdd" custom="structure {type:default;}">
        <Coords points="100,321 100,365 256,365 256,321 256,273 196,261 194,261 193,261 169,273 162,266 162,264 160,264 158,264 157,264 100,271 100,321"/>
        <Baseline points="100,321 256,321"/>
        <TextEquiv>
          <Unicode></Unicode>
        </TextEquiv>
      </TextLine>
      <TextLine id="eSc_line_deffbf25" custom="structure {type:default;}">
        <Coords points="517,321 517,346 2032,345 2034,317 2032,278 2005,268 2003,268 2001,268 1900,278 1866,281 1834,278 1733,268 1369,268 1367,268 1365,268 1318,281 1314,283 1220,283 1215,281 1176,270 1174,270 947,270 945,270 943,270 895,283 895,285 844,285 620,285 605,275 603,275 601,275 600,275 516,285 517,321"/>
        <Baseline points="517,321 2034,317"/>
        <TextEquiv>
          <Unicode></Unicode>
        </TextEquiv>
      </TextLine>
      <TextLine id="eSc_line_f3ba147b" custom="structure {type:default;}">
        <Coords points="559,362 559,386 2029,382 2030,362 2029,338 559,338 559,362"/>
        <Baseline points="559,362 2030,362"/>
        <TextEquiv>
          <Unicode></Unicode>
        </TextEquiv>
      </TextLine>
      <TextLine id="eSc_line_f9080798" custom="structure {type:default;}">
        <Coords points="559,405 559,428 2030,428 2032,405 2030,381 559,381 559,405"/>
        <Baseline points="559,405 2032,405"/>
        <TextEquiv>
          <Unicode></Unicode>
        </TextEquiv>
      </TextLine>
      <TextLine id="eSc_line_2e548122" custom="structure {type:default;}">
        <Coords points="559,447 559,464 666,475 668,475 781,466 818,464 945,468 1150,473 1152,473 1208,469 1273,464 1299,469 1316,473 1318,473 1319,473 1330,469 1353,463 1430,469 1463,473 1465,473 1466,473 1477,471 1506,463 1535,471 1543,473 1545,473 1547,475 2032,475 2034,444 2030,420 1295,411 1294,411 1112,420 593,413 591,413 589,413 557,422 559,447"/>
        <Baseline points="559,447 2034,444"/>
        <TextEquiv>
          <Unicode></Unicode>
        </TextEquiv>
      </TextLine>
      <TextLine id="eSc_line_e50cbb36" custom="structure {type:default;}">
        <Coords points="555,490 555,510 718,519 719,519 721,519 736,510 741,509 757,510 810,519 812,519 813,519 815,519 827,510 832,509 945,509 950,510 964,517 965,517 967,517 1003,510 1020,507 1118,507 1126,510 1140,517 1141,517 1143,517 1947,507 1948,485 1945,461 553,461 555,490"/>
        <Baseline points="555,490 1948,485"/>
        <TextEquiv>
          <Unicode></Unicode>
        </TextEquiv>
      </TextLine>
      <TextLine id="eSc_line_77d0c1de" custom="structure {type:default;}">
        <Coords points="517,540 517,569 2034,562 2034,534 2030,512 533,507 531,507 529,507 528,507 516,512 517,540"/>
        <Baseline points="517,540 2034,534"/>
        <TextEquiv>
          <Unicode></Unicode>
        </TextEquiv>
      </TextLine>
      <TextLine id="eSc_line_63b35f2b" custom="structure {type:default;}">
        <Coords points="124,541 124,577 251,575 251,538 246,490 123,492 124,541"/>
        <Baseline points="124,541 251,538"/>
        <TextEquiv>
          <Unicode></Unicode>
        </TextEquiv>
      </TextLine>
      <TextLine id="eSc_line_1e7072f6" custom="structure {type:default;}">
        <Coords points="555,584 555,601 2030,598 2032,577 2029,551 553,551 555,584"/>
        <Baseline points="555,584 2032,577"/>
        <TextEquiv>
          <Unicode></Unicode>
        </TextEquiv>
      </TextLine>
      <TextLine id="eSc_line_d14dfc17" custom="structure {type:default;}">
        <Coords points="553,625 553,640 2030,649 2032,625 2032,603 553,603 553,625"/>
        <Baseline points="553,625 2032,625"/>
        <TextEquiv>
          <Unicode></Unicode>
        </TextEquiv>
      </TextLine>
      <TextLine id="eSc_line_ffa42ebe" custom="structure {type:default;}">
        <Coords points="555,666 555,688 2025,685 2027,666 2025,642 555,637 555,666"/>
        <Baseline points="555,666 2027,666"/>
        <TextEquiv>
          <Unicode></Unicode>
        </TextEquiv>
      </TextLine>
      <TextLine id="eSc_line_bad0e2f5" custom="structure {type:default;}">
        <Coords points="555,710 555,733 603,726 639,731 665,734 666,734 668,734 688,729 712,724 735,727 769,734 770,734 849,726 851,726 933,733 935,733 936,733 982,721 982,705 977,680 553,683 555,710"/>
        <Baseline points="555,710 982,705"/>
        <TextEquiv>
          <Unicode></Unicode>
        </TextEquiv>
      </TextLine>
      <TextLine id="eSc_line_e39d3ba1" custom="structure {type:default;}">
        <Coords points="516,757 514,775 523,782 524,782 526,782 528,782 1099,777 1261,775 1268,779 1282,784 1283,784 1285,786 2030,786 2032,760 2030,727 1507,717 1506,717 1504,717 1485,727 1480,731 1408,731 1383,727 1307,717 1306,717 1304,717 1282,727 1278,727 1261,727 1171,719 1169,719 1167,719 1152,727 1148,729 627,729 623,727 601,716 600,716 598,716 596,716 574,727 516,727 516,757"/>
        <Baseline points="516,757 2032,760"/>
        <TextEquiv>
          <Unicode></Unicode>
        </TextEquiv>
      </TextLine>
      <TextLine id="eSc_line_6e5d74ed" custom="structure {type:default;}">
        <Coords points="123,760 123,801 251,787 251,755 247,705 200,704 198,704 196,704 194,704 167,721 150,731 121,731 123,760"/>
        <Baseline points="123,760 251,755"/>
        <TextEquiv>
          <Unicode></Unicode>
        </TextEquiv>
      </TextLine>
      <TextLine id="eSc_line_ceed9b10" custom="structure {type:default;}">
        <Coords points="553,803 553,821 641,821 642,821 656,830 658,830 659,830 661,830 707,821 723,820 1046,820 1061,825 1090,832 1092,832 1094,832 1095,832 1119,825 1141,820 1323,827 1376,828 1377,828 1396,827 1487,820 1502,828 1506,832 1507,832 1509,832 1511,832 1512,832 1521,828 1540,820 1601,828 1622,832 1624,833 1753,833 1753,832 1762,830 1803,821 1841,832 1844,832 1846,832 1848,833 2030,833 2030,803 2030,777 553,777 553,803"/>
        <Baseline points="553,803 2030,803"/>
        <TextEquiv>
          <Unicode></Unicode>
        </TextEquiv>
      </TextLine>
      <TextLine id="eSc_line_78b21ab8" custom="structure {type:default;}">
        <Coords points="553,845 553,871 634,871 634,869 635,869 637,869 658,859 760,859 769,866 772,869 772,871 774,871 776,871 777,871 832,866 899,859 926,864 947,868 948,868 950,868 965,864 989,857 1034,857 1039,862 1046,868 1046,869 1047,869 1049,869 1051,871 1121,871 1121,869 1123,869 1143,861 1152,857 1159,861 1172,866 1174,866 1377,869 1379,869 1381,869 1425,856 1425,842 1422,816 560,813 559,813 557,813 555,813 555,815 553,815 552,815 553,845"/>
        <Baseline points="553,845 1425,842"/>
        <TextEquiv>
          <Unicode></Unicode>
        </TextEquiv>
      </TextLine>
      <TextLine id="eSc_line_80db637e" custom="structure {type:default;}">
        <Coords points="124,895 126,941 160,931 189,934 230,941 232,941 234,941 235,941 249,931 249,895 249,856 235,844 235,842 234,842 232,842 230,842 124,854 124,895"/>
        <Baseline points="124,895 249,895"/>
        <TextEquiv>
          <Unicode></Unicode>
        </TextEquiv>
      </TextLine>
      <TextLine id="eSc_line_65fb0150" custom="structure {type:default;}">
        <Coords points="512,895 512,915 947,924 948,924 950,924 969,919 981,915 1003,919 1042,924 1044,924 1046,924 1061,919 1073,915 1104,919 1145,924 1147,924 1225,919 1323,914 1565,921 1627,922 1629,922 1630,922 1636,921 1663,914 1683,922 1687,922 1689,922 1690,924 1885,924 1885,922 1889,922 1926,914 1938,922 1940,922 1942,922 1943,924 2029,924 2030,892 2025,868 1613,868 1608,866 1584,856 1583,856 1526,856 1524,856 1523,856 1497,866 1492,868 1456,866 1330,859 1328,859 1326,859 1309,866 1304,868 1300,866 1275,856 1273,856 1271,856 1225,857 1224,857 1222,857 1210,866 1205,869 1174,866 1121,859 1119,859 991,866 974,866 972,866 960,857 959,857 957,857 847,857 846,857 844,857 829,866 822,869 815,866 808,861 806,861 805,861 803,861 770,866 752,868 748,866 736,857 735,857 733,857 731,857 511,864 512,895"/>
        <Baseline points="512,895 2030,892"/>
        <TextEquiv>
          <Unicode></Unicode>
        </TextEquiv>
      </TextLine>
      <TextLine id="eSc_line_8935891b" custom="structure {type:default;}">
        <Coords points="557,938 557,955 2030,962 2032,938 2030,912 557,912 557,938"/>
        <Baseline points="557,938 2032,938"/>
        <TextEquiv>
          <Unicode></Unicode>
        </TextEquiv>
      </TextLine>
      <TextLine id="eSc_line_8debbd1a" custom="structure {type:default;}">
        <Coords points="557,982 557,1001 2027,996 2029,979 2024,951 555,953 557,982"/>
        <Baseline points="557,982 2029,979"/>
        <TextEquiv>
          <Unicode></Unicode>
        </TextEquiv>
      </TextLine>
      <TextLine id="eSc_line_5443e647" custom="structure {type:default;}">
        <Coords points="553,1021 553,1047 2029,1045 2029,1021 2029,999 553,997 553,1021"/>
        <Baseline points="553,1021 2029,1021"/>
        <TextEquiv>
          <Unicode></Unicode>
        </TextEquiv>
      </TextLine>
      <TextLine id="eSc_line_0e13f02f" custom="structure {type:default;}">
        <Coords points="553,1064 553,1083 2029,1086 2032,1061 2027,1037 552,1039 553,1064"/>
        <Baseline points="553,1064 2032,1061"/>
        <TextEquiv>
          <Unicode></Unicode>
        </TextEquiv>
      </TextLine>
      <TextLine id="eSc_line_ee47ae82" custom="structure {type:default;}">
        <Coords points="553,1103 552,1119 579,1131 581,1131 582,1131 682,1122 712,1131 714,1131 716,1131 818,1122 823,1122 846,1122 1212,1131 1213,1131 1247,1126 1273,1122 1297,1126 1331,1132 1333,1132 1335,1132 1357,1127 1371,1124 1400,1127 1441,1132 1442,1132 1538,1129 1651,1124 2025,1132 2029,1107 2025,1078 553,1078 553,1103"/>
        <Baseline points="553,1103 2029,1107"/>
        <TextEquiv>
          <Unicode></Unicode>
        </TextEquiv>
      </TextLine>
      <TextLine id="eSc_line_b1c5a5b6" custom="structure {type:default;}">
        <Coords points="559,1150 559,1167 699,1177 700,1177 702,1177 719,1168 747,1177 748,1177 750,1177 912,1168 1061,1177 1063,1177 1118,1168 1871,1177 1873,1177 1919,1167 1919,1150 1919,1124 559,1121 559,1150"/>
        <Baseline points="559,1150 1919,1150"/>
        <TextEquiv>
          <Unicode></Unicode>
        </TextEquiv>
      </TextLine>
      <TextLine id="eSc_line_322c41da" custom="structure {type:default;}">
        <Coords points="511,1199 511,1221 986,1230 988,1230 1056,1221 1058,1221 1083,1230 1085,1230 1087,1230 1088,1230 1119,1221 1121,1221 1227,1230 1229,1230 1230,1230 1232,1230 1247,1221 1974,1228 1976,1228 2029,1218 2030,1196 2025,1172 509,1174 511,1199"/>
        <Baseline points="511,1199 2030,1196"/>
        <TextEquiv>
          <Unicode></Unicode>
        </TextEquiv>
      </TextLine>
      <TextLine id="eSc_line_21b985da" custom="structure {type:default;}">
        <Coords points="100,1201 100,1233 169,1233 174,1237 186,1247 188,1247 189,1247 191,1247 242,1238 242,1197 237,1146 200,1148 198,1148 196,1148 196,1150 193,1151 177,1165 99,1165 100,1201"/>
        <Baseline points="100,1201 242,1197"/>
        <TextEquiv>
          <Unicode></Unicode>
        </TextEquiv>
      </TextLine>
      <TextLine id="eSc_line_443a5c24" custom="structure {type:default;}">
        <Coords points="552,1244 552,1266 2029,1267 2030,1244 2029,1218 552,1218 552,1244"/>
        <Baseline points="552,1244 2030,1244"/>
        <TextEquiv>
          <Unicode></Unicode>
        </TextEquiv>
      </TextLine>
      <TextLine id="eSc_line_149f0a41" custom="structure {type:default;}">
        <Coords points="553,1286 553,1312 596,1303 924,1310 991,1310 993,1310 1006,1309 1063,1302 2025,1302 2027,1281 2024,1259 1104,1252 1102,1252 552,1262 553,1286"/>
        <Baseline points="553,1286 2027,1281"/>
        <TextEquiv>
          <Unicode></Unicode>
        </TextEquiv>
      </TextLine>
      <TextLine id="eSc_line_a2069b0b" custom="structure {type:default;}">
        <Coords points="553,1331 553,1351 815,1348 865,1351 914,1356 916,1356 918,1356 935,1351 960,1346 1065,1351 1118,1355 1119,1355 1150,1351 1213,1346 1263,1351 1287,1355 1288,1355 1383,1351 1666,1343 2022,1351 2025,1324 2020,1303 552,1309 553,1331"/>
        <Baseline points="553,1331 2025,1324"/>
        <TextEquiv>
          <Unicode></Unicode>
        </TextEquiv>
      </TextLine>
      <TextLine id="eSc_line_db917324" custom="structure {type:default;}">
        <Coords points="552,1372 552,1385 810,1396 812,1396 888,1387 900,1387 909,1387 952,1396 953,1396 955,1396 984,1389 991,1387 998,1389 1030,1396 1032,1396 1157,1389 1205,1387 2025,1392 2027,1372 2027,1346 552,1346 552,1372"/>
        <Baseline points="552,1372 2027,1372"/>
        <TextEquiv>
          <Unicode></Unicode>
        </TextEquiv>
      </TextLine>
      <TextLine id="eSc_line_dea9f66c" custom="structure {type:default;}">
        <Coords points="552,1413 552,1440 675,1430 1051,1437 1222,1438 1224,1438 1247,1433 1280,1428 1417,1428 1425,1432 1430,1437 1432,1437 1434,1437 1436,1438 1740,1438 1740,1437 1783,1428 1791,1428 1805,1428 1909,1437 1911,1437 1957,1426 1959,1409 1955,1382 550,1382 552,1413"/>
        <Baseline points="552,1413 1959,1409"/>
        <TextEquiv>
          <Unicode></Unicode>
        </TextEquiv>
      </TextLine>
      <TextLine id="eSc_line_eeaac8c7" custom="structure {type:default;}">
        <Coords points="117,1464 119,1519 150,1519 152,1519 153,1519 153,1517 157,1514 167,1505 179,1510 196,1519 198,1519 200,1519 201,1519 242,1498 242,1459 237,1430 116,1430 117,1464"/>
        <Baseline points="117,1464 242,1459"/>
        <TextEquiv>
          <Unicode></Unicode>
        </TextEquiv>
      </TextLine>
      <TextLine id="eSc_line_7e91812e" custom="structure {type:default;}">
        <Coords points="511,1466 511,1483 2030,1476 2030,1461 2025,1432 509,1432 511,1466"/>
        <Baseline points="511,1466 2030,1461"/>
        <TextEquiv>
          <Unicode></Unicode>
        </TextEquiv>
      </TextLine>
      <TextLine id="eSc_line_a4d34e58" custom="structure {type:default;}">
        <Coords points="552,1508 552,1527 847,1536 849,1536 851,1536 883,1527 1046,1534 1047,1534 1090,1526 1111,1534 1112,1534 1114,1536 1270,1536 1270,1534 1271,1534 1290,1524 1292,1524 1311,1532 1312,1532 1314,1532 1560,1524 1656,1532 1658,1532 1714,1522 1718,1522 1817,1522 1830,1531 1832,1531 1834,1531 1836,1531 1940,1522 2008,1531 2010,1531 2012,1531 2013,1531 2029,1520 2029,1502 2024,1474 550,1478 552,1508"/>
        <Baseline points="552,1508 2029,1502"/>
        <TextEquiv>
          <Unicode></Unicode>
        </TextEquiv>
      </TextLine>
      <TextLine id="eSc_line_27d38c97" custom="structure {type:default;}">
        <Coords points="548,1549 548,1570 1979,1573 1981,1573 2029,1563 2029,1546 2024,1522 547,1522 548,1549"/>
        <Baseline points="548,1549 2029,1546"/>
        <TextEquiv>
          <Unicode></Unicode>
        </TextEquiv>
      </TextLine>
      <TextLine id="eSc_line_63fb495f" custom="structure {type:default;}">
        <Coords points="552,1590 552,1608 1854,1602 1856,1585 1853,1563 550,1563 552,1590"/>
        <Baseline points="552,1590 1856,1585"/>
        <TextEquiv>
          <Unicode></Unicode>
        </TextEquiv>
      </TextLine>
      <TextLine id="eSc_line_1a53adbe" custom="structure {type:default;}">
        <Coords points="511,1633 511,1654 1088,1662 1090,1662 1141,1654 1153,1662 1155,1662 1157,1662 1159,1664 1268,1664 1268,1662 1270,1662 1271,1662 1285,1652 1287,1652 1299,1652 1389,1661 1391,1661 1393,1661 1420,1652 1424,1652 1427,1652 1471,1661 1473,1662 1618,1662 1618,1661 1620,1661 1622,1661 1634,1652 1668,1661 1670,1661 1671,1662 1824,1662 1824,1661 1825,1661 1827,1661 1841,1652 1995,1661 1996,1661 1998,1661 2027,1650 2027,1630 2024,1609 509,1606 511,1633"/>
        <Baseline points="511,1633 2027,1630"/>
        <TextEquiv>
          <Unicode></Unicode>
        </TextEquiv>
      </TextLine>
      <TextLine id="eSc_line_aaf8248b" custom="structure {type:default;}">
        <Coords points="550,1678 550,1696 2024,1698 2027,1673 2022,1647 548,1650 550,1678"/>
        <Baseline points="550,1678 2027,1673"/>
        <TextEquiv>
          <Unicode></Unicode>
        </TextEquiv>
      </TextLine>
      <TextLine id="eSc_line_c13f5880" custom="structure {type:default;}">
        <Coords points="548,1720 548,1737 676,1737 678,1737 695,1748 697,1748 699,1748 700,1748 856,1739 912,1748 914,1748 916,1748 936,1739 940,1737 1215,1737 1220,1741 1230,1748 1232,1748 1234,1748 1235,1749 1314,1749 1314,1748 1316,1748 1318,1748 1328,1741 1333,1737 1350,1741 1381,1748 1383,1749 1500,1749 1500,1748 1502,1748 1521,1743 1538,1737 1651,1737 1661,1743 1668,1748 1670,1748 1671,1748 1673,1749 1755,1749 1755,1748 1757,1748 1765,1744 1777,1737 1825,1744 1854,1748 1856,1748 1858,1748 1871,1744 1899,1737 1928,1744 1942,1748 1943,1748 1945,1748 2027,1744 2027,1720 2027,1696 548,1695 548,1720"/>
        <Baseline points="548,1720 2027,1720"/>
        <TextEquiv>
          <Unicode></Unicode>
        </TextEquiv>
      </TextLine>
      <TextLine id="eSc_line_cdeb906d" custom="structure {type:default;}">
        <Coords points="547,1761 547,1780 700,1789 702,1789 750,1780 752,1780 753,1780 841,1787 842,1787 844,1787 859,1778 861,1778 868,1778 931,1787 933,1787 935,1787 936,1787 936,1785 945,1778 1003,1778 1005,1778 1056,1787 1058,1787 1059,1787 1090,1777 1090,1758 1087,1737 817,1729 815,1729 813,1729 812,1729 800,1737 557,1731 555,1731 553,1731 552,1731 545,1734 547,1761"/>
        <Baseline points="547,1761 1090,1758"/>
        <TextEquiv>
          <Unicode></Unicode>
        </TextEquiv>
      </TextLine>
      <TextLine id="eSc_line_be974c5d" custom="structure {type:default;}">
        <Coords points="509,1804 509,1823 2025,1819 2027,1799 2024,1773 507,1770 509,1804"/>
        <Baseline points="509,1804 2027,1799"/>
        <TextEquiv>
          <Unicode></Unicode>
        </TextEquiv>
      </TextLine>
      <TextLine id="eSc_line_c4e8b43e" custom="structure {type:default;}">
        <Coords points="548,1849 548,1867 2017,1869 2020,1845 2017,1823 547,1818 548,1849"/>
        <Baseline points="548,1849 2020,1845"/>
        <TextEquiv>
          <Unicode></Unicode>
        </TextEquiv>
      </TextLine>
      <TextLine id="eSc_line_c3fd7e71" custom="structure {type:default;}">
        <Coords points="547,1891 547,1908 979,1917 981,1917 982,1917 984,1917 993,1910 1000,1907 1189,1907 1208,1912 1222,1915 1224,1915 1225,1915 1249,1912 1282,1907 1318,1912 1341,1915 1343,1915 1345,1915 1357,1912 1376,1907 1468,1912 1519,1915 1521,1915 1523,1915 1524,1915 1528,1912 1540,1905 1654,1913 1671,1913 1673,1913 1700,1913 1924,1905 2020,1913 2024,1886 2018,1864 545,1866 547,1891"/>
        <Baseline points="547,1891 2024,1886"/>
        <TextEquiv>
          <Unicode></Unicode>
        </TextEquiv>
      </TextLine>
      <TextLine id="eSc_line_6f68da20" custom="structure {type:default;}">
        <Coords points="545,1934 545,1949 769,1958 770,1958 823,1949 830,1949 835,1949 868,1958 870,1958 871,1958 873,1958 875,1958 887,1949 888,1949 1001,1949 1008,1949 1053,1958 1054,1958 1138,1949 1148,1949 1160,1949 1282,1958 1283,1958 1343,1949 1360,1948 1391,1949 1490,1956 1492,1956 2022,1948 2024,1931 2020,1905 543,1901 545,1934"/>
        <Baseline points="545,1934 2024,1931"/>
        <TextEquiv>
          <Unicode></Unicode>
        </TextEquiv>
      </TextLine>
      <TextLine id="eSc_line_7ac84cdb" custom="structure {type:default;}">
        <Coords points="547,1973 547,1989 601,1989 613,1999 613,2001 615,2001 617,2001 618,2001 687,1990 699,2001 699,2002 700,2002 702,2002 704,2002 747,1994 757,2002 759,2002 760,2002 762,2004 885,2004 885,2002 887,2002 888,2002 888,2001 902,1989 926,1989 926,1973 926,1953 547,1948 547,1973"/>
        <Baseline points="547,1973 926,1973"/>
        <TextEquiv>
          <Unicode></Unicode>
        </TextEquiv>
      </TextLine>
      <TextLine id="eSc_line_ec3ff9ac" custom="structure {type:default;}">
        <Coords points="506,2016 506,2036 2024,2038 2025,2013 2022,1987 504,1987 506,2016"/>
        <Baseline points="506,2016 2025,2013"/>
        <TextEquiv>
          <Unicode></Unicode>
        </TextEquiv>
      </TextLine>
      <TextLine id="eSc_line_cf96ab62" custom="structure {type:default;}">
        <Coords points="545,2059 545,2078 2022,2078 2022,2059 2020,2030 545,2030 545,2059"/>
        <Baseline points="545,2059 2022,2059"/>
        <TextEquiv>
          <Unicode></Unicode>
        </TextEquiv>
      </TextLine>
      <TextLine id="eSc_line_144f3692" custom="structure {type:default;}">
        <Coords points="547,2101 547,2127 2020,2122 2022,2096 2017,2074 545,2079 547,2101"/>
        <Baseline points="547,2101 2022,2096"/>
        <TextEquiv>
          <Unicode></Unicode>
        </TextEquiv>
      </TextLine>
      <TextLine id="eSc_line_a0b6c651" custom="structure {type:default;}">
        <Coords points="545,2144 545,2165 815,2175 817,2175 878,2165 880,2165 902,2175 904,2175 906,2175 986,2165 998,2175 1000,2175 1001,2175 1003,2177 1087,2177 1087,2175 1167,2163 1176,2163 1189,2173 1191,2173 1193,2173 1194,2173 1196,2173 1220,2163 1224,2163 1227,2163 1263,2173 1265,2173 1266,2175 1307,2175 1307,2173 1309,2173 1311,2173 1321,2163 1323,2163 1324,2163 1369,2173 1371,2173 1439,2163 1442,2163 1463,2173 1465,2173 1466,2173 1646,2163 1673,2173 1675,2173 1677,2173 1728,2161 1730,2141 1724,2119 543,2120 545,2144"/>
        <Baseline points="545,2144 1730,2141"/>
        <TextEquiv>
          <Unicode></Unicode>
        </TextEquiv>
      </TextLine>
      <TextLine id="eSc_line_614e50c9" custom="structure {type:default;}">
        <Coords points="480,2213 480,2236 490,2245 492,2245 494,2245 495,2245 617,2235 634,2247 635,2247 637,2247 639,2248 921,2248 921,2247 923,2247 924,2247 933,2238 933,2213 933,2178 906,2168 904,2168 902,2168 798,2180 796,2180 779,2168 777,2168 776,2168 637,2165 635,2165 634,2165 632,2165 610,2182 582,2182 555,2166 553,2166 504,2165 502,2165 500,2165 499,2165 480,2177 480,2213"/>
        <Baseline points="480,2213 933,2213"/>
        <TextEquiv>
          <Unicode></Unicode>
        </TextEquiv>
      </TextLine>
      <TextLine id="eSc_line_8f123a37" custom="structure {type:default;}">
        <Coords points="242,2219 135,2204 133,2204 131,2204 121,2209 104,2219 92,2207 88,2269 88,2341 129,2341 129,2339 131,2339 133,2339 145,2329 162,2315 244,2308 244,2269 244,2250 242,2219"/>
        <Baseline points="88,2269 244,2269"/>
        <TextEquiv>
          <Unicode></Unicode>
        </TextEquiv>
      </TextLine>
      <TextLine id="eSc_line_d56d704d" custom="structure {type:default;}">
        <Coords points="507,2269 507,2289 2020,2289 2020,2269 2020,2243 1935,2243 1933,2242 1923,2233 1921,2233 1919,2233 1918,2233 1333,2238 854,2242 639,2233 617,2233 615,2233 612,2233 572,2242 507,2233 507,2269"/>
        <Baseline points="507,2269 2020,2269"/>
        <TextEquiv>
          <Unicode></Unicode>
        </TextEquiv>
      </TextLine>
      <TextLine id="eSc_line_e6be3eae" custom="structure {type:default;}">
        <Coords points="545,2312 545,2330 2020,2330 2020,2312 2020,2286 545,2286 545,2312"/>
        <Baseline points="545,2312 2020,2312"/>
        <TextEquiv>
          <Unicode></Unicode>
        </TextEquiv>
      </TextLine>
      <TextLine id="eSc_line_9d461fdd" custom="structure {type:default;}">
        <Coords points="545,2356 545,2380 2017,2373 2018,2353 2013,2332 543,2334 545,2356"/>
        <Baseline points="545,2356 2018,2353"/>
        <TextEquiv>
          <Unicode></Unicode>
        </TextEquiv>
      </TextLine>
      <TextLine id="eSc_line_fd8a311c" custom="structure {type:default;}">
        <Coords points="545,2399 545,2423 2017,2414 2018,2395 2013,2371 543,2371 545,2399"/>
        <Baseline points="545,2399 2018,2395"/>
        <TextEquiv>
          <Unicode></Unicode>
        </TextEquiv>
      </TextLine>
      <TextLine id="eSc_line_a6bdf5e2" custom="structure {type:default;}">
        <Coords points="545,2440 545,2455 606,2467 608,2467 731,2457 736,2457 741,2457 839,2467 841,2467 938,2457 948,2457 953,2457 988,2467 989,2467 991,2467 1077,2459 1090,2457 1095,2459 1116,2465 1118,2465 1119,2465 1182,2459 1196,2457 1200,2459 1212,2467 1213,2467 1215,2467 1217,2469 1323,2469 1323,2467 1324,2467 1326,2467 1336,2459 1340,2457 1353,2459 1405,2467 1406,2467 1408,2467 1430,2459 1437,2457 1458,2459 1519,2467 1521,2467 1523,2467 1548,2460 1560,2457 2015,2460 2018,2440 2017,2416 545,2416 545,2440"/>
        <Baseline points="545,2440 2018,2440"/>
        <TextEquiv>
          <Unicode></Unicode>
        </TextEquiv>
      </TextLine>
      <TextLine id="eSc_line_739380ee" custom="structure {type:default;}">
        <Coords points="548,2483 548,2500 668,2500 688,2508 690,2508 692,2508 694,2508 695,2508 695,2506 704,2498 706,2498 738,2506 740,2506 741,2506 806,2498 810,2498 812,2498 847,2510 849,2510 851,2510 916,2498 918,2498 991,2510 993,2510 994,2510 1015,2498 1029,2506 1030,2506 1032,2506 1034,2506 1174,2496 1186,2496 1198,2506 1198,2508 1200,2508 1201,2508 1203,2510 1374,2510 1374,2508 1424,2496 1436,2506 1436,2508 1437,2508 1439,2508 1441,2510 1538,2510 1538,2508 1540,2508 1581,2494 1581,2479 1577,2459 1509,2459 1509,2457 1500,2450 1500,2448 1499,2448 1497,2448 1495,2448 1494,2448 1465,2457 1463,2459 1249,2459 1244,2455 1230,2448 1229,2448 1227,2448 1225,2448 1224,2448 1217,2455 1213,2459 1121,2459 1111,2455 1090,2448 1088,2448 1087,2448 1085,2448 1070,2455 1059,2459 1049,2453 1037,2450 1035,2450 1034,2450 1032,2450 1030,2450 1025,2453 1020,2459 1001,2453 986,2450 984,2450 982,2450 981,2450 972,2453 962,2459 947,2453 935,2450 933,2450 931,2450 929,2450 923,2453 912,2459 547,2452 548,2483"/>
        <Baseline points="548,2483 1581,2479"/>
        <TextEquiv>
          <Unicode></Unicode>
        </TextEquiv>
      </TextLine>
      <TextLine id="eSc_line_a927cf52" custom="structure {type:default;}">
        <Coords points="506,2517 504,2544 2017,2544 2018,2524 2017,2493 1810,2486 1808,2486 1781,2489 1721,2500 1700,2489 1694,2486 1692,2486 1610,2484 1608,2484 1581,2488 1516,2498 723,2488 721,2488 589,2494 506,2479 506,2517"/>
        <Baseline points="506,2517 2018,2524"/>
        <TextEquiv>
          <Unicode></Unicode>
        </TextEquiv>
      </TextLine>
      <TextLine id="eSc_line_6fa41522" custom="structure {type:default;}">
        <Coords points="547,2566 547,2582 605,2592 606,2592 718,2583 750,2592 752,2592 753,2594 834,2594 834,2592 835,2592 837,2592 849,2583 870,2592 871,2592 873,2592 2015,2582 2015,2566 2015,2542 1755,2532 1753,2532 1654,2541 1647,2541 1644,2541 1601,2532 1600,2532 1535,2541 1528,2541 1523,2541 1485,2532 1483,2532 1424,2541 1415,2541 1408,2541 1365,2532 1364,2532 1297,2541 1285,2541 1280,2541 1254,2532 1253,2532 1251,2532 1249,2532 1227,2539 1222,2541 547,2539 547,2566"/>
        <Baseline points="547,2566 2015,2566"/>
        <TextEquiv>
          <Unicode></Unicode>
        </TextEquiv>
      </TextLine>
      <TextLine id="eSc_line_43f15c13" custom="structure {type:default;}">
        <Coords points="545,2609 545,2633 2012,2629 2013,2606 2008,2583 543,2583 545,2609"/>
        <Baseline points="545,2609 2013,2606"/>
        <TextEquiv>
          <Unicode></Unicode>
        </TextEquiv>
      </TextLine>
      <TextLine id="eSc_line_95d4aa74" custom="structure {type:default;}">
        <Coords points="547,2648 545,2670 2006,2674 2010,2652 2008,2626 547,2621 547,2648"/>
        <Baseline points="547,2648 2010,2652"/>
        <TextEquiv>
          <Unicode></Unicode>
        </TextEquiv>
      </TextLine>
      <TextLine id="eSc_line_a4968ec6" custom="structure {type:default;}">
        <Coords points="547,2691 547,2734 605,2734 629,2751 630,2751 632,2751 634,2753 842,2753 842,2751 844,2751 846,2751 866,2734 868,2734 967,2734 969,2734 1003,2751 1005,2751 1006,2751 1114,2739 1135,2747 1136,2747 1138,2747 1212,2739 1309,2751 1311,2751 1369,2739 1388,2751 1389,2751 1391,2751 1393,2751 1465,2749 1466,2749 1468,2749 1485,2735 1490,2734 1596,2734 1612,2737 1663,2747 1665,2747 1666,2747 1668,2747 1678,2739 1678,2691 1678,2669 547,2660 547,2691"/>
        <Baseline points="547,2691 1678,2691"/>
        <TextEquiv>
          <Unicode></Unicode>
        </TextEquiv>
      </TextLine>
      <TextLine id="eSc_line_f357d5ae" custom="structure {type:default;}">
        <Coords points="1779,2782 1805,2778 1795,2730 1784,2694 1757,2693 1769,2737 1779,2782"/>
        <Baseline points="1769,2737 1795,2730"/>
        <TextEquiv>
          <Unicode></Unicode>
        </TextEquiv>
      </TextLine>
    </TextRegion>
    <TextRegion id="eSc_textblock_dc3eb033"  custom="structure {type:default;}">
      <Coords points="969,102 1179,109 1193,162 1165,189 923,182 923,116 969,102"/>
      <TextLine id="eSc_line_2a049ab6" custom="structure {type:default;}">
        <Coords points="935,111 936,157 936,176 1169,181 1172,153 1169,121 1106,121 1100,117 1083,109 1082,109 1080,109 1051,116 1037,117 1018,114 976,104 974,104 936,109 935,111"/>
        <Baseline points="936,157 1172,153"/>
        <TextEquiv>
          <Unicode></Unicode>
        </TextEquiv>
      </TextLine>
    </TextRegion>
    <TextRegion id="eSc_textblock_b50b31c8"  custom="structure {type:default;}">
      <Coords points="1972,116 2048,123 2054,162 1967,182 1953,136 1972,116"/>
      <TextLine id="eSc_line_25b4f392" custom="structure {type:default;}">
        <Coords points="2017,119 2000,117 1989,116 1974,117 1965,121 1965,155 1965,182 2032,174 2032,155 2030,119 2017,119"/>
        <Baseline points="1965,155 2032,155"/>
        <TextEquiv>
          <Unicode></Unicode>
        </TextEquiv>
      </TextLine>
    </TextRegion>
    <TextRegion id="eSc_textblock_8f329747"  custom="structure {type:default;}">
      <Coords points="283,1879 285,1884 280,1884 280,1879 283,1879"/>
    </TextRegion>
    <TextRegion id="eSc_textblock_897fd05c"  custom="structure {type:default;}">
      <Coords points="285,1920 285,1925 280,1925 280,1920 285,1920"/>
    </TextRegion>
    <TextRegion id="eSc_textblock_fd13c955"  custom="structure {type:default;}">
      <Coords points="285,1900 285,1912 280,1912 280,1900 285,1900"/>
    </TextRegion>
    <TextRegion id="eSc_textblock_3d541e42"  custom="structure {type:default;}">
      <Coords points="285,1961 285,1966 280,1966 280,1961 285,1961"/>
    </TextRegion>
  </Page>
</PcGts>
