<?xml version="1.0" encoding="UTF-8"  standalone="yes"?>
<PcGts xmlns="http://schema.primaresearch.org/PAGE/gts/pagecontent/2019-07-15" xmlns:xsi="http://www.w3.org/2001/XMLSchema-instance" xsi:schemaLocation="http://schema.primaresearch.org/PAGE/gts/pagecontent/2019-07-15 http://schema.primaresearch.org/PAGE/gts/pagecontent/2019-07-15/pagecontent.xsd">
  <Metadata externalRef="pdf//regestapontificu01cath.pdf">
	<Creator>escriptorium</Creator>
	<Created>2026-02-12T11:24:48.235898+00:00</Created>
        <LastChange>2026-02-13T10:17:23.960781+00:00</LastChange>
  </Metadata>
  <Page imageFilename="regestapontificu01cath.pdf_page_116.png" imageWidth="2353" imageHeight="3055">
    <TextRegion id="eSc_textblock_75524f9b"  custom="structure {type:default;}">
      <Coords points="286,149 351,156 351,215 285,229 264,208 286,149"/>
      <TextLine id="eSc_line_86802b62" custom="structure {type:default;}">
        <Coords points="288,188 288,217 346,218 348,188 339,156 288,156 288,188"/>
        <Baseline points="288,188 348,188"/>
        <TextEquiv>
          <Unicode></Unicode>
        </TextEquiv>
      </TextLine>
    </TextRegion>
    <TextRegion id="eSc_textblock_dfb8d063"  custom="structure {type:default;}">
      <Coords points="295,244 460,257 468,278 658,251 2264,257 2264,2415 2237,2734 767,2741 713,2713 690,2489 271,2476 258,312 295,244"/>
      <TextLine id="eSc_line_20db8a30" custom="structure {type:default;}">
        <Coords points="701,302 701,329 796,319 881,325 935,329 937,329 938,329 940,329 949,322 959,317 972,322 993,329 994,329 996,330 1098,330 1098,329 1100,329 1101,329 1113,319 1132,329 1134,329 1135,330 1196,330 1196,329 1198,329 1200,329 1217,315 1217,298 1212,264 838,271 821,271 707,261 706,261 704,261 702,261 702,263 701,263 699,263 701,302"/>
        <Baseline points="701,302 1217,298"/>
        <TextEquiv>
          <Unicode></Unicode>
        </TextEquiv>
      </TextLine>
      <TextLine id="eSc_line_98ca4e76" custom="structure {type:default;}">
        <Coords points="719,351 719,366 1673,373 1675,373 2016,364 2157,371 2159,371 2230,361 2230,346 2227,313 1230,307 1229,307 1227,307 1198,315 819,308 818,308 718,317 719,351"/>
        <Baseline points="719,351 2230,346"/>
        <TextEquiv>
          <Unicode></Unicode>
        </TextEquiv>
      </TextLine>
      <TextLine id="eSc_line_62b6f216" custom="structure {type:default;}">
        <Coords points="307,353 307,390 456,371 456,349 451,315 370,324 342,305 341,303 339,303 337,303 305,303 307,353"/>
        <Baseline points="307,353 456,349"/>
        <TextEquiv>
          <Unicode></Unicode>
        </TextEquiv>
      </TextLine>
      <TextLine id="eSc_line_ace5f248" custom="structure {type:default;}">
        <Coords points="760,392 760,412 2223,410 2225,388 2222,368 1495,359 1493,359 1492,359 1490,359 1480,368 794,361 792,361 791,361 758,369 760,392"/>
        <Baseline points="760,392 2225,388"/>
        <TextEquiv>
          <Unicode></Unicode>
        </TextEquiv>
      </TextLine>
      <TextLine id="eSc_line_3b1df2fd" custom="structure {type:default;}">
        <Coords points="760,434 760,454 2225,451 2227,431 2222,407 758,409 760,434"/>
        <Baseline points="760,434 2227,431"/>
        <TextEquiv>
          <Unicode></Unicode>
        </TextEquiv>
      </TextLine>
      <TextLine id="eSc_line_63e7e705" custom="structure {type:default;}">
        <Coords points="762,476 762,492 1232,500 1234,500 1235,500 1261,490 1264,490 1271,490 1324,498 1325,498 1448,490 1456,490 1468,490 1675,498 1677,498 1733,488 1738,488 1740,488 1752,497 1753,497 1755,497 1757,498 2086,498 2086,497 2088,497 2089,497 2101,488 2111,497 2113,497 2115,497 2117,498 2205,498 2205,497 2206,497 2227,487 2227,471 2223,448 774,442 772,442 770,442 769,442 760,448 762,476"/>
        <Baseline points="762,476 2227,471"/>
        <TextEquiv>
          <Unicode></Unicode>
        </TextEquiv>
      </TextLine>
      <TextLine id="eSc_line_6b6d4733" custom="structure {type:default;}">
        <Coords points="762,521 762,541 2223,543 2227,515 2222,493 760,497 762,521"/>
        <Baseline points="762,521 2227,515"/>
        <TextEquiv>
          <Unicode></Unicode>
        </TextEquiv>
      </TextLine>
      <TextLine id="eSc_line_d682594e" custom="structure {type:default;}">
        <Coords points="760,563 760,582 2227,575 2229,556 2223,532 758,536 760,563"/>
        <Baseline points="760,563 2229,556"/>
        <TextEquiv>
          <Unicode></Unicode>
        </TextEquiv>
      </TextLine>
      <TextLine id="eSc_line_3dbf1e27" custom="structure {type:default;}">
        <Coords points="760,602 760,626 2225,616 2227,599 2222,575 758,577 760,602"/>
        <Baseline points="760,602 2227,599"/>
        <TextEquiv>
          <Unicode></Unicode>
        </TextEquiv>
      </TextLine>
      <TextLine id="eSc_line_b40df5a9" custom="structure {type:default;}">
        <Coords points="762,644 762,668 2229,668 2230,641 2225,621 760,621 762,644"/>
        <Baseline points="762,644 2230,641"/>
        <TextEquiv>
          <Unicode></Unicode>
        </TextEquiv>
      </TextLine>
      <TextLine id="eSc_line_24ca2d53" custom="structure {type:default;}">
        <Coords points="762,687 762,714 898,706 2227,707 2230,682 2225,658 760,661 762,687"/>
        <Baseline points="762,687 2230,682"/>
        <TextEquiv>
          <Unicode></Unicode>
        </TextEquiv>
      </TextLine>
      <TextLine id="eSc_line_5d474ff0" custom="structure {type:default;}">
        <Coords points="762,731 762,745 2229,739 2230,726 2227,702 2044,692 2042,692 2040,692 2038,692 2027,700 1741,694 1740,694 1738,694 1736,694 1724,704 1495,704 1387,694 1385,694 1315,702 1261,694 1259,694 1257,694 1256,694 1241,704 894,695 892,695 760,706 762,731"/>
        <Baseline points="762,731 2230,726"/>
        <TextEquiv>
          <Unicode></Unicode>
        </TextEquiv>
      </TextLine>
      <TextLine id="eSc_line_1c372430" custom="structure {type:default;}">
        <Coords points="760,772 760,794 2227,794 2229,768 2223,745 758,748 760,772"/>
        <Baseline points="760,772 2229,768"/>
        <TextEquiv>
          <Unicode></Unicode>
        </TextEquiv>
      </TextLine>
      <TextLine id="eSc_line_76379dd3" custom="structure {type:default;}">
        <Coords points="760,812 760,831 2227,828 2229,809 2223,785 758,787 760,812"/>
        <Baseline points="760,812 2229,809"/>
        <TextEquiv>
          <Unicode></Unicode>
        </TextEquiv>
      </TextLine>
      <TextLine id="eSc_line_c027eeae" custom="structure {type:default;}">
        <Coords points="762,857 762,880 891,872 1047,880 1049,880 1174,872 2227,880 2229,857 2229,833 1665,823 1663,823 1662,823 1643,831 1629,823 1628,823 1626,823 1531,823 1529,823 1527,823 1507,831 1443,823 1441,823 1439,823 1414,833 1242,833 1227,823 1225,823 1224,823 1222,823 762,831 762,857"/>
        <Baseline points="762,857 2229,857"/>
        <TextEquiv>
          <Unicode></Unicode>
        </TextEquiv>
      </TextLine>
      <TextLine id="eSc_line_2ef8ca22" custom="structure {type:default;}">
        <Coords points="762,899 762,921 770,928 772,928 774,928 775,928 845,918 848,918 850,918 938,928 940,928 942,928 971,918 972,918 982,918 1166,926 1168,926 1169,926 1195,918 1217,928 1218,928 1220,928 1300,919 1380,928 1381,928 1383,928 1412,918 1414,918 1492,918 1493,918 1504,928 1505,928 1507,928 1509,930 1852,930 1852,928 1898,918 1898,899 1898,875 762,870 762,899"/>
        <Baseline points="762,899 1898,899"/>
        <TextEquiv>
          <Unicode></Unicode>
        </TextEquiv>
      </TextLine>
      <TextLine id="eSc_line_041b1189" custom="structure {type:default;}">
        <Coords points="701,969 701,994 774,997 775,997 777,997 779,997 787,991 799,982 833,982 847,987 864,996 865,996 867,996 869,996 870,996 870,994 881,987 886,980 971,980 974,982 998,994 999,994 1001,996 1064,996 1064,994 1066,994 1067,994 1089,979 1089,964 1084,935 976,935 974,935 957,923 955,923 954,923 952,923 950,923 918,935 915,936 911,935 876,924 874,924 872,924 870,924 830,936 821,938 814,936 779,926 777,926 707,926 706,926 704,926 702,926 702,928 699,930 701,969"/>
        <Baseline points="701,969 1089,964"/>
        <TextEquiv>
          <Unicode></Unicode>
        </TextEquiv>
      </TextLine>
      <TextLine id="eSc_line_ad013270" custom="structure {type:default;}">
        <Coords points="718,1023 718,1047 2229,1047 2230,1020 2227,996 716,991 718,1023"/>
        <Baseline points="718,1023 2230,1020"/>
        <TextEquiv>
          <Unicode></Unicode>
        </TextEquiv>
      </TextLine>
      <TextLine id="eSc_line_7921dc60" custom="structure {type:default;}">
        <Coords points="300,1025 300,1052 341,1065 342,1065 344,1067 378,1067 378,1065 380,1065 381,1065 381,1064 393,1053 395,1050 402,1053 426,1064 427,1064 429,1064 431,1064 458,1053 458,1021 456,987 405,972 404,972 402,972 400,972 398,972 376,986 344,974 342,974 341,974 339,974 337,974 337,975 324,989 298,989 300,1025"/>
        <Baseline points="300,1025 458,1021"/>
        <TextEquiv>
          <Unicode></Unicode>
        </TextEquiv>
      </TextLine>
      <TextLine id="eSc_line_0265b004" custom="structure {type:default;}">
        <Coords points="760,1067 760,1082 2229,1086 2230,1067 2230,1042 760,1040 760,1067"/>
        <Baseline points="760,1067 2230,1067"/>
        <TextEquiv>
          <Unicode></Unicode>
        </TextEquiv>
      </TextLine>
      <TextLine id="eSc_line_f0fd8bf5" custom="structure {type:default;}">
        <Coords points="762,1108 762,1133 918,1133 918,1132 920,1132 921,1132 932,1123 949,1132 950,1132 952,1132 954,1132 967,1132 1040,1123 1061,1130 1066,1132 1067,1132 1069,1132 1103,1130 1196,1123 1293,1128 1364,1132 1366,1132 1432,1126 1510,1121 1597,1126 1682,1130 1684,1130 1685,1130 1687,1130 1694,1125 1701,1121 1719,1125 1750,1130 1752,1130 2229,1120 2230,1104 2227,1082 779,1076 777,1076 775,1076 760,1082 762,1108"/>
        <Baseline points="762,1108 2230,1104"/>
        <TextEquiv>
          <Unicode></Unicode>
        </TextEquiv>
      </TextLine>
      <TextLine id="eSc_line_60d8bbd8" custom="structure {type:default;}">
        <Coords points="762,1152 762,1172 1410,1167 1507,1174 1539,1176 1541,1176 1556,1174 1606,1167 1709,1174 1738,1176 1740,1176 1760,1174 1852,1165 1865,1174 1867,1174 1869,1174 1870,1176 2032,1176 2032,1174 2033,1174 2064,1165 2076,1174 2077,1174 2079,1174 2081,1176 2230,1176 2232,1147 2227,1125 760,1128 762,1152"/>
        <Baseline points="762,1152 2232,1147"/>
        <TextEquiv>
          <Unicode></Unicode>
        </TextEquiv>
      </TextLine>
      <TextLine id="eSc_line_61efcf22" custom="structure {type:default;}">
        <Coords points="760,1193 760,1211 2227,1215 2230,1189 2225,1164 758,1167 760,1193"/>
        <Baseline points="760,1193 2230,1189"/>
        <TextEquiv>
          <Unicode></Unicode>
        </TextEquiv>
      </TextLine>
      <TextLine id="eSc_line_06e5c740" custom="structure {type:default;}">
        <Coords points="760,1235 760,1254 830,1254 853,1269 855,1269 857,1269 859,1269 860,1269 887,1261 950,1269 952,1269 954,1269 955,1269 974,1252 976,1252 1033,1252 1035,1252 1057,1269 1059,1269 1061,1269 1062,1271 1103,1271 1103,1269 1105,1269 1106,1269 1127,1252 1127,1250 1179,1250 1183,1250 1215,1267 1217,1267 1218,1269 1337,1269 1337,1267 1339,1267 1341,1267 1364,1252 1393,1267 1395,1267 1397,1269 1555,1269 1555,1267 1556,1267 1558,1267 1558,1266 1575,1250 1600,1250 1602,1232 1597,1208 1315,1208 1314,1208 1295,1199 1293,1199 1291,1199 1290,1199 1257,1208 1256,1208 1252,1208 1222,1199 1220,1199 1218,1199 1217,1199 1184,1208 1176,1210 1152,1208 1072,1201 1071,1201 1069,1201 1040,1208 1032,1210 1018,1208 967,1201 965,1201 758,1208 760,1235"/>
        <Baseline points="760,1235 1602,1232"/>
        <TextEquiv>
          <Unicode></Unicode>
        </TextEquiv>
      </TextLine>
      <TextLine id="eSc_line_206e40f7" custom="structure {type:default;}">
        <Coords points="702,1303 702,1318 730,1330 731,1330 733,1330 797,1318 799,1318 803,1318 949,1330 950,1330 952,1330 954,1330 971,1317 1005,1327 1006,1327 1008,1327 1049,1320 1186,1328 1188,1328 1190,1328 1191,1328 1191,1327 1205,1315 1302,1327 1303,1327 1305,1327 1332,1315 1436,1327 1437,1327 1439,1327 1441,1327 1441,1325 1454,1311 1454,1298 1449,1271 1336,1271 1334,1269 1322,1259 1322,1257 1320,1257 1319,1257 1244,1257 1242,1257 1241,1257 1212,1267 1196,1272 1128,1267 1069,1262 1067,1262 1066,1262 1064,1262 1061,1266 1052,1272 950,1266 921,1264 920,1264 901,1266 794,1274 784,1264 780,1262 780,1261 779,1261 777,1261 775,1261 701,1262 702,1303"/>
        <Baseline points="702,1303 1454,1298"/>
        <TextEquiv>
          <Unicode></Unicode>
        </TextEquiv>
      </TextLine>
      <TextLine id="eSc_line_136300e3" custom="structure {type:default;}">
        <Coords points="719,1361 719,1376 2229,1384 2230,1361 2230,1332 2147,1322 2145,1322 2091,1330 2089,1330 2088,1330 1993,1322 1991,1322 1942,1330 1938,1330 1933,1330 1847,1322 1845,1322 1804,1330 1799,1330 1792,1330 1711,1322 1709,1322 1660,1330 1653,1330 1616,1330 1366,1322 1364,1322 719,1327 719,1361"/>
        <Baseline points="719,1361 2230,1361"/>
        <TextEquiv>
          <Unicode></Unicode>
        </TextEquiv>
      </TextLine>
      <TextLine id="eSc_line_eb9771a3" custom="structure {type:default;}">
        <Coords points="292,1362 292,1415 351,1423 353,1423 354,1423 356,1423 356,1422 375,1403 378,1400 470,1390 470,1359 463,1300 404,1317 368,1310 325,1303 324,1303 322,1303 290,1317 292,1362"/>
        <Baseline points="292,1362 470,1359"/>
        <TextEquiv>
          <Unicode></Unicode>
        </TextEquiv>
      </TextLine>
      <TextLine id="eSc_line_5d4d52c0" custom="structure {type:default;}">
        <Coords points="765,1403 765,1425 2230,1425 2230,1403 2230,1379 765,1379 765,1403"/>
        <Baseline points="765,1403 2230,1403"/>
        <TextEquiv>
          <Unicode></Unicode>
        </TextEquiv>
      </TextLine>
      <TextLine id="eSc_line_9d15a607" custom="structure {type:default;}">
        <Coords points="762,1444 762,1463 2232,1463 2232,1444 2232,1418 762,1418 762,1444"/>
        <Baseline points="762,1444 2232,1444"/>
        <TextEquiv>
          <Unicode></Unicode>
        </TextEquiv>
      </TextLine>
      <TextLine id="eSc_line_73df09dd" custom="structure {type:default;}">
        <Coords points="763,1486 763,1508 2230,1510 2232,1486 2232,1464 763,1464 763,1486"/>
        <Baseline points="763,1486 2232,1486"/>
        <TextEquiv>
          <Unicode></Unicode>
        </TextEquiv>
      </TextLine>
      <TextLine id="eSc_line_8d84f66c" custom="structure {type:default;}">
        <Coords points="763,1529 763,1556 843,1547 1033,1556 1069,1556 1071,1556 1072,1556 1078,1554 1108,1547 2229,1547 2232,1525 2227,1503 762,1505 763,1529"/>
        <Baseline points="763,1529 2232,1525"/>
        <TextEquiv>
          <Unicode></Unicode>
        </TextEquiv>
      </TextLine>
      <TextLine id="eSc_line_a9ef07db" custom="structure {type:default;}">
        <Coords points="763,1573 763,1588 2230,1588 2230,1573 2230,1546 763,1544 763,1573"/>
        <Baseline points="763,1573 2230,1573"/>
        <TextEquiv>
          <Unicode></Unicode>
        </TextEquiv>
      </TextLine>
      <TextLine id="eSc_line_2cabae77" custom="structure {type:default;}">
        <Coords points="763,1614 763,1629 786,1639 787,1639 789,1641 904,1641 904,1639 906,1639 908,1639 920,1631 921,1631 1105,1631 1108,1631 1120,1639 1122,1639 1123,1639 1125,1639 1127,1639 1142,1632 1145,1631 1327,1631 1332,1632 1342,1639 1344,1639 1346,1639 1347,1639 1378,1632 1392,1631 1402,1634 1422,1639 1424,1639 1426,1639 1427,1639 1448,1634 1460,1631 1465,1634 1471,1639 1473,1639 1475,1639 1476,1639 1516,1634 1543,1631 1577,1634 1621,1639 1622,1639 1665,1634 1704,1631 1748,1636 1785,1639 1787,1639 1808,1636 1836,1631 2229,1637 2230,1614 2230,1591 2190,1581 2188,1581 2108,1590 2105,1590 2100,1590 2033,1581 2032,1581 1972,1590 1965,1590 1960,1590 1925,1581 1923,1581 1921,1581 1904,1588 1901,1590 1889,1588 1828,1581 1826,1581 1791,1588 1779,1590 1768,1588 1731,1581 1729,1581 1728,1581 1709,1588 1702,1590 1682,1588 1631,1581 1629,1581 1583,1586 1556,1590 1517,1586 1454,1581 1453,1581 1451,1581 1431,1586 1414,1590 1397,1586 1375,1581 1373,1581 1371,1581 1358,1586 1342,1590 1320,1585 1298,1581 1297,1581 1295,1581 1285,1585 1271,1590 1251,1585 1232,1581 1230,1581 1198,1585 1152,1590 763,1583 763,1614"/>
        <Baseline points="763,1614 2230,1614"/>
        <TextEquiv>
          <Unicode></Unicode>
        </TextEquiv>
      </TextLine>
      <TextLine id="eSc_line_fe68e2b5" custom="structure {type:default;}">
        <Coords points="763,1656 763,1671 814,1671 818,1673 838,1681 840,1681 842,1681 969,1673 996,1671 1006,1673 1059,1683 1061,1683 1120,1673 1134,1671 1176,1673 1302,1680 1303,1680 1305,1680 1319,1673 1327,1670 1398,1673 1529,1681 1531,1683 1714,1683 1714,1681 1716,1681 1718,1681 1728,1675 1736,1670 1789,1675 1830,1678 1831,1678 1833,1678 1835,1678 1838,1675 1850,1668 1923,1675 1979,1680 1981,1680 2230,1675 2232,1651 2227,1629 762,1632 763,1656"/>
        <Baseline points="763,1656 2232,1651"/>
        <TextEquiv>
          <Unicode></Unicode>
        </TextEquiv>
      </TextLine>
      <TextLine id="eSc_line_55963630" custom="structure {type:default;}">
        <Coords points="762,1700 762,1715 1989,1709 1991,1695 1987,1671 1171,1664 1169,1664 1168,1664 1137,1673 826,1666 825,1666 760,1675 762,1700"/>
        <Baseline points="762,1700 1991,1695"/>
        <TextEquiv>
          <Unicode></Unicode>
        </TextEquiv>
      </TextLine>
      <TextLine id="eSc_line_73fbc052" custom="structure {type:default;}">
        <Coords points="723,1743 723,1761 981,1761 982,1761 994,1770 996,1770 998,1770 999,1770 1159,1761 1173,1761 1174,1761 1188,1770 1190,1770 1191,1770 1193,1770 1271,1761 1295,1760 1302,1761 1324,1770 1325,1770 1327,1771 1441,1771 1441,1770 1492,1763 1522,1758 1543,1763 1578,1771 1580,1771 1582,1773 1707,1773 1707,1771 1709,1771 1711,1771 1723,1763 1724,1763 1729,1763 1852,1771 1853,1771 1855,1771 1886,1763 1898,1760 1903,1763 1911,1770 1913,1770 1914,1770 1916,1770 2234,1763 2234,1736 2229,1712 2050,1712 2045,1712 2006,1704 2004,1704 1967,1712 1962,1712 1959,1712 1913,1704 1911,1704 1860,1712 1847,1714 1791,1712 1609,1705 1607,1705 1606,1705 1592,1712 1589,1714 1573,1712 1521,1707 1519,1707 1487,1712 1471,1715 1451,1714 1409,1707 1407,1707 1363,1714 1342,1715 1324,1714 1278,1707 1276,1707 1235,1714 1220,1715 1200,1714 1142,1707 1140,1707 1103,1714 1083,1717 1040,1714 976,1709 974,1709 721,1714 723,1743"/>
        <Baseline points="723,1743 2234,1736"/>
        <TextEquiv>
          <Unicode></Unicode>
        </TextEquiv>
      </TextLine>
      <TextLine id="eSc_line_88f55dcc" custom="structure {type:default;}">
        <Coords points="767,1782 767,1799 896,1809 898,1809 942,1799 947,1799 952,1799 993,1810 994,1810 996,1810 1135,1799 1174,1797 1193,1799 1251,1809 1252,1809 1583,1799 1585,1778 1580,1756 765,1758 767,1782"/>
        <Baseline points="767,1782 1585,1778"/>
        <TextEquiv>
          <Unicode></Unicode>
        </TextEquiv>
      </TextLine>
      <TextLine id="eSc_line_6cbbbba2" custom="structure {type:default;}">
        <Coords points="721,1824 721,1849 2229,1838 2230,1819 2225,1792 719,1795 721,1824"/>
        <Baseline points="721,1824 2230,1819"/>
        <TextEquiv>
          <Unicode></Unicode>
        </TextEquiv>
      </TextLine>
      <TextLine id="eSc_line_6c0da7c1" custom="structure {type:default;}">
        <Coords points="765,1865 765,1885 799,1895 801,1895 803,1895 887,1885 899,1885 903,1885 930,1895 932,1895 933,1895 1071,1887 1074,1887 1076,1887 1205,1894 1207,1894 1242,1887 1257,1883 1273,1887 1307,1894 1308,1894 1375,1887 1409,1883 1507,1887 1692,1894 1694,1894 1695,1894 1697,1894 1707,1887 1712,1883 1721,1887 1735,1892 1736,1892 1738,1892 2229,1887 2230,1860 2225,1836 763,1843 765,1865"/>
        <Baseline points="765,1865 2230,1860"/>
        <TextEquiv>
          <Unicode></Unicode>
        </TextEquiv>
      </TextLine>
      <TextLine id="eSc_line_b4edac64" custom="structure {type:default;}">
        <Coords points="765,1907 765,1929 2232,1929 2232,1907 2232,1885 765,1885 765,1907"/>
        <Baseline points="765,1907 2232,1907"/>
        <TextEquiv>
          <Unicode></Unicode>
        </TextEquiv>
      </TextLine>
      <TextLine id="eSc_line_5fa7c3b0" custom="structure {type:default;}">
        <Coords points="767,1951 767,1970 1521,1973 1522,1973 1573,1967 1583,1965 1607,1965 1738,1973 1740,1973 1806,1965 1818,1963 1819,1965 1830,1972 1831,1972 1833,1972 1835,1973 2208,1973 2208,1972 2210,1972 2232,1961 2232,1946 2229,1922 765,1921 767,1951"/>
        <Baseline points="767,1951 2232,1946"/>
        <TextEquiv>
          <Unicode></Unicode>
        </TextEquiv>
      </TextLine>
      <TextLine id="eSc_line_aadad57f" custom="structure {type:default;}">
        <Coords points="769,1990 767,2007 857,2021 859,2021 952,2011 1195,2011 1210,2021 1212,2021 1213,2021 1215,2021 1364,2011 1385,2021 1387,2021 1500,2023 1502,2023 1551,2012 1621,2012 1643,2023 1645,2023 1646,2024 1825,2024 1825,2023 1891,2012 1918,2023 1920,2023 1921,2023 1923,2023 1948,2012 2208,2023 2210,2023 2212,2023 2229,2012 2230,1994 2229,1968 769,1960 769,1990"/>
        <Baseline points="769,1990 2230,1994"/>
        <TextEquiv>
          <Unicode></Unicode>
        </TextEquiv>
      </TextLine>
      <TextLine id="eSc_line_b16c143a" custom="structure {type:default;}">
        <Coords points="765,2036 765,2053 916,2063 918,2063 1015,2053 1055,2063 1057,2063 1059,2063 1210,2051 1218,2051 1286,2051 1297,2060 1297,2062 1298,2062 1300,2062 1302,2062 1612,2060 1614,2060 1653,2048 1653,2031 1650,2009 770,2004 769,2004 767,2004 765,2004 765,2006 763,2006 765,2036"/>
        <Baseline points="765,2036 1653,2031"/>
        <TextEquiv>
          <Unicode></Unicode>
        </TextEquiv>
      </TextLine>
      <TextLine id="eSc_line_9c71bf6f" custom="structure {type:default;}">
        <Coords points="702,2102 702,2135 772,2135 772,2133 774,2133 775,2133 799,2119 847,2128 848,2128 850,2128 876,2121 894,2131 899,2133 901,2133 903,2135 935,2135 935,2133 937,2133 938,2133 942,2130 957,2119 988,2130 998,2133 999,2133 1001,2135 1083,2135 1083,2133 1084,2133 1096,2128 1122,2118 1186,2118 1203,2126 1213,2131 1215,2131 1217,2133 1298,2133 1298,2131 1300,2131 1302,2131 1310,2124 1317,2119 1334,2124 1356,2131 1358,2131 1359,2131 1361,2131 1380,2124 1395,2118 1414,2123 1443,2131 1444,2131 1446,2131 1507,2121 1509,2099 1504,2074 1322,2074 1315,2070 1291,2060 1290,2060 1288,2060 1286,2060 1285,2060 1271,2070 1268,2074 1259,2070 1232,2060 1230,2060 1229,2060 1178,2068 1152,2074 1125,2068 1089,2062 1088,2062 998,2063 996,2063 988,2067 971,2075 930,2075 920,2067 915,2062 913,2062 911,2062 847,2062 845,2062 843,2062 842,2062 836,2065 819,2077 797,2077 787,2065 784,2063 784,2062 782,2062 780,2062 779,2062 701,2063 702,2102"/>
        <Baseline points="702,2102 1509,2099"/>
        <TextEquiv>
          <Unicode></Unicode>
        </TextEquiv>
      </TextLine>
      <TextLine id="eSc_line_9dc2e55b" custom="structure {type:default;}">
        <Coords points="300,2160 300,2184 2232,2179 2234,2157 2229,2124 1853,2128 1740,2123 1643,2118 1641,2118 1575,2121 1485,2128 1424,2121 1385,2118 1383,2118 1356,2121 1314,2128 1283,2121 1266,2118 1264,2118 1184,2121 994,2130 959,2121 954,2119 952,2119 682,2119 680,2119 673,2119 594,2130 521,2119 517,2119 298,2119 300,2160"/>
        <Baseline points="300,2160 2234,2157"/>
        <TextEquiv>
          <Unicode></Unicode>
        </TextEquiv>
      </TextLine>
      <TextLine id="eSc_line_b8862c1a" custom="structure {type:default;}">
        <Coords points="497,2204 497,2245 529,2245 533,2247 544,2259 544,2260 546,2260 548,2260 550,2260 602,2253 653,2247 675,2260 680,2204 680,2174 497,2174 497,2204"/>
        <Baseline points="497,2204 680,2204"/>
        <TextEquiv>
          <Unicode></Unicode>
        </TextEquiv>
      </TextLine>
      <TextLine id="eSc_line_5b45aab3" custom="structure {type:default;}">
        <Coords points="762,2204 762,2221 2230,2214 2232,2197 2227,2172 760,2177 762,2204"/>
        <Baseline points="762,2204 2232,2197"/>
        <TextEquiv>
          <Unicode></Unicode>
        </TextEquiv>
      </TextLine>
      <TextLine id="eSc_line_f72cff40" custom="structure {type:default;}">
        <Coords points="767,2245 767,2262 2229,2259 2230,2242 2227,2219 765,2219 767,2245"/>
        <Baseline points="767,2245 2230,2242"/>
        <TextEquiv>
          <Unicode></Unicode>
        </TextEquiv>
      </TextLine>
      <TextLine id="eSc_line_edb478cc" custom="structure {type:default;}">
        <Coords points="770,2286 770,2306 2229,2303 2230,2282 2225,2260 769,2262 770,2286"/>
        <Baseline points="770,2286 2230,2282"/>
        <TextEquiv>
          <Unicode></Unicode>
        </TextEquiv>
      </TextLine>
      <TextLine id="eSc_line_d2fe2333" custom="structure {type:default;}">
        <Coords points="769,2326 769,2348 2230,2342 2232,2323 2227,2299 767,2301 769,2326"/>
        <Baseline points="769,2326 2232,2323"/>
        <TextEquiv>
          <Unicode></Unicode>
        </TextEquiv>
      </TextLine>
      <TextLine id="eSc_line_54699e9b" custom="structure {type:default;}">
        <Coords points="769,2372 769,2387 818,2387 821,2389 833,2398 835,2398 836,2398 838,2398 840,2398 862,2389 865,2387 886,2389 972,2396 974,2396 1079,2389 1135,2386 1291,2386 1298,2389 1310,2396 1312,2396 1314,2396 1349,2389 1373,2386 1417,2389 1480,2396 1482,2396 1517,2391 1553,2384 1668,2391 1743,2394 1745,2394 1967,2393 1969,2393 1971,2393 1972,2391 1989,2382 2229,2391 2232,2365 2229,2343 2142,2335 2140,2335 767,2345 769,2372"/>
        <Baseline points="769,2372 2232,2365"/>
        <TextEquiv>
          <Unicode></Unicode>
        </TextEquiv>
      </TextLine>
      <TextLine id="eSc_line_2802535e" custom="structure {type:default;}">
        <Coords points="769,2413 769,2432 2169,2432 2171,2410 2167,2386 767,2386 769,2413"/>
        <Baseline points="769,2413 2171,2410"/>
        <TextEquiv>
          <Unicode></Unicode>
        </TextEquiv>
      </TextLine>
      <TextLine id="eSc_line_3b6f9ccb" custom="structure {type:default;}">
        <Coords points="307,2454 307,2496 354,2496 361,2500 378,2510 380,2510 381,2510 383,2510 424,2506 426,2506 427,2506 427,2505 429,2505 439,2494 460,2506 463,2450 460,2421 305,2411 307,2454"/>
        <Baseline points="307,2454 463,2450"/>
        <TextEquiv>
          <Unicode></Unicode>
        </TextEquiv>
      </TextLine>
      <TextLine id="eSc_line_1a661c8d" custom="structure {type:default;}">
        <Coords points="724,2454 724,2474 2232,2469 2232,2450 2227,2425 723,2427 724,2454"/>
        <Baseline points="724,2454 2232,2450"/>
        <TextEquiv>
          <Unicode></Unicode>
        </TextEquiv>
      </TextLine>
      <TextLine id="eSc_line_a267f84f" custom="structure {type:default;}">
        <Coords points="765,2496 765,2513 843,2523 845,2523 1252,2513 1738,2522 1740,2522 1955,2511 1976,2520 1977,2520 1979,2520 2098,2511 2203,2518 2205,2518 2206,2518 2230,2508 2230,2491 2227,2469 763,2467 765,2496"/>
        <Baseline points="765,2496 2230,2491"/>
        <TextEquiv>
          <Unicode></Unicode>
        </TextEquiv>
      </TextLine>
      <TextLine id="eSc_line_c59540bd" custom="structure {type:default;}">
        <Coords points="769,2539 769,2564 2229,2554 2230,2533 2227,2513 767,2513 769,2539"/>
        <Baseline points="769,2539 2230,2533"/>
        <TextEquiv>
          <Unicode></Unicode>
        </TextEquiv>
      </TextLine>
      <TextLine id="eSc_line_50e53c9e" custom="structure {type:default;}">
        <Coords points="770,2581 770,2603 2230,2596 2232,2578 2227,2552 769,2554 770,2581"/>
        <Baseline points="770,2581 2232,2578"/>
        <TextEquiv>
          <Unicode></Unicode>
        </TextEquiv>
      </TextLine>
      <TextLine id="eSc_line_96e36ffc" custom="structure {type:default;}">
        <Coords points="770,2622 770,2635 879,2635 884,2637 913,2649 915,2649 916,2651 979,2651 979,2649 981,2649 1010,2637 1018,2635 1084,2635 1091,2639 1105,2649 1106,2649 1108,2649 1110,2649 1179,2639 1208,2635 1227,2639 1246,2644 1247,2644 1249,2644 1251,2644 1263,2640 1276,2635 1371,2640 1441,2644 1443,2644 1444,2644 1451,2640 1466,2635 1548,2642 1622,2647 1624,2647 1626,2647 1638,2642 1656,2634 1685,2642 1702,2647 1704,2647 1706,2649 1796,2649 1796,2647 1797,2647 1811,2644 1847,2634 1870,2644 1872,2644 1991,2647 1993,2647 1994,2647 1996,2647 1999,2645 2015,2634 2028,2644 2030,2644 2032,2644 2033,2644 2035,2644 2071,2634 2089,2645 2091,2645 2093,2645 2094,2647 2230,2647 2232,2618 2227,2593 769,2600 770,2622"/>
        <Baseline points="770,2622 2232,2618"/>
        <TextEquiv>
          <Unicode></Unicode>
        </TextEquiv>
      </TextLine>
      <TextLine id="eSc_line_b7dd645d" custom="structure {type:default;}">
        <Coords points="770,2666 770,2686 2230,2679 2232,2659 2227,2639 769,2639 770,2666"/>
        <Baseline points="770,2666 2232,2659"/>
        <TextEquiv>
          <Unicode></Unicode>
        </TextEquiv>
      </TextLine>
      <TextLine id="eSc_line_f4daa1d0" custom="structure {type:default;}">
        <Coords points="769,2707 769,2761 845,2759 847,2759 918,2735 971,2735 998,2752 999,2752 1001,2752 1023,2756 1049,2759 1050,2759 1052,2759 1062,2756 1120,2735 1191,2735 1224,2751 1225,2751 1237,2752 1273,2752 1274,2752 1291,2751 1381,2739 1426,2747 1448,2752 1449,2754 1594,2754 1594,2752 1641,2744 1658,2741 1672,2742 1699,2749 1701,2749 1792,2742 1862,2756 1864,2756 1865,2756 1867,2756 1881,2747 1948,2752 1950,2752 1952,2752 2001,2735 2015,2732 2035,2735 2077,2742 2079,2742 2230,2730 2232,2701 2227,2678 767,2681 769,2707"/>
        <Baseline points="769,2707 2232,2701"/>
        <TextEquiv>
          <Unicode></Unicode>
        </TextEquiv>
      </TextLine>
    </TextRegion>
    <TextRegion id="eSc_textblock_27489d00"  custom="structure {type:default;}">
      <Coords points="1110,135 1402,135 1422,195 1402,222 1100,215 1086,162 1110,135"/>
      <TextLine id="eSc_line_c7e93a2b" custom="structure {type:default;}">
        <Coords points="1105,190 1105,203 1251,217 1252,217 1400,200 1402,186 1398,152 1269,142 1268,142 1171,152 1122,145 1120,145 1118,145 1103,152 1105,190"/>
        <Baseline points="1105,190 1402,186"/>
        <TextEquiv>
          <Unicode></Unicode>
        </TextEquiv>
      </TextLine>
    </TextRegion>
  </Page>
</PcGts>
