<?xml version="1.0" encoding="UTF-8"  standalone="yes"?>
<PcGts xmlns="http://schema.primaresearch.org/PAGE/gts/pagecontent/2019-07-15" xmlns:xsi="http://www.w3.org/2001/XMLSchema-instance" xsi:schemaLocation="http://schema.primaresearch.org/PAGE/gts/pagecontent/2019-07-15 http://schema.primaresearch.org/PAGE/gts/pagecontent/2019-07-15/pagecontent.xsd">
  <Metadata externalRef="pdf//regestapontificu01cath.pdf">
	<Creator>escriptorium</Creator>
	<Created>2026-02-12T11:22:18.992881+00:00</Created>
        <LastChange>2026-02-13T10:05:07.568582+00:00</LastChange>
  </Metadata>
  <Page imageFilename="regestapontificu01cath.pdf_page_53.png" imageWidth="2243" imageHeight="3076">
    <TextRegion id="eSc_textblock_57a51fb1"  custom="structure {type:default;}">
      <Coords points="1954,232 2036,280 2022,1693 2049,2158 2022,2207 2015,2746 485,2746 458,2447 362,2411 396,2358 341,2349 321,2308 355,2262 417,2247 355,2233 341,2207 389,2201 300,2165 294,2125 328,2076 328,1989 300,1941 328,1866 266,1857 258,1830 237,1879 230,2547 196,2556 196,2677 155,2712 123,2705 41,2465 41,635 75,519 129,497 170,280 237,273 244,476 266,463 271,382 292,430 271,456 307,505 360,519 396,456 369,382 423,374 423,259 1755,259 1954,232"/>
      <TextLine id="eSc_line_73e7cc30" custom="structure {type:default;}">
        <Coords points="653,259 635,259 618,259 601,259 598,259 541,264 521,259 516,259 499,259 482,259 475,259 465,264 465,299 465,317 680,326 682,299 682,264 670,259 653,259"/>
        <Baseline points="465,299 682,299"/>
        <TextEquiv>
          <Unicode></Unicode>
        </TextEquiv>
      </TextLine>
      <TextLine id="eSc_line_720c642f" custom="structure {type:default;}">
        <Coords points="487,352 487,382 2003,377 2005,346 2001,314 1911,312 1894,300 1892,300 1890,300 1889,300 1803,311 1683,300 1682,300 1680,300 1648,312 1646,312 1641,312 1559,302 1557,302 1507,312 1494,314 1470,312 1377,302 1376,302 1307,312 1287,314 1266,312 1224,305 1222,305 1220,305 1218,305 1210,311 1205,316 1124,316 1109,311 1077,304 1075,304 1024,311 989,316 952,311 902,304 900,304 846,311 805,316 776,311 750,305 748,305 677,311 594,316 485,311 487,352"/>
        <Baseline points="487,352 2005,346"/>
        <TextEquiv>
          <Unicode></Unicode>
        </TextEquiv>
      </TextLine>
      <TextLine id="eSc_line_1f1d00de" custom="structure {type:default;}">
        <Coords points="524,396 524,418 1935,420 1938,396 1936,372 524,372 524,396"/>
        <Baseline points="524,396 1938,396"/>
        <TextEquiv>
          <Unicode></Unicode>
        </TextEquiv>
      </TextLine>
      <TextLine id="eSc_line_131c0a78" custom="structure {type:default;}">
        <Coords points="488,434 488,457 2003,457 2003,434 2001,406 488,406 488,434"/>
        <Baseline points="488,434 2003,434"/>
        <TextEquiv>
          <Unicode></Unicode>
        </TextEquiv>
      </TextLine>
      <TextLine id="eSc_line_ed1e14fd" custom="structure {type:default;}">
        <Coords points="529,481 529,509 1653,500 2001,507 2005,478 2001,456 565,449 564,449 562,449 528,457 529,481"/>
        <Baseline points="529,481 2005,478"/>
        <TextEquiv>
          <Unicode></Unicode>
        </TextEquiv>
      </TextLine>
      <TextLine id="eSc_line_42cc7031" custom="structure {type:default;}">
        <Coords points="528,524 528,548 2001,545 2003,521 2000,498 1265,490 1263,490 1200,498 552,492 550,492 548,492 526,498 528,524"/>
        <Baseline points="528,524 2003,521"/>
        <TextEquiv>
          <Unicode></Unicode>
        </TextEquiv>
      </TextLine>
      <TextLine id="eSc_line_063f908c" custom="structure {type:default;}">
        <Coords points="528,565 528,582 695,582 699,584 716,594 718,594 719,594 721,594 723,594 747,584 750,582 825,582 832,584 877,598 878,598 880,599 935,599 935,598 936,598 977,584 986,582 1008,584 1130,598 1131,599 1263,599 1263,598 1265,598 1302,586 1318,581 1335,586 1374,596 1376,596 1377,598 1425,598 1425,596 1427,596 1429,596 1444,586 1451,581 1495,586 1586,596 1588,596 1589,596 1613,586 1627,581 1642,586 1670,594 1671,594 1673,594 1675,594 1704,586 1723,581 1738,586 1764,596 1766,596 1767,596 2000,586 2001,562 1996,533 526,541 528,565"/>
        <Baseline points="528,565 2001,562"/>
        <TextEquiv>
          <Unicode></Unicode>
        </TextEquiv>
      </TextLine>
      <TextLine id="eSc_line_047d249d" custom="structure {type:default;}">
        <Coords points="529,608 529,623 839,623 839,608 839,586 529,584 529,608"/>
        <Baseline points="529,608 839,608"/>
        <TextEquiv>
          <Unicode></Unicode>
        </TextEquiv>
      </TextLine>
      <TextLine id="eSc_line_6c5d0386" custom="structure {type:default;}">
        <Coords points="63,649 63,680 227,678 227,649 225,594 63,599 63,649"/>
        <Baseline points="63,649 227,649"/>
        <TextEquiv>
          <Unicode></Unicode>
        </TextEquiv>
      </TextLine>
      <TextLine id="eSc_line_bba9c317" custom="structure {type:default;}">
        <Coords points="466,651 466,671 2005,671 2005,651 2005,623 466,623 466,651"/>
        <Baseline points="466,651 2005,651"/>
        <TextEquiv>
          <Unicode></Unicode>
        </TextEquiv>
      </TextLine>
      <TextLine id="eSc_line_0a904362" custom="structure {type:default;}">
        <Coords points="528,692 528,710 1089,719 1090,719 1092,719 1118,710 1131,710 1680,717 1682,717 1872,709 1873,709 1875,709 1959,717 1960,717 2001,707 2003,688 1998,659 526,664 528,692"/>
        <Baseline points="528,692 2003,688"/>
        <TextEquiv>
          <Unicode></Unicode>
        </TextEquiv>
      </TextLine>
      <TextLine id="eSc_line_0dcc307c" custom="structure {type:default;}">
        <Coords points="526,736 526,762 2003,760 2003,736 2003,714 526,714 526,736"/>
        <Baseline points="526,736 2003,736"/>
        <TextEquiv>
          <Unicode></Unicode>
        </TextEquiv>
      </TextLine>
      <TextLine id="eSc_line_0a70e749" custom="structure {type:default;}">
        <Coords points="529,777 529,798 2001,796 2003,777 2000,750 529,751 529,777"/>
        <Baseline points="529,777 2003,777"/>
        <TextEquiv>
          <Unicode></Unicode>
        </TextEquiv>
      </TextLine>
      <TextLine id="eSc_line_ecae71b9" custom="structure {type:default;}">
        <Coords points="531,820 531,839 700,851 702,851 704,851 726,839 728,839 933,839 977,839 1017,851 1018,851 1020,851 1147,837 1153,837 1167,837 1417,849 1418,849 1420,849 1442,837 1509,849 1511,849 1512,849 1554,835 1555,835 1560,835 1671,847 1673,847 1675,847 1695,835 1713,847 1714,847 1716,847 1718,849 1848,849 1848,847 1849,847 1877,835 1981,845 1983,845 1984,845 1986,845 2003,833 2003,815 1998,794 529,798 531,820"/>
        <Baseline points="531,820 2003,815"/>
        <TextEquiv>
          <Unicode></Unicode>
        </TextEquiv>
      </TextLine>
      <TextLine id="eSc_line_4bf61716" custom="structure {type:default;}">
        <Coords points="528,866 528,885 540,892 541,892 543,892 545,892 562,883 567,880 594,881 637,886 639,886 699,881 728,878 731,880 740,888 741,888 743,888 918,890 919,890 921,890 972,876 974,876 976,876 986,886 988,886 989,886 1080,888 1082,888 1083,888 1118,874 1118,861 1114,839 941,830 940,830 526,842 528,866"/>
        <Baseline points="528,866 1118,861"/>
        <TextEquiv>
          <Unicode></Unicode>
        </TextEquiv>
      </TextLine>
      <TextLine id="eSc_line_354e2741" custom="structure {type:default;}">
        <Coords points="75,900 71,960 114,962 116,962 117,962 119,962 131,955 164,934 211,945 215,905 215,854 179,854 164,842 157,835 155,835 153,835 76,821 75,900"/>
        <Baseline points="75,900 215,905"/>
        <TextEquiv>
          <Unicode></Unicode>
        </TextEquiv>
      </TextLine>
      <TextLine id="eSc_line_69bab8c4" custom="structure {type:default;}">
        <Coords points="471,904 471,929 2007,926 2007,904 2005,876 471,878 471,904"/>
        <Baseline points="471,904 2007,904"/>
        <TextEquiv>
          <Unicode></Unicode>
        </TextEquiv>
      </TextLine>
      <TextLine id="eSc_line_58156819" custom="structure {type:default;}">
        <Coords points="531,948 531,974 885,968 928,975 941,977 943,977 945,977 952,975 977,968 998,975 1003,977 1005,977 1006,979 1203,979 1203,977 1205,977 1208,975 1227,968 1266,977 1275,977 1277,977 1283,977 1323,968 1335,977 1336,977 1338,977 1340,979 1620,979 1620,977 1622,977 1624,977 1654,968 1743,977 1748,977 1750,977 1754,977 1810,968 1824,977 1825,977 1827,977 1829,979 2001,979 2003,948 2000,926 531,926 531,948"/>
        <Baseline points="531,948 2003,948"/>
        <TextEquiv>
          <Unicode></Unicode>
        </TextEquiv>
      </TextLine>
      <TextLine id="eSc_line_cdd526d2" custom="structure {type:default;}">
        <Coords points="529,991 529,1016 2003,1011 2005,987 2001,965 528,965 529,991"/>
        <Baseline points="529,991 2005,987"/>
        <TextEquiv>
          <Unicode></Unicode>
        </TextEquiv>
      </TextLine>
      <TextLine id="eSc_line_6a9bf59f" custom="structure {type:default;}">
        <Coords points="531,1032 531,1052 2003,1052 2005,1032 2001,1008 531,1008 531,1032"/>
        <Baseline points="531,1032 2005,1032"/>
        <TextEquiv>
          <Unicode></Unicode>
        </TextEquiv>
      </TextLine>
      <TextLine id="eSc_line_d61e0f3d" custom="structure {type:default;}">
        <Coords points="531,1076 531,1097 2001,1093 2003,1073 1998,1052 529,1054 531,1076"/>
        <Baseline points="531,1076 2003,1073"/>
        <TextEquiv>
          <Unicode></Unicode>
        </TextEquiv>
      </TextLine>
      <TextLine id="eSc_line_d4c0a43f" custom="structure {type:default;}">
        <Coords points="531,1119 531,1141 2003,1138 2005,1115 2001,1091 529,1091 531,1119"/>
        <Baseline points="531,1119 2005,1115"/>
        <TextEquiv>
          <Unicode></Unicode>
        </TextEquiv>
      </TextLine>
      <TextLine id="eSc_line_c1ada2e2" custom="structure {type:default;}">
        <Coords points="529,1160 529,1177 1181,1185 1183,1185 1184,1185 1186,1185 1198,1177 1249,1185 1251,1185 1347,1175 1360,1175 1376,1175 1483,1184 1485,1184 1555,1175 1564,1175 1595,1175 1945,1184 1947,1184 2003,1174 2005,1156 2001,1134 528,1131 529,1160"/>
        <Baseline points="529,1160 2005,1156"/>
        <TextEquiv>
          <Unicode></Unicode>
        </TextEquiv>
      </TextLine>
      <TextLine id="eSc_line_1a4cab27" custom="structure {type:default;}">
        <Coords points="529,1203 529,1223 986,1232 988,1232 1018,1226 1037,1223 1089,1226 1159,1232 1160,1232 1208,1226 1268,1221 1359,1228 1396,1230 1398,1232 1675,1232 1675,1230 1677,1230 1678,1230 1692,1221 1774,1230 1783,1230 1784,1230 1791,1230 1858,1221 2000,1230 2003,1199 1998,1179 528,1180 529,1203"/>
        <Baseline points="529,1203 2003,1199"/>
        <TextEquiv>
          <Unicode></Unicode>
        </TextEquiv>
      </TextLine>
      <TextLine id="eSc_line_31562ad0" custom="structure {type:default;}">
        <Coords points="529,1245 529,1267 2007,1266 2007,1245 2007,1220 529,1215 529,1245"/>
        <Baseline points="529,1245 2007,1245"/>
        <TextEquiv>
          <Unicode></Unicode>
        </TextEquiv>
      </TextLine>
      <TextLine id="eSc_line_dc0b1845" custom="structure {type:default;}">
        <Coords points="528,1290 528,1309 567,1319 569,1319 571,1319 601,1309 605,1309 647,1309 1037,1319 1039,1319 1111,1309 1112,1309 1189,1319 1191,1319 1193,1319 1213,1309 1289,1317 1290,1317 1292,1317 1294,1317 1307,1307 1309,1307 1331,1317 1333,1317 1335,1317 1412,1307 1418,1307 1425,1307 1487,1317 1489,1319 1545,1319 1545,1317 1547,1317 1548,1317 1564,1307 1596,1317 1598,1317 1600,1317 1795,1307 1800,1307 1805,1307 1954,1315 1955,1315 2003,1305 2005,1286 2001,1264 1266,1256 1265,1256 1263,1256 1229,1264 1225,1266 526,1266 528,1290"/>
        <Baseline points="528,1290 2005,1286"/>
        <TextEquiv>
          <Unicode></Unicode>
        </TextEquiv>
      </TextLine>
      <TextLine id="eSc_line_076f04cf" custom="structure {type:default;}">
        <Coords points="533,1327 531,1348 598,1358 600,1358 953,1356 955,1331 953,1309 533,1305 533,1327"/>
        <Baseline points="533,1327 955,1331"/>
        <TextEquiv>
          <Unicode></Unicode>
        </TextEquiv>
      </TextLine>
      <TextLine id="eSc_line_6025d84f" custom="structure {type:default;}">
        <Coords points="465,1401 465,1423 577,1421 579,1397 576,1355 463,1353 465,1401"/>
        <Baseline points="465,1401 579,1397"/>
        <TextEquiv>
          <Unicode></Unicode>
        </TextEquiv>
      </TextLine>
      <TextLine id="eSc_line_3913d6b1" custom="structure {type:default;}">
        <Coords points="70,1450 68,1491 131,1496 133,1496 135,1496 136,1496 136,1495 143,1488 153,1498 153,1500 155,1500 157,1500 158,1502 186,1502 186,1500 188,1500 220,1485 222,1454 222,1396 158,1396 158,1394 153,1387 152,1387 152,1385 150,1385 148,1385 147,1385 70,1391 70,1450"/>
        <Baseline points="70,1450 222,1454"/>
        <TextEquiv>
          <Unicode></Unicode>
        </TextEquiv>
      </TextLine>
      <TextLine id="eSc_line_38194fe2" custom="structure {type:default;}">
        <Coords points="490,1454 490,1473 690,1473 721,1481 723,1481 724,1481 829,1473 832,1473 846,1481 847,1481 849,1481 851,1481 900,1473 904,1473 906,1473 981,1481 983,1481 1092,1473 1099,1473 1100,1473 1135,1481 1136,1481 1138,1481 1253,1473 1263,1473 1270,1473 1347,1481 1348,1483 1439,1483 1439,1481 1441,1481 1442,1481 1454,1473 1458,1473 1499,1481 1501,1481 2007,1473 2007,1454 2007,1428 1899,1426 1883,1414 1882,1414 1880,1414 1878,1414 1877,1414 1841,1426 1837,1426 1822,1426 1701,1418 1699,1418 1622,1425 1596,1426 1591,1425 1571,1414 1569,1414 1567,1414 1524,1425 1511,1428 1449,1428 1442,1423 1422,1414 1420,1414 1418,1414 1417,1414 1386,1423 1372,1426 1347,1423 1312,1418 1311,1418 1309,1418 1307,1418 1301,1423 1292,1428 1095,1428 1083,1421 1073,1416 1071,1416 1070,1416 1029,1421 979,1426 945,1420 914,1414 912,1414 877,1420 834,1426 824,1420 817,1414 815,1414 813,1414 668,1414 666,1414 646,1418 606,1426 584,1418 579,1416 577,1416 576,1416 490,1416 490,1454"/>
        <Baseline points="490,1454 2007,1454"/>
        <TextEquiv>
          <Unicode></Unicode>
        </TextEquiv>
      </TextLine>
      <TextLine id="eSc_line_1258f3f6" custom="structure {type:default;}">
        <Coords points="529,1495 529,1519 2007,1514 2008,1491 2003,1469 528,1469 529,1495"/>
        <Baseline points="529,1495 2008,1491"/>
        <TextEquiv>
          <Unicode></Unicode>
        </TextEquiv>
      </TextLine>
      <TextLine id="eSc_line_567ed7f4" custom="structure {type:default;}">
        <Coords points="531,1539 531,1561 2008,1555 2008,1536 2005,1510 529,1507 531,1539"/>
        <Baseline points="531,1539 2008,1536"/>
        <TextEquiv>
          <Unicode></Unicode>
        </TextEquiv>
      </TextLine>
      <TextLine id="eSc_line_0d7bc0f5" custom="structure {type:default;}">
        <Coords points="531,1580 531,1608 1297,1606 1297,1580 1297,1558 531,1558 531,1580"/>
        <Baseline points="531,1580 1297,1580"/>
        <TextEquiv>
          <Unicode></Unicode>
        </TextEquiv>
      </TextLine>
      <TextLine id="eSc_line_83636d40" custom="structure {type:default;}">
        <Coords points="487,1631 487,1661 571,1650 986,1657 1152,1659 1153,1659 1189,1655 1232,1650 1312,1654 1389,1657 1391,1657 1393,1657 1395,1657 1400,1654 1408,1649 1595,1652 1957,1657 1959,1657 2000,1647 2001,1628 1996,1599 485,1601 487,1631"/>
        <Baseline points="487,1631 2001,1628"/>
        <TextEquiv>
          <Unicode></Unicode>
        </TextEquiv>
      </TextLine>
      <TextLine id="eSc_line_a0eef4d2" custom="structure {type:default;}">
        <Coords points="529,1674 529,1695 863,1695 885,1696 952,1705 953,1707 1082,1707 1082,1705 1083,1705 1104,1698 1114,1695 1198,1698 1326,1703 1328,1703 1330,1703 1343,1698 1360,1693 1386,1698 1408,1703 1410,1705 1518,1705 1518,1703 1519,1703 1521,1703 1526,1700 1535,1693 1559,1700 1576,1703 1577,1703 1579,1703 2005,1700 2007,1671 2001,1649 528,1649 529,1674"/>
        <Baseline points="529,1674 2007,1671"/>
        <TextEquiv>
          <Unicode></Unicode>
        </TextEquiv>
      </TextLine>
      <TextLine id="eSc_line_4ab63c8e" custom="structure {type:default;}">
        <Coords points="529,1719 529,1736 1063,1736 1063,1719 1063,1693 529,1693 529,1719"/>
        <Baseline points="529,1719 1063,1719"/>
        <TextEquiv>
          <Unicode></Unicode>
        </TextEquiv>
      </TextLine>
      <TextLine id="eSc_line_29caa1c2" custom="structure {type:default;}">
        <Coords points="882,1961 882,1987 1012,1987 1020,1994 1020,1995 1022,1995 1024,1995 1025,1995 1071,1987 1085,1985 1119,1987 1208,1994 1210,1994 1212,1994 1236,1987 1253,1984 1268,1989 1280,1992 1282,1992 1283,1992 1302,1989 1324,1984 1374,1989 1412,1992 1413,1992 1415,1992 1424,1989 1442,1982 1591,1989 1593,1954 1589,1905 1412,1890 1410,1890 1408,1890 1357,1903 1338,1907 1311,1901 1277,1896 1275,1896 1273,1896 1263,1901 1256,1905 1251,1901 1229,1891 1227,1891 1225,1891 1224,1891 1191,1901 1177,1905 1147,1901 1077,1891 1075,1891 1018,1900 996,1903 991,1900 986,1896 984,1896 983,1896 981,1896 979,1896 971,1900 950,1910 936,1900 930,1893 928,1893 926,1893 924,1893 880,1898 882,1961"/>
        <Baseline points="882,1961 1593,1954"/>
        <TextEquiv>
          <Unicode></Unicode>
        </TextEquiv>
      </TextLine>
      <TextLine id="eSc_line_e4042a40" custom="structure {type:default;}">
        <Coords points="465,1999 463,2021 519,2031 521,2031 574,2021 576,2002 576,1961 465,1953 465,1999"/>
        <Baseline points="465,1999 576,2002"/>
        <TextEquiv>
          <Unicode></Unicode>
        </TextEquiv>
      </TextLine>
      <TextLine id="eSc_line_39575e73" custom="structure {type:default;}">
        <Coords points="483,2055 483,2079 883,2076 890,2079 911,2089 912,2089 914,2091 1020,2091 1020,2089 1022,2089 1059,2079 1071,2076 1080,2079 1107,2089 1109,2089 1111,2091 1497,2091 1497,2089 1548,2088 1550,2088 1552,2088 1567,2078 1572,2076 1615,2078 1815,2088 1817,2088 2005,2076 2005,2055 2005,2016 1913,2007 1911,2007 1877,2016 1860,2019 1848,2016 1824,2007 1822,2007 1820,2007 1819,2007 1789,2016 1774,2019 1750,2016 1692,2007 1690,2007 1689,2007 1671,2016 1668,2018 1660,2016 1612,2007 1610,2007 1608,2007 1607,2007 1595,2016 1588,2021 1538,2021 1530,2016 1504,2007 1502,2007 1248,2007 1246,2007 1193,2018 1183,2019 1167,2018 1089,2007 1087,2007 1085,2007 1083,2007 1068,2018 1066,2019 1054,2018 993,2011 991,2011 989,2011 974,2019 971,2021 786,2021 784,2019 767,2009 765,2009 764,2009 762,2009 760,2009 730,2016 632,2007 630,2007 483,2019 483,2055"/>
        <Baseline points="483,2055 2005,2055"/>
        <TextEquiv>
          <Unicode></Unicode>
        </TextEquiv>
      </TextLine>
      <TextLine id="eSc_line_fe0f7710" custom="structure {type:default;}">
        <Coords points="524,2100 524,2115 858,2115 858,2100 858,2074 830,2066 829,2066 827,2066 726,2074 683,2064 682,2064 680,2064 678,2064 658,2074 560,2064 559,2064 557,2064 524,2074 524,2100"/>
        <Baseline points="524,2100 858,2100"/>
        <TextEquiv>
          <Unicode></Unicode>
        </TextEquiv>
      </TextLine>
      <TextLine id="eSc_line_840d50fd" custom="structure {type:default;}">
        <Coords points="466,2165 465,2183 488,2194 490,2194 492,2194 572,2185 581,2195 582,2195 582,2197 584,2197 586,2197 588,2197 694,2185 695,2168 695,2134 659,2117 658,2117 656,2117 654,2117 653,2117 644,2124 613,2115 612,2115 610,2115 608,2115 606,2115 591,2125 577,2132 553,2132 540,2120 531,2113 529,2113 528,2113 526,2113 466,2113 466,2165"/>
        <Baseline points="466,2165 695,2168"/>
        <TextEquiv>
          <Unicode></Unicode>
        </TextEquiv>
      </TextLine>
      <TextLine id="eSc_line_fa04b1ee" custom="structure {type:default;}">
        <Coords points="468,2219 468,2242 1066,2240 1089,2242 1174,2248 1176,2248 1275,2240 1290,2240 1294,2240 1304,2248 1306,2248 1307,2248 1309,2250 1442,2250 1442,2248 1444,2248 1446,2248 1458,2240 1460,2240 2001,2240 2003,2214 1998,2183 1709,2187 1690,2185 1653,2178 1651,2178 1595,2185 1574,2187 1571,2185 1557,2178 1555,2178 1554,2178 1506,2185 1480,2189 1449,2185 1395,2180 1393,2180 1309,2187 1277,2189 1263,2187 1227,2180 1225,2180 1097,2187 1071,2189 1058,2189 989,2180 988,2180 894,2189 870,2190 841,2189 719,2182 718,2182 466,2190 468,2219"/>
        <Baseline points="468,2219 2003,2214"/>
        <TextEquiv>
          <Unicode></Unicode>
        </TextEquiv>
      </TextLine>
      <TextLine id="eSc_line_a0c85bf6" custom="structure {type:default;}">
        <Coords points="68,2221 68,2272 136,2274 138,2274 140,2274 174,2257 188,2250 220,2250 220,2218 215,2177 66,2178 68,2221"/>
        <Baseline points="68,2221 220,2218"/>
        <TextEquiv>
          <Unicode></Unicode>
        </TextEquiv>
      </TextLine>
      <TextLine id="eSc_line_53359c55" custom="structure {type:default;}">
        <Coords points="528,2265 528,2284 670,2293 671,2293 812,2284 815,2284 817,2284 868,2293 870,2293 871,2293 894,2283 897,2283 900,2283 926,2291 928,2291 930,2291 1150,2283 1160,2283 1165,2283 1261,2291 1263,2291 1412,2283 1572,2289 1574,2289 1624,2279 1630,2279 1636,2279 1665,2288 1666,2288 1668,2288 1872,2279 1882,2279 1883,2279 1907,2288 1909,2288 1911,2288 1998,2277 2000,2259 1995,2236 526,2243 528,2265"/>
        <Baseline points="528,2265 2000,2259"/>
        <TextEquiv>
          <Unicode></Unicode>
        </TextEquiv>
      </TextLine>
      <TextLine id="eSc_line_a562e119" custom="structure {type:default;}">
        <Coords points="531,2307 531,2330 656,2327 673,2330 690,2336 692,2336 694,2336 728,2330 762,2327 813,2330 866,2336 868,2336 897,2330 935,2325 1020,2330 1083,2336 1085,2336 1121,2330 1169,2325 1304,2330 1371,2334 1372,2334 1374,2334 1384,2330 1415,2324 1425,2330 1429,2334 1430,2334 1432,2334 1434,2334 1460,2330 1512,2325 1565,2330 1591,2334 1593,2334 1595,2334 1600,2330 1615,2324 1675,2330 1687,2332 1689,2332 1701,2330 1772,2322 1807,2330 1810,2332 1812,2332 1813,2334 1860,2334 1860,2332 1861,2332 1863,2332 1863,2330 1877,2322 1894,2330 1895,2332 1897,2332 1899,2332 2000,2330 2001,2300 1996,2277 529,2279 531,2307"/>
        <Baseline points="531,2307 2001,2300"/>
        <TextEquiv>
          <Unicode></Unicode>
        </TextEquiv>
      </TextLine>
      <TextLine id="eSc_line_0110198f" custom="structure {type:default;}">
        <Coords points="528,2349 528,2368 670,2368 706,2387 707,2387 709,2387 829,2368 892,2368 930,2387 931,2387 933,2387 935,2387 988,2370 1036,2387 1037,2387 1039,2389 1128,2389 1128,2387 1130,2387 1153,2373 1172,2387 1174,2387 1176,2387 1177,2389 1309,2389 1309,2387 1311,2387 1312,2387 1343,2368 1374,2368 1374,2349 1374,2327 528,2327 528,2349"/>
        <Baseline points="528,2349 1374,2349"/>
        <TextEquiv>
          <Unicode></Unicode>
        </TextEquiv>
      </TextLine>
      <TextLine id="eSc_line_859d4619" custom="structure {type:default;}">
        <Coords points="466,2418 466,2438 577,2438 577,2414 572,2368 465,2368 466,2418"/>
        <Baseline points="466,2418 577,2414"/>
        <TextEquiv>
          <Unicode></Unicode>
        </TextEquiv>
      </TextLine>
      <TextLine id="eSc_line_b0329307" custom="structure {type:default;}">
        <Coords points="492,2469 492,2488 2000,2494 2001,2469 2001,2440 1781,2428 1779,2428 1728,2436 1709,2442 1408,2442 1398,2435 1388,2428 1386,2428 1384,2428 1278,2428 1277,2428 1275,2428 1273,2428 1265,2435 1254,2442 1130,2442 1118,2433 1111,2428 1109,2428 1107,2428 1039,2428 1037,2428 1036,2428 1025,2433 1010,2440 825,2431 748,2428 747,2428 745,2428 738,2430 721,2440 637,2440 492,2430 492,2469"/>
        <Baseline points="492,2469 2001,2469"/>
        <TextEquiv>
          <Unicode></Unicode>
        </TextEquiv>
      </TextLine>
      <TextLine id="eSc_line_d83b646a" custom="structure {type:default;}">
        <Coords points="68,2471 68,2508 147,2494 222,2505 223,2467 218,2436 196,2436 193,2433 181,2423 181,2421 179,2421 177,2421 176,2421 174,2421 152,2430 129,2438 114,2426 111,2423 109,2423 107,2423 66,2423 68,2471"/>
        <Baseline points="68,2471 223,2467"/>
        <TextEquiv>
          <Unicode></Unicode>
        </TextEquiv>
      </TextLine>
      <TextLine id="eSc_line_1116ff0b" custom="structure {type:default;}">
        <Coords points="535,2510 535,2529 565,2539 567,2539 569,2539 620,2530 741,2539 743,2539 791,2530 1112,2530 1131,2539 1133,2539 1135,2539 2001,2529 2001,2510 2001,2483 535,2483 535,2510"/>
        <Baseline points="535,2510 2001,2510"/>
        <TextEquiv>
          <Unicode></Unicode>
        </TextEquiv>
      </TextLine>
      <TextLine id="eSc_line_25c3e122" custom="structure {type:default;}">
        <Coords points="531,2556 531,2577 1998,2578 2001,2549 1996,2529 529,2534 531,2556"/>
        <Baseline points="531,2556 2001,2549"/>
        <TextEquiv>
          <Unicode></Unicode>
        </TextEquiv>
      </TextLine>
      <TextLine id="eSc_line_bdad1edb" custom="structure {type:default;}">
        <Coords points="533,2597 533,2621 2000,2618 2001,2592 1996,2566 531,2573 533,2597"/>
        <Baseline points="533,2597 2001,2592"/>
        <TextEquiv>
          <Unicode></Unicode>
        </TextEquiv>
      </TextLine>
      <TextLine id="eSc_line_ff49b763" custom="structure {type:default;}">
        <Coords points="531,2638 531,2655 1003,2665 1005,2665 1006,2665 1008,2665 1025,2655 1027,2655 1082,2665 1083,2665 1085,2665 1116,2655 1136,2665 1138,2665 1140,2665 1142,2665 1183,2655 1263,2665 1265,2665 1331,2664 1333,2664 1335,2664 1347,2653 1350,2653 1360,2653 1460,2664 1461,2664 1554,2653 1560,2653 1564,2653 1600,2664 1601,2664 1603,2664 1605,2664 1634,2653 1636,2653 1639,2653 1701,2662 1702,2662 2000,2652 2001,2635 1998,2612 529,2609 531,2638"/>
        <Baseline points="531,2638 2001,2635"/>
        <TextEquiv>
          <Unicode></Unicode>
        </TextEquiv>
      </TextLine>
      <TextLine id="eSc_line_0f43313c" custom="structure {type:default;}">
        <Coords points="533,2684 533,2706 873,2701 895,2703 938,2710 940,2710 1090,2701 1145,2700 1165,2701 1244,2710 1246,2710 1289,2700 1301,2698 1319,2700 1388,2708 1389,2708 1506,2700 1533,2708 1535,2708 1536,2708 1960,2706 1962,2706 2001,2693 2001,2677 1996,2655 531,2655 533,2684"/>
        <Baseline points="533,2684 2001,2677"/>
        <TextEquiv>
          <Unicode></Unicode>
        </TextEquiv>
      </TextLine>
      <TextLine id="eSc_line_72ce6193" custom="structure {type:default;}">
        <Coords points="531,2723 531,2746 629,2756 630,2756 692,2747 707,2746 730,2747 829,2758 830,2758 832,2758 853,2747 859,2746 952,2749 1205,2758 1206,2758 1369,2756 1371,2756 1372,2756 1379,2751 1389,2744 1412,2751 1430,2756 1432,2756 1434,2756 1477,2751 1521,2746 1559,2751 1589,2756 1591,2756 1671,2753 1759,2747 1995,2753 1998,2720 1993,2693 529,2698 531,2723"/>
        <Baseline points="531,2723 1998,2720"/>
        <TextEquiv>
          <Unicode></Unicode>
        </TextEquiv>
      </TextLine>
    </TextRegion>
    <TextRegion id="eSc_textblock_938bbf3d"  custom="structure {type:default;}">
      <Coords points="653,129 1441,136 1448,203 601,210 601,143 653,129"/>
      <TextLine id="eSc_line_86462080" custom="structure {type:default;}">
        <Coords points="1299,135 1282,135 1266,143 1256,135 1248,135 1230,133 1213,133 1201,133 1200,133 1172,145 1165,148 1142,145 1095,138 1094,138 1092,138 1078,143 1068,148 996,148 991,143 979,133 979,131 977,131 976,131 974,131 972,131 948,140 936,131 923,131 906,131 888,131 871,131 854,131 837,129 820,129 803,129 786,129 769,129 752,129 735,129 718,129 700,129 683,129 678,129 670,138 666,140 617,138 617,186 615,217 919,220 921,220 923,220 924,220 933,213 945,206 962,213 977,218 979,218 981,218 983,218 984,218 984,217 989,213 996,206 1020,206 1073,206 1077,211 1085,218 1085,220 1087,220 1089,220 1090,220 1140,211 1155,208 1159,210 1172,220 1174,220 1176,220 1177,220 1263,213 1321,222 1323,222 1324,222 1359,208 1360,208 1427,208 1429,189 1427,150 1362,150 1359,148 1312,135 1299,135"/>
        <Baseline points="617,186 1429,189"/>
        <TextEquiv>
          <Unicode></Unicode>
        </TextEquiv>
      </TextLine>
    </TextRegion>
    <TextRegion id="eSc_textblock_32b2d88d"  custom="structure {type:default;}">
      <Coords points="1954,143 2015,150 2008,217 1935,217 1928,164 1954,143"/>
      <TextLine id="eSc_line_9f81303b" custom="structure {type:default;}">
        <Coords points="1996,146 1979,145 1962,143 1945,148 1945,189 1945,220 2005,215 2005,189 2005,148 1996,146"/>
        <Baseline points="1945,189 2005,189"/>
        <TextEquiv>
          <Unicode></Unicode>
        </TextEquiv>
      </TextLine>
    </TextRegion>
    <TextRegion id="eSc_textblock_3005053f"  custom="structure {type:default;}">
      <Coords points="270,2119 271,2130 266,2130 266,2119 270,2119"/>
    </TextRegion>
    <TextRegion id="eSc_textblock_37a22067"  custom="structure {type:default;}">
      <Coords points="270,1948 271,1960 266,1960 266,1948 270,1948"/>
    </TextRegion>
  </Page>
</PcGts>
