<?xml version="1.0" encoding="UTF-8"  standalone="yes"?>
<PcGts xmlns="http://schema.primaresearch.org/PAGE/gts/pagecontent/2019-07-15" xmlns:xsi="http://www.w3.org/2001/XMLSchema-instance" xsi:schemaLocation="http://schema.primaresearch.org/PAGE/gts/pagecontent/2019-07-15 http://schema.primaresearch.org/PAGE/gts/pagecontent/2019-07-15/pagecontent.xsd">
  <Metadata externalRef="pdf//regestapontificu01cath.pdf">
	<Creator>escriptorium</Creator>
	<Created>2026-02-12T11:34:19.903753+00:00</Created>
        <LastChange>2026-02-13T11:07:11.842108+00:00</LastChange>
  </Metadata>
  <Page imageFilename="regestapontificu01cath.pdf_page_349.png" imageWidth="2278" imageHeight="3076">
    <TextRegion id="eSc_textblock_14c4077d"  custom="structure {type:default;}">
      <Coords points="815,239 2086,246 2052,355 2059,1823 2031,2746 416,2746 123,2718 95,2650 75,2240 75,1449 95,1372 75,1317 75,977 95,968 75,854 95,820 61,736 82,551 68,328 109,252 815,239"/>
      <TextLine id="eSc_line_bf394801" custom="structure {type:default;}">
        <Coords points="500,297 500,321 604,316 604,293 599,252 497,254 500,297"/>
        <Baseline points="500,297 604,293"/>
        <TextEquiv>
          <Unicode></Unicode>
        </TextEquiv>
      </TextLine>
      <TextLine id="eSc_line_a73a343a" custom="structure {type:default;}">
        <Coords points="102,345 100,367 2025,365 2026,346 2023,287 1556,305 1478,288 1461,285 1307,285 1305,285 1303,285 1291,288 1254,305 1151,305 1071,290 1030,283 1028,283 955,290 842,302 382,299 365,293 326,283 324,283 322,283 321,283 288,293 266,300 252,293 230,281 228,281 227,281 225,281 191,293 177,299 102,295 102,345"/>
        <Baseline points="102,345 451,340 2026,346"/>
        <TextEquiv>
          <Unicode></Unicode>
        </TextEquiv>
      </TextLine>
      <TextLine id="eSc_line_463e3792" custom="structure {type:default;}">
        <Coords points="268,384 266,401 288,411 290,411 292,411 695,405 736,405 751,405 859,413 861,415 2023,415 2025,389 2023,362 268,357 268,384"/>
        <Baseline points="268,384 2025,389"/>
        <TextEquiv>
          <Unicode></Unicode>
        </TextEquiv>
      </TextLine>
      <TextLine id="eSc_line_14b4e379" custom="structure {type:default;}">
        <Coords points="350,428 348,473 423,476 425,476 427,476 428,476 428,475 446,459 447,457 480,454 481,432 480,408 425,408 425,406 413,394 413,393 411,393 410,393 408,393 350,403 350,428"/>
        <Baseline points="350,428 481,432"/>
        <TextEquiv>
          <Unicode></Unicode>
        </TextEquiv>
      </TextLine>
      <TextLine id="eSc_line_a373c7f1" custom="structure {type:default;}">
        <Coords points="543,432 543,452 2018,457 2021,428 2018,403 577,396 575,396 574,396 541,405 543,432"/>
        <Baseline points="543,432 2021,428"/>
        <TextEquiv>
          <Unicode></Unicode>
        </TextEquiv>
      </TextLine>
      <TextLine id="eSc_line_14111e7c" custom="structure {type:default;}">
        <Coords points="560,469 558,493 1300,504 1302,504 2025,495 2026,473 2025,446 560,440 560,469"/>
        <Baseline points="560,469 2026,473"/>
        <TextEquiv>
          <Unicode></Unicode>
        </TextEquiv>
      </TextLine>
      <TextLine id="eSc_line_c236f23c" custom="structure {type:default;}">
        <Coords points="560,514 560,526 587,540 589,540 591,540 592,540 622,529 630,526 640,529 654,536 656,536 657,536 659,536 669,531 681,524 690,533 695,536 697,536 698,536 700,536 726,533 726,509 722,481 574,480 572,480 570,480 569,480 558,487 560,514"/>
        <Baseline points="560,514 726,509"/>
        <TextEquiv>
          <Unicode></Unicode>
        </TextEquiv>
      </TextLine>
      <TextLine id="eSc_line_4c770235" custom="structure {type:default;}">
        <Coords points="519,565 519,582 2025,579 2026,562 2023,531 1285,521 1283,521 1281,521 1249,531 1199,522 1197,522 1136,531 883,522 881,522 813,531 801,522 799,522 798,522 582,522 581,522 517,533 519,565"/>
        <Baseline points="519,565 2026,562"/>
        <TextEquiv>
          <Unicode></Unicode>
        </TextEquiv>
      </TextLine>
      <TextLine id="eSc_line_160df5f0" custom="structure {type:default;}">
        <Coords points="560,608 560,625 575,633 577,633 579,633 581,633 610,623 613,623 680,623 1100,633 1102,633 1209,627 1315,622 1368,628 1397,632 1399,632 1445,628 1549,622 1579,630 1585,632 1587,632 1589,633 1910,633 1910,632 1912,632 1931,622 1948,632 1949,632 1951,632 1953,633 2025,633 2026,604 2021,582 558,584 560,608"/>
        <Baseline points="560,608 2026,604"/>
        <TextEquiv>
          <Unicode></Unicode>
        </TextEquiv>
      </TextLine>
      <TextLine id="eSc_line_08098c19" custom="structure {type:default;}">
        <Coords points="528,686 533,690 536,645 536,611 531,610 528,645 528,686"/>
        <Baseline points="528,645 536,645"/>
        <TextEquiv>
          <Unicode></Unicode>
        </TextEquiv>
      </TextLine>
      <TextLine id="eSc_line_a3092563" custom="structure {type:default;}">
        <Coords points="553,644 551,659 577,671 579,671 581,673 811,673 811,671 813,671 815,671 828,663 881,671 883,671 1027,663 1035,663 1039,663 1085,673 1086,673 1127,664 1184,673 1185,673 2025,668 2026,649 2025,622 553,620 553,644"/>
        <Baseline points="553,644 2026,649"/>
        <TextEquiv>
          <Unicode></Unicode>
        </TextEquiv>
      </TextLine>
      <TextLine id="eSc_line_b308f848" custom="structure {type:default;}">
        <Coords points="560,688 560,712 1927,709 1929,692 1927,666 560,661 560,688"/>
        <Baseline points="560,688 1929,692"/>
        <TextEquiv>
          <Unicode></Unicode>
        </TextEquiv>
      </TextLine>
      <TextLine id="eSc_line_91a8375e" custom="structure {type:default;}">
        <Coords points="2019,707 466,710 217,702 172,702 170,702 169,702 165,702 133,710 123,702 119,739 119,767 2021,760 2023,743 2019,707"/>
        <Baseline points="119,739 2023,743"/>
        <TextEquiv>
          <Unicode></Unicode>
        </TextEquiv>
      </TextLine>
      <TextLine id="eSc_line_249f419b" custom="structure {type:default;}">
        <Coords points="560,784 560,801 731,801 734,801 758,811 760,811 762,813 762,811 763,811 787,803 791,801 837,803 1039,811 1040,811 1097,804 1131,801 1377,801 1389,806 1394,811 1396,811 1397,811 1399,811 1401,811 1413,808 1425,803 1459,808 1488,811 1490,811 1491,811 1493,811 1497,808 1508,801 1620,801 1632,810 1633,810 1635,810 1637,810 1647,810 1708,801 1722,810 1724,811 1726,811 1727,811 1729,813 1801,813 1801,811 1802,811 1804,811 1804,810 1820,801 1883,801 1910,811 1912,811 1913,811 1915,813 2026,813 2026,784 2026,760 560,760 560,784"/>
        <Baseline points="560,784 2026,784"/>
        <TextEquiv>
          <Unicode></Unicode>
        </TextEquiv>
      </TextLine>
      <TextLine id="eSc_line_8b6d8eab" custom="structure {type:default;}">
        <Coords points="560,825 560,849 1751,844 1751,825 1751,801 560,799 560,825"/>
        <Baseline points="560,825 1751,825"/>
        <TextEquiv>
          <Unicode></Unicode>
        </TextEquiv>
      </TextLine>
      <TextLine id="eSc_line_fb06fb9d" custom="structure {type:default;}">
        <Coords points="121,869 121,895 2026,895 2026,864 2021,832 601,840 553,840 187,833 186,833 119,842 121,869"/>
        <Baseline points="121,869 2026,864"/>
        <TextEquiv>
          <Unicode></Unicode>
        </TextEquiv>
      </TextLine>
      <TextLine id="eSc_line_8d46970b" custom="structure {type:default;}">
        <Coords points="300,909 300,939 459,939 459,909 459,878 300,878 300,909"/>
        <Baseline points="300,909 459,909"/>
        <TextEquiv>
          <Unicode></Unicode>
        </TextEquiv>
      </TextLine>
      <TextLine id="eSc_line_43878440" custom="structure {type:default;}">
        <Coords points="560,912 560,933 784,927 798,934 811,941 813,941 815,941 880,934 955,927 1008,936 1035,939 1037,939 1039,939 1040,939 1045,936 1056,927 1237,926 1341,938 1382,941 1384,941 1385,941 1392,938 1409,927 1500,926 1570,938 1572,938 1573,938 1575,938 1577,938 1599,924 1649,924 1678,939 1679,939 1681,939 1683,941 2021,941 2023,907 2019,886 1630,878 1628,878 1514,886 1507,886 1483,886 1047,880 1045,880 1008,888 1003,890 558,890 560,912"/>
        <Baseline points="560,912 2023,907"/>
        <TextEquiv>
          <Unicode></Unicode>
        </TextEquiv>
      </TextLine>
      <TextLine id="eSc_line_60affde8" custom="structure {type:default;}">
        <Coords points="560,955 560,970 639,970 642,972 652,980 654,980 656,980 657,980 659,980 678,972 681,970 827,970 842,972 885,980 886,980 1305,974 1307,951 1303,927 569,921 567,921 565,921 563,921 563,922 558,926 560,955"/>
        <Baseline points="560,955 1307,951"/>
        <TextEquiv>
          <Unicode></Unicode>
        </TextEquiv>
      </TextLine>
      <TextLine id="eSc_line_1f8bf319" custom="structure {type:default;}">
        <Coords points="124,1001 128,1066 146,1073 148,1073 150,1073 152,1073 164,1068 182,1059 201,1068 201,996 196,970 176,970 172,968 164,960 164,958 162,958 160,958 158,958 121,963 124,1001"/>
        <Baseline points="124,1001 201,996"/>
        <TextEquiv>
          <Unicode></Unicode>
        </TextEquiv>
      </TextLine>
      <TextLine id="eSc_line_5ca6274b" custom="structure {type:default;}">
        <Coords points="287,996 287,1015 360,1028 362,1028 364,1028 365,1028 384,1016 442,1021 444,1021 446,1021 471,1011 471,992 466,960 285,962 287,996"/>
        <Baseline points="287,996 471,992"/>
        <TextEquiv>
          <Unicode></Unicode>
        </TextEquiv>
      </TextLine>
      <TextLine id="eSc_line_4e7c0ad2" custom="structure {type:default;}">
        <Coords points="519,994 519,1013 2028,1011 2030,994 2028,968 519,967 519,994"/>
        <Baseline points="519,994 2030,994"/>
        <TextEquiv>
          <Unicode></Unicode>
        </TextEquiv>
      </TextLine>
      <TextLine id="eSc_line_50412ea5" custom="structure {type:default;}">
        <Coords points="563,1035 562,1049 717,1062 719,1062 1081,1056 1245,1052 1324,1057 1416,1064 1418,1064 1485,1059 1538,1056 1616,1061 1673,1064 1674,1064 1676,1064 1678,1064 1681,1061 1693,1054 1739,1062 1755,1064 1756,1066 1854,1066 1854,1064 1855,1064 1859,1062 1884,1054 2023,1064 2026,1039 2025,1015 563,1004 563,1035"/>
        <Baseline points="563,1035 2026,1039"/>
        <TextEquiv>
          <Unicode></Unicode>
        </TextEquiv>
      </TextLine>
      <TextLine id="eSc_line_b57dff3a" custom="structure {type:default;}">
        <Coords points="563,1076 562,1093 1770,1097 1773,1080 1772,1056 563,1052 563,1076"/>
        <Baseline points="563,1076 1773,1080"/>
        <TextEquiv>
          <Unicode></Unicode>
        </TextEquiv>
      </TextLine>
      <TextLine id="eSc_line_6ce66216" custom="structure {type:default;}">
        <Coords points="287,1119 285,1148 309,1162 311,1162 312,1162 362,1156 403,1165 405,1165 406,1165 408,1165 408,1163 425,1146 476,1144 478,1122 476,1090 387,1085 372,1071 372,1069 370,1069 369,1069 367,1069 287,1085 287,1119"/>
        <Baseline points="287,1119 478,1122"/>
        <TextEquiv>
          <Unicode></Unicode>
        </TextEquiv>
      </TextLine>
      <TextLine id="eSc_line_b7a5a876" custom="structure {type:default;}">
        <Coords points="519,1122 519,1139 2026,1144 2030,1122 2028,1097 519,1095 519,1122"/>
        <Baseline points="519,1122 2030,1122"/>
        <TextEquiv>
          <Unicode></Unicode>
        </TextEquiv>
      </TextLine>
      <TextLine id="eSc_line_29e5946a" custom="structure {type:default;}">
        <Coords points="560,1167 560,1184 692,1192 693,1192 777,1185 799,1184 815,1185 873,1194 874,1194 876,1194 893,1185 897,1185 943,1194 945,1194 946,1194 948,1194 960,1185 963,1184 982,1185 1047,1194 1049,1194 1131,1185 1162,1184 1185,1185 1232,1192 1233,1192 1264,1187 1288,1182 1315,1187 1350,1192 1351,1192 1391,1187 1426,1182 1461,1187 1495,1192 1497,1192 1520,1187 1538,1184 1551,1187 1567,1192 1568,1192 1570,1194 1700,1194 1700,1192 1702,1192 1703,1192 1710,1187 1720,1182 1808,1187 1811,1163 1806,1138 558,1143 560,1167"/>
        <Baseline points="560,1167 1811,1163"/>
        <TextEquiv>
          <Unicode></Unicode>
        </TextEquiv>
      </TextLine>
      <TextLine id="eSc_line_d9dca092" custom="structure {type:default;}">
        <Coords points="370,1213 370,1240 396,1235 396,1213 396,1189 370,1189 370,1213"/>
        <Baseline points="370,1213 396,1213"/>
        <TextEquiv>
          <Unicode></Unicode>
        </TextEquiv>
      </TextLine>
      <TextLine id="eSc_line_16b50b18" custom="structure {type:default;}">
        <Coords points="519,1208 519,1226 2028,1230 2031,1204 2028,1179 517,1177 519,1208"/>
        <Baseline points="519,1208 2031,1204"/>
        <TextEquiv>
          <Unicode></Unicode>
        </TextEquiv>
      </TextLine>
      <TextLine id="eSc_line_be07b05f" custom="structure {type:default;}">
        <Coords points="565,1250 565,1273 2028,1266 2030,1250 2026,1220 565,1225 565,1250"/>
        <Baseline points="565,1250 2030,1250"/>
        <TextEquiv>
          <Unicode></Unicode>
        </TextEquiv>
      </TextLine>
      <TextLine id="eSc_line_198b3b7a" custom="structure {type:default;}">
        <Coords points="565,1295 565,1309 598,1320 599,1320 601,1320 603,1320 637,1310 642,1309 657,1310 733,1319 734,1319 775,1310 796,1307 813,1310 840,1319 842,1319 844,1319 845,1319 864,1312 874,1307 886,1312 904,1319 905,1319 907,1319 945,1312 975,1307 987,1312 1001,1319 1003,1319 1004,1319 1045,1317 1047,1317 1056,1314 1073,1305 1238,1314 1242,1290 1238,1266 789,1259 787,1259 563,1269 565,1295"/>
        <Baseline points="565,1295 1242,1290"/>
        <TextEquiv>
          <Unicode></Unicode>
        </TextEquiv>
      </TextLine>
      <TextLine id="eSc_line_24eca32f" custom="structure {type:default;}">
        <Coords points="270,1343 270,1392 381,1375 493,1384 495,1343 495,1309 362,1285 360,1285 358,1285 357,1285 334,1300 305,1286 304,1286 302,1286 300,1286 299,1286 270,1305 270,1343"/>
        <Baseline points="270,1343 495,1343"/>
        <TextEquiv>
          <Unicode></Unicode>
        </TextEquiv>
      </TextLine>
      <TextLine id="eSc_line_6c101fda" custom="structure {type:default;}">
        <Coords points="512,1343 512,1361 2026,1361 2028,1339 2025,1315 1659,1315 1594,1305 1592,1305 1591,1305 1589,1305 1575,1314 717,1307 716,1307 714,1307 686,1315 577,1307 575,1307 510,1317 512,1343"/>
        <Baseline points="512,1343 2028,1339"/>
        <TextEquiv>
          <Unicode></Unicode>
        </TextEquiv>
      </TextLine>
      <TextLine id="eSc_line_62469942" custom="structure {type:default;}">
        <Coords points="562,1385 562,1404 2028,1401 2030,1382 2026,1360 560,1355 562,1385"/>
        <Baseline points="562,1385 2030,1382"/>
        <TextEquiv>
          <Unicode></Unicode>
        </TextEquiv>
      </TextLine>
      <TextLine id="eSc_line_44d34cfd" custom="structure {type:default;}">
        <Coords points="562,1426 562,1445 2030,1445 2030,1426 2030,1402 562,1396 562,1426"/>
        <Baseline points="562,1426 2030,1426"/>
        <TextEquiv>
          <Unicode></Unicode>
        </TextEquiv>
      </TextLine>
      <TextLine id="eSc_line_31e16671" custom="structure {type:default;}">
        <Coords points="563,1467 562,1485 642,1496 644,1496 722,1488 953,1496 955,1498 1240,1498 1240,1496 1281,1488 1285,1488 1286,1488 1297,1498 1298,1498 1300,1498 1302,1498 2028,1491 2030,1471 2028,1449 563,1440 563,1467"/>
        <Baseline points="563,1467 2030,1471"/>
        <TextEquiv>
          <Unicode></Unicode>
        </TextEquiv>
      </TextLine>
      <TextLine id="eSc_line_5d1bcd8c" custom="structure {type:default;}">
        <Coords points="565,1514 565,1532 2026,1536 2030,1508 2025,1483 563,1486 565,1514"/>
        <Baseline points="565,1514 2030,1508"/>
        <TextEquiv>
          <Unicode></Unicode>
        </TextEquiv>
      </TextLine>
      <TextLine id="eSc_line_ceef8357" custom="structure {type:default;}">
        <Coords points="563,1553 562,1568 2026,1572 2030,1556 2026,1524 563,1524 563,1553"/>
        <Baseline points="563,1553 2030,1556"/>
        <TextEquiv>
          <Unicode></Unicode>
        </TextEquiv>
      </TextLine>
      <TextLine id="eSc_line_73dfd372" custom="structure {type:default;}">
        <Coords points="567,1597 567,1613 630,1623 632,1623 634,1623 654,1614 690,1623 692,1623 693,1623 823,1614 825,1614 827,1614 905,1623 907,1623 953,1614 955,1614 960,1614 1124,1623 1126,1623 1127,1623 1129,1623 1139,1614 1141,1614 1196,1623 1197,1623 1199,1623 1218,1614 1220,1614 1269,1623 1271,1623 1273,1623 1297,1614 1298,1614 1305,1614 1392,1623 1394,1625 1474,1625 1474,1623 1476,1623 1478,1623 1488,1614 1490,1614 1493,1614 1555,1623 1556,1623 2030,1614 2031,1597 2030,1575 567,1572 567,1597"/>
        <Baseline points="567,1597 2031,1597"/>
        <TextEquiv>
          <Unicode></Unicode>
        </TextEquiv>
      </TextLine>
      <TextLine id="eSc_line_3d144534" custom="structure {type:default;}">
        <Coords points="563,1638 563,1659 2031,1662 2033,1638 2031,1613 563,1613 563,1638"/>
        <Baseline points="563,1638 2033,1638"/>
        <TextEquiv>
          <Unicode></Unicode>
        </TextEquiv>
      </TextLine>
      <TextLine id="eSc_line_6b28585c" custom="structure {type:default;}">
        <Coords points="560,1681 560,1702 2030,1702 2031,1678 2028,1652 657,1650 656,1650 558,1659 560,1681"/>
        <Baseline points="560,1681 2031,1678"/>
        <TextEquiv>
          <Unicode></Unicode>
        </TextEquiv>
      </TextLine>
      <TextLine id="eSc_line_5984cac0" custom="structure {type:default;}">
        <Coords points="562,1724 562,1741 601,1753 603,1753 604,1755 734,1755 734,1753 736,1753 738,1753 751,1743 753,1743 786,1753 787,1753 789,1755 842,1755 842,1753 844,1753 845,1753 857,1744 861,1743 1165,1743 1174,1746 1184,1753 1185,1753 1187,1753 1189,1753 1245,1748 1278,1744 1339,1748 1418,1753 1420,1753 1421,1753 1430,1749 1438,1744 1466,1749 1490,1753 1491,1755 1777,1755 1777,1753 1789,1751 1831,1744 1854,1753 1857,1753 1859,1753 1861,1753 1871,1753 1956,1743 2028,1753 2030,1724 2030,1702 562,1702 562,1724"/>
        <Baseline points="562,1724 2030,1724"/>
        <TextEquiv>
          <Unicode></Unicode>
        </TextEquiv>
      </TextLine>
      <TextLine id="eSc_line_cf0e8582" custom="structure {type:default;}">
        <Coords points="563,1768 563,1787 2028,1790 2031,1765 2026,1741 562,1741 563,1768"/>
        <Baseline points="563,1768 2031,1765"/>
        <TextEquiv>
          <Unicode></Unicode>
        </TextEquiv>
      </TextLine>
      <TextLine id="eSc_line_ac7cc1b3" custom="structure {type:default;}">
        <Coords points="562,1809 562,1825 791,1831 792,1831 794,1831 796,1831 806,1821 806,1806 801,1780 560,1782 562,1809"/>
        <Baseline points="562,1809 806,1806"/>
        <TextEquiv>
          <Unicode></Unicode>
        </TextEquiv>
      </TextLine>
      <TextLine id="eSc_line_1ed67459" custom="structure {type:default;}">
        <Coords points="502,1859 502,1878 2028,1879 2030,1859 2030,1826 502,1826 502,1859"/>
        <Baseline points="502,1859 2030,1859"/>
        <TextEquiv>
          <Unicode></Unicode>
        </TextEquiv>
      </TextLine>
      <TextLine id="eSc_line_8e49b93e" custom="structure {type:default;}">
        <Coords points="563,1900 562,1915 642,1925 644,1925 2026,1919 2028,1903 2026,1879 563,1876 563,1900"/>
        <Baseline points="563,1900 2028,1903"/>
        <TextEquiv>
          <Unicode></Unicode>
        </TextEquiv>
      </TextLine>
      <TextLine id="eSc_line_ba1966a3" custom="structure {type:default;}">
        <Coords points="563,1944 563,1963 2028,1968 2030,1944 2030,1920 563,1920 563,1944"/>
        <Baseline points="563,1944 2030,1944"/>
        <TextEquiv>
          <Unicode></Unicode>
        </TextEquiv>
      </TextLine>
      <TextLine id="eSc_line_d4e692e3" custom="structure {type:default;}">
        <Coords points="563,1984 562,2001 753,2013 755,2013 815,2004 1252,2013 1254,2013 1256,2013 1288,2004 1314,2013 1315,2013 1317,2013 1741,2006 1772,2014 1773,2014 1775,2016 2014,2016 2014,2014 2016,2014 2018,2014 2028,2004 2030,1987 2026,1956 563,1958 563,1984"/>
        <Baseline points="563,1984 2030,1987"/>
        <TextEquiv>
          <Unicode></Unicode>
        </TextEquiv>
      </TextLine>
      <TextLine id="eSc_line_43367899" custom="structure {type:default;}">
        <Coords points="560,2025 558,2040 579,2050 581,2050 582,2050 628,2043 659,2055 661,2055 663,2055 714,2047 780,2054 782,2054 784,2054 786,2054 798,2043 857,2055 859,2055 861,2055 900,2043 929,2055 931,2055 933,2055 987,2045 1064,2057 1066,2057 1372,2045 1409,2045 1423,2057 1423,2059 1425,2059 1426,2059 1428,2060 1560,2060 1560,2059 1561,2059 1563,2059 1579,2047 1632,2059 1633,2059 1702,2047 1732,2059 1734,2059 1736,2059 1737,2059 1775,2045 1777,2030 1775,2004 560,2002 560,2025"/>
        <Baseline points="560,2025 1777,2030"/>
        <TextEquiv>
          <Unicode></Unicode>
        </TextEquiv>
      </TextLine>
      <TextLine id="eSc_line_c930e810" custom="structure {type:default;}">
        <Coords points="280,2069 278,2091 2021,2100 2025,2072 2025,2048 280,2043 280,2069"/>
        <Baseline points="280,2069 2025,2072"/>
        <TextEquiv>
          <Unicode></Unicode>
        </TextEquiv>
      </TextLine>
      <TextLine id="eSc_line_bdf03a68" custom="structure {type:default;}">
        <Coords points="563,2112 563,2137 1681,2136 1683,2115 1681,2091 563,2081 563,2112"/>
        <Baseline points="563,2112 1683,2115"/>
        <TextEquiv>
          <Unicode></Unicode>
        </TextEquiv>
      </TextLine>
      <TextLine id="eSc_line_094d2e96" custom="structure {type:default;}">
        <Coords points="500,2161 499,2180 2026,2183 2030,2165 2026,2130 500,2132 500,2161"/>
        <Baseline points="500,2161 2030,2165"/>
        <TextEquiv>
          <Unicode></Unicode>
        </TextEquiv>
      </TextLine>
      <TextLine id="eSc_line_9b2dd45d" custom="structure {type:default;}">
        <Coords points="560,2206 560,2224 991,2224 1009,2228 1054,2236 1056,2238 1110,2238 1110,2236 1112,2236 1114,2236 1124,2230 1131,2224 1187,2230 1266,2236 1268,2238 1567,2238 1567,2236 1568,2236 1570,2236 1573,2233 1587,2224 1674,2235 1703,2236 1705,2236 1707,2236 1708,2236 1710,2235 1724,2224 1780,2224 1874,2236 1884,2236 1886,2236 1891,2236 1946,2224 1965,2236 1966,2236 1968,2236 1970,2238 2030,2238 2030,2206 2028,2182 560,2183 560,2206"/>
        <Baseline points="560,2206 2030,2206"/>
        <TextEquiv>
          <Unicode></Unicode>
        </TextEquiv>
      </TextLine>
      <TextLine id="eSc_line_e21f9265" custom="structure {type:default;}">
        <Coords points="560,2245 558,2271 2025,2272 2028,2248 2026,2224 560,2223 560,2245"/>
        <Baseline points="560,2245 2028,2248"/>
        <TextEquiv>
          <Unicode></Unicode>
        </TextEquiv>
      </TextLine>
      <TextLine id="eSc_line_e419c8f4" custom="structure {type:default;}">
        <Coords points="560,2288 558,2308 2025,2312 2028,2291 2025,2260 560,2260 560,2288"/>
        <Baseline points="560,2288 2028,2291"/>
        <TextEquiv>
          <Unicode></Unicode>
        </TextEquiv>
      </TextLine>
      <TextLine id="eSc_line_d743cc0f" custom="structure {type:default;}">
        <Coords points="562,2332 562,2353 692,2353 710,2361 712,2361 714,2361 787,2353 880,2361 881,2361 1035,2353 1066,2361 1068,2361 1069,2361 1148,2353 1180,2361 1182,2361 1184,2361 2025,2351 2026,2332 2025,2310 562,2310 562,2332"/>
        <Baseline points="562,2332 2026,2332"/>
        <TextEquiv>
          <Unicode></Unicode>
        </TextEquiv>
      </TextLine>
      <TextLine id="eSc_line_1987a75e" custom="structure {type:default;}">
        <Coords points="562,2373 560,2390 586,2400 587,2400 589,2400 2023,2397 2025,2377 2023,2349 562,2349 562,2373"/>
        <Baseline points="562,2373 2025,2377"/>
        <TextEquiv>
          <Unicode></Unicode>
        </TextEquiv>
      </TextLine>
      <TextLine id="eSc_line_48db0fe6" custom="structure {type:default;}">
        <Coords points="562,2414 560,2435 2023,2440 2026,2419 2025,2394 562,2387 562,2414"/>
        <Baseline points="562,2414 2026,2419"/>
        <TextEquiv>
          <Unicode></Unicode>
        </TextEquiv>
      </TextLine>
      <TextLine id="eSc_line_58c34bd9" custom="structure {type:default;}">
        <Coords points="565,2457 563,2477 1319,2489 1321,2489 2025,2481 2026,2460 2025,2436 565,2428 565,2457"/>
        <Baseline points="565,2457 2026,2460"/>
        <TextEquiv>
          <Unicode></Unicode>
        </TextEquiv>
      </TextLine>
      <TextLine id="eSc_line_eb242123" custom="structure {type:default;}">
        <Coords points="560,2500 558,2525 2023,2527 2026,2503 2025,2474 560,2472 560,2500"/>
        <Baseline points="560,2500 2026,2503"/>
        <TextEquiv>
          <Unicode></Unicode>
        </TextEquiv>
      </TextLine>
      <TextLine id="eSc_line_8b618cec" custom="structure {type:default;}">
        <Coords points="562,2542 562,2565 2028,2565 2028,2542 2028,2520 562,2520 562,2542"/>
        <Baseline points="562,2542 2028,2542"/>
        <TextEquiv>
          <Unicode></Unicode>
        </TextEquiv>
      </TextLine>
      <TextLine id="eSc_line_88161e03" custom="structure {type:default;}">
        <Coords points="565,2587 565,2606 772,2606 798,2607 869,2616 871,2616 873,2616 895,2609 905,2606 933,2609 991,2616 992,2616 994,2616 1021,2609 1037,2606 1052,2609 1080,2616 1081,2616 1083,2616 1085,2616 1103,2609 1117,2606 1151,2609 1197,2616 1199,2616 1201,2616 1203,2616 1209,2611 1218,2606 1348,2611 1432,2614 1433,2614 1459,2612 1527,2604 1601,2612 1620,2614 1621,2614 1623,2614 1628,2612 1647,2604 1659,2612 1661,2614 1662,2614 1664,2614 1666,2616 1712,2616 1712,2614 1714,2614 1715,2614 1715,2612 1729,2604 1751,2612 1753,2612 1755,2612 1797,2604 1811,2614 1813,2614 1814,2614 1816,2616 1924,2616 1924,2614 1925,2614 1955,2604 2023,2614 2026,2583 2023,2563 563,2558 565,2587"/>
        <Baseline points="565,2587 2026,2583"/>
        <TextEquiv>
          <Unicode></Unicode>
        </TextEquiv>
      </TextLine>
      <TextLine id="eSc_line_5d051caa" custom="structure {type:default;}">
        <Coords points="563,2628 563,2648 1939,2648 1941,2631 1939,2606 563,2602 563,2628"/>
        <Baseline points="563,2628 1941,2631"/>
        <TextEquiv>
          <Unicode></Unicode>
        </TextEquiv>
      </TextLine>
      <TextLine id="eSc_line_9e9b108e" custom="structure {type:default;}">
        <Coords points="276,2670 280,2729 352,2706 495,2723 495,2665 490,2614 396,2624 275,2619 276,2670"/>
        <Baseline points="276,2670 495,2665"/>
        <TextEquiv>
          <Unicode></Unicode>
        </TextEquiv>
      </TextLine>
      <TextLine id="eSc_line_9d50b503" custom="structure {type:default;}">
        <Coords points="516,2665 514,2686 2025,2691 2028,2670 2028,2645 516,2640 516,2665"/>
        <Baseline points="516,2665 2028,2670"/>
        <TextEquiv>
          <Unicode></Unicode>
        </TextEquiv>
      </TextLine>
      <TextLine id="eSc_line_76193c39" custom="structure {type:default;}">
        <Coords points="565,2713 565,2753 615,2753 616,2753 632,2763 634,2763 635,2763 637,2763 695,2754 801,2763 803,2763 804,2763 823,2754 827,2753 2025,2763 2026,2713 2026,2693 565,2693 565,2713"/>
        <Baseline points="565,2713 2026,2713"/>
        <TextEquiv>
          <Unicode></Unicode>
        </TextEquiv>
      </TextLine>
    </TextRegion>
    <TextRegion id="eSc_textblock_5bd22272"  custom="structure {type:default;}">
      <Coords points="1052,123 1302,129 1309,196 1227,223 839,223 777,189 804,129 1052,123"/>
      <TextLine id="eSc_line_639b96eb" custom="structure {type:default;}">
        <Coords points="1271,128 1254,128 1237,126 1220,126 1203,126 1196,126 1160,136 1110,136 1103,129 1097,124 1097,123 1095,123 1093,123 1092,123 1090,123 1066,131 1042,138 1004,133 953,128 951,128 950,128 929,138 924,140 912,138 842,128 827,128 823,128 810,138 811,186 811,205 827,213 828,213 830,213 893,206 936,201 979,206 1013,211 1015,211 1016,211 1030,208 1057,199 1122,208 1146,211 1148,211 1150,211 1155,210 1175,199 1187,210 1189,210 1191,210 1192,211 1281,211 1283,179 1279,128 1271,128"/>
        <Baseline points="811,186 1283,179"/>
        <TextEquiv>
          <Unicode></Unicode>
        </TextEquiv>
      </TextLine>
    </TextRegion>
    <TextRegion id="eSc_textblock_77b6e634"  custom="structure {type:default;}">
      <Coords points="1927,129 2059,143 2052,203 1883,203 1862,157 1927,129"/>
      <TextLine id="eSc_line_45dfc57b" custom="structure {type:default;}">
        <Coords points="2009,138 1992,136 1975,135 1958,131 1951,129 1946,133 1929,141 1905,136 1890,143 1890,179 1890,218 2025,211 2025,179 2025,140 2009,138"/>
        <Baseline points="1890,179 2025,179"/>
        <TextEquiv>
          <Unicode></Unicode>
        </TextEquiv>
      </TextLine>
    </TextRegion>
  </Page>
</PcGts>
