<?xml version="1.0" encoding="UTF-8"  standalone="yes"?>
<PcGts xmlns="http://schema.primaresearch.org/PAGE/gts/pagecontent/2019-07-15" xmlns:xsi="http://www.w3.org/2001/XMLSchema-instance" xsi:schemaLocation="http://schema.primaresearch.org/PAGE/gts/pagecontent/2019-07-15 http://schema.primaresearch.org/PAGE/gts/pagecontent/2019-07-15/pagecontent.xsd">
  <Metadata externalRef="pdf//regestapontificu01cath.pdf">
	<Creator>escriptorium</Creator>
	<Created>2026-02-12T11:23:34.678812+00:00</Created>
        <LastChange>2026-02-13T10:11:07.034101+00:00</LastChange>
  </Metadata>
  <Page imageFilename="regestapontificu01cath.pdf_page_86.png" imageWidth="2353" imageHeight="3055">
    <TextRegion id="eSc_textblock_c693c3fc"  custom="structure {type:default;}">
      <Coords points="300,142 344,149 358,195 337,222 278,229 258,169 300,142"/>
      <TextLine id="eSc_line_69a963a5" custom="structure {type:default;}">
        <Coords points="273,156 276,190 276,212 339,215 341,186 337,147 286,147 273,156"/>
        <Baseline points="276,190 341,186"/>
        <TextEquiv>
          <Unicode></Unicode>
        </TextEquiv>
      </TextLine>
    </TextRegion>
    <TextRegion id="eSc_textblock_3a2f7b15"  custom="structure {type:default;}">
      <Coords points="1069,135 1476,142 1490,201 1465,244 2244,257 2244,2123 2230,2673 2203,2741 692,2734 677,1661 657,2693 584,2700 502,2652 509,2518 543,2498 475,2483 448,2029 419,2075 325,2062 271,1946 258,271 278,244 663,264 677,305 699,257 1342,235 1011,215 1005,149 1069,135"/>
      <TextLine id="eSc_line_d25b688b" custom="structure {type:default;}">
        <Coords points="1356,139 1354,139 1300,147 1288,149 1278,147 1249,139 1247,139 1246,139 1183,144 1078,152 1037,140 1030,140 1030,195 1030,217 1460,220 1461,195 1461,154 1385,154 1380,151 1358,139 1356,139"/>
        <Baseline points="1030,195 1461,195"/>
        <TextEquiv>
          <Unicode></Unicode>
        </TextEquiv>
      </TextLine>
      <TextLine id="eSc_line_f7ba0a30" custom="structure {type:default;}">
        <Coords points="689,276 690,307 690,332 799,327 799,303 794,264 696,266 689,276"/>
        <Baseline points="690,307 799,303"/>
        <TextEquiv>
          <Unicode></Unicode>
        </TextEquiv>
      </TextLine>
      <TextLine id="eSc_line_153e5074" custom="structure {type:default;}">
        <Coords points="477,356 477,380 517,383 517,385 529,395 529,397 531,397 533,397 534,397 584,390 621,385 667,397 670,356 668,312 477,312 477,356"/>
        <Baseline points="477,356 670,356"/>
        <TextEquiv>
          <Unicode></Unicode>
        </TextEquiv>
      </TextLine>
      <TextLine id="eSc_line_4d28cc94" custom="structure {type:default;}">
        <Coords points="706,354 704,378 2212,381 2215,359 2213,324 2066,308 2020,308 2018,308 2016,308 2015,308 1996,322 1994,322 1677,322 1677,320 1662,310 1660,310 1658,310 1575,307 1573,307 1572,307 1548,315 1521,307 1519,307 1184,307 1183,307 1181,307 1179,307 1168,315 1144,308 1142,308 1140,308 959,319 945,319 937,319 818,307 816,307 814,307 792,319 791,319 706,319 706,354"/>
        <Baseline points="706,354 2215,359"/>
        <TextEquiv>
          <Unicode></Unicode>
        </TextEquiv>
      </TextLine>
      <TextLine id="eSc_line_1ea9438a" custom="structure {type:default;}">
        <Coords points="750,397 750,414 1870,414 1870,397 1870,375 750,375 750,397"/>
        <Baseline points="750,397 1870,397"/>
        <TextEquiv>
          <Unicode></Unicode>
        </TextEquiv>
      </TextLine>
      <TextLine id="eSc_line_e7ebb9a3" custom="structure {type:default;}">
        <Coords points="487,439 487,473 614,480 616,480 617,480 619,480 619,478 631,468 631,466 672,465 672,439 672,409 487,409 487,439"/>
        <Baseline points="487,439 672,439"/>
        <TextEquiv>
          <Unicode></Unicode>
        </TextEquiv>
      </TextLine>
      <TextLine id="eSc_line_cde55194" custom="structure {type:default;}">
        <Coords points="706,439 706,458 2217,458 2217,439 2217,414 706,414 706,439"/>
        <Baseline points="706,439 2217,439"/>
        <TextEquiv>
          <Unicode></Unicode>
        </TextEquiv>
      </TextLine>
      <TextLine id="eSc_line_379a9f9e" custom="structure {type:default;}">
        <Coords points="750,480 748,498 789,509 791,510 2213,510 2215,483 2213,456 750,456 750,480"/>
        <Baseline points="750,480 2215,483"/>
        <TextEquiv>
          <Unicode></Unicode>
        </TextEquiv>
      </TextLine>
      <TextLine id="eSc_line_f8b93c49" custom="structure {type:default;}">
        <Coords points="746,521 745,538 2212,541 2215,524 2213,497 746,497 746,521"/>
        <Baseline points="746,521 2215,524"/>
        <TextEquiv>
          <Unicode></Unicode>
        </TextEquiv>
      </TextLine>
      <TextLine id="eSc_line_4685a705" custom="structure {type:default;}">
        <Coords points="701,561 699,575 830,587 831,587 923,578 1161,587 1162,587 1164,587 1200,578 1241,588 1242,588 1244,590 1533,590 1533,588 1534,588 1561,580 1626,588 1628,588 1858,582 1892,590 1894,590 1896,592 2077,592 2077,590 2213,580 2215,566 2213,543 1954,534 1952,534 1950,534 1938,539 1931,544 1743,544 1701,538 1663,532 1662,532 1660,532 1651,538 1643,541 1633,536 1622,532 1621,532 1619,532 1617,532 1604,536 1589,541 1548,536 1517,532 1516,532 1487,536 1434,541 1307,534 1274,532 1273,532 1213,532 865,539 701,529 701,561"/>
        <Baseline points="701,561 2215,566"/>
        <TextEquiv>
          <Unicode></Unicode>
        </TextEquiv>
      </TextLine>
      <TextLine id="eSc_line_95b68732" custom="structure {type:default;}">
        <Coords points="752,607 750,624 811,634 813,634 959,626 967,626 971,626 1020,634 1022,634 1023,634 1049,626 1050,626 1055,626 1118,634 1120,634 1274,627 1305,626 1312,627 1337,634 1339,634 1341,634 1376,627 1383,626 1387,627 1400,634 1402,634 1403,634 2210,629 2212,611 2210,587 752,583 752,607"/>
        <Baseline points="752,607 2212,611"/>
        <TextEquiv>
          <Unicode></Unicode>
        </TextEquiv>
      </TextLine>
      <TextLine id="eSc_line_77472bc6" custom="structure {type:default;}">
        <Coords points="752,648 750,667 770,678 772,678 774,678 860,673 874,682 876,682 877,682 879,682 932,670 1040,670 1055,680 1057,680 1059,680 1061,680 1181,670 1252,682 1254,683 1353,683 1353,682 1354,682 1380,672 1570,682 1572,682 1719,672 1758,683 1760,683 1762,683 2210,670 2212,651 2210,626 752,622 752,648"/>
        <Baseline points="752,648 2212,651"/>
        <TextEquiv>
          <Unicode></Unicode>
        </TextEquiv>
      </TextLine>
      <TextLine id="eSc_line_36abe01f" custom="structure {type:default;}">
        <Coords points="750,692 750,712 969,717 971,717 1059,704 1059,689 1055,665 930,656 928,656 748,667 750,692"/>
        <Baseline points="750,692 1059,689"/>
        <TextEquiv>
          <Unicode></Unicode>
        </TextEquiv>
      </TextLine>
      <TextLine id="eSc_line_8d584569" custom="structure {type:default;}">
        <Coords points="690,753 690,782 796,777 796,753 796,719 690,711 690,753"/>
        <Baseline points="690,753 796,753"/>
        <TextEquiv>
          <Unicode></Unicode>
        </TextEquiv>
      </TextLine>
      <TextLine id="eSc_line_7d05060b" custom="structure {type:default;}">
        <Coords points="327,802 327,833 427,831 427,799 421,724 388,729 376,719 373,717 373,716 371,716 370,716 324,716 327,802"/>
        <Baseline points="327,802 427,799"/>
        <TextEquiv>
          <Unicode></Unicode>
        </TextEquiv>
      </TextLine>
      <TextLine id="eSc_line_b3261e12" custom="structure {type:default;}">
        <Coords points="487,801 487,860 577,848 600,852 645,858 646,858 648,858 650,858 667,845 667,797 663,734 626,734 624,734 623,734 621,734 616,739 599,751 556,746 533,743 531,743 485,753 487,801"/>
        <Baseline points="487,801 667,797"/>
        <TextEquiv>
          <Unicode></Unicode>
        </TextEquiv>
      </TextLine>
      <TextLine id="eSc_line_ca55113e" custom="structure {type:default;}">
        <Coords points="704,799 702,812 726,824 728,824 730,824 1227,818 1397,816 1429,819 1482,826 1483,826 1527,821 1555,818 1607,821 1675,826 1677,826 1704,823 1735,818 2103,818 2208,826 2212,802 2212,772 2178,760 2176,760 2174,760 2118,770 2057,760 2055,760 1945,770 1930,760 1928,760 1926,760 1847,760 1845,760 1733,770 1726,770 1711,760 1709,760 1707,760 1655,760 1653,760 1583,770 1575,770 1565,770 1456,758 1454,758 1395,770 1381,770 1332,770 1332,768 1317,758 1315,758 1314,758 1312,758 1196,768 1191,768 1188,768 1062,758 1061,758 1059,758 1027,768 1023,768 704,768 704,799"/>
        <Baseline points="704,799 2212,802"/>
        <TextEquiv>
          <Unicode></Unicode>
        </TextEquiv>
      </TextLine>
      <TextLine id="eSc_line_76578ef5" custom="structure {type:default;}">
        <Coords points="748,841 748,868 1047,875 1049,875 1137,867 1164,865 1171,867 1195,875 1196,875 1198,877 1283,877 1283,875 1363,865 1373,865 1376,865 1400,875 1402,875 1403,875 1476,865 1482,865 1483,865 1504,875 1505,875 1507,875 1509,875 1534,865 1538,865 1614,874 1616,874 1663,863 1663,841 1663,819 748,819 748,841"/>
        <Baseline points="748,841 1663,841"/>
        <TextEquiv>
          <Unicode></Unicode>
        </TextEquiv>
      </TextLine>
      <TextLine id="eSc_line_62f9acf4" custom="structure {type:default;}">
        <Coords points="692,911 692,943 870,943 870,941 872,941 874,941 874,940 876,940 876,938 882,931 969,936 1037,940 1038,940 1040,940 1042,940 1049,935 1055,930 1101,933 1161,938 1162,938 1220,931 1246,928 1308,928 1578,935 1580,935 1582,935 1583,935 1595,924 1595,902 1590,867 1507,867 1505,867 1480,857 1478,857 1476,857 1475,857 1454,865 1295,858 1293,858 1201,868 1184,870 1168,868 1071,860 1069,860 1067,860 1066,860 1066,862 1055,870 1035,870 828,863 826,863 825,863 823,863 814,872 811,874 796,872 735,865 733,865 690,872 692,911"/>
        <Baseline points="692,911 1595,902"/>
        <TextEquiv>
          <Unicode></Unicode>
        </TextEquiv>
      </TextLine>
      <TextLine id="eSc_line_22352a9e" custom="structure {type:default;}">
        <Coords points="292,969 295,1013 303,1006 331,1009 398,1018 400,1018 402,1018 404,1018 404,1016 419,1003 421,1001 444,1001 444,969 443,928 378,941 292,935 292,969"/>
        <Baseline points="292,969 444,969"/>
        <TextEquiv>
          <Unicode></Unicode>
        </TextEquiv>
      </TextLine>
      <TextLine id="eSc_line_0c248cc8" custom="structure {type:default;}">
        <Coords points="707,967 707,997 814,989 1256,994 1458,996 1460,996 1461,996 1468,992 1480,987 2213,987 2215,964 2210,935 706,935 707,967"/>
        <Baseline points="707,967 2215,964"/>
        <TextEquiv>
          <Unicode></Unicode>
        </TextEquiv>
      </TextLine>
      <TextLine id="eSc_line_05f80cd2" custom="structure {type:default;}">
        <Coords points="750,1011 750,1030 2206,1031 2210,1008 2205,984 748,986 750,1011"/>
        <Baseline points="750,1011 2210,1008"/>
        <TextEquiv>
          <Unicode></Unicode>
        </TextEquiv>
      </TextLine>
      <TextLine id="eSc_line_07e9df6a" custom="structure {type:default;}">
        <Coords points="750,1052 750,1069 2208,1074 2212,1052 2210,1026 750,1026 750,1052"/>
        <Baseline points="750,1052 2212,1052"/>
        <TextEquiv>
          <Unicode></Unicode>
        </TextEquiv>
      </TextLine>
      <TextLine id="eSc_line_8b8f1982" custom="structure {type:default;}">
        <Coords points="746,1093 746,1109 1142,1118 1144,1118 1145,1118 1174,1109 1176,1109 1178,1109 1242,1118 1244,1118 1246,1118 1271,1109 1339,1118 1341,1118 1342,1118 1344,1118 1354,1109 1385,1118 1387,1118 1388,1118 1454,1108 1465,1108 1475,1108 1543,1116 1544,1116 1546,1116 1577,1108 1580,1108 1738,1108 1740,1108 1752,1116 1753,1116 1755,1116 1757,1116 2030,1106 2032,1089 2027,1067 745,1069 746,1093"/>
        <Baseline points="746,1093 2032,1089"/>
        <TextEquiv>
          <Unicode></Unicode>
        </TextEquiv>
      </TextLine>
      <TextLine id="eSc_line_4221bf19" custom="structure {type:default;}">
        <Coords points="707,1138 707,1155 2212,1159 2215,1135 2210,1108 706,1111 707,1138"/>
        <Baseline points="707,1138 2215,1135"/>
        <TextEquiv>
          <Unicode></Unicode>
        </TextEquiv>
      </TextLine>
      <TextLine id="eSc_line_d3fc67cd" custom="structure {type:default;}">
        <Coords points="748,1179 748,1194 2208,1196 2212,1174 2208,1149 765,1147 763,1147 762,1147 746,1154 748,1179"/>
        <Baseline points="748,1179 2212,1174"/>
        <TextEquiv>
          <Unicode></Unicode>
        </TextEquiv>
      </TextLine>
      <TextLine id="eSc_line_e455038a" custom="structure {type:default;}">
        <Coords points="748,1220 748,1242 2210,1245 2213,1216 2208,1196 746,1198 748,1220"/>
        <Baseline points="748,1220 2213,1216"/>
        <TextEquiv>
          <Unicode></Unicode>
        </TextEquiv>
      </TextLine>
      <TextLine id="eSc_line_d6472d63" custom="structure {type:default;}">
        <Coords points="750,1264 750,1279 2212,1276 2213,1261 2208,1237 748,1238 750,1264"/>
        <Baseline points="750,1264 2213,1261"/>
        <TextEquiv>
          <Unicode></Unicode>
        </TextEquiv>
      </TextLine>
      <TextLine id="eSc_line_e30ebd04" custom="structure {type:default;}">
        <Coords points="750,1306 750,1320 2210,1322 2213,1306 2212,1281 750,1281 750,1306"/>
        <Baseline points="750,1306 2213,1306"/>
        <TextEquiv>
          <Unicode></Unicode>
        </TextEquiv>
      </TextLine>
      <TextLine id="eSc_line_0264923a" custom="structure {type:default;}">
        <Coords points="748,1350 748,1374 911,1367 926,1374 937,1378 938,1378 940,1379 1020,1379 1020,1378 1022,1378 1023,1378 1030,1373 1040,1367 1050,1373 1061,1378 1062,1378 1064,1378 1066,1378 1067,1378 1074,1373 1083,1367 1179,1367 1203,1373 1234,1378 1235,1378 1330,1371 1400,1366 1409,1371 1417,1376 1419,1376 1420,1376 1422,1376 1466,1369 1483,1367 1488,1369 1495,1376 1497,1376 1499,1376 1500,1378 1582,1378 1582,1376 1636,1369 1658,1366 1670,1369 1697,1376 1699,1376 1701,1376 1748,1367 1772,1364 1892,1367 2184,1374 2186,1374 2188,1374 2212,1364 2212,1345 2208,1322 1235,1315 1234,1315 1181,1323 806,1317 804,1317 746,1325 748,1350"/>
        <Baseline points="748,1350 2212,1345"/>
        <TextEquiv>
          <Unicode></Unicode>
        </TextEquiv>
      </TextLine>
      <TextLine id="eSc_line_b1d0b0a9" custom="structure {type:default;}">
        <Coords points="685,1412 685,1425 789,1432 791,1432 845,1420 845,1406 842,1373 777,1359 775,1359 684,1376 685,1412"/>
        <Baseline points="685,1412 845,1406"/>
        <TextEquiv>
          <Unicode></Unicode>
        </TextEquiv>
      </TextLine>
      <TextLine id="eSc_line_cb74ac66" custom="structure {type:default;}">
        <Coords points="706,1457 706,1485 2210,1473 2212,1452 2208,1429 1998,1418 1996,1418 1994,1418 1972,1427 1823,1420 1821,1420 1458,1429 1393,1420 1392,1420 1288,1429 1208,1420 1207,1420 1081,1422 1079,1422 1062,1430 811,1422 809,1422 704,1432 706,1457"/>
        <Baseline points="706,1457 2212,1452"/>
        <TextEquiv>
          <Unicode></Unicode>
        </TextEquiv>
      </TextLine>
      <TextLine id="eSc_line_d8c41200" custom="structure {type:default;}">
        <Coords points="750,1498 750,1524 2213,1519 2213,1493 2208,1468 748,1469 750,1498"/>
        <Baseline points="750,1498 2213,1493"/>
        <TextEquiv>
          <Unicode></Unicode>
        </TextEquiv>
      </TextLine>
      <TextLine id="eSc_line_338e133e" custom="structure {type:default;}">
        <Coords points="750,1542 750,1564 898,1556 950,1561 1042,1571 1044,1571 1117,1558 1139,1554 1156,1558 1218,1569 1220,1569 1222,1569 1254,1556 1339,1552 1341,1539 1337,1519 1061,1510 1059,1510 748,1520 750,1542"/>
        <Baseline points="750,1542 1341,1539"/>
        <TextEquiv>
          <Unicode></Unicode>
        </TextEquiv>
      </TextLine>
      <TextLine id="eSc_line_09975faa" custom="structure {type:default;}">
        <Coords points="689,1602 689,1622 757,1629 758,1629 803,1620 814,1619 816,1620 825,1627 825,1629 826,1629 828,1629 889,1631 891,1631 955,1617 962,1617 965,1617 1006,1631 1008,1631 1010,1631 1103,1627 1105,1627 1139,1615 1151,1625 1151,1627 1152,1627 1154,1627 1198,1629 1200,1629 1201,1629 1244,1612 1244,1597 1241,1568 1055,1559 1054,1559 925,1569 870,1559 869,1559 796,1571 704,1559 702,1559 701,1559 699,1559 687,1566 689,1602"/>
        <Baseline points="689,1602 1244,1597"/>
        <TextEquiv>
          <Unicode></Unicode>
        </TextEquiv>
      </TextLine>
      <TextLine id="eSc_line_d8ffc4dd" custom="structure {type:default;}">
        <Coords points="290,1649 290,1698 305,1707 307,1707 308,1707 446,1698 446,1646 441,1581 348,1595 288,1583 290,1649"/>
        <Baseline points="290,1649 446,1646"/>
        <TextEquiv>
          <Unicode></Unicode>
        </TextEquiv>
      </TextLine>
      <TextLine id="eSc_line_cae8a5eb" custom="structure {type:default;}">
        <Coords points="709,1651 709,1670 2210,1678 2212,1651 2212,1614 2101,1614 2100,1614 2098,1614 2096,1614 2084,1622 2030,1614 2028,1614 2027,1614 2023,1614 1916,1622 1808,1614 1797,1614 1796,1614 1789,1614 1723,1622 1570,1614 1544,1614 1543,1614 1541,1614 1539,1614 1522,1622 1478,1614 1470,1614 1468,1614 1451,1615 1364,1622 1325,1615 1317,1614 1315,1614 1302,1615 1246,1622 709,1617 709,1651"/>
        <Baseline points="709,1651 2212,1651"/>
        <TextEquiv>
          <Unicode></Unicode>
        </TextEquiv>
      </TextLine>
      <TextLine id="eSc_line_36ab6ec6" custom="structure {type:default;}">
        <Coords points="750,1693 750,1715 2206,1715 2208,1690 2205,1668 1499,1659 1497,1659 1495,1659 1476,1668 1475,1670 748,1670 750,1693"/>
        <Baseline points="750,1693 2208,1690"/>
        <TextEquiv>
          <Unicode></Unicode>
        </TextEquiv>
      </TextLine>
      <TextLine id="eSc_line_53d75227" custom="structure {type:default;}">
        <Coords points="750,1736 750,1751 2208,1748 2210,1732 2205,1707 748,1709 750,1736"/>
        <Baseline points="750,1736 2210,1732"/>
        <TextEquiv>
          <Unicode></Unicode>
        </TextEquiv>
      </TextLine>
      <TextLine id="eSc_line_b7a5219c" custom="structure {type:default;}">
        <Coords points="748,1776 748,1804 1152,1797 1208,1804 1218,1805 1220,1805 1232,1804 1293,1797 1310,1804 1312,1805 1314,1805 1315,1807 1451,1807 1451,1805 1453,1805 1456,1804 1483,1795 1565,1804 1566,1804 1609,1795 2206,1804 2210,1773 2205,1753 746,1754 748,1776"/>
        <Baseline points="748,1776 2210,1773"/>
        <TextEquiv>
          <Unicode></Unicode>
        </TextEquiv>
      </TextLine>
      <TextLine id="eSc_line_80c23055" custom="structure {type:default;}">
        <Coords points="748,1819 748,1839 2206,1844 2210,1819 2208,1795 748,1795 748,1819"/>
        <Baseline points="748,1819 2210,1819"/>
        <TextEquiv>
          <Unicode></Unicode>
        </TextEquiv>
      </TextLine>
      <TextLine id="eSc_line_b57a645a" custom="structure {type:default;}">
        <Coords points="748,1861 748,1877 2205,1880 2208,1858 2203,1834 746,1834 748,1861"/>
        <Baseline points="748,1861 2208,1858"/>
        <TextEquiv>
          <Unicode></Unicode>
        </TextEquiv>
      </TextLine>
      <TextLine id="eSc_line_8f239d33" custom="structure {type:default;}">
        <Coords points="750,1905 750,1924 1084,1933 1086,1933 1152,1926 1190,1922 1200,1926 1215,1933 1217,1933 1218,1934 1332,1934 1332,1933 1334,1933 1359,1926 1381,1921 1403,1926 1420,1931 1422,1931 1424,1931 1461,1926 1509,1921 1555,1928 1585,1931 1587,1931 1633,1928 1721,1919 2027,1928 2038,1928 2040,1928 2042,1928 2081,1917 2094,1928 2096,1928 2098,1928 2100,1929 2206,1929 2208,1897 2203,1877 748,1883 750,1905"/>
        <Baseline points="750,1905 2208,1897"/>
        <TextEquiv>
          <Unicode></Unicode>
        </TextEquiv>
      </TextLine>
      <TextLine id="eSc_line_dba1f8fd" custom="structure {type:default;}">
        <Coords points="746,1948 746,1975 1478,1963 2206,1968 2210,1941 2205,1919 745,1921 746,1948"/>
        <Baseline points="746,1948 2210,1941"/>
        <TextEquiv>
          <Unicode></Unicode>
        </TextEquiv>
      </TextLine>
      <TextLine id="eSc_line_f29370ff" custom="structure {type:default;}">
        <Coords points="752,1987 752,2002 2206,2007 2208,1987 2208,1963 752,1963 752,1987"/>
        <Baseline points="752,1987 2208,1987"/>
        <TextEquiv>
          <Unicode></Unicode>
        </TextEquiv>
      </TextLine>
      <TextLine id="eSc_line_71d3ae45" custom="structure {type:default;}">
        <Coords points="753,2026 753,2057 921,2048 982,2058 989,2058 991,2058 993,2058 994,2058 1032,2048 1089,2058 1095,2058 1096,2058 1098,2058 1100,2058 1111,2048 1205,2048 1337,2058 1341,2058 1342,2058 1351,2058 1660,2050 1680,2060 1682,2060 1684,2060 1685,2060 1690,2060 1735,2051 1748,2060 1750,2062 1752,2062 1753,2062 1755,2063 1855,2063 1855,2062 1857,2062 1858,2062 1860,2060 1875,2051 1906,2060 1913,2062 1914,2062 1916,2062 2206,2060 2208,2031 2206,2007 753,2002 753,2026"/>
        <Baseline points="753,2026 2208,2031"/>
        <TextEquiv>
          <Unicode></Unicode>
        </TextEquiv>
      </TextLine>
      <TextLine id="eSc_line_1cf2e60c" custom="structure {type:default;}">
        <Coords points="753,2072 753,2090 777,2101 779,2101 780,2102 847,2102 847,2101 848,2101 850,2101 850,2099 857,2092 879,2101 881,2101 882,2101 1030,2092 1052,2101 1054,2101 1055,2101 1057,2101 1084,2092 1622,2101 1624,2101 1670,2090 1670,2072 1670,2048 753,2046 753,2072"/>
        <Baseline points="753,2072 1670,2072"/>
        <TextEquiv>
          <Unicode></Unicode>
        </TextEquiv>
      </TextLine>
      <TextLine id="eSc_line_f9f47ce7" custom="structure {type:default;}">
        <Coords points="689,2135 689,2148 706,2157 707,2157 709,2157 750,2148 752,2148 763,2158 763,2160 765,2160 767,2160 769,2160 850,2150 850,2135 850,2097 775,2089 774,2089 689,2101 689,2135"/>
        <Baseline points="689,2135 850,2135"/>
        <TextEquiv>
          <Unicode></Unicode>
        </TextEquiv>
      </TextLine>
      <TextLine id="eSc_line_a183c411" custom="structure {type:default;}">
        <Coords points="707,2180 707,2202 2212,2196 2212,2177 2208,2150 1843,2150 1716,2138 1714,2138 1648,2148 1502,2138 1500,2138 1453,2148 1403,2140 1402,2140 1252,2150 935,2141 933,2141 706,2152 707,2180"/>
        <Baseline points="707,2180 2212,2177"/>
        <TextEquiv>
          <Unicode></Unicode>
        </TextEquiv>
      </TextLine>
      <TextLine id="eSc_line_aa66d92c" custom="structure {type:default;}">
        <Coords points="750,2225 750,2250 796,2240 2206,2236 2208,2216 2203,2191 748,2196 750,2225"/>
        <Baseline points="750,2225 2208,2216"/>
        <TextEquiv>
          <Unicode></Unicode>
        </TextEquiv>
      </TextLine>
      <TextLine id="eSc_line_8937a8e1" custom="structure {type:default;}">
        <Coords points="750,2264 750,2282 1081,2291 1083,2291 1084,2291 1086,2291 1096,2282 1098,2282 1259,2282 1261,2282 1273,2291 1274,2291 1276,2291 1278,2292 1368,2292 1368,2291 1370,2291 1371,2291 1383,2282 1387,2282 1852,2289 1853,2289 1918,2281 1921,2281 1928,2281 2076,2289 2077,2289 2125,2281 2169,2289 2171,2289 2173,2289 2210,2279 2210,2260 2205,2240 748,2242 750,2264"/>
        <Baseline points="750,2264 2210,2260"/>
        <TextEquiv>
          <Unicode></Unicode>
        </TextEquiv>
      </TextLine>
      <TextLine id="eSc_line_3fe399a2" custom="structure {type:default;}">
        <Coords points="748,2306 748,2325 2206,2328 2210,2301 2205,2279 746,2282 748,2306"/>
        <Baseline points="748,2306 2210,2301"/>
        <TextEquiv>
          <Unicode></Unicode>
        </TextEquiv>
      </TextLine>
      <TextLine id="eSc_line_6b319a66" custom="structure {type:default;}">
        <Coords points="750,2350 750,2369 2203,2367 2205,2345 2201,2318 857,2315 855,2315 748,2323 750,2350"/>
        <Baseline points="750,2350 2205,2345"/>
        <TextEquiv>
          <Unicode></Unicode>
        </TextEquiv>
      </TextLine>
      <TextLine id="eSc_line_821b78f2" custom="structure {type:default;}">
        <Coords points="748,2393 748,2416 2205,2420 2208,2389 2205,2365 772,2359 770,2359 769,2359 746,2365 748,2393"/>
        <Baseline points="748,2393 2208,2389"/>
        <TextEquiv>
          <Unicode></Unicode>
        </TextEquiv>
      </TextLine>
      <TextLine id="eSc_line_625cafa0" custom="structure {type:default;}">
        <Coords points="746,2433 746,2460 1028,2454 1028,2433 1028,2408 746,2406 746,2433"/>
        <Baseline points="746,2433 1028,2433"/>
        <TextEquiv>
          <Unicode></Unicode>
        </TextEquiv>
      </TextLine>
      <TextLine id="eSc_line_4a6b89da" custom="structure {type:default;}">
        <Coords points="685,2496 685,2513 750,2525 752,2525 845,2515 845,2493 842,2462 762,2454 760,2454 758,2454 736,2464 735,2467 684,2467 685,2496"/>
        <Baseline points="685,2496 845,2493"/>
        <TextEquiv>
          <Unicode></Unicode>
        </TextEquiv>
      </TextLine>
      <TextLine id="eSc_line_c83f7fba" custom="structure {type:default;}">
        <Coords points="706,2544 706,2562 2210,2561 2210,2537 2206,2510 704,2508 706,2544"/>
        <Baseline points="706,2544 2210,2537"/>
        <TextEquiv>
          <Unicode></Unicode>
        </TextEquiv>
      </TextLine>
      <TextLine id="eSc_line_e86fa5a7" custom="structure {type:default;}">
        <Coords points="752,2584 752,2600 1100,2612 1101,2612 1103,2612 1105,2612 1123,2600 1125,2598 1276,2598 1285,2598 1347,2610 1349,2610 1351,2610 1397,2598 1400,2598 1407,2598 1512,2610 1514,2610 1516,2610 1546,2598 1561,2610 1563,2610 1565,2610 1566,2612 1675,2612 1675,2610 1752,2596 1760,2596 1774,2596 1869,2605 1870,2605 1872,2605 1889,2596 1891,2596 1896,2596 1967,2605 1969,2605 2033,2596 2037,2596 2040,2596 2166,2605 2167,2605 2169,2605 2205,2595 2205,2579 2200,2556 750,2556 752,2584"/>
        <Baseline points="752,2584 2205,2579"/>
        <TextEquiv>
          <Unicode></Unicode>
        </TextEquiv>
      </TextLine>
      <TextLine id="eSc_line_0477de41" custom="structure {type:default;}">
        <Coords points="748,2625 748,2649 2206,2642 2208,2618 2203,2598 746,2601 748,2625"/>
        <Baseline points="748,2625 2208,2618"/>
        <TextEquiv>
          <Unicode></Unicode>
        </TextEquiv>
      </TextLine>
      <TextLine id="eSc_line_9dd45fec" custom="structure {type:default;}">
        <Coords points="746,2666 746,2685 2206,2688 2208,2661 2203,2639 745,2639 746,2666"/>
        <Baseline points="746,2666 2208,2661"/>
        <TextEquiv>
          <Unicode></Unicode>
        </TextEquiv>
      </TextLine>
      <TextLine id="eSc_line_84c6187c" custom="structure {type:default;}">
        <Coords points="748,2710 748,2763 825,2761 826,2761 870,2747 896,2761 898,2761 899,2763 945,2763 945,2761 947,2761 949,2761 989,2739 1037,2739 1066,2759 1069,2761 1071,2761 1072,2761 1074,2761 1088,2757 1157,2742 1283,2756 1295,2756 1297,2756 1298,2756 1300,2756 1330,2737 1388,2754 1392,2754 1393,2754 1395,2754 1397,2754 1400,2754 1448,2737 1509,2751 1510,2751 1592,2749 1597,2751 1611,2759 1612,2759 1614,2759 1616,2759 1658,2749 1719,2735 1772,2747 1780,2749 1782,2749 1791,2747 1841,2735 1959,2737 1976,2746 1993,2751 1994,2751 1996,2751 1998,2751 2020,2744 2049,2735 2069,2744 2083,2749 2084,2749 2086,2749 2203,2741 2205,2705 2200,2681 746,2685 748,2710"/>
        <Baseline points="748,2710 2205,2705"/>
        <TextEquiv>
          <Unicode></Unicode>
        </TextEquiv>
      </TextLine>
    </TextRegion>
    <TextRegion id="eSc_textblock_036a9f62"  custom="structure {type:default;}">
      <Coords points="410,2165 439,2172 432,2245 359,2218 410,2165"/>
    </TextRegion>
  </Page>
</PcGts>
