<?xml version="1.0" encoding="UTF-8"  standalone="yes"?>
<PcGts xmlns="http://schema.primaresearch.org/PAGE/gts/pagecontent/2019-07-15" xmlns:xsi="http://www.w3.org/2001/XMLSchema-instance" xsi:schemaLocation="http://schema.primaresearch.org/PAGE/gts/pagecontent/2019-07-15 http://schema.primaresearch.org/PAGE/gts/pagecontent/2019-07-15/pagecontent.xsd">
  <Metadata externalRef="pdf//regestapontificu01cath.pdf">
	<Creator>escriptorium</Creator>
	<Created>2026-02-12T11:42:31.761614+00:00</Created>
        <LastChange>2026-02-13T11:48:14.243678+00:00</LastChange>
  </Metadata>
  <Page imageFilename="regestapontificu01cath.pdf_page_544.png" imageWidth="2353" imageHeight="3055">
    <TextRegion id="eSc_textblock_86786c8c"  custom="structure {type:default;}">
      <Coords points="315,108 432,115 446,134 392,188 312,195 285,135 315,108"/>
      <TextLine id="eSc_line_5bd4e117" custom="structure {type:default;}">
        <Coords points="383,112 366,110 359,110 305,115 300,120 302,154 303,225 398,239 397,151 392,112 383,112"/>
        <Baseline points="302,154 397,151"/>
        <TextEquiv>
          <Unicode></Unicode>
        </TextEquiv>
      </TextLine>
    </TextRegion>
    <TextRegion id="eSc_textblock_8d82740a"  custom="structure {type:default;}">
      <Coords points="303,217 2271,224 2291,541 2271,739 2278,2279 2257,2679 746,2686 726,2673 713,2301 509,2259 500,2136 480,2286 453,2294 473,2401 332,2394 366,2369 325,2362 407,2328 380,2326 392,2292 298,2272 278,2157 271,767 278,278 303,217"/>
      <TextLine id="eSc_line_74b784ef" custom="structure {type:default;}">
        <Coords points="1118,322 1117,347 1247,358 1249,358 1307,347 1314,346 1315,347 1327,356 1327,358 1329,358 1330,358 1332,359 1437,359 1437,358 1439,358 1471,346 1482,342 1507,346 1594,358 1595,358 1675,344 1682,344 1690,344 1801,354 1802,354 1804,354 1847,342 1848,325 1848,280 1811,269 1809,269 1721,269 1719,269 1718,269 1716,269 1706,278 1706,280 1497,280 1490,278 1444,268 1443,268 1441,268 1419,276 1376,268 1375,268 1118,274 1118,322"/>
        <Baseline points="1118,322 1848,325"/>
        <TextEquiv>
          <Unicode></Unicode>
        </TextEquiv>
      </TextLine>
      <TextLine id="eSc_line_c3d1d13e" custom="structure {type:default;}">
        <Coords points="855,392 853,415 1499,415 1500,395 1499,359 1364,351 1363,351 1271,358 1246,359 1232,358 1178,349 1176,349 855,356 855,392"/>
        <Baseline points="855,392 1500,395"/>
        <TextEquiv>
          <Unicode></Unicode>
        </TextEquiv>
      </TextLine>
      <TextLine id="eSc_line_51d39a9e" custom="structure {type:default;}">
        <Coords points="884,431 884,458 1049,453 1059,458 1069,463 1071,463 1427,465 1429,465 1473,454 1485,451 1616,451 1631,454 1670,463 1672,463 1673,463 1675,463 1687,453 1689,453 1697,453 1748,461 1750,461 1797,453 1809,451 1819,453 1862,463 1864,465 2027,465 2027,463 2028,463 2030,463 2047,451 2050,451 2100,461 2101,461 2103,461 2105,461 2122,451 2125,451 2186,459 2188,459 2242,449 2244,427 2239,400 882,407 884,431"/>
        <Baseline points="884,431 2244,427"/>
        <TextEquiv>
          <Unicode></Unicode>
        </TextEquiv>
      </TextLine>
      <TextLine id="eSc_line_d2c3502e" custom="structure {type:default;}">
        <Coords points="959,463 959,475 1052,482 1054,459 1049,437 957,439 959,463"/>
        <Baseline points="959,463 1054,459"/>
        <TextEquiv>
          <Unicode></Unicode>
        </TextEquiv>
      </TextLine>
      <TextLine id="eSc_line_9ceea01f" custom="structure {type:default;}">
        <Coords points="886,493 884,517 1135,522 1139,526 1156,536 1157,536 1159,536 1161,536 1431,532 1432,497 1429,459 886,465 886,493"/>
        <Baseline points="886,493 1432,497"/>
        <TextEquiv>
          <Unicode></Unicode>
        </TextEquiv>
      </TextLine>
      <TextLine id="eSc_line_1556bc52" custom="structure {type:default;}">
        <Coords points="855,529 855,549 1054,549 1054,529 1054,509 855,498 855,529"/>
        <Baseline points="855,529 1054,529"/>
        <TextEquiv>
          <Unicode></Unicode>
        </TextEquiv>
      </TextLine>
      <TextLine id="eSc_line_1db2df04" custom="structure {type:default;}">
        <Coords points="884,561 884,578 1575,580 1578,558 1573,527 882,536 884,561"/>
        <Baseline points="884,561 1578,558"/>
        <TextEquiv>
          <Unicode></Unicode>
        </TextEquiv>
      </TextLine>
      <TextLine id="eSc_line_6471178c" custom="structure {type:default;}">
        <Coords points="886,597 886,616 2098,612 2100,594 2094,571 884,573 886,597"/>
        <Baseline points="886,597 2100,594"/>
        <TextEquiv>
          <Unicode></Unicode>
        </TextEquiv>
      </TextLine>
      <TextLine id="eSc_line_a43feed4" custom="structure {type:default;}">
        <Coords points="882,631 882,653 1707,651 1707,631 1707,609 882,609 882,631"/>
        <Baseline points="882,631 1707,631"/>
        <TextEquiv>
          <Unicode></Unicode>
        </TextEquiv>
      </TextLine>
      <TextLine id="eSc_line_26cb3be2" custom="structure {type:default;}">
        <Coords points="716,699 718,733 738,724 850,726 852,694 843,639 833,648 791,644 753,641 752,641 750,641 713,651 716,699"/>
        <Baseline points="716,699 852,694"/>
        <TextEquiv>
          <Unicode></Unicode>
        </TextEquiv>
      </TextLine>
      <TextLine id="eSc_line_2b8b4dfc" custom="structure {type:default;}">
        <Coords points="735,751 735,768 2246,767 2247,748 2244,721 733,716 735,751"/>
        <Baseline points="735,751 2247,748"/>
        <TextEquiv>
          <Unicode></Unicode>
        </TextEquiv>
      </TextLine>
      <TextLine id="eSc_line_7e98d88f" custom="structure {type:default;}">
        <Coords points="315,753 315,770 366,782 368,782 444,770 444,750 439,680 405,682 404,682 402,682 397,685 381,699 314,699 315,753"/>
        <Baseline points="315,753 444,750"/>
        <TextEquiv>
          <Unicode></Unicode>
        </TextEquiv>
      </TextLine>
      <TextLine id="eSc_line_549797fb" custom="structure {type:default;}">
        <Coords points="782,797 782,812 925,821 926,821 977,814 1003,811 1028,814 1059,818 1061,818 1222,814 1463,809 1492,814 1505,818 1507,818 1509,818 1510,818 1512,814 1521,807 1539,816 1543,816 1544,816 1546,816 1556,816 1616,807 1704,816 1733,818 1735,818 1752,816 1806,807 1864,816 1879,818 1881,818 2037,816 2038,816 2040,816 2052,807 2069,816 2071,816 2072,818 2247,818 2249,790 2246,768 1894,760 1892,760 1808,768 1534,762 1533,762 1531,762 1510,770 853,765 852,765 780,773 782,797"/>
        <Baseline points="782,797 2249,790"/>
        <TextEquiv>
          <Unicode></Unicode>
        </TextEquiv>
      </TextLine>
      <TextLine id="eSc_line_a22cfa51" custom="structure {type:default;}">
        <Coords points="782,835 780,850 789,857 791,857 792,857 794,857 2244,853 2246,838 2244,814 782,811 782,835"/>
        <Baseline points="782,835 2246,838"/>
        <TextEquiv>
          <Unicode></Unicode>
        </TextEquiv>
      </TextLine>
      <TextLine id="eSc_line_849c65e3" custom="structure {type:default;}">
        <Coords points="780,879 780,894 2242,896 2246,874 2240,852 779,855 780,879"/>
        <Baseline points="780,879 2246,874"/>
        <TextEquiv>
          <Unicode></Unicode>
        </TextEquiv>
      </TextLine>
      <TextLine id="eSc_line_641f862e" custom="structure {type:default;}">
        <Coords points="782,923 782,940 1549,933 1634,940 1651,941 1653,941 1662,940 1702,933 1823,940 1847,941 1848,941 1850,941 1853,940 1882,931 1918,940 1920,940 1921,941 2055,941 2055,940 2057,940 2059,940 2069,931 2091,940 2093,940 2094,941 2242,941 2244,916 2240,887 1184,887 1183,887 1105,896 1096,896 1078,896 860,889 859,889 780,897 782,923"/>
        <Baseline points="782,923 2244,916"/>
        <TextEquiv>
          <Unicode></Unicode>
        </TextEquiv>
      </TextLine>
      <TextLine id="eSc_line_d3921f27" custom="structure {type:default;}">
        <Coords points="782,962 782,979 1072,979 1083,979 1215,989 1217,989 1218,989 1237,980 1555,987 1556,987 1558,987 1583,977 1585,977 1599,977 1723,986 1724,986 1777,977 1780,977 1785,977 1911,987 1913,987 2011,975 2013,958 2010,935 1397,926 1395,926 1393,926 1358,935 843,928 842,928 780,936 782,962"/>
        <Baseline points="782,962 2013,958"/>
        <TextEquiv>
          <Unicode></Unicode>
        </TextEquiv>
      </TextLine>
      <TextLine id="eSc_line_5644b6f7" custom="structure {type:default;}">
        <Coords points="721,1025 721,1050 823,1050 825,1050 826,1050 840,1042 974,1050 976,1050 977,1050 979,1050 993,1040 1111,1050 1134,1052 1135,1052 1137,1052 1139,1052 1140,1050 1157,1038 1261,1050 1285,1052 1286,1052 1395,1048 1397,1048 1398,1048 1398,1047 1410,1037 1470,1037 1483,1047 1483,1048 1485,1048 1487,1048 1488,1048 1665,1047 1665,1016 1660,984 1420,987 1403,984 1373,975 1371,975 1370,975 1368,975 1366,975 1366,977 1359,984 1354,987 1320,984 1257,977 1256,977 1217,984 1184,989 1145,984 1095,977 1093,977 1061,984 1030,992 998,992 991,984 986,980 986,979 984,979 982,979 981,979 876,980 874,980 872,980 867,984 857,992 828,984 813,980 811,980 809,980 719,984 721,1025"/>
        <Baseline points="721,1025 1665,1016"/>
        <TextEquiv>
          <Unicode></Unicode>
        </TextEquiv>
      </TextLine>
      <TextLine id="eSc_line_2ea502b8" custom="structure {type:default;}">
        <Coords points="740,1070 740,1089 2246,1086 2247,1065 2242,1033 738,1038 740,1070"/>
        <Baseline points="740,1070 2247,1065"/>
        <TextEquiv>
          <Unicode></Unicode>
        </TextEquiv>
      </TextLine>
      <TextLine id="eSc_line_3267ce40" custom="structure {type:default;}">
        <Coords points="314,1072 315,1099 334,1093 346,1096 366,1103 368,1103 370,1103 371,1103 431,1086 431,1069 427,1033 312,1028 314,1072"/>
        <Baseline points="314,1072 431,1069"/>
        <TextEquiv>
          <Unicode></Unicode>
        </TextEquiv>
      </TextLine>
      <TextLine id="eSc_line_812aca5e" custom="structure {type:default;}">
        <Coords points="780,1113 780,1138 2244,1135 2246,1108 2242,1087 779,1087 780,1113"/>
        <Baseline points="780,1113 2246,1108"/>
        <TextEquiv>
          <Unicode></Unicode>
        </TextEquiv>
      </TextLine>
      <TextLine id="eSc_line_47084e89" custom="structure {type:default;}">
        <Coords points="780,1150 779,1171 908,1169 916,1169 972,1177 974,1177 1037,1165 1038,1154 1037,1128 780,1126 780,1150"/>
        <Baseline points="780,1150 1038,1154"/>
        <TextEquiv>
          <Unicode></Unicode>
        </TextEquiv>
      </TextLine>
      <TextLine id="eSc_line_fd37b7c9" custom="structure {type:default;}">
        <Coords points="521,1220 565,1244 567,1244 609,1245 611,1245 612,1245 614,1245 658,1218 687,1216 689,1194 689,1140 660,1126 658,1126 657,1126 611,1132 558,1138 526,1121 522,1191 521,1220"/>
        <Baseline points="522,1191 689,1194"/>
        <TextEquiv>
          <Unicode></Unicode>
        </TextEquiv>
      </TextLine>
      <TextLine id="eSc_line_986eab80" custom="structure {type:default;}">
        <Coords points="740,1194 740,1213 2251,1210 2251,1191 2246,1164 738,1165 740,1194"/>
        <Baseline points="740,1194 2251,1191"/>
        <TextEquiv>
          <Unicode></Unicode>
        </TextEquiv>
      </TextLine>
      <TextLine id="eSc_line_69d4edf8" custom="structure {type:default;}">
        <Coords points="344,1198 344,1244 380,1244 380,1242 381,1242 383,1242 397,1233 414,1222 427,1227 438,1230 439,1230 441,1230 443,1230 478,1216 478,1194 470,1143 454,1154 438,1149 421,1143 419,1143 417,1143 415,1143 392,1155 380,1162 342,1162 344,1198"/>
        <Baseline points="344,1198 478,1194"/>
        <TextEquiv>
          <Unicode></Unicode>
        </TextEquiv>
      </TextLine>
      <TextLine id="eSc_line_f75b4ae0" custom="structure {type:default;}">
        <Coords points="782,1237 782,1254 833,1264 835,1266 913,1266 913,1264 915,1264 916,1264 932,1254 933,1254 955,1254 1181,1264 1183,1264 1254,1254 1256,1254 1317,1264 1319,1264 1368,1254 1493,1264 1495,1264 1497,1264 1499,1264 1512,1254 1536,1262 1538,1262 1539,1262 1617,1252 1621,1252 1622,1252 1636,1262 1638,1262 1639,1262 1641,1262 1692,1252 1695,1252 1706,1252 1906,1262 1908,1262 2044,1252 2100,1262 2101,1262 2156,1252 2225,1262 2227,1262 2229,1262 2230,1262 2249,1250 2249,1233 2244,1213 780,1215 782,1237"/>
        <Baseline points="782,1237 2249,1233"/>
        <TextEquiv>
          <Unicode></Unicode>
        </TextEquiv>
      </TextLine>
      <TextLine id="eSc_line_80037df3" custom="structure {type:default;}">
        <Coords points="782,1279 782,1300 2247,1294 2249,1274 2244,1252 780,1255 782,1279"/>
        <Baseline points="782,1279 2249,1274"/>
        <TextEquiv>
          <Unicode></Unicode>
        </TextEquiv>
      </TextLine>
      <TextLine id="eSc_line_7e6296a0" custom="structure {type:default;}">
        <Coords points="784,1322 784,1340 2244,1342 2247,1318 2242,1293 782,1294 784,1322"/>
        <Baseline points="784,1322 2247,1318"/>
        <TextEquiv>
          <Unicode></Unicode>
        </TextEquiv>
      </TextLine>
      <TextLine id="eSc_line_af55989f" custom="structure {type:default;}">
        <Coords points="782,1362 782,1378 855,1390 857,1390 859,1390 889,1378 892,1378 950,1378 959,1384 959,1386 960,1386 962,1386 964,1386 965,1386 967,1386 981,1378 1006,1390 1008,1390 1010,1390 1011,1390 1040,1378 1098,1390 1100,1390 1101,1390 1149,1376 1154,1376 1205,1376 1207,1376 1217,1386 1217,1388 1218,1388 1220,1388 1222,1388 1526,1374 1527,1359 1524,1339 780,1339 782,1362"/>
        <Baseline points="782,1362 1527,1359"/>
        <TextEquiv>
          <Unicode></Unicode>
        </TextEquiv>
      </TextLine>
      <TextLine id="eSc_line_bd4841b1" custom="structure {type:default;}">
        <Coords points="724,1403 724,1425 2246,1422 2247,1400 2242,1378 723,1379 724,1403"/>
        <Baseline points="724,1403 2247,1400"/>
        <TextEquiv>
          <Unicode></Unicode>
        </TextEquiv>
      </TextLine>
      <TextLine id="eSc_line_6ef2c837" custom="structure {type:default;}">
        <Coords points="315,1405 315,1446 385,1446 385,1444 387,1444 388,1444 397,1437 410,1427 478,1429 480,1401 477,1376 314,1364 315,1405"/>
        <Baseline points="315,1405 480,1401"/>
        <TextEquiv>
          <Unicode></Unicode>
        </TextEquiv>
      </TextLine>
      <TextLine id="eSc_line_18db4b2b" custom="structure {type:default;}">
        <Coords points="784,1447 784,1466 2247,1464 2249,1444 2244,1412 782,1418 784,1447"/>
        <Baseline points="784,1447 2249,1444"/>
        <TextEquiv>
          <Unicode></Unicode>
        </TextEquiv>
      </TextLine>
      <TextLine id="eSc_line_b9389fdb" custom="structure {type:default;}">
        <Coords points="784,1490 784,1505 1018,1505 1022,1505 1033,1515 1035,1515 1037,1515 1038,1515 1215,1505 1273,1503 1281,1505 1300,1513 1302,1513 1303,1513 1388,1505 1422,1503 1597,1503 1609,1505 1636,1513 1638,1513 1639,1513 1840,1510 1841,1510 1850,1505 1860,1502 1952,1505 2076,1512 2077,1512 2247,1505 2249,1485 2246,1464 1791,1456 1789,1456 1787,1456 1758,1464 1757,1464 1735,1464 1363,1457 1361,1457 1280,1466 1268,1468 782,1468 784,1490"/>
        <Baseline points="784,1490 2249,1485"/>
        <TextEquiv>
          <Unicode></Unicode>
        </TextEquiv>
      </TextLine>
      <TextLine id="eSc_line_80f33d04" custom="structure {type:default;}">
        <Coords points="780,1532 780,1554 2247,1554 2249,1527 2244,1503 779,1507 780,1532"/>
        <Baseline points="780,1532 2249,1527"/>
        <TextEquiv>
          <Unicode></Unicode>
        </TextEquiv>
      </TextLine>
      <TextLine id="eSc_line_7e500c10" custom="structure {type:default;}">
        <Coords points="780,1573 780,1598 1752,1598 1752,1597 1768,1597 1901,1588 2246,1595 2249,1568 2244,1544 779,1547 780,1573"/>
        <Baseline points="780,1573 2249,1568"/>
        <TextEquiv>
          <Unicode></Unicode>
        </TextEquiv>
      </TextLine>
      <TextLine id="eSc_line_34b20717" custom="structure {type:default;}">
        <Coords points="780,1615 780,1632 796,1641 797,1641 799,1641 930,1632 935,1632 937,1632 988,1642 989,1642 991,1642 993,1642 1008,1632 1018,1642 1020,1642 1022,1642 1023,1644 1083,1644 1083,1642 1084,1642 1117,1632 1359,1641 1361,1641 1363,1641 1364,1641 1380,1631 1444,1631 1470,1641 1471,1641 1473,1641 1560,1629 1568,1629 1689,1629 1699,1637 1699,1639 1701,1639 1702,1639 1704,1639 1858,1627 1860,1610 1857,1590 1140,1583 1139,1583 1137,1583 1135,1583 1123,1591 911,1585 909,1585 779,1593 780,1615"/>
        <Baseline points="780,1615 1860,1610"/>
        <TextEquiv>
          <Unicode></Unicode>
        </TextEquiv>
      </TextLine>
      <TextLine id="eSc_line_1e203eea" custom="structure {type:default;}">
        <Coords points="724,1656 724,1680 2249,1680 2249,1651 2246,1629 723,1625 724,1656"/>
        <Baseline points="724,1656 2249,1651"/>
        <TextEquiv>
          <Unicode></Unicode>
        </TextEquiv>
      </TextLine>
      <TextLine id="eSc_line_06a2ad21" custom="structure {type:default;}">
        <Coords points="327,1663 327,1671 361,1683 363,1683 365,1683 366,1683 405,1668 405,1659 404,1631 370,1620 368,1620 366,1620 365,1620 325,1632 327,1663"/>
        <Baseline points="327,1663 405,1659"/>
        <TextEquiv>
          <Unicode></Unicode>
        </TextEquiv>
      </TextLine>
      <TextLine id="eSc_line_39d8b4d3" custom="structure {type:default;}">
        <Coords points="784,1700 784,1720 2246,1719 2247,1697 2244,1670 782,1670 784,1700"/>
        <Baseline points="784,1700 2247,1697"/>
        <TextEquiv>
          <Unicode></Unicode>
        </TextEquiv>
      </TextLine>
      <TextLine id="eSc_line_f56c2c42" custom="structure {type:default;}">
        <Coords points="784,1739 784,1758 1198,1766 1200,1766 1201,1766 1235,1758 1237,1758 1273,1766 1274,1766 1276,1766 1278,1766 1305,1758 1307,1758 1329,1758 1801,1765 1802,1765 1882,1756 1889,1756 1896,1756 1991,1765 1993,1765 1994,1765 2028,1756 2030,1756 2035,1756 2169,1765 2171,1765 2247,1754 2249,1736 2244,1714 782,1715 784,1739"/>
        <Baseline points="784,1739 2249,1736"/>
        <TextEquiv>
          <Unicode></Unicode>
        </TextEquiv>
      </TextLine>
      <TextLine id="eSc_line_96046921" custom="structure {type:default;}">
        <Coords points="780,1783 780,1804 2242,1805 2246,1776 2240,1754 779,1760 780,1783"/>
        <Baseline points="780,1783 2246,1776"/>
        <TextEquiv>
          <Unicode></Unicode>
        </TextEquiv>
      </TextLine>
      <TextLine id="eSc_line_3bf8fd45" custom="structure {type:default;}">
        <Coords points="782,1826 782,1844 2246,1843 2247,1821 2244,1795 780,1795 782,1826"/>
        <Baseline points="782,1826 2247,1821"/>
        <TextEquiv>
          <Unicode></Unicode>
        </TextEquiv>
      </TextLine>
      <TextLine id="eSc_line_57c98c22" custom="structure {type:default;}">
        <Coords points="784,1866 784,1887 2246,1877 2247,1861 2244,1839 1801,1831 1799,1831 1757,1839 1755,1839 1728,1839 1271,1833 1269,1833 1200,1841 1191,1843 782,1843 784,1866"/>
        <Baseline points="784,1866 2247,1861"/>
        <TextEquiv>
          <Unicode></Unicode>
        </TextEquiv>
      </TextLine>
      <TextLine id="eSc_line_ea5900fa" custom="structure {type:default;}">
        <Coords points="782,1905 782,1931 2246,1933 2247,1905 2247,1883 782,1883 782,1905"/>
        <Baseline points="782,1905 2247,1905"/>
        <TextEquiv>
          <Unicode></Unicode>
        </TextEquiv>
      </TextLine>
      <TextLine id="eSc_line_05437718" custom="structure {type:default;}">
        <Coords points="784,1951 784,1968 1183,1975 1184,1975 1186,1975 1188,1975 1198,1968 1201,1967 1205,1968 1224,1977 1225,1977 1227,1977 1280,1968 1297,1967 1364,1968 1555,1975 1556,1975 1558,1975 1578,1968 1590,1965 1617,1968 1670,1975 1672,1975 1920,1973 1921,1973 1923,1973 1931,1968 1940,1963 1962,1968 1991,1973 1993,1975 2049,1975 2049,1973 2050,1973 2052,1973 2059,1968 2066,1963 2096,1968 2137,1973 2139,1973 2246,1967 2247,1945 2244,1921 782,1921 784,1951"/>
        <Baseline points="784,1951 2247,1945"/>
        <TextEquiv>
          <Unicode></Unicode>
        </TextEquiv>
      </TextLine>
      <TextLine id="eSc_line_a35a0022" custom="structure {type:default;}">
        <Coords points="782,1989 780,2009 804,2023 806,2023 808,2024 850,2024 850,2023 852,2023 853,2023 853,2021 865,2011 935,2011 952,2023 954,2023 955,2023 957,2023 1144,2011 1162,2023 1164,2023 1166,2023 1168,2023 1227,2016 1239,2024 1241,2024 1242,2024 1244,2026 1303,2026 1303,2024 1305,2024 1307,2024 1327,2012 1395,2012 1434,2024 1436,2024 1437,2024 1670,2011 1672,1992 1672,1968 1650,1958 1648,1958 1646,1958 1538,1967 1522,1967 1519,1965 1510,1958 1509,1958 1507,1958 1420,1958 1419,1958 1417,1958 1402,1963 1392,1967 1354,1963 1305,1958 1303,1958 1302,1958 1300,1958 1300,1960 1297,1961 1291,1968 1229,1968 1188,1960 1159,1956 1157,1956 1066,1958 838,1965 782,1955 782,1989"/>
        <Baseline points="782,1989 1672,1992"/>
        <TextEquiv>
          <Unicode></Unicode>
        </TextEquiv>
      </TextLine>
      <TextLine id="eSc_line_5eed494b" custom="structure {type:default;}">
        <Coords points="719,2063 719,2094 830,2079 940,2090 965,2092 967,2092 969,2092 971,2092 974,2089 989,2077 1033,2077 1052,2087 1061,2092 1062,2092 1064,2092 1066,2094 1098,2094 1098,2092 1128,2090 1130,2090 1132,2090 1132,2089 1137,2085 1147,2075 1176,2075 1184,2084 1191,2089 1191,2090 1193,2090 1195,2090 1196,2092 1290,2092 1290,2090 1398,2077 1436,2074 1466,2075 1563,2084 1565,2084 1616,2072 1650,2084 1651,2084 1653,2084 1655,2084 1656,2084 1673,2070 1673,2055 1668,2026 1578,2026 1570,2023 1536,2011 1534,2011 1533,2011 1531,2011 1529,2011 1529,2012 1517,2023 1514,2028 1454,2028 1444,2021 1422,2004 1420,2004 1419,2004 1417,2004 1274,2017 1257,2019 1249,2017 1210,2007 1208,2007 1207,2007 1205,2007 1203,2007 1190,2016 1169,2029 1100,2016 1076,2011 1074,2011 1072,2011 1071,2011 1066,2014 1040,2031 994,2031 972,2012 969,2009 967,2009 965,2009 913,2007 911,2007 909,2007 894,2011 823,2033 799,2011 799,2009 797,2009 796,2009 718,2009 719,2063"/>
        <Baseline points="719,2063 1673,2055"/>
        <TextEquiv>
          <Unicode></Unicode>
        </TextEquiv>
      </TextLine>
      <TextLine id="eSc_line_ff05e7d1" custom="structure {type:default;}">
        <Coords points="740,2114 740,2135 2249,2135 2249,2114 2247,2082 740,2082 740,2114"/>
        <Baseline points="740,2114 2249,2114"/>
        <TextEquiv>
          <Unicode></Unicode>
        </TextEquiv>
      </TextLine>
      <TextLine id="eSc_line_c4533f87" custom="structure {type:default;}">
        <Coords points="317,2118 317,2146 482,2140 482,2118 482,2084 460,2084 444,2068 444,2067 443,2067 441,2067 388,2067 387,2067 317,2082 317,2118"/>
        <Baseline points="317,2118 482,2118"/>
        <TextEquiv>
          <Unicode></Unicode>
        </TextEquiv>
      </TextLine>
      <TextLine id="eSc_line_6f7e57b3" custom="structure {type:default;}">
        <Coords points="782,2160 782,2179 2161,2172 2162,2153 2157,2128 780,2128 782,2160"/>
        <Baseline points="782,2160 2162,2153"/>
        <TextEquiv>
          <Unicode></Unicode>
        </TextEquiv>
      </TextLine>
      <TextLine id="eSc_line_20706526" custom="structure {type:default;}">
        <Coords points="317,2197 315,2236 477,2219 478,2201 478,2170 317,2157 317,2197"/>
        <Baseline points="317,2197 478,2201"/>
        <TextEquiv>
          <Unicode></Unicode>
        </TextEquiv>
      </TextLine>
      <TextLine id="eSc_line_9f96dd5e" custom="structure {type:default;}">
        <Coords points="743,2201 743,2219 2242,2216 2244,2197 2239,2172 741,2174 743,2201"/>
        <Baseline points="743,2201 2244,2197"/>
        <TextEquiv>
          <Unicode></Unicode>
        </TextEquiv>
      </TextLine>
      <TextLine id="eSc_line_4f243fb0" custom="structure {type:default;}">
        <Coords points="2246,2238 2246,2260 2249,2264 2254,2238 2254,2155 2246,2153 2246,2238"/>
        <Baseline points="2246,2238 2254,2238"/>
        <TextEquiv>
          <Unicode></Unicode>
        </TextEquiv>
      </TextLine>
      <TextLine id="eSc_line_815011c2" custom="structure {type:default;}">
        <Coords points="784,2243 784,2259 2037,2253 2038,2238 2035,2214 782,2211 784,2243"/>
        <Baseline points="784,2243 2038,2238"/>
        <TextEquiv>
          <Unicode></Unicode>
        </TextEquiv>
      </TextLine>
      <TextLine id="eSc_line_179e0055" custom="structure {type:default;}">
        <Coords points="721,2287 721,2313 2246,2299 2246,2277 2242,2255 2193,2247 2191,2247 2015,2255 1987,2257 719,2257 721,2287"/>
        <Baseline points="721,2287 2246,2277"/>
        <TextEquiv>
          <Unicode></Unicode>
        </TextEquiv>
      </TextLine>
      <TextLine id="eSc_line_5824777f" custom="structure {type:default;}">
        <Coords points="782,2326 782,2348 2244,2348 2246,2321 2240,2298 780,2299 782,2326"/>
        <Baseline points="782,2326 2246,2321"/>
        <TextEquiv>
          <Unicode></Unicode>
        </TextEquiv>
      </TextLine>
      <TextLine id="eSc_line_d8e8896f" custom="structure {type:default;}">
        <Coords points="780,2367 780,2391 2242,2381 2244,2359 2239,2335 779,2335 780,2367"/>
        <Baseline points="780,2367 2244,2359"/>
        <TextEquiv>
          <Unicode></Unicode>
        </TextEquiv>
      </TextLine>
      <TextLine id="eSc_line_5f225195" custom="structure {type:default;}">
        <Coords points="780,2410 780,2440 933,2430 1044,2437 1045,2437 1047,2437 1049,2437 1062,2428 1113,2437 1128,2438 1130,2438 1156,2437 1241,2427 1295,2435 1314,2437 1315,2437 1346,2433 1407,2427 1441,2433 1465,2437 1466,2437 1597,2435 1599,2435 1611,2430 1626,2425 1650,2430 1677,2435 1679,2435 1728,2428 1760,2425 1777,2428 1809,2435 1811,2435 1877,2427 1909,2423 1920,2427 1937,2433 1938,2433 1940,2435 2108,2435 2108,2433 2242,2421 2244,2403 2239,2381 779,2387 780,2410"/>
        <Baseline points="780,2410 2244,2403"/>
        <TextEquiv>
          <Unicode></Unicode>
        </TextEquiv>
      </TextLine>
      <TextLine id="eSc_line_b69cde11" custom="structure {type:default;}">
        <Coords points="786,2454 786,2474 2242,2469 2244,2445 2239,2420 784,2425 786,2454"/>
        <Baseline points="786,2454 2244,2445"/>
        <TextEquiv>
          <Unicode></Unicode>
        </TextEquiv>
      </TextLine>
      <TextLine id="eSc_line_a334a2da" custom="structure {type:default;}">
        <Coords points="786,2493 786,2513 2242,2506 2244,2489 2239,2464 784,2466 786,2493"/>
        <Baseline points="786,2493 2244,2489"/>
        <TextEquiv>
          <Unicode></Unicode>
        </TextEquiv>
      </TextLine>
      <TextLine id="eSc_line_773cd5b4" custom="structure {type:default;}">
        <Coords points="784,2535 784,2559 1239,2550 1252,2556 1266,2561 1268,2561 1269,2561 1271,2561 1288,2556 1308,2549 1499,2552 1755,2559 1757,2559 1758,2559 1787,2550 1797,2547 1804,2550 1818,2557 1819,2557 1821,2557 1862,2549 1877,2547 2001,2547 2004,2549 2016,2556 2018,2556 2020,2556 2021,2556 2157,2547 2162,2547 2164,2547 2205,2557 2206,2557 2208,2557 2210,2557 2244,2545 2244,2530 2239,2508 782,2511 784,2535"/>
        <Baseline points="784,2535 2244,2530"/>
        <TextEquiv>
          <Unicode></Unicode>
        </TextEquiv>
      </TextLine>
      <TextLine id="eSc_line_79612bb1" custom="structure {type:default;}">
        <Coords points="784,2576 784,2595 2239,2591 2240,2572 2235,2549 782,2549 784,2576"/>
        <Baseline points="784,2576 2240,2572"/>
        <TextEquiv>
          <Unicode></Unicode>
        </TextEquiv>
      </TextLine>
      <TextLine id="eSc_line_51a302d8" custom="structure {type:default;}">
        <Coords points="784,2618 784,2640 1040,2640 1054,2649 1055,2649 1057,2649 1059,2649 1113,2640 1142,2651 1144,2651 1145,2651 1278,2649 1280,2649 1281,2649 1295,2639 1308,2649 1310,2649 1312,2649 1314,2649 1555,2639 1609,2637 1621,2639 1663,2647 1665,2649 1830,2649 1830,2647 1831,2647 1865,2639 1879,2635 1908,2639 1974,2645 1976,2645 2244,2637 2244,2612 2239,2589 782,2589 784,2618"/>
        <Baseline points="784,2618 2244,2612"/>
        <TextEquiv>
          <Unicode></Unicode>
        </TextEquiv>
      </TextLine>
      <TextLine id="eSc_line_45c2d9f2" custom="structure {type:default;}">
        <Coords points="784,2662 786,2710 797,2720 799,2720 801,2720 803,2720 804,2720 830,2712 913,2718 915,2718 916,2718 918,2718 918,2717 920,2717 932,2701 957,2700 957,2656 952,2632 782,2637 784,2662"/>
        <Baseline points="784,2662 957,2656"/>
        <TextEquiv>
          <Unicode></Unicode>
        </TextEquiv>
      </TextLine>
    </TextRegion>
    <TextRegion id="eSc_textblock_0a3e1969"  custom="structure {type:default;}">
      <Coords points="962,101 1558,101 1585,108 1592,168 957,181 937,108 962,101"/>
      <TextLine id="eSc_line_6666d275" custom="structure {type:default;}">
        <Coords points="1127,101 1125,101 962,101 964,156 964,183 1572,183 1572,152 1568,122 1426,122 1420,117 1410,108 1410,106 1409,106 1407,106 1351,106 1349,106 1347,106 1325,113 1302,122 1184,122 1149,108 1128,101 1127,101"/>
        <Baseline points="964,156 1572,152"/>
        <TextEquiv>
          <Unicode></Unicode>
        </TextEquiv>
      </TextLine>
    </TextRegion>
    <TextRegion id="eSc_textblock_1acf7e6f"  custom="structure {type:default;}">
      <Coords points="466,142 480,161 441,154 441,149 466,142"/>
    </TextRegion>
    <TextRegion id="eSc_textblock_252d3544"  custom="structure {type:default;}">
      <Coords points="648,2376 657,2401 638,2401 638,2389 648,2376"/>
    </TextRegion>
    <TextRegion id="eSc_textblock_d2fdb65b"  custom="structure {type:default;}">
      <Coords points="650,2355 650,2360 645,2360 645,2355 650,2355"/>
    </TextRegion>
  </Page>
</PcGts>
