<?xml version="1.0" encoding="UTF-8"  standalone="yes"?>
<PcGts xmlns="http://schema.primaresearch.org/PAGE/gts/pagecontent/2019-07-15" xmlns:xsi="http://www.w3.org/2001/XMLSchema-instance" xsi:schemaLocation="http://schema.primaresearch.org/PAGE/gts/pagecontent/2019-07-15 http://schema.primaresearch.org/PAGE/gts/pagecontent/2019-07-15/pagecontent.xsd">
  <Metadata externalRef="pdf//regestapontificu01cath.pdf">
	<Creator>escriptorium</Creator>
	<Created>2026-02-12T11:28:18.493659+00:00</Created>
        <LastChange>2026-02-13T10:36:40.929133+00:00</LastChange>
  </Metadata>
  <Page imageFilename="regestapontificu01cath.pdf_page_203.png" imageWidth="2278" imageHeight="3076">
    <TextRegion id="eSc_textblock_12d41d24"  custom="structure {type:default;}">
      <Coords points="105,246 271,259 293,314 319,273 341,321 422,287 410,252 476,252 483,273 499,246 2045,259 2018,2759 1828,2759 1792,2780 1614,2753 553,2766 492,2712 485,2248 437,2213 451,2180 328,2171 355,2165 348,2139 314,2137 292,2153 278,2267 244,2281 95,2240 54,2199 68,314 105,246"/>
      <TextLine id="eSc_line_5dbb67f8" custom="structure {type:default;}">
        <Coords points="741,247 739,247 738,247 731,254 721,263 688,254 681,252 680,252 678,252 668,254 618,264 591,254 577,249 575,249 574,249 493,254 485,266 487,292 487,314 705,305 763,314 769,314 770,314 772,314 774,314 787,305 828,314 835,314 837,314 1059,311 1059,287 1054,252 929,261 910,252 905,251 904,251 902,251 880,252 792,263 780,252 777,251 777,249 775,249 774,249 743,247 741,247"/>
        <Baseline points="487,292 1059,287"/>
        <TextEquiv>
          <Unicode></Unicode>
        </TextEquiv>
      </TextLine>
      <TextLine id="eSc_line_cc9e4b9d" custom="structure {type:default;}">
        <Coords points="505,336 504,357 2013,360 2016,340 2013,302 505,302 505,336"/>
        <Baseline points="505,336 2016,340"/>
        <TextEquiv>
          <Unicode></Unicode>
        </TextEquiv>
      </TextLine>
      <TextLine id="eSc_line_b937f981" custom="structure {type:default;}">
        <Coords points="97,341 99,382 121,382 128,387 148,405 150,405 152,405 153,405 193,398 191,338 187,300 93,285 97,341"/>
        <Baseline points="97,341 191,338"/>
        <TextEquiv>
          <Unicode></Unicode>
        </TextEquiv>
      </TextLine>
      <TextLine id="eSc_line_69ccba7f" custom="structure {type:default;}">
        <Coords points="546,379 545,398 914,410 915,410 2013,406 2014,386 2013,357 546,350 546,379"/>
        <Baseline points="546,379 2014,386"/>
        <TextEquiv>
          <Unicode></Unicode>
        </TextEquiv>
      </TextLine>
      <TextLine id="eSc_line_1e3341c3" custom="structure {type:default;}">
        <Coords points="545,423 545,439 622,439 625,439 652,451 654,451 656,451 657,451 692,440 700,439 806,439 811,442 820,449 820,451 821,451 823,451 825,452 892,452 892,451 893,451 895,451 895,449 900,444 905,440 912,446 921,451 922,451 924,451 926,451 1095,447 1095,423 1095,391 545,389 545,423"/>
        <Baseline points="545,423 1095,423"/>
        <TextEquiv>
          <Unicode></Unicode>
        </TextEquiv>
      </TextLine>
      <TextLine id="eSc_line_49cb4fbb" custom="structure {type:default;}">
        <Coords points="505,466 505,490 2014,490 2016,466 2014,440 505,440 505,466"/>
        <Baseline points="505,466 2016,466"/>
        <TextEquiv>
          <Unicode></Unicode>
        </TextEquiv>
      </TextLine>
      <TextLine id="eSc_line_cf9aeec3" custom="structure {type:default;}">
        <Coords points="133,475 133,490 141,495 145,475 141,446 133,449 133,475"/>
        <Baseline points="133,475 145,475"/>
        <TextEquiv>
          <Unicode></Unicode>
        </TextEquiv>
      </TextLine>
      <TextLine id="eSc_line_47fe7d8b" custom="structure {type:default;}">
        <Coords points="546,507 545,522 666,533 668,533 994,528 1122,526 1127,529 1134,534 1136,534 1138,534 1139,534 1165,529 1182,526 1471,526 1591,526 1601,533 1604,536 1606,536 1608,536 1609,536 1703,534 1944,528 2007,536 2011,512 2007,478 546,478 546,507"/>
        <Baseline points="546,507 2011,512"/>
        <TextEquiv>
          <Unicode></Unicode>
        </TextEquiv>
      </TextLine>
      <TextLine id="eSc_line_e3c6c1eb" custom="structure {type:default;}">
        <Coords points="545,551 545,567 849,575 851,575 926,567 927,567 939,575 941,575 943,575 945,575 1004,567 1057,575 1059,575 1061,575 1062,575 1076,565 1080,565 1136,565 1138,565 1144,572 1144,574 1146,574 1148,574 1150,574 1298,565 1310,565 1324,565 1544,574 1546,574 1548,574 1580,563 1580,548 1575,519 543,519 545,551"/>
        <Baseline points="545,551 1580,548"/>
        <TextEquiv>
          <Unicode></Unicode>
        </TextEquiv>
      </TextLine>
      <TextLine id="eSc_line_838fc35a" custom="structure {type:default;}">
        <Coords points="505,592 505,613 2013,618 2014,592 2013,567 505,567 505,592"/>
        <Baseline points="505,592 2014,592"/>
        <TextEquiv>
          <Unicode></Unicode>
        </TextEquiv>
      </TextLine>
      <TextLine id="eSc_line_f2973f1a" custom="structure {type:default;}">
        <Coords points="128,604 131,637 148,632 146,603 141,574 124,574 128,604"/>
        <Baseline points="128,604 146,603"/>
        <TextEquiv>
          <Unicode></Unicode>
        </TextEquiv>
      </TextLine>
      <TextLine id="eSc_line_9fd42ab8" custom="structure {type:default;}">
        <Coords points="545,635 545,652 2013,659 2014,635 2013,608 545,608 545,635"/>
        <Baseline points="545,635 2014,635"/>
        <TextEquiv>
          <Unicode></Unicode>
        </TextEquiv>
      </TextLine>
      <TextLine id="eSc_line_fb083a4b" custom="structure {type:default;}">
        <Coords points="546,676 545,688 565,698 567,698 569,698 649,692 695,704 697,704 698,705 796,705 796,704 798,704 821,692 852,704 854,704 856,704 1004,692 1032,704 1033,704 1035,705 1182,705 1182,704 1184,704 1216,692 1338,705 1339,705 1341,705 1365,693 1459,693 1543,693 1587,705 1589,705 1591,705 1592,705 1620,693 1814,705 1816,705 1902,692 1903,680 1902,656 546,652 546,676"/>
        <Baseline points="546,676 1903,680"/>
        <TextEquiv>
          <Unicode></Unicode>
        </TextEquiv>
      </TextLine>
      <TextLine id="eSc_line_71add002" custom="structure {type:default;}">
        <Coords points="505,719 504,738 2013,741 2016,722 2014,695 505,692 505,719"/>
        <Baseline points="505,719 2016,722"/>
        <TextEquiv>
          <Unicode></Unicode>
        </TextEquiv>
      </TextLine>
      <TextLine id="eSc_line_9c80305f" custom="structure {type:default;}">
        <Coords points="133,729 133,745 146,741 146,729 146,709 133,709 133,729"/>
        <Baseline points="133,729 146,729"/>
        <TextEquiv>
          <Unicode></Unicode>
        </TextEquiv>
      </TextLine>
      <TextLine id="eSc_line_7d2a9061" custom="structure {type:default;}">
        <Coords points="546,763 546,780 2014,777 2016,760 2013,736 545,733 546,763"/>
        <Baseline points="546,763 2016,760"/>
        <TextEquiv>
          <Unicode></Unicode>
        </TextEquiv>
      </TextLine>
      <TextLine id="eSc_line_50cc6cae" custom="structure {type:default;}">
        <Coords points="545,804 545,823 1182,832 1184,832 1266,821 1278,821 1283,821 1310,830 1312,830 1314,832 1440,832 1440,830 1442,830 1444,830 1456,821 1457,821 1493,821 1840,830 1842,830 1888,821 1972,830 1973,830 1975,830 2011,820 2011,801 2006,780 543,782 545,804"/>
        <Baseline points="545,804 2011,801"/>
        <TextEquiv>
          <Unicode></Unicode>
        </TextEquiv>
      </TextLine>
      <TextLine id="eSc_line_8bb759cd" custom="structure {type:default;}">
        <Coords points="505,844 504,862 2014,869 2018,847 2018,820 505,820 505,844"/>
        <Baseline points="505,844 2018,847"/>
        <TextEquiv>
          <Unicode></Unicode>
        </TextEquiv>
      </TextLine>
      <TextLine id="eSc_line_26797eb1" custom="structure {type:default;}">
        <Coords points="121,857 121,886 155,883 155,857 153,813 121,818 121,857"/>
        <Baseline points="121,857 155,857"/>
        <TextEquiv>
          <Unicode></Unicode>
        </TextEquiv>
      </TextLine>
      <TextLine id="eSc_line_bc8225d2" custom="structure {type:default;}">
        <Coords points="546,890 546,915 2014,907 2014,890 2014,864 546,862 546,890"/>
        <Baseline points="546,890 2014,890"/>
        <TextEquiv>
          <Unicode></Unicode>
        </TextEquiv>
      </TextLine>
      <TextLine id="eSc_line_5c102870" custom="structure {type:default;}">
        <Coords points="546,929 545,948 582,960 584,960 586,960 751,951 767,962 769,962 770,962 772,962 921,951 958,962 960,962 962,962 963,962 1006,951 1008,951 1095,962 1097,962 1168,951 1175,951 1184,951 1283,962 1285,962 1286,962 1288,962 1300,953 1331,963 1332,963 1334,963 1411,953 1413,953 1416,953 1478,963 1479,965 1546,965 1546,963 1548,963 1549,963 1565,953 1567,953 1659,953 1662,953 1685,963 1686,963 1688,963 2016,955 2018,933 2016,910 546,905 546,929"/>
        <Baseline points="546,929 2018,933"/>
        <TextEquiv>
          <Unicode></Unicode>
        </TextEquiv>
      </TextLine>
      <TextLine id="eSc_line_a240d0df" custom="structure {type:default;}">
        <Coords points="541,975 541,987 594,999 596,999 709,982 709,970 704,945 540,948 541,975"/>
        <Baseline points="541,975 709,970"/>
        <TextEquiv>
          <Unicode></Unicode>
        </TextEquiv>
      </TextLine>
      <TextLine id="eSc_line_08c47e2d" custom="structure {type:default;}">
        <Coords points="505,1018 505,1037 2018,1037 2018,1018 2018,991 1845,991 1843,989 1825,980 1823,980 1821,980 1773,989 1768,989 1736,989 1503,980 1502,980 1459,987 1447,989 1433,987 1397,980 1396,980 1351,987 1332,989 1300,987 1230,980 1138,980 1136,980 1134,980 1133,980 1126,986 1119,989 1069,986 996,980 994,980 968,986 948,989 927,986 905,980 904,980 833,984 757,989 505,984 505,1018"/>
        <Baseline points="505,1018 2018,1018"/>
        <TextEquiv>
          <Unicode></Unicode>
        </TextEquiv>
      </TextLine>
      <TextLine id="eSc_line_8fe70e99" custom="structure {type:default;}">
        <Coords points="124,1071 153,1066 153,1027 153,991 126,984 124,1027 124,1071"/>
        <Baseline points="124,1027 153,1027"/>
        <TextEquiv>
          <Unicode></Unicode>
        </TextEquiv>
      </TextLine>
      <TextLine id="eSc_line_57c031d1" custom="structure {type:default;}">
        <Coords points="545,1059 545,1081 2016,1080 2018,1059 2016,1037 545,1035 545,1059"/>
        <Baseline points="545,1059 2018,1059"/>
        <TextEquiv>
          <Unicode></Unicode>
        </TextEquiv>
      </TextLine>
      <TextLine id="eSc_line_3ff19c81" custom="structure {type:default;}">
        <Coords points="546,1103 546,1121 2011,1117 2013,1100 2009,1076 545,1076 546,1103"/>
        <Baseline points="546,1103 2013,1100"/>
        <TextEquiv>
          <Unicode></Unicode>
        </TextEquiv>
      </TextLine>
      <TextLine id="eSc_line_7a17a9c6" custom="structure {type:default;}">
        <Coords points="545,1146 545,1167 796,1162 820,1163 898,1170 900,1170 902,1170 922,1162 926,1160 939,1162 1015,1170 1016,1170 1069,1158 1071,1143 1068,1121 572,1112 570,1112 569,1112 543,1122 545,1146"/>
        <Baseline points="545,1146 1071,1143"/>
        <TextEquiv>
          <Unicode></Unicode>
        </TextEquiv>
      </TextLine>
      <TextLine id="eSc_line_9c0db2a0" custom="structure {type:default;}">
        <Coords points="505,1185 504,1208 2014,1209 2018,1189 2016,1163 1828,1163 1826,1162 1799,1153 1797,1153 1796,1153 1225,1160 1220,1160 1201,1151 1199,1151 1197,1151 505,1158 505,1185"/>
        <Baseline points="505,1185 2018,1189"/>
        <TextEquiv>
          <Unicode></Unicode>
        </TextEquiv>
      </TextLine>
      <TextLine id="eSc_line_c4a995d5" custom="structure {type:default;}">
        <Coords points="85,1187 83,1220 146,1233 148,1233 191,1223 193,1191 193,1136 155,1127 153,1127 152,1127 85,1134 85,1187"/>
        <Baseline points="85,1187 193,1191"/>
        <TextEquiv>
          <Unicode></Unicode>
        </TextEquiv>
      </TextLine>
      <TextLine id="eSc_line_640a6e05" custom="structure {type:default;}">
        <Coords points="545,1230 545,1247 1681,1252 1683,1252 1685,1252 1720,1242 1720,1226 1717,1203 543,1203 545,1230"/>
        <Baseline points="545,1230 1720,1226"/>
        <TextEquiv>
          <Unicode></Unicode>
        </TextEquiv>
      </TextLine>
      <TextLine id="eSc_line_74a06848" custom="structure {type:default;}">
        <Coords points="505,1273 505,1291 613,1291 615,1291 630,1300 632,1300 634,1300 815,1291 833,1291 835,1291 866,1302 868,1302 869,1303 962,1303 962,1302 963,1302 984,1291 986,1291 1057,1291 1083,1302 1085,1302 1086,1303 1163,1303 1163,1302 1165,1302 1196,1291 1259,1302 1261,1302 1312,1290 1317,1290 1324,1290 1365,1300 1367,1302 1534,1302 1534,1300 1536,1300 1538,1300 1551,1290 1556,1290 1633,1300 1635,1302 1784,1302 1784,1300 1785,1300 1787,1300 1802,1290 1816,1300 1818,1300 1820,1300 1821,1302 1891,1302 1891,1300 2018,1288 2019,1269 2016,1247 1857,1237 1855,1237 1801,1245 1796,1245 504,1242 505,1273"/>
        <Baseline points="505,1273 2019,1269"/>
        <TextEquiv>
          <Unicode></Unicode>
        </TextEquiv>
      </TextLine>
      <TextLine id="eSc_line_becb89b1" custom="structure {type:default;}">
        <Coords points="123,1312 160,1305 158,1281 155,1250 117,1249 121,1285 123,1312"/>
        <Baseline points="121,1285 158,1281"/>
        <TextEquiv>
          <Unicode></Unicode>
        </TextEquiv>
      </TextLine>
      <TextLine id="eSc_line_9e276922" custom="structure {type:default;}">
        <Coords points="546,1317 546,1336 2013,1338 2016,1314 2011,1290 545,1291 546,1317"/>
        <Baseline points="546,1317 2016,1314"/>
        <TextEquiv>
          <Unicode></Unicode>
        </TextEquiv>
      </TextLine>
      <TextLine id="eSc_line_7b1512b8" custom="structure {type:default;}">
        <Coords points="546,1358 546,1375 2014,1373 2016,1355 2011,1329 545,1331 546,1358"/>
        <Baseline points="546,1358 2016,1355"/>
        <TextEquiv>
          <Unicode></Unicode>
        </TextEquiv>
      </TextLine>
      <TextLine id="eSc_line_4819bd51" custom="structure {type:default;}">
        <Coords points="545,1399 543,1414 601,1426 603,1426 695,1418 741,1426 743,1428 1052,1428 1052,1426 1054,1426 1071,1420 1074,1418 1080,1420 1105,1426 1107,1426 1109,1426 1167,1420 1185,1418 1197,1420 1228,1426 1230,1426 1341,1421 1375,1420 1379,1421 1389,1428 1391,1428 1392,1428 1394,1430 1534,1430 1534,1428 1536,1428 1538,1428 1546,1423 1551,1420 2013,1425 2016,1402 2014,1375 545,1375 545,1399"/>
        <Baseline points="545,1399 2016,1402"/>
        <TextEquiv>
          <Unicode></Unicode>
        </TextEquiv>
      </TextLine>
      <TextLine id="eSc_line_721b62c3" custom="structure {type:default;}">
        <Coords points="545,1444 545,1462 1481,1462 1481,1444 1481,1418 545,1414 545,1444"/>
        <Baseline points="545,1444 1481,1444"/>
        <TextEquiv>
          <Unicode></Unicode>
        </TextEquiv>
      </TextLine>
      <TextLine id="eSc_line_e8121409" custom="structure {type:default;}">
        <Coords points="505,1486 505,1503 1201,1512 1203,1512 1264,1503 1331,1510 1332,1510 1334,1510 1336,1510 1346,1502 1350,1502 1801,1502 1804,1502 1864,1510 1866,1510 2019,1500 2019,1483 2016,1455 546,1449 545,1449 504,1457 505,1486"/>
        <Baseline points="505,1486 2019,1483"/>
        <TextEquiv>
          <Unicode></Unicode>
        </TextEquiv>
      </TextLine>
      <TextLine id="eSc_line_6c4430cb" custom="structure {type:default;}">
        <Coords points="117,1496 121,1544 160,1544 158,1493 153,1445 112,1438 117,1496"/>
        <Baseline points="117,1496 158,1493"/>
        <TextEquiv>
          <Unicode></Unicode>
        </TextEquiv>
      </TextLine>
      <TextLine id="eSc_line_e7274829" custom="structure {type:default;}">
        <Coords points="545,1531 545,1551 2014,1553 2018,1524 2013,1502 543,1507 545,1531"/>
        <Baseline points="545,1531 2018,1524"/>
        <TextEquiv>
          <Unicode></Unicode>
        </TextEquiv>
      </TextLine>
      <TextLine id="eSc_line_62685f81" custom="structure {type:default;}">
        <Coords points="545,1570 545,1589 2014,1592 2018,1570 2016,1544 545,1544 545,1570"/>
        <Baseline points="545,1570 2018,1570"/>
        <TextEquiv>
          <Unicode></Unicode>
        </TextEquiv>
      </TextLine>
      <TextLine id="eSc_line_ae16bed3" custom="structure {type:default;}">
        <Coords points="546,1614 546,1633 639,1642 640,1642 675,1635 690,1631 828,1631 835,1635 852,1643 854,1643 856,1643 857,1643 885,1635 886,1635 892,1635 1037,1643 1039,1643 1040,1643 1066,1635 1074,1631 1080,1635 1092,1643 1093,1643 1095,1643 1097,1643 1209,1635 1259,1631 1285,1635 1332,1642 1334,1643 1459,1643 1459,1642 1461,1642 1476,1635 1488,1630 1544,1630 1555,1635 1565,1642 1567,1642 1568,1642 1570,1642 1638,1635 1698,1630 1720,1635 1744,1642 1746,1642 1748,1642 1749,1642 1751,1642 1760,1635 1768,1630 1784,1635 1801,1642 1802,1642 1804,1643 1883,1643 1883,1642 1884,1642 1898,1635 1910,1630 2013,1635 2016,1611 2013,1589 1309,1580 1307,1580 1305,1580 1276,1589 598,1582 596,1582 545,1590 546,1614"/>
        <Baseline points="546,1614 2016,1611"/>
        <TextEquiv>
          <Unicode></Unicode>
        </TextEquiv>
      </TextLine>
      <TextLine id="eSc_line_570c901d" custom="structure {type:default;}">
        <Coords points="540,1652 538,1667 574,1681 575,1681 577,1681 880,1669 926,1681 927,1681 929,1683 1122,1683 1122,1681 1124,1681 1151,1671 1245,1683 1247,1683 1315,1669 1317,1655 1315,1633 540,1630 540,1652"/>
        <Baseline points="540,1652 1317,1655"/>
        <TextEquiv>
          <Unicode></Unicode>
        </TextEquiv>
      </TextLine>
      <TextLine id="eSc_line_132915b2" custom="structure {type:default;}">
        <Coords points="502,1700 502,1715 977,1724 979,1724 2016,1714 2018,1695 2013,1662 500,1669 502,1700"/>
        <Baseline points="502,1700 2018,1695"/>
        <TextEquiv>
          <Unicode></Unicode>
        </TextEquiv>
      </TextLine>
      <TextLine id="eSc_line_0274eea9" custom="structure {type:default;}">
        <Coords points="143,1707 140,1678 124,1674 126,1708 129,1732 143,1722 143,1707"/>
        <Baseline points="126,1708 143,1707"/>
        <TextEquiv>
          <Unicode></Unicode>
        </TextEquiv>
      </TextLine>
      <TextLine id="eSc_line_0267368e" custom="structure {type:default;}">
        <Coords points="545,1741 545,1763 2014,1763 2014,1741 2014,1719 545,1719 545,1741"/>
        <Baseline points="545,1741 2014,1741"/>
        <TextEquiv>
          <Unicode></Unicode>
        </TextEquiv>
      </TextLine>
      <TextLine id="eSc_line_1606e7cf" custom="structure {type:default;}">
        <Coords points="543,1784 543,1802 2014,1799 2016,1778 2011,1756 541,1760 543,1784"/>
        <Baseline points="543,1784 2016,1778"/>
        <TextEquiv>
          <Unicode></Unicode>
        </TextEquiv>
      </TextLine>
      <TextLine id="eSc_line_036a63da" custom="structure {type:default;}">
        <Coords points="545,1826 545,1849 2013,1840 2014,1823 2011,1799 591,1792 589,1792 543,1801 545,1826"/>
        <Baseline points="545,1826 2014,1823"/>
        <TextEquiv>
          <Unicode></Unicode>
        </TextEquiv>
      </TextLine>
      <TextLine id="eSc_line_c2da51f6" custom="structure {type:default;}">
        <Coords points="543,1869 543,1888 830,1888 832,1888 844,1896 845,1896 847,1896 849,1898 931,1898 931,1896 933,1896 934,1896 946,1888 965,1896 967,1896 968,1898 1167,1898 1167,1896 1168,1896 1191,1888 1194,1888 1211,1888 1312,1896 1314,1898 1462,1898 1462,1896 1464,1896 1466,1896 1476,1890 1479,1888 1495,1890 1555,1896 1556,1896 1601,1890 1614,1888 1640,1890 1719,1896 1720,1896 1772,1890 1790,1888 1806,1890 1843,1896 1845,1896 2013,1890 2013,1869 2013,1845 543,1845 543,1869"/>
        <Baseline points="543,1869 2013,1869"/>
        <TextEquiv>
          <Unicode></Unicode>
        </TextEquiv>
      </TextLine>
      <TextLine id="eSc_line_f768ce0f" custom="structure {type:default;}">
        <Coords points="541,1912 541,1931 2011,1927 2013,1907 2007,1883 540,1886 541,1912"/>
        <Baseline points="541,1912 2013,1907"/>
        <TextEquiv>
          <Unicode></Unicode>
        </TextEquiv>
      </TextLine>
      <TextLine id="eSc_line_ccbf0768" custom="structure {type:default;}">
        <Coords points="543,1953 543,1970 2009,1978 2011,1953 2011,1925 543,1925 543,1953"/>
        <Baseline points="543,1953 2011,1953"/>
        <TextEquiv>
          <Unicode></Unicode>
        </TextEquiv>
      </TextLine>
      <TextLine id="eSc_line_55c4cc04" custom="structure {type:default;}">
        <Coords points="545,1995 545,2013 709,2023 710,2023 835,2013 844,2013 864,2023 866,2023 868,2023 869,2023 892,2013 914,2023 915,2023 917,2025 984,2025 984,2023 1066,2013 1095,2023 1097,2023 1098,2023 1155,2011 1160,2011 1163,2011 1194,2021 1196,2021 1197,2023 1546,2023 1546,2021 1548,2021 1572,2011 1604,2021 1606,2021 1608,2023 1741,2023 1741,2021 1743,2021 1777,2009 1777,1992 1772,1966 543,1968 545,1995"/>
        <Baseline points="545,1995 1777,1992"/>
        <TextEquiv>
          <Unicode></Unicode>
        </TextEquiv>
      </TextLine>
      <TextLine id="eSc_line_0958966c" custom="structure {type:default;}">
        <Coords points="505,2040 505,2066 572,2057 921,2064 1004,2064 1006,2064 2013,2054 2013,2035 2007,2009 504,2011 505,2040"/>
        <Baseline points="505,2040 2013,2035"/>
        <TextEquiv>
          <Unicode></Unicode>
        </TextEquiv>
      </TextLine>
      <TextLine id="eSc_line_4f5a33be" custom="structure {type:default;}">
        <Coords points="129,2045 133,2062 138,2059 138,2045 138,2021 129,2019 129,2045"/>
        <Baseline points="129,2045 138,2045"/>
        <TextEquiv>
          <Unicode></Unicode>
        </TextEquiv>
      </TextLine>
      <TextLine id="eSc_line_11d53132" custom="structure {type:default;}">
        <Coords points="541,2083 541,2100 1262,2108 1264,2108 1322,2105 1404,2098 1497,2105 1524,2107 1526,2107 1599,2105 1919,2098 2006,2107 2009,2079 2006,2055 540,2054 541,2083"/>
        <Baseline points="541,2083 2009,2079"/>
        <TextEquiv>
          <Unicode></Unicode>
        </TextEquiv>
      </TextLine>
      <TextLine id="eSc_line_43be8a76" custom="structure {type:default;}">
        <Coords points="543,2124 543,2137 714,2149 716,2149 839,2137 842,2137 866,2149 868,2149 869,2149 871,2149 873,2149 873,2148 883,2137 907,2148 909,2148 910,2148 1061,2137 1097,2148 1098,2148 1100,2148 1102,2148 1103,2148 1122,2136 1124,2136 1177,2136 1179,2136 1197,2148 1199,2148 1201,2148 1203,2149 1426,2149 1426,2148 1428,2148 1464,2134 1464,2120 1461,2098 1004,2089 1003,2089 1001,2089 999,2089 999,2091 991,2098 991,2100 541,2100 543,2124"/>
        <Baseline points="543,2124 1464,2120"/>
        <TextEquiv>
          <Unicode></Unicode>
        </TextEquiv>
      </TextLine>
      <TextLine id="eSc_line_acdc2b4f" custom="structure {type:default;}">
        <Coords points="71,2165 71,2218 184,2216 186,2216 187,2216 187,2214 194,2209 198,2204 205,2207 217,2214 218,2214 220,2214 275,2201 275,2161 270,2091 242,2093 240,2093 239,2093 239,2095 225,2107 179,2100 131,2093 129,2093 128,2093 70,2108 71,2165"/>
        <Baseline points="71,2165 275,2161"/>
        <TextEquiv>
          <Unicode></Unicode>
        </TextEquiv>
      </TextLine>
      <TextLine id="eSc_line_508a2d1e" custom="structure {type:default;}">
        <Coords points="500,2166 500,2185 2009,2180 2011,2161 2006,2124 1876,2134 1594,2127 1502,2125 1500,2125 1483,2129 1445,2136 1054,2132 592,2129 591,2129 499,2137 500,2166"/>
        <Baseline points="500,2166 2011,2161"/>
        <TextEquiv>
          <Unicode></Unicode>
        </TextEquiv>
      </TextLine>
      <TextLine id="eSc_line_000c6177" custom="structure {type:default;}">
        <Coords points="540,2209 540,2228 2007,2228 2009,2204 2006,2182 562,2177 560,2177 558,2177 538,2183 540,2209"/>
        <Baseline points="540,2209 2009,2204"/>
        <TextEquiv>
          <Unicode></Unicode>
        </TextEquiv>
      </TextLine>
      <TextLine id="eSc_line_b8dc1d12" custom="structure {type:default;}">
        <Coords points="541,2254 541,2274 2007,2272 2009,2245 2004,2223 540,2230 541,2254"/>
        <Baseline points="541,2254 2009,2245"/>
        <TextEquiv>
          <Unicode></Unicode>
        </TextEquiv>
      </TextLine>
      <TextLine id="eSc_line_ccc4e4d2" custom="structure {type:default;}">
        <Coords points="541,2293 541,2310 2006,2315 2009,2289 2004,2265 540,2267 541,2293"/>
        <Baseline points="541,2293 2009,2289"/>
        <TextEquiv>
          <Unicode></Unicode>
        </TextEquiv>
      </TextLine>
      <TextLine id="eSc_line_9b81d70b" custom="structure {type:default;}">
        <Coords points="540,2336 540,2354 840,2365 842,2365 844,2365 881,2354 902,2365 904,2365 905,2365 972,2353 977,2353 994,2365 996,2365 998,2365 999,2366 1273,2366 1273,2365 1274,2365 1276,2365 1295,2351 1297,2351 1303,2351 1394,2363 1396,2365 1495,2365 1495,2363 1497,2363 1522,2351 1541,2363 1543,2363 1544,2363 1546,2365 1640,2365 1640,2363 1715,2349 1722,2349 1780,2349 1782,2349 1799,2361 1801,2361 1802,2361 1804,2361 1922,2351 1956,2361 1958,2361 1960,2361 1961,2361 2007,2348 2007,2329 2002,2308 538,2310 540,2336"/>
        <Baseline points="540,2336 2007,2329"/>
        <TextEquiv>
          <Unicode></Unicode>
        </TextEquiv>
      </TextLine>
      <TextLine id="eSc_line_c1ae4d76" custom="structure {type:default;}">
        <Coords points="540,2377 540,2397 2009,2395 2009,2373 2006,2353 538,2353 540,2377"/>
        <Baseline points="540,2377 2009,2373"/>
        <TextEquiv>
          <Unicode></Unicode>
        </TextEquiv>
      </TextLine>
      <TextLine id="eSc_line_d5247c97" custom="structure {type:default;}">
        <Coords points="540,2419 540,2436 2007,2433 2007,2416 2002,2390 538,2394 540,2419"/>
        <Baseline points="540,2419 2007,2416"/>
        <TextEquiv>
          <Unicode></Unicode>
        </TextEquiv>
      </TextLine>
      <TextLine id="eSc_line_5bdb4afe" custom="structure {type:default;}">
        <Coords points="540,2464 540,2486 2002,2488 2006,2457 2001,2436 538,2442 540,2464"/>
        <Baseline points="540,2464 2006,2457"/>
        <TextEquiv>
          <Unicode></Unicode>
        </TextEquiv>
      </TextLine>
      <TextLine id="eSc_line_fb8136d2" custom="structure {type:default;}">
        <Coords points="540,2506 540,2525 2004,2522 2006,2501 2001,2477 538,2481 540,2506"/>
        <Baseline points="540,2506 2006,2501"/>
        <TextEquiv>
          <Unicode></Unicode>
        </TextEquiv>
      </TextLine>
      <TextLine id="eSc_line_73fec8c2" custom="structure {type:default;}">
        <Coords points="540,2547 540,2565 2004,2561 2006,2542 2002,2517 623,2513 622,2513 538,2522 540,2547"/>
        <Baseline points="540,2547 2006,2542"/>
        <TextEquiv>
          <Unicode></Unicode>
        </TextEquiv>
      </TextLine>
      <TextLine id="eSc_line_a69aadf8" custom="structure {type:default;}">
        <Coords points="540,2590 540,2611 2002,2614 2006,2587 2002,2566 1416,2558 1414,2558 538,2566 540,2590"/>
        <Baseline points="540,2590 2006,2587"/>
        <TextEquiv>
          <Unicode></Unicode>
        </TextEquiv>
      </TextLine>
      <TextLine id="eSc_line_963e6518" custom="structure {type:default;}">
        <Coords points="540,2636 540,2655 2006,2648 2006,2629 2001,2604 538,2609 540,2636"/>
        <Baseline points="540,2636 2006,2629"/>
        <TextEquiv>
          <Unicode></Unicode>
        </TextEquiv>
      </TextLine>
      <TextLine id="eSc_line_ae26aabb" custom="structure {type:default;}">
        <Coords points="540,2677 540,2696 2001,2698 2002,2672 1999,2648 1030,2641 1028,2641 1027,2641 1008,2650 570,2643 569,2643 567,2643 538,2652 540,2677"/>
        <Baseline points="540,2677 2002,2672"/>
        <TextEquiv>
          <Unicode></Unicode>
        </TextEquiv>
      </TextLine>
      <TextLine id="eSc_line_0d95f34d" custom="structure {type:default;}">
        <Coords points="541,2718 541,2756 557,2766 558,2766 560,2766 562,2766 618,2761 620,2761 622,2761 632,2754 651,2742 851,2742 866,2753 881,2763 883,2763 885,2763 886,2763 888,2763 927,2751 936,2749 945,2751 979,2761 980,2761 982,2761 1027,2751 1040,2747 1047,2751 1080,2766 1081,2766 1083,2766 1148,2756 1204,2766 1206,2766 1208,2766 1209,2766 1230,2751 1273,2756 1274,2756 1276,2756 1293,2749 1314,2741 1368,2747 1414,2754 1416,2754 1418,2754 1420,2754 1430,2747 1445,2739 1474,2739 1491,2747 1505,2756 1507,2756 1508,2756 1510,2756 1512,2756 1534,2747 1551,2741 1623,2746 1626,2746 1664,2764 1666,2764 1667,2766 1821,2766 1821,2764 1823,2764 1869,2744 1869,2713 1864,2691 540,2694 541,2718"/>
        <Baseline points="541,2718 1869,2713"/>
        <TextEquiv>
          <Unicode></Unicode>
        </TextEquiv>
      </TextLine>
      <TextLine id="eSc_line_18072a4e" custom="structure {type:default;}">
        <Coords points="1720,2761 1722,2788 1794,2787 1794,2758 1789,2729 1717,2729 1720,2761"/>
        <Baseline points="1720,2761 1794,2758"/>
        <TextEquiv>
          <Unicode></Unicode>
        </TextEquiv>
      </TextLine>
    </TextRegion>
    <TextRegion id="eSc_textblock_29a78b40"  custom="structure {type:default;}">
      <Coords points="950,116 1377,123 1391,189 1370,210 697,196 717,123 950,116"/>
      <TextLine id="eSc_line_018d946f" custom="structure {type:default;}">
        <Coords points="712,138 712,174 710,201 1367,201 1368,177 1367,136 1303,124 1302,124 1245,135 1244,135 1228,124 1227,124 1225,124 1223,124 1071,135 1054,135 1050,135 1035,123 1033,123 1032,123 1030,123 933,131 760,123 758,123 717,131 712,138"/>
        <Baseline points="712,174 1368,177"/>
        <TextEquiv>
          <Unicode></Unicode>
        </TextEquiv>
      </TextLine>
    </TextRegion>
    <TextRegion id="eSc_textblock_60a60880"  custom="structure {type:default;}">
      <Coords points="1948,129 2038,143 2038,182 1924,203 1910,143 1948,129"/>
      <TextLine id="eSc_line_0bfcf5fa" custom="structure {type:default;}">
        <Coords points="2009,138 1992,136 1975,133 1958,131 1936,131 1924,135 1927,179 1927,201 2014,205 2016,176 2013,138 2009,138"/>
        <Baseline points="1927,179 2016,176"/>
        <TextEquiv>
          <Unicode></Unicode>
        </TextEquiv>
      </TextLine>
    </TextRegion>
  </Page>
</PcGts>
