<?xml version="1.0" encoding="UTF-8"  standalone="yes"?>
<PcGts xmlns="http://schema.primaresearch.org/PAGE/gts/pagecontent/2019-07-15" xmlns:xsi="http://www.w3.org/2001/XMLSchema-instance" xsi:schemaLocation="http://schema.primaresearch.org/PAGE/gts/pagecontent/2019-07-15 http://schema.primaresearch.org/PAGE/gts/pagecontent/2019-07-15/pagecontent.xsd">
  <Metadata externalRef="pdf//regestapontificu01cath.pdf">
	<Creator>escriptorium</Creator>
	<Created>2026-02-12T11:34:17.834601+00:00</Created>
        <LastChange>2026-02-13T11:06:59.295963+00:00</LastChange>
  </Metadata>
  <Page imageFilename="regestapontificu01cath.pdf_page_348.png" imageWidth="2353" imageHeight="3055">
    <TextRegion id="eSc_textblock_af6ec104"  custom="structure {type:default;}">
      <Coords points="300,128 405,135 412,181 305,208 278,188 300,128"/>
      <TextLine id="eSc_line_c42b7803" custom="structure {type:default;}">
        <Coords points="381,134 365,132 348,130 331,130 314,128 297,135 297,166 297,246 387,251 388,166 388,134 381,134"/>
        <Baseline points="297,166 388,166"/>
        <TextEquiv>
          <Unicode></Unicode>
        </TextEquiv>
      </TextLine>
    </TextRegion>
    <TextRegion id="eSc_textblock_afbd971a"  custom="structure {type:default;}">
      <Coords points="295,224 2278,237 2264,2693 1120,2693 814,2720 731,2686 516,2693 393,2666 421,2620 494,2613 495,2593 373,2571 298,2510 271,969 295,224"/>
      <TextLine id="eSc_line_f928f47a" custom="structure {type:default;}">
        <Coords points="718,283 718,303 752,315 753,315 755,315 1054,305 1257,298 1271,305 1276,310 1278,310 1280,310 1281,312 1405,312 1405,310 1407,310 1419,307 1453,295 1478,307 1483,308 1485,308 1487,310 1517,310 1517,308 1519,308 1521,308 1521,307 1522,307 1534,295 1573,307 1575,307 1577,307 1578,308 1672,308 1672,307 1673,307 1699,295 1746,307 1752,273 1746,235 1347,242 1278,237 1234,234 1232,234 1152,237 999,246 918,239 892,237 891,237 877,239 825,247 716,241 718,283"/>
        <Baseline points="718,283 1752,273"/>
        <TextEquiv>
          <Unicode></Unicode>
        </TextEquiv>
      </TextLine>
      <TextLine id="eSc_line_23d28aa4" custom="structure {type:default;}">
        <Coords points="777,330 777,351 2239,342 2240,325 2235,297 775,300 777,330"/>
        <Baseline points="777,330 2240,325"/>
        <TextEquiv>
          <Unicode></Unicode>
        </TextEquiv>
      </TextLine>
      <TextLine id="eSc_line_1b37cd91" custom="structure {type:default;}">
        <Coords points="777,371 777,386 2235,395 2237,371 2235,344 777,347 777,371"/>
        <Baseline points="777,371 2237,371"/>
        <TextEquiv>
          <Unicode></Unicode>
        </TextEquiv>
      </TextLine>
      <TextLine id="eSc_line_e3764f22" custom="structure {type:default;}">
        <Coords points="779,415 779,431 2234,432 2237,412 2234,388 1541,380 1539,380 1485,388 842,381 840,381 777,390 779,415"/>
        <Baseline points="779,415 2237,412"/>
        <TextEquiv>
          <Unicode></Unicode>
        </TextEquiv>
      </TextLine>
      <TextLine id="eSc_line_0d28661b" custom="structure {type:default;}">
        <Coords points="777,458 777,473 2235,470 2237,454 2234,426 775,424 777,458"/>
        <Baseline points="777,458 2237,454"/>
        <TextEquiv>
          <Unicode></Unicode>
        </TextEquiv>
      </TextLine>
      <TextLine id="eSc_line_834aadb6" custom="structure {type:default;}">
        <Coords points="774,498 774,521 1079,514 1088,517 1093,522 1095,522 1096,522 1098,524 1178,524 1178,522 1205,517 1227,512 1235,517 1247,522 1249,522 1251,524 1388,524 1388,522 1390,522 1407,514 1417,510 1590,510 1594,512 1602,521 1604,521 1606,521 1607,521 1694,512 1709,510 1712,512 1733,521 1735,521 1736,521 1899,509 1916,509 1926,509 2020,519 2021,519 2023,519 2059,507 2059,492 2055,470 772,466 774,498"/>
        <Baseline points="774,498 2059,492"/>
        <TextEquiv>
          <Unicode></Unicode>
        </TextEquiv>
      </TextLine>
      <TextLine id="eSc_line_542beb84" custom="structure {type:default;}">
        <Coords points="651,505 651,570 668,573 670,505 667,429 651,436 651,505"/>
        <Baseline points="651,505 670,505"/>
        <TextEquiv>
          <Unicode></Unicode>
        </TextEquiv>
      </TextLine>
      <TextLine id="eSc_line_d25c9189" custom="structure {type:default;}">
        <Coords points="735,541 735,563 2235,563 2237,538 2234,514 733,509 735,541"/>
        <Baseline points="735,541 2237,538"/>
        <TextEquiv>
          <Unicode></Unicode>
        </TextEquiv>
      </TextLine>
      <TextLine id="eSc_line_f9359803" custom="structure {type:default;}">
        <Coords points="777,582 777,600 2237,600 2239,582 2237,554 777,554 777,582"/>
        <Baseline points="777,582 2239,582"/>
        <TextEquiv>
          <Unicode></Unicode>
        </TextEquiv>
      </TextLine>
      <TextLine id="eSc_line_cdaec896" custom="structure {type:default;}">
        <Coords points="779,624 779,641 1390,650 1392,650 1393,650 1395,650 1409,641 1410,641 1420,641 1996,648 1998,648 2062,639 2066,639 2067,639 2133,648 2135,648 2239,638 2240,621 2237,597 791,592 789,592 787,592 786,592 777,597 779,624"/>
        <Baseline points="779,624 2240,621"/>
        <TextEquiv>
          <Unicode></Unicode>
        </TextEquiv>
      </TextLine>
      <TextLine id="eSc_line_5a87bf72" custom="structure {type:default;}">
        <Coords points="779,665 779,694 1023,689 1139,695 1241,702 1242,702 1320,697 1444,687 1531,697 1563,700 1565,700 1641,697 1840,689 1875,697 1877,697 1879,697 1974,685 2032,697 2218,699 2222,660 2218,638 1741,629 1740,629 1738,629 1736,629 1724,638 1723,639 777,639 779,665"/>
        <Baseline points="779,665 2222,660"/>
        <TextEquiv>
          <Unicode></Unicode>
        </TextEquiv>
      </TextLine>
      <TextLine id="eSc_line_419e25b7" custom="structure {type:default;}">
        <Coords points="779,711 779,731 1110,719 1111,707 1108,683 806,677 804,677 803,677 777,685 779,711"/>
        <Baseline points="779,711 1111,707"/>
        <TextEquiv>
          <Unicode></Unicode>
        </TextEquiv>
      </TextLine>
      <TextLine id="eSc_line_ae941ddc" custom="structure {type:default;}">
        <Coords points="315,751 314,794 404,804 405,804 407,804 409,804 434,784 439,780 480,780 482,755 482,723 449,712 448,712 446,712 444,712 431,716 415,721 407,714 378,689 376,689 375,689 336,689 334,689 332,689 331,689 315,697 315,751"/>
        <Baseline points="315,751 482,755"/>
        <TextEquiv>
          <Unicode></Unicode>
        </TextEquiv>
      </TextLine>
      <TextLine id="eSc_line_8b41367b" custom="structure {type:default;}">
        <Coords points="730,753 730,784 801,770 892,780 894,780 982,768 1137,768 1159,780 1161,780 1162,780 1164,780 1171,780 1264,767 1356,767 1380,779 1383,779 1385,779 1387,779 1403,777 1538,765 1621,775 1638,777 1639,779 1709,779 1709,777 1711,777 1721,775 1762,763 1785,773 1789,775 1791,775 1792,775 1852,773 2105,762 2128,770 2137,773 2139,773 2140,773 2240,768 2242,743 2237,716 2108,716 2105,716 2083,707 2081,707 2079,707 2010,716 1986,717 1933,716 1787,709 1785,709 1750,716 1733,721 1521,721 1512,716 1497,711 1495,711 1493,711 1454,717 1427,721 1409,717 1390,712 1388,712 1387,712 1305,717 1237,721 1183,717 1134,714 1132,714 1130,714 1128,714 1123,717 1115,723 1079,717 1054,714 1052,714 1011,717 959,723 728,719 730,753"/>
        <Baseline points="730,753 2242,743"/>
        <TextEquiv>
          <Unicode></Unicode>
        </TextEquiv>
      </TextLine>
      <TextLine id="eSc_line_a0dfcdc4" custom="structure {type:default;}">
        <Coords points="780,792 780,814 2239,816 2242,789 2237,765 779,768 780,792"/>
        <Baseline points="780,792 2242,789"/>
        <TextEquiv>
          <Unicode></Unicode>
        </TextEquiv>
      </TextLine>
      <TextLine id="eSc_line_6d360fed" custom="structure {type:default;}">
        <Coords points="782,836 782,853 2240,857 2244,833 2240,806 780,802 782,836"/>
        <Baseline points="782,836 2244,833"/>
        <TextEquiv>
          <Unicode></Unicode>
        </TextEquiv>
      </TextLine>
      <TextLine id="eSc_line_5c51c95d" custom="structure {type:default;}">
        <Coords points="784,877 784,897 891,901 892,901 894,901 908,897 926,891 940,896 952,901 954,901 955,902 1045,902 1045,901 1047,901 1049,901 1049,899 1054,894 1057,891 1067,894 1079,899 1081,899 1083,899 1195,892 1274,889 1288,892 1317,899 1319,899 1320,899 1322,899 1324,899 1332,891 1337,889 1392,889 1397,891 1415,899 1417,899 1419,899 1509,889 1531,887 1563,889 1704,896 1706,896 1707,896 1740,885 1740,872 1736,848 782,846 784,877"/>
        <Baseline points="784,877 1740,872"/>
        <TextEquiv>
          <Unicode></Unicode>
        </TextEquiv>
      </TextLine>
      <TextLine id="eSc_line_3b446a4e" custom="structure {type:default;}">
        <Coords points="731,923 731,938 2242,938 2242,916 2237,889 730,894 731,923"/>
        <Baseline points="731,923 2242,916"/>
        <TextEquiv>
          <Unicode></Unicode>
        </TextEquiv>
      </TextLine>
      <TextLine id="eSc_line_83991795" custom="structure {type:default;}">
        <Coords points="319,926 319,962 487,945 487,926 487,894 449,885 448,885 446,885 319,891 319,926"/>
        <Baseline points="319,926 487,926"/>
        <TextEquiv>
          <Unicode></Unicode>
        </TextEquiv>
      </TextLine>
      <TextLine id="eSc_line_3ad69fa3" custom="structure {type:default;}">
        <Coords points="784,964 784,986 2242,972 2244,955 2239,931 782,938 784,964"/>
        <Baseline points="784,964 2244,955"/>
        <TextEquiv>
          <Unicode></Unicode>
        </TextEquiv>
      </TextLine>
      <TextLine id="eSc_line_38ea213d" custom="structure {type:default;}">
        <Coords points="782,1004 782,1030 876,1021 1088,1030 1113,1030 1115,1030 1120,1030 1164,1020 1205,1030 1208,1030 1210,1030 1212,1030 1220,1030 1280,1020 1432,1020 1476,1028 1488,1030 1490,1030 1492,1030 1495,1028 1514,1020 1556,1028 1561,1028 1563,1028 1565,1028 1566,1028 1582,1018 1926,1026 1947,1026 1948,1026 1950,1026 1981,1016 2008,1025 2010,1025 2011,1025 2013,1025 2033,1016 2047,1026 2049,1026 2050,1026 2052,1026 2242,1025 2244,997 2239,975 780,980 782,1004"/>
        <Baseline points="782,1004 2244,997"/>
        <TextEquiv>
          <Unicode></Unicode>
        </TextEquiv>
      </TextLine>
      <TextLine id="eSc_line_bfd93ca2" custom="structure {type:default;}">
        <Coords points="782,1045 782,1064 1020,1069 1022,1069 1161,1062 1217,1059 1220,1060 1225,1065 1225,1067 1227,1067 1229,1067 1230,1069 1385,1069 1385,1067 1387,1067 1388,1067 1398,1059 1400,1059 1410,1067 1412,1067 1414,1067 1415,1069 1563,1069 1563,1067 1565,1067 1599,1057 1599,1042 1594,1018 780,1018 782,1045"/>
        <Baseline points="782,1045 1599,1042"/>
        <TextEquiv>
          <Unicode></Unicode>
        </TextEquiv>
      </TextLine>
      <TextLine id="eSc_line_dd6f0d63" custom="structure {type:default;}">
        <Coords points="320,1089 320,1121 375,1121 376,1121 395,1115 417,1106 436,1109 465,1115 466,1115 468,1115 470,1115 487,1104 487,1086 483,1038 319,1037 320,1089"/>
        <Baseline points="320,1089 487,1086"/>
        <TextEquiv>
          <Unicode></Unicode>
        </TextEquiv>
      </TextLine>
      <TextLine id="eSc_line_ed9cffb2" custom="structure {type:default;}">
        <Coords points="735,1091 735,1106 952,1115 954,1115 955,1115 986,1106 1008,1106 1738,1109 1740,1109 2246,1098 2246,1081 2242,1053 1794,1047 1792,1047 1745,1055 1738,1055 1723,1055 1609,1048 1607,1048 733,1059 735,1091"/>
        <Baseline points="735,1091 2246,1081"/>
        <TextEquiv>
          <Unicode></Unicode>
        </TextEquiv>
      </TextLine>
      <TextLine id="eSc_line_3217363d" custom="structure {type:default;}">
        <Coords points="784,1132 784,1147 1057,1157 1059,1157 1061,1157 1062,1157 1076,1149 1079,1147 1125,1149 1244,1155 1246,1155 1247,1155 1269,1149 1285,1145 1295,1150 1308,1155 1310,1155 1312,1155 1314,1155 1325,1150 1330,1147 1358,1150 1405,1155 1407,1155 1409,1155 1424,1150 1437,1143 1539,1143 1573,1150 1590,1154 1592,1154 1612,1150 1653,1143 1702,1150 1724,1154 1726,1154 1728,1154 1729,1154 1733,1150 1745,1143 1950,1152 1972,1152 1974,1152 1976,1152 1977,1152 2008,1142 2052,1152 2055,1152 2057,1154 2244,1154 2246,1125 2242,1103 1546,1096 1544,1096 1456,1104 1449,1104 1431,1104 1169,1098 1168,1098 1166,1098 1147,1106 1145,1108 782,1108 784,1132"/>
        <Baseline points="784,1132 2246,1125"/>
        <TextEquiv>
          <Unicode></Unicode>
        </TextEquiv>
      </TextLine>
      <TextLine id="eSc_line_7d4994b3" custom="structure {type:default;}">
        <Coords points="784,1172 784,1196 2244,1196 2246,1167 2240,1143 782,1143 784,1172"/>
        <Baseline points="784,1172 2246,1167"/>
        <TextEquiv>
          <Unicode></Unicode>
        </TextEquiv>
      </TextLine>
      <TextLine id="eSc_line_cc163095" custom="structure {type:default;}">
        <Coords points="784,1211 784,1230 2244,1230 2244,1211 2244,1188 784,1188 784,1211"/>
        <Baseline points="784,1211 2244,1211"/>
        <TextEquiv>
          <Unicode></Unicode>
        </TextEquiv>
      </TextLine>
      <TextLine id="eSc_line_1bef9bb6" custom="structure {type:default;}">
        <Coords points="789,1257 789,1274 1006,1284 1008,1284 1010,1284 1038,1276 1047,1274 1247,1276 1460,1279 1461,1279 1482,1278 1539,1271 1560,1278 1570,1281 1572,1281 1573,1283 1726,1283 1726,1281 1728,1281 1729,1281 1733,1278 1745,1271 1772,1279 1775,1279 1777,1279 1779,1279 1780,1279 1782,1279 1799,1271 1996,1279 2013,1279 2015,1279 2016,1279 2038,1269 2060,1279 2062,1279 2064,1281 2246,1281 2247,1250 2242,1227 787,1232 789,1257"/>
        <Baseline points="789,1257 2247,1250"/>
        <TextEquiv>
          <Unicode></Unicode>
        </TextEquiv>
      </TextLine>
      <TextLine id="eSc_line_3ffa6b0d" custom="structure {type:default;}">
        <Coords points="787,1298 787,1318 998,1323 999,1323 1001,1323 1022,1318 1033,1315 1047,1317 1078,1323 1079,1323 1081,1323 1095,1317 1100,1315 1120,1317 1181,1323 1183,1323 1184,1323 1205,1317 1215,1313 1244,1317 1302,1322 1303,1322 1400,1315 1429,1313 1434,1315 1454,1322 1456,1322 1458,1322 1460,1322 1483,1315 1488,1313 1500,1315 1561,1322 1563,1322 1629,1313 1645,1311 1648,1313 1655,1320 1656,1320 1658,1320 1660,1322 1977,1322 1977,1320 1979,1320 2015,1310 2015,1293 2011,1271 1692,1262 1690,1262 1611,1271 1600,1272 786,1272 787,1298"/>
        <Baseline points="787,1298 2015,1293"/>
        <TextEquiv>
          <Unicode></Unicode>
        </TextEquiv>
      </TextLine>
      <TextLine id="eSc_line_8a17d832" custom="structure {type:default;}">
        <Coords points="320,1340 320,1396 337,1413 337,1415 339,1415 341,1415 342,1417 376,1417 376,1415 378,1415 380,1415 380,1413 393,1400 465,1386 465,1340 465,1296 407,1286 405,1286 404,1286 402,1286 402,1288 393,1296 320,1296 320,1340"/>
        <Baseline points="320,1340 465,1340"/>
        <TextEquiv>
          <Unicode></Unicode>
        </TextEquiv>
      </TextLine>
      <TextLine id="eSc_line_2d0595fc" custom="structure {type:default;}">
        <Coords points="522,1340 522,1356 696,1354 696,1340 696,1300 602,1281 600,1281 599,1281 597,1281 582,1291 580,1291 522,1288 522,1340"/>
        <Baseline points="522,1340 696,1340"/>
        <TextEquiv>
          <Unicode></Unicode>
        </TextEquiv>
      </TextLine>
      <TextLine id="eSc_line_5db05fed" custom="structure {type:default;}">
        <Coords points="740,1340 740,1357 2242,1359 2246,1335 2242,1311 762,1306 760,1306 758,1306 738,1313 740,1340"/>
        <Baseline points="740,1340 2246,1335"/>
        <TextEquiv>
          <Unicode></Unicode>
        </TextEquiv>
      </TextLine>
      <TextLine id="eSc_line_c3bfdbbf" custom="structure {type:default;}">
        <Coords points="504,1381 504,1412 2240,1401 2242,1378 2239,1354 502,1352 504,1381"/>
        <Baseline points="504,1381 2242,1378"/>
        <TextEquiv>
          <Unicode></Unicode>
        </TextEquiv>
      </TextLine>
      <TextLine id="eSc_line_1c191f03" custom="structure {type:default;}">
        <Coords points="563,1425 563,1452 667,1440 667,1422 662,1398 561,1400 563,1425"/>
        <Baseline points="563,1425 667,1422"/>
        <TextEquiv>
          <Unicode></Unicode>
        </TextEquiv>
      </TextLine>
      <TextLine id="eSc_line_986fe6bb" custom="structure {type:default;}">
        <Coords points="782,1425 782,1442 2244,1446 2247,1420 2242,1396 780,1400 782,1425"/>
        <Baseline points="782,1425 2247,1420"/>
        <TextEquiv>
          <Unicode></Unicode>
        </TextEquiv>
      </TextLine>
      <TextLine id="eSc_line_3fb30cb4" custom="structure {type:default;}">
        <Coords points="787,1468 787,1483 2244,1485 2247,1464 2244,1435 876,1432 874,1432 786,1440 787,1468"/>
        <Baseline points="787,1468 2247,1464"/>
        <TextEquiv>
          <Unicode></Unicode>
        </TextEquiv>
      </TextLine>
      <TextLine id="eSc_line_37599a60" custom="structure {type:default;}">
        <Coords points="789,1510 789,1529 1329,1537 1330,1537 1332,1537 1334,1537 1341,1532 1349,1529 1482,1529 1497,1532 1510,1537 1512,1537 1514,1537 1694,1534 2013,1527 2028,1535 2030,1535 2032,1535 2033,1537 2247,1537 2249,1507 2246,1483 1534,1474 1533,1474 1531,1474 1514,1483 842,1476 840,1476 787,1485 789,1510"/>
        <Baseline points="789,1510 2249,1507"/>
        <TextEquiv>
          <Unicode></Unicode>
        </TextEquiv>
      </TextLine>
      <TextLine id="eSc_line_c33c8c27" custom="structure {type:default;}">
        <Coords points="789,1551 789,1566 1721,1571 1724,1547 1719,1524 787,1525 789,1551"/>
        <Baseline points="789,1551 1724,1547"/>
        <TextEquiv>
          <Unicode></Unicode>
        </TextEquiv>
      </TextLine>
      <TextLine id="eSc_line_303ea5d8" custom="structure {type:default;}">
        <Coords points="728,1593 728,1615 2249,1607 2251,1588 2246,1556 726,1558 728,1593"/>
        <Baseline points="728,1593 2251,1588"/>
        <TextEquiv>
          <Unicode></Unicode>
        </TextEquiv>
      </TextLine>
      <TextLine id="eSc_line_6925deb4" custom="structure {type:default;}">
        <Coords points="791,1636 791,1659 2247,1661 2251,1631 2246,1608 789,1608 791,1636"/>
        <Baseline points="791,1636 2251,1631"/>
        <TextEquiv>
          <Unicode></Unicode>
        </TextEquiv>
      </TextLine>
      <TextLine id="eSc_line_91714d50" custom="structure {type:default;}">
        <Coords points="791,1676 791,1695 2247,1700 2251,1673 2246,1649 789,1651 791,1676"/>
        <Baseline points="791,1676 2251,1673"/>
        <TextEquiv>
          <Unicode></Unicode>
        </TextEquiv>
      </TextLine>
      <TextLine id="eSc_line_9879f8c7" custom="structure {type:default;}">
        <Coords points="792,1720 792,1744 1278,1734 2242,1739 2246,1715 2242,1690 821,1687 819,1687 818,1687 791,1695 792,1720"/>
        <Baseline points="792,1720 2246,1715"/>
        <TextEquiv>
          <Unicode></Unicode>
        </TextEquiv>
      </TextLine>
      <TextLine id="eSc_line_e6dc1588" custom="structure {type:default;}">
        <Coords points="789,1761 789,1780 2249,1776 2251,1754 2246,1729 787,1737 789,1761"/>
        <Baseline points="789,1761 2251,1754"/>
        <TextEquiv>
          <Unicode></Unicode>
        </TextEquiv>
      </TextLine>
      <TextLine id="eSc_line_bb72bfa7" custom="structure {type:default;}">
        <Coords points="789,1802 789,1822 859,1834 860,1834 862,1834 904,1824 909,1822 913,1824 935,1834 937,1834 938,1834 1018,1824 1033,1822 1100,1824 1368,1833 1370,1833 1427,1824 1446,1822 1453,1824 1473,1833 1475,1833 1476,1833 1514,1824 1536,1821 1561,1826 1612,1834 1614,1834 2249,1826 2251,1799 2247,1776 811,1770 809,1770 808,1770 787,1776 789,1802"/>
        <Baseline points="789,1802 2251,1799"/>
        <TextEquiv>
          <Unicode></Unicode>
        </TextEquiv>
      </TextLine>
      <TextLine id="eSc_line_77993f93" custom="structure {type:default;}">
        <Coords points="792,1846 792,1863 994,1863 1008,1875 1008,1877 1010,1877 1011,1877 1013,1877 1295,1861 1295,1846 1295,1821 1088,1812 1086,1812 1084,1812 1059,1821 1049,1812 1047,1812 1045,1812 1044,1812 1042,1812 1040,1812 1030,1821 1030,1822 972,1822 932,1822 916,1812 915,1812 913,1812 911,1812 840,1821 811,1812 809,1812 808,1812 806,1812 804,1812 792,1819 792,1846"/>
        <Baseline points="792,1846 1295,1846"/>
        <TextEquiv>
          <Unicode></Unicode>
        </TextEquiv>
      </TextLine>
      <TextLine id="eSc_line_d59892a0" custom="structure {type:default;}">
        <Coords points="731,1917 731,1931 835,1928 835,1912 831,1865 750,1860 748,1860 746,1860 728,1866 731,1917"/>
        <Baseline points="731,1917 835,1912"/>
        <TextEquiv>
          <Unicode></Unicode>
        </TextEquiv>
      </TextLine>
      <TextLine id="eSc_line_e0484a90" custom="structure {type:default;}">
        <Coords points="331,1973 331,1994 2254,1985 2256,1965 2251,1934 1998,1934 1977,1933 1875,1922 1874,1922 1826,1933 1809,1936 1770,1933 1682,1924 1680,1924 1645,1933 1628,1936 1614,1933 1594,1926 1592,1926 1590,1926 1505,1933 1468,1934 1429,1933 1337,1926 1336,1926 1281,1931 1227,1938 1118,1931 1045,1928 1044,1928 1042,1928 1032,1931 1008,1941 909,1941 848,1931 819,1928 818,1928 816,1928 808,1931 789,1939 702,1931 680,1929 679,1929 677,1929 672,1931 646,1943 471,1943 329,1931 331,1973"/>
        <Baseline points="331,1973 2256,1965"/>
        <TextEquiv>
          <Unicode></Unicode>
        </TextEquiv>
      </TextLine>
      <TextLine id="eSc_line_c53c02d8" custom="structure {type:default;}">
        <Coords points="775,2014 775,2031 803,2041 804,2041 806,2041 916,2031 925,2031 937,2031 1120,2041 1122,2041 1123,2041 1125,2041 1142,2031 1144,2031 1145,2031 1419,2040 1420,2040 1422,2040 1443,2029 1444,2029 1541,2029 1543,2029 1556,2040 1558,2040 1560,2040 1561,2041 1655,2041 1655,2040 1656,2040 1692,2029 1760,2040 1762,2040 1763,2040 1794,2029 1816,2038 1818,2038 1819,2040 1969,2040 1969,2038 1971,2038 1991,2028 2001,2028 2181,2038 2183,2038 2254,2026 2256,2009 2251,1984 774,1990 775,2014"/>
        <Baseline points="775,2014 2256,2009"/>
        <TextEquiv>
          <Unicode></Unicode>
        </TextEquiv>
      </TextLine>
      <TextLine id="eSc_line_d7c98866" custom="structure {type:default;}">
        <Coords points="511,2017 511,2036 690,2048 692,2048 694,2048 736,2031 736,2012 733,1990 509,1987 511,2017"/>
        <Baseline points="511,2017 736,2012"/>
        <TextEquiv>
          <Unicode></Unicode>
        </TextEquiv>
      </TextLine>
      <TextLine id="eSc_line_a9965ccf" custom="structure {type:default;}">
        <Coords points="796,2055 796,2080 1368,2080 1368,2079 1370,2079 1371,2079 1383,2070 1403,2079 1405,2079 1407,2079 1412,2079 1480,2070 1735,2079 1765,2079 1767,2079 1768,2079 1770,2079 1796,2068 1850,2077 1852,2077 1955,2068 1987,2077 1989,2077 1991,2079 2252,2079 2254,2050 2249,2028 794,2031 796,2055"/>
        <Baseline points="796,2055 2254,2050"/>
        <TextEquiv>
          <Unicode></Unicode>
        </TextEquiv>
      </TextLine>
      <TextLine id="eSc_line_b9793845" custom="structure {type:default;}">
        <Coords points="799,2097 799,2114 1118,2113 1128,2116 1142,2121 1144,2121 1145,2121 1147,2121 1166,2116 1179,2113 1201,2116 1234,2121 1235,2121 1237,2121 1239,2121 1246,2116 1252,2113 1261,2116 1273,2121 1274,2121 1276,2121 1390,2116 1527,2111 1597,2118 1629,2119 1631,2119 1633,2119 1634,2119 1638,2118 1648,2111 1656,2118 1660,2119 1662,2119 1663,2119 1665,2121 1757,2121 1757,2119 1758,2119 1760,2119 1762,2118 1772,2109 1808,2118 1813,2118 1814,2118 1816,2118 1818,2118 1847,2109 1965,2118 1974,2118 1976,2118 1977,2118 2001,2109 2011,2118 2013,2118 2015,2118 2016,2119 2254,2119 2256,2092 2252,2067 797,2067 799,2097"/>
        <Baseline points="799,2097 2256,2092"/>
        <TextEquiv>
          <Unicode></Unicode>
        </TextEquiv>
      </TextLine>
      <TextLine id="eSc_line_37da03d4" custom="structure {type:default;}">
        <Coords points="796,2140 796,2162 960,2158 1003,2163 1040,2167 1042,2167 1044,2167 1059,2163 1079,2158 1098,2163 1122,2169 1123,2169 1125,2169 1249,2163 1393,2157 1456,2163 1490,2167 1492,2167 1548,2163 1675,2155 1848,2163 1887,2165 1889,2165 1899,2163 1952,2153 1972,2163 1974,2163 1976,2165 2252,2165 2254,2133 2249,2111 794,2116 796,2140"/>
        <Baseline points="796,2140 2254,2133"/>
        <TextEquiv>
          <Unicode></Unicode>
        </TextEquiv>
      </TextLine>
      <TextLine id="eSc_line_91c592fb" custom="structure {type:default;}">
        <Coords points="365,2184 365,2223 480,2221 482,2221 521,2201 726,2209 728,2209 730,2209 755,2201 780,2209 782,2209 784,2209 955,2196 1001,2208 1003,2208 1005,2208 1105,2201 1127,2211 1128,2211 1130,2211 1298,2197 1437,2208 1439,2208 1504,2194 1534,2208 1536,2208 1538,2208 1699,2201 1792,2209 1797,2209 1799,2209 1801,2209 1852,2196 1933,2208 1945,2209 1947,2209 1948,2209 1954,2208 1977,2201 2251,2204 2254,2177 2251,2153 1952,2143 1950,2143 1802,2153 1777,2153 363,2153 365,2184"/>
        <Baseline points="365,2184 2254,2177"/>
        <TextEquiv>
          <Unicode></Unicode>
        </TextEquiv>
      </TextLine>
      <TextLine id="eSc_line_c9e15323" custom="structure {type:default;}">
        <Coords points="512,2225 512,2247 719,2247 719,2219 714,2194 511,2197 512,2225"/>
        <Baseline points="512,2225 719,2219"/>
        <TextEquiv>
          <Unicode></Unicode>
        </TextEquiv>
      </TextLine>
      <TextLine id="eSc_line_0f0ba9f6" custom="structure {type:default;}">
        <Coords points="792,2225 792,2242 2254,2236 2256,2219 2252,2192 808,2191 806,2191 804,2191 803,2191 791,2197 792,2225"/>
        <Baseline points="792,2225 2256,2219"/>
        <TextEquiv>
          <Unicode></Unicode>
        </TextEquiv>
      </TextLine>
      <TextLine id="eSc_line_fdaea684" custom="structure {type:default;}">
        <Coords points="519,2265 521,2298 555,2289 612,2291 697,2294 699,2294 701,2294 721,2282 721,2262 718,2242 529,2235 527,2235 526,2235 524,2235 517,2240 519,2265"/>
        <Baseline points="519,2265 721,2262"/>
        <TextEquiv>
          <Unicode></Unicode>
        </TextEquiv>
      </TextLine>
      <TextLine id="eSc_line_9bd8de9d" custom="structure {type:default;}">
        <Coords points="791,2265 791,2286 1105,2294 1106,2294 1314,2292 1315,2292 1317,2292 1325,2286 1329,2284 1480,2284 1485,2286 1507,2292 1509,2292 1510,2292 1558,2284 1566,2284 1575,2284 1617,2292 1619,2292 2251,2282 2252,2260 2247,2240 789,2243 791,2265"/>
        <Baseline points="791,2265 2252,2260"/>
        <TextEquiv>
          <Unicode></Unicode>
        </TextEquiv>
      </TextLine>
      <TextLine id="eSc_line_4fbafad8" custom="structure {type:default;}">
        <Coords points="538,2304 536,2342 595,2347 597,2347 599,2347 600,2347 600,2345 609,2337 611,2335 701,2330 702,2308 701,2282 538,2279 538,2304"/>
        <Baseline points="538,2304 702,2308"/>
        <TextEquiv>
          <Unicode></Unicode>
        </TextEquiv>
      </TextLine>
      <TextLine id="eSc_line_4c4c8afe" custom="structure {type:default;}">
        <Coords points="797,2306 797,2326 2252,2330 2256,2303 2251,2279 796,2281 797,2306"/>
        <Baseline points="797,2306 2256,2303"/>
        <TextEquiv>
          <Unicode></Unicode>
        </TextEquiv>
      </TextLine>
      <TextLine id="eSc_line_6e494223" custom="structure {type:default;}">
        <Coords points="801,2350 801,2365 2252,2360 2254,2345 2251,2316 1027,2316 1025,2316 799,2325 801,2350"/>
        <Baseline points="801,2350 2254,2345"/>
        <TextEquiv>
          <Unicode></Unicode>
        </TextEquiv>
      </TextLine>
      <TextLine id="eSc_line_bc7b86c8" custom="structure {type:default;}">
        <Coords points="799,2393 799,2418 2251,2408 2252,2386 2247,2365 797,2371 799,2393"/>
        <Baseline points="799,2393 2252,2386"/>
        <TextEquiv>
          <Unicode></Unicode>
        </TextEquiv>
      </TextLine>
      <TextLine id="eSc_line_be472d0a" custom="structure {type:default;}">
        <Coords points="799,2433 799,2459 2252,2452 2254,2430 2251,2406 797,2406 799,2433"/>
        <Baseline points="799,2433 2254,2430"/>
        <TextEquiv>
          <Unicode></Unicode>
        </TextEquiv>
      </TextLine>
      <TextLine id="eSc_line_e4ed60d4" custom="structure {type:default;}">
        <Coords points="801,2476 801,2496 993,2491 1008,2493 1049,2500 1050,2500 1052,2500 1079,2491 1083,2491 1086,2491 1110,2500 1111,2500 1113,2500 1166,2489 1168,2472 1162,2450 799,2452 801,2476"/>
        <Baseline points="801,2476 1168,2472"/>
        <TextEquiv>
          <Unicode></Unicode>
        </TextEquiv>
      </TextLine>
      <TextLine id="eSc_line_057c2b94" custom="structure {type:default;}">
        <Coords points="361,2518 361,2549 2254,2542 2254,2511 2252,2483 2229,2474 2227,2474 2225,2474 2033,2481 1957,2484 1938,2481 1894,2474 1892,2474 1823,2481 1775,2486 1735,2481 1692,2476 1690,2476 1667,2481 1645,2486 1629,2481 1616,2476 1614,2476 1612,2476 1583,2481 1555,2486 1495,2481 1439,2476 1437,2476 1436,2476 1420,2481 1403,2486 1351,2481 1307,2476 1305,2476 1269,2481 1213,2489 718,2489 657,2479 653,2479 458,2479 456,2479 454,2479 412,2489 359,2479 361,2518"/>
        <Baseline points="361,2518 2254,2511"/>
        <TextEquiv>
          <Unicode></Unicode>
        </TextEquiv>
      </TextLine>
      <TextLine id="eSc_line_885bc2ff" custom="structure {type:default;}">
        <Coords points="799,2557 799,2579 2256,2579 2256,2557 2254,2532 799,2532 799,2557"/>
        <Baseline points="799,2557 2256,2557"/>
        <TextEquiv>
          <Unicode></Unicode>
        </TextEquiv>
      </TextLine>
      <TextLine id="eSc_line_4380fb6a" custom="structure {type:default;}">
        <Coords points="799,2601 799,2617 2239,2622 2240,2622 2242,2622 2244,2622 2256,2613 2256,2596 2252,2571 797,2569 799,2601"/>
        <Baseline points="799,2601 2256,2596"/>
        <TextEquiv>
          <Unicode></Unicode>
        </TextEquiv>
      </TextLine>
      <TextLine id="eSc_line_7d0c8322" custom="structure {type:default;}">
        <Coords points="801,2642 801,2703 986,2703 986,2701 988,2701 989,2701 1011,2688 1186,2700 1188,2700 1190,2700 1191,2700 1247,2674 1341,2674 1397,2693 1398,2693 1400,2693 1473,2683 1504,2698 1505,2700 1507,2700 1509,2701 1589,2701 1589,2700 1590,2700 1592,2700 1594,2698 1628,2674 1806,2674 1833,2686 1835,2686 1836,2686 1838,2686 1840,2686 1867,2671 2089,2671 2156,2686 2157,2686 2159,2686 2193,2676 2252,2695 2256,2637 2251,2617 799,2620 801,2642"/>
        <Baseline points="801,2642 2256,2637"/>
        <TextEquiv>
          <Unicode></Unicode>
        </TextEquiv>
      </TextLine>
      <TextLine id="eSc_line_b8df53de" custom="structure {type:default;}">
        <Coords points="799,2688 799,2725 942,2725 942,2685 937,2659 797,2659 799,2688"/>
        <Baseline points="799,2688 942,2685"/>
        <TextEquiv>
          <Unicode></Unicode>
        </TextEquiv>
      </TextLine>
    </TextRegion>
    <TextRegion id="eSc_textblock_2df9bbce"  custom="structure {type:default;}">
      <Coords points="1123,115 1483,115 1517,174 1497,195 1025,188 1038,122 1123,115"/>
      <TextLine id="eSc_line_8115c093" custom="structure {type:default;}">
        <Coords points="1483,120 1057,118 1042,118 1044,168 1044,201 1115,201 1115,200 1117,200 1118,200 1120,198 1139,184 1266,184 1283,193 1290,198 1291,198 1293,198 1295,198 1349,191 1378,188 1398,190 1465,196 1466,196 1468,196 1493,186 1493,162 1490,134 1483,120"/>
        <Baseline points="1044,168 1493,162"/>
        <TextEquiv>
          <Unicode></Unicode>
        </TextEquiv>
      </TextLine>
    </TextRegion>
  </Page>
</PcGts>
