<?xml version="1.0" encoding="UTF-8"  standalone="yes"?>
<PcGts xmlns="http://schema.primaresearch.org/PAGE/gts/pagecontent/2019-07-15" xmlns:xsi="http://www.w3.org/2001/XMLSchema-instance" xsi:schemaLocation="http://schema.primaresearch.org/PAGE/gts/pagecontent/2019-07-15 http://schema.primaresearch.org/PAGE/gts/pagecontent/2019-07-15/pagecontent.xsd">
  <Metadata externalRef="pdf//regestapontificu01cath.pdf">
	<Creator>escriptorium</Creator>
	<Created>2026-02-12T11:35:00.418405+00:00</Created>
        <LastChange>2026-02-13T11:10:30.410606+00:00</LastChange>
  </Metadata>
  <Page imageFilename="regestapontificu01cath.pdf_page_366.png" imageWidth="2353" imageHeight="3055">
    <TextRegion id="eSc_textblock_d01af1f4"  custom="structure {type:default;}">
      <Coords points="307,115 392,128 392,188 258,195 264,128 307,115"/>
      <TextLine id="eSc_line_8b2a746d" custom="structure {type:default;}">
        <Coords points="281,171 281,203 376,201 376,171 376,134 281,127 281,171"/>
        <Baseline points="281,171 376,171"/>
        <TextEquiv>
          <Unicode></Unicode>
        </TextEquiv>
      </TextLine>
    </TextRegion>
    <TextRegion id="eSc_textblock_b94fb3d3"  custom="structure {type:default;}">
      <Coords points="281,237 684,244 685,271 699,244 2257,244 2257,2442 2237,2693 699,2707 690,2639 636,2673 529,2659 502,2532 509,2498 556,2484 488,2469 473,2435 398,2510 278,2469 258,2401 251,305 281,237"/>
      <TextLine id="eSc_line_12feaf5e" custom="structure {type:default;}">
        <Coords points="786,244 784,244 782,244 701,246 696,249 696,285 696,312 1251,307 1251,285 1251,256 1066,246 1064,246 1062,246 1042,252 1028,257 903,257 892,249 887,246 886,246 884,246 838,246 836,246 835,246 823,249 799,256 791,247 787,246 787,244 786,244"/>
        <Baseline points="696,285 1251,285"/>
        <TextEquiv>
          <Unicode></Unicode>
        </TextEquiv>
      </TextLine>
      <TextLine id="eSc_line_8c6767ba" custom="structure {type:default;}">
        <Coords points="758,330 757,347 1850,359 1852,359 2229,351 2230,336 2229,300 758,300 758,330"/>
        <Baseline points="758,330 2230,336"/>
        <TextEquiv>
          <Unicode></Unicode>
        </TextEquiv>
      </TextLine>
      <TextLine id="eSc_line_56e110ff" custom="structure {type:default;}">
        <Coords points="760,375 758,393 2223,397 2227,378 2225,351 760,347 760,375"/>
        <Baseline points="760,375 2227,378"/>
        <TextEquiv>
          <Unicode></Unicode>
        </TextEquiv>
      </TextLine>
      <TextLine id="eSc_line_8915847c" custom="structure {type:default;}">
        <Coords points="760,419 760,437 2230,437 2230,419 2230,393 760,393 760,419"/>
        <Baseline points="760,419 2230,419"/>
        <TextEquiv>
          <Unicode></Unicode>
        </TextEquiv>
      </TextLine>
      <TextLine id="eSc_line_4242379f" custom="structure {type:default;}">
        <Coords points="758,461 758,476 1108,476 1118,478 1156,487 1157,487 1159,487 1184,478 1193,476 2227,485 2229,461 2229,439 1225,429 1224,429 1140,437 1074,429 1072,429 1071,429 1042,437 887,429 886,429 884,429 865,437 819,429 818,429 758,437 758,461"/>
        <Baseline points="758,461 2229,461"/>
        <TextEquiv>
          <Unicode></Unicode>
        </TextEquiv>
      </TextLine>
      <TextLine id="eSc_line_b24de636" custom="structure {type:default;}">
        <Coords points="757,498 755,517 801,527 803,527 2222,526 2223,502 2222,480 757,473 757,498"/>
        <Baseline points="757,498 2223,502"/>
        <TextEquiv>
          <Unicode></Unicode>
        </TextEquiv>
      </TextLine>
      <TextLine id="eSc_line_2374fe10" custom="structure {type:default;}">
        <Coords points="290,544 290,570 325,575 327,575 329,575 376,561 376,544 376,507 353,507 353,505 337,492 337,490 336,490 334,490 332,490 331,490 290,504 290,544"/>
        <Baseline points="290,544 376,544"/>
        <TextEquiv>
          <Unicode></Unicode>
        </TextEquiv>
      </TextLine>
      <TextLine id="eSc_line_87c2f79b" custom="structure {type:default;}">
        <Coords points="719,541 718,558 2222,561 2225,544 2223,519 719,512 719,541"/>
        <Baseline points="719,541 2225,544"/>
        <TextEquiv>
          <Unicode></Unicode>
        </TextEquiv>
      </TextLine>
      <TextLine id="eSc_line_201ddb08" custom="structure {type:default;}">
        <Coords points="760,585 760,604 1006,604 1008,604 1049,612 1050,612 2227,605 2227,585 2225,563 760,563 760,585"/>
        <Baseline points="760,585 2227,585"/>
        <TextEquiv>
          <Unicode></Unicode>
        </TextEquiv>
      </TextLine>
      <TextLine id="eSc_line_60c1f0b8" custom="structure {type:default;}">
        <Coords points="758,631 758,653 2229,650 2229,631 2229,607 758,607 758,631"/>
        <Baseline points="758,631 2229,631"/>
        <TextEquiv>
          <Unicode></Unicode>
        </TextEquiv>
      </TextLine>
      <TextLine id="eSc_line_3563049f" custom="structure {type:default;}">
        <Coords points="758,668 757,687 1942,689 1945,672 1943,644 758,641 758,668"/>
        <Baseline points="758,668 1945,672"/>
        <TextEquiv>
          <Unicode></Unicode>
        </TextEquiv>
      </TextLine>
      <TextLine id="eSc_line_3d247ca6" custom="structure {type:default;}">
        <Coords points="696,726 696,748 809,738 809,723 806,694 743,689 743,687 731,677 730,677 728,677 726,677 694,682 696,726"/>
        <Baseline points="696,726 809,723"/>
        <TextEquiv>
          <Unicode></Unicode>
        </TextEquiv>
      </TextLine>
      <TextLine id="eSc_line_d74594b2" custom="structure {type:default;}">
        <Coords points="290,772 290,789 332,804 334,804 336,804 337,804 339,804 358,787 365,784 407,784 412,787 438,799 439,799 441,799 443,799 470,785 477,782 482,785 514,801 516,801 517,801 519,801 521,801 534,790 558,802 560,802 561,804 621,804 621,802 623,802 663,780 663,768 658,729 611,729 606,728 538,706 536,706 534,706 533,706 507,717 473,706 471,706 470,706 426,709 424,709 422,709 422,711 404,728 400,731 387,728 307,707 305,707 303,707 302,707 300,707 300,709 288,719 290,772"/>
        <Baseline points="290,772 663,768"/>
        <TextEquiv>
          <Unicode></Unicode>
        </TextEquiv>
      </TextLine>
      <TextLine id="eSc_line_87601b34" custom="structure {type:default;}">
        <Coords points="716,770 716,795 2227,795 2229,770 2225,743 716,745 716,770"/>
        <Baseline points="716,770 2229,770"/>
        <TextEquiv>
          <Unicode></Unicode>
        </TextEquiv>
      </TextLine>
      <TextLine id="eSc_line_a1457f79" custom="structure {type:default;}">
        <Coords points="758,814 758,831 1066,838 1067,838 1069,838 1095,831 1100,829 1108,829 1162,838 1164,838 1166,838 1191,829 1195,829 1203,829 1271,838 1273,838 1274,838 1276,838 1285,829 1286,829 1437,829 1437,814 1437,792 758,792 758,814"/>
        <Baseline points="758,814 1437,814"/>
        <TextEquiv>
          <Unicode></Unicode>
        </TextEquiv>
      </TextLine>
      <TextLine id="eSc_line_c86b2fb8" custom="structure {type:default;}">
        <Coords points="696,882 696,902 1855,899 1855,879 1852,852 694,850 696,882"/>
        <Baseline points="696,882 1855,879"/>
        <TextEquiv>
          <Unicode></Unicode>
        </TextEquiv>
      </TextLine>
      <TextLine id="eSc_line_5d8498ca" custom="structure {type:default;}">
        <Coords points="290,936 290,974 368,977 370,977 371,977 402,964 412,960 458,960 458,936 458,909 290,894 290,936"/>
        <Baseline points="290,936 458,936"/>
        <TextEquiv>
          <Unicode></Unicode>
        </TextEquiv>
      </TextLine>
      <TextLine id="eSc_line_85906b9e" custom="structure {type:default;}">
        <Coords points="716,940 716,957 2227,955 2229,936 2223,902 2159,911 2072,902 2059,902 2057,902 2050,902 2011,911 2001,904 1999,902 1998,902 1996,902 1994,902 1974,904 1908,911 1882,904 1872,902 1870,902 1869,902 1750,906 1590,911 1568,908 1538,902 1536,902 1534,902 1533,902 1526,908 1519,911 1482,908 1422,904 1420,904 1419,904 1409,909 1402,913 1235,911 825,904 823,904 714,914 716,940"/>
        <Baseline points="716,940 2229,936"/>
        <TextEquiv>
          <Unicode></Unicode>
        </TextEquiv>
      </TextLine>
      <TextLine id="eSc_line_159999f0" custom="structure {type:default;}">
        <Coords points="755,980 755,999 870,999 872,999 886,1009 887,1009 889,1009 891,1009 1037,1001 1067,999 1244,999 1251,1003 1273,1011 1274,1011 1276,1011 1453,1003 1551,999 1694,999 1718,1004 1741,1011 1743,1011 1745,1011 1833,1006 1943,999 1999,999 2015,1008 2023,1011 2025,1011 2027,1011 2227,1008 2227,980 2225,953 755,955 755,980"/>
        <Baseline points="755,980 2227,980"/>
        <TextEquiv>
          <Unicode></Unicode>
        </TextEquiv>
      </TextLine>
      <TextLine id="eSc_line_39d2a6bd" custom="structure {type:default;}">
        <Coords points="753,1021 752,1037 775,1048 777,1048 779,1048 894,1038 904,1047 904,1048 906,1048 908,1048 998,1050 999,1052 1033,1052 1033,1050 1035,1050 1037,1050 1037,1048 1047,1040 1168,1048 1169,1048 1241,1038 1242,1025 1241,1001 753,997 753,1021"/>
        <Baseline points="753,1021 1242,1025"/>
        <TextEquiv>
          <Unicode></Unicode>
        </TextEquiv>
      </TextLine>
      <TextLine id="eSc_line_3e6a86f4" custom="structure {type:default;}">
        <Coords points="514,1064 514,1137 531,1149 533,1149 534,1149 536,1149 538,1149 561,1138 568,1135 577,1138 597,1149 599,1149 600,1149 602,1149 617,1143 638,1135 648,1145 653,1064 653,1037 514,1025 514,1064"/>
        <Baseline points="514,1064 653,1064"/>
        <TextEquiv>
          <Unicode></Unicode>
        </TextEquiv>
      </TextLine>
      <TextLine id="eSc_line_13ae44de" custom="structure {type:default;}">
        <Coords points="719,1065 719,1086 2227,1086 2227,1065 2225,1031 719,1037 719,1065"/>
        <Baseline points="719,1065 2227,1065"/>
        <TextEquiv>
          <Unicode></Unicode>
        </TextEquiv>
      </TextLine>
      <TextLine id="eSc_line_7315fd84" custom="structure {type:default;}">
        <Coords points="757,1108 757,1123 1212,1123 1212,1108 1212,1086 757,1086 757,1108"/>
        <Baseline points="757,1108 1212,1108"/>
        <TextEquiv>
          <Unicode></Unicode>
        </TextEquiv>
      </TextLine>
      <TextLine id="eSc_line_f3138e37" custom="structure {type:default;}">
        <Coords points="714,1150 714,1169 928,1177 930,1177 2225,1165 2227,1145 2223,1121 1896,1109 1894,1109 1799,1121 1334,1121 1315,1111 1314,1111 1312,1111 1234,1111 1232,1111 1230,1111 1207,1123 870,1115 869,1115 713,1125 714,1150"/>
        <Baseline points="714,1150 2227,1145"/>
        <TextEquiv>
          <Unicode></Unicode>
        </TextEquiv>
      </TextLine>
      <TextLine id="eSc_line_016ac19b" custom="structure {type:default;}">
        <Coords points="758,1193 758,1210 2218,1213 2222,1189 2218,1165 757,1165 758,1193"/>
        <Baseline points="758,1193 2222,1189"/>
        <TextEquiv>
          <Unicode></Unicode>
        </TextEquiv>
      </TextLine>
      <TextLine id="eSc_line_81d3eef8" custom="structure {type:default;}">
        <Coords points="755,1233 755,1250 916,1250 933,1262 935,1262 937,1262 938,1262 940,1262 976,1252 1025,1262 1027,1262 1093,1250 1157,1261 1159,1261 1310,1250 1329,1262 1330,1262 1332,1262 1334,1264 1375,1264 1375,1262 1493,1257 1495,1257 1497,1257 1507,1249 1565,1259 1566,1259 1709,1249 1735,1261 1736,1261 1738,1262 1881,1262 1881,1261 1882,1261 1884,1261 1901,1249 1960,1249 1981,1261 1982,1261 1984,1261 1986,1262 2077,1262 2077,1261 2225,1245 2225,1230 2222,1205 777,1203 775,1203 774,1203 753,1210 755,1233"/>
        <Baseline points="755,1233 2225,1230"/>
        <TextEquiv>
          <Unicode></Unicode>
        </TextEquiv>
      </TextLine>
      <TextLine id="eSc_line_6e8b7def" custom="structure {type:default;}">
        <Coords points="755,1278 755,1293 819,1305 821,1305 823,1305 865,1294 940,1294 950,1303 950,1305 952,1305 954,1305 955,1305 957,1305 988,1294 1030,1305 1032,1305 1033,1305 1086,1294 1103,1305 1105,1305 1106,1305 1108,1306 1179,1306 1179,1305 1181,1305 1183,1305 1183,1303 1193,1294 1307,1305 1308,1306 1407,1306 1407,1305 1409,1305 1429,1294 1466,1305 1468,1305 1470,1305 1740,1293 1740,1278 1740,1254 1712,1245 1711,1245 1709,1245 1653,1254 1629,1245 1628,1245 1626,1245 1624,1245 1604,1254 1276,1245 1274,1245 1273,1245 1256,1254 1217,1245 1215,1245 1166,1254 1147,1245 1145,1245 1144,1245 1078,1254 1013,1245 1011,1245 1010,1245 1008,1245 998,1255 935,1255 926,1247 926,1245 925,1245 923,1245 826,1245 825,1245 755,1254 755,1278"/>
        <Baseline points="755,1278 1740,1278"/>
        <TextEquiv>
          <Unicode></Unicode>
        </TextEquiv>
      </TextLine>
      <TextLine id="eSc_line_8cc47b9c" custom="structure {type:default;}">
        <Coords points="697,1334 697,1357 920,1354 920,1334 920,1294 697,1289 697,1334"/>
        <Baseline points="697,1334 920,1334"/>
        <TextEquiv>
          <Unicode></Unicode>
        </TextEquiv>
      </TextLine>
      <TextLine id="eSc_line_3cb54bb1" custom="structure {type:default;}">
        <Coords points="699,1378 699,1395 1254,1401 1256,1401 1257,1401 1268,1398 1281,1393 1448,1398 1521,1400 1522,1400 1524,1400 1526,1400 1527,1398 1539,1391 1650,1391 1672,1398 1675,1400 1677,1400 1679,1400 1697,1398 1789,1391 1977,1400 1993,1400 1994,1400 1996,1400 2016,1391 2218,1400 2222,1374 2217,1344 697,1347 699,1378"/>
        <Baseline points="699,1378 2222,1374"/>
        <TextEquiv>
          <Unicode></Unicode>
        </TextEquiv>
      </TextLine>
      <TextLine id="eSc_line_4569fe84" custom="structure {type:default;}">
        <Coords points="758,1420 758,1442 2220,1444 2223,1415 2218,1391 757,1393 758,1420"/>
        <Baseline points="758,1420 2223,1415"/>
        <TextEquiv>
          <Unicode></Unicode>
        </TextEquiv>
      </TextLine>
      <TextLine id="eSc_line_47ae9cb8" custom="structure {type:default;}">
        <Coords points="758,1461 758,1481 2222,1478 2223,1457 2218,1435 757,1437 758,1461"/>
        <Baseline points="758,1461 2223,1457"/>
        <TextEquiv>
          <Unicode></Unicode>
        </TextEquiv>
      </TextLine>
      <TextLine id="eSc_line_a763490f" custom="structure {type:default;}">
        <Coords points="760,1503 760,1522 2222,1515 2223,1500 2220,1479 758,1478 760,1503"/>
        <Baseline points="760,1503 2223,1500"/>
        <TextEquiv>
          <Unicode></Unicode>
        </TextEquiv>
      </TextLine>
      <TextLine id="eSc_line_013c2d1c" custom="structure {type:default;}">
        <Coords points="758,1546 758,1566 916,1573 918,1573 994,1566 1020,1564 1035,1566 1086,1573 1088,1573 1186,1566 1208,1564 1215,1566 1242,1573 1244,1573 1246,1573 1247,1573 1280,1564 1290,1563 1300,1564 1320,1571 1322,1571 1324,1571 1441,1564 1482,1563 1499,1564 1549,1571 1551,1571 1621,1564 1636,1563 1639,1564 1648,1571 1650,1571 1651,1571 1653,1573 1735,1573 1735,1571 1736,1571 1760,1563 1770,1561 1797,1563 1862,1569 1864,1569 2222,1561 2223,1541 2218,1520 757,1522 758,1546"/>
        <Baseline points="758,1546 2223,1541"/>
        <TextEquiv>
          <Unicode></Unicode>
        </TextEquiv>
      </TextLine>
      <TextLine id="eSc_line_6038aee3" custom="structure {type:default;}">
        <Coords points="758,1586 758,1603 1193,1603 1210,1605 1244,1612 1246,1612 1281,1607 1310,1602 1339,1607 1366,1610 1368,1610 1400,1607 1439,1602 1533,1607 1595,1610 1597,1610 1599,1610 1606,1607 1619,1602 1667,1607 1694,1610 1695,1610 1709,1607 1736,1602 1889,1608 1913,1608 1914,1608 1925,1608 2018,1600 2220,1608 2223,1581 2218,1556 757,1563 758,1586"/>
        <Baseline points="758,1586 2223,1581"/>
        <TextEquiv>
          <Unicode></Unicode>
        </TextEquiv>
      </TextLine>
      <TextLine id="eSc_line_940fa96e" custom="structure {type:default;}">
        <Coords points="757,1629 757,1646 2222,1642 2223,1625 2220,1605 789,1598 787,1598 786,1598 755,1607 757,1629"/>
        <Baseline points="757,1629 2223,1625"/>
        <TextEquiv>
          <Unicode></Unicode>
        </TextEquiv>
      </TextLine>
      <TextLine id="eSc_line_772da960" custom="structure {type:default;}">
        <Coords points="758,1668 757,1685 792,1695 794,1695 796,1697 1115,1697 1115,1695 1117,1695 1140,1687 1145,1687 1373,1695 1375,1695 1451,1687 1458,1687 1468,1687 1645,1697 1646,1697 2222,1687 2223,1671 2222,1649 758,1646 758,1668"/>
        <Baseline points="758,1668 2223,1671"/>
        <TextEquiv>
          <Unicode></Unicode>
        </TextEquiv>
      </TextLine>
      <TextLine id="eSc_line_4fea3e3e" custom="structure {type:default;}">
        <Coords points="760,1714 760,1732 2220,1732 2222,1714 2220,1688 760,1688 760,1714"/>
        <Baseline points="760,1714 2222,1714"/>
        <TextEquiv>
          <Unicode></Unicode>
        </TextEquiv>
      </TextLine>
      <TextLine id="eSc_line_e6c98fb1" custom="structure {type:default;}">
        <Coords points="757,1754 757,1771 2222,1766 2223,1749 2220,1727 755,1726 757,1754"/>
        <Baseline points="757,1754 2223,1749"/>
        <TextEquiv>
          <Unicode></Unicode>
        </TextEquiv>
      </TextLine>
      <TextLine id="eSc_line_0fb421c9" custom="structure {type:default;}">
        <Coords points="755,1797 755,1826 2223,1826 2223,1797 2223,1775 755,1775 755,1797"/>
        <Baseline points="755,1797 2223,1797"/>
        <TextEquiv>
          <Unicode></Unicode>
        </TextEquiv>
      </TextLine>
      <TextLine id="eSc_line_7c480847" custom="structure {type:default;}">
        <Coords points="694,1856 694,1875 806,1873 806,1856 806,1812 694,1812 694,1856"/>
        <Baseline points="694,1856 806,1856"/>
        <TextEquiv>
          <Unicode></Unicode>
        </TextEquiv>
      </TextLine>
      <TextLine id="eSc_line_3744e076" custom="structure {type:default;}">
        <Coords points="694,1900 694,1931 769,1931 770,1931 809,1914 1164,1922 1166,1922 1168,1922 1200,1912 1220,1922 1222,1922 1224,1924 1329,1924 1329,1922 1330,1922 1332,1922 1351,1911 1460,1921 1461,1921 1516,1912 1594,1922 1624,1926 1626,1926 1628,1926 1638,1922 1653,1916 1684,1921 1711,1926 1712,1926 1740,1921 1787,1911 1811,1919 1814,1921 1816,1921 1818,1921 1960,1919 1962,1919 1965,1917 1989,1907 2066,1917 2089,1919 2091,1919 2223,1914 2225,1892 2222,1863 1836,1855 1835,1855 1833,1855 1799,1863 1582,1856 1580,1856 1485,1865 1375,1856 1373,1856 1371,1856 1346,1865 1225,1858 1224,1858 1179,1866 1161,1858 1159,1858 1040,1858 1038,1858 1037,1858 996,1868 887,1860 886,1860 692,1870 694,1900"/>
        <Baseline points="694,1900 2225,1892"/>
        <TextEquiv>
          <Unicode></Unicode>
        </TextEquiv>
      </TextLine>
      <TextLine id="eSc_line_bdd2d6c9" custom="structure {type:default;}">
        <Coords points="755,1941 755,1960 2220,1961 2223,1934 2218,1914 753,1919 755,1941"/>
        <Baseline points="755,1941 2223,1934"/>
        <TextEquiv>
          <Unicode></Unicode>
        </TextEquiv>
      </TextLine>
      <TextLine id="eSc_line_172c794a" custom="structure {type:default;}">
        <Coords points="757,1980 757,2002 2223,2002 2223,1980 2223,1956 757,1956 757,1980"/>
        <Baseline points="757,1980 2223,1980"/>
        <TextEquiv>
          <Unicode></Unicode>
        </TextEquiv>
      </TextLine>
      <TextLine id="eSc_line_d8f04393" custom="structure {type:default;}">
        <Coords points="758,2026 758,2046 2222,2038 2223,2021 2220,1995 1449,1989 1448,1989 757,1997 758,2026"/>
        <Baseline points="758,2026 2223,2021"/>
        <TextEquiv>
          <Unicode></Unicode>
        </TextEquiv>
      </TextLine>
      <TextLine id="eSc_line_8c166e5d" custom="structure {type:default;}">
        <Coords points="758,2068 758,2092 874,2085 920,2090 954,2096 955,2096 984,2090 1011,2085 1028,2090 1047,2096 1049,2096 1050,2096 1188,2089 1283,2084 1302,2087 1334,2094 1336,2094 1337,2094 1339,2094 1349,2087 1354,2082 1409,2082 1465,2085 1563,2092 1565,2092 1621,2084 1646,2080 1779,2080 1780,2082 1792,2090 1794,2090 1796,2090 1797,2090 1862,2080 1870,2080 1872,2080 1891,2090 1892,2090 1894,2090 2108,2080 2191,2089 2193,2089 2195,2089 2223,2077 2223,2060 2220,2040 1052,2036 1050,2036 757,2046 758,2068"/>
        <Baseline points="758,2068 2223,2060"/>
        <TextEquiv>
          <Unicode></Unicode>
        </TextEquiv>
      </TextLine>
      <TextLine id="eSc_line_01f9d005" custom="structure {type:default;}">
        <Coords points="757,2109 757,2128 2218,2130 2222,2104 2217,2080 755,2084 757,2109"/>
        <Baseline points="757,2109 2222,2104"/>
        <TextEquiv>
          <Unicode></Unicode>
        </TextEquiv>
      </TextLine>
      <TextLine id="eSc_line_f4833f3d" custom="structure {type:default;}">
        <Coords points="757,2150 757,2167 2220,2163 2222,2146 2218,2121 784,2116 782,2116 780,2116 755,2124 757,2150"/>
        <Baseline points="757,2150 2222,2146"/>
        <TextEquiv>
          <Unicode></Unicode>
        </TextEquiv>
      </TextLine>
      <TextLine id="eSc_line_20b0fdab" custom="structure {type:default;}">
        <Coords points="760,2192 760,2211 2220,2204 2222,2187 2217,2165 758,2169 760,2192"/>
        <Baseline points="760,2192 2222,2187"/>
        <TextEquiv>
          <Unicode></Unicode>
        </TextEquiv>
      </TextLine>
      <TextLine id="eSc_line_617b1749" custom="structure {type:default;}">
        <Coords points="755,2233 755,2255 2222,2260 2223,2233 2222,2208 755,2208 755,2233"/>
        <Baseline points="755,2233 2223,2233"/>
        <TextEquiv>
          <Unicode></Unicode>
        </TextEquiv>
      </TextLine>
      <TextLine id="eSc_line_274c38c0" custom="structure {type:default;}">
        <Coords points="758,2277 758,2294 1190,2304 1191,2304 1285,2291 1286,2274 1283,2248 1072,2240 1071,2240 757,2250 758,2277"/>
        <Baseline points="758,2277 1286,2274"/>
        <TextEquiv>
          <Unicode></Unicode>
        </TextEquiv>
      </TextLine>
      <TextLine id="eSc_line_de35ca3e" custom="structure {type:default;}">
        <Coords points="694,2333 694,2354 753,2364 755,2364 757,2364 799,2348 799,2333 799,2294 753,2281 752,2281 750,2281 748,2281 694,2294 694,2333"/>
        <Baseline points="694,2333 799,2333"/>
        <TextEquiv>
          <Unicode></Unicode>
        </TextEquiv>
      </TextLine>
      <TextLine id="eSc_line_9d6aa7f2" custom="structure {type:default;}">
        <Coords points="288,2374 288,2438 432,2435 432,2371 431,2331 404,2316 402,2316 400,2316 351,2316 349,2316 348,2316 346,2316 346,2318 325,2335 325,2337 286,2337 288,2374"/>
        <Baseline points="288,2374 432,2371"/>
        <TextEquiv>
          <Unicode></Unicode>
        </TextEquiv>
      </TextLine>
      <TextLine id="eSc_line_1833961f" custom="structure {type:default;}">
        <Coords points="716,2377 716,2396 2220,2389 2222,2371 2218,2343 2132,2330 2130,2330 2128,2330 2088,2342 2001,2330 1999,2330 1833,2343 1619,2331 1617,2331 1616,2331 1582,2345 1505,2345 1490,2333 1488,2333 1487,2333 1151,2333 1149,2333 1088,2347 1032,2337 1030,2337 967,2347 852,2335 850,2335 714,2348 716,2377"/>
        <Baseline points="716,2377 2222,2371"/>
        <TextEquiv>
          <Unicode></Unicode>
        </TextEquiv>
      </TextLine>
      <TextLine id="eSc_line_ca74c850" custom="structure {type:default;}">
        <Coords points="757,2421 757,2447 1955,2433 1957,2415 1952,2389 755,2394 757,2421"/>
        <Baseline points="757,2421 1957,2415"/>
        <TextEquiv>
          <Unicode></Unicode>
        </TextEquiv>
      </TextLine>
      <TextLine id="eSc_line_cbf479a3" custom="structure {type:default;}">
        <Coords points="692,2477 692,2493 923,2489 925,2472 921,2438 690,2430 692,2477"/>
        <Baseline points="692,2477 925,2472"/>
        <TextEquiv>
          <Unicode></Unicode>
        </TextEquiv>
      </TextLine>
      <TextLine id="eSc_line_6f4ad00a" custom="structure {type:default;}">
        <Coords points="714,2516 714,2542 2218,2533 2220,2508 2218,2486 2181,2476 2179,2476 2178,2476 2125,2486 1616,2488 1317,2479 1315,2479 942,2491 789,2483 787,2483 713,2493 714,2516"/>
        <Baseline points="714,2516 2220,2508"/>
        <TextEquiv>
          <Unicode></Unicode>
        </TextEquiv>
      </TextLine>
      <TextLine id="eSc_line_87e79393" custom="structure {type:default;}">
        <Coords points="760,2562 760,2583 2217,2576 2218,2552 2213,2530 758,2533 760,2562"/>
        <Baseline points="760,2562 2218,2552"/>
        <TextEquiv>
          <Unicode></Unicode>
        </TextEquiv>
      </TextLine>
      <TextLine id="eSc_line_ccc17ff3" custom="structure {type:default;}">
        <Coords points="760,2601 760,2618 2217,2613 2218,2596 2213,2572 758,2576 760,2601"/>
        <Baseline points="760,2601 2218,2596"/>
        <TextEquiv>
          <Unicode></Unicode>
        </TextEquiv>
      </TextLine>
      <TextLine id="eSc_line_f011c955" custom="structure {type:default;}">
        <Coords points="758,2642 758,2668 908,2668 913,2668 993,2683 994,2683 1095,2669 1122,2666 1147,2669 1217,2681 1218,2683 1381,2683 1381,2681 1383,2681 1385,2681 1400,2671 1409,2666 1419,2671 1426,2674 1427,2674 1429,2674 1448,2671 1488,2664 1580,2664 1597,2673 1607,2679 1609,2679 1611,2679 1612,2679 1903,2676 1904,2676 1908,2674 1933,2662 2217,2676 2218,2635 2213,2615 757,2618 758,2642"/>
        <Baseline points="758,2642 2218,2635"/>
        <TextEquiv>
          <Unicode></Unicode>
        </TextEquiv>
      </TextLine>
      <TextLine id="eSc_line_041d20b0" custom="structure {type:default;}">
        <Coords points="758,2686 758,2718 926,2722 928,2722 930,2722 960,2710 960,2683 955,2659 757,2661 758,2686"/>
        <Baseline points="758,2686 960,2683"/>
        <TextEquiv>
          <Unicode></Unicode>
        </TextEquiv>
      </TextLine>
    </TextRegion>
    <TextRegion id="eSc_textblock_caba3ea0"  custom="structure {type:default;}">
      <Coords points="1062,115 1572,122 1578,188 916,188 916,128 1062,115"/>
      <TextLine id="eSc_line_a94ce9d2" custom="structure {type:default;}">
        <Coords points="933,171 932,190 964,203 965,203 967,203 1257,201 1259,201 1261,201 1266,196 1271,193 1329,193 1336,198 1342,203 1344,203 1346,203 1347,203 1393,198 1434,195 1560,201 1563,174 1561,135 933,127 933,171"/>
        <Baseline points="933,171 1563,174"/>
        <TextEquiv>
          <Unicode></Unicode>
        </TextEquiv>
      </TextLine>
    </TextRegion>
  </Page>
</PcGts>
