<?xml version="1.0" encoding="UTF-8"  standalone="yes"?>
<PcGts xmlns="http://schema.primaresearch.org/PAGE/gts/pagecontent/2019-07-15" xmlns:xsi="http://www.w3.org/2001/XMLSchema-instance" xsi:schemaLocation="http://schema.primaresearch.org/PAGE/gts/pagecontent/2019-07-15 http://schema.primaresearch.org/PAGE/gts/pagecontent/2019-07-15/pagecontent.xsd">
  <Metadata externalRef="pdf//regestapontificu02cath.pdf">
	<Creator>escriptorium</Creator>
	<Created>2026-01-31T10:45:28.389828+00:00</Created>
        <LastChange>2026-02-04T23:48:17.992773+00:00</LastChange>
  </Metadata>
  <Page imageFilename="regestapontificu02cath.pdf_page_635.png" imageWidth="3007" imageHeight="3975">
    <TextRegion id="eSc_textblock_4664f9fc"  custom="structure {type:default;}">
      <Coords points="2483,282 2662,291 2626,3504 793,3531 353,3513 333,3478 307,3513 106,3504 61,2983 61,618 88,309 307,300 342,388 371,291 2483,282"/>
      <TextLine id="eSc_line_905cbec1" custom="structure {type:default;}">
        <Coords points="620,348 620,379 631,390 634,390 636,390 638,390 768,377 852,377 872,390 874,390 877,390 879,390 947,377 1005,390 1007,390 1009,390 1186,379 1230,388 1232,388 1235,388 1237,388 1252,375 1400,388 1402,388 1469,386 1471,386 1473,386 1489,373 1544,386 1546,386 1548,386 1676,373 1679,373 1977,384 1979,384 1981,384 1984,384 2003,371 2006,371 2021,371 2160,384 2163,384 2165,384 2189,371 2189,340 2185,291 618,289 620,348"/>
        <Baseline points="620,348 2189,340"/>
        <TextEquiv conf="0.9790348167150793">
          <Unicode>1196. (Inf. 14. pont. a. 5. — 14. (pr. — 6, 119.5) — 25. Mart. — 1196.)</Unicode>
        </TextEquiv>
      </TextLine>
      <TextLine id="eSc_line_fff82166" custom="structure {type:default;}">
        <Coords points="99,412 99,463 174,463 174,461 176,461 178,461 178,459 183,457 196,446 313,448 315,412 313,364 99,366 99,412"/>
        <Baseline points="99,412 315,412"/>
        <TextEquiv conf="0.9816863877432687">
          <Unicode>Nai. 8.</Unicode>
        </TextEquiv>
      </TextLine>
      <TextLine id="eSc_line_e7bfce55" custom="structure {type:default;}">
        <Coords points="368,412 368,446 463,459 466,459 468,459 470,459 470,457 472,457 481,446 523,457 525,457 528,457 530,457 581,441 581,408 578,355 530,342 528,342 525,342 364,348 368,412"/>
        <Baseline points="368,412 581,408"/>
        <TextEquiv conf="0.993929460644722">
          <Unicode>Laterani</Unicode>
        </TextEquiv>
      </TextLine>
      <TextLine id="eSc_line_3a49dc69" custom="structure {type:default;}">
        <Coords points="649,412 649,435 2615,439 2618,408 2611,368 647,375 649,412"/>
        <Baseline points="649,412 2618,408"/>
        <TextEquiv conf="0.9995841288272246">
          <Unicode>17374 Custodum et procuratorum hospitalis S. Maturini in suburbio Parisiensi con-</Unicode>
        </TextEquiv>
      </TextLine>
      <TextLine id="eSc_line_9a30b3d0" custom="structure {type:default;}">
        <Coords points="704,465 704,488 2615,490 2618,465 2618,437 704,426 704,465"/>
        <Baseline points="704,465 2618,465"/>
        <TextEquiv conf="0.9989499823991642">
          <Unicode>stitutorum tutelam suscipit, iisque vineam datam a magistro Egidio Parisiensi asserit.</Unicode>
        </TextEquiv>
      </TextLine>
      <TextLine id="eSc_line_0c1a5333" custom="structure {type:default;}">
        <Coords points="707,523 707,558 2598,549 2600,523 2598,492 707,490 707,523"/>
        <Baseline points="707,523 2600,523"/>
        <TextEquiv conf="0.9931223562785557">
          <Unicode>Ex chartul. S. Maturini Paris. f. 1. in Arch. nat. Paris. LL. 1544. Misit Delisle. —</Unicode>
        </TextEquiv>
      </TextLine>
      <TextLine id="eSc_line_2228c0b6" custom="structure {type:default;}">
        <Coords points="707,578 707,602 1418,598 1420,574 1414,541 704,543 707,578"/>
        <Baseline points="707,578 1420,574"/>
        <TextEquiv conf="0.9994600474834442">
          <Unicode>„Sacrosancta Romana ecclesia“.</Unicode>
        </TextEquiv>
      </TextLine>
      <TextLine id="eSc_line_8d67e528" custom="structure {type:default;}">
        <Coords points="653,633 653,655 2615,651 2618,629 2613,596 1721,585 1718,585 1626,596 1617,598 651,598 653,633"/>
        <Baseline points="653,633 2618,629"/>
        <TextEquiv conf="0.9981766003508901">
          <Unicode>17375 Savarico, Bathoniensi et Glastoniensi episcopo, concedit, ut priorem et monachos</Unicode>
        </TextEquiv>
      </TextLine>
      <TextLine id="eSc_line_55b5439f" custom="structure {type:default;}">
        <Coords points="132,636 132,660 309,660 311,631 307,565 130,565 132,636"/>
        <Baseline points="132,636 311,631"/>
        <TextEquiv conf="0.9977553129196167">
          <Unicode>„ 10.</Unicode>
        </TextEquiv>
      </TextLine>
      <TextLine id="eSc_line_d2fe3040" custom="structure {type:default;}">
        <Coords points="441,647 441,693 523,708 525,647 523,611 441,616 441,647"/>
        <Baseline points="441,647 525,647"/>
        <TextEquiv conf="1.0">
          <Unicode>„</Unicode>
        </TextEquiv>
      </TextLine>
      <TextLine id="eSc_line_dad15d02" custom="structure {type:default;}">
        <Coords points="704,689 704,708 1184,719 1186,719 1188,719 1204,711 1210,708 1347,713 1553,717 1555,717 1617,713 1703,706 1855,713 1942,717 1944,717 1946,717 1955,713 1984,704 2196,704 2231,715 2233,715 2235,715 2238,715 2258,715 2461,704 2483,715 2485,715 2487,717 2618,717 2620,682 2615,653 777,649 775,649 702,660 704,689"/>
        <Baseline points="704,689 2620,682"/>
        <TextEquiv conf="0.999978905916214">
          <Unicode>ccclesiae Glastoniensis ad exhibendam sibi obedientiam canonice compellat. Adami</Unicode>
        </TextEquiv>
      </TextLine>
      <TextLine id="eSc_line_4559161f" custom="structure {type:default;}">
        <Coords points="704,739 704,764 1584,775 1586,775 1646,761 1652,761 1657,761 1685,772 1687,772 1690,772 1769,761 1780,761 1789,761 1875,772 1877,772 1959,761 1966,761 1968,761 2001,772 2003,772 2006,775 2189,775 2189,772 2191,772 2222,761 2227,761 2401,772 2403,772 2467,759 2470,735 2463,706 702,711 704,739"/>
        <Baseline points="704,739 2470,735"/>
        <TextEquiv conf="0.9982295704854501">
          <Unicode>de Domerham Hist. Glast. ed. Hearne II. 365. — „Ad universalis ecclesiae“.</Unicode>
        </TextEquiv>
      </TextLine>
      <TextLine id="eSc_line_bba9fd42" custom="structure {type:default;}">
        <Coords points="134,799 136,830 190,814 300,825 302,792 296,753 132,764 134,799"/>
        <Baseline points="134,799 302,792"/>
        <TextEquiv conf="1.0">
          <Unicode>„ 10.</Unicode>
        </TextEquiv>
      </TextLine>
      <TextLine id="eSc_line_5de9f761" custom="structure {type:default;}">
        <Coords points="656,799 656,823 2618,819 2620,792 2613,757 653,764 656,799"/>
        <Baseline points="656,799 2620,792"/>
        <TextEquiv conf="0.9975769437849522">
          <Unicode>17376 Hermannum cappellanum et canonicos Karoli-villae a solutione pensionis, ab</Unicode>
        </TextEquiv>
      </TextLine>
      <TextLine id="eSc_line_3343ff94" custom="structure {type:default;}">
        <Coords points="441,806 444,863 528,861 528,803 523,766 439,750 441,806"/>
        <Baseline points="441,806 528,803"/>
        <TextEquiv conf="1.0">
          <Unicode>„</Unicode>
        </TextEquiv>
      </TextLine>
      <TextLine id="eSc_line_17da567b" custom="structure {type:default;}">
        <Coords points="704,852 704,872 2615,876 2618,852 2618,823 704,823 704,852"/>
        <Baseline points="704,852 2618,852"/>
        <TextEquiv conf="0.99484182806576">
          <Unicode>episcopo Trecensi post concilium Lateranense impositae, liberat. In bibl. nat. Paris.</Unicode>
        </TextEquiv>
      </TextLine>
      <TextLine id="eSc_line_0659982d" custom="structure {type:default;}">
        <Coords points="702,905 702,927 797,940 799,942 1036,942 1036,940 1038,940 1040,940 1058,929 1129,940 1131,940 1206,929 1248,940 1250,940 1252,940 1511,929 1617,940 1619,940 1676,929 1716,940 1718,940 1721,940 1809,929 1944,940 1946,940 2419,929 2518,940 2520,940 2613,927 2613,905 2613,876 702,876 702,905"/>
        <Baseline points="702,905 2613,905"/>
        <TextEquiv conf="0.9915538763716107">
          <Unicode>Coll. Grenier t. 22. f. 4, (Mém. de la soc. acad. de St.-Quentin IV. sér. I. 253). —</Unicode>
        </TextEquiv>
      </TextLine>
      <TextLine id="eSc_line_78676a70" custom="structure {type:default;}">
        <Coords points="704,962 704,984 1235,984 1235,962 1235,929 704,929 704,962"/>
        <Baseline points="704,962 1235,962"/>
        <TextEquiv conf="0.991886090148579">
          <Unicode>„Ea quae per iudices“.</Unicode>
        </TextEquiv>
      </TextLine>
      <TextLine id="eSc_line_8d4d1f86" custom="structure {type:default;}">
        <Coords points="656,1020 656,1040 2615,1037 2618,1013 2611,980 653,980 656,1020"/>
        <Baseline points="656,1020 2618,1013"/>
        <TextEquiv conf="0.996508811201368">
          <Unicode>17377 Inter Caziacensem et b. Mariae de Virtute abbates compositionem, super decimis</Unicode>
        </TextEquiv>
      </TextLine>
      <TextLine id="eSc_line_0a022b13" custom="structure {type:default;}">
        <Coords points="130,1022 130,1066 218,1053 302,1064 307,1018 302,951 220,947 218,947 216,947 214,947 194,965 183,976 128,976 130,1022"/>
        <Baseline points="130,1022 307,1018"/>
        <TextEquiv conf="0.9997893333435058">
          <Unicode>„ 10.</Unicode>
        </TextEquiv>
      </TextLine>
      <TextLine id="eSc_line_37bee300" custom="structure {type:default;}">
        <Coords points="437,1029 437,1053 470,1071 472,1071 475,1071 477,1071 534,1053 534,1029 534,980 486,965 483,965 481,965 479,965 437,978 437,1029"/>
        <Baseline points="437,1029 534,1029"/>
        <TextEquiv conf="1.0">
          <Unicode>„</Unicode>
        </TextEquiv>
      </TextLine>
      <TextLine id="eSc_line_57a9778a" custom="structure {type:default;}">
        <Coords points="707,1073 707,1093 1177,1104 1179,1104 1285,1097 1345,1093 1367,1097 1402,1104 1405,1104 1469,1097 1517,1093 1584,1097 1657,1104 1659,1104 1687,1099 1727,1090 1842,1099 1884,1101 1886,1101 1889,1101 1895,1099 1924,1090 2253,1090 2271,1101 2273,1101 2275,1101 2277,1104 2613,1104 2615,1068 2609,1040 704,1042 707,1073"/>
        <Baseline points="707,1073 2615,1068"/>
        <TextEquiv conf="0.9969868412831935">
          <Unicode>quibusdam a Resbacensi et Oyensi abbatibus factam, confirmat. In bibl. nat. Paris.</Unicode>
        </TextEquiv>
      </TextLine>
      <TextLine id="eSc_line_32adc367" custom="structure {type:default;}">
        <Coords points="702,1124 702,1154 2611,1154 2611,1124 2611,1095 702,1093 702,1124"/>
        <Baseline points="702,1124 2611,1124"/>
        <TextEquiv conf="0.9897639737242744">
          <Unicode>Coll. Grenier t. 22. f. 5, (Mém. de la soc. acad. de St.-Quentin IV. sér. I. 254). —</Unicode>
        </TextEquiv>
      </TextLine>
      <TextLine id="eSc_line_80db13b2" custom="structure {type:default;}">
        <Coords points="704,1183 704,1205 1347,1199 1349,1177 1343,1143 702,1148 704,1183"/>
        <Baseline points="704,1183 1349,1177"/>
        <TextEquiv conf="0.9950696378946304">
          <Unicode>„Compositio sive concordia“.</Unicode>
        </TextEquiv>
      </TextLine>
      <TextLine id="eSc_line_8d8de871" custom="structure {type:default;}">
        <Coords points="656,1234 656,1258 2618,1258 2618,1234 2618,1205 656,1205 656,1234"/>
        <Baseline points="656,1234 2618,1234"/>
        <TextEquiv conf="0.9994002809891334">
          <Unicode>17378 (10591) Ecclesiam S. Mariae de Portu Ravennatem tuendam suscipit et eius</Unicode>
        </TextEquiv>
      </TextLine>
      <TextLine id="eSc_line_3927550f" custom="structure {type:default;}">
        <Coords points="128,1243 128,1265 156,1278 159,1278 161,1278 163,1278 165,1278 181,1267 245,1276 247,1276 249,1276 311,1256 311,1236 307,1203 231,1190 229,1190 227,1190 225,1190 214,1199 205,1207 156,1207 125,1196 128,1243"/>
        <Baseline points="128,1243 311,1236"/>
        <TextEquiv conf="0.9947150111198425">
          <Unicode>„ 11.</Unicode>
        </TextEquiv>
      </TextLine>
      <TextLine id="eSc_line_eccb6b6c" custom="structure {type:default;}">
        <Coords points="444,1249 444,1280 530,1280 530,1245 521,1163 437,1168 444,1249"/>
        <Baseline points="444,1249 530,1245"/>
        <TextEquiv conf="0.9999115467071533">
          <Unicode>„</Unicode>
        </TextEquiv>
      </TextLine>
      <TextLine id="eSc_line_80b76309" custom="structure {type:default;}">
        <Coords points="704,1285 702,1318 1400,1325 1402,1325 1442,1318 1464,1313 1475,1318 1495,1325 1497,1325 1721,1327 1723,1327 1789,1316 1796,1316 1798,1316 1811,1327 1813,1327 1816,1327 1818,1329 1968,1329 1968,1327 1970,1327 2001,1316 2006,1316 2010,1316 2065,1327 2068,1327 2129,1316 2134,1316 2474,1316 2476,1316 2540,1327 2543,1327 2615,1313 2618,1289 2615,1260 704,1252 704,1285"/>
        <Baseline points="704,1285 2618,1289"/>
        <TextEquiv conf="0.9993074491054197">
          <Unicode>bona ac iura confirmat, petente Vardo priore. Fantuxzi Mon. Rav. II. 167, Migne</Unicode>
        </TextEquiv>
      </TextLine>
      <TextLine id="eSc_line_20569eb6" custom="structure {type:default;}">
        <Coords points="704,1344 704,1366 806,1366 817,1375 817,1378 819,1378 821,1378 824,1378 1016,1366 1115,1378 1117,1378 1517,1366 1736,1378 1738,1378 1816,1364 1816,1344 1816,1313 704,1311 704,1344"/>
        <Baseline points="704,1344 1816,1344"/>
        <TextEquiv conf="0.9829926689465841">
          <Unicode>206 p. 1165. — „Commissae nobis apostolicae“.</Unicode>
        </TextEquiv>
      </TextLine>
      <TextLine id="eSc_line_7b9df5f5" custom="structure {type:default;}">
        <Coords points="653,1397 651,1417 2551,1422 2556,1402 2554,1369 653,1364 653,1397"/>
        <Baseline points="653,1397 2556,1402"/>
        <TextEquiv conf="0.9992832817137242">
          <Unicode>17379 *Ecclesiae cuidam (Senensi?) privilegium dat. Pflugk-Harttung Iter p. 334.</Unicode>
        </TextEquiv>
      </TextLine>
      <TextLine id="eSc_line_b1cfa846" custom="structure {type:default;}">
        <Coords points="132,1406 132,1439 176,1437 178,1437 181,1437 181,1435 183,1433 198,1419 238,1426 271,1431 273,1431 276,1431 313,1415 313,1402 309,1333 251,1333 249,1333 247,1333 245,1333 234,1342 198,1371 130,1358 132,1406"/>
        <Baseline points="132,1406 313,1402"/>
        <TextEquiv conf="0.9986096024513245">
          <Unicode>„ 11.</Unicode>
        </TextEquiv>
      </TextLine>
      <TextLine id="eSc_line_b5b7f139" custom="structure {type:default;}">
        <Coords points="448,1413 448,1433 510,1428 510,1408 505,1371 475,1364 472,1364 470,1364 468,1364 444,1373 448,1413"/>
        <Baseline points="448,1413 510,1408"/>
        <TextEquiv conf="0.9995086193084717">
          <Unicode>„</Unicode>
        </TextEquiv>
      </TextLine>
      <TextLine id="eSc_line_890a7ea4" custom="structure {type:default;}">
        <Coords points="656,1457 656,1481 994,1492 996,1492 998,1492 1020,1481 1022,1481 1279,1481 1281,1481 1303,1492 1305,1492 1307,1492 1391,1479 1402,1479 1414,1479 1480,1490 1482,1490 1619,1479 1628,1479 1630,1479 1646,1490 1648,1490 1650,1490 1652,1492 1871,1492 1871,1490 1873,1490 1913,1479 1915,1479 2218,1488 2220,1488 2611,1475 2613,1450 2609,1424 653,1424 656,1457"/>
        <Baseline points="656,1457 2613,1450"/>
        <TextEquiv conf="0.9923550619798548">
          <Unicode>17380 Ecclesiae S. Nicolai Magdeburgensis possessiones iuraque, imprimis liberam eli-</Unicode>
        </TextEquiv>
      </TextLine>
      <TextLine id="eSc_line_126d1830" custom="structure {type:default;}">
        <Coords points="128,1464 128,1499 309,1499 309,1457 304,1426 234,1417 231,1417 125,1431 128,1464"/>
        <Baseline points="128,1464 309,1457"/>
        <TextEquiv conf="0.9999843597412109">
          <Unicode>„ 11.</Unicode>
        </TextEquiv>
      </TextLine>
      <TextLine id="eSc_line_a277bf9a" custom="structure {type:default;}">
        <Coords points="437,1466 435,1514 519,1512 521,1468 519,1424 437,1419 437,1466"/>
        <Baseline points="437,1466 521,1468"/>
        <TextEquiv conf="1.0">
          <Unicode>„</Unicode>
        </TextEquiv>
      </TextLine>
      <TextLine id="eSc_line_ac4fa69c" custom="structure {type:default;}">
        <Coords points="707,1512 707,1541 2618,1539 2618,1512 2618,1479 707,1479 707,1512"/>
        <Baseline points="707,1512 2618,1512"/>
        <TextEquiv conf="0.9991867142565111">
          <Unicode>gendi praepositi et decani facultatem, ab Adelgoto archiepiscopo indultam, confirmat.</Unicode>
        </TextEquiv>
      </TextLine>
      <TextLine id="eSc_line_9d6a4fbb" custom="structure {type:default;}">
        <Coords points="704,1565 704,1590 1665,1590 1665,1565 1665,1532 704,1530 704,1565"/>
        <Baseline points="704,1565 1665,1565"/>
        <TextEquiv conf="0.9952019598425889">
          <Unicode>Mülverstedt Reg. archiep. Magdeb. II. 32.</Unicode>
        </TextEquiv>
      </TextLine>
      <TextLine id="eSc_line_caa0f724" custom="structure {type:default;}">
        <Coords points="653,1623 653,1640 2611,1647 2615,1618 2611,1590 667,1581 665,1581 662,1581 660,1581 651,1585 653,1623"/>
        <Baseline points="653,1623 2615,1618"/>
        <TextEquiv conf="0.9964877614160863">
          <Unicode>17381 Priori de Vivo et abbati S. Petri in Campo interdicit, ne apud Radicophanum,</Unicode>
        </TextEquiv>
      </TextLine>
      <TextLine id="eSc_line_167771c2" custom="structure {type:default;}">
        <Coords points="130,1625 130,1667 311,1662 311,1625 311,1581 271,1567 269,1567 267,1567 214,1578 198,1581 130,1576 130,1625"/>
        <Baseline points="130,1625 311,1625"/>
        <TextEquiv conf="0.9999992609024048">
          <Unicode>„ 13.</Unicode>
        </TextEquiv>
      </TextLine>
      <TextLine id="eSc_line_352d70b6" custom="structure {type:default;}">
        <Coords points="439,1634 441,1678 494,1689 497,1689 499,1689 539,1669 536,1627 530,1590 437,1601 439,1634"/>
        <Baseline points="439,1634 536,1627"/>
        <TextEquiv conf="1.0">
          <Unicode>„</Unicode>
        </TextEquiv>
      </TextLine>
      <TextLine id="eSc_line_98b4a4dd" custom="structure {type:default;}">
        <Coords points="704,1676 704,1702 2615,1702 2615,1676 2615,1647 704,1647 704,1676"/>
        <Baseline points="704,1676 2615,1676"/>
        <TextEquiv conf="0.9992900393729987">
          <Unicode>ad ius monasterii S. Salvatoris Montis-Amiati pertinens, ecclesiam construant. Pflugk-</Unicode>
        </TextEquiv>
      </TextLine>
      <TextLine id="eSc_line_b4583e95" custom="structure {type:default;}">
        <Coords points="702,1731 702,1762 2609,1753 2609,1731 2609,1700 702,1700 702,1731"/>
        <Baseline points="702,1731 2609,1731"/>
        <TextEquiv conf="0.9967639460621109">
          <Unicode>Harttung Acta III. 403: „III. id. Maii“, (idem Iter It. p. 354: „III. id. Iun.“). —</Unicode>
        </TextEquiv>
      </TextLine>
      <TextLine id="eSc_line_c0793367" custom="structure {type:default;}">
        <Coords points="704,1790 704,1808 1380,1802 1383,1784 1378,1751 1162,1737 1159,1737 1111,1749 1093,1751 702,1746 704,1790"/>
        <Baseline points="704,1790 1383,1784"/>
        <TextEquiv conf="0.9990047772725423">
          <Unicode>„Si doctrinam ecclesiasticam“.</Unicode>
        </TextEquiv>
      </TextLine>
      <TextLine id="eSc_line_5deefa99" custom="structure {type:default;}">
        <Coords points="651,1841 651,1868 1069,1879 1071,1879 1232,1868 1303,1879 1305,1879 1405,1866 1416,1866 1418,1866 1444,1877 1447,1877 1449,1877 1537,1866 1544,1866 1548,1866 1586,1877 1588,1877 1590,1877 1721,1866 1727,1866 1736,1866 1957,1877 1959,1877 2039,1863 2050,1863 2076,1863 2277,1874 2280,1874 2474,1863 2476,1863 2567,1874 2569,1874 2571,1874 2615,1861 2615,1835 2611,1806 1955,1797 1953,1797 1950,1797 1922,1808 1917,1808 1851,1808 1312,1799 1310,1799 1307,1799 1305,1799 1294,1810 1292,1810 1243,1810 662,1802 660,1802 658,1802 656,1802 649,1804 651,1841"/>
        <Baseline points="651,1841 2615,1835"/>
        <TextEquiv conf="0.9986675423245097">
          <Unicode>17382 (10592) Ecclesiae Parisiensis possessiones ac privilegia confirmat, petente Mau-</Unicode>
        </TextEquiv>
      </TextLine>
      <TextLine id="eSc_line_024434e8" custom="structure {type:default;}">
        <Coords points="130,1846 132,1885 181,1874 311,1879 313,1841 302,1779 280,1795 231,1795 216,1782 212,1777 209,1777 207,1777 205,1777 128,1784 130,1846"/>
        <Baseline points="130,1846 313,1841"/>
        <TextEquiv conf="0.9999791383743286">
          <Unicode>„ 14.</Unicode>
        </TextEquiv>
      </TextLine>
      <TextLine id="eSc_line_1971ca18" custom="structure {type:default;}">
        <Coords points="441,1855 446,1930 528,1896 525,1850 521,1788 437,1779 441,1855"/>
        <Baseline points="441,1855 525,1850"/>
        <TextEquiv conf="0.9999953508377075">
          <Unicode>„</Unicode>
        </TextEquiv>
      </TextLine>
      <TextLine id="eSc_line_2f199236" custom="structure {type:default;}">
        <Coords points="700,1894 700,1925 2618,1923 2618,1894 2615,1863 700,1863 700,1894"/>
        <Baseline points="700,1894 2618,1894"/>
        <TextEquiv conf="0.9941367325903494">
          <Unicode>ritio episcopo. Collection des Cartulaires IV. 26, Migne 206 p. 1168. — „Quanto</Unicode>
        </TextEquiv>
      </TextLine>
      <TextLine id="eSc_line_f7b0f4fe" custom="structure {type:default;}">
        <Coords points="698,1952 698,1972 843,1978 846,1978 848,1978 850,1978 870,1965 912,1976 914,1976 916,1976 919,1976 965,1958 965,1945 961,1914 695,1910 698,1952"/>
        <Baseline points="698,1952 965,1945"/>
        <TextEquiv conf="0.9999994039535522">
          <Unicode>nobilis et“.</Unicode>
        </TextEquiv>
      </TextLine>
      <TextLine id="eSc_line_084724c4" custom="structure {type:default;}">
        <Coords points="653,2005 653,2029 2615,2029 2615,2005 2613,1969 653,1969 653,2005"/>
        <Baseline points="653,2005 2615,2005"/>
        <TextEquiv conf="0.9999952557541075">
          <Unicode>17383 (10593) Capituli Matisconensis consuetudines, a Melchiore presbytero cardinali</Unicode>
        </TextEquiv>
      </TextLine>
      <TextLine id="eSc_line_60989f19" custom="structure {type:default;}">
        <Coords points="128,2011 128,2053 247,2069 249,2069 251,2069 254,2069 280,2044 282,2044 311,2044 311,2011 309,1967 192,1972 174,1958 167,1952 165,1952 163,1952 161,1952 128,1954 128,2011"/>
        <Baseline points="128,2011 311,2011"/>
        <TextEquiv conf="0.99806307554245">
          <Unicode>„ 15.</Unicode>
        </TextEquiv>
      </TextLine>
      <TextLine id="eSc_line_8bdcd27a" custom="structure {type:default;}">
        <Coords points="437,2020 441,2097 486,2080 528,2095 530,2016 523,1936 459,1930 457,1930 455,1930 433,1941 437,2020"/>
        <Baseline points="437,2020 530,2016"/>
        <TextEquiv conf="0.9999788999557495">
          <Unicode>„</Unicode>
        </TextEquiv>
      </TextLine>
      <TextLine id="eSc_line_c1492b9f" custom="structure {type:default;}">
        <Coords points="698,2062 698,2086 2613,2082 2615,2058 2611,2029 695,2027 698,2062"/>
        <Baseline points="698,2062 2615,2058"/>
        <TextEquiv conf="0.9930935535538062">
          <Unicode>tit. SS. Iohannis et Pauli, tunc apostolicae sedis legato approbatas, confirmat. Severtii</Unicode>
        </TextEquiv>
      </TextLine>
      <TextLine id="eSc_line_e2c304ca" custom="structure {type:default;}">
        <Coords points="698,2115 698,2137 2313,2133 2315,2111 2308,2080 695,2084 698,2115"/>
        <Baseline points="698,2115 2315,2111"/>
        <TextEquiv conf="0.9984948047820259">
          <Unicode>Chronol. hist. II. 146, Migne 206 p. 1169. — „Ea, quae a fratribus“.</Unicode>
        </TextEquiv>
      </TextLine>
      <TextLine id="eSc_line_56b3069f" custom="structure {type:default;}">
        <Coords points="651,2170 651,2195 2611,2195 2613,2166 2607,2137 649,2139 651,2170"/>
        <Baseline points="651,2170 2613,2166"/>
        <TextEquiv conf="0.9944812128710192">
          <Unicode>17384 Roberto, abbati S. Victoris Parisiensi, scribit de monasterii officiis in feudum</Unicode>
        </TextEquiv>
      </TextLine>
      <TextLine id="eSc_line_3bded03d" custom="structure {type:default;}">
        <Coords points="132,2175 132,2217 178,2217 178,2214 181,2214 183,2214 183,2212 192,2206 207,2188 231,2197 236,2199 238,2199 240,2199 313,2181 313,2168 309,2137 249,2128 247,2128 245,2128 218,2142 209,2146 130,2146 132,2175"/>
        <Baseline points="132,2175 313,2168"/>
        <TextEquiv conf="0.9897947192192078">
          <Unicode>„ 18.</Unicode>
        </TextEquiv>
      </TextLine>
      <TextLine id="eSc_line_9eb95282" custom="structure {type:default;}">
        <Coords points="439,2186 441,2228 521,2228 519,2181 512,2120 435,2128 439,2186"/>
        <Baseline points="439,2186 519,2181"/>
        <TextEquiv conf="0.9998623132705688">
          <Unicode>„</Unicode>
        </TextEquiv>
      </TextLine>
      <TextLine id="eSc_line_650f5477" custom="structure {type:default;}">
        <Coords points="698,2226 698,2248 861,2261 863,2261 866,2261 914,2250 965,2261 967,2263 1124,2263 1124,2261 1126,2261 1129,2261 1144,2250 1199,2261 1201,2263 1467,2263 1467,2261 1469,2261 1511,2250 1721,2261 1723,2261 2322,2250 2410,2261 2412,2261 2615,2248 2615,2226 2615,2197 698,2197 698,2226"/>
        <Baseline points="698,2226 2615,2226"/>
        <TextEquiv conf="0.9982332104369055">
          <Unicode>concessis. „Caduca hominum, quae ei de immobilibus acciderint, aliis quam mona-</Unicode>
        </TextEquiv>
      </TextLine>
      <TextLine id="eSc_line_8d875df8" custom="structure {type:default;}">
        <Coords points="700,2281 700,2314 2615,2312 2615,2281 2615,2250 700,2250 700,2281"/>
        <Baseline points="700,2281 2615,2281"/>
        <TextEquiv conf="0.9999041358629862">
          <Unicode>sterii hominibus vendi vel concedi“ vetat. Loewenfeld Epistolae p. 259. — „Tuarum</Unicode>
        </TextEquiv>
      </TextLine>
      <TextLine id="eSc_line_d05dff1f" custom="structure {type:default;}">
        <Coords points="698,2336 698,2354 1018,2365 1020,2365 1022,2365 1069,2349 1069,2332 1062,2303 695,2305 698,2336"/>
        <Baseline points="698,2336 1069,2332"/>
        <TextEquiv conf="0.9999501705169678">
          <Unicode>nobis exposuit“.</Unicode>
        </TextEquiv>
      </TextLine>
      <TextLine id="eSc_line_b6ac3258" custom="structure {type:default;}">
        <Coords points="647,2391 647,2415 941,2415 943,2415 969,2426 972,2426 974,2426 976,2426 978,2426 992,2415 994,2415 1190,2415 1195,2415 1299,2426 1301,2426 1372,2413 1380,2413 1385,2413 1414,2424 1416,2424 1418,2426 1816,2426 1816,2424 1818,2424 1844,2413 1847,2413 1955,2424 1957,2424 2034,2411 2043,2411 2045,2411 2061,2422 2063,2422 2065,2422 2068,2422 2070,2422 2098,2411 2103,2411 2112,2411 2180,2422 2182,2422 2611,2409 2613,2385 2607,2354 2021,2354 2003,2343 2001,2343 1999,2343 1997,2343 1995,2343 1953,2356 1946,2358 1650,2358 1648,2356 1597,2345 1595,2345 1409,2356 1299,2345 1296,2345 1186,2358 1177,2358 1144,2358 667,2347 665,2347 662,2347 645,2354 647,2391"/>
        <Baseline points="647,2391 2613,2385"/>
        <TextEquiv conf="0.9969788062018018">
          <Unicode>17385 (10594) Petente (Egidio) episcopo Mutinensi, decernit, in recipiendis tum eccle-</Unicode>
        </TextEquiv>
      </TextLine>
      <TextLine id="eSc_line_a910ee57" custom="structure {type:default;}">
        <Coords points="130,2396 132,2438 311,2426 311,2387 307,2334 212,2327 209,2327 125,2340 130,2396"/>
        <Baseline points="130,2396 311,2387"/>
        <TextEquiv conf="0.9295565724372864">
          <Unicode>„ 21.</Unicode>
        </TextEquiv>
      </TextLine>
      <TextLine id="eSc_line_11511728" custom="structure {type:default;}">
        <Coords points="437,2404 439,2449 461,2462 463,2462 466,2462 468,2462 492,2451 501,2446 514,2453 519,2400 510,2325 433,2332 437,2404"/>
        <Baseline points="437,2404 519,2400"/>
        <TextEquiv conf="0.9999979734420776">
          <Unicode>„</Unicode>
        </TextEquiv>
      </TextLine>
      <TextLine id="eSc_line_ffe74a88" custom="structure {type:default;}">
        <Coords points="698,2446 698,2479 795,2468 1049,2468 1084,2479 1089,2479 1091,2479 1093,2479 1109,2479 1195,2468 1343,2477 1387,2479 1389,2482 1621,2482 1621,2479 1641,2477 1692,2466 1714,2475 1718,2477 1721,2477 1723,2477 1758,2475 1897,2466 2039,2475 2098,2477 2101,2477 2145,2473 2231,2466 2282,2473 2315,2477 2317,2477 2346,2473 2386,2466 2414,2473 2434,2477 2436,2477 2439,2477 2613,2471 2615,2442 2609,2413 695,2413 698,2446"/>
        <Baseline points="698,2446 2615,2442"/>
        <TextEquiv conf="0.9928485013936695">
          <Unicode>siae Romanae legatis tum metropolita, si Mutinam venerint, quo modo impensae</Unicode>
        </TextEquiv>
      </TextLine>
      <TextLine id="eSc_line_367e4761" custom="structure {type:default;}">
        <Coords points="700,2497 698,2519 2611,2524 2615,2504 2613,2471 700,2462 700,2497"/>
        <Baseline points="700,2497 2615,2504"/>
        <TextEquiv conf="0.998713078146631">
          <Unicode>tolerentur ab episcopo, capitulo, abbate S. Petri, clericis civitatis. Muratori Ant. It.</Unicode>
        </TextEquiv>
      </TextLine>
      <TextLine id="eSc_line_b0b5d6a2" custom="structure {type:default;}">
        <Coords points="704,2557 704,2574 901,2588 903,2588 905,2588 908,2588 925,2574 932,2574 1014,2588 1016,2588 1078,2574 1080,2574 1095,2588 1098,2588 1100,2588 1102,2590 1224,2590 1224,2588 1226,2588 1228,2588 1246,2574 1292,2585 1294,2585 1296,2588 1383,2588 1383,2585 1385,2585 1387,2585 1400,2572 1402,2572 1473,2572 1475,2572 1486,2583 1486,2585 1489,2585 1491,2585 1493,2585 1590,2572 1597,2572 1599,2572 1623,2585 1626,2585 1628,2588 1745,2588 1745,2585 1747,2585 1782,2572 1791,2581 1791,2583 1794,2583 1796,2583 2039,2585 2041,2585 2043,2585 2094,2570 2094,2552 2090,2526 1836,2526 1833,2524 1818,2513 1816,2513 1813,2513 1811,2513 1809,2513 1807,2513 1791,2524 1789,2524 1630,2513 1628,2513 1626,2513 1595,2524 1592,2524 1590,2524 1539,2513 1537,2513 1425,2524 1396,2526 1389,2524 1367,2515 1365,2515 1363,2515 1310,2524 1290,2526 1250,2524 1135,2515 1133,2515 1131,2515 1098,2524 1084,2526 1056,2524 985,2515 983,2515 936,2524 916,2526 908,2524 890,2515 888,2515 885,2515 702,2521 704,2557"/>
        <Baseline points="704,2557 2094,2552"/>
        <TextEquiv conf="0.9991795420646667">
          <Unicode>V. 1055, Migne 206 p. 1170. — „Per litteras fraternitatis“.</Unicode>
        </TextEquiv>
      </TextLine>
      <TextLine id="eSc_line_4ed4f4be" custom="structure {type:default;}">
        <Coords points="649,2612 649,2638 1957,2647 1959,2647 2523,2645 2613,2632 2615,2605 2609,2574 647,2581 649,2612"/>
        <Baseline points="649,2612 2615,2605"/>
        <TextEquiv conf="0.9941484941992649">
          <Unicode>17386 Monasterii S. Germani de Pratis Parisiensis tutelam suscipit, possessionesque et</Unicode>
        </TextEquiv>
      </TextLine>
      <TextLine id="eSc_line_953900d8" custom="structure {type:default;}">
        <Coords points="128,2614 128,2647 291,2654 293,2654 296,2654 298,2654 313,2641 313,2610 309,2563 196,2557 194,2557 192,2557 190,2557 190,2559 176,2570 174,2574 125,2574 128,2614"/>
        <Baseline points="128,2614 313,2610"/>
        <TextEquiv conf="0.9725250482559205">
          <Unicode>„ 21.</Unicode>
        </TextEquiv>
      </TextLine>
      <TextLine id="eSc_line_889368a3" custom="structure {type:default;}">
        <Coords points="437,2623 437,2658 519,2658 519,2619 514,2570 497,2559 494,2559 492,2559 490,2559 488,2559 433,2574 437,2623"/>
        <Baseline points="437,2623 519,2619"/>
        <TextEquiv conf="1.0">
          <Unicode>„</Unicode>
        </TextEquiv>
      </TextLine>
      <TextLine id="eSc_line_411f4708" custom="structure {type:default;}">
        <Coords points="700,2667 700,2698 2611,2698 2613,2663 2607,2632 698,2634 700,2667"/>
        <Baseline points="700,2667 2613,2663"/>
        <TextEquiv conf="0.9971663646208935">
          <Unicode>privilegia ac pacta quaedam confirmat, petente Roberto abbate. Autogr. in tab.</Unicode>
        </TextEquiv>
      </TextLine>
      <TextLine id="eSc_line_678fb12b" custom="structure {type:default;}">
        <Coords points="700,2720 700,2738 996,2751 998,2751 1000,2751 1003,2751 1020,2740 1215,2740 1239,2751 1241,2751 1243,2751 1296,2740 1389,2751 1391,2751 1478,2740 1668,2751 1670,2751 1672,2751 1674,2751 1692,2740 1718,2751 1721,2751 1723,2751 1984,2738 1984,2720 1984,2691 700,2691 700,2720"/>
        <Baseline points="700,2720 1984,2720"/>
        <TextEquiv conf="0.9838672226125543">
          <Unicode>nat. Paris. L. 235. n. 18. — „In eminenti apostolicae“.</Unicode>
        </TextEquiv>
      </TextLine>
      <TextLine id="eSc_line_dc83dc73" custom="structure {type:default;}">
        <Coords points="125,2780 125,2815 258,2822 260,2822 262,2822 309,2802 309,2775 307,2731 269,2716 267,2716 265,2716 203,2729 181,2733 123,2729 125,2780"/>
        <Baseline points="125,2780 309,2775"/>
        <TextEquiv conf="0.9996621966361999">
          <Unicode>„ 22.</Unicode>
        </TextEquiv>
      </TextLine>
      <TextLine id="eSc_line_7d594677" custom="structure {type:default;}">
        <Coords points="647,2780 647,2797 1009,2813 1011,2813 1014,2813 1016,2813 1038,2800 1486,2811 1489,2811 1491,2811 1542,2797 1579,2811 1581,2811 1584,2811 1701,2809 1703,2809 1705,2809 1727,2795 2001,2809 2003,2809 2006,2809 2032,2795 2109,2809 2112,2809 2187,2795 2428,2806 2430,2806 2432,2806 2461,2791 2615,2789 2615,2771 2611,2742 2311,2742 2273,2729 2271,2729 2269,2729 2266,2729 2238,2740 2213,2729 2211,2729 2209,2729 2207,2729 2204,2729 2187,2740 1758,2731 1756,2731 1754,2731 1752,2731 1734,2742 1431,2733 1429,2733 1427,2733 1425,2733 1407,2747 1274,2747 1140,2733 1137,2733 1135,2733 1133,2733 1115,2747 662,2736 660,2736 658,2736 656,2736 645,2742 647,2780"/>
        <Baseline points="647,2780 2615,2771"/>
        <TextEquiv conf="0.9939702602080357">
          <Unicode>17387 H(enrico) de Castris quondam episcopo Virdunensi, abbati S. Eucharii et de-</Unicode>
        </TextEquiv>
      </TextLine>
      <TextLine id="eSc_line_a8260c18" custom="structure {type:default;}">
        <Coords points="452,2784 452,2833 528,2833 528,2782 523,2705 448,2700 452,2784"/>
        <Baseline points="452,2784 528,2782"/>
        <TextEquiv conf="0.9999958276748657">
          <Unicode>„</Unicode>
        </TextEquiv>
      </TextLine>
      <TextLine id="eSc_line_e8d109dc" custom="structure {type:default;}">
        <Coords points="698,2833 698,2857 2611,2850 2613,2826 2607,2797 695,2802 698,2833"/>
        <Baseline points="698,2833 2613,2826"/>
        <TextEquiv conf="0.9925595747261513">
          <Unicode>cano Trevirensi mandat, ut ecclesiam de Aureio, ab abbate S. Petri de Monte Simoni</Unicode>
        </TextEquiv>
      </TextLine>
      <TextLine id="eSc_line_84d09cb8" custom="structure {type:default;}">
        <Coords points="698,2886 698,2912 2611,2908 2613,2879 2609,2848 695,2848 698,2886"/>
        <Baseline points="698,2886 2613,2879"/>
        <TextEquiv conf="0.9996631221715794">
          <Unicode>cuidam iniuste traditam, fratribus ipsius monasterii restitui faciant. Loewenfeld Epi-</Unicode>
        </TextEquiv>
      </TextLine>
      <TextLine id="eSc_line_8c27e2e5" custom="structure {type:default;}">
        <Coords points="698,2939 698,2961 1668,2961 1668,2939 1665,2908 698,2908 698,2939"/>
        <Baseline points="698,2939 1668,2939"/>
        <TextEquiv conf="0.9995469340058261">
          <Unicode>stolae p. 260. — „Dilecti filii conventus“.</Unicode>
        </TextEquiv>
      </TextLine>
      <TextLine id="eSc_line_1346897c" custom="structure {type:default;}">
        <Coords points="649,2992 647,3014 751,3029 753,3029 755,3029 793,3018 866,3029 868,3029 1155,3018 1173,3029 1175,3029 1177,3029 1179,3029 1491,3021 1634,3032 1637,3032 1639,3032 1683,3021 1741,3032 1743,3032 1911,3021 1972,3032 1975,3032 2096,3021 2467,3032 2470,3032 2609,3018 2611,2996 2609,2961 649,2961 649,2992"/>
        <Baseline points="649,2992 2611,2996"/>
        <TextEquiv conf="0.994154703186219">
          <Unicode>17388 Belli-campi et Calmosiacensem abbates constituit iudices inter monasterium S.</Unicode>
        </TextEquiv>
      </TextLine>
      <TextLine id="eSc_line_acb6a471" custom="structure {type:default;}">
        <Coords points="128,3001 128,3034 307,3021 307,2996 304,2956 287,2945 285,2945 282,2945 280,2945 125,2954 128,3001"/>
        <Baseline points="128,3001 307,2996"/>
        <TextEquiv conf="0.9999988794326782">
          <Unicode>„ 22.</Unicode>
        </TextEquiv>
      </TextLine>
      <TextLine id="eSc_line_efd7b67d" custom="structure {type:default;}">
        <Coords points="439,3005 439,3043 459,3054 461,3054 463,3054 517,3040 517,3005 517,2963 470,2952 468,2952 466,2952 463,2952 439,2963 439,3005"/>
        <Baseline points="439,3005 517,3005"/>
        <TextEquiv conf="0.9999914169311523">
          <Unicode>„</Unicode>
        </TextEquiv>
      </TextLine>
      <TextLine id="eSc_line_0f234384" custom="structure {type:default;}">
        <Coords points="698,3054 698,3078 2607,3080 2611,3049 2604,3016 695,3016 698,3054"/>
        <Baseline points="698,3054 2611,3049"/>
        <TextEquiv conf="0.993779182434082">
          <Unicode>Petri de Monte et conventum de Septem-fontibus, tributum debitum, sc. unum aureum</Unicode>
        </TextEquiv>
      </TextLine>
      <TextLine id="eSc_line_5999e57d" custom="structure {type:default;}">
        <Coords points="698,3107 698,3127 2609,3124 2611,3102 2604,3071 695,3078 698,3107"/>
        <Baseline points="698,3107 2611,3102"/>
        <TextEquiv conf="0.9987920723952256">
          <Unicode>annuatim vel unum byzantium in quarto quoque anno subiectionis nomine solvere</Unicode>
        </TextEquiv>
      </TextLine>
      <TextLine id="eSc_line_d0714876" custom="structure {type:default;}">
        <Coords points="700,3160 700,3184 1177,3184 1182,3184 1197,3195 1199,3195 1201,3195 1204,3195 1259,3184 1265,3184 1272,3184 1312,3195 1314,3195 1316,3197 1409,3197 1409,3195 1411,3195 1414,3195 1425,3186 1429,3184 1451,3186 1553,3195 1555,3197 1692,3197 1692,3195 1694,3195 1696,3195 1707,3186 1710,3184 1725,3186 1771,3195 1774,3195 2609,3188 2609,3160 2609,3131 700,3131 700,3160"/>
        <Baseline points="700,3160 2609,3160"/>
        <TextEquiv conf="0.9941068522632122">
          <Unicode>nolentem. In bibl. nat. Paris. Chartul. S. Petri de Monte scr. a. 1392, ms. lat.</Unicode>
        </TextEquiv>
      </TextLine>
      <TextLine id="eSc_line_47b87435" custom="structure {type:default;}">
        <Coords points="700,3215 700,3235 804,3248 806,3248 863,3237 1064,3237 1080,3248 1082,3248 1084,3248 1087,3250 1692,3250 1692,3248 1760,3235 1760,3215 1760,3184 700,3182 700,3215"/>
        <Baseline points="700,3215 1760,3215"/>
        <TextEquiv conf="0.9989503229206259">
          <Unicode>12866. f. 8. — „Ex conquestione dilectorum“.</Unicode>
        </TextEquiv>
      </TextLine>
      <TextLine id="eSc_line_64cce7bd" custom="structure {type:default;}">
        <Coords points="649,3270 649,3292 2607,3297 2609,3270 2609,3235 649,3235 649,3270"/>
        <Baseline points="649,3270 2609,3270"/>
        <TextEquiv conf="0.9903764793242531">
          <Unicode>17389 Monasterii S. Salvatoris Montis-Amiati asserit ecclesiam S. Fortunati de Correto,</Unicode>
        </TextEquiv>
      </TextLine>
      <TextLine id="eSc_line_879f3858" custom="structure {type:default;}">
        <Coords points="128,3272 130,3301 178,3286 218,3290 282,3299 285,3299 287,3299 289,3299 309,3281 309,3268 302,3193 229,3202 227,3202 225,3202 216,3210 194,3228 125,3228 128,3272"/>
        <Baseline points="128,3272 309,3268"/>
        <TextEquiv conf="0.9926911234855652">
          <Unicode>„ 23.</Unicode>
        </TextEquiv>
      </TextLine>
      <TextLine id="eSc_line_67872316" custom="structure {type:default;}">
        <Coords points="444,3274 444,3303 536,3294 536,3272 534,3235 463,3206 461,3206 459,3206 457,3206 455,3206 441,3213 444,3274"/>
        <Baseline points="444,3274 536,3272"/>
        <TextEquiv conf="0.9999995231628418">
          <Unicode>„</Unicode>
        </TextEquiv>
      </TextLine>
      <TextLine id="eSc_line_9114622d" custom="structure {type:default;}">
        <Coords points="700,3323 700,3345 1411,3345 1414,3345 1467,3358 1469,3358 1471,3358 1581,3345 1650,3361 1652,3361 1842,3343 1858,3343 1862,3343 1906,3358 1908,3358 1911,3358 2003,3343 2010,3343 2017,3343 2101,3358 2103,3358 2105,3358 2132,3345 2167,3358 2169,3358 2171,3358 2377,3347 2489,3358 2492,3358 2609,3341 2611,3319 2607,3290 698,3288 700,3323"/>
        <Baseline points="700,3323 2611,3319"/>
        <TextEquiv conf="0.995902018669324">
          <Unicode>bulla ad Rolandum abbatem. Wiener Sitzungsber. XCIV. 695, Pflugk-Harttung Iter</Unicode>
        </TextEquiv>
      </TextLine>
      <TextLine id="eSc_line_1e2f8402" custom="structure {type:default;}">
        <Coords points="695,3380 695,3403 704,3411 707,3411 709,3411 711,3411 713,3411 746,3396 751,3396 760,3396 855,3411 857,3411 859,3411 861,3411 861,3409 877,3396 952,3396 967,3409 967,3411 969,3411 972,3411 974,3414 1009,3414 1009,3411 1155,3394 1159,3394 1182,3409 1184,3409 1186,3409 1188,3411 1274,3411 1274,3409 1277,3409 1327,3392 1327,3376 1323,3350 1009,3339 1007,3339 1005,3339 1003,3339 987,3350 775,3341 773,3341 693,3352 695,3380"/>
        <Baseline points="695,3380 1327,3376"/>
        <TextEquiv conf="0.9990416914224625">
          <Unicode>p. 334. — „Cum a nobis“.</Unicode>
        </TextEquiv>
      </TextLine>
      <TextLine id="eSc_line_7ff6f073" custom="structure {type:default;}">
        <Coords points="645,3436 645,3469 2604,3462 2607,3431 2600,3396 642,3398 645,3436"/>
        <Baseline points="645,3436 2607,3431"/>
        <TextEquiv conf="0.9974511817097664">
          <Unicode>17390 Capitulo Ariensi invasorum ecclesiae excommunicandorum licentiam concedit.</Unicode>
        </TextEquiv>
      </TextLine>
      <TextLine id="eSc_line_6ba72f76" custom="structure {type:default;}">
        <Coords points="128,3438 128,3464 313,3462 313,3433 307,3378 125,3403 128,3438"/>
        <Baseline points="128,3438 313,3433"/>
        <TextEquiv conf="0.9999999284744263">
          <Unicode>„ 24.</Unicode>
        </TextEquiv>
      </TextLine>
      <TextLine id="eSc_line_9f8cf6f8" custom="structure {type:default;}">
        <Coords points="437,3445 437,3453 452,3462 455,3462 457,3462 459,3462 461,3462 534,3442 534,3436 530,3409 433,3416 437,3445"/>
        <Baseline points="437,3445 534,3436"/>
        <TextEquiv conf="0.9999997615814209">
          <Unicode>„)</Unicode>
        </TextEquiv>
      </TextLine>
      <TextLine id="eSc_line_438c39ef" custom="structure {type:default;}">
        <Coords points="700,3484 700,3522 1606,3515 1621,3517 1661,3526 1663,3526 1665,3526 1668,3526 1681,3517 1685,3515 1701,3517 1749,3526 1752,3526 1820,3517 1836,3515 1851,3517 1913,3526 1915,3526 1917,3526 1946,3515 1950,3515 2317,3515 2319,3489 2317,3453 700,3451 700,3484"/>
        <Baseline points="700,3484 2319,3489"/>
        <TextEquiv conf="0.9953605497061316">
          <Unicode>Rouyer Recherches sur S. Pierre d&#x27;Aire p. 264. — „Ad violentiam a“.</Unicode>
        </TextEquiv>
      </TextLine>
    </TextRegion>
    <TextRegion id="eSc_textblock_26428943"  custom="structure {type:default;}">
      <Coords points="1104,123 1824,132 1842,227 839,227 866,132 1104,123"/>
      <TextLine id="eSc_line_b40142f1" custom="structure {type:default;}">
        <Coords points="861,203 861,223 903,245 905,245 908,247 1250,247 1250,245 1252,245 1254,245 1270,231 1281,223 1515,234 1517,234 1659,223 1683,240 1687,245 1690,245 1692,245 1694,245 1816,242 1816,203 1816,161 1782,147 1780,147 1778,147 1396,161 1369,141 1367,141 1365,141 1321,141 1319,141 1316,141 1314,141 1285,161 1195,134 1193,134 908,134 905,134 903,134 901,134 861,159 861,203"/>
        <Baseline points="861,203 1816,203"/>
        <TextEquiv conf="0.9946530749057901">
          <Unicode>COEI. ESTINUS III. 1191—1198.</Unicode>
        </TextEquiv>
      </TextLine>
    </TextRegion>
    <TextRegion id="eSc_textblock_2cc32835"  custom="structure {type:default;}">
      <Coords points="2492,141 2653,150 2653,209 2618,245 2505,245 2470,227 2492,141"/>
      <TextLine id="eSc_line_5a31c034" custom="structure {type:default;}">
        <Coords points="2492,200 2492,242 2620,245 2622,200 2622,165 2527,150 2525,150 2523,150 2492,163 2492,200"/>
        <Baseline points="2492,200 2622,200"/>
        <TextEquiv conf="0.9999999602635702">
          <Unicode>623</Unicode>
        </TextEquiv>
      </TextLine>
    </TextRegion>
  </Page>
</PcGts>
