<?xml version="1.0" encoding="UTF-8"  standalone="yes"?>
<PcGts xmlns="http://schema.primaresearch.org/PAGE/gts/pagecontent/2019-07-15" xmlns:xsi="http://www.w3.org/2001/XMLSchema-instance" xsi:schemaLocation="http://schema.primaresearch.org/PAGE/gts/pagecontent/2019-07-15 http://schema.primaresearch.org/PAGE/gts/pagecontent/2019-07-15/pagecontent.xsd">
  <Metadata externalRef="pdf//regestapontificu02cath.pdf">
	<Creator>escriptorium</Creator>
	<Created>2026-01-31T10:38:00.598839+00:00</Created>
        <LastChange>2026-02-04T23:01:07.382640+00:00</LastChange>
  </Metadata>
  <Page imageFilename="regestapontificu02cath.pdf_page_455.png" imageWidth="3007" imageHeight="3975">
    <TextRegion id="eSc_textblock_30295c6d"  custom="structure {type:default;}">
      <Coords points="2492,300 2662,318 2644,3531 2372,3548 2317,3610 2149,3566 79,3539 61,865 97,344 333,353 351,609 362,335 589,335 625,362 627,326 777,318 2492,300"/>
      <TextLine id="eSc_line_cc138cc7" custom="structure {type:default;}">
        <Coords points="691,322 669,322 647,324 625,333 627,386 627,408 1299,408 1307,408 1378,419 1380,419 1555,408 1601,406 1630,408 1718,417 1721,417 2516,406 2516,375 2509,326 2059,333 2041,324 2023,315 2021,315 2019,315 2017,315 1984,324 1946,333 1146,324 1144,324 1027,337 974,322 965,320 963,320 961,320 695,320 691,322"/>
        <Baseline points="627,386 2516,375"/>
        <TextEquiv conf="0.972763160625136">
          <Unicode>1182. (Int. 15. — 1. S„t. — 1. „„t. z. 1. — 5. N.,t. — 2, 1151. — 25. Mart. — 1182.</Unicode>
        </TextEquiv>
      </TextLine>
      <TextLine id="eSc_line_4b05390c" custom="structure {type:default;}">
        <Coords points="656,446 656,470 2624,465 2626,441 2622,408 653,401 656,446"/>
        <Baseline points="656,446 2626,441"/>
        <TextEquiv conf="0.9870288293986094">
          <Unicode>14685 Ecclesiae Ebroicensis possessiones quasdam, Brovillam, Condatum cet. cum omni-</Unicode>
        </TextEquiv>
      </TextLine>
      <TextLine id="eSc_line_06a07bfd" custom="structure {type:default;}">
        <Coords points="106,448 106,474 165,488 167,488 170,488 196,479 229,465 262,481 276,485 278,485 280,485 322,481 322,443 318,379 174,371 172,371 101,384 106,448"/>
        <Baseline points="106,448 322,443"/>
        <TextEquiv conf="0.9993281364440918">
          <Unicode>Ani. 18.</Unicode>
        </TextEquiv>
      </TextLine>
      <TextLine id="eSc_line_34e9f4b9" custom="structure {type:default;}">
        <Coords points="384,503 572,499 572,441 567,373 380,368 384,448 384,503"/>
        <Baseline points="384,448 572,441"/>
        <TextEquiv conf="0.874385479837656">
          <Unicode>Vellatri</Unicode>
        </TextEquiv>
      </TextLine>
      <TextLine id="eSc_line_bbc87ae4" custom="structure {type:default;}">
        <Coords points="707,501 707,521 751,532 753,532 890,523 927,521 932,523 947,534 950,534 952,534 954,536 1151,536 1151,534 1153,534 1186,525 1201,521 1285,525 1447,534 1449,534 1451,534 1467,525 1471,523 1475,525 1484,534 1486,534 1489,534 1491,536 1590,536 1590,534 1626,527 1665,518 1685,527 1694,532 1696,532 1699,532 1754,527 1864,518 1902,530 1913,532 1915,532 1917,532 1961,530 2092,518 2417,532 2445,532 2448,532 2450,532 2485,518 2620,532 2624,496 2620,470 1687,459 1685,459 1683,459 1661,470 1659,472 704,472 707,501"/>
        <Baseline points="707,501 2624,496"/>
        <TextEquiv conf="0.9925885088741779">
          <Unicode>bus eius pertinentiis confirmat, petente lohanne episcopo. Cart. du chap. d&#x27;Evr.</Unicode>
        </TextEquiv>
      </TextLine>
      <TextLine id="eSc_line_856cbcaa" custom="structure {type:default;}">
        <Coords points="707,554 707,576 2509,571 2512,549 2505,521 704,523 707,554"/>
        <Baseline points="707,554 2512,549"/>
        <TextEquiv conf="0.9865743022460443">
          <Unicode>s. XIII. — XIV. f. 6 in Arch. dép. de l&#x27;Eare in Evreux. — „Et ordo rationis“.</Unicode>
        </TextEquiv>
      </TextLine>
      <TextLine id="eSc_line_b21070c8" custom="structure {type:default;}">
        <Coords points="662,609 662,633 2622,627 2624,602 2620,576 2222,576 2191,563 2189,563 2187,563 2065,574 1999,563 1997,563 1995,563 1964,576 1495,565 1493,565 1433,576 1378,565 1376,565 1310,578 1124,567 1122,567 1120,567 1117,567 1100,580 1000,580 976,567 974,567 682,567 680,567 678,567 676,567 660,576 662,609"/>
        <Baseline points="662,609 2624,602"/>
        <TextEquiv conf="0.9990124986285255">
          <Unicode>14686 Ecclesiae S. lohannis Mclinensis protectionem suscipit ac disciplinam, posses-</Unicode>
        </TextEquiv>
      </TextLine>
      <TextLine id="eSc_line_5ef94c86" custom="structure {type:default;}">
        <Coords points="106,611 106,640 174,658 176,658 296,651 296,611 296,574 280,558 280,556 278,556 276,556 225,556 223,556 220,556 178,578 106,578 106,611"/>
        <Baseline points="106,611 296,611"/>
        <TextEquiv conf="0.9442904080663409">
          <Unicode>c. Aug.</Unicode>
        </TextEquiv>
      </TextLine>
      <TextLine id="eSc_line_96becfb8" custom="structure {type:default;}">
        <Coords points="457,624 459,695 528,669 528,624 528,578 457,578 457,624"/>
        <Baseline points="457,624 528,624"/>
        <TextEquiv conf="1.0">
          <Unicode>„</Unicode>
        </TextEquiv>
      </TextLine>
      <TextLine id="eSc_line_67545ecc" custom="structure {type:default;}">
        <Coords points="713,664 713,689 2626,686 2626,664 2626,636 713,636 713,664"/>
        <Baseline points="713,664 2626,664"/>
        <TextEquiv conf="0.9974143064834855">
          <Unicode>siones, privilegia confirmat, petente Vincentio priore. (Clausula manca. Subscriptio Hu-</Unicode>
        </TextEquiv>
      </TextLine>
      <TextLine id="eSc_line_93e7fef1" custom="structure {type:default;}">
        <Coords points="711,719 711,746 2622,746 2624,715 2618,686 709,686 711,719"/>
        <Baseline points="711,719 2624,715"/>
        <TextEquiv conf="0.9980103585455152">
          <Unicode>berti, presb. card. tit. S. Laurentii in Damaso, bullam post. d. 7. Iulii, et pontificatus</Unicode>
        </TextEquiv>
      </TextLine>
      <TextLine id="eSc_line_74553e68" custom="structure {type:default;}">
        <Coords points="713,775 713,797 2620,797 2620,775 2618,742 713,742 713,775"/>
        <Baseline points="713,775 2620,775"/>
        <TextEquiv conf="0.9914728087537429">
          <Unicode>annus I. eam ante d. 6. Sept. datam esse docent). Titres de l&#x27;abb. de Melinais f. 144</Unicode>
        </TextEquiv>
      </TextLine>
      <TextLine id="eSc_line_5c4885f0" custom="structure {type:default;}">
        <Coords points="711,830 711,850 2565,845 2567,825 2562,799 709,799 711,830"/>
        <Baseline points="711,830 2567,825"/>
        <TextEquiv conf="0.9974570009443495">
          <Unicode>in bibl. S. Genovefae Paris. ms. franc. II. 40. — „Religiosam vitam eligentibus“.</Unicode>
        </TextEquiv>
      </TextLine>
      <TextLine id="eSc_line_d517ba85" custom="structure {type:default;}">
        <Coords points="108,887 108,920 218,925 220,925 223,925 225,925 225,923 238,912 245,907 324,907 324,887 322,843 203,850 190,848 125,839 123,839 121,839 119,839 108,845 108,887"/>
        <Baseline points="108,887 324,887"/>
        <TextEquiv conf="0.9999943801334926">
          <Unicode>Aag. 5.</Unicode>
        </TextEquiv>
      </TextLine>
      <TextLine id="eSc_line_fb7f5b46" custom="structure {type:default;}">
        <Coords points="658,887 658,912 2620,903 2622,878 2618,850 2134,839 2132,839 2129,839 2127,839 2114,850 2101,850 1734,841 1732,841 1643,852 1634,852 1595,852 1175,843 1173,843 1170,843 1146,854 1144,856 656,856 658,887"/>
        <Baseline points="658,887 2622,878"/>
        <TextEquiv conf="0.9970044711056878">
          <Unicode>14687 (9494) (Guidoni) archiepiscopo Senonensi mandat, ut fratribus S. Maximini prae-</Unicode>
        </TextEquiv>
      </TextLine>
      <TextLine id="eSc_line_df59de3a" custom="structure {type:default;}">
        <Coords points="404,889 402,916 501,916 539,929 545,894 543,865 404,861 404,889"/>
        <Baseline points="404,889 545,894"/>
        <TextEquiv conf="1.0">
          <Unicode>„</Unicode>
        </TextEquiv>
      </TextLine>
      <TextLine id="eSc_line_e6c57097" custom="structure {type:default;}">
        <Coords points="713,940 713,962 2618,965 2622,936 2615,905 711,909 713,940"/>
        <Baseline points="713,940 2622,936"/>
        <TextEquiv conf="0.9848245227778399">
          <Unicode>bendam in ecclesia S. Aniani Aurelianensis, a canonicis ablatam, restitui faciat.</Unicode>
        </TextEquiv>
      </TextLine>
      <TextLine id="eSc_line_0a82afcf" custom="structure {type:default;}">
        <Coords points="711,998 711,1020 2233,1022 2235,1022 2615,1009 2618,987 2611,960 709,960 711,998"/>
        <Baseline points="711,998 2618,987"/>
        <TextEquiv conf="0.9977690561612447">
          <Unicode>Humbert Antiquit. de Saint-Aignan d&#x27;Orléans Pr. p. 24, Migne 201 p. 1157. —</Unicode>
        </TextEquiv>
      </TextLine>
      <TextLine id="eSc_line_1d15ded9" custom="structure {type:default;}">
        <Coords points="711,1051 711,1073 1246,1071 1246,1051 1246,1022 711,1022 711,1051"/>
        <Baseline points="711,1051 1246,1051"/>
        <TextEquiv conf="0.9815639758110046">
          <Unicode>„Dilectus filius noster“.</Unicode>
        </TextEquiv>
      </TextLine>
      <TextLine id="eSc_line_9b90b848" custom="structure {type:default;}">
        <Coords points="114,1104 112,1139 212,1137 220,1141 240,1154 243,1154 245,1154 247,1154 249,1154 287,1146 338,1157 340,1157 342,1157 344,1157 344,1154 360,1141 362,1139 413,1139 424,1141 501,1159 503,1159 505,1159 508,1159 508,1157 525,1141 556,1141 558,1113 558,1075 430,1073 424,1064 408,1051 408,1048 406,1048 404,1048 315,1042 313,1042 265,1044 262,1044 260,1044 251,1053 231,1068 114,1044 114,1104"/>
        <Baseline points="114,1104 558,1113"/>
        <TextEquiv conf="0.9997362560696073">
          <Unicode>A„pt 2. „</Unicode>
        </TextEquiv>
      </TextLine>
      <TextLine id="eSc_line_49abc4e6" custom="structure {type:default;}">
        <Coords points="656,1108 656,1126 1290,1137 1292,1137 1380,1126 1391,1126 2624,1126 2624,1101 2620,1068 653,1064 656,1108"/>
        <Baseline points="656,1108 2624,1101"/>
        <TextEquiv conf="0.9902069863151102">
          <Unicode>14688 C. praeposito et capitulo Curiensi scribit, O. presbyterum ecclesiae S. Florini</Unicode>
        </TextEquiv>
      </TextLine>
      <TextLine id="eSc_line_27ecc77e" custom="structure {type:default;}">
        <Coords points="713,1163 713,1185 2622,1185 2624,1154 2620,1126 729,1124 726,1124 724,1124 722,1124 711,1130 713,1163"/>
        <Baseline points="713,1163 2624,1154"/>
        <TextEquiv conf="0.9840000616876703">
          <Unicode>de Machis sibi nuntiasse, „se quendam nobilem virum parrochianum habere, cum</Unicode>
        </TextEquiv>
      </TextLine>
      <TextLine id="eSc_line_4894eecf" custom="structure {type:default;}">
        <Coords points="711,1216 711,1238 2622,1232 2624,1210 2618,1183 709,1188 711,1216"/>
        <Baseline points="711,1216 2624,1210"/>
        <TextEquiv conf="0.9998662320873405">
          <Unicode>quo multi milites ac servientes incendiarii commorarentur, quorum quidam in ex-</Unicode>
        </TextEquiv>
      </TextLine>
      <TextLine id="eSc_line_aca0b67b" custom="structure {type:default;}">
        <Coords points="711,1269 711,1291 2622,1285 2624,1263 2618,1236 709,1241 711,1269"/>
        <Baseline points="711,1269 2624,1263"/>
        <TextEquiv conf="0.9999874550175955">
          <Unicode>tremis agentes poenitentiam et viaticum ab ipso peterent“. Mandat, denuntient pres-</Unicode>
        </TextEquiv>
      </TextLine>
      <TextLine id="eSc_line_32c30bbb" custom="structure {type:default;}">
        <Coords points="711,1325 711,1347 2620,1342 2622,1320 2615,1294 709,1294 711,1325"/>
        <Baseline points="711,1325 2622,1320"/>
        <TextEquiv conf="0.997872079821194">
          <Unicode>bytero, ut si aliqui parrochianorum in articulo mortis confiteri ei voluerint, satis-</Unicode>
        </TextEquiv>
      </TextLine>
      <TextLine id="eSc_line_6ec47d19" custom="structure {type:default;}">
        <Coords points="711,1384 711,1404 2624,1397 2626,1378 2620,1349 709,1349 711,1384"/>
        <Baseline points="711,1384 2626,1378"/>
        <TextEquiv conf="0.9990030353845551">
          <Unicode>factionem eis et sacramenta porrigat, atque ecclesiasticae, si decesserint, sepulturae</Unicode>
        </TextEquiv>
      </TextLine>
      <TextLine id="eSc_line_acb53370" custom="structure {type:default;}">
        <Coords points="711,1437 711,1459 2622,1450 2624,1428 2618,1402 709,1408 711,1437"/>
        <Baseline points="711,1437 2624,1428"/>
        <TextEquiv conf="0.9988297719553293">
          <Unicode>tradat; si vero convaluerint, ad Romanam ecclesiam „pro maiori satisfactione“ acce-</Unicode>
        </TextEquiv>
      </TextLine>
      <TextLine id="eSc_line_17ef6a20" custom="structure {type:default;}">
        <Coords points="709,1490 709,1508 731,1519 733,1519 735,1519 821,1508 850,1519 852,1519 855,1519 916,1508 938,1519 941,1519 943,1519 1087,1508 1133,1519 1135,1519 1137,1519 1268,1508 1564,1508 1610,1519 1612,1519 1615,1519 1676,1508 1880,1519 1882,1519 1981,1508 1995,1519 1997,1519 1999,1519 2001,1519 2061,1508 2129,1519 2132,1519 2185,1506 2185,1490 2185,1461 709,1461 709,1490"/>
        <Baseline points="709,1490 2185,1490"/>
        <TextEquiv conf="0.9971346956188396">
          <Unicode>dere eos iubeat. Neues Archiv VII. 398. — „Veniens ad nos“.</Unicode>
        </TextEquiv>
      </TextLine>
      <TextLine id="eSc_line_f15f0784" custom="structure {type:default;}">
        <Coords points="145,1548 145,1578 320,1583 322,1541 315,1488 141,1490 145,1548"/>
        <Baseline points="145,1548 322,1541"/>
        <TextEquiv conf="0.9999761343002319">
          <Unicode>„ 15.</Unicode>
        </TextEquiv>
      </TextLine>
      <TextLine id="eSc_line_d1eeb88e" custom="structure {type:default;}">
        <Coords points="662,1548 662,1570 2622,1561 2624,1539 2618,1508 660,1508 662,1548"/>
        <Baseline points="662,1548 2624,1539"/>
        <TextEquiv conf="0.9954463047139784">
          <Unicode>14689 Capicerio et canonicis S. Maximi Cainonensibus asserit consuetudinem, ut capel-</Unicode>
        </TextEquiv>
      </TextLine>
      <TextLine id="eSc_line_c82e6c65" custom="structure {type:default;}">
        <Coords points="452,1554 452,1567 543,1559 545,1552 539,1523 450,1523 452,1554"/>
        <Baseline points="452,1554 545,1552"/>
        <TextEquiv conf="0.8208087980747223">
          <Unicode>„„</Unicode>
        </TextEquiv>
      </TextLine>
      <TextLine id="eSc_line_3caa9e10" custom="structure {type:default;}">
        <Coords points="711,1605 711,1625 2622,1623 2624,1596 2618,1567 709,1572 711,1605"/>
        <Baseline points="711,1605 2624,1596"/>
        <TextEquiv conf="0.9992300005520092">
          <Unicode>lanos, ad titulum ecclesiae suae ordinatos, in minores (ecclesias) castri Caiuonis ad</Unicode>
        </TextEquiv>
      </TextLine>
      <TextLine id="eSc_line_a3d5a3fd" custom="structure {type:default;}">
        <Coords points="713,1656 713,1678 2620,1684 2624,1651 2620,1623 1692,1612 1690,1612 1628,1623 766,1614 764,1614 711,1625 713,1656"/>
        <Baseline points="713,1656 2624,1651"/>
        <TextEquiv conf="0.9982147135852296">
          <Unicode>celebranda officia divina mittant. Ex Coll. Housseau V. 1949 in bibl. nat. Paris.</Unicode>
        </TextEquiv>
      </TextLine>
      <TextLine id="eSc_line_bd0ca475" custom="structure {type:default;}">
        <Coords points="713,1713 713,1733 2624,1726 2626,1707 2622,1678 2220,1678 2218,1676 2200,1665 2198,1665 2196,1665 2193,1665 2191,1665 2154,1676 2151,1676 711,1673 713,1713"/>
        <Baseline points="713,1713 2626,1707"/>
        <TextEquiv conf="0.9909876783688863">
          <Unicode>Misit Delisle. (Mém. de la soc. arch de Touraine XIV. 200). — „Ex tenore autentici“.</Unicode>
        </TextEquiv>
      </TextLine>
      <TextLine id="eSc_line_8e274766" custom="structure {type:default;}">
        <Coords points="143,1766 143,1815 187,1815 190,1815 192,1815 192,1813 196,1808 214,1790 256,1799 289,1804 291,1804 293,1804 324,1786 324,1762 313,1696 291,1711 265,1702 247,1698 245,1698 243,1698 240,1698 238,1698 227,1709 209,1722 141,1722 143,1766"/>
        <Baseline points="143,1766 324,1762"/>
        <TextEquiv conf="0.9999318480491638">
          <Unicode>„ 20.</Unicode>
        </TextEquiv>
      </TextLine>
      <TextLine id="eSc_line_6ca5777b" custom="structure {type:default;}">
        <Coords points="662,1768 662,1799 722,1788 894,1797 930,1799 932,1799 952,1797 1034,1788 1378,1795 1604,1797 1606,1797 2624,1782 2626,1760 2622,1731 1153,1724 1151,1724 980,1735 678,1726 676,1726 673,1726 671,1726 660,1733 662,1768"/>
        <Baseline points="662,1768 2626,1760"/>
        <TextEquiv conf="0.999631942019743">
          <Unicode>14690 *Capituli S. Thomae Crispciensis protectionem suscipit. Catalogue des livres de</Unicode>
        </TextEquiv>
      </TextLine>
      <TextLine id="eSc_line_a891275b" custom="structure {type:default;}">
        <Coords points="435,1771 435,1788 450,1799 452,1799 455,1799 457,1799 547,1784 547,1771 547,1740 435,1713 435,1771"/>
        <Baseline points="435,1771 547,1771"/>
        <TextEquiv conf="0.9933476050694784">
          <Unicode>(„)</Unicode>
        </TextEquiv>
      </TextLine>
      <TextLine id="eSc_line_61bcd46b" custom="structure {type:default;}">
        <Coords points="713,1821 713,1841 2156,1841 2158,1821 2156,1790 713,1790 713,1821"/>
        <Baseline points="713,1821 2158,1821"/>
        <TextEquiv conf="0.9870024294622483">
          <Unicode>la bibliothéque de M. J. Barrois. Paris 1856. p. 138. n. 1378.</Unicode>
        </TextEquiv>
      </TextLine>
      <TextLine id="eSc_line_be3993e1" custom="structure {type:default;}">
        <Coords points="141,1879 141,1919 187,1919 187,1916 190,1916 192,1916 192,1914 207,1899 318,1910 320,1872 313,1813 260,1815 258,1815 256,1815 254,1817 225,1837 139,1830 141,1879"/>
        <Baseline points="141,1879 320,1872"/>
        <TextEquiv conf="0.9793963193893432">
          <Unicode>„ 25.</Unicode>
        </TextEquiv>
      </TextLine>
      <TextLine id="eSc_line_e75e9c14" custom="structure {type:default;}">
        <Coords points="662,1879 662,1899 2620,1903 2624,1874 2620,1846 660,1843 662,1879"/>
        <Baseline points="662,1879 2624,1874"/>
        <TextEquiv conf="0.9846897991590722">
          <Unicode>14691 Ecclesiae Salernitanae tutelam suscipit possessionesque et privilegia confirmat,</Unicode>
        </TextEquiv>
      </TextLine>
      <TextLine id="eSc_line_ce677d4a" custom="structure {type:default;}">
        <Coords points="455,1885 450,1947 525,1938 530,1890 530,1861 455,1857 455,1885"/>
        <Baseline points="455,1885 530,1890"/>
        <TextEquiv conf="1.0">
          <Unicode>„</Unicode>
        </TextEquiv>
      </TextLine>
      <TextLine id="eSc_line_8e8e7038" custom="structure {type:default;}">
        <Coords points="713,1932 713,1963 883,1952 2622,1952 2624,1927 2620,1901 2516,1888 2514,1888 2512,1888 2478,1901 2090,1901 2059,1888 2056,1888 2054,1888 1931,1899 1873,1888 1871,1888 1869,1888 1824,1899 1798,1888 1796,1888 1794,1888 1791,1888 1743,1899 1674,1888 1672,1888 1670,1888 1628,1901 846,1890 843,1890 711,1903 713,1932"/>
        <Baseline points="713,1932 2624,1927"/>
        <TextEquiv conf="0.9957338631907596">
          <Unicode>petente Nicolao archiepiscopo. Paesano Mem. d. chiesa Salern. II. 229. — „Licet</Unicode>
        </TextEquiv>
      </TextLine>
      <TextLine id="eSc_line_a4417cbf" custom="structure {type:default;}">
        <Coords points="713,1985 713,2005 1153,2005 1153,1985 1153,1958 713,1958 713,1985"/>
        <Baseline points="713,1985 1153,1985"/>
        <TextEquiv conf="0.9999882014174211">
          <Unicode>nobis ecclesiarum“.</Unicode>
        </TextEquiv>
      </TextLine>
      <TextLine id="eSc_line_286e7d38" custom="structure {type:default;}">
        <Coords points="106,2033 106,2078 271,2089 273,2089 276,2089 322,2069 322,2033 322,1958 220,1958 218,1958 216,1958 214,1958 201,1972 187,1983 106,1983 106,2033"/>
        <Baseline points="106,2033 322,2033"/>
        <TextEquiv conf="0.9620816260576248">
          <Unicode>Oct. 17.</Unicode>
        </TextEquiv>
      </TextLine>
      <TextLine id="eSc_line_f71012d8" custom="structure {type:default;}">
        <Coords points="665,2042 665,2064 2624,2060 2626,2038 2622,2009 680,2000 678,2000 676,2000 673,2000 662,2007 665,2042"/>
        <Baseline points="665,2042 2626,2038"/>
        <TextEquiv conf="0.9951798638632131">
          <Unicode>14692 Ecclesiae S. Mariae Vetiolanensis tutelam suscipit, possessionesqae ac iura con-</Unicode>
        </TextEquiv>
      </TextLine>
      <TextLine id="eSc_line_a558958c" custom="structure {type:default;}">
        <Coords points="452,2051 450,2062 525,2075 530,2055 528,2018 452,2018 452,2051"/>
        <Baseline points="452,2051 530,2055"/>
        <TextEquiv conf="1.0">
          <Unicode>„</Unicode>
        </TextEquiv>
      </TextLine>
      <TextLine id="eSc_line_608b6cba" custom="structure {type:default;}">
        <Coords points="711,2097 711,2120 2622,2117 2624,2093 2620,2064 1855,2051 1853,2051 1851,2051 1822,2062 1754,2051 1752,2051 1661,2064 950,2053 947,2053 859,2064 843,2053 841,2053 839,2053 733,2053 731,2053 729,2053 726,2053 709,2062 711,2097"/>
        <Baseline points="711,2097 2624,2093"/>
        <TextEquiv conf="0.9952266399155963">
          <Unicode>firmat, petente Cindone (leg. Guidone) praeposito. Miscellanea di stor. Italiana I. 307.</Unicode>
        </TextEquiv>
      </TextLine>
      <TextLine id="eSc_line_8b85b104" custom="structure {type:default;}">
        <Coords points="713,2150 713,2168 1243,2173 1246,2150 1246,2124 713,2124 713,2150"/>
        <Baseline points="713,2150 1246,2150"/>
        <TextEquiv conf="0.9997415627752032">
          <Unicode>— „Quotiens a nobis“.</Unicode>
        </TextEquiv>
      </TextLine>
      <TextLine id="eSc_line_4171aea6" custom="structure {type:default;}">
        <Coords points="110,2201 110,2239 207,2243 209,2243 212,2243 245,2230 249,2230 251,2230 289,2241 291,2241 293,2241 296,2241 322,2226 322,2197 315,2161 214,2161 205,2157 176,2142 174,2142 172,2142 108,2153 110,2201"/>
        <Baseline points="110,2201 322,2197"/>
        <TextEquiv conf="0.979402380330222">
          <Unicode>Nov. 1.</Unicode>
        </TextEquiv>
      </TextLine>
      <TextLine id="eSc_line_7da942e8" custom="structure {type:default;}">
        <Coords points="662,2206 662,2230 2624,2226 2626,2201 2620,2173 660,2175 662,2206"/>
        <Baseline points="662,2206 2626,2201"/>
        <TextEquiv conf="0.9954886828980795">
          <Unicode>14693 Sententiam, a L(anfranco) episcopo Papiensi latam inter sorores S. Mariae de</Unicode>
        </TextEquiv>
      </TextLine>
      <TextLine id="eSc_line_924384f3" custom="structure {type:default;}">
        <Coords points="455,2214 455,2243 523,2228 523,2214 523,2188 455,2181 455,2214"/>
        <Baseline points="455,2214 523,2214"/>
        <TextEquiv conf="0.9998034834861755">
          <Unicode>„</Unicode>
        </TextEquiv>
      </TextLine>
      <TextLine id="eSc_line_a41b6fda" custom="structure {type:default;}">
        <Coords points="713,2261 713,2287 2620,2279 2622,2254 2618,2226 711,2226 713,2261"/>
        <Baseline points="713,2261 2622,2254"/>
        <TextEquiv conf="0.9967731056334097">
          <Unicode>Rocca et abbatem Fructuariensem, confirmat. Hist. Patr. Mon. Chart. II. 1103. —</Unicode>
        </TextEquiv>
      </TextLine>
      <TextLine id="eSc_line_4adca323" custom="structure {type:default;}">
        <Coords points="713,2320 713,2338 1321,2343 1323,2343 1325,2343 1372,2329 1372,2312 1367,2283 1204,2272 1201,2272 872,2287 744,2279 742,2279 740,2279 711,2290 713,2320"/>
        <Baseline points="713,2320 1372,2312"/>
        <TextEquiv conf="0.9876697838306427">
          <Unicode>„Iustis petentium desideriis“.</Unicode>
        </TextEquiv>
      </TextLine>
      <TextLine id="eSc_line_955e3bcd" custom="structure {type:default;}">
        <Coords points="662,2373 662,2396 2624,2389 2626,2367 2622,2338 660,2334 662,2373"/>
        <Baseline points="662,2373 2626,2367"/>
        <TextEquiv conf="0.9827131578721195">
          <Unicode>14694 P(etro) archiepiscopo Compostellano ac (Manrico) Legionensi et (Martino) Bur-</Unicode>
        </TextEquiv>
      </TextLine>
      <TextLine id="eSc_line_2a6f79d8" custom="structure {type:default;}">
        <Coords points="145,2376 148,2415 236,2382 322,2411 326,2371 322,2329 269,2316 267,2316 265,2316 251,2320 214,2332 194,2314 187,2307 187,2305 185,2305 183,2305 181,2305 143,2305 145,2376"/>
        <Baseline points="145,2376 326,2371"/>
        <TextEquiv conf="0.9992893040180206">
          <Unicode>„ 7.</Unicode>
        </TextEquiv>
      </TextLine>
      <TextLine id="eSc_line_080fffb1" custom="structure {type:default;}">
        <Coords points="444,2378 444,2391 466,2407 468,2407 470,2407 472,2407 475,2407 541,2387 541,2378 541,2351 444,2345 444,2378"/>
        <Baseline points="444,2378 541,2378"/>
        <TextEquiv conf="1.0">
          <Unicode>„</Unicode>
        </TextEquiv>
      </TextLine>
      <TextLine id="eSc_line_f4682b4b" custom="structure {type:default;}">
        <Coords points="713,2426 713,2451 2622,2444 2624,2420 2618,2393 711,2396 713,2426"/>
        <Baseline points="713,2426 2624,2420"/>
        <TextEquiv conf="0.9963938542354254">
          <Unicode>gensi episcopis mandat, cogant homines quosdam de Maiorca, ut fratribus Bolbonen-</Unicode>
        </TextEquiv>
      </TextLine>
      <TextLine id="eSc_line_dd63c659" custom="structure {type:default;}">
        <Coords points="713,2482 713,2504 2624,2499 2626,2475 2622,2449 748,2442 746,2442 744,2442 711,2453 713,2482"/>
        <Baseline points="713,2482 2626,2475"/>
        <TextEquiv conf="0.9997790987233082">
          <Unicode>sibus de iniuriis tempore quadragesimali illatis satisfaciant. Loewenfeld Epistolae</Unicode>
        </TextEquiv>
      </TextLine>
      <TextLine id="eSc_line_b18ad862" custom="structure {type:default;}">
        <Coords points="711,2541 711,2559 1657,2563 1659,2563 1661,2563 1705,2550 1705,2532 1701,2506 1473,2495 1471,2495 1469,2495 1442,2506 1016,2499 1014,2499 709,2513 711,2541"/>
        <Baseline points="711,2541 1705,2532"/>
        <TextEquiv conf="0.9967230019115266">
          <Unicode>p. 211. — „Quotiens peccatis exigentibus“.</Unicode>
        </TextEquiv>
      </TextLine>
      <TextLine id="eSc_line_8d910e68" custom="structure {type:default;}">
        <Coords points="143,2594 143,2630 170,2638 172,2638 174,2638 176,2638 190,2634 225,2619 254,2638 256,2638 258,2638 322,2641 324,2588 318,2508 273,2510 271,2510 269,2510 269,2513 262,2517 240,2539 141,2539 143,2594"/>
        <Baseline points="143,2594 324,2588"/>
        <TextEquiv conf="0.9984939098358154">
          <Unicode>„</Unicode>
        </TextEquiv>
      </TextLine>
      <TextLine id="eSc_line_7e21187e" custom="structure {type:default;}">
        <Coords points="662,2594 662,2616 2624,2612 2626,2588 2622,2559 1316,2550 1314,2550 1312,2550 1277,2561 678,2552 676,2552 673,2552 671,2552 660,2559 662,2594"/>
        <Baseline points="662,2594 2626,2588"/>
        <TextEquiv conf="0.9819215770278659">
          <Unicode>14695 Sororibus S. Mariae de Rocca asserit pratum, olivetum, servitia, consuetudines</Unicode>
        </TextEquiv>
      </TextLine>
      <TextLine id="eSc_line_d09dc198" custom="structure {type:default;}">
        <Coords points="457,2601 457,2612 541,2625 543,2601 543,2572 457,2566 457,2601"/>
        <Baseline points="457,2601 543,2601"/>
        <TextEquiv conf="0.9999927282333374">
          <Unicode>„</Unicode>
        </TextEquiv>
      </TextLine>
      <TextLine id="eSc_line_88d43fcd" custom="structure {type:default;}">
        <Coords points="711,2645 711,2669 2624,2667 2626,2641 2620,2612 709,2612 711,2645"/>
        <Baseline points="711,2645 2626,2641"/>
        <TextEquiv conf="0.9997555108631359">
          <Unicode>et alia in Marzana (al. Mayano) et Rocca villis, a W(illelmo) marchione Montisferrati</Unicode>
        </TextEquiv>
      </TextLine>
      <TextLine id="eSc_line_11a0a0db" custom="structure {type:default;}">
        <Coords points="711,2700 711,2722 2626,2722 2626,2700 2626,2672 711,2672 711,2700"/>
        <Baseline points="711,2700 2626,2700"/>
        <TextEquiv conf="0.9947533825548683">
          <Unicode>et ab abbate Fructuariensi collata. Hist. Patr. Mon. Chart. II. 1091, Pflugk-Hart-</Unicode>
        </TextEquiv>
      </TextLine>
      <TextLine id="eSc_line_98d2c91d" custom="structure {type:default;}">
        <Coords points="713,2756 713,2775 1911,2771 1913,2751 1908,2725 731,2716 729,2716 726,2716 724,2716 711,2722 713,2756"/>
        <Baseline points="713,2756 1913,2751"/>
        <TextEquiv conf="0.9987758746686971">
          <Unicode>tung Acta III. 297. — „Iustis petentium desideriis“.,</Unicode>
        </TextEquiv>
      </TextLine>
      <TextLine id="eSc_line_9d79f785" custom="structure {type:default;}">
        <Coords points="143,2811 145,2844 187,2826 234,2835 291,2844 293,2844 296,2844 298,2844 326,2826 326,2811 326,2744 269,2742 267,2742 265,2742 262,2742 262,2744 245,2760 225,2782 143,2782 143,2811"/>
        <Baseline points="143,2811 326,2811"/>
        <TextEquiv conf="0.900718092918396">
          <Unicode>„ 8.</Unicode>
        </TextEquiv>
      </TextLine>
      <TextLine id="eSc_line_75f23313" custom="structure {type:default;}">
        <Coords points="665,2813 665,2835 2620,2837 2624,2806 2618,2778 662,2782 665,2813"/>
        <Baseline points="665,2813 2624,2806"/>
        <TextEquiv conf="0.993526615114773">
          <Unicode>14696 Monasterium Ficiclense tuendum suscipit eiusque possessiones et iura confirmat,</Unicode>
        </TextEquiv>
      </TextLine>
      <TextLine id="eSc_line_d7c22a8b" custom="structure {type:default;}">
        <Coords points="444,2822 444,2873 536,2877 536,2817 530,2760 441,2775 444,2822"/>
        <Baseline points="444,2822 536,2817"/>
        <TextEquiv conf="0.9999997615814209">
          <Unicode>„</Unicode>
        </TextEquiv>
      </TextLine>
      <TextLine id="eSc_line_b1d5a177" custom="structure {type:default;}">
        <Coords points="715,2866 715,2895 2624,2888 2626,2862 2622,2833 843,2824 841,2824 713,2835 715,2866"/>
        <Baseline points="715,2866 2626,2862"/>
        <TextEquiv conf="0.9924839352950071">
          <Unicode>petente Gregorio abbate. Pflugk-Harttung Acta III. 296. — „Licet omnium eccle-</Unicode>
        </TextEquiv>
      </TextLine>
      <TextLine id="eSc_line_d370077d" custom="structure {type:default;}">
        <Coords points="711,2921 711,2934 835,2948 837,2948 839,2948 908,2928 908,2915 901,2886 709,2890 711,2921"/>
        <Baseline points="711,2921 908,2915"/>
        <TextEquiv conf="0.9533596113324165">
          <Unicode>siarum“.</Unicode>
        </TextEquiv>
      </TextLine>
      <TextLine id="eSc_line_8fe54120" custom="structure {type:default;}">
        <Coords points="665,2974 665,2998 2629,2998 2629,2974 2629,2945 665,2937 665,2974"/>
        <Baseline points="665,2974 2629,2974"/>
        <TextEquiv conf="0.9979888193829115">
          <Unicode>14697 M(iloni) abbati et canonicis S. Stephani Divionensibus significat, sese precibus</Unicode>
        </TextEquiv>
      </TextLine>
      <TextLine id="eSc_line_3fca1e81" custom="structure {type:default;}">
        <Coords points="143,2976 143,3014 333,2992 333,2972 324,2906 265,2926 141,2926 143,2976"/>
        <Baseline points="143,2976 333,2972"/>
        <TextEquiv conf="0.9999568819999695">
          <Unicode>„ 11.</Unicode>
        </TextEquiv>
      </TextLine>
      <TextLine id="eSc_line_a787a688" custom="structure {type:default;}">
        <Coords points="430,2979 428,2998 481,3014 483,3014 486,3014 488,3014 490,3014 490,3012 501,3003 505,3001 508,3003 519,3012 519,3014 521,3014 523,3014 525,3014 528,3014 530,3014 536,3007 539,2983 536,2950 430,2950 430,2979"/>
        <Baseline points="430,2979 539,2983"/>
        <TextEquiv conf="0.9999576807022095">
          <Unicode>„</Unicode>
        </TextEquiv>
      </TextLine>
      <TextLine id="eSc_line_47900c9b" custom="structure {type:default;}">
        <Coords points="715,3025 715,3054 2624,3051 2626,3029 2624,2998 715,2994 715,3025"/>
        <Baseline points="715,3025 2626,3029"/>
        <TextEquiv conf="0.9914237137498527">
          <Unicode>HIugonis ducis Burgundiae se inelinasse, ut in capella eius Divioni constucta, deceden-</Unicode>
        </TextEquiv>
      </TextLine>
      <TextLine id="eSc_line_2bdfb445" custom="structure {type:default;}">
        <Coords points="715,3085 715,3109 2626,3109 2626,3085 2626,3056 715,3049 715,3085"/>
        <Baseline points="715,3085 2626,3085"/>
        <TextEquiv conf="0.997793643614825">
          <Unicode>tibus canonicis secularibus, regulares ibidem instituantur. Fyot Hist. de St. Etienne</Unicode>
        </TextEquiv>
      </TextLine>
      <TextLine id="eSc_line_3ce600e1" custom="structure {type:default;}">
        <Coords points="713,3138 713,3155 753,3168 755,3168 757,3168 760,3168 782,3157 843,3168 846,3171 1071,3171 1071,3168 1073,3168 1075,3168 1091,3157 1173,3168 1175,3168 1177,3168 1212,3157 1749,3168 1752,3168 1853,3155 1853,3138 1853,3111 713,3111 713,3138"/>
        <Baseline points="713,3138 1853,3138"/>
        <TextEquiv conf="0.9811679222145859">
          <Unicode>de Di;on, Pr. p. 151. — „Officii nostri debitum“.</Unicode>
        </TextEquiv>
      </TextLine>
      <TextLine id="eSc_line_5c0b3a04" custom="structure {type:default;}">
        <Coords points="145,3193 145,3210 298,3226 300,3226 302,3226 304,3226 326,3208 326,3188 324,3160 260,3142 258,3142 256,3142 254,3142 218,3162 214,3164 143,3164 145,3193"/>
        <Baseline points="145,3193 326,3188"/>
        <TextEquiv conf="0.9996858477592468">
          <Unicode>„ 16.</Unicode>
        </TextEquiv>
      </TextLine>
      <TextLine id="eSc_line_647e3628" custom="structure {type:default;}">
        <Coords points="662,3195 662,3219 2626,3219 2626,3195 2626,3162 662,3162 662,3195"/>
        <Baseline points="662,3195 2626,3195"/>
        <TextEquiv conf="0.9994645283882877">
          <Unicode>14698 Monasterii S. Albini protectionem suscipit, ac regulam S. Benedicti „secundum</Unicode>
        </TextEquiv>
      </TextLine>
      <TextLine id="eSc_line_0224ebd1" custom="structure {type:default;}">
        <Coords points="452,3204 452,3210 490,3224 492,3224 494,3224 497,3224 541,3206 541,3199 534,3171 450,3173 452,3204"/>
        <Baseline points="452,3204 541,3199"/>
        <TextEquiv conf="0.9998569488525391">
          <Unicode>„</Unicode>
        </TextEquiv>
      </TextLine>
      <TextLine id="eSc_line_fd1285e8" custom="structure {type:default;}">
        <Coords points="715,3248 715,3272 2624,3272 2624,3248 2624,3219 715,3219 715,3248"/>
        <Baseline points="715,3248 2624,3248"/>
        <TextEquiv conf="0.9957784617819437">
          <Unicode>institutionem fratrum Beccensium“ et possessiones confirmat, petente Petro priore.</Unicode>
        </TextEquiv>
      </TextLine>
      <TextLine id="eSc_line_d8ccaef6" custom="structure {type:default;}">
        <Coords points="715,3299 713,3321 2622,3327 2626,3303 2624,3274 715,3270 715,3299"/>
        <Baseline points="715,3299 2626,3303"/>
        <TextEquiv conf="0.9887391680694488">
          <Unicode>(Fragmentum.) In bibl. nat. Paris. ms. lat. 13905. f. 2b et 40. — „Quotiens a nobis</Unicode>
        </TextEquiv>
      </TextLine>
      <TextLine id="eSc_line_3a84b04b" custom="structure {type:default;}">
        <Coords points="713,3356 713,3376 804,3385 806,3385 919,3365 919,3352 912,3321 711,3323 713,3356"/>
        <Baseline points="713,3356 919,3352"/>
        <TextEquiv conf="0.9999953375922309">
          <Unicode>petitur“.</Unicode>
        </TextEquiv>
      </TextLine>
      <TextLine id="eSc_line_72487645" custom="structure {type:default;}">
        <Coords points="150,3411 150,3467 207,3467 245,3493 282,3524 285,3524 287,3524 289,3524 342,3522 342,3407 338,3361 265,3345 262,3345 260,3345 258,3345 258,3347 240,3365 229,3376 148,3372 150,3411"/>
        <Baseline points="150,3411 342,3407"/>
        <TextEquiv conf="1.0">
          <Unicode>„</Unicode>
        </TextEquiv>
      </TextLine>
      <TextLine id="eSc_line_cd44db06" custom="structure {type:default;}">
        <Coords points="665,3411 665,3436 2626,3436 2626,3411 2626,3380 665,3372 665,3411"/>
        <Baseline points="665,3411 2626,3411"/>
        <TextEquiv conf="0.9877176634967327">
          <Unicode>14699 Leprosorum S. Mariae Magdalenae de Quercu possessiones confirmat. Ex char-</Unicode>
        </TextEquiv>
      </TextLine>
      <TextLine id="eSc_line_423c6cf8" custom="structure {type:default;}">
        <Coords points="430,3418 433,3491 530,3467 530,3416 525,3387 475,3385 428,3358 430,3418"/>
        <Baseline points="430,3418 530,3416"/>
        <TextEquiv conf="0.53035569190979">
          <Unicode>„</Unicode>
        </TextEquiv>
      </TextLine>
      <TextLine id="eSc_line_0d92cf7d" custom="structure {type:default;}">
        <Coords points="715,3467 715,3495 2626,3493 2626,3467 2626,3438 715,3438 715,3467"/>
        <Baseline points="715,3467 2626,3467"/>
        <TextEquiv conf="0.9897381600211649">
          <Unicode>tular. de Pontieu ms. lat. 10112. f. 382 in bibl. nat. Paris. Misit Delisle. — „Licet</Unicode>
        </TextEquiv>
      </TextLine>
      <TextLine id="eSc_line_c2a8d311" custom="structure {type:default;}">
        <Coords points="715,3522 715,3559 784,3577 786,3577 788,3577 790,3577 790,3575 806,3559 808,3557 821,3559 903,3573 905,3573 972,3557 972,3515 965,3486 713,3486 715,3522"/>
        <Baseline points="715,3522 972,3515"/>
        <TextEquiv conf="0.9781836325472052">
          <Unicode>universos“.</Unicode>
        </TextEquiv>
      </TextLine>
      <TextLine id="eSc_line_ad1aa70b" custom="structure {type:default;}">
        <Coords points="2348,3570 2339,3544 2260,3544 2262,3584 2262,3630 2355,3630 2355,3579 2350,3566 2348,3570"/>
        <Baseline points="2262,3584 2355,3579"/>
        <TextEquiv conf="0.9999911387761434">
          <Unicode>86*</Unicode>
        </TextEquiv>
      </TextLine>
    </TextRegion>
    <TextRegion id="eSc_textblock_9a17b1d2"  custom="structure {type:default;}">
      <Coords points="974,167 1727,167 1754,253 1639,280 963,280 927,220 974,167"/>
      <TextLine id="eSc_line_c1277b88" custom="structure {type:default;}">
        <Coords points="956,238 956,253 1018,271 1020,271 1022,271 1146,269 1148,269 1177,258 1186,253 1210,258 1279,269 1281,269 1283,269 1316,258 1343,251 1385,260 1436,269 1438,269 1480,260 1535,249 1566,249 1579,262 1581,262 1581,265 1584,265 1586,265 1588,265 1727,262 1727,229 1723,187 1610,174 1608,174 1548,187 1526,192 1493,187 1427,178 1425,178 1369,187 1336,194 1316,189 1283,178 1281,178 1230,178 1228,178 1226,178 1224,178 1224,181 1212,189 1206,194 1175,189 1098,178 1095,178 954,189 956,238"/>
        <Baseline points="956,238 1727,229"/>
        <TextEquiv conf="0.9714488050212031">
          <Unicode>1170118 III. 1181—1185.</Unicode>
        </TextEquiv>
      </TextLine>
    </TextRegion>
    <TextRegion id="eSc_textblock_461f3ce4"  custom="structure {type:default;}">
      <Coords points="2536,176 2644,185 2662,245 2600,280 2505,271 2487,212 2536,176"/>
      <TextLine id="eSc_line_b021cfb5" custom="structure {type:default;}">
        <Coords points="2618,183 2596,181 2573,178 2562,176 2527,178 2507,194 2512,238 2516,346 2631,346 2626,231 2620,183 2618,183"/>
        <Baseline points="2512,238 2626,231"/>
        <TextEquiv conf="0.977238267660141">
          <Unicode>15</Unicode>
        </TextEquiv>
      </TextLine>
    </TextRegion>
  </Page>
</PcGts>
