<?xml version="1.0" encoding="UTF-8"  standalone="yes"?>
<PcGts xmlns="http://schema.primaresearch.org/PAGE/gts/pagecontent/2019-07-15" xmlns:xsi="http://www.w3.org/2001/XMLSchema-instance" xsi:schemaLocation="http://schema.primaresearch.org/PAGE/gts/pagecontent/2019-07-15 http://schema.primaresearch.org/PAGE/gts/pagecontent/2019-07-15/pagecontent.xsd">
  <Metadata externalRef="pdf//regestapontificu02cath.pdf">
	<Creator>escriptorium</Creator>
	<Created>2026-01-31T10:38:18.841940+00:00</Created>
        <LastChange>2026-02-04T23:02:54.627273+00:00</LastChange>
  </Metadata>
  <Page imageFilename="regestapontificu02cath.pdf_page_462.png" imageWidth="3007" imageHeight="3975">
    <TextRegion id="eSc_textblock_b1ba3841"  custom="structure {type:default;}">
      <Coords points="355,150 466,159 475,218 335,245 318,159 355,150"/>
      <TextLine id="eSc_line_028a8131" custom="structure {type:default;}">
        <Coords points="377,150 375,150 333,163 338,209 338,240 455,240 455,203 450,161 382,150 377,150"/>
        <Baseline points="338,209 455,203"/>
        <TextEquiv conf="0.9999953905741373">
          <Unicode>450</Unicode>
        </TextEquiv>
      </TextLine>
    </TextRegion>
    <TextRegion id="eSc_textblock_2a2f1618"  custom="structure {type:default;}">
      <Coords points="2766,282 2865,282 2900,335 2892,3522 963,3531 881,3495 318,3486 309,326 335,300 2766,282"/>
      <TextLine id="eSc_line_7a9f2b09" custom="structure {type:default;}">
        <Coords points="1098,293 1091,293 1051,315 923,295 921,295 919,295 877,318 879,362 879,379 1208,375 1208,355 1204,315 1109,293 1098,293"/>
        <Baseline points="879,362 1208,355"/>
        <TextEquiv conf="0.9998948574066162">
          <Unicode>1182—1183.</Unicode>
        </TextEquiv>
      </TextLine>
      <TextLine id="eSc_line_527b2535" custom="structure {type:default;}">
        <Coords points="353,421 353,443 492,443 494,446 521,470 521,472 523,472 525,472 528,474 570,474 570,472 572,472 574,472 574,470 598,446 603,441 631,446 671,450 691,468 691,470 693,470 695,470 698,470 795,468 797,468 799,468 826,448 826,417 824,373 768,351 766,351 764,351 645,364 609,346 607,346 605,346 541,348 539,348 508,364 486,373 351,359 353,421"/>
        <Baseline points="353,421 826,417"/>
        <TextEquiv conf="0.9473060127347708">
          <Unicode>Lan. 2. Vehenri.</Unicode>
        </TextEquiv>
      </TextLine>
      <TextLine id="eSc_line_511b754a" custom="structure {type:default;}">
        <Coords points="908,421 908,446 2874,446 2876,417 2870,362 905,371 908,421"/>
        <Baseline points="908,421 2876,417"/>
        <TextEquiv conf="0.9991269328377463">
          <Unicode>14799 (9521) (Willelmo) archiepiscopo Remensi. S. Sabinae cardinali, interdicit, ne quos</Unicode>
        </TextEquiv>
      </TextLine>
      <TextLine id="eSc_line_cdcf62fa" custom="structure {type:default;}">
        <Coords points="961,474 958,496 1031,510 1034,510 1584,503 1767,501 1822,505 1919,512 1922,514 2872,514 2874,479 2872,448 961,439 961,474"/>
        <Baseline points="961,474 2874,479"/>
        <TextEquiv conf="0.9970570501159219">
          <Unicode>Ph(ilippus) episcopus Bellovacensis excommunicaverit, absolvat. Martene Thes. I. 622,</Unicode>
        </TextEquiv>
      </TextLine>
      <TextLine id="eSc_line_cbdcb012" custom="structure {type:default;}">
        <Coords points="961,532 961,552 1915,549 1915,532 1913,499 961,499 961,532"/>
        <Baseline points="961,532 1915,532"/>
        <TextEquiv conf="0.9987703715051923">
          <Unicode>Migne 201 p. 1173. — „Cum quantum“.</Unicode>
        </TextEquiv>
      </TextLine>
      <TextLine id="eSc_line_fd1f1e1c" custom="structure {type:default;}">
        <Coords points="388,594 388,607 466,602 503,627 517,636 519,636 521,636 523,638 576,638 576,589 572,558 477,538 475,538 472,538 470,538 470,541 450,560 448,563 386,563 388,594"/>
        <Baseline points="388,594 576,589"/>
        <TextEquiv conf="0.9069480895996094">
          <Unicode>„ 3.</Unicode>
        </TextEquiv>
      </TextLine>
      <TextLine id="eSc_line_7632fd7f" custom="structure {type:default;}">
        <Coords points="680,596 680,616 726,633 729,633 731,633 733,633 735,633 735,631 755,611 757,611 784,611 784,596 782,565 680,565 680,596"/>
        <Baseline points="680,596 784,596"/>
        <TextEquiv conf="1.0">
          <Unicode>„</Unicode>
        </TextEquiv>
      </TextLine>
      <TextLine id="eSc_line_95552aa7" custom="structure {type:default;}">
        <Coords points="912,585 912,609 2876,609 2876,585 2876,549 912,549 912,585"/>
        <Baseline points="912,585 2876,585"/>
        <TextEquiv conf="0.9937108095954447">
          <Unicode>14800 Priori et canonicis Toletanis nuntiat, Nicolaum Pandulphi et Benedictum fratrem</Unicode>
        </TextEquiv>
      </TextLine>
      <TextLine id="eSc_line_4db1501d" custom="structure {type:default;}">
        <Coords points="963,642 963,664 2872,658 2874,636 2870,609 961,609 963,642"/>
        <Baseline points="963,642 2874,636"/>
        <TextEquiv conf="0.9947825849056244">
          <Unicode>b. m. Girardi de Huberto, cives Romanos, pecuniam P. presbytero cardinali, quon-</Unicode>
        </TextEquiv>
      </TextLine>
      <TextLine id="eSc_line_7898ee97" custom="structure {type:default;}">
        <Coords points="961,695 961,719 2872,722 2874,695 2874,664 961,664 961,695"/>
        <Baseline points="961,695 2874,695"/>
        <TextEquiv conf="0.991130730509758">
          <Unicode>dam electo Toletano creditam, in sua praesentia recepisse. Neues Archiv VI. 294.</Unicode>
        </TextEquiv>
      </TextLine>
      <TextLine id="eSc_line_88953ecd" custom="structure {type:default;}">
        <Coords points="958,750 958,768 1301,779 1303,779 1305,779 1336,764 1338,764 1341,764 1372,777 1374,777 1376,779 1491,779 1491,777 1493,777 1531,761 1531,744 1524,713 956,717 958,750"/>
        <Baseline points="958,750 1531,744"/>
        <TextEquiv conf="0.999502112865448">
          <Unicode>— „Presentibus litteris“.</Unicode>
        </TextEquiv>
      </TextLine>
      <TextLine id="eSc_line_0be71471" custom="structure {type:default;}">
        <Coords points="380,814 380,867 481,881 483,881 592,856 592,810 585,735 459,761 377,757 380,814"/>
        <Baseline points="380,814 592,810"/>
        <TextEquiv conf="0.9866685668627421">
          <Unicode>„„.</Unicode>
        </TextEquiv>
      </TextLine>
      <TextLine id="eSc_line_af5fcf3a" custom="structure {type:default;}">
        <Coords points="667,814 667,825 684,839 687,839 689,839 691,839 762,834 762,814 762,781 733,781 724,770 704,753 704,750 702,750 700,750 698,750 667,755 667,814"/>
        <Baseline points="667,814 762,814"/>
        <TextEquiv conf="1.0">
          <Unicode>„</Unicode>
        </TextEquiv>
      </TextLine>
      <TextLine id="eSc_line_429601ed" custom="structure {type:default;}">
        <Coords points="910,803 910,828 2870,823 2872,799 2867,764 2783,750 2781,750 2779,750 2748,761 2509,750 2507,750 2386,761 2101,750 2098,750 2012,761 1946,750 1944,750 1020,764 950,753 947,753 945,753 908,764 910,803"/>
        <Baseline points="910,803 2872,799"/>
        <TextEquiv conf="0.9946115591439856">
          <Unicode>14801 Rectoribus Lombardiae, Marchiae et Romagnolae significat, audivisse se, Arde-</Unicode>
        </TextEquiv>
      </TextLine>
      <TextLine id="eSc_line_4b30f946" custom="structure {type:default;}">
        <Coords points="963,861 963,883 1590,894 1592,894 1595,894 1597,894 1610,883 1615,881 1650,883 1756,892 1758,892 1862,883 1897,881 1911,883 1946,892 1948,892 1950,892 2874,881 2876,854 2870,828 961,830 963,861"/>
        <Baseline points="963,861 2876,854"/>
        <TextEquiv conf="0.9953773588310053">
          <Unicode>ricum de Sala, postestatem, et consules Laudenses contra prohibitionem A(lberici)</Unicode>
        </TextEquiv>
      </TextLine>
      <TextLine id="eSc_line_dee4a4af" custom="structure {type:default;}">
        <Coords points="963,916 963,940 2874,936 2876,909 2870,878 961,883 963,916"/>
        <Baseline points="963,916 2876,909"/>
        <TextEquiv conf="0.9999991993845245">
          <Unicode>episcopi, ecclesiis importabilia onera imponere et „praetextu banni“ pecuniam eis</Unicode>
        </TextEquiv>
      </TextLine>
      <TextLine id="eSc_line_33e97d59" custom="structure {type:default;}">
        <Coords points="961,969 961,991 2876,987 2878,965 2874,934 1034,925 1031,925 958,936 961,969"/>
        <Baseline points="961,969 2878,965"/>
        <TextEquiv conf="0.9956752385001585">
          <Unicode>auferre; unde factum esse, quod memoratus episcopus de mandato A(lgisii), archiepi-</Unicode>
        </TextEquiv>
      </TextLine>
      <TextLine id="eSc_line_0b730b15" custom="structure {type:default;}">
        <Coords points="963,1024 963,1048 2876,1042 2878,1018 2872,991 961,995 963,1024"/>
        <Baseline points="963,1024 2878,1018"/>
        <TextEquiv conf="0.9996367203337806">
          <Unicode>scopi Mediolanensis, potestatem eiusque consiliarios excommunicationi et totam civi-</Unicode>
        </TextEquiv>
      </TextLine>
      <TextLine id="eSc_line_e13fefb3" custom="structure {type:default;}">
        <Coords points="963,1082 963,1108 2876,1101 2878,1075 2872,1046 961,1048 963,1082"/>
        <Baseline points="963,1082 2878,1075"/>
        <TextEquiv conf="0.9997139778875169">
          <Unicode>tatem interdicto supposuisset; praeterca consules et populum Mutinenses possessioni-</Unicode>
        </TextEquiv>
      </TextLine>
      <TextLine id="eSc_line_d48210cf" custom="structure {type:default;}">
        <Coords points="963,1135 963,1157 2878,1152 2881,1130 2874,1095 961,1101 963,1135"/>
        <Baseline points="963,1135 2881,1130"/>
        <TextEquiv conf="0.9948395624756813">
          <Unicode>bus ecclesiasticis legem nequissimam iniunxisse nec adhuc, quamquam per litteras</Unicode>
        </TextEquiv>
      </TextLine>
      <TextLine id="eSc_line_13f1b913" custom="structure {type:default;}">
        <Coords points="961,1190 961,1212 2874,1207 2876,1183 2872,1157 2238,1146 2235,1146 2174,1157 1071,1150 1069,1150 958,1161 961,1190"/>
        <Baseline points="961,1190 2876,1183"/>
        <TextEquiv conf="0.9981443314667208">
          <Unicode>apostolicas admoniti essent, a pravitate discessisse. Mandat, ut ecclesiis auxilium</Unicode>
        </TextEquiv>
      </TextLine>
      <TextLine id="eSc_line_61528fc7" custom="structure {type:default;}">
        <Coords points="961,1245 961,1272 2878,1272 2881,1241 2874,1212 958,1214 961,1245"/>
        <Baseline points="961,1245 2881,1241"/>
        <TextEquiv conf="0.9937563725682192">
          <Unicode>porrigant earumque malefactores ad satisfactionem adducant. Cappelletti Chiese d&#x27;Ital.</Unicode>
        </TextEquiv>
      </TextLine>
      <TextLine id="eSc_line_d08664e4" custom="structure {type:default;}">
        <Coords points="965,1298 965,1320 2878,1322 2881,1298 2881,1267 965,1265 965,1298"/>
        <Baseline points="965,1298 2881,1298"/>
        <TextEquiv conf="0.9928469856580099">
          <Unicode>XII. 351, De Angeli et Timolati Lodi p. 157, Vignati Stor. dipl. della lega Lomb.</Unicode>
        </TextEquiv>
      </TextLine>
      <TextLine id="eSc_line_7aad5e73" custom="structure {type:default;}">
        <Coords points="961,1358 961,1378 2474,1373 2476,1353 2474,1322 2450,1309 2448,1309 2445,1309 2443,1309 2441,1309 2425,1320 2311,1309 2308,1309 2070,1320 2045,1309 2043,1309 2041,1309 2039,1309 2006,1322 1778,1322 1734,1309 1732,1309 1729,1309 1727,1309 1725,1309 1712,1322 1679,1311 1676,1311 1674,1311 1672,1311 1670,1311 1657,1322 1157,1311 1155,1311 1153,1311 1124,1322 1042,1311 1040,1311 958,1325 961,1358"/>
        <Baseline points="961,1358 2476,1353"/>
        <TextEquiv conf="0.9983401639120919">
          <Unicode>p. 342, Vignati Cod. dipl. Laud. II. 124. — „Cum pro servanda“.</Unicode>
        </TextEquiv>
      </TextLine>
      <TextLine id="eSc_line_84963fdc" custom="structure {type:default;}">
        <Coords points="386,1415 386,1428 578,1444 581,1444 583,1444 618,1424 618,1411 612,1325 523,1327 521,1327 477,1347 437,1364 384,1364 386,1415"/>
        <Baseline points="386,1415 618,1411"/>
        <TextEquiv conf="0.9999364018440247">
          <Unicode>„ 8.</Unicode>
        </TextEquiv>
      </TextLine>
      <TextLine id="eSc_line_df8617cb" custom="structure {type:default;}">
        <Coords points="678,1411 676,1464 775,1464 779,1415 779,1366 735,1351 733,1351 731,1351 729,1351 678,1364 678,1411"/>
        <Baseline points="678,1411 779,1415"/>
        <TextEquiv conf="1.0">
          <Unicode>„</Unicode>
        </TextEquiv>
      </TextLine>
      <TextLine id="eSc_line_687dfa3b" custom="structure {type:default;}">
        <Coords points="912,1408 912,1433 2881,1426 2883,1402 2878,1373 910,1369 912,1408"/>
        <Baseline points="912,1408 2883,1402"/>
        <TextEquiv conf="0.9941901571610394">
          <Unicode>14802 Ecclesiae Magalonensis ecclesias quasdam, „ad ius episcopale specialiter reser-</Unicode>
        </TextEquiv>
      </TextLine>
      <TextLine id="eSc_line_72bf8cbc" custom="structure {type:default;}">
        <Coords points="965,1466 965,1490 2876,1492 2881,1459 2874,1428 963,1433 965,1466"/>
        <Baseline points="965,1466 2881,1459"/>
        <TextEquiv conf="0.9899569080117043">
          <Unicode>vatas“, confirmat, petente lohanne episcopo. In bibl. nat. Paris. ms. lat. 14688. f. 70“.</Unicode>
        </TextEquiv>
      </TextLine>
      <TextLine id="eSc_line_f78885f9" custom="structure {type:default;}">
        <Coords points="965,1517 965,1539 1707,1539 1707,1517 1707,1488 965,1488 965,1517"/>
        <Baseline points="965,1517 1707,1517"/>
        <TextEquiv conf="0.9997776988893747">
          <Unicode>— „Iustis petentium desideriis“.</Unicode>
        </TextEquiv>
      </TextLine>
      <TextLine id="eSc_line_27404634" custom="structure {type:default;}">
        <Coords points="386,1581 386,1614 424,1614 424,1612 426,1612 428,1612 435,1605 457,1587 497,1596 534,1603 536,1603 539,1603 589,1581 589,1574 585,1521 512,1510 510,1510 508,1510 505,1510 492,1523 479,1534 428,1539 384,1525 386,1581"/>
        <Baseline points="386,1581 589,1574"/>
        <TextEquiv conf="0.9506005793809891">
          <Unicode>„ 9.</Unicode>
        </TextEquiv>
      </TextLine>
      <TextLine id="eSc_line_8aa18c08" custom="structure {type:default;}">
        <Coords points="689,1576 687,1616 720,1636 722,1636 724,1636 726,1636 729,1636 795,1601 797,1578 793,1517 748,1534 689,1534 689,1576"/>
        <Baseline points="689,1576 797,1578"/>
        <TextEquiv conf="1.0">
          <Unicode>„</Unicode>
        </TextEquiv>
      </TextLine>
      <TextLine id="eSc_line_9ef682ba" custom="structure {type:default;}">
        <Coords points="910,1576 910,1598 2878,1590 2881,1567 2876,1530 2772,1517 2770,1517 2587,1530 2580,1530 2576,1530 2481,1517 2478,1517 2388,1532 2379,1532 2370,1532 2313,1519 2050,1519 2048,1519 2045,1519 2043,1519 2021,1532 2019,1532 1769,1521 1767,1521 1765,1521 1714,1534 1683,1521 1681,1521 1679,1521 1676,1521 1634,1534 1632,1537 1226,1537 1221,1537 1137,1525 1135,1525 1060,1537 938,1523 936,1523 934,1523 908,1534 910,1576"/>
        <Baseline points="910,1576 2881,1567"/>
        <TextEquiv conf="0.9974302439128652">
          <Unicode>14803 (9525) Ecclesiae S. Iohannis Wirzeburgensis protectionem suscipit ac possessio-</Unicode>
        </TextEquiv>
      </TextLine>
      <TextLine id="eSc_line_c696523d" custom="structure {type:default;}">
        <Coords points="963,1629 963,1654 1683,1662 1685,1662 1687,1662 1721,1651 1723,1651 1725,1651 1741,1662 1743,1662 1745,1662 1747,1665 1926,1665 1926,1662 2129,1651 2134,1651 2136,1651 2233,1662 2235,1662 2876,1647 2878,1623 2874,1596 1601,1587 1599,1587 1542,1598 1177,1590 1175,1590 961,1601 963,1629"/>
        <Baseline points="963,1629 2878,1623"/>
        <TextEquiv conf="0.993662889850767">
          <Unicode>nes quasdam confirmat. Pflugk-Harttung Acta I. 308, (Lang Regesta I. 319). —</Unicode>
        </TextEquiv>
      </TextLine>
      <TextLine id="eSc_line_d7693820" custom="structure {type:default;}">
        <Coords points="965,1684 965,1704 1051,1715 1053,1715 1243,1702 1263,1702 1272,1702 1354,1713 1356,1713 1414,1700 1416,1680 1409,1647 963,1649 965,1684"/>
        <Baseline points="965,1684 1416,1680"/>
        <TextEquiv conf="0.9999891132116318">
          <Unicode>„Apostolicae sedis“.</Unicode>
        </TextEquiv>
      </TextLine>
      <TextLine id="eSc_line_75a93e8e" custom="structure {type:default;}">
        <Coords points="393,1737 393,1755 581,1762 583,1737 583,1711 492,1698 490,1698 488,1698 486,1698 486,1700 475,1711 393,1711 393,1737"/>
        <Baseline points="393,1737 583,1737"/>
        <TextEquiv conf="0.9948410511016845">
          <Unicode>„ 11.</Unicode>
        </TextEquiv>
      </TextLine>
      <TextLine id="eSc_line_fbdea290" custom="structure {type:default;}">
        <Coords points="698,1746 698,1757 715,1771 718,1771 720,1771 722,1771 724,1771 773,1753 773,1746 773,1720 698,1720 698,1746"/>
        <Baseline points="698,1746 773,1746"/>
        <TextEquiv conf="0.9992111027240753">
          <Unicode>„)</Unicode>
        </TextEquiv>
      </TextLine>
      <TextLine id="eSc_line_21eb9836" custom="structure {type:default;}">
        <Coords points="912,1737 912,1757 2883,1753 2883,1733 2878,1698 1897,1687 1895,1687 910,1700 912,1737"/>
        <Baseline points="912,1737 2883,1733"/>
        <TextEquiv conf="0.9941670153199172">
          <Unicode>14804 Capitulo S. Hilarii Pictaviensis interdicit, ne qua iuramenta a canonicandis</Unicode>
        </TextEquiv>
      </TextLine>
      <TextLine id="eSc_line_fdefaf16" custom="structure {type:default;}">
        <Coords points="963,1790 963,1815 1586,1824 1588,1824 1590,1824 1592,1824 1604,1813 1606,1813 1908,1813 1911,1813 1944,1824 1946,1824 1948,1826 2158,1826 2158,1824 2255,1810 2269,1810 2275,1810 2317,1821 2319,1821 2322,1821 2450,1810 2465,1810 2483,1810 2671,1821 2673,1821 2730,1810 2733,1810 2821,1821 2823,1821 2876,1808 2878,1784 2872,1757 961,1762 963,1790"/>
        <Baseline points="963,1790 2878,1784"/>
        <TextEquiv conf="0.9987382339192675">
          <Unicode>exigat. Assensum omnium residentium canonicorum in alicuius receptione requi-</Unicode>
        </TextEquiv>
      </TextLine>
      <TextLine id="eSc_line_17e2cb02" custom="structure {type:default;}">
        <Coords points="965,1848 965,1872 2876,1874 2878,1848 2878,1815 965,1815 965,1848"/>
        <Baseline points="965,1848 2878,1848"/>
        <TextEquiv conf="0.9941995185964247">
          <Unicode>rere, contra decretum Lateranensis esse concilii scribit. Mém. de la soc. des antiqu.</Unicode>
        </TextEquiv>
      </TextLine>
      <TextLine id="eSc_line_af450d30" custom="structure {type:default;}">
        <Coords points="963,1903 963,1925 2496,1919 2498,1896 2492,1866 961,1870 963,1903"/>
        <Baseline points="963,1903 2498,1896"/>
        <TextEquiv conf="0.9949185710686904">
          <Unicode>de l&#x27;ouest, année 1847 p. 194. — „Sicut rationabiles ecclesiarum“</Unicode>
        </TextEquiv>
      </TextLine>
      <TextLine id="eSc_line_62fcd644" custom="structure {type:default;}">
        <Coords points="388,1958 388,1969 552,1978 554,1978 556,1978 558,1978 574,1963 574,1954 572,1919 505,1901 503,1901 501,1901 499,1901 497,1901 497,1903 472,1923 468,1930 386,1930 388,1958"/>
        <Baseline points="388,1958 574,1954"/>
        <TextEquiv conf="0.9264169573783875">
          <Unicode>„ 15.</Unicode>
        </TextEquiv>
      </TextLine>
      <TextLine id="eSc_line_5b4c553a" custom="structure {type:default;}">
        <Coords points="702,1963 702,1978 768,1983 771,1963 771,1936 702,1923 702,1963"/>
        <Baseline points="702,1963 771,1963"/>
        <TextEquiv conf="1.0">
          <Unicode>„</Unicode>
        </TextEquiv>
      </TextLine>
      <TextLine id="eSc_line_21feebe4" custom="structure {type:default;}">
        <Coords points="912,1958 912,1989 2878,1978 2881,1952 2878,1921 2847,1908 2845,1908 2598,1908 2596,1908 2593,1908 2547,1919 2481,1908 2478,1908 2476,1908 2439,1919 2430,1919 2204,1910 2202,1910 2200,1910 2176,1919 2167,1921 910,1916 912,1958"/>
        <Baseline points="912,1958 2881,1952"/>
        <TextEquiv conf="0.9910184252692993">
          <Unicode>14805 Episcopo et G. de Bamboos archidiacono Pampilunensibus mandat, iudicent inter</Unicode>
        </TextEquiv>
      </TextLine>
      <TextLine id="eSc_line_8f3efa80" custom="structure {type:default;}">
        <Coords points="963,2011 963,2036 2874,2038 2878,2007 2872,1980 961,1983 963,2011"/>
        <Baseline points="963,2011 2878,2007"/>
        <TextEquiv conf="0.9999636783228292">
          <Unicode>abbatem S. Iohannis Pinnensem et priorem de Artaxona, super decimis quibusdam</Unicode>
        </TextEquiv>
      </TextLine>
      <TextLine id="eSc_line_9139f130" custom="structure {type:default;}">
        <Coords points="963,2067 963,2093 2485,2084 2487,2062 2481,2033 961,2036 963,2067"/>
        <Baseline points="963,2067 2487,2062"/>
        <TextEquiv conf="0.9938622703627934">
          <Unicode>litigantes. Pflugk-Harttung Acta I. 308. — „Causam quae intef“.</Unicode>
        </TextEquiv>
      </TextLine>
      <TextLine id="eSc_line_d3b84324" custom="structure {type:default;}">
        <Coords points="388,2124 388,2135 397,2144 397,2146 399,2146 402,2146 404,2146 406,2146 450,2131 503,2144 505,2144 508,2144 554,2142 556,2142 558,2142 558,2139 572,2124 572,2117 570,2091 539,2078 536,2078 534,2078 386,2095 388,2124"/>
        <Baseline points="388,2124 572,2117"/>
        <TextEquiv conf="0.9999996900558472">
          <Unicode>„ 19.</Unicode>
        </TextEquiv>
      </TextLine>
      <TextLine id="eSc_line_017154c8" custom="structure {type:default;}">
        <Coords points="700,2124 698,2133 771,2150 775,2128 773,2100 700,2095 700,2124"/>
        <Baseline points="700,2124 775,2128"/>
        <TextEquiv conf="0.9222888052463531">
          <Unicode>„„</Unicode>
        </TextEquiv>
      </TextLine>
      <TextLine id="eSc_line_d5a24481" custom="structure {type:default;}">
        <Coords points="914,2120 914,2144 2878,2144 2878,2120 2876,2082 914,2082 914,2120"/>
        <Baseline points="914,2120 2878,2120"/>
        <TextEquiv conf="0.9899802411474833">
          <Unicode>14806 Inter ecclesiam Bituricensem et Turonensem factam de monasterio Millebecensi</Unicode>
        </TextEquiv>
      </TextLine>
      <TextLine id="eSc_line_9b060b09" custom="structure {type:default;}">
        <Coords points="963,2177 963,2199 2876,2192 2878,2170 2872,2144 961,2148 963,2177"/>
        <Baseline points="963,2177 2878,2170"/>
        <TextEquiv conf="0.9997966205462431">
          <Unicode>compositionem confirmat. Ex chartul. archiep. Turon. p. 155 in Arch d&#x27;Indre et</Unicode>
        </TextEquiv>
      </TextLine>
      <TextLine id="eSc_line_aaa1377c" custom="structure {type:default;}">
        <Coords points="961,2232 961,2252 1047,2263 1049,2263 1051,2263 1091,2252 1098,2252 1363,2252 1369,2252 1462,2263 1464,2263 1467,2263 1491,2252 1537,2265 1539,2265 1542,2265 1670,2250 1687,2250 1745,2250 1747,2250 1760,2263 1763,2263 1765,2263 1767,2263 1897,2250 1904,2250 1906,2250 1922,2263 1924,2263 1926,2263 1928,2265 2105,2265 2105,2263 2107,2263 2158,2250 2187,2263 2189,2263 2191,2265 2364,2265 2364,2263 2366,2263 2410,2248 2410,2228 2406,2199 958,2199 961,2232"/>
        <Baseline points="961,2232 2410,2228"/>
        <TextEquiv conf="0.9932313731738499">
          <Unicode>Loire in Tours. Misit Delisle. — „Iustis petentium desideriis“.</Unicode>
        </TextEquiv>
      </TextLine>
      <TextLine id="eSc_line_4154c187" custom="structure {type:default;}">
        <Coords points="338,2285 338,2314 366,2327 368,2327 371,2327 428,2316 463,2312 587,2320 592,2281 585,2203 539,2206 536,2206 534,2206 494,2232 335,2221 338,2285"/>
        <Baseline points="338,2285 592,2281"/>
        <TextEquiv conf="0.9998230457305908">
          <Unicode>Mart. Lun.</Unicode>
        </TextEquiv>
      </TextLine>
      <TextLine id="eSc_line_db147297" custom="structure {type:default;}">
        <Coords points="702,2290 700,2301 731,2318 733,2318 735,2318 737,2318 764,2303 766,2294 766,2265 702,2261 702,2290"/>
        <Baseline points="702,2290 766,2294"/>
        <TextEquiv conf="1.0">
          <Unicode>„</Unicode>
        </TextEquiv>
      </TextLine>
      <TextLine id="eSc_line_189e52f7" custom="structure {type:default;}">
        <Coords points="914,2285 914,2312 2876,2307 2878,2281 2872,2248 912,2250 914,2285"/>
        <Baseline points="914,2285 2878,2281"/>
        <TextEquiv conf="0.9966995993325877">
          <Unicode>14807 (9526) Monachis S. Pancratii concedit, ne „filii eorum, qui ecclesias monasterii</Unicode>
        </TextEquiv>
      </TextLine>
      <TextLine id="eSc_line_7edef935" custom="structure {type:default;}">
        <Coords points="963,2340 963,2362 2878,2358 2881,2336 2874,2307 961,2309 963,2340"/>
        <Baseline points="963,2340 2881,2336"/>
        <TextEquiv conf="0.9998378297861885">
          <Unicode>tenuerint, ipsas ecclesias iure successionis habeant“. (Bulla Lucio II. perperam tri-</Unicode>
        </TextEquiv>
      </TextLine>
      <TextLine id="eSc_line_06358a0a" custom="structure {type:default;}">
        <Coords points="965,2398 965,2422 1170,2422 1175,2422 1195,2433 1197,2433 1199,2433 1201,2433 1204,2433 1219,2422 1221,2422 1248,2422 1497,2431 1500,2431 1590,2422 1608,2420 1612,2420 1637,2431 1639,2431 1641,2431 1694,2420 1703,2420 1714,2420 1796,2431 1798,2431 1866,2420 1875,2420 1886,2420 2003,2431 2006,2431 2118,2420 2121,2420 2123,2420 2204,2431 2207,2431 2874,2415 2876,2391 2872,2362 978,2356 976,2356 974,2356 972,2356 963,2362 965,2398"/>
        <Baseline points="965,2398 2876,2391"/>
        <TextEquiv conf="0.9909026905512198">
          <Unicode>buta). Rymer Foedera I. 14, Wilkins Concilia I. 423, Mansi XXI. 615, Migne 179</Unicode>
        </TextEquiv>
      </TextLine>
      <TextLine id="eSc_line_a42f7ecb" custom="structure {type:default;}">
        <Coords points="961,2453 961,2475 969,2484 972,2484 974,2484 976,2484 978,2484 1016,2471 1067,2484 1069,2484 1071,2484 1179,2468 1182,2468 1184,2468 1235,2482 1237,2482 1239,2482 1588,2479 1590,2479 1632,2464 1632,2446 1626,2418 958,2422 961,2453"/>
        <Baseline points="961,2453 1632,2446"/>
        <TextEquiv conf="0.999519727230072">
          <Unicode>p. 934. — „Cum simus ad“.</Unicode>
        </TextEquiv>
      </TextLine>
      <TextLine id="eSc_line_05a3157b" custom="structure {type:default;}">
        <Coords points="386,2515 386,2535 446,2535 459,2544 486,2561 488,2561 490,2561 492,2561 494,2561 534,2550 547,2546 570,2552 574,2508 570,2479 505,2468 503,2468 501,2468 477,2482 470,2486 384,2486 386,2515"/>
        <Baseline points="386,2515 574,2508"/>
        <TextEquiv conf="0.9999998013178507">
          <Unicode>„ „</Unicode>
        </TextEquiv>
      </TextLine>
      <TextLine id="eSc_line_7befc877" custom="structure {type:default;}">
        <Coords points="693,2539 768,2528 771,2510 760,2431 733,2451 691,2433 693,2513 693,2539"/>
        <Baseline points="693,2513 771,2510"/>
        <TextEquiv conf="1.0">
          <Unicode>„</Unicode>
        </TextEquiv>
      </TextLine>
      <TextLine id="eSc_line_68e4f32c" custom="structure {type:default;}">
        <Coords points="914,2504 914,2528 2878,2528 2878,2504 2878,2466 2863,2457 2861,2457 2858,2457 2856,2457 1893,2468 1787,2457 1785,2457 1782,2457 1738,2471 914,2471 914,2504"/>
        <Baseline points="914,2504 2878,2504"/>
        <TextEquiv conf="0.9963165808607031">
          <Unicode>14808 Fratribus Augustensibus (in Normannia) indulget, ut possessiones monasterii</Unicode>
        </TextEquiv>
      </TextLine>
      <TextLine id="eSc_line_63f9ee9e" custom="structure {type:default;}">
        <Coords points="963,2561 963,2583 2878,2583 2878,2561 2878,2532 963,2530 963,2561"/>
        <Baseline points="963,2561 2878,2561"/>
        <TextEquiv conf="0.9900508429630693">
          <Unicode>emptione vel aliis modis ex aliorum manibus revocare debeant. (XVII. kal. . . . .).</Unicode>
        </TextEquiv>
      </TextLine>
      <TextLine id="eSc_line_9948c256" custom="structure {type:default;}">
        <Coords points="963,2619 963,2641 2872,2643 2876,2614 2870,2583 961,2585 963,2619"/>
        <Baseline points="963,2619 2876,2614"/>
        <TextEquiv conf="0.9951251462101937">
          <Unicode>Archetypus, qui iam legi fere nequit, in Arch. dép. de la Seine-infér. in Rouen,</Unicode>
        </TextEquiv>
      </TextLine>
      <TextLine id="eSc_line_1e35704f" custom="structure {type:default;}">
        <Coords points="963,2672 963,2694 2032,2694 2032,2672 2032,2641 1968,2627 1966,2627 1893,2638 1694,2627 1692,2627 1690,2627 1687,2627 1672,2641 1531,2641 1475,2627 1473,2627 1095,2638 978,2627 976,2627 974,2627 972,2627 963,2634 963,2672"/>
        <Baseline points="963,2672 2032,2672"/>
        <TextEquiv conf="0.9910198111425746">
          <Unicode>Fonds d&#x27;Eu. — „Ecclesiarum profectibus nos“.</Unicode>
        </TextEquiv>
      </TextLine>
      <TextLine id="eSc_line_0e2048b1" custom="structure {type:default;}">
        <Coords points="881,2773 881,2791 2730,2795 2733,2764 2726,2722 879,2722 881,2773"/>
        <Baseline points="881,2773 2733,2764"/>
        <TextEquiv conf="0.9827622539856855">
          <Unicode>1183. (Ind. f. — 1. Sept. — 2. pont. a. 2. — 6. Sept. — 3, 1182. — 25. Mart. — 1183.)</Unicode>
        </TextEquiv>
      </TextLine>
      <TextLine id="eSc_line_eb53e80a" custom="structure {type:default;}">
        <Coords points="355,2886 528,2890 530,2890 532,2890 534,2890 558,2868 570,2859 629,2848 689,2857 722,2862 724,2862 726,2862 775,2848 777,2839 777,2789 687,2786 673,2773 623,2722 623,2720 620,2720 618,2720 530,2718 528,2718 525,2718 523,2718 483,2744 461,2760 360,2727 357,2831 355,2886"/>
        <Baseline points="357,2831 777,2839"/>
        <TextEquiv conf="0.9252707362174988">
          <Unicode>„ „„</Unicode>
        </TextEquiv>
      </TextLine>
      <TextLine id="eSc_line_d4549006" custom="structure {type:default;}">
        <Coords points="912,2831 912,2857 2878,2853 2878,2826 2872,2797 910,2800 912,2831"/>
        <Baseline points="912,2831 2878,2826"/>
        <TextEquiv conf="0.9997941292362449">
          <Unicode>14809 Clero populoque Oritano scribit, ne „moleste ferant, in ecclesia Brundisina</Unicode>
        </TextEquiv>
      </TextLine>
      <TextLine id="eSc_line_2da15355" custom="structure {type:default;}">
        <Coords points="961,2886 961,2910 2872,2906 2874,2881 2867,2850 958,2853 961,2886"/>
        <Baseline points="961,2886 2874,2881"/>
        <TextEquiv conf="0.9966757507885203">
          <Unicode>chrisma confici, nec propter hoc aliquam ecclesiae vel archiepiscopo reverentiam sub-</Unicode>
        </TextEquiv>
      </TextLine>
      <TextLine id="eSc_line_78ded6c7" custom="structure {type:default;}">
        <Coords points="961,2943 961,2965 2739,2965 2739,2943 2739,2915 961,2915 961,2943"/>
        <Baseline points="961,2943 2739,2943"/>
        <TextEquiv conf="0.9970609159082979">
          <Unicode>trahant“. Pflugk-Harttung Acta III. 300. — „Cum translatione ecclesiarum“.</Unicode>
        </TextEquiv>
      </TextLine>
      <TextLine id="eSc_line_656c7fb3" custom="structure {type:default;}">
        <Coords points="386,3005 386,3023 444,3040 446,3040 448,3040 450,3040 452,3040 452,3038 468,3025 501,3040 503,3040 505,3040 583,3025 583,3001 581,2965 525,2948 523,2948 521,2948 519,2948 466,2968 463,2968 415,2950 413,2950 410,2950 408,2950 406,2950 384,2963 386,3005"/>
        <Baseline points="386,3005 583,3001"/>
        <TextEquiv conf="0.9999730885028839">
          <Unicode>„ 2.</Unicode>
        </TextEquiv>
      </TextLine>
      <TextLine id="eSc_line_d0cb637b" custom="structure {type:default;}">
        <Coords points="673,3001 671,3056 784,3034 786,3005 786,2972 726,2952 724,2952 722,2952 720,2952 673,2968 673,3001"/>
        <Baseline points="673,3001 786,3005"/>
        <TextEquiv conf="0.9992220401763916">
          <Unicode>„</Unicode>
        </TextEquiv>
      </TextLine>
      <TextLine id="eSc_line_ca233fe8" custom="structure {type:default;}">
        <Coords points="912,2998 912,3023 1489,3034 1491,3034 1493,3034 1522,3023 2034,3032 2037,3032 2105,3021 2218,3032 2220,3032 2308,3018 2313,3018 2315,3018 2353,3029 2355,3029 2357,3029 2359,3029 2383,3018 2406,3018 2850,3029 2852,3029 2854,3029 2856,3029 2876,3016 2876,2992 2870,2963 910,2968 912,2998"/>
        <Baseline points="912,2998 2876,2992"/>
        <TextEquiv conf="0.9981817956580672">
          <Unicode>14810 Petro, archiepiscopo Brundisino, usum pallii concedit, et eius ecclesiae posses-</Unicode>
        </TextEquiv>
      </TextLine>
      <TextLine id="eSc_line_ea3d2422" custom="structure {type:default;}">
        <Coords points="961,3054 961,3078 2876,3071 2876,3047 2870,3016 958,3021 961,3054"/>
        <Baseline points="961,3054 2876,3047"/>
        <TextEquiv conf="0.9984667032230191">
          <Unicode>siones ac privilegia confirmat. D&#x27;Avino Cenni storici p. 104, Pflugk-Harttung Iter</Unicode>
        </TextEquiv>
      </TextLine>
      <TextLine id="eSc_line_5dce2faf" custom="structure {type:default;}">
        <Coords points="961,3109 961,3129 1091,3138 1093,3138 1208,3127 1237,3124 1257,3127 1334,3135 1336,3135 1338,3135 1341,3135 1356,3124 1360,3124 1414,3135 1416,3135 1418,3135 1420,3135 1420,3133 1431,3124 1438,3131 1438,3133 1440,3133 1442,3133 1444,3135 1610,3135 1610,3133 1612,3133 1650,3120 1650,3102 1643,3069 958,3080 961,3109"/>
        <Baseline points="961,3109 1650,3102"/>
        <TextEquiv conf="0.9995961945790511">
          <Unicode>p. 295. — Cum ex iniuncto“</Unicode>
        </TextEquiv>
      </TextLine>
      <TextLine id="eSc_line_5a11f07e" custom="structure {type:default;}">
        <Coords points="391,3168 391,3184 585,3166 587,3160 581,3118 388,3138 391,3168"/>
        <Baseline points="391,3168 587,3160"/>
        <TextEquiv conf="0.9999973475933075">
          <Unicode>„ 3.</Unicode>
        </TextEquiv>
      </TextLine>
      <TextLine id="eSc_line_cb4c241c" custom="structure {type:default;}">
        <Coords points="665,3162 662,3175 682,3177 684,3182 718,3213 718,3215 720,3215 722,3215 755,3219 757,3219 760,3219 762,3219 762,3217 775,3202 779,3171 777,3115 667,3115 665,3162"/>
        <Baseline points="665,3162 779,3171"/>
        <TextEquiv conf="1.0">
          <Unicode>„</Unicode>
        </TextEquiv>
      </TextLine>
      <TextLine id="eSc_line_201e8fbc" custom="structure {type:default;}">
        <Coords points="914,3162 914,3188 2872,3184 2874,3157 2870,3127 2505,3115 2503,3115 2501,3115 2498,3115 2483,3127 2481,3129 2251,3129 2189,3129 2032,3115 2030,3115 1946,3127 1919,3115 1917,3115 1915,3115 1913,3115 1886,3129 1884,3131 1634,3131 1442,3131 1387,3118 1385,3118 1292,3129 1210,3118 1208,3118 1058,3129 963,3118 961,3118 958,3118 912,3131 914,3162"/>
        <Baseline points="914,3162 2874,3157"/>
        <TextEquiv conf="0.9968815570653871">
          <Unicode>14811 (Arnoldo) archiepiscopo Trevirensi, (Petro) Tullensi, (Bertranno) Metensi, (Hen-</Unicode>
        </TextEquiv>
      </TextLine>
      <TextLine id="eSc_line_67a73a3f" custom="structure {type:default;}">
        <Coords points="963,3217 963,3246 2870,3237 2872,3208 2865,3180 961,3186 963,3217"/>
        <Baseline points="963,3217 2872,3208"/>
        <TextEquiv conf="0.9949517072666259">
          <Unicode>rico) Virdunensi episcopis mandat, hortentur comitem Barrensem, ut monasterio S. Mi-</Unicode>
        </TextEquiv>
      </TextLine>
      <TextLine id="eSc_line_6d77b614" custom="structure {type:default;}">
        <Coords points="963,3270 963,3297 2872,3292 2874,3266 2867,3235 961,3237 963,3270"/>
        <Baseline points="963,3270 2874,3266"/>
        <TextEquiv conf="0.9924638404565699">
          <Unicode>chaelis ablata restituat et a fratrum laesione desistat. Ex Coll. Moreau t. 86. f. 68</Unicode>
        </TextEquiv>
      </TextLine>
      <TextLine id="eSc_line_9da3e467" custom="structure {type:default;}">
        <Coords points="961,3327 961,3345 1153,3345 1155,3345 1193,3358 1195,3358 1197,3358 1199,3358 1248,3345 1250,3345 1305,3356 1307,3356 1418,3343 1431,3343 1438,3343 1484,3356 1486,3356 1489,3356 1562,3343 1568,3343 1575,3343 1692,3356 1694,3356 1807,3341 1818,3341 1820,3341 1831,3352 1831,3354 1833,3354 1836,3354 1838,3356 1997,3356 1997,3354 1999,3354 2001,3354 2021,3343 2032,3352 2032,3354 2034,3354 2037,3354 2039,3356 2211,3356 2211,3354 2213,3354 2255,3339 2255,3321 2249,3292 958,3294 961,3327"/>
        <Baseline points="961,3327 2255,3321"/>
        <TextEquiv conf="0.9997037106326648">
          <Unicode>in bibl. nat. Paris. Misit Delisle. — „Gravis ex parte“.</Unicode>
        </TextEquiv>
      </TextLine>
      <TextLine id="eSc_line_7723d476" custom="structure {type:default;}">
        <Coords points="382,3387 382,3409 437,3409 494,3453 543,3493 545,3493 547,3493 550,3493 592,3491 589,3380 583,3330 521,3332 519,3332 517,3332 517,3334 510,3339 492,3356 380,3356 382,3387"/>
        <Baseline points="382,3387 589,3380"/>
        <TextEquiv conf="0.9813612898190817">
          <Unicode>„4.</Unicode>
        </TextEquiv>
      </TextLine>
      <TextLine id="eSc_line_496dcf71" custom="structure {type:default;}">
        <Coords points="631,3380 629,3387 733,3405 735,3405 737,3405 782,3392 784,3387 782,3358 631,3352 631,3380"/>
        <Baseline points="631,3380 784,3387"/>
        <TextEquiv conf="1.0">
          <Unicode>„</Unicode>
        </TextEquiv>
      </TextLine>
      <TextLine id="eSc_line_75f8c732" custom="structure {type:default;}">
        <Coords points="910,3380 910,3405 1551,3416 1553,3416 1555,3416 1557,3416 1570,3405 2185,3414 2187,3414 2498,3403 2783,3411 2786,3411 2874,3398 2874,3374 2867,3343 908,3347 910,3380"/>
        <Baseline points="910,3380 2874,3374"/>
        <TextEquiv conf="0.9989478520371697">
          <Unicode>14812 Parthenonis S. Leonardi Gisnensis protectionem suscipit, possessionesque et privi-</Unicode>
        </TextEquiv>
      </TextLine>
      <TextLine id="eSc_line_bff587e9" custom="structure {type:default;}">
        <Coords points="961,3433 961,3462 2872,3462 2872,3433 2872,3403 961,3403 961,3433"/>
        <Baseline points="961,3433 2872,3433"/>
        <TextEquiv conf="0.9947297703260662">
          <Unicode>legia confirmat, petente Adela abbatissa. In bibl. nat. Paris. Chart. Broburg. ms. lat.</Unicode>
        </TextEquiv>
      </TextLine>
      <TextLine id="eSc_line_8ae6074b" custom="structure {type:default;}">
        <Coords points="963,3484 961,3511 1177,3526 1179,3526 1365,3515 1449,3526 1451,3526 1453,3526 1482,3515 1595,3528 1597,3528 1926,3520 2092,3531 2094,3531 2096,3531 2129,3520 2401,3520 2417,3531 2419,3531 2421,3531 2423,3531 2653,3517 2655,3491 2655,3460 2629,3447 2626,3447 2417,3447 2414,3447 2412,3447 2383,3458 2315,3447 2313,3447 1966,3456 1950,3445 1948,3445 1946,3445 1944,3445 1875,3456 1873,3456 963,3453 963,3484"/>
        <Baseline points="963,3484 2655,3491"/>
        <TextEquiv conf="0.9835246829953912">
          <Unicode>9921 sec. livre f. 26, ms. lat. 9126. f. 219. — „Prudentibus virginibus“.</Unicode>
        </TextEquiv>
      </TextLine>
    </TextRegion>
    <TextRegion id="eSc_textblock_8d9acb2b"  custom="structure {type:default;}">
      <Coords points="1380,141 2008,150 2017,227 1226,245 1199,218 1226,150 1380,141"/>
      <TextLine id="eSc_line_22f4366e" custom="structure {type:default;}">
        <Coords points="1228,212 1228,231 1500,245 1502,245 1597,231 1610,231 1626,231 1699,242 1701,242 1995,231 1995,207 1992,170 1935,150 1933,150 1931,150 1928,150 1869,167 1721,154 1718,154 1606,170 1566,156 1564,156 1562,156 1464,170 1449,156 1449,154 1447,154 1444,154 1277,152 1274,152 1272,152 1226,170 1228,212"/>
        <Baseline points="1228,212 1995,207"/>
        <TextEquiv conf="0.9992802549492229">
          <Unicode>LUCIUS III. 1181—1185.</Unicode>
        </TextEquiv>
      </TextLine>
    </TextRegion>
  </Page>
</PcGts>
