<?xml version="1.0" encoding="UTF-8"  standalone="yes"?>
<PcGts xmlns="http://schema.primaresearch.org/PAGE/gts/pagecontent/2019-07-15" xmlns:xsi="http://www.w3.org/2001/XMLSchema-instance" xsi:schemaLocation="http://schema.primaresearch.org/PAGE/gts/pagecontent/2019-07-15 http://schema.primaresearch.org/PAGE/gts/pagecontent/2019-07-15/pagecontent.xsd">
  <Metadata externalRef="pdf//regestapontificu02cath.pdf">
	<Creator>escriptorium</Creator>
	<Created>2026-01-31T10:44:17.859948+00:00</Created>
        <LastChange>2026-02-04T22:18:29.886351+00:00</LastChange>
  </Metadata>
  <Page imageFilename="regestapontificu02cath.pdf_page_607.png" imageWidth="3007" imageHeight="3975">
    <TextRegion id="eSc_textblock_886a40c5"  custom="structure {type:default;}">
      <Coords points="2598,291 2644,291 2671,353 2644,3531 2399,3539 2275,3592 2202,3548 698,3548 625,3513 114,3513 70,3380 61,1817 97,344 289,326 351,388 380,335 634,344 653,309 2598,291"/>
      <TextLine id="eSc_line_eab8b527" custom="structure {type:default;}">
        <Coords points="638,329 634,368 634,401 713,393 1166,401 1168,401 1259,390 2501,397 2505,362 2501,313 1906,302 1904,302 1902,302 1875,313 1840,313 1257,304 1254,304 1252,304 1210,315 1206,318 645,318 638,329"/>
        <Baseline points="634,368 2505,362"/>
        <TextEquiv conf="0.993626556545496">
          <Unicode>1193. (Int. 11. — Sept. — 17, pont. a. 2. — 11. Ipr. — 3, 1192. 25. Mart. 1195.)</Unicode>
        </TextEquiv>
      </TextLine>
      <TextLine id="eSc_line_e41151b0" custom="structure {type:default;}">
        <Coords points="353,382 349,379 280,377 278,377 247,379 170,388 110,377 110,430 110,468 320,477 322,477 324,477 326,477 326,474 340,463 349,457 375,461 410,468 413,468 616,454 616,430 616,390 353,379 353,382"/>
        <Baseline points="110,430 616,430"/>
        <TextEquiv conf="0.9439555373456743">
          <Unicode>lan. 11. Romae ap.</Unicode>
        </TextEquiv>
      </TextLine>
      <TextLine id="eSc_line_52caed6e" custom="structure {type:default;}">
        <Coords points="662,430 662,454 2624,457 2626,430 2624,393 662,395 662,430"/>
        <Baseline points="662,430 2626,430"/>
        <TextEquiv conf="0.993635771451173">
          <Unicode>16945 Confirmat constitutionem super proventibus molendini, ab Arnaldo, abbate S.</Unicode>
        </TextEquiv>
      </TextLine>
      <TextLine id="eSc_line_66a50019" custom="structure {type:default;}">
        <Coords points="713,483 713,505 2624,510 2626,483 2626,452 713,452 713,483"/>
        <Baseline points="713,483 2626,483"/>
        <TextEquiv conf="0.9989755219075738">
          <Unicode>Crucis Burdigalensi, constructi. (Fragmentum). In bibl. nat. Paris ms. lat. 12666.</Unicode>
        </TextEquiv>
      </TextLine>
      <TextLine id="eSc_line_1e4a9dc2" custom="structure {type:default;}">
        <Coords points="357,485 357,516 609,507 609,481 603,450 355,452 357,485"/>
        <Baseline points="357,485 609,481"/>
        <TextEquiv conf="0.9999077320098877">
          <Unicode>S. Petrum</Unicode>
        </TextEquiv>
      </TextLine>
      <TextLine id="eSc_line_db4f9b5c" custom="structure {type:default;}">
        <Coords points="713,538 713,560 1568,560 1568,538 1568,507 713,507 713,538"/>
        <Baseline points="713,538 1568,538"/>
        <TextEquiv conf="0.9962886995390842">
          <Unicode>(Monasticon Benedictin. IX.) f. 165 b.</Unicode>
        </TextEquiv>
      </TextLine>
      <TextLine id="eSc_line_71d9ac47" custom="structure {type:default;}">
        <Coords points="667,591 667,622 2629,622 2629,591 2629,563 667,558 667,591"/>
        <Baseline points="667,591 2629,591"/>
        <TextEquiv conf="0.9904057769612833">
          <Unicode>16946 Ecclesiae Bituricensis tutelam suscipit ac primatum, possessiones, privilegia con-</Unicode>
        </TextEquiv>
      </TextLine>
      <TextLine id="eSc_line_8ca2ecad" custom="structure {type:default;}">
        <Coords points="145,596 143,644 183,647 185,647 187,647 190,647 190,644 203,633 227,611 249,624 256,629 258,629 260,629 262,629 265,629 326,609 329,600 329,565 304,552 302,552 300,552 298,552 238,563 227,565 145,558 145,596"/>
        <Baseline points="145,596 329,600"/>
        <TextEquiv conf="0.877056673169136">
          <Unicode>„11.</Unicode>
        </TextEquiv>
      </TextLine>
      <TextLine id="eSc_line_2ce9fb88" custom="structure {type:default;}">
        <Coords points="386,598 384,618 488,644 490,644 492,644 536,629 539,605 539,571 386,565 386,598"/>
        <Baseline points="386,598 539,605"/>
        <TextEquiv conf="0.9999995231628418">
          <Unicode>„</Unicode>
        </TextEquiv>
      </TextLine>
      <TextLine id="eSc_line_d9058829" custom="structure {type:default;}">
        <Coords points="715,649 715,673 2624,675 2626,649 2626,618 715,611 715,649"/>
        <Baseline points="715,649 2626,649"/>
        <TextEquiv conf="0.9922360284828845">
          <Unicode>firmat. Henrico archiepiscopo eiusque successoribus usum pallii crucisque prae se</Unicode>
        </TextEquiv>
      </TextLine>
      <TextLine id="eSc_line_fd59a211" custom="structure {type:default;}">
        <Coords points="715,704 715,724 2622,726 2626,700 2622,671 735,662 733,662 731,662 729,662 713,669 715,704"/>
        <Baseline points="715,704 2626,700"/>
        <TextEquiv conf="0.9908817540376614">
          <Unicode>ferendae concedit. In bibl. nat. Paris. Coll. Baluze t. 79. f. 169. — „Et ordo</Unicode>
        </TextEquiv>
      </TextLine>
      <TextLine id="eSc_line_6c1469e2" custom="structure {type:default;}">
        <Coords points="713,755 713,775 729,786 731,786 733,786 735,788 877,788 877,786 879,786 930,770 930,755 930,726 713,726 713,755"/>
        <Baseline points="713,755 930,755"/>
        <TextEquiv conf="0.999934858083725">
          <Unicode>rationis“.</Unicode>
        </TextEquiv>
      </TextLine>
      <TextLine id="eSc_line_20f4c110" custom="structure {type:default;}">
        <Coords points="667,808 665,832 2620,841 2624,814 2622,775 667,775 667,808"/>
        <Baseline points="667,808 2624,814"/>
        <TextEquiv conf="0.9959533249222955">
          <Unicode>16947 Fratribus S. Ruffi indulget privilegium de canonicis in ecclesiis parochialibus,</Unicode>
        </TextEquiv>
      </TextLine>
      <TextLine id="eSc_line_7532bb9a" custom="structure {type:default;}">
        <Coords points="145,812 143,854 176,856 178,856 181,856 183,856 183,854 190,850 207,830 238,843 258,850 260,850 262,850 265,850 326,830 329,817 329,781 145,777 145,812"/>
        <Baseline points="145,812 329,817"/>
        <TextEquiv conf="0.9988061308860778">
          <Unicode>„ 13.</Unicode>
        </TextEquiv>
      </TextLine>
      <TextLine id="eSc_line_be3739d1" custom="structure {type:default;}">
        <Coords points="450,823 450,843 466,856 468,856 470,856 472,856 475,856 532,841 532,823 532,761 450,757 450,823"/>
        <Baseline points="450,823 532,823"/>
        <TextEquiv conf="1.0">
          <Unicode>„</Unicode>
        </TextEquiv>
      </TextLine>
      <TextLine id="eSc_line_9b5aa774" custom="structure {type:default;}">
        <Coords points="715,867 715,889 2624,892 2629,863 2624,834 713,832 715,867"/>
        <Baseline points="715,867 2629,863"/>
        <TextEquiv conf="0.9998513416546148">
          <Unicode>si vacaverint, instituendis. Codex dipl. ord. S. Ruffi, quem composuit et possidet</Unicode>
        </TextEquiv>
      </TextLine>
      <TextLine id="eSc_line_dbad4885" custom="structure {type:default;}">
        <Coords points="715,923 715,942 2324,942 2324,923 2324,894 715,894 715,923"/>
        <Baseline points="715,923 2324,923"/>
        <TextEquiv conf="0.9999075151871943">
          <Unicode>Ulyxes Chevalier Romanensis, f. 22. — „Apostolicae sedis auctoritas“.</Unicode>
        </TextEquiv>
      </TextLine>
      <TextLine id="eSc_line_d65720f5" custom="structure {type:default;}">
        <Coords points="662,978 662,1000 2624,1011 2626,978 2624,945 662,945 662,978"/>
        <Baseline points="662,978 2626,978"/>
        <TextEquiv conf="0.9997866663588099">
          <Unicode>16948 T(heoderico) abbati S. Michaelis Hildeshemensi usum anuli et mitrae concedit.</Unicode>
        </TextEquiv>
      </TextLine>
      <TextLine id="eSc_line_bd41898f" custom="structure {type:default;}">
        <Coords points="143,980 143,1048 218,1046 220,1046 223,1046 269,1020 355,1020 375,1035 375,1037 377,1037 380,1037 382,1037 384,1037 386,1037 402,1024 459,1044 470,1046 472,1046 475,1046 477,1046 479,1046 483,1042 499,1033 589,1040 592,971 581,898 536,929 417,929 397,916 395,916 393,916 391,916 388,916 386,916 373,927 360,916 346,905 344,905 342,905 262,905 260,905 258,905 256,905 231,923 194,907 192,907 190,907 187,907 141,931 143,980"/>
        <Baseline points="143,980 592,971"/>
        <TextEquiv conf="0.8759680206959064">
          <Unicode>„21. Laternn.</Unicode>
        </TextEquiv>
      </TextLine>
      <TextLine id="eSc_line_4c38d25c" custom="structure {type:default;}">
        <Coords points="715,1033 715,1053 1073,1064 1075,1064 1078,1064 1080,1064 1080,1062 1091,1053 1170,1062 1173,1062 1175,1062 1204,1051 1208,1051 1469,1051 1480,1060 1480,1062 1482,1062 1484,1062 1486,1064 1595,1064 1595,1062 1597,1062 1630,1048 1634,1048 1641,1048 1699,1060 1701,1062 2056,1062 2056,1060 2059,1060 2094,1046 2094,1026 2090,995 724,993 722,993 720,993 718,993 718,995 715,995 713,995 715,1033"/>
        <Baseline points="715,1033 2094,1026"/>
        <TextEquiv conf="0.9999640238912482">
          <Unicode>Pflugk-Harttung Acta I. 361. — „Dum religionis fervorem“.</Unicode>
        </TextEquiv>
      </TextLine>
      <TextLine id="eSc_line_0517193e" custom="structure {type:default;}">
        <Coords points="665,1084 662,1110 2620,1113 2624,1088 2622,1053 665,1042 665,1084"/>
        <Baseline points="665,1084 2624,1088"/>
        <TextEquiv conf="0.9978252189705171">
          <Unicode>16949 (10406) (Bernoni) episcopo et capitulo Hildeshemensi interdicit, ne corpus S.</Unicode>
        </TextEquiv>
      </TextLine>
      <TextLine id="eSc_line_fb7835e4" custom="structure {type:default;}">
        <Coords points="141,1090 141,1143 185,1148 187,1148 190,1148 192,1148 192,1146 194,1146 214,1121 273,1117 304,1143 304,1146 307,1146 309,1146 311,1148 338,1148 338,1086 333,1053 238,1037 236,1037 234,1037 203,1055 198,1057 139,1057 141,1090"/>
        <Baseline points="141,1090 338,1086"/>
        <TextEquiv conf="0.9999643206596375">
          <Unicode>„ 21.</Unicode>
        </TextEquiv>
      </TextLine>
      <TextLine id="eSc_line_762bbc27" custom="structure {type:default;}">
        <Coords points="428,1093 424,1154 472,1170 475,1170 477,1170 479,1170 530,1148 534,1099 534,1068 430,1053 428,1093"/>
        <Baseline points="428,1093 534,1099"/>
        <TextEquiv conf="1.0">
          <Unicode>„</Unicode>
        </TextEquiv>
      </TextLine>
      <TextLine id="eSc_line_f5cfd502" custom="structure {type:default;}">
        <Coords points="718,1141 718,1161 2624,1166 2626,1141 2626,1113 718,1104 718,1141"/>
        <Baseline points="718,1141 2626,1141"/>
        <TextEquiv conf="0.992836127552805">
          <Unicode>Bernwardi iniussu abbatis fratrumque S. Michaelis aut ipsi „temere minuant“ aut</Unicode>
        </TextEquiv>
      </TextLine>
      <TextLine id="eSc_line_ec20280d" custom="structure {type:default;}">
        <Coords points="715,1199 715,1219 2624,1230 2626,1199 2626,1168 715,1168 715,1199"/>
        <Baseline points="715,1199 2626,1199"/>
        <TextEquiv conf="0.999969525196973">
          <Unicode>minui ab aliis patiantur, neve oblationes fidelium perturbari sinant. Pflugk-Harttung</Unicode>
        </TextEquiv>
      </TextLine>
      <TextLine id="eSc_line_11491711" custom="structure {type:default;}">
        <Coords points="715,1252 715,1272 1526,1267 1528,1247 1522,1216 713,1219 715,1252"/>
        <Baseline points="715,1252 1528,1247"/>
        <TextEquiv conf="0.9747033191449714">
          <Unicode>Acta I. 361. — „Cum in eo sitis“.</Unicode>
        </TextEquiv>
      </TextLine>
      <TextLine id="eSc_line_768369f5" custom="structure {type:default;}">
        <Coords points="665,1300 662,1325 2624,1329 2629,1305 2626,1272 665,1260 665,1300"/>
        <Baseline points="665,1300 2629,1305"/>
        <TextEquiv conf="0.9941599411122939">
          <Unicode>16950 (10407) Monasterii S. Michaelis Hildeshemensis protectionem suscipit possessio-</Unicode>
        </TextEquiv>
      </TextLine>
      <TextLine id="eSc_line_9acc9025" custom="structure {type:default;}">
        <Coords points="143,1309 143,1329 209,1344 212,1344 214,1344 216,1344 238,1329 240,1329 333,1329 333,1305 324,1243 220,1272 205,1260 198,1256 196,1256 194,1256 192,1256 190,1256 187,1256 187,1258 178,1267 172,1274 141,1274 143,1309"/>
        <Baseline points="143,1309 333,1305"/>
        <TextEquiv conf="0.9999529957771301">
          <Unicode>„ 27.</Unicode>
        </TextEquiv>
      </TextLine>
      <TextLine id="eSc_line_83dffec9" custom="structure {type:default;}">
        <Coords points="444,1313 441,1336 539,1344 543,1320 543,1285 444,1278 444,1313"/>
        <Baseline points="444,1313 543,1320"/>
        <TextEquiv conf="0.8243443965911865">
          <Unicode>„</Unicode>
        </TextEquiv>
      </TextLine>
      <TextLine id="eSc_line_38d61876" custom="structure {type:default;}">
        <Coords points="715,1362 715,1397 2626,1389 2626,1362 2626,1333 715,1331 715,1362"/>
        <Baseline points="715,1362 2626,1362"/>
        <TextEquiv conf="0.9994222069608754">
          <Unicode>nesque ac privilegia confirmat, petenté Theoderico abbate. Pflugk-Harttung Acta I. 362.</Unicode>
        </TextEquiv>
      </TextLine>
      <TextLine id="eSc_line_d53c8d57" custom="structure {type:default;}">
        <Coords points="718,1415 718,1435 788,1435 804,1448 804,1450 806,1450 808,1450 810,1453 1020,1453 1020,1450 1022,1450 1084,1435 1190,1448 1193,1448 1257,1433 1257,1415 1257,1384 718,1384 718,1415"/>
        <Baseline points="718,1415 1257,1415"/>
        <TextEquiv conf="0.9954433724993751">
          <Unicode>— „Quociens a nobis“.</Unicode>
        </TextEquiv>
      </TextLine>
      <TextLine id="eSc_line_7d0a9f07" custom="structure {type:default;}">
        <Coords points="143,1470 143,1523 185,1523 185,1521 187,1521 190,1521 201,1512 223,1499 234,1508 240,1512 243,1512 245,1512 247,1512 249,1512 320,1492 320,1466 315,1433 238,1419 236,1419 234,1419 207,1435 203,1437 141,1437 143,1470"/>
        <Baseline points="143,1470 320,1466"/>
        <TextEquiv conf="0.9473385095596314">
          <Unicode>„ 30.</Unicode>
        </TextEquiv>
      </TextLine>
      <TextLine id="eSc_line_a8ead440" custom="structure {type:default;}">
        <Coords points="662,1470 660,1490 676,1501 678,1501 680,1501 682,1501 2622,1497 2624,1475 2622,1433 662,1433 662,1470"/>
        <Baseline points="662,1470 2624,1475"/>
        <TextEquiv conf="0.9953498685514772">
          <Unicode>16951 (10408) Ecclesiae Ripensis possessiones quasdam a Kanuto, Danorum rege,</Unicode>
        </TextEquiv>
      </TextLine>
      <TextLine id="eSc_line_dc3b4c63" custom="structure {type:default;}">
        <Coords points="448,1479 446,1490 536,1506 541,1484 541,1453 448,1435 448,1479"/>
        <Baseline points="448,1479 541,1484"/>
        <TextEquiv conf="1.0">
          <Unicode>„</Unicode>
        </TextEquiv>
      </TextLine>
      <TextLine id="eSc_line_6ede3a26" custom="structure {type:default;}">
        <Coords points="713,1528 713,1552 2626,1550 2629,1521 2622,1490 711,1497 713,1528"/>
        <Baseline points="713,1528 2629,1521"/>
        <TextEquiv conf="0.9988008163593434">
          <Unicode>eiusque progenitoribus donatas confirmat, petente O(mero) episcopo. Suhm Hist. af</Unicode>
        </TextEquiv>
      </TextLine>
      <TextLine id="eSc_line_78b8e17c" custom="structure {type:default;}">
        <Coords points="713,1581 713,1601 740,1614 742,1614 744,1614 874,1603 1080,1614 1082,1616 1265,1616 1265,1614 1268,1614 1270,1614 1270,1612 1279,1603 1303,1614 1305,1614 1307,1616 1438,1616 1438,1614 1440,1614 1442,1614 1453,1603 1482,1614 1484,1614 1486,1614 1573,1603 1953,1614 1955,1614 2090,1601 2090,1581 2090,1552 713,1552 713,1581"/>
        <Baseline points="713,1581 2090,1581"/>
        <TextEquiv conf="0.9932603963783809">
          <Unicode>Danm. VIII. 698, Migne 206 p. 973. — „Equitas iuris et“.</Unicode>
        </TextEquiv>
      </TextLine>
      <TextLine id="eSc_line_3c5db8ec" custom="structure {type:default;}">
        <Coords points="665,1636 665,1658 2624,1660 2626,1636 2626,1603 665,1603 665,1636"/>
        <Baseline points="665,1636 2626,1636"/>
        <TextEquiv conf="0.999954205006361">
          <Unicode>16952 Canonicorum de Lamhehe protectionem suscipit et bona confirmat, eisque ius</Unicode>
        </TextEquiv>
      </TextLine>
      <TextLine id="eSc_line_a5324306" custom="structure {type:default;}">
        <Coords points="141,1638 141,1673 326,1660 326,1631 322,1572 258,1556 256,1556 254,1556 251,1556 207,1578 181,1567 178,1567 176,1567 174,1567 139,1578 141,1638"/>
        <Baseline points="141,1638 326,1631"/>
        <TextEquiv conf="0.9982804894447327">
          <Unicode>„ 30.</Unicode>
        </TextEquiv>
      </TextLine>
      <TextLine id="eSc_line_5a26c6f3" custom="structure {type:default;}">
        <Coords points="446,1647 448,1684 503,1669 534,1684 539,1647 539,1616 446,1609 446,1647"/>
        <Baseline points="446,1647 539,1647"/>
        <TextEquiv conf="1.0">
          <Unicode>„</Unicode>
        </TextEquiv>
      </TextLine>
      <TextLine id="eSc_line_6854941b" custom="structure {type:default;}">
        <Coords points="713,1696 713,1715 2624,1711 2626,1689 2622,1660 2200,1647 2198,1647 2136,1658 2081,1647 2079,1647 2076,1647 2074,1647 2056,1658 1542,1649 1539,1649 1460,1660 1369,1649 1367,1649 1365,1649 1332,1662 824,1651 821,1651 711,1665 713,1696"/>
        <Baseline points="713,1696 2626,1689"/>
        <TextEquiv conf="0.998575007473981">
          <Unicode>appellationis ad sedem apostolicam indulget. Stubbs Chronicles II. 360. — „Sacro-</Unicode>
        </TextEquiv>
      </TextLine>
      <TextLine id="eSc_line_1eec14dc" custom="structure {type:default;}">
        <Coords points="713,1746 713,1768 746,1782 748,1782 751,1782 866,1766 877,1766 879,1766 892,1779 892,1782 894,1782 897,1782 899,1784 998,1784 998,1782 1073,1764 1080,1764 1082,1764 1102,1779 1104,1779 1106,1779 1109,1782 1230,1782 1230,1779 1232,1779 1288,1762 1288,1742 1281,1715 711,1718 713,1746"/>
        <Baseline points="713,1746 1288,1742"/>
        <TextEquiv conf="0.9997953747709593">
          <Unicode>sancta Romana ecclesia“.</Unicode>
        </TextEquiv>
      </TextLine>
      <TextLine id="eSc_line_b250fc4c" custom="structure {type:default;}">
        <Coords points="103,1799 103,1832 329,1824 329,1795 324,1753 101,1724 103,1799"/>
        <Baseline points="103,1799 329,1795"/>
        <TextEquiv conf="0.9885845258831978">
          <Unicode>Febr 12.</Unicode>
        </TextEquiv>
      </TextLine>
      <TextLine id="eSc_line_61ec6f2f" custom="structure {type:default;}">
        <Coords points="662,1799 662,1828 2629,1828 2629,1799 2629,1768 662,1768 662,1799"/>
        <Baseline points="662,1799 2629,1799"/>
        <TextEquiv conf="0.9992246477000685">
          <Unicode>16953 (10409) Castrum Hafnense, post A(bsalonis) archiepiscopi Lundensis mortem ec-</Unicode>
        </TextEquiv>
      </TextLine>
      <TextLine id="eSc_line_d1e20a16" custom="structure {type:default;}">
        <Coords points="446,1806 444,1815 466,1828 468,1828 470,1828 472,1828 530,1817 532,1808 532,1775 446,1775 446,1806"/>
        <Baseline points="446,1806 532,1808"/>
        <TextEquiv conf="0.9999942779541016">
          <Unicode>„</Unicode>
        </TextEquiv>
      </TextLine>
      <TextLine id="eSc_line_52e19f65" custom="structure {type:default;}">
        <Coords points="715,1857 715,1879 2629,1874 2629,1852 2624,1824 746,1813 744,1813 742,1813 713,1824 715,1857"/>
        <Baseline points="715,1857 2629,1852"/>
        <TextEquiv conf="0.9948311434235684">
          <Unicode>clesiae Roschildensi obventurum, a Petri episcopi Roschildensis successoribus alienari</Unicode>
        </TextEquiv>
      </TextLine>
      <TextLine id="eSc_line_ca413942" custom="structure {type:default;}">
        <Coords points="715,1914 715,1936 1011,1949 1014,1949 1131,1936 1135,1936 1137,1936 1186,1949 1188,1949 1190,1949 1292,1936 1310,1934 1349,1934 1592,1947 1595,1947 1597,1947 1646,1934 1650,1934 1654,1934 1729,1945 1732,1945 1734,1945 1736,1945 1752,1934 1754,1932 1771,1934 1851,1945 1853,1947 1928,1947 1928,1945 1931,1945 1933,1945 1953,1934 1955,1932 1959,1934 1995,1945 1997,1945 1999,1945 2185,1943 2187,1943 2216,1932 2224,1930 2246,1932 2324,1943 2326,1943 2328,1943 2355,1932 2361,1930 2372,1932 2423,1943 2425,1943 2622,1930 2624,1905 2618,1877 713,1881 715,1914"/>
        <Baseline points="715,1914 2624,1905"/>
        <TextEquiv conf="0.9996088873117398">
          <Unicode>vetat. Thorkelin Diplom. Arna-Magn. I. 64, Nielsen K;öb. Dipl. I. 2, Migne 206</Unicode>
        </TextEquiv>
      </TextLine>
      <TextLine id="eSc_line_2aeb97a1" custom="structure {type:default;}">
        <Coords points="713,1969 713,1996 967,1987 974,1991 983,2000 985,2000 987,2000 989,2000 1307,1989 1411,1998 1414,1998 1509,1980 1511,1963 1506,1936 1241,1925 1239,1925 1184,1936 1018,1927 1016,1927 711,1941 713,1969"/>
        <Baseline points="713,1969 1511,1963"/>
        <TextEquiv conf="0.999824371188879">
          <Unicode>p. 974. — „Cum a nobis petitur“.</Unicode>
        </TextEquiv>
      </TextLine>
      <TextLine id="eSc_line_ec884be7" custom="structure {type:default;}">
        <Coords points="662,2020 662,2044 2624,2040 2626,2016 2620,1985 660,1985 662,2020"/>
        <Baseline points="662,2020 2626,2016"/>
        <TextEquiv conf="0.998519683877627">
          <Unicode>16954 Ecclesiae S. Mariae de Valle (al. Villa) Gemini suscipit protectionem, posses-</Unicode>
        </TextEquiv>
      </TextLine>
      <TextLine id="eSc_line_174998f3" custom="structure {type:default;}">
        <Coords points="141,2022 141,2062 183,2062 183,2060 185,2060 187,2060 187,2058 192,2055 205,2042 247,2049 304,2058 307,2058 309,2058 311,2058 331,2042 331,2022 331,1936 296,1936 293,1936 291,1936 289,1936 289,1938 282,1943 238,1985 209,1985 183,1961 181,1961 178,1961 176,1961 141,1965 141,2022"/>
        <Baseline points="141,2022 331,2022"/>
        <TextEquiv conf="0.9957109570503235">
          <Unicode>„ 14.</Unicode>
        </TextEquiv>
      </TextLine>
      <TextLine id="eSc_line_2435c26a" custom="structure {type:default;}">
        <Coords points="439,2025 437,2060 532,2040 534,2029 534,1998 439,1991 439,2025"/>
        <Baseline points="439,2025 534,2029"/>
        <TextEquiv conf="1.0">
          <Unicode>„</Unicode>
        </TextEquiv>
      </TextLine>
      <TextLine id="eSc_line_78ea80bd" custom="structure {type:default;}">
        <Coords points="713,2073 711,2093 2620,2104 2624,2080 2622,2049 2034,2049 2014,2042 1988,2036 1986,2036 1984,2036 1710,2040 1360,2044 1349,2036 1347,2033 1345,2033 1343,2033 1341,2033 1217,2036 802,2042 713,2031 713,2073"/>
        <Baseline points="713,2073 2624,2080"/>
        <TextEquiv conf="0.9987789043064775">
          <Unicode>sionesque et iura confirmat, bulla ad Gregorium priorem. Wiener Sitzungsber. XCVII. 67,</Unicode>
        </TextEquiv>
      </TextLine>
      <TextLine id="eSc_line_b8076156" custom="structure {type:default;}">
        <Coords points="713,2133 713,2153 1069,2166 1071,2166 1073,2166 1075,2166 1093,2153 1224,2164 1226,2164 1228,2164 1268,2150 1283,2164 1285,2164 1288,2164 1290,2166 1356,2166 1356,2164 1418,2150 1420,2150 1522,2164 1524,2164 1526,2164 1564,2148 1568,2148 1570,2148 1604,2161 1606,2161 1608,2161 1610,2161 1659,2148 1663,2148 1679,2148 1904,2161 1906,2161 1908,2161 1955,2146 1955,2126 1950,2100 1124,2091 1122,2091 1120,2091 1089,2102 720,2093 718,2093 715,2093 713,2093 713,2095 711,2095 713,2133"/>
        <Baseline points="713,2133 1955,2126"/>
        <TextEquiv conf="0.9916707632633356">
          <Unicode>Pflugk-Harttung Iter p. 327. — „Ad hoc universalis“.</Unicode>
        </TextEquiv>
      </TextLine>
      <TextLine id="eSc_line_8c0f5006" custom="structure {type:default;}">
        <Coords points="141,2188 141,2234 331,2217 331,2188 331,2146 141,2135 141,2188"/>
        <Baseline points="141,2188 331,2188"/>
        <TextEquiv conf="0.9937205195426941">
          <Unicode>„ 14.</Unicode>
        </TextEquiv>
      </TextLine>
      <TextLine id="eSc_line_6e928253" custom="structure {type:default;}">
        <Coords points="662,2188 662,2221 2624,2212 2626,2181 2622,2150 660,2148 662,2188"/>
        <Baseline points="662,2188 2626,2181"/>
        <TextEquiv conf="0.993109978825213">
          <Unicode>16955 *Monasterii S. Stephani possessiones et iura confirmat, bulla ad Guidonem ab-</Unicode>
        </TextEquiv>
      </TextLine>
      <TextLine id="eSc_line_f566fb51" custom="structure {type:default;}">
        <Coords points="439,2192 439,2210 543,2221 545,2192 545,2139 439,2131 439,2192"/>
        <Baseline points="439,2192 545,2192"/>
        <TextEquiv conf="0.999968409538269">
          <Unicode>„</Unicode>
        </TextEquiv>
      </TextLine>
      <TextLine id="eSc_line_801662be" custom="structure {type:default;}">
        <Coords points="713,2239 711,2259 733,2270 735,2270 737,2270 910,2261 1162,2272 1164,2272 1568,2261 1570,2243 1568,2210 1491,2197 1489,2197 1307,2206 1228,2208 713,2197 713,2239"/>
        <Baseline points="713,2239 1570,2243"/>
        <TextEquiv conf="0.9951784781047276">
          <Unicode>batem. Pflugk-Harttung Iter p. 327.</Unicode>
        </TextEquiv>
      </TextLine>
      <TextLine id="eSc_line_9967eccc" custom="structure {type:default;}">
        <Coords points="665,2294 665,2314 1604,2314 1612,2314 1696,2325 1699,2325 2622,2314 2624,2298 2622,2263 665,2259 665,2294"/>
        <Baseline points="665,2294 2624,2298"/>
        <TextEquiv conf="0.9901938538953482">
          <Unicode>16956 Fratribus Fiscanensibus abbatiam S. Bertae de Ternesio asserit. In bibl. nat.</Unicode>
        </TextEquiv>
      </TextLine>
      <TextLine id="eSc_line_05a3ee7f" custom="structure {type:default;}">
        <Coords points="141,2296 143,2336 203,2312 251,2332 258,2334 260,2334 262,2334 326,2327 326,2290 322,2243 254,2237 251,2237 249,2237 247,2237 225,2252 214,2261 139,2261 141,2296"/>
        <Baseline points="141,2296 326,2290"/>
        <TextEquiv conf="0.9993558526039124">
          <Unicode>„ 23.</Unicode>
        </TextEquiv>
      </TextLine>
      <TextLine id="eSc_line_125c20a8" custom="structure {type:default;}">
        <Coords points="437,2296 435,2318 530,2309 532,2301 532,2272 437,2270 437,2296"/>
        <Baseline points="437,2296 532,2301"/>
        <TextEquiv conf="1.0">
          <Unicode>„</Unicode>
        </TextEquiv>
      </TextLine>
      <TextLine id="eSc_line_203827fe" custom="structure {type:default;}">
        <Coords points="713,2354 713,2382 2622,2371 2624,2349 2618,2318 711,2320 713,2354"/>
        <Baseline points="713,2354 2624,2349"/>
        <TextEquiv conf="0.9887331273497605">
          <Unicode>Paris. Coll. Moreau t. 341. f. 92, (Neues Archiv VII. 117). — „Religiosa loca et“.</Unicode>
        </TextEquiv>
      </TextLine>
      <TextLine id="eSc_line_6ff5b272" custom="structure {type:default;}">
        <Coords points="145,2407 145,2449 324,2426 326,2402 320,2365 143,2365 145,2407"/>
        <Baseline points="145,2407 326,2402"/>
        <TextEquiv conf="0.997822105884552">
          <Unicode>„ 24.</Unicode>
        </TextEquiv>
      </TextLine>
      <TextLine id="eSc_line_0c3a1f0b" custom="structure {type:default;}">
        <Coords points="662,2409 662,2431 2624,2424 2626,2400 2620,2369 660,2371 662,2409"/>
        <Baseline points="662,2409 2626,2400"/>
        <TextEquiv conf="0.9997678384723434">
          <Unicode>16957 (10410) Abbati monachisque Fiscanensibus concedit, ut si Rotomagenses ab ipso</Unicode>
        </TextEquiv>
      </TextLine>
      <TextLine id="eSc_line_8cc73c58" custom="structure {type:default;}">
        <Coords points="439,2415 441,2471 475,2471 475,2468 477,2468 479,2468 479,2466 492,2453 510,2433 545,2433 547,2411 543,2334 470,2305 468,2305 466,2305 435,2307 439,2415"/>
        <Baseline points="439,2415 547,2411"/>
        <TextEquiv conf="0.99608314037323">
          <Unicode>„</Unicode>
        </TextEquiv>
      </TextLine>
      <TextLine id="eSc_line_7c560d2f" custom="structure {type:default;}">
        <Coords points="713,2464 713,2486 2622,2477 2624,2455 2620,2429 711,2429 713,2464"/>
        <Baseline points="713,2464 2624,2455"/>
        <TextEquiv conf="0.9905257302172044">
          <Unicode>in aliqua causa contra eos iudices fuerint constituti, nulla huius facta mentione re-</Unicode>
        </TextEquiv>
      </TextLine>
      <TextLine id="eSc_line_7d0bc0ea" custom="structure {type:default;}">
        <Coords points="713,2517 713,2544 2624,2544 2626,2513 2620,2484 711,2486 713,2517"/>
        <Baseline points="713,2517 2626,2513"/>
        <TextEquiv conf="0.9993775508752684">
          <Unicode>scripti minime teneantur sub illorum examine adversariis respondere“. Neustria pia</Unicode>
        </TextEquiv>
      </TextLine>
      <TextLine id="eSc_line_7677d94d" custom="structure {type:default;}">
        <Coords points="711,2577 711,2594 1911,2588 1913,2570 1908,2539 1109,2530 1106,2530 1104,2530 1056,2541 790,2532 788,2532 709,2544 711,2577"/>
        <Baseline points="711,2577 1913,2570"/>
        <TextEquiv conf="0.9999200940132141">
          <Unicode>p. 244, Migne 206 p. 974. — „Requisistis a nobis“.</Unicode>
        </TextEquiv>
      </TextLine>
      <TextLine id="eSc_line_0f092931" custom="structure {type:default;}">
        <Coords points="143,2625 143,2676 201,2678 203,2678 205,2678 207,2678 207,2676 225,2661 238,2650 271,2652 304,2654 307,2654 309,2654 311,2654 326,2643 326,2621 320,2559 141,2579 143,2625"/>
        <Baseline points="143,2625 326,2621"/>
        <TextEquiv conf="0.9997433185577392">
          <Unicode>„ 25.</Unicode>
        </TextEquiv>
      </TextLine>
      <TextLine id="eSc_line_e656030d" custom="structure {type:default;}">
        <Coords points="665,2627 665,2650 2624,2645 2626,2623 2622,2592 662,2592 665,2627"/>
        <Baseline points="665,2627 2626,2623"/>
        <TextEquiv conf="0.9989448304635933">
          <Unicode>16958 (10411) C. (Omero), episcopo Ripensi, asserit „omne debitum iuris regii, quod</Unicode>
        </TextEquiv>
      </TextLine>
      <TextLine id="eSc_line_1800975a" custom="structure {type:default;}">
        <Coords points="444,2636 444,2647 455,2656 457,2656 459,2656 461,2656 536,2645 536,2634 532,2590 441,2590 444,2636"/>
        <Baseline points="444,2636 536,2634"/>
        <TextEquiv conf="0.9999992847442627">
          <Unicode>„</Unicode>
        </TextEquiv>
      </TextLine>
      <TextLine id="eSc_line_84a8019e" custom="structure {type:default;}">
        <Coords points="713,2683 713,2705 2622,2696 2624,2676 2618,2647 711,2652 713,2683"/>
        <Baseline points="713,2683 2624,2676"/>
        <TextEquiv conf="0.9985777328654033">
          <Unicode>rurenses Querset appellant, urbani vero Skot et Quersent vocant et dimidium cuius-</Unicode>
        </TextEquiv>
      </TextLine>
      <TextLine id="eSc_line_3fd48a75" custom="structure {type:default;}">
        <Coords points="711,2738 711,2764 2624,2762 2626,2731 2620,2703 709,2705 711,2738"/>
        <Baseline points="711,2738 2626,2731"/>
        <TextEquiv conf="0.9998573346084423">
          <Unicode>libet iuris regii, quod in civitate Rip(ensi) ascriptum est regiae potestati, tribus hiis</Unicode>
        </TextEquiv>
      </TextLine>
      <TextLine id="eSc_line_0c2d5f94" custom="structure {type:default;}">
        <Coords points="711,2791 711,2813 2624,2817 2626,2791 2626,2758 711,2758 711,2791"/>
        <Baseline points="711,2791 2626,2791"/>
        <TextEquiv conf="0.9930876033215583">
          <Unicode>exceptis: Forban Strandwerc et causis quadraginta marcarum, quod S(veno Grathe)</Unicode>
        </TextEquiv>
      </TextLine>
      <TextLine id="eSc_line_a5405162" custom="structure {type:default;}">
        <Coords points="713,2844 713,2868 2626,2868 2626,2844 2626,2817 713,2817 713,2844"/>
        <Baseline points="713,2844 2626,2844"/>
        <TextEquiv conf="0.9967504128997708">
          <Unicode>rex Danorum omnibus ccclesiae colonis tam urbicolis quam ruricolis dimisit“. Ter-</Unicode>
        </TextEquiv>
      </TextLine>
      <TextLine id="eSc_line_304f950c" custom="structure {type:default;}">
        <Coords points="711,2901 711,2926 718,2932 718,2934 720,2934 722,2934 724,2937 815,2937 815,2934 817,2934 819,2934 841,2921 916,2934 919,2934 992,2921 1212,2934 1215,2934 1217,2934 1246,2921 1314,2934 1316,2934 1319,2934 1352,2919 1433,2919 1447,2930 1447,2932 1449,2932 1451,2932 1453,2934 1566,2934 1566,2932 1568,2932 1570,2932 1570,2930 1584,2919 1641,2919 1654,2930 1654,2932 1657,2932 1659,2932 1661,2934 1924,2934 1924,2932 1926,2932 1979,2917 1979,2897 1975,2870 1484,2859 1482,2859 709,2873 711,2901"/>
        <Baseline points="711,2901 1979,2897"/>
        <TextEquiv conf="0.9985316220451804">
          <Unicode>pager Ripae Cimbr. p. 175. — „Cum a nobis petitur“.</Unicode>
        </TextEquiv>
      </TextLine>
      <TextLine id="eSc_line_fb214e3c" custom="structure {type:default;}">
        <Coords points="139,2950 139,2985 258,2992 260,2992 331,2976 331,2950 331,2903 139,2897 139,2950"/>
        <Baseline points="139,2950 331,2950"/>
        <TextEquiv conf="0.935743796825409">
          <Unicode>„ 26.</Unicode>
        </TextEquiv>
      </TextLine>
      <TextLine id="eSc_line_e3b8d942" custom="structure {type:default;}">
        <Coords points="662,2956 662,2983 2624,2976 2626,2950 2620,2917 660,2919 662,2956"/>
        <Baseline points="662,2956 2626,2950"/>
        <TextEquiv conf="0.9885955249721353">
          <Unicode>16959 (10412) Monasterii S. Benedicti Ringstadensis protectionem suscipit, possessiones-</Unicode>
        </TextEquiv>
      </TextLine>
      <TextLine id="eSc_line_b2dc7ef7" custom="structure {type:default;}">
        <Coords points="441,2963 441,3005 543,2990 543,2963 543,2862 512,2853 510,2853 508,2853 505,2853 503,2853 503,2855 477,2879 468,2890 441,2890 441,2963"/>
        <Baseline points="441,2963 543,2963"/>
        <TextEquiv conf="0.9450903534889221">
          <Unicode>„</Unicode>
        </TextEquiv>
      </TextLine>
      <TextLine id="eSc_line_bae3fdce" custom="structure {type:default;}">
        <Coords points="713,3009 713,3032 2620,3040 2622,3009 2622,2979 713,2970 713,3009"/>
        <Baseline points="713,3009 2622,3009"/>
        <TextEquiv conf="0.9879234262875148">
          <Unicode>que ac privilegia confirmat, petente Ansgario abbate. Daenische Bibliothek III. 140,</Unicode>
        </TextEquiv>
      </TextLine>
      <TextLine id="eSc_line_bbe6738f" custom="structure {type:default;}">
        <Coords points="713,3062 713,3082 773,3096 775,3096 857,3085 967,3085 980,3096 983,3096 985,3096 987,3096 989,3096 1034,3085 1133,3096 1135,3096 1137,3096 1162,3085 1239,3085 1250,3093 1250,3096 1252,3096 1254,3096 1257,3096 1869,3082 1869,3062 1869,3036 713,3034 713,3062"/>
        <Baseline points="713,3062 1869,3062"/>
        <TextEquiv conf="0.9889795019271526">
          <Unicode>Migne 206 p. 975, — „Quotiens a nobis petitur“.</Unicode>
        </TextEquiv>
      </TextLine>
      <TextLine id="eSc_line_91efb9fc" custom="structure {type:default;}">
        <Coords points="141,3118 143,3144 187,3131 223,3140 238,3142 240,3142 326,3131 326,3113 322,3051 269,3051 267,3051 265,3051 262,3051 247,3065 218,3089 139,3089 141,3118"/>
        <Baseline points="141,3118 326,3113"/>
        <TextEquiv conf="0.9999994754791259">
          <Unicode>„ 27.</Unicode>
        </TextEquiv>
      </TextLine>
      <TextLine id="eSc_line_119966f2" custom="structure {type:default;}">
        <Coords points="660,3118 660,3146 2620,3142 2622,3113 2615,3082 658,3085 660,3118"/>
        <Baseline points="660,3118 2622,3113"/>
        <TextEquiv conf="0.9976389519003934">
          <Unicode>16960 (10413) R(adulfo) abbati Fiscanensi concedit, „ut quemlibet vicarium ecclesiarum</Unicode>
        </TextEquiv>
      </TextLine>
      <TextLine id="eSc_line_564d7263" custom="structure {type:default;}">
        <Coords points="435,3124 435,3133 461,3146 463,3146 466,3146 468,3146 521,3131 521,3124 521,3098 435,3098 435,3124"/>
        <Baseline points="435,3124 521,3124"/>
        <TextEquiv conf="1.0">
          <Unicode>„)</Unicode>
        </TextEquiv>
      </TextLine>
      <TextLine id="eSc_line_bdcd311b" custom="structure {type:default;}">
        <Coords points="713,3173 713,3199 2622,3193 2624,3166 2618,3138 711,3140 713,3173"/>
        <Baseline points="713,3173 2624,3166"/>
        <TextEquiv conf="0.998206468890695">
          <Unicode>suarum, qui iis in persona propria contempserit deservire, liceat ei canonice praemo-</Unicode>
        </TextEquiv>
      </TextLine>
      <TextLine id="eSc_line_b6b11965" custom="structure {type:default;}">
        <Coords points="711,3230 711,3252 2620,3252 2622,3224 2615,3197 709,3199 711,3230"/>
        <Baseline points="711,3230 2622,3224"/>
        <TextEquiv conf="0.9977554463478456">
          <Unicode>nitum amovere“. Praeterea ei et eius fratribus indulget, „ut si quis eos conveniret</Unicode>
        </TextEquiv>
      </TextLine>
      <TextLine id="eSc_line_ec576cdc" custom="structure {type:default;}">
        <Coords points="709,3283 709,3305 773,3319 775,3319 777,3319 802,3305 804,3305 821,3305 934,3319 936,3319 989,3308 1000,3305 1177,3305 1186,3308 1226,3319 1228,3319 1230,3319 1296,3308 1312,3305 1347,3308 1486,3316 1489,3316 1491,3316 1520,3308 1535,3303 1553,3308 1588,3316 1590,3316 1592,3319 1701,3319 1701,3316 1703,3316 1705,3316 1716,3308 1723,3303 1736,3308 1765,3316 1767,3316 1769,3319 1917,3319 1917,3316 1955,3308 1986,3301 2178,3301 2191,3308 2198,3314 2200,3314 2202,3314 2204,3314 2293,3308 2399,3301 2454,3308 2496,3314 2498,3314 2618,3308 2620,3277 2613,3250 707,3255 709,3283"/>
        <Baseline points="709,3283 2620,3277"/>
        <TextEquiv conf="0.9996599778532982">
          <Unicode>super aliquo debito coram saeculari iudice, respondere minime teneantur“. Bessin</Unicode>
        </TextEquiv>
      </TextLine>
      <TextLine id="eSc_line_2f606dca" custom="structure {type:default;}">
        <Coords points="707,3332 704,3356 2615,3363 2620,3339 2618,3305 707,3299 707,3332"/>
        <Baseline points="707,3332 2620,3339"/>
        <TextEquiv conf="0.9999502954028902">
          <Unicode>Conc. Rotom. II. 34, Mansi XXII. 615, Migne 206 p. 977. — „Quanto monasterium tuae“.</Unicode>
        </TextEquiv>
      </TextLine>
      <TextLine id="eSc_line_9d5d58e9" custom="structure {type:default;}">
        <Coords points="103,3389 103,3436 150,3451 152,3451 154,3451 205,3445 249,3438 260,3449 265,3451 265,3453 267,3453 269,3453 271,3456 335,3456 335,3389 335,3283 296,3283 293,3283 291,3283 289,3283 289,3286 280,3292 247,3325 223,3310 220,3310 218,3310 216,3310 214,3310 187,3325 174,3314 163,3303 161,3303 159,3303 156,3303 154,3303 103,3327 103,3389"/>
        <Baseline points="103,3389 335,3389"/>
        <TextEquiv conf="0.8743873611092567">
          <Unicode>Na „</Unicode>
        </TextEquiv>
      </TextLine>
      <TextLine id="eSc_line_a94f8150" custom="structure {type:default;}">
        <Coords points="660,3392 660,3418 2624,3418 2624,3392 2624,3361 660,3361 660,3392"/>
        <Baseline points="660,3392 2624,3392"/>
        <TextEquiv conf="0.9916575323967707">
          <Unicode>16961 (10414) Monasterium S. Mariae de Ferraria (dioec. Theanensis) tuendum suscipit</Unicode>
        </TextEquiv>
      </TextLine>
      <TextLine id="eSc_line_cd1df7a4" custom="structure {type:default;}">
        <Coords points="428,3396 428,3456 494,3462 497,3462 499,3462 532,3447 532,3396 532,3363 428,3361 428,3396"/>
        <Baseline points="428,3396 532,3396"/>
        <TextEquiv conf="1.0">
          <Unicode>„</Unicode>
        </TextEquiv>
      </TextLine>
      <TextLine id="eSc_line_9f4dfc9e" custom="structure {type:default;}">
        <Coords points="709,3442 707,3471 2613,3478 2618,3451 2615,3420 709,3411 709,3442"/>
        <Baseline points="709,3442 2618,3451"/>
        <TextEquiv conf="0.9989991025491194">
          <Unicode>eiusque bona et privilegia confirmat, petente Nicolao abbate. Ughelli It. sacr. VI. 554,</Unicode>
        </TextEquiv>
      </TextLine>
      <TextLine id="eSc_line_c61764e8" custom="structure {type:default;}">
        <Coords points="713,3502 713,3562 1281,3546 1332,3555 1394,3568 1396,3568 1398,3568 1433,3555 1458,3546 1467,3555 1480,3566 1482,3566 1484,3566 1880,3568 1882,3568 1964,3548 1964,3502 1964,3473 713,3471 713,3502"/>
        <Baseline points="713,3502 1964,3502"/>
        <TextEquiv conf="0.9749844389803269">
          <Unicode>Migne 206 p. 978. — „Religiosam vitam eligentibus“.</Unicode>
        </TextEquiv>
      </TextLine>
      <TextLine id="eSc_line_99fb096c" custom="structure {type:default;}">
        <Coords points="2337,3522 2266,3524 2271,3564 2271,3590 2344,3590 2344,3559 2341,3557 2337,3522"/>
        <Baseline points="2271,3564 2344,3559"/>
        <TextEquiv conf="1.0">
          <Unicode>75*</Unicode>
        </TextEquiv>
      </TextLine>
    </TextRegion>
    <TextRegion id="eSc_textblock_83991468"  custom="structure {type:default;}">
      <Coords points="1175,141 1833,150 1851,236 848,245 892,150 1175,141"/>
      <TextLine id="eSc_line_58351898" custom="structure {type:default;}">
        <Coords points="874,185 874,218 874,240 1232,249 1235,249 1303,238 1314,238 1321,238 1358,249 1360,249 1363,249 1467,238 1480,238 1493,238 1634,249 1637,249 1639,249 1676,238 1791,249 1794,249 1796,249 1829,236 1829,218 1829,174 1714,150 1712,150 1710,150 1707,150 1676,172 1528,152 1526,152 1524,152 1478,172 1475,174 1400,174 1396,172 1343,150 1341,150 1338,150 1336,150 1334,150 1334,152 1312,172 1310,172 1265,154 1263,154 1155,150 1153,150 923,152 921,152 885,163 874,185"/>
        <Baseline points="874,218 1829,218"/>
        <TextEquiv conf="0.9997888079711369">
          <Unicode>COEI.ESTINUS III. 1191—1198.</Unicode>
        </TextEquiv>
      </TextLine>
    </TextRegion>
    <TextRegion id="eSc_textblock_a7a981de"  custom="structure {type:default;}">
      <Coords points="2545,159 2662,176 2653,245 2496,253 2487,176 2545,159"/>
      <TextLine id="eSc_line_5ee1443d" custom="structure {type:default;}">
        <Coords points="2593,165 2571,161 2549,159 2536,161 2505,172 2505,218 2505,247 2631,249 2633,218 2633,172 2607,165 2593,165"/>
        <Baseline points="2505,218 2633,218"/>
        <TextEquiv conf="0.9998558958371481">
          <Unicode>595</Unicode>
        </TextEquiv>
      </TextLine>
    </TextRegion>
  </Page>
</PcGts>
