<?xml version="1.0" encoding="UTF-8"  standalone="yes"?>
<PcGts xmlns="http://schema.primaresearch.org/PAGE/gts/pagecontent/2019-07-15" xmlns:xsi="http://www.w3.org/2001/XMLSchema-instance" xsi:schemaLocation="http://schema.primaresearch.org/PAGE/gts/pagecontent/2019-07-15 http://schema.primaresearch.org/PAGE/gts/pagecontent/2019-07-15/pagecontent.xsd">
  <Metadata externalRef="pdf//regestapontificu02cath.pdf">
	<Creator>escriptorium</Creator>
	<Created>2026-01-31T10:44:45.535997+00:00</Created>
        <LastChange>2026-02-04T23:43:59.417431+00:00</LastChange>
  </Metadata>
  <Page imageFilename="regestapontificu02cath.pdf_page_618.png" imageWidth="3007" imageHeight="3975">
    <TextRegion id="eSc_textblock_34712c33"  custom="structure {type:default;}">
      <Coords points="311,141 448,141 457,200 326,227 291,183 311,141"/>
      <TextLine id="eSc_line_69595e7a" custom="structure {type:default;}">
        <Coords points="426,141 404,141 382,141 360,141 338,141 315,141 320,189 322,223 444,218 444,183 437,141 426,141"/>
        <Baseline points="320,189 444,183"/>
        <TextEquiv conf="0.9950553377469381">
          <Unicode>606</Unicode>
        </TextEquiv>
      </TextLine>
    </TextRegion>
    <TextRegion id="eSc_textblock_1b787366"  custom="structure {type:default;}">
      <Coords points="340,282 397,318 556,326 901,282 2874,282 2874,3486 866,3504 855,3478 653,3495 572,3460 380,3478 309,3451 291,1669 280,1587 185,1623 176,1572 273,1525 282,485 291,335 340,282"/>
      <TextLine id="eSc_line_1aae69ef" custom="structure {type:default;}">
        <Coords points="866,344 866,366 2777,362 2779,333 2775,284 863,284 866,344"/>
        <Baseline points="866,344 2779,333"/>
        <TextEquiv conf="0.9568258762359619">
          <Unicode>1194. (Indt. 12. - Nept. — 13. pont. a. 3. 11. Ip. — I. 1193. — 25. Mart. 1191.)</Unicode>
        </TextEquiv>
      </TextLine>
      <TextLine id="eSc_line_887b2c09" custom="structure {type:default;}">
        <Coords points="338,404 338,435 1961,439 1964,439 1977,437 2021,428 2346,437 2359,437 2361,437 2364,437 2443,426 2474,437 2476,437 2478,439 2852,439 2854,397 2850,366 2728,351 2726,351 2651,364 2558,353 2556,353 2554,353 2525,366 2189,366 2140,348 2138,348 2136,348 1937,366 1922,366 1869,366 1177,351 1175,351 1047,364 947,353 945,353 943,353 910,366 903,368 883,366 762,353 760,353 335,366 338,404"/>
        <Baseline points="338,404 2854,397"/>
        <TextEquiv conf="0.9899431628232099">
          <Unicode>lun. 5. Romar ap. 17117 (10472) Compositionem inter monasterium Maulbrunnense et ecclesiam Spiren-</Unicode>
        </TextEquiv>
      </TextLine>
      <TextLine id="eSc_line_f63f0e1f" custom="structure {type:default;}">
        <Coords points="587,459 587,496 841,483 841,454 835,424 585,426 587,459"/>
        <Baseline points="587,459 841,454"/>
        <TextEquiv conf="0.9996265437867906">
          <Unicode>S. Petrum</Unicode>
        </TextEquiv>
      </TextLine>
      <TextLine id="eSc_line_e62c0a9e" custom="structure {type:default;}">
        <Coords points="934,459 934,481 2847,477 2850,454 2843,424 932,426 934,459"/>
        <Baseline points="934,459 2850,454"/>
        <TextEquiv conf="0.9964927274447221">
          <Unicode>sem factam confirmat. Wirtemberg. Urkundcnb. II. 306. — „Cum a nobis pctitur“.</Unicode>
        </TextEquiv>
      </TextLine>
      <TextLine id="eSc_line_17457817" custom="structure {type:default;}">
        <Coords points="892,516 892,536 2847,541 2852,512 2845,468 890,477 892,516"/>
        <Baseline points="892,516 2852,512"/>
        <TextEquiv conf="0.9968392497085663">
          <Unicode>17118 (10473) M(ichaeli) archiepiscopo et M(anassae) archidiacono Senonensi mandat,</Unicode>
        </TextEquiv>
      </TextLine>
      <TextLine id="eSc_line_21f8f734" custom="structure {type:default;}">
        <Coords points="377,521 380,547 430,534 463,543 475,545 477,545 479,545 543,536 543,514 536,457 375,485 377,521"/>
        <Baseline points="377,521 543,514"/>
        <TextEquiv conf="0.9872784614562988">
          <Unicode>„ 6.</Unicode>
        </TextEquiv>
      </TextLine>
      <TextLine id="eSc_line_873e3e0a" custom="structure {type:default;}">
        <Coords points="702,523 702,585 753,580 753,523 753,496 702,496 702,523"/>
        <Baseline points="702,523 753,523"/>
        <TextEquiv conf="0.9931193590164185">
          <Unicode>„</Unicode>
        </TextEquiv>
      </TextLine>
      <TextLine id="eSc_line_74b5a463" custom="structure {type:default;}">
        <Coords points="947,569 947,589 2854,585 2856,565 2850,536 945,538 947,569"/>
        <Baseline points="947,569 2856,565"/>
        <TextEquiv conf="0.9999987019432915">
          <Unicode>iudicent inter capitulum Carnotense et comitissam Carnotensem. Theodori Poeniten-</Unicode>
        </TextEquiv>
      </TextLine>
      <TextLine id="eSc_line_378ca1e5" custom="structure {type:default;}">
        <Coords points="945,624 945,653 2852,644 2854,620 2847,589 943,591 945,624"/>
        <Baseline points="945,624 2854,620"/>
        <TextEquiv conf="0.9872684881091118">
          <Unicode>tiale II. 567, Lépinois et Merlet Cart. I. 227, Migne 206 p. 1035. — „Sicut Hen-</Unicode>
        </TextEquiv>
      </TextLine>
      <TextLine id="eSc_line_3f253913" custom="structure {type:default;}">
        <Coords points="943,677 943,700 1045,704 1047,704 1049,704 1102,686 1102,671 1095,633 938,633 943,677"/>
        <Baseline points="943,677 1102,671"/>
        <TextEquiv conf="0.941779375076294">
          <Unicode>ricus-.</Unicode>
        </TextEquiv>
      </TextLine>
      <TextLine id="eSc_line_a130cf1b" custom="structure {type:default;}">
        <Coords points="892,735 892,755 2856,748 2856,728 2852,691 974,684 972,684 890,695 892,735"/>
        <Baseline points="892,735 2856,728"/>
        <TextEquiv conf="0.9900386170262382">
          <Unicode>17119 (10474) (Adclardo), episcopo Veronensi, mandat, ut „a (Icopoldo) duce Austriae</Unicode>
        </TextEquiv>
      </TextLine>
      <TextLine id="eSc_line_4c172928" custom="structure {type:default;}">
        <Coords points="368,739 368,786 413,786 413,783 415,783 417,783 426,777 444,764 468,770 505,779 508,779 510,779 512,779 554,757 554,733 547,662 481,664 479,664 477,664 459,677 437,695 366,695 368,739"/>
        <Baseline points="368,739 554,733"/>
        <TextEquiv conf="0.9857373982667923">
          <Unicode>„ 6.</Unicode>
        </TextEquiv>
      </TextLine>
      <TextLine id="eSc_line_8f86bf96" custom="structure {type:default;}">
        <Coords points="682,742 682,775 777,770 777,737 771,706 680,708 682,742"/>
        <Baseline points="682,742 777,737"/>
        <TextEquiv conf="0.9993708729743958">
          <Unicode>„</Unicode>
        </TextEquiv>
      </TextLine>
      <TextLine id="eSc_line_942a4802" custom="structure {type:default;}">
        <Coords points="945,786 945,810 980,823 983,823 985,825 1184,825 1184,823 1186,823 1219,812 1221,812 1224,812 1283,823 1285,823 1411,812 1429,812 1431,812 1447,823 1449,823 1451,823 1453,823 1528,814 1544,812 1559,814 1623,823 1626,823 1701,814 1723,812 1727,814 1745,823 1747,823 1749,823 1811,814 1833,812 1858,814 1911,823 1913,823 1948,817 1966,812 1984,817 2019,823 2021,823 2092,817 2134,812 2143,817 2156,823 2158,823 2160,823 2163,823 2189,817 2211,812 2253,817 2306,823 2308,823 2341,817 2370,812 2408,819 2445,823 2448,823 2450,823 2470,819 2494,812 2516,819 2531,823 2534,823 2536,823 2591,819 2662,812 2675,819 2680,823 2682,823 2684,823 2686,823 2856,819 2856,786 2856,757 945,750 945,786"/>
        <Baseline points="945,786 2856,786"/>
        <TextEquiv conf="0.995169576348328">
          <Unicode>iuramentum recipiat. quod“ inquit „mandatis nostris per omnia sine fraude parebit:</Unicode>
        </TextEquiv>
      </TextLine>
      <TextLine id="eSc_line_69bdf431" custom="structure {type:default;}">
        <Coords points="950,843 950,865 2854,874 2856,843 2856,810 950,810 950,843"/>
        <Baseline points="950,843 2856,843"/>
        <TextEquiv conf="0.9949636422557595">
          <Unicode>quo recepto, praecipias, ut obsides (Richardi) regis Anglorum universos absolvat,</Unicode>
        </TextEquiv>
      </TextLine>
      <TextLine id="eSc_line_7d51c11b" custom="structure {type:default;}">
        <Coords points="945,896 945,920 2856,918 2856,896 2856,863 945,863 945,896"/>
        <Baseline points="945,896 2856,896"/>
        <TextEquiv conf="0.9980960385552768">
          <Unicode>conditiones omnes, quas exegit ab ipso, relaxet, et oblata sibi per cum et suos et quae</Unicode>
        </TextEquiv>
      </TextLine>
      <TextLine id="eSc_line_95b18c13" custom="structure {type:default;}">
        <Coords points="945,951 945,973 2854,969 2856,947 2850,920 943,923 945,951"/>
        <Baseline points="945,951 2856,947"/>
        <TextEquiv conf="0.9992716179174536">
          <Unicode>de ipsius regis iniqua redemptionc percepit, sibi per universa restituchs, eosdem ob-</Unicode>
        </TextEquiv>
      </TextLine>
      <TextLine id="eSc_line_19b04b85" custom="structure {type:default;}">
        <Coords points="945,1002 943,1033 2854,1037 2858,1007 2858,978 945,973 945,1002"/>
        <Baseline points="945,1002 2858,1007"/>
        <TextEquiv conf="0.9986087247019723">
          <Unicode>sides faciat cum securitate ad propria remeare; his demum rite completis, ei et suis</Unicode>
        </TextEquiv>
      </TextLine>
      <TextLine id="eSc_line_354cade6" custom="structure {type:default;}">
        <Coords points="945,1060 945,1086 2858,1086 2858,1060 2858,1024 945,1020 945,1060"/>
        <Baseline points="945,1060 2858,1060"/>
        <TextEquiv conf="0.9998841665685176">
          <Unicode>absolutionis munus impendas; illud autem eidem duci et suis sub debito praedicto</Unicode>
        </TextEquiv>
      </TextLine>
      <TextLine id="eSc_line_a3de3cf3" custom="structure {type:default;}">
        <Coords points="947,1117 947,1143 2854,1135 2856,1108 2850,1077 945,1079 947,1117"/>
        <Baseline points="947,1117 2856,1108"/>
        <TextEquiv conf="0.9962792454696283">
          <Unicode>iuramenti praecipias, quod, quam citius potuerint, ad partes lerosolimitanas acce-</Unicode>
        </TextEquiv>
      </TextLine>
      <TextLine id="eSc_line_50320361" custom="structure {type:default;}">
        <Coords points="945,1172 945,1190 978,1203 980,1203 983,1203 1060,1192 1062,1192 1067,1192 1232,1203 1235,1203 1290,1192 1301,1192 1325,1194 1449,1203 1451,1203 1513,1194 1533,1192 1557,1194 1615,1203 1617,1203 1710,1196 1765,1192 1774,1196 1787,1203 1789,1203 1791,1205 2034,1205 2034,1203 2037,1203 2050,1199 2070,1192 2359,1201 2470,1203 2472,1203 2483,1201 2525,1192 2600,1203 2613,1203 2615,1203 2618,1203 2620,1203 2651,1192 2735,1203 2741,1203 2744,1203 2746,1203 2783,1192 2856,1203 2858,1172 2858,1141 2666,1130 2664,1130 2607,1141 2600,1141 2591,1141 2538,1130 2536,1130 2485,1141 2478,1141 2472,1141 2399,1130 2397,1130 2394,1130 2364,1141 2361,1141 2330,1130 2328,1130 2326,1130 2324,1130 2302,1141 2299,1141 2297,1141 2260,1130 2258,1130 2255,1130 2202,1141 2200,1141 2182,1130 2180,1130 2178,1130 2176,1130 2174,1130 2143,1141 2140,1141 2138,1141 2090,1130 2087,1130 2030,1141 2028,1141 1999,1130 1997,1130 1995,1130 1919,1141 1917,1141 1915,1141 1877,1130 1875,1130 1873,1130 1871,1130 1869,1130 1853,1141 1851,1143 1752,1143 1749,1141 1659,1130 1657,1130 1601,1141 1562,1130 1559,1130 1557,1130 1555,1130 1509,1141 1396,1130 1394,1130 1391,1130 1363,1141 1341,1130 1338,1130 1336,1130 1334,1130 1305,1141 1290,1130 1288,1130 1285,1130 1142,1130 1140,1130 1082,1141 1060,1130 1058,1130 1056,1130 1053,1130 1027,1141 969,1130 967,1130 965,1130 945,1139 945,1172"/>
        <Baseline points="945,1172 2858,1172"/>
        <TextEquiv conf="0.9901534492456461">
          <Unicode>dant“. Radulfi de Diceto Im. Hist. ap. Twysden H. A. SS. I. 675, Opp. hist. ed.</Unicode>
        </TextEquiv>
      </TextLine>
      <TextLine id="eSc_line_6cfba962" custom="structure {type:default;}">
        <Coords points="943,1227 943,1254 1747,1247 1765,1249 1809,1258 1811,1258 1813,1258 1816,1258 1827,1249 1831,1247 1855,1249 1922,1256 1924,1256 1968,1249 1992,1245 2039,1247 2134,1256 2136,1256 2138,1256 2160,1247 2169,1245 2193,1247 2264,1256 2266,1256 2408,1245 2434,1245 2441,1245 2478,1256 2481,1256 2483,1258 2761,1258 2761,1256 2763,1256 2812,1243 2812,1223 2808,1192 941,1192 943,1227"/>
        <Baseline points="943,1227 2812,1223"/>
        <TextEquiv conf="0.9893174147605897">
          <Unicode>Stubbs II. 119, Rymer Foedera I. 64, Migne 206 p. 1036. — „Volumus et per“.</Unicode>
        </TextEquiv>
      </TextLine>
      <TextLine id="eSc_line_a444a7ca" custom="structure {type:default;}">
        <Coords points="894,1283 894,1305 2856,1300 2858,1276 2854,1238 936,1236 934,1236 932,1236 892,1247 894,1283"/>
        <Baseline points="894,1283 2858,1276"/>
        <TextEquiv conf="0.991631799585679">
          <Unicode>17120 (10475) Monasterii Lucellensis protectionem suscipit, possessioncsque ac privi-</Unicode>
        </TextEquiv>
      </TextLine>
      <TextLine id="eSc_line_cdcb6f04" custom="structure {type:default;}">
        <Coords points="366,1289 366,1298 753,1300 755,1285 746,1236 673,1256 596,1243 563,1238 561,1238 490,1241 488,1241 486,1241 477,1249 463,1258 364,1256 366,1289"/>
        <Baseline points="366,1289 755,1285"/>
        <TextEquiv conf="0.9997378885746002">
          <Unicode>„ 8. .</Unicode>
        </TextEquiv>
      </TextLine>
      <TextLine id="eSc_line_940f5a9d" custom="structure {type:default;}">
        <Coords points="945,1336 945,1353 1000,1371 1003,1371 1005,1371 1007,1371 1067,1355 1173,1371 1175,1373 1279,1373 1279,1371 1281,1371 1321,1355 1504,1371 1506,1371 1584,1358 1703,1369 1705,1369 1707,1369 1710,1369 1727,1355 1729,1355 1818,1355 1853,1371 1855,1371 1858,1371 1924,1355 1935,1353 2008,1353 2012,1355 2041,1369 2043,1369 2045,1369 2103,1355 2116,1353 2227,1353 2233,1355 2251,1369 2253,1369 2255,1369 2258,1369 2463,1366 2509,1355 2525,1353 2543,1355 2615,1369 2618,1369 2675,1355 2688,1353 2695,1355 2724,1369 2726,1369 2728,1371 2803,1371 2803,1369 2856,1355 2858,1331 2854,1302 943,1300 945,1336"/>
        <Baseline points="945,1336 2858,1331"/>
        <TextEquiv conf="0.9964030845959981">
          <Unicode>legia confirmat. Trouillat Mon. de Bale I. 425. — „Religiosam vitam eligen-</Unicode>
        </TextEquiv>
      </TextLine>
      <TextLine id="eSc_line_23e2398e" custom="structure {type:default;}">
        <Coords points="938,1391 938,1402 1016,1422 1018,1422 1020,1422 1100,1397 1100,1386 1093,1355 936,1358 938,1391"/>
        <Baseline points="938,1391 1100,1386"/>
        <TextEquiv conf="0.9999743103981018">
          <Unicode>tibus“.</Unicode>
        </TextEquiv>
      </TextLine>
      <TextLine id="eSc_line_5d081eca" custom="structure {type:default;}">
        <Coords points="888,1448 888,1472 2854,1472 2856,1442 2850,1400 885,1406 888,1448"/>
        <Baseline points="888,1448 2856,1442"/>
        <TextEquiv conf="0.9860165353062786">
          <Unicode>17121 (10476) (Hugonem) episcopum Lincolniensem, (Witthemerum) archidiaconum de</Unicode>
        </TextEquiv>
      </TextLine>
      <TextLine id="eSc_line_59b2ad2e" custom="structure {type:default;}">
        <Coords points="366,1453 366,1468 437,1468 452,1475 486,1497 488,1497 490,1497 492,1497 494,1497 497,1497 521,1481 539,1468 616,1486 618,1486 620,1486 623,1486 640,1475 671,1490 687,1499 689,1499 691,1499 764,1497 764,1446 760,1404 691,1395 625,1360 623,1360 620,1360 494,1362 492,1362 490,1362 490,1364 446,1408 446,1411 364,1411 366,1453"/>
        <Baseline points="366,1453 764,1446"/>
        <TextEquiv conf="0.9983745217323303">
          <Unicode>— - „</Unicode>
        </TextEquiv>
      </TextLine>
      <TextLine id="eSc_line_f1d94a0b" custom="structure {type:default;}">
        <Coords points="945,1501 945,1525 2854,1521 2856,1495 2852,1468 943,1464 945,1501"/>
        <Baseline points="945,1501 2856,1495"/>
        <TextEquiv conf="0.9964435688960247">
          <Unicode>Northamptun, (Hugonem) priorem de Ponte sancto quaesitores constituit criminum</Unicode>
        </TextEquiv>
      </TextLine>
      <TextLine id="eSc_line_cd40920e" custom="structure {type:default;}">
        <Coords points="943,1556 943,1576 2852,1578 2854,1556 2854,1525 943,1525 943,1556"/>
        <Baseline points="943,1556 2854,1556"/>
        <TextEquiv conf="0.9985354145367941">
          <Unicode>Gaufrido, archiepiscopo Eboracensi, obiectorum. Rogeri dc Hoveden Annal. 1194 ap.</Unicode>
        </TextEquiv>
      </TextLine>
      <TextLine id="eSc_line_afbaf642" custom="structure {type:default;}">
        <Coords points="943,1614 943,1638 2852,1634 2854,1609 2847,1576 941,1578 943,1614"/>
        <Baseline points="943,1614 2854,1609"/>
        <TextEquiv conf="0.9952071694766774">
          <Unicode>Savile R. A. SS. p. 426“, ed. Stubbs III. 279, Mansi XXII. 599, Tromby Stor. Cart. V.</Unicode>
        </TextEquiv>
      </TextLine>
      <TextLine id="eSc_line_45b9acc5" custom="structure {type:default;}">
        <Coords points="943,1667 943,1684 1290,1696 1292,1696 1453,1684 1455,1684 1495,1696 1497,1696 1500,1696 1502,1696 1504,1696 1524,1684 1977,1693 1979,1693 1981,1693 2006,1682 2061,1693 2063,1693 2065,1693 2068,1693 2085,1682 2127,1693 2129,1693 2132,1693 2134,1693 2178,1680 2178,1662 2174,1627 1813,1618 1811,1618 1679,1629 1676,1629 1674,1629 1568,1618 1566,1618 1564,1618 1535,1631 1533,1634 1369,1634 1307,1634 1212,1620 1210,1620 1208,1620 1179,1631 1157,1620 1155,1620 1153,1620 1151,1620 1148,1620 1133,1634 994,1634 967,1620 965,1620 963,1620 961,1620 958,1620 941,1629 943,1667"/>
        <Baseline points="943,1667 2178,1662"/>
        <TextEquiv conf="0.9931460225582123">
          <Unicode>App. p. 7, Migne 206 p. 1037. — „Mediator dei et“.</Unicode>
        </TextEquiv>
      </TextLine>
      <TextLine id="eSc_line_fe6a7cb2" custom="structure {type:default;}">
        <Coords points="885,1722 885,1742 2123,1751 2125,1751 2127,1751 2149,1740 2151,1740 2854,1740 2856,1715 2850,1684 883,1689 885,1722"/>
        <Baseline points="885,1722 2856,1715"/>
        <TextEquiv conf="0.986533174681109">
          <Unicode>17122 Monasterii Bellae-vallis (d. Vesont.) possessiones iuraque confirmat. Cartul. dc</Unicode>
        </TextEquiv>
      </TextLine>
      <TextLine id="eSc_line_fef054c2" custom="structure {type:default;}">
        <Coords points="366,1729 366,1742 782,1740 782,1724 777,1625 720,1616 620,1525 620,1523 618,1523 616,1523 565,1523 563,1523 521,1525 519,1525 517,1525 517,1528 415,1627 415,1629 364,1629 366,1729"/>
        <Baseline points="366,1729 782,1724"/>
        <TextEquiv conf="0.9999201893806458">
          <Unicode>„„</Unicode>
        </TextEquiv>
      </TextLine>
      <TextLine id="eSc_line_881d71a0" custom="structure {type:default;}">
        <Coords points="943,1775 943,1806 2854,1806 2856,1771 2850,1742 941,1744 943,1775"/>
        <Baseline points="943,1775 2856,1771"/>
        <TextEquiv conf="0.9941111817246392">
          <Unicode>Bellevaux. Coll. Moreau t. 870 f. 160“ in bibl. nat. Paris. — „Rcligiosam vitam eli-</Unicode>
        </TextEquiv>
      </TextLine>
      <TextLine id="eSc_line_79c95298" custom="structure {type:default;}">
        <Coords points="941,1832 941,1848 1034,1859 1036,1859 1177,1843 1179,1828 1173,1790 938,1793 941,1832"/>
        <Baseline points="941,1832 1179,1828"/>
        <TextEquiv conf="1.0">
          <Unicode>gentibus“.</Unicode>
        </TextEquiv>
      </TextLine>
      <TextLine id="eSc_line_86d596d4" custom="structure {type:default;}">
        <Coords points="651,1888 651,1930 695,1954 698,1954 700,1956 744,1956 744,1954 746,1954 748,1954 790,1927 790,1885 784,1837 649,1837 651,1888"/>
        <Baseline points="651,1888 790,1885"/>
        <TextEquiv conf="1.0">
          <Unicode>„</Unicode>
        </TextEquiv>
      </TextLine>
      <TextLine id="eSc_line_7e9794da" custom="structure {type:default;}">
        <Coords points="883,1888 883,1910 2854,1908 2856,1879 2850,1837 2260,1848 2246,1841 2238,1837 2235,1837 2233,1837 2189,1841 2140,1848 2116,1843 2092,1837 2090,1837 2087,1837 2056,1843 2030,1848 1988,1843 1919,1837 1917,1837 1915,1837 1884,1846 1860,1850 1692,1846 1385,1839 1383,1839 1380,1839 1352,1850 1343,1852 1250,1850 912,1841 910,1841 908,1841 881,1850 883,1888"/>
        <Baseline points="883,1888 2856,1879"/>
        <TextEquiv conf="0.9953478644060534">
          <Unicode>17123 Alberto praeposito, subdiacono suo, et canonicis ecclesiae S. Cassiani Imolensis</Unicode>
        </TextEquiv>
      </TextLine>
      <TextLine id="eSc_line_49529f3f" custom="structure {type:default;}">
        <Coords points="371,1892 371,1927 417,1925 419,1925 421,1925 421,1923 424,1923 441,1901 468,1916 470,1916 472,1916 475,1916 570,1899 572,1885 563,1828 490,1846 366,1837 371,1892"/>
        <Baseline points="371,1892 572,1885"/>
        <TextEquiv conf="0.9999508261680603">
          <Unicode>„ 10.</Unicode>
        </TextEquiv>
      </TextLine>
      <TextLine id="eSc_line_c66e8ad2" custom="structure {type:default;}">
        <Coords points="943,1941 943,1974 1219,1967 1367,1974 1453,1978 1455,1978 1500,1974 1590,1965 1639,1974 1654,1976 1657,1976 1676,1974 1743,1965 2041,1974 2147,1976 2149,1976 2176,1974 2258,1963 2275,1974 2277,1974 2280,1974 2282,1974 2295,1974 2394,1963 2434,1974 2439,1974 2441,1974 2443,1976 2569,1976 2569,1974 2571,1974 2573,1974 2587,1963 2611,1974 2615,1974 2618,1974 2620,1976 2735,1976 2735,1974 2737,1974 2739,1974 2757,1963 2852,1972 2856,1934 2850,1905 941,1910 943,1941"/>
        <Baseline points="943,1941 2856,1934"/>
        <TextEquiv conf="0.9908517099916935">
          <Unicode>petentibus, „constitutionem super certo numero canonicorum in ecclesia eadem“ ab</Unicode>
        </TextEquiv>
      </TextLine>
      <TextLine id="eSc_line_3becbee3" custom="structure {type:default;}">
        <Coords points="941,1996 941,2022 2854,2020 2856,1991 2852,1961 938,1958 941,1996"/>
        <Baseline points="941,1996 2856,1991"/>
        <TextEquiv conf="0.999238223205378">
          <Unicode>iis factam confirmat. Manzoni Episcoporum Cornel. sive Imol. hist. p. 133. — „In-</Unicode>
        </TextEquiv>
      </TextLine>
      <TextLine id="eSc_line_9e4bb9c8" custom="structure {type:default;}">
        <Coords points="941,2049 941,2069 1442,2069 1442,2049 1442,2016 941,2016 941,2049"/>
        <Baseline points="941,2049 1442,2049"/>
        <TextEquiv conf="0.9945611300922576">
          <Unicode>cumbit nobis debito“.</Unicode>
        </TextEquiv>
      </TextLine>
      <TextLine id="eSc_line_7ca3af50" custom="structure {type:default;}">
        <Coords points="368,2111 368,2166 424,2166 424,2164 426,2164 435,2159 470,2139 539,2144 541,2144 543,2144 585,2124 640,2124 667,2139 682,2150 684,2150 687,2150 689,2150 795,2128 795,2106 790,2073 698,2055 695,2055 693,2055 636,2073 631,2073 623,2073 475,2058 472,2058 470,2058 433,2073 428,2075 366,2075 368,2111"/>
        <Baseline points="368,2111 795,2106"/>
        <TextEquiv conf="0.9840239371572223">
          <Unicode>„ 12. „</Unicode>
        </TextEquiv>
      </TextLine>
      <TextLine id="eSc_line_6cb2ed9e" custom="structure {type:default;}">
        <Coords points="881,2111 881,2153 934,2150 936,2150 938,2150 967,2133 1186,2144 1188,2144 1190,2144 1215,2133 1504,2142 1506,2142 1570,2131 1639,2144 1643,2144 1646,2144 1657,2144 1829,2128 1884,2142 1902,2144 1904,2146 2059,2146 2059,2144 2087,2137 2143,2126 2171,2137 2182,2142 2185,2142 2187,2142 2222,2137 2260,2131 2286,2135 2317,2142 2319,2142 2322,2142 2324,2142 2333,2135 2341,2131 2364,2135 2412,2144 2414,2144 2417,2144 2450,2133 2467,2128 2494,2133 2540,2142 2543,2144 2828,2144 2828,2142 2830,2142 2854,2128 2854,2100 2847,2067 879,2075 881,2111"/>
        <Baseline points="881,2111 2854,2100"/>
        <TextEquiv conf="0.9968671425279364">
          <Unicode>17124 Canonicis S. Antonini Placentinis concedit, „ne fidelitas, quam Hugo, quondam</Unicode>
        </TextEquiv>
      </TextLine>
      <TextLine id="eSc_line_dfb5afde" custom="structure {type:default;}">
        <Coords points="943,2161 943,2190 2854,2188 2856,2153 2852,2126 941,2126 943,2161"/>
        <Baseline points="943,2161 2856,2153"/>
        <TextEquiv conf="0.9964818467454213">
          <Unicode>Tusculanus, tunc Placentinus episcopus ab eorum praeposito extorserit, ullum prac-</Unicode>
        </TextEquiv>
      </TextLine>
      <TextLine id="eSc_line_3a04fb6e" custom="structure {type:default;}">
        <Coords points="943,2214 943,2239 2854,2239 2854,2214 2854,2179 943,2179 943,2214"/>
        <Baseline points="943,2214 2854,2214"/>
        <TextEquiv conf="0.9954354741224428">
          <Unicode>iudicium eis affcrat, maxime cum usque ad illa tempora nullus praepositorum S. An-</Unicode>
        </TextEquiv>
      </TextLine>
      <TextLine id="eSc_line_ade9a26c" custom="structure {type:default;}">
        <Coords points="943,2270 943,2292 1323,2307 1325,2307 1327,2307 1330,2307 1352,2294 1480,2303 1482,2303 1484,2303 1522,2292 1542,2307 1544,2307 1546,2307 1548,2309 1676,2309 1676,2307 1679,2307 1727,2292 1729,2292 1893,2307 1895,2307 1897,2307 1961,2290 1968,2290 1984,2290 2116,2305 2118,2307 2185,2307 2185,2305 2187,2305 2213,2290 2216,2290 2218,2290 2275,2305 2277,2305 2280,2305 2847,2287 2850,2265 2845,2239 2733,2226 2730,2226 2675,2237 2629,2226 2626,2226 2624,2226 2505,2237 1895,2228 1893,2228 1891,2228 1889,2228 1873,2239 1756,2228 1754,2228 1752,2228 1718,2239 1365,2228 1363,2228 1360,2228 1325,2239 963,2228 961,2228 958,2228 956,2228 941,2237 943,2270"/>
        <Baseline points="943,2270 2850,2265"/>
        <TextEquiv conf="0.9900530068962662">
          <Unicode>tonini fidelitatem dederit episcopo Placentino“. Wiener Sitzungsber. XCIV. 694. —</Unicode>
        </TextEquiv>
      </TextLine>
      <TextLine id="eSc_line_5c403f68" custom="structure {type:default;}">
        <Coords points="941,2329 941,2349 1268,2358 1270,2358 1272,2358 1299,2345 1303,2343 1314,2343 1398,2356 1400,2356 1402,2356 1453,2340 1453,2323 1449,2290 938,2290 941,2329"/>
        <Baseline points="941,2329 1453,2323"/>
        <TextEquiv conf="0.995349759640901">
          <Unicode>„In apostolicae sedis“.</Unicode>
        </TextEquiv>
      </TextLine>
      <TextLine id="eSc_line_23002850" custom="structure {type:default;}">
        <Coords points="658,2382 658,2389 695,2409 698,2409 700,2409 790,2389 790,2382 790,2356 658,2351 658,2382"/>
        <Baseline points="658,2382 790,2382"/>
        <TextEquiv conf="1.0">
          <Unicode>„</Unicode>
        </TextEquiv>
      </TextLine>
      <TextLine id="eSc_line_7cb45b38" custom="structure {type:default;}">
        <Coords points="881,2382 881,2404 2854,2407 2856,2373 2850,2340 879,2347 881,2382"/>
        <Baseline points="881,2382 2856,2373"/>
        <TextEquiv conf="0.9994808268256303">
          <Unicode>17125 Ecclesiae S. Petri ad Vincula foris portam Pisanam tutelam suscipit, bonaquc</Unicode>
        </TextEquiv>
      </TextLine>
      <TextLine id="eSc_line_fdfdfe01" custom="structure {type:default;}">
        <Coords points="368,2385 368,2396 450,2391 468,2393 530,2402 532,2402 534,2402 565,2387 565,2380 556,2318 452,2347 421,2340 408,2338 406,2338 404,2338 366,2347 368,2385"/>
        <Baseline points="368,2385 565,2380"/>
        <TextEquiv conf="0.9952850818634034">
          <Unicode>„ 15.</Unicode>
        </TextEquiv>
      </TextLine>
      <TextLine id="eSc_line_2f54bcb0" custom="structure {type:default;}">
        <Coords points="938,2435 938,2455 1385,2455 1387,2455 1482,2466 1484,2466 1855,2455 1913,2464 1915,2464 1917,2464 1919,2464 1933,2453 2012,2464 2014,2464 2017,2464 2045,2451 2048,2451 2105,2451 2536,2462 2538,2462 2540,2462 2580,2449 2580,2429 2573,2400 1703,2400 1690,2389 1687,2389 1685,2389 1513,2389 1511,2389 1376,2402 1148,2391 1146,2391 1144,2391 1142,2391 1129,2404 1047,2404 1016,2391 1014,2391 1011,2391 936,2404 938,2435"/>
        <Baseline points="938,2435 2580,2429"/>
        <TextEquiv conf="0.9956823423288871">
          <Unicode>et iura confirmat. Pflugk-Harttung Iter p. 331. — „Quotiens a nobis“.</Unicode>
        </TextEquiv>
      </TextLine>
      <TextLine id="eSc_line_30e0ad8f" custom="structure {type:default;}">
        <Coords points="885,2493 885,2515 1051,2515 1069,2526 1071,2526 1073,2526 1075,2526 1078,2526 1102,2515 1193,2526 1195,2526 1197,2526 1241,2515 1431,2524 1433,2524 1436,2524 1438,2524 1455,2513 1864,2524 1866,2524 2068,2510 2357,2521 2359,2521 2635,2508 2750,2519 2752,2519 2854,2504 2854,2484 2852,2455 2823,2444 2821,2444 2819,2444 883,2455 885,2493"/>
        <Baseline points="885,2493 2854,2484"/>
        <TextEquiv conf="0.9956200242042541">
          <Unicode>17126 (10477) Ecclesiae Nidrosiensis protectionem suscipit, possessionesque ac privi-</Unicode>
        </TextEquiv>
      </TextLine>
      <TextLine id="eSc_line_2b7fabf2" custom="structure {type:default;}">
        <Coords points="368,2495 368,2530 466,2550 468,2550 501,2546 503,2546 505,2546 505,2544 530,2521 532,2519 572,2519 572,2491 565,2426 439,2455 366,2453 368,2495"/>
        <Baseline points="368,2495 572,2491"/>
        <TextEquiv conf="0.9362982034683227">
          <Unicode>„ 15.</Unicode>
        </TextEquiv>
      </TextLine>
      <TextLine id="eSc_line_202370d2" custom="structure {type:default;}">
        <Coords points="662,2495 662,2546 773,2563 775,2495 775,2453 662,2453 662,2495"/>
        <Baseline points="662,2495 775,2495"/>
        <TextEquiv conf="1.0">
          <Unicode>„</Unicode>
        </TextEquiv>
      </TextLine>
      <TextLine id="eSc_line_7ca118ea" custom="structure {type:default;}">
        <Coords points="943,2546 943,2570 2847,2574 2850,2546 2850,2513 943,2508 943,2546"/>
        <Baseline points="943,2546 2850,2546"/>
        <TextEquiv conf="0.9997754253092266">
          <Unicode>legia confirmat, petente Heirico archiepiscopo. Thorkelin Diplom. Arna-Magn. II. 13,</Unicode>
        </TextEquiv>
      </TextLine>
      <TextLine id="eSc_line_a30fd34e" custom="structure {type:default;}">
        <Coords points="941,2601 941,2625 2847,2623 2850,2597 2843,2559 938,2566 941,2601"/>
        <Baseline points="941,2601 2850,2597"/>
        <TextEquiv conf="0.9939083896577359">
          <Unicode>Diplomat. Island. p. 292, Diplomatar. Norweg. II. I. 2, Migne 206 p. 1039. — „Et</Unicode>
        </TextEquiv>
      </TextLine>
      <TextLine id="eSc_line_41541076" custom="structure {type:default;}">
        <Coords points="938,2656 938,2672 1104,2683 1106,2683 1109,2683 1111,2683 1111,2680 1113,2680 1122,2669 1153,2680 1155,2680 1157,2680 1257,2669 1259,2669 1283,2680 1285,2680 1288,2680 1469,2665 1471,2650 1464,2623 936,2627 938,2656"/>
        <Baseline points="938,2656 1471,2650"/>
        <TextEquiv conf="0.9999663396315142">
          <Unicode>cura et“ „Ea cura et“.</Unicode>
        </TextEquiv>
      </TextLine>
      <TextLine id="eSc_line_d55eb869" custom="structure {type:default;}">
        <Coords points="598,2718 779,2760 784,2711 784,2672 731,2652 729,2652 726,2652 682,2658 634,2667 605,2650 600,2709 598,2718"/>
        <Baseline points="600,2709 784,2711"/>
        <TextEquiv conf="1.0">
          <Unicode>„</Unicode>
        </TextEquiv>
      </TextLine>
      <TextLine id="eSc_line_0db6fe57" custom="structure {type:default;}">
        <Coords points="883,2709 883,2738 2850,2731 2852,2703 2847,2674 1539,2665 1537,2665 1455,2676 923,2667 921,2667 919,2667 881,2678 883,2709"/>
        <Baseline points="883,2709 2852,2703"/>
        <TextEquiv conf="0.9912819751473361">
          <Unicode>17127 (10478) Ecclesiae S. Petri Eboracensis protectionem suscipit, possessionesque ac</Unicode>
        </TextEquiv>
      </TextLine>
      <TextLine id="eSc_line_f23406bd" custom="structure {type:default;}">
        <Coords points="368,2711 368,2740 534,2749 536,2749 539,2749 541,2749 541,2747 558,2729 592,2727 592,2709 587,2656 366,2656 368,2711"/>
        <Baseline points="368,2711 592,2709"/>
        <TextEquiv conf="0.9999953746795655">
          <Unicode>„ 16.</Unicode>
        </TextEquiv>
      </TextLine>
      <TextLine id="eSc_line_e113f751" custom="structure {type:default;}">
        <Coords points="943,2764 943,2795 2850,2795 2852,2758 2845,2727 941,2731 943,2764"/>
        <Baseline points="943,2764 2852,2758"/>
        <TextEquiv conf="0.9999566417706164">
          <Unicode>privilegia confirmat. Nilkins Conc. I. 503, Migne 206 p. 1042. (Privilegium hoc</Unicode>
        </TextEquiv>
      </TextLine>
      <TextLine id="eSc_line_16145d3a" custom="structure {type:default;}">
        <Coords points="941,2820 941,2839 2847,2842 2850,2820 2850,2791 2788,2775 2786,2775 2684,2789 2622,2775 2534,2775 2531,2775 2529,2775 2503,2789 2454,2775 2452,2775 2450,2775 2326,2789 2275,2775 2273,2775 2271,2775 2204,2789 2087,2775 2085,2775 2083,2775 2056,2789 2023,2778 2021,2778 2019,2778 1939,2789 1855,2775 1853,2775 1851,2775 1816,2791 1520,2791 1451,2775 1449,2775 1376,2789 1281,2775 1279,2775 1277,2775 1237,2791 941,2791 941,2820"/>
        <Baseline points="941,2820 2850,2820"/>
        <TextEquiv conf="0.9996636407940012">
          <Unicode>revocatur a Nicolao III. papa anno 1279 vel 1280, vide Posse Analecta Vatic.</Unicode>
        </TextEquiv>
      </TextLine>
      <TextLine id="eSc_line_adbb7124" custom="structure {type:default;}">
        <Coords points="936,2875 936,2892 1131,2906 1133,2906 1135,2906 1164,2892 1241,2892 1254,2903 1254,2906 1257,2906 1259,2906 1261,2908 1374,2908 1374,2906 1376,2906 1378,2906 1378,2903 1391,2890 1394,2890 1405,2890 1511,2903 1513,2903 1588,2890 1592,2890 1599,2890 1736,2903 1738,2903 1813,2888 1816,2870 1811,2844 1409,2833 1407,2833 934,2846 936,2875"/>
        <Baseline points="936,2875 1816,2870"/>
        <TextEquiv conf="0.9986818906138925">
          <Unicode>n. 1022). — „Cum Romana ecclesia“.</Unicode>
        </TextEquiv>
      </TextLine>
      <TextLine id="eSc_line_8f13ce90" custom="structure {type:default;}">
        <Coords points="366,2932 366,2961 404,2961 404,2959 406,2959 408,2959 408,2956 421,2945 439,2956 441,2959 444,2959 446,2959 448,2961 534,2961 534,2959 536,2959 539,2959 547,2952 558,2943 570,2950 578,2959 581,2959 583,2959 585,2959 587,2959 589,2959 589,2956 598,2950 607,2943 645,2948 718,2956 720,2956 722,2956 777,2941 777,2932 777,2906 592,2895 589,2895 587,2895 556,2906 528,2888 521,2884 519,2884 517,2884 514,2884 497,2886 444,2899 426,2881 424,2881 424,2879 421,2879 419,2879 366,2879 366,2932"/>
        <Baseline points="366,2932 777,2932"/>
        <TextEquiv conf="0.9994319421904427">
          <Unicode>„ 17. „</Unicode>
        </TextEquiv>
      </TextLine>
      <TextLine id="eSc_line_891ad7ad" custom="structure {type:default;}">
        <Coords points="885,2932 885,2965 1442,2954 1959,2956 2834,2959 2836,2959 2839,2959 2841,2959 2854,2948 2854,2923 2847,2890 883,2897 885,2932"/>
        <Baseline points="885,2932 2854,2923"/>
        <TextEquiv conf="0.9932421252131463">
          <Unicode>17128 (10479) Capitulo Tarraconensi praecipit, ut Willelmum Raimundi, qui Beren-</Unicode>
        </TextEquiv>
      </TextLine>
      <TextLine id="eSc_line_bdece21f" custom="structure {type:default;}">
        <Coords points="941,2985 941,3009 2847,3007 2850,2976 2843,2943 938,2950 941,2985"/>
        <Baseline points="941,2985 2850,2976"/>
        <TextEquiv conf="0.9993041237679924">
          <Unicode>garium archiepiscopum in urbe Gerunda crudeliter interfecerit, anathematizatum de-</Unicode>
        </TextEquiv>
      </TextLine>
      <TextLine id="eSc_line_2fc7c304" custom="structure {type:default;}">
        <Coords points="938,3036 938,3060 2852,3060 2852,3036 2850,3007 938,3007 938,3036"/>
        <Baseline points="938,3036 2852,3036"/>
        <TextEquiv conf="0.999999207694356">
          <Unicode>nuncient, terramque eius interdicto afficiant. Praeterea regem et reginam Aragonum</Unicode>
        </TextEquiv>
      </TextLine>
      <TextLine id="eSc_line_3611180b" custom="structure {type:default;}">
        <Coords points="938,3091 938,3124 1551,3118 1573,3127 1579,3129 1581,3129 1584,3129 1634,3127 1774,3118 1840,3127 1862,3129 1864,3129 1866,3129 1877,3127 1922,3115 2291,3115 2487,3127 2492,3127 2494,3127 2496,3127 2527,3115 2558,3127 2560,3127 2562,3129 2847,3129 2850,3087 2843,3060 936,3060 938,3091"/>
        <Baseline points="938,3091 2850,3087"/>
        <TextEquiv conf="0.9941343499135368">
          <Unicode>sub excommunicationis et interdicti poena hortentur, ut Willelmum sociosquc „de</Unicode>
        </TextEquiv>
      </TextLine>
      <TextLine id="eSc_line_384c44f3" custom="structure {type:default;}">
        <Coords points="941,3149 941,3171 2847,3175 2852,3144 2847,3111 938,3111 941,3149"/>
        <Baseline points="941,3149 2852,3144"/>
        <TextEquiv conf="0.9995116534687224">
          <Unicode>toto regno proscribant“, ecclesiaeque Tarraconensi et ablata reddant, et de iniuriis</Unicode>
        </TextEquiv>
      </TextLine>
      <TextLine id="eSc_line_04fc3a9f" custom="structure {type:default;}">
        <Coords points="941,3204 941,3226 2847,3233 2852,3199 2847,3168 998,3160 996,3160 938,3171 941,3204"/>
        <Baseline points="941,3204 2852,3199"/>
        <TextEquiv conf="0.9934717088173597">
          <Unicode>satisfaciant. Marca Hist. de Béarn p. 557, Mansi XXII. 643, Migne 206 p. 1045.</Unicode>
        </TextEquiv>
      </TextLine>
      <TextLine id="eSc_line_6376a833" custom="structure {type:default;}">
        <Coords points="938,3257 938,3274 1014,3274 1047,3292 1049,3292 1051,3292 1294,3286 1296,3286 1341,3270 1360,3288 1363,3288 1365,3288 1367,3290 1442,3290 1442,3288 1444,3288 1489,3268 1489,3250 1482,3224 936,3228 938,3257"/>
        <Baseline points="938,3257 1489,3250"/>
        <TextEquiv conf="0.9862765754972186">
          <Unicode>— „Plangendum esset“.</Unicode>
        </TextEquiv>
      </TextLine>
      <TextLine id="eSc_line_75aeb958" custom="structure {type:default;}">
        <Coords points="890,3314 890,3339 2845,3341 2850,3310 2843,3274 888,3279 890,3314"/>
        <Baseline points="890,3314 2850,3310"/>
        <TextEquiv conf="0.9984519776176004">
          <Unicode>17129 (10480) Ecclesiae Hallensis, quae dicitur ad Novum-opus, protectionem suscipit,</Unicode>
        </TextEquiv>
      </TextLine>
      <TextLine id="eSc_line_afc30f3e" custom="structure {type:default;}">
        <Coords points="373,3321 371,3433 433,3436 452,3453 532,3520 534,3520 536,3520 539,3522 603,3522 603,3520 605,3520 607,3520 638,3493 673,3464 753,3520 762,3319 762,3230 687,3230 684,3230 682,3230 680,3230 680,3233 649,3259 570,3248 567,3248 488,3259 477,3246 475,3246 475,3244 472,3244 470,3244 468,3244 424,3252 373,3241 373,3321"/>
        <Baseline points="373,3321 503,3312 762,3319"/>
        <TextEquiv conf="0.9999997615814209">
          <Unicode>„</Unicode>
        </TextEquiv>
      </TextLine>
      <TextLine id="eSc_line_c7afd43b" custom="structure {type:default;}">
        <Coords points="943,3365 943,3394 2852,3392 2852,3365 2852,3330 943,3327 943,3365"/>
        <Baseline points="943,3365 2852,3365"/>
        <TextEquiv conf="0.9942824475467205">
          <Unicode>possessionesque ac privilegia confirmat, petente Dudone praeposito. Ludewig Rel.</Unicode>
        </TextEquiv>
      </TextLine>
      <TextLine id="eSc_line_4789ad96" custom="structure {type:default;}">
        <Coords points="945,3418 945,3451 1031,3449 1045,3453 1089,3469 1091,3469 1093,3469 1095,3469 1129,3453 1137,3451 1151,3453 1204,3469 1206,3469 1208,3471 1464,3471 1464,3469 1467,3469 1497,3458 1513,3451 1522,3458 1537,3469 1539,3469 1542,3469 1544,3471 1621,3471 1621,3469 1623,3469 1661,3460 1703,3449 1818,3460 1844,3462 1847,3462 1849,3462 1855,3460 1897,3449 1915,3462 1924,3469 1926,3469 1928,3469 1931,3471 1997,3471 1997,3469 1999,3469 2014,3462 2045,3449 2149,3449 2171,3464 2174,3464 2176,3464 2178,3464 2180,3464 2185,3464 2238,3449 2282,3464 2288,3467 2291,3467 2293,3467 2304,3464 2370,3449 2485,3460 2487,3460 2489,3460 2516,3451 2531,3462 2534,3462 2536,3462 2538,3462 2540,3462 2573,3449 2666,3449 2735,3469 2737,3469 2739,3469 2741,3471 2847,3471 2850,3418 2847,3389 945,3387 945,3418"/>
        <Baseline points="945,3418 2850,3418"/>
        <TextEquiv conf="0.9902374101312537">
          <Unicode>V. 63, Dreyhaupt Pagus Neletici I. 727, Migne 206 p. 1048. — „Ad hoc univer-</Unicode>
        </TextEquiv>
      </TextLine>
      <TextLine id="eSc_line_e11c0db9" custom="structure {type:default;}">
        <Coords points="936,3473 934,3515 1031,3522 1034,3522 1036,3522 1089,3506 1091,3478 1091,3447 1007,3431 1005,3431 936,3440 936,3473"/>
        <Baseline points="936,3473 1091,3478"/>
        <TextEquiv conf="0.9988620025771004">
          <Unicode>salis“.</Unicode>
        </TextEquiv>
      </TextLine>
    </TextRegion>
    <TextRegion id="eSc_textblock_4a59c3a7"  custom="structure {type:default;}">
      <Coords points="1239,123 2079,132 2096,200 2079,227 1093,218 1111,132 1239,123"/>
      <TextLine id="eSc_line_4523c15a" custom="structure {type:default;}">
        <Coords points="1162,128 1140,130 1117,130 1117,189 1117,214 2068,223 2070,189 2070,136 1175,125 1162,128"/>
        <Baseline points="1117,189 2070,189"/>
        <TextEquiv conf="0.9787511726220449">
          <Unicode>(OEl.L-STINIS III. 1191— 1198.</Unicode>
        </TextEquiv>
      </TextLine>
    </TextRegion>
  </Page>
</PcGts>
