<?xml version="1.0" encoding="UTF-8"  standalone="yes"?>
<PcGts xmlns="http://schema.primaresearch.org/PAGE/gts/pagecontent/2019-07-15" xmlns:xsi="http://www.w3.org/2001/XMLSchema-instance" xsi:schemaLocation="http://schema.primaresearch.org/PAGE/gts/pagecontent/2019-07-15 http://schema.primaresearch.org/PAGE/gts/pagecontent/2019-07-15/pagecontent.xsd">
  <Metadata externalRef="pdf//regestapontificu02cath.pdf">
	<Creator>escriptorium</Creator>
	<Created>2026-01-31T10:43:58.900318+00:00</Created>
        <LastChange>2026-02-04T23:38:58.897403+00:00</LastChange>
  </Metadata>
  <Page imageFilename="regestapontificu02cath.pdf_page_600.png" imageWidth="3007" imageHeight="3975">
    <TextRegion id="eSc_textblock_39ed0569"  custom="structure {type:default;}">
      <Coords points="355,132 466,141 475,209 326,236 309,150 355,132"/>
      <TextLine id="eSc_line_9258dbcf" custom="structure {type:default;}">
        <Coords points="437,139 415,136 393,134 388,132 326,141 331,198 331,218 452,216 455,194 448,139 437,139"/>
        <Baseline points="331,198 455,194"/>
        <TextEquiv conf="1.0">
          <Unicode>588</Unicode>
        </TextEquiv>
      </TextLine>
    </TextRegion>
    <TextRegion id="eSc_textblock_777232cc"  custom="structure {type:default;}">
      <Coords points="1955,273 2900,282 2900,3469 1455,3478 1285,3504 318,3478 309,309 335,282 563,291 583,318 627,282 784,282 872,318 901,282 1955,273"/>
      <TextLine id="eSc_line_85dafa91" custom="structure {type:default;}">
        <Coords points="892,289 870,315 872,344 872,375 1491,364 2421,366 2423,333 2419,282 908,282 892,289"/>
        <Baseline points="872,344 2423,333"/>
        <TextEquiv conf="0.9946296655613444">
          <Unicode>1192. (Ind. 10, pont. a. 1. — 14. Apr. — 2, 1191 — 25. Mart. — 1192.)</Unicode>
        </TextEquiv>
      </TextLine>
      <TextLine id="eSc_line_8e05a007" custom="structure {type:default;}">
        <Coords points="349,406 349,441 570,439 570,401 565,366 346,346 349,406"/>
        <Baseline points="349,406 570,401"/>
        <TextEquiv conf="0.9646473526954651">
          <Unicode>Mart. 13.</Unicode>
        </TextEquiv>
      </TextLine>
      <TextLine id="eSc_line_70575e6d" custom="structure {type:default;}">
        <Coords points="618,501 832,505 837,408 837,355 808,355 804,351 788,335 788,333 786,333 784,333 782,333 724,340 676,344 623,326 620,404 618,501"/>
        <Baseline points="620,404 837,408"/>
        <TextEquiv conf="0.7511773109436035">
          <Unicode>(aems.</Unicode>
        </TextEquiv>
      </TextLine>
      <TextLine id="eSc_line_36608134" custom="structure {type:default;}">
        <Coords points="908,401 908,435 2870,432 2872,406 2870,364 1604,364 1601,362 1586,351 1584,351 1581,351 1475,351 1473,351 1471,351 1469,351 1453,362 1451,362 1436,362 1305,351 1303,351 1301,351 1274,362 1270,362 1265,362 1217,351 1215,351 908,359 908,401"/>
        <Baseline points="908,401 2872,406"/>
        <TextEquiv conf="0.992569369513814">
          <Unicode>16835 (10360) Ecclesiam Scalensem tuendam suscipit bonaque eius confirmat, petente</Unicode>
        </TextEquiv>
      </TextLine>
      <TextLine id="eSc_line_e29f127f" custom="structure {type:default;}">
        <Coords points="961,457 958,483 2863,490 2867,463 2865,426 961,419 961,457"/>
        <Baseline points="961,457 2867,463"/>
        <TextEquiv conf="0.9876047457967486">
          <Unicode>Alexandro episcopo. Ughelli It. sacr. VII. 328, Camera Mem. stor. di Amalfi II. 259,</Unicode>
        </TextEquiv>
      </TextLine>
      <TextLine id="eSc_line_5302fef3" custom="structure {type:default;}">
        <Coords points="961,512 961,532 2008,536 2010,512 2010,477 961,472 961,512"/>
        <Baseline points="961,512 2010,512"/>
        <TextEquiv conf="0.9999714826428613">
          <Unicode>Migne 206 p. 919. — „In apostolicae sedis“.</Unicode>
        </TextEquiv>
      </TextLine>
      <TextLine id="eSc_line_0d5ce796" custom="structure {type:default;}">
        <Coords points="386,574 386,591 572,591 572,569 558,532 554,538 541,532 539,530 536,530 534,530 532,530 512,534 468,543 384,538 386,574"/>
        <Baseline points="386,574 572,569"/>
        <TextEquiv conf="0.9997185230255127">
          <Unicode>„ 13.</Unicode>
        </TextEquiv>
      </TextLine>
      <TextLine id="eSc_line_7f2e6b22" custom="structure {type:default;}">
        <Coords points="693,583 693,598 777,629 782,583 779,547 693,554 693,583"/>
        <Baseline points="693,583 782,583"/>
        <TextEquiv conf="1.0">
          <Unicode>„</Unicode>
        </TextEquiv>
      </TextLine>
      <TextLine id="eSc_line_110c86d5" custom="structure {type:default;}">
        <Coords points="910,569 910,591 1053,591 1078,602 1080,602 1082,602 1166,591 1168,591 1170,591 1228,602 1230,602 1232,602 1265,591 1268,591 1292,591 1659,602 1661,602 1809,591 1836,591 1858,591 1970,602 1972,602 2032,594 2045,591 2081,594 2233,602 2235,602 2288,594 2302,591 2313,594 2344,602 2346,602 2348,602 2874,594 2874,569 2874,536 910,536 910,569"/>
        <Baseline points="910,569 2874,569"/>
        <TextEquiv conf="0.9946877168512892">
          <Unicode>16836 (10361) Petente Willielmo, Scotorum rege, statuit, „ut Scoticana ecclesia aposto-</Unicode>
        </TextEquiv>
      </TextLine>
      <TextLine id="eSc_line_a7975e72" custom="structure {type:default;}">
        <Coords points="958,622 956,644 2865,651 2870,627 2867,591 958,585 958,622"/>
        <Baseline points="958,622 2870,627"/>
        <TextEquiv conf="0.9993063660315525">
          <Unicode>licae sedi, nullo mediante, debeat subiacere“. Rogeri de Hoveden Annales 1191 ap.</Unicode>
        </TextEquiv>
      </TextLine>
      <TextLine id="eSc_line_78deb800" custom="structure {type:default;}">
        <Coords points="958,673 956,697 2863,708 2867,680 2865,644 958,638 958,673"/>
        <Baseline points="958,673 2867,680"/>
        <TextEquiv conf="0.9962194007985732">
          <Unicode>Savile R. A. SS. p. 406“, ed. Stubbs III. 173, Wilkins Conc. I. 495, Mansi XXII. 613,</Unicode>
        </TextEquiv>
      </TextLine>
      <TextLine id="eSc_line_c3544118" custom="structure {type:default;}">
        <Coords points="961,730 961,748 1011,761 1014,761 1106,750 1133,761 1135,761 1137,761 1396,750 1975,761 1977,761 1979,761 2021,748 2021,730 2021,697 1135,684 1133,684 961,693 961,730"/>
        <Baseline points="961,730 2021,730"/>
        <TextEquiv conf="0.9999583252640658">
          <Unicode>Migne 206 p. 921. — „Cum universi Christi“.</Unicode>
        </TextEquiv>
      </TextLine>
      <TextLine id="eSc_line_1df1de3f" custom="structure {type:default;}">
        <Coords points="384,792 386,825 415,825 415,823 417,823 419,823 419,821 421,821 424,819 433,806 481,810 543,814 545,814 547,814 550,814 550,812 565,797 565,783 561,753 510,742 508,742 505,742 466,757 459,761 382,761 384,792"/>
        <Baseline points="384,792 565,783"/>
        <TextEquiv conf="0.9279578804969788">
          <Unicode>„ 16.</Unicode>
        </TextEquiv>
      </TextLine>
      <TextLine id="eSc_line_ec9c1e83" custom="structure {type:default;}">
        <Coords points="676,792 673,799 744,819 746,819 748,819 751,819 782,803 784,799 784,770 751,757 748,757 746,757 676,761 676,792"/>
        <Baseline points="676,792 784,799"/>
        <TextEquiv conf="0.9721773266792297">
          <Unicode>„</Unicode>
        </TextEquiv>
      </TextLine>
      <TextLine id="eSc_line_bcc2e514" custom="structure {type:default;}">
        <Coords points="910,788 910,817 2870,814 2872,783 2867,755 1933,744 1931,744 1831,755 1822,757 908,757 910,788"/>
        <Baseline points="910,788 2872,783"/>
        <TextEquiv conf="0.9958370495133284">
          <Unicode>16837 Domum leprosorum Parisiensium tuendam suscipit, ac possessiones eius decima-</Unicode>
        </TextEquiv>
      </TextLine>
      <TextLine id="eSc_line_54768a50" custom="structure {type:default;}">
        <Coords points="961,845 961,867 2872,870 2874,845 2874,810 961,810 961,845"/>
        <Baseline points="961,845 2874,845"/>
        <TextEquiv conf="0.9996883986908712">
          <Unicode>rumque immunitatem confirmat. Autogr. in tab. nat. Paris. L. 235. n. 1. — „Sacrae</Unicode>
        </TextEquiv>
      </TextLine>
      <TextLine id="eSc_line_4ed1b126" custom="structure {type:default;}">
        <Coords points="958,898 958,916 1471,912 1473,894 1467,854 956,856 958,898"/>
        <Baseline points="958,898 1473,894"/>
        <TextEquiv conf="0.9784135662991068">
          <Unicode>scripturae testimonio“.</Unicode>
        </TextEquiv>
      </TextLine>
      <TextLine id="eSc_line_b94d1d86" custom="structure {type:default;}">
        <Coords points="386,954 388,982 435,965 481,971 550,980 552,980 554,980 556,980 556,978 572,960 572,949 567,923 488,912 486,912 483,912 481,912 481,914 470,925 384,925 386,954"/>
        <Baseline points="386,954 572,949"/>
        <TextEquiv conf="0.9911225318908692">
          <Unicode>„ 16.</Unicode>
        </TextEquiv>
      </TextLine>
      <TextLine id="eSc_line_467cfa4c" custom="structure {type:default;}">
        <Coords points="691,960 691,1000 737,1007 740,1007 742,1007 786,980 786,960 786,929 724,909 722,909 720,909 718,909 715,909 691,925 691,960"/>
        <Baseline points="691,960 786,960"/>
        <TextEquiv conf="0.9994516968727112">
          <Unicode>„</Unicode>
        </TextEquiv>
      </TextLine>
      <TextLine id="eSc_line_15690033" custom="structure {type:default;}">
        <Coords points="910,951 910,971 2874,980 2878,951 2876,918 910,912 910,951"/>
        <Baseline points="910,951 2878,951"/>
        <TextEquiv conf="0.9998778154452642">
          <Unicode>16838 Monasterii S. Savini Placentini possessiones et iura confirmat, petente Urbano</Unicode>
        </TextEquiv>
      </TextLine>
      <TextLine id="eSc_line_08af6924" custom="structure {type:default;}">
        <Coords points="961,1004 961,1024 1027,1040 1029,1040 1117,1037 1120,1037 1122,1037 1122,1035 1133,1026 1230,1040 1232,1042 1528,1042 1528,1040 1531,1040 1533,1040 1533,1037 1546,1026 1663,1040 1665,1040 1668,1040 1707,1026 1756,1040 1758,1040 1760,1040 1829,1026 1913,1026 1928,1040 1931,1040 1933,1040 1935,1040 2129,1037 2132,1037 2134,1037 2134,1035 2145,1026 2308,1040 2311,1040 2313,1040 2370,1024 2370,1004 2370,976 961,973 961,1004"/>
        <Baseline points="961,1004 2370,1004"/>
        <TextEquiv conf="0.9975448302153883">
          <Unicode>abbate. Pflugk-Harttung Iter p. 325. — „Quotiens a nobis“.</Unicode>
        </TextEquiv>
      </TextLine>
      <TextLine id="eSc_line_a8d72fc0" custom="structure {type:default;}">
        <Coords points="386,1066 386,1079 475,1075 488,1077 550,1086 552,1086 554,1086 556,1086 556,1084 567,1071 567,1062 558,1011 512,1022 508,1018 503,1013 501,1013 499,1013 497,1013 494,1013 492,1013 481,1022 459,1037 384,1037 386,1066"/>
        <Baseline points="386,1066 567,1062"/>
        <TextEquiv conf="1.0">
          <Unicode>„ 18.</Unicode>
        </TextEquiv>
      </TextLine>
      <TextLine id="eSc_line_6ccf4e79" custom="structure {type:default;}">
        <Coords points="693,1068 691,1097 784,1097 786,1073 784,1033 693,1037 693,1068"/>
        <Baseline points="693,1068 786,1073"/>
        <TextEquiv conf="1.0">
          <Unicode>„</Unicode>
        </TextEquiv>
      </TextLine>
      <TextLine id="eSc_line_8a4ac653" custom="structure {type:default;}">
        <Coords points="910,1060 910,1086 2876,1086 2878,1060 2876,1024 910,1024 910,1060"/>
        <Baseline points="910,1060 2878,1060"/>
        <TextEquiv conf="0.9968716473806472">
          <Unicode>16839 Bert. abbati S. Syri Ianuensis eiusque successoribus usum mitrae et anuli con-</Unicode>
        </TextEquiv>
      </TextLine>
      <TextLine id="eSc_line_7950aca4" custom="structure {type:default;}">
        <Coords points="961,1117 961,1135 2516,1130 2518,1113 2514,1079 1020,1068 1018,1068 958,1082 961,1117"/>
        <Baseline points="961,1117 2518,1113"/>
        <TextEquiv conf="0.9986107405275106">
          <Unicode>cedit. Pflugk-Harttung Acta III. 383. — „Ea que ad ecclesiarum“.</Unicode>
        </TextEquiv>
      </TextLine>
      <TextLine id="eSc_line_3ac0d56e" custom="structure {type:default;}">
        <Coords points="386,1174 386,1192 475,1183 490,1185 550,1196 552,1196 554,1196 556,1196 556,1194 558,1194 570,1181 570,1170 561,1115 463,1141 441,1132 428,1128 426,1128 424,1128 421,1128 384,1139 386,1174"/>
        <Baseline points="386,1174 570,1170"/>
        <TextEquiv conf="0.9990053534507751">
          <Unicode>„ 18.</Unicode>
        </TextEquiv>
      </TextLine>
      <TextLine id="eSc_line_71f89741" custom="structure {type:default;}">
        <Coords points="698,1179 698,1201 784,1199 784,1179 782,1146 698,1148 698,1179"/>
        <Baseline points="698,1179 784,1179"/>
        <TextEquiv conf="0.998676598072052">
          <Unicode>„</Unicode>
        </TextEquiv>
      </TextLine>
      <TextLine id="eSc_line_fa5941cb" custom="structure {type:default;}">
        <Coords points="910,1172 910,1192 1133,1205 1135,1205 1422,1196 1500,1194 1515,1196 1562,1205 1564,1205 1604,1196 1617,1194 1628,1196 1654,1205 1657,1205 1659,1207 1842,1207 1842,1205 1844,1205 1860,1199 1869,1194 1889,1199 1919,1205 1922,1205 1968,1199 2003,1194 2034,1199 2070,1205 2072,1205 2118,1201 2167,1194 2874,1203 2876,1172 2876,1139 910,1139 910,1172"/>
        <Baseline points="910,1172 2876,1172"/>
        <TextEquiv conf="0.9894575613090791">
          <Unicode>16840 (10362) Abbati S. Sixti Placenfino usum annuli concedit. Margarini Bull. Cas.</Unicode>
        </TextEquiv>
      </TextLine>
      <TextLine id="eSc_line_33dbdabf" custom="structure {type:default;}">
        <Coords points="961,1221 958,1245 2744,1252 2748,1225 2744,1185 961,1185 961,1221"/>
        <Baseline points="961,1221 2748,1225"/>
        <TextEquiv conf="0.9987016891439756">
          <Unicode>II. 222, Mon. pont. Arverniae p. 374, Migne 206 p. 922. — „Cum a nobis“.</Unicode>
        </TextEquiv>
      </TextLine>
      <TextLine id="eSc_line_da6c4f2b" custom="structure {type:default;}">
        <Coords points="388,1280 388,1300 421,1309 424,1309 426,1309 461,1298 475,1294 486,1296 536,1309 539,1309 541,1309 543,1309 572,1291 572,1280 570,1245 388,1254 388,1280"/>
        <Baseline points="388,1280 572,1280"/>
        <TextEquiv conf="1.0">
          <Unicode>„ 23.</Unicode>
        </TextEquiv>
      </TextLine>
      <TextLine id="eSc_line_3ae6144f" custom="structure {type:default;}">
        <Coords points="702,1294 704,1333 777,1320 777,1289 775,1254 737,1238 735,1238 733,1238 731,1238 698,1249 702,1294"/>
        <Baseline points="702,1294 777,1289"/>
        <TextEquiv conf="1.0">
          <Unicode>„</Unicode>
        </TextEquiv>
      </TextLine>
      <TextLine id="eSc_line_da322c20" custom="structure {type:default;}">
        <Coords points="910,1278 910,1302 2876,1302 2878,1278 2876,1245 910,1245 910,1278"/>
        <Baseline points="910,1278 2878,1278"/>
        <TextEquiv conf="0.9985221864341142">
          <Unicode>16840a Duci Venetorum mandat, moneat subditos suos, ut N. subdiacono, rectori</Unicode>
        </TextEquiv>
      </TextLine>
      <TextLine id="eSc_line_c30a171e" custom="structure {type:default;}">
        <Coords points="965,1333 965,1355 1000,1369 1003,1369 1005,1371 1126,1371 1126,1369 1129,1369 1131,1369 1146,1358 1177,1369 1179,1369 1182,1369 1268,1358 1274,1358 1548,1358 1553,1360 1573,1369 1575,1369 1577,1369 1736,1360 1791,1358 2878,1364 2881,1333 2881,1305 965,1294 965,1333"/>
        <Baseline points="965,1333 2881,1333"/>
        <TextEquiv conf="0.9996772225607525">
          <Unicode>Massae, apostolicae sedis legato, pro Christi fidelibus in terra Hierosolymitana vexatis</Unicode>
        </TextEquiv>
      </TextLine>
      <TextLine id="eSc_line_cf655fea" custom="structure {type:default;}">
        <Coords points="963,1386 961,1408 996,1422 998,1422 1000,1422 2874,1413 2876,1391 2874,1360 963,1355 963,1386"/>
        <Baseline points="963,1386 2876,1391"/>
        <TextEquiv conf="0.9991341655767416">
          <Unicode>frumentum „et venditione et dono“ tribuant; curet, ut ad deferendas res a b. m.</Unicode>
        </TextEquiv>
      </TextLine>
      <TextLine id="eSc_line_3e4cf3c2" custom="structure {type:default;}">
        <Coords points="963,1446 963,1472 2874,1472 2876,1442 2870,1406 961,1408 963,1446"/>
        <Baseline points="963,1446 2876,1442"/>
        <TextEquiv conf="0.9996196024719326">
          <Unicode>R(ufino), tit S. Praxedis cardinali et Ariminensi episcopo, collectas navis oneraria ei</Unicode>
        </TextEquiv>
      </TextLine>
      <TextLine id="eSc_line_f8f04831" custom="structure {type:default;}">
        <Coords points="963,1499 963,1519 1352,1528 1354,1528 1407,1519 1418,1517 1420,1519 1436,1530 1438,1530 1440,1530 1442,1532 1718,1532 1718,1530 1721,1530 1723,1530 1745,1517 1765,1528 1767,1528 1769,1528 1897,1517 1926,1514 1942,1517 2010,1528 2012,1528 2107,1514 2118,1514 2121,1514 2136,1528 2138,1528 2140,1528 2143,1530 2359,1530 2359,1528 2361,1528 2364,1528 2381,1514 2383,1514 2503,1514 2505,1514 2523,1528 2525,1528 2527,1528 2529,1530 2739,1530 2739,1528 2741,1528 2786,1512 2786,1495 2779,1461 2355,1464 2339,1461 2262,1453 2260,1453 2258,1453 2224,1464 2220,1464 2185,1464 1946,1455 1944,1455 1833,1466 1816,1466 1809,1466 1760,1455 1758,1455 1703,1466 1699,1466 1694,1466 1646,1455 1643,1455 1495,1466 1493,1466 1458,1455 1455,1455 1263,1455 1261,1455 1155,1466 1038,1455 1036,1455 961,1468 963,1499"/>
        <Baseline points="963,1499 2786,1495"/>
        <TextEquiv conf="0.9977038502693176">
          <Unicode>assignetur. Fontes Rer. Austriac. II. xII. 211. — „Quantum . . . . christianae“.</Unicode>
        </TextEquiv>
      </TextLine>
      <TextLine id="eSc_line_a320c29b" custom="structure {type:default;}">
        <Coords points="393,1556 393,1578 413,1590 415,1590 417,1590 419,1590 421,1590 421,1587 433,1576 437,1574 468,1574 470,1576 486,1590 486,1592 488,1592 490,1592 492,1594 554,1594 554,1592 556,1592 558,1592 558,1590 576,1572 576,1556 576,1499 499,1499 497,1499 494,1499 492,1499 492,1501 479,1512 463,1528 393,1528 393,1556"/>
        <Baseline points="393,1556 576,1556"/>
        <TextEquiv conf="0.9171176552772522">
          <Unicode>„ 24.</Unicode>
        </TextEquiv>
      </TextLine>
      <TextLine id="eSc_line_ed7a3ee0" custom="structure {type:default;}">
        <Coords points="691,1563 691,1576 729,1596 731,1596 733,1596 735,1596 790,1581 790,1563 786,1486 691,1517 691,1563"/>
        <Baseline points="691,1563 790,1563"/>
        <TextEquiv conf="0.8022201061248779">
          <Unicode>„</Unicode>
        </TextEquiv>
      </TextLine>
      <TextLine id="eSc_line_b594d70b" custom="structure {type:default;}">
        <Coords points="916,1556 916,1578 1272,1590 1274,1590 1321,1578 1327,1578 1336,1578 1427,1592 1429,1592 1546,1578 1577,1576 1581,1578 1595,1587 1597,1587 1599,1587 1601,1587 1758,1578 1811,1576 1831,1578 1897,1590 1900,1590 1995,1578 2021,1576 2098,1576 2105,1578 2123,1590 2125,1590 2127,1590 2129,1590 2231,1578 2271,1574 2297,1578 2348,1587 2350,1587 2419,1578 2434,1576 2439,1578 2461,1587 2463,1587 2465,1587 2878,1576 2881,1550 2876,1521 930,1514 927,1514 925,1514 923,1514 914,1519 916,1556"/>
        <Baseline points="916,1556 2881,1550"/>
        <TextEquiv conf="0.9950450027690214">
          <Unicode>16841 Universos ecclesiarum praelatos hortatur, ut eos, qui Templariorum possessiones</Unicode>
        </TextEquiv>
      </TextLine>
      <TextLine id="eSc_line_b0afc484" custom="structure {type:default;}">
        <Coords points="965,1612 965,1640 2878,1629 2881,1605 2874,1572 963,1574 965,1612"/>
        <Baseline points="965,1612 2881,1605"/>
        <TextEquiv conf="0.9999749237714812">
          <Unicode>invaserint seu res a decedentibus eis legatas retinuerint seu aliis iniuriis eos affe-</Unicode>
        </TextEquiv>
      </TextLine>
      <TextLine id="eSc_line_c9d5e110" custom="structure {type:default;}">
        <Coords points="965,1660 963,1682 2874,1687 2878,1665 2876,1625 965,1620 965,1660"/>
        <Baseline points="965,1660 2878,1665"/>
        <TextEquiv conf="0.993952876137149">
          <Unicode>cerint, si laici sint, excommunicent, si clerici, ab officio suspendant, donec satisfecerint.</Unicode>
        </TextEquiv>
      </TextLine>
      <TextLine id="eSc_line_5624c088" custom="structure {type:default;}">
        <Coords points="965,1720 965,1740 2876,1744 2881,1715 2876,1687 2034,1676 2032,1676 1928,1687 1917,1689 963,1689 965,1720"/>
        <Baseline points="965,1720 2881,1715"/>
        <TextEquiv conf="0.9922979069607598">
          <Unicode>Prutz Malteser Urk. p. 45, ubi falso, ut puto, bulla eiusdem tenoris esse dicatur ac</Unicode>
        </TextEquiv>
      </TextLine>
      <TextLine id="eSc_line_3c3138ed" custom="structure {type:default;}">
        <Coords points="965,1768 963,1793 2872,1804 2876,1777 2874,1744 965,1735 965,1768"/>
        <Baseline points="965,1768 2876,1777"/>
        <TextEquiv conf="0.9879052370059781">
          <Unicode>bulla Lucii III. d. d. 26. Apr. 1185; videtur potius esse eiusdem argumenti ac ea,</Unicode>
        </TextEquiv>
      </TextLine>
      <TextLine id="eSc_line_683e3b51" custom="structure {type:default;}">
        <Coords points="963,1826 963,1850 2390,1846 2392,1821 2386,1790 961,1793 963,1826"/>
        <Baseline points="963,1826 2392,1821"/>
        <TextEquiv conf="0.9890411465854968">
          <Unicode>quam infra ad d. 6. Iul. notavimus). — „Non absque dolore“.</Unicode>
        </TextEquiv>
      </TextLine>
      <TextLine id="eSc_line_29dc1833" custom="structure {type:default;}">
        <Coords points="391,1888 391,1914 572,1921 574,1888 574,1837 532,1830 530,1830 528,1830 494,1843 463,1857 391,1857 391,1888"/>
        <Baseline points="391,1888 574,1888"/>
        <TextEquiv conf="0.999999713897705">
          <Unicode>„ 26.</Unicode>
        </TextEquiv>
      </TextLine>
      <TextLine id="eSc_line_7e73c4ee" custom="structure {type:default;}">
        <Coords points="698,1894 698,1921 782,1925 784,1890 775,1819 693,1828 698,1894"/>
        <Baseline points="698,1894 784,1890"/>
        <TextEquiv conf="1.0">
          <Unicode>„</Unicode>
        </TextEquiv>
      </TextLine>
      <TextLine id="eSc_line_f49f6081" custom="structure {type:default;}">
        <Coords points="916,1883 916,1905 2845,1912 2847,1912 2850,1912 2883,1899 2883,1879 2876,1843 914,1846 916,1883"/>
        <Baseline points="916,1883 2883,1879"/>
        <TextEquiv conf="0.9995550873667695">
          <Unicode>16842 Uguicionis, episcopi Ferrariensis, eiusque successorum possessiones et iura con-</Unicode>
        </TextEquiv>
      </TextLine>
      <TextLine id="eSc_line_8ca41aed" custom="structure {type:default;}">
        <Coords points="963,1934 961,1954 976,1965 978,1965 980,1965 983,1965 1159,1954 1246,1969 1248,1969 1900,1956 1931,1972 1933,1972 1935,1972 1937,1972 1999,1956 2061,1972 2063,1972 2065,1972 2207,1956 2308,1972 2311,1972 2313,1972 2372,1954 2375,1938 2372,1903 963,1903 963,1934"/>
        <Baseline points="963,1934 2375,1938"/>
        <TextEquiv conf="0.9998822303141578">
          <Unicode>firmat. Pflugk-Harttung Iter p. 325. — „In eminenti sedis“.</Unicode>
        </TextEquiv>
      </TextLine>
      <TextLine id="eSc_line_bc357d42" custom="structure {type:default;}">
        <Coords points="707,2005 709,2033 777,2014 777,2005 775,1972 707,1974 707,2005"/>
        <Baseline points="707,2005 777,2005"/>
        <TextEquiv conf="1.0">
          <Unicode>„</Unicode>
        </TextEquiv>
      </TextLine>
      <TextLine id="eSc_line_8ae33764" custom="structure {type:default;}">
        <Coords points="916,1994 916,2020 2878,2016 2881,1989 2874,1956 914,1958 916,1994"/>
        <Baseline points="916,1994 2881,1989"/>
        <TextEquiv conf="0.9938399504732203">
          <Unicode>16843 (10363) Parthenonem S. Petri Florentinum tuendum suscipit bonaque eius con-</Unicode>
        </TextEquiv>
      </TextLine>
      <TextLine id="eSc_line_70e37ebf" custom="structure {type:default;}">
        <Coords points="963,2042 961,2062 989,2078 992,2078 994,2080 1416,2080 1416,2078 1418,2078 1464,2067 1491,2080 1493,2080 1495,2080 1732,2067 1776,2080 1778,2080 1780,2080 2107,2069 2291,2082 2293,2082 2295,2082 2297,2082 2317,2069 2399,2084 2401,2084 2876,2069 2878,2051 2876,2014 963,2005 963,2042"/>
        <Baseline points="963,2042 2878,2051"/>
        <TextEquiv conf="0.9889545873517082">
          <Unicode>firmat, petente Maria abbatissa. Ughelli It. sacr. III. 103, Migne 206 p. 923: „. . </Unicode>
        </TextEquiv>
      </TextLine>
      <TextLine id="eSc_line_f49a0197" custom="structure {type:default;}">
        <Coords points="963,2100 963,2117 1042,2128 1045,2128 1047,2128 1069,2117 1071,2117 1111,2133 1113,2133 1115,2133 1117,2133 1177,2117 1182,2117 1221,2117 1296,2117 1332,2133 1334,2133 1336,2133 1588,2128 1590,2128 1619,2115 1648,2131 1650,2131 1652,2133 1816,2133 1816,2131 1818,2131 1877,2113 1877,2095 1873,2067 976,2060 974,2060 972,2060 969,2060 961,2067 963,2100"/>
        <Baseline points="963,2100 1877,2095"/>
        <TextEquiv conf="0.9983058067468497">
          <Unicode>kal. Apr.“. — „Prudentibus virginibus“.</Unicode>
        </TextEquiv>
      </TextLine>
      <TextLine id="eSc_line_b108f1fe" custom="structure {type:default;}">
        <Coords points="357,2161 357,2214 448,2214 450,2214 452,2214 452,2212 455,2212 463,2201 477,2186 576,2186 578,2157 574,2102 355,2100 357,2161"/>
        <Baseline points="357,2161 578,2157"/>
        <TextEquiv conf="0.9566672103745597">
          <Unicode>Apr. 1.</Unicode>
        </TextEquiv>
      </TextLine>
      <TextLine id="eSc_line_294148bb" custom="structure {type:default;}">
        <Coords points="698,2168 698,2212 793,2212 793,2168 790,2128 698,2135 698,2168"/>
        <Baseline points="698,2168 793,2168"/>
        <TextEquiv conf="1.0">
          <Unicode>„</Unicode>
        </TextEquiv>
      </TextLine>
      <TextLine id="eSc_line_ce6bfb63" custom="structure {type:default;}">
        <Coords points="916,2150 914,2179 943,2190 945,2190 947,2190 2878,2181 2881,2155 2878,2124 916,2120 916,2150"/>
        <Baseline points="916,2150 2881,2155"/>
        <TextEquiv conf="0.9976168516136351">
          <Unicode>16844 (10364) (Aynardo), archiepiscopo Viennensi, eiusque suffraganeis praecipit, ne</Unicode>
        </TextEquiv>
      </TextLine>
      <TextLine id="eSc_line_5882c0e8" custom="structure {type:default;}">
        <Coords points="969,2214 969,2241 2881,2237 2881,2214 2881,2177 969,2177 969,2214"/>
        <Baseline points="969,2214 2881,2214"/>
        <TextEquiv conf="0.9939887640119969">
          <Unicode>parochianos suos, quominus ordini Cartusiensi bona largiantur, impediri sinant. Privil.</Unicode>
        </TextEquiv>
      </TextLine>
      <TextLine id="eSc_line_b68194ed" custom="structure {type:default;}">
        <Coords points="969,2267 969,2287 2876,2298 2878,2267 2878,2232 969,2232 969,2267"/>
        <Baseline points="969,2267 2878,2267"/>
        <TextEquiv conf="0.9997860312461853">
          <Unicode>ord. Cart. fol. 3“, Tromby Stor. Cart. IV. App. p. 240, Migne 206 p. 924. — „Ex.</Unicode>
        </TextEquiv>
      </TextLine>
      <TextLine id="eSc_line_49b51054" custom="structure {type:default;}">
        <Coords points="969,2320 969,2340 1058,2354 1060,2354 1232,2340 1259,2338 1283,2338 1471,2351 1473,2351 1548,2336 1551,2316 1546,2290 1290,2279 1288,2279 967,2292 969,2320"/>
        <Baseline points="969,2320 1551,2316"/>
        <TextEquiv conf="0.9999697875976562">
          <Unicode>conquestione dilectorum“.</Unicode>
        </TextEquiv>
      </TextLine>
      <TextLine id="eSc_line_5cbd3bcf" custom="structure {type:default;}">
        <Coords points="386,2387 386,2402 494,2391 508,2393 552,2400 554,2400 556,2400 558,2400 581,2387 581,2378 574,2332 384,2356 386,2387"/>
        <Baseline points="386,2387 581,2378"/>
        <TextEquiv conf="0.9999964833259583">
          <Unicode>„ 1.</Unicode>
        </TextEquiv>
      </TextLine>
      <TextLine id="eSc_line_c55fed3e" custom="structure {type:default;}">
        <Coords points="678,2382 676,2389 746,2409 748,2409 751,2409 753,2409 782,2393 784,2389 784,2356 678,2356 678,2382"/>
        <Baseline points="678,2382 784,2389"/>
        <TextEquiv conf="0.9999998807907104">
          <Unicode>„</Unicode>
        </TextEquiv>
      </TextLine>
      <TextLine id="eSc_line_5d7fe721" custom="structure {type:default;}">
        <Coords points="919,2373 919,2404 2881,2404 2881,2373 2881,2340 919,2340 919,2373"/>
        <Baseline points="919,2373 2881,2373"/>
        <TextEquiv conf="0.9996770816770467">
          <Unicode>16845 Clericis S. Patricii Dublinensibus asserit ecclesias, a Iohanne, eiusdem civitatis</Unicode>
        </TextEquiv>
      </TextLine>
      <TextLine id="eSc_line_2ffc9584" custom="structure {type:default;}">
        <Coords points="969,2431 969,2455 2878,2451 2881,2426 2874,2393 967,2396 969,2431"/>
        <Baseline points="969,2431 2881,2426"/>
        <TextEquiv conf="0.9993659209373386">
          <Unicode>archiepiscopo, collatas. Mason History of St. Patrick, append. p. 2. — „Iustis -peten-</Unicode>
        </TextEquiv>
      </TextLine>
      <TextLine id="eSc_line_969e6953" custom="structure {type:default;}">
        <Coords points="969,2486 969,2502 1071,2513 1073,2513 1075,2513 1100,2502 1115,2515 1117,2515 1120,2515 1122,2515 1299,2513 1301,2513 1349,2497 1349,2482 1345,2451 1166,2440 1164,2440 967,2453 969,2486"/>
        <Baseline points="969,2486 1349,2482"/>
        <TextEquiv conf="0.9773506557240206">
          <Unicode>tium desideriis“.</Unicode>
        </TextEquiv>
      </TextLine>
      <TextLine id="eSc_line_9e71fae7" custom="structure {type:default;}">
        <Coords points="393,2546 395,2570 457,2555 572,2559 574,2541 567,2510 391,2510 393,2546"/>
        <Baseline points="393,2546 574,2541"/>
        <TextEquiv conf="0.999848872423172">
          <Unicode>„ 1.</Unicode>
        </TextEquiv>
      </TextLine>
      <TextLine id="eSc_line_3cc7761c" custom="structure {type:default;}">
        <Coords points="704,2548 702,2563 782,2590 788,2552 788,2517 704,2517 704,2548"/>
        <Baseline points="704,2548 788,2552"/>
        <TextEquiv conf="0.9999997615814209">
          <Unicode>„</Unicode>
        </TextEquiv>
      </TextLine>
      <TextLine id="eSc_line_0136f02c" custom="structure {type:default;}">
        <Coords points="919,2541 919,2566 1729,2577 1732,2577 1734,2577 1778,2566 1782,2566 1791,2566 1895,2577 1897,2577 2010,2566 2041,2563 2074,2566 2182,2574 2185,2574 2246,2566 2264,2563 2284,2566 2359,2574 2361,2574 2878,2563 2881,2537 2876,2506 2370,2493 2368,2493 2366,2493 2364,2493 2344,2504 1922,2495 1919,2495 1917,2495 1889,2506 1820,2495 1405,2495 1402,2495 1226,2506 1188,2495 1186,2495 1184,2495 1182,2495 1135,2506 1098,2495 1095,2495 1093,2495 1091,2495 1089,2495 1073,2506 972,2495 969,2495 967,2495 916,2508 919,2541"/>
        <Baseline points="919,2541 2881,2537"/>
        <TextEquiv conf="0.9959207728505135">
          <Unicode>16846 Parthenonem S. Petri Maioris Florentinum tuendum suscipit, eiusque bona et</Unicode>
        </TextEquiv>
      </TextLine>
      <TextLine id="eSc_line_f0a367d0" custom="structure {type:default;}">
        <Coords points="969,2594 969,2619 2874,2623 2878,2590 2872,2559 967,2559 969,2594"/>
        <Baseline points="969,2594 2878,2590"/>
        <TextEquiv conf="0.9841285347938538">
          <Unicode>privilegia confirmat. (Fortasse eadem est ac bulla 16843). Wiener Sitzungsber.</Unicode>
        </TextEquiv>
      </TextLine>
      <TextLine id="eSc_line_c42ce280" custom="structure {type:default;}">
        <Coords points="969,2647 969,2665 1590,2676 1592,2676 1595,2676 1634,2661 1637,2661 1641,2661 1707,2674 1710,2676 1866,2676 1866,2674 1869,2674 1908,2658 1908,2641 1902,2608 967,2612 969,2647"/>
        <Baseline points="969,2647 1908,2641"/>
        <TextEquiv conf="0.9974384025523537">
          <Unicode>XCIV. 692. — „Prudentibus virginibus“.</Unicode>
        </TextEquiv>
      </TextLine>
      <TextLine id="eSc_line_8d29c4ff" custom="structure {type:default;}">
        <Coords points="386,2711 386,2718 399,2731 399,2733 402,2733 404,2733 406,2733 408,2733 439,2718 448,2716 570,2727 572,2705 565,2676 384,2680 386,2711"/>
        <Baseline points="386,2711 572,2705"/>
        <TextEquiv conf="0.9999323725700379">
          <Unicode>„„ 1.</Unicode>
        </TextEquiv>
      </TextLine>
      <TextLine id="eSc_line_e03be478" custom="structure {type:default;}">
        <Coords points="702,2709 700,2716 788,2731 793,2714 793,2685 702,2672 702,2709"/>
        <Baseline points="702,2709 793,2714"/>
        <TextEquiv conf="1.0">
          <Unicode>„</Unicode>
        </TextEquiv>
      </TextLine>
      <TextLine id="eSc_line_b9c92a50" custom="structure {type:default;}">
        <Coords points="921,2700 919,2718 1016,2733 1018,2736 1268,2736 1268,2733 1270,2733 1303,2722 1334,2733 1336,2733 1338,2733 1341,2733 1367,2722 1409,2733 1411,2733 1414,2733 1493,2722 1699,2733 1701,2733 1756,2722 1902,2736 1904,2736 2021,2725 2235,2725 2253,2736 2255,2736 2258,2736 2260,2736 2719,2725 2803,2736 2805,2736 2876,2722 2878,2705 2876,2672 921,2667 921,2700"/>
        <Baseline points="921,2700 2878,2705"/>
        <TextEquiv conf="0.9991227388381958">
          <Unicode>16847 Fratribus S. Petri de Burgo Valentinensi bona ac privilegia quaedam asserit.</Unicode>
        </TextEquiv>
      </TextLine>
      <TextLine id="eSc_line_6e2cab24" custom="structure {type:default;}">
        <Coords points="972,2760 972,2789 2874,2793 2878,2756 2872,2725 969,2727 972,2760"/>
        <Baseline points="972,2760 2878,2756"/>
        <TextEquiv conf="0.996431717902054">
          <Unicode>(Non est a suspicione remota). Chevalier Coll. de cart. Dauphin. VI. I. 25. — „Ea</Unicode>
        </TextEquiv>
      </TextLine>
      <TextLine id="eSc_line_30aabf37" custom="structure {type:default;}">
        <Coords points="969,2815 969,2833 1089,2839 1091,2839 1093,2839 1153,2822 1153,2809 1146,2771 967,2771 969,2815"/>
        <Baseline points="969,2815 1153,2809"/>
        <TextEquiv conf="0.9999995572226388">
          <Unicode>que a“.</Unicode>
        </TextEquiv>
      </TextLine>
      <TextLine id="eSc_line_24d563c9" custom="structure {type:default;}">
        <Coords points="402,2875 404,2895 459,2879 572,2884 574,2868 567,2826 399,2844 402,2875"/>
        <Baseline points="402,2875 574,2868"/>
        <TextEquiv conf="0.9967626631259918">
          <Unicode>„ 3.</Unicode>
        </TextEquiv>
      </TextLine>
      <TextLine id="eSc_line_be7bdccd" custom="structure {type:default;}">
        <Coords points="711,2877 711,2884 744,2899 746,2899 748,2899 751,2899 788,2879 788,2873 782,2844 709,2846 711,2877"/>
        <Baseline points="711,2877 788,2873"/>
        <TextEquiv conf="0.9669694900512695">
          <Unicode>„„</Unicode>
        </TextEquiv>
      </TextLine>
      <TextLine id="eSc_line_51756de5" custom="structure {type:default;}">
        <Coords points="919,2868 919,2888 2881,2886 2881,2862 2876,2828 2235,2815 2233,2815 2026,2828 1599,2817 1597,2817 1595,2817 1566,2831 945,2820 943,2820 941,2820 916,2831 919,2868"/>
        <Baseline points="919,2868 2881,2862"/>
        <TextEquiv conf="0.9991981485310722">
          <Unicode>16848 Ecclesiae S. Petri de Burgo Valentinensi protectionem suscipit, possessionesque</Unicode>
        </TextEquiv>
      </TextLine>
      <TextLine id="eSc_line_d56dd9bd" custom="structure {type:default;}">
        <Coords points="969,2921 969,2943 1027,2943 1031,2943 1051,2956 1053,2956 1056,2956 1058,2956 1120,2943 1126,2943 1133,2943 1188,2956 1190,2956 1246,2943 1252,2943 1259,2943 1341,2956 1343,2959 1464,2959 1464,2956 1467,2956 1493,2943 1509,2943 1796,2956 1798,2956 1800,2956 1802,2956 1824,2943 2003,2954 2006,2954 2070,2941 2076,2941 2403,2941 2406,2941 2425,2954 2428,2954 2430,2954 2432,2956 2591,2956 2591,2954 2593,2954 2642,2941 2781,2954 2783,2954 2786,2954 2843,2939 2843,2917 2839,2890 1906,2879 1904,2879 1902,2879 1866,2890 1016,2881 1014,2881 1011,2881 967,2892 969,2921"/>
        <Baseline points="969,2921 2843,2917"/>
        <TextEquiv conf="0.9969998569023318">
          <Unicode>et privilegia confirmat. (Fragmenta). Chevalier Coll. de cart. Dauphin. VI. I. 27.</Unicode>
        </TextEquiv>
      </TextLine>
      <TextLine id="eSc_line_476c3e64" custom="structure {type:default;}">
        <Coords points="393,2985 393,2994 565,3001 567,3001 570,3001 572,3001 572,2998 574,2998 578,2992 578,2979 574,2950 517,2939 514,2939 512,2939 510,2939 510,2941 497,2952 492,2956 391,2956 393,2985"/>
        <Baseline points="393,2985 578,2979"/>
        <TextEquiv conf="0.9205251187086105">
          <Unicode>„ 7.</Unicode>
        </TextEquiv>
      </TextLine>
      <TextLine id="eSc_line_f7b79cc1" custom="structure {type:default;}">
        <Coords points="698,2981 695,3005 782,3007 786,2987 786,2961 698,2954 698,2981"/>
        <Baseline points="698,2981 786,2987"/>
        <TextEquiv conf="0.9999983906745911">
          <Unicode>„„</Unicode>
        </TextEquiv>
      </TextLine>
      <TextLine id="eSc_line_0b73500b" custom="structure {type:default;}">
        <Coords points="921,2974 919,2998 2874,3005 2878,2979 2876,2941 921,2939 921,2974"/>
        <Baseline points="921,2974 2878,2979"/>
        <TextEquiv conf="0.9963592477591641">
          <Unicode>16849 (10365) Monasterii S. Iustinae, petente Domino abbate, protectionem suscipit,</Unicode>
        </TextEquiv>
      </TextLine>
      <TextLine id="eSc_line_09d717ea" custom="structure {type:default;}">
        <Coords points="972,3032 972,3058 2878,3054 2878,3032 2878,2994 972,2994 972,3032"/>
        <Baseline points="972,3032 2878,3032"/>
        <TextEquiv conf="0.9889584265649318">
          <Unicode>possessionesque ac iura confirmat, imposito monachis bisanzii unius censu annuo.</Unicode>
        </TextEquiv>
      </TextLine>
      <TextLine id="eSc_line_b9cc1ac2" custom="structure {type:default;}">
        <Coords points="972,3085 972,3102 998,3115 1000,3115 1003,3118 1396,3118 1396,3115 1398,3115 1436,3104 1460,3115 1462,3115 1464,3115 1467,3115 1495,3104 1553,3115 1555,3115 1741,3104 1774,3115 1776,3115 1778,3115 1847,3104 1862,3115 1864,3115 1866,3115 1869,3115 1922,3104 1977,3115 1979,3115 2041,3104 2138,3115 2140,3115 2330,3104 2666,3115 2668,3115 2721,3102 2721,3085 2719,3051 2295,3054 2286,3051 2262,3043 2260,3043 2258,3043 2255,3043 2220,3051 2211,3054 2204,3051 2180,3043 2178,3043 2176,3043 2174,3043 2171,3043 2158,3051 2154,3056 2050,3056 2032,3051 1953,3043 1950,3043 1886,3054 1873,3054 1860,3054 1780,3043 1778,3043 1714,3054 1705,3054 1696,3054 1612,3043 1610,3043 1608,3043 1579,3054 1577,3054 1570,3054 1493,3043 1491,3043 1290,3054 1283,3054 1279,3054 1073,3043 1071,3043 1069,3043 1042,3054 1011,3043 1009,3043 1007,3043 1005,3043 972,3054 972,3085"/>
        <Baseline points="972,3085 2721,3085"/>
        <TextEquiv conf="0.9895883268780179">
          <Unicode>Moriondi Mon. Aqu. I. 97, Migne 206 p. 924. — „Quoties a nobis petitur“.</Unicode>
        </TextEquiv>
      </TextLine>
      <TextLine id="eSc_line_5a19d4bb" custom="structure {type:default;}">
        <Coords points="399,3146 402,3171 463,3155 501,3160 554,3166 556,3166 558,3166 592,3149 592,3140 585,3089 397,3115 399,3146"/>
        <Baseline points="399,3146 592,3140"/>
        <TextEquiv conf="1.0">
          <Unicode>„ 12.</Unicode>
        </TextEquiv>
      </TextLine>
      <TextLine id="eSc_line_18a3e2d9" custom="structure {type:default;}">
        <Coords points="676,3144 673,3166 744,3173 746,3173 748,3173 795,3157 797,3151 795,3124 676,3111 676,3144"/>
        <Baseline points="676,3144 797,3151"/>
        <TextEquiv conf="1.0">
          <Unicode>„</Unicode>
        </TextEquiv>
      </TextLine>
      <TextLine id="eSc_line_819c64f4" custom="structure {type:default;}">
        <Coords points="919,3144 919,3173 2874,3164 2876,3135 2872,3107 941,3100 938,3100 936,3100 934,3100 916,3109 919,3144"/>
        <Baseline points="919,3144 2876,3135"/>
        <TextEquiv conf="0.9940722550070563">
          <Unicode>16850 (10366) Willelmo, episcopo Lucensi, concedit, „ut, cum patroni super ecclesiarum</Unicode>
        </TextEquiv>
      </TextLine>
      <TextLine id="eSc_line_a7ff0388" custom="structure {type:default;}">
        <Coords points="969,3193 969,3224 2874,3217 2876,3188 2870,3157 967,3157 969,3193"/>
        <Baseline points="969,3193 2876,3188"/>
        <TextEquiv conf="0.9994580908900216">
          <Unicode>fuerint repraesentatione discordes, nisi ad concordiam infra terminum in Lateranensi</Unicode>
        </TextEquiv>
      </TextLine>
      <TextLine id="eSc_line_6908f729" custom="structure {type:default;}">
        <Coords points="972,3248 972,3272 2874,3272 2876,3248 2874,3215 972,3215 972,3248"/>
        <Baseline points="972,3248 2876,3248"/>
        <TextEquiv conf="0.9999522539072259">
          <Unicode>concilio constitutum redierint, ecclesias illas canonice de personis idoneis ordinet“.</Unicode>
        </TextEquiv>
      </TextLine>
      <TextLine id="eSc_line_02a5b37a" custom="structure {type:default;}">
        <Coords points="972,3301 972,3323 1263,3336 1265,3336 1425,3323 1433,3323 1440,3323 1528,3336 1531,3336 1533,3336 1535,3336 1553,3323 1555,3323 1663,3336 1665,3336 1668,3336 1712,3323 1754,3336 1756,3336 1758,3336 1760,3336 1798,3321 1800,3321 1802,3321 1820,3334 1822,3334 1824,3334 1827,3334 1829,3334 1866,3321 1869,3321 1873,3321 1908,3334 1911,3334 1913,3334 1981,3321 1990,3321 2072,3321 2074,3321 2087,3334 2090,3334 2092,3334 2094,3334 2180,3321 2185,3321 2207,3334 2209,3334 2211,3334 2213,3334 2545,3319 2547,3297 2540,3268 969,3270 972,3301"/>
        <Baseline points="972,3301 2547,3297"/>
        <TextEquiv conf="0.9995592182332819">
          <Unicode>Baluzii Miscell. IV. 179, Migne 206 p. 927. — „Ex iniuncto nobis“.</Unicode>
        </TextEquiv>
      </TextLine>
      <TextLine id="eSc_line_018c6487" custom="structure {type:default;}">
        <Coords points="388,3365 388,3400 448,3411 483,3440 539,3484 541,3484 543,3484 545,3484 592,3482 587,3356 583,3303 457,3303 455,3303 386,3319 388,3365"/>
        <Baseline points="388,3365 587,3356"/>
        <TextEquiv conf="0.9580103278160095">
          <Unicode>„ 14.</Unicode>
        </TextEquiv>
      </TextLine>
      <TextLine id="eSc_line_a199aa32" custom="structure {type:default;}">
        <Coords points="691,3369 691,3414 795,3429 797,3369 795,3336 691,3336 691,3369"/>
        <Baseline points="691,3369 797,3369"/>
        <TextEquiv conf="1.0">
          <Unicode>„</Unicode>
        </TextEquiv>
      </TextLine>
      <TextLine id="eSc_line_c7c9dcb0" custom="structure {type:default;}">
        <Coords points="925,3358 925,3385 2878,3380 2881,3354 2876,3323 923,3319 925,3358"/>
        <Baseline points="925,3358 2881,3354"/>
        <TextEquiv conf="0.9943904532007424">
          <Unicode>16851 Canonicis Rotomagensibus asserit ecclesias de Teuvilla et de Warengervilla, a</Unicode>
        </TextEquiv>
      </TextLine>
      <TextLine id="eSc_line_1c69a59f" custom="structure {type:default;}">
        <Coords points="974,3411 974,3447 1327,3442 1341,3447 1376,3458 1378,3458 1380,3460 1601,3460 1601,3458 1729,3445 1774,3440 1802,3445 1880,3456 1882,3456 2092,3442 2107,3442 2112,3442 2182,3456 2185,3456 2288,3442 2291,3442 2319,3442 2403,3442 2423,3453 2425,3453 2428,3453 2430,3453 2432,3453 2461,3440 2467,3438 2531,3438 2540,3440 2578,3453 2580,3453 2582,3456 2834,3456 2834,3453 2836,3453 2876,3438 2876,3405 2870,3374 972,3378 974,3411"/>
        <Baseline points="974,3411 2876,3405"/>
        <TextEquiv conf="0.999149078204308">
          <Unicode>(Qualtero) archiepiscopo concessas. Pflugk-Harttung Acta I. 357. — „Iustis peten-</Unicode>
        </TextEquiv>
      </TextLine>
      <TextLine id="eSc_line_4692f9c4" custom="structure {type:default;}">
        <Coords points="972,3467 976,3520 998,3504 1047,3515 1078,3524 1080,3524 1082,3526 1228,3526 1228,3524 1230,3524 1279,3506 1285,3504 1352,3504 1352,3467 1352,3431 972,3431 972,3467"/>
        <Baseline points="972,3467 1352,3467"/>
        <TextEquiv conf="0.9741127736428205">
          <Unicode>tium desideriis“.</Unicode>
        </TextEquiv>
      </TextLine>
    </TextRegion>
    <TextRegion id="eSc_textblock_edeb97d6"  custom="structure {type:default;}">
      <Coords points="1257,123 2105,132 2114,218 1376,236 1102,209 1111,132 1257,123"/>
      <TextLine id="eSc_line_9b486ca2" custom="structure {type:default;}">
        <Coords points="2079,130 2056,130 2034,130 2012,130 1990,130 1968,130 1955,130 1953,130 1950,130 1950,132 1935,147 1866,147 1842,128 1836,128 1813,128 1794,128 1756,130 1754,130 1752,130 1752,132 1734,147 1668,147 1650,130 1648,130 1648,128 1646,128 1643,128 1641,128 1617,130 1555,141 1506,132 1458,123 1455,123 1327,128 1325,128 1323,128 1316,134 1305,141 1285,134 1252,123 1250,123 1248,123 1129,134 1129,194 1129,214 2079,223 2081,194 2079,130 2079,130"/>
        <Baseline points="1129,194 2081,194"/>
        <TextEquiv conf="0.9998634744573522">
          <Unicode>COELESTINUS III. 1191—1198.</Unicode>
        </TextEquiv>
      </TextLine>
    </TextRegion>
  </Page>
</PcGts>
