<?xml version="1.0" encoding="UTF-8"  standalone="yes"?>
<PcGts xmlns="http://schema.primaresearch.org/PAGE/gts/pagecontent/2019-07-15" xmlns:xsi="http://www.w3.org/2001/XMLSchema-instance" xsi:schemaLocation="http://schema.primaresearch.org/PAGE/gts/pagecontent/2019-07-15 http://schema.primaresearch.org/PAGE/gts/pagecontent/2019-07-15/pagecontent.xsd">
  <Metadata externalRef="pdf//regestapontificu02cath.pdf">
	<Creator>escriptorium</Creator>
	<Created>2026-01-31T10:46:19.622499+00:00</Created>
        <LastChange>2026-02-12T10:41:29.627838+00:00</LastChange>
  </Metadata>
  <Page imageFilename="regestapontificu02cath.pdf_page_655.png" imageWidth="3007" imageHeight="3975">
    <TextRegion id="eSc_textblock_cded6871"  custom="structure {type:default;}">
      <Coords points="2677,256 2715,273 2724,335 2697,388 2706,3204 2680,3513 2319,3566 1984,3495 698,3504 671,3327 680,282 2677,256"/>
      <TextLine id="eSc_line_e9dbaf29" custom="structure {type:default;}">
        <Coords points="961,278 938,278 916,278 894,278 872,278 855,278 817,284 797,289 784,287 757,280 740,280 718,280 691,287 676,318 676,333 676,366 1005,366 1005,329 1000,280 974,278 961,278"/>
        <Baseline points="676,333 1005,329"/>
        <TextEquiv conf="0.9550035059452057">
          <Unicode>1191—1198.</Unicode>
        </TextEquiv>
      </TextLine>
      <TextLine id="eSc_line_512cff89" custom="structure {type:default;}">
        <Coords points="707,395 707,419 2673,419 2673,395 2673,362 2127,362 2101,357 1977,346 1975,346 1818,357 1767,359 1738,357 1663,346 1661,346 1588,355 1555,362 1436,362 1425,355 1405,346 1402,346 1400,346 1316,355 1263,359 1208,355 1135,346 1133,346 707,351 707,395"/>
        <Baseline points="707,395 2673,395"/>
        <TextEquiv conf="0.9929874841077828">
          <Unicode>17661 (10723) Episcopo cuidam respondet de G. quodam, qui „uxore defuncta, filiam</Unicode>
        </TextEquiv>
      </TextLine>
      <TextLine id="eSc_line_8774197f" custom="structure {type:default;}">
        <Coords points="757,448 755,470 885,485 888,488 1073,488 1073,485 1075,485 1109,474 1535,485 1537,485 1592,474 1756,488 1758,488 1880,477 1937,488 1939,488 2671,474 2673,452 2671,421 757,417 757,448"/>
        <Baseline points="757,448 2673,452"/>
        <TextEquiv conf="0.9993487352348236">
          <Unicode>eius, privignam videlicet propriam, copula carnali cognoverit, postmodum vero aliam</Unicode>
        </TextEquiv>
      </TextLine>
      <TextLine id="eSc_line_d2cd6832" custom="structure {type:default;}">
        <Coords points="757,505 757,530 2668,534 2671,505 2671,474 757,468 757,505"/>
        <Baseline points="757,505 2671,505"/>
        <TextEquiv conf="0.9998942301040743">
          <Unicode>legitimam accipiens in uxorem, non iam occulte cum privigna, sed publice illicitam</Unicode>
        </TextEquiv>
      </TextLine>
      <TextLine id="eSc_line_2ed38bac" custom="structure {type:default;}">
        <Coords points="760,560 760,578 2664,583 2666,560 2664,527 760,530 760,560"/>
        <Baseline points="760,560 2666,560"/>
        <TextEquiv conf="0.9912394843040369">
          <Unicode>rem commiserit“. Comp. II. L. 4. t. 7. c. 3, Decr. Greg. L. IV. t. 12. c. 4. —</Unicode>
        </TextEquiv>
      </TextLine>
      <TextLine id="eSc_line_e8560677" custom="structure {type:default;}">
        <Coords points="757,616 757,640 764,647 764,649 766,649 768,649 771,649 837,636 866,647 868,647 870,647 1208,636 1288,649 1290,649 1374,633 1376,633 1378,633 1414,647 1416,647 1418,647 1694,644 1696,644 1699,644 1699,642 1710,633 1831,644 1833,644 1836,644 1862,633 1946,647 1948,647 1950,647 1999,631 1999,611 1992,583 755,585 757,616"/>
        <Baseline points="757,616 1999,611"/>
        <TextEquiv conf="0.9998784650255133">
          <Unicode>„Transmissae nobis litterae“ „Transmissae nobis tuae“.</Unicode>
        </TextEquiv>
      </TextLine>
      <TextLine id="eSc_line_a5ef7e60" custom="structure {type:default;}">
        <Coords points="707,669 707,697 2666,700 2671,664 2664,627 704,638 707,669"/>
        <Baseline points="707,669 2671,664"/>
        <TextEquiv conf="0.998020722371776">
          <Unicode>17662 (10724) Episcopo cuidam respondet, Henricum presbyterum, „licet non ipse sed</Unicode>
        </TextEquiv>
      </TextLine>
      <TextLine id="eSc_line_5fb3aa32" custom="structure {type:default;}">
        <Coords points="760,724 757,744 773,755 775,755 777,755 779,755 2668,750 2671,728 2668,691 760,689 760,724"/>
        <Baseline points="760,724 2671,728"/>
        <TextEquiv conf="0.994347077469493">
          <Unicode>aliquis pro eo in duello pugnaverit, non debere in sacris ordinibus ministrare“. Comp.</Unicode>
        </TextEquiv>
      </TextLine>
      <TextLine id="eSc_line_02b3a3dd" custom="structure {type:default;}">
        <Coords points="757,781 757,799 2439,808 2441,808 2443,808 2492,795 2492,777 2487,750 755,750 757,781"/>
        <Baseline points="757,781 2492,777"/>
        <TextEquiv conf="0.9932151860312411">
          <Unicode>II. L. 5. t. 8. c. 1, Decr. Greg. L. V. t. 14. c. 2. — „Henricus presbyter“.</Unicode>
        </TextEquiv>
      </TextLine>
      <TextLine id="eSc_line_8e02865d" custom="structure {type:default;}">
        <Coords points="704,834 704,861 2671,861 2671,834 2671,806 704,806 704,834"/>
        <Baseline points="704,834 2671,834"/>
        <TextEquiv conf="0.9908872426274311">
          <Unicode>17663 (10725) Episcopo cuidam mandat, ut frui beneficio quodam patiatur V. (al. Vi-</Unicode>
        </TextEquiv>
      </TextLine>
      <TextLine id="eSc_line_17b31838" custom="structure {type:default;}">
        <Coords points="760,889 760,920 2666,920 2668,885 2664,854 757,852 760,889"/>
        <Baseline points="760,889 2668,885"/>
        <TextEquiv conf="0.9985323309898376">
          <Unicode>tum) diaconum, qui „puellam quandam, voluntate propria domum eius intrantem, ex-</Unicode>
        </TextEquiv>
      </TextLine>
      <TextLine id="eSc_line_e2d14b4f" custom="structure {type:default;}">
        <Coords points="757,945 757,971 2668,967 2668,945 2668,918 757,918 757,945"/>
        <Baseline points="757,945 2668,945"/>
        <TextEquiv conf="0.9941087910314885">
          <Unicode>pellere a se non potuerit propter nobilitatem et potentiam cognatorum“, et per sex</Unicode>
        </TextEquiv>
      </TextLine>
      <TextLine id="eSc_line_06cbe2b8" custom="structure {type:default;}">
        <Coords points="760,1000 760,1022 2666,1026 2671,995 2664,969 757,971 760,1000"/>
        <Baseline points="760,1000 2671,995"/>
        <TextEquiv conf="0.9924708360649017">
          <Unicode>annos ei cohabitaverit invitus, postea vero, ea mortua, virginem duxerit et propter</Unicode>
        </TextEquiv>
      </TextLine>
      <TextLine id="eSc_line_88fb8b1a" custom="structure {type:default;}">
        <Coords points="760,1055 760,1082 2668,1086 2671,1055 2671,1026 760,1022 760,1055"/>
        <Baseline points="760,1055 2671,1055"/>
        <TextEquiv conf="0.9996213573443739">
          <Unicode>hoc bigamiae accusatus sit. Comp. II. L. 1. t. 11. c. 1, Mansi XXII. 626. — „Ex</Unicode>
        </TextEquiv>
      </TextLine>
      <TextLine id="eSc_line_942d1b3e" custom="structure {type:default;}">
        <Coords points="755,1110 755,1132 899,1137 901,1137 903,1137 921,1128 927,1124 930,1128 936,1132 936,1135 938,1135 941,1135 943,1137 1020,1137 1020,1135 1022,1135 1069,1121 1069,1106 1062,1071 753,1073 755,1110"/>
        <Baseline points="755,1110 1069,1106"/>
        <TextEquiv conf="0.9826279441515605">
          <Unicode>litteris tuae“.</Unicode>
        </TextEquiv>
      </TextLine>
      <TextLine id="eSc_line_bd06c729" custom="structure {type:default;}">
        <Coords points="707,1163 707,1188 2671,1188 2671,1163 2671,1135 2600,1121 2598,1121 2489,1135 2021,1135 2003,1121 2001,1121 1999,1121 1997,1121 1877,1132 1844,1121 1842,1121 1840,1121 1838,1121 1836,1121 1818,1135 1710,1135 1661,1121 1659,1121 1657,1121 1654,1121 1652,1121 1634,1135 1482,1135 1369,1121 1367,1121 1250,1132 1235,1121 1232,1121 1230,1121 954,1121 952,1121 859,1132 843,1121 841,1121 839,1121 729,1121 726,1121 724,1121 722,1121 707,1130 707,1163"/>
        <Baseline points="707,1163 2671,1163"/>
        <TextEquiv conf="0.9976863155239507">
          <Unicode>17664 (10726) Episcopo cuidam respondet, ut B. clericum, qui puellam quandam</Unicode>
        </TextEquiv>
      </TextLine>
      <TextLine id="eSc_line_d52df8f5" custom="structure {type:default;}">
        <Coords points="757,1219 757,1249 2668,1249 2671,1214 2664,1188 755,1190 757,1219"/>
        <Baseline points="757,1219 2671,1214"/>
        <TextEquiv conf="0.9957200534641742">
          <Unicode>desponsaverit, sed, cum canonicus sit promotus praebendaque praeditus, traducere</Unicode>
        </TextEquiv>
      </TextLine>
      <TextLine id="eSc_line_bd9f8c1b" custom="structure {type:default;}">
        <Coords points="757,1274 757,1300 2671,1300 2671,1274 2671,1245 757,1238 757,1274"/>
        <Baseline points="757,1274 2671,1274"/>
        <TextEquiv conf="0.9998991518485837">
          <Unicode>cam praetermiserit, beneficio privet et ad uxorem suam, a qua separari taliter non</Unicode>
        </TextEquiv>
      </TextLine>
      <TextLine id="eSc_line_4ebff79e" custom="structure {type:default;}">
        <Coords points="757,1331 757,1358 2666,1351 2668,1325 2664,1298 779,1291 777,1291 775,1291 755,1300 757,1331"/>
        <Baseline points="757,1331 2668,1325"/>
        <TextEquiv conf="0.99999457161601">
          <Unicode>potuerit, redire compellat. Addit, clericos uxoratos ad sacros ordines promovendos</Unicode>
        </TextEquiv>
      </TextLine>
      <TextLine id="eSc_line_f98e1a49" custom="structure {type:default;}">
        <Coords points="755,1386 755,1404 1135,1415 1137,1415 1246,1404 1270,1415 1272,1415 1274,1415 1277,1415 1310,1404 1310,1402 1562,1402 1564,1402 1586,1413 1588,1413 1590,1413 1687,1402 1690,1402 1692,1402 1705,1413 1707,1413 1710,1413 1712,1415 1842,1415 1842,1413 2136,1400 2158,1400 2160,1400 2187,1411 2189,1411 2191,1413 2483,1413 2483,1411 2485,1411 2529,1397 2529,1380 2523,1353 753,1358 755,1386"/>
        <Baseline points="755,1386 2529,1380"/>
        <TextEquiv conf="0.9903399536484166">
          <Unicode>non esse. Comp. II. L. 3. t. 2. c. 2. — „Ea est sedis“ „Ea est apostolicae“.</Unicode>
        </TextEquiv>
      </TextLine>
      <TextLine id="eSc_line_7b982bc9" custom="structure {type:default;}">
        <Coords points="707,1437 707,1466 2671,1466 2671,1437 2671,1408 707,1406 707,1437"/>
        <Baseline points="707,1437 2671,1437"/>
        <TextEquiv conf="0.995498313790276">
          <Unicode>17665 (10727) Episcopo cuidam concedit, ut nothus militis cuiusdam filius „ad sacros</Unicode>
        </TextEquiv>
      </TextLine>
      <TextLine id="eSc_line_669afd38" custom="structure {type:default;}">
        <Coords points="755,1490 753,1517 1201,1521 1204,1521 1250,1517 1299,1510 1307,1517 1314,1521 1316,1521 1319,1521 1321,1523 1433,1523 1433,1521 1436,1521 1438,1521 1444,1514 1453,1510 1595,1510 1610,1514 1639,1523 1641,1523 1643,1523 1646,1523 1648,1523 1661,1514 1663,1512 1665,1514 1679,1523 1681,1523 1683,1523 1685,1523 1687,1523 1712,1514 1718,1512 1789,1514 2068,1523 2070,1523 2512,1510 2514,1495 2512,1464 755,1459 755,1490"/>
        <Baseline points="755,1490 2514,1495"/>
        <TextEquiv conf="0.982806463499327">
          <Unicode>ordines promoveatur“. Comp. II. L. 1. t. 8. c. 6. — „Intimatum est nobis“.</Unicode>
        </TextEquiv>
      </TextLine>
      <TextLine id="eSc_line_3e9fbfe7" custom="structure {type:default;}">
        <Coords points="707,1550 707,1574 2666,1565 2668,1541 2664,1514 1763,1506 1760,1506 1687,1517 1681,1517 1652,1517 1345,1508 1343,1508 704,1519 707,1550"/>
        <Baseline points="707,1550 2668,1541"/>
        <TextEquiv conf="0.9966516945606623">
          <Unicode>17666 (10728) Episcopo cuidam mandat, ut W. subdiaconum „ab omni ecclesiastico</Unicode>
        </TextEquiv>
      </TextLine>
      <TextLine id="eSc_line_e871e7da" custom="structure {type:default;}">
        <Coords points="755,1607 755,1629 2662,1631 2666,1603 2660,1574 753,1574 755,1607"/>
        <Baseline points="755,1607 2666,1603"/>
        <TextEquiv conf="0.9923580862298796">
          <Unicode>beneficio suspendat et tamdiu tamquam excommunicatum faciat ab omnibus evitari,</Unicode>
        </TextEquiv>
      </TextLine>
      <TextLine id="eSc_line_beddd92b" custom="structure {type:default;}">
        <Coords points="755,1660 755,1680 2662,1684 2664,1660 2664,1629 755,1629 755,1660"/>
        <Baseline points="755,1660 2664,1660"/>
        <TextEquiv conf="0.9846177984167028">
          <Unicode>donec mulierem a consortio suo dimittat“. Comp. II. L. 4. t. 4. c. 1, Mansi XXII.</Unicode>
        </TextEquiv>
      </TextLine>
      <TextLine id="eSc_line_a1ba98d7" custom="structure {type:default;}">
        <Coords points="753,1715 753,1733 1157,1744 1159,1744 1252,1742 1254,1742 1257,1742 1257,1740 1265,1731 1268,1731 1272,1731 1338,1742 1341,1742 1584,1729 1586,1711 1581,1682 985,1671 983,1671 980,1671 978,1671 978,1673 967,1684 861,1684 779,1671 777,1671 775,1671 751,1682 753,1715"/>
        <Baseline points="753,1715 1586,1711"/>
        <TextEquiv conf="0.9831416445809442">
          <Unicode>628. — „Fraternitatis tuae litteris“.</Unicode>
        </TextEquiv>
      </TextLine>
      <TextLine id="eSc_line_35b724f7" custom="structure {type:default;}">
        <Coords points="707,1773 707,1795 2666,1786 2668,1764 2664,1735 1714,1726 1712,1726 704,1740 707,1773"/>
        <Baseline points="707,1773 2668,1764"/>
        <TextEquiv conf="0.9972501240670681">
          <Unicode>17667 (10729) Magistro Columbo (al. Columbano) respondet: „cum mandatum speciale</Unicode>
        </TextEquiv>
      </TextLine>
      <TextLine id="eSc_line_0166d6f0" custom="structure {type:default;}">
        <Coords points="757,1826 757,1848 1144,1859 1146,1859 1148,1859 1184,1848 1186,1848 1188,1848 1250,1859 1252,1859 1705,1846 1736,1846 1745,1846 1851,1857 1853,1857 2112,1843 2143,1843 2167,1843 2350,1855 2353,1855 2355,1855 2390,1843 2392,1843 2401,1843 2604,1855 2607,1855 2662,1841 2664,1819 2657,1790 755,1795 757,1826"/>
        <Baseline points="757,1826 2664,1819"/>
        <TextEquiv conf="0.9958303799996009">
          <Unicode>deroget generali, legatum commissionem specialiter factam impedire non posse“.</Unicode>
        </TextEquiv>
      </TextLine>
      <TextLine id="eSc_line_fe96523e" custom="structure {type:default;}">
        <Coords points="753,1874 751,1896 1009,1910 1011,1910 2664,1899 2666,1868 2660,1839 753,1843 753,1874"/>
        <Baseline points="753,1874 2344,1879 2666,1868"/>
        <TextEquiv conf="0.9969469985844176">
          <Unicode>Comp. II. L. 1. t. 13. c. 1, Decr. Greg. L. I. t. 30. c. 2. — „Studuisti a nobis“</Unicode>
        </TextEquiv>
      </TextLine>
      <TextLine id="eSc_line_4cb268b9" custom="structure {type:default;}">
        <Coords points="757,1936 757,1958 992,1952 996,1954 1003,1961 1003,1963 1005,1963 1007,1963 1009,1965 1179,1965 1179,1963 1182,1963 1232,1949 1232,1932 1226,1903 755,1905 757,1936"/>
        <Baseline points="757,1936 1232,1932"/>
        <TextEquiv conf="0.9999911132312956">
          <Unicode>„Studuisti quaerere“.</Unicode>
        </TextEquiv>
      </TextLine>
      <TextLine id="eSc_line_d56e871f" custom="structure {type:default;}">
        <Coords points="707,1989 707,2016 2664,2020 2668,1985 2662,1954 704,1956 707,1989"/>
        <Baseline points="707,1989 2668,1985"/>
        <TextEquiv conf="0.9998771794911089">
          <Unicode>17668 (10730) Cuidam quaerenti: „de qua impotentia illud intelligatur, quod in litteris</Unicode>
        </TextEquiv>
      </TextLine>
      <TextLine id="eSc_line_c8987408" custom="structure {type:default;}">
        <Coords points="755,2047 755,2069 2660,2071 2664,2042 2657,2011 753,2014 755,2047"/>
        <Baseline points="755,2047 2664,2042"/>
        <TextEquiv conf="0.99804598973556">
          <Unicode>(apostolicis) saepe consueverit apponi: videlicet ut si duo, vel tres, vel etiam plures,</Unicode>
        </TextEquiv>
      </TextLine>
      <TextLine id="eSc_line_41f2967c" custom="structure {type:default;}">
        <Coords points="753,2097 753,2122 2666,2122 2666,2097 2666,2071 753,2071 753,2097"/>
        <Baseline points="753,2097 2666,2097"/>
        <TextEquiv conf="0.993804176887834">
          <Unicode>quibus litterae dirigantur, ipsis exsequendis interesse simul nequiverint, unus aut</Unicode>
        </TextEquiv>
      </TextLine>
      <TextLine id="eSc_line_7940d390" custom="structure {type:default;}">
        <Coords points="755,2155 755,2181 2662,2179 2664,2148 2657,2122 753,2126 755,2155"/>
        <Baseline points="755,2155 2664,2148"/>
        <TextEquiv conf="0.999320041842577">
          <Unicode>plures eorum nihilominus exsequantur,“ respondet: „tam de iure quam de facto illam</Unicode>
        </TextEquiv>
      </TextLine>
      <TextLine id="eSc_line_373c7464" custom="structure {type:default;}">
        <Coords points="755,2210 755,2232 2664,2232 2664,2210 2662,2177 755,2177 755,2210"/>
        <Baseline points="755,2210 2664,2210"/>
        <TextEquiv conf="0.9899635769426822">
          <Unicode>impotentiam censendam esse“. Comp. II. L. 1. t. 2. c. 9, Decr. Greg. L. I. t. 3.</Unicode>
        </TextEquiv>
      </TextLine>
      <TextLine id="eSc_line_989fffdb" custom="structure {type:default;}">
        <Coords points="751,2263 751,2283 978,2283 1016,2294 1018,2294 1020,2294 1208,2292 1210,2292 1250,2279 1252,2279 1303,2292 1305,2292 1307,2292 1310,2292 1312,2292 1325,2279 1356,2292 1358,2292 1360,2292 1363,2292 1407,2276 1407,2259 1400,2232 748,2232 751,2263"/>
        <Baseline points="751,2263 1407,2259"/>
        <TextEquiv conf="0.9993263887507575">
          <Unicode>c. 13. — „Sciscitatus es a“.</Unicode>
        </TextEquiv>
      </TextLine>
      <TextLine id="eSc_line_b743fc2f" custom="structure {type:default;}">
        <Coords points="676,2320 676,2345 2666,2338 2668,2312 2664,2283 691,2279 689,2279 687,2279 684,2279 673,2285 676,2320"/>
        <Baseline points="676,2320 2668,2312"/>
        <TextEquiv conf="0.9962241722316276">
          <Unicode>p17669 (10731) Cuidam (archiepiscopo Cantuariensi) respondet, „si contra R(obertum</Unicode>
        </TextEquiv>
      </TextLine>
      <TextLine id="eSc_line_bf9a74f0" custom="structure {type:default;}">
        <Coords points="753,2373 753,2398 2666,2396 2668,2369 2664,2340 751,2340 753,2373"/>
        <Baseline points="753,2373 2668,2369"/>
        <TextEquiv conf="0.9926625490188599">
          <Unicode>abbatem Torneae) coram Dulmensi (Dunelmensi) episcopo et eius coniudicibus nihil</Unicode>
        </TextEquiv>
      </TextLine>
      <TextLine id="eSc_line_13e343e1" custom="structure {type:default;}">
        <Coords points="751,2429 751,2455 2666,2455 2666,2429 2666,2398 751,2398 751,2429"/>
        <Baseline points="751,2429 2666,2429"/>
        <TextEquiv conf="0.9891676645220062">
          <Unicode>probavisset, standum tamen sententiae fuisse, nisi R. eam ostenderet irritandam“.</Unicode>
        </TextEquiv>
      </TextLine>
      <TextLine id="eSc_line_0232c309" custom="structure {type:default;}">
        <Coords points="753,2484 753,2508 2666,2502 2668,2477 2662,2451 751,2455 753,2484"/>
        <Baseline points="753,2484 2668,2477"/>
        <TextEquiv conf="0.9975542811786428">
          <Unicode>(In canonum collectionibus modo Clementi III., modo Coelestino III. ascribitur decre-</Unicode>
        </TextEquiv>
      </TextLine>
      <TextLine id="eSc_line_5d8a6dc5" custom="structure {type:default;}">
        <Coords points="751,2539 751,2559 2662,2566 2664,2539 2664,2510 751,2510 751,2539"/>
        <Baseline points="751,2539 2664,2539"/>
        <TextEquiv conf="0.9999274993210696">
          <Unicode>talis haec; neutri vero tribuatur oportet, cum sit partiuncula epistolae Innocentii III.,</Unicode>
        </TextEquiv>
      </TextLine>
      <TextLine id="eSc_line_f76f6140" custom="structure {type:default;}">
        <Coords points="751,2592 751,2623 2666,2616 2666,2592 2666,2561 751,2559 751,2592"/>
        <Baseline points="751,2592 2666,2592"/>
        <TextEquiv conf="0.9987244311767288">
          <Unicode>quae legitur in Registri lib. V. ep. 55, Potthast n. 1695; cf. etiam Friedbergi</Unicode>
        </TextEquiv>
      </TextLine>
      <TextLine id="eSc_line_acd00441" custom="structure {type:default;}">
        <Coords points="751,2645 748,2665 2664,2669 2668,2650 2666,2619 751,2614 751,2645"/>
        <Baseline points="751,2645 2668,2650"/>
        <TextEquiv conf="0.9974137745624365">
          <Unicode>editionem Comp. et Decr. Greg. I. I. Pertinet ad hoc negotium ep. 17371 supra notata).</Unicode>
        </TextEquiv>
      </TextLine>
      <TextLine id="eSc_line_1b10e530" custom="structure {type:default;}">
        <Coords points="748,2703 748,2720 830,2733 832,2733 905,2722 1186,2722 1221,2733 1224,2733 1226,2733 1301,2722 1336,2733 1338,2733 1341,2736 1478,2736 1478,2733 1480,2733 1504,2722 1555,2733 1557,2733 1648,2722 1672,2733 1674,2733 1676,2733 1679,2733 1716,2722 1734,2733 1736,2733 1738,2733 1741,2733 1836,2722 2096,2722 2112,2733 2114,2733 2116,2733 2118,2733 2640,2720 2640,2703 2640,2676 748,2676 748,2703"/>
        <Baseline points="748,2703 2640,2703"/>
        <TextEquiv conf="0.994943088718823">
          <Unicode>Comp. II. L. 1. t. 5. c. 4., Decr. Greg. L. I. t. 9. c. 6. — „In praesentia nostra“.</Unicode>
        </TextEquiv>
      </TextLine>
      <TextLine id="eSc_line_d9daa263" custom="structure {type:default;}">
        <Coords points="700,2760 700,2784 2666,2778 2668,2753 2664,2725 1358,2716 1356,2716 1259,2727 715,2718 713,2718 711,2718 709,2718 698,2725 700,2760"/>
        <Baseline points="700,2760 2668,2753"/>
        <TextEquiv conf="0.9895053134245031">
          <Unicode>17670 (10732) Cuidam mandat, ut D. presbytero, si ei ecclesia litigiosa canonice con-</Unicode>
        </TextEquiv>
      </TextLine>
      <TextLine id="eSc_line_8e97851c" custom="structure {type:default;}">
        <Coords points="751,2813 751,2837 2668,2837 2668,2813 2666,2773 751,2773 751,2813"/>
        <Baseline points="751,2813 2668,2813"/>
        <TextEquiv conf="0.988031134929186">
          <Unicode>cessa et ipse de crimine aliquo non fuerit convictus, propter quod de iure debeat</Unicode>
        </TextEquiv>
      </TextLine>
      <TextLine id="eSc_line_d04a41eb" custom="structure {type:default;}">
        <Coords points="751,2866 751,2897 1559,2888 1597,2895 1630,2899 1632,2899 2151,2892 2291,2890 2304,2890 2392,2901 2394,2901 2397,2901 2399,2901 2414,2890 2417,2890 2662,2890 2664,2870 2662,2839 751,2835 751,2866"/>
        <Baseline points="751,2866 2664,2870"/>
        <TextEquiv conf="0.9936174811287359">
          <Unicode>spoliari, ecclesiam restitui iubeat. Comp. II. L. 5. t. I. c. 1, Decr. Greg. L. V. t. 1.</Unicode>
        </TextEquiv>
      </TextLine>
      <TextLine id="eSc_line_9e34c3dd" custom="structure {type:default;}">
        <Coords points="748,2923 748,2941 830,2954 832,2954 897,2943 1442,2954 1444,2954 1447,2954 1486,2941 1486,2923 1486,2897 748,2897 748,2923"/>
        <Baseline points="748,2923 1486,2923"/>
        <TextEquiv conf="0.9824114255607128">
          <Unicode>c. 12. — „Si constiterit, quod“.</Unicode>
        </TextEquiv>
      </TextLine>
      <TextLine id="eSc_line_91157c62" custom="structure {type:default;}">
        <Coords points="702,2979 702,3003 2664,2996 2666,2972 2662,2943 700,2943 702,2979"/>
        <Baseline points="702,2979 2666,2972"/>
        <TextEquiv conf="0.9962320563233928">
          <Unicode>17671 (10734) Cuidam respondet, „indulgentiam fel. mem. Adriani papae, tunc Alba-</Unicode>
        </TextEquiv>
      </TextLine>
      <TextLine id="eSc_line_a35df490" custom="structure {type:default;}">
        <Coords points="755,3032 755,3056 2664,3051 2666,3027 2660,3001 753,3003 755,3032"/>
        <Baseline points="755,3032 2666,3027"/>
        <TextEquiv conf="0.9959119132586888">
          <Unicode>nensis episcopi in Norvegiam legati, qua permissum sit omnibus illius terrae homini-</Unicode>
        </TextEquiv>
      </TextLine>
      <TextLine id="eSc_line_87a56fe8" custom="structure {type:default;}">
        <Coords points="755,3087 755,3111 2664,3111 2664,3087 2664,3060 755,3054 755,3087"/>
        <Baseline points="755,3087 2664,3087"/>
        <TextEquiv conf="0.9926883665526786">
          <Unicode>bus in sexto gradu coniungi“, sic intelligendam esse, „quod uterque coniungendorum</Unicode>
        </TextEquiv>
      </TextLine>
      <TextLine id="eSc_line_8329badf" custom="structure {type:default;}">
        <Coords points="753,3142 753,3164 2657,3171 2662,3138 2655,3111 751,3113 753,3142"/>
        <Baseline points="753,3142 2662,3138"/>
        <TextEquiv conf="0.997772058318643">
          <Unicode>distet a stipite sexto gradu; si vero alter sexto vel septimo gradu distet a stipite,</Unicode>
        </TextEquiv>
      </TextLine>
      <TextLine id="eSc_line_6809b8cf" custom="structure {type:default;}">
        <Coords points="753,3193 751,3213 766,3224 768,3224 771,3224 773,3226 2662,3226 2664,3199 2662,3171 753,3164 753,3193"/>
        <Baseline points="753,3193 2664,3199"/>
        <TextEquiv conf="0.9943608683698317">
          <Unicode>alter autem secundo vel tertio, coniungi eos non debere“. Comp. II. L. 4. t. S. c. 2,</Unicode>
        </TextEquiv>
      </TextLine>
      <TextLine id="eSc_line_3659e28d" custom="structure {type:default;}">
        <Coords points="751,3248 748,3266 766,3279 768,3279 771,3279 773,3279 872,3277 874,3277 877,3277 877,3274 888,3266 938,3279 941,3279 943,3281 1009,3281 1009,3279 1011,3279 1014,3279 1027,3268 1038,3277 1038,3279 1040,3279 1042,3279 1045,3279 1047,3279 1095,3266 1226,3277 1228,3277 1230,3277 1252,3266 1261,3274 1261,3277 1263,3277 1265,3277 1268,3277 1407,3268 1442,3281 1444,3281 1447,3281 1449,3281 1451,3281 1469,3268 1537,3268 1551,3279 1551,3281 1553,3281 1555,3281 1557,3281 1895,3268 1908,3279 1908,3281 1911,3281 1913,3281 1915,3281 2014,3266 2017,3252 2014,3224 751,3219 751,3248"/>
        <Baseline points="751,3248 2017,3252"/>
        <TextEquiv conf="0.9913084308306376">
          <Unicode>Decr. Greg. L. IV. t. 14. c. 3. — „Quod dilectio tua“.</Unicode>
        </TextEquiv>
      </TextLine>
      <TextLine id="eSc_line_bf7f4db8" custom="structure {type:default;}">
        <Coords points="702,3310 702,3330 2664,3323 2664,3301 2660,3270 715,3268 713,3268 711,3268 709,3268 700,3272 702,3310"/>
        <Baseline points="702,3310 2664,3301"/>
        <TextEquiv conf="0.9976914922396342">
          <Unicode>17672 (10736) Cuidam scribit, virum mercatorem, qui ad religionis habitum transierit</Unicode>
        </TextEquiv>
      </TextLine>
      <TextLine id="eSc_line_9548e53f" custom="structure {type:default;}">
        <Coords points="753,3361 753,3383 2662,3378 2664,3356 2657,3330 751,3332 753,3361"/>
        <Baseline points="753,3361 2664,3356"/>
        <TextEquiv conf="0.9929792115717758">
          <Unicode>et in eo per annum et amplius moram fecerit, nec habitum posse abiicere, nec ali-</Unicode>
        </TextEquiv>
      </TextLine>
      <TextLine id="eSc_line_2c6c5c6a" custom="structure {type:default;}">
        <Coords points="753,3416 753,3449 2662,3442 2662,3416 2660,3385 753,3385 753,3416"/>
        <Baseline points="753,3416 2662,3416"/>
        <TextEquiv conf="0.9995802925076596">
          <Unicode>quam sibi matrimonio copulare. Comp. II. L. 3. t. 19. c. 2, Decr. Greg. L. III. t. 32.</Unicode>
        </TextEquiv>
      </TextLine>
      <TextLine id="eSc_line_2061765c" custom="structure {type:default;}">
        <Coords points="753,3469 753,3491 861,3504 863,3504 976,3491 989,3502 989,3504 992,3504 994,3504 996,3506 1087,3506 1087,3504 1204,3502 1206,3502 1230,3489 1248,3502 1250,3502 1252,3502 1254,3502 1314,3498 1316,3498 1319,3498 1319,3495 1330,3486 1387,3500 1389,3500 1391,3500 1425,3482 1425,3460 1418,3433 751,3440 753,3469"/>
        <Baseline points="753,3469 1425,3460"/>
        <TextEquiv conf="0.98814813958274">
          <Unicode>c. 10. — „Consuluit nos G.“</Unicode>
        </TextEquiv>
      </TextLine>
      <TextLine id="eSc_line_6506abba" custom="structure {type:default;}">
        <Coords points="2295,3533 2295,3548 2392,3546 2392,3528 2386,3491 2293,3498 2295,3533"/>
        <Baseline points="2295,3533 2392,3528"/>
        <TextEquiv conf="1.0">
          <Unicode>81*</Unicode>
        </TextEquiv>
      </TextLine>
    </TextRegion>
    <TextRegion id="eSc_textblock_2f39e818"  custom="structure {type:default;}">
      <Coords points="947,106 1842,106 1895,114 1904,200 1877,227 936,227 901,218 892,159 947,106"/>
      <TextLine id="eSc_line_c74fe9a6" custom="structure {type:default;}">
        <Coords points="916,183 914,218 1866,220 1871,189 1869,132 1785,121 1782,121 1780,121 1778,121 1765,132 1754,141 1665,141 1637,132 1597,121 1595,121 1592,121 1590,121 1588,121 1570,132 1557,139 1442,139 1431,132 1400,119 1398,119 1396,119 1394,119 1343,132 1325,136 1303,132 1228,119 956,117 954,117 952,117 916,132 916,183"/>
        <Baseline points="916,183 1871,189"/>
        <TextEquiv conf="0.9831030348251606">
          <Unicode>COEI.ESTINUS III. 1191— 1198.</Unicode>
        </TextEquiv>
      </TextLine>
    </TextRegion>
    <TextRegion id="eSc_textblock_0ae223f5"  custom="structure {type:default;}">
      <Coords points="2580,114 2715,132 2715,200 2549,227 2523,132 2580,114"/>
      <TextLine id="eSc_line_b1b0a0f7" custom="structure {type:default;}">
        <Coords points="2657,123 2642,121 2547,123 2551,187 2551,218 2675,218 2675,183 2668,123 2657,123"/>
        <Baseline points="2551,187 2675,183"/>
        <TextEquiv conf="0.9999899466832479">
          <Unicode>643</Unicode>
        </TextEquiv>
      </TextLine>
    </TextRegion>
  </Page>
</PcGts>
