<?xml version="1.0" encoding="UTF-8"  standalone="yes"?>
<PcGts xmlns="http://schema.primaresearch.org/PAGE/gts/pagecontent/2019-07-15" xmlns:xsi="http://www.w3.org/2001/XMLSchema-instance" xsi:schemaLocation="http://schema.primaresearch.org/PAGE/gts/pagecontent/2019-07-15 http://schema.primaresearch.org/PAGE/gts/pagecontent/2019-07-15/pagecontent.xsd">
  <Metadata externalRef="pdf//regestapontificu02cath.pdf">
	<Creator>escriptorium</Creator>
	<Created>2026-01-31T10:44:15.571693+00:00</Created>
        <LastChange>2026-02-04T23:40:23.020591+00:00</LastChange>
  </Metadata>
  <Page imageFilename="regestapontificu02cath.pdf_page_606.png" imageWidth="3007" imageHeight="3975">
    <TextRegion id="eSc_textblock_ee1c490f"  custom="structure {type:default;}">
      <Coords points="355,132 475,141 483,200 326,227 326,141 355,132"/>
      <TextLine id="eSc_line_b827b63f" custom="structure {type:default;}">
        <Coords points="446,139 424,136 402,134 380,132 357,132 335,136 340,196 340,220 457,225 459,192 452,139 446,139"/>
        <Baseline points="340,196 459,192"/>
        <TextEquiv conf="0.9999982913335165">
          <Unicode>594</Unicode>
        </TextEquiv>
      </TextLine>
    </TextRegion>
    <TextRegion id="eSc_textblock_86834540"  custom="structure {type:default;}">
      <Coords points="1080,273 2892,291 2883,3495 980,3513 881,3469 618,3469 607,3107 581,3460 326,3451 309,344 362,282 607,326 627,300 1080,273"/>
      <TextLine id="eSc_line_60c787b2" custom="structure {type:default;}">
        <Coords points="2273,284 2251,284 2229,284 2207,282 2185,282 2163,282 2140,282 2118,282 2096,282 2083,282 1986,291 1931,280 1919,280 1902,280 1796,293 1592,280 1590,280 1376,295 1195,280 1193,280 925,280 925,282 910,282 908,282 905,282 881,295 883,342 883,373 1429,373 1438,373 1509,362 2448,364 2450,331 2445,291 2291,284 2273,284"/>
        <Baseline points="883,342 2450,331"/>
        <TextEquiv conf="0.9950453196253095">
          <Unicode>1192. (Ind. 10, pont. a. 1. — 14. A4pr. — 2, 1191 — 25. Mart. — 1192.)</Unicode>
        </TextEquiv>
      </TextLine>
      <TextLine id="eSc_line_c6234c74" custom="structure {type:default;}">
        <Coords points="357,406 357,441 426,459 428,459 430,459 477,437 534,448 536,448 539,448 576,430 576,399 570,357 355,362 357,406"/>
        <Baseline points="357,406 576,399"/>
        <TextEquiv conf="0.9998811568532672">
          <Unicode>Dec. 6.</Unicode>
        </TextEquiv>
      </TextLine>
      <TextLine id="eSc_line_1ce80d46" custom="structure {type:default;}">
        <Coords points="629,404 629,461 846,461 846,399 841,362 627,355 629,404"/>
        <Baseline points="629,404 846,399"/>
        <TextEquiv conf="0.9901138693094254">
          <Unicode>Laterani</Unicode>
        </TextEquiv>
      </TextLine>
      <TextLine id="eSc_line_3684cec4" custom="structure {type:default;}">
        <Coords points="899,401 899,426 1458,437 1460,437 1520,426 1526,426 1528,426 1551,437 1553,437 1555,437 1687,426 1725,424 1754,426 1836,435 1838,435 1972,426 2014,424 2026,426 2059,435 2061,435 2063,435 2211,426 2284,421 2304,426 2333,432 2335,432 2337,432 2874,424 2876,395 2872,351 1765,346 1763,346 1690,357 1683,357 1676,357 1564,346 1562,346 1283,359 1277,359 1272,359 1014,348 1011,348 897,362 899,401"/>
        <Baseline points="899,401 2876,395"/>
        <TextEquiv conf="0.9925551648890034">
          <Unicode>16932 (Udalrico) abbati S. Galli, quem prioribus litteris frusta rogaverat, ut Wer(nero),</Unicode>
        </TextEquiv>
      </TextLine>
      <TextLine id="eSc_line_ff046412" custom="structure {type:default;}">
        <Coords points="969,454 969,485 2876,479 2878,448 2872,419 967,424 969,454"/>
        <Baseline points="969,454 2878,448"/>
        <TextEquiv conf="0.9997268929201014">
          <Unicode>clerico „congrue provideret“, praecipit, ut ei ecclesiam S. Leonardi conferat; si in-</Unicode>
        </TextEquiv>
      </TextLine>
      <TextLine id="eSc_line_2aa46fab" custom="structure {type:default;}">
        <Coords points="967,507 967,534 2874,530 2876,503 2870,470 965,472 967,507"/>
        <Baseline points="967,507 2876,503"/>
        <TextEquiv conf="0.9998812928795815">
          <Unicode>obediens fuerit, fore, ut ab abbate Salemensi ad exequendum mandatum apostolicum</Unicode>
        </TextEquiv>
      </TextLine>
      <TextLine id="eSc_line_ac71f215" custom="structure {type:default;}">
        <Coords points="967,565 967,585 2235,591 2238,591 2872,578 2874,558 2870,530 2238,518 2235,518 2233,518 2198,530 1604,521 1601,521 1599,521 1597,521 1579,532 1206,523 1204,523 965,534 967,565"/>
        <Baseline points="967,565 2874,558"/>
        <TextEquiv conf="0.997847347290485">
          <Unicode>cogatur. Wartmann Urk. d. Abt. S. Gall. III. 51. — „Cum monasterium vestrum“.</Unicode>
        </TextEquiv>
      </TextLine>
      <TextLine id="eSc_line_5d487c72" custom="structure {type:default;}">
        <Coords points="391,669 576,662 576,627 572,569 539,583 510,567 505,565 503,565 501,565 499,565 494,567 461,583 393,565 391,627 391,669"/>
        <Baseline points="391,627 576,627"/>
        <TextEquiv conf="0.998905336856842">
          <Unicode>„ 11.</Unicode>
        </TextEquiv>
      </TextLine>
      <TextLine id="eSc_line_9e743998" custom="structure {type:default;}">
        <Coords points="709,631 709,655 740,662 742,662 744,662 802,642 802,627 797,587 704,565 709,631"/>
        <Baseline points="709,631 802,627"/>
        <TextEquiv conf="0.9998917579650879">
          <Unicode>„</Unicode>
        </TextEquiv>
      </TextLine>
      <TextLine id="eSc_line_e79060ae" custom="structure {type:default;}">
        <Coords points="919,622 919,649 2878,644 2881,613 2876,585 2580,585 2551,571 2549,571 2547,571 2383,585 2059,574 2056,574 2054,574 2032,585 1626,576 1623,576 1478,587 1409,576 1407,576 1405,576 1378,589 1312,578 1310,578 1307,578 1265,589 1243,578 1241,578 1091,578 1089,578 1087,578 1084,578 1071,589 1058,578 1056,578 1053,578 938,578 936,578 934,578 932,578 916,587 919,622"/>
        <Baseline points="919,622 2881,613"/>
        <TextEquiv conf="0.9997926690999199">
          <Unicode>16933 (10398) Fratribus coenobii S. Stephani de Bosco in Calabria, „sub Cisterciensis</Unicode>
        </TextEquiv>
      </TextLine>
      <TextLine id="eSc_line_ca4178d2" custom="structure {type:default;}">
        <Coords points="969,673 969,702 2881,702 2881,673 2881,640 969,640 969,673"/>
        <Baseline points="969,673 2881,673"/>
        <TextEquiv conf="0.9985009288213339">
          <Unicode>ordinis observantia volentibus militare“ concedit, „ut a modo sub eadem observantia</Unicode>
        </TextEquiv>
      </TextLine>
      <TextLine id="eSc_line_6d0b3e59" custom="structure {type:default;}">
        <Coords points="969,728 969,750 2878,746 2881,724 2874,689 967,691 969,728"/>
        <Baseline points="969,728 2881,724"/>
        <TextEquiv conf="0.9983338713645935">
          <Unicode>et correctione abbatis et fratrum Fossae-novae vivere debeant“. Vita S. Brunonis</Unicode>
        </TextEquiv>
      </TextLine>
      <TextLine id="eSc_line_a3679efa" custom="structure {type:default;}">
        <Coords points="967,786 967,806 1422,819 1425,819 1484,806 1524,819 1526,819 1528,819 1531,819 1588,803 1595,803 1621,803 1858,817 1860,817 1862,817 1864,817 1884,803 1886,803 1908,803 2600,814 2602,814 2604,814 2653,799 2653,779 2649,746 1056,744 1053,744 965,755 967,786"/>
        <Baseline points="967,786 2653,779"/>
        <TextEquiv conf="0.9894165430750166">
          <Unicode>p. 469, Tromby Stor. Cart. IV. App. p. 245. — „Ad religionis ordinem“.</Unicode>
        </TextEquiv>
      </TextLine>
      <TextLine id="eSc_line_5572fd6b" custom="structure {type:default;}">
        <Coords points="395,845 395,863 472,863 475,865 494,883 494,885 497,885 499,885 501,885 589,867 589,845 589,812 510,801 508,801 505,801 503,801 486,814 481,817 395,817 395,845"/>
        <Baseline points="395,845 589,845"/>
        <TextEquiv conf="0.9999012231826783">
          <Unicode>„ 11.</Unicode>
        </TextEquiv>
      </TextLine>
      <TextLine id="eSc_line_b75a8c48" custom="structure {type:default;}">
        <Coords points="623,845 623,852 691,852 704,863 704,865 707,865 709,865 711,867 786,867 786,865 788,865 790,865 790,863 802,850 802,843 795,808 620,814 623,845"/>
        <Baseline points="623,845 802,843"/>
        <TextEquiv conf="0.7124626636505127">
          <Unicode>„</Unicode>
        </TextEquiv>
      </TextLine>
      <TextLine id="eSc_line_f7b7ec48" custom="structure {type:default;}">
        <Coords points="916,839 916,870 2881,865 2881,839 2881,806 916,806 916,839"/>
        <Baseline points="916,839 2881,839"/>
        <TextEquiv conf="0.9973266983316058">
          <Unicode>16934 (lohanni) patriarchae Gradensi et (Marco) episcopo Castellano (Veneto) mandat,</Unicode>
        </TextEquiv>
      </TextLine>
      <TextLine id="eSc_line_bb6e9a3d" custom="structure {type:default;}">
        <Coords points="969,892 969,918 2876,912 2878,885 2872,854 967,859 969,892"/>
        <Baseline points="969,892 2878,885"/>
        <TextEquiv conf="0.9873237207531929">
          <Unicode>iudicent inter plebanum ecclesiae Piranensis et episcopum Nemolensem (leg. Aemo-</Unicode>
        </TextEquiv>
      </TextLine>
      <TextLine id="eSc_line_39a67066" custom="structure {type:default;}">
        <Coords points="972,947 972,978 2878,965 2881,942 2876,914 1935,903 1933,903 1727,914 994,905 992,905 989,905 969,914 972,947"/>
        <Baseline points="972,947 2881,942"/>
        <TextEquiv conf="0.9951833706526529">
          <Unicode>niensem) litigantes de „quartisio Castelli Veneris“ et ecclesia S. Michaelis, a Wer-</Unicode>
        </TextEquiv>
      </TextLine>
      <TextLine id="eSc_line_df485575" custom="structure {type:default;}">
        <Coords points="969,1004 969,1029 2876,1031 2881,1000 2874,969 967,973 969,1004"/>
        <Baseline points="969,1004 2881,1000"/>
        <TextEquiv conf="0.9986227590304154">
          <Unicode>nardo, quondam episcopo Tergestino, ecclesiae Piranensi concessa. Codice dipl.</Unicode>
        </TextEquiv>
      </TextLine>
      <TextLine id="eSc_line_98e7e31d" custom="structure {type:default;}">
        <Coords points="969,1060 969,1082 2585,1075 2587,1053 2580,1022 967,1026 969,1060"/>
        <Baseline points="969,1060 2587,1053"/>
        <TextEquiv conf="0.9913010150194168">
          <Unicode>Istriano ad a. 1192. — „Significamus vobis“ (leg. „Significavit nobis“).</Unicode>
        </TextEquiv>
      </TextLine>
      <TextLine id="eSc_line_7c9a5205" custom="structure {type:default;}">
        <Coords points="395,1121 395,1159 596,1135 598,1117 594,1042 499,1042 497,1042 494,1042 492,1042 492,1044 479,1055 468,1066 393,1066 395,1121"/>
        <Baseline points="395,1121 598,1117"/>
        <TextEquiv conf="0.999987268447876">
          <Unicode>„ 17.</Unicode>
        </TextEquiv>
      </TextLine>
      <TextLine id="eSc_line_78d17d66" custom="structure {type:default;}">
        <Coords points="631,1119 629,1139 718,1179 720,1179 722,1181 779,1181 782,1121 782,1064 718,1060 715,1060 713,1060 711,1060 689,1077 673,1086 631,1086 631,1119"/>
        <Baseline points="631,1119 782,1121"/>
        <TextEquiv conf="1.0">
          <Unicode>„</Unicode>
        </TextEquiv>
      </TextLine>
      <TextLine id="eSc_line_44b1b592" custom="structure {type:default;}">
        <Coords points="919,1113 919,1137 2881,1130 2883,1106 2876,1071 916,1075 919,1113"/>
        <Baseline points="919,1113 2883,1106"/>
        <TextEquiv conf="0.9999908728654995">
          <Unicode>16935 (10399) Priori et fratribus hospitalis Hierosolymitani ecclesiam Reichartsroden-</Unicode>
        </TextEquiv>
      </TextLine>
      <TextLine id="eSc_line_12829061" custom="structure {type:default;}">
        <Coords points="969,1166 969,1205 1045,1205 1045,1203 1047,1203 1049,1203 1069,1190 1257,1201 1292,1203 1294,1203 1314,1201 1402,1190 1566,1190 1586,1199 1595,1203 1597,1203 1599,1203 1652,1199 1741,1190 1765,1196 1782,1203 1785,1203 1787,1205 1908,1205 1908,1203 1911,1203 1931,1196 1950,1190 2041,1194 2169,1203 2171,1205 2459,1205 2459,1203 2520,1192 2531,1190 2543,1192 2613,1203 2615,1203 2739,1190 2744,1190 2748,1190 2836,1203 2839,1203 2841,1203 2881,1188 2881,1166 2881,1139 969,1139 969,1166"/>
        <Baseline points="969,1166 2881,1166"/>
        <TextEquiv conf="0.9989971141271954">
          <Unicode>sem ab Alberto de Hollo assensu episcopi Wirzeburgensis donatam asserit. Usser-</Unicode>
        </TextEquiv>
      </TextLine>
      <TextLine id="eSc_line_7523bf2f" custom="structure {type:default;}">
        <Coords points="972,1223 972,1249 1489,1260 1491,1260 2883,1247 2883,1216 2878,1190 1628,1181 1626,1181 1533,1192 1124,1183 1122,1183 969,1194 972,1223"/>
        <Baseline points="972,1223 2883,1216"/>
        <TextEquiv conf="0.990153970013202">
          <Unicode>mann Ep. Wirzeb. Cod. Prob. p. 54, Migne 206 p. 968. — „Cum a nobis pe-</Unicode>
        </TextEquiv>
      </TextLine>
      <TextLine id="eSc_line_8f04adf0" custom="structure {type:default;}">
        <Coords points="963,1278 963,1291 1060,1302 1062,1302 1064,1302 1115,1285 1115,1272 1109,1236 961,1241 963,1278"/>
        <Baseline points="963,1278 1115,1272"/>
        <TextEquiv conf="0.9997678313936506">
          <Unicode>titur“.</Unicode>
        </TextEquiv>
      </TextLine>
      <TextLine id="eSc_line_4ee026ae" custom="structure {type:default;}">
        <Coords points="391,1342 391,1382 459,1393 461,1393 463,1393 466,1393 466,1391 488,1371 490,1369 494,1371 517,1382 519,1382 521,1382 523,1382 603,1358 603,1338 596,1294 558,1294 552,1289 510,1258 508,1258 505,1258 503,1258 501,1258 499,1258 468,1280 444,1260 441,1260 439,1260 437,1260 435,1260 388,1276 391,1342"/>
        <Baseline points="391,1342 603,1338"/>
        <TextEquiv conf="0.9991809010505677">
          <Unicode>„ 17.</Unicode>
        </TextEquiv>
      </TextLine>
      <TextLine id="eSc_line_cedb9c51" custom="structure {type:default;}">
        <Coords points="631,1340 629,1378 656,1380 660,1384 704,1426 704,1428 707,1428 709,1428 755,1431 757,1431 760,1431 762,1431 784,1411 786,1344 784,1249 709,1254 707,1254 704,1254 693,1263 671,1280 631,1274 631,1340"/>
        <Baseline points="631,1340 786,1344"/>
        <TextEquiv conf="0.8144314289093018">
          <Unicode>„</Unicode>
        </TextEquiv>
      </TextLine>
      <TextLine id="eSc_line_1a267b7f" custom="structure {type:default;}">
        <Coords points="919,1333 919,1355 1389,1364 1391,1364 1497,1353 1515,1353 1537,1353 1696,1364 1699,1364 1701,1364 1738,1353 1741,1353 1743,1353 1831,1364 1833,1364 2083,1351 2105,1351 2116,1351 2213,1362 2216,1362 2275,1351 2277,1351 2280,1351 2377,1362 2379,1362 2489,1349 2505,1349 2518,1349 2622,1360 2624,1360 2878,1347 2881,1325 2876,1289 2569,1276 2567,1276 2498,1287 1908,1278 1906,1278 1904,1278 1877,1291 1612,1280 1610,1280 1471,1291 1409,1280 1407,1280 1405,1280 1354,1294 972,1283 969,1283 967,1283 916,1296 919,1333"/>
        <Baseline points="919,1333 2881,1325"/>
        <TextEquiv conf="0.9989448119612301">
          <Unicode>16936 Priori et fratribus hospitalis Hierosolymitani asserit ecclesiam de Buxe, a Co-</Unicode>
        </TextEquiv>
      </TextLine>
      <TextLine id="eSc_line_e17d47ba" custom="structure {type:default;}">
        <Coords points="972,1386 972,1413 2876,1411 2878,1378 2872,1349 969,1358 972,1386"/>
        <Baseline points="972,1386 2878,1378"/>
        <TextEquiv conf="0.9929004746324875">
          <Unicode>none nobili viro et eius uxore, permissu episcopi Constantiensis, iis tributam. Solo-</Unicode>
        </TextEquiv>
      </TextLine>
      <TextLine id="eSc_line_cc720686" custom="structure {type:default;}">
        <Coords points="972,1444 972,1470 2872,1472 2876,1439 2870,1406 969,1408 972,1444"/>
        <Baseline points="972,1444 2876,1439"/>
        <TextEquiv conf="0.9998305777469313">
          <Unicode>thurnisches Wochenblatt 1834 p. 55, Zeerleder Urk f. Bern I. 150, Fontes Rer. Bern.</Unicode>
        </TextEquiv>
      </TextLine>
      <TextLine id="eSc_line_f827149a" custom="structure {type:default;}">
        <Coords points="967,1499 967,1517 1352,1525 1354,1525 1425,1514 1427,1514 1429,1514 1480,1525 1482,1525 1756,1510 1758,1492 1754,1459 980,1455 978,1455 976,1455 974,1455 965,1459 967,1499"/>
        <Baseline points="967,1499 1758,1492"/>
        <TextEquiv conf="0.9839379750192165">
          <Unicode>I. 489. — „Cum a nobis petitur“.</Unicode>
        </TextEquiv>
      </TextLine>
      <TextLine id="eSc_line_12b7f44a" custom="structure {type:default;}">
        <Coords points="391,1561 391,1585 486,1605 488,1605 589,1581 589,1556 583,1486 388,1503 391,1561"/>
        <Baseline points="391,1561 589,1556"/>
        <TextEquiv conf="0.9995021224021912">
          <Unicode>„ 22.</Unicode>
        </TextEquiv>
      </TextLine>
      <TextLine id="eSc_line_059a7556" custom="structure {type:default;}">
        <Coords points="634,1559 631,1585 709,1616 711,1616 713,1616 715,1616 718,1616 731,1605 740,1612 740,1614 742,1614 744,1614 746,1614 748,1614 786,1603 788,1563 788,1490 753,1490 751,1490 748,1490 746,1490 746,1492 744,1492 724,1512 634,1501 634,1559"/>
        <Baseline points="634,1559 788,1563"/>
        <TextEquiv conf="1.0">
          <Unicode>„</Unicode>
        </TextEquiv>
      </TextLine>
      <TextLine id="eSc_line_7b7d1e32" custom="structure {type:default;}">
        <Coords points="916,1552 916,1576 1486,1587 1489,1587 1491,1587 1493,1587 1509,1576 1511,1576 1944,1585 1946,1585 1948,1585 1992,1574 1995,1574 2001,1574 2169,1585 2171,1585 2174,1585 2176,1585 2193,1574 2478,1583 2481,1583 2635,1572 2642,1572 2646,1572 2737,1583 2739,1583 2741,1583 2744,1583 2761,1572 2797,1583 2799,1583 2801,1583 2878,1570 2881,1545 2874,1501 2755,1517 2262,1517 2238,1503 2233,1501 2231,1501 2229,1501 2087,1503 2085,1503 2083,1503 2056,1519 1937,1519 1917,1503 1915,1503 1913,1503 1911,1503 1875,1506 1676,1517 1628,1506 1615,1503 1612,1503 1597,1506 1531,1519 1416,1506 1398,1506 1396,1506 1383,1508 1303,1519 1226,1508 1208,1506 1206,1506 1190,1508 1144,1517 1129,1508 1126,1506 1124,1506 1122,1506 1120,1506 914,1508 916,1552"/>
        <Baseline points="916,1552 2881,1545"/>
        <TextEquiv conf="0.9972371571204242">
          <Unicode>16937 Ecclesiae S. Mariae de Excubiis tutelam suscipit. eiusque terminos et „ea, quae</Unicode>
        </TextEquiv>
      </TextLine>
      <TextLine id="eSc_line_00ec2398" custom="structure {type:default;}">
        <Coords points="969,1607 969,1638 2876,1636 2878,1603 2872,1572 967,1574 969,1607"/>
        <Baseline points="969,1607 2878,1603"/>
        <TextEquiv conf="0.9963726825024708">
          <Unicode>infra continentur“, confirmat. Doc. inéd. relat. au Dauphiné I. 98. — „Religiosorum</Unicode>
        </TextEquiv>
      </TextLine>
      <TextLine id="eSc_line_9ab8235f" custom="structure {type:default;}">
        <Coords points="969,1658 967,1673 989,1689 992,1689 994,1689 1082,1691 1084,1691 1193,1673 1195,1662 1193,1627 969,1623 969,1658"/>
        <Baseline points="969,1658 1195,1662"/>
        <TextEquiv conf="0.9999895095825195">
          <Unicode>virorum“.</Unicode>
        </TextEquiv>
      </TextLine>
      <TextLine id="eSc_line_56554762" custom="structure {type:default;}">
        <Coords points="395,1722 395,1771 503,1786 505,1786 508,1786 558,1757 565,1755 598,1755 598,1722 598,1687 508,1665 505,1665 395,1684 395,1722"/>
        <Baseline points="395,1722 598,1722"/>
        <TextEquiv conf="0.993575918674469">
          <Unicode>„ 35.</Unicode>
        </TextEquiv>
      </TextLine>
      <TextLine id="eSc_line_b8ea4e6c" custom="structure {type:default;}">
        <Coords points="634,1720 631,1757 786,1757 788,1729 790,1676 753,1647 751,1647 748,1647 704,1645 702,1645 700,1645 698,1645 698,1647 673,1669 669,1671 636,1667 634,1720"/>
        <Baseline points="634,1720 788,1729"/>
        <TextEquiv conf="0.9999998807907104">
          <Unicode>„</Unicode>
        </TextEquiv>
      </TextLine>
      <TextLine id="eSc_line_1e195c77" custom="structure {type:default;}">
        <Coords points="919,1718 919,1742 2881,1733 2883,1709 2878,1671 1946,1662 1944,1662 916,1676 919,1718"/>
        <Baseline points="919,1718 2883,1709"/>
        <TextEquiv conf="0.9881188567773795">
          <Unicode>19938 (10400) *Ad universos episcopos et abbates, praepositos et alium clerum per</Unicode>
        </TextEquiv>
      </TextLine>
      <TextLine id="eSc_line_19d9b84f" custom="structure {type:default;}">
        <Coords points="967,1773 967,1797 2748,1799 2752,1768 2746,1737 965,1742 967,1773"/>
        <Baseline points="967,1773 2752,1768"/>
        <TextEquiv conf="0.9996943521499634">
          <Unicode>universum regnum Daciae constitutum litteras mittit. Pertz Archiv VII. 884.</Unicode>
        </TextEquiv>
      </TextLine>
      <TextLine id="eSc_line_1fdba0a5" custom="structure {type:default;}">
        <Coords points="391,1835 391,1890 428,1905 430,1905 433,1905 435,1905 437,1905 457,1890 481,1908 483,1908 486,1908 488,1910 545,1910 545,1908 547,1908 589,1883 589,1830 585,1795 492,1784 490,1784 488,1784 486,1784 468,1797 466,1799 388,1799 391,1835"/>
        <Baseline points="391,1835 589,1830"/>
        <TextEquiv conf="0.9981810212135315">
          <Unicode>„ 25.</Unicode>
        </TextEquiv>
      </TextLine>
      <TextLine id="eSc_line_9acbe96a" custom="structure {type:default;}">
        <Coords points="634,1832 631,1872 669,1872 689,1881 722,1896 724,1896 726,1896 790,1890 793,1837 793,1799 634,1784 634,1832"/>
        <Baseline points="634,1832 793,1837"/>
        <TextEquiv conf="0.6378995180130005">
          <Unicode>„</Unicode>
        </TextEquiv>
      </TextLine>
      <TextLine id="eSc_line_499a3800" custom="structure {type:default;}">
        <Coords points="919,1826 919,1855 2878,1852 2881,1821 2874,1788 916,1790 919,1826"/>
        <Baseline points="919,1826 2881,1821"/>
        <TextEquiv conf="0.9999065343071433">
          <Unicode>16939 (Richardo) episcopo Londinensi, et abbati Burgensi mandat, ut abbates, priores,</Unicode>
        </TextEquiv>
      </TextLine>
      <TextLine id="eSc_line_cac75e85" custom="structure {type:default;}">
        <Coords points="969,1881 969,1905 2878,1899 2881,1874 2874,1843 967,1846 969,1881"/>
        <Baseline points="969,1881 2881,1874"/>
        <TextEquiv conf="0.9954652117519844">
          <Unicode>aliosque viros ecclesiasticos provinciae Eboracensis, qui Hugonem episcopum Dunel-</Unicode>
        </TextEquiv>
      </TextLine>
      <TextLine id="eSc_line_99abd3c7" custom="structure {type:default;}">
        <Coords points="972,1934 972,1974 1151,1963 1555,1969 1676,1972 1679,1972 2878,1958 2881,1930 2876,1903 969,1903 972,1934"/>
        <Baseline points="972,1934 2881,1930"/>
        <TextEquiv conf="0.9981021453172733">
          <Unicode>mensem post appellationem eius ad sedem apostolicam factam excommunicare prae-</Unicode>
        </TextEquiv>
      </TextLine>
      <TextLine id="eSc_line_84c9c45e" custom="structure {type:default;}">
        <Coords points="967,1991 967,2025 2874,2018 2876,1985 2870,1949 965,1956 967,1991"/>
        <Baseline points="967,1991 2876,1985"/>
        <TextEquiv conf="0.9944375671446324">
          <Unicode>sumpserint, ad satisfaciendum adducant. Hist. Dunelm. Scr., append. p. 63. — „Ad</Unicode>
        </TextEquiv>
      </TextLine>
      <TextLine id="eSc_line_9bb92a66" custom="structure {type:default;}">
        <Coords points="963,2047 963,2067 1062,2078 1064,2078 1067,2078 1095,2064 1098,2064 1106,2064 1177,2075 1179,2075 1307,2060 1310,2040 1303,2005 961,2009 963,2047"/>
        <Baseline points="963,2047 1310,2040"/>
        <TextEquiv conf="0.9999221165974935">
          <Unicode>aures nostras“.</Unicode>
        </TextEquiv>
      </TextLine>
      <TextLine id="eSc_line_c1527b42" custom="structure {type:default;}">
        <Coords points="691,2173 779,2173 779,2113 777,2042 737,2044 693,2027 691,2113 691,2173"/>
        <Baseline points="691,2113 779,2113"/>
        <TextEquiv conf="0.9998958110809326">
          <Unicode>„</Unicode>
        </TextEquiv>
      </TextLine>
      <TextLine id="eSc_line_0eeb18e6" custom="structure {type:default;}">
        <Coords points="919,2100 919,2124 2878,2117 2881,2093 2876,2058 1579,2049 1577,2049 1575,2049 1528,2060 1307,2051 1305,2051 916,2062 919,2100"/>
        <Baseline points="919,2100 2881,2093"/>
        <TextEquiv conf="0.9977567315101623">
          <Unicode>16940 (10402) Monasterii S. Mariae et S. Georgii in Clusa protectionem suscipit bona-</Unicode>
        </TextEquiv>
      </TextLine>
      <TextLine id="eSc_line_aa8355ac" custom="structure {type:default;}">
        <Coords points="967,2155 967,2192 2878,2184 2878,2155 2878,2126 967,2126 967,2155"/>
        <Baseline points="967,2155 2878,2155"/>
        <TextEquiv conf="0.9982610506775939">
          <Unicode>que ac privilegia confirmat, petente Henrico abbate. Pflugk-Harttung Acta I. 359.</Unicode>
        </TextEquiv>
      </TextLine>
      <TextLine id="eSc_line_12ac2ce8" custom="structure {type:default;}">
        <Coords points="965,2206 963,2226 1056,2241 1431,2243 1433,2243 1763,2230 1765,2210 1763,2175 965,2173 965,2206"/>
        <Baseline points="965,2206 1765,2210"/>
        <TextEquiv conf="0.9830703934033712">
          <Unicode>— „Religiosam vitam eligentibus“.</Unicode>
        </TextEquiv>
      </TextLine>
      <TextLine id="eSc_line_eb2a4308" custom="structure {type:default;}">
        <Coords points="698,2276 698,2356 771,2360 773,2276 773,2214 698,2199 698,2276"/>
        <Baseline points="698,2276 773,2276"/>
        <TextEquiv conf="1.0">
          <Unicode>„</Unicode>
        </TextEquiv>
      </TextLine>
      <TextLine id="eSc_line_be3fecb9" custom="structure {type:default;}">
        <Coords points="919,2265 919,2287 2878,2283 2881,2259 2874,2217 916,2228 919,2265"/>
        <Baseline points="919,2265 2881,2259"/>
        <TextEquiv conf="0.9999696110806814">
          <Unicode>16941 (10403) Abbati et conventui Lirum (Lirensi in Normannia? Lirinensi?) „illius</Unicode>
        </TextEquiv>
      </TextLine>
      <TextLine id="eSc_line_bd7f48cb" custom="structure {type:default;}">
        <Coords points="967,2320 967,2345 1285,2356 1288,2356 1290,2356 1334,2345 1338,2345 1341,2345 1385,2356 1387,2356 1389,2356 1460,2345 1462,2345 1537,2356 1539,2356 1542,2356 1544,2356 1564,2345 1566,2345 2132,2354 2134,2354 2136,2354 2138,2354 2156,2343 2163,2343 2655,2351 2657,2351 2719,2340 2755,2351 2757,2351 2759,2351 2876,2338 2878,2314 2872,2287 965,2292 967,2320"/>
        <Baseline points="967,2320 2878,2314"/>
        <TextEquiv conf="0.9991129636764526">
          <Unicode>clausulae, quae solet in privilegiis apostolicis apponi de iustitia ecclesiarum, a quibus</Unicode>
        </TextEquiv>
      </TextLine>
      <TextLine id="eSc_line_2a8ded40" custom="structure {type:default;}">
        <Coords points="965,2376 965,2404 2872,2404 2874,2367 2867,2338 963,2345 965,2376"/>
        <Baseline points="965,2376 2874,2367"/>
        <TextEquiv conf="0.9943099919753738">
          <Unicode>mortuorum corpora assumuntur“, explicationem exquirentibus respondet, „secundum</Unicode>
        </TextEquiv>
      </TextLine>
      <TextLine id="eSc_line_6805ee9c" custom="structure {type:default;}">
        <Coords points="967,2429 967,2457 2876,2453 2878,2424 2872,2391 965,2393 967,2429"/>
        <Baseline points="967,2429 2878,2424"/>
        <TextEquiv conf="0.9998805291512434">
          <Unicode>rationabilem consuetudinem regionis illam iustitiam circa medietatem, vel tertiam aut</Unicode>
        </TextEquiv>
      </TextLine>
      <TextLine id="eSc_line_f3d5e666" custom="structure {type:default;}">
        <Coords points="972,2484 972,2508 2872,2504 2874,2479 2870,2451 2074,2440 2072,2440 969,2453 972,2484"/>
        <Baseline points="972,2484 2874,2479"/>
        <TextEquiv conf="0.9997704695252811">
          <Unicode>quartam partem pro locorum diversitate attendendam esse“. Coll. Luc. in Baluzii Misc.</Unicode>
        </TextEquiv>
      </TextLine>
      <TextLine id="eSc_line_9d662b55" custom="structure {type:default;}">
        <Coords points="969,2539 969,2563 2870,2574 2874,2539 2872,2508 969,2508 969,2539"/>
        <Baseline points="969,2539 2874,2539"/>
        <TextEquiv conf="0.9784991470250216">
          <Unicode>III. 375, Comp. II. L. 3. t. 15. c. 3, Decr. Greg. L. III. t. 28. c. 9, Mansi XXII. 635,</Unicode>
        </TextEquiv>
      </TextLine>
      <TextLine id="eSc_line_94f8b80c" custom="structure {type:default;}">
        <Coords points="967,2594 967,2616 1979,2612 1981,2590 1975,2559 965,2561 967,2594"/>
        <Baseline points="967,2594 1981,2590"/>
        <TextEquiv conf="0.9935519847758981">
          <Unicode>Migne 206 p. 969. — „Certificare voluisti“.</Unicode>
        </TextEquiv>
      </TextLine>
      <TextLine id="eSc_line_7325db56" custom="structure {type:default;}">
        <Coords points="916,2647 916,2672 2872,2665 2874,2641 2867,2605 914,2610 916,2647"/>
        <Baseline points="916,2647 2874,2641"/>
        <TextEquiv conf="0.9999605855722536">
          <Unicode>16942 Ecclesiae S. Nicolai Ponticellensi concessa a Gisone et Rainaldo, episcopis Ascu-</Unicode>
        </TextEquiv>
      </TextLine>
      <TextLine id="eSc_line_e0fb70b1" custom="structure {type:default;}">
        <Coords points="967,2705 967,2733 1299,2742 1301,2742 1414,2733 1436,2731 1444,2731 1500,2744 1502,2744 1577,2736 1741,2747 1743,2747 1745,2747 1771,2731 1789,2744 1791,2744 1794,2744 1915,2747 1917,2747 1919,2747 1975,2729 1981,2729 1986,2729 2043,2744 2045,2744 2048,2744 2242,2729 2249,2729 2273,2744 2275,2744 2277,2744 2280,2747 2456,2747 2456,2744 2459,2744 2485,2731 2562,2744 2565,2744 2666,2729 2715,2744 2717,2744 2719,2744 2721,2744 2752,2727 2876,2725 2876,2700 2872,2672 965,2665 967,2705"/>
        <Baseline points="967,2705 2876,2700"/>
        <TextEquiv conf="0.9993149758804412">
          <Unicode>lanis, privilegia confirmat, petente Desiderio rectore. Pflugk-Harttung Iter p. 814.</Unicode>
        </TextEquiv>
      </TextLine>
      <TextLine id="eSc_line_8911122c" custom="structure {type:default;}">
        <Coords points="972,2760 972,2780 1252,2797 1254,2797 1471,2795 1553,2775 1555,2756 1548,2727 969,2729 972,2760"/>
        <Baseline points="972,2760 1555,2756"/>
        <TextEquiv conf="0.994027371207873">
          <Unicode>— „Quotiens postulatur“.</Unicode>
        </TextEquiv>
      </TextLine>
      <TextLine id="eSc_line_25162b97" custom="structure {type:default;}">
        <Coords points="885,2850 885,2892 1036,2879 1109,2892 1113,2892 1115,2892 1124,2892 1257,2877 1438,2888 1486,2890 1489,2890 1491,2890 1500,2888 1531,2875 1559,2886 1564,2888 1566,2888 1568,2890 1849,2890 1849,2888 1851,2888 1869,2881 1897,2873 2021,2879 2129,2886 2132,2886 2134,2886 2136,2886 2147,2877 2151,2875 2174,2877 2218,2884 2220,2884 2330,2875 2403,2870 2430,2875 2489,2884 2492,2884 2571,2873 2604,2868 2655,2870 2783,2879 2786,2879 2788,2879 2816,2868 2816,2837 2810,2775 2655,2802 2620,2802 2585,2778 2582,2778 2580,2778 2578,2778 2573,2778 2410,2802 2297,2786 2295,2786 2293,2786 2246,2804 2105,2804 2054,2791 2052,2791 2050,2791 2048,2791 2019,2806 1906,2806 1877,2786 1873,2782 1871,2782 1869,2782 1866,2782 1864,2782 1851,2786 1794,2806 1632,2806 1606,2789 1597,2784 1595,2784 1592,2784 1590,2784 1559,2791 1482,2806 1398,2793 1372,2789 1369,2789 1347,2793 1274,2809 1250,2793 1239,2786 1237,2786 1235,2786 1232,2786 883,2797 885,2850"/>
        <Baseline points="885,2850 2816,2837"/>
        <TextEquiv conf="0.957833155022039">
          <Unicode>1193. (In. 11. — N„ — 12. „ont. 4. 2. — 11. („-— 3. 1192. — 25. Mart. — 1193.</Unicode>
        </TextEquiv>
      </TextLine>
      <TextLine id="eSc_line_f8b3fef4" custom="structure {type:default;}">
        <Coords points="357,2923 357,2979 530,2979 532,2979 534,2979 543,2970 552,2963 565,2970 581,2976 583,2976 585,2976 587,2976 589,2976 603,2968 631,2950 861,2950 866,2919 857,2839 768,2864 729,2853 726,2853 724,2853 656,2864 627,2844 623,2842 620,2842 618,2842 616,2842 594,2846 558,2853 532,2846 519,2844 517,2844 514,2844 512,2844 510,2844 510,2846 508,2848 488,2866 355,2853 357,2923"/>
        <Baseline points="357,2923 866,2919"/>
        <TextEquiv conf="0.9406610727310181">
          <Unicode>lan. —. Romae ap</Unicode>
        </TextEquiv>
      </TextLine>
      <TextLine id="eSc_line_4dc98b28" custom="structure {type:default;}">
        <Coords points="912,2919 912,2948 1864,2956 1866,2956 1869,2956 1891,2945 1893,2945 1937,2945 2430,2954 2432,2954 2874,2941 2874,2915 2870,2884 1942,2873 1939,2873 1886,2884 1129,2875 1126,2875 910,2886 912,2919"/>
        <Baseline points="912,2919 2874,2915"/>
        <TextEquiv conf="0.9820067267864943">
          <Unicode>16943 (10404) (Bernoni) episcopo et clero Hildeshemensi nunciat, Bernwardum olim</Unicode>
        </TextEquiv>
      </TextLine>
      <TextLine id="eSc_line_7be2c1db" custom="structure {type:default;}">
        <Coords points="614,2976 616,3069 642,3056 735,3065 795,3069 797,3069 859,3058 859,2976 859,2943 614,2943 614,2976"/>
        <Baseline points="614,2976 859,2976"/>
        <TextEquiv conf="0.9119119710392423">
          <Unicode>* Peirum.</Unicode>
        </TextEquiv>
      </TextLine>
      <TextLine id="eSc_line_4d7c5009" custom="structure {type:default;}">
        <Coords points="969,2979 969,3003 2870,3001 2872,2970 2865,2941 967,2943 969,2979"/>
        <Baseline points="969,2979 2872,2970"/>
        <TextEquiv conf="0.9858506948916943">
          <Unicode>episcopum in sanctorum numero relatum esse. Mabillon Acta SS. ord. Ben. saec.</Unicode>
        </TextEquiv>
      </TextLine>
      <TextLine id="eSc_line_64849b15" custom="structure {type:default;}">
        <Coords points="974,3034 974,3056 2867,3058 2872,3029 2867,2994 972,2994 974,3034"/>
        <Baseline points="974,3034 2872,3029"/>
        <TextEquiv conf="0.9930441856384278">
          <Unicode>VI. P. I. 251, Pflugk-Harttung Acta I. 360, Doebner Urk. der St. Hildesh. p. 18,</Unicode>
        </TextEquiv>
      </TextLine>
      <TextLine id="eSc_line_71f5a9d6" custom="structure {type:default;}">
        <Coords points="969,3082 967,3107 978,3115 980,3115 983,3115 985,3115 1478,3104 1491,3115 1493,3115 1495,3115 1497,3115 1555,3107 1562,3115 1564,3115 1564,3118 1566,3118 1568,3118 1570,3118 1628,3107 1668,3118 1670,3118 1672,3118 2154,3104 2156,3087 2154,3056 1051,3056 969,3043 969,3082"/>
        <Baseline points="969,3082 2156,3087"/>
        <TextEquiv conf="0.9976681065052113">
          <Unicode>Migne 206 p. 970. — „Cum universorum conditor“.</Unicode>
        </TextEquiv>
      </TextLine>
      <TextLine id="eSc_line_ba5df71b" custom="structure {type:default;}">
        <Coords points="393,3146 393,3164 455,3155 486,3157 558,3166 561,3166 563,3166 565,3166 565,3164 578,3149 578,3140 574,3111 510,3102 508,3102 391,3115 393,3146"/>
        <Baseline points="393,3146 578,3140"/>
        <TextEquiv conf="0.9856808900833129">
          <Unicode>„ 11.</Unicode>
        </TextEquiv>
      </TextLine>
      <TextLine id="eSc_line_218cbddd" custom="structure {type:default;}">
        <Coords points="713,3146 720,3217 788,3188 786,3142 779,3113 711,3115 713,3146"/>
        <Baseline points="713,3146 786,3142"/>
        <TextEquiv conf="0.9993013143539429">
          <Unicode>„</Unicode>
        </TextEquiv>
      </TextLine>
      <TextLine id="eSc_line_5186af97" custom="structure {type:default;}">
        <Coords points="916,3142 916,3173 2872,3164 2874,3133 2870,3102 932,3100 930,3100 927,3100 925,3100 914,3107 916,3142"/>
        <Baseline points="916,3142 2874,3133"/>
        <TextEquiv conf="0.9910790139231188">
          <Unicode>16944 (10405) Archiepiscopis et episcopis per Angliam constitutis scribit, exercitus in</Unicode>
        </TextEquiv>
      </TextLine>
      <TextLine id="eSc_line_e53c2a01" custom="structure {type:default;}">
        <Coords points="969,3195 969,3221 2874,3215 2874,3188 2867,3157 967,3162 969,3195"/>
        <Baseline points="969,3195 2874,3188"/>
        <TextEquiv conf="0.9977084965932936">
          <Unicode>orientem profectos propter dissensiones non explevisse exspectationem. Principes mo-</Unicode>
        </TextEquiv>
      </TextLine>
      <TextLine id="eSc_line_2af1b785" custom="structure {type:default;}">
        <Coords points="969,3248 969,3274 2870,3274 2872,3244 2865,3213 967,3215 969,3248"/>
        <Baseline points="969,3248 2872,3244"/>
        <TextEquiv conf="0.9978814054103124">
          <Unicode>neri vult, ut, sedata discordia, terrae sanctae opem ferant. Haec addit: „dum terra,</Unicode>
        </TextEquiv>
      </TextLine>
      <TextLine id="eSc_line_b6d8a344" custom="structure {type:default;}">
        <Coords points="969,3303 969,3339 1036,3330 1372,3336 1588,3339 1590,3339 1592,3339 1595,3339 1601,3332 1608,3327 1617,3332 1630,3339 1632,3339 1634,3341 1805,3341 1805,3339 1807,3339 1829,3330 1838,3327 1897,3330 2032,3336 2034,3336 2143,3327 2176,3325 2213,3327 2390,3336 2392,3336 2394,3336 2419,3325 2423,3323 2463,3323 2713,3334 2715,3334 2717,3334 2752,3323 2788,3334 2790,3334 2792,3334 2872,3319 2872,3294 2865,3268 967,3274 969,3303"/>
        <Baseline points="969,3303 2872,3294"/>
        <TextEquiv conf="0.9961216251055399">
          <Unicode>ubi steterunt pedes domini, gentilium occupationibus detinetur, torneamenta, quae</Unicode>
        </TextEquiv>
      </TextLine>
      <TextLine id="eSc_line_bd2833da" custom="structure {type:default;}">
        <Coords points="967,3358 967,3387 2865,3387 2867,3354 2861,3325 965,3325 967,3358"/>
        <Baseline points="967,3358 2867,3354"/>
        <TextEquiv conf="0.9966312847941755">
          <Unicode>causa laetitiae inventa fuerunt et tironum exercendae virtutis, penitus inhibemus“.</Unicode>
        </TextEquiv>
      </TextLine>
      <TextLine id="eSc_line_d7c60d98" custom="structure {type:default;}">
        <Coords points="969,3411 969,3438 2867,3436 2870,3407 2863,3374 967,3376 969,3411"/>
        <Baseline points="969,3411 2870,3407"/>
        <TextEquiv conf="0.9950569440336788">
          <Unicode>Rogeri de Hoveden Annal. 1192 ap. Savile R. A. SS. p. 411, ed. Stubbs III. 200, Rymer</Unicode>
        </TextEquiv>
      </TextLine>
      <TextLine id="eSc_line_d172dddb" custom="structure {type:default;}">
        <Coords points="965,3467 965,3520 1038,3504 1069,3520 1080,3524 1082,3524 1084,3524 1087,3524 1100,3520 1144,3504 1292,3504 1314,3517 1323,3524 1325,3524 1327,3524 1330,3524 1409,3522 1411,3522 1422,3515 1444,3504 1475,3515 1500,3524 1502,3524 1504,3524 1601,3515 1643,3511 1650,3513 1670,3524 1672,3524 1674,3524 1955,3520 1957,3520 1979,3511 2003,3502 2045,3511 2107,3522 2109,3522 2112,3522 2140,3509 2158,3502 2238,3502 2253,3509 2282,3522 2284,3522 2286,3522 2801,3502 2803,3462 2797,3427 963,3427 965,3467"/>
        <Baseline points="965,3467 2803,3462"/>
        <TextEquiv conf="0.9966713641140912">
          <Unicode>Foedera I. 56. Mansi XXII. 597. Migne 206 p. 970. — „Cum ad propulsandam“.</Unicode>
        </TextEquiv>
      </TextLine>
    </TextRegion>
    <TextRegion id="eSc_textblock_883a4b0a"  custom="structure {type:default;}">
      <Coords points="1911,114 2105,123 2123,200 2096,227 1137,227 1102,183 1129,123 1911,114"/>
      <TextLine id="eSc_line_4c16df68" custom="structure {type:default;}">
        <Coords points="1135,194 1135,223 2090,214 2092,187 2085,134 1871,139 1855,136 1798,121 1796,121 1794,121 1791,121 1752,136 1741,143 1674,143 1661,139 1608,123 1606,123 1604,123 1601,123 1566,139 1562,141 1555,139 1495,125 1182,125 1179,125 1177,125 1133,143 1135,194"/>
        <Baseline points="1135,194 2092,187"/>
        <TextEquiv conf="0.9877654755557025">
          <Unicode>COELESTINUS III. 1191—1198.</Unicode>
        </TextEquiv>
      </TextLine>
    </TextRegion>
  </Page>
</PcGts>
