<?xml version="1.0" encoding="UTF-8"  standalone="yes"?>
<PcGts xmlns="http://schema.primaresearch.org/PAGE/gts/pagecontent/2019-07-15" xmlns:xsi="http://www.w3.org/2001/XMLSchema-instance" xsi:schemaLocation="http://schema.primaresearch.org/PAGE/gts/pagecontent/2019-07-15 http://schema.primaresearch.org/PAGE/gts/pagecontent/2019-07-15/pagecontent.xsd">
  <Metadata externalRef="pdf//regestapontificu02cath.pdf">
	<Creator>escriptorium</Creator>
	<Created>2026-01-31T10:39:24.933381+00:00</Created>
        <LastChange>2026-02-04T21:48:38.733091+00:00</LastChange>
  </Metadata>
  <Page imageFilename="regestapontificu02cath.pdf_page_489.png" imageWidth="3007" imageHeight="3975">
    <TextRegion id="eSc_textblock_4fcd765a"  custom="structure {type:default;}">
      <Coords points="1354,300 2662,309 2662,3416 2635,3531 671,3557 598,3522 141,3531 88,3495 70,750 97,362 123,326 598,326 625,353 662,309 1354,300"/>
      <TextLine id="eSc_line_3ba1e849" custom="structure {type:default;}">
        <Coords points="625,348 627,377 627,404 722,412 724,412 779,401 797,397 819,399 910,410 912,410 914,410 956,395 956,373 952,331 866,315 863,315 755,331 680,315 678,315 676,315 642,326 625,348"/>
        <Baseline points="627,377 956,373"/>
        <TextEquiv conf="0.9977623164653778">
          <Unicode>1184—1185.</Unicode>
        </TextEquiv>
      </TextLine>
      <TextLine id="eSc_line_e44750cd" custom="structure {type:default;}">
        <Coords points="106,437 106,514 209,492 231,492 245,507 278,538 278,541 280,541 282,541 285,541 373,538 375,538 437,514 439,514 439,512 461,490 470,483 581,483 581,432 572,359 481,386 448,386 419,362 408,351 406,351 404,351 402,351 302,353 300,353 298,353 298,355 289,362 262,386 103,366 106,437"/>
        <Baseline points="106,437 581,432"/>
        <TextEquiv conf="0.9130777359008789">
          <Unicode>. „ b</Unicode>
        </TextEquiv>
      </TextLine>
      <TextLine id="eSc_line_d882ed84" custom="structure {type:default;}">
        <Coords points="656,439 656,459 2626,452 2626,430 2620,395 1966,395 1919,382 1917,382 1915,382 1913,382 1875,397 1714,397 1641,382 1639,382 1544,393 1062,386 1060,386 989,399 987,399 985,399 941,386 938,386 762,386 760,386 653,399 656,439"/>
        <Baseline points="656,439 2626,430"/>
        <TextEquiv conf="0.9931124601422286">
          <Unicode>15228 Omnes ecclesiarum praclatos hortatur, moneant populum, ut xenodochii 1liero-</Unicode>
        </TextEquiv>
      </TextLine>
      <TextLine id="eSc_line_0106d29d" custom="structure {type:default;}">
        <Coords points="711,492 711,514 2624,514 2626,488 2620,459 709,459 711,492"/>
        <Baseline points="711,492 2626,488"/>
        <TextEquiv conf="0.9951258136565426">
          <Unicode>solymitani „fraternitatem assumant et collectas faciant“. De amplissimis eorum pri-</Unicode>
        </TextEquiv>
      </TextLine>
      <TextLine id="eSc_line_65fc6688" custom="structure {type:default;}">
        <Coords points="713,547 713,569 821,585 824,585 826,585 861,574 1005,583 1007,583 1009,583 1011,583 1027,569 1038,569 1296,583 1299,583 1422,580 1425,580 1427,580 1447,567 1451,567 1531,583 1533,583 1535,583 1537,583 1555,567 1557,567 1654,567 1657,567 1727,583 1729,583 1732,583 1734,583 1758,567 1758,565 1822,565 1886,565 1889,565 1908,580 1911,580 1913,580 1915,580 2348,563 2350,541 2344,514 711,518 713,547"/>
        <Baseline points="713,547 2350,541"/>
        <TextEquiv conf="0.9922427100794656">
          <Unicode>vilegiis adldit. Pflugk-Hlarttung Acta II. 388. — „Quam amabilis deo“.</Unicode>
        </TextEquiv>
      </TextLine>
      <TextLine id="eSc_line_14a0b1a3" custom="structure {type:default;}">
        <Coords points="141,607 143,636 190,618 329,636 331,607 329,569 141,578 141,607"/>
        <Baseline points="141,607 331,607"/>
        <TextEquiv conf="0.999996542930603">
          <Unicode>„ 3.</Unicode>
        </TextEquiv>
      </TextLine>
      <TextLine id="eSc_line_98280c85" custom="structure {type:default;}">
        <Coords points="437,609 435,624 523,633 528,616 525,585 439,574 437,609"/>
        <Baseline points="437,609 528,616"/>
        <TextEquiv conf="1.0">
          <Unicode>„</Unicode>
        </TextEquiv>
      </TextLine>
      <TextLine id="eSc_line_9d2d237c" custom="structure {type:default;}">
        <Coords points="662,602 662,629 2624,622 2626,598 2620,565 660,569 662,602"/>
        <Baseline points="662,602 2626,598"/>
        <TextEquiv conf="0.9999960945096127">
          <Unicode>15229 (Stephano) abbati S. Genovefae Parisiensi et P(etro) decano S. Germani Autissio-</Unicode>
        </TextEquiv>
      </TextLine>
      <TextLine id="eSc_line_3719acda" custom="structure {type:default;}">
        <Coords points="711,660 711,682 2624,675 2626,649 2622,622 1093,618 1091,618 1003,629 726,620 724,620 722,620 720,620 709,627 711,660"/>
        <Baseline points="711,660 2626,649"/>
        <TextEquiv conf="0.9980469896243169">
          <Unicode>dorensis (ap. Parisios) mandat, cogant Ranaldum quendam, ut decimam monasterio</Unicode>
        </TextEquiv>
      </TextLine>
      <TextLine id="eSc_line_99f20c8d" custom="structure {type:default;}">
        <Coords points="707,713 707,733 1137,746 1140,746 1142,746 1182,733 1184,733 1188,733 1281,746 1283,746 1422,733 1427,733 1431,733 1630,746 1632,746 1877,744 1880,744 1902,733 1922,744 1924,744 1926,744 1981,733 2039,742 2041,742 2043,742 2087,730 2092,730 2180,730 2182,730 2200,744 2202,744 2204,744 2207,744 2209,744 2255,733 2509,733 2556,744 2558,744 2560,744 2622,728 2624,708 2618,680 704,682 707,713"/>
        <Baseline points="707,713 2624,708"/>
        <TextEquiv conf="0.9860951848328113">
          <Unicode>S. Dionysii ablatam restituat. Loewenfeld Epistolae p. 222. — „Pervenit ad nos“.</Unicode>
        </TextEquiv>
      </TextLine>
      <TextLine id="eSc_line_32d4a657" custom="structure {type:default;}">
        <Coords points="136,772 141,823 201,795 231,795 260,819 262,819 265,819 267,819 318,817 318,766 313,713 256,713 254,713 251,713 249,713 249,715 245,719 231,733 134,733 136,772"/>
        <Baseline points="136,772 318,766"/>
        <TextEquiv conf="0.9872176945209503">
          <Unicode>„ 4.</Unicode>
        </TextEquiv>
      </TextLine>
      <TextLine id="eSc_line_dd87da24" custom="structure {type:default;}">
        <Coords points="448,777 446,792 523,797 528,781 530,715 492,697 490,697 488,697 450,700 448,777"/>
        <Baseline points="448,777 528,781"/>
        <TextEquiv conf="1.0">
          <Unicode>„</Unicode>
        </TextEquiv>
      </TextLine>
      <TextLine id="eSc_line_4b2a6c1e" custom="structure {type:default;}">
        <Coords points="662,768 662,795 2624,795 2626,761 2620,733 660,737 662,768"/>
        <Baseline points="662,768 2626,761"/>
        <TextEquiv conf="0.999611778759662">
          <Unicode>15229 Priori et monachis de Noveio asserit „oblationes, atrium et minutam decimam</Unicode>
        </TextEquiv>
      </TextLine>
      <TextLine id="eSc_line_4a95b02b" custom="structure {type:default;}">
        <Coords points="711,821 711,843 2629,841 2629,821 2629,790 711,790 711,821"/>
        <Baseline points="711,821 2629,821"/>
        <TextEquiv conf="0.9962507493701982">
          <Unicode>de Balbi, quae ab ecclesia Regitestensi teneant“. Ex Coll. Moreau t. 86. f. 88 in</Unicode>
        </TextEquiv>
      </TextLine>
      <TextLine id="eSc_line_233431fe" custom="structure {type:default;}">
        <Coords points="707,878 707,896 1212,907 1215,907 1217,907 1248,896 1250,896 1327,907 1330,907 1447,894 1462,894 1469,894 1506,905 1509,905 1511,905 1769,894 1789,894 1796,894 1889,905 1891,905 1893,905 1935,894 1937,894 1944,894 2169,905 2171,905 2174,905 2218,892 2218,874 2213,843 720,836 718,836 715,836 713,836 704,841 707,878"/>
        <Baseline points="707,878 2218,874"/>
        <TextEquiv conf="0.9901573444480327">
          <Unicode>bibl. nat. Paris. Misit Delisle. — „Apostolicae sedis benignitate“.</Unicode>
        </TextEquiv>
      </TextLine>
      <TextLine id="eSc_line_27efd2d3" custom="structure {type:default;}">
        <Coords points="141,931 139,967 167,969 170,969 172,969 174,969 174,967 192,951 313,967 318,936 315,876 273,876 271,876 269,876 267,876 267,878 265,881 238,905 141,892 141,931"/>
        <Baseline points="141,931 318,936"/>
        <TextEquiv conf="0.9612250030040741">
          <Unicode>„ 4.</Unicode>
        </TextEquiv>
      </TextLine>
      <TextLine id="eSc_line_f4af2450" custom="structure {type:default;}">
        <Coords points="448,940 448,984 459,976 468,980 479,989 481,989 483,989 486,989 488,989 517,971 519,945 517,889 450,892 448,940"/>
        <Baseline points="448,940 519,945"/>
        <TextEquiv conf="1.0">
          <Unicode>„</Unicode>
        </TextEquiv>
      </TextLine>
      <TextLine id="eSc_line_f3024aaf" custom="structure {type:default;}">
        <Coords points="660,934 660,969 2626,951 2629,925 2622,894 658,901 660,934"/>
        <Baseline points="660,934 2629,925"/>
        <TextEquiv conf="0.996234859029452">
          <Unicode>15230 (9690) Hospitale Plavense testatur non hospitali Hierosolymitano, sed sedi Ro-</Unicode>
        </TextEquiv>
      </TextLine>
      <TextLine id="eSc_line_3fa8e0d5" custom="structure {type:default;}">
        <Coords points="707,989 707,1009 2481,1002 2483,982 2478,949 788,947 786,947 704,958 707,989"/>
        <Baseline points="707,989 2483,982"/>
        <TextEquiv conf="0.9857971774388666">
          <Unicode>manae subiectum esse. Cornelii Eccl. Ven. X. rrr. 298. — „Cum inter vos“.</Unicode>
        </TextEquiv>
      </TextLine>
      <TextLine id="eSc_line_13f96ea3" custom="structure {type:default;}">
        <Coords points="136,1048 136,1086 187,1086 187,1084 190,1084 192,1084 205,1075 231,1057 260,1066 287,1073 289,1073 291,1073 293,1073 326,1055 326,1048 326,1002 265,1002 262,1002 260,1002 258,1002 258,1004 236,1020 136,1009 136,1048"/>
        <Baseline points="136,1048 326,1048"/>
        <TextEquiv conf="0.9941277205944061">
          <Unicode>„ S.</Unicode>
        </TextEquiv>
      </TextLine>
      <TextLine id="eSc_line_07d9f7ce" custom="structure {type:default;}">
        <Coords points="395,1046 393,1071 428,1075 428,1077 457,1101 457,1104 459,1104 461,1104 463,1104 534,1090 536,1053 536,1013 452,995 450,995 395,1004 395,1046"/>
        <Baseline points="395,1046 536,1053"/>
        <TextEquiv conf="1.0">
          <Unicode>„</Unicode>
        </TextEquiv>
      </TextLine>
      <TextLine id="eSc_line_ed8d8441" custom="structure {type:default;}">
        <Coords points="662,1046 662,1066 2624,1057 2626,1037 2622,1009 1153,1002 1151,1002 1148,1002 1115,1013 678,1004 676,1004 673,1004 671,1004 660,1011 662,1046"/>
        <Baseline points="662,1046 2626,1037"/>
        <TextEquiv conf="0.9895513510402245">
          <Unicode>15231 (9691) Ecclesiam S. Crucis Stampensem ex ludaeorum synagoga factam priyi-</Unicode>
        </TextEquiv>
      </TextLine>
      <TextLine id="eSc_line_ae0bc0b5" custom="structure {type:default;}">
        <Coords points="711,1099 711,1135 835,1124 1051,1132 1109,1135 1111,1135 1166,1132 1305,1124 1330,1130 1343,1135 1345,1135 1347,1135 1391,1130 1471,1121 1531,1128 1559,1132 1562,1132 2624,1119 2626,1093 2622,1066 709,1066 711,1099"/>
        <Baseline points="711,1099 2626,1093"/>
        <TextEquiv conf="0.9989256707927848">
          <Unicode>legiis ditat. Fleureau Les antiqu. d Estampes p. 382, Migne 201 p. 1316. — „Cum</Unicode>
        </TextEquiv>
      </TextLine>
      <TextLine id="eSc_line_7db31150" custom="structure {type:default;}">
        <Coords points="709,1154 709,1177 1109,1168 1111,1148 1104,1117 707,1119 709,1154"/>
        <Baseline points="709,1154 1111,1148"/>
        <TextEquiv conf="0.999998614192009">
          <Unicode>per mutationem“.</Unicode>
        </TextEquiv>
      </TextLine>
      <TextLine id="eSc_line_3fcf1348" custom="structure {type:default;}">
        <Coords points="139,1212 141,1254 329,1223 329,1205 324,1172 136,1170 139,1212"/>
        <Baseline points="139,1212 329,1205"/>
        <TextEquiv conf="0.999983811378479">
          <Unicode>„ 11.</Unicode>
        </TextEquiv>
      </TextLine>
      <TextLine id="eSc_line_5f23632e" custom="structure {type:default;}">
        <Coords points="446,1214 441,1265 470,1278 472,1278 475,1278 525,1269 530,1221 530,1157 448,1159 446,1214"/>
        <Baseline points="446,1214 530,1221"/>
        <TextEquiv conf="1.0">
          <Unicode>„</Unicode>
        </TextEquiv>
      </TextLine>
      <TextLine id="eSc_line_37972d13" custom="structure {type:default;}">
        <Coords points="662,1210 662,1232 2626,1225 2629,1203 2624,1172 1972,1161 1970,1161 660,1174 662,1210"/>
        <Baseline points="662,1210 2629,1203"/>
        <TextEquiv conf="0.9996723817454444">
          <Unicode>15232 (9692) Abbati et fratribus S. Bertini Sithiensis permittit, „ut in omnibus parochiis</Unicode>
        </TextEquiv>
      </TextLine>
      <TextLine id="eSc_line_0d9b5879" custom="structure {type:default;}">
        <Coords points="713,1265 713,1285 2626,1280 2629,1256 2622,1227 711,1230 713,1265"/>
        <Baseline points="713,1265 2629,1256"/>
        <TextEquiv conf="0.9994367104630137">
          <Unicode>suis clericos instituant, qui regimen scholarum obtineant“. Collection des Cartulaires</Unicode>
        </TextEquiv>
      </TextLine>
      <TextLine id="eSc_line_011aedc0" custom="structure {type:default;}">
        <Coords points="709,1318 709,1338 1042,1349 1045,1349 1047,1349 1091,1338 1093,1338 1095,1338 1162,1349 1164,1349 1166,1349 1193,1338 1226,1349 1228,1349 1230,1349 1232,1349 1235,1349 1254,1338 1623,1347 1626,1347 1694,1336 1696,1336 1785,1347 1787,1347 1789,1347 1838,1333 1838,1313 1831,1283 1590,1285 1581,1285 1542,1274 1539,1274 1537,1274 1402,1285 1400,1285 1398,1285 1307,1274 1305,1274 1303,1274 1265,1287 1263,1287 1252,1287 1109,1276 1106,1276 1104,1276 1073,1287 828,1276 826,1276 824,1276 795,1287 726,1276 724,1276 722,1276 720,1276 707,1285 709,1318"/>
        <Baseline points="709,1318 1838,1313"/>
        <TextEquiv conf="0.9910251322117719">
          <Unicode>III. 354, Migne 201 p. 1317. — „Cum a sede“.</Unicode>
        </TextEquiv>
      </TextLine>
      <TextLine id="eSc_line_bc97aac3" custom="structure {type:default;}">
        <Coords points="136,1378 136,1397 223,1386 311,1404 313,1373 307,1318 231,1327 229,1327 227,1327 227,1329 223,1331 205,1349 134,1349 136,1378"/>
        <Baseline points="136,1378 313,1373"/>
        <TextEquiv conf="0.9998216748237609">
          <Unicode>„ 18.</Unicode>
        </TextEquiv>
      </TextLine>
      <TextLine id="eSc_line_9faddd5f" custom="structure {type:default;}">
        <Coords points="441,1389 444,1439 532,1426 532,1384 528,1355 439,1355 441,1389"/>
        <Baseline points="441,1389 532,1384"/>
        <TextEquiv conf="1.0">
          <Unicode>„</Unicode>
        </TextEquiv>
      </TextLine>
      <TextLine id="eSc_line_6a4a2a5b" custom="structure {type:default;}">
        <Coords points="662,1375 662,1408 755,1395 950,1406 956,1406 958,1406 961,1406 963,1406 980,1395 1140,1404 1142,1404 1566,1393 1595,1402 1606,1404 1608,1404 1610,1404 1670,1400 1809,1391 1891,1397 1933,1402 1935,1402 1986,1397 2061,1391 2072,1397 2079,1402 2081,1402 2083,1402 2085,1402 2626,1391 2629,1366 2624,1338 1646,1329 1643,1329 1641,1329 1604,1340 682,1333 680,1333 678,1333 676,1333 660,1340 662,1375"/>
        <Baseline points="662,1375 2629,1366"/>
        <TextEquiv conf="0.9998729713261127">
          <Unicode>15233 (9693) Monasterii de Curia dei privilegia a regibus Francorum et episcopis</Unicode>
        </TextEquiv>
      </TextLine>
      <TextLine id="eSc_line_fac28c44" custom="structure {type:default;}">
        <Coords points="715,1428 715,1450 2624,1446 2626,1422 2620,1393 713,1400 715,1428"/>
        <Baseline points="715,1428 2626,1422"/>
        <TextEquiv conf="0.9998674112630178">
          <Unicode>Aurelianensibus indulta confirmat, prohibetque, ne canonici S. Crucis „pro eo, quod</Unicode>
        </TextEquiv>
      </TextLine>
      <TextLine id="eSc_line_e8afa7a2" custom="structure {type:default;}">
        <Coords points="715,1481 715,1506 2629,1506 2629,1481 2629,1455 715,1455 715,1481"/>
        <Baseline points="715,1481 2629,1481"/>
        <TextEquiv conf="0.9914733795232551">
          <Unicode>sigilla capituli non sint privilegiis episcoporum apposita“, quidquam in fratrum prae-</Unicode>
        </TextEquiv>
      </TextLine>
      <TextLine id="eSc_line_6e293651" custom="structure {type:default;}">
        <Coords points="715,1539 715,1563 2626,1563 2629,1534 2622,1503 713,1506 715,1539"/>
        <Baseline points="715,1539 2629,1534"/>
        <TextEquiv conf="0.9962525607609167">
          <Unicode>iudicium sibi vindicent. Gall. Chr. VIII. Instr. p. 522, Migne 201 p. 1317. — „Cum</Unicode>
        </TextEquiv>
      </TextLine>
      <TextLine id="eSc_line_d9837fcf" custom="structure {type:default;}">
        <Coords points="713,1594 713,1612 894,1623 897,1623 899,1623 901,1623 914,1609 916,1609 936,1620 938,1620 941,1620 1115,1607 1117,1590 1111,1556 711,1559 713,1594"/>
        <Baseline points="713,1594 1117,1590"/>
        <TextEquiv conf="0.9999585712657255">
          <Unicode>omnibus Christi“.</Unicode>
        </TextEquiv>
      </TextLine>
      <TextLine id="eSc_line_727b4a4c" custom="structure {type:default;}">
        <Coords points="139,1651 139,1687 236,1678 251,1680 291,1687 293,1687 296,1687 320,1673 320,1645 315,1574 260,1574 258,1574 256,1574 254,1574 254,1576 249,1581 223,1607 136,1594 139,1651"/>
        <Baseline points="139,1651 320,1645"/>
        <TextEquiv conf="0.9990897059440613">
          <Unicode>„ 18.</Unicode>
        </TextEquiv>
      </TextLine>
      <TextLine id="eSc_line_afc2770f" custom="structure {type:default;}">
        <Coords points="444,1662 448,1722 532,1684 532,1658 528,1607 439,1596 444,1662"/>
        <Baseline points="444,1662 532,1658"/>
        <TextEquiv conf="1.0">
          <Unicode>„</Unicode>
        </TextEquiv>
      </TextLine>
      <TextLine id="eSc_line_e6219bf0" custom="structure {type:default;}">
        <Coords points="662,1649 662,1680 2631,1665 2633,1643 2629,1614 691,1607 689,1607 687,1607 660,1616 662,1649"/>
        <Baseline points="662,1649 2633,1643"/>
        <TextEquiv conf="0.9998001724481582">
          <Unicode>15234 (9694) Decano Cenomanensi, I. de Veteri-ponte archidiacono Rotomagensi, et</Unicode>
        </TextEquiv>
      </TextLine>
      <TextLine id="eSc_line_5cbff7a1" custom="structure {type:default;}">
        <Coords points="713,1704 713,1726 2626,1724 2629,1700 2624,1671 711,1671 713,1704"/>
        <Baseline points="713,1704 2629,1700"/>
        <TextEquiv conf="0.995230271702721">
          <Unicode>magistro Hug. Ianuensi, praeposito ecclesiae S. Mariae de Castellello, mandat, ut in</Unicode>
        </TextEquiv>
      </TextLine>
      <TextLine id="eSc_line_084793ab" custom="structure {type:default;}">
        <Coords points="715,1760 715,1782 2629,1775 2631,1753 2624,1722 713,1729 715,1760"/>
        <Baseline points="715,1760 2631,1753"/>
        <TextEquiv conf="0.9995187088137581">
          <Unicode>Dolensis et Turonensis ecclesiarum controversia testimonia testium perscribant. Mar-</Unicode>
        </TextEquiv>
      </TextLine>
      <TextLine id="eSc_line_ae381734" custom="structure {type:default;}">
        <Coords points="715,1815 715,1837 2624,1839 2629,1806 2622,1777 713,1784 715,1815"/>
        <Baseline points="715,1815 2629,1806"/>
        <TextEquiv conf="0.9997863030433655">
          <Unicode>tene Thes. III. 910, Morice Mém. de Bret. I. 690, Migne 201 p. 1317. — „Cum</Unicode>
        </TextEquiv>
      </TextLine>
      <TextLine id="eSc_line_59f2aa64" custom="structure {type:default;}">
        <Coords points="711,1872 711,1890 821,1903 824,1903 877,1901 879,1901 881,1901 881,1899 894,1888 932,1901 934,1901 936,1901 1053,1883 1056,1866 1049,1832 709,1837 711,1872"/>
        <Baseline points="711,1872 1056,1866"/>
        <TextEquiv conf="0.9855061524054584">
          <Unicode>dilectus filius“.</Unicode>
        </TextEquiv>
      </TextLine>
      <TextLine id="eSc_line_5e61ea44" custom="structure {type:default;}">
        <Coords points="143,1925 145,1954 190,1938 313,1947 315,1921 309,1859 251,1861 249,1861 247,1861 229,1877 201,1896 141,1896 143,1925"/>
        <Baseline points="143,1925 315,1921"/>
        <TextEquiv conf="0.9985308647155762">
          <Unicode>„ 18.</Unicode>
        </TextEquiv>
      </TextLine>
      <TextLine id="eSc_line_228fba62" custom="structure {type:default;}">
        <Coords points="448,1938 448,1945 541,1949 543,1938 543,1912 448,1908 448,1938"/>
        <Baseline points="448,1938 543,1938"/>
        <TextEquiv conf="1.0">
          <Unicode>„)</Unicode>
        </TextEquiv>
      </TextLine>
      <TextLine id="eSc_line_836ba634" custom="structure {type:default;}">
        <Coords points="662,1923 662,1947 2631,1943 2633,1919 2629,1890 1657,1879 1654,1879 1652,1879 1650,1879 1637,1890 709,1881 707,1881 704,1881 660,1892 662,1923"/>
        <Baseline points="662,1923 2633,1919"/>
        <TextEquiv conf="0.9965543789522988">
          <Unicode>15235 Ecclesiae Vicentinae procuratori mandat, compellat Gronellum Caium, ut parthe-</Unicode>
        </TextEquiv>
      </TextLine>
      <TextLine id="eSc_line_48719895" custom="structure {type:default;}">
        <Coords points="715,1980 715,2005 2626,1994 2629,1972 2622,1943 713,1947 715,1980"/>
        <Baseline points="715,1980 2629,1972"/>
        <TextEquiv conf="0.9972790379202767">
          <Unicode>noni S. Petri Vicentino ablata restituat ac de illatis iniuriis satisfaciat. Pflugk-Hart-</Unicode>
        </TextEquiv>
      </TextLine>
      <TextLine id="eSc_line_b5a9724b" custom="structure {type:default;}">
        <Coords points="715,2036 715,2053 740,2067 742,2067 744,2069 819,2069 819,2067 821,2067 824,2067 824,2064 837,2053 839,2053 925,2067 927,2067 930,2067 963,2053 967,2053 1120,2064 1122,2064 1246,2051 1257,2051 1259,2051 1270,2062 1270,2064 1272,2064 1274,2064 1277,2067 1389,2067 1389,2064 1464,2051 1467,2051 1469,2051 1506,2064 1509,2064 1511,2064 1513,2064 1542,2051 1553,2062 1555,2062 1557,2062 1659,2064 1661,2064 1738,2049 1741,2031 1736,2002 1301,1991 1299,1991 1221,2002 863,1994 861,1994 713,2005 715,2036"/>
        <Baseline points="715,2036 1741,2031"/>
        <TextEquiv conf="0.9958087302917658">
          <Unicode>tung Acta III. 314. — „Dilecta in Christo“.</Unicode>
        </TextEquiv>
      </TextLine>
      <TextLine id="eSc_line_cb825a72" custom="structure {type:default;}">
        <Coords points="139,2091 139,2115 318,2115 318,2086 309,2031 271,2042 251,2036 247,2033 245,2033 243,2033 240,2033 234,2036 201,2051 136,2044 139,2091"/>
        <Baseline points="139,2091 318,2086"/>
        <TextEquiv conf="0.9999881982803345">
          <Unicode>„ 18.</Unicode>
        </TextEquiv>
      </TextLine>
      <TextLine id="eSc_line_002b08a1" custom="structure {type:default;}">
        <Coords points="455,2102 457,2137 545,2113 545,2102 543,2049 455,2051 455,2102"/>
        <Baseline points="455,2102 545,2102"/>
        <TextEquiv conf="1.0">
          <Unicode>„</Unicode>
        </TextEquiv>
      </TextLine>
      <TextLine id="eSc_line_89ebe000" custom="structure {type:default;}">
        <Coords points="662,2091 662,2120 2390,2120 2390,2117 2633,2104 2633,2084 2629,2055 660,2055 662,2091"/>
        <Baseline points="662,2091 2633,2084"/>
        <TextEquiv conf="0.9923751659336544">
          <Unicode>15236 Omnes alienationes, a praepositis villarum ecclesiae Parisiensis, sine assensu</Unicode>
        </TextEquiv>
      </TextLine>
      <TextLine id="eSc_line_f281e306" custom="structure {type:default;}">
        <Coords points="713,2146 713,2168 2629,2164 2631,2139 2624,2111 711,2115 713,2146"/>
        <Baseline points="713,2146 2631,2139"/>
        <TextEquiv conf="0.9997521183070015">
          <Unicode>eiusdem capituli factas, in irritum revocat. Autogr. in tab. nat. Paris. L. 232 n. 9.</Unicode>
        </TextEquiv>
      </TextLine>
      <TextLine id="eSc_line_cbf33a47" custom="structure {type:default;}">
        <Coords points="718,2199 718,2219 788,2219 799,2228 799,2230 802,2230 804,2230 806,2230 1323,2217 1323,2199 1323,2170 718,2170 718,2199"/>
        <Baseline points="718,2199 1323,2199"/>
        <TextEquiv conf="0.9962520549694697">
          <Unicode>— „Quamdiu in ecclesia“.</Unicode>
        </TextEquiv>
      </TextLine>
      <TextLine id="eSc_line_2e61e1b5" custom="structure {type:default;}">
        <Coords points="145,2256 150,2292 190,2267 322,2283 324,2248 318,2199 143,2219 145,2256"/>
        <Baseline points="145,2256 324,2248"/>
        <TextEquiv conf="0.9989521861076355">
          <Unicode>„ 18.</Unicode>
        </TextEquiv>
      </TextLine>
      <TextLine id="eSc_line_ceb1bca5" custom="structure {type:default;}">
        <Coords points="457,2270 452,2296 572,2290 574,2285 576,2252 543,2248 525,2228 510,2208 508,2208 508,2206 505,2206 503,2206 466,2199 457,2270"/>
        <Baseline points="457,2270 514,2270 574,2285"/>
        <TextEquiv conf="1.0">
          <Unicode>„</Unicode>
        </TextEquiv>
      </TextLine>
      <TextLine id="eSc_line_e7699502" custom="structure {type:default;}">
        <Coords points="665,2256 665,2281 2629,2281 2631,2252 2626,2221 1663,2210 1661,2210 1659,2210 1637,2221 691,2212 689,2212 687,2212 662,2221 665,2256"/>
        <Baseline points="665,2256 2631,2252"/>
        <TextEquiv conf="0.9948083568703044">
          <Unicode>15237 Abbati S. Mariae de Rota concedit, ut fratres monasterii, si rebelles exstiterint,</Unicode>
        </TextEquiv>
      </TextLine>
      <TextLine id="eSc_line_48d9a660" custom="structure {type:default;}">
        <Coords points="715,2312 715,2332 2629,2327 2631,2305 2624,2276 713,2281 715,2312"/>
        <Baseline points="715,2312 2631,2305"/>
        <TextEquiv conf="0.9991020319007692">
          <Unicode>iusticia canonica coérceat. In bibl. nat. Paris. Cartul. de la Roé cop. a. 1848, ms.</Unicode>
        </TextEquiv>
      </TextLine>
      <TextLine id="eSc_line_2c5c350c" custom="structure {type:default;}">
        <Coords points="713,2367 713,2385 1038,2396 1040,2396 1093,2385 1095,2385 1100,2385 1142,2396 1144,2396 1146,2396 1292,2385 1296,2385 1299,2385 1374,2396 1376,2396 1444,2385 1453,2382 1462,2382 1500,2393 1502,2393 1504,2393 2191,2380 2193,2362 2189,2334 711,2332 713,2367"/>
        <Baseline points="713,2367 2193,2362"/>
        <TextEquiv conf="0.9930034913122654">
          <Unicode>lat. nouv. acqu. 1227. f. 465. — „Effectum iusta postulantibus“.</Unicode>
        </TextEquiv>
      </TextLine>
      <TextLine id="eSc_line_87c0743d" custom="structure {type:default;}">
        <Coords points="143,2420 143,2444 231,2431 256,2435 298,2444 300,2444 302,2444 304,2444 322,2431 322,2415 318,2387 238,2373 236,2373 234,2373 231,2373 231,2376 218,2387 218,2389 141,2389 143,2420"/>
        <Baseline points="143,2420 322,2415"/>
        <TextEquiv conf="0.9999642729759216">
          <Unicode>„ 22.</Unicode>
        </TextEquiv>
      </TextLine>
      <TextLine id="eSc_line_ced8fd98" custom="structure {type:default;}">
        <Coords points="452,2426 450,2457 497,2471 499,2471 501,2471 503,2471 505,2471 543,2446 545,2431 547,2334 457,2312 452,2426"/>
        <Baseline points="452,2426 545,2431"/>
        <TextEquiv conf="0.8886821866035461">
          <Unicode>„</Unicode>
        </TextEquiv>
      </TextLine>
      <TextLine id="eSc_line_2fdfcaeb" custom="structure {type:default;}">
        <Coords points="665,2420 665,2444 2626,2440 2629,2415 2622,2387 662,2389 665,2420"/>
        <Baseline points="665,2420 2629,2415"/>
        <TextEquiv conf="0.9985977174206213">
          <Unicode>15238 Canonicis Bononiensibus confirmat „institutiones omnium ecclesiarum plebis Buite“,</Unicode>
        </TextEquiv>
      </TextLine>
      <TextLine id="eSc_line_8d406e5c" custom="structure {type:default;}">
        <Coords points="715,2479 715,2499 2629,2495 2631,2473 2626,2442 1396,2433 1394,2433 1391,2433 1347,2444 795,2435 793,2435 713,2446 715,2479"/>
        <Baseline points="715,2479 2631,2473"/>
        <TextEquiv conf="0.9993462591636472">
          <Unicode>a quadraginta annis retro possessas, cet. Wiener Sitzungsber. XCIV. 681: „XI. kal.</Unicode>
        </TextEquiv>
      </TextLine>
      <TextLine id="eSc_line_119af722" custom="structure {type:default;}">
        <Coords points="715,2530 715,2548 1246,2559 1248,2559 1250,2559 1252,2559 1265,2548 1268,2548 1290,2548 1592,2557 1595,2557 1710,2546 1729,2546 1743,2546 1807,2557 1809,2557 1811,2557 1833,2546 1836,2546 1847,2546 1922,2557 1924,2557 2061,2546 2072,2546 2074,2546 2090,2557 2092,2557 2094,2557 2096,2559 2474,2559 2474,2557 2629,2544 2631,2526 2624,2497 713,2499 715,2530"/>
        <Baseline points="715,2530 2631,2526"/>
        <TextEquiv conf="0.998352356163072">
          <Unicode>Sept.“; Pflugk-Harttung Acta III. 315: „VI. kal. Sept.“ — „Si quando postulatur“.</Unicode>
        </TextEquiv>
      </TextLine>
      <TextLine id="eSc_line_bc3d6659" custom="structure {type:default;}">
        <Coords points="143,2585 143,2601 225,2597 234,2597 304,2608 307,2608 309,2608 311,2608 311,2605 326,2590 326,2581 320,2535 240,2537 238,2537 236,2537 203,2552 141,2544 143,2585"/>
        <Baseline points="143,2585 326,2581"/>
        <TextEquiv conf="0.9999740600585938">
          <Unicode>„ 23.</Unicode>
        </TextEquiv>
      </TextLine>
      <TextLine id="eSc_line_2f9f2bb7" custom="structure {type:default;}">
        <Coords points="448,2597 448,2650 481,2661 483,2661 486,2661 488,2661 541,2632 541,2597 541,2546 486,2528 483,2528 481,2528 448,2535 448,2597"/>
        <Baseline points="448,2597 541,2597"/>
        <TextEquiv conf="1.0">
          <Unicode>„</Unicode>
        </TextEquiv>
      </TextLine>
      <TextLine id="eSc_line_0b38351d" custom="structure {type:default;}">
        <Coords points="665,2585 665,2616 2629,2605 2631,2577 2626,2550 1155,2544 1153,2544 1151,2544 1148,2544 1135,2555 687,2546 684,2546 682,2546 662,2555 665,2585"/>
        <Baseline points="665,2585 2631,2577"/>
        <TextEquiv conf="0.9926316898860289">
          <Unicode>15239 (9695) (Conrado) Tarvisino, (Sigifredo) Cenetensi, (Ardonico) Feltriensi, (Gerardo)</Unicode>
        </TextEquiv>
      </TextLine>
      <TextLine id="eSc_line_b23e0480" custom="structure {type:default;}">
        <Coords points="718,2638 718,2663 2631,2658 2633,2634 2626,2603 715,2610 718,2638"/>
        <Baseline points="718,2638 2633,2634"/>
        <TextEquiv conf="0.9999157674610615">
          <Unicode>Bellunensi episcopis mandat, ne vexari monasterium Fullinense sinant. Mittarelli</Unicode>
        </TextEquiv>
      </TextLine>
      <TextLine id="eSc_line_15d1e356" custom="structure {type:default;}">
        <Coords points="715,2696 715,2718 2624,2716 2626,2689 2622,2661 737,2656 735,2656 733,2656 713,2665 715,2696"/>
        <Baseline points="715,2696 2626,2689"/>
        <TextEquiv conf="0.998537297602053">
          <Unicode>Ann. Cam. IV. app. p. 119, Migne 201 p. 1318. — „Quanto in par(ochiis vestris?)“.</Unicode>
        </TextEquiv>
      </TextLine>
      <TextLine id="eSc_line_7fd1434a" custom="structure {type:default;}">
        <Coords points="143,2749 143,2767 227,2760 326,2773 329,2744 322,2703 141,2716 143,2749"/>
        <Baseline points="143,2749 329,2744"/>
        <TextEquiv conf="0.9999864578247071">
          <Unicode>„ 25.</Unicode>
        </TextEquiv>
      </TextLine>
      <TextLine id="eSc_line_293c106d" custom="structure {type:default;}">
        <Coords points="457,2758 455,2791 497,2806 499,2806 501,2806 503,2806 539,2793 541,2762 541,2720 512,2705 510,2705 508,2705 457,2716 457,2758"/>
        <Baseline points="457,2758 541,2762"/>
        <TextEquiv conf="0.961654782295227">
          <Unicode>„</Unicode>
        </TextEquiv>
      </TextLine>
      <TextLine id="eSc_line_7ea736e9" custom="structure {type:default;}">
        <Coords points="665,2751 665,2773 2631,2767 2633,2744 2629,2718 684,2711 682,2711 680,2711 678,2711 662,2718 665,2751"/>
        <Baseline points="665,2751 2633,2744"/>
        <TextEquiv conf="0.9931677623492915">
          <Unicode>15240 (9696) Archiepiscopis et episcopis in regno Francorum constitutis mandat, ut</Unicode>
        </TextEquiv>
      </TextLine>
      <TextLine id="eSc_line_9d577337" custom="structure {type:default;}">
        <Coords points="715,2804 715,2826 2631,2822 2633,2800 2626,2773 713,2775 715,2804"/>
        <Baseline points="715,2804 2633,2800"/>
        <TextEquiv conf="0.9934903047978878">
          <Unicode>monachis S. Dionysii ad exsequenda monasterii iura opitulentur. Doublet Hist. de</Unicode>
        </TextEquiv>
      </TextLine>
      <TextLine id="eSc_line_0bd6e795" custom="structure {type:default;}">
        <Coords points="715,2862 715,2881 1117,2892 1120,2892 1122,2892 1144,2881 1226,2890 1228,2890 1385,2879 1398,2879 1400,2879 1438,2890 1440,2890 1442,2890 1444,2890 1475,2879 1478,2879 1581,2890 1584,2890 1586,2890 1610,2879 1734,2888 1736,2888 1849,2877 1855,2877 1877,2888 1880,2888 1882,2888 1884,2888 1915,2877 1922,2877 2096,2888 2098,2888 2101,2888 2138,2875 2138,2855 2134,2824 731,2820 729,2820 726,2820 724,2820 713,2826 715,2862"/>
        <Baseline points="715,2862 2138,2855"/>
        <TextEquiv conf="0.9989755634675946">
          <Unicode>St. Denys p. 518, Migne 201 p. 1319. — „Cum b. Dionysii“.</Unicode>
        </TextEquiv>
      </TextLine>
      <TextLine id="eSc_line_57f4c486" custom="structure {type:default;}">
        <Coords points="145,2915 145,2945 176,2945 176,2943 178,2943 181,2943 181,2941 183,2941 198,2926 229,2934 258,2943 260,2943 262,2945 262,2943 265,2943 329,2923 329,2915 329,2881 298,2870 296,2870 247,2870 245,2870 243,2870 240,2870 240,2873 234,2879 227,2884 145,2875 145,2915"/>
        <Baseline points="145,2915 329,2915"/>
        <TextEquiv conf="1.0">
          <Unicode>„ 25.</Unicode>
        </TextEquiv>
      </TextLine>
      <TextLine id="eSc_line_c734bba9" custom="structure {type:default;}">
        <Coords points="457,2926 457,2959 534,2945 534,2926 534,2899 457,2899 457,2926"/>
        <Baseline points="457,2926 534,2926"/>
        <TextEquiv conf="1.0">
          <Unicode>„</Unicode>
        </TextEquiv>
      </TextLine>
      <TextLine id="eSc_line_37b51d92" custom="structure {type:default;}">
        <Coords points="667,2915 667,2937 2631,2932 2633,2910 2629,2884 665,2877 667,2915"/>
        <Baseline points="667,2915 2633,2910"/>
        <TextEquiv conf="0.9889701569364184">
          <Unicode>15241 Monasterii S. Dionysii possessiones quasdam confirmat. Autograph. in tab. nat.</Unicode>
        </TextEquiv>
      </TextLine>
      <TextLine id="eSc_line_37e5cd9d" custom="structure {type:default;}">
        <Coords points="715,2972 715,2987 817,2998 819,2998 932,2987 941,2987 947,2987 1034,3001 1036,3001 1038,3001 1040,3001 1040,2998 1053,2987 1126,2987 1168,3001 1170,3001 1173,3001 1237,2985 1246,2985 1288,2985 1290,2985 1301,2996 1301,2998 1303,2998 1305,2998 1307,2998 1391,2985 1398,2985 1420,2998 1422,2998 1425,2998 1427,3001 1559,3001 1559,2998 1562,2998 1604,2985 1617,2996 1617,2998 1619,2998 1621,2998 1623,3001 1723,3001 1723,2998 1725,2998 1769,2983 1769,2968 1765,2941 1672,2928 1670,2928 1668,2928 1665,2928 1665,2930 1654,2939 1330,2928 1327,2928 1237,2941 1177,2930 1175,2930 1038,2941 1027,2932 1027,2930 1025,2930 1022,2930 947,2930 945,2930 943,2930 912,2941 874,2930 872,2930 870,2930 868,2930 837,2941 726,2930 724,2930 722,2930 720,2930 720,2932 718,2932 713,2934 715,2972"/>
        <Baseline points="715,2972 1769,2968"/>
        <TextEquiv conf="0.993140388618816">
          <Unicode>Paris. L. 232. n. 19. — „Ex iniuncto nobis“.</Unicode>
        </TextEquiv>
      </TextLine>
      <TextLine id="eSc_line_97fb3d9a" custom="structure {type:default;}">
        <Coords points="106,3021 106,3051 152,3051 178,3074 178,3076 181,3076 183,3076 185,3078 249,3078 249,3076 251,3076 254,3076 291,3047 293,3047 324,3047 324,3021 322,2970 223,2979 205,2974 170,2965 167,2965 165,2965 106,2979 106,3021"/>
        <Baseline points="106,3021 324,3021"/>
        <TextEquiv conf="0.9972453936934471">
          <Unicode>Sept. 8.</Unicode>
        </TextEquiv>
      </TextLine>
      <TextLine id="eSc_line_3b4b8237" custom="structure {type:default;}">
        <Coords points="450,3036 450,3076 541,3074 541,3036 541,2979 450,2972 450,3036"/>
        <Baseline points="450,3036 541,3036"/>
        <TextEquiv conf="0.999855637550354">
          <Unicode>„</Unicode>
        </TextEquiv>
      </TextLine>
      <TextLine id="eSc_line_5b480b36" custom="structure {type:default;}">
        <Coords points="667,3027 667,3049 2635,3043 2635,3021 2631,2990 680,2983 678,2983 676,2983 673,2983 665,2987 667,3027"/>
        <Baseline points="667,3027 2635,3021"/>
        <TextEquiv conf="0.9951592417324291">
          <Unicode>15242 (Mauritio) episcopo Parisiensi et decano S. Germani Autissiodorensis mandat, ut</Unicode>
        </TextEquiv>
      </TextLine>
      <TextLine id="eSc_line_04c7d4d0" custom="structure {type:default;}">
        <Coords points="715,3078 715,3102 2631,3098 2633,3074 2626,3047 713,3049 715,3078"/>
        <Baseline points="715,3078 2633,3074"/>
        <TextEquiv conf="0.9895942456582013">
          <Unicode>fratribus Gorniacensibus a laicis quibusdam, infra parochiam de Essonia terras et vi-</Unicode>
        </TextEquiv>
      </TextLine>
      <TextLine id="eSc_line_14c84dcd" custom="structure {type:default;}">
        <Coords points="718,3133 718,3155 2626,3157 2631,3129 2624,3102 715,3104 718,3133"/>
        <Baseline points="718,3133 2631,3129"/>
        <TextEquiv conf="0.994034199520599">
          <Unicode>neas eorum tenentibus, decimas solvi iubeant. In tabul. nat. Paris. Cartul. de Gournay</Unicode>
        </TextEquiv>
      </TextLine>
      <TextLine id="eSc_line_0a2e6992" custom="structure {type:default;}">
        <Coords points="718,3188 718,3206 797,3219 799,3219 908,3208 936,3221 938,3221 941,3221 1007,3208 1084,3221 1087,3221 1089,3221 1140,3208 1836,3221 1838,3221 1840,3221 1891,3206 1891,3188 1891,3160 718,3160 718,3188"/>
        <Baseline points="718,3188 1891,3188"/>
        <TextEquiv conf="0.9962469836076101">
          <Unicode>s. XIII. LL. 1397 f. 9. — „Querelam dilectorum“.</Unicode>
        </TextEquiv>
      </TextLine>
      <TextLine id="eSc_line_46633a0e" custom="structure {type:default;}">
        <Coords points="145,3250 145,3274 262,3288 265,3288 267,3288 329,3268 329,3244 326,3204 267,3188 265,3188 262,3188 260,3188 258,3188 258,3191 236,3210 220,3202 218,3202 216,3202 214,3202 212,3202 198,3213 192,3219 143,3219 145,3250"/>
        <Baseline points="145,3250 329,3244"/>
        <TextEquiv conf="0.9997237473726273">
          <Unicode>„ 5.</Unicode>
        </TextEquiv>
      </TextLine>
      <TextLine id="eSc_line_6ada8c3a" custom="structure {type:default;}">
        <Coords points="450,3252 450,3283 552,3272 552,3252 547,3173 503,3197 450,3197 450,3252"/>
        <Baseline points="450,3252 552,3252"/>
        <TextEquiv conf="0.9999998807907104">
          <Unicode>„</Unicode>
        </TextEquiv>
      </TextLine>
      <TextLine id="eSc_line_cf440362" custom="structure {type:default;}">
        <Coords points="636,3248 636,3270 2631,3261 2633,3237 2626,3204 634,3204 636,3248"/>
        <Baseline points="636,3248 2633,3237"/>
        <TextEquiv conf="0.9987363991913972">
          <Unicode>f15243 Episcopos et decanos hortatur, ut cum „frater Stephanus super aquas Rodani</Unicode>
        </TextEquiv>
      </TextLine>
      <TextLine id="eSc_line_ce75aa22" custom="structure {type:default;}">
        <Coords points="722,3299 722,3327 2626,3314 2629,3294 2622,3266 720,3270 722,3299"/>
        <Baseline points="722,3299 2629,3294"/>
        <TextEquiv conf="0.9998302645981312">
          <Unicode>pontem aedificari decreverit et stratam publicam transeuntium reddere meliorem“,</Unicode>
        </TextEquiv>
      </TextLine>
      <TextLine id="eSc_line_a85a9f1a" custom="structure {type:default;}">
        <Coords points="718,3354 718,3376 989,3387 992,3387 1115,3376 1126,3376 1131,3376 1168,3387 1170,3387 1173,3387 1221,3376 1226,3376 1283,3376 1946,3385 1948,3385 1950,3385 1953,3385 1968,3374 1972,3374 2629,3374 2631,3347 2624,3321 715,3325 718,3354"/>
        <Baseline points="718,3354 2631,3347"/>
        <TextEquiv conf="0.9999255644969451">
          <Unicode>saltem semel in anno ad locum accedant subditosque suos, remissione peccatorum</Unicode>
        </TextEquiv>
      </TextLine>
      <TextLine id="eSc_line_4749fb07" custom="structure {type:default;}">
        <Coords points="720,3409 720,3438 2633,3425 2633,3403 2626,3374 718,3374 720,3409"/>
        <Baseline points="720,3409 2633,3403"/>
        <TextEquiv conf="0.99773250847328">
          <Unicode>proposita, ad largiendas elemosynas adducant. (Breve hoc in cancellaria apostolica</Unicode>
        </TextEquiv>
      </TextLine>
      <TextLine id="eSc_line_00450487" custom="structure {type:default;}">
        <Coords points="718,3458 718,3489 2624,3489 2624,3458 2624,3429 718,3429 718,3458"/>
        <Baseline points="718,3458 2624,3458"/>
        <TextEquiv conf="0.9934886452517931">
          <Unicode>dictatum esse, nemo mihi persuadebit). Guigue Bibl. hist. du Lyonnais I. 129. —</Unicode>
        </TextEquiv>
      </TextLine>
      <TextLine id="eSc_line_7b32a174" custom="structure {type:default;}">
        <Coords points="722,3517 722,3551 841,3564 843,3564 1173,3551 1173,3517 1173,3486 722,3486 722,3517"/>
        <Baseline points="722,3517 1173,3517"/>
        <TextEquiv conf="0.999966385960579">
          <Unicode>„Operibus pietatis“.</Unicode>
        </TextEquiv>
      </TextLine>
    </TextRegion>
    <TextRegion id="eSc_textblock_ad850390"  custom="structure {type:default;}">
      <Coords points="1034,150 1736,159 1754,236 1630,271 945,253 945,167 1034,150"/>
      <TextLine id="eSc_line_95476db5" custom="structure {type:default;}">
        <Coords points="1670,156 1657,156 1637,165 1615,176 1307,176 1281,159 1272,152 1270,152 1268,152 1265,152 1235,159 1201,165 1182,156 1170,152 1168,152 1166,152 1009,152 1007,154 985,159 963,163 965,227 965,265 1168,267 1170,267 1173,267 1190,262 1243,245 1347,245 1475,245 1489,256 1493,260 1493,262 1495,262 1497,262 1551,265 1553,265 1727,251 1727,223 1725,167 1687,156 1670,156"/>
        <Baseline points="965,227 1727,223"/>
        <TextEquiv conf="0.9850176430883861">
          <Unicode>11118 111. 1181—1185.</Unicode>
        </TextEquiv>
      </TextLine>
    </TextRegion>
    <TextRegion id="eSc_textblock_c5eb9bb9"  custom="structure {type:default;}">
      <Coords points="2527,159 2662,176 2662,236 2626,262 2496,253 2487,176 2527,159"/>
      <TextLine id="eSc_line_060e8efd" custom="structure {type:default;}">
        <Coords points="2615,170 2593,167 2580,163 2505,178 2509,229 2512,265 2626,262 2624,223 2615,170 2615,170"/>
        <Baseline points="2509,229 2624,223"/>
        <TextEquiv conf="0.999999483426412">
          <Unicode>177</Unicode>
        </TextEquiv>
      </TextLine>
    </TextRegion>
  </Page>
</PcGts>
