<?xml version="1.0" encoding="UTF-8"  standalone="yes"?>
<PcGts xmlns="http://schema.primaresearch.org/PAGE/gts/pagecontent/2019-07-15" xmlns:xsi="http://www.w3.org/2001/XMLSchema-instance" xsi:schemaLocation="http://schema.primaresearch.org/PAGE/gts/pagecontent/2019-07-15 http://schema.primaresearch.org/PAGE/gts/pagecontent/2019-07-15/pagecontent.xsd">
  <Metadata externalRef="pdf//regestapontificu02cath.pdf">
	<Creator>escriptorium</Creator>
	<Created>2026-01-31T10:41:39.726168+00:00</Created>
        <LastChange>2026-02-04T23:24:28.341559+00:00</LastChange>
  </Metadata>
  <Page imageFilename="regestapontificu02cath.pdf_page_544.png" imageWidth="3007" imageHeight="3975">
    <TextRegion id="eSc_textblock_9f7f7a8c"  custom="structure {type:default;}">
      <Coords points="311,132 439,132 457,200 318,227 291,209 311,132"/>
      <TextLine id="eSc_line_2e55c3b2" custom="structure {type:default;}">
        <Coords points="397,132 375,132 353,132 346,132 309,143 313,194 313,220 435,225 437,189 433,139 399,132 397,132"/>
        <Baseline points="313,194 437,189"/>
        <TextEquiv conf="0.9999995628992716">
          <Unicode>532</Unicode>
        </TextEquiv>
      </TextLine>
    </TextRegion>
    <TextRegion id="eSc_textblock_69c3f885"  custom="structure {type:default;}">
      <Coords points="888,282 2865,282 2839,3504 936,3513 846,3478 609,3486 565,3442 554,3221 528,3478 300,3460 273,2144 291,326 300,291 888,282"/>
      <TextLine id="eSc_line_324442ea" custom="structure {type:default;}">
        <Coords points="855,342 855,366 1480,357 1482,333 1478,300 852,282 855,342"/>
        <Baseline points="855,342 1482,333"/>
        <TextEquiv conf="0.9999115511223122">
          <Unicode>1187. (Ind. 6, pont. a. 1.)</Unicode>
        </TextEquiv>
      </TextLine>
      <TextLine id="eSc_line_566d38c4" custom="structure {type:default;}">
        <Coords points="938,404 938,428 2839,439 2843,404 2841,366 2779,351 2777,351 2775,351 2719,364 2567,351 2565,351 2445,364 2280,353 2277,353 2275,353 2273,353 2258,366 2116,366 2076,351 2074,351 1676,351 1674,351 1672,351 1670,351 1650,366 1411,366 1259,351 1257,351 1159,364 1095,351 1093,351 938,364 938,404"/>
        <Baseline points="938,404 2843,404"/>
        <TextEquiv conf="0.9924039404566695">
          <Unicode>integerque legitur in cod. 15 bibl. Alenconiensis: „Dat. Bononiae XIIII. kal. Dec.</Unicode>
        </TextEquiv>
      </TextLine>
      <TextLine id="eSc_line_6fb47a90" custom="structure {type:default;}">
        <Coords points="936,457 936,474 1102,485 1104,485 1106,485 1129,474 1131,474 1281,474 1299,488 1299,490 1301,490 1303,490 1376,492 1378,492 1608,485 1610,485 1612,485 1612,483 1626,472 1676,472 1679,472 1707,490 1710,490 1712,490 1714,490 2264,488 2266,488 2313,468 2313,450 2306,419 934,421 936,457"/>
        <Baseline points="936,457 2313,450"/>
        <TextEquiv conf="0.9901290337244669">
          <Unicode>ind. VI.“ — „Vel ex malitia“ „Vel ex dolo“ „Ex dolo vel“,</Unicode>
        </TextEquiv>
      </TextLine>
      <TextLine id="eSc_line_5b849411" custom="structure {type:default;}">
        <Coords points="587,505 585,536 731,547 733,547 821,532 824,510 824,463 790,446 788,446 786,446 784,446 587,461 587,505"/>
        <Baseline points="587,505 824,510"/>
        <TextEquiv conf="0.9999832063913345">
          <Unicode>Bononiae</Unicode>
        </TextEquiv>
      </TextLine>
      <TextLine id="eSc_line_65a8bca5" custom="structure {type:default;}">
        <Coords points="888,510 888,534 2845,534 2845,510 2843,472 888,474 888,510"/>
        <Baseline points="888,510 2845,510"/>
        <TextEquiv conf="0.9957258542881736">
          <Unicode>16057 Encyclica quae supra legitur num. 16015 hanc clausulam praebet in cod. 15</Unicode>
        </TextEquiv>
      </TextLine>
      <TextLine id="eSc_line_de4ecc9e" custom="structure {type:default;}">
        <Coords points="326,512 326,532 552,527 552,505 550,472 488,452 486,452 483,452 481,452 479,452 479,454 461,468 455,474 435,468 397,457 395,457 393,457 324,463 326,512"/>
        <Baseline points="326,512 552,505"/>
        <TextEquiv conf="0.9998458102345467">
          <Unicode>Nov. 18.</Unicode>
        </TextEquiv>
      </TextLine>
      <TextLine id="eSc_line_10f335d6" custom="structure {type:default;}">
        <Coords points="941,563 938,580 983,594 985,594 987,594 1062,585 1360,598 1363,598 1471,587 1504,585 1522,587 1577,600 1579,600 1672,589 1705,587 1873,587 1882,591 1893,600 1895,600 1897,600 1900,600 1935,594 1966,587 2034,594 2079,598 2081,598 2118,596 2207,587 2565,600 2646,602 2649,602 2651,602 2655,602 2695,589 2839,602 2843,569 2841,536 941,530 941,563"/>
        <Baseline points="941,563 2843,569"/>
        <TextEquiv conf="0.9980998600230497">
          <Unicode>bibl. Alenconienis „Dat. Bononiae XIIII. kal. Dec., ind. VI.“ Inde colligere licebit,</Unicode>
        </TextEquiv>
      </TextLine>
      <TextLine id="eSc_line_b5bbbe68" custom="structure {type:default;}">
        <Coords points="941,622 941,655 2834,649 2836,618 2830,589 938,591 941,622"/>
        <Baseline points="941,622 2836,618"/>
        <TextEquiv conf="0.9954726848660446">
          <Unicode>quantum temporis encyclica illa scriptores cancellariae apostolicae occupaverit. —</Unicode>
        </TextEquiv>
      </TextLine>
      <TextLine id="eSc_line_372754d9" custom="structure {type:default;}">
        <Coords points="938,677 938,700 1573,693 1575,671 1568,638 936,642 938,677"/>
        <Baseline points="938,677 1575,671"/>
        <TextEquiv conf="0.999721908569336">
          <Unicode>„Quoniam ad episcoporum“.</Unicode>
        </TextEquiv>
      </TextLine>
      <TextLine id="eSc_line_20b81a03" custom="structure {type:default;}">
        <Coords points="888,730 888,755 2845,755 2845,730 2845,693 888,693 888,730"/>
        <Baseline points="888,730 2845,730"/>
        <TextEquiv conf="0.9997652434721226">
          <Unicode>16058 Encyclica supra numero 16018 signata eandem temporis locique significationem</Unicode>
        </TextEquiv>
      </TextLine>
      <TextLine id="eSc_line_8c895514" custom="structure {type:default;}">
        <Coords points="366,735 366,777 413,777 413,775 415,775 417,775 424,768 437,759 472,764 528,770 530,770 532,770 534,770 550,757 550,728 543,675 364,700 366,735"/>
        <Baseline points="366,735 550,728"/>
        <TextEquiv conf="0.923446798324585">
          <Unicode>„ 18.</Unicode>
        </TextEquiv>
      </TextLine>
      <TextLine id="eSc_line_f3f8e48b" custom="structure {type:default;}">
        <Coords points="616,739 614,746 662,748 667,755 695,783 695,786 698,786 700,786 702,788 746,788 746,786 748,786 751,786 751,783 762,770 764,744 764,715 616,711 616,739"/>
        <Baseline points="616,739 764,744"/>
        <TextEquiv conf="0.8335146754980087">
          <Unicode>„„ „</Unicode>
        </TextEquiv>
      </TextLine>
      <TextLine id="eSc_line_30a094ce" custom="structure {type:default;}">
        <Coords points="934,786 934,819 1338,812 1365,821 1374,823 1376,823 1378,823 1391,821 1431,812 1442,821 1444,823 1447,823 1449,823 1451,825 1557,825 1557,823 1559,823 1562,823 1564,821 1579,812 1604,821 1610,823 1612,823 1615,825 2012,825 2012,823 2032,823 2158,812 2216,823 2222,823 2224,823 2227,823 2229,823 2249,812 2372,812 2390,823 2392,823 2394,823 2397,825 2649,825 2649,823 2651,823 2693,812 2841,823 2843,786 2841,753 934,755 934,786"/>
        <Baseline points="934,786 2843,786"/>
        <TextEquiv conf="0.9995467917221349">
          <Unicode>ac-praecedens habet: „Dat. Bononiae XIIII. kal. Dec. ind VI.“ et initium pro „Nun-</Unicode>
        </TextEquiv>
      </TextLine>
      <TextLine id="eSc_line_20f4c930" custom="structure {type:default;}">
        <Coords points="936,841 936,867 2746,859 2748,836 2741,808 934,808 936,841"/>
        <Baseline points="936,841 2748,836"/>
        <TextEquiv conf="0.994851983388265">
          <Unicode>quam“ praebet „Non“ in cod. 15 bibl. Alenconiensis. — „Non melius superni“.</Unicode>
        </TextEquiv>
      </TextLine>
      <TextLine id="eSc_line_2319a0f5" custom="structure {type:default;}">
        <Coords points="885,894 885,918 2839,923 2841,894 2839,850 885,854 885,894"/>
        <Baseline points="885,894 2841,894"/>
        <TextEquiv conf="0.9987109026738575">
          <Unicode>16059 Henrici archipresbyteri et canonicorum S. Michaelis Nonantulani constitutionem</Unicode>
        </TextEquiv>
      </TextLine>
      <TextLine id="eSc_line_ff34ec24" custom="structure {type:default;}">
        <Coords points="368,898 368,914 494,927 497,927 499,927 547,909 547,894 543,861 455,850 452,850 366,865 368,898"/>
        <Baseline points="368,898 547,894"/>
        <TextEquiv conf="0.9999974727630615">
          <Unicode>„ 20.</Unicode>
        </TextEquiv>
      </TextLine>
      <TextLine id="eSc_line_00ede63a" custom="structure {type:default;}">
        <Coords points="607,901 605,918 607,920 609,920 609,923 612,923 614,923 762,927 766,907 764,878 607,872 607,901"/>
        <Baseline points="607,901 766,907"/>
        <TextEquiv conf="1.0">
          <Unicode>„</Unicode>
        </TextEquiv>
      </TextLine>
      <TextLine id="eSc_line_50fcc5c7" custom="structure {type:default;}">
        <Coords points="936,949 936,971 1659,982 1661,982 1805,971 1820,971 2839,971 2841,945 2834,916 934,916 936,949"/>
        <Baseline points="936,949 2841,945"/>
        <TextEquiv conf="0.999730486658555">
          <Unicode>de numero canonicorum recipiendorum duodenario factam confirmat. Exactiones eis</Unicode>
        </TextEquiv>
      </TextLine>
      <TextLine id="eSc_line_42f6b15b" custom="structure {type:default;}">
        <Coords points="936,1004 936,1031 2843,1042 2845,1004 2845,976 936,976 936,1004"/>
        <Baseline points="936,1004 2845,1004"/>
        <TextEquiv conf="0.9939488738398009">
          <Unicode>imponi vel excommunicari eos sine rationabili causa vetat. Pflugk-Harttung Acta</Unicode>
        </TextEquiv>
      </TextLine>
      <TextLine id="eSc_line_565899b3" custom="structure {type:default;}">
        <Coords points="934,1057 934,1079 1681,1079 1681,1057 1681,1026 934,1026 934,1057"/>
        <Baseline points="934,1057 1681,1057"/>
        <TextEquiv conf="0.99997071296938">
          <Unicode>III. 350. — „In his que iuste“.</Unicode>
        </TextEquiv>
      </TextLine>
      <TextLine id="eSc_line_0fb80c91" custom="structure {type:default;}">
        <Coords points="603,1115 603,1201 656,1201 656,1199 658,1199 660,1199 660,1196 673,1185 693,1166 715,1177 720,1179 722,1179 724,1179 819,1154 819,1115 819,1068 603,1064 603,1115"/>
        <Baseline points="603,1115 819,1115"/>
        <TextEquiv conf="0.9165526713643756">
          <Unicode>Rotinae</Unicode>
        </TextEquiv>
      </TextLine>
      <TextLine id="eSc_line_307fa97b" custom="structure {type:default;}">
        <Coords points="874,1117 874,1139 2845,1139 2845,1110 2839,1071 872,1075 874,1117"/>
        <Baseline points="874,1117 2845,1110"/>
        <TextEquiv conf="0.9920110404491425">
          <Unicode>16060 (10003) Ecclesiam S. Salvatoris Venetam tuendam suscipit, eiusque possessiones</Unicode>
        </TextEquiv>
      </TextLine>
      <TextLine id="eSc_line_3ffcf7d9" custom="structure {type:default;}">
        <Coords points="360,1119 360,1159 450,1150 472,1152 519,1161 521,1161 523,1161 525,1161 543,1148 543,1115 536,1042 357,1073 360,1119"/>
        <Baseline points="360,1119 543,1115"/>
        <TextEquiv conf="0.8982831120491028">
          <Unicode>„ 22.</Unicode>
        </TextEquiv>
      </TextLine>
      <TextLine id="eSc_line_20bb6bd0" custom="structure {type:default;}">
        <Coords points="934,1170 934,1199 1250,1199 1254,1201 1268,1210 1270,1210 1272,1210 1274,1210 1354,1201 1376,1199 2026,1199 2070,1205 2098,1210 2101,1210 2275,1207 2684,1199 2702,1210 2704,1210 2706,1210 2708,1212 2843,1212 2843,1170 2843,1139 934,1139 934,1170"/>
        <Baseline points="934,1170 2843,1170"/>
        <TextEquiv conf="0.9902965552666608">
          <Unicode>et privilegia confirmat, petente Gregorio priore. Cornelii Eccl. Ven. XIV. 115, Migne</Unicode>
        </TextEquiv>
      </TextLine>
      <TextLine id="eSc_line_34e77194" custom="structure {type:default;}">
        <Coords points="934,1221 932,1243 1027,1256 1029,1256 1091,1245 1095,1245 1124,1245 1513,1258 1515,1258 1595,1247 1608,1247 2048,1249 2052,1225 2050,1190 934,1185 934,1221"/>
        <Baseline points="934,1221 2052,1225"/>
        <TextEquiv conf="0.9992674122685972">
          <Unicode>202 p. 1553. — „Religiosam vitam eligentibus“.</Unicode>
        </TextEquiv>
      </TextLine>
      <TextLine id="eSc_line_77a34ed2" custom="structure {type:default;}">
        <Coords points="881,1278 881,1300 2839,1302 2843,1274 2836,1234 879,1241 881,1278"/>
        <Baseline points="881,1278 2843,1274"/>
        <TextEquiv conf="0.9997873990624039">
          <Unicode>16060a (10004) *Monachis S. Petri Mutinensis concedit, ne quis de laboribus eorum</Unicode>
        </TextEquiv>
      </TextLine>
      <TextLine id="eSc_line_9244e76d" custom="structure {type:default;}">
        <Coords points="362,1302 477,1309 479,1309 541,1294 541,1276 536,1241 463,1227 461,1227 419,1236 375,1245 362,1234 362,1283 362,1302"/>
        <Baseline points="362,1283 541,1276"/>
        <TextEquiv conf="0.9921292901039124">
          <Unicode>„ 22.</Unicode>
        </TextEquiv>
      </TextLine>
      <TextLine id="eSc_line_468617ee" custom="structure {type:default;}">
        <Coords points="676,1289 676,1309 735,1305 760,1316 764,1289 764,1263 676,1260 676,1289"/>
        <Baseline points="676,1289 764,1289"/>
        <TextEquiv conf="0.9999804496765137">
          <Unicode>„„</Unicode>
        </TextEquiv>
      </TextLine>
      <TextLine id="eSc_line_c5d88042" custom="structure {type:default;}">
        <Coords points="934,1336 934,1358 1206,1358 1226,1360 1336,1373 1338,1373 1425,1360 1440,1358 1604,1358 1608,1360 1634,1373 1637,1373 1639,1373 1966,1371 1968,1371 1970,1371 1986,1360 1988,1358 1997,1360 2034,1371 2037,1371 2039,1373 2233,1373 2233,1371 2235,1371 2260,1360 2271,1355 2293,1360 2341,1371 2344,1371 2439,1360 2487,1355 2496,1360 2512,1371 2514,1371 2516,1371 2518,1371 2839,1360 2841,1331 2836,1300 932,1300 934,1336"/>
        <Baseline points="934,1336 2841,1331"/>
        <TextEquiv conf="0.9941877989933409">
          <Unicode>in curte de Crespollano ab iis decimas extorquere praesumat. Muratori Ant. It.III. 226.</Unicode>
        </TextEquiv>
      </TextLine>
      <TextLine id="eSc_line_19d1c151" custom="structure {type:default;}">
        <Coords points="932,1391 932,1413 1641,1422 1646,1386 1641,1358 950,1349 947,1349 945,1349 943,1349 930,1355 932,1391"/>
        <Baseline points="932,1391 1646,1386"/>
        <TextEquiv conf="0.9954917759730898">
          <Unicode>Cf. infra notam ad ep. 16065.</Unicode>
        </TextEquiv>
      </TextLine>
      <TextLine id="eSc_line_e0644909" custom="structure {type:default;}">
        <Coords points="360,1448 360,1468 536,1466 539,1444 534,1406 357,1406 360,1448"/>
        <Baseline points="360,1448 539,1444"/>
        <TextEquiv conf="0.9999958515167237">
          <Unicode>„ 22.</Unicode>
        </TextEquiv>
      </TextLine>
      <TextLine id="eSc_line_e09f12a8" custom="structure {type:default;}">
        <Coords points="881,1448 881,1472 2836,1472 2839,1442 2832,1404 879,1408 881,1448"/>
        <Baseline points="881,1448 2839,1442"/>
        <TextEquiv conf="0.9978446038656457">
          <Unicode>16061 Ecclesiae S. Mariae de Clavenna protectionem suscipit et possessiones confirmat.</Unicode>
        </TextEquiv>
      </TextLine>
      <TextLine id="eSc_line_08b123f8" custom="structure {type:default;}">
        <Coords points="680,1457 682,1492 731,1475 757,1481 762,1455 757,1426 678,1424 680,1457"/>
        <Baseline points="680,1457 762,1455"/>
        <TextEquiv conf="0.9999960660934448">
          <Unicode>„</Unicode>
        </TextEquiv>
      </TextLine>
      <TextLine id="eSc_line_9be7779f" custom="structure {type:default;}">
        <Coords points="934,1501 934,1523 2836,1519 2839,1492 2832,1455 1787,1464 1555,1455 1467,1453 1464,1453 1462,1453 1449,1455 1407,1466 1380,1455 1378,1455 1376,1455 1374,1455 1349,1455 1179,1466 932,1457 934,1501"/>
        <Baseline points="934,1501 2839,1492"/>
        <TextEquiv conf="0.9944380890755427">
          <Unicode>Ex copia saec. XIII. (al. XIV.) in tabular. reg. Mediolan. In schedis Jafféi; Wiener</Unicode>
        </TextEquiv>
      </TextLine>
      <TextLine id="eSc_line_6e2f1f7b" custom="structure {type:default;}">
        <Coords points="930,1554 930,1574 1122,1587 1124,1587 1126,1587 1129,1587 1148,1574 1151,1574 1224,1574 1228,1574 1294,1590 1296,1590 1398,1574 1444,1590 1447,1590 1449,1590 1451,1590 1495,1574 1794,1587 1796,1587 1798,1587 1800,1587 1824,1572 1847,1587 1849,1587 1851,1587 1853,1590 2235,1590 2235,1587 2238,1587 2284,1570 2284,1550 2280,1523 2163,1510 2160,1510 2158,1510 2118,1523 1860,1523 1842,1510 1840,1510 1838,1510 1836,1510 1833,1510 1831,1510 1831,1512 1820,1523 1701,1523 1628,1510 1626,1510 1623,1510 1597,1523 1579,1523 950,1512 947,1512 945,1512 943,1512 927,1519 930,1554"/>
        <Baseline points="930,1554 2284,1550"/>
        <TextEquiv conf="0.9997540827383075">
          <Unicode>Sitzungsber. XCIV. 687. — „Effectum iusta postulantibus“.</Unicode>
        </TextEquiv>
      </TextLine>
      <TextLine id="eSc_line_95187a4c" custom="structure {type:default;}">
        <Coords points="881,1607 881,1634 2839,1636 2841,1607 2841,1574 881,1572 881,1607"/>
        <Baseline points="881,1607 2841,1607"/>
        <TextEquiv conf="0.9967163965106011">
          <Unicode>16062 Michaelem abbatem S. Petri Mutinensem, cuius electio ab Ildebrando quondam</Unicode>
        </TextEquiv>
      </TextLine>
      <TextLine id="eSc_line_52cf7207" custom="structure {type:default;}">
        <Coords points="353,1614 353,1638 517,1640 519,1640 521,1640 523,1640 536,1629 536,1609 525,1530 512,1541 492,1534 470,1525 468,1525 466,1525 351,1548 353,1614"/>
        <Baseline points="353,1614 536,1609"/>
        <TextEquiv conf="0.9998643845319748">
          <Unicode>„ 22</Unicode>
        </TextEquiv>
      </TextLine>
      <TextLine id="eSc_line_66bac641" custom="structure {type:default;}">
        <Coords points="667,1620 667,1636 766,1627 766,1614 757,1561 662,1585 667,1620"/>
        <Baseline points="667,1620 766,1614"/>
        <TextEquiv conf="0.999140739440918">
          <Unicode>„</Unicode>
        </TextEquiv>
      </TextLine>
      <TextLine id="eSc_line_99ca89c0" custom="structure {type:default;}">
        <Coords points="930,1665 930,1687 2836,1689 2841,1658 2834,1623 927,1627 930,1665"/>
        <Baseline points="930,1665 2841,1658"/>
        <TextEquiv conf="0.9981123585810606">
          <Unicode>cardinali (presbytero basilicae XII. apostolorum) confirmata et ab Urbano III. roborata</Unicode>
        </TextEquiv>
      </TextLine>
      <TextLine id="eSc_line_30c70e2f" custom="structure {type:default;}">
        <Coords points="927,1720 927,1740 1433,1751 1436,1751 1438,1751 1473,1740 1676,1749 1679,1749 1681,1749 1683,1749 1696,1737 1699,1737 1714,1737 1897,1749 1900,1749 1902,1749 1931,1737 2017,1749 2019,1749 2021,1749 2023,1749 2039,1735 2041,1735 2054,1735 2132,1746 2134,1746 2593,1733 2596,1713 2589,1680 925,1689 927,1720"/>
        <Baseline points="927,1720 2596,1713"/>
        <TextEquiv conf="0.9992668696812221">
          <Unicode>erat, confirmat. Pflugk-Harttung Acta III. 351. — „Ex iniuncto nobis“.</Unicode>
        </TextEquiv>
      </TextLine>
      <TextLine id="eSc_line_c352d6bc" custom="structure {type:default;}">
        <Coords points="881,1773 881,1802 2834,1799 2836,1766 2832,1740 2193,1729 2191,1729 2189,1729 2187,1729 2174,1740 2140,1740 1533,1731 1531,1731 879,1742 881,1773"/>
        <Baseline points="881,1773 2836,1766"/>
        <TextEquiv conf="0.999702325463295">
          <Unicode>16063 Monasterium S. Petri Mutinense tuendum suscipit, fratribusque indulget, ut</Unicode>
        </TextEquiv>
      </TextLine>
      <TextLine id="eSc_line_06b63bc1" custom="structure {type:default;}">
        <Coords points="355,1775 355,1815 543,1804 543,1775 541,1711 472,1715 470,1715 461,1720 433,1735 355,1733 355,1775"/>
        <Baseline points="355,1775 543,1775"/>
        <TextEquiv conf="0.9996352553367615">
          <Unicode>„ 22.</Unicode>
        </TextEquiv>
      </TextLine>
      <TextLine id="eSc_line_9e41998b" custom="structure {type:default;}">
        <Coords points="642,1782 642,1786 680,1804 682,1804 684,1804 764,1786 764,1779 760,1751 640,1737 642,1782"/>
        <Baseline points="642,1782 764,1779"/>
        <TextEquiv conf="1.0">
          <Unicode>„</Unicode>
        </TextEquiv>
      </TextLine>
      <TextLine id="eSc_line_a6260afc" custom="structure {type:default;}">
        <Coords points="932,1828 932,1857 2834,1857 2836,1821 2830,1788 930,1790 932,1828"/>
        <Baseline points="932,1828 2836,1821"/>
        <TextEquiv conf="0.9966814029647644">
          <Unicode>episcopus Mutinensis tempore (Michaelis) abbatis in eos „sine ordine iudiciario ec-</Unicode>
        </TextEquiv>
      </TextLine>
      <TextLine id="eSc_line_fbf13f07" custom="structure {type:default;}">
        <Coords points="932,1883 932,1905 1471,1905 1491,1916 1493,1916 1495,1916 1497,1916 2839,1903 2839,1879 2832,1839 930,1850 932,1883"/>
        <Baseline points="932,1883 2839,1879"/>
        <TextEquiv conf="0.9889691441873961">
          <Unicode>clesiasticam sententiam proferendi facultatem“ non habeat. Pflugk-Harttung Acta</Unicode>
        </TextEquiv>
      </TextLine>
      <TextLine id="eSc_line_49a41f7b" custom="structure {type:default;}">
        <Coords points="927,1936 927,1956 941,1965 943,1965 945,1965 947,1965 1034,1954 1056,1967 1058,1967 1060,1967 1062,1969 1124,1969 1124,1967 1126,1967 1129,1967 1146,1954 1221,1954 1235,1965 1235,1967 1237,1967 1239,1967 1241,1967 1336,1954 1360,1965 1363,1965 1365,1965 1447,1954 1473,1967 1475,1967 1478,1969 1555,1969 1555,1967 1630,1952 1630,1936 1630,1908 927,1908 927,1936"/>
        <Baseline points="927,1936 1630,1936"/>
        <TextEquiv conf="0.9870090617073907">
          <Unicode>III. 350. — „Ad hoc sumus“.</Unicode>
        </TextEquiv>
      </TextLine>
      <TextLine id="eSc_line_4ca1a5af" custom="structure {type:default;}">
        <Coords points="881,1991 881,2022 2832,2025 2836,1987 2830,1954 879,1956 881,1991"/>
        <Baseline points="881,1991 2836,1987"/>
        <TextEquiv conf="0.9950825493019747">
          <Unicode>16064 Monasterii S. Petri Mutinensis tutelam suscipit possessionesque et privilegia</Unicode>
        </TextEquiv>
      </TextLine>
      <TextLine id="eSc_line_e911cbb8" custom="structure {type:default;}">
        <Coords points="360,1998 360,2027 543,2020 545,1994 536,1934 488,1949 468,1943 466,1943 463,1943 461,1943 459,1943 459,1945 441,1961 357,1956 360,1998"/>
        <Baseline points="360,1998 545,1994"/>
        <TextEquiv conf="0.9999999761581421">
          <Unicode>„ 22.</Unicode>
        </TextEquiv>
      </TextLine>
      <TextLine id="eSc_line_3118396a" custom="structure {type:default;}">
        <Coords points="658,2002 658,2009 691,2025 693,2025 695,2025 698,2025 737,2005 737,1998 733,1967 653,1965 658,2002"/>
        <Baseline points="658,2002 737,1998"/>
        <TextEquiv conf="1.0">
          <Unicode>„</Unicode>
        </TextEquiv>
      </TextLine>
      <TextLine id="eSc_line_d9e9d55c" custom="structure {type:default;}">
        <Coords points="927,2047 927,2069 2419,2064 2421,2042 2414,2009 925,2011 927,2047"/>
        <Baseline points="927,2047 2421,2042"/>
        <TextEquiv conf="0.9998366226584224">
          <Unicode>confirmat. Wiener Sitzungsber. XCIV. 687. — „Ad hoc sumus“.</Unicode>
        </TextEquiv>
      </TextLine>
      <TextLine id="eSc_line_de758a59" custom="structure {type:default;}">
        <Coords points="881,2102 881,2126 2834,2120 2836,2095 2832,2064 901,2060 899,2060 897,2060 894,2060 879,2067 881,2102"/>
        <Baseline points="881,2102 2836,2095"/>
        <TextEquiv conf="0.9879641731580099">
          <Unicode>16065 (10005) Monachis S. Petri Mutinensibus concedit. ne quis de laboribus eorum in</Unicode>
        </TextEquiv>
      </TextLine>
      <TextLine id="eSc_line_abde37b1" custom="structure {type:default;}">
        <Coords points="625,2104 625,2155 779,2144 779,2104 779,2060 625,2047 625,2104"/>
        <Baseline points="625,2104 779,2104"/>
        <TextEquiv conf="0.9999419450759888">
          <Unicode>Regii</Unicode>
        </TextEquiv>
      </TextLine>
      <TextLine id="eSc_line_a28ebaa0" custom="structure {type:default;}">
        <Coords points="362,2106 362,2164 455,2155 532,2166 534,2106 534,2067 508,2051 505,2051 503,2051 446,2051 444,2051 441,2051 439,2051 415,2071 415,2073 362,2073 362,2106"/>
        <Baseline points="362,2106 534,2106"/>
        <TextEquiv conf="0.9938089549541473">
          <Unicode>„24.</Unicode>
        </TextEquiv>
      </TextLine>
      <TextLine id="eSc_line_081ab812" custom="structure {type:default;}">
        <Coords points="927,2157 927,2184 2832,2190 2836,2153 2830,2124 925,2126 927,2157"/>
        <Baseline points="927,2157 2836,2153"/>
        <TextEquiv conf="0.9932259822764048">
          <Unicode>curte de Crispellano decimas ab eis extorqueat. (Muratorium Ant. It. III. 225 duas</Unicode>
        </TextEquiv>
      </TextLine>
      <TextLine id="eSc_line_1f14bf82" custom="structure {type:default;}">
        <Coords points="930,2212 930,2241 2830,2241 2832,2208 2825,2175 927,2177 930,2212"/>
        <Baseline points="930,2212 2832,2208"/>
        <TextEquiv conf="0.9987598765980114">
          <Unicode>eiusdem tenoris bullas, sed diversis diebus locisque datas, ante oculos habuisse opinor,</Unicode>
        </TextEquiv>
      </TextLine>
      <TextLine id="eSc_line_c07af728" custom="structure {type:default;}">
        <Coords points="927,2265 927,2290 2832,2287 2834,2261 2830,2230 950,2221 947,2221 945,2221 925,2230 927,2265"/>
        <Baseline points="927,2265 2834,2261"/>
        <TextEquiv conf="0.9923843173753648">
          <Unicode>cf. 16060a; aliter censet Pflugk-Harttung Acta III. 351; vide etiam ea, quae annotat</Unicode>
        </TextEquiv>
      </TextLine>
      <TextLine id="eSc_line_0f8fe219" custom="structure {type:default;}">
        <Coords points="927,2320 927,2345 1022,2358 1025,2358 1087,2345 1093,2345 1098,2345 1124,2356 1126,2356 1129,2356 1349,2345 1369,2345 1372,2345 1402,2358 1405,2358 1407,2358 1491,2345 1493,2345 1495,2345 1551,2358 1553,2358 1555,2360 1760,2360 1760,2358 1763,2358 1789,2347 1840,2358 1842,2358 1922,2343 1928,2343 1935,2343 1984,2356 1986,2356 1988,2358 2138,2358 2138,2356 2140,2356 2143,2356 2163,2343 2171,2343 2269,2354 2271,2354 2273,2354 2317,2343 2319,2343 2339,2356 2341,2356 2344,2356 2346,2356 2461,2345 2562,2356 2565,2356 2567,2356 2600,2343 2640,2356 2642,2356 2644,2358 2775,2358 2775,2356 2777,2356 2836,2340 2836,2316 2832,2290 1882,2279 1880,2279 1769,2290 941,2281 938,2281 936,2281 934,2281 925,2287 927,2320"/>
        <Baseline points="927,2320 2836,2316"/>
        <TextEquiv conf="0.9900796922241769">
          <Unicode>Kaltenbrunner in Wiener Sitzungsber. XCIV. 636 n. 8). — „Cura suscepti regiminis“.</Unicode>
        </TextEquiv>
      </TextLine>
      <TextLine id="eSc_line_65953328" custom="structure {type:default;}">
        <Coords points="881,2378 881,2407 2832,2404 2834,2369 2828,2332 879,2343 881,2378"/>
        <Baseline points="881,2378 2834,2369"/>
        <TextEquiv conf="0.9984336684021768">
          <Unicode>16066 Abbati Morimundensi concedit, ut „iuramentum eius, cum idoncos testes vel</Unicode>
        </TextEquiv>
      </TextLine>
      <TextLine id="eSc_line_f85621e7" custom="structure {type:default;}">
        <Coords points="353,2385 353,2400 373,2411 375,2411 377,2411 380,2411 408,2402 426,2398 439,2407 452,2415 455,2415 457,2415 459,2415 536,2413 536,2378 530,2320 351,2349 353,2385"/>
        <Baseline points="353,2385 536,2378"/>
        <TextEquiv conf="0.9999996662139893">
          <Unicode>„ 21.</Unicode>
        </TextEquiv>
      </TextLine>
      <TextLine id="eSc_line_7098cee2" custom="structure {type:default;}">
        <Coords points="665,2389 665,2400 676,2409 678,2409 680,2409 682,2409 768,2396 768,2389 768,2362 665,2362 665,2389"/>
        <Baseline points="665,2389 768,2389"/>
        <TextEquiv conf="1.0">
          <Unicode>„</Unicode>
        </TextEquiv>
      </TextLine>
      <TextLine id="eSc_line_25e3b35f" custom="structure {type:default;}">
        <Coords points="927,2435 927,2455 2832,2453 2834,2431 2830,2393 925,2393 927,2435"/>
        <Baseline points="927,2435 2834,2431"/>
        <TextEquiv conf="0.9999972805380821">
          <Unicode>aliam probationem legitimam exhibuerit, in negotiis coenobii minime requiratur“.</Unicode>
        </TextEquiv>
      </TextLine>
      <TextLine id="eSc_line_c9bec6b3" custom="structure {type:default;}">
        <Coords points="925,2488 925,2506 1058,2519 1060,2519 1062,2519 1064,2519 1080,2506 1082,2506 1175,2506 1186,2506 1285,2519 1288,2519 1290,2519 1292,2519 1292,2517 1305,2506 1327,2506 1615,2515 1617,2515 1710,2504 1721,2504 1723,2504 1736,2517 1738,2517 1741,2517 1743,2519 1875,2519 1875,2517 1877,2517 1917,2504 1922,2504 2023,2504 2034,2513 2034,2515 2037,2515 2039,2515 2041,2515 2043,2515 2076,2504 2079,2504 2105,2515 2107,2515 2109,2515 2346,2502 2348,2484 2344,2455 923,2449 925,2488"/>
        <Baseline points="925,2488 2348,2484"/>
        <TextEquiv conf="0.9903452208167628">
          <Unicode>Pflugk-Harttung Acta III. 352. — „Equum est et consonum“.</Unicode>
        </TextEquiv>
      </TextLine>
      <TextLine id="eSc_line_b1efd3f6" custom="structure {type:default;}">
        <Coords points="874,2539 874,2568 2834,2563 2836,2535 2830,2506 872,2508 874,2539"/>
        <Baseline points="874,2539 2836,2535"/>
        <TextEquiv conf="0.9999115600305445">
          <Unicode>16067 Archiepiscopos, episcopos, abbates, priores, archidiaconos et alios ecclesiarum</Unicode>
        </TextEquiv>
      </TextLine>
      <TextLine id="eSc_line_d9b9cce2" custom="structure {type:default;}">
        <Coords points="594,2577 797,2577 797,2541 797,2475 746,2468 744,2468 742,2468 731,2473 704,2488 627,2488 596,2473 594,2541 594,2577"/>
        <Baseline points="594,2541 797,2541"/>
        <TextEquiv conf="0.9425409932931265">
          <Unicode>Pareae</Unicode>
        </TextEquiv>
      </TextLine>
      <TextLine id="eSc_line_d6a47bcd" custom="structure {type:default;}">
        <Coords points="357,2544 360,2577 408,2561 536,2570 539,2539 530,2475 486,2499 435,2499 406,2479 402,2477 399,2477 397,2477 395,2477 355,2482 357,2544"/>
        <Baseline points="357,2544 539,2539"/>
        <TextEquiv conf="0.9999819278717041">
          <Unicode>„ 26.</Unicode>
        </TextEquiv>
      </TextLine>
      <TextLine id="eSc_line_108e8f70" custom="structure {type:default;}">
        <Coords points="925,2597 925,2625 2834,2625 2836,2590 2830,2557 923,2557 925,2597"/>
        <Baseline points="925,2597 2836,2590"/>
        <TextEquiv conf="0.9992697458891642">
          <Unicode>praelatos monet, ne a fratribus Morimundensibus sicut nec ab aliis fratribus ordinis</Unicode>
        </TextEquiv>
      </TextLine>
      <TextLine id="eSc_line_c17c2b11" custom="structure {type:default;}">
        <Coords points="927,2647 927,2674 2832,2672 2834,2641 2828,2610 925,2616 927,2647"/>
        <Baseline points="927,2647 2834,2641"/>
        <TextEquiv conf="0.9999943677201328">
          <Unicode>Cisterciensis de novalibus vel de aliis terris, quas propriis manibus aut sumptibus</Unicode>
        </TextEquiv>
      </TextLine>
      <TextLine id="eSc_line_857e48d0" custom="structure {type:default;}">
        <Coords points="927,2705 927,2733 1738,2744 1741,2744 1822,2731 1829,2731 1847,2744 1849,2744 1851,2744 1853,2747 1966,2747 1966,2744 2032,2731 2034,2731 2037,2731 2171,2744 2174,2744 2176,2744 2204,2731 2235,2742 2238,2742 2240,2744 2485,2744 2485,2742 2487,2742 2531,2729 2534,2729 2825,2729 2828,2698 2821,2672 925,2676 927,2705"/>
        <Baseline points="927,2705 2828,2698"/>
        <TextEquiv conf="0.9860277883708477">
          <Unicode>excolant, decimas vel primitias exigere sinant. Pflugk-Harttung Acta III. 352. —</Unicode>
        </TextEquiv>
      </TextLine>
      <TextLine id="eSc_line_9bffe455" custom="structure {type:default;}">
        <Coords points="927,2762 927,2784 1102,2795 1104,2795 1312,2782 1343,2780 1365,2780 1497,2791 1500,2791 1553,2778 1555,2756 1548,2725 925,2729 927,2762"/>
        <Baseline points="927,2762 1555,2756"/>
        <TextEquiv conf="0.9955379896693759">
          <Unicode>„Quia plerumque veritatis“.</Unicode>
        </TextEquiv>
      </TextLine>
      <TextLine id="eSc_line_47bdb50d" custom="structure {type:default;}">
        <Coords points="874,2815 874,2842 2836,2842 2839,2809 2832,2773 872,2778 874,2815"/>
        <Baseline points="874,2815 2839,2809"/>
        <TextEquiv conf="0.9912360839545726">
          <Unicode>16068 Monasterio S. Lupi Trecensis concessas ab Hattone et Mathaeo, quondam epi-</Unicode>
        </TextEquiv>
      </TextLine>
      <TextLine id="eSc_line_2d239185" custom="structure {type:default;}">
        <Coords points="351,2822 351,2855 384,2855 384,2853 386,2853 388,2853 388,2850 391,2850 408,2833 459,2844 475,2846 477,2846 545,2835 545,2817 539,2771 349,2775 351,2822"/>
        <Baseline points="351,2822 545,2817"/>
        <TextEquiv conf="0.999986219406128">
          <Unicode>„ 27.</Unicode>
        </TextEquiv>
      </TextLine>
      <TextLine id="eSc_line_d9848d9f" custom="structure {type:default;}">
        <Coords points="631,2822 629,2866 658,2884 660,2884 662,2884 665,2884 744,2864 746,2824 742,2782 631,2786 631,2822"/>
        <Baseline points="631,2822 746,2824"/>
        <TextEquiv conf="1.0">
          <Unicode>„</Unicode>
        </TextEquiv>
      </TextLine>
      <TextLine id="eSc_line_71f4808f" custom="structure {type:default;}">
        <Coords points="925,2868 925,2892 1022,2906 1025,2906 1027,2906 1058,2892 1060,2892 1091,2892 1341,2903 1343,2903 1345,2903 1347,2903 1360,2892 1385,2901 1387,2901 1389,2901 1539,2892 1566,2890 1570,2890 1586,2903 1588,2903 1590,2903 1592,2906 1729,2906 1729,2903 1787,2890 1791,2890 1813,2903 1816,2903 1818,2903 1820,2906 1999,2906 1999,2903 2001,2903 2003,2903 2021,2890 2083,2901 2085,2901 2825,2886 2828,2862 2821,2831 923,2839 925,2868"/>
        <Baseline points="925,2868 2828,2862"/>
        <TextEquiv conf="0.9871688808303282">
          <Unicode>scopis Trecensibus, ecclesias quasdam confirmat. Lalore Coll. des cartul. I. 121. —</Unicode>
        </TextEquiv>
      </TextLine>
      <TextLine id="eSc_line_2c440886" custom="structure {type:default;}">
        <Coords points="923,2926 923,2950 1526,2959 1528,2959 1531,2959 1586,2943 1586,2919 1579,2890 921,2895 923,2926"/>
        <Baseline points="923,2926 1586,2919"/>
        <TextEquiv conf="0.9934181153774262">
          <Unicode>„Iustis petentium desideriis“.</Unicode>
        </TextEquiv>
      </TextLine>
      <TextLine id="eSc_line_90dd286b" custom="structure {type:default;}">
        <Coords points="877,2981 877,3014 2832,2996 2832,2972 2825,2939 874,2943 877,2981"/>
        <Baseline points="877,2981 2832,2972"/>
        <TextEquiv conf="0.9986550454483476">
          <Unicode>16069 Ecclesiae S. Dionysii Exoldunensis patrocinium suscipit, possessionesque et pri-</Unicode>
        </TextEquiv>
      </TextLine>
      <TextLine id="eSc_line_1f37e9f3" custom="structure {type:default;}">
        <Coords points="353,2985 353,3003 512,3005 514,3005 517,3005 550,2992 550,2981 547,2952 494,2934 492,2934 448,2934 446,2934 444,2934 441,2934 441,2937 428,2948 421,2954 351,2948 353,2985"/>
        <Baseline points="353,2985 550,2981"/>
        <TextEquiv conf="0.9943737387657166">
          <Unicode>„ 27.</Unicode>
        </TextEquiv>
      </TextLine>
      <TextLine id="eSc_line_9b43266d" custom="structure {type:default;}">
        <Coords points="623,2985 620,3021 740,3012 742,2992 744,2930 676,2915 673,2915 625,2921 623,2985"/>
        <Baseline points="623,2985 742,2992"/>
        <TextEquiv conf="1.0">
          <Unicode>„</Unicode>
        </TextEquiv>
      </TextLine>
      <TextLine id="eSc_line_2a5d3beb" custom="structure {type:default;}">
        <Coords points="927,3034 927,3058 2825,3054 2828,3027 2821,2996 925,3001 927,3034"/>
        <Baseline points="927,3034 2828,3027"/>
        <TextEquiv conf="0.9998351989722833">
          <Unicode>vilegia confirmat, petente Geraldo decano. In Musei Brittan. Egerton Charters 113.</Unicode>
        </TextEquiv>
      </TextLine>
      <TextLine id="eSc_line_7532024c" custom="structure {type:default;}">
        <Coords points="925,3089 925,3109 1177,3122 1179,3122 1277,3109 1279,3109 1281,3109 1369,3122 1372,3122 1374,3122 1416,3107 1420,3107 1648,3107 1659,3107 1866,3120 1869,3120 1946,3104 1953,3104 1959,3104 2023,3115 2026,3115 2134,3107 2147,3118 2149,3118 2151,3118 2154,3120 2293,3120 2293,3118 2295,3118 2344,3102 2344,3082 2339,3056 923,3051 925,3089"/>
        <Baseline points="925,3089 2344,3082"/>
        <TextEquiv conf="0.9965628574291865">
          <Unicode>Misit Gilbertus Dolan 0. S. B. — „Quociens a nobis petitur“.</Unicode>
        </TextEquiv>
      </TextLine>
      <TextLine id="eSc_line_1a5e98a9" custom="structure {type:default;}">
        <Coords points="874,3142 874,3168 2828,3173 2830,3138 2823,3109 872,3111 874,3142"/>
        <Baseline points="874,3142 2830,3138"/>
        <TextEquiv conf="0.9990713411853427">
          <Unicode>16070 (10006) Ecclesiam S. Apollenaris tuendam suscipit eiusque possessiones ac iura</Unicode>
        </TextEquiv>
      </TextLine>
      <TextLine id="eSc_line_c2cd6b73" custom="structure {type:default;}">
        <Coords points="349,3149 349,3180 357,3188 360,3188 362,3188 364,3191 399,3191 399,3188 402,3188 404,3188 404,3186 406,3186 415,3173 466,3186 468,3186 470,3186 472,3186 534,3168 534,3142 528,3091 346,3115 349,3149"/>
        <Baseline points="349,3149 534,3142"/>
        <TextEquiv conf="0.9176188111305237">
          <Unicode>„ 28.</Unicode>
        </TextEquiv>
      </TextLine>
      <TextLine id="eSc_line_8d0db647" custom="structure {type:default;}">
        <Coords points="653,3160 653,3171 693,3191 695,3191 698,3191 700,3191 737,3175 737,3160 737,3124 653,3104 653,3160"/>
        <Baseline points="653,3160 737,3160"/>
        <TextEquiv conf="1.0">
          <Unicode>„</Unicode>
        </TextEquiv>
      </TextLine>
      <TextLine id="eSc_line_91b4f6c1" custom="structure {type:default;}">
        <Coords points="925,3197 925,3224 2823,3219 2825,3193 2819,3162 923,3164 925,3197"/>
        <Baseline points="925,3197 2825,3193"/>
        <TextEquiv conf="0.9939256443696863">
          <Unicode>confirmat, petente Ieronimo priore. Tiraboschi Mem. Mod. III. 104, Migne 202 p. 1555.</Unicode>
        </TextEquiv>
      </TextLine>
      <TextLine id="eSc_line_545d8cfa" custom="structure {type:default;}">
        <Coords points="921,3252 921,3270 996,3270 1007,3279 1007,3281 1009,3281 1011,3281 1014,3281 1630,3268 1630,3252 1630,3226 921,3226 921,3252"/>
        <Baseline points="921,3252 1630,3252"/>
        <TextEquiv conf="0.995875031783663">
          <Unicode>— „Quotiens a nobis petitur“.</Unicode>
        </TextEquiv>
      </TextLine>
      <TextLine id="eSc_line_95d9056e" custom="structure {type:default;}">
        <Coords points="435,3310 435,3396 530,3387 530,3310 530,3263 435,3263 435,3310"/>
        <Baseline points="435,3310 530,3310"/>
        <TextEquiv conf="0.9979583621025085">
          <Unicode>28.</Unicode>
        </TextEquiv>
      </TextLine>
      <TextLine id="eSc_line_ff692b5e" custom="structure {type:default;}">
        <Coords points="874,3310 874,3336 2819,3325 2821,3299 2814,3268 872,3270 874,3310"/>
        <Baseline points="874,3310 2821,3299"/>
        <TextEquiv conf="0.9976040888123396">
          <Unicode>16071 (10007) Friderico Romanorum imperatori scribit, nuncios eius ad Urbanum III.</Unicode>
        </TextEquiv>
      </TextLine>
      <TextLine id="eSc_line_785e95d1" custom="structure {type:default;}">
        <Coords points="660,3314 660,3356 753,3356 753,3312 748,3270 658,3261 660,3314"/>
        <Baseline points="660,3314 753,3312"/>
        <TextEquiv conf="0.5101131796836853">
          <Unicode>„</Unicode>
        </TextEquiv>
      </TextLine>
      <TextLine id="eSc_line_179a3570" custom="structure {type:default;}">
        <Coords points="925,3363 925,3389 2825,3380 2828,3354 2821,3325 923,3327 925,3363"/>
        <Baseline points="925,3363 2828,3354"/>
        <TextEquiv conf="0.9991979870615126">
          <Unicode>de concilianda pace missos, O(ttonem) Brandenburgensem (leg. Bambergensem) epi-</Unicode>
        </TextEquiv>
      </TextLine>
      <TextLine id="eSc_line_20780dd1" custom="structure {type:default;}">
        <Coords points="923,3416 923,3440 2828,3433 2828,3409 2821,3376 921,3383 923,3416"/>
        <Baseline points="923,3416 2828,3409"/>
        <TextEquiv conf="0.9945554335912069">
          <Unicode>scopum et S(igefridum) abbatem Hersfeldensem, sibi „proposuisse ea, quae recepissent</Unicode>
        </TextEquiv>
      </TextLine>
      <TextLine id="eSc_line_efa616a8" custom="structure {type:default;}">
        <Coords points="921,3471 921,3506 1166,3526 1168,3526 1170,3526 1243,3509 1869,3524 1871,3524 2441,3517 2443,3517 2445,3517 2465,3504 2470,3502 2503,3504 2708,3520 2710,3520 2713,3520 2715,3520 2741,3504 2746,3502 2823,3502 2825,3462 2819,3436 919,3442 921,3471"/>
        <Baseline points="921,3471 2825,3462"/>
        <TextEquiv conf="0.9910680612960419">
          <Unicode>in mandatis“. Sed „non esse sibsi visum idoneum, ut, antequam ad ecclesiam de</Unicode>
        </TextEquiv>
      </TextLine>
    </TextRegion>
    <TextRegion id="eSc_textblock_67123b06"  custom="structure {type:default;}">
      <Coords points="1354,123 1966,132 1984,209 1199,218 1208,132 1354,123"/>
      <TextLine id="eSc_line_4a339258" custom="structure {type:default;}">
        <Coords points="1902,130 1880,130 1858,130 1836,130 1813,130 1811,128 1756,136 1729,139 1707,136 1610,125 1608,125 1606,125 1581,139 1577,141 1570,139 1528,125 1526,125 1524,125 1387,136 1312,125 1310,125 1217,143 1219,192 1219,220 1959,220 1959,187 1955,134 1919,130 1902,130"/>
        <Baseline points="1219,192 1959,187"/>
        <TextEquiv conf="0.9999786842437017">
          <Unicode>GRECORIUS VIII. 1187.</Unicode>
        </TextEquiv>
      </TextLine>
    </TextRegion>
  </Page>
</PcGts>
