<?xml version="1.0" encoding="UTF-8"  standalone="yes"?>
<PcGts xmlns="http://schema.primaresearch.org/PAGE/gts/pagecontent/2019-07-15" xmlns:xsi="http://www.w3.org/2001/XMLSchema-instance" xsi:schemaLocation="http://schema.primaresearch.org/PAGE/gts/pagecontent/2019-07-15 http://schema.primaresearch.org/PAGE/gts/pagecontent/2019-07-15/pagecontent.xsd">
  <Metadata externalRef="pdf//regestapontificu02cath.pdf">
	<Creator>escriptorium</Creator>
	<Created>2026-01-31T10:41:01.516573+00:00</Created>
        <LastChange>2026-02-04T23:20:19.820691+00:00</LastChange>
  </Metadata>
  <Page imageFilename="regestapontificu02cath.pdf_page_528.png" imageWidth="3007" imageHeight="3975">
    <TextRegion id="eSc_textblock_983ddecc"  custom="structure {type:default;}">
      <Coords points="364,123 466,132 483,192 318,209 318,141 364,123"/>
      <TextLine id="eSc_line_17cb5cda" custom="structure {type:default;}">
        <Coords points="338,183 338,214 459,220 461,183 461,132 338,132 338,183"/>
        <Baseline points="338,183 461,183"/>
        <TextEquiv conf="1.0">
          <Unicode>516</Unicode>
        </TextEquiv>
      </TextLine>
    </TextRegion>
    <TextRegion id="eSc_textblock_3adbfbd4"  custom="structure {type:default;}">
      <Coords points="897,273 2892,282 2883,3495 972,3513 881,3469 318,3469 309,318 344,282 545,300 607,371 627,300 881,300 897,273"/>
      <TextLine id="eSc_line_1252d8f8" custom="structure {type:default;}">
        <Coords points="987,273 965,273 943,273 932,273 890,282 877,300 879,324 879,348 905,364 908,364 910,366 994,366 994,364 996,364 1031,353 1049,346 1087,353 1137,364 1140,364 1217,357 1217,320 1212,282 998,273 987,273"/>
        <Baseline points="879,324 1217,320"/>
        <TextEquiv conf="0.958564736626365">
          <Unicode>1186— 1187.</Unicode>
        </TextEquiv>
      </TextLine>
      <TextLine id="eSc_line_c6c7b847" custom="structure {type:default;}">
        <Coords points="353,397 353,432 578,412 578,393 574,342 461,331 459,331 351,344 353,397"/>
        <Baseline points="353,397 578,393"/>
        <TextEquiv conf="0.9986508753564622">
          <Unicode>Mart. 18.</Unicode>
        </TextEquiv>
      </TextLine>
      <TextLine id="eSc_line_5cf217af" custom="structure {type:default;}">
        <Coords points="627,390 625,430 830,452 835,395 832,322 627,326 627,390"/>
        <Baseline points="627,390 835,395"/>
        <TextEquiv conf="0.9805833612169538">
          <Unicode>Veronae</Unicode>
        </TextEquiv>
      </TextLine>
      <TextLine id="eSc_line_5248df8d" custom="structure {type:default;}">
        <Coords points="916,393 914,415 952,428 954,428 956,428 1440,419 1524,419 2870,430 2874,399 2870,344 2761,355 2702,344 2699,344 2697,344 2695,344 2629,357 2474,357 2456,344 2454,344 2452,344 2450,344 2448,344 2421,355 2114,344 2008,342 2006,342 2003,342 1995,344 1977,353 1946,344 1933,342 1931,342 1928,342 916,346 916,393"/>
        <Baseline points="916,393 2874,399"/>
        <TextEquiv conf="0.9968937046733903">
          <Unicode>15818 Petro praeposito Magalonensi concedit, ut quibusdam canonicorum, qui se „ad</Unicode>
        </TextEquiv>
      </TextLine>
      <TextLine id="eSc_line_66f85bf9" custom="structure {type:default;}">
        <Coords points="963,448 961,472 1018,485 1020,485 1387,477 1467,488 1469,488 2182,481 2394,492 2397,492 2870,481 2872,457 2870,426 963,417 963,448"/>
        <Baseline points="963,448 2872,457"/>
        <TextEquiv conf="0.9994029489959159">
          <Unicode>leges aut ad mundana studia aut negotia secularia“ transtulerint, poenam iniungat.</Unicode>
        </TextEquiv>
      </TextLine>
      <TextLine id="eSc_line_9b04a6d5" custom="structure {type:default;}">
        <Coords points="965,507 965,530 2357,530 2357,507 2357,474 965,474 965,507"/>
        <Baseline points="965,507 2357,507"/>
        <TextEquiv conf="0.9989234075464052">
          <Unicode>Mém. de la soc. Montpellier V. 542. — „Cum sit religioni“.</Unicode>
        </TextEquiv>
      </TextLine>
      <TextLine id="eSc_line_20a77e65" custom="structure {type:default;}">
        <Coords points="388,567 388,591 410,600 413,600 415,600 417,600 419,600 419,598 428,589 437,578 475,576 494,589 505,596 508,596 510,596 512,596 563,587 563,558 556,516 386,536 388,567"/>
        <Baseline points="388,567 563,558"/>
        <TextEquiv conf="0.9157464265823364">
          <Unicode>„ 1S.</Unicode>
        </TextEquiv>
      </TextLine>
      <TextLine id="eSc_line_28b6c856" custom="structure {type:default;}">
        <Coords points="700,574 700,609 782,607 782,574 782,543 713,532 711,532 709,532 707,532 707,534 700,541 700,574"/>
        <Baseline points="700,574 782,574"/>
        <TextEquiv conf="1.0">
          <Unicode>„</Unicode>
        </TextEquiv>
      </TextLine>
      <TextLine id="eSc_line_4f6e1e5d" custom="structure {type:default;}">
        <Coords points="914,563 914,583 2874,594 2876,563 2876,527 2777,514 2775,514 2686,525 2467,514 2465,514 1913,525 1809,514 1807,514 1745,527 914,527 914,563"/>
        <Baseline points="914,563 2876,563"/>
        <TextEquiv conf="0.9985280639823826">
          <Unicode>15819 Petro praeposito Magalonensi constitutionem asserit de instituendis et destituen-</Unicode>
        </TextEquiv>
      </TextLine>
      <TextLine id="eSc_line_9aa127d4" custom="structure {type:default;}">
        <Coords points="963,613 961,633 987,649 989,649 992,649 994,649 1040,638 1352,638 1405,649 1407,649 1776,638 1802,638 1811,638 1919,651 1922,651 2006,640 2193,651 2196,651 2304,640 2317,640 2330,640 2443,651 2445,651 2872,642 2874,618 2872,589 963,585 963,613"/>
        <Baseline points="963,613 2874,618"/>
        <TextEquiv conf="0.9980020128100752">
          <Unicode>dis canonicis ab Alexandro III. ei concessam; obviantes per ecclesiasticam censuram</Unicode>
        </TextEquiv>
      </TextLine>
      <TextLine id="eSc_line_0c4b0199" custom="structure {type:default;}">
        <Coords points="963,669 961,689 989,702 992,702 994,702 1336,693 1906,704 1908,704 2845,693 2847,673 2845,638 963,636 963,669"/>
        <Baseline points="963,669 2847,673"/>
        <TextEquiv conf="0.9946061372756958">
          <Unicode>coérceri iubet. Mém. de la soc. de Montpellier V. 531. — „Ad nostram noveris“.</Unicode>
        </TextEquiv>
      </TextLine>
      <TextLine id="eSc_line_43d12454" custom="structure {type:default;}">
        <Coords points="386,730 386,759 567,759 567,726 561,655 382,658 386,730"/>
        <Baseline points="386,730 567,726"/>
        <TextEquiv conf="0.9537382006645203">
          <Unicode>„ 18.</Unicode>
        </TextEquiv>
      </TextLine>
      <TextLine id="eSc_line_46ae8f01" custom="structure {type:default;}">
        <Coords points="695,739 695,764 726,777 729,777 731,777 779,768 779,735 773,702 693,708 695,739"/>
        <Baseline points="695,739 779,735"/>
        <TextEquiv conf="1.0">
          <Unicode>„</Unicode>
        </TextEquiv>
      </TextLine>
      <TextLine id="eSc_line_116c69c8" custom="structure {type:default;}">
        <Coords points="916,724 914,744 2867,748 2872,728 2870,691 916,684 916,724"/>
        <Baseline points="916,724 2872,728"/>
        <TextEquiv conf="0.9997385172282949">
          <Unicode>15820 (9904) Canonicis Faventinis concedit, „ut si aliquem parochianorum alibi conti-</Unicode>
        </TextEquiv>
      </TextLine>
      <TextLine id="eSc_line_8a86b369" custom="structure {type:default;}">
        <Coords points="965,779 963,801 1506,812 1509,812 1511,812 1513,812 1526,801 1531,801 1917,801 1935,801 2061,814 2063,814 2348,803 2836,814 2839,814 2841,814 2872,801 2874,783 2872,753 965,748 965,779"/>
        <Baseline points="965,779 2874,783"/>
        <TextEquiv conf="0.9994309104301713">
          <Unicode>gerit eligere sepulturam, secundum statuta b. Gregorii, quarta iis in testamentis portio</Unicode>
        </TextEquiv>
      </TextLine>
      <TextLine id="eSc_line_f9d57cac" custom="structure {type:default;}">
        <Coords points="963,836 963,867 2876,867 2876,836 2876,806 963,806 963,836"/>
        <Baseline points="963,836 2876,836"/>
        <TextEquiv conf="0.9934700209470022">
          <Unicode>reservetur“. „Parochianos eorum excommunicatos vel interdictos, sive usurarios mani-</Unicode>
        </TextEquiv>
      </TextLine>
      <TextLine id="eSc_line_f75ac866" custom="structure {type:default;}">
        <Coords points="963,887 961,907 1060,920 1062,920 2872,916 2874,892 2872,856 963,850 963,887"/>
        <Baseline points="963,887 2874,892"/>
        <TextEquiv conf="0.9878310697624483">
          <Unicode>festos ad sepulturam recipi, nisi congrua satisfactione praemissa“, vetat. Tonduzzi</Unicode>
        </TextEquiv>
      </TextLine>
      <TextLine id="eSc_line_d232f56a" custom="structure {type:default;}">
        <Coords points="965,942 963,962 978,973 980,973 983,973 985,973 2870,969 2872,949 2870,916 965,909 965,942"/>
        <Baseline points="965,942 2872,949"/>
        <TextEquiv conf="0.9910754166370215">
          <Unicode>Hist. di Faenza p. 227, (Comp. I. L. 3. t. 24. c. 8, Decr. Greg. L. III. t. 28. c. 8).</Unicode>
        </TextEquiv>
      </TextLine>
      <TextLine id="eSc_line_c8140a0a" custom="structure {type:default;}">
        <Coords points="963,995 961,1011 1034,1013 1049,1029 1049,1031 1051,1031 1053,1031 1056,1031 1197,1015 1259,1033 1261,1033 1263,1033 1265,1033 1321,1018 1352,1033 1354,1033 1356,1033 1557,1015 1559,1000 1557,969 963,967 963,995"/>
        <Baseline points="963,995 1559,1000"/>
        <TextEquiv conf="0.9965132929029918">
          <Unicode>— „Cum super quodam“.</Unicode>
        </TextEquiv>
      </TextLine>
      <TextLine id="eSc_line_1fd479f1" custom="structure {type:default;}">
        <Coords points="393,1062 395,1086 433,1073 572,1086 576,1057 570,1018 391,1020 393,1062"/>
        <Baseline points="393,1062 576,1057"/>
        <TextEquiv conf="0.9999963760375976">
          <Unicode>„ 20.</Unicode>
        </TextEquiv>
      </TextLine>
      <TextLine id="eSc_line_300dd5d4" custom="structure {type:default;}">
        <Coords points="687,1062 682,1108 744,1110 746,1110 748,1110 782,1093 784,1066 784,965 689,976 687,1062"/>
        <Baseline points="687,1062 784,1066"/>
        <TextEquiv conf="1.0">
          <Unicode>„</Unicode>
        </TextEquiv>
      </TextLine>
      <TextLine id="eSc_line_0806d8db" custom="structure {type:default;}">
        <Coords points="916,1057 916,1086 2874,1079 2876,1053 2872,1020 914,1015 916,1057"/>
        <Baseline points="916,1057 2876,1053"/>
        <TextEquiv conf="0.9958880987432268">
          <Unicode>15821 Dietrici, episcopi Gurcensis, et eius ecclesiae protectionem suscipit, et possessio-</Unicode>
        </TextEquiv>
      </TextLine>
      <TextLine id="eSc_line_ab57ce70" custom="structure {type:default;}">
        <Coords points="963,1110 963,1135 2874,1135 2874,1110 2874,1075 963,1075 963,1110"/>
        <Baseline points="963,1110 2874,1110"/>
        <TextEquiv conf="0.9926163519537726">
          <Unicode>nes in Carinthia sitas confirmat. Ankershofen Urkundenreg. in Arch. f. 6sterr. Gesch.-</Unicode>
        </TextEquiv>
      </TextLine>
      <TextLine id="eSc_line_465aa267" custom="structure {type:default;}">
        <Coords points="965,1166 965,1188 996,1201 998,1201 1000,1201 1069,1188 1080,1188 1122,1188 1352,1199 1354,1199 1356,1199 1358,1199 1372,1190 1374,1188 1374,1190 1398,1205 1400,1205 1402,1205 1405,1205 1500,1190 1515,1188 1531,1190 1610,1205 1612,1207 1749,1207 1749,1205 1752,1205 1780,1190 1787,1188 1893,1188 1902,1190 1933,1203 1935,1203 1937,1205 2081,1205 2081,1203 2083,1203 2114,1192 2132,1185 2386,1185 2399,1192 2414,1203 2417,1203 2419,1203 2421,1203 2565,1192 2578,1192 2591,1192 2704,1203 2706,1203 2708,1203 2748,1192 2777,1185 2788,1192 2803,1203 2805,1203 2808,1203 2810,1203 2874,1192 2876,1161 2872,1135 2509,1135 2476,1121 2474,1121 2472,1121 2470,1121 2467,1121 2452,1135 2193,1135 2112,1121 2109,1121 1995,1132 1968,1121 1966,1121 1964,1121 1961,1121 1959,1121 1942,1132 1922,1121 1919,1121 1917,1121 1915,1121 1873,1135 1270,1124 1268,1124 1265,1124 1263,1124 1246,1135 1166,1124 1164,1124 1162,1124 1159,1124 1144,1135 1064,1124 1062,1124 1060,1124 1022,1135 987,1124 985,1124 983,1124 980,1124 978,1124 963,1132 965,1166"/>
        <Baseline points="965,1166 2876,1161"/>
        <TextEquiv conf="0.9968482168515523">
          <Unicode>Quellen XI. 333, Zahn Urkundenb. v. Steiermark I. 650. — „Ordo rationis ex-</Unicode>
        </TextEquiv>
      </TextLine>
      <TextLine id="eSc_line_abd351dd" custom="structure {type:default;}">
        <Coords points="963,1221 963,1245 972,1254 974,1254 976,1254 978,1254 1193,1241 1193,1221 1193,1190 963,1190 963,1221"/>
        <Baseline points="963,1221 1193,1221"/>
        <TextEquiv conf="0.9999743282794953">
          <Unicode>postulat“.</Unicode>
        </TextEquiv>
      </TextLine>
      <TextLine id="eSc_line_71454d48" custom="structure {type:default;}">
        <Coords points="393,1278 393,1305 583,1307 585,1272 578,1219 391,1232 393,1278"/>
        <Baseline points="393,1278 585,1272"/>
        <TextEquiv conf="0.9999936580657959">
          <Unicode>„ 20.</Unicode>
        </TextEquiv>
      </TextLine>
      <TextLine id="eSc_line_1afddddf" custom="structure {type:default;}">
        <Coords points="665,1278 662,1298 704,1291 715,1305 718,1305 718,1307 720,1307 722,1307 777,1309 782,1283 779,1227 665,1236 665,1278"/>
        <Baseline points="665,1278 782,1283"/>
        <TextEquiv conf="1.0">
          <Unicode>„</Unicode>
        </TextEquiv>
      </TextLine>
      <TextLine id="eSc_line_46b07086" custom="structure {type:default;}">
        <Coords points="916,1278 916,1305 2872,1302 2874,1272 2870,1234 914,1234 916,1278"/>
        <Baseline points="916,1278 2874,1272"/>
        <TextEquiv conf="0.9998974044655644">
          <Unicode>15822 Petro praeposito Magalonensi concedit, ut cum ab ecclesia eum abesse contigerit,</Unicode>
        </TextEquiv>
      </TextLine>
      <TextLine id="eSc_line_83c1af4b" custom="structure {type:default;}">
        <Coords points="963,1331 963,1349 2872,1355 2874,1331 2874,1298 1232,1298 1206,1285 1204,1285 1201,1285 963,1296 963,1331"/>
        <Baseline points="963,1331 2874,1331"/>
        <TextEquiv conf="0.9993419757595768">
          <Unicode>fratrum alicui cum consilio capituli et assensu episcopi prioratum administrandum</Unicode>
        </TextEquiv>
      </TextLine>
      <TextLine id="eSc_line_8af5c2f0" custom="structure {type:default;}">
        <Coords points="963,1382 963,1402 1053,1417 1056,1419 1186,1419 1186,1417 1188,1417 1190,1417 1212,1404 1294,1417 1296,1417 1378,1404 1703,1404 1723,1417 1725,1417 1727,1417 1729,1417 1957,1404 2098,1417 2101,1417 2103,1417 2158,1404 2456,1417 2459,1417 2461,1417 2492,1404 2507,1417 2509,1417 2512,1417 2514,1419 2646,1419 2646,1417 2649,1417 2706,1402 2706,1382 2704,1349 963,1353 963,1382"/>
        <Baseline points="963,1382 2706,1382"/>
        <TextEquiv conf="0.9927641631851734">
          <Unicode>committat. Mém. de la soc. de Montpellier V. 543. — „Cum pro negotiis“.</Unicode>
        </TextEquiv>
      </TextLine>
      <TextLine id="eSc_line_a9dc8caf" custom="structure {type:default;}">
        <Coords points="395,1439 395,1470 561,1472 563,1472 565,1472 567,1472 585,1461 585,1435 578,1369 479,1384 393,1375 395,1439"/>
        <Baseline points="395,1439 585,1435"/>
        <TextEquiv conf="0.9972080230712891">
          <Unicode>„ 22.</Unicode>
        </TextEquiv>
      </TextLine>
      <TextLine id="eSc_line_06332d54" custom="structure {type:default;}">
        <Coords points="678,1442 673,1499 773,1501 779,1448 779,1347 682,1347 678,1442"/>
        <Baseline points="678,1442 779,1448"/>
        <TextEquiv conf="1.0">
          <Unicode>„</Unicode>
        </TextEquiv>
      </TextLine>
      <TextLine id="eSc_line_df8568e2" custom="structure {type:default;}">
        <Coords points="916,1437 914,1461 2870,1466 2874,1442 2872,1406 916,1402 916,1437"/>
        <Baseline points="916,1437 2874,1442"/>
        <TextEquiv conf="0.9964367889222645">
          <Unicode>15823 (9905) Civibus Metensibus „scabinatum, sicut ipsum in authentico scripto b. m.</Unicode>
        </TextEquiv>
      </TextLine>
      <TextLine id="eSc_line_7d70d6d5" custom="structure {type:default;}">
        <Coords points="969,1490 967,1512 2870,1514 2874,1495 2872,1459 969,1455 969,1490"/>
        <Baseline points="969,1490 2874,1495"/>
        <TextEquiv conf="0.9967870180095945">
          <Unicode>Petri, quondam episcopi Tusculanensis, tunc apostolicae sedis legati, et venerabilis</Unicode>
        </TextEquiv>
      </TextLine>
      <TextLine id="eSc_line_749cd39f" custom="structure {type:default;}">
        <Coords points="965,1550 965,1574 1168,1574 1186,1576 1263,1587 1265,1587 1327,1576 1332,1576 1343,1576 1513,1587 1515,1587 1517,1587 1520,1587 1533,1576 1539,1574 1599,1576 1760,1585 1763,1585 1802,1576 1818,1574 1829,1576 1858,1587 1860,1587 1862,1587 1968,1585 1970,1585 1972,1585 1984,1578 1992,1572 2032,1578 2085,1585 2087,1585 2231,1578 2359,1572 2461,1578 2556,1585 2558,1585 2560,1585 2582,1578 2607,1572 2631,1578 2649,1585 2651,1585 2653,1585 2872,1578 2874,1545 2867,1517 963,1519 965,1550"/>
        <Baseline points="965,1550 2874,1545"/>
        <TextEquiv conf="0.9934768746065539">
          <Unicode>fratris Metensis episcopi continetur, confirmat“. Hist. de Metz III. Pr. p. 144, Migne</Unicode>
        </TextEquiv>
      </TextLine>
      <TextLine id="eSc_line_466469bd" custom="structure {type:default;}">
        <Coords points="969,1603 969,1623 1031,1638 1034,1638 1036,1638 1064,1625 1084,1638 1087,1638 1089,1638 1091,1638 1093,1638 1133,1625 1177,1638 1179,1638 1182,1640 1254,1640 1254,1638 1257,1638 1259,1638 1277,1625 1360,1625 1374,1636 1374,1638 1376,1638 1378,1638 1380,1640 1546,1640 1546,1638 1548,1638 1551,1638 1573,1625 1606,1638 1608,1638 1610,1640 1749,1640 1749,1638 1842,1623 1842,1603 1842,1574 969,1574 969,1603"/>
        <Baseline points="969,1603 1842,1603"/>
        <TextEquiv conf="0.9940145734478446">
          <Unicode>202 p. 1473. — „Cum in devotione“.</Unicode>
        </TextEquiv>
      </TextLine>
      <TextLine id="eSc_line_83fd91e6" custom="structure {type:default;}">
        <Coords points="395,1660 395,1693 576,1691 576,1656 570,1601 444,1618 393,1612 395,1660"/>
        <Baseline points="395,1660 576,1656"/>
        <TextEquiv conf="0.9988895416259765">
          <Unicode>„ 23.</Unicode>
        </TextEquiv>
      </TextLine>
      <TextLine id="eSc_line_1fa9289d" custom="structure {type:default;}">
        <Coords points="704,1667 704,1691 779,1696 782,1667 782,1616 704,1607 704,1667"/>
        <Baseline points="704,1667 782,1667"/>
        <TextEquiv conf="1.0">
          <Unicode>„</Unicode>
        </TextEquiv>
      </TextLine>
      <TextLine id="eSc_line_c0d02181" custom="structure {type:default;}">
        <Coords points="916,1660 916,1689 2876,1680 2878,1654 2872,1618 914,1618 916,1660"/>
        <Baseline points="916,1660 2878,1654"/>
        <TextEquiv conf="0.9987000347602935">
          <Unicode>15824 (9906) Canonicorum Veronensium bona confirmat. Ughelli It. sacr. V. 806, Migne</Unicode>
        </TextEquiv>
      </TextLine>
      <TextLine id="eSc_line_c1de567c" custom="structure {type:default;}">
        <Coords points="969,1713 969,1731 2028,1735 2030,1713 2030,1682 969,1673 969,1713"/>
        <Baseline points="969,1713 2030,1713"/>
        <TextEquiv conf="0.9981106546190049">
          <Unicode>202 p. 1473. — „Iustis petentium desideriis“.</Unicode>
        </TextEquiv>
      </TextLine>
      <TextLine id="eSc_line_db4ba3f2" custom="structure {type:default;}">
        <Coords points="395,1771 395,1788 430,1799 433,1799 435,1799 437,1799 439,1799 459,1784 461,1784 470,1784 556,1790 558,1790 561,1790 563,1790 578,1779 578,1762 572,1715 391,1722 395,1771"/>
        <Baseline points="395,1771 578,1762"/>
        <TextEquiv conf="0.9999990224838257">
          <Unicode>„ 26.</Unicode>
        </TextEquiv>
      </TextLine>
      <TextLine id="eSc_line_549aec77" custom="structure {type:default;}">
        <Coords points="702,1777 704,1835 782,1813 782,1777 782,1726 702,1715 702,1777"/>
        <Baseline points="702,1777 782,1777"/>
        <TextEquiv conf="0.9999704360961914">
          <Unicode>„</Unicode>
        </TextEquiv>
      </TextLine>
      <TextLine id="eSc_line_93eb1703" custom="structure {type:default;}">
        <Coords points="919,1771 919,1793 1548,1804 1551,1804 1553,1804 1555,1804 1570,1790 1573,1790 1577,1790 1608,1802 1610,1802 1612,1804 1782,1804 1782,1802 1785,1802 1787,1802 1802,1790 1805,1790 1829,1790 2096,1802 2098,1802 2200,1790 2790,1799 2792,1799 2876,1786 2878,1764 2874,1735 938,1729 936,1729 934,1729 932,1729 916,1735 919,1771"/>
        <Baseline points="919,1771 2878,1764"/>
        <TextEquiv conf="0.9879851092349042">
          <Unicode>15825 (9907) Archiepiscopis, episcopis, abbatibus, prioribus, archidiaconis, decanis, pres-</Unicode>
        </TextEquiv>
      </TextLine>
      <TextLine id="eSc_line_c449e8dd" custom="structure {type:default;}">
        <Coords points="972,1824 972,1855 2874,1848 2876,1819 2870,1788 969,1788 972,1824"/>
        <Baseline points="972,1824 2876,1819"/>
        <TextEquiv conf="0.999137397323336">
          <Unicode>byteris et aliis ecclesiarum praelatis mandat, „ut adsint fratribus monasterii Zwet-</Unicode>
        </TextEquiv>
      </TextLine>
      <TextLine id="eSc_line_ec290c43" custom="structure {type:default;}">
        <Coords points="969,1879 969,1905 2876,1901 2876,1879 2876,1843 969,1839 969,1879"/>
        <Baseline points="969,1879 2876,1879"/>
        <TextEquiv conf="0.9973971609558377">
          <Unicode>lensis contra decimarum iniustos exactores“. Linck Annal. Austrio-Claravall. I. 214.</Unicode>
        </TextEquiv>
      </TextLine>
      <TextLine id="eSc_line_6f248123" custom="structure {type:default;}">
        <Coords points="967,1934 967,1952 1045,1952 1047,1952 1075,1965 1078,1965 1080,1965 1186,1952 1188,1952 1201,1963 1201,1965 1204,1965 1206,1965 1208,1967 1285,1967 1285,1965 1427,1961 1429,1961 1431,1961 1431,1958 1442,1949 1453,1949 1610,1963 1612,1963 1679,1947 1681,1930 1674,1899 965,1903 967,1934"/>
        <Baseline points="967,1934 1681,1930"/>
        <TextEquiv conf="0.9982623437355305">
          <Unicode>— „Quia plerumque veritatis“.</Unicode>
        </TextEquiv>
      </TextLine>
      <TextLine id="eSc_line_616a0d81" custom="structure {type:default;}">
        <Coords points="399,1991 399,2011 424,2016 426,2016 428,2016 430,2016 441,2007 457,1998 492,2002 556,2011 558,2011 561,2011 563,2011 563,2009 565,2009 574,1998 574,1985 570,1947 494,1941 492,1941 490,1941 488,1941 488,1943 477,1954 472,1961 397,1961 399,1991"/>
        <Baseline points="399,1991 574,1985"/>
        <TextEquiv conf="0.9999898672103882">
          <Unicode>„ 27.</Unicode>
        </TextEquiv>
      </TextLine>
      <TextLine id="eSc_line_61642956" custom="structure {type:default;}">
        <Coords points="713,1994 711,2005 779,2002 782,1996 779,1967 713,1965 713,1994"/>
        <Baseline points="713,1994 782,1996"/>
        <TextEquiv conf="1.0">
          <Unicode>„)</Unicode>
        </TextEquiv>
      </TextLine>
      <TextLine id="eSc_line_d6376975" custom="structure {type:default;}">
        <Coords points="919,1991 919,2018 2876,2011 2878,1985 2874,1954 916,1954 919,1991"/>
        <Baseline points="919,1991 2878,1985"/>
        <TextEquiv conf="0.9952857283984914">
          <Unicode>15826 Universos ecclesiarum praelatos hortatur, ne a fratribus Ripatoriensibus, sicut</Unicode>
        </TextEquiv>
      </TextLine>
      <TextLine id="eSc_line_4ca94cce" custom="structure {type:default;}">
        <Coords points="972,2044 972,2071 2876,2067 2878,2040 2874,2007 969,2007 972,2044"/>
        <Baseline points="972,2044 2878,2040"/>
        <TextEquiv conf="0.9990969158354259">
          <Unicode>nec ab aliis ordinis Cisterciensis monachis decimas tam de novalibus, quam de terris</Unicode>
        </TextEquiv>
      </TextLine>
      <TextLine id="eSc_line_528bad90" custom="structure {type:default;}">
        <Coords points="967,2100 967,2122 2876,2122 2878,2095 2874,2064 1922,2053 1919,2053 1336,2064 1279,2053 1277,2053 1195,2064 1179,2053 1177,2053 1175,2053 1025,2053 1022,2053 1020,2053 965,2067 967,2100"/>
        <Baseline points="967,2100 2878,2095"/>
        <TextEquiv conf="0.9966001754783722">
          <Unicode>antiquitus cultis ac de nutrimentis animalium exigi patiantur. In bibl. nat. Paris.</Unicode>
        </TextEquiv>
      </TextLine>
      <TextLine id="eSc_line_0215172e" custom="structure {type:default;}">
        <Coords points="969,2150 967,2170 1040,2184 1042,2184 1199,2173 1246,2186 1248,2186 1250,2188 1400,2188 1400,2186 1402,2186 1453,2173 1557,2184 1559,2184 1637,2173 1657,2186 1659,2186 1661,2186 1663,2186 1665,2186 1668,2186 1687,2173 1782,2173 1785,2173 1805,2186 1807,2186 1809,2186 1811,2186 1877,2175 1924,2188 1926,2188 1928,2190 2074,2190 2074,2188 2076,2188 2079,2188 2096,2175 2132,2188 2134,2188 2136,2190 2233,2190 2233,2188 2235,2188 2238,2188 2258,2175 2381,2188 2383,2188 2386,2188 2443,2175 2779,2175 2850,2188 2852,2188 2854,2188 2856,2188 2876,2173 2878,2155 2876,2124 969,2120 969,2150"/>
        <Baseline points="969,2150 2878,2155"/>
        <TextEquiv conf="0.9973738540576983">
          <Unicode>Coll. de Champagne t. 151 n. 3. cop. a. 1243, (Coll. Moreau t. 89. f. 158. cop.</Unicode>
        </TextEquiv>
      </TextLine>
      <TextLine id="eSc_line_7dcfc346" custom="structure {type:default;}">
        <Coords points="969,2210 969,2230 1175,2245 1177,2245 1179,2245 1182,2245 1204,2228 1208,2228 1292,2228 1294,2228 1323,2243 1325,2243 1327,2243 1551,2239 1553,2239 1581,2226 1595,2239 1595,2241 1597,2241 1599,2241 1601,2243 1646,2243 1646,2241 1849,2239 1851,2239 1897,2221 1897,2201 1893,2173 967,2173 969,2210"/>
        <Baseline points="969,2210 1897,2201"/>
        <TextEquiv conf="0.9998496661060735">
          <Unicode>s. XVIII). — „Audivimus et audientes“.</Unicode>
        </TextEquiv>
      </TextLine>
      <TextLine id="eSc_line_a6d33caa" custom="structure {type:default;}">
        <Coords points="397,2265 397,2285 576,2285 578,2259 574,2226 501,2210 499,2210 497,2210 494,2210 472,2226 466,2228 461,2226 439,2212 437,2212 435,2212 433,2212 395,2223 397,2265"/>
        <Baseline points="397,2265 578,2259"/>
        <TextEquiv conf="0.9999752998352051">
          <Unicode>„ 28.</Unicode>
        </TextEquiv>
      </TextLine>
      <TextLine id="eSc_line_68dc2d30" custom="structure {type:default;}">
        <Coords points="704,2290 786,2279 786,2272 786,2241 707,2219 704,2272 704,2290"/>
        <Baseline points="704,2272 786,2272"/>
        <TextEquiv conf="1.0">
          <Unicode>„</Unicode>
        </TextEquiv>
      </TextLine>
      <TextLine id="eSc_line_49611dec" custom="structure {type:default;}">
        <Coords points="919,2267 919,2287 2872,2290 2876,2261 2870,2226 916,2230 919,2267"/>
        <Baseline points="919,2267 2876,2261"/>
        <TextEquiv conf="0.9992648544834881">
          <Unicode>15827 Universis ecclesiarum praelatis eadem mandat in favorem fratrum, ut videtur,</Unicode>
        </TextEquiv>
      </TextLine>
      <TextLine id="eSc_line_a1ecfbe6" custom="structure {type:default;}">
        <Coords points="978,2318 978,2334 1137,2349 1140,2351 1285,2351 1285,2349 1288,2349 1290,2349 1290,2347 1303,2336 1396,2347 1398,2347 1906,2336 1968,2336 1970,2336 1981,2347 1981,2349 1984,2349 1986,2349 1988,2349 2346,2336 2348,2318 2346,2287 2182,2287 2180,2285 2158,2274 2156,2274 2154,2274 2081,2285 2070,2285 2063,2283 2034,2274 2032,2274 2030,2274 2028,2274 2026,2274 2026,2276 2017,2283 2014,2285 978,2276 978,2318"/>
        <Baseline points="978,2318 2348,2318"/>
        <TextEquiv conf="0.9934452273628929">
          <Unicode>Valloriensium. Neues Archiv VII. 115. — „Audivimus et“.</Unicode>
        </TextEquiv>
      </TextLine>
      <TextLine id="eSc_line_775c0bf0" custom="structure {type:default;}">
        <Coords points="395,2373 395,2404 576,2411 578,2367 572,2325 393,2336 395,2373"/>
        <Baseline points="395,2373 578,2367"/>
        <TextEquiv conf="0.9999996900558472">
          <Unicode>„ 30.</Unicode>
        </TextEquiv>
      </TextLine>
      <TextLine id="eSc_line_d8fa9413" custom="structure {type:default;}">
        <Coords points="700,2376 698,2407 790,2413 795,2382 795,2338 702,2334 700,2376"/>
        <Baseline points="700,2376 795,2382"/>
        <TextEquiv conf="1.0">
          <Unicode>„</Unicode>
        </TextEquiv>
      </TextLine>
      <TextLine id="eSc_line_0097469c" custom="structure {type:default;}">
        <Coords points="919,2373 919,2400 1226,2409 1228,2409 1455,2398 1489,2398 1509,2398 1663,2409 1665,2409 1741,2398 1743,2398 1745,2398 1877,2409 1880,2409 2065,2396 2079,2396 2090,2396 2253,2407 2255,2407 2258,2407 2302,2396 2383,2407 2386,2407 2478,2393 2487,2393 2514,2393 2845,2404 2847,2404 2850,2404 2878,2391 2878,2365 2872,2336 916,2343 919,2373"/>
        <Baseline points="919,2373 2878,2365"/>
        <TextEquiv conf="0.997298186207995">
          <Unicode>15828 Turonensi et A. Ambaziensi archipresbyteris mandat, moneant vicomitem Toar-</Unicode>
        </TextEquiv>
      </TextLine>
      <TextLine id="eSc_line_cfea1b92" custom="structure {type:default;}">
        <Coords points="972,2426 972,2455 2878,2455 2878,2426 2878,2391 972,2391 972,2426"/>
        <Baseline points="972,2426 2878,2426"/>
        <TextEquiv conf="0.9965297751043035">
          <Unicode>censem, ut fratribus Maioris-monasterii ablata reddat et de damnis illatis satisfaciat.</Unicode>
        </TextEquiv>
      </TextLine>
      <TextLine id="eSc_line_afa323ed" custom="structure {type:default;}">
        <Coords points="972,2479 972,2502 2604,2499 2607,2479 2604,2449 972,2449 972,2479"/>
        <Baseline points="972,2479 2607,2479"/>
        <TextEquiv conf="0.999923004422869">
          <Unicode>Marchegay Cartul. du Bas-Poitou p. 350. — „Sicut dilectorum filiorum“.</Unicode>
        </TextEquiv>
      </TextLine>
      <TextLine id="eSc_line_90c3b5d7" custom="structure {type:default;}">
        <Coords points="362,2537 362,2590 441,2597 444,2597 446,2597 448,2597 479,2574 499,2561 581,2561 581,2537 581,2499 362,2486 362,2537"/>
        <Baseline points="362,2537 581,2537"/>
        <TextEquiv conf="0.9993879454476493">
          <Unicode>Apr. 2.</Unicode>
        </TextEquiv>
      </TextLine>
      <TextLine id="eSc_line_29dfa87e" custom="structure {type:default;}">
        <Coords points="695,2546 693,2599 793,2599 795,2548 793,2491 695,2488 695,2546"/>
        <Baseline points="695,2546 795,2548"/>
        <TextEquiv conf="1.0">
          <Unicode>„</Unicode>
        </TextEquiv>
      </TextLine>
      <TextLine id="eSc_line_ada7ac7e" custom="structure {type:default;}">
        <Coords points="921,2539 921,2566 1360,2566 1444,2577 1447,2577 1449,2577 1480,2563 1504,2563 2222,2574 2224,2574 2324,2572 2326,2572 2328,2572 2348,2561 2350,2559 2366,2561 2465,2572 2467,2574 2631,2574 2631,2572 2633,2572 2662,2559 2664,2559 2695,2572 2697,2572 2699,2574 2856,2574 2856,2572 2858,2572 2861,2572 2878,2559 2878,2532 2874,2497 967,2495 965,2495 963,2495 919,2506 921,2539"/>
        <Baseline points="921,2539 2878,2532"/>
        <TextEquiv conf="0.9901164053531175">
          <Unicode>15829 G(andulfo) abbati et fratribus S. Sixti Placentini nuntiat, sese negotium B(erardi)</Unicode>
        </TextEquiv>
      </TextLine>
      <TextLine id="eSc_line_c47810b4" custom="structure {type:default;}">
        <Coords points="972,2594 972,2627 2878,2612 2881,2585 2874,2557 969,2559 972,2594"/>
        <Baseline points="972,2594 2881,2585"/>
        <TextEquiv conf="0.9966403728798975">
          <Unicode>quondam abbatis cum I. et A. de Monte-donico factum, quo eis centum libras pla-</Unicode>
        </TextEquiv>
      </TextLine>
      <TextLine id="eSc_line_4750cd4a" custom="structure {type:default;}">
        <Coords points="972,2645 972,2669 2878,2669 2878,2645 2878,2614 972,2614 972,2645"/>
        <Baseline points="972,2645 2878,2645"/>
        <TextEquiv conf="0.9957135915756226">
          <Unicode>centinas monasterio debitas remiserat, et alias eius donationes ac locationes sine</Unicode>
        </TextEquiv>
      </TextLine>
      <TextLine id="eSc_line_99c1bd5a" custom="structure {type:default;}">
        <Coords points="972,2698 969,2718 2872,2727 2876,2703 2876,2667 2861,2656 2858,2656 2856,2656 2854,2656 2759,2669 2757,2669 2739,2656 2737,2656 2735,2656 2622,2656 2620,2656 2618,2656 2576,2669 2558,2656 2556,2656 2554,2656 2419,2656 2417,2656 2229,2669 2207,2669 2204,2669 2191,2658 2189,2658 2187,2658 2050,2656 2048,2656 2045,2656 2043,2656 2028,2667 2023,2669 1752,2669 1749,2667 1710,2654 1707,2654 1705,2654 1597,2667 1590,2667 1581,2667 1409,2654 1407,2654 1405,2654 1363,2667 1358,2667 972,2667 972,2698"/>
        <Baseline points="972,2698 2876,2703"/>
        <TextEquiv conf="0.9942103870213032">
          <Unicode>assensu capituli factas in irritum revocare. Archivio stor. Lombardo XXIII. 235,</Unicode>
        </TextEquiv>
      </TextLine>
      <TextLine id="eSc_line_e63c38b3" custom="structure {type:default;}">
        <Coords points="972,2756 972,2784 1254,2797 1257,2797 1349,2784 1358,2784 1367,2784 1480,2797 1482,2797 1586,2784 1588,2784 1592,2784 1672,2797 1674,2797 1676,2797 1732,2784 1889,2797 1891,2797 2260,2795 2262,2795 2291,2782 2293,2782 2324,2782 2825,2795 2828,2795 2830,2795 2876,2780 2876,2751 2872,2720 985,2716 983,2716 980,2716 978,2716 969,2722 972,2756"/>
        <Baseline points="972,2756 2876,2751"/>
        <TextEquiv conf="0.9941364340484142">
          <Unicode>Pflugk- Harttung Acta III. 337, (Repertorio dipl. Cremon. I. 81). — „Pervenit ad</Unicode>
        </TextEquiv>
      </TextLine>
      <TextLine id="eSc_line_d5ad257c" custom="structure {type:default;}">
        <Coords points="969,2811 969,2824 1047,2839 1049,2839 1051,2839 1098,2822 1098,2811 1098,2780 969,2780 969,2811"/>
        <Baseline points="969,2811 1098,2811"/>
        <TextEquiv conf="0.9999982357025147">
          <Unicode>nos“.</Unicode>
        </TextEquiv>
      </TextLine>
      <TextLine id="eSc_line_1ff58d7e" custom="structure {type:default;}">
        <Coords points="388,2875 388,2912 430,2912 430,2910 433,2910 435,2910 444,2903 466,2886 488,2895 501,2901 503,2901 505,2901 508,2901 587,2879 587,2868 581,2811 510,2815 508,2815 505,2815 497,2822 475,2835 446,2828 428,2826 426,2826 424,2826 386,2837 388,2875"/>
        <Baseline points="388,2875 587,2868"/>
        <TextEquiv conf="0.9999132007360458">
          <Unicode>„ 3.</Unicode>
        </TextEquiv>
      </TextLine>
      <TextLine id="eSc_line_b8f2f691" custom="structure {type:default;}">
        <Coords points="678,2873 676,2879 709,2881 709,2884 737,2908 740,2908 742,2908 744,2908 746,2908 793,2888 795,2877 793,2850 678,2848 678,2873"/>
        <Baseline points="678,2873 795,2877"/>
        <TextEquiv conf="0.9974030256271362">
          <Unicode>„„?</Unicode>
        </TextEquiv>
      </TextLine>
      <TextLine id="eSc_line_9e3d2dc5" custom="structure {type:default;}">
        <Coords points="919,2868 919,2888 2881,2879 2881,2859 2874,2817 916,2824 919,2868"/>
        <Baseline points="919,2868 2881,2859"/>
        <TextEquiv conf="0.9978741116821765">
          <Unicode>15830 Canonicorum S. Mariae Magdalenae Vesontionensium possessiones quasdam con-</Unicode>
        </TextEquiv>
      </TextLine>
      <TextLine id="eSc_line_c6a0ba25" custom="structure {type:default;}">
        <Coords points="972,2919 972,2943 1000,2959 1003,2959 1005,2961 1091,2961 1091,2959 1093,2959 1095,2959 1113,2945 1184,2959 1186,2961 1274,2961 1274,2959 1277,2959 1279,2959 1299,2945 1429,2945 1453,2959 1455,2959 1458,2959 1460,2959 1462,2959 1506,2945 1557,2959 1559,2959 1562,2961 1942,2961 1942,2959 1944,2959 1995,2945 2045,2959 2048,2959 2050,2961 2154,2961 2154,2959 2156,2959 2158,2959 2178,2945 2523,2945 2585,2959 2587,2959 2589,2959 2640,2945 2691,2959 2693,2959 2695,2959 2697,2959 2741,2945 2839,2959 2841,2959 2843,2959 2876,2943 2876,2919 2874,2890 972,2890 972,2919"/>
        <Baseline points="972,2919 2876,2919"/>
        <TextEquiv conf="0.9878946457590375">
          <Unicode>firmat. Cartul. de légl. de Besancon in Coll. Moreau 876. f. 21 in bibl. nat. Paris.</Unicode>
        </TextEquiv>
      </TextLine>
      <TextLine id="eSc_line_b07b2a5c" custom="structure {type:default;}">
        <Coords points="972,2974 972,2992 1045,2992 1047,2992 1060,3005 1060,3007 1062,3007 1064,3007 1067,3009 1177,3009 1177,3007 1179,3007 1182,3007 1199,2992 1230,3007 1232,3007 1235,3009 1482,3009 1482,3007 1484,3007 1542,2987 1542,2970 1537,2943 969,2943 972,2974"/>
        <Baseline points="972,2974 1542,2970"/>
        <TextEquiv conf="0.9974418225742522">
          <Unicode>— „Cura nos admonet“.</Unicode>
        </TextEquiv>
      </TextLine>
      <TextLine id="eSc_line_72cf7778" custom="structure {type:default;}">
        <Coords points="393,3036 393,3071 576,3078 578,3078 581,3078 583,3078 583,3076 585,3076 589,3069 589,3032 585,2963 528,2963 525,2963 523,2963 492,2976 452,2996 391,2996 393,3036"/>
        <Baseline points="393,3036 589,3032"/>
        <TextEquiv conf="0.9905769228935242">
          <Unicode>„ 5.</Unicode>
        </TextEquiv>
      </TextLine>
      <TextLine id="eSc_line_f3a5c2e5" custom="structure {type:default;}">
        <Coords points="689,3036 687,3043 753,3065 755,3065 757,3065 760,3065 788,3047 790,3043 788,3014 689,3007 689,3036"/>
        <Baseline points="689,3036 790,3043"/>
        <TextEquiv conf="0.9999999403953552">
          <Unicode>„)</Unicode>
        </TextEquiv>
      </TextLine>
      <TextLine id="eSc_line_63fd89d6" custom="structure {type:default;}">
        <Coords points="923,3034 923,3056 2876,3047 2878,3025 2874,2987 921,2987 923,3034"/>
        <Baseline points="923,3034 2878,3025"/>
        <TextEquiv conf="0.9978205249076937">
          <Unicode>15831 (9908) Pactum episcopi et canonicorum Mutinensium de archiepiscopo Ravennati</Unicode>
        </TextEquiv>
      </TextLine>
      <TextLine id="eSc_line_2573fd04" custom="structure {type:default;}">
        <Coords points="972,3087 972,3107 2872,3107 2874,3082 2870,3049 1109,3043 1106,3043 969,3054 972,3087"/>
        <Baseline points="972,3087 2874,3082"/>
        <TextEquiv conf="0.9918064870030047">
          <Unicode>et sedis apostolicae legatis recipiendis ac sustentandis confirmat. Tiraboschi Mem.</Unicode>
        </TextEquiv>
      </TextLine>
      <TextLine id="eSc_line_9c95df2c" custom="structure {type:default;}">
        <Coords points="972,3140 972,3160 1009,3173 1011,3173 1014,3173 1082,3160 1089,3160 1292,3160 1299,3160 1389,3173 1391,3173 1453,3160 1469,3173 1471,3173 1473,3173 1475,3175 1588,3175 1588,3173 1590,3173 1630,3160 1685,3173 1687,3173 1690,3173 1754,3157 1760,3157 1847,3157 1849,3157 1875,3171 1877,3171 1880,3171 2147,3157 2154,3157 2171,3171 2174,3171 2176,3171 2178,3173 2454,3173 2454,3171 2456,3171 2501,3155 2501,3135 2494,3104 1942,3107 1889,3096 1886,3096 1884,3096 1882,3096 1869,3109 1754,3109 1741,3096 1738,3096 1736,3096 1734,3096 1661,3109 1531,3098 1528,3098 1442,3109 1303,3098 1301,3098 1299,3098 1272,3109 1221,3098 1219,3098 1217,3098 1188,3109 1113,3098 1111,3098 1109,3098 1089,3109 1078,3098 1075,3098 1073,3098 983,3098 980,3098 978,3098 976,3098 976,3100 974,3100 969,3102 972,3140"/>
        <Baseline points="972,3140 2501,3135"/>
        <TextEquiv conf="0.9826957427087377">
          <Unicode>Mod. III. 99, Migne 202 p. 1474. — „Ea, que ad conservandum“.</Unicode>
        </TextEquiv>
      </TextLine>
      <TextLine id="eSc_line_b7fb139a" custom="structure {type:default;}">
        <Coords points="397,3199 397,3217 585,3226 587,3195 583,3124 525,3124 523,3124 521,3124 519,3124 494,3144 463,3171 395,3171 397,3199"/>
        <Baseline points="397,3199 587,3195"/>
        <TextEquiv conf="0.9992702007293701">
          <Unicode>„ 9.</Unicode>
        </TextEquiv>
      </TextLine>
      <TextLine id="eSc_line_e473e17e" custom="structure {type:default;}">
        <Coords points="687,3195 684,3204 740,3228 742,3228 744,3228 746,3228 797,3206 799,3199 799,3162 720,3146 718,3146 715,3146 687,3157 687,3195"/>
        <Baseline points="687,3195 799,3199"/>
        <TextEquiv conf="0.9999993244806925">
          <Unicode>(„)</Unicode>
        </TextEquiv>
      </TextLine>
      <TextLine id="eSc_line_d370fa3b" custom="structure {type:default;}">
        <Coords points="921,3195 921,3221 2872,3217 2874,3191 2867,3157 919,3160 921,3195"/>
        <Baseline points="921,3195 2874,3191"/>
        <TextEquiv conf="0.9935527034970217">
          <Unicode>15832 (9909) P. praepositi Regini patrocinium suscipit et eius possessiones confirmat.</Unicode>
        </TextEquiv>
      </TextLine>
      <TextLine id="eSc_line_0045c29e" custom="structure {type:default;}">
        <Coords points="976,3248 976,3272 2872,3272 2872,3248 2872,3215 976,3215 976,3248"/>
        <Baseline points="976,3248 2872,3248"/>
        <TextEquiv conf="0.9976495453497258">
          <Unicode>Tiraboschi Mem. Mod. III. 100, Migne 202 p. 1474. — „Sacrosancta Romana ecclesia“.</Unicode>
        </TextEquiv>
      </TextLine>
      <TextLine id="eSc_line_852df84a" custom="structure {type:default;}">
        <Coords points="386,3310 386,3330 430,3350 433,3350 435,3350 437,3350 448,3345 477,3327 514,3363 534,3378 534,3380 536,3380 539,3380 541,3380 583,3378 581,3301 574,3257 486,3277 384,3272 386,3310"/>
        <Baseline points="386,3310 581,3301"/>
        <TextEquiv conf="0.9947845458984375">
          <Unicode>„„ 9.</Unicode>
        </TextEquiv>
      </TextLine>
      <TextLine id="eSc_line_1f621883" custom="structure {type:default;}">
        <Coords points="682,3310 680,3319 737,3343 740,3343 742,3343 744,3343 790,3325 793,3314 793,3286 682,3281 682,3310"/>
        <Baseline points="682,3310 793,3314"/>
        <TextEquiv conf="0.9990905523300171">
          <Unicode>„„</Unicode>
        </TextEquiv>
      </TextLine>
      <TextLine id="eSc_line_6e707dba" custom="structure {type:default;}">
        <Coords points="921,3301 921,3323 952,3336 954,3336 956,3336 1067,3325 1321,3336 1323,3339 1469,3339 1469,3336 1471,3336 1473,3336 1491,3325 1780,3336 1782,3336 1928,3325 2187,3336 2189,3336 2735,3325 2845,3336 2847,3336 2850,3336 2874,3323 2874,3301 2870,3266 921,3268 921,3301"/>
        <Baseline points="921,3301 2874,3301"/>
        <TextEquiv conf="0.9971731251545166">
          <Unicode>15833 Maioris-monasterii fratribus indulget, ut si archiepiscopi, archidiaconi vel decani</Unicode>
        </TextEquiv>
      </TextLine>
      <TextLine id="eSc_line_18d88f49" custom="structure {type:default;}">
        <Coords points="976,3356 976,3389 2874,3383 2876,3352 2870,3325 974,3325 976,3356"/>
        <Baseline points="976,3356 2876,3352"/>
        <TextEquiv conf="0.999961044639349">
          <Unicode>maiorem, quam in concilio Lateranensi statutum sit, hominum et equitaturarum nu-</Unicode>
        </TextEquiv>
      </TextLine>
      <TextLine id="eSc_line_56123974" custom="structure {type:default;}">
        <Coords points="974,3409 974,3440 1440,3440 1478,3456 1480,3456 1482,3456 1771,3440 1820,3451 1822,3451 1824,3451 2065,3440 2198,3453 2200,3456 2607,3456 2607,3453 2666,3438 2675,3438 2682,3438 2744,3453 2746,3453 2748,3453 2750,3453 2768,3438 2775,3436 2870,3438 2874,3405 2867,3374 972,3376 974,3409"/>
        <Baseline points="974,3409 2874,3405"/>
        <TextEquiv conf="0.9935494234532486">
          <Unicode>merum ad eorum ecclesias adducant, ad procurationem non debeant compelli. Loewen-</Unicode>
        </TextEquiv>
      </TextLine>
      <TextLine id="eSc_line_6865fefa" custom="structure {type:default;}">
        <Coords points="974,3467 974,3515 1080,3506 1091,3515 1091,3517 1093,3517 1095,3517 1307,3533 1310,3533 1312,3533 1314,3533 1314,3531 1325,3522 1334,3511 1433,3506 1478,3524 1500,3533 1502,3533 1504,3533 1506,3533 1509,3533 1520,3524 1546,3509 1595,3526 1601,3528 1604,3528 1606,3528 1619,3526 1718,3506 1787,3528 1798,3533 1800,3533 1802,3535 1847,3535 1847,3533 1849,3533 1851,3533 1851,3531 1853,3531 1869,3515 1902,3531 1906,3533 1908,3533 1911,3533 1913,3533 1917,3531 1948,3522 2076,3533 2079,3467 2079,3436 974,3436 974,3467"/>
        <Baseline points="974,3467 2079,3467"/>
        <TextEquiv conf="0.9854922814572111">
          <Unicode>feld Epistolae p. 288. — „Cum filiis memorias“.</Unicode>
        </TextEquiv>
      </TextLine>
    </TextRegion>
    <TextRegion id="eSc_textblock_5d7cf7e6"  custom="structure {type:default;}">
      <Coords points="1363,114 2052,123 2070,209 1182,209 1199,123 1363,114"/>
      <TextLine id="eSc_line_72bcb5ac" custom="structure {type:default;}">
        <Coords points="1204,185 1201,209 1228,223 1230,223 1232,223 1573,220 1575,220 1601,214 1619,209 2032,218 2037,189 2034,130 1959,123 1957,123 1902,130 1822,141 1805,132 1794,123 1791,123 1789,123 1743,123 1741,123 1679,132 1623,141 1601,134 1579,125 1577,125 1575,125 1573,125 1537,134 1520,139 1509,134 1489,125 1486,125 1272,123 1270,123 1204,136 1204,185"/>
        <Baseline points="1204,185 2037,189"/>
        <TextEquiv conf="0.9999368424000947">
          <Unicode>URBANUS III. 1185—1187.</Unicode>
        </TextEquiv>
      </TextLine>
    </TextRegion>
  </Page>
</PcGts>
