<?xml version="1.0" encoding="UTF-8"  standalone="yes"?>
<PcGts xmlns="http://schema.primaresearch.org/PAGE/gts/pagecontent/2019-07-15" xmlns:xsi="http://www.w3.org/2001/XMLSchema-instance" xsi:schemaLocation="http://schema.primaresearch.org/PAGE/gts/pagecontent/2019-07-15 http://schema.primaresearch.org/PAGE/gts/pagecontent/2019-07-15/pagecontent.xsd">
  <Metadata externalRef="pdf//regestapontificu02cath.pdf">
	<Creator>escriptorium</Creator>
	<Created>2026-01-31T10:44:52.401182+00:00</Created>
        <LastChange>2026-02-04T23:44:59.162714+00:00</LastChange>
  </Metadata>
  <Page imageFilename="regestapontificu02cath.pdf_page_621.png" imageWidth="3007" imageHeight="3975">
    <TextRegion id="eSc_textblock_9f152053"  custom="structure {type:default;}">
      <Coords points="2609,291 2671,300 2680,344 2653,415 2662,669 2691,706 2750,680 2717,627 2786,574 2812,706 2794,801 2671,786 2653,901 2680,1024 2653,1068 2680,1139 2653,1166 2653,1826 2680,1952 2653,2031 2662,3566 751,3557 289,3592 97,3566 70,2939 70,406 97,335 2609,291"/>
      <TextLine id="eSc_line_c9af7589" custom="structure {type:default;}">
        <Coords points="1964,302 1942,302 1919,302 1897,302 1880,302 1851,311 1842,313 1787,313 1597,306 1588,309 1566,309 1544,309 1535,309 1451,318 1436,318 1402,318 1230,313 1212,315 1190,315 1168,315 1146,315 1124,315 1102,315 1080,318 1058,318 1036,318 1014,318 992,318 969,320 956,320 943,322 868,320 859,320 837,322 815,322 793,322 771,322 748,322 726,322 704,324 682,324 660,324 638,324 618,324 616,324 618,371 618,404 1031,393 1785,395 1796,395 1798,395 1897,384 2472,388 2476,351 2472,304 1979,300 1964,302"/>
        <Baseline points="618,371 2476,351"/>
        <TextEquiv conf="0.9679923840315945">
          <Unicode>1194. (Imnt. 12.— N„t. — 13. pont. 2. 3. — 11. („pr. — 4,. 1177. — 25. Mart. 1191.)</Unicode>
        </TextEquiv>
      </TextLine>
      <TextLine id="eSc_line_909e4c36" custom="structure {type:default;}">
        <Coords points="651,430 651,463 2609,443 2611,419 2607,390 1042,386 1040,386 888,397 673,388 671,388 669,388 649,397 651,430"/>
        <Baseline points="651,430 2611,419"/>
        <TextEquiv conf="0.9904089008254566">
          <Unicode>17162 (10489) Monasterii S. Crucis Donawerdensis protectionem suscipit, possessionesque</Unicode>
        </TextEquiv>
      </TextLine>
      <TextLine id="eSc_line_7854b20b" custom="structure {type:default;}">
        <Coords points="95,432 95,481 324,483 326,483 329,483 331,483 338,479 362,463 572,463 598,474 603,428 598,373 386,351 384,351 344,353 342,353 340,353 340,355 324,368 320,373 296,368 192,353 190,353 92,366 95,432"/>
        <Baseline points="95,432 603,428"/>
        <TextEquiv conf="0.9972200007999644">
          <Unicode>Nor. 16. Ramae ap</Unicode>
        </TextEquiv>
      </TextLine>
      <TextLine id="eSc_line_fdde9730" custom="structure {type:default;}">
        <Coords points="344,483 344,521 402,541 404,541 406,543 536,543 536,541 539,541 541,541 541,538 563,521 596,521 596,483 596,452 344,452 344,483"/>
        <Baseline points="344,483 596,483"/>
        <TextEquiv conf="0.9623357305924097">
          <Unicode>SSi. P“etrum</Unicode>
        </TextEquiv>
      </TextLine>
      <TextLine id="eSc_line_0967026c" custom="structure {type:default;}">
        <Coords points="700,483 700,510 2611,510 2613,474 2607,446 698,452 700,483"/>
        <Baseline points="700,483 2613,474"/>
        <TextEquiv conf="0.9999666709497751">
          <Unicode>ac privilegia confirmat, petente Everardo abbate. Mon. Boic. XVI. 17, Koenigsdorfer</Unicode>
        </TextEquiv>
      </TextLine>
      <TextLine id="eSc_line_7a531c61" custom="structure {type:default;}">
        <Coords points="702,536 702,563 2611,560 2613,530 2609,496 724,492 722,492 720,492 700,501 702,536"/>
        <Baseline points="702,536 2613,530"/>
        <TextEquiv conf="0.989361781899522">
          <Unicode>(le-r-h. d. Rl. z. l. Rr. I. 101. Migne 206 p. 1056. — „Susccpti regiminis admini-</Unicode>
        </TextEquiv>
      </TextLine>
      <TextLine id="eSc_line_933e8f60" custom="structure {type:default;}">
        <Coords points="702,594 702,613 947,613 947,594 945,563 702,563 702,594"/>
        <Baseline points="702,594 947,594"/>
        <TextEquiv conf="0.9999827905134722">
          <Unicode>strationc“.</Unicode>
        </TextEquiv>
      </TextLine>
      <TextLine id="eSc_line_0910f80c" custom="structure {type:default;}">
        <Coords points="653,651 653,677 2615,677 2618,642 2611,609 651,613 653,651"/>
        <Baseline points="653,651 2618,642"/>
        <TextEquiv conf="0.9992466173976301">
          <Unicode>17163 *Raimundo, archiepiscopo Tarraconensi, pallii usum concedit. Villanueva Viage</Unicode>
        </TextEquiv>
      </TextLine>
      <TextLine id="eSc_line_7bd014b7" custom="structure {type:default;}">
        <Coords points="132,658 183,658 185,658 209,682 209,684 212,684 214,684 216,686 260,686 260,684 262,684 322,658 329,658 408,658 433,680 433,682 435,682 437,682 439,684 503,684 503,682 505,682 508,682 508,680 532,655 532,649 528,616 466,602 463,602 461,602 439,613 424,622 313,622 258,609 240,605 238,605 236,605 216,607 150,622 132,607 132,653 132,658"/>
        <Baseline points="132,653 532,649"/>
        <TextEquiv conf="0.9984494703156608">
          <Unicode>17. („)</Unicode>
        </TextEquiv>
      </TextLine>
      <TextLine id="eSc_line_94153adf" custom="structure {type:default;}">
        <Coords points="700,704 700,724 1106,724 1106,704 1106,669 700,666 700,704"/>
        <Baseline points="700,704 1106,704"/>
        <TextEquiv conf="0.9931706686814626">
          <Unicode>literario VII. 13.</Unicode>
        </TextEquiv>
      </TextLine>
      <TextLine id="eSc_line_31b450b5" custom="structure {type:default;}">
        <Coords points="653,757 653,779 2615,775 2618,750 2613,719 2171,708 2169,708 2167,708 2145,719 2136,719 1889,711 1886,711 1884,711 1882,711 1866,722 1864,724 1687,724 1685,722 1661,711 1659,711 1471,711 1469,711 1467,711 1444,722 1442,724 992,724 983,724 846,713 843,713 841,713 808,724 689,713 687,713 684,713 651,724 653,757"/>
        <Baseline points="653,757 2618,750"/>
        <TextEquiv conf="0.984232559800148">
          <Unicode>17164 (10490) (Ilugoni) episcopo Lincolniensi praccipit, ne S. Ncoti monachos in</Unicode>
        </TextEquiv>
      </TextLine>
      <TextLine id="eSc_line_bf7e3fac" custom="structure {type:default;}">
        <Coords points="130,770 130,797 307,806 309,806 311,806 313,806 313,803 346,781 417,781 446,808 448,810 448,812 450,812 452,812 455,812 532,810 532,766 528,724 187,717 185,717 183,717 176,719 152,730 128,719 130,770"/>
        <Baseline points="130,770 532,766"/>
        <TextEquiv conf="0.9851214034216744">
          <Unicode>„ 19. „</Unicode>
        </TextEquiv>
      </TextLine>
      <TextLine id="eSc_line_f8489848" custom="structure {type:default;}">
        <Coords points="704,810 704,841 2618,836 2618,810 2618,783 704,783 704,810"/>
        <Baseline points="704,810 2618,810"/>
        <TextEquiv conf="0.9945978369823721">
          <Unicode>possessionc Esnebiriensis et Torneiensis ecclesiarum impediat. Monast. Anglic. I. 370,</Unicode>
        </TextEquiv>
      </TextLine>
      <TextLine id="eSc_line_ff26b2d3" custom="structure {type:default;}">
        <Coords points="704,867 704,889 2430,885 2432,863 2425,832 702,834 704,867"/>
        <Baseline points="704,867 2432,863"/>
        <TextEquiv conf="0.9973266265458531">
          <Unicode>nov. cdit. III. 475, Migne 206 p. 1058. — „Sacrosancta Romana ecclesia“.</Unicode>
        </TextEquiv>
      </TextLine>
      <TextLine id="eSc_line_dd460f04" custom="structure {type:default;}">
        <Coords points="653,927 653,962 793,945 1360,945 1416,956 1436,958 1438,958 1440,958 1451,954 1491,942 1681,942 1696,951 1701,956 1703,956 1705,956 1707,956 2620,940 2622,916 2618,885 1047,881 1045,881 1042,881 1005,892 673,883 671,883 669,883 667,883 651,889 653,927"/>
        <Baseline points="653,927 2622,916"/>
        <TextEquiv conf="0.998121596691085">
          <Unicode>17165 Monasterii S. Benedicti super Ladum protectionem suscipit possessionesque et</Unicode>
        </TextEquiv>
      </TextLine>
      <TextLine id="eSc_line_da968e90" custom="structure {type:default;}">
        <Coords points="134,929 134,951 159,956 161,956 163,956 165,956 165,954 172,947 181,938 216,940 291,949 293,949 296,949 298,949 298,947 313,929 313,920 311,892 269,881 267,881 265,881 132,898 134,929"/>
        <Baseline points="134,929 313,920"/>
        <TextEquiv conf="0.9925166487693786">
          <Unicode>„ 21.</Unicode>
        </TextEquiv>
      </TextLine>
      <TextLine id="eSc_line_28803ad9" custom="structure {type:default;}">
        <Coords points="448,934 448,971 505,978 508,978 510,978 512,978 539,958 539,929 532,894 446,901 448,934"/>
        <Baseline points="448,934 539,929"/>
        <TextEquiv conf="0.9999525547027588">
          <Unicode>„</Unicode>
        </TextEquiv>
      </TextLine>
      <TextLine id="eSc_line_62c7e04e" custom="structure {type:default;}">
        <Coords points="707,978 707,1002 1146,1013 1148,1013 1151,1013 1195,1000 1201,1000 1254,1000 1579,1011 1581,1011 1584,1011 1586,1011 1604,1000 1610,1000 2087,1009 2090,1009 2092,1009 2094,1009 2109,998 2109,995 2454,995 2456,995 2514,1007 2516,1007 2618,993 2620,969 2613,942 704,949 707,978"/>
        <Baseline points="707,978 2620,969"/>
        <TextEquiv conf="0.9971469755356128">
          <Unicode>iura confirmat, petente Alberto abbate. Wiener Sitzungsber. XCVII. 67. — „Com-</Unicode>
        </TextEquiv>
      </TextLine>
      <TextLine id="eSc_line_3e3278e2" custom="structure {type:default;}">
        <Coords points="704,1033 704,1053 824,1066 826,1066 828,1066 859,1053 941,1062 943,1062 1014,1051 1016,1051 1018,1051 1058,1064 1060,1064 1062,1064 1241,1062 1243,1062 1299,1046 1299,1026 1292,998 702,1002 704,1033"/>
        <Baseline points="704,1033 1299,1026"/>
        <TextEquiv conf="0.999901329095547">
          <Unicode>missae nobis apostolicae“.</Unicode>
        </TextEquiv>
      </TextLine>
      <TextLine id="eSc_line_cdb4e86b" custom="structure {type:default;}">
        <Coords points="658,1090 658,1110 2622,1101 2624,1079 2620,1051 2136,1040 2134,1040 2132,1040 2085,1053 1782,1053 1754,1042 1752,1042 1749,1042 1747,1042 1718,1055 1553,1055 1515,1042 1513,1042 1511,1042 1438,1055 1290,1044 1288,1044 1285,1044 1283,1044 1268,1055 1239,1044 1237,1044 1067,1044 1064,1044 1007,1055 678,1046 676,1046 673,1046 671,1046 656,1055 658,1090"/>
        <Baseline points="658,1090 2624,1079"/>
        <TextEquiv conf="0.9965306026179616">
          <Unicode>17166 (10491) Monasterii Scotorum S. Iacobi Ratisponensis protectionem suscipit et</Unicode>
        </TextEquiv>
      </TextLine>
      <TextLine id="eSc_line_5545ff51" custom="structure {type:default;}">
        <Coords points="134,1093 134,1117 212,1108 313,1124 315,1093 313,1033 134,1055 134,1093"/>
        <Baseline points="134,1093 315,1093"/>
        <TextEquiv conf="0.9999964952468872">
          <Unicode>„ 22.</Unicode>
        </TextEquiv>
      </TextLine>
      <TextLine id="eSc_line_6d478834" custom="structure {type:default;}">
        <Coords points="448,1097 448,1113 528,1106 528,1097 528,1062 448,1051 448,1097"/>
        <Baseline points="448,1097 528,1097"/>
        <TextEquiv conf="1.0">
          <Unicode>„</Unicode>
        </TextEquiv>
      </TextLine>
      <TextLine id="eSc_line_69a63db3" custom="structure {type:default;}">
        <Coords points="709,1143 709,1166 2220,1161 2222,1137 2216,1108 707,1113 709,1143"/>
        <Baseline points="709,1143 2222,1137"/>
        <TextEquiv conf="0.9997852775785658">
          <Unicode>possessiones iuraque confirmat. Ried I. 279, Migne 206 p. 1059.</Unicode>
        </TextEquiv>
      </TextLine>
      <TextLine id="eSc_line_8bd3192a" custom="structure {type:default;}">
        <Coords points="368,1254 461,1247 472,1256 488,1272 488,1274 490,1274 492,1274 494,1274 587,1258 587,1196 587,1143 463,1137 461,1137 459,1137 455,1137 417,1148 371,1135 368,1196 368,1254"/>
        <Baseline points="368,1196 587,1196"/>
        <TextEquiv conf="0.9701623767614365">
          <Unicode>1atexani</Unicode>
        </TextEquiv>
      </TextLine>
      <TextLine id="eSc_line_a236525d" custom="structure {type:default;}">
        <Coords points="656,1196 656,1219 1634,1230 1637,1230 1822,1219 2549,1227 2551,1227 2624,1214 2624,1192 2618,1163 653,1166 656,1196"/>
        <Baseline points="656,1196 2624,1192"/>
        <TextEquiv conf="0.9988863582794483">
          <Unicode>17167 Compositionem inter Guillelmum episcopum et Guidonem praepositum Magalo-</Unicode>
        </TextEquiv>
      </TextLine>
      <TextLine id="eSc_line_452f6f61" custom="structure {type:default;}">
        <Coords points="139,1201 139,1223 205,1219 218,1230 223,1232 223,1234 225,1234 227,1234 229,1234 320,1232 320,1194 315,1141 223,1128 220,1128 218,1128 216,1128 183,1154 176,1161 136,1161 139,1201"/>
        <Baseline points="139,1201 320,1194"/>
        <TextEquiv conf="0.902131462097168">
          <Unicode>„ 25.</Unicode>
        </TextEquiv>
      </TextLine>
      <TextLine id="eSc_line_6cbefa69" custom="structure {type:default;}">
        <Coords points="709,1252 709,1276 2620,1269 2622,1245 2615,1216 707,1221 709,1252"/>
        <Baseline points="709,1252 2622,1245"/>
        <TextEquiv conf="0.9987485772225915">
          <Unicode>nensem factam a magistro Andraea, eiusdem ecclesiae sacrista, Petro Luciano iuris-</Unicode>
        </TextEquiv>
      </TextLine>
      <TextLine id="eSc_line_5badee90" custom="structure {type:default;}">
        <Coords points="707,1307 707,1331 2618,1331 2620,1302 2615,1267 830,1267 828,1267 704,1278 707,1307"/>
        <Baseline points="707,1307 2620,1302"/>
        <TextEquiv conf="0.9926973857530733">
          <Unicode>consulto et tribus assistentibus confirmat. Mém. de la soc. de Montpellier V. 546.</Unicode>
        </TextEquiv>
      </TextLine>
      <TextLine id="eSc_line_49e8fee6" custom="structure {type:default;}">
        <Coords points="709,1362 709,1378 832,1391 835,1391 910,1378 952,1391 954,1391 956,1391 958,1391 998,1375 1003,1375 1005,1375 1049,1389 1051,1389 1053,1389 1206,1373 1208,1358 1204,1331 1025,1320 1022,1320 707,1331 709,1362"/>
        <Baseline points="709,1362 1208,1358"/>
        <TextEquiv conf="0.9978658854961395">
          <Unicode>— „Eis que iudicio“.</Unicode>
        </TextEquiv>
      </TextLine>
      <TextLine id="eSc_line_989f03ff" custom="structure {type:default;}">
        <Coords points="662,1419 662,1442 2620,1444 2624,1411 2620,1380 682,1375 680,1375 678,1375 676,1375 660,1382 662,1419"/>
        <Baseline points="662,1419 2624,1411"/>
        <TextEquiv conf="0.9999973657654553">
          <Unicode>17168 Monasterio Wessohrunnensi concedit tertiam partem decimae ecclesiae cuiusdam</Unicode>
        </TextEquiv>
      </TextLine>
      <TextLine id="eSc_line_d90d9d72" custom="structure {type:default;}">
        <Coords points="139,1446 318,1450 320,1419 315,1386 223,1371 220,1371 218,1371 194,1378 156,1389 139,1373 139,1424 139,1446"/>
        <Baseline points="139,1424 320,1419"/>
        <TextEquiv conf="0.9999998331069946">
          <Unicode>„ 25.</Unicode>
        </TextEquiv>
      </TextLine>
      <TextLine id="eSc_line_6285bfdb" custom="structure {type:default;}">
        <Coords points="450,1428 450,1457 530,1446 530,1424 525,1393 448,1393 450,1428"/>
        <Baseline points="450,1428 530,1424"/>
        <TextEquiv conf="0.9953728318214417">
          <Unicode>„</Unicode>
        </TextEquiv>
      </TextLine>
      <TextLine id="eSc_line_284abca8" custom="structure {type:default;}">
        <Coords points="711,1472 711,1495 2620,1486 2622,1464 2615,1435 709,1442 711,1472"/>
        <Baseline points="711,1472 2622,1464"/>
        <TextEquiv conf="0.9964255442867032">
          <Unicode>et curam animarum, post mortem clerici, qui nunc in eadem derserviat. Pflugk-</Unicode>
        </TextEquiv>
      </TextLine>
      <TextLine id="eSc_line_d27ed4eb" custom="structure {type:default;}">
        <Coords points="711,1525 711,1545 1641,1541 1643,1521 1637,1490 709,1495 711,1525"/>
        <Baseline points="711,1525 1643,1521"/>
        <TextEquiv conf="0.9957734754211024">
          <Unicode>Harttung Acta II. 399. — „Cum tufili“.</Unicode>
        </TextEquiv>
      </TextLine>
      <TextLine id="eSc_line_c289fb3c" custom="structure {type:default;}">
        <Coords points="665,1578 665,1605 2624,1601 2626,1574 2622,1545 662,1545 665,1578"/>
        <Baseline points="665,1578 2626,1574"/>
        <TextEquiv conf="0.9998208866562954">
          <Unicode>17169 Inter canonicos S. Cassiani Imolenses et fratres S. Donati et S. Petri in Pitulo</Unicode>
        </TextEquiv>
      </TextLine>
      <TextLine id="eSc_line_75ba9c97" custom="structure {type:default;}">
        <Coords points="139,1585 139,1596 318,1623 320,1578 313,1523 136,1552 139,1585"/>
        <Baseline points="139,1585 320,1578"/>
        <TextEquiv conf="0.9999991893768311">
          <Unicode>„ 26.</Unicode>
        </TextEquiv>
      </TextLine>
      <TextLine id="eSc_line_d89c23e3" custom="structure {type:default;}">
        <Coords points="459,1590 459,1614 528,1598 530,1585 525,1554 455,1548 459,1590"/>
        <Baseline points="459,1590 530,1585"/>
        <TextEquiv conf="0.9992579817771912">
          <Unicode>„</Unicode>
        </TextEquiv>
      </TextLine>
      <TextLine id="eSc_line_c931afc7" custom="structure {type:default;}">
        <Coords points="713,1636 713,1660 2624,1656 2626,1631 2620,1601 711,1603 713,1636"/>
        <Baseline points="713,1636 2626,1631"/>
        <TextEquiv conf="0.999925526509802">
          <Unicode>factam concordiam super testamentis et oblationibus decedentium, qui apud S. Paulum</Unicode>
        </TextEquiv>
      </TextLine>
      <TextLine id="eSc_line_758077aa" custom="structure {type:default;}">
        <Coords points="713,1691 713,1713 2624,1709 2626,1687 2622,1660 711,1656 713,1691"/>
        <Baseline points="713,1691 2626,1687"/>
        <TextEquiv conf="0.9997611686587333">
          <Unicode>Imolensem sepulti fuerint, approbat. Series episc. Forocornel. I. 208. — „Iustis</Unicode>
        </TextEquiv>
      </TextLine>
      <TextLine id="eSc_line_6ac36c30" custom="structure {type:default;}">
        <Coords points="709,1746 709,1768 1206,1766 1206,1746 1206,1718 709,1718 709,1746"/>
        <Baseline points="709,1746 1206,1746"/>
        <TextEquiv conf="0.9954100142825734">
          <Unicode>petentium desideriis“.</Unicode>
        </TextEquiv>
      </TextLine>
      <TextLine id="eSc_line_f8d17071" custom="structure {type:default;}">
        <Coords points="665,1802 665,1830 2624,1819 2626,1790 2620,1757 662,1771 665,1802"/>
        <Baseline points="665,1802 2626,1790"/>
        <TextEquiv conf="0.9935369179016207">
          <Unicode>17170 Abbati et conventui S. Benedicti in Larione contractum pactionis, quae inter</Unicode>
        </TextEquiv>
      </TextLine>
      <TextLine id="eSc_line_abdce2d5" custom="structure {type:default;}">
        <Coords points="141,1806 141,1837 209,1824 238,1843 240,1843 243,1843 324,1848 324,1799 318,1729 218,1749 216,1749 214,1749 214,1751 209,1753 194,1771 139,1771 141,1806"/>
        <Baseline points="141,1806 324,1799"/>
        <TextEquiv conf="0.9996832370758056">
          <Unicode>„ 26.</Unicode>
        </TextEquiv>
      </TextLine>
      <TextLine id="eSc_line_eb9b707a" custom="structure {type:default;}">
        <Coords points="459,1808 459,1830 536,1817 536,1808 536,1782 459,1766 459,1808"/>
        <Baseline points="459,1808 536,1808"/>
        <TextEquiv conf="0.9999994039535522">
          <Unicode>„</Unicode>
        </TextEquiv>
      </TextLine>
      <TextLine id="eSc_line_69ecb7c4" custom="structure {type:default;}">
        <Coords points="713,1855 713,1879 2626,1874 2629,1850 2624,1821 793,1813 790,1813 711,1824 713,1855"/>
        <Baseline points="713,1855 2629,1850"/>
        <TextEquiv conf="0.9956384082383747">
          <Unicode>cos et G(arsendonium) quondam Mantuanum episcopum super polisio suo et piscaria</Unicode>
        </TextEquiv>
      </TextLine>
      <TextLine id="eSc_line_73d945b1" custom="structure {type:default;}">
        <Coords points="715,1910 715,1936 2631,1932 2631,1910 2631,1881 715,1881 715,1910"/>
        <Baseline points="715,1910 2631,1910"/>
        <TextEquiv conf="0.9974965290589766">
          <Unicode>in insula S. Bencdicti intercesserat, confirmat. Wiener Sitzungsber. XCVII. 67. — „Pacta</Unicode>
        </TextEquiv>
      </TextLine>
      <TextLine id="eSc_line_c63f3539" custom="structure {type:default;}">
        <Coords points="713,1967 713,1985 936,1994 938,1994 1067,1978 1069,1961 1062,1932 711,1938 713,1967"/>
        <Baseline points="713,1967 1069,1961"/>
        <TextEquiv conf="0.9994564780167171">
          <Unicode>que mediante“.</Unicode>
        </TextEquiv>
      </TextLine>
      <TextLine id="eSc_line_ea7c3efb" custom="structure {type:default;}">
        <Coords points="662,2020 662,2053 2626,2044 2629,2011 2622,1980 660,1983 662,2020"/>
        <Baseline points="662,2020 2629,2011"/>
        <TextEquiv conf="0.9891309575601057">
          <Unicode>17171 Raimundo, archiepiscopo Tarraconcnsi, pallii usum concedit; ecclesiae eius tutelam</Unicode>
        </TextEquiv>
      </TextLine>
      <TextLine id="eSc_line_2311e5f5" custom="structure {type:default;}">
        <Coords points="435,2025 435,2097 459,2089 539,2102 543,2027 536,1974 505,1989 435,1989 435,2025"/>
        <Baseline points="435,2025 543,2027"/>
        <TextEquiv conf="1.0">
          <Unicode>„</Unicode>
        </TextEquiv>
      </TextLine>
      <TextLine id="eSc_line_742121b0" custom="structure {type:default;}">
        <Coords points="145,2027 148,2051 185,2036 223,2042 258,2049 260,2049 262,2049 335,2029 335,2020 324,1972 296,1989 269,1978 254,1974 251,1974 249,1974 143,1994 145,2027"/>
        <Baseline points="145,2027 335,2020"/>
        <TextEquiv conf="0.9997078061103821">
          <Unicode>„ 29.</Unicode>
        </TextEquiv>
      </TextLine>
      <TextLine id="eSc_line_d6c0612a" custom="structure {type:default;}">
        <Coords points="718,2071 715,2091 2624,2097 2629,2075 2626,2047 718,2042 718,2071"/>
        <Baseline points="718,2071 2629,2075"/>
        <TextEquiv conf="0.9999712054119554">
          <Unicode>suscipit, possessionesque et privilegia confirmat. Iura metropolitana (super Gerundam,</Unicode>
        </TextEquiv>
      </TextLine>
      <TextLine id="eSc_line_c6e98a3d" custom="structure {type:default;}">
        <Coords points="718,2128 718,2153 2629,2148 2631,2124 2624,2097 715,2100 718,2128"/>
        <Baseline points="718,2128 2631,2124"/>
        <TextEquiv conf="0.9939421667502477">
          <Unicode>Barchinonam, Ausonam, Urgellum, Ilerdam, Dertosam, Oscam, Caesaraugustum, Pam-</Unicode>
        </TextEquiv>
      </TextLine>
      <TextLine id="eSc_line_2c3668bc" custom="structure {type:default;}">
        <Coords points="718,2188 718,2214 2576,2214 2576,2212 2578,2212 2624,2199 2624,2177 2618,2148 715,2157 718,2188"/>
        <Baseline points="718,2188 2624,2177"/>
        <TextEquiv conf="0.9912074019269246">
          <Unicode>pilonam, Tirasonam et Calagorram) statuit. Villanueva Viage litterario XIX. 300. —</Unicode>
        </TextEquiv>
      </TextLine>
      <TextLine id="eSc_line_76ec15b4" custom="structure {type:default;}">
        <Coords points="715,2241 715,2259 1186,2254 1188,2237 1184,2206 753,2197 751,2197 748,2197 713,2208 715,2241"/>
        <Baseline points="715,2241 1188,2237"/>
        <TextEquiv conf="0.9998487710952759">
          <Unicode>„Rationis ordo nos“.</Unicode>
        </TextEquiv>
      </TextLine>
      <TextLine id="eSc_line_3aa04b06" custom="structure {type:default;}">
        <Coords points="103,2314 326,2314 326,2294 322,2206 220,2234 130,2234 108,2214 103,2294 103,2314"/>
        <Baseline points="103,2294 326,2294"/>
        <TextEquiv conf="0.9833613804408482">
          <Unicode>nce. c.</Unicode>
        </TextEquiv>
      </TextLine>
      <TextLine id="eSc_line_9b9ea022" custom="structure {type:default;}">
        <Coords points="665,2296 665,2316 2626,2320 2631,2292 2626,2261 2386,2248 2383,2248 2381,2248 2353,2259 2350,2259 2330,2245 2328,2245 2326,2245 2324,2245 2260,2259 2249,2259 2222,2256 2083,2248 2081,2248 2079,2248 2076,2248 2063,2256 2059,2261 1955,2261 1942,2256 1900,2245 1897,2245 1895,2245 1796,2254 1776,2256 1771,2254 1752,2245 1749,2245 1747,2245 1745,2245 1743,2245 1729,2254 1725,2259 1703,2254 1676,2250 1674,2250 1672,2250 1659,2254 1641,2261 1544,2254 1458,2248 1455,2248 1422,2252 1389,2259 1345,2252 1307,2248 1305,2248 1303,2248 1301,2248 1294,2252 1279,2261 662,2250 665,2296"/>
        <Baseline points="665,2296 2631,2292"/>
        <TextEquiv conf="0.9863023467361927">
          <Unicode>17172 Capitulo Pisano capellam S. Laurentii de Embulo confirmat. Pflugk-Harttung</Unicode>
        </TextEquiv>
      </TextLine>
      <TextLine id="eSc_line_842f7423" custom="structure {type:default;}">
        <Coords points="466,2303 466,2327 539,2312 541,2298 536,2254 461,2239 466,2303"/>
        <Baseline points="466,2303 541,2298"/>
        <TextEquiv conf="0.9960207343101501">
          <Unicode>„</Unicode>
        </TextEquiv>
      </TextLine>
      <TextLine id="eSc_line_24924195" custom="structure {type:default;}">
        <Coords points="718,2351 718,2369 1257,2380 1259,2380 1261,2380 1299,2367 1301,2367 1312,2378 1314,2378 1316,2378 1319,2378 1531,2367 1546,2367 1559,2367 1738,2378 1741,2378 1802,2365 1805,2347 1800,2318 742,2309 740,2309 737,2309 715,2318 718,2351"/>
        <Baseline points="718,2351 1805,2347"/>
        <TextEquiv conf="0.9989383131899732">
          <Unicode>Acta III. 397. — „lustis petentium desideriis“.</Unicode>
        </TextEquiv>
      </TextLine>
      <TextLine id="eSc_line_09ee3b65" custom="structure {type:default;}">
        <Coords points="669,2402 669,2426 2635,2426 2635,2402 2633,2360 669,2369 669,2402"/>
        <Baseline points="669,2402 2635,2402"/>
        <TextEquiv conf="0.9996098045791898">
          <Unicode>17173 Warino abbati et conventui S. Clementis Mettensis asserit ecclesias S. Privati</Unicode>
        </TextEquiv>
      </TextLine>
      <TextLine id="eSc_line_8bf6f0d9" custom="structure {type:default;}">
        <Coords points="145,2413 145,2431 167,2442 170,2442 172,2442 174,2442 176,2442 176,2440 183,2435 194,2422 231,2422 254,2442 262,2449 262,2451 265,2451 267,2451 269,2451 326,2449 326,2407 322,2354 267,2354 265,2354 262,2354 260,2354 260,2356 251,2365 234,2385 143,2385 145,2413"/>
        <Baseline points="145,2413 326,2407"/>
        <TextEquiv conf="0.9999764561653137">
          <Unicode>„ 8.</Unicode>
        </TextEquiv>
      </TextLine>
      <TextLine id="eSc_line_1acf0e7c" custom="structure {type:default;}">
        <Coords points="457,2415 459,2438 530,2418 530,2411 523,2382 455,2385 457,2415"/>
        <Baseline points="457,2415 530,2411"/>
        <TextEquiv conf="0.9999993443489075">
          <Unicode>„„</Unicode>
        </TextEquiv>
      </TextLine>
      <TextLine id="eSc_line_ce5c2e7a" custom="structure {type:default;}">
        <Coords points="718,2455 718,2479 2629,2477 2631,2460 2629,2429 1676,2429 1654,2420 1641,2415 1639,2415 1637,2415 1385,2418 786,2424 718,2413 718,2455"/>
        <Baseline points="718,2455 2631,2460"/>
        <TextEquiv conf="0.9949078945125022">
          <Unicode>et S. Preiecti de Alanimonte. Autogr. in Coll. Lorraine t. 977. n. 7 in bibl. nat.</Unicode>
        </TextEquiv>
      </TextLine>
      <TextLine id="eSc_line_ce3f7545" custom="structure {type:default;}">
        <Coords points="715,2515 715,2532 1014,2544 1016,2544 1082,2530 1093,2530 1122,2530 1299,2541 1301,2541 1303,2541 1305,2541 1321,2530 1323,2530 1420,2541 1422,2541 1425,2541 1471,2528 1471,2510 1467,2477 731,2475 729,2475 726,2475 724,2475 713,2482 715,2515"/>
        <Baseline points="715,2515 1471,2510"/>
        <TextEquiv conf="0.9972166839767905">
          <Unicode>P&#x27;aris. — „Quae religiosis locis“.</Unicode>
        </TextEquiv>
      </TextLine>
      <TextLine id="eSc_line_789c2f91" custom="structure {type:default;}">
        <Coords points="671,2568 671,2590 2633,2585 2635,2563 2631,2535 1670,2524 1668,2524 1665,2524 1663,2524 1646,2535 691,2526 689,2526 687,2526 684,2526 669,2532 671,2568"/>
        <Baseline points="671,2568 2635,2563"/>
        <TextEquiv conf="0.9954415254649662">
          <Unicode>17174 Capitulo S. Theobaldi Mettensi asserit reditum, ab episcopo infra bannum civi-</Unicode>
        </TextEquiv>
      </TextLine>
      <TextLine id="eSc_line_70f9609a" custom="structure {type:default;}">
        <Coords points="143,2577 143,2592 167,2603 170,2603 172,2603 174,2603 176,2603 176,2601 178,2601 183,2594 192,2583 238,2583 258,2601 267,2608 267,2610 269,2610 271,2610 273,2610 331,2605 331,2568 324,2526 141,2535 143,2577"/>
        <Baseline points="143,2577 331,2568"/>
        <TextEquiv conf="0.9999954998493195">
          <Unicode>„ 9.</Unicode>
        </TextEquiv>
      </TextLine>
      <TextLine id="eSc_line_fc667050" custom="structure {type:default;}">
        <Coords points="459,2579 459,2616 483,2619 486,2619 488,2619 490,2619 490,2616 499,2610 512,2597 530,2603 534,2579 534,2550 459,2537 459,2579"/>
        <Baseline points="459,2579 534,2579"/>
        <TextEquiv conf="1.0">
          <Unicode>„</Unicode>
        </TextEquiv>
      </TextLine>
      <TextLine id="eSc_line_cd6df545" custom="structure {type:default;}">
        <Coords points="720,2623 720,2645 2629,2638 2631,2616 2626,2588 742,2581 740,2581 737,2581 718,2590 720,2623"/>
        <Baseline points="720,2623 2631,2616"/>
        <TextEquiv conf="0.9887469488161581">
          <Unicode>tatis concessum. In bibl. nat. Paris. Coll. Moreau t. 95 f. 173. Misit Dclisle. —</Unicode>
        </TextEquiv>
      </TextLine>
      <TextLine id="eSc_line_204b9c10" custom="structure {type:default;}">
        <Coords points="720,2680 720,2698 1378,2694 1380,2676 1376,2647 753,2638 751,2638 748,2638 718,2650 720,2680"/>
        <Baseline points="720,2680 1380,2676"/>
        <TextEquiv conf="0.9970702230930328">
          <Unicode>„Iustis petentium desideriis“.</Unicode>
        </TextEquiv>
      </TextLine>
      <TextLine id="eSc_line_01424064" custom="structure {type:default;}">
        <Coords points="671,2736 671,2758 2633,2751 2635,2727 2631,2698 2324,2687 2322,2687 2134,2698 2125,2698 2109,2698 1710,2689 1707,2689 1610,2700 1601,2700 1577,2700 1268,2691 1265,2691 669,2703 671,2736"/>
        <Baseline points="671,2736 2635,2727"/>
        <TextEquiv conf="0.9980151888936065">
          <Unicode>17175 (10492) (Lanfranco) episcopo Foropopuliensi mandat, curet, ut ecclesia S. Mariae</Unicode>
        </TextEquiv>
      </TextLine>
      <TextLine id="eSc_line_2227fdd8" custom="structure {type:default;}">
        <Coords points="150,2738 150,2756 212,2744 227,2751 249,2760 251,2760 254,2760 309,2758 311,2758 313,2758 338,2742 338,2731 333,2683 271,2674 269,2674 267,2674 265,2674 238,2694 223,2705 148,2705 150,2738"/>
        <Baseline points="150,2738 338,2731"/>
        <TextEquiv conf="0.9999971389770508">
          <Unicode>„ 10.</Unicode>
        </TextEquiv>
      </TextLine>
      <TextLine id="eSc_line_9ee809f7" custom="structure {type:default;}">
        <Coords points="446,2738 446,2747 547,2747 547,2738 545,2707 446,2709 446,2738"/>
        <Baseline points="446,2738 547,2738"/>
        <TextEquiv conf="0.8105366826057434">
          <Unicode>„„</Unicode>
        </TextEquiv>
      </TextLine>
      <TextLine id="eSc_line_111d2ba3" custom="structure {type:default;}">
        <Coords points="722,2789 722,2811 2633,2806 2635,2782 2629,2753 720,2758 722,2789"/>
        <Baseline points="722,2789 2635,2782"/>
        <TextEquiv conf="0.9958009344560129">
          <Unicode>de Portu permaneat in possessione ecclesiae S. Iohannis in Marmorato, a canonicis</Unicode>
        </TextEquiv>
      </TextLine>
      <TextLine id="eSc_line_33387c2c" custom="structure {type:default;}">
        <Coords points="722,2842 722,2864 2631,2859 2633,2837 2629,2809 737,2800 735,2800 733,2800 731,2800 720,2806 722,2842"/>
        <Baseline points="722,2842 2633,2837"/>
        <TextEquiv conf="0.9939165925979614">
          <Unicode>Ravennatibus donatae. Fantuzzi Mon. Rav. VI. 58, Migne 206 p. 1059. — „Con-</Unicode>
        </TextEquiv>
      </TextLine>
      <TextLine id="eSc_line_560459ef" custom="structure {type:default;}">
        <Coords points="720,2897 720,2917 980,2928 983,2928 1248,2912 1250,2892 1243,2866 718,2868 720,2897"/>
        <Baseline points="720,2897 1250,2892"/>
        <TextEquiv conf="0.9892236615220705">
          <Unicode>stitutus in praesentia“.</Unicode>
        </TextEquiv>
      </TextLine>
      <TextLine id="eSc_line_629cc781" custom="structure {type:default;}">
        <Coords points="152,2954 154,2979 214,2961 247,2965 309,2976 311,2976 313,2976 315,2976 338,2956 338,2948 331,2903 150,2923 152,2954"/>
        <Baseline points="152,2954 338,2948"/>
        <TextEquiv conf="0.9265466928482056">
          <Unicode>„ 17.</Unicode>
        </TextEquiv>
      </TextLine>
      <TextLine id="eSc_line_5c72a917" custom="structure {type:default;}">
        <Coords points="671,2954 671,2976 2629,2979 2633,2950 2626,2917 669,2917 671,2954"/>
        <Baseline points="671,2954 2633,2950"/>
        <TextEquiv conf="0.9885259901776033">
          <Unicode>17176 Clericorum ordinationem in ecclesia Narniensi „in discordia celebratam“ cassat,</Unicode>
        </TextEquiv>
      </TextLine>
      <TextLine id="eSc_line_ad65d260" custom="structure {type:default;}">
        <Coords points="459,2959 459,2963 545,2972 547,2954 541,2926 457,2928 459,2959"/>
        <Baseline points="459,2959 547,2954"/>
        <TextEquiv conf="0.7002809047698975">
          <Unicode>„</Unicode>
        </TextEquiv>
      </TextLine>
      <TextLine id="eSc_line_bdcf8524" custom="structure {type:default;}">
        <Coords points="724,3005 724,3029 2638,3029 2638,3005 2638,2974 724,2974 724,3005"/>
        <Baseline points="724,3005 2638,3005"/>
        <TextEquiv conf="0.9983835191611784">
          <Unicode>causa investigata ab A(lbino) episcopo Albanensi et G(regorio) S. Mariae in Porticu</Unicode>
        </TextEquiv>
      </TextLine>
      <TextLine id="eSc_line_e0f5ce8e" custom="structure {type:default;}">
        <Coords points="722,3062 722,3082 2633,3080 2635,3054 2631,3027 1681,3018 1679,3018 1676,3018 1643,3029 1641,3029 1608,3029 1199,3021 1197,3021 1195,3021 1164,3032 1159,3034 720,3034 722,3062"/>
        <Baseline points="722,3062 2635,3054"/>
        <TextEquiv conf="0.9995510630309582">
          <Unicode>diacono cardinali. Qui in episcopum lapides proiecerint, eos excommunicat, donec</Unicode>
        </TextEquiv>
      </TextLine>
      <TextLine id="eSc_line_090b7781" custom="structure {type:default;}">
        <Coords points="722,3113 722,3138 2635,3135 2638,3109 2631,3082 720,3085 722,3113"/>
        <Baseline points="722,3113 2638,3109"/>
        <TextEquiv conf="0.9980353291441755">
          <Unicode>satisfecerint. Receptionem Berardi et lonae presbyterorum ratam habet. Bucciarelli</Unicode>
        </TextEquiv>
      </TextLine>
      <TextLine id="eSc_line_52d2cb96" custom="structure {type:default;}">
        <Coords points="724,3166 722,3186 755,3199 757,3199 760,3199 1360,3191 1681,3202 1683,3202 2633,3191 2635,3171 2633,3140 724,3135 724,3166"/>
        <Baseline points="724,3166 2635,3171"/>
        <TextEquiv conf="0.998469871718709">
          <Unicode>Ecclesia Narniensis p. 14, Pflugk-Harttung Acta III. 398. — „Cum super effrenata“.</Unicode>
        </TextEquiv>
      </TextLine>
      <TextLine id="eSc_line_b8fb7ca5" custom="structure {type:default;}">
        <Coords points="152,3228 152,3252 245,3237 335,3250 338,3224 331,3171 254,3180 251,3180 249,3180 223,3197 150,3195 152,3228"/>
        <Baseline points="152,3228 338,3224"/>
        <TextEquiv conf="0.9999999523162841">
          <Unicode>„ 17.</Unicode>
        </TextEquiv>
      </TextLine>
      <TextLine id="eSc_line_19783247" custom="structure {type:default;}">
        <Coords points="463,3228 461,3248 550,3263 554,3233 550,3195 525,3204 463,3193 463,3228"/>
        <Baseline points="463,3228 554,3233"/>
        <TextEquiv conf="1.0">
          <Unicode>„</Unicode>
        </TextEquiv>
      </TextLine>
      <TextLine id="eSc_line_693044f9" custom="structure {type:default;}">
        <Coords points="669,3228 669,3248 2635,3241 2638,3219 2633,3188 1950,3182 1948,3182 1672,3193 1628,3193 1626,3193 1610,3182 1608,3182 1606,3182 1467,3182 1464,3182 1462,3182 1418,3193 1416,3193 1414,3193 1349,3182 1347,3182 1345,3182 1321,3193 1319,3193 1157,3182 1155,3182 1018,3193 855,3184 852,3184 850,3184 848,3184 835,3195 819,3184 817,3184 815,3184 693,3184 691,3184 689,3184 667,3193 669,3228"/>
        <Baseline points="669,3228 2638,3219"/>
        <TextEquiv conf="0.998203613055058">
          <Unicode>17177 (10493) Ecclesiam S. Reparatae Lucensem tuendam suscipit eiusque bona ac</Unicode>
        </TextEquiv>
      </TextLine>
      <TextLine id="eSc_line_cdf2d8d3" custom="structure {type:default;}">
        <Coords points="724,3283 724,3305 2635,3303 2638,3272 2631,3241 722,3252 724,3283"/>
        <Baseline points="724,3283 2638,3272"/>
        <TextEquiv conf="0.9949730750991077">
          <Unicode>privilegia confirmat, petente Martino priore. Muratori Ant. It. VI. 443, Migne 206</Unicode>
        </TextEquiv>
      </TextLine>
      <TextLine id="eSc_line_ced60981" custom="structure {type:default;}">
        <Coords points="726,3334 726,3356 1009,3352 1018,3354 1045,3365 1047,3365 1049,3365 1115,3354 1129,3352 1135,3354 1164,3365 1166,3365 1168,3365 1354,3352 1385,3350 1407,3350 1539,3363 1542,3363 1634,3347 1637,3330 1630,3301 724,3303 726,3334"/>
        <Baseline points="726,3334 1637,3330"/>
        <TextEquiv conf="0.9996311863263448">
          <Unicode>p. 1060. — „Pie postulatio voluntatis“.</Unicode>
        </TextEquiv>
      </TextLine>
      <TextLine id="eSc_line_0e6b53b7" custom="structure {type:default;}">
        <Coords points="152,3392 152,3407 344,3407 344,3387 335,3327 304,3339 287,3334 267,3330 265,3330 262,3330 260,3330 258,3330 245,3341 225,3358 150,3358 152,3392"/>
        <Baseline points="152,3392 344,3387"/>
        <TextEquiv conf="0.9785976767539978">
          <Unicode>„ 24.</Unicode>
        </TextEquiv>
      </TextLine>
      <TextLine id="eSc_line_fc8aeee9" custom="structure {type:default;}">
        <Coords points="455,3392 455,3403 576,3398 576,3392 576,3363 455,3356 455,3392"/>
        <Baseline points="455,3392 576,3392"/>
        <TextEquiv conf="0.9504310488700867">
          <Unicode>„„</Unicode>
        </TextEquiv>
      </TextLine>
      <TextLine id="eSc_line_8f5179f6" custom="structure {type:default;}">
        <Coords points="669,3392 669,3411 2640,3403 2640,3383 2633,3352 1946,3352 1818,3341 1816,3341 1813,3341 1811,3341 1791,3352 1338,3343 1336,3343 1334,3343 1332,3343 1314,3354 1056,3345 1053,3345 1051,3345 1011,3356 695,3345 693,3345 691,3345 667,3356 669,3392"/>
        <Baseline points="669,3392 2640,3383"/>
        <TextEquiv conf="0.9778655580727451">
          <Unicode>17178 (10494) Monasterium S. Prosperi Reginum tuendum suscipit eiusque possessiones</Unicode>
        </TextEquiv>
      </TextLine>
      <TextLine id="eSc_line_fcb9989b" custom="structure {type:default;}">
        <Coords points="724,3442 724,3467 2638,3467 2638,3442 2638,3411 724,3411 724,3442"/>
        <Baseline points="724,3442 2638,3442"/>
        <TextEquiv conf="0.9994649192866157">
          <Unicode>et privilegia confirmat. Affarosi Mem. di S. Prosp. di Reggio I. 131, Margarini Bull.</Unicode>
        </TextEquiv>
      </TextLine>
      <TextLine id="eSc_line_061859d4" custom="structure {type:default;}">
        <Coords points="724,3495 726,3551 757,3539 839,3546 841,3546 843,3546 881,3531 914,3548 934,3559 936,3559 938,3559 941,3559 985,3548 987,3548 994,3548 1279,3559 1281,3559 1283,3559 1334,3544 1376,3531 1473,3531 1610,3531 1626,3539 1674,3562 1676,3562 1679,3562 1798,3559 1800,3559 1802,3559 1818,3548 1933,3559 1935,3559 2010,3544 2127,3562 2129,3562 2132,3562 2134,3562 2163,3539 2222,3531 2224,3500 2222,3469 724,3464 724,3495"/>
        <Baseline points="724,3495 2224,3500"/>
        <TextEquiv conf="0.9922295654973676">
          <Unicode>Cas. II. 228. Migne 206 p. 1062. — „Quoticns a mobis petitur“.</Unicode>
        </TextEquiv>
      </TextLine>
      <TextLine id="eSc_line_43ce475b" custom="structure {type:default;}">
        <Coords points="148,3548 148,3595 178,3610 181,3610 183,3612 355,3612 355,3610 357,3610 360,3610 371,3599 375,3597 388,3601 421,3610 424,3610 426,3610 470,3601 499,3597 698,3606 700,3548 695,3493 651,3511 581,3511 556,3495 554,3493 552,3493 550,3493 547,3493 545,3493 534,3495 492,3506 477,3498 472,3493 470,3493 468,3493 466,3493 437,3498 373,3509 302,3500 243,3493 240,3493 148,3502 148,3548"/>
        <Baseline points="148,3548 700,3548"/>
        <TextEquiv conf="0.7881316437765404">
          <Unicode>Rerrda Pant Saean. Pd. ea I</Unicode>
        </TextEquiv>
      </TextLine>
      <TextLine id="eSc_line_c5bfa921" custom="structure {type:default;}">
        <Coords points="2302,3559 2304,3601 2370,3579 2370,3559 2370,3526 2302,3526 2302,3559"/>
        <Baseline points="2302,3559 2370,3559"/>
        <TextEquiv conf="0.9998317956924438">
          <Unicode>„:</Unicode>
        </TextEquiv>
      </TextLine>
    </TextRegion>
    <TextRegion id="eSc_textblock_fbf01f49"  custom="structure {type:default;}">
      <Coords points="1071,141 1842,150 1851,236 839,245 857,150 1071,141"/>
      <TextLine id="eSc_line_b3fc224b" custom="structure {type:default;}">
        <Coords points="1809,147 1787,147 1782,147 1747,150 1745,150 1710,170 1621,170 1588,150 1581,147 1579,147 1577,147 1575,147 1562,152 1509,170 1310,170 1288,159 1265,147 1263,147 1069,147 1067,147 872,152 870,152 868,152 868,154 866,154 859,161 861,218 861,247 1824,242 1827,214 1820,147 1809,147"/>
        <Baseline points="861,218 1827,214"/>
        <TextEquiv conf="0.9991112125330958">
          <Unicode>COEI.ESTINI&#x27;S III. 1191—1198.</Unicode>
        </TextEquiv>
      </TextLine>
    </TextRegion>
    <TextRegion id="eSc_textblock_51298bbc"  custom="structure {type:default;}">
      <Coords points="2529,150 2671,167 2671,218 2609,253 2487,245 2478,167 2529,150"/>
      <TextLine id="eSc_line_171246be" custom="structure {type:default;}">
        <Coords points="2598,159 2582,154 2494,159 2487,163 2492,212 2494,242 2618,240 2618,205 2611,159 2598,159"/>
        <Baseline points="2492,212 2618,205"/>
        <TextEquiv conf="1.0">
          <Unicode>609</Unicode>
        </TextEquiv>
      </TextLine>
    </TextRegion>
    <TextRegion id="eSc_textblock_4dd526c3"  custom="structure {type:default;}">
      <Coords points="2777,512 2786,545 2761,545 2779,536 2777,512"/>
    </TextRegion>
    <TextRegion id="eSc_textblock_1be47b34"  custom="structure {type:default;}">
      <Coords points="2777,335 2786,377 2761,377 2752,362 2777,335"/>
    </TextRegion>
    <TextRegion id="eSc_textblock_4256f7f5"  custom="structure {type:default;}">
      <Coords points="2768,406 2786,406 2786,448 2752,439 2768,406"/>
    </TextRegion>
    <TextRegion id="eSc_textblock_ac5437fa"  custom="structure {type:default;}">
      <Coords points="2768,459 2786,459 2786,501 2752,492 2768,459"/>
    </TextRegion>
  </Page>
</PcGts>
