<?xml version="1.0" encoding="UTF-8"  standalone="yes"?>
<PcGts xmlns="http://schema.primaresearch.org/PAGE/gts/pagecontent/2019-07-15" xmlns:xsi="http://www.w3.org/2001/XMLSchema-instance" xsi:schemaLocation="http://schema.primaresearch.org/PAGE/gts/pagecontent/2019-07-15 http://schema.primaresearch.org/PAGE/gts/pagecontent/2019-07-15/pagecontent.xsd">
  <Metadata externalRef="pdf//regestapontificu02cath.pdf">
	<Creator>escriptorium</Creator>
	<Created>2026-01-31T10:39:36.714390+00:00</Created>
        <LastChange>2026-02-04T23:10:58.578319+00:00</LastChange>
  </Metadata>
  <Page imageFilename="regestapontificu02cath.pdf_page_494.png" imageWidth="3007" imageHeight="3975">
    <TextRegion id="eSc_textblock_636619c0"  custom="structure {type:default;}">
      <Coords points="373,132 483,132 501,200 353,218 373,132"/>
      <TextLine id="eSc_line_6f4c8d6f" custom="structure {type:default;}">
        <Coords points="426,132 404,132 391,132 377,136 362,170 364,194 364,223 483,207 483,187 479,141 439,132 426,132"/>
        <Baseline points="364,194 483,187"/>
        <TextEquiv conf="0.9999999205271403">
          <Unicode>482</Unicode>
        </TextEquiv>
      </TextLine>
    </TextRegion>
    <TextRegion id="eSc_textblock_282fdacf"  custom="structure {type:default;}">
      <Coords points="2783,265 2918,273 2918,3486 936,3504 908,3469 344,3451 344,309 380,282 607,309 625,777 627,309 653,282 881,282 899,309 919,273 2783,265"/>
      <TextLine id="eSc_line_c3eb5e0e" custom="structure {type:default;}">
        <Coords points="901,300 903,333 903,368 1232,364 1235,329 1230,289 1129,276 1126,276 1045,289 963,276 961,276 958,276 908,289 901,300"/>
        <Baseline points="903,333 1235,329"/>
        <TextEquiv conf="0.9960410346587499">
          <Unicode>1184 — 1185.</Unicode>
        </TextEquiv>
      </TextLine>
      <TextLine id="eSc_line_562e5ad9" custom="structure {type:default;}">
        <Coords points="380,401 380,452 596,452 596,401 594,357 380,362 380,401"/>
        <Baseline points="380,401 596,401"/>
        <TextEquiv conf="0.9954578791345868">
          <Unicode>Nov. 8.</Unicode>
        </TextEquiv>
      </TextLine>
      <TextLine id="eSc_line_f12474cf" custom="structure {type:default;}">
        <Coords points="656,395 656,494 746,494 746,492 748,492 751,492 751,490 764,479 771,470 863,463 863,395 861,306 760,324 656,315 656,395"/>
        <Baseline points="656,395 863,395"/>
        <TextEquiv conf="0.6429547071456909">
          <Unicode>Vee</Unicode>
        </TextEquiv>
      </TextLine>
      <TextLine id="eSc_line_bb3d01f6" custom="structure {type:default;}">
        <Coords points="934,395 934,417 2896,424 2898,395 2896,346 934,353 934,395"/>
        <Baseline points="934,395 2898,395"/>
        <TextEquiv conf="0.9973093079669135">
          <Unicode>15314 R(adulfo) episcopo Andegavensi, G. archidiacono e I. archipresbytero Turonensi</Unicode>
        </TextEquiv>
      </TextLine>
      <TextLine id="eSc_line_c4a28e87" custom="structure {type:default;}">
        <Coords points="987,448 987,488 1153,488 1153,485 1155,485 1157,485 1184,472 1285,472 1305,483 1305,485 1307,485 1310,485 1312,485 1325,483 1387,472 1707,472 1745,481 1771,485 1774,485 1833,479 1902,472 1922,479 1939,485 1942,485 1944,488 2160,488 2160,485 2163,485 2180,477 2191,472 2269,477 2445,485 2448,485 2560,474 2576,472 2580,472 2596,485 2598,485 2600,485 2602,488 2699,488 2699,485 2759,472 2761,472 2763,472 2856,485 2858,485 2861,485 2900,470 2900,448 2900,421 987,419 987,448"/>
        <Baseline points="987,448 2900,448"/>
        <TextEquiv conf="0.9999238426172281">
          <Unicode>mandat, ut inter monachos S. Florentii Salmurenses et monachos S. Melanii Redo-</Unicode>
        </TextEquiv>
      </TextLine>
      <TextLine id="eSc_line_92cf3afa" custom="structure {type:default;}">
        <Coords points="987,505 987,530 2898,534 2900,505 2900,474 987,474 987,505"/>
        <Baseline points="987,505 2900,505"/>
        <TextEquiv conf="0.9988967115620533">
          <Unicode>nenses, de eligendo S. Melanii abbate litigantes, iudicium faciant. Loewenfeld Epi-</Unicode>
        </TextEquiv>
      </TextLine>
      <TextLine id="eSc_line_575afc17" custom="structure {type:default;}">
        <Coords points="985,560 985,578 1886,585 1889,585 1891,585 1931,571 1931,554 1926,525 983,518 985,560"/>
        <Baseline points="985,560 1931,554"/>
        <TextEquiv conf="0.9998747675042403">
          <Unicode>stolae p. 224. — „Quanto monasterium“.</Unicode>
        </TextEquiv>
      </TextLine>
      <TextLine id="eSc_line_a654d024" custom="structure {type:default;}">
        <Coords points="406,629 408,658 479,640 589,649 592,622 585,567 483,587 459,567 457,567 455,567 402,565 406,629"/>
        <Baseline points="406,629 592,622"/>
        <TextEquiv conf="0.9999967813491821">
          <Unicode>„ 9.</Unicode>
        </TextEquiv>
      </TextLine>
      <TextLine id="eSc_line_9ea72523" custom="structure {type:default;}">
        <Coords points="718,633 718,658 808,651 808,629 804,591 713,587 718,633"/>
        <Baseline points="718,633 808,629"/>
        <TextEquiv conf="0.9999977350234985">
          <Unicode>„</Unicode>
        </TextEquiv>
      </TextLine>
      <TextLine id="eSc_line_6b437d7f" custom="structure {type:default;}">
        <Coords points="936,616 936,647 1000,633 1701,640 1970,642 1972,642 1975,642 1986,638 2001,631 2017,638 2032,642 2034,642 2037,642 2039,642 2061,638 2085,631 2098,636 2112,642 2114,642 2116,642 2249,636 2326,631 2370,633 2474,642 2476,642 2478,642 2481,642 2494,633 2496,631 2496,633 2512,642 2514,642 2516,642 2518,644 2770,644 2770,642 2772,642 2797,631 2874,642 2876,642 2878,642 2881,642 2900,629 2900,611 2896,583 1924,571 1922,571 1683,583 956,574 954,574 952,574 950,574 934,580 936,616"/>
        <Baseline points="936,616 2900,611"/>
        <TextEquiv conf="0.9978531044582988">
          <Unicode>15315 Fratribus Maioris-monasterii interdicit, ne cui contra statuta Lateranensis con-</Unicode>
        </TextEquiv>
      </TextLine>
      <TextLine id="eSc_line_8564f5a0" custom="structure {type:default;}">
        <Coords points="987,664 985,689 1102,702 1104,702 1782,693 1946,704 1948,704 2898,693 2900,669 2898,640 987,636 987,664"/>
        <Baseline points="987,664 2900,669"/>
        <TextEquiv conf="0.9999657429077409">
          <Unicode>cilii promissionem de ecclesia non vacante faciant. In bibl. nat. Paris. ms. lat. 12879.</Unicode>
        </TextEquiv>
      </TextLine>
      <TextLine id="eSc_line_3dd3a6d1" custom="structure {type:default;}">
        <Coords points="989,724 989,746 2573,739 2576,717 2571,686 987,686 989,724"/>
        <Baseline points="989,724 2576,717"/>
        <TextEquiv conf="0.9992538726691044">
          <Unicode>(Martene Hist. de Marmoutiers) f. 186. — „Pervenit ad audientiam“.</Unicode>
        </TextEquiv>
      </TextLine>
      <TextLine id="eSc_line_2711f384" custom="structure {type:default;}">
        <Coords points="408,792 408,843 452,843 455,843 457,843 457,841 475,825 596,836 598,786 594,724 532,717 530,717 528,717 525,717 517,724 499,735 404,726 408,792"/>
        <Baseline points="408,792 598,786"/>
        <TextEquiv conf="0.9843222498893738">
          <Unicode>„ „</Unicode>
        </TextEquiv>
      </TextLine>
      <TextLine id="eSc_line_af3babb6" custom="structure {type:default;}">
        <Coords points="720,792 718,836 806,841 810,797 808,730 722,733 720,792"/>
        <Baseline points="720,792 810,797"/>
        <TextEquiv conf="1.0">
          <Unicode>„</Unicode>
        </TextEquiv>
      </TextLine>
      <TextLine id="eSc_line_157312ee" custom="structure {type:default;}">
        <Coords points="941,779 941,801 2900,797 2903,775 2900,746 2850,733 2847,733 2845,733 2653,744 2591,733 2589,733 2421,744 2388,733 2386,733 2383,733 2381,733 2337,744 2293,733 2291,733 2288,733 2286,733 2284,733 2266,746 1948,746 1924,733 1922,733 1919,733 1831,746 1818,746 1807,746 1732,735 1729,735 1679,746 1668,748 1420,748 1416,746 1402,735 1400,735 1398,735 1396,735 1394,735 1372,746 1367,748 1254,748 1250,746 1237,735 1235,735 1232,735 1230,735 938,744 941,779"/>
        <Baseline points="941,779 2903,775"/>
        <TextEquiv conf="0.9998569232086802">
          <Unicode>15316 Windbergensi et (monasterii? an Altahae?su)perioris abbatibus mandat, ut militem</Unicode>
        </TextEquiv>
      </TextLine>
      <TextLine id="eSc_line_d2b8dfb2" custom="structure {type:default;}">
        <Coords points="989,834 989,867 1464,859 1537,867 1551,870 1553,870 1562,867 1608,859 1626,867 1626,870 1628,870 1630,870 1632,872 1942,872 1942,870 1944,870 1946,870 1946,867 1966,856 2898,867 2903,830 2898,803 987,801 989,834"/>
        <Baseline points="989,834 2903,830"/>
        <TextEquiv conf="0.9981524057877369">
          <Unicode>Rapotonem de Pholingen excommunicent, nisi conventui S. lohannis Ratisponensis</Unicode>
        </TextEquiv>
      </TextLine>
      <TextLine id="eSc_line_7bbcd6a8" custom="structure {type:default;}">
        <Coords points="989,889 989,918 2898,920 2903,885 2896,854 987,856 989,889"/>
        <Baseline points="989,889 2903,885"/>
        <TextEquiv conf="0.9997861069369028">
          <Unicode>ablatas decimas restituerit et de damnis illatis satisfecerit. Pflugk-Harttung Acta</Unicode>
        </TextEquiv>
      </TextLine>
      <TextLine id="eSc_line_f6d014ac" custom="structure {type:default;}">
        <Coords points="987,942 987,960 1418,971 1420,971 1577,958 1592,958 1610,958 1836,969 1838,969 1840,969 1884,956 1884,938 1877,907 985,909 987,942"/>
        <Baseline points="987,942 1884,938"/>
        <TextEquiv conf="0.9889577691619461">
          <Unicode>II. 390. — „Conquestione dilectorum“.</Unicode>
        </TextEquiv>
      </TextLine>
      <TextLine id="eSc_line_c92460bd" custom="structure {type:default;}">
        <Coords points="417,1007 419,1062 497,1051 512,1062 514,1062 517,1062 519,1062 521,1062 523,1062 552,1040 558,1033 592,1031 592,1000 585,947 415,969 417,1007"/>
        <Baseline points="417,1007 592,1000"/>
        <TextEquiv conf="0.9867981910705567">
          <Unicode>„ 19.</Unicode>
        </TextEquiv>
      </TextLine>
      <TextLine id="eSc_line_c5f10a82" custom="structure {type:default;}">
        <Coords points="718,1011 715,1073 755,1060 797,1073 806,1015 808,947 720,947 718,1011"/>
        <Baseline points="718,1011 806,1015"/>
        <TextEquiv conf="0.9999943971633911">
          <Unicode>„</Unicode>
        </TextEquiv>
      </TextLine>
      <TextLine id="eSc_line_7a3bf784" custom="structure {type:default;}">
        <Coords points="941,993 938,1011 983,1026 985,1026 987,1026 1087,1015 1168,1026 1170,1026 1305,1015 1352,1026 1354,1026 1356,1026 1573,1015 1789,1026 1791,1026 1794,1026 1831,1015 1860,1026 1862,1026 1864,1026 1917,1015 1922,1015 1928,1015 2048,1029 2050,1029 2052,1029 2087,1018 2127,1029 2129,1029 2132,1029 2277,1018 2359,1029 2361,1029 2432,1018 2434,1018 2547,1018 2549,1018 2565,1029 2567,1029 2569,1029 2571,1029 2900,1018 2903,998 2900,967 941,960 941,993"/>
        <Baseline points="941,993 2903,998"/>
        <TextEquiv conf="0.9959613151848317">
          <Unicode>15317 Capitulo Ebroicensi ecclesiam de Clavilla asserit. Cart. du chap. d&#x27;Evreux</Unicode>
        </TextEquiv>
      </TextLine>
      <TextLine id="eSc_line_3fa2acdd" custom="structure {type:default;}">
        <Coords points="989,1055 989,1084 1409,1075 1480,1082 1592,1090 1595,1090 1643,1079 1672,1073 1683,1079 1701,1088 1703,1088 1705,1088 1776,1077 1789,1077 1813,1077 1990,1088 1992,1088 2068,1075 2085,1073 2092,1075 2123,1088 2125,1088 2127,1090 2231,1090 2231,1088 2233,1088 2264,1073 2273,1071 2361,1071 2368,1073 2388,1086 2390,1086 2392,1086 2394,1088 2872,1088 2872,1086 2874,1086 2876,1086 2903,1068 2903,1048 2898,1020 2423,1009 2421,1009 2271,1020 2260,1020 2224,1020 1628,1011 1626,1011 1623,1011 1599,1022 1597,1024 987,1024 989,1055"/>
        <Baseline points="989,1055 2903,1048"/>
        <TextEquiv conf="0.9984375615663166">
          <Unicode>s. XIII. — XIV. f. 4 in Arch dép. de IEure in Evreux. — „Iustis petentium desi-</Unicode>
        </TextEquiv>
      </TextLine>
      <TextLine id="eSc_line_3b58c8f5" custom="structure {type:default;}">
        <Coords points="989,1106 989,1121 1011,1137 1014,1137 1016,1137 1018,1137 1162,1119 1162,1106 1159,1071 989,1071 989,1106"/>
        <Baseline points="989,1106 1162,1106"/>
        <TextEquiv conf="0.9999838173389435">
          <Unicode>deriis“.</Unicode>
        </TextEquiv>
      </TextLine>
      <TextLine id="eSc_line_f4591ff0" custom="structure {type:default;}">
        <Coords points="406,1170 406,1212 539,1214 541,1214 543,1214 598,1196 598,1166 587,1121 574,1132 536,1126 521,1124 519,1124 404,1135 406,1170"/>
        <Baseline points="406,1170 598,1166"/>
        <TextEquiv conf="0.9510379672050476">
          <Unicode>„ 11.</Unicode>
        </TextEquiv>
      </TextLine>
      <TextLine id="eSc_line_94befa53" custom="structure {type:default;}">
        <Coords points="720,1174 715,1225 793,1230 799,1181 802,1119 724,1119 720,1174"/>
        <Baseline points="720,1174 799,1181"/>
        <TextEquiv conf="1.0">
          <Unicode>„</Unicode>
        </TextEquiv>
      </TextLine>
      <TextLine id="eSc_line_b754daa5" custom="structure {type:default;}">
        <Coords points="938,1161 938,1181 1915,1192 1917,1192 2028,1181 2872,1190 2874,1190 2876,1190 2900,1177 2900,1157 2896,1128 936,1124 938,1161"/>
        <Baseline points="938,1161 2900,1157"/>
        <TextEquiv conf="0.9992864642824445">
          <Unicode>15318 Fratribus Odenheimensibus concedit, „ut in parochiali ecclesia, prope monaste-</Unicode>
        </TextEquiv>
      </TextLine>
      <TextLine id="eSc_line_4ffd6c79" custom="structure {type:default;}">
        <Coords points="989,1216 989,1254 1098,1243 1144,1254 1146,1254 1148,1254 1151,1254 1157,1254 1239,1243 1268,1254 1270,1254 1272,1254 1274,1254 1288,1254 1378,1243 1657,1243 1683,1252 1694,1254 1696,1254 1699,1254 1723,1252 1776,1243 1891,1249 1966,1254 1968,1254 1970,1254 1981,1249 1995,1243 2003,1249 2008,1254 2010,1254 2012,1254 2014,1254 2903,1243 2903,1216 2903,1190 989,1190 989,1216"/>
        <Baseline points="989,1216 2903,1216"/>
        <TextEquiv conf="0.9974938552063631">
          <Unicode>rium sita, quatuor vel tres ad minus de fratribus instituant, quorum unus diocesano</Unicode>
        </TextEquiv>
      </TextLine>
      <TextLine id="eSc_line_28fa3f4b" custom="structure {type:default;}">
        <Coords points="992,1267 989,1291 2898,1300 2903,1272 2900,1241 992,1236 992,1267"/>
        <Baseline points="992,1267 2903,1272"/>
        <TextEquiv conf="0.9995519607155411">
          <Unicode>episcopo vel archidiacono pracsentetur, ut ab eo curam recipiat animarum eique de</Unicode>
        </TextEquiv>
      </TextLine>
      <TextLine id="eSc_line_0d9d49e3" custom="structure {type:default;}">
        <Coords points="992,1329 992,1349 2896,1344 2898,1325 2892,1291 989,1294 992,1329"/>
        <Baseline points="992,1329 2898,1325"/>
        <TextEquiv conf="0.9999184797791874">
          <Unicode>spiritualibus, ipsis autem de temporalibus et ordinis observantia debeat respondere“.</Unicode>
        </TextEquiv>
      </TextLine>
      <TextLine id="eSc_line_9f42cd48" custom="structure {type:default;}">
        <Coords points="989,1382 989,1400 1204,1400 1208,1400 1224,1411 1226,1411 1228,1411 1230,1411 1232,1411 1235,1411 1246,1400 1248,1400 1486,1400 1511,1411 1513,1411 1515,1411 1586,1400 1588,1400 1643,1413 1646,1413 1648,1413 1809,1411 1811,1411 1813,1411 1829,1397 1831,1397 1855,1411 1858,1411 1860,1411 1981,1400 2072,1408 2074,1408 2076,1408 2079,1408 2090,1397 2092,1397 2105,1397 2304,1411 2306,1411 2375,1397 2392,1411 2394,1411 2397,1411 2399,1413 2573,1413 2573,1411 2576,1411 2633,1395 2633,1378 2629,1351 2531,1338 2529,1338 2527,1338 2507,1349 2492,1338 2489,1338 2487,1338 2485,1338 2483,1338 2481,1338 2467,1351 2249,1351 2220,1338 2218,1338 2216,1338 2079,1349 2003,1338 2001,1338 1999,1338 1964,1349 1953,1338 1950,1338 1948,1338 1851,1338 1849,1338 1847,1338 1807,1351 1774,1340 1771,1340 1769,1340 1767,1340 1745,1351 1723,1340 1721,1340 1718,1340 1455,1351 1431,1340 1429,1340 1427,1340 1425,1340 1400,1351 1343,1340 1341,1340 1338,1340 1303,1351 1279,1340 1277,1340 1274,1340 1272,1340 1246,1351 1221,1340 1219,1340 1217,1340 1215,1340 1175,1351 1129,1340 1126,1340 1124,1340 1122,1340 1120,1340 1104,1351 1007,1340 1005,1340 1003,1340 1000,1340 987,1347 989,1382"/>
        <Baseline points="989,1382 2633,1378"/>
        <TextEquiv conf="0.999609671008419">
          <Unicode>Zeitschr. f. d. Gesch. des Oberrheins XIII. 424. — „Quanto specialius“.</Unicode>
        </TextEquiv>
      </TextLine>
      <TextLine id="eSc_line_e37af17e" custom="structure {type:default;}">
        <Coords points="413,1446 413,1477 505,1459 596,1481 600,1442 596,1404 530,1395 528,1395 525,1395 494,1406 459,1384 450,1378 448,1378 446,1378 410,1378 413,1446"/>
        <Baseline points="413,1446 600,1442"/>
        <TextEquiv conf="0.9999930620193481">
          <Unicode>„ 11.</Unicode>
        </TextEquiv>
      </TextLine>
      <TextLine id="eSc_line_aaf067bb" custom="structure {type:default;}">
        <Coords points="713,1446 711,1490 768,1475 797,1481 804,1453 804,1413 715,1411 713,1446"/>
        <Baseline points="713,1446 804,1453"/>
        <TextEquiv conf="1.0">
          <Unicode>„</Unicode>
        </TextEquiv>
      </TextLine>
      <TextLine id="eSc_line_fc9ffd86" custom="structure {type:default;}">
        <Coords points="943,1437 943,1464 2898,1468 2903,1431 2896,1402 941,1406 943,1437"/>
        <Baseline points="943,1437 2903,1431"/>
        <TextEquiv conf="0.9986920945438338">
          <Unicode>15319 Inter (Willelmum) abbatem fratresque S. Bavonis Gandavenses et canonicos de</Unicode>
        </TextEquiv>
      </TextLine>
      <TextLine id="eSc_line_c95d516b" custom="structure {type:default;}">
        <Coords points="992,1492 992,1514 2898,1519 2903,1488 2896,1455 989,1459 992,1492"/>
        <Baseline points="992,1492 2903,1488"/>
        <TextEquiv conf="0.9931996516239496">
          <Unicode>Harlebec latam ab Everardo, episcopo Tornacensi, sententiam super limitibus paro-</Unicode>
        </TextEquiv>
      </TextLine>
      <TextLine id="eSc_line_c6dd69c5" custom="structure {type:default;}">
        <Coords points="989,1543 987,1561 1166,1576 1168,1576 1170,1576 1173,1576 1186,1565 1217,1576 1219,1576 1221,1576 1626,1565 1723,1578 1725,1578 2127,1567 2763,1581 2766,1581 2898,1567 2900,1550 2898,1517 989,1510 989,1543"/>
        <Baseline points="989,1543 2900,1550"/>
        <TextEquiv conf="0.9936387281358978">
          <Unicode>chiarum de Radeborg et de Maldeghen confirmat. Lokeren Hist. de St. Bavon p. 202.</Unicode>
        </TextEquiv>
      </TextLine>
      <TextLine id="eSc_line_e887db81" custom="structure {type:default;}">
        <Coords points="992,1596 989,1616 1062,1618 1080,1636 1080,1638 1082,1638 1084,1638 1087,1640 1279,1640 1279,1638 1281,1638 1314,1623 1363,1640 1365,1640 1367,1640 1553,1620 1555,1601 1553,1570 992,1567 992,1596"/>
        <Baseline points="992,1596 1555,1601"/>
        <TextEquiv conf="0.9793204502625898">
          <Unicode>— „Ea, quae geruntur“.</Unicode>
        </TextEquiv>
      </TextLine>
      <TextLine id="eSc_line_b561c800" custom="structure {type:default;}">
        <Coords points="415,1667 415,1680 448,1689 450,1689 452,1689 470,1684 505,1676 607,1691 609,1658 600,1567 521,1574 519,1574 517,1574 497,1592 472,1612 410,1612 415,1667"/>
        <Baseline points="415,1667 609,1658"/>
        <TextEquiv conf="0.9515356898307801">
          <Unicode>„ 12.</Unicode>
        </TextEquiv>
      </TextLine>
      <TextLine id="eSc_line_816be660" custom="structure {type:default;}">
        <Coords points="724,1669 722,1682 799,1693 804,1673 802,1643 724,1640 724,1669"/>
        <Baseline points="724,1669 804,1673"/>
        <TextEquiv conf="1.0">
          <Unicode>„)</Unicode>
        </TextEquiv>
      </TextLine>
      <TextLine id="eSc_line_bec91af6" custom="structure {type:default;}">
        <Coords points="943,1658 943,1682 2900,1678 2903,1654 2896,1618 941,1623 943,1658"/>
        <Baseline points="943,1658 2903,1654"/>
        <TextEquiv conf="0.996569043182465">
          <Unicode>15320 Burgensibus castri novi Turonensis concedit, ne aut ipsi aut ipsorum procura-</Unicode>
        </TextEquiv>
      </TextLine>
      <TextLine id="eSc_line_6264c8eb" custom="structure {type:default;}">
        <Coords points="992,1713 992,1733 2898,1737 2900,1713 2898,1671 992,1678 992,1713"/>
        <Baseline points="992,1713 2900,1713"/>
        <TextEquiv conf="0.9955404489128677">
          <Unicode>tores „ad locum non securum extra dioecesim Turonensem trahantur in causam“, cet.</Unicode>
        </TextEquiv>
      </TextLine>
      <TextLine id="eSc_line_cd4e1b0c" custom="structure {type:default;}">
        <Coords points="992,1766 992,1784 2065,1779 2068,1762 2065,1735 2039,1722 2037,1722 2034,1722 2032,1722 2010,1733 1882,1722 1880,1722 1877,1722 1875,1722 1862,1733 1840,1722 1838,1722 1836,1722 1833,1722 1831,1722 1820,1731 1809,1722 1807,1722 1805,1722 1802,1722 1800,1722 1798,1722 1798,1724 1787,1735 1650,1735 1570,1722 1568,1722 1566,1722 1522,1735 1173,1724 1170,1724 1038,1735 1005,1724 1003,1724 1000,1724 998,1724 996,1724 996,1726 994,1726 989,1729 992,1766"/>
        <Baseline points="992,1766 2068,1762"/>
        <TextEquiv conf="0.9972699783569159">
          <Unicode>Loewenfeld Epistolae p. 225. — „Ad hoc ex“.</Unicode>
        </TextEquiv>
      </TextLine>
      <TextLine id="eSc_line_5ae77df5" custom="structure {type:default;}">
        <Coords points="415,1830 415,1852 505,1837 519,1841 545,1852 547,1852 550,1852 552,1852 600,1830 600,1821 596,1777 410,1777 415,1830"/>
        <Baseline points="415,1830 600,1821"/>
        <TextEquiv conf="0.9999979972839356">
          <Unicode>„ 12.</Unicode>
        </TextEquiv>
      </TextLine>
      <TextLine id="eSc_line_99457d8a" custom="structure {type:default;}">
        <Coords points="718,1835 718,1850 802,1857 804,1835 802,1766 718,1773 718,1835"/>
        <Baseline points="718,1835 804,1835"/>
        <TextEquiv conf="1.0">
          <Unicode>„</Unicode>
        </TextEquiv>
      </TextLine>
      <TextLine id="eSc_line_43772f1f" custom="structure {type:default;}">
        <Coords points="943,1826 943,1846 2898,1841 2900,1821 2896,1788 941,1788 943,1826"/>
        <Baseline points="943,1826 2900,1821"/>
        <TextEquiv conf="0.9996566275755564">
          <Unicode>15321 (9718) Canonicis Bononiensibus bona quaedam asserit. Savioli Ann. Bol. II. II.</Unicode>
        </TextEquiv>
      </TextLine>
      <TextLine id="eSc_line_784f7c3b" custom="structure {type:default;}">
        <Coords points="996,1879 996,1905 2898,1899 2900,1879 2898,1843 996,1841 996,1879"/>
        <Baseline points="996,1879 2900,1879"/>
        <TextEquiv conf="0.9956740438938141">
          <Unicode>140. (In Wiener Sitzungsber. XCIV. 683 haec bulla inter Urbani III. bullas apparet).</Unicode>
        </TextEquiv>
      </TextLine>
      <TextLine id="eSc_line_c595b2db" custom="structure {type:default;}">
        <Coords points="992,1930 992,1945 1341,1956 1343,1956 1345,1956 1347,1956 1363,1945 1420,1956 1422,1956 1425,1956 1469,1943 1469,1927 1464,1901 989,1899 992,1930"/>
        <Baseline points="992,1930 1469,1927"/>
        <TextEquiv conf="0.9999955627653334">
          <Unicode>— „Cum nobis sit“.</Unicode>
        </TextEquiv>
      </TextLine>
      <TextLine id="eSc_line_9c0532b1" custom="structure {type:default;}">
        <Coords points="413,1996 413,2025 607,2016 607,1991 596,1925 567,1943 410,1932 413,1996"/>
        <Baseline points="413,1996 607,1991"/>
        <TextEquiv conf="0.999999713897705">
          <Unicode>„ 12.</Unicode>
        </TextEquiv>
      </TextLine>
      <TextLine id="eSc_line_c68d5279" custom="structure {type:default;}">
        <Coords points="662,1994 660,2033 804,2025 806,1996 806,1952 662,1936 662,1994"/>
        <Baseline points="662,1994 806,1996"/>
        <TextEquiv conf="1.0">
          <Unicode>„</Unicode>
        </TextEquiv>
      </TextLine>
      <TextLine id="eSc_line_27876ca6" custom="structure {type:default;}">
        <Coords points="943,1987 943,2011 1592,2025 1595,2025 1663,2014 1729,2022 1732,2022 1734,2022 1756,2011 1760,2009 1763,2011 1787,2022 1789,2022 1791,2022 1886,2011 1902,2009 1913,2011 1977,2022 1979,2025 2163,2025 2163,2022 2231,2009 2249,2007 2264,2009 2317,2020 2319,2022 2401,2022 2401,2020 2403,2020 2406,2020 2421,2009 2425,2007 2448,2009 2540,2020 2543,2020 2900,2007 2903,1980 2898,1952 2260,1941 2258,1941 2134,1952 2129,1952 2109,1952 1597,1943 1595,1943 1592,1943 1559,1954 1555,1956 941,1956 943,1987"/>
        <Baseline points="943,1987 2903,1980"/>
        <TextEquiv conf="0.9937534027478911">
          <Unicode>15322 Consuetudinem, ut „vicarius, qui pro monasterio S. Victoris in ecclesia Parisiensi</Unicode>
        </TextEquiv>
      </TextLine>
      <TextLine id="eSc_line_aff7f65d" custom="structure {type:default;}">
        <Coords points="989,2036 987,2071 1391,2073 1394,2073 1396,2073 1405,2071 1453,2060 1513,2071 1537,2075 1539,2075 1542,2075 1553,2071 1575,2062 1641,2071 1674,2075 1676,2075 1729,2071 1833,2062 1897,2071 1946,2078 1948,2078 1999,2071 2048,2064 2096,2071 2147,2078 2149,2078 2896,2069 2898,2044 2896,2007 989,2005 989,2036"/>
        <Baseline points="989,2036 2898,2044"/>
        <TextEquiv conf="0.9903991788993647">
          <Unicode>deserviat, presbyter esse debeat“, confirmat. Autogr. in tab. nat. Paris. I. 232.</Unicode>
        </TextEquiv>
      </TextLine>
      <TextLine id="eSc_line_17b6b883" custom="structure {type:default;}">
        <Coords points="989,2097 989,2113 1440,2124 1442,2124 1586,2111 1597,2111 1601,2111 1634,2122 1637,2122 1639,2124 1849,2124 1849,2122 1851,2122 1902,2108 1902,2093 1897,2067 1442,2055 1440,2055 1438,2055 1389,2067 1069,2058 1067,2058 987,2069 989,2097"/>
        <Baseline points="989,2097 1902,2093"/>
        <TextEquiv conf="0.9705462439640148">
          <Unicode>n. 22. — „Ad audientiam apostolatus“.</Unicode>
        </TextEquiv>
      </TextLine>
      <TextLine id="eSc_line_3fef002c" custom="structure {type:default;}">
        <Coords points="415,2161 415,2190 448,2190 450,2190 452,2190 452,2188 455,2188 470,2168 514,2177 547,2184 550,2184 552,2184 614,2161 614,2153 607,2106 543,2115 532,2106 532,2104 530,2104 528,2104 525,2104 523,2104 475,2120 457,2102 455,2102 455,2100 452,2100 450,2100 448,2100 410,2100 415,2161"/>
        <Baseline points="415,2161 614,2153"/>
        <TextEquiv conf="0.9993512392044067">
          <Unicode>„ 12.</Unicode>
        </TextEquiv>
      </TextLine>
      <TextLine id="eSc_line_f5289815" custom="structure {type:default;}">
        <Coords points="691,2159 689,2184 748,2210 751,2210 753,2210 755,2210 804,2188 806,2164 806,2104 726,2086 724,2086 722,2086 691,2095 691,2159"/>
        <Baseline points="691,2159 806,2164"/>
        <TextEquiv conf="1.0">
          <Unicode>„</Unicode>
        </TextEquiv>
      </TextLine>
      <TextLine id="eSc_line_57890b2b" custom="structure {type:default;}">
        <Coords points="941,2153 941,2170 2896,2177 2900,2148 2894,2113 938,2117 941,2153"/>
        <Baseline points="941,2153 2900,2148"/>
        <TextEquiv conf="0.9928527675479292">
          <Unicode>15323 Maioris-monasterii obedientias secularibus personis assignari vetat. In bibl.</Unicode>
        </TextEquiv>
      </TextLine>
      <TextLine id="eSc_line_d36c7dc2" custom="structure {type:default;}">
        <Coords points="989,2203 989,2237 1106,2230 1142,2237 1175,2243 1177,2243 1268,2237 1343,2230 1356,2234 1374,2243 1376,2243 1378,2243 1568,2234 1668,2230 1694,2234 1754,2243 1756,2243 1758,2243 1760,2243 1774,2232 1780,2230 1822,2232 1937,2241 1939,2241 1942,2241 1944,2241 1955,2232 1961,2228 1979,2232 2012,2239 2014,2239 2154,2230 2211,2228 2227,2230 2277,2241 2280,2241 2282,2241 2284,2241 2299,2230 2304,2228 2406,2228 2410,2230 2430,2241 2432,2241 2434,2241 2436,2243 2615,2243 2615,2241 2618,2241 2620,2241 2633,2230 2664,2241 2666,2241 2668,2243 2861,2243 2861,2241 2863,2241 2903,2226 2903,2199 2896,2173 987,2175 989,2203"/>
        <Baseline points="989,2203 2903,2199"/>
        <TextEquiv conf="0.9987032011330846">
          <Unicode>nat. Paris. ms. lat. 12776. f. 206, ms. lat. 12879. f. 186“. — „Pervenit ad audien-</Unicode>
        </TextEquiv>
      </TextLine>
      <TextLine id="eSc_line_18f0ac24" custom="structure {type:default;}">
        <Coords points="987,2261 987,2270 1058,2290 1060,2290 1062,2290 1064,2290 1142,2265 1142,2256 1135,2221 985,2223 987,2261"/>
        <Baseline points="987,2261 1142,2256"/>
        <TextEquiv conf="0.9983835021654764">
          <Unicode>tiam“.</Unicode>
        </TextEquiv>
      </TextLine>
      <TextLine id="eSc_line_41635d66" custom="structure {type:default;}">
        <Coords points="417,2320 417,2356 605,2334 605,2316 592,2276 585,2285 550,2279 523,2274 521,2274 519,2274 517,2274 510,2281 501,2287 415,2287 417,2320"/>
        <Baseline points="417,2320 605,2316"/>
        <TextEquiv conf="0.9999999284744263">
          <Unicode>„ 13.</Unicode>
        </TextEquiv>
      </TextLine>
      <TextLine id="eSc_line_3aabab80" custom="structure {type:default;}">
        <Coords points="698,2320 695,2369 748,2365 799,2378 806,2325 806,2292 698,2279 698,2320"/>
        <Baseline points="698,2320 806,2325"/>
        <TextEquiv conf="0.9999493360519409">
          <Unicode>„</Unicode>
        </TextEquiv>
      </TextLine>
      <TextLine id="eSc_line_4a404a25" custom="structure {type:default;}">
        <Coords points="943,2316 943,2343 2903,2343 2905,2312 2898,2267 2836,2279 2567,2267 2518,2267 2516,2267 2503,2270 2436,2279 2421,2270 2419,2267 2417,2267 2414,2267 2412,2267 2381,2270 2280,2279 2204,2270 2171,2267 2169,2267 2167,2267 2154,2270 2121,2279 2061,2272 2026,2267 2023,2267 2021,2267 2012,2272 1997,2279 1926,2272 1895,2270 1893,2270 1891,2270 1889,2270 1886,2272 1873,2281 1853,2272 1847,2270 1844,2270 1842,2270 1822,2272 1778,2281 941,2279 943,2316"/>
        <Baseline points="943,2316 2905,2312"/>
        <TextEquiv conf="0.9993923135101795">
          <Unicode>15324 Decano et capitulo Ambianensi bullam dat. Neues Archiv VII. 112. — „Iustis</Unicode>
        </TextEquiv>
      </TextLine>
      <TextLine id="eSc_line_3c0633e6" custom="structure {type:default;}">
        <Coords points="992,2371 992,2396 1208,2398 1210,2398 1212,2398 1259,2385 1259,2367 1252,2338 989,2340 992,2371"/>
        <Baseline points="992,2371 1259,2367"/>
        <TextEquiv conf="0.999999924139543">
          <Unicode>petentium“.</Unicode>
        </TextEquiv>
      </TextLine>
      <TextLine id="eSc_line_84cbf0cd" custom="structure {type:default;}">
        <Coords points="419,2431 419,2451 448,2457 450,2457 452,2457 455,2457 463,2451 481,2440 510,2451 517,2453 519,2453 521,2453 605,2449 605,2424 594,2382 578,2396 543,2385 541,2385 539,2385 536,2385 534,2385 532,2385 472,2400 417,2389 419,2431"/>
        <Baseline points="419,2431 605,2424"/>
        <TextEquiv conf="0.999984622001648">
          <Unicode>„ 13.</Unicode>
        </TextEquiv>
      </TextLine>
      <TextLine id="eSc_line_bcb61ce5" custom="structure {type:default;}">
        <Coords points="740,2433 740,2502 793,2515 795,2433 795,2391 740,2389 740,2433"/>
        <Baseline points="740,2433 795,2433"/>
        <TextEquiv conf="0.9999641180038452">
          <Unicode>„</Unicode>
        </TextEquiv>
      </TextLine>
      <TextLine id="eSc_line_f33e1890" custom="structure {type:default;}">
        <Coords points="943,2429 943,2455 2905,2455 2905,2420 2900,2385 941,2385 943,2429"/>
        <Baseline points="943,2429 2905,2420"/>
        <TextEquiv conf="0.9925681975754824">
          <Unicode>15325 Parthenoni S. Trinitatis Cadomensis ecclesiam S. Egidii et libertates a W(illelmo)</Unicode>
        </TextEquiv>
      </TextLine>
      <TextLine id="eSc_line_4c6b8632" custom="structure {type:default;}">
        <Coords points="992,2479 992,2502 2900,2502 2900,2479 2900,2449 992,2449 992,2479"/>
        <Baseline points="992,2479 2900,2479"/>
        <TextEquiv conf="0.993671576698105">
          <Unicode>quondam rege Anglorum concessas et per quadraginta annos possessas confirmat.</Unicode>
        </TextEquiv>
      </TextLine>
      <TextLine id="eSc_line_bd2e0d40" custom="structure {type:default;}">
        <Coords points="989,2532 989,2555 1078,2568 1080,2568 1082,2568 1111,2555 1115,2555 1144,2555 1380,2568 1383,2568 1385,2568 1425,2555 1427,2555 1429,2555 1489,2566 1491,2566 1493,2566 1495,2566 1513,2555 1522,2555 1699,2566 1701,2566 1840,2557 1926,2568 1928,2568 1931,2568 1933,2568 1950,2552 1953,2552 1961,2552 2043,2563 2045,2563 2149,2552 2158,2552 2160,2552 2178,2566 2180,2566 2182,2566 2185,2568 2375,2568 2375,2566 2377,2566 2410,2552 2439,2566 2441,2566 2443,2566 2445,2566 2483,2552 2518,2566 2520,2566 2523,2566 2525,2566 2567,2552 2571,2552 2852,2566 2854,2566 2856,2566 2900,2550 2900,2528 2894,2499 987,2502 989,2532"/>
        <Baseline points="989,2532 2900,2528"/>
        <TextEquiv conf="0.9951586486345314">
          <Unicode>Orig. in Arch. dép. du Calvados in Caen, fonds de Ste.-Trinité n. 48. — „Iustis pe-</Unicode>
        </TextEquiv>
      </TextLine>
      <TextLine id="eSc_line_58ea4e81" custom="structure {type:default;}">
        <Coords points="989,2588 989,2605 1051,2623 1053,2623 1056,2625 1137,2625 1137,2623 1140,2623 1179,2608 1226,2623 1228,2623 1230,2623 1438,2605 1438,2588 1438,2559 989,2559 989,2588"/>
        <Baseline points="989,2588 1438,2588"/>
        <TextEquiv conf="0.9999738335609436">
          <Unicode>tentium desideriis“.</Unicode>
        </TextEquiv>
      </TextLine>
      <TextLine id="eSc_line_bcdd6702" custom="structure {type:default;}">
        <Coords points="419,2650 419,2685 455,2685 455,2683 457,2683 459,2683 459,2680 461,2678 481,2661 528,2672 539,2674 541,2674 600,2663 600,2645 596,2610 417,2610 419,2650"/>
        <Baseline points="419,2650 600,2645"/>
        <TextEquiv conf="0.9987045526504517">
          <Unicode>„ 13.</Unicode>
        </TextEquiv>
      </TextLine>
      <TextLine id="eSc_line_47a6a022" custom="structure {type:default;}">
        <Coords points="733,2654 733,2663 748,2674 751,2674 753,2674 755,2674 808,2661 808,2654 808,2627 733,2627 733,2654"/>
        <Baseline points="733,2654 808,2654"/>
        <TextEquiv conf="1.0">
          <Unicode>„)</Unicode>
        </TextEquiv>
      </TextLine>
      <TextLine id="eSc_line_65ca88f5" custom="structure {type:default;}">
        <Coords points="943,2647 943,2672 2898,2672 2900,2638 2894,2599 941,2612 943,2647"/>
        <Baseline points="943,2647 2900,2638"/>
        <TextEquiv conf="0.9950438814107762">
          <Unicode>15326 Monasterium Leoncellense ab iniuriis malefactorum tuetur, fratribusque indulget,</Unicode>
        </TextEquiv>
      </TextLine>
      <TextLine id="eSc_line_53ac4cac" custom="structure {type:default;}">
        <Coords points="996,2700 996,2720 2900,2714 2903,2694 2896,2665 994,2669 996,2700"/>
        <Baseline points="996,2700 2903,2694"/>
        <TextEquiv conf="0.9996700868010521">
          <Unicode>ut ad secularia iudicia a nullo unquam trahantur, utque in causis eorum iconomus</Unicode>
        </TextEquiv>
      </TextLine>
      <TextLine id="eSc_line_e3cd85f1" custom="structure {type:default;}">
        <Coords points="992,2756 992,2791 1440,2782 1524,2791 1557,2795 1559,2795 1615,2791 1780,2780 1811,2791 1820,2795 1822,2795 1824,2797 1931,2797 1931,2795 1975,2791 2127,2778 2156,2791 2158,2793 2160,2793 2163,2793 2182,2791 2297,2780 2403,2791 2421,2793 2423,2793 2425,2793 2432,2791 2496,2775 2898,2791 2903,2747 2898,2720 1469,2714 1467,2714 1464,2714 1462,2714 1447,2725 1022,2716 1020,2716 1018,2716 989,2725 992,2756"/>
        <Baseline points="992,2756 2903,2747"/>
        <TextEquiv conf="0.992622665706135">
          <Unicode>„iuramentum calumniae praestet“. Chevalier Coll. de cart. Dauphin. IV. 39. — „Iustis</Unicode>
        </TextEquiv>
      </TextLine>
      <TextLine id="eSc_line_c0f42853" custom="structure {type:default;}">
        <Coords points="989,2809 989,2831 1206,2839 1208,2839 1210,2839 1237,2828 1239,2828 1243,2828 1316,2839 1319,2839 1484,2824 1486,2802 1480,2773 987,2778 989,2809"/>
        <Baseline points="989,2809 1486,2802"/>
        <TextEquiv conf="0.9969880066134713">
          <Unicode>petentium desideriis“.</Unicode>
        </TextEquiv>
      </TextLine>
      <TextLine id="eSc_line_593c2b22" custom="structure {type:default;}">
        <Coords points="417,2873 419,2901 468,2886 510,2888 576,2892 578,2892 581,2892 583,2892 600,2877 600,2864 596,2824 539,2811 536,2811 534,2811 532,2811 517,2824 510,2826 413,2824 417,2873"/>
        <Baseline points="417,2873 600,2864"/>
        <TextEquiv conf="0.9999813795089721">
          <Unicode>„ 13.</Unicode>
        </TextEquiv>
      </TextLine>
      <TextLine id="eSc_line_43d5b3ee" custom="structure {type:default;}">
        <Coords points="735,2870 735,2930 813,2917 813,2868 806,2802 733,2802 735,2870"/>
        <Baseline points="735,2870 813,2868"/>
        <TextEquiv conf="0.9999997615814209">
          <Unicode>„</Unicode>
        </TextEquiv>
      </TextLine>
      <TextLine id="eSc_line_0928454c" custom="structure {type:default;}">
        <Coords points="945,2868 945,2892 2900,2884 2903,2857 2898,2820 1444,2820 1442,2820 1327,2831 965,2822 963,2822 961,2822 958,2822 943,2828 945,2868"/>
        <Baseline points="945,2868 2903,2857"/>
        <TextEquiv conf="0.9941913371994382">
          <Unicode>15327 (9719) Sententiam de praebenda ecclesiae S. Exuperii Corboliensis ab I., quon-</Unicode>
        </TextEquiv>
      </TextLine>
      <TextLine id="eSc_line_aa12ea03" custom="structure {type:default;}">
        <Coords points="996,2919 996,2939 2900,2932 2903,2912 2896,2875 994,2888 996,2919"/>
        <Baseline points="996,2919 2903,2912"/>
        <TextEquiv conf="0.9998553723096848">
          <Unicode>dam episcopo Carnotensi, latam inter eandem ecclesiam et monasterium S. Dionysii</Unicode>
        </TextEquiv>
      </TextLine>
      <TextLine id="eSc_line_5091759b" custom="structure {type:default;}">
        <Coords points="992,2974 992,2994 1407,3005 1409,3005 1411,3005 1442,2994 1442,2992 1743,2992 1767,2992 1931,3003 1933,3003 1935,3003 1966,2992 1979,3003 1981,3003 1984,3003 1986,3005 2213,3005 2213,3003 2271,2990 2280,2990 2288,2990 2344,3001 2346,3001 2394,2990 2401,2990 2428,2990 2631,3001 2633,3001 2900,2987 2903,2968 2896,2939 989,2943 992,2974"/>
        <Baseline points="992,2974 2903,2968"/>
        <TextEquiv conf="0.9986397669285159">
          <Unicode>confirmat. Doublet Hist. de St. Denys p. 515, Coüard-Luys Cart. de St.-Spire de</Unicode>
        </TextEquiv>
      </TextLine>
      <TextLine id="eSc_line_f43031dc" custom="structure {type:default;}">
        <Coords points="989,3027 989,3047 1380,3058 1383,3058 1385,3058 1431,3045 1438,3045 1469,3045 1676,3056 1679,3056 1763,3045 1765,3045 1767,3045 1948,3054 1950,3054 1953,3054 1955,3054 1955,3051 1964,3045 1975,3054 1977,3054 1979,3054 1981,3056 2238,3056 2238,3054 2240,3054 2282,3040 2282,3021 2275,2992 987,2996 989,3027"/>
        <Baseline points="989,3027 2282,3021"/>
        <TextEquiv conf="0.9998923618838472">
          <Unicode>Corb. p. 33, Migne 201 p. 1330. — „Ea, quae iudicio“.</Unicode>
        </TextEquiv>
      </TextLine>
      <TextLine id="eSc_line_a157d39e" custom="structure {type:default;}">
        <Coords points="419,3089 419,3127 514,3111 543,3118 574,3127 576,3127 578,3127 581,3127 612,3111 612,3085 609,3051 581,3032 578,3032 576,3032 574,3032 417,3056 419,3089"/>
        <Baseline points="419,3089 612,3085"/>
        <TextEquiv conf="0.999999713897705">
          <Unicode>„ 13.</Unicode>
        </TextEquiv>
      </TextLine>
      <TextLine id="eSc_line_7cde8dda" custom="structure {type:default;}">
        <Coords points="669,3089 669,3102 707,3102 724,3113 751,3135 753,3135 755,3135 757,3135 806,3131 806,3089 804,2996 724,2998 702,2976 698,2974 698,2972 695,2972 693,2972 669,2972 669,3089"/>
        <Baseline points="669,3089 806,3089"/>
        <TextEquiv conf="0.9999873638153076">
          <Unicode>„</Unicode>
        </TextEquiv>
      </TextLine>
      <TextLine id="eSc_line_4cc63721" custom="structure {type:default;}">
        <Coords points="943,3082 943,3107 2898,3100 2900,3076 2896,3045 941,3045 943,3082"/>
        <Baseline points="943,3082 2900,3076"/>
        <TextEquiv conf="0.9982693783938885">
          <Unicode>15328 Abbati S. Remigii et decano Remensi scribit de decimis a monachis Altimon-</Unicode>
        </TextEquiv>
      </TextLine>
      <TextLine id="eSc_line_8ea3ada3" custom="structure {type:default;}">
        <Coords points="994,3138 994,3160 1053,3173 1056,3173 1058,3173 1100,3162 1109,3160 1115,3162 1157,3177 1159,3177 1162,3177 1164,3177 1197,3162 1199,3162 1201,3162 1248,3177 1250,3177 1252,3177 1254,3177 1288,3164 1296,3160 1345,3164 1500,3177 1502,3177 1504,3177 1531,3164 1542,3160 1681,3160 1696,3166 1716,3175 1718,3175 1721,3175 1756,3166 1787,3160 1798,3166 1811,3177 1813,3177 1816,3177 1818,3180 1946,3180 1946,3177 1948,3177 1979,3168 2019,3157 2896,3175 2900,3133 2896,3104 1095,3096 1093,3096 992,3107 994,3138"/>
        <Baseline points="994,3138 2900,3133"/>
        <TextEquiv conf="0.9876729764044285">
          <Unicode>tensibus non solvendis. Ex Coll. Moreau t. 87. f. 117 in bibl. nat. Paris. Misit</Unicode>
        </TextEquiv>
      </TextLine>
      <TextLine id="eSc_line_96a9f496" custom="structure {type:default;}">
        <Coords points="994,3193 994,3210 1034,3224 1036,3224 1038,3224 1168,3213 1676,3224 1679,3224 1796,3210 1796,3193 1796,3164 994,3164 994,3193"/>
        <Baseline points="994,3193 1796,3193"/>
        <TextEquiv conf="0.9996917301958258">
          <Unicode>Delisle. — „Querelam dilectorum“.</Unicode>
        </TextEquiv>
      </TextLine>
      <TextLine id="eSc_line_d0f02eb7" custom="structure {type:default;}">
        <Coords points="424,3252 424,3268 505,3261 525,3263 581,3274 583,3274 585,3274 623,3257 623,3248 618,3221 528,3206 525,3206 523,3206 521,3206 501,3224 421,3224 424,3252"/>
        <Baseline points="424,3252 623,3248"/>
        <TextEquiv conf="0.9999997615814209">
          <Unicode>„ 15.</Unicode>
        </TextEquiv>
      </TextLine>
      <TextLine id="eSc_line_8d6bd5d8" custom="structure {type:default;}">
        <Coords points="653,3292 813,3299 817,3255 813,3210 700,3217 658,3199 656,3250 653,3292"/>
        <Baseline points="656,3250 817,3255"/>
        <TextEquiv conf="1.0">
          <Unicode>„</Unicode>
        </TextEquiv>
      </TextLine>
      <TextLine id="eSc_line_4cde569e" custom="structure {type:default;}">
        <Coords points="945,3246 945,3268 2900,3272 2903,3239 2896,3197 943,3210 945,3246"/>
        <Baseline points="945,3246 2903,3239"/>
        <TextEquiv conf="0.997602578387203">
          <Unicode>15329 Abbati et fratribus Altaeripensibus possessiones quasdam asserit. Mémorial de</Unicode>
        </TextEquiv>
      </TextLine>
      <TextLine id="eSc_line_a64dd21c" custom="structure {type:default;}">
        <Coords points="996,3301 996,3321 2136,3314 2138,3294 2134,3268 1789,3257 1787,3257 1785,3257 1754,3268 1749,3270 994,3270 996,3301"/>
        <Baseline points="996,3301 2138,3294"/>
        <TextEquiv conf="0.9967813527584076">
          <Unicode>Fribourg III. 67. — „Iustis petentium desideriis“.</Unicode>
        </TextEquiv>
      </TextLine>
      <TextLine id="eSc_line_01f5164f" custom="structure {type:default;}">
        <Coords points="419,3361 421,3475 523,3484 525,3484 528,3484 530,3484 541,3475 565,3495 574,3502 574,3504 576,3504 578,3504 581,3504 623,3502 620,3354 616,3312 417,3303 419,3361"/>
        <Baseline points="419,3361 620,3354"/>
        <TextEquiv conf="0.9331096609433492">
          <Unicode>„*„</Unicode>
        </TextEquiv>
      </TextLine>
      <TextLine id="eSc_line_0ab99ca0" custom="structure {type:default;}">
        <Coords points="676,3356 671,3482 735,3478 766,3504 773,3509 773,3511 775,3511 777,3511 779,3513 810,3513 817,3361 815,3297 676,3319 676,3356"/>
        <Baseline points="676,3356 817,3361"/>
        <TextEquiv conf="1.0">
          <Unicode>„</Unicode>
        </TextEquiv>
      </TextLine>
      <TextLine id="eSc_line_5063b143" custom="structure {type:default;}">
        <Coords points="943,3356 943,3380 1250,3394 1252,3394 1358,3380 1383,3378 1398,3380 1451,3392 1453,3394 1670,3394 1670,3392 1672,3392 1674,3392 1690,3380 1692,3378 1703,3380 1758,3389 1760,3389 1889,3387 1891,3387 1893,3387 1904,3380 1911,3376 2037,3376 2043,3378 2056,3389 2059,3389 2061,3389 2063,3389 2121,3378 2149,3374 2160,3378 2178,3387 2180,3387 2182,3389 2357,3389 2357,3387 2359,3387 2390,3378 2410,3374 2434,3378 2485,3387 2487,3387 2531,3378 2562,3372 2600,3378 2646,3385 2649,3385 2697,3378 2737,3372 2759,3378 2783,3385 2786,3385 2788,3385 2898,3376 2900,3345 2896,3312 1758,3312 1756,3312 1699,3323 1692,3323 1661,3323 1345,3314 1343,3314 1341,3314 1338,3314 1323,3325 958,3316 956,3316 954,3316 952,3316 941,3323 943,3356"/>
        <Baseline points="943,3356 2900,3345"/>
        <TextEquiv conf="0.9978192806243896">
          <Unicode>15330 Fratribus Savigneiensibus indulget, ut si quis monasterio eorum aliquid largiri</Unicode>
        </TextEquiv>
      </TextLine>
      <TextLine id="eSc_line_104107d1" custom="structure {type:default;}">
        <Coords points="998,3407 998,3431 2896,3442 2900,3407 2898,3378 998,3378 998,3407"/>
        <Baseline points="998,3407 2900,3407"/>
        <TextEquiv conf="0.9985925621456571">
          <Unicode>voluerit, nemini id impedire liceat. Cartul. de Savigny s. XIII. f. 168“ in Arch.</Unicode>
        </TextEquiv>
      </TextLine>
      <TextLine id="eSc_line_722d2a66" custom="structure {type:default;}">
        <Coords points="996,3464 996,3513 1064,3535 1067,3535 1069,3537 1122,3537 1122,3535 1124,3535 1126,3535 1157,3515 1349,3535 1352,3535 1436,3517 1460,3535 1462,3535 1464,3535 1467,3537 1553,3537 1553,3535 1555,3535 1601,3515 1619,3531 1621,3531 1623,3531 1626,3531 1628,3531 1654,3520 1705,3535 1707,3535 1710,3535 1822,3533 1824,3533 1827,3533 1827,3531 1842,3515 1889,3513 2003,3533 2006,3533 2008,3533 2052,3517 2224,3533 2227,3533 2229,3533 2231,3533 2244,3522 2335,3528 2337,3528 2428,3509 2428,3460 2423,3427 1014,3422 1011,3422 1009,3422 1007,3422 994,3429 996,3464"/>
        <Baseline points="996,3464 2428,3460"/>
        <TextEquiv conf="0.9780328049034369">
          <Unicode>dep. de la Manche in St -Lo. — „Laboribus et necessitatibus“.</Unicode>
        </TextEquiv>
      </TextLine>
    </TextRegion>
    <TextRegion id="eSc_textblock_21314185"  custom="structure {type:default;}">
      <Coords points="1274,114 2034,123 2052,192 2026,218 1252,218 1235,150 1274,114"/>
      <TextLine id="eSc_line_61cebfd0" custom="structure {type:default;}">
        <Coords points="1257,185 1257,212 1451,223 1453,223 1455,223 1482,214 1511,205 1522,216 1526,218 1526,220 1528,220 1531,220 1588,223 1590,223 1592,223 1595,223 1604,216 1621,203 1670,203 1685,216 1690,218 1690,220 1692,220 1694,220 1696,223 1780,223 1780,220 1782,220 1785,220 1787,218 1807,203 1864,203 1880,218 1884,220 1884,223 1886,223 1889,223 1891,223 2026,218 2026,181 2023,143 1990,125 1988,125 1986,125 1864,141 1685,128 1683,128 1601,143 1557,125 1555,125 1553,125 1551,125 1491,143 1442,125 1440,125 1438,125 1301,136 1277,125 1274,125 1272,125 1270,125 1268,125 1268,128 1254,139 1257,185"/>
        <Baseline points="1257,185 2026,181"/>
        <TextEquiv conf="0.9920138094736182">
          <Unicode>I.LCIUS III. 1181—1185.</Unicode>
        </TextEquiv>
      </TextLine>
    </TextRegion>
  </Page>
</PcGts>
