<?xml version="1.0" encoding="UTF-8"  standalone="yes"?>
<PcGts xmlns="http://schema.primaresearch.org/PAGE/gts/pagecontent/2019-07-15" xmlns:xsi="http://www.w3.org/2001/XMLSchema-instance" xsi:schemaLocation="http://schema.primaresearch.org/PAGE/gts/pagecontent/2019-07-15 http://schema.primaresearch.org/PAGE/gts/pagecontent/2019-07-15/pagecontent.xsd">
  <Metadata externalRef="pdf//regestapontificu02cath.pdf">
	<Creator>escriptorium</Creator>
	<Created>2026-01-31T10:42:01.455265+00:00</Created>
        <LastChange>2026-02-04T23:26:50.029341+00:00</LastChange>
  </Metadata>
  <Page imageFilename="regestapontificu02cath.pdf_page_552.png" imageWidth="3007" imageHeight="3975">
    <TextRegion id="eSc_textblock_4645393c"  custom="structure {type:default;}">
      <Coords points="346,132 483,141 483,209 344,245 318,159 346,132"/>
      <TextLine id="eSc_line_7d549db0" custom="structure {type:default;}">
        <Coords points="446,139 424,136 406,134 335,136 335,139 340,194 340,227 466,218 466,187 459,139 446,139"/>
        <Baseline points="340,194 466,187"/>
        <TextEquiv conf="0.9998321135838827">
          <Unicode>540</Unicode>
        </TextEquiv>
      </TextLine>
    </TextRegion>
    <TextRegion id="eSc_textblock_ba15bb4a"  custom="structure {type:default;}">
      <Coords points="1186,282 2892,291 2883,3531 954,3539 872,3495 468,3504 309,3469 309,326 335,291 583,318 810,291 881,318 892,291 1186,282"/>
      <TextLine id="eSc_line_4018281e" custom="structure {type:default;}">
        <Coords points="932,289 910,289 888,298 888,342 888,366 1433,375 1436,375 1471,371 1526,364 1535,371 1537,373 1537,375 1539,375 1542,375 1544,377 1687,377 1687,375 1690,375 1696,373 1716,364 1727,373 1729,375 1732,375 1734,375 1736,375 1738,375 1747,373 1778,364 1807,373 1811,375 1813,375 1816,375 1829,373 1886,364 2032,375 2045,375 2048,375 2050,375 2085,364 2193,375 2196,342 2196,291 2123,291 2121,291 2118,291 2116,291 2092,309 2043,309 2026,293 2023,293 2021,293 2019,293 1942,306 1922,293 1922,291 1919,291 1917,291 1915,291 1913,291 1911,291 1911,293 1891,309 1847,309 1820,293 1816,291 1813,291 1811,291 1809,291 1807,291 1807,293 1805,293 1791,309 1705,309 1687,295 1683,291 1681,291 1679,291 1623,289 1621,289 1584,295 1528,306 1442,298 1383,291 1330,291 1327,291 1325,291 1323,291 1323,293 1316,298 1307,309 1177,309 1155,300 1120,289 1117,289 954,289 932,289"/>
        <Baseline points="888,342 2196,342"/>
        <TextEquiv conf="0.9816582515835762">
          <Unicode>1188. (Ind. 6. — 25. Sept. — 7, pont. a. 1. — 20. Dar. — 2.)</Unicode>
        </TextEquiv>
      </TextLine>
      <TextLine id="eSc_line_6b50017d" custom="structure {type:default;}">
        <Coords points="355,404 353,452 470,472 472,472 583,457 585,408 585,362 543,346 541,346 539,346 355,357 355,404"/>
        <Baseline points="355,404 585,408"/>
        <TextEquiv conf="0.9931717813014984">
          <Unicode>Lan. 24.</Unicode>
        </TextEquiv>
      </TextLine>
      <TextLine id="eSc_line_033e1fc7" custom="structure {type:default;}">
        <Coords points="625,465 777,452 784,454 802,468 804,468 806,468 808,468 810,468 852,450 852,408 850,351 698,362 627,342 625,408 625,465"/>
        <Baseline points="625,408 852,408"/>
        <TextEquiv conf="0.9953514784574509">
          <Unicode>Marturae</Unicode>
        </TextEquiv>
      </TextLine>
      <TextLine id="eSc_line_6c8f4b5d" custom="structure {type:default;}">
        <Coords points="916,404 916,437 2876,435 2878,408 2874,364 916,366 916,404"/>
        <Baseline points="916,404 2878,408"/>
        <TextEquiv conf="0.9906534331816214">
          <Unicode>16140 Ild(ebrando) episcopo Volaterrensi ecclesiam Collensem de valle Elsa, iuris</Unicode>
        </TextEquiv>
      </TextLine>
      <TextLine id="eSc_line_808af8b2" custom="structure {type:default;}">
        <Coords points="965,463 965,488 2874,483 2876,459 2872,428 985,419 983,419 980,419 978,419 963,426 965,463"/>
        <Baseline points="965,463 2876,459"/>
        <TextEquiv conf="0.9937317647585054">
          <Unicode>S. Petri, disponendam committit. Prohibet, ne ecclesiam, cum ad cam accedat, „per-</Unicode>
        </TextEquiv>
      </TextLine>
      <TextLine id="eSc_line_c42c2c1a" custom="structure {type:default;}">
        <Coords points="969,516 967,534 1277,547 1279,547 2874,541 2876,521 2874,490 969,485 969,516"/>
        <Baseline points="969,516 2876,521"/>
        <TextEquiv conf="0.9989204356469303">
          <Unicode>sonarum vel equitaturarum numerosa multitudine“ aggravet. Pflugk-Harttung Acta III.</Unicode>
        </TextEquiv>
      </TextLine>
      <TextLine id="eSc_line_a1713c38" custom="structure {type:default;}">
        <Coords points="969,571 967,598 2874,602 2878,576 2876,543 969,538 969,571"/>
        <Baseline points="969,571 2878,576"/>
        <TextEquiv conf="0.9995309507304971">
          <Unicode>357. (Ammirato Vesc. di Fiesole p. 112, Ughelli It. sacr. I. 1443, Leoncini III. s. cat.</Unicode>
        </TextEquiv>
      </TextLine>
      <TextLine id="eSc_line_979f6a0c" custom="structure {type:default;}">
        <Coords points="967,622 965,642 1007,658 1009,658 1011,658 1014,658 1058,647 1321,660 1323,660 1416,649 1453,660 1455,660 1458,660 1754,651 1765,660 1765,662 1767,662 1769,662 1771,662 2003,649 2006,629 2003,594 967,587 967,622"/>
        <Baseline points="967,622 2006,629"/>
        <TextEquiv conf="0.9997482401568715">
          <Unicode>di Volt. p. 254). — „Devotionem quam ad“.</Unicode>
        </TextEquiv>
      </TextLine>
      <TextLine id="eSc_line_a81cd8f6" custom="structure {type:default;}">
        <Coords points="393,684 397,724 437,700 475,700 510,722 512,724 514,724 517,724 519,724 574,719 574,680 567,640 391,647 393,684"/>
        <Baseline points="393,684 574,680"/>
        <TextEquiv conf="0.9999981164932251">
          <Unicode>„ 24.</Unicode>
        </TextEquiv>
      </TextLine>
      <TextLine id="eSc_line_3cca4fdf" custom="structure {type:default;}">
        <Coords points="691,697 691,724 790,708 790,697 790,658 713,653 711,653 709,653 707,653 691,662 691,697"/>
        <Baseline points="691,697 790,697"/>
        <TextEquiv conf="0.9999909400939941">
          <Unicode>„</Unicode>
        </TextEquiv>
      </TextLine>
      <TextLine id="eSc_line_1f592092" custom="structure {type:default;}">
        <Coords points="919,677 916,700 2874,704 2878,682 2876,649 919,644 919,677"/>
        <Baseline points="919,677 2878,682"/>
        <TextEquiv conf="0.9995790206152817">
          <Unicode>16141 Plebano, clericis et capellanis plebis de Colle nuntiat, sese ecclesiae eorum cu-</Unicode>
        </TextEquiv>
      </TextLine>
      <TextLine id="eSc_line_c7ed29d0" custom="structure {type:default;}">
        <Coords points="969,737 969,766 2878,766 2878,737 2878,708 969,708 969,737"/>
        <Baseline points="969,737 2878,737"/>
        <TextEquiv conf="0.9979948699474335">
          <Unicode>ram II(debrando) episcopo Volaterrensi demandasse. Cui ut obediant hortatur. Pflugk-</Unicode>
        </TextEquiv>
      </TextLine>
      <TextLine id="eSc_line_0dd96257" custom="structure {type:default;}">
        <Coords points="969,788 967,814 2207,828 2209,828 2825,817 2828,795 2825,761 969,755 969,788"/>
        <Baseline points="969,788 2828,795"/>
        <TextEquiv conf="0.9911297911252731">
          <Unicode>Harttung Acta III. 357, (Ammirato Vesc. di Fiesole p. 112). — „Noveritis nos“.</Unicode>
        </TextEquiv>
      </TextLine>
      <TextLine id="eSc_line_0f8977ed" custom="structure {type:default;}">
        <Coords points="395,852 395,892 512,878 572,887 574,845 570,792 505,792 503,792 501,792 499,792 488,801 470,817 393,817 395,852"/>
        <Baseline points="395,852 574,845"/>
        <TextEquiv conf="0.984326434135437">
          <Unicode>„ 26.</Unicode>
        </TextEquiv>
      </TextLine>
      <TextLine id="eSc_line_802cf8ae" custom="structure {type:default;}">
        <Coords points="660,848 660,874 744,889 746,889 824,874 824,848 824,792 678,786 676,786 673,786 671,786 660,792 660,848"/>
        <Baseline points="660,848 824,848"/>
        <TextEquiv conf="0.9955658674240112">
          <Unicode>Senis</Unicode>
        </TextEquiv>
      </TextLine>
      <TextLine id="eSc_line_4c5b80ec" custom="structure {type:default;}">
        <Coords points="919,843 916,867 2876,872 2881,848 2878,812 919,810 919,843"/>
        <Baseline points="919,843 2881,848"/>
        <TextEquiv conf="0.9971346473425962">
          <Unicode>16142 (10037) B(alduino), archiepiscopo Cantuariensi, praecipit, ut „quidquid post appel-</Unicode>
        </TextEquiv>
      </TextLine>
      <TextLine id="eSc_line_e8ac9ed2" custom="structure {type:default;}">
        <Coords points="969,903 969,927 1453,938 1455,938 1513,927 1601,938 1604,938 1694,927 1853,936 1855,936 1858,936 1860,936 1875,925 1877,925 1922,936 1924,936 1926,936 1928,936 1961,925 1977,925 2337,934 2339,934 2410,923 2414,923 2419,923 2474,934 2476,934 2598,923 2624,934 2626,934 2629,936 2847,936 2847,934 2850,934 2878,920 2878,896 2872,865 967,870 969,903"/>
        <Baseline points="969,903 2878,896"/>
        <TextEquiv conf="0.9958510468532513">
          <Unicode>lationem (a monachis Cantuariensibus) ad sedem apostolicam factam vel praede-</Unicode>
        </TextEquiv>
      </TextLine>
      <TextLine id="eSc_line_3c119bce" custom="structure {type:default;}">
        <Coords points="967,958 967,987 2878,991 2881,958 2878,925 967,925 967,958"/>
        <Baseline points="967,958 2881,958"/>
        <TextEquiv conf="0.9990432385991259">
          <Unicode>cessoris sui (Urbani III.) prohibitionem in opere capellae actum sit, non differat</Unicode>
        </TextEquiv>
      </TextLine>
      <TextLine id="eSc_line_948e0a7c" custom="structure {type:default;}">
        <Coords points="967,1009 967,1037 2876,1037 2878,1013 2876,973 967,973 967,1009"/>
        <Baseline points="967,1009 2878,1013"/>
        <TextEquiv conf="0.9920640334486961">
          <Unicode>demoliri“; sed hortatur eum, ne quid pendente iudicio circa monasterii statum in</Unicode>
        </TextEquiv>
      </TextLine>
      <TextLine id="eSc_line_49c5e0b7" custom="structure {type:default;}">
        <Coords points="967,1066 965,1084 2874,1088 2878,1071 2876,1040 967,1035 967,1066"/>
        <Baseline points="967,1066 2878,1071"/>
        <TextEquiv conf="0.9999429329236349">
          <Unicode>fratrum detrimentum immutare audeat. Gervasii chron. 1188 ap. Twysden H. A.</Unicode>
        </TextEquiv>
      </TextLine>
      <TextLine id="eSc_line_6923f53e" custom="structure {type:default;}">
        <Coords points="965,1126 965,1163 2874,1152 2876,1121 2870,1090 963,1090 965,1126"/>
        <Baseline points="965,1126 2876,1121"/>
        <TextEquiv conf="0.9985775886611505">
          <Unicode>SS. I. 1528, Opp. hist. ed. Stubbs I. 421, Stubbs Chronicles II. 174, Migne 204 p. 1294.</Unicode>
        </TextEquiv>
      </TextLine>
      <TextLine id="eSc_line_69cb14fb" custom="structure {type:default;}">
        <Coords points="967,1179 967,1196 1040,1196 1042,1196 1056,1210 1056,1212 1058,1212 1060,1212 1062,1212 1228,1207 1230,1207 1232,1207 1250,1194 1268,1210 1270,1210 1272,1210 1274,1212 1489,1212 1489,1210 1491,1210 1537,1192 1537,1174 1531,1143 965,1146 967,1179"/>
        <Baseline points="967,1179 1537,1174"/>
        <TextEquiv conf="0.9785048702488774">
          <Unicode>— „Quanto in ecclesia“.</Unicode>
        </TextEquiv>
      </TextLine>
      <TextLine id="eSc_line_f38478b3" custom="structure {type:default;}">
        <Coords points="388,1236 388,1252 413,1265 415,1265 417,1265 419,1265 421,1265 421,1263 433,1254 567,1254 572,1256 581,1265 581,1267 583,1267 585,1267 587,1269 651,1269 651,1267 653,1267 656,1267 656,1265 662,1258 669,1252 689,1258 704,1265 707,1265 709,1265 874,1263 874,1230 868,1130 824,1132 821,1132 819,1132 819,1135 815,1137 768,1183 729,1192 684,1192 653,1159 629,1137 629,1135 627,1135 625,1135 554,1135 552,1135 550,1135 547,1135 494,1181 479,1196 386,1196 388,1236"/>
        <Baseline points="388,1236 874,1230"/>
        <TextEquiv conf="0.9868011037508647">
          <Unicode>„ 2S. „„ 8 dan.</Unicode>
        </TextEquiv>
      </TextLine>
      <TextLine id="eSc_line_b77d9493" custom="structure {type:default;}">
        <Coords points="912,1232 912,1256 2878,1256 2881,1232 2878,1196 912,1194 912,1232"/>
        <Baseline points="912,1232 2881,1232"/>
        <TextEquiv conf="0.9999747750270798">
          <Unicode>16143 (10038) Gunteramo, episcopo Senensi, eiusque successoribus ecclesiam in Monte</Unicode>
        </TextEquiv>
      </TextLine>
      <TextLine id="eSc_line_3062a7b1" custom="structure {type:default;}">
        <Coords points="676,1289 676,1327 797,1329 799,1289 799,1258 676,1258 676,1289"/>
        <Baseline points="676,1289 799,1289"/>
        <TextEquiv conf="0.9999995231628418">
          <Unicode>cum</Unicode>
        </TextEquiv>
      </TextLine>
      <TextLine id="eSc_line_2ff28108" custom="structure {type:default;}">
        <Coords points="967,1289 967,1313 1133,1313 1135,1313 1151,1325 1153,1325 1155,1325 1157,1327 1422,1327 1422,1325 1425,1325 1427,1325 1442,1316 1444,1313 1449,1316 1478,1325 1480,1325 1482,1327 1612,1327 1612,1325 1615,1325 1617,1325 1628,1316 1634,1313 1687,1316 1809,1325 1811,1325 1847,1318 1866,1313 1884,1318 1908,1325 1911,1325 1913,1325 1966,1318 2003,1313 2026,1318 2050,1325 2052,1325 2054,1325 2129,1320 2204,1313 2224,1320 2238,1325 2240,1325 2242,1325 2293,1320 2364,1313 2878,1322 2881,1289 2881,1260 967,1254 967,1289"/>
        <Baseline points="967,1289 2881,1289"/>
        <TextEquiv conf="0.9989873262012706">
          <Unicode>Bonitii sitam asserit, imposito eis censu unius byzantii annuatim Lateranensi palatio</Unicode>
        </TextEquiv>
      </TextLine>
      <TextLine id="eSc_line_47e6284d" custom="structure {type:default;}">
        <Coords points="965,1344 965,1371 2876,1378 2878,1344 2878,1311 965,1311 965,1344"/>
        <Baseline points="965,1344 2878,1344"/>
        <TextEquiv conf="0.9942407779309942">
          <Unicode>persolvendo. Ughelli It. sacr. III. 548. Lami Eccl. Fl. mon. IV. 15, Pecci St. di Siena</Unicode>
        </TextEquiv>
      </TextLine>
      <TextLine id="eSc_line_ad8ea0c1" custom="structure {type:default;}">
        <Coords points="963,1400 963,1424 2238,1424 2238,1400 2238,1366 963,1366 963,1400"/>
        <Baseline points="963,1400 2238,1400"/>
        <TextEquiv conf="0.9967759625584471">
          <Unicode>p. 181, Migne 204 p. 1296. — „Communi et speciali“.</Unicode>
        </TextEquiv>
      </TextLine>
      <TextLine id="eSc_line_00bd7237" custom="structure {type:default;}">
        <Coords points="353,1450 353,1479 574,1479 574,1450 567,1391 543,1413 459,1413 424,1391 413,1386 410,1386 408,1386 353,1391 353,1450"/>
        <Baseline points="353,1450 574,1450"/>
        <TextEquiv conf="0.9970135357644823">
          <Unicode>Febr. 11.</Unicode>
        </TextEquiv>
      </TextLine>
      <TextLine id="eSc_line_eaf78085" custom="structure {type:default;}">
        <Coords points="625,1453 625,1548 841,1561 843,1453 843,1422 625,1411 625,1453"/>
        <Baseline points="625,1453 843,1453"/>
        <TextEquiv conf="0.8634166916211446">
          <Unicode>Laterami.</Unicode>
        </TextEquiv>
      </TextLine>
      <TextLine id="eSc_line_570146b6" custom="structure {type:default;}">
        <Coords points="914,1453 914,1477 1369,1488 1372,1488 1548,1477 1579,1475 1632,1475 1942,1486 1944,1486 2116,1475 2118,1475 2121,1475 2209,1486 2211,1486 2313,1472 2324,1472 2326,1472 2348,1484 2350,1484 2353,1486 2501,1486 2501,1484 2503,1484 2505,1484 2520,1472 2549,1484 2551,1484 2554,1484 2556,1484 2587,1472 2589,1472 2600,1472 2803,1484 2805,1484 2876,1470 2878,1446 2874,1419 912,1417 914,1453"/>
        <Baseline points="914,1453 2878,1446"/>
        <TextEquiv conf="0.9969199277460575">
          <Unicode>16144 (10039) Monasterium S. Mariae Florentinum tuendum suscipit et eius posses-</Unicode>
        </TextEquiv>
      </TextLine>
      <TextLine id="eSc_line_f2f65eaf" custom="structure {type:default;}">
        <Coords points="963,1506 961,1534 2874,1539 2878,1510 2876,1477 963,1472 963,1506"/>
        <Baseline points="963,1506 2878,1510"/>
        <TextEquiv conf="0.9964347742069727">
          <Unicode>siones iuraque confirmat. Puccinelli Cron. dell“ abbadia di Fiorenza p. 260, Lami Eccl.</Unicode>
        </TextEquiv>
      </TextLine>
      <TextLine id="eSc_line_83cd85be" custom="structure {type:default;}">
        <Coords points="965,1565 965,1590 2878,1590 2878,1565 2878,1532 965,1532 965,1565"/>
        <Baseline points="965,1565 2878,1565"/>
        <TextEquiv conf="0.9965227348239798">
          <Unicode>Fl. M. I. 113, Migne 204 p. 1297, (Margarini Bull. Cas. II. 211). — „Cum om-</Unicode>
        </TextEquiv>
      </TextLine>
      <TextLine id="eSc_line_a1b19ede" custom="structure {type:default;}">
        <Coords points="963,1618 963,1636 1036,1649 1038,1649 1093,1638 1283,1649 1285,1649 1400,1636 1400,1618 1400,1592 963,1587 963,1618"/>
        <Baseline points="963,1618 1400,1618"/>
        <TextEquiv conf="0.9999996821085612">
          <Unicode>nium ecclesiarum“.</Unicode>
        </TextEquiv>
      </TextLine>
      <TextLine id="eSc_line_fad4b7aa" custom="structure {type:default;}">
        <Coords points="386,1678 386,1707 567,1702 567,1669 563,1629 382,1629 386,1678"/>
        <Baseline points="386,1678 567,1669"/>
        <TextEquiv conf="0.9994561433792114">
          <Unicode>„ 11.</Unicode>
        </TextEquiv>
      </TextLine>
      <TextLine id="eSc_line_4f1e4cee" custom="structure {type:default;}">
        <Coords points="702,1684 698,1737 775,1737 779,1689 779,1623 704,1627 702,1684"/>
        <Baseline points="702,1684 779,1689"/>
        <TextEquiv conf="0.9995288848876953">
          <Unicode>„</Unicode>
        </TextEquiv>
      </TextLine>
      <TextLine id="eSc_line_dab07707" custom="structure {type:default;}">
        <Coords points="914,1676 914,1709 2881,1702 2881,1671 2876,1640 2079,1627 2076,1627 2074,1627 2072,1627 2056,1638 2014,1627 2012,1627 2010,1627 1908,1640 1891,1643 1617,1643 1612,1640 1597,1629 1595,1629 1592,1629 1590,1629 912,1638 914,1676"/>
        <Baseline points="914,1676 2881,1671"/>
        <TextEquiv conf="0.9955335523508773">
          <Unicode>16145 Monasterio S. Lupi Trecensi concessas ab Hattone et Mathaeo, quondam epi-</Unicode>
        </TextEquiv>
      </TextLine>
      <TextLine id="eSc_line_d1ef538f" custom="structure {type:default;}">
        <Coords points="961,1731 961,1762 2870,1753 2872,1726 2867,1696 958,1696 961,1731"/>
        <Baseline points="961,1731 2872,1726"/>
        <TextEquiv conf="0.9939406621887024">
          <Unicode>scopis Trecensibus, ecclesias quasdam confirmat. Lalore Coll. des cartul. I. 124. —</Unicode>
        </TextEquiv>
      </TextLine>
      <TextLine id="eSc_line_bc7f73f4" custom="structure {type:default;}">
        <Coords points="965,1788 965,1808 1628,1802 1630,1782 1623,1746 963,1751 965,1788"/>
        <Baseline points="965,1788 1630,1782"/>
        <TextEquiv conf="0.9891670922438304">
          <Unicode>„Iustis petentium desideriis“.</Unicode>
        </TextEquiv>
      </TextLine>
      <TextLine id="eSc_line_e3914392" custom="structure {type:default;}">
        <Coords points="406,1850 415,1903 435,1903 426,1846 410,1799 395,1806 406,1850"/>
        <Baseline points="406,1850 426,1846"/>
        <TextEquiv conf="0.9190720915794373">
          <Unicode>„</Unicode>
        </TextEquiv>
      </TextLine>
      <TextLine id="eSc_line_0f807f5e" custom="structure {type:default;}">
        <Coords points="709,1857 709,1883 775,1881 775,1852 771,1806 704,1806 709,1857"/>
        <Baseline points="709,1857 775,1852"/>
        <TextEquiv conf="0.9721798300743103">
          <Unicode>„</Unicode>
        </TextEquiv>
      </TextLine>
      <TextLine id="eSc_line_46e9beae" custom="structure {type:default;}">
        <Coords points="912,1839 912,1866 936,1879 938,1879 941,1879 1051,1868 1330,1868 1347,1879 1349,1879 1352,1879 1354,1879 2878,1868 2878,1839 2878,1810 2772,1797 2770,1797 2768,1797 2724,1808 2721,1808 2543,1797 2540,1797 2538,1797 2536,1797 2520,1808 2518,1808 2516,1808 2399,1797 2397,1797 2330,1808 2326,1808 2322,1808 2284,1797 2282,1797 2280,1797 2158,1808 2143,1808 2136,1808 2094,1797 2092,1797 2090,1797 1937,1808 1911,1808 1891,1808 1789,1797 1787,1797 1785,1797 1758,1806 1752,1808 1741,1806 1687,1797 1685,1797 1683,1797 1663,1806 1659,1808 1650,1806 1606,1797 1604,1797 1542,1806 1524,1808 912,1806 912,1839"/>
        <Baseline points="912,1839 2878,1839"/>
        <TextEquiv conf="0.993465378705193">
          <Unicode>16146 Abbati et fratribus Mareolensibus privilegium tribuit („II. . . . Febr.“) Neues</Unicode>
        </TextEquiv>
      </TextLine>
      <TextLine id="eSc_line_1b47b344" custom="structure {type:default;}">
        <Coords points="963,1894 963,1923 1155,1916 1162,1923 1166,1925 1166,1927 1168,1927 1170,1927 1173,1930 1352,1930 1352,1927 1416,1921 1444,1916 1449,1919 1458,1927 1458,1930 1460,1930 1462,1930 1464,1932 1650,1932 1650,1930 1889,1914 1889,1894 1889,1863 963,1863 963,1894"/>
        <Baseline points="963,1894 1889,1894"/>
        <TextEquiv conf="0.9986454907216524">
          <Unicode>Archiv VII. 115. — „Iustis petentium“.</Unicode>
        </TextEquiv>
      </TextLine>
      <TextLine id="eSc_line_cbd34e8b" custom="structure {type:default;}">
        <Coords points="386,1954 386,1976 415,1980 417,1980 419,1980 421,1980 421,1978 428,1974 439,1963 468,1972 490,1976 492,1976 494,1976 565,1963 565,1945 561,1916 505,1903 503,1903 501,1903 455,1921 446,1925 384,1925 386,1954"/>
        <Baseline points="386,1954 565,1945"/>
        <TextEquiv conf="0.9999999761581421">
          <Unicode>„ 13.</Unicode>
        </TextEquiv>
      </TextLine>
      <TextLine id="eSc_line_9d9a5b1b" custom="structure {type:default;}">
        <Coords points="693,1967 693,1980 733,1987 735,1987 737,1987 779,1969 779,1963 773,1934 691,1938 693,1967"/>
        <Baseline points="693,1967 779,1963"/>
        <TextEquiv conf="0.9999995827674866">
          <Unicode>„)</Unicode>
        </TextEquiv>
      </TextLine>
      <TextLine id="eSc_line_c8cec330" custom="structure {type:default;}">
        <Coords points="912,1949 912,1976 2878,1976 2878,1949 2878,1914 912,1914 912,1949"/>
        <Baseline points="912,1949 2878,1949"/>
        <TextEquiv conf="0.9992943947342621">
          <Unicode>16147 (10040) Ecclesiae S. Mariae Grandigurgitis protectionem suscipit, possessionesque</Unicode>
        </TextEquiv>
      </TextLine>
      <TextLine id="eSc_line_b739dd3a" custom="structure {type:default;}">
        <Coords points="963,2005 963,2027 1058,2040 1060,2040 1124,2029 1201,2040 1204,2040 1268,2029 1345,2040 1347,2040 2876,2027 2876,2005 2876,1978 963,1978 963,2005"/>
        <Baseline points="963,2005 2876,2005"/>
        <TextEquiv conf="0.9989379667028596">
          <Unicode>ac privilegia confirmat, petente Radulpho abbate. (Signa chronologica sunt cor-</Unicode>
        </TextEquiv>
      </TextLine>
      <TextLine id="eSc_line_383823e7" custom="structure {type:default;}">
        <Coords points="963,2062 963,2097 2872,2093 2872,2062 2872,2031 963,2031 963,2062"/>
        <Baseline points="963,2062 2872,2062"/>
        <TextEquiv conf="0.9901400323097522">
          <Unicode>rupta). Hugo O. P. A. I. Pr. p. 600, Trouillat Mon. de Bdle II. 27,, Migne 204</Unicode>
        </TextEquiv>
      </TextLine>
      <TextLine id="eSc_line_d023770f" custom="structure {type:default;}">
        <Coords points="961,2117 961,2139 1977,2135 1979,2113 1972,2080 958,2082 961,2117"/>
        <Baseline points="961,2117 1979,2113"/>
        <TextEquiv conf="0.9994626073610215">
          <Unicode>p. 1298. — „Religiosam vitam eligentibus“.</Unicode>
        </TextEquiv>
      </TextLine>
      <TextLine id="eSc_line_edb850c9" custom="structure {type:default;}">
        <Coords points="388,2170 388,2188 563,2186 563,2166 556,2102 486,2111 483,2111 481,2111 475,2117 446,2135 386,2135 388,2170"/>
        <Baseline points="388,2170 563,2166"/>
        <TextEquiv conf="0.999964463710785">
          <Unicode>„ 16.</Unicode>
        </TextEquiv>
      </TextLine>
      <TextLine id="eSc_line_5317e205" custom="structure {type:default;}">
        <Coords points="691,2184 691,2214 795,2212 795,2184 788,2126 771,2139 691,2128 691,2184"/>
        <Baseline points="691,2184 795,2184"/>
        <TextEquiv conf="1.0">
          <Unicode>„</Unicode>
        </TextEquiv>
      </TextLine>
      <TextLine id="eSc_line_c5d89204" custom="structure {type:default;}">
        <Coords points="910,2170 910,2192 2876,2192 2876,2170 2876,2135 910,2135 910,2170"/>
        <Baseline points="910,2170 2876,2170"/>
        <TextEquiv conf="0.9986040649643864">
          <Unicode>16148 (10041) Archiepiscopis et episcopis mandat, ne „a prioribus et obedientiariis</Unicode>
        </TextEquiv>
      </TextLine>
      <TextLine id="eSc_line_5c6941c6" custom="structure {type:default;}">
        <Coords points="961,2226 961,2254 2874,2254 2874,2226 2874,2197 961,2192 961,2226"/>
        <Baseline points="961,2226 2874,2226"/>
        <TextEquiv conf="0.994280440261565">
          <Unicode>Cluniacensium fratrum, sine consilio abbatis et conventus, possessiones ecclesiarum</Unicode>
        </TextEquiv>
      </TextLine>
      <TextLine id="eSc_line_3adcced9" custom="structure {type:default;}">
        <Coords points="963,2283 963,2316 2872,2316 2872,2283 2872,2248 963,2248 963,2283"/>
        <Baseline points="963,2283 2872,2283"/>
        <TextEquiv conf="0.9986862060667454">
          <Unicode>distrahi laicisque conferri ac censum debitum minui“ patiantur. Bullar. Cluniac. p. 88,</Unicode>
        </TextEquiv>
      </TextLine>
      <TextLine id="eSc_line_2f8a6119" custom="structure {type:default;}">
        <Coords points="961,2338 961,2358 1049,2369 1051,2369 1210,2358 1219,2358 1221,2358 1259,2369 1261,2369 1263,2369 1265,2369 1290,2358 1290,2356 1515,2356 1526,2365 1526,2367 1528,2367 1531,2367 1533,2369 1703,2369 1703,2367 1705,2367 1754,2354 1763,2354 1787,2354 1939,2365 1942,2365 2136,2351 2138,2332 2132,2298 958,2298 961,2338"/>
        <Baseline points="961,2338 2138,2332"/>
        <TextEquiv conf="0.9988239432903047">
          <Unicode>Migne 204 p. 1301. — „Ea, quae in ecclesiarum“.</Unicode>
        </TextEquiv>
      </TextLine>
      <TextLine id="eSc_line_627031af" custom="structure {type:default;}">
        <Coords points="384,2393 384,2429 567,2429 567,2389 563,2340 382,2340 384,2393"/>
        <Baseline points="384,2393 567,2389"/>
        <TextEquiv conf="0.9995897650718689">
          <Unicode>„ 17.</Unicode>
        </TextEquiv>
      </TextLine>
      <TextLine id="eSc_line_36fee124" custom="structure {type:default;}">
        <Coords points="687,2400 682,2453 786,2455 793,2407 793,2343 689,2345 687,2400"/>
        <Baseline points="687,2400 793,2407"/>
        <TextEquiv conf="1.0">
          <Unicode>„</Unicode>
        </TextEquiv>
      </TextLine>
      <TextLine id="eSc_line_1f699b70" custom="structure {type:default;}">
        <Coords points="910,2391 910,2415 1018,2429 1020,2429 1078,2415 1082,2415 1087,2415 1120,2429 1122,2429 1124,2429 1126,2429 1173,2415 1175,2415 1177,2415 1215,2429 1217,2429 1219,2429 1221,2429 1274,2415 1279,2415 1283,2415 1380,2431 1383,2431 1385,2431 1416,2415 1418,2415 1502,2415 1544,2431 1546,2431 1548,2431 1648,2429 1650,2429 1687,2413 1692,2413 1705,2413 1836,2429 1838,2429 1908,2413 1911,2413 1935,2429 1937,2429 1939,2429 1942,2429 2017,2415 2052,2429 2054,2429 2056,2431 2216,2431 2216,2429 2218,2429 2220,2429 2242,2411 2249,2411 2313,2426 2315,2426 2399,2424 2401,2424 2403,2424 2423,2411 2425,2411 2467,2426 2470,2426 2472,2426 2870,2409 2872,2385 2865,2356 908,2360 910,2391"/>
        <Baseline points="910,2391 2872,2385"/>
        <TextEquiv conf="0.9953050269800074">
          <Unicode>16149 Henrico abbati et fratribus S. lacuti bona quaedam asserit; compositionem inter</Unicode>
        </TextEquiv>
      </TextLine>
      <TextLine id="eSc_line_910027d5" custom="structure {type:default;}">
        <Coords points="961,2446 961,2475 2872,2473 2874,2440 2867,2413 958,2413 961,2446"/>
        <Baseline points="961,2446 2874,2440"/>
        <TextEquiv conf="0.9983224601317675">
          <Unicode>eos et G(auffridum) episcopum Trecorensem factam confirmat. Anciens évéchés de</Unicode>
        </TextEquiv>
      </TextLine>
      <TextLine id="eSc_line_a25bae7c" custom="structure {type:default;}">
        <Coords points="961,2502 961,2521 1272,2532 1274,2532 1378,2521 1389,2530 1389,2532 1391,2532 1394,2532 1396,2535 1475,2535 1475,2532 1601,2530 1604,2530 1606,2530 1621,2519 1623,2519 1654,2519 1968,2530 1970,2530 1972,2530 2017,2517 2017,2497 2010,2464 958,2468 961,2502"/>
        <Baseline points="961,2502 2017,2497"/>
        <TextEquiv conf="0.9916064942424948">
          <Unicode>Bret. IV. 280. — „Quotiens a nobis petitur“.</Unicode>
        </TextEquiv>
      </TextLine>
      <TextLine id="eSc_line_1dff0351" custom="structure {type:default;}">
        <Coords points="384,2557 384,2581 415,2583 417,2583 419,2583 421,2583 424,2581 446,2566 558,2577 561,2550 556,2521 382,2519 384,2557"/>
        <Baseline points="384,2557 561,2550"/>
        <TextEquiv conf="0.9988926529884339">
          <Unicode>„ 19.</Unicode>
        </TextEquiv>
      </TextLine>
      <TextLine id="eSc_line_9ef12646" custom="structure {type:default;}">
        <Coords points="691,2572 691,2592 786,2581 786,2568 779,2517 689,2532 691,2572"/>
        <Baseline points="691,2572 786,2568"/>
        <TextEquiv conf="1.0">
          <Unicode>„</Unicode>
        </TextEquiv>
      </TextLine>
      <TextLine id="eSc_line_37259a68" custom="structure {type:default;}">
        <Coords points="910,2557 910,2581 2872,2574 2874,2550 2870,2517 958,2513 956,2513 954,2513 908,2524 910,2557"/>
        <Baseline points="910,2557 2874,2550"/>
        <TextEquiv conf="0.9839031014097742">
          <Unicode>16150 Monasterii S. Salvatoris Montis-Amiati privilegia confirmat, petente Rollando</Unicode>
        </TextEquiv>
      </TextLine>
      <TextLine id="eSc_line_8d71499c" custom="structure {type:default;}">
        <Coords points="958,2612 958,2638 1674,2650 1676,2650 2006,2636 2052,2636 2096,2636 2401,2647 2403,2647 2406,2647 2445,2636 2461,2647 2463,2647 2465,2647 2467,2650 2799,2650 2799,2647 2867,2634 2870,2608 2865,2579 1926,2568 1924,2568 1860,2579 994,2570 992,2570 989,2570 956,2581 958,2612"/>
        <Baseline points="958,2612 2870,2608"/>
        <TextEquiv conf="0.9995588645522977">
          <Unicode>abbate. Pflugk-Harttung Iter p. 313: „XI. kal. Mart.“, (Wiener Sitzungsber. XCIV.</Unicode>
        </TextEquiv>
      </TextLine>
      <TextLine id="eSc_line_470fc6d9" custom="structure {type:default;}">
        <Coords points="956,2663 954,2685 1911,2691 1915,2667 1913,2632 956,2630 956,2663"/>
        <Baseline points="956,2663 1915,2667"/>
        <TextEquiv conf="0.9996338043457422">
          <Unicode>688: „Febr. 11“). — „Quotiens a nobis“.</Unicode>
        </TextEquiv>
      </TextLine>
      <TextLine id="eSc_line_889e02df" custom="structure {type:default;}">
        <Coords points="382,2722 382,2747 565,2736 565,2718 561,2658 490,2656 488,2656 486,2656 483,2656 452,2676 430,2689 380,2689 382,2722"/>
        <Baseline points="382,2722 565,2718"/>
        <TextEquiv conf="0.9999797105789184">
          <Unicode>„ 19.</Unicode>
        </TextEquiv>
      </TextLine>
      <TextLine id="eSc_line_c10a860f" custom="structure {type:default;}">
        <Coords points="693,2736 693,2744 777,2744 777,2736 777,2672 693,2672 693,2736"/>
        <Baseline points="693,2736 777,2736"/>
        <TextEquiv conf="1.0">
          <Unicode>„</Unicode>
        </TextEquiv>
      </TextLine>
      <TextLine id="eSc_line_9f923688" custom="structure {type:default;}">
        <Coords points="910,2722 910,2749 2872,2740 2874,2716 2870,2678 908,2678 910,2722"/>
        <Baseline points="910,2722 2874,2716"/>
        <TextEquiv conf="0.9950422864584696">
          <Unicode>16151 Monasterii Bonae-spei possessiones confirmat. Maghe Chronicum eccl. Bonae-spei</Unicode>
        </TextEquiv>
      </TextLine>
      <TextLine id="eSc_line_d02ec741" custom="structure {type:default;}">
        <Coords points="956,2778 956,2804 969,2813 972,2813 974,2813 976,2813 978,2813 1005,2800 1007,2800 1144,2800 1159,2813 1162,2813 1164,2813 1226,2815 1228,2815 1230,2815 1232,2815 1232,2813 1248,2800 1281,2800 1296,2813 1296,2815 1299,2815 1301,2815 1303,2817 1429,2817 1429,2815 1431,2815 1475,2797 1478,2797 1480,2797 1500,2813 1502,2813 1504,2813 1506,2815 1584,2815 1584,2813 1586,2813 1588,2813 1588,2811 1601,2797 1604,2797 1612,2797 1723,2813 1725,2815 1838,2815 1838,2813 1840,2813 1880,2797 1882,2797 1886,2797 1975,2813 1977,2813 1979,2813 1981,2813 2006,2797 2006,2773 1999,2744 954,2747 956,2778"/>
        <Baseline points="956,2778 2006,2773"/>
        <TextEquiv conf="0.9857269728725607">
          <Unicode>p. 127 teste Wauters Table chronol. II. 669.</Unicode>
        </TextEquiv>
      </TextLine>
      <TextLine id="eSc_line_47bc6cd1" custom="structure {type:default;}">
        <Coords points="384,2833 384,2859 472,2842 505,2857 510,2859 512,2859 514,2859 563,2855 563,2828 558,2793 470,2773 468,2773 466,2773 463,2773 428,2795 382,2795 384,2833"/>
        <Baseline points="384,2833 563,2828"/>
        <TextEquiv conf="0.9999932050704956">
          <Unicode>„ 20.</Unicode>
        </TextEquiv>
      </TextLine>
      <TextLine id="eSc_line_ca69dae8" custom="structure {type:default;}">
        <Coords points="691,2839 689,2873 773,2879 777,2844 779,2775 693,2773 691,2839"/>
        <Baseline points="691,2839 777,2844"/>
        <TextEquiv conf="0.9993311166763306">
          <Unicode>„</Unicode>
        </TextEquiv>
      </TextLine>
      <TextLine id="eSc_line_07f42c71" custom="structure {type:default;}">
        <Coords points="908,2833 908,2862 2874,2853 2874,2824 2867,2791 905,2795 908,2833"/>
        <Baseline points="908,2833 2874,2824"/>
        <TextEquiv conf="0.9975169925462632">
          <Unicode>16152 Compositionem inter monasterium S. Stephani Nivernense, Cluniacensi monasterio</Unicode>
        </TextEquiv>
      </TextLine>
      <TextLine id="eSc_line_4d41032c" custom="structure {type:default;}">
        <Coords points="961,2886 961,2910 2861,2912 2865,2881 2858,2848 958,2853 961,2886"/>
        <Baseline points="961,2886 2865,2881"/>
        <TextEquiv conf="0.9999931804835797">
          <Unicode>subiectum, et P. comitem factam, ac a Philippo Francorum rege firmatam approbat.</Unicode>
        </TextEquiv>
      </TextLine>
      <TextLine id="eSc_line_e5cf1f18" custom="structure {type:default;}">
        <Coords points="958,2941 958,2959 1051,2972 1053,2972 1140,2961 1142,2961 1164,2972 1166,2972 1168,2972 1248,2961 1250,2961 1254,2961 1314,2972 1316,2972 1394,2961 1398,2961 1420,2972 1422,2972 1425,2972 1491,2961 1497,2961 1500,2961 1520,2972 1522,2972 1524,2972 1581,2961 1588,2961 1590,2961 1615,2972 1617,2972 1619,2972 1743,2961 1765,2961 1771,2961 1802,2972 1805,2972 1807,2972 1809,2972 1811,2972 1822,2963 1824,2961 2041,2961 2045,2963 2054,2972 2056,2972 2059,2972 2061,2972 2567,2963 2567,2941 2567,2912 958,2901 958,2941"/>
        <Baseline points="958,2941 2567,2941"/>
        <TextEquiv conf="0.99927362544196">
          <Unicode>In bibl. nat. Paris. ms. lat. 16992. f. 241“. — „Cum ecclesia vestra“.</Unicode>
        </TextEquiv>
      </TextLine>
      <TextLine id="eSc_line_6a3c0272" custom="structure {type:default;}">
        <Coords points="384,2998 384,3038 519,3038 519,3036 521,3036 565,3021 565,2990 558,2928 380,2939 384,2998"/>
        <Baseline points="384,2998 565,2990"/>
        <TextEquiv conf="0.9970292806625366">
          <Unicode>„ 20.</Unicode>
        </TextEquiv>
      </TextLine>
      <TextLine id="eSc_line_10c4e45e" custom="structure {type:default;}">
        <Coords points="698,3009 698,3034 793,3034 793,3005 786,2961 695,2965 698,3009"/>
        <Baseline points="698,3009 793,3005"/>
        <TextEquiv conf="0.9999985694885254">
          <Unicode>„</Unicode>
        </TextEquiv>
      </TextLine>
      <TextLine id="eSc_line_a7e4e05c" custom="structure {type:default;}">
        <Coords points="910,2998 910,3027 2863,3016 2865,2987 2858,2950 908,2968 910,2998"/>
        <Baseline points="910,2998 2865,2987"/>
        <TextEquiv conf="0.9974350296869511">
          <Unicode>16153 Hugoni abbati Cluniacensi scribit de pacto inter monasterium S. Stephani Ni-</Unicode>
        </TextEquiv>
      </TextLine>
      <TextLine id="eSc_line_e6cc6abd" custom="structure {type:default;}">
        <Coords points="958,3054 958,3076 2863,3080 2865,3047 2858,3016 956,3021 958,3054"/>
        <Baseline points="958,3054 2865,3047"/>
        <TextEquiv conf="0.9998487468007244">
          <Unicode>vernense et P(etrum) comitem inito. Loewenfeld Epistolae p. 237. — „Quanto spe-</Unicode>
        </TextEquiv>
      </TextLine>
      <TextLine id="eSc_line_72324c00" custom="structure {type:default;}">
        <Coords points="952,3109 952,3120 1078,3133 1080,3133 1082,3133 1146,3113 1146,3102 1140,3062 950,3067 952,3109"/>
        <Baseline points="952,3109 1146,3102"/>
        <TextEquiv conf="0.9999593496322632">
          <Unicode>cialius“</Unicode>
        </TextEquiv>
      </TextLine>
      <TextLine id="eSc_line_c1607344" custom="structure {type:default;}">
        <Coords points="386,3162 386,3219 428,3219 428,3217 430,3217 433,3217 433,3215 437,3213 455,3195 483,3208 490,3210 492,3210 494,3210 567,3197 567,3162 567,3120 528,3109 525,3109 523,3109 479,3118 457,3120 386,3113 386,3162"/>
        <Baseline points="386,3162 567,3162"/>
        <TextEquiv conf="0.9970638036727906">
          <Unicode>„ 24.</Unicode>
        </TextEquiv>
      </TextLine>
      <TextLine id="eSc_line_fd887904" custom="structure {type:default;}">
        <Coords points="673,3164 671,3221 797,3219 799,3168 799,3082 676,3080 673,3164"/>
        <Baseline points="673,3164 799,3168"/>
        <TextEquiv conf="1.0">
          <Unicode>„</Unicode>
        </TextEquiv>
      </TextLine>
      <TextLine id="eSc_line_d20a2d87" custom="structure {type:default;}">
        <Coords points="908,3162 908,3188 2861,3184 2863,3155 2858,3127 2801,3113 2799,3113 2684,3124 2127,3115 2125,3115 2123,3115 2081,3129 1727,3129 1710,3115 1707,3115 1705,3115 1703,3115 1630,3127 1588,3115 1586,3115 1584,3115 1581,3115 1544,3129 1513,3118 1511,3118 1509,3118 1506,3118 1467,3129 1272,3118 1270,3118 1268,3118 1246,3129 1230,3118 1228,3118 1226,3118 930,3118 927,3118 925,3118 923,3118 905,3127 908,3162"/>
        <Baseline points="908,3162 2863,3155"/>
        <TextEquiv conf="0.9960066917396727">
          <Unicode>16154 (10042) Ecclesiae Caminensis protectionem suscipit, bonaque ac iura confirmat,</Unicode>
        </TextEquiv>
      </TextLine>
      <TextLine id="eSc_line_1d931ca9" custom="structure {type:default;}">
        <Coords points="954,3215 954,3244 2861,3237 2863,3208 2856,3177 952,3182 954,3215"/>
        <Baseline points="954,3215 2863,3208"/>
        <TextEquiv conf="0.9999485494178019">
          <Unicode>ea lege ut Sifridus episcopus et eius successores sedi apostolicae „fertonem auri</Unicode>
        </TextEquiv>
      </TextLine>
      <TextLine id="eSc_line_d5f8153b" custom="structure {type:default;}">
        <Coords points="956,3272 956,3294 2863,3292 2863,3263 2856,3230 954,3237 956,3272"/>
        <Baseline points="956,3272 2863,3263"/>
        <TextEquiv conf="0.9996075980365277">
          <Unicode>annis singulis exsolvant“. (Testes bullae praebet Pommersches Urkundenb. I. 87).</Unicode>
        </TextEquiv>
      </TextLine>
      <TextLine id="eSc_line_c845f618" custom="structure {type:default;}">
        <Coords points="954,3327 954,3352 1402,3361 1405,3361 1469,3350 1478,3350 1486,3350 1551,3365 1553,3365 1621,3350 1623,3350 1626,3350 1657,3365 1659,3365 1661,3367 1884,3367 1884,3365 2054,3363 2056,3363 2059,3363 2079,3350 2330,3363 2333,3363 2335,3363 2366,3347 2394,3361 2397,3361 2399,3361 2401,3361 2403,3361 2423,3345 2445,3361 2448,3361 2450,3361 2452,3363 2543,3363 2543,3361 2545,3361 2547,3361 2567,3347 2693,3361 2695,3361 2697,3361 2699,3361 2721,3345 2724,3345 2858,3345 2861,3319 2854,3283 952,3294 954,3327"/>
        <Baseline points="954,3327 2861,3319"/>
        <TextEquiv conf="0.9869143678698429">
          <Unicode>Hasselbach Cod. Pom. dipl. I. 152, Lünig Spic. eccl. II. app. p. 6, Migne 204 p. 1301.</Unicode>
        </TextEquiv>
      </TextLine>
      <TextLine id="eSc_line_25f9ccbf" custom="structure {type:default;}">
        <Coords points="954,3378 954,3400 1031,3400 1051,3416 1053,3416 1056,3416 1058,3416 1151,3403 1193,3416 1195,3416 1197,3418 1460,3418 1460,3416 1462,3416 1511,3398 1511,3378 1511,3350 954,3350 954,3378"/>
        <Baseline points="954,3378 1511,3378"/>
        <TextEquiv conf="0.9983117797157981">
          <Unicode>— „Ex iniuncto nobis“.</Unicode>
        </TextEquiv>
      </TextLine>
      <TextLine id="eSc_line_12a53c87" custom="structure {type:default;}">
        <Coords points="384,3436 384,3460 446,3460 475,3480 497,3498 499,3498 501,3498 565,3500 567,3436 567,3350 530,3350 528,3350 525,3350 523,3350 492,3369 441,3400 384,3400 384,3436"/>
        <Baseline points="384,3436 567,3436"/>
        <TextEquiv conf="0.9828514933586121">
          <Unicode>„ „2„</Unicode>
        </TextEquiv>
      </TextLine>
      <TextLine id="eSc_line_f4192f73" custom="structure {type:default;}">
        <Coords points="691,3445 693,3498 784,3498 782,3438 775,3409 689,3414 691,3445"/>
        <Baseline points="691,3445 782,3438"/>
        <TextEquiv conf="1.0">
          <Unicode>„</Unicode>
        </TextEquiv>
      </TextLine>
      <TextLine id="eSc_line_525a187b" custom="structure {type:default;}">
        <Coords points="908,3436 908,3462 1411,3478 1414,3478 1533,3467 1557,3464 1568,3467 1606,3475 1608,3475 1610,3475 1694,3467 1727,3464 1767,3467 1869,3475 1871,3475 2030,3469 2132,3464 2858,3471 2861,3429 2854,3396 905,3398 908,3436"/>
        <Baseline points="908,3436 2861,3429"/>
        <TextEquiv conf="0.9975254623727365">
          <Unicode>16155 (10043) Hugoni, abbati Cluniacensi. monasterium Balmense asserit. Bullar. Cluniac.</Unicode>
        </TextEquiv>
      </TextLine>
      <TextLine id="eSc_line_6bd67559" custom="structure {type:default;}">
        <Coords points="958,3495 958,3539 1151,3526 1186,3542 1208,3553 1210,3553 1212,3555 1283,3555 1283,3553 1405,3544 1407,3544 1409,3544 1440,3526 1537,3535 1539,3535 1681,3524 1763,3546 1774,3548 1776,3548 1778,3548 1800,3546 1871,3537 1922,3546 1944,3551 1946,3551 1948,3551 1957,3548 2014,3524 2043,3548 2045,3551 2048,3551 2050,3551 2052,3551 2260,3548 2260,3491 2255,3462 2134,3447 2132,3447 2014,3449 2012,3449 2010,3449 2010,3451 1999,3462 1836,3462 1811,3449 1809,3449 1807,3449 1805,3449 1780,3460 1752,3447 1749,3447 1747,3447 1604,3462 1562,3449 1559,3449 1557,3449 1230,3462 1120,3449 1117,3449 1115,3449 1113,3449 1093,3462 1042,3449 1040,3449 1038,3449 1036,3449 1034,3449 1018,3464 956,3464 958,3495"/>
        <Baseline points="958,3495 2260,3491"/>
        <TextEquiv conf="0.9807269670746543">
          <Unicode>p. 8S. Migne 204 p. 1308. — „SSloriosa et adrirabilis“.</Unicode>
        </TextEquiv>
      </TextLine>
    </TextRegion>
    <TextRegion id="eSc_textblock_df866a44"  custom="structure {type:default;}">
      <Coords points="1380,123 2043,132 2052,218 1182,218 1199,132 1380,123"/>
      <TextLine id="eSc_line_ec583929" custom="structure {type:default;}">
        <Coords points="1959,130 1955,130 1933,130 1911,130 1904,130 1902,130 1900,130 1897,130 1873,150 1869,154 1604,154 1597,150 1568,132 1566,132 1564,132 1562,132 1559,132 1493,150 1491,150 1261,130 1259,130 1257,130 1204,150 1204,198 1204,218 1277,234 1279,234 1281,234 1325,223 1338,234 1341,234 1343,234 1345,236 1553,236 1553,234 1555,234 1610,220 1968,234 1970,234 1972,234 2028,218 2028,198 2028,147 1961,130 1959,130"/>
        <Baseline points="1204,198 2028,198"/>
        <TextEquiv conf="0.9893091295076453">
          <Unicode>CLEMENS III. 1187—1191.</Unicode>
        </TextEquiv>
      </TextLine>
    </TextRegion>
  </Page>
</PcGts>
