<?xml version="1.0" encoding="UTF-8"  standalone="yes"?>
<PcGts xmlns="http://schema.primaresearch.org/PAGE/gts/pagecontent/2019-07-15" xmlns:xsi="http://www.w3.org/2001/XMLSchema-instance" xsi:schemaLocation="http://schema.primaresearch.org/PAGE/gts/pagecontent/2019-07-15 http://schema.primaresearch.org/PAGE/gts/pagecontent/2019-07-15/pagecontent.xsd">
  <Metadata externalRef="pdf//regestapontificu02cath.pdf">
	<Creator>escriptorium</Creator>
	<Created>2026-01-31T10:42:47.715237+00:00</Created>
        <LastChange>2026-02-04T23:31:44.139365+00:00</LastChange>
  </Metadata>
  <Page imageFilename="regestapontificu02cath.pdf_page_571.png" imageWidth="3007" imageHeight="3975">
    <TextRegion id="eSc_textblock_0ef99475"  custom="structure {type:default;}">
      <Coords points="136,309 2671,309 2644,3522 707,3539 114,3495 70,2744 70,1015 79,415 136,309"/>
      <TextLine id="eSc_line_cd138f53" custom="structure {type:default;}">
        <Coords points="642,368 642,390 1939,395 1942,357 1937,313 640,311 642,368"/>
        <Baseline points="642,368 1942,357"/>
        <TextEquiv conf="0.9768843427300453">
          <Unicode>1189. (Int. 7. — 25. Xpt. — S. pont. a. 2. 2. Drc. — 3.)</Unicode>
        </TextEquiv>
      </TextLine>
      <TextLine id="eSc_line_6935f101" custom="structure {type:default;}">
        <Coords points="121,426 121,472 223,468 229,468 309,481 311,481 313,481 355,461 355,426 351,346 307,362 269,353 267,353 265,353 262,353 216,375 121,364 121,426"/>
        <Baseline points="121,426 355,426"/>
        <TextEquiv conf="0.9443771243095398">
          <Unicode>Sept. 15.</Unicode>
        </TextEquiv>
      </TextLine>
      <TextLine id="eSc_line_ef043d7e" custom="structure {type:default;}">
        <Coords points="380,424 377,488 596,488 598,428 598,357 380,357 380,424"/>
        <Baseline points="380,424 598,428"/>
        <TextEquiv conf="0.9411757811903954">
          <Unicode>Laterani</Unicode>
        </TextEquiv>
      </TextLine>
      <TextLine id="eSc_line_1fbf007f" custom="structure {type:default;}">
        <Coords points="662,428 662,457 2640,457 2640,428 2640,393 662,393 662,428"/>
        <Baseline points="662,428 2640,428"/>
        <TextEquiv conf="0.9967738712535185">
          <Unicode>16442 (10161) Pracposito et fratribus ecclesiae S. Nicolai Stendalensis permittit, ut</Unicode>
        </TextEquiv>
      </TextLine>
      <TextLine id="eSc_line_5a268be1" custom="structure {type:default;}">
        <Coords points="726,483 726,510 2638,505 2640,479 2633,448 724,448 726,483"/>
        <Baseline points="726,483 2640,479"/>
        <TextEquiv conf="0.9989269291743254">
          <Unicode>„decimas de manibus redimant laicorum et eas suis successorumque usibus libere</Unicode>
        </TextEquiv>
      </TextLine>
      <TextLine id="eSc_line_32100609" custom="structure {type:default;}">
        <Coords points="722,538 722,558 764,571 766,571 768,571 927,560 1095,571 1098,571 1153,560 1201,571 1204,571 1206,571 1265,560 1301,571 1303,571 1305,571 1387,560 1389,560 1418,571 1420,571 1422,571 1548,560 1557,560 1568,560 1747,571 1749,571 1752,571 1778,560 1780,560 1782,560 1827,571 1829,571 1831,571 1915,560 1924,560 1935,560 2050,571 2052,571 2638,560 2638,538 2638,510 722,510 722,538"/>
        <Baseline points="722,538 2638,538"/>
        <TextEquiv conf="0.9959424530587545">
          <Unicode>deputent“. Ricdel Cod. dipl. Brand. I. V. 24, Migne 204 p. 1449. — „ . . . . vobis</Unicode>
        </TextEquiv>
      </TextLine>
      <TextLine id="eSc_line_92795f22" custom="structure {type:default;}">
        <Coords points="724,591 724,613 1034,607 1036,587 1029,560 722,563 724,591"/>
        <Baseline points="724,591 1036,587"/>
        <TextEquiv conf="0.9999907566950872">
          <Unicode>praesentium“.</Unicode>
        </TextEquiv>
      </TextLine>
      <TextLine id="eSc_line_36530763" custom="structure {type:default;}">
        <Coords points="152,647 152,686 315,686 315,684 318,684 320,684 331,673 331,640 324,609 150,609 152,647"/>
        <Baseline points="152,647 331,640"/>
        <TextEquiv conf="0.9999978303909302">
          <Unicode>„ 30.</Unicode>
        </TextEquiv>
      </TextLine>
      <TextLine id="eSc_line_869db16b" custom="structure {type:default;}">
        <Coords points="461,651 463,704 550,677 550,651 550,620 461,618 461,651"/>
        <Baseline points="461,651 550,651"/>
        <TextEquiv conf="0.9999998807907104">
          <Unicode>„</Unicode>
        </TextEquiv>
      </TextLine>
      <TextLine id="eSc_line_4c07ac36" custom="structure {type:default;}">
        <Coords points="671,647 671,673 2638,673 2638,647 2638,613 671,613 671,647"/>
        <Baseline points="671,647 2638,647"/>
        <TextEquiv conf="0.9998842944581825">
          <Unicode>16443 (10162) Bernoni episcopo concedit, ut episcopatus Meklenburgici sedes Suerini</Unicode>
        </TextEquiv>
      </TextLine>
      <TextLine id="eSc_line_0bdeb8f8" custom="structure {type:default;}">
        <Coords points="724,702 724,724 2629,726 2633,697 2626,669 722,671 724,702"/>
        <Baseline points="724,702 2633,697"/>
        <TextEquiv conf="0.9989044477299946">
          <Unicode>maneat. Ecclesiae possessiones confirmat. Lisch Meklenb. Urk. III. 42, Meklenburg.</Unicode>
        </TextEquiv>
      </TextLine>
      <TextLine id="eSc_line_72bfa1c8" custom="structure {type:default;}">
        <Coords points="724,757 724,777 839,790 841,790 1038,779 1042,779 1045,779 1151,790 1153,790 1431,779 1447,779 1473,790 1475,790 1478,790 1562,779 1568,779 1579,779 1747,790 1749,790 1866,779 1877,779 1884,779 1937,790 1939,790 2003,779 2012,779 2023,779 2132,790 2134,790 2635,779 2635,757 2635,726 724,726 724,757"/>
        <Baseline points="724,757 2635,757"/>
        <TextEquiv conf="0.9950236927104902">
          <Unicode>Urkundenb. I. 144, Hasselbach Cod. Pom. dipl. I. 165, Westphalen Mon. ined. IV.</Unicode>
        </TextEquiv>
      </TextLine>
      <TextLine id="eSc_line_b5012c82" custom="structure {type:default;}">
        <Coords points="724,808 722,825 764,848 766,848 768,848 771,848 817,828 1106,850 1109,850 1305,845 1307,845 1365,828 1367,812 1365,781 724,775 724,808"/>
        <Baseline points="724,808 1367,812"/>
        <TextEquiv conf="0.988458629165377">
          <Unicode>8947i. — „Lenedicta gloria“.</Unicode>
        </TextEquiv>
      </TextLine>
      <TextLine id="eSc_line_19de3a7b" custom="structure {type:default;}">
        <Coords points="152,867 154,901 203,878 256,896 260,896 262,896 265,896 333,889 333,859 326,801 262,806 260,806 258,806 249,812 220,832 150,830 152,867"/>
        <Baseline points="152,867 333,859"/>
        <TextEquiv conf="0.9999038457870484">
          <Unicode>„ 30.</Unicode>
        </TextEquiv>
      </TextLine>
      <TextLine id="eSc_line_1ffeb438" custom="structure {type:default;}">
        <Coords points="448,872 446,898 492,912 494,912 497,912 541,901 543,876 541,830 448,832 448,872"/>
        <Baseline points="448,872 543,876"/>
        <TextEquiv conf="1.0">
          <Unicode>„</Unicode>
        </TextEquiv>
      </TextLine>
      <TextLine id="eSc_line_4ee9fba0" custom="structure {type:default;}">
        <Coords points="671,861 669,883 2629,894 2633,867 2631,834 671,828 671,861"/>
        <Baseline points="671,861 2633,867"/>
        <TextEquiv conf="0.9910052390325637">
          <Unicode>16444 T&#x27;(heoderico), episcopo Lubicensi, asserit „decimas novalium et aliarum rerum,</Unicode>
        </TextEquiv>
      </TextLine>
      <TextLine id="eSc_line_0cf356be" custom="structure {type:default;}">
        <Coords points="724,920 724,942 2629,945 2633,916 2629,889 1679,878 1676,878 1590,889 863,881 861,881 722,892 724,920"/>
        <Baseline points="724,920 2633,916"/>
        <TextEquiv conf="0.9919247346362848">
          <Unicode>quae decimari debent, civitatis ei commissae, ad eum iure pontificali spectantes“. Cod.</Unicode>
        </TextEquiv>
      </TextLine>
      <TextLine id="eSc_line_38231655" custom="structure {type:default;}">
        <Coords points="718,976 718,993 773,1009 775,1009 777,1009 779,1009 828,993 832,993 839,993 936,1009 938,1009 941,1009 989,993 992,993 1016,993 1352,1004 1354,1004 1438,991 1444,991 1447,991 1460,1004 1460,1007 1462,1007 1464,1007 1467,1009 1575,1009 1575,1007 1577,1007 1610,991 1641,1007 1643,1007 1646,1007 1707,995 1771,1007 1774,1007 1776,1007 1818,991 1831,1004 1831,1007 1833,1007 1836,1007 1838,1009 2017,1009 2017,1007 2019,1007 2074,989 2074,971 2070,940 748,936 746,936 744,936 715,945 718,976"/>
        <Baseline points="718,976 2074,971"/>
        <TextEquiv conf="0.9957526740381273">
          <Unicode>dipl. Lubic. II. Abth. I. 19. — „Cum universis christiane“.</Unicode>
        </TextEquiv>
      </TextLine>
      <TextLine id="eSc_line_88802c30" custom="structure {type:default;}">
        <Coords points="112,1024 112,1062 340,1057 340,1024 340,991 251,976 249,976 247,976 245,976 223,989 145,978 143,978 141,978 112,989 112,1024"/>
        <Baseline points="112,1024 340,1024"/>
        <TextEquiv conf="0.9997039884328842">
          <Unicode>Oct. 15.</Unicode>
        </TextEquiv>
      </TextLine>
      <TextLine id="eSc_line_b5bd40f1" custom="structure {type:default;}">
        <Coords points="406,1029 404,1071 539,1068 543,1037 543,989 408,987 406,1029"/>
        <Baseline points="406,1029 543,1037"/>
        <TextEquiv conf="1.0">
          <Unicode>„</Unicode>
        </TextEquiv>
      </TextLine>
      <TextLine id="eSc_line_31789d88" custom="structure {type:default;}">
        <Coords points="671,1031 671,1057 2638,1055 2640,1026 2633,998 669,998 671,1031"/>
        <Baseline points="671,1031 2640,1026"/>
        <TextEquiv conf="0.9999720276821227">
          <Unicode>16445 *Ecclesiae Pennensis privilegia, petente Oderisio episcopo, confirmat. D&#x27;Avino</Unicode>
        </TextEquiv>
      </TextLine>
      <TextLine id="eSc_line_d045a5c2" custom="structure {type:default;}">
        <Coords points="718,1084 718,1104 1204,1106 1206,1084 1206,1053 718,1053 718,1084"/>
        <Baseline points="718,1084 1206,1084"/>
        <TextEquiv conf="0.9574497228577024">
          <Unicode>Cenni storici p. 533.</Unicode>
        </TextEquiv>
      </TextLine>
      <TextLine id="eSc_line_62c3cd70" custom="structure {type:default;}">
        <Coords points="150,1141 152,1166 198,1154 344,1163 346,1137 340,1079 260,1086 258,1086 256,1086 243,1095 220,1113 148,1113 150,1141"/>
        <Baseline points="150,1141 346,1137"/>
        <TextEquiv conf="0.9853173136711121">
          <Unicode>„ 27.</Unicode>
        </TextEquiv>
      </TextLine>
      <TextLine id="eSc_line_f7580e68" custom="structure {type:default;}">
        <Coords points="437,1143 433,1201 470,1216 472,1216 475,1216 543,1212 547,1150 547,1115 437,1101 437,1143"/>
        <Baseline points="437,1143 547,1150"/>
        <TextEquiv conf="1.0">
          <Unicode>„</Unicode>
        </TextEquiv>
      </TextLine>
      <TextLine id="eSc_line_ddcc0174" custom="structure {type:default;}">
        <Coords points="671,1139 671,1161 2638,1161 2640,1139 2638,1110 671,1110 671,1139"/>
        <Baseline points="671,1139 2640,1139"/>
        <TextEquiv conf="0.992131139025276">
          <Unicode>16446 Fratribus S. Lupi Trecensis ecclesiam de Marigniaco asscrit, et privilegium</Unicode>
        </TextEquiv>
      </TextLine>
      <TextLine id="eSc_line_ef28fbd7" custom="structure {type:default;}">
        <Coords points="720,1196 720,1230 2635,1219 2638,1190 2631,1159 718,1166 720,1196"/>
        <Baseline points="720,1196 2638,1190"/>
        <TextEquiv conf="0.9891431361436844">
          <Unicode>(Manassae) episcopo Trecensi „minus provide concessum, ut sine ipsius assensu in</Unicode>
        </TextEquiv>
      </TextLine>
      <TextLine id="eSc_line_b508c5b5" custom="structure {type:default;}">
        <Coords points="720,1247 718,1267 733,1278 735,1278 737,1278 740,1278 2633,1274 2635,1252 2633,1216 720,1214 720,1247"/>
        <Baseline points="720,1247 2635,1252"/>
        <TextEquiv conf="0.9984715085431753">
          <Unicode>ecclesia memorata nova non institueretur religio“, in irritum reducit. Lalore Coll.</Unicode>
        </TextEquiv>
      </TextLine>
      <TextLine id="eSc_line_a39ef911" custom="structure {type:default;}">
        <Coords points="718,1302 718,1322 919,1333 921,1333 1959,1322 1959,1302 1957,1269 718,1274 718,1302"/>
        <Baseline points="718,1302 1959,1302"/>
        <TextEquiv conf="0.9901001729347088">
          <Unicode>des cartul. I. 132. — „Desideriis filiorum nostrorum“.</Unicode>
        </TextEquiv>
      </TextLine>
      <TextLine id="eSc_line_e1aab77f" custom="structure {type:default;}">
        <Coords points="152,1360 154,1389 194,1371 251,1382 278,1386 280,1386 326,1375 326,1355 322,1302 256,1291 254,1291 251,1291 249,1291 249,1294 229,1313 218,1327 150,1327 152,1360"/>
        <Baseline points="152,1360 326,1355"/>
        <TextEquiv conf="0.9987947106361389">
          <Unicode>„ 28.</Unicode>
        </TextEquiv>
      </TextLine>
      <TextLine id="eSc_line_188a26dd" custom="structure {type:default;}">
        <Coords points="457,1364 450,1461 539,1453 545,1369 545,1327 457,1322 457,1364"/>
        <Baseline points="457,1364 545,1369"/>
        <TextEquiv conf="0.9513925313949585">
          <Unicode>„</Unicode>
        </TextEquiv>
      </TextLine>
      <TextLine id="eSc_line_6bf8e826" custom="structure {type:default;}">
        <Coords points="671,1353 669,1375 832,1378 890,1395 892,1395 894,1397 1011,1397 1011,1395 1014,1395 1042,1380 1137,1395 1140,1397 1356,1397 1356,1395 1449,1380 1471,1395 1473,1395 1475,1395 1478,1395 1650,1386 1663,1397 1665,1397 1668,1397 1670,1397 1672,1397 1734,1382 1787,1397 1789,1397 1791,1400 1931,1400 1931,1397 1933,1397 1972,1382 2021,1397 2023,1397 2026,1400 2136,1400 2136,1397 2138,1397 2196,1382 2324,1393 2326,1393 2328,1393 2350,1384 2368,1395 2370,1395 2372,1395 2375,1395 2633,1380 2635,1358 2633,1329 671,1318 671,1353"/>
        <Baseline points="671,1353 2635,1358"/>
        <TextEquiv conf="0.9977542737195658">
          <Unicode>16447 Fratribus S. Lupi Trecensis concedit, „ne quisquam episcopus vel praclatus alius</Unicode>
        </TextEquiv>
      </TextLine>
      <TextLine id="eSc_line_33b36b72" custom="structure {type:default;}">
        <Coords points="720,1413 720,1439 2633,1433 2635,1406 2629,1380 718,1380 720,1413"/>
        <Baseline points="720,1413 2635,1406"/>
        <TextEquiv conf="0.9999912425323769">
          <Unicode>absque rationabili causa eos excommunicationi aut eorum ecclesiam interdicto sub-</Unicode>
        </TextEquiv>
      </TextLine>
      <TextLine id="eSc_line_b25cc6ff" custom="structure {type:default;}">
        <Coords points="718,1468 718,1488 1279,1499 1281,1499 1341,1488 1343,1488 1380,1499 1383,1499 1385,1499 1447,1488 1449,1488 1469,1488 2204,1497 2207,1497 2209,1497 2238,1486 2461,1486 2463,1464 2456,1437 715,1439 718,1468"/>
        <Baseline points="718,1468 2463,1464"/>
        <TextEquiv conf="0.9902473219235738">
          <Unicode>iicere“ praesumat. Lalore Coll. des cartul. I. 134. — „Ad pacem ecclesiis“.</Unicode>
        </TextEquiv>
      </TextLine>
      <TextLine id="eSc_line_6f19325a" custom="structure {type:default;}">
        <Coords points="112,1519 112,1550 331,1537 331,1514 324,1472 110,1477 112,1519"/>
        <Baseline points="112,1519 331,1514"/>
        <TextEquiv conf="0.9965513518878392">
          <Unicode>Nov. 4.</Unicode>
        </TextEquiv>
      </TextLine>
      <TextLine id="eSc_line_bb1766a6" custom="structure {type:default;}">
        <Coords points="457,1532 459,1583 543,1572 543,1528 539,1481 503,1470 501,1470 499,1470 497,1470 452,1481 457,1532"/>
        <Baseline points="457,1532 543,1528"/>
        <TextEquiv conf="0.9999842643737793">
          <Unicode>„</Unicode>
        </TextEquiv>
      </TextLine>
      <TextLine id="eSc_line_1dad29db" custom="structure {type:default;}">
        <Coords points="669,1523 669,1545 1330,1559 1332,1559 1334,1559 1336,1559 1354,1548 1866,1556 1869,1556 1871,1556 1873,1556 1891,1545 1893,1545 2193,1545 2196,1545 2386,1556 2388,1556 2390,1556 2392,1556 2406,1545 2445,1556 2448,1556 2450,1556 2520,1545 2596,1556 2598,1556 2600,1556 2638,1543 2638,1519 2631,1488 667,1490 669,1523"/>
        <Baseline points="669,1523 2638,1519"/>
        <TextEquiv conf="0.9941276795723859">
          <Unicode>16448 (10163) Al. praeposito et fratribus S. Nicolai Stendalensis concedit, „ut nulli</Unicode>
        </TextEquiv>
      </TextLine>
      <TextLine id="eSc_line_8a4af0ba" custom="structure {type:default;}">
        <Coords points="720,1578 720,1605 2631,1601 2633,1574 2626,1548 718,1550 720,1578"/>
        <Baseline points="720,1578 2633,1574"/>
        <TextEquiv conf="0.9992159399248305">
          <Unicode>synodum in ecclesia eorum liceat celebrare, neu quis episcopus vel praelatus eos ex-</Unicode>
        </TextEquiv>
      </TextLine>
      <TextLine id="eSc_line_97a991af" custom="structure {type:default;}">
        <Coords points="718,1629 715,1651 733,1662 735,1662 737,1662 740,1662 2629,1658 2631,1634 2626,1596 718,1596 718,1629"/>
        <Baseline points="718,1629 2631,1634"/>
        <TextEquiv conf="0.9999891861182887">
          <Unicode>communicare aut eorum ecclesiam praesumat subiicere interdicto“. Riedel Cod. dipl.</Unicode>
        </TextEquiv>
      </TextLine>
      <TextLine id="eSc_line_7e60ac37" custom="structure {type:default;}">
        <Coords points="718,1689 718,1704 855,1718 857,1718 859,1718 881,1707 890,1707 1071,1718 1073,1718 2255,1711 2255,1689 2255,1658 718,1656 718,1689"/>
        <Baseline points="718,1689 2255,1689"/>
        <TextEquiv conf="0.9939939975738525">
          <Unicode>Brand. I. v. 24, Migne 204 p. 1449. — „. . . . dilecti in domino“.</Unicode>
        </TextEquiv>
      </TextLine>
      <TextLine id="eSc_line_7bd5eb20" custom="structure {type:default;}">
        <Coords points="143,1746 143,1766 167,1775 170,1775 172,1775 174,1775 176,1775 176,1773 181,1768 194,1755 234,1755 256,1773 260,1777 262,1777 265,1777 267,1777 326,1775 326,1740 322,1673 254,1673 251,1673 249,1673 247,1673 247,1676 229,1691 209,1711 141,1711 143,1746"/>
        <Baseline points="143,1746 326,1740"/>
        <TextEquiv conf="0.9994242489337921">
          <Unicode>„ 1.</Unicode>
        </TextEquiv>
      </TextLine>
      <TextLine id="eSc_line_751df41d" custom="structure {type:default;}">
        <Coords points="455,1751 455,1779 494,1788 497,1788 499,1788 501,1788 541,1762 541,1746 536,1700 479,1689 477,1689 475,1689 450,1698 455,1751"/>
        <Baseline points="455,1751 541,1746"/>
        <TextEquiv conf="0.9873678088188171">
          <Unicode>„</Unicode>
        </TextEquiv>
      </TextLine>
      <TextLine id="eSc_line_d1b55527" custom="structure {type:default;}">
        <Coords points="669,1742 669,1766 2631,1762 2633,1737 2629,1711 684,1702 682,1702 680,1702 678,1702 667,1709 669,1742"/>
        <Baseline points="669,1742 2633,1737"/>
        <TextEquiv conf="0.9999784647032272">
          <Unicode>16449 Fratribus Loensibus, abbatibus S. Augustini et decano Morinensi mandat, iudicent</Unicode>
        </TextEquiv>
      </TextLine>
      <TextLine id="eSc_line_a305ab44" custom="structure {type:default;}">
        <Coords points="720,1797 720,1824 2631,1819 2633,1793 2626,1766 718,1766 720,1797"/>
        <Baseline points="720,1797 2633,1793"/>
        <TextEquiv conf="0.9975548528134823">
          <Unicode>inter praepositum canonicosque regulares de Lo et abbatem de Claromaresco, super</Unicode>
        </TextEquiv>
      </TextLine>
      <TextLine id="eSc_line_36c697e2" custom="structure {type:default;}">
        <Coords points="718,1852 718,1872 2631,1874 2633,1852 2633,1824 718,1824 718,1852"/>
        <Baseline points="718,1852 2633,1852"/>
        <TextEquiv conf="0.9974741339683533">
          <Unicode>decimatione quadam litigantes. Hollebeke Cart. de S. Pierre de Loo p. 31. — „In-</Unicode>
        </TextEquiv>
      </TextLine>
      <TextLine id="eSc_line_7a1056ad" custom="structure {type:default;}">
        <Coords points="715,1903 713,1921 753,1936 755,1936 757,1936 897,1923 910,1934 910,1936 912,1936 914,1936 916,1936 963,1927 974,1936 974,1938 976,1938 978,1938 980,1938 1111,1925 1146,1938 1148,1938 1151,1938 1153,1938 1210,1923 1212,1908 1210,1874 715,1874 715,1903"/>
        <Baseline points="715,1903 1212,1908"/>
        <TextEquiv conf="0.9999987871750541">
          <Unicode>sinuatio prepositi et“.</Unicode>
        </TextEquiv>
      </TextLine>
      <TextLine id="eSc_line_366b65ac" custom="structure {type:default;}">
        <Coords points="145,1983 220,1969 247,1972 304,1980 307,1980 309,1980 311,1980 311,1978 326,1963 326,1956 320,1914 174,1932 145,1914 145,1963 145,1983"/>
        <Baseline points="145,1963 326,1956"/>
        <TextEquiv conf="0.9994642436504364">
          <Unicode>„ 8.</Unicode>
        </TextEquiv>
      </TextLine>
      <TextLine id="eSc_line_c1368ddb" custom="structure {type:default;}">
        <Coords points="448,1965 448,2000 550,2016 552,1965 552,1899 448,1890 448,1965"/>
        <Baseline points="448,1965 552,1965"/>
        <TextEquiv conf="1.0">
          <Unicode>(„)</Unicode>
        </TextEquiv>
      </TextLine>
      <TextLine id="eSc_line_9416357a" custom="structure {type:default;}">
        <Coords points="667,1963 667,1985 2626,1987 2631,1958 2626,1927 665,1925 667,1963"/>
        <Baseline points="667,1963 2631,1958"/>
        <TextEquiv conf="0.9949596016495316">
          <Unicode>16450 *Ecclesiae S. Sophiae Beneventanae possessiones et privilegia confirmat. In</Unicode>
        </TextEquiv>
      </TextLine>
      <TextLine id="eSc_line_a0dceb5d" custom="structure {type:default;}">
        <Coords points="715,2018 715,2044 1880,2038 1882,2038 1895,2049 1897,2049 1900,2049 1902,2051 2085,2051 2085,2049 2087,2049 2129,2036 2129,2018 2129,1987 715,1980 715,2018"/>
        <Baseline points="715,2018 2129,2018"/>
        <TextEquiv conf="0.9960183753805646">
          <Unicode>tabul. S. Sophiae Benevent. Vol. II. n. 11. Dedit Bethmann.</Unicode>
        </TextEquiv>
      </TextLine>
      <TextLine id="eSc_line_97f184b4" custom="structure {type:default;}">
        <Coords points="145,2071 145,2091 227,2082 243,2084 298,2097 300,2097 302,2097 304,2097 329,2078 329,2067 324,2038 143,2036 145,2071"/>
        <Baseline points="145,2071 329,2067"/>
        <TextEquiv conf="0.9995283842086792">
          <Unicode>„ 13.</Unicode>
        </TextEquiv>
      </TextLine>
      <TextLine id="eSc_line_c672727a" custom="structure {type:default;}">
        <Coords points="455,2078 455,2177 492,2181 494,2181 497,2181 539,2157 539,2078 539,2051 455,2051 455,2078"/>
        <Baseline points="455,2078 539,2078"/>
        <TextEquiv conf="0.8645630478858948">
          <Unicode>„</Unicode>
        </TextEquiv>
      </TextLine>
      <TextLine id="eSc_line_d3182259" custom="structure {type:default;}">
        <Coords points="667,2073 667,2095 2629,2089 2631,2067 2626,2040 2026,2029 2023,2029 1908,2040 1902,2040 1880,2040 1429,2031 1427,2031 1319,2042 1305,2044 665,2044 667,2073"/>
        <Baseline points="667,2073 2631,2067"/>
        <TextEquiv conf="0.9963500534786898">
          <Unicode>16451 Abbati Losensi et Brugensi ac Insulensi praepositis factam inter canonicos For-</Unicode>
        </TextEquiv>
      </TextLine>
      <TextLine id="eSc_line_53ccee4b" custom="structure {type:default;}">
        <Coords points="715,2126 715,2148 2631,2144 2633,2122 2626,2095 713,2097 715,2126"/>
        <Baseline points="715,2126 2633,2122"/>
        <TextEquiv conf="0.9999911323189735">
          <Unicode>moselelses et fratres hospitalis Hierosolymitanae compositionem investigandam ac</Unicode>
        </TextEquiv>
      </TextLine>
      <TextLine id="eSc_line_09e85265" custom="structure {type:default;}">
        <Coords points="715,2181 715,2212 2633,2206 2633,2181 2633,2150 715,2148 715,2181"/>
        <Baseline points="715,2181 2633,2181"/>
        <TextEquiv conf="0.996655931443344">
          <Unicode>stabiliendam committit. Rec. de chroniques etc. de la Flandre occid., Chron. Vor-</Unicode>
        </TextEquiv>
      </TextLine>
      <TextLine id="eSc_line_b1eb1826" custom="structure {type:default;}">
        <Coords points="715,2237 715,2254 771,2267 773,2267 1844,2254 1844,2237 1844,2208 715,2208 715,2237"/>
        <Baseline points="715,2237 1844,2237"/>
        <TextEquiv conf="0.9993984885513783">
          <Unicode>meselense p. 30. — „Proposuerunt nobis dilecti“.</Unicode>
        </TextEquiv>
      </TextLine>
      <TextLine id="eSc_line_5e0b3c19" custom="structure {type:default;}">
        <Coords points="145,2287 145,2292 324,2312 326,2283 324,2245 265,2228 262,2228 225,2228 223,2228 220,2228 218,2228 218,2230 207,2241 196,2250 143,2239 145,2287"/>
        <Baseline points="145,2287 326,2283"/>
        <TextEquiv conf="0.9917472004890442">
          <Unicode>„ 25.</Unicode>
        </TextEquiv>
      </TextLine>
      <TextLine id="eSc_line_95ba976e" custom="structure {type:default;}">
        <Coords points="450,2303 450,2351 539,2345 539,2298 528,2210 446,2234 450,2303"/>
        <Baseline points="450,2303 539,2298"/>
        <TextEquiv conf="1.0">
          <Unicode>„</Unicode>
        </TextEquiv>
      </TextLine>
      <TextLine id="eSc_line_9d8c101b" custom="structure {type:default;}">
        <Coords points="665,2290 665,2314 2631,2314 2631,2290 2631,2261 665,2261 665,2290"/>
        <Baseline points="665,2290 2631,2290"/>
        <TextEquiv conf="0.9959354750812054">
          <Unicode>16452 Dunensi, Claromarescensi et Thosanensi abbatibus mandat, defendant sancti-</Unicode>
        </TextEquiv>
      </TextLine>
      <TextLine id="eSc_line_efc7b3b1" custom="structure {type:default;}">
        <Coords points="713,2347 713,2371 2624,2369 2626,2340 2620,2314 711,2316 713,2347"/>
        <Baseline points="713,2347 2626,2340"/>
        <TextEquiv conf="0.994205694823038">
          <Unicode>moniales Burburgenses ab iniuriis abbatis Corbeiensis, decimationes quasdam infra et</Unicode>
        </TextEquiv>
      </TextLine>
      <TextLine id="eSc_line_7b12d095" custom="structure {type:default;}">
        <Coords points="713,2402 713,2424 2622,2420 2624,2398 2618,2369 711,2371 713,2402"/>
        <Baseline points="713,2402 2624,2398"/>
        <TextEquiv conf="0.9996808926726497">
          <Unicode>extra Isaram eis auferre conantis. Loewenfeld Epistolae p. 243. — „Insinuarunt nobis“.</Unicode>
        </TextEquiv>
      </TextLine>
      <TextLine id="eSc_line_bb1f24a7" custom="structure {type:default;}">
        <Coords points="143,2455 143,2473 170,2482 172,2482 174,2482 176,2482 178,2482 178,2479 181,2479 187,2471 192,2464 223,2464 227,2466 238,2477 240,2477 243,2477 245,2479 296,2479 296,2477 298,2477 300,2477 326,2460 326,2449 315,2400 300,2411 245,2404 243,2404 240,2404 238,2404 238,2407 220,2420 141,2407 143,2455"/>
        <Baseline points="143,2455 326,2449"/>
        <TextEquiv conf="0.9999986171722413">
          <Unicode>„ 25.</Unicode>
        </TextEquiv>
      </TextLine>
      <TextLine id="eSc_line_dfcac327" custom="structure {type:default;}">
        <Coords points="452,2464 452,2479 514,2477 532,2488 539,2464 539,2438 452,2438 452,2464"/>
        <Baseline points="452,2464 539,2464"/>
        <TextEquiv conf="0.999981164932251">
          <Unicode>„</Unicode>
        </TextEquiv>
      </TextLine>
      <TextLine id="eSc_line_85390cb5" custom="structure {type:default;}">
        <Coords points="662,2451 660,2473 2624,2477 2629,2455 2626,2424 662,2420 662,2451"/>
        <Baseline points="662,2451 2629,2455"/>
        <TextEquiv conf="0.9980555335177651">
          <Unicode>16453 (10164) Ger. comiti et populo Ragusino Ber(nardum) archiepiscopum, pallio</Unicode>
        </TextEquiv>
      </TextLine>
      <TextLine id="eSc_line_efc950d7" custom="structure {type:default;}">
        <Coords points="715,2510 715,2535 961,2535 972,2537 1018,2548 1020,2548 1022,2548 1153,2537 1193,2535 1221,2537 1301,2548 1303,2548 1369,2539 1396,2535 1455,2539 1588,2548 1590,2548 1652,2539 1696,2532 1738,2539 1778,2546 1780,2546 1782,2546 1785,2546 1791,2539 1805,2532 1895,2539 1972,2546 1975,2548 2059,2548 2059,2546 2061,2546 2063,2546 2070,2541 2083,2532 2622,2541 2626,2506 2620,2479 713,2482 715,2510"/>
        <Baseline points="715,2510 2626,2506"/>
        <TextEquiv conf="0.9945720964007907">
          <Unicode>ornatum, commendat. Farlati III. sacr. VI. 83, Mon. Hung. hist. I. xI. 175, Migne</Unicode>
        </TextEquiv>
      </TextLine>
      <TextLine id="eSc_line_f7af925e" custom="structure {type:default;}">
        <Coords points="718,2566 718,2583 843,2599 846,2599 848,2599 894,2583 899,2583 905,2583 994,2599 996,2599 998,2599 1027,2583 1029,2583 1109,2583 1124,2597 1124,2599 1126,2599 1129,2599 1131,2601 1239,2601 1239,2599 1241,2599 1272,2583 1285,2597 1285,2599 1288,2599 1290,2599 1292,2601 1497,2601 1497,2599 1500,2599 1548,2581 1548,2563 1544,2537 729,2526 726,2526 724,2526 722,2526 722,2528 715,2532 718,2566"/>
        <Baseline points="718,2566 1548,2563"/>
        <TextEquiv conf="0.997583421793851">
          <Unicode>204 p. 1449. — „Cum venerabilis“.</Unicode>
        </TextEquiv>
      </TextLine>
      <TextLine id="eSc_line_9a10793a" custom="structure {type:default;}">
        <Coords points="143,2619 143,2638 167,2650 170,2650 172,2650 174,2650 207,2634 216,2632 225,2634 276,2647 278,2647 280,2647 282,2647 326,2627 326,2614 320,2563 141,2583 143,2619"/>
        <Baseline points="143,2619 326,2614"/>
        <TextEquiv conf="0.9999999761581421">
          <Unicode>„ 26.</Unicode>
        </TextEquiv>
      </TextLine>
      <TextLine id="eSc_line_53d650c6" custom="structure {type:default;}">
        <Coords points="439,2623 439,2632 466,2645 468,2645 470,2645 472,2645 501,2638 521,2632 532,2641 539,2623 536,2592 439,2594 439,2623"/>
        <Baseline points="439,2623 539,2623"/>
        <TextEquiv conf="0.9999991655349731">
          <Unicode>„</Unicode>
        </TextEquiv>
      </TextLine>
      <TextLine id="eSc_line_44edb426" custom="structure {type:default;}">
        <Coords points="662,2621 662,2643 2624,2641 2626,2616 2622,2588 1776,2577 1774,2577 1646,2588 1632,2590 660,2590 662,2621"/>
        <Baseline points="662,2621 2626,2616"/>
        <TextEquiv conf="0.9928443922716028">
          <Unicode>16454 Abbati S. Salvatoris in Castello maris scribit, ne de cetero monasterii posses-</Unicode>
        </TextEquiv>
      </TextLine>
      <TextLine id="eSc_line_b61c16eb" custom="structure {type:default;}">
        <Coords points="715,2674 715,2696 1646,2707 1648,2707 1771,2694 1789,2694 2074,2694 2076,2694 2090,2705 2092,2705 2094,2705 2096,2707 2286,2707 2286,2705 2288,2705 2319,2694 2326,2694 2573,2705 2576,2705 2578,2705 2622,2691 2622,2669 2615,2643 713,2645 715,2674"/>
        <Baseline points="715,2674 2622,2669"/>
        <TextEquiv conf="0.9986406615594539">
          <Unicode>siones alienare audeat. Pflugk-Hartttung Acta III. 375. — „Praelatis ecclesiarum“.</Unicode>
        </TextEquiv>
      </TextLine>
      <TextLine id="eSc_line_c1464b31" custom="structure {type:default;}">
        <Coords points="108,2720 106,2789 216,2782 324,2795 329,2725 329,2691 282,2676 280,2676 278,2676 276,2676 254,2687 240,2691 108,2674 108,2720"/>
        <Baseline points="108,2720 329,2725"/>
        <TextEquiv conf="0.9179700783320835">
          <Unicode>Dec. 5.</Unicode>
        </TextEquiv>
      </TextLine>
      <TextLine id="eSc_line_b4658291" custom="structure {type:default;}">
        <Coords points="441,2733 439,2775 541,2775 543,2738 541,2694 441,2685 441,2733"/>
        <Baseline points="441,2733 543,2738"/>
        <TextEquiv conf="1.0">
          <Unicode>„</Unicode>
        </TextEquiv>
      </TextLine>
      <TextLine id="eSc_line_5e36f5d1" custom="structure {type:default;}">
        <Coords points="665,2725 662,2744 899,2760 901,2760 1632,2749 1736,2762 1738,2762 1842,2751 1955,2762 1957,2764 2160,2764 2160,2762 2163,2762 2165,2762 2180,2751 2204,2762 2207,2762 2209,2762 2403,2751 2580,2762 2582,2762 2585,2762 2624,2749 2626,2729 2624,2698 665,2696 665,2725"/>
        <Baseline points="665,2725 2626,2729"/>
        <TextEquiv conf="0.9989703312516213">
          <Unicode>16455 Fratribus S. Victoris Parisiensibus indultum a S(tephano) quondam episcopo</Unicode>
        </TextEquiv>
      </TextLine>
      <TextLine id="eSc_line_05cdc723" custom="structure {type:default;}">
        <Coords points="715,2786 715,2811 2622,2806 2624,2782 2620,2753 713,2751 715,2786"/>
        <Baseline points="715,2786 2624,2782"/>
        <TextEquiv conf="0.9988638967275619">
          <Unicode>privilegium super ecclesiae cathedralis praebendarum fructibus ad monasterium S.</Unicode>
        </TextEquiv>
      </TextLine>
      <TextLine id="eSc_line_40068493" custom="structure {type:default;}">
        <Coords points="720,2837 720,2862 2622,2857 2624,2833 2620,2806 718,2806 720,2837"/>
        <Baseline points="720,2837 2624,2833"/>
        <TextEquiv conf="0.9999997557663336">
          <Unicode>Victoris pertinentibus approbat, prava et sinistra canonicorum Parisiensium inter-</Unicode>
        </TextEquiv>
      </TextLine>
      <TextLine id="eSc_line_3e596b24" custom="structure {type:default;}">
        <Coords points="715,2895 715,2921 1080,2937 1082,2937 1166,2921 1184,2934 1186,2934 1188,2934 1319,2937 1321,2937 1323,2937 1325,2937 1349,2919 1352,2919 1369,2919 1509,2934 1511,2937 1849,2937 1849,2934 1851,2934 1908,2919 1984,2934 1986,2934 2079,2917 2087,2917 2231,2917 2233,2917 2251,2930 2253,2930 2255,2930 2258,2930 2335,2917 2339,2917 2359,2932 2361,2932 2364,2932 2366,2932 2620,2915 2622,2888 2618,2862 713,2862 715,2895"/>
        <Baseline points="715,2895 2622,2888"/>
        <TextEquiv conf="0.9890155968842683">
          <Unicode>pretatione repulsa. Autogr. in tabul. nat. Paris. L. 234. n. 9. — „Ea quae a fra-</Unicode>
        </TextEquiv>
      </TextLine>
      <TextLine id="eSc_line_35171fd4" custom="structure {type:default;}">
        <Coords points="709,2948 709,2961 737,2976 740,2976 826,2981 828,2981 830,2981 890,2952 890,2941 883,2908 707,2915 709,2948"/>
        <Baseline points="709,2948 890,2941"/>
        <TextEquiv conf="0.9957528635859489">
          <Unicode>tribus“.</Unicode>
        </TextEquiv>
      </TextLine>
      <TextLine id="eSc_line_8dfdc388" custom="structure {type:default;}">
        <Coords points="141,3005 141,3029 229,3016 260,3040 262,3043 265,3043 267,3043 269,3045 329,3045 329,2998 320,2948 245,2968 139,2963 141,3005"/>
        <Baseline points="141,3005 329,2998"/>
        <TextEquiv conf="0.9999950528144836">
          <Unicode>„ 9.</Unicode>
        </TextEquiv>
      </TextLine>
      <TextLine id="eSc_line_d972a3c1" custom="structure {type:default;}">
        <Coords points="450,3014 450,3025 463,3034 466,3034 468,3034 470,3034 539,3021 539,3014 539,2985 450,2968 450,3014"/>
        <Baseline points="450,3014 539,3014"/>
        <TextEquiv conf="1.0">
          <Unicode>„</Unicode>
        </TextEquiv>
      </TextLine>
      <TextLine id="eSc_line_f72f06bd" custom="structure {type:default;}">
        <Coords points="662,3001 662,3027 2624,3027 2624,3001 2624,2972 662,2965 662,3001"/>
        <Baseline points="662,3001 2624,3001"/>
        <TextEquiv conf="0.9999460563063621">
          <Unicode>16456 Godescalco, abbati Valcellensi, bullam dat. Neues Archiv VII. 116. — „Piae</Unicode>
        </TextEquiv>
      </TextLine>
      <TextLine id="eSc_line_3a6a7cf9" custom="structure {type:default;}">
        <Coords points="711,3056 711,3078 916,3085 919,3085 976,3071 976,3056 976,3027 711,3027 711,3056"/>
        <Baseline points="711,3056 976,3056"/>
        <TextEquiv conf="0.999889517823855">
          <Unicode>postulatio“.</Unicode>
        </TextEquiv>
      </TextLine>
      <TextLine id="eSc_line_cb9772dc" custom="structure {type:default;}">
        <Coords points="141,3113 141,3153 251,3135 311,3155 315,3113 313,3069 141,3082 141,3113"/>
        <Baseline points="141,3113 315,3113"/>
        <TextEquiv conf="0.9999335557222366">
          <Unicode>„ 9.</Unicode>
        </TextEquiv>
      </TextLine>
      <TextLine id="eSc_line_b783982d" custom="structure {type:default;}">
        <Coords points="437,3122 435,3164 483,3168 486,3168 488,3168 539,3149 541,3124 536,3043 499,3056 437,3047 437,3122"/>
        <Baseline points="437,3122 541,3124"/>
        <TextEquiv conf="1.0">
          <Unicode>„</Unicode>
        </TextEquiv>
      </TextLine>
      <TextLine id="eSc_line_00e79ac2" custom="structure {type:default;}">
        <Coords points="662,3107 660,3129 744,3144 746,3144 802,3133 837,3144 839,3144 841,3146 1031,3146 1031,3144 1034,3144 1056,3133 1075,3144 1078,3144 1080,3144 1241,3133 1321,3144 1323,3144 1544,3133 1555,3133 1562,3133 1676,3144 1679,3144 2620,3135 2622,3111 2622,3080 2591,3067 2589,3067 2587,3067 2585,3067 2543,3078 1674,3067 1672,3067 1670,3067 1646,3078 1641,3078 1634,3078 1566,3065 1564,3065 1482,3076 1341,3065 1338,3065 1274,3076 1272,3076 1270,3076 1190,3065 1188,3065 1186,3065 1151,3076 1148,3076 1113,3065 1111,3065 1109,3065 662,3074 662,3107"/>
        <Baseline points="662,3107 2622,3111"/>
        <TextEquiv conf="0.9992434583431067">
          <Unicode>16457 (Alnardo) episcopo Albigaunensi et abbatibus Tilietensi et S. Benigni (lanuensi)</Unicode>
        </TextEquiv>
      </TextLine>
      <TextLine id="eSc_line_15cfb22c" custom="structure {type:default;}">
        <Coords points="713,3166 713,3193 2618,3186 2620,3160 2613,3133 711,3135 713,3166"/>
        <Baseline points="713,3166 2620,3160"/>
        <TextEquiv conf="0.9976937777855817">
          <Unicode>mandat, ut controversiam inter ecclesiam S. Laurentii et S. Mariae Castellensis super</Unicode>
        </TextEquiv>
      </TextLine>
      <TextLine id="eSc_line_ca10ee3e" custom="structure {type:default;}">
        <Coords points="711,3221 711,3246 2618,3241 2620,3215 2613,3188 709,3193 711,3221"/>
        <Baseline points="711,3221 2620,3215"/>
        <TextEquiv conf="0.9943108318782434">
          <Unicode>ecclesia Modulana determinent. Scribit, canonicis Castellensibus sese mandasse, ut</Unicode>
        </TextEquiv>
      </TextLine>
      <TextLine id="eSc_line_e1c1b214" custom="structure {type:default;}">
        <Coords points="713,3272 711,3292 768,3305 771,3305 1628,3297 1668,3308 1670,3308 1672,3308 2620,3297 2622,3277 2620,3248 713,3244 713,3272"/>
        <Baseline points="713,3272 2622,3277"/>
        <TextEquiv conf="0.9996796882734066">
          <Unicode>usque ad festum purificationis S. Mariae praepositum habeant vel procuratorem ido-</Unicode>
        </TextEquiv>
      </TextLine>
      <TextLine id="eSc_line_03459160" custom="structure {type:default;}">
        <Coords points="711,3330 711,3352 859,3352 894,3365 897,3365 899,3365 1080,3352 1197,3365 1199,3367 1513,3367 1513,3365 1617,3352 1789,3365 1791,3365 1794,3365 1833,3352 1911,3352 1928,3365 1931,3365 1933,3365 1935,3365 2136,3352 2180,3365 2182,3365 2185,3365 2187,3365 2233,3352 2461,3352 2461,3330 2461,3303 711,3297 711,3330"/>
        <Baseline points="711,3330 2461,3330"/>
        <TextEquiv conf="0.992877320282989">
          <Unicode>neum instituant. Pflugk-Harttung Acta III. 375. — „Causam que vertitur“.</Unicode>
        </TextEquiv>
      </TextLine>
      <TextLine id="eSc_line_255d2e8f" custom="structure {type:default;}">
        <Coords points="148,3387 148,3414 607,3411 607,3383 603,3330 349,3321 346,3321 344,3321 304,3341 296,3345 280,3343 245,3336 243,3336 145,3347 148,3387"/>
        <Baseline points="148,3387 607,3383"/>
        <TextEquiv conf="0.9868785068392754">
          <Unicode>„ 28.  Romae ap.</Unicode>
        </TextEquiv>
      </TextLine>
      <TextLine id="eSc_line_337587bf" custom="structure {type:default;}">
        <Coords points="660,3383 660,3409 2620,3409 2620,3383 2620,3354 660,3347 660,3383"/>
        <Baseline points="660,3383 2620,3383"/>
        <TextEquiv conf="0.9967187025198122">
          <Unicode>16458 *Ecclesiam S. Petri de Burgo Valentinensem tuendam suscipit, possessionesque</Unicode>
        </TextEquiv>
      </TextLine>
      <TextLine id="eSc_line_a44aabe5" custom="structure {type:default;}">
        <Coords points="342,3438 342,3493 386,3493 386,3491 388,3491 391,3491 391,3489 395,3486 410,3471 468,3478 470,3478 475,3478 528,3467 541,3471 563,3480 565,3480 567,3480 570,3480 614,3462 614,3433 607,3396 340,3405 342,3438"/>
        <Baseline points="342,3438 614,3433"/>
        <TextEquiv conf="0.9998945832252503">
          <Unicode>S. Petrum?</Unicode>
        </TextEquiv>
      </TextLine>
      <TextLine id="eSc_line_b609fb01" custom="structure {type:default;}">
        <Coords points="711,3440 711,3467 2585,3469 2587,3469 2589,3469 2615,3456 2615,3433 2609,3403 709,3411 711,3440"/>
        <Baseline points="711,3440 2615,3433"/>
        <TextEquiv conf="0.993765190243721">
          <Unicode>et privilegia confirmat. (Clausula: „Dat. Romae ap. S. Petrum, V. kal. Ian., p. a. III.“</Unicode>
        </TextEquiv>
      </TextLine>
      <TextLine id="eSc_line_05d59190" custom="structure {type:default;}">
        <Coords points="711,3491 709,3555 768,3568 771,3568 1060,3566 1062,3566 1064,3566 1084,3551 1102,3537 1166,3544 1168,3544 1170,3544 1212,3528 1314,3528 1345,3546 1356,3551 1358,3551 1360,3551 1409,3544 1436,3542 1442,3544 1495,3570 1497,3570 1500,3570 1712,3557 1736,3573 1738,3573 1741,3573 1743,3575 1796,3575 1796,3573 1798,3573 1864,3544 1984,3551 1986,3551 1988,3551 2017,3535 2023,3533 2216,3533 2218,3498 2216,3469 711,3462 711,3491"/>
        <Baseline points="711,3491 2218,3498"/>
        <TextEquiv conf="0.9768818136471421">
          <Unicode>mutilata esse widetur). Shewvalier Coll. des cart. Dauph. IL. I. 6.</Unicode>
        </TextEquiv>
      </TextLine>
    </TextRegion>
    <TextRegion id="eSc_textblock_b2d5fa59"  custom="structure {type:default;}">
      <Coords points="956,150 1763,150 1798,236 989,262 927,245 927,159 956,150"/>
      <TextLine id="eSc_line_a98fda9f" custom="structure {type:default;}">
        <Coords points="1760,159 1564,165 1555,161 1542,150 1539,150 1537,150 1517,150 1495,150 1486,150 1484,150 1369,163 1341,167 1336,165 1323,154 1323,152 1321,152 1319,152 1316,152 1243,165 1000,150 998,150 996,150 943,170 945,218 945,238 1173,256 1175,256 1177,256 1241,238 1243,238 1250,238 1341,247 1343,247 1405,238 1416,236 1420,238 1455,253 1458,253 1460,253 1546,242 1738,253 1741,253 1743,253 1745,253 1769,236 1769,214 1763,161 1760,159"/>
        <Baseline points="945,218 1769,214"/>
        <TextEquiv conf="0.9896938428282738">
          <Unicode>(L.EMENS III. 1187—1191.</Unicode>
        </TextEquiv>
      </TextLine>
    </TextRegion>
    <TextRegion id="eSc_textblock_a0f105c8"  custom="structure {type:default;}">
      <Coords points="2509,159 2662,167 2671,227 2505,253 2478,194 2509,159"/>
      <TextLine id="eSc_line_b10decf8" custom="structure {type:default;}">
        <Coords points="2591,163 2569,161 2547,161 2531,159 2503,167 2507,220 2507,251 2631,256 2633,216 2629,165 2607,163 2591,163"/>
        <Baseline points="2507,220 2633,216"/>
        <TextEquiv conf="1.0">
          <Unicode>559</Unicode>
        </TextEquiv>
      </TextLine>
    </TextRegion>
  </Page>
</PcGts>
