<?xml version="1.0" encoding="UTF-8"  standalone="yes"?>
<PcGts xmlns="http://schema.primaresearch.org/PAGE/gts/pagecontent/2019-07-15" xmlns:xsi="http://www.w3.org/2001/XMLSchema-instance" xsi:schemaLocation="http://schema.primaresearch.org/PAGE/gts/pagecontent/2019-07-15 http://schema.primaresearch.org/PAGE/gts/pagecontent/2019-07-15/pagecontent.xsd">
  <Metadata externalRef="pdf//regestapontificu02cath.pdf">
	<Creator>escriptorium</Creator>
	<Created>2026-01-31T10:40:38.243468+00:00</Created>
        <LastChange>2026-02-04T23:17:55.183008+00:00</LastChange>
  </Metadata>
  <Page imageFilename="regestapontificu02cath.pdf_page_519.png" imageWidth="3007" imageHeight="3975">
    <TextRegion id="eSc_textblock_f608e402"  custom="structure {type:default;}">
      <Coords points="897,318 2644,326 2626,3575 2381,3575 2308,3610 698,3584 572,3539 132,3548 70,3522 61,379 106,326 528,326 607,353 618,326 897,318"/>
      <TextLine id="eSc_line_90bb7e13" custom="structure {type:default;}">
        <Coords points="2034,322 2012,322 1990,322 1968,322 1946,322 1926,322 1908,331 1889,340 1862,331 1847,326 1844,326 1842,326 1840,326 1824,331 1789,344 1555,344 1528,333 1520,331 1517,331 1515,331 1491,333 1431,342 1376,333 1310,324 1307,324 1257,335 1232,342 950,344 934,337 925,333 923,333 921,333 919,333 916,333 912,337 901,344 881,337 841,324 839,324 665,324 642,324 620,324 598,351 600,377 600,406 2463,408 2467,371 2461,329 2083,340 2063,331 2050,322 2034,322"/>
        <Baseline points="600,377 2467,371"/>
        <TextEquiv conf="0.9858937543981215">
          <Unicode>1186. (Ind. 4. — 25. Sept. — 5, pont. a. 1. — 1. Der. — 2, 1185. — 25. Mart. — 1186.)</Unicode>
        </TextEquiv>
      </TextLine>
      <TextLine id="eSc_line_7a461b94" custom="structure {type:default;}">
        <Coords points="75,439 75,465 143,481 145,481 304,461 304,435 300,395 72,384 75,439"/>
        <Baseline points="75,439 304,435"/>
        <TextEquiv conf="0.9447732642292976">
          <Unicode>Oct. 31.</Unicode>
        </TextEquiv>
      </TextLine>
      <TextLine id="eSc_line_12028ce0" custom="structure {type:default;}">
        <Coords points="351,439 351,477 556,483 558,435 554,373 466,364 463,364 349,382 351,439"/>
        <Baseline points="351,439 558,435"/>
        <TextEquiv conf="0.9999933583395821">
          <Unicode>Veronae</Unicode>
        </TextEquiv>
      </TextLine>
      <TextLine id="eSc_line_1972a541" custom="structure {type:default;}">
        <Coords points="638,443 638,468 2600,463 2602,439 2598,404 636,399 638,443"/>
        <Baseline points="638,443 2602,439"/>
        <TextEquiv conf="0.993966056318844">
          <Unicode>15687 Willelmo, archiepiscopo Remensi, S. Sabinae cardinali, ap. sed. legato, eiusque</Unicode>
        </TextEquiv>
      </TextLine>
      <TextLine id="eSc_line_1a9020e7" custom="structure {type:default;}">
        <Coords points="687,496 687,523 1396,534 1398,534 1453,523 1475,534 1478,534 1480,536 1643,536 1643,534 1707,521 1714,521 1721,521 1763,532 1765,532 1767,532 2600,518 2602,492 2596,463 684,465 687,496"/>
        <Baseline points="687,496 2602,492"/>
        <TextEquiv conf="0.9954327860983406">
          <Unicode>suffraganeis mandat, videant, ne a fratribus Camberonensibus et Valcellensibus vel</Unicode>
        </TextEquiv>
      </TextLine>
      <TextLine id="eSc_line_8ed297d3" custom="structure {type:default;}">
        <Coords points="687,552 687,580 2596,583 2600,547 2593,516 684,521 687,552"/>
        <Baseline points="687,552 2600,547"/>
        <TextEquiv conf="0.999979480921504">
          <Unicode>aliorum monasteriorum ordinis Cisterciensis „de novalibus vel de aliis terris, quas</Unicode>
        </TextEquiv>
      </TextLine>
      <TextLine id="eSc_line_5f27335b" custom="structure {type:default;}">
        <Coords points="689,609 689,642 2600,627 2602,602 2598,571 687,567 689,609"/>
        <Baseline points="689,609 2602,602"/>
        <TextEquiv conf="0.9998119146358676">
          <Unicode>propriis manibus vel sumptibus excolant, vel de nutrimentis animalium decimae quo-</Unicode>
        </TextEquiv>
      </TextLine>
      <TextLine id="eSc_line_96f45395" custom="structure {type:default;}">
        <Coords points="687,662 687,684 1230,695 1232,695 1235,695 1237,695 1254,684 1257,684 1405,684 1409,684 1489,695 1491,695 1641,682 1663,682 1668,682 1699,693 1701,693 1703,693 1705,693 1745,682 1749,682 1754,682 1782,693 1785,693 1787,693 2423,682 2436,682 2439,682 2525,693 2527,693 2600,680 2602,658 2596,631 684,633 687,662"/>
        <Baseline points="687,662 2602,658"/>
        <TextEquiv conf="0.9935255058606466">
          <Unicode>modolibet extorqueantur“. De Smet Cart. de l&#x27;abb. de Cambron I. 13. — „Quia</Unicode>
        </TextEquiv>
      </TextLine>
      <TextLine id="eSc_line_f6a01506" custom="structure {type:default;}">
        <Coords points="687,719 687,742 874,753 877,753 941,739 950,737 952,739 961,746 961,748 963,748 965,748 1115,750 1117,750 1120,750 1168,735 1168,715 1162,686 684,689 687,719"/>
        <Baseline points="687,719 1168,715"/>
        <TextEquiv conf="0.9997566654568627">
          <Unicode>plerumque veritatis“.</Unicode>
        </TextEquiv>
      </TextLine>
      <TextLine id="eSc_line_0100e931" custom="structure {type:default;}">
        <Coords points="77,768 77,819 212,825 214,764 209,730 75,715 77,768"/>
        <Baseline points="77,768 214,764"/>
        <TextEquiv conf="0.9980417937040329">
          <Unicode>Nov.</Unicode>
        </TextEquiv>
      </TextLine>
      <TextLine id="eSc_line_ab41850d" custom="structure {type:default;}">
        <Coords points="609,775 609,797 2087,803 2090,803 2174,790 2187,790 2211,790 2377,801 2379,801 2602,788 2604,766 2598,730 607,739 609,775"/>
        <Baseline points="609,775 2604,766"/>
        <TextEquiv conf="0.9974284844343052">
          <Unicode>115688 * Ecclesiae de Lepeia protectionem suscipit, omnibusque, qui anniversario dedi-</Unicode>
        </TextEquiv>
      </TextLine>
      <TextLine id="eSc_line_572a7c0d" custom="structure {type:default;}">
        <Coords points="687,830 687,852 2602,845 2604,823 2600,797 1347,788 1345,788 1343,788 1305,799 746,790 744,790 684,801 687,830"/>
        <Baseline points="687,830 2604,823"/>
        <TextEquiv conf="0.9946110794941584">
          <Unicode>cationis die ad eam accesserint vel alio modo ei benefecerint, amplissimas indulgen-</Unicode>
        </TextEquiv>
      </TextLine>
      <TextLine id="eSc_line_31b53e62" custom="structure {type:default;}">
        <Coords points="684,883 684,903 713,918 715,918 718,918 720,918 775,905 848,918 850,918 992,905 1159,905 1175,918 1177,918 1179,918 1182,920 1325,920 1325,918 1327,918 1330,918 1349,905 1374,918 1376,918 1378,920 1513,920 1513,918 1515,918 1546,905 1586,918 1588,918 1590,918 1592,918 1637,905 1687,918 1690,918 1692,918 1827,905 1913,918 1915,918 2218,903 2218,883 2218,854 684,854 684,883"/>
        <Baseline points="684,883 2218,883"/>
        <TextEquiv conf="0.9922956347465515">
          <Unicode>tias concedit. Vide tabulam spuriam ap. Ughelli It. sacr. V. 807.</Unicode>
        </TextEquiv>
      </TextLine>
      <TextLine id="eSc_line_93c5e5ca" custom="structure {type:default;}">
        <Coords points="114,936 114,967 300,965 300,931 293,878 203,896 112,883 114,936"/>
        <Baseline points="114,936 300,931"/>
        <TextEquiv conf="0.9999993145465851">
          <Unicode>„ 2.</Unicode>
        </TextEquiv>
      </TextLine>
      <TextLine id="eSc_line_22ddea1a" custom="structure {type:default;}">
        <Coords points="647,938 647,960 729,971 731,971 799,960 821,958 1093,958 1117,960 1237,969 1239,969 1241,969 1243,969 1259,958 1261,958 1285,958 1473,967 1475,967 1478,967 1511,958 1517,956 1520,958 1537,969 1539,969 1542,969 1544,971 1900,971 1900,969 1959,956 1970,954 1979,956 2032,967 2034,967 2174,954 2193,954 2216,954 2397,967 2399,967 2401,967 2403,967 2421,954 2423,954 2604,954 2607,931 2600,903 645,905 647,938"/>
        <Baseline points="647,938 2607,931"/>
        <TextEquiv conf="0.9945150331446999">
          <Unicode>Lepeiae altare S. Mariae consecrat „die dominico, 2 intrante Novembr.“. Vide</Unicode>
        </TextEquiv>
      </TextLine>
      <TextLine id="eSc_line_a5975384" custom="structure {type:default;}">
        <Coords points="689,995 689,1015 2600,1020 2604,989 2600,960 2302,960 2264,947 2262,947 2260,947 2008,958 1968,947 1966,947 1964,947 1813,960 1615,949 1612,949 1610,949 1586,962 1422,962 1374,949 1372,949 1369,949 1296,962 934,951 932,951 824,962 740,951 737,951 735,951 687,965 689,995"/>
        <Baseline points="689,995 2604,989"/>
        <TextEquiv conf="0.9916774696773953">
          <Unicode>tabulam ap. Ughelli It. sacr. V. 807. Cum falsa sit tabula, contendi sane nequit,</Unicode>
        </TextEquiv>
      </TextLine>
      <TextLine id="eSc_line_f126ac0b" custom="structure {type:default;}">
        <Coords points="689,1048 689,1071 846,1071 857,1079 857,1082 859,1082 861,1082 863,1082 1469,1068 1469,1048 1469,1020 689,1020 689,1048"/>
        <Baseline points="689,1048 1469,1048"/>
        <TextEquiv conf="0.9999996349215508">
          <Unicode>utrum papa fuerit Lepeiae necne.</Unicode>
        </TextEquiv>
      </TextLine>
      <TextLine id="eSc_line_151825ed" custom="structure {type:default;}">
        <Coords points="114,1101 114,1135 291,1113 291,1097 289,1066 269,1053 267,1053 265,1053 262,1053 260,1053 214,1066 192,1071 112,1062 114,1101"/>
        <Baseline points="114,1101 291,1097"/>
        <TextEquiv conf="0.8867165595293045">
          <Unicode>„ 7.</Unicode>
        </TextEquiv>
      </TextLine>
      <TextLine id="eSc_line_0cc3be0d" custom="structure {type:default;}">
        <Coords points="638,1101 638,1130 2604,1124 2607,1095 2600,1066 636,1066 638,1101"/>
        <Baseline points="638,1101 2607,1095"/>
        <TextEquiv conf="0.9999946383542793">
          <Unicode>15689 (9851) Canonicorum ecclesiae Pisanae possessiones et privilegia confirmat, bulla</Unicode>
        </TextEquiv>
      </TextLine>
      <TextLine id="eSc_line_10620237" custom="structure {type:default;}">
        <Coords points="424,1106 421,1150 517,1146 519,1110 519,1046 426,1046 424,1106"/>
        <Baseline points="424,1106 519,1110"/>
        <TextEquiv conf="0.9999990463256836">
          <Unicode>„</Unicode>
        </TextEquiv>
      </TextLine>
      <TextLine id="eSc_line_b6a2b775" custom="structure {type:default;}">
        <Coords points="689,1159 689,1181 2604,1185 2607,1152 2602,1124 718,1117 715,1117 713,1117 687,1126 689,1159"/>
        <Baseline points="689,1159 2607,1152"/>
        <TextEquiv conf="0.9995157615638074">
          <Unicode>ad Villanum archipresbyterum. Ughelli It. sacr. III. 413, Migne 202 p. 1445, vide</Unicode>
        </TextEquiv>
      </TextLine>
      <TextLine id="eSc_line_725e42a1" custom="structure {type:default;}">
        <Coords points="689,1214 689,1232 782,1245 784,1245 846,1234 1016,1245 1018,1245 1020,1245 1058,1234 1075,1245 1078,1245 1080,1245 1082,1245 1153,1234 1168,1245 1170,1245 1173,1245 1175,1245 1226,1234 1254,1245 1257,1245 1259,1245 1347,1234 1429,1234 1440,1243 1440,1245 1442,1245 1444,1245 1447,1245 1860,1232 1860,1214 1860,1185 689,1179 689,1214"/>
        <Baseline points="689,1214 1860,1214"/>
        <TextEquiv conf="0.9970703709125519">
          <Unicode>Pflugk-Harttung Iter p. 306. — „Apostolice sedis“.</Unicode>
        </TextEquiv>
      </TextLine>
      <TextLine id="eSc_line_60e24814" custom="structure {type:default;}">
        <Coords points="114,1267 114,1300 298,1300 298,1260 291,1210 231,1212 229,1212 227,1212 218,1221 201,1236 112,1236 114,1267"/>
        <Baseline points="114,1267 298,1260"/>
        <TextEquiv conf="0.9999865770339966">
          <Unicode>„ 11.</Unicode>
        </TextEquiv>
      </TextLine>
      <TextLine id="eSc_line_d740b7a9" custom="structure {type:default;}">
        <Coords points="410,1267 408,1305 510,1305 512,1272 510,1203 413,1205 410,1267"/>
        <Baseline points="410,1267 512,1272"/>
        <TextEquiv conf="1.0">
          <Unicode>„</Unicode>
        </TextEquiv>
      </TextLine>
      <TextLine id="eSc_line_98a14cec" custom="structure {type:default;}">
        <Coords points="638,1269 638,1294 2598,1287 2600,1260 2598,1234 2573,1221 2571,1221 2569,1221 2567,1221 2565,1221 2547,1232 2251,1223 2249,1223 2129,1232 2105,1234 2083,1232 1999,1223 1997,1223 1995,1223 1957,1232 1946,1234 1873,1232 1687,1225 1685,1225 1626,1232 1575,1236 1429,1232 1283,1225 1281,1225 1219,1230 1122,1238 636,1230 638,1269"/>
        <Baseline points="638,1269 2600,1260"/>
        <TextEquiv conf="0.9995024398148779">
          <Unicode>15690 (9852) Decreta concilii, a Petro archiepiscopo Spalatino et eius suffraganeis</Unicode>
        </TextEquiv>
      </TextLine>
      <TextLine id="eSc_line_c6756e85" custom="structure {type:default;}">
        <Coords points="689,1322 689,1344 2598,1347 2600,1322 2600,1291 689,1291 689,1322"/>
        <Baseline points="689,1322 2600,1322"/>
        <TextEquiv conf="0.99737026831683">
          <Unicode>celebrati, emendat et confirmat. Farlati III. sacr. III. 219, Feiér C. D. H. II. 225,</Unicode>
        </TextEquiv>
      </TextLine>
      <TextLine id="eSc_line_e6588bfc" custom="structure {type:default;}">
        <Coords points="691,1378 691,1397 2355,1402 2357,1378 2357,1347 2242,1336 2240,1336 2068,1344 1990,1347 1981,1342 1966,1336 1964,1336 1961,1336 1959,1336 1957,1336 1950,1342 1944,1347 1855,1342 1763,1338 1760,1338 1703,1342 1623,1347 1590,1340 1562,1336 1559,1336 1506,1340 1433,1347 1396,1340 1376,1336 1374,1336 1372,1336 1358,1340 1332,1347 1301,1338 1290,1336 1288,1336 1285,1336 1270,1338 1232,1347 1060,1338 1020,1336 1018,1336 1000,1336 901,1347 832,1336 828,1336 826,1336 821,1336 773,1347 691,1336 691,1378"/>
        <Baseline points="691,1378 2357,1378"/>
        <TextEquiv conf="0.9965401836063551">
          <Unicode>Mon. Hung. hist. I. XI. 159, Migne 202 p. 1446. — „Quae a fratribus“.</Unicode>
        </TextEquiv>
      </TextLine>
      <TextLine id="eSc_line_312e0104" custom="structure {type:default;}">
        <Coords points="638,1435 638,1457 2600,1453 2602,1428 2596,1400 636,1404 638,1435"/>
        <Baseline points="638,1435 2602,1428"/>
        <TextEquiv conf="0.9994555947221355">
          <Unicode>15691 Canonicis Bononiensibus ecclesias S. Petri in Castro nero et S. Barnabae in</Unicode>
        </TextEquiv>
      </TextLine>
      <TextLine id="eSc_line_a7e2c667" custom="structure {type:default;}">
        <Coords points="114,1439 114,1459 194,1450 205,1457 225,1470 227,1470 229,1470 231,1472 282,1472 282,1470 285,1470 287,1470 287,1468 289,1468 298,1455 298,1433 291,1371 243,1373 240,1373 238,1373 223,1384 178,1408 112,1406 114,1439"/>
        <Baseline points="114,1439 298,1433"/>
        <TextEquiv conf="0.9974426865577698">
          <Unicode>„ 12.</Unicode>
        </TextEquiv>
      </TextLine>
      <TextLine id="eSc_line_1b952004" custom="structure {type:default;}">
        <Coords points="430,1442 428,1455 435,1461 437,1461 437,1464 439,1464 441,1464 444,1464 514,1448 517,1444 514,1417 430,1406 430,1442"/>
        <Baseline points="430,1442 517,1444"/>
        <TextEquiv conf="0.819519579410553">
          <Unicode>„</Unicode>
        </TextEquiv>
      </TextLine>
      <TextLine id="eSc_line_8ac96683" custom="structure {type:default;}">
        <Coords points="693,1490 693,1512 941,1523 943,1523 989,1512 996,1512 1029,1512 1259,1521 1261,1521 1341,1512 1365,1510 1389,1512 1484,1521 1486,1521 1489,1521 1522,1512 1528,1510 1535,1512 1568,1521 1570,1521 1573,1523 1798,1523 1798,1521 1864,1510 1873,1510 1882,1510 1937,1521 1939,1521 1942,1521 1968,1510 1975,1508 1999,1510 2068,1519 2070,1519 2600,1508 2602,1484 2598,1455 691,1450 693,1490"/>
        <Baseline points="693,1490 2602,1484"/>
        <TextEquiv conf="0.9980555063561548">
          <Unicode>Vecla aliaque bona asserit. Pflugk-Harttung Acta III. 333, (Wiener Sitzungsber.</Unicode>
        </TextEquiv>
      </TextLine>
      <TextLine id="eSc_line_6fcf7d48" custom="structure {type:default;}">
        <Coords points="687,1543 687,1563 1458,1563 1458,1543 1455,1512 687,1512 687,1543"/>
        <Baseline points="687,1543 1458,1543"/>
        <TextEquiv conf="0.9900882959365844">
          <Unicode>XCIV. 683). — „Cum nobis sit“.</Unicode>
        </TextEquiv>
      </TextLine>
      <TextLine id="eSc_line_99e8ac15" custom="structure {type:default;}">
        <Coords points="638,1594 636,1616 2596,1620 2600,1598 2598,1565 961,1565 638,1552 638,1594"/>
        <Baseline points="638,1594 2600,1598"/>
        <TextEquiv conf="0.989807516336441">
          <Unicode>15692 Ecclesiae S. Laudi Rotomagensis possessiones, petente Roberto priore, confirmat.</Unicode>
        </TextEquiv>
      </TextLine>
      <TextLine id="eSc_line_caf619c4" custom="structure {type:default;}">
        <Coords points="114,1605 117,1629 163,1616 205,1620 260,1627 262,1627 265,1627 293,1612 293,1601 289,1561 220,1552 218,1552 216,1552 214,1552 194,1567 185,1574 112,1574 114,1605"/>
        <Baseline points="114,1605 293,1601"/>
        <TextEquiv conf="0.9297692537307739">
          <Unicode>„ 12.</Unicode>
        </TextEquiv>
      </TextLine>
      <TextLine id="eSc_line_6fa4895f" custom="structure {type:default;}">
        <Coords points="499,1614 499,1583 428,1563 426,1614 428,1658 499,1638 499,1614"/>
        <Baseline points="426,1614 499,1614"/>
        <TextEquiv conf="0.9999997615814209">
          <Unicode>„</Unicode>
        </TextEquiv>
      </TextLine>
      <TextLine id="eSc_line_3b6bc9e7" custom="structure {type:default;}">
        <Coords points="687,1651 684,1671 799,1684 802,1684 2092,1678 2094,1656 2092,1625 687,1620 687,1651"/>
        <Baseline points="687,1651 2094,1656"/>
        <TextEquiv conf="0.9972500214974086">
          <Unicode>Ex chartul. S. Laudi, quod Rotomagi servatur. Misit Delisle.</Unicode>
        </TextEquiv>
      </TextLine>
      <TextLine id="eSc_line_e98481b7" custom="structure {type:default;}">
        <Coords points="636,1711 636,1733 2600,1729 2602,1702 2596,1667 634,1678 636,1711"/>
        <Baseline points="636,1711 2602,1702"/>
        <TextEquiv conf="0.9977618810676393">
          <Unicode>15693 Abbati Massiliensi facultatem concedit corrigendi monachos, reditus monasterii</Unicode>
        </TextEquiv>
      </TextLine>
      <TextLine id="eSc_line_81ce63bb" custom="structure {type:default;}">
        <Coords points="114,1713 117,1740 174,1724 205,1733 216,1735 218,1735 220,1735 293,1724 293,1707 289,1678 220,1662 218,1662 216,1662 214,1662 214,1665 194,1680 194,1682 112,1682 114,1713"/>
        <Baseline points="114,1713 293,1707"/>
        <TextEquiv conf="0.9999309301376342">
          <Unicode>„ 12.</Unicode>
        </TextEquiv>
      </TextLine>
      <TextLine id="eSc_line_2224a47c" custom="structure {type:default;}">
        <Coords points="428,1722 428,1729 503,1731 505,1722 505,1693 428,1687 428,1722"/>
        <Baseline points="428,1722 505,1722"/>
        <TextEquiv conf="0.9285300672054291">
          <Unicode>„„</Unicode>
        </TextEquiv>
      </TextLine>
      <TextLine id="eSc_line_d295bce2" custom="structure {type:default;}">
        <Coords points="687,1764 687,1784 1504,1795 1506,1795 1509,1795 1535,1782 1537,1782 1539,1782 1559,1793 1562,1793 1564,1793 1626,1782 1634,1782 1637,1782 1652,1793 1654,1793 1657,1793 1659,1793 1741,1782 1752,1782 1763,1782 1842,1793 1844,1793 2379,1779 2381,1760 2377,1733 711,1724 709,1724 707,1724 684,1733 687,1764"/>
        <Baseline points="687,1764 2381,1760"/>
        <TextEquiv conf="0.9965270578044735">
          <Unicode>sibi retinentes. Coll. des Cartulaires IX. 267. — „Ad aures apostolatus“.</Unicode>
        </TextEquiv>
      </TextLine>
      <TextLine id="eSc_line_b8474893" custom="structure {type:default;}">
        <Coords points="636,1817 636,1843 2602,1843 2604,1817 2602,1788 636,1788 636,1817"/>
        <Baseline points="636,1817 2604,1817"/>
        <TextEquiv conf="0.9999948472119449">
          <Unicode>15694 Clericis et monachis Cremonensis diocesis interdicit, ne in ecclesiis parochialibus</Unicode>
        </TextEquiv>
      </TextLine>
      <TextLine id="eSc_line_4fead8e8" custom="structure {type:default;}">
        <Coords points="114,1824 114,1852 181,1841 190,1850 198,1857 198,1859 201,1859 203,1859 205,1861 273,1861 273,1859 276,1859 278,1859 278,1857 293,1841 293,1817 289,1777 223,1766 220,1766 218,1766 216,1766 194,1786 187,1793 112,1793 114,1824"/>
        <Baseline points="114,1824 293,1817"/>
        <TextEquiv conf="0.9703985571861267">
          <Unicode>„ 14.</Unicode>
        </TextEquiv>
      </TextLine>
      <TextLine id="eSc_line_a9811cb3" custom="structure {type:default;}">
        <Coords points="421,1832 419,1868 503,1866 505,1837 505,1804 448,1768 446,1768 444,1768 441,1768 424,1771 421,1832"/>
        <Baseline points="421,1832 505,1837"/>
        <TextEquiv conf="1.0">
          <Unicode>„</Unicode>
        </TextEquiv>
      </TextLine>
      <TextLine id="eSc_line_10eb9ac6" custom="structure {type:default;}">
        <Coords points="689,1877 689,1899 2600,1892 2602,1870 2598,1843 718,1837 715,1837 713,1837 687,1846 689,1877"/>
        <Baseline points="689,1877 2602,1870"/>
        <TextEquiv conf="0.9955168522217057">
          <Unicode>sine licentia Sicardi episcopi, vel, sede vacante, maioris ecclesiae capituli curam ani-</Unicode>
        </TextEquiv>
      </TextLine>
      <TextLine id="eSc_line_0d73a963" custom="structure {type:default;}">
        <Coords points="687,1932 687,1952 1906,1947 1908,1927 1904,1899 709,1890 707,1890 704,1890 684,1899 687,1932"/>
        <Baseline points="687,1932 1908,1927"/>
        <TextEquiv conf="0.9861385810375214">
          <Unicode>marum exerceant. Repertorio dipl. Cremonese I. 62,</Unicode>
        </TextEquiv>
      </TextLine>
      <TextLine id="eSc_line_8031cd9a" custom="structure {type:default;}">
        <Coords points="636,1985 636,2007 2600,2002 2602,1980 2598,1954 2012,1954 1946,1941 1944,1941 1942,1941 1939,1941 1919,1952 1685,1943 1683,1943 1599,1954 1597,1954 1586,1954 651,1943 649,1943 647,1943 645,1943 634,1949 636,1985"/>
        <Baseline points="636,1985 2602,1980"/>
        <TextEquiv conf="0.9962482052605327">
          <Unicode>15695 Ecclesiae S. Mariae Vicentinae protectionem suscipit, canonicorumque posses-</Unicode>
        </TextEquiv>
      </TextLine>
      <TextLine id="eSc_line_921068d8" custom="structure {type:default;}">
        <Coords points="117,1989 119,2016 174,1998 289,2011 291,1983 285,1932 114,1943 117,1989"/>
        <Baseline points="117,1989 291,1983"/>
        <TextEquiv conf="0.9999800682067871">
          <Unicode>„ 15.</Unicode>
        </TextEquiv>
      </TextLine>
      <TextLine id="eSc_line_b07df28e" custom="structure {type:default;}">
        <Coords points="426,2000 426,2038 508,2022 508,1996 499,1947 424,1967 426,2000"/>
        <Baseline points="426,2000 508,1996"/>
        <TextEquiv conf="0.9999977350234985">
          <Unicode>„</Unicode>
        </TextEquiv>
      </TextLine>
      <TextLine id="eSc_line_8ec9563f" custom="structure {type:default;}">
        <Coords points="687,2040 687,2064 2600,2060 2602,2036 2596,2009 684,2011 687,2040"/>
        <Baseline points="687,2040 2602,2036"/>
        <TextEquiv conf="0.9993286984307426">
          <Unicode>siones et privilegia confirmat, Lazaro archipresbytero et Uberto archidiacono peten-</Unicode>
        </TextEquiv>
      </TextLine>
      <TextLine id="eSc_line_2bb38308" custom="structure {type:default;}">
        <Coords points="689,2093 689,2120 2604,2120 2604,2093 2604,2064 689,2064 689,2093"/>
        <Baseline points="689,2093 2604,2093"/>
        <TextEquiv conf="0.997762729612629">
          <Unicode>tibus. Barbarano Hist. di Vicenza Lib. V. p. 58, Castellini Storia della città di Vicenza</Unicode>
        </TextEquiv>
      </TextLine>
      <TextLine id="eSc_line_5503a37a" custom="structure {type:default;}">
        <Coords points="687,2153 687,2170 1199,2179 1201,2179 1204,2179 1228,2168 1299,2179 1301,2179 1610,2164 1612,2146 1608,2115 693,2113 691,2113 689,2113 687,2113 687,2115 684,2115 687,2153"/>
        <Baseline points="687,2153 1612,2146"/>
        <TextEquiv conf="0.9772632855635422">
          <Unicode>X. II. 64. — „Quoties a nobis petitur“.</Unicode>
        </TextEquiv>
      </TextLine>
      <TextLine id="eSc_line_dba3ae4a" custom="structure {type:default;}">
        <Coords points="636,2206 636,2228 2596,2234 2600,2201 2596,2173 1648,2161 1646,2161 1579,2173 1573,2175 634,2175 636,2206"/>
        <Baseline points="636,2206 2600,2201"/>
        <TextEquiv conf="0.9942258873156139">
          <Unicode>15696 Monasterii de Margan tutelam suscipit, ac regulam Cisterciensem, possessiones,</Unicode>
        </TextEquiv>
      </TextLine>
      <TextLine id="eSc_line_ddcceace" custom="structure {type:default;}">
        <Coords points="114,2208 114,2230 291,2226 291,2201 287,2128 178,2126 176,2126 174,2126 172,2126 172,2128 150,2148 145,2155 112,2155 114,2208"/>
        <Baseline points="114,2208 291,2201"/>
        <TextEquiv conf="0.9903152346611023">
          <Unicode>„ 18.</Unicode>
        </TextEquiv>
      </TextLine>
      <TextLine id="eSc_line_075a63fb" custom="structure {type:default;}">
        <Coords points="424,2219 424,2245 503,2254 505,2219 505,2192 424,2177 424,2219"/>
        <Baseline points="424,2219 505,2219"/>
        <TextEquiv conf="0.9999231100082397">
          <Unicode>„</Unicode>
        </TextEquiv>
      </TextLine>
      <TextLine id="eSc_line_d96f1deb" custom="structure {type:default;}">
        <Coords points="687,2261 687,2287 2600,2285 2602,2256 2598,2228 744,2219 742,2219 684,2230 687,2261"/>
        <Baseline points="687,2261 2602,2256"/>
        <TextEquiv conf="0.9955858638487667">
          <Unicode>privilegia confirmat. In Musei Brittan. Cart. Harl. 75. A. I. Misit Gilbertus Dolan</Unicode>
        </TextEquiv>
      </TextLine>
      <TextLine id="eSc_line_c73c0735" custom="structure {type:default;}">
        <Coords points="684,2312 682,2329 709,2343 711,2343 713,2343 715,2343 751,2332 777,2343 779,2343 782,2343 967,2332 978,2340 978,2343 980,2343 983,2343 1201,2345 1204,2345 1257,2334 1321,2345 1323,2345 1694,2332 1696,2316 1696,2283 1676,2272 1674,2272 1672,2272 1670,2272 1612,2283 1595,2272 1592,2272 1590,2272 1588,2272 1356,2283 1345,2283 1343,2283 1307,2272 1305,2272 1303,2272 1217,2283 1208,2283 1201,2283 1140,2270 1137,2270 684,2279 684,2312"/>
        <Baseline points="684,2312 1696,2316"/>
        <TextEquiv conf="0.9972845358507973">
          <Unicode>O. S. B. — „Religiosam vitam eligentibus“.</Unicode>
        </TextEquiv>
      </TextLine>
      <TextLine id="eSc_line_5176d563" custom="structure {type:default;}">
        <Coords points="114,2371 114,2400 293,2385 293,2365 287,2290 218,2292 216,2292 214,2292 198,2305 178,2320 112,2320 114,2371"/>
        <Baseline points="114,2371 293,2365"/>
        <TextEquiv conf="0.9976296663284302">
          <Unicode>„ 18.</Unicode>
        </TextEquiv>
      </TextLine>
      <TextLine id="eSc_line_0b7c1089" custom="structure {type:default;}">
        <Coords points="638,2371 638,2391 2604,2387 2607,2365 2602,2338 2487,2325 2485,2325 2125,2336 2083,2325 2081,2325 2079,2325 1957,2338 1944,2340 1727,2340 1725,2338 1703,2327 1701,2327 1699,2327 1648,2338 1646,2338 1643,2338 1615,2327 1612,2327 1610,2327 1608,2327 1568,2338 1566,2338 1564,2338 1533,2327 1531,2327 1528,2327 1447,2338 1442,2338 1438,2338 1380,2327 1378,2327 1265,2338 1241,2340 1228,2338 1182,2329 1179,2329 1177,2329 1159,2338 1155,2340 1142,2338 1084,2329 1082,2329 1027,2338 1016,2340 1011,2338 987,2329 985,2329 983,2329 636,2338 638,2371"/>
        <Baseline points="638,2371 2607,2365"/>
        <TextEquiv conf="0.9985434368804649">
          <Unicode>15697 Canonicis Pistoriensibus hospitale de Duccio asserit. Hoc regest. in Wiener</Unicode>
        </TextEquiv>
      </TextLine>
      <TextLine id="eSc_line_5834d435" custom="structure {type:default;}">
        <Coords points="426,2380 426,2400 517,2402 519,2376 514,2347 424,2345 426,2380"/>
        <Baseline points="426,2380 519,2376"/>
        <TextEquiv conf="0.9999974966049194">
          <Unicode>„</Unicode>
        </TextEquiv>
      </TextLine>
      <TextLine id="eSc_line_689dc6db" custom="structure {type:default;}">
        <Coords points="687,2426 687,2451 2598,2444 2600,2420 2596,2391 1325,2382 1323,2382 1268,2393 700,2385 698,2385 695,2385 693,2385 684,2391 687,2426"/>
        <Baseline points="687,2426 2600,2420"/>
        <TextEquiv conf="0.9918159414560367">
          <Unicode>Sitzungsber. XCIV. 683. (Videtur esse idem privilegium ac supra num. 15681). —</Unicode>
        </TextEquiv>
      </TextLine>
      <TextLine id="eSc_line_3b947196" custom="structure {type:default;}">
        <Coords points="687,2482 687,2499 1117,2495 1120,2477 1115,2435 724,2435 722,2435 720,2435 684,2446 687,2482"/>
        <Baseline points="687,2482 1120,2477"/>
        <TextEquiv conf="0.999168690882231">
          <Unicode>„Iustis petentium“.</Unicode>
        </TextEquiv>
      </TextLine>
      <TextLine id="eSc_line_d38739c3" custom="structure {type:default;}">
        <Coords points="117,2532 117,2559 304,2555 304,2532 304,2486 117,2486 117,2532"/>
        <Baseline points="117,2532 304,2532"/>
        <TextEquiv conf="0.8660728812217713">
          <Unicode>„ 24.</Unicode>
        </TextEquiv>
      </TextLine>
      <TextLine id="eSc_line_24a71d12" custom="structure {type:default;}">
        <Coords points="638,2532 638,2559 2604,2555 2607,2528 2602,2502 660,2491 658,2491 656,2491 653,2491 636,2499 638,2532"/>
        <Baseline points="638,2532 2607,2528"/>
        <TextEquiv conf="0.9991061322829302">
          <Unicode>15698 G(odefrido), patriarchae Aquileiensi, facultatem concedit excommunicandi laicos</Unicode>
        </TextEquiv>
      </TextLine>
      <TextLine id="eSc_line_64da17b0" custom="structure {type:default;}">
        <Coords points="430,2541 430,2555 503,2563 505,2541 505,2517 430,2517 430,2541"/>
        <Baseline points="430,2541 505,2541"/>
        <TextEquiv conf="0.9998824000358582">
          <Unicode>„„</Unicode>
        </TextEquiv>
      </TextLine>
      <TextLine id="eSc_line_23c69a30" custom="structure {type:default;}">
        <Coords points="691,2590 691,2612 2604,2608 2607,2585 2600,2559 689,2561 691,2590"/>
        <Baseline points="691,2590 2607,2585"/>
        <TextEquiv conf="0.9988987807716642">
          <Unicode>quosdam Tarvisinos et Coneglanenses, qui in ecclesiis eius „talias et iniustas exac-</Unicode>
        </TextEquiv>
      </TextLine>
      <TextLine id="eSc_line_63fafb0c" custom="structure {type:default;}">
        <Coords points="691,2645 691,2665 1316,2676 1319,2676 1504,2663 1517,2663 1531,2663 1668,2674 1670,2674 1776,2663 1860,2674 1862,2674 1935,2663 2578,2672 2580,2672 2582,2672 2607,2658 2607,2638 2600,2612 689,2616 691,2645"/>
        <Baseline points="691,2645 2607,2638"/>
        <TextEquiv conf="0.9961441917183959">
          <Unicode>tiones exerceant“. (Ante „kal. Dec.“ numerum „VIII.“ excidisse, animadvertit Kal-</Unicode>
        </TextEquiv>
      </TextLine>
      <TextLine id="eSc_line_a2548b14" custom="structure {type:default;}">
        <Coords points="689,2698 689,2722 2607,2722 2607,2698 2607,2669 689,2669 689,2698"/>
        <Baseline points="689,2698 2607,2698"/>
        <TextEquiv conf="0.9996392930426249">
          <Unicode>tenbrunner in Wiener Sitzungsber. XCIV. 645. n. 6). Cappelletti Chiese d&#x27;It. VIII.</Unicode>
        </TextEquiv>
      </TextLine>
      <TextLine id="eSc_line_b291d0bb" custom="structure {type:default;}">
        <Coords points="691,2751 689,2773 698,2780 700,2780 702,2780 704,2780 824,2771 897,2782 899,2782 1098,2771 1164,2784 1166,2784 1566,2771 1568,2756 1566,2727 691,2722 691,2751"/>
        <Baseline points="691,2751 1568,2756"/>
        <TextEquiv conf="0.9973171750704447">
          <Unicode>264. — „Quanto laicorum insolentia“.</Unicode>
        </TextEquiv>
      </TextLine>
      <TextLine id="eSc_line_07231833" custom="structure {type:default;}">
        <Coords points="121,2811 123,2839 170,2820 229,2828 273,2833 276,2833 278,2833 311,2817 311,2806 307,2758 229,2751 227,2751 225,2751 223,2751 223,2753 209,2767 198,2778 119,2778 121,2811"/>
        <Baseline points="121,2811 311,2806"/>
        <TextEquiv conf="0.9999101281166076">
          <Unicode>„ 25.</Unicode>
        </TextEquiv>
      </TextLine>
      <TextLine id="eSc_line_f95e0101" custom="structure {type:default;}">
        <Coords points="640,2811 640,2833 2604,2831 2607,2806 2602,2775 656,2767 653,2767 651,2767 649,2767 638,2773 640,2811"/>
        <Baseline points="640,2811 2607,2806"/>
        <TextEquiv conf="0.99579787931659">
          <Unicode>15699 A(merico) et mag(istro) Cerruto, canonicis Patavinis, scribit, si abbas de Predaia</Unicode>
        </TextEquiv>
      </TextLine>
      <TextLine id="eSc_line_99bc3dbd" custom="structure {type:default;}">
        <Coords points="428,2813 428,2824 439,2835 439,2837 441,2837 444,2837 446,2837 525,2820 525,2813 525,2786 428,2786 428,2813"/>
        <Baseline points="428,2813 525,2813"/>
        <TextEquiv conf="0.9994088709354401">
          <Unicode>„)</Unicode>
        </TextEquiv>
      </TextLine>
      <TextLine id="eSc_line_fd4171b1" custom="structure {type:default;}">
        <Coords points="691,2864 691,2888 2607,2884 2609,2859 2604,2831 1663,2820 1661,2820 1599,2831 1592,2833 689,2833 691,2864"/>
        <Baseline points="691,2864 2609,2859"/>
        <TextEquiv conf="0.9996091785819031">
          <Unicode>et mag(ister) Vitalianus convenire cum iis noluerint, ut soli controversiam abbatissae</Unicode>
        </TextEquiv>
      </TextLine>
      <TextLine id="eSc_line_a944d719" custom="structure {type:default;}">
        <Coords points="691,2921 691,2943 2604,2943 2607,2917 2602,2888 704,2879 702,2879 700,2879 698,2879 689,2886 691,2921"/>
        <Baseline points="691,2921 2607,2917"/>
        <TextEquiv conf="0.9874588265651609">
          <Unicode>S. Petri et prioris S. Leonardi disceptent. Dondi Dissertazioni VI. docum. p. 126.</Unicode>
        </TextEquiv>
      </TextLine>
      <TextLine id="eSc_line_3408a64f" custom="structure {type:default;}">
        <Coords points="695,2972 695,2992 766,2992 779,3003 779,3005 782,3005 784,3005 786,3005 912,2992 1000,3005 1003,3007 1100,3007 1100,3005 1102,3005 1104,3005 1120,2992 1155,3005 1157,3005 1159,3005 1268,2990 1268,2972 1265,2941 695,2943 695,2972"/>
        <Baseline points="695,2972 1268,2972"/>
        <TextEquiv conf="0.9997803256625221">
          <Unicode>— „Cum causam, quae“.</Unicode>
        </TextEquiv>
      </TextLine>
      <TextLine id="eSc_line_dac4385d" custom="structure {type:default;}">
        <Coords points="119,3056 302,3071 304,3023 296,2965 194,2996 139,2996 119,2979 119,3029 119,3056"/>
        <Baseline points="119,3029 304,3023"/>
        <TextEquiv conf="0.9537357330322266">
          <Unicode>„ 25.</Unicode>
        </TextEquiv>
      </TextLine>
      <TextLine id="eSc_line_2efd36b4" custom="structure {type:default;}">
        <Coords points="640,3029 640,3054 2604,3047 2607,3023 2602,2994 1312,2983 1310,2983 1230,2996 660,2985 658,2985 656,2985 653,2985 638,2994 640,3029"/>
        <Baseline points="640,3029 2607,3023"/>
        <TextEquiv conf="0.9968434985946206">
          <Unicode>15700 (9853) In ecclesia S. Georgii Brinatensi, „in alodio suo paterno fundata“, par-</Unicode>
        </TextEquiv>
      </TextLine>
      <TextLine id="eSc_line_a28cd621" custom="structure {type:default;}">
        <Coords points="441,3032 441,3049 512,3036 512,3029 505,3001 439,3001 441,3032"/>
        <Baseline points="441,3032 512,3029"/>
        <TextEquiv conf="0.5361725091934204">
          <Unicode>„</Unicode>
        </TextEquiv>
      </TextLine>
      <TextLine id="eSc_line_a1192033" custom="structure {type:default;}">
        <Coords points="693,3082 693,3107 2611,3107 2611,3082 2611,3051 693,3049 693,3082"/>
        <Baseline points="693,3082 2611,3082"/>
        <TextEquiv conf="0.9972983978688716">
          <Unicode>tem canonicorum Crescentiacensium collocat, eamque possessionibus ac privilegiis</Unicode>
        </TextEquiv>
      </TextLine>
      <TextLine id="eSc_line_cc60f075" custom="structure {type:default;}">
        <Coords points="693,3133 693,3155 1330,3155 1336,3155 1389,3166 1391,3166 2604,3157 2607,3140 2604,3111 693,3104 693,3133"/>
        <Baseline points="693,3133 2607,3140"/>
        <TextEquiv conf="0.9910838383215445">
          <Unicode>donat. Ius patronatus vero fratribus suis eorumque heredibus reservat. Bull. Lat.</Unicode>
        </TextEquiv>
      </TextLine>
      <TextLine id="eSc_line_e00370c4" custom="structure {type:default;}">
        <Coords points="691,3195 691,3217 2604,3219 2607,3195 2607,3164 2582,3153 2580,3153 2578,3153 2498,3164 2121,3153 2118,3153 2116,3153 2114,3153 2096,3166 1919,3166 1827,3153 1824,3153 1822,3153 1780,3164 1663,3153 1661,3153 1564,3164 1489,3153 1486,3153 1484,3153 1458,3164 1402,3153 1400,3153 1316,3164 1290,3153 1288,3153 1285,3153 980,3164 857,3153 855,3153 852,3153 828,3164 766,3153 764,3153 691,3164 691,3195"/>
        <Baseline points="691,3195 2607,3195"/>
        <TextEquiv conf="0.992974265370258">
          <Unicode>p. 55, Chronica canon. ord. p. 38, Pennotti Ord. cleric. canon. hist. ed. Rom. p. 462,</Unicode>
        </TextEquiv>
      </TextLine>
      <TextLine id="eSc_line_f8faaaa7" custom="structure {type:default;}">
        <Coords points="693,3244 693,3263 945,3277 947,3277 1109,3266 1621,3277 1623,3277 1683,3263 1683,3244 1683,3217 693,3217 693,3244"/>
        <Baseline points="693,3244 1683,3244"/>
        <TextEquiv conf="0.991103477594329">
          <Unicode>ed. Colon. p. 470. — „Cum vita praesens“.</Unicode>
        </TextEquiv>
      </TextLine>
      <TextLine id="eSc_line_acf4a3ce" custom="structure {type:default;}">
        <Coords points="642,3299 642,3323 2604,3319 2607,3294 2602,3268 658,3259 656,3259 653,3259 651,3259 640,3266 642,3299"/>
        <Baseline points="642,3299 2607,3294"/>
        <TextEquiv conf="0.9961418107331518">
          <Unicode>15701 (9854) Monasterii S. Mariae de Carcere protectionem suscipit, possessionesque</Unicode>
        </TextEquiv>
      </TextLine>
      <TextLine id="eSc_line_516c3ae1" custom="structure {type:default;}">
        <Coords points="121,3301 121,3325 209,3314 223,3319 247,3327 249,3327 251,3327 254,3327 302,3312 302,3301 296,3255 282,3266 251,3259 223,3255 220,3255 218,3255 216,3255 203,3263 192,3272 121,3272 121,3301"/>
        <Baseline points="121,3301 302,3301"/>
        <TextEquiv conf="0.9999998092651368">
          <Unicode>„ 25.</Unicode>
        </TextEquiv>
      </TextLine>
      <TextLine id="eSc_line_23ae42d7" custom="structure {type:default;}">
        <Coords points="439,3303 439,3316 517,3323 519,3299 512,3270 437,3270 439,3303"/>
        <Baseline points="439,3303 519,3299"/>
        <TextEquiv conf="0.5819005966186523">
          <Unicode>„</Unicode>
        </TextEquiv>
      </TextLine>
      <TextLine id="eSc_line_cd19f79f" custom="structure {type:default;}">
        <Coords points="695,3354 693,3374 2602,3380 2607,3358 2604,3325 695,3323 695,3354"/>
        <Baseline points="695,3354 2607,3358"/>
        <TextEquiv conf="0.9987771469493245">
          <Unicode>ac privilegia confirmat, petente Livaldo priore. Mittarelli Ann. Cam. IV. app. p. 153,</Unicode>
        </TextEquiv>
      </TextLine>
      <TextLine id="eSc_line_7fa329e3" custom="structure {type:default;}">
        <Coords points="698,3407 695,3425 755,3440 757,3440 839,3429 868,3440 870,3440 872,3440 947,3429 961,3440 963,3440 965,3440 967,3440 969,3440 1018,3429 1246,3429 1257,3438 1257,3440 1259,3440 1261,3440 1263,3440 1612,3431 1623,3440 1623,3442 1626,3442 1628,3442 1630,3442 1957,3429 1959,3411 1957,3380 698,3376 698,3407"/>
        <Baseline points="698,3407 1959,3411"/>
        <TextEquiv conf="0.9999579741404607">
          <Unicode>Migne 202 p. 1449. — „Effectum iusta postulantibus“.</Unicode>
        </TextEquiv>
      </TextLine>
      <TextLine id="eSc_line_d349ad10" custom="structure {type:default;}">
        <Coords points="647,3460 645,3482 2600,3489 2604,3467 2602,3436 647,3429 647,3460"/>
        <Baseline points="647,3460 2604,3467"/>
        <TextEquiv conf="0.9943658968981575">
          <Unicode>15702 Monasterii S. Laudi tutelam suscipit, possessionesque confirmat. Orig. in Arch.</Unicode>
        </TextEquiv>
      </TextLine>
      <TextLine id="eSc_line_541e62cc" custom="structure {type:default;}">
        <Coords points="125,3464 130,3506 185,3480 300,3500 302,3458 296,3416 123,3429 125,3464"/>
        <Baseline points="125,3464 302,3458"/>
        <TextEquiv conf="0.9996940135955811">
          <Unicode>„ 25.</Unicode>
        </TextEquiv>
      </TextLine>
      <TextLine id="eSc_line_f2140bf8" custom="structure {type:default;}">
        <Coords points="437,3471 437,3491 505,3484 505,3467 501,3427 466,3418 463,3418 461,3418 459,3418 433,3429 437,3471"/>
        <Baseline points="437,3471 505,3467"/>
        <TextEquiv conf="0.9999998807907104">
          <Unicode>„</Unicode>
        </TextEquiv>
      </TextLine>
      <TextLine id="eSc_line_294b4922" custom="structure {type:default;}">
        <Coords points="695,3515 693,3542 755,3562 757,3562 760,3562 762,3562 795,3546 879,3546 892,3546 936,3564 938,3564 941,3564 1067,3562 1069,3562 1104,3548 1140,3564 1142,3564 1144,3566 1301,3566 1301,3564 1356,3551 1374,3548 1449,3548 1462,3553 1493,3566 1495,3566 1497,3568 1568,3568 1568,3566 1570,3566 1573,3566 1573,3564 1584,3555 1590,3551 1847,3557 1851,3520 1847,3482 695,3484 695,3515"/>
        <Baseline points="695,3515 1851,3520"/>
        <TextEquiv conf="0.9955565242663674">
          <Unicode>dép. de la Manche in St.-I6. — „Cum simus ad“.</Unicode>
        </TextEquiv>
      </TextLine>
      <TextLine id="eSc_line_1ff5a715" custom="structure {type:default;}">
        <Coords points="2240,3577 2240,3590 2284,3606 2286,3606 2288,3606 2291,3606 2339,3586 2339,3573 2333,3531 2238,3544 2240,3577"/>
        <Baseline points="2240,3577 2339,3573"/>
        <TextEquiv conf="0.999999483426412">
          <Unicode>64*</Unicode>
        </TextEquiv>
      </TextLine>
    </TextRegion>
    <TextRegion id="eSc_textblock_7f4300dc"  custom="structure {type:default;}">
      <Coords points="938,159 1745,167 1754,245 1630,271 883,262 883,176 938,159"/>
      <TextLine id="eSc_line_b34dd5ff" custom="structure {type:default;}">
        <Coords points="897,234 897,267 1166,269 1168,269 1170,269 1193,265 1221,256 1230,262 1235,267 1235,269 1237,269 1239,269 1241,271 1288,271 1288,269 1290,269 1292,269 1301,262 1314,253 1394,253 1409,260 1422,267 1425,267 1427,267 1517,258 1562,256 1570,258 1597,269 1599,269 1601,271 1699,271 1699,269 1701,269 1729,256 1729,229 1725,183 1568,170 1566,170 1564,170 1562,170 1562,172 1551,183 894,183 897,234"/>
        <Baseline points="897,234 1729,229"/>
        <TextEquiv conf="0.9863838631173839">
          <Unicode>URBANUS III. 1185—1187.</Unicode>
        </TextEquiv>
      </TextLine>
    </TextRegion>
    <TextRegion id="eSc_textblock_16e41cf4"  custom="structure {type:default;}">
      <Coords points="2483,167 2626,176 2635,236 2565,271 2470,262 2452,194 2483,167"/>
      <TextLine id="eSc_line_34a9d5d4" custom="structure {type:default;}">
        <Coords points="2472,231 2472,256 2596,265 2596,223 2589,178 2467,181 2472,231"/>
        <Baseline points="2472,231 2596,223"/>
        <TextEquiv conf="1.0">
          <Unicode>507</Unicode>
        </TextEquiv>
      </TextLine>
    </TextRegion>
  </Page>
</PcGts>
