<?xml version="1.0" encoding="UTF-8"  standalone="yes"?>
<PcGts xmlns="http://schema.primaresearch.org/PAGE/gts/pagecontent/2019-07-15" xmlns:xsi="http://www.w3.org/2001/XMLSchema-instance" xsi:schemaLocation="http://schema.primaresearch.org/PAGE/gts/pagecontent/2019-07-15 http://schema.primaresearch.org/PAGE/gts/pagecontent/2019-07-15/pagecontent.xsd">
  <Metadata externalRef="pdf//regestapontificu02cath.pdf">
	<Creator>escriptorium</Creator>
	<Created>2026-01-31T10:44:38.874126+00:00</Created>
        <LastChange>2026-02-04T23:43:04.197584+00:00</LastChange>
  </Metadata>
  <Page imageFilename="regestapontificu02cath.pdf_page_615.png" imageWidth="3007" imageHeight="3975">
    <TextRegion id="eSc_textblock_74710d29"  custom="structure {type:default;}">
      <Coords points="835,291 2644,300 2644,3036 2618,3531 2346,3531 2353,3575 2240,3584 2185,3539 2087,3531 689,3539 616,3513 88,3522 61,3495 70,574 156,556 176,518 141,377 167,326 307,309 457,344 835,291"/>
      <TextLine id="eSc_line_19372e9e" custom="structure {type:default;}">
        <Coords points="698,309 676,311 653,315 631,318 609,322 612,362 612,384 954,382 954,357 950,313 817,300 815,300 737,313 707,306 698,309"/>
        <Baseline points="612,362 954,357"/>
        <TextEquiv conf="0.9999999046325684">
          <Unicode>1193—1194.</Unicode>
        </TextEquiv>
      </TextLine>
      <TextLine id="eSc_line_cb1e5424" custom="structure {type:default;}">
        <Coords points="645,424 645,443 1953,452 1955,452 2021,441 2547,450 2549,450 2615,437 2615,417 2609,377 2041,379 2034,379 1959,368 1957,368 1820,382 1798,384 1067,384 1031,384 998,373 996,373 746,373 744,373 642,386 645,424"/>
        <Baseline points="645,424 2615,417"/>
        <TextEquiv conf="0.9834322177551009">
          <Unicode>17062 Diffinitionem inter M. praepositum ecclesiae de Filigno ct G. abbatem S. Michaclis</Unicode>
        </TextEquiv>
      </TextLine>
      <TextLine id="eSc_line_3a54a103" custom="structure {type:default;}">
        <Coords points="698,479 698,501 2611,496 2613,474 2609,446 695,443 698,479"/>
        <Baseline points="698,479 2613,474"/>
        <TextEquiv conf="0.9906708102547721">
          <Unicode>l&#x27;assinianensem a P(etro tit. S. Cacciliac) et I(ohannc tit. S. Priscac) presbyteris car-</Unicode>
        </TextEquiv>
      </TextLine>
      <TextLine id="eSc_line_ae64581b" custom="structure {type:default;}">
        <Coords points="698,534 698,560 2609,558 2611,530 2607,492 695,492 698,534"/>
        <Baseline points="698,534 2611,530"/>
        <TextEquiv conf="0.9999134196684911">
          <Unicode>dinalibus factam confirmat. Wiener Sitzungsber. XCIV. 693. — „Cum controversia</Unicode>
        </TextEquiv>
      </TextLine>
      <TextLine id="eSc_line_baa24d25" custom="structure {type:default;}">
        <Coords points="693,589 693,609 722,624 724,624 726,624 729,624 762,609 793,624 795,624 797,624 799,624 852,602 852,583 846,547 691,556 693,589"/>
        <Baseline points="693,589 852,583"/>
        <TextEquiv conf="0.9906399250030518">
          <Unicode>quac“.</Unicode>
        </TextEquiv>
      </TextLine>
      <TextLine id="eSc_line_a9c38e81" custom="structure {type:default;}">
        <Coords points="645,642 645,664 927,680 930,680 1091,666 1093,666 1095,666 1157,682 1159,682 1162,682 1230,669 1296,682 1299,684 1584,684 1584,682 1586,682 1623,669 1665,682 1668,682 1670,682 1672,682 1699,669 1827,682 1829,682 1831,682 1864,666 1866,666 1871,666 1948,682 1950,684 2079,684 2079,682 2081,682 2107,666 2109,666 2114,666 2198,682 2200,684 2299,684 2299,682 2302,682 2350,666 2355,666 2372,666 2549,682 2551,682 2554,682 2611,666 2611,642 2611,611 645,607 645,642"/>
        <Baseline points="645,642 2611,642"/>
        <TextEquiv conf="0.990997864063396">
          <Unicode>17063 *Monasterii Clariloci possessiones et privilegia confirmat. Bullctins de la soc.</Unicode>
        </TextEquiv>
      </TextLine>
      <TextLine id="eSc_line_1df8f2bc" custom="structure {type:default;}">
        <Coords points="695,697 695,728 985,730 987,730 1020,726 1087,715 1285,722 1290,693 1283,662 693,662 695,697"/>
        <Baseline points="695,697 1290,693"/>
        <TextEquiv conf="0.9951807832717896">
          <Unicode>archéol. Lorraine V. 172.</Unicode>
        </TextEquiv>
      </TextLine>
      <TextLine id="eSc_line_2edb40f6" custom="structure {type:default;}">
        <Coords points="647,757 647,777 2607,777 2609,750 2604,715 2485,702 2483,702 2481,702 2436,713 2207,702 2204,702 2202,702 2171,715 1950,715 1882,704 1880,704 1703,715 1349,704 1347,704 1237,717 879,706 877,706 645,719 647,757"/>
        <Baseline points="647,757 2609,750"/>
        <TextEquiv conf="0.9953906446002251">
          <Unicode>17064 Priori ecclesiae S. Pauli Vesontionensis permittit, ut in ecclesia parochiali S.</Unicode>
        </TextEquiv>
      </TextLine>
      <TextLine id="eSc_line_97d25708" custom="structure {type:default;}">
        <Coords points="698,810 698,830 1564,841 1566,841 1648,830 1670,828 2154,828 2163,830 2200,839 2202,839 2204,839 2249,830 2260,828 2280,830 2368,839 2370,839 2609,828 2611,806 2604,775 695,777 698,810"/>
        <Baseline points="698,810 2611,806"/>
        <TextEquiv conf="0.9997104315196766">
          <Unicode>Donati aliquem de canonicis suis instituat. In bibl. nat. Paris. Coll. Morcau t. 868.</Unicode>
        </TextEquiv>
      </TextLine>
      <TextLine id="eSc_line_8e7a2daa" custom="structure {type:default;}">
        <Coords points="698,863 698,885 961,885 992,896 994,896 996,896 1250,881 1265,881 1274,881 1420,894 1422,894 1425,894 1427,894 1449,881 1782,892 1785,892 1787,892 1842,876 1842,856 1836,830 695,834 698,863"/>
        <Baseline points="698,863 1842,856"/>
        <TextEquiv conf="0.9976491816341877">
          <Unicode>f. 83 et t. 973. f. 98. — „Cum a nobis petitur“.</Unicode>
        </TextEquiv>
      </TextLine>
      <TextLine id="eSc_line_c336320f" custom="structure {type:default;}">
        <Coords points="616,969 616,1000 766,989 1122,998 1124,998 1261,987 1303,998 1314,1000 1316,1000 1319,1002 1484,1002 1484,1000 1506,995 1562,984 1637,995 1648,995 1650,995 1663,995 1738,984 1752,993 1756,998 1758,998 1760,998 1763,998 1765,998 1780,993 1818,984 1858,993 1884,998 1886,998 2494,987 2494,954 2487,905 2330,920 2156,920 2112,907 2107,905 2105,905 2103,905 2081,907 1942,920 1889,907 1886,907 1884,907 1882,907 1851,907 1524,923 1484,909 1482,909 1480,909 1478,909 1475,909 1471,909 1418,923 614,916 616,969"/>
        <Baseline points="616,969 850,960 2494,954"/>
        <TextEquiv conf="0.9864741269453072">
          <Unicode>1194. (Inf. 12. — Sepf. — 13. pont. a. 3. — 11.  („. — 1. 1133 25. Mart. — 1121.)</Unicode>
        </TextEquiv>
      </TextLine>
      <TextLine id="eSc_line_52a8f809" custom="structure {type:default;}">
        <Coords points="88,1086 141,1090 143,1090 145,1090 148,1090 148,1088 150,1086 165,1073 249,1086 298,1095 300,1097 362,1097 362,1095 364,1095 366,1095 375,1086 395,1073 570,1086 572,1029 572,989 410,989 399,978 375,954 375,951 373,951 371,951 276,951 273,951 271,951 227,967 176,984 156,967 154,967 152,967 150,967 148,967 121,978 92,958 88,1029 88,1086"/>
        <Baseline points="88,1029 572,1029"/>
        <TextEquiv conf="0.8587032924680149">
          <Unicode>tan. 15. 1atereni</Unicode>
        </TextEquiv>
      </TextLine>
      <TextLine id="eSc_line_30bfbce6" custom="structure {type:default;}">
        <Coords points="647,1031 647,1051 890,1064 892,1064 1239,1053 1341,1051 1352,1053 1376,1062 1378,1062 1380,1062 1484,1053 1531,1051 1562,1053 1626,1062 1628,1062 1699,1055 1754,1048 1869,1055 1966,1060 1968,1060 1995,1055 2030,1048 2611,1055 2613,1022 2609,991 1630,982 1628,982 1626,982 1581,993 693,987 691,987 689,987 645,998 647,1031"/>
        <Baseline points="647,1031 2613,1022"/>
        <TextEquiv conf="0.9951390780508518">
          <Unicode>17065 Monasterio Victringensi asserit ecclesiam S. Georgii Godmcresdorfensem, ab</Unicode>
        </TextEquiv>
      </TextLine>
      <TextLine id="eSc_line_24717f2a" custom="structure {type:default;}">
        <Coords points="702,1084 702,1110 2609,1101 2611,1077 2604,1046 700,1048 702,1084"/>
        <Baseline points="702,1084 2611,1077"/>
        <TextEquiv conf="0.9966664202511311">
          <Unicode>Adalberto, archiepiscopo Salaburgensi, concessam. Reg. ap. Ankershofen Urkunden-</Unicode>
        </TextEquiv>
      </TextLine>
      <TextLine id="eSc_line_b95dcda2" custom="structure {type:default;}">
        <Coords points="695,1137 695,1159 1265,1166 1268,1166 1475,1157 1515,1154 1520,1154 1533,1166 1535,1166 1537,1166 1539,1168 1672,1168 1672,1166 1674,1166 1696,1154 1699,1154 1752,1166 1754,1166 1809,1154 1820,1152 2032,1152 2041,1152 2123,1163 2125,1163 2127,1163 2129,1163 2143,1154 2154,1163 2156,1163 2158,1163 2160,1166 2341,1166 2341,1163 2344,1163 2381,1150 2381,1130 2375,1101 693,1106 695,1137"/>
        <Baseline points="695,1137 2381,1130"/>
        <TextEquiv conf="0.9961176935831706">
          <Unicode>regesten in Archiv f. österr. Gesch.-Quellen XII. 69. — „Viris religiosis“.</Unicode>
        </TextEquiv>
      </TextLine>
      <TextLine id="eSc_line_fbca5b5e" custom="structure {type:default;}">
        <Coords points="651,1194 651,1216 2609,1212 2611,1190 2607,1161 691,1152 689,1152 687,1152 649,1163 651,1194"/>
        <Baseline points="651,1194 2611,1190"/>
        <TextEquiv conf="0.9961881011347228">
          <Unicode>17066 (10454) Inter monasterium Duitiense et Herelmum, pastorem S. Urbani, sen-</Unicode>
        </TextEquiv>
      </TextLine>
      <TextLine id="eSc_line_b6f20287" custom="structure {type:default;}">
        <Coords points="119,1199 117,1221 121,1225 123,1225 123,1227 125,1227 128,1227 130,1227 132,1227 187,1212 251,1230 254,1230 256,1230 386,1214 455,1232 457,1232 459,1232 461,1232 523,1214 525,1205 521,1174 393,1174 384,1170 342,1148 340,1148 256,1146 225,1146 223,1146 220,1146 218,1146 218,1148 196,1166 192,1170 119,1166 119,1199"/>
        <Baseline points="119,1199 525,1205"/>
        <TextEquiv conf="0.9999826295035226">
          <Unicode>„ 14. „</Unicode>
        </TextEquiv>
      </TextLine>
      <TextLine id="eSc_line_1e70ac04" custom="structure {type:default;}">
        <Coords points="698,1249 698,1278 2604,1276 2607,1245 2600,1214 695,1216 698,1249"/>
        <Baseline points="698,1249 2607,1245"/>
        <TextEquiv conf="0.9968653931504204">
          <Unicode>tentiam, a S(offredo) presb. card. tit. S. Praxedis super decima Ruleshovensi latam,</Unicode>
        </TextEquiv>
      </TextLine>
      <TextLine id="eSc_line_d9bc5cb0" custom="structure {type:default;}">
        <Coords points="695,1305 695,1329 2607,1329 2609,1298 2602,1267 693,1272 695,1305"/>
        <Baseline points="695,1305 2609,1298"/>
        <TextEquiv conf="0.9835423107271071">
          <Unicode>comprobat. Pflugk-Harttung Acta I. 365, (Ledebur AIlg. Arch. XV. 285). — „Cum</Unicode>
        </TextEquiv>
      </TextLine>
      <TextLine id="eSc_line_30b9c50d" custom="structure {type:default;}">
        <Coords points="695,1358 695,1375 748,1389 751,1389 1261,1375 1261,1358 1261,1331 695,1331 695,1358"/>
        <Baseline points="695,1358 1261,1358"/>
        <TextEquiv conf="0.9992764542500178">
          <Unicode>singulorum quaestiones“.</Unicode>
        </TextEquiv>
      </TextLine>
      <TextLine id="eSc_line_d77378d7" custom="structure {type:default;}">
        <Coords points="123,1415 121,1453 183,1448 196,1453 245,1475 276,1506 276,1508 278,1508 280,1508 282,1510 368,1510 368,1508 371,1508 373,1508 373,1506 441,1446 444,1444 525,1444 528,1422 525,1382 399,1386 388,1382 357,1362 355,1362 353,1362 220,1360 218,1360 216,1360 172,1378 145,1364 143,1364 141,1364 139,1364 136,1364 136,1366 123,1378 123,1415"/>
        <Baseline points="123,1415 528,1422"/>
        <TextEquiv conf="0.9632585900170463">
          <Unicode>„ 21. „</Unicode>
        </TextEquiv>
      </TextLine>
      <TextLine id="eSc_line_6eb0223a" custom="structure {type:default;}">
        <Coords points="649,1415 649,1437 1221,1448 1224,1448 1226,1448 1228,1448 1239,1439 1246,1437 1356,1442 1517,1446 1520,1446 1551,1442 1588,1435 1612,1442 1628,1446 1630,1446 1632,1448 1858,1448 1858,1446 1860,1446 1862,1446 1866,1442 1880,1435 2198,1444 2251,1444 2253,1444 2260,1444 2322,1433 2503,1444 2509,1444 2512,1444 2514,1444 2551,1433 2607,1444 2611,1408 2607,1378 665,1371 662,1371 660,1371 658,1371 647,1378 649,1415"/>
        <Baseline points="649,1415 2611,1408"/>
        <TextEquiv conf="0.994680446528253">
          <Unicode>17067 (10455) Adalberto, archiepiscopo Salzburgensi, munus apostolicae legationis in</Unicode>
        </TextEquiv>
      </TextLine>
      <TextLine id="eSc_line_21cb9429" custom="structure {type:default;}">
        <Coords points="698,1472 698,1499 2611,1484 2613,1464 2607,1433 695,1435 698,1472"/>
        <Baseline points="698,1472 2613,1464"/>
        <TextEquiv conf="0.9943414784967899">
          <Unicode>provincia eius tribuit. Hansizii Germ. sacr. II. 306, Migne 206 p. 1027. — „Quo-</Unicode>
        </TextEquiv>
      </TextLine>
      <TextLine id="eSc_line_027d5b53" custom="structure {type:default;}">
        <Coords points="695,1525 695,1541 793,1554 795,1554 797,1554 799,1554 821,1541 852,1550 855,1550 857,1550 859,1550 901,1539 905,1539 910,1539 983,1552 985,1552 1133,1534 1135,1519 1129,1492 693,1492 695,1525"/>
        <Baseline points="695,1525 1135,1519"/>
        <TextEquiv conf="0.9850110345416598">
          <Unicode>niam ex iniuncto“.</Unicode>
        </TextEquiv>
      </TextLine>
      <TextLine id="eSc_line_b6ebd482" custom="structure {type:default;}">
        <Coords points="647,1578 647,1601 2611,1598 2613,1574 2609,1545 669,1537 667,1537 665,1537 645,1545 647,1578"/>
        <Baseline points="647,1578 2613,1574"/>
        <TextEquiv conf="0.9992551626982512">
          <Unicode>17068 (10456) Monasterii Steingadensis protectionem suscipit eique asserit bona a</Unicode>
        </TextEquiv>
      </TextLine>
      <TextLine id="eSc_line_a7810ebd" custom="structure {type:default;}">
        <Coords points="128,1581 128,1614 313,1614 313,1576 309,1530 240,1517 238,1517 236,1517 201,1525 181,1532 170,1525 159,1519 156,1519 154,1519 152,1519 125,1523 128,1581"/>
        <Baseline points="128,1581 313,1576"/>
        <TextEquiv conf="0.966271948814392">
          <Unicode>„ 28.</Unicode>
        </TextEquiv>
      </TextLine>
      <TextLine id="eSc_line_945b815e" custom="structure {type:default;}">
        <Coords points="413,1583 410,1603 466,1625 468,1625 470,1625 523,1616 525,1587 525,1559 413,1550 413,1583"/>
        <Baseline points="413,1583 525,1587"/>
        <TextEquiv conf="0.9999021291732788">
          <Unicode>„</Unicode>
        </TextEquiv>
      </TextLine>
      <TextLine id="eSc_line_d227afe2" custom="structure {type:default;}">
        <Coords points="704,1631 704,1656 2607,1651 2609,1627 2602,1596 702,1598 704,1631"/>
        <Baseline points="704,1631 2609,1627"/>
        <TextEquiv conf="0.9954086526647791">
          <Unicode>Welfone duce collata. Mon. Boic. VI. 503, Hund III. 360, Migne 206 p. 1028. —</Unicode>
        </TextEquiv>
      </TextLine>
      <TextLine id="eSc_line_6e4470f8" custom="structure {type:default;}">
        <Coords points="698,1691 698,1713 1354,1707 1356,1687 1349,1654 695,1656 698,1691"/>
        <Baseline points="698,1691 1356,1687"/>
        <TextEquiv conf="0.9982704480489095">
          <Unicode>„Iustis petentium desideriis“.</Unicode>
        </TextEquiv>
      </TextLine>
      <TextLine id="eSc_line_cd5fc5a9" custom="structure {type:default;}">
        <Coords points="647,1744 647,1766 2611,1766 2613,1740 2609,1711 662,1702 660,1702 658,1702 656,1702 645,1709 647,1744"/>
        <Baseline points="647,1744 2613,1740"/>
        <TextEquiv conf="0.9891964197158813">
          <Unicode>17069 W(olfkero) episcopo Passaviensi permittit, ut bona sua extra dioecesim sita</Unicode>
        </TextEquiv>
      </TextLine>
      <TextLine id="eSc_line_7833f3b1" custom="structure {type:default;}">
        <Coords points="123,1746 123,1782 298,1766 300,1742 293,1684 121,1704 123,1746"/>
        <Baseline points="123,1746 300,1742"/>
        <TextEquiv conf="0.9999200940132141">
          <Unicode>„ 20.</Unicode>
        </TextEquiv>
      </TextLine>
      <TextLine id="eSc_line_d218883d" custom="structure {type:default;}">
        <Coords points="426,1760 426,1782 521,1782 523,1757 517,1729 424,1729 426,1760"/>
        <Baseline points="426,1760 523,1757"/>
        <TextEquiv conf="1.0">
          <Unicode>„</Unicode>
        </TextEquiv>
      </TextLine>
      <TextLine id="eSc_line_3da84ad1" custom="structure {type:default;}">
        <Coords points="695,1799 695,1828 2609,1813 2611,1790 2604,1762 693,1764 695,1799"/>
        <Baseline points="695,1799 2611,1790"/>
        <TextEquiv conf="0.9978664204478264">
          <Unicode>commutet cum aliis in episcopatu suo sitis. Mon. Boic. XXVIII. II. 349 (ubi per-</Unicode>
        </TextEquiv>
      </TextLine>
      <TextLine id="eSc_line_fa2bc0f5" custom="structure {type:default;}">
        <Coords points="695,1855 695,1879 2609,1874 2611,1850 2607,1819 693,1819 695,1855"/>
        <Baseline points="695,1855 2611,1850"/>
        <TextEquiv conf="0.9963906126863816">
          <Unicode>peram bulla Coelestino IV. attribuitur; cf. Sbaralea Bullar. Franciscan. I. 301, quem</Unicode>
        </TextEquiv>
      </TextLine>
      <TextLine id="eSc_line_4c4e5fb0" custom="structure {type:default;}">
        <Coords points="695,1908 695,1927 775,1938 777,1938 1082,1927 1100,1927 1104,1927 1193,1938 1195,1938 1197,1938 1199,1938 1215,1927 1217,1927 1482,1936 1484,1936 1581,1925 1588,1925 1599,1934 1599,1936 1601,1936 1604,1936 1606,1938 1769,1938 1769,1936 1771,1936 1800,1925 1813,1936 1816,1936 1818,1936 1820,1938 1957,1938 1957,1936 1959,1936 2006,1923 2006,1903 1999,1868 693,1879 695,1908"/>
        <Baseline points="695,1908 2006,1903"/>
        <TextEquiv conf="0.9977553050432887">
          <Unicode>sequitur Potthast Reg. I. 940 not). — „Fratres nostros“.</Unicode>
        </TextEquiv>
      </TextLine>
      <TextLine id="eSc_line_0b9bd50f" custom="structure {type:default;}">
        <Coords points="123,1965 123,2025 302,2018 302,1965 302,1910 203,1905 201,1905 198,1905 196,1905 192,1910 176,1921 123,1912 123,1965"/>
        <Baseline points="123,1965 302,1965"/>
        <TextEquiv conf="0.9998213291168213">
          <Unicode>„ 29.</Unicode>
        </TextEquiv>
      </TextLine>
      <TextLine id="eSc_line_e445fa8d" custom="structure {type:default;}">
        <Coords points="647,1967 647,1991 2609,1991 2611,1958 2607,1930 645,1925 647,1967"/>
        <Baseline points="647,1967 2611,1958"/>
        <TextEquiv conf="0.9941719034138847">
          <Unicode>17070 (10457) Novi hospitalis in Alpibus dioecesis Passaviensis protectionem suscipit</Unicode>
        </TextEquiv>
      </TextLine>
      <TextLine id="eSc_line_10a341fa" custom="structure {type:default;}">
        <Coords points="430,1978 430,2005 486,2014 488,2014 490,2014 528,1996 528,1978 528,1947 430,1938 430,1978"/>
        <Baseline points="430,1978 528,1978"/>
        <TextEquiv conf="0.9999998807907104">
          <Unicode>„</Unicode>
        </TextEquiv>
      </TextLine>
      <TextLine id="eSc_line_c8566807" custom="structure {type:default;}">
        <Coords points="698,2018 698,2042 2609,2038 2611,2014 2604,1985 695,1987 698,2018"/>
        <Baseline points="698,2018 2611,2014"/>
        <TextEquiv conf="0.9972988302449146">
          <Unicode>et possessiones confirmat, pefente Rapotone provisore. Archiv f. K. österr. Gesch.-</Unicode>
        </TextEquiv>
      </TextLine>
      <TextLine id="eSc_line_43d8bafb" custom="structure {type:default;}">
        <Coords points="695,2073 695,2095 2611,2095 2611,2073 2611,2044 695,2044 695,2073"/>
        <Baseline points="695,2073 2611,2073"/>
        <TextEquiv conf="0.9904581517368168">
          <Unicode>Quellen X. 301, Urkundenb. des Landes ob der Enns II. 444. — „Sacrosancta Ro-</Unicode>
        </TextEquiv>
      </TextLine>
      <TextLine id="eSc_line_b9d0c644" custom="structure {type:default;}">
        <Coords points="695,2128 695,2144 753,2157 755,2157 1053,2144 1053,2128 1053,2100 695,2093 695,2128"/>
        <Baseline points="695,2128 1053,2128"/>
        <TextEquiv conf="0.9852259953816732">
          <Unicode>mana ecclesia“.</Unicode>
        </TextEquiv>
      </TextLine>
      <TextLine id="eSc_line_3141b0ad" custom="structure {type:default;}">
        <Coords points="121,2184 121,2217 300,2212 300,2179 298,2148 267,2135 265,2135 262,2135 209,2146 190,2150 176,2146 154,2137 152,2137 150,2137 119,2144 121,2184"/>
        <Baseline points="121,2184 300,2179"/>
        <TextEquiv conf="0.92581787109375">
          <Unicode>„ 30.</Unicode>
        </TextEquiv>
      </TextLine>
      <TextLine id="eSc_line_5952166e" custom="structure {type:default;}">
        <Coords points="647,2188 647,2210 2609,2201 2611,2179 2607,2148 1685,2137 1683,2137 1681,2137 1632,2148 1626,2150 1621,2150 1601,2139 1599,2139 1338,2139 1336,2139 1334,2139 1312,2150 1310,2150 1288,2139 1285,2139 1144,2139 1142,2139 1029,2150 1003,2153 978,2150 892,2142 890,2142 645,2150 647,2188"/>
        <Baseline points="647,2188 2611,2179"/>
        <TextEquiv conf="0.9999932313249225">
          <Unicode>17071 (10458) Omnes fideles Salzburgensis, Passaviensis, Gurcensis episcopatuum hor-</Unicode>
        </TextEquiv>
      </TextLine>
      <TextLine id="eSc_line_ebfd9879" custom="structure {type:default;}">
        <Coords points="428,2199 428,2208 444,2219 446,2219 448,2219 450,2219 530,2206 530,2199 530,2173 428,2173 428,2199"/>
        <Baseline points="428,2199 530,2199"/>
        <TextEquiv conf="0.9999989867210388">
          <Unicode>„)</Unicode>
        </TextEquiv>
      </TextLine>
      <TextLine id="eSc_line_cf521c21" custom="structure {type:default;}">
        <Coords points="695,2241 695,2263 2607,2263 2609,2234 2602,2206 693,2210 695,2241"/>
        <Baseline points="695,2241 2609,2234"/>
        <TextEquiv conf="0.9996174409985542">
          <Unicode>tatur, ut Hospitali novo in Alpibus elemosinas conferant, cum eius nuntii ad eos</Unicode>
        </TextEquiv>
      </TextLine>
      <TextLine id="eSc_line_c12ef084" custom="structure {type:default;}">
        <Coords points="693,2294 693,2314 2554,2309 2556,2290 2551,2263 1643,2252 1641,2252 1639,2252 1637,2252 1617,2263 879,2254 877,2254 691,2265 693,2294"/>
        <Baseline points="693,2294 2556,2290"/>
        <TextEquiv conf="0.9993362069129944">
          <Unicode>accesserint. Urkundenb. des Landes ob der Enns II. 445. — „Quoniam ut ait“.</Unicode>
        </TextEquiv>
      </TextLine>
      <TextLine id="eSc_line_28cebeb0" custom="structure {type:default;}">
        <Coords points="86,2347 86,2411 161,2411 161,2409 163,2409 165,2409 190,2389 216,2367 254,2376 262,2378 265,2378 267,2378 269,2378 309,2365 309,2347 304,2294 249,2307 86,2298 86,2347"/>
        <Baseline points="86,2347 309,2347"/>
        <TextEquiv conf="0.9988939091563225">
          <Unicode>Febr. 4.</Unicode>
        </TextEquiv>
      </TextLine>
      <TextLine id="eSc_line_9e5c1fb2" custom="structure {type:default;}">
        <Coords points="647,2347 647,2371 2609,2380 2611,2347 2609,2316 647,2316 647,2347"/>
        <Baseline points="647,2347 2611,2347"/>
        <TextEquiv conf="0.9849728992186397">
          <Unicode>17072 Monasterio S. Stephani Ianuensi, petente Guidone abbate, ecclesiam S. Iuliani</Unicode>
        </TextEquiv>
      </TextLine>
      <TextLine id="eSc_line_071b3823" custom="structure {type:default;}">
        <Coords points="430,2360 428,2387 517,2398 521,2365 521,2309 433,2296 430,2360"/>
        <Baseline points="430,2360 521,2365"/>
        <TextEquiv conf="0.9982128143310547">
          <Unicode>„</Unicode>
        </TextEquiv>
      </TextLine>
      <TextLine id="eSc_line_e3dbe61f" custom="structure {type:default;}">
        <Coords points="698,2407 698,2426 2609,2429 2613,2402 2607,2367 695,2369 698,2407"/>
        <Baseline points="698,2407 2613,2402"/>
        <TextEquiv conf="0.9989684410842068">
          <Unicode>in territorio Naboli, ab episcopo Saonensi concessam, asserit. Exactiones fratribus</Unicode>
        </TextEquiv>
      </TextLine>
      <TextLine id="eSc_line_dcdfbbc0" custom="structure {type:default;}">
        <Coords points="722,2460 722,2479 2518,2475 2520,2455 2516,2426 720,2426 722,2460"/>
        <Baseline points="722,2460 2520,2455"/>
        <TextEquiv conf="0.9983085061048532">
          <Unicode>imponi vetat. Pflugk-Harttung Acta III. 391. — „Iustis petentium desideriis“.</Unicode>
        </TextEquiv>
      </TextLine>
      <TextLine id="eSc_line_be659aa8" custom="structure {type:default;}">
        <Coords points="645,2515 645,2537 2609,2532 2611,2510 2604,2482 642,2482 645,2515"/>
        <Baseline points="645,2515 2611,2510"/>
        <TextEquiv conf="0.9964590853168851">
          <Unicode>17073 Iohanni, abbati Villae-magnae, „personalem usum“ mitrae infra monasterium con-</Unicode>
        </TextEquiv>
      </TextLine>
      <TextLine id="eSc_line_f337e852" custom="structure {type:default;}">
        <Coords points="125,2517 125,2555 174,2559 176,2559 178,2559 181,2559 185,2555 218,2535 251,2555 258,2557 260,2557 262,2557 265,2557 267,2557 269,2555 287,2544 300,2555 307,2513 302,2464 238,2449 236,2449 234,2449 231,2449 231,2451 212,2471 201,2479 123,2477 125,2517"/>
        <Baseline points="125,2517 307,2513"/>
        <TextEquiv conf="0.9943656176328659">
          <Unicode>„ 5.</Unicode>
        </TextEquiv>
      </TextLine>
      <TextLine id="eSc_line_a114f2ac" custom="structure {type:default;}">
        <Coords points="424,2526 424,2535 441,2548 444,2548 446,2548 448,2548 521,2532 521,2526 521,2482 483,2471 481,2471 479,2471 424,2479 424,2526"/>
        <Baseline points="424,2526 521,2526"/>
        <TextEquiv conf="0.9303485751152039">
          <Unicode>„</Unicode>
        </TextEquiv>
      </TextLine>
      <TextLine id="eSc_line_080b758d" custom="structure {type:default;}">
        <Coords points="695,2568 695,2590 1221,2601 1224,2601 1226,2601 1248,2590 1301,2601 1303,2601 1447,2588 1469,2588 1524,2588 1889,2599 1891,2599 1893,2599 1917,2588 1922,2588 2081,2599 2083,2599 2138,2585 2140,2563 2136,2537 762,2528 760,2528 693,2539 695,2568"/>
        <Baseline points="695,2568 2140,2563"/>
        <TextEquiv conf="0.9999564156450075">
          <Unicode>cedit. Pflugh-Harttung Acta III. 392. — „His quos Romana“.</Unicode>
        </TextEquiv>
      </TextLine>
      <TextLine id="eSc_line_afc14d0a" custom="structure {type:default;}">
        <Coords points="123,2623 123,2656 307,2647 307,2619 300,2581 121,2588 123,2623"/>
        <Baseline points="123,2623 307,2619"/>
        <TextEquiv conf="0.9830499589443207">
          <Unicode>„ 6.</Unicode>
        </TextEquiv>
      </TextLine>
      <TextLine id="eSc_line_16f1992a" custom="structure {type:default;}">
        <Coords points="647,2625 647,2647 2609,2645 2611,2621 2607,2592 680,2581 678,2581 676,2581 645,2592 647,2625"/>
        <Baseline points="647,2625 2611,2621"/>
        <TextEquiv conf="0.9957420686880748">
          <Unicode>17074 Fratres S. Victoris Parisienses, invito abbate, in aliud monasterium transire vctat.</Unicode>
        </TextEquiv>
      </TextLine>
      <TextLine id="eSc_line_f57ab5e1" custom="structure {type:default;}">
        <Coords points="433,2630 428,2694 519,2691 523,2634 523,2590 479,2577 477,2577 475,2577 433,2585 433,2630"/>
        <Baseline points="433,2630 523,2634"/>
        <TextEquiv conf="1.0">
          <Unicode>„</Unicode>
        </TextEquiv>
      </TextLine>
      <TextLine id="eSc_line_4342b444" custom="structure {type:default;}">
        <Coords points="698,2683 698,2698 2220,2694 2222,2678 2218,2647 720,2641 718,2641 715,2641 695,2650 698,2683"/>
        <Baseline points="698,2683 2222,2678"/>
        <TextEquiv conf="0.9985737520636935">
          <Unicode>Autogr. in tab. nat. Paris. L. 235. n. 9. — „Religionis fervorem“,</Unicode>
        </TextEquiv>
      </TextLine>
      <TextLine id="eSc_line_324df9ee" custom="structure {type:default;}">
        <Coords points="645,2736 645,2760 2607,2764 2609,2736 2609,2705 645,2705 645,2736"/>
        <Baseline points="645,2736 2609,2736"/>
        <TextEquiv conf="0.9938045190440283">
          <Unicode>17075 Comites de Rocesburh hortatur, moneant homines suos, ecclesiae . . . . malefactores,</Unicode>
        </TextEquiv>
      </TextLine>
      <TextLine id="eSc_line_7599d709" custom="structure {type:default;}">
        <Coords points="128,2744 128,2795 172,2791 172,2744 172,2700 128,2700 128,2744"/>
        <Baseline points="128,2744 172,2744"/>
        <TextEquiv conf="0.9997437596321106">
          <Unicode>„</Unicode>
        </TextEquiv>
      </TextLine>
      <TextLine id="eSc_line_b490b084" custom="structure {type:default;}">
        <Coords points="428,2751 428,2775 510,2778 512,2747 508,2716 426,2716 428,2751"/>
        <Baseline points="428,2751 512,2747"/>
        <TextEquiv conf="0.9999200105667114">
          <Unicode>„</Unicode>
        </TextEquiv>
      </TextLine>
      <TextLine id="eSc_line_52dec046" custom="structure {type:default;}">
        <Coords points="700,2789 700,2809 2609,2820 2611,2789 2611,2758 700,2758 700,2789"/>
        <Baseline points="700,2789 2611,2789"/>
        <TextEquiv conf="0.9935522086736632">
          <Unicode>ut eidem ecclesiae restaurandae operam dent. (V. . . . id. Febr.). Pflugk-Harttung</Unicode>
        </TextEquiv>
      </TextLine>
      <TextLine id="eSc_line_0b3fa97f" custom="structure {type:default;}">
        <Coords points="698,2844 698,2862 976,2873 978,2873 1071,2862 1131,2873 1133,2873 1347,2870 1349,2870 1352,2870 1352,2868 1360,2862 1372,2870 1374,2870 1376,2870 1378,2873 1539,2873 1539,2870 1542,2870 1586,2857 1586,2839 1581,2813 1140,2802 1137,2802 1135,2802 1098,2813 718,2804 715,2804 713,2804 711,2804 695,2811 698,2844"/>
        <Baseline points="698,2844 1586,2839"/>
        <TextEquiv conf="0.9995323645102011">
          <Unicode>Acta I. 366. — „Dilectorum filiorum“.</Unicode>
        </TextEquiv>
      </TextLine>
      <TextLine id="eSc_line_43b19cdc" custom="structure {type:default;}">
        <Coords points="123,2897 123,2941 172,2941 172,2939 174,2939 190,2930 218,2917 307,2917 307,2897 304,2842 123,2848 123,2897"/>
        <Baseline points="123,2897 307,2897"/>
        <TextEquiv conf="0.9768008112907409">
          <Unicode>„ 16.</Unicode>
        </TextEquiv>
      </TextLine>
      <TextLine id="eSc_line_a7d3d2f3" custom="structure {type:default;}">
        <Coords points="647,2899 647,2921 2609,2921 2609,2899 2607,2859 647,2866 647,2899"/>
        <Baseline points="647,2899 2609,2899"/>
        <TextEquiv conf="0.9968528792827944">
          <Unicode>17076 Abbati et capitulo Eveshamensi concedit ius appellandae sedis Romanae. Ex</Unicode>
        </TextEquiv>
      </TextLine>
      <TextLine id="eSc_line_3dfbdd0e" custom="structure {type:default;}">
        <Coords points="430,2906 428,2932 457,2948 459,2948 461,2948 521,2934 523,2912 521,2864 430,2875 430,2906"/>
        <Baseline points="430,2906 523,2912"/>
        <TextEquiv conf="1.0">
          <Unicode>„</Unicode>
        </TextEquiv>
      </TextLine>
      <TextLine id="eSc_line_6df2203c" custom="structure {type:default;}">
        <Coords points="698,2952 698,2983 2611,2976 2611,2952 2611,2921 698,2921 698,2952"/>
        <Baseline points="698,2952 2611,2952"/>
        <TextEquiv conf="0.9990277650915547">
          <Unicode>cod. Mus. Brit. Harleiano 3763. f. 97, dedit b. m. K. Pertz. — „Cum appellationis</Unicode>
        </TextEquiv>
      </TextLine>
      <TextLine id="eSc_line_7fa3a69e" custom="structure {type:default;}">
        <Coords points="695,3009 695,3032 963,3023 965,3005 958,2970 693,2972 695,3009"/>
        <Baseline points="695,3009 965,3005"/>
        <TextEquiv conf="0.9999942779541016">
          <Unicode>remedium“.</Unicode>
        </TextEquiv>
      </TextLine>
      <TextLine id="eSc_line_8ab60611" custom="structure {type:default;}">
        <Coords points="645,3065 645,3085 1034,3085 1056,3087 1129,3098 1131,3098 1438,3089 1646,3082 1820,3082 1842,3089 1860,3096 1862,3096 1864,3098 2034,3098 2034,3096 2037,3096 2050,3091 2065,3085 2074,3091 2081,3096 2083,3096 2085,3096 2087,3098 2260,3098 2260,3096 2291,3091 2346,3082 2359,3091 2361,3093 2364,3093 2366,3093 2368,3093 2607,3091 2609,3060 2604,3032 660,3023 658,3023 656,3023 653,3023 642,3029 645,3065"/>
        <Baseline points="645,3065 2609,3060"/>
        <TextEquiv conf="0.9891954617840903">
          <Unicode>17077 Fratribus Beccensibus de sede electo abbati assignanda privilegium dat. (Frag-</Unicode>
        </TextEquiv>
      </TextLine>
      <TextLine id="eSc_line_67405f2d" custom="structure {type:default;}">
        <Coords points="121,3067 121,3089 311,3078 311,3062 307,3032 225,3018 223,3018 220,3018 218,3018 203,3032 201,3034 190,3032 159,3021 156,3021 154,3021 152,3021 119,3029 121,3067"/>
        <Baseline points="121,3067 311,3062"/>
        <TextEquiv conf="0.9998894214630127">
          <Unicode>„ 18.</Unicode>
        </TextEquiv>
      </TextLine>
      <TextLine id="eSc_line_2a9916cc" custom="structure {type:default;}">
        <Coords points="410,3069 410,3109 433,3102 444,3107 468,3118 470,3118 472,3118 475,3118 519,3100 521,3074 519,3036 410,3038 410,3069"/>
        <Baseline points="410,3069 521,3074"/>
        <TextEquiv conf="1.0">
          <Unicode>„</Unicode>
        </TextEquiv>
      </TextLine>
      <TextLine id="eSc_line_100963e0" custom="structure {type:default;}">
        <Coords points="695,3118 695,3138 1226,3149 1228,3149 1230,3149 1252,3138 1281,3149 1283,3149 1285,3149 1374,3135 1385,3135 1387,3135 1411,3146 1414,3146 1416,3146 1473,3135 1480,3135 1482,3135 1506,3146 1509,3146 1511,3146 1880,3133 1882,3113 1875,3085 693,3087 695,3118"/>
        <Baseline points="695,3118 1882,3113"/>
        <TextEquiv conf="0.9838340212317074">
          <Unicode>mentum). In bibl. nat. Paris. ms. lat. 13905. f. 1.</Unicode>
        </TextEquiv>
      </TextLine>
      <TextLine id="eSc_line_2e749df5" custom="structure {type:default;}">
        <Coords points="88,3168 88,3233 258,3233 258,3230 260,3230 311,3210 311,3168 311,3127 88,3109 88,3168"/>
        <Baseline points="88,3168 311,3168"/>
        <TextEquiv conf="0.9803228718893868">
          <Unicode>Mart. 3</Unicode>
        </TextEquiv>
      </TextLine>
      <TextLine id="eSc_line_066c7add" custom="structure {type:default;}">
        <Coords points="417,3175 415,3184 446,3204 448,3204 450,3204 452,3204 455,3204 519,3186 521,3182 519,3153 417,3144 417,3175"/>
        <Baseline points="417,3175 521,3182"/>
        <TextEquiv conf="1.0">
          <Unicode>„</Unicode>
        </TextEquiv>
      </TextLine>
      <TextLine id="eSc_line_9ec22baa" custom="structure {type:default;}">
        <Coords points="647,3175 647,3195 2611,3193 2611,3168 2607,3138 667,3131 665,3131 662,3131 660,3131 645,3138 647,3175"/>
        <Baseline points="647,3175 2611,3168"/>
        <TextEquiv conf="0.9952959527329701">
          <Unicode>17078 *Bulla hoc die data (hospitali Senensi?) memoratur ap. Pflugk-Hlarttung Iter</Unicode>
        </TextEquiv>
      </TextLine>
      <TextLine id="eSc_line_ea607a00" custom="structure {type:default;}">
        <Coords points="693,3228 693,3246 839,3257 841,3257 843,3257 881,3244 881,3228 881,3199 782,3186 779,3186 693,3197 693,3228"/>
        <Baseline points="693,3228 881,3228"/>
        <TextEquiv conf="0.9998962112835476">
          <Unicode>p. 330.</Unicode>
        </TextEquiv>
      </TextLine>
      <TextLine id="eSc_line_3147af68" custom="structure {type:default;}">
        <Coords points="645,3283 645,3305 2607,3301 2609,3279 2604,3250 680,3241 678,3241 676,3241 642,3250 645,3283"/>
        <Baseline points="645,3283 2609,3279"/>
        <TextEquiv conf="0.9989120408340737">
          <Unicode>17079 (10459) Monasterium S. Laurentii Aversanum tuendum suscipit eiusque bona ac</Unicode>
        </TextEquiv>
      </TextLine>
      <TextLine id="eSc_line_d57a7185" custom="structure {type:default;}">
        <Coords points="125,3288 125,3323 167,3323 167,3321 170,3321 172,3321 172,3319 174,3316 198,3297 260,3310 280,3312 282,3312 285,3312 313,3303 313,3281 309,3252 247,3241 245,3241 243,3241 240,3241 240,3244 238,3244 234,3248 229,3257 163,3257 123,3246 125,3288"/>
        <Baseline points="125,3288 313,3281"/>
        <TextEquiv conf="0.9999955892562866">
          <Unicode>„ 8.</Unicode>
        </TextEquiv>
      </TextLine>
      <TextLine id="eSc_line_b42cdc05" custom="structure {type:default;}">
        <Coords points="413,3288 410,3336 455,3327 521,3341 525,3292 525,3248 508,3233 505,3233 503,3233 501,3233 413,3244 413,3288"/>
        <Baseline points="413,3288 525,3292"/>
        <TextEquiv conf="1.0">
          <Unicode>„</Unicode>
        </TextEquiv>
      </TextLine>
      <TextLine id="eSc_line_f30e9c2b" custom="structure {type:default;}">
        <Coords points="698,3339 698,3365 2604,3367 2609,3332 2602,3301 695,3305 698,3339"/>
        <Baseline points="698,3339 2609,3332"/>
        <TextEquiv conf="0.9992349184140926">
          <Unicode>privilegia confirmat, petente Matthaeo abbate. Margarini Bull. Cas. II. 220, Mignc</Unicode>
        </TextEquiv>
      </TextLine>
      <TextLine id="eSc_line_ca4dfc1e" custom="structure {type:default;}">
        <Coords points="698,3385 695,3409 1301,3422 1303,3422 1305,3422 1334,3411 1436,3422 1438,3422 1805,3409 1807,3389 1805,3358 698,3352 698,3385"/>
        <Baseline points="698,3385 1807,3389"/>
        <TextEquiv conf="0.9993383482746456">
          <Unicode>206 p. 1029. — „Effectum iusta postulantibus“.</Unicode>
        </TextEquiv>
      </TextLine>
      <TextLine id="eSc_line_d4726d03" custom="structure {type:default;}">
        <Coords points="647,3447 647,3464 972,3478 974,3478 1274,3469 1422,3464 1650,3471 1946,3478 1948,3478 1977,3471 2017,3462 2118,3473 2158,3475 2160,3475 2178,3473 2222,3462 2264,3473 2275,3475 2277,3475 2280,3475 2607,3473 2607,3440 2600,3411 645,3416 647,3447"/>
        <Baseline points="647,3447 2607,3440"/>
        <TextEquiv conf="0.9993816107511521">
          <Unicode>17080 Monasterii omnium Sanctorum Beinwilrensis, petente Gcrungo abbate, tutelam</Unicode>
        </TextEquiv>
      </TextLine>
      <TextLine id="eSc_line_2fb7b6dd" custom="structure {type:default;}">
        <Coords points="121,3449 125,3551 190,3535 320,3544 320,3442 313,3365 223,3385 220,3385 218,3385 218,3387 192,3407 119,3409 121,3449"/>
        <Baseline points="121,3449 320,3442"/>
        <TextEquiv conf="0.7587215006351471">
          <Unicode>„.</Unicode>
        </TextEquiv>
      </TextLine>
      <TextLine id="eSc_line_39beae42" custom="structure {type:default;}">
        <Coords points="399,3449 397,3456 428,3458 428,3460 455,3482 457,3482 459,3482 461,3482 463,3482 517,3464 519,3453 517,3425 399,3420 399,3449"/>
        <Baseline points="399,3449 519,3453"/>
        <TextEquiv conf="0.9999740123748779">
          <Unicode>„ „</Unicode>
        </TextEquiv>
      </TextLine>
      <TextLine id="eSc_line_3d1d5f11" custom="structure {type:default;}">
        <Coords points="698,3502 698,3559 832,3539 1029,3557 1038,3557 1040,3559 1321,3559 1321,3557 1338,3555 1400,3542 1486,3553 1522,3557 1524,3557 1615,3553 1714,3546 1831,3551 1979,3555 1981,3555 2014,3548 2063,3537 2604,3542 2609,3498 2602,3469 695,3471 698,3502"/>
        <Baseline points="698,3502 2609,3498"/>
        <TextEquiv conf="0.9941167209459387">
          <Unicode>suscipit, ac bona, privitegia, libertatem confirmat, imposito fratribus unius bixantii censu</Unicode>
        </TextEquiv>
      </TextLine>
      <TextLine id="eSc_line_4291b8fd" custom="structure {type:default;}">
        <Coords points="2244,3559 2244,3606 2330,3610 2333,3559 2333,3524 2244,3520 2244,3559"/>
        <Baseline points="2244,3559 2333,3559"/>
        <TextEquiv conf="0.9999815225601196">
          <Unicode>70*</Unicode>
        </TextEquiv>
      </TextLine>
    </TextRegion>
    <TextRegion id="eSc_textblock_ed3893fd"  custom="structure {type:default;}">
      <Coords points="1131,132 1824,141 1833,227 830,236 839,150 1131,132"/>
      <TextLine id="eSc_line_071c52df" custom="structure {type:default;}">
        <Coords points="855,205 852,229 901,247 903,247 905,247 1805,236 1807,209 1807,161 1782,147 1780,147 1778,147 1776,147 1676,161 1553,150 1551,150 1288,159 1215,145 1212,145 855,156 855,205"/>
        <Baseline points="855,205 1807,209"/>
        <TextEquiv conf="0.9836324879101345">
          <Unicode>(OL1(TTINI“S III. 11“1 1198.</Unicode>
        </TextEquiv>
      </TextLine>
    </TextRegion>
    <TextRegion id="eSc_textblock_3ccae828"  custom="structure {type:default;}">
      <Coords points="2501,150 2644,159 2644,218 2573,253 2478,245 2461,167 2501,150"/>
      <TextLine id="eSc_line_4d682738" custom="structure {type:default;}">
        <Coords points="2600,154 2487,156 2487,209 2487,242 2611,247 2613,209 2611,154 2600,154"/>
        <Baseline points="2487,209 2613,209"/>
        <TextEquiv conf="0.9991926401853561">
          <Unicode>603)</Unicode>
        </TextEquiv>
      </TextLine>
    </TextRegion>
  </Page>
</PcGts>
