<?xml version="1.0" encoding="UTF-8"  standalone="yes"?>
<PcGts xmlns="http://schema.primaresearch.org/PAGE/gts/pagecontent/2019-07-15" xmlns:xsi="http://www.w3.org/2001/XMLSchema-instance" xsi:schemaLocation="http://schema.primaresearch.org/PAGE/gts/pagecontent/2019-07-15 http://schema.primaresearch.org/PAGE/gts/pagecontent/2019-07-15/pagecontent.xsd">
  <Metadata externalRef="pdf//regestapontificu02cath.pdf">
	<Creator>escriptorium</Creator>
	<Created>2026-01-31T10:41:28.749121+00:00</Created>
        <LastChange>2026-02-04T23:23:30.249177+00:00</LastChange>
  </Metadata>
  <Page imageFilename="regestapontificu02cath.pdf_page_539.png" imageWidth="3007" imageHeight="3975">
    <TextRegion id="eSc_textblock_227f8835"  custom="structure {type:default;}">
      <Coords points="2501,309 2671,318 2644,424 2635,3531 2547,3557 698,3557 616,3522 371,3531 335,3513 333,3451 298,3531 79,3522 44,1782 79,362 298,326 342,424 353,318 589,318 616,353 627,318 2501,309"/>
      <TextLine id="eSc_line_0fc30fa4" custom="structure {type:default;}">
        <Coords points="616,344 618,377 618,421 757,404 978,415 980,415 1239,401 1254,415 1257,415 1259,415 1354,417 1356,417 1657,415 1659,415 1661,415 1661,412 1679,399 1714,399 1729,412 1732,412 1734,412 1849,415 1851,415 1853,415 1855,415 1882,397 2121,415 2125,368 2123,329 2085,315 2083,315 2081,315 1900,326 1796,313 1794,313 1791,313 1789,313 1774,326 1716,315 1714,315 1712,315 1681,329 1135,331 1122,320 1120,320 1117,320 1009,318 1007,318 1005,318 1003,318 1003,320 985,333 901,320 636,320 634,320 616,344"/>
        <Baseline points="618,377 2125,368"/>
        <TextEquiv conf="0.9901437517525493">
          <Unicode>1187. (Iuf. 3. — 25. Sept. — S. pont. a. 2. 1156 — 25. Mart. — 1187.)</Unicode>
        </TextEquiv>
      </TextLine>
      <TextLine id="eSc_line_5d260af9" custom="structure {type:default;}">
        <Coords points="95,446 95,472 214,492 216,492 218,492 220,492 220,490 236,474 318,468 318,446 318,408 291,408 287,404 269,386 269,384 267,384 265,384 262,384 260,384 220,395 176,406 145,386 139,379 136,379 134,379 95,379 95,446"/>
        <Baseline points="95,446 318,446"/>
        <TextEquiv conf="0.9966172724962234">
          <Unicode>Aug. 25.</Unicode>
        </TextEquiv>
      </TextLine>
      <TextLine id="eSc_line_e9663a7b" custom="structure {type:default;}">
        <Coords points="371,443 371,490 574,490 574,443 574,373 371,373 371,443"/>
        <Baseline points="371,443 574,443"/>
        <TextEquiv conf="0.9999595284461975">
          <Unicode>Veronae</Unicode>
        </TextEquiv>
      </TextLine>
      <TextLine id="eSc_line_1443426a" custom="structure {type:default;}">
        <Coords points="651,441 651,463 2611,459 2613,435 2607,395 649,404 651,441"/>
        <Baseline points="651,441 2613,435"/>
        <TextEquiv conf="0.9913719074670658">
          <Unicode>15997 Ecclesiae SS. Iohannis et Faustini de Elsa possessiones et iura confirmat, bulla</Unicode>
        </TextEquiv>
      </TextLine>
      <TextLine id="eSc_line_d4868851" custom="structure {type:default;}">
        <Coords points="702,494 702,514 1387,525 1389,525 1447,514 1449,514 1451,514 1584,525 1586,525 1588,525 1615,514 1652,525 1654,525 1657,525 1931,514 1979,523 1981,523 1984,523 1986,523 2003,512 2008,512 2059,523 2061,523 2121,512 2125,512 2132,512 2224,523 2227,523 2452,512 2456,512 2459,512 2518,523 2520,523 2611,510 2613,490 2609,463 1657,452 1654,452 1652,452 1610,463 744,454 742,454 740,454 700,465 702,494"/>
        <Baseline points="702,494 2613,490"/>
        <TextEquiv conf="0.9975233360742911">
          <Unicode>ad Albertum archipresbyterum. Pflugk-Harttung Iter p. 310. — „Effectum iusta“.</Unicode>
        </TextEquiv>
      </TextLine>
      <TextLine id="eSc_line_d0400308" custom="structure {type:default;}">
        <Coords points="92,556 92,591 313,591 313,556 313,514 92,514 92,556"/>
        <Baseline points="92,556 313,556"/>
        <TextEquiv conf="0.99819066375494">
          <Unicode>Sept. 6.</Unicode>
        </TextEquiv>
      </TextLine>
      <TextLine id="eSc_line_81637683" custom="structure {type:default;}">
        <Coords points="441,567 435,647 450,658 452,658 455,658 457,658 517,655 523,571 523,541 441,532 441,567"/>
        <Baseline points="441,567 523,571"/>
        <TextEquiv conf="1.0">
          <Unicode>„</Unicode>
        </TextEquiv>
      </TextLine>
      <TextLine id="eSc_line_a3790e71" custom="structure {type:default;}">
        <Coords points="653,552 653,576 2613,569 2615,545 2611,516 651,514 653,552"/>
        <Baseline points="653,552 2615,545"/>
        <TextEquiv conf="0.9915656968094837">
          <Unicode>15998 Hildebrando, episcopo Volaterrensi, indulget, ut rectores et presbyteri ecclesia-</Unicode>
        </TextEquiv>
      </TextLine>
      <TextLine id="eSc_line_7db1fa8a" custom="structure {type:default;}">
        <Coords points="704,605 704,629 2611,627 2613,600 2607,569 702,571 704,605"/>
        <Baseline points="704,605 2613,600"/>
        <TextEquiv conf="0.9929420584585609">
          <Unicode>rum, in quibus ius patronatus habet, semper cum eius assensu instituantur. Pflugk-</Unicode>
        </TextEquiv>
      </TextLine>
      <TextLine id="eSc_line_caec5497" custom="structure {type:default;}">
        <Coords points="702,660 702,677 903,689 905,689 908,689 910,689 910,686 921,677 1153,677 1155,677 1235,689 1237,689 1325,675 1334,675 1336,675 1349,686 1352,686 1354,686 1356,686 1478,675 1493,675 1511,675 1670,686 1672,686 1674,686 1676,686 1692,677 1701,684 1701,686 1703,686 1705,686 1707,689 1917,689 1917,686 1919,686 1964,673 1964,655 1959,629 711,620 709,620 707,620 704,620 704,622 702,622 700,622 702,660"/>
        <Baseline points="702,660 1964,655"/>
        <TextEquiv conf="0.9999424061685238">
          <Unicode>Harttung Acta III. 344. — „Ordo rationis expostulat“.</Unicode>
        </TextEquiv>
      </TextLine>
      <TextLine id="eSc_line_5446947d" custom="structure {type:default;}">
        <Coords points="132,724 134,748 176,735 218,739 285,748 287,748 289,748 291,748 311,730 311,719 304,682 130,691 132,724"/>
        <Baseline points="132,724 311,719"/>
        <TextEquiv conf="0.9999977111816406">
          <Unicode>„ 10.</Unicode>
        </TextEquiv>
      </TextLine>
      <TextLine id="eSc_line_e681a2c8" custom="structure {type:default;}">
        <Coords points="439,737 439,748 521,761 523,737 523,711 439,711 439,737"/>
        <Baseline points="439,737 523,737"/>
        <TextEquiv conf="0.9999968409538269">
          <Unicode>„)</Unicode>
        </TextEquiv>
      </TextLine>
      <TextLine id="eSc_line_f8689beb" custom="structure {type:default;}">
        <Coords points="653,713 653,737 1630,748 1632,748 1745,746 1747,746 1749,746 1763,735 1765,735 1866,735 1869,735 1884,746 1886,746 1889,746 1891,746 1953,735 1957,735 1961,735 2010,746 2012,746 2151,735 2158,735 2160,735 2216,746 2218,746 2370,735 2375,735 2377,735 2567,746 2569,746 2571,746 2615,733 2615,708 2611,682 673,673 671,673 669,673 667,673 651,680 653,713"/>
        <Baseline points="653,713 2615,708"/>
        <TextEquiv conf="0.9966880140534367">
          <Unicode>15999 (9972) (Petro) electo Regino praescribit, ne sine speciali mandato apostolico</Unicode>
        </TextEquiv>
      </TextLine>
      <TextLine id="eSc_line_36c261b5" custom="structure {type:default;}">
        <Coords points="702,770 702,797 2611,792 2613,764 2607,728 700,733 702,770"/>
        <Baseline points="702,770 2613,764"/>
        <TextEquiv conf="0.9966971437598384">
          <Unicode>ulli mortalium, nisi archiepiscopo (Ravennati) in consecratione accipienda, iuramentum</Unicode>
        </TextEquiv>
      </TextLine>
      <TextLine id="eSc_line_2e11caf1" custom="structure {type:default;}">
        <Coords points="702,825 702,850 2613,845 2613,825 2611,792 702,792 702,825"/>
        <Baseline points="702,825 2613,825"/>
        <TextEquiv conf="0.9959218494303814">
          <Unicode>praestet. Tiraboschi Mem. Mod. III. 101, Migne 202 p. 1524. — „Cum te sicut“.</Unicode>
        </TextEquiv>
      </TextLine>
      <TextLine id="eSc_line_6ad410ba" custom="structure {type:default;}">
        <Coords points="130,887 130,894 309,912 311,883 307,839 214,830 212,830 209,830 207,830 192,841 187,845 128,845 130,887"/>
        <Baseline points="130,887 311,883"/>
        <TextEquiv conf="0.999878978729248">
          <Unicode>„ 13.</Unicode>
        </TextEquiv>
      </TextLine>
      <TextLine id="eSc_line_5c60821b" custom="structure {type:default;}">
        <Coords points="444,898 444,905 514,916 517,898 514,870 444,870 444,898"/>
        <Baseline points="444,898 517,898"/>
        <TextEquiv conf="0.994368851184845">
          <Unicode>„)</Unicode>
        </TextEquiv>
      </TextLine>
      <TextLine id="eSc_line_ce69c920" custom="structure {type:default;}">
        <Coords points="647,881 647,912 861,898 903,909 905,909 908,909 1091,898 1228,909 1230,909 1312,896 1674,907 1738,909 1741,909 1743,909 1745,909 1747,907 1769,894 1798,907 1800,907 1802,907 1813,907 1942,896 1975,907 1979,907 1981,907 1984,907 1986,907 1988,905 2014,894 2045,905 2050,907 2052,907 2054,907 2070,905 2138,894 2324,903 2328,874 2322,843 645,848 647,881"/>
        <Baseline points="647,881 2328,874"/>
        <TextEquiv conf="0.9999924654691992">
          <Unicode>ecclesiam maiorem consecrat. Vide tabulam ap. Ughelli It. sacr. V. 809.</Unicode>
        </TextEquiv>
      </TextLine>
      <TextLine id="eSc_line_1e3ce162" custom="structure {type:default;}">
        <Coords points="128,945 128,965 304,969 309,940 304,907 212,896 209,896 207,896 205,896 187,909 185,914 125,914 128,945"/>
        <Baseline points="128,945 309,940"/>
        <TextEquiv conf="0.9999926090240479">
          <Unicode>„ 20.</Unicode>
        </TextEquiv>
      </TextLine>
      <TextLine id="eSc_line_de93a93b" custom="structure {type:default;}">
        <Coords points="433,951 430,960 517,980 521,956 519,920 433,920 433,951"/>
        <Baseline points="433,951 521,956"/>
        <TextEquiv conf="0.999990701675415">
          <Unicode>„</Unicode>
        </TextEquiv>
      </TextLine>
      <TextLine id="eSc_line_a7172dd6" custom="structure {type:default;}">
        <Coords points="653,936 653,960 2611,965 2615,931 2609,903 651,905 653,936"/>
        <Baseline points="653,936 2615,931"/>
        <TextEquiv conf="0.9990699350833893">
          <Unicode>16000 In monasterio SS. martyrum Faustini et lovitae vera horum martyrum corpora</Unicode>
        </TextEquiv>
      </TextLine>
      <TextLine id="eSc_line_5223d5dc" custom="structure {type:default;}">
        <Coords points="702,987 702,1015 2611,1018 2613,987 2613,954 702,951 702,987"/>
        <Baseline points="702,987 2613,987"/>
        <TextEquiv conf="0.9957135106836047">
          <Unicode>teneri testatur, seque falsa, quae clerici capellae Faustini et Iovitae ac lohannes,</Unicode>
        </TextEquiv>
      </TextLine>
      <TextLine id="eSc_line_27d3c856" custom="structure {type:default;}">
        <Coords points="702,1042 702,1064 2613,1060 2615,1035 2609,1009 700,1013 702,1042"/>
        <Baseline points="702,1042 2615,1035"/>
        <TextEquiv conf="0.9999160766601562">
          <Unicode>episcopus Brixiensis, in altari posuissent, amoveri iussisse. Bravo Delle storie</Unicode>
        </TextEquiv>
      </TextLine>
      <TextLine id="eSc_line_b930b05c" custom="structure {type:default;}">
        <Coords points="704,1099 704,1132 2611,1128 2613,1093 2609,1066 2123,1055 2121,1055 1988,1066 1970,1068 702,1068 704,1099"/>
        <Baseline points="704,1099 2613,1093"/>
        <TextEquiv conf="0.998608064793405">
          <Unicode>Bresciane IV. 12, (Doneda Dei santi martiri Faust. e Giovita p. 36). — „In eminentia</Unicode>
        </TextEquiv>
      </TextLine>
      <TextLine id="eSc_line_723f889b" custom="structure {type:default;}">
        <Coords points="700,1154 700,1163 751,1179 753,1179 755,1179 863,1159 863,1150 857,1115 698,1115 700,1154"/>
        <Baseline points="700,1154 863,1150"/>
        <TextEquiv conf="0.9999611633164542">
          <Unicode>sedis“.</Unicode>
        </TextEquiv>
      </TextLine>
      <TextLine id="eSc_line_7b0d295c" custom="structure {type:default;}">
        <Coords points="128,1219 128,1256 167,1256 167,1254 170,1254 172,1254 172,1252 176,1247 192,1232 218,1243 234,1247 236,1247 238,1247 240,1247 311,1227 311,1212 307,1179 236,1170 234,1170 231,1170 229,1170 229,1172 218,1181 216,1185 125,1185 128,1219"/>
        <Baseline points="128,1219 311,1212"/>
        <TextEquiv conf="0.9695661187171936">
          <Unicode>„ 21.</Unicode>
        </TextEquiv>
      </TextLine>
      <TextLine id="eSc_line_bd7d9283" custom="structure {type:default;}">
        <Coords points="435,1232 435,1247 477,1265 479,1265 481,1265 483,1265 530,1245 530,1227 525,1170 483,1159 481,1159 479,1159 477,1159 430,1174 435,1232"/>
        <Baseline points="435,1232 530,1227"/>
        <TextEquiv conf="1.0">
          <Unicode>„</Unicode>
        </TextEquiv>
      </TextLine>
      <TextLine id="eSc_line_be55dd8c" custom="structure {type:default;}">
        <Coords points="653,1207 653,1232 2611,1227 2613,1203 2609,1172 830,1163 828,1163 651,1174 653,1207"/>
        <Baseline points="653,1207 2613,1203"/>
        <TextEquiv conf="0.9997980709780346">
          <Unicode>16001 Parthenonis S. Pancratii Saltuclensis tutelam suscipit, bonaque et privilegia con-</Unicode>
        </TextEquiv>
      </TextLine>
      <TextLine id="eSc_line_fd724b9f" custom="structure {type:default;}">
        <Coords points="704,1263 704,1283 771,1298 773,1298 1022,1283 1047,1283 1060,1283 1186,1298 1188,1298 1301,1283 1310,1283 1316,1283 1385,1298 1387,1300 1533,1300 1533,1298 1535,1298 1566,1283 1570,1283 1668,1296 1670,1298 1813,1298 1813,1296 1816,1296 1818,1296 1836,1283 1838,1283 1840,1283 1915,1291 1917,1291 1919,1291 1942,1283 1948,1280 1961,1283 2026,1294 2028,1294 2030,1294 2070,1283 2079,1280 2138,1283 2425,1294 2428,1294 2604,1280 2607,1258 2600,1230 702,1232 704,1263"/>
        <Baseline points="704,1263 2607,1258"/>
        <TextEquiv conf="0.9937272101640702">
          <Unicode>firmat, petente Elisabetha abbatissa. Biancolini Not. stor. di Ver. V. I. 227. —</Unicode>
        </TextEquiv>
      </TextLine>
      <TextLine id="eSc_line_106ca39b" custom="structure {type:default;}">
        <Coords points="704,1320 704,1342 1277,1336 1279,1316 1272,1285 702,1287 704,1320"/>
        <Baseline points="704,1320 1279,1316"/>
        <TextEquiv conf="0.9941643047332763">
          <Unicode>„Prudentibus virginibus“.</Unicode>
        </TextEquiv>
      </TextLine>
      <TextLine id="eSc_line_49ba3670" custom="structure {type:default;}">
        <Coords points="125,1384 125,1415 311,1400 311,1384 311,1351 271,1331 269,1331 216,1331 214,1331 212,1331 209,1331 181,1353 125,1353 125,1384"/>
        <Baseline points="125,1384 311,1384"/>
        <TextEquiv conf="0.9999972820281983">
          <Unicode>„ 21.</Unicode>
        </TextEquiv>
      </TextLine>
      <TextLine id="eSc_line_c42552c7" custom="structure {type:default;}">
        <Coords points="426,1395 426,1404 534,1404 534,1395 532,1360 426,1364 426,1395"/>
        <Baseline points="426,1395 534,1395"/>
        <TextEquiv conf="1.0">
          <Unicode>„)</Unicode>
        </TextEquiv>
      </TextLine>
      <TextLine id="eSc_line_6f2562dc" custom="structure {type:default;}">
        <Coords points="653,1375 653,1400 2613,1400 2615,1366 2609,1331 651,1338 653,1375"/>
        <Baseline points="653,1375 2615,1366"/>
        <TextEquiv conf="0.9999535062226904">
          <Unicode>16002 (9973) Ecclesiae Volaterrensis protectionem suscipit, possessionesque et iura</Unicode>
        </TextEquiv>
      </TextLine>
      <TextLine id="eSc_line_d3b701b2" custom="structure {type:default;}">
        <Coords points="702,1426 702,1450 2615,1450 2615,1426 2613,1389 702,1397 702,1426"/>
        <Baseline points="702,1426 2615,1426"/>
        <TextEquiv conf="0.9935490599385014">
          <Unicode>confirmat, petente Ildebrando episcopo. Ammirato Vesc. di Fiesole p. 111, Ughelli</Unicode>
        </TextEquiv>
      </TextLine>
      <TextLine id="eSc_line_cc6157c9" custom="structure {type:default;}">
        <Coords points="704,1481 704,1506 2611,1510 2613,1481 2613,1453 704,1453 704,1481"/>
        <Baseline points="704,1481 2613,1481"/>
        <TextEquiv conf="0.9964813757478521">
          <Unicode>It. sacr. I. 1443, Leoncini III. s. catedr. di Volt. p. 254, Pflugk-Harttung Iter p. 310.</Unicode>
        </TextEquiv>
      </TextLine>
      <TextLine id="eSc_line_fba2de74" custom="structure {type:default;}">
        <Coords points="702,1537 702,1554 1159,1559 1162,1537 1162,1510 702,1510 702,1537"/>
        <Baseline points="702,1537 1162,1537"/>
        <TextEquiv conf="0.9997803159058094">
          <Unicode>— „Cum omnibus“.</Unicode>
        </TextEquiv>
      </TextLine>
      <TextLine id="eSc_line_e991e18f" custom="structure {type:default;}">
        <Coords points="125,1605 125,1638 174,1638 174,1636 176,1636 178,1636 178,1634 181,1631 194,1620 307,1620 309,1601 300,1517 271,1532 256,1528 223,1519 220,1519 218,1519 216,1519 214,1519 214,1521 190,1543 174,1563 123,1563 125,1605"/>
        <Baseline points="125,1605 309,1601"/>
        <TextEquiv conf="0.9821805357933044">
          <Unicode>„ 22.</Unicode>
        </TextEquiv>
      </TextLine>
      <TextLine id="eSc_line_247e9df3" custom="structure {type:default;}">
        <Coords points="439,1614 439,1627 492,1640 494,1640 497,1640 499,1640 521,1627 521,1614 521,1563 481,1548 479,1548 477,1548 475,1548 439,1563 439,1614"/>
        <Baseline points="439,1614 521,1614"/>
        <TextEquiv conf="1.0">
          <Unicode>„</Unicode>
        </TextEquiv>
      </TextLine>
      <TextLine id="eSc_line_cf5a705f" custom="structure {type:default;}">
        <Coords points="653,1594 653,1620 2613,1609 2615,1585 2611,1559 673,1552 671,1552 669,1552 667,1552 651,1561 653,1594"/>
        <Baseline points="653,1594 2615,1585"/>
        <TextEquiv conf="0.9961240125256915">
          <Unicode>16003 (9974) Ecclesiae Petrocoriensis protectionem suscipit bonaque et privilegia con-</Unicode>
        </TextEquiv>
      </TextLine>
      <TextLine id="eSc_line_aa204b3c" custom="structure {type:default;}">
        <Coords points="700,1649 700,1671 824,1684 826,1684 828,1684 861,1671 863,1671 888,1682 890,1682 892,1682 894,1682 897,1682 914,1671 916,1669 1277,1669 1279,1669 1296,1682 1299,1682 1301,1682 1303,1682 1305,1682 1338,1671 1458,1682 1460,1682 1462,1682 1497,1669 1502,1669 1652,1682 1654,1682 1805,1680 1807,1680 1833,1667 1836,1667 1849,1667 2008,1680 2010,1680 2143,1665 2160,1665 2174,1665 2260,1678 2262,1678 2609,1662 2611,1640 2604,1614 698,1620 700,1649"/>
        <Baseline points="700,1649 2611,1640"/>
        <TextEquiv conf="0.9862420411757481">
          <Unicode>firmat, petente Ademaro episcopo. Dupuy L&#x27;estat de T&#x27;église du Périgord II. 66. —</Unicode>
        </TextEquiv>
      </TextLine>
      <TextLine id="eSc_line_40ae75d9" custom="structure {type:default;}">
        <Coords points="704,1704 704,1726 987,1731 989,1731 992,1731 994,1731 1009,1720 1014,1718 1036,1720 1117,1729 1120,1729 1122,1729 1166,1715 1166,1698 1159,1669 702,1671 704,1704"/>
        <Baseline points="704,1704 1166,1698"/>
        <TextEquiv conf="0.9999719709157944">
          <Unicode>„In eminenti sedis“.</Unicode>
        </TextEquiv>
      </TextLine>
      <TextLine id="eSc_line_ae49f99c" custom="structure {type:default;}">
        <Coords points="72,1764 72,1782 117,1802 119,1802 121,1804 174,1804 174,1802 176,1802 178,1802 178,1799 198,1782 201,1782 205,1782 267,1793 269,1793 322,1782 322,1760 318,1718 70,1704 72,1764"/>
        <Baseline points="72,1764 322,1760"/>
        <TextEquiv conf="0.9989926517009735">
          <Unicode>Sept. Oct.</Unicode>
        </TextEquiv>
      </TextLine>
      <TextLine id="eSc_line_257cc495" custom="structure {type:default;}">
        <Coords points="349,1762 349,1808 428,1808 448,1819 477,1837 479,1837 481,1837 483,1839 539,1839 539,1837 541,1837 543,1837 543,1835 545,1835 547,1830 554,1824 585,1835 587,1757 583,1713 433,1709 421,1698 421,1696 419,1696 417,1696 360,1696 357,1696 355,1696 353,1696 353,1698 346,1702 349,1762"/>
        <Baseline points="349,1762 587,1757"/>
        <TextEquiv conf="0.809443861246109">
          <Unicode>Perrariare</Unicode>
        </TextEquiv>
      </TextLine>
      <TextLine id="eSc_line_d65e1230" custom="structure {type:default;}">
        <Coords points="653,1757 653,1779 2613,1782 2615,1757 2613,1720 653,1726 653,1757"/>
        <Baseline points="653,1757 2615,1757"/>
        <TextEquiv conf="0.9936008151755276">
          <Unicode>16004 (9975) Ecclesiam Cerviensem tuendam suscipit, bonaque eius et iura confirmat,</Unicode>
        </TextEquiv>
      </TextLine>
      <TextLine id="eSc_line_4e7fc2f7" custom="structure {type:default;}">
        <Coords points="704,1815 704,1841 1120,1839 1122,1839 1146,1850 1148,1850 1151,1850 1153,1850 1190,1839 1199,1837 1210,1839 1250,1848 1252,1848 1535,1837 1551,1837 1555,1837 1657,1848 1659,1848 1802,1835 1813,1835 1829,1835 2052,1846 2054,1846 2333,1832 2558,1843 2560,1843 2562,1843 2618,1828 2618,1806 2611,1777 702,1784 704,1815"/>
        <Baseline points="704,1815 2618,1806"/>
        <TextEquiv conf="0.998753071549427">
          <Unicode>petente Thebaldo episcopo. („Dat. X. Octubris“). Fantuzzi Mon. Rav. IV. 283, (Migne</Unicode>
        </TextEquiv>
      </TextLine>
      <TextLine id="eSc_line_f384e4a5" custom="structure {type:default;}">
        <Coords points="704,1870 704,1888 1007,1899 1009,1899 1124,1888 1153,1899 1155,1899 1157,1899 1159,1899 1206,1885 1210,1885 1215,1885 1243,1896 1246,1896 1248,1899 1436,1899 1436,1896 1438,1896 1440,1896 1453,1885 1564,1896 1566,1896 1568,1896 1617,1883 1617,1866 1612,1839 1528,1826 1526,1826 1407,1837 1374,1826 1372,1826 1369,1826 1219,1837 1162,1826 1159,1826 1157,1826 1155,1826 1140,1839 748,1828 746,1828 744,1828 702,1841 704,1870"/>
        <Baseline points="704,1870 1617,1866"/>
        <TextEquiv conf="0.9867550730705261">
          <Unicode>202 p. 1524). — „In apostolice sedis“.</Unicode>
        </TextEquiv>
      </TextLine>
      <TextLine id="eSc_line_217343d8" custom="structure {type:default;}">
        <Coords points="90,1923 88,1983 190,1983 190,1980 192,1980 194,1980 194,1978 207,1967 223,1954 304,1954 309,1927 304,1885 90,1888 90,1923"/>
        <Baseline points="90,1923 309,1927"/>
        <TextEquiv conf="0.9885081648826599">
          <Unicode>Oct. 3.</Unicode>
        </TextEquiv>
      </TextLine>
      <TextLine id="eSc_line_accc1551" custom="structure {type:default;}">
        <Coords points="435,1945 435,1976 481,2002 483,2002 486,2005 525,2005 525,1945 525,1914 435,1914 435,1945"/>
        <Baseline points="435,1945 525,1945"/>
        <TextEquiv conf="1.0">
          <Unicode>„</Unicode>
        </TextEquiv>
      </TextLine>
      <TextLine id="eSc_line_f28b7a52" custom="structure {type:default;}">
        <Coords points="651,1925 651,1947 2611,1949 2615,1919 2609,1888 649,1892 651,1925"/>
        <Baseline points="651,1925 2615,1919"/>
        <TextEquiv conf="0.999998408119853">
          <Unicode>16005 (9976) B(alduinum), archiepiscopum Cantuariensem, apostolicae sedis legatum,</Unicode>
        </TextEquiv>
      </TextLine>
      <TextLine id="eSc_line_9ae5b360" custom="structure {type:default;}">
        <Coords points="704,1978 704,2002 2613,1996 2615,1972 2609,1945 702,1945 704,1978"/>
        <Baseline points="704,1978 2615,1972"/>
        <TextEquiv conf="0.9969426393508911">
          <Unicode>acerrime reprehendit, quod et iniurias inferre monachis Cantuariensibus et sua prae-</Unicode>
        </TextEquiv>
      </TextLine>
      <TextLine id="eSc_line_343c0137" custom="structure {type:default;}">
        <Coords points="704,2033 704,2058 2613,2049 2615,2025 2609,1998 702,2002 704,2033"/>
        <Baseline points="704,2033 2615,2025"/>
        <TextEquiv conf="0.9987828834557239">
          <Unicode>cepta negligere pergat. Haec minatur: „si ultra 30 dies praeceptum nostrum distu-</Unicode>
        </TextEquiv>
      </TextLine>
      <TextLine id="eSc_line_d66a8aaf" custom="structure {type:default;}">
        <Coords points="700,2091 700,2113 2613,2104 2615,2082 2609,2055 698,2062 700,2091"/>
        <Baseline points="700,2091 2615,2082"/>
        <TextEquiv conf="0.999993363092112">
          <Unicode>leris adimplere, nos suffraganeis tuis districte praecipiemus, ut sicut nobis obedien-</Unicode>
        </TextEquiv>
      </TextLine>
      <TextLine id="eSc_line_a553f061" custom="structure {type:default;}">
        <Coords points="702,2144 702,2166 2609,2159 2611,2137 2604,2104 700,2115 702,2144"/>
        <Baseline points="702,2144 2611,2137"/>
        <TextEquiv conf="0.9938634052688693">
          <Unicode>tiam debitam subtrahis, ita ipsi tibi omnem obedientiam et reverentiam denegent“.</Unicode>
        </TextEquiv>
      </TextLine>
      <TextLine id="eSc_line_f70a963f" custom="structure {type:default;}">
        <Coords points="698,2192 695,2212 724,2228 726,2228 729,2230 883,2230 883,2228 885,2228 888,2228 903,2217 923,2228 925,2228 927,2228 1217,2217 1288,2228 1290,2228 1292,2228 1323,2217 1374,2230 1376,2230 1378,2232 1513,2232 1513,2230 1515,2230 1517,2230 1535,2219 1948,2230 1950,2230 1953,2230 1986,2221 2017,2232 2019,2232 2021,2232 2098,2221 2609,2221 2613,2199 2611,2170 698,2164 698,2192"/>
        <Baseline points="698,2192 2613,2199"/>
        <TextEquiv conf="0.9943563521626484">
          <Unicode>Gervasii Imaginationes ap. Twysden H. A. Scr. I. 1320, Opp. hist. ed. Stubbs I. 60,</Unicode>
        </TextEquiv>
      </TextLine>
      <TextLine id="eSc_line_ade1493c" custom="structure {type:default;}">
        <Coords points="700,2252 700,2276 2618,2276 2618,2252 2615,2221 700,2221 700,2252"/>
        <Baseline points="700,2252 2618,2252"/>
        <TextEquiv conf="0.9999957904219627">
          <Unicode>(Gervasii Chron. 1187 ap. Twysden I. 1507, ed. Stubbs I. 383), Stubbs Chronicles</Unicode>
        </TextEquiv>
      </TextLine>
      <TextLine id="eSc_line_6594f61d" custom="structure {type:default;}">
        <Coords points="698,2305 695,2325 709,2336 709,2338 711,2338 713,2338 715,2338 718,2338 773,2325 863,2338 866,2338 868,2338 899,2325 954,2338 956,2338 958,2338 1045,2325 1129,2336 1131,2336 1133,2336 1151,2327 1159,2336 1159,2338 1162,2338 1164,2338 1166,2338 1168,2338 1215,2325 1290,2338 1292,2338 1429,2327 1442,2338 1442,2340 1444,2340 1447,2340 1449,2340 1528,2327 1595,2340 1597,2340 1847,2325 1849,2309 1847,2281 698,2276 698,2305"/>
        <Baseline points="698,2305 1849,2309"/>
        <TextEquiv conf="0.9994217196236486">
          <Unicode>II. 100, Migne 202 p. 1527. — „Si usque modo“.</Unicode>
        </TextEquiv>
      </TextLine>
      <TextLine id="eSc_line_b0d0ef96" custom="structure {type:default;}">
        <Coords points="125,2376 128,2424 205,2391 307,2418 311,2369 302,2314 234,2343 123,2338 125,2376"/>
        <Baseline points="125,2376 311,2369"/>
        <TextEquiv conf="0.9990308731794357">
          <Unicode>„ 3.</Unicode>
        </TextEquiv>
      </TextLine>
      <TextLine id="eSc_line_f42a16aa" custom="structure {type:default;}">
        <Coords points="439,2385 439,2404 468,2418 470,2418 472,2418 521,2407 521,2385 521,2230 439,2212 439,2385"/>
        <Baseline points="439,2385 521,2385"/>
        <TextEquiv conf="0.9980328679084778">
          <Unicode>„</Unicode>
        </TextEquiv>
      </TextLine>
      <TextLine id="eSc_line_cee39e45" custom="structure {type:default;}">
        <Coords points="651,2365 656,2398 667,2389 965,2396 1082,2398 1084,2398 1111,2396 1166,2387 1414,2391 1610,2396 1612,2396 2613,2380 2615,2356 2609,2327 649,2334 651,2365"/>
        <Baseline points="651,2365 2615,2356"/>
        <TextEquiv conf="0.9862614206292413">
          <Unicode>16006 (9977) (Reginaldo) Bathoniensi et (Seffrido) Cicestrensi episcopis atque abbatibus</Unicode>
        </TextEquiv>
      </TextLine>
      <TextLine id="eSc_line_5097123c" custom="structure {type:default;}">
        <Coords points="700,2418 700,2442 2613,2438 2615,2413 2609,2387 698,2389 700,2418"/>
        <Baseline points="700,2418 2615,2413"/>
        <TextEquiv conf="0.995109253968948">
          <Unicode>de Bello et Fauresham mandat haec: „si archiepiscopus Cantuariensis praeceptum</Unicode>
        </TextEquiv>
      </TextLine>
      <TextLine id="eSc_line_0bc25db2" custom="structure {type:default;}">
        <Coords points="702,2473 702,2495 1654,2506 1657,2506 1659,2506 1687,2493 1692,2493 1710,2493 1811,2504 1813,2504 2613,2491 2615,2468 2609,2440 700,2442 702,2473"/>
        <Baseline points="702,2473 2615,2468"/>
        <TextEquiv conf="0.9945592348834118">
          <Unicode>nostrum ultra 30 dies distulerit adimplere, vos universa executioni mandetis“. Ger-</Unicode>
        </TextEquiv>
      </TextLine>
      <TextLine id="eSc_line_a4b91e77" custom="structure {type:default;}">
        <Coords points="704,2528 704,2550 2613,2552 2615,2528 2615,2499 704,2499 704,2528"/>
        <Baseline points="704,2528 2615,2528"/>
        <TextEquiv conf="0.9965667400831058">
          <Unicode>vasii chronica 1187 ap. Twysden H. A. Scr. I. 1508, Opp. hist. ed. Stubbs I. 385,</Unicode>
        </TextEquiv>
      </TextLine>
      <TextLine id="eSc_line_b3c26736" custom="structure {type:default;}">
        <Coords points="698,2583 698,2605 2293,2605 2293,2583 2293,2555 698,2555 698,2583"/>
        <Baseline points="698,2583 2293,2583"/>
        <TextEquiv conf="0.9945996795127641">
          <Unicode>Stubbs Chronicles II. 102, Migne 202 p. 1528. — „Licet fratres et“.</Unicode>
        </TextEquiv>
      </TextLine>
      <TextLine id="eSc_line_1223cb28" custom="structure {type:default;}">
        <Coords points="128,2650 128,2665 309,2656 311,2645 304,2597 247,2599 245,2599 240,2601 205,2619 125,2610 128,2650"/>
        <Baseline points="128,2650 311,2645"/>
        <TextEquiv conf="0.9999979734420776">
          <Unicode>„ 3.</Unicode>
        </TextEquiv>
      </TextLine>
      <TextLine id="eSc_line_7596dc35" custom="structure {type:default;}">
        <Coords points="435,2672 521,2665 521,2654 517,2581 430,2550 435,2658 435,2672"/>
        <Baseline points="435,2658 521,2654"/>
        <TextEquiv conf="1.0">
          <Unicode>„</Unicode>
        </TextEquiv>
      </TextLine>
      <TextLine id="eSc_line_7f5d7305" custom="structure {type:default;}">
        <Coords points="653,2638 653,2663 2613,2658 2615,2634 2611,2608 1690,2597 1687,2597 1588,2608 1579,2610 651,2610 653,2638"/>
        <Baseline points="653,2638 2615,2634"/>
        <TextEquiv conf="0.9978128997392433">
          <Unicode>16007 (9978) Priori et conventui Cantuariensi concedit, „ut pendente lite inter eos et</Unicode>
        </TextEquiv>
      </TextLine>
      <TextLine id="eSc_line_09e09db6" custom="structure {type:default;}">
        <Coords points="704,2694 704,2718 2613,2711 2615,2687 2611,2661 702,2658 704,2694"/>
        <Baseline points="704,2694 2615,2687"/>
        <TextEquiv conf="0.9999811802154932">
          <Unicode>B(alduinum) archiepiscopum hic nullam in ecclesiam vel personas eorum excommu-</Unicode>
        </TextEquiv>
      </TextLine>
      <TextLine id="eSc_line_32573273" custom="structure {type:default;}">
        <Coords points="702,2749 702,2771 2613,2767 2615,2744 2609,2718 700,2720 702,2749"/>
        <Baseline points="702,2749 2615,2744"/>
        <TextEquiv conf="0.9999669655447915">
          <Unicode>nicationis, suspensionis vel interdicti sententiam audeat promulgare“. Gervasii Ima-</Unicode>
        </TextEquiv>
      </TextLine>
      <TextLine id="eSc_line_7cffc415" custom="structure {type:default;}">
        <Coords points="702,2806 702,2831 2134,2835 2136,2835 2138,2835 2163,2824 2167,2824 2613,2824 2615,2797 2609,2769 700,2775 702,2806"/>
        <Baseline points="702,2806 2615,2797"/>
        <TextEquiv conf="0.9929397468055997">
          <Unicode>ginationes ap. Twysden H. A. Scr. I. 1319, Opp. hist. ed. Stubbs I. 59, Stubbs Chro-</Unicode>
        </TextEquiv>
      </TextLine>
      <TextLine id="eSc_line_aef07382" custom="structure {type:default;}">
        <Coords points="702,2859 702,2884 1005,2892 1007,2892 1009,2892 1034,2884 1038,2881 1049,2884 1115,2892 1117,2892 1327,2881 1372,2879 1391,2881 1484,2890 1486,2890 1581,2879 1586,2879 1597,2888 1597,2890 1599,2890 1601,2890 1604,2892 1676,2892 1676,2890 1741,2879 1752,2877 1760,2879 1800,2888 1802,2888 1805,2890 2107,2890 2107,2888 2165,2875 2167,2853 2160,2824 700,2828 702,2859"/>
        <Baseline points="702,2859 2167,2853"/>
        <TextEquiv conf="0.9898800388459237">
          <Unicode>nicles II. 105, Migne 202 p. 1530. — „Cum venerabilis frater“.</Unicode>
        </TextEquiv>
      </TextLine>
      <TextLine id="eSc_line_5e9f7e7f" custom="structure {type:default;}">
        <Coords points="128,2923 130,2954 185,2932 220,2945 231,2950 234,2950 236,2950 307,2937 309,2917 302,2848 125,2868 128,2923"/>
        <Baseline points="128,2923 309,2917"/>
        <TextEquiv conf="0.9999981224536896">
          <Unicode>„ 3.</Unicode>
        </TextEquiv>
      </TextLine>
      <TextLine id="eSc_line_c82b223f" custom="structure {type:default;}">
        <Coords points="433,2928 430,2959 519,2959 521,2932 523,2848 435,2842 433,2928"/>
        <Baseline points="433,2928 521,2932"/>
        <TextEquiv conf="1.0">
          <Unicode>„</Unicode>
        </TextEquiv>
      </TextLine>
      <TextLine id="eSc_line_676f5d8d" custom="structure {type:default;}">
        <Coords points="653,2912 653,2937 2613,2932 2615,2908 2609,2879 2028,2879 1986,2868 1984,2868 1981,2868 1824,2879 1763,2868 1760,2868 1641,2881 1628,2884 1248,2884 1248,2881 1179,2870 1177,2870 1064,2881 1016,2870 1014,2870 1011,2870 1009,2870 974,2881 943,2870 941,2870 669,2870 667,2870 665,2870 662,2870 651,2877 653,2912"/>
        <Baseline points="653,2912 2615,2908"/>
        <TextEquiv conf="0.9908005907768156">
          <Unicode>16008 (9979) (Henricum), Anglorum regem, rogat, ne iniurias ecclesiae Cantuariensi</Unicode>
        </TextEquiv>
      </TextLine>
      <TextLine id="eSc_line_bba4d7e3" custom="structure {type:default;}">
        <Coords points="704,2970 704,2992 2613,2994 2615,2970 2615,2941 704,2939 704,2970"/>
        <Baseline points="704,2970 2615,2970"/>
        <TextEquiv conf="0.9970093579454855">
          <Unicode>inferri a Balduino archiepiscopo patiatur, quaeque iudices a sese constituti censuerint,</Unicode>
        </TextEquiv>
      </TextLine>
      <TextLine id="eSc_line_0d276d68" custom="structure {type:default;}">
        <Coords points="702,3021 702,3049 2613,3049 2615,3025 2613,2992 702,2987 702,3021"/>
        <Baseline points="702,3021 2615,3025"/>
        <TextEquiv conf="0.9944836732781963">
          <Unicode>iubeat. Stubbs Chronicles II. 104, (Gervasii chronica 1187 ap. Twysden H. A. Scr.</Unicode>
        </TextEquiv>
      </TextLine>
      <TextLine id="eSc_line_084fb8f8" custom="structure {type:default;}">
        <Coords points="702,3080 702,3102 2613,3100 2615,3074 2611,3040 700,3040 702,3080"/>
        <Baseline points="702,3080 2615,3074"/>
        <TextEquiv conf="0.9971950696660327">
          <Unicode>I. 1509, Opp. hist. ed. Stubbs I. 387, Migne 202 p. 1530). — „Licet universos</Unicode>
        </TextEquiv>
      </TextLine>
      <TextLine id="eSc_line_6c498f53" custom="structure {type:default;}">
        <Coords points="700,3133 700,3153 852,3162 855,3162 947,3142 947,3127 941,3093 698,3100 700,3133"/>
        <Baseline points="700,3133 947,3127"/>
        <TextEquiv conf="0.998645316470753">
          <Unicode>principes“.</Unicode>
        </TextEquiv>
      </TextLine>
      <TextLine id="eSc_line_f80b48c5" custom="structure {type:default;}">
        <Coords points="128,3195 128,3217 218,3202 309,3219 313,3191 307,3140 198,3157 125,3149 128,3195"/>
        <Baseline points="128,3195 313,3191"/>
        <TextEquiv conf="0.9999919235706329">
          <Unicode>„ 8.</Unicode>
        </TextEquiv>
      </TextLine>
      <TextLine id="eSc_line_4dafb291" custom="structure {type:default;}">
        <Coords points="435,3202 435,3208 477,3219 479,3219 481,3219 525,3204 525,3197 519,3171 433,3173 435,3202"/>
        <Baseline points="435,3202 525,3197"/>
        <TextEquiv conf="0.9999886155128479">
          <Unicode>„)</Unicode>
        </TextEquiv>
      </TextLine>
      <TextLine id="eSc_line_5da55282" custom="structure {type:default;}">
        <Coords points="656,3186 656,3213 1036,3213 1067,3224 1069,3224 1071,3224 1153,3213 1184,3224 1186,3224 1188,3224 1310,3210 1756,3221 1758,3221 1760,3221 1763,3221 1780,3210 1869,3221 1871,3221 1986,3208 2514,3219 2516,3219 2618,3204 2618,3180 2613,3151 653,3151 656,3186"/>
        <Baseline points="656,3186 2618,3180"/>
        <TextEquiv conf="0.9809389299359815">
          <Unicode>16009 (9980) Sententiam, a constitutis iudicibus, abbate S. Petri Mutinensi et magistro</Unicode>
        </TextEquiv>
      </TextLine>
      <TextLine id="eSc_line_02876b0f" custom="structure {type:default;}">
        <Coords points="707,3239 707,3268 2609,3268 2611,3239 2609,3208 707,3208 707,3239"/>
        <Baseline points="707,3239 2611,3239"/>
        <TextEquiv conf="0.9905046283462902">
          <Unicode>Rolando canonico Brixiensi, latam inter ecclesiam S. Michaelis Nonantulanam et S.</Unicode>
        </TextEquiv>
      </TextLine>
      <TextLine id="eSc_line_c14ec8ca" custom="structure {type:default;}">
        <Coords points="707,3292 707,3323 2613,3319 2615,3297 2613,3266 707,3255 707,3292"/>
        <Baseline points="707,3292 2615,3297"/>
        <TextEquiv conf="0.9996844268426662">
          <Unicode>Martini Caucinensem, confirmat. Tiraboschi St. di Non. II. 314, Migne 202 p. 1531.</Unicode>
        </TextEquiv>
      </TextLine>
      <TextLine id="eSc_line_c0b18d0d" custom="structure {type:default;}">
        <Coords points="707,3347 707,3367 775,3367 786,3376 786,3378 788,3378 790,3378 793,3378 927,3367 972,3378 974,3378 976,3380 1219,3380 1219,3378 1221,3378 1265,3365 1265,3347 1265,3321 707,3319 707,3347"/>
        <Baseline points="707,3347 1265,3347"/>
        <TextEquiv conf="0.9769223467870192">
          <Unicode>— „Cum controversiae“.</Unicode>
        </TextEquiv>
      </TextLine>
      <TextLine id="eSc_line_fa624432" custom="structure {type:default;}">
        <Coords points="132,3411 132,3433 156,3442 159,3442 161,3442 163,3442 165,3442 165,3440 167,3440 170,3436 178,3427 218,3427 240,3440 247,3445 249,3445 251,3445 254,3445 256,3445 265,3440 282,3433 309,3442 313,3403 307,3358 130,3380 132,3411"/>
        <Baseline points="132,3411 313,3403"/>
        <TextEquiv conf="0.9999999046325684">
          <Unicode>„ 13.</Unicode>
        </TextEquiv>
      </TextLine>
      <TextLine id="eSc_line_7e575db2" custom="structure {type:default;}">
        <Coords points="421,3422 421,3427 468,3442 470,3442 472,3442 475,3442 525,3425 525,3418 519,3392 419,3394 421,3422"/>
        <Baseline points="421,3422 525,3418"/>
        <TextEquiv conf="0.9802092909812927">
          <Unicode>„)</Unicode>
        </TextEquiv>
      </TextLine>
      <TextLine id="eSc_line_1af5c762" custom="structure {type:default;}">
        <Coords points="653,3409 653,3431 2613,3422 2613,3400 2607,3369 2008,3372 1990,3369 1906,3361 1904,3361 1771,3372 1756,3372 1752,3372 1718,3361 1716,3361 1714,3361 1712,3361 1679,3372 1674,3372 1628,3372 1201,3363 1199,3363 651,3374 653,3409"/>
        <Baseline points="653,3409 2613,3400"/>
        <TextEquiv conf="0.9963870266588722">
          <Unicode>16010 (9981) Monasterii S. Zenonis Veronensis patrocinium suscipit et possessiones</Unicode>
        </TextEquiv>
      </TextLine>
      <TextLine id="eSc_line_4c3ae949" custom="structure {type:default;}">
        <Coords points="707,3456 704,3484 2602,3489 2607,3460 2604,3427 707,3420 707,3456"/>
        <Baseline points="707,3456 2607,3460"/>
        <TextEquiv conf="0.9969558451749101">
          <Unicode>privilegiaque confirmat, petente Hugone abbate. Biancolini Ser. d. Vesc. p. 78,</Unicode>
        </TextEquiv>
      </TextLine>
      <TextLine id="eSc_line_3f40132e" custom="structure {type:default;}">
        <Coords points="707,3509 704,3537 751,3555 753,3555 755,3555 972,3542 1210,3557 1212,3559 1577,3559 1577,3557 1579,3557 1581,3557 1597,3546 1734,3555 1736,3555 1805,3544 1842,3559 1844,3559 1847,3562 2050,3562 2050,3559 2052,3559 2054,3559 2076,3544 2198,3544 2218,3557 2220,3557 2222,3557 2224,3557 2227,3557 2271,3544 2543,3544 2545,3513 2543,3484 707,3478 707,3509"/>
        <Baseline points="707,3509 2545,3513"/>
        <TextEquiv conf="0.9968628829870468">
          <Unicode>Ughelli It. sacr. V. 810, Migne 202 p. 1532. — „Effectum iusta postulantibus“.</Unicode>
        </TextEquiv>
      </TextLine>
    </TextRegion>
    <TextRegion id="eSc_textblock_40ee3e96"  custom="structure {type:default;}">
      <Coords points="921,159 1718,159 1771,167 1780,245 963,271 892,253 921,159"/>
      <TextLine id="eSc_line_1e6ba1ad" custom="structure {type:default;}">
        <Coords points="914,227 912,262 1175,267 1177,267 1179,267 1204,258 1235,247 1257,258 1281,269 1283,269 1285,269 1288,269 1316,256 1332,249 1394,249 1409,253 1458,271 1460,271 1462,271 1555,267 1557,267 1559,267 1559,265 1575,251 1575,249 1579,251 1617,267 1619,267 1621,267 1747,247 1749,231 1747,183 914,178 914,227"/>
        <Baseline points="914,227 1749,231"/>
        <TextEquiv conf="0.995403287311395">
          <Unicode>I&#x27;RBANUS III. 1185—1187.</Unicode>
        </TextEquiv>
      </TextLine>
    </TextRegion>
    <TextRegion id="eSc_textblock_0882013a"  custom="structure {type:default;}">
      <Coords points="2501,167 2644,176 2662,236 2487,262 2470,203 2501,167"/>
      <TextLine id="eSc_line_c4d54c18" custom="structure {type:default;}">
        <Coords points="2496,229 2496,260 2615,260 2615,225 2609,181 2494,183 2496,229"/>
        <Baseline points="2496,229 2615,225"/>
        <TextEquiv conf="1.0">
          <Unicode>527</Unicode>
        </TextEquiv>
      </TextLine>
    </TextRegion>
  </Page>
</PcGts>
