<?xml version="1.0" encoding="UTF-8"  standalone="yes"?>
<PcGts xmlns="http://schema.primaresearch.org/PAGE/gts/pagecontent/2019-07-15" xmlns:xsi="http://www.w3.org/2001/XMLSchema-instance" xsi:schemaLocation="http://schema.primaresearch.org/PAGE/gts/pagecontent/2019-07-15 http://schema.primaresearch.org/PAGE/gts/pagecontent/2019-07-15/pagecontent.xsd">
  <Metadata externalRef="pdf//regestapontificu02cath.pdf">
	<Creator>escriptorium</Creator>
	<Created>2026-01-31T10:45:32.889439+00:00</Created>
        <LastChange>2026-02-04T23:48:58.155669+00:00</LastChange>
  </Metadata>
  <Page imageFilename="regestapontificu02cath.pdf_page_637.png" imageWidth="3007" imageHeight="3975">
    <TextRegion id="eSc_textblock_1a9758ef"  custom="structure {type:default;}">
      <Coords points="2412,291 2680,300 2680,412 2653,415 2680,503 2680,571 2653,565 2680,792 2653,786 2653,836 2688,918 2653,962 2680,1060 2653,1113 2680,1386 2653,1448 2680,1722 2671,3566 280,3592 88,3566 61,2250 88,353 307,335 333,388 353,326 607,344 627,309 698,300 2412,291"/>
      <TextLine id="eSc_line_1878f2a0" custom="structure {type:default;}">
        <Coords points="614,326 616,366 616,388 2174,386 2174,353 2167,304 627,311 614,326"/>
        <Baseline points="616,366 2174,353"/>
        <TextEquiv conf="0.9890856793948583">
          <Unicode>1196. (Ind. 14, pont. a. 5. — 11. 4„r. — 6, 1195.  25. Mart. — 11961.)</Unicode>
        </TextEquiv>
      </TextLine>
      <TextLine id="eSc_line_7155e8ae" custom="structure {type:default;}">
        <Coords points="645,428 645,452 1425,461 1427,461 1926,448 2209,457 2211,457 2280,446 2551,454 2554,454 2607,441 2607,417 2602,382 2410,368 2408,368 2266,379 2213,368 2211,368 2209,368 2156,382 1478,373 1475,373 1087,386 1045,375 1042,375 1040,375 1038,375 1036,375 1014,388 722,377 720,377 642,390 645,428"/>
        <Baseline points="645,428 2607,417"/>
        <TextEquiv conf="0.9938846272091533">
          <Unicode>17407 Archipresbytero et priori S. Maioli Papiensis propter A. abbatissae monialiumque</Unicode>
        </TextEquiv>
      </TextLine>
      <TextLine id="eSc_line_f7201582" custom="structure {type:default;}">
        <Coords points="90,430 90,459 313,457 313,426 311,382 278,364 276,364 223,364 220,364 218,364 216,364 198,377 192,382 88,375 90,430"/>
        <Baseline points="90,430 313,426"/>
        <TextEquiv conf="0.9592291489243507">
          <Unicode>lun. 21.</Unicode>
        </TextEquiv>
      </TextLine>
      <TextLine id="eSc_line_4a6b4c6f" custom="structure {type:default;}">
        <Coords points="360,430 360,488 570,507 572,426 565,382 444,388 430,377 430,375 428,375 426,375 355,368 360,430"/>
        <Baseline points="360,430 572,426"/>
        <TextEquiv conf="0.9394115209579468">
          <Unicode>Laterant.</Unicode>
        </TextEquiv>
      </TextLine>
      <TextLine id="eSc_line_aceafbb6" custom="structure {type:default;}">
        <Coords points="695,481 695,510 2607,501 2609,472 2602,443 693,446 695,481"/>
        <Baseline points="695,481 2609,472"/>
        <TextEquiv conf="0.9933861101545939">
          <Unicode>discordiam monasterium Theodotae Papiense usque ad biennium committit, quod refor-</Unicode>
        </TextEquiv>
      </TextLine>
      <TextLine id="eSc_line_2e0b09bc" custom="structure {type:default;}">
        <Coords points="695,536 695,558 2222,552 2224,530 2218,496 693,501 695,536"/>
        <Baseline points="695,536 2224,530"/>
        <TextEquiv conf="0.9936935110170333">
          <Unicode>metur. Pflugk-Harttung Acta III. 404. — „Cum immineat nobis“.</Unicode>
        </TextEquiv>
      </TextLine>
      <TextLine id="eSc_line_f22d445a" custom="structure {type:default;}">
        <Coords points="649,591 649,611 1676,618 1679,618 1774,607 1787,607 1802,607 1942,618 1944,618 1946,618 1981,607 1984,607 2045,618 2048,618 2185,605 2204,605 2229,605 2401,616 2403,616 2607,602 2609,583 2604,543 2123,543 2121,543 2118,543 2116,543 2112,547 2101,554 1871,549 1628,545 1626,545 1588,552 1568,556 1460,554 1188,547 1186,547 1111,558 1100,558 1060,558 669,549 667,549 665,549 662,549 647,556 649,591"/>
        <Baseline points="649,591 2609,583"/>
        <TextEquiv conf="0.9999955126217434">
          <Unicode>17408 Capellae ducis S. Mariae Divionensis, ab Hugone quondam duce Burgundiae</Unicode>
        </TextEquiv>
      </TextLine>
      <TextLine id="eSc_line_fe51156c" custom="structure {type:default;}">
        <Coords points="128,600 128,624 313,620 313,596 309,543 225,538 223,538 220,538 218,538 203,552 192,558 125,558 128,600"/>
        <Baseline points="128,600 313,596"/>
        <TextEquiv conf="0.9882698059082031">
          <Unicode>„ 24.</Unicode>
        </TextEquiv>
      </TextLine>
      <TextLine id="eSc_line_ae5f810d" custom="structure {type:default;}">
        <Coords points="444,607 444,627 523,631 523,600 519,560 490,552 488,552 486,552 483,552 439,567 444,607"/>
        <Baseline points="444,607 523,600"/>
        <TextEquiv conf="0.9999876022338867">
          <Unicode>„</Unicode>
        </TextEquiv>
      </TextLine>
      <TextLine id="eSc_line_9a9a058f" custom="structure {type:default;}">
        <Coords points="700,644 700,677 2607,664 2609,636 2604,609 698,609 700,644"/>
        <Baseline points="700,644 2609,636"/>
        <TextEquiv conf="0.9997750319630266">
          <Unicode>fundatae ac soli ecclesiae Romanae subiectae, possessiones et privilegia confirmat.</Unicode>
        </TextEquiv>
      </TextLine>
      <TextLine id="eSc_line_6d0020a3" custom="structure {type:default;}">
        <Coords points="702,700 702,726 2607,728 2611,693 2604,660 700,662 702,700"/>
        <Baseline points="702,700 2611,693"/>
        <TextEquiv conf="0.9999541819095612">
          <Unicode>Mém. de la comm. de la C5te-d&#x27;Or VI. 171, (Pérard Recueil p. 579 perperam bullam</Unicode>
        </TextEquiv>
      </TextLine>
      <TextLine id="eSc_line_9b0c3e2b" custom="structure {type:default;}">
        <Coords points="698,755 698,772 1199,783 1201,783 1301,772 1316,783 1319,783 1321,783 1323,783 1433,770 1442,770 1444,770 1453,779 1453,781 1455,781 1458,781 1460,783 1663,783 1663,781 1665,781 1668,781 1681,770 1705,781 1707,781 1710,783 1906,783 1906,781 1908,781 1955,768 1955,750 1950,715 695,711 698,755"/>
        <Baseline points="698,755 1955,750"/>
        <TextEquiv conf="0.9893838475857463">
          <Unicode>Coelestino V. ascribit). — „Piae postulatio voluntatis“.</Unicode>
        </TextEquiv>
      </TextLine>
      <TextLine id="eSc_line_99fd77d2" custom="structure {type:default;}">
        <Coords points="651,812 651,836 2611,836 2613,801 2607,759 1824,772 1710,768 1566,764 1564,764 1464,772 1418,775 1265,775 673,768 671,768 669,768 649,777 651,812"/>
        <Baseline points="651,812 2613,801"/>
        <TextEquiv conf="0.9968607327517341">
          <Unicode>17409 (10599) Monasterii S. Trinitatis Fiscanensis, Romano tantum pontifici subiecti,</Unicode>
        </TextEquiv>
      </TextLine>
      <TextLine id="eSc_line_574d05e2" custom="structure {type:default;}">
        <Coords points="132,819 132,841 313,841 313,812 311,777 247,748 245,748 243,748 240,748 238,748 190,779 187,781 130,781 132,819"/>
        <Baseline points="132,819 313,812"/>
        <TextEquiv conf="0.9999999284744263">
          <Unicode>„ 25.</Unicode>
        </TextEquiv>
      </TextLine>
      <TextLine id="eSc_line_1d041b68" custom="structure {type:default;}">
        <Coords points="444,825 444,843 523,850 525,825 525,788 444,788 444,825"/>
        <Baseline points="444,825 525,825"/>
        <TextEquiv conf="1.0">
          <Unicode>„</Unicode>
        </TextEquiv>
      </TextLine>
      <TextLine id="eSc_line_c2585265" custom="structure {type:default;}">
        <Coords points="702,865 702,894 2609,881 2611,852 2604,823 700,832 702,865"/>
        <Baseline points="702,865 2611,852"/>
        <TextEquiv conf="0.99699768084514">
          <Unicode>privilegia possessionesque confirmat. Neustria pia p. 242, Migne 206 p. 1173. —</Unicode>
        </TextEquiv>
      </TextLine>
      <TextLine id="eSc_line_0e957313" custom="structure {type:default;}">
        <Coords points="704,923 704,940 1166,936 1168,918 1162,878 702,885 704,923"/>
        <Baseline points="704,923 1168,918"/>
        <TextEquiv conf="0.9981013327836991">
          <Unicode>„Licet ex iniuncto“.</Unicode>
        </TextEquiv>
      </TextLine>
      <TextLine id="eSc_line_f5bf7392" custom="structure {type:default;}">
        <Coords points="132,980 132,1020 315,1020 315,976 313,942 282,920 280,920 278,920 231,920 229,920 227,920 225,920 194,945 190,947 130,947 132,980"/>
        <Baseline points="132,980 315,976"/>
        <TextEquiv conf="0.9998294591903687">
          <Unicode>„ 26.</Unicode>
        </TextEquiv>
      </TextLine>
      <TextLine id="eSc_line_02558ca1" custom="structure {type:default;}">
        <Coords points="651,980 651,998 976,1009 978,1009 1058,998 1067,995 2618,993 2618,969 2615,936 2565,920 2562,920 2560,920 2368,934 2271,920 2269,920 2187,938 2171,938 1787,938 1785,938 1769,927 1767,927 1765,927 1615,925 1612,925 1610,925 1577,938 1484,925 1482,925 1480,925 1433,940 1431,940 1427,940 1338,927 1336,927 1334,927 1299,938 1142,927 1140,927 1137,927 1091,938 1056,927 1053,927 1051,927 1049,927 1005,942 1003,942 1000,942 978,931 976,931 786,929 784,929 649,942 651,980"/>
        <Baseline points="651,980 2618,969"/>
        <TextEquiv conf="0.9999961914687321">
          <Unicode>17410 (10600) Monasterii S. Mariae Vangaditiensis possessiones et privilegia confirmat,</Unicode>
        </TextEquiv>
      </TextLine>
      <TextLine id="eSc_line_8252f962" custom="structure {type:default;}">
        <Coords points="439,991 439,1040 545,1024 545,987 539,936 437,938 439,991"/>
        <Baseline points="439,991 545,987"/>
        <TextEquiv conf="1.0">
          <Unicode>„</Unicode>
        </TextEquiv>
      </TextLine>
      <TextLine id="eSc_line_fb9b8f80" custom="structure {type:default;}">
        <Coords points="704,1031 704,1066 2613,1048 2615,1022 2609,993 702,998 704,1031"/>
        <Baseline points="704,1031 2615,1022"/>
        <TextEquiv conf="0.999525638320778">
          <Unicode>petente Alicho abbate. Mittarelli Ann. Cam. IV. app. p. 202, Migne 206 p. 1176.</Unicode>
        </TextEquiv>
      </TextLine>
      <TextLine id="eSc_line_de7ecfde" custom="structure {type:default;}">
        <Coords points="704,1079 702,1095 788,1113 1093,1115 1095,1115 1319,1099 1321,1084 1319,1044 704,1044 704,1079"/>
        <Baseline points="704,1079 1321,1084"/>
        <TextEquiv conf="0.9999771141088926">
          <Unicode>— „Apostolicae sedis cui“.</Unicode>
        </TextEquiv>
      </TextLine>
      <TextLine id="eSc_line_be608935" custom="structure {type:default;}">
        <Coords points="656,1139 656,1179 802,1161 874,1161 901,1177 903,1177 905,1177 908,1177 934,1177 1224,1159 1418,1170 1522,1174 1524,1174 1526,1174 1553,1168 1586,1159 1992,1161 2582,1166 2585,1166 2587,1166 2620,1152 2620,1130 2615,1093 682,1093 680,1093 678,1093 653,1101 656,1139"/>
        <Baseline points="656,1139 2620,1130"/>
        <TextEquiv conf="0.9972413175246295">
          <Unicode>17411 Propter discordias inter episcopos Bathonienses et abbates Glastonienses termi-</Unicode>
        </TextEquiv>
      </TextLine>
      <TextLine id="eSc_line_7fa4c3fd" custom="structure {type:default;}">
        <Coords points="139,1146 139,1179 307,1183 309,1139 302,1095 136,1097 139,1146"/>
        <Baseline points="139,1146 309,1139"/>
        <TextEquiv conf="0.9972798347473144">
          <Unicode>„ 26.</Unicode>
        </TextEquiv>
      </TextLine>
      <TextLine id="eSc_line_a0e4e124" custom="structure {type:default;}">
        <Coords points="441,1154 441,1181 528,1181 528,1150 521,1095 437,1095 441,1154"/>
        <Baseline points="441,1154 528,1150"/>
        <TextEquiv conf="0.9999343156814575">
          <Unicode>„</Unicode>
        </TextEquiv>
      </TextLine>
      <TextLine id="eSc_line_517be543" custom="structure {type:default;}">
        <Coords points="707,1192 707,1214 1283,1225 1285,1225 1288,1225 1319,1214 1321,1214 1325,1214 1427,1225 1429,1225 1573,1214 1575,1214 1643,1225 1646,1225 1707,1212 1714,1212 1723,1212 1763,1223 1765,1223 1767,1223 2618,1210 2620,1188 2613,1154 704,1163 707,1192"/>
        <Baseline points="707,1192 2620,1188"/>
        <TextEquiv conf="0.9982785725895362">
          <Unicode>nandas, rogatu Richardi, Anglorum regis, Huberti archiepiscopi Cantuariensis et</Unicode>
        </TextEquiv>
      </TextLine>
      <TextLine id="eSc_line_68d510d5" custom="structure {type:default;}">
        <Coords points="713,1249 713,1276 2620,1269 2622,1243 2615,1212 711,1214 713,1249"/>
        <Baseline points="713,1249 2622,1243"/>
        <TextEquiv conf="0.9951451264999129">
          <Unicode>Willelmi episcopi Eliensis, apostolicae sedis legati, statuit, ut ecclesiae Bathoniensis</Unicode>
        </TextEquiv>
      </TextLine>
      <TextLine id="eSc_line_51026c0c" custom="structure {type:default;}">
        <Coords points="707,1302 707,1325 2618,1322 2620,1298 2613,1265 704,1267 707,1302"/>
        <Baseline points="707,1302 2620,1298"/>
        <TextEquiv conf="0.990619455711751">
          <Unicode>et Glastoniensis uniantur et utraque cathedralis de cetero habeatur: bona earum</Unicode>
        </TextEquiv>
      </TextLine>
      <TextLine id="eSc_line_28488bf0" custom="structure {type:default;}">
        <Coords points="704,1358 704,1382 2620,1378 2622,1353 2615,1318 702,1329 704,1358"/>
        <Baseline points="704,1358 2622,1353"/>
        <TextEquiv conf="0.9976808157834139">
          <Unicode>confirmat, bulla ad Savaricum episcopum. Adami de Domerham Hist. Glaston. ed.</Unicode>
        </TextEquiv>
      </TextLine>
      <TextLine id="eSc_line_9f32bd73" custom="structure {type:default;}">
        <Coords points="707,1411 707,1433 795,1448 797,1448 874,1435 908,1446 910,1446 912,1446 1142,1435 1153,1444 1153,1446 1155,1446 1157,1446 1330,1448 1332,1448 1634,1433 1634,1411 1634,1382 707,1375 707,1411"/>
        <Baseline points="707,1411 1634,1411"/>
        <TextEquiv conf="0.9992247208168632">
          <Unicode>Hearne II. 361. — „In eminenti sedis“.</Unicode>
        </TextEquiv>
      </TextLine>
      <TextLine id="eSc_line_5b132ea3" custom="structure {type:default;}">
        <Coords points="651,1472 651,1490 2624,1490 2624,1461 2618,1426 649,1435 651,1472"/>
        <Baseline points="651,1472 2624,1461"/>
        <TextEquiv conf="0.9965956294083897">
          <Unicode>17412 Prioribus et monachis Glastoniensibus nuntiat, ecclesiam eorum cum Batho-</Unicode>
        </TextEquiv>
      </TextLine>
      <TextLine id="eSc_line_4b9f68b1" custom="structure {type:default;}">
        <Coords points="136,1475 136,1501 315,1501 315,1470 311,1375 258,1369 256,1369 254,1369 212,1382 209,1382 209,1384 190,1404 176,1419 134,1419 136,1475"/>
        <Baseline points="136,1475 315,1470"/>
        <TextEquiv conf="0.9898313999176025">
          <Unicode>„ 28.</Unicode>
        </TextEquiv>
      </TextLine>
      <TextLine id="eSc_line_976ee940" custom="structure {type:default;}">
        <Coords points="457,1479 457,1523 561,1517 563,1477 561,1455 455,1453 457,1479"/>
        <Baseline points="457,1479 563,1477"/>
        <TextEquiv conf="1.0">
          <Unicode>„</Unicode>
        </TextEquiv>
      </TextLine>
      <TextLine id="eSc_line_49fa6850" custom="structure {type:default;}">
        <Coords points="707,1523 707,1545 2620,1539 2622,1517 2618,1481 744,1479 742,1479 740,1479 704,1490 707,1523"/>
        <Baseline points="707,1523 2622,1517"/>
        <TextEquiv conf="0.981034428240305">
          <Unicode>niensi unitam esse ita, ut utraque sedes cathedralis habeatur. Praecipit, ut S(ava-</Unicode>
        </TextEquiv>
      </TextLine>
      <TextLine id="eSc_line_8ba7c195" custom="structure {type:default;}">
        <Coords points="707,1578 707,1603 1000,1614 1003,1614 1067,1603 1082,1614 1084,1614 1087,1614 1089,1614 1219,1601 1232,1601 1254,1601 1469,1612 1471,1612 1526,1598 1533,1598 1562,1598 1763,1609 1765,1609 1767,1609 1769,1609 1785,1598 1787,1598 1796,1598 2185,1607 2187,1607 2189,1607 2238,1594 2246,1594 2273,1594 2434,1605 2436,1605 2620,1592 2622,1567 2615,1537 704,1550 707,1578"/>
        <Baseline points="707,1578 2622,1567"/>
        <TextEquiv conf="0.9944576160817207">
          <Unicode>rico) episcopo debitam obedientiam exhibeant nec „in electionem abbatis prorum-</Unicode>
        </TextEquiv>
      </TextLine>
      <TextLine id="eSc_line_de4caad7" custom="structure {type:default;}">
        <Coords points="709,1634 709,1662 2620,1660 2622,1623 2615,1594 707,1596 709,1634"/>
        <Baseline points="709,1634 2622,1623"/>
        <TextEquiv conf="0.9914678010759475">
          <Unicode>pere“ praesumant; alioquin sententiam ab episcopo in inobedientes prolatam sese</Unicode>
        </TextEquiv>
      </TextLine>
      <TextLine id="eSc_line_e9a9369b" custom="structure {type:default;}">
        <Coords points="711,1689 711,1713 2615,1704 2618,1680 2611,1649 709,1656 711,1689"/>
        <Baseline points="711,1689 2618,1680"/>
        <TextEquiv conf="0.9998888930207804">
          <Unicode>ratam habiturum esse. Adami de Domerham Hist. Glaston. ed. Hearne II. 366. —</Unicode>
        </TextEquiv>
      </TextLine>
      <TextLine id="eSc_line_1501b15c" custom="structure {type:default;}">
        <Coords points="709,1744 709,1766 720,1775 722,1775 724,1775 726,1775 846,1762 859,1762 863,1762 910,1775 912,1775 914,1775 980,1762 989,1760 992,1762 1007,1773 1009,1773 1011,1773 1014,1775 1137,1775 1137,1773 1232,1757 1235,1740 1230,1713 744,1704 742,1704 740,1704 707,1715 709,1744"/>
        <Baseline points="709,1744 1235,1740"/>
        <TextEquiv conf="0.9999984827908602">
          <Unicode>„Cum inter episcopos“.</Unicode>
        </TextEquiv>
      </TextLine>
      <TextLine id="eSc_line_2a44e15d" custom="structure {type:default;}">
        <Coords points="101,1799 101,1826 170,1837 172,1837 174,1837 185,1832 214,1821 318,1841 320,1795 311,1729 254,1744 187,1740 119,1735 117,1735 114,1735 112,1735 99,1742 101,1799"/>
        <Baseline points="101,1799 320,1795"/>
        <TextEquiv conf="0.986119202205113">
          <Unicode>lul. 9.</Unicode>
        </TextEquiv>
      </TextLine>
      <TextLine id="eSc_line_84951f51" custom="structure {type:default;}">
        <Coords points="656,1804 656,1835 2624,1815 2626,1788 2620,1755 653,1762 656,1804"/>
        <Baseline points="656,1804 2626,1788"/>
        <TextEquiv conf="0.9941930556020071">
          <Unicode>17413 Canonicis S. Petri Insulanis concedit, ut tempore generalis interdicti, exclusis</Unicode>
        </TextEquiv>
      </TextLine>
      <TextLine id="eSc_line_2d492ecc" custom="structure {type:default;}">
        <Coords points="459,1810 459,1832 547,1817 547,1806 543,1771 455,1760 459,1810"/>
        <Baseline points="459,1810 547,1806"/>
        <TextEquiv conf="1.0">
          <Unicode>„</Unicode>
        </TextEquiv>
      </TextLine>
      <TextLine id="eSc_line_8bcd55fd" custom="structure {type:default;}">
        <Coords points="709,1852 709,1881 2624,1881 2626,1843 2620,1813 707,1817 709,1852"/>
        <Baseline points="709,1852 2626,1843"/>
        <TextEquiv conf="0.9999804860208092">
          <Unicode>excommunicatis et interdictis, non pulsatis campanis, summissa voce divina officia</Unicode>
        </TextEquiv>
      </TextLine>
      <TextLine id="eSc_line_900c7a4e" custom="structure {type:default;}">
        <Coords points="709,1905 709,1925 729,1936 731,1936 733,1938 916,1938 916,1936 919,1936 921,1936 936,1925 994,1936 996,1936 1473,1925 1511,1936 1513,1936 1515,1936 1517,1936 1520,1936 1533,1925 1557,1936 1559,1936 1562,1936 1654,1925 1862,1936 1864,1936 1942,1925 1988,1936 1990,1936 1992,1936 2094,1923 2094,1905 2094,1877 709,1877 709,1905"/>
        <Baseline points="709,1905 2094,1905"/>
        <TextEquiv conf="0.9988357424736023">
          <Unicode>celebrent. Pflugk-Harttung Acta I. 376. — „Cum a nobis“.</Unicode>
        </TextEquiv>
      </TextLine>
      <TextLine id="eSc_line_3ae0b149" custom="structure {type:default;}">
        <Coords points="148,1969 148,1996 320,1987 320,1961 313,1914 145,1930 148,1969"/>
        <Baseline points="148,1969 320,1961"/>
        <TextEquiv conf="0.9999969005584717">
          <Unicode>„ 11.</Unicode>
        </TextEquiv>
      </TextLine>
      <TextLine id="eSc_line_fc337015" custom="structure {type:default;}">
        <Coords points="653,1969 653,1989 1372,1998 1374,1998 1458,1987 1491,1998 1493,1998 1495,1998 1915,1994 1917,1994 1919,1994 1935,1983 2010,1994 2012,1994 2085,1980 2090,1980 2123,1980 2589,1989 2591,1989 2593,1989 2626,1976 2626,1954 2620,1923 1829,1927 1805,1916 1802,1916 1800,1916 1798,1916 1796,1916 1778,1930 1774,1930 1754,1930 1566,1919 1564,1919 1562,1919 1559,1919 1542,1930 1444,1921 1442,1921 1391,1932 1389,1932 1387,1932 1285,1921 1283,1921 1215,1934 1208,1934 1186,1934 934,1923 932,1923 671,1925 669,1925 667,1925 651,1932 653,1969"/>
        <Baseline points="653,1969 2626,1954"/>
        <TextEquiv conf="0.9856349336249488">
          <Unicode>17414 (10601) Alberto, episcopo Vercellensi, et Petro, abbati Locediensi, mandat, ut</Unicode>
        </TextEquiv>
      </TextLine>
      <TextLine id="eSc_line_f8977d29" custom="structure {type:default;}">
        <Coords points="457,1994 567,2005 570,1972 570,1916 459,1885 457,1972 457,1994"/>
        <Baseline points="457,1972 570,1972"/>
        <TextEquiv conf="1.0">
          <Unicode>„</Unicode>
        </TextEquiv>
      </TextLine>
      <TextLine id="eSc_line_16bbda0d" custom="structure {type:default;}">
        <Coords points="713,2020 713,2044 2626,2036 2629,2011 2622,1980 711,1987 713,2020"/>
        <Baseline points="713,2020 2629,2011"/>
        <TextEquiv conf="0.9988538298425795">
          <Unicode>pacem inter Bonifacium archiepiscopum et canonicos Ianuenses componant. Ughelli</Unicode>
        </TextEquiv>
      </TextLine>
      <TextLine id="eSc_line_aa9d8f78" custom="structure {type:default;}">
        <Coords points="711,2073 711,2093 1106,2104 1109,2104 1111,2104 1113,2104 1129,2093 1131,2093 1212,2104 1215,2104 1279,2091 1290,2091 1356,2091 1763,2102 1765,2102 2193,2100 2196,2100 2198,2100 2211,2089 2216,2089 2353,2100 2355,2100 2443,2086 2445,2067 2439,2036 709,2040 711,2073"/>
        <Baseline points="711,2073 2445,2067"/>
        <TextEquiv conf="0.9902876795154728">
          <Unicode>It. sacr. IV. 881, Migne 206 p. 1178. — „Laudabile propositum bonitatis“.</Unicode>
        </TextEquiv>
      </TextLine>
      <TextLine id="eSc_line_5e87f862" custom="structure {type:default;}">
        <Coords points="660,2128 660,2150 2626,2146 2629,2124 2624,2095 1657,2084 1654,2084 1652,2084 1610,2095 680,2086 678,2086 676,2086 673,2086 658,2093 660,2128"/>
        <Baseline points="660,2128 2629,2124"/>
        <TextEquiv conf="0.9930190451173897">
          <Unicode>17415 (10602) Monasterii S. Iohannis Ambianensis possessiones confirmat. Hugo O. P.</Unicode>
        </TextEquiv>
      </TextLine>
      <TextLine id="eSc_line_395c6086" custom="structure {type:default;}">
        <Coords points="141,2131 141,2157 229,2142 251,2146 293,2157 296,2157 298,2157 300,2157 302,2157 322,2139 322,2126 318,2093 139,2091 141,2131"/>
        <Baseline points="141,2131 322,2126"/>
        <TextEquiv conf="0.9999962329864502">
          <Unicode>„ 12.</Unicode>
        </TextEquiv>
      </TextLine>
      <TextLine id="eSc_line_8ddd9861" custom="structure {type:default;}">
        <Coords points="457,2139 457,2168 532,2159 532,2135 528,2100 477,2089 475,2089 472,2089 452,2097 457,2139"/>
        <Baseline points="457,2139 532,2135"/>
        <TextEquiv conf="1.0">
          <Unicode>„</Unicode>
        </TextEquiv>
      </TextLine>
      <TextLine id="eSc_line_a9769144" custom="structure {type:default;}">
        <Coords points="715,2184 715,2201 1259,2217 1261,2217 1263,2217 1296,2201 1327,2214 1330,2214 1332,2214 1469,2199 1482,2199 1484,2199 1497,2212 1500,2212 1502,2212 1504,2212 1577,2199 1581,2199 1584,2199 1599,2212 1601,2212 1604,2212 1676,2214 1679,2214 1681,2214 1683,2214 1707,2199 1710,2199 1787,2199 1789,2199 1813,2214 1816,2214 1818,2214 1820,2217 2021,2217 2021,2214 2092,2199 2121,2214 2123,2214 2125,2217 2209,2217 2209,2214 2211,2214 2255,2197 2255,2179 2251,2148 1484,2137 1482,2137 713,2148 715,2184"/>
        <Baseline points="715,2184 2255,2179"/>
        <TextEquiv conf="0.9951316835358739">
          <Unicode>A. I. Pr. p. 695, (Neues Archiv VII. 119). — „Religiosam vitam“.</Unicode>
        </TextEquiv>
      </TextLine>
      <TextLine id="eSc_line_35f51cb4" custom="structure {type:default;}">
        <Coords points="139,2243 139,2265 318,2265 318,2239 311,2188 136,2201 139,2243"/>
        <Baseline points="139,2243 318,2239"/>
        <TextEquiv conf="0.9934766292572021">
          <Unicode>„ 12.</Unicode>
        </TextEquiv>
      </TextLine>
      <TextLine id="eSc_line_d3122faf" custom="structure {type:default;}">
        <Coords points="660,2243 660,2261 2233,2265 2235,2265 2456,2254 2596,2263 2598,2263 2600,2263 2633,2250 2633,2232 2629,2199 682,2197 680,2197 678,2197 658,2206 660,2243"/>
        <Baseline points="660,2243 2633,2232"/>
        <TextEquiv conf="0.9908002124113195">
          <Unicode>17416 Monasterii S. Bavonis Gandavensis patrocinium suscipit, possessionesque et pri-</Unicode>
        </TextEquiv>
      </TextLine>
      <TextLine id="eSc_line_ca96540b" custom="structure {type:default;}">
        <Coords points="468,2248 468,2281 510,2274 547,2285 552,2248 552,2223 468,2221 468,2248"/>
        <Baseline points="468,2248 552,2248"/>
        <TextEquiv conf="0.9999805688858032">
          <Unicode>„„</Unicode>
        </TextEquiv>
      </TextLine>
      <TextLine id="eSc_line_fe1f4db4" custom="structure {type:default;}">
        <Coords points="715,2292 715,2314 2629,2307 2631,2285 2626,2254 740,2250 737,2250 735,2250 713,2259 715,2292"/>
        <Baseline points="715,2292 2631,2285"/>
        <TextEquiv conf="0.9958458825945854">
          <Unicode>vilegia confirmat. Serrure Cartul. de S. Bavon A Gand p. 74, teste Wauters Table</Unicode>
        </TextEquiv>
      </TextLine>
      <TextLine id="eSc_line_99041215" custom="structure {type:default;}">
        <Coords points="713,2347 713,2365 1100,2360 1102,2343 1098,2314 925,2303 923,2303 921,2303 919,2303 901,2314 746,2305 744,2305 742,2305 711,2314 713,2347"/>
        <Baseline points="713,2347 1102,2343"/>
        <TextEquiv conf="0.9710232545347774">
          <Unicode>chronol. III. 57.</Unicode>
        </TextEquiv>
      </TextLine>
      <TextLine id="eSc_line_342f2b2d" custom="structure {type:default;}">
        <Coords points="665,2402 665,2438 2633,2420 2635,2393 2629,2362 662,2362 665,2402"/>
        <Baseline points="665,2402 2635,2393"/>
        <TextEquiv conf="0.9988472752627873">
          <Unicode>17417 Parthenonis Vallis Ursinae protectionem suscipit, eique privilegia quaedam in-</Unicode>
        </TextEquiv>
      </TextLine>
      <TextLine id="eSc_line_bcc59602" custom="structure {type:default;}">
        <Coords points="143,2404 143,2429 223,2418 243,2433 245,2433 247,2433 324,2438 326,2398 320,2323 278,2325 276,2325 273,2325 273,2327 256,2345 139,2338 143,2404"/>
        <Baseline points="143,2404 326,2398"/>
        <TextEquiv conf="0.9999911069869996">
          <Unicode>„ 15.</Unicode>
        </TextEquiv>
      </TextLine>
      <TextLine id="eSc_line_c1fdb6dc" custom="structure {type:default;}">
        <Coords points="455,2415 455,2422 492,2435 494,2435 497,2435 499,2435 541,2418 541,2411 534,2338 450,2336 455,2415"/>
        <Baseline points="455,2415 541,2411"/>
        <TextEquiv conf="1.0">
          <Unicode>„</Unicode>
        </TextEquiv>
      </TextLine>
      <TextLine id="eSc_line_2c5954f1" custom="structure {type:default;}">
        <Coords points="715,2455 715,2477 2635,2473 2638,2451 2631,2420 713,2420 715,2455"/>
        <Baseline points="715,2455 2638,2451"/>
        <TextEquiv conf="0.9999941438436508">
          <Unicode>dulget. Ex bibl. nat. Paris. Coll. Moreau t. 97 f. 40. Misit Delisle. — „Sacrosancta</Unicode>
        </TextEquiv>
      </TextLine>
      <TextLine id="eSc_line_3cdf87c3" custom="structure {type:default;}">
        <Coords points="715,2510 715,2530 1137,2530 1137,2510 1137,2482 715,2482 715,2510"/>
        <Baseline points="715,2510 1137,2510"/>
        <TextEquiv conf="0.9999893097316518">
          <Unicode>Romana ecclesia“.</Unicode>
        </TextEquiv>
      </TextLine>
      <TextLine id="eSc_line_7e727aa7" custom="structure {type:default;}">
        <Coords points="143,2570 143,2585 170,2597 172,2597 174,2597 176,2597 203,2585 209,2583 218,2585 251,2594 254,2594 256,2594 326,2583 329,2566 326,2519 302,2499 300,2499 298,2499 254,2499 251,2499 249,2499 247,2499 209,2532 203,2539 141,2539 143,2570"/>
        <Baseline points="143,2570 329,2566"/>
        <TextEquiv conf="0.9994350671768188">
          <Unicode>„ 21.</Unicode>
        </TextEquiv>
      </TextLine>
      <TextLine id="eSc_line_0f074250" custom="structure {type:default;}">
        <Coords points="669,2570 669,2590 1433,2599 1436,2599 1497,2585 1506,2585 1522,2585 1650,2599 1652,2599 1654,2599 1699,2585 1701,2585 1707,2585 1847,2599 1849,2599 1977,2597 1979,2597 1981,2597 1999,2583 2001,2583 2041,2597 2043,2597 2045,2599 2129,2599 2129,2597 2132,2597 2134,2597 2154,2583 2240,2597 2242,2597 2330,2594 2333,2594 2335,2594 2353,2581 2357,2581 2423,2594 2425,2594 2635,2579 2638,2559 2633,2530 1913,2521 1911,2521 1652,2532 1537,2521 1535,2521 1533,2521 1489,2532 1458,2521 1455,2521 1453,2521 1316,2532 1080,2524 1078,2524 1075,2524 1038,2537 996,2526 994,2526 850,2526 848,2526 846,2526 826,2537 810,2526 808,2526 806,2526 684,2526 682,2526 680,2526 678,2526 667,2532 669,2570"/>
        <Baseline points="669,2570 2638,2559"/>
        <TextEquiv conf="0.9987401041803481">
          <Unicode>17418 Radulfo abbati Fiscannensi eiusque successoribus usum mitrae, anuli, san-</Unicode>
        </TextEquiv>
      </TextLine>
      <TextLine id="eSc_line_6c36f4f8" custom="structure {type:default;}">
        <Coords points="463,2577 463,2585 497,2599 499,2599 501,2599 503,2599 534,2583 534,2574 530,2546 461,2544 463,2577"/>
        <Baseline points="463,2577 534,2574"/>
        <TextEquiv conf="0.9656900465488434">
          <Unicode>„)</Unicode>
        </TextEquiv>
      </TextLine>
      <TextLine id="eSc_line_dd32f7fc" custom="structure {type:default;}">
        <Coords points="718,2621 718,2650 2631,2636 2633,2614 2626,2583 715,2588 718,2621"/>
        <Baseline points="718,2621 2633,2614"/>
        <TextEquiv conf="0.9960239059046695">
          <Unicode>daliorumque concedit. Pflugk-Harttung Acta I. 376. — „Cum monasterium tibi“.</Unicode>
        </TextEquiv>
      </TextLine>
      <TextLine id="eSc_line_ea477482" custom="structure {type:default;}">
        <Coords points="108,2676 108,2736 172,2747 174,2747 227,2736 245,2731 258,2736 296,2747 298,2747 300,2747 302,2747 331,2733 331,2676 331,2641 300,2630 298,2630 296,2630 108,2638 108,2676"/>
        <Baseline points="108,2676 331,2676"/>
        <TextEquiv conf="0.9963148576872689">
          <Unicode>Aug. 6.</Unicode>
        </TextEquiv>
      </TextLine>
      <TextLine id="eSc_line_cbea0b58" custom="structure {type:default;}">
        <Coords points="665,2678 667,2709 702,2698 1064,2707 1113,2707 1115,2707 1117,2707 1122,2707 1157,2696 2633,2696 2635,2669 2631,2630 2143,2630 2140,2630 2138,2630 2136,2630 2132,2634 2118,2641 1906,2636 1676,2632 1674,2632 1672,2632 1654,2638 1643,2643 1506,2641 1159,2634 1157,2634 1155,2634 1153,2634 1140,2645 1137,2645 1102,2645 680,2636 678,2636 676,2636 673,2636 662,2643 665,2678"/>
        <Baseline points="665,2678 2635,2669"/>
        <TextEquiv conf="0.9915490324904279">
          <Unicode>17419 Archiepiscopo Nazareno et episcopo Bethlehemitano mandat, curent ut, remotis</Unicode>
        </TextEquiv>
      </TextLine>
      <TextLine id="eSc_line_d4e6bc75" custom="structure {type:default;}">
        <Coords points="450,2680 450,2749 558,2749 558,2680 558,2652 450,2650 450,2680"/>
        <Baseline points="450,2680 558,2680"/>
        <TextEquiv conf="1.0">
          <Unicode>„</Unicode>
        </TextEquiv>
      </TextLine>
      <TextLine id="eSc_line_b71eeb40" custom="structure {type:default;}">
        <Coords points="722,2729 722,2753 2635,2747 2638,2722 2631,2696 720,2700 722,2729"/>
        <Baseline points="722,2729 2638,2722"/>
        <TextEquiv conf="0.9998782660279956">
          <Unicode>(Iorici) archiepiscopi Tyrensis vindiciis, plebanus S. Marci Tyrensis libera fruatur</Unicode>
        </TextEquiv>
      </TextLine>
      <TextLine id="eSc_line_67bbf4f0" custom="structure {type:default;}">
        <Coords points="720,2786 720,2813 2635,2804 2638,2778 2631,2749 718,2756 720,2786"/>
        <Baseline points="720,2786 2638,2778"/>
        <TextEquiv conf="0.9997668592042701">
          <Unicode>possessione „integri iuris, quod ecclesia S. Marci in tertia parte Tyri dicatur habere</Unicode>
        </TextEquiv>
      </TextLine>
      <TextLine id="eSc_line_b012b697" custom="structure {type:default;}">
        <Coords points="722,2837 722,2859 894,2870 897,2870 899,2870 901,2870 916,2859 919,2859 921,2859 956,2870 958,2870 961,2870 1303,2859 1323,2859 1330,2859 1425,2870 1427,2870 1502,2859 1504,2859 1506,2859 1674,2870 1676,2870 1679,2870 1710,2857 1714,2857 1734,2857 1855,2868 1858,2868 2304,2857 2326,2857 2350,2868 2353,2868 2355,2868 2448,2857 2450,2857 2567,2868 2569,2868 2638,2855 2640,2833 2633,2804 720,2804 722,2837"/>
        <Baseline points="722,2837 2640,2833"/>
        <TextEquiv conf="0.9993277670424662">
          <Unicode>de iure, quod Venetos de ratione contingat“. Pflugk Harttung Acta II. 400. — „Di-</Unicode>
        </TextEquiv>
      </TextLine>
      <TextLine id="eSc_line_993d961f" custom="structure {type:default;}">
        <Coords points="722,2895 722,2912 846,2923 848,2923 850,2923 852,2923 852,2921 863,2912 863,2910 989,2910 992,2910 1034,2921 1036,2921 1038,2921 1241,2906 1243,2888 1239,2859 1067,2846 1064,2846 877,2862 735,2850 733,2850 731,2850 729,2850 729,2853 720,2859 722,2895"/>
        <Baseline points="722,2895 1243,2888"/>
        <TextEquiv conf="0.9997359588742256">
          <Unicode>lectus filius plebanus“.</Unicode>
        </TextEquiv>
      </TextLine>
      <TextLine id="eSc_line_4f7eb947" custom="structure {type:default;}">
        <Coords points="667,2950 667,2985 2640,2970 2642,2941 2635,2910 665,2915 667,2950"/>
        <Baseline points="667,2950 2642,2941"/>
        <TextEquiv conf="0.9890104876943382">
          <Unicode>17420 (10603) Hugoni, abbati Cluniacensi, permittit, „ut in abbatiis ad Cluniacense</Unicode>
        </TextEquiv>
      </TextLine>
      <TextLine id="eSc_line_dc1b6dd0" custom="structure {type:default;}">
        <Coords points="156,2954 156,2985 331,2985 331,2945 320,2886 304,2903 234,2906 207,2890 205,2890 203,2890 201,2890 152,2890 156,2954"/>
        <Baseline points="156,2954 331,2945"/>
        <TextEquiv conf="0.999999612569809">
          <Unicode>„ 5.</Unicode>
        </TextEquiv>
      </TextLine>
      <TextLine id="eSc_line_9e63cd0b" custom="structure {type:default;}">
        <Coords points="472,2954 472,2985 556,2990 558,2954 558,2901 472,2888 472,2954"/>
        <Baseline points="472,2954 558,2954"/>
        <TextEquiv conf="1.0">
          <Unicode>„</Unicode>
        </TextEquiv>
      </TextLine>
      <TextLine id="eSc_line_6910d429" custom="structure {type:default;}">
        <Coords points="722,3003 722,3034 2640,3034 2642,2996 2635,2965 720,2965 722,3003"/>
        <Baseline points="722,3003 2642,2996"/>
        <TextEquiv conf="0.9920976143330336">
          <Unicode>monasterium pertinentibus, quae secundum Deum et b. Benedicti regulam et statuta</Unicode>
        </TextEquiv>
      </TextLine>
      <TextLine id="eSc_line_95517924" custom="structure {type:default;}">
        <Coords points="722,3058 722,3078 1310,3089 1312,3089 1314,3089 1316,3089 1334,3078 1341,3078 1469,3089 1471,3089 1473,3089 1515,3078 1517,3078 1537,3078 2238,3087 2240,3087 2242,3087 2264,3076 2273,3076 2410,3087 2412,3087 2638,3074 2640,3054 2633,3025 720,3027 722,3058"/>
        <Baseline points="722,3058 2640,3054"/>
        <TextEquiv conf="0.9999297850103264">
          <Unicode>ordinis viderit corrigenda, corrigat“. Bullar. Cluniac. p. 95, Migne 206 p. 1179. —</Unicode>
        </TextEquiv>
      </TextLine>
      <TextLine id="eSc_line_289c8ca6" custom="structure {type:default;}">
        <Coords points="724,3113 724,3133 1029,3140 1031,3140 1034,3140 1036,3140 1049,3131 1058,3138 1058,3140 1060,3140 1062,3140 1064,3142 1199,3142 1199,3140 1257,3127 1259,3109 1252,3078 722,3082 724,3113"/>
        <Baseline points="724,3113 1259,3109"/>
        <TextEquiv conf="0.999898991801522">
          <Unicode>„Cum a nobis petitur“.</Unicode>
        </TextEquiv>
      </TextLine>
      <TextLine id="eSc_line_a01028f5" custom="structure {type:default;}">
        <Coords points="671,3168 671,3195 2642,3188 2644,3162 2638,3131 669,3133 671,3168"/>
        <Baseline points="671,3168 2644,3162"/>
        <TextEquiv conf="0.9999611495539199">
          <Unicode>17421 (Dombaldo) episcopo Dertosensi asserit „possessiones, villas, molendina, Iudaeos</Unicode>
        </TextEquiv>
      </TextLine>
      <TextLine id="eSc_line_57057668" custom="structure {type:default;}">
        <Coords points="150,3173 150,3219 333,3217 333,3166 326,3107 256,3120 145,3109 150,3173"/>
        <Baseline points="150,3173 333,3166"/>
        <TextEquiv conf="0.9795896857976913">
          <Unicode>„ 7.</Unicode>
        </TextEquiv>
      </TextLine>
      <TextLine id="eSc_line_c89523ee" custom="structure {type:default;}">
        <Coords points="444,3175 441,3206 528,3221 532,3180 532,3109 446,3113 444,3175"/>
        <Baseline points="444,3175 532,3180"/>
        <TextEquiv conf="1.0">
          <Unicode>„</Unicode>
        </TextEquiv>
      </TextLine>
      <TextLine id="eSc_line_9a82b5a6" custom="structure {type:default;}">
        <Coords points="724,3221 724,3244 2001,3250 2003,3250 2052,3239 2061,3239 2642,3239 2644,3215 2638,3184 722,3188 724,3221"/>
        <Baseline points="724,3221 2644,3215"/>
        <TextEquiv conf="0.9999790191650391">
          <Unicode>et omnia iura et cemiteria“, ab IIdephonso quondam rege et Sanctia regina Arago-</Unicode>
        </TextEquiv>
      </TextLine>
      <TextLine id="eSc_line_1a41209a" custom="structure {type:default;}">
        <Coords points="724,3274 724,3294 863,3294 868,3294 892,3314 894,3314 897,3314 899,3316 1029,3316 1029,3314 1031,3314 1034,3314 1060,3294 1064,3294 1224,3294 1228,3294 1265,3314 1268,3314 1270,3316 1398,3316 1398,3314 1400,3314 1402,3314 1433,3294 1436,3294 1442,3294 1522,3314 1524,3316 1668,3316 1668,3314 1670,3314 1712,3294 1721,3292 1734,3294 1794,3312 1796,3312 1798,3312 1922,3294 1948,3292 1955,3294 1964,3303 1966,3303 1968,3303 1970,3303 2107,3294 2174,3292 2180,3294 2204,3312 2207,3312 2209,3312 2211,3312 2326,3294 2353,3292 2381,3294 2452,3305 2454,3305 2642,3294 2644,3270 2638,3244 722,3246 724,3274"/>
        <Baseline points="724,3274 2644,3270"/>
        <TextEquiv conf="0.9953508248200288">
          <Unicode>num ecclesiae eius concessa. Villanueva Viage V. 272. — „Licet universorum</Unicode>
        </TextEquiv>
      </TextLine>
      <TextLine id="eSc_line_1a593716" custom="structure {type:default;}">
        <Coords points="729,3327 729,3341 832,3356 835,3356 837,3356 883,3339 883,3327 883,3301 729,3301 729,3327"/>
        <Baseline points="729,3327 883,3327"/>
        <TextEquiv conf="0.9996717401913234">
          <Unicode>votis“.</Unicode>
        </TextEquiv>
      </TextLine>
      <TextLine id="eSc_line_ea185057" custom="structure {type:default;}">
        <Coords points="673,3383 673,3416 2649,3411 2649,3383 2649,3350 673,3350 673,3383"/>
        <Baseline points="673,3383 2649,3383"/>
        <TextEquiv conf="0.9941120589717051">
          <Unicode>17422 (10605) Canonicis ecclesiae S. Salvatoris Venetae asserit ecclesiam S. Bartholomaei</Unicode>
        </TextEquiv>
      </TextLine>
      <TextLine id="eSc_line_d8b11406" custom="structure {type:default;}">
        <Coords points="148,3389 148,3418 331,3420 333,3389 333,3330 148,3327 148,3389"/>
        <Baseline points="148,3389 333,3389"/>
        <TextEquiv conf="0.9999602735042572">
          <Unicode>„ 8.</Unicode>
        </TextEquiv>
      </TextLine>
      <TextLine id="eSc_line_e204c642" custom="structure {type:default;}">
        <Coords points="468,3398 468,3420 554,3416 554,3398 554,3327 468,3319 468,3398"/>
        <Baseline points="468,3398 554,3398"/>
        <TextEquiv conf="0.9999996423721313">
          <Unicode>„</Unicode>
        </TextEquiv>
      </TextLine>
      <TextLine id="eSc_line_04e99a08" custom="structure {type:default;}">
        <Coords points="729,3440 729,3467 897,3467 930,3480 932,3480 934,3480 1020,3467 1087,3480 1089,3480 1091,3480 1124,3467 1193,3478 1195,3478 1407,3464 1531,3482 1533,3482 1535,3482 1592,3464 1703,3467 1723,3482 1725,3482 1727,3482 1729,3484 2001,3484 2001,3482 2085,3467 2151,3480 2154,3480 2233,3467 2324,3480 2326,3480 2328,3480 2330,3480 2348,3467 2379,3480 2381,3480 2383,3480 2386,3480 2388,3480 2417,3462 2470,3480 2472,3480 2474,3482 2549,3482 2549,3480 2642,3458 2642,3433 2635,3403 726,3407 729,3440"/>
        <Baseline points="729,3440 2642,3433"/>
        <TextEquiv conf="0.9848196498759381">
          <Unicode>a Marco episcopo tributam. Cornelii Eccl. Ven. XIV. 124, Migne 206 p. 1181. —</Unicode>
        </TextEquiv>
      </TextLine>
      <TextLine id="eSc_line_e799c874" custom="structure {type:default;}">
        <Coords points="731,3498 731,3535 958,3533 974,3546 978,3548 978,3551 980,3551 983,3551 985,3551 1022,3548 1036,3548 1040,3548 1100,3573 1102,3573 1104,3575 1246,3575 1246,3573 1248,3573 1250,3573 1265,3562 1265,3493 1261,3464 996,3453 994,3453 992,3453 967,3464 762,3456 760,3456 757,3456 729,3467 731,3498"/>
        <Baseline points="731,3498 1265,3493"/>
        <TextEquiv conf="0.9665527506308123">
          <Unicode>„Sam e nobis petitar“.</Unicode>
        </TextEquiv>
      </TextLine>
      <TextLine id="eSc_line_c15cb499" custom="structure {type:default;}">
        <Coords points="148,3542 148,3599 181,3588 364,3588 419,3601 437,3604 439,3606 687,3606 687,3604 689,3604 691,3604 693,3601 702,3592 722,3601 729,3546 729,3509 612,3506 589,3489 587,3489 585,3489 583,3489 581,3489 521,3504 519,3506 470,3506 468,3504 448,3489 446,3489 444,3489 441,3489 349,3502 344,3502 342,3502 326,3489 326,3486 324,3486 322,3486 320,3486 148,3498 148,3542"/>
        <Baseline points="148,3542 729,3546"/>
        <TextEquiv conf="0.8349641923393522">
          <Unicode>Raut. Font. Renea. Ed ere I.</Unicode>
        </TextEquiv>
      </TextLine>
      <TextLine id="eSc_line_cecb9e60" custom="structure {type:default;}">
        <Coords points="2293,3553 2291,3612 2333,3637 2335,3637 2337,3637 2368,3634 2372,3555 2370,3524 2293,3522 2293,3553"/>
        <Baseline points="2293,3553 2372,3555"/>
        <TextEquiv conf="0.9996800720691681">
          <Unicode>2*</Unicode>
        </TextEquiv>
      </TextLine>
    </TextRegion>
    <TextRegion id="eSc_textblock_ee5d37e2"  custom="structure {type:default;}">
      <Coords points="994,141 1824,150 1833,236 830,245 830,159 994,141"/>
      <TextLine id="eSc_line_98508bbd" custom="structure {type:default;}">
        <Coords points="850,216 850,245 1807,240 1807,216 1805,156 1626,165 1564,159 1509,152 1506,152 1438,159 1387,165 1365,161 1323,150 1321,150 1319,150 1316,150 1283,161 1272,165 1268,161 1257,152 1254,152 1252,152 1184,152 1182,152 1179,152 1177,152 1177,154 1166,163 1164,165 1159,163 1122,150 1120,150 1117,150 908,152 905,152 850,165 850,216"/>
        <Baseline points="850,216 1807,216"/>
        <TextEquiv conf="0.9969019404164067">
          <Unicode>COELESTINUS III. 1191—1198.</Unicode>
        </TextEquiv>
      </TextLine>
    </TextRegion>
    <TextRegion id="eSc_textblock_3eb73530"  custom="structure {type:default;}">
      <Coords points="2483,150 2653,159 2680,209 2609,245 2478,245 2483,150"/>
      <TextLine id="eSc_line_09b0e7d8" custom="structure {type:default;}">
        <Coords points="2565,154 2543,152 2540,150 2492,165 2481,196 2481,212 2481,240 2604,242 2607,207 2604,167 2576,154 2565,154"/>
        <Baseline points="2481,212 2607,207"/>
        <TextEquiv conf="0.9999997615814209">
          <Unicode>625</Unicode>
        </TextEquiv>
      </TextLine>
    </TextRegion>
    <TextRegion id="eSc_textblock_edbe45ee"  custom="structure {type:default;}">
      <Coords points="2680,432 2680,457 2673,457 2673,432 2680,432"/>
    </TextRegion>
    <TextRegion id="eSc_textblock_d37664d5"  custom="structure {type:default;}">
      <Coords points="2680,600 2680,607 2673,607 2673,600 2680,600"/>
    </TextRegion>
  </Page>
</PcGts>
