<?xml version="1.0" encoding="UTF-8"  standalone="yes"?>
<PcGts xmlns="http://schema.primaresearch.org/PAGE/gts/pagecontent/2019-07-15" xmlns:xsi="http://www.w3.org/2001/XMLSchema-instance" xsi:schemaLocation="http://schema.primaresearch.org/PAGE/gts/pagecontent/2019-07-15 http://schema.primaresearch.org/PAGE/gts/pagecontent/2019-07-15/pagecontent.xsd">
  <Metadata externalRef="pdf//regestapontificu02cath.pdf">
	<Creator>escriptorium</Creator>
	<Created>2026-01-31T10:42:36.129146+00:00</Created>
        <LastChange>2026-02-12T10:32:07.612358+00:00</LastChange>
  </Metadata>
  <Page imageFilename="regestapontificu02cath.pdf_page_566.png" imageWidth="3007" imageHeight="3975">
    <TextRegion id="eSc_textblock_312fa928"  custom="structure {type:default;}">
      <Coords points="399,123 483,132 501,200 466,227 335,218 335,141 399,123"/>
      <TextLine id="eSc_line_d8e4fae0" custom="structure {type:default;}">
        <Coords points="371,130 349,132 353,194 353,220 477,216 477,189 472,141 377,125 371,130"/>
        <Baseline points="353,194 477,189"/>
        <TextEquiv conf="0.9984642267227173">
          <Unicode>554</Unicode>
        </TextEquiv>
      </TextLine>
    </TextRegion>
    <TextRegion id="eSc_textblock_377ee8cb"  custom="structure {type:default;}">
      <Coords points="1928,265 2892,282 2900,3478 2883,3504 963,3513 890,3469 618,3469 607,3257 572,3469 362,3478 326,3425 318,2965 335,300 713,282 881,291 899,318 919,282 1928,265"/>
      <TextLine id="eSc_line_cec35ed9" custom="structure {type:default;}">
        <Coords points="1005,280 983,280 961,280 938,280 927,280 925,280 923,280 921,280 912,282 894,315 897,342 897,366 2185,371 2187,335 2180,280 1811,291 1782,284 1754,280 1752,280 1721,287 1699,291 1690,287 1674,280 1672,280 1670,280 1668,280 1634,289 1610,293 1581,289 1520,278 1517,278 1336,293 1294,295 1277,293 1186,280 1027,280 1005,280"/>
        <Baseline points="897,342 2187,335"/>
        <TextEquiv conf="0.9815911084918653">
          <Unicode>1188. (Iadt. 6. 25. Sept. — 7. pont. a. 1. — 20. Ier. — 2.)</Unicode>
        </TextEquiv>
      </TextLine>
      <TextLine id="eSc_line_87c8ad0f" custom="structure {type:default;}">
        <Coords points="978,406 978,437 2881,432 2883,406 2881,371 978,359 978,406"/>
        <Baseline points="978,406 2883,406"/>
        <TextEquiv conf="0.9893717497587204">
          <Unicode>auctoritate permitti non debere, ut ad secundas transeant nuptias, „donec certum</Unicode>
        </TextEquiv>
      </TextLine>
      <TextLine id="eSc_line_dd03f17f" custom="structure {type:default;}">
        <Coords points="978,457 978,483 2881,481 2883,461 2881,426 978,421 978,457"/>
        <Baseline points="978,457 2883,461"/>
        <TextEquiv conf="0.994634147868099">
          <Unicode>nuncium receperint de morte virorum“. (Ex registri libro I.), Coll. Luc. in Baluzii</Unicode>
        </TextEquiv>
      </TextLine>
      <TextLine id="eSc_line_fae0c3b3" custom="structure {type:default;}">
        <Coords points="980,510 980,538 2878,538 2881,516 2878,483 980,470 980,510"/>
        <Baseline points="980,510 2881,516"/>
        <TextEquiv conf="0.9861199985975506">
          <Unicode>Misc. III. 368, Comp. II. L. 4. t. 1. c. 3, Decr. Greg. L. IV. t. 1. c. 19, Mansi XXII.</Unicode>
        </TextEquiv>
      </TextLine>
      <TextLine id="eSc_line_c72a8f48" custom="structure {type:default;}">
        <Coords points="978,567 978,583 1040,598 1042,598 1045,598 1095,585 1182,585 1195,596 1195,598 1197,598 1199,598 1201,598 1274,585 1288,596 1288,598 1290,598 1292,598 1294,598 1721,583 1721,567 1718,536 978,536 978,567"/>
        <Baseline points="978,567 1721,567"/>
        <TextEquiv conf="0.9865281899770101">
          <Unicode>556. — „In praesentia nostra“.</Unicode>
        </TextEquiv>
      </TextLine>
      <TextLine id="eSc_line_6ae35a5e" custom="structure {type:default;}">
        <Coords points="368,616 366,675 583,680 587,620 587,569 479,549 477,549 368,563 368,616"/>
        <Baseline points="368,616 587,620"/>
        <TextEquiv conf="0.9983620047569275">
          <Unicode>Dee 20</Unicode>
        </TextEquiv>
      </TextLine>
      <TextLine id="eSc_line_ed9bf855" custom="structure {type:default;}">
        <Coords points="636,686 817,686 817,684 819,684 857,669 857,622 857,547 826,536 824,536 821,536 784,545 755,552 720,541 702,536 700,536 698,536 695,536 684,541 656,552 640,538 636,622 636,686"/>
        <Baseline points="636,622 857,622"/>
        <TextEquiv conf="0.9606968561808268">
          <Unicode>Lateroni.</Unicode>
        </TextEquiv>
      </TextLine>
      <TextLine id="eSc_line_cfbe0200" custom="structure {type:default;}">
        <Coords points="927,620 925,651 2878,655 2883,624 2881,589 927,576 927,620"/>
        <Baseline points="927,620 2883,624"/>
        <TextEquiv conf="0.9994384441110823">
          <Unicode>16371 Monasterii S. Bertini Sithiensis possessiones et privilegia, petente lohanne abbate,</Unicode>
        </TextEquiv>
      </TextLine>
      <TextLine id="eSc_line_2e712ac7" custom="structure {type:default;}">
        <Coords points="976,675 974,697 2876,700 2881,680 2878,642 976,638 976,675"/>
        <Baseline points="976,675 2881,680"/>
        <TextEquiv conf="0.9971447251308924">
          <Unicode>confirmat, libertatemque instituit, imposito fratribus unius auri unciae tributo annuo.</Unicode>
        </TextEquiv>
      </TextLine>
      <TextLine id="eSc_line_49e697b8" custom="structure {type:default;}">
        <Coords points="978,728 976,750 2872,753 2876,733 2874,700 978,691 978,728"/>
        <Baseline points="978,728 2876,733"/>
        <TextEquiv conf="0.9954112246632576">
          <Unicode>Ex Coll. Moreau t. 90. f. 146 in bibl. nat. Paris. Misit Delisle. — „In eminenti sedis“.</Unicode>
        </TextEquiv>
      </TextLine>
      <TextLine id="eSc_line_b7265926" custom="structure {type:default;}">
        <Coords points="402,792 402,834 589,821 589,788 583,733 399,742 402,792"/>
        <Baseline points="402,792 589,788"/>
        <TextEquiv conf="0.9999987363815308">
          <Unicode>„ 23.</Unicode>
        </TextEquiv>
      </TextLine>
      <TextLine id="eSc_line_35a00f5f" custom="structure {type:default;}">
        <Coords points="702,799 702,845 802,841 802,795 795,764 700,764 702,799"/>
        <Baseline points="702,799 802,795"/>
        <TextEquiv conf="1.0">
          <Unicode>„</Unicode>
        </TextEquiv>
      </TextLine>
      <TextLine id="eSc_line_10ecf3b1" custom="structure {type:default;}">
        <Coords points="927,783 925,806 978,821 980,821 983,823 1259,823 1259,821 1261,821 1263,821 1279,810 1281,810 1294,810 1453,821 1455,821 1502,812 1517,810 1533,812 1579,823 1581,823 1729,814 1782,812 1789,814 1800,823 1802,823 1805,823 1807,823 2125,819 2434,814 2518,823 2551,825 2554,825 2580,823 2668,814 2876,825 2881,790 2878,750 927,750 927,783"/>
        <Baseline points="927,783 2881,790"/>
        <TextEquiv conf="0.9912118434906005">
          <Unicode>16372 (10128) Capituli ecclesiae S. Alexandri Bergomatis iura quaedam confirmat,</Unicode>
        </TextEquiv>
      </TextLine>
      <TextLine id="eSc_line_eabd5633" custom="structure {type:default;}">
        <Coords points="978,839 976,867 2876,874 2881,843 2878,810 978,806 978,839"/>
        <Baseline points="978,839 2881,843"/>
        <TextEquiv conf="0.98656085729599">
          <Unicode>petente Oberto praeposito. Lupi C. D. Berg. II. 1391, Ughelli It. sacr. IV. 472,</Unicode>
        </TextEquiv>
      </TextLine>
      <TextLine id="eSc_line_fbed49fb" custom="structure {type:default;}">
        <Coords points="978,896 978,918 2045,916 2045,896 2045,863 978,856 978,896"/>
        <Baseline points="978,896 2045,896"/>
        <TextEquiv conf="0.9988708190801667">
          <Unicode>Migne 204 p. 1414. — „Cum ab apostolica“.</Unicode>
        </TextEquiv>
      </TextLine>
      <TextLine id="eSc_line_398ec5ac" custom="structure {type:default;}">
        <Coords points="927,951 927,993 1022,978 1299,978 1316,989 1319,989 1321,989 1323,989 1436,978 1484,991 1486,991 1489,991 1491,991 1520,978 1690,978 1718,991 1721,991 1723,993 1869,993 1891,993 1891,991 1893,991 2014,989 2017,989 2052,976 2160,989 2163,989 2249,976 2350,989 2353,989 2452,976 2516,989 2518,991 2710,991 2710,989 2781,976 2799,989 2801,989 2803,989 2805,991 2881,991 2883,947 2878,916 925,912 927,951"/>
        <Baseline points="927,951 2883,947"/>
        <TextEquiv conf="0.9986626620997082">
          <Unicode>16373 (10131) Isaco, imperatori Constantinopolitano, scribit, „edicto suo principes suos</Unicode>
        </TextEquiv>
      </TextLine>
      <TextLine id="eSc_line_f388aabc" custom="structure {type:default;}">
        <Coords points="972,1002 969,1026 2878,1031 2883,1007 2881,973 972,971 972,1002"/>
        <Baseline points="972,1002 2883,1007"/>
        <TextEquiv conf="0.9991667815196661">
          <Unicode>excitatos esse“ contra Saladinum; „praecipuos fuisse: Fridericum, alterum impera-</Unicode>
        </TextEquiv>
      </TextLine>
      <TextLine id="eSc_line_8bc47b67" custom="structure {type:default;}">
        <Coords points="972,1060 972,1082 2878,1088 2881,1060 2881,1026 972,1026 972,1060"/>
        <Baseline points="972,1060 2881,1060"/>
        <TextEquiv conf="0.9946853333228344">
          <Unicode>torem, Philippum Francorum regem, Richardum Angliae et Othonem Burgundiae;</Unicode>
        </TextEquiv>
      </TextLine>
      <TextLine id="eSc_line_407d91fa" custom="structure {type:default;}">
        <Coords points="972,1113 969,1132 2878,1141 2883,1117 2883,1086 2845,1073 2843,1073 2841,1073 2735,1084 2730,1084 2728,1084 2618,1073 2615,1073 2512,1084 2494,1086 2030,1086 1995,1079 1922,1071 1919,1071 1917,1071 1900,1079 1893,1082 972,1075 972,1113"/>
        <Baseline points="972,1113 2883,1117"/>
        <TextEquiv conf="0.9964076469216165">
          <Unicode>Guilielmum, regem Siciliae, pacato a piratis mari, annonam ex Sicilia et Apulia</Unicode>
        </TextEquiv>
      </TextLine>
      <TextLine id="eSc_line_341ca91f" custom="structure {type:default;}">
        <Coords points="978,1170 978,1205 1942,1196 2193,1205 2242,1207 2244,1207 2246,1207 2251,1205 2288,1194 2311,1205 2313,1205 2315,1205 2317,1205 2350,1194 2414,1205 2417,1205 2520,1194 2536,1205 2538,1205 2540,1205 2543,1205 2600,1194 2876,1205 2881,1163 2874,1137 976,1141 978,1170"/>
        <Baseline points="978,1170 2881,1163"/>
        <TextEquiv conf="0.9944712427400407">
          <Unicode>profecturis ministrasse; Frisones quoque et Danos triremes quinquaginta, et duodecim</Unicode>
        </TextEquiv>
      </TextLine>
      <TextLine id="eSc_line_0b076718" custom="structure {type:default;}">
        <Coords points="974,1223 972,1247 2876,1254 2881,1227 2878,1192 974,1188 974,1223"/>
        <Baseline points="974,1223 2881,1227"/>
        <TextEquiv conf="0.9949753298478968">
          <Unicode>Flandrenses armasse, qui transeuntes in Mauritaniam et ad Africae littora flectentes,</Unicode>
        </TextEquiv>
      </TextLine>
      <TextLine id="eSc_line_1c8b3ebd" custom="structure {type:default;}">
        <Coords points="972,1278 972,1305 2881,1307 2883,1278 2883,1243 972,1243 972,1278"/>
        <Baseline points="972,1278 2883,1278"/>
        <TextEquiv conf="0.9984290763735771">
          <Unicode>Saracenos magnis incommodis afflixerint et Sylvinam urbem vi captam diripuerint;</Unicode>
        </TextEquiv>
      </TextLine>
      <TextLine id="eSc_line_ed682a00" custom="structure {type:default;}">
        <Coords points="972,1333 972,1362 1261,1369 1263,1369 1316,1362 1352,1358 1380,1362 1425,1369 1427,1369 1577,1362 1652,1358 1747,1360 1984,1369 1986,1369 2076,1360 2098,1358 2116,1360 2196,1369 2198,1369 2244,1358 2251,1358 2253,1358 2275,1369 2277,1369 2280,1369 2593,1358 2611,1358 2622,1358 2832,1369 2834,1369 2836,1369 2883,1355 2883,1333 2883,1305 972,1298 972,1333"/>
        <Baseline points="972,1333 2883,1333"/>
        <TextEquiv conf="0.9969712925862663">
          <Unicode>(Belam) regem Ungarum Venetis pacem dedisse“. Rogat, „ut hoc bellum instauratum</Unicode>
        </TextEquiv>
      </TextLine>
      <TextLine id="eSc_line_a92d35b2" custom="structure {type:default;}">
        <Coords points="972,1389 972,1422 2883,1417 2883,1389 2883,1360 972,1360 972,1389"/>
        <Baseline points="972,1389 2883,1389"/>
        <TextEquiv conf="0.9944261157667482">
          <Unicode>quibuscunque rebus poterit, iuvet“. Reusneri Epist. Turc. p. 16. — „Iam omnia</Unicode>
        </TextEquiv>
      </TextLine>
      <TextLine id="eSc_line_60b54784" custom="structure {type:default;}">
        <Coords points="972,1442 972,1470 1091,1475 1093,1475 1208,1457 1208,1442 1208,1406 972,1406 972,1442"/>
        <Baseline points="972,1442 1208,1442"/>
        <TextEquiv conf="0.9999997973442077">
          <Unicode>Saladini“.</Unicode>
        </TextEquiv>
      </TextLine>
      <TextLine id="eSc_line_b21bffdc" custom="structure {type:default;}">
        <Coords points="919,1501 919,1523 2878,1530 2883,1497 2878,1459 2682,1448 2680,1448 2677,1448 2638,1459 2631,1461 2302,1461 2299,1459 2255,1448 2253,1448 2251,1448 2180,1459 2176,1459 2174,1459 2090,1448 2087,1448 2085,1448 2061,1459 2043,1459 1398,1450 1396,1450 1327,1461 1323,1464 916,1464 919,1501"/>
        <Baseline points="919,1501 2883,1497"/>
        <TextEquiv conf="0.9959985139858292">
          <Unicode>16374 *Canonicis Pisauriensibus privilegium dat. Vide Chron. Pisauri in Arch. stor.</Unicode>
        </TextEquiv>
      </TextLine>
      <TextLine id="eSc_line_b50cef47" custom="structure {type:default;}">
        <Coords points="972,1550 969,1581 1228,1592 1230,1592 1343,1581 1358,1592 1360,1592 1363,1592 1365,1592 1442,1578 1444,1554 1442,1523 1356,1510 1354,1510 1352,1510 1321,1521 1319,1521 1305,1521 1168,1510 1166,1510 1164,1510 1142,1519 1117,1508 1115,1508 1113,1508 972,1517 972,1550"/>
        <Baseline points="972,1550 1444,1554"/>
        <TextEquiv conf="0.9765264862462094">
          <Unicode>Marchigiano I. 741.</Unicode>
        </TextEquiv>
      </TextLine>
      <TextLine id="eSc_line_0d08ebef" custom="structure {type:default;}">
        <Coords points="890,1643 890,1662 1226,1676 1228,1643 1228,1596 1184,1578 1182,1578 1117,1578 1115,1578 1113,1578 1111,1578 1111,1581 1098,1592 1093,1598 1020,1598 1007,1587 996,1578 994,1578 992,1578 989,1578 987,1578 974,1585 961,1594 947,1585 941,1578 938,1578 936,1578 934,1578 890,1581 890,1643"/>
        <Baseline points="890,1643 1228,1643"/>
        <TextEquiv conf="0.9824273645877838">
          <Unicode>1188—1189.</Unicode>
        </TextEquiv>
      </TextLine>
      <TextLine id="eSc_line_1d7196d3" custom="structure {type:default;}">
        <Coords points="636,1718 636,1755 852,1737 852,1718 852,1682 806,1662 804,1662 802,1662 799,1662 797,1662 797,1665 784,1678 777,1682 636,1665 636,1718"/>
        <Baseline points="636,1718 852,1718"/>
        <TextEquiv conf="0.999996230006218">
          <Unicode>Laterani</Unicode>
        </TextEquiv>
      </TextLine>
      <TextLine id="eSc_line_64085171" custom="structure {type:default;}">
        <Coords points="912,1715 912,1737 1069,1737 1091,1751 1093,1751 1095,1751 1098,1751 1100,1751 1155,1737 1232,1751 1235,1751 1237,1751 1265,1737 1497,1737 1546,1751 1548,1751 1551,1751 1553,1751 1595,1737 1778,1737 1800,1751 1802,1751 1805,1751 1807,1753 1895,1753 1895,1751 1897,1751 1948,1735 2852,1749 2854,1749 2856,1749 2858,1749 2883,1733 2883,1711 2878,1682 2624,1669 2622,1669 2620,1669 2596,1682 2315,1682 2284,1669 2282,1669 2280,1669 2182,1680 2092,1669 2090,1669 1933,1680 1900,1669 1897,1669 1895,1669 1893,1669 1836,1682 1703,1671 1701,1671 1427,1682 1285,1671 1283,1671 1281,1671 1279,1671 1263,1682 1248,1671 1246,1671 1243,1671 994,1671 992,1671 910,1684 912,1715"/>
        <Baseline points="912,1715 2883,1711"/>
        <TextEquiv conf="0.9987100396263465">
          <Unicode>16375 (10279) Willelmo regi Siciliae scribit, se audivisse, „in eius praesentia quaestio-</Unicode>
        </TextEquiv>
      </TextLine>
      <TextLine id="eSc_line_ea8577f8" custom="structure {type:default;}">
        <Coords points="969,1775 969,1802 2878,1797 2881,1768 2874,1737 967,1744 969,1775"/>
        <Baseline points="969,1775 2881,1768"/>
        <TextEquiv conf="0.998473745069386">
          <Unicode>nem motam esse, utrum ex sui tenore rescripti colligeretur, quod singuli haeredum</Unicode>
        </TextEquiv>
      </TextLine>
      <TextLine id="eSc_line_5ca58c60" custom="structure {type:default;}">
        <Coords points="969,1826 969,1852 2878,1850 2878,1826 2878,1793 969,1793 969,1826"/>
        <Baseline points="969,1826 2878,1826"/>
        <TextEquiv conf="0.999688123254215">
          <Unicode>eius singulis suis successoribus fidelitatis praestare debeant huiusmodi iuramentum“.</Unicode>
        </TextEquiv>
      </TextLine>
      <TextLine id="eSc_line_48700b53" custom="structure {type:default;}">
        <Coords points="969,1881 969,1903 2878,1901 2881,1874 2876,1846 967,1846 969,1881"/>
        <Baseline points="969,1881 2881,1874"/>
        <TextEquiv conf="0.9950763247478968">
          <Unicode>Qua de re litteris A(lbini) tit. S. Crucis in Ierusalem et P(etri) tit. S. Laurentii in</Unicode>
        </TextEquiv>
      </TextLine>
      <TextLine id="eSc_line_c1dadb69" custom="structure {type:default;}">
        <Coords points="972,1936 972,1963 1182,1974 1184,1974 1243,1963 1248,1963 1252,1963 1288,1974 1290,1974 1292,1974 1294,1974 1296,1974 1310,1963 1312,1963 1548,1963 1579,1963 1701,1974 1703,1974 1705,1974 1738,1963 1754,1974 1756,1974 1758,1974 1760,1976 1926,1976 1926,1974 2140,1972 2143,1972 2145,1972 2158,1961 2211,1972 2213,1972 2308,1961 2609,1972 2611,1972 2613,1972 2615,1972 2633,1961 2843,1972 2845,1972 2847,1972 2883,1956 2883,1932 2876,1903 969,1903 972,1936"/>
        <Baseline points="972,1936 2883,1932"/>
        <TextEquiv conf="0.9976840955870492">
          <Unicode>Damaso presbyterorum cardinalium, apostolicae sedis legatorum, acceptis, ita respon-</Unicode>
        </TextEquiv>
      </TextLine>
      <TextLine id="eSc_line_aa18c155" custom="structure {type:default;}">
        <Coords points="972,1991 972,2022 2876,2018 2878,1987 2872,1958 969,1958 972,1991"/>
        <Baseline points="972,1991 2878,1987"/>
        <TextEquiv conf="0.9954364797648262">
          <Unicode>det: „haeredes tui, qui nobis, vel alii successorum nostrorum iuraverint, alii postea</Unicode>
        </TextEquiv>
      </TextLine>
      <TextLine id="eSc_line_dac33387" custom="structure {type:default;}">
        <Coords points="969,2047 969,2071 2876,2062 2878,2038 2872,2007 967,2014 969,2047"/>
        <Baseline points="969,2047 2878,2038"/>
        <TextEquiv conf="0.9923540111197982">
          <Unicode>iurare minime compellantur, catholicis tamen successoribus nostris et hominii et fide-</Unicode>
        </TextEquiv>
      </TextLine>
      <TextLine id="eSc_line_9cb0f433" custom="structure {type:default;}">
        <Coords points="969,2100 969,2122 2876,2117 2878,2095 2872,2067 967,2067 969,2100"/>
        <Baseline points="969,2100 2878,2095"/>
        <TextEquiv conf="0.9996096442727481">
          <Unicode>litatis puritatem nihilominus, ac si iuraverint, omni tempore teneantur absque tergi-</Unicode>
        </TextEquiv>
      </TextLine>
      <TextLine id="eSc_line_c2ae3716" custom="structure {type:default;}">
        <Coords points="969,2155 969,2175 998,2190 1000,2190 1003,2192 1343,2192 1343,2190 1345,2190 1347,2190 1365,2177 1427,2190 1429,2192 1551,2192 1551,2190 1553,2190 1586,2177 1672,2177 1692,2190 1694,2190 1696,2190 1699,2190 1776,2177 1809,2190 1811,2190 1813,2190 1891,2177 2023,2190 2026,2192 2116,2192 2116,2190 2118,2190 2147,2177 2390,2177 2485,2190 2487,2190 2489,2190 2529,2177 2644,2190 2646,2190 2876,2175 2876,2155 2876,2126 969,2126 969,2155"/>
        <Baseline points="969,2155 2876,2155"/>
        <TextEquiv conf="0.9989993019276354">
          <Unicode>versatione aliqua observare“. Coll. Luc. in Baluzii Misc. III. 368, Comp. II. L. 2.</Unicode>
        </TextEquiv>
      </TextLine>
      <TextLine id="eSc_line_282e3cae" custom="structure {type:default;}">
        <Coords points="972,2210 972,2234 2872,2234 2872,2210 2872,2177 972,2177 972,2210"/>
        <Baseline points="972,2210 2872,2210"/>
        <TextEquiv conf="0.9954941774286875">
          <Unicode>t. 16. c. 5, Decr. Gregr. L. II. t. 24. c. 14, Mansi XXII. 556, Migne 204 p. 1486.</Unicode>
        </TextEquiv>
      </TextLine>
      <TextLine id="eSc_line_fd94ccc1" custom="structure {type:default;}">
        <Coords points="969,2265 969,2287 2872,2285 2874,2259 2867,2228 967,2232 969,2265"/>
        <Baseline points="969,2265 2874,2259"/>
        <TextEquiv conf="0.9979902973657921">
          <Unicode>(Willelmus die 16. Nov. 1189 moritur, ex quo tempus epistolae patet. Iuramentum</Unicode>
        </TextEquiv>
      </TextLine>
      <TextLine id="eSc_line_d07ff5ec" custom="structure {type:default;}">
        <Coords points="969,2320 969,2354 1122,2349 1135,2356 1153,2367 1155,2367 1157,2367 1159,2369 1217,2369 1217,2367 1290,2356 1334,2349 1588,2349 1612,2356 1634,2362 1637,2362 1639,2365 1782,2365 1782,2362 1836,2356 1917,2347 1944,2358 1953,2360 1955,2360 2134,2365 2136,2365 2138,2365 2140,2365 2151,2358 2169,2347 2235,2347 2286,2358 2311,2362 2313,2365 2609,2365 2609,2362 2611,2362 2613,2362 2618,2358 2638,2345 2662,2358 2664,2358 2666,2358 2668,2358 2715,2345 2739,2358 2744,2362 2746,2362 2748,2362 2750,2362 2876,2358 2878,2314 2872,2285 967,2290 969,2320"/>
        <Baseline points="969,2320 2878,2314"/>
        <TextEquiv conf="0.9980593044080852">
          <Unicode>regis exstat in Notices et extraits XXI. II. 323). — „Caritatis amica“ „Veritatis</Unicode>
        </TextEquiv>
      </TextLine>
      <TextLine id="eSc_line_96ba0c4e" custom="structure {type:default;}">
        <Coords points="963,2376 963,2411 1084,2413 1087,2413 1089,2413 1091,2413 1115,2393 1120,2391 1148,2391 1151,2369 1146,2338 961,2336 963,2376"/>
        <Baseline points="963,2376 1151,2369"/>
        <TextEquiv conf="0.9970812712396894">
          <Unicode>amica“.</Unicode>
        </TextEquiv>
      </TextLine>
      <TextLine id="eSc_line_23a0c8d6" custom="structure {type:default;}">
        <Coords points="890,2466 890,2488 901,2497 903,2497 905,2497 908,2497 1155,2484 1422,2493 1425,2493 1427,2493 1469,2482 1648,2493 1650,2493 1652,2493 1699,2479 1787,2491 1789,2491 1791,2491 1829,2479 2156,2488 2158,2488 2160,2488 2163,2488 2163,2486 2165,2486 2171,2477 2171,2455 2167,2426 2103,2413 2101,2413 2098,2413 2096,2413 2096,2415 2085,2424 2083,2426 2056,2424 1981,2418 1979,2418 1858,2422 1703,2429 1687,2420 1683,2418 1681,2418 1679,2418 1676,2418 1674,2418 1672,2418 1670,2420 1659,2431 1566,2431 1546,2420 1546,2418 1544,2418 1542,2418 1539,2418 1531,2420 1475,2431 1453,2418 1451,2418 1449,2418 1447,2418 1444,2418 1442,2418 1409,2431 1310,2420 1307,2420 1237,2433 1208,2415 1206,2413 1204,2413 1201,2413 1199,2413 1197,2413 1195,2413 1195,2415 1193,2415 1182,2426 1080,2418 1078,2418 1075,2418 1073,2418 1056,2433 1025,2413 1022,2413 1020,2413 888,2413 890,2466"/>
        <Baseline points="890,2466 2171,2455"/>
        <TextEquiv conf="0.9901766796906789">
          <Unicode>1189. (Ind. 7. — 25. Sept. — 8, pont. a. 2. — 20. Dec. — 3.)</Unicode>
        </TextEquiv>
      </TextLine>
      <TextLine id="eSc_line_3f7fc7ff" custom="structure {type:default;}">
        <Coords points="360,2537 360,2557 570,2570 572,2537 572,2484 512,2473 510,2473 508,2473 505,2473 492,2486 481,2493 446,2486 399,2479 397,2479 395,2479 360,2488 360,2537"/>
        <Baseline points="360,2537 572,2537"/>
        <TextEquiv conf="0.9998851248196193">
          <Unicode>lan. 2.</Unicode>
        </TextEquiv>
      </TextLine>
      <TextLine id="eSc_line_9dcb53d3" custom="structure {type:default;}">
        <Coords points="629,2537 629,2625 843,2623 843,2532 839,2486 627,2482 629,2537"/>
        <Baseline points="629,2537 843,2532"/>
        <TextEquiv conf="0.9342073351144791">
          <Unicode>Laterani</Unicode>
        </TextEquiv>
      </TextLine>
      <TextLine id="eSc_line_ba8000ca" custom="structure {type:default;}">
        <Coords points="919,2539 919,2561 1506,2572 1509,2572 1564,2561 1573,2559 1641,2559 2041,2570 2043,2570 2045,2570 2048,2570 2063,2559 2065,2559 2079,2559 2423,2568 2425,2568 2428,2568 2467,2557 2472,2557 2876,2557 2878,2532 2874,2504 2381,2491 2379,2491 2220,2504 1798,2493 1796,2493 1794,2493 1791,2493 1776,2504 1743,2493 1741,2493 1738,2493 1736,2493 1734,2493 1721,2504 1654,2493 1652,2493 1650,2493 1621,2504 1590,2493 1588,2493 1586,2493 1506,2506 1453,2495 1451,2495 1265,2506 1243,2495 1241,2495 941,2495 938,2495 936,2495 934,2495 916,2504 919,2539"/>
        <Baseline points="919,2539 2878,2532"/>
        <TextEquiv conf="0.9930495831030833">
          <Unicode>16376 (10132) Monasterum S. Salvii Florentinum tuendum suscipit et eius bona ac</Unicode>
        </TextEquiv>
      </TextLine>
      <TextLine id="eSc_line_390a5e95" custom="structure {type:default;}">
        <Coords points="969,2597 969,2623 2872,2612 2874,2588 2867,2555 967,2557 969,2597"/>
        <Baseline points="969,2597 2874,2588"/>
        <TextEquiv conf="0.999958146186102">
          <Unicode>iura, petente Gilberto abbate, confirmat. Lami Eccl. Fl. Mon. II. 995, Soldani Hist.</Unicode>
        </TextEquiv>
      </TextLine>
      <TextLine id="eSc_line_816514b0" custom="structure {type:default;}">
        <Coords points="969,2647 969,2669 2799,2663 2801,2641 2797,2610 967,2608 969,2647"/>
        <Baseline points="969,2647 2801,2641"/>
        <TextEquiv conf="0.9954661358343927">
          <Unicode>mon. de Passin. p. 270, Migne 204 p. 1416. — „Religiosam vitam eligentibus“.</Unicode>
        </TextEquiv>
      </TextLine>
      <TextLine id="eSc_line_a7fcefb5" custom="structure {type:default;}">
        <Coords points="395,2700 395,2740 446,2740 446,2738 448,2738 450,2738 450,2736 455,2731 468,2720 497,2727 517,2731 519,2731 574,2718 574,2700 574,2667 395,2658 395,2700"/>
        <Baseline points="395,2700 574,2700"/>
        <TextEquiv conf="0.9999430060386658">
          <Unicode>„ 12.</Unicode>
        </TextEquiv>
      </TextLine>
      <TextLine id="eSc_line_b57ddc4a" custom="structure {type:default;}">
        <Coords points="704,2707 702,2738 782,2733 784,2714 784,2685 707,2678 704,2707"/>
        <Baseline points="704,2707 784,2714"/>
        <TextEquiv conf="1.0">
          <Unicode>„</Unicode>
        </TextEquiv>
      </TextLine>
      <TextLine id="eSc_line_e5240774" custom="structure {type:default;}">
        <Coords points="919,2703 919,2727 2874,2720 2876,2696 2870,2667 916,2672 919,2703"/>
        <Baseline points="919,2703 2876,2696"/>
        <TextEquiv conf="0.9985535872537036">
          <Unicode>16377 (10133) Ecclesiae S. Georgii Brinatensis privilegia confirmat, bulla ad Conradum</Unicode>
        </TextEquiv>
      </TextLine>
      <TextLine id="eSc_line_7960dfff" custom="structure {type:default;}">
        <Coords points="969,2758 969,2789 1305,2780 1321,2786 1330,2793 1332,2793 1334,2793 1336,2795 1546,2795 1546,2793 1601,2784 1634,2780 1687,2784 1780,2791 1782,2791 1785,2791 1787,2791 1798,2782 1805,2778 1829,2782 1860,2789 1862,2789 1908,2782 1937,2778 1944,2782 1959,2791 1961,2791 1964,2791 1966,2791 2037,2780 2061,2778 2065,2780 2083,2791 2085,2791 2087,2791 2090,2793 2185,2793 2185,2791 2187,2791 2216,2780 2227,2775 2341,2778 2708,2789 2710,2789 2792,2773 2794,2751 2788,2722 967,2725 969,2758"/>
        <Baseline points="969,2758 2794,2751"/>
        <TextEquiv conf="0.9952002570226595">
          <Unicode>praepositum. Cronica canon. ord. p. 40“, Bull. Lat. p. 61. — „Cum nobis sit“.</Unicode>
        </TextEquiv>
      </TextLine>
      <TextLine id="eSc_line_e0873641" custom="structure {type:default;}">
        <Coords points="391,2815 391,2831 399,2839 399,2842 402,2842 404,2842 406,2842 408,2842 452,2831 483,2822 572,2837 574,2811 570,2782 494,2769 492,2769 490,2769 488,2769 470,2784 468,2786 388,2786 391,2815"/>
        <Baseline points="391,2815 574,2811"/>
        <TextEquiv conf="0.9911510109901428">
          <Unicode>„ 27.</Unicode>
        </TextEquiv>
      </TextLine>
      <TextLine id="eSc_line_a9a66ab5" custom="structure {type:default;}">
        <Coords points="709,2817 709,2857 744,2862 746,2862 748,2862 751,2862 793,2835 793,2817 793,2780 709,2780 709,2817"/>
        <Baseline points="709,2817 793,2817"/>
        <TextEquiv conf="0.9999946355819702">
          <Unicode>„„</Unicode>
        </TextEquiv>
      </TextLine>
      <TextLine id="eSc_line_7352930f" custom="structure {type:default;}">
        <Coords points="919,2815 919,2848 1654,2848 1654,2846 1727,2839 1778,2835 1805,2839 1853,2846 1855,2846 2288,2835 2335,2844 2337,2844 2339,2844 2341,2844 2357,2833 2359,2833 2368,2833 2450,2844 2452,2844 2454,2844 2483,2833 2487,2831 2543,2831 2852,2842 2854,2842 2856,2842 2858,2842 2878,2828 2878,2804 2872,2773 916,2773 919,2815"/>
        <Baseline points="919,2815 2878,2804"/>
        <TextEquiv conf="0.9995791063858912">
          <Unicode>16378 Abbati et conventui Casinensi. Pflugk-Harttung Iter p. 318. — „Cum mona-</Unicode>
        </TextEquiv>
      </TextLine>
      <TextLine id="eSc_line_6598533a" custom="structure {type:default;}">
        <Coords points="967,2868 967,2884 1069,2895 1071,2895 1186,2877 1186,2864 1182,2831 1000,2822 998,2822 996,2822 965,2833 967,2868"/>
        <Baseline points="967,2868 1186,2864"/>
        <TextEquiv conf="0.9999996423721313">
          <Unicode>sterium“.</Unicode>
        </TextEquiv>
      </TextLine>
      <TextLine id="eSc_line_cd1a642a" custom="structure {type:default;}">
        <Coords points="395,2921 395,2950 486,2939 572,2950 574,2917 567,2875 393,2890 395,2921"/>
        <Baseline points="395,2921 574,2917"/>
        <TextEquiv conf="0.9999998569488525">
          <Unicode>„ 28.</Unicode>
        </TextEquiv>
      </TextLine>
      <TextLine id="eSc_line_0562d0d8" custom="structure {type:default;}">
        <Coords points="707,2928 707,2968 795,2981 797,2928 797,2875 707,2875 707,2928"/>
        <Baseline points="707,2928 797,2928"/>
        <TextEquiv conf="1.0">
          <Unicode>„</Unicode>
        </TextEquiv>
      </TextLine>
      <TextLine id="eSc_line_a0fcf0b9" custom="structure {type:default;}">
        <Coords points="916,2923 916,2945 1283,2945 1296,2945 1369,2959 1372,2959 1568,2945 1632,2943 1648,2945 1683,2956 1685,2956 1687,2959 1988,2959 1988,2956 1990,2956 1992,2956 2006,2945 2010,2943 2023,2945 2061,2956 2063,2956 2065,2959 2220,2959 2220,2956 2222,2956 2242,2945 2255,2941 2295,2945 2350,2954 2353,2954 2487,2945 2587,2941 2600,2945 2615,2954 2618,2954 2620,2954 2662,2945 2695,2941 2870,2945 2874,2917 2870,2886 2222,2875 2220,2875 2127,2886 1592,2877 1590,2877 1588,2877 1564,2888 936,2879 934,2879 932,2879 930,2879 914,2886 916,2923"/>
        <Baseline points="916,2923 2874,2917"/>
        <TextEquiv conf="0.9975982252941575">
          <Unicode>16379 (10134) Universis clericis per Norwegiam constitutis interdicit, „ne quis eorum,</Unicode>
        </TextEquiv>
      </TextLine>
      <TextLine id="eSc_line_1b37f0ab" custom="structure {type:default;}">
        <Coords points="969,2974 969,3005 2872,3001 2874,2970 2867,2941 967,2941 969,2974"/>
        <Baseline points="969,2974 2874,2970"/>
        <TextEquiv conf="0.9996171665478901">
          <Unicode>nisi forte ut tribuat poenitentiam et sacramenta ecclesiastica morientibus et prava</Unicode>
        </TextEquiv>
      </TextLine>
      <TextLine id="eSc_line_71471117" custom="structure {type:default;}">
        <Coords points="969,3029 969,3054 2872,3049 2874,3025 2867,2994 967,2996 969,3029"/>
        <Baseline points="969,3029 2874,3025"/>
        <TextEquiv conf="0.9999933881931994">
          <Unicode>opera dissuadeat, in expeditionem ire praesumat“; alioquin fore, ut ea, quam archi-</Unicode>
        </TextEquiv>
      </TextLine>
      <TextLine id="eSc_line_cd450118" custom="structure {type:default;}">
        <Coords points="969,3085 969,3102 1904,3113 1906,3113 1908,3113 1911,3113 1922,3102 1924,3102 2874,3102 2874,3080 2867,3051 967,3054 969,3085"/>
        <Baseline points="969,3085 2874,3080"/>
        <TextEquiv conf="0.9993662554540752">
          <Unicode>episcopus Nidrosiensis in eos protulerit, sententia a sese confirmetur. Thorkelin</Unicode>
        </TextEquiv>
      </TextLine>
      <TextLine id="eSc_line_0c16bd5f" custom="structure {type:default;}">
        <Coords points="969,3142 969,3168 2870,3164 2872,3138 2867,3109 1981,3098 1979,3098 1871,3109 1862,3111 967,3111 969,3142"/>
        <Baseline points="969,3142 2872,3138"/>
        <TextEquiv conf="0.9998192641979609">
          <Unicode>Diplom. Arna-Magn. II. 11, Diplomatarium Island. p. 284, Diplomatarium Norweg.</Unicode>
        </TextEquiv>
      </TextLine>
      <TextLine id="eSc_line_049cb039" custom="structure {type:default;}">
        <Coords points="967,3195 967,3217 2280,3213 2282,3191 2275,3160 965,3162 967,3195"/>
        <Baseline points="967,3195 2282,3191"/>
        <TextEquiv conf="0.9979988201609198">
          <Unicode>II. I. 1, Migne 204 p. 1418. — „Cum arma clericorum“.</Unicode>
        </TextEquiv>
      </TextLine>
      <TextLine id="eSc_line_201412af" custom="structure {type:default;}">
        <Coords points="360,3248 360,3277 574,3272 574,3248 574,3210 536,3197 534,3197 532,3197 530,3197 505,3204 475,3210 450,3197 430,3186 428,3186 360,3186 360,3248"/>
        <Baseline points="360,3248 574,3248"/>
        <TextEquiv conf="0.9666141205363803">
          <Unicode>Fcbr. 10.</Unicode>
        </TextEquiv>
      </TextLine>
      <TextLine id="eSc_line_d4f63c5b" custom="structure {type:default;}">
        <Coords points="702,3255 702,3341 810,3339 810,3255 810,3217 740,3204 737,3204 735,3204 702,3215 702,3255"/>
        <Baseline points="702,3255 810,3255"/>
        <TextEquiv conf="1.0">
          <Unicode>„</Unicode>
        </TextEquiv>
      </TextLine>
      <TextLine id="eSc_line_985dd128" custom="structure {type:default;}">
        <Coords points="916,3250 916,3270 2872,3266 2872,3241 2867,3208 943,3206 941,3206 938,3206 914,3215 916,3250"/>
        <Baseline points="916,3250 2872,3241"/>
        <TextEquiv conf="0.9980803492628498">
          <Unicode>16380 (10135) Sororibus ecclesiae Langenhorstensis confirmat Franconis vicedomini</Unicode>
        </TextEquiv>
      </TextLine>
      <TextLine id="eSc_line_79b511fb" custom="structure {type:default;}">
        <Coords points="969,3303 969,3327 1416,3339 1418,3339 1475,3325 1484,3325 1537,3325 1889,3336 1891,3336 1893,3336 1917,3323 1919,3323 1933,3334 1935,3334 1937,3334 1939,3336 2136,3336 2136,3334 2138,3334 2163,3323 2165,3323 2171,3323 2280,3334 2282,3334 2392,3321 2410,3321 2461,3321 2781,3332 2783,3332 2867,3319 2870,3294 2863,3268 967,3274 969,3303"/>
        <Baseline points="969,3303 2870,3294"/>
        <TextEquiv conf="0.9916284782130543">
          <Unicode>Monasteriensis ordinationem: „ut eligendi advocatum facultatem liberam habeant, et</Unicode>
        </TextEquiv>
      </TextLine>
      <TextLine id="eSc_line_104d5a5a" custom="structure {type:default;}">
        <Coords points="972,3361 972,3389 2872,3376 2872,3352 2865,3323 969,3330 972,3361"/>
        <Baseline points="972,3361 2872,3352"/>
        <TextEquiv conf="0.9999990870312947">
          <Unicode>si idem electus fuerit importunus, potestatem liberam habeant alium eligendi; neve</Unicode>
        </TextEquiv>
      </TextLine>
      <TextLine id="eSc_line_4c39e418" custom="structure {type:default;}">
        <Coords points="969,3414 969,3442 1414,3442 1416,3442 1440,3453 1442,3453 1444,3453 1517,3442 1557,3438 1615,3445 1714,3453 1716,3453 1767,3445 1809,3436 1836,3445 1858,3451 1860,3451 1862,3451 1995,3445 2213,3433 2238,3447 2240,3447 2242,3447 2355,3451 2357,3451 2359,3451 2370,3447 2401,3431 2430,3447 2436,3449 2439,3449 2441,3449 2476,3447 2615,3433 2638,3447 2640,3449 2642,3449 2644,3449 2646,3449 2867,3447 2867,3405 2861,3374 967,3376 969,3414"/>
        <Baseline points="969,3414 2867,3405"/>
        <TextEquiv conf="0.9959486490342675">
          <Unicode>in eo officio filius primi hereditario iure suecedat“. Niesert Münster. Urkundens.</Unicode>
        </TextEquiv>
      </TextLine>
      <TextLine id="eSc_line_9c71783d" custom="structure {type:default;}">
        <Coords points="965,3467 965,3531 1038,3535 1040,3535 1042,3535 1045,3535 1049,3533 1069,3520 1153,3533 1175,3535 1177,3535 1201,3533 1356,3511 1405,3533 1409,3535 1411,3535 1414,3537 1489,3537 1489,3535 1491,3535 1495,3533 1542,3511 1738,3511 1787,3531 1789,3531 1791,3533 1924,3533 1924,3531 1926,3531 1961,3513 2072,3528 2074,3528 2076,3528 2116,3513 2224,3535 2227,3467 2227,3438 965,3438 965,3467"/>
        <Baseline points="965,3467 2227,3467"/>
        <TextEquiv conf="0.9880668699741364">
          <Unicode>IV. 212. Migne 204 p. 1418. — „Cum ab apostolica“.</Unicode>
        </TextEquiv>
      </TextLine>
    </TextRegion>
    <TextRegion id="eSc_textblock_de99932a"  custom="structure {type:default;}">
      <Coords points="1248,123 2052,132 2070,209 1895,245 1208,227 1199,132 1248,123"/>
      <TextLine id="eSc_line_e7f37917" custom="structure {type:default;}">
        <Coords points="1212,194 1212,216 2032,225 2034,194 2034,152 1615,152 1579,145 1473,132 1471,132 1212,141 1212,194"/>
        <Baseline points="1212,194 2034,194"/>
        <TextEquiv conf="0.9827338871748551">
          <Unicode>CLEMENS III. 1187—1191.</Unicode>
        </TextEquiv>
      </TextLine>
    </TextRegion>
  </Page>
</PcGts>
