<?xml version="1.0" encoding="UTF-8"  standalone="yes"?>
<PcGts xmlns="http://schema.primaresearch.org/PAGE/gts/pagecontent/2019-07-15" xmlns:xsi="http://www.w3.org/2001/XMLSchema-instance" xsi:schemaLocation="http://schema.primaresearch.org/PAGE/gts/pagecontent/2019-07-15 http://schema.primaresearch.org/PAGE/gts/pagecontent/2019-07-15/pagecontent.xsd">
  <Metadata externalRef="pdf//regestapontificu02cath.pdf">
	<Creator>escriptorium</Creator>
	<Created>2026-01-31T10:39:45.843349+00:00</Created>
        <LastChange>2026-02-04T23:11:48.456175+00:00</LastChange>
  </Metadata>
  <Page imageFilename="regestapontificu02cath.pdf_page_497.png" imageWidth="3007" imageHeight="3975">
    <TextRegion id="eSc_textblock_cd1b8062"  custom="structure {type:default;}">
      <Coords points="2244,300 2635,309 2626,3531 689,3557 618,3548 598,3513 88,3522 61,3389 53,2153 79,344 114,318 298,318 333,353 362,318 581,318 598,344 627,309 2244,300"/>
      <TextLine id="eSc_line_39cde636" custom="structure {type:default;}">
        <Coords points="1977,300 1880,311 1847,315 1809,313 1707,302 1705,302 1555,313 1486,318 1427,313 1312,304 1310,304 1157,315 1071,320 1020,315 938,306 936,306 616,315 605,331 607,368 607,399 2472,384 2474,355 2470,311 2171,302 2169,302 2109,311 2092,313 2072,311 1979,300 1977,300"/>
        <Baseline points="607,368 2474,355"/>
        <TextEquiv conf="0.9786623945866508">
          <Unicode>1185. (Ind. 3. — 1. Sept.— 1, pont. a. 1. — 6. Siept. — 5, 1181. — 25. Dart. — 118.5).)</Unicode>
        </TextEquiv>
      </TextLine>
      <TextLine id="eSc_line_fcf3ec8b" custom="structure {type:default;}">
        <Coords points="335,426 335,543 397,543 397,541 399,541 450,512 492,490 550,488 550,424 545,393 450,393 421,373 402,357 399,357 397,357 395,357 333,357 335,426"/>
        <Baseline points="335,426 550,424"/>
        <TextEquiv conf="0.8099089860916138">
          <Unicode>veS</Unicode>
        </TextEquiv>
      </TextLine>
      <TextLine id="eSc_line_fe1cd63b" custom="structure {type:default;}">
        <Coords points="81,430 81,465 309,479 311,426 309,390 273,375 271,375 269,375 240,379 187,390 159,368 143,355 141,355 139,355 136,355 79,355 81,430"/>
        <Baseline points="81,430 311,426"/>
        <TextEquiv conf="0.9048562720417976">
          <Unicode>Febr. 6.</Unicode>
        </TextEquiv>
      </TextLine>
      <TextLine id="eSc_line_955674a5" custom="structure {type:default;}">
        <Coords points="636,430 636,454 1604,463 1606,463 1608,463 1610,463 1626,450 1628,450 1643,450 1765,461 1767,461 2076,450 2107,461 2109,461 2112,461 2114,461 2116,461 2134,448 2136,448 2145,448 2229,459 2231,459 2319,448 2326,448 2337,448 2569,459 2571,459 2573,459 2607,446 2607,421 2602,390 2187,377 2185,377 2109,390 2107,390 2096,390 1727,379 1725,379 1493,393 1486,393 1482,393 1367,382 1365,382 1363,382 1327,393 682,384 680,384 678,384 634,395 636,430"/>
        <Baseline points="636,430 2607,421"/>
        <TextEquiv conf="0.9970546655711674">
          <Unicode>15362 Capitulo Lingonensi asserit „redditus 30 librarum, a b. m. Henrico comite cle-</Unicode>
        </TextEquiv>
      </TextLine>
      <TextLine id="eSc_line_d1905142" custom="structure {type:default;}">
        <Coords points="689,483 689,505 2600,507 2604,477 2598,446 687,450 689,483"/>
        <Baseline points="689,483 2604,477"/>
        <TextEquiv conf="0.996860859649522">
          <Unicode>ricis ecclesiae ad matutinas euntibus“ assignatos. In bibl. nat. Paris. Cartul. Lin-</Unicode>
        </TextEquiv>
      </TextLine>
      <TextLine id="eSc_line_8461ea7a" custom="structure {type:default;}">
        <Coords points="687,538 687,558 2348,552 2350,532 2346,501 850,496 848,496 684,507 687,538"/>
        <Baseline points="687,538 2350,532"/>
        <TextEquiv conf="0.9963073803953928">
          <Unicode>gonensi, ms. lat. 17100. s. XVIII. f. 8. — „Iustis petentium desideriis“.</Unicode>
        </TextEquiv>
      </TextLine>
      <TextLine id="eSc_line_ef387d6c" custom="structure {type:default;}">
        <Coords points="636,591 636,611 2600,607 2602,587 2598,556 658,549 656,549 653,549 634,558 636,591"/>
        <Baseline points="636,591 2602,587"/>
        <TextEquiv conf="0.9941638301400577">
          <Unicode>15363 Capitulo S. Mariae Atrebatensi asserit 20 libras S. Quintinensis monetae ex do-</Unicode>
        </TextEquiv>
      </TextLine>
      <TextLine id="eSc_line_1a09f5cd" custom="structure {type:default;}">
        <Coords points="114,600 114,629 293,631 296,591 289,525 245,527 243,527 240,527 240,530 236,532 209,560 110,554 114,600"/>
        <Baseline points="114,600 296,591"/>
        <TextEquiv conf="0.9996949881315231">
          <Unicode>„ 9.</Unicode>
        </TextEquiv>
      </TextLine>
      <TextLine id="eSc_line_5f04db07" custom="structure {type:default;}">
        <Coords points="419,602 419,638 508,640 510,602 510,563 419,563 419,602"/>
        <Baseline points="419,602 510,602"/>
        <TextEquiv conf="0.9998286962509155">
          <Unicode>„</Unicode>
        </TextEquiv>
      </TextLine>
      <TextLine id="eSc_line_d8bc16f0" custom="structure {type:default;}">
        <Coords points="689,647 689,669 2604,677 2607,647 2607,616 689,616 689,647"/>
        <Baseline points="689,647 2607,647"/>
        <TextEquiv conf="0.9998297081107185">
          <Unicode>natione Philippi comitis Flandriae de redditibus Peronensibus annuatim persolvendas.</Unicode>
        </TextEquiv>
      </TextLine>
      <TextLine id="eSc_line_b15f0494" custom="structure {type:default;}">
        <Coords points="687,704 687,724 2602,726 2607,697 2600,664 684,671 687,704"/>
        <Baseline points="687,704 2607,697"/>
        <TextEquiv conf="0.9971715380163754">
          <Unicode>Chartul. Atrebat. ms. lat. 17737. s. XIII. f. 14, in bibl. nat. Paris. — „Ex iniuncto</Unicode>
        </TextEquiv>
      </TextLine>
      <TextLine id="eSc_line_16e14cc3" custom="structure {type:default;}">
        <Coords points="687,759 687,772 709,788 711,788 713,788 715,788 799,786 802,786 857,764 857,753 850,717 684,722 687,759"/>
        <Baseline points="687,759 857,753"/>
        <TextEquiv conf="0.9769028765814645">
          <Unicode>nobis“.</Unicode>
        </TextEquiv>
      </TextLine>
      <TextLine id="eSc_line_16a0c6cd" custom="structure {type:default;}">
        <Coords points="636,810 636,839 2607,839 2607,810 2607,777 636,777 636,810"/>
        <Baseline points="636,810 2607,810"/>
        <TextEquiv conf="0.9979097205049852">
          <Unicode>15364 Fratribus S. Germani Parisiensibus privilegium dat de instituendis canonicis in</Unicode>
        </TextEquiv>
      </TextLine>
      <TextLine id="eSc_line_d56aa86a" custom="structure {type:default;}">
        <Coords points="114,817 117,854 174,828 203,841 223,848 225,848 227,850 269,850 269,848 271,848 273,848 273,845 296,823 296,810 289,746 207,750 205,750 192,757 161,772 112,768 114,817"/>
        <Baseline points="114,817 296,810"/>
        <TextEquiv conf="0.9998321890830993">
          <Unicode>„ 12.</Unicode>
        </TextEquiv>
      </TextLine>
      <TextLine id="eSc_line_4f50272d" custom="structure {type:default;}">
        <Coords points="426,828 426,856 505,852 505,823 501,777 421,777 426,828"/>
        <Baseline points="426,828 505,823"/>
        <TextEquiv conf="0.9999998807907104">
          <Unicode>„</Unicode>
        </TextEquiv>
      </TextLine>
      <TextLine id="eSc_line_f8c75521" custom="structure {type:default;}">
        <Coords points="687,863 684,889 2598,896 2602,867 2600,830 687,830 687,863"/>
        <Baseline points="687,863 2602,867"/>
        <TextEquiv conf="0.9999898464180702">
          <Unicode>ecclesiis, quarum repraesentatio ad eos pertineat. Autogr. in tab. nat. Paris. L. 232.</Unicode>
        </TextEquiv>
      </TextLine>
      <TextLine id="eSc_line_157de8ff" custom="structure {type:default;}">
        <Coords points="689,923 689,940 1460,934 1462,916 1458,885 987,876 985,876 828,889 757,878 755,878 687,892 689,923"/>
        <Baseline points="689,923 1462,916"/>
        <TextEquiv conf="0.9894494434197744">
          <Unicode>n. 25. — „Quanto monasterium“.</Unicode>
        </TextEquiv>
      </TextLine>
      <TextLine id="eSc_line_711f6986" custom="structure {type:default;}">
        <Coords points="640,978 640,1000 2602,995 2604,971 2598,940 2204,940 2143,929 2140,929 2138,929 2136,929 2116,940 1626,931 1623,931 1504,942 1480,931 1478,931 1475,931 1473,931 1471,931 1455,942 1383,931 1380,931 1378,931 1376,931 1358,942 1265,934 1263,934 1212,945 1173,934 1170,934 656,934 653,934 651,934 649,934 638,940 640,978"/>
        <Baseline points="640,978 2604,971"/>
        <TextEquiv conf="0.9991345391553991">
          <Unicode>15365 (9731) N. (Adelberto) archiepiscopo Salzburgensi eiusque suffraganeis commendat</Unicode>
        </TextEquiv>
      </TextLine>
      <TextLine id="eSc_line_07c182d6" custom="structure {type:default;}">
        <Coords points="117,980 117,1013 293,1002 293,976 289,936 223,925 220,925 218,925 196,931 165,940 114,929 117,980"/>
        <Baseline points="117,980 293,976"/>
        <TextEquiv conf="0.9997649788856506">
          <Unicode>„ 17.</Unicode>
        </TextEquiv>
      </TextLine>
      <TextLine id="eSc_line_f28b2f90" custom="structure {type:default;}">
        <Coords points="421,993 421,998 517,995 519,989 514,956 419,956 421,993"/>
        <Baseline points="421,993 519,989"/>
        <TextEquiv conf="0.999984622001648">
          <Unicode>„„</Unicode>
        </TextEquiv>
      </TextLine>
      <TextLine id="eSc_line_0c9133e2" custom="structure {type:default;}">
        <Coords points="689,1031 689,1066 2607,1060 2607,1026 2600,998 687,998 689,1031"/>
        <Baseline points="689,1031 2607,1026"/>
        <TextEquiv conf="0.9999850083799923">
          <Unicode>monasterium Rotense, „specialius b. Petri et sui iuris existens“. Mandat, ut querelas</Unicode>
        </TextEquiv>
      </TextLine>
      <TextLine id="eSc_line_e63b3d3e" custom="structure {type:default;}">
        <Coords points="689,1086 689,1108 2602,1106 2604,1079 2598,1051 687,1055 689,1086"/>
        <Baseline points="689,1086 2604,1079"/>
        <TextEquiv conf="0.9979450574404076">
          <Unicode>monachorum audiant, eosque ab inimicorum iniuriis defendant. Mon. Boic. I. 368:</Unicode>
        </TextEquiv>
      </TextLine>
      <TextLine id="eSc_line_022d19a7" custom="structure {type:default;}">
        <Coords points="689,1143 689,1166 2598,1157 2600,1139 2596,1106 724,1099 722,1099 720,1099 687,1110 689,1143"/>
        <Baseline points="689,1143 2600,1139"/>
        <TextEquiv conf="0.9915574826300144">
          <Unicode>„XIII. kal. Mart.“, (Migne 201 p. 1335: „X. kal. Mart.“). — „Cum universis dei“.</Unicode>
        </TextEquiv>
      </TextLine>
      <TextLine id="eSc_line_92994cf1" custom="structure {type:default;}">
        <Coords points="114,1199 114,1219 136,1230 139,1230 141,1230 143,1230 145,1230 159,1216 161,1216 203,1216 205,1219 216,1227 216,1230 218,1230 220,1230 223,1230 293,1219 293,1194 289,1146 247,1137 245,1137 243,1137 190,1150 174,1154 165,1152 130,1139 128,1139 125,1139 123,1139 121,1139 112,1146 114,1199"/>
        <Baseline points="114,1199 293,1194"/>
        <TextEquiv conf="0.9999695301055909">
          <Unicode>„ 18.</Unicode>
        </TextEquiv>
      </TextLine>
      <TextLine id="eSc_line_4ebbc048" custom="structure {type:default;}">
        <Coords points="638,1199 638,1216 1206,1227 1208,1227 1277,1216 1294,1214 1319,1216 1407,1225 1409,1225 1469,1216 1484,1214 1511,1216 1630,1225 1632,1225 1749,1214 1767,1214 1774,1214 1813,1225 1816,1225 1818,1225 1942,1214 1981,1212 2056,1214 2275,1223 2277,1223 2600,1212 2602,1192 2598,1163 2156,1163 2123,1150 2121,1150 2118,1150 1959,1163 1942,1163 1875,1163 1303,1152 1301,1152 1299,1152 1296,1152 1283,1163 1279,1166 1261,1163 1182,1154 1179,1154 636,1163 638,1199"/>
        <Baseline points="638,1199 2602,1192"/>
        <TextEquiv conf="0.9923235223263125">
          <Unicode>15366 (9729) Monasterium dé Valle S. Iohannis Seizense tuendum suscipit eiusque</Unicode>
        </TextEquiv>
      </TextLine>
      <TextLine id="eSc_line_6a0309ee" custom="structure {type:default;}">
        <Coords points="424,1207 424,1238 523,1216 523,1207 523,1177 424,1177 424,1207"/>
        <Baseline points="424,1207 523,1207"/>
        <TextEquiv conf="1.0">
          <Unicode>„</Unicode>
        </TextEquiv>
      </TextLine>
      <TextLine id="eSc_line_d36f2ca2" custom="structure {type:default;}">
        <Coords points="689,1249 689,1272 2598,1276 2600,1249 2600,1216 689,1212 689,1249"/>
        <Baseline points="689,1249 2600,1249"/>
        <TextEquiv conf="0.994933571030454">
          <Unicode>bona confirmat, petente I(ohanne) priore. Pusch et Froehlich Dipl. St. II. 63, Pez</Unicode>
        </TextEquiv>
      </TextLine>
      <TextLine id="eSc_line_a8d67e22" custom="structure {type:default;}">
        <Coords points="691,1302 691,1329 2602,1329 2602,1302 2602,1274 691,1274 691,1302"/>
        <Baseline points="691,1302 2602,1302"/>
        <TextEquiv conf="0.9994038527394519">
          <Unicode>Thes. anecd. VI. II. 35, Zahn Urkundenb. v. Steiermark I. 607. — „Religiosae con-</Unicode>
        </TextEquiv>
      </TextLine>
      <TextLine id="eSc_line_aab8a3df" custom="structure {type:default;}">
        <Coords points="689,1360 689,1375 742,1391 744,1391 746,1393 905,1393 905,1391 908,1391 936,1378 1120,1391 1122,1391 1124,1391 1179,1375 1179,1360 1179,1331 689,1331 689,1360"/>
        <Baseline points="689,1360 1179,1360"/>
        <TextEquiv conf="0.9996934208002958">
          <Unicode>versationis honestas“.</Unicode>
        </TextEquiv>
      </TextLine>
      <TextLine id="eSc_line_4b72ccd4" custom="structure {type:default;}">
        <Coords points="638,1417 638,1442 2598,1444 2602,1411 2598,1373 687,1373 684,1373 682,1373 636,1384 638,1417"/>
        <Baseline points="638,1417 2602,1411"/>
        <TextEquiv conf="0.9942815936641929">
          <Unicode>15367 (9730) Nobiles viros, O(rtolfum), O(tacharum) et L(eopoldum) de Gonuvitz ab</Unicode>
        </TextEquiv>
      </TextLine>
      <TextLine id="eSc_line_340e4e81" custom="structure {type:default;}">
        <Coords points="117,1419 117,1453 165,1453 165,1450 167,1450 170,1450 170,1448 176,1444 187,1435 216,1437 271,1444 273,1444 276,1444 278,1444 291,1431 291,1413 285,1342 240,1344 238,1344 236,1344 236,1347 223,1358 194,1384 187,1378 185,1378 183,1378 181,1378 114,1389 117,1419"/>
        <Baseline points="117,1419 291,1413"/>
        <TextEquiv conf="0.9350473523139954">
          <Unicode>„ 18.</Unicode>
        </TextEquiv>
      </TextLine>
      <TextLine id="eSc_line_c981e08d" custom="structure {type:default;}">
        <Coords points="426,1431 426,1450 514,1437 517,1426 512,1395 421,1380 426,1431"/>
        <Baseline points="426,1431 517,1426"/>
        <TextEquiv conf="1.0">
          <Unicode>„</Unicode>
        </TextEquiv>
      </TextLine>
      <TextLine id="eSc_line_844c84e2" custom="structure {type:default;}">
        <Coords points="689,1470 689,1490 2598,1497 2602,1466 2596,1431 687,1437 689,1470"/>
        <Baseline points="689,1470 2602,1466"/>
        <TextEquiv conf="0.9937514713624629">
          <Unicode>iniuriis in fratres Seizenses dehortatur. Pusch et Froehlich Dipl. St. II. 64, Pez</Unicode>
        </TextEquiv>
      </TextLine>
      <TextLine id="eSc_line_0eb75921" custom="structure {type:default;}">
        <Coords points="691,1525 691,1545 2598,1541 2600,1521 2596,1492 689,1490 691,1525"/>
        <Baseline points="691,1525 2600,1521"/>
        <TextEquiv conf="0.9990132186986223">
          <Unicode>TThes. anecd. VI. II. 36, Zahn Urkundenb. v. Steiermark I. 608. — „Cum vos ab“.</Unicode>
        </TextEquiv>
      </TextLine>
      <TextLine id="eSc_line_0cd0482b" custom="structure {type:default;}">
        <Coords points="640,1581 640,1605 2600,1601 2602,1576 2596,1548 638,1550 640,1581"/>
        <Baseline points="640,1581 2602,1576"/>
        <TextEquiv conf="0.9974014903162862">
          <Unicode>15368 Willelmo priori Gyriensi et eius fratribus asserit decimam, a Dietrico, episcopo Gur-</Unicode>
        </TextEquiv>
      </TextLine>
      <TextLine id="eSc_line_e0382ccd" custom="structure {type:default;}">
        <Coords points="117,1583 117,1607 143,1614 145,1614 148,1614 150,1614 150,1612 161,1603 167,1594 198,1594 207,1598 231,1612 234,1612 236,1612 238,1612 298,1587 298,1576 291,1541 114,1548 117,1583"/>
        <Baseline points="117,1583 298,1576"/>
        <TextEquiv conf="0.9999953508377075">
          <Unicode>„ 18.</Unicode>
        </TextEquiv>
      </TextLine>
      <TextLine id="eSc_line_c64a8a57" custom="structure {type:default;}">
        <Coords points="433,1590 433,1612 508,1614 510,1590 510,1519 433,1517 433,1590"/>
        <Baseline points="433,1590 510,1590"/>
        <TextEquiv conf="0.999891996383667">
          <Unicode>„</Unicode>
        </TextEquiv>
      </TextLine>
      <TextLine id="eSc_line_d58ebf17" custom="structure {type:default;}">
        <Coords points="687,1634 687,1658 2600,1658 2600,1634 2600,1603 687,1603 687,1634"/>
        <Baseline points="687,1634 2600,1634"/>
        <TextEquiv conf="0.9979826604778116">
          <Unicode>censi, concessam. Zahn Urkundenb. v. Steiermark I. 606. — „Iustis petentium desideriis“.</Unicode>
        </TextEquiv>
      </TextLine>
      <TextLine id="eSc_line_38f74371" custom="structure {type:default;}">
        <Coords points="119,1693 119,1740 296,1737 296,1693 296,1640 276,1623 276,1620 273,1620 271,1620 231,1620 229,1620 227,1620 225,1620 176,1654 167,1660 119,1660 119,1693"/>
        <Baseline points="119,1693 296,1693"/>
        <TextEquiv conf="0.9999366521835327">
          <Unicode>„ 25.</Unicode>
        </TextEquiv>
      </TextLine>
      <TextLine id="eSc_line_6975d508" custom="structure {type:default;}">
        <Coords points="638,1693 638,1715 2598,1713 2600,1687 2596,1658 653,1651 651,1651 649,1651 647,1651 636,1658 638,1693"/>
        <Baseline points="638,1693 2600,1687"/>
        <TextEquiv conf="0.9963783607250307">
          <Unicode>15369 (9732) Compositionem inter Henricum, praepositum Basileensem, et monasterium</Unicode>
        </TextEquiv>
      </TextLine>
      <TextLine id="eSc_line_e508504d" custom="structure {type:default;}">
        <Coords points="428,1704 428,1786 512,1768 512,1704 512,1669 428,1662 428,1704"/>
        <Baseline points="428,1704 512,1704"/>
        <TextEquiv conf="1.0">
          <Unicode>„</Unicode>
        </TextEquiv>
      </TextLine>
      <TextLine id="eSc_line_c76db44a" custom="structure {type:default;}">
        <Coords points="689,1746 689,1771 748,1784 751,1784 753,1784 793,1771 799,1771 808,1771 870,1782 872,1782 1016,1771 1034,1771 1047,1771 1155,1784 1157,1784 1159,1784 1206,1771 1208,1771 1210,1771 1241,1784 1243,1784 1246,1786 1500,1786 1500,1784 1621,1771 1643,1768 1648,1771 1663,1782 1665,1782 1668,1782 1670,1784 2021,1784 2021,1782 2023,1782 2070,1771 2076,1768 2081,1771 2105,1782 2107,1782 2109,1782 2112,1782 2145,1771 2151,1768 2209,1771 2558,1782 2560,1782 2562,1782 2602,1768 2602,1742 2596,1713 687,1715 689,1746"/>
        <Baseline points="689,1746 2602,1742"/>
        <TextEquiv conf="0.9902268037909553">
          <Unicode>Lucellense de decimis factam confirmat. Gall. Chr. XV. Instr. p. 208, Trouillat Mon.</Unicode>
        </TextEquiv>
      </TextLine>
      <TextLine id="eSc_line_d7bd200d" custom="structure {type:default;}">
        <Coords points="689,1799 689,1819 715,1832 718,1832 720,1832 722,1832 757,1819 786,1830 788,1830 790,1830 1135,1819 1155,1832 1157,1832 1159,1832 1162,1835 1367,1835 1367,1832 1369,1832 1416,1819 1493,1832 1495,1832 1497,1832 1551,1817 1551,1799 1551,1771 689,1771 689,1799"/>
        <Baseline points="689,1799 1551,1799"/>
        <TextEquiv conf="0.9999065942624036">
          <Unicode>de Bdle I. 395. — „Cum inter vos“.</Unicode>
        </TextEquiv>
      </TextLine>
      <TextLine id="eSc_line_ef003193" custom="structure {type:default;}">
        <Coords points="642,1859 642,1877 2598,1881 2602,1855 2596,1813 640,1819 642,1859"/>
        <Baseline points="642,1859 2602,1855"/>
        <TextEquiv conf="0.9871013556854634">
          <Unicode>15370 Monasterio Molismensi donatam a W(illelmo) comite Nivernensi ecclesiam S.</Unicode>
        </TextEquiv>
      </TextLine>
      <TextLine id="eSc_line_9c1ea490" custom="structure {type:default;}">
        <Coords points="117,1861 117,1901 245,1901 247,1901 249,1901 249,1899 251,1899 260,1888 262,1885 293,1885 296,1857 291,1817 203,1808 201,1808 198,1808 170,1819 114,1802 117,1861"/>
        <Baseline points="117,1861 296,1857"/>
        <TextEquiv conf="0.9987374782562256">
          <Unicode>„ 26.</Unicode>
        </TextEquiv>
      </TextLine>
      <TextLine id="eSc_line_ed60ddec" custom="structure {type:default;}">
        <Coords points="435,1863 430,1908 497,1914 503,1868 501,1841 435,1830 435,1863"/>
        <Baseline points="435,1863 503,1868"/>
        <TextEquiv conf="1.0">
          <Unicode>„</Unicode>
        </TextEquiv>
      </TextLine>
      <TextLine id="eSc_line_80b1d383" custom="structure {type:default;}">
        <Coords points="689,1914 689,1934 1497,1943 1500,1943 1855,1930 1875,1930 1877,1930 1891,1941 1893,1941 1895,1941 1897,1943 2087,1943 2087,1941 2275,1938 2277,1938 2280,1938 2293,1927 2295,1927 2306,1927 2498,1938 2501,1938 2554,1925 2556,1905 2549,1877 687,1883 689,1914"/>
        <Baseline points="689,1914 2556,1905"/>
        <TextEquiv conf="0.99988764373562">
          <Unicode>Aniani confirmat. Pflugk-Harttung Acta I. 322. — „Iustis petentium desideriis“.</Unicode>
        </TextEquiv>
      </TextLine>
      <TextLine id="eSc_line_01996aa5" custom="structure {type:default;}">
        <Coords points="638,1967 638,1991 2600,1994 2604,1961 2600,1934 2156,1923 2154,1923 1968,1934 1944,1936 636,1936 638,1967"/>
        <Baseline points="638,1967 2604,1961"/>
        <TextEquiv conf="0.9988365428788322">
          <Unicode>15371 (9733) Ecclesiae S. Mariae Ratisponensis protectionem suscipit et possessiones</Unicode>
        </TextEquiv>
      </TextLine>
      <TextLine id="eSc_line_44995cd6" custom="structure {type:default;}">
        <Coords points="117,1972 117,1994 203,1987 212,1987 271,2000 273,2000 276,2000 278,2000 300,1983 300,1967 293,1927 114,1930 117,1972"/>
        <Baseline points="117,1972 300,1967"/>
        <TextEquiv conf="0.9403203964233399">
          <Unicode>„ 27.</Unicode>
        </TextEquiv>
      </TextLine>
      <TextLine id="eSc_line_7bf157d2" custom="structure {type:default;}">
        <Coords points="430,1978 430,1985 508,1987 510,1978 508,1947 430,1949 430,1978"/>
        <Baseline points="430,1978 510,1978"/>
        <TextEquiv conf="1.0">
          <Unicode>„)</Unicode>
        </TextEquiv>
      </TextLine>
      <TextLine id="eSc_line_2c046e13" custom="structure {type:default;}">
        <Coords points="691,2020 691,2044 2596,2040 2598,2016 2591,1985 689,1987 691,2020"/>
        <Baseline points="691,2020 2598,2016"/>
        <TextEquiv conf="0.9998558124429301">
          <Unicode>iuraque confirmat, petente Erbordo decano. Ried I. 263, Migne 201 p. 1336. —</Unicode>
        </TextEquiv>
      </TextLine>
      <TextLine id="eSc_line_6eeec36e" custom="structure {type:default;}">
        <Coords points="691,2078 691,2100 1327,2091 1330,2071 1325,2038 720,2038 718,2038 715,2038 689,2047 691,2078"/>
        <Baseline points="691,2078 1330,2071"/>
        <TextEquiv conf="0.9889865003783127">
          <Unicode>„Piae postulatio voluntatis“.</Unicode>
        </TextEquiv>
      </TextLine>
      <TextLine id="eSc_line_bee5b5ea" custom="structure {type:default;}">
        <Coords points="86,2131 86,2175 298,2175 298,2131 298,2095 196,2095 161,2071 145,2060 143,2060 141,2060 86,2060 86,2131"/>
        <Baseline points="86,2131 298,2131"/>
        <TextEquiv conf="0.9811608791351318">
          <Unicode>Mart. 1.</Unicode>
        </TextEquiv>
      </TextLine>
      <TextLine id="eSc_line_63cec2f8" custom="structure {type:default;}">
        <Coords points="640,2133 640,2153 1455,2164 1458,2164 1515,2157 1564,2153 1590,2157 1619,2164 1621,2164 1663,2159 1723,2150 1787,2159 1811,2161 1813,2161 1946,2159 2410,2150 2600,2161 2604,2128 2600,2093 656,2089 653,2089 651,2089 649,2089 638,2095 640,2133"/>
        <Baseline points="640,2133 2604,2128"/>
        <TextEquiv conf="0.9969259241048027">
          <Unicode>15372 Priori et fratribus S. Martini de Campis Parisiensibus decimas iniuste detentas</Unicode>
        </TextEquiv>
      </TextLine>
      <TextLine id="eSc_line_4508335b" custom="structure {type:default;}">
        <Coords points="430,2142 430,2179 510,2179 510,2142 508,2040 430,2058 430,2142"/>
        <Baseline points="430,2142 510,2142"/>
        <TextEquiv conf="1.0">
          <Unicode>„</Unicode>
        </TextEquiv>
      </TextLine>
      <TextLine id="eSc_line_27c4b89b" custom="structure {type:default;}">
        <Coords points="689,2186 689,2212 2600,2212 2602,2181 2596,2153 687,2153 689,2186"/>
        <Baseline points="689,2186 2602,2181"/>
        <TextEquiv conf="0.9968488230937864">
          <Unicode>e laicorum manibus redimendi facultatem dat. Addit de bonis monasterii infeudatis.</Unicode>
        </TextEquiv>
      </TextLine>
      <TextLine id="eSc_line_c573125a" custom="structure {type:default;}">
        <Coords points="691,2241 691,2263 2598,2259 2600,2237 2596,2208 1661,2197 1659,2197 1657,2197 1654,2197 1639,2208 1637,2210 689,2210 691,2241"/>
        <Baseline points="691,2241 2600,2237"/>
        <TextEquiv conf="0.9950909156624864">
          <Unicode>In tabul. nat. Paris. Cartul. de St. Mart. des Champs s. XIII. LL. 1351. f. 12“. —</Unicode>
        </TextEquiv>
      </TextLine>
      <TextLine id="eSc_line_c09648ef" custom="structure {type:default;}">
        <Coords points="691,2301 691,2318 1084,2325 1087,2325 1190,2312 1193,2296 1188,2263 919,2256 916,2256 914,2256 912,2256 901,2267 899,2267 861,2256 859,2256 857,2256 855,2256 830,2267 724,2256 722,2256 720,2256 689,2267 691,2301"/>
        <Baseline points="691,2301 1193,2296"/>
        <TextEquiv conf="0.9999997304833453">
          <Unicode>„Sicut iuri contraria“.</Unicode>
        </TextEquiv>
      </TextLine>
      <TextLine id="eSc_line_f3268d6e" custom="structure {type:default;}">
        <Coords points="640,2354 640,2378 2600,2380 2604,2345 2598,2314 638,2318 640,2354"/>
        <Baseline points="640,2354 2604,2345"/>
        <TextEquiv conf="0.9964006906602441">
          <Unicode>15373 *Fratribus Tennebacensibus asserit praedium Roggenbach, ab abbate S. Georgii</Unicode>
        </TextEquiv>
      </TextLine>
      <TextLine id="eSc_line_33dd3fd1" custom="structure {type:default;}">
        <Coords points="433,2358 430,2373 501,2378 505,2362 505,2296 435,2296 433,2358"/>
        <Baseline points="433,2358 505,2362"/>
        <TextEquiv conf="1.0">
          <Unicode>„</Unicode>
        </TextEquiv>
      </TextLine>
      <TextLine id="eSc_line_8369ca51" custom="structure {type:default;}">
        <Coords points="117,2360 119,2382 178,2362 234,2362 245,2371 249,2376 249,2378 251,2378 254,2378 256,2378 258,2378 298,2367 298,2354 293,2316 231,2307 229,2307 114,2320 117,2360"/>
        <Baseline points="117,2360 298,2354"/>
        <TextEquiv conf="0.9997170120477676">
          <Unicode>„ 1.</Unicode>
        </TextEquiv>
      </TextLine>
      <TextLine id="eSc_line_c0f8fb83" custom="structure {type:default;}">
        <Coords points="687,2407 687,2429 2604,2429 2604,2407 2604,2371 687,2371 687,2407"/>
        <Baseline points="687,2407 2604,2407"/>
        <TextEquiv conf="0.9982267566349196">
          <Unicode>(in silva nigra) sibi vindicatum. Schriften des Alt.-Ver. f. d. Grossherzogth. BadenII. 192.</Unicode>
        </TextEquiv>
      </TextLine>
      <TextLine id="eSc_line_15235ebf" custom="structure {type:default;}">
        <Coords points="638,2462 638,2484 2602,2479 2604,2457 2600,2429 665,2420 662,2420 660,2420 636,2429 638,2462"/>
        <Baseline points="638,2462 2604,2457"/>
        <TextEquiv conf="0.9997170532858649">
          <Unicode>15374 (9734) Edicit, ut monasterium Raitenhaselacense et reliqua ordinis Cisterciensis</Unicode>
        </TextEquiv>
      </TextLine>
      <TextLine id="eSc_line_65c6cb47" custom="structure {type:default;}">
        <Coords points="119,2468 119,2499 300,2475 300,2462 293,2431 117,2433 119,2468"/>
        <Baseline points="119,2468 300,2462"/>
        <TextEquiv conf="0.9999901950359344">
          <Unicode>„ 4.</Unicode>
        </TextEquiv>
      </TextLine>
      <TextLine id="eSc_line_72079930" custom="structure {type:default;}">
        <Coords points="433,2471 433,2497 470,2517 472,2517 475,2517 477,2517 508,2508 508,2471 508,2422 433,2415 433,2471"/>
        <Baseline points="433,2471 508,2471"/>
        <TextEquiv conf="0.9999998807907104">
          <Unicode>„</Unicode>
        </TextEquiv>
      </TextLine>
      <TextLine id="eSc_line_eac0bed5" custom="structure {type:default;}">
        <Coords points="689,2515 689,2541 2602,2537 2604,2510 2598,2484 687,2486 689,2515"/>
        <Baseline points="689,2515 2604,2510"/>
        <TextEquiv conf="0.9981323346495629">
          <Unicode>coenobia decumarum immunitatem habeant et „de novalibus et de aliis terris, quas</Unicode>
        </TextEquiv>
      </TextLine>
      <TextLine id="eSc_line_701878ff" custom="structure {type:default;}">
        <Coords points="691,2572 691,2597 2600,2592 2602,2568 2596,2537 689,2539 691,2572"/>
        <Baseline points="691,2572 2602,2568"/>
        <TextEquiv conf="0.9990261133979349">
          <Unicode>fratres propriis manibus vel sumptibus excolant, et de nutrimentis animalium suorum“.</Unicode>
        </TextEquiv>
      </TextLine>
      <TextLine id="eSc_line_83f474b5" custom="structure {type:default;}">
        <Coords points="693,2625 693,2645 2324,2650 2326,2625 2326,2585 693,2585 693,2625"/>
        <Baseline points="693,2625 2326,2625"/>
        <TextEquiv conf="0.9975569061378935">
          <Unicode>Mon. Boic. III. 116, Migne 201 p. 1338. — „Audivimus et audientes“.</Unicode>
        </TextEquiv>
      </TextLine>
      <TextLine id="eSc_line_2f37d12a" custom="structure {type:default;}">
        <Coords points="642,2683 642,2705 2604,2698 2607,2676 2602,2650 1296,2641 1294,2641 1292,2641 1259,2652 656,2643 653,2643 651,2643 649,2643 640,2647 642,2683"/>
        <Baseline points="642,2683 2607,2676"/>
        <TextEquiv conf="0.9999943802386154">
          <Unicode>15375 (9735) Monasterium Tennebacense tuendum suscipit, eiusque bona et iura con-</Unicode>
        </TextEquiv>
      </TextLine>
      <TextLine id="eSc_line_b977a9b1" custom="structure {type:default;}">
        <Coords points="119,2689 119,2714 170,2722 172,2722 174,2722 176,2722 176,2720 183,2716 196,2698 238,2698 262,2716 262,2718 265,2718 267,2718 269,2718 302,2716 302,2683 296,2627 117,2650 119,2689"/>
        <Baseline points="119,2689 302,2683"/>
        <TextEquiv conf="0.9983680546283722">
          <Unicode>„ 4.</Unicode>
        </TextEquiv>
      </TextLine>
      <TextLine id="eSc_line_9266065e" custom="structure {type:default;}">
        <Coords points="430,2691 430,2742 512,2740 512,2691 512,2630 430,2630 430,2691"/>
        <Baseline points="430,2691 512,2691"/>
        <TextEquiv conf="0.9999899864196777">
          <Unicode>„</Unicode>
        </TextEquiv>
      </TextLine>
      <TextLine id="eSc_line_c70885f8" custom="structure {type:default;}">
        <Coords points="689,2736 689,2769 2607,2758 2607,2736 2607,2705 689,2705 689,2736"/>
        <Baseline points="689,2736 2607,2736"/>
        <TextEquiv conf="0.9978742742840248">
          <Unicode>firmat, petente Conrado abbate. Neugart Ep. Const. I. II. 595, (Dümgé Reg. Bad.</Unicode>
        </TextEquiv>
      </TextLine>
      <TextLine id="eSc_line_99eb8ede" custom="structure {type:default;}">
        <Coords points="691,2793 691,2811 826,2822 828,2822 945,2811 947,2811 978,2822 980,2822 983,2822 1237,2809 1248,2809 1252,2809 1338,2820 1341,2820 1343,2820 1374,2806 1378,2806 1383,2806 1422,2817 1425,2817 1427,2817 1668,2804 1670,2786 1665,2758 1022,2749 1020,2749 1018,2749 974,2760 771,2751 768,2751 689,2762 691,2793"/>
        <Baseline points="691,2793 1670,2786"/>
        <TextEquiv conf="0.999482083611372">
          <Unicode>p. 58). — „Religiosam vitam eligentibus“.</Unicode>
        </TextEquiv>
      </TextLine>
      <TextLine id="eSc_line_6383fdfd" custom="structure {type:default;}">
        <Coords points="642,2844 642,2870 2602,2864 2604,2837 2600,2811 640,2809 642,2844"/>
        <Baseline points="642,2844 2604,2837"/>
        <TextEquiv conf="0.9972104444060215">
          <Unicode>15376 (9736) Monasterii Salemensis protectionem suscipit possessionesque et privilegia</Unicode>
        </TextEquiv>
      </TextLine>
      <TextLine id="eSc_line_d6bc63b8" custom="structure {type:default;}">
        <Coords points="121,2850 121,2892 300,2906 302,2850 302,2800 245,2800 243,2800 240,2800 238,2800 234,2804 218,2815 121,2813 121,2850"/>
        <Baseline points="121,2850 302,2850"/>
        <TextEquiv conf="0.9986189305782318">
          <Unicode>„ 4.</Unicode>
        </TextEquiv>
      </TextLine>
      <TextLine id="eSc_line_add4793f" custom="structure {type:default;}">
        <Coords points="428,2857 426,2884 508,2888 512,2862 514,2817 477,2802 475,2802 472,2802 470,2802 428,2817 428,2857"/>
        <Baseline points="428,2857 512,2862"/>
        <TextEquiv conf="1.0">
          <Unicode>„</Unicode>
        </TextEquiv>
      </TextLine>
      <TextLine id="eSc_line_dec2817d" custom="structure {type:default;}">
        <Coords points="691,2899 691,2923 936,2937 938,2939 1075,2939 1075,2937 1078,2937 1080,2937 1093,2928 1095,2926 1106,2928 1159,2937 1162,2937 1407,2928 1517,2926 1562,2930 1634,2937 1637,2939 2081,2939 2081,2937 2083,2937 2094,2932 2116,2926 2602,2934 2604,2899 2604,2870 691,2870 691,2899"/>
        <Baseline points="691,2899 2604,2899"/>
        <TextEquiv conf="0.9895829439163208">
          <Unicode>confirmat, petente Christiano abbate. Wirtemberg. Urkundenb. II. 239, Weech Cod.</Unicode>
        </TextEquiv>
      </TextLine>
      <TextLine id="eSc_line_1b956e51" custom="structure {type:default;}">
        <Coords points="691,2954 691,2974 744,2987 746,2987 802,2976 855,2987 857,2990 1040,2990 1040,2987 1042,2987 1045,2987 1062,2976 1106,2987 1109,2987 1111,2987 1113,2987 1155,2976 1241,2976 1252,2985 1252,2987 1254,2987 1257,2987 1259,2990 1500,2990 1500,2987 1502,2987 1524,2976 1577,2987 1579,2987 1674,2976 1875,2987 1877,2987 1964,2974 1964,2954 1964,2923 691,2923 691,2954"/>
        <Baseline points="691,2954 1964,2954"/>
        <TextEquiv conf="0.9971175811507486">
          <Unicode>dipl. Salemit. p. 53. — „Religiosam vitam eligentibus“.</Unicode>
        </TextEquiv>
      </TextLine>
      <TextLine id="eSc_line_c1b7e2d7" custom="structure {type:default;}">
        <Coords points="645,3009 645,3043 698,3032 1142,3038 1270,3040 1272,3040 1323,3038 1440,3029 1672,3034 1864,3038 1866,3038 2602,3025 2604,3003 2598,2974 642,2979 645,3009"/>
        <Baseline points="645,3009 2604,3003"/>
        <TextEquiv conf="0.9999222488964306">
          <Unicode>15377 Petro, episcopo Atrebatensi, de haereticis anathematizandis et de puniendis ad-</Unicode>
        </TextEquiv>
      </TextLine>
      <TextLine id="eSc_line_e98cc348" custom="structure {type:default;}">
        <Coords points="121,3016 121,3051 174,3051 174,3049 176,3049 178,3049 212,3025 300,3045 302,3012 298,2959 251,2954 249,2954 247,2954 231,2961 194,2974 119,2965 121,3016"/>
        <Baseline points="121,3016 302,3012"/>
        <TextEquiv conf="0.9969026446342468">
          <Unicode>„ 4.</Unicode>
        </TextEquiv>
      </TextLine>
      <TextLine id="eSc_line_4a0f0764" custom="structure {type:default;}">
        <Coords points="428,3023 433,3100 488,3087 517,3096 517,3018 510,2987 426,2990 428,3023"/>
        <Baseline points="428,3023 517,3018"/>
        <TextEquiv conf="1.0">
          <Unicode>„</Unicode>
        </TextEquiv>
      </TextLine>
      <TextLine id="eSc_line_03b33426" custom="structure {type:default;}">
        <Coords points="698,3062 698,3085 2600,3078 2602,3056 2596,3029 695,3034 698,3062"/>
        <Baseline points="698,3062 2602,3056"/>
        <TextEquiv conf="0.9980021890471963">
          <Unicode>vocatis ecclesiarum scribit. Ex Coll. Morcau t. 86. f. 65 bibl. nat. Paris. misit De-</Unicode>
        </TextEquiv>
      </TextLine>
      <TextLine id="eSc_line_9edb67db" custom="structure {type:default;}">
        <Coords points="689,3113 687,3133 722,3149 724,3149 726,3149 1073,3138 1299,3151 1301,3151 1478,3140 1520,3151 1522,3151 1524,3151 1972,3142 1988,3153 1990,3153 1992,3153 1995,3153 2487,3140 2489,3120 2487,3082 689,3082 689,3113"/>
        <Baseline points="689,3113 2489,3120"/>
        <TextEquiv conf="0.9915836840867996">
          <Unicode>lisle; Cartul. de T&#x27;égI. d&#x27;Arras, ms. lat. 9930. f. 57“. — „Fraternitatem tuam“.</Unicode>
        </TextEquiv>
      </TextLine>
      <TextLine id="eSc_line_73cf53e6" custom="structure {type:default;}">
        <Coords points="645,3168 642,3191 2598,3197 2602,3173 2600,3140 645,3135 645,3168"/>
        <Baseline points="645,3168 2602,3173"/>
        <TextEquiv conf="0.9999890521515248">
          <Unicode>15378 (9737) Rain(aldo), episcopo Noviomensi, significat, se excommunicandi licentiam,</Unicode>
        </TextEquiv>
      </TextLine>
      <TextLine id="eSc_line_bbacfa89" custom="structure {type:default;}">
        <Coords points="121,3180 121,3221 181,3221 181,3219 183,3219 185,3219 185,3217 198,3206 216,3191 251,3195 280,3199 282,3199 285,3199 287,3199 302,3186 302,3173 296,3138 119,3149 121,3180"/>
        <Baseline points="121,3180 302,3173"/>
        <TextEquiv conf="0.9978354275226593">
          <Unicode>„ 7.</Unicode>
        </TextEquiv>
      </TextLine>
      <TextLine id="eSc_line_8d79d623" custom="structure {type:default;}">
        <Coords points="426,3186 426,3195 514,3188 517,3182 510,3151 424,3155 426,3186"/>
        <Baseline points="426,3186 517,3182"/>
        <TextEquiv conf="1.0">
          <Unicode>„</Unicode>
        </TextEquiv>
      </TextLine>
      <TextLine id="eSc_line_f4f8976f" custom="structure {type:default;}">
        <Coords points="695,3226 695,3250 2600,3250 2602,3221 2596,3193 693,3193 695,3226"/>
        <Baseline points="695,3226 2602,3221"/>
        <TextEquiv conf="0.9987438607819473">
          <Unicode>decano et canonicis ab eo concessam, sustulisse. (Vid. notam ad 15394). Launoii</Unicode>
        </TextEquiv>
      </TextLine>
      <TextLine id="eSc_line_0c6cca9d" custom="structure {type:default;}">
        <Coords points="689,3281 689,3303 1535,3319 1537,3319 1539,3319 1581,3301 1586,3301 1657,3301 1659,3301 1694,3316 1696,3316 1699,3316 1760,3301 1767,3301 1833,3301 1836,3301 1860,3316 1862,3316 1864,3316 1866,3319 2114,3319 2114,3316 2116,3316 2158,3301 2160,3301 2311,3316 2313,3316 2386,3299 2388,3277 2381,3250 687,3250 689,3281"/>
        <Baseline points="689,3281 2388,3277"/>
        <TextEquiv conf="0.9957674095328425">
          <Unicode>Opp. III. I. 462, Pflugk-Harttung Acta I. 323. — „Ex suscepto tenemur“.</Unicode>
        </TextEquiv>
      </TextLine>
      <TextLine id="eSc_line_e8853ad2" custom="structure {type:default;}">
        <Coords points="642,3339 642,3365 2598,3369 2602,3334 2596,3301 640,3303 642,3339"/>
        <Baseline points="642,3339 2602,3334"/>
        <TextEquiv conf="0.9985749632462688">
          <Unicode>15379 (9738) Archiepiscopo Salzburgensi eiusque suffraganeis, abbatibus, archidiaconis,</Unicode>
        </TextEquiv>
      </TextLine>
      <TextLine id="eSc_line_b3870da5" custom="structure {type:default;}">
        <Coords points="117,3345 117,3358 176,3374 178,3374 181,3374 183,3374 183,3372 203,3356 280,3365 282,3365 285,3365 287,3365 304,3354 304,3339 298,3294 114,3314 117,3345"/>
        <Baseline points="117,3345 304,3339"/>
        <TextEquiv conf="0.99996018409729">
          <Unicode>„ 7.</Unicode>
        </TextEquiv>
      </TextLine>
      <TextLine id="eSc_line_3efdcd91" custom="structure {type:default;}">
        <Coords points="413,3352 413,3356 459,3372 461,3372 463,3372 466,3372 517,3354 517,3347 510,3319 410,3321 413,3352"/>
        <Baseline points="413,3352 517,3347"/>
        <TextEquiv conf="0.9905661940574646">
          <Unicode>„</Unicode>
        </TextEquiv>
      </TextLine>
      <TextLine id="eSc_line_dacf5f24" custom="structure {type:default;}">
        <Coords points="695,3392 695,3416 2602,3411 2604,3387 2598,3358 693,3358 695,3392"/>
        <Baseline points="695,3392 2604,3387"/>
        <TextEquiv conf="0.9962561618850891">
          <Unicode>praepositis et presbyteris mandat, ne a Waldsassensibus, sicut nec ab aliis ordinis</Unicode>
        </TextEquiv>
      </TextLine>
      <TextLine id="eSc_line_304d8db2" custom="structure {type:default;}">
        <Coords points="693,3442 691,3469 755,3486 757,3486 760,3489 1100,3489 1100,3486 1102,3486 1126,3475 1332,3489 1334,3489 1436,3478 1679,3489 1681,3489 1897,3478 1937,3475 1942,3478 1968,3491 1970,3491 1972,3493 2092,3493 2092,3491 2094,3491 2096,3491 2114,3478 2116,3478 2127,3478 2251,3491 2253,3491 2255,3491 2293,3480 2299,3478 2598,3480 2602,3449 2600,3420 693,3414 693,3442"/>
        <Baseline points="693,3442 2602,3449"/>
        <TextEquiv conf="0.9987381244280252">
          <Unicode>Cisterciensis fratribus, decimas extorqueri patiantur. PRlugk-Harttung Acta I. 322.</Unicode>
        </TextEquiv>
      </TextLine>
      <TextLine id="eSc_line_5ada8365" custom="structure {type:default;}">
        <Coords points="691,3504 691,3562 1047,3570 1049,3570 1157,3564 1385,3551 1398,3562 1398,3564 1400,3564 1402,3564 1416,3566 1533,3568 1535,3568 1553,3566 1619,3553 1676,3553 1690,3566 1692,3566 1692,3568 1694,3568 1696,3568 1699,3568 1919,3566 1919,3500 1913,3471 689,3473 691,3504"/>
        <Baseline points="691,3504 1919,3500"/>
        <TextEquiv conf="0.9928402585141799">
          <Unicode>(taaus Regesta I. 328). — „Audiwimus et audientes“.</Unicode>
        </TextEquiv>
      </TextLine>
    </TextRegion>
    <TextRegion id="eSc_textblock_8bb36265"  custom="structure {type:default;}">
      <Coords points="1131,141 1718,150 1727,236 919,245 919,159 1131,141"/>
      <TextLine id="eSc_line_332d0040" custom="structure {type:default;}">
        <Coords points="936,220 936,242 1643,249 1646,249 1710,236 1710,214 1705,170 1612,152 1610,152 1608,152 1606,152 1606,154 1595,165 1486,167 1451,150 1449,150 1447,150 1354,170 1219,152 1217,152 1215,152 1212,152 1190,165 1031,154 1029,154 934,174 936,220"/>
        <Baseline points="936,220 1710,214"/>
        <TextEquiv conf="0.9717928306622938">
          <Unicode>LLC1US III. 1181—1185.</Unicode>
        </TextEquiv>
      </TextLine>
    </TextRegion>
    <TextRegion id="eSc_textblock_a1d6df45"  custom="structure {type:default;}">
      <Coords points="2536,150 2635,176 2609,253 2470,245 2461,167 2536,150"/>
      <TextLine id="eSc_line_e57c4bb3" custom="structure {type:default;}">
        <Coords points="2591,165 2569,159 2547,152 2534,152 2531,152 2529,152 2481,170 2485,220 2485,245 2607,249 2609,214 2604,167 2591,165"/>
        <Baseline points="2485,220 2609,214"/>
        <TextEquiv conf="0.999999205271403">
          <Unicode>485</Unicode>
        </TextEquiv>
      </TextLine>
    </TextRegion>
  </Page>
</PcGts>
