<?xml version="1.0" encoding="UTF-8"  standalone="yes"?>
<PcGts xmlns="http://schema.primaresearch.org/PAGE/gts/pagecontent/2019-07-15" xmlns:xsi="http://www.w3.org/2001/XMLSchema-instance" xsi:schemaLocation="http://schema.primaresearch.org/PAGE/gts/pagecontent/2019-07-15 http://schema.primaresearch.org/PAGE/gts/pagecontent/2019-07-15/pagecontent.xsd">
  <Metadata externalRef="pdf//regestapontificu02cath.pdf">
	<Creator>escriptorium</Creator>
	<Created>2026-01-31T10:41:26.537772+00:00</Created>
        <LastChange>2026-02-04T22:01:28.947888+00:00</LastChange>
  </Metadata>
  <Page imageFilename="regestapontificu02cath.pdf_page_538.png" imageWidth="3007" imageHeight="3975">
    <TextRegion id="eSc_textblock_bf36e242"  custom="structure {type:default;}">
      <Coords points="346,123 448,132 466,192 439,218 291,218 300,141 346,123"/>
      <TextLine id="eSc_line_273a97d1" custom="structure {type:default;}">
        <Coords points="380,125 309,143 315,194 315,223 439,220 439,185 435,136 393,125 380,125"/>
        <Baseline points="315,194 439,185"/>
        <TextEquiv conf="1.0">
          <Unicode>526</Unicode>
        </TextEquiv>
      </TextLine>
    </TextRegion>
    <TextRegion id="eSc_textblock_f40cc24c"  custom="structure {type:default;}">
      <Coords points="1654,273 2883,282 2883,3495 2697,3522 919,3513 872,3486 309,3478 282,3407 291,309 318,282 554,291 581,371 600,282 1654,273"/>
      <TextLine id="eSc_line_2e0277b2" custom="structure {type:default;}">
        <Coords points="866,333 866,362 2397,366 2399,333 2399,287 866,284 866,333"/>
        <Baseline points="866,333 2399,333"/>
        <TextEquiv conf="0.9780663294451577">
          <Unicode>1187. (Ind. 5. — 25. Sept. — 6, pont. a. 2,. 1186 — 25. Mart. — 1187.)</Unicode>
        </TextEquiv>
      </TextLine>
      <TextLine id="eSc_line_add87778" custom="structure {type:default;}">
        <Coords points="333,401 333,428 404,443 406,443 490,424 492,397 488,353 329,333 333,401"/>
        <Baseline points="333,401 492,397"/>
        <TextEquiv conf="0.9992939730485281">
          <Unicode>(Mai.)</Unicode>
        </TextEquiv>
      </TextLine>
      <TextLine id="eSc_line_08d68f58" custom="structure {type:default;}">
        <Coords points="592,395 589,428 636,443 638,443 640,443 830,437 832,399 828,346 784,362 693,362 642,335 640,335 592,333 592,395"/>
        <Baseline points="592,395 832,399"/>
        <TextEquiv conf="0.996380627155304">
          <Unicode>(Veronae)</Unicode>
        </TextEquiv>
      </TextLine>
      <TextLine id="eSc_line_b180ac0d" custom="structure {type:default;}">
        <Coords points="892,399 892,421 1604,424 1657,439 1659,439 1661,439 1663,439 1703,424 1824,424 1853,439 1855,439 1858,441 2372,441 2372,439 2375,439 2425,424 2465,439 2467,439 2470,439 2686,428 2704,439 2706,439 2708,439 2710,441 2819,441 2819,439 2821,439 2858,421 2858,399 2858,362 892,362 892,399"/>
        <Baseline points="892,399 2858,399"/>
        <TextEquiv conf="0.9974212894837061">
          <Unicode>15976 *Ricardo, comiti Pictaviensi, idem mandat, quod praecedenti epistola ad Henri-</Unicode>
        </TextEquiv>
      </TextLine>
      <TextLine id="eSc_line_750dff09" custom="structure {type:default;}">
        <Coords points="943,452 943,470 978,485 980,485 983,485 1045,472 1049,472 1056,472 1117,488 1120,488 1197,474 1217,472 1239,477 1296,488 1299,488 1367,479 1411,472 1449,479 1489,488 1491,488 1690,485 1692,485 1699,483 1743,472 1840,485 1842,452 1840,417 943,419 943,452"/>
        <Baseline points="943,452 1842,452"/>
        <TextEquiv conf="0.9999893241458468">
          <Unicode>cum regem. Stubbs Chronicles II. 44.</Unicode>
        </TextEquiv>
      </TextLine>
      <TextLine id="eSc_line_9c97a41a" custom="structure {type:default;}">
        <Coords points="338,510 338,536 466,530 477,532 525,541 528,541 530,541 552,527 552,510 552,477 514,463 512,463 510,463 466,470 437,477 428,468 421,463 421,461 419,461 417,461 338,461 338,510"/>
        <Baseline points="338,510 552,510"/>
        <TextEquiv conf="0.9952110201120377">
          <Unicode>Mai. 13.</Unicode>
        </TextEquiv>
      </TextLine>
      <TextLine id="eSc_line_24e6fb19" custom="structure {type:default;}">
        <Coords points="616,507 616,534 821,532 821,503 817,468 614,461 616,507"/>
        <Baseline points="616,507 821,503"/>
        <TextEquiv conf="0.9999996764319283">
          <Unicode>Veronae</Unicode>
        </TextEquiv>
      </TextLine>
      <TextLine id="eSc_line_d98ffb53" custom="structure {type:default;}">
        <Coords points="885,507 885,532 2856,534 2858,507 2858,470 885,470 885,507"/>
        <Baseline points="885,507 2858,507"/>
        <TextEquiv conf="0.9995061187517076">
          <Unicode>15977 Monasterii S. Mariae de Serena protectionem suscipit possessionesque ac privi-</Unicode>
        </TextEquiv>
      </TextLine>
      <TextLine id="eSc_line_9c0700ef" custom="structure {type:default;}">
        <Coords points="943,560 941,578 963,591 965,591 967,591 2852,589 2854,565 2852,532 2209,532 2196,527 2134,518 2132,518 2129,518 2103,527 2096,530 2070,527 1961,518 1959,518 1913,527 1900,530 1886,527 1844,516 1842,516 1840,516 1838,516 1813,527 1811,527 1791,516 1789,516 1787,516 1738,527 1734,527 1727,527 1681,516 1679,516 943,523 943,560"/>
        <Baseline points="943,560 2854,565"/>
        <TextEquiv conf="0.9991135742606186">
          <Unicode>legia confirmat, petente Recupero abbate. Soldani Hist. mon. de Passiniano p. 160.</Unicode>
        </TextEquiv>
      </TextLine>
      <TextLine id="eSc_line_93c6fd5a" custom="structure {type:default;}">
        <Coords points="945,616 945,636 1020,636 1034,647 1034,649 1036,649 1038,649 1040,649 1299,636 1383,649 1385,651 1433,651 1433,649 1436,649 1438,649 1438,647 1451,636 1513,649 1515,651 1687,651 1687,649 1690,649 1745,633 1745,616 1745,587 945,587 945,616"/>
        <Baseline points="945,616 1745,616"/>
        <TextEquiv conf="0.9986796920949762">
          <Unicode>— „Religiosam vitam eligentibus“.</Unicode>
        </TextEquiv>
      </TextLine>
      <TextLine id="eSc_line_01bf391a" custom="structure {type:default;}">
        <Coords points="368,680 368,697 532,700 534,700 536,700 539,700 550,689 550,673 545,644 486,633 483,633 366,649 368,680"/>
        <Baseline points="368,680 550,673"/>
        <TextEquiv conf="0.9998831868171691">
          <Unicode>„ 21.</Unicode>
        </TextEquiv>
      </TextLine>
      <TextLine id="eSc_line_53412864" custom="structure {type:default;}">
        <Coords points="691,680 691,728 775,715 775,680 775,644 691,640 691,680"/>
        <Baseline points="691,680 775,680"/>
        <TextEquiv conf="0.9999998807907104">
          <Unicode>„</Unicode>
        </TextEquiv>
      </TextLine>
      <TextLine id="eSc_line_3b745fad" custom="structure {type:default;}">
        <Coords points="899,671 899,702 2863,702 2863,671 2863,638 899,638 899,671"/>
        <Baseline points="899,671 2863,671"/>
        <TextEquiv conf="0.9982828359271205">
          <Unicode>15978 (9959) Ecclesiam Pistoriensem tuendam suscipit et eius possessiones ac iura con-</Unicode>
        </TextEquiv>
      </TextLine>
      <TextLine id="eSc_line_5bc62152" custom="structure {type:default;}">
        <Coords points="947,726 947,748 1597,748 1641,753 1718,761 1721,764 1880,764 1880,761 1882,761 1897,755 1908,750 1948,755 2001,761 2003,761 2006,761 2028,755 2061,748 2286,757 2381,761 2383,761 2386,761 2388,761 2390,759 2408,748 2489,748 2562,759 2576,761 2578,764 2858,764 2858,726 2858,693 947,693 947,726"/>
        <Baseline points="947,726 2858,726"/>
        <TextEquiv conf="0.9884002109368643">
          <Unicode>firmat. Zacharia Anecd. m. aev. p. 244, Migne 202 p. 1512, cf. Pflugk-Harttung</Unicode>
        </TextEquiv>
      </TextLine>
      <TextLine id="eSc_line_1d9e3438" custom="structure {type:default;}">
        <Coords points="943,781 943,799 1080,810 1082,810 1084,810 1104,799 1109,799 1316,799 1319,799 1389,810 1391,810 1544,797 1555,797 1557,797 1586,808 1588,808 1590,810 1800,810 1800,808 1802,808 1847,795 1847,777 1840,742 1224,750 1219,750 1135,739 1133,739 1131,739 1087,750 958,739 956,739 954,739 952,739 941,746 943,781"/>
        <Baseline points="943,781 1847,777"/>
        <TextEquiv conf="0.9997319353593362">
          <Unicode>Iter p. 309. — „Quoniam universalis“.</Unicode>
        </TextEquiv>
      </TextLine>
      <TextLine id="eSc_line_0aff7c67" custom="structure {type:default;}">
        <Coords points="373,843 373,863 552,872 554,836 550,808 490,795 488,795 371,810 373,843"/>
        <Baseline points="373,843 554,836"/>
        <TextEquiv conf="0.9426598072052002">
          <Unicode>„ 22.</Unicode>
        </TextEquiv>
      </TextLine>
      <TextLine id="eSc_line_eddf6243" custom="structure {type:default;}">
        <Coords points="702,845 702,874 779,856 782,843 779,803 729,783 726,783 724,783 722,783 698,790 702,845"/>
        <Baseline points="702,845 782,843"/>
        <TextEquiv conf="1.0">
          <Unicode>„</Unicode>
        </TextEquiv>
      </TextLine>
      <TextLine id="eSc_line_95723fb0" custom="structure {type:default;}">
        <Coords points="892,839 892,865 2856,867 2858,834 2852,801 890,803 892,839"/>
        <Baseline points="892,839 2858,834"/>
        <TextEquiv conf="0.9894971305064941">
          <Unicode>15979 (9960) Monasterium S. Mariae Caesarisburgense tuendum suscipit eiusque bona, leges,</Unicode>
        </TextEquiv>
      </TextLine>
      <TextLine id="eSc_line_91b74ee8" custom="structure {type:default;}">
        <Coords points="945,892 945,914 2856,909 2858,887 2852,854 943,856 945,892"/>
        <Baseline points="945,892 2858,887"/>
        <TextEquiv conf="0.9998946399479122">
          <Unicode>iura confirmat. Gall. Chr. XI. Instr. p. 250, Migne 202 p. 1512. — „Monet nos apostolicae“.</Unicode>
        </TextEquiv>
      </TextLine>
      <TextLine id="eSc_line_c11cf7cc" custom="structure {type:default;}">
        <Coords points="371,954 373,982 547,960 547,945 541,898 368,914 371,954"/>
        <Baseline points="371,954 547,945"/>
        <TextEquiv conf="0.9998202323913574">
          <Unicode>„ 25.</Unicode>
        </TextEquiv>
      </TextLine>
      <TextLine id="eSc_line_0894bee4" custom="structure {type:default;}">
        <Coords points="689,954 689,1040 737,1044 740,1044 742,1044 773,1026 773,951 768,923 687,918 689,954"/>
        <Baseline points="689,954 773,951"/>
        <TextEquiv conf="1.0">
          <Unicode>„</Unicode>
        </TextEquiv>
      </TextLine>
      <TextLine id="eSc_line_aadfe190" custom="structure {type:default;}">
        <Coords points="897,942 894,962 2854,971 2858,947 2856,914 897,907 897,942"/>
        <Baseline points="897,942 2858,947"/>
        <TextEquiv conf="0.9995573891533746">
          <Unicode>15980 (9961) Alienationes, ab episcopis Bononiensibus cum ecclesiae damno factas,</Unicode>
        </TextEquiv>
      </TextLine>
      <TextLine id="eSc_line_bd18252e" custom="structure {type:default;}">
        <Coords points="947,1000 947,1020 1025,1035 1027,1035 1087,1022 1133,1035 1135,1035 1137,1035 1199,1022 1248,1035 1250,1035 1252,1035 1347,1022 1444,1035 1447,1037 1619,1037 1619,1035 1621,1035 1657,1022 2017,1033 2019,1033 2021,1033 2048,1022 2114,1035 2116,1035 2520,1022 2792,1035 2794,1035 2858,1020 2858,1000 2858,969 947,969 947,1000"/>
        <Baseline points="947,1000 2858,1000"/>
        <TextEquiv conf="0.9914941595888686">
          <Unicode>irritas esse iubet. Savioli Ann. Bol. II. II. 151, Migne 202 p. 1515: VIII. kal. Iun.“,</Unicode>
        </TextEquiv>
      </TextLine>
      <TextLine id="eSc_line_b9fd9648" custom="structure {type:default;}">
        <Coords points="945,1055 945,1077 965,1088 967,1088 969,1088 1237,1077 1283,1088 1285,1088 1288,1090 1599,1090 1599,1088 1601,1088 1604,1088 1621,1077 1665,1088 1668,1088 1670,1090 2114,1090 2114,1088 2116,1088 2118,1088 2138,1077 2554,1088 2556,1088 2624,1075 2624,1055 2624,1024 945,1024 945,1055"/>
        <Baseline points="945,1055 2624,1055"/>
        <TextEquiv conf="0.9936423832423067">
          <Unicode>(Sigonius De episc. Bonon. p. 88: „VIII. kal. Iul.“). — „Ideo nobis est“.</Unicode>
        </TextEquiv>
      </TextLine>
      <TextLine id="eSc_line_1af0e789" custom="structure {type:default;}">
        <Coords points="373,1113 373,1132 459,1141 461,1141 556,1126 556,1108 550,1060 371,1075 373,1113"/>
        <Baseline points="373,1113 556,1108"/>
        <TextEquiv conf="1.0">
          <Unicode>„ 26.</Unicode>
        </TextEquiv>
      </TextLine>
      <TextLine id="eSc_line_c2e2ea02" custom="structure {type:default;}">
        <Coords points="687,1119 689,1166 760,1143 760,1117 748,1053 709,1079 684,1071 687,1119"/>
        <Baseline points="687,1119 760,1117"/>
        <TextEquiv conf="1.0">
          <Unicode>„</Unicode>
        </TextEquiv>
      </TextLine>
      <TextLine id="eSc_line_ecb00b09" custom="structure {type:default;}">
        <Coords points="899,1110 899,1135 2861,1128 2863,1104 2856,1071 897,1075 899,1110"/>
        <Baseline points="899,1110 2863,1104"/>
        <TextEquiv conf="0.9953896838075974">
          <Unicode>15981 (9962) Monasterii S. Blasii Admontensis patrocinium suscipit ac possessiones et</Unicode>
        </TextEquiv>
      </TextLine>
      <TextLine id="eSc_line_be16a925" custom="structure {type:default;}">
        <Coords points="950,1166 950,1190 2858,1181 2861,1161 2854,1132 947,1135 950,1166"/>
        <Baseline points="950,1166 2861,1161"/>
        <TextEquiv conf="0.9984148697155278">
          <Unicode>privilegia confirmat, petente Isenrico abbate. Pez Th. An. III. III. 674, Zahn Ur-</Unicode>
        </TextEquiv>
      </TextLine>
      <TextLine id="eSc_line_66e40374" custom="structure {type:default;}">
        <Coords points="947,1219 947,1241 1473,1254 1475,1254 1626,1241 1628,1241 1630,1241 1685,1254 1687,1254 1690,1254 1692,1254 1694,1254 1716,1241 1827,1254 1829,1254 1831,1254 1833,1254 1855,1238 1858,1238 1860,1238 1897,1252 1900,1252 1902,1254 2021,1254 2021,1252 2023,1252 2026,1252 2041,1238 2045,1238 2096,1252 2098,1252 2101,1252 2180,1238 2187,1238 2260,1238 2262,1238 2277,1252 2280,1252 2282,1252 2284,1254 2421,1254 2421,1252 2423,1252 2448,1238 2467,1252 2470,1252 2472,1252 2474,1254 2668,1254 2668,1252 2671,1252 2724,1236 2724,1214 2719,1188 958,1179 956,1179 954,1179 952,1179 952,1181 945,1185 947,1219"/>
        <Baseline points="947,1219 2724,1214"/>
        <TextEquiv conf="0.9882655167901838">
          <Unicode>kundenb. von Steiermark I. 659, Migne 202 p. 1515. — „Officii nostri nos“.</Unicode>
        </TextEquiv>
      </TextLine>
      <TextLine id="eSc_line_a7895ab0" custom="structure {type:default;}">
        <Coords points="371,1278 371,1298 437,1298 441,1300 455,1311 455,1313 457,1313 459,1313 461,1313 554,1302 554,1274 547,1227 368,1236 371,1278"/>
        <Baseline points="371,1278 554,1274"/>
        <TextEquiv conf="0.9998156547546386">
          <Unicode>„ 26.</Unicode>
        </TextEquiv>
      </TextLine>
      <TextLine id="eSc_line_ad07bd54" custom="structure {type:default;}">
        <Coords points="684,1285 684,1294 768,1291 768,1285 766,1254 684,1256 684,1285"/>
        <Baseline points="684,1285 768,1285"/>
        <TextEquiv conf="0.988076776266098">
          <Unicode>„„</Unicode>
        </TextEquiv>
      </TextLine>
      <TextLine id="eSc_line_88ccd9c7" custom="structure {type:default;}">
        <Coords points="899,1276 899,1302 2856,1296 2858,1269 2852,1236 897,1236 899,1276"/>
        <Baseline points="899,1276 2858,1269"/>
        <TextEquiv conf="0.9996392400491805">
          <Unicode>15982 (9963) Monasterii S. Mariae Neuburgensis protectionem suscipit possessionesque</Unicode>
        </TextEquiv>
      </TextLine>
      <TextLine id="eSc_line_c5a66b33" custom="structure {type:default;}">
        <Coords points="950,1329 950,1351 2858,1347 2861,1325 2856,1296 1003,1287 1000,1287 947,1298 950,1329"/>
        <Baseline points="950,1329 2861,1325"/>
        <TextEquiv conf="0.9967747531831265">
          <Unicode>confirmat, petente Got(schalco) praeposito. Pez Thes. Anecd. VI. rr. 40, Fischer</Unicode>
        </TextEquiv>
      </TextLine>
      <TextLine id="eSc_line_88b6555d" custom="structure {type:default;}">
        <Coords points="950,1384 950,1402 1725,1417 1727,1417 1729,1417 1732,1417 1747,1404 1758,1413 1760,1413 1763,1413 1765,1413 1767,1413 1811,1400 1818,1400 1822,1400 1869,1411 1871,1411 2003,1400 2014,1400 2017,1400 2034,1415 2037,1415 2039,1415 2041,1415 2158,1400 2163,1400 2167,1400 2244,1415 2246,1415 2368,1400 2390,1413 2392,1413 2394,1413 2538,1415 2540,1415 2543,1415 2593,1397 2593,1380 2587,1351 947,1353 950,1384"/>
        <Baseline points="950,1384 2593,1380"/>
        <TextEquiv conf="0.9921185581580453">
          <Unicode>Merkw. Schicks. v. Klosterneuburg II. 161. — „Cum omnibus ecclesiis“.</Unicode>
        </TextEquiv>
      </TextLine>
      <TextLine id="eSc_line_2026f8df" custom="structure {type:default;}">
        <Coords points="375,1444 375,1461 450,1455 475,1457 534,1466 536,1466 539,1466 570,1450 570,1439 565,1411 475,1393 472,1393 470,1393 435,1411 433,1411 430,1411 388,1400 386,1400 384,1400 382,1400 380,1400 373,1402 375,1444"/>
        <Baseline points="375,1444 570,1439"/>
        <TextEquiv conf="0.9994418025016785">
          <Unicode>„ 31.</Unicode>
        </TextEquiv>
      </TextLine>
      <TextLine id="eSc_line_bf385702" custom="structure {type:default;}">
        <Coords points="614,1446 612,1466 642,1468 647,1472 682,1501 684,1501 687,1501 689,1501 771,1490 773,1448 773,1369 748,1351 746,1351 744,1351 742,1351 614,1369 614,1446"/>
        <Baseline points="614,1446 773,1448"/>
        <TextEquiv conf="0.9968194961547852">
          <Unicode>„</Unicode>
        </TextEquiv>
      </TextLine>
      <TextLine id="eSc_line_8c4fca37" custom="structure {type:default;}">
        <Coords points="899,1439 899,1464 2858,1468 2863,1435 2856,1404 897,1406 899,1439"/>
        <Baseline points="899,1439 2863,1435"/>
        <TextEquiv conf="0.9938046301112455">
          <Unicode>15983 Ecclesiae S. Stephani Trecensis tutelam suscipit, possessionesque et privilegia</Unicode>
        </TextEquiv>
      </TextLine>
      <TextLine id="eSc_line_e14df04c" custom="structure {type:default;}">
        <Coords points="947,1492 945,1512 2854,1519 2858,1497 2856,1457 947,1457 947,1492"/>
        <Baseline points="947,1492 2858,1497"/>
        <TextEquiv conf="0.992277120141422">
          <Unicode>confirmat. In bibl. nat. Paris. Cartul. de St. Etienne ms. lat. 17098. s. XIII. —XIV.</Unicode>
        </TextEquiv>
      </TextLine>
      <TextLine id="eSc_line_0538752d" custom="structure {type:default;}">
        <Coords points="945,1550 945,1565 1391,1578 1394,1578 1396,1578 1398,1578 1416,1563 1418,1563 1449,1576 1451,1576 1453,1576 1533,1565 1546,1576 1548,1576 1551,1576 1553,1578 1827,1578 1827,1576 1829,1576 1886,1561 1886,1545 1882,1517 1431,1506 1429,1506 1427,1506 1425,1506 1407,1517 965,1508 963,1508 961,1508 958,1508 943,1514 945,1550"/>
        <Baseline points="945,1550 1886,1545"/>
        <TextEquiv conf="0.996189171075821">
          <Unicode>f. 89. — „Effectum iusta postulantibus“.</Unicode>
        </TextEquiv>
      </TextLine>
      <TextLine id="eSc_line_ce07fdd0" custom="structure {type:default;}">
        <Coords points="338,1605 338,1665 410,1665 410,1662 413,1662 435,1651 461,1638 503,1643 521,1645 536,1660 536,1662 539,1662 541,1662 543,1665 543,1662 545,1662 547,1662 547,1660 570,1638 570,1605 570,1532 534,1532 532,1532 530,1532 528,1532 525,1534 477,1570 338,1550 338,1605"/>
        <Baseline points="338,1605 570,1605"/>
        <TextEquiv conf="0.9918599809919085">
          <Unicode>Lun. 1.</Unicode>
        </TextEquiv>
      </TextLine>
      <TextLine id="eSc_line_315ddaae" custom="structure {type:default;}">
        <Coords points="653,1607 651,1634 757,1645 762,1609 760,1541 653,1563 653,1607"/>
        <Baseline points="653,1607 762,1609"/>
        <TextEquiv conf="1.0">
          <Unicode>„</Unicode>
        </TextEquiv>
      </TextLine>
      <TextLine id="eSc_line_aa8672ef" custom="structure {type:default;}">
        <Coords points="901,1605 903,1645 941,1634 1365,1643 1367,1643 1557,1631 2861,1638 2865,1598 2861,1570 1681,1561 1679,1561 899,1572 901,1605"/>
        <Baseline points="901,1605 2865,1598"/>
        <TextEquiv conf="0.9898609646729061">
          <Unicode>15984 Ecclesiae Vercellensis patrocinium suscipit eiusque bona, petente Alberto epi-</Unicode>
        </TextEquiv>
      </TextLine>
      <TextLine id="eSc_line_e61b09e5" custom="structure {type:default;}">
        <Coords points="947,1658 947,1684 2618,1676 2620,1654 2615,1625 945,1623 947,1658"/>
        <Baseline points="947,1658 2620,1654"/>
        <TextEquiv conf="0.9980003937431003">
          <Unicode>scopo, confirmat. Pflugk-Harttung Acta III. 341. — „Cum ex iniuncto“.</Unicode>
        </TextEquiv>
      </TextLine>
      <TextLine id="eSc_line_005c9ae4" custom="structure {type:default;}">
        <Coords points="373,1722 373,1753 561,1751 561,1715 556,1671 371,1669 373,1722"/>
        <Baseline points="373,1722 561,1715"/>
        <TextEquiv conf="0.9279729574918747">
          <Unicode>„ 1.</Unicode>
        </TextEquiv>
      </TextLine>
      <TextLine id="eSc_line_070eabd3" custom="structure {type:default;}">
        <Coords points="682,1722 682,1753 764,1760 766,1722 766,1689 682,1689 682,1722"/>
        <Baseline points="682,1722 766,1722"/>
        <TextEquiv conf="0.9999525547027588">
          <Unicode>„</Unicode>
        </TextEquiv>
      </TextLine>
      <TextLine id="eSc_line_12172908" custom="structure {type:default;}">
        <Coords points="901,1709 899,1729 2858,1733 2863,1713 2858,1667 901,1669 901,1709"/>
        <Baseline points="901,1709 2863,1713"/>
        <TextEquiv conf="0.9958207592906723">
          <Unicode>15285 (9964) Ecclesiam S. Crucis Mortariensem tuendam suscipit et eius bona ac iura</Unicode>
        </TextEquiv>
      </TextLine>
      <TextLine id="eSc_line_863f56b0" custom="structure {type:default;}">
        <Coords points="947,1768 947,1784 1155,1799 1157,1799 1356,1786 1537,1786 1555,1799 1557,1799 1559,1799 1562,1799 1787,1797 1789,1797 1791,1797 1807,1786 1880,1797 1882,1797 1966,1786 2112,1799 2114,1799 2116,1799 2140,1786 2156,1799 2158,1799 2160,1799 2163,1799 2293,1786 2315,1799 2317,1799 2319,1799 2322,1802 2478,1802 2478,1799 2481,1799 2520,1786 2651,1799 2653,1799 2655,1799 2706,1784 2706,1768 2706,1740 947,1740 947,1768"/>
        <Baseline points="947,1768 2706,1768"/>
        <TextEquiv conf="0.9908114899145929">
          <Unicode>confirmat, petente Nicolao praeposito. Bull. Lat. p. 56. — „Quanto eclesia“.</Unicode>
        </TextEquiv>
      </TextLine>
      <TextLine id="eSc_line_8a20e190" custom="structure {type:default;}">
        <Coords points="368,1835 368,1859 486,1843 503,1859 505,1859 505,1861 508,1861 510,1861 512,1861 514,1861 521,1859 536,1850 558,1857 563,1826 558,1795 366,1790 368,1835"/>
        <Baseline points="368,1835 563,1826"/>
        <TextEquiv conf="0.9983481168746948">
          <Unicode>„ 2.</Unicode>
        </TextEquiv>
      </TextLine>
      <TextLine id="eSc_line_67ceb36d" custom="structure {type:default;}">
        <Coords points="669,1828 665,1890 764,1883 768,1835 766,1808 669,1799 669,1828"/>
        <Baseline points="669,1828 768,1835"/>
        <TextEquiv conf="1.0">
          <Unicode>„</Unicode>
        </TextEquiv>
      </TextLine>
      <TextLine id="eSc_line_a7f52c33" custom="structure {type:default;}">
        <Coords points="901,1826 901,1855 2861,1855 2863,1819 2856,1784 899,1784 901,1826"/>
        <Baseline points="901,1826 2863,1819"/>
        <TextEquiv conf="0.9999193980033139">
          <Unicode>15986 (9965) Parthenonem S. Gratae Bergomatem tuendum suscipit et eius bona ac iura</Unicode>
        </TextEquiv>
      </TextLine>
      <TextLine id="eSc_line_325d9d21" custom="structure {type:default;}">
        <Coords points="952,1879 952,1901 2861,1903 2863,1879 2863,1843 952,1843 952,1879"/>
        <Baseline points="952,1879 2863,1879"/>
        <TextEquiv conf="0.9974237780973135">
          <Unicode>confirmat, petente Eugenia abbatissa. Lupi C. D. Berg. II. 1379, Migne 202 p. 1517.</Unicode>
        </TextEquiv>
      </TextLine>
      <TextLine id="eSc_line_9cc33e2d" custom="structure {type:default;}">
        <Coords points="950,1932 950,1949 1142,1963 1144,1963 1336,1947 1352,1947 1354,1947 1374,1961 1376,1961 1378,1961 1380,1963 1544,1963 1544,1961 1606,1945 1608,1927 1604,1901 1475,1888 1473,1888 1405,1899 1389,1888 1387,1888 1385,1888 1383,1888 1380,1888 1378,1888 1363,1899 1069,1890 1067,1890 1064,1890 1062,1890 1062,1892 1051,1903 947,1903 950,1932"/>
        <Baseline points="950,1932 1608,1927"/>
        <TextEquiv conf="0.9727561959513912">
          <Unicode>— „Prudentibus virginibus“.</Unicode>
        </TextEquiv>
      </TextLine>
      <TextLine id="eSc_line_7749dba2" custom="structure {type:default;}">
        <Coords points="368,1994 368,2016 452,2002 501,2038 510,2047 512,2047 514,2047 517,2049 558,2049 558,1994 558,1943 497,1932 494,1932 492,1932 490,1932 490,1934 466,1954 452,1967 368,1967 368,1994"/>
        <Baseline points="368,1994 558,1994"/>
        <TextEquiv conf="0.9480002224445343">
          <Unicode>„ 4.</Unicode>
        </TextEquiv>
      </TextLine>
      <TextLine id="eSc_line_555c83fd" custom="structure {type:default;}">
        <Coords points="684,2000 684,2025 771,2016 771,1996 766,1949 724,1934 722,1934 720,1934 718,1934 680,1949 684,2000"/>
        <Baseline points="684,2000 771,1996"/>
        <TextEquiv conf="1.0">
          <Unicode>„</Unicode>
        </TextEquiv>
      </TextLine>
      <TextLine id="eSc_line_fb869fbb" custom="structure {type:default;}">
        <Coords points="903,1987 903,2014 2863,2011 2865,1983 2861,1952 901,1949 903,1987"/>
        <Baseline points="903,1987 2865,1983"/>
        <TextEquiv conf="0.995752141445498">
          <Unicode>15987 (9966) Parthenonem S. Euphemiae Mutinensem tuendum suscipit, eiusque bona</Unicode>
        </TextEquiv>
      </TextLine>
      <TextLine id="eSc_line_31dae8f0" custom="structure {type:default;}">
        <Coords points="954,2044 954,2075 2861,2071 2863,2040 2858,2007 952,2007 954,2044"/>
        <Baseline points="954,2044 2863,2040"/>
        <TextEquiv conf="0.9998629035719906">
          <Unicode>ac privilegia confirmat, petente Maria abbatissa. Muratori Ant. It. III. 207, Migne</Unicode>
        </TextEquiv>
      </TextLine>
      <TextLine id="eSc_line_1fc7262a" custom="structure {type:default;}">
        <Coords points="952,2097 952,2120 965,2128 967,2128 969,2128 972,2128 1047,2117 1062,2128 1064,2128 1067,2128 1069,2128 1071,2128 1117,2117 1341,2117 1352,2117 1363,2126 1363,2128 1365,2128 1367,2128 1369,2128 1931,2117 1931,2097 1931,2067 1482,2053 1480,2053 952,2064 952,2097"/>
        <Baseline points="952,2097 1931,2097"/>
        <TextEquiv conf="0.9824767276644707">
          <Unicode>202 p. 1518. — „Prudentibus virginibus“.</Unicode>
        </TextEquiv>
      </TextLine>
      <TextLine id="eSc_line_601b7cfc" custom="structure {type:default;}">
        <Coords points="552,2089 446,2122 366,2097 368,2161 373,2192 463,2166 514,2186 517,2186 519,2186 521,2186 561,2181 561,2153 552,2089"/>
        <Baseline points="368,2161 561,2153"/>
        <TextEquiv conf="0.999911829829216">
          <Unicode>„ 8.</Unicode>
        </TextEquiv>
      </TextLine>
      <TextLine id="eSc_line_243036ef" custom="structure {type:default;}">
        <Coords points="680,2159 678,2188 689,2197 691,2197 693,2197 695,2197 773,2190 775,2164 777,2062 682,2058 680,2159"/>
        <Baseline points="680,2159 775,2164"/>
        <TextEquiv conf="0.9999687671661377">
          <Unicode>„</Unicode>
        </TextEquiv>
      </TextLine>
      <TextLine id="eSc_line_e62c311d" custom="structure {type:default;}">
        <Coords points="901,2153 901,2175 1241,2188 1243,2188 1246,2188 1248,2188 1268,2175 1387,2175 1414,2175 1416,2175 1489,2188 1491,2188 1568,2173 1577,2173 1650,2173 1654,2173 1672,2186 1674,2186 1676,2186 1679,2186 1813,2173 1822,2173 1824,2173 1860,2186 1862,2186 1864,2186 2074,2175 2114,2186 2116,2186 2118,2186 2121,2186 2169,2173 2202,2186 2204,2186 2207,2186 2326,2175 2346,2184 2348,2184 2350,2184 2353,2184 2355,2184 2370,2173 2383,2184 2386,2184 2388,2184 2390,2184 2483,2173 2509,2184 2512,2184 2514,2186 2682,2186 2682,2184 2684,2184 2735,2170 2823,2181 2825,2181 2828,2181 2863,2168 2863,2146 2856,2117 899,2122 901,2153"/>
        <Baseline points="901,2153 2863,2146"/>
        <TextEquiv conf="0.9999935103625786">
          <Unicode>15988 Parthenonis S. Agathae Papiensis protectionem suscipit, possessionesque con-</Unicode>
        </TextEquiv>
      </TextLine>
      <TextLine id="eSc_line_345c8d85" custom="structure {type:default;}">
        <Coords points="952,2208 952,2234 2858,2237 2863,2203 2856,2173 950,2177 952,2208"/>
        <Baseline points="952,2208 2863,2203"/>
        <TextEquiv conf="0.9936633355477277">
          <Unicode>firmat, petente Sibilia abbatissa. Autogr. in tabular. reg. Mediol. Ex sched. Jafféi;</Unicode>
        </TextEquiv>
      </TextLine>
      <TextLine id="eSc_line_2c10b1e3" custom="structure {type:default;}">
        <Coords points="954,2261 954,2281 1303,2292 1305,2292 1725,2279 1776,2279 1778,2279 1789,2290 1791,2290 1794,2290 1796,2292 1986,2292 1986,2290 1988,2290 2012,2279 2017,2279 2127,2290 2129,2290 2255,2276 2258,2256 2251,2223 952,2228 954,2261"/>
        <Baseline points="954,2261 2258,2256"/>
        <TextEquiv conf="0.9922007131126692">
          <Unicode>Wiener Sitzungsber. XCIV. 686. — „Cum de religionis“.</Unicode>
        </TextEquiv>
      </TextLine>
      <TextLine id="eSc_line_0e2d44eb" custom="structure {type:default;}">
        <Coords points="380,2354 419,2354 421,2354 424,2354 424,2351 426,2349 441,2336 486,2340 532,2345 534,2345 536,2345 539,2345 558,2332 558,2316 552,2261 433,2281 377,2263 380,2323 380,2354"/>
        <Baseline points="380,2323 558,2316"/>
        <TextEquiv conf="0.9999998807907104">
          <Unicode>„ 10.</Unicode>
        </TextEquiv>
      </TextLine>
      <TextLine id="eSc_line_9cf95462" custom="structure {type:default;}">
        <Coords points="691,2325 691,2365 788,2349 788,2325 788,2270 691,2270 691,2325"/>
        <Baseline points="691,2325 788,2325"/>
        <TextEquiv conf="0.9999897480010986">
          <Unicode>„</Unicode>
        </TextEquiv>
      </TextLine>
      <TextLine id="eSc_line_35dbefa1" custom="structure {type:default;}">
        <Coords points="897,2320 897,2340 2858,2343 2863,2314 2858,2279 2308,2267 2306,2267 2304,2267 2302,2267 2284,2279 2284,2281 1966,2281 1961,2281 1926,2270 1924,2270 1922,2270 1714,2281 1710,2281 1707,2281 1650,2270 1648,2270 1646,2270 1597,2281 1431,2272 1429,2272 1427,2272 1425,2272 1409,2283 1407,2283 1376,2283 1100,2272 1098,2272 1095,2272 1051,2283 945,2272 943,2272 894,2283 897,2320"/>
        <Baseline points="897,2320 2863,2314"/>
        <TextEquiv conf="0.9997161404196039">
          <Unicode>15989 (9967) Ordinis Praemonstratensis privilegia quaedam confirmat. Le Paige Bibl.</Unicode>
        </TextEquiv>
      </TextLine>
      <TextLine id="eSc_line_26d9af66" custom="structure {type:default;}">
        <Coords points="950,2371 950,2391 1014,2404 1016,2404 1104,2391 1113,2391 1115,2391 1135,2404 1137,2404 1140,2404 1142,2404 1144,2404 1177,2391 1179,2391 1199,2391 1440,2404 1442,2404 1444,2404 1480,2391 1482,2391 1608,2404 1610,2404 1612,2404 1615,2404 1634,2389 1637,2389 1648,2389 1732,2402 1734,2402 1736,2402 1782,2389 1787,2389 1866,2389 1880,2400 1880,2402 1882,2402 1884,2402 1886,2404 2001,2404 2001,2402 2003,2402 2006,2402 2021,2389 2028,2389 2222,2402 2224,2402 2322,2387 2324,2367 2319,2340 965,2332 963,2332 961,2332 958,2332 947,2338 950,2371"/>
        <Baseline points="950,2371 2324,2367"/>
        <TextEquiv conf="0.9987983538044823">
          <Unicode>Praem. p. 639, Migne 202 p. 1520. — „Cum ex iniuncto“.</Unicode>
        </TextEquiv>
      </TextLine>
      <TextLine id="eSc_line_f31d0f04" custom="structure {type:default;}">
        <Coords points="380,2433 380,2446 399,2460 402,2460 404,2460 406,2460 408,2460 410,2460 410,2457 428,2444 512,2460 514,2460 517,2460 563,2440 563,2424 552,2369 532,2385 512,2376 497,2371 494,2371 492,2371 490,2371 463,2385 441,2398 377,2400 380,2433"/>
        <Baseline points="380,2433 563,2424"/>
        <TextEquiv conf="0.999680507183075">
          <Unicode>„ 12.</Unicode>
        </TextEquiv>
      </TextLine>
      <TextLine id="eSc_line_30c68cfd" custom="structure {type:default;}">
        <Coords points="689,2435 689,2477 755,2484 757,2484 760,2484 762,2484 799,2462 799,2433 793,2340 687,2347 689,2435"/>
        <Baseline points="689,2435 799,2433"/>
        <TextEquiv conf="1.0">
          <Unicode>„</Unicode>
        </TextEquiv>
      </TextLine>
      <TextLine id="eSc_line_a65c8cf7" custom="structure {type:default;}">
        <Coords points="897,2431 897,2451 2865,2451 2865,2420 2858,2387 894,2396 897,2431"/>
        <Baseline points="897,2431 2865,2420"/>
        <TextEquiv conf="0.9933748011078153">
          <Unicode>15990 (9968) Ecclesiam S. Mariae Plavensem tuendam suscipit, eiusque possessiones et</Unicode>
        </TextEquiv>
      </TextLine>
      <TextLine id="eSc_line_17f1c252" custom="structure {type:default;}">
        <Coords points="952,2482 952,2508 2861,2495 2863,2477 2856,2440 950,2449 952,2482"/>
        <Baseline points="952,2482 2863,2477"/>
        <TextEquiv conf="0.9978882705881482">
          <Unicode>privilegia confirmat. Cornelii Eccl. Ven. X. III. 300. — „Religiosis votis annuere“.</Unicode>
        </TextEquiv>
      </TextLine>
      <TextLine id="eSc_line_b836cfb3" custom="structure {type:default;}">
        <Coords points="377,2541 377,2572 536,2577 539,2577 541,2577 543,2577 558,2563 558,2535 552,2477 375,2491 377,2541"/>
        <Baseline points="377,2541 558,2535"/>
        <TextEquiv conf="0.9999979972839356">
          <Unicode>„ 23.</Unicode>
        </TextEquiv>
      </TextLine>
      <TextLine id="eSc_line_aefe0a9e" custom="structure {type:default;}">
        <Coords points="691,2550 691,2581 793,2581 793,2546 788,2515 689,2508 691,2550"/>
        <Baseline points="691,2550 793,2546"/>
        <TextEquiv conf="1.0">
          <Unicode>„</Unicode>
        </TextEquiv>
      </TextLine>
      <TextLine id="eSc_line_80ddbfd0" custom="structure {type:default;}">
        <Coords points="901,2541 901,2570 1075,2561 1124,2570 1168,2577 1170,2577 1173,2577 1195,2568 1219,2559 1396,2559 1467,2566 1535,2574 1537,2574 1539,2574 1542,2574 1553,2566 1564,2559 1738,2557 1752,2563 1763,2572 1765,2572 1767,2572 1769,2574 1886,2574 1886,2572 1935,2563 1966,2557 1977,2563 1997,2572 1999,2572 2001,2574 2076,2574 2076,2572 2160,2570 2163,2570 2185,2561 2200,2555 2220,2561 2249,2570 2251,2570 2253,2572 2467,2572 2467,2570 2470,2570 2512,2559 2529,2555 2545,2559 2582,2568 2585,2568 2587,2568 2657,2557 2691,2552 2699,2557 2713,2563 2715,2563 2717,2563 2861,2555 2863,2530 2856,2491 2264,2502 2246,2497 2227,2491 2224,2491 2222,2491 2220,2491 2218,2491 2209,2497 2202,2502 2191,2497 2171,2491 2169,2491 2167,2491 2112,2499 2072,2504 2059,2499 2043,2493 2041,2493 2039,2493 2037,2493 2034,2493 2026,2499 2019,2504 1979,2499 1902,2493 1900,2493 1897,2493 1864,2502 1853,2504 1829,2502 1747,2493 1745,2493 1743,2493 1721,2504 1718,2504 1692,2493 1690,2493 1687,2493 1685,2493 1683,2493 1668,2504 1661,2506 1595,2504 1294,2495 1292,2495 1159,2508 921,2497 919,2497 916,2497 914,2497 899,2506 901,2541"/>
        <Baseline points="901,2541 2863,2530"/>
        <TextEquiv conf="0.9954136151006852">
          <Unicode>15991 Monasterii S. Trinitatis et S. Michaelis archangeli Brondoliensis, rogatu Alberti</Unicode>
        </TextEquiv>
      </TextLine>
      <TextLine id="eSc_line_be676820" custom="structure {type:default;}">
        <Coords points="954,2594 954,2616 2377,2623 2379,2623 2381,2623 2408,2610 2699,2621 2702,2621 2770,2608 2814,2621 2816,2621 2819,2621 2821,2621 2865,2605 2865,2583 2858,2552 952,2559 954,2594"/>
        <Baseline points="954,2594 2865,2583"/>
        <TextEquiv conf="0.9895616913663929">
          <Unicode>abbatis, protectionem suscipit, bonaque et iura confirmat, „salva . . . Clugiensis epi-</Unicode>
        </TextEquiv>
      </TextLine>
      <TextLine id="eSc_line_da0a7a22" custom="structure {type:default;}">
        <Coords points="952,2647 952,2669 2094,2678 2096,2678 2613,2676 2693,2665 2812,2676 2814,2676 2816,2676 2865,2661 2865,2641 2858,2608 950,2612 952,2647"/>
        <Baseline points="952,2647 2865,2641"/>
        <TextEquiv conf="0.9929311973127452">
          <Unicode>scopi antiqua refectionis consuetudine semel in singulis trienniis persolvenda“. Pflugk-</Unicode>
        </TextEquiv>
      </TextLine>
      <TextLine id="eSc_line_4a729721" custom="structure {type:default;}">
        <Coords points="952,2698 952,2720 972,2731 974,2731 976,2733 1162,2733 1162,2731 1164,2731 1166,2731 1166,2729 1177,2720 1272,2731 1274,2731 1277,2731 1279,2731 1294,2720 1360,2731 1363,2731 1365,2731 1394,2720 2065,2731 2068,2731 2229,2718 2229,2698 2227,2665 952,2667 952,2698"/>
        <Baseline points="952,2698 2229,2698"/>
        <TextEquiv conf="0.9997205981668437">
          <Unicode>Harttung Acta III. 342. — „Quociens a nobis petitur“.</Unicode>
        </TextEquiv>
      </TextLine>
      <TextLine id="eSc_line_28108cb5" custom="structure {type:default;}">
        <Coords points="380,2762 382,2815 428,2791 574,2811 576,2758 572,2685 490,2685 488,2685 486,2685 483,2685 483,2687 475,2694 452,2716 377,2705 380,2762"/>
        <Baseline points="380,2762 576,2758"/>
        <TextEquiv conf="0.9888168692588806">
          <Unicode>„ 23.</Unicode>
        </TextEquiv>
      </TextLine>
      <TextLine id="eSc_line_30050ead" custom="structure {type:default;}">
        <Coords points="673,2862 704,2859 707,2859 709,2859 709,2857 718,2850 751,2815 786,2831 790,2762 790,2718 748,2714 742,2705 726,2691 726,2689 724,2689 722,2689 720,2689 718,2689 715,2689 707,2696 700,2700 676,2689 673,2762 673,2862"/>
        <Baseline points="673,2762 790,2762"/>
        <TextEquiv conf="0.9995809197425842">
          <Unicode>„</Unicode>
        </TextEquiv>
      </TextLine>
      <TextLine id="eSc_line_c8df30c2" custom="structure {type:default;}">
        <Coords points="903,2758 903,2784 2531,2786 2534,2786 2863,2771 2863,2744 2856,2716 901,2725 903,2758"/>
        <Baseline points="903,2758 2863,2744"/>
        <TextEquiv conf="0.9958395601689131">
          <Unicode>15992 Domus hospitalis S. Stephani regis Strigoniensis protectionem suscipit et posses-</Unicode>
        </TextEquiv>
      </TextLine>
      <TextLine id="eSc_line_2968100d" custom="structure {type:default;}">
        <Coords points="954,2811 954,2842 2861,2831 2863,2802 2856,2773 952,2775 954,2811"/>
        <Baseline points="954,2811 2863,2802"/>
        <TextEquiv conf="0.9945827851812523">
          <Unicode>siones, petente Nicolao magistro, confirmat, ea tamen lege, ut una auri uncia Late-</Unicode>
        </TextEquiv>
      </TextLine>
      <TextLine id="eSc_line_cfe6fe69" custom="structure {type:default;}">
        <Coords points="954,2868 954,2888 2858,2881 2861,2862 2856,2826 1109,2824 1106,2824 952,2835 954,2868"/>
        <Baseline points="954,2868 2861,2862"/>
        <TextEquiv conf="0.9949701751571104">
          <Unicode>ranensi palatio annuatim persolvatur. Mon. Hung. hist. I. XI. 169, Knauz Mon. eccl.</Unicode>
        </TextEquiv>
      </TextLine>
      <TextLine id="eSc_line_ea894a9c" custom="structure {type:default;}">
        <Coords points="954,2921 954,2943 1025,2943 1029,2943 1051,2959 1053,2959 1056,2959 1058,2959 1060,2959 1098,2943 1102,2943 1111,2943 1204,2959 1206,2961 1387,2961 1387,2959 1389,2959 1427,2943 1433,2941 1716,2941 1723,2943 1758,2956 1760,2956 1763,2956 1831,2943 1866,2956 1869,2956 1871,2956 1979,2954 1981,2954 2003,2941 2010,2939 2017,2941 2050,2954 2052,2954 2054,2956 2231,2956 2231,2954 2233,2954 2266,2941 2275,2939 2282,2941 2322,2954 2324,2954 2326,2954 2423,2952 2425,2952 2428,2952 2443,2941 2450,2937 2461,2941 2481,2948 2483,2948 2485,2948 2531,2941 2560,2937 2620,2941 2777,2952 2779,2952 2781,2952 2783,2952 2801,2941 2808,2937 2856,2939 2861,2912 2856,2884 974,2879 972,2879 969,2879 967,2879 952,2886 954,2921"/>
        <Baseline points="954,2921 2861,2912"/>
        <TextEquiv conf="0.9842451719676747">
          <Unicode>Strig. I. 132, (Feiér C. D. HI. IV. rI. 81, ubi falso bulla Urbano IV. ascribitur, et</Unicode>
        </TextEquiv>
      </TextLine>
      <TextLine id="eSc_line_7e7ee758" custom="structure {type:default;}">
        <Coords points="954,2974 954,2992 1018,3005 1020,3005 1022,3005 1062,2992 1067,2992 1071,2992 1117,3003 1120,3003 1254,2992 1268,3003 1268,3005 1270,3005 1272,3005 1363,3007 1365,3007 1367,3007 1400,2990 1402,2990 1458,2990 1460,2990 1475,3003 1475,3005 1478,3005 1480,3005 1482,3007 1802,3007 1802,3005 1805,3005 1853,2987 1853,2970 1849,2941 969,2932 967,2932 965,2932 963,2932 952,2939 954,2974"/>
        <Baseline points="954,2974 1853,2970"/>
        <TextEquiv conf="0.9878482864453242">
          <Unicode>ibid. VII. v. 127). — „Religiosa loca“.</Unicode>
        </TextEquiv>
      </TextLine>
      <TextLine id="eSc_line_2425640b" custom="structure {type:default;}">
        <Coords points="382,3034 382,3054 576,3058 578,3029 576,2996 532,2983 530,2983 528,2983 486,2992 455,2998 380,2990 382,3034"/>
        <Baseline points="382,3034 578,3029"/>
        <TextEquiv conf="0.9999758005142212">
          <Unicode>„ 30.</Unicode>
        </TextEquiv>
      </TextLine>
      <TextLine id="eSc_line_b1379f52" custom="structure {type:default;}">
        <Coords points="678,3034 676,3093 764,3093 766,3036 764,2992 678,2994 678,3034"/>
        <Baseline points="678,3034 766,3036"/>
        <TextEquiv conf="0.9953054785728455">
          <Unicode>„</Unicode>
        </TextEquiv>
      </TextLine>
      <TextLine id="eSc_line_e24ef26c" custom="structure {type:default;}">
        <Coords points="905,3027 905,3062 1049,3051 2861,3051 2863,3021 2856,2990 903,2994 905,3027"/>
        <Baseline points="905,3027 2863,3021"/>
        <TextEquiv conf="0.9956803675051089">
          <Unicode>15993 (9969) Ordinis Praemonstratensis leges confirmat, Hugone abbate petente. Le</Unicode>
        </TextEquiv>
      </TextLine>
      <TextLine id="eSc_line_c403283e" custom="structure {type:default;}">
        <Coords points="958,3087 958,3109 2856,3109 2858,3078 2852,3043 956,3049 958,3087"/>
        <Baseline points="958,3087 2858,3078"/>
        <TextEquiv conf="0.9987195301055908">
          <Unicode>Paige Bibl. Praem. p. 640, Migne 202 p. 1521. (De Smet Corp. chron. Flandr,</Unicode>
        </TextEquiv>
      </TextLine>
      <TextLine id="eSc_line_cc5a2dc2" custom="structure {type:default;}">
        <Coords points="954,3142 954,3157 1047,3157 1053,3157 1124,3175 1126,3175 1129,3175 1164,3157 1168,3157 1310,3173 1312,3173 1314,3173 1358,3155 1360,3155 1396,3173 1398,3173 1400,3175 1533,3175 1533,3173 1535,3173 1537,3173 1537,3171 1553,3155 1579,3171 1581,3171 1584,3171 1586,3173 1794,3173 1794,3171 1796,3171 1798,3171 1798,3168 1816,3153 1847,3153 1849,3135 1844,3107 965,3100 963,3100 961,3100 958,3100 958,3102 952,3107 954,3142"/>
        <Baseline points="954,3142 1849,3135"/>
        <TextEquiv conf="0.9871574953982705">
          <Unicode>II. 789). — „In eminenti apostolicae“.</Unicode>
        </TextEquiv>
      </TextLine>
      <TextLine id="eSc_line_2a4117d4" custom="structure {type:default;}">
        <Coords points="349,3197 349,3235 419,3235 419,3233 421,3233 424,3233 428,3228 457,3206 501,3224 525,3233 528,3233 530,3233 532,3233 561,3219 589,3206 645,3206 656,3213 662,3219 665,3219 667,3219 669,3219 671,3219 673,3219 687,3210 691,3208 693,3210 715,3228 715,3230 718,3230 720,3230 722,3230 724,3230 775,3204 775,3197 775,3168 576,3168 567,3162 539,3149 536,3149 534,3149 532,3149 492,3160 483,3164 441,3164 437,3160 428,3151 428,3149 426,3149 424,3149 421,3149 349,3155 349,3197"/>
        <Baseline points="349,3197 775,3197"/>
        <TextEquiv conf="0.9830601414044698">
          <Unicode>lul. 2. „</Unicode>
        </TextEquiv>
      </TextLine>
      <TextLine id="eSc_line_1cbb6192" custom="structure {type:default;}">
        <Coords points="905,3195 905,3221 2858,3213 2861,3186 2854,3155 903,3162 905,3195"/>
        <Baseline points="905,3195 2861,3186"/>
        <TextEquiv conf="0.9902718376230311">
          <Unicode>15994 (9970) Ecclesiae Bononiensis bona, petente Gerardo episcopo, confirmat. Sa-</Unicode>
        </TextEquiv>
      </TextLine>
      <TextLine id="eSc_line_bed92c2e" custom="structure {type:default;}">
        <Coords points="961,3248 961,3270 2854,3263 2856,3241 2850,3210 958,3215 961,3248"/>
        <Baseline points="961,3248 2856,3241"/>
        <TextEquiv conf="0.9924233224656847">
          <Unicode>violi Ann. Bol. II. II. 152, Migne- 202 p. 1522. — „Sacrosancta Romana ecclesia“.</Unicode>
        </TextEquiv>
      </TextLine>
      <TextLine id="eSc_line_72d4d52c" custom="structure {type:default;}">
        <Coords points="388,3312 388,3336 450,3323 483,3327 534,3334 536,3334 539,3334 583,3316 583,3308 578,3279 488,3263 486,3263 483,3263 481,3263 481,3266 466,3281 466,3283 386,3283 388,3312"/>
        <Baseline points="388,3312 583,3308"/>
        <TextEquiv conf="0.9999995708465577">
          <Unicode>„ 19.</Unicode>
        </TextEquiv>
      </TextLine>
      <TextLine id="eSc_line_912de81f" custom="structure {type:default;}">
        <Coords points="629,3308 627,3334 768,3341 773,3312 771,3266 629,3250 629,3308"/>
        <Baseline points="629,3308 773,3312"/>
        <TextEquiv conf="1.0">
          <Unicode>„</Unicode>
        </TextEquiv>
      </TextLine>
      <TextLine id="eSc_line_c5375efd" custom="structure {type:default;}">
        <Coords points="908,3301 908,3325 938,3339 941,3339 943,3339 1040,3325 1049,3325 1058,3325 1199,3339 1201,3339 1204,3339 1228,3325 1349,3325 1502,3323 1539,3323 1796,3336 1798,3336 1902,3323 1924,3321 1997,3323 2293,3332 2295,3332 2355,3321 2375,3319 2394,3321 2461,3332 2463,3332 2858,3319 2861,3292 2854,3259 905,3270 908,3301"/>
        <Baseline points="908,3301 2861,3292"/>
        <TextEquiv conf="0.9937957738652642">
          <Unicode>15995 Canonicorum lanuensium possessiones et iura confirmat. Pflugk-Harttung Iter</Unicode>
        </TextEquiv>
      </TextLine>
      <TextLine id="eSc_line_9b7cf8e5" custom="structure {type:default;}">
        <Coords points="956,3361 956,3383 963,3389 963,3392 965,3392 967,3392 969,3392 972,3392 1009,3376 1011,3376 1045,3376 1462,3389 1464,3389 1537,3372 1539,3356 1533,3325 954,3327 956,3361"/>
        <Baseline points="956,3361 1539,3356"/>
        <TextEquiv conf="0.9996274139570154">
          <Unicode>p. 310. — „Quotiens a“.</Unicode>
        </TextEquiv>
      </TextLine>
      <TextLine id="eSc_line_ac40e9bd" custom="structure {type:default;}">
        <Coords points="351,3409 349,3471 433,3493 435,3493 437,3493 455,3486 486,3478 574,3504 581,3414 581,3378 351,3365 351,3409"/>
        <Baseline points="351,3409 581,3414"/>
        <TextEquiv conf="0.9952525198459625">
          <Unicode>Aus. 25.</Unicode>
        </TextEquiv>
      </TextLine>
      <TextLine id="eSc_line_545957c3" custom="structure {type:default;}">
        <Coords points="634,3414 627,3531 653,3533 656,3533 658,3533 660,3533 662,3531 700,3502 768,3526 779,3420 777,3394 634,3387 634,3414"/>
        <Baseline points="634,3414 779,3420"/>
        <TextEquiv conf="0.9989209175109863">
          <Unicode>„</Unicode>
        </TextEquiv>
      </TextLine>
      <TextLine id="eSc_line_2b87de1b" custom="structure {type:default;}">
        <Coords points="910,3411 910,3438 2863,3431 2863,3405 2856,3372 908,3376 910,3411"/>
        <Baseline points="910,3411 2863,3405"/>
        <TextEquiv conf="0.9993876856916091">
          <Unicode>15996 (9971) Ecclesiam Tarvisinam tuendam suscipit, canonicorumque bona et privilegia</Unicode>
        </TextEquiv>
      </TextLine>
      <TextLine id="eSc_line_97ce5cfe" custom="structure {type:default;}">
        <Coords points="958,3467 958,3500 1235,3500 1310,3522 1312,3522 1314,3522 1486,3500 1617,3522 1619,3524 1820,3524 1820,3522 1822,3522 1871,3500 1924,3513 1926,3513 1928,3513 2043,3500 2074,3520 2076,3520 2079,3520 2143,3522 2145,3524 2414,3524 2414,3522 2417,3522 2507,3500 2622,3520 2624,3520 2626,3520 2684,3498 2684,3467 2682,3436 958,3436 958,3467"/>
        <Baseline points="958,3467 2684,3467"/>
        <TextEquiv conf="0.9871946665602671">
          <Unicode>confirmat. (Fregmentum). Ughelli It. saer. V. 535, (Migne 202 p. 1524).</Unicode>
        </TextEquiv>
      </TextLine>
    </TextRegion>
    <TextRegion id="eSc_textblock_1f3b0907"  custom="structure {type:default;}">
      <Coords points="1363,114 2026,123 2043,200 2017,227 1164,209 1182,123 1363,114"/>
      <TextLine id="eSc_line_50af62b4" custom="structure {type:default;}">
        <Coords points="1906,121 1904,121 1864,139 1858,141 1838,139 1736,123 1734,123 1623,141 1597,143 1579,141 1520,128 1517,128 1515,128 1489,141 1482,143 1478,141 1444,128 1442,128 1257,123 1254,123 1252,123 1184,141 1186,189 1186,209 2014,220 2019,185 2014,139 1908,121 1906,121"/>
        <Baseline points="1186,189 2019,185"/>
        <TextEquiv conf="0.9990945328836855">
          <Unicode>CRBANUS III. 1185—1187.</Unicode>
        </TextEquiv>
      </TextLine>
    </TextRegion>
  </Page>
</PcGts>
