<?xml version="1.0" encoding="UTF-8"  standalone="yes"?>
<PcGts xmlns="http://schema.primaresearch.org/PAGE/gts/pagecontent/2019-07-15" xmlns:xsi="http://www.w3.org/2001/XMLSchema-instance" xsi:schemaLocation="http://schema.primaresearch.org/PAGE/gts/pagecontent/2019-07-15 http://schema.primaresearch.org/PAGE/gts/pagecontent/2019-07-15/pagecontent.xsd">
  <Metadata externalRef="pdf//regestapontificu02cath.pdf">
	<Creator>escriptorium</Creator>
	<Created>2026-01-31T10:40:31.535584+00:00</Created>
        <LastChange>2026-02-04T21:55:34.272784+00:00</LastChange>
  </Metadata>
  <Page imageFilename="regestapontificu02cath.pdf_page_516.png" imageWidth="3007" imageHeight="3975">
    <TextRegion id="eSc_textblock_dff09ea2"  custom="structure {type:default;}">
      <Coords points="366,150 475,159 483,218 335,245 318,185 366,150"/>
      <TextLine id="eSc_line_f244a8c0" custom="structure {type:default;}">
        <Coords points="340,212 342,242 466,236 463,203 459,165 368,159 366,159 364,159 335,172 340,212"/>
        <Baseline points="340,212 463,203"/>
        <TextEquiv conf="0.9999096194903055">
          <Unicode>504</Unicode>
        </TextEquiv>
      </TextLine>
    </TextRegion>
    <TextRegion id="eSc_textblock_4b1584cd"  custom="structure {type:default;}">
      <Coords points="349,300 572,309 598,397 598,3221 581,3478 519,3504 344,3495 318,3425 309,450 318,326 349,300"/>
      <TextLine id="eSc_line_e8ce4969" custom="structure {type:default;}">
        <Coords points="357,424 357,492 574,494 576,424 576,393 545,379 543,379 541,379 539,379 536,379 517,393 514,393 357,386 357,424"/>
        <Baseline points="357,424 576,424"/>
        <TextEquiv conf="0.954020082950592">
          <Unicode>Lut. 2.</Unicode>
        </TextEquiv>
      </TextLine>
      <TextLine id="eSc_line_5ccd8e64" custom="structure {type:default;}">
        <Coords points="397,591 397,613 570,627 572,587 565,541 395,556 397,591"/>
        <Baseline points="397,591 572,587"/>
        <TextEquiv conf="0.9999892711639404">
          <Unicode>„ 2.</Unicode>
        </TextEquiv>
      </TextLine>
      <TextLine id="eSc_line_e7e6da6f" custom="structure {type:default;}">
        <Coords points="395,812 395,823 402,830 402,832 404,832 406,832 408,832 410,832 448,819 455,819 570,823 572,806 567,768 503,757 501,757 499,757 457,775 452,779 393,779 395,812"/>
        <Baseline points="395,812 572,806"/>
        <TextEquiv conf="0.9684256911277771">
          <Unicode>„ 4.</Unicode>
        </TextEquiv>
      </TextLine>
      <TextLine id="eSc_line_2931e4a1" custom="structure {type:default;}">
        <Coords points="395,918 395,956 574,956 574,914 567,870 393,878 395,918"/>
        <Baseline points="395,918 574,914"/>
        <TextEquiv conf="0.9997789144515992">
          <Unicode>„ 10.</Unicode>
        </TextEquiv>
      </TextLine>
      <TextLine id="eSc_line_904e198e" custom="structure {type:default;}">
        <Coords points="391,1252 391,1263 419,1276 421,1276 424,1276 426,1276 472,1260 475,1260 505,1274 508,1274 510,1274 512,1274 572,1256 572,1245 567,1216 494,1207 492,1207 490,1207 488,1207 488,1210 477,1219 477,1221 388,1221 391,1252"/>
        <Baseline points="391,1252 572,1245"/>
        <TextEquiv conf="0.9999988317489624">
          <Unicode>„ 11.</Unicode>
        </TextEquiv>
      </TextLine>
      <TextLine id="eSc_line_66b6c05d" custom="structure {type:default;}">
        <Coords points="395,1413 395,1424 572,1426 576,1408 572,1380 492,1369 490,1369 488,1369 486,1369 486,1371 483,1371 475,1382 475,1384 393,1384 395,1413"/>
        <Baseline points="395,1413 576,1408"/>
        <TextEquiv conf="0.9787163734436035">
          <Unicode>„ 11.</Unicode>
        </TextEquiv>
      </TextLine>
      <TextLine id="eSc_line_cb18ff9b" custom="structure {type:default;}">
        <Coords points="397,1578 397,1590 554,1598 556,1598 558,1598 561,1598 574,1585 574,1574 570,1545 494,1534 492,1534 490,1534 488,1534 488,1537 477,1548 475,1550 395,1550 397,1578"/>
        <Baseline points="397,1578 574,1574"/>
        <TextEquiv conf="0.9997290730476379">
          <Unicode>„ 13.</Unicode>
        </TextEquiv>
      </TextLine>
      <TextLine id="eSc_line_794e4ed4" custom="structure {type:default;}">
        <Coords points="397,1687 397,1704 475,1698 483,1700 534,1715 536,1715 539,1715 541,1715 543,1715 576,1693 576,1682 572,1656 501,1638 499,1638 497,1638 494,1638 468,1656 466,1658 395,1658 397,1687"/>
        <Baseline points="397,1687 576,1682"/>
        <TextEquiv conf="0.9999990463256836">
          <Unicode>„ 14.</Unicode>
        </TextEquiv>
      </TextLine>
      <TextLine id="eSc_line_e26f20ea" custom="structure {type:default;}">
        <Coords points="395,1852 395,1877 576,1872 576,1852 576,1821 477,1808 475,1808 395,1819 395,1852"/>
        <Baseline points="395,1852 576,1852"/>
        <TextEquiv conf="0.9987953186035157">
          <Unicode>„ 15.</Unicode>
        </TextEquiv>
      </TextLine>
      <TextLine id="eSc_line_5bdcfc15" custom="structure {type:default;}">
        <Coords points="395,2016 395,2029 572,2044 574,2011 567,1952 393,1980 395,2016"/>
        <Baseline points="395,2016 574,2011"/>
        <TextEquiv conf="0.8554108142852783">
          <Unicode>„ 20.</Unicode>
        </TextEquiv>
      </TextLine>
      <TextLine id="eSc_line_400d3d25" custom="structure {type:default;}">
        <Coords points="399,2184 399,2234 446,2234 448,2234 450,2234 450,2232 452,2230 470,2212 505,2223 523,2228 525,2228 528,2228 530,2228 576,2212 576,2177 572,2124 514,2113 512,2113 395,2124 399,2184"/>
        <Baseline points="399,2184 576,2177"/>
        <TextEquiv conf="0.9999457478523255">
          <Unicode>„ 26.</Unicode>
        </TextEquiv>
      </TextLine>
      <TextLine id="eSc_line_26538ffd" custom="structure {type:default;}">
        <Coords points="397,2347 397,2385 428,2385 428,2382 430,2382 433,2382 433,2380 437,2378 452,2358 481,2358 497,2369 501,2373 503,2373 505,2373 508,2373 570,2358 572,2338 570,2309 528,2292 525,2292 523,2292 395,2316 397,2347"/>
        <Baseline points="397,2347 572,2338"/>
        <TextEquiv conf="0.9998804330825806">
          <Unicode>„ 30.</Unicode>
        </TextEquiv>
      </TextLine>
      <TextLine id="eSc_line_6cbfd4fb" custom="structure {type:default;}">
        <Coords points="395,2508 395,2515 472,2515 479,2519 499,2537 501,2537 503,2537 505,2537 574,2524 576,2504 570,2464 393,2475 395,2508"/>
        <Baseline points="395,2508 576,2504"/>
        <TextEquiv conf="0.9999998807907104">
          <Unicode>„ 30.</Unicode>
        </TextEquiv>
      </TextLine>
      <TextLine id="eSc_line_4a33c384" custom="structure {type:default;}">
        <Coords points="402,2678 404,2703 459,2687 497,2691 558,2698 561,2698 563,2698 565,2698 565,2696 567,2696 574,2687 574,2672 570,2643 512,2632 510,2632 399,2647 402,2678"/>
        <Baseline points="402,2678 574,2672"/>
        <TextEquiv conf="0.9999982357025147">
          <Unicode>„ 31.</Unicode>
        </TextEquiv>
      </TextLine>
      <TextLine id="eSc_line_46214422" custom="structure {type:default;}">
        <Coords points="399,3277 399,3323 430,3323 430,3321 433,3321 435,3321 441,3314 475,3292 574,3292 576,3277 576,3246 399,3233 399,3277"/>
        <Baseline points="399,3277 576,3277"/>
        <TextEquiv conf="0.9969574570655823">
          <Unicode>„ 31.</Unicode>
        </TextEquiv>
      </TextLine>
    </TextRegion>
    <TextRegion id="eSc_textblock_72251623"  custom="structure {type:default;}">
      <Coords points="2509,291 2900,300 2900,3504 963,3531 883,3513 863,3469 724,3486 618,3442 618,318 2509,291"/>
      <TextLine id="eSc_line_0af63ec0" custom="structure {type:default;}">
        <Coords points="2319,293 2297,293 2275,293 2253,293 2231,293 2209,293 2187,295 2165,295 2143,295 2121,295 2112,295 2098,306 2037,306 2003,306 1975,298 1966,298 1944,298 1922,298 1900,298 1877,298 1855,300 1833,300 1811,300 1789,300 1767,300 1745,300 1723,300 1701,302 1679,302 1657,302 1648,302 1628,309 1592,302 1590,302 1568,302 1546,304 1524,304 1502,304 1480,304 1473,304 1411,309 1389,306 1369,306 1347,306 1325,306 1303,306 1281,306 1259,306 1237,309 1215,309 1193,309 1170,309 1148,309 1126,309 1104,309 1082,311 1060,311 1038,311 1016,311 994,311 972,311 950,311 927,313 905,313 883,313 885,359 885,390 2755,386 2755,348 2750,302 2335,293 2319,293"/>
        <Baseline points="885,359 2755,348"/>
        <TextEquiv conf="0.9808698026246803">
          <Unicode>1186. (Ind. 1. — 25. Sept. — 5. pont. a. I. — I. Derc. — 2, 1185. — 25. Mart. — 1186.)</Unicode>
        </TextEquiv>
      </TextLine>
      <TextLine id="eSc_line_216a5084" custom="structure {type:default;}">
        <Coords points="638,421 638,459 843,483 846,417 841,368 634,357 638,421"/>
        <Baseline points="638,421 846,417"/>
        <TextEquiv conf="0.939133243901389">
          <Unicode>Veronae</Unicode>
        </TextEquiv>
      </TextLine>
      <TextLine id="eSc_line_b14d8002" custom="structure {type:default;}">
        <Coords points="899,421 899,441 1064,454 1067,454 1069,454 1071,454 1087,443 1089,443 1159,443 1555,452 1557,452 1683,448 1844,441 2028,450 2216,459 2218,459 2266,452 2344,439 2408,452 2432,457 2434,457 2881,454 2881,415 2874,375 897,379 899,421"/>
        <Baseline points="899,421 2881,415"/>
        <TextEquiv conf="0.9921667310128729">
          <Unicode>15642 Ecclesiae Omnium Sanctorum Dublinensis protectionem suscipit, et possessiones</Unicode>
        </TextEquiv>
      </TextLine>
      <TextLine id="eSc_line_96b7dcd8" custom="structure {type:default;}">
        <Coords points="969,474 969,501 2876,503 2881,470 2876,446 967,439 969,474"/>
        <Baseline points="969,474 2881,470"/>
        <TextEquiv conf="0.9940053930989018">
          <Unicode>iuraque confirmat. Butler Registrum prioratus omn. Sanct. Dubl. p. 4. — „Quotiens</Unicode>
        </TextEquiv>
      </TextLine>
      <TextLine id="eSc_line_87ce201a" custom="structure {type:default;}">
        <Coords points="965,530 965,547 1301,558 1303,558 1305,558 1358,543 1358,525 1352,494 963,496 965,530"/>
        <Baseline points="965,530 1358,525"/>
        <TextEquiv conf="0.9764474314801833">
          <Unicode>a nobis petitur“.</Unicode>
        </TextEquiv>
      </TextLine>
      <TextLine id="eSc_line_ba31feff" custom="structure {type:default;}">
        <Coords points="914,587 914,607 2881,605 2883,583 2878,545 1937,534 1935,534 1805,545 956,536 954,536 952,536 912,547 914,587"/>
        <Baseline points="914,587 2883,583"/>
        <TextEquiv conf="0.9983658881748424">
          <Unicode>15643 Decano et capitulo Glasguensi asserit ecclesiam de Reinfriu, a Davide, Scotorum</Unicode>
        </TextEquiv>
      </TextLine>
      <TextLine id="eSc_line_b2042721" custom="structure {type:default;}">
        <Coords points="707,594 707,602 813,602 813,594 813,567 707,567 707,594"/>
        <Baseline points="707,594 813,594"/>
        <TextEquiv conf="1.0">
          <Unicode>„„</Unicode>
        </TextEquiv>
      </TextLine>
      <TextLine id="eSc_line_29f19043" custom="structure {type:default;}">
        <Coords points="969,638 969,658 1025,673 1027,673 1029,673 1102,660 1104,660 1153,673 1155,673 1157,675 1296,675 1296,673 1299,673 1330,660 1332,660 2003,660 2019,664 2050,673 2052,673 2054,675 2220,675 2220,673 2222,673 2240,664 2249,660 2271,664 2311,673 2313,673 2419,666 2496,660 2520,666 2547,673 2549,673 2551,673 2600,666 2646,660 2878,666 2881,638 2881,611 969,609 969,638"/>
        <Baseline points="969,638 2881,638"/>
        <TextEquiv conf="0.999881295169272">
          <Unicode>rege, „principe catholico et christianae fidei ampliatore“ donatam. (Pro „VI. non.</Unicode>
        </TextEquiv>
      </TextLine>
      <TextLine id="eSc_line_a854dfb2" custom="structure {type:default;}">
        <Coords points="972,693 972,724 2881,724 2881,693 2881,664 972,662 972,693"/>
        <Baseline points="972,693 2881,693"/>
        <TextEquiv conf="0.9998475872440102">
          <Unicode>lunii“ legendum puto „VI. non Iulii“). Registrum ep. Glasg. I. 60. — „Significan-</Unicode>
        </TextEquiv>
      </TextLine>
      <TextLine id="eSc_line_ba2f763d" custom="structure {type:default;}">
        <Coords points="965,748 965,764 1219,775 1221,775 1224,775 1268,757 1268,742 1261,706 963,711 965,748"/>
        <Baseline points="965,748 1268,742"/>
        <TextEquiv conf="0.9999821690412668">
          <Unicode>tibus vobis“.</Unicode>
        </TextEquiv>
      </TextLine>
      <TextLine id="eSc_line_63e327ec" custom="structure {type:default;}">
        <Coords points="905,808 905,828 1268,828 1281,828 1356,839 1358,839 1444,828 1473,825 1524,828 1659,836 1661,836 1758,828 1794,825 2876,825 2881,799 2876,759 941,755 938,755 936,755 903,764 905,808"/>
        <Baseline points="905,808 2881,799"/>
        <TextEquiv conf="0.9922602169307662">
          <Unicode>15644 Domus hospitalis in suburbio S. Georgii (Veronensi?) possessiones confirmat</Unicode>
        </TextEquiv>
      </TextLine>
      <TextLine id="eSc_line_cd81ac86" custom="structure {type:default;}">
        <Coords points="695,812 695,841 819,819 821,808 817,768 693,768 695,812"/>
        <Baseline points="695,812 821,808"/>
        <TextEquiv conf="0.9998303651809692">
          <Unicode>(„)</Unicode>
        </TextEquiv>
      </TextLine>
      <TextLine id="eSc_line_274bcbc9" custom="structure {type:default;}">
        <Coords points="967,859 967,885 1491,885 1506,896 1509,896 1511,896 1513,896 1763,885 1942,896 1944,898 1944,896 2121,885 2229,896 2231,898 2518,898 2518,896 2520,896 2547,885 2604,896 2607,896 2609,896 2642,885 2673,896 2675,896 2677,896 2823,883 2823,859 2823,830 967,830 967,859"/>
        <Baseline points="967,859 2823,859"/>
        <TextEquiv conf="0.9877786062381886">
          <Unicode>sororesque vetat, facta professione, eam relinquere. Pflugk-Harttung Iter p. 812.</Unicode>
        </TextEquiv>
      </TextLine>
      <TextLine id="eSc_line_970f04a3" custom="structure {type:default;}">
        <Coords points="908,918 908,940 2881,934 2883,909 2876,876 905,883 908,918"/>
        <Baseline points="908,918 2883,909"/>
        <TextEquiv conf="0.9988936480434462">
          <Unicode>15645 Iocel(ino) episcopo Glasguensi indulget, ne religiosis viris in eius dioecesi mo-</Unicode>
        </TextEquiv>
      </TextLine>
      <TextLine id="eSc_line_fa36f010" custom="structure {type:default;}">
        <Coords points="715,920 715,927 755,940 757,940 760,940 762,940 808,923 808,916 802,885 713,889 715,920"/>
        <Baseline points="715,920 808,916"/>
        <TextEquiv conf="0.999897837638855">
          <Unicode>„</Unicode>
        </TextEquiv>
      </TextLine>
      <TextLine id="eSc_line_9db6243f" custom="structure {type:default;}">
        <Coords points="969,969 969,991 2881,987 2883,965 2878,934 967,931 969,969"/>
        <Baseline points="969,969 2883,965"/>
        <TextEquiv conf="0.9980558135423315">
          <Unicode>rantibus liceat, ecclesiam parochialem, cum vacaverit, in manu sua tenere, vel per-</Unicode>
        </TextEquiv>
      </TextLine>
      <TextLine id="eSc_line_678fbf5e" custom="structure {type:default;}">
        <Coords points="969,1022 969,1048 1177,1044 1212,1048 1285,1060 1288,1060 1290,1060 1334,1048 1354,1044 1396,1048 1495,1060 1497,1060 1634,1048 1679,1044 1685,1046 1707,1060 1710,1060 1712,1062 1813,1062 1813,1060 1869,1046 1884,1044 1931,1046 2090,1057 2092,1057 2094,1057 2127,1046 2140,1042 2156,1046 2202,1057 2204,1057 2207,1057 2209,1057 2246,1046 2260,1042 2264,1046 2280,1057 2282,1057 2284,1057 2286,1060 2412,1060 2412,1057 2470,1044 2485,1042 2527,1044 2686,1057 2688,1057 2766,1044 2779,1042 2792,1044 2863,1057 2865,1057 2867,1057 2870,1057 2885,1044 2885,1018 2878,989 967,993 969,1022"/>
        <Baseline points="969,1022 2885,1018"/>
        <TextEquiv conf="0.9997625372239521">
          <Unicode>petuos vicarios instituere vel aliquibus assignare sine episcopali auctoritate. Nisi</Unicode>
        </TextEquiv>
      </TextLine>
      <TextLine id="eSc_line_18861248" custom="structure {type:default;}">
        <Coords points="969,1077 969,1106 2883,1113 2885,1077 2885,1046 969,1046 969,1077"/>
        <Baseline points="969,1077 2885,1077"/>
        <TextEquiv conf="0.9888732696688453">
          <Unicode>infra tres menses idonea persona praesentata sit, ipse aliquam eligat. Ecclesiis novos</Unicode>
        </TextEquiv>
      </TextLine>
      <TextLine id="eSc_line_281b5044" custom="structure {type:default;}">
        <Coords points="969,1128 967,1152 2878,1157 2883,1132 2881,1099 969,1095 969,1128"/>
        <Baseline points="969,1128 2883,1132"/>
        <TextEquiv conf="0.9998852672514977">
          <Unicode>census imponi aut veteres augmentari vetat. Registrum ep. Glasg. I. 58. — „In</Unicode>
        </TextEquiv>
      </TextLine>
      <TextLine id="eSc_line_20b2a059" custom="structure {type:default;}">
        <Coords points="969,1185 969,1203 1051,1216 1053,1216 1177,1205 1345,1216 1347,1216 1349,1216 1398,1203 1398,1185 1398,1150 969,1150 969,1185"/>
        <Baseline points="969,1185 1398,1185"/>
        <TextEquiv conf="0.9855603356110422">
          <Unicode>eminenti ecclesie“.</Unicode>
        </TextEquiv>
      </TextLine>
      <TextLine id="eSc_line_b8611a92" custom="structure {type:default;}">
        <Coords points="916,1245 916,1269 2883,1265 2885,1241 2881,1210 936,1201 934,1201 932,1201 930,1201 914,1207 916,1245"/>
        <Baseline points="916,1245 2885,1241"/>
        <TextEquiv conf="0.990935693768894">
          <Unicode>15646 locel(ino) episcopo Glasguensi concedit, ut ecclesias diocesanas „ad donationem</Unicode>
        </TextEquiv>
      </TextLine>
      <TextLine id="eSc_line_bcc07854" custom="structure {type:default;}">
        <Coords points="709,1256 709,1269 720,1278 722,1278 724,1278 726,1278 729,1278 777,1265 777,1256 775,1219 709,1227 709,1256"/>
        <Baseline points="709,1256 777,1256"/>
        <TextEquiv conf="1.0">
          <Unicode>„</Unicode>
        </TextEquiv>
      </TextLine>
      <TextLine id="eSc_line_da4ab6f3" custom="structure {type:default;}">
        <Coords points="969,1298 969,1327 2881,1325 2881,1298 2881,1265 969,1263 969,1298"/>
        <Baseline points="969,1298 2881,1298"/>
        <TextEquiv conf="0.9989411858951345">
          <Unicode>suam pertinentes“, de personis idoneis ordinet. Alia iura addit. Registrum ep. Glasg.</Unicode>
        </TextEquiv>
      </TextLine>
      <TextLine id="eSc_line_0ce3ee32" custom="structure {type:default;}">
        <Coords points="969,1353 969,1375 1345,1382 1347,1382 1396,1371 1407,1369 1411,1371 1420,1380 1422,1380 1425,1380 1427,1382 1727,1382 1727,1380 1729,1380 1774,1366 1774,1349 1769,1318 983,1309 980,1309 978,1309 976,1309 967,1316 969,1353"/>
        <Baseline points="969,1353 1774,1349"/>
        <TextEquiv conf="0.9980351328849792">
          <Unicode>I. 59. — „Quanto amplius distat“.</Unicode>
        </TextEquiv>
      </TextLine>
      <TextLine id="eSc_line_cc10a670" custom="structure {type:default;}">
        <Coords points="919,1408 919,1433 1098,1433 1106,1433 1177,1446 1179,1446 1316,1433 1319,1433 1321,1433 1338,1446 1341,1446 1343,1446 1345,1448 1478,1448 1478,1446 1480,1446 1482,1446 1502,1433 1972,1444 1975,1444 1977,1444 2014,1431 2129,1444 2132,1444 2134,1444 2165,1431 2388,1442 2390,1442 2531,1428 2536,1428 2562,1442 2565,1442 2567,1444 2666,1444 2666,1442 2750,1428 2770,1442 2772,1442 2775,1442 2777,1444 2845,1444 2845,1442 2847,1442 2883,1426 2883,1402 2878,1373 2726,1373 2702,1360 2699,1360 2697,1360 2596,1371 2048,1362 2045,1362 1975,1373 1897,1362 1895,1362 1893,1362 1891,1362 1871,1375 1517,1375 941,1364 938,1364 936,1364 934,1364 916,1373 919,1408"/>
        <Baseline points="919,1408 2883,1402"/>
        <TextEquiv conf="0.9908808469772339">
          <Unicode>15647 locel(ino) episcopo Glasguensi concedit, ut qui in ecclesiis et cimiteriis bene-</Unicode>
        </TextEquiv>
      </TextLine>
      <TextLine id="eSc_line_636005a7" custom="structure {type:default;}">
        <Coords points="711,1424 711,1435 722,1444 724,1444 726,1444 729,1444 731,1444 777,1431 777,1424 777,1397 711,1397 711,1424"/>
        <Baseline points="711,1424 777,1424"/>
        <TextEquiv conf="0.9765113294124603">
          <Unicode>„„</Unicode>
        </TextEquiv>
      </TextLine>
      <TextLine id="eSc_line_3b2b76d8" custom="structure {type:default;}">
        <Coords points="972,1461 972,1495 2878,1488 2878,1461 2878,1433 972,1433 972,1461"/>
        <Baseline points="972,1461 2878,1461"/>
        <TextEquiv conf="0.9948865935206413">
          <Unicode>dicendis malitiose ei resistant, eos excommunicet. Registrum ep. Glasg. I. 61. —</Unicode>
        </TextEquiv>
      </TextLine>
      <TextLine id="eSc_line_49bafbf1" custom="structure {type:default;}">
        <Coords points="972,1519 972,1539 1520,1534 1522,1514 1515,1479 969,1481 972,1519"/>
        <Baseline points="972,1519 1522,1514"/>
        <TextEquiv conf="0.9991652270158132">
          <Unicode>„Ad apostolafus nosfri“.</Unicode>
        </TextEquiv>
      </TextLine>
      <TextLine id="eSc_line_f0062159" custom="structure {type:default;}">
        <Coords points="711,1576 707,1640 793,1625 797,1581 802,1464 782,1461 779,1461 777,1461 775,1461 764,1472 742,1490 713,1486 711,1576"/>
        <Baseline points="711,1576 797,1581"/>
        <TextEquiv conf="0.7970656752586365">
          <Unicode>„</Unicode>
        </TextEquiv>
      </TextLine>
      <TextLine id="eSc_line_23cec1a4" custom="structure {type:default;}">
        <Coords points="914,1576 914,1596 2883,1594 2885,1567 2881,1530 2629,1519 2626,1519 2624,1519 2593,1530 2587,1534 2476,1534 2465,1530 2414,1519 2412,1519 2359,1532 2344,1534 2269,1532 2043,1521 2041,1521 2039,1521 2012,1532 2008,1534 1990,1532 1911,1523 1908,1523 1906,1523 1882,1534 1873,1537 1809,1534 1621,1523 1619,1523 1568,1534 1557,1537 1460,1534 1011,1525 1009,1525 912,1537 914,1576"/>
        <Baseline points="914,1576 2885,1567"/>
        <TextEquiv conf="0.9923505634069443">
          <Unicode>15648 Eeclesiae S. Mariae de Vado-laparum possessiones confirmat, petente Sevino</Unicode>
        </TextEquiv>
      </TextLine>
      <TextLine id="eSc_line_855d1096" custom="structure {type:default;}">
        <Coords points="967,1629 967,1656 2881,1656 2881,1629 2881,1598 967,1598 967,1629"/>
        <Baseline points="967,1629 2881,1629"/>
        <TextEquiv conf="0.9981197991022249">
          <Unicode>priore. In bibl. nat. Paris. ms. lat. 12775. f. 128. — „Quotiens a nobis petitur“.</Unicode>
        </TextEquiv>
      </TextLine>
      <TextLine id="eSc_line_2bbc35b5" custom="structure {type:default;}">
        <Coords points="711,1687 711,1698 720,1707 722,1707 724,1707 726,1707 771,1700 802,1696 813,1704 819,1687 819,1660 711,1660 711,1687"/>
        <Baseline points="711,1687 819,1687"/>
        <TextEquiv conf="0.9847032427787781">
          <Unicode>„</Unicode>
        </TextEquiv>
      </TextLine>
      <TextLine id="eSc_line_7af3a07a" custom="structure {type:default;}">
        <Coords points="908,1687 908,1709 2885,1700 2885,1678 2878,1643 905,1649 908,1687"/>
        <Baseline points="908,1687 2885,1678"/>
        <TextEquiv conf="0.9965457669619856">
          <Unicode>15649 (9831) Fratribus Grandimontensibus concedit, ut iis in generali terrae interdicto</Unicode>
        </TextEquiv>
      </TextLine>
      <TextLine id="eSc_line_a28b652c" custom="structure {type:default;}">
        <Coords points="972,1740 972,1764 2876,1755 2878,1733 2874,1702 1000,1696 998,1696 996,1696 969,1704 972,1740"/>
        <Baseline points="972,1740 2878,1733"/>
        <TextEquiv conf="0.9955449342727661">
          <Unicode>pulsare unam campanam liceat. Gall. Chr. II. Instr. p. 191, Migne 202 p. 1415. —</Unicode>
        </TextEquiv>
      </TextLine>
      <TextLine id="eSc_line_505168e4" custom="structure {type:default;}">
        <Coords points="974,1793 974,1813 980,1819 980,1821 983,1821 985,1821 987,1821 1164,1810 1299,1821 1301,1821 1358,1808 1358,1793 1358,1764 974,1764 974,1793"/>
        <Baseline points="974,1793 1358,1793"/>
        <TextEquiv conf="0.9979036172231038">
          <Unicode>„Quanto maior“.</Unicode>
        </TextEquiv>
      </TextLine>
      <TextLine id="eSc_line_5eb620cc" custom="structure {type:default;}">
        <Coords points="912,1850 912,1877 2881,1879 2885,1846 2878,1810 910,1813 912,1850"/>
        <Baseline points="912,1850 2885,1846"/>
        <TextEquiv conf="0.9978475636098443">
          <Unicode>15650 (9832) Monachorum Grandimontensium concordiae firmandae causa statuit varia,</Unicode>
        </TextEquiv>
      </TextLine>
      <TextLine id="eSc_line_77068061" custom="structure {type:default;}">
        <Coords points="707,1855 707,1870 729,1888 731,1888 733,1888 735,1890 766,1890 766,1888 768,1888 771,1888 771,1885 786,1872 790,1868 813,1874 817,1855 815,1815 707,1826 707,1855"/>
        <Baseline points="707,1855 817,1855"/>
        <TextEquiv conf="0.9999858140945435">
          <Unicode>„</Unicode>
        </TextEquiv>
      </TextLine>
      <TextLine id="eSc_line_eb29bd40" custom="structure {type:default;}">
        <Coords points="972,1903 972,1927 2881,1923 2883,1896 2876,1863 969,1863 972,1903"/>
        <Baseline points="972,1903 2883,1896"/>
        <TextEquiv conf="0.9974354002382848">
          <Unicode>bulla ad Guillelmum priorem. Martene Thes. I. 627, Mansi XXII. 502, Migne 202</Unicode>
        </TextEquiv>
      </TextLine>
      <TextLine id="eSc_line_216b3ccb" custom="structure {type:default;}">
        <Coords points="967,1961 967,1978 1831,1974 1833,1956 1829,1930 1637,1930 1623,1916 1621,1916 1619,1916 1617,1916 1615,1916 1590,1927 1573,1916 1570,1916 1568,1916 1566,1916 1564,1916 1562,1916 1546,1927 1299,1919 1296,1919 1294,1919 1292,1919 1279,1932 1159,1932 1148,1921 1148,1919 1146,1919 1144,1919 1042,1919 1040,1919 965,1932 967,1961"/>
        <Baseline points="967,1961 1833,1956"/>
        <TextEquiv conf="0.9867746540478297">
          <Unicode>p. 1416. — „Quanto per infusionem“.</Unicode>
        </TextEquiv>
      </TextLine>
      <TextLine id="eSc_line_49537c66" custom="structure {type:default;}">
        <Coords points="912,2016 912,2042 2883,2033 2885,2007 2878,1976 910,1978 912,2016"/>
        <Baseline points="912,2016 2885,2007"/>
        <TextEquiv conf="0.9909567342864143">
          <Unicode>15651 (9833) Ecclesiae S. Iohannis baptistae Ratisponensis tutelam suscipit, possessiones-</Unicode>
        </TextEquiv>
      </TextLine>
      <TextLine id="eSc_line_7d560c30" custom="structure {type:default;}">
        <Coords points="711,2022 711,2073 748,2091 751,2091 753,2091 755,2091 804,2073 802,2018 790,1941 751,1954 707,1945 711,2022"/>
        <Baseline points="711,2022 802,2018"/>
        <TextEquiv conf="0.9999983310699463">
          <Unicode>„</Unicode>
        </TextEquiv>
      </TextLine>
      <TextLine id="eSc_line_3461c273" custom="structure {type:default;}">
        <Coords points="972,2069 972,2095 2878,2097 2881,2069 2881,2033 972,2031 972,2069"/>
        <Baseline points="972,2069 2881,2069"/>
        <TextEquiv conf="0.996387450433359">
          <Unicode>que et iura confirmat, petente Ekkolfo praeposito. Ried I. 268, Migne 202 p. 1418.</Unicode>
        </TextEquiv>
      </TextLine>
      <TextLine id="eSc_line_a25cd3a2" custom="structure {type:default;}">
        <Coords points="972,2122 972,2142 1049,2142 1060,2150 1060,2153 1062,2153 1064,2153 1067,2153 1283,2142 1628,2153 1630,2153 1632,2153 1681,2139 1681,2122 1679,2082 972,2086 972,2122"/>
        <Baseline points="972,2122 1681,2122"/>
        <TextEquiv conf="0.9974175609391311">
          <Unicode>— „Quotiens a nobis petitur“.</Unicode>
        </TextEquiv>
      </TextLine>
      <TextLine id="eSc_line_e521fb6e" custom="structure {type:default;}">
        <Coords points="910,2181 910,2206 1363,2214 1365,2214 1486,2203 1500,2203 1509,2203 1637,2214 1639,2214 1718,2201 1729,2201 1738,2201 1782,2212 1785,2214 2092,2214 2092,2212 2253,2199 2269,2199 2282,2199 2450,2210 2452,2210 2883,2195 2885,2170 2881,2139 2492,2131 2489,2131 2487,2131 2448,2142 2443,2142 2436,2142 2392,2128 2390,2128 2388,2128 2386,2128 2357,2142 2355,2144 2200,2144 2198,2142 2107,2128 2105,2128 2032,2144 2026,2146 1866,2146 1866,2144 1836,2131 1833,2131 1831,2131 1829,2131 1782,2142 1699,2131 1696,2131 1694,2131 1652,2146 1650,2146 1641,2146 1551,2135 1548,2135 1546,2135 1517,2146 1489,2135 1486,2135 1484,2135 1365,2144 1341,2133 1338,2133 1336,2133 1232,2144 936,2135 934,2135 932,2135 908,2146 910,2181"/>
        <Baseline points="910,2181 2885,2170"/>
        <TextEquiv conf="0.9993520746397417">
          <Unicode>15652 (9834) Ecclesiae S. lohannis Leodiensis protectionem suscipit, bonaque ac privi-</Unicode>
        </TextEquiv>
      </TextLine>
      <TextLine id="eSc_line_1d2d1628" custom="structure {type:default;}">
        <Coords points="711,2184 711,2234 804,2241 806,2184 806,2157 711,2157 711,2184"/>
        <Baseline points="711,2184 806,2184"/>
        <TextEquiv conf="0.9999884366989136">
          <Unicode>„</Unicode>
        </TextEquiv>
      </TextLine>
      <TextLine id="eSc_line_926fa0c6" custom="structure {type:default;}">
        <Coords points="972,2230 969,2254 2878,2259 2883,2234 2881,2201 972,2197 972,2230"/>
        <Baseline points="972,2230 2883,2234"/>
        <TextEquiv conf="0.9968666312206222">
          <Unicode>legia confirmat. Martene et Durand Vet. script. I. 972, Miraei Opp. dipl. III. 353,</Unicode>
        </TextEquiv>
      </TextLine>
      <TextLine id="eSc_line_395fd12a" custom="structure {type:default;}">
        <Coords points="972,2285 972,2309 2240,2307 2240,2285 2240,2248 972,2245 972,2285"/>
        <Baseline points="972,2285 2240,2285"/>
        <TextEquiv conf="0.9918210868741951">
          <Unicode>Migne 202 p. 1420. — „Commissae nobis apostolicae“.</Unicode>
        </TextEquiv>
      </TextLine>
      <TextLine id="eSc_line_9cee1245" custom="structure {type:default;}">
        <Coords points="912,2347 912,2367 2878,2373 2883,2340 2878,2309 2816,2294 2814,2294 2220,2312 1984,2312 1942,2298 1939,2298 1937,2298 1935,2298 1908,2312 1690,2312 1595,2296 1592,2296 1590,2296 1546,2312 1515,2298 1513,2298 1511,2298 1237,2312 1126,2298 1124,2298 1122,2298 1091,2312 934,2298 932,2298 930,2298 927,2298 910,2309 912,2347"/>
        <Baseline points="912,2347 2883,2340"/>
        <TextEquiv conf="0.9940218185556347">
          <Unicode>15652a Monasterii S. Vitoni Virdunensis tutelam suscipit possessionesque et privilegia,</Unicode>
        </TextEquiv>
      </TextLine>
      <TextLine id="eSc_line_26fdbc98" custom="structure {type:default;}">
        <Coords points="709,2349 709,2369 806,2365 806,2349 806,2318 757,2305 755,2305 753,2305 751,2305 709,2318 709,2349"/>
        <Baseline points="709,2349 806,2349"/>
        <TextEquiv conf="0.9999818801879883">
          <Unicode>„</Unicode>
        </TextEquiv>
      </TextLine>
      <TextLine id="eSc_line_fd9c4b52" custom="structure {type:default;}">
        <Coords points="972,2398 972,2429 2881,2422 2881,2398 2881,2369 972,2369 972,2398"/>
        <Baseline points="972,2398 2881,2398"/>
        <TextEquiv conf="0.9995156286693201">
          <Unicode>petente Thoma abbate, confirmat. Ex Coll. Moreau t. 89. f. 21 in bibl. nat. Paris.</Unicode>
        </TextEquiv>
      </TextLine>
      <TextLine id="eSc_line_bdc2d95f" custom="structure {type:default;}">
        <Coords points="969,2453 969,2475 1970,2471 1972,2449 1968,2415 967,2415 969,2453"/>
        <Baseline points="969,2453 1972,2449"/>
        <TextEquiv conf="0.999079552563754">
          <Unicode>Misit Delisle. — „Religiosis votis annuere“.</Unicode>
        </TextEquiv>
      </TextLine>
      <TextLine id="eSc_line_bfee6453" custom="structure {type:default;}">
        <Coords points="914,2506 914,2528 2878,2530 2883,2506 2881,2471 914,2471 914,2506"/>
        <Baseline points="914,2506 2883,2506"/>
        <TextEquiv conf="0.9995042941149543">
          <Unicode>15653 Monasterii S. Nicolai Memmingensis tutelam suscipit, bonaque et iura confirmat,</Unicode>
        </TextEquiv>
      </TextLine>
      <TextLine id="eSc_line_b48dbabd" custom="structure {type:default;}">
        <Coords points="702,2519 702,2539 779,2532 779,2515 773,2479 700,2488 702,2519"/>
        <Baseline points="702,2519 779,2515"/>
        <TextEquiv conf="1.0">
          <Unicode>„</Unicode>
        </TextEquiv>
      </TextLine>
      <TextLine id="eSc_line_0e8a8dfb" custom="structure {type:default;}">
        <Coords points="969,2561 969,2588 1374,2588 1385,2588 1502,2603 1504,2603 1577,2588 1579,2588 1581,2588 1617,2603 1619,2603 1621,2605 1924,2605 1924,2603 2127,2588 2158,2585 2372,2585 2379,2585 2428,2601 2430,2601 2432,2603 2585,2603 2585,2601 2587,2601 2644,2585 2649,2585 2655,2585 2708,2601 2710,2601 2713,2603 2850,2603 2850,2601 2852,2601 2883,2585 2883,2557 2876,2530 967,2532 969,2561"/>
        <Baseline points="969,2561 2883,2557"/>
        <TextEquiv conf="0.9970610118531561">
          <Unicode>petente Brunone abbate. Pflugk-Harttung Acta II. 392. — „Quotiens a nobis pe-</Unicode>
        </TextEquiv>
      </TextLine>
      <TextLine id="eSc_line_a7f24355" custom="structure {type:default;}">
        <Coords points="967,2612 965,2638 972,2645 974,2645 974,2647 976,2647 978,2647 980,2650 1069,2650 1069,2647 1071,2647 1073,2647 1073,2645 1091,2630 1120,2630 1122,2616 1120,2581 967,2572 967,2612"/>
        <Baseline points="967,2612 1122,2616"/>
        <TextEquiv conf="0.9645719272749764">
          <Unicode>titur“.</Unicode>
        </TextEquiv>
      </TextLine>
      <TextLine id="eSc_line_4eb06fa4" custom="structure {type:default;}">
        <Coords points="916,2676 916,2698 2883,2698 2883,2669 2876,2632 1813,2632 1581,2621 1579,2621 947,2623 945,2623 914,2634 916,2676"/>
        <Baseline points="916,2676 2883,2669"/>
        <TextEquiv conf="0.9962995095425341">
          <Unicode>15654 (9835) Willelmo, Scotorum regi, significat, se lohanni, episcopo Dunkeldensi,</Unicode>
        </TextEquiv>
      </TextLine>
      <TextLine id="eSc_line_6fe6b86f" custom="structure {type:default;}">
        <Coords points="711,2685 711,2705 777,2727 782,2680 775,2638 707,2647 711,2685"/>
        <Baseline points="711,2685 782,2680"/>
        <TextEquiv conf="1.0">
          <Unicode>„</Unicode>
        </TextEquiv>
      </TextLine>
      <TextLine id="eSc_line_de295964" custom="structure {type:default;}">
        <Coords points="972,2729 972,2751 1047,2762 1049,2762 1051,2762 1071,2751 1075,2751 1389,2751 1447,2762 1449,2762 1506,2749 1511,2749 1517,2749 1555,2760 1557,2760 1559,2762 1809,2762 1809,2760 2032,2747 2054,2747 2094,2747 2507,2756 2509,2756 2512,2756 2514,2756 2527,2744 2529,2744 2549,2744 2845,2756 2847,2756 2850,2756 2883,2742 2883,2720 2876,2694 969,2700 972,2729"/>
        <Baseline points="972,2729 2883,2720"/>
        <TextEquiv conf="0.988888540181769">
          <Unicode>„agendi licentiam super episcopatum S. Andreae tribuisse et Hugoni, S. Andreae epi-</Unicode>
        </TextEquiv>
      </TextLine>
      <TextLine id="eSc_line_47010eef" custom="structure {type:default;}">
        <Coords points="972,2780 972,2811 2881,2806 2883,2775 2876,2749 969,2751 972,2780"/>
        <Baseline points="972,2780 2883,2775"/>
        <TextEquiv conf="0.9922461469065059">
          <Unicode>scopo, ad propria revertendi, ad suam praesentiam, sufficienter instructo, in constituto</Unicode>
        </TextEquiv>
      </TextLine>
      <TextLine id="eSc_line_54bcf2e1" custom="structure {type:default;}">
        <Coords points="969,2835 969,2862 2878,2857 2881,2831 2876,2800 967,2800 969,2835"/>
        <Baseline points="969,2835 2881,2831"/>
        <TextEquiv conf="0.994161740843072">
          <Unicode>tempore redituro, ita ut, si tunc non venerit, Ioscelinus Glascuensis episcopus, et</Unicode>
        </TextEquiv>
      </TextLine>
      <TextLine id="eSc_line_688d9f66" custom="structure {type:default;}">
        <Coords points="972,2890 972,2912 2878,2908 2881,2886 2876,2855 969,2850 972,2890"/>
        <Baseline points="972,2890 2881,2886"/>
        <TextEquiv conf="0.9943972171088795">
          <Unicode>Meilrosensis, Neubotlensis, et Dunfermelinensis abbates eum ab officio episcopali</Unicode>
        </TextEquiv>
      </TextLine>
      <TextLine id="eSc_line_a91838e9" custom="structure {type:default;}">
        <Coords points="972,2948 972,2974 1436,2983 1438,2983 1672,2972 1690,2972 1703,2972 1875,2983 1877,2983 1880,2983 1906,2972 2638,2979 2640,2979 2642,2979 2680,2968 2682,2968 2686,2968 2839,2979 2841,2979 2843,2979 2881,2965 2881,2939 2874,2912 969,2915 972,2948"/>
        <Baseline points="972,2948 2881,2939"/>
        <TextEquiv conf="0.9973638388047735">
          <Unicode>suspenderent, et si postmodum contumax fuerit, vinculo excommunicationis astringe-.</Unicode>
        </TextEquiv>
      </TextLine>
      <TextLine id="eSc_line_b230c69a" custom="structure {type:default;}">
        <Coords points="972,2998 972,3025 2878,3021 2881,2994 2874,2965 969,2968 972,2998"/>
        <Baseline points="972,2998 2881,2994"/>
        <TextEquiv conf="0.9887939385878735">
          <Unicode>rent“. Episcopi Dunkeldensis amicos, Aiulfum decanum de Lodoneio, Odonem sene-</Unicode>
        </TextEquiv>
      </TextLine>
      <TextLine id="eSc_line_f2f5c751" custom="structure {type:default;}">
        <Coords points="972,3054 972,3080 2878,3074 2881,3047 2874,3018 969,3021 972,3054"/>
        <Baseline points="972,3054 2881,3047"/>
        <TextEquiv conf="0.9927893429994583">
          <Unicode>scallum, Rogerum de Fedic aliosque, defendi iubet. Rogeri de Hoveden Annal. 1186</Unicode>
        </TextEquiv>
      </TextLine>
      <TextLine id="eSc_line_796cad5c" custom="structure {type:default;}">
        <Coords points="972,3113 972,3133 1018,3144 1020,3144 1022,3144 1045,3133 1047,3133 1166,3133 1902,3142 1904,3142 1957,3131 1977,3129 1997,3131 2048,3140 2050,3140 2876,3129 2878,3104 2872,3076 969,3082 972,3113"/>
        <Baseline points="972,3113 2878,3104"/>
        <TextEquiv conf="0.9995118207242115">
          <Unicode>ap. Savile R. A. SS. p. 360“, ed. Stubbs II. 311, Haddan and Stubbs Councils II. I.</Unicode>
        </TextEquiv>
      </TextLine>
      <TextLine id="eSc_line_c22f54e0" custom="structure {type:default;}">
        <Coords points="972,3168 972,3197 2878,3191 2881,3160 2876,3131 2569,3120 2567,3120 2368,3131 2350,3131 2317,3131 1942,3122 1939,3122 1937,3122 1935,3122 1922,3133 1917,3135 969,3135 972,3168"/>
        <Baseline points="972,3168 2881,3160"/>
        <TextEquiv conf="0.9975498816635036">
          <Unicode>262, (Manrique Ann. Cist. III. 164. Mansi XXII. 497, Migne 202 p. 1422). — „Cum</Unicode>
        </TextEquiv>
      </TextLine>
      <TextLine id="eSc_line_69440faf" custom="structure {type:default;}">
        <Coords points="969,3221 969,3239 1230,3248 1232,3248 1235,3248 1277,3230 1277,3215 1270,3182 967,3184 969,3221"/>
        <Baseline points="969,3221 1277,3215"/>
        <TextEquiv conf="0.9997113530452435">
          <Unicode>ex iniuncto“.</Unicode>
        </TextEquiv>
      </TextLine>
      <TextLine id="eSc_line_bf9d55c1" custom="structure {type:default;}">
        <Coords points="916,3274 916,3297 2883,3290 2883,3268 2878,3235 1663,3226 1661,3226 1566,3239 914,3239 916,3274"/>
        <Baseline points="916,3274 2883,3268"/>
        <TextEquiv conf="0.9954236800643219">
          <Unicode>15655 (9836) loscelino, episcopo Glascuensi, et Meilrosensi, Meubotlensi et Dunfermeli-</Unicode>
        </TextEquiv>
      </TextLine>
      <TextLine id="eSc_line_7556f6c9" custom="structure {type:default;}">
        <Coords points="713,3288 713,3303 722,3312 724,3312 726,3312 729,3312 731,3312 771,3301 771,3288 766,3237 713,3255 713,3288"/>
        <Baseline points="713,3288 771,3288"/>
        <TextEquiv conf="1.0">
          <Unicode>„</Unicode>
        </TextEquiv>
      </TextLine>
      <TextLine id="eSc_line_8b2c0689" custom="structure {type:default;}">
        <Coords points="972,3330 972,3354 1824,3365 1827,3365 1829,3365 1864,3354 1908,3365 1911,3365 1913,3365 2014,3352 2028,3352 2032,3352 2056,3363 2059,3363 2061,3363 2249,3352 2269,3352 2277,3352 2348,3363 2350,3363 2717,3352 2724,3352 2726,3352 2781,3363 2783,3363 2878,3350 2881,3325 2874,3299 969,3301 972,3330"/>
        <Baseline points="972,3330 2881,3325"/>
        <TextEquiv conf="0.9979490792050081">
          <Unicode>nensi abbatibus mandata dat, superiore epistola significata. Rogeri de Hoveden Annal.</Unicode>
        </TextEquiv>
      </TextLine>
      <TextLine id="eSc_line_7494e276" custom="structure {type:default;}">
        <Coords points="974,3387 974,3409 2878,3414 2881,3380 2874,3350 972,3354 974,3387"/>
        <Baseline points="974,3387 2881,3380"/>
        <TextEquiv conf="0.9888220452055146">
          <Unicode>1186 ap. Savile R. A. SS. 360 b, ed. Stubbs II. 312, Haddan and Stubbs Councils</Unicode>
        </TextEquiv>
      </TextLine>
      <TextLine id="eSc_line_5cce1c0e" custom="structure {type:default;}">
        <Coords points="972,3438 972,3502 1204,3500 1206,3500 1208,3500 1254,3467 1279,3480 1281,3480 1283,3480 1285,3480 1316,3469 1425,3480 1427,3480 1961,3469 2003,3486 2006,3486 2008,3486 2107,3469 2147,3482 2149,3482 2151,3482 2154,3482 2156,3482 2176,3469 2196,3484 2198,3484 2200,3484 2264,3486 2266,3486 2269,3486 2275,3484 2313,3462 2434,3480 2436,3480 2439,3480 2441,3480 2472,3462 2562,3462 2587,3478 2589,3478 2591,3478 2593,3478 2596,3478 2618,3467 2668,3478 2680,3480 2682,3480 2697,3478 2728,3471 2741,3478 2777,3495 2779,3495 2781,3495 2783,3495 2841,3475 2861,3469 2870,3475 2878,3433 2872,3403 969,3405 972,3438"/>
        <Baseline points="972,3438 2878,3433"/>
        <TextEquiv conf="0.9866676191488902">
          <Unicode>H. I. 263. (Manrique Ann. Cist. III. 166. Migne 202 p. 1424). — „Cum ex in-</Unicode>
        </TextEquiv>
      </TextLine>
      <TextLine id="eSc_line_c57d3455" custom="structure {type:default;}">
        <Coords points="972,3495 972,3531 1115,3537 1117,3537 1120,3537 1159,3524 1159,3491 1153,3460 969,3462 972,3495"/>
        <Baseline points="972,3495 1159,3491"/>
        <TextEquiv conf="0.9814468622207642">
          <Unicode>iuncto“.</Unicode>
        </TextEquiv>
      </TextLine>
    </TextRegion>
    <TextRegion id="eSc_textblock_0eaab3c6"  custom="structure {type:default;}">
      <Coords points="1221,141 2052,150 2070,227 1208,245 1182,176 1221,141"/>
      <TextLine id="eSc_line_f8c0412a" custom="structure {type:default;}">
        <Coords points="1208,209 1208,227 1321,247 1323,247 1486,245 1489,245 1491,245 1491,242 1500,234 1506,229 1522,234 1555,245 1557,245 1559,245 1617,242 1619,242 1621,242 1621,240 1626,236 1634,229 1703,238 1754,245 1756,247 1802,247 1802,245 1805,245 1807,245 1807,242 1811,240 1824,229 1875,229 1889,242 1891,242 1891,245 1893,245 1895,245 1897,247 2045,247 2045,209 2045,172 1968,154 1966,154 1897,170 1891,170 1877,170 1782,156 1780,156 1714,167 1690,172 1628,172 1621,165 1608,154 1606,154 1604,154 1601,154 1539,156 1537,156 1535,156 1535,159 1528,163 1524,170 1513,163 1502,159 1500,159 1497,159 1208,159 1208,209"/>
        <Baseline points="1208,209 2045,209"/>
        <TextEquiv conf="0.978390965461731">
          <Unicode>URBANUS III. 1185 — 1187.</Unicode>
        </TextEquiv>
      </TextLine>
    </TextRegion>
  </Page>
</PcGts>
