<?xml version="1.0" encoding="UTF-8"  standalone="yes"?>
<PcGts xmlns="http://schema.primaresearch.org/PAGE/gts/pagecontent/2019-07-15" xmlns:xsi="http://www.w3.org/2001/XMLSchema-instance" xsi:schemaLocation="http://schema.primaresearch.org/PAGE/gts/pagecontent/2019-07-15 http://schema.primaresearch.org/PAGE/gts/pagecontent/2019-07-15/pagecontent.xsd">
  <Metadata externalRef="pdf//regestapontificu02cath.pdf">
	<Creator>escriptorium</Creator>
	<Created>2026-01-31T10:37:51.709473+00:00</Created>
        <LastChange>2026-02-04T21:38:22.351699+00:00</LastChange>
  </Metadata>
  <Page imageFilename="regestapontificu02cath.pdf_page_451.png" imageWidth="3007" imageHeight="3975">
    <TextRegion id="eSc_textblock_2ef0d97c"  custom="structure {type:default;}">
      <Coords points="1990,326 2662,335 2671,371 2644,3557 724,3575 616,3539 106,3539 79,3478 61,1773 88,379 114,353 307,353 351,432 362,353 441,344 616,371 636,335 1990,326"/>
      <TextLine id="eSc_line_7b07eee2" custom="structure {type:default;}">
        <Coords points="623,351 625,388 625,410 671,421 673,421 771,410 784,410 786,410 799,421 802,421 804,421 806,421 1109,410 1201,408 1232,410 1312,419 1314,419 1590,417 1592,417 1595,417 1606,410 1612,406 1690,410 1809,417 1811,419 2039,419 2039,417 2074,410 2105,404 2136,410 2165,415 2167,415 2518,408 2520,379 2516,342 1942,331 1939,331 1937,331 1935,331 1922,342 1919,344 1822,344 1813,342 1756,329 1754,329 1690,342 634,342 623,351"/>
        <Baseline points="625,388 2520,379"/>
        <TextEquiv conf="0.9813992516245953">
          <Unicode>1182. (Ind. 15. — 1. Sept. — 1, pont. a. 1. — 5. Sept. — 2, 1181. — 25. Mart. — 1182.)</Unicode>
        </TextEquiv>
      </TextLine>
      <TextLine id="eSc_line_5b1acae7" custom="structure {type:default;}">
        <Coords points="653,452 653,474 1045,488 1047,488 1049,488 1087,474 1089,474 1091,474 1140,488 1142,488 1144,488 1345,485 1347,485 1349,485 1365,474 1367,472 1374,474 1416,485 1418,485 1420,485 1520,474 1522,474 1586,485 1588,485 1646,472 1665,470 1687,472 1749,483 1752,483 2622,470 2624,443 2620,412 2375,397 2372,397 2370,397 2344,410 1955,399 1953,399 1950,399 1915,412 1915,415 1802,415 1802,412 1780,399 1778,399 1776,399 1699,399 1696,399 1628,415 1621,415 1597,415 1396,401 1394,401 1391,401 1356,415 1354,415 1307,415 680,404 678,404 676,404 651,412 653,452"/>
        <Baseline points="653,452 2624,443"/>
        <TextEquiv conf="0.9905889938859379">
          <Unicode>14616 W(illelmo) archiepiscopo Remensi, S. Sabinae cardinali, eiusque suffraganeis et</Unicode>
        </TextEquiv>
      </TextLine>
      <TextLine id="eSc_line_83fae237" custom="structure {type:default;}">
        <Coords points="355,454 355,490 466,490 479,496 499,507 501,507 503,507 587,499 587,448 583,410 452,395 450,395 353,415 355,454"/>
        <Baseline points="355,454 587,448"/>
        <TextEquiv conf="0.9997321426868438">
          <Unicode>(Velletri)</Unicode>
        </TextEquiv>
      </TextLine>
      <TextLine id="eSc_line_45e6fe26" custom="structure {type:default;}">
        <Coords points="101,459 101,496 315,494 318,454 311,384 196,406 99,388 101,459"/>
        <Baseline points="101,459 318,454"/>
        <TextEquiv conf="0.9999275604883829">
          <Unicode>Mart. 17.</Unicode>
        </TextEquiv>
      </TextLine>
      <TextLine id="eSc_line_7780f2cf" custom="structure {type:default;}">
        <Coords points="707,507 707,530 2622,532 2624,507 2622,472 707,472 707,507"/>
        <Baseline points="707,507 2624,507"/>
        <TextEquiv conf="0.9952707121318037">
          <Unicode>abbatibus, archidiaconibus, praepositis in eorum episcopatibus constitutis litteras dat.</Unicode>
        </TextEquiv>
      </TextLine>
      <TextLine id="eSc_line_2f87b88f" custom="structure {type:default;}">
        <Coords points="707,563 707,583 2624,576 2626,556 2620,523 704,525 707,563"/>
        <Baseline points="707,563 2626,556"/>
        <TextEquiv conf="0.9999255854872209">
          <Unicode>Neues Archiv VII. 108: „Dat. Laterani XVI. kal. Apr.“, quae verba mendum aperte</Unicode>
        </TextEquiv>
      </TextLine>
      <TextLine id="eSc_line_8e2e48f3" custom="structure {type:default;}">
        <Coords points="704,616 704,633 1497,644 1500,644 1502,644 1535,633 1537,633 1566,644 1568,644 1570,644 1573,644 1599,633 1606,631 1641,633 1752,642 1754,642 1824,633 1842,631 1862,633 1926,642 1928,642 2439,631 2441,611 2434,583 702,585 704,616"/>
        <Baseline points="704,616 2441,611"/>
        <TextEquiv conf="0.9986842218283061">
          <Unicode>continent; aut „Velletri“ legendum est aut signa temporis corrigenda sunt.</Unicode>
        </TextEquiv>
      </TextLine>
      <TextLine id="eSc_line_acc71eec" custom="structure {type:default;}">
        <Coords points="653,671 653,697 2622,702 2626,666 2620,638 651,640 653,671"/>
        <Baseline points="653,671 2626,666"/>
        <TextEquiv conf="0.9984649041119744">
          <Unicode>14617 (9466) Monasterii Bellelagiensis protectionem suscipit, possessionesque ac iura</Unicode>
        </TextEquiv>
      </TextLine>
      <TextLine id="eSc_line_ef441ef3" custom="structure {type:default;}">
        <Coords points="139,684 139,713 311,713 311,677 304,636 136,636 139,684"/>
        <Baseline points="139,684 311,677"/>
        <TextEquiv conf="0.9979206800460816">
          <Unicode>„ 19.</Unicode>
        </TextEquiv>
      </TextLine>
      <TextLine id="eSc_line_6a3e6ba7" custom="structure {type:default;}">
        <Coords points="448,686 448,733 530,733 530,686 530,658 448,658 448,686"/>
        <Baseline points="448,686 530,686"/>
        <TextEquiv conf="0.9779735207557678">
          <Unicode>„</Unicode>
        </TextEquiv>
      </TextLine>
      <TextLine id="eSc_line_c341d746" custom="structure {type:default;}">
        <Coords points="704,722 704,742 788,755 790,755 927,744 936,744 938,744 967,755 969,755 972,755 1049,744 1060,744 1299,744 1307,746 1338,755 1341,755 1343,755 1345,755 1378,746 1389,744 1447,746 1615,755 1617,755 2620,750 2620,722 2620,691 704,691 704,722"/>
        <Baseline points="704,722 2620,722"/>
        <TextEquiv conf="0.9964732321954909">
          <Unicode>confirmat. (Pro „Vellan.“ leg. „Velletri“). Hugo O. P. A. I. Pr. p. 217 et Migne 201</Unicode>
        </TextEquiv>
      </TextLine>
      <TextLine id="eSc_line_0d6f707e" custom="structure {type:default;}">
        <Coords points="707,783 707,812 2615,797 2618,777 2613,746 2280,746 2178,730 2176,730 2174,730 2132,744 2050,733 2048,733 1975,746 1827,735 1824,735 1822,735 1820,735 1800,748 1676,748 1657,733 1654,733 1652,733 1451,733 1449,733 1321,748 1277,735 1274,735 1272,735 1109,748 1078,735 1075,735 989,735 987,735 903,748 883,735 881,735 879,735 877,735 704,750 707,783"/>
        <Baseline points="707,783 2618,777"/>
        <TextEquiv conf="0.9979588749967976">
          <Unicode>p. 1127: „XIIII. kal. Apr.“; Trouillat Mon. de Bale I. 385: „VIIII. kal. Apr.“. —</Unicode>
        </TextEquiv>
      </TextLine>
      <TextLine id="eSc_line_39c95aa2" custom="structure {type:default;}">
        <Coords points="707,836 707,859 961,870 963,870 965,870 967,870 967,867 978,856 980,854 1148,854 1155,856 1197,867 1199,867 1201,870 1369,870 1369,867 1372,867 1425,852 1425,832 1420,801 742,795 740,795 737,795 704,806 707,836"/>
        <Baseline points="707,836 1425,832"/>
        <TextEquiv conf="0.9977029062086537">
          <Unicode>„Religiosam vitam eligentibus“.</Unicode>
        </TextEquiv>
      </TextLine>
      <TextLine id="eSc_line_1623f0a5" custom="structure {type:default;}">
        <Coords points="653,889 653,914 2626,909 2626,883 2620,852 651,852 653,889"/>
        <Baseline points="653,889 2626,883"/>
        <TextEquiv conf="0.9983055139162454">
          <Unicode>lohannem (Cumin), archiepiscopum Dublinensem, consecrat „XII. kal. April., dominica</Unicode>
        </TextEquiv>
      </TextLine>
      <TextLine id="eSc_line_e4519db5" custom="structure {type:default;}">
        <Coords points="134,901 134,938 311,918 313,896 307,843 132,863 134,901"/>
        <Baseline points="134,901 313,896"/>
        <TextEquiv conf="0.9998061895370484">
          <Unicode>„ 21.</Unicode>
        </TextEquiv>
      </TextLine>
      <TextLine id="eSc_line_574623c7" custom="structure {type:default;}">
        <Coords points="441,905 439,936 503,945 505,945 508,945 532,931 534,909 532,870 441,854 441,905"/>
        <Baseline points="441,905 534,909"/>
        <TextEquiv conf="0.9925262928009033">
          <Unicode>„</Unicode>
        </TextEquiv>
      </TextLine>
      <TextLine id="eSc_line_800de724" custom="structure {type:default;}">
        <Coords points="711,945 711,967 2622,967 2622,945 2622,909 711,909 711,945"/>
        <Baseline points="711,945 2622,945"/>
        <TextEquiv conf="0.9946711313577346">
          <Unicode>in Ramis Palmarum“. Gesta Heinr. II., olim Benedicto Petroburg. tributa, 1182 ed.</Unicode>
        </TextEquiv>
      </TextLine>
      <TextLine id="eSc_line_4fe93e21" custom="structure {type:default;}">
        <Coords points="709,1000 709,1020 1042,1020 1042,1000 1042,969 709,969 709,1000"/>
        <Baseline points="709,1000 1042,1000"/>
        <TextEquiv conf="0.9944548606872559">
          <Unicode>Stubbs I. 287.</Unicode>
        </TextEquiv>
      </TextLine>
      <TextLine id="eSc_line_2500b815" custom="structure {type:default;}">
        <Coords points="658,1055 658,1079 2622,1075 2624,1051 2620,1018 656,1018 658,1055"/>
        <Baseline points="658,1055 2624,1051"/>
        <TextEquiv conf="0.9973139152807348">
          <Unicode>14618 (9467) Xenodochium parthenonis S. Mariae Pontetectensis tuendum suscipit, eius-</Unicode>
        </TextEquiv>
      </TextLine>
      <TextLine id="eSc_line_06be531a" custom="structure {type:default;}">
        <Coords points="132,1066 134,1101 192,1086 309,1095 311,1060 304,1004 130,1015 132,1066"/>
        <Baseline points="132,1066 311,1060"/>
        <TextEquiv conf="0.9996934533119202">
          <Unicode>„ 25.</Unicode>
        </TextEquiv>
      </TextLine>
      <TextLine id="eSc_line_182a5deb" custom="structure {type:default;}">
        <Coords points="441,1071 441,1084 534,1097 536,1071 536,1020 441,1009 441,1071"/>
        <Baseline points="441,1071 536,1071"/>
        <TextEquiv conf="1.0">
          <Unicode>„</Unicode>
        </TextEquiv>
      </TextLine>
      <TextLine id="eSc_line_a0d6b166" custom="structure {type:default;}">
        <Coords points="707,1110 707,1139 2626,1130 2626,1110 2626,1075 707,1071 707,1110"/>
        <Baseline points="707,1110 2626,1110"/>
        <TextEquiv conf="0.9999911722014933">
          <Unicode>que possessiones confirmat, petente Caecilia abbatissa. Memorie e docum. V. III. 691.</Unicode>
        </TextEquiv>
      </TextLine>
      <TextLine id="eSc_line_b7b67a0d" custom="structure {type:default;}">
        <Coords points="707,1159 704,1174 1064,1192 1067,1192 1069,1192 1109,1181 1175,1192 1177,1192 1360,1179 1363,1163 1360,1130 707,1130 707,1159"/>
        <Baseline points="707,1159 1363,1163"/>
        <TextEquiv conf="0.9983643506254468">
          <Unicode>— „Sicut rationi contraria“.</Unicode>
        </TextEquiv>
      </TextLine>
      <TextLine id="eSc_line_be864466" custom="structure {type:default;}">
        <Coords points="660,1216 660,1243 2626,1243 2626,1216 2626,1188 660,1188 660,1216"/>
        <Baseline points="660,1216 2626,1216"/>
        <TextEquiv conf="0.9997991351854234">
          <Unicode>14619 Monasterii S. Thomae martyris de Aberbrothoc tutelam suscipit, possessionesque</Unicode>
        </TextEquiv>
      </TextLine>
      <TextLine id="eSc_line_a672ef5b" custom="structure {type:default;}">
        <Coords points="132,1230 132,1267 313,1265 313,1225 309,1181 130,1179 132,1230"/>
        <Baseline points="132,1230 313,1225"/>
        <TextEquiv conf="0.9842665910720825">
          <Unicode>„ 27.</Unicode>
        </TextEquiv>
      </TextLine>
      <TextLine id="eSc_line_de87f609" custom="structure {type:default;}">
        <Coords points="444,1238 444,1260 534,1272 536,1238 532,1150 444,1174 444,1238"/>
        <Baseline points="444,1238 536,1238"/>
        <TextEquiv conf="1.0">
          <Unicode>„</Unicode>
        </TextEquiv>
      </TextLine>
      <TextLine id="eSc_line_e3d40096" custom="structure {type:default;}">
        <Coords points="709,1276 709,1302 2624,1300 2624,1276 2624,1241 709,1241 709,1276"/>
        <Baseline points="709,1276 2624,1276"/>
        <TextEquiv conf="0.999539777999971">
          <Unicode>et privilegia confirmat, petente Henrico abbate. Liber S. Thome de Aberbr. p. 151.</Unicode>
        </TextEquiv>
      </TextLine>
      <TextLine id="eSc_line_f21a5ec8" custom="structure {type:default;}">
        <Coords points="709,1329 709,1349 1420,1349 1420,1329 1418,1291 709,1294 709,1329"/>
        <Baseline points="709,1329 1420,1329"/>
        <TextEquiv conf="0.9995145797729492">
          <Unicode>— „Quociens a nobis petitur“.</Unicode>
        </TextEquiv>
      </TextLine>
      <TextLine id="eSc_line_30305d48" custom="structure {type:default;}">
        <Coords points="656,1384 656,1408 2624,1408 2626,1380 2622,1351 678,1342 676,1342 673,1342 653,1351 656,1384"/>
        <Baseline points="656,1384 2626,1380"/>
        <TextEquiv conf="0.9956348502919787">
          <Unicode>14620 (9468) Monasterii S. Quintini Montensis protectionem suscipit, ac bona iuraque</Unicode>
        </TextEquiv>
      </TextLine>
      <TextLine id="eSc_line_6f6c52bc" custom="structure {type:default;}">
        <Coords points="101,1393 101,1428 315,1415 315,1389 311,1342 234,1325 231,1325 161,1333 117,1340 99,1331 101,1393"/>
        <Baseline points="101,1393 315,1389"/>
        <TextEquiv conf="0.9407492705753872">
          <Unicode>Apr. 8.</Unicode>
        </TextEquiv>
      </TextLine>
      <TextLine id="eSc_line_8e49fa99" custom="structure {type:default;}">
        <Coords points="446,1400 446,1453 534,1448 534,1400 534,1313 446,1302 446,1400"/>
        <Baseline points="446,1400 534,1400"/>
        <TextEquiv conf="0.9999797344207764">
          <Unicode>„</Unicode>
        </TextEquiv>
      </TextLine>
      <TextLine id="eSc_line_fb62498d" custom="structure {type:default;}">
        <Coords points="707,1437 707,1470 1327,1475 1330,1475 1332,1475 1358,1468 1380,1464 1471,1468 1606,1475 1608,1475 1610,1475 1637,1468 1650,1464 1657,1468 1668,1475 1670,1475 1672,1475 1674,1477 1800,1477 1800,1475 2026,1466 2083,1464 2087,1466 2112,1475 2114,1475 2116,1475 2339,1464 2361,1464 2366,1464 2421,1475 2423,1475 2425,1475 2470,1464 2472,1464 2505,1475 2507,1475 2509,1475 2626,1461 2626,1437 2626,1408 707,1408 707,1437"/>
        <Baseline points="707,1437 2626,1437"/>
        <TextEquiv conf="0.9942934928756011">
          <Unicode>confirmat. Guiberti Opp. p. 620, Migne 201 p. 1130. — „Effectum iusta postu-</Unicode>
        </TextEquiv>
      </TextLine>
      <TextLine id="eSc_line_aaccd3f7" custom="structure {type:default;}">
        <Coords points="707,1495 707,1508 881,1519 883,1519 885,1519 934,1501 934,1490 927,1455 704,1457 707,1495"/>
        <Baseline points="707,1495 934,1490"/>
        <TextEquiv conf="0.999961519241333">
          <Unicode>lantibus“.</Unicode>
        </TextEquiv>
      </TextLine>
      <TextLine id="eSc_line_2380f9e0" custom="structure {type:default;}">
        <Coords points="658,1552 658,1587 804,1570 826,1583 828,1583 830,1583 832,1583 835,1583 868,1570 945,1583 947,1583 950,1583 976,1570 1221,1578 1224,1578 1226,1578 1228,1578 1246,1567 1431,1567 1491,1581 1500,1581 1502,1581 1690,1578 1692,1578 1694,1578 1714,1565 1849,1576 1911,1581 1913,1581 1961,1576 2043,1565 2105,1574 2143,1578 2145,1578 2333,1574 2335,1574 2337,1574 2339,1572 2353,1563 2370,1572 2377,1574 2379,1574 2381,1574 2624,1567 2626,1543 2622,1512 2443,1512 2419,1499 2417,1499 2414,1499 2330,1510 2291,1499 2288,1499 2286,1499 2284,1499 2253,1510 1780,1501 1778,1501 1692,1512 1672,1499 1670,1499 1668,1499 1471,1499 1469,1499 1467,1499 1411,1514 1292,1499 1290,1499 1288,1499 1239,1514 1217,1499 1215,1499 1212,1499 1151,1499 1148,1499 1009,1501 1007,1501 976,1517 943,1501 941,1501 815,1501 813,1501 656,1517 658,1552"/>
        <Baseline points="658,1552 2626,1543"/>
        <TextEquiv conf="0.9865853619284746">
          <Unicode>14621 (9469) Theobaldo, abbati Cluniacensi, concedit, „ut in parochiis ad ius eius</Unicode>
        </TextEquiv>
      </TextLine>
      <TextLine id="eSc_line_25cc532a" custom="structure {type:default;}">
        <Coords points="132,1559 132,1590 313,1592 315,1559 315,1514 220,1501 218,1501 216,1501 214,1501 190,1519 185,1521 132,1521 132,1559"/>
        <Baseline points="132,1559 315,1559"/>
        <TextEquiv conf="0.9767956852912902">
          <Unicode>„ 11.</Unicode>
        </TextEquiv>
      </TextLine>
      <TextLine id="eSc_line_26f895e6" custom="structure {type:default;}">
        <Coords points="444,1567 444,1590 534,1594 536,1563 532,1525 441,1523 444,1567"/>
        <Baseline points="444,1567 536,1563"/>
        <TextEquiv conf="1.0">
          <Unicode>„</Unicode>
        </TextEquiv>
      </TextLine>
      <TextLine id="eSc_line_22510e16" custom="structure {type:default;}">
        <Coords points="709,1605 709,1634 2624,1634 2624,1605 2624,1574 709,1574 709,1605"/>
        <Baseline points="709,1605 2624,1605"/>
        <TextEquiv conf="0.9990058376128415">
          <Unicode>pertinentibus nullus futuris temporibus ordo seu religio nisi Cluniacensis ponatur,</Unicode>
        </TextEquiv>
      </TextLine>
      <TextLine id="eSc_line_a2b5a816" custom="structure {type:default;}">
        <Coords points="707,1660 707,1684 2624,1680 2626,1656 2620,1623 704,1625 707,1660"/>
        <Baseline points="707,1660 2626,1656"/>
        <TextEquiv conf="0.9962644864011694">
          <Unicode>atque ut infra terminos parochiarum eius nullus cimiterium construere praesumat“.</Unicode>
        </TextEquiv>
      </TextLine>
      <TextLine id="eSc_line_01cf65d9" custom="structure {type:default;}">
        <Coords points="709,1713 709,1731 2231,1733 2233,1713 2231,1673 709,1680 709,1713"/>
        <Baseline points="709,1713 2233,1713"/>
        <TextEquiv conf="0.9853226067498326">
          <Unicode>Bullar. Cluniac. p. 76, Migne 201 p. 1132. — „Iniuncti nobis a“.</Unicode>
        </TextEquiv>
      </TextLine>
      <TextLine id="eSc_line_3fc3f32d" custom="structure {type:default;}">
        <Coords points="662,1768 662,1790 2626,1790 2626,1768 2626,1737 662,1737 662,1768"/>
        <Baseline points="662,1768 2626,1768"/>
        <TextEquiv conf="0.9952142554170945">
          <Unicode>14622 (9470) Monasterii S. Petri Rumiliacensis protectionem suscipit, bonaque ac iura</Unicode>
        </TextEquiv>
      </TextLine>
      <TextLine id="eSc_line_6926f7b5" custom="structure {type:default;}">
        <Coords points="136,1777 136,1808 318,1808 318,1773 309,1704 265,1715 256,1707 254,1707 251,1707 249,1707 247,1707 245,1707 218,1724 134,1713 136,1777"/>
        <Baseline points="136,1777 318,1773"/>
        <TextEquiv conf="0.9994854807853699">
          <Unicode>„ 11.</Unicode>
        </TextEquiv>
      </TextLine>
      <TextLine id="eSc_line_038e71dd" custom="structure {type:default;}">
        <Coords points="448,1788 450,1843 530,1824 530,1784 521,1698 441,1702 448,1788"/>
        <Baseline points="448,1788 530,1784"/>
        <TextEquiv conf="1.0">
          <Unicode>„</Unicode>
        </TextEquiv>
      </TextLine>
      <TextLine id="eSc_line_67319555" custom="structure {type:default;}">
        <Coords points="707,1824 707,1846 2622,1841 2624,1819 2618,1790 704,1793 707,1824"/>
        <Baseline points="707,1824 2624,1819"/>
        <TextEquiv conf="0.9923427140856363">
          <Unicode>confirmat. Bullar. Cluniac. p. 77, Migne 201 p. 1133. — „Quotiens a nobis petitur“.</Unicode>
        </TextEquiv>
      </TextLine>
      <TextLine id="eSc_line_a59a94a8" custom="structure {type:default;}">
        <Coords points="660,1879 660,1901 2620,1903 2624,1874 2618,1843 658,1846 660,1879"/>
        <Baseline points="660,1879 2624,1874"/>
        <TextEquiv conf="0.9993451022824575">
          <Unicode>14623 (9471) Monasterii Reichenbacensis protectionem suscipit, possessiones confirmat,</Unicode>
        </TextEquiv>
      </TextLine>
      <TextLine id="eSc_line_a75886f0" custom="structure {type:default;}">
        <Coords points="134,1890 134,1923 178,1923 178,1921 181,1921 183,1921 190,1914 205,1901 229,1910 240,1914 243,1914 245,1914 318,1899 318,1883 311,1846 132,1857 134,1890"/>
        <Baseline points="134,1890 318,1883"/>
        <TextEquiv conf="0.9999901294708252">
          <Unicode>„ 14.</Unicode>
        </TextEquiv>
      </TextLine>
      <TextLine id="eSc_line_1df52f8b" custom="structure {type:default;}">
        <Coords points="448,1892 444,1958 528,1943 532,1896 532,1848 448,1843 448,1892"/>
        <Baseline points="448,1892 532,1896"/>
        <TextEquiv conf="1.0">
          <Unicode>„</Unicode>
        </TextEquiv>
      </TextLine>
      <TextLine id="eSc_line_72144fd6" custom="structure {type:default;}">
        <Coords points="713,1936 713,1963 2622,1963 2624,1932 2620,1901 2227,1901 2156,1888 2154,1888 1977,1899 1942,1888 1939,1888 1937,1888 1880,1899 1824,1888 1822,1888 1758,1899 1668,1888 1665,1888 1663,1888 1637,1901 1369,1890 1367,1890 1365,1890 1363,1890 1345,1903 1111,1903 1038,1890 1036,1890 916,1901 899,1890 897,1890 894,1890 892,1890 890,1890 850,1901 773,1890 771,1890 711,1903 713,1936"/>
        <Baseline points="713,1936 2624,1932"/>
        <TextEquiv conf="0.997891080379486">
          <Unicode>privilegia amplificat, petente Reimbotone abbate. Mon. Boic. XXVII. 28, (Ried I. 254,</Unicode>
        </TextEquiv>
      </TextLine>
      <TextLine id="eSc_line_a81b172a" custom="structure {type:default;}">
        <Coords points="711,1983 709,2002 742,2020 744,2020 746,2022 841,2022 841,2020 843,2020 846,2020 846,2018 863,2005 919,2020 921,2020 923,2022 1005,2022 1005,2020 1007,2020 1009,2020 1031,2005 1179,2020 1182,2020 1184,2020 1186,2020 1186,2018 1201,2005 1281,2005 1296,2020 1296,2022 1299,2022 1301,2022 1303,2025 1400,2025 1400,2022 1402,2022 1405,2022 1418,2011 1464,2022 1467,2022 1469,2022 1471,2022 1473,2022 1473,2020 1491,2007 1619,2022 1621,2022 1623,2022 1674,2009 1696,2022 1699,2022 1701,2022 1703,2022 1831,2020 1833,2020 1884,2005 1886,1987 1884,1958 711,1954 711,1983"/>
        <Baseline points="711,1983 1886,1987"/>
        <TextEquiv conf="0.9983261587719122">
          <Unicode>Migne 201 p. 1134). — „Qotiens a nobis petitur“.</Unicode>
        </TextEquiv>
      </TextLine>
      <TextLine id="eSc_line_30429202" custom="structure {type:default;}">
        <Coords points="660,2044 660,2069 2622,2067 2624,2040 2618,2007 658,2009 660,2044"/>
        <Baseline points="660,2044 2624,2040"/>
        <TextEquiv conf="0.9971609108419304">
          <Unicode>14624 (9472) Ecclesiae Gradensis privilegia, petente Henrico patriarcha, confirmat.</Unicode>
        </TextEquiv>
      </TextLine>
      <TextLine id="eSc_line_a57d6872" custom="structure {type:default;}">
        <Coords points="139,2055 141,2080 196,2064 229,2075 243,2080 245,2080 247,2080 318,2069 318,2049 311,2002 136,2016 139,2055"/>
        <Baseline points="139,2055 318,2049"/>
        <TextEquiv conf="0.9883831143379211">
          <Unicode>„ 18.</Unicode>
        </TextEquiv>
      </TextLine>
      <TextLine id="eSc_line_07191ef4" custom="structure {type:default;}">
        <Coords points="444,2062 444,2106 541,2106 541,2062 541,2020 444,2002 444,2062"/>
        <Baseline points="444,2062 541,2062"/>
        <TextEquiv conf="1.0">
          <Unicode>„</Unicode>
        </TextEquiv>
      </TextLine>
      <TextLine id="eSc_line_253803b6" custom="structure {type:default;}">
        <Coords points="711,2100 711,2120 2622,2115 2624,2095 2618,2062 2165,2062 2163,2062 2101,2051 2098,2051 1961,2062 1900,2051 1897,2051 1895,2051 1869,2062 1721,2053 1718,2053 1316,2064 1106,2053 1104,2053 1040,2064 1003,2053 1000,2053 998,2053 996,2053 954,2064 938,2053 936,2053 934,2053 748,2053 746,2053 744,2053 709,2067 711,2100"/>
        <Baseline points="711,2100 2624,2095"/>
        <TextEquiv conf="0.9942216911873261">
          <Unicode>(Fragmentum). Ughelli It. sacr. V. 1131, Migne 201 p. 1135: „XIV. kal. Maii“.</Unicode>
        </TextEquiv>
      </TextLine>
      <TextLine id="eSc_line_75b88eee" custom="structure {type:default;}">
        <Coords points="711,2153 711,2175 2624,2175 2626,2148 2622,2117 771,2111 768,2111 709,2122 711,2153"/>
        <Baseline points="711,2153 2626,2148"/>
        <TextEquiv conf="0.9957664419965047">
          <Unicode>(alii „XVIII. kal. Maii“, vid. Ughelli I. I. in margine et Kaltenbrunner in Wiener</Unicode>
        </TextEquiv>
      </TextLine>
      <TextLine id="eSc_line_fc9d5ebe" custom="structure {type:default;}">
        <Coords points="709,2208 709,2237 2626,2234 2626,2208 2624,2175 709,2175 709,2208"/>
        <Baseline points="709,2208 2626,2208"/>
        <TextEquiv conf="0.989260351242021">
          <Unicode>Sitzungsber. XCIV. 644 n. 4 et Pflugk-Harttung Iter p. 294). — „Apostolicae officium“.</Unicode>
        </TextEquiv>
      </TextLine>
      <TextLine id="eSc_line_21886b46" custom="structure {type:default;}">
        <Coords points="665,2261 665,2285 2629,2285 2629,2261 2629,2228 665,2228 665,2261"/>
        <Baseline points="665,2261 2629,2261"/>
        <TextEquiv conf="0.9989061528860137">
          <Unicode>14625 Monasterii S. Trinitatis Dunfermelinensis tutelam suscipit, ac disciplinam, pos-</Unicode>
        </TextEquiv>
      </TextLine>
      <TextLine id="eSc_line_e20df4ce" custom="structure {type:default;}">
        <Coords points="139,2272 139,2292 318,2298 320,2267 313,2223 136,2237 139,2272"/>
        <Baseline points="139,2272 320,2267"/>
        <TextEquiv conf="0.9999843120574952">
          <Unicode>„ 30.</Unicode>
        </TextEquiv>
      </TextLine>
      <TextLine id="eSc_line_a85ee4f6" custom="structure {type:default;}">
        <Coords points="452,2279 452,2320 492,2329 494,2329 497,2329 536,2309 536,2274 532,2237 448,2234 452,2279"/>
        <Baseline points="452,2279 536,2274"/>
        <TextEquiv conf="1.0">
          <Unicode>„</Unicode>
        </TextEquiv>
      </TextLine>
      <TextLine id="eSc_line_d3b4a8fc" custom="structure {type:default;}">
        <Coords points="713,2318 713,2340 2624,2338 2626,2314 2620,2285 711,2287 713,2318"/>
        <Baseline points="713,2318 2626,2314"/>
        <TextEquiv conf="0.9999409645068936">
          <Unicode>sessiones, privilegia confirmat, petente Erchenbaldo abbate. Registrum de Dunferm.</Unicode>
        </TextEquiv>
      </TextLine>
      <TextLine id="eSc_line_1d2ba56a" custom="structure {type:default;}">
        <Coords points="711,2373 713,2404 762,2391 795,2404 797,2404 799,2404 802,2404 828,2402 969,2391 980,2400 985,2404 985,2407 987,2407 989,2407 1129,2409 1131,2409 1133,2409 1135,2409 1146,2398 1184,2409 1186,2409 1188,2409 1190,2409 1193,2409 1210,2396 1221,2389 1235,2396 1254,2404 1257,2404 1259,2404 1425,2393 1458,2407 1460,2407 1462,2409 1626,2409 1626,2407 1628,2407 1630,2407 1630,2404 1648,2389 1683,2389 1685,2369 1681,2340 709,2340 711,2373"/>
        <Baseline points="711,2373 1685,2369"/>
        <TextEquiv conf="0.9960199798025736">
          <Unicode>p. 153. — „Effectum iusta postulantibus“.</Unicode>
        </TextEquiv>
      </TextLine>
      <TextLine id="eSc_line_67f0c319" custom="structure {type:default;}">
        <Coords points="662,2426 662,2453 2626,2446 2629,2420 2622,2389 660,2393 662,2426"/>
        <Baseline points="662,2426 2629,2420"/>
        <TextEquiv conf="0.99944903356273">
          <Unicode>14626 Monasterium S. Stephani Divionense tuendum suscipit, eiusque possessiones et</Unicode>
        </TextEquiv>
      </TextLine>
      <TextLine id="eSc_line_d53bdf8a" custom="structure {type:default;}">
        <Coords points="141,2438 143,2466 198,2451 234,2460 240,2462 243,2462 245,2462 320,2453 320,2431 313,2391 139,2393 141,2438"/>
        <Baseline points="141,2438 320,2431"/>
        <TextEquiv conf="0.9999999523162841">
          <Unicode>„ 30.</Unicode>
        </TextEquiv>
      </TextLine>
      <TextLine id="eSc_line_44e706fd" custom="structure {type:default;}">
        <Coords points="448,2444 450,2508 543,2482 543,2444 543,2415 448,2415 448,2444"/>
        <Baseline points="448,2444 543,2444"/>
        <TextEquiv conf="1.0">
          <Unicode>„</Unicode>
        </TextEquiv>
      </TextLine>
      <TextLine id="eSc_line_00ed0ff8" custom="structure {type:default;}">
        <Coords points="715,2484 715,2513 2626,2499 2629,2477 2624,2449 1376,2440 1374,2440 1372,2440 1347,2451 768,2442 766,2442 713,2453 715,2484"/>
        <Baseline points="715,2484 2629,2477"/>
        <TextEquiv conf="0.9949474275848011">
          <Unicode>privilegia confirmat, petente Milone abbate. Pflugk-Harttung Acta I. 301. — „Quo-</Unicode>
        </TextEquiv>
      </TextLine>
      <TextLine id="eSc_line_6f3b417e" custom="structure {type:default;}">
        <Coords points="713,2532 711,2550 729,2566 731,2566 733,2566 735,2568 799,2568 799,2566 802,2566 832,2550 861,2563 863,2563 866,2563 868,2563 870,2563 885,2552 908,2570 910,2570 912,2570 914,2572 1000,2572 1000,2570 1003,2570 1005,2570 1005,2568 1022,2552 1060,2552 1062,2537 1060,2508 713,2504 713,2532"/>
        <Baseline points="713,2532 1062,2537"/>
        <TextEquiv conf="0.9861297488212586">
          <Unicode>tiens a nobis“.</Unicode>
        </TextEquiv>
      </TextLine>
      <TextLine id="eSc_line_e4cfcf21" custom="structure {type:default;}">
        <Coords points="662,2592 662,2619 2622,2621 2626,2588 2620,2557 660,2559 662,2592"/>
        <Baseline points="662,2592 2626,2588"/>
        <TextEquiv conf="0.9996454577113307">
          <Unicode>14627 Monasterii S. Mariae in Argonia protectionem suscipit bonaque et iura confirmat,</Unicode>
        </TextEquiv>
      </TextLine>
      <TextLine id="eSc_line_25a2751f" custom="structure {type:default;}">
        <Coords points="141,2599 143,2630 183,2616 318,2630 320,2594 315,2532 139,2530 141,2599"/>
        <Baseline points="141,2599 320,2594"/>
        <TextEquiv conf="0.9999525308609009">
          <Unicode>„ 30.</Unicode>
        </TextEquiv>
      </TextLine>
      <TextLine id="eSc_line_00201ffa" custom="structure {type:default;}">
        <Coords points="448,2610 448,2630 545,2621 545,2605 539,2521 441,2502 448,2610"/>
        <Baseline points="448,2610 545,2605"/>
        <TextEquiv conf="1.0">
          <Unicode>„</Unicode>
        </TextEquiv>
      </TextLine>
      <TextLine id="eSc_line_a5906a67" custom="structure {type:default;}">
        <Coords points="713,2647 713,2678 2626,2665 2629,2641 2622,2610 711,2614 713,2647"/>
        <Baseline points="713,2647 2629,2641"/>
        <TextEquiv conf="0.9944724315478478">
          <Unicode>petente Hugone abbate. Cart. de Moutier-en-Argonne ms. lat. 9905. s. XVI. f. 7 in</Unicode>
        </TextEquiv>
      </TextLine>
      <TextLine id="eSc_line_a2adb258" custom="structure {type:default;}">
        <Coords points="713,2700 713,2718 799,2731 802,2731 804,2731 828,2720 1162,2720 1173,2729 1173,2731 1175,2731 1177,2731 1179,2731 1451,2720 1822,2731 1824,2731 1889,2718 1889,2700 1889,2672 713,2665 713,2700"/>
        <Baseline points="713,2700 1889,2700"/>
        <TextEquiv conf="0.9876848634551553">
          <Unicode>bibl. nat. Paris. — „Religiosam vitam eligentibus“.</Unicode>
        </TextEquiv>
      </TextLine>
      <TextLine id="eSc_line_16a4cf70" custom="structure {type:default;}">
        <Coords points="662,2756 662,2780 1135,2793 1137,2793 1204,2782 1270,2793 1272,2793 1542,2782 1641,2793 1643,2793 1725,2780 1749,2791 1752,2791 1754,2791 1997,2780 2483,2780 2576,2791 2578,2791 2580,2791 2631,2775 2631,2751 2624,2722 660,2725 662,2756"/>
        <Baseline points="662,2756 2631,2751"/>
        <TextEquiv conf="0.9966102726757526">
          <Unicode>14628 Rogerio, abbati Trium fontium, bullam dat. Neues Archiv VII. 108. — „Reli-</Unicode>
        </TextEquiv>
      </TextLine>
      <TextLine id="eSc_line_e216e006" custom="structure {type:default;}">
        <Coords points="141,2762 141,2771 218,2769 236,2784 247,2793 249,2793 251,2793 254,2793 322,2791 322,2758 318,2720 139,2720 141,2762"/>
        <Baseline points="141,2762 322,2758"/>
        <TextEquiv conf="0.9999287128448486">
          <Unicode>„„ 30.</Unicode>
        </TextEquiv>
      </TextLine>
      <TextLine id="eSc_line_987f494b" custom="structure {type:default;}">
        <Coords points="455,2769 455,2795 536,2804 539,2769 539,2722 455,2720 455,2769"/>
        <Baseline points="455,2769 539,2769"/>
        <TextEquiv conf="1.0">
          <Unicode>„</Unicode>
        </TextEquiv>
      </TextLine>
      <TextLine id="eSc_line_96a48cfc" custom="structure {type:default;}">
        <Coords points="713,2813 713,2837 815,2844 817,2844 874,2833 903,2828 923,2831 983,2842 985,2842 1064,2826 1067,2809 1060,2775 711,2778 713,2813"/>
        <Baseline points="713,2813 1067,2809"/>
        <TextEquiv conf="0.9999982799802508">
          <Unicode>giosam vitam“.</Unicode>
        </TextEquiv>
      </TextLine>
      <TextLine id="eSc_line_7a88854c" custom="structure {type:default;}">
        <Coords points="662,2868 662,2888 2629,2879 2629,2859 2624,2824 715,2822 713,2822 660,2833 662,2868"/>
        <Baseline points="662,2868 2629,2859"/>
        <TextEquiv conf="0.995261929384092">
          <Unicode>14629 (9473) Monasterii S. Mariae Cellae superioris Wirzeburgensis possessiones et</Unicode>
        </TextEquiv>
      </TextLine>
      <TextLine id="eSc_line_4f9cee31" custom="structure {type:default;}">
        <Coords points="103,2870 103,2917 220,2917 220,2915 223,2915 225,2915 225,2912 236,2901 245,2895 324,2895 324,2870 324,2839 216,2839 207,2828 196,2820 196,2817 194,2817 192,2817 190,2817 103,2820 103,2870"/>
        <Baseline points="103,2870 324,2870"/>
        <TextEquiv conf="0.9339456302779061">
          <Unicode>Mai. 1.</Unicode>
        </TextEquiv>
      </TextLine>
      <TextLine id="eSc_line_d3c6ed51" custom="structure {type:default;}">
        <Coords points="444,2881 444,2919 497,2937 499,2937 501,2937 503,2937 547,2915 547,2881 545,2824 444,2831 444,2881"/>
        <Baseline points="444,2881 547,2881"/>
        <TextEquiv conf="1.0">
          <Unicode>„</Unicode>
        </TextEquiv>
      </TextLine>
      <TextLine id="eSc_line_f561121e" custom="structure {type:default;}">
        <Coords points="713,2921 713,2950 1217,2954 1219,2954 1307,2948 1367,2943 1398,2948 1449,2954 1451,2954 1573,2945 1619,2943 1630,2945 1663,2954 1665,2954 1668,2954 1743,2945 1778,2941 1807,2945 1860,2952 1862,2952 2143,2943 2211,2941 2231,2941 2333,2952 2335,2952 2337,2952 2359,2941 2361,2941 2379,2941 2565,2952 2567,2952 2624,2939 2626,2917 2620,2888 711,2890 713,2921"/>
        <Baseline points="713,2921 2626,2917"/>
        <TextEquiv conf="0.9916339313111654">
          <Unicode>privilegia confirmat, petente Rabenaldo abbate. Hugo O. P. A. I. Pr. p. 387, Migne</Unicode>
        </TextEquiv>
      </TextLine>
      <TextLine id="eSc_line_4ba09d1a" custom="structure {type:default;}">
        <Coords points="715,2974 715,2998 817,2998 828,3007 828,3009 830,3009 832,3009 835,3009 837,3009 872,2998 877,2998 879,2998 914,3009 916,3009 919,3009 1005,3001 1027,2998 1124,2998 1129,3001 1137,3009 1140,3009 1142,3009 1144,3009 1296,3003 1409,2998 1873,3007 1875,2974 1875,2943 715,2943 715,2974"/>
        <Baseline points="715,2974 1875,2974"/>
        <TextEquiv conf="0.9996334823469321">
          <Unicode>201 p. 1136. — („Religiosam vitam eligentibus“).</Unicode>
        </TextEquiv>
      </TextLine>
      <TextLine id="eSc_line_b51c8d8a" custom="structure {type:default;}">
        <Coords points="662,3025 662,3054 2626,3054 2626,3025 2626,2996 662,2992 662,3025"/>
        <Baseline points="662,3025 2626,3025"/>
        <TextEquiv conf="0.9998345640768488">
          <Unicode>14630 (9474) Ecclesiam S. Mariae de Reno tuendam suscipit et eius bona ac iura con-</Unicode>
        </TextEquiv>
      </TextLine>
      <TextLine id="eSc_line_1fa70a73" custom="structure {type:default;}">
        <Coords points="143,3060 315,3062 320,3036 313,2985 271,2987 269,2987 267,2987 267,2990 247,3009 154,3009 143,3001 143,3043 143,3060"/>
        <Baseline points="143,3043 320,3036"/>
        <TextEquiv conf="0.999967098236084">
          <Unicode>„ 3.</Unicode>
        </TextEquiv>
      </TextLine>
      <TextLine id="eSc_line_efbafa4c" custom="structure {type:default;}">
        <Coords points="446,3047 446,3087 468,3100 470,3100 472,3100 475,3100 501,3091 517,3087 543,3093 545,3043 539,3007 444,3009 446,3047"/>
        <Baseline points="446,3047 545,3043"/>
        <TextEquiv conf="0.9995859265327454">
          <Unicode>„</Unicode>
        </TextEquiv>
      </TextLine>
      <TextLine id="eSc_line_01cf0291" custom="structure {type:default;}">
        <Coords points="715,3085 715,3107 2618,3107 2620,3085 2615,3045 715,3047 715,3085"/>
        <Baseline points="715,3085 2620,3085"/>
        <TextEquiv conf="0.9941789029557028">
          <Unicode>firmat, petente Gerardo priore. Trombelli Mem. di Reno p. 376, Migne 201 p. 1138:</Unicode>
        </TextEquiv>
      </TextLine>
      <TextLine id="eSc_line_9861f833" custom="structure {type:default;}">
        <Coords points="718,3142 718,3166 1140,3175 1142,3175 1204,3164 1217,3164 1232,3164 1349,3177 1352,3177 1414,3164 1418,3164 1429,3164 1590,3177 1592,3177 1595,3177 1632,3164 1663,3175 1665,3175 1668,3177 1847,3177 1847,3175 1849,3175 1851,3175 1871,3162 1873,3162 1915,3175 1917,3175 1919,3177 2052,3177 2052,3175 2134,3162 2145,3160 2149,3160 2176,3173 2178,3173 2180,3173 2246,3160 2255,3160 2375,3160 2377,3160 2394,3173 2397,3173 2399,3173 2401,3173 2620,3157 2622,3133 2618,3104 1670,3096 1668,3096 1665,3096 1641,3107 742,3100 740,3100 737,3100 715,3109 718,3142"/>
        <Baseline points="718,3142 2622,3133"/>
        <TextEquiv conf="0.9958381146192551">
          <Unicode>„V. non Maii“; Bull. Lat. p. 51, Pflugk-Harttung Iter p. 297: „V. non. Mart.“. —</Unicode>
        </TextEquiv>
      </TextLine>
      <TextLine id="eSc_line_6e0f1c77" custom="structure {type:default;}">
        <Coords points="715,3193 715,3210 786,3210 802,3224 802,3226 804,3226 806,3226 808,3226 921,3224 923,3224 925,3224 925,3221 936,3213 956,3224 958,3224 961,3224 963,3226 1135,3226 1135,3224 1137,3224 1182,3206 1182,3188 1175,3160 713,3162 715,3193"/>
        <Baseline points="715,3193 1182,3188"/>
        <TextEquiv conf="0.9867008792029487">
          <Unicode>— „Cum nobis sit“.</Unicode>
        </TextEquiv>
      </TextLine>
      <TextLine id="eSc_line_5c437a0d" custom="structure {type:default;}">
        <Coords points="662,3248 662,3274 2624,3268 2626,3241 2622,3208 1316,3199 1314,3199 824,3210 711,3202 709,3202 707,3202 660,3213 662,3248"/>
        <Baseline points="662,3248 2626,3241"/>
        <TextEquiv conf="0.9966793930932377">
          <Unicode>14631 (9475) Monasterii Heilsbronnensis protectionem suscipit. bonaque ac privilegia con-</Unicode>
        </TextEquiv>
      </TextLine>
      <TextLine id="eSc_line_2267acae" custom="structure {type:default;}">
        <Coords points="322,3257 320,3204 174,3221 141,3204 139,3257 141,3297 205,3279 247,3290 267,3297 269,3297 271,3297 322,3286 322,3257"/>
        <Baseline points="139,3257 322,3257"/>
        <TextEquiv conf="0.9998847395181656">
          <Unicode>„ 3.</Unicode>
        </TextEquiv>
      </TextLine>
      <TextLine id="eSc_line_385fb326" custom="structure {type:default;}">
        <Coords points="448,3266 448,3316 494,3323 497,3323 499,3323 543,3299 543,3266 541,3202 448,3204 448,3266"/>
        <Baseline points="448,3266 543,3266"/>
        <TextEquiv conf="1.0">
          <Unicode>„</Unicode>
        </TextEquiv>
      </TextLine>
      <TextLine id="eSc_line_a0da86bb" custom="structure {type:default;}">
        <Coords points="715,3303 715,3327 1034,3341 1036,3341 1038,3341 1089,3327 1093,3327 1098,3327 1173,3341 1175,3341 1177,3341 1179,3341 1197,3327 1199,3327 1285,3327 1288,3327 1305,3341 1307,3341 1310,3341 1312,3343 1425,3343 1425,3341 1491,3327 1493,3327 1495,3327 1612,3341 1615,3341 1617,3341 1665,3327 1670,3325 1672,3325 1690,3339 1692,3339 1694,3339 1696,3339 2070,3327 2132,3339 2134,3339 2136,3339 2185,3325 2187,3325 2200,3325 2410,3339 2412,3339 2414,3339 2417,3339 2439,3325 2441,3325 2622,3325 2624,3299 2620,3272 1679,3261 1676,3261 1674,3261 1672,3261 1659,3272 731,3263 729,3263 726,3263 724,3263 713,3270 715,3303"/>
        <Baseline points="715,3303 2624,3299"/>
        <TextEquiv conf="0.9874954734529767">
          <Unicode>firmat, petente Arnoldo abbate. Hocker Supplem. zum Heilsbr. Antiqu. p. 80. —</Unicode>
        </TextEquiv>
      </TextLine>
      <TextLine id="eSc_line_ac3e319e" custom="structure {type:default;}">
        <Coords points="715,3358 715,3385 1250,3385 1250,3358 1250,3327 715,3327 715,3358"/>
        <Baseline points="715,3358 1250,3358"/>
        <TextEquiv conf="0.9999829205599698">
          <Unicode>„Desiderium, quod ad“.</Unicode>
        </TextEquiv>
      </TextLine>
      <TextLine id="eSc_line_9537ac44" custom="structure {type:default;}">
        <Coords points="665,3411 665,3447 742,3436 1310,3442 1515,3445 1517,3445 2626,3431 2629,3407 2622,3376 662,3378 665,3411"/>
        <Baseline points="665,3411 2629,3407"/>
        <TextEquiv conf="0.9936750579712003">
          <Unicode>14632 (9476) Monasterii Ebracensis protectionem suscipit, et possessiones iuraque con-</Unicode>
        </TextEquiv>
      </TextLine>
      <TextLine id="eSc_line_bb8fec66" custom="structure {type:default;}">
        <Coords points="139,3427 139,3440 181,3449 183,3449 185,3449 187,3449 187,3447 205,3429 245,3429 285,3462 289,3467 291,3467 293,3467 296,3469 333,3469 333,3420 329,3389 262,3376 260,3376 258,3376 256,3376 256,3378 243,3392 136,3394 139,3427"/>
        <Baseline points="139,3427 333,3420"/>
        <TextEquiv conf="0.9984156370162964">
          <Unicode>„— 3.</Unicode>
        </TextEquiv>
      </TextLine>
      <TextLine id="eSc_line_5efcb679" custom="structure {type:default;}">
        <Coords points="428,3427 428,3449 452,3449 481,3473 514,3500 517,3500 519,3500 521,3502 547,3502 547,3427 545,3380 428,3396 428,3427"/>
        <Baseline points="428,3427 547,3427"/>
        <TextEquiv conf="0.9999991655349731">
          <Unicode>„</Unicode>
        </TextEquiv>
      </TextLine>
      <TextLine id="eSc_line_09af972f" custom="structure {type:default;}">
        <Coords points="715,3469 715,3504 914,3504 914,3502 916,3502 919,3502 945,3491 1524,3498 1902,3500 1904,3500 1981,3493 2032,3489 2163,3491 2501,3500 2503,3500 2624,3486 2626,3464 2622,3436 1674,3425 1672,3425 1531,3436 1520,3438 713,3438 715,3469"/>
        <Baseline points="715,3469 2626,3464"/>
        <TextEquiv conf="0.9848949720587912">
          <Unicode>firmat, petente Burchardo abbate. Pflugk-Harttung Acta I. 303, (Lang Regesta I.</Unicode>
        </TextEquiv>
      </TextLine>
      <TextLine id="eSc_line_25273128" custom="structure {type:default;}">
        <Coords points="718,3522 720,3581 762,3570 855,3581 870,3581 872,3581 874,3581 877,3581 877,3579 894,3568 916,3579 921,3581 923,3581 925,3584 1277,3584 1277,3581 1279,3581 1292,3575 1312,3566 1491,3566 1526,3573 1570,3581 1573,3581 1575,3581 1577,3581 1592,3573 1608,3564 1741,3564 1749,3570 1758,3577 1760,3577 1763,3577 1765,3577 1902,3568 1950,3566 1961,3568 2014,3581 2017,3581 2019,3581 2092,3566 2107,3564 2147,3566 2295,3575 2297,3575 2394,3562 2394,3522 2394,3493 718,3493 718,3522"/>
        <Baseline points="718,3522 2394,3522"/>
        <TextEquiv conf="0.9748546252511952">
          <Unicode>317., cf. Brewem mot. mon. Ebrac. p. 69). — „Piae postulatio voluntatis“.</Unicode>
        </TextEquiv>
      </TextLine>
    </TextRegion>
    <TextRegion id="eSc_textblock_f3f9a65a"  custom="structure {type:default;}">
      <Coords points="983,167 1701,167 1736,176 1745,262 936,271 936,185 983,167"/>
      <TextLine id="eSc_line_cfe4b1ce" custom="structure {type:default;}">
        <Coords points="954,245 954,267 1721,265 1723,240 1718,187 1577,174 1575,174 1573,174 1528,187 1526,187 1447,172 1444,172 1303,189 1301,189 1265,174 1263,174 1031,172 1029,172 1027,172 952,192 954,245"/>
        <Baseline points="954,245 1723,240"/>
        <TextEquiv conf="0.9900692349130457">
          <Unicode>LLCIUS III. 1181—1185.</Unicode>
        </TextEquiv>
      </TextLine>
    </TextRegion>
    <TextRegion id="eSc_textblock_753c23bc"  custom="structure {type:default;}">
      <Coords points="2527,176 2662,194 2662,245 2496,271 2478,212 2527,176"/>
      <TextLine id="eSc_line_83792c17" custom="structure {type:default;}">
        <Coords points="2611,187 2589,183 2567,181 2549,178 2501,198 2503,240 2503,269 2622,271 2624,236 2620,187 2611,187"/>
        <Baseline points="2503,240 2624,236"/>
        <TextEquiv conf="0.9990414977073669">
          <Unicode>439</Unicode>
        </TextEquiv>
      </TextLine>
    </TextRegion>
  </Page>
</PcGts>
