<?xml version="1.0" encoding="UTF-8"  standalone="yes"?>
<PcGts xmlns="http://schema.primaresearch.org/PAGE/gts/pagecontent/2019-07-15" xmlns:xsi="http://www.w3.org/2001/XMLSchema-instance" xsi:schemaLocation="http://schema.primaresearch.org/PAGE/gts/pagecontent/2019-07-15 http://schema.primaresearch.org/PAGE/gts/pagecontent/2019-07-15/pagecontent.xsd">
  <Metadata externalRef="pdf//regestapontificu02cath.pdf">
	<Creator>escriptorium</Creator>
	<Created>2026-01-31T10:37:47.266462+00:00</Created>
        <LastChange>2026-02-12T10:16:43.060539+00:00</LastChange>
  </Metadata>
  <Page imageFilename="regestapontificu02cath.pdf_page_449.png" imageWidth="3007" imageHeight="3975">
    <TextRegion id="eSc_textblock_b12b35ee"  custom="structure {type:default;}">
      <Coords points="154,353 351,362 368,441 368,3407 342,3531 141,3522 106,3398 88,830 97,441 154,353"/>
      <TextLine id="eSc_line_a08bbf75" custom="structure {type:default;}">
        <Coords points="132,457 132,501 355,499 355,457 355,417 132,404 132,457"/>
        <Baseline points="132,457 355,457"/>
        <TextEquiv conf="0.9987360371483697">
          <Unicode>Febr. 12.</Unicode>
        </TextEquiv>
      </TextLine>
      <TextLine id="eSc_line_97233c74" custom="structure {type:default;}">
        <Coords points="172,571 172,596 181,605 183,605 185,605 187,605 190,605 192,605 205,594 220,583 256,583 273,600 280,605 280,607 282,607 285,607 287,607 349,605 349,565 344,532 170,532 172,571"/>
        <Baseline points="172,571 349,565"/>
        <TextEquiv conf="0.999999737739563">
          <Unicode>„ 13.</Unicode>
        </TextEquiv>
      </TextLine>
      <TextLine id="eSc_line_718ed686" custom="structure {type:default;}">
        <Coords points="172,682 172,702 198,706 201,706 203,706 205,706 218,697 231,689 260,693 329,702 331,702 333,702 335,702 335,700 353,682 353,675 349,644 287,633 285,633 282,633 251,649 249,651 170,651 172,682"/>
        <Baseline points="172,682 353,675"/>
        <TextEquiv conf="0.9999944925308227">
          <Unicode>„ 15.</Unicode>
        </TextEquiv>
      </TextLine>
      <TextLine id="eSc_line_c19dc287" custom="structure {type:default;}">
        <Coords points="170,841 170,863 190,874 192,874 194,874 196,874 220,865 249,854 262,867 267,872 267,874 269,874 271,874 273,876 349,876 349,834 342,797 167,808 170,841"/>
        <Baseline points="170,841 349,834"/>
        <TextEquiv conf="0.9999999523162841">
          <Unicode>„ 16.</Unicode>
        </TextEquiv>
      </TextLine>
      <TextLine id="eSc_line_850d7b9d" custom="structure {type:default;}">
        <Coords points="172,1009 174,1044 229,1029 351,1040 353,1004 349,969 276,958 273,958 271,958 269,958 256,969 251,971 170,971 172,1009"/>
        <Baseline points="172,1009 353,1004"/>
        <TextEquiv conf="0.9999998807907104">
          <Unicode>„ 16.</Unicode>
        </TextEquiv>
      </TextLine>
      <TextLine id="eSc_line_f257a216" custom="structure {type:default;}">
        <Coords points="170,1170 172,1199 218,1183 265,1188 329,1194 331,1194 333,1194 335,1194 335,1192 349,1177 349,1166 342,1130 167,1139 170,1170"/>
        <Baseline points="170,1170 349,1166"/>
        <TextEquiv conf="0.9999826669692993">
          <Unicode>„ 16.</Unicode>
        </TextEquiv>
      </TextLine>
      <TextLine id="eSc_line_d8f790c9" custom="structure {type:default;}">
        <Coords points="170,1283 170,1298 351,1296 353,1278 349,1245 267,1232 265,1232 262,1232 229,1243 214,1247 167,1243 170,1283"/>
        <Baseline points="170,1283 353,1278"/>
        <TextEquiv conf="0.9999999761581421">
          <Unicode>„ 17.</Unicode>
        </TextEquiv>
      </TextLine>
      <TextLine id="eSc_line_0495b35a" custom="structure {type:default;}">
        <Coords points="170,1391 170,1406 258,1402 269,1402 331,1413 333,1413 335,1413 338,1413 353,1397 353,1386 349,1358 260,1344 258,1344 256,1344 254,1344 254,1347 251,1347 240,1360 240,1362 167,1362 170,1391"/>
        <Baseline points="170,1391 353,1386"/>
        <TextEquiv conf="0.9999992609024048">
          <Unicode>„ 18.</Unicode>
        </TextEquiv>
      </TextLine>
      <TextLine id="eSc_line_0e448b94" custom="structure {type:default;}">
        <Coords points="167,1554 167,1576 256,1565 285,1570 326,1578 329,1578 331,1578 333,1578 349,1567 349,1550 346,1519 324,1506 322,1506 320,1506 269,1506 267,1506 265,1506 262,1506 243,1519 234,1523 165,1519 167,1554"/>
        <Baseline points="167,1554 349,1550"/>
        <TextEquiv conf="0.9999999523162841">
          <Unicode>„ 18.</Unicode>
        </TextEquiv>
      </TextLine>
      <TextLine id="eSc_line_a6699836" custom="structure {type:default;}">
        <Coords points="170,1665 172,1698 227,1682 251,1696 254,1696 256,1696 258,1696 349,1689 349,1658 342,1616 167,1625 170,1665"/>
        <Baseline points="170,1665 349,1658"/>
        <TextEquiv conf="0.9999999284744263">
          <Unicode>„ 19.</Unicode>
        </TextEquiv>
      </TextLine>
      <TextLine id="eSc_line_af511061" custom="structure {type:default;}">
        <Coords points="170,1881 170,1910 355,1896 355,1881 351,1810 313,1821 170,1815 170,1881"/>
        <Baseline points="170,1881 355,1881"/>
        <TextEquiv conf="0.9996407866477967">
          <Unicode>„ 25.</Unicode>
        </TextEquiv>
      </TextLine>
      <TextLine id="eSc_line_d0c5f66f" custom="structure {type:default;}">
        <Coords points="165,2102 165,2128 349,2115 351,2097 344,2049 163,2064 165,2102"/>
        <Baseline points="165,2102 351,2097"/>
        <TextEquiv conf="0.9998868346214295">
          <Unicode>„ 27.</Unicode>
        </TextEquiv>
      </TextLine>
      <TextLine id="eSc_line_4607a7b4" custom="structure {type:default;}">
        <Coords points="185,2272 185,2292 207,2292 207,2270 203,2239 181,2239 185,2272"/>
        <Baseline points="185,2272 207,2270"/>
        <TextEquiv conf="1.0">
          <Unicode>„)</Unicode>
        </TextEquiv>
      </TextLine>
      <TextLine id="eSc_line_8b955c43" custom="structure {type:default;}">
        <Coords points="134,2424 134,2464 214,2475 216,2475 218,2475 220,2475 220,2473 234,2460 349,2451 349,2424 349,2389 134,2371 134,2424"/>
        <Baseline points="134,2424 349,2424"/>
        <TextEquiv conf="0.938696376979351">
          <Unicode>Mart. 2.</Unicode>
        </TextEquiv>
      </TextLine>
      <TextLine id="eSc_line_cad2ee87" custom="structure {type:default;}">
        <Coords points="167,2654 170,2678 231,2661 269,2669 291,2676 293,2676 296,2676 298,2676 342,2663 342,2647 338,2590 293,2588 291,2588 289,2588 287,2588 287,2590 276,2601 258,2619 218,2612 194,2608 192,2608 190,2608 165,2619 167,2654"/>
        <Baseline points="167,2654 342,2647"/>
        <TextEquiv conf="0.9999828040599823">
          <Unicode>„ 2.</Unicode>
        </TextEquiv>
      </TextLine>
      <TextLine id="eSc_line_adbcd715" custom="structure {type:default;}">
        <Coords points="167,2926 167,2959 218,2963 220,2963 223,2963 225,2963 225,2961 227,2961 238,2945 273,2943 304,2968 304,2970 307,2970 309,2970 311,2972 349,2972 349,2919 340,2855 271,2888 163,2866 167,2926"/>
        <Baseline points="167,2926 349,2919"/>
        <TextEquiv conf="0.9992108047008514">
          <Unicode>„ 3.</Unicode>
        </TextEquiv>
      </TextLine>
      <TextLine id="eSc_line_423ff2f3" custom="structure {type:default;}">
        <Coords points="170,3142 170,3177 220,3184 223,3184 225,3184 231,3182 273,3166 340,3188 344,3142 344,3065 302,3065 300,3065 298,3065 296,3065 296,3067 282,3078 249,3111 216,3100 214,3100 212,3100 170,3107 170,3142"/>
        <Baseline points="170,3142 344,3142"/>
        <TextEquiv conf="0.99948517481486">
          <Unicode>„ „</Unicode>
        </TextEquiv>
      </TextLine>
      <TextLine id="eSc_line_694f80cb" custom="structure {type:default;}">
        <Coords points="167,3363 172,3462 231,3445 353,3456 353,3358 346,3252 309,3255 307,3255 304,3255 304,3257 296,3263 273,3286 249,3279 247,3279 245,3279 165,3294 167,3363"/>
        <Baseline points="167,3363 353,3358"/>
        <TextEquiv conf="0.9976148307323456">
          <Unicode>„„</Unicode>
        </TextEquiv>
      </TextLine>
    </TextRegion>
    <TextRegion id="eSc_textblock_4107fe12"  custom="structure {type:default;}">
      <Coords points="693,335 2688,335 2662,3548 751,3566 671,3539 642,3478 406,3495 388,3469 388,415 406,353 634,344 651,371 693,335"/>
      <TextLine id="eSc_line_fb269689" custom="structure {type:default;}">
        <Coords points="2227,335 2204,335 2200,335 2176,340 2151,344 2134,340 2118,335 2116,335 2094,335 2072,335 2050,335 2028,335 2006,335 1984,335 1961,335 1939,335 1931,335 1922,342 1913,348 1860,348 1851,342 1840,335 1829,335 1807,335 1769,344 1743,351 1562,351 1544,344 1500,335 1497,335 1475,335 1467,335 1453,342 1182,340 1179,340 1177,340 1175,340 1162,348 1157,351 1124,348 1009,340 1007,340 956,351 941,353 932,351 888,335 885,335 879,335 857,335 835,335 813,335 790,335 768,335 746,335 724,335 702,335 680,342 658,362 660,395 660,421 1327,415 1352,417 1409,426 1411,426 1471,417 1497,412 1577,415 1787,424 1789,424 1873,412 1889,410 1900,412 1944,421 1946,421 2109,410 2114,410 2121,410 2529,419 2531,419 2534,419 2536,419 2547,408 2547,384 2540,337 2339,344 2277,340 2235,335 2227,335"/>
        <Baseline points="660,395 2547,384"/>
        <TextEquiv conf="0.9765552821613493">
          <Unicode>1182. (Int. 15. — 1. Sept. — 1. pont. a. 1. — 5. Nept. — 2. 1181. 25. Mart. — 1182.)</Unicode>
        </TextEquiv>
      </TextLine>
      <TextLine id="eSc_line_3b281c5f" custom="structure {type:default;}">
        <Coords points="404,457 404,501 618,490 618,452 614,401 402,397 404,457"/>
        <Baseline points="404,457 618,452"/>
        <TextEquiv conf="0.9996785372495651">
          <Unicode>Laterani</Unicode>
        </TextEquiv>
      </TextLine>
      <TextLine id="eSc_line_315b2f5b" custom="structure {type:default;}">
        <Coords points="689,457 689,494 2649,490 2651,452 2644,417 687,419 689,457"/>
        <Baseline points="689,457 2651,452"/>
        <TextEquiv conf="0.9934974573124414">
          <Unicode>14585 Ecclesiae S. Michaelis ad Montem possessiones confirmat, petente Lamberto priorc.</Unicode>
        </TextEquiv>
      </TextLine>
      <TextLine id="eSc_line_1063a482" custom="structure {type:default;}">
        <Coords points="740,512 740,530 1199,541 1201,541 1204,541 1206,541 1219,530 1257,541 1259,541 1261,541 1263,541 1265,541 1285,530 1787,538 1789,538 1873,525 1875,507 1869,472 737,479 740,512"/>
        <Baseline points="740,512 1875,507"/>
        <TextEquiv conf="0.9648140519857407">
          <Unicode>Pflugk-Harttung Iter p. 294. — „Pie postulatio“.</Unicode>
        </TextEquiv>
      </TextLine>
      <TextLine id="eSc_line_73073b22" custom="structure {type:default;}">
        <Coords points="698,563 698,589 1913,598 1915,598 2001,585 2017,585 2651,585 2653,556 2649,525 695,521 698,563"/>
        <Baseline points="698,563 2653,556"/>
        <TextEquiv conf="0.9885985625953209">
          <Unicode>14586 Thcobaldo decano et canonicis S. Amandi Duacensibus bullam dat. Neues Archiv</Unicode>
        </TextEquiv>
      </TextLine>
      <TextLine id="eSc_line_6665560c" custom="structure {type:default;}">
        <Coords points="488,576 483,620 545,629 552,580 552,538 488,536 488,576"/>
        <Baseline points="488,576 552,580"/>
        <TextEquiv conf="1.0">
          <Unicode>„</Unicode>
        </TextEquiv>
      </TextLine>
      <TextLine id="eSc_line_6684326d" custom="structure {type:default;}">
        <Coords points="751,620 751,638 799,653 802,653 804,653 806,653 850,640 894,653 897,653 899,655 956,655 956,653 958,653 961,653 961,651 974,640 1071,653 1073,655 1265,655 1265,653 1268,653 1270,653 1288,640 1316,653 1319,653 1321,653 1323,653 1325,653 1338,640 1367,653 1369,653 1372,655 1460,655 1460,653 1462,653 1513,638 1513,620 1513,591 751,587 751,620"/>
        <Baseline points="751,620 1513,620"/>
        <TextEquiv conf="0.9999574922746227">
          <Unicode>VII. 108. — „Quotiens a nobis“.</Unicode>
        </TextEquiv>
      </TextLine>
      <TextLine id="eSc_line_159a2d8b" custom="structure {type:default;}">
        <Coords points="695,677 695,702 2653,691 2655,666 2649,633 693,642 695,677"/>
        <Baseline points="695,677 2655,666"/>
        <TextEquiv conf="0.9988580296436945">
          <Unicode>14587 Altimontensi et Alvensi abbatibus negotium dat, ut fratrum S. Gisleni et pres-</Unicode>
        </TextEquiv>
      </TextLine>
      <TextLine id="eSc_line_5944c4ce" custom="structure {type:default;}">
        <Coords points="479,689 477,695 517,715 519,715 521,715 523,715 556,700 558,693 556,664 479,660 479,689"/>
        <Baseline points="479,689 558,693"/>
        <TextEquiv conf="0.9792651832103729">
          <Unicode>„)</Unicode>
        </TextEquiv>
      </TextLine>
      <TextLine id="eSc_line_c130b7fa" custom="structure {type:default;}">
        <Coords points="742,728 742,750 2651,753 2653,728 2651,686 742,691 742,728"/>
        <Baseline points="742,728 2653,728"/>
        <TextEquiv conf="0.9944840289023985">
          <Unicode>byteri de Pinon super decima quadam controversiam determinent. In bibl. nat. Paris.</Unicode>
        </TextEquiv>
      </TextLine>
      <TextLine id="eSc_line_c4d7420f" custom="structure {type:default;}">
        <Coords points="742,783 742,806 1279,817 1281,817 1283,817 1285,817 1301,806 1676,814 1679,814 1752,803 1754,803 1756,803 1807,814 1809,814 1906,803 1922,801 1933,801 1988,812 1990,812 2509,799 2512,777 2507,750 740,750 742,783"/>
        <Baseline points="742,783 2512,777"/>
        <TextEquiv conf="0.9982556700706482">
          <Unicode>ms. lat. 12674 (Monast. Benedict. XVII.) f. 203b. — „Querelam dilectorum“.</Unicode>
        </TextEquiv>
      </TextLine>
      <TextLine id="eSc_line_dabf2563" custom="structure {type:default;}">
        <Coords points="695,839 695,865 2651,861 2653,834 2646,806 693,806 695,839"/>
        <Baseline points="695,839 2653,834"/>
        <TextEquiv conf="0.9992135721583699">
          <Unicode>14588 Monasterii S. Mariae Thenoliensis tutelam suscipit, possessionesque et iura con-</Unicode>
        </TextEquiv>
      </TextLine>
      <TextLine id="eSc_line_3706b07a" custom="structure {type:default;}">
        <Coords points="486,854 488,896 563,872 563,854 563,786 486,781 486,854"/>
        <Baseline points="486,854 563,854"/>
        <TextEquiv conf="0.9998687505722046">
          <Unicode>„</Unicode>
        </TextEquiv>
      </TextLine>
      <TextLine id="eSc_line_72350acc" custom="structure {type:default;}">
        <Coords points="744,896 744,923 2653,923 2655,889 2651,856 742,854 744,896"/>
        <Baseline points="744,896 2655,889"/>
        <TextEquiv conf="0.9962007516906375">
          <Unicode>firmat, petente Gregorio abbate. In bibl. nat. Paris. Coll. Grenier t. 258. f. 67 et</Unicode>
        </TextEquiv>
      </TextLine>
      <TextLine id="eSc_line_e6aaea43" custom="structure {type:default;}">
        <Coords points="742,951 742,967 850,980 852,980 908,967 914,967 927,967 1045,978 1047,978 1166,967 1168,967 1182,978 1182,980 1184,980 1186,980 1188,982 1316,982 1316,980 1442,976 1444,976 1447,976 1447,973 1455,965 1458,965 1460,965 1497,976 1500,976 1502,976 1604,965 1610,965 1612,965 1643,978 1646,978 1648,978 1895,962 1897,947 1893,918 1321,907 1319,907 1201,918 817,909 815,909 740,920 742,951"/>
        <Baseline points="742,951 1897,947"/>
        <TextEquiv conf="0.9892361334392002">
          <Unicode>t. 267. f. 217. — „Religiosam vitam eligentibus“.</Unicode>
        </TextEquiv>
      </TextLine>
      <TextLine id="eSc_line_0b2ff2d9" custom="structure {type:default;}">
        <Coords points="691,1004 691,1046 828,1029 1009,1040 1011,1040 1144,1026 1610,1040 1668,1040 1670,1040 1738,1037 2043,1026 2114,1035 2145,1037 2147,1037 2149,1037 2151,1037 2156,1035 2176,1022 2264,1033 2286,1035 2288,1035 2304,1033 2357,1022 2377,1033 2383,1035 2386,1035 2388,1035 2406,1031 2441,1024 2649,1029 2653,993 2646,965 689,967 691,1004"/>
        <Baseline points="691,1004 2653,993"/>
        <TextEquiv conf="0.9995046889925577">
          <Unicode>14589 Monasterium S. Victoris Parisiense protegendum suscipit, eiusque possessiones</Unicode>
        </TextEquiv>
      </TextLine>
      <TextLine id="eSc_line_f13eb327" custom="structure {type:default;}">
        <Coords points="483,1013 481,1040 554,1029 556,1018 558,938 532,925 530,925 528,925 488,934 483,1013"/>
        <Baseline points="483,1013 556,1018"/>
        <TextEquiv conf="1.0">
          <Unicode>„</Unicode>
        </TextEquiv>
      </TextLine>
      <TextLine id="eSc_line_25414237" custom="structure {type:default;}">
        <Coords points="742,1060 742,1084 2651,1079 2653,1055 2646,1022 740,1024 742,1060"/>
        <Baseline points="742,1060 2653,1055"/>
        <TextEquiv conf="0.9975639172764712">
          <Unicode>et privilegia confirmat, petente Guarino abbate. Autogr. in tabul. nat. Paris. L. 232.</Unicode>
        </TextEquiv>
      </TextLine>
      <TextLine id="eSc_line_bc7edaf1" custom="structure {type:default;}">
        <Coords points="742,1117 742,1137 2543,1128 2545,1108 2538,1077 1718,1079 1716,1079 1643,1068 1641,1068 1546,1082 1533,1082 1511,1082 1330,1071 1327,1071 1325,1071 1279,1082 1277,1082 1270,1082 1049,1073 1047,1073 972,1084 967,1084 961,1084 901,1073 899,1073 897,1073 894,1073 881,1084 879,1086 740,1086 742,1117"/>
        <Baseline points="742,1117 2545,1108"/>
        <TextEquiv conf="0.9937025277645557">
          <Unicode>n. 4. (Cop. authent. a. 1544 ibid. L. 223). — „Religiosam vitam eligentibus“.</Unicode>
        </TextEquiv>
      </TextLine>
      <TextLine id="eSc_line_76275e85" custom="structure {type:default;}">
        <Coords points="695,1170 695,1192 1672,1205 1674,1205 1831,1203 1833,1203 1871,1192 1880,1190 1902,1192 1999,1203 2001,1203 2003,1203 2041,1192 2050,1190 2485,1190 2489,1192 2505,1203 2507,1203 2509,1203 2512,1203 2655,1190 2657,1166 2651,1135 693,1137 695,1170"/>
        <Baseline points="695,1170 2657,1166"/>
        <TextEquiv conf="0.9933291361445472">
          <Unicode>14590 Monasterio S. Theoderici Remensis bullam dat. Neues Archiv VII. 108. — „Iustis</Unicode>
        </TextEquiv>
      </TextLine>
      <TextLine id="eSc_line_0f938797" custom="structure {type:default;}">
        <Coords points="488,1179 486,1201 554,1205 558,1183 558,1119 490,1121 488,1179"/>
        <Baseline points="488,1179 558,1183"/>
        <TextEquiv conf="0.9999974966049194">
          <Unicode>„</Unicode>
        </TextEquiv>
      </TextLine>
      <TextLine id="eSc_line_f4cb2616" custom="structure {type:default;}">
        <Coords points="740,1225 740,1249 748,1258 751,1258 753,1258 755,1258 954,1256 956,1256 1011,1241 1011,1221 1005,1190 737,1192 740,1225"/>
        <Baseline points="740,1225 1011,1221"/>
        <TextEquiv conf="0.9999999566511675">
          <Unicode>petentium“.</Unicode>
        </TextEquiv>
      </TextLine>
      <TextLine id="eSc_line_7a3df475" custom="structure {type:default;}">
        <Coords points="693,1280 693,1309 2653,1296 2655,1272 2649,1236 691,1241 693,1280"/>
        <Baseline points="693,1280 2655,1272"/>
        <TextEquiv conf="0.9939280714111767">
          <Unicode>14591 Parthenonis S. Spiritus Paraclitensis bona et privilegia confirmat, petente Meli-</Unicode>
        </TextEquiv>
      </TextLine>
      <TextLine id="eSc_line_fd5f8271" custom="structure {type:default;}">
        <Coords points="488,1291 488,1302 497,1311 499,1311 501,1311 503,1311 558,1298 558,1291 558,1265 488,1256 488,1291"/>
        <Baseline points="488,1291 558,1291"/>
        <TextEquiv conf="1.0">
          <Unicode>„</Unicode>
        </TextEquiv>
      </TextLine>
      <TextLine id="eSc_line_5c47f828" custom="structure {type:default;}">
        <Coords points="740,1333 740,1355 2591,1349 2593,1327 2587,1300 737,1305 740,1333"/>
        <Baseline points="740,1333 2593,1327"/>
        <TextEquiv conf="0.9997774377653871">
          <Unicode>sende abbatissa. Lalore Coll. des cart. II. 27. — „Susceptae ammonet officium“.</Unicode>
        </TextEquiv>
      </TextLine>
      <TextLine id="eSc_line_d57fb276" custom="structure {type:default;}">
        <Coords points="691,1391 691,1415 2651,1406 2653,1382 2649,1353 1243,1347 1241,1347 689,1358 691,1391"/>
        <Baseline points="691,1391 2653,1382"/>
        <TextEquiv conf="0.991135448217392">
          <Unicode>14592 (9456) Ecclesiae S. Waldetrudis Montensis protectionem suscipit, bonaque ac pri-</Unicode>
        </TextEquiv>
      </TextLine>
      <TextLine id="eSc_line_06b224c9" custom="structure {type:default;}">
        <Coords points="477,1404 477,1422 572,1422 572,1400 567,1336 505,1327 503,1327 501,1327 472,1338 477,1404"/>
        <Baseline points="477,1404 572,1400"/>
        <TextEquiv conf="1.0">
          <Unicode>„</Unicode>
        </TextEquiv>
      </TextLine>
      <TextLine id="eSc_line_d358bfd6" custom="structure {type:default;}">
        <Coords points="744,1446 744,1472 2651,1472 2653,1439 2646,1406 742,1411 744,1446"/>
        <Baseline points="744,1446 2653,1439"/>
        <TextEquiv conf="0.9981775697539834">
          <Unicode>vilegia confirmat, petente Elisabeth priorissa. Miraei Opp. dipl. III. 350, Migne 201</Unicode>
        </TextEquiv>
      </TextLine>
      <TextLine id="eSc_line_9540e24d" custom="structure {type:default;}">
        <Coords points="742,1499 742,1521 1615,1521 1615,1499 1615,1468 742,1468 742,1499"/>
        <Baseline points="742,1499 1615,1499"/>
        <TextEquiv conf="0.9992514418231117">
          <Unicode>p. 1116. — „Prudentibus virginibus“.</Unicode>
        </TextEquiv>
      </TextLine>
      <TextLine id="eSc_line_9c4c95ca" custom="structure {type:default;}">
        <Coords points="693,1554 693,1576 1997,1585 1999,1585 2065,1572 2074,1572 2123,1572 2450,1583 2452,1583 2653,1570 2655,1548 2649,1519 691,1523 693,1554"/>
        <Baseline points="693,1554 2655,1548"/>
        <TextEquiv conf="0.9894452930866987">
          <Unicode>14593 Monasterii Eihamensis tutelam suscipit possessionesque ac iura confirmat, petente</Unicode>
        </TextEquiv>
      </TextLine>
      <TextLine id="eSc_line_ddcda83d" custom="structure {type:default;}">
        <Coords points="488,1567 488,1578 517,1590 519,1590 521,1590 523,1590 563,1570 563,1563 556,1534 486,1537 488,1567"/>
        <Baseline points="488,1567 563,1563"/>
        <TextEquiv conf="0.9999980926513672">
          <Unicode>„)</Unicode>
        </TextEquiv>
      </TextLine>
      <TextLine id="eSc_line_3fc350e8" custom="structure {type:default;}">
        <Coords points="742,1609 742,1631 1771,1640 1774,1640 1831,1627 1838,1627 1844,1627 1908,1638 1911,1640 2105,1640 2105,1638 2107,1638 2109,1638 2127,1627 2132,1627 2299,1638 2302,1638 2304,1638 2344,1625 2344,1603 2337,1574 740,1574 742,1609"/>
        <Baseline points="742,1609 2344,1603"/>
        <TextEquiv conf="0.9861060151687036">
          <Unicode>Lamberto abbate. Piot Cart. d&#x27;Eename p. 55. — „Quotiens a nobis“.</Unicode>
        </TextEquiv>
      </TextLine>
      <TextLine id="eSc_line_958d178c" custom="structure {type:default;}">
        <Coords points="693,1667 693,1702 799,1687 938,1687 958,1700 961,1700 963,1700 965,1700 1398,1684 2653,1689 2657,1658 2651,1620 691,1625 693,1667"/>
        <Baseline points="693,1667 2657,1658"/>
        <TextEquiv conf="0.999813971194354">
          <Unicode>14594 Praeposito, archidiacono et aliis canonicis Tarraconensibus concedit, ut, ecclesia</Unicode>
        </TextEquiv>
      </TextLine>
      <TextLine id="eSc_line_fa087f9a" custom="structure {type:default;}">
        <Coords points="488,1678 488,1684 517,1696 519,1696 521,1696 523,1696 558,1680 558,1673 554,1645 483,1640 488,1678"/>
        <Baseline points="488,1678 558,1673"/>
        <TextEquiv conf="0.9993991851806641">
          <Unicode>„„</Unicode>
        </TextEquiv>
      </TextLine>
      <TextLine id="eSc_line_eb39c469" custom="structure {type:default;}">
        <Coords points="742,1718 742,1740 2649,1744 2653,1713 2646,1687 740,1687 742,1718"/>
        <Baseline points="742,1718 2653,1713"/>
        <TextEquiv conf="0.9984334133020262">
          <Unicode>eorum pastore vacante, causas suffraganeorum audiant, ordine iudiciario terminent,</Unicode>
        </TextEquiv>
      </TextLine>
      <TextLine id="eSc_line_b897354d" custom="structure {type:default;}">
        <Coords points="744,1771 744,1799 938,1799 965,1810 967,1810 969,1813 1504,1813 1504,1810 1506,1810 1546,1799 1619,1810 1621,1813 1791,1813 1791,1810 1794,1810 1796,1810 1813,1799 1906,1810 1908,1810 2448,1799 2531,1810 2534,1810 2536,1810 2562,1799 2598,1810 2600,1810 2602,1810 2655,1797 2655,1771 2655,1742 744,1742 744,1771"/>
        <Baseline points="744,1771 2655,1771"/>
        <TextEquiv conf="0.9947852889696757">
          <Unicode>vel aliis idoneis personis comittant. Villanueva Viage literar. XIX. 299. — „Aposto-</Unicode>
        </TextEquiv>
      </TextLine>
      <TextLine id="eSc_line_af81d39c" custom="structure {type:default;}">
        <Coords points="742,1826 742,1846 1206,1855 1208,1855 1210,1855 1259,1841 1259,1821 1252,1793 740,1795 742,1826"/>
        <Baseline points="742,1826 1259,1821"/>
        <TextEquiv conf="0.9999271606405576">
          <Unicode>licae sedis auctoritas“.</Unicode>
        </TextEquiv>
      </TextLine>
      <TextLine id="eSc_line_a9d76093" custom="structure {type:default;}">
        <Coords points="695,1883 695,1905 2649,1908 2653,1879 2649,1846 2531,1832 2529,1832 2010,1843 1820,1832 1818,1832 1816,1832 1782,1843 1701,1832 1699,1832 1557,1848 1420,1848 1396,1835 1394,1835 1391,1835 1389,1835 1358,1848 846,1848 748,1835 746,1835 744,1835 693,1848 695,1883"/>
        <Baseline points="695,1883 2653,1879"/>
        <TextEquiv conf="0.9988863605192337">
          <Unicode>14595 (9457) Parthenonis S. Mariae et S. Petri de Carolis-castro protectionem suscipit,</Unicode>
        </TextEquiv>
      </TextLine>
      <TextLine id="eSc_line_9cd3d3f5" custom="structure {type:default;}">
        <Coords points="486,1896 486,1934 512,1949 514,1949 517,1949 563,1938 563,1896 563,1846 486,1832 486,1896"/>
        <Baseline points="486,1896 563,1896"/>
        <TextEquiv conf="0.9999252557754517">
          <Unicode>„</Unicode>
        </TextEquiv>
      </TextLine>
      <TextLine id="eSc_line_bd61ed50" custom="structure {type:default;}">
        <Coords points="744,1938 744,1961 1060,1972 1062,1972 1137,1961 1140,1961 1144,1961 1206,1972 1208,1972 1270,1961 1272,1961 1352,1972 1354,1972 1356,1972 1385,1958 1389,1958 1444,1958 1763,1969 1765,1969 1820,1958 1822,1958 1853,1958 2445,1967 2448,1967 2450,1967 2472,1956 2474,1956 2653,1956 2655,1932 2649,1901 742,1910 744,1938"/>
        <Baseline points="744,1938 2655,1932"/>
        <TextEquiv conf="0.9963834670985617">
          <Unicode>possessionesque ac privilegia confirmat. (Signa chronologica sunt corrupta). Dunod</Unicode>
        </TextEquiv>
      </TextLine>
      <TextLine id="eSc_line_dd05ec7d" custom="structure {type:default;}">
        <Coords points="742,1994 742,2018 2653,2022 2657,1987 2651,1956 740,1961 742,1994"/>
        <Baseline points="742,1994 2657,1987"/>
        <TextEquiv conf="0.9970031933086675">
          <Unicode>Hist. des Sequanois I. Pr. p. 100, Migne 201 p. 1118. Cf. Chifflet Lettre touchant</Unicode>
        </TextEquiv>
      </TextLine>
      <TextLine id="eSc_line_8e3adea7" custom="structure {type:default;}">
        <Coords points="742,2047 742,2069 2494,2064 2496,2042 2489,2009 740,2011 742,2047"/>
        <Baseline points="742,2047 2496,2042"/>
        <TextEquiv conf="0.9891764664649964">
          <Unicode>Beatrix de Chalon p. 129. — „Officium (leg. Effectum) iusta postulantibus“.</Unicode>
        </TextEquiv>
      </TextLine>
      <TextLine id="eSc_line_a3f6f538" custom="structure {type:default;}">
        <Coords points="695,2102 695,2124 1590,2135 1592,2135 1595,2135 1597,2135 1617,2124 2273,2133 2275,2133 2335,2122 2337,2122 2344,2122 2602,2133 2604,2133 2607,2133 2655,2120 2655,2097 2651,2071 711,2062 709,2062 707,2062 704,2062 693,2069 695,2102"/>
        <Baseline points="695,2102 2655,2097"/>
        <TextEquiv conf="0.9858228044454441">
          <Unicode>14596 Ecclesiae Larinensis protectionem suscipit, bonaque et privilegia confirmat, pe-</Unicode>
        </TextEquiv>
      </TextLine>
      <TextLine id="eSc_line_215fc442" custom="structure {type:default;}">
        <Coords points="481,2117 481,2161 561,2164 563,2117 561,2073 481,2080 481,2117"/>
        <Baseline points="481,2117 563,2117"/>
        <TextEquiv conf="1.0">
          <Unicode>„</Unicode>
        </TextEquiv>
      </TextLine>
      <TextLine id="eSc_line_789661d0" custom="structure {type:default;}">
        <Coords points="744,2153 742,2175 806,2188 808,2188 892,2179 910,2190 912,2190 914,2190 916,2190 1016,2179 1071,2190 1073,2190 1699,2179 1725,2192 1727,2192 1729,2195 2098,2195 2098,2192 2101,2192 2103,2192 2118,2181 2509,2192 2512,2192 2655,2179 2657,2157 2655,2128 744,2124 744,2153"/>
        <Baseline points="744,2153 2657,2157"/>
        <TextEquiv conf="0.9907939605414867">
          <Unicode>tente Petro episcopo. Tria Mem. stor. di Larino p. 190, Cappelletti Chiese d&#x27;It.</Unicode>
        </TextEquiv>
      </TextLine>
      <TextLine id="eSc_line_dd44fdda" custom="structure {type:default;}">
        <Coords points="742,2212 742,2232 1747,2232 1747,2212 1745,2175 742,2179 742,2212"/>
        <Baseline points="742,2212 1747,2212"/>
        <TextEquiv conf="0.994809702038765">
          <Unicode>XIX. 229. — „Ut (an Et?) ordo rationis“.</Unicode>
        </TextEquiv>
      </TextLine>
      <TextLine id="eSc_line_bf58c67b" custom="structure {type:default;}">
        <Coords points="689,2267 689,2290 2655,2290 2655,2267 2655,2234 689,2234 689,2267"/>
        <Baseline points="689,2267 2655,2267"/>
        <TextEquiv conf="0.9999922506949481">
          <Unicode>14597 Sororibus Crisenonensibus annualia canonicorum Castri Censor(ii) asserit. („IX.</Unicode>
        </TextEquiv>
      </TextLine>
      <TextLine id="eSc_line_8abadc8a" custom="structure {type:default;}">
        <Coords points="486,2281 486,2301 541,2309 543,2309 545,2309 572,2294 572,2274 567,2234 528,2223 525,2223 523,2223 521,2223 481,2239 486,2281"/>
        <Baseline points="486,2281 572,2274"/>
        <TextEquiv conf="1.0">
          <Unicode>„</Unicode>
        </TextEquiv>
      </TextLine>
      <TextLine id="eSc_line_004facbb" custom="structure {type:default;}">
        <Coords points="742,2320 742,2347 883,2347 908,2358 910,2358 912,2358 914,2358 941,2347 1173,2358 1175,2360 1436,2360 1436,2358 1438,2358 1440,2358 1453,2347 1504,2358 1506,2360 1632,2360 1632,2358 1634,2358 1637,2358 1652,2347 1703,2358 1705,2358 1933,2347 1988,2358 1990,2358 2076,2347 2467,2358 2470,2358 2653,2345 2653,2320 2653,2292 742,2285 742,2320"/>
        <Baseline points="742,2320 2653,2320"/>
        <TextEquiv conf="0.9802761262860792">
          <Unicode>id. Febr.“). In bibl. nat. Paris. Chartul. Crisenon. s. XIII. ex. ms. lat. 9885. f. 3“.</Unicode>
        </TextEquiv>
      </TextLine>
      <TextLine id="eSc_line_03b0a0a9" custom="structure {type:default;}">
        <Coords points="742,2376 742,2396 815,2396 817,2396 830,2409 830,2411 832,2411 835,2411 837,2411 983,2398 1014,2411 1016,2411 1018,2411 1201,2409 1204,2409 1237,2393 1252,2407 1254,2407 1257,2407 1409,2409 1411,2409 1480,2391 1482,2371 1475,2343 740,2345 742,2376"/>
        <Baseline points="742,2376 1482,2371"/>
        <TextEquiv conf="0.9999025277793407">
          <Unicode>— „Iustis petentium desideriis“.</Unicode>
        </TextEquiv>
      </TextLine>
      <TextLine id="eSc_line_b45d9184" custom="structure {type:default;}">
        <Coords points="691,2431 691,2455 2651,2453 2653,2426 2646,2393 689,2396 691,2431"/>
        <Baseline points="691,2431 2653,2426"/>
        <TextEquiv conf="0.9989786996560939">
          <Unicode>14598 (9458) Capitulo S. Petri Osnabrugensi permittit, ut „decimas ad ecclesiam ipsam</Unicode>
        </TextEquiv>
      </TextLine>
      <TextLine id="eSc_line_23d65add" custom="structure {type:default;}">
        <Coords points="479,2446 479,2455 567,2455 567,2446 567,2420 479,2411 479,2446"/>
        <Baseline points="479,2446 567,2446"/>
        <TextEquiv conf="1.0">
          <Unicode>„</Unicode>
        </TextEquiv>
      </TextLine>
      <TextLine id="eSc_line_9a6be4cb" custom="structure {type:default;}">
        <Coords points="742,2486 742,2508 2653,2508 2653,2486 2653,2457 742,2457 742,2486"/>
        <Baseline points="742,2486 2653,2486"/>
        <TextEquiv conf="0.9995832605795427">
          <Unicode>spectantes quibuscumque modis poterint, de manu redimant laicorum et eas suis</Unicode>
        </TextEquiv>
      </TextLine>
      <TextLine id="eSc_line_a6c435c6" custom="structure {type:default;}">
        <Coords points="742,2541 742,2574 1195,2566 1246,2572 1277,2577 1279,2577 1310,2572 1354,2566 1471,2572 1581,2577 1584,2577 1634,2570 1674,2566 1736,2570 1829,2577 1831,2577 1833,2577 1855,2570 1864,2566 1873,2570 1893,2577 1895,2577 1897,2579 2163,2579 2163,2577 2165,2577 2185,2568 2189,2566 2436,2566 2439,2566 2452,2577 2454,2577 2456,2577 2459,2579 2565,2579 2565,2577 2655,2563 2655,2541 2655,2513 742,2513 742,2541"/>
        <Baseline points="742,2541 2655,2541"/>
        <TextEquiv conf="0.9899427496098183">
          <Unicode>usibus applicent“. Möser Osn. Gesch. IV. 102, Migne 201 p. 1120. — „Quae a</Unicode>
        </TextEquiv>
      </TextLine>
      <TextLine id="eSc_line_b833081d" custom="structure {type:default;}">
        <Coords points="740,2594 740,2623 1212,2612 1215,2590 1208,2557 737,2559 740,2594"/>
        <Baseline points="740,2594 1215,2590"/>
        <TextEquiv conf="0.9816008399833333">
          <Unicode>nobis rationabiliter“.</Unicode>
        </TextEquiv>
      </TextLine>
      <TextLine id="eSc_line_408de00b" custom="structure {type:default;}">
        <Coords points="689,2647 689,2674 2655,2674 2655,2647 2655,2619 2266,2619 2266,2616 2238,2605 2235,2605 2233,2605 2231,2605 2207,2616 2185,2616 1648,2605 1646,2605 1566,2616 1557,2616 1542,2616 1385,2605 1383,2605 1272,2616 1257,2616 689,2616 689,2647"/>
        <Baseline points="689,2647 2655,2647"/>
        <TextEquiv conf="0.9949410821116248">
          <Unicode>14599 locelino, episcopo Glasguensi, „ob fidem, quam ipse et ordo Cisteriensis, de quo</Unicode>
        </TextEquiv>
      </TextLine>
      <TextLine id="eSc_line_2f2a5314" custom="structure {type:default;}">
        <Coords points="477,2665 477,2676 565,2683 567,2665 563,2619 528,2638 477,2638 477,2665"/>
        <Baseline points="477,2665 567,2665"/>
        <TextEquiv conf="1.0">
          <Unicode>„</Unicode>
        </TextEquiv>
      </TextLine>
      <TextLine id="eSc_line_8667e45a" custom="structure {type:default;}">
        <Coords points="740,2705 740,2727 773,2740 775,2740 777,2742 950,2742 950,2740 952,2740 954,2740 969,2729 1279,2740 1281,2742 1398,2742 1398,2740 1400,2740 1402,2740 1420,2729 1544,2740 1546,2740 2653,2727 2653,2705 2653,2676 740,2676 740,2705"/>
        <Baseline points="740,2705 2653,2705"/>
        <TextEquiv conf="0.9948577803723953">
          <Unicode>assumptus sit, circa Romanam ecclesiam gesserint“, indulget, „ne cui liceat, nisi Ro-</Unicode>
        </TextEquiv>
      </TextLine>
      <TextLine id="eSc_line_f25c61f9" custom="structure {type:default;}">
        <Coords points="742,2760 742,2786 2649,2782 2651,2756 2644,2727 740,2729 742,2760"/>
        <Baseline points="742,2760 2651,2756"/>
        <TextEquiv conf="0.9940261131241208">
          <Unicode>mano pontifici vel legato ab cius latere destinato, in eum vel ecclesiam eius inter-</Unicode>
        </TextEquiv>
      </TextLine>
      <TextLine id="eSc_line_e5bbec7e" custom="structure {type:default;}">
        <Coords points="742,2811 740,2831 821,2844 824,2844 2651,2835 2653,2815 2651,2784 742,2780 742,2811"/>
        <Baseline points="742,2811 2653,2815"/>
        <TextEquiv conf="0.999964532218402">
          <Unicode>dicti, suspensionis vel excommunicationis sententiam promulgare“. Registrum ep.</Unicode>
        </TextEquiv>
      </TextLine>
      <TextLine id="eSc_line_d62ce59d" custom="structure {type:default;}">
        <Coords points="740,2868 740,2886 841,2899 843,2899 846,2899 892,2888 1124,2888 1135,2897 1135,2899 1137,2899 1140,2899 1142,2899 1367,2888 1592,2899 1595,2899 1597,2899 1630,2888 1661,2899 1663,2899 1665,2899 1668,2899 1712,2886 1712,2868 1710,2837 740,2839 740,2868"/>
        <Baseline points="740,2868 1712,2868"/>
        <TextEquiv conf="0.9967948518148283">
          <Unicode>Glasg. I. 52. — „Affectum devocionis et“.</Unicode>
        </TextEquiv>
      </TextLine>
      <TextLine id="eSc_line_dc4e4124" custom="structure {type:default;}">
        <Coords points="689,2919 687,2943 735,2959 737,2959 740,2959 841,2948 872,2959 874,2959 877,2959 879,2959 905,2948 934,2959 936,2959 938,2959 1011,2948 1056,2959 1058,2959 1060,2959 1257,2948 1279,2948 1285,2948 1341,2959 1343,2959 1458,2950 1491,2948 1537,2950 1714,2961 1716,2963 2081,2963 2081,2961 2083,2961 2085,2961 2094,2954 2101,2950 2109,2954 2125,2961 2127,2961 2129,2961 2174,2954 2207,2950 2649,2956 2653,2923 2651,2892 689,2888 689,2919"/>
        <Baseline points="689,2919 2653,2923"/>
        <TextEquiv conf="0.9982029886185368">
          <Unicode>14600 (9459) (Arnoldo), episcopo Osnabrugensi, interdicit, „ne decimas, quae de</Unicode>
        </TextEquiv>
      </TextLine>
      <TextLine id="eSc_line_f8ac102a" custom="structure {type:default;}">
        <Coords points="477,2937 477,2952 558,2956 563,2934 558,2857 532,2839 530,2839 528,2839 525,2839 523,2839 475,2857 477,2937"/>
        <Baseline points="477,2937 563,2934"/>
        <TextEquiv conf="1.0">
          <Unicode>„</Unicode>
        </TextEquiv>
      </TextLine>
      <TextLine id="eSc_line_ab4feb1f" custom="structure {type:default;}">
        <Coords points="742,2972 740,2996 1005,3007 1007,3007 1009,3007 1011,3007 1022,2998 1027,2996 1188,2996 1206,2998 1274,3007 1277,3007 1356,2998 1376,2996 1380,2998 1394,3007 1396,3007 1398,3007 1548,3009 1551,3009 1948,2998 1995,2998 2012,2998 2174,3012 2176,3012 2178,3012 2211,3001 2304,3012 2306,3012 2649,2998 2651,2979 2649,2941 742,2941 742,2972"/>
        <Baseline points="742,2972 2651,2979"/>
        <TextEquiv conf="0.9993591356277466">
          <Unicode>manu laica sint ereptae vel liberari potuerint in futurum, cuiquam laicorum</Unicode>
        </TextEquiv>
      </TextLine>
      <TextLine id="eSc_line_a6aa9b19" custom="structure {type:default;}">
        <Coords points="742,3032 742,3056 2653,3056 2653,3032 2653,3003 742,3001 742,3032"/>
        <Baseline points="742,3032 2653,3032"/>
        <TextEquiv conf="0.9850500959616441">
          <Unicode>assignet“. Möser Osn. Gesch. IV. 103, Migne 201 p. 1121. — „Fraternitatis tuae</Unicode>
        </TextEquiv>
      </TextLine>
      <TextLine id="eSc_line_68a408f4" custom="structure {type:default;}">
        <Coords points="740,3085 740,3098 782,3113 784,3113 786,3115 925,3115 925,3113 927,3113 976,3098 976,3085 976,3054 740,3054 740,3085"/>
        <Baseline points="740,3085 976,3085"/>
        <TextEquiv conf="0.9931989149613814">
          <Unicode>discretio“.</Unicode>
        </TextEquiv>
      </TextLine>
      <TextLine id="eSc_line_f2b7f52e" custom="structure {type:default;}">
        <Coords points="691,3138 689,3162 2649,3173 2653,3144 2651,3107 691,3102 691,3138"/>
        <Baseline points="691,3138 2653,3144"/>
        <TextEquiv conf="0.9973753052098411">
          <Unicode>14601 (9460) Praeposito et conventui Osnabrugensi concedit, „ut illorum devotioni et</Unicode>
        </TextEquiv>
      </TextLine>
      <TextLine id="eSc_line_5c1ec99c" custom="structure {type:default;}">
        <Coords points="481,3153 481,3180 565,3182 567,3149 563,3096 477,3089 481,3153"/>
        <Baseline points="481,3153 567,3149"/>
        <TextEquiv conf="1.0">
          <Unicode>„</Unicode>
        </TextEquiv>
      </TextLine>
      <TextLine id="eSc_line_25bc1bf7" custom="structure {type:default;}">
        <Coords points="742,3193 740,3215 2646,3219 2651,3197 2649,3166 742,3160 742,3193"/>
        <Baseline points="742,3193 2651,3197"/>
        <TextEquiv conf="0.9962435536000921">
          <Unicode>extremae voluntati, qui se in eorum ecclesia sepeliri deliberaverint, nisi forte excom-</Unicode>
        </TextEquiv>
      </TextLine>
      <TextLine id="eSc_line_1c3daaea" custom="structure {type:default;}">
        <Coords points="742,3250 742,3272 1265,3272 1272,3272 1352,3286 1354,3286 1356,3286 1358,3286 1378,3272 1380,3272 1387,3272 1462,3286 1464,3286 1522,3272 1526,3272 1531,3272 1568,3286 1570,3286 1573,3286 1694,3274 1716,3272 1741,3274 1864,3283 1866,3283 1924,3274 1937,3272 1948,3274 1992,3286 1995,3286 1997,3286 2649,3274 2649,3250 2646,3219 742,3219 742,3250"/>
        <Baseline points="742,3250 2649,3250"/>
        <TextEquiv conf="0.9965276824576514">
          <Unicode>municati vel interdicti sint, nullus obsistat“. Möser Osn. Gesch. IV. 103, Migne 201</Unicode>
        </TextEquiv>
      </TextLine>
      <TextLine id="eSc_line_770ef02b" custom="structure {type:default;}">
        <Coords points="742,3308 742,3332 751,3339 753,3339 755,3339 757,3339 760,3339 786,3327 795,3323 826,3325 892,3334 894,3334 1003,3325 1029,3323 1031,3325 1056,3341 1058,3341 1060,3341 1062,3341 1064,3341 1126,3323 1129,3323 1151,3341 1153,3341 1155,3341 1157,3341 1283,3323 1294,3321 1296,3323 1312,3336 1312,3339 1314,3339 1316,3339 1319,3341 1522,3341 1522,3339 1524,3339 1526,3339 1526,3336 1544,3321 1575,3321 1577,3303 1573,3277 760,3268 757,3268 755,3268 753,3268 740,3274 742,3308"/>
        <Baseline points="742,3308 1577,3303"/>
        <TextEquiv conf="0.9910778210443609">
          <Unicode>p. 1121. — „Si quando postulatur“.</Unicode>
        </TextEquiv>
      </TextLine>
      <TextLine id="eSc_line_713cf966" custom="structure {type:default;}">
        <Coords points="691,3361 691,3385 2649,3389 2653,3356 2646,3325 689,3325 691,3361"/>
        <Baseline points="691,3361 2653,3356"/>
        <TextEquiv conf="0.9864975882739555">
          <Unicode>14602 Quod sororibus Crisenonensibus Gaufridus de Arseio concesserit, „ut singulis</Unicode>
        </TextEquiv>
      </TextLine>
      <TextLine id="eSc_line_dfb3c374" custom="structure {type:default;}">
        <Coords points="472,3372 477,3433 514,3431 517,3431 519,3431 576,3392 574,3363 565,3283 488,3272 486,3272 483,3272 481,3272 481,3274 463,3288 472,3372"/>
        <Baseline points="472,3372 574,3363"/>
        <TextEquiv conf="1.0">
          <Unicode>„</Unicode>
        </TextEquiv>
      </TextLine>
      <TextLine id="eSc_line_e81e602f" custom="structure {type:default;}">
        <Coords points="744,3409 742,3433 2646,3438 2651,3416 2649,3385 744,3378 744,3409"/>
        <Baseline points="744,3409 2651,3416"/>
        <TextEquiv conf="0.9952554993331433">
          <Unicode>diebus de bosco mortuo de Arseio liceat eis portare, quantum in quadriga una po-</Unicode>
        </TextEquiv>
      </TextLine>
      <TextLine id="eSc_line_1dc9bd4f" custom="structure {type:default;}">
        <Coords points="742,3467 740,3486 998,3489 1031,3506 1034,3506 1036,3506 1259,3491 1270,3491 1327,3491 1330,3491 1358,3506 1360,3506 1363,3506 1524,3493 1546,3491 1559,3493 1634,3506 1637,3506 1639,3506 1676,3493 1683,3491 1687,3493 1710,3509 1712,3509 1714,3509 1716,3509 1984,3495 2032,3493 2061,3495 2185,3509 2187,3509 2246,3495 2253,3495 2255,3495 2280,3509 2282,3509 2284,3509 2344,3498 2364,3493 2383,3498 2428,3509 2430,3509 2432,3509 2649,3498 2651,3471 2649,3442 742,3438 742,3467"/>
        <Baseline points="742,3467 2651,3471"/>
        <TextEquiv conf="0.9995521895856743">
          <Unicode>terint duo equi deferre“, confirmat. Alia quaedam addit. In bibl. nat. Paris. Char-</Unicode>
        </TextEquiv>
      </TextLine>
      <TextLine id="eSc_line_0d6a3d1a" custom="structure {type:default;}">
        <Coords points="744,3522 744,3570 808,3559 930,3570 967,3573 969,3573 1049,3568 1239,3559 1283,3568 1312,3573 1314,3573 1316,3573 1336,3568 1363,3559 1374,3566 1380,3573 1383,3573 1385,3573 1387,3573 1716,3564 1776,3564 1807,3564 2158,3575 2160,3575 2249,3562 2251,3562 2406,3575 2408,3575 2410,3575 2412,3575 2434,3559 2436,3526 2434,3495 744,3491 744,3522"/>
        <Baseline points="744,3522 2436,3526"/>
        <TextEquiv conf="0.9745554455121358">
          <Unicode>tul. Crisenom. s. X1II. ex. ms. lat. 9885 f. 3. — „Significatum est nobis“.</Unicode>
        </TextEquiv>
      </TextLine>
    </TextRegion>
    <TextRegion id="eSc_textblock_61c43fdf"  custom="structure {type:default;}">
      <Coords points="1003,176 1771,185 1780,253 1763,280 989,280 972,194 1003,176"/>
      <TextLine id="eSc_line_3c13b42e" custom="structure {type:default;}">
        <Coords points="994,245 994,276 1405,267 1411,271 1422,278 1425,278 1427,278 1429,280 1723,280 1723,278 1725,278 1758,265 1758,245 1758,203 994,192 994,245"/>
        <Baseline points="994,245 1758,245"/>
        <TextEquiv conf="0.9988003915006464">
          <Unicode>LUCIUS III. 1181—1185.</Unicode>
        </TextEquiv>
      </TextLine>
    </TextRegion>
    <TextRegion id="eSc_textblock_1986ddce"  custom="structure {type:default;}">
      <Coords points="2545,185 2680,194 2688,245 2540,280 2514,220 2545,185"/>
      <TextLine id="eSc_line_b1f48113" custom="structure {type:default;}">
        <Coords points="2620,189 2598,187 2576,187 2558,185 2534,200 2536,245 2536,273 2653,273 2653,240 2649,194 2638,189 2620,189"/>
        <Baseline points="2536,245 2653,240"/>
        <TextEquiv conf="0.9999994039535522">
          <Unicode>437</Unicode>
        </TextEquiv>
      </TextLine>
    </TextRegion>
  </Page>
</PcGts>
