<?xml version="1.0" encoding="UTF-8"  standalone="yes"?>
<PcGts xmlns="http://schema.primaresearch.org/PAGE/gts/pagecontent/2019-07-15" xmlns:xsi="http://www.w3.org/2001/XMLSchema-instance" xsi:schemaLocation="http://schema.primaresearch.org/PAGE/gts/pagecontent/2019-07-15 http://schema.primaresearch.org/PAGE/gts/pagecontent/2019-07-15/pagecontent.xsd">
  <Metadata externalRef="pdf//regestapontificu02cath.pdf">
	<Creator>escriptorium</Creator>
	<Created>2026-01-31T10:41:30.888083+00:00</Created>
        <LastChange>2026-02-04T23:23:09.885167+00:00</LastChange>
  </Metadata>
  <Page imageFilename="regestapontificu02cath.pdf_page_540.png" imageWidth="3007" imageHeight="3975">
    <TextRegion id="eSc_textblock_8fb4a398"  custom="structure {type:default;}">
      <Coords points="338,123 457,123 492,200 335,236 309,167 338,123"/>
      <TextLine id="eSc_line_8c943cb8" custom="structure {type:default;}">
        <Coords points="335,187 338,220 457,214 457,181 450,130 331,132 335,187"/>
        <Baseline points="335,187 457,181"/>
        <TextEquiv conf="1.0">
          <Unicode>528</Unicode>
        </TextEquiv>
      </TextLine>
    </TextRegion>
    <TextRegion id="eSc_textblock_9067fab2"  custom="structure {type:default;}">
      <Coords points="349,273 855,282 857,318 892,282 2892,282 2865,3504 945,3513 609,3486 581,2780 554,3433 475,3486 318,3451 300,379 318,282 349,273"/>
      <TextLine id="eSc_line_08add4e6" custom="structure {type:default;}">
        <Coords points="879,291 881,340 881,364 2408,359 2410,333 2403,284 879,289 879,291"/>
        <Baseline points="881,340 2410,333"/>
        <TextEquiv conf="0.9740947446097499">
          <Unicode>1187. (Ind. 5. — 25. Sept. — 6, pont. a. 2, 1186 — 25. Mart. — 1187.)</Unicode>
        </TextEquiv>
      </TextLine>
      <TextLine id="eSc_line_31c70338" custom="structure {type:default;}">
        <Coords points="910,399 908,426 961,439 963,439 2865,437 2867,406 2865,366 910,351 910,399"/>
        <Baseline points="910,399 2867,406"/>
        <TextEquiv conf="0.9919860781658263">
          <Unicode>16011 *Monasterii S. lacobi Castellani bona ac libertatem confirmat. Muzi Mem. eccl.</Unicode>
        </TextEquiv>
      </TextLine>
      <TextLine id="eSc_line_7d70da7f" custom="structure {type:default;}">
        <Coords points="910,505 908,532 919,541 921,541 923,541 925,541 2865,538 2867,514 2865,468 910,468 910,505"/>
        <Baseline points="910,505 2867,514"/>
        <TextEquiv conf="0.9959457350331683">
          <Unicode>16012 *Ecclesiae S. Mariae Traiectensis (Mosae) protectionem suscipit, possessionesque</Unicode>
        </TextEquiv>
      </TextLine>
      <TextLine id="eSc_line_8e8199c7" custom="structure {type:default;}">
        <Coords points="958,457 958,485 1378,490 1380,490 1405,485 1480,474 1626,485 1630,450 1623,419 956,424 958,457"/>
        <Baseline points="958,457 1630,450"/>
        <TextEquiv conf="0.9849945779504448">
          <Unicode>di Città di Castello IV. 165.</Unicode>
        </TextEquiv>
      </TextLine>
      <TextLine id="eSc_line_b3114d36" custom="structure {type:default;}">
        <Coords points="958,563 956,580 1022,594 1025,594 1226,585 1237,594 1237,596 1239,596 1241,596 1243,596 1411,585 1573,596 1575,596 1798,587 1818,598 1820,598 1822,598 1824,598 1827,598 1853,587 1926,598 1928,598 2308,587 2311,567 2308,536 958,534 958,563"/>
        <Baseline points="958,563 2311,567"/>
        <TextEquiv conf="0.9913891470223143">
          <Unicode>confirmat. Annales de l&#x27;acad. arch. de Belgique XII. 130.</Unicode>
        </TextEquiv>
      </TextLine>
      <TextLine id="eSc_line_0cd6cc2e" custom="structure {type:default;}">
        <Coords points="344,616 344,642 397,653 399,653 466,640 475,638 481,638 532,653 534,653 536,653 539,653 572,636 572,616 572,554 534,554 532,554 530,554 528,554 517,560 472,587 417,576 375,569 373,569 371,569 368,569 344,585 344,616"/>
        <Baseline points="344,616 572,616"/>
        <TextEquiv conf="0.9139288365840912">
          <Unicode>Oct. 20.</Unicode>
        </TextEquiv>
      </TextLine>
      <TextLine id="eSc_line_a5051c7e" custom="structure {type:default;}">
        <Coords points="607,616 605,682 841,684 846,620 846,523 779,523 777,523 775,523 773,523 773,525 764,534 740,558 702,543 682,534 680,534 678,534 676,534 673,534 649,549 636,556 607,556 607,616"/>
        <Baseline points="607,616 846,620"/>
        <TextEquiv conf="0.8168006800115108">
          <Unicode>Peruriar</Unicode>
        </TextEquiv>
      </TextLine>
      <TextLine id="eSc_line_2975edad" custom="structure {type:default;}">
        <Coords points="905,620 903,651 2861,653 2865,624 2863,587 905,587 905,620"/>
        <Baseline points="905,620 2865,624"/>
        <TextEquiv conf="0.992675526642505">
          <Unicode>Moritur „XIII. Nov.“, Gregorii VIII. epist. d. d. 27. Oct. ap. Watterich II. 685,</Unicode>
        </TextEquiv>
      </TextLine>
      <TextLine id="eSc_line_a23814f2" custom="structure {type:default;}">
        <Coords points="963,675 963,702 2863,700 2865,671 2858,638 961,640 963,675"/>
        <Baseline points="963,675 2865,671"/>
        <TextEquiv conf="0.9923903666436672">
          <Unicode>Annal. Veron. 1187 in MG. SS. XIX. 5, Necrol. S. Mariae tr. Tib. in Neues Archiv</Unicode>
        </TextEquiv>
      </TextLine>
      <TextLine id="eSc_line_c3c00f31" custom="structure {type:default;}">
        <Coords points="961,730 961,755 2870,755 2870,730 2870,700 1268,686 1265,686 1170,697 1115,686 1113,686 1042,697 996,686 994,686 992,686 989,686 961,697 961,730"/>
        <Baseline points="961,730 2870,730"/>
        <TextEquiv conf="0.9946099762563352">
          <Unicode>XI. 101. „Infra tertium diem post festum Lucae evang., 13. kal. Octobr. (leg. No-</Unicode>
        </TextEquiv>
      </TextLine>
      <TextLine id="eSc_line_2f70c399" custom="structure {type:default;}">
        <Coords points="961,781 958,803 1111,819 1113,819 1193,808 1208,819 1210,819 1212,819 1438,821 1440,823 1562,823 1562,821 1564,821 1566,821 1579,810 1601,821 1604,821 1606,823 2863,823 2865,790 2863,759 2388,746 2386,746 961,748 961,781"/>
        <Baseline points="961,781 2865,790"/>
        <TextEquiv conf="0.9935256057772143">
          <Unicode>vembr.)“, Gesta Henrici II., olim Benedicto Petroburg. tributa, 1187 ed. Stubbs II. 14,</Unicode>
        </TextEquiv>
      </TextLine>
      <TextLine id="eSc_line_163ce51d" custom="structure {type:default;}">
        <Coords points="961,845 961,870 2863,870 2865,839 2858,806 958,810 961,845"/>
        <Baseline points="961,845 2865,839"/>
        <TextEquiv conf="0.99986634136718">
          <Unicode>„Die 12 exeunte mense Octubris“, tabula ap. Bellini Delle monete di Ferrara p. 6.</Unicode>
        </TextEquiv>
      </TextLine>
      <TextLine id="eSc_line_6ad77454" custom="structure {type:default;}">
        <Coords points="956,898 956,918 2863,923 2867,894 2863,861 1020,852 1018,852 954,863 956,898"/>
        <Baseline points="956,898 2867,894"/>
        <TextEquiv conf="0.9898841322204213">
          <Unicode>(„XIIII. kal. Novemb.“, Gervasii chron. 1187 ap. Twysden H. A. Scr. I. 1510, Opp.</Unicode>
        </TextEquiv>
      </TextLine>
      <TextLine id="eSc_line_aa4b6d11" custom="structure {type:default;}">
        <Coords points="956,947 954,965 989,978 992,978 994,978 1345,969 1396,969 1414,969 1504,980 1506,980 1509,980 1531,971 1539,969 1559,971 1623,982 1626,982 1937,976 2160,971 2383,971 2406,980 2417,984 2419,984 2421,984 2520,982 2779,973 2861,984 2865,954 2863,923 956,916 956,947"/>
        <Baseline points="956,947 2865,954"/>
        <TextEquiv conf="0.9953029468655586">
          <Unicode>hist. ed. Stubbs I. 388, Schiavinae Ann. Alexandr. 1187 in Hist. Patr. Mon. Scr.</Unicode>
        </TextEquiv>
      </TextLine>
      <TextLine id="eSc_line_ef5cf78b" custom="structure {type:default;}">
        <Coords points="961,1002 958,1024 2858,1035 2863,1009 2861,973 961,969 961,1002"/>
        <Baseline points="961,1002 2863,1009"/>
        <TextEquiv conf="0.9920032733603369">
          <Unicode>IV. 66. Etiam in Annal. Placent. 1186, MG. SS. XVIII. 416, pro „XIII. kal. Nov.</Unicode>
        </TextEquiv>
      </TextLine>
      <TextLine id="eSc_line_b9ae0d09" custom="structure {type:default;}">
        <Coords points="954,1060 954,1086 2867,1084 2867,1060 2867,1026 954,1020 954,1060"/>
        <Baseline points="954,1060 2867,1060"/>
        <TextEquiv conf="0.9963779822985331">
          <Unicode>die lunae“ legendum esse „XIIII. kal. Nov.“ apparet ex eo, quod in secundam</Unicode>
        </TextEquiv>
      </TextLine>
      <TextLine id="eSc_line_8c5549ab" custom="structure {type:default;}">
        <Coords points="954,1117 954,1139 1239,1152 1241,1152 1407,1141 1442,1139 1449,1141 1484,1152 1486,1152 1489,1152 1491,1152 1535,1141 1544,1139 1551,1141 1597,1157 1599,1157 1601,1157 1676,1141 1690,1139 1705,1141 1791,1154 1794,1154 1866,1141 1882,1139 1884,1141 1900,1152 1902,1152 1904,1152 1906,1152 1908,1152 1946,1141 1950,1141 1955,1141 2006,1150 2008,1150 2010,1150 2034,1141 2050,1137 2092,1141 2202,1154 2204,1154 2308,1141 2319,1139 2439,1139 2445,1141 2463,1154 2465,1154 2467,1154 2470,1154 2861,1141 2863,1113 2858,1084 2642,1084 2640,1082 2624,1071 2622,1071 2620,1071 2618,1071 2569,1082 2565,1082 2545,1082 2370,1071 2368,1071 2366,1071 2344,1079 2339,1084 2032,1084 2026,1079 2006,1071 2003,1071 2001,1071 1944,1079 1902,1086 1767,1086 1756,1077 1749,1073 1747,1073 1745,1073 1743,1073 1741,1073 1721,1077 1692,1084 1630,1077 1586,1073 1584,1073 1581,1073 1570,1077 1551,1084 1493,1077 1462,1073 1460,1073 1420,1075 1336,1084 952,1075 954,1117"/>
        <Baseline points="954,1117 2863,1113"/>
        <TextEquiv conf="0.9967332004114638">
          <Unicode>feriam incidit d. 19. Oct. Epist. Honorii prioris Cant. ap. Stubbs Chronicles II. 106:</Unicode>
        </TextEquiv>
      </TextLine>
      <TextLine id="eSc_line_3d6bd32e" custom="structure {type:default;}">
        <Coords points="956,1172 956,1203 2072,1205 2074,1168 2070,1139 1513,1128 1511,1128 1509,1128 1486,1139 989,1130 987,1130 985,1130 954,1141 956,1172"/>
        <Baseline points="956,1172 2074,1168"/>
        <TextEquiv conf="0.9932672725274012">
          <Unicode>„in crastino festivitatis b. Lucae“ i. e. 19. Oct.).</Unicode>
        </TextEquiv>
      </TextLine>
      <TextLine id="eSc_line_d539d6e8" custom="structure {type:default;}">
        <Coords points="1637,1393 1637,1417 1791,1422 1794,1391 1787,1351 1634,1355 1637,1393"/>
        <Baseline points="1637,1393 1794,1391"/>
        <TextEquiv conf="0.9985490441322327">
          <Unicode>„—</Unicode>
        </TextEquiv>
      </TextLine>
      <TextLine id="eSc_line_d9c7558e" custom="structure {type:default;}">
        <Coords points="1871,1393 1871,1419 1942,1419 1942,1389 1935,1353 1866,1353 1871,1393"/>
        <Baseline points="1871,1393 1942,1389"/>
        <TextEquiv conf="1.0">
          <Unicode>—</Unicode>
        </TextEquiv>
      </TextLine>
      <TextLine id="eSc_line_aeba08cc" custom="structure {type:default;}">
        <Coords points="1416,1649 1416,1689 2319,1682 2319,1649 2319,1583 2107,1563 2105,1563 2103,1563 2050,1581 2030,1563 2028,1563 2026,1563 2023,1563 1919,1578 1891,1563 1889,1563 1886,1563 1756,1574 1732,1565 1729,1565 1727,1565 1725,1565 1696,1578 1639,1563 1637,1563 1634,1563 1570,1574 1526,1563 1524,1563 1522,1563 1416,1581 1416,1649"/>
        <Baseline points="1416,1649 2319,1649"/>
        <TextEquiv conf="0.9990351313636416">
          <Unicode>CREGORIUS VIII. 1187.</Unicode>
        </TextEquiv>
      </TextLine>
      <TextLine id="eSc_line_8c2d4ca0" custom="structure {type:default;}">
        <Coords points="954,1737 952,1757 1034,1775 1036,1775 1148,1762 1376,1762 1394,1775 1396,1775 1398,1775 1400,1775 1460,1764 2163,1764 2299,1779 2302,1782 2651,1782 2651,1779 2653,1779 2680,1768 2821,1779 2823,1779 2825,1779 2861,1764 2863,1744 2863,1693 2666,1693 2664,1693 2662,1693 2660,1693 2635,1709 2554,1702 2551,1702 2549,1702 2520,1715 2163,1713 2129,1698 2121,1693 2118,1693 2116,1693 2094,1698 2023,1713 1992,1700 1990,1700 1988,1700 1871,1713 1723,1713 1705,1700 1703,1700 1701,1700 1699,1700 1692,1700 1646,1711 1599,1700 1590,1700 1588,1700 1551,1702 1380,1711 1360,1702 1354,1700 1352,1700 1349,1700 954,1704 954,1737"/>
        <Baseline points="954,1737 2863,1744"/>
        <TextEquiv conf="0.9769038993120194">
          <Unicode>Cregorius VI1I. cuivis epistolae indietienem subiecit. In bullis eius habes hane aententiam: „Dirig-</Unicode>
        </TextEquiv>
      </TextLine>
      <TextLine id="eSc_line_b4afb960" custom="structure {type:default;}">
        <Coords points="877,1788 877,1808 1482,1808 1484,1808 1495,1819 1497,1819 1500,1819 1502,1821 1588,1821 1588,1819 1639,1808 1652,1806 1676,1808 1760,1817 1763,1817 2315,1806 2317,1784 2311,1755 874,1757 877,1788"/>
        <Baseline points="877,1788 2317,1784"/>
        <TextEquiv conf="0.9979281031033572">
          <Unicode>me domine in veritate tua“ (16025, 16029, 16030, 16052, 16053 cet.).</Unicode>
        </TextEquiv>
      </TextLine>
      <TextLine id="eSc_line_99cbe1da" custom="structure {type:default;}">
        <Coords points="958,1841 958,1866 1378,1861 1380,1837 1374,1810 956,1813 958,1841"/>
        <Baseline points="958,1841 1380,1837"/>
        <TextEquiv conf="0.9999996369535272">
          <Unicode>Testes subscripserunt:</Unicode>
        </TextEquiv>
      </TextLine>
      <TextLine id="eSc_line_acb0bdbf" custom="structure {type:default;}">
        <Coords points="910,1896 910,1910 936,1925 938,1925 941,1925 943,1925 985,1914 1166,1925 1168,1925 1170,1925 1206,1910 1219,1903 1692,1903 1705,1912 1723,1925 1725,1925 1727,1925 1729,1925 1913,1921 1915,1921 1917,1921 1931,1912 1950,1901 2101,1901 2121,1912 2132,1921 2134,1921 2136,1921 2185,1923 2187,1923 2686,1914 2688,1892 2682,1859 908,1868 910,1896"/>
        <Baseline points="910,1896 2688,1892"/>
        <TextEquiv conf="0.9926704016598789">
          <Unicode>cp. Albanensis „ Henricus — a 31. Oct. ad 1I. Nov. 1187</Unicode>
        </TextEquiv>
      </TextLine>
      <TextLine id="eSc_line_3bc4d54d" custom="structure {type:default;}">
        <Coords points="930,1943 930,1954 1087,1974 1089,1974 1091,1974 1148,1956 1155,1954 1164,1956 1224,1976 1226,1976 1228,1978 1411,1978 1411,1976 1414,1976 1416,1976 1440,1958 1447,1952 1517,1952 1707,1952 1749,1958 1824,1974 1827,1976 1990,1976 1990,1974 1992,1974 1995,1974 2014,1961 2032,1949 2098,1949 2121,1961 2136,1972 2138,1972 2140,1972 2143,1972 2227,1961 2240,1961 2255,1963 2326,1972 2328,1972 2379,1963 2394,1961 2421,1963 2509,1972 2512,1972 2684,1963 2686,1936 2680,1910 927,1914 930,1943"/>
        <Baseline points="930,1943 2686,1936"/>
        <TextEquiv conf="0.9856065836217668">
          <Unicode>„ Ostiensis et Velletrensis „. , , . . . . „. Theobaldus . „ „ a 31. Oct. ad 11. Dec. 118?</Unicode>
        </TextEquiv>
      </TextLine>
      <TextLine id="eSc_line_ee392b12" custom="structure {type:default;}">
        <Coords points="930,1987 930,1996 974,1996 978,1998 1007,2020 1009,2020 1011,2020 1014,2020 1016,2020 1058,2007 1078,2022 1080,2022 1082,2022 1084,2022 1168,2011 1210,2022 1212,2022 1215,2022 1217,2022 1288,2005 1402,2011 1405,2011 1407,2011 1409,2011 1420,2002 1429,1996 1460,2002 1500,2011 1502,2011 1504,2011 1506,2011 1515,2005 1528,1994 1699,1994 1716,2007 1741,2025 1743,2025 1745,2025 1747,2027 1844,2027 1844,2025 1847,2025 1849,2025 1873,2007 1897,1991 2098,1991 2132,2011 2149,2022 2151,2022 2154,2022 2156,2022 2684,2016 2686,1980 2680,1954 927,1958 930,1987"/>
        <Baseline points="930,1987 2686,1980"/>
        <TextEquiv conf="0.9533427977248242">
          <Unicode>„ Praenestinus „ . . . . . „ . „ „ „„ „ Paulus „ a 31. Oct. ad 11. Dec. 1187</Unicode>
        </TextEquiv>
      </TextLine>
      <TextLine id="eSc_line_d5d017c0" custom="structure {type:default;}">
        <Coords points="912,2031 912,2058 1376,2047 1394,2064 1398,2067 1398,2069 1400,2069 1402,2069 1420,2069 1442,2069 1464,2069 1473,2069 1475,2069 1478,2069 1482,2064 1491,2058 1500,2064 1502,2067 1502,2069 1504,2069 1506,2069 1509,2069 1707,2067 1707,2027 1701,2002 910,2002 912,2031"/>
        <Baseline points="912,2031 1707,2027"/>
        <TextEquiv conf="0.9854959704374012">
          <Unicode>pr. card. S. Mariae traus Tiberim tit.</Unicode>
        </TextEquiv>
      </TextLine>
      <TextLine id="eSc_line_db2bf866" custom="structure {type:default;}">
        <Coords points="1226,2071 1226,2084 1243,2097 1246,2097 1248,2097 1250,2100 1356,2100 1356,2097 1358,2097 1360,2097 1383,2082 1385,2082 1703,2082 1710,2086 1727,2102 1729,2102 1732,2102 1734,2104 1922,2104 1922,2102 1924,2102 1948,2089 1964,2082 2107,2082 2121,2091 2132,2102 2134,2102 2136,2102 2138,2102 2688,2097 2688,2071 2688,2044 1226,2044 1226,2071"/>
        <Baseline points="1226,2071 2688,2071"/>
        <TextEquiv conf="0.9813270141949525">
          <Unicode>Calixti . . . . . . . . . . Laborans . . . . . a 31. Oct. ad 11. Dec. 1187</Unicode>
        </TextEquiv>
      </TextLine>
      <TextLine id="eSc_line_3272a985" custom="structure {type:default;}">
        <Coords points="930,2126 930,2144 1009,2137 1027,2146 1036,2150 1038,2150 1040,2150 1042,2150 1045,2150 1045,2148 1049,2146 1060,2135 1701,2137 1705,2113 1701,2086 1314,2080 1312,2080 927,2097 930,2126"/>
        <Baseline points="930,2126 1705,2113"/>
        <TextEquiv conf="0.9917414696777568">
          <Unicode>„ „ SS. Iohannis et Pauli tit. Pa-</Unicode>
        </TextEquiv>
      </TextLine>
      <TextLine id="eSc_line_f2b067b2" custom="structure {type:default;}">
        <Coords points="934,2210 936,2239 983,2219 1027,2237 1029,2237 1031,2237 1034,2237 1069,2219 1173,2230 1175,2230 1228,2219 1265,2237 1272,2239 1274,2239 1277,2239 1387,2237 1389,2237 1391,2237 1391,2234 1420,2217 1606,2217 1626,2230 1628,2230 1630,2230 1632,2230 1705,2217 1741,2232 1749,2237 1752,2237 1754,2237 1935,2234 1937,2234 1939,2234 1944,2230 1966,2214 2105,2214 2125,2230 2132,2234 2134,2234 2136,2234 2138,2234 2182,2228 2238,2221 2258,2228 2269,2232 2271,2232 2273,2232 2680,2223 2682,2201 2675,2170 932,2179 934,2210"/>
        <Baseline points="934,2210 2682,2201"/>
        <TextEquiv conf="0.9660398984092405">
          <Unicode>„ „ tit. S. Marcelli „ , .  .. . . . . Adelardus „. . „ . . a 31. Oct. ad 11. Nov. 1187</Unicode>
        </TextEquiv>
      </TextLine>
      <TextLine id="eSc_line_be542ad2" custom="structure {type:default;}">
        <Coords points="1228,2159 1228,2168 1259,2188 1261,2188 1263,2188 1265,2190 1352,2190 1352,2188 1354,2188 1356,2188 1383,2168 1387,2166 1699,2166 1707,2170 1729,2190 1732,2190 1734,2190 1736,2192 1853,2192 1853,2190 1855,2190 1858,2190 1877,2173 1886,2164 1968,2164 2105,2164 2121,2177 2132,2186 2132,2188 2134,2188 2136,2188 2138,2188 2686,2181 2686,2155 2680,2126 1226,2126 1228,2159"/>
        <Baseline points="1228,2159 2686,2155"/>
        <TextEquiv conf="0.9818275773778875">
          <Unicode>machii .  „ Melior  a 31. Oct. ad 11. Dec. 1187</Unicode>
        </TextEquiv>
      </TextLine>
      <TextLine id="eSc_line_3f8df85a" custom="structure {type:default;}">
        <Coords points="943,2252 945,2276 978,2261 1080,2261 1109,2276 1120,2281 1122,2281 1124,2281 1126,2281 1129,2281 1135,2276 1153,2265 1186,2274 1188,2274 1190,2274 1193,2274 1226,2261 1250,2276 1257,2281 1259,2281 1261,2281 1263,2283 1352,2283 1352,2281 1354,2281 1374,2274 1425,2259 1520,2259 1860,2274 1990,2279 1992,2281 2059,2281 2059,2279 2061,2279 2063,2279 2070,2272 2083,2263 2116,2272 2132,2276 2134,2276 2136,2276 2138,2276 2147,2272 2163,2265 2196,2272 2218,2276 2220,2276 2222,2276 2224,2276 2229,2272 2240,2265 2262,2272 2277,2276 2280,2276 2282,2276 2284,2276 2302,2272 2330,2265 2379,2272 2417,2276 2419,2276 2673,2270 2675,2245 2668,2214 941,2219 943,2252"/>
        <Baseline points="943,2252 2675,2245"/>
        <TextEquiv conf="0.9791979856789113">
          <Unicode>„ — „ S. Susannae . . . . . . . . . Petrus de Bono . a 31. Oct. ad 11. Nov. 118;</Unicode>
        </TextEquiv>
      </TextLine>
      <TextLine id="eSc_line_2cb8f318" custom="structure {type:default;}">
        <Coords points="914,2292 914,2307 1182,2318 1184,2318 1186,2318 1208,2309 1212,2307 1226,2309 1301,2320 1303,2323 1566,2323 1566,2320 1568,2320 1570,2320 1584,2309 1588,2307 1710,2307 1714,2309 1725,2318 1727,2318 1729,2318 1732,2320 1935,2320 1935,2318 1937,2318 1939,2318 1950,2309 1957,2305 2112,2305 2121,2309 2132,2318 2134,2318 2136,2318 2138,2318 2680,2309 2682,2287 2677,2261 912,2259 914,2292"/>
        <Baseline points="914,2292 2682,2287"/>
        <TextEquiv conf="0.9806491732597351">
          <Unicode>diac. card. SS. Cosmae et Damiani . . . . Gratianus . . . . . a 31. Oct. ad 11. Dec. 1187</Unicode>
        </TextEquiv>
      </TextLine>
      <TextLine id="eSc_line_5fab718d" custom="structure {type:default;}">
        <Coords points="943,2343 945,2369 983,2356 1053,2367 1056,2367 1058,2367 1089,2356 1312,2365 1314,2365 1316,2365 1349,2354 1628,2365 1634,2365 1637,2365 1643,2365 1986,2349 2675,2358 2680,2332 2673,2305 941,2314 943,2343"/>
        <Baseline points="943,2343 2680,2332"/>
        <TextEquiv conf="0.9854685104923484">
          <Unicode>„ „ S. Georgii ad velum aureum . Radulfus . . . . . . a 31. Oct. ad 11. Dec. 1187</Unicode>
        </TextEquiv>
      </TextLine>
      <TextLine id="eSc_line_ba25bda3" custom="structure {type:default;}">
        <Coords points="936,2389 936,2407 1031,2400 1049,2407 1064,2413 1067,2413 1069,2413 1071,2413 1098,2407 1129,2400 1168,2407 1197,2411 1199,2411 1252,2407 1345,2398 1460,2407 1513,2409 1515,2409 1544,2404 1615,2396 1844,2404 1926,2407 1928,2407 1931,2407 1933,2407 1935,2404 1950,2391 2098,2391 2125,2402 2129,2404 2132,2404 2134,2404 2677,2400 2680,2376 2675,2347 1226,2347 1224,2347 1221,2347 1186,2358 1131,2349 1129,2349 934,2360 936,2389"/>
        <Baseline points="936,2389 2680,2376"/>
        <TextEquiv conf="0.9954365538923364">
          <Unicode>„ „ S. Mariae in Cosmidin . . . . Iacinthus . .. a 31. Oct. ad 1I. Dec. 1187</Unicode>
        </TextEquiv>
      </TextLine>
      <TextLine id="eSc_line_c8e17ccc" custom="structure {type:default;}">
        <Coords points="941,2433 941,2453 1199,2444 1504,2451 1778,2457 1780,2457 1849,2453 1851,2453 1853,2453 1858,2449 1877,2435 2098,2435 2123,2449 2134,2453 2136,2453 2138,2453 2677,2444 2680,2420 2673,2389 1228,2391 938,2404 941,2433"/>
        <Baseline points="941,2433 2680,2420"/>
        <TextEquiv conf="0.983019175299679">
          <Unicode>„ „ S. Nicolai in carcere Tulliano Petrus . . . . . . . a 31. Oct. ad 11. Dec. 1187</Unicode>
        </TextEquiv>
      </TextLine>
      <TextLine id="eSc_line_6f1e68af" custom="structure {type:default;}">
        <Coords points="938,2479 938,2495 1283,2506 1285,2506 1356,2495 1363,2495 1369,2495 1462,2506 1464,2506 1467,2506 1504,2495 1520,2491 1630,2495 1820,2502 1822,2502 1968,2493 2098,2486 2154,2493 2204,2499 2207,2499 2209,2499 2222,2493 2233,2486 2244,2493 2253,2499 2255,2499 2258,2499 2260,2502 2375,2502 2375,2499 2377,2499 2379,2499 2388,2493 2394,2486 2408,2493 2419,2497 2421,2497 2423,2497 2425,2497 2445,2493 2467,2486 2487,2493 2503,2497 2505,2497 2507,2497 2682,2491 2682,2466 2675,2433 1515,2446 1471,2446 1228,2438 1226,2438 936,2451 938,2479"/>
        <Baseline points="938,2479 2682,2466"/>
        <TextEquiv conf="0.9951291244204451">
          <Unicode>„ „ SS. Sergii et Bachi . . . . . . Oetavianus . . . . a 31. Oct. ad 11. Dec. 1187</Unicode>
        </TextEquiv>
      </TextLine>
      <TextLine id="eSc_line_84da209f" custom="structure {type:default;}">
        <Coords points="1036,2524 1036,2544 1506,2546 1509,2524 1506,2493 1036,2493 1036,2524"/>
        <Baseline points="1036,2524 1509,2524"/>
        <TextEquiv conf="0.9999713612639386">
          <Unicode>Datae bullae sunt p. m.</Unicode>
        </TextEquiv>
      </TextLine>
      <TextLine id="eSc_line_266fafe4" custom="structure {type:default;}">
        <Coords points="1062,2579 1062,2627 1201,2627 1201,2625 1204,2625 1206,2625 1228,2610 1345,2623 1372,2625 1374,2627 1573,2627 1573,2625 1575,2625 1588,2621 1617,2610 1694,2619 1745,2625 1747,2625 2682,2608 2684,2574 2680,2535 1873,2535 1871,2535 1869,2535 1866,2535 1858,2544 1851,2546 1681,2544 1075,2537 1073,2537 1071,2537 1069,2537 1060,2544 1062,2579"/>
        <Baseline points="1062,2579 2684,2574"/>
        <TextEquiv conf="0.9883970445897206">
          <Unicode>Moysis Lateranensis canopiri vicem agentis euneellarii a 31. Oet. ad 11. Dec. 1187.</Unicode>
        </TextEquiv>
      </TextLine>
      <TextLine id="eSc_line_62594600" custom="structure {type:default;}">
        <Coords points="868,2689 868,2718 1007,2709 1034,2716 1049,2720 1051,2720 1053,2720 1056,2720 1058,2720 1062,2716 1075,2707 1157,2711 1243,2718 1246,2718 1314,2707 1338,2705 1360,2707 1464,2716 1467,2716 1469,2716 1471,2716 1489,2703 1489,2683 1484,2652 1438,2641 1436,2641 1433,2641 1431,2641 1422,2650 1418,2652 1389,2650 1314,2643 1312,2643 1265,2647 1208,2654 1199,2647 1190,2641 1190,2638 1188,2638 1186,2638 1184,2638 1182,2638 1166,2647 1151,2654 1140,2645 1126,2634 1124,2634 1122,2634 1120,2634 1117,2634 1115,2634 1100,2645 1095,2647 1091,2645 1080,2636 1080,2634 1078,2634 1075,2634 1073,2634 1071,2634 1042,2645 1018,2654 1009,2643 996,2634 996,2632 994,2632 992,2632 989,2632 866,2641 868,2689"/>
        <Baseline points="868,2689 1489,2683"/>
        <TextEquiv conf="0.9840436688175908">
          <Unicode>1187. (Ind. 6, pont. a. 1.)</Unicode>
        </TextEquiv>
      </TextLine>
      <TextLine id="eSc_line_c7238381" custom="structure {type:default;}">
        <Coords points="335,2744 333,2809 550,2809 552,2749 552,2714 463,2698 461,2698 335,2707 335,2744"/>
        <Baseline points="335,2744 552,2749"/>
        <TextEquiv conf="0.9829244539141655">
          <Unicode>Oct. 21.</Unicode>
        </TextEquiv>
      </TextLine>
      <TextLine id="eSc_line_02a8d272" custom="structure {type:default;}">
        <Coords points="598,2756 596,2795 609,2804 612,2804 614,2804 616,2806 830,2806 832,2760 832,2718 598,2718 598,2756"/>
        <Baseline points="598,2756 832,2760"/>
        <TextEquiv conf="0.9999824232525296">
          <Unicode>Ferrariae</Unicode>
        </TextEquiv>
      </TextLine>
      <TextLine id="eSc_line_8996d716" custom="structure {type:default;}">
        <Coords points="892,2760 892,2797 1120,2786 1414,2795 1473,2795 1475,2795 2852,2782 2854,2753 2847,2716 890,2716 892,2760"/>
        <Baseline points="892,2760 2854,2753"/>
        <TextEquiv conf="0.9907468519633329">
          <Unicode>Eligitur. Vide infra ep. 16014. Annal. Veronenses 1187 in MG. SS. XIX. 5: „alio</Unicode>
        </TextEquiv>
      </TextLine>
      <TextLine id="eSc_line_6644f5e9" custom="structure {type:default;}">
        <Coords points="947,2815 947,2839 2854,2835 2854,2811 2850,2778 945,2778 947,2815"/>
        <Baseline points="947,2815 2854,2811"/>
        <TextEquiv conf="0.9940954315953139">
          <Unicode>die“ (post Urbani obitum). Chronic. de Mailros 1187 ap. Fell R. Angl. Scr. p. 177,</Unicode>
        </TextEquiv>
      </TextLine>
      <TextLine id="eSc_line_d1342712" custom="structure {type:default;}">
        <Coords points="945,2870 945,2892 1303,2906 1305,2906 1307,2906 1310,2906 1332,2892 1336,2892 1535,2903 1537,2903 1539,2903 1579,2890 1584,2890 1586,2890 1632,2903 1634,2903 1637,2903 1639,2903 1670,2890 1672,2890 1844,2890 1893,2903 1895,2903 1897,2903 1979,2890 2286,2901 2288,2901 2291,2901 2337,2888 2359,2899 2361,2899 2364,2899 2463,2886 2474,2886 2481,2886 2525,2899 2527,2899 2529,2899 2531,2899 2534,2899 2556,2886 2558,2886 2850,2886 2852,2862 2847,2835 987,2831 985,2831 983,2831 943,2842 945,2870"/>
        <Baseline points="945,2870 2852,2862"/>
        <TextEquiv conf="0.9954195043870381">
          <Unicode>ed. Stevenson p. 96: „XII. kal. Nov.“. Epist. Honorii prioris Cant. ap. Stubbs Chro-</Unicode>
        </TextEquiv>
      </TextLine>
      <TextLine id="eSc_line_a938504d" custom="structure {type:default;}">
        <Coords points="947,2928 947,2950 1486,2961 1489,2961 2850,2948 2852,2921 2845,2884 1299,2895 1292,2895 983,2886 980,2886 978,2886 945,2897 947,2928"/>
        <Baseline points="947,2928 2852,2921"/>
        <TextEquiv conf="0.9911435710829358">
          <Unicode>nicles II. 106: „Feria quarta post festivitatem b. Lucae“. Sicardi chron. ap. Muratori</Unicode>
        </TextEquiv>
      </TextLine>
      <TextLine id="eSc_line_a302d480" custom="structure {type:default;}">
        <Coords points="945,2981 945,3009 2845,3009 2847,2976 2843,2943 943,2943 945,2981"/>
        <Baseline points="945,2981 2847,2976"/>
        <TextEquiv conf="0.9967073731952243">
          <Unicode>R. It. Scr. VII. 605: „apud Ferrariam“. (Annal. Cavens. 1187 in MG. SS. III. 193,</Unicode>
        </TextEquiv>
      </TextLine>
      <TextLine id="eSc_line_9c47ba5c" custom="structure {type:default;}">
        <Coords points="945,3034 945,3056 2843,3065 2847,3034 2843,2998 945,2998 945,3034"/>
        <Baseline points="945,3034 2847,3034"/>
        <TextEquiv conf="0.9950822375714778">
          <Unicode>et Gesta Henrici II., olim Benedicto Petroburg. tributa, 1187 ed. Stubbs II. 14-</Unicode>
        </TextEquiv>
      </TextLine>
      <TextLine id="eSc_line_17716f23" custom="structure {type:default;}">
        <Coords points="371,3140 371,3202 428,3202 428,3199 430,3199 466,3180 494,3164 550,3162 550,3133 547,3080 483,3060 481,3060 479,3060 368,3085 371,3140"/>
        <Baseline points="371,3140 550,3133"/>
        <TextEquiv conf="0.9671143174171448">
          <Unicode>„ 24.</Unicode>
        </TextEquiv>
      </TextLine>
      <TextLine id="eSc_line_53950ca9" custom="structure {type:default;}">
        <Coords points="945,3089 945,3111 1683,3113 1687,3085 1683,3058 976,3049 974,3049 972,3049 943,3060 945,3089"/>
        <Baseline points="945,3089 1687,3085"/>
        <TextEquiv conf="0.9990216782598784">
          <Unicode>„XI. kal. Octobr.“ corr. „Nov.“).</Unicode>
        </TextEquiv>
      </TextLine>
      <TextLine id="eSc_line_15f9b433" custom="structure {type:default;}">
        <Coords points="669,3144 665,3215 760,3230 766,3149 766,3113 726,3102 724,3102 722,3102 669,3109 669,3144"/>
        <Baseline points="669,3144 766,3149"/>
        <TextEquiv conf="0.9955048362414042">
          <Unicode>(„)</Unicode>
        </TextEquiv>
      </TextLine>
      <TextLine id="eSc_line_10b6b9df" custom="structure {type:default;}">
        <Coords points="892,3142 892,3168 2850,3166 2850,3138 2843,3107 890,3109 892,3142"/>
        <Baseline points="892,3142 2850,3138"/>
        <TextEquiv conf="0.9999434128403664">
          <Unicode>16013 Universis Christi fidelibus significat, „per dissensionem Christianorum excercitum</Unicode>
        </TextEquiv>
      </TextLine>
      <TextLine id="eSc_line_9594dbbe" custom="structure {type:default;}">
        <Coords points="943,3197 943,3224 2845,3219 2847,3188 2841,3160 941,3160 943,3197"/>
        <Baseline points="943,3197 2847,3188"/>
        <TextEquiv conf="0.98811315648696">
          <Unicode>esse concisum, crucem domini captam, templarios, hospitalarios atque episcopos truci-</Unicode>
        </TextEquiv>
      </TextLine>
      <TextLine id="eSc_line_629020dd" custom="structure {type:default;}">
        <Coords points="945,3252 945,3277 2845,3277 2847,3244 2841,3217 943,3224 945,3252"/>
        <Baseline points="945,3252 2847,3244"/>
        <TextEquiv conf="0.9941001373987931">
          <Unicode>datos, urbem regiam cum ipso rege in potestatem hostium concessisse“. Hortatur</Unicode>
        </TextEquiv>
      </TextLine>
      <TextLine id="eSc_line_e57fa54b" custom="structure {type:default;}">
        <Coords points="945,3308 945,3336 2845,3332 2847,3303 2841,3277 943,3279 945,3308"/>
        <Baseline points="945,3308 2847,3303"/>
        <TextEquiv conf="0.997072519274319">
          <Unicode>ut ad ecclesiam liberandam crucem assumant; monet „ne eant in vestibus pretiosis, cum</Unicode>
        </TextEquiv>
      </TextLine>
      <TextLine id="eSc_line_2cbada0a" custom="structure {type:default;}">
        <Coords points="945,3361 945,3394 2845,3394 2847,3356 2843,3325 943,3325 945,3361"/>
        <Baseline points="945,3361 2847,3356"/>
        <TextEquiv conf="0.9942526654763655">
          <Unicode>canibus atque avibus aut aliis, quae ostentationi potius aut lasciviae, quam necessariis</Unicode>
        </TextEquiv>
      </TextLine>
      <TextLine id="eSc_line_60ee64f1" custom="structure {type:default;}">
        <Coords points="945,3414 945,3442 2843,3442 2845,3407 2839,3376 943,3383 945,3414"/>
        <Baseline points="945,3414 2845,3407"/>
        <TextEquiv conf="0.9912765277437416">
          <Unicode>videantur usibus inservire, sed modesto apparatu et habitu, in quo poenitentiam po-</Unicode>
        </TextEquiv>
      </TextLine>
      <TextLine id="eSc_line_3bc65c09" custom="structure {type:default;}">
        <Coords points="945,3469 945,3524 1692,3517 1729,3520 1889,3528 1891,3528 1893,3528 1917,3517 1924,3517 2030,3526 2032,3526 2218,3515 2229,3515 2235,3515 2425,3526 2428,3526 2538,3513 2554,3511 2567,3513 2664,3526 2666,3526 2668,3526 2697,3511 2699,3511 2843,3511 2845,3464 2839,3436 943,3438 945,3469"/>
        <Baseline points="945,3469 2845,3464"/>
        <TextEquiv conf="0.9931219627217549">
          <Unicode>tius agere quam inanem affectare gloriam videantur“. (Data epistola s Gregorio est</Unicode>
        </TextEquiv>
      </TextLine>
    </TextRegion>
    <TextRegion id="eSc_textblock_0e22a836"  custom="structure {type:default;}">
      <Coords points="1539,114 1975,123 2008,200 1984,227 1208,218 1235,123 1539,114"/>
      <TextLine id="eSc_line_ad747619" custom="structure {type:default;}">
        <Coords points="1232,192 1232,214 1575,225 1577,225 1652,220 1818,212 1836,225 1838,225 1840,225 1842,227 1972,227 1975,187 1970,139 1769,139 1765,136 1692,121 1690,121 1617,136 1599,139 1584,134 1539,123 1537,123 1535,123 1230,132 1232,192"/>
        <Baseline points="1232,192 1975,187"/>
        <TextEquiv conf="0.9999250826381502">
          <Unicode>GREGORIUS VIII. 1187.</Unicode>
        </TextEquiv>
      </TextLine>
    </TextRegion>
  </Page>
</PcGts>
