<?xml version="1.0" encoding="UTF-8"  standalone="yes"?>
<PcGts xmlns="http://schema.primaresearch.org/PAGE/gts/pagecontent/2019-07-15" xmlns:xsi="http://www.w3.org/2001/XMLSchema-instance" xsi:schemaLocation="http://schema.primaresearch.org/PAGE/gts/pagecontent/2019-07-15 http://schema.primaresearch.org/PAGE/gts/pagecontent/2019-07-15/pagecontent.xsd">
  <Metadata externalRef="pdf//regestapontificu02cath.pdf">
	<Creator>escriptorium</Creator>
	<Created>2026-01-31T10:42:17.549726+00:00</Created>
        <LastChange>2026-02-04T22:06:29.929365+00:00</LastChange>
  </Metadata>
  <Page imageFilename="regestapontificu02cath.pdf_page_559.png" imageWidth="3007" imageHeight="3975">
    <TextRegion id="eSc_textblock_f0914d73"  custom="structure {type:default;}">
      <Coords points="631,309 2653,309 2635,3539 2381,3548 2361,3566 2388,3575 2258,3592 2017,3539 636,3548 607,3504 362,3531 335,3513 333,3380 298,3531 88,3513 61,3054 61,415 132,326 307,335 333,733 344,318 581,318 607,344 631,309"/>
      <TextLine id="eSc_line_5c50378b" custom="structure {type:default;}">
        <Coords points="629,309 625,311 605,340 607,368 607,404 963,395 1014,401 1053,406 1056,406 1135,399 1193,395 1274,397 1455,404 1458,404 1460,404 1462,404 1462,401 1471,395 1473,393 1533,393 1862,401 1864,401 1866,401 1869,401 1889,388 1889,359 1884,311 647,309 629,309"/>
        <Baseline points="607,368 1889,359"/>
        <TextEquiv conf="0.9773590018351873">
          <Unicode>1188. (Imt. 6. — 25. Sept. — 7, pont. a. 1. — 20. Der. — 2.)</Unicode>
        </TextEquiv>
      </TextLine>
      <TextLine id="eSc_line_e4108506" custom="structure {type:default;}">
        <Coords points="642,430 642,454 2604,461 2609,426 2604,395 1639,384 1637,384 1562,395 777,386 775,386 640,397 642,430"/>
        <Baseline points="642,430 2609,426"/>
        <TextEquiv conf="0.9958080099179194">
          <Unicode>16258 (10080) Ecclesiam Brandenburgensem tuendam suscipit et eius bona ac iura</Unicode>
        </TextEquiv>
      </TextLine>
      <TextLine id="eSc_line_3ff59e7e" custom="structure {type:default;}">
        <Coords points="355,432 355,483 567,485 570,428 563,377 430,379 351,364 355,432"/>
        <Baseline points="355,432 570,428"/>
        <TextEquiv conf="0.9993525743484497">
          <Unicode>Laterani</Unicode>
        </TextEquiv>
      </TextLine>
      <TextLine id="eSc_line_4442247d" custom="structure {type:default;}">
        <Coords points="90,437 90,465 298,479 300,432 293,386 181,393 88,377 90,437"/>
        <Baseline points="90,437 300,432"/>
        <TextEquiv conf="0.9998798796108791">
          <Unicode>Mai 29.</Unicode>
        </TextEquiv>
      </TextLine>
      <TextLine id="eSc_line_fb4d0767" custom="structure {type:default;}">
        <Coords points="691,488 691,514 2602,510 2604,477 2598,446 689,448 691,488"/>
        <Baseline points="691,488 2604,477"/>
        <TextEquiv conf="0.9993976120437894">
          <Unicode>confirmat, rogante Balderamo episcopo. Riedel Cod. dipl. Br. I. vIII. 119, Migne 204</Unicode>
        </TextEquiv>
      </TextLine>
      <TextLine id="eSc_line_955d721f" custom="structure {type:default;}">
        <Coords points="689,545 689,565 2251,560 2253,538 2249,505 779,503 777,503 687,514 689,545"/>
        <Baseline points="689,545 2253,538"/>
        <TextEquiv conf="0.9921393236693214">
          <Unicode>p. 1348, (Gercken Stiftshist. v. Br. p. 385). — „In eminenti sedis“.</Unicode>
        </TextEquiv>
      </TextLine>
      <TextLine id="eSc_line_8949a254" custom="structure {type:default;}">
        <Coords points="645,598 645,627 2609,618 2611,589 2604,560 642,563 645,598"/>
        <Baseline points="645,598 2611,589"/>
        <TextEquiv conf="0.9926158196624668">
          <Unicode>16259 (10081) Capituli Brandenburgensis tutelam suscipit, possessionesqne et privilegia</Unicode>
        </TextEquiv>
      </TextLine>
      <TextLine id="eSc_line_68f5de66" custom="structure {type:default;}">
        <Coords points="125,602 125,631 302,631 302,596 300,556 240,538 238,538 236,538 234,538 178,560 174,563 123,563 125,602"/>
        <Baseline points="125,602 302,596"/>
        <TextEquiv conf="0.9983709454536438">
          <Unicode>„ 29.</Unicode>
        </TextEquiv>
      </TextLine>
      <TextLine id="eSc_line_8bc0133b" custom="structure {type:default;}">
        <Coords points="428,609 426,631 514,629 517,613 517,558 428,558 428,609"/>
        <Baseline points="428,609 517,613"/>
        <TextEquiv conf="1.0">
          <Unicode>„</Unicode>
        </TextEquiv>
      </TextLine>
      <TextLine id="eSc_line_2b52cd8d" custom="structure {type:default;}">
        <Coords points="695,651 695,677 2607,669 2609,644 2602,616 693,616 695,651"/>
        <Baseline points="695,651 2609,644"/>
        <TextEquiv conf="0.9998444967632052">
          <Unicode>confirmat, petente Henrico praeposito. (Initium bullae ab editore omissum est).</Unicode>
        </TextEquiv>
      </TextLine>
      <TextLine id="eSc_line_b74b4aa0" custom="structure {type:default;}">
        <Coords points="695,706 695,728 832,735 835,735 837,735 839,735 848,728 857,722 868,728 879,737 881,737 883,737 885,737 956,728 978,726 994,728 1058,739 1060,739 1062,739 1089,728 1093,726 1100,728 1142,739 1144,739 1146,739 1239,726 1250,726 1259,726 1330,739 1332,739 1334,739 1336,739 1356,726 1360,724 1378,726 1442,737 1444,739 1811,739 1811,737 1813,737 1840,726 1942,737 1944,737 2032,724 2074,717 2293,717 2302,722 2319,735 2322,735 2324,735 2326,735 2607,719 2609,700 2604,671 693,666 695,706"/>
        <Baseline points="695,706 2609,700"/>
        <TextEquiv conf="0.9918573013058415">
          <Unicode>Riedel Cod. dipl. Br. I. vIII. 117, Migne 204 p. 1349. — „ . . . . dilecti in do-</Unicode>
        </TextEquiv>
      </TextLine>
      <TextLine id="eSc_line_f08dd419" custom="structure {type:default;}">
        <Coords points="693,764 693,772 764,797 766,797 768,797 771,797 859,768 859,759 852,726 691,728 693,764"/>
        <Baseline points="693,764 859,759"/>
        <TextEquiv conf="0.9253845512866974">
          <Unicode>mino“.</Unicode>
        </TextEquiv>
      </TextLine>
      <TextLine id="eSc_line_c9e9189d" custom="structure {type:default;}">
        <Coords points="645,819 645,859 740,845 1570,848 2171,850 2174,850 2222,841 2242,836 2273,839 2368,850 2370,850 2496,836 2505,836 2507,836 2538,850 2540,850 2543,850 2609,834 2611,810 2604,777 642,777 645,819"/>
        <Baseline points="645,819 2611,810"/>
        <TextEquiv conf="0.9993619426738384">
          <Unicode>16260 (10082) Ecclesiae S. Nicolai Stendalensis protectionem suscipit, bonaque et pri-</Unicode>
        </TextEquiv>
      </TextLine>
      <TextLine id="eSc_line_8b773dca" custom="structure {type:default;}">
        <Coords points="125,821 125,845 302,845 304,817 300,757 123,757 125,821"/>
        <Baseline points="125,821 304,817"/>
        <TextEquiv conf="0.9997906923294068">
          <Unicode>„ 29.</Unicode>
        </TextEquiv>
      </TextLine>
      <TextLine id="eSc_line_0d7e4e26" custom="structure {type:default;}">
        <Coords points="426,832 426,845 523,839 523,832 523,766 426,757 426,832"/>
        <Baseline points="426,832 523,832"/>
        <TextEquiv conf="1.0">
          <Unicode>„</Unicode>
        </TextEquiv>
      </TextLine>
      <TextLine id="eSc_line_44e29510" custom="structure {type:default;}">
        <Coords points="698,872 698,896 2604,896 2607,867 2602,834 695,832 698,872"/>
        <Baseline points="698,872 2607,867"/>
        <TextEquiv conf="0.999397458853545">
          <Unicode>vilegia confirmat ea lege, ut auri uncia quotannis ecclesiae Romanae persolvatur.</Unicode>
        </TextEquiv>
      </TextLine>
      <TextLine id="eSc_line_1d8ee2d8" custom="structure {type:default;}">
        <Coords points="695,927 695,951 2607,945 2609,923 2604,892 693,892 695,927"/>
        <Baseline points="695,927 2609,923"/>
        <TextEquiv conf="0.994217352896202">
          <Unicode>Lenz Marg-gräfl. Br. Urk. p. 8, Riedel Cod. dipl. Br. I. v. 22, Migne 204 p. 1351.</Unicode>
        </TextEquiv>
      </TextLine>
      <TextLine id="eSc_line_620bf778" custom="structure {type:default;}">
        <Coords points="695,978 693,998 784,1013 786,1015 989,1015 989,1013 992,1013 994,1013 994,1011 1005,1002 1162,1013 1164,1013 1166,1013 1195,1002 1204,1011 1204,1013 1206,1013 1208,1013 1301,1015 1303,1015 1358,1004 1414,1015 1416,1015 1831,1004 1871,1015 1873,1015 1875,1015 1877,1015 1906,1002 1908,982 1906,951 695,947 695,978"/>
        <Baseline points="695,978 1908,982"/>
        <TextEquiv conf="0.9944746654767257">
          <Unicode>— „Quotiens a nobis petitur“ („Ea propter dilecti“).</Unicode>
        </TextEquiv>
      </TextLine>
      <TextLine id="eSc_line_2e9e2ca2" custom="structure {type:default;}">
        <Coords points="649,1035 649,1062 2607,1057 2609,1031 2604,1000 647,995 649,1035"/>
        <Baseline points="649,1035 2609,1031"/>
        <TextEquiv conf="0.9901196728931384">
          <Unicode>16261 *Parthenonis S. Mariae Liguriensis protectionem suscipit, privilegiaque constituit.</Unicode>
        </TextEquiv>
      </TextLine>
      <TextLine id="eSc_line_f00a0457" custom="structure {type:default;}">
        <Coords points="125,1040 125,1066 304,1066 304,1033 300,978 196,971 194,971 192,971 190,971 190,973 172,991 165,998 123,998 125,1040"/>
        <Baseline points="125,1040 304,1033"/>
        <TextEquiv conf="0.9986320495605469">
          <Unicode>„ 30.</Unicode>
        </TextEquiv>
      </TextLine>
      <TextLine id="eSc_line_279a4763" custom="structure {type:default;}">
        <Coords points="419,1042 419,1068 525,1071 528,1042 525,987 419,989 419,1042"/>
        <Baseline points="419,1042 528,1042"/>
        <TextEquiv conf="1.0">
          <Unicode>(„)</Unicode>
        </TextEquiv>
      </TextLine>
      <TextLine id="eSc_line_be1511d0" custom="structure {type:default;}">
        <Coords points="695,1093 695,1115 1696,1115 1699,1088 1694,1060 1590,1060 1588,1057 1575,1046 1573,1046 1570,1046 1568,1046 1566,1046 1533,1057 1528,1057 1453,1057 1129,1048 1126,1048 1124,1048 1122,1048 1117,1053 1106,1060 693,1051 695,1093"/>
        <Baseline points="695,1093 1699,1088"/>
        <TextEquiv conf="0.9995913505554199">
          <Unicode>Dupuy L&#x27;estat de I&#x27;égl. du Perigord II. 71.</Unicode>
        </TextEquiv>
      </TextLine>
      <TextLine id="eSc_line_97f0245a" custom="structure {type:default;}">
        <Coords points="645,1148 645,1174 2609,1161 2611,1137 2604,1110 642,1119 645,1148"/>
        <Baseline points="645,1148 2611,1137"/>
        <TextEquiv conf="0.9994361392962627">
          <Unicode>16262 Clerum et populum Anglicanum (leg. Cantuariensem) excommunicationis sen-</Unicode>
        </TextEquiv>
      </TextLine>
      <TextLine id="eSc_line_9d859725" custom="structure {type:default;}">
        <Coords points="128,1150 128,1181 185,1172 300,1179 302,1143 298,1113 240,1101 238,1101 236,1101 212,1115 207,1117 125,1117 128,1150"/>
        <Baseline points="128,1150 302,1143"/>
        <TextEquiv conf="0.9999999284744263">
          <Unicode>„ 30.</Unicode>
        </TextEquiv>
      </TextLine>
      <TextLine id="eSc_line_62d2262f" custom="structure {type:default;}">
        <Coords points="430,1163 430,1174 519,1183 521,1159 514,1126 428,1130 430,1163"/>
        <Baseline points="430,1163 521,1159"/>
        <TextEquiv conf="0.9804674386978149">
          <Unicode>„</Unicode>
        </TextEquiv>
      </TextLine>
      <TextLine id="eSc_line_aaed2c0a" custom="structure {type:default;}">
        <Coords points="695,1201 695,1230 2609,1227 2611,1192 2604,1163 693,1163 695,1201"/>
        <Baseline points="695,1201 2611,1192"/>
        <TextEquiv conf="0.9999992129130241">
          <Unicode>tentiam, a (Balduino) eorum archiepiscopo in quosdam monachorum Cantuariensium</Unicode>
        </TextEquiv>
      </TextLine>
      <TextLine id="eSc_line_48c76ea3" custom="structure {type:default;}">
        <Coords points="698,1258 698,1285 2609,1278 2611,1249 2604,1216 695,1223 698,1258"/>
        <Baseline points="698,1258 2611,1249"/>
        <TextEquiv conf="0.9968812498327804">
          <Unicode>promulgatam, observare vetat. Stubbs Chronicles II. 199. — „Ad audientiam</Unicode>
        </TextEquiv>
      </TextLine>
      <TextLine id="eSc_line_178e7d1d" custom="structure {type:default;}">
        <Coords points="695,1311 695,1327 746,1340 748,1340 923,1327 923,1311 923,1285 695,1285 695,1311"/>
        <Baseline points="695,1311 923,1311"/>
        <TextEquiv conf="0.999979231092665">
          <Unicode>nostram“.</Unicode>
        </TextEquiv>
      </TextLine>
      <TextLine id="eSc_line_f7dc840a" custom="structure {type:default;}">
        <Coords points="125,1366 125,1402 302,1402 302,1362 298,1318 203,1305 201,1305 198,1305 196,1305 178,1320 176,1322 123,1322 125,1366"/>
        <Baseline points="125,1366 302,1362"/>
        <TextEquiv conf="0.9798660159111023">
          <Unicode>„ 30.</Unicode>
        </TextEquiv>
      </TextLine>
      <TextLine id="eSc_line_0d5bd217" custom="structure {type:default;}">
        <Coords points="645,1366 645,1395 2611,1386 2613,1358 2607,1329 642,1329 645,1366"/>
        <Baseline points="645,1366 2613,1358"/>
        <TextEquiv conf="0.997399777173996">
          <Unicode>16263 Abbati S. Salvatoris Septimiano nuntiat, sese omnes alienationes a praedecessore</Unicode>
        </TextEquiv>
      </TextLine>
      <TextLine id="eSc_line_0aa2050e" custom="structure {type:default;}">
        <Coords points="428,1380 428,1406 521,1419 523,1380 523,1325 428,1311 428,1380"/>
        <Baseline points="428,1380 523,1380"/>
        <TextEquiv conf="0.9999997615814209">
          <Unicode>„</Unicode>
        </TextEquiv>
      </TextLine>
      <TextLine id="eSc_line_c99b42c4" custom="structure {type:default;}">
        <Coords points="698,1422 698,1446 2611,1439 2613,1415 2607,1382 695,1384 698,1422"/>
        <Baseline points="698,1422 2613,1415"/>
        <TextEquiv conf="0.9969521775132134">
          <Unicode>eius R. tunc schismatico in detrimentum monasterii factas irritas declarare. Pflugk-</Unicode>
        </TextEquiv>
      </TextLine>
      <TextLine id="eSc_line_e4d42a1d" custom="structure {type:default;}">
        <Coords points="698,1475 698,1497 1725,1497 1725,1475 1725,1446 698,1446 698,1475"/>
        <Baseline points="698,1475 1725,1475"/>
        <TextEquiv conf="0.9998366004083215">
          <Unicode>Harttung Acta III. 366. — „Si quando ab“.</Unicode>
        </TextEquiv>
      </TextLine>
      <TextLine id="eSc_line_0674cb87" custom="structure {type:default;}">
        <Coords points="647,1532 647,1561 2611,1552 2613,1523 2609,1495 1630,1486 1628,1486 1626,1486 1601,1497 1155,1488 1153,1488 1151,1488 1148,1488 1129,1499 667,1490 665,1490 662,1490 660,1490 645,1497 647,1532"/>
        <Baseline points="647,1532 2613,1523"/>
        <TextEquiv conf="0.997387056323615">
          <Unicode>16264 (10129) Ecclesiae SS. Felicis et Regulae Turicensis protectionem suscipit, posses-</Unicode>
        </TextEquiv>
      </TextLine>
      <TextLine id="eSc_line_2b97d207" custom="structure {type:default;}">
        <Coords points="130,1534 130,1567 302,1567 302,1528 300,1488 243,1472 240,1472 238,1472 128,1492 130,1534"/>
        <Baseline points="130,1534 302,1528"/>
        <TextEquiv conf="0.9999999523162841">
          <Unicode>„ 30.</Unicode>
        </TextEquiv>
      </TextLine>
      <TextLine id="eSc_line_4dfb0c51" custom="structure {type:default;}">
        <Coords points="430,1543 426,1590 519,1592 523,1548 525,1453 433,1446 430,1543"/>
        <Baseline points="430,1543 523,1548"/>
        <TextEquiv conf="0.9994322657585144">
          <Unicode>„</Unicode>
        </TextEquiv>
      </TextLine>
      <TextLine id="eSc_line_fa4ccd23" custom="structure {type:default;}">
        <Coords points="695,1587 695,1612 2609,1603 2611,1578 2604,1548 693,1554 695,1587"/>
        <Baseline points="695,1587 2611,1578"/>
        <TextEquiv conf="0.9999974863028821">
          <Unicode>sionesque confirmat, petente Waltero praeposito. Neugart C. D. AI. II. 115, Migne</Unicode>
        </TextEquiv>
      </TextLine>
      <TextLine id="eSc_line_24c85269" custom="structure {type:default;}">
        <Coords points="698,1638 698,1665 2613,1665 2613,1638 2613,1609 698,1609 698,1638"/>
        <Baseline points="698,1638 2613,1638"/>
        <TextEquiv conf="0.9960307521992419">
          <Unicode>204 p. 1414; in clausula „III. kal. Iun.“ legendum esse, docet Hidber in Schweizer.</Unicode>
        </TextEquiv>
      </TextLine>
      <TextLine id="eSc_line_7c3a998e" custom="structure {type:default;}">
        <Coords points="698,1696 698,1715 859,1729 861,1731 989,1731 989,1729 992,1729 994,1729 1011,1718 1098,1718 1111,1729 1113,1729 1115,1729 1117,1729 1120,1729 1159,1718 1288,1718 1299,1726 1299,1729 1301,1729 1303,1729 1305,1729 1997,1715 1997,1696 1997,1669 709,1658 707,1658 704,1658 702,1658 702,1660 698,1665 698,1696"/>
        <Baseline points="698,1696 1997,1696"/>
        <TextEquiv conf="0.9898367740891196">
          <Unicode>Urkundenreg. II. 379. — „Effectum iusta postulantibus“.</Unicode>
        </TextEquiv>
      </TextLine>
      <TextLine id="eSc_line_9c92f562" custom="structure {type:default;}">
        <Coords points="125,1751 125,1782 307,1779 307,1746 302,1707 214,1693 212,1693 209,1693 207,1693 207,1696 194,1709 192,1711 123,1711 125,1751"/>
        <Baseline points="125,1751 307,1746"/>
        <TextEquiv conf="0.9999993801116943">
          <Unicode>„ 31.</Unicode>
        </TextEquiv>
      </TextLine>
      <TextLine id="eSc_line_556a259c" custom="structure {type:default;}">
        <Coords points="647,1751 647,1777 2611,1771 2613,1744 2607,1715 645,1720 647,1751"/>
        <Baseline points="647,1751 2613,1744"/>
        <TextEquiv conf="0.9996474108525685">
          <Unicode>16265 Ecclesiae Marsicanae protectionem suscipit, possessionesque confirmat, petente</Unicode>
        </TextEquiv>
      </TextLine>
      <TextLine id="eSc_line_aebab119" custom="structure {type:default;}">
        <Coords points="433,1777 525,1782 528,1766 528,1709 435,1680 433,1766 433,1777"/>
        <Baseline points="433,1766 528,1766"/>
        <TextEquiv conf="1.0">
          <Unicode>„</Unicode>
        </TextEquiv>
      </TextLine>
      <TextLine id="eSc_line_3ebdde37" custom="structure {type:default;}">
        <Coords points="698,1808 698,1832 2611,1824 2613,1799 2609,1771 695,1768 698,1808"/>
        <Baseline points="698,1808 2613,1799"/>
        <TextEquiv conf="0.9963527709245682">
          <Unicode>Heliano episcopo. Andrea di Pietro Agglomerazioni p. 311. — „In eminenti aposto-</Unicode>
        </TextEquiv>
      </TextLine>
      <TextLine id="eSc_line_e93d52f2" custom="structure {type:default;}">
        <Coords points="693,1861 693,1877 709,1890 711,1890 713,1890 715,1890 848,1872 848,1861 848,1830 693,1830 693,1861"/>
        <Baseline points="693,1861 848,1861"/>
        <TextEquiv conf="0.9999997104917254">
          <Unicode>licae“.</Unicode>
        </TextEquiv>
      </TextLine>
      <TextLine id="eSc_line_baed96af" custom="structure {type:default;}">
        <Coords points="90,1914 90,1954 309,1954 309,1914 309,1866 262,1857 260,1857 258,1857 256,1857 245,1866 236,1874 190,1874 181,1868 152,1857 150,1857 148,1857 145,1857 90,1870 90,1914"/>
        <Baseline points="90,1914 309,1914"/>
        <TextEquiv conf="0.9842469777379718">
          <Unicode>lun. 1.</Unicode>
        </TextEquiv>
      </TextLine>
      <TextLine id="eSc_line_d0d8636d" custom="structure {type:default;}">
        <Coords points="647,1914 647,1949 2611,1936 2613,1910 2609,1881 645,1881 647,1914"/>
        <Baseline points="647,1914 2613,1910"/>
        <TextEquiv conf="0.9986322238677885">
          <Unicode>16266 Fratribus S. Albani indulget, ne cui, antequam a Romano pontifice commonean-</Unicode>
        </TextEquiv>
      </TextLine>
      <TextLine id="eSc_line_10bc1e4f" custom="structure {type:default;}">
        <Coords points="428,1932 428,1978 525,1974 525,1932 525,1868 428,1859 428,1932"/>
        <Baseline points="428,1932 525,1932"/>
        <TextEquiv conf="1.0">
          <Unicode>„</Unicode>
        </TextEquiv>
      </TextLine>
      <TextLine id="eSc_line_d298a84e" custom="structure {type:default;}">
        <Coords points="700,1974 700,2000 2611,1991 2613,1967 2607,1932 698,1934 700,1974"/>
        <Baseline points="700,1974 2613,1967"/>
        <TextEquiv conf="0.9974337198116161">
          <Unicode>tur, „in iure aliquatenus respondere“ teneantur. Matthaei Paris. Chron. ed. Luard</Unicode>
        </TextEquiv>
      </TextLine>
      <TextLine id="eSc_line_85f8599a" custom="structure {type:default;}">
        <Coords points="702,2027 702,2044 954,2044 967,2055 967,2058 969,2058 972,2058 974,2060 1047,2060 1047,2058 1148,2042 1157,2042 1164,2042 1215,2055 1217,2055 1219,2055 1221,2055 1246,2042 1254,2051 1254,2053 1257,2053 1259,2053 1444,2055 1447,2055 1449,2055 1493,2040 1493,2022 1489,1996 700,1991 702,2027"/>
        <Baseline points="702,2027 1493,2022"/>
        <TextEquiv conf="0.990180536623924">
          <Unicode>VI. 61. — „Quanto ex assumpto“.</Unicode>
        </TextEquiv>
      </TextLine>
      <TextLine id="eSc_line_989018fc" custom="structure {type:default;}">
        <Coords points="649,2082 649,2108 2611,2100 2613,2073 2609,2047 647,2044 649,2082"/>
        <Baseline points="649,2082 2613,2073"/>
        <TextEquiv conf="0.9945315086697958">
          <Unicode>16267 (10083) Canonicis ecclesiae S. Petri (Romanae) et rectoribus quatuor monaste-</Unicode>
        </TextEquiv>
      </TextLine>
      <TextLine id="eSc_line_678ea594" custom="structure {type:default;}">
        <Coords points="125,2086 125,2122 307,2122 307,2086 307,2033 260,2033 258,2033 256,2033 254,2033 254,2036 251,2036 231,2055 125,2047 125,2086"/>
        <Baseline points="125,2086 307,2086"/>
        <TextEquiv conf="0.9999692738056183">
          <Unicode>„ 2.</Unicode>
        </TextEquiv>
      </TextLine>
      <TextLine id="eSc_line_ab992ff7" custom="structure {type:default;}">
        <Coords points="433,2093 430,2111 510,2126 514,2097 514,2020 435,2020 433,2093"/>
        <Baseline points="433,2093 514,2097"/>
        <TextEquiv conf="1.0">
          <Unicode>„</Unicode>
        </TextEquiv>
      </TextLine>
      <TextLine id="eSc_line_edaf4673" custom="structure {type:default;}">
        <Coords points="698,2137 698,2161 2611,2166 2615,2133 2609,2102 695,2102 698,2137"/>
        <Baseline points="698,2137 2615,2133"/>
        <TextEquiv conf="0.9914846406096504">
          <Unicode>riorum SS. Iohannis et Pauli, S. Martini, S. Stephani maioris et S. Stephani minoris</Unicode>
        </TextEquiv>
      </TextLine>
      <TextLine id="eSc_line_9c77d08a" custom="structure {type:default;}">
        <Coords points="698,2192 698,2214 2609,2221 2611,2192 2609,2155 698,2159 698,2192"/>
        <Baseline points="698,2192 2611,2192"/>
        <TextEquiv conf="0.9959779116842482">
          <Unicode>confirmat privilegium, ab Eugenio III. (cf. supra 9714) constitutum. Bull. Vatic.</Unicode>
        </TextEquiv>
      </TextLine>
      <TextLine id="eSc_line_6620e6ce" custom="structure {type:default;}">
        <Coords points="698,2248 698,2267 1148,2279 1151,2279 1153,2279 1188,2267 1259,2279 1261,2279 1263,2279 1314,2265 1321,2265 1398,2265 1400,2265 1409,2274 1409,2276 1411,2276 1414,2276 1416,2276 1827,2263 1829,2243 1824,2217 1261,2206 1259,2206 1188,2217 704,2208 702,2208 700,2208 698,2208 698,2210 695,2210 698,2248"/>
        <Baseline points="698,2248 1829,2243"/>
        <TextEquiv conf="0.9918275038401286">
          <Unicode>I. 72. Migne 204 p. 1353. — „Beatorum Petri“.</Unicode>
        </TextEquiv>
      </TextLine>
      <TextLine id="eSc_line_bd69139e" custom="structure {type:default;}">
        <Coords points="649,2301 649,2338 2613,2323 2615,2294 2609,2265 647,2270 649,2301"/>
        <Baseline points="649,2301 2615,2294"/>
        <TextEquiv conf="0.996779812478471">
          <Unicode>16268 (10084) Monasterii S. Gilberti Novem-fontium protectionem suscipit, possessiones-</Unicode>
        </TextEquiv>
      </TextLine>
      <TextLine id="eSc_line_1a871057" custom="structure {type:default;}">
        <Coords points="123,2307 123,2354 307,2343 307,2303 300,2263 121,2267 123,2307"/>
        <Baseline points="123,2307 307,2303"/>
        <TextEquiv conf="0.9997506439685822">
          <Unicode>„ 3.</Unicode>
        </TextEquiv>
      </TextLine>
      <TextLine id="eSc_line_7d28c17f" custom="structure {type:default;}">
        <Coords points="435,2314 430,2358 508,2365 514,2318 514,2252 437,2241 435,2314"/>
        <Baseline points="435,2314 514,2318"/>
        <TextEquiv conf="0.9943901896476746">
          <Unicode>„</Unicode>
        </TextEquiv>
      </TextLine>
      <TextLine id="eSc_line_38c9df44" custom="structure {type:default;}">
        <Coords points="700,2356 700,2380 2611,2378 2613,2351 2607,2323 698,2325 700,2356"/>
        <Baseline points="700,2356 2613,2351"/>
        <TextEquiv conf="0.9939880807225298">
          <Unicode>que ac privilegia confirmat, petente Iohanne abbate. Labbe N. B. M. II. 752, Migne</Unicode>
        </TextEquiv>
      </TextLine>
      <TextLine id="eSc_line_e9bc206c" custom="structure {type:default;}">
        <Coords points="700,2409 698,2424 746,2440 748,2440 751,2440 1089,2429 1102,2440 1102,2442 1104,2442 1106,2442 1215,2444 1217,2444 1588,2429 1590,2413 1588,2385 700,2380 700,2409"/>
        <Baseline points="700,2409 1590,2413"/>
        <TextEquiv conf="0.9946821679671606">
          <Unicode>204 p. 1355. — „Religiosorum votis“.</Unicode>
        </TextEquiv>
      </TextLine>
      <TextLine id="eSc_line_59d43ec7" custom="structure {type:default;}">
        <Coords points="651,2466 651,2493 2615,2493 2615,2466 2615,2438 651,2435 651,2466"/>
        <Baseline points="651,2466 2615,2466"/>
        <TextEquiv conf="0.9985161167244578">
          <Unicode>16269 Monasterii S. Andreae tutelam suscipit, possessionesque et privilegia confirmat,</Unicode>
        </TextEquiv>
      </TextLine>
      <TextLine id="eSc_line_64c59622" custom="structure {type:default;}">
        <Coords points="125,2468 125,2499 309,2497 309,2462 302,2413 123,2415 125,2468"/>
        <Baseline points="125,2468 309,2462"/>
        <TextEquiv conf="0.9992794692516327">
          <Unicode>„ 3.</Unicode>
        </TextEquiv>
      </TextLine>
      <TextLine id="eSc_line_2919b63e" custom="structure {type:default;}">
        <Coords points="437,2479 437,2497 514,2499 517,2479 517,2422 481,2411 479,2411 477,2411 475,2411 437,2424 437,2479"/>
        <Baseline points="437,2479 517,2479"/>
        <TextEquiv conf="0.9964798092842102">
          <Unicode>„</Unicode>
        </TextEquiv>
      </TextLine>
      <TextLine id="eSc_line_807d60ec" custom="structure {type:default;}">
        <Coords points="700,2524 700,2552 2613,2544 2615,2519 2611,2488 698,2488 700,2524"/>
        <Baseline points="700,2524 2615,2519"/>
        <TextEquiv conf="0.9991820238530635">
          <Unicode>petente Durando abbate. Mém. de l&#x27;acad. de Clermont-Ferrand XIX. 454, Mon. pont.</Unicode>
        </TextEquiv>
      </TextLine>
      <TextLine id="eSc_line_174d61ae" custom="structure {type:default;}">
        <Coords points="700,2574 698,2592 753,2605 755,2605 1175,2597 1263,2608 1265,2608 1824,2597 1827,2579 1822,2539 700,2541 700,2574"/>
        <Baseline points="700,2574 1827,2579"/>
        <TextEquiv conf="0.9937932199620186">
          <Unicode>Arverniae p. 355. — „Quotiens a nobis petitur“.</Unicode>
        </TextEquiv>
      </TextLine>
      <TextLine id="eSc_line_4cce8649" custom="structure {type:default;}">
        <Coords points="651,2630 651,2656 2611,2650 2613,2623 2609,2597 649,2597 651,2630"/>
        <Baseline points="651,2630 2613,2623"/>
        <TextEquiv conf="0.999461113036364">
          <Unicode>16270 Monasterii S. Crucis Saxivivi protectionem suscipit, possessionesque et iura con-</Unicode>
        </TextEquiv>
      </TextLine>
      <TextLine id="eSc_line_5e04f028" custom="structure {type:default;}">
        <Coords points="130,2632 130,2665 176,2665 176,2663 178,2663 190,2656 223,2641 245,2652 262,2658 265,2658 267,2658 269,2658 313,2643 313,2627 307,2583 128,2599 130,2632"/>
        <Baseline points="130,2632 313,2627"/>
        <TextEquiv conf="0.9998186081647873">
          <Unicode>„ 4.</Unicode>
        </TextEquiv>
      </TextLine>
      <TextLine id="eSc_line_f5d51251" custom="structure {type:default;}">
        <Coords points="439,2638 437,2658 510,2661 514,2645 514,2616 441,2610 439,2638"/>
        <Baseline points="439,2638 514,2645"/>
        <TextEquiv conf="1.0">
          <Unicode>„)</Unicode>
        </TextEquiv>
      </TextLine>
      <TextLine id="eSc_line_a5fe8c98" custom="structure {type:default;}">
        <Coords points="698,2687 698,2711 2611,2707 2613,2683 2607,2654 695,2656 698,2687"/>
        <Baseline points="698,2687 2613,2683"/>
        <TextEquiv conf="0.9971943446147589">
          <Unicode>firmat, petente Iacobo abbate. Pflugk-Harttung Iter p. 316. — „Rcligiosam vitam“.</Unicode>
        </TextEquiv>
      </TextLine>
      <TextLine id="eSc_line_5a21e091" custom="structure {type:default;}">
        <Coords points="651,2742 651,2767 2613,2760 2615,2736 2609,2705 649,2709 651,2742"/>
        <Baseline points="651,2742 2615,2736"/>
        <TextEquiv conf="0.9898796727259954">
          <Unicode>16271 Abbati et capitulo Maricolensi mandat, satisfaciant A. civi Romano, qui A. mo-</Unicode>
        </TextEquiv>
      </TextLine>
      <TextLine id="eSc_line_b506637a" custom="structure {type:default;}">
        <Coords points="128,2744 128,2769 216,2751 251,2771 251,2773 254,2773 256,2773 258,2773 309,2771 311,2740 302,2685 256,2703 125,2703 128,2744"/>
        <Baseline points="128,2744 311,2740"/>
        <TextEquiv conf="0.9999096989631653">
          <Unicode>„ 6.</Unicode>
        </TextEquiv>
      </TextLine>
      <TextLine id="eSc_line_dc974ee8" custom="structure {type:default;}">
        <Coords points="430,2756 430,2782 525,2780 525,2756 523,2722 430,2727 430,2756"/>
        <Baseline points="430,2756 525,2756"/>
        <TextEquiv conf="0.9996621608734131">
          <Unicode>„</Unicode>
        </TextEquiv>
      </TextLine>
      <TextLine id="eSc_line_11c132cb" custom="structure {type:default;}">
        <Coords points="700,2797 700,2822 2613,2815 2615,2791 2609,2764 698,2769 700,2797"/>
        <Baseline points="700,2797 2615,2791"/>
        <TextEquiv conf="0.9945621483209657">
          <Unicode>nacho, cum pro negotiis monasterii ad sedem apostolicam accessisset, „novem libras</Unicode>
        </TextEquiv>
      </TextLine>
      <TextLine id="eSc_line_68cf6934" custom="structure {type:default;}">
        <Coords points="702,2853 702,2884 2613,2873 2615,2846 2609,2820 700,2822 702,2853"/>
        <Baseline points="702,2853 2615,2846"/>
        <TextEquiv conf="0.993670774669182">
          <Unicode>provenienses et sex byzantios mutuos et pallium viride, nomine commodare“ mutuatus</Unicode>
        </TextEquiv>
      </TextLine>
      <TextLine id="eSc_line_c1899a42" custom="structure {type:default;}">
        <Coords points="702,2903 702,2930 2613,2928 2615,2908 2613,2875 702,2868 702,2903"/>
        <Baseline points="702,2903 2615,2908"/>
        <TextEquiv conf="0.9996548517640814">
          <Unicode>sit, sed duas tantum marcas receperit. (Correxi ex copia in bibl. nat. Paris. Coll.</Unicode>
        </TextEquiv>
      </TextLine>
      <TextLine id="eSc_line_4a7dc943" custom="structure {type:default;}">
        <Coords points="702,2956 702,2983 2428,2983 2430,2961 2428,2928 702,2917 702,2956"/>
        <Baseline points="702,2956 2430,2961"/>
        <TextEquiv conf="0.9960877539383041">
          <Unicode>Moreau t. 90. f. 125). Pflugk-Harttung Acta I. 344. — „Proposuit nobis“.</Unicode>
        </TextEquiv>
      </TextLine>
      <TextLine id="eSc_line_9ebfa30e" custom="structure {type:default;}">
        <Coords points="653,3016 653,3038 2613,3034 2615,3012 2609,2983 651,2983 653,3016"/>
        <Baseline points="653,3016 2615,3012"/>
        <TextEquiv conf="0.9941594641784142">
          <Unicode>16272 Ecclesiae S. Teclae Tarraconensis tutelam suscipit, possessionesque ac privilegia</Unicode>
        </TextEquiv>
      </TextLine>
      <TextLine id="eSc_line_6df56514" custom="structure {type:default;}">
        <Coords points="125,3021 125,3049 223,3032 256,3062 260,3065 260,3067 262,3067 265,3067 267,3067 313,3065 313,3016 307,2965 201,2981 123,2968 125,3021"/>
        <Baseline points="125,3021 313,3016"/>
        <TextEquiv conf="0.9977170079946518">
          <Unicode>„ 7.</Unicode>
        </TextEquiv>
      </TextLine>
      <TextLine id="eSc_line_3278073d" custom="structure {type:default;}">
        <Coords points="433,3029 433,3082 523,3076 523,3029 521,2965 433,2970 433,3029"/>
        <Baseline points="433,3029 523,3029"/>
        <TextEquiv conf="0.9999860525131226">
          <Unicode>„</Unicode>
        </TextEquiv>
      </TextLine>
      <TextLine id="eSc_line_c4d305c8" custom="structure {type:default;}">
        <Coords points="700,3069 700,3102 2609,3091 2611,3065 2604,3036 698,3038 700,3069"/>
        <Baseline points="700,3069 2611,3065"/>
        <TextEquiv conf="0.9972785650155483">
          <Unicode>confirmat, petente Raimundo praeposito. Villanueva Viage literario XIX. 218. —</Unicode>
        </TextEquiv>
      </TextLine>
      <TextLine id="eSc_line_3de0b5cb" custom="structure {type:default;}">
        <Coords points="700,3124 700,3146 1153,3146 1153,3124 1151,3087 700,3087 700,3124"/>
        <Baseline points="700,3124 1153,3124"/>
        <TextEquiv conf="0.9766144156455994">
          <Unicode>„Quotiens a nobis“.</Unicode>
        </TextEquiv>
      </TextLine>
      <TextLine id="eSc_line_d59e4934" custom="structure {type:default;}">
        <Coords points="651,3177 651,3202 2615,3197 2615,3173 2611,3142 952,3133 950,3133 649,3144 651,3177"/>
        <Baseline points="651,3177 2615,3173"/>
        <TextEquiv conf="0.994492843002081">
          <Unicode>16273 Inter Fridericum, praepositum S. Thomae Argentinensem, et clericum B. sen-</Unicode>
        </TextEquiv>
      </TextLine>
      <TextLine id="eSc_line_e7e22f79" custom="structure {type:default;}">
        <Coords points="128,3186 128,3224 172,3224 172,3221 174,3221 176,3221 176,3219 185,3213 205,3193 234,3193 247,3202 258,3210 260,3210 262,3210 265,3210 267,3210 311,3188 311,3177 304,3111 229,3113 227,3113 225,3113 198,3135 178,3153 125,3153 128,3186"/>
        <Baseline points="128,3186 311,3177"/>
        <TextEquiv conf="0.9984488785266876">
          <Unicode>„ s.</Unicode>
        </TextEquiv>
      </TextLine>
      <TextLine id="eSc_line_0a342a02" custom="structure {type:default;}">
        <Coords points="435,3191 433,3215 519,3217 523,3195 523,3164 435,3160 435,3191"/>
        <Baseline points="435,3191 523,3195"/>
        <TextEquiv conf="0.9999995827674866">
          <Unicode>„„</Unicode>
        </TextEquiv>
      </TextLine>
      <TextLine id="eSc_line_9af18846" custom="structure {type:default;}">
        <Coords points="700,3228 698,3252 806,3268 808,3268 901,3257 1179,3268 1182,3268 1184,3268 1215,3257 1230,3268 1232,3268 1235,3268 1679,3270 1681,3270 1769,3259 1858,3270 1860,3270 1964,3259 1986,3270 1988,3270 1990,3270 2613,3257 2615,3233 2613,3204 700,3199 700,3228"/>
        <Baseline points="700,3228 2615,3233"/>
        <TextEquiv conf="0.9856121288724693">
          <Unicode>tentiam, ab H(enrico) episcopo Basileensi super decimis quibusdam latam, confirmat.</Unicode>
        </TextEquiv>
      </TextLine>
      <TextLine id="eSc_line_30aef144" custom="structure {type:default;}">
        <Coords points="707,3283 704,3308 2222,3312 2227,3288 2224,3257 707,3250 707,3283"/>
        <Baseline points="707,3283 2227,3288"/>
        <TextEquiv conf="0.9997429875656962">
          <Unicode>Wiegand Urk. d. St. Strassburg I. 102. — „Sicut ex instrumenti“.</Unicode>
        </TextEquiv>
      </TextLine>
      <TextLine id="eSc_line_7da0f26b" custom="structure {type:default;}">
        <Coords points="653,3343 653,3374 2615,3367 2618,3339 2613,3303 651,3301 653,3343"/>
        <Baseline points="653,3343 2618,3339"/>
        <TextEquiv conf="0.9943235683731917">
          <Unicode>16274 (10085) loachimum, abbatem Curatinum, hortatur, ut „expositionem Apocalypsis</Unicode>
        </TextEquiv>
      </TextLine>
      <TextLine id="eSc_line_805154bb" custom="structure {type:default;}">
        <Coords points="125,3350 125,3372 163,3389 165,3389 167,3389 170,3389 216,3378 251,3369 311,3383 313,3343 307,3283 260,3286 258,3286 256,3286 256,3288 254,3290 234,3308 123,3308 125,3350"/>
        <Baseline points="125,3350 313,3343"/>
        <TextEquiv conf="0.9999867379665375">
          <Unicode>„ 8.</Unicode>
        </TextEquiv>
      </TextLine>
      <TextLine id="eSc_line_8aa1c233" custom="structure {type:default;}">
        <Coords points="424,3356 424,3409 530,3389 530,3356 530,3319 424,3297 424,3356"/>
        <Baseline points="424,3356 530,3356"/>
        <TextEquiv conf="1.0">
          <Unicode>„</Unicode>
        </TextEquiv>
      </TextLine>
      <TextLine id="eSc_line_c0a7e24e" custom="structure {type:default;}">
        <Coords points="702,3398 702,3420 2615,3414 2615,3392 2609,3365 700,3365 702,3398"/>
        <Baseline points="702,3398 2615,3392"/>
        <TextEquiv conf="0.9989183720420388">
          <Unicode>et opus concordiae compleat et diligenter studeat emendare ac discussioni apostolicae</Unicode>
        </TextEquiv>
      </TextLine>
      <TextLine id="eSc_line_e6842938" custom="structure {type:default;}">
        <Coords points="704,3449 704,3486 2611,3486 2613,3456 2611,3425 704,3418 704,3449"/>
        <Baseline points="704,3449 2613,3456"/>
        <TextEquiv conf="0.9917472794998524">
          <Unicode>sedis et iudicio se praesentet“. Manrique Ann. Cist. III. 211, Acta SS. Maii VII. 102,</Unicode>
        </TextEquiv>
      </TextLine>
      <TextLine id="eSc_line_63042807" custom="structure {type:default;}">
        <Coords points="704,3504 702,3553 810,3564 813,3564 815,3564 830,3555 863,3539 908,3551 910,3551 912,3551 1069,3539 1265,3542 1290,3562 1294,3566 1296,3566 1299,3566 1451,3568 1453,3568 1455,3568 1458,3568 1462,3564 1493,3544 1575,3566 1577,3566 1579,3566 1581,3566 1584,3566 1586,3566 1586,3564 1608,3544 1652,3544 1674,3564 1674,3566 1676,3566 1679,3566 1798,3568 1802,3511 1800,3478 704,3471 704,3504"/>
        <Baseline points="704,3504 1802,3511"/>
        <TextEquiv conf="0.9785620610822331">
          <Unicode>Migne 204 p. 1357. — „Rationis ordo suadet“.</Unicode>
        </TextEquiv>
      </TextLine>
      <TextLine id="eSc_line_97676486" custom="structure {type:default;}">
        <Coords points="2255,3562 2255,3612 2288,3628 2291,3628 2293,3628 2341,3619 2341,3562 2341,3520 2297,3511 2295,3511 2293,3511 2255,3522 2255,3562"/>
        <Baseline points="2255,3562 2341,3562"/>
        <TextEquiv conf="0.9999794960021973">
          <Unicode>88*</Unicode>
        </TextEquiv>
      </TextLine>
    </TextRegion>
    <TextRegion id="eSc_textblock_fd436faf"  custom="structure {type:default;}">
      <Coords points="947,150 1674,150 1754,159 1771,236 1736,262 927,262 892,245 892,167 947,150"/>
      <TextLine id="eSc_line_e6162d5e" custom="structure {type:default;}">
        <Coords points="914,225 914,242 943,256 945,256 947,256 1741,247 1741,225 1741,183 1716,183 1683,152 1681,152 1679,152 1676,152 1608,156 1606,156 1604,156 1604,159 1579,181 1495,167 1493,167 1491,167 1489,167 1489,170 1478,181 1319,181 1274,152 1272,152 1270,152 1014,152 1011,152 952,156 950,156 947,156 914,178 914,225"/>
        <Baseline points="914,225 1741,225"/>
        <TextEquiv conf="0.9999962941459988">
          <Unicode>CLEMENS III. 1187—1191.</Unicode>
        </TextEquiv>
      </TextLine>
    </TextRegion>
    <TextRegion id="eSc_textblock_dceb9b88"  custom="structure {type:default;}">
      <Coords points="2501,150 2653,167 2653,227 2609,253 2470,245 2461,167 2501,150"/>
      <TextLine id="eSc_line_13791297" custom="structure {type:default;}">
        <Coords points="2596,161 2582,156 2485,174 2485,218 2485,234 2531,249 2534,249 2536,249 2609,234 2609,218 2607,161 2596,161"/>
        <Baseline points="2485,218 2609,218"/>
        <TextEquiv conf="1.0">
          <Unicode>547</Unicode>
        </TextEquiv>
      </TextLine>
    </TextRegion>
  </Page>
</PcGts>
