<?xml version="1.0" encoding="UTF-8"  standalone="yes"?>
<PcGts xmlns="http://schema.primaresearch.org/PAGE/gts/pagecontent/2019-07-15" xmlns:xsi="http://www.w3.org/2001/XMLSchema-instance" xsi:schemaLocation="http://schema.primaresearch.org/PAGE/gts/pagecontent/2019-07-15 http://schema.primaresearch.org/PAGE/gts/pagecontent/2019-07-15/pagecontent.xsd">
  <Metadata externalRef="pdf//regestapontificu02cath.pdf">
	<Creator>escriptorium</Creator>
	<Created>2026-01-31T10:42:59.698770+00:00</Created>
        <LastChange>2026-02-04T22:10:13.308201+00:00</LastChange>
  </Metadata>
  <Page imageFilename="regestapontificu02cath.pdf_page_575.png" imageWidth="3007" imageHeight="3975">
    <TextRegion id="eSc_textblock_b010c78e"  custom="structure {type:default;}">
      <Coords points="852,300 2697,300 2671,3548 2434,3548 2538,3575 2388,3592 2149,3539 813,3557 651,3513 167,3513 106,3469 79,459 141,377 123,344 159,318 132,309 351,309 377,450 406,324 380,309 852,300"/>
      <TextLine id="eSc_line_06a0eb12" custom="structure {type:default;}">
        <Coords points="642,368 642,397 1946,397 1946,355 1939,309 640,322 642,368"/>
        <Baseline points="642,368 1946,355"/>
        <TextEquiv conf="0.9777390419459734">
          <Unicode>1190. (Inad. 8. — 25. Sepf. - 9, ponf. a. 3. — 20. Ocr. — 4.)</Unicode>
        </TextEquiv>
      </TextLine>
      <TextLine id="eSc_line_884b5d6b" custom="structure {type:default;}">
        <Coords points="726,430 726,452 2642,443 2644,421 2638,388 724,395 726,430"/>
        <Baseline points="726,430 2644,421"/>
        <TextEquiv conf="0.9926667271590814">
          <Unicode>archiepiscopatum et in illis partibus Hiberniae, in quibus Iohannes, comes Morito-</Unicode>
        </TextEquiv>
      </TextLine>
      <TextLine id="eSc_line_823ba736" custom="structure {type:default;}">
        <Coords points="726,483 726,505 2640,499 2642,477 2635,448 724,450 726,483"/>
        <Baseline points="726,483 2642,477"/>
        <TextEquiv conf="0.9933061171980465">
          <Unicode>niensis, frater regis, iurisdictionem habet et dominium“. Radulf. de Diceto Im. Hist.</Unicode>
        </TextEquiv>
      </TextLine>
      <TextLine id="eSc_line_42a53487" custom="structure {type:default;}">
        <Coords points="729,538 729,558 910,569 912,569 1027,558 1036,558 1038,558 1062,569 1064,569 1067,569 1179,558 1184,558 1186,558 1237,569 1239,569 1241,569 1265,558 1272,558 1533,567 1535,567 1537,567 1562,556 1564,556 1769,556 1782,556 1975,567 1977,567 2083,554 2096,554 2103,554 2149,565 2151,565 2635,552 2638,532 2633,503 2032,492 2030,492 1935,503 1400,494 1398,494 726,507 729,538"/>
        <Baseline points="729,538 2638,532"/>
        <TextEquiv conf="0.9895639427006244">
          <Unicode>ap. Twysden H. A. SS. I. 655, Opp. hist. ed. Stubbs II. 83, Migne 204 p. 1462. —</Unicode>
        </TextEquiv>
      </TextLine>
      <TextLine id="eSc_line_db8fa742" custom="structure {type:default;}">
        <Coords points="729,596 729,616 1201,618 1204,618 1206,618 1250,605 1250,589 1243,560 726,565 729,596"/>
        <Baseline points="729,596 1250,589"/>
        <TextEquiv conf="0.9988606061254229">
          <Unicode>„Iuxta commendabile“.</Unicode>
        </TextEquiv>
      </TextLine>
      <TextLine id="eSc_line_b91ac3ac" custom="structure {type:default;}">
        <Coords points="673,647 673,673 1986,680 1988,680 2054,669 2065,669 2644,669 2646,640 2640,611 671,616 673,647"/>
        <Baseline points="673,647 2646,640"/>
        <TextEquiv conf="0.9878523754222053">
          <Unicode>16506 (10178) Fratrum Cartusiensium protectionem suscipit, possessionesque et privi-</Unicode>
        </TextEquiv>
      </TextLine>
      <TextLine id="eSc_line_39dd6d22" custom="structure {type:default;}">
        <Coords points="393,649 393,700 612,702 614,647 607,602 545,602 505,580 450,549 448,549 446,549 391,554 393,649"/>
        <Baseline points="393,649 614,647"/>
        <TextEquiv conf="0.9733944162726402">
          <Unicode>Laterami</Unicode>
        </TextEquiv>
      </TextLine>
      <TextLine id="eSc_line_b8521a13" custom="structure {type:default;}">
        <Coords points="123,651 123,680 223,693 225,693 227,693 229,693 247,680 291,689 293,689 296,689 340,675 340,647 333,611 254,611 245,602 240,600 240,598 238,598 236,598 234,598 231,598 229,598 229,600 227,602 216,611 121,594 123,651"/>
        <Baseline points="123,651 340,647"/>
        <TextEquiv conf="0.9996725831712995">
          <Unicode>lun. 6.</Unicode>
        </TextEquiv>
      </TextLine>
      <TextLine id="eSc_line_173d49ed" custom="structure {type:default;}">
        <Coords points="731,704 731,726 2644,719 2646,695 2640,664 729,671 731,704"/>
        <Baseline points="731,704 2646,695"/>
        <TextEquiv conf="0.9996977799078998">
          <Unicode>legia confirmat. Privil. ord. Cart. fol. 3, Tromby Stor. Cart. IV. App. p. 237, Migne</Unicode>
        </TextEquiv>
      </TextLine>
      <TextLine id="eSc_line_3894113a" custom="structure {type:default;}">
        <Coords points="733,755 733,772 846,786 848,786 850,786 899,775 978,786 980,786 1051,775 1126,775 1137,783 1137,786 1140,786 1142,786 1144,788 1270,788 1270,786 1272,786 1274,786 1274,783 1285,775 1334,786 1336,786 1500,775 1637,786 1639,786 1734,772 1734,755 1734,728 733,726 733,755"/>
        <Baseline points="733,755 1734,755"/>
        <TextEquiv conf="0.9891555771231652">
          <Unicode>204 p. 1462. — „Inter virtutum aromata“.</Unicode>
        </TextEquiv>
      </TextLine>
      <TextLine id="eSc_line_567eccef" custom="structure {type:default;}">
        <Coords points="678,812 678,834 1332,845 1334,845 1336,845 1338,845 1356,834 1360,832 1394,834 1486,843 1489,843 1615,834 1657,832 1672,834 1714,843 1716,843 1831,834 1864,832 1873,834 1902,843 1904,843 1906,843 2087,834 2176,830 2260,834 2408,841 2410,841 2445,834 2465,830 2646,832 2651,806 2644,777 676,777 678,812"/>
        <Baseline points="678,812 2651,806"/>
        <TextEquiv conf="0.9997102632934665">
          <Unicode>16507 (10179) Archiepiscopis et episcopis ordinem Cartusiensem commendat. Privil.</Unicode>
        </TextEquiv>
      </TextLine>
      <TextLine id="eSc_line_0970a4f3" custom="structure {type:default;}">
        <Coords points="165,821 170,854 207,830 247,830 260,841 271,850 271,852 273,852 276,852 278,854 315,854 315,852 318,852 320,852 320,850 338,830 338,817 331,777 163,790 165,821"/>
        <Baseline points="165,821 338,817"/>
        <TextEquiv conf="0.9999999403953552">
          <Unicode>„ 6.</Unicode>
        </TextEquiv>
      </TextLine>
      <TextLine id="eSc_line_8657f17c" custom="structure {type:default;}">
        <Coords points="466,825 463,843 505,865 508,865 510,865 512,865 550,845 552,830 552,799 514,788 512,788 510,788 466,795 466,825"/>
        <Baseline points="466,825 552,830"/>
        <TextEquiv conf="1.0">
          <Unicode>„</Unicode>
        </TextEquiv>
      </TextLine>
      <TextLine id="eSc_line_5aba09d9" custom="structure {type:default;}">
        <Coords points="733,867 733,896 2644,892 2646,861 2640,832 731,836 733,867"/>
        <Baseline points="733,867 2646,861"/>
        <TextEquiv conf="0.9950523913642506">
          <Unicode>ord. Cart. fol. 3“, Tromby Stor. Cart. IV. App. p. 238, Migne 204 p. 1463. — „Cum</Unicode>
        </TextEquiv>
      </TextLine>
      <TextLine id="eSc_line_f7debe63" custom="structure {type:default;}">
        <Coords points="733,920 733,938 755,949 757,949 760,949 1073,936 1073,920 1071,887 733,889 733,920"/>
        <Baseline points="733,920 1073,920"/>
        <TextEquiv conf="0.9987541121595046">
          <Unicode>dilectos filios“.</Unicode>
        </TextEquiv>
      </TextLine>
      <TextLine id="eSc_line_dcb6e2b8" custom="structure {type:default;}">
        <Coords points="684,976 684,1000 2649,991 2651,967 2644,938 682,945 684,976"/>
        <Baseline points="684,976 2651,967"/>
        <TextEquiv conf="0.9904556247625458">
          <Unicode>16508 (10180) Prioribus et fratribus ordinis Cartusiensis concedit, „ne alicui de priori-</Unicode>
        </TextEquiv>
      </TextLine>
      <TextLine id="eSc_line_6ebf691c" custom="structure {type:default;}">
        <Coords points="159,987 159,1020 225,1018 227,1018 229,1018 229,1015 236,1009 249,995 271,1002 291,1009 293,1009 296,1009 298,1009 333,991 333,982 326,942 225,951 212,947 183,938 181,938 178,938 176,938 156,947 159,987"/>
        <Baseline points="159,987 333,982"/>
        <TextEquiv conf="0.9519467949867249">
          <Unicode>„ 7.</Unicode>
        </TextEquiv>
      </TextLine>
      <TextLine id="eSc_line_0a5fea02" custom="structure {type:default;}">
        <Coords points="470,995 475,1040 554,1009 554,991 550,954 466,947 470,995"/>
        <Baseline points="470,995 554,991"/>
        <TextEquiv conf="1.0">
          <Unicode>„</Unicode>
        </TextEquiv>
      </TextLine>
      <TextLine id="eSc_line_5dbf4d3e" custom="structure {type:default;}">
        <Coords points="733,1031 733,1053 1093,1064 1095,1064 1177,1053 1179,1053 1182,1053 1232,1066 1235,1066 1237,1066 1239,1066 1272,1053 1274,1053 1425,1064 1427,1064 1520,1051 1528,1051 1539,1051 1628,1064 1630,1064 1877,1051 1882,1051 1884,1051 1966,1064 1968,1064 1970,1064 2008,1048 2012,1048 2017,1048 2061,1062 2063,1062 2065,1062 2176,1048 2185,1048 2187,1048 2218,1062 2220,1062 2222,1064 2335,1064 2335,1062 2337,1062 2339,1062 2359,1048 2408,1062 2410,1062 2412,1064 2578,1064 2578,1062 2646,1046 2649,1024 2644,998 731,995 733,1031"/>
        <Baseline points="733,1031 2649,1024"/>
        <TextEquiv conf="0.999564329534769">
          <Unicode>bus aut fratribus sine consensu capituli domus suae licentia pateat appellandi“.</Unicode>
        </TextEquiv>
      </TextLine>
      <TextLine id="eSc_line_68c9da4e" custom="structure {type:default;}">
        <Coords points="733,1088 733,1108 2649,1106 2651,1082 2646,1053 746,1046 744,1046 742,1046 740,1046 731,1053 733,1088"/>
        <Baseline points="733,1088 2651,1082"/>
        <TextEquiv conf="0.9959505818239073">
          <Unicode>Privil. ord. Cart. fol. 3“, Tromby Stor. Cart. IV. App. p. 238, Migne 204 p. 1464.</Unicode>
        </TextEquiv>
      </TextLine>
      <TextLine id="eSc_line_5cb90abe" custom="structure {type:default;}">
        <Coords points="735,1139 735,1154 824,1170 826,1172 941,1172 941,1170 943,1170 945,1170 961,1159 1018,1168 1020,1168 1022,1168 1025,1168 1025,1166 1034,1157 1067,1170 1069,1170 1071,1172 1212,1172 1212,1170 1277,1154 1277,1139 1274,1110 735,1110 735,1139"/>
        <Baseline points="735,1139 1277,1139"/>
        <TextEquiv conf="0.9978470269002413">
          <Unicode>— „Cum ab omnibus“.</Unicode>
        </TextEquiv>
      </TextLine>
      <TextLine id="eSc_line_df375871" custom="structure {type:default;}">
        <Coords points="687,1196 687,1219 2651,1212 2653,1190 2646,1161 684,1166 687,1196"/>
        <Baseline points="687,1196 2653,1190"/>
        <TextEquiv conf="0.9999640504997896">
          <Unicode>16509 Capitulo Morinensi bona a D(esiderio) episcopo concessa et altaria quaedam et</Unicode>
        </TextEquiv>
      </TextLine>
      <TextLine id="eSc_line_acb0f726" custom="structure {type:default;}">
        <Coords points="163,1205 163,1247 205,1247 205,1245 207,1245 209,1245 209,1243 212,1243 214,1241 227,1223 251,1234 271,1243 273,1243 276,1243 278,1243 344,1223 344,1199 340,1143 271,1141 269,1141 267,1141 265,1141 265,1143 251,1154 247,1159 161,1166 163,1205"/>
        <Baseline points="163,1205 344,1199"/>
        <TextEquiv conf="0.9988415241241455">
          <Unicode>„ 12.</Unicode>
        </TextEquiv>
      </TextLine>
      <TextLine id="eSc_line_bd941bf0" custom="structure {type:default;}">
        <Coords points="468,1214 468,1238 550,1247 552,1214 552,1148 521,1141 519,1141 517,1141 514,1141 512,1141 512,1143 492,1161 488,1168 468,1168 468,1214"/>
        <Baseline points="468,1214 552,1214"/>
        <TextEquiv conf="1.0">
          <Unicode>„</Unicode>
        </TextEquiv>
      </TextLine>
      <TextLine id="eSc_line_a412f26f" custom="structure {type:default;}">
        <Coords points="733,1249 733,1274 1310,1283 1312,1283 1356,1272 1365,1272 1376,1272 1449,1283 1451,1283 1599,1272 1612,1272 1619,1272 1690,1283 1692,1283 1694,1283 1718,1272 1723,1269 1811,1272 2163,1280 2165,1280 2379,1269 2386,1269 2388,1269 2401,1280 2403,1280 2406,1280 2408,1283 2607,1283 2607,1280 2609,1280 2653,1267 2653,1245 2646,1214 731,1216 733,1249"/>
        <Baseline points="733,1249 2653,1245"/>
        <TextEquiv conf="0.9957237653434277">
          <Unicode>decimas asserit. (Mutila). Duchet et Giry Cart. de Térouane p. 61. — „Iustis pe-</Unicode>
        </TextEquiv>
      </TextLine>
      <TextLine id="eSc_line_5dbc892f" custom="structure {type:default;}">
        <Coords points="733,1302 731,1320 748,1333 751,1333 753,1333 755,1333 930,1320 943,1331 945,1331 947,1331 1067,1336 1069,1336 1179,1320 1182,1307 1179,1276 733,1269 733,1302"/>
        <Baseline points="733,1302 1182,1307"/>
        <TextEquiv conf="0.999056875705719">
          <Unicode>tentium desideriis“.</Unicode>
        </TextEquiv>
      </TextLine>
      <TextLine id="eSc_line_24d77221" custom="structure {type:default;}">
        <Coords points="689,1358 689,1382 1570,1393 1573,1393 1767,1380 1796,1380 1928,1380 1931,1380 1946,1391 1948,1391 1950,1391 1953,1391 2014,1380 2021,1380 2052,1380 2339,1391 2341,1391 2653,1378 2655,1353 2649,1327 687,1329 689,1358"/>
        <Baseline points="689,1358 2655,1353"/>
        <TextEquiv conf="0.999544063964522">
          <Unicode>16510 Decano et capitulo Morinensi privilegium dat. (19 lineae huius privilegii iam</Unicode>
        </TextEquiv>
      </TextLine>
      <TextLine id="eSc_line_e0c5b9a0" custom="structure {type:default;}">
        <Coords points="735,1419 735,1435 1058,1448 1060,1448 1120,1435 1126,1435 1131,1435 1204,1448 1206,1448 1285,1435 1292,1435 1301,1435 1444,1446 1447,1446 1449,1446 1478,1435 1484,1433 1489,1435 1520,1446 1522,1446 1524,1446 1599,1435 1615,1433 1637,1435 1760,1446 1763,1448 1961,1448 1961,1446 1964,1446 1966,1446 1984,1433 1986,1433 1990,1433 2039,1446 2041,1446 2043,1446 2045,1446 2076,1433 2076,1415 2072,1386 1405,1375 1402,1375 1400,1375 1376,1386 748,1378 746,1378 744,1378 742,1378 733,1384 735,1419"/>
        <Baseline points="735,1419 2076,1415"/>
        <TextEquiv conf="0.9926926591179588">
          <Unicode>legi nequeunt). Duchet et Giry Cart. de Térouane p. 60.</Unicode>
        </TextEquiv>
      </TextLine>
      <TextLine id="eSc_line_eb4c9399" custom="structure {type:default;}">
        <Coords points="687,1472 687,1492 2649,1497 2653,1468 2649,1439 702,1431 700,1431 698,1431 695,1431 684,1437 687,1472"/>
        <Baseline points="687,1472 2653,1468"/>
        <TextEquiv conf="0.9975926773047742">
          <Unicode>16511 (10181) Monasterio Eihamensi altaria duo asserit. Miraei Opp. dipl. IV. 29,</Unicode>
        </TextEquiv>
      </TextLine>
      <TextLine id="eSc_line_6051fa6c" custom="structure {type:default;}">
        <Coords points="165,1477 165,1514 229,1514 231,1514 234,1514 234,1512 245,1503 260,1488 349,1486 349,1472 344,1435 245,1428 243,1428 163,1442 165,1477"/>
        <Baseline points="165,1477 349,1472"/>
        <TextEquiv conf="0.9999933481216431">
          <Unicode>„ 17.</Unicode>
        </TextEquiv>
      </TextLine>
      <TextLine id="eSc_line_a7bc57a5" custom="structure {type:default;}">
        <Coords points="475,1488 475,1545 554,1545 554,1488 554,1431 475,1428 475,1488"/>
        <Baseline points="475,1488 554,1488"/>
        <TextEquiv conf="1.0">
          <Unicode>„</Unicode>
        </TextEquiv>
      </TextLine>
      <TextLine id="eSc_line_6589a241" custom="structure {type:default;}">
        <Coords points="740,1525 740,1548 1977,1554 1979,1554 2598,1541 2600,1519 2596,1492 737,1490 740,1525"/>
        <Baseline points="740,1525 2600,1519"/>
        <TextEquiv conf="0.9975753533534515">
          <Unicode>Piot Cart. d&#x27;Eename p. 79, Migne 204 p. 1465. — „Iustis petentium desideriis“.</Unicode>
        </TextEquiv>
      </TextLine>
      <TextLine id="eSc_line_252e0b1d" custom="structure {type:default;}">
        <Coords points="691,1578 691,1603 2653,1598 2655,1574 2649,1548 689,1550 691,1578"/>
        <Baseline points="691,1578 2655,1574"/>
        <TextEquiv conf="0.9980604504964438">
          <Unicode>16512 (10182) Pacem, inter canonicos S. Vincentii et S. Alexandri Bergomates recon-</Unicode>
        </TextEquiv>
      </TextLine>
      <TextLine id="eSc_line_f821b74c" custom="structure {type:default;}">
        <Coords points="165,1590 167,1623 212,1601 260,1609 318,1618 320,1618 322,1618 324,1618 349,1596 349,1585 338,1537 318,1550 289,1543 267,1539 265,1539 262,1539 260,1539 249,1548 236,1561 163,1561 165,1590"/>
        <Baseline points="165,1590 349,1585"/>
        <TextEquiv conf="0.879791522026062">
          <Unicode>„ 21.</Unicode>
        </TextEquiv>
      </TextLine>
      <TextLine id="eSc_line_c7194069" custom="structure {type:default;}">
        <Coords points="468,1601 468,1616 574,1616 574,1601 572,1567 468,1567 468,1601"/>
        <Baseline points="468,1601 574,1601"/>
        <TextEquiv conf="0.999998927116394">
          <Unicode>„)</Unicode>
        </TextEquiv>
      </TextLine>
      <TextLine id="eSc_line_952faa40" custom="structure {type:default;}">
        <Coords points="742,1636 742,1658 2653,1654 2655,1629 2649,1598 740,1605 742,1636"/>
        <Baseline points="742,1636 2655,1629"/>
        <TextEquiv conf="0.9963160329554455">
          <Unicode>ciliatam, repetit et confirmat. Lupi C. D. Berg. II. 1411: „XI. kal. Iul.“; Ughelli</Unicode>
        </TextEquiv>
      </TextLine>
      <TextLine id="eSc_line_5d5539c1" custom="structure {type:default;}">
        <Coords points="740,1693 740,1715 1042,1715 1069,1729 1071,1729 1073,1731 1179,1731 1179,1729 1650,1713 1654,1713 1692,1726 1694,1726 1696,1726 1869,1711 2059,1711 2116,1711 2158,1724 2160,1724 2163,1724 2253,1711 2271,1722 2273,1722 2275,1722 2277,1722 2368,1711 2412,1722 2414,1722 2417,1722 2653,1707 2655,1684 2651,1658 2176,1647 2174,1647 2171,1647 2151,1658 2147,1660 737,1660 740,1693"/>
        <Baseline points="740,1693 2655,1684"/>
        <TextEquiv conf="0.9897392995749847">
          <Unicode>It. sacr. IV. 472, Migne 204 p. 1465: „IX. kal. Iul.“. — „Ea, quae post discor-</Unicode>
        </TextEquiv>
      </TextLine>
      <TextLine id="eSc_line_4d175c74" custom="structure {type:default;}">
        <Coords points="737,1746 737,1764 903,1764 903,1746 903,1718 737,1718 737,1746"/>
        <Baseline points="737,1746 903,1746"/>
        <TextEquiv conf="0.9999975760777792">
          <Unicode>diam“.</Unicode>
        </TextEquiv>
      </TextLine>
      <TextLine id="eSc_line_649eee17" custom="structure {type:default;}">
        <Coords points="689,1802 689,1826 2657,1819 2660,1795 2655,1766 711,1760 709,1760 707,1760 687,1768 689,1802"/>
        <Baseline points="689,1802 2660,1795"/>
        <TextEquiv conf="0.9861569103153273">
          <Unicode>16513 Ecclesiae Tornacensis patrocinium suscipit, et possessiones ac privilegia (in his</Unicode>
        </TextEquiv>
      </TextLine>
      <TextLine id="eSc_line_119bb077" custom="structure {type:default;}">
        <Coords points="165,1806 165,1810 225,1810 229,1813 254,1830 256,1830 258,1830 260,1832 333,1832 333,1830 335,1830 338,1830 357,1815 357,1802 353,1773 271,1762 269,1762 163,1775 165,1806"/>
        <Baseline points="165,1806 357,1802"/>
        <TextEquiv conf="0.9999998211860657">
          <Unicode> 22.</Unicode>
        </TextEquiv>
      </TextLine>
      <TextLine id="eSc_line_132fa357" custom="structure {type:default;}">
        <Coords points="459,1810 459,1824 481,1839 483,1839 486,1839 488,1839 556,1824 556,1810 556,1784 459,1784 459,1810"/>
        <Baseline points="459,1810 556,1810"/>
        <TextEquiv conf="0.9999985694885254">
          <Unicode>„</Unicode>
        </TextEquiv>
      </TextLine>
      <TextLine id="eSc_line_a1a2e82f" custom="structure {type:default;}">
        <Coords points="742,1857 742,1877 2657,1877 2660,1852 2653,1824 740,1826 742,1857"/>
        <Baseline points="742,1857 2660,1852"/>
        <TextEquiv conf="0.9961590391618235">
          <Unicode>etiam „regis Helperici concessionem“, cf. MG. Dipl. Mer. p. 130) confirmat. Anal.</Unicode>
        </TextEquiv>
      </TextLine>
      <TextLine id="eSc_line_145ed75d" custom="structure {type:default;}">
        <Coords points="740,1914 740,1936 2527,1925 2529,1908 2525,1879 1336,1870 1334,1870 1332,1870 1310,1881 879,1872 877,1872 737,1883 740,1914"/>
        <Baseline points="740,1914 2529,1908"/>
        <TextEquiv conf="0.9973038246360006">
          <Unicode>p. s. à l&#x27;hist. eccl. de la Belgique IV. 270. — „Effectum iusta postulantibus“.</Unicode>
        </TextEquiv>
      </TextLine>
      <TextLine id="eSc_line_a9922559" custom="structure {type:default;}">
        <Coords points="689,1967 689,1985 2655,1987 2657,1963 2653,1934 1692,1923 1690,1923 1687,1923 1685,1923 1668,1934 1665,1936 687,1936 689,1967"/>
        <Baseline points="689,1967 2657,1963"/>
        <TextEquiv conf="0.9999294051204819">
          <Unicode>16514 (10183) Universis abbatibus ad capitulum Cisterciense convenientibus nunciat,</Unicode>
        </TextEquiv>
      </TextLine>
      <TextLine id="eSc_line_2a6384ef" custom="structure {type:default;}">
        <Coords points="132,1969 132,1985 198,2000 201,2000 240,1991 285,1980 342,1996 349,1963 340,1910 304,1919 298,1912 291,1908 291,1905 289,1905 287,1905 285,1905 214,1908 130,1923 132,1969"/>
        <Baseline points="132,1969 349,1963"/>
        <TextEquiv conf="0.9884067944117955">
          <Unicode>Iul. 6.</Unicode>
        </TextEquiv>
      </TextLine>
      <TextLine id="eSc_line_490999d3" custom="structure {type:default;}">
        <Coords points="486,1980 490,2016 570,1983 570,1976 563,1936 483,1952 486,1980"/>
        <Baseline points="486,1980 570,1976"/>
        <TextEquiv conf="1.0">
          <Unicode>„</Unicode>
        </TextEquiv>
      </TextLine>
      <TextLine id="eSc_line_8f454587" custom="structure {type:default;}">
        <Coords points="746,2020 746,2042 2657,2038 2660,2016 2655,1989 744,1989 746,2020"/>
        <Baseline points="746,2020 2660,2016"/>
        <TextEquiv conf="0.9977575853103544">
          <Unicode>Malachiam in monasterio Clarevallensi sepultum, sanctorum ordinibus a sese ascrip-</Unicode>
        </TextEquiv>
      </TextLine>
      <TextLine id="eSc_line_ede6ae77" custom="structure {type:default;}">
        <Coords points="742,2073 740,2091 779,2104 782,2104 784,2104 2655,2102 2657,2078 2655,2047 742,2044 742,2073"/>
        <Baseline points="742,2073 2657,2078"/>
        <TextEquiv conf="0.9989991955459118">
          <Unicode>tum esse, inspecta vita eius a S. Bernardo conscripta. S. Bernhardi Opp. I. 697,</Unicode>
        </TextEquiv>
      </TextLine>
      <TextLine id="eSc_line_1dafe783" custom="structure {type:default;}">
        <Coords points="742,2131 742,2150 808,2164 810,2164 888,2153 996,2153 1011,2164 1014,2164 1016,2164 1018,2164 1020,2164 1064,2153 1067,2153 1117,2164 1120,2164 1208,2153 1215,2153 1299,2153 1310,2161 1310,2164 1312,2164 1314,2164 1316,2164 1425,2153 1436,2153 1453,2153 1661,2164 1663,2164 2023,2153 2023,2131 2023,2104 742,2104 742,2131"/>
        <Baseline points="742,2131 2023,2131"/>
        <TextEquiv conf="0.9902251593920649">
          <Unicode>Migne 204 p. 1466. — „Ideo sacrosanctam Romanam“.</Unicode>
        </TextEquiv>
      </TextLine>
      <TextLine id="eSc_line_1d652090" custom="structure {type:default;}">
        <Coords points="693,2190 693,2210 2657,2201 2660,2181 2655,2153 1184,2146 1182,2146 980,2157 709,2148 707,2148 704,2148 702,2148 691,2155 693,2190"/>
        <Baseline points="693,2190 2660,2181"/>
        <TextEquiv conf="0.99582609385252">
          <Unicode>16515 Monasterium S. Genovefae Parisiense tuendum suscipit, bonaque et iura con-</Unicode>
        </TextEquiv>
      </TextLine>
      <TextLine id="eSc_line_6da1e496" custom="structure {type:default;}">
        <Coords points="167,2195 170,2217 229,2199 282,2210 302,2212 304,2212 351,2203 351,2188 344,2159 165,2159 167,2195"/>
        <Baseline points="167,2195 351,2188"/>
        <TextEquiv conf="0.9997938722372055">
          <Unicode>„ 6.</Unicode>
        </TextEquiv>
      </TextLine>
      <TextLine id="eSc_line_88e58fea" custom="structure {type:default;}">
        <Coords points="486,2197 483,2219 563,2210 565,2201 565,2173 486,2155 486,2197"/>
        <Baseline points="486,2197 565,2201"/>
        <TextEquiv conf="1.0">
          <Unicode>„</Unicode>
        </TextEquiv>
      </TextLine>
      <TextLine id="eSc_line_d673ae78" custom="structure {type:default;}">
        <Coords points="742,2241 742,2263 2649,2256 2651,2234 2646,2208 1378,2199 1376,2199 1374,2199 1332,2210 762,2201 760,2201 757,2201 755,2201 740,2208 742,2241"/>
        <Baseline points="742,2241 2651,2234"/>
        <TextEquiv conf="0.9935089768398375">
          <Unicode>firmat, petente Stephano abbate. In bibl. nat. Paris. Coll. Baluze t. 55. f. 178b. —</Unicode>
        </TextEquiv>
      </TextLine>
      <TextLine id="eSc_line_b0ac539e" custom="structure {type:default;}">
        <Coords points="742,2298 742,2316 768,2327 771,2327 773,2327 965,2314 976,2314 978,2314 1034,2325 1036,2325 1206,2309 1208,2292 1201,2263 740,2270 742,2298"/>
        <Baseline points="742,2298 1208,2292"/>
        <TextEquiv conf="0.9833422780036927">
          <Unicode>„Licet ex suscepto“.</Unicode>
        </TextEquiv>
      </TextLine>
      <TextLine id="eSc_line_1b3b0c33" custom="structure {type:default;}">
        <Coords points="695,2349 695,2373 2662,2373 2664,2349 2662,2320 695,2320 695,2349"/>
        <Baseline points="695,2349 2664,2349"/>
        <TextEquiv conf="0.9993797591546687">
          <Unicode>16516 Fratribus Molismensibus indulget, ne infra ecclesiam S. Aniani Tornodorensem</Unicode>
        </TextEquiv>
      </TextLine>
      <TextLine id="eSc_line_f0c66a57" custom="structure {type:default;}">
        <Coords points="167,2354 165,2376 254,2369 280,2393 287,2398 287,2400 289,2400 291,2400 293,2402 349,2402 351,2358 351,2327 333,2309 333,2307 331,2307 329,2307 289,2307 287,2307 285,2307 282,2307 258,2327 167,2327 167,2354"/>
        <Baseline points="167,2354 351,2358"/>
        <TextEquiv conf="0.9407238662242889">
          <Unicode>„ 9.</Unicode>
        </TextEquiv>
      </TextLine>
      <TextLine id="eSc_line_084080ba" custom="structure {type:default;}">
        <Coords points="477,2367 477,2402 563,2404 565,2362 558,2307 472,2320 477,2367"/>
        <Baseline points="477,2367 565,2362"/>
        <TextEquiv conf="1.0">
          <Unicode>„</Unicode>
        </TextEquiv>
      </TextLine>
      <TextLine id="eSc_line_53ea94f8" custom="structure {type:default;}">
        <Coords points="744,2407 744,2424 2660,2433 2662,2407 2660,2376 744,2376 744,2407"/>
        <Baseline points="744,2407 2662,2407"/>
        <TextEquiv conf="0.9995507325655149">
          <Unicode>oratorium edificetur, sine eorum vel episcopi diocesani consensu. Pflugk-Harttung</Unicode>
        </TextEquiv>
      </TextLine>
      <TextLine id="eSc_line_5357fd8d" custom="structure {type:default;}">
        <Coords points="746,2460 746,2482 961,2495 963,2495 2662,2482 2662,2460 2662,2431 746,2431 746,2460"/>
        <Baseline points="746,2460 2662,2460"/>
        <TextEquiv conf="0.9997231711315203">
          <Unicode>Acta I. 350, (Quantin Cart. gén. de l&#x27;Tonne II. 293). — „Iustis petentium desi-</Unicode>
        </TextEquiv>
      </TextLine>
      <TextLine id="eSc_line_be01afe6" custom="structure {type:default;}">
        <Coords points="742,2515 742,2528 773,2544 775,2544 777,2544 921,2526 921,2515 921,2484 742,2484 742,2515"/>
        <Baseline points="742,2515 921,2515"/>
        <TextEquiv conf="0.9980632290244102">
          <Unicode>deriis“.</Unicode>
        </TextEquiv>
      </TextLine>
      <TextLine id="eSc_line_1b34d42e" custom="structure {type:default;}">
        <Coords points="698,2570 698,2592 2662,2594 2664,2570 2664,2539 698,2539 698,2570"/>
        <Baseline points="698,2570 2664,2570"/>
        <TextEquiv conf="0.99996253296181">
          <Unicode>16517 Monasterio Omnium sanctorum de Insula (Catalaunensi) privilegium dat. Neues</Unicode>
        </TextEquiv>
      </TextLine>
      <TextLine id="eSc_line_9302613b" custom="structure {type:default;}">
        <Coords points="174,2577 174,2592 260,2585 262,2588 273,2597 273,2599 276,2599 278,2599 280,2599 335,2597 338,2597 340,2597 340,2594 355,2579 355,2570 349,2528 172,2541 174,2577"/>
        <Baseline points="174,2577 355,2570"/>
        <TextEquiv conf="0.9999993562698364">
          <Unicode>„ 15.</Unicode>
        </TextEquiv>
      </TextLine>
      <TextLine id="eSc_line_f4f34d64" custom="structure {type:default;}">
        <Coords points="488,2583 488,2597 561,2585 561,2579 554,2550 486,2552 488,2583"/>
        <Baseline points="488,2583 561,2579"/>
        <TextEquiv conf="1.0">
          <Unicode>„</Unicode>
        </TextEquiv>
      </TextLine>
      <TextLine id="eSc_line_239959e4" custom="structure {type:default;}">
        <Coords points="746,2630 746,2645 1036,2645 1038,2645 1089,2656 1091,2656 1215,2645 1261,2656 1263,2656 1265,2656 1336,2643 1338,2643 1341,2643 1378,2656 1380,2656 1383,2656 1451,2641 1460,2641 1473,2641 1575,2654 1577,2654 1802,2638 1805,2623 1800,2594 1109,2585 1106,2585 1036,2597 766,2588 764,2588 762,2588 760,2588 744,2594 746,2630"/>
        <Baseline points="746,2630 1805,2623"/>
        <TextEquiv conf="0.9921833019364964">
          <Unicode>Archiv VII. 116. — „Ea quae rationabiliter“.</Unicode>
        </TextEquiv>
      </TextLine>
      <TextLine id="eSc_line_161fdc8d" custom="structure {type:default;}">
        <Coords points="698,2683 698,2703 2662,2700 2664,2676 2660,2647 713,2641 711,2641 709,2641 707,2641 695,2647 698,2683"/>
        <Baseline points="698,2683 2664,2676"/>
        <TextEquiv conf="0.9948087734334609">
          <Unicode>16518 Monasterii S. Romani Blaviensis tutelam suscipit, possessionesque et privilegia</Unicode>
        </TextEquiv>
      </TextLine>
      <TextLine id="eSc_line_a4eeffda" custom="structure {type:default;}">
        <Coords points="176,2685 178,2714 218,2698 260,2707 291,2714 293,2714 357,2698 357,2685 357,2656 280,2641 278,2641 276,2641 273,2641 273,2643 258,2656 256,2656 176,2656 176,2685"/>
        <Baseline points="176,2685 357,2685"/>
        <TextEquiv conf="0.9999874830245972">
          <Unicode>„ 23.</Unicode>
        </TextEquiv>
      </TextLine>
      <TextLine id="eSc_line_f9e997fe" custom="structure {type:default;}">
        <Coords points="494,2691 494,2714 563,2700 563,2689 556,2656 492,2658 494,2691"/>
        <Baseline points="494,2691 563,2689"/>
        <TextEquiv conf="0.9991563558578491">
          <Unicode>„„</Unicode>
        </TextEquiv>
      </TextLine>
      <TextLine id="eSc_line_987887c7" custom="structure {type:default;}">
        <Coords points="744,2736 744,2760 2655,2753 2657,2729 2651,2700 742,2707 744,2736"/>
        <Baseline points="744,2736 2657,2729"/>
        <TextEquiv conf="0.9993873157618959">
          <Unicode>confirmat, petente Willelmo abbate. In bibl. nat. Paris. ms. lat. 12773. f. 86. —</Unicode>
        </TextEquiv>
      </TextLine>
      <TextLine id="eSc_line_a0d7b5f8" custom="structure {type:default;}">
        <Coords points="748,2791 748,2815 1438,2811 1438,2791 1438,2760 748,2760 748,2791"/>
        <Baseline points="748,2791 1438,2791"/>
        <TextEquiv conf="0.9800849596659342">
          <Unicode>„Quotiens postulatur a nobis“.</Unicode>
        </TextEquiv>
      </TextLine>
      <TextLine id="eSc_line_d4337443" custom="structure {type:default;}">
        <Coords points="136,2844 134,2886 349,2886 351,2848 351,2795 338,2784 335,2784 333,2784 282,2784 280,2784 278,2784 276,2784 276,2786 254,2806 247,2813 214,2809 167,2802 165,2802 163,2802 136,2811 136,2844"/>
        <Baseline points="136,2844 351,2848"/>
        <TextEquiv conf="0.9998044712202889">
          <Unicode>Aug. 2.</Unicode>
        </TextEquiv>
      </TextLine>
      <TextLine id="eSc_line_4f3f1334" custom="structure {type:default;}">
        <Coords points="669,2846 669,2866 2657,2877 2660,2846 2660,2815 669,2815 669,2846"/>
        <Baseline points="669,2846 2660,2846"/>
        <TextEquiv conf="0.9974573409115827">
          <Unicode>f16519 (10184) Bulla indulgentiarum data a Clemente papa „Viterbii IV. non. Aug.,</Unicode>
        </TextEquiv>
      </TextLine>
      <TextLine id="eSc_line_5e5d116a" custom="structure {type:default;}">
        <Coords points="748,2903 748,2932 2660,2921 2662,2897 2655,2864 746,2873 748,2903"/>
        <Baseline points="748,2903 2662,2897"/>
        <TextEquiv conf="0.988802109746372">
          <Unicode>p. a. 3“, quae memoratur. ap. Saussey Ann. eccl. Aurel. p. 201, non Clementi III., id</Unicode>
        </TextEquiv>
      </TextLine>
      <TextLine id="eSc_line_bc1f84ba" custom="structure {type:default;}">
        <Coords points="748,2956 748,2981 2660,2972 2662,2948 2655,2919 746,2926 748,2956"/>
        <Baseline points="748,2956 2662,2948"/>
        <TextEquiv conf="0.9920827273664803">
          <Unicode>quod Saussey et Jaflé fecerant, sed Clementi IV. attribuenda et diei 2. Aug. 1267 illi-</Unicode>
        </TextEquiv>
      </TextLine>
      <TextLine id="eSc_line_ff028689" custom="structure {type:default;}">
        <Coords points="746,3009 746,3034 994,3034 996,3005 989,2972 744,2976 746,3009"/>
        <Baseline points="746,3009 996,3005"/>
        <TextEquiv conf="0.9684111595153808">
          <Unicode>ganda est.</Unicode>
        </TextEquiv>
      </TextLine>
      <TextLine id="eSc_line_059a0938" custom="structure {type:default;}">
        <Coords points="700,3060 700,3087 2662,3087 2662,3060 2662,3032 700,3027 700,3060"/>
        <Baseline points="700,3060 2662,3060"/>
        <TextEquiv conf="0.999512963984386">
          <Unicode>16520 (Adelardo) Veronensi, (Iohanni) Faventino episcopis et (Bonifacio) abbati No-</Unicode>
        </TextEquiv>
      </TextLine>
      <TextLine id="eSc_line_0357b519" custom="structure {type:default;}">
        <Coords points="172,3067 172,3098 355,3080 355,3062 351,3023 170,3014 172,3067"/>
        <Baseline points="172,3067 355,3062"/>
        <TextEquiv conf="0.9992114543914795">
          <Unicode>„ 11.</Unicode>
        </TextEquiv>
      </TextLine>
      <TextLine id="eSc_line_72059fbe" custom="structure {type:default;}">
        <Coords points="479,3082 479,3089 563,3091 565,3076 558,3040 475,3051 479,3082"/>
        <Baseline points="479,3082 565,3076"/>
        <TextEquiv conf="0.9999998807907104">
          <Unicode>„</Unicode>
        </TextEquiv>
      </TextLine>
      <TextLine id="eSc_line_1072fcb9" custom="structure {type:default;}">
        <Coords points="751,3118 751,3142 2662,3138 2664,3113 2657,3087 748,3089 751,3118"/>
        <Baseline points="751,3118 2664,3113"/>
        <TextEquiv conf="0.9969115905463696">
          <Unicode>nantulano mandat, diiudicent inter (Ioricum) archiepiscopum Tyrensem et plebanum</Unicode>
        </TextEquiv>
      </TextLine>
      <TextLine id="eSc_line_48acb389" custom="structure {type:default;}">
        <Coords points="753,3175 753,3195 2660,3188 2662,3168 2655,3140 751,3142 753,3175"/>
        <Baseline points="753,3175 2662,3168"/>
        <TextEquiv conf="0.9974369995387984">
          <Unicode>S. Marci in eadem civitate. Wiener Sitzungsber. XCIV. 691. — „Sicut ex litteris“.</Unicode>
        </TextEquiv>
      </TextLine>
      <TextLine id="eSc_line_cf639b95" custom="structure {type:default;}">
        <Coords points="704,3228 704,3250 2660,3248 2662,3224 2657,3197 702,3197 704,3228"/>
        <Baseline points="704,3228 2662,3224"/>
        <TextEquiv conf="0.9998862864006133">
          <Unicode>16521 Fratribus hospitalis Hierosolymitani concedit, ut „pueros, qui ad ianuas domus</Unicode>
        </TextEquiv>
      </TextLine>
      <TextLine id="eSc_line_90483e1c" custom="structure {type:default;}">
        <Coords points="174,3233 174,3268 227,3268 229,3268 231,3268 231,3266 247,3248 340,3248 360,3261 366,3266 368,3266 371,3266 373,3266 375,3266 402,3257 428,3250 466,3255 512,3259 514,3259 517,3259 534,3250 545,3244 552,3248 570,3261 572,3261 574,3261 576,3263 620,3263 620,3261 623,3261 625,3261 649,3244 649,3224 642,3186 481,3191 477,3188 437,3160 435,3160 433,3160 430,3160 322,3162 320,3162 243,3193 240,3193 238,3193 187,3177 185,3177 183,3177 181,3177 178,3177 178,3180 172,3184 174,3233"/>
        <Baseline points="174,3233 649,3224"/>
        <TextEquiv conf="0.9937398731708527">
          <Unicode>„ 22.  Romae ap.</Unicode>
        </TextEquiv>
      </TextLine>
      <TextLine id="eSc_line_71fe7686" custom="structure {type:default;}">
        <Coords points="391,3283 391,3308 638,3319 642,3279 638,3250 388,3244 391,3283"/>
        <Baseline points="391,3283 642,3279"/>
        <TextEquiv conf="0.9999193880293105">
          <Unicode>S. Mariam</Unicode>
        </TextEquiv>
      </TextLine>
      <TextLine id="eSc_line_0a22cdec" custom="structure {type:default;}">
        <Coords points="753,3283 753,3308 2660,3301 2662,3277 2655,3250 751,3255 753,3283"/>
        <Baseline points="753,3283 2662,3277"/>
        <TextEquiv conf="0.999910844619884">
          <Unicode>eorum proiiciuntur alendi seu ibidem nascuntur, causa necessitatis sine alicuius prae-</Unicode>
        </TextEquiv>
      </TextLine>
      <TextLine id="eSc_line_56b8e133" custom="structure {type:default;}">
        <Coords points="421,3339 421,3356 501,3376 503,3376 505,3376 508,3376 508,3374 521,3363 592,3374 594,3374 596,3374 642,3352 642,3334 636,3305 419,3308 421,3339"/>
        <Baseline points="421,3339 642,3334"/>
        <TextEquiv conf="0.9997157795088631">
          <Unicode>maiorem</Unicode>
        </TextEquiv>
      </TextLine>
      <TextLine id="eSc_line_7306f4d8" custom="structure {type:default;}">
        <Coords points="753,3339 753,3361 2660,3358 2662,3334 2655,3305 751,3308 753,3339"/>
        <Baseline points="753,3339 2662,3334"/>
        <TextEquiv conf="0.99829301553614">
          <Unicode>iudicio in pelvi vel alio vase medico baptizare“ possint. Prutz Malteser Urk. p. 127.</Unicode>
        </TextEquiv>
      </TextLine>
      <TextLine id="eSc_line_aa90c218" custom="structure {type:default;}">
        <Coords points="755,3387 753,3403 1056,3420 1058,3420 1283,3407 1285,3392 1283,3363 755,3358 755,3387"/>
        <Baseline points="755,3387 1285,3392"/>
        <TextEquiv conf="0.9994690957523528">
          <Unicode>— „Etsi universorum“.</Unicode>
        </TextEquiv>
      </TextLine>
      <TextLine id="eSc_line_260dc016" custom="structure {type:default;}">
        <Coords points="408,3442 406,3515 627,3500 629,3447 627,3414 408,3409 408,3442"/>
        <Baseline points="408,3442 629,3447"/>
        <TextEquiv conf="0.9971796274185181">
          <Unicode>Laterani</Unicode>
        </TextEquiv>
      </TextLine>
      <TextLine id="eSc_line_d948efe6" custom="structure {type:default;}">
        <Coords points="136,3445 136,3513 152,3524 154,3524 156,3524 159,3524 223,3515 256,3511 362,3524 364,3445 364,3403 309,3389 307,3389 304,3389 136,3392 136,3445"/>
        <Baseline points="136,3445 364,3445"/>
        <TextEquiv conf="0.9915715796606881">
          <Unicode>Sept 1.</Unicode>
        </TextEquiv>
      </TextLine>
      <TextLine id="eSc_line_ba8f5901" custom="structure {type:default;}">
        <Coords points="704,3445 704,3471 2666,3471 2666,3445 2666,3416 704,3407 704,3445"/>
        <Baseline points="704,3445 2666,3445"/>
        <TextEquiv conf="0.9977388264134873">
          <Unicode>10522 (10185) Ecclesiae S. Crucis Guingampensis protectionem suscipit, possessio-esque</Unicode>
        </TextEquiv>
      </TextLine>
      <TextLine id="eSc_line_b9b48530" custom="structure {type:default;}">
        <Coords points="755,3504 755,3544 806,3557 808,3559 1396,3559 1396,3557 1478,3542 1497,3537 1599,3539 2030,3555 2032,3555 2034,3555 2090,3537 2098,3535 2662,3535 2664,3500 2657,3471 753,3473 755,3504"/>
        <Baseline points="755,3504 2664,3500"/>
        <TextEquiv conf="0.9888874022733598">
          <Unicode>ac privilegia confirmat, petente lodoino abbate. Morice Mem. p. s. a Ihist. de Bret.</Unicode>
        </TextEquiv>
      </TextLine>
      <TextLine id="eSc_line_362e7dbd" custom="structure {type:default;}">
        <Coords points="2302,3562 2302,3577 2322,3590 2324,3590 2326,3590 2328,3590 2388,3581 2388,3557 2381,3524 2297,3526 2302,3562"/>
        <Baseline points="2302,3562 2388,3557"/>
        <TextEquiv conf="0.9999843041102091">
          <Unicode>71*</Unicode>
        </TextEquiv>
      </TextLine>
    </TextRegion>
    <TextRegion id="eSc_textblock_49a251bc"  custom="structure {type:default;}">
      <Coords points="1396,141 1789,150 1798,227 1771,253 927,245 945,150 1396,141"/>
      <TextLine id="eSc_line_90156d08" custom="structure {type:default;}">
        <Coords points="947,218 947,234 983,251 985,251 987,253 1212,253 1212,251 1215,251 1217,251 1235,236 1237,236 1418,236 1427,238 1464,251 1467,251 1469,251 1471,251 1509,238 1522,236 1566,240 1694,251 1696,251 1774,240 1774,218 1774,170 1732,152 1729,152 1727,152 1623,170 1528,152 1526,152 1524,152 1484,172 1356,172 1305,152 1303,152 1301,152 1299,152 1252,170 1215,152 1212,152 1009,152 1007,152 1005,152 947,170 947,218"/>
        <Baseline points="947,218 1774,218"/>
        <TextEquiv conf="0.9987585078115049">
          <Unicode>CLEMENS III. 1187—1191.</Unicode>
        </TextEquiv>
      </TextLine>
    </TextRegion>
    <TextRegion id="eSc_textblock_391cbd65"  custom="structure {type:default;}">
      <Coords points="2518,150 2680,159 2697,200 2644,245 2505,245 2518,150"/>
      <TextLine id="eSc_line_238fa49f" custom="structure {type:default;}">
        <Coords points="2622,154 2600,154 2587,152 2529,152 2516,167 2516,212 2516,245 2543,260 2545,260 2547,260 2644,249 2644,207 2638,154 2622,154"/>
        <Baseline points="2516,212 2644,207"/>
        <TextEquiv conf="0.9999868472417196">
          <Unicode>563</Unicode>
        </TextEquiv>
      </TextLine>
    </TextRegion>
  </Page>
</PcGts>
