<?xml version="1.0" encoding="UTF-8"  standalone="yes"?>
<PcGts xmlns="http://schema.primaresearch.org/PAGE/gts/pagecontent/2019-07-15" xmlns:xsi="http://www.w3.org/2001/XMLSchema-instance" xsi:schemaLocation="http://schema.primaresearch.org/PAGE/gts/pagecontent/2019-07-15 http://schema.primaresearch.org/PAGE/gts/pagecontent/2019-07-15/pagecontent.xsd">
  <Metadata externalRef="pdf//regestapontificu02cath.pdf">
	<Creator>escriptorium</Creator>
	<Created>2026-01-31T10:38:43.808829+00:00</Created>
        <LastChange>2026-02-04T23:05:01.426889+00:00</LastChange>
  </Metadata>
  <Page imageFilename="regestapontificu02cath.pdf_page_472.png" imageWidth="3007" imageHeight="3975">
    <TextRegion id="eSc_textblock_67706460"  custom="structure {type:default;}">
      <Coords points="364,150 466,159 475,218 326,245 309,185 364,150"/>
      <TextLine id="eSc_line_65aef6f6" custom="structure {type:default;}">
        <Coords points="439,156 351,156 329,167 333,209 333,238 452,234 452,203 448,156 439,156"/>
        <Baseline points="333,209 452,203"/>
        <TextEquiv conf="0.9999999602635702">
          <Unicode>460</Unicode>
        </TextEquiv>
      </TextLine>
    </TextRegion>
    <TextRegion id="eSc_textblock_dc97da16"  custom="structure {type:default;}">
      <Coords points="1752,291 2883,300 2883,3504 963,3531 609,3495 581,3398 554,3495 318,3495 291,3151 300,353 335,300 598,344 872,335 910,300 1752,291"/>
      <TextLine id="eSc_line_d353b658" custom="structure {type:default;}">
        <Coords points="2330,295 2328,293 2235,293 2220,293 2198,293 2176,293 2154,293 2132,293 2109,293 2087,293 2065,293 2043,293 2023,291 1959,302 1942,291 1939,291 1937,291 1933,291 1911,291 1889,291 1866,291 1844,291 1822,291 1800,291 1778,291 1776,291 1774,291 1771,291 1769,291 1749,304 1725,291 1723,291 1721,291 1718,291 1716,291 1694,306 1692,306 1690,306 1539,291 1535,293 1513,293 1493,293 1307,309 1290,309 1268,309 1069,298 1049,298 1027,298 1005,298 983,298 961,298 958,298 899,306 894,311 877,324 874,362 874,377 1124,390 1126,390 1188,379 1201,377 1237,379 1420,390 1422,390 1425,390 1449,379 1458,375 1489,379 1568,390 1570,390 1646,379 1679,375 1851,375 1862,379 1889,390 1891,390 1893,393 2010,393 2010,390 2012,390 2014,390 2030,379 2041,373 2094,379 2129,384 2132,384 2134,384 2143,379 2158,373 2187,379 2224,388 2227,388 2264,379 2295,373 2313,379 2333,388 2335,388 2337,388 2726,379 2728,348 2724,304 2333,295 2330,295"/>
        <Baseline points="874,362 1173,353 2728,348"/>
        <TextEquiv conf="0.9798173795728122">
          <Unicode>1183. (Ind. 1. — 1. Sept. — 2. pont. a. 2. — o. Sept. — 3. 1152. — 25. Mart. — 1183.)</Unicode>
        </TextEquiv>
      </TextLine>
      <TextLine id="eSc_line_06289082" custom="structure {type:default;}">
        <Coords points="355,421 355,461 843,461 843,459 846,459 848,459 877,443 2854,448 2856,417 2850,366 353,368 355,421"/>
        <Baseline points="355,421 2856,417"/>
        <TextEquiv conf="0.9985233609582863">
          <Unicode>Dec. 23. (Anagniae) 14959 Ecclesiam S. Columbae Ariminensem tuendam suscipit eiusque possessiones con-</Unicode>
        </TextEquiv>
      </TextLine>
      <TextLine id="eSc_line_53f8aaaf" custom="structure {type:default;}">
        <Coords points="956,474 956,496 2858,499 2863,468 2856,437 954,443 956,474"/>
        <Baseline points="956,474 2863,468"/>
        <TextEquiv conf="0.9998965152987728">
          <Unicode>firmat, petente Rolando praeposito. Pflugk-Harttung Acta III. 311, (Tonini Rimini</Unicode>
        </TextEquiv>
      </TextLine>
      <TextLine id="eSc_line_16ec8852" custom="structure {type:default;}">
        <Coords points="952,530 952,549 1098,549 1122,560 1124,560 1126,560 1129,560 1164,547 1175,547 1460,558 1462,558 1464,558 1467,558 1484,545 1491,545 1807,556 1809,556 1880,541 1882,523 1877,496 967,490 965,490 963,490 961,490 950,496 952,530"/>
        <Baseline points="952,530 1882,523"/>
        <TextEquiv conf="0.9999431769053141">
          <Unicode>II. 417). — „Quotiens a nobis petitur“.</Unicode>
        </TextEquiv>
      </TextLine>
      <TextLine id="eSc_line_1eed0198" custom="structure {type:default;}">
        <Coords points="388,585 386,602 461,596 479,600 508,611 510,611 512,611 514,611 563,596 565,589 565,549 534,536 532,536 530,536 483,547 450,554 388,543 388,585"/>
        <Baseline points="388,585 565,589"/>
        <TextEquiv conf="0.9999996900558472">
          <Unicode>„ 25.</Unicode>
        </TextEquiv>
      </TextLine>
      <TextLine id="eSc_line_7c4a5840" custom="structure {type:default;}">
        <Coords points="693,594 693,627 784,613 784,589 777,558 691,563 693,594"/>
        <Baseline points="693,594 784,589"/>
        <TextEquiv conf="1.0">
          <Unicode>„</Unicode>
        </TextEquiv>
      </TextLine>
      <TextLine id="eSc_line_7920a85f" custom="structure {type:default;}">
        <Coords points="910,583 910,600 2516,607 2518,583 2518,549 910,545 910,583"/>
        <Baseline points="910,583 2518,583"/>
        <TextEquiv conf="0.9988148194370847">
          <Unicode>Vide Gaufredi Vos. Chron. ap. Labbe II. 242, in MG. SS. XXVI. 203.</Unicode>
        </TextEquiv>
      </TextLine>
      <TextLine id="eSc_line_53a1298e" custom="structure {type:default;}">
        <Coords points="386,642 386,673 572,664 572,642 572,613 486,600 483,600 481,600 479,600 463,613 463,616 386,616 386,642"/>
        <Baseline points="386,642 572,642"/>
        <TextEquiv conf="0.9294716119766235">
          <Unicode>„ 31.</Unicode>
        </TextEquiv>
      </TextLine>
      <TextLine id="eSc_line_d07b1310" custom="structure {type:default;}">
        <Coords points="669,647 669,708 762,717 764,647 764,620 669,620 669,647"/>
        <Baseline points="669,647 764,647"/>
        <TextEquiv conf="1.0">
          <Unicode>„</Unicode>
        </TextEquiv>
      </TextLine>
      <TextLine id="eSc_line_e43db8de" custom="structure {type:default;}">
        <Coords points="910,640 910,660 2858,653 2861,633 2856,605 2573,591 2571,591 2569,591 2567,591 2547,605 2315,605 2277,591 2275,591 2273,591 2204,605 1584,594 1581,594 1579,594 1553,607 1531,596 1528,596 1526,596 1524,596 1500,607 1345,596 1343,596 1341,596 1305,607 1215,596 1212,596 1142,607 1126,596 1124,596 1122,596 930,596 927,596 925,596 923,596 908,605 910,640"/>
        <Baseline points="910,640 2861,633"/>
        <TextEquiv conf="0.9962751202285289">
          <Unicode>14960 Monasterio S. Theoderici Remensi privilegium dat. Neues Archiv VII. 110. —</Unicode>
        </TextEquiv>
      </TextLine>
      <TextLine id="eSc_line_9102949e" custom="structure {type:default;}">
        <Coords points="952,693 952,715 1391,715 1391,693 1391,662 952,662 952,693"/>
        <Baseline points="952,693 1391,693"/>
        <TextEquiv conf="0.9999587033924303">
          <Unicode>„Iustis petentium“.</Unicode>
        </TextEquiv>
      </TextLine>
      <TextLine id="eSc_line_5d4747b7" custom="structure {type:default;}">
        <Coords points="901,748 901,770 2861,761 2863,739 2858,708 1911,700 1908,700 1736,711 943,704 941,704 938,704 899,715 901,748"/>
        <Baseline points="901,748 2863,739"/>
        <TextEquiv conf="0.9873216671999111">
          <Unicode>14961 (9575) Ecclesiae b. Laurentii Ulciensis protectionem suscipit, bonaque ac prisi-</Unicode>
        </TextEquiv>
      </TextLine>
      <TextLine id="eSc_line_d264c8c5" custom="structure {type:default;}">
        <Coords points="952,799 952,823 2861,819 2863,795 2858,768 950,768 952,799"/>
        <Baseline points="952,799 2863,795"/>
        <TextEquiv conf="0.9950174009098726">
          <Unicode>legia confirmat, petente Martino praeposito. Ulciensis eccl. chartar. p. 13, cum cor-</Unicode>
        </TextEquiv>
      </TextLine>
      <TextLine id="eSc_line_21adaa70" custom="structure {type:default;}">
        <Coords points="952,856 952,876 2861,878 2863,856 2863,828 952,828 952,856"/>
        <Baseline points="952,856 2863,856"/>
        <TextEquiv conf="0.9928082262360772">
          <Unicode>recturis in Miscellan. di stor. ital. XX. 571, Pennotti Ord. cler. can. hist. ed. Rom.</Unicode>
        </TextEquiv>
      </TextLine>
      <TextLine id="eSc_line_54ad9f7b" custom="structure {type:default;}">
        <Coords points="954,914 954,934 2344,927 2346,909 2341,881 1687,867 1685,867 1597,881 1246,870 1243,870 1241,870 1212,881 1184,870 1182,870 1179,870 1117,881 1047,870 1045,870 952,883 954,914"/>
        <Baseline points="954,914 2346,909"/>
        <TextEquiv conf="0.9837207595507304">
          <Unicode>p. 494, ed. Colon. p. 508. — „Religiosis desideriis dignum“.</Unicode>
        </TextEquiv>
      </TextLine>
      <TextLine id="eSc_line_cff1896c" custom="structure {type:default;}">
        <Coords points="901,969 901,989 2229,982 2231,962 2227,929 921,925 919,925 916,925 914,925 899,931 901,969"/>
        <Baseline points="901,969 2231,962"/>
        <TextEquiv conf="0.9989508011124351">
          <Unicode>14962 Ecclesiae Ravennati. Pflugk-Harttung Iter p. 810.</Unicode>
        </TextEquiv>
      </TextLine>
      <TextLine id="eSc_line_6563b6b3" custom="structure {type:default;}">
        <Coords points="868,1088 967,1095 969,1095 972,1095 1025,1082 1040,1077 1047,1079 1073,1093 1075,1093 1078,1093 1166,1090 1168,1090 1208,1071 1208,1053 1204,1011 1122,993 1120,993 1117,993 1060,1009 1042,1015 1005,1015 996,1009 980,995 978,995 976,995 974,995 908,998 905,998 903,998 888,1007 877,1015 868,1007 868,1060 868,1088"/>
        <Baseline points="868,1060 1208,1053"/>
        <TextEquiv conf="0.9821845347231085">
          <Unicode>1181— 1184.</Unicode>
        </TextEquiv>
      </TextLine>
      <TextLine id="eSc_line_36527cae" custom="structure {type:default;}">
        <Coords points="901,1128 901,1154 2865,1154 2865,1128 2865,1093 901,1093 901,1128"/>
        <Baseline points="901,1128 2865,1128"/>
        <TextEquiv conf="0.9798794514992658">
          <Unicode>14963 (9576) (Richardo) archiepiscopo Cantuariensi mandat, cogat magistrum P. Blesen-</Unicode>
        </TextEquiv>
      </TextLine>
      <TextLine id="eSc_line_4b93eadf" custom="structure {type:default;}">
        <Coords points="952,1183 952,1205 2861,1201 2863,1179 2856,1148 950,1150 952,1183"/>
        <Baseline points="952,1183 2863,1179"/>
        <TextEquiv conf="0.9996826256576338">
          <Unicode>sem, cancellarium suum, ut magistrum Stephanum, qui „pro eo, tempore Latera-</Unicode>
        </TextEquiv>
      </TextLine>
      <TextLine id="eSc_line_cb7d1494" custom="structure {type:default;}">
        <Coords points="954,1238 954,1263 2865,1263 2865,1238 2865,1212 954,1212 954,1238"/>
        <Baseline points="954,1238 2865,1238"/>
        <TextEquiv conf="0.9957730518766197">
          <Unicode>nensis concilii, in XV. marcis sterlingorum legalium et communium intercesserit, ab</Unicode>
        </TextEquiv>
      </TextLine>
      <TextLine id="eSc_line_08925f3c" custom="structure {type:default;}">
        <Coords points="954,1296 954,1318 2858,1322 2863,1289 2856,1260 952,1263 954,1296"/>
        <Baseline points="954,1296 2863,1289"/>
        <TextEquiv conf="0.9929667442310147">
          <Unicode>intercessione absolvat“. Praecipit, „ut si P. debitum negaverit, iuramentum calum-</Unicode>
        </TextEquiv>
      </TextLine>
      <TextLine id="eSc_line_7b3815ec" custom="structure {type:default;}">
        <Coords points="952,1349 952,1371 2863,1369 2865,1344 2858,1313 950,1316 952,1349"/>
        <Baseline points="952,1349 2865,1344"/>
        <TextEquiv conf="0.9999565566287322">
          <Unicode>niae subire cogatur; praeterea“ inquit „quia difficile foret intercessori testes suos</Unicode>
        </TextEquiv>
      </TextLine>
      <TextLine id="eSc_line_5f0882c2" custom="structure {type:default;}">
        <Coords points="954,1404 954,1426 2861,1422 2863,1397 2858,1369 1590,1360 1588,1360 1480,1371 1029,1362 1027,1362 952,1373 954,1404"/>
        <Baseline points="954,1404 2863,1397"/>
        <TextEquiv conf="0.9930998915579261">
          <Unicode>audiendos in Angliam ducere, iudicibus Bononiensibus significes, ut illos vice tua</Unicode>
        </TextEquiv>
      </TextLine>
      <TextLine id="eSc_line_7e0f0628" custom="structure {type:default;}">
        <Coords points="956,1459 956,1479 2861,1488 2863,1459 2863,1428 956,1428 956,1459"/>
        <Baseline points="956,1459 2863,1459"/>
        <TextEquiv conf="0.9925396591424942">
          <Unicode>recipiant et examinent“. App. conc. Lat. XXIII. 6, Coll. Lips. XXVII. 6, Coll. Bamb.</Unicode>
        </TextEquiv>
      </TextLine>
      <TextLine id="eSc_line_f5b859e2" custom="structure {type:default;}">
        <Coords points="954,1517 954,1539 2861,1539 2863,1510 2856,1479 2485,1479 2483,1479 2414,1468 2412,1468 2410,1468 2377,1479 2346,1468 2344,1468 2341,1468 2339,1468 2337,1468 2324,1479 2271,1470 2269,1470 2266,1470 2224,1481 2220,1484 1957,1484 1957,1481 1931,1470 1928,1470 1926,1470 1924,1470 1922,1470 1906,1481 1873,1470 1871,1470 1869,1470 1866,1470 1836,1481 1714,1470 1712,1470 1661,1481 1637,1470 1634,1470 1632,1470 1630,1470 1628,1470 1610,1481 1212,1472 1210,1472 1208,1472 1164,1484 1135,1472 1133,1472 1131,1472 1129,1472 1104,1484 1089,1472 1087,1472 1084,1472 967,1472 965,1472 963,1472 961,1472 952,1477 954,1517"/>
        <Baseline points="954,1517 2863,1510"/>
        <TextEquiv conf="0.9958463105154626">
          <Unicode>XXV. 7, Coll. Cass. XLIV. 9, Comp. I. L. 3. t. 18. c. 5, L. I. t. 35. c. 7, Decr.</Unicode>
        </TextEquiv>
      </TextLine>
      <TextLine id="eSc_line_a2b0426b" custom="structure {type:default;}">
        <Coords points="952,1567 952,1592 2865,1592 2865,1567 2865,1532 2149,1523 2147,1523 2105,1532 2094,1534 2083,1532 2034,1523 2032,1523 1988,1532 1979,1534 1970,1532 1917,1523 1915,1523 1813,1534 1796,1534 1771,1534 1615,1523 1612,1523 1610,1523 1608,1523 1592,1534 1590,1537 1385,1537 1380,1534 1338,1523 1336,1523 1334,1523 1252,1534 1250,1534 1246,1534 1177,1523 1175,1523 1173,1523 1148,1534 1148,1537 952,1537 952,1567"/>
        <Baseline points="952,1567 2865,1567"/>
        <TextEquiv conf="0.9919479839942035">
          <Unicode>Greg. L. III. t. 22. c. 3. — „Constitutus apud nos“ „Constitutus in praesentia“ „Quia</Unicode>
        </TextEquiv>
      </TextLine>
      <TextLine id="eSc_line_a3f9be93" custom="structure {type:default;}">
        <Coords points="952,1623 952,1638 1040,1651 1042,1651 1045,1651 1075,1638 1106,1651 1109,1651 1111,1651 1277,1634 1279,1618 1272,1592 950,1594 952,1623"/>
        <Baseline points="952,1623 1279,1618"/>
        <TextEquiv conf="0.9944927096366882">
          <Unicode>vero diversa“.</Unicode>
        </TextEquiv>
      </TextLine>
      <TextLine id="eSc_line_25886753" custom="structure {type:default;}">
        <Coords points="901,1678 901,1702 2863,1696 2865,1671 2858,1640 899,1645 901,1678"/>
        <Baseline points="901,1678 2865,1671"/>
        <TextEquiv conf="0.9995016164722896">
          <Unicode>14964 (9577) B(alduino) episcopo Wigorniensi scribit de T. rectore ecclesiae de Dul-</Unicode>
        </TextEquiv>
      </TextLine>
      <TextLine id="eSc_line_2daf032c" custom="structure {type:default;}">
        <Coords points="954,1733 954,1755 2863,1753 2865,1729 2861,1698 952,1698 954,1733"/>
        <Baseline points="954,1733 2865,1729"/>
        <TextEquiv conf="0.9999469380553175">
          <Unicode>ting, cui R(eginaldus) episcopus Bathoniensis interdixerit, ne monachis Glasticiae</Unicode>
        </TextEquiv>
      </TextLine>
      <TextLine id="eSc_line_cf938382" custom="structure {type:default;}">
        <Coords points="952,1790 952,1810 2858,1815 2863,1784 2858,1755 2350,1755 2319,1742 2317,1742 2315,1742 2313,1742 2284,1753 2227,1742 2224,1742 1895,1755 1674,1744 1672,1744 1584,1757 1509,1746 1506,1746 1504,1746 1475,1760 1252,1760 1237,1746 1235,1746 1232,1746 1062,1746 1060,1746 1058,1746 1031,1757 974,1746 972,1746 969,1746 967,1746 950,1755 952,1790"/>
        <Baseline points="952,1790 2863,1784"/>
        <TextEquiv conf="0.99847616458481">
          <Unicode>(al. Clanstig) censum solveret. App. conc. Lat. XXVIII. 13, Comp. II. L. 3. t. 25. c. 1,</Unicode>
        </TextEquiv>
      </TextLine>
      <TextLine id="eSc_line_cc0b2d52" custom="structure {type:default;}">
        <Coords points="958,1843 958,1863 1007,1879 1009,1879 1011,1879 1104,1863 1109,1863 1115,1863 1215,1881 1217,1881 1303,1863 1305,1861 1776,1861 1778,1861 1802,1879 1805,1879 1807,1879 1809,1881 2010,1881 2010,1879 2012,1879 2072,1861 2132,1877 2134,1877 2136,1877 2138,1877 2202,1859 2209,1859 2288,1859 2291,1859 2313,1877 2315,1877 2317,1877 2319,1879 2565,1879 2565,1877 2673,1857 2675,1837 2668,1808 956,1810 958,1843"/>
        <Baseline points="958,1843 2675,1837"/>
        <TextEquiv conf="0.9935169444455729">
          <Unicode>Decr. Greg. L. III. t. 39. c. 13. — „Significavit nobis T.“ „Significavit T.“</Unicode>
        </TextEquiv>
      </TextLine>
      <TextLine id="eSc_line_676cb1fc" custom="structure {type:default;}">
        <Coords points="870,1934 870,1958 943,1976 945,1976 1045,1956 1047,1956 1089,1974 1091,1974 1093,1974 1206,1952 1208,1927 1204,1888 1148,1874 1146,1874 1000,1890 965,1877 963,1877 961,1877 868,1892 870,1934"/>
        <Baseline points="870,1934 1208,1927"/>
        <TextEquiv conf="0.9999416037039324">
          <Unicode>1183— 1184.</Unicode>
        </TextEquiv>
      </TextLine>
      <TextLine id="eSc_line_3de53e92" custom="structure {type:default;}">
        <Coords points="901,2009 901,2031 1314,2031 1338,2042 1341,2042 1343,2042 1345,2042 1380,2031 1391,2029 1537,2029 1544,2031 1562,2040 1564,2040 1566,2040 1568,2040 1570,2040 1584,2031 1588,2029 1634,2031 1754,2040 1756,2040 1844,2031 1911,2027 1995,2033 2072,2038 2074,2038 2076,2038 2087,2033 2101,2027 2138,2033 2169,2038 2171,2040 2326,2040 2326,2038 2328,2038 2330,2038 2337,2033 2348,2027 2863,2033 2865,2000 2861,1972 2459,1961 2456,1961 2375,1969 2335,1972 2311,1967 2269,1961 2266,1961 2158,1967 2085,1972 2076,1967 2059,1958 2056,1958 2054,1958 2052,1958 2034,1967 2026,1972 2017,1967 1997,1956 1995,1956 1919,1956 1917,1956 1915,1956 1893,1967 1877,1974 1840,1965 1820,1963 1818,1963 1816,1963 1809,1965 1789,1976 1559,1976 1458,1965 1391,1958 1389,1958 1243,1961 1241,1961 1235,1963 1208,1976 1188,1963 1186,1961 1184,1961 1182,1961 1179,1961 899,1961 901,2009"/>
        <Baseline points="901,2009 2865,2000"/>
        <TextEquiv conf="0.9883439050001257">
          <Unicode>14965 (9047. 9578) Waltero, episcopo Lincolniensi, respondet, se „litteras, in quibus</Unicode>
        </TextEquiv>
      </TextLine>
      <TextLine id="eSc_line_3c048840" custom="structure {type:default;}">
        <Coords points="952,2064 952,2084 1310,2095 1312,2095 1374,2084 1469,2095 1471,2095 1615,2082 1623,2082 1626,2082 1668,2095 1670,2095 1672,2097 1831,2097 1831,2095 1833,2095 1836,2095 1853,2082 1895,2091 1897,2091 2103,2080 2116,2080 2123,2080 2242,2093 2244,2093 2246,2093 2297,2080 2383,2093 2386,2093 2456,2091 2459,2091 2461,2091 2478,2078 2483,2078 2569,2091 2571,2091 2832,2089 2834,2089 2865,2075 2865,2055 2858,2029 950,2036 952,2064"/>
        <Baseline points="952,2064 2865,2055"/>
        <TextEquiv conf="0.9928076622031984">
          <Unicode>actor suae nomen supprimat dignitatis, vires nolle aliquas obtinere“. Addit „de rec-</Unicode>
        </TextEquiv>
      </TextLine>
      <TextLine id="eSc_line_3f8d52a6" custom="structure {type:default;}">
        <Coords points="952,2117 952,2144 2863,2135 2865,2113 2861,2080 950,2078 952,2117"/>
        <Baseline points="952,2117 2865,2113"/>
        <TextEquiv conf="0.9960768548555152">
          <Unicode>toribus ecclesiarum leprae macula infectis“. (In priore Regestorum editione decretalis</Unicode>
        </TextEquiv>
      </TextLine>
      <TextLine id="eSc_line_b5bfe6e5" custom="structure {type:default;}">
        <Coords points="952,2173 952,2190 2861,2192 2863,2173 2863,2142 1581,2131 1579,2131 1577,2131 1553,2142 1553,2144 1126,2144 1126,2142 1080,2131 1078,2131 1075,2131 952,2142 952,2173"/>
        <Baseline points="952,2173 2863,2173"/>
        <TextEquiv conf="0.9972511397467719">
          <Unicode>secunda pars per errorem Alexandri III. epistolis adiuncta erat). App. conc. Lat.</Unicode>
        </TextEquiv>
      </TextLine>
      <TextLine id="eSc_line_df5f22ef" custom="structure {type:default;}">
        <Coords points="954,2230 954,2252 2858,2256 2861,2230 2861,2197 2839,2186 2836,2186 2834,2186 2832,2186 2797,2197 2772,2186 2770,2186 2768,2186 2766,2186 2730,2197 2638,2186 2635,2186 2633,2186 2598,2197 2498,2186 2496,2186 2494,2186 2448,2197 2448,2199 2315,2199 2313,2197 2297,2186 2295,2186 2293,2186 2291,2186 2288,2186 2264,2197 2262,2197 2169,2186 2167,2186 2165,2186 2163,2186 2145,2197 2105,2186 2103,2186 2101,2186 2098,2186 2063,2197 2061,2197 2059,2197 2026,2186 2023,2186 2021,2186 2019,2186 1999,2197 1995,2199 1794,2199 1791,2197 1778,2186 1776,2186 1774,2186 1771,2186 1769,2186 1767,2186 1752,2197 1749,2197 1745,2197 1712,2186 1710,2186 1707,2186 1705,2186 1672,2195 1668,2197 1665,2195 1652,2186 1650,2186 1648,2186 1646,2186 1643,2186 1619,2195 1612,2197 1592,2195 1500,2186 1497,2186 1495,2186 1469,2195 1460,2197 1451,2195 1414,2186 1411,2186 1409,2186 1407,2186 1405,2186 1391,2195 1387,2197 1380,2195 1356,2186 1354,2186 1352,2186 954,2192 954,2230"/>
        <Baseline points="954,2230 2861,2230"/>
        <TextEquiv conf="0.9858135853284671">
          <Unicode>XLI. 8, XXXVII. 4, Comp. I. L. 1. t. 2. c. 6, L. 3. t. 6. c. 3, Decr. Greg. L. I.</Unicode>
        </TextEquiv>
      </TextLine>
      <TextLine id="eSc_line_4fa63c91" custom="structure {type:default;}">
        <Coords points="950,2285 950,2305 2858,2309 2863,2279 2856,2248 947,2252 950,2285"/>
        <Baseline points="950,2285 2863,2279"/>
        <TextEquiv conf="0.9989968452108912">
          <Unicode>t. 3. c. 8, L. III. t. 6. c. 3. — „Ad aures nostras“ „Super eo vero, quod“ „De rec-</Unicode>
        </TextEquiv>
      </TextLine>
      <TextLine id="eSc_line_931b77e2" custom="structure {type:default;}">
        <Coords points="950,2338 950,2358 1104,2362 1106,2362 1109,2362 1155,2347 1155,2334 1151,2294 947,2294 950,2338"/>
        <Baseline points="950,2338 1155,2334"/>
        <TextEquiv conf="0.999953912364112">
          <Unicode>toribus“.</Unicode>
        </TextEquiv>
      </TextLine>
      <TextLine id="eSc_line_46c786aa" custom="structure {type:default;}">
        <Coords points="899,2393 899,2418 2861,2409 2863,2385 2856,2351 897,2351 899,2393"/>
        <Baseline points="899,2393 2863,2385"/>
        <TextEquiv conf="0.9968627485490981">
          <Unicode>14966 (9579) W(altero) episcopo Lincolniensi scribit, „si aliqua causa alicui fuerit</Unicode>
        </TextEquiv>
      </TextLine>
      <TextLine id="eSc_line_f2e58395" custom="structure {type:default;}">
        <Coords points="952,2444 952,2468 2861,2471 2863,2444 2863,2415 952,2415 952,2444"/>
        <Baseline points="952,2444 2863,2444"/>
        <TextEquiv conf="0.9993218017178912">
          <Unicode>delegata, qui consanguineus illius sit, qui litteras impetraverit, huiusmodi delegatum</Unicode>
        </TextEquiv>
      </TextLine>
      <TextLine id="eSc_line_0796b309" custom="structure {type:default;}">
        <Coords points="954,2499 954,2528 2856,2526 2858,2504 2856,2462 954,2462 954,2499"/>
        <Baseline points="954,2499 2858,2504"/>
        <TextEquiv conf="0.9909057684242726">
          <Unicode>posse recusari“. App. conc. Lat. X. 18, Comp. I. L. 2. t. 20. c. 45, Decr. Greg.</Unicode>
        </TextEquiv>
      </TextLine>
      <TextLine id="eSc_line_ba801e80" custom="structure {type:default;}">
        <Coords points="954,2559 954,2577 1135,2585 1137,2585 1239,2577 1259,2574 1263,2574 1292,2585 1294,2585 1296,2585 1473,2574 1480,2574 1517,2585 1520,2585 1522,2585 1712,2583 1714,2583 1716,2583 1732,2574 1741,2581 1741,2583 1743,2583 1745,2583 1747,2585 1842,2585 1842,2583 2138,2568 2140,2550 2136,2524 1897,2510 1895,2510 1893,2510 1838,2524 1824,2513 1822,2513 1820,2513 1818,2513 1632,2524 1544,2513 1542,2513 1539,2513 1500,2526 1327,2515 1325,2515 1246,2528 1221,2517 1219,2517 1217,2517 1093,2528 1034,2517 1031,2517 1029,2517 1000,2528 969,2517 967,2517 965,2517 963,2517 961,2517 952,2524 954,2559"/>
        <Baseline points="954,2559 2140,2550"/>
        <TextEquiv conf="0.9871877901829206">
          <Unicode>L. II. t. 28. c. 36. — „Postremo fraternitati tuae“.</Unicode>
        </TextEquiv>
      </TextLine>
      <TextLine id="eSc_line_e26626de" custom="structure {type:default;}">
        <Coords points="868,2658 868,2678 2733,2678 2733,2647 2726,2610 2465,2616 2445,2610 2436,2605 2434,2605 2432,2605 2390,2610 2299,2619 2275,2610 2264,2605 2262,2605 2260,2605 2222,2610 2149,2619 2134,2610 2129,2605 2127,2605 2125,2605 2123,2605 2121,2605 2118,2605 2114,2610 2098,2621 1975,2621 1948,2610 1946,2610 1944,2610 1942,2610 1939,2610 1924,2623 1818,2623 1789,2610 1782,2608 1780,2608 1778,2608 1776,2608 1774,2608 1771,2610 1754,2621 1661,2612 1659,2612 1559,2623 1531,2610 1528,2610 1526,2610 1524,2610 1522,2610 1520,2610 1502,2625 1440,2625 1365,2610 1356,2610 1354,2610 1343,2610 1230,2625 1201,2612 1199,2612 1197,2612 1195,2612 1168,2625 1146,2612 1144,2612 1142,2612 1064,2612 1062,2612 1060,2612 1022,2625 1005,2612 1003,2612 1000,2612 866,2612 868,2658"/>
        <Baseline points="868,2658 2733,2647"/>
        <TextEquiv conf="0.9976622293977176">
          <Unicode>1184. (Ind. 2. — I. Sept. — 3, pont. a. 3. — 6. Sept. — 4, 1182. — 25. Mart. — 1184.)</Unicode>
        </TextEquiv>
      </TextLine>
      <TextLine id="eSc_line_c0856612" custom="structure {type:default;}">
        <Coords points="342,2720 342,2749 404,2762 406,2762 408,2762 410,2762 428,2749 435,2744 472,2744 481,2747 530,2773 532,2773 534,2775 585,2775 585,2773 587,2773 653,2749 684,2749 704,2764 707,2764 709,2764 711,2764 713,2764 715,2764 742,2747 828,2740 830,2716 824,2672 700,2672 698,2669 636,2610 636,2608 634,2608 631,2608 629,2608 499,2610 497,2610 494,2610 494,2612 433,2667 430,2667 408,2652 406,2652 404,2652 402,2652 340,2665 342,2720"/>
        <Baseline points="342,2720 830,2716"/>
        <TextEquiv conf="0.8450521752238274">
          <Unicode>„ „ Aaaertrr</Unicode>
        </TextEquiv>
      </TextLine>
      <TextLine id="eSc_line_e77a20c8" custom="structure {type:default;}">
        <Coords points="901,2718 901,2740 2863,2736 2863,2714 2856,2678 899,2680 901,2718"/>
        <Baseline points="901,2718 2863,2714"/>
        <TextEquiv conf="0.9995856479156849">
          <Unicode>14967 Monasterii S. Guinnoci Bergensis tutelam suscipit, possessionesque et privilegia</Unicode>
        </TextEquiv>
      </TextLine>
      <TextLine id="eSc_line_d5d6b2d0" custom="structure {type:default;}">
        <Coords points="952,2773 952,2795 2856,2793 2858,2769 2852,2740 950,2742 952,2773"/>
        <Baseline points="952,2773 2858,2769"/>
        <TextEquiv conf="0.997968427091837">
          <Unicode>confirmat, petente Alexio abbate. Pruvost Chronique de Bergues-St.-Winoc I. 149.</Unicode>
        </TextEquiv>
      </TextLine>
      <TextLine id="eSc_line_b5715f09" custom="structure {type:default;}">
        <Coords points="947,2831 947,2848 1022,2848 1025,2848 1038,2862 1038,2864 1040,2864 1042,2864 1045,2864 1288,2862 1290,2862 1292,2862 1314,2846 1316,2846 1394,2862 1396,2862 1398,2862 1451,2846 1489,2859 1491,2859 1493,2862 1690,2862 1690,2859 1692,2859 1743,2842 1743,2824 1738,2797 1491,2786 1489,2786 1486,2786 1484,2786 1469,2797 1060,2791 1058,2791 945,2802 947,2831"/>
        <Baseline points="947,2831 1743,2824"/>
        <TextEquiv conf="0.9900938200228142">
          <Unicode>— „Religiosam vitam eligentibus“.</Unicode>
        </TextEquiv>
      </TextLine>
      <TextLine id="eSc_line_c29290f0" custom="structure {type:default;}">
        <Coords points="375,2897 375,2910 490,2910 508,2926 517,2932 519,2932 521,2932 523,2932 543,2928 556,2926 574,2932 614,2945 616,2945 768,2950 771,2888 764,2859 609,2862 572,2844 570,2844 567,2844 499,2846 497,2846 494,2846 494,2848 477,2864 475,2868 373,2868 375,2897"/>
        <Baseline points="375,2897 771,2888"/>
        <TextEquiv conf="0.9958999752998352">
          <Unicode>„ 3. „</Unicode>
        </TextEquiv>
      </TextLine>
      <TextLine id="eSc_line_ad8211db" custom="structure {type:default;}">
        <Coords points="897,2886 897,2908 2801,2910 2803,2910 2858,2897 2858,2877 2852,2844 894,2850 897,2886"/>
        <Baseline points="897,2886 2858,2877"/>
        <TextEquiv conf="0.9917599912299666">
          <Unicode>14968 Parthenonis Burburgensis patrocinium suscipit possessionesque et privilegia con-</Unicode>
        </TextEquiv>
      </TextLine>
      <TextLine id="eSc_line_434aef6f" custom="structure {type:default;}">
        <Coords points="947,2939 947,2959 2852,2961 2856,2934 2852,2906 945,2901 947,2939"/>
        <Baseline points="947,2939 2856,2934"/>
        <TextEquiv conf="0.994593950306497">
          <Unicode>firmat, petente Mathilde abbatissa. Cartul. de l&#x27;abb. de Bourb. ms. lat. 9921 sec.</Unicode>
        </TextEquiv>
      </TextLine>
      <TextLine id="eSc_line_f0d66be3" custom="structure {type:default;}">
        <Coords points="945,2992 945,3012 2854,3014 2856,2992 2856,2963 945,2963 945,2992"/>
        <Baseline points="945,2992 2856,2992"/>
        <TextEquiv conf="0.9962887359761644">
          <Unicode>livre. fol. 11, (ms. lat. 9920. f. 40b) in bibl. nat. Paris., (Wauters Table chron. II.</Unicode>
        </TextEquiv>
      </TextLine>
      <TextLine id="eSc_line_01e4dce7" custom="structure {type:default;}">
        <Coords points="943,3047 943,3069 1562,3080 1564,3080 1566,3080 1608,3069 1674,3080 1676,3080 1679,3080 1718,3067 1725,3067 1734,3067 1800,3078 1802,3080 2043,3080 2043,3078 2045,3078 2048,3078 2061,3067 2063,3067 2087,3067 2454,3078 2456,3078 2459,3078 2505,3065 2505,3043 2501,3014 972,3005 969,3005 967,3005 941,3014 943,3047"/>
        <Baseline points="943,3047 2505,3043"/>
        <TextEquiv conf="0.9935215711593628">
          <Unicode>632, Coussemaker Notice p. 52). — „Religiosam vitam eligentibus“.</Unicode>
        </TextEquiv>
      </TextLine>
      <TextLine id="eSc_line_bd58bb43" custom="structure {type:default;}">
        <Coords points="377,3111 380,3151 437,3122 472,3122 492,3138 499,3144 501,3144 503,3144 505,3144 508,3144 556,3131 556,3104 552,3051 494,3049 492,3049 490,3049 488,3049 488,3051 475,3065 457,3082 375,3082 377,3111"/>
        <Baseline points="377,3111 556,3104"/>
        <TextEquiv conf="0.911696657538414">
          <Unicode>„ 3.</Unicode>
        </TextEquiv>
      </TextLine>
      <TextLine id="eSc_line_d0dca351" custom="structure {type:default;}">
        <Coords points="689,3111 689,3175 737,3182 740,3182 742,3182 793,3151 793,3107 786,3078 687,3080 689,3111"/>
        <Baseline points="689,3111 793,3107"/>
        <TextEquiv conf="1.0">
          <Unicode>„</Unicode>
        </TextEquiv>
      </TextLine>
      <TextLine id="eSc_line_a31a8416" custom="structure {type:default;}">
        <Coords points="890,3109 890,3146 1036,3127 1442,3127 1528,3140 1551,3142 1553,3142 1555,3142 1568,3140 1615,3124 1827,3122 1959,3133 2003,3138 2006,3138 2008,3138 2010,3138 2014,3133 2030,3124 2076,3133 2105,3138 2107,3138 2109,3138 2125,3133 2147,3124 2229,3131 2313,3138 2315,3138 2461,3129 2525,3124 2589,3127 2799,3135 2801,3135 2856,3122 2856,3098 2850,3060 888,3069 890,3109"/>
        <Baseline points="890,3109 2856,3098"/>
        <TextEquiv conf="0.992041333337848">
          <Unicode>14969 Ecclesiae Bituricensis protectionem suscipit, ac primatum, possessiones, privilegia</Unicode>
        </TextEquiv>
      </TextLine>
      <TextLine id="eSc_line_e3ebc347" custom="structure {type:default;}">
        <Coords points="945,3157 945,3180 2852,3173 2854,3151 2847,3122 943,3127 945,3157"/>
        <Baseline points="945,3157 2854,3151"/>
        <TextEquiv conf="0.9872080867673144">
          <Unicode>confirmat, petente Henrico archiepiscopo. Pflugk-Harttung Acta I. 311. — „Et ordo</Unicode>
        </TextEquiv>
      </TextLine>
      <TextLine id="eSc_line_c9b756eb" custom="structure {type:default;}">
        <Coords points="941,3213 941,3226 1104,3237 1106,3237 1109,3237 1162,3221 1162,3208 1157,3180 1087,3168 1084,3168 938,3182 941,3213"/>
        <Baseline points="941,3213 1162,3208"/>
        <TextEquiv conf="0.9876135885715485">
          <Unicode>rationis“.</Unicode>
        </TextEquiv>
      </TextLine>
      <TextLine id="eSc_line_17895520" custom="structure {type:default;}">
        <Coords points="368,3297 402,3305 404,3305 406,3305 408,3305 417,3297 433,3283 475,3281 547,3294 547,3268 541,3228 397,3248 366,3235 368,3279 368,3297"/>
        <Baseline points="368,3279 547,3268"/>
        <TextEquiv conf="0.9998935610055923">
          <Unicode>„ 3.</Unicode>
        </TextEquiv>
      </TextLine>
      <TextLine id="eSc_line_4b2a7d3c" custom="structure {type:default;}">
        <Coords points="693,3274 693,3323 786,3312 788,3272 782,3235 691,3244 693,3274"/>
        <Baseline points="693,3274 788,3272"/>
        <TextEquiv conf="0.9345138072967529">
          <Unicode>„</Unicode>
        </TextEquiv>
      </TextLine>
      <TextLine id="eSc_line_19fae310" custom="structure {type:default;}">
        <Coords points="890,3268 890,3290 2854,3283 2854,3261 2850,3228 1562,3219 1559,3219 1281,3230 945,3221 943,3221 888,3233 890,3268"/>
        <Baseline points="890,3268 2854,3261"/>
        <TextEquiv conf="0.9990905768731061">
          <Unicode>14970 Abbati S. Victoris Parisiensi iura quaedam tribuit. Autogr. in tab. nat. Paris.</Unicode>
        </TextEquiv>
      </TextLine>
      <TextLine id="eSc_line_26062423" custom="structure {type:default;}">
        <Coords points="943,3321 943,3343 1246,3347 1248,3347 1250,3347 1252,3347 1252,3345 1254,3345 1259,3341 1261,3336 1338,3336 1343,3339 1349,3345 1349,3347 1352,3347 1354,3347 1356,3350 1478,3350 1478,3347 1480,3347 1482,3347 1482,3345 1491,3336 1493,3336 1500,3336 1546,3345 1548,3345 1551,3345 1573,3336 1577,3334 1577,3336 1586,3343 1586,3345 1588,3345 1590,3345 1592,3347 1824,3347 1824,3345 1827,3345 1869,3332 1869,3314 1864,3286 941,3281 943,3321"/>
        <Baseline points="943,3321 1869,3314"/>
        <TextEquiv conf="0.9948171779916093">
          <Unicode>L. 232. n. 1. — „Cum de observantia“.</Unicode>
        </TextEquiv>
      </TextLine>
      <TextLine id="eSc_line_c99be181" custom="structure {type:default;}">
        <Coords points="368,3387 371,3420 459,3398 483,3403 528,3411 530,3411 532,3411 534,3411 534,3409 547,3394 547,3378 539,3332 457,3352 364,3341 368,3387"/>
        <Baseline points="368,3387 547,3378"/>
        <TextEquiv conf="0.999990701675415">
          <Unicode>„ 4.</Unicode>
        </TextEquiv>
      </TextLine>
      <TextLine id="eSc_line_ee0d5b8f" custom="structure {type:default;}">
        <Coords points="684,3385 687,3433 764,3418 764,3380 757,3352 682,3354 684,3385"/>
        <Baseline points="684,3385 764,3380"/>
        <TextEquiv conf="1.0">
          <Unicode>„</Unicode>
        </TextEquiv>
      </TextLine>
      <TextLine id="eSc_line_b9ae6e2f" custom="structure {type:default;}">
        <Coords points="897,3378 897,3400 2850,3394 2852,3365 2845,3327 894,3336 897,3378"/>
        <Baseline points="897,3378 2852,3365"/>
        <TextEquiv conf="0.9939417126702099">
          <Unicode>14971 P. cantori et Ph. archidiacono Parisiensi mandat. ut fratres S. Genovefae ad</Unicode>
        </TextEquiv>
      </TextLine>
      <TextLine id="eSc_line_31d5f6a3" custom="structure {type:default;}">
        <Coords points="945,3427 945,3456 1288,3469 1290,3469 1343,3460 1356,3458 1383,3460 1478,3469 1480,3469 1570,3460 1615,3458 2271,3467 2558,3469 2560,3469 2573,3469 2644,3458 2666,3469 2668,3469 2671,3469 2673,3469 2677,3469 2730,3458 2845,3469 2850,3427 2847,3398 945,3398 945,3427"/>
        <Baseline points="945,3427 2850,3427"/>
        <TextEquiv conf="0.9996758807136352">
          <Unicode>decimas ecclesiae S. Germani Autissiodorensi solvendas cogant. Autogr. in tab. nat.</Unicode>
        </TextEquiv>
      </TextLine>
      <TextLine id="eSc_line_dcae1161" custom="structure {type:default;}">
        <Coords points="947,3484 947,3511 996,3526 998,3526 1000,3526 1089,3517 1100,3526 1100,3528 1102,3528 1104,3528 1106,3531 1261,3531 1261,3528 1263,3528 1265,3528 1283,3515 1290,3513 2105,3524 2107,3480 2101,3449 945,3449 947,3484"/>
        <Baseline points="947,3484 2107,3480"/>
        <TextEquiv conf="0.9970715451240539">
          <Unicode>Paris. I. 233. n. 11. — „Conquerentibus dilectis“.</Unicode>
        </TextEquiv>
      </TextLine>
    </TextRegion>
    <TextRegion id="eSc_textblock_2975ff33"  custom="structure {type:default;}">
      <Coords points="1354,141 2008,150 2026,218 1984,253 1323,253 1199,227 1208,150 1354,141"/>
      <TextLine id="eSc_line_758d967c" custom="structure {type:default;}">
        <Coords points="1226,212 1226,227 1365,240 1367,240 1632,225 1646,236 1646,238 1648,238 1650,238 1652,240 1736,240 1736,238 1833,223 1950,236 1953,236 1955,236 1995,218 1995,205 1992,167 1953,154 1950,154 1948,154 1683,163 1575,167 1566,163 1553,152 1551,152 1548,152 1546,152 1482,154 1480,154 1478,154 1469,163 1460,167 1451,161 1442,154 1440,154 1438,154 1436,154 1224,159 1226,212"/>
        <Baseline points="1226,212 1995,205"/>
        <TextEquiv conf="0.9990563055743342">
          <Unicode>LUCII&#x27;S III. 1181—1185.</Unicode>
        </TextEquiv>
      </TextLine>
    </TextRegion>
  </Page>
</PcGts>
