<?xml version="1.0" encoding="UTF-8"  standalone="yes"?>
<PcGts xmlns="http://schema.primaresearch.org/PAGE/gts/pagecontent/2019-07-15" xmlns:xsi="http://www.w3.org/2001/XMLSchema-instance" xsi:schemaLocation="http://schema.primaresearch.org/PAGE/gts/pagecontent/2019-07-15 http://schema.primaresearch.org/PAGE/gts/pagecontent/2019-07-15/pagecontent.xsd">
  <Metadata externalRef="pdf//regestapontificu02cath.pdf">
	<Creator>escriptorium</Creator>
	<Created>2026-01-31T10:41:46.359417+00:00</Created>
        <LastChange>2026-02-04T23:25:10.806247+00:00</LastChange>
  </Metadata>
  <Page imageFilename="regestapontificu02cath.pdf_page_547.png" imageWidth="3007" imageHeight="3975">
    <TextRegion id="eSc_textblock_c678ad09"  custom="structure {type:default;}">
      <Coords points="2394,300 2680,300 2706,335 2688,2462 2653,2870 2671,3257 2662,3478 2600,3498 2662,3513 2467,3524 2538,3539 1482,3548 1303,3486 406,3486 477,3471 362,3442 371,3224 397,3171 510,3153 512,3127 397,3115 406,3029 371,2983 397,2930 371,2800 406,2756 371,2718 397,2658 371,2647 360,1720 333,1819 342,3451 324,3495 141,3478 97,1888 97,627 141,379 203,344 342,344 368,547 388,309 2394,300"/>
      <TextLine id="eSc_line_eda4411c" custom="structure {type:default;}">
        <Coords points="656,371 656,399 1283,393 1285,362 1281,331 980,322 978,322 976,322 952,329 934,333 916,329 863,313 861,313 859,313 857,313 855,313 830,329 821,333 810,329 779,315 777,315 775,315 653,326 656,371"/>
        <Baseline points="656,371 1285,362"/>
        <TextEquiv conf="0.9970855668739036">
          <Unicode>1187. (Ind. 6, pont. a. 1.)</Unicode>
        </TextEquiv>
      </TextLine>
      <TextLine id="eSc_line_81115834" custom="structure {type:default;}">
        <Coords points="740,430 740,457 2655,461 2660,424 2655,390 1995,382 1992,382 1864,390 1818,393 1741,390 1453,379 1451,379 1396,390 1374,397 1038,397 1018,390 976,382 974,382 737,390 740,430"/>
        <Baseline points="740,430 2660,424"/>
        <TextEquiv conf="0.9906353078237394">
          <Unicode>cum „multi concubinarii et adulteri de bonis ecclesiae sustententur, et in talibus</Unicode>
        </TextEquiv>
      </TextLine>
      <TextLine id="eSc_line_70802077" custom="structure {type:default;}">
        <Coords points="742,488 742,510 2651,512 2655,483 2649,450 740,454 742,488"/>
        <Baseline points="742,488 2655,483"/>
        <TextEquiv conf="0.9999550303274934">
          <Unicode>sit ordinibus constitutus, in quibus legitime coniugatum a beneficio ecclesiastico sacri</Unicode>
        </TextEquiv>
      </TextLine>
      <TextLine id="eSc_line_e5c83706" custom="structure {type:default;}">
        <Coords points="742,541 742,565 2649,567 2653,536 2649,510 1760,499 1758,499 1692,510 1133,501 1131,501 740,512 742,541"/>
        <Baseline points="742,541 2653,536"/>
        <TextEquiv conf="0.9961300653569839">
          <Unicode>canones non repellant. Comp. I. L. 3. t. 3. c. 6, Mansi XXII. 535, Migne 202 p. 1563.</Unicode>
        </TextEquiv>
      </TextLine>
      <TextLine id="eSc_line_1650b846" custom="structure {type:default;}">
        <Coords points="744,596 744,613 830,629 832,629 1104,616 1188,627 1190,627 1259,616 1294,629 1296,629 1299,629 1396,613 1396,596 1396,569 744,569 744,596"/>
        <Baseline points="744,596 1396,596"/>
        <TextEquiv conf="0.9994286179542542">
          <Unicode>— „Meminimus vobis olim“.</Unicode>
        </TextEquiv>
      </TextLine>
      <TextLine id="eSc_line_4ca696ae" custom="structure {type:default;}">
        <Coords points="132,651 132,673 198,686 201,686 245,677 280,669 304,677 322,684 324,684 326,684 329,684 331,684 331,682 333,682 335,677 344,669 380,669 424,680 437,684 439,684 441,684 444,684 446,684 448,682 468,666 638,684 640,647 636,613 534,613 519,605 494,596 492,596 490,596 488,596 472,602 452,613 441,600 408,569 408,567 406,567 404,567 402,567 318,569 315,569 313,569 313,571 291,591 267,616 130,583 132,651"/>
        <Baseline points="132,651 640,647"/>
        <TextEquiv conf="0.9585068590111203">
          <Unicode>Dec. 1. ap. S. Ma-</Unicode>
        </TextEquiv>
      </TextLine>
      <TextLine id="eSc_line_055c0026" custom="structure {type:default;}">
        <Coords points="687,653 687,686 2657,669 2657,647 2651,613 684,618 687,653"/>
        <Baseline points="687,653 2657,647"/>
        <TextEquiv conf="0.9896590052680536">
          <Unicode>16091 Monasterii S. Mariae Fontis-vivi possessiones et privilegia confirmat. Dedit Beth-</Unicode>
        </TextEquiv>
      </TextLine>
      <TextLine id="eSc_line_11dfe6e9" custom="structure {type:default;}">
        <Coords points="413,706 413,735 463,735 466,737 483,750 483,753 486,753 488,753 490,753 609,737 609,702 603,666 410,669 413,706"/>
        <Baseline points="413,706 609,702"/>
        <TextEquiv conf="0.999871184428533">
          <Unicode>randum</Unicode>
        </TextEquiv>
      </TextLine>
      <TextLine id="eSc_line_43a40468" custom="structure {type:default;}">
        <Coords points="740,706 740,726 2653,735 2655,706 2655,677 740,675 740,706"/>
        <Baseline points="740,706 2655,706"/>
        <TextEquiv conf="0.9954518013530307">
          <Unicode>mann ex cod. Vatic. 7927: „kal. Dec.“; Pflugk-Harttung Iter p. 311 ex cod. Vatic.</Unicode>
        </TextEquiv>
      </TextLine>
      <TextLine id="eSc_line_ac3019dd" custom="structure {type:default;}">
        <Coords points="744,761 744,779 885,779 888,779 899,790 899,792 901,792 903,792 905,792 1000,781 1029,792 1031,792 1034,792 1193,777 1210,777 1212,777 1224,788 1224,790 1226,790 1228,790 1230,792 1473,792 1473,790 1475,790 1517,777 1632,790 1634,790 1637,790 1681,775 1681,757 1676,730 1259,717 1257,717 1254,717 1206,730 934,719 932,719 877,730 866,722 866,719 863,719 861,719 757,719 755,719 753,719 751,719 751,722 742,728 744,761"/>
        <Baseline points="744,761 1681,757"/>
        <TextEquiv conf="0.997240590421777">
          <Unicode>7157: „id. Dec.“ — „Religiosam vitam“.</Unicode>
        </TextEquiv>
      </TextLine>
      <TextLine id="eSc_line_61b0f2e1" custom="structure {type:default;}">
        <Coords points="167,823 170,845 214,828 276,828 285,834 289,839 289,841 291,841 293,841 296,841 298,841 349,828 349,819 342,779 165,792 167,823"/>
        <Baseline points="167,823 349,819"/>
        <TextEquiv conf="0.9999623596668243">
          <Unicode>„ 7.</Unicode>
        </TextEquiv>
      </TextLine>
      <TextLine id="eSc_line_facef2f3" custom="structure {type:default;}">
        <Coords points="433,819 433,861 596,861 596,812 589,775 430,781 433,819"/>
        <Baseline points="433,819 596,812"/>
        <TextEquiv conf="0.9999995708465577">
          <Unicode>Lucae</Unicode>
        </TextEquiv>
      </TextLine>
      <TextLine id="eSc_line_321dc2f9" custom="structure {type:default;}">
        <Coords points="689,817 689,841 2653,839 2655,812 2649,781 687,783 689,817"/>
        <Baseline points="689,817 2655,812"/>
        <TextEquiv conf="0.9940019860500242">
          <Unicode>16092 Sororibus S. Andreae de Porta collatum ab archiepiscopo Ianuensi privilegium</Unicode>
        </TextEquiv>
      </TextLine>
      <TextLine id="eSc_line_92dea6ed" custom="structure {type:default;}">
        <Coords points="740,872 740,901 2653,889 2655,867 2649,836 737,839 740,872"/>
        <Baseline points="740,872 2655,867"/>
        <TextEquiv conf="0.9986350713741212">
          <Unicode>„quod de cetero non amplius quam ecclesia S. Mariae de Castello in collectis facien-</Unicode>
        </TextEquiv>
      </TextLine>
      <TextLine id="eSc_line_c0d2b558" custom="structure {type:default;}">
        <Coords points="740,923 737,940 757,954 760,954 762,954 764,954 819,942 852,954 855,954 857,956 1007,956 1007,954 1009,954 1011,954 1027,942 1058,954 1060,954 1062,956 1215,956 1215,954 1217,954 1219,954 1235,942 1237,942 1268,942 1502,954 1504,954 1555,947 1579,942 1595,947 1619,954 1621,954 1623,954 1944,949 2357,945 2496,956 2514,956 2516,956 2518,956 2520,956 2547,945 2646,956 2651,927 2649,896 740,892 740,923"/>
        <Baseline points="740,923 2651,927"/>
        <TextEquiv conf="0.9948247469961643">
          <Unicode>dis debeant conferre“. confirmat. Vigna L&#x27;ant. colleg. di S. M. di Cast. p. 204,</Unicode>
        </TextEquiv>
      </TextLine>
      <TextLine id="eSc_line_5463a844" custom="structure {type:default;}">
        <Coords points="737,980 737,1000 821,1013 824,1013 2202,1000 2202,980 2202,951 737,951 737,980"/>
        <Baseline points="737,980 2202,980"/>
        <TextEquiv conf="0.9799874784454466">
          <Unicode>Pflugk-Harttung Acta III. 354. — „Iustis petentium desideriis“.</Unicode>
        </TextEquiv>
      </TextLine>
      <TextLine id="eSc_line_73775a09" custom="structure {type:default;}">
        <Coords points="165,1044 165,1060 231,1051 351,1057 355,1037 349,960 298,962 296,962 293,962 278,976 234,1009 163,1002 165,1044"/>
        <Baseline points="165,1044 355,1037"/>
        <TextEquiv conf="0.9999982714653015">
          <Unicode>„ 9.</Unicode>
        </TextEquiv>
      </TextLine>
      <TextLine id="eSc_line_2e4db07a" custom="structure {type:default;}">
        <Coords points="444,1046 441,1053 477,1066 479,1066 481,1066 547,1057 550,1053 547,1024 444,1018 444,1046"/>
        <Baseline points="444,1046 550,1053"/>
        <TextEquiv conf="1.0">
          <Unicode>„)</Unicode>
        </TextEquiv>
      </TextLine>
      <TextLine id="eSc_line_9d4c13bd" custom="structure {type:default;}">
        <Coords points="693,1040 693,1060 2649,1064 2653,1035 2649,1002 691,998 693,1040"/>
        <Baseline points="693,1040 2653,1035"/>
        <TextEquiv conf="0.9984591631662278">
          <Unicode>V. Nicolai Ambianensis chron. 1187 ap. Bouquet Rec. XVIII. 701: „egressus Ferrariam,</Unicode>
        </TextEquiv>
      </TextLine>
      <TextLine id="eSc_line_928f27fe" custom="structure {type:default;}">
        <Coords points="740,1093 740,1113 2651,1110 2653,1088 2649,1060 737,1057 740,1093"/>
        <Baseline points="740,1093 2653,1088"/>
        <TextEquiv conf="0.9979181185364723">
          <Unicode>Romam properans, Lucam inveniens, ibi confracto sepulcro Octaviani (Victoris IV.</Unicode>
        </TextEquiv>
      </TextLine>
      <TextLine id="eSc_line_b053bca4" custom="structure {type:default;}">
        <Coords points="735,1146 735,1177 2653,1166 2655,1141 2649,1115 733,1117 735,1146"/>
        <Baseline points="735,1146 2655,1141"/>
        <TextEquiv conf="0.9999010990647709">
          <Unicode>antipapae), ossa deiecit extra ecclesiam; in crastino (v. infra ad d. 10. Dec.) Pisas</Unicode>
        </TextEquiv>
      </TextLine>
      <TextLine id="eSc_line_e3411e33" custom="structure {type:default;}">
        <Coords points="737,1201 737,1216 784,1232 786,1232 788,1232 903,1230 905,1230 908,1230 908,1227 919,1219 1022,1232 1025,1232 1027,1232 1029,1232 1042,1219 1042,1201 1042,1172 737,1172 737,1201"/>
        <Baseline points="737,1201 1042,1201"/>
        <TextEquiv conf="0.9997329436815702">
          <Unicode>veniens“ cet.</Unicode>
        </TextEquiv>
      </TextLine>
      <TextLine id="eSc_line_e616898f" custom="structure {type:default;}">
        <Coords points="170,1256 170,1258 260,1276 262,1276 344,1265 344,1252 340,1212 187,1203 185,1203 183,1203 181,1203 167,1210 170,1256"/>
        <Baseline points="170,1256 344,1252"/>
        <TextEquiv conf="1.0">
          <Unicode>10.</Unicode>
        </TextEquiv>
      </TextLine>
      <TextLine id="eSc_line_ebb60084" custom="structure {type:default;}">
        <Coords points="430,1256 430,1276 581,1278 583,1252 578,1205 501,1188 499,1188 497,1188 428,1207 430,1256"/>
        <Baseline points="430,1256 583,1252"/>
        <TextEquiv conf="0.9580635786056518">
          <Unicode>pisas</Unicode>
        </TextEquiv>
      </TextLine>
      <TextLine id="eSc_line_aa648102" custom="structure {type:default;}">
        <Coords points="682,1258 682,1285 2651,1276 2653,1254 2646,1221 2525,1221 2523,1221 2498,1210 2496,1210 2494,1210 2264,1221 2242,1221 2238,1221 2202,1210 2200,1210 2198,1210 2059,1221 2052,1221 2048,1221 1992,1210 1990,1210 1988,1210 1986,1210 1970,1221 1968,1221 1964,1221 1805,1212 1802,1212 1670,1223 1648,1223 1639,1223 1595,1212 1592,1212 1590,1212 1588,1212 1575,1223 1570,1225 1422,1225 1418,1223 1378,1212 1376,1212 1374,1212 1274,1223 1265,1223 1254,1223 1091,1212 1089,1212 1087,1212 1062,1223 1047,1212 1045,1212 1042,1212 916,1212 914,1212 912,1212 874,1223 859,1212 857,1212 855,1212 722,1212 720,1212 718,1212 680,1223 682,1258"/>
        <Baseline points="682,1258 2653,1254"/>
        <TextEquiv conf="0.9995145703234324">
          <Unicode>pervenit „IV. id. Decembr.“ Chronica Pisana 1186 ap. Muratori R. It. Scr.-VI. 191.</Unicode>
        </TextEquiv>
      </TextLine>
      <TextLine id="eSc_line_1ea6a523" custom="structure {type:default;}">
        <Coords points="161,1316 161,1347 346,1331 346,1311 342,1276 273,1265 271,1265 269,1265 238,1278 234,1283 159,1283 161,1316"/>
        <Baseline points="161,1316 346,1311"/>
        <TextEquiv conf="0.9999894857406616">
          <Unicode>„ 11.</Unicode>
        </TextEquiv>
      </TextLine>
      <TextLine id="eSc_line_a95aa621" custom="structure {type:default;}">
        <Coords points="437,1313 437,1344 503,1371 505,1371 508,1373 556,1373 556,1371 558,1371 561,1371 561,1369 578,1347 578,1309 574,1276 461,1263 459,1263 457,1263 455,1263 435,1274 437,1313"/>
        <Baseline points="437,1313 578,1309"/>
        <TextEquiv conf="0.9873023390769958">
          <Unicode>Pisis</Unicode>
        </TextEquiv>
      </TextLine>
      <TextLine id="eSc_line_2fe92cc4" custom="structure {type:default;}">
        <Coords points="682,1313 682,1336 2649,1336 2651,1309 2646,1280 711,1272 709,1272 707,1272 680,1280 682,1313"/>
        <Baseline points="682,1313 2651,1309"/>
        <TextEquiv conf="0.9963696800082563">
          <Unicode>16093 (10017) Canonicorum ecclesiae Ianuensis possessiones et privilegia confirmat.</Unicode>
        </TextEquiv>
      </TextLine>
      <TextLine id="eSc_line_32703e46" custom="structure {type:default;}">
        <Coords points="733,1366 733,1389 2646,1395 2651,1362 2644,1333 731,1336 733,1366"/>
        <Baseline points="733,1366 2651,1362"/>
        <TextEquiv conf="0.9956312534175341">
          <Unicode>(Fragmentum). Ughelli It. sacr. IV. 875, Migne 202 p. 1564, cf. Pflugk-Harttung</Unicode>
        </TextEquiv>
      </TextLine>
      <TextLine id="eSc_line_6abf75dc" custom="structure {type:default;}">
        <Coords points="733,1422 733,1439 989,1450 992,1450 1093,1439 1109,1450 1111,1450 1113,1450 1115,1450 1327,1448 1330,1448 1332,1448 1332,1446 1341,1439 1349,1448 1352,1448 1354,1448 1356,1450 1453,1450 1453,1448 1455,1448 1502,1435 1502,1417 1497,1389 731,1389 733,1422"/>
        <Baseline points="733,1422 1502,1417"/>
        <TextEquiv conf="0.9986475147306919">
          <Unicode>Iter p. 311. — „Effectum iusta“.</Unicode>
        </TextEquiv>
      </TextLine>
      <TextLine id="eSc_line_f307057a" custom="structure {type:default;}">
        <Coords points="161,1479 163,1506 218,1490 262,1497 318,1503 320,1503 322,1503 324,1503 344,1490 344,1475 338,1413 251,1426 249,1426 247,1426 247,1428 245,1431 229,1448 159,1448 161,1479"/>
        <Baseline points="161,1479 344,1475"/>
        <TextEquiv conf="0.9999972105026245">
          <Unicode>„ 16.</Unicode>
        </TextEquiv>
      </TextLine>
      <TextLine id="eSc_line_3b9bec65" custom="structure {type:default;}">
        <Coords points="475,1486 472,1512 545,1499 547,1492 547,1464 477,1455 475,1486"/>
        <Baseline points="475,1486 547,1492"/>
        <TextEquiv conf="0.9538459777832031">
          <Unicode>„)</Unicode>
        </TextEquiv>
      </TextLine>
      <TextLine id="eSc_line_a8df4a54" custom="structure {type:default;}">
        <Coords points="684,1472 682,1492 2646,1501 2651,1477 2649,1446 684,1437 684,1472"/>
        <Baseline points="684,1472 2651,1477"/>
        <TextEquiv conf="0.9975877508174541">
          <Unicode>16094 (10018) Monasterio S. Mariae Agnanensi ecclesiam S. Christinae de Clano asserit,</Unicode>
        </TextEquiv>
      </TextLine>
      <TextLine id="eSc_line_37131040" custom="structure {type:default;}">
        <Coords points="735,1532 735,1561 2649,1550 2651,1528 2644,1499 733,1501 735,1532"/>
        <Baseline points="735,1532 2651,1528"/>
        <TextEquiv conf="0.9931574418574949">
          <Unicode>petente Saxone abbate. Mittarelli Ann. Cam. IV. app. p. 158, Migne 202 p. 1564.</Unicode>
        </TextEquiv>
      </TextLine>
      <TextLine id="eSc_line_ad7387df" custom="structure {type:default;}">
        <Coords points="737,1585 737,1605 806,1605 817,1614 817,1616 819,1616 821,1616 824,1616 972,1605 983,1614 983,1616 985,1616 987,1616 989,1616 1215,1605 1409,1616 1411,1616 1478,1603 1478,1585 1475,1554 737,1554 737,1585"/>
        <Baseline points="737,1585 1478,1585"/>
        <TextEquiv conf="0.9997434746474028">
          <Unicode>— „Iustis petentium desideriis“.</Unicode>
        </TextEquiv>
      </TextLine>
      <TextLine id="eSc_line_001a3458" custom="structure {type:default;}">
        <Coords points="161,1647 161,1673 167,1680 167,1682 170,1682 172,1682 174,1682 176,1682 207,1671 223,1667 344,1682 346,1640 338,1567 216,1612 159,1612 161,1647"/>
        <Baseline points="161,1647 346,1640"/>
        <TextEquiv conf="0.9012617349624634">
          <Unicode>„ 17.</Unicode>
        </TextEquiv>
      </TextLine>
      <TextLine id="eSc_line_8590fd56" custom="structure {type:default;}">
        <Coords points="413,1647 413,1656 450,1656 470,1671 470,1673 472,1673 475,1673 477,1673 554,1654 556,1649 554,1620 519,1620 517,1618 501,1603 501,1601 499,1601 497,1601 494,1601 492,1601 457,1614 448,1618 413,1614 413,1647"/>
        <Baseline points="413,1647 556,1649"/>
        <TextEquiv conf="1.0">
          <Unicode>„</Unicode>
        </TextEquiv>
      </TextLine>
      <TextLine id="eSc_line_e82585d7" custom="structure {type:default;}">
        <Coords points="682,1640 682,1660 2651,1658 2651,1636 2646,1607 1703,1596 1701,1596 1699,1596 1663,1607 1661,1609 680,1609 682,1640"/>
        <Baseline points="682,1640 2651,1636"/>
        <TextEquiv conf="0.9941291205766725">
          <Unicode>Moritur „XVI. kal. Ianuar.“ Necrol. S. Mariae tr. Tiberim in Neues Archiv XI. 101.</Unicode>
        </TextEquiv>
      </TextLine>
      <TextLine id="eSc_line_fa27ec92" custom="structure {type:default;}">
        <Coords points="733,1696 733,1718 2649,1718 2651,1691 2644,1662 731,1662 733,1696"/>
        <Baseline points="733,1696 2651,1691"/>
        <TextEquiv conf="0.9880431271806548">
          <Unicode>Chronica Pisana I. I., Chronica de Mailros 1187 ap. Fell R. A. Scr. p. 177, ed.</Unicode>
        </TextEquiv>
      </TextLine>
      <TextLine id="eSc_line_0e6ce8e4" custom="structure {type:default;}">
        <Coords points="733,1753 733,1773 2646,1777 2649,1753 2649,1722 733,1722 733,1753"/>
        <Baseline points="733,1753 2649,1753"/>
        <TextEquiv conf="0.9954531876878305">
          <Unicode>Stevenson p. 96, Gervasii chron. 1187 ap. Twysden I. 1513, Opp. hist. ed. Stubbs I. 392,</Unicode>
        </TextEquiv>
      </TextLine>
      <TextLine id="eSc_line_eca606e8" custom="structure {type:default;}">
        <Coords points="733,1808 733,1832 2649,1821 2651,1797 2644,1768 731,1777 733,1808"/>
        <Baseline points="733,1808 2651,1797"/>
        <TextEquiv conf="0.9963043899070926">
          <Unicode>Annal. Ratispon. 1187 in MG. SS. XVII. 589; „Proxima die lovis post festum b. Bar-</Unicode>
        </TextEquiv>
      </TextLine>
      <TextLine id="eSc_line_ef5d7388" custom="structure {type:default;}">
        <Coords points="733,1861 733,1881 2651,1879 2651,1857 2644,1828 731,1828 733,1861"/>
        <Baseline points="733,1861 2651,1857"/>
        <TextEquiv conf="0.9993642406699098">
          <Unicode>barae“ i. e. 17. Dec., Epist. Honorii ap. Stubbs Chronicles II. 136 et 137. („XV.</Unicode>
        </TextEquiv>
      </TextLine>
      <TextLine id="eSc_line_928cd6c9" custom="structure {type:default;}">
        <Coords points="733,1912 731,1930 777,1943 779,1943 782,1945 994,1945 994,1943 996,1943 998,1943 1014,1932 1069,1943 1071,1945 1199,1945 1199,1943 1201,1943 1204,1943 1221,1932 1224,1932 1228,1932 1551,1943 1553,1943 1619,1932 1623,1932 1626,1932 1712,1945 1714,1945 1800,1934 1829,1945 1831,1945 1833,1945 2644,1932 2646,1916 2644,1883 733,1881 733,1912"/>
        <Baseline points="733,1912 2646,1916"/>
        <TextEquiv conf="0.9967323666737403">
          <Unicode>kcal. Ianuar.“, Annal. Casinenses 1187 in MG. SS. XIX. 313. „VIII. kal. Ianuar.“,</Unicode>
        </TextEquiv>
      </TextLine>
      <TextLine id="eSc_line_140eae14" custom="structure {type:default;}">
        <Coords points="731,1969 729,1989 2644,1998 2649,1974 2646,1941 731,1934 731,1969"/>
        <Baseline points="731,1969 2649,1974"/>
        <TextEquiv conf="0.9879914849269681">
          <Unicode>Schiavinae Ann. Alexandr. 1187 in Hist. Patr. Mon. Scr. IV. 67. „4. kal. Ianuar.“,</Unicode>
        </TextEquiv>
      </TextLine>
      <TextLine id="eSc_line_702d69f1" custom="structure {type:default;}">
        <Coords points="735,2029 735,2049 1796,2044 1798,2025 1794,1994 1268,1983 1265,1983 1263,1983 1215,1994 755,1985 753,1985 751,1985 748,1985 733,1991 735,2029"/>
        <Baseline points="735,2029 1798,2025"/>
        <TextEquiv conf="0.9997680880302606">
          <Unicode>Annales Cavenses 1187 in MG. SS. III. 193).</Unicode>
        </TextEquiv>
      </TextLine>
      <TextLine id="eSc_line_8a664680" custom="structure {type:default;}">
        <Coords points="1157,2453 1157,2473 1431,2484 1433,2484 1919,2471 2103,2482 2105,2482 2107,2482 2109,2482 2127,2468 2127,2449 2123,2400 2030,2385 2028,2385 1957,2400 1950,2400 1933,2400 1794,2389 1791,2389 1685,2400 1679,2400 1650,2380 1648,2380 1646,2380 1643,2380 1197,2385 1195,2385 1155,2398 1157,2453"/>
        <Baseline points="1157,2453 2127,2449"/>
        <TextEquiv conf="0.9998879730701447">
          <Unicode>CL.EMEXS III. 1187—1191.</Unicode>
        </TextEquiv>
      </TextLine>
      <TextLine id="eSc_line_40ef9ec4" custom="structure {type:default;}">
        <Coords points="647,2601 647,2625 2644,2623 2644,2601 2644,2574 647,2574 647,2601"/>
        <Baseline points="647,2601 2644,2601"/>
        <TextEquiv conf="0.9921860327230436">
          <Unicode>addita indictio est; sed iam die 11. Febr. 1188 inceperunt soli pontificatus anni apponi, id quod antea non</Unicode>
        </TextEquiv>
      </TextLine>
      <TextLine id="eSc_line_915f66dd" custom="structure {type:default;}">
        <Coords points="817,2555 817,2579 2642,2579 2644,2555 2644,2528 2618,2515 2615,2515 2613,2515 2549,2526 2436,2515 2434,2515 2315,2526 2059,2515 2056,2515 1981,2526 1959,2515 1957,2515 1955,2515 1953,2515 1922,2528 1551,2528 1473,2515 1471,2515 1469,2515 1467,2515 1449,2526 1301,2515 1299,2515 1224,2526 1159,2515 1157,2515 1155,2515 1153,2515 1137,2528 866,2528 839,2515 837,2515 835,2515 832,2515 830,2515 817,2524 817,2555"/>
        <Baseline points="817,2555 2644,2555"/>
        <TextEquiv conf="0.9959605081697528">
          <Unicode>Primis Clementis III. epistolis diplomatibusque brevioribus (usque ad diem 26. lan. 1188)</Unicode>
        </TextEquiv>
      </TextLine>
      <TextLine id="eSc_line_eed3bfe2" custom="structure {type:default;}">
        <Coords points="642,2645 642,2667 961,2667 961,2645 961,2616 642,2616 642,2645"/>
        <Baseline points="642,2645 961,2645"/>
        <TextEquiv conf="0.9994412325322628">
          <Unicode>usitatum fuerat.</Unicode>
        </TextEquiv>
      </TextLine>
      <TextLine id="eSc_line_bfc69295" custom="structure {type:default;}">
        <Coords points="819,2696 817,2716 2638,2725 2642,2700 2640,2672 819,2667 819,2696"/>
        <Baseline points="819,2696 2642,2700"/>
        <TextEquiv conf="0.9994147537752639">
          <Unicode>In eius bullis legitur sententia haec: „Doce me domine facere voluntatem tuam“ (16095,</Unicode>
        </TextEquiv>
      </TextLine>
      <TextLine id="eSc_line_094d22e6" custom="structure {type:default;}">
        <Coords points="647,2744 647,2773 1615,2771 1615,2744 1615,2716 647,2716 647,2744"/>
        <Baseline points="647,2744 1615,2744"/>
        <TextEquiv conf="0.999700074394544">
          <Unicode>16113, 16115, 16157, 16177, 16233, 16267, cet.).</Unicode>
        </TextEquiv>
      </TextLine>
      <TextLine id="eSc_line_86de1df8" custom="structure {type:default;}">
        <Coords points="815,2797 815,2817 1124,2817 1124,2797 1124,2769 857,2756 855,2756 852,2756 815,2767 815,2797"/>
        <Baseline points="815,2797 1124,2797"/>
        <TextEquiv conf="0.9998745600382487">
          <Unicode>Subscripserunt:</Unicode>
        </TextEquiv>
      </TextLine>
      <TextLine id="eSc_line_48ae562f" custom="structure {type:default;}">
        <Coords points="687,2853 687,2866 713,2881 715,2881 718,2881 720,2881 757,2870 941,2879 943,2879 945,2879 947,2879 969,2866 983,2857 1325,2857 1464,2857 1482,2868 1493,2877 1495,2877 1497,2877 1581,2879 1584,2881 1659,2881 1659,2879 1661,2879 1663,2879 1676,2868 1696,2857 1869,2857 1889,2870 1902,2879 1904,2879 1906,2879 1908,2879 1911,2879 1933,2870 1944,2866 2006,2870 2087,2877 2090,2877 2092,2877 2094,2877 2101,2870 2118,2859 2158,2870 2178,2877 2180,2877 2182,2877 2185,2877 2204,2873 2233,2864 2249,2873 2260,2877 2262,2877 2264,2877 2596,2873 2598,2846 2591,2817 684,2822 687,2853"/>
        <Baseline points="687,2853 2598,2846"/>
        <TextEquiv conf="0.9899703870739853">
          <Unicode>cp. Albanensis A1binus — a 6. Iun. 1189 ad 17. Febr. 1191</Unicode>
        </TextEquiv>
      </TextLine>
      <TextLine id="eSc_line_de98200c" custom="structure {type:default;}">
        <Coords points="707,2899 707,2910 755,2910 795,2932 797,2932 799,2932 802,2934 943,2934 943,2932 945,2932 987,2912 1038,2932 1040,2932 1042,2934 1175,2934 1175,2932 1177,2932 1179,2932 1210,2910 1215,2908 1478,2908 1489,2910 1566,2930 1568,2930 1570,2930 1741,2921 1743,2921 1745,2921 1763,2910 1771,2906 1851,2906 1871,2910 1928,2926 1931,2926 1933,2926 2096,2921 2098,2921 2101,2921 2116,2910 2123,2906 2129,2910 2140,2919 2143,2919 2145,2919 2147,2919 2222,2910 2233,2910 2235,2910 2260,2923 2262,2923 2372,2926 2375,2926 2454,2923 2456,2923 2459,2923 2476,2910 2483,2906 2487,2910 2505,2923 2507,2923 2509,2923 2512,2923 2600,2910 2600,2890 2593,2864 704,2870 707,2899"/>
        <Baseline points="707,2899 2600,2890"/>
        <TextEquiv conf="0.9783248110821373">
          <Unicode>„ Ostiensis et Velletrensis . . . . . . . . Theobaldus . . . . a 23. Dec. 1187 ad 29. Oct. 1188</Unicode>
        </TextEquiv>
      </TextLine>
      <TextLine id="eSc_line_e61dcab4" custom="structure {type:default;}">
        <Coords points="702,2985 702,2996 980,3012 983,3012 985,3012 1009,3001 1031,3012 1034,3012 1036,3014 1307,3014 1307,3012 1310,3012 1312,3012 1330,2998 1338,2994 1473,2994 1484,2998 1497,3009 1500,3009 1502,3009 1504,3012 1599,3012 1599,3009 1601,3009 1604,3009 1617,2998 1626,2994 1849,2994 1860,3001 1873,3009 1875,3009 1877,3009 1880,3009 1882,3009 1919,3001 1944,2994 1957,3001 1970,3007 1972,3007 1975,3009 2092,3009 2092,3007 2094,3007 2096,3007 2105,3001 2116,2992 2129,3001 2143,3007 2145,3007 2147,3007 2596,3001 2598,2979 2591,2950 700,2956 702,2985"/>
        <Baseline points="702,2985 2598,2979"/>
        <TextEquiv conf="0.984247097502584">
          <Unicode>„ Bortuensis et S. Rufinae sedis ... .. Bobo . . . . . . . a 6. Iun.. 1189 ad 12. Sept. 1189</Unicode>
        </TextEquiv>
      </TextLine>
      <TextLine id="eSc_line_f05ffaad" custom="structure {type:default;}">
        <Coords points="1484,2937 1484,2956 1497,2965 1500,2965 1502,2965 1504,2968 1732,2968 1732,2965 1734,2965 1736,2965 1736,2963 1747,2954 1749,2952 1836,2954 2090,2965 2092,2965 2094,2965 2096,2965 2096,2963 2103,2956 2109,2950 2127,2959 2140,2963 2143,2963 2145,2965 2288,2965 2288,2963 2291,2963 2293,2963 2293,2961 2295,2959 2302,2954 2306,2959 2311,2963 2311,2965 2313,2965 2315,2965 2317,2965 2593,2961 2596,2932 2589,2906 1482,2908 1484,2937"/>
        <Baseline points="1484,2937 2596,2932"/>
        <TextEquiv conf="0.9888277965433457">
          <Unicode>Octavianus . . . . a 6. Iun. 1189 ad 17. Febr. 1191</Unicode>
        </TextEquiv>
      </TextLine>
      <TextLine id="eSc_line_b2f1277c" custom="structure {type:default;}">
        <Coords points="704,3074 704,3093 936,3102 938,3102 1009,3098 1011,3098 1014,3098 1016,3096 1036,3080 1467,3080 1491,3096 1495,3100 1497,3100 1500,3100 1586,3102 1588,3102 1705,3098 1710,3096 1712,3096 1714,3096 1741,3078 1847,3078 1900,3098 1908,3100 1911,3100 1913,3102 2098,3102 2098,3100 2101,3100 2103,3100 2105,3098 2123,3082 2154,3098 2156,3098 2158,3100 2591,3100 2593,3065 2587,3038 702,3045 704,3074"/>
        <Baseline points="704,3074 2593,3065"/>
        <TextEquiv conf="0.9734636661799058">
          <Unicode>„ Praenestinus . „. . . „. . . . .  .   „„ Iohannes . — . a 18. Sept. 1190 ad 17. Febr. 1191</Unicode>
        </TextEquiv>
      </TextLine>
      <TextLine id="eSc_line_c63b80c8" custom="structure {type:default;}">
        <Coords points="1489,3025 1489,3040 1535,3056 1537,3056 1539,3058 1637,3058 1637,3056 1639,3056 1641,3056 1641,3054 1652,3043 1659,3038 1884,3038 1895,3047 1902,3051 1902,3054 1904,3054 1906,3054 1908,3054 1911,3054 1933,3047 1957,3038 1968,3047 1977,3056 1979,3056 1981,3056 1984,3056 1986,3056 2003,3047 2010,3045 2037,3047 2096,3056 2098,3056 2101,3056 2103,3056 2103,3054 2109,3049 2118,3038 2143,3049 2160,3056 2163,3056 2165,3056 2288,3054 2291,3054 2293,3054 2293,3051 2295,3051 2302,3045 2313,3051 2317,3056 2319,3056 2322,3056 2324,3056 2386,3051 2494,3045 2596,3054 2598,3025 2596,2996 1489,2996 1489,3025"/>
        <Baseline points="1489,3025 2598,3025"/>
        <TextEquiv conf="0.9772471359797886">
          <Unicode>Petrus . . . . . a 7. Dec. 1190 ad 17. Febr. 1191</Unicode>
        </TextEquiv>
      </TextLine>
      <TextLine id="eSc_line_175c7e71" custom="structure {type:default;}">
        <Coords points="687,3118 687,3135 835,3149 837,3149 839,3149 841,3149 859,3138 866,3133 881,3138 919,3149 921,3149 923,3149 925,3149 965,3138 992,3131 1020,3138 1062,3149 1064,3149 1067,3151 1193,3151 1193,3149 1195,3149 1197,3149 1210,3140 1228,3129 1475,3129 1500,3140 1517,3149 1520,3149 1522,3151 1637,3151 1637,3149 1639,3149 1641,3149 1650,3142 1670,3127 1886,3127 1937,3142 1939,3142 2596,3144 2598,3113 2591,3087 684,3089 687,3118"/>
        <Baseline points="687,3118 2598,3113"/>
        <TextEquiv conf="0.9772989334482135">
          <Unicode>pr. card. tit. S. Anastasiae . . . . . . . . Bobo. . . . . . . . . a 28. Mart. 1188 ad 18. Mai 1189</Unicode>
        </TextEquiv>
      </TextLine>
      <TextLine id="eSc_line_40d78057" custom="structure {type:default;}">
        <Coords points="713,3208 715,3233 746,3219 793,3233 795,3233 797,3233 799,3233 802,3233 804,3233 835,3219 885,3233 901,3235 903,3235 905,3235 908,3235 912,3233 934,3219 1199,3230 1277,3233 1279,3233 1316,3230 1467,3215 1495,3228 1497,3228 1705,3230 1707,3230 1710,3230 1712,3230 1714,3228 1734,3213 1842,3213 1900,3226 1902,3226 1904,3226 1906,3226 1946,3213 1970,3226 1975,3228 1977,3228 1979,3230 2081,3230 2081,3228 2083,3228 2090,3226 2112,3215 2129,3226 2134,3228 2136,3228 2138,3228 2140,3228 2165,3226 2229,3215 2253,3224 2258,3226 2260,3226 2262,3226 2593,3221 2596,3197 2589,3171 711,3180 713,3208"/>
        <Baseline points="713,3208 2596,3197"/>
        <TextEquiv conf="0.9843580355477888">
          <Unicode>„ „ „) XII. apostolorum . . . . . Pandulfus „ . . . . a 5. Apr. 1188 ad 17. Febr. 1191</Unicode>
        </TextEquiv>
      </TextLine>
      <TextLine id="eSc_line_36b7f6db" custom="structure {type:default;}">
        <Coords points="1484,3160 1484,3175 1683,3186 1685,3186 1687,3186 1690,3186 1690,3184 1696,3180 1703,3171 1884,3171 1904,3182 1906,3184 1908,3184 1911,3184 1913,3186 1995,3186 1995,3184 1997,3184 1999,3184 1999,3182 2008,3175 2017,3182 2017,3184 2019,3184 2021,3184 2023,3186 2109,3186 2109,3184 2112,3184 2114,3184 2125,3173 2136,3182 2136,3184 2138,3184 2140,3184 2143,3186 2227,3186 2229,3155 2222,3124 1482,3133 1484,3160"/>
        <Baseline points="1484,3160 2229,3155"/>
        <TextEquiv conf="0.9607700556516647">
          <Unicode>Romanus. . . . . . d. 17. Febr. 1190</Unicode>
        </TextEquiv>
      </TextLine>
      <TextLine id="eSc_line_674f0b28" custom="structure {type:default;}">
        <Coords points="707,3255 709,3274 748,3263 797,3274 810,3277 813,3277 815,3277 824,3274 859,3263 885,3274 897,3279 899,3279 901,3279 903,3279 905,3279 912,3274 927,3261 1182,3261 1241,3272 1268,3277 1270,3277 1294,3272 1354,3259 1542,3270 1619,3274 1621,3274 1623,3274 1632,3270 1659,3257 1875,3257 1895,3268 1900,3272 1902,3272 1904,3272 1906,3272 1992,3268 2118,3261 2216,3266 2280,3270 2282,3270 2284,3270 2286,3270 2291,3266 2308,3252 2326,3266 2328,3268 2330,3268 2333,3268 2335,3268 2596,3263 2598,3241 2591,3215 704,3226 707,3255"/>
        <Baseline points="707,3255 2598,3241"/>
        <TextEquiv conf="0.9739729385266359">
          <Unicode>„ „ „ S. Caeciliae . . . . . . . . . Petrus — . . . „ a 18. Mart. 1188 ad. 9. Dec. 1190</Unicode>
        </TextEquiv>
      </TextLine>
      <TextLine id="eSc_line_382c009e" custom="structure {type:default;}">
        <Coords points="709,3297 711,3316 751,3305 790,3316 797,3319 799,3319 802,3319 815,3316 866,3305 885,3316 894,3321 897,3321 899,3323 1078,3323 1078,3321 1117,3316 1210,3303 1444,3303 1478,3314 1489,3319 1491,3319 1632,3321 1634,3321 1637,3321 1639,3321 1648,3314 1672,3299 1840,3299 1928,3312 1966,3319 1968,3319 2593,3310 2596,3286 2591,3259 1087,3255 1084,3255 707,3268 709,3297"/>
        <Baseline points="709,3297 2596,3286"/>
        <TextEquiv conf="0.976349997378531">
          <Unicode>„ „ „ S. Clementis . . . . . .  . Petrus —  . .  . a 16. Mart. 1188 ad 29. Oct. 1188</Unicode>
        </TextEquiv>
      </TextLine>
      <TextLine id="eSc_line_ff565824" custom="structure {type:default;}">
        <Coords points="704,3341 704,3358 1478,3367 1482,3332 1475,3301 702,3308 704,3341"/>
        <Baseline points="704,3341 1482,3332"/>
        <TextEquiv conf="0.9922922416166826">
          <Unicode>„ „ „ S. Clementis et Tuscanensis</Unicode>
        </TextEquiv>
      </TextLine>
      <TextLine id="eSc_line_e9cbe03b" custom="structure {type:default;}">
        <Coords points="702,3431 702,3445 795,3458 797,3458 855,3445 868,3442 890,3445 961,3451 963,3451 965,3451 996,3442 1011,3440 1040,3442 1164,3458 1166,3458 1411,3445 1458,3453 1460,3453 1462,3453 1464,3453 1478,3442 1478,3420 1471,3392 700,3398 702,3431"/>
        <Baseline points="702,3431 1478,3420"/>
        <TextEquiv conf="0.9989390634000301">
          <Unicode>„ „ S. Mariae trans Tiberim tit.</Unicode>
        </TextEquiv>
      </TextLine>
      <TextLine id="eSc_line_601ecd8e" custom="structure {type:default;}">
        <Coords points="1000,3380 1000,3394 1131,3411 1133,3411 1135,3411 1175,3394 1190,3389 1471,3389 1482,3394 1509,3411 1511,3411 1513,3411 1515,3411 1705,3409 1707,3409 1710,3409 1727,3394 1738,3387 1785,3387 1796,3394 1805,3403 1807,3403 1809,3403 1811,3403 1847,3394 1880,3387 1889,3394 1900,3405 1902,3405 1904,3405 1906,3405 1908,3405 1939,3394 1953,3392 1966,3394 2023,3409 2026,3409 2028,3409 2090,3407 2092,3407 2094,3407 2109,3394 2118,3387 2129,3394 2134,3398 2134,3400 2136,3400 2138,3400 2140,3400 2209,3394 2231,3394 2235,3394 2271,3407 2273,3407 2275,3407 2277,3407 2280,3407 2295,3394 2297,3394 2304,3394 2350,3407 2353,3407 2355,3407 2596,3394 2598,3374 2591,3347 998,3352 1000,3380"/>
        <Baseline points="1000,3380 2598,3374"/>
        <TextEquiv conf="0.9809985726694518">
          <Unicode>episcopus . . . . . . . . . lohannes . . . .„, a 6. Iun. 1189 ad 17. Febr. 1191</Unicode>
        </TextEquiv>
      </TextLine>
      <TextLine id="eSc_line_f51cb92d" custom="structure {type:default;}">
        <Coords points="1005,3462 1005,3480 1067,3498 1069,3498 1071,3498 1073,3498 1111,3486 1204,3491 1206,3491 1208,3491 1210,3491 1221,3482 1230,3475 1442,3475 1451,3482 1460,3489 1460,3491 1462,3491 1464,3491 1599,3498 1601,3498 1714,3484 1802,3473 1897,3484 1990,3495 1992,3495 2598,3486 2598,3458 2591,3429 1003,3433 1005,3462"/>
        <Baseline points="1005,3462 2598,3458"/>
        <TextEquiv conf="0.9769363410678911">
          <Unicode>Calixti . . . . . „. „. . . . . I. aborans . . . a 23. Dec. 1187 ad 26. Iun. 1189</Unicode>
        </TextEquiv>
      </TextLine>
      <TextLine id="eSc_line_9860df2b" custom="structure {type:default;}">
        <Coords points="1482,3513 1482,3542 1628,3531 1710,3539 1712,3539 1714,3539 1716,3539 1732,3528 2220,3535 2222,3506 2216,3480 1480,3484 1482,3513"/>
        <Baseline points="1482,3513 2222,3506"/>
        <TextEquiv conf="0.9824899496176304">
          <Unicode>Guido . . . . . . . . d. 17. Febr. 1191</Unicode>
        </TextEquiv>
      </TextLine>
    </TextRegion>
    <TextRegion id="eSc_textblock_81b7fcc7"  custom="structure {type:default;}">
      <Coords points="1078,150 1798,150 1824,236 945,236 954,159 1078,150"/>
      <TextLine id="eSc_line_10611a33" custom="structure {type:default;}">
        <Coords points="1745,150 1743,150 1741,150 1663,152 1661,152 1659,152 1639,167 1546,152 1544,152 1385,167 1341,152 1338,152 1036,152 1014,154 1000,154 969,167 969,220 969,238 996,251 998,251 1000,251 1798,238 1798,220 1798,170 1767,170 1747,152 1747,150 1745,150"/>
        <Baseline points="969,220 1798,220"/>
        <TextEquiv conf="0.982953650255998">
          <Unicode>Cl.EMENS III. 1187—1191.</Unicode>
        </TextEquiv>
      </TextLine>
    </TextRegion>
    <TextRegion id="eSc_textblock_b4d8a131"  custom="structure {type:default;}">
      <Coords points="2536,159 2697,167 2697,227 2662,262 2540,262 2514,227 2536,159"/>
      <TextLine id="eSc_line_cab0efed" custom="structure {type:default;}">
        <Coords points="2649,163 2626,163 2604,161 2585,161 2580,165 2573,172 2538,172 2538,220 2538,249 2664,249 2664,220 2664,165 2649,163"/>
        <Baseline points="2538,220 2664,220"/>
        <TextEquiv conf="0.9999999602635702">
          <Unicode>535</Unicode>
        </TextEquiv>
      </TextLine>
    </TextRegion>
  </Page>
</PcGts>
