<?xml version="1.0" encoding="UTF-8"  standalone="yes"?>
<PcGts xmlns="http://schema.primaresearch.org/PAGE/gts/pagecontent/2019-07-15" xmlns:xsi="http://www.w3.org/2001/XMLSchema-instance" xsi:schemaLocation="http://schema.primaresearch.org/PAGE/gts/pagecontent/2019-07-15 http://schema.primaresearch.org/PAGE/gts/pagecontent/2019-07-15/pagecontent.xsd">
  <Metadata externalRef="pdf//regestapontificu02cath.pdf">
	<Creator>escriptorium</Creator>
	<Created>2026-01-31T10:45:37.569031+00:00</Created>
        <LastChange>2026-02-04T22:27:11.461236+00:00</LastChange>
  </Metadata>
  <Page imageFilename="regestapontificu02cath.pdf_page_639.png" imageWidth="3007" imageHeight="3975">
    <TextRegion id="eSc_textblock_148e1b9f"  custom="structure {type:default;}">
      <Coords points="1787,291 2644,309 2626,3513 2337,3522 2344,3566 2240,3575 2149,3522 88,3504 53,3425 53,618 88,326 307,326 333,803 335,379 362,309 607,335 636,300 1787,291"/>
      <TextLine id="eSc_line_7252b538" custom="structure {type:default;}">
        <Coords points="2136,298 2114,298 2092,295 2070,295 2048,295 2026,295 2003,295 1981,293 1959,293 1937,293 1915,293 1893,293 1871,291 1849,291 1827,291 1818,291 1725,298 1707,291 1694,291 1672,291 1650,291 1628,291 1469,302 1464,302 1462,302 1409,293 1407,293 1385,293 1369,293 1343,304 1341,306 1190,306 1190,304 1177,295 1164,295 1142,295 1120,295 1098,295 1075,295 1053,295 1049,295 983,306 980,306 978,306 938,295 921,295 899,298 877,298 855,298 832,298 810,298 788,298 766,298 744,298 722,298 700,298 678,298 656,298 640,298 629,300 612,324 614,355 614,386 2154,388 2156,346 2151,298 2136,298"/>
        <Baseline points="614,355 2156,346"/>
        <TextEquiv conf="0.9740072858165687">
          <Unicode>1196. (Indf. 14. pont. a. 5. — 14. 4pr. — 6. 119.5 — 25. Mart. — 1190).</Unicode>
        </TextEquiv>
      </TextLine>
      <TextLine id="eSc_line_7e67f3e9" custom="structure {type:default;}">
        <Coords points="300,364 88,355 88,412 86,443 156,470 159,470 161,470 163,470 190,459 220,448 251,470 260,477 262,477 265,477 267,479 302,479 304,417 304,375 300,364"/>
        <Baseline points="88,412 304,417"/>
        <TextEquiv conf="0.9999478384852409">
          <Unicode>Oet. 31.</Unicode>
        </TextEquiv>
      </TextLine>
      <TextLine id="eSc_line_d6a5673e" custom="structure {type:default;}">
        <Coords points="645,417 645,441 2615,441 2615,410 2609,366 642,373 645,417"/>
        <Baseline points="645,417 2615,410"/>
        <TextEquiv conf="0.999936438059505">
          <Unicode>17434 (Amadeo) episcopo Aretino mandat, cogat abbatem monasterii S. Florae Are-</Unicode>
        </TextEquiv>
      </TextLine>
      <TextLine id="eSc_line_c02243a8" custom="structure {type:default;}">
        <Coords points="360,419 366,479 386,468 572,472 574,412 570,359 510,348 508,348 355,362 360,419"/>
        <Baseline points="360,419 574,412"/>
        <TextEquiv conf="0.992981880903244">
          <Unicode>Laterani</Unicode>
        </TextEquiv>
      </TextLine>
      <TextLine id="eSc_line_f495ad27" custom="structure {type:default;}">
        <Coords points="698,472 698,494 2609,492 2611,468 2604,435 695,441 698,472"/>
        <Baseline points="698,472 2611,468"/>
        <TextEquiv conf="0.9993322739998499">
          <Unicode>tinum, ut iuxta sententiam apostolicam Rolandino portionem quandam castelli Rogetini</Unicode>
        </TextEquiv>
      </TextLine>
      <TextLine id="eSc_line_8e93ad12" custom="structure {type:default;}">
        <Coords points="695,527 695,554 2609,558 2613,521 2607,492 693,492 695,527"/>
        <Baseline points="695,527 2613,521"/>
        <TextEquiv conf="0.9968414590472267">
          <Unicode>restituat. Nisi fecerit, ipsum et fratres excommunicationi et monasterium interdicto</Unicode>
        </TextEquiv>
      </TextLine>
      <TextLine id="eSc_line_a9510b84" custom="structure {type:default;}">
        <Coords points="695,580 695,602 2079,596 2081,574 2074,543 693,547 695,580"/>
        <Baseline points="695,580 2081,574"/>
        <TextEquiv conf="0.9915218855205336">
          <Unicode>supponat. Pflugk-Harttung Acta III. 404. — „Si abbas et“.</Unicode>
        </TextEquiv>
      </TextLine>
      <TextLine id="eSc_line_659c2246" custom="structure {type:default;}">
        <Coords points="649,636 649,658 2611,653 2613,631 2609,602 2531,589 2529,589 2527,589 2487,600 2028,589 2026,589 1902,600 1820,589 1818,589 1816,589 1787,600 1453,591 1451,591 1369,602 695,591 693,591 691,591 647,605 649,636"/>
        <Baseline points="649,636 2613,631"/>
        <TextEquiv conf="0.9959166070994209">
          <Unicode>17435 (10610) (Aegidio), episcopo Mutinensi, permittit, ut clericorum plebis de Baio-</Unicode>
        </TextEquiv>
      </TextLine>
      <TextLine id="eSc_line_0cd969f9" custom="structure {type:default;}">
        <Coords points="90,638 90,671 198,662 220,664 271,671 273,671 276,671 300,658 300,633 296,585 88,580 90,638"/>
        <Baseline points="90,638 300,633"/>
        <TextEquiv conf="0.9999968154089791">
          <Unicode>Nov. 8.</Unicode>
        </TextEquiv>
      </TextLine>
      <TextLine id="eSc_line_0124d374" custom="structure {type:default;}">
        <Coords points="430,647 428,673 530,673 532,651 530,618 430,613 430,647"/>
        <Baseline points="430,647 532,651"/>
        <TextEquiv conf="0.998516857624054">
          <Unicode>„</Unicode>
        </TextEquiv>
      </TextLine>
      <TextLine id="eSc_line_dac33ff5" custom="structure {type:default;}">
        <Coords points="698,691 698,715 952,728 954,728 1047,719 1067,717 1084,719 1153,728 1155,728 1546,722 1851,717 1933,724 1979,728 1981,728 2076,726 2317,717 2381,728 2390,728 2392,728 2410,728 2540,717 2609,728 2611,691 2609,660 698,660 698,691"/>
        <Baseline points="698,691 2611,691"/>
        <TextEquiv conf="0.9977507484264863">
          <Unicode>aria et aliorum quorundam inobedientiam vindicet. Tiraboschi Mem. Mod. IV. 18,</Unicode>
        </TextEquiv>
      </TextLine>
      <TextLine id="eSc_line_a75914c9" custom="structure {type:default;}">
        <Coords points="695,748 695,766 1003,779 1005,779 1007,779 1009,779 1031,766 1034,766 1082,777 1084,777 1168,766 1170,766 1175,766 1436,777 1438,777 1586,764 1592,764 1604,772 1604,775 1606,775 1608,775 1701,777 1703,777 1844,761 1847,744 1840,713 693,715 695,748"/>
        <Baseline points="695,748 1847,744"/>
        <TextEquiv conf="0.9999895414640737">
          <Unicode>Migne 206 p. 1183. — „Cum praeter commune“.</Unicode>
        </TextEquiv>
      </TextLine>
      <TextLine id="eSc_line_40b39427" custom="structure {type:default;}">
        <Coords points="645,801 645,825 2611,825 2613,795 2607,755 642,764 645,801"/>
        <Baseline points="645,801 2613,795"/>
        <TextEquiv conf="0.9941556998241095">
          <Unicode>17436 Monachos S. Severini Neapolitanos in claustro vel extra claustrum ab aliquo</Unicode>
        </TextEquiv>
      </TextLine>
      <TextLine id="eSc_line_81005fa0" custom="structure {type:default;}">
        <Coords points="123,808 123,830 132,839 134,839 136,839 139,839 141,839 209,821 260,836 262,836 265,836 267,836 307,814 307,803 302,775 214,757 212,757 121,777 123,808"/>
        <Baseline points="123,808 307,803"/>
        <TextEquiv conf="0.9679583787918091">
          <Unicode>„ 11.</Unicode>
        </TextEquiv>
      </TextLine>
      <TextLine id="eSc_line_7843a40f" custom="structure {type:default;}">
        <Coords points="435,814 435,836 523,836 523,814 523,775 435,775 435,814"/>
        <Baseline points="435,814 523,814"/>
        <TextEquiv conf="1.0">
          <Unicode>„</Unicode>
        </TextEquiv>
      </TextLine>
      <TextLine id="eSc_line_5b0ecdbe" custom="structure {type:default;}">
        <Coords points="698,854 698,878 762,894 764,894 830,881 835,881 1219,881 1228,885 1246,896 1248,896 1250,896 1252,898 1509,898 1509,896 1511,896 1533,887 1548,881 1608,887 1661,894 1663,894 1716,889 1796,881 1811,889 1820,896 1822,896 1824,896 1827,898 2388,898 2388,896 2390,896 2392,896 2417,881 2463,881 2487,896 2489,896 2492,896 2494,898 2613,898 2613,854 2611,823 698,823 698,854"/>
        <Baseline points="698,854 2613,854"/>
        <TextEquiv conf="0.993252111429518">
          <Unicode>iudicari vel ad causas trahi vetat, nisi in praesentia abbatis vel prioris eorum. PRugk-</Unicode>
        </TextEquiv>
      </TextLine>
      <TextLine id="eSc_line_683c8faa" custom="structure {type:default;}">
        <Coords points="698,909 698,927 726,942 729,942 731,945 905,945 905,942 908,942 910,942 910,940 923,929 972,942 974,942 976,945 1029,945 1029,942 1031,942 1034,942 1034,940 1045,929 1073,942 1075,942 1078,942 1080,942 1137,929 1219,940 1221,940 1224,940 1257,929 1338,929 1352,940 1352,942 1354,942 1356,942 1358,942 1579,929 1590,938 1590,940 1592,940 1595,940 1769,942 1771,942 1774,942 1824,927 1824,909 1824,881 698,872 698,909"/>
        <Baseline points="698,909 1824,909"/>
        <TextEquiv conf="0.998201760980818">
          <Unicode>Harttung Acta III. 405. — „Cum ad evitandas“.</Unicode>
        </TextEquiv>
      </TextLine>
      <TextLine id="eSc_line_20172dd7" custom="structure {type:default;}">
        <Coords points="647,967 647,993 2611,993 2613,960 2607,927 645,931 647,967"/>
        <Baseline points="647,967 2613,960"/>
        <TextEquiv conf="0.9995902243048645">
          <Unicode>17437 Decano et canonicis S. Marcelli Parisiensibus permittit, ut quae ecclesiae eorum</Unicode>
        </TextEquiv>
      </TextLine>
      <TextLine id="eSc_line_c71e1072" custom="structure {type:default;}">
        <Coords points="121,969 121,991 128,998 128,1000 130,1000 132,1000 134,1000 136,1000 170,987 176,984 194,987 267,1000 269,1000 271,1000 304,989 304,969 304,938 121,938 121,969"/>
        <Baseline points="121,969 304,969"/>
        <TextEquiv conf="0.9998838663101196">
          <Unicode>„ 11.</Unicode>
        </TextEquiv>
      </TextLine>
      <TextLine id="eSc_line_b59bc497" custom="structure {type:default;}">
        <Coords points="426,980 426,989 475,1000 477,1000 479,1000 532,984 532,976 523,876 421,878 426,980"/>
        <Baseline points="426,980 532,976"/>
        <TextEquiv conf="1.0">
          <Unicode>„</Unicode>
        </TextEquiv>
      </TextLine>
      <TextLine id="eSc_line_ff4382d8" custom="structure {type:default;}">
        <Coords points="695,1020 695,1048 2613,1040 2615,1015 2609,989 693,991 695,1020"/>
        <Baseline points="695,1020 2615,1015"/>
        <TextEquiv conf="0.9993565347459581">
          <Unicode>prodesse cognoverint, expediant, nulla habita ratione canonicorum exterius commo-</Unicode>
        </TextEquiv>
      </TextLine>
      <TextLine id="eSc_line_cef68147" custom="structure {type:default;}">
        <Coords points="695,1077 695,1097 1056,1110 1058,1110 1060,1110 1109,1097 1109,1095 1296,1095 1301,1095 1345,1108 1347,1108 1349,1108 1352,1108 1400,1095 1402,1095 1447,1108 1449,1108 1451,1110 1588,1110 1588,1108 1590,1108 1592,1108 1608,1095 1648,1106 1650,1106 1652,1106 1723,1093 1732,1093 1959,1093 1961,1093 2063,1106 2065,1106 2189,1104 2191,1104 2222,1090 2224,1090 2244,1090 2487,1104 2489,1104 2492,1104 2549,1088 2549,1068 2545,1040 784,1037 782,1037 693,1048 695,1077"/>
        <Baseline points="695,1077 2549,1068"/>
        <TextEquiv conf="0.9781922252872323">
          <Unicode>rantium. Autogr. in tab. nat. Paris. L. 235. n. 18bis. — „Decano et canonicis“.</Unicode>
        </TextEquiv>
      </TextLine>
      <TextLine id="eSc_line_f0d2403c" custom="structure {type:default;}">
        <Coords points="649,1130 649,1159 2613,1154 2615,1124 2611,1093 647,1093 649,1130"/>
        <Baseline points="649,1130 2615,1124"/>
        <TextEquiv conf="0.9984685708494747">
          <Unicode>17438 Universis dioecesis Laudunensis presbyteris concedit, si quis ex iis intestatus</Unicode>
        </TextEquiv>
      </TextLine>
      <TextLine id="eSc_line_778a9514" custom="structure {type:default;}">
        <Coords points="125,1135 125,1166 309,1154 309,1135 309,1093 125,1086 125,1135"/>
        <Baseline points="125,1135 309,1135"/>
        <TextEquiv conf="0.9999990940093995">
          <Unicode>„ 12.</Unicode>
        </TextEquiv>
      </TextLine>
      <TextLine id="eSc_line_2dfaa273" custom="structure {type:default;}">
        <Coords points="421,1141 419,1170 519,1177 523,1148 525,1035 466,1048 426,1033 421,1141"/>
        <Baseline points="421,1141 523,1148"/>
        <TextEquiv conf="0.9999619722366333">
          <Unicode>„</Unicode>
        </TextEquiv>
      </TextLine>
      <TextLine id="eSc_line_343318a5" custom="structure {type:default;}">
        <Coords points="695,1183 695,1207 2613,1210 2615,1183 2615,1150 695,1150 695,1183"/>
        <Baseline points="695,1183 2615,1183"/>
        <TextEquiv conf="0.9958374904490065">
          <Unicode>decesserit, ut „bona intuitu ecclesiae acquisita in usus ecclesiae, cui praefuerit, per</Unicode>
        </TextEquiv>
      </TextLine>
      <TextLine id="eSc_line_9987b435" custom="structure {type:default;}">
        <Coords points="698,1241 698,1263 733,1276 735,1276 737,1276 740,1276 782,1263 786,1263 821,1263 1157,1276 1159,1276 1162,1276 1164,1276 1182,1263 1186,1260 1204,1263 1296,1274 1299,1276 1447,1276 1447,1274 1449,1274 1451,1274 1469,1263 1471,1260 1486,1263 1562,1272 1564,1274 1827,1274 1827,1272 1829,1272 1831,1272 1847,1260 1851,1258 1862,1260 1893,1269 1895,1269 1897,1269 1900,1269 1931,1260 1939,1258 1944,1260 1959,1272 1961,1272 1964,1272 1966,1272 2032,1260 2050,1258 2063,1260 2105,1272 2107,1272 2109,1272 2112,1272 2154,1260 2165,1258 2189,1260 2275,1269 2277,1269 2280,1269 2297,1260 2306,1256 2317,1260 2341,1269 2344,1269 2346,1269 2611,1258 2613,1232 2607,1205 695,1212 698,1241"/>
        <Baseline points="698,1241 2613,1232"/>
        <TextEquiv conf="0.9981058367661068">
          <Unicode>tres ad hoc statutos, convertantur“. Ex archetypo in bibl. nat. Paris. Coll. Grenier</Unicode>
        </TextEquiv>
      </TextLine>
      <TextLine id="eSc_line_fc9cac3a" custom="structure {type:default;}">
        <Coords points="695,1296 695,1316 1939,1327 1942,1327 1944,1327 1992,1309 1992,1289 1988,1260 1124,1254 1122,1254 693,1265 695,1296"/>
        <Baseline points="695,1296 1992,1289"/>
        <TextEquiv conf="0.9876427320497376">
          <Unicode>t. 286. n. 8. Misit Delisle. — „Postulationes consonas“.</Unicode>
        </TextEquiv>
      </TextLine>
      <TextLine id="eSc_line_b2d4ad38" custom="structure {type:default;}">
        <Coords points="645,1351 645,1371 2611,1378 2615,1347 2609,1309 642,1313 645,1351"/>
        <Baseline points="645,1351 2615,1347"/>
        <TextEquiv conf="0.9977958493762547">
          <Unicode>17439 *Willelmo, episcopo Vicensi, concedit, ut maioris capituli partis consensu ecclesiae</Unicode>
        </TextEquiv>
      </TextLine>
      <TextLine id="eSc_line_29e9195f" custom="structure {type:default;}">
        <Coords points="123,1355 123,1382 311,1393 313,1349 307,1283 119,1283 123,1355"/>
        <Baseline points="123,1355 313,1349"/>
        <TextEquiv conf="0.9585072159767151">
          <Unicode>„ 12.</Unicode>
        </TextEquiv>
      </TextLine>
      <TextLine id="eSc_line_9aff834c" custom="structure {type:default;}">
        <Coords points="410,1355 410,1369 479,1386 481,1386 483,1386 525,1366 525,1355 525,1311 410,1311 410,1355"/>
        <Baseline points="410,1355 525,1355"/>
        <TextEquiv conf="0.9999999205271403">
          <Unicode>(„)</Unicode>
        </TextEquiv>
      </TextLine>
      <TextLine id="eSc_line_f1bfa279" custom="structure {type:default;}">
        <Coords points="695,1402 693,1426 702,1433 704,1433 707,1433 709,1433 1100,1422 1420,1435 1422,1435 1478,1424 1520,1435 1522,1435 1524,1435 1893,1422 1895,1406 1893,1375 1701,1364 1699,1364 1696,1364 1679,1373 1674,1375 1670,1373 1641,1364 1639,1364 1637,1364 1579,1373 1566,1375 1553,1373 1504,1364 1502,1364 1438,1373 1420,1375 1405,1373 1352,1364 1349,1364 1347,1364 1312,1373 1299,1375 1272,1373 1168,1362 1166,1362 1089,1373 1078,1373 1064,1373 954,1362 952,1362 950,1362 919,1373 916,1373 912,1373 883,1362 881,1362 879,1362 695,1371 695,1402"/>
        <Baseline points="695,1402 1895,1406"/>
        <TextEquiv conf="0.9994818579916861">
          <Unicode>suae provideat. Villanueva Viage literario VII. 15.</Unicode>
        </TextEquiv>
      </TextLine>
      <TextLine id="eSc_line_727d8fbd" custom="structure {type:default;}">
        <Coords points="645,1459 645,1484 1224,1495 1226,1495 1228,1495 1230,1495 1246,1484 1248,1484 1290,1484 1908,1492 1911,1492 1913,1492 1946,1481 1957,1479 1988,1481 2079,1490 2081,1490 2609,1479 2611,1453 2604,1426 642,1431 645,1459"/>
        <Baseline points="645,1459 2611,1453"/>
        <TextEquiv conf="0.9985686945063728">
          <Unicode>17440 * Willelmo episcopo et capitulo Vicensi concessam a Franciae regibus licentiam</Unicode>
        </TextEquiv>
      </TextLine>
      <TextLine id="eSc_line_83a429cd" custom="structure {type:default;}">
        <Coords points="123,1464 123,1484 282,1490 285,1490 287,1490 289,1490 302,1479 302,1459 298,1426 227,1415 225,1415 223,1415 220,1415 201,1431 194,1435 121,1435 123,1464"/>
        <Baseline points="123,1464 302,1459"/>
        <TextEquiv conf="0.9999999761581421">
          <Unicode>„ 13.</Unicode>
        </TextEquiv>
      </TextLine>
      <TextLine id="eSc_line_f6c3bc94" custom="structure {type:default;}">
        <Coords points="413,1468 413,1481 466,1499 468,1499 470,1499 472,1499 523,1477 523,1468 523,1435 446,1419 444,1419 441,1419 413,1433 413,1468"/>
        <Baseline points="413,1468 523,1468"/>
        <TextEquiv conf="0.9999096194903055">
          <Unicode>(„)</Unicode>
        </TextEquiv>
      </TextLine>
      <TextLine id="eSc_line_f9bf6465" custom="structure {type:default;}">
        <Coords points="695,1517 695,1545 2609,1545 2611,1510 2604,1477 693,1477 695,1517"/>
        <Baseline points="695,1517 2611,1510"/>
        <TextEquiv conf="0.9953728138682354">
          <Unicode>confirmat possessionum ecclesiae temporalibus armis defendendarum. Villanueva Viage</Unicode>
        </TextEquiv>
      </TextLine>
      <TextLine id="eSc_line_6c81df44" custom="structure {type:default;}">
        <Coords points="691,1570 691,1590 1098,1594 1100,1570 1100,1528 691,1528 691,1570"/>
        <Baseline points="691,1570 1100,1570"/>
        <TextEquiv conf="0.9950572748978933">
          <Unicode>literario VII. 16.</Unicode>
        </TextEquiv>
      </TextLine>
      <TextLine id="eSc_line_e421e7e4" custom="structure {type:default;}">
        <Coords points="647,1625 647,1647 707,1662 709,1662 786,1649 790,1649 890,1649 892,1649 923,1662 925,1662 927,1665 1045,1665 1045,1662 1047,1662 1049,1662 1064,1651 1069,1649 1075,1651 1113,1662 1115,1662 1117,1665 1246,1665 1246,1662 1248,1662 1250,1662 1263,1654 1268,1649 1283,1654 1323,1662 1325,1662 1327,1665 1774,1665 1774,1662 1776,1662 1794,1658 1822,1649 1849,1658 1866,1662 1869,1662 1871,1662 1908,1658 1977,1649 2368,1662 2423,1662 2425,1662 2428,1662 2430,1662 2450,1649 2467,1662 2470,1662 2472,1662 2474,1665 2613,1665 2613,1625 2613,1596 647,1596 647,1625"/>
        <Baseline points="647,1625 2613,1625"/>
        <TextEquiv conf="0.9995058213963228">
          <Unicode>17441 * Willelmo, episcopo Vicensi, permittit, qui clerici tonsuram occultent, quique</Unicode>
        </TextEquiv>
      </TextLine>
      <TextLine id="eSc_line_4854a848" custom="structure {type:default;}">
        <Coords points="415,1627 413,1654 477,1662 479,1662 481,1662 525,1640 528,1631 525,1601 503,1601 503,1598 490,1581 488,1581 488,1578 486,1578 483,1578 481,1578 415,1594 415,1627"/>
        <Baseline points="415,1627 528,1631"/>
        <TextEquiv conf="0.9999858935674032">
          <Unicode>(„)</Unicode>
        </TextEquiv>
      </TextLine>
      <TextLine id="eSc_line_448d3e70" custom="structure {type:default;}">
        <Coords points="121,1629 121,1651 143,1660 145,1660 148,1660 150,1660 187,1649 196,1647 203,1647 256,1662 258,1662 260,1662 262,1662 307,1643 307,1620 302,1570 185,1570 183,1570 181,1570 119,1587 121,1629"/>
        <Baseline points="121,1629 307,1620"/>
        <TextEquiv conf="0.9999998569488525">
          <Unicode>„ 13.</Unicode>
        </TextEquiv>
      </TextLine>
      <TextLine id="eSc_line_1c0def26" custom="structure {type:default;}">
        <Coords points="698,1680 698,1707 2607,1711 2611,1676 2604,1647 695,1649 698,1680"/>
        <Baseline points="698,1680 2611,1676"/>
        <TextEquiv conf="0.9997402715992618">
          <Unicode>ad synodos non accedant, ut eos beneficiis ad tempus privet. Villanueva Viage</Unicode>
        </TextEquiv>
      </TextLine>
      <TextLine id="eSc_line_b9dd9f4f" custom="structure {type:default;}">
        <Coords points="689,1737 689,1755 1095,1749 1098,1731 1091,1696 687,1700 689,1737"/>
        <Baseline points="689,1737 1098,1731"/>
        <TextEquiv conf="0.9951871898439195">
          <Unicode>literario VII. 16.</Unicode>
        </TextEquiv>
      </TextLine>
      <TextLine id="eSc_line_1a29e047" custom="structure {type:default;}">
        <Coords points="645,1790 645,1815 2613,1806 2613,1784 2609,1755 1301,1744 1299,1744 1296,1744 1252,1757 1215,1746 1212,1746 1210,1746 863,1757 843,1746 841,1746 839,1746 660,1746 658,1746 656,1746 653,1746 642,1753 645,1790"/>
        <Baseline points="645,1790 2613,1784"/>
        <TextEquiv conf="0.99984662376699">
          <Unicode>17442 Sororibus S. Spiritus Paraclitensibus concedit, ne in earum parthenone numerus</Unicode>
        </TextEquiv>
      </TextLine>
      <TextLine id="eSc_line_f2d0de63" custom="structure {type:default;}">
        <Coords points="417,1797 417,1826 525,1846 528,1797 528,1744 417,1744 417,1797"/>
        <Baseline points="417,1797 528,1797"/>
        <TextEquiv conf="0.9999998807907104">
          <Unicode>(„)</Unicode>
        </TextEquiv>
      </TextLine>
      <TextLine id="eSc_line_4ca71407" custom="structure {type:default;}">
        <Coords points="695,1843 695,1874 2607,1877 2611,1837 2604,1810 693,1815 695,1843"/>
        <Baseline points="695,1843 2611,1837"/>
        <TextEquiv conf="0.9999995744681056">
          <Unicode>sexaginta monialium augeatur neve „in causa extra provinciam Senonensem trahan-</Unicode>
        </TextEquiv>
      </TextLine>
      <TextLine id="eSc_line_fe83a3cc" custom="structure {type:default;}">
        <Coords points="691,1901 691,1927 2235,1923 2235,1901 2235,1866 691,1861 691,1901"/>
        <Baseline points="691,1901 2235,1901"/>
        <TextEquiv conf="0.9929942607879638">
          <Unicode>tur“. Lalore Coll. des cartul. II. 33. — „Dati, quamquam preter“.</Unicode>
        </TextEquiv>
      </TextLine>
      <TextLine id="eSc_line_0b9f7494" custom="structure {type:default;}">
        <Coords points="645,1958 645,1978 2609,1972 2611,1949 2607,1919 642,1914 645,1958"/>
        <Baseline points="645,1958 2611,1949"/>
        <TextEquiv conf="0.9998946432714109">
          <Unicode>17443 (10611) (Willelmo) archiepiscopo Ravennati et eius suffraganeis mandat, sub</Unicode>
        </TextEquiv>
      </TextLine>
      <TextLine id="eSc_line_bb12568b" custom="structure {type:default;}">
        <Coords points="119,1961 119,1978 298,1978 300,1954 293,1910 117,1921 119,1961"/>
        <Baseline points="119,1961 300,1954"/>
        <TextEquiv conf="0.9999998569488525">
          <Unicode>„ 14.</Unicode>
        </TextEquiv>
      </TextLine>
      <TextLine id="eSc_line_5bb499b6" custom="structure {type:default;}">
        <Coords points="424,1967 421,1978 470,1996 472,1996 475,1996 477,1996 519,1983 521,1972 519,1943 424,1936 424,1967"/>
        <Baseline points="424,1967 521,1972"/>
        <TextEquiv conf="0.9999984502792358">
          <Unicode>„</Unicode>
        </TextEquiv>
      </TextLine>
      <TextLine id="eSc_line_e9f18f05" custom="structure {type:default;}">
        <Coords points="689,2011 689,2044 857,2033 1332,2040 1506,2042 1509,2042 1562,2038 1654,2031 2609,2031 2611,2007 2607,1980 687,1978 689,2011"/>
        <Baseline points="689,2011 2611,2007"/>
        <TextEquiv conf="0.9914409411259186">
          <Unicode>excommunicationis poena cives Mutinenses commoneant, ut monasterio Nonantulano</Unicode>
        </TextEquiv>
      </TextLine>
      <TextLine id="eSc_line_95e958fc" custom="structure {type:default;}">
        <Coords points="691,2067 691,2095 2604,2086 2607,2060 2600,2029 689,2029 691,2067"/>
        <Baseline points="691,2067 2607,2060"/>
        <TextEquiv conf="0.9891908833613763">
          <Unicode>quae abstulerint reddant. Tiraboschi St. di Non. II. 324, Migne 206 p. 1184. —</Unicode>
        </TextEquiv>
      </TextLine>
      <TextLine id="eSc_line_36420677" custom="structure {type:default;}">
        <Coords points="693,2124 693,2142 1352,2135 1354,2117 1347,2080 691,2084 693,2124"/>
        <Baseline points="693,2124 1354,2117"/>
        <TextEquiv conf="0.9991791354758399">
          <Unicode>„Ad audientiam apostolatus“.</Unicode>
        </TextEquiv>
      </TextLine>
      <TextLine id="eSc_line_e8e55932" custom="structure {type:default;}">
        <Coords points="121,2175 121,2217 302,2195 302,2175 302,2113 209,2106 207,2106 205,2106 203,2106 192,2117 187,2122 121,2122 121,2175"/>
        <Baseline points="121,2175 302,2175"/>
        <TextEquiv conf="0.9995710492134094">
          <Unicode>„ 16.</Unicode>
        </TextEquiv>
      </TextLine>
      <TextLine id="eSc_line_9b7221f4" custom="structure {type:default;}">
        <Coords points="645,2177 645,2199 1049,2212 1051,2212 1325,2197 1358,2197 1374,2197 1473,2208 1475,2208 1478,2208 1509,2197 1511,2197 1515,2197 1581,2210 1584,2210 1690,2197 1694,2197 1703,2197 1948,2210 1950,2210 1953,2210 1984,2195 1986,2195 2017,2195 2286,2208 2288,2208 2403,2195 2406,2195 2408,2195 2560,2208 2562,2208 2565,2208 2611,2192 2611,2170 2607,2142 2529,2128 2527,2128 2419,2139 2028,2131 2026,2131 1950,2142 1349,2131 1347,2131 1345,2131 1296,2144 1263,2133 1261,2133 1259,2133 1025,2144 1000,2133 998,2133 996,2133 994,2133 992,2133 974,2144 665,2133 662,2133 660,2133 658,2133 642,2142 645,2177"/>
        <Baseline points="645,2177 2611,2170"/>
        <TextEquiv conf="0.9962412090862498">
          <Unicode>17444 Salomoni priori et fratribus S. Mariae foris portam civitatis Lucensis. Pflugk-</Unicode>
        </TextEquiv>
      </TextLine>
      <TextLine id="eSc_line_c26ac0e7" custom="structure {type:default;}">
        <Coords points="426,2186 424,2203 468,2221 470,2221 472,2221 475,2221 514,2210 517,2190 517,2153 472,2135 470,2135 468,2135 466,2135 426,2146 426,2186"/>
        <Baseline points="426,2186 517,2190"/>
        <TextEquiv conf="1.0">
          <Unicode>„</Unicode>
        </TextEquiv>
      </TextLine>
      <TextLine id="eSc_line_dde5efd7" custom="structure {type:default;}">
        <Coords points="691,2232 691,2252 1047,2265 1049,2265 1051,2265 1053,2265 1075,2252 1162,2263 1164,2263 1274,2250 1283,2250 1285,2250 1296,2261 1296,2263 1299,2263 1301,2263 1303,2265 1670,2265 1670,2263 1672,2263 1725,2248 1725,2228 1718,2199 689,2201 691,2232"/>
        <Baseline points="691,2232 1725,2228"/>
        <TextEquiv conf="0.9998265892960304">
          <Unicode>Harttung Iter p. 335. — „Iustis petentium“.</Unicode>
        </TextEquiv>
      </TextLine>
      <TextLine id="eSc_line_8a387445" custom="structure {type:default;}">
        <Coords points="645,2285 645,2314 2607,2314 2609,2279 2602,2243 642,2248 645,2285"/>
        <Baseline points="645,2285 2609,2279"/>
        <TextEquiv conf="0.9984754569390241">
          <Unicode>17445 Abbati Corbeiensi concedit, ut „nisi contra eum a sede apostolica speciale man-</Unicode>
        </TextEquiv>
      </TextLine>
      <TextLine id="eSc_line_7a828979" custom="structure {type:default;}">
        <Coords points="121,2287 123,2320 154,2309 203,2314 276,2318 278,2318 280,2318 282,2318 302,2305 302,2283 296,2237 119,2250 121,2287"/>
        <Baseline points="121,2287 302,2283"/>
        <TextEquiv conf="0.9999167561531067">
          <Unicode>„ 18.</Unicode>
        </TextEquiv>
      </TextLine>
      <TextLine id="eSc_line_ea6bd261" custom="structure {type:default;}">
        <Coords points="415,2298 415,2320 510,2332 512,2298 510,2234 415,2239 415,2298"/>
        <Baseline points="415,2298 512,2298"/>
        <TextEquiv conf="1.0">
          <Unicode>„</Unicode>
        </TextEquiv>
      </TextLine>
      <TextLine id="eSc_line_96c646da" custom="structure {type:default;}">
        <Coords points="693,2340 693,2362 2607,2358 2609,2336 2602,2309 691,2312 693,2340"/>
        <Baseline points="693,2340 2609,2336"/>
        <TextEquiv conf="0.99370967064585">
          <Unicode>datum emerserit, auctoritate generalis rescripti nemini teneatur in causa aliqua re-</Unicode>
        </TextEquiv>
      </TextLine>
      <TextLine id="eSc_line_8140e054" custom="structure {type:default;}">
        <Coords points="695,2398 695,2431 2607,2422 2607,2398 2607,2362 2348,2354 2346,2354 2282,2362 2255,2365 2231,2362 2160,2354 2158,2354 2105,2362 2090,2365 2074,2362 2030,2354 2028,2354 2026,2354 2023,2354 2010,2362 2006,2367 1822,2367 1816,2362 1787,2354 1785,2354 1782,2354 1780,2354 1778,2354 1765,2362 1760,2367 1619,2367 1610,2365 1570,2354 1568,2354 1566,2354 1564,2354 1542,2365 1537,2365 1535,2365 1509,2354 1506,2354 1504,2354 1453,2365 1447,2365 1442,2365 1407,2354 1405,2354 1402,2354 1312,2365 1303,2365 1299,2365 1257,2354 1254,2354 1252,2354 1137,2365 1131,2365 1124,2365 1042,2354 1040,2354 1038,2354 1003,2365 1000,2365 967,2354 965,2354 963,2354 846,2365 843,2365 817,2354 815,2354 813,2354 695,2365 695,2398"/>
        <Baseline points="695,2398 2607,2398"/>
        <TextEquiv conf="0.9977588341679684">
          <Unicode>spondere“. In bibl. nat. Paris. Cartul. blanc de Corbie ms. lat. 17759. s. XIII. —XIV.</Unicode>
        </TextEquiv>
      </TextLine>
      <TextLine id="eSc_line_36a34b87" custom="structure {type:default;}">
        <Coords points="689,2453 689,2471 1409,2479 1411,2479 1414,2479 1464,2466 1464,2449 1458,2415 687,2420 689,2453"/>
        <Baseline points="689,2453 1464,2449"/>
        <TextEquiv conf="0.9910676171702724">
          <Unicode>f. 45. — „Cum a nobis petitur“.</Unicode>
        </TextEquiv>
      </TextLine>
      <TextLine id="eSc_line_1843143a" custom="structure {type:default;}">
        <Coords points="638,2504 638,2526 2611,2521 2611,2499 2604,2464 636,2466 638,2504"/>
        <Baseline points="638,2504 2611,2499"/>
        <TextEquiv conf="0.9976530936029222">
          <Unicode>17446 Archiepiscopis et episcopis et aliis ecclesiarum praelatis interdicit, „ne ecclesiis</Unicode>
        </TextEquiv>
      </TextLine>
      <TextLine id="eSc_line_70f6332c" custom="structure {type:default;}">
        <Coords points="119,2508 121,2539 163,2526 209,2532 258,2539 260,2539 262,2539 302,2524 302,2508 302,2440 236,2440 234,2440 231,2440 229,2440 229,2442 212,2457 190,2479 119,2479 119,2508"/>
        <Baseline points="119,2508 302,2508"/>
        <TextEquiv conf="0.9999904870986939">
          <Unicode>„ 21.</Unicode>
        </TextEquiv>
      </TextLine>
      <TextLine id="eSc_line_69130724" custom="structure {type:default;}">
        <Coords points="426,2517 428,2555 514,2546 514,2510 510,2484 424,2488 426,2517"/>
        <Baseline points="426,2517 514,2510"/>
        <TextEquiv conf="1.0">
          <Unicode>„</Unicode>
        </TextEquiv>
      </TextLine>
      <TextLine id="eSc_line_247eacb7" custom="structure {type:default;}">
        <Coords points="693,2559 693,2585 2607,2581 2609,2555 2602,2524 691,2530 693,2559"/>
        <Baseline points="693,2559 2609,2555"/>
        <TextEquiv conf="0.9971755297704675">
          <Unicode>fratrum templi (Hierosolymitani) illicitas exactiones imponant aut eos (an eas?) inter-</Unicode>
        </TextEquiv>
      </TextLine>
      <TextLine id="eSc_line_1a36b65e" custom="structure {type:default;}">
        <Coords points="691,2610 689,2630 720,2645 722,2645 724,2647 788,2647 788,2645 790,2645 793,2645 810,2632 837,2645 839,2645 841,2645 1042,2634 1056,2634 1067,2634 1179,2647 1182,2650 1449,2650 1449,2647 1451,2647 1453,2647 1453,2645 1458,2641 1464,2636 1480,2641 1502,2647 1504,2647 1506,2647 1553,2643 1595,2638 1608,2643 1621,2650 1623,2650 1626,2650 1628,2650 1630,2650 1637,2645 1650,2636 1747,2645 1752,2616 1749,2585 691,2579 691,2610"/>
        <Baseline points="691,2610 1752,2616"/>
        <TextEquiv conf="0.9991397993131117">
          <Unicode>dicto supponant“. Prutz Malteser Urk. p. 45.</Unicode>
        </TextEquiv>
      </TextLine>
      <TextLine id="eSc_line_42db50fa" custom="structure {type:default;}">
        <Coords points="121,2672 121,2696 298,2698 300,2665 296,2632 119,2630 121,2672"/>
        <Baseline points="121,2672 300,2665"/>
        <TextEquiv conf="0.9363862872123718">
          <Unicode>„ 23.</Unicode>
        </TextEquiv>
      </TextLine>
      <TextLine id="eSc_line_d9a13072" custom="structure {type:default;}">
        <Coords points="645,2672 645,2698 2607,2689 2609,2665 2604,2632 642,2632 645,2672"/>
        <Baseline points="645,2672 2609,2665"/>
        <TextEquiv conf="0.9926547793353476">
          <Unicode>17447 (10612) (Petro) episcopo Atrebatensi et abbati S. Victoris ac priori S. Mar-</Unicode>
        </TextEquiv>
      </TextLine>
      <TextLine id="eSc_line_7ac08fe1" custom="structure {type:default;}">
        <Coords points="424,2685 424,2727 457,2727 459,2727 461,2727 461,2725 477,2709 510,2718 514,2680 505,2561 415,2548 424,2685"/>
        <Baseline points="424,2685 514,2680"/>
        <TextEquiv conf="0.6829174160957336">
          <Unicode>„</Unicode>
        </TextEquiv>
      </TextLine>
      <TextLine id="eSc_line_da39f847" custom="structure {type:default;}">
        <Coords points="695,2725 695,2747 2604,2742 2607,2718 2600,2689 693,2694 695,2725"/>
        <Baseline points="695,2725 2607,2718"/>
        <TextEquiv conf="0.9999751150608063">
          <Unicode>tini de Campis Parisiensis mandat, ut ecclesiam Calensem ecclesiae Parisiensi sub-</Unicode>
        </TextEquiv>
      </TextLine>
      <TextLine id="eSc_line_290423eb" custom="structure {type:default;}">
        <Coords points="691,2778 691,2802 731,2815 733,2815 735,2815 843,2804 848,2804 855,2804 936,2815 938,2815 1034,2804 1049,2804 1062,2806 1126,2815 1129,2815 1131,2815 1164,2806 1175,2804 1224,2806 1369,2815 1372,2815 1418,2809 1444,2804 1511,2809 1608,2815 1610,2817 1831,2817 1831,2815 1833,2815 1844,2811 1860,2804 1884,2811 1897,2815 1900,2815 1902,2817 2140,2817 2140,2815 2143,2815 2145,2815 2147,2813 2163,2804 2607,2815 2609,2778 2609,2749 691,2749 691,2778"/>
        <Baseline points="691,2778 2609,2778"/>
        <TextEquiv conf="0.9876577479894771">
          <Unicode>iiciant. Dubois Hist. eccl. Paris. II. 212, Theodori Poenitentiale II. 723, Collection</Unicode>
        </TextEquiv>
      </TextLine>
      <TextLine id="eSc_line_362f6177" custom="structure {type:default;}">
        <Coords points="691,2833 691,2857 2311,2853 2313,2828 2306,2797 689,2800 691,2833"/>
        <Baseline points="691,2833 2313,2828"/>
        <TextEquiv conf="0.9996123735721295">
          <Unicode>des Cartulaires IV. 65, Migne 206 p. 1184. — „Cum homines simus“.</Unicode>
        </TextEquiv>
      </TextLine>
      <TextLine id="eSc_line_2c7959f3" custom="structure {type:default;}">
        <Coords points="121,2892 121,2915 145,2921 148,2921 150,2921 163,2915 183,2903 214,2912 225,2917 227,2917 229,2917 302,2910 302,2886 300,2853 249,2824 247,2824 207,2824 205,2824 203,2824 201,2824 161,2853 156,2855 119,2855 121,2892"/>
        <Baseline points="121,2892 302,2886"/>
        <TextEquiv conf="0.9999508023262024">
          <Unicode>„ 26.</Unicode>
        </TextEquiv>
      </TextLine>
      <TextLine id="eSc_line_2d493d77" custom="structure {type:default;}">
        <Coords points="645,2895 645,2912 2604,2915 2609,2886 2602,2848 642,2855 645,2895"/>
        <Baseline points="645,2895 2609,2886"/>
        <TextEquiv conf="0.9967567243693788">
          <Unicode>17448 Sententiam pro parthenone S. Spiritus Paraclitensi contra ecclesiam S. Lupi</Unicode>
        </TextEquiv>
      </TextLine>
      <TextLine id="eSc_line_02669fa5" custom="structure {type:default;}">
        <Coords points="435,2901 435,2928 517,2928 517,2897 512,2868 430,2859 435,2901"/>
        <Baseline points="435,2901 517,2897"/>
        <TextEquiv conf="1.0">
          <Unicode>„</Unicode>
        </TextEquiv>
      </TextLine>
      <TextLine id="eSc_line_246efd57" custom="structure {type:default;}">
        <Coords points="698,2945 698,2968 857,2979 859,2979 861,2979 863,2979 877,2968 881,2968 1025,2968 1034,2968 1082,2979 1084,2979 1087,2979 1089,2979 1104,2968 1106,2968 1422,2968 1431,2968 1502,2979 1504,2979 1557,2968 1562,2968 1568,2968 1648,2979 1650,2979 1710,2968 1714,2968 1723,2968 1818,2976 1820,2976 1822,2976 1824,2976 1836,2968 1840,2965 1869,2968 1977,2976 1979,2976 2030,2968 2041,2965 2048,2968 2076,2976 2079,2976 2081,2976 2127,2968 2138,2965 2171,2968 2304,2976 2306,2976 2604,2965 2607,2941 2602,2912 695,2910 698,2945"/>
        <Baseline points="698,2945 2607,2941"/>
        <TextEquiv conf="0.9943196119331732">
          <Unicode>Trecensem de quibusdam rebus latam a (Michaele) archiepiscopo Senonensi confirmat.</Unicode>
        </TextEquiv>
      </TextLine>
      <TextLine id="eSc_line_8f23f4c5" custom="structure {type:default;}">
        <Coords points="691,2998 691,3027 2607,3032 2609,2998 2609,2968 691,2968 691,2998"/>
        <Baseline points="691,2998 2609,2998"/>
        <TextEquiv conf="0.9884340981157814">
          <Unicode>Lalore Coll. des cartul. II. 32. — „Ea propter dilecte“; (ommissa vero est arenga,</Unicode>
        </TextEquiv>
      </TextLine>
      <TextLine id="eSc_line_84b70dbc" custom="structure {type:default;}">
        <Coords points="689,3054 689,3076 2014,3071 2017,3049 2010,3016 687,3016 689,3054"/>
        <Baseline points="689,3054 2017,3049"/>
        <TextEquiv conf="0.9997294286886851">
          <Unicode>quae sine dubio sic incepit:) „Iustis petentium desideriis“.</Unicode>
        </TextEquiv>
      </TextLine>
      <TextLine id="eSc_line_691c9ccc" custom="structure {type:default;}">
        <Coords points="642,3107 642,3129 2607,3131 2609,3107 2609,3078 642,3078 642,3107"/>
        <Baseline points="642,3107 2609,3107"/>
        <TextEquiv conf="0.9910893956335579">
          <Unicode>17449 I(ohanni) abbati Corbeiensi (dioec. Ambian.) usum mitrae annulique concedit.</Unicode>
        </TextEquiv>
      </TextLine>
      <TextLine id="eSc_line_6ae2dc64" custom="structure {type:default;}">
        <Coords points="121,3111 121,3129 143,3140 145,3140 148,3140 150,3140 172,3127 183,3122 196,3127 225,3135 227,3135 229,3135 307,3122 307,3104 302,3060 236,3056 234,3056 231,3056 201,3071 183,3080 119,3080 121,3111"/>
        <Baseline points="121,3111 307,3104"/>
        <TextEquiv conf="0.9691385865211487">
          <Unicode>„ 27.</Unicode>
        </TextEquiv>
      </TextLine>
      <TextLine id="eSc_line_99ac6767" custom="structure {type:default;}">
        <Coords points="426,3122 426,3142 510,3129 510,3122 510,3096 426,3096 426,3122"/>
        <Baseline points="426,3122 510,3122"/>
        <TextEquiv conf="0.83481365442276">
          <Unicode>„)</Unicode>
        </TextEquiv>
      </TextLine>
      <TextLine id="eSc_line_9c1c1fad" custom="structure {type:default;}">
        <Coords points="693,3157 693,3195 1151,3186 1290,3197 1332,3199 1334,3199 2604,3197 2607,3164 2604,3131 693,3124 693,3157"/>
        <Baseline points="693,3157 2607,3164"/>
        <TextEquiv conf="0.9989643706364578">
          <Unicode>Ex bibl. nat. Paris. Coll. Grenier t. 53. f. 122. misit Delisle. (Neues Archiv VII. 119).</Unicode>
        </TextEquiv>
      </TextLine>
      <TextLine id="eSc_line_a9ebca1b" custom="structure {type:default;}">
        <Coords points="693,3213 691,3228 753,3230 775,3248 777,3248 779,3248 782,3248 1137,3246 1140,3246 1184,3233 1186,3217 1184,3182 693,3180 693,3213"/>
        <Baseline points="693,3213 1186,3217"/>
        <TextEquiv conf="0.9995092323848179">
          <Unicode>— „Ad ecclesiastici“.</Unicode>
        </TextEquiv>
      </TextLine>
      <TextLine id="eSc_line_a7f9b149" custom="structure {type:default;}">
        <Coords points="642,3274 642,3297 2607,3294 2609,3268 2602,3226 640,3233 642,3274"/>
        <Baseline points="642,3274 2609,3268"/>
        <TextEquiv conf="0.9998704843223095">
          <Unicode>17450 (10613) Litteris ad (Oddonem) episcopum Pennensem „sententiam depositionis</Unicode>
        </TextEquiv>
      </TextLine>
      <TextLine id="eSc_line_97c171ba" custom="structure {type:default;}">
        <Coords points="119,3279 119,3301 307,3288 307,3272 298,3173 256,3175 254,3175 251,3175 251,3177 236,3191 209,3219 117,3228 119,3279"/>
        <Baseline points="119,3279 307,3272"/>
        <TextEquiv conf="0.9950157999992371">
          <Unicode>„ 50.</Unicode>
        </TextEquiv>
      </TextLine>
      <TextLine id="eSc_line_30637016" custom="structure {type:default;}">
        <Coords points="435,3283 435,3303 523,3294 523,3279 517,3252 433,3255 435,3283"/>
        <Baseline points="435,3283 523,3279"/>
        <TextEquiv conf="0.9999994039535522">
          <Unicode>„)</Unicode>
        </TextEquiv>
      </TextLine>
      <TextLine id="eSc_line_2c0b1faf" custom="structure {type:default;}">
        <Coords points="693,3327 693,3350 1067,3363 1069,3363 1153,3352 1219,3363 1221,3363 1303,3352 1369,3363 1372,3363 1562,3352 1628,3363 1630,3363 1756,3352 2288,3363 2291,3363 2399,3352 2441,3363 2443,3363 2445,3363 2448,3363 2450,3363 2465,3352 2609,3352 2609,3327 2609,3299 693,3294 693,3327"/>
        <Baseline points="693,3327 2609,3327"/>
        <TextEquiv conf="0.993680135642781">
          <Unicode>in clericos de Arsita latam“ confirmat. Ughelli It. sacr. I. 1125, Migne 206 p. 1186.</Unicode>
        </TextEquiv>
      </TextLine>
      <TextLine id="eSc_line_5f5cd682" custom="structure {type:default;}">
        <Coords points="695,3378 695,3396 762,3396 779,3411 779,3414 782,3414 784,3414 786,3416 958,3416 958,3414 961,3414 998,3396 1058,3414 1060,3414 1062,3414 1064,3414 1067,3414 1093,3396 1124,3414 1126,3414 1129,3414 1131,3414 1177,3394 1177,3378 1175,3345 695,3347 695,3378"/>
        <Baseline points="695,3378 1177,3378"/>
        <TextEquiv conf="0.9974320530891418">
          <Unicode>— „Aequum est et“.</Unicode>
        </TextEquiv>
      </TextLine>
      <TextLine id="eSc_line_ad473b4b" custom="structure {type:default;}">
        <Coords points="79,3436 79,3471 103,3489 106,3489 108,3489 110,3489 185,3486 187,3486 190,3486 190,3484 205,3471 214,3464 304,3473 307,3436 302,3369 258,3380 79,3376 79,3436"/>
        <Baseline points="79,3436 307,3436"/>
        <TextEquiv conf="0.9122780135699681">
          <Unicode>Dee. 3.</Unicode>
        </TextEquiv>
      </TextLine>
      <TextLine id="eSc_line_47ec485e" custom="structure {type:default;}">
        <Coords points="638,3440 638,3464 2607,3460 2607,3431 2600,3394 636,3394 638,3440"/>
        <Baseline points="638,3440 2607,3431"/>
        <TextEquiv conf="0.9968283736124272">
          <Unicode>17451 (10614) (Michaeli) archiepiscopo Senonensi et (Gualtero) episcopo Nivernensi</Unicode>
        </TextEquiv>
      </TextLine>
      <TextLine id="eSc_line_49d3c19d" custom="structure {type:default;}">
        <Coords points="428,3447 428,3471 457,3486 459,3486 461,3486 463,3486 512,3471 512,3447 512,3420 428,3414 428,3447"/>
        <Baseline points="428,3447 512,3447"/>
        <TextEquiv conf="1.0">
          <Unicode>„</Unicode>
        </TextEquiv>
      </TextLine>
      <TextLine id="eSc_line_56a4327a" custom="structure {type:default;}">
        <Coords points="693,3491 693,3528 751,3548 753,3548 755,3551 848,3551 848,3548 850,3548 852,3548 883,3528 894,3522 941,3522 952,3528 980,3548 983,3548 985,3548 987,3551 1124,3551 1124,3548 1126,3548 1210,3526 1237,3520 1575,3520 1588,3524 1654,3546 1657,3546 1659,3548 1939,3548 1939,3546 2085,3520 2105,3517 2602,3517 2604,3486 2598,3458 691,3460 693,3491"/>
        <Baseline points="693,3491 2604,3486"/>
        <TextEquiv conf="0.9813748092913046">
          <Unicode>mandat, ut parthenonem S. Iuliani ab (Hiugonis) episcopi Autissiodorensis iniuriis</Unicode>
        </TextEquiv>
      </TextLine>
      <TextLine id="eSc_line_a8339bcd" custom="structure {type:default;}">
        <Coords points="2242,3551 2244,3588 2333,3588 2330,3542 2324,3513 2238,3520 2242,3551"/>
        <Baseline points="2242,3551 2330,3542"/>
        <TextEquiv conf="0.999999205271403">
          <Unicode>79*</Unicode>
        </TextEquiv>
      </TextLine>
    </TextRegion>
    <TextRegion id="eSc_textblock_dd75006f"  custom="structure {type:default;}">
      <Coords points="1210,123 1816,132 1833,227 1093,245 830,218 857,132 1210,123"/>
      <TextLine id="eSc_line_06491851" custom="structure {type:default;}">
        <Coords points="852,205 852,225 952,247 954,247 1230,245 1232,245 1254,234 1265,227 1288,234 1330,247 1332,247 1334,249 1372,249 1372,247 1374,247 1376,247 1376,245 1387,236 1396,227 1464,238 1535,247 1537,247 1539,247 1562,238 1597,227 1657,227 1672,240 1674,242 1674,245 1676,245 1679,245 1681,245 1807,242 1807,205 1805,152 1389,163 1376,156 1349,141 1347,141 1345,141 1343,141 1341,141 1296,159 1283,163 1279,159 1265,147 1263,147 1261,147 921,139 919,139 916,139 852,163 852,205"/>
        <Baseline points="852,205 1807,205"/>
        <TextEquiv conf="0.9947224812848228">
          <Unicode>CORI.ESTINUS III. 1191—1198.</Unicode>
        </TextEquiv>
      </TextLine>
    </TextRegion>
    <TextRegion id="eSc_textblock_b48e13f9"  custom="structure {type:default;}">
      <Coords points="2501,141 2644,150 2644,209 2496,236 2470,150 2501,141"/>
      <TextLine id="eSc_line_18d1d08c" custom="structure {type:default;}">
        <Coords points="2489,205 2492,242 2611,240 2609,198 2602,152 2485,156 2489,205"/>
        <Baseline points="2489,205 2609,198"/>
        <TextEquiv conf="1.0">
          <Unicode>627</Unicode>
        </TextEquiv>
      </TextLine>
    </TextRegion>
  </Page>
</PcGts>
