<?xml version="1.0" encoding="UTF-8"  standalone="yes"?>
<PcGts xmlns="http://schema.primaresearch.org/PAGE/gts/pagecontent/2019-07-15" xmlns:xsi="http://www.w3.org/2001/XMLSchema-instance" xsi:schemaLocation="http://schema.primaresearch.org/PAGE/gts/pagecontent/2019-07-15 http://schema.primaresearch.org/PAGE/gts/pagecontent/2019-07-15/pagecontent.xsd">
  <Metadata externalRef="pdf//regestapontificu02cath.pdf">
	<Creator>escriptorium</Creator>
	<Created>2026-01-31T10:43:47.569130+00:00</Created>
        <LastChange>2026-02-12T10:34:42.561005+00:00</LastChange>
  </Metadata>
  <Page imageFilename="regestapontificu02cath.pdf_page_595.png" imageWidth="3007" imageHeight="3975">
    <TextRegion id="eSc_textblock_9ba29a94"  custom="structure {type:default;}">
      <Coords points="2501,282 2662,291 2680,335 2653,3495 114,3513 88,3425 70,618 88,450 165,441 194,404 183,359 114,342 123,309 324,300 351,494 380,386 362,300 2501,282"/>
      <TextLine id="eSc_line_48e1a82c" custom="structure {type:default;}">
        <Coords points="627,359 627,384 669,395 671,395 762,384 771,384 775,384 806,393 808,393 810,393 1005,384 1049,382 1060,384 1106,393 1109,393 1111,393 1144,382 1157,379 1182,382 1243,390 1246,390 1595,379 1595,351 1588,311 1447,318 1409,309 1385,304 1383,304 1380,304 1369,309 1345,322 1144,322 1131,309 1131,306 1129,306 1126,306 1036,302 1034,302 1031,302 1016,306 976,322 945,306 934,302 932,302 930,302 625,304 627,359"/>
        <Baseline points="627,359 1595,351"/>
        <TextEquiv conf="0.9909756270850577">
          <Unicode>1191. (Ind. 9. — Sept. — 10, pont. a. 1.)</Unicode>
        </TextEquiv>
      </TextLine>
      <TextLine id="eSc_line_329a608d" custom="structure {type:default;}">
        <Coords points="713,424 713,446 2626,437 2629,415 2622,359 711,375 713,424"/>
        <Baseline points="713,424 2629,415"/>
        <TextEquiv conf="0.9912603256068652">
          <Unicode>vel augere pedagia de novo praesumpserint, excommunicandi liberam habeat facul-</Unicode>
        </TextEquiv>
      </TextLine>
      <TextLine id="eSc_line_d8bc0ec6" custom="structure {type:default;}">
        <Coords points="711,474 711,505 2631,505 2631,474 2631,446 711,441 711,474"/>
        <Baseline points="711,474 2631,474"/>
        <TextEquiv conf="0.9952825630412382">
          <Unicode>tatem; hereticos insuper, et qui eos recipiunt, Aragonenses, Bramantiones et familias</Unicode>
        </TextEquiv>
      </TextLine>
      <TextLine id="eSc_line_4df20599" custom="structure {type:default;}">
        <Coords points="713,530 713,556 2631,556 2631,530 2631,496 713,494 713,530"/>
        <Baseline points="713,530 2631,530"/>
        <TextEquiv conf="0.9993696429512717">
          <Unicode>illas extraneas, quae eius dicuntur provinciam dissipare, et illos, qui eos conducunt et</Unicode>
        </TextEquiv>
      </TextLine>
      <TextLine id="eSc_line_cb573b21" custom="structure {type:default;}">
        <Coords points="711,589 711,609 2624,613 2629,583 2624,554 2306,541 2304,541 2209,552 2200,552 2185,541 2182,541 2180,541 2178,541 2176,541 2174,541 2158,552 2156,552 2143,552 2041,541 2039,541 2037,541 1999,552 1986,554 1970,549 1944,543 1942,543 1939,543 1703,549 1542,554 1495,549 1440,543 1438,543 1398,549 1345,556 709,547 711,589"/>
        <Baseline points="711,589 2629,583"/>
        <TextEquiv conf="0.9992407456040382">
          <Unicode>recipiunt, possit cessante appellatione punire“. Papon Hist. de Provence II. Pr.</Unicode>
        </TextEquiv>
      </TextLine>
      <TextLine id="eSc_line_414f7551" custom="structure {type:default;}">
        <Coords points="711,642 711,666 874,662 910,666 976,675 978,675 980,675 1005,666 1014,662 1131,662 1137,664 1162,675 1164,675 1166,675 1168,675 1170,675 1188,664 1195,660 1398,660 1402,662 1411,671 1411,673 1414,673 1416,673 1418,675 1526,675 1526,673 1528,673 1555,662 1559,660 1559,662 1570,671 1570,673 1573,673 1575,673 1577,675 1738,675 1738,673 1796,660 1800,660 1809,660 1937,673 1939,673 2008,658 2010,638 2003,605 709,607 711,642"/>
        <Baseline points="711,642 2010,638"/>
        <TextEquiv conf="0.9930090832710267">
          <Unicode>p. 27, Migne 206 p. 897. — „Cum redemptor humani“.</Unicode>
        </TextEquiv>
      </TextLine>
      <TextLine id="eSc_line_0c1417d5" custom="structure {type:default;}">
        <Coords points="106,697 106,733 324,726 324,691 320,607 282,596 280,596 278,596 236,605 209,609 196,602 165,585 163,585 161,585 101,596 106,697"/>
        <Baseline points="106,697 324,691"/>
        <TextEquiv conf="0.9365220566590627">
          <Unicode>ar. 5.</Unicode>
        </TextEquiv>
      </TextLine>
      <TextLine id="eSc_line_4e96084b" custom="structure {type:default;}">
        <Coords points="371,695 371,739 592,739 592,695 592,642 371,629 371,695"/>
        <Baseline points="371,695 592,695"/>
        <TextEquiv conf="0.9988168999552727">
          <Unicode>Laterani</Unicode>
        </TextEquiv>
      </TextLine>
      <TextLine id="eSc_line_239ccd55" custom="structure {type:default;}">
        <Coords points="660,695 660,724 2631,719 2633,691 2629,660 658,660 660,695"/>
        <Baseline points="660,695 2633,691"/>
        <TextEquiv conf="0.998146277734603">
          <Unicode>16754 Umberto, archiepiscopo Arelatensi, concedit, qui ecclesias seu campanilia invase-</Unicode>
        </TextEquiv>
      </TextLine>
      <TextLine id="eSc_line_344ba98c" custom="structure {type:default;}">
        <Coords points="713,750 713,772 2589,766 2591,744 2585,713 711,717 713,750"/>
        <Baseline points="713,750 2591,744"/>
        <TextEquiv conf="0.9996530081652388">
          <Unicode>rint, ut eos anathematizet. Loewenfeld Epistolae p. 245. — „Intelleximus quod“.</Unicode>
        </TextEquiv>
      </TextLine>
      <TextLine id="eSc_line_1c3c5f42" custom="structure {type:default;}">
        <Coords points="143,810 143,830 196,845 198,845 201,845 203,845 205,845 229,825 258,825 293,841 296,841 298,841 300,841 302,841 302,839 320,819 320,803 313,755 141,777 143,810"/>
        <Baseline points="143,810 320,803"/>
        <TextEquiv conf="0.9996956288814545">
          <Unicode>„ 6.</Unicode>
        </TextEquiv>
      </TextLine>
      <TextLine id="eSc_line_296adcfc" custom="structure {type:default;}">
        <Coords points="450,817 448,836 523,848 528,821 525,786 450,786 450,817"/>
        <Baseline points="450,817 528,821"/>
        <TextEquiv conf="0.9999998807907104">
          <Unicode>„</Unicode>
        </TextEquiv>
      </TextLine>
      <TextLine id="eSc_line_46163d7d" custom="structure {type:default;}">
        <Coords points="662,806 662,830 2633,825 2635,801 2633,775 2609,761 2607,761 2604,761 2551,775 2379,775 2350,761 2348,761 2346,761 2344,761 2341,761 2322,775 2143,775 2037,761 2034,761 1913,772 1891,761 1889,761 1886,761 1884,761 1882,761 1862,775 1754,775 1729,761 1727,761 1725,761 1641,775 1630,775 1617,775 1520,764 1517,764 1515,764 1513,764 1500,775 1497,777 1047,777 1042,775 1014,764 1011,764 1009,764 660,772 662,806"/>
        <Baseline points="662,806 2635,801"/>
        <TextEquiv conf="0.9999982033457074">
          <Unicode>16755 Universis provinciae Arelatensis praelatis mandat, ut Imberto (Umberto) archi-</Unicode>
        </TextEquiv>
      </TextLine>
      <TextLine id="eSc_line_84a5e1ae" custom="structure {type:default;}">
        <Coords points="713,856 713,894 985,883 1040,894 1060,896 1062,896 1064,896 1075,894 1102,883 1115,892 1120,896 1122,896 1124,896 1126,898 1539,898 1539,896 1570,889 1608,883 1648,889 1699,898 1701,898 1813,889 1862,885 1875,887 1908,898 1911,898 1913,898 1992,887 2003,887 2014,887 2123,898 2125,898 2127,898 2129,898 2147,887 2151,885 2346,885 2348,885 2364,896 2366,896 2368,896 2370,896 2372,896 2406,885 2410,885 2629,885 2631,861 2629,832 713,825 713,856"/>
        <Baseline points="713,856 2631,861"/>
        <TextEquiv conf="0.9935757257044315">
          <Unicode>episcopo, a sese consecrato, obediant. Loewenfeld Epistolae p. 244. — „Ad hoc in</Unicode>
        </TextEquiv>
      </TextLine>
      <TextLine id="eSc_line_e10bd016" custom="structure {type:default;}">
        <Coords points="713,914 713,929 883,942 885,942 888,942 934,925 934,909 927,878 711,878 713,914"/>
        <Baseline points="713,914 934,909"/>
        <TextEquiv conf="0.9999998807907104">
          <Unicode>ecclesia“.</Unicode>
        </TextEquiv>
      </TextLine>
      <TextLine id="eSc_line_ae6ac90e" custom="structure {type:default;}">
        <Coords points="139,978 141,1002 209,982 247,989 298,995 300,995 302,995 304,995 304,993 320,978 320,971 313,923 260,925 258,925 256,925 256,927 251,931 234,949 136,949 139,978"/>
        <Baseline points="139,978 320,971"/>
        <TextEquiv conf="0.9578737616539001">
          <Unicode>„ 7.</Unicode>
        </TextEquiv>
      </TextLine>
      <TextLine id="eSc_line_0775f2aa" custom="structure {type:default;}">
        <Coords points="439,984 439,1046 543,1020 543,984 543,949 439,925 439,984"/>
        <Baseline points="439,984 543,984"/>
        <TextEquiv conf="1.0">
          <Unicode>„</Unicode>
        </TextEquiv>
      </TextLine>
      <TextLine id="eSc_line_11893943" custom="structure {type:default;}">
        <Coords points="662,967 662,993 2629,991 2631,962 2626,929 1646,918 1643,918 1553,929 695,920 693,920 691,920 660,929 662,967"/>
        <Baseline points="662,967 2631,962"/>
        <TextEquiv conf="0.9986224522193273">
          <Unicode>16756 (10322) Compositionem inter ecclesias S. Mariae et S. Crucis Stampenses factam</Unicode>
        </TextEquiv>
      </TextLine>
      <TextLine id="eSc_line_3750e144" custom="structure {type:default;}">
        <Coords points="713,1024 713,1048 2631,1044 2633,1020 2626,993 711,995 713,1024"/>
        <Baseline points="713,1024 2633,1020"/>
        <TextEquiv conf="0.9978311248572476">
          <Unicode>confirmat litteris ad Odonem Clementis, abbatem S. Mariae, notarium litterarum Phi-</Unicode>
        </TextEquiv>
      </TextLine>
      <TextLine id="eSc_line_80e64639" custom="structure {type:default;}">
        <Coords points="713,1082 713,1106 2631,1110 2635,1077 2629,1046 711,1048 713,1082"/>
        <Baseline points="713,1082 2635,1077"/>
        <TextEquiv conf="0.9991501283042038">
          <Unicode>lippi, Francorum regis. Fleureau Les antiqu. d&#x27;Estampes p. 390. — „Causae, quae</Unicode>
        </TextEquiv>
      </TextLine>
      <TextLine id="eSc_line_93f17a9d" custom="structure {type:default;}">
        <Coords points="713,1130 711,1146 753,1161 755,1161 757,1161 967,1148 969,1135 965,1093 713,1095 713,1130"/>
        <Baseline points="713,1130 969,1135"/>
        <TextEquiv conf="0.9999755458398298">
          <Unicode>concordia“.</Unicode>
        </TextEquiv>
      </TextLine>
      <TextLine id="eSc_line_102821da" custom="structure {type:default;}">
        <Coords points="143,1194 143,1219 159,1230 161,1230 163,1230 165,1230 167,1230 212,1216 234,1212 320,1221 322,1185 315,1132 139,1146 143,1194"/>
        <Baseline points="143,1194 322,1185"/>
        <TextEquiv conf="0.9962841868400574">
          <Unicode>„ 10.</Unicode>
        </TextEquiv>
      </TextLine>
      <TextLine id="eSc_line_2e828c68" custom="structure {type:default;}">
        <Coords points="444,1199 441,1210 455,1221 457,1221 459,1221 461,1221 492,1214 508,1212 534,1223 541,1205 539,1179 444,1172 444,1199"/>
        <Baseline points="444,1199 541,1205"/>
        <TextEquiv conf="1.0">
          <Unicode>„„)</Unicode>
        </TextEquiv>
      </TextLine>
      <TextLine id="eSc_line_dfa6ea1d" custom="structure {type:default;}">
        <Coords points="662,1188 660,1207 2629,1219 2633,1192 2631,1154 2540,1141 2538,1141 2105,1152 2068,1152 2063,1152 2010,1141 2008,1141 1924,1152 1913,1152 1897,1152 1765,1141 1763,1141 1696,1152 1685,1152 1681,1152 1646,1139 1643,1139 1641,1139 1579,1150 1374,1139 1372,1139 662,1148 662,1188"/>
        <Baseline points="662,1188 2633,1192"/>
        <TextEquiv conf="0.9990132970865383">
          <Unicode>16757 Ecclesiae Arelatensis tutelam suscipit, possessionesque et privilegia confirmat,</Unicode>
        </TextEquiv>
      </TextLine>
      <TextLine id="eSc_line_b6f71b68" custom="structure {type:default;}">
        <Coords points="713,1245 713,1272 914,1265 974,1272 1020,1276 1022,1276 1071,1272 1122,1265 1151,1269 1193,1278 1195,1280 1398,1280 1398,1278 1400,1278 1422,1269 1433,1265 1460,1269 1515,1276 1517,1276 1630,1267 1696,1263 1712,1267 1743,1276 1745,1276 1747,1276 1794,1267 1813,1263 1833,1267 1884,1276 1886,1276 1937,1265 1955,1263 1972,1265 2019,1274 2021,1274 2220,1265 2262,1263 2275,1263 2359,1276 2361,1276 2364,1276 2403,1263 2406,1263 2408,1263 2434,1276 2436,1276 2439,1276 2626,1260 2629,1241 2622,1212 711,1214 713,1245"/>
        <Baseline points="713,1245 2629,1241"/>
        <TextEquiv conf="0.9998481698334217">
          <Unicode>petente Imberto archiepiscopo. In bibl. nat. Paris. Coll. Baluze t. 88. f. 62. —</Unicode>
        </TextEquiv>
      </TextLine>
      <TextLine id="eSc_line_52dc819e" custom="structure {type:default;}">
        <Coords points="715,1300 715,1327 1164,1327 1164,1300 1164,1265 715,1265 715,1300"/>
        <Baseline points="715,1300 1164,1300"/>
        <TextEquiv conf="0.9994454321108366">
          <Unicode>„Quotiens a nobis“.</Unicode>
        </TextEquiv>
      </TextLine>
      <TextLine id="eSc_line_96c49734" custom="structure {type:default;}">
        <Coords points="141,1358 141,1413 196,1413 196,1411 198,1411 201,1411 201,1408 223,1389 282,1389 320,1406 324,1358 322,1309 141,1320 141,1358"/>
        <Baseline points="141,1358 324,1358"/>
        <TextEquiv conf="0.9941872596740723">
          <Unicode>„ 11.</Unicode>
        </TextEquiv>
      </TextLine>
      <TextLine id="eSc_line_a8000718" custom="structure {type:default;}">
        <Coords points="448,1364 446,1391 534,1397 539,1369 539,1336 486,1313 483,1313 481,1313 479,1313 448,1322 448,1364"/>
        <Baseline points="448,1364 539,1369"/>
        <TextEquiv conf="1.0">
          <Unicode>„</Unicode>
        </TextEquiv>
      </TextLine>
      <TextLine id="eSc_line_19c66a0f" custom="structure {type:default;}">
        <Coords points="665,1349 662,1371 2631,1375 2635,1353 2633,1318 665,1313 665,1349"/>
        <Baseline points="665,1349 2635,1353"/>
        <TextEquiv conf="0.9886822871778204">
          <Unicode>16758 *Monachis S. Crucis Burdigalensibus indulget, ut tempore interdicti, pro delictis</Unicode>
        </TextEquiv>
      </TextLine>
      <TextLine id="eSc_line_e1730be1" custom="structure {type:default;}">
        <Coords points="715,1408 715,1431 2631,1428 2633,1404 2626,1378 713,1380 715,1408"/>
        <Baseline points="715,1408 2633,1404"/>
        <TextEquiv conf="0.9996810075713367">
          <Unicode>domini terrae prolati, divina officia certis quibusdam conditionibus celebrent. In</Unicode>
        </TextEquiv>
      </TextLine>
      <TextLine id="eSc_line_62f0166f" custom="structure {type:default;}">
        <Coords points="713,1464 713,1488 2288,1488 2288,1464 2288,1433 713,1428 713,1464"/>
        <Baseline points="713,1464 2288,1464"/>
        <TextEquiv conf="0.9997688378606524">
          <Unicode>bibl. nat. Paris. ms. lat. 12666. (Monasticon Benedictin. IX.) f. 162.</Unicode>
        </TextEquiv>
      </TextLine>
      <TextLine id="eSc_line_77037207" custom="structure {type:default;}">
        <Coords points="145,1523 148,1554 203,1539 231,1554 236,1556 238,1556 240,1556 243,1556 251,1554 276,1545 322,1552 324,1517 320,1470 223,1466 220,1466 218,1466 216,1466 216,1468 201,1481 194,1490 143,1490 145,1523"/>
        <Baseline points="145,1523 324,1517"/>
        <TextEquiv conf="0.9646360397338867">
          <Unicode>„ 12.</Unicode>
        </TextEquiv>
      </TextLine>
      <TextLine id="eSc_line_db191b10" custom="structure {type:default;}">
        <Coords points="457,1528 457,1556 539,1539 539,1528 536,1492 457,1499 457,1528"/>
        <Baseline points="457,1528 539,1528"/>
        <TextEquiv conf="0.999987006187439">
          <Unicode>„</Unicode>
        </TextEquiv>
      </TextLine>
      <TextLine id="eSc_line_b07c832a" custom="structure {type:default;}">
        <Coords points="665,1519 665,1545 2629,1545 2631,1514 2624,1479 662,1484 665,1519"/>
        <Baseline points="665,1519 2631,1514"/>
        <TextEquiv conf="0.9983126268667333">
          <Unicode>16759 (10323) Parthenonis Creuzbergensis tutelam suscipit, bona confirmat, privilegia</Unicode>
        </TextEquiv>
      </TextLine>
      <TextLine id="eSc_line_a0c43e25" custom="structure {type:default;}">
        <Coords points="713,1574 713,1596 2635,1596 2635,1574 2635,1543 2607,1532 2604,1532 2602,1532 2600,1532 2573,1543 2547,1532 2545,1532 2543,1532 2540,1532 2501,1543 2412,1532 2410,1532 2408,1532 2372,1543 2227,1532 2224,1532 2063,1543 2028,1532 2026,1532 2023,1532 1897,1543 1873,1532 1871,1532 1712,1532 1710,1532 1707,1532 1670,1543 1646,1532 1643,1532 1641,1532 1639,1532 1615,1545 1436,1545 1407,1532 1405,1532 1402,1532 1349,1543 1334,1532 1332,1532 1330,1532 1327,1532 1221,1543 1173,1532 1170,1532 1168,1532 1166,1532 1137,1543 1124,1532 1122,1532 1120,1532 994,1532 992,1532 927,1543 850,1532 848,1532 713,1543 713,1574"/>
        <Baseline points="713,1574 2635,1574"/>
        <TextEquiv conf="0.9982404588144037">
          <Unicode>constituit. Wenck Hessische Landesgesch. III. Urk. p. 87. — „Prudentibus virgi-</Unicode>
        </TextEquiv>
      </TextLine>
      <TextLine id="eSc_line_86eed895" custom="structure {type:default;}">
        <Coords points="713,1627 713,1643 724,1654 726,1654 729,1654 802,1658 804,1658 892,1638 892,1627 892,1598 713,1598 713,1627"/>
        <Baseline points="713,1627 892,1627"/>
        <TextEquiv conf="0.9962855662618365">
          <Unicode>nibus“.</Unicode>
        </TextEquiv>
      </TextLine>
      <TextLine id="eSc_line_374f2f70" custom="structure {type:default;}">
        <Coords points="143,1687 143,1700 159,1715 159,1718 161,1718 163,1718 165,1718 167,1718 170,1718 185,1704 196,1700 231,1700 249,1718 260,1726 260,1729 262,1729 265,1729 335,1731 338,1687 335,1631 256,1636 254,1636 251,1636 245,1643 227,1658 143,1658 143,1687"/>
        <Baseline points="143,1687 338,1687"/>
        <TextEquiv conf="0.9961673617362976">
          <Unicode>„ 12.</Unicode>
        </TextEquiv>
      </TextLine>
      <TextLine id="eSc_line_0c4b7667" custom="structure {type:default;}">
        <Coords points="433,1693 435,1735 472,1724 536,1735 539,1693 539,1598 433,1581 433,1693"/>
        <Baseline points="433,1693 539,1693"/>
        <TextEquiv conf="0.9999994039535522">
          <Unicode>„</Unicode>
        </TextEquiv>
      </TextLine>
      <TextLine id="eSc_line_0d374a2a" custom="structure {type:default;}">
        <Coords points="662,1684 662,1709 2629,1713 2633,1680 2629,1647 660,1640 662,1684"/>
        <Baseline points="662,1684 2633,1680"/>
        <TextEquiv conf="0.9967764273457144">
          <Unicode>16760 (10324) Parthenonis Hovensis protectionem suscipit, disciplinamque, possessiones,</Unicode>
        </TextEquiv>
      </TextLine>
      <TextLine id="eSc_line_70b9160a" custom="structure {type:default;}">
        <Coords points="715,1740 715,1768 2633,1757 2635,1735 2631,1704 764,1696 762,1696 760,1696 713,1707 715,1740"/>
        <Baseline points="715,1740 2635,1735"/>
        <TextEquiv conf="0.9990411858225978">
          <Unicode>privilegia confirmat, petente Iutta abbatissa. Annalen des hist. Vereins f. d. Nieder-</Unicode>
        </TextEquiv>
      </TextLine>
      <TextLine id="eSc_line_614c074c" custom="structure {type:default;}">
        <Coords points="715,1790 713,1808 748,1821 751,1821 753,1821 1047,1813 1612,1824 1615,1824 2487,1813 2489,1795 2487,1764 715,1760 715,1790"/>
        <Baseline points="715,1790 2489,1795"/>
        <TextEquiv conf="0.9970025738624677">
          <Unicode>rhein XXXII. 17, Pflugk-Harttung Acta I. 356. — „Prudentibus virginibus“.</Unicode>
        </TextEquiv>
      </TextLine>
      <TextLine id="eSc_line_eef03b58" custom="structure {type:default;}">
        <Coords points="145,1852 145,1883 302,1885 304,1885 307,1885 355,1870 355,1852 355,1815 145,1813 145,1852"/>
        <Baseline points="145,1852 355,1852"/>
        <TextEquiv conf="0.9999380111694336">
          <Unicode>„ 12.1</Unicode>
        </TextEquiv>
      </TextLine>
      <TextLine id="eSc_line_c52ba1bc" custom="structure {type:default;}">
        <Coords points="428,1890 536,1890 539,1859 536,1830 490,1830 433,1799 430,1855 428,1890"/>
        <Baseline points="430,1855 539,1859"/>
        <TextEquiv conf="0.9999998807907104">
          <Unicode>„</Unicode>
        </TextEquiv>
      </TextLine>
      <TextLine id="eSc_line_2ffd36e3" custom="structure {type:default;}">
        <Coords points="667,1846 667,1874 2633,1874 2635,1846 2633,1817 667,1817 667,1846"/>
        <Baseline points="667,1846 2635,1846"/>
        <TextEquiv conf="0.9968329815217006">
          <Unicode>16761 Monasterio S. Andreae de Gufer asserit tertiam partem decimae b. Martini de</Unicode>
        </TextEquiv>
      </TextLine>
      <TextLine id="eSc_line_f73f0e4d" custom="structure {type:default;}">
        <Coords points="718,1905 718,1927 2633,1923 2635,1901 2631,1868 1922,1857 1919,1857 715,1868 718,1905"/>
        <Baseline points="718,1905 2635,1901"/>
        <TextEquiv conf="0.9989922936958603">
          <Unicode>Molins, a L(isiardo) episcopo Sagiensi donatam. Orig. in Arch. dép. du Calvados</Unicode>
        </TextEquiv>
      </TextLine>
      <TextLine id="eSc_line_dcb0d998" custom="structure {type:default;}">
        <Coords points="715,1958 715,1978 2549,1974 2551,1954 2547,1927 713,1921 715,1958"/>
        <Baseline points="715,1958 2551,1954"/>
        <TextEquiv conf="0.9951657132257389">
          <Unicode>in Caen, fonds de St. André-en-Gouffern n. 21. — „Iustis petentium desideriis“.</Unicode>
        </TextEquiv>
      </TextLine>
      <TextLine id="eSc_line_a8bb772e" custom="structure {type:default;}">
        <Coords points="143,2018 143,2040 229,2027 258,2055 262,2058 262,2060 265,2060 267,2060 338,2062 340,2011 335,1974 267,1963 265,1963 262,1963 260,1963 249,1969 227,1985 176,1985 141,1967 143,2018"/>
        <Baseline points="143,2018 340,2011"/>
        <TextEquiv conf="0.9999985218048095">
          <Unicode>„ 21.</Unicode>
        </TextEquiv>
      </TextLine>
      <TextLine id="eSc_line_d36ae0b1" custom="structure {type:default;}">
        <Coords points="446,2027 448,2104 543,2067 543,2027 541,1994 446,1998 446,2027"/>
        <Baseline points="446,2027 543,2027"/>
        <TextEquiv conf="1.0">
          <Unicode>„</Unicode>
        </TextEquiv>
      </TextLine>
      <TextLine id="eSc_line_fd502da8" custom="structure {type:default;}">
        <Coords points="667,2009 665,2031 1652,2047 1654,2047 2633,2036 2635,2014 2633,1983 667,1976 667,2009"/>
        <Baseline points="667,2009 2635,2014"/>
        <TextEquiv conf="0.9954723244831886">
          <Unicode>16762 Fratribus S. lohannis Baptistae Magdeburgensibus asserit villam Parchowe, a</Unicode>
        </TextEquiv>
      </TextLine>
      <TextLine id="eSc_line_afd8685b" custom="structure {type:default;}">
        <Coords points="722,2067 722,2091 2638,2091 2638,2067 2638,2038 722,2029 722,2067"/>
        <Baseline points="722,2067 2638,2067"/>
        <TextEquiv conf="0.9997038888931274">
          <Unicode>Wichmanno archiepiscopo permutatione comparatam. Holstein Urk. d. KI. Berge</Unicode>
        </TextEquiv>
      </TextLine>
      <TextLine id="eSc_line_17ed24b2" custom="structure {type:default;}">
        <Coords points="715,2120 715,2144 2450,2144 2450,2120 2450,2091 715,2091 715,2120"/>
        <Baseline points="715,2120 2450,2120"/>
        <TextEquiv conf="0.9952713133473146">
          <Unicode>(Gesch.-Quell. d. Prov. Sachsen IX.) p. 30. — „Iustis petentium desideriis“.</Unicode>
        </TextEquiv>
      </TextLine>
      <TextLine id="eSc_line_ee4d94a5" custom="structure {type:default;}">
        <Coords points="145,2181 145,2210 152,2214 154,2214 156,2214 159,2214 161,2214 183,2206 205,2195 229,2206 256,2217 258,2217 260,2217 324,2203 324,2175 322,2131 296,2113 293,2113 291,2113 289,2113 220,2117 218,2117 216,2117 216,2120 192,2142 192,2144 143,2144 145,2181"/>
        <Baseline points="145,2181 324,2175"/>
        <TextEquiv conf="0.999993085861206">
          <Unicode>„ 29.</Unicode>
        </TextEquiv>
      </TextLine>
      <TextLine id="eSc_line_93ed8e7c" custom="structure {type:default;}">
        <Coords points="452,2214 532,2212 532,2190 523,2111 486,2128 450,2113 452,2192 452,2214"/>
        <Baseline points="452,2192 532,2190"/>
        <TextEquiv conf="1.0">
          <Unicode>„</Unicode>
        </TextEquiv>
      </TextLine>
      <TextLine id="eSc_line_e83709d0" custom="structure {type:default;}">
        <Coords points="665,2177 665,2203 2635,2203 2635,2177 2635,2148 665,2148 665,2177"/>
        <Baseline points="665,2177 2635,2177"/>
        <TextEquiv conf="0.9957989128523095">
          <Unicode>16763 Conventui S. Augustini Cantuariensis concedit, „ne quisquam abbas sive praelatus</Unicode>
        </TextEquiv>
      </TextLine>
      <TextLine id="eSc_line_e44f1f9e" custom="structure {type:default;}">
        <Coords points="715,2232 715,2256 2631,2261 2635,2228 2629,2199 713,2201 715,2232"/>
        <Baseline points="715,2232 2635,2228"/>
        <TextEquiv conf="0.999404652760579">
          <Unicode>ecclesiae eorum sacristaniam vel camerariam absque consensu totius capituli ad</Unicode>
        </TextEquiv>
      </TextLine>
      <TextLine id="eSc_line_4f8dda2b" custom="structure {type:default;}">
        <Coords points="715,2287 715,2307 1389,2307 1391,2307 1407,2318 1409,2318 1411,2318 1414,2320 1542,2320 1542,2318 1544,2318 1579,2307 1586,2307 2085,2316 2087,2316 2163,2305 2167,2305 2169,2305 2193,2316 2196,2316 2198,2318 2419,2318 2419,2316 2421,2316 2423,2316 2441,2305 2538,2316 2540,2316 2629,2303 2631,2283 2626,2254 713,2254 715,2287"/>
        <Baseline points="715,2287 2631,2283"/>
        <TextEquiv conf="0.9960283870938458">
          <Unicode>firmam dare vel sibi sumere attentet“. Hist. mon. S. August. Cantuar. p. 478. —</Unicode>
        </TextEquiv>
      </TextLine>
      <TextLine id="eSc_line_deeb32e8" custom="structure {type:default;}">
        <Coords points="718,2345 718,2369 1336,2358 1338,2338 1334,2307 987,2298 985,2298 983,2298 980,2298 980,2301 969,2312 810,2312 746,2301 744,2301 742,2301 715,2312 718,2345"/>
        <Baseline points="718,2345 1338,2338"/>
        <TextEquiv conf="0.9999980556553808">
          <Unicode>„Nostrae sollicitudinis est“.</Unicode>
        </TextEquiv>
      </TextLine>
      <TextLine id="eSc_line_19f95d15" custom="structure {type:default;}">
        <Coords points="110,2391 108,2471 176,2471 176,2468 178,2468 181,2468 187,2464 220,2442 322,2453 326,2396 326,2356 110,2340 110,2391"/>
        <Baseline points="110,2391 326,2396"/>
        <TextEquiv conf="0.9170177976290385">
          <Unicode>Occ 2.</Unicode>
        </TextEquiv>
      </TextLine>
      <TextLine id="eSc_line_cc256e57" custom="structure {type:default;}">
        <Coords points="455,2411 455,2422 463,2431 463,2433 466,2433 468,2433 470,2433 539,2418 539,2411 539,2382 455,2369 455,2411"/>
        <Baseline points="455,2411 539,2411"/>
        <TextEquiv conf="1.0">
          <Unicode>„</Unicode>
        </TextEquiv>
      </TextLine>
      <TextLine id="eSc_line_6162ba4c" custom="structure {type:default;}">
        <Coords points="665,2398 665,2424 2631,2420 2633,2393 2629,2365 680,2356 678,2356 676,2356 673,2356 662,2362 665,2398"/>
        <Baseline points="665,2398 2633,2393"/>
        <TextEquiv conf="0.993015593216743">
          <Unicode>16764 (10325) Abbati et monachis Clusanis praecipit, ut monachorum Savilianensium</Unicode>
        </TextEquiv>
      </TextLine>
      <TextLine id="eSc_line_f2257160" custom="structure {type:default;}">
        <Coords points="715,2453 715,2477 2631,2471 2633,2446 2626,2415 713,2420 715,2453"/>
        <Baseline points="715,2453 2633,2446"/>
        <TextEquiv conf="0.9902839483249755">
          <Unicode>diplomata, iamdiu retenta, iis reddere non contemnant; alioquin eos ab archiepiscopo</Unicode>
        </TextEquiv>
      </TextLine>
      <TextLine id="eSc_line_50e93d5a" custom="structure {type:default;}">
        <Coords points="722,2506 722,2530 2635,2530 2635,2506 2635,2477 722,2473 722,2506"/>
        <Baseline points="722,2506 2635,2506"/>
        <TextEquiv conf="0.999952203188187">
          <Unicode>Mediolanensi per sententiam excommunicationis ad id coactum iri minatur. Hist.</Unicode>
        </TextEquiv>
      </TextLine>
      <TextLine id="eSc_line_d52a4a19" custom="structure {type:default;}">
        <Coords points="715,2559 715,2583 2209,2583 2209,2559 2209,2532 715,2532 715,2559"/>
        <Baseline points="715,2559 2209,2559"/>
        <TextEquiv conf="0.9940449349463932">
          <Unicode>Patr. Mon. Chart. I. 970, Migne 206 p. 898. — „Sicut nolletis“.</Unicode>
        </TextEquiv>
      </TextLine>
      <TextLine id="eSc_line_73b335d5" custom="structure {type:default;}">
        <Coords points="145,2625 145,2643 205,2643 229,2658 251,2672 254,2672 256,2672 258,2672 326,2669 326,2619 322,2570 269,2563 267,2563 265,2563 229,2579 196,2592 143,2588 145,2625"/>
        <Baseline points="145,2625 326,2619"/>
        <TextEquiv conf="0.986023798584938">
          <Unicode>„ 2.</Unicode>
        </TextEquiv>
      </TextLine>
      <TextLine id="eSc_line_a947f216" custom="structure {type:default;}">
        <Coords points="448,2634 448,2641 539,2643 541,2627 536,2601 446,2603 448,2634"/>
        <Baseline points="448,2634 541,2627"/>
        <TextEquiv conf="1.0">
          <Unicode>„)</Unicode>
        </TextEquiv>
      </TextLine>
      <TextLine id="eSc_line_0fd23777" custom="structure {type:default;}">
        <Coords points="667,2616 667,2643 2633,2643 2633,2616 2633,2585 667,2585 667,2616"/>
        <Baseline points="667,2616 2633,2616"/>
        <TextEquiv conf="0.9956877536716915">
          <Unicode>16765 (10326) Archiepiscopis et episcopis in regno Angliae constitutis praecipit, ut</Unicode>
        </TextEquiv>
      </TextLine>
      <TextLine id="eSc_line_8985271d" custom="structure {type:default;}">
        <Coords points="720,2672 720,2696 2633,2696 2633,2672 2633,2641 720,2641 720,2672"/>
        <Baseline points="720,2672 2633,2672"/>
        <TextEquiv conf="0.999989809077463">
          <Unicode>lohannem, comitem Meretonii, et alios, qui tam „contra regnum Ricardi regis, quam</Unicode>
        </TextEquiv>
      </TextLine>
      <TextLine id="eSc_line_3b5717a1" custom="structure {type:default;}">
        <Coords points="718,2727 718,2749 2631,2744 2633,2722 2629,2696 797,2687 795,2687 715,2698 718,2727"/>
        <Baseline points="718,2727 2633,2722"/>
        <TextEquiv conf="0.9984310651436831">
          <Unicode>contra Willelmum Eliensem episcopum, apostolicae sedis legatum, cui rex regnum</Unicode>
        </TextEquiv>
      </TextLine>
      <TextLine id="eSc_line_eeae0de9" custom="structure {type:default;}">
        <Coords points="718,2780 718,2806 2633,2806 2633,2780 2633,2753 718,2753 718,2780"/>
        <Baseline points="718,2780 2633,2780"/>
        <TextEquiv conf="0.9974392372884868">
          <Unicode>tradidit gubernandum“, peccaverint, excommunicent et „tamdiu faciant sicut excom-</Unicode>
        </TextEquiv>
      </TextLine>
      <TextLine id="eSc_line_e9296913" custom="structure {type:default;}">
        <Coords points="718,2831 715,2853 2629,2857 2633,2835 2631,2804 718,2800 718,2831"/>
        <Baseline points="718,2831 2633,2835"/>
        <TextEquiv conf="0.9970207787767241">
          <Unicode>municatos evitari, donec, iam dicto legato tam a captione quam a iuramento pri-</Unicode>
        </TextEquiv>
      </TextLine>
      <TextLine id="eSc_line_19f987cc" custom="structure {type:default;}">
        <Coords points="720,2890 720,2912 2631,2917 2633,2890 2633,2864 2463,2850 2461,2850 2401,2862 2163,2850 2160,2850 2158,2850 2156,2850 2140,2864 1880,2864 1809,2850 1807,2850 1805,2850 1780,2864 1431,2864 1411,2850 1409,2850 1407,2850 1405,2850 1347,2862 1142,2850 1140,2850 1047,2862 1029,2850 1027,2850 1025,2850 894,2850 892,2850 890,2850 850,2862 766,2850 764,2850 762,2850 720,2862 720,2890"/>
        <Baseline points="720,2890 2633,2890"/>
        <TextEquiv conf="0.995250848735251">
          <Unicode>mitus absoluto et regno ipso in statum a rege in recessu suo dispositum reformato,</Unicode>
        </TextEquiv>
      </TextLine>
      <TextLine id="eSc_line_861de7c4" custom="structure {type:default;}">
        <Coords points="720,2945 720,2968 2633,2968 2633,2945 2633,2917 720,2917 720,2945"/>
        <Baseline points="720,2945 2633,2945"/>
        <TextEquiv conf="0.9999980087633487">
          <Unicode>cum testimonio litterarum ipsius legati ad sedem veniant apostolicam absolvendi“.</Unicode>
        </TextEquiv>
      </TextLine>
      <TextLine id="eSc_line_cfe2fc06" custom="structure {type:default;}">
        <Coords points="718,2994 715,3018 2631,3025 2635,2998 2633,2963 718,2963 718,2994"/>
        <Baseline points="718,2994 2635,2998"/>
        <TextEquiv conf="0.9970256230410408">
          <Unicode>Gesta Henrici II., olim Benedicto Petroburg. tributa, 1191 ed. Stubbs II. 221, Rogeri</Unicode>
        </TextEquiv>
      </TextLine>
      <TextLine id="eSc_line_adac989c" custom="structure {type:default;}">
        <Coords points="722,3051 720,3071 2631,3076 2635,3056 2633,3021 722,3018 722,3051"/>
        <Baseline points="722,3051 2635,3056"/>
        <TextEquiv conf="0.9997621163343772">
          <Unicode>de Hoveden Annal. 1191 ap. Savile R. A. SS. p. 402, ed. Stubbs III. 151, Mansi</Unicode>
        </TextEquiv>
      </TextLine>
      <TextLine id="eSc_line_2698bc62" custom="structure {type:default;}">
        <Coords points="722,3104 720,3124 1201,3138 1204,3138 1509,3129 1524,3129 1546,3140 1548,3140 1551,3140 1961,3129 1964,3111 1961,3080 722,3074 722,3104"/>
        <Baseline points="722,3104 1964,3111"/>
        <TextEquiv conf="0.9996963593424583">
          <Unicode>XXII. 594, Migne 206 p. 899. — „Cum dilectus in“.</Unicode>
        </TextEquiv>
      </TextLine>
      <TextLine id="eSc_line_c50cdbf1" custom="structure {type:default;}">
        <Coords points="148,3168 148,3202 231,3193 258,3213 265,3219 267,3219 269,3219 271,3219 333,3217 333,3164 324,3102 245,3129 234,3120 234,3118 231,3118 229,3118 227,3118 225,3118 223,3118 223,3120 218,3122 203,3138 145,3138 148,3168"/>
        <Baseline points="148,3168 333,3164"/>
        <TextEquiv conf="0.9998275935649872">
          <Unicode>„ 8.</Unicode>
        </TextEquiv>
      </TextLine>
      <TextLine id="eSc_line_bd075042" custom="structure {type:default;}">
        <Coords points="450,3173 448,3206 541,3191 543,3180 543,3151 452,3138 450,3173"/>
        <Baseline points="450,3173 543,3180"/>
        <TextEquiv conf="0.9980247020721436">
          <Unicode>„</Unicode>
        </TextEquiv>
      </TextLine>
      <TextLine id="eSc_line_3911fe87" custom="structure {type:default;}">
        <Coords points="671,3157 669,3182 846,3195 848,3195 1528,3186 1654,3197 1657,3197 2633,3186 2635,3162 2633,3131 671,3118 671,3157"/>
        <Baseline points="671,3157 2635,3162"/>
        <TextEquiv conf="0.9895450207922194">
          <Unicode>16766 (10327) Monasterium S. Petri Savilianense, rogatu Willelmi abbatis, tuendum</Unicode>
        </TextEquiv>
      </TextLine>
      <TextLine id="eSc_line_3004bb46" custom="structure {type:default;}">
        <Coords points="720,3219 720,3244 2631,3244 2633,3215 2629,3186 718,3184 720,3219"/>
        <Baseline points="720,3219 2633,3215"/>
        <TextEquiv conf="0.9915418893098831">
          <Unicode>suscipit eiusque bona ac privilegia confirmat, ac monachis bisancii unius censum</Unicode>
        </TextEquiv>
      </TextLine>
      <TextLine id="eSc_line_367b7355" custom="structure {type:default;}">
        <Coords points="720,3274 720,3299 2631,3299 2633,3270 2629,3239 790,3230 788,3230 718,3241 720,3274"/>
        <Baseline points="720,3274 2633,3270"/>
        <TextEquiv conf="0.9961818356018561">
          <Unicode>annuum imponit. Hist. Patr. Mon. Chart. I. 973, Migne 206 p. 900. — „Effectum</Unicode>
        </TextEquiv>
      </TextLine>
      <TextLine id="eSc_line_4cb67a5d" custom="structure {type:default;}">
        <Coords points="718,3327 718,3347 868,3358 870,3358 1179,3341 1182,3321 1175,3290 715,3297 718,3327"/>
        <Baseline points="718,3327 1182,3321"/>
        <TextEquiv conf="0.9886553798403058">
          <Unicode>iusta postulantibus“,</Unicode>
        </TextEquiv>
      </TextLine>
      <TextLine id="eSc_line_dce25a7b" custom="structure {type:default;}">
        <Coords points="148,3389 150,3458 218,3458 249,3486 271,3504 271,3506 273,3506 276,3506 338,3509 333,3380 324,3308 276,3310 273,3310 271,3310 251,3330 218,3358 145,3361 148,3389"/>
        <Baseline points="148,3389 333,3380"/>
        <TextEquiv conf="0.984243631362915">
          <Unicode>„„</Unicode>
        </TextEquiv>
      </TextLine>
      <TextLine id="eSc_line_08d1a6e4" custom="structure {type:default;}">
        <Coords points="439,3469 483,3493 486,3493 488,3495 539,3495 539,3392 539,3341 441,3314 439,3392 439,3469"/>
        <Baseline points="439,3392 539,3392"/>
        <TextEquiv conf="1.0">
          <Unicode>„</Unicode>
        </TextEquiv>
      </TextLine>
      <TextLine id="eSc_line_dcc309be" custom="structure {type:default;}">
        <Coords points="669,3378 667,3403 2631,3407 2635,3383 2633,3350 669,3345 669,3378"/>
        <Baseline points="669,3378 2635,3383"/>
        <TextEquiv conf="0.9983219401336011">
          <Unicode>16767 (10328) (Hugoni) episcopo Coventrensi possessiones quasdam asserit. Monast.</Unicode>
        </TextEquiv>
      </TextLine>
      <TextLine id="eSc_line_a75f7b89" custom="structure {type:default;}">
        <Coords points="722,3436 722,3495 890,3495 890,3493 892,3493 897,3491 925,3475 1009,3491 1031,3493 1034,3493 1036,3493 1047,3489 1106,3471 1334,3471 1354,3484 1354,3486 1356,3486 1358,3486 1360,3486 1363,3486 1369,3484 1425,3471 1632,3471 1683,3480 1725,3489 1727,3489 1729,3489 1760,3480 1789,3471 1802,3480 1809,3484 1811,3484 1813,3484 1816,3484 1849,3478 1889,3471 1900,3478 1908,3484 1911,3484 1913,3484 1915,3484 1917,3484 1919,3484 1931,3478 1955,3464 2178,3464 2193,3473 2198,3478 2200,3478 2202,3478 2322,3489 2324,3489 2326,3489 2328,3489 2353,3471 2357,3467 2412,3464 2425,3471 2456,3484 2459,3484 2461,3484 2512,3475 2558,3489 2560,3489 2562,3489 2565,3489 2633,3467 2633,3436 2633,3405 722,3400 722,3436"/>
        <Baseline points="722,3436 2633,3436"/>
        <TextEquiv conf="0.9857185141245524">
          <Unicode>Anglic. III. 232. nov. ed. VIII. 1250, Migne 206 p. 902. — „Cum a nobis pe-</Unicode>
        </TextEquiv>
      </TextLine>
      <TextLine id="eSc_line_16517f21" custom="structure {type:default;}">
        <Coords points="715,3491 715,3522 870,3515 870,3491 870,3458 715,3458 715,3491"/>
        <Baseline points="715,3491 870,3491"/>
        <TextEquiv conf="0.9999951635088239">
          <Unicode>titur“.</Unicode>
        </TextEquiv>
      </TextLine>
    </TextRegion>
    <TextRegion id="eSc_textblock_451a3158"  custom="structure {type:default;}">
      <Coords points="885,141 1842,141 1860,227 866,245 848,185 885,141"/>
      <TextLine id="eSc_line_73b7ed0a" custom="structure {type:default;}">
        <Coords points="874,207 872,234 1824,238 1829,212 1827,165 1756,147 1754,147 1685,165 1676,165 1661,165 1544,152 1542,152 1425,163 1405,165 1398,163 1352,147 1349,147 1347,147 1345,147 1290,161 1250,145 1248,145 1246,145 1243,145 1199,156 899,145 897,145 894,145 892,145 874,156 874,207"/>
        <Baseline points="874,207 1829,212"/>
        <TextEquiv conf="0.9988105062927518">
          <Unicode>COEL.ESTINUS III. 1191—1198.</Unicode>
        </TextEquiv>
      </TextLine>
    </TextRegion>
    <TextRegion id="eSc_textblock_25a02af2"  custom="structure {type:default;}">
      <Coords points="2527,141 2671,159 2671,218 2505,245 2478,185 2527,141"/>
      <TextLine id="eSc_line_33311e15" custom="structure {type:default;}">
        <Coords points="2507,209 2507,242 2631,245 2633,209 2633,159 2507,156 2507,209"/>
        <Baseline points="2507,209 2633,209"/>
        <TextEquiv conf="0.9999995628992716">
          <Unicode>583</Unicode>
        </TextEquiv>
      </TextLine>
    </TextRegion>
  </Page>
</PcGts>
