<?xml version="1.0" encoding="UTF-8"  standalone="yes"?>
<PcGts xmlns="http://schema.primaresearch.org/PAGE/gts/pagecontent/2019-07-15" xmlns:xsi="http://www.w3.org/2001/XMLSchema-instance" xsi:schemaLocation="http://schema.primaresearch.org/PAGE/gts/pagecontent/2019-07-15 http://schema.primaresearch.org/PAGE/gts/pagecontent/2019-07-15/pagecontent.xsd">
  <Metadata externalRef="pdf//regestapontificu02cath.pdf">
	<Creator>escriptorium</Creator>
	<Created>2026-01-31T10:43:17.666073+00:00</Created>
        <LastChange>2026-02-04T23:34:35.609326+00:00</LastChange>
  </Metadata>
  <Page imageFilename="regestapontificu02cath.pdf_page_583.png" imageWidth="3007" imageHeight="3975">
    <TextRegion id="eSc_textblock_7432c3ea"  custom="structure {type:default;}">
      <Coords points="2492,291 2653,291 2697,353 2671,424 2653,3522 2355,3539 2353,3584 2291,3592 2229,3548 2052,3531 653,3539 636,318 2492,291"/>
      <TextLine id="eSc_line_f5a76f0d" custom="structure {type:default;}">
        <Coords points="903,313 881,313 859,313 837,313 824,313 775,322 764,315 748,315 726,315 704,315 682,315 662,315 638,324 640,368 640,388 682,399 684,399 965,388 965,362 961,322 903,313 903,313"/>
        <Baseline points="640,368 965,362"/>
        <TextEquiv conf="0.9997833788394928">
          <Unicode>1187—1191.</Unicode>
        </TextEquiv>
      </TextLine>
      <TextLine id="eSc_line_b9b6f51a" custom="structure {type:default;}">
        <Coords points="722,430 722,459 2635,450 2638,426 2633,390 1886,379 1884,379 720,393 722,430"/>
        <Baseline points="722,430 2638,426"/>
        <TextEquiv conf="0.9997551259471149">
          <Unicode>respersum ab administrationis debere officio removeri“, sed quamdiu vixerit, iuxta</Unicode>
        </TextEquiv>
      </TextLine>
      <TextLine id="eSc_line_71cdf406" custom="structure {type:default;}">
        <Coords points="720,479 718,501 2631,514 2635,483 2633,450 720,446 720,479"/>
        <Baseline points="720,479 2635,483"/>
        <TextEquiv conf="0.9986721585305889">
          <Unicode>facultates ecclesiae necessaria ei porrigenda esse. Coll. Luc. in Baluzii Misc. III. 384,</Unicode>
        </TextEquiv>
      </TextLine>
      <TextLine id="eSc_line_82dc96a9" custom="structure {type:default;}">
        <Coords points="718,538 718,560 2626,565 2631,534 2624,505 715,505 718,538"/>
        <Baseline points="718,538 2631,534"/>
        <TextEquiv conf="0.9918150345047752">
          <Unicode>Comp. II. L. 3. t. 5. c. 2, L. 5. t. 18. c. 8, Decr. Greg. L. III. t. 6. c. 4, L. V. t. 39.</Unicode>
        </TextEquiv>
      </TextLine>
      <TextLine id="eSc_line_f5efa431" custom="structure {type:default;}">
        <Coords points="718,594 718,616 1480,631 1482,631 1588,627 1590,627 1592,627 1610,613 1612,613 1652,629 1654,629 1657,631 1727,631 1727,629 1729,629 1758,613 1760,613 1847,613 1849,613 1873,629 1875,629 1877,629 1880,629 2054,627 2056,627 2092,613 2107,627 2107,629 2109,629 2112,629 2114,631 2178,631 2178,629 2246,611 2249,589 2244,556 885,552 883,552 715,563 718,594"/>
        <Baseline points="718,594 2249,589"/>
        <TextEquiv conf="0.9974688008183339">
          <Unicode>c. 19, Mansi XXII. 566, Mignc 204 p. 1497. — „Tua nos duxit“.</Unicode>
        </TextEquiv>
      </TextLine>
      <TextLine id="eSc_line_c29eeb12" custom="structure {type:default;}">
        <Coords points="671,642 669,669 2633,673 2638,647 2635,616 671,611 671,642"/>
        <Baseline points="671,642 2638,647"/>
        <TextEquiv conf="0.9995120919886089">
          <Unicode>16608 (10239) Episcopo cuidam concedit, „ut interdictum sine eius et fratrum assensu</Unicode>
        </TextEquiv>
      </TextLine>
      <TextLine id="eSc_line_e965f3a8" custom="structure {type:default;}">
        <Coords points="720,704 720,733 2631,719 2633,697 2626,666 718,671 720,704"/>
        <Baseline points="720,704 2633,697"/>
        <TextEquiv conf="0.9919749966689518">
          <Unicode>per aliquem in ecclesia positum nullatenus servare debeat“. Scribit de capituli sta-</Unicode>
        </TextEquiv>
      </TextLine>
      <TextLine id="eSc_line_ef0fe231" custom="structure {type:default;}">
        <Coords points="720,757 720,779 2631,781 2635,753 2629,726 718,728 720,757"/>
        <Baseline points="720,757 2635,753"/>
        <TextEquiv conf="0.9981903526045027">
          <Unicode>tutis observandis, „nisi ab aliquo vel aliquibus potioribus vel inferioribus tanquam</Unicode>
        </TextEquiv>
      </TextLine>
      <TextLine id="eSc_line_216513a3" custom="structure {type:default;}">
        <Coords points="722,812 722,841 2631,841 2633,817 2631,783 722,779 722,812"/>
        <Baseline points="722,812 2633,817"/>
        <TextEquiv conf="0.9991439854961702">
          <Unicode>rationabile aliquid obiectum probari contigerit“. Coll. Luc. in Baluzii Misc. III. 384,</Unicode>
        </TextEquiv>
      </TextLine>
      <TextLine id="eSc_line_5b9c6889" custom="structure {type:default;}">
        <Coords points="722,870 722,887 1129,898 1131,898 1133,898 1135,898 1151,887 1155,887 1241,898 1243,898 1307,887 1310,887 1312,887 1449,898 1451,898 1453,898 1455,898 1471,885 1473,885 1502,896 1504,896 1506,896 1608,885 1621,885 1674,885 2169,896 2171,896 2174,896 2216,883 2216,865 2209,830 720,832 722,870"/>
        <Baseline points="722,870 2216,865"/>
        <TextEquiv conf="0.9983364363848153">
          <Unicode>Mansi XXII. 568, Migne 204 p. 1499. — „Fraternitatem tuam“.</Unicode>
        </TextEquiv>
      </TextLine>
      <TextLine id="eSc_line_df158871" custom="structure {type:default;}">
        <Coords points="669,923 669,947 2633,942 2635,918 2629,889 667,892 669,923"/>
        <Baseline points="669,923 2635,918"/>
        <TextEquiv conf="0.9999931825370323">
          <Unicode>16609 (10240) Episcopo cuidam mandat, ut C. subdiaconum, qui olim in minore aetate</Unicode>
        </TextEquiv>
      </TextLine>
      <TextLine id="eSc_line_d719da12" custom="structure {type:default;}">
        <Coords points="718,980 718,1009 2633,995 2635,973 2629,945 715,949 718,980"/>
        <Baseline points="718,980 2635,973"/>
        <TextEquiv conf="0.994781708571969">
          <Unicode>positus, puero cuidam mortem invitus attulerit, „in minoribus ordinibus ministrare</Unicode>
        </TextEquiv>
      </TextLine>
      <TextLine id="eSc_line_82771a2e" custom="structure {type:default;}">
        <Coords points="720,1033 720,1055 2635,1055 2635,1033 2635,1002 720,1002 720,1033"/>
        <Baseline points="720,1033 2635,1033"/>
        <TextEquiv conf="0.9920691919614033">
          <Unicode>neque vcro ad altaris officium accedere permittat“. Coll Luc. in Baluzii Misc. III.</Unicode>
        </TextEquiv>
      </TextLine>
      <TextLine id="eSc_line_6d6e1eb3" custom="structure {type:default;}">
        <Coords points="722,1090 722,1110 958,1121 961,1121 963,1121 983,1110 987,1110 1378,1110 1380,1110 1414,1121 1416,1121 1418,1121 1420,1121 1422,1121 1438,1110 1440,1110 1592,1110 1595,1110 1668,1121 1670,1121 1798,1110 2149,1119 2151,1119 2154,1119 2176,1108 2200,1108 2527,1119 2529,1119 2633,1106 2635,1086 2631,1055 1681,1044 1679,1044 1542,1055 857,1046 855,1046 720,1057 722,1090"/>
        <Baseline points="722,1090 2635,1086"/>
        <TextEquiv conf="0.9941755025475113">
          <Unicode>386, Comp. II. L. 5. t. 6. c. 5, Mansi XXII. 572, Migne 204 p. 1503. — „Inspectis</Unicode>
        </TextEquiv>
      </TextLine>
      <TextLine id="eSc_line_98a1c9fb" custom="structure {type:default;}">
        <Coords points="715,1146 715,1159 808,1170 810,1170 916,1152 916,1141 910,1108 713,1110 715,1146"/>
        <Baseline points="715,1146 916,1141"/>
        <TextEquiv conf="0.998281615972519">
          <Unicode>litteris“.</Unicode>
        </TextEquiv>
      </TextLine>
      <TextLine id="eSc_line_65c5f2bb" custom="structure {type:default;}">
        <Coords points="665,1196 665,1232 2631,1214 2633,1188 2626,1152 662,1163 665,1196"/>
        <Baseline points="665,1196 2633,1188"/>
        <TextEquiv conf="0.9974327266934406">
          <Unicode>16610 (10241) Episcopo cuidam mandat, ut oratorium a nobili viro C. „in stadio suo“</Unicode>
        </TextEquiv>
      </TextLine>
      <TextLine id="eSc_line_5e2cef64" custom="structure {type:default;}">
        <Coords points="715,1254 715,1276 2633,1272 2635,1245 2629,1216 713,1223 715,1254"/>
        <Baseline points="715,1254 2635,1245"/>
        <TextEquiv conf="0.9941547353093217">
          <Unicode>constructum omni scrupulo reiecto consecret, quia eius adversarius, consecrationcm</Unicode>
        </TextEquiv>
      </TextLine>
      <TextLine id="eSc_line_06358382" custom="structure {type:default;}">
        <Coords points="720,1309 720,1331 2631,1327 2633,1305 2629,1274 733,1269 731,1269 729,1269 726,1269 718,1276 720,1309"/>
        <Baseline points="720,1309 2633,1305"/>
        <TextEquiv conf="0.9919000871124721">
          <Unicode>impedire volens, appellationem odiose interpositam intra praefixum terminum prosequi</Unicode>
        </TextEquiv>
      </TextLine>
      <TextLine id="eSc_line_77510b8b" custom="structure {type:default;}">
        <Coords points="718,1366 718,1389 1078,1400 1080,1400 1367,1386 1394,1386 1396,1386 1436,1400 1438,1400 1440,1402 1672,1402 1672,1400 1785,1389 2048,1397 2050,1397 2052,1397 2079,1384 2149,1397 2151,1397 2216,1382 2222,1382 2235,1382 2350,1395 2353,1395 2355,1395 2401,1382 2403,1382 2428,1393 2430,1393 2432,1393 2629,1380 2631,1358 2626,1329 1674,1320 1672,1320 1670,1320 1623,1331 1199,1322 1197,1322 1195,1322 1193,1322 1179,1333 797,1325 795,1325 715,1336 718,1366"/>
        <Baseline points="718,1366 2631,1358"/>
        <TextEquiv conf="0.9837270440993371">
          <Unicode>omiserit. Comp. II. L. 2. t. 19. c. 10, Mansi XXII. 551, Migne 204 p. 1480. —</Unicode>
        </TextEquiv>
      </TextLine>
      <TextLine id="eSc_line_94ef092a" custom="structure {type:default;}">
        <Coords points="720,1422 720,1442 1003,1450 1005,1450 1137,1437 1142,1437 1144,1437 1177,1448 1179,1448 1182,1448 1338,1433 1341,1413 1334,1380 718,1386 720,1422"/>
        <Baseline points="720,1422 1341,1413"/>
        <TextEquiv conf="0.9999968134439908">
          <Unicode>„Tenor litterarum tuarum“.</Unicode>
        </TextEquiv>
      </TextLine>
      <TextLine id="eSc_line_8290c7a3" custom="structure {type:default;}">
        <Coords points="667,1472 667,1497 2629,1495 2631,1466 2626,1435 1977,1424 1975,1424 1886,1435 695,1428 693,1428 691,1428 665,1437 667,1472"/>
        <Baseline points="667,1472 2631,1466"/>
        <TextEquiv conf="0.9961046248674392">
          <Unicode>16611 (10243) Episcopo cuidam respondet, W(i)ll. comitem de Rumaren, qui „sciens</Unicode>
        </TextEquiv>
      </TextLine>
      <TextLine id="eSc_line_263e62d5" custom="structure {type:default;}">
        <Coords points="720,1530 720,1552 731,1561 733,1561 735,1561 737,1563 881,1563 881,1561 883,1561 885,1561 901,1550 972,1561 974,1563 1140,1563 1140,1561 1142,1561 1144,1561 1159,1550 1283,1561 1285,1561 1343,1550 1347,1550 1352,1550 1418,1561 1420,1561 1504,1550 1517,1550 1557,1550 1796,1561 1798,1563 2041,1563 2041,1561 2043,1561 2045,1561 2054,1552 2061,1550 2629,1554 2631,1530 2631,1499 720,1499 720,1530"/>
        <Baseline points="720,1530 2631,1530"/>
        <TextEquiv conf="0.9972042647408851">
          <Unicode>inter se et primam uxorem nullam esse consanguinitatem, ab ea sustinuit separari,</Unicode>
        </TextEquiv>
      </TextLine>
      <TextLine id="eSc_line_4180eece" custom="structure {type:default;}">
        <Coords points="718,1585 718,1609 2631,1603 2633,1578 2626,1550 715,1552 718,1585"/>
        <Baseline points="718,1585 2633,1578"/>
        <TextEquiv conf="0.999950536340475">
          <Unicode>tamen a secunda recedere et coniugale ei debitum denegare non debere“; poeniten-</Unicode>
        </TextEquiv>
      </TextLine>
      <TextLine id="eSc_line_d41649a0" custom="structure {type:default;}">
        <Coords points="718,1640 718,1662 2629,1658 2631,1634 2624,1601 715,1605 718,1640"/>
        <Baseline points="718,1640 2631,1634"/>
        <TextEquiv conf="0.9971614727159825">
          <Unicode>tiam vero ei infligendam esse. Comp. II. L. 4. t. 13. c. 2, Mansi XXII. 555, Mignc</Unicode>
        </TextEquiv>
      </TextLine>
      <TextLine id="eSc_line_108242ea" custom="structure {type:default;}">
        <Coords points="718,1693 718,1713 857,1724 859,1724 861,1724 863,1724 881,1713 914,1722 916,1722 919,1722 1089,1709 1111,1709 1113,1709 1122,1718 1122,1720 1124,1720 1126,1720 1129,1722 1259,1722 1259,1720 1261,1720 1292,1707 1296,1707 1299,1707 1332,1718 1334,1718 1336,1718 1440,1704 1442,1684 1436,1658 715,1665 718,1693"/>
        <Baseline points="718,1693 1442,1684"/>
        <TextEquiv conf="0.9999935847741587">
          <Unicode>204 p. 1485. — „Comes WIl.“</Unicode>
        </TextEquiv>
      </TextLine>
      <TextLine id="eSc_line_6f90df5a" custom="structure {type:default;}">
        <Coords points="667,1749 667,1788 737,1786 740,1786 742,1786 762,1773 914,1786 919,1786 921,1786 925,1786 1020,1773 1064,1784 1069,1786 1071,1786 1073,1786 1179,1784 1182,1784 1184,1784 1219,1768 1323,1782 1327,1782 1330,1782 1334,1782 1414,1768 1464,1779 1482,1784 1484,1784 1528,1779 1650,1766 1820,1768 1831,1777 1840,1782 1842,1782 1844,1782 1847,1782 1950,1775 2076,1766 2090,1773 2094,1777 2096,1777 2098,1777 2101,1777 2143,1773 2185,1768 2271,1771 2467,1779 2470,1779 2631,1766 2633,1740 2629,1713 682,1709 680,1709 678,1709 676,1709 665,1715 667,1749"/>
        <Baseline points="667,1749 2633,1740"/>
        <TextEquiv conf="0.9998082497033728">
          <Unicode>16612 (10244) Episcopo cuidam respondet de hoc casu: „Cum duo viri duas accepissent</Unicode>
        </TextEquiv>
      </TextLine>
      <TextLine id="eSc_line_dfc7120a" custom="structure {type:default;}">
        <Coords points="718,1804 718,1826 2626,1830 2629,1804 2629,1771 718,1771 718,1804"/>
        <Baseline points="718,1804 2629,1804"/>
        <TextEquiv conf="0.9960525365436779">
          <Unicode>sorores, altera sine liberis ex hac luce subtracta, vir eius aliam accepit in uxorcm,</Unicode>
        </TextEquiv>
      </TextLine>
      <TextLine id="eSc_line_90f20c9d" custom="structure {type:default;}">
        <Coords points="718,1861 718,1881 2629,1877 2631,1855 2626,1826 1396,1817 1394,1817 1391,1817 1349,1828 934,1819 932,1819 715,1830 718,1861"/>
        <Baseline points="718,1861 2631,1855"/>
        <TextEquiv conf="0.9974368509039822">
          <Unicode>ex qua filium generavit; cui (filio) filia sororis alterius fuit tempore procedente</Unicode>
        </TextEquiv>
      </TextLine>
      <TextLine id="eSc_line_5424148e" custom="structure {type:default;}">
        <Coords points="715,1914 715,1949 947,1949 947,1947 950,1947 952,1947 969,1934 1029,1945 1040,1947 1042,1949 1157,1949 1157,1947 1159,1947 1162,1947 1164,1945 1182,1934 1301,1943 1354,1947 1356,1947 1436,1943 1564,1934 1619,1941 1670,1947 1672,1947 1674,1947 1701,1941 1736,1932 1849,1938 1942,1945 1944,1945 2083,1936 2149,1934 2163,1936 2198,1945 2200,1945 2202,1945 2204,1945 2235,1936 2253,1932 2341,1934 2565,1945 2567,1945 2631,1932 2633,1910 2626,1883 713,1885 715,1914"/>
        <Baseline points="715,1914 2633,1910"/>
        <TextEquiv conf="0.9973858960469564">
          <Unicode>matrimonio copulata“. Accusationem contra hoc matrimonium per longum tempus</Unicode>
        </TextEquiv>
      </TextLine>
      <TextLine id="eSc_line_4308f772" custom="structure {type:default;}">
        <Coords points="720,1969 720,1998 2629,1998 2631,1965 2624,1936 718,1936 720,1969"/>
        <Baseline points="720,1969 2631,1965"/>
        <TextEquiv conf="0.99593245518672">
          <Unicode>permanens non esse admittendam. Comp. II. L. 4. t. 12. c. 2, Mansi XXII. 555,</Unicode>
        </TextEquiv>
      </TextLine>
      <TextLine id="eSc_line_b36c0ae1" custom="structure {type:default;}">
        <Coords points="718,2022 718,2042 806,2053 808,2053 963,2042 976,2042 978,2042 1016,2053 1018,2053 1020,2053 1022,2053 1025,2053 1040,2042 1042,2042 1062,2042 1372,2051 1374,2051 1491,2040 1502,2040 1506,2040 1557,2051 1559,2051 1626,2040 1628,2040 1630,2040 1674,2051 1676,2051 1679,2051 1809,2038 1811,2018 1807,1991 746,1983 744,1983 742,1983 715,1991 718,2022"/>
        <Baseline points="718,2022 1811,2018"/>
        <TextEquiv conf="0.9997393618459287">
          <Unicode>Migne 204 p. 1484. — „Dilectus filius noster“.</Unicode>
        </TextEquiv>
      </TextLine>
      <TextLine id="eSc_line_ad1d4d93" custom="structure {type:default;}">
        <Coords points="669,2075 667,2095 2626,2102 2631,2080 2629,2047 669,2042 669,2075"/>
        <Baseline points="669,2075 2631,2080"/>
        <TextEquiv conf="0.9964917939762736">
          <Unicode>16613 (10245) Episcopo cuidam scribit, prohibeat sub excommunicationis interminatione,</Unicode>
        </TextEquiv>
      </TextLine>
      <TextLine id="eSc_line_75e77257" custom="structure {type:default;}">
        <Coords points="718,2135 718,2157 2626,2161 2631,2131 2624,2097 715,2102 718,2135"/>
        <Baseline points="718,2135 2631,2131"/>
        <TextEquiv conf="0.9941532428448017">
          <Unicode>ne miles quidam parochianus, qui post mortem uxoris nurum suam matrimonio sibi</Unicode>
        </TextEquiv>
      </TextLine>
      <TextLine id="eSc_line_acc6677a" custom="structure {type:default;}">
        <Coords points="715,2186 713,2203 740,2217 742,2217 744,2217 1325,2208 1469,2208 2626,2219 2631,2190 2629,2159 715,2155 715,2186"/>
        <Baseline points="715,2186 2631,2190"/>
        <TextEquiv conf="0.979931808842553">
          <Unicode>copulaverit, „ad eam carnaliter de cetero praesumat accedere“. Comp. II. L. 4. t. 1. c. 6,</Unicode>
        </TextEquiv>
      </TextLine>
      <TextLine id="eSc_line_7d73740c" custom="structure {type:default;}">
        <Coords points="720,2243 720,2263 2160,2259 2163,2239 2158,2210 733,2201 731,2201 729,2201 726,2201 718,2208 720,2243"/>
        <Baseline points="720,2243 2163,2239"/>
        <TextEquiv conf="0.997959132705416">
          <Unicode>Mansi XXII. 553, Migne 204 p. 1483. — „Nobis ex tuarum“.</Unicode>
        </TextEquiv>
      </TextLine>
      <TextLine id="eSc_line_29654c50" custom="structure {type:default;}">
        <Coords points="669,2298 669,2332 2631,2314 2633,2290 2629,2263 684,2259 682,2259 680,2259 678,2259 667,2265 669,2298"/>
        <Baseline points="669,2298 2633,2290"/>
        <TextEquiv conf="0.9938347274998585">
          <Unicode>16614 (10246) Episcopo cuidam scribit de Guilielmo et Guilielma, qui per tres annos</Unicode>
        </TextEquiv>
      </TextLine>
      <TextLine id="eSc_line_2b1478b2" custom="structure {type:default;}">
        <Coords points="718,2358 718,2387 2631,2369 2633,2347 2626,2316 715,2320 718,2358"/>
        <Baseline points="718,2358 2633,2347"/>
        <TextEquiv conf="0.9970141124157679">
          <Unicode>„matrimonialiter fuerint coniuncti, puero sextum, puella vero septimum annum agente“</Unicode>
        </TextEquiv>
      </TextLine>
      <TextLine id="eSc_line_c13d31e1" custom="structure {type:default;}">
        <Coords points="715,2411 715,2433 2626,2431 2629,2404 2622,2376 713,2380 715,2411"/>
        <Baseline points="715,2411 2629,2404"/>
        <TextEquiv conf="0.9980677123422976">
          <Unicode>postea vero aliis adhaeserint. Edocet eum, „impediente puerili actate matrimonium</Unicode>
        </TextEquiv>
      </TextLine>
      <TextLine id="eSc_line_5565aa7e" custom="structure {type:default;}">
        <Coords points="720,2464 720,2497 832,2486 943,2497 958,2497 961,2497 974,2497 1053,2486 1071,2495 1071,2497 1073,2497 1075,2497 1078,2497 1133,2495 1334,2486 1407,2493 1449,2497 1451,2497 2631,2484 2631,2464 2631,2435 720,2426 720,2464"/>
        <Baseline points="720,2464 2631,2464"/>
        <TextEquiv conf="0.9920176541668245">
          <Unicode>inter G. et G. non fuisse“. Comp. II. L. 4. t. 2. c. 1, Decr. Greg. L. IV. t. 2. c. 12.</Unicode>
        </TextEquiv>
      </TextLine>
      <TextLine id="eSc_line_031d798c" custom="structure {type:default;}">
        <Coords points="718,2517 718,2535 903,2550 905,2550 908,2550 910,2550 910,2548 923,2535 936,2546 936,2548 938,2548 941,2548 943,2550 1049,2550 1049,2548 1051,2548 1100,2530 1100,2513 1093,2486 715,2488 718,2517"/>
        <Baseline points="718,2517 1100,2513"/>
        <TextEquiv conf="0.976732679775783">
          <Unicode>— „Duo pueri“.</Unicode>
        </TextEquiv>
      </TextLine>
      <TextLine id="eSc_line_85d93bc8" custom="structure {type:default;}">
        <Coords points="671,2570 671,2597 2633,2597 2633,2570 2633,2541 671,2539 671,2570"/>
        <Baseline points="671,2570 2633,2570"/>
        <TextEquiv conf="0.9917084318260814">
          <Unicode>16615 (10248) Episcopo cuidam, cuius in dioecesi „inter filios et filias quorundam no-</Unicode>
        </TextEquiv>
      </TextLine>
      <TextLine id="eSc_line_8812f2bc" custom="structure {type:default;}">
        <Coords points="718,2630 718,2650 1029,2661 1031,2661 1113,2650 1115,2650 1117,2650 1162,2661 1164,2661 1166,2661 1548,2647 1575,2647 1588,2647 1769,2658 1771,2658 1774,2658 1776,2658 1791,2647 1805,2658 1807,2658 1809,2658 1811,2658 1866,2647 1990,2658 1992,2658 2068,2645 2074,2645 2081,2645 2169,2656 2171,2656 2271,2645 2275,2645 2282,2645 2602,2656 2604,2656 2607,2656 2631,2643 2631,2623 2624,2597 715,2601 718,2630"/>
        <Baseline points="718,2630 2631,2623"/>
        <TextEquiv conf="0.9914046546274965">
          <Unicode>bilium coniugalis quaestio tractatur“, rescribit, ut vel „post receptos testes, qui con-</Unicode>
        </TextEquiv>
      </TextLine>
      <TextLine id="eSc_line_25a3adf8" custom="structure {type:default;}">
        <Coords points="718,2683 718,2707 1188,2718 1190,2718 1409,2707 1458,2705 1484,2707 1590,2716 1592,2716 2629,2703 2631,2676 2624,2650 715,2654 718,2683"/>
        <Baseline points="718,2683 2631,2676"/>
        <TextEquiv conf="0.9981698006778569">
          <Unicode>sanguinitatem secundum formam canonum computent“, alios ex opposito productos</Unicode>
        </TextEquiv>
      </TextLine>
      <TextLine id="eSc_line_43624f95" custom="structure {type:default;}">
        <Coords points="720,2738 720,2762 2626,2762 2629,2733 2622,2700 718,2705 720,2738"/>
        <Baseline points="720,2738 2629,2733"/>
        <TextEquiv conf="0.9980912005200105">
          <Unicode>admittat. Comp. II. L. 2. t. 13. c. 3, Decr. Greg. L. II. t. 20. c. 26. — „Series tui</Unicode>
        </TextEquiv>
      </TextLine>
      <TextLine id="eSc_line_e29c12f8" custom="structure {type:default;}">
        <Coords points="715,2795 715,2809 790,2824 793,2824 950,2804 952,2791 945,2756 713,2758 715,2795"/>
        <Baseline points="715,2795 952,2791"/>
        <TextEquiv conf="0.9775323596867648">
          <Unicode>rescripti“.</Unicode>
        </TextEquiv>
      </TextLine>
      <TextLine id="eSc_line_82d93ce2" custom="structure {type:default;}">
        <Coords points="671,2844 671,2870 2633,2870 2633,2844 2633,2815 671,2815 671,2844"/>
        <Baseline points="671,2844 2633,2844"/>
        <TextEquiv conf="0.9953252298709674">
          <Unicode>16616 (10249) Episcopo cuidam mandat, ne Michaeli presbytero de S. Germano ec-</Unicode>
        </TextEquiv>
      </TextLine>
      <TextLine id="eSc_line_546f4653" custom="structure {type:default;}">
        <Coords points="720,2903 720,2930 2631,2930 2631,2903 2631,2873 720,2873 720,2903"/>
        <Baseline points="720,2903 2631,2903"/>
        <TextEquiv conf="0.9999309487286068">
          <Unicode>clesiam S. I(ohannis) de Corona adimi per M. (al. N.) filium Antonii patiatur. Comp.</Unicode>
        </TextEquiv>
      </TextLine>
      <TextLine id="eSc_line_ee1eb358" custom="structure {type:default;}">
        <Coords points="720,2956 720,2976 768,2987 771,2987 773,2987 775,2987 788,2976 790,2976 1124,2976 1126,2976 1157,2987 1159,2987 1162,2987 1164,2987 1166,2987 1179,2976 1182,2976 1259,2987 1261,2987 1263,2987 1307,2976 1310,2976 1312,2976 1429,2987 1431,2987 1433,2987 1460,2976 1495,2987 1497,2987 1500,2987 1570,2974 1581,2974 1592,2974 1661,2985 1663,2985 1931,2974 1953,2974 1955,2974 1966,2985 1968,2985 1970,2985 1972,2987 2368,2987 2368,2985 2436,2972 2439,2952 2432,2923 718,2926 720,2956"/>
        <Baseline points="720,2956 2439,2952"/>
        <TextEquiv conf="0.9824173128918597">
          <Unicode>II. L. 1. t. 9. c. 4, Decr. Greg. L. I. t. 17. c. 13. — „Michael presbyter“.</Unicode>
        </TextEquiv>
      </TextLine>
      <TextLine id="eSc_line_3c4610ea" custom="structure {type:default;}">
        <Coords points="671,3009 671,3036 2633,3036 2633,3009 2633,2983 671,2983 671,3009"/>
        <Baseline points="671,3009 2633,3009"/>
        <TextEquiv conf="0.9967082437427565">
          <Unicode>16617 (10250) Episcopo cuidam. respondet, sacerdotes vel alios in sacris ordinibus con-</Unicode>
        </TextEquiv>
      </TextLine>
      <TextLine id="eSc_line_b1c67444" custom="structure {type:default;}">
        <Coords points="722,3069 722,3089 961,3102 963,3102 1020,3091 1036,3089 1040,3091 1053,3102 1056,3102 1058,3102 1060,3104 1162,3104 1162,3102 1164,3102 1201,3091 1215,3089 1221,3093 1235,3102 1237,3102 1239,3102 1241,3104 1356,3104 1356,3102 1358,3102 1385,3093 1405,3087 1425,3093 1444,3100 1447,3100 1449,3102 1654,3102 1654,3100 1657,3100 1668,3093 1683,3087 1847,3096 1946,3100 1948,3100 1950,3100 1953,3100 1957,3096 1972,3087 2326,3096 2328,3096 2494,3085 2624,3098 2629,3062 2622,3034 720,3038 722,3069"/>
        <Baseline points="722,3069 2629,3062"/>
        <TextEquiv conf="0.9893330276667417">
          <Unicode>stitutos, „qui reatum adulterii incurrerint, vel periurii, vel falsi testimonii . . . etiam</Unicode>
        </TextEquiv>
      </TextLine>
      <TextLine id="eSc_line_9f556840" custom="structure {type:default;}">
        <Coords points="724,3122 724,3151 2626,3144 2629,3118 2622,3089 722,3091 724,3122"/>
        <Baseline points="724,3122 2629,3118"/>
        <TextEquiv conf="0.9928780704736709">
          <Unicode>post peractam poenitentiam non solum ad altiora progredi non debere, verum etiam</Unicode>
        </TextEquiv>
      </TextLine>
      <TextLine id="eSc_line_299a28e0" custom="structure {type:default;}">
        <Coords points="722,3177 722,3208 2629,3195 2631,3173 2626,3142 795,3133 793,3133 720,3144 722,3177"/>
        <Baseline points="722,3177 2631,3173"/>
        <TextEquiv conf="0.9990607865154744">
          <Unicode>gradum pristinum non tenere“. Comp. II. L. 1. t. 8. c. 3, Mansi XXII. 550, Migne</Unicode>
        </TextEquiv>
      </TextLine>
      <TextLine id="eSc_line_b75dbfe2" custom="structure {type:default;}">
        <Coords points="722,3230 722,3250 735,3259 737,3259 740,3259 742,3259 824,3250 837,3261 837,3263 839,3263 841,3263 843,3263 846,3263 888,3248 910,3259 912,3259 914,3259 1113,3248 1129,3261 1129,3263 1131,3263 1133,3263 1135,3266 1206,3266 1206,3263 1208,3263 1210,3263 1230,3248 1250,3261 1252,3261 1254,3261 1257,3261 1356,3248 1570,3263 1573,3263 1661,3246 1661,3230 1661,3202 722,3202 722,3230"/>
        <Baseline points="722,3230 1661,3230"/>
        <TextEquiv conf="0.9977486087725713">
          <Unicode>204 p. 1479. — „Ex tuae fraternitatis“.</Unicode>
        </TextEquiv>
      </TextLine>
      <TextLine id="eSc_line_86e1b240" custom="structure {type:default;}">
        <Coords points="671,3283 671,3321 2633,3314 2633,3283 2633,3255 671,3252 671,3283"/>
        <Baseline points="671,3283 2633,3283"/>
        <TextEquiv conf="0.9994938177306477">
          <Unicode>16618 (10251) Episcopo cuidam respondet, monasterii cuiusdam sacerdotem, qui quen-</Unicode>
        </TextEquiv>
      </TextLine>
      <TextLine id="eSc_line_a3a68d0c" custom="structure {type:default;}">
        <Coords points="722,3341 722,3369 2626,3363 2629,3336 2624,3305 720,3303 722,3341"/>
        <Baseline points="722,3341 2629,3336"/>
        <TextEquiv conf="0.9878248027813288">
          <Unicode>dam ex fratribus occiderit, „sollemniter ab omni officio divino degradandum et in</Unicode>
        </TextEquiv>
      </TextLine>
      <TextLine id="eSc_line_bb884ba7" custom="structure {type:default;}">
        <Coords points="724,3396 724,3416 2624,3420 2629,3396 2626,3367 724,3367 724,3396"/>
        <Baseline points="724,3396 2629,3396"/>
        <TextEquiv conf="0.9981450669467449">
          <Unicode>monasterium aliquod Cisterciensis ordinis recludendum“ esse, ubi per totam vitam</Unicode>
        </TextEquiv>
      </TextLine>
      <TextLine id="eSc_line_913e7116" custom="structure {type:default;}">
        <Coords points="722,3451 722,3486 879,3475 897,3486 899,3486 901,3486 903,3486 914,3486 1016,3475 1034,3486 1036,3486 1038,3486 1040,3486 1058,3484 1135,3475 1188,3484 1206,3486 1208,3489 1365,3489 1365,3486 1367,3486 1369,3486 1374,3482 1385,3475 1500,3475 1513,3482 1517,3486 1520,3486 1522,3486 1524,3486 2633,3473 2633,3451 2633,3422 722,3422 722,3451"/>
        <Baseline points="722,3451 2633,3451"/>
        <TextEquiv conf="0.9878588433725288">
          <Unicode>poenitentiam agat. (Fortasse est coniungenda cum decretali in Comp. II. L. I. t. 3.</Unicode>
        </TextEquiv>
      </TextLine>
      <TextLine id="eSc_line_7cc21160" custom="structure {type:default;}">
        <Coords points="722,3504 722,3546 1104,3559 1106,3559 1170,3551 1248,3539 1612,3539 1639,3553 1650,3559 1652,3559 1654,3562 1957,3562 1957,3559 1959,3559 1972,3555 2021,3539 2339,3539 2364,3551 2366,3551 2368,3551 2450,3539 2509,3559 2512,3559 2514,3562 2629,3562 2629,3504 2626,3469 722,3471 722,3504"/>
        <Baseline points="722,3504 2629,3504"/>
        <TextEquiv conf="0.9811905196734837">
          <Unicode>c. 5„ Decr. Greg. Ia. I. t. 6. c. 13; sed certum aliquod contendi nequit, cum altera</Unicode>
        </TextEquiv>
      </TextLine>
      <TextLine id="eSc_line_0293740a" custom="structure {type:default;}">
        <Coords points="2339,3524 2264,3526 2269,3568 2275,3623 2355,3599 2353,3559 2348,3537 2339,3524"/>
        <Baseline points="2269,3568 2353,3559"/>
        <TextEquiv conf="0.9999463160832723">
          <Unicode>7„*</Unicode>
        </TextEquiv>
      </TextLine>
    </TextRegion>
    <TextRegion id="eSc_textblock_e0d62755"  custom="structure {type:default;}">
      <Coords points="992,141 1745,141 1798,150 1798,236 927,245 927,159 992,141"/>
      <TextLine id="eSc_line_9fdde406" custom="structure {type:default;}">
        <Coords points="947,218 947,240 1000,253 1003,256 1301,256 1301,253 1303,253 1360,240 1612,251 1615,251 1776,236 1776,214 1771,172 1683,152 1681,152 1557,170 1537,152 1537,150 1535,150 1533,150 1480,150 1478,150 1475,150 1418,172 1349,172 1325,154 1323,154 1321,154 1319,154 1316,154 1250,172 1221,152 1219,152 1217,152 1018,150 1016,150 1014,150 945,174 947,218"/>
        <Baseline points="947,218 1776,214"/>
        <TextEquiv conf="0.999880370994409">
          <Unicode>CL.LMENS III. 1187—1191.</Unicode>
        </TextEquiv>
      </TextLine>
    </TextRegion>
    <TextRegion id="eSc_textblock_2a34dc74"  custom="structure {type:default;}">
      <Coords points="2518,141 2688,159 2688,227 2644,262 2505,262 2478,159 2518,141"/>
      <TextLine id="eSc_line_29392dc3" custom="structure {type:default;}">
        <Coords points="2512,220 2512,240 2607,251 2609,251 2611,251 2613,251 2635,236 2635,216 2631,165 2571,152 2569,152 2567,152 2507,170 2512,220"/>
        <Baseline points="2512,220 2635,216"/>
        <TextEquiv conf="1.0">
          <Unicode>571</Unicode>
        </TextEquiv>
      </TextLine>
    </TextRegion>
  </Page>
</PcGts>
