<?xml version="1.0" encoding="UTF-8"  standalone="yes"?>
<PcGts xmlns="http://schema.primaresearch.org/PAGE/gts/pagecontent/2019-07-15" xmlns:xsi="http://www.w3.org/2001/XMLSchema-instance" xsi:schemaLocation="http://schema.primaresearch.org/PAGE/gts/pagecontent/2019-07-15 http://schema.primaresearch.org/PAGE/gts/pagecontent/2019-07-15/pagecontent.xsd">
  <Metadata>
	<Creator>escriptorium</Creator>
	<Created>2024-07-19T10:07:53.503394+00:00</Created>
        <LastChange>2024-08-08T08:33:04.407594+00:00</LastChange>
  </Metadata>
  <Page imageFilename="0215.png" imageWidth="3007" imageHeight="3975">
    <TextRegion id="eSc_textblock_0607ca24"  custom="structure {type:default;}">
      <Coords points="338,176 448,176 475,245 318,262 300,212 338,176"/>
      <TextLine id="eSc_line_b889b1af" custom="structure {type:default;}">
        <Coords points="441,181 324,187 329,236 329,262 450,258 450,229 444,181 441,181"/>
        <Baseline points="329,236 450,229"/>
        <TextEquiv conf="1.0">
          <Unicode>202</Unicode>
        </TextEquiv>
      </TextLine>
    </TextRegion>
    <TextRegion id="eSc_textblock_8ec263d7"  custom="structure {type:default;}">
      <Coords points="1009,318 2892,326 2883,3557 892,3557 609,3548 589,3504 563,3548 318,3531 309,450 282,388 326,326 863,362 874,326 1009,318"/>
      <TextLine id="eSc_line_6db20f4f" custom="structure {type:default;}">
        <Coords points="872,382 872,410 1206,404 1206,373 1201,335 1064,322 1062,322 1060,322 1009,337 956,324 954,324 952,324 870,342 872,382"/>
        <Baseline points="872,382 1206,373"/>
        <TextEquiv conf="0.9861117839813233">
          <Unicode>1166—1167.</Unicode>
        </TextEquiv>
      </TextLine>
      <TextLine id="eSc_line_1f9467ac" custom="structure {type:default;}">
        <Coords points="908,443 908,474 2865,468 2867,437 2861,384 2459,393 2401,386 2328,379 2326,379 2324,379 2297,388 2280,395 1950,395 1942,390 1919,382 1917,382 1915,382 1862,393 1853,393 1780,393 1224,384 1221,384 905,399 908,443"/>
        <Baseline points="908,443 2867,437"/>
        <TextEquiv conf="0.9900167322740322">
          <Unicode>11312(7554) lohanni. episcopo Magalonensi, mandat, ut „si correctio canonicorum ad</Unicode>
        </TextEquiv>
      </TextLine>
      <TextLine id="eSc_line_caca2d73" custom="structure {type:default;}">
        <Coords points="746,353 740,351 691,359 689,359 687,359 687,362 676,371 669,377 614,371 618,446 618,485 806,492 808,492 810,492 813,492 830,479 830,441 828,375 766,353 746,353"/>
        <Baseline points="618,446 830,441"/>
        <TextEquiv conf="0.9923880994319916">
          <Unicode>Laterani</Unicode>
        </TextEquiv>
      </TextLine>
      <TextLine id="eSc_line_5fee1f70" custom="structure {type:default;}">
        <Coords points="344,448 344,481 450,499 452,499 565,479 565,443 558,377 528,377 523,375 508,362 508,359 505,359 503,359 501,359 499,359 470,371 448,379 439,368 433,364 433,362 430,362 428,362 426,362 424,362 421,362 413,368 404,373 340,364 344,448"/>
        <Baseline points="344,448 565,443"/>
        <TextEquiv conf="0.9824455007910728">
          <Unicode>Lan. 20.</Unicode>
        </TextEquiv>
      </TextLine>
      <TextLine id="eSc_line_3b282b65" custom="structure {type:default;}">
        <Coords points="954,496 954,518 2863,525 2867,492 2861,463 952,465 954,496"/>
        <Baseline points="954,496 2867,492"/>
        <TextEquiv conf="0.994141910449568">
          <Unicode>capitulum pertineat, capitulum moneat, ut excessus infra triennium Glege: terminum)</Unicode>
        </TextEquiv>
      </TextLine>
      <TextLine id="eSc_line_22910f71" custom="structure {type:default;}">
        <Coords points="956,552 956,571 1621,583 1623,583 1725,571 1729,571 1732,571 1849,583 1851,583 1904,569 1913,569 2138,569 2140,569 2167,580 2169,580 2171,580 2262,569 2273,569 2317,569 2788,580 2790,580 2865,567 2867,547 2863,518 992,510 989,510 987,510 954,521 956,552"/>
        <Baseline points="956,552 2867,547"/>
        <TextEquiv conf="0.9889032810926437">
          <Unicode>ab eo praefigendum corrigat; et alioquin ex tunc ipsos corrigere non postponat“.</Unicode>
        </TextEquiv>
      </TextLine>
      <TextLine id="eSc_line_ac454e75" custom="structure {type:default;}">
        <Coords points="954,605 954,638 1592,629 1619,640 1626,642 1628,642 1630,642 1672,640 1813,629 1862,640 1875,642 1877,642 1880,642 1889,640 1931,627 1957,640 1959,640 1961,642 2085,642 2085,640 2087,640 2090,640 2143,627 2311,640 2317,640 2319,640 2322,640 2324,640 2344,627 2394,638 2397,638 2399,638 2401,638 2414,627 2443,640 2445,640 2448,640 2450,640 2476,627 2503,640 2505,640 2507,642 2867,642 2870,600 2863,569 952,574 954,605"/>
        <Baseline points="954,605 2870,600"/>
        <TextEquiv conf="0.9886377817624575">
          <Unicode>(Aliena manu additum est: „pont. nostri a. 2“). Gariel Ser. I. 205. Migne 200</Unicode>
        </TextEquiv>
      </TextLine>
      <TextLine id="eSc_line_2ffc8efc" custom="structure {type:default;}">
        <Coords points="956,660 956,684 1714,686 1716,686 1718,686 1767,673 1767,653 1763,624 954,622 956,660"/>
        <Baseline points="956,660 1767,653"/>
        <TextEquiv conf="0.9996672535643858">
          <Unicode>p. 431. — „Tua nobis fraternitas“.</Unicode>
        </TextEquiv>
      </TextLine>
      <TextLine id="eSc_line_a5d86ec8" custom="structure {type:default;}">
        <Coords points="908,713 908,742 2872,737 2872,713 2872,677 908,671 908,713"/>
        <Baseline points="908,713 2872,713"/>
        <TextEquiv conf="0.9958088546991348">
          <Unicode>11313 (7555) (lohanni). episcopo Magalonensi, permittit, ut de canonicis ecclesiae Maga-</Unicode>
        </TextEquiv>
      </TextLine>
      <TextLine id="eSc_line_424e51cd" custom="structure {type:default;}">
        <Coords points="388,724 388,775 567,757 567,719 561,642 384,642 388,724"/>
        <Baseline points="388,724 567,719"/>
        <TextEquiv conf="0.9990450024604798">
          <Unicode>„ 26.</Unicode>
        </TextEquiv>
      </TextLine>
      <TextLine id="eSc_line_45ac2def" custom="structure {type:default;}">
        <Coords points="689,728 684,786 775,786 779,733 779,693 740,680 737,680 735,680 733,680 689,691 689,728"/>
        <Baseline points="689,728 779,733"/>
        <TextEquiv conf="0.978981077671051">
          <Unicode>„</Unicode>
        </TextEquiv>
      </TextLine>
      <TextLine id="eSc_line_64dd2007" custom="structure {type:default;}">
        <Coords points="956,772 956,799 2865,797 2867,768 2863,737 954,730 956,772"/>
        <Baseline points="956,772 2867,768"/>
        <TextEquiv conf="0.997258147339762">
          <Unicode>lonensis ordinis S. Augustini, qui „non solum infra, verum etiam extra dioecesim,</Unicode>
        </TextEquiv>
      </TextLine>
      <TextLine id="eSc_line_d80fa0a8" custom="structure {type:default;}">
        <Coords points="956,825 956,852 2870,848 2870,825 2870,795 956,795 956,825"/>
        <Baseline points="956,825 2870,825"/>
        <TextEquiv conf="0.9997739762794681">
          <Unicode>non obtenta licentia nec petita, evagent“, poenas capiat. (Aliena manus ascripsit:</Unicode>
        </TextEquiv>
      </TextLine>
      <TextLine id="eSc_line_1985fc5f" custom="structure {type:default;}">
        <Coords points="954,883 954,920 1036,907 1201,918 1204,918 1206,918 1232,907 1394,918 1398,918 1400,918 1402,918 1436,905 1650,918 1679,918 1681,918 1683,918 1690,918 1738,905 1862,905 1886,916 1891,918 1893,918 1895,918 1924,916 2043,903 2116,914 2129,916 2132,916 2145,914 2220,903 2308,914 2333,916 2335,916 2377,914 2525,901 2580,912 2591,914 2593,914 2867,909 2870,874 2865,845 1939,834 1937,834 1855,845 1771,836 1769,836 1767,836 1765,836 1749,848 1734,836 1732,836 1729,836 1727,836 1555,848 1480,836 1478,836 1475,836 1429,850 1394,839 1391,839 1071,839 1069,839 952,852 954,883"/>
        <Baseline points="954,883 2870,874"/>
        <TextEquiv conf="0.9886977717846255">
          <Unicode>„pontificatus nostri a. 2“.) Gariel Ser. I. 204. Migne 200 p. 431. — „Cum sicut</Unicode>
        </TextEquiv>
      </TextLine>
      <TextLine id="eSc_line_95985bf8" custom="structure {type:default;}">
        <Coords points="952,934 952,956 1186,956 1186,934 1186,905 952,905 952,934"/>
        <Baseline points="952,934 1186,934"/>
        <TextEquiv conf="0.9999999165534973">
          <Unicode>exposita“.</Unicode>
        </TextEquiv>
      </TextLine>
      <TextLine id="eSc_line_da2db76b" custom="structure {type:default;}">
        <Coords points="908,989 908,1018 2870,1020 2872,989 2872,951 2713,951 2710,949 2695,938 2693,938 2691,938 2580,938 2578,938 2576,938 2573,938 2558,949 2554,949 2445,938 2443,938 2364,949 2357,949 2339,938 2337,938 2335,938 2333,938 2273,949 2266,951 2056,951 2052,949 2019,938 2017,938 2014,938 1911,949 1891,949 1889,947 1869,938 1866,938 1864,938 1760,947 1741,949 1736,947 1723,938 1721,938 1718,938 1716,938 1623,947 1599,949 1566,947 1442,938 1440,938 908,945 908,989"/>
        <Baseline points="908,989 2872,989"/>
        <TextEquiv conf="0.9964607313827232">
          <Unicode>11314 (7556) Bertrandum, archiepiscopum Burdigalensem, apostolicae sedis legatum,</Unicode>
        </TextEquiv>
      </TextLine>
      <TextLine id="eSc_line_0670788e" custom="structure {type:default;}">
        <Coords points="384,1002 384,1029 519,1040 521,1040 523,1040 567,1020 567,993 558,907 501,912 499,912 497,912 497,914 488,920 452,951 380,945 384,1002"/>
        <Baseline points="384,1002 567,993"/>
        <TextEquiv conf="0.9756347179412842">
          <Unicode>„ „1.</Unicode>
        </TextEquiv>
      </TextLine>
      <TextLine id="eSc_line_c6102240" custom="structure {type:default;}">
        <Coords points="680,1004 680,1082 775,1079 775,1004 775,976 680,976 680,1004"/>
        <Baseline points="680,1004 775,1004"/>
        <TextEquiv conf="1.0">
          <Unicode>„</Unicode>
        </TextEquiv>
      </TextLine>
      <TextLine id="eSc_line_89b946ca" custom="structure {type:default;}">
        <Coords points="958,1044 958,1071 2872,1071 2874,1035 2867,1007 956,1011 958,1044"/>
        <Baseline points="958,1044 2874,1035"/>
        <TextEquiv conf="0.9874719555785016">
          <Unicode>laudat. quod sententiam a Bertrando. abbate S. Crucis, in S. Macharii monachos „ob</Unicode>
        </TextEquiv>
      </TextLine>
      <TextLine id="eSc_line_ca6edd15" custom="structure {type:default;}">
        <Coords points="958,1101 958,1132 2872,1124 2874,1093 2870,1064 2410,1053 2408,1053 2339,1064 2333,1064 2317,1064 2136,1055 2134,1055 956,1066 958,1101"/>
        <Baseline points="958,1101 2874,1093"/>
        <TextEquiv conf="0.9983407687850114">
          <Unicode>inobedientiam et rebellionem“ promulgatam, comprobaverit. Gall. Chr. II. 817, Bou-</Unicode>
        </TextEquiv>
      </TextLine>
      <TextLine id="eSc_line_5887d019" custom="structure {type:default;}">
        <Coords points="954,1157 954,1174 1409,1185 1411,1185 1414,1185 1416,1185 1429,1174 1738,1183 1741,1183 1743,1183 1767,1172 1811,1183 1813,1183 1816,1183 2107,1170 2127,1170 2143,1170 2357,1181 2359,1181 2361,1181 2406,1168 2406,1150 2401,1119 952,1119 954,1157"/>
        <Baseline points="954,1157 2406,1150"/>
        <TextEquiv conf="0.9914295338747794">
          <Unicode>quet Rec. XV. 850. Migne 200 p. 432. — „Sicut ex tuarum“.</Unicode>
        </TextEquiv>
      </TextLine>
      <TextLine id="eSc_line_cb5ebb2e" custom="structure {type:default;}">
        <Coords points="908,1207 908,1238 2874,1234 2874,1207 2874,1177 908,1166 908,1207"/>
        <Baseline points="908,1207 2874,1207"/>
        <TextEquiv conf="0.999593172858401">
          <Unicode>11315 Cappellanorum Laudunensium libertatem, a (Galtero) episcopo impugnatam, cor-</Unicode>
        </TextEquiv>
      </TextLine>
      <TextLine id="eSc_line_49d5ff81" custom="structure {type:default;}">
        <Coords points="344,1216 344,1247 408,1249 410,1252 421,1263 421,1265 424,1265 426,1265 428,1265 430,1265 452,1254 463,1249 483,1256 505,1265 508,1265 510,1265 565,1260 565,1212 561,1148 521,1141 519,1141 517,1141 514,1141 510,1146 492,1161 433,1161 342,1141 344,1216"/>
        <Baseline points="344,1216 565,1212"/>
        <TextEquiv conf="0.9979937449097633">
          <Unicode>Febr. 3.</Unicode>
        </TextEquiv>
      </TextLine>
      <TextLine id="eSc_line_8be3a264" custom="structure {type:default;}">
        <Coords points="691,1227 691,1245 726,1260 729,1260 731,1260 733,1260 773,1241 773,1223 764,1117 684,1135 691,1227"/>
        <Baseline points="691,1227 773,1223"/>
        <TextEquiv conf="0.9626275300979614">
          <Unicode>„</Unicode>
        </TextEquiv>
      </TextLine>
      <TextLine id="eSc_line_dd7c2991" custom="structure {type:default;}">
        <Coords points="956,1265 956,1296 2870,1291 2872,1258 2867,1221 1595,1221 1592,1221 1590,1221 1588,1221 1573,1230 1568,1232 1478,1232 1007,1223 1005,1223 954,1234 956,1265"/>
        <Baseline points="956,1265 2872,1258"/>
        <TextEquiv conf="0.9943244427065306">
          <Unicode>roborat. Autographum in Coll. Grenier t. 286. nr. 3 in bibl. nat. Paris. — „Cum</Unicode>
        </TextEquiv>
      </TextLine>
      <TextLine id="eSc_line_b814b4d0" custom="structure {type:default;}">
        <Coords points="956,1318 956,1338 1117,1349 1120,1349 1122,1349 1124,1349 1144,1336 1146,1333 1159,1336 1237,1347 1239,1347 1241,1347 1294,1331 1294,1313 1290,1285 978,1276 976,1276 974,1276 954,1285 956,1318"/>
        <Baseline points="956,1318 1294,1313"/>
        <TextEquiv conf="0.9997995240347726">
          <Unicode>Senonis olim“.</Unicode>
        </TextEquiv>
      </TextLine>
      <TextLine id="eSc_line_290cf610" custom="structure {type:default;}">
        <Coords points="905,1375 905,1400 2872,1391 2874,1366 2870,1329 2733,1318 2730,1318 2728,1318 2704,1327 2697,1331 2496,1331 2478,1327 2423,1318 2421,1318 2419,1318 2386,1327 2368,1331 2339,1327 2295,1320 2293,1320 2291,1320 2288,1320 2280,1327 2271,1333 1979,1333 1933,1327 1886,1320 1884,1320 1882,1320 1862,1325 1836,1333 1590,1325 1493,1322 1491,1322 1489,1322 1484,1325 1467,1333 1319,1325 1305,1325 1303,1325 1288,1325 1058,1336 903,1325 905,1375"/>
        <Baseline points="905,1375 2874,1366"/>
        <TextEquiv conf="0.9964965883507786">
          <Unicode>11316 (7557) Abbatem et fratres S. Remigii Remensis iam iterum hortatur, ut willel-</Unicode>
        </TextEquiv>
      </TextLine>
      <TextLine id="eSc_line_a974809f" custom="structure {type:default;}">
        <Coords points="382,1384 382,1437 428,1437 428,1435 430,1435 433,1435 444,1426 461,1411 488,1417 519,1424 521,1424 523,1424 563,1404 563,1380 558,1336 479,1325 477,1325 475,1325 472,1325 459,1338 457,1340 380,1340 382,1384"/>
        <Baseline points="382,1384 563,1380"/>
        <TextEquiv conf="0.9995245218276978">
          <Unicode>„ 10.</Unicode>
        </TextEquiv>
      </TextLine>
      <TextLine id="eSc_line_c09facff" custom="structure {type:default;}">
        <Coords points="689,1391 689,1448 775,1428 775,1391 775,1329 689,1327 689,1391"/>
        <Baseline points="689,1391 775,1391"/>
        <TextEquiv conf="1.0">
          <Unicode>„</Unicode>
        </TextEquiv>
      </TextLine>
      <TextLine id="eSc_line_fabcaea6" custom="structure {type:default;}">
        <Coords points="956,1428 956,1453 2872,1464 2874,1428 2872,1395 956,1395 956,1428"/>
        <Baseline points="956,1428 2874,1428"/>
        <TextEquiv conf="0.9941603349787849">
          <Unicode>mum. salva ordinis disciplina, recipiant et benigne tractent. Martene Coll. II. 723,</Unicode>
        </TextEquiv>
      </TextLine>
      <TextLine id="eSc_line_3cf4476a" custom="structure {type:default;}">
        <Coords points="958,1484 958,1503 1168,1514 1170,1514 1173,1514 1215,1503 1217,1503 1250,1514 1252,1514 1254,1514 1257,1514 1279,1503 1281,1503 1581,1512 1584,1512 1586,1512 1628,1501 1679,1512 1681,1512 1847,1510 1849,1510 1851,1510 1851,1508 1862,1499 1866,1499 1992,1510 1995,1510 1997,1510 2045,1497 2045,1477 2041,1448 1325,1439 1323,1439 1321,1439 1292,1450 965,1442 963,1442 961,1442 958,1442 958,1444 956,1444 958,1484"/>
        <Baseline points="958,1484 2045,1477"/>
        <TextEquiv conf="0.9844045544212515">
          <Unicode>Migne 200 p. 433. — „Pro Will(elmo) latore“.</Unicode>
        </TextEquiv>
      </TextLine>
      <TextLine id="eSc_line_319134a0" custom="structure {type:default;}">
        <Coords points="908,1541 908,1567 2872,1559 2874,1534 2870,1501 2428,1488 2425,1488 2284,1499 2266,1488 2264,1488 2262,1488 2260,1488 2059,1501 2039,1501 2019,1501 1809,1490 1807,1490 1749,1501 1745,1503 905,1503 908,1541"/>
        <Baseline points="908,1541 2874,1534"/>
        <TextEquiv conf="0.9942818686186549">
          <Unicode>11317 (7558) (lohanni). episcopo Magalonensi, concedit, ut canonici ecclesiae Maga-</Unicode>
        </TextEquiv>
      </TextLine>
      <TextLine id="eSc_line_c3664376" custom="structure {type:default;}">
        <Coords points="384,1552 384,1587 565,1587 565,1543 561,1501 424,1486 421,1486 419,1486 380,1506 384,1552"/>
        <Baseline points="384,1552 565,1543"/>
        <TextEquiv conf="0.9998257994651795">
          <Unicode>„ 15.</Unicode>
        </TextEquiv>
      </TextLine>
      <TextLine id="eSc_line_f79455f6" custom="structure {type:default;}">
        <Coords points="693,1554 693,1596 775,1583 775,1554 773,1481 693,1499 693,1554"/>
        <Baseline points="693,1554 775,1554"/>
        <TextEquiv conf="0.9995834231376648">
          <Unicode>„</Unicode>
        </TextEquiv>
      </TextLine>
      <TextLine id="eSc_line_f60eaf2f" custom="structure {type:default;}">
        <Coords points="956,1596 956,1618 2865,1607 2867,1585 2861,1556 954,1556 956,1596"/>
        <Baseline points="956,1596 2867,1585"/>
        <TextEquiv conf="0.9921416356796171">
          <Unicode>lonensis ordinis S. Augustini „personatus, prioratus et administrationes, quas ob-</Unicode>
        </TextEquiv>
      </TextLine>
      <TextLine id="eSc_line_5766e4d2" custom="structure {type:default;}">
        <Coords points="954,1647 954,1671 2872,1676 2876,1643 2870,1614 952,1616 954,1647"/>
        <Baseline points="954,1647 2876,1643"/>
        <TextEquiv conf="0.9996195550424507">
          <Unicode>tineant, in quibus non sint per electionem capituli instituti, saltem semel in anno</Unicode>
        </TextEquiv>
      </TextLine>
      <TextLine id="eSc_line_67a1bb89" custom="structure {type:default;}">
        <Coords points="954,1702 954,1726 2867,1722 2870,1698 2863,1669 952,1671 954,1702"/>
        <Baseline points="954,1702 2870,1698"/>
        <TextEquiv conf="0.9980548305073004">
          <Unicode>in praesentia eius et capituli exhibere teneantur, et super his villicationis suae red-</Unicode>
        </TextEquiv>
      </TextLine>
      <TextLine id="eSc_line_abce728f" custom="structure {type:default;}">
        <Coords points="954,1757 954,1779 2870,1788 2872,1757 2870,1724 954,1724 954,1757"/>
        <Baseline points="954,1757 2872,1757"/>
        <TextEquiv conf="0.9976242094100276">
          <Unicode>dere rationem“. (Perperam additum est „Pont. nostri a. 2“.) Gariel Ser. I. 203,</Unicode>
        </TextEquiv>
      </TextLine>
      <TextLine id="eSc_line_1379019a" custom="structure {type:default;}">
        <Coords points="956,1813 956,1832 1959,1841 1961,1841 2014,1828 2017,1808 2012,1779 954,1779 956,1813"/>
        <Baseline points="956,1813 2017,1808"/>
        <TextEquiv conf="0.9880344371000925">
          <Unicode>Migne 200 p. 433. — „Ex insinuatione tua“.</Unicode>
        </TextEquiv>
      </TextLine>
      <TextLine id="eSc_line_db6da220" custom="structure {type:default;}">
        <Coords points="905,1868 905,1896 2874,1896 2876,1861 2874,1830 2832,1817 2830,1817 2828,1817 2761,1828 2662,1817 2660,1817 2657,1817 2626,1828 2436,1817 2434,1817 2317,1828 2313,1828 2306,1828 2045,1819 2043,1819 2041,1819 2023,1828 2017,1832 1811,1832 1802,1828 1774,1819 1771,1819 1769,1819 1634,1828 1557,1832 903,1828 905,1868"/>
        <Baseline points="905,1868 2876,1861"/>
        <TextEquiv conf="0.9964108892849514">
          <Unicode>11318 (7559) Stephano, episcopo Meldensi, permittit. „ut. si quando monasterium ali-</Unicode>
        </TextEquiv>
      </TextLine>
      <TextLine id="eSc_line_81506c54" custom="structure {type:default;}">
        <Coords points="377,1883 377,1914 558,1914 558,1874 554,1826 406,1810 404,1810 402,1810 399,1810 373,1828 377,1883"/>
        <Baseline points="377,1883 558,1874"/>
        <TextEquiv conf="0.9990008234977722">
          <Unicode>„ 18.</Unicode>
        </TextEquiv>
      </TextLine>
      <TextLine id="eSc_line_1893a083" custom="structure {type:default;}">
        <Coords points="693,1883 693,1965 773,1965 773,1883 773,1813 693,1797 693,1883"/>
        <Baseline points="693,1883 773,1883"/>
        <TextEquiv conf="0.9999998807907104">
          <Unicode>„</Unicode>
        </TextEquiv>
      </TextLine>
      <TextLine id="eSc_line_2873e6af" custom="structure {type:default;}">
        <Coords points="954,1921 954,1945 2872,1941 2874,1916 2867,1881 952,1890 954,1921"/>
        <Baseline points="954,1921 2874,1916"/>
        <TextEquiv conf="0.9945036397260778">
          <Unicode>quod eius iurisdictionis vacare contigerit, nec fratres vel sorores in personam potu-</Unicode>
        </TextEquiv>
      </TextLine>
      <TextLine id="eSc_line_f15bad58" custom="structure {type:default;}">
        <Coords points="954,1976 954,2000 2872,1996 2874,1972 2867,1943 952,1945 954,1976"/>
        <Baseline points="954,1976 2874,1972"/>
        <TextEquiv conf="0.9985988556620586">
          <Unicode>erint idoneam concordare, fas ei sit, personam illam in abbatem vel abbatissam con-</Unicode>
        </TextEquiv>
      </TextLine>
      <TextLine id="eSc_line_d7ca97b4" custom="structure {type:default;}">
        <Coords points="956,2033 956,2055 2867,2058 2872,2027 2865,1989 954,1994 956,2033"/>
        <Baseline points="956,2033 2872,2027"/>
        <TextEquiv conf="0.996593412057853">
          <Unicode>firmare, in quam maiorem et saniorem partem capituli noverit convenire“. Theodori</Unicode>
        </TextEquiv>
      </TextLine>
      <TextLine id="eSc_line_cd8c7821" custom="structure {type:default;}">
        <Coords points="954,2089 954,2108 2604,2106 2607,2084 2600,2044 952,2055 954,2089"/>
        <Baseline points="954,2089 2607,2084"/>
        <TextEquiv conf="0.9984638855077218">
          <Unicode>Poenitentiale II. 611, Migne 200 p. 434. — „Pro dissensione fratrum“.</Unicode>
        </TextEquiv>
      </TextLine>
      <TextLine id="eSc_line_2dbc7838" custom="structure {type:default;}">
        <Coords points="908,2144 908,2170 2872,2170 2874,2135 2867,2102 905,2102 908,2144"/>
        <Baseline points="908,2144 2874,2135"/>
        <TextEquiv conf="0.9970909300972434">
          <Unicode>11319 (7560) Henrico. archiepiscopo Remensi. mandat, iudicet inter canonicos Roienses</Unicode>
        </TextEquiv>
      </TextLine>
      <TextLine id="eSc_line_8e3686b6" custom="structure {type:default;}">
        <Coords points="384,2153 384,2192 561,2181 561,2146 554,2064 501,2069 499,2069 497,2069 468,2089 433,2115 382,2115 384,2153"/>
        <Baseline points="384,2153 561,2146"/>
        <TextEquiv conf="0.9973946213722229">
          <Unicode>„ 20.</Unicode>
        </TextEquiv>
      </TextLine>
      <TextLine id="eSc_line_be3f735d" custom="structure {type:default;}">
        <Coords points="691,2155 689,2188 766,2184 768,2159 771,2095 693,2091 691,2155"/>
        <Baseline points="691,2155 768,2159"/>
        <TextEquiv conf="1.0">
          <Unicode>„</Unicode>
        </TextEquiv>
      </TextLine>
      <TextLine id="eSc_line_09b52ad6" custom="structure {type:default;}">
        <Coords points="956,2197 956,2223 2872,2223 2872,2197 2872,2168 956,2168 956,2197"/>
        <Baseline points="956,2197 2872,2197"/>
        <TextEquiv conf="0.9997285204689678">
          <Unicode>et Robertum presbyterum, qui se queratur ab illis librarum 30 damno affectum esse.</Unicode>
        </TextEquiv>
      </TextLine>
      <TextLine id="eSc_line_4c392e4a" custom="structure {type:default;}">
        <Coords points="961,2252 961,2274 2649,2267 2651,2245 2646,2217 2328,2206 2326,2206 958,2219 961,2252"/>
        <Baseline points="961,2252 2651,2245"/>
        <TextEquiv conf="0.9964096672098401">
          <Unicode>Martene Coll. II. 724. Migne 200 p. 434. — „Significat nobis Robertus“.</Unicode>
        </TextEquiv>
      </TextLine>
      <TextLine id="eSc_line_86a39cd4" custom="structure {type:default;}">
        <Coords points="910,2309 910,2334 2874,2334 2876,2303 2872,2272 908,2267 910,2309"/>
        <Baseline points="910,2309 2876,2303"/>
        <TextEquiv conf="0.9907304407602333">
          <Unicode>11320 (7561) Henrico, archiepiscopo Remensi, mandat, ut Roberti sacerdotis et cano-</Unicode>
        </TextEquiv>
      </TextLine>
      <TextLine id="eSc_line_82d8aae9" custom="structure {type:default;}">
        <Coords points="384,2318 386,2362 444,2343 517,2356 519,2356 521,2356 523,2356 541,2343 558,2356 565,2312 563,2276 543,2259 543,2256 541,2256 539,2256 499,2256 497,2256 494,2256 492,2256 463,2281 457,2285 382,2285 384,2318"/>
        <Baseline points="384,2318 565,2312"/>
        <TextEquiv conf="0.9999986886978149">
          <Unicode>„ 20.</Unicode>
        </TextEquiv>
      </TextLine>
      <TextLine id="eSc_line_1a50a17d" custom="structure {type:default;}">
        <Coords points="689,2325 689,2356 775,2345 775,2325 775,2281 689,2274 689,2325"/>
        <Baseline points="689,2325 775,2325"/>
        <TextEquiv conf="1.0">
          <Unicode>„</Unicode>
        </TextEquiv>
      </TextLine>
      <TextLine id="eSc_line_7e444c9c" custom="structure {type:default;}">
        <Coords points="961,2365 961,2387 2867,2391 2872,2360 2867,2329 989,2320 987,2320 985,2320 958,2329 961,2365"/>
        <Baseline points="961,2365 2872,2360"/>
        <TextEquiv conf="0.992245961458255">
          <Unicode>nicorum Roiensium de libris 88 controversiam discernat. Martene Coll. II. 724,</Unicode>
        </TextEquiv>
      </TextLine>
      <TextLine id="eSc_line_8a179e70" custom="structure {type:default;}">
        <Coords points="958,2418 958,2438 1374,2449 1376,2449 1480,2438 1517,2449 1520,2449 1522,2449 1891,2446 1893,2446 1937,2435 1939,2435 1948,2435 2109,2446 2112,2446 2189,2433 2191,2413 2187,2382 965,2376 963,2376 961,2376 958,2376 958,2378 956,2378 958,2418"/>
        <Baseline points="958,2418 2191,2413"/>
        <TextEquiv conf="0.9905657622278953">
          <Unicode>Migne 200 p. 435. — „Lator praesentium Robertus“.</Unicode>
        </TextEquiv>
      </TextLine>
      <TextLine id="eSc_line_e2cd9808" custom="structure {type:default;}">
        <Coords points="910,2471 910,2495 2872,2497 2874,2471 2874,2429 910,2429 910,2471"/>
        <Baseline points="910,2471 2874,2471"/>
        <TextEquiv conf="0.9962196179798671">
          <Unicode>11321 I(ohannis) episcopi Gratianopolitani feodum sine licentia eius „donari, vendi,</Unicode>
        </TextEquiv>
      </TextLine>
      <TextLine id="eSc_line_550c2ac7" custom="structure {type:default;}">
        <Coords points="384,2484 386,2524 441,2502 481,2519 488,2521 490,2521 492,2521 565,2513 565,2477 561,2424 512,2418 510,2418 508,2418 490,2426 461,2440 382,2431 384,2484"/>
        <Baseline points="384,2484 565,2477"/>
        <TextEquiv conf="0.9837331771850586">
          <Unicode>„ 27.</Unicode>
        </TextEquiv>
      </TextLine>
      <TextLine id="eSc_line_c191267a" custom="structure {type:default;}">
        <Coords points="698,2491 698,2517 766,2521 768,2491 766,2438 698,2446 698,2491"/>
        <Baseline points="698,2491 768,2491"/>
        <TextEquiv conf="1.0">
          <Unicode>„</Unicode>
        </TextEquiv>
      </TextLine>
      <TextLine id="eSc_line_9d7f80c0" custom="structure {type:default;}">
        <Coords points="961,2530 963,2566 1000,2555 1599,2559 1824,2559 1827,2559 2867,2541 2870,2517 2863,2484 958,2499 961,2530"/>
        <Baseline points="961,2530 2870,2517"/>
        <TextEquiv conf="0.997330205142498">
          <Unicode>pignorari, obligari, vel in aliquam personam religiosam vel pium locum conferri“</Unicode>
        </TextEquiv>
      </TextLine>
      <TextLine id="eSc_line_e489ae2c" custom="structure {type:default;}">
        <Coords points="961,2583 961,2603 2770,2599 2772,2579 2768,2550 1866,2539 1864,2539 1862,2539 1836,2550 1833,2552 958,2552 961,2583"/>
        <Baseline points="961,2583 2772,2579"/>
        <TextEquiv conf="0.9936228041586123">
          <Unicode>vetat. Chevalier Cartul. d&#x27;Aimoin de Chissé p. 60. — „Si quando postulatur“.</Unicode>
        </TextEquiv>
      </TextLine>
      <TextLine id="eSc_line_0d1bb03f" custom="structure {type:default;}">
        <Coords points="910,2638 910,2663 2872,2661 2874,2632 2867,2590 908,2601 910,2638"/>
        <Baseline points="910,2638 2874,2632"/>
        <TextEquiv conf="0.9985528168353167">
          <Unicode>11322 (7562) Abbati et fratribus Cluniacensibus significat, electionem Raimundi, abbatis</Unicode>
        </TextEquiv>
      </TextLine>
      <TextLine id="eSc_line_4ee32dee" custom="structure {type:default;}">
        <Coords points="351,2736 393,2749 395,2749 397,2749 565,2740 565,2643 565,2585 510,2583 508,2581 494,2568 494,2566 492,2566 490,2566 421,2566 419,2566 417,2566 415,2566 406,2572 395,2583 353,2570 351,2643 351,2736"/>
        <Baseline points="351,2643 565,2643"/>
        <TextEquiv conf="0.9386785924434662">
          <Unicode>„„„„</Unicode>
        </TextEquiv>
      </TextLine>
      <TextLine id="eSc_line_eedcbef3" custom="structure {type:default;}">
        <Coords points="695,2654 695,2714 766,2731 768,2654 768,2614 695,2614 695,2654"/>
        <Baseline points="695,2654 768,2654"/>
        <TextEquiv conf="1.0">
          <Unicode>„</Unicode>
        </TextEquiv>
      </TextLine>
      <TextLine id="eSc_line_dca4b07c" custom="structure {type:default;}">
        <Coords points="954,2691 954,2716 2870,2711 2872,2687 2865,2656 952,2656 954,2691"/>
        <Baseline points="954,2691 2872,2687"/>
        <TextEquiv conf="0.9969787460634079">
          <Unicode>S. Benedicti Padilironensis, „propter itineris difficultatem et schismaticorum saevien-</Unicode>
        </TextEquiv>
      </TextLine>
      <TextLine id="eSc_line_4d69ee46" custom="structure {type:default;}">
        <Coords points="954,2747 954,2771 2872,2767 2874,2740 2867,2711 952,2716 954,2747"/>
        <Baseline points="954,2747 2874,2740"/>
        <TextEquiv conf="0.9935403480587235">
          <Unicode>tium feritatem“ ab Ildebrando. presbytero card. basilicae XII apostolorum, aliisque</Unicode>
        </TextEquiv>
      </TextLine>
      <TextLine id="eSc_line_aacf2922" custom="structure {type:default;}">
        <Coords points="956,2800 954,2820 2867,2828 2872,2804 2870,2771 956,2767 956,2800"/>
        <Baseline points="956,2800 2872,2804"/>
        <TextEquiv conf="0.9972167008063373">
          <Unicode>confirmatam, a sese roboratam esse, salvis iuribus Cluniacensibus. Bull. Clun. p. 72,</Unicode>
        </TextEquiv>
      </TextLine>
      <TextLine id="eSc_line_06cc9a4f" custom="structure {type:default;}">
        <Coords points="958,2859 958,2875 2068,2884 2070,2884 2072,2884 2121,2870 2121,2855 2112,2813 2068,2826 1840,2826 1824,2815 1822,2813 1820,2813 1818,2813 1816,2813 1813,2813 1807,2815 1780,2824 1760,2815 1754,2813 1752,2813 1749,2813 1696,2815 1584,2824 1557,2817 1542,2813 1539,2813 1537,2813 1535,2813 1533,2813 1526,2817 1509,2828 1389,2828 1378,2820 1374,2815 1372,2815 1369,2815 1367,2815 1338,2820 1292,2826 1243,2820 1199,2815 1197,2815 956,2822 958,2859"/>
        <Baseline points="958,2859 2121,2855"/>
        <TextEquiv conf="0.9936269596219063">
          <Unicode>Migne 200 p. 435. — „Venerabilis frater noster“.</Unicode>
        </TextEquiv>
      </TextLine>
      <TextLine id="eSc_line_153756a7" custom="structure {type:default;}">
        <Coords points="910,2912 910,2945 2872,2930 2874,2906 2870,2873 2664,2859 2662,2859 2516,2868 2498,2857 2496,2857 2494,2857 2220,2857 2218,2857 2216,2857 2185,2868 2171,2873 1816,2866 1604,2864 1601,2864 1577,2866 1493,2875 1420,2866 1405,2864 1402,2864 1376,2864 1230,2875 1190,2864 1179,2862 1177,2862 1175,2862 1142,2864 1025,2875 908,2864 910,2912"/>
        <Baseline points="910,2912 2874,2906"/>
        <TextEquiv conf="0.9896119407245091">
          <Unicode>11323 (7563) Abbati S. Remigii Remensis mandat, ut iudicet inter albatem S. lohannis</Unicode>
        </TextEquiv>
      </TextLine>
      <TextLine id="eSc_line_3c1eea01" custom="structure {type:default;}">
        <Coords points="377,2928 377,2976 470,2961 492,2974 494,2974 497,2974 499,2974 565,2970 565,2919 556,2846 490,2850 488,2850 486,2850 477,2857 457,2868 439,2862 417,2855 415,2855 413,2855 410,2855 373,2868 377,2928"/>
        <Baseline points="377,2928 565,2919"/>
        <TextEquiv conf="0.9864917000134786">
          <Unicode>„ „</Unicode>
        </TextEquiv>
      </TextLine>
      <TextLine id="eSc_line_52e338c0" custom="structure {type:default;}">
        <Coords points="691,2932 691,2987 775,2970 775,2932 775,2855 744,2846 742,2846 740,2846 737,2846 735,2846 735,2848 718,2864 715,2868 691,2868 691,2932"/>
        <Baseline points="691,2932 775,2932"/>
        <TextEquiv conf="1.0">
          <Unicode>„</Unicode>
        </TextEquiv>
      </TextLine>
      <TextLine id="eSc_line_fc430c63" custom="structure {type:default;}">
        <Coords points="954,2965 954,2992 2867,2994 2872,2959 2865,2928 952,2934 954,2965"/>
        <Baseline points="954,2965 2872,2959"/>
        <TextEquiv conf="0.9959860594966744">
          <Unicode>de Vineis et eum, quem deiecerit, presbyterum. Martene Coll. II. 725, Migne 200</Unicode>
        </TextEquiv>
      </TextLine>
      <TextLine id="eSc_line_47d82ca2" custom="structure {type:default;}">
        <Coords points="956,3025 956,3051 1219,3043 1237,3047 1254,3054 1257,3054 1259,3054 1292,3047 1325,3040 1365,3045 1407,3051 1409,3051 1862,3049 1864,3049 1911,3036 1911,3018 1906,2990 954,2987 956,3025"/>
        <Baseline points="956,3025 1911,3018"/>
        <TextEquiv conf="0.9989504921130645">
          <Unicode>p. 436. — „Ex transmissa conquestione“.</Unicode>
        </TextEquiv>
      </TextLine>
      <TextLine id="eSc_line_0c26e1cd" custom="structure {type:default;}">
        <Coords points="905,3078 905,3104 2872,3093 2872,3071 2867,3036 2710,3025 2708,3025 2459,3034 2368,3036 2335,3034 2262,3025 2260,3025 2258,3025 2255,3025 2244,3034 2238,3036 2145,3032 2012,3027 2010,3027 1986,3032 1957,3040 1657,3040 1612,3032 1590,3027 1588,3027 1562,3032 1491,3040 1155,3029 1133,3029 1131,3029 1126,3029 1058,3040 903,3029 905,3078"/>
        <Baseline points="905,3078 2872,3071"/>
        <TextEquiv conf="0.9989388024105745">
          <Unicode>11324 (7564) Henrico, archiepiscopo Remensi, et eius suffraganeis mandat, ut Drogonem</Unicode>
        </TextEquiv>
      </TextLine>
      <TextLine id="eSc_line_d84a1840" custom="structure {type:default;}">
        <Coords points="377,3091 382,3129 472,3104 567,3120 567,3082 563,3021 488,3003 486,3003 483,3003 481,3003 481,3005 472,3014 463,3023 439,3012 415,3001 413,3001 410,3001 373,3005 377,3091"/>
        <Baseline points="377,3091 567,3082"/>
        <TextEquiv conf="0.999383270740509">
          <Unicode>„ 5.</Unicode>
        </TextEquiv>
      </TextLine>
      <TextLine id="eSc_line_c6acb51c" custom="structure {type:default;}">
        <Coords points="698,3096 698,3115 775,3118 777,3096 777,3047 735,3036 733,3036 731,3036 729,3036 698,3047 698,3096"/>
        <Baseline points="698,3096 777,3096"/>
        <TextEquiv conf="0.9999319314956665">
          <Unicode>„</Unicode>
        </TextEquiv>
      </TextLine>
      <TextLine id="eSc_line_8b28fef9" custom="structure {type:default;}">
        <Coords points="961,3133 961,3162 2867,3146 2870,3122 2863,3091 958,3100 961,3133"/>
        <Baseline points="961,3133 2870,3122"/>
        <TextEquiv conf="0.9964641944154516">
          <Unicode>„illum schismaticum, Lugdunensis ecclesiae violentum et improbum occupatorem“</Unicode>
        </TextEquiv>
      </TextLine>
      <TextLine id="eSc_line_d2681b7c" custom="structure {type:default;}">
        <Coords points="954,3184 954,3208 1555,3219 1557,3219 1654,3208 1659,3208 1681,3208 2163,3217 2165,3217 2872,3204 2872,3177 2865,3144 952,3155 954,3184"/>
        <Baseline points="954,3184 2872,3177"/>
        <TextEquiv conf="0.9989581965420344">
          <Unicode>excommunicent. Gàichardum, archiepiscopum Lugdunensem, commendat. Martene</Unicode>
        </TextEquiv>
      </TextLine>
      <TextLine id="eSc_line_fbca7f09" custom="structure {type:default;}">
        <Coords points="954,3239 954,3266 2803,3259 2805,3233 2799,3204 952,3208 954,3239"/>
        <Baseline points="954,3239 2805,3233"/>
        <TextEquiv conf="0.9943557452214392">
          <Unicode>Coll. II. 726, Bouquet Rec. XV. 851, Migne 200 p. 437. — „Quam graviter et“.</Unicode>
        </TextEquiv>
      </TextLine>
      <TextLine id="eSc_line_e6ca1e55" custom="structure {type:default;}">
        <Coords points="910,3301 910,3323 2867,3312 2870,3290 2863,3252 908,3263 910,3301"/>
        <Baseline points="910,3301 2870,3290"/>
        <TextEquiv conf="0.9991428753997706">
          <Unicode>11325 (7965) Henrico, archiepiscopo Remensi, mandat, ut homines quosdam a (Gui-</Unicode>
        </TextEquiv>
      </TextLine>
      <TextLine id="eSc_line_35934281" custom="structure {type:default;}">
        <Coords points="386,3308 386,3339 567,3334 567,3299 558,3237 457,3268 384,3268 386,3308"/>
        <Baseline points="386,3308 567,3299"/>
        <TextEquiv conf="0.9999906301498414">
          <Unicode>„ 10.</Unicode>
        </TextEquiv>
      </TextLine>
      <TextLine id="eSc_line_346985e6" custom="structure {type:default;}">
        <Coords points="687,3314 687,3387 784,3387 784,3312 779,3266 684,3263 687,3314"/>
        <Baseline points="687,3314 784,3312"/>
        <TextEquiv conf="1.0">
          <Unicode>„</Unicode>
        </TextEquiv>
      </TextLine>
      <TextLine id="eSc_line_73c515d7" custom="structure {type:default;}">
        <Coords points="961,3352 961,3374 2867,3385 2870,3352 2870,3319 961,3316 961,3352"/>
        <Baseline points="961,3352 2870,3352"/>
        <TextEquiv conf="0.9981067296935291">
          <Unicode>done) episcopo Catalaunensi inique excommunicatos absolvat. Martene Coll. II. 727,</Unicode>
        </TextEquiv>
      </TextLine>
      <TextLine id="eSc_line_0698b15f" custom="structure {type:default;}">
        <Coords points="961,3405 961,3431 2021,3427 2021,3405 2021,3376 961,3367 961,3405"/>
        <Baseline points="961,3405 2021,3405"/>
        <TextEquiv conf="0.9999989696911403">
          <Unicode>Migne 200 p. 438. — „Suggestum nobis est“.</Unicode>
        </TextEquiv>
      </TextLine>
      <TextLine id="eSc_line_d0ac5fd2" custom="structure {type:default;}">
        <Coords points="912,3462 912,3493 2867,3486 2867,3453 2861,3411 910,3425 912,3462"/>
        <Baseline points="912,3462 2867,3453"/>
        <TextEquiv conf="0.9970327594700982">
          <Unicode>11326 (7566) Henrico, archiepiscopo Remensi, mandat, ut controversiam Hugonis clerici</Unicode>
        </TextEquiv>
      </TextLine>
      <TextLine id="eSc_line_d74ff2fc" custom="structure {type:default;}">
        <Coords points="382,3475 384,3539 505,3520 567,3533 570,3469 563,3409 494,3411 492,3411 490,3411 490,3414 488,3416 472,3429 380,3427 382,3475"/>
        <Baseline points="382,3475 570,3469"/>
        <TextEquiv conf="0.9999515652656555">
          <Unicode>„ 13.</Unicode>
        </TextEquiv>
      </TextLine>
      <TextLine id="eSc_line_c3ab5794" custom="structure {type:default;}">
        <Coords points="680,3531 777,3557 782,3480 775,3387 724,3420 682,3407 680,3480 680,3531"/>
        <Baseline points="680,3480 782,3480"/>
        <TextEquiv conf="0.8981537818908691">
          <Unicode>„</Unicode>
        </TextEquiv>
      </TextLine>
      <TextLine id="eSc_line_8851648f" custom="structure {type:default;}">
        <Coords points="958,3515 958,3590 1060,3588 1062,3588 1157,3562 1190,3586 1193,3586 1195,3586 1197,3586 1199,3586 1201,3586 1232,3564 1272,3581 1274,3581 1277,3581 1279,3581 1319,3568 1389,3584 1396,3584 1398,3584 1409,3584 1597,3555 1683,3555 1729,3577 1732,3577 1734,3577 1736,3577 1745,3577 1807,3566 1842,3575 1869,3581 1871,3581 1873,3581 1875,3581 1877,3581 1889,3575 1893,3570 1897,3575 1915,3586 1917,3586 1919,3586 1922,3588 2003,3588 2003,3586 2006,3586 2032,3570 2037,3568 2041,3570 2052,3579 2054,3579 2056,3579 2059,3579 2061,3579 2090,3570 2138,3555 2229,3564 2231,3564 2233,3564 2275,3553 2489,3553 2518,3562 2582,3584 2585,3584 2587,3584 2699,3559 2719,3555 2728,3557 2786,3584 2788,3584 2790,3584 2792,3584 2870,3555 2870,3509 2863,3480 956,3484 958,3515"/>
        <Baseline points="958,3515 2870,3509"/>
        <TextEquiv conf="0.9635161870512469">
          <Unicode>et Hiencclimi clerici de Csuisern. wisi Mesio) episcopus Morinensis disceptaverit. ipse</Unicode>
        </TextEquiv>
      </TextLine>
    </TextRegion>
    <TextRegion id="eSc_textblock_ed35a3f3"  custom="structure {type:default;}">
      <Coords points="1327,159 2070,167 2079,245 1120,253 1137,167 1327,159"/>
      <TextLine id="eSc_line_b67edbf0" custom="structure {type:default;}">
        <Coords points="1984,165 1981,165 1979,165 1957,178 1931,165 1913,165 1891,181 1634,181 1612,165 1610,165 1608,165 1606,165 1533,183 1515,167 1515,165 1513,165 1511,165 1365,165 1363,165 1279,176 1166,167 1164,167 1162,167 1159,167 1137,183 1140,234 1140,253 1360,267 1363,267 1422,256 1440,253 1458,256 1506,265 1509,265 1511,265 1535,256 1551,251 1559,256 1570,265 1573,265 1575,265 1577,265 1637,258 1696,249 1705,258 1707,258 1707,260 1710,260 1712,260 1824,262 1827,262 1829,262 1842,258 1871,247 1886,258 1889,260 1891,260 1893,260 1895,260 2056,258 2056,225 2052,181 1986,165 1984,165"/>
        <Baseline points="1140,234 2056,225"/>
        <TextEquiv conf="0.9999960374832153">
          <Unicode>ALEXANDER III. 1159—1181.</Unicode>
        </TextEquiv>
      </TextLine>
    </TextRegion>
  </Page>
</PcGts>
